    .section .rodata
    .global Chapter_04_Line_0003_Compressed
    .align  2

Chapter_04_Line_0003_Compressed:

    .byte   0x1, 0x0, 0x0, 0x0
    .word   0x00D10C00  @ Mid-C ~13379.000000
    .word   0, 74388

    .byte    -15, 0x02, 0x42, 0xFB, 0xD7, 0xF9, 0x76, 0x8C, 0x4C, 0x54, 0xA4, 0x6A, 0xB4, 0x13, 0x4E, 0xD0
    .byte   0xC2, 0x30, 0x23, 0xDC, 0x1E, 0x34, 0xDE, 0x42, 0xCD, 0x33, 0xEE, 0x03, 0xCB, 0x14, 0x42, 0x05
    .byte   0x3B,  -17, 0x0D, 0x24, 0x0F, 0x4F, 0x9C, 0x76, 0x4D, 0x21, 0xA9, 0xD6, 0x50, 0x2D, 0xDD, 0xE5
    .byte   0x6E, 0xC1, 0xCB, 0xB3, 0x53, 0x42, 0xDC, 0xCD, 0x45, 0x3E, 0xEC, 0xE2, 0x22, 0x3D, 0xC2, 0x0E
    .byte   0x44, 0xDF,    6, 0x0D, 0x03, 0xEF, 0x3D, 0xD1, 0x10, 0x31, 0xEF, 0xD3, 0x3F, 0xF3, 0xED, 0xCD
    .byte   0x33, 0x24, 0x1D, 0xDE, 0x23, 0x1D, 0x22, 0xDC, 0x33, 0x0E, 0xF4, 0x2B, 0xE4, 0x31, 0xCF, 0xFD
    .byte   0xF3, 0x5D, 0xD2,   -2, 0x0E, 0xE3, 0x4E, 0xDD, 0x20, 0xD1, 0x32, 0xED, 0x22, 0x3E, 0xC0, 0xEF
    .byte   0x13, 0x41, 0xDB, 0x24, 0x1F, 0x43, 0x0C, 0xD5, 0x5C, 0xC2, 0x2C, 0xC4, 0x6D, 0xB1, 0x32, 0xBD
    .byte   0x5E, 0xC2, 0x43, 0xBE,   -9, 0x0D, 0xCB, 0x34, 0xDD, 0x44, 0xCD, 0x43, 0xCC, 0xCE, 0x35, 0x77
    .byte   0x73, 0xBB, 0x9B, 0x55, 0x2C, 0xBD, 0x26, 0x76, 0xEB, 0x9A, 0xC3, 0x45, 0x3A, 0xAB, 0x45, 0x4E
    .byte   0xCC, 0xCE, 0x34, 0xEC, 0xBB,  -93, 0x01, 0x2E, 0xEE, 0xCD, 0x42, 0x35, 0x77, 0x76, 0x3C, 0xB9
    .byte   0xC4, 0xED, 0xC0, 0x22, 0x66, 0x52, 0xAB, 0xDD, 0x14, 0xDE, 0xBC, 0x03, 0x32, 0x3C, 0xB2, 0x55
    .byte   0x3D, 0xDC, 0xBC, 0x22, 0x1C, 0xCC,  -67, 0x03, 0x13, 0xFD, 0xCA, 0x02, 0xD3, 0x04, 0xD4, 0x77
    .byte   0x74, 0x42, 0xAB, 0xE4, 0xEB, 0xCE, 0x43, 0x45, 0x5C, 0xC1, 0xD1, 0x0D, 0xDD, 0xCE, 0x11, 0xE0
    .byte   0xE0, 0x42, 0x22, 0x21, 0xCD, 0xDD, 0xDC,  -39, 0x02, 0xCE, 0x10, 0xFD, 0xEE, 0x2C, 0xCE, 0xEE
    .byte   0x34, 0xF6, 0x65, 0x75, 0x3C, 0xCD, 0xC4, 0xCC, 0xDD, 0x33, 0x65, 0x32, 0xA2, 0x3D, 0x3C, 0xCD
    .byte   0xBE, 0x02, 0x2D, 0x22, 0x33, 0x41, 0xCC, 0xCD,  -17, 0x0E, 0xEE, 0xBC, 0xDE, 0x1E, 0x2D, 0xE2
    .byte   0xDF, 0x1C, 0x34, 0xE2, 0x77, 0x67, 0x3F, 0x09, 0x02, 0x1C, 0xA2, 0xE3, 0x55, 0x52, 0xDC, 0x23
    .byte   0xDF, 0xBC, 0xDC, 0x2D, 0x21, 0xB5, 0x44, 0x3D, 0x0D,   12, 0x0C, 0xDE, 0xDC, 0xCD, 0xEE, 0xDD
    .byte   0x10, 0xD3, 0x4D, 0x0A, 0x15, 0xD2, 0x37, 0x75, 0x74, 0x40, 0xA0, 0x0C, 0xBB, 0xE2, 0x33, 0x55
    .byte   0x3D, 0x04, 0x2C, 0xCC, 0xDC, 0xDD, 0xEE, 0xC3, 0x43, 0x4D,   26, 0x00, 0xDF, 0xCD, 0xCB, 0xDC
    .byte   0xDD, 0xED, 0x03, 0x23, 0x0C, 0xFD, 0xE3, 0xEE, 0x47, 0x76, 0x74, 0x3E, 0xB4, 0xEC, 0xAA, 0xF2
    .byte   0x53, 0x42, 0x22, 0x35, 0x2C, 0xCB, 0xDE, 0xC1, 0xCC, 0xE1, 0x43,   17, 0x01, 0xE0, 0xEF, 0xEC
    .byte   0xBC, 0xCE, 0xDC, 0xDE, 0xE2, 0x25, 0x0C, 0xC2, 0x4D, 0x2E, 0x47, 0x56, 0x73, 0x4E, 0xF5, 0xDB
    .byte   0x9C, 0x10, 0x5E, 0x30, 0x24, 0x45, 0xCD, 0xFB, 0xED, 0xDD, 0xBE, 0x0F,    3, 0x0F, 0x12, 0xE2
    .byte   0x2D, 0xDC, 0xCD, 0xBB, 0xEE, 0xD1, 0x23, 0x31, 0x2E, 0xEC, 0xF2, 0xF4, 0x77, 0x55, 0x43, 0x30
    .byte   0x34, 0xBA, 0xCD, 0x23, 0xE3, 0xF2, 0x44, 0x4F, 0xED, 0xEE, 0xDD, 0xBC, 0xCD,    1, 0x0F, 0xEC
    .byte   0x03, 0x33, 0xFC, 0xCC, 0xDD, 0xCC, 0xCE, 0xE3, 0x23, 0x3C, 0x12, 0xC2, 0xFE, 0x56, 0x66, 0x54
    .byte   0x43, 0xF5, 0xEC, 0xCB, 0xEE, 0xE2, 0xE2, 0x23, 0x43, 0x22, 0xFE, 0x1C, 0xDD, 0xBD,   10, 0x0D
    .byte   0xED, 0xD2, 0x32, 0x3D, 0xCE, 0xC0, 0xCB, 0xDC, 0xEF, 0x23, 0x2F, 0xD3, 0xD2, 0xFD, 0x43, 0x65
    .byte   0x56, 0x24, 0x44, 0x4E, 0xCC, 0xED, 0x2D, 0x01, 0xD3, 0x33, 0x3F, 0xE1, 0x01, 0xEC, 0xDC,   21
    .byte   0x0E, 0xDF, 0xDD, 0xF2, 0x20, 0xDD, 0xDD, 0xDC, 0xDD, 0xDD, 0x20, 0x31, 0xEF, 0x3E, 0x12, 0xE2
    .byte   0x25, 0x45, 0x42, 0x62, 0x35, 0x2E, 0xEC, 0x3F, 0xD2, 0xED, 0x11, 0x33, 0x1E, 0xD2, 0xFF, 0xEE
    .byte     34, 0x0E, 0xDD, 0xFD, 0x0C, 0x1E, 0x11, 0xDD, 0xED, 0x1D, 0xCE, 0xDF, 0x13, 0x2F, 0xFD, 0x41
    .byte   0x14, 0xB5, 0xC4, 0x43, 0x4D, 0x51, 0x53, 0x5D, 0xE2, 0xE4, 0xF3, 0xC1, 0xDE, 0x4E, 0xEE, 0xD0
    .byte   0x1D,   53, 0x0D, 0xC1, 0xD2, 0x0C, 0xED, 0x2D, 0x2D, 0xD2, 0xB5, 0xCC, 0x5A, 0x5C, 0xC5, 0xC5
    .byte   0xA4, 0x2C, 0x4C, 0x6A, 0x5C, 0x43, 0x05, 0xE3, 0x33, 0xE6, 0xB5, 0xDE, 0x4E, 0x13, 0xFE, 0x3D
    .byte   0x3E, 0x2C,   55, 0x0C, 0x0E, 0x1D, 0x2B, 0x5C, 0xC7, 0x86, 0xBF, 0x3F, 0xC2, 0xB6, 0x97, 0xA2
    .byte   0x68, 0x78, 0x73, 0x97, 0x86, 0x1C, 0x78, 0x7C, 0xD7, 0x97, 0x96, 0x69, 0x7A, 0x54, 0xB6, 0xA7
    .byte   0xA5, 0x2B, 0x6A,   57, 0x0C, 0xD6, 0x97, 0x95, 0x58, 0x79, 0x79, 0x69, 0x7B, 0xB7, 0x87, 0x96
    .byte   0xC3, 0xCB, 0x78, 0x79, 0x79, 0x53, 0xA7, 0x87, 0xBC, 0x6B, 0x37, 0x87, 0x96, 0x4A, 0x79, 0x79
    .byte   0x62, 0xC5, 0xFB, 0x79,   44, 0x09, 0x6E, 0xB7, 0x97, 0x96, 0xDF, 0x3C, 0x5B, 0x4C, 0x13, 0xC4
    .byte   0x0A, 0x78, 0x7C, 0xC6, 0x97, 0x87, 0xBE, 0x59, 0x6E, 0xB5, 0xB4, 0xFB, 0x79, 0x78, 0x62, 0xB7
    .byte   0x97, 0xAE, 0x5B, 0x51, 0xB6,  -28, 0x05, 0xD4, 0xFD, 0x2C, 0x6B, 0x43, 0xC3, 0xFE, 0x4E, 0xD2
    .byte   0xFC, 0x6A, 0x6A, 0x42, 0xD5, 0xA7, 0x87, 0x96, 0xEC, 0x5A, 0x5C, 0x3E, 0x3D, 0xD3, 0xEF, 0x4A
    .byte   0x5D, 0xC5, 0xB6, 0xA4, 0x0C, 0x5C,   -5, 0x0D, 0x2F, 0xF1, 0xF4, 0xC4, 0xC2, 0x03, 0xE2, 0x2C
    .byte   0x4F, 0xE3, 0xDF, 0x3E, 0x2D, 0x5A, 0x6A, 0x6C, 0x13, 0xB5, 0xC4, 0xB6, 0xA5, 0xB3, 0x4B, 0x5B
    .byte   0x4C, 0x5B, 0x3D, 0xE5, 0xB5, 0xB4, 0xB5,   -8, 0x0E, 0x4B, 0x5C, 0x3E, 0x3C, 0x4C, 0x4C, 0x4D
    .byte   0xF4, 0xB5, 0xB6, 0xA6, 0xA5, 0xDE, 0x5A, 0x6A, 0x5C, 0x4D, 0xF4, 0xB5, 0xC3, 0xE1, 0xE0, 0x3B
    .byte   0x6A, 0x5F, 0xD3, 0xC4, 0xC4, 0xB5, 0xC3, 0xE2,   -3, 0x01, 0x2D, 0x3D, 0x13, 0xDE, 0x3D, 0x4D
    .byte   0x2D, 0x11, 0x21, 0xE2, 0xD3, 0xF3, 0xC4, 0xC4, 0xED, 0x4C, 0x4C, 0x3D, 0x3E, 0x3D, 0x21, 0xE1
    .byte   0x03, 0xC4, 0xC3, 0x10, 0x1F, 0xD3, 0xFD, 0x4C, 0x3E,   -5, 0x03, 0xD4, 0xC3, 0xD2, 0xF2, 0xFF
    .byte   0xE2, 0xE2, 0x2E, 0x1E, 0x2D, 0x3E, 0x10, 0x1E, 0x3D, 0x3F, 0xE1, 0xE2, 0xE3, 0xD2, 0xE3, 0xE0
    .byte   0x01, 0x0E, 0x2E, 0x3D, 0x2E, 0x2F, 0x11, 0xE0, 0x20, 0xE1,   -2, 0x01, 0x12, 0xD3, 0xE1, 0x0F
    .byte   0xE3, 0xD3, 0xD2, 0x2D, 0x2E, 0x3D, 0x3D, 0x3D, 0x22, 0xE1, 0xE2, 0xE3, 0xD2, 0xE1, 0x20, 0x11
    .byte   0xD2, 0x2E, 0x3D, 0x02, 0xFF, 0x2E, 0x10, 0xF1, 0x01, 0x1E, 0x11,   -1, 0x00, 0xF1, 0x11, 0x0F
    .byte   0xF0, 0x1F, 0x2D, 0x21, 0x01, 0xF2, 0xE1, 0xE2, 0xE2, 0x0F, 0x01, 0x1E, 0x1F, 0x2F, 0xF0, 0x1E
    .byte   0x21, 0x10, 0xE2, 0xF0, 0xF1, 0x0E, 0x2E, 0x21, 0x0F, 0xE1, 0x02, 0x11,   -2, 0x00, 0x12, 0xF0
    .byte   0x0E, 0x20, 0x1E, 0x1E, 0x21, 0xF0, 0xF0, 0xF1, 0x11, 0xE2, 0xE1, 0x10, 0x1F, 0x0F, 0x10, 0x10
    .byte   0x1F, 0xE1, 0x01, 0x2F, 0xFF, 0xF2, 0xF1, 0x0F, 0xFF, 0x00, 0x20, 0xEF, 0x12,    2, 0x00, 0x1E
    .byte   0xF0, 0x12, 0xFE, 0x1F, 0x11, 0x2F, 0xE0, 0x0F, 0x02, 0xE0, 0x10, 0xF2, 0xFF, 0xFF, 0xF2, 0xF1
    .byte   0xF0, 0xFF, 0x11, 0x0F, 0x0F, 0x11, 0xF1, 0x01, 0xF0, 0x01, 0x00, 0x0F, 0xFF, 0x20,    2, 0x0F
    .byte   0xF0, 0x01, 0x0F, 0x0F, 0x1F, 0x00, 0x11, 0xF0, 0xF1, 0xF1, 0xF0, 0x01, 0x00, 0x0F, 0x1F, 0x0F
    .byte   0x10, 0x01, 0x0F, 0x00, 0x11, 0xF0, 0xF1, 0xF0, 0x10, 0x01, 0xF1, 0x0F, 0x00, 0x00, 0x01,    2
    .byte   0x0F, 0x0F, 0x1F, 0x1F, 0x10, 0xF0, 0x1F, 0x00, 0x00, 0x01, 0xF0, 0x00, 0x0F, 0x01, 0xF1, 0x00
    .byte   0xF0, 0x00, 0x01, 0xF1, 0xF1, 0xF1, 0x0F, 0x00, 0x10, 0xF1, 0x00, 0x00, 0x00, 0x00, 0x01, 0xF0
    .byte      1, 0x0F, 0x1F, 0x00, 0x01, 0x00, 0x0F, 0xF1, 0x01, 0xF1, 0xF0, 0x00, 0x00, 0x1F, 0xF1, 0x00
    .byte   0xF1, 0xF1, 0x00, 0xF0, 0x00, 0x1F, 0x01, 0x00, 0xF1, 0x0F, 0x00, 0x01, 0x00, 0xF1, 0x00, 0x00
    .byte   0x01,    0, 0x01, 0xF1, 0x0F, 0x01, 0xF0, 0x00, 0x01, 0xF0, 0x0F, 0x11, 0x00, 0xFF, 0x10, 0xF1
    .byte   0x00, 0x00, 0xF0, 0x10, 0xF0, 0x10, 0x00, 0x00, 0x0F, 0x11, 0xF0, 0x00, 0x0F, 0x10, 0x1F, 0x00
    .byte   0x00, 0x01,    0, 0x00, 0x1F, 0x01, 0x0F, 0x00, 0x01, 0xF0, 0x00, 0xF1, 0xF1, 0x00, 0x00, 0x00
    .byte   0x00, 0x01, 0xF1, 0xF0, 0xF1, 0xF0, 0x1F, 0x10, 0x00, 0x00, 0x0F, 0x00, 0x10, 0x1F, 0xF1, 0x00
    .byte   0x00, 0x00, 0x00,    0, 0x01, 0x0F, 0x1F, 0x00, 0x00, 0x00, 0x0F, 0x10, 0x00, 0x1F, 0x00, 0x00
    .byte   0x01, 0x0F, 0x01, 0xF0, 0xF1, 0xF1, 0x00, 0x00, 0x00, 0x10, 0xFF, 0x10, 0x00, 0xF0, 0x10, 0x00
    .byte   0xF1, 0x1F, 0x00, 0x1F,    0, 0x0F, 0x1F, 0x10, 0x00, 0x01, 0xF0, 0x00, 0x00, 0x00, 0x00, 0x1F
    .byte   0x00, 0x00, 0x0F, 0x10, 0x00, 0x00, 0x00, 0xF1, 0x0F, 0x10, 0xF1, 0x00, 0x0F, 0x01, 0xF1, 0x00
    .byte   0x0F, 0x01, 0x00, 0x00, 0x00,    0, 0x01, 0xF0, 0x00, 0x00, 0x00, 0x01, 0xF0, 0x00, 0x00, 0x0F
    .byte   0x10, 0x00, 0x00, 0xF0, 0x10, 0x10, 0x0F, 0x10, 0xF0, 0x11, 0x0F, 0x25, 0x2B, 0xCE, 0x12, 0xF2
    .byte   0xED, 0x13, 0x4F, 0xCE, 0xE2, 0x22,    4, 0x0E, 0x10, 0xEE, 0x24, 0x2C, 0xD2, 0x32, 0xEF, 0xDE
    .byte   0x11, 0x21, 0x23, 0xEE, 0x02, 0x0D, 0xF1, 0xF0, 0x02, 0x11, 0xE1, 0xF1, 0x01, 0x11, 0x0E, 0xE1
    .byte   0x12, 0x1F, 0xEF, 0x02, 0x31, 0xFD, 0x02,   10, 0x0F, 0xEE, 0x11, 0x1F, 0xEF, 0xF0, 0x20, 0xEE
    .byte   0xE2, 0x21, 0x1E, 0x11, 0x22, 0x1E, 0xDE, 0x22, 0x1F, 0xFE, 0x01, 0x12, 0x12, 0xFE, 0xF2, 0x12
    .byte   0x00, 0xF1, 0x10, 0x22, 0xFF, 0xEE, 0x21, 0xFE,    2, 0x00, 0xEF, 0x21, 0xEE, 0xDE, 0x21, 0x1D
    .byte   0xDD, 0xF0, 0xF1, 0x0E, 0xE1, 0x23, 0x54, 0x44, 0x13, 0x33, 0x32, 0xFC, 0xDE, 0x02, 0xEC, 0xED
    .byte   0xEF, 0xFE, 0xED, 0xDF, 0x23, 0x20, 0xFD, 0xEE, 0xEF,  -28, 0x0D, 0xCC, 0xBD, 0xEE, 0xEF, 0x0F
    .byte   0x46, 0x76, 0x54, 0x33, 0x44, 0x3E, 0xCB, 0xCD, 0xDE, 0xCC, 0xBD, 0x02, 0xFE, 0xDF, 0x44, 0x54
    .byte   0x33, 0x33, 0x42, 0xDC, 0xCB, 0xDD, 0xCC, 0xAC, 0xCD, 0x2F, -105, 0x0C, 0xEF, 0x33, 0x12, 0x46
    .byte   0x77, 0x64, 0x32, 0x32, 0x0D, 0xBA, 0xBE, 0x2C, 0xCB, 0xCF, 0x23, 0x3F, 0xD2, 0x36, 0x53, 0x00
    .byte   0x34, 0x31, 0xCC, 0xCC, 0x0C, 0xCB, 0xBD, 0xCF, 0xDD, 0xD0, 0x2F, -107, 0x02, 0x12, 0x23, 0x67
    .byte   0x75, 0x5E, 0x43, 0x21, 0xCB, 0xAC, 0xEF, 0xEB, 0xCC, 0xD3, 0x43, 0xDC, 0xF4, 0x64, 0x3E, 0x03
    .byte   0x53, 0x2C, 0xCD, 0xCF, 0xDB, 0xBC, 0xCE, 0xDC, 0xDD, 0x03, 0x2E, 0xED, -101, 0x03, 0x34, 0x47
    .byte   0x66, 0x5F, 0x43, 0x2F, 0xDB, 0xBB, 0xF2, 0xCB, 0xCC, 0x22, 0x20, 0xDD, 0x15, 0x54, 0xFE, 0x44
    .byte   0x42, 0xDD, 0xDF, 0xFE, 0xBB, 0xBE, 0xED, 0xBC, 0xCE, 0x23, 0xFD, 0xD2, 0x34,  -76, 0x03, 0x25
    .byte   0x76, 0x6F, 0x34, 0x33, 0xDC, 0xBC, 0xDE, 0xDB, 0xCD, 0xE0, 0xFD, 0xEF, 0x22, 0x44, 0x03, 0x44
    .byte   0x4E, 0x1F, 0x10, 0xDD, 0xCC, 0xCC, 0xEC, 0xCB, 0xDD, 0xDF, 0xE1, 0x2E, 0x22, 0x34,  -69, 0x02
    .byte   0x67, 0x55, 0x33, 0x52, 0x2D, 0xCC, 0xCE, 0xED, 0xBC, 0xEF, 0xDD, 0xC0, 0x01, 0x33, 0x23, 0x44
    .byte   0x42, 0xE3, 0x21, 0xED, 0xDD, 0xCC, 0xCC, 0xDC, 0xCC, 0xCE, 0x20, 0x2F, 0xD3, 0x23, 0x33,  -61
    .byte   0x04, 0x75, 0x54, 0x25, 0x42, 0xEC, 0xEE, 0xEC, 0xCC, 0xDF, 0xDC, 0xCD, 0xF2, 0xFD, 0xE3, 0x44
    .byte   0x22, 0x32, 0x43, 0x1D, 0xE2, 0xED, 0xBC, 0xDC, 0xDB, 0xCC, 0xE1, 0xEE, 0xFF, 0x21, 0x03, 0x33
    .byte    -60, 0x06, 0x63, 0x54, 0x55, 0x01, 0x1E, 0xEE, 0xDC, 0xDD, 0xED, 0xCC, 0xCF, 0xED, 0xC1, 0x32
    .byte   0x02, 0x33, 0x32, 0x3F, 0x22, 0x20, 0xCD, 0xFD, 0xCC, 0xCD, 0xCD, 0xDD, 0xE1, 0x1E, 0xFF, 0x23
    .byte   0x13,  -64, 0x06, 0x54, 0x45, 0x54, 0x13, 0x22, 0x0D, 0xD2, 0xDE, 0xDC, 0xED, 0xEC, 0xBE, 0xE1
    .byte   0xEC, 0xF3, 0x11, 0x1F, 0x32, 0x12, 0x01, 0x1E, 0xEC, 0xDD, 0xCD, 0xCD, 0xD0, 0xEF, 0xD0, 0x21
    .byte   0x22, 0x56,  -23, 0x04, 0x56, 0x52, 0x14, 0x22, 0xFE, 0xF0, 0xFE, 0xEC, 0xEF, 0xDB, 0xCE, 0x1D
    .byte   0xCD, 0x32, 0xDE, 0xE2, 0x2F, 0xF0, 0xF1, 0x0E, 0xDE, 0xDD, 0xDC, 0xDE, 0xEE, 0xEE, 0xE2, 0x21
    .byte   0x23, 0x55, 0x35,   22, 0x05, 0x5E, 0x33, 0x4F, 0xEE, 0x13, 0xDF, 0xDE, 0x1D, 0xCD, 0xDE, 0xDD
    .byte   0xDE, 0xE0, 0xDE, 0x2E, 0x1E, 0xF2, 0xFE, 0xED, 0xED, 0xEC, 0xDD, 0xEE, 0xEE, 0xE2, 0xF0, 0xF3
    .byte   0x33, 0x55, 0x36, 0x45,   76, 0x0E, 0x43, 0xF0, 0xE0, 0x20, 0xFE, 0xFE, 0xED, 0xDC, 0xFE, 0xCE
    .byte   0xDF, 0xFD, 0xD1, 0xEE, 0xEF, 0x2F, 0xE0, 0xEE, 0xFC, 0xDC, 0xEE, 0xDD, 0xE1, 0x1F, 0xEF, 0x22
    .byte   0x22, 0x55, 0x35, 0x55, 0x40,   76, 0x04, 0xE1, 0x12, 0x11, 0x10, 0xFF, 0xFD, 0xDD, 0xDE, 0xDC
    .byte   0xEF, 0xDD, 0xED, 0x0E, 0xD0, 0xE1, 0xFE, 0xFE, 0xED, 0xDD, 0xDE, 0xDE, 0xEE, 0xF0, 0x1E, 0xF2
    .byte   0x13, 0x35, 0x44, 0x63, 0x54, 0x24,   90, 0x00, 0x20, 0x22, 0x11, 0x1E, 0x0E, 0xDD, 0xDE, 0xDC
    .byte   0xED, 0xDE, 0xDD, 0xED, 0xFD, 0xF2, 0xEF, 0xEF, 0xEE, 0xDD, 0xDE, 0xDD, 0xFE, 0xFF, 0xE0, 0x10
    .byte   0xF2, 0x25, 0x43, 0x55, 0x54, 0x24, 0x41,   88, 0x02, 0x20, 0x31, 0xF2, 0xFF, 0xED, 0xDE, 0xDC
    .byte   0xDD, 0xED, 0xDE, 0xDD, 0xED, 0xED, 0x11, 0xE0, 0xEE, 0xED, 0xDE, 0xDD, 0xDE, 0xFE, 0xF1, 0xF0
    .byte   0x20, 0x13, 0x44, 0x44, 0x55, 0x43, 0x43, 0x32,   93, 0x01, 0x22, 0x22, 0x21, 0xEF, 0xDD, 0xED
    .byte   0xCE, 0xDD, 0xDD, 0xDD, 0xDE, 0xDD, 0x0E, 0x0E, 0x0E, 0xDE, 0xDD, 0xDE, 0xDE, 0x0E, 0xFF, 0xF0
    .byte   0xF0, 0x22, 0x23, 0x54, 0x45, 0x54, 0x42, 0x33, 0x12,   86, 0x02, 0x21, 0x32, 0xFE, 0xFF, 0xDD
    .byte   0xED, 0xDE, 0xCD, 0xEC, 0xED, 0xDD, 0xEE, 0x1E, 0xFE, 0xFF, 0xDD, 0xDE, 0xEE, 0xEE, 0x11, 0x20
    .byte   0x10, 0xE0, 0xE0, 0x12, 0x34, 0x44, 0x44, 0x33, 0x33, 0x33,   69, 0x02, 0x32, 0x32, 0x02, 0x0F
    .byte   0xEE, 0xED, 0xFD, 0xED, 0xDE, 0xDE, 0xDD, 0xDE, 0xEE, 0xDF, 0xDE, 0xDD, 0xDD, 0xDE, 0xDE, 0xEF
    .byte   0xEF, 0xEF, 0xEF, 0x0E, 0x12, 0x34, 0x34, 0x44, 0x44, 0x43, 0x43,   67, 0x04, 0x33, 0x32, 0x22
    .byte   0xF0, 0xFE, 0xFE, 0xEE, 0xED, 0xDD, 0xDD, 0xCC, 0xDC, 0xDD, 0xED, 0xDC, 0xED, 0xDD, 0xEE, 0xD0
    .byte   0xFE, 0x01, 0x0F, 0x00, 0x0F, 0xF2, 0x34, 0x34, 0x44, 0x44, 0x43, 0x44,   70, 0x04, 0x33, 0x32
    .byte   0x12, 0xF0, 0x0E, 0xFE, 0xFD, 0xED, 0xDD, 0xDC, 0xDC, 0xCD, 0xDD, 0xED, 0xDD, 0xDD, 0xED, 0xED
    .byte   0xEF, 0xE0, 0xF0, 0xF0, 0x0F, 0x00, 0x02, 0x23, 0x43, 0x44, 0x44, 0x44, 0x43,   69, 0x04, 0x33
    .byte   0x32, 0x21, 0x10, 0x0E, 0xFE, 0xEE, 0xDE, 0xDE, 0xDD, 0xCD, 0xCC, 0xDD, 0xDD, 0xDD, 0xDD, 0xED
    .byte   0xEE, 0xDE, 0xFF, 0xFF, 0xF0, 0xE0, 0xFF, 0x01, 0x23, 0x34, 0x44, 0x44, 0x44, 0x34,   57, 0x03
    .byte   0x43, 0x33, 0x22, 0x21, 0x0E, 0x0E, 0xEE, 0xEE, 0xDD, 0xED, 0xCD, 0xCC, 0xCD, 0xED, 0xED, 0xDD
    .byte   0xDE, 0xDE, 0xDE, 0xFF, 0xF0, 0xFF, 0x0E, 0xFF, 0xE0, 0x12, 0x34, 0x34, 0x44, 0x44, 0x43,   45
    .byte   0x03, 0x43, 0x43, 0x32, 0x20, 0x1F, 0xEF, 0xFE, 0xEE, 0xDE, 0xDD, 0xDD, 0xCC, 0xDC, 0xDD, 0xED
    .byte   0xDD, 0xDE, 0xDD, 0xEE, 0xEE, 0xFF, 0x0F, 0xFF, 0xEF, 0xFE, 0x11, 0x23, 0x44, 0x44, 0x34, 0x44
    .byte     36, 0x03, 0x43, 0x34, 0x33, 0x22, 0x01, 0xFF, 0xEF, 0xEE, 0xED, 0xED, 0xDD, 0xDC, 0xCC, 0xDD
    .byte   0xDD, 0xED, 0xDD, 0xDE, 0xDE, 0xDF, 0xEF, 0x10, 0x0F, 0xEF, 0xEF, 0xFF, 0x12, 0x34, 0x44, 0x44
    .byte   0x43,   22, 0x04, 0x33, 0x43, 0x43, 0x31, 0x21, 0x10, 0xFE, 0xEE, 0xEE, 0xED, 0xDD, 0xDD, 0xCC
    .byte   0xCD, 0xDD, 0xED, 0xDD, 0xED, 0xDE, 0xDE, 0xFE, 0xF0, 0xFF, 0xE0, 0xE0, 0xEF, 0xFF, 0x23, 0x44
    .byte   0x44, 0x44,    8, 0x04, 0x43, 0x42, 0x43, 0x33, 0x22, 0x11, 0x0F, 0xEE, 0xEF, 0xDE, 0xDE, 0xDD
    .byte   0xDC, 0xCD, 0xCD, 0xDD, 0xED, 0xDD, 0xED, 0xEE, 0xDE, 0xEF, 0xF0, 0xE0, 0xE0, 0xFE, 0x0F, 0x02
    .byte   0x24, 0x44, 0x45,   -5, 0x04, 0x44, 0x33, 0x42, 0x43, 0x31, 0x21, 0x10, 0xFE, 0xEE, 0xEE, 0xDE
    .byte   0xDD, 0xDD, 0xCC, 0xCD, 0xDD, 0xDE, 0xDD, 0xED, 0xEE, 0xDE, 0xEE, 0xFF, 0xF0, 0xE0, 0xE0, 0xE0
    .byte   0xE0, 0x23, 0x44, 0x44,  -21, 0x04, 0x44, 0x43, 0x34, 0x33, 0x33, 0x22, 0x11, 0x0E, 0xEF, 0xEE
    .byte   0xDE, 0xDE, 0xDD, 0xCD, 0xCC, 0xDD, 0xDD, 0xED, 0xDE, 0xDE, 0xDE, 0xED, 0xFF, 0xFF, 0x0E, 0xFF
    .byte   0xE0, 0xE0, 0xF2, 0x33, 0x45,  -37, 0x04, 0x53, 0x44, 0x33, 0x34, 0x33, 0x23, 0x02, 0x0F, 0xFE
    .byte   0xEE, 0xED, 0xEE, 0xDD, 0xDC, 0xDC, 0xCD, 0xDD, 0xED, 0xED, 0xDE, 0xDD, 0xEE, 0xDF, 0xEF, 0xF0
    .byte   0xE0, 0xFF, 0xEF, 0xF1, 0x23, 0x44,  -54, 0x04, 0x45, 0x34, 0x43, 0x34, 0x33, 0x33, 0x21, 0x20
    .byte   0xFE, 0xFE, 0xEE, 0xDE, 0xDE, 0xDC, 0xDC, 0xDC, 0xDD, 0xDE, 0xDD, 0xDD, 0xFD, 0xDD, 0xEE, 0xEE
    .byte   0x1F, 0x02, 0xFF, 0xEE, 0xE0, 0x13, 0x34,  -65, 0x04, 0x45, 0x34, 0x34, 0x43, 0x43, 0x33, 0x22
    .byte   0x2F, 0x2F, 0xEE, 0xEE, 0xDE, 0xDE, 0xDD, 0xDC, 0xCD, 0xCE, 0xDD, 0xED, 0xED, 0xDE, 0xDD, 0xDE
    .byte   0xEF, 0xEF, 0xFF, 0x00, 0xFE, 0xEF, 0x02, 0x24,  -79, 0x04, 0x45, 0x44, 0x34, 0x43, 0x43, 0x33
    .byte   0x32, 0x21, 0x2F, 0xFE, 0xEE, 0xDE, 0xDE, 0xDD, 0xDC, 0xDC, 0xCD, 0xDE, 0xDE, 0xDE, 0xDE, 0xDE
    .byte   0xDD, 0xEE, 0xE0, 0x1F, 0x0F, 0xFE, 0xEF, 0xFF, 0x33,  -85, 0x04, 0x44, 0x54, 0x34, 0x44, 0x33
    .byte   0x43, 0x31, 0x22, 0x01, 0x0E, 0xEE, 0xEE, 0xDE, 0xDD, 0xDC, 0xDC, 0xCD, 0xDD, 0xDE, 0xED, 0xDE
    .byte   0xDE, 0xDE, 0xEE, 0xEE, 0xFF, 0xFF, 0xFE, 0x0E, 0xF0, 0x24,  -85, 0x04, 0x44, 0x45, 0x34, 0x43
    .byte   0x43, 0x43, 0x23, 0x02, 0x11, 0x0E, 0xFE, 0xED, 0xED, 0xDD, 0xDC, 0xCD, 0xCC, 0xED, 0xDD, 0xED
    .byte   0xED, 0xED, 0xED, 0xED, 0x0E, 0xE2, 0x11, 0x0E, 0xFF, 0x03, 0x44,  -58, 0x05, 0x36, 0x44, 0x43
    .byte   0x33, 0x34, 0xD3, 0x12, 0x3E, 0x1E, 0xED, 0xCD, 0xED, 0xCC, 0xCC, 0xCD, 0xDE, 0xEE, 0x11, 0xE1
    .byte   0x0E, 0xEE, 0xD1, 0xDD, 0x1E, 0xDE, 0x0E, 0xEE, 0x02, 0x0F, 0x15, 0x53,  -31, 0x05, 0x65, 0x23
    .byte   0x43, 0x21, 0x02, 0x32, 0x0F, 0xE1, 0x2C, 0xCE, 0xDE, 0xCB, 0xDE, 0xDC, 0xDE, 0x2E, 0xD1, 0x22
    .byte   0x2F, 0xDE, 0x1D, 0xDC, 0xE2, 0xDD, 0xDE, 0x1E, 0xD0, 0x20, 0x12, 0x54, 0x35,    0, 0x05, 0x53
    .byte   0x44, 0x22, 0x20, 0x21, 0x21, 0xEF, 0xFE, 0xDC, 0xED, 0xCD, 0xBE, 0xEC, 0xDE, 0xF1, 0xDF, 0x22
    .byte   0x1E, 0xF0, 0xDE, 0xDD, 0xDE, 0xDE, 0xDD, 0xFF, 0xEF, 0xE2, 0x20, 0x25, 0x44, 0x55,   37, 0x05
    .byte   0x24, 0x42, 0x21, 0x12, 0x11, 0x00, 0xE0, 0xEC, 0xDE, 0xCD, 0xBD, 0xED, 0xCD, 0x0E, 0xEE, 0xE3
    .byte   0x0E, 0x0E, 0xFE, 0xDD, 0xDE, 0xDD, 0xDD, 0x11, 0xE0, 0xF2, 0x20, 0x34, 0x53, 0x55, 0x64,   68
    .byte   0x04, 0x42, 0x2F, 0x11, 0x01, 0x0F, 0xFE, 0x0C, 0xDD, 0xDC, 0xCC, 0xDF, 0xCD, 0x1E, 0xFE, 0xE3
    .byte   0xEF, 0xFD, 0x1D, 0xEE, 0xCE, 0xDD, 0xED, 0xE1, 0x1E, 0x22, 0x12, 0x35, 0x44, 0x55, 0x55, 0x34
    .byte    105, 0x02, 0x0F, 0xF2, 0xFF, 0x0F, 0x1E, 0xDD, 0xCF, 0xDB, 0xCD, 0xED, 0xCF, 0x00, 0x0D, 0x12
    .byte   0x0F, 0xDE, 0x1D, 0xDD, 0xDE, 0xDD, 0xDE, 0x0E, 0xF0, 0x21, 0x22, 0x45, 0x44, 0x55, 0x62, 0x35
    .byte   0x30,  107, 0x00, 0x20, 0xF0, 0x1E, 0xEE, 0xDD, 0xDD, 0xCC, 0xDC, 0x1C, 0xD2, 0x0E, 0xEE, 0x31
    .byte   0xDE, 0x0E, 0xDD, 0xED, 0xDE, 0xDD, 0xDF, 0x0E, 0xE2, 0x2F, 0x22, 0x64, 0x26, 0x56, 0x33, 0x44
    .byte   0x2E, 0x20,  110, 0x0F, 0xE2, 0xEE, 0xFD, 0xDC, 0xED, 0xBD, 0xDE, 0xEC, 0xE3, 0xEE, 0xE1, 0x2F
    .byte   0xDE, 0x1D, 0xDD, 0xDE, 0xDD, 0xDD, 0x0E, 0xFF, 0xE3, 0x11, 0x35, 0x53, 0x55, 0x64, 0x15, 0x32
    .byte   0x11, 0x20, 0xE0,  106, 0x01, 0xDE, 0x0C, 0xDD, 0xDD, 0xCC, 0xEE, 0xCF, 0x1F, 0x0D, 0x22, 0xEF
    .byte   0xDE, 0x1C, 0xED, 0xDF, 0xCD, 0xED, 0x0E, 0x1F, 0x13, 0x23, 0x54, 0x45, 0x56, 0x42, 0x53, 0x02
    .byte   0xE2, 0x2D, 0x00, 0x0E,   92, 0x0E, 0xDD, 0xDC, 0xDD, 0xB1, 0xFC, 0x1F, 0xE2, 0xD1, 0x2E, 0xED
    .byte   0xEF, 0xDD, 0xDE, 0xDC, 0xDE, 0xFE, 0xFF, 0x31, 0x03, 0x36, 0x43, 0x65, 0x6F, 0x35, 0x22, 0xE1
    .byte   0x2E, 0xEF, 0x1E, 0xFD, 0xDE,   62, 0x0D, 0xCD, 0xCD, 0xFD, 0xD2, 0xE1, 0xFD, 0x2F, 0xFD, 0xDF
    .byte   0xED, 0xDD, 0xED, 0xDE, 0xDF, 0xE2, 0x11, 0x23, 0x26, 0x42, 0x64, 0x64, 0x15, 0x32, 0xFD, 0x30
    .byte   0xD2, 0xE2, 0xED, 0x0D, 0xCE, 0xCD,   25, 0x0C, 0xDF, 0xDE, 0xEF, 0x2D, 0x00, 0x2D, 0xD0, 0xDD
    .byte   0xEC, 0x1D, 0xDD, 0xEE, 0x00, 0xF2, 0x22, 0x35, 0x52, 0x64, 0x65, 0x04, 0x4F, 0x2D, 0x03, 0xDF
    .byte   0x1E, 0x1D, 0xFD, 0xCD, 0xDC, 0xDC, 0xD2,  -14, 0x0E, 0x1E, 0x2D, 0xF3, 0xDE, 0xDF, 0xED, 0xDD
    .byte   0xED, 0xDD, 0xEF, 0xE2, 0x10, 0x31, 0x45, 0x44, 0x64, 0x64, 0x14, 0x32, 0x0D, 0x2F, 0xD2, 0xFE
    .byte   0xFD, 0x2D, 0xBF, 0xCE, 0xDB, 0x11, 0xC1, 0xD1,  -14, 0x0C, 0x22, 0xDE, 0xEE, 0xEC, 0xEE, 0xDD
    .byte   0xDE, 0xEE, 0xF2, 0x21, 0x23, 0x55, 0x36, 0x45, 0x6E, 0x43, 0x22, 0xD1, 0xEE, 0x1E, 0xFF, 0xD2
    .byte   0xDC, 0xEC, 0xDD, 0xCD, 0xFD, 0xEE, 0xF2, 0xDF, 0x2E,  -34, 0x0E, 0xD0, 0xDC, 0xFD, 0xDD, 0xD1
    .byte   0xE2, 0x11, 0x23, 0x35, 0x53, 0x55, 0x56, 0xE4, 0x30, 0x2D, 0xE2, 0xD1, 0xFE, 0x1D, 0x1E, 0xCD
    .byte   0xCE, 0xDC, 0xC2, 0xED, 0xEF, 0x2E, 0xDF, 0xFD, 0xED, 0xEE,  -76, 0x0E, 0xDD, 0xEE, 0x02, 0xD3
    .byte   0x30, 0x32, 0x65, 0x35, 0x56, 0x3F, 0x42, 0x3D, 0xD2, 0x1E, 0x01, 0xDF, 0xEE, 0xDC, 0xCE, 0xEC
    .byte   0xC0, 0xEF, 0xDD, 0x2F, 0xD0, 0xEF, 0xDD, 0xEE, 0xDD, 0xDF, 0xDE, -102, 0x0E, 0x21, 0x23, 0xF3
    .byte   0x64, 0x45, 0x46, 0x5D, 0x43, 0x21, 0xC2, 0x0E, 0x0F, 0xEE, 0xEF, 0xDC, 0xCD, 0x0D, 0xBE, 0x1E
    .byte   0xDD, 0x12, 0xDE, 0xFE, 0xED, 0xDF, 0xDD, 0xDF, 0xDE, 0x01, 0x20, 0x14,  -80, 0x04, 0x54, 0x54
    .byte   0x56, 0x30, 0x33, 0x2E, 0xDF, 0x0E, 0x2E, 0xDE, 0xE1, 0xDC, 0xCD, 0x2C, 0xCD, 0x2E, 0xDE, 0xD3
    .byte   0xDE, 0xFD, 0xED, 0xEE, 0xDD, 0xDE, 0x1D, 0x0F, 0x33, 0x12, 0x45, 0x54, 0x45,   72, 0x05, 0xE3
    .byte   0x22, 0xFD, 0xEE, 0xE1, 0x0E, 0xDE, 0x1E, 0xCD, 0xDE, 0xDB, 0xFE, 0xEE, 0xDE, 0x2D, 0xEE, 0xEE
    .byte   0xDD, 0xFD, 0xDD, 0xEF, 0xEE, 0x22, 0x32, 0x24, 0x55, 0x35, 0x55, 0x52, 0x23, 0x2E,  106, 0x0C
    .byte   0x11, 0xD2, 0xED, 0x1E, 0xFD, 0xCD, 0xED, 0xCD, 0xD1, 0xDE, 0xED, 0xFE, 0xEE, 0xDD, 0xFD, 0xDD
    .byte   0xD0, 0xE1, 0x01, 0x32, 0x23, 0x36, 0x44, 0x55, 0x54, 0x23, 0x22, 0x0D, 0xD0, 0xE0, 0x0F,   75
    .byte   0x0F, 0x0E, 0xDC, 0xDE, 0xDC, 0xDD, 0xFE, 0xDE, 0xDE, 0xEE, 0xED, 0xDD, 0xFD, 0xCE, 0x2F, 0xF0
    .byte   0x23, 0x33, 0x26, 0x53, 0x54, 0x64, 0x13, 0x30, 0xEE, 0xE2, 0xC1, 0x2E, 0xED, 0xF1, 0xDC, 0xED
    .byte     25, 0x0C, 0xD1, 0xDC, 0xEE, 0xFD, 0xD0, 0xFD, 0xCD, 0x1D, 0xDD, 0xF0, 0x03, 0x12, 0x33, 0x46
    .byte   0x44, 0x54, 0x64, 0x03, 0x2F, 0xFD, 0xEE, 0xD2, 0x1F, 0xDE, 0xFF, 0xDD, 0xCE, 0xDD, 0xCE, 0xDD
    .byte   0xEE,  -35, 0x0D, 0xDF, 0xED, 0xDC, 0xFD, 0xDF, 0x01, 0x20, 0x33, 0x33, 0x55, 0x45, 0x45, 0x53
    .byte   0x31, 0x11, 0xDE, 0xED, 0xF1, 0x2E, 0xDF, 0xFE, 0xDD, 0xCE, 0xCD, 0x0C, 0xDD, 0xE1, 0xDD, 0xEE
    .byte   0xDD, 0xDD, -102, 0x0C, 0x22, 0xE2, 0x23, 0x31, 0x45, 0x54, 0x45, 0x55, 0x33, 0x10, 0x1D, 0xEE
    .byte   0xDE, 0x21, 0x0D, 0xFF, 0xEE, 0xDC, 0xDC, 0xDE, 0xCD, 0xEE, 0xFD, 0xD0, 0xDD, 0xDD, 0xDD, 0xD1
    .byte   0x11, 0x32, 0x23,  -80, 0x04, 0x64, 0x45, 0x46, 0x4F, 0x3E, 0x11, 0xDE, 0xDD, 0x12, 0xFF, 0xEF
    .byte   0xE0, 0xDD, 0xCC, 0xDE, 0xDC, 0xDF, 0xE1, 0xC0, 0xDD, 0xDD, 0xDD, 0xDF, 0x22, 0xE0, 0x42, 0x33
    .byte   0x56, 0x34, 0x55, 0x51,  102, 0x03, 0xED, 0xD1, 0xEC, 0xF3, 0x2D, 0x0F, 0x2E, 0xCE, 0xCE, 0xCD
    .byte   0xDC, 0xED, 0xEF, 0xDD, 0x0C, 0xDD, 0xDE, 0xDE, 0x0F, 0x32, 0x11, 0x34, 0x64, 0x45, 0x46, 0x43
    .byte   0x31, 0xEE, 0xEF, 0xDC, 0xF3,   77, 0x0E, 0xEF, 0x2D, 0xEF, 0xCC, 0xCD, 0x0C, 0xCE, 0xF0, 0xDE
    .byte   0xDD, 0xDD, 0xED, 0xCE, 0x03, 0x2E, 0x33, 0x34, 0x64, 0x54, 0x46, 0x32, 0x3E, 0x0E, 0xD0, 0xDD
    .byte   0x11, 0x10, 0xE2, 0xFD, 0xFD, 0xDC,    9, 0x0E, 0xDC, 0xED, 0xFE, 0xDE, 0xDD, 0xDD, 0xDD, 0xD0
    .byte   0x13, 0xF2, 0x33, 0x45, 0x55, 0x43, 0x55, 0x23, 0x2E, 0xED, 0xF1, 0xCE, 0xF2, 0xF0, 0x11, 0xED
    .byte   0xED, 0xDC, 0xDD, 0xDD, 0xED, 0xEE, 0xDE,  -66, 0x0D, 0xDD, 0xDD, 0xE0, 0x22, 0x23, 0x33, 0x55
    .byte   0x55, 0x34, 0x53, 0x33, 0xD0, 0xDE, 0x2C, 0xE0, 0xF0, 0xF0, 0x3D, 0xD1, 0xDE, 0xCC, 0xEC, 0xED
    .byte   0xDE, 0xDD, 0xED, 0xDD, 0xDE, 0xDD, 0x21, 0x32,  -97, 0x03, 0x35, 0x65, 0x44, 0x45, 0x34, 0xFE
    .byte   0xDD, 0x1E, 0xDE, 0xEF, 0xE2, 0x3F, 0xDD, 0xFE, 0xDC, 0xCE, 0xCD, 0xFE, 0xDD, 0xDE, 0xDD, 0xDE
    .byte   0xCE, 0xD2, 0x12, 0x32, 0x34, 0x56, 0x45, 0x35, 0x43,  104, 0x02, 0xED, 0xCE, 0xED, 0xFF, 0xE1
    .byte   0x13, 0x1D, 0xEE, 0xDD, 0xCD, 0xDC, 0xDF, 0xED, 0xDE, 0xDC, 0xED, 0xDD, 0xEF, 0x10, 0x32, 0x34
    .byte   0x46, 0x54, 0x45, 0x43, 0x42, 0xFD, 0xDD, 0xEC, 0xF2, 0xEF,   55, 0x02, 0x3E, 0xDE, 0xEC, 0xDD
    .byte   0xDD, 0xCE, 0xEE, 0xDD, 0xDE, 0xCD, 0xED, 0xDE, 0xE2, 0x30, 0x33, 0x55, 0x55, 0x53, 0x53, 0x43
    .byte   0xEF, 0xDC, 0xED, 0xE1, 0xEE, 0x20, 0x31, 0xDF, 0xDD, 0xDD, 0xDD,  -15, 0x0E, 0xED, 0xDD, 0xDE
    .byte   0xCE, 0xDD, 0xDD, 0x03, 0x11, 0x33, 0x55, 0x56, 0x43, 0x53, 0x43, 0x1D, 0xDC, 0x0D, 0xD2, 0xEE
    .byte   0xF2, 0x31, 0xDF, 0xDD, 0xDD, 0xED, 0xCD, 0xED, 0xED, 0xDD, 0xCE, 0xEC, -111, 0x0D, 0x12, 0x22
    .byte   0x33, 0x56, 0x45, 0x54, 0x43, 0x43, 0xFD, 0xDC, 0xFD, 0xE0, 0xEF, 0x01, 0x30, 0xEE, 0xDD, 0xDD
    .byte   0xED, 0xCE, 0xDE, 0xDD, 0xDD, 0xDD, 0xDD, 0xDD, 0x22, 0x22, 0x24, 0x55, 0x65,   41, 0x04, 0x44
    .byte   0x42, 0xFD, 0xCC, 0xFD, 0xF0, 0xDE, 0x03, 0x3F, 0xDE, 0xCE, 0xEE, 0xEC, 0xDD, 0xDF, 0xDD, 0xDD
    .byte   0xCF, 0xDD, 0xDE, 0x12, 0x23, 0x14, 0x55, 0x55, 0x44, 0x43, 0x43, 0xEE, 0xCD, 0xDE,   59, 0x00
    .byte   0xDE, 0xF1, 0x3E, 0x0E, 0xCD, 0xFE, 0xED, 0xDE, 0xCE, 0xED, 0xDD, 0xCE, 0xDD, 0xDF, 0x02, 0x13
    .byte   0x14, 0x55, 0x54, 0x44, 0x43, 0x43, 0x0F, 0xCD, 0xED, 0x2F, 0xDE, 0xE0, 0x20, 0x0D, 0xDD,   15
    .byte   0x0E, 0xEE, 0xDE, 0xDD, 0xEE, 0xDC, 0xED, 0xDE, 0xD0, 0x10, 0x23, 0x14, 0x44, 0x53, 0x44, 0x33
    .byte   0x42, 0x21, 0xDE, 0xEE, 0x22, 0xEE, 0xEE, 0xFE, 0x0F, 0xDD, 0xDE, 0xEE, 0x0E, 0xDE, 0xDE, 0xED
    .byte    -50, 0x0E, 0xDE, 0xF0, 0x02, 0x02, 0x22, 0x42, 0x33, 0x23, 0x23, 0x23, 0x22, 0x10, 0x2F, 0x22
    .byte   0x12, 0xFF, 0xF0, 0xEE, 0xEE, 0xED, 0xEE, 0xEE, 0xEF, 0xED, 0xFE, 0xEE, 0xEE, 0xFF, 0xF1, 0x02
    .byte   0x01,  -28, 0x02, 0x20, 0x21, 0x21, 0x22, 0x12, 0x21, 0x21, 0x21, 0x20, 0x12, 0xFF, 0x01, 0xFF
    .byte   0x0E, 0xFE, 0xF0, 0xEE, 0xFE, 0xE0, 0xEF, 0xFF, 0xEF, 0x00, 0x00, 0x10, 0x00, 0x11, 0x11, 0x10
    .byte   0x02, 0x01,   -2, 0x00, 0x01, 0x21, 0x02, 0x11, 0x11, 0x1F, 0x01, 0xF0, 0xFF, 0xFF, 0x0E, 0xFF
    .byte   0x0E, 0x00, 0xE0, 0xFF, 0xF0, 0x00, 0xF1, 0x01, 0x01, 0x11, 0x11, 0x11, 0x10, 0xF2, 0xF0, 0x10
    .byte   0x00, 0x11, 0xF0,    5, 0x0F, 0x10, 0xF0, 0x0F, 0x0F, 0x10, 0xFF, 0xFF, 0x00, 0x00, 0xFF, 0x00
    .byte   0xF0, 0x00, 0x00, 0x1F, 0x11, 0x00, 0xF1, 0x1F, 0x11, 0x01, 0x00, 0x11, 0x00, 0x01, 0xF0, 0x1F
    .byte   0x01, 0xF0, 0x00, 0xF0,    2, 0x0F, 0x0F, 0x00, 0xF0, 0x1F, 0x00, 0xF1, 0xF1, 0x00, 0xFF, 0x10
    .byte   0x01, 0xF1, 0x0F, 0x1F, 0x10, 0x10, 0x00, 0x1F, 0x11, 0x0F, 0x01, 0x0F, 0x1F, 0x00, 0x1F, 0x1F
    .byte   0x00, 0xF0, 0x10, 0xF0, 0xF1,   -1, 0x00, 0x00, 0x1F, 0x00, 0x00, 0xF1, 0xF1, 0x00, 0x00, 0x00
    .byte   0x01, 0x01, 0xF1, 0xF0, 0x10, 0x01, 0xF1, 0xF0, 0x10, 0x0F, 0x1F, 0x0F, 0x00, 0x1F, 0x00, 0xF0
    .byte   0x00, 0x0F, 0x10, 0x00, 0xF0, 0x10,   -1, 0x00, 0x00, 0x01, 0x00, 0x01, 0xF1, 0x00, 0x00, 0x10
    .byte   0xF1, 0xF0, 0x1F, 0x1F, 0x00, 0x1F, 0xF0, 0x10, 0xFF, 0x01, 0xF0, 0xF1, 0xF1, 0xF1, 0x0F, 0x10
    .byte   0xF1, 0x00, 0x00, 0x1F, 0x10, 0x00, 0x00,    1, 0x00, 0x0F, 0x10, 0xF1, 0x00, 0x01, 0xF1, 0xF0
    .byte   0x00, 0x0F, 0x1F, 0x00, 0xF0, 0x01, 0xF1, 0xF0, 0x00, 0x00, 0x10, 0x0F, 0x10, 0x00, 0x01, 0xFF
    .byte   0x01, 0x00, 0x1F, 0x01, 0xF0, 0x10, 0x00, 0xF1,    0, 0x01, 0xF1, 0xF0, 0x00, 0xF1, 0xF1, 0xF0
    .byte   0x00, 0x00, 0x10, 0xF1, 0xF1, 0xF1, 0x00, 0xF0, 0x10, 0x1F, 0xF1, 0x00, 0x00, 0x01, 0xF0, 0x00
    .byte   0x1F, 0x10, 0x0F, 0x01, 0x00, 0xF1, 0x00, 0x00, 0xF1,    1, 0x0F, 0x00, 0x00, 0xF1, 0x00, 0xF1
    .byte   0xF1, 0x00, 0xF1, 0x00, 0xF0, 0x01, 0x0F, 0x1F, 0x1F, 0x01, 0xF1, 0xF1, 0x00, 0x0F, 0x00, 0x10
    .byte   0x1F, 0x00, 0x00, 0x01, 0xF0, 0x00, 0x1F, 0x1F, 0x00, 0xF1,    0, 0x00, 0xF1, 0x00, 0x00, 0xF0
    .byte   0x01, 0x0F, 0x11, 0x0F, 0x00, 0x1F, 0x1F, 0x0F, 0x0F, 0x06, 0xDB, 0xBE, 0x55, 0xFC, 0xD2, 0x3E
    .byte   0xEE, 0xF1, 0xED, 0x33, 0x3E, 0xDE, 0x22, 0xFF, 0xFF, 0x11, 0x11,    2, 0x01, 0x0E, 0x01, 0x11
    .byte   0xFF, 0x1F, 0x10, 0x10, 0xE0, 0x11, 0x10, 0x0F, 0xF0, 0x11, 0xFF, 0x00, 0x11, 0x0F, 0xEF, 0x12
    .byte   0x2F, 0xE0, 0x24, 0x4E, 0xBC, 0xE1, 0x22, 0x1F, 0xE0, 0x23, 0x1E, 0xED,  -11, 0x02, 0x22, 0x11
    .byte   0x0F, 0x02, 0x2F, 0xEE, 0xE1, 0x01, 0x20, 0xEE, 0x12, 0x02, 0x0F, 0xEF, 0x22, 0xFE, 0xFF, 0xF0
    .byte   0x21, 0x0D, 0xF1, 0x02, 0x11, 0xEE, 0x11, 0x21, 0x10, 0xF0, 0x21, 0x10, 0xF0,    2, 0x00, 0x02
    .byte   0xFF, 0xE0, 0x20, 0x10, 0xFE, 0x01, 0x10, 0xF0, 0x0F, 0x2F, 0xFF, 0xE1, 0x0F, 0x11, 0xE0, 0xF1
    .byte   0x10, 0xE0, 0x00, 0x02, 0x00, 0x00, 0x11, 0x20, 0x0F, 0x01, 0x02, 0x00, 0x00, 0x2F,   10, 0x00
    .byte   0xF0, 0xF1, 0x10, 0xF0, 0xEF, 0x00, 0xFF, 0xE0, 0xEF, 0xFE, 0xEE, 0xEE, 0xEF, 0xEE, 0xE0, 0x10
    .byte   0x23, 0x34, 0x43, 0x43, 0x23, 0x22, 0x0E, 0xEE, 0xE0, 0xEE, 0xDD, 0xDF, 0xDE, 0xDD, 0xEE,  -25
    .byte   0x02, 0x1E, 0xF0, 0x11, 0x21, 0xEC, 0xCE, 0xED, 0xDF, 0xDE, 0x06, 0x65, 0x33, 0x44, 0x35, 0x41
    .byte   0xCC, 0x3F, 0x1D, 0xDB, 0xCC, 0x12, 0xDB, 0xCE, 0x03, 0x43, 0xDD, 0x25, 0x43, 0x3E, 0xDD, 0x22
    .byte     17, 0x0C, 0xBC, 0xBC, 0xED, 0xDC, 0x03, 0x25, 0x55, 0x53, 0x54, 0x45, 0x33, 0x1D, 0x22, 0x1C
    .byte   0xCC, 0xBD, 0xDE, 0xDB, 0xCC, 0x21, 0x43, 0xFF, 0x24, 0x53, 0x11, 0xFF, 0xF1, 0xEC, 0xCC, 0xCD
    .byte   0xCC,  -96, 0x0C, 0x0E, 0x32, 0x46, 0x55, 0x43, 0x63, 0x54, 0xE3, 0xC0, 0x3E, 0xEC, 0xBC, 0xCD
    .byte   0xDC, 0xCC, 0xCE, 0x33, 0x20, 0xF3, 0x54, 0x4F, 0xFF, 0xF2, 0x1D, 0xCB, 0xDC, 0xEC, 0xCD, 0xC1
    .byte   0xF2, 0x32,  -50, 0x04, 0x55, 0x16, 0x34, 0x51, 0x2D, 0xE3, 0xEE, 0xDB, 0xCC, 0xEF, 0xCB, 0xCC
    .byte   0x03, 0x01, 0xFE, 0x44, 0x43, 0x12, 0x0F, 0x3E, 0xEC, 0xCC, 0xDD, 0xDC, 0xCD, 0xD2, 0xF3, 0x04
    .byte   0x63, 0x63, 0x36,   58, 0x05, 0x41, 0x2D, 0x21, 0xFD, 0xDC, 0xCD, 0xCF, 0xCC, 0xCD, 0xE0, 0x11
    .byte   0xE2, 0x34, 0x32, 0x22, 0x11, 0x00, 0xEC, 0xDD, 0xDD, 0xDD, 0xCE, 0xD2, 0xFF, 0x4E, 0x64, 0x36
    .byte   0xE5, 0x42, 0x50, 0x3E,   86, 0x03, 0xEE, 0xDD, 0xCD, 0xDD, 0xDC, 0xDD, 0xC2, 0xFE, 0x1E, 0x23
    .byte   0x33, 0x12, 0x21, 0x21, 0xED, 0xDE, 0xDE, 0xDD, 0xDD, 0xE0, 0xF2, 0xE2, 0x13, 0x53, 0x44, 0xF5
    .byte   0x24, 0x4E, 0x3D, 0x23, 0xF1,   73, 0x0D, 0xDD, 0xFE, 0xDD, 0xCD, 0xD0, 0x0D, 0xEE, 0xF2, 0x23
    .byte   0x1F, 0x02, 0x22, 0xFD, 0xEE, 0xE0, 0x1E, 0xDE, 0xE2, 0xF2, 0x0D, 0x4E, 0x35, 0xB5, 0x0D, 0x5D
    .byte   0x23, 0xD4, 0xEF, 0x4C, 0x32, 0xC3,   33, 0x0D, 0x21, 0xD1, 0x1D, 0x2E, 0xEF, 0xFF, 0xFF, 0x0F
    .byte   0x00, 0xF0, 0xF0, 0x1E, 0x00, 0x0F, 0x0F, 0xF0, 0xF1, 0xF1, 0xFF, 0x00, 0xF1, 0xFF, 0xFF, 0x10
    .byte   0x1F, 0x01, 0x00, 0x10, 0x01, 0x10, 0x00,   -5, 0x00, 0x00, 0x11, 0x0F, 0x10, 0x00, 0x01, 0x01
    .byte   0x01, 0x11, 0x11, 0x01, 0x10, 0x11, 0x01, 0x00, 0xFF, 0x0F, 0xFF, 0xFF, 0xFF, 0xFF, 0xFF, 0x0F
    .byte   0xF1, 0xF0, 0x00, 0x0F, 0x10, 0x00, 0x00, 0x10,   -5, 0x00, 0x10, 0x10, 0x01, 0x11, 0x11, 0x11
    .byte   0x11, 0x10, 0x10, 0x11, 0x00, 0x00, 0xF0, 0xFF, 0x00, 0xFE, 0x1F, 0xFF, 0xF0, 0xFF, 0xF0, 0x00
    .byte   0x0F, 0x00, 0x10, 0x00, 0x01, 0xF1, 0x00, 0x01, 0x01,   -1, 0x00, 0x00, 0x10, 0x01, 0xF1, 0x11
    .byte   0x00, 0x10, 0xF0, 0x01, 0xFF, 0x00, 0x0F, 0x1F, 0xF0, 0xF0, 0x00, 0x0F, 0x1F, 0xF0, 0x10, 0x00
    .byte   0xF1, 0x00, 0x00, 0x10, 0x00, 0x00, 0x00, 0x01, 0x00, 0x01,    2, 0x0F, 0x10, 0x0F, 0x10, 0x00
    .byte   0x00, 0x0F, 0x00, 0x0F, 0x00, 0x0F, 0x0F, 0x00, 0x00, 0x10, 0xF0, 0x00, 0x10, 0xF1, 0x00, 0x10
    .byte   0x0F, 0x01, 0x00, 0x00, 0x01, 0x0F, 0x10, 0x10, 0x01, 0xF1, 0xF0,    2, 0x01, 0xFF, 0x10, 0xF0
    .byte   0xF0, 0x1F, 0x00, 0xFF, 0x10, 0xF0, 0x00, 0x1F, 0x10, 0xF1, 0x00, 0xF1, 0xF1, 0x00, 0x01, 0xF0
    .byte   0x1F, 0x10, 0x01, 0xF1, 0xF1, 0x00, 0x01, 0x00, 0xF1, 0x00, 0xF0, 0x00,    1, 0x00, 0x00, 0xF1
    .byte   0xF0, 0xF0, 0x00, 0x00, 0x0F, 0x1F, 0x10, 0xF1, 0x00, 0xF1, 0x0F, 0x10, 0xF1, 0x10, 0xF1, 0xF1
    .byte   0x00, 0x00, 0x01, 0x00, 0x10, 0xF1, 0x00, 0xF1, 0x0F, 0x10, 0xF1, 0x00, 0x00,    1, 0x00, 0x0F
    .byte   0x01, 0x0F, 0xF0, 0x00, 0x00, 0x00, 0x01, 0xFF, 0x10, 0x00, 0x00, 0x00, 0x00, 0x1F, 0x01, 0xF1
    .byte   0xF1, 0xF1, 0x00, 0x01, 0xF0, 0x10, 0x00, 0x00, 0x1F, 0x1F, 0x10, 0xF0, 0x00, 0x00,    0, 0x00
    .byte   0xF1, 0xF1, 0x00, 0x00, 0x0F, 0x1F, 0x00, 0xF1, 0x1F, 0x1F, 0x1F, 0x1F, 0x00, 0x1F, 0x00, 0x10
    .byte   0xF1, 0x00, 0x0F, 0x10, 0x01, 0x0F, 0x10, 0x00, 0x00, 0x00, 0x0F, 0x1F, 0x1F, 0x1F, 0x00,    0
    .byte   0x00, 0x10, 0xF0, 0x00, 0x00, 0x00, 0xF1, 0x0F, 0x1F, 0x1F, 0x00, 0x01, 0xF0, 0x10, 0x00, 0x0F
    .byte   0x10, 0x00, 0x01, 0xF0, 0x1F, 0x1F, 0x10, 0x00, 0x0F, 0x01, 0x00, 0xF0, 0x00, 0x00, 0x1F, 0x01
    .byte      1, 0x0F, 0x0F, 0x10, 0xF1, 0xF0, 0x1F, 0x00, 0x10, 0x00, 0xF0, 0x10, 0x0F, 0x01, 0x0F, 0x10
    .byte   0x00, 0x1F, 0x01, 0x0F, 0x10, 0xF0, 0x00, 0x1F, 0x01, 0xF1, 0x0F, 0x01, 0x0F, 0x00, 0x0F, 0x10
    .byte   0xF0,    0, 0x00, 0x00, 0xF1, 0xF0, 0x10, 0xF1, 0xF1, 0xF1, 0x00, 0xF1, 0x00, 0x00, 0x00, 0x00
    .byte   0x00, 0x01, 0x00, 0xF0, 0x1F, 0x01, 0xF0, 0x01, 0xF0, 0x1F, 0x10, 0xF0, 0x1F, 0x1F, 0xF1, 0x0F
    .byte   0x01, 0x0F,    0, 0x0F, 0x10, 0x00, 0xF1, 0xF1, 0x00, 0x01, 0xFF, 0x10, 0xF0, 0x10, 0x0F, 0x10
    .byte   0x00, 0x00, 0x00, 0x00, 0x01, 0xF0, 0x00, 0x01, 0xFF, 0x10, 0x00, 0x0F, 0x10, 0xF1, 0x0F, 0x1F
    .byte   0x00, 0x10, 0xF1,    0, 0x00, 0xF1, 0xF0, 0x01, 0x0F, 0x1F, 0x00, 0x01, 0x00, 0x00, 0x1F, 0x00
    .byte   0x00, 0xF1, 0x1F, 0x00, 0x00, 0x00, 0x00, 0x00, 0x00, 0x1F, 0x00, 0x00, 0x00, 0x10, 0xF1, 0x0F
    .byte   0x00, 0x1F, 0x00, 0x01,   -1, 0x01, 0x01, 0xF0, 0x10, 0x00, 0x01, 0xF2, 0xDE, 0x21, 0xF2, 0x0F
    .byte   0x2E, 0x11, 0xE1, 0x2D, 0x4B, 0x52, 0xF6, 0x9C, 0xD3, 0x3C, 0x33, 0xC4, 0xD5, 0x3E, 0xED, 0x4F
    .byte   0xDB, 0x5A, 0x55, 0xC2, 0x41,   36, 0x02, 0xCE, 0xB9, 0x3D, 0x7C, 0x51, 0xB7, 0xA4, 0xCC, 0xE3
    .byte   0x34, 0x5C, 0xD5, 0xA4, 0xCF, 0xCE, 0x4C, 0x5D, 0x4D, 0xE3, 0xD0, 0x21, 0xD4, 0xED, 0x5C, 0xE4
    .byte   0xC2, 0x2C, 0x4D, 0xF4, 0xB4, 0xC4,   -3, 0x0E, 0x3D, 0x3C, 0x6B, 0x5C, 0xD4, 0xC3, 0x0D, 0x1F
    .byte   0xD5, 0xB4, 0x2B, 0x5E, 0xD5, 0xB4, 0xCE, 0x4F, 0xD5, 0xA3, 0x69, 0x6D, 0xC5, 0xA2, 0x6A, 0x5C
    .byte   0xF3, 0x2F, 0xEF, 0xF2, 0xD3, 0xF2, 0x2B,   -1, 0x04, 0xC3, 0xDE, 0x13, 0xB5, 0x1D, 0x3B, 0x5E
    .byte   0xE2, 0xE1, 0xE1, 0x3D, 0x4F, 0xDF, 0xD3, 0x1F, 0xEF, 0xEE, 0x23, 0x3D, 0xFE, 0xEE, 0x42, 0xDE
    .byte   0xE2, 0x23, 0x1D, 0xEE, 0x23, 0x03, 0xCD, 0x22,    4, 0x03, 0xCD, 0x02, 0x42, 0xFC, 0x1F, 0x32
    .byte   0x0E, 0xDE, 0xD5, 0x3D, 0xDD, 0x12, 0x23, 0xED, 0x11, 0x32, 0x0E, 0xDD, 0x33, 0xD3, 0xD1, 0xF2
    .byte   0x3D, 0x2E, 0xFF, 0xD4, 0x0E, 0x0F, 0x03, 0xEE, 0x21,    1, 0x0D, 0x31, 0xEE, 0x21, 0x1E, 0x21
    .byte   0xE2, 0xF2, 0x0E, 0x02, 0xFE, 0x3D, 0x2F, 0xE2, 0x0D, 0x22, 0x12, 0xDE, 0x2F, 0x13, 0x0D, 0x0E
    .byte   0x31, 0xE0, 0x2E, 0xEE, 0x33, 0x1C, 0x11, 0x23, 0xEE, 0xDD,   -8, 0x03, 0x2F, 0xEE, 0xE3, 0x03
    .byte   0xFD, 0xD2, 0x3F, 0x1D, 0x21, 0xE3, 0x21, 0xDD, 0x3F, 0xF1, 0xFE, 0xEF, 0x33, 0xF1, 0xDF, 0x12
    .byte   0x1F, 0xEE, 0xF0, 0x31, 0x1E, 0x22, 0xE0, 0xDD, 0x2E, 0x13, 0x23,   12, 0x0D, 0xF1, 0x02, 0xFE
    .byte   0xED, 0xE3, 0x30, 0xFD, 0x33, 0xD2, 0xDE, 0xD2, 0x33, 0xE1, 0x2E, 0xD3, 0x32, 0xDD, 0xFD, 0x04
    .byte   0x4D, 0xBD, 0x25, 0x2F, 0xED, 0xD2, 0x44, 0xDC, 0xD1, 0x33, 0x3E, 0xBE,   -9, 0x04, 0x1D, 0x10
    .byte   0xC3, 0x40, 0x1C, 0xE3, 0xE3, 0x3E, 0xDD, 0xE4, 0x2F, 0xFD, 0xF1, 0x03, 0x2C, 0x01, 0x04, 0xE0
    .byte   0xFD, 0xE4, 0x2D, 0xDD, 0x12, 0x12, 0x33, 0xDE, 0x13, 0x2D, 0xED, 0x01, 0x11,   -4, 0x01, 0x30
    .byte   0x13, 0xC0, 0xF0, 0xDE, 0x33, 0x2C, 0x32, 0x30, 0xCE, 0xE0, 0x3E, 0xF3, 0xEE, 0x4F, 0x2D, 0xC3
    .byte   0xED, 0x33, 0xD2, 0xE3, 0x11, 0xF2, 0x0D, 0x0D, 0xE3, 0x32, 0x3D, 0x0C, 0xE4, 0x3D,   -6, 0x01
    .byte   0xD2, 0x3F, 0x4E, 0xC3, 0x2F, 0x1C, 0xD2, 0x23, 0x33, 0x1E, 0xCC, 0x33, 0x3D, 0xC2, 0x43, 0xE0
    .byte   0xFC, 0xE3, 0xF3, 0x3D, 0xFE, 0x24, 0xCD, 0x20, 0xDE, 0x22, 0x21, 0x41, 0xCD, 0x4F, 0xCD,  -17
    .byte   0x04, 0x0F, 0x31, 0xEC, 0x33, 0x0D, 0xE3, 0xDE, 0x21, 0x3D, 0x03, 0x03, 0x3F, 0xCB, 0xE5, 0x3D
    .byte   0xE1, 0xD2, 0x45, 0x3A, 0xC3, 0x2D, 0xE2, 0x2F, 0x14, 0x4E, 0xCE, 0xCC, 0x44, 0x1C, 0xC5, 0x4E
    .byte     12, 0x00, 0x2B, 0xC4, 0x23, 0xEE, 0x1C, 0x14, 0x3F, 0xEC, 0xE3, 0x24, 0xDC, 0xEE, 0x44, 0x3E
    .byte   0xBA, 0x06, 0x50, 0xDC, 0x1F, 0x35, 0x0B, 0xB2, 0x54, 0x42, 0xFA, 0xE5, 0x3E, 0xCE, 0x1C, 0x35
    .byte   0x4C,   11, 0x02, 0x3D, 0xD2, 0xDD, 0xDD, 0x54, 0xDF, 0xDD, 0xE3, 0x3C, 0xBE, 0x4F, 0xE3, 0x2D
    .byte   0xD1, 0x4F, 0xE2, 0xFE, 0xD3, 0x2F, 0x15, 0x4C, 0xC1, 0x54, 0x01, 0x2F, 0xB1, 0x43, 0x2D, 0x3C
    .byte   0xD4, 0x42,   37, 0x0D, 0x21, 0xEF, 0x2D, 0xCD, 0x43, 0x0D, 0xDD, 0xCF, 0x33, 0xDC, 0x22, 0xE2
    .byte   0x2F, 0xDD, 0x12, 0x1C, 0xD2, 0x22, 0x43, 0xFD, 0xC3, 0x32, 0x3D, 0xC2, 0x45, 0x42, 0x3D, 0xD2
    .byte   0x42, 0x4B, 0xC3,   33, 0x02, 0x33, 0xEC, 0xE0, 0x53, 0xDB, 0xCE, 0xE4, 0x2F, 0xDC, 0xDF, 0x31
    .byte   0x2C, 0xCF, 0x0F, 0xFF, 0xED, 0xEF, 0x32, 0xDD, 0xE1, 0x22, 0x20, 0xDD, 0xF3, 0x32, 0x32, 0x55
    .byte   0x24, 0x22, 0xCE, 0x20,   36, 0x0C, 0xD3, 0x24, 0x53, 0xCC, 0x21, 0x4F, 0xEE, 0xBC, 0x23, 0x1D
    .byte   0xED, 0xE2, 0x22, 0x2C, 0xDE, 0xED, 0xDE, 0xE0, 0xF2, 0x3E, 0xDE, 0xFE, 0xDD, 0xEE, 0xE1, 0x34
    .byte   0x12, 0x33, 0x65, 0x42, 0x1D,   22, 0x02, 0x12, 0xEC, 0x21, 0x41, 0x44, 0xD2, 0x02, 0x2F, 0xDC
    .byte   0xED, 0xF1, 0xD1, 0xED, 0xE3, 0x40, 0xDD, 0xDD, 0xDD, 0x21, 0xDC, 0xE2, 0x3F, 0x02, 0xFC, 0xD1
    .byte   0xDC, 0xE1, 0x31, 0xF2, 0x43, 0x47,   44, 0x02, 0x2E, 0xEC, 0xCD, 0x32, 0xE2, 0x24, 0x22, 0x41
    .byte   0x3E, 0xE2, 0xDD, 0xCF, 0xED, 0xE2, 0x2D, 0xE2, 0x13, 0x22, 0xDD, 0xCC, 0xEF, 0x3E, 0xDF, 0xEE
    .byte   0x12, 0x0E, 0xDD, 0x1D, 0xED, 0xD0, 0xFE,  -79, 0x03, 0x12, 0x67, 0x63, 0x20, 0xCA, 0xC1, 0x4D
    .byte   0xD3, 0x33, 0x44, 0x41, 0xDD, 0x01, 0xED, 0xDD, 0xDC, 0x23, 0xF2, 0xF1, 0x0F, 0x0E, 0xED, 0xCE
    .byte   0xE1, 0x20, 0xEE, 0xFF, 0xFD, 0xEE, 0xCD, 0x23,  -60, 0x0D, 0xCD, 0xEF, 0x25, 0x46, 0x75, 0x43
    .byte   0xDB, 0xAD, 0xE2, 0x10, 0x33, 0x25, 0x43, 0x3F, 0xEC, 0xDD, 0xCD, 0xDE, 0xE2, 0x22, 0x32, 0x1E
    .byte   0xDE, 0xDE, 0xED, 0xEE, 0x13, 0x0E, 0x0F, 0xEE, 0xED,  -45, 0x0D, 0xC1, 0x10, 0x0D, 0xCD, 0x21
    .byte   0x35, 0x77, 0x65, 0x0C, 0xAA, 0xBF, 0x33, 0x33, 0x32, 0x35, 0x33, 0xFD, 0xCE, 0xDD, 0xCD, 0xD0
    .byte   0x02, 0x33, 0x3D, 0x1F, 0xDD, 0xED, 0xDE, 0x03, 0x21, 0x01,   -8, 0x0D, 0xEF, 0xEC, 0xCE, 0xD1
    .byte   0x21, 0xFC, 0xC0, 0x3E, 0x45, 0x77, 0x64, 0xEB, 0x9A, 0xD2, 0x44, 0x33, 0x2F, 0x35, 0x42, 0xFC
    .byte   0xCC, 0xDE, 0x0E, 0xDE, 0xEF, 0x23, 0x32, 0x2D, 0xCD, 0xED, 0x10,  -13, 0x02, 0x01, 0x21, 0xEF
    .byte   0xDE, 0xED, 0xCD, 0xDF, 0xF2, 0xED, 0xDC, 0x14, 0x54, 0x67, 0x51, 0x3D, 0xBA, 0xCE, 0x34, 0x24
    .byte   0x3D, 0x15, 0x44, 0xFE, 0xCC, 0xCC, 0x21, 0xDD, 0x0E, 0xF2, 0x33, 0x1E,   14, 0x0D, 0xDD, 0xFE
    .byte   0x22, 0x22, 0x10, 0x10, 0xDD, 0xDD, 0xD0, 0x11, 0xEC, 0xDD, 0xEE, 0x21, 0x12, 0x26, 0x77, 0x34
    .byte   0xFA, 0x9C, 0x23, 0x35, 0x30, 0xD0, 0x44, 0x43, 0xEC, 0xCC, 0xDE, 0x11, 0xDD,   -2, 0x0E, 0xF4
    .byte   0x42, 0x0D, 0xCD, 0xD0, 0x22, 0x2D, 0xEE, 0x33, 0x31, 0xCC, 0xCC, 0x12, 0x32, 0xEC, 0xCC, 0x00
    .byte   0x13, 0x21, 0x37, 0x75, 0x53, 0xC9, 0xAE, 0x24, 0x44, 0x2D, 0xD1, 0x54, 0x33, 0xDC,   37, 0x0D
    .byte   0xFF, 0x2E, 0xCD, 0xC1, 0x34, 0x43, 0xDC, 0xCD, 0xE1, 0x32, 0xFD, 0xE2, 0x33, 0x3E, 0xCC, 0xBD
    .byte   0x12, 0x32, 0xDD, 0xCE, 0xD0, 0x32, 0xD3, 0x45, 0x76, 0x54, 0xCA, 0x9E, 0x23, 0x54, 0x2D,   28
    .byte   0x0F, 0x44, 0x43, 0xFC, 0xBD, 0xEE, 0x2D, 0xDD, 0xC0, 0x23, 0x43, 0xFD, 0xCD, 0xD2, 0x13, 0x1E
    .byte   0xE1, 0x23, 0x3E, 0xEC, 0xCC, 0xD1, 0x23, 0x1E, 0xCD, 0xDD, 0x03, 0x2F, 0x33, 0x67, 0x55, 0x3C
    .byte     29, 0x0A, 0x02, 0x35, 0x42, 0xDD, 0x13, 0x43, 0x4E, 0xCC, 0xDD, 0xD0, 0x1D, 0xCD, 0xE2, 0x43
    .byte   0x32, 0xDC, 0xCD, 0xE2, 0x33, 0xFF, 0x20, 0x22, 0x10, 0xDC, 0xCC, 0xEE, 0x33, 0x1E, 0xDD, 0xCE
    .byte   0xE2,  -79, 0x02, 0x34, 0x76, 0x54, 0x0B, 0xAC, 0xF3, 0x44, 0x4E, 0xDD, 0x13, 0x34, 0x32, 0xCC
    .byte   0xDD, 0xDE, 0xFD, 0xCE, 0x12, 0x33, 0x3E, 0xDC, 0xDE, 0xE3, 0x23, 0x2E, 0x2F, 0x02, 0xEE, 0xDD
    .byte   0xED, 0xDF,  -53, 0x0F, 0x12, 0x1E, 0xEC, 0xCE, 0x13, 0x34, 0x66, 0x54, 0x5E, 0xAB, 0xED, 0x05
    .byte   0x43, 0xED, 0xE1, 0x33, 0x52, 0xDD, 0xCC, 0xCF, 0xEE, 0xDE, 0xF1, 0x13, 0x32, 0xDD, 0xDC, 0xE0
    .byte   0x32, 0x33, 0x10,    3, 0x0F, 0xEE, 0xED, 0xED, 0xDF, 0xFE, 0xF0, 0xEE, 0x1E, 0xCD, 0xFE, 0x14
    .byte   0x45, 0x66, 0x54, 0xDB, 0xBD, 0xC3, 0x44, 0x30, 0xEF, 0xE3, 0x24, 0x4E, 0xDD, 0xCC, 0xCE, 0xDE
    .byte   0xE1, 0x22, 0x23, 0xFD,   -3, 0x0E, 0xDD, 0x13, 0x22, 0x32, 0x1F, 0xEE, 0xDF, 0xEE, 0xEE, 0xEE
    .byte   0xEE, 0xD1, 0xFF, 0x0E, 0xDC, 0x0E, 0x04, 0x45, 0x65, 0x63, 0xFB, 0xBD, 0xC2, 0x44, 0x41, 0xFE
    .byte   0xE2, 0x24, 0x3F, 0xED, 0xCC,   19, 0x0C, 0xED, 0xE2, 0x23, 0x32, 0xED, 0xED, 0xDD, 0x22, 0x03
    .byte   0x23, 0x21, 0x1E, 0xED, 0xEE, 0xDE, 0xFE, 0xEE, 0xEE, 0xFF, 0xFE, 0xDE, 0xDD, 0x23, 0x44, 0x65
    .byte   0x54, 0x3E, 0xBC, 0xED, 0x34, 0x33,   54, 0x01, 0xE1, 0x12, 0x41, 0x1E, 0xDC, 0xCD, 0xCD, 0xEE
    .byte   0x13, 0x23, 0x0F, 0xDD, 0xED, 0xFF, 0x13, 0x03, 0x22, 0x2E, 0xED, 0xFD, 0xEF, 0xE1, 0xED, 0xFD
    .byte   0x1F, 0xF0, 0xDD, 0xCD, 0x12, 0x44, 0x46,   13, 0x04, 0x53, 0xEC, 0xDD, 0xC4, 0x33, 0x32, 0x2E
    .byte   0x22, 0x13, 0xE1, 0xED, 0xDC, 0xCC, 0xDE, 0xE3, 0x13, 0x21, 0xEE, 0xDE, 0xDF, 0xF2, 0x22, 0x32
    .byte   0x21, 0xFE, 0xEE, 0xDE, 0xFE, 0xEF, 0xEE, 0xEE,  -47, 0x0F, 0xFE, 0xEC, 0xDD, 0x12, 0x44, 0x46
    .byte   0x45, 0x42, 0xEC, 0xEC, 0xF3, 0x33, 0x32, 0x20, 0x20, 0x20, 0x0E, 0xEE, 0xCD, 0xCC, 0xDE, 0x01
    .byte   0x22, 0x22, 0xEF, 0xDE, 0xDF, 0x01, 0x22, 0x32, 0x22,    6, 0x0E, 0xEE, 0xEE, 0xDF, 0xEE, 0xFE
    .byte   0xEE, 0x0F, 0xE0, 0xDD, 0xDD, 0xE2, 0x34, 0x45, 0x54, 0x53, 0x0C, 0xED, 0xD4, 0x13, 0x32, 0x2F
    .byte   0x30, 0x12, 0xE0, 0xEE, 0xDC, 0xDC, 0xCE, 0xEF, 0x22, 0x21,    2, 0x0E, 0xED, 0xEE, 0xF2, 0x03
    .byte   0x12, 0x22, 0x0F, 0xFF, 0xEE, 0xEE, 0xEE, 0xEE, 0xEF, 0xE1, 0xEE, 0xED, 0xDD, 0xDF, 0x24, 0x44
    .byte   0x45, 0x45, 0x21, 0xDE, 0xDE, 0x32, 0x33, 0x13, 0x12, 0x11, 0x2E,   70, 0x0E, 0xDE, 0xCD, 0xCE
    .byte   0xDE, 0xE0, 0x20, 0x11, 0xEF, 0xDF, 0xFF, 0x12, 0x12, 0x22, 0x12, 0x0E, 0xFE, 0xEE, 0xEF, 0xEE
    .byte   0xEE, 0xEE, 0xFE, 0xFF, 0xED, 0xCE, 0xD1, 0x34, 0x44, 0x54, 0x54, 0x1E,   36, 0x00, 0xD1, 0x33
    .byte   0x22, 0x32, 0x20, 0x2E, 0x1E, 0xEF, 0xDD, 0xCD, 0xDD, 0xEE, 0xF0, 0xF1, 0x0F, 0xFE, 0x1E, 0x11
    .byte   0xF1, 0x10, 0x20, 0x22, 0x11, 0xFF, 0xFE, 0xED, 0xEE, 0xFE, 0xDF, 0xEF, 0xEF,  -57, 0x0E, 0xDD
    .byte   0xD1, 0x24, 0x34, 0x54, 0x54, 0x21, 0xD1, 0xEF, 0x32, 0x31, 0x23, 0x12, 0x11, 0xFE, 0x1D, 0xDD
    .byte   0xCD, 0xDE, 0xD0, 0xEE, 0x1E, 0x1F, 0x00, 0xF1, 0xF0, 0x0F, 0x01, 0x12, 0x12, 0x21,    1, 0x0F
    .byte   0x0E, 0xEE, 0xDE, 0xEE, 0xEE, 0xFE, 0x1E, 0xEE, 0xCE, 0xD1, 0x32, 0x43, 0x45, 0x44, 0x33, 0xEE
    .byte   0x2E, 0x23, 0x12, 0x13, 0x21, 0x21, 0x1F, 0xEE, 0xDD, 0xDD, 0xDD, 0xEE, 0xDE, 0xEF, 0xF0,  -14
    .byte   0x0F, 0xF0, 0x01, 0xFF, 0x0F, 0x12, 0x21, 0x12, 0x00, 0x11, 0xEE, 0xEE, 0xDF, 0xEE, 0xEE, 0xFF
    .byte   0xEE, 0xDD, 0xEE, 0x12, 0x33, 0x34, 0x54, 0x52, 0x2E, 0xD2, 0x13, 0x32, 0x2F, 0x22, 0x12, 0x10
    .byte     70, 0x0E, 0xED, 0xDE, 0xDD, 0xEE, 0xDD, 0xDF, 0xE1, 0x01, 0x0F, 0xF0, 0x00, 0x1F, 0x01, 0x21
    .byte   0x21, 0x22, 0x01, 0x0E, 0xEE, 0xEE, 0xEE, 0xEE, 0xEE, 0xEE, 0xEE, 0xEE, 0xDF, 0xE2, 0x33, 0x35
    .byte   0x54,   31, 0x02, 0x2D, 0x02, 0x33, 0x23, 0xEE, 0x23, 0x20, 0x2E, 0xDD, 0xEE, 0xDE, 0xED, 0xDE
    .byte   0xDE, 0xD0, 0x1F, 0xE2, 0x0E, 0x00, 0x2E, 0x01, 0x01, 0x12, 0x02, 0x22, 0x11, 0x1F, 0xEE, 0x0E
    .byte   0xED, 0xFE,  -32, 0x0F, 0xEE, 0xEE, 0xEE, 0xDF, 0xFF, 0x12, 0x13, 0x34, 0x42, 0x32, 0x23, 0x33
    .byte   0x32, 0x23, 0x13, 0x30, 0x2F, 0xFE, 0xEE, 0xEE, 0xDF, 0xDE, 0xDE, 0xDD, 0xED, 0xEE, 0xFE, 0x0E
    .byte   0xFF, 0xEF, 0xFF,  -32, 0x01, 0x22, 0x12, 0x01, 0x01, 0x1F, 0x0F, 0xEE, 0xEF, 0xEF, 0xEF, 0xED
    .byte   0xEE, 0xFF, 0x02, 0x12, 0x34, 0x43, 0x32, 0x22, 0x33, 0x33, 0x22, 0x22, 0x32, 0x10, 0xFE, 0xEE
    .byte   0xEE, 0xDE, 0xED, 0xDE,   14, 0x0D, 0xEE, 0xEE, 0xEE, 0xFF, 0xF0, 0xFE, 0x1F, 0xF0, 0x21, 0x02
    .byte   0x21, 0x12, 0x10, 0xE0, 0xEE, 0xFE, 0xEE, 0xEF, 0xEE, 0xEE, 0xEE, 0xEF, 0x10, 0x23, 0x34, 0x43
    .byte   0x22, 0x32, 0x34, 0x23, 0x12,   68, 0x02, 0x32, 0x0F, 0xFE, 0xED, 0xFE, 0xDE, 0xED, 0xDD, 0xDF
    .byte   0xDE, 0x0D, 0xF0, 0xEF, 0x1E, 0xFE, 0xF0, 0x02, 0x20, 0x12, 0x12, 0x11, 0x1F, 0xFF, 0xE0, 0xEE
    .byte   0xFE, 0xEF, 0xEE, 0xEE, 0xEE, 0xEE,  -67, 0x00, 0x13, 0x34, 0x43, 0x22, 0x32, 0x34, 0x23, 0x21
    .byte   0x32, 0x32, 0x2F, 0xEE, 0xEE, 0xEF, 0xDE, 0xDE, 0xDD, 0xDE, 0xDF, 0xEE, 0xEE, 0xFF, 0xE0, 0xEF
    .byte   0xE1, 0x02, 0x21, 0x21, 0x21, 0x12, 0x10,   -8, 0x0F, 0xFE, 0xFE, 0xEF, 0xEE, 0xEE, 0xEE, 0xEE
    .byte   0xEE, 0xFF, 0x02, 0x34, 0x33, 0x4F, 0x32, 0x24, 0x33, 0x22, 0x23, 0x23, 0x21, 0x0E, 0xEE, 0xD0
    .byte   0xEE, 0xED, 0xDD, 0xDF, 0xDD, 0xFE, 0xDF, 0xEF,  -24, 0x0F, 0xFF, 0xEF, 0x1F, 0x21, 0x21, 0x22
    .byte   0x12, 0x12, 0xFF, 0xFE, 0xE0, 0xFE, 0xFE, 0xEE, 0xED, 0xFE, 0xEE, 0xEE, 0x00, 0x23, 0x34, 0x33
    .byte   0x32, 0x32, 0x43, 0x23, 0x03, 0x23, 0x31, 0x00, 0xEE,   72, 0x0E, 0xEF, 0xDE, 0xED, 0xDE, 0xDD
    .byte   0xEE, 0xDE, 0xEF, 0xEF, 0xF0, 0xEE, 0x01, 0x02, 0x21, 0x21, 0x22, 0x02, 0x2F, 0xFF, 0xFF, 0xEE
    .byte   0xFF, 0xEE, 0xDF, 0xEE, 0xFE, 0xED, 0x0E, 0x10, 0x23, 0x33,  -21, 0x03, 0x32, 0x32, 0x33, 0x33
    .byte   0x23, 0x22, 0x32, 0x2F, 0xEE, 0xDE, 0xEE, 0xEE, 0xED, 0xDE, 0xDE, 0xED, 0xDF, 0xEE, 0xF0, 0xE0
    .byte   0xE0, 0xF0, 0x01, 0x22, 0x01, 0x22, 0x12, 0x2F, 0x0F, 0xE0, 0xEF,  -17, 0x0E, 0xEE, 0xEF, 0xEE
    .byte   0xEE, 0x0D, 0xE0, 0xF1, 0x22, 0x33, 0x43, 0x32, 0x23, 0x33, 0x33, 0x22, 0x23, 0x32, 0x2F, 0xFE
    .byte   0xDE, 0xEE, 0xEE, 0xED, 0xDD, 0xED, 0xFD, 0xEE, 0xDE, 0x0F, 0x0F, 0xFF,  -30, 0x00, 0x10, 0x21
    .byte   0x12, 0x21, 0x12, 0x12, 0xFF, 0xFF, 0xEF, 0xEF, 0xEE, 0xEE, 0xEE, 0xEE, 0xEE, 0xE2, 0x01, 0x12
    .byte   0x24, 0x43, 0x31, 0x22, 0x34, 0x32, 0x22, 0x21, 0x33, 0x21, 0x0E, 0xDD, 0xFF,   55, 0x0E, 0xED
    .byte   0xCD, 0xEE, 0xE1, 0xFC, 0xDF, 0xF0, 0x23, 0xED, 0xE0, 0x01, 0x32, 0x00, 0x22, 0x11, 0x30, 0xEE
    .byte   0xFE, 0xEF, 0xEE, 0xDE, 0xEE, 0xEF, 0xED, 0xDF, 0xF2, 0x32, 0x31, 0x35, 0x53, 0x32,   36, 0x0F
    .byte   0x04, 0x3E, 0xE0, 0xFF, 0x34, 0x2D, 0xED, 0xDE, 0x2F, 0xDD, 0xDD, 0xD0, 0x1E, 0xED, 0xEE, 0xE2
    .byte   0x20, 0x0E, 0x02, 0x23, 0x11, 0x1F, 0xF3, 0x23, 0xEE, 0x1E, 0xEF, 0x0E, 0xDD, 0xEE, 0xEE,  -40
    .byte   0x0E, 0xDF, 0xEF, 0x0E, 0xEE, 0xE2, 0x23, 0x32, 0x35, 0x54, 0x33, 0x0F, 0xE3, 0x31, 0xEE, 0xEF
    .byte   0x33, 0x31, 0xEC, 0xDF, 0x0E, 0xED, 0xCD, 0xD0, 0x2E, 0xFD, 0xDE, 0xF2, 0x31, 0xFE, 0xF2, 0x23
    .byte      7, 0x01, 0xFF, 0x02, 0x22, 0xFE, 0xEE, 0xE0, 0xFF, 0xDD, 0xDE, 0xD2, 0xEE, 0xDD, 0xEF, 0x01
    .byte   0x10, 0xDE, 0x14, 0x34, 0x35, 0x44, 0x33, 0x20, 0xE3, 0x2E, 0xE0, 0xF1, 0x23, 0x2F, 0xFD, 0xDE
    .byte   0xEF,   34, 0x0D, 0xDD, 0xD1, 0x1E, 0xEE, 0xEE, 0xE2, 0x22, 0xFF, 0x12, 0xF3, 0x31, 0x01, 0x01
    .byte   0x11, 0x0F, 0xEE, 0xEF, 0xFE, 0xED, 0xED, 0xEE, 0xEE, 0xED, 0xEE, 0x11, 0x1F, 0xEF, 0x13, 0x24
    .byte   0x33, 0x54,   33, 0x03, 0x32, 0xFF, 0x30, 0xEE, 0xEF, 0x21, 0x32, 0xFE, 0xDD, 0x0E, 0xEE, 0xDD
    .byte   0xDE, 0x1E, 0xEF, 0xEE, 0xEF, 0x20, 0x20, 0xF1, 0x12, 0x32, 0x11, 0x02, 0xE1, 0x2E, 0xEF, 0xEF
    .byte   0xFF, 0xED, 0xED,  -34, 0x0E, 0xEE, 0xED, 0xEF, 0x11, 0x1F, 0xEE, 0xE2, 0x33, 0x33, 0x35, 0x43
    .byte   0x43, 0x1F, 0x22, 0x10, 0xEE, 0xF1, 0x12, 0x21, 0xED, 0xEE, 0xEE, 0x0D, 0xDD, 0xFE, 0x10, 0xFE
    .byte   0xEE, 0xE0, 0x31, 0x0F,   -8, 0x01, 0x12, 0x22, 0x10, 0xE0, 0x11, 0x01, 0xEE, 0xEF, 0x0E, 0xEE
    .byte   0xED, 0xEE, 0xFF, 0xFE, 0xEE, 0xF0, 0x11, 0x0E, 0xE1, 0x23, 0x33, 0x35, 0x33, 0x33, 0x21, 0x22
    .byte   0x11, 0x0E, 0xF2, 0x01, 0x2F,   52, 0x0D, 0xEE, 0xEE, 0xFE, 0xDE, 0xEF, 0x1F, 0xEF, 0xFE, 0xE1
    .byte   0x11, 0x1F, 0x01, 0x00, 0x21, 0x10, 0xF1, 0x00, 0x11, 0xFE, 0x0E, 0x0F, 0xEE, 0xEE, 0xEF, 0xE0
    .byte   0x0E, 0xFE, 0x01, 0x11, 0xFF, 0x00,  -41, 0x02, 0x22, 0x22, 0x33, 0x23, 0x22, 0x22, 0x22, 0x22
    .byte   0x00, 0x01, 0x21, 0x00, 0xEE, 0xFE, 0xEF, 0xEF, 0xEE, 0xEF, 0x0E, 0xF0, 0xEF, 0xFF, 0xF0, 0xFF
    .byte   0xFF, 0xFF, 0x00, 0x00, 0x00, 0x00, 0x01,   -7, 0x0F, 0xFF, 0xF0, 0xFF, 0xFF, 0xFF, 0xFF, 0xF0
    .byte   0xEF, 0xFF, 0x10, 0x11, 0x01, 0x00, 0x11, 0x10, 0x20, 0x21, 0x21, 0x22, 0x12, 0x10, 0x22, 0x12
    .byte   0x21, 0x12, 0x11, 0x20, 0x0F, 0xFF, 0xFF, 0x0E,   28, 0x0F, 0xEF, 0xEF, 0xFE, 0xEF, 0xE0, 0xFF
    .byte   0x0E, 0xFF, 0xFF, 0x0F, 0xFF, 0xFF, 0xF0, 0x00, 0x10, 0x00, 0xF0, 0x10, 0x0F, 0xFF, 0x10, 0x10
    .byte   0xFF, 0x00, 0x1F, 0x01, 0x01, 0x0F, 0x11, 0x01, 0x10,   -9, 0x01, 0x11, 0x01, 0x11, 0x02, 0x11
    .byte   0x02, 0x02, 0x00, 0x20, 0x11, 0x10, 0x12, 0xF0, 0x01, 0xF1, 0xFF, 0xFF, 0xFF, 0xF0, 0xE0, 0xF0
    .byte   0xE0, 0xE0, 0x0E, 0x0E, 0xFF, 0xF0, 0xF0, 0x0E, 0x00, 0x1F,  -13, 0x00, 0xF1, 0x00, 0x01, 0x01
    .byte   0xF1, 0x1F, 0x10, 0x01, 0xF1, 0x11, 0x00, 0x10, 0x1F, 0x10, 0x10, 0x00, 0x11, 0x01, 0x01, 0x10
    .byte   0x01, 0x11, 0x01, 0x1F, 0x11, 0x11, 0x11, 0x01, 0xF1, 0x11, 0x0E,   10, 0x00, 0x01, 0x0F, 0xFF
    .byte   0xFF, 0x10, 0xFF, 0xF0, 0xF0, 0xF0, 0xEF, 0x0F, 0x0F, 0x12, 0xE0, 0xEF, 0x20, 0x0E, 0x0F, 0x20
    .byte   0x1E, 0x2F, 0xE2, 0x12, 0xF0, 0xE0, 0x1F, 0x01, 0x0F, 0x12, 0x0F, 0x01,   -1, 0x02, 0x0D, 0x02
    .byte   0x22, 0x0E, 0xE1, 0x22, 0x10, 0xEF, 0xFF, 0x22, 0x11, 0xDF, 0x11, 0x01, 0xEE, 0xF2, 0x22, 0xE2
    .byte   0x0E, 0xE1, 0x11, 0x1E, 0xE2, 0x2E, 0x12, 0xEE, 0x11, 0x12, 0xFE, 0x00, 0xF3,    8, 0x0E, 0xD1
    .byte   0xF2, 0x20, 0xE0, 0xFE, 0x21, 0x1F, 0x01, 0xE2, 0x2E, 0x0F, 0xE2, 0x20, 0xE1, 0x0E, 0x20, 0x02
    .byte   0x1D, 0x12, 0x11, 0xFE, 0xE2, 0xE2, 0x3E, 0xEF, 0x02, 0x2E, 0x2E, 0xD1, 0x2F, 0x3E,   -5, 0x02
    .byte   0xF1, 0x2F, 0xE1, 0xEE, 0x30, 0x12, 0xED, 0x3E, 0xF3, 0x0D, 0xF0, 0xE3, 0x2E, 0xFE, 0xE3, 0x21
    .byte   0xEE, 0xE0, 0x30, 0x2E, 0xFE, 0xF2, 0x3E, 0xEF, 0xE1, 0xF2, 0x3E, 0xEE, 0x12, 0x3E, 0xE1,   -5
    .byte   0x0E, 0x32, 0x2D, 0xEE, 0x13, 0x22, 0xE1, 0xC3, 0x3F, 0x0E, 0xEE, 0xF3, 0xF3, 0xFC, 0x02, 0x03
    .byte   0xEE, 0xFE, 0xF1, 0x30, 0xEF, 0xE2, 0x3D, 0x22, 0xDE, 0x3E, 0xE3, 0x0E, 0x0F, 0xD1, 0x31, 0xD4
    .byte      4, 0x0C, 0x41, 0xD4, 0xED, 0xF1, 0xEE, 0x43, 0xCF, 0x2D, 0x32, 0xC4, 0xB2, 0x31, 0x5D, 0xC0
    .byte   0x3D, 0x24, 0xDD, 0xC3, 0x15, 0x3C, 0xEE, 0xDE, 0x44, 0xCD, 0xEC, 0x53, 0xD3, 0xDD, 0xE2, 0x41
    .byte   0xDE,   -5, 0x01, 0x3F, 0x3D, 0xC3, 0xE3, 0x2C, 0x03, 0xE1, 0x3E, 0xD3, 0x2C, 0x50, 0xB3, 0x2C
    .byte   0x43, 0xB3, 0x2D, 0xF5, 0xDC, 0x4B, 0x35, 0xD2, 0x2B, 0xF4, 0x30, 0x4A, 0xD3, 0x22, 0x5B, 0xC4
    .byte   0xB5, 0x5B,    1, 0x02, 0xA5, 0x31, 0x31, 0xBD, 0x5D, 0x34, 0xBD, 0x4D, 0xE5, 0xEC, 0x4B, 0xD6
    .byte   0xDD, 0x4C, 0xC5, 0xD3, 0x4E, 0x96, 0xFB, 0x7B, 0xD4, 0xEB, 0x6D, 0xC6, 0xBB, 0x5C, 0x25, 0xC2
    .byte   0xC1, 0x41, 0x31,  -11, 0x04, 0xCE, 0x6A, 0x6A, 0xF5, 0xB5, 0x2C, 0x21, 0xA7, 0xEC, 0x5C, 0xB5
    .byte   0xFC, 0x79, 0xE6, 0x97, 0x3A, 0x42, 0x96, 0x4A, 0x7A, 0xD5, 0xDD, 0x5D, 0xC2, 0xE1, 0x40, 0xC6
    .byte   0x95, 0x2C, 0x5D, 0xC1,   12, 0x0A, 0x79, 0x6D, 0xB6, 0xA5, 0x1E, 0xC5, 0xB4, 0x4D, 0xC5, 0xB2
    .byte   0x69, 0x50, 0xB4, 0x2C, 0x43, 0xA6, 0xEB, 0x6C, 0xD3, 0x1B, 0x6D, 0xD5, 0xA4, 0xD3, 0x3D, 0x2D
    .byte   0xD3, 0xF3, 0x3D, 0xC4, 0xD1,   17, 0x0C, 0xD4, 0xB3, 0x5C, 0x4C, 0xC3, 0x3D, 0x33, 0xBE, 0x5A
    .byte   0x7C, 0xF2, 0xB5, 0xB7, 0x95, 0xCE, 0x4E, 0x4D, 0x2C, 0x0E, 0x31, 0x2C, 0x3E, 0xD6, 0xB3, 0x3A
    .byte   0x6C, 0x12, 0xE1, 0xD4, 0xB6, 0xC3,   -2, 0x0F, 0x2C, 0x6A, 0x5C, 0x12, 0xF3, 0x1C, 0x4B, 0x42
    .byte   0xD5, 0xB4, 0xB5, 0xC3, 0x4A, 0x6A, 0x43, 0xD2, 0x2D, 0xD3, 0x11, 0xE4, 0xB4, 0xFE, 0x3D, 0x3C
    .byte   0x4D, 0x3D, 0x2E, 0x10, 0xE3, 0xD3, 0xEE,   -2, 0x03, 0xD3, 0xDE, 0x3E, 0x02, 0xEE, 0x2F, 0x3E
    .byte   0x0E, 0xFF, 0x22, 0xE0, 0x2D, 0x22, 0xD3, 0xD2, 0xE2, 0xE2, 0x3D, 0x3C, 0x3E, 0x2E, 0x12, 0xD4
    .byte   0xC5, 0xB3, 0x0D, 0x4C, 0x3F, 0xD4, 0xC3, 0x2D,    9, 0x0C, 0x4C, 0x3F, 0xD3, 0xFF, 0x3E, 0xD4
    .byte   0xB5, 0xC3, 0xFC, 0x5C, 0x3E, 0x2D, 0x12, 0xF0, 0x3D, 0xF2, 0xC5, 0xB5, 0xC3, 0xED, 0x4D, 0x3D
    .byte   0x2D, 0x21, 0x2E, 0x2D, 0x3D, 0x33, 0xC4, 0xB4, 0xC5,    0, 0x0D, 0x5A, 0x6C, 0xF4, 0xC1, 0x1E
    .byte   0x12, 0xE2, 0xE1, 0x02, 0xE2, 0xE2, 0x1D, 0x3D, 0x22, 0xD3, 0xD3, 0x0D, 0x4C, 0x3D, 0x3E, 0x01
    .byte   0xF1, 0x2E, 0x12, 0xC4, 0xD2, 0x1D, 0x3F, 0x12, 0xD3, 0xEE,    9, 0x0C, 0x4D, 0xF2, 0xD3, 0xE2
    .byte   0x1D, 0x22, 0xD4, 0xC3, 0xFD, 0x4D, 0x12, 0xEF, 0x10, 0x11, 0x1E, 0xE2, 0xE3, 0xEE, 0x3C, 0x3F
    .byte   0x21, 0xE3, 0xD2, 0xFF, 0x2E, 0x2D, 0x21, 0xE3, 0xEE, 0x11, 0x01,    7, 0x0D, 0x2D, 0x3F, 0xF2
    .byte   0xE2, 0xD2, 0x2F, 0x2E, 0xE2, 0xD3, 0xF1, 0x1D, 0x3D, 0x3E, 0x13, 0xC3, 0xE1, 0x2E, 0x2E, 0x2D
    .byte   0x4C, 0x3F, 0xD4, 0xC3, 0xF1, 0xE2, 0xE1, 0x2E, 0x2E, 0x12, 0xD3, 0xEE,    6, 0x0C, 0x4D, 0x20
    .byte   0x10, 0xF2, 0xD3, 0xD2, 0x1E, 0x3E, 0xF1, 0xE1, 0xE3, 0xD3, 0xEE, 0x3C, 0x5B, 0x4D, 0xF3, 0xD3
    .byte   0xE1, 0xE2, 0xE3, 0xD3, 0xD1, 0x1E, 0x3D, 0x3D, 0x3D, 0x20, 0x2E, 0x0F, 0x02,   -3, 0x02, 0xE2
    .byte   0xFE, 0x3D, 0x21, 0xFE, 0x21, 0xE2, 0xE2, 0xE2, 0xE2, 0x0E, 0x2D, 0x3E, 0x13, 0xD1, 0x0E, 0x3E
    .byte   0x1F, 0x0E, 0x02, 0x0F, 0x01, 0xE3, 0xEF, 0x1E, 0x02, 0xE3, 0xD3, 0xC4, 0xD1, 0x3C,    9, 0x0C
    .byte   0x22, 0xE2, 0x1E, 0x10, 0x02, 0xF0, 0xD3, 0xEE, 0x4C, 0x3E, 0xE3, 0xE0, 0x1E, 0x11, 0xE3, 0xD2
    .byte   0x3C, 0x4D, 0x1F, 0x12, 0xD3, 0xD3, 0xFE, 0x0F, 0x00, 0x1F, 0x2E, 0x2E, 0x20, 0xE1, 0x00,    0
    .byte   0x01, 0x1E, 0x2E, 0x12, 0xE2, 0xE1, 0xE1, 0x21, 0xEF, 0x2E, 0x2E, 0x20, 0xE2, 0xE3, 0xD3, 0xD1
    .byte   0x2E, 0x20, 0xE2, 0xFE, 0x20, 0xE2, 0xEF, 0x3D, 0x3E, 0x0F, 0x00, 0xF2, 0xE0, 0xF1, 0xF2, 0xF2
    .byte      0, 0x01, 0x1E, 0x3D, 0x2E, 0xE3, 0xD3, 0xE0, 0x3C, 0x30, 0xF1, 0xE2, 0xD4, 0xC4, 0xD2, 0xE1
    .byte   0x2D, 0x3D, 0x3E, 0x2D, 0x2F, 0x2E, 0x20, 0xE2, 0xE2, 0xFF, 0xF1, 0x01, 0x0F, 0xF1, 0xE3, 0xD3
    .byte   0xEE,    1, 0x0F, 0x10, 0xFE, 0x2E, 0x3E, 0x01, 0xE2, 0x01, 0x0E, 0x00, 0xF2, 0xE1, 0xFF, 0x2E
    .byte   0x3E, 0xE1, 0x01, 0x1E, 0x2E, 0x21, 0xF2, 0xD2, 0xF0, 0x2E, 0x2E, 0xF2, 0xF0, 0xFF, 0x1F, 0x1E
    .byte   0x3D, 0x3D,    1, 0x00, 0x01, 0xE2, 0xE1, 0xE3, 0xD3, 0xD2, 0x1F, 0x2E, 0x2D, 0x3D, 0x3E, 0xF2
    .byte   0xD3, 0xD3, 0xE2, 0xFE, 0x3D, 0x3D, 0x2F, 0x1E, 0x2E, 0x02, 0xE2, 0xF2, 0x00, 0xD3, 0xD2, 0x1F
    .byte   0x0E, 0x20, 0xF3,   -2, 0x02, 0xEE, 0x3D, 0x3E, 0x1E, 0x3D, 0x3D, 0x12, 0xD3, 0xF2, 0xE2, 0xC4
    .byte   0xD3, 0xEF, 0xF2, 0xFF, 0x2D, 0x3D, 0x31, 0xEE, 0x3C, 0x4F, 0xD3, 0xD2, 0xF0, 0x10, 0x1F, 0x1F
    .byte   0x00, 0xF1, 0xFF, 0x2F,    1, 0x00, 0x01, 0xE2, 0xE2, 0xE1, 0xE3, 0xD3, 0xE1, 0x2C, 0x4C, 0x4E
    .byte   0xFF, 0xF2, 0x10, 0xF2, 0xC3, 0xE3, 0xEE, 0x1F, 0x3E, 0x2E, 0xEE, 0x23, 0xE3, 0xC2, 0xF2, 0xF1
    .byte   0xEE, 0x1F, 0x32, 0xE1, 0xDF,    9, 0x0C, 0x5B, 0x3D, 0x3F, 0x2F, 0xE2, 0xC5, 0xC4, 0xC2, 0xD3
    .byte   0xD3, 0x2D, 0xE4, 0xC5, 0xDC, 0x4B, 0x5C, 0x5B, 0x4B, 0x42, 0xF4, 0xB3, 0xC4, 0xD3, 0x2D, 0x10
    .byte   0xD5, 0xEE, 0xDE, 0x03, 0x12, 0x2C,   -2, 0x0F, 0x03, 0xFD, 0x1D, 0x22, 0x4E, 0xEC, 0x22, 0x22
    .byte   0xEE, 0xE2, 0x23, 0x3C, 0xD2, 0xD4, 0xFE, 0x1E, 0xD4, 0xE3, 0x1C, 0x1E, 0x32, 0x2E, 0xED, 0x32
    .byte   0x2F, 0xFD, 0xE3, 0xE3, 0xFE, 0x1D, 0x23,    3, 0x02, 0xDF, 0xD3, 0xF4, 0xD2, 0xED, 0x4C, 0x4D
    .byte   0x11, 0xC2, 0x4D, 0x3D, 0xD2, 0x22, 0x4D, 0xDE, 0xE4, 0xFE, 0x0F, 0xC4, 0xE4, 0xDE, 0x0D, 0x31
    .byte   0x21, 0xDD, 0x22, 0x30, 0x0D, 0x1D, 0x41, 0x1E,   -6, 0x02, 0xF3, 0x1E, 0xED, 0xE4, 0x02, 0xEE
    .byte   0xE2, 0x03, 0x0D, 0x01, 0x03, 0x1D, 0x2D, 0xF3, 0xD3, 0xD0, 0x12, 0x11, 0x10, 0x2C, 0x30, 0x20
    .byte   0xE0, 0x11, 0x01, 0x10, 0xD3, 0xE0, 0x10, 0xD3, 0xE1,    2, 0x0E, 0x1F, 0x03, 0xEE, 0x3C, 0x32
    .byte   0xE2, 0xDE, 0x22, 0xF2, 0xEE, 0x2E, 0x22, 0x1E, 0x1F, 0xE3, 0xF2, 0xED, 0xF0, 0x3F, 0xF1, 0xD0
    .byte   0x23, 0x2E, 0xED, 0x20, 0x12, 0x2D, 0xF2, 0x02, 0x0E, 0x0F,   -2, 0x01, 0x11, 0x0E, 0x22, 0xE0
    .byte   0xE1, 0x2F, 0xE2, 0xFE, 0x10, 0x21, 0xE1, 0x2E, 0x02, 0xFF, 0xE1, 0x3E, 0xFE, 0x00, 0x02, 0x10
    .byte   0xDE, 0x23, 0x0F, 0xEF, 0xF1, 0x22, 0xFE, 0xE1, 0x22, 0x1F, 0xEF,   -2, 0x02, 0xF2, 0xFD, 0x11
    .byte   0x21, 0xF0, 0xEF, 0x20, 0x2E, 0xF0, 0x11, 0x11, 0x00, 0xE0, 0x02, 0xFE, 0xF0, 0xF1, 0x20, 0xFE
    .byte   0x01, 0x02, 0x00, 0xEF, 0x02, 0x20, 0xE1, 0xE0, 0x21, 0x0E, 0xF0, 0x12,    6, 0x0F, 0xEF, 0xF1
    .byte   0x21, 0x0E, 0xE1, 0x22, 0x00, 0xEE, 0x12, 0x20, 0xFE, 0xF0, 0x22, 0x0E, 0xF0, 0x11, 0x1F, 0xEE
    .byte   0xF1, 0x00, 0xFE, 0xEF, 0x01, 0x0E, 0xEE, 0x01, 0x21, 0x0E, 0xE0, 0x23, 0x11,   -9, 0x01, 0xF4
    .byte   0x23, 0x3F, 0x32, 0x13, 0xF0, 0xED, 0xFE, 0xEE, 0xDF, 0xFE, 0xF1, 0xF1, 0xFF, 0x00, 0x10, 0xEE
    .byte   0xEF, 0x0E, 0xDD, 0xDD, 0xFF, 0xEE, 0xED, 0xF0, 0x02, 0x01, 0x33, 0x43, 0x55, 0x24,   54, 0x03
    .byte   0x3C, 0x30, 0xCD, 0xC2, 0xDC, 0x2D, 0xFF, 0xE3, 0x30, 0x21, 0x42, 0x02, 0xFF, 0xEE, 0x0D, 0xDD
    .byte   0xEE, 0xE1, 0x0F, 0xDE, 0x22, 0x1E, 0xDE, 0xE1, 0x2E, 0xED, 0xC0, 0xE0, 0xFE, 0x22, 0x45,    9
    .byte   0x06, 0x43, 0x32, 0x0E, 0xEC, 0xBC, 0xCE, 0xED, 0xD0, 0xF2, 0x43, 0x32, 0x22, 0x33, 0x22, 0xDD
    .byte   0xDE, 0xFD, 0xDC, 0xE0, 0x02, 0x3E, 0xE1, 0x32, 0x1E, 0xEE, 0xEF, 0xEE, 0xCD, 0xFD, 0xDD, 0xDE
    .byte    -92, 0x03, 0x54, 0x45, 0x65, 0x44, 0xFF, 0xEC, 0xCB, 0xBB, 0xDF, 0x1E, 0x02, 0x25, 0x43, 0x42
    .byte   0x21, 0x32, 0xDD, 0xCD, 0xDD, 0xDD, 0xDD, 0x03, 0x33, 0x31, 0x32, 0x12, 0x0D, 0xDD, 0xED, 0xCD
    .byte   0xDE,  -63, 0x0E, 0xED, 0xDE, 0x34, 0x34, 0x55, 0x75, 0x41, 0xDD, 0xEC, 0xCB, 0xAB, 0xE2, 0x32
    .byte   0x22, 0x34, 0x55, 0x3F, 0xEE, 0x1E, 0xEC, 0xCC, 0xDF, 0x0E, 0xEF, 0x12, 0x43, 0x3E, 0x12, 0x0F
    .byte   0xED, 0xDC,  -25, 0x0E, 0xED, 0xDF, 0xEE, 0xE0, 0x2D, 0xC2, 0x34, 0x45, 0x56, 0x62, 0x00, 0xDD
    .byte   0xCB, 0xCC, 0xBD, 0x13, 0x32, 0x33, 0x44, 0x43, 0x1E, 0xED, 0xED, 0xDC, 0xCE, 0xF2, 0xFF, 0x22
    .byte   0x13, 0x33, 0xFF,   21, 0x01, 0xDD, 0xEE, 0xDD, 0xED, 0xEE, 0xEF, 0x0E, 0xED, 0xEE, 0x0F, 0x14
    .byte   0x54, 0x56, 0x70, 0xEF, 0xCD, 0xCB, 0xCB, 0xBD, 0x34, 0x32, 0x34, 0x45, 0x42, 0xEC, 0xD0, 0xDD
    .byte   0xCC, 0xC0, 0x23, 0x31,   -2, 0x02, 0x33, 0x20, 0xDE, 0xE0, 0xEE, 0xDD, 0xEF, 0xEE, 0xEE, 0xEF
    .byte   0xFE, 0xDD, 0xEE, 0xD0, 0x45, 0x35, 0x67, 0x6D, 0xCD, 0xDD, 0xCB, 0xBB, 0xCE, 0x44, 0x33, 0x44
    .byte   0x44, 0x32, 0xDC, 0xCE, 0xDC,  -10, 0x0C, 0x12, 0x33, 0x22, 0x23, 0x22, 0x0D, 0xDE, 0x1E, 0xDD
    .byte   0xEE, 0x0F, 0xFE, 0xDF, 0xEF, 0x1D, 0xDE, 0xDC, 0x24, 0x44, 0x45, 0x77, 0x4C, 0xCD, 0xCD, 0xBB
    .byte   0xBB, 0xD3, 0x54, 0x33, 0x44, 0x53,   72, 0x0D, 0xCD, 0xCE, 0xDC, 0xCE, 0x33, 0x33, 0x3F, 0x02
    .byte   0x02, 0xEC, 0xEF, 0xEE, 0xDE, 0xE1, 0x1E, 0xED, 0xEF, 0xEE, 0x1E, 0xCD, 0xD1, 0x43, 0x45, 0x55
    .byte   0x76, 0xEC, 0xCC, 0xEB, 0xBB, 0xBD, 0xF4,  -12, 0x04, 0x33, 0x44, 0x50, 0xDC, 0xCC, 0xDE, 0xDC
    .byte   0xC0, 0x44, 0x32, 0x21, 0xF2, 0x2E, 0xDD, 0xD0, 0xFE, 0xED, 0x10, 0xEF, 0xED, 0xEE, 0xD2, 0x0C
    .byte   0xDE, 0xE1, 0x35, 0x55, 0x56, 0x73, 0xCC, 0xCC,   37, 0x0B, 0xBC, 0xCD, 0x35, 0x44, 0x34, 0x44
    .byte   0x3E, 0xCD, 0xCC, 0xDD, 0xDC, 0xE3, 0x43, 0x32, 0x20, 0xF1, 0x1E, 0xCE, 0xEE, 0x1E, 0xEF, 0xDE
    .byte   0x0F, 0xEE, 0xDD, 0x01, 0xDD, 0x0E, 0xEE, 0x45, 0x65,   48, 0x06, 0x6D, 0xBC, 0xCC, 0xCC, 0xBB
    .byte   0xE1, 0x45, 0x44, 0x24, 0x33, 0x3D, 0xCD, 0xCC, 0xEE, 0xED, 0xE2, 0x34, 0x3E, 0xFF, 0x20, 0xFD
    .byte   0xED, 0xFE, 0xFE, 0xED, 0x00, 0xEE, 0xDE, 0xE1, 0xFD, 0xCE,  -80, 0x00, 0xE3, 0x55, 0x55, 0x76
    .byte   0x2C, 0xBC, 0xDD, 0xBC, 0xBC, 0x12, 0x45, 0x42, 0x33, 0x43, 0xFE, 0xCC, 0xCE, 0xFE, 0xDD, 0xE2
    .byte   0x43, 0x2F, 0xE1, 0x12, 0xFE, 0xDD, 0xE0, 0xFE, 0xDE, 0xEF, 0xFE,  -47, 0x0E, 0x0E, 0xED, 0xEE
    .byte   0xC0, 0x45, 0x44, 0x56, 0x75, 0xEB, 0xCC, 0xEC, 0xCB, 0xCC, 0xE3, 0x54, 0x32, 0x33, 0x43, 0x2D
    .byte   0xCC, 0xDE, 0xFF, 0xCD, 0x03, 0x32, 0x0F, 0xE0, 0x21, 0x1E, 0xEE, 0xEE,  -14, 0x0E, 0xDE, 0xEF
    .byte   0xEE, 0xEE, 0xEE, 0xDE, 0xED, 0xE2, 0x45, 0x45, 0x66, 0x54, 0xCC, 0xDD, 0xDC, 0xBC, 0xCD, 0x13
    .byte   0x44, 0x23, 0x33, 0x43, 0xED, 0xCD, 0xD0, 0xED, 0xDE, 0xF1, 0x32, 0x0E, 0xE2,    4, 0x01, 0x10
    .byte   0x00, 0xDD, 0xEE, 0xDE, 0xEE, 0xEE, 0xEE, 0x0E, 0xEC, 0xDE, 0x33, 0x44, 0x55, 0x66, 0x50, 0xCC
    .byte   0xDE, 0xDD, 0xBB, 0xCE, 0x23, 0x43, 0x31, 0x13, 0x43, 0x1E, 0xDD, 0xEF, 0xEE, 0xDD,   -4, 0x0F
    .byte   0x12, 0x0E, 0xE1, 0x22, 0x22, 0xEF, 0xEE, 0xDF, 0xFF, 0xDD, 0xDD, 0x01, 0xFD, 0xDD, 0xDD, 0x23
    .byte   0x45, 0x54, 0x56, 0x64, 0xDB, 0xDE, 0xFC, 0xCB, 0xCD, 0xE1, 0x34, 0x22, 0xF3, 0x34, 0x21,   43
    .byte   0x0D, 0xE2, 0x0E, 0xDD, 0xDD, 0xE0, 0x20, 0xEE, 0x11, 0x32, 0x3E, 0xFE, 0xDE, 0xE1, 0xFD, 0xDD
    .byte   0xD1, 0x21, 0xDC, 0xCD, 0xF2, 0x43, 0x44, 0x55, 0x66, 0x5D, 0xCC, 0xE0, 0xFC, 0xBB, 0xCE, 0xF3
    .byte     -6, 0x03, 0x1F, 0x13, 0x34, 0x32, 0xDD, 0x12, 0x1E, 0xDD, 0xDC, 0x0F, 0xEF, 0xEE, 0xE2, 0x24
    .byte   0x22, 0xEE, 0xEE, 0x20, 0xED, 0xDD, 0xD1, 0x1F, 0xDC, 0xDD, 0xD2, 0x34, 0x44, 0x55, 0x66, 0x4F
    .byte   0xCD,   70, 0x01, 0xED, 0xBB, 0xCE, 0xE1, 0x32, 0x1E, 0xF1, 0x34, 0x43, 0xEE, 0xE2, 0x22, 0xED
    .byte   0xCD, 0xCE, 0xD0, 0xE0, 0xEE, 0x23, 0x33, 0x20, 0xEE, 0x02, 0x0E, 0xDD, 0xED, 0xFE, 0xED, 0xDD
    .byte   0xDD, 0x03,  -69, 0x04, 0x45, 0x56, 0x63, 0xFD, 0xDF, 0x0E, 0xDC, 0xCC, 0xCE, 0x12, 0x2F, 0xED
    .byte   0xF2, 0x34, 0x42, 0xEF, 0x13, 0x22, 0xFC, 0xCC, 0xDE, 0xEF, 0xED, 0xE1, 0x23, 0x32, 0x1E, 0xF1
    .byte   0x31, 0xEE, 0xDE,  -25, 0x0F, 0xFE, 0xDD, 0xCD, 0xDE, 0x13, 0x34, 0x44, 0x65, 0x63, 0xFD, 0xD1
    .byte   0x22, 0xFC, 0xCB, 0xDD, 0x11, 0x0F, 0xDD, 0xE1, 0x33, 0x43, 0x11, 0x22, 0x32, 0x1D, 0xDC, 0xDD
    .byte   0xED, 0xEE, 0xEE, 0x12,  -23, 0x02, 0x30, 0x01, 0x12, 0x11, 0xEE, 0xEE, 0xEE, 0xDD, 0xED, 0xED
    .byte   0xDE, 0x23, 0x44, 0x45, 0x55, 0x40, 0xEF, 0x02, 0x22, 0xDC, 0xCC, 0xEE, 0x11, 0xED, 0xDD, 0x01
    .byte   0x23, 0x33, 0x12, 0x12, 0x32,   40, 0x0F, 0xDD, 0xDD, 0xDE, 0xEE, 0xEE, 0xF0, 0x22, 0x10, 0x20
    .byte   0x22, 0x10, 0xFE, 0xEF, 0xEF, 0xED, 0xED, 0xDE, 0xDE, 0x11, 0x33, 0x44, 0x55, 0x43, 0x0E, 0x02
    .byte   0x32, 0x1D, 0xDC, 0xDE, 0x0F, 0xFE,    5, 0x0D, 0xDE, 0x12, 0x32, 0x22, 0x12, 0x23, 0x22, 0x1D
    .byte   0xDD, 0xEE, 0xEE, 0xEE, 0xEE, 0x02, 0x11, 0x10, 0x12, 0x12, 0x10, 0x0E, 0x0E, 0x0D, 0xEE, 0xDF
    .byte   0xED, 0xED, 0xE0, 0x33, 0x34, 0x54, 0x53,   49, 0x0F, 0x02, 0x32, 0x2F, 0xCD, 0xDE, 0xFF, 0xEE
    .byte   0xDC, 0xEE, 0xE2, 0x22, 0x21, 0x22, 0x23, 0x22, 0xFE, 0xEE, 0xED, 0xFE, 0xEE, 0xEE, 0xE0, 0x02
    .byte   0x10, 0x21, 0x12, 0x21, 0x10, 0xEE, 0xEE, 0xEE,  -28, 0x0F, 0xDD, 0xDD, 0xD0, 0x23, 0x34, 0x34
    .byte   0x54, 0x42, 0x02, 0x22, 0x3E, 0xED, 0xDE, 0xEE, 0xDE, 0xED, 0xDD, 0xEF, 0x12, 0x22, 0x22, 0x13
    .byte   0x23, 0x0F, 0xFE, 0xEF, 0xDE, 0xDE, 0xEE, 0x0E, 0x11,  -18, 0x01, 0x10, 0x21, 0x22, 0x11, 0xFE
    .byte   0xEF, 0xFE, 0xED, 0xDE, 0xDD, 0xDE, 0x12, 0x23, 0x34, 0x45, 0x54, 0x22, 0x01, 0x22, 0x2E, 0xDD
    .byte   0xCE, 0xEE, 0xED, 0xDD, 0xDE, 0x12, 0x23, 0x12, 0x22, 0x32,   29, 0x01, 0x0E, 0xEE, 0xEE, 0xED
    .byte   0xDE, 0xEF, 0x01, 0x11, 0x11, 0x12, 0x22, 0x21, 0x10, 0xEE, 0xEE, 0xDF, 0xDE, 0xDE, 0xED, 0xDE
    .byte   0xF2, 0x34, 0x34, 0x45, 0x55, 0x2E, 0xEF, 0x22, 0x2D, 0xDC, 0xCE,   16, 0x0E, 0xFF, 0xDD, 0xDE
    .byte   0x13, 0x33, 0x10, 0x03, 0x33, 0x2F, 0xDD, 0xEE, 0xFE, 0xED, 0xDC, 0xF1, 0x33, 0x00, 0xE0, 0x24
    .byte   0x32, 0xFD, 0xEE, 0xFF, 0xED, 0xDC, 0xEE, 0x0F, 0xED, 0xCE, 0x03, 0x34,  -41, 0x03, 0x45, 0x65
    .byte   0x32, 0xDE, 0xE2, 0x1E, 0xCC, 0xCD, 0xEF, 0x1F, 0xED, 0xD1, 0x23, 0x43, 0x0E, 0xF3, 0x32, 0x1E
    .byte   0xDD, 0xDE, 0xEE, 0xED, 0xFD, 0xE2, 0x33, 0x3E, 0x00, 0x33, 0x3F, 0xDE, 0xDE,  -10, 0x0E, 0xED
    .byte   0xDD, 0xEE, 0x10, 0xFE, 0xEE, 0xFE, 0x12, 0x34, 0x44, 0x45, 0x54, 0x3D, 0xCF, 0x22, 0xEC, 0xCD
    .byte   0xD0, 0xFF, 0x01, 0x1D, 0xF1, 0x23, 0x31, 0xDE, 0x23, 0x20, 0xED, 0xDE, 0xEF, 0xEE,  -11, 0x0E
    .byte   0xEF, 0x23, 0x33, 0x1E, 0xE2, 0x23, 0xEE, 0xDD, 0xEE, 0xFD, 0xED, 0xEE, 0xE0, 0xFF, 0x0F, 0x0F
    .byte   0x1E, 0xEE, 0x23, 0x44, 0x44, 0x45, 0x32, 0xED, 0xE1, 0xFE, 0xDD, 0xDD, 0x00, 0x22, 0x0E,    6
    .byte   0x00, 0x22, 0x22, 0xEE, 0xF2, 0x10, 0xE0, 0xEE, 0xD1, 0x0F, 0xEE, 0xEF, 0x23, 0x22, 0x12, 0x11
    .byte   0x02, 0x1E, 0xDE, 0xDF, 0x0F, 0xDD, 0xEE, 0x1E, 0x0E, 0xDF, 0x12, 0x20, 0xEE, 0xE0, 0x23, 0x43
    .byte    -11, 0x03, 0x45, 0x44, 0xED, 0xD0, 0x0E, 0xED, 0xED, 0xD0, 0x23, 0x3D, 0xCF, 0x23, 0x10, 0xFE
    .byte   0xF2, 0xF0, 0x20, 0xED, 0xEF, 0x20, 0xDE, 0xEF, 0x12, 0x22, 0x21, 0x01, 0x22, 0xFE, 0xDE, 0xE1
    .byte   0x0E,  -16, 0x0D, 0xEE, 0xEE, 0xFE, 0xFF, 0xDE, 0x22, 0x20, 0xF0, 0xFF, 0x03, 0x44, 0x33, 0x44
    .byte   0x43, 0xDE, 0xE1, 0x0E, 0xFD, 0xED, 0xEF, 0x32, 0x1D, 0xEF, 0x02, 0xF0, 0xF0, 0xE1, 0x12, 0x2F
    .byte   0xDE, 0x0F,    9, 0x0F, 0xEE, 0xEE, 0xF1, 0x22, 0x2E, 0x12, 0x21, 0x1E, 0xEE, 0xED, 0x1F, 0xEE
    .byte   0xDF, 0xF0, 0xEE, 0xE1, 0x1E, 0xD0, 0x22, 0x11, 0x21, 0xFE, 0x23, 0x43, 0x33, 0x34, 0x4F, 0xE0
    .byte   0x10, 0xEF, 0xEF,   33, 0x0E, 0xD2, 0x22, 0xED, 0xF0, 0xF0, 0x11, 0x0F, 0xE1, 0x22, 0x0E, 0xEE
    .byte   0x0F, 0xFF, 0xFD, 0xEF, 0x01, 0x20, 0x00, 0x22, 0x12, 0xFE, 0xEE, 0xEF, 0xED, 0xEE, 0x0E, 0xFF
    .byte   0x0F, 0xDE, 0x02, 0x0F,  -51, 0x00, 0x31, 0x23, 0x2F, 0xDF, 0x34, 0x3E, 0xF3, 0x44, 0x2F, 0x11
    .byte   0xFF, 0x02, 0x1E, 0xDD, 0x13, 0x21, 0xDE, 0xEE, 0x02, 0x3E, 0xED, 0x02, 0x31, 0xEF, 0xEE, 0xEF
    .byte   0x10, 0xEE, 0xEF, 0x11, 0x11,   -1, 0x0F, 0xEF, 0x22, 0xFE, 0xEE, 0x00, 0xE0, 0xEE, 0xDF, 0xF1
    .byte   0x0F, 0xEE, 0xF1, 0x02, 0x0F, 0x12, 0x22, 0x2F, 0x10, 0x11, 0x23, 0x12, 0x13, 0x32, 0x21, 0x12
    .byte   0x20, 0x2F, 0x0F, 0xEF, 0x12, 0xFE,   28, 0x0E, 0x02, 0x0F, 0xFE, 0xEF, 0x21, 0x0E, 0xEF, 0x10
    .byte   0xF0, 0xFE, 0xEE, 0x11, 0x1E, 0xFF, 0xE0, 0x00, 0x0E, 0xEF, 0x00, 0xF0, 0x0E, 0xFE, 0xE1, 0x10
    .byte   0xFE, 0x2F, 0x1F, 0x12, 0x2F, 0xE0, 0x22,  -16, 0x0F, 0x02, 0x1F, 0x12, 0x20, 0xF1, 0x22, 0x20
    .byte   0x22, 0x1F, 0x02, 0x20, 0xF0, 0x20, 0x0F, 0x12, 0x0E, 0xF1, 0x1F, 0xEF, 0x0E, 0xF0, 0x00, 0xFE
    .byte   0xFF, 0xFF, 0xEF, 0x0E, 0xFF, 0x0F, 0x0E, 0xF0,  -14, 0x00, 0x20, 0x0E, 0xE1, 0x2F, 0x00, 0xEE
    .byte   0xF1, 0x22, 0x0E, 0xE2, 0x21, 0x10, 0xFE, 0x02, 0x22, 0xE0, 0xF1, 0x01, 0x31, 0xEE, 0xF2, 0x20
    .byte   0x2F, 0xFF, 0xE2, 0x3F, 0x0E, 0x02, 0x10, 0x2E, 0x1E,   10, 0x02, 0xF1, 0xF1, 0x0E, 0x11, 0x20
    .byte   0xEE, 0xF1, 0x21, 0xFE, 0xF0, 0xF2, 0x00, 0xEE, 0xFF, 0x00, 0xFE, 0x11, 0x10, 0x10, 0xE0, 0x0F
    .byte   0x0F, 0xE1, 0x20, 0x10, 0xFF, 0x02, 0xE0, 0x2E, 0x01, 0x11,   -3, 0x02, 0xEE, 0x00, 0x12, 0x0E
    .byte   0x1F, 0x12, 0x00, 0x21, 0xDF, 0x21, 0x12, 0xEF, 0x01, 0xF2, 0x2E, 0xEF, 0x11, 0x2F, 0xE2, 0xF0
    .byte   0x0F, 0x2F, 0xFF, 0xE1, 0x11, 0x2E, 0xEE, 0x22, 0x12, 0xEE, 0xF2,    0, 0x02, 0xFE, 0x11, 0x1F
    .byte   0x2F, 0xFE, 0xF2, 0x3E, 0xEE, 0xF2, 0x11, 0xEF, 0xEF, 0x22, 0x2E, 0xE2, 0x0E, 0x22, 0xEE, 0x0E
    .byte   0x22, 0xE2, 0x1F, 0x0F, 0xEF, 0x20, 0xE2, 0x11, 0x2D, 0x12, 0xE2, 0x00,    2, 0x0E, 0xE0, 0x31
    .byte   0xEE, 0xE0, 0x31, 0x11, 0xEE, 0x0F, 0x3F, 0xFE, 0xFF, 0x21, 0x11, 0xE1, 0xD0, 0x31, 0x02, 0xEE
    .byte   0xE2, 0x22, 0xFD, 0x0F, 0x22, 0x00, 0xEF, 0x0F, 0x32, 0xEE, 0xF0, 0x00, 0x21,    2, 0x0E, 0xE3
    .byte   0x21, 0xD1, 0x01, 0x0F, 0x02, 0xEF, 0x1F, 0x11, 0x10, 0x0F, 0x2F, 0x1D, 0x02, 0xE2, 0x21, 0xFE
    .byte   0xE0, 0x22, 0xEF, 0xFE, 0x31, 0xE2, 0xEF, 0x1F, 0x0E, 0x13, 0xEF, 0xFF, 0xF1, 0x1F,   -6, 0x00
    .byte   0x1F, 0x30, 0xE0, 0x20, 0xD0, 0x12, 0x11, 0xD0, 0x32, 0x2E, 0xFD, 0x02, 0x20, 0xEE, 0x02, 0xF2
    .byte   0x21, 0xDF, 0x02, 0x00, 0x1E, 0x2F, 0x01, 0x0F, 0x1F, 0x1E, 0x01, 0xF2, 0x1E, 0xF2, 0x20,    2
    .byte   0x01, 0x1F, 0xE0, 0x11, 0x00, 0x2E, 0xD2, 0x3F, 0xFE, 0x00, 0x11, 0x11, 0xE0, 0x01, 0x2E, 0xFF
    .byte   0xE2, 0x2F, 0xEF, 0xF0, 0x20, 0x20, 0xEF, 0x0F, 0x12, 0x0E, 0x2E, 0x12, 0xFE, 0xF1, 0xE2, 0x2F
    .byte      7, 0x0F, 0xC2, 0x3E, 0x11, 0xE0, 0x00, 0x31, 0xDF, 0x2F, 0x1E, 0x11, 0x3F, 0xEE, 0xE2, 0x3E
    .byte   0x0E, 0xFE, 0x23, 0xD0, 0xFE, 0x32, 0xE1, 0xEF, 0xE2, 0x10, 0x00, 0xF0, 0xF1, 0x21, 0xEE, 0x11
    .byte   0x22,    2, 0x0F, 0x1D, 0x30, 0xE0, 0x02, 0x2F, 0xEE, 0x01, 0x02, 0xFE, 0xF1, 0x21, 0xF0, 0xED
    .byte   0x23, 0x2F, 0xEE, 0x12, 0x02, 0xEE, 0xE3, 0x1E, 0xF0, 0xF2, 0x2E, 0xD2, 0x21, 0x2F, 0xD1, 0x22
    .byte   0xF2, 0xDF,    1, 0x01, 0x2E, 0xEF, 0x10, 0x22, 0xD0, 0x2F, 0x10, 0x11, 0xFE, 0xE2, 0x21, 0x21
    .byte   0xC2, 0x2F, 0x02, 0xE1, 0xFF, 0x21, 0xFE, 0xF0, 0x12, 0x2E, 0xEE, 0xF3, 0x3F, 0xDE, 0xE0, 0x32
    .byte   0xEF, 0xDE, 0x33,   10, 0x00, 0xDD, 0xE3, 0x23, 0xED, 0xE0, 0x32, 0x2F, 0xDD, 0xF3, 0x2F, 0xFE
    .byte   0xE2, 0x32, 0xEE, 0xF0, 0xE1, 0xE2, 0x22, 0xEF, 0xF2, 0x01, 0xFD, 0x01, 0x22, 0x1E, 0xEE, 0x22
    .byte   0x3D, 0xDF, 0x22, 0x23,    7, 0x0E, 0xD2, 0x21, 0x0E, 0xE2, 0x01, 0x3E, 0xDE, 0x21, 0x22, 0xD0
    .byte   0x12, 0x21, 0xED, 0x22, 0x1F, 0xFE, 0x21, 0xFE, 0xE3, 0x1E, 0x11, 0x12, 0xD1, 0x22, 0x0E, 0xEE
    .byte   0x03, 0x2F, 0x0D, 0xF2, 0x22,    3, 0x0F, 0xEE, 0x03, 0x10, 0xFD, 0x12, 0xF0, 0x23, 0xDD, 0x12
    .byte   0x3E, 0xEE, 0xF2, 0x12, 0x2E, 0x0E, 0xF1, 0x2F, 0xE1, 0x1E, 0x21, 0x1F, 0x0E, 0x03, 0xDF, 0x11
    .byte   0x3F, 0xEE, 0xE3, 0x22, 0xDC, 0x32,    1, 0x02, 0x0D, 0xF2, 0x02, 0x2E, 0xE0, 0xE2, 0x11, 0xE2
    .byte   0x1D, 0x23, 0x1E, 0x0D, 0x12, 0x2E, 0x2E, 0xE1, 0x13, 0xF0, 0xDF, 0x03, 0x0E, 0x1D, 0x22, 0x13
    .byte   0xDE, 0xF2, 0x22, 0xDE, 0x02, 0x2F, 0xFE,   -1, 0x00, 0x2E, 0x2E, 0x01, 0x10, 0xFF, 0xE0, 0x31
    .byte   0xEE, 0x11, 0x12, 0xE0, 0x1F, 0x12, 0xDF, 0x23, 0xED, 0x02, 0x21, 0xE1, 0xFE, 0x2E, 0x31, 0xDE
    .byte   0x12, 0x21, 0x1E, 0xEF, 0xF3, 0x2F, 0xDD, 0x33,    7, 0x00, 0xDE, 0x03, 0x11, 0x1D, 0xD3, 0x21
    .byte   0x2E, 0xFD, 0xE3, 0x3F, 0xDE, 0x31, 0x0F, 0x02, 0x1D, 0xE2, 0x12, 0x2E, 0xEE, 0x12, 0x4E, 0xCE
    .byte   0x3F, 0xE3, 0xE1, 0xEE, 0x13, 0x20, 0xD1, 0xFE, 0x22,    7, 0x0D, 0xFF, 0xF1, 0x33, 0xDC, 0x13
    .byte   0x32, 0xDD, 0xE1, 0x40, 0xEE, 0xD3, 0x3F, 0x0F, 0xC1, 0x31, 0x21, 0xDD, 0x24, 0x1E, 0xDD, 0x32
    .byte   0x20, 0xDF, 0x22, 0x02, 0xED, 0x3E, 0x02, 0x3E, 0xDE, 0x31,    5, 0x0F, 0xD1, 0x2D, 0x23, 0x3C
    .byte   0xE1, 0x23, 0xFD, 0xE1, 0x13, 0x2F, 0xDE, 0x31, 0x2D, 0xEF, 0x31, 0xFD, 0x03, 0xE2, 0xE0, 0x00
    .byte   0xFF, 0x02, 0x1E, 0x2E, 0x12, 0x20, 0xDF, 0xF3, 0x1E, 0xD0, 0x23,   12, 0x0D, 0xC2, 0x32, 0x11
    .byte   0xDF, 0x2F, 0x23, 0xDD, 0x12, 0x03, 0xFC, 0xE3, 0x23, 0x1C, 0xF1, 0x33, 0xEC, 0xF2, 0x33, 0xEC
    .byte   0x2E, 0x32, 0xEF, 0xDE, 0x42, 0xDE, 0x22, 0x1E, 0xD3, 0x3D, 0x1E, 0x02,   -1, 0x02, 0x2D, 0xE1
    .byte   0x23, 0xEC, 0x22, 0x4E, 0xDD, 0x14, 0x10, 0xDD, 0x14, 0x3D, 0xC1, 0x3F, 0x2E, 0xE0, 0x21, 0x22
    .byte   0xCF, 0x33, 0xED, 0xD3, 0x32, 0xDD, 0x23, 0x1E, 0xDE, 0x41, 0xDD, 0x33, 0xEE,    2, 0x0F, 0xEF
    .byte   0x22, 0x3D, 0xC3, 0x3F, 0xEE, 0xF3, 0xED, 0x42, 0xBF, 0x41, 0x3C, 0xD3, 0x4D, 0xD3, 0xED, 0x33
    .byte   0xD0, 0xD2, 0x41, 0xB2, 0x42, 0xDE, 0xF2, 0x21, 0xDF, 0x23, 0x0C, 0x13, 0x10, 0x0D,   -7, 0x04
    .byte   0xD0, 0x00, 0xE2, 0x3D, 0xD3, 0x12, 0xFC, 0x15, 0xDC, 0x33, 0xEF, 0xE2, 0x1D, 0x13, 0x1C, 0x33
    .byte   0xD0, 0xD4, 0x3C, 0xE1, 0x4D, 0xD3, 0x0D, 0x22, 0x2E, 0xD0, 0x5C, 0xD4, 0x0D, 0x01, 0xE4,   -1
    .byte   0x0C, 0x5D, 0xE3, 0xEE, 0x3D, 0x03, 0xDF, 0x3D, 0x23, 0xDE, 0x3E, 0x11, 0xE2, 0x0E, 0xF3, 0x0D
    .byte   0x01, 0x22, 0xDD, 0x40, 0xD0, 0x22, 0x2D, 0xD4, 0xFD, 0x13, 0xE1, 0xD1, 0x4D, 0xD3, 0x2E, 0xF1
    .byte      4, 0x0E, 0xE3, 0xFF, 0xD2, 0x2F, 0xE0, 0x21, 0xF0, 0xE2, 0x10, 0xE0, 0x20, 0xEF, 0x21, 0x1E
    .byte   0xF2, 0x0E, 0x21, 0xD1, 0x21, 0x0E, 0xE4, 0xFC, 0x31, 0xF2, 0xEF, 0x2E, 0x21, 0xD2, 0x11, 0xF0
    .byte   0x00,    0, 0x00, 0xF1, 0x10, 0xF0, 0xF2, 0x1D, 0x03, 0xFF, 0xFD, 0x32, 0xD2, 0x1E, 0x21, 0xD2
    .byte   0x2F, 0xFF, 0xF2, 0x1E, 0xF2, 0x0F, 0x0F, 0x02, 0xFF, 0xF1, 0xF0, 0x0F, 0x10, 0xF0, 0x2F, 0xFE
    .byte   0x12, 0x0F,   -3, 0x02, 0x0E, 0x21, 0xE0, 0x02, 0xE0, 0x10, 0x1F, 0x10, 0xFF, 0x20, 0xFF, 0x11
    .byte   0xE0, 0x2F, 0x0F, 0x01, 0xFF, 0x02, 0xE0, 0xF2, 0x0E, 0x11, 0x1F, 0x00, 0xF0, 0x2E, 0x10, 0xF2
    .byte   0xFE, 0x11, 0xF1,    1, 0x0E, 0x12, 0xFF, 0x0F, 0x02, 0xE0, 0x2E, 0x02, 0xE1, 0x10, 0xFF, 0x1F
    .byte   0x1F, 0x01, 0x1E, 0x02, 0xFF, 0x01, 0x1F, 0xFF, 0x2F, 0xFF, 0x10, 0x10, 0xF0, 0x11, 0xFF, 0x00
    .byte   0x00, 0xF0, 0x2F, 0xE1,    1, 0x00, 0xFF, 0x01, 0x0F, 0x10, 0x01, 0xF0, 0x01, 0x00, 0xE2, 0xF0
    .byte   0xF0, 0x00, 0x1F, 0x1F, 0x10, 0xF1, 0x0F, 0x10, 0x01, 0x0F, 0x00, 0x10, 0xF0, 0x10, 0xF0, 0x1F
    .byte   0x10, 0x0F, 0x00, 0x0F, 0x11,    0, 0x0F, 0x10, 0x00, 0xF0, 0x01, 0x0F, 0xF0, 0x2E, 0x01, 0x11
    .byte   0x0F, 0x10, 0xF0, 0x10, 0x01, 0x1F, 0xF1, 0x11, 0xE1, 0x1F, 0xFF, 0x10, 0x0F, 0x0F, 0x11, 0xF0
    .byte   0xF0, 0x2F, 0xFF, 0x10, 0xF1, 0xF1,    2, 0x0F, 0xF1, 0x1F, 0xF1, 0xFF, 0x10, 0xF0, 0x00, 0x1F
    .byte   0xF1, 0x00, 0x0F, 0x10, 0xF1, 0x11, 0xFF, 0x02, 0xE1, 0x01, 0x00, 0x1F, 0x0F, 0x10, 0x00, 0x01
    .byte   0x00, 0xF0, 0x10, 0x00, 0xF1, 0x0F, 0x01,    1, 0x01, 0xFF, 0x1F, 0x01, 0xFF, 0x00, 0x0F, 0xF1
    .byte   0x1E, 0x01, 0x0F, 0xF1, 0x0F, 0x00, 0x0F, 0x10, 0x0F, 0x11, 0xFF, 0x11, 0x0F, 0x02, 0x00, 0x02
    .byte   0x02, 0x01, 0x21, 0x21, 0x10, 0x21, 0x0F, 0x02,   25, 0x0E, 0x00, 0x0E, 0xEF, 0xFE, 0xFE, 0xFE
    .byte   0x0E, 0xE0, 0xE0, 0xFE, 0xFF, 0x0E, 0x01, 0xFF, 0xF0, 0x0F, 0x11, 0x0F, 0x00, 0x11, 0x01, 0x20
    .byte   0x13, 0x22, 0x13, 0x22, 0x21, 0x32, 0x22, 0x22, 0x11,   53, 0x0F, 0x0F, 0xEE, 0xEE, 0xED, 0xDF
    .byte   0xEE, 0xDE, 0xEE, 0xEE, 0x0F, 0xFF, 0x01, 0x02, 0x11, 0x22, 0x21, 0x22, 0x22, 0x21, 0x00, 0x20
    .byte   0xFF, 0x11, 0xEF, 0xEF, 0xFE, 0xEE, 0xEE, 0xEE, 0xE0, 0xEE,  -36, 0x0F, 0xFF, 0xE0, 0xF0, 0x10
    .byte   0x12, 0x22, 0x23, 0x22, 0x23, 0x32, 0x13, 0x32, 0x22, 0x22, 0x11, 0x10, 0xFE, 0xED, 0xEE, 0xDE
    .byte   0xDE, 0xEE, 0xED, 0x0F, 0xEE, 0x01, 0x0F, 0x02, 0x12, 0x10, 0x31,   -3, 0x02, 0x21, 0x12, 0x2E
    .byte   0x11, 0x2F, 0xE0, 0x0E, 0xFE, 0xFE, 0xFE, 0xEF, 0xEE, 0xFE, 0xE1, 0xEE, 0xFF, 0x0E, 0x00, 0x00
    .byte   0x01, 0x22, 0x02, 0x32, 0x31, 0x33, 0x31, 0x23, 0x31, 0x22, 0x22, 0xF1,   60, 0x0F, 0xEE, 0xED
    .byte   0xFD, 0xED, 0xEE, 0xEE, 0xDE, 0x0E, 0xEF, 0x01, 0x00, 0x02, 0x02, 0x02, 0x21, 0x20, 0x22, 0x12
    .byte   0xF0, 0x11, 0x1E, 0x00, 0xFE, 0xFF, 0xEF, 0xEE, 0xEE, 0x0F, 0xEE, 0xE1, 0xFE,  -37, 0x0F, 0xFF
    .byte   0x0E, 0x02, 0xF1, 0xF0, 0x32, 0x1F, 0x43, 0x02, 0x33, 0x30, 0x23, 0x31, 0x12, 0x22, 0xE0, 0x0E
    .byte   0xEE, 0xED, 0xEE, 0xDE, 0xDE, 0xEE, 0xEE, 0xFF, 0xFF, 0x01, 0x02, 0x01, 0x20, 0x21,   -1, 0x01
    .byte   0x21, 0x12, 0x01, 0x01, 0x0F, 0x0F, 0xFF, 0xE0, 0xE0, 0xEE, 0xEF, 0xFE, 0xEF, 0xE0, 0xEE, 0x0F
    .byte   0x0E, 0xF1, 0x0F, 0xE1, 0x21, 0x11, 0x22, 0x21, 0x34, 0x11, 0x33, 0x31, 0x23, 0x32, 0xE2,   61
    .byte   0x01, 0x0E, 0xFE, 0xFD, 0xD0, 0xDD, 0xEE, 0xED, 0xEE, 0xFE, 0xE1, 0x1F, 0x00, 0x22, 0x1F, 0x22
    .byte   0x20, 0x12, 0x02, 0x00, 0x2F, 0x01, 0xF0, 0xE1, 0x0E, 0x0E, 0x00, 0xEE, 0xFF, 0xEE, 0xFE, 0x0E
    .byte    -28, 0x00, 0xFE, 0xFF, 0xF0, 0xE0, 0x10, 0xF1, 0xF2, 0x20, 0x22, 0x22, 0x43, 0xF2, 0x33, 0x3E
    .byte   0x23, 0x30, 0xE2, 0x12, 0xEE, 0xEE, 0xED, 0xEE, 0xDD, 0x0E, 0xED, 0xEF, 0x1E, 0xE1, 0x02, 0x11
    .byte   0x11,   -6, 0x00, 0x12, 0xF2, 0x10, 0x2F, 0x10, 0x2F, 0xFF, 0xF0, 0x0E, 0xEF, 0x1F, 0xEE, 0xF1
    .byte   0xFE, 0xE0, 0xFE, 0xEF, 0x0F, 0xE0, 0x0F, 0xFF, 0x1F, 0x01, 0x10, 0x02, 0x2F, 0x13, 0x23, 0xF3
    .byte   0x4F, 0x22,   36, 0x03, 0xF0, 0x23, 0x0E, 0x12, 0xFE, 0xEE, 0xEE, 0xDE, 0xDF, 0xDE, 0xFE, 0xDF
    .byte   0xF1, 0x0E, 0x11, 0x21, 0x02, 0x20, 0x11, 0x22, 0xEF, 0x22, 0xFE, 0x01, 0x2E, 0xE2, 0xFE, 0xFF
    .byte   0x0E, 0xF0, 0xFF,  -12, 0x0F, 0xF0, 0xEE, 0xE1, 0xFE, 0xFF, 0x0F, 0xE1, 0x11, 0xE0, 0x22, 0xFE
    .byte   0x22, 0x20, 0x13, 0x31, 0x13, 0x4F, 0xF3, 0x32, 0x1F, 0x23, 0xFE, 0xF2, 0xFE, 0xEE, 0xEE, 0xDD
    .byte   0x1E, 0xDE, 0xFF, 0xEE,  -14, 0x00, 0x2E, 0xF1, 0x21, 0x01, 0x22, 0xF1, 0x12, 0xFF, 0x01, 0x1F
    .byte   0xF0, 0xF1, 0xFF, 0x1E, 0x1F, 0x0E, 0xFF, 0x00, 0xE0, 0xFF, 0xEF, 0xFE, 0xEF, 0xF0, 0xEF, 0xF0
    .byte   0x00, 0x10, 0x11, 0x02, 0x02,  -22, 0x02, 0x21, 0x23, 0x12, 0x33, 0x2E, 0x23, 0x3F, 0xE2, 0x22
    .byte   0xEE, 0x2F, 0xEE, 0xEF, 0xED, 0xEF, 0xEE, 0xD0, 0x2F, 0xED, 0x22, 0xE0, 0xE2, 0x2E, 0x02, 0x21
    .byte   0xE1, 0x21, 0xFE, 0x21, 0x0F, 0xE2,    4, 0x0F, 0xE1, 0x1E, 0xFF, 0x0F, 0xEE, 0x11, 0xEE, 0x00
    .byte   0xFE, 0xE0, 0x0E, 0xF0, 0x10, 0x0E, 0x22, 0x0F, 0x02, 0x20, 0x12, 0x22, 0x02, 0x22, 0x20, 0x33
    .byte   0x10, 0x12, 0x30, 0xF0, 0x21, 0x0E, 0x1F,   36, 0x0F, 0xEF, 0xED, 0xF0, 0xEE, 0xEE, 0x11, 0xEE
    .byte   0xF2, 0x0F, 0xE1, 0x21, 0x01, 0x20, 0xF0, 0x12, 0xFE, 0xF1, 0x2E, 0xE1, 0x10, 0xFF, 0x0E, 0xF0
    .byte   0xFF, 0xEF, 0xF1, 0x0E, 0xE1, 0x0F, 0xEE, 0x00,  -31, 0x0F, 0xF1, 0xF0, 0x21, 0x11, 0xF2, 0x22
    .byte   0xFF, 0x23, 0x11, 0x02, 0x31, 0x12, 0x31, 0xE2, 0x23, 0xFE, 0xF3, 0x1E, 0xE0, 0x1E, 0xFE, 0xE0
    .byte   0xDF, 0xFF, 0xEE, 0xE1, 0x1E, 0xEF, 0x21, 0xFF, 0xE2,    0, 0x01, 0x11, 0xF1, 0xF2, 0x1E, 0xFE
    .byte   0x22, 0xEE, 0x11, 0x1E, 0xF0, 0xFF, 0xFF, 0x0E, 0xE1, 0x10, 0xEE, 0x01, 0xFE, 0xFE, 0x0F, 0xF0
    .byte   0x01, 0x01, 0x20, 0x20, 0x12, 0x21, 0x12, 0x12, 0x20, 0x22,   11, 0x01, 0x23, 0x1E, 0x12, 0x32
    .byte   0xD0, 0x22, 0x1D, 0x02, 0xEE, 0xFE, 0x1E, 0xD1, 0x11, 0xDE, 0x2F, 0x1E, 0xE1, 0x2F, 0xFE, 0x22
    .byte   0xF0, 0xF2, 0x1E, 0x11, 0x0F, 0xE0, 0x2F, 0xEF, 0x11, 0x0E, 0x0F,   -6, 0x0E, 0xF1, 0x0E, 0xE1
    .byte   0x0F, 0xFE, 0xF1, 0xE0, 0xFF, 0xFF, 0x00, 0x2F, 0x01, 0x12, 0x11, 0x21, 0x21, 0x21, 0x21, 0x21
    .byte   0x22, 0xF2, 0x23, 0xEF, 0xF3, 0x2F, 0xEF, 0x22, 0xEE, 0xF1, 0x0E, 0xEF,   20, 0x0E, 0xEF, 0x1E
    .byte   0xEE, 0x02, 0xFE, 0xE2, 0x10, 0xFF, 0x12, 0x0F, 0x11, 0x1E, 0x01, 0x0F, 0xEF, 0x20, 0xEF, 0xF0
    .byte   0xFF, 0xFF, 0xFE, 0xF2, 0x0E, 0xE0, 0x2F, 0xFE, 0xF1, 0xFF, 0xFF, 0xF0, 0x11,  -24, 0x0F, 0x12
    .byte   0x02, 0x00, 0x20, 0x21, 0x12, 0x21, 0x12, 0x12, 0x11, 0x22, 0x10, 0x02, 0x2F, 0xEF, 0x21, 0x0E
    .byte   0x0F, 0x0E, 0x0E, 0xFE, 0xE1, 0xFF, 0xEF, 0x01, 0x0E, 0xF0, 0x11, 0xF0, 0x11, 0x10,    3, 0x00
    .byte   0x0F, 0x0F, 0x00, 0xE1, 0x0F, 0xFF, 0xFF, 0xFF, 0xF0, 0xE0, 0xF1, 0x0E, 0x01, 0x00, 0xE0, 0x0F
    .byte   0xFF, 0xF0, 0xF0, 0x10, 0x2F, 0x02, 0x02, 0x1F, 0x21, 0x12, 0x12, 0x01, 0x22, 0x10, 0x02,   22
    .byte   0x01, 0xE0, 0x03, 0x1E, 0x00, 0x21, 0xE0, 0x00, 0xEF, 0x00, 0xEE, 0xF0, 0x0F, 0xEE, 0x02, 0xFE
    .byte   0xF0, 0x11, 0xF0, 0x11, 0x0F, 0x11, 0x0E, 0xF0, 0x10, 0xEF, 0x10, 0xFF, 0xE0, 0x0F, 0x0E, 0x0F
    .byte    -17, 0x00, 0x0F, 0xFF, 0x11, 0x0E, 0xF0, 0x11, 0x0E, 0x01, 0x21, 0xF1, 0x11, 0x12, 0x11, 0x12
    .byte   0x12, 0x01, 0x12, 0x12, 0x10, 0x12, 0x20, 0xF1, 0x12, 0x1F, 0xF0, 0x11, 0xF0, 0xE0, 0xE0, 0x00
    .byte   0xEE,    9, 0x00, 0x0F, 0xEF, 0x01, 0x0E, 0x01, 0x00, 0x10, 0x10, 0xF0, 0x10, 0x0E, 0x1F, 0x0F
    .byte   0xE1, 0x0F, 0xFF, 0x00, 0xEF, 0x10, 0xFF, 0xF0, 0x0F, 0xF0, 0x1F, 0xFF, 0x0F, 0xF0, 0x01, 0x0F
    .byte   0x02, 0x00,  -17, 0x01, 0x21, 0x11, 0x02, 0x02, 0x02, 0x11, 0x11, 0x20, 0x12, 0x21, 0xFF, 0x02
    .byte   0x20, 0xE0, 0x11, 0x0F, 0x0F, 0xE0, 0xFF, 0x0E, 0xE0, 0x00, 0xEF, 0x0F, 0x00, 0xF0, 0x0F, 0xF0
    .byte   0x20, 0xE1, 0x00,    3, 0x0E, 0xF0, 0xF1, 0xFF, 0x0F, 0xFF, 0x1F, 0x0E, 0xF0, 0x01, 0xFE, 0x01
    .byte   0xF0, 0xFF, 0xFF, 0x00, 0xFF, 0x00, 0x01, 0x2F, 0x01, 0x02, 0x01, 0x20, 0x02, 0x02, 0x01, 0x12
    .byte   0x11, 0x00, 0x20, 0x3F,   19, 0x0F, 0xF2, 0x20, 0xFF, 0x01, 0x01, 0x0F, 0xEF, 0xF1, 0x0E, 0xEE
    .byte   0x20, 0xFE, 0xF0, 0xFF, 0x00, 0x0E, 0x01, 0x20, 0xFE, 0xF2, 0xFF, 0xFF, 0xFF, 0x0F, 0x1F, 0xEF
    .byte   0x2F, 0xFE, 0xF0, 0x1F, 0xFF,  -15, 0x0F, 0x00, 0x10, 0xEF, 0x11, 0x0F, 0xFF, 0x10, 0x11, 0x11
    .byte   0x00, 0x21, 0x2F, 0x01, 0x22, 0xF1, 0x02, 0x11, 0x02, 0x1F, 0x22, 0x1F, 0xFF, 0x22, 0x0E, 0x01
    .byte   0x10, 0x00, 0xFE, 0xF0, 0x00, 0xEE,    9, 0x00, 0x0F, 0xE0, 0xF0, 0xF0, 0x0F, 0xF0, 0x11, 0x0F
    .byte   0xF0, 0x10, 0xFF, 0xFF, 0x0F, 0x0F, 0x1E, 0x10, 0x1F, 0xEF, 0x1F, 0x0F, 0xFF, 0x00, 0x10, 0x0E
    .byte   0x00, 0x01, 0xFF, 0x00, 0x11, 0x11, 0x1F,  -13, 0x01, 0x20, 0x10, 0x20, 0x20, 0x00, 0x21, 0x10
    .byte   0x20, 0x11, 0x20, 0xF0, 0x12, 0x00, 0xF1, 0x10, 0xF1, 0xFF, 0xFF, 0xF0, 0xEF, 0xFF, 0xF0, 0xEF
    .byte   0x0F, 0xFF, 0x1F, 0xFF, 0x01, 0x10, 0xF0, 0x1F,    0, 0x00, 0xFF, 0xF0, 0xFF, 0x0F, 0x0F, 0x1F
    .byte   0x0E, 0x00, 0xF0, 0xFF, 0x1F, 0x00, 0xFF, 0xF0, 0x0F, 0xF1, 0xF1, 0x00, 0x11, 0x10, 0x21, 0x00
    .byte   0x12, 0x11, 0x02, 0x02, 0x01, 0x11, 0x11, 0x02, 0x11,   15, 0x00, 0x12, 0x10, 0xF0, 0x01, 0x01
    .byte   0x1E, 0x0F, 0xF1, 0xFE, 0xFF, 0xF0, 0x0E, 0xFF, 0xFF, 0x00, 0x0E, 0x01, 0x10, 0x0F, 0xF1, 0x0F
    .byte   0x00, 0xE0, 0x00, 0x1F, 0xF0, 0xF0, 0xF0, 0xFF, 0xFF, 0x00,  -14, 0x00, 0x0F, 0x10, 0xFF, 0xF1
    .byte   0xF0, 0xF1, 0x1F, 0x11, 0x11, 0x02, 0x01, 0x10, 0x20, 0x2F, 0x02, 0x01, 0x10, 0x21, 0x01, 0x12
    .byte   0xFF, 0x01, 0x2F, 0xF1, 0x10, 0x00, 0x00, 0x0E, 0x00, 0x0E, 0xF0,   10, 0x0F, 0xFF, 0xFF, 0xE0
    .byte   0x0F, 0x0F, 0xF1, 0x01, 0xF1, 0xF0, 0x0F, 0xF1, 0xF0, 0xF0, 0x0F, 0x0F, 0xFF, 0xFF, 0xF1, 0xF1
    .byte   0xE1, 0x00, 0x0F, 0x00, 0x0F, 0x00, 0xF1, 0xF1, 0x00, 0x10, 0x02, 0x00,   -8, 0x00, 0x11, 0x02
    .byte   0x11, 0x11, 0x11, 0x10, 0x20, 0x02, 0x10, 0x00, 0x02, 0x1F, 0x10, 0x10, 0x01, 0x0F, 0xFF, 0xFF
    .byte   0x00, 0xEF, 0x0E, 0x0F, 0x0E, 0xFF, 0x0F, 0x00, 0xF0, 0x00, 0xF1, 0x1F, 0xFF,   -2, 0x0F, 0x0F
    .byte   0xF0, 0x0F, 0xF0, 0x0F, 0xF0, 0x00, 0xE0, 0x1F, 0x1F, 0x00, 0x0F, 0x0F, 0x1F, 0xF1, 0xF1, 0x10
    .byte   0x11, 0x10, 0x11, 0x11, 0x10, 0x21, 0x00, 0x20, 0x11, 0x01, 0x2F, 0x02, 0x10, 0x01,   15, 0x01
    .byte   0x11, 0x01, 0xF1, 0x00, 0x1F, 0xFF, 0xF0, 0xFF, 0xF0, 0xEF, 0xF0, 0x0E, 0x0F, 0xFF, 0x00, 0x0F
    .byte   0xF0, 0xF0, 0x10, 0xFF, 0x00, 0xF0, 0x00, 0xFF, 0x00, 0xF1, 0xFF, 0x0F, 0xFF, 0x1F, 0x0F,  -14
    .byte   0x01, 0x00, 0xF0, 0x0F, 0x1F, 0x00, 0x00, 0x11, 0x10, 0x02, 0x00, 0x20, 0x10, 0x20, 0x11, 0x10
    .byte   0x21, 0x00, 0x20, 0x11, 0xF1, 0x11, 0x01, 0x00, 0x00, 0x10, 0x0F, 0xFF, 0xFF, 0xFF, 0x0E, 0x0F
    .byte      5, 0x00, 0xFF, 0xFF, 0xFF, 0x0F, 0x10, 0xF0, 0xF0, 0x00, 0x0F, 0x0F, 0xF1, 0x0F, 0x0F, 0x0F
    .byte   0xF1, 0xFF, 0x0F, 0xF0, 0x00, 0xF1, 0x0F, 0x00, 0x00, 0x00, 0xF0, 0x01, 0x01, 0x11, 0x11, 0x11
    .byte   0x01,   -4, 0x01, 0x12, 0x01, 0x11, 0x11, 0x11, 0x11, 0x11, 0x1F, 0x11, 0x11, 0x01, 0x10, 0xF1
    .byte   0xF1, 0xFF, 0xFF, 0xFF, 0x00, 0xEF, 0xF0, 0xFE, 0x00, 0xF0, 0xE0, 0x00, 0xF0, 0x10, 0xFF, 0x01
    .byte   0xF0, 0xF0,   -7, 0x00, 0x00, 0x00, 0xFF, 0xF0, 0x0F, 0x00, 0x0F, 0xF1, 0x0F, 0x01, 0xF0, 0x00
    .byte   0x1F, 0x10, 0x10, 0x10, 0x11, 0x10, 0x10, 0x2F, 0x02, 0x01, 0x11, 0x11, 0x11, 0x10, 0x20, 0x01
    .byte   0x10, 0x01, 0x11,   18, 0x00, 0xF1, 0x00, 0x0F, 0x00, 0xE0, 0x0F, 0xF0, 0xEF, 0xF0, 0xE0, 0x0F
    .byte   0xFF, 0xFF, 0xF1, 0xF0, 0xF0, 0x0F, 0x0F, 0x00, 0x00, 0xF1, 0xFF, 0x00, 0x0F, 0xF0, 0x00, 0x00
    .byte   0x00, 0x00, 0x00, 0x00,  -12, 0x00, 0x10, 0x01, 0x00, 0x10, 0x11, 0x10, 0x12, 0xF1, 0x10, 0x11
    .byte   0x10, 0x21, 0x10, 0x00, 0x20, 0x01, 0x01, 0x00, 0x10, 0x10, 0x00, 0x0F, 0x01, 0xFF, 0xFF, 0xF0
    .byte   0xFF, 0xF0, 0xEF, 0xFF, 0x0F,    0, 0x0F, 0x0F, 0x0F, 0xF0, 0xFF, 0x0F, 0xF1, 0xFF, 0x0F, 0x01
    .byte   0xF0, 0xF0, 0xF0, 0x00, 0x10, 0x0F, 0x00, 0x10, 0x01, 0x00, 0x00, 0x01, 0x01, 0x00, 0x01, 0x11
    .byte   0x01, 0x11, 0x10, 0x11, 0x10, 0x01,    6, 0x00, 0x11, 0x01, 0x10, 0x10, 0x10, 0x10, 0x01, 0x10
    .byte   0x00, 0x00, 0xF1, 0x00, 0xF0, 0xFF, 0xFF, 0xFF, 0xF0, 0xF0, 0xEF, 0xFF, 0x0F, 0x00, 0xFF, 0x0F
    .byte   0x0F, 0xF0, 0xF0, 0x00, 0xFF, 0x0F, 0x00,  -11, 0x01, 0x0F, 0xF1, 0x00, 0x00, 0x10, 0x00, 0x00
    .byte   0x01, 0x00, 0x00, 0x10, 0x10, 0x01, 0x11, 0x10, 0x11, 0xF1, 0x11, 0x11, 0x10, 0x10, 0x11, 0x00
    .byte   0x20, 0x01, 0x00, 0xF1, 0x01, 0x11, 0x1F, 0x0F,   13, 0x00, 0x01, 0xF0, 0xFF, 0xFF, 0xFF, 0xF0
    .byte   0xFF, 0xF0, 0xE0, 0x0F, 0x00, 0xF0, 0xFF, 0xFF, 0xF1, 0xF0, 0x00, 0x0F, 0x0F, 0x00, 0xF1, 0x00
    .byte   0xF0, 0xF1, 0x10, 0x00, 0x1F, 0x1F, 0x00, 0x10, 0x01,   -9, 0x01, 0x10, 0x11, 0x00, 0x11, 0x11
    .byte   0x01, 0x10, 0x11, 0x10, 0x11, 0x01, 0x00, 0x10, 0x11, 0x01, 0x0F, 0x00, 0x00, 0x10, 0x11, 0x00
    .byte   0x00, 0xF0, 0xF1, 0x0F, 0xFF, 0xFF, 0xFF, 0x0E, 0x00, 0xE1,   -2, 0x01, 0xFF, 0xFF, 0xFF, 0x00
    .byte   0x10, 0x10, 0xE0, 0xF0, 0x01, 0x11, 0x01, 0x00, 0xE0, 0xF0, 0x11, 0x11, 0x1F, 0x00, 0xF0, 0xF0
    .byte   0x11, 0x11, 0x00, 0x01, 0x11, 0x10, 0x11, 0x11, 0x00, 0x01, 0x00,    5, 0x00, 0x11, 0x11, 0x1F
    .byte   0x0F, 0x00, 0x00, 0x01, 0x10, 0x10, 0x00, 0xFF, 0xFF, 0x00, 0x00, 0x00, 0xFF, 0xFF, 0xF0, 0x0F
    .byte   0x01, 0xF0, 0x00, 0xE0, 0x0F, 0x00, 0x0F, 0x01, 0xF0, 0xFF, 0xF0, 0x00,   -8, 0x00, 0xF1, 0x00
    .byte   0xF0, 0xF1, 0x00, 0x01, 0x00, 0x01, 0xF1, 0x1F, 0x10, 0x10, 0x10, 0x10, 0x01, 0x11, 0x01, 0x00
    .byte   0x00, 0x11, 0x11, 0x10, 0xFF, 0x0F, 0x1F, 0xF1, 0x11, 0x02, 0x10, 0x0F, 0xFF,    7, 0x0F, 0x00
    .byte   0x11, 0x11, 0x11, 0xF0, 0xFE, 0x0E, 0x0F, 0x01, 0x11, 0x2F, 0xFF, 0xE0, 0xE0, 0x11, 0x11, 0x1F
    .byte   0x00, 0xE0, 0xFF, 0xF0, 0x10, 0x1F, 0x1F, 0xF0, 0xF0, 0xF0, 0x01, 0xF0, 0x00, 0x11,   -7, 0x00
    .byte   0x0F, 0x01, 0x00, 0x00, 0x01, 0x01, 0x01, 0x00, 0x00, 0x01, 0x01, 0x11, 0x01, 0x10, 0x11, 0xF0
    .byte   0x11, 0x00, 0x10, 0x10, 0x01, 0xF1, 0x01, 0xF0, 0xF0, 0x1F, 0x1F, 0x10, 0x0F, 0x1F, 0xF0,    5
    .byte   0x00, 0x0F, 0x00, 0xF1, 0x00, 0x0F, 0x0F, 0xFF, 0x00, 0xF0, 0x1F, 0x0F, 0xFF, 0x00, 0x00, 0x0F
    .byte   0x00, 0x0F, 0xF0, 0xF0, 0x00, 0x00, 0x01, 0x00, 0xF0, 0x00, 0x10, 0x10, 0x00, 0x10, 0x00, 0x10
    .byte     -3, 0x00, 0x01, 0x01, 0x01, 0x10, 0x10, 0x01, 0x00, 0x00, 0x10, 0x01, 0x00, 0x00, 0xF0, 0x1F
    .byte   0x01, 0x00, 0x00, 0x11, 0xFF, 0x00, 0xF1, 0x10, 0xF1, 0xF0, 0x1F, 0xF0, 0x10, 0xFF, 0xF0, 0xF1
    .byte   0xF0,    1, 0x00, 0xF0, 0x0F, 0xF0, 0xF0, 0x0F, 0x00, 0x00, 0x00, 0x00, 0xF0, 0x0F, 0x01, 0x10
    .byte   0x00, 0xF0, 0x1F, 0x01, 0xF1, 0x01, 0xFF, 0x10, 0x01, 0x01, 0x00, 0xF1, 0x0F, 0x11, 0x01, 0x10
    .byte   0x1F, 0x00,    2, 0x00, 0x0F, 0x01, 0x01, 0x00, 0xF1, 0x1F, 0x1F, 0x00, 0xF1, 0x01, 0x00, 0x01
    .byte   0xF1, 0xF0, 0xF0, 0x1F, 0x00, 0x00, 0x00, 0xFF, 0x10, 0xF0, 0x01, 0x0F, 0xF1, 0xF0, 0xF0, 0x1F
    .byte   0x00, 0x10, 0xF0,   -1, 0x00, 0xF0, 0xF0, 0x1F, 0x00, 0x00, 0x00, 0x00, 0x01, 0x00, 0x0F, 0xF1
    .byte   0x0F, 0x00, 0x01, 0x11, 0x0F, 0x1F, 0x01, 0xF1, 0x00, 0x1F, 0x00, 0x10, 0x10, 0xF1, 0x01, 0xF1
    .byte   0xF1, 0x0F, 0x10, 0x00,    3, 0x00, 0x0F, 0xF1, 0x00, 0x0F, 0x10, 0x00, 0x00, 0xF0, 0x00, 0x00
    .byte   0x10, 0x0F, 0x0F, 0x1F, 0x00, 0x00, 0x1F, 0xF1, 0x00, 0x00, 0x01, 0xF0, 0xF1, 0xFF, 0x00, 0x00
    .byte   0x10, 0x00, 0x0F, 0x1F, 0xF1,   -2, 0x00, 0x00, 0x01, 0x1F, 0x1F, 0xF1, 0x0F, 0x1F, 0x10, 0x01
    .byte   0x00, 0xF1, 0x01, 0xF1, 0xF0, 0x00, 0x00, 0x00, 0x01, 0x1F, 0x01, 0xFF, 0x0F, 0x1F, 0x10, 0x10
    .byte   0x1F, 0x00, 0x00, 0x0F, 0x00, 0x00,    0, 0x00, 0x1F, 0x10, 0x0F, 0x10, 0x0F, 0x01, 0xF0, 0x00
    .byte   0x0F, 0x01, 0xF1, 0x00, 0x00, 0x0F, 0x0F, 0x10, 0x00, 0x00, 0x10, 0x01, 0xF0, 0x0F, 0x10, 0x00
    .byte   0x10, 0xF1, 0xF1, 0xF1, 0xF0, 0x01, 0xF0,    0, 0x00, 0xF0, 0x10, 0x0F, 0x10, 0x00, 0x00, 0xF0
    .byte   0x00, 0x10, 0xF1, 0x01, 0xFF, 0x11, 0xF1, 0xFF, 0x10, 0x00, 0x01, 0xF1, 0x01, 0xFF, 0x10, 0xF0
    .byte   0x00, 0x00, 0xF0, 0x10, 0xF1, 0x0F, 0x1F, 0x01,    0, 0x00, 0x00, 0x00, 0x00, 0x10, 0x0F, 0x01
    .byte   0xF0, 0x00, 0x00, 0x00, 0x00, 0x00, 0x01, 0x0F, 0xF1, 0xF1, 0x1F, 0x0F, 0x11, 0xF0, 0x0F, 0x01
    .byte   0x00, 0x00, 0x00, 0xF0, 0x01, 0x0F, 0x1F, 0x10, 0x00,   -1, 0x01, 0x0F, 0x10, 0x00, 0x01, 0xFF
    .byte   0x10, 0x1F, 0x00, 0x10, 0xF0, 0x0F, 0x10, 0x00, 0x00, 0x1F, 0xF1, 0xF1, 0x00, 0xF1, 0x00, 0xF1
    .byte   0x00, 0xF0, 0x10, 0x00, 0xF1, 0x1F, 0x0F, 0x11, 0x00, 0x00,    0, 0x00, 0x00, 0x1F, 0x00, 0x00
    .byte   0x00, 0x10, 0xF0, 0x00, 0xF1, 0x00, 0x00, 0x0F, 0x01, 0x0F, 0x10, 0x00, 0x00, 0x01, 0xF0, 0x00
    .byte   0x00, 0x00, 0xF1, 0x01, 0xF0, 0x1F, 0x00, 0xF1, 0x00, 0x1F, 0x00,   -1, 0x01, 0x00, 0x00, 0xF1
    .byte   0x00, 0x00, 0x1F, 0x00, 0x0F, 0x10, 0x0F, 0x1F, 0x10, 0x00, 0x00, 0x1F, 0x1F, 0x00, 0x0F, 0x11
    .byte   0x0F, 0xF0, 0x1F, 0x10, 0x00, 0x00, 0x00, 0x00, 0x00, 0x00, 0x1F, 0x00,    0, 0x00, 0x00, 0x00
    .byte   0x01, 0xF0, 0x01, 0xFF, 0x10, 0x00, 0xF1, 0xF1, 0xF1, 0x01, 0x0F, 0x00, 0x00, 0xF1, 0x01, 0xF1
    .byte   0xFF, 0x01, 0x1F, 0x00, 0x00, 0xF1, 0x10, 0x00, 0xF0, 0x00, 0x00, 0x00, 0x0F,    0, 0x00, 0x1F
    .byte   0x00, 0xF1, 0x0F, 0x01, 0x00, 0xF1, 0x1F, 0x00, 0x0F, 0x10, 0x01, 0xF0, 0x00, 0x00, 0x00, 0x01
    .byte   0x0F, 0x10, 0xF0, 0x00, 0x00, 0x00, 0x0F, 0x10, 0x00, 0xF1, 0xF1, 0xF1, 0x00, 0x00,    0, 0x00
    .byte   0x00, 0x1F, 0x00, 0x00, 0x1F, 0x00, 0x00, 0x01, 0x0F, 0xF0, 0x10, 0x00, 0x00, 0x00, 0x00, 0x00
    .byte   0x00, 0x01, 0x0F, 0xF1, 0x00, 0xF1, 0xF1, 0x1F, 0xF0, 0x10, 0x00, 0x00, 0x00, 0x00, 0xF1,    0
    .byte   0x00, 0x00, 0xF0, 0x10, 0x1F, 0x01, 0x0F, 0x00, 0xF0, 0x01, 0x00, 0x00, 0x0F, 0x10, 0x01, 0xF0
    .byte   0x00, 0xF1, 0x00, 0x1F, 0x00, 0x00, 0x1F, 0x1F, 0x00, 0xF1, 0x00, 0xF1, 0xF1, 0x00, 0x00, 0x00
    .byte      1, 0x0F, 0x01, 0xFF, 0x10, 0x00, 0x00, 0x01, 0xF0, 0x00, 0x00, 0x01, 0x0F, 0x00, 0x0F, 0x1F
    .byte   0x10, 0x0F, 0x10, 0xF0, 0x10, 0x1F, 0x00, 0x0F, 0x1F, 0x10, 0x1F, 0x00, 0x00, 0x00, 0x00, 0x00
    .byte   0x01,    0, 0x00, 0x00, 0x00, 0x00, 0x00, 0x00, 0x0F, 0x10, 0xF1, 0x1F, 0x00, 0x00, 0x00, 0x01
    .byte   0xF0, 0x00, 0x00, 0x00, 0x00, 0x0F, 0x10, 0x00, 0x00, 0x0F, 0x10, 0x00, 0x00, 0x00, 0x00, 0x00
    .byte   0x00, 0x00,    0, 0x0F, 0x10, 0x00, 0x0F, 0x10, 0x0F, 0x10, 0x01, 0xF0, 0x00, 0x00, 0x00, 0x1F
    .byte   0xF1, 0x01, 0xF0, 0x00, 0x1F, 0x1F, 0x00, 0x1F, 0x00, 0x00, 0x00, 0x00, 0x00, 0x00, 0x01, 0xF0
    .byte   0x1F, 0x00, 0x00,    0, 0x00, 0x01, 0x0F, 0x00, 0xF1, 0xF1, 0x00, 0x00, 0x00, 0x00, 0x1F, 0x0F
    .byte   0x10, 0x00, 0x00, 0x00, 0x1F, 0x00, 0x00, 0x01, 0xF0, 0x00, 0x1F, 0x0F, 0x1F, 0x1F, 0x01, 0x01
    .byte   0xF0, 0x00, 0x00, 0x00,    0, 0x00, 0x00, 0x00, 0x00, 0x0F, 0x10, 0x00, 0x00, 0x00, 0x1F, 0xF1
    .byte   0x00, 0x00, 0xF1, 0x1F, 0xF1, 0x0F, 0x10, 0x1F, 0x00, 0x00, 0x01, 0x00, 0xF0, 0x00, 0x00, 0x00
    .byte   0x01, 0xF0, 0x00, 0x00, 0x00,   -1, 0x01, 0x00, 0x00, 0x00, 0x1F, 0xF0, 0x01, 0x01, 0xF0, 0x00
    .byte   0xF1, 0x0F, 0x10, 0x0F, 0x11, 0xF0, 0x00, 0x00, 0x00, 0x00, 0x01, 0xF1, 0xF0, 0x01, 0xF0, 0x0F
    .byte   0x10, 0x00, 0x00, 0x00, 0x0F, 0x11,    0, 0x00, 0x00, 0x00, 0x00, 0x01, 0xF0, 0x00, 0x00, 0x00
    .byte   0x00, 0x00, 0x00, 0x00, 0x00, 0x00, 0x00, 0x00, 0x00, 0x00, 0x00, 0x1F, 0x00, 0x00, 0x00, 0x00
    .byte   0x00, 0x00, 0x1F, 0x01, 0xF0, 0x00, 0x01,    0, 0x01, 0x00, 0xF0, 0x0F, 0x10, 0x00, 0x1F, 0x00
    .byte   0x00, 0x10, 0xF0, 0x00, 0x00, 0x00, 0x00, 0x00, 0x00, 0x1F, 0x00, 0x01, 0xF0, 0x1F, 0x10, 0xF0
    .byte   0x00, 0xF1, 0x00, 0x0F, 0x10, 0x00, 0xF1, 0x00,    0, 0x00, 0x00, 0x00, 0x00, 0x00, 0xF1, 0x00
    .byte   0x00, 0x00, 0x1F, 0x01, 0x0F, 0x00, 0xF0, 0x10, 0x00, 0x01, 0xF0, 0x00, 0x00, 0x01, 0xF0, 0x01
    .byte   0xF0, 0x1F, 0x00, 0x00, 0xF0, 0x10, 0x1F, 0x00, 0x01,    0, 0x00, 0x00, 0x00, 0x00, 0x01, 0xF0
    .byte   0x1F, 0x00, 0x01, 0xF0, 0x01, 0xF0, 0xF1, 0xF1, 0x00, 0xF1, 0x1F, 0x00, 0x01, 0xF0, 0x00, 0x00
    .byte   0x00, 0xF1, 0xF1, 0xF1, 0xF1, 0x00, 0x0F, 0x01, 0x00, 0xF1,    0, 0x00, 0x00, 0x00, 0x01, 0xF0
    .byte   0x00, 0x01, 0xF0, 0x01, 0xF0, 0xF1, 0x1F, 0x1F, 0x00, 0x00, 0x01, 0xF0, 0x00, 0x00, 0x1F, 0x0F
    .byte   0x01, 0x00, 0x00, 0xF1, 0x0F, 0x10, 0x00, 0x00, 0x00, 0x00, 0x00,    0, 0x00, 0xF1, 0x00, 0x00
    .byte   0x00, 0x00, 0x00, 0x00, 0xF1, 0x01, 0x0F, 0x00, 0x00, 0x10, 0xF0, 0x0F, 0x10, 0x1F, 0x00, 0x00
    .byte   0x00, 0x00, 0xF1, 0x00, 0x00, 0x00, 0xF1, 0x1F, 0x00, 0x00, 0x00, 0x00,    0, 0x0F, 0x10, 0x1F
    .byte   0x00, 0x00, 0x00, 0x00, 0x00, 0x00, 0x00, 0x0F, 0x10, 0x0F, 0x10, 0xF1, 0x0F, 0x10, 0x00, 0x00
    .byte   0x00, 0x01, 0xF0, 0x01, 0xF0, 0x01, 0xF0, 0x1F, 0x00, 0x00, 0x00, 0xF1, 0xF0,    0, 0x00, 0x00
    .byte   0x00, 0x00, 0xF1, 0x01, 0xF0, 0xF1, 0x00, 0x01, 0xF0, 0x00, 0x01, 0xF0, 0xF1, 0xF1, 0xF0, 0x10
    .byte   0x00, 0xF1, 0x01, 0xF0, 0x1F, 0x1F, 0x00, 0x00, 0x1F, 0x1F, 0x00, 0xF1, 0x00, 0x10,    0, 0x00
    .byte   0x00, 0x1F, 0x0F, 0x00, 0x10, 0x00, 0x00, 0x01, 0xF0, 0x00, 0x0F, 0x10, 0x00, 0x00, 0x00, 0x01
    .byte   0xF0, 0x10, 0x0F, 0x1F, 0x00, 0x00, 0x1F, 0x00, 0x01, 0xF0, 0x00, 0x00, 0x00, 0x0F, 0x10,    0
    .byte   0x00, 0x00, 0xF0, 0x10, 0x00, 0x00, 0x0F, 0x1F, 0x10, 0x00, 0x00, 0x0F, 0x11, 0xF0, 0xF0, 0x10
    .byte   0x00, 0x10, 0xF0, 0x00, 0x00, 0x1F, 0x00, 0x1F, 0x0F, 0x10, 0x00, 0x01, 0xF1, 0xF0, 0x0F, 0x01
    .byte      0, 0x00, 0x00, 0x00, 0xF1, 0x00, 0x1F, 0x00, 0x00, 0xF1, 0x00, 0x00, 0x1F, 0x00, 0x1F, 0x00
    .byte   0x00, 0x00, 0x00, 0x01, 0xFF, 0x01, 0x00, 0x00, 0x00, 0xF1, 0x00, 0x00, 0x00, 0xF1, 0x00, 0x00
    .byte   0x00,    0, 0x00, 0xF0, 0x10, 0x0F, 0x01, 0xF1, 0x00, 0xF1, 0xF0, 0x10, 0x00, 0x00, 0x1F, 0x01
    .byte   0xF0, 0x01, 0xF1, 0xF0, 0x00, 0x00, 0x00, 0xF1, 0x00, 0x00, 0x1F, 0x00, 0x00, 0x00, 0x0F, 0x10
    .byte   0x1F, 0x00,    0, 0x00, 0x00, 0xF1, 0x00, 0x00, 0x0F, 0x10, 0x00, 0xF1, 0x01, 0xF1, 0xFF, 0x01
    .byte   0x1F, 0x1F, 0x0F, 0x10, 0x00, 0x01, 0xF0, 0x00, 0x1F, 0xF1, 0x00, 0x1F, 0x00, 0x00, 0x00, 0x00
    .byte   0x00, 0x00, 0x00,    0, 0x0F, 0x11, 0xFF, 0x10, 0x00, 0x1F, 0x00, 0x00, 0x00, 0x00, 0x01, 0xF0
    .byte   0xF0, 0x10, 0x1F, 0x00, 0x01, 0xF0, 0x0F, 0x10, 0x00, 0xF1, 0x00, 0x00, 0x01, 0xF0, 0x10, 0x00
    .byte   0xF0, 0x00, 0x00, 0x01,    0, 0x00, 0x00, 0x00, 0x01, 0xF0, 0x1F, 0x00, 0x01, 0xF0, 0x0F, 0x10
    .byte   0x00, 0x00, 0x00, 0x00, 0x1F, 0x01, 0xF0, 0x00, 0x00, 0x00, 0x1F, 0x01, 0xF0, 0x00, 0x01, 0xF1
    .byte   0xF0, 0x10, 0xF0, 0xF0, 0x01,    0, 0x00, 0x00, 0x00, 0x00, 0xF0, 0x10, 0x00, 0x00, 0x0F, 0x11
    .byte   0xF0, 0xF1, 0x00, 0x01, 0xF1, 0xF0, 0x00, 0x00, 0x00, 0x01, 0x0F, 0x00, 0x00, 0x01, 0xF0, 0x00
    .byte   0x00, 0x01, 0xF0, 0x0F, 0x1F, 0x10,    1, 0x0F, 0x00, 0x00, 0x0F, 0x10, 0x1F, 0x00, 0x00, 0x00
    .byte   0xF0, 0x10, 0x00, 0x00, 0xF1, 0x01, 0xF0, 0x00, 0x1F, 0x01, 0xF1, 0xF0, 0x01, 0xF0, 0x1F, 0x1F
    .byte   0x00, 0x00, 0x00, 0x1F, 0x1F, 0x00, 0x00,   -1, 0x00, 0x10, 0x1F, 0x00, 0x00, 0x00, 0xF1, 0xF1
    .byte   0x0F, 0x01, 0x1F, 0x00, 0x00, 0x00, 0x00, 0x00, 0x1F, 0xF1, 0x0F, 0x10, 0x00, 0x00, 0x01, 0xF1
    .byte   0x0F, 0xF1, 0x01, 0xFF, 0x10, 0x00, 0x00, 0x01,    0, 0x00, 0x00, 0x00, 0x00, 0x00, 0x00, 0x00
    .byte   0xF1, 0x01, 0xFF, 0x01, 0x1F, 0xF1, 0x00, 0x00, 0x00, 0x00, 0x0F, 0x10, 0x1F, 0x00, 0x0F, 0x01
    .byte   0x00, 0x00, 0x00, 0x00, 0x00, 0x00, 0x00, 0x10, 0xF0,    0, 0x00, 0x0F, 0x11, 0xF0, 0x00, 0x00
    .byte   0x0F, 0x10, 0x00, 0x0F, 0x10, 0xF0, 0x1F, 0x10, 0xF1, 0x00, 0x00, 0x00, 0x01, 0xF0, 0x00, 0x00
    .byte   0xF1, 0x00, 0x00, 0x00, 0x00, 0x00, 0x00, 0x00, 0x0F, 0x11,    0, 0x00, 0x01, 0x00, 0xF0, 0x00
    .byte   0x00, 0x01, 0xF0, 0x00, 0x00, 0x00, 0x00, 0x00, 0x00, 0x01, 0xF0, 0x1F, 0x00, 0x00, 0x00, 0x1F
    .byte   0x01, 0xFF, 0x10, 0x01, 0xF0, 0x00, 0x0F, 0x1F, 0x01, 0x00, 0xF1,   -1, 0x01, 0x00, 0x00, 0x1F
    .byte   0x1F, 0x00, 0x00, 0x00, 0x00, 0xF1, 0x00, 0x0F, 0x10, 0x00, 0x1F, 0x00, 0xF0, 0x00, 0x11, 0xFF
    .byte   0x10, 0x1F, 0x00, 0x10, 0xF0, 0xF1, 0x01, 0xF0, 0x00, 0x0F, 0x10, 0x1F,   -1, 0x01, 0xF1, 0x1F
    .byte   0x00, 0x0F, 0x1F, 0x10, 0x00, 0xF1, 0x00, 0x1F, 0xF1, 0x0F, 0x11, 0xF0, 0x00, 0x10, 0xF0, 0x01
    .byte   0xF0, 0x01, 0x0F, 0x10, 0xF0, 0x00, 0x00, 0x01, 0xFF, 0x10, 0x1F, 0x00, 0x1F,    1, 0x0F, 0x00
    .byte   0x0F, 0x10, 0x01, 0xF0, 0x0F, 0x00, 0x10, 0x00, 0x00, 0x00, 0x00, 0x00, 0x00, 0x00, 0x00, 0x00
    .byte   0x00, 0x10, 0xF0, 0x00, 0x01, 0xF0, 0x00, 0xF1, 0xF1, 0x0F, 0x11, 0xF0, 0x00, 0x01,    0, 0x00
    .byte   0x00, 0x0F, 0x1F, 0x00, 0x10, 0x00, 0x00, 0x01, 0xFF, 0x10, 0x1F, 0x00, 0x01, 0xF0, 0x00, 0xF1
    .byte   0xF1, 0x01, 0xF0, 0x0F, 0x10, 0x01, 0xF1, 0xF0, 0xF1, 0x0F, 0x10, 0x00, 0x00, 0x00, 0x0F,   -1
    .byte   0x01, 0x00, 0xF1, 0x01, 0xF0, 0x00, 0xF0, 0x10, 0x01, 0xF0, 0x00, 0x00, 0x00, 0x00, 0x00, 0xF1
    .byte   0x01, 0x0F, 0x00, 0x00, 0x00, 0x1F, 0x1F, 0x00, 0x00, 0x00, 0x0F, 0x01, 0x00, 0xF1, 0x00, 0x00
    .byte      1, 0x0F, 0x00, 0x00, 0x00, 0x1F, 0xF1, 0xF1, 0x01, 0xF1, 0xF0, 0x00, 0xF1, 0x00, 0x1F, 0x0F
    .byte   0x10, 0x1F, 0x00, 0xF1, 0x00, 0x00, 0x00, 0xF0, 0x10, 0x10, 0xF0, 0x10, 0xF0, 0xF1, 0x1F, 0x00
    .byte   0x01,    0, 0x00, 0x01, 0xFF, 0x10, 0x00, 0x0F, 0x01, 0x00, 0x00, 0x00, 0x1F, 0xF1, 0x00, 0x00
    .byte   0x00, 0x00, 0x00, 0x00, 0x00, 0x01, 0x0F, 0x00, 0x1F, 0x01, 0xF0, 0x00, 0x01, 0xF0, 0x00, 0x00
    .byte   0x00, 0x00,    0, 0x01, 0xF0, 0x00, 0x00, 0x00, 0x00, 0x00, 0x00, 0xF1, 0x1F, 0xF1, 0xF1, 0x01
    .byte   0xF0, 0x00, 0x00, 0x00, 0xF0, 0x11, 0xF0, 0x00, 0xF1, 0x00, 0x0F, 0x01, 0x00, 0x00, 0x00, 0x00
    .byte   0x00, 0x00, 0x00,   -1, 0x01, 0x0F, 0x01, 0x1F, 0x01, 0xF0, 0x00, 0xF0, 0x11, 0x0F, 0xF1, 0x00
    .byte   0x00, 0x01, 0xF0, 0x00, 0x00, 0x00, 0x1F, 0xF1, 0x00, 0x0F, 0x10, 0x1F, 0x0F, 0x10, 0x00, 0x01
    .byte   0xF0, 0xF1, 0x00, 0x00,    0, 0x00, 0x00, 0x01, 0xF0, 0x01, 0xF0, 0x10, 0xF1, 0xF0, 0x00, 0x00
    .byte   0x00, 0x00, 0x00, 0x00, 0x01, 0xF0, 0x00, 0x00, 0x00, 0x00, 0x1F, 0x00, 0x01, 0xF0, 0x00, 0x00
    .byte   0x00, 0x0F, 0x10, 0x0F, 0x10,    0, 0x00, 0x0F, 0x10, 0x01, 0xF0, 0x00, 0x00, 0x00, 0x0F, 0x1F
    .byte   0x01, 0x00, 0x1F, 0x00, 0x00, 0x00, 0x0F, 0x10, 0xF1, 0x00, 0x00, 0x00, 0xF1, 0xF1, 0x00, 0x00
    .byte   0x1F, 0xF0, 0x10, 0x0F, 0x10, 0x00,    0, 0x00, 0x01, 0xF0, 0x00, 0x00, 0x00, 0x1F, 0xF1, 0x00
    .byte   0x00, 0x00, 0x1F, 0x00, 0x00, 0xF1, 0x00, 0x00, 0x00, 0x01, 0xF0, 0x00, 0x00, 0x0F, 0x10, 0xF1
    .byte   0x00, 0x00, 0x00, 0x0F, 0x10, 0xF1, 0x00,    0, 0x00, 0x00, 0x00, 0x01, 0xF0, 0x00, 0x00, 0x00
    .byte   0x10, 0xF0, 0x01, 0xF0, 0x00, 0x00, 0xF1, 0x00, 0x00, 0x00, 0x00, 0x00, 0x01, 0xFF, 0x10, 0x00
    .byte   0x1F, 0x00, 0xF1, 0x00, 0x00, 0x0F, 0x10, 0x00,    0, 0x00, 0x01, 0xFF, 0x11, 0xF0, 0x00, 0x0F
    .byte   0x10, 0x00, 0x00, 0x00, 0x00, 0x00, 0x00, 0x0F, 0x1F, 0x10, 0x1F, 0x00, 0x00, 0x1F, 0x1F, 0x00
    .byte   0x00, 0x0F, 0x10, 0x00, 0x01, 0xF0, 0x0F, 0x10, 0x01,    0, 0x00, 0x00, 0x1F, 0x01, 0xF0, 0x00
    .byte   0x00, 0x1F, 0x00, 0xF1, 0x00, 0xF1, 0x00, 0x0F, 0x11, 0xF0, 0xF1, 0xF0, 0x1F, 0x10, 0x1F, 0x1F
    .byte   0x00, 0x00, 0x00, 0x01, 0xF0, 0x0F, 0x1F, 0x10, 0x00, 0x01,    0, 0x00, 0x00, 0x00, 0xF1, 0x00
    .byte   0x01, 0xF0, 0x1F, 0x1F, 0x00, 0xF0, 0x1F, 0x11, 0xF0, 0x00, 0x00, 0x00, 0x01, 0xF0, 0x01, 0xF0
    .byte   0x00, 0x00, 0xF1, 0x0F, 0x01, 0x00, 0x0F, 0x01, 0x00, 0x00, 0x00,    0, 0x00, 0x00, 0x00, 0x01
    .byte   0xF0, 0x01, 0xF0, 0xF1, 0x00, 0x00, 0x00, 0x00, 0x00, 0x00, 0x01, 0xF0, 0x1F, 0x01, 0x00, 0xF0
    .byte   0x00, 0xF1, 0x00, 0x1F, 0x0F, 0x10, 0x00, 0x00, 0x00, 0x00, 0x00, 0x00,   -1, 0x01, 0x00, 0x0F
    .byte   0x10, 0x0F, 0x10, 0x1F, 0x00, 0x1F, 0x00, 0x00, 0x00, 0x00, 0x0F, 0x10, 0xF1, 0x00, 0x00, 0x00
    .byte   0x00, 0x00, 0x01, 0xF1, 0xF0, 0x00, 0x1F, 0x00, 0x01, 0xF0, 0xF1, 0x00, 0x1F,    0, 0x00, 0xF1
    .byte   0x00, 0x0F, 0x1F, 0x1F, 0x10, 0x1F, 0x0F, 0x11, 0xF1, 0xF0, 0x00, 0x00, 0x00, 0x00, 0x00, 0x00
    .byte   0x00, 0xF0, 0x10, 0x1F, 0x00, 0x00, 0x1F, 0x1F, 0x0F, 0x10, 0x01, 0xF0, 0x00, 0x0F,    0, 0x01
    .byte   0xFF, 0x1F, 0x01, 0x0F, 0x10, 0x01, 0xF0, 0x0F, 0x10, 0x00, 0x0F, 0x10, 0x00, 0x0F, 0x10, 0x0F
    .byte   0x10, 0x01, 0xFF, 0x00, 0x10, 0x0F, 0x11, 0xFF, 0x10, 0x00, 0x00, 0x0F, 0x10, 0xF1, 0x01,    0
    .byte   0x00, 0x00, 0x0F, 0x1F, 0x01, 0x00, 0x00, 0x01, 0xF0, 0x1F, 0x10, 0xF0, 0x00, 0x00, 0x0F, 0x10
    .byte   0x00, 0x10, 0xFF, 0x10, 0x0F, 0x10, 0x00, 0x00, 0x00, 0x0F, 0x10, 0xF1, 0x00, 0x10, 0xF0, 0x0F
    .byte      0, 0x0F, 0x10, 0x0F, 0x0F, 0x11, 0x01, 0x01, 0x0F, 0x10, 0x4D, 0xA3, 0x53, 0xFA, 0x04, 0x4E
    .byte   0xC3, 0xF0, 0x22, 0x3E, 0xCD, 0x34, 0xED, 0xDE, 0x32, 0xE0, 0x2E, 0xF2, 0x30, 0xEE, 0xE4, 0x2D
    .byte   0xDF,    1, 0x02, 0x0E, 0xFF, 0xF1, 0x21, 0xEF, 0xE2, 0x20, 0xEE, 0x22, 0x1F, 0xEF, 0x12, 0x01
    .byte   0xE0, 0x10, 0x11, 0x1D, 0x02, 0x21, 0xD2, 0x02, 0x0E, 0x2F, 0x0E, 0x02, 0xE2, 0xFE, 0x00, 0x22
    .byte   0xEE, 0x2F,   -1, 0x01, 0x1E, 0x01, 0xF2, 0x2E, 0xE0, 0x22, 0xFE, 0xE0, 0x2F, 0x2E, 0xF0, 0x11
    .byte   0x02, 0xD0, 0x12, 0x11, 0xEE, 0x30, 0x0E, 0x01, 0x01, 0xE2, 0x0F, 0xFF, 0x2E, 0x2E, 0x02, 0xE2
    .byte   0xE1, 0x01, 0x0F,    1, 0x0F, 0x10, 0xFF, 0x01, 0xF0, 0xF1, 0x00, 0xF0, 0x00, 0x1F, 0x10, 0xF0
    .byte   0xF2, 0x00, 0xFE, 0x21, 0x1E, 0x11, 0x10, 0xF1, 0x01, 0x1E, 0x10, 0x1E, 0x01, 0x12, 0xE1, 0xF2
    .byte   0x2E, 0x0E, 0x2E, 0x11,    0, 0x02, 0xF3, 0xF0, 0xEF, 0x2F, 0x2E, 0xEE, 0x22, 0x0E, 0xD0, 0xFF
    .byte   0xEF, 0xEE, 0x12, 0x2E, 0xEE, 0x22, 0xE0, 0xF0, 0x12, 0xF3, 0x11, 0x02, 0x2D, 0x3D, 0x31, 0xF4
    .byte   0x43, 0xDC, 0x43, 0x1D, 0xC2,   24, 0x0D, 0xE2, 0xEE, 0x1D, 0x3F, 0x0D, 0xC4, 0xE2, 0xDF, 0x3D
    .byte   0x1D, 0x2D, 0xDE, 0xD0, 0xEE, 0xE1, 0x22, 0x13, 0x03, 0x1E, 0x32, 0x12, 0x34, 0x34, 0x42, 0x02
    .byte   0x21, 0xFC, 0xED, 0xED, 0xEE, 0xFE,    3, 0x01, 0x21, 0xEE, 0x13, 0x21, 0xF1, 0x2F, 0xF1, 0xDE
    .byte   0xD1, 0x3E, 0xDE, 0x23, 0x1E, 0xE2, 0x11, 0xE1, 0x10, 0xEF, 0xFE, 0xDD, 0xFE, 0xDD, 0xD1, 0x21
    .byte   0xFE, 0x03, 0x32, 0xEE, 0x24, 0x53, 0x24,   54, 0x03, 0x12, 0x2F, 0xDD, 0xDD, 0xDC, 0xFE, 0x00
    .byte   0xF2, 0x22, 0xFF, 0x33, 0xFE, 0xE2, 0x2E, 0xEE, 0xDE, 0xEE, 0xFF, 0xD1, 0x2F, 0xE1, 0x11, 0x20
    .byte   0x21, 0xE0, 0x0E, 0xEC, 0xDE, 0x1D, 0xCD, 0xF2,  -61, 0x0E, 0xEF, 0x24, 0x22, 0x34, 0x44, 0x65
    .byte   0xEE, 0x04, 0x3D, 0xBC, 0xDD, 0xFD, 0x1E, 0xD1, 0x34, 0x0C, 0xF3, 0x4F, 0xDD, 0x23, 0xEE, 0xFD
    .byte   0xDD, 0x31, 0xFD, 0xD2, 0x3D, 0xE0, 0x02, 0x2F, 0x12,   -9, 0x0E, 0x2E, 0xDD, 0xCE, 0xFD, 0xCE
    .byte   0x02, 0x3E, 0xF3, 0x01, 0x24, 0x54, 0x44, 0x64, 0x1E, 0xF4, 0xED, 0xBD, 0xDD, 0xED, 0x1F, 0xFE
    .byte   0x32, 0xEE, 0xE2, 0x4E, 0xDE, 0x22, 0xFF, 0xED, 0xDE, 0x12,   -3, 0x0D, 0xEF, 0x22, 0xFF, 0xE2
    .byte   0x22, 0x2F, 0xD0, 0xEE, 0xED, 0xCE, 0xDD, 0x1E, 0xEF, 0x23, 0x3E, 0xDE, 0x34, 0x33, 0x44, 0x56
    .byte   0x41, 0xF1, 0x32, 0xEC, 0xCC, 0xC1, 0xF0, 0xDE, 0xE2, 0x32, 0xED,   10, 0x03, 0x31, 0xEE, 0xEE
    .byte   0x32, 0xFD, 0xDD, 0x22, 0xED, 0xCF, 0xF0, 0x31, 0xF1, 0x12, 0x20, 0xED, 0xDE, 0xDE, 0xEE, 0xDD
    .byte   0xD2, 0x31, 0xFD, 0xE1, 0x42, 0x13, 0x45, 0x56, 0x63, 0xD2, 0x33, 0xEC,   71, 0x0B, 0xDD, 0x01
    .byte   0xED, 0xCF, 0x34, 0x0D, 0xE0, 0x23, 0x22, 0x0E, 0xFF, 0xF2, 0xFD, 0xCD, 0x0E, 0xEE, 0xDD, 0x22
    .byte   0x33, 0x1F, 0xF0, 0x1F, 0xDD, 0xDD, 0xF0, 0xDD, 0xD1, 0x22, 0x1E, 0xDD, 0xF4,  -61, 0x02, 0x24
    .byte   0x56, 0x75, 0x2F, 0xF3, 0x3E, 0xDB, 0xBC, 0xD1, 0x11, 0xCC, 0xD3, 0x33, 0xED, 0xE1, 0x24, 0x32
    .byte   0xEE, 0xE2, 0x32, 0xDC, 0xCC, 0xE1, 0xFD, 0xDE, 0x23, 0x33, 0x1E, 0xEF, 0x1E, 0xED,  -41, 0x0D
    .byte   0xEF, 0xEE, 0x10, 0xEE, 0xEE, 0xED, 0x23, 0x43, 0x45, 0x76, 0x53, 0xE1, 0x32, 0x1D, 0xBB, 0xCD
    .byte   0xF1, 0xFD, 0xCC, 0xD3, 0x33, 0x1D, 0xEF, 0x44, 0x41, 0xED, 0xE2, 0x3F, 0xCC, 0xBD, 0xD2,  -31
    .byte   0x0E, 0xE0, 0x12, 0x33, 0x1F, 0xEE, 0xEF, 0xF1, 0xDD, 0xEE, 0xE2, 0x1D, 0xDD, 0xDE, 0x23, 0x23
    .byte   0x35, 0x67, 0x65, 0x0D, 0x22, 0x30, 0xDB, 0xBC, 0xD2, 0x0E, 0xDC, 0xBD, 0xF3, 0x33, 0x1D, 0xE2
    .byte     14, 0x05, 0x42, 0xED, 0xDE, 0xEE, 0xDC, 0xCC, 0xD1, 0x20, 0x21, 0x10, 0xFF, 0x20, 0x1F, 0xED
    .byte   0xFF, 0x11, 0x1E, 0xEF, 0xED, 0xDD, 0xDE, 0xF3, 0x44, 0x46, 0x67, 0x5F, 0xDF, 0x23, 0x31, 0xCB
    .byte   0xCC,   44, 0x00, 0x0F, 0xCB, 0xBE, 0xE2, 0x43, 0xFD, 0xF4, 0x44, 0x52, 0xDD, 0xCE, 0xEE, 0xED
    .byte   0xCB, 0xDE, 0x34, 0x2F, 0xCD, 0xE1, 0x33, 0x3E, 0xCD, 0xF2, 0x33, 0x2E, 0xDC, 0xCD, 0x12, 0xFE
    .byte   0x02, 0x45,    4, 0x07, 0x54, 0xEE, 0x02, 0x43, 0x2C, 0xCC, 0xCD, 0x12, 0xED, 0xBB, 0xCD, 0xF4
    .byte   0x42, 0xEF, 0x03, 0x45, 0x43, 0xEC, 0xCC, 0xD1, 0x0F, 0xCC, 0xCD, 0x23, 0x3F, 0xDD, 0xC0, 0x23
    .byte   0x42, 0xFE, 0xEE,  -37, 0x02, 0x22, 0xDD, 0xCD, 0xEE, 0x01, 0x33, 0x55, 0x66, 0x3F, 0xEF, 0x33
    .byte   0x43, 0xFD, 0xCC, 0xDD, 0x01, 0xED, 0xBB, 0xBD, 0x23, 0x43, 0x30, 0xF1, 0x24, 0x44, 0x2D, 0xCC
    .byte   0xCF, 0x11, 0xED, 0xDC,  -45, 0x0D, 0x12, 0x3F, 0xFD, 0xE1, 0x23, 0x32, 0x1E, 0xEF, 0x02, 0xFE
    .byte   0xDD, 0xDE, 0x02, 0x34, 0x55, 0x54, 0x1F, 0xF1, 0x33, 0x43, 0x20, 0xDC, 0xDD, 0xF0, 0xED, 0xCC
    .byte   0xBD, 0xD0, 0x33, 0x33, 0xFE,    0, 0x03, 0x33, 0x30, 0xED, 0xDD, 0xDF, 0xEE, 0xEE, 0xDE, 0xDE
    .byte   0xEE, 0x02, 0x22, 0x22, 0x11, 0x21, 0x12, 0x11, 0xEE, 0xDE, 0xDF, 0xFF, 0x23, 0x45, 0x53, 0x2F
    .byte   0x01, 0x33, 0x43, 0x31, 0x1D, 0xDE,   63, 0x0E, 0xED, 0xDC, 0xCC, 0xCF, 0x12, 0x33, 0x22, 0xFF
    .byte   0xF2, 0x23, 0x21, 0xED, 0xDE, 0xDE, 0x11, 0x1F, 0xDD, 0xDD, 0xE2, 0x23, 0x22, 0x10, 0xFF, 0x22
    .byte   0x22, 0x0E, 0xDE, 0xDE, 0xE1, 0x23, 0x34,    7, 0x03, 0x3F, 0xF1, 0x23, 0x34, 0x33, 0x2E, 0xEE
    .byte   0xDE, 0xEE, 0xDD, 0xDC, 0xCE, 0xD1, 0x12, 0x22, 0x22, 0x0F, 0xFF, 0x22, 0x11, 0xFE, 0xEE, 0xD0
    .byte   0xE0, 0x1E, 0xEE, 0xDE, 0xE1, 0x23, 0x32, 0x1F,  -22, 0x0F, 0x02, 0x12, 0x0E, 0xED, 0xEE, 0xF1
    .byte   0x33, 0x44, 0x22, 0xEF, 0xE2, 0x33, 0x44, 0x32, 0xFE, 0xED, 0xEE, 0xEE, 0xDD, 0xDD, 0xDD, 0xD1
    .byte   0x22, 0x32, 0x2F, 0xEF, 0xF1, 0x11, 0xF0, 0xFE, 0xFE,  -13, 0x0E, 0xEF, 0xEE, 0xFE, 0xEF, 0x02
    .byte   0x22, 0x20, 0x00, 0x02, 0x00, 0x0E, 0xFE, 0xDF, 0x02, 0x23, 0x43, 0x23, 0x0F, 0xE2, 0x23, 0x34
    .byte   0x33, 0x0F, 0xEE, 0xEE, 0xEF, 0xED, 0xDD, 0xCD, 0xEE, 0x23,    4, 0x02, 0x0F, 0xEE, 0xFF, 0xF0
    .byte   0x12, 0xF1, 0xEE, 0xEE, 0xFE, 0xEE, 0xEE, 0xFF, 0x01, 0x12, 0x12, 0xF1, 0x22, 0x21, 0xFE, 0xED
    .byte   0xEF, 0x12, 0x32, 0x42, 0x22, 0x00, 0x11, 0x33, 0x33, 0x33, 0x20,   67, 0x0F, 0xEF, 0xEE, 0xDD
    .byte   0xDC, 0xED, 0xFF, 0xF0, 0x22, 0x11, 0xEE, 0xEF, 0xF1, 0x22, 0x1F, 0xEE, 0xEF, 0xFE, 0xEE, 0xEE
    .byte   0xF0, 0x02, 0x01, 0x01, 0x1F, 0x22, 0x10, 0xFE, 0xEE, 0xF1, 0x22, 0x23,   -3, 0x03, 0x11, 0x01
    .byte   0x13, 0x33, 0x33, 0x32, 0x00, 0xFE, 0xFE, 0xEE, 0xDD, 0xCD, 0xDE, 0xF0, 0x11, 0x10, 0xFE, 0x00
    .byte   0x11, 0x21, 0x11, 0xFE, 0xEF, 0xFF, 0xFE, 0xDE, 0xDE, 0xF2, 0x22, 0x11, 0xFF,  -33, 0x01, 0x22
    .byte   0x2F, 0x0E, 0xEF, 0xFF, 0x23, 0x43, 0x32, 0xE0, 0xE2, 0x34, 0x43, 0x21, 0xEE, 0xF0, 0x2F, 0x1D
    .byte   0xDC, 0xCD, 0xDE, 0x01, 0x10, 0xEE, 0x0F, 0xF1, 0x32, 0x20, 0xFE, 0xEF, 0x00, 0xFE,  -17, 0x0E
    .byte   0xDF, 0xEE, 0xEE, 0xF2, 0x22, 0xFE, 0x21, 0x21, 0x00, 0x0F, 0xE1, 0x22, 0x34, 0x32, 0x2F, 0x22
    .byte   0x33, 0x33, 0x22, 0x1F, 0x12, 0x21, 0x0D, 0xDC, 0xCC, 0xED, 0x2F, 0xFD, 0xDE, 0xF2, 0x23,   -4
    .byte   0x02, 0xEF, 0xF1, 0x23, 0x10, 0xDD, 0xDE, 0xEF, 0xFE, 0xED, 0xEE, 0x12, 0x21, 0x1E, 0xFF, 0x22
    .byte   0x0F, 0x02, 0x23, 0x43, 0x33, 0x22, 0x22, 0x33, 0x33, 0x1F, 0x00, 0x22, 0x2F, 0xDC, 0xCD, 0xDD
    .byte      8, 0x0E, 0xDD, 0xED, 0xFF, 0x33, 0x2F, 0xFF, 0x02, 0x32, 0x2F, 0xED, 0xED, 0x11, 0xED, 0xCD
    .byte   0xDF, 0x22, 0x2E, 0xEE, 0xE0, 0x23, 0x21, 0xFF, 0x24, 0x45, 0x42, 0x02, 0x33, 0x34, 0x21, 0xFF
    .byte   0xF1,   86, 0x02, 0xED, 0xCC, 0xDD, 0xED, 0xDC, 0xCE, 0x11, 0x22, 0x10, 0x12, 0x33, 0x31, 0x2E
    .byte   0xEF, 0xFF, 0xEE, 0xDC, 0xDD, 0xDE, 0xEE, 0xEE, 0x01, 0x0E, 0x01, 0x32, 0x21, 0x23, 0x45, 0x54
    .byte   0x2F, 0x34,   82, 0x04, 0x1E, 0xEE, 0x12, 0x2F, 0xDD, 0xCC, 0xDE, 0xDC, 0xCC, 0xD0, 0x22, 0xFE
    .byte   0xF3, 0x34, 0x23, 0x20, 0x02, 0x21, 0xFD, 0xDC, 0xDE, 0xDD, 0xCC, 0xDD, 0x12, 0x2E, 0xDD, 0xF3
    .byte   0x34, 0x21, 0x13,  -35, 0x05, 0x64, 0x30, 0x34, 0x43, 0x2F, 0xFF, 0xFE, 0x0E, 0xDC, 0xCE, 0xDC
    .byte   0xCC, 0xDD, 0xFE, 0xF0, 0x11, 0x33, 0x33, 0x32, 0x23, 0x21, 0xEF, 0xED, 0xDD, 0xCD, 0xCD, 0xDD
    .byte   0xDC, 0xE1, 0x1F, 0xEE, -100, 0x03, 0x22, 0x32, 0x34, 0x56, 0x52, 0x14, 0x54, 0x3E, 0xEF, 0x02
    .byte   0xFE, 0xDD, 0xCD, 0xEE, 0xBB, 0xCD, 0xFE, 0xDE, 0xF2, 0x13, 0x43, 0x22, 0x33, 0x41, 0xEE, 0x0F
    .byte   0xED, 0xCC, 0xDD, 0xCD, 0xCD,  -93, 0x0E, 0xE1, 0x0E, 0xE2, 0x33, 0x20, 0x23, 0x66, 0x53, 0x15
    .byte   0x54, 0x2F, 0x02, 0x2F, 0xFD, 0xED, 0xCE, 0xDD, 0xBB, 0xDE, 0xDC, 0xDF, 0x12, 0x22, 0x33, 0x33
    .byte   0x33, 0x3F, 0xF2, 0x2E, 0xDC, 0xED,  -16, 0x0C, 0xCC, 0xED, 0xDD, 0xD0, 0x0E, 0xF2, 0x22, 0x13
    .byte   0x35, 0x65, 0x33, 0x55, 0x50, 0x03, 0x30, 0xE1, 0xEE, 0xED, 0xDD, 0xCC, 0xBD, 0xDC, 0xCD, 0xE1
    .byte   0xEE, 0x33, 0x32, 0x33, 0x33, 0x11, 0x31,   26, 0x0E, 0xDF, 0xDC, 0xCD, 0xDD, 0xDC, 0xDE, 0x0D
    .byte   0xE0, 0x02, 0x22, 0x33, 0x65, 0x43, 0x55, 0x50, 0x24, 0x32, 0xF0, 0x0F, 0xEE, 0xDD, 0xDC, 0xCB
    .byte   0xDC, 0xCC, 0xEF, 0xED, 0x13, 0x32, 0x23, 0x33,    5, 0x02, 0x22, 0x0E, 0xEE, 0xED, 0xCE, 0xDC
    .byte   0xDD, 0xED, 0xEE, 0xD1, 0xF0, 0x22, 0x35, 0x53, 0x45, 0x45, 0x32, 0x44, 0x30, 0xE2, 0x3E, 0xDE
    .byte   0xED, 0xCC, 0xCD, 0xCC, 0xCD, 0xDE, 0xEE, 0x20, 0x23,  -28, 0x03, 0x32, 0x21, 0x22, 0x0E, 0xEF
    .byte   0xED, 0xDD, 0xDE, 0xDC, 0xEF, 0xED, 0xEF, 0x12, 0x03, 0x54, 0x34, 0x45, 0x5F, 0x44, 0x33, 0x11
    .byte   0x32, 0xEE, 0xE0, 0xDC, 0xCD, 0xDC, 0xCC, 0xDE, 0xDD, 0xE1,  -34, 0x01, 0xF1, 0x32, 0x11, 0x13
    .byte   0x2F, 0xEF, 0x0F, 0xDD, 0xEF, 0xDD, 0xDE, 0x1D, 0xD1, 0xF1, 0x2E, 0x45, 0xE4, 0x44, 0x52, 0x05
    .byte   0x42, 0x30, 0x33, 0x1E, 0xE2, 0xED, 0xCD, 0xDD, 0xCC, 0xDF, 0xDC,  -31, 0x02, 0x2E, 0xEE, 0x33
    .byte   0xEE, 0x22, 0x2E, 0xF2, 0x0E, 0xEE, 0xFE, 0xDD, 0xFE, 0xEE, 0xEE, 0x00, 0x12, 0x14, 0x32, 0x44
    .byte   0x34, 0x23, 0x43, 0x32, 0x23, 0x20, 0xF2, 0x1D, 0xDD, 0xD1, 0xCC, 0xEE,    5, 0x0D, 0xED, 0x1E
    .byte   0xEF, 0x2F, 0x0E, 0x22, 0x00, 0xFF, 0x2E, 0xFE, 0xFE, 0xED, 0xF0, 0xDE, 0x0E, 0x1F, 0xE2, 0x22
    .byte   0x33, 0x23, 0x43, 0x32, 0x34, 0x32, 0x23, 0x31, 0x0F, 0x02, 0x0D, 0xDF, 0xFD,   34, 0x0F, 0xED
    .byte   0xDD, 0xE0, 0xDF, 0xEF, 0x1F, 0xE0, 0x01, 0x0E, 0x10, 0xF0, 0xEE, 0xFF, 0xE0, 0xEE, 0x1E, 0xF1
    .byte   0xFF, 0x0F, 0x21, 0x33, 0x03, 0x24, 0x3E, 0x43, 0x31, 0xE4, 0x3F, 0x02, 0x22, 0xDE,   63, 0x0E
    .byte   0xEC, 0x0E, 0xED, 0xD2, 0xDF, 0x0D, 0x1E, 0xE2, 0xEF, 0xEF, 0x10, 0xE1, 0x1D, 0x2E, 0xE1, 0xD0
    .byte   0x2E, 0xFD, 0x22, 0xF0, 0xD2, 0x3E, 0xE3, 0x33, 0x1E, 0x43, 0x01, 0xF4, 0x2E, 0x02, 0x40,   40
    .byte   0x0F, 0x04, 0xDE, 0xF0, 0x3C, 0x00, 0xE1, 0xD0, 0xFE, 0x0E, 0xEE, 0x0F, 0xEF, 0xE2, 0xED, 0x12
    .byte   0xFE, 0xD1, 0x3E, 0xDF, 0x13, 0xDD, 0x32, 0xEF, 0xE1, 0x3D, 0x03, 0x12, 0xD2, 0x4E, 0xF0, 0x23
    .byte      3, 0x0F, 0x2E, 0x33, 0xEE, 0x12, 0x22, 0xEE, 0x23, 0x1D, 0xE0, 0x3E, 0xEF, 0x12, 0xEE, 0x00
    .byte   0xEE, 0xF1, 0xFE, 0xE2, 0x1D, 0xFE, 0x3F, 0xDE, 0x2F, 0xF1, 0xD3, 0x1C, 0x41, 0xE2, 0xC4, 0x01
    .byte   0xED,   -6, 0x01, 0xED, 0x23, 0xF0, 0x12, 0x0E, 0x03, 0x1E, 0x12, 0x10, 0xE0, 0x30, 0xE1, 0x02
    .byte   0x1D, 0x22, 0x0F, 0xEF, 0x21, 0xFE, 0x01, 0x1E, 0x0E, 0x12, 0x2C, 0xE3, 0x22, 0xCE, 0x33, 0x0D
    .byte   0xD2, 0x13,    7, 0x0C, 0xE2, 0x23, 0xEF, 0xDF, 0x23, 0x2D, 0xEF, 0x23, 0xFE, 0xD0, 0x32, 0xFE
    .byte   0xE3, 0xE2, 0x1E, 0xF0, 0x22, 0xD1, 0x11, 0x2E, 0x0E, 0x22, 0x0D, 0xF2, 0x2E, 0xE0, 0x12, 0xFF
    .byte   0xE0, 0x21, 0x0F,   -6, 0x01, 0x11, 0x2E, 0xE1, 0x22, 0xFE, 0x00, 0x2F, 0x0F, 0xF1, 0x11, 0x00
    .byte   0x10, 0xF0, 0x11, 0x0F, 0x10, 0x10, 0xF0, 0x10, 0x0F, 0x00, 0x00, 0x0F, 0x01, 0x0F, 0x1F, 0xFF
    .byte   0x10, 0xFF, 0xF0, 0x10,   -1, 0x00, 0xFF, 0x1F, 0x0F, 0x1F, 0x10, 0x00, 0xF1, 0x01, 0x0F, 0x11
    .byte   0xF1, 0x1F, 0x00, 0x11, 0x01, 0xF1, 0x00, 0x1F, 0x01, 0xF0, 0x00, 0x00, 0x0F, 0x01, 0xF1, 0x0F
    .byte   0x01, 0xF0, 0xF0, 0x10, 0xFF,    0, 0x0F, 0x1F, 0x1F, 0x0F, 0x01, 0x0F, 0x00, 0x00, 0x0F, 0x01
    .byte   0x00, 0x01, 0xF0, 0x10, 0x01, 0xF1, 0x00, 0x1F, 0x00, 0x10, 0x00, 0x1F, 0x00, 0x00, 0x00, 0x00
    .byte   0x00, 0x00, 0x1F, 0x00, 0x00, 0x00,    1, 0x0F, 0x1F, 0x00, 0xF1, 0xF1, 0x0F, 0xF1, 0x00, 0xF1
    .byte   0x0F, 0x1F, 0x01, 0x00, 0x1F, 0xF1, 0x01, 0xF1, 0xF0, 0x10, 0x01, 0xF0, 0x01, 0xF1, 0xF1, 0xF1
    .byte   0xF1, 0x00, 0x0F, 0x10, 0x0F, 0x1F, 0x1F,    1, 0x00, 0x0F, 0x01, 0x00, 0xF0, 0x00, 0xF1, 0xF1
    .byte   0x00, 0x0F, 0x00, 0x00, 0x1F, 0x1F, 0x00, 0x01, 0xFF, 0x10, 0xF1, 0x10, 0xF0, 0x01, 0xF0, 0x10
    .byte   0x00, 0x01, 0x00, 0x00, 0xF1, 0x00, 0xF1, 0x00,    1, 0x00, 0x00, 0xF1, 0xF1, 0x00, 0x0F, 0x1F
    .byte   0x00, 0x00, 0x00, 0x00, 0x00, 0xF0, 0x1F, 0x10, 0xF0, 0x00, 0x0F, 0x10, 0x00, 0x01, 0xF1, 0x00
    .byte   0x00, 0x00, 0x1F, 0x1F, 0x01, 0xF1, 0xF0, 0x1F, 0x10,    0, 0x00, 0x10, 0x0F, 0x10, 0xF1, 0x00
    .byte   0x00, 0x0F, 0x01, 0x0F, 0x00, 0x1F, 0xF0, 0x1F, 0x00, 0x00, 0x00, 0xF1, 0x00, 0x01, 0x0F, 0x00
    .byte   0x00, 0x1F, 0x10, 0x0F, 0x00, 0x10, 0x01, 0x0F, 0x01, 0xF0,    1, 0x00, 0x0F, 0x01, 0x00, 0x00
    .byte   0x00, 0x00, 0xF0, 0x10, 0xF0, 0x00, 0x00, 0x00, 0x01, 0xF0, 0xF1, 0x00, 0x00, 0x0F, 0x01, 0xF0
    .byte   0x10, 0x00, 0xF0, 0x1F, 0x10, 0x00, 0x00, 0x00, 0x0F, 0x1F, 0x11,    0, 0x0F, 0x01, 0x00, 0xF0
    .byte   0x01, 0x1F, 0x0F, 0x10, 0x00, 0x00, 0x00, 0x00, 0x00, 0xF1, 0xF1, 0x01, 0xFF, 0x01, 0x00, 0x0F
    .byte   0x10, 0x00, 0x00, 0x0F, 0x10, 0x00, 0x00, 0x00, 0x00, 0x00, 0xF1, 0x00,   -1, 0x01, 0xF1, 0x0F
    .byte   0x01, 0x00, 0x00, 0x00, 0x1F, 0x00, 0x00, 0x00, 0x00, 0xF1, 0x00, 0x00, 0x01, 0xF0, 0xF1, 0x00
    .byte   0x1F, 0x00, 0xF1, 0x01, 0x0F, 0x00, 0x00, 0x0F, 0x10, 0xF1, 0x00, 0x10, 0xFF,   -1, 0x00, 0x01
    .byte   0x11, 0xE0, 0xF2, 0xF0, 0xF1, 0x11, 0x10, 0xFF, 0xE0, 0x21, 0xEF, 0x22, 0x0F, 0xEE, 0xE1, 0x23
    .byte   0x2E, 0xDD, 0x22, 0x30, 0xFE, 0xE1, 0x21, 0xEE, 0xD2, 0x55, 0xDA, 0x84, 0x77, 0x6A,  -35, 0x09
    .byte   0x77, 0x7A, 0x9A, 0x57, 0x74, 0x88, 0x87, 0x77, 0x78, 0x88, 0x77, 0x74, 0x88, 0x47, 0x77, 0x98
    .byte   0x86, 0x77, 0x38, 0x95, 0x75, 0xDA, 0x93, 0x66, 0x3B, 0xAE, 0x45, 0x4C, 0xAC, 0x35, 0x51,   13
    .byte   0x0C, 0xD3, 0x31, 0xDD, 0x14, 0x32, 0x0C, 0xCE, 0x43, 0xEC, 0xE2, 0x33, 0x3F, 0xED, 0xDF, 0xE1
    .byte   0x32, 0x20, 0x22, 0xEE, 0xFE, 0x0D, 0xE2, 0x33, 0x0E, 0xEE, 0xF0, 0xFE, 0x12, 0x30, 0xE0, 0x11
    .byte      5, 0x0E, 0x0E, 0x02, 0xF2, 0x2F, 0xEE, 0xF0, 0xE0, 0x02, 0x11, 0x20, 0xDF, 0x11, 0x22, 0x1E
    .byte   0xEF, 0x13, 0x1E, 0xEF, 0xE1, 0x12, 0x2E, 0xE2, 0x12, 0xEE, 0x11, 0x22, 0x0D, 0xEF, 0x13, 0x21
    .byte   0xDE,  -10, 0x03, 0x3F, 0xED, 0xF1, 0x32, 0xFE, 0xE2, 0x11, 0xFD, 0xFF, 0x32, 0xEE, 0xF1, 0x21
    .byte   0x2E, 0xE1, 0x12, 0x2E, 0xE0, 0xE2, 0x2F, 0xEE, 0xF2, 0x22, 0x0D, 0x00, 0x30, 0xFD, 0xE2, 0x22
    .byte   0x1F, 0xD0,    2, 0x02, 0x2E, 0xDD, 0x22, 0x20, 0xE0, 0x12, 0x21, 0xEE, 0xF3, 0x0F, 0xED, 0x12
    .byte   0x21, 0xF0, 0xEF, 0x21, 0x2E, 0xE0, 0x02, 0x02, 0x0D, 0x02, 0x20, 0x1E, 0xD0, 0x33, 0xDD, 0xE2
    .byte   0x33, 0x1D, 0xC2,   -2, 0x04, 0xFE, 0xDC, 0x33, 0x30, 0xDD, 0xE1, 0x32, 0x2D, 0xFE, 0x22, 0x21
    .byte   0xD0, 0x12, 0x2E, 0x0F, 0xE2, 0xF2, 0xEE, 0x01, 0x21, 0x1F, 0xEF, 0x02, 0x20, 0xEE, 0x11, 0x31
    .byte   0xEE, 0xD0, 0x12, 0x11,   -2, 0x0D, 0x23, 0x22, 0xED, 0xE1, 0x33, 0xED, 0xE1, 0x22, 0x2E, 0xEE
    .byte   0xF0, 0x12, 0x2F, 0xEF, 0x01, 0x01, 0x20, 0x1E, 0xEE, 0x22, 0x3F, 0xED, 0xE2, 0x22, 0xFE, 0xD2
    .byte   0x12, 0x2E, 0xF0, 0x21, 0x00,   -1, 0x00, 0x12, 0x2E, 0xEE, 0xF2, 0x22, 0xED, 0xE1, 0x32, 0xF0
    .byte   0xDF, 0x22, 0x21, 0xEE, 0xE2, 0x22, 0x0F, 0xEE, 0xF2, 0x22, 0xDE, 0x01, 0x22, 0xFF, 0xDF, 0x13
    .byte   0x20, 0xEF, 0xE2, 0x20, 0xE0, 0xF0,    0, 0x0F, 0xF0, 0x11, 0xFF, 0xE2, 0x01, 0x0F, 0x10, 0xF0
    .byte   0x20, 0xF0, 0xF1, 0x11, 0x2E, 0xFE, 0xF2, 0x1F, 0xEE, 0x22, 0x10, 0xEF, 0x11, 0x21, 0xEE, 0x02
    .byte   0x3F, 0xEE, 0xF1, 0x01, 0x1F, 0xEF, 0x22,    2, 0x0E, 0x00, 0x01, 0x1F, 0xFE, 0x22, 0x2E, 0xE0
    .byte   0xF2, 0x10, 0x1E, 0xF0, 0x12, 0xE0, 0xF0, 0x1F, 0x11, 0x1F, 0xF2, 0xFF, 0xF1, 0x2E, 0xE0, 0x22
    .byte   0xFF, 0xF1, 0xF1, 0x11, 0xFE, 0xE0, 0x21, 0xFF,   -5, 0x0F, 0x21, 0x20, 0xE0, 0x11, 0x0F, 0xF0
    .byte   0x11, 0x1F, 0xE0, 0x11, 0x1F, 0xEE, 0x21, 0x2E, 0xF0, 0x11, 0x02, 0xFF, 0x10, 0x2F, 0xF0, 0x01
    .byte   0x00, 0x1F, 0x1F, 0xF0, 0x20, 0x0E, 0x01, 0x20, 0x00,    7, 0x0F, 0x10, 0xF1, 0xE1, 0xEF, 0x0F
    .byte   0x0F, 0xFF, 0xFF, 0xFF, 0xFF, 0x01, 0x0F, 0xF1, 0x2E, 0xFF, 0x2F, 0xF2, 0xF1, 0xF1, 0x2F, 0x2F
    .byte   0x02, 0x11, 0x20, 0x21, 0x02, 0x10, 0xF0, 0x21, 0x1E, 0xEF,   16, 0x0F, 0x0E, 0xE0, 0xE1, 0x1E
    .byte   0xEE, 0xF0, 0xFE, 0x0F, 0xEE, 0x2F, 0x0E, 0xE1, 0x0F, 0xFF, 0x00, 0x02, 0x22, 0x01, 0x12, 0x22
    .byte   0x22, 0x13, 0x22, 0x3F, 0x22, 0x21, 0xFF, 0xF0, 0xFF, 0x0E, 0xDE,   25, 0x0E, 0xFD, 0xE0, 0xEE
    .byte   0x0E, 0x0D, 0xFF, 0xFE, 0x0E, 0xEF, 0xE1, 0xEE, 0xEE, 0x0F, 0x2F, 0x11, 0xF2, 0x23, 0x20, 0x22
    .byte   0x44, 0x33, 0x13, 0x22, 0x32, 0x1D, 0xD0, 0xF0, 0xFE, 0xDD, 0xEE, 0x20,   14, 0x0D, 0xE0, 0xF2
    .byte   0x2E, 0x0D, 0x12, 0x2F, 0xDE, 0xDF, 0xEE, 0xED, 0xDE, 0xEF, 0xFF, 0x01, 0x12, 0x20, 0x33, 0x33
    .byte   0x34, 0x34, 0x23, 0x32, 0x00, 0x0E, 0xEE, 0xD1, 0xDE, 0xFD, 0xEE, 0xD2, 0xEE,   -3, 0x0F, 0x21
    .byte   0x22, 0x01, 0xE3, 0x20, 0x0D, 0xED, 0x1D, 0x0D, 0xDD, 0xDF, 0xEE, 0x0E, 0x00, 0x22, 0x20, 0x03
    .byte   0x33, 0x23, 0x53, 0x32, 0x33, 0xE2, 0xF2, 0xED, 0xDF, 0x0D, 0xFD, 0xEE, 0xD1, 0xFF,   -5, 0x0D
    .byte   0x3E, 0x32, 0x22, 0xE1, 0x23, 0x1F, 0xEE, 0xED, 0xFF, 0xDD, 0xDD, 0xFE, 0xEE, 0xEE, 0xE2, 0x21
    .byte   0x10, 0x23, 0x33, 0x23, 0x43, 0x42, 0x32, 0x22, 0xF2, 0xDE, 0xDE, 0x0E, 0xEE, 0xDE, 0xD1,    4
    .byte   0x0F, 0xEE, 0xE2, 0x13, 0x20, 0x1E, 0x23, 0x21, 0xEE, 0xEE, 0xEF, 0xED, 0xDD, 0xD0, 0xEE, 0xED
    .byte   0xF0, 0x22, 0x00, 0x12, 0x33, 0x32, 0x33, 0x43, 0x31, 0x30, 0x22, 0x10, 0xDD, 0xE1, 0x1D, 0x0D
    .byte     10, 0x0E, 0xE2, 0xEE, 0xEE, 0x10, 0x32, 0x12, 0xE1, 0x32, 0x20, 0xEE, 0xEE, 0xF0, 0xDD, 0xDE
    .byte   0xDE, 0x0D, 0x0D, 0x01, 0x12, 0x0F, 0x13, 0x23, 0x23, 0x24, 0x33, 0x30, 0x31, 0x22, 0x10, 0xED
    .byte   0xFF,   37, 0x0E, 0xED, 0xEE, 0xE0, 0xEE, 0xEE, 0x10, 0x22, 0x11, 0x10, 0x22, 0x21, 0x0E, 0xFE
    .byte   0x0E, 0xED, 0xED, 0xFE, 0xED, 0xFE, 0xE0, 0x11, 0xF0, 0x12, 0x23, 0x22, 0x22, 0x43, 0x32, 0x22
    .byte   0x31, 0x22,   48, 0x0E, 0xEE, 0x2E, 0x0E, 0xDE, 0xEE, 0x01, 0xDE, 0xEE, 0x21, 0x20, 0xF1, 0x12
    .byte   0x21, 0x0F, 0xFE, 0x10, 0x0D, 0xEE, 0xEE, 0xEE, 0xFD, 0xEE, 0x12, 0x0F, 0xF0, 0x03, 0x23, 0x20
    .byte   0x23, 0x33, 0x22,   27, 0x02, 0x13, 0x10, 0x0D, 0x20, 0xFF, 0xEE, 0xEE, 0xE0, 0xFD, 0x0D, 0x10
    .byte   0x02, 0xE0, 0xF0, 0x22, 0x11, 0x0E, 0x00, 0x1F, 0xFD, 0xEE, 0x0F, 0xFE, 0xDE, 0xF0, 0x2F, 0xFF
    .byte   0xF1, 0x23, 0x12, 0xE2,  -12, 0x02, 0x41, 0x21, 0xF3, 0x12, 0x21, 0xFE, 0x2F, 0x20, 0xEF, 0xEF
    .byte   0xEF, 0x0E, 0xEE, 0xD2, 0xFF, 0x1E, 0x1F, 0x02, 0x01, 0xFF, 0x00, 0xF0, 0xF0, 0xD0, 0xF1, 0xEE
    .byte   0xFF, 0xD3, 0x2C, 0x4C, 0x33,  -31, 0x04, 0xEF, 0x21, 0x03, 0x1E, 0x32, 0xF4, 0xC3, 0x2D, 0x4E
    .byte   0xE3, 0xD2, 0x2F, 0x2E, 0x0F, 0x0E, 0x21, 0xD0, 0xEF, 0x0F, 0xE2, 0xD0, 0x10, 0x21, 0xEF, 0x01
    .byte   0xE2, 0x0D, 0x3C, 0x23, 0xC3, 0xED,   -8, 0x0C, 0x4C, 0x3E, 0xC6, 0xA6, 0xCC, 0x6A, 0x51, 0xC5
    .byte   0xDD, 0x4D, 0x23, 0xD3, 0xE3, 0xE1, 0x2E, 0x2E, 0x3E, 0xF3, 0xD3, 0xEE, 0x3D, 0x2F, 0xEF, 0x2E
    .byte   0xE2, 0xD2, 0x0E, 0x2D, 0x3D, 0x3E, 0xD4,   -8, 0x02, 0x1D, 0x30, 0xD3, 0xD1, 0x2D, 0x3E, 0x1D
    .byte   0x3F, 0xD4, 0xDF, 0x3C, 0x4D, 0x4C, 0x33, 0xB6, 0xB3, 0x3C, 0x30, 0x1E, 0x30, 0xC5, 0xC1, 0x4C
    .byte   0x3F, 0xD4, 0xDF, 0x3D, 0x2E, 0x2F, 0x10, 0xE0,    8, 0x0E, 0x2E, 0x12, 0xC4, 0xC4, 0xD1, 0x1D
    .byte   0x3E, 0xE3, 0xD1, 0x2E, 0xF2, 0xE0, 0x0E, 0x3D, 0x3D, 0x2F, 0x02, 0xE3, 0xD2, 0x1E, 0x2F, 0x02
    .byte   0xD3, 0xFE, 0x3D, 0x22, 0xE0, 0x2D, 0x3E, 0x20, 0xE3,   -7, 0x03, 0x01, 0x11, 0xEE, 0x3D, 0x30
    .byte   0xD2, 0x0E, 0x3D, 0x3E, 0x01, 0xF2, 0xEF, 0xE3, 0xC4, 0xD1, 0x3C, 0x4E, 0xD3, 0xED, 0x4C, 0x3F
    .byte   0x2E, 0xF3, 0xC4, 0x1C, 0x4D, 0x1E, 0x22, 0xC5, 0xCE, 0x4B,    8, 0x0E, 0xE2, 0xD3, 0xD3, 0x0E
    .byte   0xD5, 0xA6, 0xCF, 0x3C, 0x4C, 0x31, 0xE2, 0x2C, 0x4D, 0x2F, 0x3B, 0x5C, 0xE5, 0xB5, 0xB3, 0x0E
    .byte   0x3E, 0x2D, 0x3D, 0x05, 0xA5, 0xEC, 0x4D, 0x33, 0xB6, 0xA4, 0x2B,   19, 0x0B, 0x3F, 0xD2, 0x3D
    .byte   0x3C, 0x4D, 0x22, 0xE3, 0xC3, 0xD2, 0x3C, 0x4E, 0xC5, 0xB4, 0x1D, 0x3D, 0x13, 0xD3, 0xED, 0x4C
    .byte   0x31, 0xD3, 0xE0, 0x20, 0xE2, 0xFE, 0x2E, 0x2E, 0xE3, 0xE2, 0x1E, 0x0F,    2, 0x0D, 0x4C, 0x3E
    .byte   0xE4, 0xC4, 0xD2, 0xD2, 0x11, 0x2E, 0xE1, 0xD4, 0xFD, 0x4B, 0x4D, 0x3F, 0x2E, 0xD3, 0xE2, 0x00
    .byte   0x0D, 0x31, 0xD4, 0xC2, 0x2D, 0x3E, 0x2E, 0xF3, 0xD2, 0x2D, 0x2F, 0xE1, 0x3D,    4, 0x0D, 0x12
    .byte   0xE4, 0xB4, 0xED, 0x4D, 0x3E, 0xE1, 0xF3, 0xD2, 0x2C, 0x4D, 0x22, 0xD3, 0xD2, 0xF2, 0x0E, 0x3C
    .byte   0x4D, 0x13, 0xC4, 0xC3, 0x2D, 0x3D, 0xF3, 0xD2, 0x2E, 0x1F, 0x0E, 0x22, 0xD3, 0xD0,    7, 0x0C
    .byte   0x4D, 0x2E, 0xF3, 0xC4, 0xD0, 0x2E, 0x12, 0xE2, 0xE2, 0xEF, 0x3C, 0x4D, 0x2F, 0xF2, 0xE2, 0x0E
    .byte   0x11, 0xE3, 0xD3, 0xD1, 0x2E, 0x12, 0xF1, 0xE1, 0x0E, 0x4C, 0x3E, 0xD4, 0xC4, 0xDE, 0x4B,    9
    .byte   0x0E, 0xD4, 0xC2, 0xE2, 0xE3, 0xD3, 0xD3, 0xD1, 0x2E, 0x10, 0x2E, 0x2D, 0x4C, 0x30, 0xE3, 0xD2
    .byte   0xE1, 0xF2, 0xD4, 0xDE, 0x3D, 0x22, 0xD3, 0xDF, 0x4C, 0x4C, 0x32, 0xC5, 0xB4, 0xDE, 0x4C, 0x3F
    .byte     -1, 0x00, 0x12, 0xD3, 0x1D, 0x22, 0xC4, 0xE0, 0x2D, 0x3D, 0x3E, 0xF3, 0xC3, 0xEF, 0x3E, 0x1D
    .byte   0x21, 0x02, 0xFE, 0x2E, 0xF4, 0xC3, 0xEE, 0x1F, 0x2E, 0x3E, 0xC5, 0xB5, 0xDF, 0x2C, 0x4C, 0x5C
    .byte   0x20,  -11, 0x04, 0xD3, 0x1D, 0x3C, 0x33, 0xC4, 0xC2, 0x3C, 0x5C, 0x23, 0xB5, 0xCF, 0x4C, 0x3D
    .byte   0x2F, 0x3E, 0x2D, 0x2F, 0xD5, 0xB3, 0x2C, 0x4D, 0x32, 0xB6, 0xA4, 0x3C, 0x5A, 0x6A, 0x5F, 0xC6
    .byte   0x96, 0xCF,   12, 0x0B, 0x5C, 0xF2, 0xE2, 0x2D, 0x4C, 0x23, 0xD2, 0xF0, 0xD4, 0xD1, 0x3C, 0xF4
    .byte   0xC4, 0xED, 0x22, 0xD2, 0x4B, 0x4D, 0xD5, 0xDC, 0x5C, 0xC6, 0xB4, 0x1C, 0x23, 0xDF, 0x5A, 0x50
    .byte   0xB6, 0xB3, 0x1B,    8, 0x0C, 0x4D, 0x12, 0xC5, 0xB4, 0x1B, 0x42, 0xD5, 0xDB, 0x6B, 0x15, 0xB4
    .byte   0xCF, 0x3C, 0x6A, 0x43, 0xA5, 0xE3, 0xD3, 0xDC, 0x6C, 0xF5, 0xBC, 0x6A, 0x53, 0xB4, 0xC2, 0x21
    .byte   0x2F, 0xDE, 0x30, 0xF4,   -7, 0x0E, 0x5A, 0x6C, 0xE3, 0xC4, 0xD4, 0xEF, 0xD1, 0x02, 0x4B, 0x23
    .byte   0xA7, 0xC0, 0x4A, 0x33, 0x2C, 0x6B, 0xB7, 0x96, 0x58, 0x61, 0xA7, 0xCB, 0x7A, 0xE5, 0xB2, 0x69
    .byte   0x5F, 0xC4, 0x11, 0xC4, 0xDD,   14, 0x0C, 0x2E, 0xF3, 0xC5, 0xB4, 0x2A, 0x7B, 0xE5, 0xBF, 0x5A
    .byte   0x43, 0xB4, 0x2E, 0x23, 0xCD, 0x6A, 0x36, 0x95, 0x0B, 0x52, 0xC4, 0xDC, 0x33, 0xD2, 0x4A, 0x52
    .byte   0xB6, 0xDC, 0x4C, 0xD5, 0xDE, 0x4B,   -7, 0x03, 0x02, 0xE1, 0xC2, 0x3E, 0x14, 0xBE, 0x6B, 0x35
    .byte   0x93, 0x5B, 0x25, 0xBD, 0x5B, 0x35, 0xB1, 0x3E, 0xD5, 0xCE, 0x4C, 0xE5, 0xCD, 0x5C, 0xD5, 0xCD
    .byte   0x5A, 0x5E, 0xD4, 0xC4, 0xC3, 0x2C, 0x5B,    1, 0x02, 0xC4, 0xD2, 0x1E, 0x20, 0xD4, 0xDD, 0x5C
    .byte   0xE5, 0xBD, 0x5C, 0x04, 0xEC, 0x24, 0xC2, 0x59, 0x45, 0xA5, 0x4A, 0x25, 0xB2, 0x6A, 0xD6, 0xA1
    .byte   0x6D, 0xC3, 0xFB, 0x53, 0xB3, 0x4A, 0x45, 0xB4,    9, 0x0B, 0x34, 0xDF, 0x3C, 0x03, 0x13, 0xED
    .byte   0x1E, 0x02, 0x2E, 0x1F, 0xE3, 0x1E, 0xE2, 0xE0, 0x2F, 0x11, 0xD1, 0x3D, 0x23, 0xD1, 0x2D, 0x24
    .byte   0xCE, 0x4C, 0x13, 0xD2, 0x3C, 0x13, 0xE1, 0x3E, 0xD2,    0, 0x0E, 0x32, 0xC3, 0xED, 0x33, 0xEE
    .byte   0xEE, 0x23, 0x2E, 0x1D, 0xD3, 0x4E, 0xED, 0xF2, 0x22, 0x2D, 0xD2, 0xF3, 0x3C, 0x11, 0xD3, 0x3E
    .byte   0x0E, 0xD2, 0x3F, 0x11, 0xDF, 0x21, 0x3E, 0xD0, 0xE1, 0x31,    4, 0x0F, 0xEE, 0x23, 0xEE, 0x1F
    .byte   0xF2, 0x2E, 0x2F, 0xC3, 0x1D, 0x31, 0xD2, 0x21, 0x22, 0xDD, 0x22, 0x22, 0xEF, 0xE0, 0x21, 0x0F
    .byte   0xEF, 0xF0, 0x22, 0xD1, 0x1E, 0x32, 0xD2, 0xEE, 0x23, 0x11, 0xED,   -6, 0x02, 0x21, 0x1D, 0x01
    .byte   0x22, 0x0E, 0xEF, 0x22, 0xF0, 0xFE, 0x12, 0x10, 0xEE, 0xE2, 0x3F, 0x10, 0xD2, 0x22, 0xFE, 0xEE
    .byte   0x12, 0x11, 0x1E, 0x1F, 0xF3, 0xEE, 0x2E, 0xE3, 0xFF, 0x2E, 0xE2, 0x2E,    0, 0x02, 0xE0, 0x0E
    .byte   0x12, 0xE0, 0x21, 0x01, 0xE0, 0x1E, 0x02, 0x00, 0x10, 0x11, 0xE0, 0x11, 0x0E, 0x10, 0x11, 0x2E
    .byte   0xFF, 0xF1, 0x20, 0xF0, 0x1F, 0x02, 0xEF, 0x0E, 0x12, 0x0F, 0x0F, 0x01, 0x1F,   -1, 0x00, 0xF1
    .byte   0x10, 0xF2, 0x0F, 0xFF, 0xF0, 0x10, 0x00, 0xF1, 0x11, 0xFF, 0xFF, 0x01, 0x11, 0x0F, 0xF0, 0x2F
    .byte   0xF0, 0xF0, 0xE1, 0x12, 0x1F, 0x0F, 0xE1, 0x11, 0x11, 0xE1, 0x1F, 0x02, 0xE0, 0x0F,   -1, 0x01
    .byte   0x1F, 0x1F, 0xF1, 0x10, 0xF0, 0xF0, 0x1F, 0x10, 0xF2, 0xFF, 0xFF, 0xF1, 0x1F, 0x01, 0x11, 0x0F
    .byte   0xF0, 0xF0, 0x00, 0x11, 0xF0, 0x01, 0x00, 0xFF, 0xF1, 0x11, 0x1F, 0xFF, 0x00, 0x11, 0xF1,    2
    .byte   0x0E, 0x01, 0x11, 0xF0, 0x00, 0x01, 0x0F, 0xF0, 0x00, 0x01, 0x01, 0xFF, 0x11, 0x0F, 0xFF, 0x02
    .byte   0xF1, 0xF0, 0xFF, 0x10, 0x0F, 0x10, 0xF0, 0x02, 0xFF, 0xFF, 0x01, 0xF1, 0x00, 0x01, 0x1F, 0xF0
    .byte      0, 0x01, 0xF0, 0xFF, 0x02, 0x10, 0xFF, 0xE0, 0x21, 0x10, 0xEF, 0x11, 0x11, 0x0E, 0xF0, 0x12
    .byte   0x2E, 0xFE, 0x02, 0x1F, 0xFF, 0xF1, 0x11, 0x10, 0xFF, 0x0E, 0x22, 0xFF, 0xEF, 0x02, 0x01, 0x0F
    .byte   0xE1,    1, 0x01, 0xF0, 0xE1, 0x2F, 0x00, 0xFF, 0x1F, 0x01, 0x0F, 0x00, 0x11, 0x1F, 0xFF, 0x01
    .byte   0x10, 0xF0, 0x00, 0x0F, 0xF1, 0x02, 0xE0, 0xF0, 0x20, 0x1E, 0xFF, 0xF2, 0x10, 0x0F, 0xF1, 0x10
    .byte   0xF0, 0xF0,   -2, 0x00, 0x2F, 0xF0, 0x00, 0x10, 0xF0, 0x0F, 0x00, 0x01, 0x00, 0x10, 0xF0, 0xF0
    .byte   0x11, 0xF0, 0xF0, 0x10, 0x01, 0xFF, 0x00, 0x10, 0x10, 0x00, 0xFF, 0x01, 0x10, 0xFE, 0x02, 0x11
    .byte   0xFE, 0xF2, 0x12,    4, 0x0E, 0xF0, 0x01, 0x00, 0xF0, 0xF2, 0x1E, 0x00, 0x10, 0xF0, 0x1F, 0x0F
    .byte   0x11, 0x20, 0xFF, 0xE0, 0x12, 0x1E, 0xE0, 0xF2, 0x22, 0xEE, 0xE1, 0x12, 0x20, 0xEE, 0x02, 0x22
    .byte   0x0D, 0xFE, 0x02, 0x21,    2, 0x0E, 0xEF, 0x22, 0x0F, 0xEE, 0xF3, 0x31, 0x1D, 0xEF, 0x10, 0x11
    .byte   0xFF, 0xF2, 0x22, 0xE0, 0xEE, 0xFF, 0x01, 0xFF, 0x22, 0x20, 0x0E, 0xFE, 0x01, 0x11, 0xE0, 0x2F
    .byte   0x2F, 0x0F, 0xEF, 0xE2, 0x12,    2, 0x0E, 0x1F, 0x03, 0x0F, 0x0D, 0xF2, 0xF1, 0x1E, 0xF1, 0x21
    .byte   0x10, 0xEF, 0xE2, 0x2F, 0x0F, 0xF1, 0x21, 0x10, 0x1D, 0xEF, 0x23, 0x1E, 0xDE, 0x23, 0x21, 0xED
    .byte   0xE2, 0x23, 0xEE, 0xEE, 0x22, 0x3F,    1, 0x0D, 0x12, 0x21, 0x10, 0xFD, 0xF2, 0x22, 0xEE, 0xF0
    .byte   0x13, 0x2F, 0xDF, 0x01, 0x0F, 0xF2, 0x2E, 0xFF, 0x21, 0x1E, 0xEE, 0xF3, 0x21, 0xDF, 0xE3, 0x2F
    .byte   0x1E, 0xD1, 0x22, 0x2E, 0xFF, 0xF0, 0x12,    8, 0x0E, 0xEE, 0xF3, 0x12, 0xDE, 0xF0, 0x31, 0x0E
    .byte   0xE2, 0x1F, 0xFE, 0x21, 0xEF, 0xF2, 0x11, 0x2E, 0xFE, 0xE2, 0x22, 0xFE, 0x01, 0x02, 0x11, 0xDF
    .byte   0x12, 0x1F, 0xE1, 0x20, 0x1E, 0xF0, 0x12, 0xEE,   -4, 0x02, 0x20, 0xE1, 0xE2, 0x11, 0xFE, 0xF0
    .byte   0x02, 0x00, 0xE1, 0x00, 0x20, 0xF1, 0x2D, 0xF0, 0x22, 0x2D, 0xF2, 0xFF, 0x20, 0xEF, 0xE2, 0x10
    .byte   0xF0, 0xF0, 0x2F, 0xF0, 0xE1, 0x21, 0x1F, 0xE1, 0x11,    1, 0x0F, 0xFF, 0x1F, 0x22, 0xFE, 0xEE
    .byte   0x22, 0x11, 0xEE, 0x02, 0x21, 0x1E, 0xEF, 0x02, 0x20, 0xEE, 0x02, 0x22, 0xEE, 0x00, 0x0F, 0x11
    .byte   0x1F, 0xE2, 0xF2, 0xFF, 0xEF, 0x10, 0x20, 0xFE, 0xFF, 0x22,    3, 0x0F, 0xEF, 0x02, 0x11, 0x2D
    .byte   0xE2, 0x02, 0x2E, 0xEF, 0x02, 0x2E, 0xE1, 0xF0, 0x21, 0xFF, 0xF0, 0x11, 0x0F, 0x00, 0x0F, 0x01
    .byte   0x10, 0xE0, 0x02, 0x1F, 0x0F, 0x1E, 0x12, 0x10, 0x0E, 0xE1, 0x22,    5, 0x0E, 0xEF, 0x02, 0x2F
    .byte   0xEF, 0xF1, 0x12, 0x0F, 0xE0, 0x1F, 0x02, 0x11, 0xEE, 0x12, 0x10, 0x0E, 0xFF, 0x22, 0x1F, 0xEF
    .byte   0xF0, 0x2F, 0x1F, 0xE0, 0x2F, 0x10, 0x0F, 0x0F, 0xF0, 0x12, 0x00, 0xEE,   -2, 0x02, 0x20, 0xDF
    .byte   0x11, 0x21, 0x0E, 0x00, 0x00, 0x20, 0xFE, 0x01, 0x00, 0x20, 0xEF, 0x02, 0x11, 0xFE, 0xE0, 0x22
    .byte   0xFF, 0xEF, 0x12, 0x2F, 0xEE, 0x12, 0xF1, 0xFF, 0x10, 0x11, 0xEF, 0x21, 0x0F,   -2, 0x00, 0x2F
    .byte   0xF1, 0xE1, 0x20, 0xF0, 0xFE, 0x20, 0x02, 0xEF, 0x01, 0x10, 0xFE, 0x12, 0x11, 0xEF, 0x11, 0x2F
    .byte   0xEF, 0x2F, 0xFF, 0x01, 0x11, 0x1F, 0xE1, 0x1F, 0x11, 0xE1, 0x11, 0x11, 0xFF, 0xFF,   -2, 0x01
    .byte   0x10, 0xE2, 0x01, 0x10, 0x0E, 0x12, 0xE2, 0xFE, 0xF0, 0x20, 0x2E, 0xFE, 0x02, 0x1F, 0xFF, 0x10
    .byte   0x2F, 0x2E, 0xEF, 0xF1, 0x21, 0x0E, 0xF1, 0x03, 0xFE, 0xEF, 0x2F, 0x2E, 0xFF, 0xF2, 0x2E,   -1
    .byte   0x01, 0x1F, 0x10, 0xFF, 0x1F, 0x11, 0xE0, 0x20, 0xF0, 0xE2, 0x2F, 0xFF, 0xEF, 0x3E, 0xF1, 0xE0
    .byte   0x21, 0x01, 0xEE, 0x21, 0x2F, 0xEF, 0xF3, 0xE0, 0xEF, 0x11, 0x2E, 0xF1, 0xE2, 0x3D, 0x10, 0xE2
    .byte      4, 0x00, 0xE1, 0xFF, 0x2F, 0xFF, 0xFF, 0x01, 0xF2, 0x1E, 0x1F, 0xF2, 0x0F, 0xE1, 0xF1, 0x3E
    .byte   0xE2, 0xE0, 0x2E, 0xF2, 0xEF, 0x2F, 0x02, 0xEE, 0x22, 0xE0, 0xFE, 0x22, 0xF0, 0xFE, 0x02, 0x10
    .byte   0xFE,   -3, 0x02, 0x02, 0xEE, 0x01, 0x2F, 0xFE, 0x02, 0x2E, 0x2E, 0xE2, 0x12, 0xEE, 0x1E, 0x23
    .byte   0xDF, 0xE2, 0x22, 0x1D, 0xF2, 0x12, 0xEF, 0xE0, 0x22, 0x0E, 0xF0, 0x12, 0xE0, 0x1E, 0x11, 0xF0
    .byte   0x2F, 0x0E,   -1, 0x02, 0xF0, 0xE1, 0x01, 0x10, 0x1F, 0xE1, 0x11, 0x1E, 0x10, 0x20, 0xFE, 0xF2
    .byte   0x2F, 0xFE, 0x12, 0x01, 0xEE, 0x10, 0x21, 0xE0, 0x01, 0x2F, 0xE1, 0x02, 0xFE, 0xF1, 0x21, 0xFF
    .byte   0xE2, 0x2F, 0x0E,   -6, 0x00, 0x31, 0xEE, 0xF1, 0x22, 0xEE, 0x11, 0x22, 0xEE, 0xF1, 0x22, 0xFD
    .byte   0xF1, 0x31, 0xEE, 0xE1, 0x23, 0xED, 0x01, 0x32, 0xDD, 0x22, 0x22, 0xED, 0xF1, 0x32, 0xEE, 0xE1
    .byte   0x22, 0xFE, 0xE2, 0x21,    3, 0x0E, 0xF1, 0x20, 0xFE, 0xE2, 0x22, 0xEE, 0x0F, 0x20, 0xFF, 0xF0
    .byte   0x10, 0xF0, 0x1F, 0x2F, 0xFF, 0x01, 0x11, 0xE0, 0x20, 0x10, 0xEF, 0x20, 0x1E, 0xF0, 0x20, 0x0E
    .byte   0x10, 0x1F, 0x01, 0xFF, 0x11,    2, 0x0F, 0xF0, 0x10, 0xF1, 0x00, 0xF1, 0x11, 0xFE, 0x02, 0x0F
    .byte   0xFF, 0xF2, 0xFF, 0x0F, 0xF2, 0x0F, 0xFF, 0x02, 0x0E, 0x00, 0x11, 0x0F, 0xF0, 0x01, 0x10, 0xE0
    .byte   0x10, 0x0F, 0x01, 0x10, 0x0F, 0x01,   -1, 0x00, 0x10, 0xF1, 0x01, 0x1F, 0xF1, 0x01, 0x1E, 0x11
    .byte   0x11, 0x0F, 0x11, 0x1F, 0xF0, 0x11, 0x00, 0xF0, 0x10, 0xFF, 0xF1, 0xF0, 0xFF, 0xFF, 0x10, 0xFE
    .byte   0xF1, 0xF0, 0xE0, 0x0F, 0xF0, 0x0F, 0x0F,  -15, 0x01, 0x0F, 0xF2, 0x11, 0x0F, 0x22, 0x22, 0x21
    .byte   0x23, 0x21, 0x01, 0x22, 0x0E, 0x10, 0xFF, 0xFE, 0xFE, 0xEE, 0xEE, 0xFE, 0xEF, 0xEE, 0xF0, 0xEE
    .byte   0xF0, 0xE0, 0xEF, 0xFF, 0xEF, 0xEF, 0xFE, 0xEF,  -50, 0x00, 0x02, 0x33, 0x32, 0x34, 0x32, 0x33
    .byte   0x32, 0x22, 0x23, 0xEF, 0x1E, 0xEE, 0xDD, 0xDE, 0xDD, 0xCD, 0x1F, 0xDD, 0x12, 0x01, 0xF2, 0x32
    .byte   0x22, 0x22, 0x21, 0x00, 0xFE, 0xEE, 0xED, 0xED, 0xED,  -48, 0x0E, 0xED, 0xFF, 0x00, 0x33, 0x33
    .byte   0x33, 0x43, 0x24, 0x33, 0x22, 0x32, 0x21, 0xE1, 0xEE, 0xDD, 0xDD, 0xDD, 0xDC, 0xFF, 0xDE, 0xE2
    .byte   0x1F, 0x02, 0x32, 0x23, 0x22, 0x22, 0x11, 0x0F, 0xFE, 0xED,   -4, 0x0E, 0xDE, 0xDD, 0xED, 0xEE
    .byte   0xDF, 0x11, 0x13, 0x33, 0x33, 0x44, 0xF3, 0x43, 0x31, 0x33, 0x3F, 0xF1, 0x1E, 0xDD, 0xDE, 0xCD
    .byte   0xDD, 0xDD, 0xEE, 0xFD, 0x02, 0xF0, 0x23, 0x21, 0x32, 0x23, 0x01,   16, 0x00, 0xFE, 0xEF, 0xED
    .byte   0xED, 0xEE, 0xDD, 0xEE, 0xED, 0xF0, 0x01, 0x24, 0x23, 0x34, 0x41, 0x34, 0x33, 0x23, 0x32, 0x20
    .byte   0x0F, 0xFE, 0xDD, 0xCF, 0xCE, 0xCD, 0xFD, 0xDE, 0xE2, 0xFE, 0x12, 0x32,  -17, 0x02, 0x33, 0x1F
    .byte   0x22, 0x0F, 0xE0, 0xEE, 0xED, 0xED, 0xED, 0xED, 0xFE, 0xDE, 0x11, 0x00, 0x43, 0x23, 0x44, 0x32
    .byte   0x34, 0x40, 0x23, 0x32, 0x0F, 0x01, 0xEE, 0xCD, 0xED, 0xCC, 0xDF, 0xED, 0xDE,  -28, 0x0F, 0xEF
    .byte   0x23, 0x20, 0x23, 0x22, 0x20, 0x21, 0xFE, 0xFE, 0xEE, 0xED, 0xEE, 0xDE, 0xDE, 0xEE, 0xEE, 0xF1
    .byte   0x20, 0x43, 0x14, 0x34, 0x32, 0x43, 0x33, 0x22, 0x32, 0x0F, 0x0F, 0xED, 0xDD, 0xDD,   16, 0x0D
    .byte   0xDD, 0x0D, 0xD1, 0x01, 0x0E, 0x23, 0x20, 0x23, 0x22, 0x01, 0x20, 0xFE, 0xEF, 0xEE, 0xDE, 0xDE
    .byte   0xED, 0xEE, 0xEE, 0xEE, 0x2F, 0x12, 0x43, 0x24, 0x34, 0x31, 0x43, 0x32, 0x32, 0x31, 0x11,   80
    .byte   0x0F, 0xED, 0xDC, 0x0C, 0xDD, 0xC0, 0xED, 0xEE, 0x02, 0xEE, 0x32, 0x21, 0x32, 0x22, 0x11, 0x2F
    .byte   0xF0, 0xDF, 0xFD, 0xFD, 0xDF, 0xDE, 0xED, 0xEF, 0x0E, 0xE1, 0x31, 0x42, 0x34, 0x34, 0x31, 0x43
    .byte     57, 0x01, 0x32, 0x30, 0x10, 0x0E, 0xDF, 0xCD, 0xEC, 0xDD, 0xDD, 0x1D, 0xEE, 0xE3, 0xEF, 0x13
    .byte   0x22, 0x21, 0x32, 0x10, 0x12, 0xE1, 0xDE, 0x0E, 0xED, 0xEE, 0xDE, 0xDE, 0xEE, 0xFE, 0x10, 0x21
    .byte   0x43,  -32, 0x04, 0x34, 0x4E, 0x43, 0x32, 0x32, 0x22, 0x11, 0xFE, 0xFD, 0xDC, 0xED, 0xDC, 0xDE
    .byte   0xED, 0xD1, 0x1F, 0x0F, 0x22, 0x22, 0x22, 0x22, 0x21, 0x11, 0x0F, 0xEE, 0xFE, 0xED, 0xEE, 0xDE
    .byte   0xDE, 0xFE,  -62, 0x0E, 0x11, 0x02, 0x24, 0x32, 0x43, 0x5F, 0x24, 0x33, 0x12, 0x32, 0x11, 0x0E
    .byte   0xFE, 0xDD, 0xCF, 0xDC, 0xDD, 0x0D, 0xDF, 0xFF, 0xF0, 0x12, 0x22, 0x22, 0x22, 0x22, 0x01, 0xFF
    .byte   0xEF, 0xEE, 0xDE,  -24, 0x0E, 0xED, 0xFD, 0xEF, 0xEF, 0xE0, 0x21, 0x12, 0x52, 0x24, 0x35, 0xFE
    .byte   0x53, 0x20, 0x32, 0x20, 0xF2, 0xEE, 0xED, 0xDC, 0xFC, 0xDD, 0xD0, 0xDD, 0xF2, 0xEE, 0x12, 0x30
    .byte   0xF3, 0x31, 0x12, 0x21,    9, 0x0F, 0xEF, 0xEE, 0xEE, 0xED, 0xEE, 0xEE, 0xEE, 0xEE, 0xFE, 0x01
    .byte   0x22, 0x24, 0x31, 0x43, 0x44, 0xD4, 0x42, 0x02, 0x32, 0x0F, 0x10, 0xED, 0xED, 0xDD, 0xCD, 0xED
    .byte   0xD0, 0xD0, 0x0E, 0x01, 0x21,  -16, 0x02, 0x13, 0x12, 0x20, 0x10, 0xFE, 0xFF, 0xDE, 0xEF, 0xED
    .byte   0xEE, 0xEF, 0xDE, 0x01, 0xEE, 0x12, 0x21, 0x25, 0x13, 0x33, 0x5F, 0x24, 0x32, 0x02, 0x32, 0xE1
    .byte   0x1E, 0xED, 0xEC, 0xED, 0xDD, 0xDD,  -10, 0x0E, 0xDF, 0x00, 0x1E, 0x32, 0x11, 0x23, 0x2F, 0xF2
    .byte   0x2E, 0xEF, 0xFE, 0xED, 0xFF, 0xDE, 0xEE, 0xFE, 0xFD, 0xF0, 0xFE, 0x12, 0x21, 0x24, 0x41, 0x33
    .byte   0x43, 0xF4, 0x32, 0x20, 0x32, 0xE0, 0x10,   67, 0x0D, 0xED, 0xDD, 0xDD, 0xDD, 0xFF, 0xDE, 0x11
    .byte   0x0F, 0x03, 0x21, 0x03, 0x22, 0xFF, 0x20, 0xEE, 0xFE, 0xED, 0x0E, 0xEE, 0xEE, 0xEE, 0xEE, 0xFF
    .byte   0xF0, 0xE2, 0x22, 0x02, 0x51, 0x33, 0x35, 0xFE,   47, 0x03, 0x20, 0x22, 0x3D, 0xF2, 0xED, 0x1C
    .byte   0xED, 0xDD, 0xDD, 0xEF, 0xEE, 0xE1, 0x21, 0xE2, 0x32, 0x11, 0x23, 0x00, 0x0F, 0x1E, 0xEE, 0xED
    .byte   0xFE, 0xDF, 0xEF, 0xEE, 0xE1, 0xFE, 0xFF, 0x11, 0xE2,  -45, 0x02, 0x14, 0x32, 0x41, 0x44, 0xE3
    .byte   0x32, 0x22, 0xE3, 0x2D, 0x2E, 0xDF, 0xDE, 0xCE, 0xDD, 0xFC, 0xF0, 0xE0, 0xE1, 0x21, 0x02, 0x23
    .byte   0x11, 0x22, 0x2E, 0xF1, 0xEE, 0xFE, 0xDF, 0xEE, 0xEE, 0xEF,  -38, 0x0E, 0xFF, 0x1E, 0xF0, 0x01
    .byte   0xE2, 0x22, 0x23, 0x42, 0x32, 0x43, 0x22, 0x33, 0x01, 0xF3, 0x1E, 0x0E, 0xFD, 0xED, 0xDE, 0xDD
    .byte   0xED, 0xD2, 0xEF, 0xFE, 0x23, 0xEF, 0x32, 0x20, 0xF3, 0x2E, 0xF0,    7, 0x0E, 0xEE, 0xEE, 0xD0
    .byte   0x1D, 0x0E, 0xFF, 0xEF, 0xF0, 0xE0, 0x0F, 0x01, 0x02, 0x22, 0x34, 0x13, 0x33, 0x41, 0x14, 0x22
    .byte   0xFF, 0x22, 0xEE, 0x0E, 0xED, 0xED, 0xDD, 0xD1, 0xDD, 0x1E, 0x1E, 0x12,  -13, 0x02, 0xE3, 0x2F
    .byte   0x22, 0x21, 0xEF, 0x2E, 0xEE, 0xEF, 0xDE, 0xE0, 0xFD, 0x10, 0xE0, 0xE0, 0x00, 0xE0, 0xF1, 0x1E
    .byte   0x12, 0x21, 0x34, 0x33, 0x13, 0x5E, 0x13, 0x33, 0xEF, 0xF3, 0xEE, 0x1D, 0xED,   36, 0x0D, 0xDD
    .byte   0xD1, 0xDE, 0xE0, 0x2E, 0x01, 0x3E, 0x23, 0xE3, 0xE3, 0x00, 0x0E, 0x0E, 0x1D, 0xEE, 0xE0, 0xDE
    .byte   0xF1, 0xEF, 0xF0, 0x1E, 0x0F, 0x10, 0xEF, 0xE3, 0xD0, 0x22, 0x23, 0x41, 0x42, 0x34,   38, 0x03
    .byte   0x23, 0x01, 0x0F, 0x3D, 0xE1, 0xDE, 0xDE, 0xDD, 0xDE, 0xEE, 0xD1, 0xE2, 0x1E, 0x31, 0x12, 0x22
    .byte   0x21, 0x12, 0xF1, 0xEE, 0xFF, 0xDE, 0xEE, 0x0E, 0xE0, 0xEF, 0xFF, 0x00, 0xE0, 0x11, 0x0E,  -41
    .byte   0x00, 0x11, 0xD2, 0x22, 0x22, 0x51, 0x31, 0x45, 0xE2, 0x13, 0x3E, 0xF1, 0x2D, 0xFE, 0xED, 0xDE
    .byte   0xED, 0xCE, 0x0E, 0xED, 0x03, 0x0F, 0x13, 0x11, 0x22, 0x3F, 0xE2, 0xFF, 0xEF, 0xEE, 0xED, 0x10
    .byte    -20, 0x0E, 0xE1, 0x1F, 0xE1, 0x10, 0xF0, 0xE0, 0x0F, 0xFE, 0xE1, 0x1E, 0x12, 0x12, 0x44, 0x23
    .byte   0x24, 0x42, 0x2F, 0x40, 0x0E, 0x02, 0xD1, 0xDE, 0xDD, 0xFD, 0xDC, 0xE1, 0xEF, 0xD2, 0x21, 0xF2
    .byte   0x31,    3, 0x01, 0x3F, 0xF1, 0xF3, 0xDD, 0x0F, 0x0D, 0xEE, 0x00, 0xD2, 0xE1, 0xFF, 0x1F, 0xFF
    .byte   0x0F, 0xEE, 0x01, 0xFE, 0xEF, 0x00, 0x00, 0x23, 0x44, 0x23, 0x34, 0x42, 0xF2, 0x23, 0xFE, 0xEF
    .byte   0xFE, 0xDD,   33, 0x0D, 0xDE, 0xDD, 0xD0, 0x2E, 0xE1, 0x23, 0x01, 0x22, 0x30, 0x11, 0x10, 0x1E
    .byte   0xEE, 0xEF, 0xEE, 0xDF, 0x00, 0xE1, 0xF1, 0x00, 0x2E, 0xE0, 0xF0, 0xEE, 0xE1, 0x1E, 0xEE, 0x01
    .byte   0x01, 0x22, 0x44,    7, 0x03, 0x23, 0x53, 0x01, 0xF3, 0x2E, 0xDE, 0xFE, 0xDD, 0xDE, 0xDD, 0xED
    .byte   0xEE, 0xF2, 0x0E, 0x13, 0x21, 0x22, 0x21, 0x2F, 0x2E, 0xE0, 0xEE, 0x0D, 0xFF, 0xEF, 0xEE, 0x12
    .byte   0xE1, 0x10, 0x10, 0xE2,  -22, 0x0F, 0xEE, 0xE0, 0xEE, 0x1E, 0xE1, 0xE2, 0x22, 0x23, 0x54, 0x23
    .byte   0x34, 0x4F, 0x00, 0x21, 0xED, 0xFE, 0xDE, 0xDE, 0xDD, 0xD1, 0xED, 0xE0, 0x22, 0xF1, 0x22, 0x30
    .byte   0x21, 0xF1, 0x01, 0x0D, 0xFE,    1, 0x0E, 0xEE, 0xE1, 0xFF, 0x0E, 0x2F, 0x21, 0xF0, 0xE2, 0xFD
    .byte   0x1E, 0xEE, 0xEE, 0xFE, 0xEF, 0xFF, 0x01, 0x33, 0x13, 0x54, 0x33, 0x15, 0x30, 0x0E, 0x20, 0xDE
    .byte   0xFD, 0xDE, 0xEE, 0xDC, 0xE2, 0xFD,  -16, 0x02, 0x12, 0x20, 0x20, 0x23, 0x1F, 0xE0, 0x20, 0xEE
    .byte   0xEF, 0xEE, 0x1E, 0xEF, 0x02, 0xFF, 0x02, 0x11, 0xF1, 0xFE, 0xEE, 0x0E, 0xDE, 0xEE, 0xEF, 0xFF
    .byte   0xFE, 0x03, 0x22, 0x33, 0x35, 0x33, 0x4E,   60, 0x03, 0xF2, 0xDF, 0xFE, 0xED, 0xDE, 0xEE, 0xDE
    .byte   0xDF, 0xEE, 0xFF, 0x20, 0x12, 0x22, 0x20, 0x22, 0x0E, 0xE1, 0x0F, 0xDE, 0xFE, 0xFE, 0xFF, 0xF1
    .byte   0x20, 0xF0, 0x21, 0x0F, 0xF1, 0xEE, 0xEE, 0xEE,  -37, 0x0E, 0xED, 0xF1, 0x01, 0xE0, 0x23, 0x33
    .byte   0x23, 0x45, 0x33, 0x11, 0x5E, 0x0E, 0xD1, 0xDF, 0xED, 0xDE, 0xEE, 0xFD, 0xD1, 0x1F, 0x0F, 0x21
    .byte   0x13, 0x22, 0xE0, 0x21, 0x1D, 0x1F, 0xEE, 0xEF, 0xEE,  -12, 0x00, 0x2E, 0xE2, 0x20, 0x20, 0x1F
    .byte   0x01, 0x0E, 0xDE, 0x1E, 0xDD, 0xFE, 0xEE, 0xE2, 0x0F, 0xF2, 0x32, 0x14, 0x33, 0x34, 0x51, 0x2F
    .byte   0x33, 0xEE, 0xD1, 0xED, 0xEF, 0xFC, 0xE2, 0xEF, 0xDE, 0x3D,    3, 0x0F, 0x11, 0xF2, 0x23, 0xED
    .byte   0x3F, 0x2D, 0xE0, 0xEE, 0xE2, 0xFD, 0x0F, 0x30, 0xE0, 0x02, 0x11, 0x2E, 0xE0, 0x1F, 0xED, 0xEE
    .byte   0xEE, 0xD0, 0xEE, 0xEF, 0x2F, 0xF2, 0x22, 0x13, 0x33, 0x23, 0x34,   42, 0x00, 0x11, 0x32, 0xE1
    .byte   0xED, 0xEE, 0x2E, 0xDE, 0xE0, 0x0E, 0xEE, 0x1F, 0x21, 0x00, 0xE3, 0x21, 0xFE, 0x11, 0xFE, 0xFE
    .byte   0xEF, 0xE1, 0xEF, 0xF0, 0x20, 0x10, 0xF1, 0x12, 0x1E, 0xE2, 0x0D, 0xEE,  -22, 0x0E, 0xDE, 0xEF
    .byte   0xDF, 0x0F, 0x01, 0x21, 0x22, 0x23, 0xF3, 0x41, 0x32, 0x53, 0x02, 0xE4, 0xED, 0x2E, 0xED, 0xD2
    .byte   0x2D, 0xDF, 0x20, 0xDF, 0x00, 0xFF, 0x30, 0xE0, 0x23, 0x0D, 0x11, 0xFE, 0xE0,    7, 0x0D, 0xE2
    .byte   0x1E, 0xE0, 0x21, 0xE2, 0x0F, 0x0F, 0x3F, 0xEE, 0x00, 0xED, 0xFE, 0xDE, 0xE1, 0xDE, 0xFF, 0x1F
    .byte   0x12, 0x12, 0x23, 0x12, 0x33, 0x33, 0x14, 0x41, 0x2E, 0x32, 0xD1, 0xEE, 0xED, 0x12,   25, 0x0D
    .byte   0x01, 0x1E, 0xE0, 0x00, 0xE3, 0x10, 0xE1, 0x31, 0xEE, 0xF0, 0xEE, 0xF1, 0xDF, 0xF1, 0x0E, 0x01
    .byte   0x1F, 0x02, 0x1E, 0x02, 0x2E, 0xE1, 0xFF, 0xDE, 0xFE, 0xDD, 0x1F, 0xEE, 0x00, 0xF1, 0x12,  -43
    .byte   0x0F, 0x32, 0x3F, 0xF4, 0x33, 0x12, 0x50, 0x20, 0x03, 0xEE, 0x1E, 0xED, 0xF2, 0xFD, 0xE0, 0x1E
    .byte   0xE1, 0xFF, 0xE1, 0x31, 0xEF, 0x22, 0x0E, 0x0E, 0xFE, 0xE2, 0xED, 0xF1, 0x2E, 0xF1, 0x1F, 0xF1
    .byte      1, 0x0F, 0xE1, 0x12, 0xEE, 0x0F, 0xED, 0x0E, 0xED, 0xE0, 0xFE, 0xE0, 0x01, 0x10, 0x22, 0x21
    .byte   0x32, 0x20, 0x23, 0x31, 0x32, 0x42, 0x12, 0xE3, 0xEF, 0x1E, 0xEE, 0xE2, 0x0D, 0x0E, 0x1F, 0xE1
    .byte   0x0E,    8, 0x02, 0x20, 0xE0, 0x12, 0xF0, 0xEF, 0xFD, 0x02, 0xEE, 0xE1, 0x0E, 0x21, 0x00, 0xE2
    .byte   0x21, 0x00, 0x00, 0xFE, 0x1E, 0xDE, 0xFF, 0xEE, 0xEE, 0xE0, 0xEF, 0x00, 0x10, 0x02, 0x22, 0x22
    .byte   0x2E, 0x32,   -6, 0x03, 0x13, 0x24, 0x30, 0x2E, 0x22, 0xE1, 0xEE, 0xDF, 0x20, 0xED, 0xFF, 0xFF
    .byte   0x0E, 0xFE, 0x12, 0x2E, 0xF0, 0x12, 0xFF, 0x0D, 0xE0, 0xFF, 0xEE, 0x01, 0x11, 0x10, 0xFE, 0x32
    .byte   0x0F, 0xE2, 0xF0,    0, 0x00, 0xFD, 0xEE, 0x1E, 0xED, 0xEF, 0xE1, 0xF0, 0xEF, 0x12, 0x11, 0x22
    .byte   0x20, 0x3F, 0x3F, 0x04, 0x22, 0x22, 0x5E, 0x2F, 0xF3, 0xD2, 0xEE, 0x0D, 0x11, 0xFE, 0xD1, 0x1E
    .byte   0x1E, 0x1E, 0xE2, 0x20,   12, 0x0F, 0x1F, 0x01, 0x0E, 0xEE, 0xE2, 0xEF, 0xEF, 0xFE, 0x31, 0x0F
    .byte   0x02, 0x21, 0x0F, 0x0F, 0x01, 0xFE, 0xDE, 0xE0, 0xEE, 0xEE, 0xEF, 0xF0, 0xFF, 0xE0, 0x22, 0x2F
    .byte   0x13, 0xF3, 0x12, 0x2F, 0x33,    8, 0x03, 0xF4, 0x3F, 0x3D, 0x31, 0xD3, 0xEE, 0xDE, 0x20, 0xEE
    .byte   0xEF, 0xEE, 0x11, 0xEE, 0xE2, 0x2F, 0xF0, 0xF0, 0xF1, 0x1E, 0xEE, 0x0F, 0xF0, 0xE0, 0xE1, 0x22
    .byte   0x0F, 0x12, 0x02, 0x20, 0x1D, 0x20,    1, 0x0F, 0xDE, 0xEF, 0xEF, 0xEE, 0xEE, 0x11, 0xFF, 0xE0
    .byte   0x22, 0x1F, 0x03, 0x12, 0x22, 0x11, 0x13, 0x22, 0x31, 0x33, 0x22, 0x10, 0x2E, 0x12, 0xDE, 0xEF
    .byte   0x1E, 0xEE, 0xEE, 0x0F, 0xF1, 0xD0, 0x20,    7, 0x00, 0x1F, 0xFF, 0x11, 0xFE, 0xEF, 0xFF, 0xFF
    .byte   0xFE, 0xF2, 0x2F, 0x01, 0x12, 0x02, 0x20, 0xE0, 0x10, 0xEE, 0xEE, 0xEE, 0xEF, 0xEE, 0xE0, 0x0E
    .byte   0x0F, 0x1F, 0x01, 0x20, 0x22, 0x22, 0xF2, 0x21,   -6, 0x01, 0x23, 0x13, 0x14, 0x21, 0x11, 0x2F
    .byte   0x0F, 0xFE, 0xEE, 0xF2, 0xDE, 0xEF, 0xFE, 0x0F, 0xEE, 0xF2, 0x11, 0x1F, 0xFF, 0xF2, 0xFE, 0xFE
    .byte   0x0E, 0x11, 0xE0, 0xE1, 0x20, 0x00, 0x1F, 0x22, 0x22,    4, 0x00, 0x10, 0xFE, 0xEF, 0xEE, 0xEE
    .byte   0xFE, 0xEE, 0xFF, 0xFE, 0xF0, 0x10, 0x12, 0x22, 0x12, 0x21, 0x21, 0x22, 0x12, 0x22, 0x31, 0x33
    .byte   0x11, 0x12, 0x10, 0x00, 0xEE, 0xE0, 0x2E, 0xEE, 0xEE, 0xE1,   13, 0x0E, 0xEE, 0x11, 0x11, 0x00
    .byte   0xE0, 0x20, 0x1E, 0xFF, 0xE0, 0x10, 0xFE, 0xF1, 0x10, 0x11, 0x0F, 0x12, 0x20, 0x00, 0x0F, 0xF0
    .byte   0xFE, 0xEE, 0xEF, 0xEE, 0xFE, 0xEF, 0x00, 0xE0, 0x02, 0xF1, 0x21,  -26, 0x02, 0x22, 0x02, 0x21
    .byte   0x12, 0x22, 0x21, 0x32, 0x21, 0x21, 0x20, 0xF1, 0x0E, 0xE1, 0xFF, 0xEF, 0xFD, 0xEF, 0x1E, 0xEE
    .byte   0x1F, 0xF0, 0x2F, 0xFF, 0xF2, 0x0F, 0x00, 0xE0, 0xF2, 0xF0, 0xE0, 0x0F,   -5, 0x01, 0x1E, 0x00
    .byte   0x22, 0x01, 0x0F, 0xF1, 0x01, 0xEE, 0xFE, 0xE0, 0xFE, 0xEF, 0xEF, 0xFF, 0x0F, 0xE1, 0x20, 0x21
    .byte   0x21, 0x22, 0x21, 0x11, 0x21, 0x21, 0x21, 0x22, 0x22, 0x00, 0x20, 0x11, 0x10,   30, 0x01, 0xF2
    .byte   0x0E, 0xFE, 0xEE, 0x00, 0xEE, 0xFE, 0xF1, 0xF0, 0xEF, 0xF0, 0x10, 0x1F, 0xF0, 0x02, 0xFF, 0xFF
    .byte   0xF0, 0x11, 0xFF, 0x10, 0x11, 0x10, 0xFF, 0x01, 0xF0, 0x0E, 0xFF, 0xFF, 0xFE, 0xFE,  -21, 0x0E
    .byte   0x0F, 0x0F, 0x00, 0xF0, 0x01, 0x20, 0x21, 0x02, 0x12, 0x21, 0x02, 0x01, 0x21, 0x20, 0x22, 0xE3
    .byte   0xF0, 0x2E, 0x21, 0x00, 0x01, 0x10, 0xFF, 0xEF, 0x0F, 0xEF, 0xEE, 0x0E, 0x0F, 0x0E, 0xFF,   -1
    .byte   0x0F, 0x0F, 0xFF, 0x1F, 0x11, 0xF0, 0xFE, 0x21, 0x1F, 0x00, 0x01, 0x02, 0xE1, 0xFF, 0x10, 0x00
    .byte   0xFE, 0xF1, 0x1E, 0x1E, 0xFF, 0x2D, 0x3E, 0xE2, 0xD3, 0xEE, 0x4C, 0x32, 0xD4, 0xD3, 0xE0, 0x2E
    .byte      0, 0x00, 0x01, 0xF2, 0xF0, 0x3E, 0x3E, 0x11, 0x11, 0xF2, 0xE1, 0x01, 0x11, 0xE2, 0xE1, 0xFF
    .byte   0x0F, 0xFE, 0x00, 0x1E, 0x2D, 0x3D, 0x02, 0xE1, 0xE1, 0xE2, 0x1E, 0x21, 0xD2, 0x11, 0x00, 0x0E
    .byte   0x2F,   -3, 0x01, 0xFE, 0x2D, 0x3E, 0x3D, 0x1F, 0xE3, 0xD3, 0xEE, 0xF1, 0xD4, 0xC3, 0x1D, 0x3D
    .byte   0x31, 0xE2, 0xD2, 0x3E, 0x12, 0xE0, 0x2D, 0x4D, 0x3D, 0x20, 0xF3, 0xE1, 0x0F, 0x12, 0xF2, 0xF0
    .byte   0xE2, 0x02,   10, 0x02, 0xE1, 0x1E, 0x2F, 0x0E, 0x2F, 0xE2, 0x10, 0xE0, 0xFE, 0x3D, 0x2F, 0xE2
    .byte   0xE2, 0xFE, 0x2E, 0x1F, 0xE3, 0xD1, 0x3C, 0x3F, 0xE3, 0xD2, 0xEF, 0x2F, 0xE2, 0xE2, 0xE2, 0xE1
    .byte   0x3C, 0x3E, 0x2F,   -4, 0x0D, 0x3E, 0x11, 0xF2, 0xE0, 0x11, 0x10, 0x1E, 0x21, 0xE3, 0xD4, 0xC3
    .byte   0x0D, 0x4C, 0x4C, 0x3D, 0x30, 0xF2, 0xD3, 0xD2, 0x20, 0xF2, 0xD2, 0x2F, 0x1E, 0x2D, 0x3E, 0x21
    .byte   0xE1, 0xE2, 0xFF, 0x2D,    5, 0x0E, 0x02, 0xE2, 0xE2, 0xE1, 0x1F, 0xF2, 0xD2, 0x0E, 0x3D, 0x2F
    .byte   0x2D, 0x3E, 0xE3, 0xC4, 0xD2, 0x0F, 0x1D, 0x4C, 0x4D, 0x1E, 0x2E, 0x22, 0xD3, 0xD3, 0xD3, 0xD4
    .byte   0xB5, 0xC3, 0xD2, 0x2D, 0x4B,   11, 0x0B, 0x5B, 0x5C, 0x2F, 0xE4, 0xC4, 0xC3, 0xE2, 0xE2, 0xE2
    .byte   0xE1, 0x2D, 0x3D, 0x21, 0xE3, 0xD3, 0xD3, 0xD3, 0xFE, 0x2D, 0x3E, 0x2E, 0x3D, 0x3C, 0x4C, 0x30
    .byte   0xF2, 0xD3, 0xD3, 0xE2, 0xD3, 0xD3,    0, 0x00, 0x2D, 0x3D, 0x3E, 0x02, 0xD2, 0xF0, 0x2E, 0x10
    .byte   0xF0, 0x1F, 0x2E, 0x10, 0xE3, 0xD2, 0xF0, 0x2E, 0x2D, 0x4C, 0x3E, 0xE3, 0xD2, 0x10, 0x2E, 0x2E
    .byte   0x01, 0xD4, 0xC4, 0xC4, 0xD2, 0x2D, 0x4B,   12, 0x0B, 0x5C, 0x3C, 0x4C, 0x4E, 0xE4, 0xB5, 0xB5
    .byte   0xC3, 0xD2, 0x1F, 0x11, 0xE2, 0xEE, 0x4B, 0x6A, 0x4F, 0xD4, 0xC4, 0xC4, 0xD0, 0x3C, 0x4C, 0x4C
    .byte   0x3F, 0x10, 0xE2, 0xD3, 0x1E, 0x2E, 0xE3, 0xE0,    8, 0x0C, 0x3F, 0xE3, 0xD3, 0xD2, 0xF0, 0x1E
    .byte   0x2E, 0x2E, 0x20, 0xE3, 0xD1, 0x3C, 0x41, 0xC4, 0xD2, 0x0D, 0x4C, 0x4C, 0x24, 0xB4, 0xEF, 0x02
    .byte   0xD3, 0xE0, 0x2E, 0x1F, 0x2E, 0x2E, 0x1D, 0x4D, 0x12,    1, 0x0E, 0x2D, 0x31, 0xE3, 0xC3, 0xF0
    .byte   0x2E, 0x2E, 0xD4, 0xD3, 0xD2, 0xFE, 0x3D, 0x3E, 0x1D, 0x3E, 0x20, 0xFE, 0x11, 0xD5, 0xB4, 0xEC
    .byte   0x5C, 0x31, 0xD3, 0xC5, 0xC1, 0x3C, 0x3E, 0x2F, 0x20, 0xC5,   -9, 0x02, 0x4B, 0x5B, 0x41, 0xD4
    .byte   0xC4, 0xDF, 0x2E, 0x10, 0xFF, 0xF2, 0xE1, 0x2D, 0x3E, 0xF2, 0xEF, 0x2D, 0x30, 0x13, 0xB5, 0xB5
    .byte   0xED, 0x4B, 0x22, 0x03, 0x1C, 0x3D, 0x23, 0xE3, 0xDD, 0x23, 0xE3,    6, 0x0D, 0x3B, 0x50, 0xE3
    .byte   0xB4, 0xDF, 0x5C, 0x12, 0xB4, 0x4B, 0x6A, 0x23, 0xC5, 0xD4, 0xCD, 0x3C, 0x43, 0xB5, 0xB3, 0x4B
    .byte   0x6B, 0x23, 0xB5, 0x2B, 0x5C, 0xD5, 0xB4, 0xE1, 0x1C, 0x5C, 0xF5, 0xA5,   13, 0x0B, 0x5C, 0x0F
    .byte   0x3D, 0x23, 0xCE, 0x5C, 0x33, 0xB4, 0xB3, 0x33, 0xED, 0x2C, 0x40, 0xF4, 0xB1, 0x2D, 0x50, 0xED
    .byte   0x3C, 0x25, 0xB4, 0xDB, 0x5D, 0x32, 0xEF, 0xC4, 0xF3, 0x3B, 0x3C, 0x25, 0xC4,    2, 0x0D, 0x21
    .byte   0x23, 0x1B, 0x22, 0xD4, 0x3C, 0x3D, 0xD4, 0x2E, 0x2F, 0xC3, 0x1E, 0x40, 0xC2, 0xFE, 0x31, 0xF2
    .byte   0xDD, 0x4D, 0x32, 0xC0, 0x2E, 0x14, 0x0C, 0x4C, 0xD5, 0xDE, 0x4C, 0xD3, 0x1F, 0x33,   -6, 0x01
    .byte   0x3C, 0x42, 0xC3, 0xFD, 0x23, 0xF0, 0x2D, 0xE3, 0xFE, 0x3E, 0xD2, 0x0E, 0x31, 0xD2, 0x1F, 0x12
    .byte   0xE1, 0x1E, 0x12, 0xFE, 0x20, 0xE2, 0x0E, 0x12, 0xD1, 0x3D, 0x12, 0x00, 0x2E, 0x12, 0xEE,    3
    .byte   0x0E, 0xF2, 0xE0, 0x2F, 0xE3, 0x0D, 0x2E, 0xE3, 0xFF, 0x2E, 0xE2, 0xF2, 0x0F, 0xEF, 0x1F, 0x21
    .byte   0xF0, 0x0E, 0x20, 0xF1, 0x0F, 0x10, 0x01, 0x0F, 0x10, 0xF0, 0xE0, 0x1F, 0x11, 0x0F, 0x01, 0x11
    .byte      3, 0x0F, 0xFF, 0xF1, 0x10, 0x1F, 0xFF, 0x01, 0x11, 0xFE, 0x00, 0x12, 0xFF, 0xEF, 0x12, 0x11
    .byte   0xFE, 0xF1, 0x12, 0x10, 0xE0, 0x10, 0x22, 0xE0, 0xE0, 0x12, 0x00, 0x0E, 0xF1, 0x10, 0x2E, 0xFF
    .byte   0xF0,    1, 0x0F, 0x0F, 0xF1, 0x11, 0x0F, 0xFF, 0x1F, 0x00, 0x0E, 0x01, 0x11, 0xF0, 0xE0, 0x10
    .byte   0xF1, 0x00, 0xE0, 0x10, 0x20, 0xFF, 0x11, 0x22, 0x21, 0x21, 0x20, 0x21, 0xFF, 0xFF, 0xF0, 0x10
    .byte   0xE0, 0x0F,   11, 0x0F, 0xFF, 0xFF, 0x0F, 0x01, 0xF1, 0xFF, 0xFF, 0x0E, 0x0F, 0xE0, 0xFE, 0x0E
    .byte   0x0F, 0xEF, 0xEF, 0xF0, 0x10, 0x0F, 0x00, 0x20, 0xF0, 0x1F, 0x12, 0x32, 0x23, 0x43, 0xFF, 0x21
    .byte   0xEF, 0x2F, 0xDD,   12, 0x00, 0x01, 0x1E, 0xEE, 0xE0, 0x22, 0x2F, 0xE0, 0x21, 0x12, 0x2E, 0xEE
    .byte   0xEE, 0x00, 0xFE, 0xEE, 0x10, 0x22, 0x00, 0x12, 0x22, 0x31, 0x1F, 0xEF, 0xFF, 0xEE, 0x0D, 0xFF
    .byte   0x11, 0xFF, 0xFF, 0x0F,  -11, 0x01, 0xF0, 0xEE, 0x0E, 0x0F, 0xE1, 0xE0, 0xEE, 0xF1, 0x22, 0x22
    .byte   0x32, 0x45, 0x40, 0xDE, 0x1F, 0xFF, 0x1F, 0xDC, 0xE1, 0x10, 0x2E, 0xEE, 0xEF, 0x33, 0x22, 0xE1
    .byte   0x0F, 0x02, 0xFE, 0xED, 0xEE,   -9, 0x00, 0x0F, 0xEF, 0xF2, 0x12, 0x21, 0x21, 0x22, 0x21, 0x10
    .byte   0x0E, 0xEF, 0xEE, 0xEE, 0xFF, 0x0E, 0x0F, 0xF0, 0x10, 0x0F, 0xFF, 0xF0, 0xF0, 0xEE, 0xEE, 0xE0
    .byte   0xF1, 0x22, 0x33, 0x34, 0x44, 0x2E,   41, 0x0F, 0xF0, 0xFF, 0xFD, 0xDD, 0xEF, 0x00, 0xFE, 0xEF
    .byte   0xF0, 0x33, 0x22, 0x01, 0x0E, 0xF1, 0xFE, 0xED, 0xEE, 0xE0, 0x10, 0xF0, 0xF1, 0x12, 0x32, 0x22
    .byte   0x12, 0x01, 0x0E, 0x0E, 0xEE, 0xDE, 0xE1,  -14, 0x0F, 0x0F, 0xF0, 0xFF, 0x10, 0x0F, 0xE0, 0x0F
    .byte   0x0F, 0xE0, 0xEE, 0x0E, 0x01, 0x23, 0x34, 0x34, 0x33, 0x2E, 0xF0, 0x01, 0xFF, 0xED, 0xDE, 0xDE
    .byte   0x22, 0xEF, 0xE0, 0xF2, 0x22, 0x22, 0x2F, 0xEF,   16, 0x00, 0xFE, 0xEE, 0xDE, 0xEF, 0xF1, 0x00
    .byte   0x01, 0x22, 0x22, 0x22, 0x21, 0x10, 0x0F, 0xEE, 0xEE, 0xEE, 0xEF, 0x0E, 0x0F, 0xFF, 0xF0, 0x1F
    .byte   0xFF, 0x01, 0xFF, 0xF0, 0xE0, 0xFE, 0x0F, 0x12, 0x23,   -5, 0x04, 0x34, 0x30, 0xEF, 0xF1, 0x00
    .byte   0xFE, 0xED, 0xDD, 0xF1, 0x20, 0xEE, 0xFF, 0x02, 0x22, 0x22, 0x0E, 0xF0, 0x10, 0x0E, 0xED, 0xEE
    .byte   0xFF, 0x01, 0x00, 0x01, 0x22, 0x22, 0x22, 0x11, 0xFF, 0xFF,    9, 0x0E, 0x0D, 0xEE, 0xEF, 0xFF
    .byte   0x0E, 0xFF, 0xF0, 0x10, 0x01, 0xF0, 0xF0, 0x0F, 0xF0, 0xEE, 0x0F, 0x23, 0x33, 0x43, 0x43, 0x1F
    .byte   0xEF, 0x01, 0x10, 0xEE, 0xED, 0xDD, 0x02, 0x2E, 0xEF, 0xE1, 0x12,    8, 0x02, 0x22, 0x0E, 0xEF
    .byte   0x1F, 0xFE, 0xED, 0xFE, 0xFE, 0x11, 0x21, 0x11, 0x12, 0x23, 0x12, 0x0F, 0x0F, 0xEF, 0xEF, 0xEE
    .byte   0xEE, 0xEF, 0xE0, 0xFE, 0xFF, 0xF1, 0xE1, 0x01, 0x11, 0x10, 0x01, 0x1F,  -29, 0x0E, 0x02, 0x33
    .byte   0x33, 0x33, 0x33, 0x0F, 0xE0, 0x01, 0x0F, 0xEE, 0xDE, 0xDF, 0xF1, 0x00, 0xFE, 0xFF, 0x02, 0x22
    .byte   0x20, 0x1F, 0xEF, 0xE0, 0x0F, 0xEE, 0xEE, 0xE0, 0x02, 0x10, 0x21, 0x01, 0x22,    7, 0x02, 0x01
    .byte   0x0E, 0xFF, 0xEE, 0x0E, 0xFE, 0xEE, 0xEF, 0xFF, 0x0E, 0xFF, 0x10, 0x00, 0x21, 0x00, 0x10, 0x00
    .byte   0xF0, 0x12, 0x32, 0x33, 0x34, 0x22, 0xEE, 0xF1, 0x21, 0x1E, 0xEE, 0xED, 0xD0, 0x12,   11, 0x0F
    .byte   0xEE, 0xE0, 0x21, 0x22, 0x11, 0x0F, 0xFE, 0xFF, 0x10, 0xEE, 0xEE, 0xFF, 0x12, 0x11, 0x11, 0x01
    .byte   0x12, 0x21, 0x11, 0xF0, 0xEF, 0xEE, 0xFF, 0xEE, 0xEF, 0xEF, 0xE1, 0xE1, 0xFF, 0x00, 0x11,  -28
    .byte   0x01, 0x01, 0x11, 0x0F, 0xF1, 0x13, 0x33, 0x33, 0x33, 0x11, 0xEF, 0x01, 0x2F, 0xFE, 0xEE, 0xED
    .byte   0xE1, 0x11, 0x0E, 0xEE, 0xF1, 0x22, 0x11, 0x01, 0xF0, 0xEF, 0x0F, 0x1E, 0xEE, 0xFE, 0x00, 0x12
    .byte     -7, 0x01, 0x01, 0x02, 0x12, 0x12, 0x10, 0xFF, 0xEF, 0xEE, 0x0E, 0xFE, 0xEE, 0xFE, 0xFF, 0xFF
    .byte   0x0E, 0x00, 0x12, 0x11, 0x00, 0x12, 0xF0, 0xF1, 0x32, 0x33, 0x23, 0x33, 0x2E, 0xEF, 0x12, 0x11
    .byte   0xEE,   27, 0x0E, 0xEE, 0xE0, 0x11, 0xFE, 0xEE, 0xF2, 0x22, 0xF0, 0x0F, 0x1F, 0xFF, 0xF1, 0x0E
    .byte   0xEE, 0xEF, 0x11, 0x1F, 0xF1, 0x11, 0x02, 0x21, 0x2F, 0xFF, 0xF0, 0xF0, 0xEE, 0xFE, 0xEF, 0xEF
    .byte   0xEF, 0xFF,  -31, 0x0F, 0xFF, 0x01, 0x2F, 0x01, 0x2F, 0x20, 0xF1, 0x12, 0x23, 0x32, 0x33, 0x32
    .byte   0x1E, 0xE1, 0x12, 0xF1, 0xDE, 0xEF, 0xEE, 0xF1, 0x0E, 0x0E, 0xEF, 0x22, 0x20, 0xFF, 0xF0, 0x10
    .byte   0xF0, 0xEF, 0xFE,   -5, 0x0F, 0xF0, 0x10, 0xFF, 0x01, 0x02, 0x12, 0x11, 0x11, 0x0F, 0x00, 0xEE
    .byte   0xEE, 0xFF, 0xEF, 0xEF, 0xEF, 0xFF, 0x0F, 0xFF, 0x11, 0x10, 0x12, 0x11, 0x10, 0xF1, 0x22, 0x33
    .byte   0x22, 0x34, 0x20, 0xFE,   33, 0x01, 0x21, 0x0E, 0xDE, 0xFE, 0xFF, 0x0F, 0xFE, 0xEE, 0x02, 0x22
    .byte   0xFF, 0xF0, 0xF0, 0x00, 0xFF, 0xEE, 0xE0, 0xFF, 0x0F, 0x01, 0x01, 0x11, 0x01, 0x21, 0x10, 0x21
    .byte   0x1F, 0xEE, 0xEE, 0xFF, 0xEE,  -20, 0x0E, 0xE0, 0x1F, 0x0F, 0xFE, 0xF0, 0x21, 0x11, 0x11, 0x02
    .byte   0x10, 0x12, 0x22, 0x32, 0x33, 0x33, 0x1E, 0xE1, 0x21, 0x0E, 0xEE, 0xEE, 0xEE, 0x11, 0x0E, 0xEE
    .byte   0x02, 0x22, 0x0E, 0xF1, 0x10, 0x00,   10, 0x0E, 0xEF, 0xEF, 0x10, 0xEF, 0xE1, 0x21, 0x10, 0xF0
    .byte   0x22, 0x12, 0x10, 0x0F, 0xEE, 0xEF, 0xFE, 0xEE, 0xFE, 0xF0, 0xF0, 0xEF, 0xFF, 0xFF, 0xF0, 0x22
    .byte   0x11, 0x10, 0x20, 0x10, 0x22, 0x23, 0x32,   26, 0x03, 0x30, 0xEE, 0x02, 0xFF, 0xEE, 0xEE, 0xEE
    .byte   0xF1, 0x1E, 0xEE, 0x02, 0x22, 0xFE, 0x11, 0x1F, 0x0F, 0x0E, 0xEF, 0xEF, 0xF0, 0xFE, 0xF0, 0x21
    .byte   0x00, 0x1F, 0x02, 0x12, 0x21, 0xF0, 0xE0, 0xE0,   -5, 0x0E, 0xEE, 0x0E, 0xFF, 0x0E, 0x0F, 0xE1
    .byte   0x10, 0xE0, 0xF0, 0x21, 0x21, 0x02, 0x10, 0x10, 0x22, 0x33, 0x23, 0x33, 0x2E, 0xE2, 0x1F, 0xEF
    .byte   0xEE, 0xFE, 0xEF, 0x12, 0xED, 0xF0, 0x20, 0x10, 0x00,   12, 0x01, 0x0F, 0xFF, 0xEE, 0xFF, 0x0E
    .byte   0xFF, 0xFF, 0x10, 0x20, 0x0F, 0xF0, 0x22, 0x11, 0x10, 0x11, 0xEE, 0xFE, 0x0D, 0xFF, 0xFF, 0xEF
    .byte   0xEF, 0x00, 0xFE, 0x00, 0xEF, 0x02, 0x21, 0x2F, 0x11, 0x11,  -20, 0x02, 0x32, 0x22, 0x33, 0x33
    .byte   0xEF, 0xFF, 0x00, 0xFF, 0xED, 0xE0, 0x20, 0x0E, 0xEF, 0xE1, 0x22, 0x0E, 0xFF, 0x02, 0x10, 0xEE
    .byte   0xE0, 0x01, 0x0E, 0xFE, 0xF1, 0x02, 0x10, 0xE0, 0x12, 0x21, 0x0E,    2, 0x00, 0x11, 0x1F, 0xDE
    .byte   0xE1, 0xF0, 0xEE, 0xEF, 0xE1, 0x2F, 0xEE, 0xF0, 0x02, 0x01, 0x01, 0x22, 0x21, 0x0F, 0x12, 0x23
    .byte   0x22, 0x23, 0x32, 0xE1, 0x10, 0xF0, 0x1F, 0xEE, 0xEF, 0x11, 0xFE, 0xEF,    9, 0x0F, 0x22, 0xEE
    .byte   0xF2, 0x10, 0xF0, 0xFE, 0xEF, 0x2F, 0xFE, 0xFF, 0xF1, 0x10, 0xFE, 0x01, 0x12, 0x11, 0x0F, 0x11
    .byte   0x1F, 0x0E, 0xEE, 0xFF, 0xFE, 0xEF, 0xFE, 0x00, 0x0F, 0xEF, 0x20, 0xE0, 0x21,  -28, 0x01, 0x22
    .byte   0x11, 0x21, 0xF2, 0x12, 0x21, 0x21, 0x33, 0x10, 0x12, 0x1E, 0x22, 0xEE, 0xFF, 0x0F, 0x00, 0xEE
    .byte   0xE1, 0x11, 0x1E, 0xE2, 0xFF, 0x11, 0x1E, 0xEF, 0x11, 0xFE, 0xF0, 0xE0, 0x01, 0xFE,   -8, 0x0F
    .byte   0x11, 0x01, 0x0F, 0x01, 0x01, 0x0F, 0xFF, 0xEE, 0x10, 0xEF, 0xE1, 0xFF, 0x11, 0x0E, 0xF1, 0xF0
    .byte   0x02, 0x2F, 0x00, 0x22, 0x21, 0x2F, 0xF1, 0x12, 0x10, 0x21, 0x12, 0x32, 0x00, 0x11, 0xF2,   32
    .byte   0x00, 0xEE, 0x00, 0x02, 0xEE, 0xEF, 0xF0, 0x11, 0xEE, 0x1F, 0x02, 0x0F, 0xFE, 0xF2, 0x00, 0xEE
    .byte   0x0E, 0x01, 0x0F, 0xEF, 0xE2, 0x10, 0x1E, 0xE1, 0x12, 0x10, 0xEF, 0xF0, 0x02, 0xEE, 0xEF, 0x10
    .byte    -18, 0x0F, 0x0E, 0x00, 0x22, 0xFF, 0xFF, 0x02, 0x22, 0xE0, 0x2F, 0x21, 0x12, 0x0E, 0x11, 0x20
    .byte   0x10, 0x12, 0x12, 0x20, 0xF0, 0x02, 0x01, 0x00, 0xEF, 0x2F, 0xF0, 0xEF, 0x00, 0x1F, 0xFE, 0xFF
    .byte   0x11,    9, 0x00, 0x0E, 0x11, 0x0F, 0xFF, 0xEF, 0xF0, 0x0F, 0xEF, 0x1F, 0x20, 0xE0, 0xEF, 0x21
    .byte   0x10, 0xE0, 0x00, 0x01, 0xFF, 0xEF, 0x12, 0xE1, 0x0F, 0xF2, 0x1E, 0x4C, 0xD4, 0xD2, 0x4C, 0x30
    .byte   0xD3, 0x12,    0, 0x0F, 0xE1, 0x22, 0x2F, 0xFE, 0xE2, 0x30, 0xFF, 0xE1, 0x02, 0x3D, 0x12, 0xD2
    .byte   0x3F, 0xF1, 0xD1, 0x21, 0x11, 0x1D, 0x02, 0xE2, 0xEE, 0x2E, 0xF2, 0x00, 0x1D, 0xF2, 0xF1, 0xF0
    .byte   0xE0, 0x11, 0x2E,   -7, 0x03, 0xD1, 0x1E, 0x3D, 0xF2, 0xD3, 0x1E, 0x1E, 0x0F, 0xF3, 0xFD, 0x3E
    .byte   0x03, 0xEE, 0x3F, 0xC4, 0x2C, 0x32, 0xC4, 0xD2, 0x2D, 0x3E, 0xE2, 0x3D, 0xF4, 0xB4, 0x20, 0xE0
    .byte   0x4A, 0x6D, 0xC5, 0xB3,    6, 0x0C, 0x42, 0xB6, 0xBF, 0x5A, 0x6D, 0xC4, 0xC3, 0x3E, 0xFD, 0x4C
    .byte   0xF4, 0xD0, 0x1F, 0xC5, 0xEC, 0x5B, 0xE5, 0xB4, 0xFF, 0x1D, 0x4C, 0x4F, 0xC1, 0x4A, 0x61, 0xA7
    .byte   0xAE, 0x6A, 0x34, 0xB3, 0x2E,   -4, 0x04, 0xDC, 0x5B, 0x34, 0xC3, 0xEE, 0xD4, 0xFC, 0x5C, 0xC6
    .byte   0xB2, 0x5A, 0x4E, 0xD4, 0x0C, 0x5B, 0x33, 0xC5, 0xB5, 0xB4, 0xDF, 0x4C, 0x22, 0xDE, 0x5C, 0xE5
    .byte   0xA4, 0x3B, 0x6C, 0xD3, 0xDD, 0x43,  -10, 0x06, 0x94, 0x5A, 0x7B, 0xC5, 0xB3, 0x2D, 0x5A, 0x6C
    .byte   0xB7, 0x87, 0x29, 0x7B, 0xD6, 0xB3, 0x1D, 0x3E, 0x4C, 0x3F, 0xB6, 0xA5, 0x2B, 0x6A, 0x42, 0xC5
    .byte   0xB3, 0x3B, 0x6B, 0x25, 0x97, 0xBD, 0x69,   13, 0x0C, 0xF4, 0xDF, 0xD5, 0xA5, 0x1A, 0x79, 0x55
    .byte   0x97, 0xBD, 0x5B, 0x34, 0xB4, 0x1B, 0x6B, 0x42, 0xB5, 0xB4, 0x2C, 0x5A, 0x5E, 0xC6, 0xA5, 0xDE
    .byte   0x2F, 0x2E, 0x2C, 0x5C, 0x31, 0xC5, 0xB3, 0x4B,   14, 0x0C, 0xD4, 0xC4, 0x1D, 0x3C, 0x40, 0xC5
    .byte   0xCE, 0x3D, 0xF4, 0xDF, 0x3B, 0x5C, 0x4D, 0xD5, 0xA5, 0xFC, 0x6A, 0x34, 0xB5, 0xC3, 0xDE, 0x4B
    .byte   0x5D, 0xC5, 0xC3, 0x10, 0xD4, 0xCE, 0x5B, 0x5C, 0x12,   -9, 0x04, 0xDF, 0x4B, 0x42, 0xC4, 0x0C
    .byte   0x4E, 0xC5, 0xC0, 0x21, 0xC5, 0xC2, 0x4B, 0x4C, 0x5B, 0x33, 0xB5, 0xDD, 0x4E, 0xD4, 0xDE, 0xF4
    .byte   0xB5, 0xDD, 0x4C, 0x3F, 0x2F, 0xFD, 0x4B, 0x5D, 0xD4, 0xC3,    1, 0x0E, 0x3E, 0xE3, 0xC3, 0xE3
    .byte   0xE0, 0x2C, 0x4D, 0x22, 0xC5, 0xCE, 0x5B, 0x32, 0xC2, 0x3C, 0x4E, 0x11, 0xE3, 0xC4, 0xED, 0x4D
    .byte   0xD5, 0xA5, 0x2B, 0x6B, 0x14, 0xB4, 0x2B, 0x6B, 0x25, 0x96, 0xEB,   21, 0x0B, 0xD6, 0x96, 0xEC
    .byte   0x5B, 0x5B, 0x5D, 0xC5, 0xB1, 0x5A, 0x53, 0xB4, 0x2B, 0x52, 0xB4, 0x1C, 0x25, 0xA6, 0xCD, 0x4D
    .byte   0x11, 0x2C, 0x31, 0xD4, 0xD2, 0xE1, 0x0E, 0x3E, 0x0E, 0x3C, 0x5D, 0xD4,   -8, 0x02, 0x2F, 0xF2
    .byte   0x2B, 0x5D, 0xE5, 0xA5, 0xDF, 0x12, 0x0E, 0x1D, 0x4D, 0x3E, 0xFF, 0xE1, 0x12, 0xFF, 0xE3, 0xC4
    .byte   0x2C, 0x5B, 0x14, 0xB5, 0xDE, 0x20, 0xD4, 0xEE, 0x2D, 0x4B, 0x5E, 0xC5, 0xB0,    7, 0x0C, 0x5B
    .byte   0x4F, 0xB6, 0xB4, 0xD2, 0xEF, 0x3C, 0x5B, 0x33, 0xB5, 0xD0, 0x2D, 0x21, 0xE3, 0xD3, 0xFC, 0x5C
    .byte   0x21, 0xFE, 0x3D, 0x20, 0xE2, 0xF0, 0xE2, 0x10, 0x00, 0xD4, 0xDF, 0x3D, 0xF3, 0xDF,   10, 0x0B
    .byte   0x42, 0xC4, 0xED, 0x4D, 0xF3, 0xD1, 0x3C, 0x4D, 0xE4, 0xB5, 0xC1, 0x3D, 0x3D, 0x3D, 0x13, 0xC3
    .byte   0x3C, 0x34, 0xA6, 0xEB, 0x5C, 0x13, 0xC4, 0xC4, 0xEC, 0x5B, 0x4E, 0x2D, 0x22, 0xD3, 0x2D,    1
    .byte   0x02, 0xC4, 0xEE, 0x3D, 0x2F, 0xE3, 0xFD, 0x3D, 0xF3, 0xEE, 0x30, 0xC5, 0xB3, 0x3D, 0x2E, 0x3C
    .byte   0x4E, 0xF2, 0xEE, 0x2F, 0x01, 0x2C, 0x4D, 0xE4, 0xD1, 0xF2, 0xD1, 0x4B, 0x5D, 0xC5, 0xC2, 0x4B
    .byte      2, 0x02, 0xB5, 0xED, 0x4D, 0xD4, 0xD1, 0x2E, 0x2D, 0x4C, 0x23, 0xC4, 0xDE, 0x4C, 0x4C, 0x3E
    .byte   0xF3, 0xC4, 0xD0, 0x22, 0xC4, 0xDE, 0x4C, 0x30, 0xE2, 0xF2, 0xD2, 0x2C, 0x5C, 0xE4, 0xDD, 0x4D
    .byte   0x03,   -5, 0x01, 0x21, 0xD4, 0xDE, 0x3D, 0x32, 0xC3, 0x1D, 0x3F, 0xE3, 0xD0, 0x2E, 0x3D, 0x21
    .byte   0xD2, 0x2D, 0x32, 0xC4, 0xED, 0x4D, 0x02, 0xFD, 0x32, 0xC4, 0xED, 0x31, 0xD3, 0x2C, 0x32, 0xC4
    .byte   0xED, 0x4D,   -8, 0x04, 0xED, 0x32, 0xB5, 0xDE, 0x4C, 0x3D, 0x3D, 0x23, 0xC4, 0xDE, 0x3D, 0x3E
    .byte   0xF2, 0xEE, 0x3E, 0xE4, 0xB4, 0x1D, 0x31, 0xC4, 0xED, 0x31, 0x1D, 0x32, 0xC4, 0xEC, 0x5C, 0xF3
    .byte   0xEE, 0x3F, 0xD3,    4, 0x0D, 0x31, 0xD2, 0x3D, 0xD4, 0xDF, 0x22, 0xC4, 0xFC, 0x5C, 0x3E, 0xE1
    .byte   0xE3, 0xE0, 0x01, 0xE2, 0x11, 0xE2, 0xFD, 0x3E, 0x2E, 0x3D, 0x11, 0x12, 0xD3, 0xD0, 0x3D, 0x13
    .byte   0xC3, 0x3C, 0x40, 0xC3,    8, 0x0B, 0x53, 0xA6, 0xCD, 0x4E, 0xD3, 0x1C, 0x4D, 0x21, 0x10, 0xE0
    .byte   0x3C, 0x4E, 0xD3, 0xD2, 0x20, 0x1D, 0x23, 0xC4, 0xEE, 0x2E, 0xE4, 0xC3, 0x1D, 0x21, 0xFF, 0x3C
    .byte   0x32, 0xD2, 0x2D, 0x23, 0xC3,    6, 0x0D, 0x03, 0xDE, 0x4C, 0x30, 0xE2, 0xE2, 0x1D, 0x31, 0xC4
    .byte   0xE0, 0x11, 0x1C, 0x41, 0xD3, 0xFE, 0xE4, 0xC1, 0x4C, 0xD5, 0xCD, 0x5C, 0x12, 0x1D, 0x33, 0xC2
    .byte   0x3C, 0x32, 0xD2, 0x2E, 0xE3, 0xD2,    2, 0x0E, 0x2E, 0x2F, 0xD3, 0x0E, 0x21, 0xD3, 0xE1, 0x13
    .byte   0xC3, 0x1C, 0x5D, 0xC5, 0xCD, 0x5C, 0xF4, 0xCE, 0x4C, 0x32, 0x0D, 0x3E, 0xD4, 0xED, 0x3E, 0xD4
    .byte   0xD1, 0x3E, 0xD3, 0x2C, 0x4E, 0xD2, 0xF2,   -7, 0x04, 0xEC, 0x5B, 0x15, 0xCD, 0x5C, 0xC6, 0xB0
    .byte   0x4E, 0xC3, 0x4B, 0x42, 0xCF, 0x3D, 0x23, 0x1C, 0x32, 0xC3, 0x3E, 0xE0, 0xF3, 0xEE, 0x4C, 0xD4
    .byte   0xC3, 0x22, 0xDE, 0x4D, 0xD5, 0xDB, 0x5D, 0xD4,    7, 0x0E, 0x02, 0xED, 0x32, 0xD2, 0x1D, 0xF2
    .byte   0x3C, 0x32, 0xD2, 0xF2, 0xD3, 0x0D, 0x4D, 0xE4, 0xFC, 0x24, 0xCD, 0x5C, 0xD3, 0x3D, 0x12, 0xDD
    .byte   0x4F, 0x02, 0xEE, 0xE4, 0xC4, 0x3B, 0xF4, 0xDF, 0x32,   -4, 0x02, 0xFD, 0x4E, 0xE3, 0xEC, 0x33
    .byte   0xEE, 0x3F, 0xB5, 0xD3, 0xE2, 0xFC, 0x41, 0xD4, 0xCE, 0x4C, 0x14, 0xED, 0x11, 0x12, 0x20, 0xC2
    .byte   0x3D, 0xF4, 0xEB, 0x5F, 0xC5, 0xDD, 0x21, 0xEE, 0x5D, 0xC4,   -3, 0x0C, 0x6E, 0xB3, 0x2C, 0x25
    .byte   0xDE, 0xF0, 0xD3, 0x3E, 0x2D, 0xD0, 0x4D, 0x33, 0xCE, 0xC3, 0x6C, 0xC5, 0xBB, 0x55, 0xCF, 0x4B
    .byte   0xC5, 0x22, 0x3C, 0xC3, 0x3C, 0x54, 0xBC, 0x3F, 0xD5, 0x3C, 0xCF,  -11, 0x03, 0x14, 0x1C, 0xC1
    .byte   0x33, 0x4F, 0xCD, 0xEE, 0x52, 0xFD, 0xC0, 0xE4, 0x4D, 0x0E, 0xCF, 0x4F, 0x23, 0xCF, 0xF1, 0x14
    .byte   0xDD, 0x1F, 0xD2, 0x4D, 0x23, 0xCD, 0x41, 0xE3, 0x2C, 0xE2, 0xE3, 0x22,    5, 0x0D, 0xE3, 0x02
    .byte   0xEF, 0xFD, 0xD3, 0x40, 0xF2, 0xED, 0xFF, 0x12, 0x33, 0xEC, 0x1D, 0xD4, 0x42, 0xDD, 0xDE, 0x13
    .byte   0x32, 0xFD, 0xD2, 0x32, 0x1F, 0xEE, 0x22, 0xFE, 0xED, 0x13, 0x3F, 0xFD, 0xD2,    7, 0x02, 0xED
    .byte   0xEE, 0xE4, 0x3E, 0xEE, 0xFF, 0x31, 0xEE, 0xE0, 0x01, 0x32, 0xDF, 0xF0, 0xF0, 0x21, 0x2E, 0xEE
    .byte   0x00, 0x13, 0x21, 0xEE, 0xE1, 0x0F, 0xF2, 0x21, 0xE0, 0xE0, 0x00, 0x12, 0x01, 0x22,    6, 0x0E
    .byte   0xEE, 0xE2, 0x32, 0xFF, 0xED, 0xFF, 0x13, 0x32, 0xFE, 0xDD, 0xEF, 0x33, 0x32, 0xDD, 0xD1, 0x13
    .byte   0x22, 0xFF, 0xEE, 0xDF, 0x23, 0x23, 0x0D, 0xDE, 0xF2, 0x22, 0x21, 0xFD, 0xEE, 0x12, 0x23,    8
    .byte   0x01, 0xEE, 0xEF, 0xF1, 0x22, 0x21, 0xFE, 0xEE, 0xE0, 0x22, 0x12, 0xFF, 0xFE, 0xFF, 0x12, 0x2F
    .byte   0x10, 0xEE, 0xE1, 0x12, 0x22, 0xFE, 0xEE, 0xF0, 0x21, 0x2F, 0x1F, 0xFF, 0xFF, 0x12, 0x11, 0x0F
    .byte      1, 0x00, 0xE0, 0x11, 0x11, 0x10, 0xFF, 0xFF, 0x01, 0x11, 0x2F, 0xEF, 0x00, 0x10, 0xF0, 0x10
    .byte   0x00, 0x11, 0x00, 0x00, 0xFE, 0xFF, 0x12, 0x20, 0x10, 0xEF, 0xFF, 0x00, 0x11, 0x00, 0xF1, 0x11
    .byte   0x0F,    0, 0x00, 0xF0, 0xF0, 0x00, 0x00, 0x12, 0xF1, 0xF0, 0xFF, 0xFF, 0xF0, 0x10, 0x21, 0xFF
    .byte   0xF0, 0x11, 0x0F, 0xF0, 0xFF, 0xF0, 0x10, 0x20, 0x11, 0x0E, 0x0F, 0xF0, 0x01, 0x01, 0x10, 0x0F
    .byte   0x01, 0xF0,    0, 0x0F, 0x0F, 0x10, 0x10, 0x00, 0x01, 0x0F, 0x10, 0x0F, 0x00, 0x0F, 0x1F, 0x10
    .byte   0x00, 0x1F, 0x00, 0xF0, 0x1F, 0x1F, 0x10, 0x00, 0x00, 0x1F, 0x00, 0x00, 0x1F, 0x1F, 0x00, 0x00
    .byte   0x0F, 0x00, 0x00,    0, 0x01, 0x00, 0x1F, 0xF1, 0xF0, 0xF0, 0xF1, 0x01, 0x00, 0x10, 0x0F, 0x0F
    .byte   0xF0, 0xF1, 0x11, 0x01, 0x00, 0xFF, 0xFF, 0x10, 0x12, 0xF0, 0x1F, 0x00, 0xFF, 0xFF, 0x00, 0x11
    .byte   0x00, 0x10, 0xF0, 0xFF,   -2, 0x00, 0x01, 0x10, 0x10, 0x01, 0x00, 0xF0, 0xF1, 0x10, 0x01, 0x0F
    .byte   0x00, 0x0F, 0x00, 0x01, 0xF1, 0x00, 0x0F, 0x01, 0x0F, 0x10, 0xF0, 0xF0, 0xFF, 0x1F, 0xF1, 0x0F
    .byte   0x0F, 0xFF, 0xF1, 0xF0, 0x01,   -6, 0x00, 0x10, 0x01, 0xF1, 0x0F, 0x10, 0x01, 0x01, 0x02, 0x00
    .byte   0x20, 0x21, 0x02, 0x01, 0x01, 0x10, 0xF0, 0xF0, 0x0E, 0x0E, 0x0E, 0x0E, 0xF0, 0xEF, 0xFF, 0xF1
    .byte   0xFF, 0xFF, 0xF0, 0xE0, 0xE0, 0xE0,  -26, 0x00, 0xE0, 0xE0, 0xEF, 0x21, 0x23, 0x33, 0x43, 0x33
    .byte   0x31, 0x1F, 0xEE, 0xEE, 0xFF, 0xF0, 0xEF, 0xED, 0xED, 0xDD, 0xEE, 0xF0, 0x13, 0x23, 0x23, 0x22
    .byte   0x01, 0x1F, 0x0E, 0x0F, 0xFE, 0xEE, 0xEE,  -17, 0x0E, 0xDE, 0xEE, 0xFF, 0x02, 0x01, 0x0F, 0xEE
    .byte   0xF0, 0x13, 0x34, 0x44, 0x44, 0x32, 0x0E, 0xED, 0xDE, 0xEF, 0x12, 0x22, 0xEE, 0xDC, 0xCD, 0xCD
    .byte   0xE0, 0x33, 0x34, 0x43, 0x32, 0x2E, 0xEE, 0xEE,   16, 0x01, 0x11, 0x1E, 0xED, 0xDC, 0xDD, 0xDE
    .byte   0x02, 0x32, 0x33, 0x20, 0xFE, 0xDD, 0xED, 0xE1, 0x13, 0x43, 0x53, 0x44, 0x22, 0xEE, 0xDE, 0xDE
    .byte   0x12, 0x32, 0x21, 0x1D, 0xCC, 0xCC, 0xCE, 0xF3, 0x44,   10, 0x04, 0x22, 0xFE, 0xDE, 0xE1, 0x13
    .byte   0x22, 0x1F, 0xDC, 0xCC, 0xDD, 0xEF, 0x33, 0x33, 0x22, 0xEE, 0xDF, 0xEF, 0x11, 0x2F, 0xED, 0xED
    .byte   0xD0, 0x14, 0x45, 0x55, 0x33, 0x1D, 0xDD, 0xDE, 0xF2, 0x32,   49, 0x0F, 0xDC, 0xBC, 0xCC, 0xF3
    .byte   0x44, 0x43, 0x31, 0xEE, 0xE1, 0x13, 0x33, 0x22, 0xEC, 0xCC, 0xBC, 0xE1, 0x23, 0x43, 0x20, 0xFD
    .byte   0xDF, 0xE2, 0x33, 0x20, 0xED, 0xCC, 0xDD, 0xDF, 0x12, 0x44, 0x54,   30, 0x05, 0x34, 0xFD, 0xED
    .byte   0xFE, 0x10, 0x0D, 0xDC, 0xCB, 0xCD, 0xE2, 0x34, 0x43, 0x32, 0x00, 0x02, 0x33, 0x33, 0x2E, 0xCC
    .byte   0xBC, 0xCD, 0x11, 0x33, 0x20, 0xFE, 0xF0, 0x33, 0x34, 0x20, 0xDD, 0xCC,  -40, 0x0D, 0xFF, 0x0D
    .byte   0xDD, 0xDE, 0x25, 0x56, 0x66, 0x53, 0x0D, 0xCC, 0xDD, 0x0F, 0xED, 0xCB, 0xBD, 0xC2, 0x34, 0x44
    .byte   0x32, 0x10, 0x23, 0x34, 0x22, 0xED, 0xCB, 0xCD, 0xDF, 0x12, 0x0E, 0xED, 0xF2,  -24, 0x04, 0x44
    .byte   0x30, 0xDD, 0xCE, 0xEF, 0x1E, 0xEC, 0xCD, 0xCD, 0xE0, 0x13, 0x33, 0x35, 0x56, 0x65, 0x31, 0xDC
    .byte   0xCC, 0xDE, 0xDE, 0xCC, 0xBD, 0xE1, 0x34, 0x43, 0x32, 0x13, 0x33, 0x32, 0x0D, 0xCC,    4, 0x0D
    .byte   0xD1, 0xFE, 0xED, 0xEF, 0x03, 0x34, 0x33, 0x10, 0xFF, 0x02, 0xFF, 0xDC, 0xCC, 0xDD, 0xF2, 0x0E
    .byte   0xED, 0xEE, 0x23, 0x44, 0x55, 0x55, 0x44, 0xEE, 0xCC, 0xDD, 0xDD, 0xDC, 0xCD, 0xD2, 0x43,    2
    .byte   0x03, 0x10, 0x23, 0x33, 0x4E, 0xDD, 0xCD, 0xDD, 0x01, 0xED, 0xDF, 0xF1, 0x33, 0x32, 0x21, 0x02
    .byte   0x22, 0x11, 0xDD, 0xCC, 0xEE, 0xEF, 0xEF, 0xEF, 0xEE, 0xE0, 0x12, 0x13, 0x33, 0x45, 0x64, 0x42
    .byte     78, 0x0E, 0xCD, 0xDE, 0xDD, 0xCC, 0xD1, 0x23, 0x42, 0x3E, 0xF3, 0x33, 0x3E, 0xED, 0xCD, 0xE1
    .byte   0xEE, 0xDD, 0xEF, 0x23, 0x32, 0x1F, 0xEF, 0x23, 0x22, 0x1D, 0xED, 0x0F, 0xEE, 0xDD, 0xDD, 0xF2
    .byte   0x2F,  -47, 0x0E, 0xED, 0x2F, 0x33, 0x33, 0x35, 0x55, 0x41, 0xEE, 0xDD, 0xDE, 0xDC, 0xCD, 0xD3
    .byte   0x23, 0x22, 0x11, 0x24, 0x32, 0xEE, 0xDF, 0xEE, 0xEE, 0xDD, 0xDF, 0x03, 0x11, 0x11, 0x11, 0x32
    .byte   0x0F, 0xE1,    6, 0x01, 0x1F, 0xED, 0xDD, 0xE0, 0xEE, 0xDE, 0xF0, 0x21, 0x0E, 0xDF, 0x03, 0x33
    .byte   0x43, 0x55, 0x44, 0xFE, 0xED, 0xED, 0xDC, 0xCD, 0xD2, 0x31, 0x22, 0x22, 0x23, 0x3F, 0xFE, 0x0F
    .byte   0xEE, 0xDE, 0xDE,  -11, 0x0F, 0x0F, 0x0F, 0x22, 0x22, 0x01, 0xFF, 0x02, 0x20, 0xEF, 0xEE, 0xEE
    .byte   0xDE, 0xDE, 0xEE, 0x0F, 0xE0, 0x01, 0xEF, 0x10, 0x33, 0x34, 0x45, 0x45, 0x0D, 0x1E, 0xFD, 0xDD
    .byte   0xCC, 0xD0, 0x31, 0x01,    4, 0x03, 0x32, 0x22, 0x0E, 0x01, 0x0D, 0xED, 0xDF, 0xE0, 0xEE, 0xFF
    .byte   0x12, 0x22, 0x12, 0xF2, 0xF1, 0xF1, 0x10, 0x0E, 0xDE, 0xDE, 0xDF, 0xEE, 0xDF, 0xF0, 0x02, 0x1F
    .byte   0xEE, 0xF3, 0x33, 0x43, 0x55,   63, 0x03, 0xD1, 0xFE, 0xEC, 0xDC, 0xCE, 0xF3, 0xEF, 0x22, 0x33
    .byte   0x22, 0x00, 0xF2, 0x0E, 0xDD, 0xD1, 0xFD, 0xEE, 0xE1, 0x22, 0x21, 0x12, 0x22, 0x2E, 0xE0, 0x21
    .byte   0xFE, 0xDD, 0xFE, 0xEE, 0xDD, 0xF0,  -45, 0x00, 0xE0, 0x12, 0x1E, 0xD1, 0x23, 0x34, 0x25, 0x54
    .byte   0x32, 0xE2, 0xEE, 0xCD, 0xDC, 0xEE, 0x11, 0xE2, 0x23, 0x23, 0xE2, 0x10, 0x1E, 0xEE, 0xEE, 0xEE
    .byte   0xDF, 0xEF, 0xF2, 0x01, 0x22, 0x12, 0x20,    7, 0x00, 0x11, 0xFE, 0xEE, 0xFE, 0xED, 0xED, 0xFE
    .byte   0xFF, 0xEE, 0x12, 0x20, 0xED, 0x21, 0x23, 0x33, 0x45, 0x43, 0x4E, 0x22, 0xDE, 0xCD, 0xDD, 0xD0
    .byte   0x2D, 0x22, 0x23, 0x11, 0x22, 0x2E, 0xFE, 0xEF,   14, 0x0E, 0xFD, 0xEE, 0xFF, 0x0F, 0x02, 0x02
    .byte   0x22, 0x10, 0x10, 0x00, 0xE0, 0xEE, 0xEE, 0xED, 0xEE, 0xEE, 0x0E, 0x00, 0xF0, 0x11, 0x0E, 0xE1
    .byte   0x42, 0x33, 0x46, 0x33, 0x11, 0x3F, 0xDD, 0xDD, 0xC0,    5, 0x00, 0x1D, 0x23, 0x22, 0x00, 0x23
    .byte   0x1D, 0x10, 0xEF, 0xEE, 0xEE, 0xEF, 0xEE, 0x1F, 0x22, 0xE2, 0x12, 0x11, 0x10, 0x0F, 0xE1, 0xEE
    .byte   0xEE, 0xED, 0xEE, 0xEE, 0x0E, 0xE1, 0x22, 0xEF, 0xE2, 0x2E,  -40, 0x03, 0x42, 0x45, 0x43, 0x01
    .byte   0x3F, 0xDD, 0xDD, 0xED, 0xDF, 0x0F, 0x01, 0x31, 0x1F, 0x32, 0xFE, 0x01, 0x0E, 0xEE, 0xEE, 0xFF
    .byte   0xEE, 0xE2, 0x1F, 0x01, 0x21, 0x20, 0x12, 0x0F, 0x0E, 0xEE, 0xEF,  -16, 0x0D, 0xED, 0xFF, 0xEE
    .byte   0xE1, 0x22, 0x0E, 0xE0, 0x32, 0xF2, 0x34, 0x35, 0x43, 0x12, 0x32, 0xDD, 0xDE, 0xDE, 0xDD, 0x2E
    .byte   0x10, 0x21, 0xF2, 0x22, 0xFE, 0x21, 0x1E, 0xE0, 0xEF, 0xEE, 0xEE, 0xFF,   -8, 0x00, 0xF0, 0x22
    .byte   0x11, 0x12, 0x11, 0xFF, 0xFE, 0xEF, 0xED, 0xDE, 0xEE, 0xEE, 0xFE, 0x02, 0xF0, 0x0F, 0x22, 0xE3
    .byte   0x33, 0x24, 0x53, 0x32, 0x24, 0xED, 0xDE, 0xED, 0xDD, 0xF0, 0xE0, 0x12, 0xE0,   12, 0x03, 0x1D
    .byte   0x21, 0x2F, 0xEF, 0xFF, 0xEE, 0xEE, 0x0E, 0xFF, 0x0F, 0x12, 0x10, 0x21, 0x21, 0xF0, 0x00, 0xEE
    .byte   0xEE, 0xDE, 0xEE, 0xDE, 0xFF, 0xFE, 0xF1, 0x12, 0x0E, 0x12, 0x32, 0x23, 0x45, 0x33,   44, 0x02
    .byte   0x42, 0xDD, 0xEE, 0xDE, 0xDE, 0xEE, 0xF2, 0xFE, 0x02, 0x31, 0xD0, 0x32, 0xEE, 0x11, 0xEE, 0xE1
    .byte   0xEE, 0xFF, 0x1F, 0xE1, 0x21, 0x00, 0x12, 0x11, 0xF1, 0x00, 0xEE, 0xEE, 0xEE, 0xDE, 0xDE,  -46
    .byte   0x0E, 0x0E, 0x1F, 0x02, 0x1F, 0x02, 0x33, 0x23, 0x45, 0x33, 0x22, 0x4E, 0xDD, 0xFF, 0xDD, 0xDE
    .byte   0x0E, 0x00, 0xFF, 0x02, 0x2F, 0xE1, 0x3F, 0x1E, 0xF2, 0xFE, 0xEF, 0xFE, 0x0E, 0xFF, 0xF1, 0x0F
    .byte     -2, 0x00, 0x21, 0x10, 0x11, 0x10, 0xEE, 0x0E, 0xEE, 0xDD, 0xEE, 0xEE, 0xEF, 0x01, 0x0F, 0xF0
    .byte   0x23, 0xE2, 0x33, 0x42, 0x53, 0x32, 0x14, 0xFD, 0xED, 0x2D, 0xDD, 0xF2, 0xD0, 0xFE, 0x2F, 0x02
    .byte   0xEF,    9, 0x03, 0xFE, 0x11, 0x2F, 0xE0, 0xEF, 0xE0, 0xE0, 0xE0, 0x00, 0xF0, 0x01, 0x2F, 0x01
    .byte   0x21, 0xF0, 0xE1, 0xEE, 0xED, 0xEE, 0xED, 0xEE, 0xFF, 0xFF, 0x00, 0x02, 0x02, 0xF3, 0x33, 0x23
    .byte   0x53, 0x31,   44, 0x04, 0x0D, 0xEF, 0x1D, 0xDE, 0xE2, 0xD1, 0xEE, 0x1E, 0x2F, 0xEF, 0x03, 0x1E
    .byte   0x12, 0x20, 0xE0, 0x0F, 0xEE, 0x0E, 0xFE, 0x11, 0xEF, 0x02, 0x0F, 0x02, 0x11, 0xF1, 0x11, 0xEE
    .byte   0xEE, 0xED, 0xEE,  -39, 0x0E, 0xEF, 0xEF, 0x2F, 0xFF, 0x12, 0x2F, 0x23, 0x33, 0x24, 0x43, 0x30
    .byte   0x33, 0xED, 0x11, 0xED, 0xDF, 0x1E, 0xEE, 0xFF, 0xFE, 0x00, 0xE0, 0x22, 0x01, 0x12, 0x20, 0xE0
    .byte   0x1F, 0xEE, 0xFE, 0xFF,   -2, 0x0F, 0xFF, 0x1F, 0x01, 0x20, 0xF1, 0x20, 0xFF, 0xEF, 0x0D, 0xFD
    .byte   0xEE, 0xDF, 0xEF, 0xEE, 0x02, 0x0F, 0xE2, 0x22, 0x20, 0x33, 0x32, 0x44, 0x23, 0x14, 0x2D, 0xE0
    .byte   0x2D, 0xDE, 0xF1, 0xED, 0x00,   14, 0x0F, 0xEF, 0xE0, 0x12, 0xFF, 0x03, 0x2E, 0x01, 0x2F, 0xEE
    .byte   0xF0, 0xFD, 0x00, 0xE0, 0xF0, 0xFE, 0x22, 0xFF, 0xF2, 0x2F, 0xEF, 0x1F, 0xEE, 0xEE, 0xDF, 0xEE
    .byte   0xEE, 0xFE, 0xE0, 0x20, 0xFF, 0x23,  -38, 0x0F, 0x33, 0x32, 0x24, 0x40, 0x22, 0x42, 0xDE, 0x22
    .byte   0xDD, 0xE1, 0x2D, 0xEF, 0xE0, 0xFE, 0xFE, 0xF2, 0x0F, 0xE2, 0x30, 0xFE, 0x13, 0x0D, 0xE1, 0x2E
    .byte   0xDF, 0xF0, 0x0E, 0xFF, 0x11, 0x10, 0x01,    1, 0x01, 0xFF, 0xF1, 0xFE, 0xEE, 0xFD, 0xEE, 0xEE
    .byte   0xE0, 0xEE, 0xF1, 0x2E, 0x12, 0x12, 0x20, 0x33, 0x23, 0x14, 0x4F, 0x13, 0x33, 0xDE, 0x22, 0xED
    .byte   0xEF, 0x2E, 0xDF, 0xFF, 0xFE, 0xEE, 0x11, 0x0F,    3, 0x02, 0x22, 0xEF, 0x22, 0x0D, 0x02, 0xFE
    .byte   0xDF, 0x20, 0xDF, 0x11, 0x0F, 0x11, 0x10, 0x22, 0xEF, 0x0F, 0xFE, 0xFF, 0xEE, 0xEF, 0xEE, 0xEE
    .byte   0xF0, 0xEE, 0xE2, 0x11, 0xF0, 0x32, 0x1F, 0x33, 0x32,   -1, 0x04, 0x4E, 0x13, 0x33, 0xDE, 0x31
    .byte   0xED, 0xE2, 0x1D, 0xD1, 0x2E, 0xDF, 0xFF, 0x0D, 0x11, 0x11, 0x00, 0x11, 0x02, 0x0E, 0x11, 0xFE
    .byte   0xEE, 0x11, 0xEE, 0x1F, 0x20, 0xE2, 0x10, 0x2E, 0x2F, 0xF0,   -6, 0x00, 0xE0, 0xEF, 0xEF, 0xEE
    .byte   0xFE, 0xEE, 0xFF, 0xFE, 0xF2, 0x2F, 0xF2, 0x23, 0x01, 0x33, 0x21, 0x43, 0x20, 0x33, 0x2E, 0xF2
    .byte   0x3D, 0xD0, 0x21, 0xDD, 0x10, 0xFD, 0xEF, 0x0E, 0xEF, 0x00, 0xF1,    5, 0x0F, 0x01, 0x2F, 0xE0
    .byte   0x20, 0xEE, 0xF2, 0xEE, 0xE1, 0x2E, 0x00, 0x20, 0x10, 0xF2, 0x1E, 0x0F, 0xF0, 0xFE, 0x0E, 0xFE
    .byte   0xEF, 0xEE, 0x0D, 0xF0, 0x0E, 0xF0, 0x21, 0x02, 0x22, 0x22, 0x23, 0x12,    8, 0x04, 0x0F, 0x33
    .byte   0x3E, 0xD2, 0x40, 0xCE, 0x22, 0xFC, 0x02, 0xFD, 0xD1, 0x1E, 0xD0, 0x1F, 0xE1, 0x2F, 0xE0, 0x30
    .byte   0xEE, 0x22, 0xFD, 0x12, 0x2D, 0xE2, 0x1F, 0xE1, 0x20, 0xE1, 0x20, 0xE1, 0x11,   -5, 0x0F, 0xE1
    .byte   0x0E, 0xE0, 0xEF, 0xEE, 0x0E, 0xEF, 0xFF, 0xFF, 0x01, 0x21, 0x02, 0x22, 0x20, 0x31, 0x32, 0x42
    .byte   0xF2, 0x33, 0x1E, 0x03, 0x2D, 0xE2, 0x1F, 0xDE, 0x11, 0xDD, 0x0F, 0x0D, 0xE1, 0x0F,   -2, 0x0F
    .byte   0x2F, 0x0E, 0x21, 0xFF, 0x20, 0xE1, 0x01, 0xFE, 0x02, 0x1E, 0xFF, 0x22, 0xD1, 0x12, 0xFE, 0xF2
    .byte   0x0E, 0xE0, 0x1F, 0xEE, 0xF1, 0xEE, 0xE0, 0xFE, 0xF0, 0xFF, 0xF0, 0x21, 0x01, 0x12, 0x22,  -17
    .byte   0x02, 0x31, 0x33, 0x21, 0x32, 0x3F, 0xF2, 0x20, 0xEF, 0x20, 0xED, 0x01, 0xED, 0xEF, 0xFE, 0xDF
    .byte   0x0F, 0xEE, 0x11, 0x1F, 0xF2, 0x0F, 0x01, 0x10, 0x00, 0x1F, 0xF0, 0x11, 0xF0, 0x00, 0x1F, 0xF1
    .byte      0, 0x0F, 0xFF, 0xF1, 0xFE, 0xF0, 0xFF, 0xEE, 0x00, 0xEE, 0xFF, 0x0E, 0xE1, 0x1F, 0xF0, 0x2F
    .byte   0xF2, 0x22, 0xF2, 0x32, 0x22, 0x33, 0xF2, 0x32, 0x2E, 0x23, 0xFE, 0x02, 0xFF, 0xDF, 0x2E, 0xDD
    .byte   0x2F,   14, 0x0E, 0xD2, 0x0D, 0xF0, 0x10, 0xE0, 0x02, 0x0F, 0x11, 0x10, 0x00, 0x11, 0xF0, 0x01
    .byte   0x0F, 0x01, 0x1F, 0xF0, 0x10, 0xE0, 0x11, 0xEE, 0x02, 0xEE, 0xE1, 0x1E, 0xEF, 0x1F, 0xEE, 0x02
    .byte   0xEE, 0x12,  -30, 0x0E, 0x02, 0x20, 0xF2, 0x32, 0x12, 0x33, 0xF1, 0x33, 0x2E, 0x13, 0x3D, 0x02
    .byte   0x20, 0xDE, 0x21, 0xDD, 0x01, 0xED, 0xEF, 0x1E, 0xDF, 0x2F, 0xEF, 0x02, 0xE1, 0x01, 0x2E, 0x12
    .byte   0x0F, 0x01, 0x11,   -3, 0x01, 0x20, 0x0E, 0x21, 0xFE, 0x11, 0x0E, 0xF1, 0x1E, 0xEF, 0x10, 0xD0
    .byte   0x00, 0xEE, 0xF1, 0xFE, 0xF0, 0x10, 0xF1, 0x02, 0x00, 0x22, 0x12, 0x13, 0x22, 0x30, 0x23, 0x22
    .byte   0x01, 0x32, 0xFE, 0x22,   48, 0x0D, 0x02, 0xEE, 0xDF, 0xFE, 0xED, 0x01, 0xED, 0xF1, 0xFF, 0xE0
    .byte   0x11, 0x0F, 0x11, 0x10, 0xF2, 0x10, 0x10, 0x01, 0x11, 0x10, 0x10, 0x00, 0x00, 0xFF, 0xF0, 0xFE
    .byte   0x00, 0xEF, 0xEF, 0x0E, 0x0E,  -25, 0x00, 0xE0, 0xE1, 0x1E, 0x11, 0x11, 0xF1, 0x21, 0xF1, 0x32
    .byte   0x12, 0x24, 0x1F, 0x23, 0x3F, 0xF2, 0x30, 0xE0, 0x31, 0xED, 0x20, 0xFD, 0xD2, 0x1D, 0xDF, 0x00
    .byte   0xDE, 0xF1, 0xFE, 0xE2, 0x00, 0xE1,   -8, 0x00, 0xF0, 0x02, 0x00, 0x02, 0x00, 0xF2, 0x00, 0x01
    .byte   0x1F, 0xF1, 0x00, 0xEF, 0x11, 0xEE, 0xF0, 0xFE, 0xE0, 0xFE, 0xEF, 0x0F, 0xEF, 0x11, 0xFF, 0x02
    .byte   0x1F, 0x02, 0x21, 0x12, 0x23, 0x12, 0x31,   17, 0x02, 0x32, 0xE2, 0x31, 0xFF, 0x22, 0xEE, 0x01
    .byte   0xEE, 0xD2, 0xEE, 0xDE, 0x1E, 0xEE, 0xF0, 0xEE, 0x1F, 0x1F, 0x00, 0x01, 0x10, 0x00, 0x20, 0xF0
    .byte   0x21, 0x01, 0x11, 0x10, 0x11, 0x0F, 0xE2, 0x0F,   -2, 0x00, 0x1E, 0xEF, 0x0F, 0xEE, 0xF0, 0xEE
    .byte   0xF0, 0x0E, 0xF1, 0x10, 0xE2, 0x2F, 0x01, 0x22, 0x12, 0x22, 0x22, 0x31, 0x22, 0x32, 0xF0, 0x32
    .byte   0xFE, 0x22, 0x0E, 0xE2, 0xFE, 0xDF, 0xFE, 0xDE, 0xFF,    3, 0x0E, 0xEF, 0x0E, 0xFF, 0xF1, 0x1E
    .byte   0x10, 0x20, 0xF0, 0x21, 0x10, 0x12, 0x01, 0x11, 0x10, 0x11, 0x0F, 0x00, 0xFF, 0xF0, 0xE0, 0xEF
    .byte   0x0E, 0xE0, 0xEF, 0xFE, 0xFF, 0xFE, 0x00, 0x0F, 0x10, 0x11,  -29, 0x02, 0xF1, 0x22, 0x21, 0x22
    .byte   0x32, 0x10, 0x33, 0x10, 0x13, 0x2F, 0xE2, 0x21, 0xEE, 0x12, 0xDE, 0xE1, 0xEE, 0xDF, 0xFE, 0xEE
    .byte   0xE0, 0xEF, 0xFF, 0xF0, 0x00, 0x10, 0x11, 0xF1, 0x20, 0x20, 0x12,    2, 0x01, 0x01, 0x20, 0xF0
    .byte   0x01, 0xFE, 0x01, 0xFE, 0xE1, 0x0E, 0xE0, 0xFE, 0xE0, 0x0E, 0xFF, 0xFF, 0xF0, 0x01, 0xF1, 0x21
    .byte   0xF0, 0x21, 0x21, 0x12, 0x21, 0x23, 0x2F, 0x13, 0x2F, 0x12, 0x21, 0x00,   37, 0x02, 0xEF, 0x10
    .byte   0xEF, 0xFE, 0xFE, 0xEE, 0xFE, 0xEF, 0xEE, 0xF0, 0xEF, 0xFF, 0x0F, 0x00, 0x00, 0xF0, 0x20, 0x00
    .byte   0x21, 0x01, 0x20, 0x1F, 0x2F, 0x10, 0x10, 0x1F, 0xFF, 0x0F, 0x0E, 0xFF, 0x0E,   -9, 0x0F, 0x0E
    .byte   0x10, 0xEF, 0x10, 0xFF, 0x10, 0xF1, 0x11, 0x00, 0x21, 0x00, 0x20, 0x10, 0x20, 0x12, 0x11, 0x20
    .byte   0x02, 0x10, 0x02, 0x00, 0x01, 0x11, 0x0F, 0xFF, 0xF0, 0x0F, 0x0E, 0xFF, 0xFF, 0xFF,    5, 0x0F
    .byte   0xF0, 0xFF, 0xFF, 0x0F, 0xF0, 0xF0, 0xF1, 0xF0, 0x1F, 0x00, 0x01, 0x00, 0x01, 0xF1, 0x10, 0x01
    .byte   0x0F, 0x1F, 0x0F, 0x1F, 0x0F, 0xF0, 0x00, 0xFF, 0xF0, 0x0F, 0x00, 0x00, 0xF0, 0x1F, 0x01,   -9
    .byte   0x01, 0x11, 0x00, 0x11, 0x01, 0x10, 0x11, 0x01, 0x11, 0x01, 0x01, 0x01, 0x10, 0x11, 0x1F, 0x11
    .byte   0xF0, 0x01, 0x00, 0x00, 0xF0, 0x01, 0xFF, 0x00, 0xF0, 0x0F, 0xFF, 0x0F, 0x0F, 0xF0, 0x0F, 0xF0
    .byte     -1, 0x00, 0x00, 0xFF, 0x0F, 0x00, 0x00, 0xF0, 0xF1, 0xF0, 0x10, 0xF0, 0x00, 0xF1, 0xF0, 0x00
    .byte   0x1F, 0x10, 0x1F, 0x01, 0x00, 0x01, 0xF1, 0x00, 0x10, 0x0F, 0x10, 0x10, 0x10, 0x10, 0x10, 0x10
    .byte   0x00,    3, 0x00, 0x01, 0x00, 0x1F, 0x00, 0x1F, 0x10, 0x00, 0x01, 0x0F, 0x10, 0x0F, 0x00, 0x1F
    .byte   0x00, 0xF0, 0xF1, 0x00, 0xF0, 0xF0, 0x0F, 0x00, 0x0F, 0xF1, 0xFF, 0x00, 0xF1, 0xF0, 0xF1, 0xF1
    .byte   0xFF, 0x10,   -4, 0x00, 0x0F, 0x01, 0x0F, 0x10, 0x00, 0x10, 0xF0, 0x10, 0x00, 0x01, 0xF1, 0x11
    .byte   0xF1, 0x00, 0x01, 0xF1, 0x01, 0x00, 0x01, 0xF1, 0x00, 0x00, 0x00, 0x01, 0x0F, 0x10, 0x00, 0xF0
    .byte   0x00, 0x1F, 0xF1,    3, 0x0F, 0x00, 0x00, 0xF0, 0x0F, 0x1F, 0x00, 0x0F, 0x1F, 0x0F, 0x01, 0xF0
    .byte   0x1F, 0x0F, 0x10, 0xF1, 0x00, 0xF1, 0x00, 0xF0, 0x10, 0x00, 0x00, 0x10, 0x0F, 0x00, 0x00, 0x10
    .byte   0x00, 0xF1, 0x00, 0x00,    1, 0x0F, 0x01, 0xF0, 0x1F, 0x01, 0x00, 0x00, 0x1F, 0x00, 0x00, 0x1F
    .byte   0x01, 0x00, 0xF1, 0x00, 0xF1, 0xF0, 0xF1, 0xF1, 0x00, 0x00, 0xF0, 0x01, 0x00, 0xF0, 0x00, 0x00
    .byte   0x0F, 0x1F, 0x00, 0x10, 0xF1,   -1, 0x00, 0x00, 0x10, 0x00, 0x00, 0x00, 0x0F, 0x00, 0x1F, 0x10
    .byte   0x00, 0xF1, 0xF1, 0x00, 0x00, 0xF0, 0x1F, 0x01, 0xF1, 0x01, 0x0F, 0x1F, 0x00, 0x01, 0xF0, 0x01
    .byte   0x00, 0x0F, 0x00, 0x10, 0x00, 0x0F,    0, 0x00, 0x1F, 0x01, 0x00, 0xF1, 0xF1, 0xF0, 0x00, 0xF1
    .byte   0xF1, 0x00, 0x00, 0xF1, 0x00, 0x00, 0x0F, 0x00, 0x10, 0xF1, 0xF0, 0x01, 0x00, 0x00, 0xF1, 0x00
    .byte   0xF1, 0x00, 0x0F, 0x01, 0x00, 0x00, 0xF1,    1, 0x0F, 0x00, 0x00, 0x00, 0x00, 0xF0, 0x01, 0x0F
    .byte   0x1F, 0x10, 0xF1, 0x00, 0x00, 0x00, 0x00, 0x01, 0xF0, 0x01, 0xF0, 0x1F, 0x11, 0x01, 0x12, 0x4B
    .byte   0xA5, 0x5C, 0xE4, 0xEC, 0x34, 0xCC, 0x44, 0xDE,   -9, 0x0E, 0x31, 0xD4, 0x3B, 0x34, 0xCD, 0x41
    .byte   0xC1, 0x3E, 0x14, 0xED, 0x13, 0xEE, 0xF2, 0xEE, 0x22, 0xDF, 0x11, 0x2E, 0x1D, 0x32, 0xF0, 0x2E
    .byte   0xE3, 0x3C, 0x23, 0xB2, 0x5D, 0xD1, 0x23, 0xCF, 0x3D,  -11, 0x01, 0x30, 0xD0, 0x4E, 0xD4, 0xFC
    .byte   0x33, 0xC3, 0x02, 0x1D, 0x23, 0xDD, 0x4F, 0xB4, 0x4A, 0x44, 0xCE, 0x31, 0xE2, 0xF1, 0xE2, 0x1D
    .byte   0x3E, 0x02, 0xE0, 0x2F, 0xDD, 0x51, 0xB0, 0x50, 0xB3, 0x3F,  -12, 0x04, 0x1C, 0x4F, 0xD2, 0x20
    .byte   0xE0, 0xE4, 0xDC, 0x41, 0xE1, 0x2D, 0x14, 0xCE, 0x4F, 0xDD, 0x35, 0xBC, 0x5E, 0xE3, 0xCF, 0x5C
    .byte   0xD4, 0x1C, 0x3D, 0x41, 0xCF, 0x33, 0xED, 0xD4, 0x3C, 0xD4, 0x2C,    0, 0x02, 0xE1, 0xFD, 0x34
    .byte   0xCC, 0x41, 0x23, 0xBD, 0x6C, 0xD4, 0xEE, 0xFD, 0x5E, 0xCF, 0x3F, 0x2F, 0xDE, 0x4F, 0xC3, 0x4C
    .byte   0xB6, 0x3B, 0xE4, 0x0C, 0x34, 0xB1, 0x4F, 0xC3, 0x4B, 0x24, 0xDD, 0x4D,   -4, 0x0F, 0x4D, 0xC4
    .byte   0x2D, 0xF3, 0xFD, 0x31, 0xC4, 0x0E, 0xD3, 0x2E, 0xE2, 0xEE, 0x4D, 0xD4, 0xFC, 0x25, 0xCC, 0x31
    .byte   0x3D, 0x2F, 0xD4, 0x2C, 0xC6, 0xFA, 0x45, 0xDC, 0xD5, 0xED, 0x2D, 0xE6, 0xBB,   -2, 0x04, 0xDC
    .byte   0x34, 0xCC, 0x44, 0xDC, 0x24, 0x0C, 0x31, 0xD1, 0x04, 0xED, 0xD2, 0x34, 0xDB, 0x16, 0xB0, 0x4C
    .byte   0xD3, 0x32, 0xEC, 0x4D, 0xE5, 0xEA, 0x44, 0xD1, 0xE0, 0xE3, 0x2F, 0xD1, 0x1E, 0x34,    1, 0x0B
    .byte   0x44, 0xEE, 0xF0, 0xD2, 0x4C, 0x31, 0xC3, 0x4E, 0xC1, 0x31, 0xEE, 0x13, 0xEE, 0xF2, 0x2D, 0xD5
    .byte   0xEC, 0x14, 0xFC, 0x31, 0xD2, 0x4C, 0xD4, 0x1D, 0x23, 0xDC, 0x45, 0xBC, 0x50, 0xB4, 0x4C,  -11
    .byte   0x03, 0x12, 0x02, 0xEC, 0x34, 0xDD, 0x4D, 0xC3, 0x6B, 0xB5, 0x1C, 0x34, 0xCC, 0x44, 0xB3, 0x5B
    .byte   0xB5, 0x5B, 0xC5, 0xDC, 0x53, 0xB0, 0x4C, 0x05, 0xEB, 0x04, 0xFD, 0x42, 0xA3, 0x5D, 0xD4, 0xEB
    .byte     -9, 0x05, 0xDC, 0x31, 0xC4, 0x5B, 0xB5, 0x4B, 0x05, 0xCB, 0x45, 0xDC, 0x13, 0x00, 0x3C, 0xE4
    .byte   0xDF, 0x33, 0xBD, 0x45, 0xDB, 0xF4, 0x1E, 0x01, 0xEF, 0x2E, 0x4E, 0xCE, 0x42, 0xED, 0xD4, 0x3C
    .byte   0x23,    3, 0x0C, 0x35, 0xBF, 0x3C, 0x35, 0xCB, 0x35, 0xCD, 0x51, 0xA0, 0x6F, 0xCE, 0x2C, 0x36
    .byte   0xBC, 0x33, 0xC1, 0x6C, 0xA4, 0x5C, 0x12, 0x1B, 0x45, 0xCC, 0x4C, 0xD6, 0xED, 0xB4, 0x5C, 0xB6
    .byte   0x1A, 0x35,    5, 0x0D, 0x4C, 0xD4, 0x4B, 0xE4, 0x3B, 0xF5, 0x1A, 0x53, 0xB2, 0x41, 0xB4, 0x4B
    .byte   0xE6, 0xDA, 0x44, 0xC2, 0x12, 0xDF, 0x4D, 0xE3, 0x0C, 0x34, 0xDC, 0x33, 0xD2, 0x2C, 0x14, 0xD1
    .byte   0x30, 0xB3, 0x5E,  -18, 0x04, 0x4B, 0x25, 0xCB, 0x6D, 0xB5, 0x59, 0xE7, 0xBD, 0x33, 0xCC, 0x60
    .byte   0xB3, 0x21, 0xD4, 0xDE, 0x23, 0xC0, 0x5D, 0xA5, 0x4D, 0xC2, 0x5B, 0xE3, 0x5A, 0x34, 0xDC, 0x43
    .byte   0xB2, 0x43, 0xA4, 0x4C,  -20, 0x06, 0xDC, 0xE5, 0x29, 0x64, 0xBD, 0x44, 0xBD, 0x5F, 0xEB, 0x54
    .byte   0xA2, 0x52, 0xA1, 0x7B, 0xB4, 0x5B, 0xD4, 0x2E, 0xD1, 0x4E, 0xB5, 0x4A, 0x25, 0xDC, 0x24, 0xDC
    .byte   0x35, 0xBE, 0x24, 0xDC, 0x41,    0, 0x0D, 0x33, 0xC0, 0x31, 0xFD, 0x4E, 0xC3, 0x3E, 0xC4, 0xFF
    .byte   0xD3, 0x2E, 0xFE, 0x3E, 0xFE, 0x3F, 0xD1, 0x3E, 0xE1, 0x10, 0x2D, 0x32, 0xC3, 0x03, 0xCE, 0x42
    .byte   0xB3, 0x5C, 0xC3, 0x4D, 0xD3, 0x3C,   -7, 0x02, 0x3D, 0x02, 0x2D, 0xE4, 0xD1, 0xE2, 0x2E, 0x01
    .byte   0x1E, 0x02, 0xE1, 0x2E, 0x01, 0x01, 0xFF, 0x2E, 0x10, 0x0F, 0x11, 0xE2, 0xF0, 0x1F, 0xF0, 0x2F
    .byte   0xE2, 0xFF, 0x1F, 0x01, 0x0E, 0x20, 0xFF,    0, 0x00, 0xF1, 0x1F, 0x10, 0xFF, 0x10, 0x00, 0xF1
    .byte   0x1F, 0x00, 0x00, 0x00, 0x01, 0xF0, 0x00, 0x01, 0xFF, 0x10, 0x00, 0xF1, 0x00, 0x01, 0xF0, 0x00
    .byte   0x00, 0x00, 0xF1, 0x00, 0x0F, 0x11, 0xF0, 0x00,   -1, 0x01, 0x00, 0x00, 0x00, 0x1F, 0xF1, 0xF0
    .byte   0x1F, 0x1F, 0x01, 0x00, 0x00, 0x00, 0x0F, 0x10, 0x00, 0x0F, 0x10, 0x00, 0x0F, 0x10, 0x0F, 0x1F
    .byte   0x01, 0x01, 0xF0, 0x00, 0x0F, 0x10, 0x00, 0x00, 0x00,    0, 0x00, 0x00, 0x00, 0x00, 0x00, 0x00
    .byte   0x00, 0xF1, 0xF1, 0x00, 0x00, 0x00, 0x00, 0xF1, 0x0F, 0x01, 0x00, 0x00, 0x00, 0xF1, 0x00, 0x1F
    .byte   0x00, 0x10, 0x0F, 0x00, 0x00, 0x00, 0x00, 0x10, 0xF0, 0x1F,    0, 0x00, 0x00, 0xF1, 0x00, 0x1F
    .byte   0x00, 0x00, 0x1F, 0x00, 0x00, 0x00, 0x0F, 0x10, 0x00, 0xF1, 0x00, 0x00, 0x00, 0x00, 0x00, 0xF1
    .byte   0x0F, 0x10, 0x1F, 0x00, 0x0F, 0x10, 0x0F, 0x10, 0x00, 0x0F, 0x01,    0, 0x00, 0x01, 0xF0, 0x00
    .byte   0xF1, 0xF0, 0x01, 0x01, 0x0F, 0x0F, 0x10, 0x0F, 0x10, 0xF1, 0x00, 0x01, 0x0F, 0x01, 0xF0, 0x00
    .byte   0x1F, 0x01, 0xF0, 0x1F, 0x00, 0x00, 0x00, 0x1F, 0x1F, 0x00, 0x1F, 0x01,    1, 0x0F, 0x0F, 0x11
    .byte   0xF0, 0x00, 0x00, 0x00, 0xF0, 0x11, 0xF0, 0x00, 0x00, 0xF1, 0x00, 0x01, 0xF0, 0x00, 0x00, 0x00
    .byte   0x00, 0xF1, 0x1F, 0x00, 0x00, 0xF1, 0x00, 0x1F, 0x00, 0xF0, 0x10, 0x00, 0x00,    1, 0x0F, 0x10
    .byte   0xF0, 0x00, 0x00, 0x00, 0xF1, 0xF1, 0x10, 0xF0, 0x01, 0xF0, 0x0F, 0x1F, 0x10, 0x00, 0x00, 0x00
    .byte   0x00, 0x00, 0xF1, 0x00, 0xF1, 0x00, 0x00, 0x00, 0x01, 0xF0, 0x00, 0xF1, 0x1F, 0x00,    0, 0x00
    .byte   0x1F, 0xF1, 0x00, 0x00, 0x01, 0xF0, 0x01, 0xF0, 0x10, 0xF0, 0x00, 0x01, 0xF0, 0x00, 0x1F, 0x00
    .byte   0x0F, 0x10, 0x00, 0x1F, 0x00, 0x10, 0xF0, 0xF1, 0x01, 0xFF, 0x00, 0x01, 0x00, 0xF1, 0x01,    0
    .byte   0x00, 0x00, 0x00, 0x00, 0xF1, 0x01, 0x0F, 0x1F, 0x00, 0x00, 0x00, 0xF1, 0x00, 0x0F, 0x10, 0x1F
    .byte   0x00, 0x0F, 0x1F, 0x10, 0x1F, 0x00, 0x00, 0x1F, 0x00, 0x00, 0xF0, 0x00, 0x10, 0x01, 0x10, 0x33
    .byte     13, 0x0B, 0xC4, 0x52, 0xBC, 0x45, 0x2D, 0xD0, 0x20, 0xDD, 0x13, 0xEE, 0xF4, 0x2E, 0xE2, 0x0E
    .byte   0xD0, 0x3E, 0xD2, 0x5F, 0xCD, 0x33, 0xEC, 0xF3, 0x2E, 0x11, 0xEE, 0x12, 0x0F, 0xE0, 0x21, 0x22
    .byte   0x1E,    1, 0x0F, 0x11, 0x2E, 0xDF, 0x32, 0xEF, 0x0E, 0xF0, 0x20, 0x0F, 0xEF, 0x03, 0x0E, 0xF2
    .byte   0x00, 0x11, 0x0F, 0x01, 0xF0, 0x10, 0xE1, 0x01, 0x1F, 0xF0, 0x10, 0x10, 0xFF, 0x00, 0x10, 0xF1
    .byte   0x10, 0xF0,    2, 0x0F, 0xF0, 0x10, 0x01, 0xFE, 0x01, 0x21, 0xF0, 0x0E, 0xF2, 0x11, 0xFF, 0x0F
    .byte   0xF2, 0xF0, 0xFF, 0x00, 0x11, 0x0F, 0xF0, 0x10, 0x00, 0x0F, 0xF0, 0x11, 0xF0, 0xF0, 0x01, 0x00
    .byte   0x0F, 0x00, 0x1F,    0, 0x00, 0xF1, 0xF0, 0x10, 0x0F, 0x00, 0x10, 0x01, 0xFF, 0x01, 0x01, 0xFF
    .byte   0xF1, 0x01, 0x1F, 0xF0, 0x00, 0x01, 0x0F, 0x1F, 0x10, 0x10, 0xF0, 0x00, 0x01, 0x0F, 0x00, 0x00
    .byte   0x00, 0x01, 0xF0, 0x1F,    1, 0x00, 0x0F, 0xF1, 0x00, 0x01, 0xF0, 0x00, 0x00, 0xF1, 0xF1, 0xF0
    .byte   0x10, 0xF0, 0x10, 0x00, 0xF1, 0x0F, 0x10, 0x01, 0xF0, 0xF0, 0x10, 0x1F, 0x00, 0x0F, 0x10, 0xF1
    .byte   0x0F, 0x10, 0x00, 0x0F, 0x1F,   -1, 0x01, 0xF1, 0x00, 0x00, 0xF0, 0x10, 0x00, 0x00, 0x00, 0x00
    .byte   0xF1, 0x00, 0xF0, 0x10, 0x00, 0x00, 0x00, 0x01, 0xF0, 0x00, 0x00, 0x1F, 0xF1, 0x00, 0x00, 0x00
    .byte   0x00, 0x00, 0xF1, 0x0F, 0x10, 0x0F,    0, 0x00, 0x1F, 0x01, 0xF0, 0x01, 0xF0, 0x01, 0xF0, 0x10
    .byte   0xF0, 0x0F, 0x01, 0x0F, 0x10, 0x1F, 0x00, 0x00, 0x1F, 0x00, 0x01, 0x0F, 0x00, 0xF1, 0xF1, 0x00
    .byte   0x1F, 0x00, 0x00, 0x1F, 0x00, 0x00, 0x00,    0, 0x00, 0x00, 0x0F, 0x10, 0x0F, 0x1F, 0x10, 0xF1
    .byte   0x0F, 0x1F, 0x10, 0x00, 0xF1, 0x00, 0x00, 0x00, 0xF1, 0x01, 0xF0, 0x00, 0xF1, 0x00, 0x00, 0x0F
    .byte   0x01, 0x0F, 0x10, 0x00, 0xF1, 0x00, 0x00, 0x0F,    0, 0x0F, 0x10, 0xF0, 0x10, 0xF1, 0x00, 0x0F
    .byte   0x10, 0x01, 0xF0, 0x00, 0x01, 0xF0, 0x00, 0x01, 0xF0, 0x01, 0xF0, 0x00, 0x01, 0xFF, 0x01, 0xF0
    .byte   0x10, 0x00, 0x0F, 0x1F, 0x11, 0xF0, 0x01, 0xF0, 0x01,    0, 0x00, 0x10, 0xF0, 0x00, 0xF1, 0xF1
    .byte   0x00, 0x0F, 0x10, 0x00, 0x01, 0xF0, 0x00, 0x00, 0x00, 0x01, 0xF1, 0xF0, 0x00, 0x00, 0x00, 0x00
    .byte   0x00, 0x00, 0x00, 0x00, 0x00, 0x1F, 0x00, 0x00, 0x00, 0x00,    0, 0x00, 0xF1, 0x00, 0x1F, 0x00
    .byte   0x00, 0x00, 0xF1, 0xF1, 0x01, 0xF0, 0x1F, 0x01, 0xF0, 0x00, 0x1F, 0x0F, 0x01, 0x00, 0xF1, 0x00
    .byte   0x00, 0xF1, 0x00, 0x00, 0x00, 0x1F, 0x00, 0x00, 0x00, 0x00, 0x00,    0, 0x00, 0x0F, 0x10, 0x00
    .byte   0x0F, 0x10, 0x01, 0xF0, 0x1F, 0x00, 0xF1, 0x01, 0xF1, 0xF0, 0x00, 0x00, 0x01, 0x0F, 0x00, 0xF1
    .byte   0x00, 0x0F, 0x01, 0x00, 0x01, 0xF1, 0xF1, 0xF0, 0x00, 0x00, 0x0F, 0x11,    0, 0x00, 0x00, 0x00
    .byte   0x00, 0x0F, 0x10, 0x00, 0x10, 0xF0, 0xF1, 0x01, 0xF0, 0x01, 0xF0, 0x00, 0x00, 0x00, 0x01, 0xF0
    .byte   0x00, 0x01, 0xF0, 0xF0, 0x10, 0x00, 0xF0, 0x11, 0xFF, 0x10, 0x1F, 0x00, 0xF1,    0, 0x00, 0x0F
    .byte   0x1F, 0x1F, 0x10, 0x01, 0xF0, 0x00, 0x00, 0xF1, 0x00, 0x00, 0x01, 0xF0, 0x00, 0x0F, 0x10, 0x00
    .byte   0x00, 0xF1, 0x01, 0x0F, 0x1F, 0x00, 0x00, 0x0F, 0x10, 0x00, 0x00, 0x00, 0x00, 0xF1,    0, 0x01
    .byte   0xF0, 0x10, 0xF0, 0xF1, 0x1F, 0x00, 0x00, 0x1F, 0x1F, 0x00, 0x01, 0x0F, 0x00, 0x0F, 0x00, 0x10
    .byte   0x00, 0x00, 0x00, 0x1F, 0x00, 0x0F, 0x11, 0xF0, 0x00, 0x0F, 0x10, 0x00, 0x1F, 0x00, 0x00,    0
    .byte   0x00, 0x00, 0x00, 0x00, 0x00, 0x1F, 0x00, 0x00, 0xF1, 0x00, 0x00, 0x00, 0x00, 0xF1, 0x00, 0x00
    .byte   0x1F, 0x1F, 0x00, 0x0F, 0x10, 0x00, 0x1F, 0x00, 0xF1, 0x00, 0x00, 0x00, 0x00, 0x00, 0x00, 0x1F
    .byte      0, 0x0F, 0x10, 0x01, 0x0F, 0x00, 0xF1, 0x0F, 0x10, 0x00, 0x00, 0x1F, 0xF1, 0x0F, 0x01, 0x00
    .byte   0xF1, 0x10, 0xFF, 0xF1, 0x03, 0x0D, 0xD2, 0x33, 0x12, 0xDE, 0x1D, 0x0E, 0xE2, 0x02, 0xE0, 0x1F
    .byte   0xFF,   -9, 0x02, 0x3F, 0xE0, 0xF0, 0xFF, 0x22, 0x11, 0x10, 0xEF, 0xEF, 0x12, 0x1F, 0xFF, 0x10
    .byte   0x01, 0x10, 0x0F, 0x00, 0x0F, 0xF1, 0x1F, 0x10, 0x0F, 0x0F, 0x00, 0x00, 0x01, 0x10, 0x0F, 0xE1
    .byte   0x01, 0x00,    0, 0x01, 0xF1, 0x01, 0xFF, 0xFF, 0x0F, 0xF0, 0x10, 0x1F, 0x1F, 0x01, 0x00, 0x10
    .byte   0x01, 0x11, 0xF0, 0x11, 0x01, 0x00, 0x0F, 0x10, 0x10, 0x01, 0x11, 0x0E, 0x01, 0x0F, 0x00, 0x01
    .byte   0x0F, 0x01, 0x01,    4, 0x00, 0x00, 0xF0, 0xF0, 0xFF, 0x0E, 0x0E, 0xFF, 0xF0, 0xFF, 0xFF, 0xFF
    .byte   0xFF, 0xF1, 0x0F, 0x10, 0x01, 0x02, 0x01, 0x01, 0x10, 0x23, 0x44, 0x44, 0x0E, 0xDC, 0xCB, 0xED
    .byte   0x12, 0x32, 0x3F, 0x0E,    7, 0x0F, 0x23, 0x23, 0xFD, 0xED, 0xDE, 0xE1, 0x22, 0x2F, 0xFE, 0xEF
    .byte   0xF1, 0x32, 0x21, 0xEE, 0xDF, 0xF0, 0x22, 0x1F, 0xEE, 0xDD, 0xEE, 0xF0, 0x12, 0x10, 0xEE, 0xF0
    .byte   0x12, 0x22, 0x01, 0x22, 0x35,   39, 0x04, 0x42, 0xDC, 0xBB, 0xBE, 0xE2, 0x34, 0x33, 0x1F, 0x00
    .byte   0x11, 0x32, 0x0F, 0xDD, 0xDD, 0xD0, 0x23, 0x22, 0x0F, 0xEE, 0xF2, 0x22, 0x3F, 0x0D, 0xDE, 0x01
    .byte   0x23, 0x31, 0x1E, 0xFD, 0xEE, 0xEE,  -12, 0x01, 0x01, 0x21, 0x1F, 0xF0, 0xDD, 0xEE, 0xEF, 0x01
    .byte   0x12, 0xE0, 0x10, 0x12, 0x31, 0x32, 0x24, 0x53, 0x33, 0xDC, 0xCB, 0xCD, 0x02, 0x44, 0x43, 0x0E
    .byte   0xEE, 0x00, 0x11, 0xFD, 0xDD, 0xDD, 0x12,   -3, 0x03, 0x22, 0x0E, 0xEE, 0xF1, 0x11, 0xFF, 0xEE
    .byte   0xE1, 0x12, 0x23, 0x2F, 0xFE, 0xEE, 0xFE, 0x00, 0xEF, 0xE0, 0x02, 0x20, 0xFE, 0xDE, 0xD0, 0xE0
    .byte   0x00, 0x00, 0x01, 0x22, 0x23, 0x22, 0x12, 0x34,   35, 0x03, 0x30, 0xCC, 0xCC, 0xD2, 0x34, 0x44
    .byte   0x1E, 0xED, 0xD0, 0x12, 0x0F, 0xDD, 0xED, 0xE2, 0x33, 0x22, 0xFD, 0xEE, 0xF0, 0x21, 0x11, 0xEE
    .byte   0xE0, 0x22, 0x23, 0x21, 0xEE, 0xED, 0xFF, 0x01, 0xFF,   -9, 0x0E, 0xF1, 0x01, 0x0F, 0xED, 0xED
    .byte   0xEE, 0x21, 0x32, 0x0E, 0x0E, 0x01, 0x23, 0x23, 0x33, 0x44, 0x32, 0xED, 0xCC, 0xCE, 0x33, 0x34
    .byte   0x4E, 0xEF, 0xED, 0xFF, 0x0E, 0xED, 0xDE, 0xFF, 0x23, 0x21,   10, 0x0E, 0xEE, 0xE0, 0x12, 0x0F
    .byte   0x0F, 0xF0, 0x02, 0x22, 0x02, 0xFF, 0xFF, 0xFF, 0xEE, 0xFE, 0xE0, 0x01, 0x01, 0xFF, 0xED, 0xED
    .byte   0xEE, 0x02, 0x02, 0x01, 0x12, 0x11, 0x01, 0x01, 0x13, 0x33, 0x54,   47, 0x03, 0xED, 0xCC, 0xEE
    .byte   0x23, 0x33, 0x22, 0xE0, 0x0E, 0xFF, 0xEE, 0xDD, 0xDE, 0xF1, 0x23, 0x10, 0xEF, 0xEE, 0x11, 0x21
    .byte   0xEE, 0xFF, 0x01, 0x32, 0x22, 0xFF, 0xE1, 0x10, 0xFE, 0xEE, 0xDE, 0xF1,  -14, 0x02, 0x21, 0x1E
    .byte   0xDD, 0xED, 0xEF, 0x02, 0x10, 0xFF, 0x22, 0x21, 0x20, 0x0E, 0x23, 0x34, 0x44, 0x31, 0xED, 0xCD
    .byte   0xEF, 0x32, 0x13, 0x21, 0xE2, 0x20, 0xFD, 0xED, 0xDD, 0xE1, 0xF2, 0x01, 0xFF,   -5, 0x00, 0x12
    .byte   0x01, 0x1E, 0xEE, 0xF1, 0x22, 0x22, 0x0E, 0x22, 0x2E, 0x11, 0xDE, 0xD0, 0xE0, 0x10, 0x21, 0x0F
    .byte   0xFE, 0xED, 0xEE, 0xEE, 0x02, 0x11, 0x11, 0xFF, 0xF2, 0x22, 0x31, 0x13, 0x22, 0x25,   44, 0x0F
    .byte   0x2F, 0xDD, 0xD1, 0x12, 0x2F, 0x2E, 0x21, 0x23, 0xEE, 0xDD, 0xDD, 0xF0, 0x0F, 0xE0, 0xEF, 0x12
    .byte   0x21, 0x1E, 0xF0, 0xF0, 0x12, 0x1E, 0xFF, 0x22, 0x22, 0x31, 0xDD, 0xFE, 0xFE, 0xFF, 0xEE,  -19
    .byte   0x01, 0x21, 0x20, 0xDD, 0xEE, 0xEE, 0xE0, 0xF1, 0x12, 0x22, 0x23, 0x22, 0xFE, 0x12, 0x23, 0x25
    .byte   0x42, 0x1D, 0xEE, 0xC2, 0x23, 0xED, 0x12, 0x22, 0x32, 0x2C, 0xCE, 0xFF, 0xE1, 0xED, 0xDF, 0x32
    .byte      1, 0x0F, 0xFE, 0xF1, 0x22, 0x0E, 0xEE, 0x02, 0x22, 0x11, 0x0F, 0x03, 0xFE, 0xEE, 0xEE, 0xEF
    .byte   0x0E, 0xE1, 0x01, 0x0E, 0x0E, 0xEE, 0xEE, 0xE1, 0x00, 0x20, 0x13, 0x21, 0x23, 0x10, 0x22, 0x22
    .byte   0x23,   41, 0x03, 0xEE, 0xEE, 0xEF, 0x12, 0xED, 0x02, 0x31, 0x21, 0xED, 0xD2, 0x1F, 0xDD, 0xFD
    .byte   0xF2, 0x21, 0xED, 0x13, 0x02, 0x2E, 0xED, 0x02, 0x31, 0xFE, 0x01, 0x14, 0x2E, 0xDE, 0xD2, 0x0E
    .byte   0x0D, 0xEE,  -18, 0x02, 0x1E, 0xEE, 0xEF, 0xFF, 0xED, 0xEF, 0x2F, 0x20, 0x12, 0x32, 0x22, 0x0F
    .byte   0x22, 0x32, 0xF2, 0x45, 0x2E, 0x0D, 0x1E, 0xF2, 0xFD, 0xC1, 0x43, 0x1E, 0x0E, 0xFE, 0x12, 0xDC
    .byte   0xDE, 0x22, 0x0E,   -7, 0x0E, 0xF3, 0x30, 0xED, 0xF0, 0x30, 0xFE, 0xE1, 0x13, 0x22, 0x0E, 0x01
    .byte   0x1E, 0xFD, 0xEE, 0xE1, 0x2E, 0xEE, 0x21, 0xEE, 0xFE, 0xED, 0xE2, 0xFF, 0xF2, 0x20, 0x23, 0x3F
    .byte   0xF0, 0x21, 0x22, 0x32,    8, 0x03, 0x43, 0x1F, 0xF0, 0x1E, 0x0E, 0xEE, 0xF2, 0x20, 0xE1, 0x11
    .byte   0xEE, 0x0D, 0xEE, 0xE0, 0xEE, 0xE1, 0x11, 0x21, 0x1E, 0x02, 0x00, 0xE0, 0x11, 0x20, 0x20, 0x12
    .byte   0x10, 0xEE, 0xFE, 0xE1, 0xEE,  -15, 0x0F, 0x10, 0x0E, 0xEE, 0xE0, 0xEF, 0xEE, 0xFF, 0x10, 0x20
    .byte   0x22, 0x22, 0x22, 0x00, 0x12, 0x33, 0x22, 0x34, 0xF2, 0x01, 0x2E, 0xEE, 0x1D, 0x00, 0x21, 0xE0
    .byte   0x2F, 0x0E, 0xE1, 0xEE, 0xEE, 0xEE,   -2, 0x0E, 0x1F, 0x01, 0xF1, 0x1F, 0x11, 0xF0, 0xFF, 0x30
    .byte   0xE0, 0x22, 0x11, 0x0F, 0xEE, 0xF1, 0x0D, 0xFF, 0xF0, 0xEF, 0xEE, 0xEF, 0x0E, 0xEE, 0xE2, 0x0F
    .byte   0x0F, 0x12, 0x22, 0x21, 0x02, 0x13, 0x22,    0, 0x01, 0x34, 0x31, 0x10, 0x22, 0xFF, 0xEE, 0xE0
    .byte   0x12, 0xEE, 0xF0, 0x00, 0xEF, 0xEE, 0x0F, 0xEE, 0xEF, 0xE0, 0xF0, 0xFF, 0x0F, 0x10, 0xF0, 0x00
    .byte   0x12, 0x02, 0x02, 0x20, 0x01, 0xFE, 0xFE, 0x1E,   -6, 0x0E, 0x1E, 0xFF, 0xF0, 0xEE, 0x0E, 0xFE
    .byte   0xEF, 0xFF, 0x01, 0x10, 0x22, 0x12, 0x01, 0x02, 0x22, 0x22, 0x33, 0x32, 0x11, 0x22, 0x20, 0x0F
    .byte   0xE0, 0x01, 0x0E, 0xEF, 0xFF, 0xFF, 0xEE, 0xFF, 0x0F,    8, 0x0E, 0xFF, 0xF0, 0xFE, 0xE0, 0x10
    .byte   0xF0, 0xE1, 0x11, 0x11, 0x0F, 0x12, 0x11, 0x00, 0x01, 0x01, 0xF0, 0xEF, 0x00, 0xFF, 0xEF, 0xFF
    .byte   0xF0, 0xE0, 0xE0, 0x10, 0xF0, 0x10, 0x01, 0x11, 0x01, 0x02,  -15, 0x01, 0x20, 0x21, 0x22, 0x20
    .byte   0x20, 0x21, 0x20, 0x12, 0xF0, 0x11, 0x0F, 0xF0, 0xE0, 0xF0, 0xFE, 0xFF, 0x0E, 0x0F, 0x00, 0xEF
    .byte   0xFF, 0x0F, 0xE0, 0xFF, 0xF0, 0xFF, 0x00, 0x1F, 0x11, 0x01, 0x01,   -6, 0x01, 0x11, 0xF1, 0x00
    .byte   0x10, 0x10, 0xF0, 0xF1, 0xFF, 0xF0, 0xF0, 0xFF, 0x00, 0x00, 0xF1, 0xF1, 0x1F, 0x00, 0x11, 0x10
    .byte   0x11, 0x11, 0x01, 0x11, 0x01, 0x10, 0x01, 0x01, 0x01, 0x00, 0x00, 0x1F,    7, 0x00, 0x00, 0x0F
    .byte   0x0F, 0x00, 0x0F, 0x00, 0x00, 0xFF, 0x0F, 0x1F, 0x0F, 0x0F, 0xF0, 0x00, 0x00, 0xF1, 0xF0, 0x1F
    .byte   0x1F, 0x00, 0x10, 0x01, 0x00, 0x0F, 0x10, 0x00, 0x01, 0xF0, 0x00, 0x00, 0x00,   -2, 0x00, 0x1F
    .byte   0x10, 0xF1, 0xF0, 0x00, 0x0F, 0x01, 0x0F, 0x11, 0xF1, 0x01, 0xF0, 0x01, 0x00, 0x10, 0xF1, 0xF1
    .byte   0x00, 0x1F, 0x00, 0x11, 0xF0, 0x00, 0x00, 0x0F, 0x00, 0x0F, 0x10, 0xF0, 0x00, 0x00,    0, 0x00
    .byte   0x00, 0x0F, 0x10, 0x00, 0x1F, 0x10, 0x00, 0x00, 0x1F, 0x1F, 0x01, 0xFF, 0x10, 0x00, 0x00, 0xF0
    .byte   0x00, 0x1F, 0xF0, 0x10, 0xF1, 0x0F, 0x00, 0x00, 0xF0, 0x10, 0x00, 0x00, 0x00, 0x00, 0x01,   -1
    .byte   0x01, 0xF1, 0x00, 0x00, 0x1F, 0x00, 0x01, 0xF0, 0x1F, 0x00, 0x00, 0x0F, 0x01, 0x00, 0x00, 0xF1
    .byte   0x00, 0x00, 0x01, 0xF0, 0x00, 0x10, 0xF1, 0x00, 0x00, 0x00, 0x1F, 0x00, 0x10, 0x0F, 0x01, 0xF0
    .byte      1, 0x00, 0x00, 0xF0, 0x00, 0x00, 0x00, 0x0F, 0x1F, 0x00, 0xF0, 0x10, 0x00, 0xF1, 0x00, 0x01
    .byte   0xF1, 0xF1, 0x00, 0x0F, 0x10, 0x00, 0x00, 0x01, 0xF0, 0x1F, 0x01, 0xFF, 0x10, 0x10, 0xF0, 0x00
    .byte   0xF1,    0, 0x00, 0x1F, 0x00, 0x00, 0x01, 0x0F, 0x00, 0x00, 0x00, 0x1F, 0x1F, 0x00, 0x00, 0x1F
    .byte   0x01, 0xF0, 0x10, 0xF0, 0x01, 0xF0, 0x1F, 0x1F, 0x01, 0x00, 0xF0, 0x01, 0xF1, 0xF0, 0x1F, 0x00
    .byte   0x00, 0x01,   -1, 0x01, 0x0F, 0x01, 0x0F, 0x00, 0x00, 0x01, 0xF0, 0xF1, 0x1F, 0xF1, 0xF1, 0x01
    .byte   0xF1, 0xF1, 0xF1, 0xF1, 0xF0, 0x01, 0x3D, 0xDE, 0x33, 0x2F, 0xED, 0x22, 0x2F, 0xC1, 0x13, 0x2F
    .byte   0x02, 0xFC, 0xE2,    1, 0x01, 0xE0, 0xE3, 0x01, 0xF2, 0xEE, 0xE0, 0x32, 0xEE, 0xD1, 0x32, 0xFE
    .byte   0x02, 0x1E, 0xF1, 0xE0, 0x20, 0x0F, 0x1F, 0x0F, 0x11, 0x0F, 0x10, 0xE2, 0x01, 0xFF, 0x0F, 0x01
    .byte   0x1F, 0xFF, 0x11, 0x00,    1, 0x0F, 0x0F, 0x00, 0xF1, 0x10, 0x00, 0x01, 0xF1, 0x0F, 0xF1, 0x01
    .byte   0x0F, 0x1F, 0x01, 0x1F, 0xF1, 0x10, 0xF0, 0x0F, 0x10, 0x20, 0xEF, 0xF1, 0x10, 0x01, 0x0F, 0x10
    .byte   0x0F, 0xFE, 0x12, 0x2F, 0xE0,    0, 0x02, 0x20, 0xEE, 0x02, 0x02, 0xEE, 0xDF, 0x12, 0x21, 0x1E
    .byte   0x0F, 0x21, 0x10, 0x0E, 0xF2, 0x12, 0xE0, 0xEE, 0x12, 0x2F, 0xFE, 0xF0, 0x12, 0xFF, 0xFF, 0xF1
    .byte   0x20, 0xFF, 0xFF, 0x12, 0x1F, 0xFF,    0, 0x00, 0x20, 0x1F, 0xFF, 0x11, 0x00, 0x00, 0xF0, 0x01
    .byte   0x1F, 0x0F, 0xF0, 0x10, 0x0F, 0xF0, 0xF0, 0x01, 0xF0, 0xFE, 0x1F, 0x0F, 0x0E, 0xE0, 0xE0, 0xF0
    .byte   0xF0, 0xF1, 0x01, 0x10, 0xFF, 0x02, 0x22,   -2, 0x03, 0x33, 0x32, 0xFF, 0xEF, 0x0F, 0xEE, 0xDE
    .byte   0xE1, 0x01, 0x0E, 0xE0, 0x12, 0x21, 0xFF, 0x0F, 0x11, 0x1E, 0xFE, 0xE1, 0x01, 0xFF, 0xFF, 0x11
    .byte   0x12, 0x10, 0xFF, 0x10, 0xF0, 0xE0, 0xE0, 0xEF,  -16, 0x0E, 0xEE, 0xE0, 0x1F, 0xEF, 0xFF, 0x20
    .byte   0xF0, 0xF1, 0x13, 0x33, 0x43, 0x54, 0xDF, 0xDF, 0xFE, 0xE1, 0xDC, 0xD2, 0x22, 0xF1, 0x1D, 0xF3
    .byte   0x33, 0x1E, 0xE0, 0xE1, 0x20, 0xDD, 0xDF, 0xFF, 0x01,  -13, 0x0E, 0xF2, 0x22, 0x22, 0x12, 0x13
    .byte   0x3F, 0xEE, 0xEE, 0xEE, 0xEE, 0xEE, 0x01, 0x22, 0x10, 0x0F, 0xFF, 0xEE, 0xEE, 0xEF, 0xE0, 0x1E
    .byte   0xE1, 0x1E, 0xFE, 0x22, 0x33, 0x44, 0x34, 0x43, 0xEE, 0xEE,   37, 0x0D, 0x0D, 0xCD, 0xF1, 0x21
    .byte   0x22, 0x0F, 0x23, 0x32, 0xFE, 0xFE, 0xEF, 0x1E, 0xDD, 0xEE, 0xE0, 0x10, 0xE0, 0x23, 0x12, 0x22
    .byte   0xF0, 0x22, 0x2F, 0xEE, 0xEE, 0xFE, 0xFE, 0xFE, 0x21, 0x21, 0x0E,   -9, 0x00, 0xFF, 0xEE, 0xEE
    .byte   0xEF, 0x00, 0xEF, 0x0E, 0xE1, 0x12, 0x33, 0x34, 0x33, 0x52, 0x21, 0xDE, 0xEE, 0xDF, 0xEC, 0xEF
    .byte   0x12, 0x22, 0x1F, 0xF2, 0x32, 0xF0, 0xFE, 0xDE, 0x2F, 0xED, 0xED, 0xFF,  -14, 0x02, 0xEF, 0x02
    .byte   0x21, 0x23, 0x10, 0xF1, 0x22, 0xEF, 0x1D, 0xE1, 0x10, 0xEE, 0xFF, 0xE2, 0x21, 0xEE, 0xF0, 0xFE
    .byte   0xE0, 0xED, 0xFF, 0xFF, 0xEF, 0x21, 0x22, 0x22, 0x22, 0x33, 0x33, 0x43, 0x0F,   45, 0x0E, 0xDF
    .byte   0x0F, 0xDD, 0xEF, 0xFF, 0xF3, 0x0E, 0xF2, 0x20, 0x02, 0x1F, 0xEE, 0xF1, 0xEE, 0xFF, 0xEE, 0xE1
    .byte   0x0F, 0xF0, 0x10, 0x02, 0x31, 0x11, 0x21, 0xF0, 0x2F, 0xEE, 0xE0, 0xEE, 0x12, 0xFF,   -8, 0x0F
    .byte   0x0F, 0xF0, 0x2F, 0xDE, 0x2E, 0xEF, 0x11, 0xEE, 0x11, 0x0F, 0x22, 0x00, 0x21, 0x22, 0x22, 0x33
    .byte   0x01, 0x22, 0x01, 0x12, 0x0F, 0x01, 0x1E, 0x0E, 0x1F, 0xEE, 0xE0, 0xFE, 0xFF, 0xFE, 0xF0,    0
    .byte   0x0F, 0xF1, 0x10, 0xFF, 0x01, 0x01, 0x01, 0x1F, 0x01, 0x0F, 0xF0, 0x0F, 0xF1, 0x0F, 0x00, 0x11
    .byte   0xFF, 0xFF, 0xFF, 0x0F, 0xFF, 0x0E, 0xF0, 0xE0, 0xE0, 0xFE, 0x10, 0x0F, 0xF1, 0x01, 0x11, 0x22
    .byte    -14, 0x02, 0x23, 0x22, 0x22, 0x22, 0x12, 0x22, 0xF1, 0x11, 0xFE, 0x1E, 0xEE, 0xEE, 0xEE, 0xEE
    .byte   0x0E, 0xE1, 0xFF, 0xF1, 0x11, 0x00, 0x11, 0x11, 0x11, 0x00, 0x00, 0x01, 0x0F, 0x0F, 0xF1, 0x00
    .byte   0xF0,   -1, 0x0F, 0x0F, 0x0F, 0x0F, 0xFF, 0x0E, 0xFF, 0x0E, 0x0F, 0xEF, 0x00, 0xEF, 0xF0, 0x0F
    .byte   0x01, 0x11, 0x12, 0x22, 0x23, 0x31, 0x22, 0x22, 0x21, 0x22, 0x20, 0x00, 0x0E, 0xF0, 0xEE, 0xDF
    .byte   0xEE, 0xEE,    0, 0x0F, 0xEE, 0x11, 0xF0, 0x2F, 0x0F, 0x01, 0x10, 0x20, 0x10, 0xF1, 0x11, 0x00
    .byte   0x00, 0xE1, 0x00, 0xF0, 0x00, 0x0E, 0x10, 0x1F, 0x0E, 0x0E, 0xFF, 0x0E, 0x0F, 0xE0, 0xE0, 0xF0
    .byte   0xFE, 0x00, 0x10,  -30, 0x00, 0x21, 0x22, 0x23, 0x23, 0x12, 0x22, 0x22, 0x22, 0x20, 0x11, 0xF0
    .byte   0xEF, 0xFE, 0xED, 0xEE, 0xEE, 0xFE, 0xEF, 0x0F, 0xFF, 0x11, 0x0F, 0x11, 0x11, 0x11, 0x11, 0x00
    .byte   0x11, 0x00, 0x1F, 0xFF,    0, 0x00, 0xF0, 0x1F, 0x0F, 0xF0, 0xF0, 0xFF, 0xFE, 0xFF, 0xF0, 0xEF
    .byte   0xFE, 0xF0, 0xFE, 0x0F, 0x01, 0xF1, 0x11, 0x11, 0x22, 0x22, 0x32, 0x22, 0x31, 0x21, 0x22, 0x20
    .byte   0x21, 0x00, 0xEF, 0x0E, 0xEE,   21, 0x0E, 0xEE, 0xEF, 0xEF, 0xE0, 0xFF, 0x10, 0x1F, 0x01, 0x10
    .byte   0x11, 0x11, 0xF1, 0x01, 0x00, 0x01, 0x0F, 0xF0, 0x1F, 0x01, 0xFF, 0xFF, 0x0F, 0xF0, 0xFF, 0xE0
    .byte   0xE0, 0xE0, 0xEF, 0xFE, 0x10, 0xE0,  -33, 0x0F, 0x01, 0x10, 0x21, 0x22, 0x22, 0x23, 0x22, 0x23
    .byte   0x02, 0x22, 0x12, 0xF2, 0xFF, 0xFF, 0x0E, 0xEE, 0xEE, 0xDF, 0xEF, 0xEF, 0xFF, 0xFF, 0xF1, 0x0F
    .byte   0x01, 0xF0, 0x10, 0x10, 0x10, 0x11, 0x0F,    0, 0x00, 0xF0, 0x00, 0x11, 0x00, 0x1F, 0x0F, 0x00
    .byte   0x0E, 0x00, 0xEE, 0xF0, 0xEE, 0x0E, 0xFF, 0x0E, 0xF0, 0x01, 0x00, 0x11, 0x12, 0x12, 0x22, 0x32
    .byte   0x22, 0x31, 0x22, 0x22, 0x2F, 0x11, 0x1F, 0xF0,   40, 0x0E, 0xEE, 0xEE, 0xDF, 0xFE, 0xEF, 0xFE
    .byte   0x00, 0x01, 0xF0, 0x0F, 0x0F, 0x11, 0x00, 0x01, 0x01, 0x10, 0x10, 0x01, 0x10, 0x10, 0x01, 0x0F
    .byte   0x00, 0x00, 0xFF, 0xEF, 0xEE, 0xFE, 0xFE, 0xFF, 0xEF,  -31, 0x0F, 0xF1, 0xF0, 0x10, 0x02, 0x02
    .byte   0x22, 0x22, 0x32, 0x23, 0x21, 0x23, 0x12, 0xF1, 0x10, 0x0F, 0xF0, 0xEE, 0xEE, 0xEE, 0xEE, 0xFE
    .byte   0xEF, 0xFF, 0x00, 0x1F, 0xF0, 0x0F, 0x00, 0x00, 0x00, 0x00,   -6, 0x01, 0x01, 0x01, 0x01, 0x02
    .byte   0x01, 0x1F, 0x0F, 0x01, 0x0E, 0x0F, 0xEE, 0xE0, 0xEE, 0xFE, 0xFE, 0xFF, 0xFF, 0x0F, 0x01, 0x11
    .byte   0x02, 0x22, 0x23, 0x32, 0x23, 0x22, 0x22, 0x22, 0x01, 0x10, 0x0F,   42, 0x01, 0xEE, 0xEE, 0xEE
    .byte   0xEE, 0xEE, 0xE0, 0xF0, 0x00, 0x1F, 0xFF, 0x0F, 0xFF, 0xF1, 0xFF, 0x11, 0x00, 0x11, 0x11, 0x01
    .byte   0x20, 0x10, 0x01, 0xF0, 0x0F, 0x0E, 0xEF, 0xEF, 0xEE, 0xEF, 0xEE, 0xE0,  -37, 0x0F, 0x01, 0x1F
    .byte   0xF0, 0x22, 0x12, 0x32, 0x32, 0x32, 0x32, 0x22, 0x22, 0x10, 0x1F, 0xF1, 0xE1, 0xEE, 0xEE, 0xEE
    .byte   0xEE, 0x0E, 0xE1, 0xF0, 0x10, 0x00, 0xF0, 0xE0, 0x1E, 0x10, 0xE1, 0x00, 0x01,   -6, 0x00, 0x02
    .byte   0x02, 0x01, 0x11, 0x0F, 0xF0, 0xFF, 0xFE, 0xFE, 0xEE, 0xEE, 0xEE, 0xFE, 0xFF, 0x10, 0x01, 0x00
    .byte   0x01, 0x21, 0x22, 0x33, 0x32, 0x33, 0x22, 0x22, 0x12, 0xFF, 0x0E, 0xF0, 0xF0, 0xEE,   28, 0x0E
    .byte   0xEF, 0xEF, 0xFE, 0xE1, 0xFF, 0x1F, 0x0F, 0xE0, 0xE0, 0xFE, 0x00, 0xE0, 0x20, 0x22, 0x02, 0x11
    .byte   0x20, 0xFE, 0xFF, 0xFF, 0x0E, 0xFE, 0xE0, 0xEE, 0xEE, 0xEE, 0xE1, 0x01, 0x10, 0x00, 0xEE,  -48
    .byte   0x0F, 0x33, 0x23, 0x43, 0x43, 0x32, 0xED, 0xEE, 0xFF, 0xD0, 0x11, 0x32, 0x33, 0x10, 0xFE, 0xEE
    .byte   0xDE, 0xDD, 0xEF, 0x11, 0x01, 0xF1, 0x10, 0x0F, 0xEE, 0xEE, 0x23, 0x11, 0x12, 0x0F, 0x22, 0x1D
    .byte     -1, 0x0F, 0x0E, 0x01, 0x2E, 0xDF, 0x0F, 0xEE, 0xEE, 0xED, 0x02, 0x0E, 0x01, 0x2E, 0xFF, 0x22
    .byte   0x23, 0x33, 0x45, 0x40, 0xFD, 0xCC, 0xE2, 0x3E, 0xE2, 0x33, 0x33, 0x3F, 0xDC, 0xEE, 0xED, 0xEE
    .byte   0xEE,    0, 0x02, 0x3F, 0xFF, 0xFF, 0xEF, 0xEE, 0xDE, 0x21, 0x32, 0x22, 0x0F, 0x12, 0x0D, 0xEE
    .byte   0xEF, 0xF1, 0x10, 0xEF, 0x01, 0xEF, 0xEE, 0xDF, 0xEF, 0xFF, 0xF0, 0x12, 0x1E, 0x0F, 0x13, 0x33
    .byte   0x34, 0x54,   49, 0x0E, 0xEC, 0xCD, 0x23, 0x2E, 0x33, 0x31, 0x33, 0xEC, 0xCE, 0xEE, 0xFF, 0xFE
    .byte   0xF2, 0x22, 0x1E, 0xED, 0xFF, 0x00, 0xFE, 0xEF, 0x23, 0x22, 0x2E, 0xF0, 0x12, 0xED, 0xDF, 0x01
    .byte   0x22, 0xFD, 0xEF,  -16, 0x00, 0xFE, 0xED, 0xEF, 0xFE, 0x2F, 0xFF, 0x22, 0xFE, 0xF1, 0x33, 0x31
    .byte   0x35, 0x51, 0xEF, 0xCC, 0xD0, 0x43, 0x01, 0x22, 0x22, 0x30, 0xDC, 0xDD, 0x10, 0x21, 0xEE, 0x00
    .byte   0x11, 0x0E, 0xEE, 0x1E,   -2, 0x01, 0xFE, 0xE2, 0x22, 0x20, 0x2E, 0xE0, 0x2F, 0xEE, 0xEE, 0xF1
    .byte   0x21, 0xEE, 0xE0, 0xF0, 0x1D, 0xFD, 0xE0, 0xE0, 0x02, 0x12, 0x21, 0xFE, 0xF0, 0x23, 0x32, 0xF6
    .byte   0x5E, 0x2E, 0xCC, 0xC3, 0x43,   31, 0x00, 0x2F, 0xF3, 0x32, 0xDD, 0xCE, 0xE0, 0x3F, 0xED, 0xE2
    .byte   0xF0, 0x20, 0xFD, 0xEF, 0x20, 0x0E, 0xE0, 0x21, 0x31, 0x2F, 0xE0, 0xEF, 0xEF, 0xEE, 0xFF, 0x02
    .byte   0x2E, 0xFE, 0xDF, 0x0E, 0x0E, 0xEF,  -46, 0x0E, 0xF4, 0x11, 0x20, 0xEE, 0xF2, 0x31, 0x23, 0x12
    .byte   0x64, 0x21, 0xDC, 0xCF, 0x24, 0x2F, 0x00, 0x1F, 0x33, 0x0D, 0xDD, 0xEF, 0xF1, 0x1D, 0xEF, 0xFF
    .byte   0x22, 0xFF, 0xD0, 0xFF, 0xFF, 0x2D, 0xE3,    5, 0x02, 0x02, 0xEE, 0xEF, 0x0E, 0xEE, 0xF0, 0xF1
    .byte   0x20, 0xEE, 0x0F, 0xEE, 0xEF, 0xED, 0x11, 0x0D, 0x33, 0x22, 0x1F, 0xDE, 0xF3, 0x33, 0x22, 0xE4
    .byte   0x53, 0x20, 0xDC, 0xC2, 0x34, 0x2E, 0xE2, 0xE1,   42, 0x03, 0x0C, 0xDD, 0x0F, 0x22, 0xFD, 0xD0
    .byte   0xFF, 0x22, 0x0D, 0xE2, 0xFF, 0x11, 0xEE, 0xF2, 0x22, 0x12, 0x1D, 0xE1, 0xEE, 0xFF, 0xEE, 0x11
    .byte   0x21, 0xE0, 0x1E, 0xD1, 0xFD, 0xE0, 0x10, 0xF0, 0xE2,  -33, 0x03, 0x31, 0xDD, 0x10, 0x04, 0x4E
    .byte   0xEE, 0x45, 0x32, 0xE0, 0xBE, 0x33, 0x4E, 0xFD, 0xE0, 0x14, 0x20, 0xCD, 0xFE, 0x31, 0x2D, 0xDC
    .byte   0x12, 0x22, 0x2E, 0xDE, 0x22, 0x1D, 0x1D, 0x12, 0x23, 0x2F,    1, 0x0E, 0xF1, 0x2E, 0xDE, 0xF0
    .byte   0x31, 0xE1, 0xDE, 0xE0, 0x1F, 0x00, 0xEE, 0xE1, 0x22, 0x2F, 0xEE, 0xD1, 0x33, 0x32, 0x2E, 0xED
    .byte   0x24, 0x4F, 0xE5, 0x2E, 0xD3, 0x3D, 0xED, 0x42, 0xD1, 0x32, 0xC1,   34, 0x03, 0xED, 0xEF, 0x2D
    .byte   0xFF, 0xFE, 0xD0, 0x13, 0xDF, 0x21, 0x1D, 0xFF, 0x0E, 0xD2, 0x32, 0x1E, 0xFF, 0xEE, 0x2F, 0xFD
    .byte   0xF2, 0x0F, 0x11, 0xEE, 0xF1, 0xF0, 0xEE, 0xFE, 0xFF, 0x22, 0x21, 0xE1,  -24, 0x00, 0xE0, 0x21
    .byte   0x13, 0x03, 0xFE, 0xD3, 0x33, 0xFF, 0x5E, 0xEE, 0x33, 0xDE, 0xF3, 0x1F, 0xE2, 0x1E, 0x21, 0x2F
    .byte   0xDD, 0x12, 0x0F, 0xEE, 0xEE, 0xE2, 0x10, 0xFF, 0xEF, 0x0F, 0xF1, 0xFE, 0xE0,   -7, 0x01, 0x12
    .byte   0x00, 0xE1, 0xDE, 0xF0, 0x2F, 0x11, 0xEE, 0xE2, 0x11, 0x11, 0xDD, 0xE2, 0x22, 0x12, 0x1F, 0x00
    .byte   0x11, 0x01, 0x12, 0x22, 0x3F, 0xC2, 0x2F, 0x33, 0x3E, 0xDC, 0x36, 0x2D, 0xC2, 0xED,   18, 0x04
    .byte   0x4E, 0xBC, 0x33, 0x23, 0x0E, 0xDD, 0xF2, 0x32, 0xDD, 0xDF, 0x22, 0x2F, 0xDE, 0x22, 0x1F, 0xED
    .byte   0xF0, 0x2E, 0x01, 0x0F, 0x2F, 0xEE, 0x1E, 0xE1, 0x22, 0xEE, 0x0E, 0xE1, 0x10, 0x22, 0xEF,  -18
    .byte   0x0D, 0xD3, 0x32, 0xD1, 0xFE, 0xF3, 0x4F, 0xDF, 0x23, 0xE2, 0x31, 0xDD, 0x23, 0xE2, 0x23, 0x1E
    .byte   0x0E, 0x20, 0xC2, 0x54, 0xEC, 0xC0, 0x3E, 0x15, 0x0C, 0xCF, 0x34, 0xEE, 0x11, 0xDE, 0x22, 0x1D
    .byte      3, 0x00, 0x3F, 0xEE, 0x01, 0x11, 0xFE, 0xEE, 0xEE, 0x23, 0xEE, 0xEF, 0x22, 0x00, 0xEE, 0xE0
    .byte   0xEF, 0x32, 0x1F, 0xFE, 0xEE, 0x12, 0x2E, 0xF0, 0x20, 0xEF, 0x23, 0x1F, 0xED, 0x22, 0x22, 0x30
    .byte   0xDD,   -9, 0x04, 0x3D, 0xE1, 0x13, 0xEF, 0x10, 0xD1, 0x43, 0xDD, 0xD1, 0x34, 0x3D, 0xDD, 0xE2
    .byte   0x23, 0x2D, 0xD1, 0x22, 0x3F, 0xED, 0xEF, 0x30, 0xED, 0x03, 0x0F, 0xEE, 0xFE, 0xE2, 0x21, 0xEF
    .byte   0x12, 0xED,  -15, 0x02, 0x0F, 0xF0, 0x2F, 0x02, 0x21, 0xDD, 0x0E, 0x22, 0x11, 0xE0, 0x22, 0x2E
    .byte   0xEE, 0xE1, 0x22, 0x21, 0xFF, 0xF1, 0x22, 0xEE, 0x01, 0xF2, 0x32, 0xE1, 0xD2, 0x32, 0xED, 0xE3
    .byte   0x2F, 0xF3, 0xFD,    6, 0x03, 0x20, 0xDD, 0x22, 0x22, 0x31, 0xDD, 0xD2, 0x31, 0xFD, 0xEF, 0x23
    .byte   0x31, 0xDD, 0xE1, 0x23, 0xFD, 0xDE, 0x24, 0xEE, 0xEE, 0x12, 0x2F, 0xED, 0x01, 0x22, 0x0F, 0xEE
    .byte   0xF0, 0x21, 0xF0, 0x0F,  -14, 0x0F, 0x30, 0x1E, 0xEF, 0x11, 0x21, 0xFE, 0xF2, 0x21, 0xEE, 0xF2
    .byte   0x22, 0x1E, 0xFF, 0x22, 0xFE, 0xFF, 0x12, 0x22, 0x1E, 0xE0, 0x12, 0x2F, 0xEE, 0x00, 0x23, 0x2F
    .byte   0xED, 0xE3, 0x01, 0x0C, 0x03,   10, 0x01, 0x2D, 0xF2, 0xEF, 0x2E, 0xE2, 0xE2, 0x3D, 0xE2, 0x12
    .byte   0xEE, 0xF3, 0x1D, 0x0E, 0x12, 0x0F, 0xFE, 0xE2, 0x21, 0x1F, 0xD1, 0x01, 0x2F, 0xEE, 0xF2, 0x22
    .byte   0xFF, 0xEF, 0xF0, 0x01, 0x0E, 0x12,   -1, 0x00, 0xF0, 0xFF, 0x0E, 0x11, 0x10, 0x00, 0x20, 0xF0
    .byte   0xFF, 0x01, 0x20, 0xE1, 0xF0, 0x20, 0x22, 0xEE, 0xFF, 0x30, 0xEE, 0xE2, 0x21, 0x22, 0xEE, 0xE0
    .byte   0x21, 0xEE, 0x11, 0x22, 0x00, 0xFE, 0xF1,    2, 0x00, 0xFF, 0x02, 0x11, 0xFF, 0x11, 0x10, 0xFE
    .byte   0xF0, 0x12, 0x10, 0xE0, 0xF0, 0x0F, 0x0F, 0xF0, 0x11, 0xFF, 0xF0, 0x10, 0x0F, 0xFF, 0xF0, 0x11
    .byte   0x0F, 0xE1, 0x12, 0x00, 0xFF, 0x00, 0x11, 0x0F,   -6, 0x01, 0x01, 0x10, 0xFF, 0xF0, 0x20, 0xFF
    .byte   0xFF, 0x01, 0x20, 0xFF, 0xF1, 0x02, 0x0F, 0xE1, 0x02, 0x10, 0xFF, 0xF1, 0x11, 0x10, 0xFF, 0x11
    .byte   0x11, 0xFF, 0xF1, 0x11, 0x0F, 0xFF, 0x01, 0x11, 0xFF,    1, 0x00, 0x11, 0x00, 0xE0, 0x11, 0x10
    .byte   0x0F, 0xF0, 0x01, 0x1F, 0xFF, 0x01, 0x11, 0xF0, 0xF0, 0x10, 0x1F, 0x0F, 0x01, 0x00, 0xF0, 0xF1
    .byte   0x1F, 0x0F, 0x00, 0x00, 0x00, 0x00, 0xF1, 0x00, 0x00, 0x01,   -1, 0x00, 0x10, 0xF0, 0x10, 0x00
    .byte   0x00, 0x00, 0xF1, 0x00, 0xF1, 0x00, 0x01, 0xF0, 0x00, 0x00, 0x00, 0x00, 0xF1, 0x00, 0x00, 0x00
    .byte   0x0F, 0x11, 0xF0, 0x0F, 0x01, 0x00, 0x00, 0xF1, 0x00, 0x00, 0x00,    0, 0x00, 0x00, 0x0F, 0x10
    .byte   0x0F, 0x1F, 0x01, 0x1F, 0xF1, 0x00, 0x00, 0xF1, 0x0F, 0x00, 0x10, 0xF0, 0x1F, 0x1F, 0x10, 0x00
    .byte   0xF1, 0x1F, 0x00, 0xF1, 0x0F, 0x10, 0x00, 0x00, 0x00, 0x10, 0xF1, 0xF0,    0, 0x00, 0x00, 0x00
    .byte   0x01, 0xF0, 0x10, 0xF0, 0x00, 0x10, 0x0F, 0x00, 0x10, 0xF0, 0x10, 0x0F, 0x1F, 0x00, 0x01, 0xFF
    .byte   0x10, 0x00, 0x00, 0x10, 0x0F, 0x00, 0x00, 0x1F, 0xF1, 0x00, 0x00, 0x00, 0xF1,    0, 0x00, 0xF0
    .byte   0x01, 0x00, 0x00, 0x00, 0x00, 0x00, 0x00, 0xF0, 0x1F, 0x00, 0x1F, 0x10, 0x00, 0x00, 0xF1, 0x00
    .byte   0x00, 0x0F, 0x01, 0x1F, 0x00, 0xF1, 0xF1, 0x00, 0x00, 0x00, 0xF1, 0x00, 0x0F, 0x11,    0, 0x01
    .byte   0xF0, 0x01, 0xF0, 0x01, 0x0F, 0x01, 0xF0, 0x00, 0x00, 0x01, 0xF1, 0xF0, 0x01, 0x0F, 0x01, 0x00
    .byte   0xF1, 0xF1, 0x0F, 0xF1, 0x00, 0x00, 0x00, 0x00, 0xF1, 0x0F, 0x10, 0x00, 0xF0, 0x00, 0x1F,    0
    .byte   0x0F, 0x1F, 0x10, 0x01, 0xF0, 0x00, 0xF0, 0x10, 0x00, 0xF0, 0x00, 0x10, 0x0F, 0x01, 0x00, 0x00
    .byte   0xF1, 0x01, 0xF0, 0x00, 0x0F, 0x01, 0x00, 0xF1, 0x1F, 0x00, 0x10, 0xF0, 0x00, 0xF1, 0x00, 0x01
    .byte      0, 0x01, 0x0F, 0xF1, 0xF1, 0x00, 0x01, 0xF1, 0xF1, 0xF0, 0x01, 0xF1, 0x0F, 0x00, 0x0F, 0x10
    .byte   0x00, 0x00, 0x1F, 0x10, 0xFF, 0x10, 0x01, 0xF0, 0x00, 0xF0, 0x10, 0x00, 0x00, 0x00, 0x00, 0xF1
    .byte   0x0F,   -1, 0x00, 0x01, 0x00, 0x00, 0x00, 0x00, 0x00, 0x00, 0x00, 0x01, 0xF0, 0x00, 0x00, 0xF1
    .byte   0x00, 0x0F, 0x11, 0xF0, 0x00, 0xF1, 0x00, 0x00, 0x1F, 0x00, 0x00, 0x00, 0x00, 0x00, 0x1F, 0xF1
    .byte   0x00, 0x00,    0, 0x0F, 0x1F, 0x10, 0x00, 0x00, 0x00, 0xF1, 0xF1, 0x0F, 0x10, 0x10, 0xF0, 0x1F
    .byte   0x1F, 0xF1, 0x00, 0x00, 0xF1, 0x00, 0x00, 0x00, 0x0F, 0x01, 0x0F, 0x10, 0x00, 0x0F, 0x10, 0x00
    .byte   0x10, 0xF0, 0x00,    1, 0x0F, 0x0F, 0x10, 0x00, 0x0F, 0x1F, 0x11, 0xF1, 0x10, 0x0E, 0xEF, 0x23
    .byte   0x3E, 0xDE, 0xE2, 0x20, 0xE0, 0x02, 0x01, 0xFE, 0xEF, 0x11, 0x4E, 0x43, 0x0A, 0x9E, 0x46, 0x73
    .byte   0xDA, 0x83, 0x45, 0x5D,    6, 0x0F, 0x31, 0xCD, 0xE0, 0x4F, 0xE1, 0xE2, 0x33, 0x3E, 0xCB, 0xD2
    .byte   0x45, 0x4D, 0xBC, 0xE3, 0x54, 0xEC, 0xCD, 0x24, 0x42, 0xEC, 0xCE, 0x23, 0x41, 0xED, 0xDE, 0x33
    .byte   0x3E, 0xED, 0xE2, 0x33, 0xFD,  -10, 0x0D, 0x13, 0x33, 0xED, 0xEF, 0x13, 0x20, 0xEE, 0xE1, 0x23
    .byte   0x1E, 0xEE, 0xE1, 0x32, 0xFF, 0xEE, 0x01, 0x22, 0x0E, 0xEF, 0x11, 0x21, 0x0E, 0xFF, 0x12, 0x11
    .byte   0xE0, 0xFF, 0x21, 0x00, 0xE0, 0x00,    0, 0x01, 0x10, 0x0E, 0x00, 0x20, 0x0E, 0xF0, 0x12, 0x11
    .byte   0xFE, 0xF0, 0x11, 0x11, 0xF0, 0x00, 0x0F, 0x0E, 0x01, 0x12, 0x10, 0xFE, 0xF1, 0x02, 0xFF, 0x0E
    .byte   0x10, 0x20, 0x0F, 0xE1, 0x10, 0x20, 0x0E,   -4, 0x01, 0x21, 0x00, 0xEF, 0x10, 0x20, 0x0E, 0xF0
    .byte   0x21, 0x0F, 0x0F, 0x01, 0xF0, 0x10, 0x0F, 0xF0, 0x11, 0x10, 0xEF, 0x00, 0x20, 0x00, 0xF0, 0x01
    .byte   0x10, 0xF1, 0xF0, 0xF0, 0x0F, 0x20, 0xEF, 0x00,   -2, 0x01, 0x11, 0xF0, 0x01, 0x0F, 0xF1, 0x00
    .byte   0xFF, 0x11, 0x11, 0xFF, 0x0F, 0xFF, 0x10, 0x00, 0x11, 0x1F, 0x10, 0x0F, 0x10, 0x0F, 0xFF, 0x01
    .byte   0x01, 0x01, 0xF0, 0xF1, 0x10, 0xF0, 0xF0, 0x10, 0x01,    2, 0x00, 0xF0, 0x00, 0x10, 0xF0, 0xEF
    .byte   0x02, 0x12, 0xEF, 0xE0, 0x21, 0x10, 0xE0, 0x01, 0x2F, 0xF0, 0xE0, 0x01, 0x2F, 0x00, 0x01, 0x00
    .byte   0x10, 0x0E, 0x00, 0x10, 0x00, 0x0F, 0xF0, 0x02, 0xFF, 0xF0,    1, 0x0F, 0x11, 0xF1, 0xF0, 0x01
    .byte   0xF0, 0xE0, 0xFF, 0x10, 0x11, 0x10, 0x00, 0x11, 0x1F, 0x0F, 0x0F, 0x2F, 0xF0, 0x00, 0x00, 0x0F
    .byte   0xFF, 0x01, 0x10, 0x01, 0xF1, 0xF1, 0x00, 0x1F, 0xFF, 0x10, 0x11,    3, 0x0F, 0xE0, 0x11, 0x01
    .byte   0xFF, 0x1F, 0x10, 0x10, 0x0F, 0x10, 0x01, 0x00, 0x0F, 0x0F, 0x01, 0x00, 0x1E, 0x10, 0x11, 0xF1
    .byte   0xFF, 0x0E, 0x20, 0xF0, 0xF1, 0x10, 0x1F, 0x10, 0x01, 0xFF, 0xFF, 0x11,    0, 0x01, 0x10, 0xFF
    .byte   0x01, 0x11, 0xFF, 0xFF, 0x01, 0x1F, 0xFF, 0xF0, 0x2F, 0x2F, 0x0E, 0x00, 0x21, 0x0F, 0xEF, 0x02
    .byte   0x11, 0xFF, 0xFF, 0x01, 0x10, 0x0E, 0xE1, 0x21, 0x11, 0xF0, 0xEF, 0x11, 0x0F,   -5, 0x00, 0x11
    .byte   0x01, 0x1E, 0x0E, 0x02, 0x1F, 0x10, 0x1F, 0x01, 0x11, 0xEF, 0x00, 0x20, 0x11, 0xFF, 0x11, 0x20
    .byte   0x00, 0x02, 0x00, 0x2F, 0x1F, 0xF0, 0x11, 0x0F, 0x0F, 0xF0, 0x01, 0x0F, 0xFF, 0x01,    8, 0x00
    .byte   0x00, 0xE0, 0xF0, 0x0E, 0x0F, 0x0E, 0xF0, 0x00, 0x0E, 0x0F, 0xEF, 0xFF, 0xF0, 0xEF, 0xF1, 0xF2
    .byte   0x00, 0xF1, 0x01, 0x10, 0x22, 0x13, 0x12, 0x33, 0x22, 0x02, 0x0E, 0xF1, 0x1E, 0xEE, 0xF0,   15
    .byte   0x0F, 0xFF, 0xEE, 0xE0, 0x11, 0x01, 0x11, 0x00, 0x11, 0x10, 0xE0, 0xFE, 0x1F, 0xFF, 0xF0, 0xF0
    .byte   0x1F, 0x11, 0x11, 0xF0, 0x12, 0xFF, 0xF0, 0xE0, 0x0E, 0x0F, 0xEE, 0xF0, 0x0E, 0xFF, 0xFF, 0xF0
    .byte    -26, 0x01, 0x0F, 0x02, 0x11, 0x11, 0x22, 0x13, 0x33, 0x22, 0x02, 0x00, 0x11, 0x0F, 0xFE, 0xF0
    .byte   0xE0, 0xFE, 0x0D, 0xFF, 0xF0, 0x0F, 0xF1, 0x00, 0x01, 0x10, 0xFF, 0x0F, 0xFF, 0xF0, 0xEF, 0xF1
    .byte   0x0F,   -7, 0x00, 0x01, 0x11, 0x02, 0x10, 0x11, 0x01, 0x0F, 0x1F, 0x0E, 0x0F, 0xE0, 0xE0, 0xEF
    .byte   0xFF, 0xF0, 0x0F, 0xF0, 0x00, 0x02, 0x00, 0x10, 0x11, 0x11, 0x11, 0x01, 0x11, 0x22, 0x30, 0x21
    .byte   0x11, 0x11,   22, 0x01, 0x11, 0x0F, 0x0F, 0xFF, 0x0E, 0x0E, 0xF0, 0xE0, 0xFF, 0xFF, 0xFF, 0x00
    .byte   0xF0, 0xFF, 0x00, 0xFF, 0xF0, 0x00, 0xF0, 0x01, 0xF0, 0x10, 0x10, 0x01, 0x10, 0x1F, 0x10, 0x0F
    .byte   0x00, 0xF0, 0xFF,   -5, 0x00, 0xFF, 0xFF, 0xF0, 0xF0, 0xF0, 0xF0, 0x00, 0x01, 0x01, 0x01, 0x11
    .byte   0x11, 0x01, 0x10, 0x11, 0x00, 0x01, 0x11, 0x11, 0x02, 0x01, 0x11, 0x10, 0x00, 0x20, 0x01, 0x0F
    .byte   0x01, 0xF0, 0xFF, 0x0F,   12, 0x0F, 0x0F, 0x0E, 0x0F, 0xFF, 0xF0, 0x0E, 0x00, 0xFF, 0xF0, 0xF0
    .byte   0x0F, 0xF1, 0xF1, 0xF1, 0x10, 0x00, 0xF1, 0x10, 0x00, 0xF1, 0x10, 0x01, 0xF0, 0xF0, 0x0F, 0x10
    .byte   0x0F, 0x01, 0xF1, 0x01, 0x00,   -4, 0x01, 0x00, 0x11, 0x00, 0x11, 0x01, 0x0F, 0x10, 0x10, 0x10
    .byte   0x10, 0xF1, 0x01, 0x00, 0x01, 0x00, 0x00, 0x01, 0x0F, 0x0F, 0x1F, 0x00, 0xF0, 0xF0, 0xF0, 0xF1
    .byte   0xF0, 0xF0, 0xF1, 0xFF, 0x1F, 0x00,   -2, 0x00, 0xF0, 0x01, 0xF0, 0xF1, 0xF0, 0x00, 0x01, 0x0F
    .byte   0x00, 0x00, 0x01, 0xF0, 0x01, 0x00, 0xF1, 0x01, 0xF0, 0x01, 0x00, 0x01, 0xF1, 0x01, 0xF0, 0x00
    .byte   0xF1, 0x11, 0xF1, 0xF0, 0x10, 0x00, 0x10,    1, 0x01, 0x00, 0x10, 0x01, 0xF0, 0xF0, 0x10, 0xF0
    .byte   0x0F, 0x02, 0xE0, 0x10, 0xF1, 0xFF, 0x01, 0x00, 0x00, 0x0F, 0x00, 0x1F, 0x0F, 0x00, 0x00, 0x00
    .byte   0x10, 0xF0, 0x1F, 0x00, 0xF1, 0x1F, 0xF1, 0x00,   -1, 0x00, 0x00, 0x00, 0xF0, 0x11, 0xF0, 0x0F
    .byte   0x01, 0x10, 0xF1, 0x0F, 0x11, 0xFF, 0x10, 0x00, 0x00, 0x10, 0x00, 0xF0, 0xF0, 0x11, 0x0F, 0x0F
    .byte   0x01, 0x10, 0x00, 0xF1, 0xF0, 0x10, 0x0F, 0x10, 0x00,    1, 0x00, 0x01, 0xF1, 0xF0, 0x00, 0x00
    .byte   0x00, 0x10, 0x0F, 0x0F, 0x00, 0x0F, 0x01, 0x0F, 0x10, 0x0F, 0x01, 0xF0, 0x00, 0x01, 0x0F, 0x01
    .byte   0xF0, 0x00, 0xF1, 0x00, 0x11, 0xFF, 0x0F, 0x11, 0xF1, 0x0F,   -1, 0x01, 0x00, 0x10, 0xF0, 0xF0
    .byte   0x01, 0xF1, 0x0F, 0x01, 0x00, 0x1F, 0x00, 0x0F, 0x01, 0x1F, 0x0F, 0x11, 0x00, 0x0F, 0x01, 0xFF
    .byte   0xE2, 0x20, 0xE0, 0x20, 0x12, 0x3F, 0xDC, 0xE2, 0x23, 0x0E, 0x0E,   -2, 0x02, 0xFE, 0xE1, 0x22
    .byte   0xE1, 0x11, 0xF0, 0x0F, 0x11, 0x1F, 0x1F, 0x0F, 0x10, 0xF0, 0xF1, 0x10, 0x0F, 0x00, 0x10, 0xF0
    .byte   0xFF, 0x11, 0x1F, 0xFF, 0x01, 0x01, 0x00, 0x0F, 0x01, 0x01, 0x0F, 0x01,    2, 0x0F, 0x0F, 0x0F
    .byte   0x0F, 0x11, 0x00, 0x00, 0xF0, 0x0F, 0x10, 0x0F, 0x01, 0x11, 0xFF, 0x01, 0x11, 0xE1, 0x00, 0x2F
    .byte   0xFF, 0x0F, 0xF2, 0x1E, 0x0F, 0x02, 0x0F, 0xF1, 0xE0, 0x20, 0xF2, 0xEF, 0xF1,    1, 0x0F, 0x2F
    .byte   0xEF, 0x11, 0x01, 0x2E, 0x0E, 0x12, 0x0F, 0x0F, 0xE0, 0x22, 0xF1, 0xEE, 0x01, 0x22, 0x1D, 0xE2
    .byte   0x11, 0x2F, 0xE1, 0x0E, 0x31, 0xE1, 0x1D, 0x21, 0x10, 0x10, 0xE2, 0x0F, 0xE4, 0xDE,    0, 0x0E
    .byte   0xFF, 0x3F, 0xFF, 0xEF, 0x20, 0x2F, 0xEF, 0x01, 0x02, 0x00, 0xE0, 0x0F, 0x0F, 0x4E, 0xDD, 0xF3
    .byte   0x32, 0xDD, 0x01, 0x23, 0x1D, 0xFF, 0xE2, 0x3F, 0xFF, 0xEF, 0xE1, 0x32, 0xEE, 0xE1, 0x21,    3
    .byte   0x01, 0xFE, 0xE2, 0x12, 0x1F, 0xEE, 0x12, 0x21, 0xEF, 0xFF, 0x12, 0x00, 0xE0, 0xF0, 0x2F, 0xFF
    .byte   0x01, 0xF0, 0x10, 0x0F, 0x00, 0x00, 0x1F, 0x00, 0xF0, 0x01, 0xF0, 0x00, 0x00, 0x1F, 0x01, 0x00
    .byte     -1, 0x01, 0x0F, 0x10, 0xF1, 0xF1, 0x0F, 0x10, 0x00, 0x0F, 0x1F, 0x01, 0x0F, 0x00, 0x1F, 0x00
    .byte   0x00, 0x1F, 0x01, 0xF0, 0x00, 0x00, 0x1F, 0x10, 0x00, 0x00, 0xF1, 0x00, 0x00, 0x00, 0x00, 0x00
    .byte   0x10,    0, 0x00, 0x00, 0x00, 0x1F, 0x0F, 0x11, 0x0F, 0x10, 0xF0, 0x00, 0x00, 0x10, 0xF0, 0x01
    .byte   0x0F, 0x1F, 0x00, 0x10, 0xF1, 0xF0, 0x00, 0x00, 0x00, 0x01, 0xF0, 0x00, 0x1F, 0x00, 0x01, 0xF0
    .byte   0x1F, 0x1F,    1, 0x0F, 0x00, 0x00, 0x1F, 0xF1, 0x00, 0x00, 0x00, 0x1F, 0x01, 0xFF, 0x10, 0x00
    .byte   0xF1, 0x00, 0x0F, 0x10, 0x00, 0x00, 0xF1, 0xF1, 0x00, 0x00, 0x0F, 0x10, 0x00, 0x0F, 0x10, 0x00
    .byte   0x01, 0xF0, 0x00,    1, 0x0F, 0x1F, 0x00, 0x0F, 0x10, 0xF1, 0x00, 0x00, 0xF1, 0xF1, 0x00, 0x1F
    .byte   0x1F, 0x1F, 0x0F, 0x1F, 0x10, 0x00, 0x00, 0x00, 0x01, 0xF0, 0xF1, 0x00, 0x00, 0x00, 0x00, 0x00
    .byte   0xF1, 0x01, 0xF0, 0x00,    0, 0x00, 0x00, 0x00, 0x01, 0xFF, 0x01, 0x00, 0x00, 0x0F, 0x10, 0x00
    .byte   0x00, 0x00, 0x00, 0x00, 0x10, 0xF0, 0x1F, 0x00, 0x0F, 0x10, 0x1F, 0x00, 0x00, 0x00, 0xF1, 0x01
    .byte   0xF1, 0xF0, 0x00, 0x01, 0xF0,    1, 0x0F, 0x00, 0x00, 0x00, 0x00, 0xF1, 0x01, 0xF0, 0xF1, 0x00
    .byte   0x00, 0xF1, 0x00, 0x0F, 0x10, 0x00, 0x00, 0x0F, 0x01, 0x00, 0x00, 0x00, 0x00, 0x00, 0x0F, 0x10
    .byte   0x0F, 0x10, 0x00, 0xF1, 0x00, 0x00,   -1, 0x01, 0x0F, 0x1F, 0x1F, 0x10, 0xF1, 0xF1, 0x00, 0x00
    .byte   0x00, 0x00, 0x00, 0x00, 0x01, 0xF0, 0x01, 0x0F, 0x00, 0x00, 0x01, 0xF0, 0xF1, 0x00, 0x1F, 0x0F
    .byte   0x11, 0xF0, 0x10, 0xF0, 0x00, 0x00, 0xF1,    0, 0x00, 0x00, 0xF1, 0x1F, 0x00, 0x00, 0x00, 0x0F
    .byte   0x10, 0x00, 0x00, 0x00, 0x00, 0x00, 0x10, 0xFF, 0x1F, 0x10, 0x00, 0x00, 0x00, 0x00, 0x00, 0x01
    .byte   0xF0, 0x00, 0x00, 0x00, 0x1F, 0x00, 0x00, 0x00,    0, 0x00, 0x00, 0xF0, 0x10, 0x01, 0xF1, 0xF0
    .byte   0x00, 0x00, 0xF1, 0x00, 0x00, 0x01, 0xF0, 0x10, 0xF0, 0x00, 0x0F, 0x10, 0xF1, 0x01, 0xF0, 0x1F
    .byte   0x00, 0x00, 0x01, 0xF0, 0x00, 0x00, 0xF1, 0x00, 0x00,    0, 0x00, 0x0F, 0x10, 0x00, 0x00, 0xF0
    .byte   0x1F, 0x10, 0x0F, 0x10, 0x00, 0x1F, 0x00, 0x00, 0x00, 0x10, 0xF0, 0xF1, 0x00, 0x00, 0x00, 0x00
    .byte   0x00, 0x0F, 0x00, 0x10, 0x01, 0xF0, 0x00, 0x00, 0x0F, 0x01,    0, 0x00, 0x0F, 0x11, 0xF0, 0x00
    .byte   0x00, 0x00, 0x1F, 0xF1, 0x00, 0x00, 0xF1, 0x00, 0xF1, 0x01, 0xF0, 0x00, 0x10, 0xF0, 0x00, 0x0F
    .byte   0x10, 0x00, 0x0F, 0x10, 0x10, 0xF0, 0x0F, 0x10, 0x1F, 0x00, 0x00,    0, 0x00, 0x00, 0xF1, 0x0F
    .byte   0x01, 0xF1, 0x00, 0x00, 0xF2, 0x23, 0x2D, 0xBC, 0x25, 0x51, 0xBB, 0x04, 0x53, 0xCB, 0xE5, 0x4D
    .byte   0xCB, 0x05, 0x5E, 0xDC, 0xE3, 0x22, 0xED, 0xFF, 0x44, 0x1C, 0xB2, 0x35,   20, 0x0C, 0xCF, 0x43
    .byte   0xFC, 0xDF, 0x43, 0xEC, 0xE2, 0x33, 0x1D, 0xD1, 0x42, 0x1D, 0xC2, 0x34, 0xEC, 0xE2, 0x3F, 0xED
    .byte   0xFF, 0x33, 0xDD, 0x12, 0x32, 0xED, 0xE3, 0x4E, 0xCE, 0x23, 0x2D, 0xEF, 0x32,    3, 0x0E, 0x0F
    .byte   0x21, 0xD3, 0xEF, 0x12, 0xD3, 0xE0, 0x2E, 0x2E, 0xF0, 0x20, 0xF4, 0xDA, 0x44, 0x4D, 0xB2, 0x43
    .byte   0xB3, 0xE3, 0x1E, 0x3B, 0x33, 0x13, 0xCC, 0x45, 0xDB, 0x3E, 0x4E, 0x0D, 0xD4, 0x2E,   -9, 0x02
    .byte   0x24, 0xCE, 0x03, 0x1D, 0x10, 0x22, 0xFD, 0x20, 0x20, 0xEE, 0x22, 0xF0, 0xD2, 0x23, 0xC1, 0x12
    .byte   0x2E, 0x1F, 0x1E, 0x11, 0x2E, 0xE2, 0x22, 0xDE, 0x13, 0x2E, 0xD0, 0x14, 0xC0, 0x20, 0x2F,   -3
    .byte   0x0E, 0x23, 0x2D, 0xDE, 0x42, 0xDD, 0x34, 0xDD, 0xC4, 0x33, 0xDD, 0xD3, 0x30, 0xC3, 0x3F, 0xEC
    .byte   0x33, 0x2C, 0x23, 0xFD, 0xE3, 0x12, 0xED, 0x22, 0xFD, 0x23, 0x22, 0xCE, 0x22, 0x2D, 0x32, 0xDD
    .byte     -8, 0x03, 0x1F, 0xF2, 0x3D, 0xC2, 0x3F, 0xF2, 0x3D, 0xC2, 0x41, 0xD1, 0x03, 0xDD, 0x22, 0x3E
    .byte   0xE0, 0x0E, 0xE2, 0x13, 0xE2, 0xFD, 0xF0, 0x31, 0x0E, 0xFE, 0xE1, 0x32, 0x2D, 0xD0, 0x22, 0x21
    .byte   0xD1,    0, 0x02, 0xD0, 0x13, 0x1E, 0xD1, 0x3E, 0xE2, 0x10, 0x2E, 0xD2, 0x32, 0xFC, 0x13, 0x21
    .byte   0xDF, 0x12, 0x11, 0xEE, 0xF4, 0x2C, 0xC3, 0x33, 0x0D, 0xD2, 0x2E, 0x4D, 0x10, 0x2E, 0xED, 0x24
    .byte   0x0E, 0xC1,   -2, 0x02, 0x2E, 0xE1, 0x2D, 0x12, 0x12, 0xFF, 0x2D, 0xD3, 0x32, 0x2D, 0xDD, 0x23
    .byte   0x2E, 0xF2, 0x2F, 0xDE, 0x22, 0x12, 0x10, 0xDE, 0xE3, 0xF3, 0x1E, 0xED, 0x13, 0xE1, 0x30, 0xE0
    .byte   0xEE, 0x2E, 0x30,    0, 0x0E, 0xF2, 0x12, 0x12, 0xDC, 0x33, 0x1D, 0x02, 0x3F, 0xFE, 0xD2, 0x33
    .byte   0xED, 0xD0, 0x22, 0x02, 0x0D, 0xF2, 0x2F, 0xFE, 0x22, 0x11, 0x2C, 0xD2, 0x44, 0xCE, 0xD2, 0x2F
    .byte   0x10, 0xFF, 0x11, 0x00,    5, 0x0D, 0x22, 0xF0, 0xDF, 0x22, 0x02, 0x10, 0xDF, 0x03, 0x1E, 0xD0
    .byte   0x22, 0x0E, 0x22, 0xFE, 0x11, 0xD1, 0x22, 0x2E, 0xEF, 0x13, 0xEF, 0x2D, 0x1F, 0x02, 0x10, 0xE0
    .byte   0x01, 0x11, 0xE2, 0x2E, 0xFF,   -1, 0x00, 0x12, 0xF2, 0xFD, 0xEF, 0x3F, 0x10, 0x11, 0x1E, 0xEE
    .byte   0xE3, 0x30, 0xE0, 0x10, 0xEE, 0xE3, 0x03, 0xEE, 0x0E, 0xEE, 0x23, 0x30, 0xED, 0xDE, 0x33, 0x11
    .byte   0xF2, 0x0D, 0xEE, 0x13, 0x31, 0xED,   -8, 0x0F, 0x22, 0x22, 0xEF, 0xED, 0x03, 0x3F, 0x0F, 0xE1
    .byte   0xEF, 0x12, 0x2E, 0x1E, 0xEE, 0x02, 0x31, 0xF1, 0xED, 0x13, 0x1F, 0x02, 0x1D, 0xEF, 0x23, 0x20
    .byte   0xDD, 0xE2, 0x23, 0x2F, 0xDE, 0xF2, 0x2F,   -2, 0x02, 0x12, 0x0E, 0xDE, 0xF3, 0x3F, 0xFE, 0xEF
    .byte   0x02, 0x1F, 0xE2, 0x21, 0x2D, 0xDE, 0x33, 0x20, 0xDD, 0x13, 0x0E, 0x10, 0x22, 0x2E, 0xDE, 0xE2
    .byte   0x34, 0xFD, 0xCE, 0x21, 0x30, 0xE2, 0x11, 0xFF,   -5, 0x0D, 0x33, 0x3E, 0xED, 0xE1, 0x32, 0xEE
    .byte   0xF2, 0x12, 0xED, 0xF1, 0x32, 0xFE, 0x0D, 0x32, 0xFE, 0xE0, 0x12, 0x21, 0xDE, 0x23, 0xFF, 0x0D
    .byte   0xE2, 0x32, 0xFD, 0xD1, 0x33, 0x1D, 0xEF, 0x23, 0x2E,   -4, 0x0E, 0xE3, 0x41, 0xCD, 0x12, 0x32
    .byte   0xED, 0x03, 0x32, 0xEC, 0xD1, 0x33, 0x2E, 0xD0, 0xE1, 0x12, 0x2D, 0x13, 0x21, 0xDD, 0xE0, 0x43
    .byte   0x1E, 0xDE, 0xF0, 0x11, 0x21, 0x3E, 0xDF, 0xD1, 0x22, 0x32,    3, 0x0E, 0x11, 0xE0, 0x21, 0x10
    .byte   0x20, 0xEE, 0xE1, 0xEF, 0x22, 0x12, 0x1E, 0xD1, 0x31, 0x0F, 0xD2, 0x33, 0xFC, 0xDF, 0x23, 0x12
    .byte   0x2D, 0xD0, 0x20, 0x2E, 0xE2, 0x32, 0x2D, 0xCF, 0x23, 0x4F, 0xEC,  -10, 0x02, 0x22, 0xFE, 0xF3
    .byte   0x0F, 0xED, 0xF2, 0x33, 0x2D, 0xDD, 0xF3, 0x32, 0xEC, 0x23, 0x1F, 0xEE, 0xE2, 0x42, 0xDC, 0xE2
    .byte   0x33, 0x1D, 0xE0, 0x22, 0xFE, 0xEF, 0x33, 0x1D, 0xDE, 0xE3, 0x32, 0xEF,   -2, 0x0E, 0x22, 0xFD
    .byte   0xF2, 0x33, 0xED, 0xD1, 0x13, 0x2F, 0xE1, 0x0F, 0x0E, 0xF0, 0x02, 0x22, 0xEE, 0xEF, 0x12, 0x2F
    .byte   0xEF, 0x02, 0x1F, 0xF0, 0xF1, 0x2E, 0xE1, 0x20, 0x2E, 0xDE, 0x22, 0x30, 0xE1,    3, 0x0E, 0xEF
    .byte   0x01, 0x32, 0x1F, 0xDE, 0xE0, 0x32, 0x2E, 0xEF, 0xE2, 0x00, 0xE1, 0x22, 0x11, 0xED, 0xF0, 0x32
    .byte   0x1E, 0xFF, 0x11, 0x0F, 0xEF, 0xE2, 0x21, 0x02, 0x1F, 0xEE, 0xFF, 0x21, 0x21, 0xFE,   -4, 0x0F
    .byte   0xF1, 0x22, 0x2E, 0xFF, 0x0E, 0xE1, 0x22, 0x20, 0xFE, 0xFE, 0x01, 0x20, 0xF0, 0x10, 0x10, 0xEE
    .byte   0x12, 0x21, 0x2F, 0xEF, 0xEF, 0xF2, 0x10, 0xFF, 0x10, 0xFF, 0xF0, 0x22, 0xFF, 0xE1, 0x01,    0
    .byte   0x0E, 0x11, 0x22, 0xFE, 0xEF, 0x02, 0x10, 0xFF, 0x01, 0x10, 0xFF, 0x11, 0x10, 0x0F, 0xE1, 0x02
    .byte   0x00, 0xF0, 0x00, 0xF0, 0xF0, 0x11, 0xF1, 0xF0, 0x00, 0xFF, 0x02, 0x01, 0xFF, 0xE0, 0x11, 0x11
    .byte      2, 0x0F, 0x0F, 0xF0, 0x01, 0x1F, 0x00, 0x01, 0x00, 0xF0, 0x01, 0x0F, 0xF0, 0xF0, 0x10, 0x11
    .byte   0x00, 0x1F, 0xF0, 0x10, 0xF0, 0xF1, 0x00, 0xFF, 0xF0, 0x2F, 0xFF, 0x01, 0x11, 0x0E, 0x00, 0x10
    .byte   0x11,    1, 0x01, 0x1F, 0xFF, 0xF0, 0x10, 0x11, 0x0F, 0xF0, 0x0F, 0x11, 0x10, 0xFF, 0xF0, 0x11
    .byte   0x01, 0x1F, 0xFF, 0x0F, 0x10, 0x11, 0x0F, 0xFF, 0x01, 0x11, 0x00, 0x0F, 0xF0, 0xF1, 0x10, 0xF0
    .byte   0x0E, 0x00,   -2, 0x00, 0x1F, 0x0E, 0xF0, 0x00, 0xF0, 0x0F, 0x00, 0xFF, 0x02, 0x11, 0xF0, 0xF1
    .byte   0x10, 0x11, 0x22, 0x22, 0x20, 0x20, 0xF0, 0x00, 0x11, 0xFF, 0xF0, 0xF0, 0xE0, 0xFF, 0xFF, 0xEE
    .byte   0xEF, 0x00, 0xFF,   -5, 0x00, 0xF0, 0xEE, 0x0F, 0xFF, 0xFE, 0xFF, 0xEF, 0x00, 0x01, 0x0F, 0xEF
    .byte   0x00, 0x20, 0x2F, 0x33, 0x34, 0x32, 0x21, 0x10, 0x21, 0x11, 0xFE, 0xED, 0xFE, 0x0E, 0xFF, 0xDE
    .byte   0xEE, 0xE1, 0x22, 0x12,    3, 0x01, 0x10, 0x22, 0x02, 0x0F, 0xEE, 0xEF, 0xFF, 0xFE, 0xFE, 0xFE
    .byte   0x10, 0x11, 0x21, 0x0E, 0xFE, 0xE0, 0xF0, 0xFF, 0xEE, 0xED, 0xE0, 0x01, 0x22, 0x13, 0x34, 0x33
    .byte   0x33, 0x12, 0x22, 0x11, 0xF0,   43, 0x0E, 0xEE, 0xEE, 0xEE, 0xED, 0xEE, 0xE0, 0x11, 0x02, 0x02
    .byte   0x21, 0x22, 0x11, 0x0F, 0x0E, 0x00, 0xE0, 0xEF, 0xEE, 0xF0, 0x0F, 0xFF, 0x00, 0x00, 0x10, 0xF0
    .byte   0xFF, 0xEE, 0xFE, 0xEE, 0xFE, 0xED,  -53, 0x00, 0x11, 0x23, 0x34, 0x43, 0x32, 0x30, 0x32, 0x22
    .byte   0x1F, 0xEE, 0xEF, 0xED, 0xFD, 0xDE, 0xDE, 0xEF, 0x00, 0x10, 0x11, 0x22, 0x32, 0x11, 0x10, 0xF1
    .byte   0x00, 0xFE, 0xEE, 0xEE, 0xFF, 0x0F, 0x0F,  -11, 0x00, 0x11, 0x21, 0x0E, 0xF0, 0xEF, 0xFE, 0xEE
    .byte   0xED, 0xEE, 0x0E, 0xF0, 0x02, 0x24, 0x44, 0x32, 0x32, 0x32, 0x32, 0x10, 0x0E, 0xEE, 0xFE, 0xED
    .byte   0xDD, 0xED, 0xEF, 0xFF, 0xFF, 0xF1, 0x22, 0x23,   10, 0x01, 0x11, 0x02, 0x10, 0x1E, 0xEE, 0xEE
    .byte   0xFF, 0xE0, 0x0E, 0xF0, 0x10, 0x20, 0x00, 0xEF, 0xFF, 0xF0, 0xEE, 0xEE, 0xEE, 0xEF, 0xEF, 0xFF
    .byte   0x22, 0x34, 0x42, 0x33, 0x23, 0x23, 0x22, 0x10, 0xFE,   48, 0x0F, 0xEE, 0xDE, 0xDD, 0xDE, 0x0E
    .byte   0xEF, 0xE0, 0x12, 0x23, 0x21, 0x21, 0x12, 0x12, 0x1F, 0xEE, 0xEE, 0x0E, 0x0E, 0xFE, 0xF0, 0x11
    .byte   0x00, 0xFF, 0x0F, 0x00, 0xFE, 0x0E, 0xE0, 0xEE, 0xEE, 0xFE,  -48, 0x0F, 0x11, 0x22, 0x34, 0x33
    .byte   0x23, 0x23, 0x23, 0x22, 0xF0, 0x0F, 0x0E, 0x0D, 0xED, 0xDD, 0xFE, 0xEE, 0xEF, 0xE1, 0x21, 0x22
    .byte   0x21, 0x22, 0x21, 0x2F, 0x1F, 0xE0, 0xE0, 0xEE, 0xE0, 0xE0, 0xFF,   -8, 0x0F, 0xFF, 0xFF, 0x10
    .byte   0x0E, 0x0F, 0xEF, 0x0F, 0xEF, 0xFE, 0xEE, 0xEF, 0x00, 0x22, 0x23, 0x33, 0x32, 0x32, 0x32, 0x31
    .byte   0x21, 0x21, 0x00, 0xFE, 0xED, 0xED, 0xEE, 0xDE, 0xEE, 0xFE, 0x02, 0x11,   -4, 0x02, 0x12, 0x21
    .byte   0x20, 0x10, 0x00, 0x0E, 0xFF, 0xEE, 0xFE, 0x0E, 0xF0, 0xEF, 0xF0, 0x0F, 0xFF, 0xFF, 0x1F, 0xFF
    .byte   0xF0, 0xEF, 0xFE, 0xEF, 0xE1, 0x11, 0x22, 0x23, 0x23, 0x32, 0x23, 0x32, 0x22,   45, 0x02, 0x11
    .byte   0x10, 0xEE, 0xEE, 0xDE, 0xED, 0xEE, 0xEE, 0xFE, 0x11, 0x01, 0x22, 0x02, 0x21, 0x10, 0x21, 0xF0
    .byte   0xFE, 0x0E, 0x0E, 0x0E, 0xE0, 0xEF, 0xFF, 0x0E, 0x0F, 0x1F, 0xF0, 0x0F, 0xFF, 0xF0,  -25, 0x0F
    .byte   0x0E, 0xEF, 0xF0, 0x02, 0x01, 0x32, 0x22, 0x33, 0x22, 0x32, 0x22, 0x22, 0x12, 0x10, 0xFE, 0xEE
    .byte   0xEE, 0xEE, 0xDE, 0xEE, 0xEF, 0xFF, 0xF0, 0x11, 0x20, 0x20, 0x12, 0x11, 0x10, 0x0F, 0xFF,    6
    .byte   0x0F, 0xE0, 0xEE, 0xF0, 0xE0, 0xFE, 0xFE, 0x10, 0xFF, 0xFF, 0xFF, 0x10, 0xFF, 0xFF, 0xFF, 0xF0
    .byte   0xF1, 0x10, 0x21, 0x32, 0x22, 0x32, 0x22, 0x33, 0x02, 0x12, 0x22, 0x00, 0xFE, 0xFE, 0xFE, 0xED
    .byte     19, 0x0E, 0xEE, 0xE0, 0xEE, 0x01, 0x11, 0x11, 0x10, 0x11, 0x11, 0x1F, 0xF0, 0xFF, 0xFF, 0xFE
    .byte   0xFF, 0xFF, 0xEF, 0xFE, 0xF0, 0x0F, 0xFF, 0xF0, 0x01, 0xFF, 0xF0, 0x00, 0xF0, 0xF0, 0x00, 0x11
    .byte   0x11,  -20, 0x02, 0x22, 0x22, 0x23, 0x22, 0x22, 0x12, 0x22, 0x11, 0x11, 0x0E, 0xEF, 0xFE, 0xEE
    .byte   0xEE, 0xEE, 0xE0, 0xFE, 0xF0, 0x01, 0x00, 0x11, 0x01, 0x11, 0xFF, 0x00, 0x00, 0xE0, 0xFE, 0xFF
    .byte   0x0E, 0xFF,  -16, 0x0F, 0xFF, 0x0E, 0xF0, 0x0F, 0x1F, 0x00, 0x0F, 0x00, 0x1F, 0xF1, 0x10, 0x01
    .byte   0x20, 0x02, 0x22, 0x22, 0x22, 0x22, 0x22, 0x22, 0x11, 0x22, 0x11, 0xFF, 0x0E, 0xFF, 0xEE, 0xEE
    .byte   0xFE, 0xE0, 0xEE,    1, 0x0F, 0x0F, 0x00, 0x01, 0x00, 0x10, 0x00, 0x00, 0x0F, 0x0F, 0xF0, 0xEF
    .byte   0x00, 0xFE, 0x0E, 0x0F, 0xFF, 0x0E, 0x0F, 0xF0, 0x1F, 0xFF, 0x00, 0x11, 0x01, 0x00, 0x01, 0x11
    .byte   0x02, 0x11, 0x12, 0x22,    0, 0x02, 0x22, 0x22, 0x22, 0x02, 0x02, 0x21, 0x0F, 0xFF, 0x0E, 0xFF
    .byte   0xEE, 0xEF, 0xEF, 0xFE, 0xEE, 0x0F, 0xFF, 0x0F, 0xF1, 0x00, 0x10, 0x00, 0x10, 0xF1, 0x0F, 0xFF
    .byte   0xF0, 0xFF, 0x0E, 0x0F, 0xE0,  -16, 0x0F, 0x0E, 0x0F, 0x0F, 0x0F, 0x1F, 0x1F, 0x11, 0x01, 0x11
    .byte   0x10, 0x11, 0x10, 0x12, 0x11, 0x02, 0x22, 0x12, 0x02, 0x21, 0x22, 0x11, 0x20, 0x21, 0x00, 0x00
    .byte   0xEF, 0xFF, 0xEE, 0xE0, 0xEF, 0xEE,    4, 0x0F, 0xEF, 0x00, 0xF0, 0xFF, 0x01, 0x00, 0x1F, 0x00
    .byte   0x10, 0x10, 0xFF, 0x0F, 0x0F, 0xFF, 0x0E, 0xFF, 0xFF, 0xFF, 0xFF, 0x0F, 0x0F, 0xF1, 0x00, 0xF1
    .byte   0x10, 0x11, 0x11, 0x11, 0x11, 0x10, 0x20,   -6, 0x00, 0x20, 0x22, 0x20, 0x12, 0x12, 0x12, 0x11
    .byte   0x11, 0x21, 0x01, 0xFF, 0x0E, 0xFF, 0xFE, 0xEF, 0xEF, 0xEF, 0xFE, 0x0E, 0x0F, 0xFF, 0x1F, 0x00
    .byte   0x01, 0x1F, 0x1F, 0x01, 0x00, 0x0F, 0x0F, 0x0F,   -6, 0x0F, 0xFF, 0xFF, 0xE1, 0xFF, 0xFF, 0xF0
    .byte   0x0F, 0xF0, 0x00, 0x1F, 0x00, 0x11, 0x02, 0x01, 0x10, 0x20, 0x11, 0x02, 0x01, 0x11, 0x22, 0x20
    .byte   0x02, 0x02, 0x02, 0x01, 0x11, 0x02, 0x0F, 0x00, 0xE0,   24, 0x0F, 0x0E, 0xEF, 0xE0, 0xE0, 0xFE
    .byte   0x0E, 0x00, 0x0F, 0x00, 0xF0, 0x01, 0x00, 0x00, 0x01, 0x0F, 0x1F, 0xFF, 0x01, 0xFF, 0x0F, 0xF0
    .byte   0xFF, 0x0F, 0xFF, 0x0F, 0xF0, 0x0F, 0x0F, 0xF0, 0x01, 0x00,  -18, 0x00, 0x21, 0x11, 0x10, 0x10
    .byte   0x12, 0x00, 0x21, 0x10, 0x20, 0x02, 0x2F, 0x02, 0x11, 0x10, 0x20, 0x01, 0x10, 0x1F, 0xF0, 0xEF
    .byte   0xF0, 0xE0, 0xE0, 0xEF, 0x0F, 0xEF, 0xFF, 0xFF, 0x1F, 0x00, 0xFF,   -5, 0x00, 0x11, 0xF1, 0xF1
    .byte   0xF1, 0x01, 0xF0, 0x0F, 0xF1, 0x0F, 0x00, 0xFF, 0xFF, 0xFF, 0x0F, 0xFF, 0xFF, 0x1F, 0x0F, 0xF0
    .byte   0x00, 0x11, 0x01, 0x01, 0x20, 0x10, 0x10, 0x20, 0x02, 0x11, 0x10, 0x21,   11, 0x01, 0x11, 0x20
    .byte   0x11, 0x11, 0x10, 0x01, 0x10, 0xF0, 0x0E, 0x0E, 0xFF, 0xFE, 0x0E, 0x00, 0xEF, 0xFF, 0x0F, 0xF0
    .byte   0x0F, 0xF0, 0x00, 0x00, 0x01, 0x00, 0x01, 0x00, 0x01, 0xF1, 0x00, 0x1F, 0x00,   -4, 0x00, 0x0F
    .byte   0xFF, 0xFF, 0xF0, 0x0F, 0xFF, 0xF0, 0xF0, 0x00, 0x0F, 0x01, 0x01, 0x10, 0x02, 0x01, 0x11, 0x01
    .byte   0x02, 0x11, 0x10, 0x20, 0x21, 0x02, 0x11, 0x11, 0x01, 0x11, 0x00, 0x01, 0x0F, 0xFF,   17, 0x0F
    .byte   0xFF, 0xEF, 0x0E, 0xF0, 0xE0, 0xFF, 0xF0, 0xFF, 0x00, 0xF1, 0xF0, 0x00, 0x10, 0x01, 0x10, 0x10
    .byte   0x01, 0x00, 0x10, 0xF1, 0x00, 0xF0, 0x0F, 0xFF, 0x0F, 0xFF, 0x0E, 0x00, 0xFF, 0xFF, 0x0F,  -15
    .byte   0x0F, 0x00, 0x00, 0x11, 0x01, 0x2F, 0x10, 0x20, 0x11, 0x11, 0x02, 0x11, 0x02, 0x11, 0x02, 0x01
    .byte   0x01, 0x11, 0x01, 0x1F, 0x00, 0x0F, 0x0E, 0x0F, 0xE0, 0xFE, 0x0F, 0x0E, 0xFF, 0xFF, 0xFF, 0x0F
    .byte     -7, 0x00, 0x00, 0x1F, 0x10, 0x01, 0x11, 0x01, 0x01, 0x01, 0x1F, 0x10, 0x1F, 0x00, 0x0F, 0x0F
    .byte   0xFF, 0x0F, 0xFF, 0xFF, 0xFF, 0xFF, 0x0F, 0x0F, 0x1F, 0x00, 0x11, 0x01, 0x10, 0x20, 0x10, 0x20
    .byte   0x11,    3, 0x01, 0x10, 0x20, 0x10, 0x02, 0x00, 0x10, 0x00, 0x10, 0x00, 0xF0, 0x0F, 0xFF, 0xFF
    .byte   0xFF, 0x0E, 0x0F, 0x0E, 0x00, 0xFF, 0x0F, 0x00, 0x00, 0x0F, 0x10, 0x10, 0x00, 0x1F, 0x01, 0x00
    .byte   0xF0, 0x0F,   -4, 0x0F, 0x0F, 0xFF, 0x0F, 0xFF, 0xF0, 0xFF, 0x00, 0x00, 0xF1, 0x01, 0x11, 0x11
    .byte   0x02, 0x02, 0x12, 0x10, 0x20, 0x20, 0x12, 0x01, 0x01, 0x0F, 0x10, 0xF0, 0xEF, 0x0E, 0x0E, 0xFF
    .byte   0x0E, 0x00, 0xEF,   -5, 0x0F, 0x0F, 0x00, 0xF1, 0xF1, 0x00, 0x11, 0x10, 0x11, 0x10, 0x11, 0x01
    .byte   0x01, 0x01, 0x0F, 0x1F, 0x01, 0xF0, 0xFF, 0x0F, 0x0F, 0xF0, 0x0F, 0xFF, 0xF0, 0x0F, 0x10, 0xF1
    .byte   0x00, 0x10, 0x01, 0x01,   -2, 0x00, 0x10, 0x10, 0x01, 0x10, 0x00, 0x10, 0x00, 0xF1, 0x00, 0xF0
    .byte   0x00, 0x0F, 0x0F, 0x1F, 0xF1, 0xF0, 0xF0, 0x01, 0xF1, 0x01, 0xF1, 0xF0, 0x1F, 0x01, 0x00, 0x01
    .byte   0xF1, 0x00, 0x10, 0xF1, 0xF0,    1, 0x00, 0x00, 0x1F, 0x0F, 0x1F, 0x1F, 0x00, 0x10, 0xF0, 0x0F
    .byte   0x00, 0x10, 0x00, 0x00, 0x0F, 0x10, 0x00, 0x1F, 0x00, 0x01, 0xF1, 0x0F, 0x01, 0xF0, 0x00, 0x10
    .byte   0xF1, 0xF0, 0x00, 0x1F, 0x00, 0x10,    0, 0x0F, 0x10, 0x0F, 0x10, 0x00, 0xF1, 0xF0, 0x00, 0x00
    .byte   0x01, 0xF1, 0x0F, 0x10, 0x00, 0xF1, 0xF0, 0x10, 0x00, 0x00, 0x00, 0x00, 0x00, 0x00, 0x01, 0xF0
    .byte   0x00, 0x1F, 0x1F, 0x01, 0xF1, 0x0F, 0xF1,   -1, 0x01, 0xF0, 0x01, 0x0F, 0x00, 0x1F, 0x01, 0x00
    .byte   0xF0, 0x01, 0xF0, 0x10, 0x00, 0x1F, 0x01, 0x00, 0x0F, 0x10, 0x00, 0xF0, 0x10, 0x0F, 0x01, 0xF0
    .byte   0x00, 0xF1, 0x0F, 0x00, 0x01, 0xF1, 0xF0, 0x00,    0, 0x00, 0x00, 0xF1, 0x00, 0x01, 0xF0, 0x01
    .byte   0xF0, 0x10, 0xF0, 0x1F, 0x00, 0x1F, 0x00, 0x00, 0x1F, 0x00, 0x1F, 0x01, 0xFF, 0x1F, 0x10, 0x00
    .byte   0x0F, 0x01, 0x01, 0xF0, 0x00, 0x00, 0x01, 0xF1, 0xF1,    1, 0x0F, 0x00, 0x01, 0x0F, 0x1F, 0x1F
    .byte   0x00, 0x00, 0x00, 0xF0, 0x00, 0x10, 0x0F, 0x00, 0x1F, 0x1F, 0x00, 0x00, 0x01, 0x00, 0xF1, 0xF0
    .byte   0x10, 0x00, 0x1F, 0x00, 0x00, 0x1F, 0x01, 0x0F, 0x01, 0x0F,    0, 0x00, 0x00, 0x00, 0x00, 0x00
    .byte   0x00, 0x00, 0x1F, 0x1F, 0x00, 0x1F, 0x1F, 0x00, 0x00, 0x00, 0x00, 0x1F, 0x1F, 0x00, 0x0F, 0x10
    .byte   0x00, 0x10, 0xF1, 0xF0, 0x00, 0x00, 0x0F, 0x10, 0x00, 0x00, 0x00,   -1, 0x00, 0x10, 0x0F, 0x1F
    .byte   0x10, 0xF0, 0x01, 0x00, 0x00, 0x00, 0x00, 0x00, 0xF1, 0x1F, 0x00, 0x00, 0x00, 0x10, 0xF1, 0x0F
    .byte   0x01, 0xF0, 0x1F, 0x00, 0x01, 0xF1, 0xF0, 0x00, 0xF1, 0x00, 0x00, 0x00,    0, 0x01, 0xF1, 0xF1
    .byte   0xF0, 0x1F, 0x1F, 0x00, 0x00, 0x00, 0x1F, 0x1F, 0x00, 0x01, 0xF0, 0x00, 0x1F, 0xF0, 0x10, 0x00
    .byte   0x01, 0xF0, 0x00, 0x00, 0x0F, 0x10, 0x00, 0x00, 0xF1, 0x00, 0xF1, 0x00, 0x0F,    0, 0x01, 0xF0
    .byte   0x1F, 0x00, 0x1F, 0x0F, 0x10, 0xF1, 0xF1, 0x00, 0x1F, 0x01, 0xF0, 0x00, 0x1F, 0x00, 0x00, 0x10
    .byte   0xF0, 0xF1, 0x00, 0x00, 0x01, 0xF0, 0x00, 0x00, 0x01, 0x0F, 0x0F, 0x10, 0x00, 0x00,    0, 0x00
    .byte   0x01, 0xF0, 0x00, 0x00, 0x0F, 0x10, 0xF1, 0x00, 0x00, 0x00, 0x0F, 0x01, 0x00, 0x1F, 0x00, 0x00
    .byte   0x00, 0x00, 0x01, 0xF0, 0x00, 0xF1, 0x1F, 0xF1, 0xF1, 0xF0, 0x01, 0x00, 0xF1, 0x1F, 0x00,    0
    .byte   0x00, 0x1F, 0x0F, 0x10, 0xF1, 0x01, 0xF0, 0x00, 0x1F, 0x00, 0x00, 0xF1, 0x0F, 0x10, 0x00, 0x00
    .byte   0x0F, 0x10, 0x00, 0x1F, 0x00, 0xF1, 0x00, 0x1F, 0x00, 0x00, 0x00, 0x00, 0x00, 0x00, 0x00, 0x1F
    .byte      1, 0x0F, 0xF1, 0x00, 0x00, 0x10, 0x0F, 0x00, 0x1F, 0x00, 0x0F, 0x10, 0x00, 0x00, 0x00, 0xF1
    .byte   0x01, 0xF0, 0x00, 0x00, 0x00, 0x00, 0x0F, 0x01, 0x00, 0x00, 0x00, 0xF1, 0x0F, 0x11, 0xF0, 0x00
    .byte   0x00,    0, 0x00, 0x00, 0x00, 0x00, 0x00, 0x00, 0x00, 0x01, 0xF0, 0x0F, 0x10, 0x00, 0x00, 0x00
    .byte   0x00, 0x1F, 0x00, 0x00, 0x00, 0x00, 0xF1, 0x00, 0xF1, 0x00, 0x00, 0x00, 0x01, 0x0F, 0x00, 0x00
    .byte   0x00, 0x0F,    0, 0x0F, 0x10, 0xF1, 0x01, 0xF0, 0x00, 0x00, 0x01, 0xFF, 0x10, 0x01, 0xFF, 0x10
    .byte   0x0F, 0x10, 0x00, 0x1F, 0x00, 0x1F, 0x0F, 0x10, 0x0F, 0x10, 0x00, 0x00, 0x01, 0xF0, 0x1F, 0x00
    .byte   0x00, 0x00, 0x00,    0, 0x01, 0xF0, 0x00, 0x1F, 0x00, 0x00, 0x00, 0x00, 0x01, 0x0F, 0x01, 0xF0
    .byte   0x01, 0x0F, 0x00, 0x00, 0x0F, 0x10, 0x01, 0xF0, 0x01, 0xF0, 0xF1, 0xF1, 0x01, 0xF0, 0x00, 0x00
    .byte   0x00, 0x00, 0x1F, 0x00,    0, 0x00, 0x0F, 0x01, 0x00, 0x00, 0x10, 0xF0, 0xF1, 0x00, 0x00, 0x00
    .byte   0x01, 0xF0, 0x1F, 0x00, 0x00, 0xF1, 0x00, 0x01, 0xF0, 0x01, 0xF0, 0x00, 0x0F, 0x10, 0x01, 0xF0
    .byte   0x01, 0xF1, 0xF1, 0xF0, 0x01,    0, 0x0F, 0x10, 0xF0, 0x10, 0x00, 0xF1, 0xF1, 0x00, 0x10, 0x0F
    .byte   0x01, 0xF1, 0xF0, 0x00, 0x10, 0x0F, 0x00, 0x0F, 0x1F, 0x10, 0x00, 0x00, 0x0F, 0x01, 0x1F, 0x00
    .byte   0x01, 0xFF, 0x10, 0x0F, 0x1F, 0x11,    0, 0x00, 0x01, 0xF0, 0x10, 0xF0, 0x00, 0x0F, 0x01, 0xF1
    .byte   0x00, 0x1F, 0x00, 0x00, 0x00, 0x00, 0x00, 0x0F, 0x00, 0x10, 0x00, 0xF1, 0x00, 0x00, 0x00, 0x00
    .byte   0x1F, 0x00, 0x00, 0x1F, 0xF1, 0x10, 0xF0,    0, 0x00, 0xF1, 0xF1, 0xF0, 0x10, 0x01, 0xF0, 0xF1
    .byte   0x01, 0xF1, 0xF0, 0x00, 0x01, 0xF0, 0x00, 0x00, 0x00, 0x0F, 0x10, 0x1F, 0x1F, 0x10, 0xF1, 0xF0
    .byte   0xF1, 0x00, 0x00, 0x0F, 0x1F, 0x10, 0x00, 0x00,    0, 0x00, 0x0F, 0x11, 0xF0, 0x00, 0x00, 0x1F
    .byte   0x01, 0xF0, 0x00, 0x00, 0x00, 0x1F, 0x00, 0x00, 0x00, 0x00, 0x1F, 0x00, 0x01, 0xF0, 0x00, 0x0F
    .byte   0x10, 0x00, 0x00, 0x0F, 0x10, 0x01, 0xF0, 0x01, 0xF1,    0, 0x0F, 0x1F, 0x10, 0x00, 0x00, 0x00
    .byte   0x00, 0x00, 0x00, 0x10, 0xF0, 0x0F, 0x10, 0x00, 0x00, 0x00, 0x1F, 0x1F, 0x00, 0x00, 0x00, 0x00
    .byte   0x00, 0x0F, 0x10, 0x00, 0x00, 0x00, 0x00, 0x00, 0x00, 0x1F,   -1, 0x01, 0x0F, 0x11, 0x0F, 0x00
    .byte   0x00, 0x00, 0xF1, 0x0F, 0x10, 0x00, 0x00, 0x01, 0xF0, 0x00, 0x00, 0x0F, 0x10, 0x01, 0xF0, 0x00
    .byte   0x00, 0x00, 0x00, 0x01, 0xF0, 0x00, 0x00, 0x00, 0x0F, 0x10, 0x00,    0, 0x00, 0x00, 0x1F, 0x1F
    .byte   0x00, 0x00, 0xF1, 0x0F, 0x10, 0x00, 0xF0, 0x1F, 0x1F, 0x1F, 0x1F, 0x10, 0x00, 0x00, 0x00, 0x00
    .byte   0x00, 0x1F, 0x0F, 0x10, 0x00, 0x00, 0x00, 0x1F, 0x00, 0x00, 0x1F, 0x0F,    0, 0x00, 0xF1, 0x00
    .byte   0x00, 0x01, 0xF0, 0x00, 0xF0, 0x10, 0x1F, 0x00, 0xF0, 0x10, 0xF1, 0x00, 0x00, 0x0F, 0x10, 0x00
    .byte   0x00, 0x01, 0xF0, 0x0F, 0x10, 0x00, 0x00, 0xF0, 0x10, 0x00, 0x00, 0xF0, 0x10,    0, 0x00, 0x01
    .byte   0xF0, 0x00, 0xF1, 0x00, 0xF1, 0x00, 0x00, 0x00, 0x00, 0x00, 0x01, 0xF0, 0x00, 0x1F, 0x00, 0x00
    .byte   0x0F, 0x10, 0x00, 0x0F, 0x1F, 0x11, 0x0F, 0x00, 0x10, 0xF0, 0x00, 0xF1, 0x00, 0x1F,   -1, 0x01
    .byte   0x00, 0x00, 0x00, 0x00, 0x0F, 0x1F, 0x10, 0x00, 0x00, 0x00, 0x00, 0xF1, 0x01, 0xFF, 0x10, 0xF0
    .byte   0x10, 0x01, 0xF0, 0x1F, 0x1F, 0x01, 0xF0, 0x00, 0x0F, 0x1F, 0x10, 0x00, 0x00, 0x00, 0xF1,    0
    .byte   0x0F, 0x01, 0x00, 0x0F, 0x11, 0xFF, 0x1F, 0x01, 0x00, 0xF0, 0x1F, 0x0F, 0x00, 0x00, 0x00, 0x01
    .byte   0x13, 0x1C, 0x02, 0x22, 0x3D, 0xE3, 0x31, 0xEF, 0xED, 0xE2, 0xFD, 0xFF, 0xE1, 0x20, 0xE2, 0x20
    .byte     -3, 0x00, 0xF0, 0x21, 0xFF, 0xF0, 0x20, 0x02, 0x0E, 0x00, 0x10, 0x2E, 0xEF, 0xF0, 0x21, 0xFF
    .byte   0xE0, 0x12, 0x2F, 0xEE, 0x01, 0x22, 0xFE, 0x0E, 0x12, 0x20, 0xEE, 0xE2, 0x02, 0x2E, 0xEE, 0x21
    .byte   0x21,    2, 0x0E, 0xF0, 0x12, 0x1F, 0xEF, 0x00, 0x21, 0xFE, 0xF0, 0x02, 0x10, 0xFE, 0x02, 0x11
    .byte   0xFF, 0xF0, 0x11, 0x10, 0xE1, 0x11, 0x1F, 0xFF, 0xF0, 0x12, 0xFE, 0x01, 0x02, 0x0E, 0x01, 0xF1
    .byte   0x10, 0xFF,    1, 0x00, 0x01, 0xFF, 0x01, 0x01, 0x1E, 0xE2, 0x2E, 0x2F, 0xEF, 0x2F, 0x02, 0x0D
    .byte   0x22, 0xE0, 0x3E, 0xD2, 0x1E, 0x23, 0xDF, 0x0E, 0x03, 0x0E, 0xF0, 0xE1, 0x31, 0xD1, 0x1D, 0x24
    .byte   0xED, 0x3D, 0xD3,   16, 0x0C, 0xE4, 0xCC, 0x53, 0xB4, 0x3B, 0xE5, 0x1B, 0x44, 0xAE, 0x6E, 0xB5
    .byte   0x3A, 0x26, 0xBD, 0x6D, 0xA3, 0x5C, 0xE4, 0xEC, 0x14, 0x1C, 0x33, 0xCE, 0x5E, 0xC2, 0x3D, 0xD3
    .byte   0x4B, 0xD6, 0xDB, 0x53,  -24, 0x04, 0x6A, 0xD6, 0xDA, 0x54, 0xBE, 0x6C, 0xA6, 0x3B, 0xF6, 0xCA
    .byte   0x63, 0xA4, 0x6A, 0xB6, 0xEB, 0x55, 0xAB, 0x7C, 0xB7, 0x09, 0x44, 0xB3, 0x5D, 0xC3, 0xDD, 0x53
    .byte   0xB4, 0xDB, 0x6D, 0xE4, 0xC2,    0, 0x0B, 0x6F, 0xC4, 0xDC, 0x34, 0xC4, 0x2A, 0x45, 0xA5, 0x4A
    .byte   0x14, 0xC3, 0x4E, 0xB2, 0x5A, 0x55, 0x94, 0x4A, 0x6F, 0xC4, 0xDD, 0x3D, 0x32, 0xD4, 0xB1, 0x5B
    .byte   0xE7, 0x9F, 0x79, 0xE7, 0xCA, 0x7C,  -42, 0x07, 0x2A, 0x63, 0x94, 0x78, 0x47, 0x84, 0x79, 0xE7
    .byte   0x9D, 0x7A, 0xE7, 0x9E, 0x79, 0x27, 0x9D, 0x7B, 0xA7, 0x2A, 0x45, 0xA1, 0x6B, 0xD5, 0xEA, 0x62
    .byte   0xA5, 0x4A, 0x25, 0xCD, 0x51, 0xA5, 0x49,    8, 0x05, 0x85, 0x69, 0x17, 0xAE, 0x5B, 0xE6, 0xA3
    .byte   0x5A, 0x06, 0xA1, 0x6B, 0xD5, 0xEA, 0x7D, 0xA7, 0xBA, 0x72, 0x97, 0xEA, 0x54, 0xA4, 0x4B, 0x32
    .byte   0xED, 0x4F, 0xD3, 0xED, 0x31, 0x1D, 0x32, 0xC4,    2, 0x0D, 0x32, 0xC3, 0x4A, 0x53, 0xA6, 0xDB
    .byte   0x6C, 0xC5, 0xEC, 0x5C, 0xF4, 0xC1, 0x3D, 0xE4, 0xDF, 0x2E, 0xD4, 0xD2, 0x2D, 0x22, 0xD2, 0x3C
    .byte   0x4C, 0x4C, 0x4F, 0xB6, 0xCC, 0x6B, 0xD6, 0xA3, 0x4C,   -7, 0x04, 0xDD, 0x42, 0xB5, 0xEB, 0x51
    .byte   0xB5, 0x3A, 0x5D, 0xE2, 0x4C, 0xE5, 0xA4, 0x4B, 0x42, 0xB4, 0x2E, 0x03, 0xDD, 0x4D, 0xE4, 0xC3
    .byte   0xFD, 0x4E, 0xC5, 0xBE, 0x69, 0x7C, 0xB7, 0x95, 0x2A, 0x7B,  -14, 0x06, 0xA4, 0x4A, 0x53, 0x97
    .byte   0xCC, 0x6A, 0x43, 0xC4, 0x1B, 0x6A, 0x51, 0xA7, 0xAF, 0x6A, 0x43, 0xB5, 0xEB, 0x50, 0xB5, 0xEC
    .byte   0x5B, 0x4E, 0xE3, 0xEE, 0x3C, 0x4F, 0xC5, 0xB3, 0x3C, 0x33, 0xC4,   -7, 0x01, 0x4C, 0x30, 0x1D
    .byte   0x3D, 0x04, 0xB5, 0xEB, 0x6B, 0x24, 0xB3, 0x3C, 0x41, 0xC4, 0xD2, 0xE0, 0x2E, 0x11, 0xE3, 0xD2
    .byte   0x3B, 0x5D, 0xE3, 0xD1, 0x3C, 0x4F, 0xC5, 0xC0, 0x3C, 0x4F, 0xC4, 0xED,    8, 0x0D, 0x2F, 0x0E
    .byte   0x20, 0xD4, 0xC3, 0x1D, 0x3E, 0xE3, 0xFD, 0x3F, 0xE2, 0x0F, 0xD4, 0xC3, 0x2D, 0x3E, 0xE2, 0xFE
    .byte   0x3D, 0x03, 0xD2, 0x1E, 0x20, 0xE0, 0x3C, 0x4D, 0x13, 0xC4, 0xD0, 0x2E, 0x01,    6, 0x0C, 0x4F
    .byte   0xC5, 0xB4, 0xEE, 0x2F, 0x0F, 0x2D, 0x3E, 0x12, 0xD3, 0xEE, 0x2F, 0xF3, 0xC4, 0xDE, 0x4B, 0x5D
    .byte   0xD5, 0xB3, 0x2D, 0x13, 0xC4, 0xFD, 0x4B, 0x5C, 0x04, 0xB4, 0xEE, 0x3D, 0x3E, 0xF3,  -12, 0x05
    .byte   0xC2, 0x0F, 0x1E, 0x3C, 0x4D, 0xF4, 0xB4, 0xEE, 0x3D, 0x13, 0xD2, 0x2D, 0x4C, 0x3F, 0xD3, 0x0E
    .byte   0x2F, 0xE2, 0xE1, 0x02, 0xD3, 0xE0, 0x2E, 0xE3, 0xE0, 0x2D, 0x22, 0xEF, 0x3C, 0x4E, 0xD4,   -3
    .byte   0x01, 0x2F, 0xE3, 0xDF, 0x3D, 0x13, 0xC4, 0xD1, 0x3C, 0x4C, 0x4D, 0xF3, 0xC4, 0xED, 0x4D, 0xD5
    .byte   0xB4, 0x1C, 0x4C, 0x32, 0xD3, 0xD2, 0x3B, 0x5C, 0x30, 0xD4, 0xC3, 0xFE, 0x3D, 0x13, 0xC4, 0xED
    .byte      9, 0x0C, 0x3F, 0xE2, 0xF0, 0x1F, 0xE2, 0x1F, 0xE4, 0xB4, 0xED, 0x4C, 0x4D, 0x2E, 0x20, 0x1F
    .byte   0xF0, 0xF2, 0xE2, 0xFE, 0xF3, 0xC4, 0xD2, 0x1E, 0x2D, 0x4C, 0x31, 0xC5, 0xC1, 0x4B, 0x34, 0xB5
    .byte   0xC0,    6, 0x0D, 0x12, 0xE1, 0x2D, 0x4C, 0x3E, 0xE4, 0xC3, 0x0C, 0x5B, 0x4E, 0xE3, 0xC4, 0xD2
    .byte   0x1F, 0xF3, 0xC4, 0xDD, 0x4C, 0x31, 0xE3, 0xD2, 0x2C, 0x5B, 0x40, 0xC5, 0xC1, 0x2E, 0x12, 0xD3
    .byte   0xD3, 0xE1,    3, 0x0D, 0x4C, 0x3F, 0xE2, 0xFE, 0x20, 0xE3, 0xD2, 0xFF, 0x10, 0x1E, 0x2E, 0x10
    .byte   0xF3, 0xD2, 0x2C, 0x4E, 0xF2, 0xD3, 0xD3, 0xD2, 0x2D, 0x3E, 0x00, 0x2E, 0x10, 0xE3, 0xD3, 0xEF
    .byte   0xE2, 0x1F, 0x02,   -4, 0x02, 0x1D, 0x4C, 0x4D, 0xF2, 0xD4, 0xC3, 0xFD, 0x4D, 0x12, 0xD3, 0xEE
    .byte   0x13, 0xC4, 0xD1, 0x3C, 0x4E, 0xD3, 0xEE, 0x3E, 0x02, 0xD3, 0xEE, 0x3C, 0x4E, 0xE3, 0xD2, 0xE3
    .byte   0xD2, 0xFE, 0x3D, 0x21,   -3, 0x03, 0xC4, 0xDF, 0x3D, 0x2D, 0x4C, 0x4E, 0xD4, 0xC3, 0xD2, 0x2D
    .byte   0x4C, 0x31, 0xD4, 0xC3, 0x2C, 0x4C, 0x4D, 0x2F, 0xE2, 0xE3, 0xD2, 0x0E, 0x2F, 0xE3, 0xD2, 0x2D
    .byte   0x3E, 0xF2, 0xE1, 0xE3, 0xD2,    6, 0x0C, 0x4D, 0x2F, 0x1F, 0x0F, 0xF2, 0xE2, 0xFE, 0x3D, 0x21
    .byte   0xD4, 0xC3, 0x0E, 0x2F, 0xE3, 0xD2, 0x1E, 0x2F, 0xE3, 0xD1, 0x2E, 0x2E, 0x2E, 0x2E, 0x12, 0xD3
    .byte   0xEE, 0x3E, 0xF2, 0xE2, 0xE2, 0xE1,    1, 0x0E, 0x2F, 0xF2, 0xE0, 0x2E, 0x12, 0xD3, 0xEE, 0x3D
    .byte   0x3E, 0xD4, 0xC4, 0xD2, 0xE0, 0x3C, 0x4D, 0xF2, 0xE1, 0x2D, 0x3E, 0x12, 0xD2, 0x2D, 0x4C, 0x22
    .byte   0xE2, 0xE2, 0xE2, 0xE1, 0x1F, 0x2E, 0x11,   -2, 0x01, 0x1E, 0x21, 0xD4, 0xC3, 0x1E, 0x3C, 0x4D
    .byte   0x12, 0xD3, 0xFE, 0x2E, 0x02, 0x0D, 0x4C, 0x3F, 0xE3, 0xD3, 0xD3, 0xD2, 0xE2, 0xFF, 0x2D, 0x3F
    .byte   0xE2, 0x0E, 0x21, 0xD4, 0xB4, 0xFD, 0x5B, 0x4E,  -10, 0x04, 0xD1, 0x20, 0xD4, 0xC2, 0x3D, 0x4B
    .byte   0x5B, 0x34, 0xB4, 0x1C, 0x4D, 0x22, 0xD4, 0xB5, 0xB4, 0xE1, 0x1E, 0x3D, 0x21, 0xD4, 0xDE, 0x4B
    .byte   0x6A, 0x42, 0xC4, 0xED, 0x3E, 0xF3, 0xD3, 0xED, 0x4C,    2, 0x03, 0xB5, 0xB5, 0xC0, 0x4B, 0x5C
    .byte   0x14, 0xB5, 0xC2, 0x3B, 0x6A, 0x5E, 0xD3, 0xC4, 0xEE, 0x3D, 0x22, 0xC5, 0xB4, 0x2B, 0x5C, 0x23
    .byte   0xC4, 0xDE, 0x5A, 0x6B, 0x24, 0xA6, 0xB4, 0xFE, 0x3C, 0x4D,   -5, 0x03, 0xE0, 0xF2, 0xE2, 0xE2
    .byte   0xEF, 0x2D, 0x4C, 0x4C, 0x4D, 0xE3, 0xD2, 0x2D, 0x22, 0xD3, 0xD3, 0xD4, 0xC3, 0xFD, 0x4B, 0x5C
    .byte   0x3F, 0xD4, 0xC3, 0x3B, 0x5C, 0x13, 0xD3, 0xD3, 0xEF, 0xF3, 0xC4,   -5, 0x02, 0xF2, 0x1E, 0x2E
    .byte   0x2D, 0x4B, 0x5C, 0x22, 0xD4, 0xC4, 0xDF, 0x3C, 0x33, 0xB6, 0xA4, 0x3B, 0x5C, 0x31, 0xC5, 0xC1
    .byte   0x3C, 0x4C, 0x4D, 0x13, 0xC4, 0xC4, 0xC3, 0x2C, 0x4D, 0x13, 0xC4, 0xED,    9, 0x0C, 0x31, 0xC5
    .byte   0xC2, 0x3C, 0x31, 0xD4, 0xC3, 0x1C, 0x5B, 0x5D, 0xC5, 0xB4, 0xED, 0x4C, 0x4E, 0xD4, 0xC3, 0x0D
    .byte   0x4B, 0x5C, 0x23, 0xC4, 0xD0, 0x2E, 0xF3, 0xC4, 0xC4, 0xD1, 0x3C, 0x4D, 0x2E,    0, 0x01, 0xE2
    .byte   0xFD, 0x4D, 0xE4, 0xC2, 0x3C, 0x4E, 0xD4, 0xB5, 0xDD, 0x4C, 0x32, 0xC4, 0xD2, 0x0F, 0x01, 0x1E
    .byte   0x3D, 0x21, 0xE2, 0xE2, 0xE1, 0x3C, 0x4D, 0x0F, 0xF3, 0xC4, 0xC3, 0x3C, 0x5B, 0x32,  -14, 0x05
    .byte   0xB4, 0x2C, 0x4D, 0x04, 0xB4, 0xFC, 0x5C, 0x13, 0xD1, 0x3C, 0x4D, 0xF4, 0xB4, 0xED, 0x4C, 0x32
    .byte   0xD4, 0xC2, 0x3C, 0x4C, 0x33, 0xB5, 0xC0, 0x4C, 0x32, 0xC4, 0xDE, 0x4B, 0x43, 0xB5, 0xCE,   20
    .byte   0x0A, 0x5E, 0xB6, 0xB3, 0x3B, 0x5D, 0xD5, 0xB3, 0x3B, 0x5D, 0xD5, 0xB4, 0xDD, 0x5B, 0x4E, 0xE2
    .byte   0xE2, 0xF0, 0x1E, 0x2F, 0x11, 0xE2, 0xD3, 0xFE, 0x3D, 0x13, 0xC4, 0xED, 0x4C, 0x23, 0xC4, 0xED
    .byte     11, 0x0B, 0x4F, 0xE3, 0xD2, 0xF2, 0xD3, 0xFD, 0x4D, 0xD4, 0xC3, 0x3B, 0x5C, 0xE5, 0xA5, 0x3A
    .byte   0x6B, 0x25, 0xA5, 0xED, 0x4C, 0x31, 0xE0, 0x3C, 0x32, 0xC5, 0xCE, 0x4B, 0x5E, 0xB7, 0x95, 0xEB
    .byte   0x7A,    1, 0x05, 0x96, 0xCD, 0x6A, 0x34, 0xA5, 0x1C, 0x6A, 0x33, 0xC4, 0x1C, 0x4D, 0xD5, 0xB4
    .byte   0x4A, 0x5F, 0xB6, 0xBE, 0x69, 0x53, 0xA7, 0xAF, 0x69, 0x6F, 0xB6, 0xBD, 0x5B, 0x43, 0xB5, 0xC2
    .byte   0x3C, 0x4D,  -13, 0x05, 0xCD, 0x5C, 0x13, 0xDE, 0x30, 0xE3, 0xDF, 0x2E, 0x21, 0x1D, 0x3D, 0x24
    .byte   0xB4, 0xFC, 0x5C, 0xE5, 0xB2, 0x4B, 0x34, 0xB4, 0x2B, 0x5D, 0xD4, 0xED, 0x30, 0xD3, 0x2C, 0x4F
    .byte   0xC4, 0xEE, 0x3E,   -5, 0x03, 0xFD, 0x30, 0xD3, 0x1D, 0x30, 0xD2, 0x2E, 0x13, 0xC2, 0x2D, 0x32
    .byte   0xD2, 0x2D, 0x13, 0xD2, 0x2C, 0x41, 0xC4, 0xFD, 0x3F, 0xD3, 0xFD, 0x4D, 0xE2, 0xFE, 0x3E, 0x10
    .byte   0xE2, 0xE2, 0xF2, 0xEE,    6, 0x0C, 0x33, 0xC4, 0xFB, 0x5E, 0xC5, 0xDD, 0x4C, 0x04, 0xC2, 0x3C
    .byte   0x33, 0xC3, 0x2D, 0x2F, 0x01, 0xE3, 0xD0, 0x3D, 0xF3, 0xD2, 0x3C, 0x32, 0xC3, 0x2D, 0x3F, 0xD3
    .byte   0xE2, 0xFF, 0x2D, 0x13, 0xD1,   11, 0x0C, 0xF4, 0xC1, 0x4C, 0x14, 0xB3, 0x3C, 0x42, 0xC3, 0x1D
    .byte   0x30, 0xE0, 0x0F, 0xF2, 0x2E, 0x00, 0xE2, 0x00, 0x0F, 0xFF, 0x1F, 0x21, 0xE0, 0xFF, 0x20, 0x01
    .byte   0xE0, 0x1F, 0x20, 0xF1, 0xE1, 0x01,    2, 0x0E, 0x2F, 0xE2, 0xFF, 0x2F, 0xE2, 0x0E, 0x20, 0xE2
    .byte   0x0E, 0x10, 0xF0, 0x2F, 0xE2, 0xE2, 0x1E, 0x2E, 0x10, 0x01, 0xF1, 0x1E, 0x21, 0xE2, 0x0E, 0x2F
    .byte   0xE2, 0xF0, 0x11, 0xE2, 0xE0, 0x20, 0xE2,    0, 0x0E, 0x21, 0xE2, 0x2E, 0xE2, 0xEF, 0x3E, 0xE2
    .byte   0x1D, 0x32, 0xD2, 0x2D, 0x22, 0xE0, 0x1F, 0xF1, 0x00, 0x10, 0x0E, 0x02, 0x0F, 0x00, 0xE2, 0x00
    .byte   0x01, 0x1E, 0x12, 0xE1, 0x2E, 0xE2, 0xF0, 0x20,   -3, 0x01, 0x10, 0x11, 0x0F, 0x00, 0xE2, 0x10
    .byte   0x01, 0xEF, 0x2F, 0x02, 0xEF, 0xF1, 0x11, 0x10, 0xE0, 0x00, 0x20, 0xFF, 0x0F, 0x01, 0x10, 0x00
    .byte   0xE0, 0x12, 0xFF, 0x1F, 0xE2, 0x10, 0x10, 0xEF, 0x11,    0, 0x01, 0x00, 0xFF, 0x11, 0x01, 0x0E
    .byte   0x10, 0x01, 0x1F, 0xF1, 0x00, 0x10, 0xE2, 0x0F, 0x01, 0xF0, 0x10, 0xF0, 0x0F, 0x01, 0x1F, 0x00
    .byte   0xF0, 0x01, 0x00, 0x10, 0x00, 0xF1, 0xF0, 0xF1, 0xF0, 0x11,    1, 0x0F, 0xF1, 0x00, 0x10, 0xF0
    .byte   0xF0, 0x10, 0x10, 0x0F, 0xF1, 0x11, 0xFF, 0xF0, 0x01, 0x01, 0xF0, 0xF0, 0x10, 0x01, 0x0F, 0xF0
    .byte   0x11, 0x1F, 0xF0, 0xF0, 0x11, 0x1F, 0xF0, 0x01, 0x1F, 0x0F, 0x0F,   -1, 0x01, 0x0F, 0x00, 0x11
    .byte   0x00, 0x00, 0xFF, 0x01, 0x1F, 0x00, 0x00, 0x00, 0x00, 0x00, 0x00, 0x0F, 0x01, 0x00, 0x1F, 0x01
    .byte   0xF0, 0x0F, 0x01, 0xF0, 0x01, 0x00, 0xF0, 0x00, 0x10, 0x1F, 0xF1, 0xF1,    0, 0x00, 0x0F, 0x00
    .byte   0x10, 0x10, 0x0F, 0x0F, 0x00, 0x01, 0x00, 0x00, 0x1F, 0x01, 0xFF, 0x1F, 0x01, 0xF0, 0x11, 0xF0
    .byte   0x1F, 0xF0, 0x10, 0x00, 0x00, 0x00, 0x1F, 0x00, 0x1F, 0x00, 0x00, 0x00, 0x00,   -1, 0x01, 0x00
    .byte   0x10, 0xFF, 0x10, 0xF0, 0x10, 0x1F, 0xF1, 0x00, 0x00, 0x1F, 0x1F, 0x01, 0xF1, 0xF1, 0xF0, 0x00
    .byte   0x00, 0xF0, 0x10, 0x01, 0xF0, 0x00, 0x00, 0x0F, 0x01, 0xF1, 0x1F, 0x00, 0x1F, 0x00,    0, 0x0F
    .byte   0x10, 0x00, 0x00, 0x0F, 0x11, 0xF0, 0x00, 0x00, 0x00, 0x00, 0x00, 0x00, 0x00, 0x1F, 0x00, 0x0F
    .byte   0x10, 0x00, 0x01, 0xFF, 0x10, 0x00, 0x00, 0x1F, 0x0F, 0x10, 0x00, 0xF1, 0x00, 0x00, 0x01,    1
    .byte   0x0F, 0x1F, 0x00, 0x1F, 0x00, 0x00, 0x00, 0xF1, 0xF1, 0x00, 0x00, 0x1F, 0x1F, 0x00, 0x01, 0xFF
    .byte   0x10, 0x1F, 0x00, 0x00, 0x00, 0x00, 0x01, 0x0F, 0x0F, 0x1F, 0x10, 0x00, 0xF1, 0xF0, 0x11, 0x0F
    .byte      0, 0x00, 0x1F, 0x01, 0x0F, 0x00, 0x00, 0x10, 0xFF, 0x10, 0x00, 0xF0, 0x10, 0xF0, 0x1F, 0x10
    .byte   0x00, 0x00, 0x0F, 0x10, 0xF1, 0x00, 0x0F, 0x10, 0x00, 0x00, 0x00, 0x00, 0x1F, 0x01, 0xF0, 0x00
    .byte   0x0F,    0, 0x00, 0xF1, 0x1F, 0x00, 0x00, 0x1F, 0x00, 0x1F, 0x1F, 0x00, 0x00, 0x00, 0x0F, 0x10
    .byte   0x1F, 0x0F, 0x10, 0x1F, 0x00, 0x0F, 0x10, 0x1F, 0x00, 0x01, 0xF0, 0x1F, 0x00, 0xF1, 0x00, 0x00
    .byte   0x00, 0x01,    0, 0x00, 0x0F, 0x10, 0x00, 0xF1, 0x00, 0x00, 0x00, 0xF1, 0x00, 0x00, 0x00, 0x0F
    .byte   0x01, 0x00, 0x00, 0xF1, 0x01, 0xF1, 0xF0, 0x1F, 0x1F, 0x01, 0xF0, 0x00, 0x00, 0xF1, 0xF1, 0x00
    .byte   0x0F, 0x10, 0x00,    1, 0x0F, 0x00, 0x00, 0x01, 0xF0, 0x00, 0xF1, 0x00, 0x1F, 0x00, 0xF1, 0x00
    .byte   0x00, 0x1F, 0xF1, 0x0F, 0x1F, 0x10, 0x00, 0x00, 0x0F, 0x01, 0x00, 0x0F, 0x11, 0xFF, 0x10, 0x1F
    .byte   0x00, 0x00, 0x01, 0xF0,   -1, 0x01, 0xF1, 0x00, 0x00, 0x00, 0x1F, 0x1F, 0xF1, 0x00, 0x00, 0x01
    .byte   0xF0, 0x1F, 0x1F, 0x00, 0x1F, 0xF1, 0x00, 0x00, 0x00, 0x1F, 0xF1, 0x00, 0x00, 0x1F, 0xF1, 0x1F
    .byte   0x00, 0x10, 0xF1, 0xF1, 0xFF,    0, 0x00, 0x00, 0x00, 0x00, 0x01, 0xF1, 0xF0, 0x00, 0x0F, 0x10
    .byte   0x00, 0x00, 0x00, 0x00, 0x00, 0x00, 0xF1, 0x00, 0x00, 0x00, 0xF1, 0x00, 0x00, 0x0F, 0x10, 0x00
    .byte   0x00, 0xF1, 0x00, 0x00, 0x00, 0x00,    0, 0x0F, 0x10, 0x00, 0x00, 0x01, 0xF0, 0x1F, 0x00, 0x0F
    .byte   0x10, 0xF1, 0xF0, 0x10, 0x1F, 0x00, 0x00, 0x00, 0x00, 0xF0, 0x10, 0x00, 0x00, 0x1F, 0x0F, 0x1F
    .byte   0x10, 0x0F, 0x10, 0x00, 0x1F, 0x10, 0xF0,    0, 0x0F, 0x10, 0x01, 0x0F, 0x00, 0x00, 0x0F, 0x10
    .byte   0xF0, 0x10, 0xF1, 0x00, 0xF1, 0x00, 0x00, 0x01, 0xF0, 0x01, 0x0F, 0x0F, 0x10, 0x00, 0x00, 0xF0
    .byte   0x10, 0xF1, 0xF1, 0x00, 0x00, 0x10, 0xF0, 0x00,    0, 0x00, 0x00, 0x00, 0x00, 0x00, 0x00, 0x00
    .byte   0x01, 0x0F, 0x00, 0x00, 0x01, 0xF0, 0x0F, 0x10, 0x00, 0x01, 0xF0, 0x01, 0xF0, 0x00, 0x1F, 0xF1
    .byte   0xF1, 0x01, 0x0F, 0x1F, 0x01, 0x0F, 0x1F, 0x01, 0xFF,    0, 0x00, 0x00, 0x00, 0x00, 0x0F, 0x1F
    .byte   0x1F, 0x01, 0x00, 0x01, 0x0F, 0x00, 0x01, 0xF0, 0x00, 0x00, 0x01, 0xFF, 0x10, 0x00, 0x0F, 0x10
    .byte   0x00, 0x00, 0x0F, 0x10, 0x00, 0x01, 0xF0, 0x0F, 0x1F, 0x1F,    0, 0x00, 0x00, 0x00, 0x00, 0x0F
    .byte   0x10, 0xF1, 0x00, 0x00, 0x00, 0x00, 0xF1, 0xF1, 0x00, 0xF1, 0x00, 0x00, 0xF1, 0x0F, 0x10, 0x1F
    .byte   0x00, 0xF0, 0x10, 0x00, 0x00, 0x00, 0x00, 0x1F, 0x01, 0x0F, 0x01,    0, 0x01, 0xF1, 0x00, 0x0F
    .byte   0x00, 0x00, 0x1F, 0x0F, 0x10, 0x01, 0xF0, 0x01, 0xF0, 0x00, 0x01, 0xFF, 0x1F, 0x10, 0x00, 0x00
    .byte   0x00, 0x00, 0x00, 0x00, 0x1F, 0x00, 0x1F, 0x00, 0x10, 0xF0, 0x00, 0x00,    0, 0x0F, 0x10, 0x00
    .byte   0x01, 0x0F, 0x00, 0x01, 0x0F, 0x00, 0x0F, 0x10, 0x01, 0xF0, 0x00, 0x00, 0x1F, 0x01, 0xF0, 0x00
    .byte   0x00, 0x0F, 0x10, 0x00, 0x00, 0x10, 0xF1, 0x0F, 0x00, 0x00, 0x10, 0xF0, 0x1F,    0, 0x01, 0xF0
    .byte   0x00, 0x00, 0x1F, 0x00, 0x00, 0x00, 0x00, 0x0F, 0x10, 0x00, 0x00, 0x0F, 0x10, 0x00, 0x1F, 0x0F
    .byte   0x11, 0x0F, 0x00, 0xF1, 0x00, 0xF1, 0x00, 0x00, 0x00, 0x00, 0x00, 0x00, 0x00, 0x00,   -1, 0x01
    .byte   0x0F, 0x10, 0x10, 0xFF, 0x10, 0x0F, 0x10, 0x1F, 0x01, 0x0F, 0x1F, 0x01, 0xF0, 0x00, 0x01, 0xF0
    .byte   0x0F, 0x10, 0x1F, 0x0F, 0x1F, 0x10, 0x00, 0x00, 0xF1, 0x00, 0x00, 0xF1, 0x01, 0xFF, 0x10,    0
    .byte   0x00, 0x01, 0xF0, 0x00, 0x00, 0x1F, 0x1F, 0x00, 0x00, 0x00, 0x0F, 0x11, 0xF0, 0x00, 0x00, 0x00
    .byte   0x00, 0x1F, 0x01, 0xF0, 0x00, 0x00, 0xF1, 0x00, 0xF1, 0x10, 0xF0, 0x00, 0x00, 0x10, 0xF0, 0x00
    .byte      1, 0x0F, 0x00, 0xF1, 0x00, 0x00, 0x00, 0x00, 0x00, 0x00, 0x00, 0x00, 0x00, 0x01, 0xF1, 0xF1
    .byte   0xF0, 0x00, 0x1F, 0x00, 0xF1, 0x1F, 0xF1, 0x00, 0xF1, 0x00, 0x1F, 0x00, 0x00, 0x00, 0x00, 0x00
    .byte   0x00,    0, 0x00, 0xF1, 0x10, 0xF0, 0x00, 0x00, 0x1F, 0x00, 0xF0, 0x10, 0x00, 0x00, 0x00, 0x00
    .byte   0x00, 0x00, 0x00, 0x01, 0xFF, 0x10, 0x10, 0xF1, 0x0F, 0x00, 0x00, 0x00, 0x01, 0xF0, 0x00, 0x00
    .byte   0x00, 0x00,    1, 0x0F, 0x00, 0xF1, 0x1F, 0x01, 0xF0, 0x00, 0x00, 0x00, 0x1F, 0x00, 0x01, 0xF0
    .byte   0x1F, 0x00, 0xF0, 0x10, 0x00, 0x00, 0x00, 0x00, 0x01, 0xF0, 0x00, 0x00, 0x00, 0x00, 0x00, 0x1F
    .byte   0xF1, 0x00, 0x01,    0, 0x00, 0x0F, 0x11, 0xF0, 0x00, 0x00, 0x1F, 0x00, 0x00, 0x1F, 0x01, 0xF1
    .byte   0xF0, 0x00, 0x00, 0xF1, 0x0F, 0x11, 0xF0, 0x00, 0x00, 0xF1, 0xF1, 0x00, 0xF1, 0x01, 0xF0, 0x00
    .byte   0x10, 0xF0, 0x00, 0x00,    0, 0x00, 0x00, 0x01, 0xFF, 0x10, 0x00, 0x0F, 0x10, 0x01, 0xF0, 0x00
    .byte   0x00, 0x00, 0x00, 0x00, 0x0F, 0x10, 0x00, 0x00, 0x1F, 0x0F, 0x10, 0x0F, 0x10, 0x00, 0x10, 0xF0
    .byte   0x00, 0x00, 0x00, 0x1F, 0x00,    0, 0x00, 0x00, 0x0F, 0x10, 0x00, 0x01, 0xF0, 0x00, 0x00, 0x00
    .byte   0x00, 0x00, 0x00, 0x00, 0x1F, 0xF1, 0x00, 0x1F, 0x00, 0x0F, 0x10, 0xF0, 0x11, 0xF0, 0x0F, 0x11
    .byte   0xF0, 0x00, 0x00, 0x00, 0x00, 0x0F,    0, 0x0F, 0x10, 0xF1, 0x00, 0x00, 0x00, 0x1F, 0x00, 0x00
    .byte   0x1F, 0x00, 0x01, 0xFF, 0x01, 0x00, 0xF1, 0x01, 0xF0, 0x0F, 0x1F, 0x10, 0x00, 0xF1, 0x01, 0xF0
    .byte   0x1F, 0xF1, 0x00, 0xF1, 0x10, 0xF0, 0x00,    0, 0x00, 0xF1, 0x00, 0x00, 0x00, 0x00, 0x00, 0xF1
    .byte   0x00, 0x1F, 0x00, 0x10, 0xF0, 0x0F, 0x11, 0xF0, 0x01, 0xF1, 0xF0, 0x1F, 0x00, 0xF1, 0x00, 0xF1
    .byte   0xF1, 0x00, 0xF1, 0xF1, 0x00, 0x00, 0xF1, 0x00,    0, 0x00, 0x1F, 0x00, 0x00, 0x00, 0x01, 0xF0
    .byte   0x00, 0x00, 0x00, 0x0F, 0x10, 0x00, 0x00, 0x0F, 0x10, 0x1F, 0x00, 0x00, 0x1F, 0x00, 0x00, 0x00
    .byte   0x00, 0x00, 0x1F, 0x00, 0xF0, 0x10, 0x00, 0x1F, 0x1F,    0, 0x00, 0xF1, 0x00, 0xF0, 0x10, 0x00
    .byte   0x0F, 0x01, 0x00, 0xF1, 0x00, 0x0F, 0x10, 0x00, 0x00, 0x1F, 0x01, 0xF0, 0x00, 0x0F, 0x10, 0x01
    .byte   0xF0, 0xF0, 0x10, 0x00, 0x01, 0xF1, 0xF0, 0x00, 0x00, 0x00,    0, 0x00, 0x00, 0x00, 0x00, 0xF1
    .byte   0x00, 0x00, 0x0F, 0x10, 0x00, 0xF1, 0x0F, 0x1F, 0x10, 0x00, 0x00, 0x10, 0xF0, 0x00, 0x00, 0x00
    .byte   0x01, 0xF0, 0x1F, 0x0F, 0x11, 0xF0, 0x00, 0x00, 0x00, 0x1F, 0x00,    0, 0x01, 0x0F, 0xF1, 0x00
    .byte   0x01, 0x0F, 0x00, 0x00, 0x1F, 0x00, 0x00, 0x00, 0x01, 0xF0, 0x00, 0x00, 0x0F, 0x10, 0x1F, 0x01
    .byte   0xF1, 0xF0, 0x01, 0x0F, 0x00, 0x00, 0x00, 0x10, 0xF0, 0x00, 0x01, 0xF0,    0, 0x0F, 0x01, 0x00
    .byte   0x00, 0x0F, 0x1F, 0x10, 0x1F, 0xF1, 0x00, 0x00, 0x00, 0x00, 0xF1, 0x00, 0x00, 0x00, 0x0F, 0x01
    .byte   0x0F, 0x10, 0x0F, 0x10, 0x01, 0xFF, 0x1F, 0x10, 0x00, 0x01, 0xF0, 0x00, 0x00,    0, 0x00, 0x0F
    .byte   0x1F, 0x11, 0xF0, 0x00, 0x01, 0xF0, 0x00, 0x00, 0x0F, 0x1F, 0x1F, 0x01, 0x00, 0x1F, 0x00, 0x00
    .byte   0x00, 0x01, 0xF0, 0x00, 0x1F, 0x00, 0x00, 0xF1, 0x01, 0x0F, 0x00, 0x00, 0x1F, 0x00,    0, 0x00
    .byte   0x00, 0x00, 0x01, 0xF0, 0xF0, 0x10, 0x00, 0x00, 0xF1, 0x0F, 0x10, 0x00, 0x01, 0x00, 0xF0, 0x01
    .byte   0xF0, 0x00, 0x1F, 0x00, 0x00, 0x00, 0x0F, 0x10, 0x00, 0x00, 0x0F, 0x10, 0x00, 0x00, 0x1F,    0
    .byte   0x00, 0x0F, 0x10, 0x0F, 0x10, 0x0F, 0x11, 0xF0, 0x00, 0x00, 0x00, 0x00, 0x00, 0x1F, 0x00, 0x10
    .byte   0xF0, 0x00, 0x00, 0x0F, 0x10, 0x00, 0x01, 0xFF, 0x10, 0x0F, 0x10, 0x00, 0x00, 0x00, 0xF1, 0x1F
    .byte      0, 0x00, 0xF1, 0x00, 0x00, 0xF1, 0x00, 0xF1, 0x00, 0x00, 0xF1, 0x00, 0x0F, 0x10, 0x0F, 0x01
    .byte   0x0F, 0x10, 0x00, 0x1F, 0xF0, 0x10, 0x1F, 0x0F, 0x01, 0x01, 0x0F, 0x01, 0xF1, 0xF1, 0xF0, 0x00
    .byte   0x01,    1, 0x0F, 0x00, 0x00, 0x00, 0x00, 0x00, 0xF1, 0xF1, 0x00, 0x00, 0x00, 0xF1, 0x1F, 0x00
    .byte   0x00, 0x00, 0x00, 0x00, 0x00, 0x00, 0x01, 0x0F, 0x1F, 0x00, 0x0F, 0x10, 0x00, 0x00, 0x00, 0x1F
    .byte   0x00, 0x00,    0, 0x0F, 0x10, 0x00, 0x00, 0x00, 0x01, 0xF0, 0x00, 0x00, 0x0F, 0x10, 0x1F, 0x00
    .byte   0x00, 0x00, 0x00, 0x00, 0x00, 0x1F, 0x00, 0x00, 0x1F, 0x00, 0x01, 0x0F, 0x1F, 0x00, 0x01, 0xF0
    .byte   0x00, 0x00, 0x1F,    0, 0x00, 0x00, 0x1F, 0x00, 0x0F, 0x10, 0x00, 0x00, 0x00, 0x1F, 0x1F, 0x0F
    .byte   0x10, 0x00, 0x0F, 0x10, 0x0F, 0x10, 0x00, 0x00, 0x1F, 0x1F, 0x00, 0x00, 0x00, 0x1F, 0x10, 0xF0
    .byte   0x00, 0x01, 0xFF, 0x1F,    0, 0x01, 0x0F, 0x01, 0xF0, 0xF1, 0x0F, 0x11, 0xF1, 0xF0, 0x00, 0xF0
    .byte   0x10, 0x00, 0x00, 0x1F, 0x00, 0x1F, 0x00, 0x00, 0x00, 0x00, 0x00, 0x00, 0x1F, 0x1F, 0x00, 0x0F
    .byte   0x10, 0x1F, 0x0F, 0x10, 0x00,    0, 0x00, 0xF1, 0x01, 0xF1, 0xF0, 0x00, 0x00, 0x01, 0xF0, 0x00
    .byte   0x1F, 0x0F, 0x10, 0x00, 0x00, 0xF1, 0xF1, 0x00, 0x00, 0x00, 0x1F, 0xF1, 0x1F, 0x00, 0x00, 0x1F
    .byte   0x00, 0x01, 0xF0, 0x00, 0x01, 0xF0,    0, 0x00, 0x0F, 0x10, 0x1F, 0x01, 0xF0, 0x00, 0x00, 0x1F
    .byte   0x01, 0xF0, 0x01, 0xFF, 0x00, 0x10, 0x00, 0x0F, 0x01, 0x00, 0x00, 0x00, 0x1F, 0x00, 0x0F, 0x10
    .byte   0x0F, 0x1F, 0x10, 0x01, 0xF0, 0x00, 0x00,    0, 0x00, 0x00, 0x00, 0x00, 0x00, 0x00, 0x00, 0x00
    .byte   0x00, 0x0F, 0x10, 0x00, 0x01, 0xF0, 0x00, 0x00, 0x1F, 0x00, 0x00, 0x00, 0x00, 0x01, 0xF0, 0x00
    .byte   0x00, 0x00, 0x01, 0xF0, 0x01, 0xF0, 0x00, 0x00,    0, 0x0F, 0x10, 0x00, 0x00, 0x01, 0xF0, 0x00
    .byte   0x00, 0x00, 0x00, 0x00, 0xF0, 0x10, 0x01, 0xF1, 0xF0, 0xF1, 0x00, 0x00, 0x0F, 0x10, 0x00, 0x1F
    .byte   0x0F, 0x11, 0x00, 0xF0, 0xF1, 0xF1, 0x00, 0x00, 0x00,    1, 0x0F, 0x00, 0x00, 0xF1, 0x01, 0xF0
    .byte   0xF1, 0x00, 0x00, 0x00, 0x00, 0x00, 0x00, 0x0F, 0x10, 0x00, 0x01, 0xF0, 0x0F, 0x10, 0x01, 0xF0
    .byte   0x01, 0xF0, 0x00, 0x00, 0x00, 0x00, 0x00, 0x00, 0xF1, 0x00,    0, 0x00, 0xF1, 0x00, 0x00, 0x00
    .byte   0x00, 0x1F, 0x00, 0x00, 0x00, 0x00, 0x1F, 0x00, 0x1F, 0x00, 0x00, 0xF1, 0x00, 0x01, 0xF0, 0x1F
    .byte   0x1F, 0x00, 0x00, 0x00, 0x0F, 0x10, 0xF1, 0x00, 0x00, 0x00, 0x01,    0, 0x01, 0xF0, 0x1F, 0x00
    .byte   0x00, 0x1F, 0x1F, 0x00, 0x00, 0x01, 0xF0, 0x00, 0x00, 0x00, 0x0F, 0x10, 0x00, 0x01, 0x0F, 0x0F
    .byte   0x10, 0x0F, 0x1F, 0x00, 0x1F, 0x10, 0x00, 0x01, 0xF0, 0x00, 0x00, 0x00,    0, 0x00, 0x0F, 0x10
    .byte   0x00, 0x00, 0x00, 0x0F, 0x01, 0x00, 0x0F, 0x10, 0xF1, 0x00, 0x0F, 0x10, 0x00, 0x00, 0x00, 0xF1
    .byte   0x1F, 0xF1, 0x1F, 0x00, 0xF1, 0x0F, 0x01, 0x0F, 0x10, 0x00, 0x00, 0xF1, 0x00,    0, 0x00, 0x0F
    .byte   0x11, 0xF0, 0x00, 0x01, 0xF0, 0x1F, 0x00, 0x00, 0x00, 0x00, 0x0F, 0x11, 0x0F, 0x01, 0xFF, 0x1F
    .byte   0x01, 0x1F, 0x00, 0xF1, 0x00, 0x00, 0x00, 0x00, 0x00, 0x01, 0xF0, 0x10, 0xF0, 0x1F,    0, 0x00
    .byte   0x00, 0x00, 0x00, 0x00, 0x00, 0x00, 0x01, 0xF0, 0x00, 0x1F, 0x0F, 0x10, 0x00, 0xF1, 0xF1, 0x1F
    .byte   0x00, 0x01, 0xF0, 0x00, 0x00, 0x00, 0x0F, 0x01, 0x00, 0x00, 0x0F, 0x10, 0x00, 0x1F, 0x00,    0
    .byte   0x01, 0xF0, 0xF1, 0x00, 0x00, 0x00, 0x00, 0x00, 0xF1, 0x10, 0xF0, 0x1F, 0x00, 0x00, 0x01, 0x0F
    .byte   0x00, 0xF1, 0x00, 0x00, 0x00, 0x00, 0x00, 0x00, 0x00, 0xF1, 0x00, 0x1F, 0x00, 0xF1, 0x10, 0xF0
    .byte      0, 0x0F, 0x10, 0x1F, 0x00, 0x10, 0xF0, 0x00, 0xF1, 0x00, 0x1F, 0x00, 0x00, 0x00, 0x0F, 0x10
    .byte   0x1F, 0x00, 0x00, 0x00, 0x00, 0x10, 0xF0, 0x0F, 0x10, 0xF1, 0x00, 0x1F, 0x0F, 0x10, 0xF1, 0x1F
    .byte   0x00,    0, 0x00, 0x00, 0x0F, 0x10, 0x00, 0x00, 0xF1, 0x1F, 0x1F, 0x00, 0x00, 0x1F, 0x1F, 0x0F
    .byte   0x10, 0x00, 0x00, 0x0F, 0x10, 0xF0, 0x1F, 0x10, 0x00, 0x01, 0xF0, 0x0F, 0x10, 0x0F, 0x10, 0x00
    .byte   0xF1, 0x0F,    1, 0x0F, 0x00, 0xF1, 0x01, 0xF0, 0x00, 0x0F, 0x10, 0x01, 0xF1, 0xF0, 0xF1, 0x00
    .byte   0x0F, 0x10, 0x01, 0xF0, 0x00, 0x01, 0xF0, 0x00, 0x00, 0x0F, 0x10, 0xF1, 0xF1, 0x00, 0x00, 0x00
    .byte   0xF1, 0x00, 0x0F,   -1, 0x01, 0x01, 0xF1, 0xF0, 0x0F, 0x10, 0x00, 0x0F, 0x10, 0x00, 0x00, 0x00
    .byte   0x00, 0x00, 0xF1, 0x00, 0x00, 0x01, 0x0F, 0x00, 0x0F, 0x11, 0x0F, 0x00, 0xF0, 0x10, 0x00, 0x1F
    .byte   0x00, 0xF1, 0x00, 0x00,    1, 0x0F, 0xF1, 0x0F, 0x10, 0x00, 0x00, 0x00, 0x00, 0x00, 0x00, 0x00
    .byte   0x00, 0x10, 0x0F, 0x0F, 0x10, 0x00, 0x00, 0x1F, 0x00, 0x00, 0xF1, 0xF1, 0x00, 0x00, 0x00, 0x00
    .byte   0x1F, 0x00, 0x00, 0x01, 0xF0,    0, 0x01, 0xF0, 0xF1, 0x00, 0x0F, 0x10, 0x00, 0x00, 0x1F, 0x00
    .byte   0xF1, 0x00, 0x0F, 0x10, 0x00, 0x00, 0x0F, 0x10, 0x0F, 0x10, 0x00, 0xF1, 0x00, 0x0F, 0x10, 0x1F
    .byte   0x0F, 0x01, 0x00, 0x0F, 0x1F, 0x10,    0, 0x00, 0xF1, 0xF1, 0x00, 0x00, 0x0F, 0x10, 0x00, 0x00
    .byte   0x01, 0xF1, 0xF0, 0x00, 0x00, 0x00, 0x1F, 0x0F, 0x10, 0x10, 0xF0, 0x01, 0xF0, 0xF1, 0xF1, 0x00
    .byte   0x00, 0x00, 0x00, 0x00, 0x00, 0xF0, 0x11,    0, 0x00, 0x00, 0x00, 0x00, 0x00, 0xF0, 0x01, 0x00
    .byte   0x00, 0x00, 0x00, 0x00, 0x00, 0x00, 0x00, 0xF1, 0x00, 0x00, 0x0F, 0x10, 0x00, 0x01, 0xF0, 0x1F
    .byte   0x00, 0x00, 0x00, 0x1F, 0x01, 0xF1, 0xF1, 0xF0,    0, 0x00, 0x00, 0x1F, 0x00, 0x00, 0x00, 0x01
    .byte   0xF0, 0xF1, 0xF1, 0x00, 0x00, 0xF1, 0x01, 0xF0, 0x1F, 0x00, 0x00, 0x00, 0x00, 0x1F, 0x00, 0x00
    .byte   0x00, 0x00, 0xF1, 0x00, 0x00, 0x01, 0xF1, 0xF1, 0xF0,    0, 0x01, 0xF0, 0x00, 0x00, 0x1F, 0x1F
    .byte   0x00, 0x00, 0x00, 0x00, 0x00, 0x00, 0xF1, 0x01, 0x0F, 0x1F, 0x00, 0x00, 0x00, 0x1F, 0x1F, 0x01
    .byte   0xF0, 0x00, 0x00, 0x01, 0xF0, 0x00, 0xF1, 0x00, 0x00, 0x1F,    0, 0x01, 0xFF, 0x10, 0x00, 0x00
    .byte   0x01, 0xF0, 0x0F, 0x01, 0x01, 0xF0, 0x00, 0x00, 0x00, 0x00, 0x00, 0x00, 0x00, 0x00, 0x00, 0x00
    .byte   0x00, 0x00, 0x00, 0x00, 0x00, 0x00, 0x00, 0x00, 0x00, 0x00, 0x00

    .end
