    .section .rodata
    .global Chapter_05_Line_0010_Compressed
    .align  2

Chapter_05_Line_0010_Compressed:

    .byte   0x1, 0x0, 0x0, 0x0
    .word   0x00D10C00  @ Mid-C ~13379.000000
    .word   0, 79290

    .byte     -6, 0x0E, 0xFF, 0xF1, 0xFF, 0x10, 0xF1, 0x01, 0xF1, 0x11, 0x10, 0x02, 0x10, 0x12, 0x21, 0x22
    .byte   0x21, 0x22, 0x21, 0x20, 0x20, 0x11, 0xF0, 0xEF, 0xFE, 0xEE, 0xEE, 0xEE, 0xDF, 0xEE, 0xEE, 0xDE
    .byte   0xEE,  -45, 0x0E, 0xEF, 0xEE, 0xF0, 0xFF, 0xF0, 0x01, 0x02, 0x22, 0x23, 0x43, 0x33, 0x33, 0x42
    .byte   0x33, 0x23, 0x33, 0x31, 0x21, 0xFF, 0xFE, 0xDE, 0xDD, 0xDD, 0xCD, 0xCD, 0xDE, 0xDD, 0xDE, 0xDE
    .byte   0xEE, 0xEE,  -80, 0x00, 0x12, 0x02, 0xF2, 0x22, 0x21, 0x21, 0x01, 0x21, 0x02, 0x13, 0x34, 0x33
    .byte   0x32, 0x32, 0x31, 0x21, 0x33, 0x33, 0x31, 0x10, 0xFE, 0xED, 0xDD, 0xDE, 0xDD, 0xCD, 0xDE, 0xED
    .byte   0xDE, 0xDE, 0xEE,  -55, 0x0E, 0xD1, 0x10, 0x11, 0x11, 0x22, 0x02, 0x00, 0x22, 0x01, 0xF0, 0xF0
    .byte   0x11, 0x23, 0x34, 0x23, 0x31, 0x32, 0x23, 0x03, 0x33, 0x42, 0x30, 0x00, 0xEE, 0xDE, 0xDD, 0xDE
    .byte   0xDD, 0xCD, 0xEE, 0xDE,  -26, 0x0D, 0xEE, 0xEE, 0xDE, 0xD1, 0x11, 0x10, 0x11, 0x22, 0x20, 0x12
    .byte   0x12, 0x10, 0xFF, 0xF0, 0x11, 0x33, 0x43, 0x33, 0x23, 0x22, 0x32, 0x04, 0x34, 0x32, 0x20, 0xF0
    .byte   0xEE, 0xDD, 0xDD, 0xFD, 0xDC,   16, 0x0D, 0xDE, 0xDD, 0xDD, 0xEE, 0xED, 0xDD, 0xF0, 0x01, 0x11
    .byte   0x22, 0x22, 0x12, 0x11, 0x21, 0x11, 0xF1, 0x01, 0x12, 0x34, 0x42, 0x33, 0x23, 0x23, 0x31, 0x33
    .byte   0x43, 0x31, 0x11, 0x0E, 0xFD, 0xED,   76, 0x0E, 0xDD, 0xDC, 0xCE, 0xDD, 0xDD, 0xDD, 0xEE, 0xED
    .byte   0xDE, 0xF0, 0x2F, 0x10, 0x02, 0x21, 0x02, 0x12, 0x22, 0x11, 0x10, 0x10, 0x13, 0x34, 0x33, 0x32
    .byte   0x33, 0x13, 0x22, 0x33, 0x43, 0x32, 0x1F,  110, 0x0F, 0xED, 0xDD, 0xFD, 0xDD, 0xCD, 0xCD, 0xED
    .byte   0xDD, 0xDD, 0xDE, 0xED, 0xDE, 0x01, 0x21, 0x21, 0xF2, 0x21, 0x21, 0x12, 0x22, 0x10, 0xFF, 0x00
    .byte   0x33, 0x44, 0x33, 0x23, 0x31, 0x32, 0x23, 0x34,  104, 0x02, 0x22, 0x0E, 0xFE, 0xED, 0xDD, 0xED
    .byte   0xDC, 0xCD, 0xDD, 0xED, 0xDD, 0xCE, 0xED, 0xED, 0xEE, 0x11, 0x21, 0x12, 0x12, 0x22, 0x11, 0x21
    .byte   0x21, 0x1F, 0xFF, 0x03, 0x34, 0x43, 0x32, 0x33, 0x23,   53, 0x02, 0x33, 0x34, 0x32, 0x2F, 0xE0
    .byte   0xEE, 0xDD, 0xDF, 0xDD, 0xCC, 0xDC, 0xEE, 0xDC, 0xDD, 0xDF, 0xED, 0xDD, 0x01, 0x22, 0x10, 0x12
    .byte   0x22, 0x11, 0x11, 0x12, 0x11, 0xFF, 0x11, 0x24, 0x44, 0x23,   15, 0x03, 0x32, 0x33, 0x04, 0x34
    .byte   0x40, 0x2F, 0xFF, 0x0E, 0xED, 0xDE, 0xDD, 0xDC, 0xCD, 0xDD, 0xDE, 0xCD, 0xDD, 0xED, 0xDD, 0xEF
    .byte   0x02, 0x12, 0xF2, 0x13, 0x21, 0x01, 0x21, 0x20, 0xF0, 0xEF, 0x33,  -29, 0x04, 0x43, 0x23, 0x33
    .byte   0x23, 0x13, 0x33, 0x43, 0x22, 0xF0, 0xE0, 0xED, 0xED, 0xED, 0xDD, 0xCC, 0xCD, 0xDE, 0xDC, 0xDD
    .byte   0xFE, 0xDD, 0xDE, 0x02, 0x21, 0x01, 0x22, 0x22, 0xFF, 0x11, 0x21, 0x0F,  -66, 0x00, 0x23, 0x44
    .byte   0x43, 0x32, 0x43, 0x23, 0x21, 0x43, 0x43, 0x21, 0x11, 0xE0, 0x0D, 0xED, 0xDE, 0xDD, 0xCC, 0xCD
    .byte   0xDE, 0xDC, 0xDD, 0xDF, 0xDD, 0xDE, 0xE2, 0x21, 0x11, 0x12, 0x23, 0xFF, 0x01,  -66, 0x01, 0x0F
    .byte   0xEF, 0x23, 0x45, 0x33, 0x33, 0x43, 0x23, 0x21, 0x43, 0x43, 0x21, 0x0F, 0xFF, 0x0D, 0xED, 0xDE
    .byte   0xDD, 0xCC, 0xCD, 0xDE, 0xDC, 0xCD, 0xEF, 0xDD, 0xDD, 0x12, 0x21, 0xF0, 0x02, 0x32,  -74, 0x01
    .byte   0xF1, 0x21, 0x1E, 0xE1, 0x24, 0x45, 0x33, 0x33, 0x42, 0x33, 0x13, 0x33, 0x43, 0x20, 0xFF, 0x00
    .byte   0xEE, 0xDD, 0xED, 0xDD, 0xCB, 0xDD, 0xDE, 0xDC, 0xCE, 0xDF, 0xED, 0xDE, 0xF2, 0x10, 0xEE,  -93
    .byte   0x02, 0x32, 0xFE, 0xF1, 0x12, 0x10, 0xE2, 0x35, 0x44, 0x33, 0x24, 0x33, 0x33, 0x33, 0x24, 0x32
    .byte   0x2F, 0x0F, 0x0E, 0xED, 0xDD, 0xED, 0xDC, 0xCC, 0xCE, 0xED, 0xCC, 0xDE, 0xEF, 0xDD, 0xEE, 0x22
    .byte    -89, 0x0E, 0xF1, 0x13, 0x22, 0x0E, 0xF1, 0x01, 0xF1, 0x12, 0x45, 0x44, 0x32, 0x44, 0x33, 0x30
    .byte   0x33, 0x43, 0x20, 0x0F, 0xFF, 0xFE, 0xDD, 0xDD, 0xDE, 0xCC, 0xCC, 0xDD, 0xFD, 0xCD, 0xDE, 0xEE
    .byte   0xED,  -90, 0x00, 0x01, 0x01, 0x0F, 0x22, 0x2F, 0xF0, 0x0F, 0xF1, 0x02, 0x24, 0x54, 0x34, 0x33
    .byte   0x43, 0x42, 0x13, 0x33, 0x41, 0x11, 0xE1, 0xFF, 0xED, 0xDD, 0xDD, 0xDC, 0xCC, 0xDD, 0xDF, 0xCD
    .byte   0xDD, 0xDF,  -74, 0x0E, 0xD0, 0xF0, 0x0F, 0x0F, 0x02, 0x11, 0x10, 0x01, 0x0F, 0x10, 0x24, 0x45
    .byte   0x34, 0x33, 0x43, 0x33, 0x23, 0x34, 0x32, 0x11, 0xF0, 0x01, 0xED, 0xDD, 0xDE, 0xDC, 0xCC, 0xCD
    .byte   0xDE, 0xEC, 0xDD,  -69, 0x0F, 0xFE, 0xEE, 0x0E, 0x0F, 0xE0, 0xF2, 0x10, 0x11, 0x00, 0x20, 0x10
    .byte   0x34, 0x44, 0x43, 0x23, 0x43, 0x43, 0xF3, 0x33, 0x43, 0x10, 0xE1, 0x12, 0x1D, 0xDC, 0xDD, 0xEE
    .byte   0xCC, 0xBD, 0xDE, 0x0D,  -47, 0x0C, 0xC2, 0x1E, 0xED, 0xED, 0xE0, 0x2F, 0xE2, 0x2F, 0x11, 0x0E
    .byte   0xE1, 0x04, 0x56, 0x74, 0x44, 0x35, 0x23, 0x1C, 0x1F, 0x33, 0x1F, 0xDD, 0xDE, 0xEC, 0xBB, 0xB2
    .byte   0xDF, 0xED, 0x11, 0x34, 0x0D,  -18, 0x0D, 0x31, 0xED, 0xCE, 0xF2, 0x1E, 0xDC, 0xCD, 0xE3, 0x2E
    .byte   0xDE, 0x23, 0x34, 0xF2, 0x67, 0x75, 0x12, 0x34, 0xFF, 0xCA, 0xB1, 0x54, 0xCC, 0xCF, 0x23, 0x3B
    .byte   0xAD, 0x04, 0x3C, 0xDF, 0x05, 0x42,   20, 0x0C, 0xD1, 0xFD, 0xCC, 0xD2, 0x3F, 0xED, 0xDD, 0xDD
    .byte   0xE2, 0x1D, 0xD1, 0x34, 0x40, 0x25, 0x77, 0x7F, 0x2E, 0x32, 0xCD, 0xAA, 0x34, 0x42, 0xBD, 0xF2
    .byte   0x42, 0xCB, 0xB3, 0x4F, 0xCC, 0x13, 0x44,   30, 0x0D, 0xCD, 0x3E, 0xCC, 0xCE, 0x20, 0xFD, 0xED
    .byte   0xDD, 0xDD, 0x21, 0xEE, 0xF3, 0x44, 0x42, 0x67, 0x75, 0x3F, 0xE2, 0xCC, 0xC9, 0xC5, 0x35, 0xDC
    .byte   0x31, 0x34, 0xDC, 0xBC, 0x32, 0xCC, 0xD2, 0x34,   26, 0x0E, 0xDD, 0xE2, 0xCC, 0xDD, 0xDF, 0xF1
    .byte   0xFD, 0xCD, 0xDE, 0xE1, 0x1D, 0xF4, 0x34, 0x55, 0x67, 0x74, 0xEC, 0xDF, 0xBD, 0xC9, 0x15, 0x45
    .byte   0x3C, 0x22, 0x23, 0x1B, 0xBC, 0xDF, 0xFC, 0x23, 0xE4,   27, 0x0E, 0xFD, 0xCE, 0xCD, 0xFC, 0xEE
    .byte   0xF2, 0xED, 0xCC, 0xED, 0x04, 0xEE, 0xFD, 0x36, 0x55, 0x77, 0x63, 0x0B, 0xDC, 0xBD, 0xAC, 0x44
    .byte   0x54, 0x03, 0x33, 0xF1, 0xCB, 0xCB, 0xDE, 0xCF, 0x32, 0x34,   35, 0x03, 0xCC, 0xCD, 0xDC, 0xDD
    .byte   0x13, 0x1D, 0xCD, 0xDD, 0xDE, 0x32, 0x10, 0xD1, 0x55, 0x66, 0x77, 0x2E, 0xCB, 0xCC, 0xCC, 0xB4
    .byte   0x55, 0x51, 0x10, 0xE1, 0x0E, 0xBB, 0xDC, 0xDE, 0xE4, 0x23, 0x42,   33, 0x0E, 0xBF, 0xCB, 0xED
    .byte   0xF3, 0xF0, 0xDC, 0xDE, 0xDC, 0xE4, 0x3F, 0xDD, 0xE5, 0x66, 0x67, 0x64, 0x1A, 0xBC, 0xBE, 0xDC
    .byte   0x34, 0x56, 0x20, 0x0D, 0xD0, 0x3B, 0xBC, 0xBE, 0xF2, 0x54, 0xE0, 0x31,   32, 0x0D, 0xBB, 0xBD
    .byte   0x43, 0x2D, 0xDC, 0xEE, 0xDD, 0xDF, 0x32, 0xEE, 0xD2, 0x66, 0x67, 0x74, 0xFD, 0x9B, 0xDD, 0x2D
    .byte   0xD4, 0x45, 0x52, 0xED, 0xE0, 0xED, 0xBA, 0xDD, 0x04, 0x34, 0x1E, 0x22, 0x2D,   -3, 0x0C, 0xCC
    .byte   0x22, 0x2F, 0xED, 0xCC, 0xEE, 0x2E, 0x22, 0xD2, 0x0E, 0x55, 0x57, 0x76, 0x3D, 0xA9, 0xCE, 0x24
    .byte   0xCF, 0x44, 0x53, 0x32, 0xCD, 0xED, 0xDB, 0xBD, 0xD3, 0x44, 0x3E, 0x2F, 0xD1, 0xCC,  -27, 0x0C
    .byte   0xDE, 0xF3, 0x2D, 0xCD, 0xDE, 0x12, 0x22, 0xEE, 0x11, 0x45, 0x47, 0x77, 0x2C, 0x9A, 0xB3, 0x44
    .byte   0xDC, 0x25, 0x55, 0x1D, 0xDD, 0xF1, 0xBA, 0xBD, 0x15, 0x52, 0xFE, 0xD3, 0x2E, 0xDB, 0xBD,  -60
    .byte   0x03, 0x32, 0xEC, 0xCE, 0xEF, 0xFE, 0xE1, 0x32, 0x20, 0x15, 0x67, 0x76, 0xEB, 0x9A, 0xD3, 0x52
    .byte   0xED, 0x34, 0x54, 0x2C, 0xDD, 0x1E, 0xBB, 0xBE, 0x34, 0x52, 0xDE, 0xE3, 0xED, 0xCB, 0xB0, 0x13
    .byte    -48, 0x0E, 0xED, 0xDD, 0x1E, 0xF0, 0x12, 0xF1, 0x32, 0x46, 0x77, 0x6F, 0xC9, 0x9D, 0x25, 0x4F
    .byte   0xD0, 0x45, 0x44, 0xDC, 0xCC, 0x2E, 0xAB, 0xC3, 0x55, 0x32, 0xCC, 0x21, 0xFC, 0xCB, 0xC0, 0x34
    .byte   0x2B,  -68, 0x0D, 0xE2, 0xEE, 0xEE, 0x33, 0xF3, 0x34, 0x57, 0x76, 0xDB, 0x9A, 0xD3, 0x63, 0xFE
    .byte   0xE4, 0x44, 0x3D, 0xCD, 0xDE, 0xBC, 0xCD, 0x34, 0x53, 0xCE, 0xFE, 0x2D, 0xCB, 0xB2, 0x33, 0xFE
    .byte   0xDC, 0xC0,  -87, 0x01, 0xEE, 0x23, 0x24, 0x10, 0x47, 0x77, 0x4C, 0xA9, 0xAE, 0x56, 0x4D, 0xD1
    .byte   0x34, 0x52, 0xEC, 0xBF, 0xDB, 0xCC, 0xE3, 0x55, 0x2E, 0xCD, 0xDE, 0x0C, 0xCD, 0x02, 0x2E, 0xCC
    .byte   0xED, 0x22, 0xEE,  -87, 0x0F, 0x40, 0x24, 0x44, 0x77, 0x6D, 0xC9, 0xAB, 0x36, 0x43, 0x1F, 0x12
    .byte   0x44, 0xED, 0xCD, 0xEC, 0xCC, 0xB0, 0x35, 0x52, 0xED, 0xEC, 0xDE, 0xCC, 0xD1, 0x43, 0xCD, 0xCC
    .byte   0x10, 0x2E, 0xF2, 0x2F,  -78, 0x04, 0x33, 0x77, 0x73, 0xCA, 0x9A, 0x26, 0x54, 0xEF, 0xE0, 0x44
    .byte   0x3E, 0xCC, 0xCD, 0xDD, 0xBC, 0x25, 0x45, 0x1F, 0xCB, 0xDE, 0xDD, 0xEF, 0xEE, 0xFE, 0xED, 0xCF
    .byte   0xD1, 0x23, 0x1E, 0x33, 0xF4,  -15, 0x07, 0x75, 0xDA, 0x9A, 0xD6, 0x64, 0x1E, 0xDE, 0x35, 0x32
    .byte   0xDB, 0xCC, 0xDF, 0xCC, 0xF3, 0x54, 0x4E, 0xBC, 0xDE, 0xD0, 0x0C, 0xD1, 0x1E, 0xEE, 0xED, 0xCE
    .byte   0x21, 0xE4, 0x4E, 0xF3, 0x67, 0x76,  108, 0x0B, 0x99, 0xD4, 0x65, 0x3E, 0xEC, 0x24, 0x53, 0xEC
    .byte   0xBC, 0xCC, 0x0D, 0xD4, 0x42, 0x3E, 0xED, 0xCE, 0xDE, 0xDE, 0xF0, 0x2C, 0xD0, 0xDE, 0xED, 0xFF
    .byte   0x23, 0x20, 0x33, 0x57, 0x76, 0xEC, 0x9A,  -27, 0x03, 0x66, 0x31, 0xCD, 0xE4, 0x54, 0x3B, 0xBC
    .byte   0xBD, 0xED, 0x11, 0x33, 0x42, 0xDC, 0xDD, 0xFD, 0xE2, 0xDE, 0x0D, 0xDD, 0xEF, 0xEE, 0xEE, 0xF1
    .byte   0x33, 0x44, 0x36, 0x75, 0x3D, 0xAA, 0xB1, 0x55,   55, 0x02, 0xEC, 0xF4, 0x44, 0xFE, 0xCB, 0xBD
    .byte   0xCE, 0xF3, 0x42, 0x3F, 0xDD, 0xCF, 0xEF, 0x1E, 0xDE, 0xDE, 0xF0, 0xDD, 0xDD, 0xEF, 0x03, 0x33
    .byte   0x33, 0x26, 0x76, 0x3E, 0xB9, 0xBE, 0x46, 0x44, 0xEC,   40, 0x03, 0x43, 0x30, 0xCB, 0xCC, 0xED
    .byte   0xD3, 0x22, 0x32, 0xFD, 0xDC, 0xEE, 0xE0, 0xFD, 0x2E, 0xDE, 0xDD, 0xDE, 0x0E, 0x22, 0x13, 0x34
    .byte   0x45, 0x76, 0x31, 0xAA, 0xA0, 0x45, 0x53, 0xFD, 0xE3, 0x33,   86, 0x0F, 0xCC, 0xBC, 0xCD, 0xF2
    .byte   0x33, 0x32, 0xED, 0xDC, 0xD0, 0x10, 0xFF, 0xDD, 0xDE, 0xFE, 0xEE, 0xDD, 0x11, 0x34, 0x42, 0x35
    .byte   0x76, 0x4D, 0xBA, 0xA0, 0x45, 0x53, 0x0C, 0xE3, 0x34, 0x3F, 0xCB,   20, 0x0C, 0xFE, 0xE2, 0x22
    .byte   0x23, 0x0C, 0xDD, 0xDF, 0xEF, 0x0E, 0xEE, 0xDE, 0xEE, 0xDE, 0xDE, 0x21, 0x24, 0x42, 0x35, 0x76
    .byte   0x32, 0xBA, 0xAF, 0x44, 0x53, 0x1D, 0xF2, 0x43, 0x22, 0xDB, 0xBD, 0xDC,  -13, 0x02, 0x41, 0x03
    .byte   0xED, 0xDD, 0xED, 0xD2, 0xFE, 0x0E, 0xED, 0xEE, 0xDE, 0xED, 0x10, 0x34, 0x34, 0x34, 0x66, 0x42
    .byte   0xCB, 0xBD, 0x14, 0x44, 0x3E, 0xDF, 0x24, 0x32, 0xFB, 0xBB, 0xCF, 0xF4, 0x2F,    6, 0x00, 0xE1
    .byte   0xEE, 0xDC, 0xED, 0x03, 0x3E, 0xCD, 0xDE, 0x00, 0xFD, 0xD2, 0x32, 0x34, 0x34, 0x66, 0x52, 0xDB
    .byte   0xAC, 0x24, 0x54, 0x1E, 0xD2, 0x33, 0x41, 0xDC, 0xBB, 0xDD, 0xE3, 0x31, 0x02, 0xEE,    3, 0x0E
    .byte   0xDD, 0xDF, 0xEF, 0x0F, 0xED, 0xDF, 0xDE, 0x0E, 0xE1, 0x1F, 0x44, 0x34, 0x47, 0x52, 0x0D, 0xAB
    .byte   0xD4, 0x44, 0x4E, 0xEF, 0x33, 0x23, 0xDD, 0xCB, 0xED, 0xDE, 0x13, 0x2F, 0x00, 0xDF, 0xEF,  -16
    .byte   0x0D, 0xDD, 0xF0, 0x3F, 0xFD, 0xCD, 0xEE, 0x11, 0x03, 0x22, 0x33, 0x46, 0x65, 0x3F, 0xBA, 0xB2
    .byte   0x45, 0x33, 0xED, 0x23, 0x43, 0x2E, 0xCB, 0xBD, 0xED, 0x13, 0x0F, 0x21, 0x1E, 0xFD, 0xDD, 0xD1
    .byte    -35, 0x0F, 0x2D, 0xDE, 0xFE, 0xEF, 0xDE, 0x0E, 0x24, 0x33, 0x34, 0x66, 0x43, 0xDB, 0xAD, 0x24
    .byte   0x44, 0xFE, 0xE2, 0x44, 0x3F, 0xCC, 0xBD, 0xCD, 0x20, 0xE1, 0x22, 0x1F, 0x0E, 0xDC, 0x0D, 0xE3
    .byte   0x0E,  -39, 0x0D, 0xEF, 0xEE, 0xED, 0xED, 0x32, 0x24, 0x43, 0x45, 0x64, 0x2E, 0xCB, 0xC1, 0x34
    .byte   0x32, 0x00, 0xF4, 0x32, 0x3D, 0xCB, 0xBD, 0xE2, 0x23, 0xFE, 0xEE, 0x02, 0x2E, 0xDD, 0xDD, 0xD2
    .byte   0x3E, 0xED,  -54, 0x0D, 0x01, 0xFE, 0xE0, 0xD2, 0x44, 0x33, 0x46, 0x62, 0x3C, 0xBB, 0xE3, 0x44
    .byte   0x2E, 0xFE, 0x34, 0x41, 0xEC, 0xCB, 0xCF, 0xEE, 0x22, 0xEE, 0x22, 0xFE, 0xFE, 0xDD, 0xD0, 0xDF
    .byte   0x20, 0xFF, 0xED,  -62, 0x0E, 0xD0, 0x12, 0x22, 0x33, 0x24, 0x57, 0x44, 0xDB, 0xAC, 0x14, 0x54
    .byte   0x1D, 0xE1, 0x34, 0x32, 0xEB, 0xCC, 0xCD, 0x3F, 0xF1, 0xFF, 0x11, 0x1F, 0xEE, 0xDD, 0x0D, 0xFE
    .byte   0x0E, 0xEE, 0x1F, 0xEE,  -74, 0x0E, 0x2F, 0x33, 0x30, 0x33, 0x56, 0x63, 0x0B, 0xBB, 0xE4, 0x44
    .byte   0x3E, 0xED, 0x34, 0x33, 0xEC, 0xBC, 0xCF, 0x11, 0x1F, 0xE0, 0x11, 0x11, 0xEE, 0xD0, 0xDD, 0xE0
    .byte   0x2E, 0x0E, 0xDE, 0xED, 0xEF,  -71, 0x01, 0x22, 0x23, 0x13, 0x45, 0x65, 0x30, 0xBB, 0xCE, 0x35
    .byte   0x32, 0x2D, 0xF3, 0x34, 0x2D, 0xDB, 0xCC, 0xEE, 0x13, 0x1D, 0x12, 0xFF, 0xF0, 0xDD, 0xD0, 0xE1
    .byte   0x11, 0xED, 0xEE, 0xE0, 0xED, 0xED,  -78, 0x03, 0x23, 0x22, 0x33, 0x56, 0x54, 0xEC, 0xCB, 0xD0
    .byte   0x44, 0x33, 0xFE, 0x02, 0x34, 0x1D, 0xCB, 0xBD, 0xF2, 0x32, 0x1E, 0xEF, 0xF2, 0xEE, 0xED, 0xEE
    .byte   0xE1, 0x11, 0x1E, 0xED, 0xDD, 0xD2, 0xF0,  -60, 0x02, 0xEE, 0x33, 0x34, 0x45, 0x54, 0x2F, 0xCB
    .byte   0xCE, 0x34, 0x42, 0x2E, 0x02, 0x33, 0x2F, 0xCC, 0xBC, 0xEF, 0x03, 0x2F, 0xF1, 0x0E, 0xEE, 0xED
    .byte   0xEF, 0xFF, 0xE1, 0x02, 0xFE, 0xDC, 0xDE, 0x01,  -60, 0x02, 0x0E, 0xF2, 0x23, 0x45, 0x55, 0x42
    .byte   0xEC, 0xBC, 0xF2, 0x44, 0x32, 0xF1, 0x12, 0x32, 0xFC, 0xCB, 0xDD, 0xFF, 0x31, 0x12, 0x01, 0xEE
    .byte   0xDD, 0xD0, 0x02, 0x02, 0xED, 0x1E, 0xE0, 0xEF, 0xDD,  -69, 0x0E, 0x13, 0x23, 0x01, 0x23, 0x34
    .byte   0x65, 0x42, 0xEB, 0xBD, 0xE4, 0x44, 0x21, 0xEE, 0x33, 0x3F, 0xEC, 0xBC, 0xCF, 0xF2, 0x21, 0x11
    .byte   0x1F, 0xFD, 0xDE, 0xE0, 0x01, 0xFE, 0x0E, 0x1F, 0xEF, 0xED,  -52, 0x0E, 0xDF, 0xF0, 0x22, 0xF1
    .byte   0x33, 0x34, 0x65, 0x44, 0xEC, 0xBC, 0xD2, 0x44, 0x32, 0xFE, 0x13, 0x41, 0xFD, 0xBB, 0xCE, 0xD1
    .byte   0x22, 0x22, 0xF0, 0xEE, 0xED, 0x0F, 0xDF, 0x1F, 0x02, 0x2F, 0xFE,  -36, 0x0C, 0xFE, 0x02, 0xEE
    .byte   0x0E, 0xE1, 0x33, 0x34, 0x35, 0x63, 0x41, 0xDB, 0xCD, 0xE4, 0x43, 0x31, 0xE1, 0x13, 0x22, 0xDC
    .byte   0xCB, 0xCE, 0x23, 0x20, 0xFD, 0xE1, 0x22, 0x1E, 0xDC, 0xEE, 0x23, 0x32,  -12, 0x0D, 0xDD, 0xEF
    .byte   0x22, 0xDD, 0xED, 0xD2, 0x23, 0x32, 0x23, 0x44, 0x55, 0x43, 0xDC, 0xBD, 0x02, 0x44, 0x32, 0xEE
    .byte   0x20, 0x30, 0xED, 0xBC, 0xCD, 0xE2, 0x22, 0x11, 0x0E, 0x11, 0xEF, 0xDE, 0xEE,  -27, 0x02, 0x31
    .byte   0x1F, 0xDD, 0xED, 0xF0, 0x2F, 0xDE, 0xDE, 0x12, 0x32, 0x21, 0x23, 0x45, 0x64, 0x4D, 0xCC, 0xCD
    .byte   0x14, 0x43, 0x31, 0x1F, 0xE2, 0x1E, 0xFC, 0xCD, 0xCD, 0xF2, 0x11, 0x2F, 0xF0, 0xE1,   -9, 0x0E
    .byte   0xED, 0xFF, 0x12, 0x32, 0x10, 0xED, 0xDD, 0xDE, 0x1F, 0x0E, 0xFF, 0xF2, 0x22, 0x0F, 0x22, 0x36
    .byte   0x55, 0x42, 0xDB, 0xCD, 0xE3, 0x44, 0x32, 0xFE, 0x01, 0x21, 0xED, 0xCC, 0xCD, 0xE2, 0x12,    2
    .byte   0x0F, 0xFE, 0xF0, 0xFE, 0xEE, 0xE0, 0xE0, 0x32, 0x12, 0xFE, 0xDD, 0xDD, 0xFF, 0x12, 0xEE, 0xEE
    .byte   0x02, 0x12, 0x21, 0x23, 0x45, 0x54, 0x43, 0xDC, 0xCD, 0xE2, 0x44, 0x32, 0xEF, 0xE0, 0x11, 0xED
    .byte     34, 0x0C, 0xDD, 0xE0, 0x20, 0x10, 0xEE, 0xFF, 0x12, 0xFF, 0xDF, 0xEE, 0x22, 0x23, 0xFF, 0xDD
    .byte   0xDD, 0xEE, 0x1F, 0x0E, 0xE2, 0xE0, 0x10, 0x12, 0x22, 0x43, 0x55, 0x44, 0x2D, 0xCD, 0xDD, 0x33
    .byte   0x43,   63, 0x02, 0xEF, 0xEE, 0x1D, 0xFC, 0xDD, 0xDE, 0xE3, 0x11, 0x0D, 0xED, 0x12, 0x23, 0xFF
    .byte   0xDD, 0xDE, 0x13, 0x33, 0x3F, 0xDD, 0xCD, 0xD1, 0x12, 0x1E, 0xDE, 0xFF, 0x22, 0x22, 0x00, 0x23
    .byte   0x45, 0x54,   72, 0x01, 0xDC, 0xCD, 0xE3, 0x34, 0x32, 0x1E, 0xED, 0xF0, 0xDE, 0xDD, 0xDD, 0xE0
    .byte   0x01, 0x11, 0xEE, 0xEE, 0xF2, 0x22, 0x2E, 0xED, 0xDF, 0x22, 0x33, 0x20, 0xED, 0xCE, 0xDE, 0x01
    .byte   0x0E, 0xFE, 0xFF,  -55, 0x02, 0x13, 0x11, 0x22, 0x44, 0x55, 0x43, 0xDD, 0xCC, 0xE1, 0x34, 0x33
    .byte   0x2F, 0xDD, 0xED, 0xFE, 0xEE, 0xDD, 0xED, 0xE0, 0x11, 0x11, 0xEE, 0xE1, 0x11, 0x22, 0xE0, 0xDF
    .byte   0xF1, 0x22, 0x30, 0x1F,  -10, 0x0D, 0xDE, 0xDF, 0xEF, 0x00, 0xF0, 0x00, 0x2E, 0x01, 0xF2, 0x33
    .byte   0x45, 0x54, 0x32, 0x1D, 0xCD, 0xD0, 0x23, 0x42, 0x31, 0xFD, 0xDD, 0xDD, 0xEE, 0xEE, 0xEE, 0xEE
    .byte   0xFE, 0xFF, 0xF1, 0x11, 0x11,  -11, 0x01, 0xFE, 0x0E, 0x00, 0x22, 0x23, 0xF0, 0xFD, 0xDD, 0xDD
    .byte   0x0E, 0x02, 0xE2, 0x00, 0x00, 0x1E, 0x01, 0x13, 0x24, 0x45, 0x44, 0x4F, 0xED, 0xDD, 0xD1, 0x23
    .byte   0x33, 0x3F, 0xFD, 0xDD, 0xDD, 0xEE,   10, 0x0E, 0xEE, 0xDE, 0xFE, 0xF0, 0x12, 0x11, 0x20, 0xFE
    .byte   0xFF, 0xF1, 0x12, 0x03, 0x02, 0x2E, 0xEE, 0xDE, 0xDE, 0xEF, 0xFF, 0xEE, 0x00, 0xF2, 0x21, 0x2E
    .byte   0x0F, 0x23, 0x34, 0x54, 0x44, 0x1E, 0xDD,   35, 0x0E, 0xE2, 0x33, 0x33, 0x1F, 0xED, 0xCD, 0xDD
    .byte   0xFE, 0xE0, 0xEE, 0xEE, 0xDF, 0xE0, 0x22, 0x22, 0x20, 0xE0, 0xEF, 0x11, 0x22, 0x23, 0x02, 0xEE
    .byte   0xFD, 0xEE, 0xDF, 0xEF, 0xE0, 0xE0, 0xEE, 0x00,  -47, 0x01, 0x12, 0xE2, 0x11, 0x33, 0x54, 0x44
    .byte   0x33, 0xEE, 0xDD, 0xDE, 0x01, 0x33, 0x33, 0x0F, 0xDD, 0xCD, 0xDD, 0xEE, 0x0F, 0x0E, 0xEE, 0xEE
    .byte   0xEF, 0x11, 0x32, 0x12, 0xFF, 0xFF, 0x1F, 0x22, 0x22,    9, 0x02, 0xEE, 0xED, 0xED, 0xEF, 0xEF
    .byte   0xF1, 0x0E, 0xFE, 0xEE, 0xE1, 0x20, 0x20, 0x12, 0x23, 0x34, 0x44, 0x44, 0x2F, 0xED, 0xDD, 0xF0
    .byte   0x13, 0x23, 0x22, 0xFD, 0xDD, 0xCD, 0xDE, 0xE0, 0x1F, 0x0E,  -13, 0x0E, 0xEE, 0xE1, 0x22, 0x22
    .byte   0x21, 0x10, 0x01, 0x21, 0x22, 0x22, 0x1E, 0xEE, 0xDE, 0xED, 0xFE, 0xF0, 0xFE, 0xFE, 0xEE, 0xEE
    .byte   0x00, 0x02, 0x02, 0x02, 0x22, 0x24, 0x44, 0x53, 0x33, 0xED, 0xED,   36, 0x0E, 0x02, 0x23, 0x32
    .byte   0x20, 0xDD, 0xCD, 0xCE, 0xEE, 0x11, 0x11, 0xEE, 0xEE, 0xEF, 0xF0, 0x22, 0x22, 0x2F, 0x11, 0x01
    .byte   0x21, 0x22, 0x10, 0xFE, 0xEE, 0xDE, 0xEE, 0xFF, 0xF0, 0xEF, 0xEE, 0xEE,  -48, 0x0E, 0x01, 0xF2
    .byte   0x11, 0x20, 0x22, 0x23, 0x44, 0x44, 0x33, 0x21, 0xED, 0xDE, 0xEF, 0x12, 0x32, 0x22, 0xEE, 0xDC
    .byte   0xDD, 0xED, 0x00, 0x01, 0x1E, 0xFE, 0xEE, 0xEE, 0x12, 0x22, 0x21, 0x21, 0x02,    1, 0x00, 0x21
    .byte   0x22, 0x00, 0xFE, 0xEE, 0xED, 0xFE, 0x0E, 0x00, 0xEE, 0xEF, 0xEE, 0xE1, 0xE0, 0x10, 0x10, 0x21
    .byte   0x02, 0x03, 0x33, 0x44, 0x44, 0x33, 0xFE, 0xED, 0xDE, 0xE1, 0x13, 0x22, 0x3E, 0xED,   38, 0x0D
    .byte   0xDD, 0xDE, 0xFF, 0x01, 0xFF, 0xED, 0xFE, 0xEF, 0x02, 0x22, 0x22, 0x12, 0x00, 0x20, 0x22, 0x21
    .byte   0x1F, 0x0E, 0xED, 0xFE, 0xEE, 0xFF, 0xFF, 0xEF, 0xEE, 0xD0, 0xEE, 0xF0, 0x01, 0x02, 0x11,  -42
    .byte   0x01, 0x22, 0x23, 0x24, 0x44, 0x43, 0x32, 0xEE, 0xED, 0xEE, 0xE2, 0x03, 0x12, 0x2E, 0xFD, 0xDD
    .byte   0xDD, 0xDF, 0xF0, 0xFF, 0x0E, 0xEE, 0xEE, 0xE1, 0x02, 0x22, 0x22, 0x22, 0x01, 0x10, 0x20, 0x22
    .byte     15, 0x00, 0xFE, 0xEE, 0xDE, 0xE0, 0xE1, 0xF0, 0xE0, 0xEE, 0xDF, 0xEE, 0xFF, 0x11, 0x10, 0x20
    .byte   0x21, 0x12, 0x13, 0x23, 0x34, 0x43, 0x43, 0x3F, 0xFE, 0xDD, 0xEE, 0xF1, 0x12, 0x22, 0xFE, 0xED
    .byte   0xDD,    8, 0x0D, 0xEF, 0xF1, 0x00, 0x0E, 0xEE, 0xEE, 0xE1, 0x21, 0x32, 0x22, 0x22, 0x01, 0x10
    .byte   0x10, 0x20, 0x10, 0xFE, 0xEE, 0xED, 0x0E, 0xFF, 0xFF, 0xFF, 0xEE, 0xEE, 0xEE, 0xFF, 0x00, 0x20
    .byte   0x12, 0x12,  -33, 0x02, 0x21, 0x32, 0x33, 0x33, 0x43, 0x33, 0x2F, 0xEE, 0xDD, 0xEE, 0x00, 0x22
    .byte   0x20, 0x0E, 0xDD, 0xDD, 0xDE, 0xEF, 0xF0, 0x11, 0xFF, 0xEE, 0xEE, 0xFF, 0x22, 0x22, 0x32, 0x12
    .byte   0x0F, 0x00, 0x10,    8, 0x01, 0x00, 0xFE, 0xFE, 0xEE, 0xEE, 0xEF, 0x0E, 0x0E, 0xFE, 0xEE, 0xFE
    .byte   0xFF, 0x12, 0x12, 0x22, 0x21, 0x22, 0x22, 0x12, 0x23, 0x14, 0x33, 0x33, 0x30, 0x0E, 0xED, 0xDF
    .byte   0xEE, 0x12, 0x21, 0x1F,   42, 0x0D, 0xDD, 0xDD, 0xEE, 0xE1, 0x12, 0x11, 0xFE, 0xFE, 0xEE, 0x11
    .byte   0x22, 0x23, 0x21, 0x21, 0xFF, 0xFF, 0xFF, 0xF1, 0x0F, 0x0E, 0xEE, 0xEE, 0xE0, 0xE0, 0x0F, 0x0E
    .byte   0x0F, 0xEE, 0xFF, 0x01, 0x12,  -33, 0x02, 0x21, 0x21, 0x21, 0x22, 0x22, 0x22, 0x32, 0x33, 0x33
    .byte   0x21, 0x1F, 0xEE, 0xDD, 0xEE, 0xF0, 0x21, 0x1F, 0x0E, 0xDD, 0xED, 0xDF, 0xFF, 0x02, 0x11, 0x0E
    .byte   0xFE, 0xFE, 0x01, 0x12, 0x22, 0x22,    4, 0x01, 0x00, 0xFF, 0x0F, 0x00, 0xFF, 0xFF, 0xEE, 0xEF
    .byte   0xEF, 0xEF, 0xF1, 0x0E, 0xF0, 0xEE, 0xFF, 0x01, 0x12, 0x21, 0x22, 0x12, 0x12, 0x12, 0x22, 0x22
    .byte   0x12, 0x23, 0x23, 0x32, 0x22, 0xFE, 0xEE,   40, 0x0E, 0xDF, 0xF0, 0x21, 0x10, 0xFE, 0xDE, 0xDE
    .byte   0xDF, 0xF0, 0x12, 0x11, 0xFE, 0xE0, 0xEE, 0x11, 0x22, 0x22, 0x12, 0xF0, 0xFF, 0xF0, 0x1F, 0x10
    .byte   0x0F, 0x0E, 0xFE, 0xE0, 0xEF, 0x0F, 0xFF, 0xFF,  -28, 0x0E, 0xFF, 0xFF, 0x01, 0x12, 0x11, 0x22
    .byte   0x11, 0x22, 0x22, 0x22, 0x22, 0x12, 0x11, 0x22, 0x31, 0x32, 0x0F, 0xFE, 0xDE, 0xEE, 0xFF, 0x12
    .byte   0x11, 0x0E, 0xED, 0xED, 0xEE, 0xF0, 0x20, 0x11, 0x0E,   -9, 0x0F, 0xEF, 0xF0, 0x12, 0x02, 0x2F
    .byte   0x1F, 0xFF, 0xF0, 0x01, 0xF0, 0x00, 0xFE, 0xEF, 0xEF, 0xF0, 0x0F, 0x01, 0xF0, 0xE0, 0xFF, 0x00
    .byte   0x11, 0x12, 0x21, 0x21, 0x22, 0x12, 0x11, 0x12, 0x10, 0x21,   16, 0x02, 0x12, 0x12, 0x22, 0x12
    .byte   0x0E, 0x0E, 0xFE, 0xEF, 0x0F, 0xF1, 0x10, 0xEF, 0x0D, 0xEE, 0xFE, 0xFF, 0x01, 0x0F, 0x0F, 0xEF
    .byte   0x1F, 0xF0, 0x11, 0x00, 0x10, 0xFF, 0x11, 0x00, 0x20, 0xEF, 0xFF,  -13, 0x0E, 0x00, 0x0F, 0xF0
    .byte   0xFF, 0xF1, 0xFF, 0x01, 0x01, 0x00, 0x0F, 0xF1, 0x02, 0x13, 0x22, 0x12, 0x00, 0xF0, 0x20, 0x22
    .byte   0x12, 0x00, 0x01, 0x02, 0x21, 0x20, 0x00, 0xEE, 0xFF, 0xE1, 0x10, 0x10,   23, 0x0F, 0xEE, 0xEF
    .byte   0xEF, 0x00, 0xFF, 0x0E, 0xFF, 0x0E, 0x01, 0x00, 0x0F, 0xFF, 0xFF, 0x11, 0x10, 0x11, 0x0F, 0x0F
    .byte   0xEF, 0x1F, 0x00, 0xF0, 0x0E, 0x0E, 0xFF, 0x11, 0x11, 0x11, 0x0F, 0x00, 0xF0,  -20, 0x01, 0x20
    .byte   0x22, 0x22, 0x01, 0x11, 0x10, 0x21, 0x11, 0x20, 0x01, 0x10, 0x01, 0x22, 0x01, 0x0F, 0xFE, 0xFF
    .byte   0x0E, 0x02, 0xFF, 0xF1, 0xFE, 0x01, 0xFF, 0xFF, 0xFE, 0xEE, 0x0F, 0x11, 0x21, 0xFF,   -4, 0x0E
    .byte   0xEF, 0x01, 0x2F, 0x21, 0xFE, 0xEF, 0xEF, 0xF1, 0x11, 0x01, 0x1F, 0xFF, 0xFF, 0xFF, 0x11, 0x02
    .byte   0x01, 0x11, 0x00, 0xFF, 0x01, 0x11, 0xF2, 0x22, 0x22, 0x10, 0x0E, 0xFF, 0x02, 0x02, 0x22,   18
    .byte   0x00, 0x10, 0xFF, 0x01, 0x21, 0x01, 0x1E, 0xEF, 0xFF, 0x02, 0x02, 0xEF, 0xE1, 0x0E, 0x02, 0x0E
    .byte   0xFF, 0xEE, 0xFF, 0x01, 0x02, 0x00, 0xEE, 0xFE, 0xF0, 0x00, 0x20, 0xFF, 0x0E, 0xFF, 0xF1, 0x00
    .byte    -17, 0x00, 0x0F, 0x02, 0x21, 0x0F, 0xEE, 0xEE, 0x12, 0x22, 0x21, 0xFF, 0xFF, 0xF0, 0x20, 0x21
    .byte   0x11, 0x11, 0x11, 0x01, 0x12, 0x10, 0x22, 0xEE, 0x10, 0x10, 0x12, 0x21, 0xE1, 0x2E, 0xE0, 0x32
    .byte   0xEF,   21, 0x0E, 0xEE, 0x12, 0x20, 0xFF, 0x1D, 0xE2, 0x2F, 0xE0, 0x0F, 0xEE, 0x11, 0xFF, 0x12
    .byte   0x1E, 0xEF, 0xEE, 0x01, 0x21, 0xEF, 0x1F, 0x0F, 0x21, 0xEE, 0x11, 0x0F, 0xF0, 0x10, 0xFF, 0x10
    .byte   0x00, 0x20,  -13, 0x00, 0x0F, 0x11, 0x0F, 0x21, 0x0F, 0x20, 0xEF, 0x13, 0x20, 0x10, 0x1D, 0xE2
    .byte   0x3F, 0x33, 0x2E, 0xDD, 0xEF, 0x12, 0x32, 0xFE, 0x22, 0xFF, 0x0F, 0xDD, 0xE0, 0x34, 0x31, 0xFD
    .byte   0xCC, 0xE2, 0x34,   24, 0x01, 0xED, 0xDD, 0x13, 0x22, 0xED, 0xD1, 0x13, 0x30, 0xED, 0xDE, 0x13
    .byte   0x31, 0xED, 0xDE, 0x12, 0x32, 0x1F, 0xDE, 0xF2, 0x22, 0xEE, 0xEF, 0xF2, 0x32, 0x2D, 0xEE, 0xE0
    .byte   0x23, 0x21, 0x0E, 0xEE,  -13, 0x02, 0x22, 0x0F, 0x02, 0xF2, 0xFF, 0xF2, 0xFE, 0xE3, 0x02, 0x33
    .byte   0xED, 0xCE, 0x23, 0x32, 0x2F, 0xCD, 0x13, 0x22, 0xEE, 0xEE, 0x03, 0x42, 0xDE, 0xEC, 0xDE, 0x34
    .byte   0x32, 0xFE, 0xED, 0xE1, 0x10,   -2, 0x0E, 0xE1, 0x32, 0x21, 0xED, 0xDE, 0x23, 0x20, 0xFE, 0xDD
    .byte   0x22, 0x32, 0x1E, 0xEE, 0xF0, 0x13, 0x0E, 0xDE, 0x23, 0x22, 0x2E, 0xDD, 0xD2, 0x31, 0x22, 0x21
    .byte   0x10, 0xFF, 0xFE, 0xEE, 0x01, 0x23,    8, 0x03, 0xEE, 0xF0, 0xEE, 0xE0, 0x12, 0x33, 0x30, 0xDC
    .byte   0xDF, 0x22, 0x44, 0xFD, 0xCD, 0xE2, 0x32, 0x22, 0xDD, 0xD2, 0x33, 0x22, 0x1D, 0xCD, 0xE3, 0x33
    .byte   0x21, 0xDD, 0xE0, 0x32, 0xFD, 0xDE, 0x32,    8, 0x02, 0xED, 0xDD, 0x23, 0x32, 0xEE, 0xDE, 0x13
    .byte   0x20, 0xEE, 0xE1, 0x11, 0x1F, 0xE1, 0x23, 0xFE, 0xEE, 0x0F, 0xF2, 0x31, 0xDF, 0x20, 0xEF, 0x32
    .byte   0xFE, 0x12, 0x1D, 0xF2, 0x11, 0x23, 0xFE, 0xEE,   -3, 0x02, 0x21, 0x21, 0xF0, 0x0D, 0xE2, 0x3E
    .byte   0x13, 0x0D, 0xEF, 0x0F, 0x01, 0x32, 0xED, 0x11, 0xDF, 0x22, 0x23, 0x3E, 0xED, 0xCD, 0x04, 0x32
    .byte   0x10, 0xDE, 0xE2, 0x20, 0xE0, 0x20, 0x2F, 0xED, 0xE0,  -10, 0x00, 0x14, 0x2D, 0xE2, 0x0D, 0xD0
    .byte   0x20, 0x12, 0x32, 0xDE, 0xFE, 0xE2, 0x23, 0x2E, 0xDD, 0x32, 0x22, 0x0E, 0xDE, 0xF3, 0x11, 0xF2
    .byte   0x20, 0x21, 0xED, 0xE0, 0x23, 0x30, 0xDE, 0xED, 0x14, 0x3F,   13, 0x01, 0xFD, 0xEF, 0xE1, 0x23
    .byte   0x3F, 0xED, 0xDF, 0x13, 0x2F, 0xEE, 0xFE, 0x24, 0x3F, 0xDC, 0xC1, 0x33, 0x42, 0xDD, 0xDF, 0x23
    .byte   0x2F, 0xED, 0xEE, 0x23, 0x3E, 0xEE, 0x1F, 0xEE, 0xF2, 0x22, 0x31,    7, 0x0D, 0xDD, 0x12, 0x23
    .byte   0x40, 0xDD, 0xEE, 0x21, 0x23, 0xFD, 0xD0, 0x23, 0x21, 0xEE, 0xEE, 0x23, 0x2E, 0xDE, 0x23, 0x20
    .byte   0xE1, 0xED, 0xF3, 0x41, 0xDD, 0xF3, 0x1E, 0x23, 0xEC, 0xE3, 0x32, 0xDE,    2, 0x01, 0x0F, 0x23
    .byte   0xED, 0xD0, 0x22, 0x31, 0x0E, 0xDD, 0x03, 0x21, 0x20, 0xE0, 0x01, 0x00, 0xFE, 0xFE, 0x11, 0x22
    .byte   0x0F, 0x02, 0xFE, 0xEF, 0xFF, 0x22, 0x2E, 0xDE, 0x01, 0x02, 0x30, 0x11, 0xEE,   -9, 0x0F, 0x22
    .byte   0x1E, 0x21, 0xFE, 0xF3, 0x2E, 0xDF, 0x21, 0x10, 0x11, 0xDF, 0x24, 0x3D, 0xDC, 0x13, 0xFE, 0x33
    .byte   0x2D, 0xD0, 0x3F, 0xE1, 0x31, 0xDF, 0xF2, 0x0D, 0xF0, 0x33, 0xF1, 0xDE, 0xEF, 0x31,    9, 0x0F
    .byte   0xDE, 0x23, 0x1F, 0xFE, 0xF1, 0x01, 0xF2, 0xFD, 0xD1, 0x33, 0x3E, 0x1E, 0xCD, 0x23, 0x3D, 0xE1
    .byte   0x21, 0xE2, 0x3E, 0xDE, 0x12, 0x32, 0xEE, 0xED, 0x02, 0x33, 0xFE, 0xDE, 0xD2, 0x33, 0x2F,    4
    .byte   0x0E, 0xEE, 0x13, 0x2F, 0xED, 0xF1, 0x22, 0x21, 0xED, 0x02, 0x10, 0xE2, 0x32, 0xDE, 0x20, 0xFE
    .byte   0x33, 0xED, 0xD0, 0x20, 0x23, 0x2F, 0xD1, 0x11, 0x1D, 0xE0, 0x23, 0x10, 0xE0, 0xFD, 0x0E, 0x33
    .byte     12, 0x01, 0xEE, 0xDE, 0x03, 0x30, 0xDE, 0x12, 0x20, 0x1F, 0xFD, 0xE2, 0x31, 0xE0, 0x2E, 0xED
    .byte   0x23, 0x1E, 0xE2, 0x11, 0xE0, 0x2E, 0xEE, 0x23, 0xFF, 0x1F, 0xFD, 0xF1, 0x21, 0x22, 0x2E, 0xDE
    .byte   0xEE,  -12, 0x03, 0x4F, 0xDD, 0xD1, 0x22, 0x32, 0x0D, 0xF2, 0x2F, 0xE2, 0xFD, 0xE1, 0x32, 0x10
    .byte   0x0F, 0xEF, 0x23, 0xED, 0x10, 0x20, 0x21, 0xFE, 0xD0, 0x32, 0xF0, 0x11, 0xDE, 0x22, 0x2E, 0xFF
    .byte   0x10, 0x20,    8, 0x0E, 0xFE, 0x01, 0x20, 0xEF, 0xF0, 0x22, 0x1E, 0xEE, 0x0F, 0x02, 0x21, 0xFE
    .byte   0xEF, 0xE0, 0x22, 0x00, 0xEF, 0xFF, 0x20, 0x00, 0xFE, 0x0F, 0x10, 0x31, 0x0E, 0xEF, 0x12, 0x22
    .byte   0x1E, 0xE0, 0x10,    2, 0x02, 0x1F, 0xEE, 0xF0, 0x32, 0x2F, 0xEF, 0xF1, 0x22, 0x2E, 0xE0, 0xFF
    .byte   0x02, 0x20, 0xDF, 0x1E, 0x02, 0x22, 0xDE, 0xE0, 0x0F, 0x21, 0xFE, 0xEF, 0x02, 0x10, 0x00, 0xEF
    .byte   0xEF, 0x10, 0xF0, 0x11,  -10, 0x0F, 0xF0, 0x0F, 0x1F, 0xFF, 0x10, 0x00, 0x0E, 0xE2, 0x10, 0x20
    .byte   0x20, 0x01, 0x12, 0xFF, 0x02, 0x0F, 0x02, 0x22, 0x02, 0xF3, 0x32, 0xEE, 0x11, 0xDE, 0x13, 0xFE
    .byte   0x02, 0x0E, 0xE2, 0xFE, 0xDE,    4, 0x0E, 0xF0, 0x2F, 0xEE, 0xF1, 0x12, 0x01, 0x0E, 0x00, 0x10
    .byte   0xF1, 0x12, 0x10, 0x0F, 0x0E, 0xE1, 0x11, 0x0E, 0xFE, 0xEE, 0xF1, 0x0F, 0x0E, 0xF1, 0x11, 0xFF
    .byte   0xEE, 0xE0, 0x23, 0x22, 0x20, 0xF0,  -10, 0x02, 0x02, 0x21, 0x34, 0x53, 0xDD, 0xCD, 0xD2, 0x33
    .byte   0x2E, 0xEF, 0x01, 0x22, 0x0D, 0xCD, 0xEF, 0x22, 0x1E, 0xED, 0xE2, 0x33, 0x1F, 0xDD, 0xE1, 0x23
    .byte   0x2F, 0xEE, 0xE2, 0x32, 0x21, 0xED, 0xD1,   -7, 0x02, 0x11, 0xEE, 0xE0, 0x10, 0xFE, 0xEE, 0xEE
    .byte   0x21, 0x10, 0x0F, 0xEF, 0x12, 0x22, 0x1F, 0x10, 0xF2, 0x22, 0x20, 0x22, 0x34, 0x53, 0x1C, 0xCC
    .byte   0xD0, 0x33, 0x3F, 0xEE, 0xF1, 0x22, 0x2D, 0xDC,   -3, 0x0E, 0x22, 0x2F, 0xED, 0xE1, 0x32, 0x21
    .byte   0xED, 0xEE, 0x22, 0x21, 0x0F, 0xF0, 0x13, 0x20, 0xFE, 0xED, 0x12, 0x20, 0xFE, 0xE0, 0xE1, 0x00
    .byte   0xEE, 0xEE, 0x0F, 0x02, 0x0F, 0xEF, 0xF1, 0x01, 0x21,  -21, 0x02, 0x3E, 0x0E, 0x21, 0x12, 0x23
    .byte   0x23, 0x54, 0x2D, 0xCC, 0xCE, 0x23, 0x41, 0xEE, 0xE0, 0x12, 0x3F, 0xDD, 0xCD, 0xF1, 0x32, 0xFE
    .byte   0xDE, 0x22, 0x32, 0x2D, 0xDD, 0xF2, 0x23, 0x11, 0xEE, 0xF2,    3, 0x02, 0x2F, 0xDE, 0xEE, 0x12
    .byte   0x20, 0xE0, 0xEF, 0xEF, 0x0E, 0xFE, 0xFF, 0xF0, 0x21, 0x0F, 0xE0, 0x01, 0x01, 0x22, 0x11, 0x21
    .byte   0x21, 0x11, 0x0F, 0x22, 0x24, 0x55, 0xDD, 0xCC, 0xCE, 0x33, 0x31,   27, 0x0E, 0x0E, 0x13, 0x3F
    .byte   0xCD, 0xDD, 0xE2, 0x32, 0x1E, 0xDE, 0x11, 0x33, 0x1E, 0xDD, 0xD1, 0x23, 0x23, 0xEE, 0xE1, 0xF2
    .byte   0x22, 0x1E, 0xDE, 0xE1, 0x12, 0x20, 0xEE, 0xEF, 0xE0, 0x1F, 0xEF, 0xFF,  -25, 0x01, 0x21, 0x0E
    .byte   0xFF, 0xF1, 0x22, 0x20, 0x02, 0x01, 0x22, 0x2F, 0xF0, 0x11, 0x35, 0x50, 0xDD, 0xCC, 0xC3, 0x33
    .byte   0x3E, 0xEE, 0xEE, 0x14, 0x1E, 0xDD, 0xCE, 0xF2, 0x32, 0xFE, 0xEE, 0xE2, 0x32,    9, 0x0E, 0xED
    .byte   0xEE, 0x22, 0x32, 0x10, 0xEE, 0xE1, 0x22, 0x1F, 0xEE, 0xEF, 0x01, 0x02, 0xFE, 0xEE, 0xFF, 0x01
    .byte   0x0F, 0xE0, 0xF1, 0x11, 0x01, 0xFF, 0x11, 0x12, 0x21, 0x21, 0x11, 0x11, 0x11, 0x01,    4, 0x01
    .byte   0x33, 0x53, 0xFE, 0xDC, 0xCE, 0x12, 0x32, 0x00, 0xFD, 0xF1, 0x20, 0xFF, 0xED, 0xDE, 0xF0, 0x22
    .byte   0x20, 0xFE, 0xF0, 0xF1, 0x21, 0xFE, 0xFF, 0x01, 0x12, 0x20, 0x0E, 0x0F, 0x0F, 0x1F, 0xEF,   -9
    .byte   0x00, 0xE0, 0x10, 0xF0, 0xEE, 0x0E, 0xFF, 0x10, 0x02, 0x11, 0x10, 0xF0, 0xF1, 0x11, 0x22, 0x20
    .byte   0x20, 0x11, 0x02, 0x01, 0x10, 0x21, 0x34, 0x32, 0x1F, 0xDC, 0xDF, 0xF1, 0x22, 0x21, 0xEE, 0x0F
    .byte     15, 0x0F, 0x0F, 0xEE, 0xEE, 0xEF, 0x10, 0x20, 0x20, 0xFE, 0xF0, 0x00, 0x02, 0x0F, 0x1F, 0x1F
    .byte   0x10, 0x20, 0x00, 0xE0, 0xEF, 0xFF, 0x0F, 0x0F, 0xEF, 0xFF, 0x0E, 0x0F, 0xFF, 0x01, 0x10, 0x01
    .byte   0x10,  -20, 0x00, 0x01, 0x22, 0x02, 0x11, 0x11, 0x12, 0x02, 0x11, 0x10, 0x22, 0x24, 0x22, 0x20
    .byte   0xDD, 0xED, 0xEF, 0x12, 0x22, 0xF0, 0xFE, 0xEE, 0xEE, 0xE2, 0xFE, 0x00, 0xEF, 0xFF, 0x01, 0x10
    .byte   0x12, 0xFF,   -4, 0x00, 0xF1, 0x11, 0x11, 0x1F, 0x00, 0xFF, 0x0F, 0x00, 0xEF, 0xFF, 0x0E, 0xF0
    .byte   0xFF, 0xFF, 0x00, 0xEF, 0x0F, 0x00, 0x11, 0x11, 0x11, 0x02, 0x00, 0x22, 0x02, 0x01, 0x21, 0x11
    .byte   0x10, 0x21, 0x22,   23, 0x03, 0x22, 0x21, 0xEE, 0xED, 0xEE, 0xF0, 0x21, 0x21, 0x1E, 0x1D, 0xEE
    .byte   0xEE, 0xFF, 0x11, 0x1F, 0x0E, 0x0E, 0x00, 0x11, 0x10, 0x20, 0x01, 0xF0, 0x0F, 0x11, 0x00, 0x01
    .byte   0xF0, 0xFE, 0x0E, 0xF0,  -13, 0x0F, 0xF0, 0xEF, 0x0F, 0x0E, 0xF1, 0x01, 0x01, 0x11, 0xF1, 0x01
    .byte   0xF2, 0x02, 0x22, 0x12, 0x01, 0x20, 0x10, 0x11, 0x10, 0x22, 0x23, 0x22, 0x22, 0xEF, 0xFD, 0xEE
    .byte   0xEF, 0xE2, 0x10, 0x20, 0xFE,   16, 0x0D, 0xEF, 0xEF, 0xE1, 0x12, 0xF0, 0xF0, 0xEF, 0xFF, 0xF0
    .byte   0x02, 0x02, 0x11, 0x1F, 0x00, 0xF0, 0x0F, 0x01, 0xF0, 0xFE, 0x0E, 0xFF, 0xFF, 0xF0, 0xF0, 0xF0
    .byte   0xFF, 0xFF, 0x00, 0x01, 0xF2, 0x01,  -17, 0x00, 0x20, 0x21, 0x02, 0x02, 0x00, 0x21, 0x00, 0x21
    .byte   0x02, 0x02, 0x22, 0x22, 0x22, 0xF0, 0xEE, 0xEE, 0xEE, 0xF0, 0x01, 0x10, 0xFF, 0xEE, 0xEE, 0xEF
    .byte   0xE1, 0x11, 0x11, 0x10, 0xF0, 0xE0, 0xE0,  -13, 0x01, 0x02, 0x02, 0x11, 0x11, 0x0F, 0xF0, 0xFF
    .byte   0x0F, 0x0F, 0xFF, 0xF0, 0xEF, 0xFF, 0xFF, 0xFF, 0x0F, 0x00, 0x00, 0xF0, 0x10, 0x11, 0x12, 0x11
    .byte   0x21, 0x12, 0x11, 0x11, 0x12, 0x11, 0x02, 0x01,   16, 0x02, 0x22, 0x22, 0x02, 0x1F, 0xFE, 0xEE
    .byte   0xEE, 0xFF, 0xF1, 0xF0, 0x0F, 0xEE, 0xFE, 0xEF, 0xE0, 0xF1, 0x11, 0x11, 0xFF, 0xF0, 0xE1, 0x0F
    .byte   0x10, 0x02, 0x02, 0x01, 0x1F, 0x0F, 0xF0, 0xE0, 0xFF,  -10, 0x00, 0xFF, 0x0E, 0x00, 0xE0, 0xFF
    .byte   0xF0, 0x01, 0x01, 0x01, 0x1F, 0x10, 0x11, 0x12, 0x12, 0x22, 0x11, 0x11, 0x11, 0x01, 0x11, 0x02
    .byte   0x20, 0x31, 0x22, 0x11, 0x10, 0xEF, 0xEE, 0xEE, 0xFF, 0xF0,   14, 0x00, 0xFE, 0xFE, 0xEF, 0xEF
    .byte   0xFF, 0x01, 0x11, 0x11, 0x00, 0xFE, 0x0F, 0xFF, 0x01, 0x12, 0x02, 0x10, 0x10, 0xFF, 0x0E, 0x0F
    .byte   0xFF, 0xF0, 0xFF, 0x0E, 0x00, 0xE0, 0xFF, 0x00, 0x00, 0x00, 0x00,  -20, 0x01, 0x11, 0x02, 0x02
    .byte   0x12, 0x11, 0x10, 0x21, 0x10, 0x21, 0x11, 0x12, 0x12, 0x22, 0x22, 0x2F, 0x0E, 0xFE, 0xEE, 0xEF
    .byte   0xFE, 0x10, 0x0E, 0x0E, 0xFE, 0xEE, 0xFF, 0x01, 0x11, 0x02, 0x00, 0xFF,   -6, 0x00, 0xE0, 0xF1
    .byte   0x11, 0x02, 0x02, 0x1F, 0x0F, 0x0F, 0xFF, 0xFF, 0xF0, 0xF0, 0xEF, 0xFF, 0xEF, 0xFF, 0x00, 0x00
    .byte   0x10, 0x00, 0x1F, 0x01, 0x02, 0x02, 0x02, 0x20, 0x12, 0x01, 0x11, 0x02, 0x01,   12, 0x00, 0x22
    .byte   0x22, 0x22, 0x21, 0x10, 0xFE, 0xEE, 0xEE, 0xEF, 0xFF, 0x10, 0xFF, 0xEE, 0xEE, 0xEF, 0x00, 0x12
    .byte   0x11, 0x11, 0x0E, 0xFF, 0xEF, 0xF1, 0x02, 0x20, 0x11, 0xF0, 0xFF, 0xF0, 0x10, 0x1F,   -3, 0x0F
    .byte   0xEE, 0xEF, 0xFF, 0xE1, 0xF1, 0x10, 0x00, 0xF0, 0xFF, 0xF1, 0x11, 0x11, 0x11, 0x02, 0x21, 0x22
    .byte   0x02, 0x01, 0x11, 0x00, 0x20, 0x22, 0x22, 0x31, 0x22, 0x10, 0xEE, 0xEE, 0xDE, 0xFF, 0x01,   15
    .byte   0x00, 0xFE, 0xFE, 0xEE, 0xF0, 0x11, 0x21, 0x10, 0xFE, 0x0E, 0xFF, 0xF0, 0x11, 0x02, 0x01, 0xFF
    .byte   0x00, 0x01, 0x11, 0x10, 0x0E, 0xFE, 0xEE, 0xFF, 0xFF, 0x01, 0x10, 0xFF, 0xFF, 0xF1, 0x01, 0x10
    .byte    -20, 0x00, 0xF0, 0xF1, 0x12, 0x22, 0x22, 0x01, 0x00, 0x02, 0x02, 0x02, 0x11, 0x21, 0x32, 0x31
    .byte   0x20, 0xEE, 0xDE, 0xDE, 0xE1, 0x21, 0x11, 0x1E, 0xEE, 0xEE, 0x01, 0x22, 0x00, 0xFE, 0xEE, 0xE1
    .byte   0x11,   -3, 0x01, 0x1F, 0x0E, 0x0F, 0x10, 0x22, 0x10, 0xF0, 0xEE, 0x0F, 0xF0, 0xF0, 0xEF, 0xEF
    .byte   0xE0, 0x00, 0x12, 0x00, 0xF0, 0xFF, 0xF0, 0x11, 0x11, 0xFF, 0x01, 0x02, 0x22, 0x22, 0x11, 0x11
    .byte   0x02, 0x01,   12, 0x01, 0x21, 0x23, 0x31, 0x21, 0xFD, 0xED, 0xEE, 0xE0, 0x11, 0x1F, 0x0F, 0xEF
    .byte   0xFF, 0x10, 0xF0, 0x0E, 0xE0, 0xF1, 0x11, 0x1F, 0x0E, 0x0F, 0x02, 0x11, 0x10, 0xF1, 0xE1, 0xF1
    .byte   0x00, 0x0F, 0xFE,  -10, 0x0F, 0xE0, 0xFF, 0xFF, 0xFF, 0xF0, 0x11, 0x0F, 0xFF, 0xFF, 0x01, 0x11
    .byte   0x10, 0x10, 0x22, 0x22, 0x11, 0xF1, 0x11, 0x22, 0x20, 0x10, 0x20, 0x22, 0x33, 0x20, 0xEE, 0xDE
    .byte   0xEE, 0xF0, 0xE0, 0x0F,   11, 0x01, 0x12, 0x0E, 0xFF, 0xEE, 0xE0, 0x00, 0xF1, 0x0F, 0xE0, 0x10
    .byte   0x11, 0x10, 0x0F, 0xF1, 0x10, 0x01, 0x0E, 0xFF, 0x00, 0x10, 0x1F, 0xEE, 0x0E, 0xF1, 0x10, 0x0F
    .byte   0xFF, 0xF1, 0x1F, 0x0E, 0xFF,  -27, 0x01, 0x21, 0x21, 0x11, 0x11, 0x21, 0x22, 0x11, 0xF1, 0xF1
    .byte   0x22, 0x11, 0x22, 0x22, 0x33, 0x0E, 0xEE, 0xDE, 0xFE, 0x1F, 0xD2, 0x11, 0x12, 0x11, 0xED, 0xEF
    .byte   0xFE, 0x11, 0xFF, 0xE0, 0x12, 0x01,    1, 0x0F, 0xEF, 0xE1, 0x21, 0x10, 0x00, 0xE0, 0x01, 0x10
    .byte   0xFF, 0xEF, 0xFF, 0x10, 0x0F, 0xEF, 0xF0, 0x10, 0x00, 0xEF, 0x00, 0xF1, 0x11, 0xF0, 0x11, 0x21
    .byte   0x11, 0x10, 0x01, 0x22, 0x22, 0x2E, 0x0F,    5, 0x02, 0x21, 0x22, 0x21, 0x33, 0xFE, 0xEE, 0xEE
    .byte   0xE0, 0xFE, 0xE0, 0x22, 0x11, 0x0F, 0xED, 0xFF, 0x0E, 0xE1, 0xF0, 0x02, 0x10, 0xFE, 0x10, 0x00
    .byte   0xF0, 0xE0, 0x02, 0x10, 0x00, 0xE0, 0x01, 0x0F,   -8, 0x0E, 0x1F, 0xF0, 0xF1, 0xFE, 0x01, 0x0F
    .byte   0x0E, 0xFF, 0xF1, 0x11, 0x01, 0x11, 0x10, 0x12, 0x2F, 0x00, 0xFF, 0x22, 0x22, 0x0F, 0x12, 0x12
    .byte   0x11, 0x11, 0x21, 0x14, 0x3E, 0xDE, 0xFE, 0xEE, 0xFF,   10, 0x0E, 0x13, 0x22, 0x0E, 0xFE, 0xDF
    .byte   0x0E, 0xEE, 0xF1, 0x21, 0x21, 0x00, 0xEF, 0x11, 0x0E, 0xE0, 0xE2, 0x22, 0x0F, 0xFF, 0xF0, 0x0F
    .byte   0xFE, 0xE0, 0x01, 0x20, 0xE0, 0xE0, 0x11, 0xFE, 0xE1, 0xF0,  -24, 0x01, 0xF1, 0x00, 0x20, 0x21
    .byte   0x1F, 0xF2, 0x20, 0xFE, 0x12, 0x32, 0x2F, 0xFE, 0x22, 0x30, 0xE0, 0x00, 0x34, 0x2F, 0xDD, 0xFF
    .byte   0xE0, 0xE0, 0xDE, 0x33, 0x2F, 0x0E, 0xEE, 0xD1, 0x0E, 0xD0, 0x12,    1, 0x01, 0x20, 0xEF, 0x00
    .byte   0x0E, 0xEE, 0xE1, 0x22, 0x21, 0x01, 0xE1, 0x10, 0xEE, 0xEF, 0x01, 0x2F, 0xFF, 0xF1, 0x0F, 0xE0
    .byte   0xEF, 0x01, 0x10, 0x0E, 0x01, 0x20, 0x01, 0x12, 0x10, 0x02, 0x0E, 0xF1,  -11, 0x0F, 0x33, 0x22
    .byte   0xE1, 0x21, 0x0F, 0x12, 0xFF, 0x23, 0x4E, 0xED, 0xE0, 0xE0, 0xE1, 0xDE, 0x13, 0x31, 0x0E, 0xEE
    .byte   0xEF, 0xFE, 0xED, 0x12, 0x22, 0x10, 0xFE, 0x11, 0x0F, 0xED, 0xF0, 0x21, 0x21,   -2, 0x0E, 0x02
    .byte   0x10, 0xEE, 0xFF, 0x01, 0x00, 0xFE, 0xF0, 0x11, 0xFE, 0xFF, 0x11, 0xF0, 0x0E, 0x00, 0x11, 0x11
    .byte   0x11, 0x11, 0x21, 0x2F, 0xF0, 0x01, 0x23, 0xF1, 0x02, 0x22, 0xFE, 0x11, 0x21, 0x22,   38, 0x02
    .byte   0xEE, 0xEF, 0xEE, 0xEF, 0x0D, 0x21, 0x32, 0xEF, 0xF1, 0xDE, 0xF1, 0xDE, 0x11, 0x20, 0x00, 0x2F
    .byte   0x01, 0x00, 0xDF, 0xE1, 0xF0, 0x21, 0x1F, 0xF2, 0x0F, 0xFE, 0x0F, 0xE0, 0x00, 0x0F, 0x01,  -12
    .byte   0x0F, 0xEF, 0x0F, 0xFF, 0x01, 0x0E, 0x11, 0x00, 0x10, 0x12, 0xF1, 0x11, 0x12, 0x02, 0x0F, 0x22
    .byte   0x12, 0x02, 0x0E, 0x20, 0x3E, 0x20, 0x11, 0x33, 0xFE, 0xD0, 0x1E, 0x0E, 0x1D, 0xE2, 0x32, 0xEF
    .byte     16, 0x01, 0xEE, 0x10, 0xED, 0xE2, 0x12, 0xE1, 0x2E, 0x12, 0x00, 0xEE, 0xE0, 0xF0, 0x20, 0x0F
    .byte   0x01, 0x2F, 0xEF, 0xFF, 0xFF, 0x00, 0xFE, 0xF2, 0x0F, 0x0E, 0xFF, 0xF1, 0xFF, 0xFF, 0x11, 0x10
    .byte   0x1F,  -20, 0x00, 0x21, 0x1F, 0x01, 0x21, 0x22, 0x1F, 0x01, 0x32, 0x00, 0x11, 0xF0, 0x13, 0xF0
    .byte   0x23, 0x0E, 0xFE, 0x1E, 0xE0, 0x0E, 0xD2, 0x22, 0x1E, 0x11, 0xEE, 0x11, 0xED, 0xE2, 0x1F, 0xF0
    .byte   0x2E, 0x01,    3, 0x01, 0xEE, 0x11, 0xEF, 0x02, 0x0E, 0x10, 0x2E, 0x01, 0xFF, 0xE0, 0x10, 0xFE
    .byte   0x11, 0xFF, 0x00, 0xFE, 0xF0, 0x10, 0xFF, 0x10, 0xF0, 0x11, 0x11, 0x10, 0xF1, 0x22, 0x2F, 0x01
    .byte   0x10, 0x21, 0x3F,    8, 0x00, 0x13, 0xF2, 0xFF, 0x1E, 0x33, 0x3D, 0xEE, 0xE2, 0xE2, 0xFD, 0xEE
    .byte   0x22, 0x21, 0xE0, 0xEE, 0x12, 0x1D, 0xEE, 0x11, 0xF1, 0x0E, 0xF1, 0x22, 0x1E, 0xEE, 0x00, 0x21
    .byte   0xFE, 0xF0, 0x11, 0x11,   -6, 0x0E, 0xE1, 0x11, 0x0F, 0xFF, 0x1F, 0x00, 0xEF, 0x0F, 0xF0, 0x00
    .byte   0xF1, 0x00, 0x20, 0x00, 0x10, 0xF0, 0x11, 0x12, 0x21, 0x11, 0x22, 0x22, 0xFE, 0xF1, 0x22, 0x20
    .byte   0xF1, 0xF2, 0x32, 0x1D, 0xFE,   22, 0x01, 0x11, 0xED, 0xE2, 0x21, 0x10, 0xEF, 0xEF, 0x21, 0xEE
    .byte   0xEF, 0xF0, 0x11, 0xFE, 0xF1, 0x21, 0x0F, 0xE0, 0xE1, 0x21, 0xFE, 0x00, 0x11, 0x0F, 0xFE, 0xE0
    .byte   0x1F, 0x0F, 0xF0, 0x00, 0x20, 0xFF,  -19, 0x0F, 0x01, 0x10, 0xF0, 0xE1, 0x21, 0x11, 0x00, 0x11
    .byte   0x22, 0x1F, 0xF1, 0x02, 0x22, 0x01, 0x01, 0x20, 0x10, 0x01, 0x02, 0x02, 0x11, 0x0F, 0xFF, 0xFF
    .byte   0x00, 0xEE, 0x01, 0x11, 0x00, 0x0E, 0xF0,   10, 0x0F, 0x0E, 0xF0, 0xFE, 0x11, 0x10, 0xFF, 0xF0
    .byte   0xF0, 0x0F, 0xFF, 0x0F, 0x10, 0xFF, 0x00, 0xFF, 0x0F, 0xF0, 0x0F, 0x0F, 0x00, 0x01, 0xF0, 0x00
    .byte   0x00, 0x00, 0xF0, 0x11, 0x0F, 0x10, 0x11, 0x00,   -8, 0x00, 0x10, 0x11, 0x00, 0x02, 0x11, 0x10
    .byte   0x12, 0xF1, 0x10, 0xF1, 0x11, 0x11, 0xF1, 0x01, 0xF0, 0x1F, 0x0F, 0x10, 0xFF, 0xF0, 0x10, 0xF1
    .byte   0xFF, 0xF0, 0x00, 0x01, 0xE1, 0x0F, 0x01, 0x0F, 0xFF,    1, 0x00, 0x00, 0x00, 0xFF, 0xF1, 0x01
    .byte   0xFF, 0xFF, 0x10, 0xF0, 0xFF, 0x00, 0x00, 0x00, 0x0F, 0x01, 0x00, 0xFF, 0x10, 0x01, 0x00, 0x0F
    .byte   0x01, 0x01, 0x0F, 0x00, 0x0F, 0x2F, 0x1F, 0x00, 0x01, 0x11,   -2, 0x0F, 0x11, 0x11, 0xF0, 0x00
    .byte   0x01, 0x11, 0xF1, 0xF0, 0x11, 0x00, 0x00, 0x0F, 0x11, 0x1F, 0x00, 0xF0, 0x01, 0x01, 0x0F, 0x0F
    .byte   0x11, 0x11, 0xE1, 0xF0, 0x10, 0x0F, 0x0F, 0xF0, 0x11, 0xF0, 0xFF,    1, 0x01, 0xF1, 0xF0, 0xF0
    .byte   0x00, 0xF0, 0x1F, 0x0F, 0x00, 0x01, 0xFF, 0x0F, 0x01, 0x00, 0xFF, 0x01, 0x01, 0xF0, 0x0F, 0x10
    .byte   0x00, 0xF0, 0x00, 0x11, 0x01, 0xFF, 0x1F, 0x01, 0xF2, 0xFF, 0x00, 0x11,    0, 0x0F, 0x00, 0x00
    .byte   0x10, 0x00, 0x00, 0x10, 0x00, 0x11, 0xF0, 0xF0, 0x11, 0x0F, 0x00, 0x10, 0x10, 0xF0, 0xF1, 0xF1
    .byte   0x1F, 0x1F, 0x0F, 0x01, 0x00, 0xF1, 0x0F, 0x1F, 0x0F, 0x10, 0x00, 0x00, 0xF0,    0, 0x00, 0x1F
    .byte   0x1F, 0xF1, 0xF1, 0x10, 0xFF, 0xF0, 0x11, 0x0F, 0x0E, 0x2F, 0x10, 0xF0, 0x00, 0x0F, 0x1F, 0x01
    .byte   0x00, 0x0F, 0x1F, 0x00, 0x10, 0x1F, 0x0F, 0x01, 0x10, 0xF0, 0x00, 0x10, 0x00, 0x01,   -1, 0x01
    .byte   0xF0, 0x1F, 0x1F, 0x01, 0x02, 0xFE, 0x10, 0x01, 0x01, 0x0F, 0x0F, 0x11, 0x1F, 0xFF, 0x11, 0x10
    .byte   0xFF, 0xF0, 0x12, 0xE0, 0x10, 0x00, 0x0F, 0x1F, 0x1F, 0xF1, 0xF1, 0x01, 0x1E, 0x01, 0x01,    0
    .byte   0x00, 0x0F, 0x10, 0x1F, 0x00, 0xF0, 0x01, 0x00, 0xF0, 0x0F, 0x11, 0x00, 0xF0, 0xF0, 0x2E, 0x2E
    .byte   0x00, 0x01, 0x10, 0x0F, 0x0F, 0xF0, 0x20, 0x1E, 0x1F, 0x11, 0x00, 0x0F, 0x01, 0x00, 0x0F, 0x00
    .byte     -1, 0x01, 0x10, 0xF1, 0xF0, 0x10, 0x0F, 0x00, 0x1F, 0x01, 0x01, 0xFF, 0x10, 0xF1, 0x01, 0xF1
    .byte   0x0F, 0xF0, 0x10, 0x1F, 0xF1, 0x00, 0x1F, 0xF1, 0xF1, 0x00, 0xFF, 0x1F, 0x10, 0x00, 0xF0, 0x10
    .byte   0xF1,    1, 0x0F, 0x00, 0xF0, 0x00, 0x10, 0xF0, 0x01, 0xF1, 0xF1, 0xF0, 0x00, 0x10, 0xF1, 0xF1
    .byte   0x0F, 0x0F, 0x10, 0x1F, 0x01, 0xF1, 0x0F, 0x11, 0xFF, 0x10, 0xF1, 0xF1, 0x10, 0xF0, 0xF0, 0x11
    .byte   0xF0, 0x00,    0, 0x01, 0xF1, 0xF0, 0xF1, 0x11, 0xFF, 0x0F, 0x20, 0xE0, 0x01, 0x10, 0x00, 0x0F
    .byte   0x01, 0x0F, 0x00, 0x00, 0x01, 0x0F, 0xF1, 0x00, 0x00, 0x00, 0x1F, 0xF1, 0x01, 0xF1, 0xFF, 0x01
    .byte   0x0F, 0x00, 0x1F,   -1, 0x00, 0x01, 0xF0, 0x00, 0x10, 0x00, 0xF1, 0x00, 0x1F, 0xF0, 0x00, 0x01
    .byte   0x1F, 0x00, 0x0F, 0x10, 0x0F, 0x0F, 0x11, 0x01, 0x0F, 0x00, 0x01, 0x0F, 0xF0, 0x01, 0x10, 0x0F
    .byte   0x1F, 0x00, 0x00, 0x01,    1, 0x0F, 0x10, 0x00, 0x00, 0xFF, 0x11, 0xF0, 0x00, 0x1F, 0x10, 0x00
    .byte   0xF0, 0x00, 0x00, 0x00, 0x00, 0x00, 0xF1, 0x00, 0xF1, 0x0F, 0x10, 0x10, 0xF0, 0x0F, 0x10, 0xF0
    .byte   0x10, 0xF1, 0x00, 0x0F, 0x10,    1, 0x0F, 0xFF, 0x10, 0x01, 0x10, 0xFF, 0x01, 0x00, 0x1F, 0x1F
    .byte   0x00, 0x00, 0xF0, 0x00, 0x10, 0x1F, 0x10, 0xF1, 0xF0, 0x00, 0xF0, 0x01, 0x10, 0xF0, 0x00, 0x10
    .byte   0xF0, 0xFF, 0x01, 0x10, 0x11, 0x0F,    1, 0x00, 0xF1, 0xFF, 0x0F, 0x00, 0x20, 0x0F, 0xF1, 0xF0
    .byte   0x00, 0x01, 0xF0, 0x00, 0x10, 0x0F, 0xF0, 0x01, 0x10, 0x1F, 0x0F, 0x00, 0x0F, 0x10, 0x00, 0x10
    .byte   0xF0, 0x1F, 0x0F, 0x0F, 0x0F, 0x10, 0x11,    1, 0x0F, 0xFF, 0xFF, 0x10, 0x11, 0x00, 0x10, 0x10
    .byte   0x10, 0xE0, 0xFF, 0x11, 0x11, 0x11, 0xF1, 0x00, 0xFF, 0xFF, 0x01, 0x10, 0x11, 0xF0, 0xF2, 0x02
    .byte   0x1F, 0xFF, 0xF0, 0x02, 0xFF, 0xFF, 0x1F, 0xF1,    5, 0x01, 0xE0, 0xF0, 0x01, 0x10, 0x1E, 0xEF
    .byte   0x1F, 0xF0, 0xEF, 0xF0, 0x21, 0x00, 0xFF, 0xEF, 0x1F, 0x0F, 0x10, 0x02, 0x02, 0x00, 0xFF, 0x00
    .byte   0x01, 0x2F, 0xF1, 0x12, 0x22, 0x2F, 0x0F, 0x11, 0x32,   31, 0x0E, 0xFE, 0xDF, 0xF0, 0x11, 0xEE
    .byte   0xF1, 0xF2, 0x12, 0xEE, 0xEF, 0xFF, 0x11, 0x0F, 0xE0, 0xF1, 0x02, 0x2E, 0xFF, 0x00, 0x02, 0x10
    .byte   0xE0, 0x00, 0xF0, 0x20, 0xFF, 0x0F, 0x0F, 0x0E, 0xFF, 0xF1,   -8, 0x0F, 0x10, 0xFE, 0x00, 0x10
    .byte   0xEF, 0xFF, 0x00, 0x21, 0x10, 0x00, 0x10, 0x10, 0x21, 0xF2, 0x20, 0x20, 0x20, 0xF2, 0x12, 0x02
    .byte   0x32, 0xEE, 0xE0, 0xD0, 0xE2, 0xEE, 0xF1, 0x20, 0x22, 0x2E, 0xEE,    3, 0x00, 0xF0, 0x0F, 0xEE
    .byte   0x02, 0x10, 0x21, 0x0E, 0xFF, 0x20, 0xE1, 0x1F, 0xE0, 0x12, 0x00, 0x10, 0x0E, 0x01, 0x10, 0xEF
    .byte   0xFF, 0xFF, 0x2F, 0x0F, 0x00, 0xE0, 0x00, 0xF0, 0xE0, 0x00, 0x12, 0x00,  -12, 0x01, 0x00, 0x1F
    .byte   0x02, 0x02, 0x02, 0xE2, 0xF2, 0x21, 0x2E, 0x21, 0x21, 0x33, 0xEE, 0xD0, 0xEE, 0x1F, 0x2D, 0xE0
    .byte   0x21, 0x13, 0x1F, 0xDE, 0xEF, 0x01, 0x10, 0xFD, 0x01, 0x22, 0x12, 0xEF, 0xEF,   -2, 0x00, 0x1F
    .byte   0xF1, 0xE0, 0x02, 0x2F, 0x00, 0xFE, 0xF0, 0x0F, 0x0E, 0x00, 0xF0, 0x21, 0xFF, 0x0E, 0xFF, 0xFF
    .byte   0x1F, 0xFF, 0x11, 0x02, 0x01, 0x0E, 0x00, 0x20, 0x22, 0x11, 0x1F, 0x10, 0x21, 0x21,   10, 0x01
    .byte   0x21, 0x23, 0x2F, 0xFD, 0xEE, 0xF0, 0x01, 0xEE, 0x11, 0x12, 0x21, 0xFE, 0xDF, 0xE1, 0x11, 0x1E
    .byte   0xFF, 0xF1, 0x22, 0x0F, 0xEF, 0xE1, 0x11, 0x00, 0xFF, 0xF1, 0x11, 0x11, 0x0F, 0xFF, 0xE1,   -7
    .byte   0x00, 0xF0, 0x0F, 0x10, 0xF1, 0x1E, 0x1F, 0xE0, 0xE1, 0x00, 0x02, 0x00, 0x1F, 0x20, 0xF1, 0xF0
    .byte   0xF0, 0x21, 0x21, 0x11, 0x02, 0x22, 0x00, 0x01, 0x2F, 0x23, 0x2E, 0xEE, 0xEE, 0xF0, 0x10, 0xEF
    .byte      9, 0x01, 0x12, 0x2F, 0xEE, 0xEE, 0xE1, 0x11, 0x0E, 0xF0, 0x12, 0x11, 0x1F, 0xEE, 0x11, 0xF1
    .byte   0xF1, 0xFF, 0x11, 0x10, 0x01, 0xFF, 0xE0, 0xF0, 0xF1, 0x1F, 0x00, 0xF1, 0xFF, 0xFF, 0xF0, 0xEF
    .byte   0x01,  -16, 0x00, 0x11, 0x00, 0xF1, 0x01, 0x01, 0x1F, 0x02, 0x12, 0x02, 0x01, 0x01, 0x12, 0x20
    .byte   0x00, 0x2F, 0x13, 0x3E, 0xE0, 0xDE, 0xE2, 0x11, 0x1D, 0x20, 0x11, 0x22, 0xEE, 0xDF, 0xEF, 0x12
    .byte   0x1F, 0xE0,   -2, 0x01, 0x12, 0x1F, 0xEE, 0x0F, 0x00, 0x11, 0xF0, 0x10, 0x01, 0x01, 0x0F, 0xEF
    .byte   0x0F, 0x0F, 0x01, 0x0F, 0xF0, 0x00, 0xFF, 0xF0, 0xE0, 0x10, 0x01, 0x00, 0xF0, 0x11, 0x10, 0x11
    .byte   0x0F, 0x02, 0x01,   -2, 0x02, 0xF0, 0x10, 0x12, 0x12, 0x01, 0x11, 0x12, 0x32, 0xEE, 0xEE, 0xE0
    .byte   0x20, 0x0E, 0xFF, 0x01, 0x22, 0xFE, 0xEE, 0xEE, 0x12, 0x10, 0xE0, 0xFF, 0x02, 0x11, 0xEE, 0x0E
    .byte   0x01, 0x12, 0xF1, 0xE1,   -4, 0x00, 0x10, 0xFF, 0xFF, 0xF0, 0x01, 0xF0, 0xFF, 0xFF, 0x00, 0x1F
    .byte   0xFF, 0xFF, 0x00, 0x01, 0x0F, 0x0F, 0x10, 0x11, 0x11, 0x0F, 0x20, 0x02, 0x21, 0xF1, 0x00, 0x21
    .byte   0x21, 0x1F, 0x21, 0x02, 0x31,   24, 0x0F, 0xEE, 0xE1, 0x21, 0x0E, 0xF0, 0x00, 0x22, 0xFE, 0xDF
    .byte   0xFF, 0x01, 0x2F, 0xEE, 0x10, 0x00, 0x21, 0xEE, 0xFF, 0x00, 0x02, 0x0F, 0xFF, 0x0F, 0x11, 0x00
    .byte   0xE0, 0xFF, 0xF1, 0x10, 0x00, 0xFF,  -12, 0x00, 0x1F, 0xFF, 0xFF, 0xF0, 0x11, 0x1F, 0x00, 0xF0
    .byte   0x12, 0xF0, 0x00, 0x12, 0x12, 0x2F, 0x0E, 0x02, 0x12, 0x21, 0x0F, 0x1F, 0x23, 0x2F, 0xEE, 0xEF
    .byte   0x02, 0x2F, 0xEE, 0x00, 0x02, 0x20, 0xEE,    6, 0x0E, 0x01, 0x22, 0xFE, 0xEF, 0x0F, 0x21, 0x0F
    .byte   0xEE, 0xF0, 0x01, 0x21, 0xFE, 0xF0, 0x01, 0x10, 0x0E, 0xFF, 0xF0, 0x11, 0x0F, 0x0E, 0x11, 0xFF
    .byte   0x1F, 0xFF, 0xFF, 0x10, 0x01, 0x0F, 0x01, 0x11,  -13, 0x01, 0x10, 0xF0, 0x20, 0x20, 0x20, 0x00
    .byte   0x20, 0x00, 0x02, 0x02, 0x02, 0x3E, 0x0F, 0x0E, 0xF1, 0x02, 0xEF, 0x00, 0xF0, 0x21, 0xFE, 0xEE
    .byte   0xF0, 0x12, 0x0F, 0xEF, 0xF0, 0x10, 0x0F, 0xEE, 0xF1,   -5, 0x01, 0x12, 0xFF, 0xE1, 0x10, 0xE0
    .byte   0x00, 0xF1, 0x0F, 0xFF, 0x10, 0xF0, 0x0F, 0xFF, 0x01, 0xF0, 0xFF, 0x0F, 0x00, 0x1F, 0x01, 0x10
    .byte   0x20, 0x0E, 0x10, 0x22, 0x12, 0xFF, 0x00, 0x22, 0x01, 0x01,    8, 0x00, 0x22, 0x3E, 0x0E, 0x0F
    .byte   0xF2, 0xF0, 0xFF, 0x00, 0xF0, 0x21, 0xEE, 0xFE, 0x00, 0x11, 0x0F, 0xEF, 0xF1, 0x10, 0x0E, 0x1E
    .byte   0xF1, 0x10, 0xF0, 0x11, 0xFF, 0x10, 0xEF, 0x0F, 0xF0, 0x02, 0x00,   -7, 0x00, 0xE0, 0x0F, 0x10
    .byte   0xF0, 0xFF, 0x11, 0x1F, 0x0E, 0xE1, 0x10, 0x21, 0x10, 0x0F, 0x02, 0x02, 0x12, 0xE1, 0x01, 0x12
    .byte   0x02, 0x10, 0x01, 0x12, 0x3F, 0xFE, 0x0E, 0x01, 0x22, 0xEE, 0x01, 0xF1,   19, 0x00, 0xFE, 0xEE
    .byte   0x00, 0x12, 0x0F, 0xEE, 0x11, 0x01, 0xFF, 0xEE, 0x1F, 0x21, 0xF1, 0x0E, 0x01, 0x0F, 0xF0, 0x0E
    .byte   0x00, 0x11, 0xF0, 0x0F, 0xFF, 0x0F, 0xF0, 0x00, 0xFF, 0x01, 0xF1, 0x10, 0x0F,  -15, 0x0F, 0x00
    .byte   0x21, 0x10, 0x00, 0x02, 0x21, 0x0F, 0x10, 0x02, 0x21, 0x00, 0x01, 0x12, 0x22, 0xEE, 0x0F, 0x00
    .byte   0x21, 0x0E, 0xF0, 0x00, 0x22, 0x0D, 0xEF, 0xF0, 0x12, 0x1E, 0x0E, 0x00, 0x11, 0x0E,   -1, 0x0F
    .byte   0xF1, 0x00, 0x11, 0xF1, 0x00, 0xFE, 0xFF, 0xF0, 0x01, 0x00, 0xF0, 0xF0, 0x0F, 0x0F, 0xEF, 0x11
    .byte   0x11, 0x0F, 0xFF, 0x01, 0x1F, 0x00, 0x0F, 0x12, 0x11, 0xF0, 0x01, 0x21, 0x11, 0xFF, 0x22,    6
    .byte   0x01, 0x1F, 0x1F, 0x02, 0x31, 0xE0, 0xFE, 0x01, 0x12, 0x0E, 0xF0, 0x00, 0x21, 0x1E, 0xEE, 0x0F
    .byte   0x12, 0x1F, 0xEF, 0xE1, 0x11, 0xF1, 0xEE, 0xF1, 0x10, 0x10, 0xF0, 0xF0, 0x10, 0xEF, 0x0E, 0x02
    .byte     -5, 0x01, 0xF0, 0xEF, 0x0F, 0x11, 0xFE, 0xF0, 0x00, 0x21, 0x10, 0xEF, 0xFF, 0x11, 0x11, 0x11
    .byte   0x10, 0x00, 0x11, 0x22, 0x2F, 0xEF, 0xF1, 0x22, 0x10, 0xFF, 0x01, 0x32, 0x0E, 0x0E, 0xF0, 0x12
    .byte   0x1F,   12, 0x0F, 0x01, 0x12, 0x1F, 0xEE, 0xFF, 0x11, 0x11, 0xFE, 0xF0, 0xF1, 0x10, 0xEF, 0xFE
    .byte   0x11, 0x11, 0x0E, 0x0F, 0xF0, 0x10, 0xEF, 0xF0, 0x00, 0x20, 0x0E, 0xFF, 0x01, 0x10, 0xFF, 0x00
    .byte   0x00, 0x20,  -10, 0x0F, 0xFF, 0x01, 0x21, 0x00, 0xF1, 0x10, 0x20, 0xFF, 0x11, 0x21, 0x11, 0x0F
    .byte   0x12, 0x00, 0x12, 0xF0, 0x01, 0x0F, 0x0F, 0x2E, 0xF0, 0x11, 0x11, 0x10, 0xEF, 0xE1, 0x00, 0x01
    .byte   0x0E, 0xF1, 0x11,    7, 0x0F, 0xFE, 0xE0, 0x11, 0x10, 0xF0, 0xE0, 0x10, 0xFF, 0xEF, 0x01, 0x11
    .byte   0x0F, 0x0F, 0xF0, 0xF0, 0x0F, 0x0F, 0x2F, 0x10, 0xF1, 0x00, 0x0F, 0x10, 0x11, 0x11, 0x01, 0x00
    .byte   0x20, 0x1F, 0x01, 0x01,    2, 0x01, 0x02, 0x01, 0x00, 0x21, 0x0F, 0x00, 0xF0, 0x11, 0x10, 0xE0
    .byte   0x00, 0x21, 0x1F, 0xEE, 0x00, 0xF1, 0x10, 0xFE, 0x01, 0x01, 0xF0, 0xFE, 0xF0, 0x00, 0x1F, 0xF0
    .byte   0x1F, 0x0F, 0xE0, 0xFF, 0x11,   -7, 0x0F, 0xF0, 0xF0, 0x1F, 0x10, 0xEF, 0x01, 0x21, 0x10, 0xFF
    .byte   0xF0, 0x11, 0xF0, 0x01, 0x22, 0x00, 0xFF, 0x00, 0x2F, 0x00, 0xFF, 0x02, 0x20, 0x0F, 0x0F, 0x12
    .byte   0x11, 0x1F, 0xFF, 0xF0, 0x20, 0xFE,    8, 0x00, 0x12, 0x10, 0x0E, 0xE0, 0x10, 0x10, 0xFE, 0xF0
    .byte   0x11, 0x1F, 0xFE, 0xFF, 0xF1, 0x10, 0xE0, 0xF0, 0x20, 0x0E, 0xFF, 0xF1, 0x11, 0x1F, 0xFF, 0x01
    .byte   0x10, 0xFF, 0xF0, 0x01, 0x20, 0xF0, 0xF1,   -7, 0x01, 0x1F, 0x01, 0x11, 0x01, 0x11, 0x1F, 0xF0
    .byte   0xF0, 0x10, 0x2F, 0x10, 0x11, 0x00, 0xF0, 0xF1, 0x02, 0x11, 0x10, 0xEF, 0x01, 0x01, 0x00, 0xE0
    .byte   0x12, 0x10, 0x0E, 0xFF, 0x01, 0x10, 0xE0, 0xE1,    0, 0x02, 0x10, 0xEF, 0xF0, 0x11, 0x0F, 0xFE
    .byte   0xF0, 0x11, 0x11, 0x0E, 0xFF, 0x02, 0x01, 0xF0, 0xEF, 0x02, 0x10, 0x00, 0xEF, 0x12, 0x11, 0x0F
    .byte   0xFF, 0x02, 0x10, 0xFE, 0xF1, 0x12, 0x21, 0xFE, 0xFF,   -1, 0x00, 0x20, 0x0E, 0x00, 0x22, 0x10
    .byte   0xFE, 0xE0, 0x02, 0x11, 0x00, 0x01, 0x11, 0xF0, 0xEF, 0x00, 0x12, 0xFF, 0xFF, 0x10, 0x00, 0x0E
    .byte   0xF0, 0x20, 0x0F, 0xF0, 0xE0, 0x11, 0x0F, 0x0F, 0x0F, 0x10,   -2, 0x00, 0x10, 0xE0, 0xF0, 0x11
    .byte   0x11, 0x10, 0xF1, 0xFF, 0x00, 0x0E, 0x11, 0x10, 0x21, 0x00, 0xFF, 0xF1, 0x0F, 0x0F, 0x00, 0x02
    .byte   0x10, 0xFF, 0xFF, 0x02, 0x00, 0xF0, 0x10, 0x00, 0x1F, 0xFF, 0x01,    2, 0x00, 0x10, 0x0F, 0x2F
    .byte   0x0F, 0xFF, 0xF0, 0x02, 0x0F, 0xF0, 0xE1, 0x11, 0x10, 0x0E, 0xF0, 0x12, 0x0F, 0xFF, 0xFF, 0x01
    .byte   0x2F, 0x0E, 0xF0, 0x10, 0x01, 0x10, 0xF1, 0x0F, 0x0F, 0xF0, 0x0F, 0x01,   -2, 0x01, 0x02, 0x0F
    .byte   0x0F, 0xEF, 0xF1, 0x11, 0x11, 0x01, 0x01, 0x0F, 0xFF, 0xFF, 0x01, 0x20, 0x00, 0xFF, 0xF0, 0x10
    .byte   0x0F, 0x11, 0x1F, 0x00, 0xF1, 0x01, 0x0F, 0xF0, 0xF0, 0x02, 0x0F, 0xFF, 0x00,    0, 0x01, 0x00
    .byte   0xF0, 0xF1, 0x01, 0x11, 0xFF, 0xF0, 0x01, 0x01, 0x0E, 0xF1, 0x10, 0x11, 0x10, 0xFF, 0x00, 0xF0
    .byte   0x00, 0xF1, 0x11, 0x0F, 0x1F, 0x0F, 0xF0, 0x00, 0x11, 0x00, 0x00, 0x00, 0x0F, 0x00,   -1, 0x00
    .byte   0x01, 0x01, 0xF0, 0x10, 0xFF, 0x0F, 0x00, 0x02, 0x00, 0xFF, 0xFF, 0xF0, 0x20, 0x00, 0xFF, 0x10
    .byte   0x10, 0x0F, 0xFF, 0x01, 0x11, 0x10, 0xFF, 0x0F, 0x10, 0x1F, 0x00, 0x00, 0x10, 0x01, 0x01,    1
    .byte   0x0F, 0xF0, 0xF1, 0x01, 0x11, 0xFF, 0x01, 0x01, 0xFF, 0xFF, 0x00, 0x11, 0x01, 0x0F, 0x00, 0xF1
    .byte   0x1F, 0x00, 0x00, 0x10, 0x0F, 0xFF, 0x01, 0x01, 0x10, 0x00, 0xF0, 0xF0, 0x10, 0x00, 0x0F, 0x01
    .byte      0, 0x01, 0xFF, 0xF0, 0x01, 0x10, 0x1F, 0xFF, 0x10, 0x10, 0x1F, 0x1F, 0xF1, 0x10, 0xFF, 0x00
    .byte   0x10, 0x10, 0x00, 0x0F, 0x10, 0x0F, 0xF0, 0x01, 0x01, 0x0F, 0x0F, 0x01, 0x1F, 0xF1, 0x00, 0x01
    .byte   0x1F,    0, 0x00, 0xF0, 0x01, 0x10, 0x0F, 0x01, 0xFF, 0x01, 0x0F, 0x01, 0x00, 0x00, 0x00, 0x0F
    .byte   0xF1, 0x00, 0x10, 0x01, 0x00, 0x0F, 0xF1, 0xF0, 0x10, 0x01, 0xF0, 0x01, 0xF0, 0x00, 0xF1, 0x0F
    .byte   0x10, 0x01,   -1, 0x01, 0xF0, 0x1F, 0x1F, 0x10, 0xF1, 0x01, 0x00, 0x0F, 0xF1, 0xF0, 0x11, 0x00
    .byte   0x0F, 0x00, 0x00, 0x01, 0xF1, 0xF0, 0x00, 0x00, 0xF0, 0x00, 0x01, 0x00, 0x01, 0xFF, 0x01, 0xF1
    .byte   0xF1, 0x0F, 0x01,    1, 0x00, 0x00, 0xF0, 0x00, 0x1F, 0x00, 0xF1, 0x1F, 0x01, 0xF0, 0x00, 0x01
    .byte   0xF0, 0xF0, 0x10, 0xF1, 0x00, 0x1F, 0x1F, 0x0F, 0x10, 0x00, 0x00, 0x10, 0x00, 0xF0, 0xF1, 0xF0
    .byte   0x10, 0x00, 0x01, 0x0F,    1, 0x0F, 0x0F, 0x01, 0x00, 0x00, 0x1F, 0x00, 0x00, 0x00, 0x00, 0x10
    .byte   0xF0, 0x00, 0xF1, 0xF1, 0x00, 0xF1, 0x10, 0xFF, 0x01, 0xF0, 0x10, 0x1F, 0x00, 0x00, 0x00, 0x0F
    .byte   0x10, 0x00, 0x0F, 0x10, 0x00,    0, 0x00, 0x0F, 0x10, 0x00, 0x0F, 0x00, 0x10, 0x01, 0xF1, 0xF1
    .byte   0x0F, 0x00, 0x00, 0x10, 0x0F, 0x01, 0xF1, 0xF0, 0x00, 0x00, 0x01, 0xF0, 0x1F, 0x00, 0xF1, 0x00
    .byte   0x00, 0xF0, 0x10, 0x00, 0x10, 0xFF,    0, 0x00, 0x01, 0xF0, 0x00, 0x00, 0x01, 0xF1, 0x0F, 0x00
    .byte   0x00, 0x1F, 0xF1, 0x00, 0x01, 0xF0, 0x00, 0x00, 0x01, 0xF0, 0x00, 0x0F, 0x01, 0xF1, 0x00, 0x1F
    .byte   0x00, 0x00, 0xF0, 0x10, 0x0F, 0x10, 0x1F,    0, 0x00, 0x10, 0xF0, 0xF1, 0x00, 0x00, 0xF1, 0x01
    .byte   0xF0, 0xF0, 0x10, 0xF1, 0x00, 0x1F, 0x00, 0x1F, 0xF1, 0x00, 0x1F, 0x00, 0xF1, 0x00, 0x1F, 0x00
    .byte   0x0F, 0x10, 0x01, 0xF0, 0x00, 0xF1, 0x01, 0xFF,    0, 0x00, 0x0F, 0x1F, 0x10, 0xF1, 0x1F, 0x00
    .byte   0x00, 0xF1, 0x00, 0x00, 0x01, 0xF0, 0x01, 0x0F, 0x00, 0x00, 0x00, 0x00, 0x00, 0x00, 0x00, 0x00
    .byte   0xF1, 0x00, 0x1F, 0x0F, 0x10, 0x00, 0x00, 0x00, 0x1F,    0, 0x00, 0x00, 0x00, 0xF1, 0xF1, 0x00
    .byte   0x01, 0x00, 0xF0, 0x00, 0xF0, 0x10, 0x00, 0xF1, 0xF1, 0x00, 0x00, 0x00, 0x00, 0x00, 0x00, 0x1F
    .byte   0x1F, 0x00, 0x00, 0x00, 0x01, 0xFF, 0x1F, 0x1F, 0x11, 0xF0,    0, 0x00, 0x00, 0x1F, 0x00, 0xF1
    .byte   0x0F, 0x10, 0x00, 0x01, 0xF0, 0x00, 0x00, 0xF1, 0x00, 0x0F, 0x11, 0xF1, 0xF0, 0x00, 0x00, 0x00
    .byte   0x00, 0x00, 0x00, 0xF1, 0x0F, 0x01, 0x00, 0x01, 0xF0, 0x0F, 0x10,    0, 0x01, 0xF0, 0xF1, 0x00
    .byte   0x00, 0x00, 0x00, 0x00, 0x00, 0xF1, 0x1F, 0x00, 0x00, 0x01, 0x0F, 0x00, 0x01, 0xF0, 0x00, 0x1F
    .byte   0x00, 0x01, 0xF0, 0x00, 0x1F, 0x00, 0x00, 0x00, 0x01, 0xF0, 0x00, 0x00,    0, 0x00, 0x1F, 0x00
    .byte   0x0F, 0x10, 0x00, 0x00, 0x10, 0xF0, 0x01, 0xF0, 0x00, 0x00, 0x00, 0x01, 0xF0, 0x00, 0x0F, 0x10
    .byte   0x00, 0x00, 0x00, 0x01, 0xF0, 0x00, 0x00, 0x00, 0x01, 0xFF, 0x10, 0x00, 0x0F,    0, 0x0F, 0x10
    .byte   0x00, 0x1F, 0x00, 0x00, 0x1F, 0x01, 0xF0, 0xF1, 0x00, 0x1F, 0xF1, 0x00, 0x0F, 0x10, 0x00, 0x01
    .byte   0xF0, 0x00, 0x1F, 0x00, 0x00, 0x0F, 0x10, 0x00, 0x10, 0x0F, 0x00, 0x00, 0x00, 0x00,   -1, 0x01
    .byte   0x00, 0x0F, 0x11, 0x0F, 0x01, 0xF0, 0x0F, 0x10, 0xF1, 0x00, 0x01, 0xFF, 0x10, 0xF1, 0xF1, 0xF1
    .byte   0x00, 0x00, 0xF1, 0x00, 0x00, 0x00, 0xF1, 0x1F, 0x00, 0x1F, 0x00, 0x00, 0x00, 0x0F, 0x10,    1
    .byte   0x0F, 0x00, 0x1F, 0x00, 0x00, 0x00, 0x00, 0x01, 0xF0, 0xF1, 0x00, 0xF1, 0x00, 0x0F, 0x01, 0x01
    .byte   0xF0, 0x01, 0xF0, 0x1F, 0x01, 0xF0, 0x00, 0x1F, 0x01, 0xF0, 0x01, 0xF0, 0x00, 0xF1, 0x00, 0x01
    .byte      0, 0x00, 0xF1, 0x00, 0x00, 0x00, 0x00, 0x00, 0x01, 0xF0, 0x1F, 0x00, 0x00, 0x00, 0x01, 0xF0
    .byte   0x00, 0x00, 0x00, 0xF1, 0xF1, 0x00, 0x00, 0x00, 0x00, 0x00, 0x00, 0x00, 0x00, 0x00, 0x00, 0x1F
    .byte   0x1F,    1, 0x00, 0x0F, 0x0F, 0x10, 0xF1, 0x00, 0x00, 0x00, 0x1F, 0x01, 0xFF, 0x10, 0x00, 0x01
    .byte   0xF0, 0x00, 0x00, 0x01, 0xF0, 0x0F, 0x1F, 0x10, 0x01, 0xF1, 0xFF, 0x01, 0x0F, 0x11, 0x0F, 0x0F
    .byte   0x1F, 0x01,    0, 0x01, 0x0F, 0x00, 0x00, 0x00, 0x00, 0xF1, 0x01, 0x0F, 0x00, 0x00, 0x0F, 0x11
    .byte   0xF0, 0x00, 0x1F, 0x00, 0xF0, 0x11, 0xF0, 0x00, 0x1F, 0x10, 0xF0, 0x1F, 0x1F, 0x00, 0x01, 0x0F
    .byte   0x1F, 0x0F, 0x10,    0, 0x00, 0x00, 0x01, 0xF0, 0xF1, 0x0F, 0x10, 0x00, 0x00, 0x00, 0x00, 0x00
    .byte   0xF1, 0x00, 0x0F, 0x10, 0x00, 0x0F, 0x10, 0x1F, 0x0F, 0x10, 0x10, 0xF0, 0x00, 0xF1, 0x00, 0x0F
    .byte   0x11, 0xF0, 0x01, 0xF0,    0, 0x00, 0x0F, 0x10, 0x00, 0x00, 0x00, 0x00, 0xF1, 0x00, 0x01, 0x0F
    .byte   0x00, 0x1F, 0x00, 0x00, 0x00, 0x00, 0x00, 0x00, 0x00, 0x00, 0x00, 0x00, 0x00, 0x00, 0x00, 0x00
    .byte   0x00, 0x00, 0x00, 0x00, 0x01,    0, 0x00, 0x00, 0x01, 0xF1, 0xF0, 0xF0, 0x10, 0x00, 0x00, 0x00
    .byte   0x00, 0x0F, 0x10, 0x0F, 0x10, 0x1F, 0x0F, 0x10, 0x00, 0x00, 0x01, 0xF0, 0x00, 0x00, 0xF1, 0xF1
    .byte   0x0F, 0x10, 0x00, 0xF1, 0xF1, 0x00,    1, 0x0F, 0x0F, 0x01, 0x00, 0x01, 0xF1, 0xF0, 0x1F, 0x00
    .byte   0x1F, 0x00, 0x00, 0x00, 0x1F, 0x1F, 0x0F, 0x10, 0xF1, 0x00, 0x00, 0x00, 0x00, 0x1F, 0x00, 0xF1
    .byte   0x0F, 0x10, 0x0F, 0x1F, 0x01, 0x01, 0x0F,   -1, 0x01, 0x00, 0x00, 0x1F, 0x00, 0x00, 0x0F, 0x00
    .byte   0x10, 0x0F, 0x10, 0x00, 0xF1, 0x00, 0x0F, 0x10, 0x00, 0x00, 0x0F, 0x11, 0x0F, 0x00, 0xF1, 0x01
    .byte   0xFF, 0x10, 0x00, 0xF1, 0xF1, 0x0F, 0x01, 0x00,    0, 0x00, 0x00, 0xF0, 0x10, 0x00, 0x00, 0x00
    .byte   0x01, 0xF0, 0x00, 0x00, 0x00, 0x00, 0x00, 0xF1, 0x00, 0x00, 0x00, 0x00, 0x00, 0x1F, 0x1F, 0x00
    .byte   0x00, 0x1F, 0x0F, 0x10, 0x00, 0x00, 0x01, 0xF0, 0x00,    0, 0x00, 0x01, 0xF0, 0x00, 0x1F, 0x00
    .byte   0x00, 0x01, 0xF0, 0xF1, 0x01, 0xF1, 0xF0, 0x00, 0x00, 0x00, 0x01, 0xF0, 0x00, 0x0F, 0x1F, 0x10
    .byte   0x00, 0x00, 0x00, 0x00, 0x00, 0x0F, 0x1F, 0x10, 0x1F, 0xF0,    0, 0x00, 0x00, 0x0F, 0x10, 0x00
    .byte   0x1F, 0x00, 0x00, 0x00, 0xF1, 0x00, 0xF1, 0x00, 0x1F, 0x00, 0x10, 0xF0, 0x01, 0xF0, 0x00, 0x00
    .byte   0x00, 0x00, 0x00, 0x1F, 0x00, 0x00, 0x00, 0x00, 0x01, 0x00, 0xFF,    0, 0x00, 0x00, 0xF1, 0xF0
    .byte   0x11, 0xF0, 0x01, 0x00, 0xF0, 0x00, 0x00, 0x00, 0x0F, 0x10, 0x00, 0x00, 0x00, 0x00, 0x01, 0xF0
    .byte   0x00, 0x00, 0x00, 0x00, 0x00, 0x0F, 0x10, 0x00, 0xF1, 0x01, 0xF0, 0x0F,    0, 0x00, 0x1F, 0x00
    .byte   0x00, 0x00, 0x00, 0x01, 0xF0, 0x00, 0x1F, 0x00, 0x00, 0x1F, 0x00, 0x1F, 0x1F, 0x0F, 0x01, 0x01
    .byte   0xF0, 0x00, 0x00, 0x00, 0xF1, 0x00, 0x00, 0x00, 0xF1, 0x00, 0x0F, 0x11, 0xF1,    0, 0x0F, 0x01
    .byte   0x01, 0xF0, 0x1F, 0x0F, 0x10, 0x00, 0x00, 0x00, 0x0F, 0x10, 0xF1, 0x00, 0x00, 0x01, 0x0F, 0x00
    .byte   0x1F, 0x00, 0xF1, 0x10, 0xFF, 0x1F, 0x10, 0x00, 0x00, 0x1F, 0x1F, 0x01, 0xF0, 0xF1,    0, 0x00
    .byte   0x00, 0x01, 0xF0, 0x00, 0x00, 0x00, 0x00, 0x00, 0x00, 0x00, 0x0F, 0x11, 0xFF, 0x01, 0x0F, 0x1F
    .byte   0x01, 0x00, 0xF1, 0x01, 0xFF, 0x00, 0x10, 0x00, 0x00, 0x01, 0xF0, 0xF1, 0x1F, 0x00, 0x00,    0
    .byte   0x00, 0x00, 0x00, 0x00, 0xF0, 0x01, 0x00, 0x00, 0x1F, 0x0F, 0x10, 0x00, 0x00, 0x00, 0xF0, 0x10
    .byte   0x00, 0x00, 0x01, 0xF1, 0xF0, 0x01, 0xF0, 0x00, 0x00, 0x00, 0x00, 0x1F, 0xF1, 0x00, 0x00, 0xF1
    .byte      0, 0x00, 0x00, 0x00, 0x00, 0x00, 0x0F, 0x10, 0x1F, 0x00, 0x00, 0xF1, 0x00, 0x00, 0xF1, 0x00
    .byte   0x1F, 0x1F, 0x1F, 0x0F, 0x10, 0x00, 0x0F, 0x10, 0x1F, 0x00, 0x00, 0x00, 0x00, 0x00, 0x00, 0x00
    .byte   0x0F,    0, 0x00, 0x00, 0x00, 0xF1, 0xF1, 0x1F, 0x00, 0x00, 0x00, 0xF1, 0x01, 0xF0, 0x00, 0x01
    .byte   0x0F, 0x00, 0x00, 0x00, 0x1F, 0xF1, 0x00, 0x00, 0x1F, 0x00, 0x00, 0xF1, 0x01, 0xF1, 0xF0, 0x00
    .byte   0x00, 0x00,    0, 0x01, 0xF0, 0x00, 0x00, 0x00, 0x00, 0x00, 0x1F, 0x1F, 0x00, 0x00, 0xF1, 0x00
    .byte   0x1F, 0x00, 0x1F, 0x00, 0x1F, 0x01, 0xF0, 0x00, 0x1F, 0x01, 0xF0, 0xF1, 0x00, 0x00, 0x00, 0x1F
    .byte   0x00, 0xF1, 0x01,    0, 0x00, 0xF1, 0xF1, 0x1F, 0x01, 0xF0, 0x10, 0xF0, 0x01, 0xFF, 0x01, 0x01
    .byte   0xFF, 0x10, 0x00, 0x00, 0x00, 0x00, 0x00, 0xF1, 0x1F, 0x0F, 0x10, 0x0F, 0x10, 0x00, 0x00, 0x00
    .byte   0x00, 0x00, 0x00, 0x00,    0, 0x00, 0x00, 0x00, 0xF1, 0x00, 0x00, 0x1F, 0x0F, 0x10, 0x00, 0x00
    .byte   0x00, 0x00, 0x1F, 0x00, 0xF0, 0x10, 0x00, 0xF1, 0x00, 0x00, 0xF1, 0x01, 0xF0, 0x01, 0xFF, 0x10
    .byte   0xF1, 0x0F, 0x10, 0x0F, 0x01,    0, 0x00, 0x00, 0x00, 0x00, 0xF1, 0x1F, 0x00, 0xF1, 0x00, 0x00
    .byte   0x1F, 0x00, 0x10, 0xF1, 0xFF, 0x10, 0x00, 0x0F, 0x11, 0xF0, 0x00, 0x00, 0x00, 0x00, 0x00, 0x0F
    .byte   0x10, 0x0F, 0x1F, 0x10, 0x00, 0x0F,    0, 0x00, 0x1F, 0x0F, 0x01, 0xF1, 0x00, 0x0F, 0x10, 0x00
    .byte   0x00, 0x00, 0x00, 0x00, 0x0F, 0x10, 0x0F, 0x10, 0x00, 0x00, 0x00, 0x00, 0x0F, 0x01, 0x1F, 0xF1
    .byte   0x01, 0x00, 0xFF, 0x10, 0x1F, 0xF1, 0x00,    1, 0x00, 0xE0, 0x22, 0xEE, 0x10, 0x21, 0xFE, 0x0F
    .byte   0x21, 0xF0, 0xE2, 0x10, 0xFE, 0x11, 0x11, 0xFF, 0xF2, 0x1F, 0xFF, 0x01, 0x1F, 0xFF, 0x11, 0x0F
    .byte   0xF0, 0x10, 0x1F, 0xFF, 0x11, 0x0F, 0x01, 0x11,    1, 0x0F, 0xFF, 0x2F, 0xFF, 0x10, 0x10, 0xFE
    .byte   0x21, 0x0F, 0xF0, 0x11, 0xF0, 0xFF, 0x12, 0xFF, 0xF0, 0x00, 0xF1, 0x01, 0x0F, 0x00, 0x00, 0xF0
    .byte   0x11, 0x0F, 0xF1, 0x10, 0x00, 0xF0, 0x10, 0xF0, 0xF0,    0, 0x0F, 0xF1, 0x1F, 0x11, 0x1F, 0xF1
    .byte   0x0F, 0x0F, 0x01, 0x0F, 0x00, 0x01, 0x1F, 0x0F, 0x00, 0x1F, 0x10, 0x11, 0xFF, 0x00, 0x10, 0xF0
    .byte   0x0F, 0xF2, 0xFF, 0x0F, 0x11, 0x10, 0xE0, 0x2F, 0xF0, 0x1F,    0, 0x0F, 0x01, 0x0F, 0x1F, 0x1F
    .byte   0x10, 0x10, 0xE0, 0x12, 0x0E, 0x00, 0x20, 0xFF, 0x00, 0xF1, 0x00, 0xF1, 0x1F, 0xF1, 0x01, 0xF1
    .byte   0x00, 0x0F, 0xF0, 0x01, 0x1F, 0xFF, 0x01, 0x2F, 0x1E, 0x10, 0x1F,   -3, 0x00, 0x20, 0x00, 0xF0
    .byte   0x1F, 0xF0, 0x11, 0x00, 0xF1, 0x10, 0x0F, 0xE0, 0x20, 0xFF, 0x01, 0x2F, 0xE1, 0x10, 0x0F, 0xF1
    .byte   0x00, 0x10, 0xF1, 0x0F, 0x0F, 0xF1, 0x10, 0xFF, 0x02, 0x0F, 0xE1, 0x20,    2, 0x00, 0xFF, 0xF0
    .byte   0x1F, 0x01, 0x10, 0xF0, 0x00, 0xF0, 0x00, 0x1F, 0xF0, 0x12, 0x0E, 0x11, 0xF0, 0x1F, 0xF0, 0x02
    .byte   0x0F, 0xE0, 0x12, 0xFE, 0xF2, 0x10, 0xE0, 0x20, 0xFF, 0xF1, 0xF1, 0x0E, 0x21,    1, 0x0F, 0xFF
    .byte   0x02, 0xFF, 0xF1, 0x11, 0x1E, 0x00, 0x20, 0xFE, 0x11, 0x01, 0x0E, 0x21, 0x0E, 0x01, 0x2E, 0xF1
    .byte   0x10, 0x1F, 0xF0, 0x11, 0x0E, 0x02, 0x10, 0xE0, 0x02, 0x0F, 0xF0, 0x11, 0x0E, 0x01,   -1, 0x00
    .byte   0x10, 0x11, 0xE1, 0x00, 0x11, 0xFF, 0x10, 0x00, 0x1F, 0x01, 0xF0, 0xF0, 0x1F, 0x01, 0x01, 0x00
    .byte   0x00, 0xF0, 0x0F, 0x10, 0xF1, 0x2E, 0xF1, 0x11, 0x0E, 0x01, 0x01, 0xF0, 0x01, 0x00, 0x0F,    1
    .byte   0x0F, 0xF1, 0x01, 0x1F, 0xFF, 0xF2, 0x00, 0xE1, 0x11, 0xFF, 0xF0, 0x12, 0x1F, 0xEF, 0x12, 0x1E
    .byte   0xE1, 0x20, 0xF0, 0xE2, 0x10, 0xE1, 0x11, 0x00, 0x0F, 0x11, 0xFF, 0x01, 0x0F, 0x01, 0x0F, 0x2F
    .byte      1, 0x0E, 0x01, 0x20, 0xE0, 0x12, 0x0E, 0xF1, 0x20, 0xE1, 0xE1, 0x20, 0x00, 0xE2, 0x2E, 0xE1
    .byte   0x00, 0x2E, 0xF1, 0x21, 0xE0, 0x10, 0x0F, 0xF1, 0x02, 0xFF, 0xE1, 0x11, 0x00, 0xF0, 0x11, 0x1F
    .byte   0xF1,    1, 0x00, 0xF0, 0xF1, 0x0F, 0x11, 0xF0, 0xF1, 0xF0, 0x1F, 0x1F, 0x02, 0xE1, 0x1F, 0x0F
    .byte   0xF2, 0xFF, 0xF0, 0x10, 0xF1, 0x0F, 0x10, 0x1F, 0xF0, 0x20, 0xFF, 0xF1, 0x0F, 0xF0, 0x01, 0xF0
    .byte   0x10, 0x0F,    0, 0x01, 0x0F, 0xF0, 0x20, 0xE1, 0x10, 0xFF, 0x11, 0x0F, 0x0F, 0x00, 0x11, 0xFF
    .byte   0x01, 0x2F, 0xEF, 0x12, 0x0E, 0xE2, 0x2E, 0x10, 0x01, 0x1F, 0x0F, 0x01, 0xF0, 0xF0, 0x01, 0x10
    .byte   0xF0, 0x10, 0xFF,   -1, 0x01, 0x00, 0xF0, 0x02, 0x1E, 0xF1, 0x1F, 0xFE, 0x21, 0x0F, 0x00, 0x10
    .byte   0x2E, 0xF0, 0x10, 0xF0, 0x11, 0xFF, 0x01, 0x10, 0x00, 0xFF, 0x00, 0xF0, 0x10, 0x1F, 0x11, 0x00
    .byte   0x0F, 0xF0, 0x10, 0xF0,   -1, 0x02, 0x0F, 0xFF, 0x01, 0x0F, 0xFF, 0x02, 0x0F, 0xF1, 0x10, 0xFF
    .byte   0xE1, 0x12, 0xE1, 0x10, 0x11, 0xFF, 0xE1, 0x20, 0xE0, 0x12, 0x00, 0xF0, 0x10, 0x0E, 0x01, 0x11
    .byte   0x0F, 0xF0, 0x2F, 0x0E, 0x02,    1, 0x0F, 0xF1, 0x1F, 0x1F, 0x0F, 0xF1, 0x10, 0xF0, 0x1F, 0x00
    .byte   0x10, 0x11, 0xFF, 0xF1, 0x10, 0xE0, 0x20, 0x10, 0xFF, 0x00, 0x0F, 0xFF, 0x2F, 0x10, 0xF1, 0xF0
    .byte   0x0F, 0x01, 0x0F, 0xF1, 0x10, 0x01,    1, 0x0F, 0x00, 0x1E, 0x11, 0x11, 0x1F, 0xF1, 0xF0, 0x1F
    .byte   0xFF, 0x11, 0x00, 0x11, 0x1F, 0xFF, 0x01, 0xE0, 0x20, 0xFF, 0x00, 0x20, 0xFF, 0xFF, 0x1F, 0x10
    .byte   0x00, 0x01, 0xFF, 0x11, 0xFF, 0x0F, 0x11,    0, 0x0F, 0x01, 0x0F, 0x11, 0xF1, 0x00, 0xF0, 0x01
    .byte   0xFF, 0xF0, 0x20, 0x0E, 0x10, 0x20, 0xEF, 0xF2, 0x1F, 0xFF, 0x11, 0x0F, 0xF0, 0x10, 0x0F, 0x00
    .byte   0x12, 0xEF, 0x02, 0x1E, 0xF0, 0x10, 0xFF, 0x01,    1, 0x00, 0xFF, 0x11, 0x10, 0xE2, 0xFE, 0x11
    .byte   0x00, 0x11, 0x1F, 0xFF, 0x11, 0x0E, 0x11, 0x11, 0xF0, 0xF1, 0x01, 0x0F, 0xF1, 0x10, 0xFF, 0x01
    .byte   0x1F, 0xF0, 0x10, 0x00, 0x01, 0x00, 0xF0, 0x00, 0xF1,   -1, 0x01, 0xF1, 0xF0, 0x0F, 0x2F, 0xFF
    .byte   0x01, 0x0F, 0xF1, 0x11, 0xF1, 0x1F, 0xF1, 0xFF, 0xF1, 0xF1, 0x01, 0x2E, 0x01, 0x0F, 0xF1, 0x0F
    .byte   0x11, 0xF0, 0x00, 0x00, 0x0F, 0x10, 0x0F, 0x01, 0x01, 0x0F,    1, 0x01, 0x0E, 0x11, 0x0F, 0xF1
    .byte   0x11, 0x00, 0x00, 0x01, 0xFF, 0xF1, 0xF1, 0xF0, 0x11, 0xF0, 0x00, 0x00, 0xFF, 0x11, 0x00, 0x00
    .byte   0x1F, 0x10, 0xF0, 0x01, 0x0F, 0xF1, 0x10, 0xFF, 0xF2, 0xFF, 0xF1,    1, 0x0F, 0x0F, 0x11, 0xF1
    .byte   0xF0, 0x01, 0x01, 0xE0, 0x11, 0x1F, 0xF0, 0x10, 0xFF, 0x11, 0x0F, 0x10, 0x10, 0x00, 0x0F, 0x00
    .byte   0xF0, 0x00, 0x10, 0x00, 0x10, 0xF0, 0x00, 0xF1, 0x0F, 0x01, 0x0F, 0x01,    2, 0x0F, 0xFF, 0xF1
    .byte   0x1F, 0xF2, 0xFF, 0x01, 0x00, 0x00, 0x0F, 0xF0, 0x0F, 0x11, 0xF0, 0x11, 0x0F, 0x01, 0x0F, 0x01
    .byte   0xE1, 0x11, 0x10, 0x00, 0x11, 0x0E, 0x00, 0x10, 0xF0, 0x00, 0x01, 0x10, 0xF1,    1, 0x0F, 0xF1
    .byte   0x0F, 0x00, 0x10, 0x0F, 0x01, 0x01, 0x00, 0x0F, 0xF0, 0x01, 0x0F, 0x11, 0x0F, 0x00, 0x0F, 0x01
    .byte   0x0F, 0xF1, 0x11, 0xE0, 0x12, 0xFF, 0xF1, 0x10, 0xFF, 0x01, 0x00, 0xF0, 0x11, 0x0F,    0, 0x01
    .byte   0x0F, 0x0F, 0x1F, 0x10, 0x00, 0x00, 0x1F, 0x00, 0x10, 0xF0, 0x10, 0xFF, 0x01, 0x00, 0x00, 0x10
    .byte   0xF0, 0x00, 0xF0, 0x01, 0x1F, 0x01, 0x00, 0x0F, 0x00, 0xF1, 0x0F, 0x01, 0x0F, 0x10, 0x10,    1
    .byte   0x0F, 0xF1, 0x00, 0xF1, 0x01, 0x00, 0xF0, 0x01, 0xF0, 0x00, 0x1F, 0x00, 0x00, 0x1F, 0x00, 0x10
    .byte   0xFF, 0x01, 0x1F, 0x00, 0x00, 0x0F, 0x10, 0x00, 0x00, 0x1F, 0x1F, 0xF1, 0x01, 0x0F, 0x00, 0x10
    .byte      0, 0x00, 0x00, 0x01, 0xF0, 0x00, 0x00, 0x0F, 0x10, 0x00, 0x00, 0x00, 0x00, 0x01, 0xF0, 0x00
    .byte   0x00, 0x00, 0x1F, 0xF0, 0x10, 0x0F, 0x10, 0x00, 0xF1, 0x00, 0x01, 0xF0, 0xF1, 0xF1, 0x0F, 0x10
    .byte   0x0F,   -1, 0x01, 0x00, 0x00, 0x00, 0x00, 0x1F, 0x00, 0xF0, 0x01, 0x1F, 0x00, 0x01, 0xF0, 0x1F
    .byte   0x00, 0x0F, 0x1F, 0x01, 0x00, 0x00, 0x00, 0x00, 0x00, 0x00, 0x00, 0xF1, 0x00, 0x00, 0x1F, 0x00
    .byte   0x1F, 0x00,    0, 0x00, 0x0F, 0x10, 0x00, 0x10, 0xF0, 0xF1, 0x1F, 0x01, 0xF0, 0xF1, 0x1F, 0x1F
    .byte   0x01, 0x0F, 0xF1, 0x00, 0xF1, 0x00, 0x00, 0x00, 0x00, 0x00, 0x00, 0x00, 0x00, 0x01, 0xF0, 0xF0
    .byte   0x10, 0x0F, 0x10,    0, 0x00, 0x01, 0xF0, 0x00, 0x0F, 0x10, 0xF1, 0x1F, 0x00, 0x00, 0x1F, 0x00
    .byte   0x00, 0x00, 0x0F, 0x11, 0xF0, 0x00, 0x00, 0xF0, 0x10, 0x00, 0x00, 0x1F, 0x00, 0x01, 0xF0, 0x1F
    .byte   0x00, 0x01, 0xFF, 0x10,    0, 0x01, 0xF0, 0x00, 0xF1, 0x00, 0x00, 0x00, 0x1F, 0xF1, 0xF1, 0xF1
    .byte   0x1F, 0x01, 0xF0, 0xF1, 0x1F, 0x00, 0x00, 0x00, 0x00, 0x01, 0xF1, 0x0F, 0x00, 0xF1, 0x00, 0xF1
    .byte   0x00, 0x00, 0x1F, 0x00, 0x01,    0, 0x00, 0x00, 0x00, 0xF1, 0x01, 0xF0, 0x00, 0x00, 0x00, 0x00
    .byte   0x0F, 0x11, 0xF0, 0x1F, 0x00, 0x1F, 0x00, 0x1F, 0x01, 0xFF, 0x1F, 0x11, 0xF1, 0xF1, 0x0F, 0xF1
    .byte   0x00, 0x1F, 0x00, 0x1F, 0x00, 0x00,   -1, 0x01, 0x00, 0x1F, 0x00, 0x00, 0x00, 0x1F, 0x0F, 0x10
    .byte   0x00, 0x00, 0x01, 0xF0, 0x00, 0x00, 0x01, 0xF1, 0xF0, 0x00, 0x0F, 0x10, 0x00, 0x00, 0x00, 0x0F
    .byte   0x1F, 0x10, 0x00, 0x00, 0x00, 0x00, 0x00,    0, 0x00, 0x00, 0x01, 0xF0, 0x00, 0x01, 0xF0, 0x00
    .byte   0x01, 0x0F, 0x00, 0x0F, 0x11, 0xF0, 0x00, 0x00, 0x01, 0xF0, 0x00, 0x0F, 0x10, 0x0F, 0x01, 0x1F
    .byte   0x00, 0x1F, 0x0F, 0x10, 0x1F, 0x00, 0x00, 0x00,    0, 0x00, 0x10, 0x00, 0xF0, 0x00, 0x00, 0x0F
    .byte   0x01, 0x00, 0x1F, 0xF1, 0x00, 0x0F, 0x11, 0xF0, 0x00, 0x00, 0x01, 0x0F, 0x00, 0x00, 0xF1, 0x1F
    .byte   0x01, 0x00, 0x0F, 0x00, 0x10, 0x00, 0x0F, 0x00, 0xF1,    0, 0x00, 0x00, 0x00, 0xF1, 0xF1, 0xF0
    .byte   0x00, 0x00, 0x00, 0x1F, 0x00, 0x01, 0xF0, 0x10, 0x1F, 0x01, 0x00, 0x1F, 0x1F, 0x10, 0x1F, 0x00
    .byte   0x10, 0x0F, 0x01, 0xF0, 0xF0, 0x1F, 0xFF, 0xF1, 0x0E, 0x00,   -6, 0x01, 0xFF, 0x0F, 0x00, 0x1F
    .byte   0x01, 0x11, 0x10, 0x12, 0x02, 0x02, 0x21, 0x10, 0x21, 0x0F, 0xFF, 0xFF, 0xEE, 0xFF, 0xEF, 0xEE
    .byte   0x00, 0xFF, 0xFF, 0x0F, 0xFF, 0x11, 0xE1, 0xF1, 0xFF, 0xF0, 0xFF,  -20, 0x01, 0x22, 0x33, 0x31
    .byte   0x23, 0x31, 0xE0, 0x21, 0xDD, 0xE0, 0xED, 0xD0, 0xDE, 0x0E, 0xFF, 0x12, 0x2F, 0x23, 0x21, 0x21
    .byte   0x11, 0x0F, 0xEF, 0xE1, 0xEE, 0x0E, 0x11, 0xE2, 0x12, 0x11, 0x21, 0x12,   10, 0x01, 0x0E, 0x2E
    .byte   0xEE, 0xE0, 0xEE, 0xEF, 0x0E, 0xF2, 0x01, 0x12, 0x21, 0x10, 0x31, 0x00, 0x02, 0x10, 0xE1, 0x10
    .byte   0x0F, 0x02, 0x02, 0xF0, 0x02, 0x10, 0x0E, 0x10, 0xFF, 0xEE, 0x11, 0xFE, 0xF1,    2, 0x0E, 0xE0
    .byte   0x10, 0xEE, 0xFE, 0x0E, 0xFE, 0xE2, 0xEF, 0xDF, 0x32, 0x13, 0x35, 0x3F, 0x33, 0x40, 0xD0, 0x2F
    .byte   0xDD, 0xDF, 0xEC, 0xED, 0xED, 0xEE, 0xF1, 0x12, 0x21, 0x32, 0x32, 0x22, 0x11, 0xF1,   16, 0x00
    .byte   0xDE, 0x1E, 0xFD, 0xE2, 0xEF, 0x01, 0x22, 0x12, 0x32, 0x12, 0x11, 0x02, 0xEE, 0xDF, 0x1D, 0xDE
    .byte   0xFF, 0xDE, 0xFF, 0xF0, 0xF1, 0x12, 0x3E, 0x22, 0x32, 0x22, 0x23, 0x22, 0x22, 0xF0, 0x11,   32
    .byte   0x0E, 0xE1, 0xFE, 0xEF, 0x1E, 0xEF, 0xF0, 0xEF, 0x00, 0xFF, 0x11, 0x11, 0x00, 0xF0, 0x00, 0xEE
    .byte   0xFE, 0xDE, 0xEE, 0xDE, 0xEF, 0xFD, 0x0F, 0x01, 0x13, 0x22, 0x56, 0x4C, 0x36, 0x5D, 0xB4, 0x5E
    .byte     61, 0x0C, 0x43, 0xCA, 0x12, 0xCC, 0xDD, 0xDD, 0x12, 0xED, 0x44, 0x2E, 0x34, 0x4E, 0xE3, 0x32
    .byte   0xE0, 0x0E, 0x0D, 0xDD, 0xEF, 0xEC, 0xF3, 0xEE, 0xE3, 0x3F, 0xD1, 0x4F, 0xDD, 0x23, 0xDD, 0xE0
    .byte   0x0E,  -44, 0x0E, 0x23, 0x02, 0x44, 0x3E, 0x45, 0x3E, 0xF4, 0x3F, 0xC0, 0x31, 0xCC, 0x1F, 0xDC
    .byte   0xCF, 0xEF, 0xCD, 0x23, 0x2E, 0x13, 0x42, 0xD3, 0x33, 0xE0, 0x2F, 0xFE, 0xEE, 0xDD, 0xFD, 0xDE
    .byte   0xFE, 0xDE,  -47, 0x03, 0xDF, 0x02, 0x0F, 0x11, 0x21, 0xE3, 0x10, 0x22, 0x24, 0x13, 0x32, 0x34
    .byte   0x3F, 0x23, 0x22, 0xD0, 0x2F, 0xDD, 0xD1, 0xDC, 0xED, 0xED, 0xDE, 0xE1, 0x11, 0x12, 0x23, 0x2E
    .byte   0x32, 0x3E, 0xE2,   16, 0x01, 0xDE, 0xF0, 0xDD, 0xEE, 0xED, 0xEE, 0xE0, 0xFF, 0xEF, 0x30, 0xF1
    .byte   0x12, 0x3E, 0xF2, 0x22, 0x22, 0x34, 0x31, 0x24, 0x40, 0xE3, 0x41, 0xDE, 0x32, 0xED, 0xDF, 0xED
    .byte   0xCD, 0xDE, 0xED, 0xDE,  -21, 0x02, 0xEF, 0x33, 0x1F, 0x33, 0x1E, 0x03, 0xFE, 0xD1, 0x0E, 0xDE
    .byte   0xD0, 0xDE, 0xDE, 0xFE, 0xED, 0x12, 0x00, 0xF2, 0x31, 0x1F, 0x32, 0x1E, 0x33, 0x21, 0x34, 0x3F
    .byte   0x24, 0x31, 0xE3, 0x41, 0xDE,   72, 0x02, 0xFD, 0xEF, 0xED, 0xCE, 0xDD, 0xDE, 0xDE, 0xE0, 0x11
    .byte   0xF0, 0x32, 0x11, 0x22, 0x2F, 0xFF, 0x0F, 0x0E, 0xED, 0x0E, 0xED, 0xDE, 0x1E, 0xDE, 0xE3, 0xEE
    .byte   0x12, 0x13, 0x13, 0xE3, 0x31, 0x3E,   -6, 0x00, 0x34, 0x1E, 0x04, 0x4E, 0xD1, 0x43, 0xDE, 0x22
    .byte   0x2F, 0xFE, 0xE1, 0xDE, 0xDD, 0xEF, 0xDD, 0xED, 0x22, 0xED, 0x22, 0x10, 0xE2, 0x3F, 0xD4, 0xD2
    .byte   0xD3, 0x1D, 0x2C, 0x3E, 0x0E, 0x1D, 0x22,  -31, 0x0E, 0x31, 0x00, 0xE2, 0x22, 0xE3, 0xF1, 0x21
    .byte   0x21, 0xF2, 0x12, 0xE1, 0x12, 0xFF, 0x02, 0x01, 0x00, 0x01, 0x2F, 0x01, 0x2D, 0x22, 0xEF, 0xF0
    .byte   0xF1, 0xFE, 0x11, 0x0F, 0x0F, 0x01, 0x1F, 0xF0,    7, 0x00, 0xFF, 0x0F, 0x00, 0xFF, 0xFF, 0x0F
    .byte   0x01, 0x0F, 0x0F, 0x00, 0xF0, 0x0F, 0x00, 0x0F, 0x1F, 0x0F, 0x01, 0xFF, 0x00, 0xF1, 0x0F, 0x00
    .byte   0x01, 0xF0, 0x10, 0x10, 0x00, 0x10, 0x01, 0x01, 0x00,   -3, 0x00, 0x10, 0x1F, 0x01, 0x00, 0x10
    .byte   0x1F, 0x01, 0x01, 0x00, 0x01, 0x10, 0x0F, 0x11, 0x00, 0x01, 0x00, 0x00, 0x1F, 0x00, 0x0F, 0x00
    .byte   0xF0, 0xFF, 0x00, 0xFF, 0x00, 0xFF, 0x00, 0x00, 0xF0, 0xF1,   -4, 0x01, 0x00, 0xF1, 0xF1, 0x00
    .byte   0x1F, 0x10, 0x10, 0x01, 0xF1, 0x00, 0x01, 0xF1, 0x1F, 0x10, 0xF0, 0x00, 0x10, 0x1F, 0x00, 0x00
    .byte   0x00, 0xF0, 0x01, 0x0F, 0x00, 0x10, 0x0F, 0x00, 0x00, 0x0F, 0x10,    1, 0x00, 0xF0, 0x0F, 0x1F
    .byte   0x1F, 0x00, 0xF0, 0x00, 0x0F, 0x1F, 0x00, 0x01, 0xF0, 0x00, 0x00, 0x1F, 0x11, 0x00, 0x00, 0x01
    .byte   0xF1, 0x00, 0x01, 0x0F, 0x10, 0xF1, 0xF1, 0x0F, 0x00, 0x10, 0x00, 0x0F,    0, 0x01, 0x00, 0x00
    .byte   0x00, 0x1F, 0x0F, 0x1F, 0x10, 0x00, 0xF1, 0xF0, 0x01, 0xF1, 0x0F, 0xF0, 0x01, 0x00, 0xF0, 0x01
    .byte   0x0F, 0x01, 0xF1, 0xF0, 0x01, 0xF0, 0x00, 0x01, 0xF0, 0x10, 0x00, 0xF1, 0x00,    0, 0x00, 0xF1
    .byte   0xF0, 0x1F, 0x01, 0x1F, 0x0F, 0x00, 0x10, 0x00, 0x00, 0xF1, 0x01, 0xF0, 0x0F, 0x11, 0x0F, 0x00
    .byte   0x1F, 0x00, 0x1F, 0x00, 0x1F, 0x00, 0x00, 0x00, 0x01, 0x0F, 0x01, 0x00, 0x0F, 0x00,    0, 0x01
    .byte   0xF0, 0x01, 0x0F, 0x00, 0x1F, 0x00, 0x00, 0xF0, 0x00, 0x00, 0x1F, 0x1F, 0x01, 0xFF, 0x11, 0x00
    .byte   0xF1, 0xF1, 0xF1, 0x0F, 0x10, 0x01, 0x00, 0xF1, 0x00, 0x1F, 0xF1, 0x00, 0x1F, 0xF1, 0x01,    1
    .byte   0x00, 0x0F, 0x00, 0x11, 0xF0, 0xF0, 0xF0, 0x10, 0x10, 0x10, 0x0F, 0xF1, 0x22, 0x11, 0x4B, 0xCC
    .byte   0x05, 0x97, 0x6C, 0x32, 0xAB, 0x41, 0x12, 0xC4, 0x54, 0xDC, 0x68, 0x25, 0xB4, 0xD2, 0x69, 0xF4
    .byte    -57, 0x06, 0x7B, 0x43, 0x95, 0xC0, 0x78, 0x74, 0x87, 0x97, 0x96, 0x4B, 0x78, 0x7A, 0x3A, 0xB4
    .byte   0x5B, 0x53, 0xE4, 0xD5, 0x96, 0x87, 0xA4, 0x5B, 0x7C, 0x6D, 0x1A, 0x68, 0x6A, 0x34, 0xC7, 0x97
    .byte   0xA4,   26, 0x0A, 0x41, 0xA6, 0xBE, 0x69, 0x7B, 0x45, 0xBE, 0x3C, 0xF1, 0xE2, 0x3D, 0x33, 0xD3
    .byte   0xC5, 0xB3, 0x4A, 0x6B, 0x05, 0xBE, 0xE6, 0xB1, 0x49, 0x7D, 0xB7, 0xAC, 0x53, 0xC5, 0xAE, 0x6B
    .byte   0x14, 0xBF,   26, 0x0A, 0x41, 0xA6, 0xED, 0x3D, 0xE4, 0x1F, 0xC5, 0xA5, 0x3B, 0x5B, 0x41, 0x1D
    .byte   0xE4, 0xC4, 0xEC, 0x4D, 0xE4, 0xDE, 0x4B, 0x43, 0xC3, 0xDE, 0x4C, 0x23, 0xEF, 0xE0, 0x4D, 0xD2
    .byte   0x2E, 0x2D, 0x4E,  -13, 0x05, 0xE1, 0xEC, 0x15, 0xCD, 0x4C, 0x33, 0xED, 0x3E, 0xE4, 0xDD, 0x2F
    .byte   0x22, 0xEC, 0x5D, 0x12, 0xDE, 0x30, 0xE4, 0xB1, 0x32, 0x2E, 0xC4, 0x2E, 0xE1, 0xFD, 0x4D, 0x4C
    .byte   0xC4, 0x4F, 0xCE, 0x3F,    7, 0x0D, 0x1E, 0xF3, 0x22, 0xCF, 0x33, 0xED, 0xD3, 0x02, 0x0D, 0x2E
    .byte   0x32, 0x0C, 0x22, 0x20, 0xD0, 0x21, 0x2F, 0xEE, 0x23, 0xED, 0x02, 0x2D, 0x03, 0xE1, 0xE3, 0x2E
    .byte   0xE1, 0x2F, 0xEE, 0x2F, 0xE2,    4, 0x00, 0xD2, 0x22, 0xFD, 0x12, 0x0E, 0x2E, 0x11, 0x12, 0x0E
    .byte   0x00, 0xFE, 0x12, 0xE2, 0xD2, 0x21, 0x0E, 0x11, 0x2E, 0x0E, 0xF3, 0x1E, 0x1E, 0x03, 0xEE, 0xE1
    .byte   0x22, 0xEE, 0x22, 0x02, 0xD2, 0x11,   10, 0x00, 0xD2, 0x22, 0x1C, 0x23, 0x2E, 0xEE, 0x22, 0xEF
    .byte   0xE2, 0x10, 0xEF, 0xE1, 0x20, 0xD1, 0x22, 0x0D, 0xF2, 0x1F, 0xEF, 0xE0, 0x20, 0xEE, 0x02, 0x0E
    .byte   0xD2, 0xF1, 0xEE, 0x12, 0x11, 0x01, 0x22,  -13, 0x00, 0xEF, 0x23, 0x0D, 0x33, 0x42, 0xF3, 0x43
    .byte   0x12, 0x21, 0x0E, 0x1E, 0xED, 0x10, 0xDD, 0xEE, 0xEC, 0xDE, 0xED, 0xEF, 0xF0, 0x21, 0x10, 0x02
    .byte   0xFE, 0xEF, 0xFE, 0xEE, 0x1E, 0x1E, 0x1F, 0xE1,  -49, 0x00, 0xE0, 0x22, 0x11, 0x24, 0x34, 0x23
    .byte   0x44, 0x4F, 0x32, 0x31, 0xEF, 0xFE, 0xEF, 0xDD, 0xEE, 0xDD, 0xCD, 0xED, 0xDE, 0xE1, 0x32, 0x23
    .byte   0x33, 0x31, 0x22, 0x0D, 0xFD, 0xEE, 0xDD, 0xED, 0xEE,  -41, 0x0D, 0xE0, 0xED, 0xF1, 0x10, 0xF0
    .byte   0x32, 0xE1, 0x20, 0x20, 0x14, 0x34, 0x33, 0x44, 0x42, 0x33, 0x31, 0xE0, 0xFE, 0xFD, 0xED, 0xDD
    .byte   0xDC, 0xCD, 0xDE, 0xCD, 0x11, 0x32, 0x24, 0x33, 0x33, 0x23,   38, 0x01, 0xFF, 0xEE, 0xED, 0xDD
    .byte   0xED, 0xDD, 0xDE, 0xFD, 0xE1, 0xFE, 0x10, 0xE1, 0x02, 0x1D, 0xE3, 0xE1, 0x34, 0x53, 0x34, 0x54
    .byte   0x42, 0x24, 0x2F, 0xEF, 0x2F, 0xED, 0xDC, 0xDD, 0xCB, 0xCD, 0xDC,  -59, 0x0E, 0xF3, 0x32, 0x33
    .byte   0x44, 0x22, 0x33, 0x4E, 0xE2, 0x00, 0xDC, 0xED, 0xDD, 0xDC, 0xEE, 0x0D, 0xFE, 0x11, 0xEF, 0x11
    .byte   0x0E, 0x02, 0x0D, 0xF1, 0x33, 0x15, 0x43, 0x44, 0x53, 0x32, 0x42, 0x10,  101, 0x01, 0x1D, 0xEC
    .byte   0xDC, 0xCC, 0xCB, 0xCE, 0xDD, 0xE2, 0x33, 0x13, 0x34, 0x23, 0x33, 0x42, 0x32, 0xF0, 0xED, 0xDD
    .byte   0xDD, 0xCD, 0xDE, 0xED, 0xEF, 0xEF, 0xED, 0x22, 0xF0, 0xF1, 0x22, 0xED, 0x02,  -56, 0x03, 0x45
    .byte   0x24, 0x45, 0x40, 0x24, 0x32, 0xEE, 0x22, 0xED, 0xCC, 0xEC, 0xCB, 0xCC, 0xED, 0xCE, 0x23, 0x32
    .byte   0x23, 0x43, 0x32, 0x44, 0x12, 0x23, 0xFD, 0xDE, 0xDD, 0xCD, 0xED, 0xDD, 0xEE, 0xEE,  -56, 0x0E
    .byte   0xFF, 0xFF, 0xF0, 0x3F, 0xFF, 0xE2, 0xFE, 0x34, 0x53, 0xF4, 0x55, 0x3E, 0x34, 0x30, 0xE1, 0x30
    .byte   0xDD, 0xDD, 0xCC, 0xBC, 0xDC, 0xCD, 0xEE, 0x02, 0x22, 0x33, 0x34, 0x24, 0x33, 0x33, 0x22,   56
    .byte   0x0E, 0xD0, 0xDC, 0xDD, 0xDE, 0xCE, 0xEE, 0xED, 0xFF, 0xEE, 0xF1, 0x2F, 0x02, 0x10, 0xEE, 0x3F
    .byte   0x13, 0x54, 0x22, 0x55, 0x3E, 0x25, 0x4E, 0xD1, 0x42, 0xCD, 0xDE, 0xDB, 0xCD, 0xCC, 0xCD, 0xDE
    .byte    -62, 0x00, 0x31, 0x22, 0x43, 0x33, 0x34, 0x32, 0x23, 0x2F, 0xDD, 0xFE, 0xDC, 0xED, 0xFD, 0xDE
    .byte   0xED, 0xDE, 0xFE, 0xEE, 0x23, 0xFE, 0x22, 0x1D, 0xF2, 0x02, 0x45, 0x31, 0x35, 0x52, 0xD3, 0x53
    .byte   0xED,   93, 0x04, 0xFC, 0xE2, 0xFB, 0xBC, 0xFC, 0xBC, 0xED, 0xDD, 0x13, 0x0F, 0x33, 0x33, 0x33
    .byte   0x42, 0x33, 0x32, 0x1E, 0xEF, 0xED, 0xDD, 0xEE, 0xDC, 0xE1, 0xDD, 0xDE, 0x1D, 0xE1, 0x22, 0xF1
    .byte   0x32, 0xED,  -55, 0x03, 0xEF, 0x45, 0x2E, 0x45, 0x5D, 0xC5, 0x53, 0xCE, 0x54, 0xDB, 0x34, 0xDA
    .byte   0xB3, 0x1B, 0xAD, 0x3D, 0xCC, 0x23, 0xFD, 0x23, 0x32, 0x23, 0x43, 0x23, 0x32, 0x11, 0x01, 0xFD
    .byte   0xEE, 0xEE, 0xCE,  -13, 0x0E, 0xED, 0xDF, 0xEE, 0xEE, 0x02, 0x1F, 0x13, 0x20, 0x0F, 0x22, 0x02
    .byte   0x33, 0x3E, 0x34, 0x3F, 0x04, 0x3F, 0xF2, 0x42, 0xDF, 0x32, 0xDC, 0xD2, 0xEC, 0xCD, 0x0D, 0xCD
    .byte   0x11, 0xDE, 0x12, 0x0F,  -34, 0x03, 0x21, 0x23, 0x22, 0xF2, 0x22, 0x0E, 0x12, 0xFE, 0xE0, 0x10
    .byte   0xEF, 0xF0, 0xF0, 0xEF, 0x0F, 0xFF, 0xE1, 0x00, 0xE0, 0xF0, 0x1F, 0xF0, 0x11, 0xFF, 0x2F, 0xF1
    .byte   0x01, 0x2F, 0x12, 0x20, 0x22,    9, 0x02, 0x12, 0x21, 0x21, 0x02, 0x01, 0xFF, 0x00, 0xFE, 0x0F
    .byte   0x0E, 0x00, 0xE0, 0xE0, 0xE0, 0xEF, 0xE0, 0xE0, 0xE0, 0xF0, 0xEF, 0xFF, 0x1F, 0x0F, 0xF0, 0xF0
    .byte   0x01, 0x01, 0x00, 0x1F, 0x01, 0x00,  -16, 0x00, 0x10, 0x10, 0x01, 0x10, 0x01, 0x00, 0x00, 0x10
    .byte   0x20, 0x12, 0x02, 0x12, 0x21, 0x21, 0x21, 0x02, 0x01, 0x10, 0x00, 0xF0, 0xFF, 0xFF, 0x0E, 0xFF
    .byte   0xFF, 0xE0, 0xE0, 0xEE, 0x0E, 0x0F, 0xEF,  -11, 0x0F, 0xFF, 0xFF, 0x0F, 0x01, 0xF1, 0x01, 0x10
    .byte   0x11, 0x10, 0x01, 0x1F, 0x10, 0xF1, 0x0F, 0x0F, 0x00, 0x00, 0x00, 0x10, 0xF1, 0x01, 0x11, 0x00
    .byte   0x20, 0x02, 0x02, 0x02, 0x01, 0x20, 0x20, 0x11,   22, 0x00, 0x11, 0xF0, 0x00, 0xFF, 0xF0, 0xF0
    .byte   0xE0, 0xF0, 0xE0, 0xEF, 0x0F, 0xE0, 0x0E, 0x00, 0xE0, 0xFF, 0x0F, 0xFF, 0x00, 0xF1, 0x00, 0x10
    .byte   0x00, 0x10, 0x10, 0xF1, 0x1F, 0x11, 0xF0, 0x00, 0x1F,   -8, 0x0F, 0x1F, 0x10, 0x00, 0x01, 0x10
    .byte   0x00, 0x11, 0x01, 0x11, 0x01, 0x2F, 0x02, 0x10, 0x21, 0x11, 0x11, 0x01, 0x01, 0x01, 0xFF, 0x1F
    .byte   0x0F, 0xFF, 0xFF, 0xFF, 0xFF, 0x0E, 0xF0, 0xFE, 0x0F, 0xFF,   -6, 0x0F, 0xFF, 0xFF, 0x00, 0xF0
    .byte   0xF1, 0xF0, 0x01, 0x00, 0x00, 0x10, 0x00, 0x10, 0x10, 0x10, 0x10, 0x00, 0x00, 0x00, 0x10, 0x10
    .byte   0xF1, 0x10, 0x01, 0x01, 0x01, 0x11, 0x01, 0x11, 0x11, 0x11, 0x11,   11, 0x00, 0x11, 0x11, 0xF1
    .byte   0x10, 0x0F, 0x00, 0x00, 0xFF, 0xFF, 0x0F, 0x00, 0xE0, 0xF0, 0xF0, 0xE0, 0xFF, 0xFF, 0xFF, 0xFF
    .byte   0x0F, 0xFF, 0x0F, 0xF1, 0x0F, 0x1F, 0x00, 0x11, 0x00, 0x10, 0x01, 0x10,   -8, 0x01, 0x01, 0x10
    .byte   0x10, 0x1F, 0x11, 0xF1, 0x10, 0x01, 0x01, 0x00, 0x00, 0x11, 0x00, 0x10, 0x10, 0x00, 0x01, 0x01
    .byte   0x1F, 0x01, 0x10, 0x00, 0x1F, 0x10, 0xF1, 0x00, 0xF0, 0x1F, 0xF0, 0xF0, 0xFF,    5, 0x0F, 0x0F
    .byte   0xF0, 0xFF, 0xFF, 0xFF, 0xF0, 0xFF, 0xFF, 0x00, 0x00, 0xFF, 0x10, 0x00, 0x00, 0x00, 0x01, 0x10
    .byte   0x01, 0x01, 0x11, 0x01, 0x01, 0x01, 0x10, 0x10, 0x00, 0x11, 0xF0, 0x00, 0x01, 0xF0,    2, 0x01
    .byte   0x00, 0x00, 0xF1, 0xF0, 0x10, 0x00, 0x1F, 0x10, 0x00, 0xF1, 0x0F, 0x10, 0xF0, 0x00, 0x0F, 0x00
    .byte   0x00, 0x00, 0xF0, 0xF1, 0xF0, 0xF0, 0x1F, 0xF0, 0x00, 0x00, 0x00, 0x0F, 0x1F, 0x1F, 0x00,   -3
    .byte   0x00, 0x10, 0x00, 0x01, 0x00, 0x00, 0xF0, 0x00, 0x11, 0xF1, 0x1F, 0x1F, 0x01, 0x00, 0x0F, 0x00
    .byte   0x10, 0x0F, 0xFF, 0x11, 0x00, 0x00, 0x20, 0x1E, 0xEE, 0x12, 0x22, 0xFE, 0x13, 0x54, 0xDA, 0x9B
    .byte    -56, 0x06, 0x75, 0xE9, 0x9C, 0x67, 0x6C, 0x9A, 0xC6, 0x74, 0xC9, 0xA1, 0x66, 0x5F, 0xAB, 0xE4
    .byte   0x52, 0xED, 0xC2, 0x33, 0x3E, 0xDD, 0xF2, 0x12, 0x20, 0xED, 0xE2, 0x32, 0x2D, 0xDE, 0x13, 0x32
    .byte   0xEC,  -15, 0x0F, 0x53, 0xFC, 0xC0, 0x34, 0x3D, 0xDC, 0x14, 0x23, 0xCD, 0x12, 0x32, 0xED, 0xE1
    .byte   0x33, 0x1E, 0xDD, 0x23, 0x32, 0xCE, 0xD3, 0x31, 0x2D, 0xDE, 0x22, 0x30, 0xEE, 0xEF, 0x22, 0x3E
    .byte   0xFD, 0xE2,   -2, 0x03, 0x1D, 0xEE, 0x22, 0x11, 0x00, 0xEF, 0x00, 0x01, 0x1F, 0x2E, 0x1F, 0xF1
    .byte   0x11, 0xE3, 0x11, 0xEE, 0x01, 0x12, 0x0F, 0xEF, 0x0F, 0x02, 0x1E, 0x0F, 0x20, 0xF0, 0xEF, 0x12
    .byte   0x11, 0xE2, 0xE0,    5, 0x0F, 0x0F, 0xE2, 0x01, 0x2D, 0x3F, 0x11, 0xEF, 0x20, 0x2E, 0xE2, 0xF3
    .byte   0xEF, 0xEE, 0x11, 0x2E, 0xED, 0x11, 0x20, 0xFE, 0xE0, 0xF0, 0x2E, 0xFE, 0x01, 0x01, 0xE2, 0xF0
    .byte   0x20, 0x12, 0xE1, 0xF1,   -8, 0x02, 0x1D, 0x3E, 0x13, 0xE2, 0xD1, 0x21, 0x3D, 0x3F, 0xD4, 0xD3
    .byte   0x20, 0xF2, 0x11, 0x30, 0x0F, 0x1E, 0x22, 0x2D, 0x0C, 0x22, 0xEE, 0xDE, 0xD1, 0xEF, 0xEE, 0xD0
    .byte   0x02, 0x2E, 0xD2, 0xF3, 0x1F,  -22, 0x0D, 0x3F, 0x31, 0xEF, 0xE2, 0x31, 0xFD, 0x2E, 0xF4, 0xD3
    .byte   0xC3, 0xE3, 0x11, 0xE1, 0x10, 0x3E, 0x3E, 0x2E, 0x3E, 0x4E, 0x20, 0xF3, 0xE3, 0xE3, 0xD1, 0x02
    .byte   0x0E, 0xEE, 0xF0, 0xEE, 0xEE, 0xEE,    3, 0x0D, 0xF0, 0xD3, 0xE2, 0xD2, 0xD2, 0x3D, 0x3D, 0x00
    .byte   0xF2, 0x1E, 0x1C, 0x4E, 0x11, 0xE2, 0xD3, 0xC5, 0xB3, 0x11, 0xE3, 0xEF, 0x4C, 0x4D, 0x21, 0x30
    .byte   0xEF, 0x3D, 0x4C, 0x41, 0xD4, 0xC5, 0xD3,   24, 0x0F, 0x22, 0x13, 0xD2, 0xE2, 0x2E, 0x1D, 0x1E
    .byte   0x2F, 0xEE, 0xDF, 0xF1, 0xFE, 0xEE, 0x2E, 0x0F, 0xFD, 0x3E, 0x02, 0xC4, 0xC4, 0xDE, 0x3C, 0x4D
    .byte   0x21, 0xD3, 0xD1, 0x3C, 0x3E, 0x12, 0x0E, 0x02,  -22, 0x03, 0xEF, 0x0E, 0x21, 0x3D, 0x2E, 0xF4
    .byte   0xD2, 0xE1, 0x13, 0x03, 0xE0, 0x20, 0x30, 0xFF, 0xF3, 0x00, 0x2D, 0x3E, 0x21, 0x0E, 0x2D, 0x3F
    .byte   0xEF, 0xD0, 0x21, 0xE2, 0xC3, 0xD3, 0xEF, 0x0C, 0x3E,   -1, 0x01, 0xD1, 0x1D, 0x4B, 0x5C, 0xF3
    .byte   0xC5, 0xC3, 0xDF, 0x20, 0xE3, 0xD2, 0xD3, 0xFF, 0x1E, 0x1E, 0x3D, 0x4C, 0x3E, 0x01, 0x21, 0x1E
    .byte   0x1F, 0x31, 0xE2, 0xD3, 0x10, 0x22, 0xD3, 0xE3, 0x1F, 0x1E,   13, 0x02, 0x02, 0xEF, 0x2E, 0x3F
    .byte   0xE0, 0xEF, 0x3F, 0xE1, 0xD2, 0xF1, 0x2C, 0x3D, 0x3F, 0xFE, 0x2C, 0x4C, 0x3E, 0xF0, 0xD3, 0xE2
    .byte   0xE1, 0xD4, 0xC3, 0xFE, 0xF1, 0xF2, 0xFF, 0xE2, 0xEF, 0x3C, 0x4C,  -10, 0x0E, 0x10, 0x2D, 0x3E
    .byte   0x2E, 0x2E, 0xF3, 0xD3, 0xFF, 0x20, 0xD4, 0xC4, 0xD3, 0xE1, 0x12, 0xF2, 0x0E, 0x2E, 0x3E, 0xF2
    .byte   0xFE, 0x3D, 0x3D, 0x3D, 0x3E, 0x2E, 0xFF, 0xE3, 0xD2, 0xE2, 0xD3, 0xD3,    4, 0x02, 0xD2, 0x00
    .byte   0x2D, 0xFF, 0x2F, 0x2D, 0x2D, 0x21, 0x11, 0xE1, 0xF0, 0x2F, 0x1D, 0x3D, 0x22, 0xE1, 0xEF, 0x22
    .byte   0xF2, 0xD2, 0x00, 0xE3, 0xD3, 0xE0, 0x2E, 0x20, 0xF2, 0xF1, 0x1E, 0x3D, 0x2F,    7, 0x0E, 0x10
    .byte   0x02, 0xE2, 0xFF, 0x2E, 0x12, 0xE1, 0xFF, 0x0F, 0x11, 0x10, 0xF2, 0xE2, 0xEF, 0x0F, 0x1E, 0x2E
    .byte   0x2E, 0xF0, 0x1E, 0x2F, 0xE1, 0x01, 0x2D, 0x2E, 0x01, 0x2E, 0xFF, 0xE3, 0xD3, 0xD2,  -11, 0x02
    .byte   0x02, 0xFF, 0xE0, 0x2F, 0x1E, 0x10, 0x2F, 0x2E, 0xF2, 0xF1, 0x01, 0xE2, 0xFF, 0x2E, 0x20, 0xF2
    .byte   0x01, 0x0E, 0x2E, 0x2F, 0x12, 0xE2, 0xE2, 0xE1, 0xFE, 0x2E, 0x3D, 0x22, 0xE2, 0xE2, 0xE1,    6
    .byte   0x0E, 0x2E, 0x1F, 0x2E, 0x2E, 0x0F, 0xF0, 0xF1, 0xE2, 0xE2, 0x11, 0xE2, 0xD3, 0xE2, 0xEE, 0x10
    .byte   0x2F, 0x2D, 0x1E, 0x3E, 0x2E, 0xFF, 0x12, 0x1E, 0x1E, 0x20, 0x20, 0xD3, 0xD3, 0xE1, 0x0F, 0xF3
    .byte      0, 0x02, 0xE0, 0xF0, 0x11, 0xFF, 0x2F, 0x2F, 0xE0, 0x11, 0x1F, 0xE2, 0xE3, 0xFF, 0x0E, 0x02
    .byte   0xFF, 0x1E, 0x21, 0x1E, 0x1E, 0x10, 0x2E, 0x11, 0xF2, 0xE1, 0x1F, 0xFE, 0xE2, 0x1F, 0x2E, 0x12
    .byte   0x12,   -3, 0x00, 0xD3, 0xFF, 0x2E, 0x2E, 0x22, 0xE0, 0xDF, 0x2F, 0x3D, 0x2E, 0x4D, 0x2F, 0xD2
    .byte   0xE2, 0x1E, 0xF3, 0xD4, 0xD2, 0xD2, 0x0E, 0x3D, 0x21, 0xF2, 0x00, 0x2D, 0x3E, 0x2E, 0x3C, 0x22
    .byte   0xF2, 0xEF,    3, 0x01, 0xE3, 0xD2, 0xEF, 0xF3, 0xD3, 0xEE, 0x3D, 0x20, 0x1D, 0x3D, 0x3E, 0x12
    .byte   0xD0, 0xFF, 0x22, 0xD2, 0xFE, 0x4E, 0xE2, 0xC3, 0x20, 0xEF, 0xD3, 0x3E, 0x4B, 0x02, 0xF3, 0xD2
    .byte   0xD2, 0x10, 0x3E,   -3, 0x01, 0xE4, 0xEE, 0x0E, 0x03, 0x2D, 0x3C, 0x23, 0x12, 0xED, 0x02, 0x02
    .byte   0xEF, 0xD2, 0x13, 0x0E, 0x1D, 0x22, 0x0E, 0xEE, 0x22, 0x3D, 0x0F, 0x2E, 0x2D, 0xF3, 0xC3, 0xF2
    .byte   0x1D, 0x3F, 0x0E, 0xE2,   -6, 0x01, 0x0D, 0x3E, 0x13, 0xFF, 0xDF, 0x23, 0xEE, 0x1D, 0x40, 0xE2
    .byte   0xD2, 0x01, 0x3F, 0xFE, 0x3E, 0x31, 0xF2, 0xD2, 0x20, 0x2E, 0xE2, 0x1F, 0x00, 0xEE, 0xE1, 0x0E
    .byte   0xEF, 0xE2, 0x1F, 0x0E, 0x0F,   -7, 0x02, 0xEE, 0xF0, 0x1F, 0xF0, 0x01, 0xFF, 0xE0, 0x20, 0xEF
    .byte   0x11, 0x1E, 0x3D, 0x12, 0xF2, 0xFE, 0xF1, 0x12, 0xF2, 0x22, 0x30, 0x22, 0x31, 0x22, 0x01, 0x12
    .byte   0x2F, 0xE0, 0x00, 0xEE, 0xDE, 0xDE,    4, 0x0E, 0xDE, 0xF0, 0x2F, 0xFE, 0x03, 0x22, 0x0E, 0x03
    .byte   0x12, 0xDF, 0xF1, 0x0F, 0xFD, 0xEF, 0x01, 0xEE, 0xE0, 0xEF, 0x1F, 0xEE, 0x02, 0x20, 0xEE, 0x02
    .byte   0xF0, 0x12, 0x34, 0x32, 0x31, 0x44, 0x21,   54, 0x01, 0x23, 0x2E, 0xEE, 0xF1, 0xDC, 0xCD, 0xDD
    .byte   0xDD, 0xDE, 0x12, 0x12, 0x02, 0x33, 0x32, 0x23, 0x33, 0x0F, 0xE0, 0xFE, 0xED, 0xDE, 0xEE, 0xDD
    .byte   0xDF, 0xE0, 0xEE, 0x0E, 0x00, 0x1F, 0x00, 0x11,  -52, 0x0F, 0x12, 0x13, 0x45, 0x32, 0x33, 0x44
    .byte   0x12, 0xF0, 0x32, 0x2E, 0xCE, 0x0E, 0xCC, 0xBD, 0xDD, 0xDD, 0xDE, 0x23, 0x22, 0x13, 0x44, 0x32
    .byte   0x32, 0x42, 0x10, 0xDE, 0xFE, 0xDC, 0xDD, 0xEE, 0xDD,  -41, 0x0E, 0x2E, 0xEE, 0xEF, 0x21, 0x0E
    .byte   0xF1, 0x20, 0xEE, 0x13, 0x34, 0x44, 0x34, 0x34, 0x42, 0x21, 0x12, 0x21, 0xED, 0xCE, 0xEC, 0xCB
    .byte   0xDC, 0xDD, 0xDE, 0xE1, 0x33, 0x32, 0x34, 0x43, 0x41, 0x33,   62, 0x01, 0xFD, 0xDE, 0xED, 0xCD
    .byte   0xDD, 0xEE, 0xDD, 0x01, 0xF0, 0xEE, 0x0F, 0x12, 0xEF, 0xFF, 0x0E, 0xD0, 0x03, 0x34, 0x54, 0x33
    .byte   0x44, 0x43, 0x12, 0x11, 0x2F, 0xED, 0xCD, 0xDC, 0xBC, 0xCD, 0xCE,  -61, 0x0F, 0xE2, 0x43, 0x32
    .byte   0x44, 0x43, 0x23, 0x32, 0x3E, 0xEC, 0xDE, 0xDD, 0xCD, 0xEE, 0xEE, 0xED, 0x02, 0x00, 0xFF, 0x20
    .byte   0xEE, 0x0F, 0xED, 0xED, 0xEE, 0xF3, 0x34, 0x55, 0x34, 0x44, 0x51, 0x31,  101, 0x00, 0x1E, 0xDD
    .byte   0xCD, 0xCC, 0xBB, 0xDD, 0xCD, 0xF0, 0x03, 0x43, 0x43, 0x44, 0x43, 0x32, 0x32, 0xED, 0xED, 0xDD
    .byte   0xCC, 0xDD, 0xEE, 0xDE, 0x01, 0x22, 0x02, 0x2F, 0x1E, 0xEE, 0xEE, 0xDE, 0xDE,  -82, 0x0F, 0x23
    .byte   0x35, 0x54, 0x44, 0x45, 0x40, 0x31, 0x0F, 0xED, 0xEB, 0xCE, 0xCB, 0xBC, 0xDD, 0xDD, 0x02, 0x34
    .byte   0x43, 0x44, 0x44, 0x42, 0x22, 0x2E, 0xDD, 0xDC, 0xDC, 0xDC, 0xDE, 0xEF, 0xFF, 0x22,  -31, 0x02
    .byte   0x12, 0x11, 0xEF, 0xED, 0xFD, 0xDD, 0xDD, 0xF2, 0x23, 0x46, 0x53, 0x44, 0x54, 0x32, 0x11, 0xEF
    .byte   0xDD, 0xBC, 0xDC, 0xCB, 0xBE, 0xDE, 0xDF, 0x23, 0x44, 0x44, 0x44, 0x44, 0x11, 0x10, 0xFD,   46
    .byte   0x0C, 0xDC, 0xDD, 0xCD, 0xEE, 0x20, 0x02, 0x32, 0x30, 0x20, 0xFF, 0xED, 0xED, 0xDD, 0xDC, 0xEE
    .byte   0x22, 0x34, 0x65, 0x44, 0x45, 0x51, 0x12, 0xFF, 0xED, 0xCC, 0xCD, 0xCB, 0xBC, 0xDE, 0xDD, 0xF3
    .byte    -56, 0x04, 0x44, 0x44, 0x44, 0x32, 0x0F, 0xFF, 0xCC, 0xDC, 0xDC, 0xDD, 0xDE, 0x01, 0x23, 0x23
    .byte   0x32, 0x21, 0x00, 0xED, 0xDE, 0xDC, 0xDD, 0xCE, 0xE2, 0x22, 0x46, 0x55, 0x35, 0x55, 0x11, 0x20
    .byte   0xFD,   91, 0x0C, 0xCC, 0xCD, 0xBB, 0xCD, 0xFD, 0xD0, 0x34, 0x43, 0x45, 0x44, 0x33, 0x2E, 0x1F
    .byte   0xEC, 0xCD, 0xCD, 0xCC, 0xEE, 0xE1, 0x22, 0x33, 0x33, 0x01, 0x20, 0x0D, 0xDE, 0xDD, 0xDD, 0xCC
    .byte   0xE1, 0x2F,  -80, 0x04, 0x65, 0x44, 0x55, 0x43, 0x12, 0x0E, 0xDD, 0xCC, 0xCC, 0xCC, 0xBC, 0xED
    .byte   0xED, 0x23, 0x44, 0x34, 0x45, 0x34, 0x22, 0x0F, 0xEE, 0xCC, 0xCD, 0xDC, 0xCD, 0x2E, 0x02, 0x33
    .byte   0x23, 0x32, 0x11,    4, 0x0E, 0xDD, 0xED, 0xCD, 0xDD, 0xDD, 0x12, 0x23, 0x45, 0x55, 0x45, 0x54
    .byte   0x22, 0x2E, 0xED, 0xDC, 0xCC, 0xCC, 0xCB, 0xDD, 0xED, 0xF0, 0x43, 0x34, 0x44, 0x44, 0x33, 0x1E
    .byte   0x11, 0xCC, 0xDD, 0xDC,  -30, 0x0E, 0xEE, 0xE0, 0x32, 0x23, 0x23, 0x22, 0x11, 0xED, 0xEE, 0xDC
    .byte   0xDE, 0xEC, 0xDE, 0x22, 0x33, 0x55, 0x45, 0x45, 0x43, 0x31, 0x2E, 0xDD, 0xDC, 0xCC, 0xCC, 0xCC
    .byte   0xDD, 0xEE, 0x12, 0x33, 0x43,    4, 0x04, 0x43, 0x30, 0x30, 0xED, 0xDD, 0xDC, 0xCD, 0xDD, 0xEE
    .byte   0xFF, 0x23, 0x22, 0x23, 0x30, 0xFE, 0x10, 0xDD, 0xDD, 0xDD, 0xDD, 0x0E, 0x23, 0x34, 0x45, 0x45
    .byte   0x44, 0x43, 0x02, 0x0E, 0xDD, 0xDC,   35, 0x0C, 0xDC, 0xCD, 0xED, 0xE0, 0x22, 0x33, 0x43, 0x34
    .byte   0x33, 0x02, 0xFF, 0xDD, 0xED, 0xCD, 0xED, 0xDE, 0xF1, 0x00, 0x22, 0x23, 0x02, 0x2F, 0x0E, 0xEE
    .byte   0xDF, 0xDD, 0xDE, 0xED, 0xE0, 0x32, 0x33,  -24, 0x05, 0x44, 0x44, 0x42, 0x22, 0xEE, 0xED, 0xDC
    .byte   0xCD, 0xDC, 0xDD, 0xEE, 0xEE, 0x13, 0x22, 0x33, 0x33, 0x33, 0x10, 0x22, 0xDD, 0xDE, 0xDE, 0xDD
    .byte   0xDE, 0x2F, 0xE1, 0x23, 0x2E, 0x23, 0x2E, 0xFE,  -12, 0x0D, 0xEE, 0xDD, 0xEF, 0xED, 0xE0, 0x20
    .byte   0x33, 0x34, 0x44, 0x43, 0x34, 0x4F, 0x02, 0xEE, 0xDF, 0xCD, 0xDE, 0xEC, 0xDE, 0x2D, 0xE1, 0x22
    .byte   0xF2, 0x32, 0x23, 0x22, 0x11, 0xF1, 0xDE, 0xFD, 0xDE,   -6, 0x0E, 0xEE, 0x12, 0xE1, 0x21, 0xFF
    .byte   0x21, 0xEE, 0x1F, 0xED, 0xFE, 0xED, 0xE2, 0xEE, 0x02, 0x2E, 0x13, 0x31, 0x24, 0x44, 0xF3, 0x43
    .byte   0x2E, 0x22, 0xED, 0xFF, 0xDE, 0xD0, 0xED, 0xE1, 0x1D, 0xE0,    0, 0x0F, 0xF1, 0x22, 0x02, 0x3F
    .byte   0x00, 0x21, 0xDF, 0xFE, 0xED, 0x0F, 0xEF, 0x0F, 0xE1, 0x0F, 0xE0, 0x1F, 0xFE, 0xF0, 0xEF, 0xFF
    .byte   0xEF, 0xE0, 0xFF, 0x01, 0x22, 0x2F, 0x03, 0x31, 0x04, 0x41, 0xE2,   36, 0x02, 0xE0, 0x3F, 0xEE
    .byte   0x2E, 0xDF, 0x12, 0xDD, 0x31, 0xDF, 0xFF, 0x0E, 0x22, 0xEF, 0x31, 0x0E, 0x12, 0x0D, 0xFF, 0xEE
    .byte   0xE0, 0xEE, 0xE2, 0xEE, 0xF0, 0x1F, 0xEF, 0x1F, 0x1F, 0xFF, 0xF0, 0xFE,  -37, 0x01, 0x20, 0xEE
    .byte   0x23, 0x2E, 0x03, 0x12, 0x11, 0x2E, 0x24, 0x3E, 0xE2, 0x33, 0xED, 0x21, 0x22, 0xFE, 0xE1, 0x33
    .byte   0xDD, 0xF2, 0x2E, 0xDD, 0x22, 0x2E, 0xE1, 0x22, 0x2E, 0xDE, 0x12, 0xFD, 0xE1,    4, 0x00, 0xEE
    .byte   0xFE, 0x0F, 0xFD, 0xE0, 0x2F, 0xEF, 0x11, 0x00, 0xFE, 0xF2, 0x1E, 0xE1, 0x11, 0x00, 0x10, 0x12
    .byte   0x12, 0x10, 0x22, 0x20, 0x11, 0x12, 0x12, 0x11, 0x02, 0x22, 0xFE, 0x31, 0x0F, 0x02,   32, 0x0E
    .byte   0x21, 0x0E, 0x11, 0x1E, 0xE1, 0x0E, 0xE0, 0x11, 0xE0, 0x2E, 0xEF, 0x1F, 0xEE, 0x00, 0xEF, 0xE0
    .byte   0xF0, 0xE1, 0xEE, 0xF0, 0xE0, 0xFF, 0x11, 0x1F, 0x1F, 0x0F, 0x00, 0xFE, 0x11, 0x21, 0xFF,  -23
    .byte   0x02, 0x3E, 0xE1, 0x22, 0xF1, 0x11, 0x23, 0x1E, 0xF1, 0x22, 0xFE, 0x1F, 0x32, 0xEF, 0x22, 0x21
    .byte   0xE1, 0x11, 0x21, 0xE1, 0x00, 0x2E, 0x0E, 0xF1, 0x1E, 0xEE, 0x02, 0x0E, 0x0E, 0xF1, 0xEF, 0xED
    .byte     -4, 0x01, 0xEE, 0xF0, 0x0F, 0xE0, 0xFE, 0xE2, 0xEF, 0x00, 0x12, 0xF2, 0x2F, 0xFF, 0x11, 0xFE
    .byte   0xF0, 0x12, 0x11, 0x0E, 0x33, 0xFE, 0xD2, 0x30, 0xF2, 0xF0, 0x31, 0x1E, 0xE3, 0x2E, 0xEE, 0x22
    .byte   0x0E,   11, 0x00, 0x13, 0x1F, 0xFE, 0x13, 0xEE, 0xEF, 0x32, 0xEE, 0xEF, 0x02, 0x2E, 0xDF, 0x20
    .byte   0x1E, 0xE0, 0x01, 0x20, 0xEF, 0xE1, 0x0E, 0xEF, 0xE0, 0xF0, 0xF0, 0xF1, 0xFF, 0x0F, 0x0F, 0x02
    .byte   0x20, 0x1F,  -12, 0x00, 0x11, 0xFD, 0xE2, 0x22, 0x1E, 0xE3, 0x13, 0x1D, 0xD2, 0x33, 0x1D, 0x0F
    .byte   0x24, 0x0D, 0xD1, 0x33, 0xEC, 0x10, 0x32, 0x2F, 0xE1, 0x21, 0xE1, 0x00, 0xEE, 0x22, 0x10, 0xDF
    .byte   0x12, 0x3E, 0xDE,    1, 0x03, 0x2D, 0x0E, 0x13, 0xFE, 0xDE, 0x12, 0xE2, 0xE2, 0x22, 0xFF, 0xE0
    .byte   0xED, 0x3F, 0x2E, 0x0D, 0x22, 0x13, 0xC0, 0x11, 0x4D, 0xEE, 0x13, 0x22, 0xCF, 0xF4, 0x2D, 0xDF
    .byte   0x22, 0x2D, 0xFD, 0x42,    2, 0x02, 0xC3, 0x11, 0x3D, 0xFE, 0x32, 0xEE, 0xD2, 0x30, 0x2E, 0xFE
    .byte   0x3F, 0xE2, 0xC1, 0xF3, 0x21, 0xD2, 0x22, 0x1F, 0xDE, 0x2D, 0x3E, 0xD1, 0x4D, 0x31, 0xD3, 0xDE
    .byte   0x2F, 0xF3, 0xD3, 0x0E, 0x3D,    3, 0x0D, 0x31, 0xEF, 0xFE, 0x22, 0x1D, 0x2E, 0x05, 0xB5, 0xB1
    .byte   0x32, 0xD1, 0xEE, 0x5B, 0x5C, 0x1D, 0x4D, 0xE1, 0xD4, 0x02, 0x2E, 0xC4, 0xD2, 0x1D, 0xE3, 0xD3
    .byte   0x2C, 0x3E, 0x13, 0xF3, 0xC3, 0xD3,    6, 0x0C, 0x5B, 0x30, 0x20, 0xD2, 0x3C, 0x4B, 0x43, 0xC4
    .byte   0xB3, 0x30, 0xF0, 0xE3, 0x22, 0xD0, 0xFD, 0x4C, 0x3E, 0xE3, 0xE3, 0xD0, 0x1F, 0x2F, 0xE3, 0xD3
    .byte   0x2D, 0x2D, 0x13, 0xDF, 0x2E, 0x31, 0x0F,    3, 0x0C, 0x4F, 0xD3, 0xC3, 0x3E, 0x4D, 0xE1, 0xEE
    .byte   0x2D, 0xE4, 0xC4, 0xEF, 0x4D, 0x1E, 0x0E, 0x3D, 0xD1, 0xE3, 0x3D, 0x3E, 0xD5, 0xB4, 0xDF, 0xE3
    .byte   0x1D, 0x4B, 0x4E, 0x13, 0xD2, 0xFD, 0x3E, 0x2F,   -4, 0x02, 0xE4, 0xEF, 0xFD, 0x21, 0x0D, 0x21
    .byte   0x13, 0xC3, 0x0E, 0x3D, 0x2D, 0x31, 0x21, 0xD3, 0xE0, 0x2E, 0x1D, 0x2F, 0xD4, 0xDF, 0x2D, 0x4D
    .byte   0x3E, 0xE1, 0xD4, 0xC4, 0xFD, 0x4C, 0x3E, 0xE2, 0xC3,   -5, 0x01, 0x3E, 0x2D, 0x21, 0xE2, 0xD2
    .byte   0xEE, 0x4E, 0x22, 0xD3, 0xD2, 0xEE, 0x2D, 0x31, 0x21, 0xD1, 0x12, 0x2E, 0xED, 0x23, 0xE3, 0xD2
    .byte   0xF1, 0x3D, 0x2E, 0xD3, 0xEF, 0x1E, 0x21, 0x21, 0x1E, 0x1F,   -4, 0x02, 0xE3, 0xE2, 0xD2, 0x2D
    .byte   0x4C, 0x20, 0x04, 0xC2, 0xED, 0x30, 0x00, 0xE1, 0x22, 0x1E, 0x2C, 0x3F, 0x20, 0xF1, 0xF1, 0x13
    .byte   0xC2, 0xE2, 0x10, 0x1D, 0x2E, 0x3E, 0x2F, 0xD3, 0x02, 0xEF, 0xE3,   -1, 0x03, 0xE1, 0xE1, 0x0E
    .byte   0x3C, 0x3E, 0x01, 0x01, 0x02, 0xE2, 0x1E, 0x3D, 0xF0, 0x11, 0x20, 0xFF, 0xE2, 0x0F, 0x0E, 0xE2
    .byte   0xF2, 0x01, 0x0F, 0x01, 0x1F, 0xFF, 0xE3, 0xE2, 0x2D, 0x2D, 0x22, 0x0E,   -6, 0x02, 0x01, 0x3D
    .byte   0x3C, 0x22, 0xE4, 0xC2, 0xD3, 0x20, 0x2D, 0x0F, 0x02, 0xEF, 0xFE, 0x3F, 0x22, 0xD3, 0xD1, 0x2D
    .byte   0x2E, 0x02, 0x21, 0xE2, 0xD3, 0xE1, 0x0D, 0x3D, 0x4D, 0xF2, 0xD3, 0xE2, 0x1D,    6, 0x0C, 0x40
    .byte   0xE2, 0xC4, 0xD3, 0xEE, 0x2D, 0x30, 0x01, 0xD1, 0x00, 0x3E, 0x0E, 0xF3, 0x01, 0xFE, 0xF1, 0x2F
    .byte   0x0E, 0xE0, 0x21, 0x1E, 0x02, 0xF2, 0xFE, 0x10, 0xF2, 0x1E, 0x1E, 0xF2, 0x01, 0x1E,   -2, 0x02
    .byte   0xF1, 0x0E, 0x02, 0xF0, 0x2D, 0x11, 0x01, 0x0F, 0x02, 0xE3, 0xFD, 0x2D, 0x3E, 0x2E, 0x21, 0x03
    .byte   0xD2, 0xD2, 0xF0, 0xFF, 0xE2, 0xE3, 0xFE, 0x2D, 0x3E, 0x2E, 0x1E, 0x21, 0x21, 0x0E, 0xE3,   -3
    .byte   0x03, 0xD0, 0xF0, 0x2F, 0x1E, 0x2E, 0x22, 0xEF, 0x2E, 0xF2, 0xD3, 0xE2, 0x01, 0x00, 0x1E, 0x2D
    .byte   0x20, 0xFF, 0x1E, 0x20, 0x20, 0xF1, 0xE2, 0x01, 0xD2, 0x0E, 0x4D, 0x2F, 0xD3, 0x0E, 0x2D, 0xE3
    .byte     -2, 0x02, 0xFF, 0xE3, 0xD3, 0x0D, 0x2E, 0x21, 0xF0, 0xFF, 0x21, 0x1E, 0x2D, 0x3D, 0x3E, 0xE2
    .byte   0xF2, 0xE2, 0xE1, 0xD3, 0x10, 0xF0, 0x01, 0x01, 0xE2, 0xEF, 0x3D, 0x3D, 0x10, 0x2F, 0x1E, 0x01
    .byte   0xE3,   -2, 0x02, 0xD3, 0xFF, 0x3D, 0xF2, 0xE1, 0x2E, 0xF0, 0xF0, 0x2E, 0x10, 0xE2, 0x0F, 0x2F
    .byte   0xF2, 0xE2, 0xFE, 0x2E, 0x1F, 0x1E, 0x20, 0xF2, 0xE1, 0x01, 0xFF, 0x1E, 0x3E, 0xE2, 0xE2, 0x1F
    .byte   0x01, 0xF0,    2, 0x00, 0xD3, 0xD3, 0xFF, 0x2D, 0x3D, 0x3E, 0x11, 0xD3, 0xF0, 0x1E, 0x1F, 0x2E
    .byte   0x3D, 0x03, 0xC4, 0xD2, 0xE0, 0xF2, 0x1E, 0x2F, 0xE3, 0xD3, 0xD0, 0x2D, 0x4C, 0x4D, 0x02, 0xF1
    .byte   0xE2, 0xD3, 0xE0,    5, 0x0E, 0x00, 0xE0, 0x2F, 0xE3, 0xD2, 0x2D, 0x4C, 0x4C, 0x21, 0xE3, 0xD3
    .byte   0xD3, 0xE2, 0xEF, 0xF1, 0x01, 0xFF, 0x0F, 0x2F, 0x2D, 0x3D, 0x20, 0xF1, 0xE2, 0xE3, 0xD3, 0xFD
    .byte   0x3E, 0x11, 0xFE, 0x02,   -2, 0x02, 0xFE, 0x2F, 0xF1, 0x0E, 0x21, 0x02, 0xE1, 0x1D, 0x3E, 0x2E
    .byte   0x0E, 0x12, 0xF2, 0xE1, 0xE3, 0xF0, 0xFD, 0x2F, 0x22, 0xD3, 0xC4, 0xD3, 0xED, 0x4C, 0x3F, 0xE3
    .byte   0xD1, 0x20, 0xF2, 0xEF, 0x10,   -3, 0x03, 0xD0, 0x3D, 0x21, 0xE2, 0xE0, 0x10, 0xF2, 0xE2, 0x1D
    .byte   0x4C, 0x22, 0xE2, 0x01, 0xD4, 0xC3, 0xFD, 0x20, 0x01, 0x2E, 0x2F, 0x1F, 0x2D, 0x2E, 0x21, 0xE3
    .byte   0xD2, 0xF0, 0x1F, 0xFF, 0x01, 0xE3,    0, 0x00, 0xF0, 0x2E, 0x2E, 0xF2, 0xE3, 0xD2, 0xE0, 0xF0
    .byte   0x3D, 0x2F, 0xE2, 0x1F, 0x10, 0xE1, 0x2D, 0x3E, 0x12, 0xE1, 0x01, 0xE1, 0x1F, 0x20, 0xE3, 0xD2
    .byte   0xFF, 0x2D, 0x3D, 0x21, 0xE3, 0xD2, 0x1E,    4, 0x0D, 0x3E, 0x1F, 0x02, 0xD4, 0xC3, 0xE1, 0x0F
    .byte   0x2D, 0x3E, 0xF0, 0x1E, 0x3D, 0x3E, 0xF1, 0xE2, 0xF0, 0xF1, 0x01, 0x00, 0xFF, 0xF2, 0xE3, 0xD2
    .byte   0xE0, 0x2F, 0xFF, 0xFE, 0x3E, 0x2E, 0x2F, 0x01,    3, 0x0F, 0xFE, 0x12, 0xD3, 0xD3, 0xE2, 0x0F
    .byte   0x1E, 0xF0, 0x20, 0x1E, 0x2E, 0x21, 0xE1, 0xE2, 0x00, 0x1F, 0xF1, 0x01, 0x0F, 0xFF, 0x10, 0x1F
    .byte   0x2E, 0x10, 0x1F, 0x00, 0xE2, 0xF2, 0xE2, 0xE1, 0xE2,    1, 0x01, 0x0E, 0x2E, 0x2F, 0x0F, 0xE2
    .byte   0xF1, 0x10, 0xF0, 0x1E, 0x3D, 0x2F, 0xE2, 0x00, 0x1F, 0xF0, 0xF2, 0x10, 0xE1, 0xE2, 0xF1, 0x1E
    .byte   0x10, 0x20, 0xF1, 0xEF, 0x2E, 0x3E, 0x0E, 0x2E, 0x2E, 0x10,   -4, 0x02, 0xF2, 0xE2, 0xD3, 0xE1
    .byte   0x10, 0xF0, 0xF1, 0xF1, 0x0E, 0x3D, 0x3E, 0x1E, 0x2E, 0x2F, 0xE2, 0xFF, 0x1F, 0x1F, 0x11, 0x00
    .byte   0xF0, 0x0F, 0x10, 0x1F, 0x00, 0xF2, 0xE1, 0x00, 0x1F, 0xF2, 0xE2,    1, 0x0F, 0x1E, 0x2F, 0x1F
    .byte   0x0F, 0x2E, 0x2E, 0x10, 0xF1, 0xF1, 0xF0, 0xF2, 0xE2, 0xF0, 0xF0, 0x01, 0xF0, 0x00, 0x1E, 0x2E
    .byte   0x2F, 0xF2, 0xE2, 0xE1, 0x1E, 0x2E, 0x2F, 0x0F, 0x2E, 0x10, 0xF2, 0xE2,   -1, 0x01, 0x00, 0x01
    .byte   0xF1, 0xF0, 0x01, 0xE2, 0xF0, 0x1E, 0x2E, 0x2E, 0x20, 0xE2, 0xE2, 0xFF, 0x01, 0x1F, 0x1F, 0x01
    .byte   0xE2, 0xF0, 0x0F, 0x1F, 0x10, 0x00, 0x0F, 0x01, 0x00, 0xF1, 0xF1, 0x10, 0xF0,    0, 0x01, 0xFF
    .byte   0x1F, 0x10, 0x00, 0x1F, 0x01, 0xE2, 0xF0, 0x1F, 0x0F, 0x10, 0x1F, 0x00, 0x00, 0xF1, 0x1F, 0x00
    .byte   0x0F, 0x01, 0xF1, 0x00, 0xF1, 0x00, 0x1F, 0xF1, 0xF1, 0xF1, 0x00, 0x00, 0x00, 0x00,    0, 0x0F
    .byte   0x10, 0x00, 0x00, 0x00, 0x00, 0x1F, 0x0F, 0x00, 0x01, 0x10, 0xF0, 0x1F, 0x0F, 0x01, 0x1F, 0x00
    .byte   0x0F, 0x10, 0x00, 0xF1, 0x0F, 0x01, 0x0F, 0x01, 0x00, 0x1F, 0x10, 0x0F, 0x01, 0xF0, 0x0F,    0
    .byte   0x00, 0x01, 0xF0, 0x00, 0x00, 0x1F, 0x01, 0xF0, 0x00, 0x01, 0xF0, 0x00, 0xF0, 0x00, 0x10, 0x00
    .byte   0x00, 0x00, 0x00, 0x00, 0x1F, 0x0F, 0x11, 0xF0, 0x1F, 0x00, 0x01, 0xF0, 0x00, 0x00, 0x00, 0x00
    .byte      0, 0x00, 0x01, 0xF0, 0x00, 0x00, 0x1F, 0x00, 0x00, 0x00, 0x0F, 0x01, 0x00, 0xF1, 0x0F, 0x10
    .byte   0x01, 0xF0, 0x1F, 0xF1, 0x00, 0x00, 0x00, 0x10, 0xFF, 0x10, 0x00, 0x00, 0x0F, 0x10, 0x0F, 0x10
    .byte   0x00,    0, 0x00, 0x00, 0x00, 0x00, 0x00, 0x00, 0x00, 0x1F, 0x00, 0x1F, 0x00, 0xF1, 0xF1, 0x00
    .byte   0x1F, 0x00, 0xF1, 0x01, 0xF0, 0x00, 0xF1, 0x00, 0x00, 0xF1, 0x00, 0x1F, 0x01, 0xF0, 0x00, 0xF1
    .byte   0xF1, 0x01,    0, 0x00, 0x00, 0x00, 0x00, 0xF0, 0x10, 0x1F, 0x00, 0x01, 0xF0, 0x0F, 0x10, 0x00
    .byte   0xF1, 0x1F, 0x00, 0x00, 0x00, 0x00, 0xF1, 0x00, 0x00, 0x0F, 0x10, 0x0F, 0x10, 0x00, 0x0F, 0x1F
    .byte   0x10, 0xF1, 0x01,   -1, 0x00, 0x10, 0x00, 0x00, 0x0F, 0x10, 0x00, 0x1F, 0x00, 0x0F, 0x10, 0x0F
    .byte   0x10, 0x00, 0x00, 0x00, 0xF1, 0x00, 0x00, 0x00, 0x00, 0x00, 0x00, 0xF1, 0x00, 0x01, 0xF0, 0x00
    .byte   0x00, 0x00, 0x01, 0xF0,   -1, 0x01, 0x00, 0x00, 0x00, 0xF1, 0x00, 0x00, 0x00, 0x1F, 0x00, 0x01
    .byte   0xF0, 0x0F, 0x10, 0x0F, 0x01, 0x00, 0x00, 0x00, 0xF1, 0x01, 0xFF, 0x1F, 0x1F, 0x10, 0x00, 0x00
    .byte   0x00, 0x00, 0x00, 0x00, 0x0F,    0, 0x0F, 0x1F, 0x10, 0xF1, 0x0F, 0x10, 0x01, 0xF0, 0x00, 0xF1
    .byte   0x00, 0x00, 0x00, 0x1F, 0x01, 0xF0, 0x00, 0x0F, 0x10, 0x00, 0x00, 0x00, 0x00, 0x00, 0x00, 0x01
    .byte   0xF1, 0xF1, 0xF0, 0xF1, 0x00, 0x1F,   -1, 0x01, 0x01, 0xF0, 0x01, 0xF0, 0x00, 0x00, 0x00, 0x01
    .byte   0xF0, 0x01, 0xF0, 0x00, 0x0F, 0x1F, 0x10, 0x00, 0x00, 0x0F, 0x10, 0x00, 0x00, 0x01, 0x0F, 0x00
    .byte   0x1F, 0xF1, 0x00, 0x00, 0x1F, 0x1F, 0x10,    1, 0x0F, 0x1F, 0x00, 0x00, 0xF1, 0x01, 0xF1, 0xF0
    .byte   0x00, 0xF1, 0x00, 0x1F, 0x00, 0x00, 0x00, 0x00, 0x00, 0x00, 0x00, 0x00, 0x00, 0xF1, 0x00, 0x00
    .byte   0x00, 0x0F, 0x10, 0x00, 0x00, 0x01, 0xF0, 0x01,    1, 0x0F, 0x00, 0x00, 0x00, 0x00, 0x01, 0xF0
    .byte   0x00, 0x00, 0x00, 0x1F, 0x01, 0xF0, 0x00, 0x0F, 0x10, 0x00, 0x00, 0x00, 0x00, 0x01, 0xF1, 0xF0
    .byte   0x00, 0x0F, 0x10, 0x00, 0x00, 0x01, 0xF0, 0x00, 0x00,    0, 0x0F, 0x11, 0xF1, 0x0F, 0x00, 0x00
    .byte   0x00, 0x00, 0x00, 0x1F, 0x00, 0x00, 0x1F, 0x01, 0xFF, 0x10, 0x00, 0xF1, 0x01, 0xFF, 0x10, 0x00
    .byte   0x00, 0x01, 0xF0, 0x00, 0x00, 0x00, 0xF1, 0x00, 0x00, 0x00,    0, 0x00, 0x00, 0x00, 0x1F, 0xF1
    .byte   0x00, 0x00, 0x01, 0xF0, 0x1F, 0x00, 0x01, 0xF1, 0xF0, 0x00, 0x1F, 0x00, 0x00, 0x0F, 0x10, 0x10
    .byte   0xF0, 0x0F, 0x1F, 0x1F, 0x10, 0x1F, 0x00, 0x1F, 0xF1, 0x1F, 0x0F,    0, 0x0F, 0x10, 0xF1, 0x1F
    .byte   0x00, 0x1F, 0x1F, 0x01, 0xF0, 0xF1, 0x01, 0x0F, 0x00, 0x00, 0xF1, 0x00, 0x00, 0x10, 0xF1, 0x0F
    .byte   0x0F, 0x10, 0x1F, 0x1F, 0x01, 0xFF, 0x10, 0x01, 0xF0, 0x00, 0x00, 0x1F,    0, 0x0F, 0x10, 0x0F
    .byte   0x10, 0x1F, 0x00, 0x00, 0x00, 0x1F, 0x00, 0x00, 0x01, 0xF0, 0xF1, 0x00, 0x00, 0xF1, 0x00, 0x00
    .byte   0x00, 0x00, 0x00, 0x1F, 0x01, 0xFF, 0x10, 0xF1, 0x0F, 0x10, 0xF1, 0x00, 0xF1,    0, 0x0F, 0x01
    .byte   0xF0, 0x11, 0xF0, 0x00, 0x0F, 0x1F, 0x10, 0x0F, 0x01, 0x00, 0x00, 0x00, 0x00, 0x1F, 0x00, 0x10
    .byte   0xF0, 0x1F, 0x00, 0x00, 0xF1, 0x0F, 0x1F, 0x10, 0xF0, 0x10, 0x0F, 0x00, 0x10, 0x21,   12, 0x00
    .byte   0xDD, 0xE2, 0x10, 0x02, 0xE2, 0x11, 0x1F, 0x00, 0xFE, 0x10, 0x02, 0x12, 0x1D, 0x1F, 0x10, 0x12
    .byte   0x01, 0x0F, 0xFF, 0xEE, 0xF0, 0x20, 0x11, 0x10, 0x1F, 0x1F, 0xFF, 0xF1, 0x01, 0x11, 0x10,    1
    .byte   0x00, 0x10, 0xFF, 0x00, 0x1F, 0x10, 0x0F, 0x00, 0x01, 0xF0, 0xF1, 0x00, 0x0F, 0x01, 0xF1, 0xF0
    .byte   0x0F, 0x11, 0x01, 0x0F, 0x1F, 0x01, 0x01, 0xFF, 0x00, 0x00, 0x00, 0xF1, 0x01, 0xF0, 0x0F, 0x10
    .byte      0, 0x00, 0x0F, 0x1F, 0x10, 0x01, 0xF0, 0xF1, 0x0F, 0x10, 0x01, 0xF0, 0xF1, 0x1F, 0x00, 0x0F
    .byte   0x10, 0x01, 0xF1, 0xF0, 0x1F, 0x0F, 0x00, 0x1F, 0x1F, 0x1F, 0x1F, 0x11, 0xF1, 0xF1, 0xF0, 0x10
    .byte   0x0F,   -1, 0x01, 0x00, 0x01, 0x00, 0xF0, 0xF1, 0x0F, 0x10, 0x00, 0x1F, 0x00, 0xF1, 0xF1, 0x1F
    .byte   0x01, 0x01, 0xE2, 0xFF, 0x0F, 0x02, 0xE1, 0x1F, 0x0F, 0x00, 0x01, 0xF0, 0x1F, 0x10, 0x1F, 0xF1
    .byte   0x01, 0xF0,    0, 0x0F, 0x1F, 0x10, 0x00, 0x01, 0x0F, 0x10, 0xFF, 0x10, 0x1F, 0x0F, 0xF2, 0xE2
    .byte   0xFF, 0x0F, 0x11, 0x00, 0xFF, 0x10, 0x0F, 0x10, 0x01, 0xF1, 0x00, 0xFF, 0x01, 0x1F, 0x00, 0xF0
    .byte   0x02, 0x0E, 0x1F,    1, 0x0F, 0x2E, 0x0F, 0xF2, 0xF0, 0x0F, 0x0F, 0xF2, 0xFF, 0xF1, 0xF1, 0x1F
    .byte   0x0F, 0x10, 0x1E, 0x2F, 0x1F, 0x00, 0x01, 0x0F, 0x00, 0x01, 0x0F, 0xF1, 0xF1, 0x11, 0xE2, 0xE0
    .byte   0x2F, 0x0F, 0x0F, 0x1F,    0, 0x01, 0xF0, 0x00, 0x10, 0xF0, 0x0E, 0x21, 0x00, 0xE2, 0x01, 0xF0
    .byte   0xF1, 0xF1, 0x0F, 0x00, 0x01, 0x0E, 0x2E, 0x21, 0xE2, 0xE1, 0x10, 0x10, 0x1E, 0x10, 0x10, 0x10
    .byte   0xE2, 0x0F, 0x1F, 0xF1, 0xF1,    1, 0x0E, 0x2F, 0xF2, 0xE1, 0x0F, 0x12, 0xE0, 0xF1, 0x1E, 0x2E
    .byte   0x2F, 0x1F, 0x10, 0xF0, 0xF1, 0x0F, 0x1F, 0x11, 0xE2, 0xF0, 0x0F, 0x1F, 0x10, 0x01, 0xF1, 0x1E
    .byte   0x2E, 0x2E, 0x2F, 0xE2, 0x0F, 0x01,   -2, 0x01, 0x10, 0x00, 0x0F, 0x00, 0x11, 0xF1, 0xF0, 0xF1
    .byte   0xF2, 0xD3, 0xE1, 0xF2, 0xE1, 0xF0, 0x2E, 0x2E, 0x2D, 0x3E, 0x11, 0xE2, 0xF1, 0x0F, 0x1F, 0xF2
    .byte   0xE2, 0xE1, 0xF2, 0xE1, 0x1F, 0x1F, 0x10,    0, 0x00, 0x1E, 0x20, 0xE2, 0x01, 0xE2, 0xE1, 0x1F
    .byte   0x2E, 0x02, 0xE2, 0xE1, 0x0E, 0x2F, 0x2D, 0x3E, 0x12, 0xE1, 0x00, 0xE2, 0xE2, 0xFF, 0x01, 0x02
    .byte   0xEF, 0x1E, 0x20, 0x00, 0xF1, 0xF2, 0x1E, 0x2D,    2, 0x0E, 0x2F, 0x1E, 0x01, 0x02, 0xE2, 0xD2
    .byte   0xF1, 0x2F, 0x0E, 0x21, 0xF2, 0xEF, 0x1E, 0x2E, 0x2F, 0x01, 0xF0, 0xF2, 0xE2, 0xEE, 0x21, 0xFF
    .byte   0x2E, 0x2F, 0xF2, 0xE1, 0xFF, 0xF2, 0xE1, 0x2E, 0x10,   -1, 0x02, 0xFE, 0x2D, 0x3E, 0x2F, 0xFF
    .byte   0x02, 0xD3, 0xE0, 0x10, 0x02, 0xE0, 0xF0, 0xF2, 0xFE, 0x3C, 0x4D, 0x20, 0xE1, 0xE3, 0xEE, 0x3D
    .byte   0x22, 0xD4, 0xC2, 0x1F, 0x20, 0x1E, 0x11, 0xE3, 0xD2, 0xE1,   -3, 0x02, 0xF0, 0x2D, 0x3D, 0x3D
    .byte   0x20, 0x01, 0x1F, 0x2E, 0x2D, 0x22, 0xD3, 0xD2, 0x11, 0xE3, 0xD2, 0x1E, 0x2E, 0x21, 0xD3, 0xFE
    .byte   0x3D, 0x2F, 0x2E, 0x2F, 0xE1, 0xE2, 0x1E, 0x2F, 0x01, 0xE2, 0xD3,   -5, 0x03, 0xFF, 0xFF, 0x1E
    .byte   0x3D, 0x21, 0xD3, 0xFE, 0x3D, 0x2E, 0x20, 0x10, 0xE1, 0x11, 0x1E, 0x01, 0xE3, 0xE3, 0xD1, 0x0E
    .byte   0x3D, 0x12, 0xD3, 0xE3, 0xD2, 0xFE, 0x2E, 0x3E, 0xE1, 0x11, 0x2D, 0x3D,   -3, 0x02, 0xE3, 0xD2
    .byte   0xD3, 0xE2, 0x2D, 0x3D, 0x22, 0xE0, 0x2D, 0x3E, 0xE2, 0xD4, 0xC4, 0xD1, 0x10, 0x01, 0xFE, 0x3C
    .byte   0x4D, 0x21, 0xF0, 0x2E, 0x02, 0xD3, 0xEE, 0x21, 0xD3, 0xE1, 0x3C, 0x4D, 0xE4,   -4, 0x03, 0xFD
    .byte   0x3D, 0x22, 0xE0, 0xE3, 0xD3, 0x2D, 0x3C, 0x23, 0xE0, 0x0E, 0xF2, 0x2F, 0x2C, 0x20, 0x3E, 0x2E
    .byte   0xE3, 0xD3, 0x0F, 0xD3, 0xD3, 0xD1, 0x3D, 0x03, 0xEF, 0x2D, 0x3D, 0x20, 0x2D, 0x4C,    1, 0x02
    .byte   0xD3, 0xE1, 0x0F, 0xD3, 0xE0, 0x2E, 0x21, 0xD2, 0x21, 0x0F, 0xD3, 0xE1, 0x3D, 0x2D, 0x3E, 0x2F
    .byte   0xF1, 0xEF, 0x23, 0xEE, 0xEE, 0x21, 0x21, 0x1D, 0x03, 0xF3, 0xDE, 0xFF, 0x02, 0x2E, 0x1D,    2
    .byte   0x02, 0xE2, 0xEE, 0xEF, 0x22, 0x2D, 0x12, 0xE3, 0xE1, 0x2D, 0xE3, 0xE1, 0x2E, 0xE1, 0xF1, 0x3D
    .byte   0x2F, 0xE2, 0x11, 0x2E, 0xD2, 0x12, 0x2F, 0xEF, 0xE1, 0x2F, 0x0F, 0xE2, 0x10, 0x20, 0xEF, 0xFF
    .byte      1, 0x00, 0xF1, 0xE0, 0x20, 0x10, 0xFE, 0x01, 0x02, 0x0E, 0x1F, 0x22, 0x1E, 0xFE, 0x02, 0x01
    .byte   0xFE, 0xF1, 0x02, 0xFF, 0xEE, 0x21, 0x20, 0x1E, 0x02, 0x12, 0xFF, 0xEF, 0x01, 0x10, 0x0E, 0xF2
    .byte   0x00,    1, 0x0F, 0xFE, 0x20, 0x10, 0xFE, 0x10, 0x00, 0xE0, 0xFF, 0x20, 0x10, 0xFF, 0x20, 0x21
    .byte   0x12, 0xF2, 0x21, 0x20, 0xF1, 0x0F, 0x0E, 0xEF, 0xEF, 0xFF, 0xE0, 0x00, 0x1F, 0x10, 0x00, 0x10
    .byte   0xFE, 0xE0,  -12, 0x0F, 0xEE, 0xEE, 0xE0, 0xE0, 0x02, 0x24, 0x34, 0x22, 0x32, 0x3F, 0x1E, 0xEE
    .byte   0xEE, 0xFD, 0xDE, 0xDE, 0xE0, 0xEF, 0xF0, 0x32, 0x23, 0x22, 0x12, 0x22, 0x0E, 0xEE, 0xEE, 0xEE
    .byte   0xED, 0xE0, 0x12,  -14, 0x02, 0x22, 0x22, 0x32, 0x00, 0xF1, 0xFE, 0xEE, 0xED, 0xEF, 0xEF, 0xE1
    .byte   0x10, 0x22, 0x22, 0x12, 0x21, 0x10, 0xF0, 0xEE, 0xFE, 0xFE, 0xFF, 0xF0, 0x11, 0x22, 0x22, 0x22
    .byte   0x22, 0xF1, 0x0E, 0x0E,   11, 0x0E, 0xEE, 0xFF, 0xFF, 0xE1, 0x20, 0x20, 0xF0, 0x00, 0xF0, 0xEE
    .byte   0xFE, 0xE0, 0xFF, 0x01, 0x22, 0x33, 0x22, 0x22, 0x21, 0xFF, 0xEE, 0xDE, 0xFE, 0xEE, 0xE0, 0x02
    .byte   0x02, 0x20, 0x22, 0x22, 0xF1,   12, 0x0F, 0xEF, 0xEE, 0xEE, 0xE0, 0xF0, 0x20, 0x11, 0x32, 0x22
    .byte   0x2F, 0x1F, 0xF0, 0xEE, 0xED, 0xFF, 0xEF, 0xEF, 0x01, 0x12, 0x10, 0x00, 0x20, 0x00, 0x21, 0x23
    .byte   0x22, 0xF1, 0x01, 0x0E, 0xFE, 0xDE,   -4, 0x00, 0x0E, 0xE0, 0x21, 0x22, 0x20, 0xF2, 0x22, 0xFF
    .byte   0xEE, 0xEE, 0x1F, 0xEE, 0xEF, 0x12, 0x22, 0x01, 0x22, 0x22, 0x0F, 0xFE, 0xFF, 0xFE, 0xEE, 0x0F
    .byte   0x01, 0x00, 0x10, 0x21, 0x21, 0xFF, 0xFF,    3, 0x0E, 0x0E, 0x0E, 0x0F, 0x0F, 0x0F, 0x10, 0x11
    .byte   0x1F, 0xEF, 0xE1, 0xEE, 0x22, 0x33, 0x53, 0xEF, 0xE3, 0x0E, 0xEE, 0xCC, 0xE2, 0x2E, 0xEE, 0x31
    .byte   0x24, 0x3F, 0xDF, 0x22, 0x0E, 0xED, 0xCF, 0x22,   -9, 0x0E, 0xEE, 0x03, 0x33, 0x0E, 0xF2, 0x22
    .byte   0x0F, 0xED, 0xE0, 0x10, 0xEE, 0xFF, 0x23, 0x22, 0x10, 0x11, 0x20, 0xEE, 0xDF, 0xE0, 0x1F, 0x01
    .byte   0xF2, 0x21, 0x20, 0x0F, 0xFF, 0xFF, 0xE0, 0xEE, 0xF0,  -13, 0x0F, 0xFF, 0x20, 0x21, 0x21, 0xEE
    .byte   0xFF, 0xEE, 0xE0, 0x13, 0x46, 0x4C, 0xDE, 0x33, 0xD0, 0xDB, 0xBD, 0x44, 0xED, 0xE2, 0x13, 0x54
    .byte   0xEC, 0xD2, 0x30, 0xDE, 0xDC, 0xD3, 0x3E, 0xEE, 0x21, 0x23,   10, 0x02, 0xFE, 0x21, 0x1F, 0xFE
    .byte   0xED, 0xE2, 0x1E, 0xF0, 0xF2, 0x22, 0x20, 0xEE, 0x2F, 0xED, 0xEE, 0xEE, 0xFF, 0x00, 0x22, 0x20
    .byte   0x12, 0x22, 0x3F, 0x00, 0x13, 0x33, 0x1E, 0xDF, 0xF1, 0x1D, 0xED,   -4, 0x00, 0x31, 0x1F, 0xE1
    .byte   0x23, 0x2F, 0xED, 0xE0, 0x10, 0xEE, 0xEE, 0x10, 0x2F, 0xEF, 0xFF, 0x22, 0xEE, 0xE0, 0x00, 0xFE
    .byte   0xED, 0x12, 0x22, 0x34, 0x56, 0x2E, 0xED, 0x2F, 0xED, 0xBC, 0xBF, 0x33,  -10, 0x0D, 0xF2, 0x34
    .byte   0x43, 0xED, 0xF0, 0x2E, 0xED, 0xCD, 0xE1, 0x10, 0xFF, 0x21, 0x33, 0x32, 0x20, 0x10, 0xFF, 0xFD
    .byte   0xDE, 0xEE, 0xFE, 0x0E, 0xF1, 0x1F, 0xEF, 0x1F, 0x2F, 0x02, 0xE0, 0x32, 0x2E,   -8, 0x02, 0x33
    .byte   0x24, 0x3E, 0xD0, 0x30, 0xDE, 0xFD, 0xC1, 0x22, 0xEE, 0x12, 0xF1, 0x32, 0xFD, 0x22, 0x00, 0xFE
    .byte   0xED, 0xF2, 0x00, 0xEE, 0xF0, 0x12, 0x2E, 0xEE, 0x01, 0x10, 0xFE, 0xDE, 0xEF, 0xEE,  -43, 0x0E
    .byte   0xE1, 0x23, 0x11, 0x10, 0x12, 0x43, 0x42, 0x34, 0x22, 0x02, 0x1E, 0xEE, 0xEC, 0xD1, 0x10, 0xDF
    .byte   0xF1, 0xD3, 0x3E, 0xEF, 0x22, 0x20, 0x1E, 0xDE, 0x22, 0xEE, 0xEE, 0xE1, 0x22, 0xEE, 0xF2,   -6
    .byte   0x00, 0x20, 0xEE, 0x2F, 0x0E, 0xEE, 0xDE, 0xFE, 0xEE, 0xEF, 0x21, 0x22, 0x22, 0x02, 0x32, 0x23
    .byte   0x32, 0x33, 0x31, 0x21, 0x2E, 0xE1, 0xDE, 0xFE, 0x0E, 0xEF, 0xEE, 0x11, 0xFE, 0xFF, 0x21, 0x02
    .byte     12, 0x0E, 0xE2, 0x20, 0xEE, 0xFE, 0x01, 0x0E, 0xEE, 0xE0, 0x00, 0x1F, 0x02, 0x12, 0xFF, 0xEF
    .byte   0xDE, 0xFE, 0xEE, 0xEF, 0xF2, 0x12, 0x11, 0x2F, 0x3F, 0x32, 0x23, 0x13, 0x23, 0x22, 0x3F, 0x20
    .byte   0xF0,   41, 0x00, 0xFE, 0xFE, 0x1D, 0x0F, 0xEF, 0xEF, 0xE0, 0xF0, 0x1F, 0xFF, 0xF2, 0xF0, 0x0E
    .byte   0xF0, 0xF0, 0xEE, 0xE0, 0xFF, 0x1E, 0x0F, 0xE0, 0x21, 0x00, 0xE0, 0x0F, 0x0F, 0xEE, 0xFF, 0x00
    .byte   0xE2, 0xD2,  -35, 0x02, 0x22, 0x00, 0x2F, 0x32, 0x23, 0x22, 0x22, 0x20, 0x30, 0x2F, 0xF0, 0x02
    .byte   0x00, 0xFE, 0xFF, 0xF0, 0xEE, 0xEF, 0xFE, 0x00, 0xEF, 0x0E, 0x20, 0xE0, 0xEF, 0x0F, 0x0F, 0xEF
    .byte   0xEF, 0x01, 0xEF,  -19, 0x00, 0x02, 0xF2, 0xD0, 0x1E, 0x3D, 0x2D, 0x2D, 0x31, 0xE2, 0xE2, 0xD3
    .byte   0xE2, 0x1E, 0x3F, 0x03, 0x10, 0x20, 0x12, 0x2F, 0x3F, 0x03, 0xE2, 0x12, 0x11, 0xF1, 0xF2, 0x02
    .byte   0xF0, 0xF1, 0x0E, 0x2E,   27, 0x0E, 0xE1, 0x1E, 0x3D, 0xE0, 0xE1, 0x0E, 0x1E, 0xE0, 0x2E, 0x2D
    .byte   0x10, 0xD3, 0xE1, 0xEF, 0xD4, 0xC3, 0x2C, 0x3D, 0x3D, 0x21, 0xEE, 0x3C, 0x5C, 0x22, 0xE1, 0xD4
    .byte   0xB6, 0xB3, 0x3C, 0x4E, 0x3D,  -11, 0x02, 0xF4, 0xB5, 0xDD, 0x4C, 0x5D, 0x13, 0xD2, 0x2E, 0x3E
    .byte   0xF2, 0xE2, 0x21, 0xD3, 0xC4, 0x1D, 0x3D, 0xF3, 0xD3, 0xFE, 0x1E, 0x2D, 0x3D, 0x2E, 0xE1, 0x2E
    .byte   0x3D, 0xE0, 0xD4, 0xB4, 0xEE, 0x1E,   -3, 0x0E, 0x1D, 0x2F, 0xE2, 0xE2, 0xE0, 0x1E, 0x2E, 0x3D
    .byte   0x2E, 0xE4, 0xB5, 0xC3, 0x0E, 0x3D, 0x2F, 0x3D, 0x4C, 0x22, 0xE3, 0xE0, 0x10, 0x13, 0xD3, 0xD3
    .byte   0xEF, 0x3D, 0x3E, 0x10, 0x10, 0xF0, 0x00,   11, 0x0D, 0x3E, 0x3E, 0xE2, 0xE2, 0xE1, 0xE2, 0xE3
    .byte   0xD3, 0xD3, 0xD3, 0xDE, 0x4B, 0x4E, 0x11, 0xFF, 0x2E, 0x0F, 0x2D, 0x20, 0xE1, 0x0F, 0x2D, 0x21
    .byte   0xE2, 0x0E, 0x2D, 0x23, 0xC4, 0xC4, 0xC3, 0xE2,   -5, 0x0F, 0x1D, 0x4C, 0x4C, 0x4D, 0x2F, 0x1F
    .byte   0x2F, 0xE2, 0xD4, 0xC4, 0xD0, 0x11, 0xE3, 0xE1, 0x0E, 0x3D, 0x3E, 0xE3, 0xD2, 0x11, 0x02, 0xD3
    .byte   0xD2, 0x0E, 0x3D, 0x2F, 0x01, 0x0E, 0x3C, 0x31, 0xE3,   -7, 0x04, 0xC2, 0x3D, 0x3D, 0xF3, 0xD3
    .byte   0xD2, 0x2D, 0x21, 0xE2, 0x1E, 0x2E, 0x2E, 0x10, 0xF3, 0xD3, 0xEF, 0xE1, 0x10, 0x1E, 0x2E, 0x3E
    .byte   0x2E, 0xE1, 0x2D, 0x4C, 0x30, 0xD3, 0xD4, 0xD3, 0xC3, 0xE2,    5, 0x0E, 0x0E, 0x10, 0x2F, 0x3C
    .byte   0x3D, 0x3E, 0x21, 0xD3, 0xD3, 0x1D, 0x3D, 0x20, 0xE4, 0xC2, 0x1D, 0x3E, 0x3D, 0x21, 0xD4, 0xC4
    .byte   0xC3, 0xEE, 0x3D, 0x4C, 0x2F, 0x02, 0x02, 0xFC, 0x4C, 0x41, 0xD3,   -2, 0x0E, 0x3E, 0x21, 0xD3
    .byte   0xD3, 0xE2, 0xD3, 0xD3, 0xD1, 0x4B, 0x5C, 0x21, 0x1E, 0x3D, 0x03, 0xC4, 0xD2, 0xFE, 0x3C, 0x5C
    .byte   0x2F, 0xE1, 0x10, 0xF3, 0xC4, 0xD1, 0xF2, 0xE1, 0x1E, 0xF3, 0xD4, 0xC2,   -1, 0x0E, 0x3E, 0x3C
    .byte   0x4B, 0x4E, 0x21, 0xE0, 0xF2, 0x02, 0xEF, 0xE3, 0xD3, 0xEF, 0xE2, 0xF2, 0x2E, 0xE3, 0xC3, 0x1D
    .byte   0x4D, 0xE3, 0xD1, 0x3D, 0x3E, 0xF2, 0xE2, 0xD1, 0x2E, 0x3F, 0xF0, 0xFE, 0x12,   -3, 0x02, 0xD3
    .byte   0xE1, 0x3D, 0x3D, 0x21, 0xF2, 0xEF, 0xD3, 0xD4, 0xD2, 0xEF, 0x10, 0x2E, 0x1E, 0xF2, 0x1F, 0x3D
    .byte   0x3C, 0x31, 0xF3, 0xC3, 0xD3, 0xD4, 0xDE, 0xFE, 0x3D, 0x4C, 0x3E, 0xD4, 0xE2, 0xE2,   -8, 0x03
    .byte   0x0E, 0x4C, 0x3C, 0x32, 0xD4, 0xD1, 0xE1, 0x12, 0xE0, 0x1D, 0x3F, 0x20, 0xE0, 0xE2, 0x2E, 0x2D
    .byte   0x20, 0xE4, 0xC2, 0x2D, 0x4D, 0xE4, 0xC1, 0x3D, 0x2F, 0xE0, 0xD5, 0xB4, 0x0C, 0x5C, 0x13,   -1
    .byte   0x00, 0xFF, 0x12, 0xD3, 0xEF, 0x3D, 0x4D, 0x0D, 0x0F, 0x23, 0xD3, 0xC3, 0xF2, 0x2D, 0xFF, 0xD4
    .byte   0xF0, 0x20, 0xC4, 0x2C, 0x5B, 0x12, 0xD2, 0x3E, 0x2E, 0xE2, 0x12, 0xE2, 0xDE, 0x3D, 0x4E, 0xE3
    .byte     -8, 0x03, 0xF2, 0x01, 0xDE, 0x2F, 0x3F, 0xF0, 0xEE, 0x32, 0xE1, 0xDF, 0x3D, 0x40, 0xDF, 0xE2
    .byte   0xF3, 0xEE, 0xEE, 0x03, 0x2E, 0x1D, 0x12, 0x22, 0x01, 0xC2, 0x22, 0x3D, 0xEE, 0xF2, 0x21, 0x0D
    .byte   0xF2,   -4, 0x02, 0x0E, 0x2D, 0x22, 0x21, 0xD2, 0xE2, 0x3E, 0x11, 0xD1, 0x3E, 0x1E, 0xFF, 0x02
    .byte   0x12, 0xFE, 0x0F, 0x02, 0xF0, 0xEE, 0x21, 0x21, 0xFF, 0xEE, 0x21, 0xF0, 0xE0, 0x10, 0x20, 0xFE
    .byte   0x0E, 0x12,   -3, 0x0E, 0x1E, 0x12, 0x01, 0xFE, 0xE2, 0x11, 0x1E, 0xFF, 0x03, 0x2F, 0xFF, 0x01
    .byte   0x32, 0xFE, 0xE2, 0x23, 0x21, 0x2E, 0x12, 0x30, 0x1D, 0xDE, 0xEF, 0x10, 0xDE, 0xFE, 0x20, 0xEF
    .byte   0xED, 0x12, 0xFE,  -17, 0x0E, 0xF0, 0x12, 0xEE, 0xD2, 0xF1, 0x0D, 0x0D, 0xE3, 0x21, 0x11, 0x13
    .byte   0x21, 0x31, 0x04, 0x24, 0x43, 0x23, 0x32, 0x0E, 0xFD, 0xDC, 0xDF, 0xDD, 0xEE, 0xFE, 0xE3, 0xEF
    .byte   0x10, 0x22, 0x13, 0x11,   20, 0x02, 0x1F, 0xED, 0xED, 0xEE, 0xED, 0xFE, 0x02, 0x0F, 0x1F, 0x12
    .byte   0x22, 0xFE, 0xEE, 0xDF, 0xDD, 0xDE, 0x00, 0x12, 0x23, 0x23, 0x34, 0x34, 0x55, 0x33, 0x21, 0x2E
    .byte   0xD0, 0xBC, 0xDD, 0xFD, 0xDE,  -11, 0x0E, 0x12, 0x3E, 0xE1, 0x23, 0x23, 0x21, 0x00, 0x21, 0xEE
    .byte   0xCE, 0xEE, 0x00, 0xEE, 0xE2, 0x21, 0x10, 0x20, 0xF2, 0x2E, 0xED, 0xED, 0xED, 0xDD, 0xDD, 0xF0
    .byte   0x22, 0x23, 0x33, 0x34, 0x43, 0x55,   75, 0x02, 0x31, 0x20, 0xDD, 0xDB, 0xCD, 0x1E, 0xDD, 0xE0
    .byte   0xF0, 0x21, 0xEF, 0x04, 0x22, 0x22, 0x2F, 0x12, 0xFE, 0xCE, 0xFD, 0xFF, 0xE0, 0xDF, 0x30, 0x10
    .byte   0x22, 0x21, 0x21, 0xED, 0xD0, 0xED, 0xDD,  -58, 0x0D, 0xEE, 0x2E, 0xF2, 0x23, 0x33, 0x34, 0x34
    .byte   0x45, 0x41, 0x42, 0x02, 0xDE, 0xDC, 0xCD, 0xEE, 0xDD, 0xEE, 0xEE, 0x02, 0xEE, 0x13, 0x23, 0x03
    .byte   0x22, 0x12, 0x2F, 0xDE, 0xEE, 0xEE, 0xFF, 0xDE,  -13, 0x02, 0xEF, 0x02, 0x01, 0x22, 0x1D, 0xF0
    .byte   0xEE, 0xDE, 0xDD, 0xDE, 0x0E, 0xEE, 0x22, 0x23, 0x32, 0x34, 0x34, 0x54, 0x33, 0x33, 0x2E, 0xEE
    .byte   0xDC, 0xDE, 0xED, 0xDD, 0xDF, 0xED, 0x1E, 0xED, 0x23,  -10, 0x02, 0x22, 0x3F, 0x33, 0x1F, 0xEE
    .byte   0x10, 0xDF, 0xEE, 0xDE, 0x10, 0xEE, 0xE1, 0x20, 0x13, 0xFE, 0xE0, 0x2F, 0xDE, 0xDE, 0xDE, 0x0E
    .byte   0xDF, 0xE3, 0x21, 0x02, 0x23, 0x34, 0x44, 0x43, 0x34, 0x32,   88, 0x0E, 0x0E, 0xDD, 0xFE, 0xDD
    .byte   0xED, 0xDD, 0xDE, 0xED, 0xD0, 0x11, 0x21, 0x23, 0x22, 0x33, 0xF2, 0x0F, 0x1F, 0xEF, 0x0D, 0xEF
    .byte   0xEE, 0xEE, 0xEF, 0xEF, 0x11, 0xFF, 0x0F, 0x01, 0xF0, 0xEE, 0xE1,  -38, 0x0E, 0x0F, 0x01, 0x11
    .byte   0x20, 0x11, 0x32, 0x33, 0x34, 0x31, 0x33, 0x22, 0x20, 0x20, 0xEE, 0x11, 0xEE, 0xEE, 0xDD, 0xD0
    .byte   0xDD, 0xDE, 0xEE, 0xE0, 0x12, 0xE2, 0x22, 0x22, 0x12, 0x11, 0x02, 0x00,    6, 0x0F, 0xE0, 0xFF
    .byte   0xFE, 0x0E, 0xFF, 0xFF, 0x10, 0xE0, 0x10, 0x01, 0x0F, 0xFF, 0x0F, 0xF1, 0x00, 0xF0, 0x10, 0x11
    .byte   0x10, 0x10, 0x21, 0x02, 0x12, 0x11, 0x21, 0x12, 0x11, 0x21, 0x12, 0x12, 0x12,   33, 0x00, 0x11
    .byte   0x0F, 0xFF, 0xFE, 0x0E, 0xFF, 0x0E, 0x0E, 0x0E, 0xFF, 0xE0, 0xE0, 0xEF, 0x0E, 0x0F, 0x0E, 0x0F
    .byte   0xF0, 0xF0, 0x10, 0x01, 0x1F, 0x01, 0x1F, 0x00, 0x00, 0x01, 0x01, 0x00, 0xF1, 0xF0,  -14, 0x01
    .byte   0x01, 0x01, 0x01, 0x01, 0x11, 0x11, 0x01, 0x10, 0x10, 0x20, 0x21, 0x12, 0x12, 0x20, 0x20, 0x21
    .byte   0x10, 0x10, 0x00, 0xF0, 0xF0, 0xE0, 0xFE, 0xE0, 0xE0, 0xEE, 0xFE, 0x0E, 0x0E, 0xFF, 0x0E,  -15
    .byte   0x0F, 0x0F, 0xFF, 0x0F, 0x00, 0x01, 0x00, 0x11, 0x01, 0x11, 0x10, 0x10, 0x01, 0x00, 0x0F, 0x11
    .byte   0xF0, 0x0F, 0x10, 0x00, 0x00, 0x01, 0x01, 0x02, 0x01, 0x10, 0x21, 0x12, 0x02, 0x12, 0x21, 0x12
    .byte     28, 0x02, 0x01, 0x01, 0x00, 0x0F, 0x0E, 0x0E, 0xFF, 0xEF, 0xEF, 0xEE, 0xFF, 0xEF, 0xFE, 0xFF
    .byte   0xEF, 0xFF, 0x0F, 0xF0, 0x00, 0x0F, 0x11, 0x01, 0x01, 0x11, 0x01, 0x10, 0x10, 0x01, 0x00, 0x0F
    .byte   0x01,  -11, 0x01, 0xF1, 0xF0, 0x01, 0xF0, 0x11, 0xF1, 0x11, 0x11, 0x10, 0x20, 0x11, 0x02, 0x11
    .byte   0x02, 0x10, 0x20, 0x21, 0x11, 0x11, 0x1F, 0x00, 0x00, 0xE0, 0x00, 0xE0, 0xEF, 0x0E, 0x0E, 0xF0
    .byte   0xE0, 0xFF,   -4, 0x0F, 0xFF, 0xFE, 0x00, 0xFF, 0x00, 0x0F, 0x1F, 0x10, 0x00, 0x11, 0x10, 0x10
    .byte   0x11, 0xF1, 0x00, 0x00, 0x00, 0x00, 0x0F, 0x10, 0x1F, 0x01, 0x00, 0x10, 0x10, 0x11, 0x01, 0x10
    .byte   0x11, 0x11, 0x01,    6, 0x00, 0x11, 0x10, 0x01, 0x11, 0x11, 0x10, 0x01, 0x0F, 0x10, 0x0F, 0x00
    .byte   0xFF, 0xFF, 0xFF, 0xF0, 0x0E, 0x0F, 0xFF, 0xFF, 0xF0, 0xFF, 0xFF, 0x00, 0xFF, 0x1F, 0x00, 0xFF
    .byte   0x01, 0xF1, 0xF0, 0x00,  -10, 0x01, 0xF1, 0x00, 0x01, 0x00, 0x10, 0xF1, 0x01, 0x10, 0x01, 0x00
    .byte   0x10, 0x1F, 0x10, 0x10, 0x10, 0x10, 0x10, 0x01, 0x00, 0x10, 0x11, 0x00, 0x10, 0x1F, 0x10, 0x00
    .byte   0x01, 0x0F, 0x10, 0xF0, 0x10,    8, 0x00, 0x0F, 0x0F, 0x0F, 0x00, 0xFF, 0x00, 0xF1, 0xFF, 0x0F
    .byte   0x00, 0xF0, 0xF0, 0x0F, 0x1F, 0x0F, 0x1F, 0x0F, 0x1F, 0x1F, 0x00, 0xF0, 0x01, 0x0F, 0x10, 0xF1
    .byte   0x1F, 0x1F, 0x10, 0x00, 0x00, 0x11,   -3, 0x00, 0x01, 0x10, 0x00, 0x00, 0x10, 0x00, 0x01, 0x0F
    .byte   0x11, 0x0F, 0x01, 0x01, 0xF0, 0x10, 0x0F, 0x10, 0x00, 0x00, 0x00, 0x00, 0x00, 0x0F, 0x11, 0xF0
    .byte   0x00, 0x00, 0x0F, 0x1F, 0x00, 0x0F, 0x00,    2, 0x0F, 0x00, 0x0F, 0x1F, 0x00, 0x1F, 0x00, 0x0F
    .byte   0x0F, 0x1F, 0x11, 0xFF, 0x01, 0xF1, 0xF1, 0x00, 0x0F, 0x00, 0x10, 0xF0, 0x00, 0x00, 0x00, 0x1F
    .byte   0x01, 0x00, 0x00, 0x0F, 0x01, 0x00, 0x00, 0x00,   -2, 0x01, 0xF1, 0x10, 0x0F, 0x10, 0x00, 0x00
    .byte   0x00, 0x10, 0x0F, 0x00, 0x1F, 0x10, 0x0F, 0x01, 0x00, 0x00, 0xF0, 0x01, 0x0F, 0x10, 0x00, 0x00
    .byte   0x1F, 0x00, 0x00, 0xF1, 0x1F, 0x00, 0x0F, 0x11, 0xF0,    1, 0x01, 0xF0, 0x0F, 0x01, 0x0F, 0x1F
    .byte   0x00, 0x00, 0x00, 0xF0, 0x1F, 0x10, 0x0F, 0x01, 0x0F, 0x00, 0xF1, 0x10, 0xF0, 0x00, 0x00, 0x00
    .byte   0x00, 0x00, 0xF1, 0x00, 0x01, 0xF0, 0x00, 0x1F, 0x01, 0xF1,   -1, 0x00, 0x1F, 0x10, 0xF0, 0x10
    .byte   0x1F, 0x00, 0x01, 0x0F, 0x00, 0x01, 0xF0, 0x00, 0x01, 0x0F, 0x00, 0x1F, 0x00, 0x00, 0x1F, 0x00
    .byte   0x01, 0xF0, 0x00, 0x10, 0xF1, 0xF1, 0x0F, 0x10, 0x0F, 0x10, 0xF0,    0, 0x01, 0xF1, 0x00, 0xF0
    .byte   0x10, 0xF0, 0x00, 0x1F, 0x00, 0x10, 0x0F, 0x00, 0x0F, 0x10, 0x0F, 0x00, 0x1F, 0x1F, 0x1F, 0x10
    .byte   0x00, 0xF0, 0x10, 0x0F, 0x1F, 0x10, 0xF0, 0x01, 0x0F, 0x00, 0x00, 0x00,   -1, 0x00, 0x00, 0x00
    .byte   0x01, 0x00, 0x0F, 0x1F, 0x10, 0x10, 0xF1, 0x00, 0xF0, 0x1F, 0x10, 0xF0, 0x1F, 0x10, 0xF0, 0x01
    .byte   0x0F, 0x1F, 0x01, 0xF1, 0xF1, 0x0F, 0x10, 0xF0, 0x1F, 0x00, 0x01, 0xF0, 0x00,   -1, 0x01, 0x00
    .byte   0x00, 0x0F, 0x1F, 0x10, 0xF1, 0x00, 0x0F, 0x00, 0x10, 0xF0, 0x01, 0x00, 0x00, 0x0F, 0x1F, 0x10
    .byte   0x00, 0x0F, 0x10, 0x00, 0x00, 0x0F, 0x10, 0x0F, 0x10, 0x00, 0x10, 0xF0, 0x1F, 0x1F,   -1, 0x01
    .byte   0x01, 0x0F, 0x00, 0x00, 0x10, 0xF0, 0x1F, 0x01, 0xF1, 0x0F, 0x00, 0x00, 0x00, 0x00, 0xF1, 0x00
    .byte   0x0F, 0x1F, 0x10, 0x0F, 0x10, 0x00, 0x00, 0x0F, 0x11, 0x00, 0xF0, 0x00, 0x00, 0x00, 0x00,    0
    .byte   0x00, 0x1F, 0x00, 0x1F, 0x0F, 0x1F, 0x1F, 0x1F, 0x01, 0x1F, 0x00, 0x0F, 0x10, 0x1F, 0x1F, 0x00
    .byte   0x00, 0x01, 0xFF, 0x10, 0x00, 0x00, 0x10, 0xFF, 0x10, 0x00, 0x00, 0x00, 0x0F, 0x11, 0x01, 0x11
    .byte      4, 0x00, 0x10, 0xF0, 0x10, 0x23, 0x2F, 0xCB, 0xBE, 0xF3, 0x55, 0x43, 0x10, 0xCB, 0xBC, 0xE3
    .byte   0x45, 0x63, 0xFD, 0xDD, 0xCC, 0xDF, 0x23, 0x43, 0x3D, 0xEF, 0xEE, 0xDD, 0xDE, 0x23, 0x44, 0x31
    .byte   0xEE,    8, 0x0D, 0xDD, 0xD0, 0x45, 0x54, 0x3D, 0xCB, 0xAB, 0xCD, 0x35, 0x66, 0x63, 0xDB, 0xBB
    .byte   0xAC, 0xC3, 0x46, 0x56, 0x32, 0xCC, 0xBC, 0xBD, 0x23, 0x44, 0x53, 0xFE, 0xDC, 0xCD, 0xD2, 0x33
    .byte   0x34, 0x21,   20, 0x0E, 0xCD, 0xDE, 0x23, 0x33, 0x32, 0xFD, 0xDD, 0xDF, 0xF2, 0x22, 0x33, 0x22
    .byte   0xFD, 0xED, 0xEE, 0x02, 0x02, 0x11, 0x22, 0x1F, 0xED, 0xDD, 0xF0, 0x22, 0x32, 0x32, 0x01, 0xEE
    .byte   0xFF, 0x0F, 0x01,    3, 0x01, 0x2F, 0xEE, 0xFF, 0xF0, 0x02, 0x02, 0x10, 0xE0, 0xE0, 0xF1, 0x12
    .byte   0x20, 0xF0, 0xFF, 0xFE, 0xEE, 0x02, 0x21, 0x11, 0x11, 0x0E, 0x00, 0xFF, 0x00, 0x01, 0x22, 0xF1
    .byte   0x0E, 0xEF, 0xFF, 0x11,   -1, 0x02, 0x02, 0xFF, 0xEE, 0xE0, 0x2F, 0x11, 0x02, 0x11, 0x0E, 0xF0
    .byte   0xF0, 0x12, 0x11, 0x1F, 0x02, 0xFD, 0xEE, 0x0F, 0x22, 0x33, 0xFE, 0xDD, 0x01, 0x10, 0x12, 0x22
    .byte   0x0F, 0xEE, 0xEE, 0x12, 0x22,    2, 0x0F, 0xE1, 0x11, 0xEF, 0x01, 0x12, 0x10, 0xFE, 0x0F, 0x10
    .byte   0x21, 0x1F, 0x01, 0x0E, 0xEE, 0xE1, 0x22, 0x23, 0x0F, 0xFE, 0x0F, 0xE0, 0x20, 0x21, 0x2F, 0x20
    .byte   0xE0, 0xEF, 0xF0, 0xF2, 0x21, 0x1F,   11, 0x0E, 0xEE, 0xEF, 0x12, 0x11, 0xFE, 0xFE, 0xEE, 0xEF
    .byte   0x12, 0x02, 0x21, 0x1F, 0xEE, 0xFF, 0xEF, 0x02, 0x22, 0x22, 0x11, 0xEE, 0xED, 0xD1, 0x33, 0x44
    .byte   0x32, 0x22, 0xEE, 0xEE, 0x11, 0x33, 0x32,   58, 0x0F, 0xDD, 0xCC, 0xDD, 0xEE, 0x22, 0x22, 0x0E
    .byte   0xEE, 0xEE, 0x12, 0x33, 0x32, 0x2F, 0xFD, 0xDD, 0xEF, 0xF0, 0x22, 0x1F, 0xEE, 0xED, 0xEE, 0xF0
    .byte   0x22, 0x21, 0x10, 0xF1, 0x0F, 0x0E, 0x1E, 0x02,  -20, 0x04, 0x44, 0x33, 0x32, 0xEE, 0xEF, 0x01
    .byte   0x23, 0x22, 0xFF, 0xDD, 0xCC, 0xCC, 0xDE, 0x02, 0x22, 0x21, 0x1F, 0xEF, 0x12, 0x23, 0x33, 0x32
    .byte   0x1F, 0xED, 0xDD, 0xEE, 0xE1, 0x11, 0x0E, 0xEE, 0xDD,  -40, 0x0E, 0x01, 0x22, 0x21, 0x10, 0xFE
    .byte   0xFF, 0x10, 0x0F, 0xF1, 0x12, 0x34, 0x44, 0x43, 0x22, 0x1E, 0xEE, 0x11, 0x22, 0x32, 0xFF, 0xDC
    .byte   0xCC, 0xCC, 0xDD, 0x12, 0x22, 0x32, 0x01, 0xFF, 0xF1, 0x23,    7, 0x03, 0x33, 0x22, 0xED, 0xDD
    .byte   0xDD, 0xEF, 0xF1, 0x10, 0xFE, 0xDD, 0xED, 0xE1, 0x2F, 0x32, 0x22, 0xFF, 0xFF, 0xEE, 0xEF, 0xFF
    .byte   0x23, 0x44, 0x43, 0x43, 0x22, 0x0E, 0xFE, 0xF2, 0x22, 0x22, 0x2E,   62, 0x0D, 0xCB, 0xCC, 0xDD
    .byte   0x00, 0x23, 0x23, 0x12, 0x0E, 0xF1, 0x13, 0x33, 0x32, 0x21, 0xEE, 0xDD, 0xDD, 0xEE, 0xF0, 0x21
    .byte   0xFE, 0xED, 0xED, 0xEF, 0xF1, 0x22, 0x22, 0x20, 0x1F, 0xFE, 0xFE, 0xEF,  -43, 0x02, 0x34, 0x45
    .byte   0x34, 0x22, 0xFE, 0xEE, 0xF0, 0x23, 0x23, 0x2F, 0xED, 0xCC, 0xBC, 0xCE, 0xE0, 0x22, 0x32, 0x22
    .byte   0x0E, 0x0F, 0x02, 0x13, 0x33, 0x23, 0xFF, 0xED, 0xDD, 0xDE, 0xEE, 0x11, 0x0F,  -19, 0x0E, 0xEE
    .byte   0xEE, 0xFF, 0x00, 0x21, 0x12, 0x11, 0x11, 0x0F, 0xEF, 0xEF, 0x03, 0x34, 0x53, 0x43, 0x2F, 0xEE
    .byte   0xEE, 0xF1, 0x33, 0x32, 0x1F, 0xDC, 0xCC, 0xBC, 0xDE, 0xF2, 0x23, 0x23, 0x12, 0xFF,   -8, 0x0F
    .byte   0xF1, 0x23, 0x33, 0x31, 0x0E, 0xDD, 0xDD, 0xED, 0x00, 0x10, 0x20, 0xFE, 0xEE, 0xFE, 0xE1, 0x11
    .byte   0x21, 0x21, 0x1F, 0xF0, 0xEE, 0xFE, 0xF1, 0x23, 0x44, 0x44, 0x32, 0x2F, 0xEE, 0xFF, 0x22,   61
    .byte   0x03, 0x22, 0xFE, 0xCC, 0xBC, 0xCD, 0xD0, 0x12, 0x23, 0x22, 0x00, 0xEF, 0x01, 0x22, 0x33, 0x23
    .byte   0x10, 0xEE, 0xDD, 0xDD, 0xFE, 0x12, 0x01, 0x0F, 0xEE, 0xEE, 0xE1, 0x01, 0x12, 0x21, 0x0F, 0xFE
    .byte    -32, 0x0E, 0xFE, 0xFE, 0x22, 0x43, 0x44, 0x43, 0x30, 0x0F, 0xEE, 0x22, 0x23, 0x23, 0x0F, 0xDC
    .byte   0xCC, 0xCC, 0xCE, 0xE2, 0x23, 0x22, 0x00, 0xEF, 0xF0, 0x22, 0x33, 0x32, 0x2F, 0xED, 0xED, 0xEE
    .byte   0xE0,  -11, 0x00, 0xF1, 0xEE, 0xEE, 0xEF, 0xE2, 0x02, 0x10, 0x00, 0xEF, 0xEE, 0x0F, 0x1F, 0x11
    .byte   0x12, 0x33, 0x44, 0x33, 0x42, 0x1F, 0xFF, 0xF2, 0x23, 0x23, 0x1E, 0xEC, 0xCC, 0xCC, 0xCE, 0xF1
    .byte   0x22, 0x11,  -15, 0x0F, 0xEF, 0x02, 0x33, 0x33, 0x22, 0xFE, 0xED, 0xEE, 0xEE, 0x0F, 0x0F, 0xEE
    .byte   0xED, 0xEE, 0x00, 0x21, 0x21, 0x0F, 0xFE, 0xEE, 0x02, 0x11, 0x10, 0xE0, 0x02, 0x34, 0x44, 0x43
    .byte   0x32, 0xFE, 0xEE,   50, 0x02, 0x33, 0x32, 0x1D, 0xCC, 0xCB, 0xDD, 0xD1, 0x21, 0x1F, 0xEE, 0xEF
    .byte   0x22, 0x34, 0x33, 0x20, 0xFE, 0xEE, 0xEF, 0x11, 0x1E, 0xEE, 0xDD, 0xDE, 0xE0, 0x12, 0x10, 0xFF
    .byte   0xFE, 0xFF, 0x02, 0x11,  -32, 0x00, 0xEF, 0xEE, 0xF1, 0x33, 0x45, 0x43, 0x42, 0x10, 0xF0, 0x11
    .byte   0x33, 0x22, 0xED, 0xDC, 0xDC, 0xCD, 0xDE, 0xDE, 0xDE, 0xFF, 0x03, 0x33, 0x33, 0x22, 0x22, 0x22
    .byte   0x11, 0x2F, 0xED, 0xED, 0xDD,  -19, 0x0E, 0xEE, 0xEE, 0xEF, 0xEE, 0xF1, 0x22, 0x22, 0x1F, 0xF1
    .byte   0xE0, 0xFF, 0x0E, 0xF1, 0x33, 0x54, 0x54, 0x31, 0x0F, 0x02, 0x33, 0x22, 0x2D, 0xDC, 0xDC, 0xDD
    .byte   0xDD, 0xDC, 0xCC, 0xEE, 0x24, 0x34,  -12, 0x03, 0x21, 0x23, 0x33, 0x32, 0x0E, 0xDE, 0xDF, 0xEE
    .byte   0xDD, 0xDD, 0xDD, 0xEE, 0x11, 0x0F, 0xEF, 0x01, 0x32, 0x21, 0x0F, 0xEE, 0xFF, 0xF0, 0x22, 0x34
    .byte   0x54, 0x53, 0x22, 0x22, 0x32, 0x22, 0x2E,   92, 0x0D, 0xCD, 0xDD, 0xCD, 0xBC, 0xCC, 0xEF, 0x13
    .byte   0x23, 0x23, 0x33, 0x44, 0x33, 0x30, 0xFE, 0xE0, 0xEF, 0xDD, 0xCC, 0xDE, 0xDE, 0xEE, 0xEE, 0xDF
    .byte   0xF2, 0x32, 0x21, 0xFF, 0xF1, 0x21, 0x1E, 0xEE,  -53, 0x02, 0x44, 0x55, 0x43, 0x33, 0x32, 0x33
    .byte   0xF0, 0xED, 0xDC, 0xED, 0xDC, 0xCB, 0xCC, 0xDD, 0xF1, 0x20, 0x22, 0x34, 0x54, 0x43, 0x31, 0x12
    .byte   0x21, 0xFD, 0xDC, 0xBD, 0xDE, 0x0D, 0xDC, 0xDE, 0xF3,  -54, 0x02, 0xEE, 0xE1, 0x32, 0x3F, 0xEE
    .byte   0xEE, 0xF0, 0x12, 0x22, 0x35, 0x56, 0x43, 0x22, 0x34, 0x21, 0xED, 0xDC, 0xDE, 0xED, 0xCB, 0xBB
    .byte   0xC2, 0x21, 0xDD, 0xE3, 0x35, 0x55, 0x42, 0xF0, 0x34, 0x31,   69, 0x0C, 0xCC, 0xDD, 0xEC, 0xDC
    .byte   0xDD, 0x22, 0x3E, 0xEE, 0x22, 0x32, 0x0E, 0xFF, 0xFE, 0xDD, 0xEF, 0xEE, 0x12, 0x34, 0x45, 0x66
    .byte   0x40, 0x14, 0x43, 0xFD, 0xDD, 0xDE, 0xDD, 0xCB, 0xBA, 0xCF, 0xED,  -73, 0x0D, 0xE4, 0x54, 0x44
    .byte   0x43, 0x34, 0x43, 0x2E, 0xDC, 0xEE, 0xDC, 0xCB, 0xDD, 0xDF, 0x0E, 0x0F, 0x03, 0x33, 0xFE, 0x01
    .byte   0x01, 0xED, 0xCD, 0xD1, 0xFF, 0xDF, 0x34, 0x45, 0x56, 0x62, 0x14, 0x43,  124, 0x0E, 0xDD, 0xED
    .byte   0xDD, 0xCB, 0xBA, 0xCE, 0xED, 0xCD, 0x14, 0x55, 0x23, 0x45, 0x34, 0x33, 0x2D, 0xEE, 0xED, 0xDB
    .byte   0xCC, 0xDD, 0xDD, 0xFE, 0x23, 0x13, 0x32, 0x01, 0x12, 0xFD, 0xDE, 0xDD, 0xDE,  -77, 0x0D, 0xDF
    .byte   0x24, 0x44, 0x46, 0x66, 0x22, 0x44, 0x2F, 0xED, 0xDE, 0xEC, 0xCC, 0xBB, 0xBD, 0xDC, 0xCC, 0x14
    .byte   0x54, 0x33, 0x45, 0x52, 0x33, 0x2E, 0xE2, 0xEC, 0xCC, 0xDD, 0xDC, 0xCD, 0xEF, 0x03,  -41, 0x02
    .byte   0x13, 0x32, 0x2F, 0xFE, 0xDE, 0xDD, 0xCD, 0xDF, 0xED, 0xF2, 0x44, 0x53, 0x66, 0x62, 0x33, 0x42
    .byte   0xED, 0xED, 0xED, 0xCB, 0xCC, 0xBB, 0xED, 0xCB, 0xF3, 0x44, 0x33, 0x45, 0x53, 0x13, 0x32,   58
    .byte   0x0F, 0x0E, 0xCD, 0xCD, 0xDD, 0xDE, 0xDE, 0x03, 0x22, 0x22, 0x32, 0xFD, 0xEE, 0xED, 0xDC, 0xDD
    .byte   0xDE, 0xF1, 0xEE, 0x34, 0x44, 0x46, 0x65, 0x42, 0x43, 0x2F, 0xED, 0xDE, 0xCC, 0xCC, 0xCC, 0xCD
    .byte    -36, 0x0C, 0xCF, 0x33, 0x32, 0x44, 0x43, 0x42, 0x20, 0xE2, 0x1E, 0xDD, 0xEF, 0xED, 0xDE, 0xDE
    .byte   0xF2, 0x0F, 0x12, 0x22, 0xEE, 0xDF, 0xED, 0xDC, 0xDD, 0xDE, 0xE2, 0x22, 0xF3, 0x44, 0x44, 0x56
    .byte   0x54,   92, 0x03, 0x42, 0xDD, 0xDC, 0xDD, 0xDC, 0xDC, 0xEF, 0x0E, 0xCD, 0x22, 0x1F, 0x22, 0x31
    .byte   0x12, 0xFD, 0xF0, 0x2E, 0xEF, 0x33, 0x1E, 0xF3, 0x1E, 0xE0, 0x20, 0xEF, 0x11, 0xED, 0xDE, 0xDC
    .byte   0xCE, 0xED,  -91, 0x0E, 0x20, 0xF0, 0x43, 0x1F, 0x35, 0x42, 0x46, 0x53, 0x14, 0x43, 0xCD, 0xDD
    .byte   0xED, 0xDF, 0xDD, 0x02, 0x1D, 0xCE, 0x2F, 0xDD, 0xE2, 0x1D, 0xFE, 0xEE, 0xE3, 0x1E, 0x22, 0x43
    .byte   0x21, 0x23, 0x2E,   19, 0x02, 0xFE, 0xE0, 0xEE, 0xDE, 0xED, 0xDD, 0xC0, 0xDD, 0xDD, 0x12, 0xE1
    .byte   0x33, 0x2F, 0x24, 0x44, 0x34, 0x64, 0x04, 0x44, 0xEC, 0xEE, 0xDE, 0xDD, 0xFD, 0xE1, 0x1F, 0xDC
    .byte   0x1F, 0xDD, 0xD0, 0xFE,  -19, 0x00, 0xEE, 0x11, 0x2E, 0x02, 0x33, 0x21, 0x32, 0x3E, 0xE1, 0xFF
    .byte   0xFF, 0xFE, 0xEF, 0xED, 0xDC, 0xDE, 0xDD, 0xED, 0xD1, 0x12, 0x12, 0x22, 0x23, 0x40, 0x44, 0x56
    .byte   0x11, 0x54, 0x3E, 0xC0, 0xEE,   70, 0x0D, 0x0D, 0xE2, 0x0E, 0xDC, 0xF0, 0xDD, 0xCF, 0x1E, 0xEE
    .byte   0xE0, 0xE2, 0x1F, 0x02, 0x33, 0x22, 0x23, 0x20, 0xEF, 0x0E, 0xF0, 0xFE, 0xF0, 0xFD, 0xDD, 0xDD
    .byte   0xDD, 0xDD, 0xD0, 0x32, 0xEF, 0x32,  -62, 0x02, 0x34, 0x33, 0x56, 0x3D, 0x54, 0x4E, 0xC0, 0xEF
    .byte   0xED, 0xFE, 0xD1, 0x3D, 0xDC, 0xE2, 0xDC, 0xDE, 0xFE, 0xEE, 0xEE, 0xF2, 0x2E, 0xE2, 0x43, 0x2E
    .byte   0x33, 0x2E, 0xE1, 0x0E, 0x00, 0xFE, 0x00,    2, 0x0D, 0xDD, 0xDE, 0xDC, 0xED, 0xD1, 0x13, 0xEF
    .byte   0x22, 0x33, 0x23, 0x44, 0x46, 0x30, 0x53, 0x30, 0xD0, 0xDE, 0xFD, 0x0F, 0xC2, 0x2F, 0xDC, 0xEF
    .byte   0xDD, 0xDD, 0xEE, 0xE1, 0xEE, 0xE0, 0x30, 0xE2,  -18, 0x03, 0x30, 0x23, 0x2F, 0xEF, 0xFF, 0xE0
    .byte   0x2E, 0x0E, 0xFE, 0xDD, 0xDD, 0xDC, 0xEE, 0xDF, 0xF2, 0x22, 0x2F, 0x13, 0x43, 0x33, 0x56, 0x23
    .byte   0x44, 0x3E, 0xD1, 0xDF, 0xDF, 0x1D, 0xEF, 0x2F, 0xDC,   27, 0x01, 0xDD, 0xCE, 0x0D, 0xEF, 0xE1
    .byte   0xD2, 0x20, 0x10, 0x33, 0x12, 0x23, 0x1E, 0xF1, 0x11, 0xF0, 0x01, 0xFE, 0xEE, 0xDC, 0xED, 0xDD
    .byte   0xED, 0xE0, 0xF1, 0x02, 0x2E, 0x32, 0x44, 0x34, 0x55, 0x04,   79, 0x03, 0x2E, 0x2D, 0xEE, 0xD2
    .byte   0x1D, 0xEE, 0x2E, 0xDD, 0xDD, 0xDD, 0xEE, 0xDD, 0xFF, 0x0E, 0xE1, 0x21, 0x03, 0x22, 0x22, 0x23
    .byte   0x0E, 0x01, 0x11, 0x02, 0x10, 0x0E, 0xED, 0xDD, 0xCE, 0xDD, 0xEE,  -71, 0x0F, 0x0E, 0x22, 0x00
    .byte   0xF3, 0x43, 0x45, 0x53, 0x24, 0x33, 0x22, 0xED, 0x1E, 0x12, 0xFE, 0xDF, 0xED, 0xED, 0xDC, 0xDE
    .byte   0xEF, 0xED, 0xEE, 0x1E, 0x12, 0xF0, 0x12, 0x23, 0x21, 0x20, 0xFF, 0x02,    0, 0x02, 0x00, 0x20
    .byte   0xFF, 0xEE, 0xDD, 0xDD, 0xED, 0x0E, 0xFE, 0x0F, 0x02, 0xE0, 0x21, 0x33, 0x44, 0x44, 0x23, 0x32
    .byte   0x32, 0x20, 0x10, 0x02, 0x21, 0x0E, 0xDD, 0xDD, 0xED, 0xDE, 0xDE, 0xEE, 0xEE,  -18, 0x0E, 0xE0
    .byte   0x11, 0x21, 0x22, 0x00, 0x20, 0x0F, 0xFF, 0x02, 0x12, 0x2F, 0x0E, 0xFF, 0xED, 0xFE, 0xDF, 0xEE
    .byte   0x0E, 0xFF, 0xE0, 0xE0, 0x00, 0x12, 0x13, 0x33, 0x33, 0x22, 0x33, 0x33, 0x23, 0x13,   69, 0x03
    .byte   0x21, 0x20, 0xEE, 0xDF, 0xDE, 0xED, 0xED, 0xDE, 0xDE, 0xDE, 0xED, 0xEE, 0x0E, 0xFF, 0x0E, 0x00
    .byte   0x00, 0x20, 0x22, 0x11, 0x21, 0x20, 0x1F, 0xFF, 0x0F, 0x00, 0xEF, 0xEE, 0xFF, 0xEF, 0xE0,  -42
    .byte   0x01, 0x32, 0x33, 0x23, 0x23, 0x23, 0x32, 0x32, 0x32, 0x32, 0x21, 0xFE, 0xED, 0xED, 0xED, 0xDE
    .byte   0xDE, 0xDE, 0xED, 0xFD, 0xEE, 0xEF, 0xE1, 0x00, 0xF0, 0xF1, 0x11, 0x22, 0x12, 0x12, 0x11, 0x11
    .byte    -15, 0x00, 0xE0, 0x0F, 0x0F, 0xFE, 0xEE, 0xFF, 0xEF, 0xF1, 0x12, 0x33, 0x23, 0x23, 0x23, 0x32
    .byte   0x32, 0x32, 0x23, 0x22, 0x20, 0xED, 0xED, 0xED, 0xED, 0xED, 0xED, 0xEE, 0xDF, 0xED, 0xEE, 0x0F
    .byte   0x00,  -33, 0x0F, 0x00, 0x11, 0x21, 0x12, 0x02, 0x10, 0x20, 0x10, 0xEF, 0xFF, 0x0F, 0xFF, 0xEE
    .byte   0xEF, 0xE0, 0xEF, 0x10, 0x23, 0x33, 0x23, 0x22, 0x33, 0x32, 0x32, 0x23, 0x23, 0x21, 0x1E, 0xEE
    .byte   0xDE, 0xDE,   38, 0x0E, 0xDD, 0xEE, 0xED, 0xFD, 0xED, 0xFE, 0xFF, 0x1F, 0xF0, 0x01, 0x11, 0x21
    .byte   0x20, 0x11, 0x21, 0x11, 0x0F, 0x0F, 0xFF, 0x0F, 0xEE, 0xEF, 0xFE, 0x0F, 0xFF, 0x02, 0x23, 0x33
    .byte   0x22, 0x23, 0x23,   38, 0x02, 0x32, 0x23, 0x32, 0x12, 0xEE, 0xDE, 0xED, 0xEE, 0xDD, 0xED, 0xDF
    .byte   0xEE, 0xDE, 0xEE, 0xEF, 0xE1, 0x0F, 0x00, 0x11, 0x21, 0x20, 0x11, 0x11, 0x02, 0x10, 0xFF, 0xF0
    .byte   0xF0, 0xFE, 0xFE, 0xEF,  -36, 0x00, 0xE1, 0xF0, 0x22, 0x33, 0x23, 0x12, 0x33, 0x32, 0x32, 0x23
    .byte   0x23, 0x22, 0x0E, 0xEE, 0xDE, 0xED, 0xED, 0xED, 0xED, 0x0D, 0xEF, 0xDE, 0xEE, 0xFF, 0xFF, 0xFF
    .byte   0x10, 0x20, 0x21, 0x11, 0x11,  -20, 0x01, 0x11, 0x10, 0xFF, 0x00, 0x0F, 0xFE, 0xEE, 0x0E, 0x0F
    .byte   0xF0, 0x12, 0x23, 0x32, 0x31, 0x23, 0x33, 0x23, 0x21, 0x32, 0x32, 0x11, 0xFD, 0xEE, 0xDE, 0xEE
    .byte   0xDD, 0xED, 0xEE, 0xEE, 0xEE, 0xDE,  -29, 0x0F, 0xFF, 0xFF, 0xF0, 0x02, 0x12, 0x10, 0x11, 0x02
    .byte   0x01, 0x10, 0xF1, 0xF1, 0xFF, 0x1E, 0xEE, 0xFF, 0xF0, 0xEF, 0x00, 0x23, 0x33, 0x22, 0x22, 0x32
    .byte   0x41, 0x23, 0x03, 0x22, 0x30, 0x1E, 0xED,   58, 0x0E, 0xED, 0xEE, 0xDD, 0xEE, 0xED, 0xFE, 0xED
    .byte   0xEF, 0xE0, 0x0F, 0x00, 0x00, 0x20, 0x21, 0x02, 0x01, 0x11, 0x11, 0x00, 0xF0, 0xF0, 0xF0, 0xEF
    .byte   0xEF, 0xFF, 0xEF, 0xFF, 0x12, 0x23, 0x33, 0x21,    8, 0x02, 0x33, 0x32, 0x31, 0x23, 0x23, 0xF1
    .byte   0xEE, 0xED, 0xEE, 0xDE, 0xED, 0xDE, 0xDF, 0xEE, 0xEE, 0xED, 0x0E, 0x00, 0xF0, 0xF0, 0x01, 0x21
    .byte   0x20, 0x10, 0x00, 0x21, 0x11, 0x0F, 0xF0, 0x0F, 0x0F,  -23, 0x0E, 0xFE, 0x0F, 0x0E, 0x11, 0x22
    .byte   0x33, 0x31, 0x21, 0x32, 0x33, 0x32, 0x22, 0x23, 0x21, 0x1E, 0xEE, 0xDE, 0xED, 0xEE, 0xDE, 0xDE
    .byte   0xEE, 0xEE, 0xEE, 0xEE, 0xE0, 0xF0, 0xFF, 0x10, 0x02, 0x21,  -22, 0x00, 0x10, 0x10, 0x11, 0x11
    .byte   0x0F, 0x0F, 0x0F, 0x0E, 0xE0, 0xE0, 0xE0, 0xF1, 0x12, 0x33, 0x23, 0x21, 0x22, 0x33, 0x32, 0x22
    .byte   0x23, 0x22, 0x01, 0xEE, 0xED, 0xEE, 0xDE, 0xED, 0xED, 0xEE, 0xEF,  -11, 0x0E, 0xEE, 0xEE, 0x1F
    .byte   0xF0, 0xFF, 0x02, 0x10, 0x21, 0x11, 0x01, 0x11, 0x11, 0x1F, 0x0F, 0x0F, 0xFF, 0xEF, 0xFF, 0xEF
    .byte   0xFF, 0xF2, 0x22, 0x33, 0x31, 0x21, 0x32, 0x33, 0x23, 0x03, 0x13, 0x11,   74, 0x0E, 0xEE, 0xDE
    .byte   0xED, 0xED, 0xED, 0x0D, 0xEE, 0xFE, 0xEE, 0xEE, 0xFE, 0x1F, 0x10, 0x01, 0x02, 0x02, 0x11, 0x01
    .byte   0x01, 0x11, 0x10, 0x0F, 0xFF, 0xF0, 0xEF, 0xFF, 0xEF, 0xE0, 0xF1, 0x22, 0x23,   -4, 0x02, 0x22
    .byte   0x13, 0x23, 0x32, 0x32, 0x22, 0x22, 0x10, 0xEE, 0xED, 0xED, 0xEE, 0xDE, 0xDE, 0xEE, 0xEF, 0xEE
    .byte   0xEE, 0xEE, 0x00, 0xF0, 0x01, 0x02, 0x01, 0x21, 0x10, 0x00, 0x11, 0x01, 0x11, 0xFF,  -19, 0x00
    .byte   0xFE, 0xFF, 0xFF, 0xE0, 0xE0, 0x11, 0x32, 0x33, 0x22, 0x22, 0x23, 0x32, 0x32, 0x22, 0x22, 0x2F
    .byte   0x1E, 0xEE, 0xDE, 0xDE, 0xDE, 0xED, 0xEE, 0xEE, 0xEF, 0xEE, 0xEE, 0xFF, 0x0F, 0x10, 0x11,  -28
    .byte   0x00, 0x20, 0x20, 0x00, 0x10, 0x01, 0x11, 0x0F, 0xFF, 0x0E, 0xFF, 0xFF, 0xFE, 0xFF, 0x01, 0x22
    .byte   0x33, 0x31, 0x21, 0x22, 0x33, 0x32, 0x31, 0x22, 0x21, 0x00, 0xEE, 0xDE, 0xED, 0xEE, 0xED, 0xEE
    .byte      1, 0x0E, 0xEE, 0xEE, 0xFE, 0xFE, 0xFF, 0x01, 0x11, 0x11, 0x11, 0x11, 0x11, 0x1F, 0x10, 0x02
    .byte   0xF0, 0xFF, 0x0E, 0x0E, 0x0F, 0x0E, 0x0E, 0x00, 0x22, 0x23, 0x32, 0x31, 0x12, 0x23, 0x32, 0x32
    .byte   0x22,   65, 0x02, 0xF0, 0xFE, 0xEE, 0xED, 0xED, 0xEE, 0xDE, 0xEE, 0xEE, 0xEE, 0xEE, 0xFE, 0xFF
    .byte   0x00, 0x00, 0x10, 0x21, 0x02, 0x10, 0x11, 0x01, 0xF1, 0x0F, 0x0F, 0xFF, 0xFF, 0x0E, 0x0E, 0xFF
    .byte   0xFF, 0x02,  -27, 0x03, 0x33, 0x22, 0x12, 0x22, 0x33, 0x23, 0x22, 0x21, 0x2F, 0xFF, 0xEE, 0xED
    .byte   0xED, 0xEE, 0xDE, 0xEE, 0xEE, 0xEE, 0xEF, 0xEE, 0x0E, 0x0F, 0x10, 0x10, 0x20, 0x12, 0xF0, 0x20
    .byte   0x01, 0x00, 0x1F,  -15, 0x0F, 0xFF, 0xF0, 0xE0, 0xFE, 0xFF, 0xFF, 0xF1, 0x12, 0x33, 0x32, 0x22
    .byte   0x12, 0x23, 0x32, 0x32, 0x22, 0x2F, 0xFF, 0xFE, 0xEE, 0xDE, 0xDE, 0xED, 0xEE, 0xEE, 0xEE, 0xEF
    .byte   0xEE, 0xFF, 0xF0, 0xE0,  -29, 0x00, 0x02, 0x10, 0x11, 0x02, 0x01, 0x11, 0xF1, 0xF1, 0x00, 0xE0
    .byte   0xF0, 0xE0, 0xEF, 0xFF, 0xF0, 0xF2, 0x23, 0x33, 0x22, 0x12, 0x12, 0x33, 0x32, 0x23, 0xF2, 0x0E
    .byte   0x0E, 0xFE, 0xEE, 0xDE, 0xED,   15, 0x0E, 0xEE, 0xDF, 0xEF, 0xEE, 0xEF, 0xE0, 0xF0, 0x01, 0x01
    .byte   0x02, 0x10, 0x02, 0x01, 0x01, 0x01, 0x00, 0xF1, 0xFF, 0xFF, 0x0E, 0x0F, 0xEF, 0xFF, 0x1F, 0x22
    .byte   0x33, 0x32, 0x2F, 0x21, 0x23, 0x32,   49, 0x02, 0x31, 0x10, 0xF0, 0xEE, 0xEF, 0xED, 0xED, 0xEE
    .byte   0xDE, 0xEE, 0xFE, 0xEE, 0xFE, 0xE0, 0xFF, 0xF1, 0x10, 0x02, 0x01, 0x01, 0x2F, 0x11, 0x01, 0x00
    .byte   0x1F, 0x10, 0xFE, 0x0F, 0xE0, 0xFE, 0x0F,  -32, 0x00, 0xF2, 0x23, 0x32, 0x32, 0x12, 0x12, 0x32
    .byte   0x33, 0x23, 0x11, 0x1F, 0xEE, 0xEE, 0xEE, 0xEE, 0xDE, 0xED, 0xEE, 0xEE, 0xEE, 0x0E, 0xFF, 0xEF
    .byte   0xFF, 0x01, 0x10, 0x20, 0x11, 0x11, 0x01, 0x10,  -15, 0x00, 0x00, 0x0F, 0x0E, 0xF0, 0xFE, 0xF0
    .byte   0xFE, 0x1F, 0x00, 0x22, 0x32, 0x33, 0x21, 0x20, 0x23, 0x23, 0x32, 0x22, 0x20, 0xEF, 0xED, 0xFE
    .byte   0xEE, 0xEE, 0xED, 0xED, 0xEE, 0xEE, 0xFE, 0xF0, 0xEF,  -26, 0x00, 0xE0, 0x02, 0x01, 0x21, 0x11
    .byte   0x10, 0x10, 0x10, 0x10, 0x0F, 0x0F, 0xFF, 0xE0, 0xE0, 0xFF, 0xF0, 0xF0, 0x11, 0x23, 0x33, 0x22
    .byte   0x20, 0x22, 0x32, 0x32, 0x32, 0x22, 0xFE, 0xEE, 0xDE, 0xEE,   32, 0x0E, 0xEE, 0xEE, 0xDE, 0xED
    .byte   0xFE, 0x0E, 0x00, 0xFF, 0xFF, 0xFF, 0x00, 0x20, 0x21, 0x11, 0x11, 0xF0, 0xF0, 0x01, 0x00, 0xF0
    .byte   0xE0, 0xFE, 0xFF, 0xF0, 0xF0, 0x01, 0x22, 0x33, 0x32, 0x21, 0x21,   24, 0x03, 0x13, 0x23, 0x31
    .byte   0x2F, 0xEE, 0xDE, 0xEE, 0xEE, 0xEE, 0xEE, 0xED, 0xED, 0xEE, 0x0E, 0xF1, 0xF0, 0xF0, 0xFF, 0xF0
    .byte   0x02, 0x02, 0x02, 0x10, 0x1F, 0x0F, 0xF1, 0x0F, 0xFF, 0x0E, 0x0F, 0xEF,  -29, 0x0F, 0xFF, 0x10
    .byte   0x12, 0x23, 0x32, 0x32, 0x12, 0x12, 0x32, 0x32, 0x32, 0x22, 0x1E, 0xDE, 0xDE, 0xEE, 0xEE, 0xEE
    .byte   0xEE, 0xED, 0xED, 0xFE, 0xF0, 0xF1, 0x0F, 0x0F, 0x0F, 0x10, 0x10, 0x22, 0x01,  -13, 0x01, 0x00
    .byte   0xFF, 0x00, 0x0F, 0x0E, 0xFF, 0xFF, 0xFE, 0xFF, 0x0F, 0x11, 0x22, 0x33, 0x23, 0x12, 0x11, 0x32
    .byte   0x23, 0x23, 0x32, 0x1F, 0xED, 0xEE, 0xDE, 0xEE, 0xEF, 0xEE, 0xED, 0xEE, 0xDE, 0xFE,  -26, 0x0F
    .byte   0x11, 0x01, 0x0F, 0x10, 0xF0, 0x21, 0x12, 0x21, 0x10, 0x0F, 0xFF, 0xFF, 0xFF, 0xF0, 0xEF, 0xF0
    .byte   0xE0, 0xEF, 0xF1, 0x12, 0x23, 0x32, 0x32, 0x02, 0x21, 0x32, 0x32, 0x32, 0x31, 0xFE, 0xEE,   49
    .byte   0x0E, 0xDE, 0xEE, 0xEE, 0xFE, 0xED, 0xEE, 0xDF, 0xEE, 0x0F, 0x10, 0x20, 0x0F, 0x1F, 0x01, 0x12
    .byte   0x12, 0x21, 0x11, 0x00, 0xEF, 0xF0, 0xEF, 0xFF, 0x00, 0xEF, 0xE0, 0xE0, 0xFF, 0x22, 0x23, 0x32
    .byte      7, 0x02, 0x21, 0x22, 0x23, 0x23, 0x22, 0x30, 0x10, 0xDE, 0xDE, 0xDE, 0xD0, 0xEE, 0xFE, 0xEF
    .byte   0xDE, 0xEE, 0xEE, 0x00, 0x11, 0x11, 0x11, 0x01, 0x10, 0x02, 0x02, 0x10, 0x01, 0xF0, 0xFF, 0x10
    .byte   0xE0,  -16, 0x0F, 0xE0, 0xE0, 0xEF, 0xFF, 0x01, 0x12, 0x23, 0x33, 0x22, 0x12, 0x22, 0x22, 0x23
    .byte   0x23, 0x22, 0x1E, 0xED, 0xED, 0xDE, 0xEE, 0xEF, 0xFE, 0xEE, 0xEE, 0xDE, 0xFE, 0x10, 0x11, 0x10
    .byte   0x01, 0x00,  -20, 0x01, 0x02, 0x02, 0x01, 0x1F, 0xF0, 0xFF, 0x0F, 0xFF, 0x0E, 0x0E, 0x0E, 0xF0
    .byte   0xEF, 0x11, 0x22, 0x33, 0x33, 0x22, 0x11, 0x21, 0x22, 0x32, 0x32, 0x12, 0xEE, 0xDD, 0xDE, 0xDF
    .byte   0xEF, 0xFF, 0x0E,    3, 0x0E, 0xEE, 0xEE, 0x0F, 0x01, 0x00, 0xFF, 0xF0, 0x01, 0x10, 0x21, 0x01
    .byte   0x10, 0xFF, 0xFF, 0xF0, 0x0F, 0x0E, 0xEF, 0xE0, 0xEF, 0x0F, 0x0F, 0x21, 0x33, 0x43, 0x42, 0x3F
    .byte   0x0E, 0x01, 0x22, 0x22,   54, 0x01, 0x0E, 0xED, 0xDE, 0xEE, 0xEE, 0x0E, 0x1E, 0xEF, 0xEE, 0xFF
    .byte   0xF1, 0x0F, 0xFF, 0x0F, 0x00, 0x02, 0x02, 0x12, 0x11, 0x10, 0x0E, 0x0E, 0xFE, 0xFF, 0xEF, 0xEF
    .byte   0xEF, 0xEF, 0xE0, 0xE0, 0x02,  -35, 0x02, 0x33, 0x33, 0x43, 0x33, 0x1F, 0xFE, 0xFF, 0x11, 0x22
    .byte   0xFF, 0xED, 0xDD, 0xEF, 0xE0, 0x0E, 0xFE, 0xEE, 0xFE, 0x12, 0x12, 0xFF, 0xEE, 0xFF, 0xF1, 0x11
    .byte   0x02, 0x01, 0x11, 0x20, 0x20, 0xFE,   -7, 0x0E, 0xEF, 0xEE, 0xFE, 0x0E, 0xFF, 0xEF, 0xFF, 0x11
    .byte   0x22, 0x23, 0x33, 0x44, 0x33, 0x20, 0xEE, 0xFF, 0x01, 0x1F, 0xFE, 0xDE, 0xEE, 0xE1, 0x1E, 0xEE
    .byte   0xEE, 0xE2, 0x11, 0x1F, 0xF0, 0xE0, 0xE1,   -9, 0x01, 0x10, 0xEF, 0xE1, 0x22, 0x12, 0x01, 0x2E
    .byte   0x1E, 0xFE, 0xEE, 0xEE, 0xEE, 0xEF, 0x0F, 0x0E, 0x00, 0x12, 0x22, 0x23, 0x33, 0x44, 0x43, 0x0F
    .byte   0xEE, 0xEF, 0x11, 0xEE, 0xED, 0xEF, 0xE1, 0x00,   14, 0x0F, 0xDE, 0xFF, 0x02, 0x0F, 0xEF, 0xE1
    .byte   0x10, 0x0F, 0xF0, 0x0E, 0x0F, 0x11, 0x21, 0x10, 0x12, 0x20, 0x1E, 0xEE, 0xEE, 0xED, 0xEE, 0xE1
    .byte   0xE0, 0xFF, 0xF0, 0x22, 0x22, 0x32, 0x33, 0x44, 0x43,   61, 0x0E, 0xEE, 0xE1, 0x1E, 0xED, 0xED
    .byte   0x00, 0x0F, 0xFF, 0xEE, 0xE0, 0x02, 0x00, 0xEE, 0xE1, 0x21, 0x0F, 0xFE, 0xFF, 0x10, 0x12, 0x0E
    .byte   0xFF, 0xF2, 0x22, 0x2E, 0xEF, 0xEE, 0xEE, 0xDE, 0xDF, 0xEF,  -47, 0x00, 0x11, 0x02, 0x02, 0x32
    .byte   0x32, 0x32, 0x44, 0x44, 0xEE, 0xDF, 0x00, 0xFD, 0xDC, 0x01, 0x11, 0x00, 0xFF, 0xEE, 0xE2, 0x22
    .byte   0xFE, 0xDF, 0xF2, 0x10, 0xEE, 0xFE, 0x02, 0x02, 0x1F, 0xEE, 0xF2,   -1, 0x02, 0x10, 0xE0, 0xFE
    .byte   0xEE, 0xFE, 0xDD, 0xDE, 0x21, 0x2F, 0xEF, 0x02, 0x32, 0x22, 0x23, 0x23, 0x43, 0x44, 0xFE, 0xDE
    .byte   0x11, 0xED, 0xDD, 0xE1, 0x20, 0x21, 0xFE, 0xEE, 0x02, 0x2F, 0xDE, 0xFE,   -1, 0x00, 0x00, 0xE1
    .byte   0xEE, 0x12, 0x30, 0xEE, 0xE1, 0x21, 0x21, 0x10, 0xFF, 0xF0, 0xEE, 0xDD, 0xDF, 0xEE, 0x0F, 0x11
    .byte   0x02, 0x02, 0x22, 0x22, 0x12, 0x33, 0x33, 0x44, 0x2F, 0xEE, 0xE0, 0xEE, 0xDD,   14, 0x0F, 0x12
    .byte   0x22, 0xEE, 0xEE, 0x12, 0xFE, 0xEE, 0x0E, 0xF1, 0x21, 0xEE, 0x0E, 0x22, 0x1F, 0xFF, 0xFF, 0x02
    .byte   0x10, 0xFF, 0xF2, 0x0E, 0xED, 0xEE, 0xDE, 0xFE, 0xEE, 0x01, 0x23, 0x20, 0x01, 0x12,  -22, 0x02
    .byte   0x33, 0x33, 0x34, 0x32, 0xEE, 0xEF, 0xFE, 0xED, 0xDE, 0xF1, 0x32, 0x0D, 0xFF, 0x10, 0x0F, 0xEE
    .byte   0xFE, 0x12, 0x1F, 0xEE, 0xF0, 0x21, 0x1F, 0xEF, 0xE1, 0x2F, 0x10, 0xEF, 0x02, 0x2E, 0xED,  -21
    .byte   0x0E, 0xEE, 0xEE, 0x0E, 0xF1, 0x21, 0x21, 0x12, 0x22, 0x11, 0x23, 0x33, 0x32, 0x33, 0x2F, 0xF0
    .byte   0xFE, 0xEE, 0xEE, 0xEE, 0x02, 0x20, 0xEF, 0xF0, 0xFF, 0xEF, 0xFE, 0xF1, 0x11, 0x0E, 0xF0, 0x0F
    .byte      1, 0x01, 0x1E, 0x0E, 0xF0, 0x0E, 0x10, 0x11, 0xF1, 0xFE, 0xEE, 0xEE, 0xEE, 0xE0, 0x11, 0x10
    .byte   0x02, 0x21, 0x22, 0x11, 0x01, 0x23, 0x23, 0x22, 0x33, 0x10, 0x12, 0x0D, 0x0E, 0xFE, 0xEE, 0x21
    .byte   0x2E,   18, 0x00, 0x0F, 0xFF, 0xFF, 0xE0, 0xE2, 0x0F, 0xFE, 0x0F, 0xFF, 0x10, 0xFE, 0xE1, 0x00
    .byte   0xFF, 0xF0, 0xFF, 0x01, 0x0E, 0xEE, 0xFE, 0xE0, 0x0E, 0x0F, 0x11, 0x22, 0x22, 0xFE, 0x22, 0x22
    .byte   0xF2, 0x12,    5, 0x02, 0x33, 0x20, 0xF1, 0x2F, 0xF1, 0xEE, 0xFE, 0x02, 0x1F, 0xEE, 0xFF, 0x01
    .byte   0x00, 0xEE, 0xF1, 0x10, 0x0E, 0xFF, 0xEF, 0x10, 0xEF, 0xE1, 0x00, 0x0F, 0xF0, 0xEF, 0x02, 0x0E
    .byte   0xFF, 0xFE, 0x0F,  -26, 0x0E, 0xE1, 0x11, 0x22, 0xFF, 0xF3, 0x3F, 0xF0, 0x10, 0x02, 0x22, 0x1F
    .byte   0x23, 0x3F, 0xE0, 0x12, 0xF0, 0x20, 0xEE, 0xE2, 0x31, 0xEE, 0xF0, 0xE0, 0x2F, 0xEE, 0xE0, 0x20
    .byte   0xFF, 0xFE, 0xD0, 0x2F,   -3, 0x0F, 0xEF, 0xF0, 0x11, 0xFF, 0xEF, 0xF1, 0x10, 0xEF, 0xF0, 0xE1
    .byte   0x00, 0xF0, 0x12, 0x10, 0x1F, 0xF0, 0x12, 0x22, 0xEE, 0x32, 0xFF, 0x22, 0xE1, 0x23, 0x3E, 0xD0
    .byte   0x21, 0x01, 0x21, 0xEE, 0x02,   24, 0x01, 0xE0, 0xFE, 0x01, 0x01, 0xEE, 0xF2, 0x0F, 0xFE, 0x0E
    .byte   0x0E, 0x21, 0xFE, 0xE0, 0xFF, 0x11, 0x1E, 0xEE, 0x02, 0x2F, 0xEF, 0xFF, 0x11, 0x2F, 0xEE, 0x01
    .byte   0x21, 0x1F, 0x0E, 0x02, 0x22, 0x0F,  -10, 0x00, 0x12, 0x22, 0xFF, 0xE0, 0x12, 0x20, 0xFE, 0x01
    .byte   0x22, 0x1F, 0xE0, 0x11, 0x21, 0x0E, 0xF1, 0x02, 0x0F, 0xFF, 0xF0, 0x21, 0xFE, 0xE0, 0x2F, 0x01
    .byte   0x1E, 0x00, 0x00, 0xFE, 0x00, 0xFF, 0x1F,   -1, 0x0F, 0xE1, 0x11, 0x1E, 0xEF, 0x11, 0x12, 0xFE
    .byte   0xFF, 0x11, 0x11, 0xE0, 0x0F, 0x22, 0xFF, 0xFF, 0x01, 0xF1, 0x11, 0x0E, 0x2F, 0x02, 0x01, 0x1F
    .byte   0xEF, 0x22, 0x11, 0x0F, 0xF0, 0x01, 0x21, 0xEE,    3, 0x00, 0x21, 0xF0, 0xEF, 0x22, 0xFF, 0x0E
    .byte   0x11, 0x0F, 0x2E, 0xF2, 0xEF, 0x2F, 0x1E, 0xF2, 0xF1, 0xEE, 0x3E, 0xF0, 0xE2, 0xEF, 0x22, 0xEF
    .byte   0xF0, 0x2E, 0xE2, 0x1D, 0x02, 0xF1, 0x3E, 0x2E, 0xD1,   -6, 0x01, 0x13, 0xDE, 0x21, 0x01, 0xF2
    .byte   0x0D, 0x22, 0xE0, 0x01, 0x1F, 0xFE, 0x31, 0xF1, 0xEE, 0x20, 0x20, 0xE1, 0xE1, 0x22, 0x00, 0xE1
    .byte   0x1D, 0x22, 0x3E, 0xE1, 0xE2, 0xEE, 0x4D, 0xEF, 0x02, 0x02,   -4, 0x01, 0x3D, 0x04, 0xC2, 0x2D
    .byte   0xF4, 0xDD, 0x23, 0xDF, 0x3E, 0x3D, 0xC4, 0x2D, 0x1E, 0x3D, 0x3E, 0x03, 0xDE, 0x4E, 0xEF, 0xF1
    .byte   0xD1, 0x13, 0x3D, 0x01, 0xEE, 0xF3, 0xFF, 0xED, 0x33, 0xD3, 0x3C,    0, 0x0F, 0xE2, 0xF3, 0xF1
    .byte   0x1B, 0x43, 0xE3, 0xCD, 0x2F, 0x33, 0x0E, 0xE2, 0xD1, 0x2D, 0x32, 0xDE, 0x3E, 0x33, 0xCE, 0x0F
    .byte   0x04, 0xEC, 0x12, 0xF3, 0x2D, 0x3E, 0xC2, 0x30, 0x0F, 0x0F, 0xE1, 0x22,    5, 0x0D, 0x2F, 0xE1
    .byte   0x22, 0xEF, 0x01, 0xE3, 0x1F, 0xEF, 0xFF, 0x01, 0x20, 0xFE, 0x1E, 0x3E, 0x3E, 0xD1, 0x03, 0xE1
    .byte   0x0E, 0x10, 0x20, 0xFF, 0xE1, 0x2E, 0x2F, 0xE0, 0x2E, 0x22, 0xEE, 0x2D, 0x22,    3, 0x02, 0xFD
    .byte   0x00, 0x20, 0xFF, 0xF0, 0x2F, 0x21, 0xD1, 0xE1, 0x22, 0xEE, 0x1F, 0x22, 0x0F, 0x0D, 0x22, 0xE2
    .byte   0x10, 0x1E, 0xE1, 0x22, 0x0F, 0xD2, 0x01, 0x20, 0xEF, 0x12, 0xF1, 0xF0, 0xE0, 0x10,    2, 0x01
    .byte   0xFF, 0x0E, 0x2F, 0x20, 0xEE, 0x21, 0x10, 0xFF, 0x10, 0xD3, 0x00, 0x22, 0xD0, 0xFE, 0x21, 0x01
    .byte   0xE2, 0xF0, 0x2D, 0x2E, 0x11, 0xF3, 0xFE, 0x0F, 0x10, 0xF1, 0x0F, 0xF0, 0x10, 0xF2, 0x1E,   -3
    .byte   0x01, 0xFF, 0x3E, 0xE1, 0x10, 0x20, 0xFE, 0x11, 0x00, 0xF1, 0x01, 0xE1, 0x2F, 0x1E, 0x12, 0xE1
    .byte   0x01, 0x0E, 0x11, 0x20, 0xE1, 0x1E, 0x21, 0xE2, 0x1E, 0x10, 0xF2, 0xE1, 0xFF, 0x2E, 0x1F, 0x02
    .byte      1, 0x00, 0x1F, 0xE0, 0x20, 0xE2, 0xE2, 0xE2, 0xE3, 0xEE, 0x1F, 0x01, 0x2E, 0x2E, 0xE3, 0xFE
    .byte   0x2E, 0x1E, 0xF2, 0x11, 0xE2, 0xF1, 0xF1, 0x0F, 0x00, 0xE2, 0xF0, 0x2F, 0xFF, 0x2E, 0x11, 0xE2
    .byte   0xE1,    1, 0x00, 0xFF, 0x1F, 0x02, 0xE2, 0xE0, 0x12, 0xE1, 0xF0, 0x1E, 0x21, 0xE0, 0x2F, 0x00
    .byte   0xF0, 0xF0, 0x11, 0xFF, 0x00, 0x11, 0xFF, 0x00, 0x11, 0x00, 0xE2, 0xF0, 0xF0, 0x10, 0x11, 0xE1
    .byte   0x01, 0xF0,    1, 0x00, 0x1E, 0xF0, 0x20, 0x1F, 0xF0, 0xFF, 0x2F, 0xF0, 0xF2, 0xE1, 0x2E, 0x1F
    .byte   0xE2, 0xF1, 0x10, 0x2D, 0x20, 0xF1, 0xF0, 0x2E, 0x1F, 0x2F, 0xF0, 0xE1, 0x10, 0x2E, 0x11, 0xFF
    .byte   0x11, 0xE2, 0x0F,    1, 0x0E, 0x12, 0x00, 0xEF, 0x12, 0x0E, 0x2E, 0xE3, 0x0E, 0x0F, 0xF2, 0x00
    .byte   0x1F, 0xFF, 0xF0, 0x10, 0x12, 0xEF, 0xF1, 0x20, 0xE1, 0x0F, 0x02, 0xE1, 0x1E, 0x21, 0xFF, 0x0F
    .byte   0x2E, 0x11, 0xE1, 0x20,    1, 0x0F, 0x0F, 0x11, 0xF1, 0xFE, 0x22, 0xEF, 0xFF, 0x2F, 0xF2, 0xE1
    .byte   0x1F, 0x1E, 0x01, 0x21, 0xE1, 0x0F, 0x00, 0x2E, 0x01, 0x11, 0x0E, 0x01, 0x11, 0xFF, 0x01, 0x10
    .byte   0xF0, 0x0F, 0x1F, 0x01, 0x0F,    0, 0x00, 0xF2, 0xFF, 0x1D, 0x22, 0xF1, 0x1E, 0x12, 0xEF, 0x2E
    .byte   0x2F, 0xE2, 0x0F, 0x1F, 0x00, 0x10, 0xFF, 0xE2, 0x11, 0x1E, 0x20, 0xF0, 0x00, 0xF0, 0xFF, 0x10
    .byte   0x12, 0xFF, 0xE1, 0x11, 0xE0, 0x2F,   -2, 0x00, 0x2F, 0x0E, 0x02, 0x01, 0xF0, 0x0E, 0xF2, 0x11
    .byte   0xE1, 0x1F, 0xF2, 0x00, 0xE0, 0x2F, 0xFF, 0x0F, 0x02, 0xE2, 0x0E, 0x2F, 0xF0, 0x00, 0xF0, 0x01
    .byte   0x10, 0x01, 0x0E, 0x0F, 0x11, 0x01, 0x1E,    0, 0x02, 0xFF, 0xFE, 0x01, 0x02, 0x1E, 0x11, 0xF1
    .byte   0xF0, 0xFF, 0x1E, 0x20, 0x22, 0xD0, 0x1F, 0x10, 0x1F, 0x00, 0x20, 0x0F, 0xFF, 0xFF, 0x11, 0x01
    .byte   0x1E, 0x12, 0xE1, 0xF1, 0xFE, 0x2F, 0x12, 0xFF,    1, 0x0F, 0x10, 0x0F, 0x1E, 0x12, 0xE2, 0x00
    .byte   0xFF, 0x0F, 0xF0, 0x02, 0xFF, 0x20, 0xE0, 0x1F, 0x10, 0xE1, 0xF1, 0x12, 0xEE, 0x3E, 0x12, 0xD0
    .byte   0x20, 0x1F, 0xFF, 0x11, 0x20, 0xEF, 0xF2, 0xFF, 0x2D,   -3, 0x01, 0x11, 0xF2, 0xFE, 0xF2, 0xF0
    .byte   0xF1, 0xF0, 0x1F, 0x20, 0xEE, 0x21, 0x1F, 0x0F, 0x12, 0xFD, 0x22, 0xE2, 0x0E, 0x11, 0x2F, 0xEF
    .byte   0xF0, 0x02, 0x1F, 0x20, 0xD3, 0xEE, 0x02, 0xF0, 0xF0, 0x2F,    1, 0x02, 0xEE, 0x2E, 0x1F, 0x20
    .byte   0xFF, 0xE3, 0x1D, 0x22, 0xEE, 0x13, 0xFE, 0xEE, 0x30, 0xF2, 0xE1, 0xE1, 0x22, 0xED, 0x11, 0x2F
    .byte   0xF2, 0xFF, 0x02, 0x1D, 0x10, 0x01, 0xF2, 0x21, 0xD2, 0x10, 0x0F,   -1, 0x00, 0x0E, 0x22, 0xE2
    .byte   0x0E, 0xE1, 0x13, 0x0D, 0xFF, 0x21, 0x10, 0xFF, 0xE2, 0x20, 0xE2, 0x1D, 0xD3, 0x4E, 0xC3, 0x10
    .byte   0x2D, 0x22, 0xED, 0x32, 0xFF, 0xE2, 0x0E, 0xE3, 0x0E, 0x01, 0x11, 0xEE,    1, 0x0E, 0x12, 0xF0
    .byte   0xF1, 0x1E, 0x3D, 0xE3, 0x0E, 0xF0, 0x01, 0x01, 0x3F, 0xCE, 0x33, 0x0D, 0xF2, 0x1F, 0x1F, 0x12
    .byte   0xEE, 0x21, 0xEE, 0x22, 0x1E, 0xD3, 0x3F, 0xDE, 0x31, 0xD0, 0x23, 0xED, 0x12,   -1, 0x01, 0x20
    .byte   0xEE, 0x11, 0x20, 0xF0, 0xE0, 0x22, 0xEE, 0xF3, 0x1D, 0xE3, 0x2E, 0xEE, 0x23, 0xEE, 0xF2, 0x2E
    .byte   0xD2, 0x3E, 0xD2, 0x3E, 0xE0, 0x21, 0xFF, 0xFE, 0x12, 0x10, 0xF0, 0xE2, 0xFF, 0x12,    2, 0x0F
    .byte   0x10, 0xEF, 0x13, 0xED, 0x02, 0x21, 0xEF, 0x02, 0x2E, 0xE0, 0x20, 0xE1, 0x00, 0xF2, 0x2E, 0xD1
    .byte   0x32, 0xEE, 0xF0, 0x1F, 0x02, 0xFF, 0xF0, 0x11, 0x00, 0x0E, 0x01, 0x12, 0x0E, 0x01, 0x10,    1
    .byte   0x0F, 0xF0, 0x1F, 0x10, 0x1F, 0xF0, 0x01, 0x1F, 0xFF, 0x01, 0x02, 0x0F, 0xE1, 0xF0, 0x12, 0x0E
    .byte   0x00, 0x00, 0x11, 0x1F, 0x00, 0x01, 0x00, 0xE0, 0xF0, 0x02, 0x0F, 0xF0, 0x02, 0x0E, 0x0F, 0x0F
    .byte     -1, 0x02, 0x1E, 0x0E, 0x22, 0x11, 0xEE, 0xE1, 0x22, 0xFE, 0x02, 0xFE, 0x2F, 0x0F, 0x01, 0x0F
    .byte   0x02, 0x0E, 0x11, 0x1E, 0x11, 0x11, 0xE1, 0x1F, 0x01, 0x10, 0xFE, 0x21, 0xFF, 0x01, 0x0F, 0x11
    .byte   0x0F,    0, 0x01, 0xF0, 0x01, 0x0F, 0x0F, 0x00, 0x1F, 0x00, 0x10, 0x0F, 0x00, 0x01, 0x10, 0xFF
    .byte   0x11, 0x00, 0x0F, 0x00, 0xF0, 0x1F, 0x0F, 0x01, 0x10, 0x11, 0xE0, 0x10, 0x10, 0x01, 0xFF, 0x01
    .byte   0x11, 0x0F,   -1, 0x01, 0x01, 0x1F, 0x0F, 0x1F, 0x01, 0x00, 0xF1, 0x00, 0xF1, 0xF0, 0x1F, 0xF1
    .byte   0x1F, 0x00, 0x10, 0x00, 0x10, 0x0F, 0xFF, 0x00, 0x2F, 0xFF, 0x0F, 0xF1, 0x00, 0x0E, 0xF0, 0xF1
    .byte   0x10, 0xFF, 0xFF,   -8, 0x00, 0x1F, 0x00, 0x02, 0x00, 0x10, 0x21, 0x10, 0x12, 0x10, 0x22, 0x11
    .byte   0x21, 0x10, 0x20, 0xE0, 0xE0, 0xE1, 0x1E, 0xEF, 0xEF, 0xEE, 0xFE, 0xFE, 0xE0, 0xE0, 0x1F, 0xF0
    .byte   0xE0, 0xF0, 0x10, 0xFF,  -31, 0x00, 0xF0, 0x21, 0xF0, 0x11, 0x10, 0x02, 0x23, 0x43, 0x42, 0x22
    .byte   0x02, 0x22, 0x0E, 0xEF, 0xFE, 0x0E, 0xED, 0xDD, 0xDD, 0xEE, 0xEF, 0xE1, 0x12, 0x22, 0x22, 0x21
    .byte   0x22, 0x22, 0x10, 0xFE, 0x0E,    7, 0x0E, 0xEE, 0xFE, 0xEF, 0xF0, 0xE0, 0xF0, 0xE0, 0xE1, 0xF0
    .byte   0xFF, 0x00, 0xEF, 0xFF, 0xF0, 0x12, 0xF3, 0x34, 0x33, 0x33, 0x12, 0x23, 0x30, 0x00, 0xE0, 0xE0
    .byte   0xFD, 0xDC, 0xDD, 0xDD, 0xED, 0xFE,  -35, 0x01, 0x23, 0x22, 0x22, 0x22, 0x23, 0x22, 0x20, 0xE0
    .byte   0x00, 0xEE, 0xDE, 0xDE, 0xF0, 0x0F, 0xFE, 0x0E, 0xF0, 0x10, 0xE0, 0xFE, 0x10, 0x0F, 0xEE, 0xE0
    .byte   0xFF, 0xFF, 0x02, 0x24, 0x34, 0x42, 0x32,   41, 0x03, 0x23, 0x20, 0xFF, 0x0E, 0xFE, 0xDD, 0xCD
    .byte   0xCE, 0xDE, 0xDE, 0xE1, 0x12, 0x23, 0x12, 0x22, 0x23, 0x23, 0x11, 0x10, 0x01, 0x0E, 0xFD, 0xED
    .byte   0xEF, 0xFF, 0xEF, 0x0E, 0x00, 0x0F, 0xFE, 0xFF,  -27, 0x01, 0x00, 0xE0, 0xE0, 0xE0, 0xE0, 0xFE
    .byte   0xF2, 0x23, 0x24, 0x43, 0x33, 0x33, 0x13, 0x32, 0xEF, 0x0F, 0xEE, 0xEE, 0xCC, 0xED, 0xDD, 0xDE
    .byte   0xDF, 0xF2, 0x2F, 0x32, 0x22, 0x23, 0x22, 0x21, 0x11,   18, 0x02, 0x00, 0xEE, 0xEE, 0xEE, 0x00
    .byte   0xE0, 0xE0, 0x1F, 0x10, 0xEE, 0xEE, 0xF0, 0x0F, 0xEE, 0xE1, 0x01, 0x0E, 0xEE, 0xE2, 0x11, 0x22
    .byte   0x34, 0x45, 0x33, 0x22, 0x30, 0x32, 0xEE, 0xDE, 0xEE, 0xEE,   27, 0x0C, 0xDE, 0xDE, 0xDE, 0xEF
    .byte   0x13, 0x33, 0x32, 0x22, 0x21, 0x20, 0xFE, 0xED, 0xFE, 0xEE, 0xEE, 0x00, 0x22, 0x22, 0x22, 0x12
    .byte   0xFE, 0xEE, 0xDD, 0xED, 0xEE, 0xFE, 0xEE, 0xEF, 0x10, 0x22, 0xE2,  -42, 0x03, 0x10, 0x23, 0x44
    .byte   0x55, 0x22, 0xE0, 0xED, 0xED, 0xCB, 0xDF, 0x23, 0x23, 0x2E, 0x23, 0x30, 0xED, 0xDD, 0xFF, 0x1D
    .byte   0xDF, 0xE3, 0x22, 0x2E, 0xF1, 0x20, 0x21, 0xEE, 0xF0, 0x32, 0x10, 0x0E,   11, 0x01, 0x2D, 0xDD
    .byte   0xDE, 0x10, 0xEE, 0xEF, 0x22, 0x1E, 0xDE, 0xE1, 0x21, 0x1F, 0x01, 0x32, 0x2F, 0x11, 0x24, 0x56
    .byte   0x52, 0xDC, 0xDD, 0xDD, 0xCB, 0xD2, 0x45, 0x43, 0x30, 0xF1, 0x1D, 0xBB, 0xCD,  -35, 0x03, 0x23
    .byte   0xF2, 0x44, 0x3F, 0xDD, 0xCD, 0xF0, 0xEE, 0x13, 0x33, 0x33, 0xFF, 0xEE, 0xEE, 0xDD, 0xEE, 0x00
    .byte   0x21, 0xFE, 0xF1, 0x0E, 0xEE, 0xDE, 0xE1, 0x0F, 0xF0, 0x31, 0x23, 0x21, 0xEE, 0x32,   -6, 0x04
    .byte   0x56, 0x3E, 0xDC, 0xEC, 0xDE, 0xDC, 0xE4, 0x45, 0x32, 0x2D, 0xEE, 0xDC, 0xBC, 0xDF, 0x33, 0x43
    .byte   0x12, 0x31, 0xDD, 0xDC, 0xC0, 0x23, 0x23, 0x33, 0x22, 0x2E, 0xDD, 0xFE, 0xEE, 0xF0, 0x21,    0
    .byte   0x0F, 0xED, 0xEE, 0xEE, 0xEE, 0xEE, 0x12, 0x2F, 0xEF, 0xE0, 0x02, 0x21, 0x2F, 0x22, 0x22, 0xF4
    .byte   0x44, 0x63, 0x0C, 0xDD, 0xDD, 0xED, 0xDE, 0x45, 0x43, 0x11, 0xDD, 0xDD, 0xCB, 0xDF, 0x23, 0x34
    .byte     19, 0x01, 0x22, 0xEE, 0xCD, 0xCE, 0xE3, 0x23, 0x23, 0x32, 0x2E, 0xED, 0xED, 0xFF, 0x02, 0x12
    .byte   0x11, 0xED, 0xED, 0xEF, 0xEE, 0xE1, 0x21, 0x2F, 0xFE, 0xFE, 0xF0, 0xF2, 0x20, 0x22, 0x20, 0x02
    .byte   0x33,    9, 0x05, 0x62, 0xDD, 0xDD, 0xC0, 0xDF, 0xDE, 0x45, 0x42, 0x0E, 0xDC, 0xEE, 0xCC, 0xDF
    .byte   0x33, 0x33, 0x0E, 0x21, 0xFD, 0xDD, 0xDE, 0x23, 0x21, 0x23, 0x22, 0x1E, 0xED, 0xFE, 0x11, 0x21
    .byte   0x00, 0xF0,   -2, 0x0D, 0xDE, 0xE0, 0x1E, 0x0F, 0x0F, 0x10, 0xFF, 0xE1, 0xEF, 0xF2, 0x30, 0x1F
    .byte   0x21, 0xF2, 0x33, 0x22, 0x65, 0x0D, 0xDF, 0xCD, 0xEF, 0xED, 0x15, 0x43, 0x0F, 0xFD, 0xDE, 0xDC
    .byte   0xC1, 0x12, 0x23,   14, 0x0F, 0xF2, 0x2E, 0xDD, 0xDD, 0xF2, 0x30, 0x12, 0x32, 0x2F, 0xEE, 0xEF
    .byte   0x10, 0xEF, 0x11, 0x11, 0xFE, 0xDE, 0xEF, 0xEF, 0x01, 0x20, 0x00, 0xEE, 0x1F, 0xEF, 0xF0, 0xEF
    .byte   0xF3, 0x33, 0x0E, 0xE2,   -6, 0x03, 0x1F, 0x65, 0xDD, 0xDF, 0xEE, 0xE1, 0xFC, 0x24, 0x42, 0xEE
    .byte   0x2E, 0xDD, 0xED, 0xC1, 0x23, 0xFE, 0x22, 0x1F, 0xFE, 0xED, 0xEF, 0x10, 0x01, 0x32, 0x10, 0x20
    .byte   0xEE, 0xF1, 0xFE, 0x12, 0x20,    1, 0x00, 0xFE, 0xDF, 0xEE, 0xF0, 0x20, 0x11, 0x1F, 0xEE, 0xEE
    .byte   0x0F, 0x1F, 0x0E, 0x22, 0x32, 0xFF, 0x02, 0x23, 0x12, 0x25, 0x42, 0xDD, 0x1E, 0xFE, 0xEF, 0xD2
    .byte   0x34, 0x0E, 0xF2, 0xFD, 0xED, 0xED,   -1, 0x00, 0x10, 0xF2, 0x21, 0x10, 0xEE, 0xEE, 0xFE, 0x11
    .byte   0x11, 0x22, 0x2F, 0xF0, 0xFE, 0xF1, 0xEE, 0x12, 0x2F, 0xF1, 0x1F, 0xDE, 0x0E, 0xEF, 0x32, 0x01
    .byte   0xFF, 0xF1, 0x0D, 0xEE, 0x12, 0x2F, 0xF0,  -24, 0x03, 0x3F, 0xEE, 0xE2, 0x40, 0xF1, 0x35, 0x3E
    .byte   0xE0, 0xFE, 0xFE, 0xED, 0xD3, 0x33, 0xEF, 0x22, 0x1D, 0xED, 0xDF, 0xFF, 0xEE, 0x02, 0x22, 0x10
    .byte   0xEE, 0xFF, 0xEE, 0x0F, 0x12, 0x22, 0x0F, 0xF1,   -1, 0x0E, 0xE1, 0xE1, 0x12, 0x10, 0xF0, 0x2E
    .byte   0xFE, 0x0F, 0xF0, 0x02, 0xF1, 0x11, 0x1F, 0xF0, 0x10, 0xEE, 0x12, 0xFF, 0x02, 0x00, 0x12, 0x20
    .byte   0xE1, 0x0E, 0xFF, 0x21, 0x33, 0x32, 0xE0, 0xF2, 0xEE,   11, 0x00, 0xE1, 0x20, 0x2F, 0x22, 0x1E
    .byte   0xEE, 0x0E, 0xEE, 0xFE, 0xE2, 0x10, 0xF0, 0x11, 0x0E, 0x0F, 0x0F, 0xFF, 0x0F, 0x02, 0x0F, 0x11
    .byte   0x20, 0xEF, 0x2F, 0x1E, 0xF2, 0x00, 0x10, 0xFF, 0xF2, 0x00,   -9, 0x02, 0x12, 0x0E, 0x2F, 0x2F
    .byte   0x01, 0xF2, 0xE2, 0xF0, 0xF1, 0x10, 0x2E, 0x11, 0x11, 0x0E, 0x02, 0xF0, 0xE0, 0xF0, 0x0F, 0xFF
    .byte   0xFF, 0x00, 0xFF, 0xF1, 0xEF, 0xF0, 0xFF, 0xF1, 0x11, 0xF0, 0x20,   -9, 0x0D, 0x21, 0x1F, 0x03
    .byte   0x34, 0xE0, 0x23, 0xEE, 0xDF, 0xFD, 0x00, 0x11, 0x02, 0x22, 0xEF, 0x10, 0xFD, 0xEF, 0xFE, 0xE1
    .byte   0x2F, 0xE1, 0x21, 0xE1, 0x11, 0x0E, 0xF2, 0x1E, 0x12, 0x21, 0xF1, 0x21,    3, 0x0F, 0x01, 0xFF
    .byte   0x01, 0xFF, 0x01, 0x10, 0xE1, 0x11, 0x0F, 0xF1, 0xFF, 0xF0, 0xFF, 0x11, 0x10, 0x11, 0x01, 0x1F
    .byte   0x1F, 0x01, 0x00, 0xF0, 0x11, 0xF0, 0x11, 0xFF, 0xF1, 0xFF, 0xF0, 0x0F, 0x00,    0, 0x00, 0xFF
    .byte   0x11, 0xFF, 0x01, 0x1E, 0x02, 0x00, 0xF0, 0x10, 0xF0, 0x10, 0xF0, 0x01, 0xFF, 0x01, 0x1F, 0x0F
    .byte   0x11, 0x0F, 0x01, 0x11, 0xF1, 0x11, 0xFF, 0x11, 0x00, 0x0F, 0x10, 0x00, 0xF0, 0x00,    3, 0x0F
    .byte   0x00, 0x00, 0x0F, 0xF0, 0x00, 0xF0, 0x0F, 0x01, 0x0F, 0xF1, 0x00, 0xF0, 0x11, 0xFF, 0x11, 0x0F
    .byte   0x11, 0x1F, 0xF1, 0x1F, 0xF0, 0x10, 0xF0, 0x1F, 0x00, 0xF1, 0x0F, 0x01, 0x0F, 0xF1, 0x10,   -2
    .byte   0x0F, 0x01, 0x01, 0xF1, 0x0F, 0x11, 0x1F, 0x10, 0x11, 0xF0, 0x10, 0x0F, 0x10, 0x0F, 0x00, 0x1F
    .byte   0xF0, 0x10, 0xF0, 0x01, 0xFF, 0x00, 0x0F, 0x00, 0x00, 0x00, 0x1F, 0xF0, 0x11, 0xF0, 0x01, 0x0F
    .byte     -2, 0x01, 0x10, 0x0F, 0x01, 0x0F, 0x01, 0x00, 0x0F, 0x00, 0x1F, 0x10, 0x0F, 0x1F, 0x1F, 0x10
    .byte   0xF0, 0x11, 0xF0, 0x01, 0x00, 0x00, 0x00, 0x00, 0x1F, 0x00, 0x00, 0x10, 0x00, 0xF0, 0x00, 0x00
    .byte   0x0F,    0, 0x00, 0x1F, 0xF1, 0x0F, 0x01, 0x00, 0xF0, 0x00, 0x01, 0xF1, 0xF0, 0x00, 0x01, 0xF1
    .byte   0x00, 0xF1, 0x0F, 0x10, 0xF1, 0x00, 0x01, 0xF0, 0x1F, 0x01, 0xFF, 0x10, 0x0F, 0x01, 0xF0, 0x1F
    .byte   0x01, 0x0F,    0, 0x00, 0x01, 0xF1, 0xF0, 0x1F, 0x01, 0x00, 0x00, 0x1F, 0xF1, 0x00, 0xF1, 0x00
    .byte   0x00, 0x0F, 0x00, 0x00, 0xF1, 0x00, 0x0F, 0x01, 0x00, 0x00, 0x00, 0x0F, 0x10, 0x00, 0x0F, 0x10
    .byte   0x00, 0xF0, 0x10,   -1, 0x01, 0xF1, 0x00, 0x00, 0x0F, 0x10, 0x00, 0x00, 0x00, 0x00, 0x00, 0x01
    .byte   0x0F, 0xF1, 0x00, 0x00, 0x00, 0x00, 0xF0, 0x1F, 0x10, 0x01, 0xF0, 0x10, 0xF0, 0x01, 0xF1, 0xF0
    .byte   0x00, 0x00, 0x00, 0x00,    0, 0x01, 0xF1, 0xF0, 0x00, 0x00, 0xF1, 0x00, 0x0F, 0x10, 0x1F, 0x00
    .byte   0xF0, 0x01, 0xF1, 0x00, 0xF0, 0x10, 0xF1, 0x00, 0x00, 0x00, 0x00, 0x00, 0x01, 0xF0, 0x1F, 0x01
    .byte   0xF0, 0x1F, 0x1F, 0x00, 0x00,    0, 0x00, 0xF0, 0x10, 0x00, 0xF0, 0x10, 0x00, 0x00, 0x1F, 0x1F
    .byte   0x0F, 0x10, 0x00, 0xF1, 0x00, 0x00, 0x00, 0x10, 0x0F, 0x0F, 0x01, 0xF0, 0x10, 0x00, 0x1F, 0xF0
    .byte   0x00, 0x01, 0x00, 0x00, 0x1F, 0x00,    0, 0x00, 0x10, 0x0F, 0xF1, 0x00, 0x00, 0x00, 0x00, 0x1F
    .byte   0x00, 0x01, 0xF0, 0x00, 0x00, 0x01, 0xF1, 0xF0, 0x00, 0x00, 0x1F, 0x00, 0x01, 0x00, 0x0F, 0x01
    .byte   0x0F, 0x00, 0x00, 0x00, 0x00, 0x00, 0x01,    0, 0x00, 0x00, 0x00, 0x00, 0xF1, 0xF1, 0x00, 0x00
    .byte   0x00, 0x00, 0x00, 0x01, 0xFF, 0x10, 0x0F, 0x10, 0x1F, 0x1F, 0x01, 0xF1, 0xF0, 0xF1, 0x00, 0x10
    .byte   0xF0, 0x00, 0x01, 0xF0, 0x00, 0x00, 0x01, 0xF0,    0, 0x00, 0x00, 0x01, 0xF0, 0x01, 0xF0, 0xF1
    .byte   0xF1, 0x00, 0x00, 0xF1, 0x00, 0x01, 0xF0, 0x00, 0x10, 0xF0, 0x00, 0x00, 0x00, 0x00, 0x00, 0xF1
    .byte   0x00, 0x00, 0x0F, 0x01, 0xF1, 0x0F, 0x1F, 0x10, 0x01,    1, 0x0F, 0x00, 0x00, 0x1F, 0x00, 0x1F
    .byte   0x01, 0xF0, 0x00, 0x00, 0x00, 0x00, 0x00, 0x01, 0xF0, 0x0F, 0x11, 0xF0, 0xF1, 0x00, 0x00, 0xF1
    .byte   0x00, 0x00, 0x00, 0x00, 0x00, 0x0F, 0x10, 0x00, 0x00, 0x00,    0, 0x00, 0x00, 0x1F, 0x00, 0xF0
    .byte   0x01, 0x10, 0xF0, 0x0F, 0x01, 0x1F, 0x00, 0x00, 0x1F, 0x00, 0x01, 0xF0, 0xF1, 0x0F, 0x10, 0x00
    .byte   0x00, 0x00, 0x1F, 0x1F, 0x01, 0xF0, 0xF1, 0x0F, 0x10, 0x00, 0x00,    0, 0x00, 0x0F, 0x10, 0x1F
    .byte   0x00, 0x01, 0xF0, 0x1F, 0x00, 0x00, 0x00, 0x0F, 0x10, 0x00, 0x01, 0x00, 0xF0, 0x1F, 0x0F, 0x10
    .byte   0xF1, 0x00, 0x10, 0xF0, 0xF1, 0x01, 0xF0, 0x00, 0x00, 0xF1, 0x00, 0x10,    0, 0x00, 0x00, 0x00
    .byte   0x1F, 0x00, 0x00, 0x00, 0x00, 0x1F, 0x00, 0xF1, 0x00, 0xF0, 0x1F, 0x01, 0x00, 0x1F, 0xFF, 0xF0
    .byte   0x31, 0xC1, 0x32, 0x02, 0x2E, 0xDD, 0x00, 0xFE, 0xD1, 0x55, 0x2C, 0xDE, 0xE3,   21, 0x0D, 0xAC
    .byte   0x53, 0x35, 0x2B, 0xB3, 0x21, 0x2D, 0xCD, 0x44, 0x33, 0x3C, 0xC3, 0x41, 0xEC, 0xCE, 0x43, 0x2F
    .byte   0xDD, 0x12, 0x3F, 0xDD, 0x33, 0x31, 0xEE, 0xE3, 0x2F, 0xDD, 0xF2, 0x31, 0xDE, 0xFF,   -2, 0x03
    .byte   0xFC, 0xD2, 0x43, 0x0D, 0xD1, 0x33, 0x2D, 0xDE, 0x13, 0x3F, 0xCD, 0x33, 0x2F, 0xDD, 0x23, 0x22
    .byte   0xEC, 0x12, 0x33, 0xED, 0xD2, 0x32, 0xFE, 0xD0, 0x12, 0x20, 0xEE, 0x12, 0x2F, 0x0F, 0xE0,    1
    .byte   0x02, 0xFE, 0xFF, 0xF2, 0x00, 0x00, 0xE0, 0x11, 0xFF, 0x22, 0xFE, 0xE0, 0x22, 0x10, 0xFE, 0xE1
    .byte   0x20, 0x0E, 0xF0, 0x01, 0x21, 0xFE, 0x01, 0x20, 0xFF, 0x11, 0x1F, 0x00, 0xE1, 0x21, 0xEF, 0xFF
    .byte     -1, 0x02, 0x0E, 0xFF, 0xF2, 0x2F, 0xEF, 0x02, 0x0F, 0x01, 0xFF, 0x1F, 0xFF, 0x01, 0x2F, 0xFE
    .byte   0x02, 0x1F, 0x01, 0xEE, 0x22, 0x1F, 0x0F, 0x00, 0xE1, 0x2F, 0x10, 0xEF, 0x02, 0x20, 0xEE, 0xE2
    .byte   0x22,    4, 0x0D, 0xF0, 0x23, 0x0E, 0xDE, 0x32, 0x1F, 0xEF, 0x11, 0x11, 0xFF, 0xEF, 0x21, 0x2F
    .byte   0xDF, 0x33, 0xED, 0x0F, 0x03, 0x0D, 0xE1, 0x32, 0xEE, 0x1E, 0x22, 0xEF, 0xE1, 0x31, 0xDF, 0x12
    .byte   0x21, 0xFE,   -6, 0x02, 0x22, 0xF2, 0xFB, 0xD5, 0x5D, 0xCE, 0xC1, 0x55, 0xCB, 0xD2, 0x54, 0xDB
    .byte   0xC3, 0x54, 0xCB, 0xEF, 0x64, 0xCC, 0xB1, 0x65, 0xCA, 0xC4, 0x54, 0xEA, 0xC3, 0x55, 0xDB, 0xB3
    .byte   0x55, 0xEC, 0xCC,  -17, 0x06, 0x5A, 0xA2, 0x62, 0xED, 0xB3, 0x54, 0xBA, 0x45, 0x02, 0x1A, 0x24
    .byte   0x5E, 0xCC, 0xD5, 0x5E, 0xAD, 0x44, 0xE0, 0xDD, 0xE4, 0x4D, 0xCD, 0x34, 0x03, 0xCC, 0x25, 0x3B
    .byte   0xD3, 0x23, 0xED, 0xC4,   23, 0x0C, 0xB2, 0x5C, 0x05, 0xCB, 0x44, 0xCE, 0x42, 0xC1, 0x4B, 0x26
    .byte   0xBC, 0x34, 0xDE, 0x3C, 0xC6, 0x2D, 0xC2, 0x1C, 0x64, 0xBA, 0x44, 0x33, 0xDA, 0xD7, 0x3D, 0xA4
    .byte   0x5A, 0x26, 0xDB, 0x02, 0xF3,   22, 0x0C, 0xB4, 0x11, 0x30, 0xCD, 0x52, 0x2B, 0xD4, 0x41, 0xDC
    .byte   0xD4, 0x3E, 0x4C, 0xB3, 0x36, 0xCB, 0x3D, 0x32, 0x31, 0xBC, 0x37, 0x29, 0xC3, 0x6E, 0x1D, 0xCE
    .byte   0x45, 0xDD, 0xCE, 0x43, 0x3B, 0xC5,   11, 0x0D, 0x11, 0xCF, 0x44, 0xCC, 0x33, 0xD1, 0x4C, 0x2E
    .byte   0xF0, 0x4D, 0xB6, 0x2B, 0xC4, 0x43, 0xDB, 0x22, 0x44, 0xBC, 0x4E, 0xF5, 0x0A, 0xE5, 0x4C, 0xD1
    .byte   0xD3, 0x41, 0xCC, 0x34, 0x4E, 0xAE, 0x45,   33, 0x0B, 0xA2, 0x54, 0x3B, 0xCE, 0x17, 0x39, 0xB5
    .byte   0x44, 0xDB, 0xC5, 0x40, 0xDF, 0xCC, 0x56, 0xCA, 0x24, 0x03, 0x3B, 0xE0, 0x35, 0xBD, 0x32, 0xE1
    .byte   0x22, 0xDF, 0xB4, 0x7B, 0xAD, 0x55, 0x1D, 0xBC,    3, 0x04, 0xDE, 0x2B, 0xB7, 0x69, 0xC1, 0xD7
    .byte   0x4A, 0xB3, 0x53, 0xB3, 0xFC, 0xE6, 0x3A, 0x0D, 0x55, 0xC9, 0x46, 0xCC, 0x35, 0xBB, 0x63, 0xDC
    .byte   0xFD, 0x52, 0xEF, 0xC4, 0xEC, 0x54, 0xAD, 0x44, 0xCD,    1, 0x04, 0xB0, 0x3D, 0x32, 0x2C, 0xE2
    .byte   0x22, 0x4F, 0xA0, 0x61, 0xB2, 0x3E, 0xC2, 0x5E, 0xB3, 0x5B, 0x33, 0xBF, 0x5F, 0xDD, 0x3E, 0x24
    .byte   0xDB, 0x33, 0xF3, 0x2D, 0xA3, 0x7D, 0xBF, 0xE3, 0x35, 0xAE,   11, 0x0B, 0x25, 0x2A, 0xE4, 0x5D
    .byte   0xB3, 0x4D, 0x1D, 0x02, 0x22, 0xD0, 0x2D, 0x33, 0x1C, 0xD3, 0x43, 0xCB, 0x43, 0x12, 0xEC, 0xF4
    .byte   0x4E, 0xA2, 0x42, 0x4C, 0xC2, 0x13, 0x4C, 0xC2, 0x24, 0x2B, 0xF4,   12, 0x0C, 0xE4, 0xEC, 0x34
    .byte   0xDD, 0xE4, 0xDF, 0x4B, 0x35, 0xCA, 0x46, 0xDB, 0x03, 0xF3, 0x10, 0xEE, 0xC4, 0x41, 0xBD, 0x44
    .byte   0xEC, 0x3D, 0x22, 0x13, 0xDC, 0xD5, 0x5C, 0xB2, 0x31, 0x23, 0x0A, 0x35,   10, 0x03, 0xBC, 0x35
    .byte   0x2E, 0xBE, 0x5E, 0x14, 0xAC, 0x63, 0xFB, 0x20, 0x23, 0x4E, 0xAC, 0x66, 0xCA, 0xD4, 0x5E, 0xC3
    .byte   0xCD, 0x44, 0x1C, 0xCE, 0x63, 0xA2, 0x23, 0xFE, 0x4D, 0xB5, 0xD2, 0x4B, 0xD4,   14, 0x0E, 0xCE
    .byte   0x4E, 0xEF, 0x31, 0xCF, 0x4E, 0x3C, 0xF3, 0x1F, 0xC5, 0xDD, 0xE4, 0x2E, 0xC3, 0x2D, 0x3D, 0x32
    .byte   0xB4, 0x5C, 0xDD, 0xF5, 0x3A, 0x15, 0xB3, 0x4D, 0xD3, 0xD2, 0x3F, 0xDD, 0x34, 0xEB,   -8, 0x04
    .byte   0x0E, 0xDD, 0x42, 0xE2, 0xDD, 0x41, 0x0E, 0x0D, 0xE4, 0x4B, 0xC5, 0x10, 0xE2, 0xDE, 0x34, 0xBF
    .byte   0x3F, 0xE4, 0xFC, 0xD4, 0x4D, 0xD0, 0x1C, 0x45, 0xCA, 0x43, 0x33, 0xBE, 0x43, 0xC3, 0x3B,  -10
    .byte   0x02, 0x5C, 0xC4, 0xD3, 0x12, 0xDD, 0x22, 0x4E, 0xB2, 0x41, 0xDE, 0x24, 0xCD, 0x33, 0x2C, 0xF3
    .byte   0x2D, 0x23, 0xC1, 0x3D, 0x25, 0xBB, 0x54, 0xDC, 0x23, 0xC4, 0x4C, 0xDE, 0x4E, 0xD4, 0xED, 0x23
    .byte     -9, 0x02, 0x42, 0xA3, 0x5C, 0xE4, 0xED, 0x2E, 0xE4, 0x3B, 0xD4, 0x4D, 0xC3, 0x3D, 0xD4, 0x2D
    .byte   0xD2, 0xF4, 0xEC, 0xE5, 0xEC, 0x13, 0x3B, 0x32, 0x23, 0xCD, 0x5C, 0xE4, 0x1D, 0xD3, 0xF3, 0xC0
    .byte   0x5B,  -10, 0x04, 0x2D, 0xDF, 0x33, 0x1D, 0xD3, 0x1D, 0x43, 0xB1, 0xD3, 0x42, 0xBF, 0x30, 0x24
    .byte   0xDC, 0x0E, 0x44, 0xDB, 0xF2, 0x6B, 0xC5, 0xEC, 0x34, 0xCE, 0x3E, 0xD4, 0x0D, 0xE4, 0x1C, 0xD4
    .byte   0x4C, 0x2D,  -20, 0x06, 0xFC, 0xD4, 0x3B, 0xD6, 0xDB, 0x4E, 0x33, 0xCC, 0x27, 0xBB, 0x34, 0xED
    .byte   0x33, 0xDB, 0x25, 0x3B, 0xD3, 0x4D, 0x12, 0xED, 0x12, 0x43, 0xAC, 0x65, 0xBC, 0x34, 0xCE, 0x23
    .byte   0xEC, 0xF4, 0x3E,  -16, 0x04, 0x4C, 0xDF, 0x51, 0xCC, 0x34, 0xED, 0x32, 0xB3, 0x4C, 0x41, 0xA4
    .byte   0x5D, 0xD2, 0xE1, 0x02, 0x23, 0xBD, 0x50, 0xE1, 0xDE, 0x40, 0xFE, 0xF2, 0x2C, 0x33, 0xDC, 0x24
    .byte   0x1E, 0x1D, 0xF3, 0x23,   -5, 0x0D, 0x15, 0xDF, 0x1D, 0x22, 0x3D, 0xFE, 0xFF, 0x4D, 0xCE, 0x53
    .byte   0xCF, 0xD3, 0x32, 0xCF, 0x3C, 0x43, 0xDF, 0xD2, 0x13, 0x1C, 0xF3, 0xE2, 0x3D, 0xC3, 0x4C, 0x23
    .byte   0xDD, 0x42, 0xED, 0x21, 0xE2,    8, 0x0D, 0xD3, 0x0D, 0x43, 0xBE, 0x42, 0xD2, 0x1D, 0x22, 0x0E
    .byte   0x4E, 0xB2, 0x50, 0xCF, 0x12, 0xE2, 0x3D, 0xD2, 0xD5, 0x2C, 0xC3, 0x41, 0xC1, 0x3E, 0xE3, 0xD3
    .byte   0x2B, 0x34, 0x2C, 0xD3, 0x32, 0xC1,    6, 0x0E, 0xE0, 0x3E, 0xD2, 0xE3, 0x2D, 0xF0, 0x2F, 0xE3
    .byte   0x2C, 0xF3, 0x12, 0xDE, 0x3F, 0x02, 0xF1, 0xDE, 0x33, 0xDD, 0x13, 0x2D, 0x12, 0xEF, 0xF3, 0x3B
    .byte   0xF4, 0x3D, 0xEE, 0x20, 0xF2, 0xE1, 0xEE,    0, 0x03, 0xDD, 0x32, 0xFD, 0x3F, 0xFE, 0xF1, 0x3E
    .byte   0xE2, 0x1E, 0xE2, 0x3F, 0xCE, 0x41, 0xE0, 0x0E, 0x12, 0x12, 0xEE, 0xD3, 0x31, 0xDE, 0x12, 0x20
    .byte   0xFE, 0xE0, 0x30, 0xEE, 0x00, 0x32, 0xDD, 0x22,    6, 0x0F, 0xFD, 0xE3, 0x2F, 0xE2, 0xDF, 0x32
    .byte   0xED, 0x21, 0x22, 0xFD, 0xF2, 0x21, 0x0E, 0xE2, 0x21, 0xEE, 0xFF, 0x22, 0xFF, 0xEF, 0x12, 0x2E
    .byte   0xFE, 0x03, 0xFE, 0x11, 0xEF, 0x22, 0xEE, 0x2F, 0x10,   -3, 0x01, 0x11, 0xF0, 0x11, 0x0E, 0x20
    .byte   0xF0, 0x02, 0xEF, 0x02, 0xFE, 0x20, 0xE1, 0x11, 0xFF, 0x01, 0x0F, 0x02, 0xFE, 0xF2, 0x2E, 0xF0
    .byte   0x1F, 0x01, 0x00, 0xFF, 0x11, 0x0F, 0xF1, 0x00, 0x00, 0x00,    0, 0x0F, 0x11, 0x0F, 0x00, 0x10
    .byte   0xF1, 0x0F, 0x01, 0x10, 0xFF, 0x00, 0xF0, 0x00, 0x00, 0x11, 0x0F, 0xF0, 0x20, 0xE0, 0x01, 0x01
    .byte   0x0F, 0xFF, 0x02, 0x0E, 0xF0, 0x20, 0xF0, 0x0F, 0x01, 0x10, 0xFF,    0, 0x01, 0xF1, 0x0F, 0x01
    .byte   0x0F, 0xFF, 0x11, 0x1F, 0xF0, 0x11, 0x01, 0x1E, 0x01, 0x01, 0xFF, 0x11, 0x00, 0x00, 0xF0, 0x11
    .byte   0x0F, 0xFF, 0x11, 0xF0, 0x00, 0x00, 0x1F, 0x00, 0x1F, 0xF1, 0x01, 0xF1,    0, 0x00, 0x0F, 0x10
    .byte   0xFF, 0x00, 0x00, 0xFF, 0x11, 0x0F, 0x01, 0x0F, 0x00, 0x1F, 0xF1, 0x10, 0xF0, 0x20, 0xFF, 0x12
    .byte   0xFF, 0x11, 0x10, 0x11, 0x01, 0x10, 0x11, 0x1F, 0xF0, 0x0F, 0xFF, 0xF0, 0xFF,    4, 0x00, 0xE0
    .byte   0x0F, 0xF0, 0xEF, 0x0E, 0x0F, 0x00, 0xFF, 0xFF, 0xF0, 0xF1, 0x00, 0xF1, 0x00, 0x11, 0x10, 0x12
    .byte   0x0F, 0x02, 0x11, 0x21, 0x22, 0x33, 0x20, 0x0F, 0x12, 0x1E, 0xEE, 0xEF, 0x12, 0xEE,   13, 0x00
    .byte   0x1F, 0xEE, 0xEE, 0xFF, 0xF0, 0xEF, 0xF0, 0x2F, 0xE1, 0x10, 0x20, 0x01, 0x00, 0x20, 0x00, 0xFF
    .byte   0x01, 0x1E, 0x00, 0xF0, 0xFE, 0xEF, 0xEF, 0xE0, 0x0E, 0x01, 0x00, 0x10, 0x11, 0x11, 0x22,  -10
    .byte   0x02, 0x33, 0x43, 0x3E, 0x02, 0x2F, 0xDF, 0xED, 0xE3, 0x20, 0xDF, 0x00, 0xFE, 0xED, 0xEE, 0x0E
    .byte   0xFE, 0xEE, 0x11, 0x2E, 0xE1, 0x21, 0x12, 0x2F, 0xF2, 0x22, 0xF0, 0x02, 0x2F, 0x0F, 0xFE, 0x00
    .byte      2, 0x0E, 0xEE, 0x0E, 0xFE, 0xEE, 0xFE, 0xFE, 0xEF, 0x00, 0xFF, 0x12, 0x11, 0x21, 0x11, 0x33
    .byte   0x22, 0x34, 0x34, 0x3E, 0xE1, 0x2E, 0xE1, 0xED, 0xF3, 0x20, 0xEE, 0xE0, 0xEF, 0xDD, 0xDD, 0x1F
    .byte   0xFE,  -18, 0x0F, 0xE2, 0x1F, 0x0F, 0x01, 0x22, 0x12, 0x01, 0x22, 0x20, 0x01, 0x21, 0x11, 0xFF
    .byte   0xEE, 0xFF, 0xEE, 0xEE, 0xEE, 0x1E, 0xEE, 0xFF, 0xEE, 0x0E, 0xFF, 0x12, 0x02, 0x02, 0x11, 0x32
    .byte   0x22, 0x33,   14, 0x03, 0x34, 0x3D, 0xE3, 0x0E, 0xF1, 0xFD, 0xE3, 0x21, 0xEE, 0xEE, 0xEE, 0xED
    .byte   0xDD, 0xEF, 0xF0, 0xEE, 0xE0, 0x20, 0x0F, 0x0F, 0x22, 0x20, 0x02, 0x21, 0x22, 0x21, 0x11, 0x20
    .byte   0xE0, 0xFE, 0xEE,    0, 0x0E, 0xEF, 0xF0, 0xDE, 0xEE, 0xEF, 0xFE, 0xEE, 0x11, 0x10, 0x10, 0x12
    .byte   0x22, 0x02, 0x23, 0x33, 0x23, 0x23, 0x43, 0xFF, 0x20, 0xEF, 0x2F, 0xDE, 0x22, 0x0E, 0x0E, 0xDE
    .byte   0xEE, 0xDD, 0xEE, 0xEE,  -12, 0x0F, 0xEE, 0x10, 0xF0, 0x11, 0xF0, 0x22, 0x11, 0x22, 0x12, 0x12
    .byte   0x2F, 0x11, 0x0F, 0x0E, 0xFE, 0xEF, 0xEE, 0xFE, 0xE0, 0xEF, 0xEE, 0xFE, 0xE0, 0xFF, 0xFF, 0x02
    .byte   0x11, 0x02, 0xF2, 0x22, 0x22,  -11, 0x03, 0x23, 0x23, 0x33, 0x30, 0x11, 0x00, 0x02, 0xEE, 0xE1
    .byte   0x2F, 0xFE, 0xED, 0xEE, 0xED, 0xEE, 0xDE, 0x01, 0x1E, 0xF0, 0xE0, 0x01, 0x00, 0x01, 0x21, 0x12
    .byte   0x20, 0x10, 0x20, 0x21, 0x0F, 0xFF,    5, 0x0F, 0xFE, 0xFE, 0xFE, 0x0F, 0xE0, 0xEE, 0xFE, 0xEF
    .byte   0xE0, 0xEF, 0x10, 0x10, 0x1F, 0x11, 0x22, 0x10, 0x22, 0x23, 0x13, 0x23, 0x33, 0x22, 0x22, 0x22
    .byte   0x22, 0x00, 0x02, 0x1F, 0xFE, 0xED, 0xEE,   35, 0x0D, 0xED, 0xED, 0xEF, 0xEE, 0xEE, 0xEE, 0xEF
    .byte   0x0F, 0x01, 0x10, 0x22, 0x12, 0x11, 0x22, 0x31, 0x20, 0x02, 0x00, 0xFF, 0xFE, 0xFF, 0x0F, 0xEE
    .byte   0xEE, 0xEE, 0xEE, 0xEE, 0xFE, 0x00, 0xF1, 0x11,  -42, 0x01, 0x12, 0x22, 0x32, 0x32, 0x33, 0x24
    .byte   0x22, 0x22, 0x22, 0x22, 0x0F, 0x00, 0x20, 0xFE, 0xED, 0xDE, 0xED, 0xDE, 0xDE, 0xEE, 0xEE, 0xEE
    .byte   0xEF, 0xE1, 0xFF, 0x00, 0x12, 0x12, 0x22, 0x02, 0x22,    2, 0x02, 0x11, 0x10, 0x11, 0x0F, 0xEF
    .byte   0xEF, 0xFF, 0xEE, 0xDF, 0xEE, 0xEE, 0xEF, 0xE0, 0xF0, 0xF1, 0x01, 0x20, 0x21, 0x22, 0x22, 0x32
    .byte   0x32, 0x33, 0x33, 0x12, 0x13, 0x22, 0x1F, 0xF0, 0x21, 0xF0,   62, 0x0E, 0xDE, 0xED, 0xED, 0xDE
    .byte   0xD1, 0xEE, 0xEE, 0xEE, 0xEF, 0x00, 0xFF, 0x01, 0x21, 0x22, 0x02, 0x12, 0x22, 0x21, 0x11, 0x11
    .byte   0x00, 0xFE, 0x1E, 0x0F, 0xEF, 0xEE, 0xEE, 0xEE, 0xEF, 0xE0, 0xE0,  -43, 0x0F, 0x02, 0x11, 0x11
    .byte   0x22, 0x22, 0x22, 0x31, 0x33, 0x33, 0x30, 0x21, 0x32, 0x20, 0xFF, 0x01, 0x21, 0xEE, 0xDE, 0xEE
    .byte   0xED, 0xDE, 0xDE, 0xFE, 0xEE, 0xEE, 0xEF, 0xFF, 0xFE, 0xF0, 0x02, 0x22,  -21, 0x01, 0x21, 0x22
    .byte   0x30, 0x10, 0x11, 0x11, 0x0E, 0xFF, 0xE1, 0x0E, 0xEF, 0xEE, 0xEE, 0xEE, 0xEF, 0xFF, 0xF0, 0xF1
    .byte   0x02, 0x01, 0x21, 0x22, 0x22, 0x32, 0x23, 0x23, 0x33, 0x21, 0x22, 0x22, 0x2F,   61, 0x01, 0x20
    .byte   0x2E, 0xED, 0xDF, 0xEE, 0xDD, 0xDE, 0xEE, 0x0F, 0xDE, 0xEE, 0x1E, 0x00, 0xEF, 0x01, 0x12, 0x22
    .byte   0x11, 0x22, 0x22, 0x20, 0xF0, 0x20, 0x20, 0xE0, 0xE0, 0x01, 0xEE, 0xEE, 0xEE, 0xFE,  -32, 0x0E
    .byte   0xEE, 0x02, 0x0F, 0xF1, 0x11, 0x22, 0x12, 0xF3, 0x22, 0x32, 0x23, 0x33, 0x22, 0x22, 0x22, 0x2F
    .byte   0xF0, 0x21, 0x1F, 0xEE, 0xDF, 0xEE, 0xDD, 0xED, 0xEE, 0xEE, 0xEE, 0xEE, 0xFF, 0xEF, 0xFF,  -33
    .byte   0x00, 0x12, 0x21, 0x12, 0x21, 0x22, 0x22, 0x11, 0x11, 0x10, 0x00, 0xEF, 0x00, 0xE0, 0xDF, 0xEE
    .byte   0xEF, 0xEE, 0xEF, 0xE1, 0x1F, 0x00, 0x02, 0x02, 0x11, 0x22, 0x23, 0x23, 0x23, 0x32, 0x22, 0x22
    .byte     51, 0x02, 0x2F, 0xF1, 0x21, 0x0F, 0xEE, 0xEE, 0xED, 0xED, 0xDE, 0xEE, 0xEE, 0xEE, 0xEE, 0xFF
    .byte   0x0E, 0xFF, 0xF0, 0x21, 0x21, 0x21, 0x22, 0x13, 0x11, 0x11, 0x21, 0x10, 0xF0, 0xE0, 0x0F, 0xEE
    .byte   0xEE,  -16, 0x0E, 0xFE, 0xEE, 0xEF, 0xF0, 0x00, 0xF0, 0x12, 0x12, 0x11, 0x22, 0x23, 0x23, 0x32
    .byte   0x31, 0x23, 0x22, 0x12, 0xF1, 0x22, 0x10, 0xFE, 0xEE, 0xEE, 0xDD, 0xED, 0xEE, 0xEE, 0xED, 0xFE
    .byte   0xEE, 0xFF,  -34, 0x0F, 0xFF, 0x12, 0x12, 0x12, 0x12, 0x22, 0x22, 0x21, 0x20, 0x21, 0x1F, 0xFF
    .byte   0xFF, 0x0E, 0xEE, 0xEE, 0xEE, 0xEE, 0xEE, 0x0F, 0xE0, 0xFF, 0x01, 0x21, 0x12, 0x22, 0x23, 0x32
    .byte   0x33, 0x12, 0x32,   45, 0x02, 0x12, 0xF2, 0x21, 0x10, 0xFE, 0xEE, 0xED, 0xFD, 0xDE, 0xEE, 0xEE
    .byte   0xDE, 0xEE, 0xEE, 0x1F, 0xEF, 0x00, 0x12, 0x22, 0x11, 0x22, 0x23, 0x12, 0x11, 0x11, 0x11, 0x00
    .byte   0xE0, 0xF0, 0xEF, 0xEE,  -13, 0x0E, 0xEE, 0xFD, 0xFF, 0xEF, 0xF1, 0x22, 0x21, 0x21, 0x33, 0x34
    .byte   0x3F, 0x20, 0x22, 0x21, 0xE0, 0xE2, 0x22, 0x2F, 0xDE, 0xEE, 0xFE, 0xDD, 0xED, 0xE1, 0xEE, 0x1D
    .byte   0xE1, 0x01, 0x10, 0xF0, 0x11,  -17, 0x02, 0x02, 0x11, 0x13, 0x23, 0x00, 0x01, 0x01, 0x0F, 0xED
    .byte   0x01, 0x0F, 0xFE, 0xDF, 0xF1, 0xFE, 0xEE, 0xE0, 0x12, 0xFF, 0x21, 0x12, 0x00, 0xF1, 0x21, 0x21
    .byte   0x21, 0x34, 0x21, 0x1D, 0x10, 0x11,   23, 0x0E, 0xD2, 0x31, 0x30, 0xED, 0xE1, 0x0E, 0xEE, 0xED
    .byte   0x12, 0x20, 0xEE, 0xFF, 0x02, 0x1F, 0xEF, 0xF1, 0x21, 0x1E, 0xEF, 0xF2, 0x01, 0xFF, 0xF1, 0x12
    .byte   0x1F, 0x1E, 0x1E, 0xE2, 0xE1, 0xE1, 0x0E,  -17, 0x02, 0x22, 0xF0, 0xF0, 0xF1, 0x22, 0x23, 0x31
    .byte   0xEF, 0x0F, 0x11, 0xFE, 0xD1, 0x32, 0x20, 0xFE, 0xEF, 0x11, 0xED, 0x0D, 0xFF, 0x2F, 0xE1, 0xE1
    .byte   0x02, 0x11, 0x0E, 0xFF, 0x20, 0x11, 0xFE, 0x12,   -1, 0x02, 0x20, 0x0E, 0x20, 0x21, 0xFE, 0xE0
    .byte   0xF1, 0x00, 0xFE, 0xFF, 0x10, 0x0F, 0xE0, 0xE1, 0x02, 0x0F, 0xFF, 0x10, 0x21, 0x10, 0xFF, 0xF2
    .byte   0x11, 0x01, 0x00, 0x12, 0x11, 0x1F, 0xFF, 0x11, 0x1F,    7, 0x0F, 0xF0, 0x01, 0x1F, 0x00, 0x01
    .byte   0x00, 0xFF, 0xEF, 0xFF, 0x00, 0xEF, 0x0F, 0xF0, 0xF0, 0xFF, 0xF0, 0xFF, 0x1F, 0x02, 0x11, 0x10
    .byte   0x1F, 0x10, 0x02, 0x13, 0x32, 0x1E, 0xFE, 0xE2, 0x01, 0xEE,    6, 0x02, 0x22, 0x1F, 0xEE, 0xFF
    .byte   0x0F, 0xFE, 0xDF, 0x11, 0x11, 0xF0, 0xE0, 0x02, 0x01, 0x0F, 0xE1, 0x12, 0x10, 0xFF, 0x02, 0x02
    .byte   0xF1, 0x0F, 0x1F, 0x11, 0x0E, 0xF0, 0xF0, 0x01, 0xFF, 0xFF, 0x10,   -3, 0x00, 0x0F, 0xF0, 0x11
    .byte   0x11, 0xF1, 0xFF, 0x11, 0x01, 0x1F, 0xF1, 0x11, 0x10, 0xF0, 0xF0, 0x10, 0x00, 0xF0, 0xF0, 0x10
    .byte   0x0F, 0xFF, 0x00, 0x01, 0x10, 0xF0, 0x1F, 0x11, 0x1F, 0xFF, 0x00, 0x10,    1, 0x00, 0x00, 0x01
    .byte   0x01, 0xF0, 0x10, 0xF1, 0x0F, 0x00, 0x0F, 0xF0, 0x1F, 0x00, 0x10, 0x10, 0x1F, 0x10, 0xFF, 0xFE
    .byte   0x10, 0x02, 0x11, 0xE0, 0xF0, 0x1F, 0xFE, 0xE0, 0x11, 0x22, 0x1F, 0xFF, 0x00,   -2, 0x0F, 0x0F
    .byte   0x02, 0x12, 0x00, 0xFF, 0xF0, 0x10, 0x1F, 0x0F, 0x00, 0x21, 0x0E, 0x0E, 0x10, 0x10, 0xF0, 0xF0
    .byte   0x10, 0x01, 0x00, 0xF0, 0x10, 0x0F, 0x00, 0xFF, 0x01, 0x01, 0x01, 0x01, 0xF0, 0xF0,    1, 0x0F
    .byte   0xFF, 0xF0, 0x0F, 0x1F, 0x01, 0xF0, 0x1F, 0x11, 0xFF, 0x1F, 0x00, 0x1F, 0x10, 0x10, 0x00, 0x01
    .byte   0x00, 0x1F, 0x01, 0x11, 0x12, 0xE2, 0x10, 0x1F, 0x11, 0xF1, 0xF0, 0xFF, 0x00, 0x11, 0x0F,    6
    .byte   0x00, 0xE1, 0xE0, 0x0E, 0x00, 0x00, 0xFF, 0xEF, 0xEE, 0x1F, 0x01, 0xF2, 0x22, 0x01, 0x02, 0xEF
    .byte   0x0F, 0x22, 0x35, 0x21, 0xDD, 0xDD, 0xF2, 0x20, 0xEF, 0x20, 0x23, 0x2F, 0xDD, 0xEE, 0xF0, 0x21
    .byte     -6, 0x0E, 0xEF, 0x22, 0x32, 0xEE, 0xE0, 0x10, 0x20, 0xFF, 0xE1, 0x22, 0x10, 0x2F, 0xF0, 0xF0
    .byte   0x0E, 0xEF, 0xFF, 0x11, 0x20, 0xE1, 0xF1, 0xF0, 0x0F, 0xFE, 0x01, 0x01, 0x12, 0x1F, 0x12, 0x11
    .byte   0x01,    5, 0x0E, 0x2F, 0x1E, 0x02, 0x10, 0x10, 0x10, 0xF0, 0x0E, 0x1E, 0x0F, 0xF1, 0xF2, 0xFF
    .byte   0x0F, 0xE0, 0xFF, 0xFF, 0x02, 0x02, 0x00, 0x0E, 0xF0, 0x11, 0x10, 0xF2, 0xF2, 0x21, 0x1E, 0x1F
    .byte   0xF1, 0x13,   19, 0x00, 0xFE, 0xFE, 0x01, 0x10, 0xE0, 0xF0, 0x01, 0x2F, 0xFE, 0xE1, 0xE0, 0x00
    .byte   0xFE, 0x0F, 0x11, 0x11, 0x10, 0xE0, 0x0E, 0x0E, 0x0E, 0x11, 0x12, 0x12, 0x2F, 0x0E, 0xFE, 0xFF
    .byte   0xF2, 0xF2, 0x20,    0, 0x01, 0x1E, 0xE1, 0xF2, 0x23, 0x42, 0x2F, 0xED, 0xD1, 0xE1, 0x0E, 0x02
    .byte   0x02, 0x20, 0x2E, 0xEE, 0xD1, 0xE1, 0x0E, 0x0E, 0x01, 0x12, 0x11, 0x0F, 0xFF, 0x01, 0x01, 0xFF
    .byte   0x01, 0x01, 0x21, 0x1E,    1, 0x0F, 0xFF, 0xFF, 0x0E, 0x0F, 0xFF, 0xF2, 0xF0, 0xFF, 0xFE, 0x0E
    .byte   0xFF, 0xE1, 0x11, 0x21, 0x22, 0x01, 0x01, 0x0F, 0x1E, 0xF0, 0x13, 0x24, 0x33, 0x21, 0x1E, 0xDF
    .byte   0xF0, 0xF0, 0xE0, 0x00, 0x23,   37, 0x0E, 0x0D, 0xED, 0xE1, 0xFF, 0xED, 0x0D, 0x22, 0x22, 0xF0
    .byte   0xEE, 0xE1, 0x21, 0x1E, 0x01, 0xE2, 0x02, 0x0E, 0xFE, 0xFF, 0x02, 0xE1, 0x0E, 0x0E, 0x01, 0x0E
    .byte   0xF0, 0xEE, 0x02, 0x21, 0x11, 0x2E,  -22, 0x03, 0x33, 0x23, 0x23, 0x10, 0x30, 0xFE, 0xE0, 0xEE
    .byte   0x12, 0x2E, 0x12, 0x0F, 0xE0, 0xFD, 0xEE, 0x0E, 0xD1, 0xEF, 0xEF, 0x20, 0xF0, 0x01, 0xFE, 0x21
    .byte   0x00, 0x02, 0x01, 0x11, 0x2F, 0xE0, 0xEE,  -14, 0x00, 0x10, 0x0F, 0xF0, 0xD1, 0x0E, 0xFF, 0xFF
    .byte   0xE0, 0xF1, 0x0F, 0x2F, 0xF2, 0x13, 0xF3, 0x30, 0x31, 0x33, 0x23, 0x02, 0xFE, 0x2E, 0x2E, 0xF1
    .byte   0xE1, 0xF1, 0x2E, 0xFE, 0xEE, 0xE0, 0xEF, 0xFE,    3, 0x0E, 0xFF, 0x1F, 0xF0, 0xE0, 0xF0, 0x11
    .byte   0x1F, 0xF0, 0x20, 0x22, 0xF0, 0xFE, 0xFE, 0xFF, 0x0E, 0x0E, 0xFF, 0x10, 0x0E, 0x0E, 0xEF, 0xE1
    .byte   0xF1, 0x02, 0x01, 0x11, 0x01, 0x20, 0x22, 0x22, 0x22,    7, 0x02, 0x22, 0x22, 0x20, 0x20, 0x20
    .byte   0x10, 0x0F, 0xE1, 0xF0, 0x0E, 0xFE, 0xEF, 0xE0, 0xE1, 0xFE, 0xFE, 0x0F, 0xF0, 0xE1, 0xEF, 0x10
    .byte   0x11, 0xF0, 0x0E, 0x01, 0x01, 0x10, 0xFF, 0xF0, 0x0F, 0xFF,  -12, 0x0E, 0xF0, 0xFF, 0x0F, 0xFF
    .byte   0xFF, 0x00, 0x10, 0xF0, 0x11, 0x11, 0x11, 0x02, 0x11, 0x02, 0x12, 0x10, 0x20, 0x02, 0x12, 0x21
    .byte   0x11, 0x20, 0x10, 0x11, 0x11, 0x0F, 0x10, 0xF1, 0xF0, 0x0E, 0x0F,   18, 0x0F, 0x0E, 0x0E, 0xFF
    .byte   0x0F, 0xF0, 0xEF, 0xFF, 0xF0, 0xE0, 0x0F, 0x0F, 0xF0, 0x0F, 0xF1, 0xF0, 0xF0, 0xF1, 0x0F, 0x01
    .byte   0x0F, 0x1F, 0x10, 0x00, 0xF1, 0x00, 0x1F, 0x11, 0x00, 0x10, 0x11, 0x01,   -6, 0x01, 0x11, 0x10
    .byte   0x11, 0x11, 0x01, 0x11, 0x02, 0xF1, 0x01, 0x01, 0x10, 0x10, 0x11, 0x01, 0x0F, 0x01, 0x00, 0x00
    .byte   0xFF, 0x00, 0xFF, 0x0F, 0xFF, 0x1E, 0x1F, 0xFF, 0xFF, 0xFF, 0x0E, 0x00, 0xFF,   -7, 0x0F, 0x0F
    .byte   0x0F, 0x1F, 0x00, 0xF0, 0x00, 0x00, 0x11, 0xF1, 0xF0, 0x10, 0x10, 0xF1, 0x01, 0x00, 0x01, 0x00
    .byte   0x1F, 0x2F, 0xF1, 0x01, 0x10, 0x11, 0x1F, 0x01, 0x00, 0x01, 0x01, 0x01, 0x00, 0x01,    5, 0x01
    .byte   0x00, 0x10, 0x10, 0x00, 0xF1, 0x01, 0xF0, 0x00, 0xF1, 0x0F, 0x1F, 0xF0, 0xF1, 0xF0, 0xFF, 0xF0
    .byte   0x0F, 0x1F, 0xFF, 0x00, 0xF1, 0xFF, 0x0F, 0x00, 0x01, 0xF0, 0xFF, 0x00, 0x11, 0x0F, 0xF0,   -6
    .byte   0x01, 0x0F, 0x1F, 0x11, 0x00, 0x01, 0xF1, 0x0F, 0x01, 0xF1, 0x00, 0x10, 0x1F, 0xF1, 0xF1, 0x10
    .byte   0x1F, 0x10, 0x01, 0xF1, 0x00, 0x10, 0x10, 0xF0, 0xF1, 0x10, 0x1F, 0x01, 0x01, 0xF1, 0xF0, 0x00
    .byte      6, 0x0E, 0x11, 0x01, 0x1F, 0x0E, 0x2F, 0x01, 0xFF, 0x00, 0xF0, 0x00, 0xF1, 0xFF, 0x0F, 0x10
    .byte   0x01, 0xE1, 0x0F, 0x10, 0x0F, 0x10, 0xF0, 0x0F, 0x10, 0x00, 0x1F, 0x0F, 0x00, 0x10, 0xFF, 0x11
    .byte   0x1F,   -2, 0x0F, 0x10, 0xF1, 0x00, 0xF1, 0x10, 0x0F, 0x01, 0xF1, 0xF1, 0x00, 0x1F, 0x1F, 0x01
    .byte   0xF1, 0x0F, 0x01, 0x11, 0x1F, 0x1F, 0x1F, 0x1F, 0x00, 0xF0, 0x02, 0x11, 0xEF, 0x1E, 0x21, 0x01
    .byte   0xE0, 0x02,    5, 0x0E, 0x2E, 0xF2, 0xE1, 0x2E, 0x00, 0x1F, 0xF0, 0xF0, 0x10, 0x10, 0xE1, 0x10
    .byte   0x1E, 0x1F, 0xF2, 0x01, 0x0E, 0x00, 0x01, 0x0F, 0x00, 0x1F, 0xF2, 0xFF, 0xF0, 0x0F, 0x01, 0x2F
    .byte   0xE1, 0x11, 0x1F,   -1, 0x0F, 0xF2, 0xFF, 0x0F, 0x12, 0xFF, 0x0F, 0x11, 0xF1, 0x00, 0x11, 0x1F
    .byte   0x00, 0x1F, 0x10, 0x00, 0x00, 0xF0, 0x01, 0xF0, 0x1F, 0x0F, 0x10, 0x00, 0xF0, 0x1F, 0xF1, 0xE1
    .byte   0x01, 0xFF, 0x2E, 0x3E,   -3, 0x01, 0x10, 0xFF, 0xF0, 0xE1, 0x21, 0x0F, 0x0F, 0xE0, 0x02, 0xF0
    .byte   0xFF, 0xFF, 0x01, 0x20, 0xE0, 0xF0, 0x02, 0x10, 0xFF, 0xF0, 0x10, 0x21, 0x01, 0xF1, 0x2F, 0x12
    .byte   0x00, 0xE0, 0x2F, 0x22, 0x11,   17, 0x0F, 0x01, 0x11, 0xFF, 0xFE, 0xFF, 0x11, 0xFF, 0xFE, 0xF0
    .byte   0xF1, 0xFF, 0xEF, 0x00, 0x11, 0x00, 0xEF, 0x00, 0x0F, 0x1F, 0xEF, 0xF0, 0xF0, 0xFF, 0x0E, 0xF0
    .byte   0x0F, 0x01, 0x00, 0x00, 0x01, 0xF0,  -19, 0x00, 0x1F, 0x12, 0x22, 0x22, 0x1F, 0x2F, 0x33, 0x33
    .byte   0x12, 0x0E, 0x0E, 0x1E, 0xEE, 0xDE, 0xE0, 0x10, 0x1F, 0xEF, 0xF0, 0xF1, 0x2F, 0xFE, 0x0F, 0x00
    .byte   0x10, 0xEE, 0x0F, 0x00, 0x10, 0x1F, 0x11,    2, 0x02, 0x11, 0x0F, 0xEE, 0xE0, 0xEE, 0xEE, 0xEF
    .byte   0xE1, 0x1F, 0xFF, 0xFE, 0xFE, 0x21, 0x01, 0x02, 0x11, 0x22, 0x23, 0x02, 0x12, 0x33, 0x43, 0x32
    .byte   0x1F, 0xEE, 0xEE, 0xEE, 0xDD, 0xE0, 0x02, 0x11,   16, 0x0E, 0xF0, 0xF0, 0x11, 0x0E, 0xEE, 0x0F
    .byte   0xF0, 0xFE, 0xEE, 0x11, 0x22, 0x11, 0x00, 0x11, 0x32, 0x20, 0xE1, 0xDE, 0xFE, 0xED, 0xEE, 0xEE
    .byte   0x11, 0x21, 0xEF, 0xEF, 0x1F, 0x01, 0xFF, 0xE2, 0x12,  -29, 0x01, 0x31, 0x13, 0x24, 0x22, 0x43
    .byte   0x4E, 0x21, 0xEF, 0xDF, 0xDE, 0xDD, 0xEE, 0x01, 0x13, 0xE0, 0xF1, 0x2F, 0x0F, 0x0F, 0xDF, 0xE0
    .byte   0xFE, 0xE0, 0xEE, 0x12, 0x22, 0x01, 0x02, 0x22, 0x22, 0x1E,   13, 0x0E, 0xEE, 0xDE, 0xED, 0xEE
    .byte   0x01, 0x2F, 0x0F, 0xFE, 0xF0, 0x00, 0xEF, 0x0F, 0x00, 0x21, 0x02, 0x22, 0x23, 0x32, 0x33, 0x33
    .byte   0x42, 0x20, 0xFE, 0xDF, 0xDE, 0xDD, 0xEF, 0xF0, 0x22, 0x11, 0xFF,   20, 0x00, 0x10, 0xFE, 0xDF
    .byte   0xEF, 0xFE, 0x0E, 0xEF, 0x02, 0x13, 0x10, 0x10, 0x22, 0x22, 0x1F, 0xEE, 0xED, 0x0E, 0xDF, 0xDE
    .byte   0xFF, 0x21, 0x2E, 0xFE, 0xE0, 0x00, 0xEF, 0xEE, 0xF1, 0x21, 0x20, 0x13,  -27, 0x03, 0x33, 0x3F
    .byte   0x33, 0x34, 0x23, 0xEE, 0xFD, 0x10, 0xDE, 0xCF, 0xE1, 0x20, 0x31, 0xEE, 0xE2, 0x01, 0x1E, 0xED
    .byte   0xEE, 0x02, 0x1E, 0xEE, 0xE1, 0x22, 0x3F, 0x00, 0xE2, 0x12, 0x21, 0xFE, 0xEE,   -2, 0x00, 0xEE
    .byte   0xFD, 0xEF, 0xF0, 0x0F, 0xEF, 0xFE, 0xF2, 0x00, 0xEF, 0x0E, 0xF1, 0x20, 0x11, 0x23, 0x23, 0x22
    .byte   0x22, 0x32, 0x33, 0x32, 0xF1, 0x1F, 0xE0, 0xEF, 0xDE, 0xEF, 0x0F, 0x22, 0xFE, 0xE2,   21, 0x0F
    .byte   0xF0, 0x0D, 0xEE, 0xF0, 0xE2, 0xF1, 0xEE, 0x20, 0x2F, 0x02, 0xFE, 0xF1, 0x21, 0x1F, 0x0F, 0xEE
    .byte   0xFF, 0xED, 0xF0, 0xEE, 0xF1, 0x1E, 0xE1, 0x10, 0xEF, 0x20, 0xEE, 0x12, 0x11, 0x22, 0x2F,  -22
    .byte   0x02, 0x32, 0x12, 0x22, 0x22, 0x33, 0x21, 0x22, 0xF0, 0x0F, 0xFE, 0xEE, 0xE1, 0xF0, 0x2E, 0xE0
    .byte   0xE0, 0xE0, 0x0E, 0xFE, 0xE0, 0x01, 0xF0, 0x0F, 0xFF, 0xFF, 0x0F, 0xF0, 0xF1, 0x11, 0x11, 0x1F
    .byte     -2, 0x0F, 0xEF, 0xEE, 0xFF, 0xE0, 0xEF, 0x1E, 0x1F, 0xFF, 0xFF, 0x0F, 0x0F, 0x01, 0xFF, 0x22
    .byte   0x22, 0x02, 0x2F, 0x11, 0x31, 0x11, 0x32, 0x02, 0x32, 0x2F, 0x22, 0x1F, 0xF2, 0xFE, 0xEF, 0x1E
    .byte   0x1F,   30, 0x00, 0xDE, 0x1F, 0x0F, 0x1F, 0xEE, 0xE2, 0x10, 0x01, 0xEE, 0xE1, 0x2F, 0x0E, 0xFE
    .byte   0xF0, 0x02, 0x0F, 0xEE, 0x0F, 0x10, 0xFF, 0xEE, 0xFE, 0x0F, 0xF0, 0xE1, 0xF0, 0x2F, 0x10, 0x22
    .byte   0xF0, 0xFF,  -24, 0x0F, 0x12, 0x21, 0x12, 0x31, 0x21, 0x22, 0xEF, 0x22, 0x22, 0x11, 0x01, 0x11
    .byte   0x20, 0xF0, 0xEF, 0x00, 0x10, 0x20, 0xEE, 0xFF, 0x0F, 0x0E, 0xEF, 0xF0, 0x0F, 0x1E, 0x0E, 0x0F
    .byte   0x0F, 0xEF, 0x0F,   -8, 0x0F, 0xF1, 0xE0, 0xEF, 0xF1, 0xF1, 0xFF, 0xF0, 0x10, 0xFF, 0xFF, 0x0F
    .byte   0x10, 0x01, 0x02, 0x01, 0x21, 0x0E, 0x10, 0x02, 0x22, 0x11, 0xF1, 0x12, 0x12, 0x1F, 0xE1, 0x22
    .byte   0x11, 0x0F, 0x02, 0x01,   20, 0x0F, 0x10, 0x0F, 0x11, 0x0F, 0x0F, 0xFE, 0x02, 0x00, 0xE0, 0xE0
    .byte   0xFF, 0x10, 0xE1, 0xE1, 0x0F, 0xFF, 0x0E, 0xE0, 0x01, 0xFF, 0x00, 0xFF, 0x00, 0xF0, 0xFF, 0x11
    .byte   0x00, 0xF0, 0xFE, 0x21, 0x00,  -14, 0x0F, 0x12, 0x11, 0x1E, 0x11, 0x2E, 0xF1, 0x13, 0xFF, 0xFE
    .byte   0x12, 0x12, 0x2E, 0xFE, 0x02, 0xE2, 0x0F, 0x3E, 0x02, 0xE0, 0x00, 0x2E, 0xFF, 0xF2, 0x2E, 0x0F
    .byte   0xF2, 0xF0, 0xEF, 0x2E, 0x02, 0xF1,    8, 0x0E, 0x0E, 0x02, 0x01, 0xFE, 0x11, 0x11, 0x0F, 0x1E
    .byte   0xEF, 0x22, 0x00, 0xF0, 0xE0, 0x12, 0x1E, 0xE0, 0x1F, 0x02, 0x00, 0xFE, 0x10, 0x01, 0xF0, 0x0F
    .byte   0x02, 0xFF, 0xE1, 0x12, 0xFF, 0x0F, 0x11,   -2, 0x0F, 0x00, 0x11, 0xFF, 0xF2, 0x1E, 0x11, 0x10
    .byte   0xE2, 0x0F, 0xFF, 0x00, 0x10, 0x21, 0xE2, 0xE0, 0x2E, 0xF2, 0xEF, 0x0F, 0x12, 0x1F, 0x2E, 0xE1
    .byte   0x02, 0x10, 0xEF, 0x20, 0x01, 0x01, 0xFE, 0x2F,    2, 0x0F, 0xF2, 0x1E, 0xE0, 0x22, 0xF1, 0xE1
    .byte   0x0E, 0x21, 0x01, 0xEF, 0x11, 0x01, 0x01, 0xFE, 0x01, 0x21, 0x0F, 0x0E, 0xE2, 0x21, 0xFE, 0xF0
    .byte   0x00, 0x21, 0x0E, 0x01, 0x01, 0x0F, 0xF2, 0xEE, 0x22,    0, 0x00, 0x11, 0x0E, 0xF1, 0x2F, 0xE1
    .byte   0x10, 0x0F, 0x01, 0xFF, 0x2F, 0x0F, 0xF0, 0xFF, 0x02, 0x1F, 0x0F, 0x0F, 0x02, 0xFF, 0xFE, 0x21
    .byte   0x01, 0x0F, 0x1E, 0xF2, 0x01, 0x02, 0xEE, 0x12, 0xF1, 0xFF,   -1, 0x0E, 0x22, 0x02, 0xEF, 0x0E
    .byte   0xF1, 0x21, 0x0E, 0x00, 0x21, 0xFF, 0xFF, 0x01, 0x1E, 0xF2, 0x01, 0x1F, 0x0F, 0xFF, 0x2F, 0x0E
    .byte   0x2F, 0xFF, 0x00, 0x1F, 0x11, 0xF0, 0xF0, 0x00, 0x0F, 0x02, 0xFF,    0, 0x0F, 0xF0, 0xF0, 0x20
    .byte   0xFF, 0xFF, 0x11, 0x2F, 0xEF, 0x11, 0x11, 0x00, 0xFF, 0x10, 0x10, 0xF1, 0x0F, 0x0F, 0x01, 0x10
    .byte   0x00, 0xF0, 0x0F, 0x11, 0x10, 0x0F, 0xF0, 0x00, 0x1F, 0x10, 0x10, 0x10,    0, 0x0F, 0x00, 0x02
    .byte   0xE0, 0x00, 0x11, 0x10, 0x0E, 0x11, 0xF0, 0x11, 0x0F, 0xFF, 0x02, 0x0F, 0x0F, 0xFF, 0x10, 0x00
    .byte   0x01, 0xF1, 0x0F, 0x00, 0xF1, 0x00, 0x00, 0x01, 0xF0, 0x10, 0xF0, 0x10, 0x10,    0, 0x00, 0x0F
    .byte   0x01, 0x00, 0x11, 0xFF, 0xF0, 0x11, 0x0F, 0x01, 0xF1, 0xF0, 0xF0, 0x10, 0x01, 0x1F, 0xF1, 0xF1
    .byte   0xF1, 0x1F, 0xF1, 0x0F, 0x01, 0x0F, 0x00, 0xF1, 0x10, 0xF0, 0x0F, 0x11, 0x0F, 0x1F,   -1, 0x01
    .byte   0x00, 0x0F, 0x00, 0x00, 0x1F, 0x10, 0xFF, 0xF2, 0xFF, 0x00, 0x10, 0xF0, 0xF1, 0x10, 0x01, 0xFF
    .byte   0x00, 0x10, 0xF1, 0xF0, 0x1F, 0x10, 0x00, 0x10, 0x10, 0xE1, 0x10, 0x01, 0x0F, 0x01, 0x01,    2
    .byte   0x0F, 0x0F, 0xF1, 0x1F, 0x0F, 0x12, 0xE1, 0x00, 0xFF, 0xF1, 0x10, 0xF1, 0x01, 0xF1, 0x0F, 0x00
    .byte   0xF1, 0xFF, 0x2F, 0xF0, 0x1F, 0x1F, 0xF1, 0xF1, 0x0F, 0x00, 0x00, 0x01, 0x00, 0xF0, 0x11, 0x00
    .byte     -1, 0x00, 0x00, 0x1F, 0x01, 0x00, 0x00, 0x00, 0xF0, 0x10, 0x00, 0x01, 0xF0, 0x1F, 0x00, 0x01
    .byte   0x00, 0xF0, 0x00, 0xF1, 0x00, 0x10, 0xF0, 0xF1, 0xF1, 0x10, 0xFF, 0x10, 0xF0, 0x10, 0x00, 0x00
    .byte   0x1F,   -1, 0x01, 0x00, 0xF0, 0x2E, 0x10, 0xF1, 0xF1, 0x11, 0x0E, 0x01, 0x00, 0x11, 0xF0, 0x00
    .byte   0x10, 0xF0, 0xF0, 0x00, 0x10, 0x00, 0x00, 0x1F, 0xF1, 0x01, 0xFF, 0x10, 0x1F, 0xF0, 0x11, 0xF1
    .byte   0x0F, 0x01,    1, 0x0F, 0x1F, 0x01, 0x00, 0x00, 0xF0, 0xF0, 0x10, 0x10, 0xF0, 0xF1, 0x10, 0xF0
    .byte   0x0F, 0x01, 0xF1, 0xF0, 0x10, 0x00, 0x01, 0x0F, 0x00, 0xF0, 0x11, 0x0F, 0x0F, 0x11, 0xF0, 0xF0
    .byte   0x01, 0x00, 0xF0,    1, 0x0F, 0x01, 0x01, 0xE1, 0x1F, 0x00, 0x11, 0xF0, 0x0F, 0x00, 0x1F, 0x01
    .byte   0x10, 0x0F, 0xF1, 0xF1, 0x0F, 0x10, 0x10, 0xF1, 0xFF, 0x1F, 0x10, 0x0F, 0x10, 0x01, 0x0F, 0xFF
    .byte   0x11, 0x11, 0xFF, 0x01,    0, 0x01, 0x0E, 0x2F, 0x00, 0x0F, 0x01, 0x1F, 0x01, 0xFF, 0xF1, 0x10
    .byte   0x00, 0x1F, 0xF1, 0x00, 0x1F, 0xF0, 0x10, 0x01, 0xFF, 0xF0, 0x20, 0xE1, 0x10, 0xF0, 0x10, 0x1E
    .byte   0x11, 0x11, 0xF0, 0x0F, 0xF1,    1, 0x00, 0xF1, 0x0F, 0x01, 0x01, 0xE1, 0x10, 0x1F, 0x00, 0x10
    .byte   0xF0, 0x00, 0x1F, 0x0F, 0x1F, 0x01, 0x1F, 0x01, 0xF1, 0x1E, 0x1F, 0x11, 0x00, 0x0F, 0x11, 0x01
    .byte   0xE1, 0x1F, 0xF2, 0xFF, 0x0F, 0x1F,    0, 0x01, 0xF0, 0x00, 0xF1, 0x10, 0xFF, 0x0F, 0x11, 0x00
    .byte   0x00, 0x00, 0x1F, 0xF0, 0x1F, 0x10, 0x1F, 0x0F, 0x10, 0x01, 0xF1, 0xE2, 0xFF, 0x10, 0x1F, 0x01
    .byte   0x00, 0x0F, 0x00, 0x1F, 0x10, 0x0F, 0x10,    0, 0x0F, 0x01, 0x01, 0x00, 0x01, 0xE1, 0x01, 0x00
    .byte   0x0F, 0x00, 0x10, 0x1E, 0x20, 0x10, 0xE1, 0x01, 0x01, 0xF0, 0x00, 0x10, 0x1E, 0x10, 0xF2, 0x0E
    .byte   0x11, 0x1F, 0x1F, 0x1F, 0xF1, 0x01, 0xF0, 0xF1,   -1, 0x01, 0x10, 0xFF, 0x10, 0x01, 0x0F, 0x11
    .byte   0xFE, 0x12, 0xF0, 0xF0, 0x00, 0x10, 0xFF, 0x0F, 0x11, 0x10, 0x0F, 0x00, 0xF1, 0x01, 0x00, 0xF0
    .byte   0x10, 0xFF, 0x11, 0xFF, 0x0F, 0x2F, 0x0F, 0x00, 0x00,   -1, 0x01, 0xF0, 0x11, 0x1E, 0x1F, 0x11
    .byte   0x00, 0x1F, 0x0F, 0x11, 0xF0, 0xF0, 0x10, 0x10, 0xF0, 0x01, 0xF0, 0x1F, 0x0F, 0x00, 0x2F, 0xF0
    .byte   0xF0, 0xF1, 0x01, 0xFF, 0x10, 0x10, 0x0F, 0xFF, 0x12, 0xE1,    1, 0x0E, 0x2F, 0x01, 0xF0, 0x1F
    .byte   0x00, 0xF1, 0x10, 0xE1, 0x12, 0xFF, 0xF0, 0xF0, 0x11, 0xF0, 0x00, 0x0F, 0x10, 0x0F, 0xF2, 0xFF
    .byte   0x01, 0x0F, 0xF0, 0xF1, 0x10, 0x10, 0x01, 0x0F, 0x0E, 0x02, 0x0F,   -2, 0x01, 0x10, 0x1E, 0x22
    .byte   0xD1, 0x02, 0x0F, 0x11, 0xE1, 0x10, 0xF0, 0x2F, 0xF0, 0xFF, 0x10, 0x10, 0xE2, 0x00, 0xFE, 0x21
    .byte   0x0F, 0x00, 0xF1, 0xF1, 0xF0, 0x10, 0x10, 0x0E, 0x2E, 0x20, 0x10, 0xE2,    0, 0x00, 0x0F, 0x10
    .byte   0xF0, 0x11, 0x0F, 0xF1, 0x01, 0x0E, 0x2E, 0x2F, 0x11, 0xEF, 0x21, 0x01, 0xE1, 0xFF, 0x2F, 0xF0
    .byte   0xF1, 0xF1, 0x2E, 0xF1, 0x0F, 0x11, 0x1F, 0xE2, 0xF0, 0x1F, 0xF1, 0x0F, 0x2E,   -1, 0x00, 0x02
    .byte   0xE0, 0x11, 0x0E, 0x2F, 0xF1, 0xF2, 0xE0, 0x10, 0x0F, 0x2E, 0x1E, 0x20, 0xE2, 0xF2, 0xFF, 0x0F
    .byte   0xFF, 0x01, 0x11, 0x0F, 0x01, 0x1F, 0xFF, 0x01, 0xE2, 0x1F, 0x10, 0x2E, 0xE2, 0xE2,   -1, 0x0F
    .byte   0x02, 0xE2, 0x10, 0xEF, 0x01, 0x01, 0xFF, 0x2F, 0x20, 0xEF, 0xE2, 0x2E, 0xE2, 0x0F, 0x11, 0x1F
    .byte   0xE0, 0x10, 0x2F, 0x2E, 0xF0, 0xE1, 0x01, 0x22, 0xEF, 0xE2, 0xF1, 0x10, 0xE0, 0x0F, 0xF0,    5
    .byte   0x0E, 0xF1, 0xF1, 0x1E, 0x11, 0x1F, 0x01, 0x00, 0xF1, 0x11, 0xEF, 0xFF, 0x11, 0x02, 0xE2, 0x0F
    .byte   0x2E, 0xEF, 0x11, 0x22, 0xFF, 0xFE, 0xFF, 0x02, 0xF0, 0xE1, 0x22, 0x1D, 0xF0, 0xEF, 0x23, 0xF0
    .byte      2, 0x02, 0x01, 0xD2, 0xFE, 0x1E, 0x31, 0x1E, 0xE2, 0x1E, 0xE2, 0xF1, 0xFE, 0x21, 0x30, 0xE1
    .byte   0xE0, 0x12, 0xFE, 0xEE, 0x22, 0x22, 0x0D, 0xE0, 0xFF, 0x22, 0x30, 0xE0, 0xEE, 0xF1, 0x12, 0xEE
    .byte   0x1E,   -6, 0x00, 0x20, 0x13, 0x0F, 0xFD, 0xE2, 0x20, 0xE0, 0x10, 0x22, 0x10, 0xEF, 0xFE, 0x11
    .byte   0xE1, 0x11, 0x11, 0x3E, 0xEE, 0x12, 0xEE, 0x21, 0x02, 0xE2, 0xEE, 0x0F, 0x30, 0xFF, 0x2F, 0x2D
    .byte   0xD2, 0x23,    6, 0x00, 0xE0, 0x11, 0xEE, 0xEF, 0x3E, 0x30, 0xFF, 0xFE, 0x1E, 0x11, 0x23, 0xEE
    .byte   0xEF, 0xF2, 0x11, 0xFF, 0x0E, 0xE2, 0x1F, 0x22, 0xF1, 0xE2, 0xEE, 0x11, 0x3F, 0xEE, 0xD2, 0x22
    .byte   0x2F, 0x2D, 0x02,    7, 0x0F, 0xC2, 0x20, 0x12, 0x0F, 0x0F, 0x0F, 0xDF, 0x23, 0xF1, 0x01, 0x1D
    .byte   0x12, 0x10, 0x0F, 0xE1, 0x21, 0xE2, 0x1E, 0xEE, 0x22, 0x12, 0x00, 0xD0, 0xE2, 0x22, 0x0E, 0x22
    .byte   0xEE, 0xFF, 0xDF, 0x23,    8, 0x00, 0x1E, 0x1E, 0xDF, 0xF1, 0x33, 0x0F, 0xDE, 0xEE, 0x13, 0x31
    .byte   0x1F, 0xED, 0xEE, 0xF3, 0x32, 0x20, 0xDE, 0xD2, 0x11, 0x22, 0x2E, 0xDF, 0xE1, 0x23, 0x21, 0x0D
    .byte   0xEE, 0xF2, 0x13, 0xF2, 0xFE,   -1, 0x0E, 0x02, 0x12, 0xF0, 0xFE, 0xE0, 0x21, 0x20, 0x11, 0xEF
    .byte   0xE0, 0x11, 0x21, 0xFF, 0xF0, 0x10, 0xF0, 0xF0, 0xFF, 0x20, 0x10, 0xF0, 0x0F, 0x00, 0x01, 0x00
    .byte   0x0F, 0xE2, 0xE2, 0x02, 0x0F, 0x0E,   -2, 0x0F, 0xF1, 0x21, 0x2E, 0xF0, 0xE0, 0x01, 0x11, 0x11
    .byte   0x0F, 0xFF, 0xF0, 0x02, 0x11, 0x00, 0xE0, 0x00, 0x10, 0x10, 0xE1, 0xFF, 0x00, 0x02, 0x02, 0xFF
    .byte   0xFE, 0xFF, 0x01, 0x21, 0x11, 0xEF, 0xFF,   -2, 0x01, 0x20, 0x0E, 0x0F, 0xF0, 0x12, 0x11, 0xFF
    .byte   0x0E, 0x00, 0x02, 0x01, 0xF0, 0xE1, 0x01, 0x20, 0x00, 0x0E, 0xFF, 0x01, 0x02, 0x00, 0xFF, 0x0E
    .byte   0xF1, 0x11, 0x1F, 0x0E, 0x01, 0x02, 0x10, 0xFF,   -4, 0x00, 0xF1, 0x11, 0x10, 0xF0, 0xF0, 0x01
    .byte   0x11, 0x10, 0xFF, 0x01, 0x20, 0x1F, 0xFF, 0x00, 0x21, 0x21, 0xFF, 0x1F, 0x00, 0x1F, 0xF0, 0xFE
    .byte   0xFE, 0x01, 0x02, 0x00, 0xEF, 0xEE, 0xEF, 0xFF, 0xFF,  -21, 0x0F, 0xE0, 0xEF, 0x0F, 0xF0, 0xE0
    .byte   0x11, 0x12, 0x22, 0x23, 0x34, 0x45, 0x43, 0x0D, 0xDD, 0xEF, 0xFE, 0xDC, 0xCD, 0xF2, 0x33, 0x20
    .byte   0xED, 0xF1, 0x32, 0x20, 0x0D, 0xDE, 0xDF, 0xFE, 0xED, 0xEE,  -37, 0x0F, 0x22, 0x22, 0x2E, 0x0F
    .byte   0xF1, 0xEE, 0xDD, 0xDE, 0xE0, 0x02, 0x11, 0x23, 0x34, 0x55, 0x65, 0x5E, 0xCB, 0xCE, 0xFE, 0xEC
    .byte   0xCC, 0xDF, 0x44, 0x43, 0xDD, 0xD1, 0x33, 0x3F, 0xDC, 0xCD, 0xE2,   -8, 0x02, 0x1D, 0xDE, 0x23
    .byte   0x43, 0x2E, 0xDD, 0xE2, 0x32, 0x1D, 0xDD, 0xD2, 0x21, 0xED, 0xCC, 0xEF, 0x33, 0x2F, 0xEE, 0x12
    .byte   0x34, 0x23, 0x34, 0x56, 0x41, 0xDB, 0xCD, 0x21, 0xEC, 0xCD, 0xF3, 0x45,   49, 0x0E, 0xDC, 0xE3
    .byte   0x32, 0xDC, 0xCC, 0x12, 0x22, 0xFE, 0xDE, 0x23, 0x44, 0xFD, 0xDE, 0x23, 0x0E, 0xDD, 0xEF, 0x13
    .byte   0x20, 0xDC, 0xDE, 0x0E, 0xDD, 0xEF, 0x23, 0x32, 0x0D, 0xFE, 0x33, 0x43, 0x45,   62, 0x05, 0x4C
    .byte   0xBB, 0xE3, 0x2D, 0xBB, 0xD3, 0x54, 0x52, 0xEC, 0xCE, 0x34, 0x1C, 0xBC, 0xE2, 0x31, 0xFD, 0xE2
    .byte   0x33, 0x32, 0x0E, 0xD0, 0x03, 0xFC, 0xDF, 0x23, 0x31, 0x0D, 0xED, 0xEE, 0xED, 0xDD,  -61, 0x0E
    .byte   0x13, 0x11, 0x0E, 0xF0, 0x22, 0x12, 0x34, 0x45, 0x66, 0x3D, 0xBB, 0x01, 0xFC, 0xBC, 0xF3, 0x44
    .byte   0x43, 0x2E, 0xD0, 0x2E, 0xCB, 0xDD, 0x22, 0xED, 0xF2, 0x33, 0x33, 0x0E, 0xE0, 0x22, 0x1C,   -8
    .byte   0x0D, 0x03, 0x11, 0x23, 0x30, 0xED, 0xED, 0xCC, 0xD0, 0x2E, 0xDD, 0xE4, 0x42, 0xED, 0xEE, 0x11
    .byte   0x23, 0x34, 0x35, 0x66, 0x4C, 0xAD, 0x22, 0xDB, 0xCC, 0x24, 0x44, 0x42, 0xED, 0x03, 0xFB, 0xBB
    .byte    -24, 0x03, 0x2E, 0xEE, 0x13, 0x34, 0x30, 0xCE, 0x23, 0x2E, 0xCD, 0xF1, 0x32, 0xF1, 0x22, 0x23
    .byte   0xED, 0xCD, 0xDD, 0xDE, 0xEE, 0xEE, 0x22, 0x3E, 0xEF, 0x22, 0xEE, 0xF2, 0x44, 0x44, 0x56, 0x5D
    .byte   0xBD,   59, 0x0E, 0xCC, 0xCD, 0x13, 0x33, 0x44, 0xED, 0x12, 0xEB, 0xBD, 0xFF, 0xEE, 0x12, 0x22
    .byte   0x23, 0x32, 0xDD, 0x23, 0xFD, 0xE0, 0x1F, 0xF2, 0x21, 0x02, 0x30, 0xED, 0xDE, 0xDD, 0xDD, 0xEE
    .byte   0xE0, 0xF2,  -48, 0x00, 0xFE, 0x22, 0xE0, 0xD0, 0x24, 0x53, 0x36, 0x64, 0xDB, 0xD2, 0xFC, 0xCD
    .byte   0xE0, 0x24, 0x43, 0xEF, 0x31, 0xEB, 0xCD, 0xDF, 0xED, 0x02, 0x02, 0x33, 0x0E, 0xE1, 0x20, 0xFE
    .byte   0xEF, 0x11, 0xF1,   -3, 0x02, 0x12, 0x32, 0xEE, 0xEE, 0xDC, 0xED, 0xDD, 0xEE, 0x22, 0x1F, 0xF3
    .byte   0x1D, 0x10, 0x2E, 0xF3, 0x44, 0x44, 0x65, 0xFC, 0xD1, 0x1D, 0xCD, 0xEE, 0xF3, 0x43, 0xFF, 0x23
    .byte   0xEC, 0xCC, 0xEE, 0xDE,  -18, 0x00, 0x11, 0x33, 0x2E, 0xF2, 0x2F, 0xEF, 0xFF, 0xE0, 0x11, 0xE1
    .byte   0x23, 0x21, 0x1F, 0xEE, 0xED, 0xDC, 0xED, 0xED, 0xF2, 0x20, 0xD2, 0x31, 0xEE, 0x11, 0x12, 0x23
    .byte   0x44, 0x46, 0x5D, 0xD1, 0x3F,   47, 0x0D, 0xDD, 0xF2, 0x33, 0x1E, 0x23, 0x4C, 0xCD, 0xDD, 0xDD
    .byte   0xEE, 0xE1, 0x23, 0x1E, 0x23, 0x11, 0x0E, 0x10, 0x0F, 0xE1, 0x11, 0x21, 0xF2, 0x23, 0xEE, 0xFD
    .byte   0xDD, 0xDD, 0xED, 0xDE, 0x02, 0x2D,  -61, 0x03, 0x2E, 0xF2, 0x2D, 0xF4, 0x43, 0x33, 0x65, 0xEE
    .byte   0x24, 0xDC, 0xE1, 0xCE, 0xF2, 0x3F, 0xE3, 0x32, 0xDC, 0xEE, 0xDC, 0xDE, 0xEE, 0x10, 0x22, 0x12
    .byte   0x22, 0xF0, 0x21, 0x00, 0x0E, 0x0F, 0x02,    3, 0x01, 0x02, 0x3E, 0xEF, 0xEE, 0xDD, 0xEC, 0xDF
    .byte   0xDE, 0xE1, 0x20, 0x01, 0x20, 0x00, 0x12, 0x23, 0x33, 0x42, 0x65, 0xDF, 0x42, 0xED, 0xDF, 0xDD
    .byte   0x32, 0xDE, 0x34, 0xED, 0xE2, 0xEC, 0xEE, 0xCC,  -15, 0x03, 0xDD, 0x13, 0x10, 0x22, 0x2F, 0x23
    .byte   0x1E, 0xE2, 0x2E, 0xE0, 0x11, 0x01, 0x2F, 0xE2, 0xED, 0xED, 0xED, 0xDD, 0xEE, 0xEE, 0x21, 0xE1
    .byte   0x21, 0x0F, 0x12, 0x21, 0x34, 0x31, 0x56, 0x1D, 0x44,   72, 0x0E, 0xD1, 0xEC, 0x23, 0xDD, 0x23
    .byte   0x2D, 0xE1, 0x0C, 0xEF, 0xDC, 0xD2, 0xFD, 0xD3, 0x2E, 0x12, 0x21, 0x03, 0x3E, 0xE3, 0x11, 0xEE
    .byte   0x3F, 0xF2, 0x10, 0xEF, 0x2E, 0xDE, 0xDE, 0xDD, 0xDE, 0xDE,  -60, 0x0F, 0x1E, 0x12, 0x11, 0x00
    .byte   0x20, 0x31, 0x33, 0x34, 0x62, 0xF4, 0x32, 0x1E, 0xFE, 0xD1, 0x2E, 0xDF, 0x32, 0xED, 0x1E, 0xDE
    .byte   0xED, 0xCE, 0xFF, 0xDE, 0x21, 0xF1, 0x20, 0xE2, 0x23, 0xEF, 0x22,    4, 0x00, 0x20, 0x01, 0x22
    .byte   0xEF, 0x00, 0xEE, 0xED, 0xED, 0xED, 0xDE, 0xEF, 0xEF, 0x00, 0xF0, 0x11, 0xF1, 0x21, 0x22, 0x23
    .byte   0x34, 0x43, 0x33, 0x33, 0x20, 0x0F, 0xE2, 0x20, 0xE1, 0x11, 0xEE, 0xEE,   37, 0x0E, 0xDE, 0xDD
    .byte   0x0E, 0xEE, 0x0E, 0x0F, 0x01, 0xE0, 0x20, 0x20, 0x21, 0x20, 0x12, 0xF0, 0x02, 0x0F, 0x11, 0x0E
    .byte   0x0E, 0xEE, 0xED, 0x0D, 0xEE, 0xEF, 0xE0, 0xEF, 0xFF, 0xF1, 0x00, 0xF0, 0x11,  -48, 0x02, 0x33
    .byte   0x33, 0x34, 0x23, 0x32, 0x22, 0x32, 0x23, 0x12, 0x21, 0xFF, 0xEE, 0xDE, 0xDD, 0xDE, 0xDE, 0xDE
    .byte   0xED, 0xEE, 0xEE, 0xD0, 0xE0, 0x01, 0x11, 0x20, 0x22, 0x01, 0x21, 0x21, 0x21, 0x11,   -2, 0x00
    .byte   0xFE, 0x0E, 0xEE, 0xEE, 0xEE, 0xEE, 0xE0, 0xEF, 0xFF, 0xF0, 0x11, 0x22, 0x33, 0x33, 0x42, 0x33
    .byte   0x23, 0x22, 0x23, 0x32, 0x22, 0x02, 0xEE, 0xED, 0xED, 0xED, 0xDE, 0xED, 0xEE, 0xDE, 0xDF,  -21
    .byte   0x0E, 0xEE, 0xF0, 0x11, 0x00, 0x21, 0x20, 0x20, 0x21, 0x22, 0x02, 0x11, 0x0F, 0xFE, 0xFE, 0xEE
    .byte   0xEE, 0xEE, 0xEE, 0xE0, 0xE0, 0xE1, 0xF1, 0x11, 0x22, 0x33, 0x42, 0x33, 0x33, 0x23, 0x22, 0x32
    .byte     73, 0x02, 0x22, 0x10, 0x0E, 0xDE, 0xDE, 0xED, 0xDE, 0xED, 0xEE, 0xDE, 0xDE, 0xEE, 0xEE, 0x00
    .byte   0x01, 0x01, 0x12, 0x11, 0x21, 0x22, 0x12, 0x10, 0x21, 0xF0, 0xEF, 0xEE, 0xEE, 0xEF, 0xEF, 0xEE
    .byte   0xEE,  -50, 0x0F, 0xEF, 0xF0, 0x21, 0x22, 0x33, 0x33, 0x33, 0x23, 0x23, 0x22, 0x32, 0x33, 0x21
    .byte   0x21, 0x0E, 0xED, 0xEE, 0xDE, 0xDE, 0xDF, 0xDE, 0xED, 0xEE, 0xDF, 0xEE, 0xE1, 0xF1, 0x00, 0x20
    .byte   0x12, 0x01,  -20, 0x02, 0x12, 0x12, 0x11, 0x1F, 0x0E, 0xFE, 0xFE, 0xEE, 0xFF, 0xEE, 0xEE, 0x0F
    .byte   0xEF, 0xFF, 0x02, 0x12, 0x22, 0x33, 0x33, 0x33, 0x31, 0x32, 0x22, 0x33, 0x22, 0x22, 0x0F, 0xEE
    .byte   0xDE, 0xED, 0xEE,   32, 0x0E, 0xED, 0xFD, 0xEE, 0xDE, 0xEE, 0xEF, 0xFF, 0xF1, 0x11, 0x11, 0x11
    .byte   0x20, 0x21, 0x12, 0x12, 0x11, 0x0F, 0x0E, 0x0E, 0xEF, 0xEE, 0xFE, 0xFE, 0xEE, 0xFE, 0xFF, 0x01
    .byte   0x02, 0x12, 0x23, 0x33,   -1, 0x03, 0x23, 0x32, 0x22, 0x32, 0x32, 0x22, 0x22, 0xFE, 0xEE, 0xED
    .byte   0xEE, 0xDE, 0xEE, 0xDE, 0xED, 0xEE, 0xEE, 0xDF, 0x0E, 0xFF, 0xFF, 0x11, 0x10, 0x20, 0x20, 0x21
    .byte   0x12, 0x02, 0x01, 0xF0, 0xFF,  -12, 0x0F, 0xEF, 0xEF, 0xEE, 0xEF, 0xEE, 0xE0, 0xE1, 0xF1, 0x21
    .byte   0x12, 0x32, 0x33, 0x33, 0x23, 0x23, 0x21, 0x32, 0x32, 0x22, 0x22, 0xFE, 0x0D, 0xEE, 0xEE, 0xDF
    .byte   0xDE, 0xEE, 0xDE, 0xEE, 0xDE, 0xEE,  -23, 0x0E, 0xFF, 0xFF, 0x11, 0x11, 0x02, 0x02, 0x02, 0x11
    .byte   0x21, 0x11, 0x00, 0x0F, 0xEF, 0xEF, 0xFE, 0xEE, 0xFE, 0xEE, 0xFF, 0xE0, 0x00, 0x01, 0x22, 0x21
    .byte   0x33, 0x33, 0x23, 0x32, 0x23, 0x12, 0x33,   66, 0x02, 0x22, 0x2F, 0xFE, 0xEE, 0xED, 0xEE, 0xDE
    .byte   0xEE, 0xDE, 0xED, 0xEE, 0xEE, 0xEE, 0xFE, 0xFF, 0x01, 0x01, 0x11, 0x20, 0x21, 0x12, 0x11, 0x11
    .byte   0x11, 0x01, 0xE0, 0xFE, 0xFE, 0xEE, 0x0E, 0xEF,  -40, 0x0E, 0xF0, 0xE0, 0x10, 0x11, 0x22, 0x23
    .byte   0x32, 0x33, 0x32, 0x32, 0x22, 0x23, 0x23, 0x22, 0x21, 0x00, 0xEE, 0xEE, 0xED, 0xED, 0xFE, 0xED
    .byte   0xED, 0xEE, 0xEE, 0xDF, 0xEF, 0xEF, 0x00, 0x01, 0x10,  -26, 0x00, 0x20, 0x20, 0x12, 0x02, 0xF1
    .byte   0x01, 0x00, 0xE0, 0xEF, 0xFE, 0xEE, 0xFF, 0xEE, 0xFE, 0x0F, 0xFF, 0x01, 0x20, 0x22, 0x23, 0x33
    .byte   0x32, 0x32, 0x32, 0x22, 0x32, 0x23, 0x22, 0x11, 0x0F, 0xEE,   66, 0x0E, 0xDE, 0xED, 0xEE, 0xEE
    .byte   0xDE, 0xED, 0xEE, 0xEE, 0xFE, 0xFF, 0xF0, 0x11, 0x00, 0x20, 0x20, 0x12, 0x10, 0x20, 0x11, 0x11
    .byte   0x00, 0xEF, 0xEF, 0xEE, 0xEE, 0xEF, 0xEF, 0xEF, 0xFF, 0xF0, 0x11,  -46, 0x01, 0x22, 0x23, 0x33
    .byte   0x33, 0x23, 0x22, 0x31, 0x23, 0x22, 0x31, 0x20, 0x00, 0xEE, 0xEE, 0xDE, 0xED, 0xEE, 0xEE, 0xED
    .byte   0x0D, 0xEE, 0xDF, 0xEE, 0xFF, 0xF1, 0x10, 0x20, 0x12, 0x11, 0x02, 0x11,   -9, 0x01, 0x11, 0x11
    .byte   0xFF, 0xFE, 0xEF, 0xEE, 0xEE, 0xFE, 0xFE, 0xFF, 0xE1, 0xF0, 0x11, 0x11, 0x22, 0x22, 0x33, 0x32
    .byte   0x33, 0x23, 0x22, 0x22, 0x23, 0x22, 0x21, 0x10, 0xFE, 0xEF, 0xDE, 0xDE, 0xED,   25, 0x0E, 0xEE
    .byte   0xED, 0x0D, 0xEE, 0xEE, 0xFE, 0x10, 0x11, 0x02, 0x10, 0x21, 0x11, 0x11, 0x02, 0x01, 0x11, 0xFF
    .byte   0xFF, 0xE0, 0xEE, 0xEE, 0xEE, 0x0F, 0xEF, 0xFF, 0xF0, 0x1F, 0x20, 0x12, 0x22, 0x22,  -11, 0x03
    .byte   0x23, 0x32, 0x23, 0x22, 0x22, 0x31, 0x22, 0x21, 0x0F, 0xFE, 0xED, 0xFD, 0xEE, 0xDE, 0xEE, 0xEE
    .byte   0xED, 0xFE, 0xEE, 0xEE, 0xFE, 0x11, 0x10, 0x21, 0x02, 0x01, 0x11, 0x11, 0x11, 0x00, 0x01,   -9
    .byte   0x00, 0x0E, 0x0E, 0xEE, 0xEE, 0xE0, 0xEF, 0xFF, 0x0F, 0x11, 0x02, 0x11, 0x12, 0x22, 0x23, 0x23
    .byte   0x32, 0x32, 0x31, 0x22, 0x21, 0x22, 0x22, 0x02, 0x10, 0xEF, 0xEE, 0xED, 0xFD, 0xEE, 0xEE, 0xEE
    .byte      7, 0x0E, 0xDF, 0xEE, 0xEE, 0xFF, 0xF0, 0x11, 0x11, 0x11, 0x11, 0x10, 0x21, 0x11, 0x11, 0x0F
    .byte   0xF0, 0xFE, 0xFE, 0x0E, 0xEF, 0xEF, 0xEF, 0xFF, 0xFF, 0x00, 0x10, 0x12, 0x12, 0x21, 0x22, 0x32
    .byte   0x23,   11, 0x02, 0x32, 0x22, 0x22, 0x22, 0x22, 0x21, 0x11, 0xFF, 0xEE, 0xEE, 0xEE, 0xDE, 0xEF
    .byte   0xEE, 0xEE, 0xEE, 0xEE, 0xEE, 0xEF, 0xF0, 0x10, 0x01, 0x11, 0x01, 0x11, 0x11, 0xF2, 0xF1, 0x1F
    .byte   0x0F, 0xFF,  -15, 0x0F, 0xE0, 0xEF, 0xEF, 0xEF, 0xFF, 0xF0, 0x11, 0x10, 0x20, 0x12, 0x11, 0x22
    .byte   0x21, 0x32, 0x23, 0x13, 0x12, 0x21, 0x12, 0x21, 0x22, 0x11, 0x20, 0xFF, 0xEE, 0xEE, 0xEE, 0xFE
    .byte   0xEF, 0xFE, 0xEE,    7, 0x0E, 0xEE, 0xEE, 0xEF, 0x00, 0x00, 0xF0, 0xF0, 0xFF, 0x01, 0x11, 0x11
    .byte   0x00, 0x00, 0xFF, 0xFF, 0xF0, 0xF0, 0xFF, 0xFF, 0x0F, 0xF0, 0x01, 0x21, 0x02, 0x02, 0x11, 0x02
    .byte   0x02, 0x12, 0x12, 0x22,   17, 0x02, 0x21, 0x02, 0x01, 0xF1, 0x21, 0x11, 0x11, 0x0F, 0xFE, 0xFF
    .byte   0xEE, 0xFF, 0xEF, 0xFE, 0x0E, 0xFF, 0xEF, 0xEF, 0xEE, 0x0F, 0x00, 0xFF, 0xF0, 0xEF, 0x0F, 0x01
    .byte   0x1F, 0x11, 0xFE, 0x0E, 0xEE,  -24, 0x04, 0x1C, 0xE3, 0x52, 0xBB, 0x46, 0xD9, 0xF6, 0x6C, 0xB0
    .byte   0x51, 0xDD, 0x12, 0x22, 0x2E, 0xF4, 0x3E, 0xCF, 0x33, 0xEC, 0xD4, 0x4D, 0xCF, 0x34, 0xFC, 0xE2
    .byte   0x3E, 0xD0, 0xFF, 0x3E, 0xEE, 0x13,   14, 0x0D, 0xEF, 0x3E, 0xEE, 0x03, 0xFE, 0xEE, 0x3F, 0xDE
    .byte   0x30, 0xEE, 0xE3, 0xFD, 0x13, 0x2D, 0xD1, 0x4E, 0xB4, 0x4D, 0xC0, 0x6D, 0xCE, 0x44, 0xBD, 0x34
    .byte   0xEC, 0x12, 0x42, 0xB2, 0x5D, 0xED, 0x42,    0, 0x0F, 0x03, 0xFD, 0x3E, 0x20, 0xD2, 0x21, 0xDE
    .byte   0x5E, 0xCF, 0x24, 0xDC, 0x24, 0xEC, 0x4F, 0xD3, 0x1F, 0x1C, 0x24, 0xFC, 0x0F, 0x42, 0xB3, 0x22
    .byte   0xE2, 0xC1, 0x4D, 0xD3, 0xE0, 0x24, 0xBE, 0x42,    8, 0x0B, 0x34, 0xCE, 0x40, 0xEC, 0x5D, 0x1D
    .byte   0x33, 0xB3, 0x32, 0xDD, 0xE5, 0xED, 0xB4, 0x6C, 0x95, 0x7C, 0xAD, 0x71, 0xBC, 0x45, 0xBC, 0x53
    .byte   0xDB, 0x45, 0xEB, 0xC6, 0x4B, 0xB4, 0x5C, 0xC1, 0x45,  -13, 0x0E, 0x44, 0x1A, 0x34, 0xED, 0x13
    .byte   0x1E, 0xB4, 0x7A, 0xA4, 0x6E, 0xBD, 0x53, 0xBF, 0x43, 0xCD, 0x33, 0x2D, 0xB4, 0x6C, 0xA4, 0x3F
    .byte   0x12, 0xEB, 0x46, 0xBA, 0x55, 0xDC, 0x04, 0x1B, 0xD7, 0x39,  -35, 0x07, 0x4B, 0xC3, 0x3E, 0xF0
    .byte   0x2D, 0x3E, 0xC4, 0x4C, 0xC4, 0x3C, 0xE3, 0x3C, 0x22, 0x2E, 0xDF, 0x50, 0xBC, 0x45, 0x1B, 0xB6
    .byte   0x4C, 0xC3, 0xE3, 0xD3, 0x4B, 0xC5, 0x4E, 0xBC, 0x54, 0x2A, 0xD6,   26, 0x0A, 0xB6, 0x5A, 0xC6
    .byte   0x3B, 0xC5, 0x30, 0xA4, 0x43, 0xBD, 0x51, 0xDD, 0x43, 0xBC, 0x64, 0xAC, 0x45, 0x2B, 0xE2, 0x4F
    .byte   0xC2, 0x31, 0xB2, 0x6E, 0xA2, 0x35, 0xDB, 0x14, 0x3D, 0xCE, 0x52, 0xCD,    4, 0x0E, 0x2C, 0x34
    .byte   0xDB, 0x35, 0xEC, 0xE3, 0x4D, 0xC2, 0x32, 0xDD, 0x34, 0xB3, 0x31, 0xCE, 0x34, 0xDC, 0x23, 0x3C
    .byte   0xE5, 0xFB, 0x13, 0x4C, 0xF2, 0xFF, 0xF2, 0x03, 0xCD, 0x44, 0xBE, 0x34, 0xCC,    6, 0x04, 0xBC
    .byte   0x53, 0xCF, 0x2D, 0x32, 0xFD, 0xE3, 0x20, 0xEE, 0xF2, 0x12, 0xE2, 0xCD, 0x63, 0xAE, 0x43, 0xC3
    .byte   0x1C, 0x5D, 0xC2, 0x5C, 0xC2, 0x51, 0xA2, 0x6E, 0xBE, 0x34, 0xDD, 0x3F, 0xEE, 0x05,   10, 0x0C
    .byte   0xD3, 0x42, 0xCC, 0x43, 0xE0, 0x1D, 0xD3, 0x50, 0xAD, 0x63, 0xCC, 0x34, 0xCE, 0x4F, 0xC1, 0x33
    .byte   0x1B, 0xD5, 0x5B, 0xA5, 0x6B, 0xC5, 0xDC, 0x34, 0xEB, 0x5E, 0xC5, 0x2A, 0xE6, 0x3B, 0xD3,   -7
    .byte   0x03, 0x3D, 0xD2, 0x3D, 0x23, 0xDB, 0x54, 0xCC, 0x34, 0xD2, 0xC3, 0x3F, 0xCF, 0x5F, 0xB2, 0x4E
    .byte   0xDE, 0x42, 0xCE, 0xF5, 0xDC, 0x14, 0xE0, 0xD0, 0x4F, 0xCE, 0x5B, 0x33, 0xED, 0x23, 0xD1, 0x23
    .byte     -5, 0x0D, 0x26, 0xCB, 0x14, 0x4C, 0xC3, 0x4D, 0xEF, 0x22, 0x0C, 0x06, 0xBC, 0x43, 0x0C, 0x04
    .byte   0xD1, 0x2B, 0x53, 0xBE, 0x51, 0xCD, 0x43, 0xCE, 0x24, 0xDC, 0x42, 0xD0, 0x23, 0xDD, 0xD5, 0x4B
    .byte   0xB4,   22, 0x0D, 0xBE, 0x6C, 0xC0, 0x52, 0xAD, 0x73, 0xAC, 0x36, 0x1A, 0xB7, 0x2B, 0x22, 0xE2
    .byte   0x3D, 0xE2, 0x3C, 0x14, 0x3A, 0xE6, 0x4B, 0xB2, 0x54, 0xAF, 0x4E, 0xF2, 0x02, 0xEC, 0x14, 0x4C
    .byte   0xA5, 0x5E,  -14, 0x01, 0x5F, 0xC2, 0x1F, 0xFE, 0xF4, 0x2B, 0xD5, 0x4C, 0xD2, 0x3C, 0xD6, 0x2A
    .byte   0xC5, 0x42, 0xBC, 0x55, 0xBD, 0x4D, 0xD4, 0x3D, 0xB4, 0x3E, 0xF1, 0x1D, 0x23, 0x00, 0xCE, 0x5F
    .byte   0xCD, 0x44, 0xCC,    1, 0x02, 0xFF, 0xD2, 0x3C, 0x24, 0xDD, 0x2F, 0x33, 0xEA, 0x55, 0xBF, 0xE3
    .byte   0xFE, 0x31, 0xCF, 0x42, 0xCD, 0x42, 0xFE, 0xDE, 0x43, 0xDB, 0x52, 0xD2, 0xE2, 0x1C, 0x23, 0x4B
    .byte   0xD3, 0x42, 0xCF, 0x31,   -4, 0x01, 0x22, 0xD1, 0xF3, 0x1D, 0xE2, 0x4C, 0xE2, 0x4D, 0xC3, 0x22
    .byte   0xED, 0x4E, 0xB5, 0x3C, 0xD4, 0xFD, 0x3C, 0x5D, 0xC4, 0x3D, 0xD2, 0x22, 0xD2, 0xF1, 0x2D, 0xE5
    .byte   0xCE, 0xFE, 0x32, 0xFD, 0xF1,    0, 0x03, 0x2B, 0x32, 0xE3, 0x1C, 0x3E, 0x31, 0xC4, 0xD1, 0x22
    .byte   0xC1, 0x40, 0xCF, 0x33, 0xEC, 0x41, 0xDE, 0x4F, 0xD2, 0xD3, 0x2E, 0x1D, 0x23, 0xC1, 0x4D, 0xE2
    .byte   0xE4, 0xEC, 0xE5, 0x1B, 0x33, 0x2C,   -5, 0x03, 0x2C, 0xD4, 0x4C, 0xC4, 0x4D, 0xC4, 0x2C, 0xE4
    .byte   0x21, 0xB2, 0x43, 0xDC, 0xF5, 0xEC, 0x11, 0x22, 0xEF, 0xFE, 0x13, 0x3C, 0xD3, 0x4E, 0xDE, 0xE3
    .byte   0x2E, 0xE3, 0xDD, 0x5D, 0xD4, 0xCD, 0x5E,  -10, 0x03, 0xF1, 0x2F, 0x12, 0xDC, 0x51, 0xC1, 0x3E
    .byte   0x21, 0x0F, 0xF0, 0x3D, 0xC4, 0x3C, 0xD3, 0x4D, 0x13, 0xB3, 0x33, 0xFA, 0x26, 0xFB, 0x32, 0xE2
    .byte   0x2D, 0x23, 0xB2, 0x5D, 0xB3, 0x44, 0xCC, 0x12,   18, 0x0C, 0xC1, 0x5C, 0xE5, 0xCD, 0x34, 0xCC
    .byte   0x5D, 0xD4, 0xDE, 0x32, 0xCD, 0x5E, 0xC4, 0x2B, 0x35, 0xDD, 0xF3, 0xD1, 0x3E, 0xC3, 0x3C, 0x34
    .byte   0xCC, 0x5E, 0xE1, 0x1D, 0x22, 0x0D, 0x35, 0xBB, 0x46,   11, 0x0C, 0x1F, 0xFE, 0x51, 0xBF, 0x00
    .byte   0x6D, 0xA1, 0x44, 0xDC, 0x4F, 0xC5, 0xCC, 0x6C, 0xD4, 0x3A, 0xD6, 0x4C, 0xB2, 0x43, 0xDE, 0x3C
    .byte   0xC5, 0x4C, 0xDE, 0x33, 0xFD, 0xE4, 0x3B, 0xD4, 0x33, 0xBD,    2, 0x0F, 0x13, 0xE1, 0xCC, 0x55
    .byte   0xDA, 0xC6, 0x4C, 0xF3, 0xCD, 0x43, 0x3C, 0xB3, 0x54, 0xBB, 0x54, 0xC2, 0xDC, 0x44, 0xC2, 0x1C
    .byte   0x34, 0x3B, 0xD4, 0x21, 0xEC, 0x24, 0xE1, 0x2C, 0x02, 0x33, 0xCC,   -8, 0x03, 0x2F, 0xDE, 0x33
    .byte   0xDE, 0x30, 0xD0, 0x2F, 0x22, 0xDF, 0x3D, 0x23, 0xEC, 0x14, 0xFC, 0x31, 0xE4, 0xEC, 0xE4, 0x22
    .byte   0xDD, 0xD4, 0x4D, 0xC3, 0xFD, 0x42, 0xCD, 0x43, 0xDE, 0x1E, 0x13, 0xFE,    0, 0x01, 0x02, 0x1D
    .byte   0xE3, 0x2D, 0x01, 0xE2, 0x3E, 0xEE, 0x22, 0x0F, 0xD2, 0x3E, 0xE2, 0x0D, 0x32, 0xEE, 0x10, 0x20
    .byte   0xD1, 0x21, 0xF0, 0xF0, 0x2F, 0x00, 0xE2, 0x11, 0xEF, 0x12, 0xFE, 0x21, 0xEE,   -2, 0x02, 0xFE
    .byte   0xE2, 0x2F, 0xE2, 0x2F, 0xE0, 0x2F, 0xE0, 0x20, 0xFE, 0x12, 0x1E, 0xF2, 0x0E, 0x10, 0x1E, 0x11
    .byte   0x2F, 0xFF, 0x20, 0xFF, 0x01, 0xE0, 0x01, 0x10, 0x10, 0x1F, 0xF0, 0x1F, 0xFF, 0xF1,    0, 0x01
    .byte   0xFF, 0x11, 0x1F, 0xF0, 0x00, 0xFF, 0x01, 0x11, 0x00, 0xE2, 0x10, 0xE1, 0x11, 0x0F, 0x01, 0xF1
    .byte   0x10, 0xE0, 0x12, 0xFF, 0xF0, 0x10, 0xF0, 0x0F, 0x10, 0xFF, 0x01, 0x11, 0xF0, 0x02, 0xEF,    1
    .byte   0x0F, 0x0F, 0x10, 0xF0, 0x11, 0xFF, 0x01, 0x11, 0xE1, 0x00, 0x00, 0x10, 0xF1, 0x1F, 0xF0, 0x10
    .byte   0x00, 0xF1, 0x10, 0x00, 0x0F, 0x11, 0xFF, 0xF1, 0x00, 0xFF, 0x02, 0xFF, 0xF1, 0x10, 0xF0, 0x00
    .byte      1, 0x00, 0x00, 0xFF, 0x2F, 0xFF, 0x10, 0xFF, 0xF1, 0x00, 0x00, 0xF1, 0x11, 0xFF, 0x01, 0x1F
    .byte   0xF1, 0x00, 0xF1, 0xFF, 0xF0, 0x10, 0xFF, 0x01, 0x00, 0x01, 0x1F, 0x11, 0x0F, 0x11, 0x1F, 0x01
    .byte   0x10,    1, 0x00, 0x2F, 0xE1, 0x11, 0x00, 0x11, 0xF0, 0x11, 0xFF, 0xF2, 0x1F, 0xE0, 0x20, 0x0E
    .byte   0x01, 0xFF, 0xF0, 0x0F, 0xF0, 0xF0, 0xFF, 0x0F, 0xFF, 0x0F, 0xFF, 0xF0, 0x01, 0xFF, 0x0F, 0x0E
    .byte   0x00, 0xFF,  -18, 0x02, 0xF0, 0x12, 0x2F, 0xF1, 0x21, 0x11, 0x22, 0x22, 0x12, 0x22, 0x21, 0xE0
    .byte   0x2F, 0xEF, 0xEE, 0x0F, 0xEE, 0xFF, 0x0E, 0xEF, 0xE1, 0x0F, 0xFF, 0x02, 0x10, 0xF0, 0x2F, 0x0E
    .byte   0x10, 0xFF, 0xFF,   -6, 0x0F, 0x00, 0xF0, 0x01, 0xF0, 0xE0, 0x0F, 0xFE, 0xFF, 0x0E, 0x0E, 0xFF
    .byte   0x10, 0xFF, 0xF3, 0x1F, 0x12, 0x21, 0x12, 0x32, 0x23, 0x4E, 0xF3, 0x33, 0xDE, 0xF2, 0xDD, 0xFF
    .byte   0xFD, 0x00, 0xED, 0xE3,   10, 0x0D, 0xD2, 0x3F, 0xEF, 0x22, 0xFF, 0x10, 0xFF, 0xF1, 0xEE, 0x0F
    .byte   0xFF, 0xE1, 0x10, 0x21, 0x12, 0x11, 0x10, 0x01, 0x1E, 0xEE, 0xEF, 0xEE, 0xEF, 0x0E, 0x0F, 0xF0
    .byte   0xFF, 0x11, 0x11, 0x11, 0x22,  -17, 0x00, 0x21, 0x22, 0x02, 0x31, 0x33, 0x20, 0x23, 0x2E, 0xEF
    .byte   0x0F, 0xDE, 0xFE, 0xD2, 0xFF, 0xDE, 0x22, 0xED, 0x12, 0x20, 0xFE, 0x22, 0xE1, 0x1E, 0xFF, 0x11
    .byte   0xDF, 0x11, 0x0E, 0x02, 0x01, 0x11,    0, 0x01, 0x02, 0x0E, 0x00, 0xFE, 0xEE, 0xE1, 0xEE, 0xFE
    .byte   0x0F, 0xF0, 0x01, 0x01, 0x2F, 0x00, 0x10, 0x11, 0x02, 0x11, 0x22, 0x31, 0x22, 0x43, 0x01, 0x32
    .byte   0x3D, 0xEF, 0xFE, 0xDE, 0x0D, 0xEF, 0xFF,    3, 0x0E, 0x22, 0xEE, 0x12, 0x1F, 0x01, 0x1E, 0x02
    .byte   0x0E, 0xE1, 0x1E, 0xE1, 0x11, 0xE0, 0x12, 0xFF, 0x21, 0x2F, 0x02, 0x0F, 0xE0, 0xFE, 0xEE, 0xEF
    .byte   0xEF, 0xFE, 0xF0, 0x20, 0xF0, 0x11, 0x1F, 0x10,  -23, 0x00, 0x02, 0xF1, 0x12, 0x2F, 0x02, 0x32
    .byte   0x12, 0x44, 0xD0, 0x33, 0x2D, 0xEE, 0xFE, 0xDE, 0xEE, 0xEF, 0x0F, 0xEE, 0x22, 0xEE, 0x12, 0x1F
    .byte   0x0F, 0x10, 0xE2, 0xFE, 0xE0, 0x2F, 0xEF, 0x01, 0x0F,   -6, 0x00, 0x11, 0x12, 0x10, 0x11, 0x00
    .byte   0xEE, 0xFF, 0xED, 0x0E, 0x1E, 0x00, 0xF2, 0x01, 0x0F, 0x11, 0x1F, 0xE1, 0x02, 0xE2, 0x11, 0x22
    .byte   0x2F, 0xE2, 0x33, 0xF1, 0x25, 0x2D, 0x22, 0x30, 0xDE, 0xD2,   26, 0x0E, 0x0D, 0xEE, 0x22, 0xED
    .byte   0xE3, 0x2E, 0xEF, 0xF2, 0x10, 0xFE, 0xF1, 0x2F, 0xEE, 0x01, 0x00, 0xFF, 0x01, 0x2F, 0xF0, 0x12
    .byte   0x10, 0xF0, 0xFF, 0x0E, 0xFE, 0xE0, 0xE0, 0xE0, 0x0F, 0x11, 0x10,  -17, 0x00, 0x10, 0x0F, 0xF1
    .byte   0xFF, 0x10, 0x20, 0x02, 0x20, 0x12, 0x11, 0xE2, 0x32, 0x2E, 0x43, 0xD2, 0x03, 0x1D, 0x0D, 0x2E
    .byte   0xD2, 0xFE, 0xEE, 0x20, 0xEE, 0xE3, 0xEE, 0x1E, 0x20, 0x0F, 0xF0, 0xE1,   -1, 0x0E, 0xF1, 0xE1
    .byte   0x10, 0xE0, 0x11, 0x11, 0x0F, 0x20, 0x11, 0x0E, 0x10, 0xFF, 0xFE, 0xF0, 0xF0, 0x0F, 0xFF, 0x11
    .byte   0x10, 0xF1, 0x10, 0x10, 0x11, 0x01, 0xF1, 0x11, 0x11, 0x00, 0x22, 0x2E, 0x12,    9, 0x02, 0xF1
    .byte   0x11, 0x21, 0x21, 0xE2, 0xF2, 0xFE, 0xFE, 0x0E, 0x1E, 0x0F, 0xFF, 0xF0, 0xFF, 0xF1, 0xFE, 0x1E
    .byte   0x11, 0x0F, 0xFF, 0x11, 0xFF, 0xF0, 0xFF, 0xFE, 0x0F, 0xF0, 0x10, 0x00, 0x01, 0x1F,  -12, 0x00
    .byte   0xFE, 0x10, 0x0E, 0x00, 0x10, 0x11, 0x11, 0x01, 0x32, 0x23, 0x42, 0xE0, 0x23, 0xFE, 0xDE, 0x1E
    .byte   0xE0, 0xFD, 0xE0, 0x21, 0xED, 0x12, 0x11, 0xF1, 0xF1, 0xF2, 0x1E, 0xEF, 0x2F, 0x0E, 0xE0,   -8
    .byte   0x0F, 0xF1, 0xFF, 0x02, 0x12, 0x10, 0x22, 0x10, 0x00, 0xFE, 0x0F, 0x0E, 0xEF, 0x00, 0xF0, 0xFF
    .byte   0x01, 0x11, 0x1F, 0x20, 0x10, 0x1F, 0x11, 0x0F, 0x10, 0xF0, 0xF0, 0x01, 0xF1, 0x11, 0x11, 0x01
    .byte      6, 0x00, 0x10, 0x00, 0x00, 0x1F, 0xFF, 0x0E, 0xFF, 0xF0, 0xE0, 0x10, 0x00, 0x11, 0x10, 0x01
    .byte   0x01, 0x00, 0x00, 0x00, 0x00, 0x1F, 0x00, 0x00, 0x0F, 0xF0, 0xF1, 0x0F, 0x0F, 0x11, 0x00, 0xF1
    .byte   0x1F,   -2, 0x01, 0x01, 0x1F, 0x01, 0x1F, 0x00, 0x10, 0xF0, 0x10, 0xFF, 0x01, 0xFF, 0xF1, 0x10
    .byte   0x01, 0x10, 0xFF, 0x11, 0x0F, 0xF1, 0x10, 0x00, 0x11, 0xFF, 0x01, 0x00, 0xF0, 0x10, 0x0F, 0x1F
    .byte   0xFF, 0x0F,   -1, 0x0F, 0xFF, 0xF0, 0xF0, 0xF1, 0xF0, 0xF1, 0x00, 0xF1, 0x11, 0x10, 0x00, 0x11
    .byte   0x00, 0x00, 0x11, 0x02, 0x2F, 0x00, 0x10, 0x11, 0xF0, 0xFF, 0x11, 0x0F, 0x0E, 0x00, 0xFF, 0xFF
    .byte   0xFF, 0xF0, 0x01,   -2, 0x0F, 0x1F, 0x01, 0x10, 0xF0, 0x01, 0xF0, 0x00, 0x1F, 0x00, 0x01, 0x00
    .byte   0x10, 0x01, 0x10, 0x01, 0xF0, 0xF1, 0x0F, 0x00, 0x0F, 0xF0, 0x0F, 0xF1, 0x00, 0x0F, 0x10, 0x01
    .byte   0x01, 0x00, 0x00, 0x1F,    1, 0x00, 0xF0, 0x00, 0x01, 0x00, 0x0F, 0x10, 0xF1, 0x00, 0x00, 0x01
    .byte   0xF0, 0x10, 0x0F, 0x00, 0x0F, 0x00, 0x0F, 0x01, 0xF0, 0xF0, 0x1F, 0x01, 0xF1, 0x00, 0x1F, 0x10
    .byte   0x10, 0xF1, 0xF1, 0x00, 0x0F,    0, 0x01, 0xF0, 0x01, 0xFF, 0x00, 0x01, 0x0F, 0x01, 0xF1, 0x0F
    .byte   0x1F, 0x01, 0x00, 0x0F, 0x1F, 0x10, 0x00, 0xF1, 0x0F, 0x1F, 0x01, 0x00, 0x00, 0xF1, 0x00, 0x00
    .byte   0xF1, 0x00, 0xF0, 0x1F, 0x1F, 0x10,   -1, 0x00, 0x1F, 0x01, 0xF1, 0x0F, 0x10, 0x00, 0x00, 0xF0
    .byte   0x00, 0x01, 0x00, 0x00, 0x00, 0x00, 0x00, 0x00, 0xF1, 0x01, 0x00, 0xFF, 0x11, 0x00, 0x00, 0xF0
    .byte   0x00, 0x00, 0x1F, 0x1F, 0x00, 0x00, 0x00,    1, 0x0F, 0x00, 0x00, 0x01, 0xF0, 0xF1, 0x0F, 0x01
    .byte   0x00, 0x00, 0x1F, 0x0F, 0x10, 0x1F, 0x00, 0xF1, 0x00, 0x00, 0x01, 0xF0, 0x00, 0x01, 0x0F, 0x00
    .byte   0x01, 0xFF, 0x10, 0x0F, 0x01, 0x0F, 0x00, 0x1F,    0, 0x0F, 0x10, 0x00, 0x00, 0x00, 0x00, 0x00
    .byte   0x00, 0x01, 0xF0, 0x1F, 0x10, 0xF0, 0x00, 0x00, 0x00, 0x00, 0x1F, 0x00, 0x00, 0x00, 0x01, 0xF0
    .byte   0x01, 0xF1, 0xF0, 0xF1, 0x00, 0x10, 0xF0, 0x00, 0x00,    0, 0x00, 0x01, 0xF0, 0x0F, 0x01, 0xF1
    .byte   0x00, 0x00, 0xF1, 0x0F, 0x1F, 0x10, 0x00, 0xF0, 0x10, 0xF0, 0x01, 0x00, 0xF1, 0x00, 0x01, 0xF0
    .byte   0x00, 0x00, 0x00, 0xF0, 0x10, 0x0F, 0x10, 0x1F, 0x0F, 0x01,    0, 0x00, 0x0F, 0x10, 0x00, 0x00
    .byte   0x00, 0x00, 0x00, 0x00, 0x00, 0x01, 0xF0, 0x1F, 0x01, 0xF0, 0x00, 0x00, 0x00, 0x00, 0x00, 0xF1
    .byte   0x00, 0x1F, 0x00, 0x1F, 0x00, 0x00, 0x00, 0xF0, 0x1F, 0x10, 0x00,    0, 0x00, 0x00, 0x00, 0x00
    .byte   0x00, 0x00, 0x00, 0x00, 0x0F, 0x10, 0x01, 0xF0, 0xF1, 0x00, 0xF1, 0x00, 0x00, 0x00, 0x00, 0x1F
    .byte   0x01, 0xFF, 0x10, 0x0F, 0x10, 0x00, 0x1F, 0x00, 0x10, 0xF1, 0xF0, 0x00,    0, 0x00, 0x00, 0x00
    .byte   0x01, 0xF0, 0xF1, 0x00, 0x00, 0x00, 0x00, 0x0F, 0x10, 0x00, 0x00, 0x00, 0x00, 0x01, 0xF0, 0x00
    .byte   0x10, 0xF0, 0x00, 0x10, 0xF0, 0x0F, 0x11, 0x0F, 0x00, 0x00, 0x00, 0x0F, 0x10,    0, 0x00, 0x00
    .byte   0x00, 0x00, 0x0F, 0x1F, 0x10, 0x01, 0xF0, 0x1F, 0xF0, 0x10, 0x00, 0xF1, 0x0F, 0x10, 0x00, 0x0F
    .byte   0x1F, 0x10, 0xF1, 0x1F, 0x00, 0x1F, 0x00, 0x00, 0xF1, 0x00, 0x1F, 0xF1, 0x0F, 0x1F,    1, 0x0F
    .byte   0x00, 0xF1, 0x00, 0x00, 0x00, 0x00, 0x1F, 0x00, 0x1F, 0x01, 0xF1, 0xF0, 0xF0, 0x01, 0x00, 0x00
    .byte   0x1F, 0xF1, 0x0F, 0x10, 0x00, 0x01, 0x0F, 0x00, 0xF0, 0x10, 0x01, 0x00, 0xF0, 0x00, 0x00,    0
    .byte   0x00, 0x1F, 0x00, 0x00, 0x00, 0xF1, 0x00, 0x00, 0xF1, 0x00, 0x00, 0x00, 0x00, 0x00, 0x0F, 0x10
    .byte   0x01, 0xF0, 0x00, 0x00, 0x00, 0x00, 0x00, 0x00, 0x01, 0xF1, 0xF0, 0xF0, 0x00, 0x10, 0x00, 0x1F
    .byte      0, 0x0F, 0x10, 0x00, 0x00, 0x1F, 0x00, 0x01, 0x0F, 0x0F, 0x10, 0x00, 0x00, 0x0F, 0x10, 0xF0
    .byte   0x10, 0x00, 0xF1, 0x00, 0xF0, 0x10, 0x00, 0x0F, 0x10, 0xF1, 0x0F, 0x1F, 0x10, 0x00, 0x00, 0x00
    .byte   0x1F,    1, 0x0F, 0xF1, 0x00, 0x00, 0x01, 0x0F, 0x1F, 0x00, 0xF1, 0x00, 0x00, 0x1F, 0x00, 0x1F
    .byte   0x00, 0x00, 0x00, 0x00, 0x00, 0xF1, 0xF1, 0x00, 0xF1, 0xF0, 0x1F, 0x10, 0x0F, 0x10, 0xF1, 0x02
    .byte   0x22, 0x4C,  -12, 0x0D, 0x24, 0xEE, 0x22, 0xEF, 0x32, 0xFE, 0x24, 0xDA, 0xE2, 0x44, 0x34, 0xDA
    .byte   0xD2, 0x42, 0x24, 0x0D, 0xDE, 0xED, 0xCF, 0x23, 0x23, 0x32, 0xFE, 0xEE, 0xEE, 0xFF, 0xEF, 0x22
    .byte   0x33, 0x31, 0xEF,   10, 0x0E, 0xDE, 0xFF, 0xF2, 0x22, 0x22, 0x10, 0xFE, 0xEE, 0xEF, 0xF1, 0x10
    .byte   0x20, 0x12, 0x11, 0x0E, 0x0E, 0x00, 0xF1, 0x02, 0x11, 0x11, 0xF0, 0xE0, 0xF0, 0xF0, 0x1F, 0x02
    .byte   0x02, 0x0F, 0xFF, 0xFF,    1, 0x0F, 0xFF, 0x1F, 0xF2, 0x01, 0xF0, 0xF0, 0xFF, 0x0F, 0x00, 0x20
    .byte   0x0F, 0x10, 0x10, 0xFF, 0xF0, 0x0F, 0x1F, 0x00, 0x01, 0x2F, 0x0F, 0x0E, 0x00, 0x11, 0x00, 0xFF
    .byte   0x11, 0x10, 0x10, 0xFF, 0xF0,   -3, 0x00, 0x00, 0x10, 0x11, 0x10, 0xFF, 0x1F, 0xF1, 0xF1, 0xF1
    .byte   0x1F, 0x10, 0x00, 0x00, 0x1F, 0xF1, 0x0F, 0x00, 0xF0, 0x11, 0x10, 0x0F, 0xF0, 0x01, 0x11, 0x00
    .byte   0xE0, 0x00, 0x02, 0x00, 0x0F, 0xFF,   -1, 0x0F, 0x00, 0x12, 0x00, 0x10, 0xEF, 0xF1, 0x11, 0x1F
    .byte   0xFF, 0xFF, 0xF1, 0x02, 0x11, 0x0F, 0xFF, 0x0F, 0x11, 0x11, 0x0F, 0xE0, 0xF0, 0x10, 0x20, 0xF1
    .byte   0xF0, 0xF0, 0x10, 0x10, 0x01, 0xFF, 0xFF,    0, 0x00, 0x10, 0x0F, 0xE1, 0x11, 0x10, 0x11, 0xF1
    .byte   0xF1, 0xF1, 0x0E, 0x0F, 0xF1, 0x11, 0x11, 0x10, 0x00, 0xFF, 0x00, 0x0F, 0x0F, 0x0F, 0x02, 0x11
    .byte   0x00, 0xEF, 0x00, 0x11, 0x1F, 0xFF, 0x11, 0x11,    3, 0x0F, 0xFF, 0xFF, 0x00, 0x10, 0x01, 0x10
    .byte   0x10, 0x00, 0xF0, 0x10, 0x0E, 0x0F, 0x11, 0x11, 0x01, 0x10, 0xEF, 0x00, 0x00, 0xF1, 0x10, 0x1F
    .byte   0x1F, 0x11, 0x10, 0xFE, 0x10, 0x00, 0x01, 0x11, 0x11,    3, 0x0F, 0x1F, 0xFF, 0xFF, 0xF0, 0x11
    .byte   0x11, 0x0F, 0x01, 0x0E, 0xF1, 0x02, 0x10, 0xF0, 0xF0, 0x10, 0x01, 0x0F, 0xF0, 0xF0, 0xFF, 0x10
    .byte   0x20, 0x20, 0xFE, 0xFE, 0xF0, 0x12, 0x21, 0x0E, 0x0E, 0x00,   -3, 0x01, 0x21, 0x0F, 0xFF, 0x10
    .byte   0x00, 0x1F, 0x01, 0xF0, 0xFE, 0x00, 0x02, 0x12, 0x1F, 0x0E, 0x0E, 0x01, 0x20, 0x10, 0x0F, 0xE1
    .byte   0x01, 0x00, 0x10, 0x00, 0xFF, 0x0F, 0x10, 0x21, 0x0F, 0x0E, 0x0E,   -6, 0x01, 0x12, 0x10, 0x11
    .byte   0x0F, 0xE0, 0x01, 0x02, 0x1E, 0x0E, 0x00, 0x02, 0x20, 0x00, 0xE0, 0xE0, 0xF1, 0x01, 0x11, 0x11
    .byte   0x00, 0xF0, 0xF0, 0xFF, 0x00, 0x11, 0x11, 0xFF, 0x11, 0x11, 0x10, 0x0E,   -3, 0x0F, 0xF1, 0x21
    .byte   0x11, 0x0F, 0x10, 0x0F, 0xEF, 0xE0, 0x02, 0x21, 0x1F, 0xFF, 0x0F, 0x00, 0x11, 0x01, 0x1F, 0xF0
    .byte   0x0F, 0xFF, 0x02, 0x01, 0x1F, 0x0E, 0xFF, 0x01, 0x21, 0x2F, 0xFE, 0xF0, 0x10,    2, 0x0F, 0x01
    .byte   0x0F, 0xF0, 0xFF, 0xFF, 0x12, 0x12, 0x0F, 0xFF, 0x0E, 0x0F, 0xF1, 0x10, 0x2F, 0x01, 0xF0, 0x0F
    .byte   0x00, 0x0F, 0xE0, 0x00, 0x22, 0x11, 0x0F, 0x0E, 0xE0, 0xF0, 0x21, 0x11, 0x1F, 0x0E,   -1, 0x0F
    .byte   0x20, 0x01, 0x0F, 0xFE, 0xFF, 0x11, 0x20, 0x20, 0xF0, 0xEF, 0xFF, 0x0F, 0x01, 0x02, 0x02, 0x01
    .byte   0xFF, 0xEF, 0xE0, 0x12, 0x21, 0x1F, 0xFE, 0xFE, 0x02, 0x11, 0x10, 0x0F, 0xFF, 0xF0, 0xE1,   -4
    .byte   0x02, 0x21, 0x0F, 0xFE, 0xE0, 0x12, 0x01, 0x00, 0xFF, 0xF0, 0x02, 0x00, 0xFF, 0xFF, 0x02, 0x01
    .byte   0xFF, 0x1E, 0x11, 0x1F, 0x0F, 0xFF, 0xF1, 0x11, 0x1F, 0xF1, 0x01, 0x01, 0xFF, 0xFF, 0x11, 0x11
    .byte      2, 0x0F, 0x0E, 0xF1, 0x11, 0x10, 0x10, 0xF0, 0xF1, 0x01, 0x00, 0x1F, 0xF0, 0x0F, 0xFF, 0x11
    .byte   0x11, 0x00, 0xFF, 0x0F, 0xFF, 0x1F, 0x12, 0x2F, 0x0E, 0xFF, 0xF0, 0xF0, 0x10, 0x21, 0x10, 0xFF
    .byte   0x00,    0, 0x0F, 0xF0, 0x01, 0x2F, 0x10, 0xE0, 0xF0, 0x11, 0x11, 0xF0, 0xFF, 0xFF, 0x00, 0x10
    .byte   0x20, 0x11, 0x00, 0xE0, 0xE0, 0xF1, 0x02, 0x11, 0x10, 0xF0, 0xE0, 0x00, 0x01, 0x11, 0x00, 0x10
    .byte   0x1F, 0xFF,   -1, 0x01, 0xF0, 0x10, 0x1F, 0x0F, 0x00, 0x00, 0x01, 0xF1, 0x01, 0x10, 0x0F, 0x0F
    .byte   0xFF, 0x10, 0x11, 0x11, 0xF0, 0xFF, 0xFF, 0xF0, 0x02, 0x11, 0x1F, 0x0F, 0xE0, 0xF0, 0x10, 0x20
    .byte   0x00, 0xFF, 0x0F,   -2, 0x00, 0x01, 0x11, 0x00, 0x10, 0xFF, 0xF0, 0x1F, 0x11, 0x01, 0xFF, 0x0F
    .byte   0x0F, 0x10, 0x11, 0x1F, 0xF0, 0xF0, 0x1F, 0x10, 0x01, 0x0F, 0x00, 0x0F, 0x10, 0x01, 0x00, 0x00
    .byte   0x1F, 0xFF, 0x00, 0x10,    1, 0x00, 0x1F, 0x0F, 0x0F, 0x10, 0x0F, 0x01, 0x01, 0xF1, 0x00, 0xF0
    .byte   0x00, 0xF0, 0x01, 0x00, 0x00, 0x1F, 0x00, 0x00, 0x00, 0xF1, 0x1F, 0x01, 0xF0, 0x0F, 0x10, 0x0F
    .byte   0x11, 0xF1, 0x0F, 0x0F, 0x10,   -1, 0x01, 0x01, 0xF1, 0xF0, 0x00, 0x00, 0x00, 0xF1, 0x01, 0xF0
    .byte   0x00, 0x00, 0x00, 0xF1, 0x0F, 0x10, 0x1F, 0x10, 0xF0, 0x01, 0xF0, 0x00, 0x10, 0xF0, 0x00, 0x00
    .byte   0x1F, 0x00, 0x00, 0x00, 0x00, 0x00,   -1, 0x00, 0x01, 0x1F, 0xF1, 0x00, 0xF1, 0x00, 0x01, 0x0F
    .byte   0x01, 0xF0, 0x00, 0xF1, 0xF1, 0x00, 0x1F, 0x1F, 0x00, 0xF1, 0x1F, 0x00, 0x00, 0x00, 0x00, 0x01
    .byte   0xF1, 0xF0, 0x0F, 0x1F, 0x10, 0x00, 0x1F,    0, 0x00, 0x00, 0x00, 0x00, 0x00, 0x00, 0x00, 0x0F
    .byte   0x10, 0x0F, 0x10, 0x00, 0x00, 0x1F, 0x00, 0xF1, 0x00, 0x00, 0x00, 0x10, 0xF1, 0xF0, 0xF1, 0x00
    .byte   0xF0, 0x10, 0x01, 0xF0, 0x1F, 0x00, 0xF1, 0x00,    0, 0x00, 0x00, 0x01, 0xF0, 0x00, 0xF1, 0xF1
    .byte   0x01, 0xF0, 0x1F, 0x00, 0x1F, 0x00, 0xF0, 0x10, 0x00, 0x01, 0x0F, 0x00, 0x00, 0x01, 0x0F, 0x1F
    .byte   0x01, 0x0F, 0x1F, 0x00, 0x0F, 0x10, 0x00, 0x1F, 0x1F,    0, 0x00, 0x0F, 0x00, 0x10, 0x00, 0x00
    .byte   0x00, 0x0F, 0x10, 0xF1, 0x00, 0x00, 0x1F, 0x00, 0x00, 0xF1, 0x01, 0xF1, 0x00, 0xF1, 0xF1, 0x00
    .byte   0x0F, 0x01, 0x0F, 0x1F, 0x01, 0x00, 0xF0, 0x10, 0xF1, 0xF0,    0, 0x01, 0xF0, 0x0F, 0x01, 0x0F
    .byte   0x00, 0x01, 0x0F, 0x00, 0xF0, 0x01, 0xF1, 0x00, 0xF1, 0xF0, 0x10, 0xF1, 0x00, 0x00, 0x01, 0x00
    .byte   0x1F, 0x1F, 0x00, 0x10, 0x00, 0x10, 0x0F, 0x01, 0x00, 0x1F, 0xF1,    2, 0x01, 0xF0, 0x0F, 0x00
    .byte   0xF1, 0x0F, 0x01, 0xF0, 0xF0, 0xF0, 0xFF, 0x00, 0x0F, 0x00, 0x0F, 0x10, 0xF0, 0xFF, 0x10, 0x01
    .byte   0x01, 0x1F, 0x11, 0x10, 0x11, 0x11, 0x10, 0x20, 0x02, 0x02, 0x00, 0x10,   17, 0x01, 0xF0, 0x00
    .byte   0xFF, 0xF0, 0xFE, 0xFF, 0xEF, 0xEE, 0x0E, 0xFF, 0xFF, 0xF0, 0xE0, 0xFF, 0xF0, 0xF1, 0x00, 0x10
    .byte   0x20, 0x11, 0x11, 0x10, 0x20, 0x10, 0x22, 0x22, 0x12, 0x22, 0x11, 0x11, 0x00,   26, 0x00, 0x11
    .byte   0x11, 0x00, 0xEF, 0xEE, 0xDE, 0xEE, 0xEF, 0x1F, 0x0F, 0x0F, 0xF0, 0xEF, 0xF0, 0x11, 0x11, 0x22
    .byte   0x02, 0x02, 0x01, 0xF1, 0x01, 0x01, 0x01, 0xF0, 0x00, 0xEF, 0xFF, 0x0E, 0x0E, 0xFF,  -16, 0x0F
    .byte   0xE0, 0xF0, 0x01, 0x01, 0x10, 0x11, 0x10, 0x12, 0x22, 0x22, 0x31, 0x22, 0x11, 0x10, 0x0F, 0x11
    .byte   0x02, 0x11, 0x0F, 0xFE, 0xEE, 0xD0, 0xD0, 0xE0, 0x00, 0xF1, 0xFF, 0xF0, 0xE0, 0xEF, 0x10,  -13
    .byte   0x01, 0x21, 0x12, 0xF1, 0x00, 0xFF, 0x00, 0x01, 0x01, 0x00, 0xFF, 0xFE, 0x0E, 0xFF, 0xE0, 0xFF
    .byte   0x00, 0x00, 0x10, 0x00, 0x11, 0x00, 0x21, 0x22, 0x30, 0x32, 0x22, 0x11, 0x11, 0x10, 0x02, 0x11
    .byte     38, 0x00, 0xF0, 0xEE, 0xEE, 0xDE, 0xEE, 0xFF, 0x0F, 0xF0, 0x0F, 0xEF, 0xEF, 0xFF, 0x01, 0x02
    .byte   0x11, 0x21, 0x11, 0xF0, 0xFF, 0xFF, 0x11, 0x00, 0x10, 0x00, 0xEF, 0xE0, 0xE0, 0x0E, 0x00, 0x01
    .byte   0x01,  -20, 0x01, 0x11, 0x01, 0x11, 0x11, 0x22, 0x32, 0x22, 0x22, 0x21, 0x00, 0x10, 0x02, 0x12
    .byte   0x11, 0x00, 0xEE, 0xED, 0xED, 0xEE, 0xFF, 0xF0, 0x00, 0x0F, 0xEF, 0xEF, 0xEF, 0x00, 0x02, 0x22
    .byte   0x11, 0x2F,   -1, 0x0F, 0x0E, 0xFF, 0x00, 0x10, 0x1F, 0x0F, 0xFF, 0xEE, 0x0E, 0x0F, 0x0F, 0x00
    .byte   0x02, 0x01, 0x11, 0x10, 0x00, 0x11, 0x22, 0x32, 0x23, 0x21, 0x21, 0x11, 0x0F, 0x12, 0x21, 0x21
    .byte   0xFF, 0x1D, 0xED,   17, 0x0D, 0xEE, 0xFF, 0xF1, 0x0F, 0x0F, 0xEF, 0xEE, 0xFE, 0x11, 0x22, 0x20
    .byte   0x21, 0x10, 0xFF, 0x0E, 0xFF, 0x00, 0x10, 0x00, 0xFF, 0x0E, 0xEF, 0xFE, 0x0F, 0x01, 0x10, 0x11
    .byte   0x11, 0x02, 0xF0, 0x1F,  -14, 0x00, 0x32, 0x23, 0x22, 0x22, 0x12, 0xF1, 0x11, 0x22, 0x12, 0x10
    .byte   0x1E, 0xEE, 0xDE, 0xDE, 0xDF, 0xFE, 0x11, 0xFF, 0x0E, 0xEE, 0xEF, 0xF0, 0x12, 0x02, 0x21, 0x20
    .byte   0x0F, 0x0E, 0xFF, 0xF0, 0xF0,  -11, 0x00, 0x0F, 0xFF, 0xEF, 0xFE, 0xFF, 0x00, 0xF1, 0x01, 0x10
    .byte   0x20, 0x11, 0xF1, 0xF1, 0x12, 0x23, 0x32, 0x23, 0x12, 0x11, 0x01, 0x12, 0x22, 0x22, 0x20, 0xFE
    .byte   0xDE, 0xDD, 0xDD, 0xFE, 0xF0, 0x00,   -2, 0x0F, 0xEE, 0xEE, 0xE0, 0xF0, 0x21, 0x22, 0x21, 0x11
    .byte   0x0F, 0xFF, 0x0E, 0x0F, 0xFF, 0x00, 0xF0, 0xFF, 0xE0, 0xEF, 0xFF, 0x0F, 0x11, 0x01, 0x21, 0x11
    .byte   0x11, 0x00, 0x01, 0x12, 0x23, 0x23, 0x23,   30, 0x01, 0x20, 0x1F, 0x22, 0x22, 0x22, 0x11, 0xEE
    .byte   0xED, 0xDD, 0xDE, 0xEE, 0xFF, 0xFF, 0xEF, 0xEE, 0xE0, 0xE0, 0x01, 0x12, 0x21, 0x20, 0x20, 0x1F
    .byte   0xFF, 0xFF, 0xFF, 0xF0, 0xE0, 0xFF, 0xFF, 0xFF,  -24, 0x0F, 0x0F, 0xE0, 0x01, 0x11, 0x12, 0x11
    .byte   0x11, 0x10, 0x0F, 0x2F, 0x33, 0x32, 0x32, 0x20, 0x20, 0x01, 0x22, 0x23, 0x12, 0x2E, 0xFD, 0xED
    .byte   0xDD, 0xED, 0xEF, 0xEF, 0xE0, 0xEE, 0xEE, 0xFE, 0x10,  -23, 0x01, 0x22, 0x02, 0x11, 0x01, 0x10
    .byte   0x10, 0x0F, 0xFF, 0xEE, 0xEF, 0xFF, 0xFF, 0xF1, 0xF1, 0xE1, 0xFE, 0x01, 0x12, 0x12, 0x12, 0x10
    .byte   0xFF, 0xFF, 0x13, 0x33, 0x33, 0x32, 0x00, 0x1F, 0x02, 0x13,   60, 0x02, 0x22, 0xEE, 0xED, 0xDD
    .byte   0xDD, 0xEE, 0xEE, 0xFE, 0xED, 0xFE, 0xE1, 0x11, 0x22, 0x20, 0x11, 0x01, 0x21, 0x21, 0x10, 0xFF
    .byte   0xEE, 0xEE, 0xEE, 0x0F, 0x0E, 0x00, 0xE0, 0xEF, 0x01, 0x12, 0x11,  -27, 0x01, 0x00, 0x0F, 0x00
    .byte   0x22, 0x13, 0x23, 0x33, 0x22, 0x22, 0x22, 0x21, 0x22, 0x31, 0x21, 0xFE, 0xED, 0xDD, 0xDE, 0xDD
    .byte   0xEE, 0xED, 0xFE, 0xEF, 0xF0, 0x11, 0x21, 0x21, 0x20, 0x02, 0x21, 0x21,    7, 0x00, 0xFE, 0xEE
    .byte   0xDF, 0xEE, 0xFE, 0xFE, 0xFE, 0xEF, 0xF1, 0x11, 0x02, 0x02, 0x02, 0x02, 0x11, 0x10, 0x21, 0x12
    .byte   0x33, 0x33, 0x33, 0x21, 0x2F, 0x12, 0x22, 0x32, 0x2F, 0xED, 0xDE, 0xDD, 0xDE,   14, 0x0E, 0xED
    .byte   0xDD, 0xEE, 0xF0, 0x22, 0x22, 0x11, 0x11, 0x11, 0x32, 0x31, 0x21, 0xEE, 0xDE, 0xDF, 0xE0, 0xEE
    .byte   0xED, 0xED, 0xEE, 0x01, 0x22, 0x21, 0x0F, 0x01, 0x12, 0x23, 0x21, 0x2F, 0xF1, 0x23,   12, 0x04
    .byte   0x33, 0x32, 0x00, 0x12, 0x13, 0x22, 0x1F, 0xED, 0xDD, 0xDD, 0xED, 0xDD, 0xDD, 0xDE, 0xE1, 0x12
    .byte   0x22, 0x11, 0x12, 0x22, 0x32, 0x31, 0x2E, 0xFF, 0xEE, 0xFE, 0xEE, 0xDD, 0xDD, 0xEE, 0xE0,  -52
    .byte   0x00, 0xF0, 0xEF, 0x00, 0x22, 0x23, 0x02, 0x10, 0x01, 0x12, 0x22, 0x33, 0x44, 0x42, 0x22, 0x12
    .byte   0x22, 0x22, 0x21, 0xEE, 0xDE, 0xDE, 0xDD, 0xDD, 0xCC, 0xDD, 0x1E, 0x22, 0x11, 0x12, 0x23, 0x32
    .byte     11, 0x02, 0x22, 0x01, 0x02, 0x0F, 0xEE, 0xDD, 0xDD, 0xEE, 0xED, 0xEE, 0xD0, 0xE0, 0x1F, 0x00
    .byte   0x01, 0x12, 0x22, 0x32, 0x10, 0x0F, 0x11, 0x23, 0x34, 0x44, 0x42, 0x22, 0x22, 0x32, 0x10, 0xFE
    .byte   0xED,   65, 0x0E, 0xED, 0xDC, 0xCC, 0xDE, 0xDE, 0xF1, 0x11, 0x12, 0x33, 0x42, 0x30, 0x02, 0x02
    .byte   0x12, 0x2E, 0xDD, 0xDD, 0xEE, 0xED, 0xDE, 0xDD, 0xE1, 0x12, 0x0F, 0xEE, 0xF1, 0x32, 0x31, 0x2F
    .byte   0xFE, 0x01,  -37, 0x02, 0x23, 0x23, 0x44, 0x43, 0x32, 0x33, 0x22, 0x2F, 0xEF, 0xED, 0xED, 0xED
    .byte   0xCD, 0xCD, 0xDD, 0xDE, 0xE0, 0x10, 0x13, 0x33, 0x33, 0x31, 0x22, 0x20, 0x20, 0xFE, 0xDD, 0xDE
    .byte   0xFD, 0xDD, 0xDE,  -48, 0x0E, 0x10, 0x1F, 0xFE, 0xE1, 0x12, 0x12, 0x11, 0x10, 0x01, 0x11, 0x1F
    .byte   0x12, 0x33, 0x44, 0x44, 0x33, 0x23, 0x32, 0x3F, 0xFE, 0xEE, 0xDD, 0xED, 0xDC, 0xCD, 0xCD, 0xED
    .byte   0xFE, 0x00, 0x22, 0x34,    1, 0x03, 0x23, 0x22, 0x22, 0x10, 0xEE, 0xED, 0xED, 0xED, 0xDD, 0xED
    .byte   0xFE, 0xE1, 0xEF, 0xFF, 0x00, 0x20, 0x1F, 0x01, 0x11, 0x11, 0x01, 0xF1, 0xFF, 0x23, 0x33, 0x45
    .byte   0x43, 0x32, 0x33, 0x32, 0x1F,   92, 0x0D, 0xDF, 0xEE, 0xDC, 0xCC, 0xDD, 0xDD, 0xEE, 0xEF, 0x12
    .byte   0x34, 0x23, 0x32, 0x31, 0x32, 0x12, 0xEE, 0xEE, 0xDE, 0xED, 0xDD, 0xED, 0xEE, 0xE0, 0xFE, 0xFE
    .byte   0x02, 0x01, 0x0F, 0x0F, 0x02, 0x11,  -47, 0x0F, 0x0F, 0x11, 0xF2, 0x33, 0x34, 0x45, 0x33, 0x33
    .byte   0x32, 0x22, 0xEF, 0xED, 0xED, 0xFD, 0xCC, 0xDC, 0xDD, 0xDE, 0xEE, 0x01, 0x33, 0x23, 0x33, 0x32
    .byte   0x23, 0x11, 0x0E, 0xFE, 0xEE, 0xDE, 0xDD,  -15, 0x0E, 0xDE, 0xEF, 0xEF, 0xE1, 0xF1, 0x00, 0x1F
    .byte   0x01, 0xFF, 0x10, 0x1F, 0xE1, 0x10, 0x11, 0x22, 0x34, 0x34, 0x53, 0x33, 0x33, 0x22, 0x2F, 0xEE
    .byte   0xDE, 0xED, 0xDC, 0xDD, 0xCD, 0xDD, 0xED, 0x0E,  -39, 0x03, 0x23, 0x23, 0x33, 0x23, 0x22, 0x10
    .byte   0x0E, 0xFE, 0xED, 0xED, 0xDD, 0xEE, 0xED, 0x0E, 0xE0, 0x01, 0xFF, 0x0F, 0xFF, 0x11, 0x0F, 0x00
    .byte   0xF0, 0x00, 0x0F, 0x22, 0x32, 0x43, 0x44, 0x43, 0x23,   76, 0x02, 0x31, 0x1F, 0xED, 0x0E, 0xED
    .byte   0xDC, 0xDC, 0xDD, 0xDD, 0xEE, 0xE1, 0x32, 0x32, 0x31, 0x32, 0x32, 0x21, 0x01, 0xF0, 0xEE, 0xED
    .byte   0xDE, 0xED, 0xEE, 0xEE, 0xEE, 0x0F, 0x0F, 0xFF, 0xFF, 0x01,  -47, 0x00, 0x01, 0x00, 0xFF, 0x10
    .byte   0xF2, 0x22, 0x33, 0x34, 0x44, 0x33, 0x32, 0x32, 0x22, 0xEE, 0xEE, 0xFE, 0xDE, 0xCD, 0xCD, 0xDD
    .byte   0xDE, 0xDE, 0x21, 0x22, 0x33, 0x12, 0x32, 0x31, 0x12, 0x1F, 0x0E,   22, 0x0E, 0xED, 0xDF, 0xED
    .byte   0xEE, 0xEE, 0xEF, 0xFF, 0xFE, 0x00, 0xFF, 0x10, 0x10, 0x00, 0x11, 0x10, 0x10, 0x20, 0x13, 0x23
    .byte   0x34, 0x43, 0x33, 0x32, 0x31, 0x22, 0xEE, 0xEF, 0x0E, 0xDD, 0xDD, 0xDC,    2, 0x0D, 0xDE, 0xDE
    .byte   0x21, 0x12, 0x23, 0x21, 0x32, 0x22, 0x12, 0x2F, 0x0F, 0xFE, 0xDE, 0xEE, 0xED, 0xEE, 0xEE, 0xEF
    .byte   0xFE, 0xE0, 0x00, 0xFF, 0x00, 0x00, 0x02, 0x00, 0x10, 0x20, 0x02, 0x21, 0x32,   -5, 0x03, 0x44
    .byte   0x23, 0x32, 0x32, 0x12, 0xEF, 0xEE, 0x2F, 0xDD, 0xDE, 0xDC, 0xED, 0xDD, 0xDE, 0x2F, 0x02, 0x22
    .byte   0x21, 0x32, 0x22, 0x12, 0x21, 0x10, 0x0E, 0xEE, 0xEE, 0xFD, 0xEE, 0xEE, 0xEE, 0xFE,  -42, 0x0F
    .byte   0xFE, 0x0F, 0x10, 0x0F, 0x02, 0x11, 0x10, 0x11, 0x20, 0x22, 0x23, 0x23, 0x34, 0x40, 0x33, 0x22
    .byte   0x22, 0x2F, 0xFE, 0x01, 0xED, 0xED, 0xDD, 0xDD, 0xDD, 0xDE, 0xFF, 0xE1, 0x22, 0x02, 0x23,    2
    .byte   0x01, 0x20, 0x31, 0x02, 0x00, 0xEE, 0xFE, 0xEE, 0xED, 0x0D, 0xEF, 0xEE, 0xEE, 0x0E, 0xFF, 0x00
    .byte   0xF0, 0x11, 0x20, 0x21, 0x00, 0x11, 0x22, 0x22, 0x23, 0x23, 0x43, 0x32, 0x33, 0x12, 0x22, 0x0F
    .byte     71, 0x0E, 0x2F, 0xDF, 0xDD, 0xDD, 0xDD, 0xDD, 0xEE, 0xE0, 0x10, 0x21, 0x02, 0x32, 0x12, 0x22
    .byte   0x02, 0x02, 0xFF, 0xEF, 0xEE, 0xEE, 0xEE, 0xED, 0x0E, 0xEE, 0xEF, 0xFE, 0xFF, 0x1F, 0x01, 0x10
    .byte   0x21,  -40, 0x02, 0x01, 0x21, 0x21, 0x22, 0x22, 0x33, 0x34, 0x23, 0x22, 0x22, 0x22, 0x1F, 0xEF
    .byte   0x1F, 0xEE, 0xDD, 0xDD, 0xED, 0xED, 0xDF, 0xEE, 0x10, 0x2F, 0x02, 0x22, 0x12, 0x21, 0x2F, 0x22
    .byte   0x0F, 0xFF,    8, 0x0E, 0xFE, 0xEE, 0xEE, 0xEE, 0xEE, 0xEF, 0xEE, 0xFF, 0xF0, 0xF1, 0xF0, 0x21
    .byte   0x21, 0x02, 0x11, 0x22, 0x12, 0x22, 0x32, 0x24, 0x33, 0x22, 0x31, 0x22, 0x22, 0x0E, 0x0F, 0xFF
    .byte   0xED, 0xEC, 0xED,   14, 0x0D, 0xDE, 0xDF, 0xFE, 0x21, 0x12, 0x01, 0x21, 0x22, 0x22, 0xF0, 0x20
    .byte   0x1F, 0xFF, 0xEE, 0xEE, 0xEE, 0xEE, 0xEE, 0xEF, 0xFE, 0xE0, 0xFE, 0x01, 0x10, 0x11, 0x12, 0x20
    .byte   0x21, 0x10, 0x22, 0x21,  -12, 0x02, 0x23, 0x33, 0x33, 0x22, 0x22, 0x21, 0x22, 0xFE, 0xFF, 0xFE
    .byte   0xEE, 0xDD, 0xDE, 0xDD, 0xEE, 0xEE, 0xE1, 0x10, 0x20, 0x20, 0x21, 0x22, 0x20, 0x02, 0xF0, 0x00
    .byte   0x0E, 0xFE, 0xDF, 0xEE, 0xFE,  -25, 0x0E, 0xEF, 0xEF, 0xFF, 0xEE, 0x10, 0x00, 0x21, 0x20, 0x21
    .byte   0x10, 0x21, 0x21, 0x22, 0x22, 0x22, 0x32, 0x33, 0x32, 0x21, 0x22, 0x12, 0x10, 0x0E, 0x0E, 0xFF
    .byte   0xDE, 0xDD, 0xED, 0xDF, 0xEE, 0xEE,  -16, 0x00, 0x02, 0x12, 0x10, 0x12, 0x20, 0x20, 0x21, 0xFF
    .byte   0xF0, 0xFE, 0xFE, 0xED, 0xFF, 0xEE, 0xEF, 0xEE, 0xFE, 0xFF, 0xFF, 0xFF, 0x11, 0x21, 0x22, 0x00
    .byte   0x20, 0x20, 0x21, 0x22, 0x12, 0x23, 0x22,   25, 0x03, 0x22, 0x22, 0x12, 0x12, 0x10, 0xF0, 0xE0
    .byte   0xEE, 0xEE, 0xDD, 0xEE, 0xDE, 0xEE, 0xEF, 0xE1, 0x10, 0x12, 0x02, 0x01, 0x21, 0x11, 0x21, 0x10
    .byte   0xF0, 0xEF, 0xFE, 0xEE, 0xEE, 0xEF, 0xEE, 0xFE,  -39, 0x0F, 0xFF, 0xFF, 0xF0, 0x00, 0x21, 0x21
    .byte   0x20, 0x22, 0x12, 0x12, 0x12, 0x12, 0x22, 0x23, 0x23, 0x22, 0x22, 0x02, 0x02, 0x11, 0x1F, 0xFF
    .byte   0xEE, 0xFE, 0xED, 0xED, 0xEE, 0xD0, 0xEE, 0xF0, 0xF1,  -10, 0x00, 0x20, 0x11, 0x11, 0x11, 0x02
    .byte   0x11, 0x00, 0xFF, 0xEF, 0xEE, 0xFE, 0xEE, 0xFE, 0xE0, 0xE0, 0xE0, 0xFE, 0x00, 0x00, 0x20, 0x12
    .byte   0x12, 0x12, 0x11, 0x22, 0x12, 0x02, 0x22, 0x22, 0x22, 0x23,   37, 0x02, 0x21, 0x10, 0x21, 0x11
    .byte   0x0F, 0x0F, 0xEE, 0xEE, 0xFD, 0xEE, 0xED, 0xEE, 0xFE, 0xF0, 0x00, 0x01, 0x11, 0x00, 0x2F, 0x10
    .byte   0x20, 0x11, 0x0F, 0x0F, 0xEF, 0xEF, 0xEE, 0xFE, 0xEF, 0xFE, 0xFF,  -35, 0x0F, 0xFF, 0xFF, 0x01
    .byte   0x02, 0x11, 0x22, 0x02, 0x01, 0x21, 0x20, 0x22, 0x12, 0x22, 0x22, 0x23, 0x22, 0x20, 0x20, 0x01
    .byte   0x11, 0x10, 0x00, 0xEE, 0xEE, 0xEE, 0xED, 0xFE, 0xEE, 0xEE, 0x0F, 0xF1,   -8, 0x00, 0x11, 0x00
    .byte   0x11, 0x11, 0x02, 0x00, 0x00, 0x0E, 0x0E, 0x0E, 0xEF, 0xEF, 0xEE, 0x0F, 0xE1, 0xF0, 0xE0, 0xF0
    .byte   0xF0, 0x10, 0x12, 0x11, 0x21, 0x21, 0x21, 0x12, 0x21, 0x22, 0x12, 0x22, 0x22,   26, 0x02, 0x22
    .byte   0x12, 0x11, 0xF1, 0x11, 0x00, 0x0E, 0xFE, 0xEE, 0xEE, 0xEE, 0xEE, 0xEF, 0xEF, 0xFF, 0xF1, 0x00
    .byte   0x10, 0x00, 0x11, 0x01, 0x11, 0x00, 0x00, 0x0F, 0xEF, 0xEF, 0xEF, 0xFE, 0xFE, 0xFF,  -29, 0x0F
    .byte   0xFF, 0xFF, 0xE0, 0xF1, 0x00, 0x20, 0x22, 0x02, 0x02, 0x02, 0xF2, 0x22, 0x12, 0x21, 0x22, 0x22
    .byte   0x22, 0x31, 0x12, 0x00, 0xF0, 0x01, 0x0F, 0x0F, 0xEE, 0xEE, 0xEE, 0xEE, 0xEF, 0xEE, 0xFF,   -5
    .byte   0x0F, 0x00, 0x11, 0x01, 0x00, 0x00, 0x11, 0x01, 0x1F, 0xF0, 0x0E, 0xFF, 0xFE, 0xFF, 0xFE, 0xFE
    .byte   0xFF, 0xFF, 0xF0, 0xEF, 0xFF, 0xFF, 0x01, 0x00, 0x21, 0x20, 0x20, 0x21, 0x02, 0x22, 0x22, 0x21
    .byte     11, 0x02, 0x22, 0x22, 0x31, 0x21, 0x1F, 0x00, 0xF1, 0x00, 0xFE, 0xFE, 0xEE, 0xEE, 0xEE, 0xFE
    .byte   0xEE, 0xFF, 0x00, 0x00, 0x10, 0xFF, 0x1F, 0x11, 0x10, 0x00, 0xFF, 0xFF, 0xF0, 0xF0, 0xE0, 0xEF
    .byte   0xFE,  -21, 0x00, 0xF0, 0xE0, 0xEF, 0xFF, 0x0F, 0xFF, 0xFF, 0x0F, 0x02, 0x02, 0x21, 0x21, 0x20
    .byte   0x22, 0x22, 0x22, 0x22, 0x22, 0x22, 0x32, 0x11, 0x10, 0x1F, 0xF0, 0x0F, 0xFE, 0xEF, 0xEE, 0xEE
    .byte   0xEE, 0xFE,    3, 0x0E, 0xF0, 0x01, 0xF1, 0xFF, 0xF0, 0x20, 0x11, 0x1F, 0x0E, 0x10, 0x0F, 0x00
    .byte   0xE0, 0xEF, 0xFF, 0x01, 0xFE, 0x0E, 0xFF, 0xFF, 0xFF, 0xFE, 0xFF, 0xFF, 0xF1, 0xF1, 0x01, 0x11
    .byte   0x22, 0x22, 0x11,  -12, 0x02, 0x22, 0x23, 0x12, 0x22, 0x22, 0x32, 0x10, 0x00, 0xFF, 0xF1, 0xFE
    .byte   0xEE, 0x0E, 0xE0, 0xEE, 0xEE, 0xEE, 0x0E, 0x11, 0xFF, 0xF1, 0x00, 0x02, 0x0F, 0x00, 0xFF, 0x11
    .byte   0x11, 0xEF, 0xE0, 0xFF,   -8, 0x01, 0x0E, 0x00, 0xEF, 0xF0, 0xFE, 0xEF, 0xF0, 0xE1, 0x00, 0xEF
    .byte   0xF0, 0xFF, 0x20, 0x11, 0x22, 0x22, 0x20, 0x22, 0x13, 0x22, 0x12, 0x23, 0x12, 0x22, 0x2E, 0x2E
    .byte   0x1F, 0xF0, 0xEE, 0xEE, 0x10,   23, 0x0E, 0x1D, 0xEE, 0x10, 0x0E, 0xE2, 0xE0, 0x20, 0x1F, 0x01
    .byte   0xFF, 0x11, 0x10, 0xE0, 0xF0, 0xFF, 0x00, 0xFE, 0x01, 0x0F, 0xF0, 0x0E, 0xF0, 0xE0, 0xEE, 0x1F
    .byte   0xE0, 0xE0, 0xFF, 0x01, 0x01, 0xF2,  -30, 0x00, 0x21, 0x22, 0x22, 0x22, 0x11, 0x31, 0x12, 0x22
    .byte   0x22, 0x22, 0x3E, 0xE2, 0x11, 0x0E, 0xFE, 0xEE, 0xF2, 0xED, 0xFE, 0x0E, 0xE1, 0xEE, 0xE1, 0x20
    .byte   0xE1, 0x01, 0xF0, 0x20, 0xEF, 0xF2, 0xFF,   -4, 0x0F, 0xFF, 0x11, 0x00, 0xE1, 0x20, 0xFE, 0x0E
    .byte   0x0F, 0xFE, 0xEE, 0x2F, 0xFE, 0xFE, 0x1F, 0xF0, 0xFF, 0x02, 0x2F, 0x11, 0x22, 0x22, 0x22, 0xF2
    .byte   0x22, 0x21, 0x11, 0x32, 0x22, 0x12, 0x3E, 0x01,   46, 0x01, 0xD1, 0xFE, 0xEE, 0x2F, 0xDF, 0xE2
    .byte   0xEE, 0xEF, 0xFE, 0x01, 0x0E, 0x01, 0x10, 0xFF, 0xFF, 0xF0, 0x2E, 0xFF, 0x01, 0x0F, 0x1F, 0x10
    .byte   0x11, 0x0F, 0x00, 0xFE, 0xFF, 0xEF, 0xEF, 0x0E, 0xF0,  -29, 0x0F, 0xEF, 0x10, 0xFF, 0x11, 0x02
    .byte   0x20, 0x21, 0x22, 0x22, 0xF2, 0x21, 0x21, 0x21, 0x13, 0x12, 0x22, 0x3F, 0xE1, 0x12, 0xEE, 0xFE
    .byte   0x0E, 0x01, 0xEE, 0xE2, 0x2D, 0xEE, 0x02, 0xEF, 0xEF, 0xFF,    4, 0x0F, 0xEF, 0xF1, 0x0E, 0x0F
    .byte   0xF0, 0x02, 0xE0, 0x0F, 0x12, 0xFF, 0x00, 0x2E, 0xFF, 0xFF, 0xEF, 0xFE, 0xEE, 0x11, 0xEF, 0x01
    .byte   0xEE, 0x21, 0xFF, 0xF2, 0x20, 0x02, 0x22, 0xF2, 0x22, 0xE2, 0x31,    6, 0x01, 0x22, 0x12, 0x22
    .byte   0x22, 0x2E, 0xE3, 0x1E, 0xEF, 0x10, 0xE0, 0xFF, 0xE0, 0x2F, 0xED, 0x12, 0xFE, 0xEE, 0xF1, 0x1E
    .byte   0xEF, 0x21, 0xEE, 0xF0, 0x1F, 0xFF, 0x00, 0x10, 0x00, 0x11, 0x00, 0xF0,   -7, 0x0F, 0x0E, 0xFF
    .byte   0x00, 0xEF, 0xFF, 0x00, 0xFE, 0x0F, 0x1E, 0xE1, 0x20, 0xE1, 0x22, 0x01, 0x01, 0x02, 0x22, 0xF0
    .byte   0x23, 0x20, 0x11, 0x22, 0x21, 0x02, 0x32, 0xEE, 0x30, 0xFE, 0xF1, 0xE0, 0xF1,   31, 0x0E, 0x02
    .byte   0xEE, 0xEF, 0x0F, 0xED, 0x20, 0xFF, 0xFE, 0x00, 0x1E, 0xEF, 0x01, 0x1E, 0x02, 0x00, 0xF0, 0x1F
    .byte   0x01, 0x0E, 0x12, 0x1E, 0xE1, 0x1F, 0xEF, 0x0E, 0xF0, 0x10, 0xE1, 0x0F, 0xEF, 0x0E,  -34, 0x01
    .byte   0x21, 0x0F, 0x22, 0x10, 0x02, 0x02, 0x12, 0x01, 0x23, 0x1F, 0xF2, 0x30, 0xF0, 0x33, 0xEE, 0x22
    .byte   0x0E, 0x01, 0x1E, 0x01, 0x0E, 0xF2, 0x1D, 0xF0, 0x1F, 0xDF, 0x0F, 0x0E, 0x0F, 0xE1, 0x1F,   -1
    .byte   0x0E, 0x12, 0xEE, 0x02, 0xFF, 0x01, 0x00, 0x01, 0x0F, 0xE1, 0x2F, 0xEF, 0x00, 0x00, 0xFE, 0xE1
    .byte   0x2E, 0xEF, 0xF1, 0xE0, 0x00, 0x0E, 0x21, 0x0E, 0x22, 0x2E, 0x02, 0x11, 0x12, 0x1E, 0x32, 0x2E
    .byte      2, 0x03, 0x0F, 0x03, 0x10, 0x23, 0xEE, 0x23, 0xEE, 0xF2, 0xFE, 0x01, 0x0E, 0x12, 0x0D, 0x01
    .byte   0xFE, 0xEF, 0x0E, 0xFF, 0x0E, 0x01, 0x2E, 0xE0, 0x10, 0xEF, 0xE1, 0x1F, 0x00, 0x2E, 0x10, 0x10
    .byte   0xF0,   -7, 0x0F, 0xE1, 0x1F, 0xFF, 0x10, 0xEF, 0x11, 0xEF, 0x00, 0xFF, 0xF1, 0xEF, 0x02, 0xFE
    .byte   0x12, 0x11, 0xF1, 0x02, 0x21, 0x1E, 0x32, 0x00, 0xF3, 0x11, 0x12, 0x20, 0x22, 0x20, 0xE2, 0x2F
    .byte   0xE0, 0x11,   27, 0x01, 0x10, 0xE2, 0x1F, 0xEE, 0x10, 0xEE, 0xE0, 0xFF, 0xF0, 0xE0, 0x20, 0xEE
    .byte   0xF2, 0xFE, 0xE0, 0x1F, 0x1F, 0xF1, 0x11, 0x1E, 0x01, 0x20, 0xEF, 0x1F, 0x00, 0xE0, 0xF0, 0x0F
    .byte   0xE0, 0x11, 0xE1,  -22, 0x00, 0x0F, 0xE0, 0x1F, 0x10, 0x00, 0x20, 0x20, 0xF1, 0x21, 0x10, 0x22
    .byte   0x12, 0x12, 0x11, 0x22, 0x10, 0x22, 0x2E, 0x02, 0x2F, 0xE1, 0x1F, 0xF1, 0x1E, 0xF1, 0x2E, 0xFE
    .byte   0x10, 0xEE, 0xFE, 0xF0,    6, 0x0F, 0xE1, 0x10, 0x0E, 0xF0, 0x00, 0xEF, 0xFF, 0x2F, 0xF1, 0x00
    .byte   0x10, 0x0F, 0xF1, 0x0E, 0xFF, 0x0F, 0xF0, 0xF0, 0xF0, 0x0F, 0xE1, 0x0F, 0xE1, 0xFF, 0xF1, 0x10
    .byte   0xF0, 0x21, 0x00, 0x2F, 0x01,  -11, 0x00, 0x11, 0x22, 0x02, 0x02, 0x10, 0x22, 0x10, 0x22, 0x20
    .byte   0x01, 0x2E, 0x00, 0x10, 0xE1, 0x2E, 0xE2, 0x1F, 0xEE, 0x1F, 0xEE, 0x1E, 0xE0, 0x2E, 0xEF, 0x2F
    .byte   0xEF, 0x1F, 0xFF, 0xF1, 0xE0, 0x11,   -8, 0x01, 0x10, 0x0F, 0x02, 0xFF, 0xF0, 0x0F, 0xF0, 0xEF
    .byte   0xF0, 0xFF, 0xF0, 0x10, 0x0E, 0x0F, 0x10, 0xEE, 0x11, 0x10, 0x01, 0x12, 0x10, 0x01, 0x12, 0x10
    .byte   0x12, 0x12, 0x12, 0x12, 0x02, 0x02, 0x02,   22, 0x02, 0x2E, 0x10, 0x3E, 0xFF, 0x0F, 0xF1, 0x1E
    .byte   0xF1, 0x1F, 0xEF, 0xE0, 0xE0, 0xEF, 0xE0, 0x00, 0xEF, 0x01, 0x0E, 0xF0, 0xFF, 0x1F, 0x1E, 0x02
    .byte   0x0F, 0xF0, 0x10, 0x10, 0xF0, 0x01, 0x00, 0xE0,  -10, 0x00, 0xF0, 0xEF, 0x01, 0x00, 0xE0, 0x10
    .byte   0xE0, 0xE0, 0x10, 0x00, 0x01, 0x20, 0x11, 0x10, 0x21, 0x02, 0x02, 0x11, 0x22, 0x11, 0x21, 0x01
    .byte   0x21, 0x21, 0x20, 0xF0, 0x20, 0x1F, 0xFF, 0xF0, 0x10,   26, 0x0F, 0xFF, 0xFF, 0x0E, 0xEF, 0xF0
    .byte   0xEF, 0xFF, 0x0E, 0x0F, 0x0F, 0xFF, 0xFF, 0x01, 0x0F, 0xF0, 0x11, 0x00, 0xF0, 0x00, 0xF0, 0x10
    .byte   0xFF, 0x00, 0xFF, 0x0E, 0xFF, 0x1F, 0x0F, 0xF1, 0xFF, 0xF1,  -20, 0x0F, 0x1F, 0x0F, 0x01, 0x2F
    .byte   0x11, 0x11, 0x02, 0x11, 0x10, 0x20, 0x21, 0x10, 0x20, 0x12, 0x00, 0x20, 0x12, 0x11, 0x2F, 0x02
    .byte   0x00, 0xF0, 0xF0, 0x10, 0xFF, 0xF0, 0xE0, 0x0E, 0x0E, 0xEF, 0x0F,    3, 0x00, 0xEF, 0xF0, 0xE0
    .byte   0xFF, 0x0F, 0xFF, 0xF1, 0xF1, 0x10, 0x00, 0x10, 0x11, 0x00, 0x00, 0x10, 0x0F, 0x0F, 0x0F, 0x00
    .byte   0xF0, 0x00, 0xEF, 0xFF, 0xFF, 0xF0, 0xFF, 0x00, 0x11, 0xF1, 0x11, 0x11,  -15, 0x01, 0x11, 0x22
    .byte   0x02, 0x10, 0x22, 0x02, 0x02, 0x02, 0x01, 0x21, 0x20, 0x11, 0x10, 0x10, 0xF0, 0xF1, 0x0E, 0x0E
    .byte   0xFF, 0xEF, 0xEF, 0xEE, 0x0F, 0xEF, 0xFE, 0xFF, 0xF0, 0xEF, 0x0F, 0x10, 0x00,  -14, 0x01, 0x01
    .byte   0x11, 0x01, 0x02, 0x00, 0x10, 0x00, 0x00, 0xF0, 0xF0, 0xFF, 0xFF, 0xFF, 0xF0, 0xE0, 0xF0, 0xE0
    .byte   0xFF, 0xF0, 0x10, 0x11, 0x11, 0x10, 0x20, 0x02, 0x11, 0x21, 0x22, 0x11, 0x21, 0x20,   17, 0x01
    .byte   0x20, 0x22, 0x11, 0x11, 0x11, 0x1F, 0xFF, 0xF0, 0xF1, 0xFE, 0xE0, 0xEF, 0xFE, 0xEE, 0xFE, 0x0F
    .byte   0xEF, 0xEF, 0x0F, 0x0E, 0x00, 0x10, 0x1F, 0x01, 0x10, 0x11, 0x10, 0x11, 0x11, 0x10, 0x0F,   -3
    .byte   0x0F, 0x00, 0xFE, 0x10, 0xFF, 0xFF, 0xFF, 0xF0, 0xE0, 0x0E, 0x1F, 0x0F, 0x01, 0x11, 0x10, 0x02
    .byte   0x10, 0x21, 0x02, 0x12, 0x20, 0x21, 0x12, 0x02, 0x11, 0x11, 0x21, 0x21, 0x10, 0x01, 0x10, 0xFF
    .byte     30, 0x00, 0x1F, 0x0E, 0xFE, 0xF0, 0xEE, 0xFE, 0xEF, 0xFF, 0xFE, 0xFE, 0x0F, 0xFF, 0xFF, 0x01
    .byte   0x00, 0x10, 0x00, 0x02, 0x10, 0x01, 0x11, 0x10, 0x1F, 0x1F, 0x1F, 0xFF, 0xFF, 0xF0, 0xFF, 0xFF
    .byte   0x0E,  -18, 0x0F, 0xFF, 0xFF, 0xFF, 0x10, 0x11, 0x11, 0x11, 0x21, 0x02, 0x01, 0x22, 0x12, 0x12
    .byte   0x02, 0x11, 0x02, 0x01, 0x21, 0x20, 0x10, 0x01, 0x10, 0xFF, 0xFF, 0xF1, 0x0E, 0x0E, 0xE0, 0xFF
    .byte   0xEE, 0xFE,    2, 0x0F, 0xFE, 0xF0, 0xE0, 0x00, 0xE0, 0xF0, 0x11, 0x1F, 0xF0, 0x02, 0x00, 0x00
    .byte   0x10, 0x20, 0x00, 0xF0, 0x00, 0x00, 0xFF, 0xFF, 0x0F, 0x0F, 0xFE, 0xFF, 0x0F, 0xFF, 0x0F, 0x01
    .byte   0x11, 0x01, 0x11,  -14, 0x02, 0x00, 0x21, 0x12, 0x20, 0x20, 0x20, 0x21, 0x11, 0x11, 0x12, 0x11
    .byte   0x11, 0xF1, 0x10, 0x0E, 0x0F, 0x01, 0xFF, 0xEF, 0xE0, 0xF0, 0xEE, 0xFE, 0x00, 0xE0, 0xEF, 0xFF
    .byte   0x00, 0xE0, 0xF0, 0xF1,  -14, 0x00, 0x0F, 0x01, 0x11, 0x10, 0x11, 0x10, 0x0F, 0x01, 0x00, 0xF0
    .byte   0x00, 0x01, 0xFF, 0xFF, 0xFF, 0xF0, 0xFE, 0x10, 0x10, 0xF1, 0xF0, 0x21, 0x11, 0x11, 0x11, 0x22
    .byte   0x01, 0x02, 0x21, 0x20, 0x11,   17, 0x01, 0x20, 0x10, 0x21, 0x00, 0x00, 0x10, 0xFF, 0x0F, 0xF0
    .byte   0x0F, 0xEF, 0xEF, 0x0F, 0xFE, 0xEF, 0x0F, 0xE0, 0xFE, 0xFF, 0x0F, 0xFF, 0x0F, 0x00, 0x1F, 0x0F
    .byte   0x01, 0x02, 0x00, 0x01, 0x10, 0xF0,   -7, 0x0F, 0x1F, 0x0F, 0x10, 0xFF, 0x0F, 0xFF, 0xF0, 0xFF
    .byte   0x0F, 0x0F, 0xF1, 0x00, 0x10, 0x10, 0x20, 0x11, 0x12, 0x02, 0x02, 0x02, 0x02, 0x11, 0x10, 0x21
    .byte   0x11, 0x10, 0x20, 0x10, 0x0F, 0x11, 0x0F,   24, 0x00, 0xF1, 0x10, 0xEE, 0xFF, 0xFF, 0xFE, 0xFF
    .byte   0xE0, 0x0E, 0x0F, 0xEF, 0x00, 0xFF, 0xFF, 0x01, 0xF1, 0xF0, 0x01, 0x01, 0x01, 0x00, 0x10, 0x00
    .byte   0x0F, 0x0F, 0x1F, 0x0F, 0xF0, 0x0F, 0x0F, 0x0F,  -16, 0x0F, 0x00, 0xF0, 0x00, 0x00, 0x11, 0x11
    .byte   0x10, 0x20, 0x21, 0x11, 0x02, 0x12, 0x11, 0x02, 0x02, 0x10, 0x01, 0x10, 0x21, 0x01, 0xFF, 0x11
    .byte   0x1F, 0x0E, 0x00, 0x00, 0xFF, 0xEF, 0xF0, 0xFF, 0xEE,    4, 0x00, 0xF0, 0xEF, 0xEF, 0x00, 0xFF
    .byte   0xF0, 0xF0, 0xF1, 0x0F, 0xF0, 0x10, 0x11, 0x00, 0x11, 0x1F, 0xFF, 0x10, 0x0F, 0x00, 0xF0, 0x00
    .byte   0xF0, 0xF0, 0xF0, 0xF0, 0xFF, 0x00, 0x10, 0x00, 0x10, 0x21,  -10, 0x01, 0x01, 0x20, 0x20, 0x02
    .byte   0x01, 0x21, 0x02, 0x01, 0x11, 0x11, 0x10, 0x02, 0x00, 0x00, 0x10, 0x0F, 0xFF, 0xF1, 0x0F, 0xF0
    .byte   0xEF, 0xFF, 0x0E, 0x0E, 0xFF, 0x0E, 0x0F, 0xE0, 0xF0, 0xFF, 0xFF,  -12, 0x00, 0x01, 0xFF, 0x00
    .byte   0x01, 0x10, 0x1F, 0x11, 0x10, 0xFF, 0x00, 0x01, 0x0F, 0x0F, 0x00, 0xF1, 0xFF, 0x0F, 0xF0, 0x1F
    .byte   0x0F, 0x00, 0x10, 0x11, 0x11, 0x02, 0x01, 0x02, 0x00, 0x20, 0x21, 0x11,   11, 0x01, 0x11, 0x11
    .byte   0x1F, 0x2F, 0x10, 0x20, 0xF0, 0x00, 0x10, 0xF0, 0xE0, 0x11, 0x0E, 0xF0, 0xFF, 0xFF, 0xE0, 0xEF
    .byte   0xFF, 0x0E, 0x0E, 0x1F, 0x0F, 0xFF, 0xFF, 0x10, 0xF0, 0xF0, 0x10, 0x2F, 0xF0,  -10, 0x01, 0x01
    .byte   0x00, 0xFF, 0x00, 0x10, 0xF0, 0xFF, 0x01, 0x0F, 0xFF, 0x0F, 0x00, 0x0F, 0x00, 0x01, 0x10, 0x11
    .byte   0x02, 0x01, 0x20, 0x02, 0x11, 0x02, 0x10, 0x20, 0x11, 0x11, 0x00, 0x11, 0x11, 0x11,   22, 0x00
    .byte   0xF0, 0x11, 0xFF, 0xFF, 0xF0, 0x10, 0x0E, 0xFF, 0xF0, 0x0F, 0xEF, 0xFE, 0x1F, 0xFE, 0xFF, 0xF0
    .byte   0x0F, 0xFF, 0xF0, 0x00, 0x0F, 0x00, 0x01, 0x01, 0x00, 0x1F, 0x10, 0x01, 0xFF, 0xF1, 0xF1,  -11
    .byte   0x01, 0xFF, 0x00, 0x0F, 0xF0, 0x0F, 0x01, 0xF0, 0x01, 0x01, 0x11, 0x11, 0x10, 0x20, 0x12, 0x00
    .byte   0x20, 0x12, 0x00, 0x21, 0x01, 0x00, 0x11, 0x0F, 0x00, 0x20, 0x0F, 0xF1, 0x00, 0x0F, 0xFF, 0xF1
    .byte     18, 0x00, 0xE0, 0xFF, 0xF0, 0xFF, 0xEF, 0xFF, 0xFF, 0xF0, 0xE0, 0xFF, 0x1F, 0xF1, 0xE1, 0x0F
    .byte   0x1F, 0xF0, 0x01, 0x10, 0x01, 0xF1, 0xF0, 0x00, 0x0F, 0x00, 0x00, 0x0F, 0x1F, 0x0F, 0x00, 0xF0
    .byte   0xF1,  -15, 0x01, 0x01, 0x00, 0x11, 0x11, 0x02, 0x01, 0x11, 0x02, 0x02, 0x01, 0x10, 0x21, 0x10
    .byte   0x00, 0x11, 0x10, 0x0F, 0x02, 0x00, 0xF0, 0x00, 0x1F, 0xFF, 0xFF, 0x11, 0xFF, 0xFF, 0xFF, 0x00
    .byte   0xFE, 0xF0,    4, 0x0F, 0xF0, 0xEF, 0x0F, 0xFF, 0x0F, 0xFF, 0xF1, 0xFF, 0xF1, 0x0F, 0x01, 0x0F
    .byte   0x01, 0xF1, 0xF0, 0x00, 0x00, 0xFF, 0x10, 0x00, 0x00, 0x0F, 0x01, 0xF1, 0x01, 0xF1, 0x01, 0x11
    .byte   0x01, 0x10, 0x20,   -3, 0x00, 0x21, 0x11, 0x11, 0x11, 0x02, 0x01, 0x1F, 0x11, 0x11, 0xF1, 0xF0
    .byte   0x11, 0x01, 0xF0, 0x1F, 0x00, 0xFF, 0xF0, 0x00, 0xFF, 0xFF, 0x0F, 0x0E, 0x0F, 0xFF, 0xFF, 0xF0
    .byte   0xE0, 0xF0, 0x0F, 0xFF,   -9, 0x00, 0x00, 0x0F, 0xFF, 0x10, 0x00, 0x0F, 0x01, 0xF0, 0x1F, 0xF0
    .byte   0xF1, 0x1F, 0x00, 0x00, 0x01, 0x0F, 0x00, 0x11, 0x00, 0x1F, 0x11, 0x11, 0x10, 0x10, 0x12, 0x01
    .byte   0x11, 0x01, 0x20, 0x10, 0x01,   11, 0x01, 0x10, 0x01, 0x01, 0x00, 0x01, 0x11, 0x0F, 0x10, 0x1F
    .byte   0xF0, 0xFF, 0x00, 0x0F, 0x0F, 0xFF, 0x00, 0xE0, 0xFF, 0xFF, 0x0E, 0xFF, 0xF0, 0xFF, 0xFF, 0x0F
    .byte   0xF0, 0xF0, 0xFF, 0x00, 0x01, 0x0F,  -13, 0x00, 0x1F, 0x01, 0xF1, 0xF1, 0x01, 0x00, 0xF0, 0x10
    .byte   0x10, 0xF1, 0xF1, 0x11, 0x0F, 0x10, 0x11, 0x00, 0x11, 0x11, 0x10, 0x11, 0x11, 0x01, 0x11, 0x10
    .byte   0x02, 0x00, 0x11, 0x00, 0x1F, 0x01, 0xF0,   14, 0x00, 0x11, 0x0F, 0x10, 0x00, 0xFF, 0xF0, 0x10
    .byte   0xFF, 0xFF, 0x1F, 0x0E, 0xFF, 0xF0, 0xFF, 0x0E, 0x0F, 0x0F, 0xF0, 0xE0, 0x00, 0x0F, 0x0F, 0x00
    .byte   0x00, 0x00, 0xF0, 0x10, 0x10, 0x1F, 0xF1, 0x01,   -9, 0x0F, 0xF0, 0x01, 0x10, 0x0F, 0x00, 0x11
    .byte   0x00, 0x00, 0x01, 0x11, 0x00, 0x00, 0x20, 0x11, 0x01, 0x11, 0x11, 0x00, 0x11, 0x11, 0x10, 0x10
    .byte   0x10, 0x10, 0xF0, 0x01, 0x11, 0xFF, 0x10, 0x1F, 0xFF,   12, 0x01, 0x01, 0xFF, 0xFF, 0xF0, 0xFF
    .byte   0x0E, 0x0F, 0xFF, 0xFF, 0xFF, 0xF0, 0xF0, 0xFF, 0xF1, 0xF0, 0xF0, 0x0F, 0x00, 0xF1, 0x00, 0x10
    .byte   0x00, 0x00, 0x0F, 0x01, 0x00, 0x00, 0x1F, 0x01, 0x00, 0xF1,   -9, 0x00, 0x01, 0x10, 0xF1, 0x01
    .byte   0x11, 0x01, 0x01, 0x11, 0x11, 0x01, 0x10, 0x02, 0x01, 0x00, 0x11, 0xF1, 0x00, 0x10, 0x11, 0x01
    .byte   0xF1, 0x10, 0x1F, 0xFF, 0x0F, 0x10, 0x0F, 0xFF, 0x0F, 0xFF, 0xFF,    4, 0x00, 0xFF, 0xFF, 0xFF
    .byte   0xF0, 0xFF, 0xFF, 0x0F, 0x01, 0xFF, 0x0F, 0x01, 0x00, 0x00, 0x00, 0x01, 0x0F, 0xF0, 0x1F, 0x1F
    .byte   0x0F, 0x00, 0x10, 0x00, 0x00, 0x00, 0x10, 0x01, 0xF1, 0x11, 0x01, 0xF1,   -4, 0x01, 0x11, 0x10
    .byte   0x10, 0x11, 0x11, 0x11, 0x11, 0x01, 0x01, 0x01, 0x00, 0x11, 0x01, 0xF1, 0x1F, 0x10, 0xFF, 0xF0
    .byte   0x10, 0xFF, 0xFF, 0xF0, 0xFF, 0xFF, 0xFF, 0xFF, 0xFF, 0xFF, 0xF0, 0x0F, 0x00,   -6, 0x00, 0x01
    .byte   0xFF, 0xF0, 0x0F, 0x10, 0x10, 0xF0, 0x10, 0x0F, 0xF0, 0x0F, 0x10, 0x0F, 0x00, 0x11, 0xFF, 0x1F
    .byte   0x1F, 0x10, 0x00, 0x01, 0x11, 0x00, 0x10, 0x11, 0x11, 0x01, 0x11, 0x10, 0x11, 0x11,    7, 0x01
    .byte   0x11, 0x10, 0xF0, 0x11, 0x11, 0x01, 0x00, 0x10, 0xF1, 0xE1, 0x01, 0xFF, 0x0F, 0x0F, 0xFF, 0xFF
    .byte   0xFF, 0xFF, 0xFF, 0x0E, 0x10, 0xF0, 0xF0, 0xF0, 0x00, 0x0F, 0xF0, 0x01, 0x00, 0x00, 0x00,   -6
    .byte   0x00, 0x0F, 0xF0, 0x0F, 0x1F, 0x00, 0x01, 0x00, 0x0F, 0x00, 0x0F, 0x01, 0x1F, 0x01, 0x10, 0x01
    .byte   0x01, 0x11, 0x01, 0x10, 0x11, 0x11, 0x01, 0x11, 0x10, 0x11, 0x00, 0x00, 0x11, 0x01, 0x10, 0x01
    .byte     13, 0x01, 0x0F, 0x00, 0xF0, 0xF0, 0x0F, 0x0F, 0x0F, 0x0E, 0x0F, 0x0F, 0x0F, 0xF0, 0xF0, 0xF0
    .byte   0xFF, 0x0F, 0x00, 0x00, 0x0F, 0xFF, 0x10, 0x1F, 0x00, 0xF1, 0x00, 0x1F, 0xF0, 0x01, 0x00, 0xFF
    .byte   0x01,   -7, 0x00, 0xF1, 0x00, 0x01, 0xF0, 0x00, 0x01, 0x11, 0x10, 0x00, 0x11, 0x10, 0x01, 0x11
    .byte   0x11, 0x01, 0xF1, 0x01, 0x0F, 0x10, 0x10, 0x10, 0x00, 0x10, 0x00, 0xF0, 0xF0, 0x01, 0x0F, 0xFF
    .byte   0x00, 0x00,    4, 0x00, 0xF0, 0x0F, 0x0F, 0x0F, 0xF0, 0xF0, 0xFF, 0x10, 0x01, 0xF0, 0xF0, 0x00
    .byte   0xF1, 0xF0, 0x01, 0x11, 0xF0, 0xF1, 0x00, 0x00, 0xF0, 0x00, 0x00, 0xF0, 0x10, 0x0F, 0x00, 0x00
    .byte   0x01, 0x0F, 0x1F,   -5, 0x01, 0x01, 0x00, 0x10, 0x10, 0x1F, 0x10, 0x11, 0x01, 0x01, 0x1F, 0x00
    .byte   0x1F, 0x10, 0xF1, 0x10, 0x01, 0x0F, 0x00, 0x00, 0xFF, 0x10, 0xF0, 0x00, 0xF0, 0x0F, 0x00, 0xF1
    .byte   0xF0, 0x0F, 0xF1, 0x0F,   -1, 0x00, 0x0F, 0x10, 0x1F, 0x00, 0xF0, 0x1F, 0x01, 0x0F, 0x01, 0xF1
    .byte   0x00, 0xF0, 0xF1, 0x00, 0x0F, 0x1F, 0x00, 0x01, 0x00, 0x00, 0x01, 0xF0, 0x00, 0xF1, 0x00, 0x1F
    .byte   0x00, 0x10, 0x01, 0xF0, 0x01,    0, 0x00, 0x1F, 0x10, 0xF0, 0x10, 0x00, 0x00, 0x1F, 0x1F, 0x01
    .byte   0xF0, 0x1F, 0x1F, 0x10, 0x00, 0x0F, 0x00, 0x00, 0x1F, 0x00, 0x00, 0x00, 0x00, 0x0F, 0x10, 0x00
    .byte   0x0F, 0x00, 0x1F, 0x00, 0x1F, 0x1F,    0, 0x00, 0x00, 0xF1, 0x0F, 0x01, 0xF1, 0x0F, 0x00, 0x0F
    .byte   0x10, 0x00, 0x01, 0xFF, 0x1F, 0x01, 0x00, 0xF1, 0x00, 0x1F, 0x00, 0x1F, 0x00, 0x01, 0xF1, 0xF0
    .byte   0x01, 0x0F, 0x1F, 0x10, 0xF1, 0x00, 0x00,    0, 0x01, 0xF0, 0x00, 0x01, 0xF1, 0xF0, 0x00, 0x00
    .byte   0x00, 0x01, 0xF1, 0x0F, 0x10, 0x0F, 0x01, 0x0F, 0x01, 0xF1, 0xF0, 0x10, 0x00, 0xF0, 0xF1, 0x00
    .byte   0xF1, 0x01, 0xF0, 0x00, 0x00, 0x00, 0x00, 0x00,    1, 0x0F, 0x00, 0xF1, 0xF0, 0x1F, 0x01, 0xF1
    .byte   0x00, 0xF0, 0x00, 0x1F, 0x10, 0xF0, 0x10, 0x00, 0xF1, 0x00, 0x0F, 0x10, 0xF0, 0x01, 0x00, 0x01
    .byte   0x0F, 0x01, 0xF0, 0x00, 0x00, 0x00, 0x1F, 0x00, 0x01,    0, 0x00, 0x01, 0xF0, 0x01, 0x0F, 0xF0
    .byte   0x1F, 0x10, 0x10, 0x0F, 0x00, 0x00, 0x00, 0x1F, 0x01, 0xF0, 0x00, 0x10, 0xF0, 0x00, 0x01, 0xFF
    .byte   0x00, 0x01, 0x00, 0x0F, 0x01, 0x00, 0x0F, 0x11, 0xF0, 0xF1,    1, 0x0F, 0x1F, 0x01, 0xF1, 0xF0
    .byte   0x00, 0x10, 0xF0, 0x00, 0x00, 0x0F, 0x10, 0x00, 0xF0, 0x1F, 0x10, 0x00, 0xF0, 0x1F, 0x11, 0xF0
    .byte   0x01, 0x00, 0xF0, 0xFF, 0xEF, 0xF0, 0x02, 0x02, 0x13, 0x21, 0x0F,   13, 0x00, 0x4F, 0xAD, 0x3E
    .byte   0x02, 0xFE, 0xEF, 0x31, 0x3C, 0xF4, 0xD3, 0x3E, 0x31, 0xD2, 0x3E, 0x0E, 0xC2, 0x1C, 0x4D, 0x12
    .byte   0xC4, 0xF1, 0x2D, 0x22, 0xF2, 0x11, 0x1E, 0x10, 0x12, 0xDF, 0x2E, 0xE2,   -2, 0x00, 0xEE, 0x22
    .byte   0x0E, 0x21, 0x01, 0x12, 0x2D, 0x12, 0xE1, 0x1E, 0x21, 0xD0, 0x20, 0x2E, 0xE2, 0x2F, 0x02, 0x0E
    .byte   0x01, 0x12, 0xEE, 0x2E, 0x10, 0x12, 0xED, 0x21, 0x12, 0xFE, 0x1E, 0x02, 0x20,    2, 0x0E, 0xF1
    .byte   0x3E, 0x1F, 0xE0, 0x10, 0x2F, 0xEE, 0x12, 0x11, 0x00, 0xE0, 0x12, 0xFF, 0xE1, 0x01, 0x10, 0x0F
    .byte   0xF0, 0x21, 0xFE, 0xF0, 0x01, 0x11, 0xFF, 0x02, 0xF0, 0xF0, 0xFF, 0x10, 0x10, 0xF1,    1, 0x00
    .byte   0xFF, 0x00, 0x10, 0x10, 0xF0, 0x01, 0x1F, 0x0F, 0xF0, 0x10, 0x00, 0xF0, 0x11, 0xF1, 0x00, 0xFF
    .byte   0x10, 0x00, 0x0F, 0x10, 0x10, 0x00, 0xFF, 0xF1, 0x01, 0x00, 0xF0, 0x11, 0x00, 0x0F, 0x1F,    0
    .byte   0x00, 0x0F, 0x01, 0x0F, 0x1F, 0x10, 0xF1, 0x10, 0xF1, 0xFF, 0x1F, 0x11, 0xFF, 0x1F, 0x00, 0x10
    .byte   0x1F, 0xF1, 0x1F, 0x10, 0xF0, 0xF1, 0x01, 0xF1, 0xF0, 0x10, 0xFF, 0x00, 0x11, 0x00, 0xFF, 0x01
    .byte      1, 0x01, 0xFF, 0xF0, 0x01, 0x00, 0xFF, 0x10, 0x11, 0x0F, 0xF1, 0x00, 0x01, 0xFF, 0x00, 0x11
    .byte   0x0F, 0xF1, 0xF0, 0x10, 0xFF, 0x01, 0x11, 0x0F, 0x0F, 0x11, 0x0F, 0x0F, 0x01, 0x00, 0x1F, 0xF0
    .byte   0x01,    1, 0x0F, 0xFF, 0x11, 0x10, 0xF0, 0x01, 0x01, 0xFF, 0xF0, 0x01, 0x00, 0xF0, 0x10, 0x10
    .byte   0x00, 0xFF, 0x10, 0x00, 0x00, 0x01, 0x01, 0xF0, 0xFF, 0x01, 0xF1, 0x0F, 0x11, 0x10, 0xFF, 0xF1
    .byte   0x00, 0x00,   -1, 0x0F, 0x00, 0x20, 0x0F, 0xFF, 0x11, 0x00, 0xFF, 0x01, 0x01, 0x00, 0xF1, 0xFF
    .byte   0x00, 0x0F, 0x01, 0x11, 0x0F, 0x01, 0xF1, 0x0F, 0xF0, 0x01, 0x00, 0x01, 0xF0, 0x1F, 0x0F, 0x01
    .byte   0x00, 0x1F, 0x00,    0, 0x0F, 0x10, 0x00, 0x0F, 0x10, 0x00, 0x01, 0xFF, 0x11, 0xF0, 0x00, 0x00
    .byte   0x00, 0x0F, 0x1F, 0x11, 0xF0, 0x00, 0x00, 0x01, 0xF0, 0x10, 0xF0, 0x0F, 0x01, 0x00, 0x0F, 0x00
    .byte   0x10, 0x1F, 0x10, 0xF0,    0, 0x00, 0x0F, 0x01, 0x00, 0x01, 0xF1, 0xF0, 0x0F, 0x00, 0x00, 0x01
    .byte   0x01, 0x0F, 0x00, 0x00, 0x00, 0xF1, 0x0F, 0x10, 0xF0, 0x10, 0x00, 0x00, 0x00, 0x0F, 0x10, 0x10
    .byte   0xF0, 0x1F, 0x00, 0x0F, 0x01,    0, 0x00, 0x01, 0x0F, 0x00, 0x1F, 0x0F, 0x11, 0xF0, 0xF1, 0x01
    .byte   0xF0, 0xF1, 0xF1, 0xF1, 0x00, 0x00, 0x10, 0xF0, 0x00, 0x00, 0xF0, 0x10, 0x0F, 0x10, 0x00, 0x1F
    .byte   0x00, 0x1F, 0x00, 0x01, 0xF0, 0x01,    0, 0x00, 0xF1, 0x00, 0xF1, 0xF1, 0x00, 0x1F, 0x1F, 0x00
    .byte   0x00, 0x00, 0x00, 0x00, 0x00, 0xF1, 0x1F, 0x1F, 0xF1, 0x00, 0x10, 0xF0, 0xF1, 0x00, 0x1F, 0x01
    .byte   0xF1, 0xF0, 0x0F, 0x01, 0x00, 0x0F, 0x10,    0, 0x00, 0xF1, 0xF0, 0x10, 0x1F, 0x01, 0xF0, 0x00
    .byte   0x00, 0x0F, 0x01, 0x1F, 0x00, 0x1F, 0x00, 0x00, 0x1F, 0x1F, 0x00, 0x00, 0x00, 0x00, 0x00, 0x00
    .byte   0x1F, 0x00, 0x00, 0x10, 0xF0, 0x00, 0x01, 0xF0,    0, 0x01, 0xF0, 0x0F, 0x10, 0xF1, 0x10, 0x0F
    .byte   0x10, 0xFF, 0x11, 0xF0, 0x00, 0x10, 0xFF, 0x10, 0x00, 0x00, 0xF1, 0x00, 0x01, 0x0F, 0x00, 0x00
    .byte   0x00, 0x00, 0xF1, 0xF1, 0x00, 0x00, 0x1F, 0x00, 0x00,    1, 0x0F, 0x00, 0x0F, 0x11, 0xF1, 0xF0
    .byte   0x00, 0x1F, 0x00, 0x00, 0x00, 0x00, 0xF1, 0x00, 0x00, 0xF1, 0x1F, 0x00, 0x00, 0x00, 0x00, 0x0F
    .byte   0x10, 0x0F, 0x10, 0x00, 0x01, 0xFF, 0x10, 0x00, 0x0F, 0x10,    0, 0x00, 0x00, 0x01, 0xF0, 0x00
    .byte   0x01, 0xF0, 0x01, 0xF0, 0x0F, 0x10, 0x00, 0x00, 0x0F, 0x01, 0x10, 0xF0, 0x00, 0x00, 0x1F, 0x00
    .byte   0x00, 0x00, 0x01, 0xF0, 0x01, 0xF1, 0xF0, 0xF1, 0x00, 0x0F, 0x10,    0, 0x00, 0x00, 0x00, 0x1F
    .byte   0xF1, 0x00, 0x00, 0x00, 0x00, 0x00, 0xF1, 0x0F, 0x11, 0xFF, 0x10, 0x00, 0x00, 0x00, 0x00, 0xF1
    .byte   0x0F, 0x10, 0x10, 0xF0, 0x00, 0x00, 0x1F, 0x00, 0x00, 0x1F, 0x00, 0x00,    0, 0x00, 0x00, 0x1F
    .byte   0x01, 0xF0, 0x01, 0xF0, 0x00, 0x0F, 0x10, 0x00, 0x00, 0x00, 0x00, 0x00, 0x00, 0x00, 0x01, 0xF0
    .byte   0x10, 0xF0, 0x00, 0x00, 0xF1, 0x00, 0xF1, 0x1F, 0x00, 0x00, 0x00, 0x00, 0x00,    1, 0x0F, 0x00
    .byte   0x00, 0x00, 0x01, 0xF0, 0x00, 0x00, 0x1F, 0x1F, 0x00, 0x0F, 0x11, 0xF0, 0xF1, 0x00, 0x00, 0x00
    .byte   0xF0, 0x11, 0xF0, 0x01, 0xF0, 0x1F, 0x10, 0xF0, 0x00, 0x0F, 0x10, 0xF0, 0x10, 0x00,    0, 0x01
    .byte   0x0F, 0x00, 0x00, 0x0F, 0x10, 0x00, 0x00, 0x01, 0xF0, 0x00, 0x00, 0x00, 0x00, 0xF1, 0x01, 0xF0
    .byte   0x00, 0x00, 0x00, 0x00, 0x1F, 0x0F, 0x01, 0x00, 0x0F, 0x1F, 0x10, 0xF1, 0x00, 0x00, 0x01,    0
    .byte   0x00, 0x1F, 0x1F, 0x00, 0x0F, 0x1F, 0x1F, 0x1F, 0x11, 0xF0, 0x00, 0x1F, 0x00, 0xF1, 0x00, 0x00
    .byte   0x0F, 0x10, 0x00, 0x00, 0x00, 0x0F, 0x10, 0xF1, 0x1F, 0xF1, 0xF0, 0x10, 0x0F, 0x10, 0xF1, 0x1F
    .byte      0, 0x00, 0xF1, 0x00, 0xF1, 0x00, 0x00, 0x01, 0xF0, 0x01, 0xF1, 0xF0, 0x00, 0x00, 0x00, 0xF1
    .byte   0xF1, 0x0F, 0x10, 0x10, 0xF0, 0x00, 0x00, 0xF1, 0x01, 0x0F, 0xF1, 0x00, 0x0F, 0x10, 0x00, 0x00
    .byte   0x00,    0, 0x00, 0x00, 0x00, 0x00, 0x00, 0x00, 0xF1, 0x00, 0x01, 0xF1, 0xF0, 0x00, 0x00, 0x00
    .byte   0x0F, 0x01, 0x0F, 0x10, 0x00, 0x00, 0x00, 0x00, 0x00, 0x00, 0xF1, 0x00, 0x00, 0x00, 0x00, 0x00
    .byte   0x1F, 0x01,    0, 0x00, 0x00, 0x1F, 0x01, 0xF0, 0x00, 0x00, 0x01, 0xFF, 0x10, 0x00, 0x00, 0x00
    .byte   0x10, 0xF0, 0x00, 0x00, 0x00, 0x00, 0xF1, 0x00, 0x1F, 0x00, 0x01, 0x0F, 0x00, 0x00, 0x00, 0x00
    .byte   0x00, 0x00, 0x00,    0, 0x00, 0x00, 0x1F, 0x1F, 0x01, 0xF0, 0x00, 0x01, 0xF1, 0xFF, 0x10, 0xF1
    .byte   0x00, 0x00, 0x01, 0xF0, 0x0F, 0x10, 0x01, 0x0F, 0x01, 0xF0, 0x10, 0x0F, 0x0F, 0x01, 0x0F, 0x10
    .byte   0x00, 0x00, 0x0F, 0x10,    1, 0x0F, 0x00, 0x01, 0xF0, 0x01, 0xF0, 0x00, 0x00, 0x00, 0xF1, 0x00
    .byte   0x01, 0xF0, 0x00, 0x1F, 0x1F, 0x01, 0xF1, 0xF0, 0x01, 0xF1, 0xF0, 0xF1, 0x00, 0x0F, 0x10, 0x00
    .byte   0x00, 0x10, 0xF0, 0x00, 0x00,    1, 0x0F, 0x00, 0x00, 0x00, 0x0F, 0x10, 0x01, 0xF0, 0x0F, 0x1F
    .byte   0x10, 0x00, 0x00, 0x00, 0x00, 0x0F, 0x10, 0x00, 0x1F, 0xF1, 0x00, 0x00, 0x00, 0x00, 0x00, 0x00
    .byte   0x00, 0x00, 0x01, 0xF0, 0x00, 0xF1,    0, 0x01, 0xF0, 0x01, 0xF0, 0x00, 0x01, 0xF1, 0xF1, 0xF0
    .byte   0x01, 0xF0, 0x00, 0x00, 0x00, 0x00, 0x00, 0x00, 0x00, 0x00, 0x00, 0x00, 0x00, 0xF1, 0x00, 0x0F
    .byte   0x10, 0xF1, 0x00, 0x00, 0x1F, 0x1F, 0x10,    1, 0x0F, 0x00, 0x00, 0x00, 0x01, 0x0F, 0xF1, 0x00
    .byte   0x00, 0x00, 0x00, 0x00, 0x00, 0xF1, 0x01, 0x0F, 0x00, 0x0F, 0x10, 0x00, 0xF1, 0x00, 0x00, 0x00
    .byte   0x00, 0xF1, 0x00, 0x1F, 0x0F, 0x10, 0xF1, 0xF0,   -1, 0x01, 0x00, 0x00, 0x00, 0x01, 0xF1, 0xF0
    .byte   0x00, 0x1F, 0xF1, 0x00, 0x00, 0x01, 0xFF, 0x10, 0xF1, 0x00, 0x00, 0x00, 0x1F, 0x1F, 0x01, 0xF0
    .byte   0xF1, 0x00, 0x00, 0x01, 0xF0, 0x00, 0x00, 0x00, 0x01,    0, 0x0F, 0x10, 0x00, 0xF1, 0x0F, 0x10
    .byte   0x0F, 0x10, 0x0F, 0x10, 0xF1, 0x01, 0x0F, 0x01, 0xFF, 0x10, 0x00, 0x00, 0x00, 0x1F, 0x1F, 0xF1
    .byte   0x00, 0xF0, 0x10, 0xF1, 0xF1, 0x00, 0x00, 0x0F, 0x10, 0x00,    0, 0x00, 0xF1, 0x00, 0x00, 0x00
    .byte   0x00, 0x00, 0x00, 0x1F, 0x0F, 0x10, 0xF1, 0x00, 0x01, 0xF0, 0x00, 0x01, 0xF0, 0x01, 0xF0, 0x00
    .byte   0x00, 0x00, 0x00, 0xF1, 0x1F, 0x0F, 0x10, 0x0F, 0x10, 0x00, 0x00,    0, 0x00, 0x00, 0x00, 0x00
    .byte   0x1F, 0x00, 0x00, 0x0F, 0x10, 0x01, 0xFF, 0x01, 0x01, 0xF0, 0x1F, 0x01, 0xF0, 0xF1, 0x00, 0x00
    .byte   0x1F, 0x01, 0xF0, 0x00, 0x00, 0xF1, 0x1F, 0x00, 0x01, 0x0F, 0x00, 0x00,    1, 0x0F, 0x1F, 0x00
    .byte   0x00, 0x1F, 0x0F, 0x10, 0x00, 0x00, 0x00, 0x00, 0x10, 0xF0, 0x01, 0x0F, 0x00, 0x0F, 0x10, 0x00
    .byte   0x00, 0x00, 0x1F, 0x1F, 0x01, 0x0F, 0x00, 0x00, 0x00, 0x0F, 0x1F, 0x10, 0x00,    0, 0x00, 0x00
    .byte   0x00, 0x00, 0x00, 0x00, 0x00, 0x00, 0x00, 0x00, 0x00, 0x00, 0x00, 0x00, 0x00, 0x00, 0x00, 0x00
    .byte   0x00, 0xF1, 0x00, 0x00, 0x00, 0x01, 0xF0, 0x00, 0x1F, 0x00, 0xF1, 0x00, 0x00, 0x01,    0, 0x00
    .byte   0x01, 0xF0, 0x00, 0x00, 0x00, 0x00, 0x1F, 0x00, 0x01, 0xF0, 0x00, 0xF0, 0x1F, 0x10, 0x1F, 0x00
    .byte   0x00, 0x00, 0x00, 0x00, 0x00, 0x00, 0x1F, 0xF1, 0x0F, 0x10, 0x10, 0x0F, 0xF1, 0x00, 0xF1,    0
    .byte   0x00, 0xF1, 0x00, 0x0F, 0x10, 0x00, 0x00, 0xF1, 0xF1, 0x0F, 0x10, 0x00, 0x0F, 0x01, 0x01, 0xF1
    .byte   0xF0, 0xF1, 0x00, 0x00, 0x00, 0x00, 0x00, 0xF1, 0x00, 0x00, 0x00, 0x00, 0x00, 0x00, 0x00, 0x00
    .byte      0, 0x00, 0x00, 0x00, 0x00, 0x00, 0x00, 0x0F, 0x10, 0x01, 0xF0, 0x00, 0x00, 0x00, 0x00, 0x0F
    .byte   0x10, 0x00, 0x00, 0x01, 0xF0, 0xF0, 0x10, 0x01, 0xF1, 0xF0, 0x1F, 0x00, 0x00, 0xF1, 0x00, 0x01
    .byte   0xF0,    0, 0x0F, 0x10, 0x01, 0xF0, 0xF1, 0x00, 0x00, 0x0F, 0x11, 0x0F, 0x00, 0x10, 0xF0, 0x01
    .byte   0xF0, 0x0F, 0x11, 0xF0, 0x00, 0x00, 0x00, 0x0F, 0x10, 0x00, 0x00, 0x00, 0x00, 0x1F, 0x00, 0x1F
    .byte   0x00, 0x00,    1, 0x0F, 0x01, 0xF0, 0x00, 0xF0, 0x01, 0x00, 0x01, 0xF0, 0xF1, 0xF1, 0x01, 0xF0
    .byte   0xF1, 0x00, 0x00, 0x00, 0x0F, 0x10, 0x00, 0x00, 0x00, 0x00, 0x01, 0xF0, 0x1F, 0x00, 0x00, 0x0F
    .byte   0x10, 0x01, 0xF1,    0, 0x00, 0xF1, 0x1F, 0x00, 0x0F, 0x10, 0xF1, 0x00, 0x00, 0x00, 0xF1, 0x1F
    .byte   0x00, 0x00, 0xF1, 0x00, 0x00, 0x00, 0x00, 0x00, 0x1F, 0x01, 0xF0, 0xF1, 0x00, 0x0F, 0x1F, 0x10
    .byte   0xF1, 0x1F, 0x00, 0x00,    0, 0x00, 0x00, 0x00, 0x00, 0x01, 0xF0, 0x00, 0x00, 0x0F, 0x10, 0x0F
    .byte   0x10, 0xF1, 0x00, 0x00, 0x0F, 0x10, 0x1F, 0x00, 0x01, 0xF0, 0x0F, 0x10, 0x00, 0x00, 0x1F, 0x00
    .byte   0x0F, 0x10, 0x00, 0x00, 0xF1,    0, 0x00, 0x00, 0x00, 0x01, 0x00, 0xF0, 0x00, 0x00, 0x00, 0xF1
    .byte   0x00, 0x01, 0x0F, 0x01, 0xF1, 0xF0, 0x10, 0xF0, 0xF1, 0x00, 0x00, 0x1F, 0xF1, 0x00, 0x01, 0xF0
    .byte   0x00, 0x00, 0x00, 0x00, 0x1F, 0x00,    0, 0x00, 0xF1, 0x00, 0x00, 0x1F, 0x1F, 0x00, 0xF1, 0x00
    .byte   0x1F, 0xF1, 0x0F, 0x10, 0xF1, 0x1F, 0x00, 0x00, 0x00, 0x00, 0x10, 0xFF, 0x10, 0x00, 0x00, 0x00
    .byte   0x1F, 0x01, 0xF1, 0xF0, 0x1F, 0x01, 0xF0,    0, 0x00, 0x01, 0xF0, 0x0F, 0x10, 0x01, 0x0F, 0x01
    .byte   0x0F, 0x00, 0x00, 0x00, 0x00, 0x00, 0x00, 0x00, 0x0F, 0x01, 0xF1, 0xF1, 0xF0, 0x1F, 0x1F, 0x10
    .byte   0x00, 0x00, 0x00, 0x01, 0x00, 0xF1, 0xFF, 0x10,   -1, 0x01, 0x00, 0x00, 0x0F, 0x10, 0x00, 0x00
    .byte   0x00, 0x00, 0x1F, 0x00, 0x00, 0x00, 0x00, 0x00, 0x00, 0x00, 0x00, 0x0F, 0x10, 0xF1, 0x00, 0x00
    .byte   0x00, 0x00, 0x00, 0x0F, 0x10, 0xF1, 0x00, 0x00, 0x00,    0, 0x0F, 0x11, 0xF0, 0x00, 0x00, 0x00
    .byte   0x0F, 0x10, 0x00, 0x00, 0x0F, 0x10, 0xF1, 0x1F, 0x00, 0x1F, 0x0F, 0x10, 0x00, 0x00, 0x00, 0x00
    .byte   0x00, 0x00, 0xF1, 0x00, 0x01, 0xF0, 0x1F, 0x0F, 0x10, 0x01,    0, 0x0F, 0x10, 0x00, 0x00, 0x00
    .byte   0x00, 0x0F, 0x11, 0xF0, 0x00, 0x00, 0x00, 0x00, 0xF1, 0x00, 0x00, 0x00, 0x1F, 0x1F, 0x0F, 0x10
    .byte   0x00, 0x0F, 0x10, 0xF0, 0x10, 0xF1, 0x00, 0x1F, 0x00, 0x1F, 0xF0,   -1, 0x01, 0x00, 0x00, 0xF1
    .byte   0x00, 0x00, 0x00, 0x00, 0x00, 0x00, 0x00, 0x1F, 0xF1, 0x00, 0x00, 0x00, 0x01, 0xF0, 0x00, 0x00
    .byte   0x00, 0x0F, 0x10, 0x1F, 0x00, 0x00, 0x00, 0xF1, 0x00, 0x1F, 0x00, 0x00,    0, 0x00, 0x00, 0xF1
    .byte   0x01, 0x0F, 0x01, 0xF0, 0x01, 0xF0, 0x00, 0x00, 0x00, 0x00, 0x00, 0x00, 0x00, 0x00, 0x00, 0x00
    .byte   0x00, 0x01, 0x0F, 0x0F, 0x01, 0xF1, 0x00, 0x00, 0x00, 0x00, 0x00, 0x00, 0x00,    0, 0x00, 0xF1
    .byte   0x00, 0x01, 0xF0, 0x00, 0x1F, 0x0F, 0x10, 0x00, 0xF1, 0x00, 0x1F, 0xF1, 0x1F, 0x01, 0xF0, 0xF1
    .byte   0x00, 0x00, 0x00, 0x00, 0x00, 0x00, 0x00, 0xF1, 0xF1, 0x0F, 0x10, 0x0F, 0x10, 0x00,    0, 0x00
    .byte   0x0F, 0x10, 0x00, 0x0F, 0x01, 0x01, 0x0F, 0x00, 0xF0, 0x10, 0xF1, 0x00, 0x01, 0x00, 0xFF, 0x10
    .byte   0x00, 0x1F, 0x00, 0x0F, 0x10, 0x01, 0xF0, 0x01, 0xF0, 0xF1, 0xF0, 0x10, 0x00, 0x00, 0xF1,    0
    .byte   0x0F, 0x10, 0x00, 0x1F, 0x00, 0x00, 0x00, 0xF1, 0x00, 0x00, 0xF1, 0xF1, 0x00, 0x00, 0x00, 0x01
    .byte   0xF0, 0x00, 0x00, 0x00, 0x00, 0xF0, 0x10, 0x01, 0xF0, 0xF1, 0x00, 0xF1, 0x1F, 0x1F, 0x00, 0x00
    .byte      0, 0x00, 0x00, 0x00, 0x00, 0x00, 0x00, 0xF1, 0xF1, 0x00, 0x00, 0x00, 0x1F, 0x00, 0x1F, 0x1F
    .byte   0x1F, 0x01, 0xF0, 0x00, 0x00, 0xF1, 0x00, 0x00, 0x00, 0x00, 0x00, 0x1F, 0x00, 0x01, 0xF0, 0x01
    .byte   0xFF,    1, 0x00, 0xF0, 0x00, 0x1F, 0x01, 0xF0, 0x0F, 0x10, 0x00, 0x00, 0x00, 0x00, 0x00, 0x00
    .byte   0x00, 0x00, 0x00, 0x10, 0xF0, 0x0F, 0x10, 0x00, 0x00, 0x00, 0x00, 0x00, 0x1F, 0x0F, 0x10, 0x01
    .byte   0xF0, 0x1F,    1, 0x0F, 0x1F, 0x00, 0x00, 0x00, 0x00, 0x00, 0xF1, 0x00, 0x00, 0x00, 0xF1, 0xF1
    .byte   0xF1, 0x00, 0x00, 0x00, 0x0F, 0x10, 0x00, 0x0F, 0x10, 0x01, 0xF0, 0x00, 0x00, 0x00, 0x01, 0xF1
    .byte   0xF0, 0x00, 0xF1,    0, 0x00, 0x10, 0xF0, 0xF1, 0x00, 0x00, 0x10, 0xF0, 0x0F, 0x11, 0xF0, 0x00
    .byte   0x00, 0x00, 0x00, 0x0F, 0x10, 0x0F, 0x10, 0x01, 0xF0, 0x00, 0x00, 0x1F, 0x00, 0x01, 0xF0, 0x1F
    .byte   0x00, 0x00, 0x00, 0x0F,    0, 0x00, 0x00, 0x00, 0x01, 0xF0, 0x00, 0x00, 0xF0, 0x10, 0x00, 0x00
    .byte   0x0F, 0x10, 0x00, 0x00, 0x0F, 0x10, 0x00, 0x00, 0xF1, 0xF1, 0x00, 0x00, 0x0F, 0x10, 0x01, 0xF0
    .byte   0x1F, 0x1F, 0xF1, 0xF1, 0x00,    0, 0x00, 0x00, 0x00, 0x01, 0xF0, 0x00, 0x01, 0xF0, 0x0F, 0x00
    .byte   0x10, 0x00, 0x01, 0xF0, 0x0F, 0x10, 0x00, 0x1F, 0x0F, 0x10, 0x00, 0x00, 0x01, 0xF0, 0xF0, 0x01
    .byte   0x01, 0xF0, 0x00, 0x00, 0x00, 0x00,    0, 0x00, 0xF1, 0x00, 0x1F, 0x1F, 0x1F, 0x0F, 0x10, 0x00
    .byte   0x00, 0x00, 0x01, 0xF0, 0x00, 0xF1, 0x00, 0x00, 0x1F, 0x00, 0x00, 0x0F, 0x11, 0xF0, 0x00, 0x0F
    .byte   0x10, 0xF1, 0x1F, 0x00, 0x00, 0x00, 0xF1,    0, 0x00, 0x00, 0x00, 0x00, 0x01, 0xF0, 0xF0, 0x10
    .byte   0x00, 0x01, 0xF0, 0x00, 0x00, 0x00, 0x00, 0x1F, 0x1F, 0x0F, 0x01, 0x00, 0x0F, 0x10, 0x00, 0xF1
    .byte   0x1F, 0x00, 0x01, 0xF0, 0x1F, 0x00, 0xF1, 0x10,    1, 0x0F, 0x0F, 0x10, 0x00, 0x00, 0x1F, 0x01
    .byte   0x0F, 0x00, 0x00, 0xF1, 0x00, 0x0F, 0x10, 0x00, 0x1F, 0x0F, 0x1F, 0x01, 0x00, 0x00, 0x1F, 0x00
    .byte   0x0F, 0x10, 0x00, 0x00, 0x01, 0xF0, 0x00, 0x00, 0x00,    0, 0x00, 0x00, 0x0F, 0x10, 0xF0, 0x1F
    .byte   0x10, 0x00, 0x0F, 0x10, 0x1F, 0x1F, 0x10, 0xFF, 0x10, 0xF1, 0xF0, 0x10, 0x00, 0xF1, 0x00, 0x00
    .byte   0x01, 0x0F, 0x00, 0x00, 0x00, 0x00, 0x00, 0x01, 0xF0, 0x00,    1, 0x00, 0xF1, 0xFF, 0x10, 0x01
    .byte   0xF0, 0x00, 0x00, 0x01, 0x0F, 0x00, 0x0F, 0x10, 0x00, 0x00, 0x00, 0x00, 0x00, 0x00, 0x01, 0xF0
    .byte   0x00, 0x00, 0x00, 0x01, 0xF0, 0x00, 0x01, 0xF0, 0x00, 0x0F, 0x1F,    0, 0x00, 0x00, 0xF1, 0x1F
    .byte   0xF1, 0x00, 0x00, 0x00, 0x00, 0x0F, 0x10, 0x00, 0xF1, 0xF1, 0x00, 0x01, 0xF0, 0x00, 0xF1, 0xF1
    .byte   0x00, 0x00, 0x00, 0x00, 0x00, 0x0F, 0x10, 0x00, 0x00, 0x00, 0x01, 0xF0,    0, 0x00, 0x10, 0x0F
    .byte   0x00, 0x00, 0x00, 0x00, 0x00, 0x0F, 0x10, 0x00, 0x00, 0xF1, 0x00, 0x00, 0x01, 0x0F, 0x00, 0x00
    .byte   0x1F, 0x1F, 0x00, 0x00, 0x00, 0x1F, 0x00, 0x01, 0xF0, 0x1F, 0x00, 0x00, 0x00,    0, 0x00, 0x00
    .byte   0xF1, 0x01, 0xF0, 0x00, 0x00, 0x1F, 0x0F, 0x10, 0x00, 0xF1, 0x00, 0x00, 0x1F, 0x01, 0xF0, 0x01
    .byte   0x0F, 0x00, 0x00, 0x00, 0x10, 0xF0, 0x00, 0x1F, 0x1F, 0x00, 0x00, 0x00, 0x00, 0x00,    0, 0x01
    .byte   0xF0, 0xF1, 0x00, 0x0F, 0x10, 0x01, 0x0F, 0xF1, 0x0F, 0x10, 0x01, 0xF0, 0x00, 0x0F, 0x10, 0x00
    .byte   0x10, 0xF0, 0x00, 0xF1, 0x0F, 0x10, 0x0F, 0x10, 0x00, 0x00, 0xF1, 0xF1, 0x00, 0x1F, 0xF1,    0
    .byte   0x00, 0x00, 0x00, 0x00, 0x00, 0x01, 0xFF, 0x10, 0x01, 0x00, 0xFF, 0x10, 0x00, 0x0F, 0x10, 0x00
    .byte   0xF1, 0x00, 0x1F, 0x1F, 0x00, 0x00, 0x00, 0x0F, 0x1F, 0x01, 0x00, 0x00, 0x00, 0x00, 0xF1, 0x00
    .byte      0, 0x00, 0x00, 0x1F, 0x00, 0x00, 0x00, 0x0F, 0x10, 0x00, 0x01, 0xF0, 0xF1, 0x00, 0x01, 0xF0
    .byte   0x01, 0xF0, 0x00, 0x00, 0x00, 0xF1, 0x10, 0x0F, 0x00, 0x10, 0xF0, 0x1F, 0x00, 0x00, 0x00, 0x01
    .byte   0xF0,   -1, 0x01, 0x00, 0x00, 0x00, 0x1F, 0x00, 0x00, 0x00, 0x00, 0x0F, 0x10, 0x1F, 0x1F, 0x00
    .byte   0x00, 0x00, 0x00, 0x00, 0x1F, 0x0F, 0x10, 0xF1, 0x00, 0x00, 0x01, 0xF0, 0x00, 0xF1, 0x00, 0x0F
    .byte   0x10, 0x00,    0, 0x00, 0x00, 0x00, 0x00, 0x00, 0x1F, 0xF1, 0x00, 0x10, 0xF0, 0x01, 0xF0, 0x00
    .byte   0xF1, 0xF1, 0x00, 0x00, 0x00, 0x00, 0x00, 0x01, 0xF0, 0xF1, 0xF1, 0x00, 0x00, 0x00, 0x01, 0x00
    .byte   0xF1, 0xF1, 0xF0,    0, 0x00, 0x0F, 0x10, 0x00, 0x00, 0x00, 0x00, 0xF1, 0x00, 0x01, 0xFF, 0x10
    .byte   0x00, 0x00, 0x01, 0xF0, 0xF1, 0x1F, 0x01, 0xF0, 0x00, 0x0F, 0x10, 0x00, 0x00, 0x00, 0x0F, 0x10
    .byte   0x00, 0xF1, 0x0F, 0x01,    0, 0x00, 0x1F, 0x0F, 0x10, 0x00, 0x00, 0x0F, 0x10, 0x00, 0x00, 0x00
    .byte   0x00, 0x00, 0x01, 0xF0, 0x01, 0xF0, 0x0F, 0x10, 0x1F, 0xF1, 0x00, 0x00, 0x00, 0x01, 0xF0, 0x00
    .byte   0xF1, 0x00, 0x00, 0x00, 0x00,   -1, 0x01, 0x01, 0xF0, 0x00, 0x01, 0xF0, 0xF1, 0x00, 0x00, 0x01
    .byte   0x0F, 0x1F, 0x00, 0x00, 0x00, 0x00, 0x01, 0xF0, 0x00, 0x00, 0x00, 0x00, 0x00, 0x00, 0x00, 0xF1
    .byte   0x00, 0x00, 0xF0, 0x01, 0x1F, 0xF0,    0, 0x0F, 0x10, 0x00, 0x1F, 0x00, 0x00, 0x00, 0x00, 0x00
    .byte   0x00, 0x00, 0x01, 0x0F, 0x0F, 0x10, 0x1F, 0x0F, 0x10, 0x1F, 0x0F, 0x10, 0x01, 0xF0, 0x01, 0xFF
    .byte   0x10, 0x0F, 0x10, 0x00, 0x00, 0x0F, 0x11,    1, 0x0F, 0x00, 0x00, 0x00, 0xF1, 0x00, 0x1F, 0x00
    .byte   0x00, 0x1F, 0x0F, 0x00, 0x10, 0x00, 0x00, 0xF1, 0x00, 0x00, 0x00, 0x00, 0x00, 0x00, 0x0F, 0x10
    .byte   0x00, 0x1F, 0x01, 0xF0, 0xF0, 0x10, 0x00, 0x00,    0, 0x00, 0x0F, 0x10, 0x00, 0x0F, 0x01, 0xF1
    .byte   0x0F, 0x10, 0x00, 0x01, 0xF0, 0xF1, 0x00, 0x00, 0x1F, 0x00, 0x0F, 0x10, 0x00, 0x00, 0x0F, 0x10
    .byte   0x00, 0x01, 0xF0, 0xF1, 0xF1, 0x00, 0x00, 0x00, 0x0F,    0, 0x01, 0xF0, 0x00, 0x01, 0xF0, 0x00
    .byte   0xF0, 0x10, 0xF1, 0x00, 0x00, 0x00, 0x1F, 0x00, 0x00, 0x00, 0x01, 0xF1, 0xF0, 0xF0, 0x01, 0x00
    .byte   0x00, 0x00, 0xF1, 0x00, 0x01, 0xF0, 0x00, 0x00, 0x00, 0x00,    0, 0x0F, 0x10, 0x00, 0x01, 0xF0
    .byte   0x00, 0x00, 0x1F, 0x00, 0x01, 0xF0, 0x0F, 0x00, 0x10, 0x1F, 0x00, 0x00, 0x0F, 0x10, 0x00, 0x00
    .byte   0x00, 0xF1, 0x00, 0x00, 0xF1, 0x1F, 0x1F, 0x00, 0x00, 0x00, 0xF1,    1, 0x0F, 0x0F, 0x10, 0x00
    .byte   0x0F, 0x1F, 0x1F, 0x10, 0x1F, 0x00, 0x00, 0x1F, 0x0F, 0x11, 0x0F, 0x00, 0x0F, 0x10, 0x0F, 0x10
    .byte   0x1F, 0x00, 0xF1, 0x01, 0xF0, 0x1F, 0x01, 0xF0, 0x01, 0xF0, 0x00, 0x00,    0, 0x00, 0x00, 0x00
    .byte   0x00, 0x00, 0x1F, 0x00, 0x0F, 0x10, 0x00, 0x0F, 0x1F, 0x10, 0x00, 0x00, 0xF0, 0x10, 0x00, 0x00
    .byte   0xF1, 0x00, 0xF1, 0x1F, 0x0F, 0x01, 0x0F, 0x11, 0xF0, 0x00, 0x00, 0x00, 0x00,    1, 0x00, 0xF0
    .byte   0x1F, 0x1F, 0x00, 0x00, 0x00, 0x0F, 0x10, 0x0F, 0x11, 0xF0, 0x0F, 0x10, 0x01, 0xF0, 0x00, 0x0F
    .byte   0x10, 0x1F, 0x00, 0x00, 0x00, 0x00, 0x00, 0x1F, 0x00, 0x00, 0x00, 0x01, 0xF0, 0x00,   -1, 0x01
    .byte   0x1F, 0x01, 0xF0, 0x10, 0x0F, 0x00, 0x00, 0x00, 0xF1, 0xF1, 0x00, 0x00, 0x01, 0x0F, 0xF1, 0x01
    .byte   0x0F, 0x00, 0x0F, 0x10, 0x00, 0x00, 0x00, 0x00, 0xF1, 0x01, 0xF0, 0x00, 0x01, 0xF0, 0x00,    0
    .byte   0x00, 0x00, 0x0F, 0x10, 0x00, 0xF1, 0x00, 0x1F, 0x00, 0x00, 0x1F, 0x00, 0x00, 0x00, 0x00, 0x00
    .byte   0x0F, 0x01, 0x01, 0xFF, 0x10, 0x00, 0x1F, 0x00, 0x00, 0x00, 0x00, 0x00, 0x00, 0x00, 0x00, 0x1F
    .byte      0, 0x00, 0x00, 0x0F, 0x10, 0x00, 0x00, 0x01, 0xF0, 0xF1, 0x10, 0xF0, 0x1F, 0x00, 0x1F, 0xF1
    .byte   0x00, 0x00, 0x00, 0x00, 0x00, 0x00, 0x00, 0x1F, 0x0F, 0x1F, 0x11, 0xF0, 0x01, 0x0F, 0x10, 0xF0
    .byte   0x00,    0, 0x00, 0x00, 0x1F, 0x00, 0x00, 0x00, 0x01, 0xF0, 0x00, 0x00, 0x00, 0x00, 0x01, 0xF0
    .byte   0x00, 0xF0, 0x10, 0xF1, 0x00, 0x00, 0x00, 0xF1, 0x1F, 0xF1, 0x0F, 0x01, 0x00, 0xF1, 0x00, 0xF1
    .byte   0x1F, 0x00,    0, 0x0F, 0x11, 0xF0, 0x00, 0xF1, 0x00, 0x1F, 0x00, 0x01, 0x0F, 0x00, 0x10, 0xFF
    .byte   0x1F, 0x11, 0x0F, 0x00, 0x00, 0x00, 0x00, 0x01, 0xF1, 0xF0, 0x0F, 0x01, 0x1F, 0x00, 0x00, 0x10
    .byte   0xFF, 0x01, 0x01,    1, 0x0F, 0x0F, 0x01, 0xF1, 0x00, 0x01, 0xF0, 0x00, 0x00, 0xF1, 0x01, 0xF0
    .byte   0x00, 0x00, 0xF1, 0x00, 0x00, 0xF0, 0x11, 0xF0, 0x00, 0x00, 0x00, 0x00, 0x00, 0x01, 0xF0, 0x1F
    .byte   0x00, 0x0F, 0x10, 0x1F,    0, 0x00, 0x0F, 0x10, 0x00, 0x0F, 0x10, 0xF1, 0x00, 0x01, 0xF0, 0xF0
    .byte   0x10, 0x00, 0x00, 0x00, 0x00, 0x1F, 0x1F, 0x1F, 0x00, 0x01, 0xF0, 0x00, 0x0F, 0x10, 0xF1, 0x01
    .byte   0xF0, 0x00, 0x00, 0x00, 0x00,    0, 0x00, 0x00, 0x00, 0x00, 0x00, 0x1F, 0xF1, 0x00, 0x00, 0x00
    .byte   0x00, 0x00, 0x00, 0x01, 0xF0, 0x00, 0x0F, 0x01, 0x00, 0x0F, 0x01, 0x00, 0xF1, 0xF1, 0x00, 0x00
    .byte   0x01, 0xF0, 0xF0, 0x01, 0x00, 0x01,   -1, 0x01, 0x0F, 0x10, 0x00, 0x00, 0xF1, 0x0F, 0x10, 0xF1
    .byte   0x00, 0x00, 0x1F, 0x01, 0xF0, 0xF1, 0xF1, 0x01, 0xF1, 0xF0, 0x10, 0xF0, 0xF1, 0x00, 0x01, 0xFF
    .byte   0x10, 0x0F, 0x01, 0x00, 0x00, 0xF1, 0x00,    1, 0x0F, 0x00, 0x01, 0xF0, 0x00, 0x00, 0x00, 0x00
    .byte   0x1F, 0x0F, 0x01, 0x01, 0xF0, 0x0F, 0x10, 0x00, 0x00, 0x00, 0x1F, 0x00, 0x0F, 0x10, 0x1F, 0x00
    .byte   0x00, 0x0F, 0x10, 0x00, 0x00, 0x01, 0xF0, 0x0F,   -1, 0x01, 0x00, 0x00, 0x00, 0x00, 0x01, 0xFF
    .byte   0x10, 0x00, 0x00, 0x00, 0x00, 0x0F, 0x11, 0xF0, 0x01, 0xF0, 0xF1, 0x0F, 0x1F, 0x00, 0x11, 0xF0
    .byte   0x0F, 0x10, 0xF1, 0x1F, 0xF1, 0x00, 0x00, 0x0F, 0x11,    0, 0x00, 0xF1, 0xF1, 0x00, 0x1F, 0x00
    .byte   0x00, 0x00, 0x00, 0x00, 0x00, 0x00, 0x00, 0x00, 0x0F, 0x10, 0x00, 0xF1, 0x0F, 0x10, 0x00, 0x00
    .byte   0x00, 0x1F, 0x00, 0x01, 0xF0, 0x00, 0x00, 0x00, 0x01, 0xF0,    1, 0x00, 0xF0, 0x01, 0xF0, 0xF0
    .byte   0x10, 0x00, 0x00, 0x01, 0xFF, 0x11, 0xF1, 0xF0, 0x00, 0x00, 0x1F, 0x00, 0x00, 0x00, 0x00, 0x0F
    .byte   0x10, 0xF1, 0x01, 0xF0, 0x1F, 0x00, 0x00, 0x01, 0xF1, 0xF0, 0x00,    0, 0x00, 0x10, 0xF0, 0x1F
    .byte   0x0F, 0x10, 0x00, 0x00, 0x1F, 0x01, 0xF0, 0x00, 0x00, 0x1F, 0x00, 0x0F, 0x10, 0x10, 0xF0, 0x00
    .byte   0x10, 0x0F, 0x00, 0x01, 0xFF, 0x11, 0xF0, 0x00, 0x00, 0x00, 0xF1, 0x01,    0, 0x00, 0x00, 0x00
    .byte   0x00, 0x00, 0x00, 0x00, 0x1F, 0x00, 0x00, 0x00, 0x01, 0xF0, 0x1F, 0x00, 0x1F, 0x0F, 0x10, 0xF1
    .byte   0x0F, 0x10, 0x00, 0x00, 0x00, 0x00, 0xF1, 0x00, 0x0F, 0x10, 0x00, 0x00, 0x00,    0, 0x00, 0x00
    .byte   0x00, 0xF1, 0x00, 0x0F, 0x10, 0x00, 0x01, 0xF0, 0xF1, 0x00, 0x00, 0x00, 0x00, 0x0F, 0x10, 0x00
    .byte   0x00, 0x0F, 0x10, 0x00, 0x00, 0x00, 0xF1, 0x00, 0x00, 0x00, 0x00, 0x0F, 0x10, 0x10,    0, 0x00
    .byte   0x00, 0x00, 0x00, 0xF0, 0x1F, 0x10, 0x00, 0x1F, 0x1F, 0x00, 0x00, 0x00, 0x00, 0x1F, 0x00, 0xF1
    .byte   0x00, 0x00, 0x00, 0x00, 0x00, 0xF1, 0x00, 0x00, 0xF0, 0x10, 0x00, 0xF0, 0x00, 0x1F, 0x00,    0
    .byte   0x00, 0x01, 0xF0, 0xF1, 0xF1, 0x0F, 0x10, 0x0F, 0x10, 0x00, 0x00, 0x1F, 0x1F, 0x00, 0x00, 0x00
    .byte   0x00, 0xF1, 0x01, 0xF0, 0x1F, 0x00, 0x00, 0x0F, 0x11, 0xF0, 0x00, 0x1F, 0x00, 0x01, 0xF1, 0x0F
    .byte      0, 0x01, 0xF0, 0x00, 0x00, 0x1F, 0x00, 0x1F, 0x10, 0xF0, 0x01, 0xF1, 0xF0, 0x0F, 0x10, 0x0F
    .byte   0x10, 0x00, 0x0F, 0x10, 0x00, 0x10, 0x00, 0xF0, 0x1F, 0x1F, 0x01, 0xF0, 0x00, 0x00, 0xF1, 0x00
    .byte   0x10,    0, 0x00, 0x01, 0x0F, 0x00, 0x0F, 0x10, 0x00, 0xF1, 0x1F, 0x00, 0x0F, 0x01, 0x00, 0x00
    .byte   0xF1, 0x0F, 0x10, 0x00, 0x00, 0x00, 0x00, 0x00, 0xF1, 0xF1, 0x01, 0xF0, 0x0F, 0x10, 0x0F, 0x10
    .byte   0x00, 0x00,    0, 0x00, 0x00, 0x01, 0x0F, 0xF1, 0xF1, 0x0F, 0x10, 0x00, 0x00, 0x00, 0x01, 0xF0
    .byte   0x00, 0x00, 0x00, 0x00, 0xF0, 0x10, 0x00, 0x00, 0x00, 0x0F, 0x10, 0xF1, 0x01, 0xF1, 0x0F, 0x00
    .byte   0xF1, 0x00, 0x1F,    0, 0x00, 0x0F, 0x10, 0x00, 0xF0, 0x11, 0x0F, 0x00, 0x00, 0x0F, 0x01, 0x00
    .byte   0x00, 0x0F, 0x10, 0x1F, 0x00, 0x00, 0x00, 0x00, 0x01, 0xF0, 0x00, 0x01, 0xF0, 0x00, 0x00, 0x0F
    .byte   0x10, 0x00, 0x00, 0x00,    0, 0x00, 0x0F, 0x10, 0x01, 0xF0, 0x00, 0x00, 0xF0, 0x10, 0xF0, 0x10
    .byte   0x00, 0x00, 0x00, 0x01, 0xF0, 0x1F, 0x00, 0x01, 0xF0, 0x01, 0xF0, 0x00, 0x00, 0x00, 0x00, 0x00
    .byte   0x00, 0x0F, 0x10, 0xF1, 0x00,    0, 0x00, 0x0F, 0x01, 0x00, 0x1F, 0x01, 0xF0, 0x00, 0x01, 0xF0
    .byte   0x00, 0x0F, 0x10, 0xF1, 0x00, 0x1F, 0x01, 0xF0, 0x00, 0x00, 0x00, 0xF1, 0x01, 0xF0, 0x00, 0x0F
    .byte   0x10, 0x00, 0x01, 0x0F, 0x00, 0x00,   -1, 0x01, 0x00, 0x01, 0xF1, 0xF0, 0x00, 0xF1, 0x00, 0x00
    .byte   0xF1, 0x00, 0x0F, 0x01, 0x0F, 0x10, 0x01, 0xF0, 0xF1, 0x0F, 0x10, 0x00, 0x00, 0xF1, 0x0F, 0x10
    .byte   0xF1, 0x00, 0xF1, 0x01, 0xF0, 0x00, 0xF1,    0, 0x0F, 0x10, 0xF0, 0x00, 0x1F, 0x10, 0x1F, 0x0F
    .byte   0x10, 0x00, 0x00, 0x00, 0x00, 0x00, 0x0F, 0x1F, 0x10, 0x00, 0x0F, 0x10, 0x1F, 0x1F, 0x00, 0x00
    .byte   0x00, 0x00, 0x1F, 0x00, 0x0F, 0x10, 0x00, 0x00,    1, 0x0F, 0x00, 0x00, 0x00, 0x0F, 0x10, 0x00
    .byte   0x1F, 0x0F, 0x01, 0x00, 0x00, 0x01, 0xFF, 0x1F, 0x01, 0x00, 0x00, 0xF1, 0x1F, 0x00, 0x00, 0x00
    .byte   0x01, 0xF0, 0xF1, 0x00, 0x00, 0x00, 0x00, 0x0F, 0x10,   -1, 0x01, 0x01, 0xF0, 0x0F, 0x10, 0x00
    .byte   0x00, 0x00, 0x00, 0xF0, 0x10, 0x00, 0xF1, 0x00, 0x00, 0x0F, 0x10, 0x00, 0x00, 0xF1, 0x00, 0x00
    .byte   0x00, 0x00, 0x00, 0xF1, 0x00, 0x01, 0xFF, 0x10, 0x00, 0x1F,    0, 0x00, 0x00, 0xF1, 0x00, 0x0F
    .byte   0x1F, 0x10, 0x00, 0x00, 0x0F, 0x10, 0x00, 0x00, 0x00, 0x00, 0x1F, 0x1F, 0x00, 0x0F, 0x10, 0xF0
    .byte   0x10, 0x00, 0x00, 0x00, 0x00, 0x00, 0x00, 0x00, 0xF1, 0x01, 0x0F,   -1, 0x01, 0x00, 0x00, 0x1F
    .byte   0x00, 0xF1, 0x00, 0xF1, 0x00, 0x00, 0x00, 0xF1, 0x1F, 0x1F, 0x1F, 0x0F, 0x10, 0xF0, 0x10, 0x1F
    .byte   0xF1, 0xF1, 0x00, 0x1F, 0x00, 0x00, 0x00, 0x00, 0x1F, 0xF1, 0x00, 0x1F,    0, 0x00, 0x10, 0xF1
    .byte   0x0F, 0x00, 0xF1, 0x00, 0x00, 0x00, 0x00, 0x1F, 0x00, 0xF1, 0x00, 0x1F, 0x00, 0x00, 0xF1, 0x00
    .byte   0x0F, 0x10, 0x00, 0x01, 0xF0, 0xF1, 0x00, 0x00, 0x01, 0xF0, 0x00, 0x00, 0x1F,    0, 0x00, 0x00
    .byte   0x10, 0xF0, 0x1F, 0xF1, 0xF1, 0x00, 0x00, 0x0F, 0x10, 0x1F, 0x00, 0xF1, 0x00, 0x00, 0x00, 0xF1
    .byte   0x00, 0x00, 0x1F, 0x0F, 0x1F, 0x10, 0xF1, 0x00, 0x1F, 0x00, 0x00, 0x00, 0x00, 0x0F,    0, 0x00
    .byte   0x00, 0x00, 0x00, 0x00, 0x00, 0x00, 0x00, 0x0F, 0x10, 0xF1, 0x00, 0x0F, 0x1F, 0x10, 0x1F, 0x00
    .byte   0x00, 0x00, 0x01, 0xF0, 0x0F, 0x10, 0x00, 0x00, 0x01, 0xF0, 0x0F, 0x1F, 0x10, 0xF1, 0x1F,    0
    .byte   0x00, 0x00, 0x1F, 0x00, 0x00, 0x1F, 0x1F, 0x00, 0x00, 0x00, 0xF1, 0x1F, 0x00, 0x00, 0x1F, 0xF1
    .byte   0x00, 0x00, 0x00, 0x1F, 0x00, 0x10, 0xF1, 0xF0, 0x00, 0x00, 0x1F, 0x00, 0x00, 0xF1, 0x00, 0x00
    .byte     -1, 0x01, 0xF1, 0x1F, 0x00, 0x00, 0xF1, 0x1F, 0x00, 0x00, 0x00, 0x00, 0x00, 0x01, 0xF1, 0xFF
    .byte   0x01, 0x00, 0x0F, 0x1F, 0x10, 0x00, 0x00, 0x00, 0x00, 0xF1, 0x1F, 0x00, 0x00, 0x1F, 0x00, 0x00
    .byte   0x00,    0, 0x00, 0x00, 0xF0, 0x1F, 0x11, 0xF0, 0x00, 0x01, 0xF0, 0x00, 0x00, 0x00, 0x00, 0xF1
    .byte   0x00, 0x01, 0xF0, 0x00, 0x00, 0x00, 0x0F, 0x10, 0x00, 0x00, 0x1F, 0x00, 0x00, 0x00, 0x00, 0x00
    .byte   0x00, 0x1F,    0, 0x0F, 0x10, 0x01, 0xF0, 0x00, 0x0F, 0x10, 0x01, 0xFF, 0x01, 0x01, 0xF1, 0xF1
    .byte   0xF0, 0x1F, 0x1F, 0x00, 0x00, 0x00, 0x00, 0x00, 0x0F, 0x10, 0x1F, 0x00, 0x0F, 0x01, 0x00, 0x00
    .byte   0x0F, 0x1F, 0x10,    0, 0x00, 0x00, 0x0F, 0x01, 0x00, 0xF1, 0x01, 0xF0, 0x01, 0xF0, 0x0F, 0x1F
    .byte   0x10, 0xF1, 0x01, 0xF0, 0x00, 0x10, 0x0F, 0x00, 0x00, 0x0F, 0x10, 0x00, 0x00, 0x00, 0x1F, 0x00
    .byte   0x00, 0x00, 0x00, 0x00,    0, 0x0F, 0x01, 0xF1, 0x00, 0x00, 0x00, 0x00, 0x00, 0x01, 0xF0, 0x00
    .byte   0x00, 0x00, 0x00, 0x00, 0x00, 0x00, 0x00, 0x1F, 0x00, 0x00, 0x00, 0xF1, 0x00, 0x00, 0x00, 0x1F
    .byte   0x00, 0x00, 0x01, 0xF0, 0x00,    0, 0x00, 0x0F, 0x10, 0x00, 0x00, 0x00, 0x00, 0x00, 0x10, 0xF0
    .byte   0x00, 0x1F, 0x00, 0x1F, 0xF1, 0x00, 0xF1, 0x00, 0xF1, 0x01, 0xF1, 0xF0, 0xF1, 0x00, 0x00, 0x0F
    .byte   0x10, 0x00, 0xF0, 0x11, 0xF0, 0x0F,   -1, 0x01, 0x00, 0xF1, 0x00, 0x1F, 0x00, 0x01, 0xF0, 0xF1
    .byte   0x0F, 0x1F, 0x10, 0x00, 0xF1, 0x00, 0x1F, 0x1F, 0x1F, 0x00, 0x00, 0x00, 0x00, 0xF1, 0xF1, 0x01
    .byte   0xF0, 0x1F, 0x00, 0x00, 0x0F, 0x11, 0xF0,    0, 0x00, 0x1F, 0xF1, 0x01, 0xF0, 0x0F, 0x11, 0xF0
    .byte   0x00, 0x1F, 0x0F, 0x10, 0x0F, 0x10, 0x0F, 0x10, 0x10, 0xFF, 0x10, 0xF1, 0x00, 0xF0, 0x10, 0x01
    .byte   0xF0, 0x00, 0x00, 0x10, 0xF0, 0x01, 0xFF, 0x1F,   -1, 0x01, 0x0F, 0x10, 0x00, 0x1F, 0x0F, 0x10
    .byte   0x00, 0x00, 0x00, 0x1F, 0x00, 0x01, 0xFF, 0x11, 0xF0, 0x00, 0x00, 0x00, 0xF1, 0x00, 0x00, 0x00
    .byte   0x00, 0x00, 0x1F, 0x00, 0xF1, 0x1F, 0x1F, 0xF1, 0x00,    0, 0x00, 0x00, 0x10, 0xF0, 0x00, 0x00
    .byte   0x00, 0x00, 0xF1, 0x01, 0x0F, 0x00, 0x00, 0x00, 0x00, 0x0F, 0x10, 0x00, 0x00, 0x00, 0x00, 0x1F
    .byte   0x1F, 0x1F, 0x00, 0x00, 0x00, 0x00, 0x0F, 0x1F, 0x10, 0x1F,    0, 0x00, 0x00, 0x00, 0x00, 0x00
    .byte   0x00, 0x01, 0xF0, 0x00, 0x00, 0x00, 0x00, 0x00, 0x00, 0x0F, 0x10, 0x00, 0x0F, 0x10, 0xF1, 0xF1
    .byte   0x00, 0x1F, 0x00, 0x00, 0xF1, 0x00, 0x00, 0x00, 0x1F, 0x01, 0xF1,    0, 0x00, 0x00, 0x00, 0x1F
    .byte   0xF1, 0x00, 0x00, 0x00, 0xF1, 0x1F, 0x00, 0x00, 0x01, 0xF0, 0x1F, 0x01, 0xF0, 0x1F, 0x00, 0x00
    .byte   0x1F, 0x1F, 0x00, 0x0F, 0x10, 0x0F, 0x01, 0x00, 0x0F, 0x00, 0x10, 0x00,    0, 0x00, 0x0F, 0x10
    .byte   0x0F, 0x10, 0x00, 0x01, 0x0F, 0xF1, 0x00, 0x00, 0x00, 0x00, 0x00, 0x00, 0xF1, 0x00, 0x1F, 0x1F
    .byte   0x00, 0x00, 0x00, 0x01, 0x00, 0xF1, 0xF0, 0x00, 0x00, 0x00, 0x00, 0x00, 0x00,    0, 0x01, 0xF1
    .byte   0xF0, 0xF1, 0x00, 0x00, 0x00, 0xF1, 0xF1, 0x00, 0x00, 0x00, 0x0F, 0x1F, 0x10, 0x01, 0xF0, 0xF1
    .byte   0x00, 0x0F, 0x1F, 0x10, 0x00, 0x00, 0x01, 0x0F, 0x1F, 0x1F, 0x00, 0xF1, 0x01, 0xF0,    0, 0x00
    .byte   0x0F, 0x10, 0x01, 0xF0, 0x00, 0x00, 0xF1, 0xF1, 0x00, 0x0F, 0x10, 0x1F, 0x00, 0x1F, 0x00, 0x00
    .byte   0x1F, 0xF0, 0x10, 0xF1, 0x00, 0x01, 0xF0, 0x0F, 0x10, 0x00, 0x0F, 0x1F, 0x01, 0x00, 0x00,    0
    .byte   0x00, 0x1F, 0x00, 0x01, 0xF0, 0x00, 0x00, 0x00, 0xF1, 0x01, 0xF1, 0x0F, 0x00, 0x10, 0xF1, 0xF0
    .byte   0x00, 0x00, 0x00, 0x00, 0x0F, 0x10, 0x1F, 0x00, 0x00, 0x00, 0x00, 0x00, 0x00, 0x00, 0x1F, 0xF1
    .byte      0, 0x00, 0x01, 0xF0, 0xF1, 0xF1, 0x1F, 0x00, 0x00, 0x01, 0xF0, 0x00, 0x00, 0x1F, 0x00, 0x01
    .byte   0xF0, 0x00, 0x00, 0x00, 0x01, 0xF0, 0xF1, 0x1F, 0x00, 0x01, 0xF1, 0x0F, 0x00, 0x00, 0x0F, 0x10
    .byte   0x1F,    0, 0x00, 0x01, 0xFF, 0x11, 0xF1, 0xF0, 0x00, 0x10, 0xFF, 0x10, 0x1F, 0x00, 0xF1, 0x00
    .byte   0x00, 0x00, 0xF1, 0x01, 0xF0, 0x00, 0x00, 0x00, 0x00, 0x00, 0x00, 0x00, 0x00, 0x00, 0x00, 0x00
    .byte   0x00, 0x00,    0, 0x00, 0x00, 0x00, 0x00, 0x0F, 0x10, 0x00, 0x00, 0xF1, 0xF1, 0x00, 0x00, 0x00
    .byte   0x00, 0x01, 0xF1, 0xF0, 0x00, 0xF1, 0x0F, 0x10, 0x00, 0x00, 0x00, 0x00, 0x00, 0x00, 0x00, 0xF1
    .byte   0x00, 0x00, 0x0F,    1, 0x0F, 0xF1, 0x00, 0xF1, 0x00, 0x1F, 0x1F, 0x01, 0xF0, 0x00, 0x01, 0x0F
    .byte   0x0F, 0x10, 0x00, 0x01, 0xF0, 0x00, 0x1F, 0xF1, 0x0F, 0x10, 0x00, 0x00, 0x00, 0x1F, 0x00, 0x00
    .byte   0x00, 0x00, 0x00, 0x00,    0, 0x00, 0x00, 0x0F, 0x10, 0x00, 0x00, 0x00, 0x0F, 0x01, 0x00, 0x00
    .byte   0x00, 0x00, 0x0F, 0x01, 0xF1, 0x00, 0x00, 0x01, 0xF0, 0x00, 0x00, 0x1F, 0x00, 0x00, 0x00, 0x01
    .byte   0x0F, 0x00, 0x01, 0x0F, 0x01,    0, 0x00, 0x00, 0x01, 0xF0, 0x01, 0x0F, 0x01, 0xF0, 0x01, 0xF1
    .byte   0xF0, 0x00, 0x00, 0x01, 0xFF, 0x10, 0x1F, 0x1F, 0x00, 0x00, 0x01, 0x0F, 0x00, 0x01, 0x0F, 0xF1
    .byte   0x00, 0x00, 0xF1, 0x1F, 0x00, 0x00,    0, 0x00, 0x1F, 0x1F, 0x00, 0x01, 0x0F, 0x00, 0x00, 0xF1
    .byte   0x00, 0x0F, 0x1F, 0x10, 0x00, 0x00, 0xF0, 0x10, 0x00, 0x01, 0x0F, 0x00, 0x1F, 0x00, 0x00, 0x00
    .byte   0x00, 0x00, 0xF1, 0x0F, 0x10, 0x00, 0x00

    .end
