    .section .rodata
    .global Chapter_06_Line_0006_Compressed
    .align  2

Chapter_06_Line_0006_Compressed:

    .byte   0x1, 0x0, 0x0, 0x0
    .word   0x00D10C00  @ Mid-C ~13379.000000
    .word   0, 57155

    .byte     -6, 0x0F, 0x22, 0x20, 0x0F, 0xF0, 0x11, 0x22, 0xFF, 0xEE, 0xFD, 0xEF, 0xF2, 0x22, 0x21, 0xFE
    .byte   0xEE, 0xDF, 0x01, 0x33, 0x33, 0x2F, 0xEE, 0xDD, 0xEE, 0xF2, 0x23, 0x32, 0x0E, 0xED, 0xED, 0xE0
    .byte   0x22,   -2, 0x02, 0x31, 0xFF, 0xEE, 0xDF, 0xFF, 0x22, 0x22, 0x20, 0xFE, 0xEE, 0xEF, 0x10, 0x22
    .byte   0x12, 0x0F, 0xFE, 0xEF, 0xF0, 0x12, 0x11, 0x11, 0xFF, 0xFF, 0xFF, 0x11, 0x10, 0x10, 0x0F, 0x00
    .byte   0xF1, 0x00,    1, 0x00, 0x0F, 0x00, 0x00, 0x0F, 0x10, 0x01, 0x00, 0xF1, 0x0F, 0x0F, 0x01, 0x00
    .byte   0x11, 0xFF, 0x00, 0xF0, 0x1F, 0x11, 0x00, 0x0F, 0xFF, 0x01, 0x11, 0x01, 0x01, 0x0E, 0xFF, 0xF0
    .byte   0x12, 0x11, 0x10,    3, 0x0F, 0xEF, 0xF0, 0x12, 0x01, 0x11, 0x0E, 0x0E, 0x01, 0x02, 0x11, 0x00
    .byte   0xF0, 0xE0, 0xF1, 0x11, 0x11, 0xFF, 0xFF, 0x1F, 0x02, 0x01, 0xF0, 0x0E, 0xF0, 0x01, 0x11, 0x21
    .byte   0x0F, 0xFE, 0xFE, 0xF1,   -4, 0x02, 0x12, 0x10, 0xEE, 0xEF, 0x02, 0x12, 0x20, 0x00, 0xE0, 0xEF
    .byte   0x0F, 0x00, 0x21, 0x21, 0xFF, 0xEF, 0xFE, 0x01, 0x22, 0x10, 0xF0, 0xEF, 0xFF, 0x01, 0x12, 0x2F
    .byte   0xF0, 0xEF, 0x1E, 0x01, 0x12,    2, 0x01, 0x1F, 0xEF, 0xFF, 0x0F, 0x12, 0x20, 0x1F, 0x0E, 0xEE
    .byte   0xF2, 0x22, 0x22, 0xED, 0xFE, 0xF2, 0x12, 0x22, 0x2D, 0xEE, 0x01, 0xFF, 0x22, 0x01, 0xEE, 0x0E
    .byte   0x03, 0x02, 0xEE, 0x11, 0x0F, 0xFF,   -3, 0x01, 0x20, 0x01, 0x01, 0x0E, 0xFE, 0x21, 0x10, 0x20
    .byte   0xEE, 0xF1, 0x11, 0x12, 0x21, 0xFE, 0xEE, 0x00, 0x12, 0x11, 0x10, 0xFE, 0xEE, 0x02, 0x0F, 0x22
    .byte   0x10, 0xFF, 0xEE, 0xFF, 0x22, 0x12, 0x11,    6, 0x0E, 0xEE, 0xF2, 0x11, 0x22, 0x10, 0xF0, 0xFE
    .byte   0x01, 0x21, 0x20, 0x00, 0xEE, 0xFF, 0xF1, 0x1F, 0x0F, 0xEF, 0xFE, 0x0E, 0x0F, 0x0F, 0x0F, 0xEE
    .byte   0x11, 0xFE, 0x01, 0x21, 0x11, 0x22, 0x33, 0x23,   32, 0x03, 0x2F, 0xFF, 0xFF, 0xF2, 0x21, 0x1F
    .byte   0xED, 0xDD, 0xDE, 0xEE, 0xF0, 0x0F, 0xFE, 0xEF, 0xEE, 0xDE, 0xEF, 0xED, 0xEE, 0xEE, 0xEE, 0xEF
    .byte   0x24, 0x55, 0x55, 0x43, 0x3F, 0xEE, 0xE0, 0x22, 0x20,   66, 0x0D, 0xCC, 0xCC, 0xDD, 0x12, 0x23
    .byte   0x22, 0x33, 0x33, 0x33, 0x22, 0x1D, 0xDC, 0xCC, 0xCD, 0xDD, 0xDD, 0xDD, 0xDE, 0xEF, 0x0E, 0x0F
    .byte   0x23, 0x55, 0x66, 0x54, 0x41, 0xFE, 0xDE, 0xE0, 0x20, 0xED,   41, 0x0B, 0xCB, 0xDD, 0xF2, 0x33
    .byte   0x33, 0x23, 0x34, 0x44, 0x33, 0x2F, 0xCC, 0xBB, 0xBC, 0xC1, 0x0E, 0xDC, 0xCE, 0xDF, 0x12, 0x22
    .byte   0x13, 0x34, 0x55, 0x66, 0x54, 0x1E, 0xCC, 0xDE, 0x22, 0x21, 0xDC,   21, 0x0B, 0xCC, 0xEF, 0x23
    .byte   0x32, 0x22, 0x34, 0x44, 0x54, 0x3E, 0xDB, 0xBA, 0xCB, 0xEF, 0x21, 0xED, 0xCC, 0xCE, 0xE2, 0x32
    .byte   0x21, 0x21, 0x34, 0x56, 0x65, 0x53, 0xEC, 0xDC, 0xF1, 0x23, 0x2E, 0xCB,    7, 0x0B, 0xDD, 0xE2
    .byte   0x33, 0x22, 0x23, 0x44, 0x45, 0x43, 0x0E, 0xBB, 0xAB, 0xCC, 0xFF, 0x0E, 0xED, 0xCD, 0xD0, 0x12
    .byte   0x22, 0xFF, 0x22, 0x34, 0x65, 0x66, 0x41, 0xEC, 0xDE, 0xE2, 0x22, 0xFC, 0xCB,   -6, 0x0C, 0xEE
    .byte   0xF2, 0x32, 0x22, 0x34, 0x54, 0x44, 0x32, 0xCC, 0xBB, 0xBC, 0xCC, 0xEE, 0xEE, 0xFD, 0xEE, 0x0F
    .byte   0xEE, 0xFF, 0x02, 0x23, 0x34, 0x57, 0x66, 0x31, 0xDD, 0xDD, 0xEF, 0x22, 0xDC, 0xBB,  -21, 0x0D
    .byte   0xEF, 0x13, 0x33, 0x33, 0x45, 0x45, 0x31, 0xFD, 0xCB, 0xBB, 0xBC, 0xDC, 0xEE, 0xE0, 0x1F, 0xFF
    .byte   0xFE, 0xDE, 0xE0, 0x03, 0x32, 0x34, 0x66, 0x75, 0x32, 0xFD, 0xDC, 0xCE, 0x1E, 0xDC, 0xBC,  -30
    .byte   0x0E, 0xD0, 0x24, 0x44, 0x45, 0x54, 0x42, 0xFE, 0xDC, 0xCB, 0xAB, 0xBB, 0xDE, 0xF1, 0x21, 0x00
    .byte   0x34, 0x2F, 0xCC, 0xCD, 0xEF, 0x34, 0x45, 0x67, 0x75, 0x22, 0x0D, 0xCC, 0xBD, 0x2D, 0xCB, 0xBD
    .byte    -40, 0x00, 0xE0, 0x34, 0x56, 0x54, 0x53, 0x2E, 0xCC, 0xCB, 0xBA, 0xBC, 0xDE, 0xFF, 0x22, 0x3F
    .byte   0xFE, 0x22, 0x1E, 0xCC, 0xCD, 0xE2, 0x33, 0x56, 0x77, 0x73, 0xF0, 0xDC, 0xBB, 0xDF, 0x2C, 0xCB
    .byte   0xB2,  -36, 0x01, 0xF3, 0x45, 0x55, 0x54, 0x40, 0xDC, 0xCC, 0xBA, 0xAC, 0xDE, 0xEF, 0x13, 0x22
    .byte   0xEE, 0x11, 0x2E, 0xDC, 0xDC, 0xC0, 0x24, 0x25, 0x67, 0x77, 0x4E, 0xED, 0xCB, 0xAD, 0xE2, 0xDC
    .byte   0xBC, 0x4F,  -20, 0x00, 0x35, 0x45, 0x35, 0x44, 0xEC, 0xBD, 0xCB, 0xAB, 0xDE, 0xDE, 0xE3, 0x33
    .byte   0xFE, 0xEF, 0xE0, 0xCD, 0xCE, 0xDC, 0xF2, 0x43, 0x55, 0x77, 0x74, 0x2F, 0xDB, 0xAA, 0xDD, 0x30
    .byte   0xDC, 0xC4, 0x32,    2, 0x04, 0x53, 0x32, 0x34, 0x4F, 0xCB, 0xDC, 0xBA, 0xDE, 0x1F, 0xD0, 0x03
    .byte   0xFE, 0xDF, 0x1D, 0xDC, 0xED, 0xEE, 0xD0, 0x24, 0x33, 0x67, 0x77, 0x41, 0xEC, 0xB9, 0x9D, 0x35
    .byte   0x3D, 0xCC, 0x23, 0x54,   61, 0x04, 0x3D, 0xDE, 0x22, 0xDD, 0xDD, 0xDD, 0xDD, 0xEC, 0xCD, 0xE2
    .byte   0x20, 0xEE, 0xE2, 0x0E, 0xFD, 0xCB, 0xDD, 0xF4, 0x43, 0x44, 0x77, 0x75, 0x10, 0xDB, 0x98, 0xC2
    .byte   0x64, 0xFE, 0xE2, 0x33, 0x44,   76, 0x00, 0xCC, 0xDE, 0xFD, 0x34, 0x23, 0xFD, 0xDD, 0xAB, 0xBE
    .byte   0xEF, 0x34, 0x2E, 0xEF, 0xEF, 0xCC, 0xCC, 0xD1, 0x34, 0x44, 0x46, 0x77, 0x62, 0xED, 0xB9, 0x8A
    .byte   0x36, 0x64, 0x32, 0xEE, 0xF2, 0x43,   75, 0x0C, 0xBB, 0xDE, 0xF4, 0x55, 0x33, 0xED, 0xCA, 0xAB
    .byte   0xBE, 0xF4, 0x54, 0x1F, 0xED, 0xDC, 0xBC, 0xDE, 0xEF, 0x24, 0x54, 0x46, 0x77, 0x52, 0x0C, 0x98
    .byte   0x9C, 0x57, 0x65, 0x4F, 0xCC, 0xD3, 0x43,   62, 0x0C, 0xBC, 0xCD, 0x35, 0x64, 0x43, 0xDC, 0xAA
    .byte   0xAB, 0xC1, 0x44, 0x53, 0x2F, 0xDE, 0xCB, 0xBD, 0xDE, 0xF1, 0x34, 0x34, 0x56, 0x77, 0x52, 0xDA
    .byte   0x98, 0x93, 0x77, 0x65, 0x3E, 0xBC, 0xD2, 0x42,   60, 0x0C, 0xCB, 0xCE, 0x45, 0x54, 0x51, 0xEA
    .byte   0xAA, 0xAC, 0xE4, 0x44, 0x42, 0xFF, 0xEC, 0xBC, 0xCD, 0xDD, 0x03, 0x12, 0x35, 0x57, 0x77, 0x4F
    .byte   0xC9, 0x89, 0xB5, 0x77, 0x65, 0x2C, 0xAC, 0xE3, 0x44,   83, 0x0C, 0xBA, 0xBE, 0x35, 0x66, 0x4E
    .byte   0xCA, 0xA9, 0xBD, 0x24, 0x55, 0x2D, 0xDD, 0xCC, 0xDC, 0xEE, 0xED, 0x1E, 0xE3, 0x45, 0x77, 0x76
    .byte   0x1D, 0xA9, 0x8B, 0x36, 0x66, 0x64, 0xCB, 0xBF, 0x13, 0x44,   72, 0x0B, 0xBB, 0xB3, 0x55, 0x65
    .byte   0x3C, 0xAA, 0xA9, 0xE2, 0x44, 0x53, 0xEE, 0xCC, 0xDC, 0xDC, 0x0E, 0xEE, 0xEF, 0x23, 0x56, 0x77
    .byte   0x73, 0x0B, 0x98, 0xAD, 0x67, 0x66, 0x4C, 0xBB, 0xD2, 0x35, 0x4E,   60, 0x0B, 0xBB, 0xF4, 0x55
    .byte   0x63, 0xDB, 0xAA, 0xAB, 0x13, 0x44, 0x43, 0xFC, 0xCC, 0xCD, 0xCF, 0xEF, 0x0D, 0xF1, 0x25, 0x67
    .byte   0x77, 0x5D, 0xC9, 0x8A, 0xC5, 0x76, 0x64, 0xEB, 0xBD, 0x14, 0x54, 0xDC,   36, 0x0A, 0xCE, 0x45
    .byte   0x65, 0x3E, 0xBA, 0xAA, 0xCE, 0x24, 0x42, 0x20, 0xDD, 0xDD, 0xCD, 0xCE, 0xEE, 0xF0, 0x23, 0x57
    .byte   0x77, 0x63, 0xEB, 0x98, 0xBE, 0x66, 0x65, 0x4D, 0xBC, 0x22, 0x35, 0x3C, 0xBB,    9, 0x0C, 0x04
    .byte   0x55, 0x42, 0xCB, 0xBA, 0xBF, 0xF0, 0x22, 0x0E, 0x12, 0x1E, 0xDD, 0xCC, 0xCD, 0xE3, 0x14, 0x55
    .byte   0x67, 0x75, 0x1D, 0xA9, 0xAB, 0x35, 0x66, 0x4F, 0xDC, 0xF1, 0x34, 0x4D, 0xBC, 0xBB,   -8, 0x04
    .byte   0x55, 0x52, 0xCA, 0xBA, 0xCE, 0x33, 0x1D, 0xDD, 0xE2, 0x32, 0x0C, 0xCC, 0xCD, 0xE0, 0x24, 0x35
    .byte   0x66, 0x76, 0x5D, 0xC9, 0xAB, 0xE4, 0x55, 0x52, 0xDD, 0xE2, 0x34, 0x4E, 0xBC, 0xBC, 0xD3,   37
    .byte   0x04, 0x42, 0xCB, 0xBB, 0xCE, 0x22, 0xED, 0xCE, 0xE3, 0x33, 0xFC, 0xCB, 0xDD, 0xD2, 0x33, 0x45
    .byte   0x67, 0x66, 0x4F, 0xBA, 0xAC, 0xE2, 0x54, 0x42, 0x01, 0x22, 0x33, 0x2D, 0xCC, 0xDC, 0xE2, 0x43
    .byte     50, 0x0E, 0xFC, 0xBC, 0xDD, 0xDE, 0xEE, 0xDE, 0x23, 0x21, 0xEC, 0xCC, 0xCE, 0xE2, 0x33, 0x45
    .byte   0x67, 0x75, 0x4E, 0xB9, 0xBD, 0xE3, 0x44, 0x4E, 0xE2, 0x33, 0x34, 0x2C, 0xCC, 0xCE, 0xE3, 0x41
    .byte   0xED,   32, 0x0C, 0xBE, 0xFD, 0xEC, 0xDD, 0xC1, 0x24, 0x3E, 0xDC, 0xCC, 0xDF, 0x02, 0x13, 0x45
    .byte   0x67, 0x76, 0x3D, 0xB9, 0xCD, 0x13, 0x44, 0x0F, 0xE2, 0x43, 0x33, 0x2D, 0xCC, 0xDE, 0xE3, 0x2E
    .byte   0xDF, 0xCC,   -2, 0x0F, 0xDD, 0xCC, 0xCD, 0xE3, 0x42, 0xFD, 0xCC, 0xDD, 0xFF, 0x00, 0x31, 0x35
    .byte   0x77, 0x75, 0x4D, 0xAA, 0xDE, 0x13, 0x32, 0xED, 0x23, 0x44, 0x33, 0xEC, 0xDD, 0xE1, 0x23, 0xFD
    .byte   0xCB, 0xDC, 0xD2,  -14, 0x0D, 0xCD, 0xED, 0xF0, 0x20, 0xCD, 0xDD, 0xD1, 0x0F, 0xE1, 0x21, 0x46
    .byte   0x77, 0x65, 0x3D, 0xAB, 0x0D, 0x31, 0x2F, 0xDD, 0x05, 0x34, 0x31, 0xEC, 0xFF, 0xF3, 0xF1, 0xCC
    .byte   0xBD, 0xDD, 0xEF, 0xEC,  -48, 0x0D, 0xE0, 0x01, 0x2D, 0xDC, 0xDD, 0xF0, 0xF0, 0xE1, 0x22, 0x56
    .byte   0x77, 0x64, 0x2C, 0xBD, 0xDE, 0x0E, 0xFD, 0xDE, 0x35, 0x34, 0x2E, 0xED, 0x23, 0x11, 0x0D, 0xBC
    .byte   0xCD, 0xDE, 0xED, 0xCC, 0xEE,  -56, 0x01, 0x10, 0xED, 0xCD, 0xDE, 0xE0, 0xFE, 0x00, 0x25, 0x57
    .byte   0x76, 0x53, 0x0B, 0xDD, 0xDF, 0xDE, 0xCE, 0xE3, 0x44, 0x32, 0x1E, 0x12, 0x33, 0x1E, 0xCC, 0xCB
    .byte   0xFD, 0xDD, 0xCD, 0xCD, 0x01, 0x2F,  -57, 0x0E, 0xED, 0xCD, 0xEE, 0xFF, 0x0E, 0x11, 0x45, 0x76
    .byte   0x66, 0x32, 0xCF, 0xF2, 0xDD, 0xDB, 0xDD, 0x34, 0x42, 0xFF, 0xD0, 0x44, 0x41, 0xDC, 0xBC, 0xDE
    .byte   0xED, 0xCB, 0xCD, 0xE3, 0x3E, 0xDD, 0xDE,  -80, 0x02, 0xEE, 0xDD, 0xDD, 0x23, 0x33, 0x55, 0x74
    .byte   0x45, 0x32, 0x00, 0x32, 0xDC, 0xED, 0xDF, 0x22, 0x0D, 0xF3, 0x23, 0x32, 0xEE, 0xDE, 0xDD, 0xCD
    .byte   0xCC, 0xDD, 0xED, 0xDD, 0xDE, 0x02, 0x31, 0x22,  -62, 0x0D, 0xED, 0xCE, 0xEF, 0x24, 0x45, 0x54
    .byte   0x54, 0x44, 0x43, 0x32, 0xFF, 0xCD, 0xCE, 0xDD, 0xEE, 0x0F, 0x03, 0x23, 0xFC, 0xED, 0x32, 0xDC
    .byte   0xA2, 0x20, 0xEE, 0xEC, 0xCD, 0xE3, 0x23, 0x22, 0x3E,  -52, 0x0D, 0x42, 0xED, 0x33, 0xF2, 0x33
    .byte   0x31, 0x13, 0x23, 0x30, 0x12, 0x22, 0xF1, 0x12, 0x10, 0xE1, 0xFE, 0xFE, 0x1F, 0xEF, 0xFE, 0xFF
    .byte   0xEF, 0xFE, 0xFE, 0xE0, 0xE0, 0xFF, 0xE0, 0xEF, 0xFF, 0xFF,  -18, 0x0F, 0xF0, 0x10, 0x01, 0x10
    .byte   0x20, 0x11, 0x11, 0x01, 0x00, 0x11, 0x01, 0x11, 0x12, 0x12, 0x01, 0xF0, 0xF1, 0x00, 0x0F, 0xF0
    .byte   0x10, 0x1F, 0x00, 0x00, 0x01, 0x0E, 0xFF, 0xFF, 0xF0, 0xE0, 0xFF,  -10, 0x0F, 0xFF, 0x1F, 0x00
    .byte   0x11, 0x11, 0x11, 0x11, 0x10, 0x10, 0x10, 0x11, 0x10, 0x21, 0x11, 0x10, 0x11, 0x1F, 0x0F, 0x00
    .byte   0xF0, 0xF0, 0xF0, 0xFF, 0x10, 0xFF, 0x00, 0xF1, 0xFF, 0xF1, 0xF0, 0x0F,    0, 0x00, 0xF0, 0xFF
    .byte   0x01, 0x00, 0xF1, 0x0F, 0x01, 0x10, 0x00, 0x11, 0x01, 0xF0, 0x1F, 0x01, 0x00, 0xF0, 0x0F, 0x1F
    .byte   0x10, 0xF0, 0x0F, 0x00, 0xF0, 0x10, 0xF0, 0x00, 0x10, 0x10, 0x01, 0xF1, 0xF0,    1, 0x00, 0xF0
    .byte   0xF0, 0x00, 0x00, 0xF1, 0xF0, 0x10, 0x00, 0x01, 0xF0, 0x11, 0x00, 0xF1, 0x10, 0x11, 0xE0, 0x20
    .byte   0xF0, 0xF0, 0x1E, 0xF0, 0xFF, 0xF0, 0x2F, 0xEF, 0xF0, 0x12, 0xE1, 0x01, 0x33, 0x33,   41, 0x0D
    .byte   0xA9, 0x66, 0xBC, 0x66, 0xCA, 0x47, 0x98, 0x47, 0xDA, 0x73, 0x87, 0x79, 0xA7, 0x48, 0xD7, 0x1B
    .byte   0x1D, 0x40, 0xC3, 0xE2, 0xCC, 0x7F, 0xA7, 0xCA, 0x5D, 0x27, 0x9A, 0x7C, 0xB6, 0xB7, 0xB8,   -5
    .byte   0x05, 0x95, 0xE4, 0xCA, 0x74, 0x97, 0xA4, 0x49, 0x73, 0x96, 0xEC, 0x3D, 0x4F, 0xB4, 0x12, 0xDC
    .byte   0x6C, 0xD3, 0xEE, 0x33, 0xB6, 0xCB, 0x5E, 0x20, 0xE4, 0xBD, 0x5F, 0xD0, 0x2D, 0x22, 0xE3, 0x2C
    .byte     -5, 0x03, 0xD3, 0x3E, 0xD2, 0xE4, 0xFD, 0x3D, 0x3D, 0x1F, 0x12, 0x2E, 0xB4, 0x2C, 0x32, 0xC0
    .byte   0x4D, 0xE3, 0x2E, 0xD3, 0x12, 0xFD, 0x22, 0xE3, 0x2D, 0x12, 0xD2, 0x4C, 0xD3, 0x1D, 0x33, 0x1D
    .byte   0xF3,   14, 0x02, 0xE1, 0x1E, 0xD2, 0x3D, 0xE0, 0x2E, 0xE0, 0x1E, 0xD2, 0x22, 0xDE, 0x10, 0xEE
    .byte   0x2F, 0xE0, 0xF1, 0x2E, 0x10, 0x20, 0x22, 0x11, 0x22, 0x22, 0x22, 0x21, 0x22, 0x20, 0x22, 0x01
    .byte   0x2E, 0x0E,   38, 0x01, 0xDF, 0xED, 0xFE, 0xEF, 0xDE, 0xEE, 0xEE, 0xED, 0xDD, 0xFF, 0xEE, 0xED
    .byte   0xF0, 0x22, 0xFE, 0x34, 0x54, 0x44, 0x33, 0x43, 0x4F, 0xED, 0xD1, 0x20, 0x0C, 0xCE, 0x11, 0xEE
    .byte   0xDE, 0x02, 0x33,   27, 0x0E, 0x12, 0xFE, 0xEC, 0xCC, 0xCF, 0xDD, 0xDD, 0xED, 0xEF, 0xEF, 0xF1
    .byte   0x23, 0x55, 0x55, 0x44, 0x44, 0x43, 0x2D, 0xDC, 0xEE, 0xED, 0xCC, 0xEE, 0x12, 0x0D, 0xE2, 0x34
    .byte   0x34, 0x12, 0x11, 0x2F,   49, 0x0C, 0xCB, 0xCC, 0xCE, 0xCD, 0xED, 0xE0, 0x22, 0x1E, 0x1F, 0x33
    .byte   0x35, 0x46, 0x54, 0x42, 0x33, 0x22, 0xDD, 0xDD, 0xED, 0xDD, 0xDD, 0xE0, 0x11, 0xE1, 0x23, 0x43
    .byte   0x42, 0x20, 0xD1, 0xDD, 0xCC,  -15, 0x0C, 0xCD, 0xDD, 0xCE, 0xE0, 0x20, 0x11, 0xF2, 0x12, 0x3F
    .byte   0x44, 0x55, 0x53, 0x41, 0x43, 0x2F, 0xED, 0xCE, 0x1E, 0xED, 0xCE, 0xD0, 0xF2, 0xEE, 0x22, 0x44
    .byte   0x43, 0x0F, 0xDE, 0xED, 0xCB, 0xCC,  -53, 0x0D, 0xEE, 0xCD, 0xEE, 0x21, 0x21, 0xF1, 0x23, 0x32
    .byte   0x33, 0x56, 0x44, 0x43, 0x32, 0x32, 0xEC, 0xCE, 0xEE, 0xED, 0xDC, 0xDE, 0x22, 0xEF, 0x23, 0x44
    .byte   0x34, 0x2E, 0x01, 0xDC, 0xCB, 0xCC, 0xCC,  -68, 0x0D, 0xCE, 0xE1, 0x12, 0x12, 0x11, 0x21, 0x23
    .byte   0x23, 0x46, 0x63, 0x43, 0x33, 0x13, 0xED, 0xCC, 0x2E, 0xED, 0xDD, 0xDD, 0xE2, 0x1E, 0x12, 0x44
    .byte   0x44, 0x22, 0xFF, 0xED, 0xCB, 0xCB, 0xCC, 0xDE,  -79, 0x0D, 0xDE, 0x02, 0x31, 0x10, 0xF3, 0x12
    .byte   0x22, 0x34, 0x66, 0x43, 0x23, 0x33, 0x2F, 0xDC, 0xCE, 0x2E, 0xDD, 0xCE, 0xC0, 0x2F, 0x0E, 0x33
    .byte   0x45, 0x34, 0x0F, 0x2D, 0xEC, 0xBB, 0xBD, 0xCE, 0xDC,  -84, 0x0D, 0xE1, 0x22, 0x22, 0x00, 0x02
    .byte   0x32, 0xEF, 0x45, 0x74, 0x43, 0x13, 0x23, 0x3D, 0xDB, 0xD2, 0xF0, 0xDC, 0xDC, 0xD2, 0x30, 0xDE
    .byte   0x33, 0x54, 0x44, 0xEE, 0x02, 0xDC, 0xCB, 0xBB, 0xDE, 0xDD,  -84, 0x0E, 0xEF, 0x13, 0x20, 0xF0
    .byte   0x12, 0x11, 0x20, 0x35, 0x65, 0x44, 0x23, 0x31, 0x30, 0xDC, 0xC2, 0xFE, 0xDC, 0xEC, 0xDE, 0xF2
    .byte   0xDF, 0x13, 0x53, 0x54, 0x22, 0xF2, 0xFC, 0xCB, 0xBC, 0xBD, 0xDD,  -79, 0x0E, 0xEE, 0x11, 0x31
    .byte   0x0F, 0x01, 0x02, 0x22, 0x33, 0x56, 0x53, 0x4F, 0x33, 0x13, 0x1D, 0xCD, 0x0E, 0xFD, 0xCF, 0xBD
    .byte   0xDF, 0x2D, 0x11, 0x34, 0x36, 0x34, 0x3E, 0x3C, 0xED, 0xBC, 0xAC, 0xDC,  -63, 0x0D, 0xDF, 0xD1
    .byte   0x13, 0x2E, 0x0E, 0xF2, 0x23, 0xE3, 0x35, 0x65, 0x34, 0xF4, 0x22, 0x30, 0xEC, 0xDF, 0xD1, 0xDD
    .byte   0xDC, 0xCD, 0xEF, 0xE0, 0xE3, 0x43, 0x54, 0x52, 0x31, 0x0E, 0xCC, 0xCB, 0xBB,  -51, 0x0D, 0xDE
    .byte   0xED, 0xE0, 0x22, 0x1F, 0xF0, 0x12, 0x12, 0x32, 0x45, 0x64, 0x43, 0x23, 0x22, 0x3F, 0xDC, 0xEF
    .byte   0xEE, 0xDD, 0xDB, 0xC1, 0xE0, 0xFD, 0x22, 0x44, 0x55, 0x24, 0x22, 0x1D, 0xEB, 0xCB,  -21, 0x0D
    .byte   0xCD, 0xDD, 0xED, 0xF0, 0x22, 0xDF, 0x01, 0x22, 0x12, 0x23, 0x45, 0x65, 0x33, 0x14, 0x22, 0x3E
    .byte   0xFB, 0xEF, 0xE0, 0xCD, 0xDB, 0xED, 0x1E, 0xED, 0xE4, 0x34, 0x54, 0x43, 0x33, 0x11, 0xCC,   37
    .byte   0x0B, 0xCB, 0xED, 0xCD, 0xDE, 0xE0, 0x11, 0x0D, 0xE3, 0x02, 0x20, 0x32, 0x44, 0x65, 0x34, 0x14
    .byte   0x32, 0x32, 0xDC, 0xDE, 0x01, 0xDD, 0xDC, 0xBF, 0xEE, 0xED, 0xE1, 0x34, 0x54, 0x43, 0x33, 0x32
    .byte     81, 0x0D, 0xCC, 0xBD, 0xCC, 0xCC, 0xDD, 0xE0, 0x0E, 0xFE, 0xE0, 0x20, 0x00, 0x23, 0x34, 0x46
    .byte   0x53, 0x43, 0x42, 0x23, 0x0E, 0xCD, 0x2E, 0x1C, 0xDD, 0xCC, 0xD1, 0xDD, 0xDE, 0x32, 0x35, 0x34
    .byte   0x34,   67, 0x02, 0x3E, 0xDD, 0xCC, 0xCC, 0xDC, 0xCC, 0xDD, 0xF1, 0x1D, 0xEF, 0xE1, 0x22, 0x11
    .byte   0x14, 0x44, 0x65, 0x35, 0x13, 0x42, 0x4E, 0xFC, 0xD1, 0xD2, 0xDC, 0xDC, 0xCD, 0xED, 0xDE, 0xD0
    .byte   0x33, 0x44,   19, 0x04, 0x34, 0x33, 0x1D, 0xEC, 0xCD, 0xCC, 0xCC, 0xCD, 0xDE, 0xEF, 0xDE, 0xEF
    .byte   0x20, 0x0F, 0x23, 0x24, 0x45, 0x64, 0x42, 0x44, 0x33, 0x2E, 0xDC, 0x2F, 0xEE, 0xCD, 0xCC, 0xCF
    .byte   0xDD, 0xDD, 0x02,  -31, 0x03, 0x44, 0x24, 0x44, 0x31, 0x1E, 0xEC, 0xCD, 0xCC, 0xCC, 0xDC, 0xED
    .byte   0xED, 0xD0, 0xE1, 0x00, 0x21, 0x22, 0x44, 0x46, 0x53, 0x43, 0x44, 0x33, 0xFE, 0xDD, 0x11, 0xED
    .byte   0xCD, 0xCC, 0xDF, 0xCD,  -38, 0x0D, 0x22, 0x24, 0x34, 0x34, 0x34, 0x32, 0x2E, 0xDD, 0xDD, 0xCC
    .byte   0xCC, 0xDC, 0xDD, 0xDD, 0xDF, 0xE1, 0x2E, 0x20, 0x13, 0x34, 0x45, 0x63, 0x44, 0x44, 0x23, 0x3E
    .byte   0xED, 0x11, 0xED, 0xCE, 0xCC,   12, 0x0D, 0xDC, 0xCE, 0x01, 0xF3, 0x33, 0x43, 0x44, 0x33, 0x12
    .byte   0x0D, 0xED, 0xDC, 0xCC, 0xCD, 0xDC, 0xDC, 0xEE, 0xE0, 0xE0, 0x02, 0x12, 0x24, 0x44, 0x55, 0x44
    .byte   0x35, 0x33, 0x30, 0x1E, 0xF0, 0xEF,   76, 0x0D, 0xDC, 0xCD, 0xCD, 0xCD, 0xD0, 0xF1, 0x23, 0x34
    .byte   0x34, 0x33, 0x32, 0x20, 0xEF, 0xDD, 0xCC, 0xDC, 0xDD, 0xCD, 0xCE, 0xDF, 0xE0, 0xFE, 0x21, 0x32
    .byte   0x34, 0x46, 0x34, 0x44, 0x52, 0x33, 0x12,   94, 0x01, 0x2E, 0xEC, 0xED, 0xCD, 0xCD, 0xCC, 0xDD
    .byte   0x1D, 0x02, 0x14, 0x33, 0x43, 0x42, 0x32, 0x2E, 0xFE, 0xDD, 0xCE, 0xCC, 0xDC, 0xDD, 0xC0, 0xDE
    .byte   0xE1, 0xFF, 0x12, 0x32, 0x43, 0x55, 0x35, 0x34,   69, 0x02, 0x41, 0x2F, 0x02, 0x0E, 0xDD, 0xED
    .byte   0xCC, 0xEC, 0xCC, 0xEE, 0xDD, 0xF3, 0x23, 0x33, 0x42, 0x43, 0x13, 0xE2, 0xEE, 0xFC, 0xED, 0xCD
    .byte   0xCD, 0xCC, 0xFD, 0xEE, 0xEF, 0x01, 0x12, 0x23, 0x34,  -31, 0x04, 0x44, 0x35, 0x42, 0x30, 0x22
    .byte   0x13, 0xFE, 0xDD, 0xFD, 0xDC, 0xDC, 0xDC, 0xED, 0xDD, 0x00, 0x32, 0x23, 0x33, 0x42, 0x32, 0x01
    .byte   0x01, 0xDD, 0xDD, 0xDC, 0xDD, 0xCE, 0xDD, 0xDF, 0xF0, 0x10,  -90, 0x02, 0x23, 0x33, 0x54, 0x34
    .byte   0x44, 0x42, 0x32, 0x22, 0x12, 0x0F, 0xED, 0x1D, 0xDD, 0xCD, 0xCD, 0xDD, 0xDE, 0xD2, 0x12, 0x23
    .byte   0x33, 0x23, 0x32, 0x10, 0x2F, 0xEE, 0xED, 0xDD, 0xDD, 0xDD, 0xDD,  -67, 0x0E, 0xE1, 0xE2, 0x11
    .byte   0x20, 0x33, 0x15, 0x32, 0x41, 0x53, 0x24, 0xE3, 0x20, 0x30, 0x1E, 0xE1, 0xED, 0xDD, 0xDD, 0xDD
    .byte   0xDD, 0xEE, 0xE2, 0xF1, 0x22, 0x23, 0x22, 0x11, 0x21, 0x1E, 0xEF, 0xEE,   -7, 0x0D, 0xFD, 0xDE
    .byte   0xEE, 0xEF, 0xD3, 0xE0, 0x21, 0x11, 0x22, 0x32, 0x33, 0x22, 0x34, 0xF3, 0x2F, 0x31, 0x23, 0x00
    .byte   0x2E, 0x11, 0xDE, 0xDE, 0xED, 0xED, 0xD0, 0xD2, 0xFE, 0x2F, 0x20, 0x21, 0x11,    2, 0x01, 0x2E
    .byte   0xF0, 0xEF, 0x0D, 0x1D, 0xE1, 0xD2, 0xDE, 0x2E, 0x0F, 0x2E, 0x22, 0x03, 0xFF, 0x3F, 0x32, 0xF2
    .byte   0x02, 0x30, 0x3E, 0x03, 0xE4, 0xF1, 0x2E, 0x21, 0xF2, 0xDF, 0xEE, 0x1E, 0xD1, 0xEF,    6, 0x0F
    .byte   0xFF, 0x0E, 0x3D, 0x22, 0xE3, 0xDE, 0x11, 0x0E, 0x0D, 0x1D, 0x32, 0xC2, 0xC3, 0xE0, 0x3C, 0x3F
    .byte   0xD4, 0x1D, 0x3D, 0x23, 0xE2, 0x2F, 0x02, 0x12, 0x3F, 0xF2, 0xE3, 0x12, 0x3D, 0x3F, 0xF4,   27
    .byte   0x02, 0xEE, 0x3D, 0x3D, 0xEE, 0x2D, 0x3E, 0xFE, 0xD4, 0xD1, 0x2D, 0xE3, 0xC4, 0x0E, 0xFD, 0x2F
    .byte   0xF3, 0xCF, 0xE1, 0xE2, 0x2B, 0x5C, 0x23, 0xD3, 0xDD, 0x4E, 0xE5, 0xA6, 0xCC, 0x78, 0x7D, 0xB7
    .byte    -35, 0x07, 0xB1, 0x3D, 0x30, 0x3C, 0x5C, 0xF5, 0xB4, 0xEE, 0x4D, 0x22, 0xD3, 0xD2, 0x1D, 0x3C
    .byte   0x3E, 0x2F, 0x1D, 0x21, 0xD4, 0xC3, 0xFD, 0x3F, 0x1E, 0xF1, 0xD4, 0xC4, 0xC1, 0x2C, 0x4D, 0x3E
    .byte   0xD2,   -3, 0x0C, 0x5C, 0xE4, 0xB4, 0x2C, 0x5B, 0x14, 0xC4, 0xD1, 0x0E, 0x3E, 0x3E, 0xE3, 0xC4
    .byte   0xEE, 0x4B, 0x5C, 0x34, 0xA6, 0xB3, 0x3C, 0x5B, 0x3F, 0xD5, 0xB5, 0xDC, 0x5B, 0x4F, 0xFF, 0x0E
    .byte   0x04, 0xC3,    8, 0x0D, 0x4C, 0x33, 0xC2, 0xEE, 0x31, 0xD3, 0xC4, 0xD3, 0xD3, 0xC1, 0x4B, 0x5C
    .byte   0x3E, 0xD3, 0xF2, 0xD3, 0xEC, 0x6A, 0x44, 0x97, 0xA4, 0x4B, 0x6A, 0x4E, 0xD5, 0xB4, 0xD2, 0x0F
    .byte   0x3C, 0x5B, 0x24,  -21, 0x07, 0xA2, 0x4B, 0x5C, 0x3F, 0xD3, 0xEF, 0x4C, 0x30, 0xC5, 0xC1, 0x3C
    .byte   0x23, 0xC4, 0xFC, 0x5B, 0x42, 0xB6, 0xA4, 0x2C, 0x5C, 0xE4, 0xB4, 0x3B, 0x6A, 0x5C, 0x14, 0xB5
    .byte   0xCE, 0x5B, 0x41, 0xB5,  -16, 0x05, 0xD0, 0xE2, 0xEF, 0x4B, 0x6A, 0x4E, 0xE4, 0xC3, 0xFD, 0x3E
    .byte   0x04, 0xB4, 0x1C, 0x5C, 0xF3, 0xC4, 0xC5, 0xB2, 0x59, 0x7B, 0xC7, 0x95, 0xEC, 0x6A, 0x5D, 0xD4
    .byte   0xC3, 0x0F, 0x2D, 0x3F, 0xC6,   -8, 0x03, 0x2C, 0x4D, 0x14, 0xB5, 0xB2, 0x5A, 0x6B, 0x23, 0xC5
    .byte   0xB5, 0xCC, 0x6A, 0x52, 0xB5, 0xB4, 0x2C, 0x5B, 0x5B, 0x25, 0xA6, 0xBD, 0x69, 0x62, 0xB6, 0xA4
    .byte   0x2B, 0x79, 0x5F, 0xB6, 0xB3, 0x3A,    9, 0x0B, 0x43, 0xC4, 0xB4, 0xEE, 0x4C, 0x3D, 0x04, 0xB6
    .byte   0xCC, 0x5A, 0x53, 0xB5, 0xEB, 0x5D, 0x22, 0xE1, 0xC5, 0xDE, 0x4D, 0xB6, 0xB3, 0x4B, 0x33, 0xB5
    .byte   0x0C, 0x4C, 0x3E, 0x4C, 0x14, 0xA5, 0x2C,   16, 0x0B, 0x33, 0xC4, 0xDE, 0x2D, 0x04, 0xC4, 0xEC
    .byte   0x5B, 0x40, 0xD4, 0xC2, 0xFE, 0x5B, 0x4D, 0xD4, 0xD4, 0xB4, 0xFB, 0x6C, 0xE4, 0xB3, 0x2E, 0x32
    .byte   0xC3, 0xFD, 0x4F, 0xC4, 0xDE, 0x4D, 0x11, 0xE0,   -4, 0x03, 0xE0, 0x1E, 0x2E, 0x3E, 0xE1, 0xF2
    .byte   0xE2, 0x2C, 0x4E, 0xC5, 0xCE, 0x4D, 0xD4, 0xED, 0x4E, 0xD2, 0x3D, 0xE4, 0xB3, 0x4C, 0x13, 0xED
    .byte   0x30, 0xD3, 0xED, 0x4D, 0xE4, 0xDD, 0x33, 0xC4, 0xEC,    4, 0x0E, 0xD4, 0x1C, 0x3F, 0xE3, 0x1E
    .byte   0xE1, 0x00, 0x3E, 0xDF, 0x2E, 0x23, 0xEF, 0xD2, 0xE2, 0x20, 0xE0, 0x11, 0x32, 0xED, 0x0F, 0x12
    .byte   0xEE, 0xE2, 0xE2, 0x4E, 0xD2, 0x1E, 0x31, 0xD1, 0xDE, 0x41,   10, 0x0F, 0xD0, 0x2E, 0x02, 0xC0
    .byte   0x12, 0x32, 0xEE, 0x01, 0x12, 0x3D, 0x12, 0xE2, 0x2E, 0x0D, 0xEE, 0x02, 0x1F, 0xEF, 0x31, 0x21
    .byte   0xEF, 0xFF, 0x20, 0xE1, 0x11, 0x02, 0xFF, 0xFF, 0xEF, 0xFF, 0xF0,   -4, 0x01, 0x11, 0x01, 0x00
    .byte   0x0F, 0x0E, 0x02, 0x10, 0x00, 0x1F, 0x0F, 0x0E, 0x01, 0x20, 0x1F, 0xF0, 0x01, 0x00, 0xFF, 0x01
    .byte   0x00, 0x1F, 0x0F, 0x0F, 0x01, 0x00, 0x0F, 0x00, 0x11, 0x0F, 0x11, 0x10,    1, 0x00, 0xFF, 0x10
    .byte   0xF0, 0x00, 0x10, 0x01, 0x10, 0xE0, 0x1F, 0x01, 0x01, 0x10, 0x00, 0xF1, 0x00, 0x0F, 0xF1, 0x11
    .byte   0x0F, 0x0F, 0x01, 0xF1, 0x1F, 0x2F, 0x10, 0xFF, 0x0F, 0xF1, 0xF0, 0xF0, 0x11,    4, 0x00, 0x0E
    .byte   0xF1, 0xF0, 0x1F, 0xFF, 0x01, 0x11, 0xF0, 0x11, 0x00, 0x00, 0xF1, 0x11, 0xF0, 0xFF, 0x0F, 0x01
    .byte   0x00, 0x01, 0xF1, 0x0F, 0x01, 0x10, 0x01, 0x01, 0x0F, 0xFF, 0xFF, 0x0F, 0x00, 0x11,    0, 0x01
    .byte   0x0F, 0xF0, 0xFF, 0x01, 0x01, 0x10, 0xF1, 0x1F, 0x01, 0xF0, 0xF0, 0x10, 0x00, 0x00, 0x1F, 0x00
    .byte   0xF1, 0x00, 0x01, 0xF0, 0x10, 0xFF, 0x00, 0x0F, 0x10, 0x00, 0xF0, 0x0F, 0xFF, 0x10, 0xF1,   -4
    .byte   0x0F, 0x0F, 0x1F, 0x00, 0x10, 0x10, 0x11, 0x02, 0x01, 0x1F, 0x1F, 0x11, 0x11, 0x11, 0x11, 0x10
    .byte   0x10, 0xF0, 0x10, 0x10, 0x00, 0xF0, 0x0E, 0xFF, 0x0E, 0x0F, 0xE0, 0x0E, 0xFE, 0xEF, 0xEE, 0xFE
    .byte    -33, 0x0F, 0xEF, 0xEF, 0xFF, 0x0F, 0x1F, 0x22, 0x23, 0x32, 0x33, 0x33, 0x23, 0x22, 0x22, 0x22
    .byte   0x21, 0x20, 0x1F, 0xFE, 0xEE, 0xEE, 0xED, 0xED, 0x0E, 0xFE, 0xDE, 0xDE, 0xDD, 0xED, 0xED, 0xED
    .byte   0xEE,  -84, 0x0F, 0xEE, 0xFE, 0x12, 0x33, 0x43, 0x22, 0x34, 0x43, 0x43, 0x23, 0x33, 0x43, 0x22
    .byte   0x2E, 0xEE, 0xDF, 0xFE, 0xED, 0xDD, 0xEE, 0xEE, 0xEE, 0xDE, 0xEE, 0xEF, 0xEE, 0xEE, 0xEE, 0xEE
    .byte   0xFE, 0xFE,  -56, 0x0E, 0xEE, 0xEE, 0xFD, 0xEE, 0xF0, 0x34, 0x33, 0x31, 0x33, 0x44, 0x33, 0x33
    .byte   0x34, 0x34, 0x23, 0xFE, 0xDE, 0xDE, 0xEE, 0xED, 0xDD, 0xEE, 0xEE, 0xEE, 0xDE, 0xEE, 0xEF, 0xFF
    .byte   0x0F, 0xEE, 0xFF,  -27, 0x00, 0x0E, 0xEE, 0xEE, 0xFF, 0xFE, 0xED, 0xED, 0xFF, 0x13, 0x33, 0x31
    .byte   0x13, 0x33, 0x44, 0x23, 0x33, 0x43, 0x43, 0x10, 0xEE, 0xDD, 0xEE, 0xEE, 0xED, 0xDE, 0xFE, 0xEE
    .byte   0xED, 0xFE, 0xEE, 0xFF,  -13, 0x0F, 0xFE, 0xEF, 0xE0, 0x10, 0xFE, 0xEE, 0x0E, 0x0E, 0xFE, 0xED
    .byte   0xEE, 0xE0, 0x23, 0x33, 0x31, 0x22, 0x34, 0x34, 0x23, 0x33, 0x34, 0x32, 0x2F, 0xED, 0xED, 0xFE
    .byte   0xEE, 0xED, 0xED, 0xEE, 0xEE,    9, 0x0E, 0xEE, 0xEF, 0xE0, 0x0F, 0x0E, 0xEF, 0xE0, 0x10, 0x0E
    .byte   0xEE, 0xE0, 0xFE, 0x1E, 0xDE, 0xDE, 0xE1, 0x23, 0x33, 0x31, 0x22, 0x33, 0x43, 0x33, 0x33, 0x34
    .byte   0x23, 0x0F, 0xEE, 0xED, 0xFE, 0xEF,   51, 0x0D, 0xED, 0xED, 0xFF, 0xEE, 0xEE, 0xEF, 0xEF, 0x00
    .byte   0xEF, 0xEF, 0xEF, 0x1F, 0xE0, 0xEE, 0xE1, 0x0E, 0xEE, 0xEE, 0xED, 0xEE, 0x23, 0x43, 0x31, 0x10
    .byte   0x33, 0x43, 0x42, 0x33, 0x33, 0x42, 0x21,   88, 0x0E, 0xDE, 0xEE, 0xEE, 0xDD, 0xED, 0xFE, 0xFE
    .byte   0xFE, 0xEF, 0xEE, 0xE0, 0xE0, 0xE0, 0xEF, 0xFF, 0xFF, 0xEE, 0x0E, 0x00, 0xEE, 0xEE, 0xEE, 0xEE
    .byte   0xEE, 0x23, 0x33, 0x32, 0x11, 0x23, 0x43, 0x43,   38, 0x03, 0x33, 0x33, 0x31, 0xFE, 0xDE, 0xEE
    .byte   0xED, 0xED, 0xDE, 0xE0, 0xEE, 0xEF, 0xEF, 0xEE, 0xEF, 0xFE, 0xE0, 0xEE, 0x00, 0x1F, 0xEE, 0xEE
    .byte   0x0F, 0xEE, 0xEE, 0xEF, 0xEF, 0xDE, 0x02, 0x44, 0x32,  -33, 0x0F, 0x34, 0x44, 0x44, 0x33, 0x32
    .byte   0x22, 0xFF, 0xED, 0xDD, 0xDD, 0xEF, 0xEE, 0xDF, 0xEE, 0x11, 0xF0, 0xF1, 0xEE, 0xEE, 0xEE, 0xFD
    .byte   0xEF, 0xEE, 0x0E, 0xDD, 0xEF, 0xEE, 0xEE, 0xDE, 0xEE, 0xE0,  -88, 0x05, 0x76, 0x65, 0x4D, 0xBD
    .byte   0xCE, 0xED, 0xED, 0xF2, 0x24, 0x34, 0xFF, 0xFF, 0x1D, 0xFC, 0xCC, 0xDD, 0xF2, 0x22, 0x21, 0x22
    .byte   0x21, 0x0E, 0xEE, 0xE2, 0x32, 0x22, 0xEE, 0xFE, 0x0D, 0xDC, 0xCE,  -57, 0x0F, 0xEE, 0xFD, 0xEF
    .byte   0x12, 0xF2, 0x37, 0x66, 0x53, 0xDA, 0xB1, 0xE2, 0xEE, 0xFD, 0x23, 0x54, 0x3F, 0xED, 0xD0, 0x0D
    .byte   0xCB, 0xCC, 0xE4, 0x44, 0x42, 0xE0, 0x1F, 0xFE, 0xDC, 0xCE, 0x14, 0x33,   13, 0x00, 0xF1, 0xED
    .byte   0xCC, 0xCC, 0xE0, 0x2F, 0xEE, 0xEF, 0x01, 0x20, 0x47, 0x75, 0x5E, 0xCA, 0xBF, 0xF2, 0xFF, 0x2E
    .byte   0x24, 0x54, 0xFF, 0xDD, 0xDF, 0x1C, 0xBB, 0xCD, 0x25, 0x54, 0x31, 0xEE, 0x10,   19, 0x0D, 0xCC
    .byte   0xE0, 0x34, 0x42, 0xED, 0x1F, 0xDD, 0xCC, 0xCD, 0x32, 0x2E, 0xED, 0xDE, 0x3E, 0xE3, 0x57, 0x66
    .byte   0x4D, 0xBA, 0xC2, 0xF3, 0x20, 0xED, 0x44, 0x43, 0x1F, 0xDD, 0xE2, 0xDC, 0xBC, 0xBF,  -33, 0x05
    .byte   0x53, 0x20, 0xEE, 0xE2, 0xEC, 0xDD, 0xD2, 0x43, 0x31, 0xEE, 0xFF, 0xDD, 0xDC, 0xCF, 0x20, 0xF1
    .byte   0xDD, 0xEF, 0xFE, 0x12, 0x77, 0x65, 0x1D, 0x9B, 0x10, 0x23, 0x20, 0xD2, 0x34, 0x42, 0x0E,   49
    .byte   0x0E, 0x10, 0xDB, 0xBC, 0xC1, 0x55, 0x44, 0xEE, 0xD2, 0xEE, 0xEC, 0xCD, 0x13, 0x44, 0x2D, 0xFD
    .byte   0xEF, 0xED, 0xCD, 0xDE, 0x21, 0xFF, 0xDD, 0xEE, 0xEE, 0x36, 0x77, 0x44, 0xDA, 0xAD, 0x22, 0x41
    .byte     24, 0x0E, 0xC3, 0x54, 0x22, 0x2D, 0xDF, 0x0D, 0xCB, 0xCC, 0xF3, 0x55, 0x32, 0xFD, 0xEE, 0x0D
    .byte   0xDD, 0xDF, 0x24, 0x30, 0xEE, 0xE2, 0xFE, 0xDD, 0xCC, 0x03, 0x1E, 0xED, 0xDE, 0xEE, 0xFF, 0x47
    .byte   0x74,   69, 0x02, 0xBA, 0xB4, 0xF3, 0x32, 0x1C, 0xF4, 0x43, 0x32, 0x1E, 0xDF, 0x0B, 0xBC, 0xCE
    .byte   0x25, 0x54, 0x21, 0xDE, 0xEE, 0xDC, 0xDD, 0x23, 0x43, 0x0F, 0xDE, 0x10, 0xED, 0xEC, 0xDF, 0xFF
    .byte   0xEE, 0xDD,  -72, 0x0F, 0xEE, 0x12, 0x77, 0x45, 0x3B, 0xAB, 0x31, 0x34, 0x20, 0xD0, 0x24, 0x42
    .byte   0x31, 0xED, 0xFD, 0xCC, 0xBD, 0xE2, 0x45, 0x42, 0x0D, 0xDE, 0xED, 0xDD, 0xEF, 0x33, 0x33, 0xED
    .byte   0xEF, 0x1E, 0xDE,  -30, 0x0C, 0xE1, 0x2E, 0xEE, 0xED, 0x0E, 0xF0, 0x26, 0x74, 0x44, 0xDA, 0xA3
    .byte   0x23, 0x42, 0x2D, 0xE2, 0x44, 0x22, 0x3E, 0xDD, 0x0D, 0xBB, 0xFE, 0xE4, 0x54, 0x1F, 0xFD, 0xDE
    .byte   0xDD, 0xDE, 0x13, 0x43,   17, 0x0F, 0xDD, 0x0F, 0xDE, 0xFC, 0xC2, 0x1F, 0xEF, 0xED, 0xDE, 0x20
    .byte   0xF3, 0x66, 0x44, 0x4C, 0xAC, 0x31, 0x33, 0x3F, 0xEE, 0x15, 0x32, 0x13, 0xEC, 0xE1, 0xDB, 0xDE
    .byte   0xEF, 0x44, 0x33, 0xFE, 0xDC,    4, 0x0E, 0xED, 0xD3, 0x21, 0x33, 0xFD, 0xD1, 0x0D, 0xEE, 0xED
    .byte   0xEE, 0x02, 0xDF, 0xFC, 0xF2, 0x00, 0x24, 0x64, 0x44, 0x2C, 0xB2, 0x2E, 0xF3, 0x3F, 0xE2, 0x33
    .byte   0x23, 0x33, 0xDC, 0x1D, 0xCC, 0xEE,   -8, 0x03, 0x44, 0x21, 0x1D, 0xDD, 0xDE, 0xCE, 0xF2, 0x33
    .byte   0x23, 0xEC, 0xE1, 0xDD, 0xEF, 0xDD, 0xF3, 0x2F, 0xDE, 0xED, 0xE1, 0x31, 0x36, 0x43, 0x42, 0xFC
    .byte   0xD3, 0xE0, 0x23, 0xFE, 0x22, 0x33, 0x32,   63, 0x0E, 0xD0, 0xEC, 0xCE, 0xFD, 0x14, 0x41, 0x01
    .byte   0xED, 0xDD, 0xDD, 0xCF, 0x44, 0x22, 0x2C, 0xCD, 0x22, 0x0E, 0xDC, 0xE2, 0x43, 0xDD, 0xCE, 0xD3
    .byte   0x32, 0xEF, 0x45, 0x43, 0x41, 0xCC, 0x24, 0x21,   20, 0x00, 0x0E, 0x15, 0x30, 0xE2, 0x1D, 0x11
    .byte   0xED, 0xDE, 0xEF, 0xF3, 0x21, 0x0F, 0xFD, 0xDE, 0xDD, 0xE2, 0x22, 0x22, 0x0D, 0xED, 0x0E, 0x1E
    .byte   0xEE, 0xD1, 0x32, 0x20, 0xDC, 0xD3, 0x22, 0x3E, 0xD0,  -21, 0x04, 0x24, 0x2D, 0xD1, 0x43, 0xFE
    .byte   0x02, 0xD0, 0x44, 0xEE, 0x10, 0xD0, 0x42, 0xCD, 0xE1, 0xDE, 0x33, 0xFD, 0x02, 0xDD, 0xEE, 0x0E
    .byte   0xD2, 0x3D, 0xD2, 0x3F, 0xDE, 0xED, 0xE2, 0x2F, 0xEE, 0x1E,  -48, 0x02, 0x33, 0x00, 0xCD, 0x12
    .byte   0x23, 0x54, 0x10, 0x01, 0xE1, 0x34, 0x3C, 0xC3, 0x31, 0x34, 0xFD, 0xCE, 0x44, 0xDE, 0xED, 0xC2
    .byte   0x32, 0x0D, 0xD2, 0x1F, 0xF0, 0xEC, 0xE1, 0x30, 0xDD, 0xEF, 0xEF,  -23, 0x00, 0xE0, 0xE0, 0xFE
    .byte   0xD0, 0x33, 0x0D, 0xED, 0x13, 0x43, 0xFC, 0xD1, 0x35, 0x5F, 0xDD, 0xE2, 0x43, 0x14, 0xDB, 0x14
    .byte   0x43, 0xED, 0xD1, 0xF2, 0x42, 0xCC, 0x12, 0xF1, 0xFE, 0xD0, 0x11, 0x2E,    1, 0x0D, 0x12, 0x21
    .byte   0xDC, 0xDF, 0x33, 0xFD, 0xCE, 0x34, 0x32, 0xCC, 0xC4, 0x43, 0xEC, 0xD0, 0x43, 0x41, 0xCD, 0xE4
    .byte   0x54, 0xCD, 0xD2, 0x34, 0x4D, 0xDC, 0xE4, 0x53, 0xDB, 0xE3, 0x23, 0x3E, 0xCC,   21, 0x03, 0x21
    .byte   0xDC, 0xDE, 0x43, 0xFD, 0xD2, 0x1D, 0xC3, 0xFD, 0xD3, 0x32, 0xDD, 0xE3, 0xED, 0x33, 0xED, 0xFF
    .byte   0x02, 0x13, 0x1C, 0x35, 0xEC, 0xE2, 0x33, 0xDD, 0x4E, 0xD3, 0x4E, 0xD1, 0x34, 0xCC,    3, 0x04
    .byte   0x10, 0x2D, 0xC1, 0x44, 0x2D, 0xC1, 0x12, 0x20, 0x1D, 0xD2, 0x33, 0xDD, 0xF0, 0x00, 0xDE, 0xE3
    .byte   0x21, 0xDC, 0x23, 0x2E, 0xE2, 0x2E, 0xEE, 0xE1, 0x02, 0x32, 0xCD, 0x53, 0xCC, 0x13, 0x3D,   -4
    .byte   0x03, 0xED, 0xD4, 0x4D, 0xBC, 0x45, 0x3D, 0xDE, 0x24, 0x3D, 0xC1, 0x32, 0xED, 0x03, 0x4D, 0xE2
    .byte   0xFE, 0xEE, 0x32, 0xE1, 0xF3, 0xFD, 0xD1, 0x32, 0xFD, 0xD2, 0x4D, 0x0F, 0xB2, 0x43, 0x2C, 0xC1
    .byte      7, 0x03, 0xBE, 0x1F, 0x22, 0x0F, 0xDE, 0x42, 0xED, 0x2F, 0xD4, 0x32, 0x0B, 0x13, 0x20, 0xFF
    .byte   0xE1, 0x14, 0xFC, 0xD3, 0x42, 0xDD, 0x2F, 0xD4, 0x3C, 0xCF, 0x54, 0xCC, 0xF4, 0x2D, 0xF2, 0xFE
    .byte   0xF2,    8, 0x02, 0xCF, 0x3F, 0xFD, 0x14, 0x1D, 0x02, 0xEE, 0x20, 0xFD, 0xD3, 0x42, 0xDD, 0x3F
    .byte   0xF0, 0xEE, 0xE2, 0x43, 0xDD, 0xD3, 0x4C, 0xC0, 0x33, 0xF3, 0x0D, 0xDE, 0x52, 0xCC, 0x04, 0x4D
    .byte   0xDD, 0x13,    7, 0x0F, 0xC1, 0x42, 0xEC, 0xE3, 0x30, 0xD2, 0xE0, 0x30, 0x2D, 0xE1, 0x3E, 0xC1
    .byte   0x35, 0xDB, 0xFF, 0x51, 0xDD, 0xE3, 0x3F, 0xD2, 0xF2, 0x2E, 0xDD, 0x40, 0xD3, 0xE0, 0x21, 0x00
    .byte   0xFF, 0x0F, 0xFE,    0, 0x02, 0x0F, 0xD2, 0x13, 0xED, 0x2E, 0x23, 0xDF, 0x3D, 0xE4, 0x3C, 0xC2
    .byte   0x33, 0xED, 0x2E, 0xE3, 0x2C, 0xF4, 0xF1, 0xFC, 0x31, 0x31, 0xCF, 0x33, 0xEE, 0xDD, 0x5F, 0xD2
    .byte   0x1D, 0x3D, 0x34, 0xBF,  -16, 0x04, 0x4C, 0xED, 0x43, 0xC3, 0xFD, 0x3E, 0x12, 0xDF, 0x32, 0xC3
    .byte   0x03, 0xDD, 0xE4, 0x1D, 0x20, 0x2E, 0x2E, 0x0E, 0xE4, 0xD0, 0x00, 0x2D, 0x4C, 0x13, 0xC4, 0x12
    .byte   0xDD, 0x23, 0x1D, 0xFF, 0x30,    8, 0x0E, 0xC3, 0x33, 0xCD, 0x13, 0x3D, 0x21, 0xD2, 0x2F, 0xEE
    .byte   0x23, 0xDF, 0x11, 0x2E, 0xFE, 0x23, 0xE0, 0xEE, 0x3E, 0x2E, 0xD3, 0x2F, 0xD0, 0x31, 0xED, 0x04
    .byte   0xEE, 0x0E, 0x22, 0xEF, 0xF0, 0x20,   -1, 0x0E, 0x3E, 0xF2, 0xEF, 0xF1, 0x20, 0xEF, 0x20, 0xFF
    .byte   0xF2, 0xE0, 0x2E, 0x11, 0xF2, 0xEE, 0x21, 0x0E, 0x22, 0xEE, 0x12, 0x0F, 0xE1, 0x2E, 0x2F, 0xF2
    .byte   0xEF, 0x2E, 0x02, 0xE0, 0x1F, 0x20, 0xE1,    0, 0x0F, 0x2F, 0xEF, 0x20, 0xFE, 0x21, 0xFF, 0xF2
    .byte   0xFE, 0x20, 0x2D, 0x2F, 0x21, 0xD2, 0x02, 0x0E, 0x11, 0x10, 0xE2, 0xE2, 0x1E, 0x2F, 0xE2, 0x0F
    .byte   0xE1, 0x22, 0xD0, 0x2E, 0x12, 0x0E, 0x02, 0xF0,   -4, 0x02, 0x3D, 0xF1, 0x00, 0x20, 0xD2, 0x3D
    .byte   0x1E, 0x22, 0xD1, 0x3E, 0xD3, 0x0F, 0x2E, 0xE3, 0xE0, 0xE0, 0x3D, 0x1F, 0x3F, 0xC4, 0xE1, 0xEE
    .byte   0x31, 0xED, 0x32, 0xEE, 0x13, 0xEE, 0x12, 0xFE, 0xE3,    4, 0x0E, 0x1E, 0x22, 0xD3, 0xEE, 0x3D
    .byte   0x2F, 0x1E, 0x22, 0xD2, 0x2E, 0xE2, 0x2E, 0xF0, 0x12, 0xE0, 0xE2, 0x02, 0xD3, 0xE0, 0x10, 0x0D
    .byte   0x4D, 0x02, 0xD3, 0xE2, 0xFD, 0x31, 0xE0, 0x01, 0x1E, 0x21,    0, 0x0F, 0x02, 0xEF, 0x12, 0xE0
    .byte   0xF1, 0x02, 0xEF, 0x21, 0xED, 0x4F, 0xDE, 0x33, 0xDE, 0xF3, 0xFD, 0x21, 0x2E, 0xD4, 0xEE, 0xF0
    .byte   0x3D, 0x0F, 0x22, 0xD0, 0x21, 0x0E, 0x12, 0x0E, 0xF2, 0x1E, 0xF2,    2, 0x0F, 0x00, 0xFF, 0x12
    .byte   0xD2, 0x21, 0xED, 0x32, 0xEF, 0x00, 0x3D, 0xE2, 0x11, 0x1E, 0x22, 0xD0, 0x3E, 0xEE, 0x31, 0xD2
    .byte   0x02, 0xD3, 0x2D, 0xF0, 0x3F, 0xD3, 0xC3, 0x3D, 0xFF, 0x3F, 0xDE, 0x42,   -5, 0x0D, 0x44, 0xBE
    .byte   0x40, 0xEF, 0xD4, 0xFC, 0x32, 0x1E, 0xFD, 0x5D, 0xB5, 0xEF, 0xE1, 0x1F, 0x3C, 0x23, 0x1E, 0xD3
    .byte   0x21, 0xC3, 0x4C, 0xEF, 0x4E, 0xC2, 0x14, 0xC2, 0x2D, 0x23, 0x0C, 0x14, 0xD2,   -3, 0x01, 0x2E
    .byte   0x2D, 0x31, 0xED, 0x42, 0xC2, 0xE3, 0x2D, 0x02, 0x2C, 0x33, 0xDD, 0x33, 0xC3, 0xE4, 0xDB, 0x5F
    .byte   0x2C, 0x24, 0xDF, 0xD4, 0x2B, 0x24, 0xED, 0xF3, 0x3D, 0xD4, 0xFD, 0xD4, 0x1C, 0x3D,    3, 0x03
    .byte   0xB3, 0x4C, 0xE2, 0x3E, 0xE1, 0x01, 0x10, 0x3C, 0xF5, 0xB1, 0x4E, 0xDE, 0x33, 0xDE, 0xD4, 0xFD
    .byte   0x3D, 0x23, 0xDD, 0x4F, 0xE3, 0xCF, 0x5C, 0xD2, 0x4D, 0xC2, 0x42, 0xB3, 0x4D, 0xE1, 0x2F,   -8
    .byte   0x04, 0xFC, 0x22, 0x3C, 0xE5, 0xC2, 0x1E, 0x2E, 0xF3, 0x0C, 0x33, 0xD0, 0xF3, 0xEF, 0xD3, 0x3C
    .byte   0x03, 0xFD, 0x13, 0xFE, 0xD3, 0x4B, 0xF5, 0xDD, 0x3E, 0x2E, 0xD4, 0xDD, 0x32, 0xEF, 0x02, 0xE0
    .byte      4, 0x0D, 0x3E, 0xF2, 0xE2, 0x1D, 0xD5, 0x1C, 0x1F, 0x33, 0xCD, 0x32, 0xE2, 0xD0, 0x4F, 0xCF
    .byte   0x41, 0xDE, 0xF4, 0xEC, 0x32, 0xFF, 0xF2, 0x0D, 0x21, 0x0E, 0x22, 0xD2, 0x21, 0xED, 0x33, 0xEC
    .byte   0x33,    5, 0x0D, 0xE4, 0xFD, 0xE3, 0xFD, 0x31, 0xEE, 0x13, 0xED, 0x32, 0xFD, 0x23, 0xED, 0x22
    .byte   0xEE, 0x03, 0xD1, 0x21, 0x1D, 0x23, 0x2C, 0xE4, 0x0D, 0xE3, 0x2D, 0x12, 0x0E, 0x2E, 0x2F, 0xD3
    .byte   0x10, 0xEF,    0, 0x02, 0xFD, 0x22, 0xE1, 0xF2, 0xF1, 0xE2, 0x2D, 0x21, 0xFE, 0x01, 0x11, 0xE2
    .byte   0x1E, 0xF3, 0xEE, 0x00, 0x3E, 0xE0, 0x12, 0xE1, 0xFF, 0x2F, 0xF0, 0xF2, 0xF0, 0xE1, 0x2E, 0x1F
    .byte   0x2F, 0xE1, 0x21,   -1, 0x00, 0x10, 0xF0, 0x1F, 0x01, 0x11, 0xF1, 0x0F, 0xE2, 0x0E, 0x11, 0x1F
    .byte   0x11, 0xF1, 0x01, 0x0E, 0x11, 0x0F, 0x10, 0x2E, 0xE2, 0x2E, 0xFF, 0x11, 0x00, 0x11, 0xE2, 0xFF
    .byte   0xF1, 0x10, 0xFF, 0x2F,   -1, 0x02, 0xE1, 0xF1, 0xF1, 0x0E, 0x2F, 0x01, 0xE2, 0x10, 0xE1, 0x11
    .byte   0x1F, 0x0F, 0x01, 0x2E, 0xE2, 0x1F, 0xFF, 0x2F, 0xF0, 0x01, 0x01, 0xFE, 0x22, 0xEE, 0x02, 0x2E
    .byte   0xF1, 0x11, 0x01, 0x1E, 0x22,    6, 0x0E, 0x12, 0x10, 0xE0, 0x2F, 0xFF, 0x0E, 0x20, 0xEF, 0x0F
    .byte   0xFF, 0xE0, 0x0E, 0x00, 0xEE, 0x2F, 0xEE, 0x20, 0xFE, 0x20, 0x2E, 0x21, 0xF2, 0x22, 0x20, 0x32
    .byte   0x30, 0x32, 0x02, 0x21, 0xE0, 0x2F,   38, 0x0E, 0x10, 0xEE, 0xFE, 0xFE, 0xEF, 0xEF, 0xFE, 0xD2
    .byte   0xEE, 0xEF, 0xEE, 0xD0, 0xEE, 0xD0, 0xFD, 0xEF, 0x1E, 0xF1, 0x22, 0x23, 0x44, 0x32, 0x44, 0x40
    .byte   0x22, 0x20, 0xEE, 0xEF, 0xEE, 0xEE, 0xEE,   25, 0x0D, 0xEF, 0x12, 0xEE, 0x22, 0x1F, 0x0F, 0xF0
    .byte   0xE0, 0xEF, 0xFF, 0xEE, 0x10, 0xEF, 0xE0, 0xFE, 0xFE, 0x0E, 0x0E, 0xEE, 0xEE, 0xEE, 0xEE, 0xE2
    .byte   0x22, 0x25, 0x41, 0x35, 0x51, 0xE2, 0x31, 0xDD,   44, 0x0D, 0xEE, 0x0D, 0xE0, 0x11, 0xD0, 0x30
    .byte   0xEF, 0x22, 0xE2, 0x0F, 0xE0, 0x1D, 0xEF, 0xFF, 0xDE, 0x21, 0xFF, 0x22, 0x01, 0x11, 0xEE, 0x1E
    .byte   0xDD, 0xEE, 0xDD, 0xEE, 0xEE, 0xE2, 0x32, 0x25, 0x53,    8, 0x04, 0x53, 0xE0, 0x20, 0xDD, 0xEE
    .byte   0xDE, 0x10, 0xEE, 0x23, 0xEF, 0xF3, 0x0D, 0xFF, 0x1E, 0xEF, 0xEE, 0xEF, 0xFE, 0xE0, 0x20, 0x00
    .byte   0x22, 0x12, 0x20, 0xF0, 0xFE, 0xEE, 0xDE, 0xDE, 0xEE, 0xEE,  -54, 0x0E, 0xEE, 0x00, 0x12, 0x34
    .byte   0x53, 0x34, 0x44, 0x0E, 0x11, 0xDD, 0xEF, 0xD0, 0x22, 0xFE, 0x13, 0x2E, 0xD0, 0x1F, 0xDE, 0xFE
    .byte   0xEE, 0x1F, 0xDF, 0x20, 0xEE, 0x12, 0x21, 0x02, 0x12, 0x3F, 0xEF,    3, 0x00, 0xED, 0xDF, 0xEE
    .byte   0xED, 0xFE, 0xFF, 0xEE, 0xD1, 0x10, 0xF3, 0x45, 0x33, 0x44, 0x33, 0xEE, 0xFE, 0xEF, 0xEE, 0x12
    .byte   0x31, 0xFF, 0xF0, 0xEE, 0xED, 0xEF, 0xFF, 0xFE, 0x00, 0xFE, 0xDF, 0x0E,  -15, 0x0F, 0x02, 0x21
    .byte   0x21, 0x02, 0x1F, 0xEF, 0xE1, 0xEE, 0xFF, 0xEE, 0xEF, 0xEE, 0xEE, 0xED, 0xFF, 0x02, 0x03, 0x44
    .byte   0x42, 0x43, 0x3F, 0xF0, 0xEE, 0x22, 0xFF, 0x12, 0x20, 0xE0, 0xEE, 0xEE, 0xEE,   10, 0x00, 0x11
    .byte   0xF1, 0xFE, 0xEE, 0xEE, 0xFE, 0x11, 0x02, 0x12, 0x02, 0x11, 0x1F, 0x0F, 0x1F, 0xFF, 0xEE, 0xEE
    .byte   0xEE, 0xEE, 0xEE, 0xEE, 0xEE, 0xFE, 0xF0, 0x22, 0x23, 0x32, 0x33, 0x23, 0x23, 0x13,   35, 0x03
    .byte   0x32, 0x22, 0x21, 0xFF, 0xEE, 0xEE, 0xFE, 0xEE, 0xFE, 0xEE, 0xED, 0xEE, 0xEE, 0x0E, 0x0E, 0xFF
    .byte   0xFF, 0xFF, 0xFF, 0xFF, 0xF0, 0xE0, 0xE0, 0xEF, 0x0E, 0xEF, 0xEE, 0xEE, 0xEE, 0xF1, 0x22,  -51
    .byte   0x03, 0x34, 0x23, 0x33, 0x23, 0x22, 0x33, 0x23, 0x22, 0x11, 0xFE, 0xED, 0xEE, 0xEE, 0xEE, 0xEF
    .byte   0xEE, 0xED, 0xEE, 0xE0, 0xEF, 0xFF, 0xF0, 0x1F, 0xEF, 0xE0, 0xF0, 0x00, 0x11, 0x1F, 0xEE, 0x0E
    .byte    -36, 0x0E, 0xFE, 0xEF, 0xEF, 0xEE, 0xF1, 0x22, 0x33, 0x33, 0x33, 0x33, 0x22, 0x31, 0x33, 0x32
    .byte   0x22, 0x20, 0xEE, 0xED, 0xDF, 0xEE, 0xEF, 0xEE, 0xEE, 0xED, 0xEE, 0xEF, 0xFF, 0xF0, 0xF0, 0x0F
    .byte   0xEF,  -20, 0x01, 0x01, 0x0F, 0x00, 0xFF, 0xEE, 0xE0, 0xE0, 0xFE, 0xEE, 0xEE, 0xEE, 0xF1, 0x23
    .byte   0x33, 0x33, 0x33, 0x22, 0x32, 0x23, 0x33, 0x33, 0x22, 0xF0, 0xEE, 0xDE, 0xEE, 0xEF, 0xEE, 0xEE
    .byte   0xED, 0xEE,    1, 0x0E, 0xFF, 0x0F, 0xEF, 0xFF, 0xFF, 0xEF, 0x11, 0x11, 0x0F, 0xFF, 0xEF, 0xFE
    .byte   0xEF, 0xF0, 0xFF, 0xEE, 0xEE, 0xDF, 0xE1, 0x13, 0x33, 0x33, 0x33, 0x23, 0x22, 0x23, 0x33, 0x33
    .byte   0x22, 0x01, 0xEE,   65, 0x0E, 0xDF, 0xFF, 0xEF, 0xEE, 0xDF, 0xDE, 0xDE, 0xEF, 0x00, 0xE1, 0xE0
    .byte   0xF0, 0xEE, 0x1F, 0x11, 0x11, 0xFF, 0xFF, 0xEE, 0xEF, 0xE0, 0x0F, 0xEE, 0xFE, 0xEE, 0xEE, 0x22
    .byte   0x33, 0x23, 0x33, 0x32,    9, 0x02, 0x32, 0x33, 0x33, 0x31, 0x2F, 0xFF, 0xEE, 0xEE, 0xEF, 0xFE
    .byte   0xED, 0xFE, 0xED, 0xED, 0xFE, 0x00, 0xE0, 0xEF, 0x0E, 0xFE, 0xFF, 0x01, 0x10, 0x0F, 0x0E, 0x0E
    .byte   0xFF, 0xE0, 0xF0, 0xEE, 0xEE,  -55, 0x0E, 0xFF, 0xF2, 0x23, 0x23, 0x33, 0x22, 0x33, 0x22, 0x33
    .byte   0x33, 0x32, 0x21, 0x00, 0xEE, 0xED, 0xFF, 0xFE, 0xEE, 0xEE, 0xEE, 0xDE, 0xEE, 0xFE, 0x0E, 0xFF
    .byte   0xE0, 0xE0, 0xE0, 0x01, 0x10, 0xFF,  -23, 0x00, 0xE0, 0xEF, 0xF0, 0x0F, 0xEF, 0xEE, 0xEE, 0xEE
    .byte   0x01, 0x22, 0x33, 0x23, 0x32, 0x32, 0x32, 0x33, 0x33, 0x32, 0x22, 0x11, 0xFE, 0xEE, 0xEE, 0xE0
    .byte   0xEE, 0xEE, 0xEE, 0xED, 0xEE, 0xEF, 0xFF,   -6, 0x0F, 0xE0, 0xEF, 0xEF, 0xF0, 0x1F, 0xFF, 0xFF
    .byte   0xF0, 0xEF, 0xFF, 0xF0, 0xFE, 0xFE, 0xEE, 0xEE, 0xF1, 0x22, 0x33, 0x23, 0x32, 0x32, 0x32, 0x23
    .byte   0x33, 0x33, 0x22, 0x01, 0xFE, 0xEE, 0xEE, 0xFE,   47, 0x0E, 0xEE, 0xEE, 0xED, 0xEE, 0xEF, 0xEF
    .byte   0xFE, 0xE0, 0xFE, 0xFF, 0xE1, 0x11, 0x10, 0x01, 0x0E, 0xEF, 0xEF, 0x0E, 0x0E, 0xE0, 0xE0, 0xEE
    .byte   0xFF, 0x22, 0x32, 0x23, 0x23, 0x32, 0x32, 0x23, 0x33,   55, 0x03, 0x22, 0x21, 0x11, 0xDE, 0xED
    .byte   0xFE, 0xEE, 0xDE, 0x1F, 0xED, 0xC1, 0x1F, 0x1E, 0xEE, 0xE2, 0x1D, 0xDF, 0x02, 0x21, 0xFE, 0x02
    .byte   0x1E, 0xED, 0xDE, 0x11, 0xED, 0xEE, 0x02, 0x02, 0x13, 0x45,   -1, 0x02, 0x43, 0x32, 0x02, 0xDE
    .byte   0xF2, 0x2F, 0xF1, 0x32, 0x11, 0xFD, 0xE0, 0xFD, 0xDE, 0xF1, 0x00, 0xFE, 0xE1, 0x2F, 0xEE, 0xEE
    .byte   0x12, 0xFE, 0xE2, 0x22, 0x1F, 0xFF, 0x0F, 0xED, 0xDD, 0xEE, 0xED,  -56, 0x00, 0xEF, 0x0F, 0xFD
    .byte   0xE2, 0x32, 0x34, 0x53, 0x44, 0x42, 0xE1, 0x1D, 0xDE, 0x22, 0xE2, 0x23, 0x11, 0x00, 0xED, 0xEE
    .byte   0xDD, 0xEF, 0xEF, 0x21, 0xF0, 0x22, 0x0E, 0xEF, 0xEE, 0xEF, 0x0E, 0x12,   -2, 0x00, 0x01, 0x1E
    .byte   0xEE, 0xDD, 0xDE, 0xED, 0xEF, 0x0F, 0xF0, 0xE1, 0xE2, 0x23, 0x44, 0x51, 0x44, 0x32, 0xEF, 0xFD
    .byte   0xD2, 0x3E, 0xF2, 0x32, 0xF0, 0x0F, 0xED, 0x0D, 0xDE, 0xEF, 0xEE, 0x21, 0x11,   13, 0x01, 0x0E
    .byte   0x00, 0xED, 0xFF, 0xFE, 0x12, 0x21, 0x01, 0x1D, 0xDD, 0xED, 0xDD, 0xEE, 0x01, 0x1F, 0x0E, 0x1F
    .byte   0x22, 0x33, 0x55, 0x23, 0x44, 0x1D, 0xFE, 0xED, 0xF3, 0xFE, 0x23, 0x3F, 0xFE, 0xFE,   37, 0x0F
    .byte   0xDD, 0xDF, 0xFE, 0x0E, 0x12, 0x23, 0xD1, 0x21, 0xEE, 0xEE, 0xD0, 0x22, 0xF0, 0x12, 0x0E, 0xEE
    .byte   0xDD, 0xDE, 0xDD, 0xF0, 0xFF, 0x1F, 0xEE, 0x32, 0xF2, 0x45, 0x43, 0x34, 0x33, 0xEE, 0xFD,   29
    .byte   0x00, 0x21, 0xD2, 0x33, 0x1D, 0x22, 0xFD, 0xEF, 0xCE, 0xE0, 0xFD, 0x21, 0x22, 0x02, 0x00, 0xF0
    .byte   0xED, 0xEE, 0x1F, 0x01, 0x22, 0x10, 0x0E, 0xDD, 0xDD, 0xDD, 0xE0, 0x1E, 0xE2, 0x0F, 0xE1, 0x22
    .byte    -52, 0x03, 0x55, 0x03, 0x44, 0x2D, 0x1E, 0xED, 0xF3, 0xD1, 0x23, 0x3E, 0xFF, 0x20, 0xDE, 0xDD
    .byte   0xEE, 0xFE, 0xE0, 0x23, 0xFF, 0x13, 0x2D, 0xFE, 0xED, 0xE0, 0xFE, 0xF3, 0x3F, 0xEE, 0x0E, 0xCD
    .byte   0xDD,  -57, 0x0E, 0x2F, 0xDF, 0x22, 0xED, 0x23, 0x31, 0x55, 0x23, 0x44, 0x3E, 0xEE, 0x1D, 0xE1
    .byte   0xE2, 0xE3, 0x3E, 0x2E, 0x3E, 0xDE, 0xE1, 0xCE, 0xEE, 0x0E, 0x11, 0x22, 0x03, 0x1F, 0xFE, 0xED
    .byte   0xFD, 0xE2,  -11, 0x02, 0x2F, 0x20, 0xED, 0xDE, 0xDC, 0xD1, 0x11, 0xD0, 0x2F, 0xEF, 0x22, 0x13
    .byte   0x55, 0x31, 0x45, 0x3D, 0xD0, 0x2D, 0xDF, 0x01, 0xF3, 0x3F, 0xE1, 0x32, 0xCD, 0x1E, 0xDD, 0xE1
    .byte   0xEE, 0x22, 0x1F,    9, 0x02, 0x2F, 0xE0, 0xED, 0xE0, 0xEF, 0x02, 0x20, 0x00, 0xEE, 0xDD, 0xDD
    .byte   0xDE, 0xFE, 0xF1, 0xFF, 0xE2, 0x21, 0x33, 0x54, 0x24, 0x35, 0xFE, 0x0E, 0x2C, 0xFF, 0x01, 0x03
    .byte   0x00, 0x02, 0x2D, 0xEE,   28, 0x0E, 0xDE, 0xFF, 0xEE, 0x20, 0xFF, 0x23, 0xEF, 0xF0, 0xFD, 0xE1
    .byte   0x0E, 0xF3, 0x0F, 0xE0, 0xED, 0xDD, 0xDE, 0xDF, 0xEE, 0xE1, 0xFF, 0x02, 0x21, 0x34, 0x53, 0x34
    .byte   0x44, 0xD0, 0x11, 0xED, 0xEE,   29, 0x02, 0xF1, 0x22, 0xF2, 0x0D, 0x0E, 0xEE, 0xDE, 0xFF, 0xEF
    .byte   0x01, 0x22, 0xE1, 0x2E, 0x0E, 0xE0, 0xFE, 0x11, 0x10, 0x1E, 0x0D, 0xD0, 0xDD, 0xDE, 0xFE, 0xED
    .byte   0x2F, 0xF1, 0xF1, 0x23, 0x45, 0x13,   18, 0x04, 0x4E, 0xE3, 0x1F, 0xCF, 0x01, 0x0E, 0x21, 0x21
    .byte   0x2F, 0xD0, 0xE0, 0xDD, 0xEF, 0x0E, 0x00, 0x02, 0x11, 0xE1, 0x1E, 0xEE, 0x22, 0xEE, 0x13, 0xFE
    .byte   0xEE, 0x0D, 0xDE, 0xDE, 0xD0, 0xEE, 0xFE,  -66, 0x00, 0xE1, 0x11, 0x34, 0x50, 0x35, 0x44, 0xD2
    .byte   0x32, 0xDC, 0x21, 0x0E, 0xE2, 0x22, 0xE2, 0x1D, 0x0E, 0x1D, 0xDF, 0x1F, 0xD2, 0x12, 0xEE, 0x22
    .byte   0xFD, 0xF2, 0xEF, 0xE1, 0x2F, 0x11, 0x1E, 0xEE,  -15, 0x0E, 0xDD, 0xEE, 0xED, 0xEF, 0xFE, 0xE0
    .byte   0x20, 0xF3, 0x53, 0x24, 0x45, 0x2F, 0x33, 0x1D, 0xD2, 0x00, 0xD1, 0x22, 0x0E, 0x10, 0xEE, 0xEE
    .byte   0xEE, 0xEE, 0x1F, 0x00, 0x1F, 0xF0, 0xFF, 0xEF, 0x1E,   -3, 0x0F, 0x02, 0x0F, 0x01, 0xEE, 0xEE
    .byte   0xED, 0xEE, 0xED, 0xEE, 0xEE, 0xEE, 0x11, 0x10, 0x44, 0x33, 0x45, 0x33, 0x04, 0x2E, 0xEE, 0x10
    .byte   0xEE, 0x12, 0x1E, 0x01, 0xEE, 0xED, 0x2D, 0xE0, 0xE0, 0x10,   10, 0x0F, 0x01, 0xFE, 0xE0, 0x0E
    .byte   0xE1, 0x2F, 0xF1, 0x20, 0xEE, 0xFE, 0xED, 0xD1, 0xEE, 0xDE, 0x1E, 0xDE, 0x01, 0xE0, 0x24, 0x42
    .byte   0x35, 0x43, 0x32, 0x42, 0xEE, 0x02, 0xEF, 0xE1, 0x2E, 0xEF, 0xFE,   32, 0x0D, 0xEF, 0xEE, 0xEF
    .byte   0x2F, 0x0F, 0x02, 0xE0, 0xEF, 0x1E, 0xE1, 0x0F, 0x01, 0x11, 0xE0, 0xFE, 0xFE, 0xDE, 0xEE, 0xEE
    .byte   0xEE, 0xEE, 0xFE, 0xE0, 0x22, 0x24, 0x14, 0x43, 0x43, 0x34, 0x10, 0x02,   58, 0x0E, 0xE0, 0x02
    .byte   0xEE, 0xFF, 0xED, 0xEE, 0xED, 0xE0, 0x00, 0xF0, 0x21, 0x0F, 0x0F, 0xEF, 0xE0, 0xEE, 0x2E, 0x20
    .byte   0x10, 0xE0, 0xEF, 0xED, 0xFE, 0xEE, 0xEF, 0xEE, 0xEE, 0xE1, 0xE1, 0xF3, 0x40,  -30, 0x04, 0x34
    .byte   0x33, 0x42, 0x01, 0x22, 0xFE, 0x11, 0x2E, 0xE0, 0xEE, 0xDD, 0x0E, 0xDE, 0xE0, 0x12, 0xF0, 0x21
    .byte   0xE0, 0xFE, 0x0D, 0x10, 0xE0, 0x11, 0x00, 0xEF, 0x1D, 0xE0, 0xEF, 0xEE, 0x10, 0xEE,  -43, 0x0F
    .byte   0xED, 0xFF, 0x0F, 0x03, 0x32, 0x34, 0x33, 0x33, 0x42, 0xE1, 0x32, 0xFF, 0x03, 0xFE, 0xE1, 0xFD
    .byte   0xDD, 0xEE, 0xDE, 0xF1, 0x1E, 0x22, 0x10, 0xF1, 0xFE, 0xEE, 0x1F, 0xE1, 0x11, 0x1E, 0x0F,  -12
    .byte   0x0E, 0xEE, 0xEE, 0xFE, 0x20, 0xE0, 0x0E, 0xFE, 0xE0, 0xE0, 0x12, 0x32, 0x33, 0x33, 0x23, 0x33
    .byte   0x21, 0x13, 0x11, 0x12, 0x20, 0xEF, 0xEE, 0xED, 0xDE, 0xEE, 0xEE, 0x12, 0xF0, 0x12, 0x2D, 0x00
    .byte      5, 0x0E, 0xD1, 0x10, 0x0E, 0x21, 0x0E, 0xFF, 0xEE, 0xEE, 0xF0, 0xEF, 0xF2, 0x0F, 0xFF, 0x1E
    .byte   0xE1, 0x00, 0x11, 0x31, 0x22, 0x33, 0x13, 0x23, 0x11, 0x23, 0x2F, 0x12, 0x20, 0xFE, 0x2E, 0xDE
    .byte   0xEE,   20, 0x0E, 0xD2, 0xFF, 0xF0, 0x10, 0xFF, 0xFE, 0xFF, 0x0E, 0xF0, 0x0F, 0xE1, 0x1F, 0xEE
    .byte   0x1F, 0xEE, 0x01, 0xFE, 0xF2, 0x10, 0xE0, 0x11, 0x0F, 0x00, 0xE3, 0x01, 0x20, 0x31, 0x21, 0x23
    .byte   0xE3, 0x1F,   21, 0x02, 0x21, 0xF2, 0x21, 0xE0, 0x1E, 0xEE, 0x0F, 0xEE, 0x00, 0x0E, 0x00, 0x0E
    .byte   0xFF, 0xFE, 0x01, 0x0E, 0xF1, 0x1F, 0xEF, 0x2F, 0xEE, 0xF1, 0x0E, 0xFF, 0xF1, 0x01, 0x1E, 0xF2
    .byte   0x0F, 0xE1, 0x30,  -17, 0x0E, 0x23, 0x0D, 0x02, 0x32, 0xDF, 0x33, 0xFE, 0x13, 0x21, 0xD1, 0x32
    .byte   0xF0, 0x10, 0x22, 0xE1, 0xD1, 0x3E, 0xDD, 0x33, 0xDD, 0x03, 0x2D, 0xD2, 0x2F, 0xD0, 0x1E, 0xE1
    .byte   0x20, 0xEE, 0x23, 0xEC,  -16, 0x04, 0xDC, 0x03, 0x3D, 0xD3, 0x3D, 0xC4, 0x4C, 0xD3, 0x22, 0xED
    .byte   0x41, 0xE0, 0x22, 0x0D, 0x14, 0x1C, 0x03, 0x3F, 0xDE, 0x33, 0xE0, 0x0D, 0x04, 0x1D, 0xE2, 0x32
    .byte   0xCE, 0x24, 0x1C, 0xD0, 0x51,    8, 0x0E, 0xF2, 0x3D, 0xD3, 0xFF, 0xED, 0x33, 0xED, 0xFD, 0x22
    .byte   0x4E, 0xA2, 0x53, 0xDB, 0xD5, 0x42, 0xAD, 0x62, 0xFB, 0xE4, 0x4D, 0xDE, 0x05, 0x2B, 0xB5, 0x6D
    .byte   0xBB, 0x47, 0x29, 0xD3, 0x54, 0xBB,  -21, 0x07, 0x2B, 0xB0, 0x63, 0xBC, 0x24, 0x3D, 0xE3, 0xB1
    .byte   0x63, 0xAA, 0x56, 0x69, 0x87, 0x61, 0xD8, 0x57, 0xDB, 0xDF, 0x43, 0xED, 0xED, 0xD7, 0x28, 0x35
    .byte   0x25, 0xB9, 0x66, 0xCC, 0x3C, 0xD7, 0xD9,   -7, 0x02, 0x34, 0xDA, 0x17, 0xBC, 0x6A, 0xE6, 0xCF
    .byte   0x1C, 0x35, 0xCB, 0x25, 0x4B, 0xA6, 0x5A, 0xE5, 0x0C, 0x02, 0xD6, 0xBC, 0x4E, 0x3F, 0x01, 0x0B
    .byte   0x37, 0xAB, 0x44, 0x3C, 0xC1, 0x6E, 0xAE, 0x62,  -10, 0x02, 0x2F, 0x4C, 0xE5, 0xCD, 0x23, 0x4A
    .byte   0xC7, 0x48, 0x46, 0xB3, 0x39, 0x56, 0x95, 0x3B, 0xF4, 0x4C, 0xB3, 0x6C, 0xD2, 0xC2, 0x62, 0x83
    .byte   0x6E, 0x13, 0xAF, 0x54, 0xCC, 0x3D, 0x16, 0xCA, 0x44,    7, 0x02, 0xFA, 0x54, 0xEC, 0xD4, 0x4C
    .byte   0xB6, 0xEF, 0xC2, 0x5B, 0xC5, 0x4D, 0xA3, 0x44, 0x29, 0x43, 0x5C, 0xB6, 0xDA, 0x57, 0x9A, 0x72
    .byte   0xB6, 0xAB, 0x74, 0xAE, 0x20, 0x33, 0x1B, 0xC7, 0xED, 0xCF,    2, 0x0E, 0x5B, 0xA7, 0x1A, 0x7C
    .byte   0xB3, 0x42, 0xCD, 0x24, 0xD4, 0xCC, 0x53, 0xDB, 0x44, 0xA4, 0x6A, 0xE3, 0x1D, 0x43, 0xBC, 0x46
    .byte   0x93, 0x69, 0x45, 0xC1, 0xC2, 0x41, 0xE0, 0xA6, 0x78, 0xD6, 0xDB,   21, 0x01, 0x93, 0x51, 0x3D
    .byte   0xA4, 0x6C, 0xDD, 0xE5, 0xD3, 0xDF, 0xC4, 0x69, 0x3C, 0x46, 0x9D, 0x6E, 0xD4, 0xCB, 0x62, 0xB5
    .byte   0xDC, 0x24, 0x1C, 0x3E, 0x14, 0xCD, 0xE6, 0xDB, 0x10, 0x5C, 0x13, 0xB5,    7, 0x0B, 0x7B, 0xC0
    .byte   0x51, 0x96, 0x3D, 0xCD, 0x62, 0xBE, 0x4E, 0xE2, 0xF4, 0xBC, 0x63, 0xBD, 0x43, 0xC4, 0xB0, 0x6C
    .byte   0xB5, 0x2A, 0x46, 0xDA, 0x34, 0x20, 0xC1, 0xD5, 0x2B, 0xE6, 0xAD, 0x7F, 0x92,    5, 0x03, 0xDE
    .byte   0xED, 0x33, 0x3B, 0x4D, 0xC5, 0x4A, 0xE5, 0x0D, 0x04, 0xBD, 0x6D, 0xC4, 0xDC, 0x46, 0xBA, 0x53
    .byte   0xD4, 0x1A, 0x43, 0xE1, 0xF2, 0xCD, 0x7C, 0xA5, 0x10, 0x3E, 0xB3, 0x5C, 0xD4, 0xEC,   -6, 0x04
    .byte   0xFB, 0x25, 0xDE, 0x3B, 0x36, 0xAE, 0x5D, 0xC5, 0xDD, 0xE2, 0x4D, 0x2A, 0x46, 0xCD, 0xC5, 0xED
    .byte   0x5C, 0xC3, 0x31, 0x2F, 0xBE, 0x62, 0xA4, 0xFB, 0x70, 0x94, 0x42, 0x1C, 0x2E, 0xF3, 0x4C,  -12
    .byte   0x04, 0xD2, 0x5C, 0x96, 0x6A, 0x2F, 0x02, 0xE3, 0xDF, 0x3C, 0x06, 0xAE, 0x5E, 0x2C, 0xD5, 0xED
    .byte   0x1D, 0x40, 0xC3, 0x3D, 0x2D, 0x32, 0xB5, 0xFD, 0x2D, 0xE6, 0xCB, 0x35, 0xCC, 0x5E, 0xEC, 0x15
    .byte     15, 0x0A, 0x44, 0xD1, 0xEE, 0x23, 0xC2, 0x4E, 0xB4, 0x4C, 0xD3, 0xE3, 0xE1, 0x3B, 0x25, 0xC3
    .byte   0xDD, 0x32, 0x49, 0x65, 0x94, 0x5B, 0xC5, 0x0D, 0x4B, 0x24, 0x1F, 0xB4, 0x3D, 0xD4, 0x3A, 0x45
    .byte   0xB3,    4, 0x0D, 0xE4, 0x3B, 0x4E, 0xC4, 0x2F, 0xCE, 0x43, 0x0B, 0x4D, 0x25, 0xB1, 0x3B, 0x36
    .byte   0xBC, 0x4E, 0x14, 0xB1, 0x32, 0xD2, 0x3C, 0x23, 0x3C, 0xD3, 0x3C, 0x32, 0xB5, 0x5B, 0xB6, 0xDB
    .byte   0x50, 0xA6,   15, 0x0B, 0x35, 0xCA, 0x7E, 0xA5, 0x2A, 0x63, 0xA5, 0xDF, 0xD5, 0x1A, 0x4F, 0x23
    .byte   0xED, 0x4D, 0xB6, 0x4B, 0xB5, 0xE1, 0x4B, 0x1F, 0x4C, 0x52, 0x95, 0x3F, 0x59, 0xE6, 0xDF, 0x2D
    .byte   0xFE, 0x15, 0x2B,  -34, 0x06, 0x5A, 0x4E, 0xB5, 0xFD, 0x6B, 0xA5, 0x6B, 0xD3, 0xB5, 0x4A, 0x44
    .byte   0xBC, 0x7E, 0x96, 0x2A, 0x62, 0xA5, 0x3A, 0x54, 0xBF, 0x4D, 0xC6, 0xCB, 0x6B, 0xD7, 0xBC, 0x5D
    .byte   0xC4, 0x4A, 0x25, 0xCE,   27, 0x0B, 0xD4, 0xDD, 0x43, 0xBB, 0x7F, 0xB6, 0xAC, 0x7C, 0xB6, 0xDA
    .byte   0x63, 0xB2, 0x4B, 0x43, 0xB2, 0x3C, 0x5F, 0xB5, 0xC2, 0x5C, 0xB5, 0x2D, 0xF2, 0xED, 0x4E, 0x13
    .byte   0xCC, 0x54, 0xA2, 0x4C, 0x34,    2, 0x0D, 0x3E, 0xF4, 0xEB, 0x34, 0xC4, 0x2A, 0x52, 0xD3, 0x3C
    .byte   0xB5, 0x5B, 0xD4, 0xCE, 0x6B, 0xD5, 0xCB, 0x72, 0xAE, 0x43, 0xC3, 0xE0, 0x3B, 0x53, 0xDC, 0xC6
    .byte   0xFB, 0x5D, 0xC4, 0xD1, 0x5C, 0xA6,    8, 0x0D, 0x3D, 0xD3, 0xEF, 0x6A, 0xE4, 0xC5, 0x3A, 0xE4
    .byte   0x21, 0xD3, 0xDC, 0x53, 0xB4, 0xFB, 0x53, 0xEC, 0xE5, 0xCE, 0x5C, 0xC4, 0xFC, 0x51, 0xA5, 0x4B
    .byte   0x14, 0xC1, 0x3E, 0xE2, 0x0E, 0x33, 0xDB,   -3, 0x05, 0xBE, 0x5A, 0x35, 0xA4, 0x5A, 0x15, 0xED
    .byte   0x1F, 0xD4, 0x1D, 0x3E, 0xDF, 0x42, 0xC0, 0x1E, 0x31, 0x02, 0xCF, 0x33, 0x1D, 0xC3, 0x3F, 0x3E
    .byte   0xDD, 0x42, 0xE3, 0xCD, 0x33, 0x2C, 0x12, 0xC4,   25, 0x0B, 0xEE, 0xD5, 0x2C, 0xE1, 0x23, 0xD3
    .byte   0x3B, 0xF4, 0x3C, 0x2E, 0xC5, 0xED, 0x4D, 0xD0, 0x4F, 0xD2, 0xEF, 0x02, 0x21, 0xEC, 0x34, 0xDE
    .byte   0xD3, 0x2C, 0x43, 0xCF, 0x1F, 0x4E, 0xD2, 0x00, 0x12,    9, 0x0D, 0xC4, 0x2F, 0xEE, 0x20, 0xE3
    .byte   0x0E, 0xFD, 0x34, 0xCD, 0x33, 0xD2, 0x3D, 0xD3, 0xE2, 0x3C, 0xD4, 0xE1, 0x3C, 0x02, 0xF2, 0x3E
    .byte   0xDE, 0x32, 0xD4, 0xDD, 0x2F, 0x32, 0xC1, 0x20, 0x20, 0xE0,   -2, 0x0F, 0x3E, 0xE1, 0x01, 0x1E
    .byte   0x02, 0xFF, 0xE2, 0x2E, 0x21, 0xEF, 0x01, 0x10, 0xE1, 0x00, 0x22, 0xEE, 0x10, 0x2F, 0xE0, 0xF1
    .byte   0x21, 0xFF, 0xE1, 0x2F, 0x00, 0xE0, 0x10, 0x20, 0xE1, 0x10, 0x1F,    0, 0x0F, 0x01, 0x10, 0x1F
    .byte   0xF0, 0x10, 0x01, 0xE1, 0x10, 0x01, 0xF0, 0x0F, 0x11, 0xF0, 0xF1, 0xF0, 0x2F, 0xFF, 0x01, 0x0F
    .byte   0x0F, 0x01, 0x10, 0xFF, 0xF1, 0x1F, 0x00, 0x0F, 0x11, 0xF1, 0x00, 0x11,    0, 0x01, 0x0F, 0x01
    .byte   0xFF, 0x00, 0x11, 0x1F, 0xF0, 0x00, 0x10, 0xF0, 0x10, 0x10, 0xFF, 0x01, 0x1F, 0xF0, 0xF1, 0x11
    .byte   0x0F, 0xF0, 0x1F, 0xF1, 0xE1, 0x11, 0x00, 0xF0, 0x01, 0xF1, 0xFF, 0x10, 0x01,   -2, 0x01, 0x10
    .byte   0x10, 0xFF, 0x10, 0x1F, 0x10, 0x00, 0x11, 0xFF, 0x00, 0x10, 0xF0, 0x11, 0x01, 0x0F, 0x1F, 0x10
    .byte   0xF0, 0xF0, 0x11, 0x0F, 0x10, 0x1F, 0x0F, 0x00, 0xFF, 0xF0, 0xEF, 0x00, 0xFF, 0xF0,   -9, 0x0E
    .byte   0x10, 0xFF, 0xFF, 0xF0, 0x00, 0x11, 0x11, 0x00, 0x20, 0x11, 0x12, 0x22, 0x22, 0x22, 0x21, 0x21
    .byte   0x10, 0x01, 0x0F, 0xFF, 0xFF, 0x0E, 0xFE, 0xEF, 0xFE, 0xFE, 0xEF, 0xEF, 0xEE, 0xEE, 0xEE,  -32
    .byte   0x0E, 0xEE, 0xE0, 0xF0, 0xEF, 0xFF, 0xF1, 0x12, 0x33, 0x43, 0x33, 0x33, 0x23, 0xF1, 0xE0, 0x12
    .byte   0x1F, 0xFE, 0xF0, 0xFE, 0xED, 0xFE, 0xFF, 0xFF, 0xFF, 0xF2, 0x0F, 0xEE, 0xF0, 0xFF, 0x0E, 0x01
    .byte     -3, 0x01, 0x11, 0x0F, 0x11, 0x00, 0xE0, 0xFE, 0xFE, 0xED, 0xFE, 0xEE, 0xDE, 0xEE, 0xFF, 0x02
    .byte   0x23, 0x34, 0x33, 0x33, 0x32, 0x2F, 0xFF, 0x12, 0x12, 0x2F, 0xEF, 0xFE, 0xEE, 0xEE, 0xEF, 0x01
    .byte   0x1F,   12, 0x0F, 0x0F, 0x0E, 0xEE, 0xFF, 0xFF, 0x1F, 0xF0, 0x02, 0x1F, 0x22, 0x12, 0x02, 0xF0
    .byte   0xEF, 0xEE, 0xEE, 0xEE, 0xEE, 0xEE, 0xDF, 0xEE, 0xDE, 0xEF, 0x12, 0x33, 0x43, 0x33, 0x32, 0x22
    .byte   0x21, 0xF2,   31, 0x03, 0x22, 0x2F, 0xEE, 0xFE, 0xEE, 0xDE, 0xFF, 0x20, 0xFF, 0xEF, 0xEF, 0xFE
    .byte   0xEE, 0xF0, 0x11, 0x01, 0xFF, 0x01, 0x20, 0x12, 0x11, 0x21, 0x10, 0x0E, 0xEE, 0xEF, 0xEE, 0xEE
    .byte   0xEE, 0xEE, 0xEE,  -51, 0x0D, 0xFE, 0xF1, 0x22, 0x33, 0x33, 0x22, 0x32, 0x23, 0x12, 0x23, 0x33
    .byte   0x22, 0xFF, 0xFF, 0xEE, 0xEE, 0xFE, 0xFF, 0xFF, 0xEE, 0xEE, 0xEE, 0xFE, 0xFF, 0x01, 0x01, 0xFF
    .byte   0x0E, 0x10, 0x21, 0x10,    2, 0x01, 0x11, 0x00, 0x0F, 0xE0, 0xEE, 0xFE, 0xEE, 0xEE, 0xEE, 0xEE
    .byte   0xED, 0xEE, 0xFE, 0xF2, 0x23, 0x33, 0x22, 0x32, 0x33, 0x32, 0x23, 0x33, 0x33, 0x2F, 0x1F, 0xFF
    .byte   0xEE, 0xEF, 0xEE, 0xFE, 0xEE,   23, 0x0D, 0xFE, 0xEE, 0xEF, 0xEF, 0xFF, 0x0F, 0x0E, 0xFF, 0x12
    .byte   0x21, 0x11, 0x12, 0x11, 0x1F, 0x0F, 0xFF, 0xFF, 0xEE, 0xED, 0xFE, 0xED, 0xFD, 0xEE, 0xEE, 0x01
    .byte   0x22, 0x33, 0x23, 0x22, 0x33, 0x32,   15, 0x02, 0x33, 0x42, 0x31, 0x0F, 0xF0, 0xFE, 0xEE, 0xEE
    .byte   0x0E, 0xFE, 0xED, 0xED, 0xFF, 0xEE, 0xEF, 0xEF, 0x1F, 0x1E, 0xFF, 0x11, 0x22, 0x10, 0x02, 0x02
    .byte   0x00, 0xFF, 0xFF, 0x0F, 0xEE, 0xEE, 0xEE,  -30, 0x0E, 0xED, 0xED, 0xFE, 0xEF, 0xF1, 0x23, 0x33
    .byte   0x22, 0x23, 0x33, 0x32, 0x13, 0x33, 0x42, 0x22, 0xFF, 0x1F, 0x0E, 0xEE, 0xEE, 0xFF, 0xEE, 0xDE
    .byte   0xDE, 0xFF, 0xEE, 0xEE, 0xE0, 0x01, 0x0E, 0xFF,  -16, 0x02, 0x22, 0xFF, 0x11, 0x22, 0x10, 0xEF
    .byte   0x00, 0x1F, 0xEE, 0xEE, 0xEE, 0xEE, 0xDE, 0xED, 0xEE, 0xFE, 0xF0, 0x22, 0x33, 0x32, 0x22, 0x33
    .byte   0x33, 0x22, 0x24, 0x33, 0x22, 0x11, 0x0F, 0x10, 0xEE,   55, 0x0E, 0xEF, 0xFE, 0xED, 0xED, 0xFE
    .byte   0xFE, 0xEE, 0xEF, 0xF0, 0x0F, 0xEF, 0x11, 0x22, 0x1F, 0xF1, 0x21, 0x2F, 0xFF, 0xF1, 0xF0, 0xFE
    .byte   0xEE, 0xEE, 0xEE, 0xED, 0xED, 0xFE, 0xEE, 0xEF, 0x01, 0x23,  -52, 0x03, 0x22, 0x23, 0x33, 0x33
    .byte   0x12, 0x34, 0x33, 0x21, 0x11, 0x01, 0xFE, 0xFE, 0xEE, 0xFE, 0xEE, 0xED, 0xED, 0xFE, 0xFE, 0xEE
    .byte   0xEF, 0xF1, 0xFE, 0xFF, 0x12, 0x22, 0x0F, 0x01, 0x22, 0x10, 0xFF,    3, 0x0F, 0xFF, 0xFE, 0xEE
    .byte   0xEE, 0xEE, 0xED, 0xEE, 0xDF, 0xEE, 0xEF, 0xF1, 0x22, 0x33, 0x32, 0x23, 0x33, 0x33, 0x12, 0x33
    .byte   0x42, 0x31, 0x10, 0x10, 0xFE, 0xFF, 0xEE, 0xEF, 0xEE, 0xED, 0xDE, 0xEF,    7, 0x0E, 0xEE, 0xEF
    .byte   0xFF, 0x0E, 0x0E, 0x12, 0x22, 0xF1, 0x01, 0x22, 0x10, 0x0F, 0x00, 0x1F, 0xFE, 0xEE, 0xEE, 0xEE
    .byte   0xEE, 0xD0, 0xDE, 0xEE, 0xEF, 0xE1, 0x21, 0x33, 0x32, 0x22, 0x33, 0x33, 0x22,   23, 0x03, 0x42
    .byte   0x32, 0x20, 0x01, 0x0F, 0xFE, 0xEE, 0xFE, 0xFE, 0xEE, 0xDD, 0xEE, 0xFE, 0xEE, 0xEE, 0xF0, 0xFE
    .byte   0xFE, 0x01, 0x21, 0x21, 0x11, 0x02, 0x21, 0x10, 0x00, 0x11, 0xFF, 0xEE, 0xEE, 0xEE,  -25, 0x0E
    .byte   0xED, 0xEE, 0xEE, 0xEE, 0xEE, 0x10, 0x02, 0x33, 0x22, 0x23, 0x33, 0x42, 0x22, 0x33, 0x43, 0x22
    .byte   0x2F, 0x11, 0x0E, 0x0E, 0xFE, 0xEF, 0xFE, 0xED, 0xDE, 0xEE, 0xEE, 0xDF, 0xEF, 0xFF, 0xFE,  -18
    .byte   0x0E, 0x02, 0x21, 0x11, 0x02, 0x12, 0x21, 0xF0, 0x10, 0x11, 0xFF, 0xEE, 0xEE, 0xFE, 0xED, 0xEE
    .byte   0xEE, 0xDE, 0xEE, 0xFF, 0xFF, 0x22, 0x33, 0x22, 0x32, 0x33, 0x33, 0x22, 0x33, 0x42, 0x31, 0x11
    .byte     71, 0x00, 0x1E, 0xEE, 0xFE, 0xFF, 0xEE, 0xED, 0xDE, 0xEF, 0xEE, 0xEE, 0xEE, 0x00, 0xFE, 0xE1
    .byte   0x01, 0x21, 0x10, 0x20, 0x22, 0x11, 0x0F, 0xF1, 0x10, 0x1E, 0xEE, 0xFE, 0xEE, 0xEE, 0xDE, 0xEE
    .byte   0xEE,  -64, 0x0E, 0x0E, 0x02, 0x12, 0x33, 0x22, 0x33, 0x33, 0x31, 0x32, 0x33, 0x33, 0x22, 0x11
    .byte   0x20, 0xFE, 0xEE, 0xFE, 0xFE, 0xEE, 0xED, 0xEE, 0xEE, 0xEE, 0xEE, 0xEF, 0xFF, 0xFE, 0xE1, 0x02
    .byte   0x21, 0x01,   -8, 0x02, 0x21, 0x11, 0xF1, 0x11, 0x11, 0xEE, 0xFE, 0xEF, 0xED, 0xFE, 0xED, 0xFE
    .byte   0xEE, 0xD0, 0xEF, 0x00, 0x13, 0x23, 0x22, 0x33, 0x23, 0x33, 0x23, 0x23, 0x33, 0x22, 0x2F, 0x2F
    .byte   0x1E, 0xFE, 0xEE,   49, 0x00, 0xEE, 0xED, 0xED, 0xFE, 0xEE, 0xEE, 0xEF, 0x0F, 0xFF, 0xEF, 0x02
    .byte   0x11, 0x2F, 0x02, 0x12, 0x21, 0x0F, 0x01, 0x10, 0xFF, 0xEE, 0xEF, 0xEE, 0xEE, 0xEE, 0xEE, 0xEE
    .byte   0xEE, 0x0E, 0xFF, 0x01,  -60, 0x02, 0x31, 0x32, 0x32, 0x33, 0x23, 0x13, 0x33, 0x32, 0x22, 0x21
    .byte   0x11, 0xFE, 0xFE, 0xEE, 0xFE, 0xFE, 0xEE, 0xDE, 0xEE, 0xEE, 0xEE, 0xFF, 0xFF, 0xFF, 0xE0, 0x11
    .byte   0x02, 0x11, 0x11, 0x22, 0x01,    3, 0x00, 0x10, 0x11, 0xFF, 0xFE, 0xEF, 0xEE, 0xEE, 0xEE, 0xEF
    .byte   0xEE, 0xEF, 0xEF, 0xEF, 0xFF, 0xF2, 0x22, 0x23, 0x03, 0x23, 0x23, 0x22, 0x32, 0x33, 0x23, 0x22
    .byte   0x12, 0xF1, 0xFE, 0xFE, 0xEF, 0xEF,   40, 0x0E, 0xEE, 0xED, 0xFE, 0xEE, 0xEF, 0xE0, 0xFF, 0xF0
    .byte   0xEF, 0x0F, 0x11, 0x01, 0x12, 0x12, 0x01, 0x10, 0x00, 0x01, 0x00, 0xF0, 0x0F, 0xFF, 0xEE, 0xFE
    .byte   0xEE, 0xFE, 0xFF, 0xEF, 0x0F, 0xFF, 0xFF,  -42, 0x0F, 0x10, 0x22, 0x22, 0x22, 0x22, 0x32, 0x22
    .byte   0x22, 0x23, 0x22, 0x22, 0x12, 0x10, 0x0F, 0xFE, 0xEF, 0xEF, 0xE0, 0xDF, 0xEE, 0xEE, 0xEE, 0xFE
    .byte   0xFE, 0x0F, 0xFF, 0x0F, 0x1F, 0x0F, 0x01, 0x01,  -13, 0x02, 0xF2, 0xF2, 0xFF, 0x2F, 0x01, 0x0F
    .byte   0x1F, 0x00, 0xFE, 0xF1, 0xE1, 0xE0, 0x0E, 0xF1, 0xE0, 0x2D, 0x3E, 0x02, 0xE2, 0x10, 0x2F, 0x20
    .byte   0x12, 0x11, 0x22, 0x02, 0x10, 0x20, 0x02, 0x11, 0x11,   21, 0x02, 0xE2, 0xE1, 0xF0, 0xFE, 0x1F
    .byte   0xE1, 0x0D, 0x3D, 0x1F, 0x01, 0xD3, 0xED, 0x3E, 0xFF, 0xFF, 0x00, 0x10, 0xF2, 0xD3, 0xD3, 0xE1
    .byte   0x2D, 0x3F, 0x02, 0xD3, 0xD2, 0x2D, 0x3E, 0x1E, 0x3C, 0x4D,   -1, 0x0F, 0xD4, 0xC3, 0xE2, 0xD3
    .byte   0xE2, 0xFE, 0x4C, 0x3E, 0x03, 0xC4, 0xD1, 0x2E, 0x22, 0xD4, 0xC3, 0xFE, 0x3D, 0x2F, 0xE3, 0xD2
    .byte   0xFE, 0x3C, 0x4D, 0x20, 0xE1, 0x0E, 0x3D, 0x2F, 0xE3, 0xD2, 0x0E,    5, 0x0D, 0x21, 0xE2, 0xE3
    .byte   0xD2, 0xE1, 0xFF, 0x21, 0xE0, 0x2D, 0x22, 0xE2, 0xFE, 0x2E, 0x3D, 0x3E, 0x10, 0xF2, 0xF1, 0xE1
    .byte   0x02, 0xE3, 0xD3, 0xD2, 0xE3, 0xD2, 0xE2, 0x0E, 0x2E, 0x2E, 0x1E, 0x3D,    7, 0x0D, 0x2F, 0xFF
    .byte   0x10, 0x1E, 0x2F, 0xF2, 0xD3, 0xD2, 0xF2, 0xE2, 0xE1, 0x00, 0x2E, 0xE2, 0x0E, 0x3D, 0x3D, 0x20
    .byte   0xE3, 0xD2, 0x1E, 0x2E, 0x2E, 0x21, 0xD4, 0xC4, 0xD2, 0x0D, 0x4C, 0x4D, 0x2E,    0, 0x02, 0xE2
    .byte   0xE1, 0x01, 0xF1, 0x2D, 0x3D, 0x21, 0x0F, 0x01, 0xE3, 0xD3, 0xEE, 0x2E, 0x2D, 0x3E, 0x20, 0xF0
    .byte   0xE2, 0xE3, 0xD1, 0x01, 0xE2, 0x1E, 0x2E, 0x12, 0xF0, 0x1D, 0x2F, 0x2E, 0x2E, 0x02,   -6, 0x03
    .byte   0xD3, 0xD2, 0xE2, 0x2E, 0x2D, 0x3E, 0x1E, 0x22, 0xD4, 0xD2, 0x1D, 0x2E, 0x2E, 0x3D, 0x3F, 0xD3
    .byte   0xFD, 0x3E, 0xE3, 0xD3, 0xFE, 0x21, 0x1D, 0x4C, 0x3E, 0xE3, 0xEE, 0x2F, 0xE3, 0xD0, 0x2E,    2
    .byte   0x0F, 0xFF, 0xE4, 0xC4, 0xC2, 0x3C, 0x5B, 0x4D, 0xE1, 0x11, 0x01, 0xE2, 0x11, 0xE3, 0xDF, 0x2D
    .byte   0x32, 0xE3, 0xC2, 0x21, 0x2D, 0x2C, 0x4E, 0xF4, 0xC2, 0xE1, 0x22, 0xD3, 0xDE, 0x3E, 0x4D, 0x2C
    .byte     -6, 0x01, 0x03, 0xD2, 0xFC, 0x5D, 0x32, 0xC3, 0xC4, 0xF2, 0xED, 0x2D, 0x42, 0xD3, 0xDD, 0x3E
    .byte   0x31, 0xDD, 0x30, 0x23, 0xEE, 0x2C, 0x33, 0xC4, 0xDF, 0x02, 0xD4, 0xFD, 0x2D, 0x21, 0x2F, 0x1C
    .byte   0x3F,   -3, 0x03, 0x1C, 0x30, 0xD5, 0xE1, 0xC2, 0xD3, 0x0F, 0x4B, 0x31, 0xE3, 0x1D, 0xEF, 0xD4
    .byte   0x21, 0x1D, 0x10, 0x31, 0xFD, 0xFE, 0x22, 0xEF, 0xF0, 0x2F, 0xF2, 0x1E, 0x02, 0xE3, 0xEE, 0x3E
    .byte   0xFF, 0xDF,   -3, 0x02, 0xFF, 0xED, 0x4E, 0x3F, 0xD0, 0xD4, 0x31, 0xDD, 0xE0, 0x33, 0xED, 0xD2
    .byte   0x31, 0x3C, 0x0E, 0x13, 0x32, 0xDE, 0xE3, 0x21, 0x0C, 0xD1, 0x24, 0xFE, 0xDE, 0x33, 0x11, 0xDC
    .byte   0x23, 0x33, 0x2D,   -6, 0x0F, 0x04, 0x2D, 0xDC, 0x13, 0x42, 0xFC, 0xE3, 0x32, 0x1E, 0xD0, 0xE3
    .byte   0x2E, 0xDE, 0x13, 0x21, 0x1D, 0xD2, 0x33, 0xDD, 0xE2, 0x31, 0x3E, 0xD0, 0x02, 0x11, 0xDE, 0xF0
    .byte   0x33, 0xFE, 0xEF, 0x11,    5, 0x00, 0xDE, 0x22, 0x21, 0xFF, 0xE0, 0x02, 0x1E, 0xEF, 0xF2, 0x3F
    .byte   0xEE, 0x22, 0xFD, 0x1F, 0x12, 0x12, 0x1E, 0x01, 0xEE, 0x0E, 0x10, 0x04, 0x2E, 0xEE, 0xF2, 0x0E
    .byte   0x1D, 0xE2, 0x23, 0x2E, 0xEF,   -8, 0x01, 0x22, 0x1F, 0xE2, 0x10, 0x3F, 0xED, 0xE0, 0x21, 0xF0
    .byte   0xE1, 0x33, 0xED, 0xDF, 0x32, 0x00, 0xEE, 0x13, 0x31, 0xDD, 0xEE, 0x12, 0x21, 0xE0, 0x23, 0x12
    .byte   0xFE, 0xDD, 0x33, 0xED, 0xD2, 0x33,   10, 0x02, 0xDC, 0x04, 0x3E, 0xDE, 0xFE, 0x13, 0x3D, 0xEF
    .byte   0x13, 0x02, 0x1D, 0xDE, 0x13, 0xED, 0x33, 0xE3, 0x3F, 0x1B, 0xDF, 0x03, 0x2F, 0xE3, 0x13, 0x31
    .byte   0xDB, 0xE2, 0x12, 0xF3, 0x21, 0x23, 0x3C,   -9, 0x0D, 0x23, 0xEF, 0x32, 0xE1, 0x32, 0xED, 0xE2
    .byte   0xE0, 0x42, 0xCC, 0x23, 0x1E, 0xF3, 0xE2, 0x33, 0xFD, 0xDD, 0xDD, 0x24, 0x32, 0xE0, 0x34, 0x0C
    .byte   0xBC, 0x21, 0x23, 0x42, 0xE3, 0x33, 0xCC, 0xCF,  -17, 0x0D, 0x23, 0x35, 0x2F, 0x0E, 0xEB, 0xD0
    .byte   0xD0, 0x45, 0x2D, 0xD4, 0xD2, 0xEC, 0xDD, 0x42, 0x33, 0xD1, 0x33, 0xEB, 0xD2, 0x01, 0x13, 0x33
    .byte   0xDE, 0x22, 0xED, 0x0D, 0xD2, 0x43, 0xDD, 0x34, 0xFE,   11, 0x0E, 0xCD, 0x14, 0x2D, 0x31, 0x2F
    .byte   0x12, 0xDD, 0xC2, 0x4F, 0x22, 0x22, 0xED, 0x02, 0xEE, 0xFF, 0xE2, 0x30, 0xF0, 0x0E, 0x2E, 0x21
    .byte   0x11, 0xD0, 0x22, 0xD1, 0x2E, 0xE2, 0x33, 0xD0, 0x1E, 0xEE,   -1, 0x00, 0xC1, 0x32, 0x30, 0x12
    .byte   0x2D, 0xDF, 0x2F, 0xE0, 0xE2, 0x01, 0x31, 0x31, 0xDC, 0x22, 0x1E, 0xEE, 0xE3, 0x44, 0xEC, 0xF0
    .byte   0xEC, 0xE3, 0x23, 0xEE, 0x41, 0x0E, 0x2E, 0xCE, 0xE1, 0x03, 0x41,   13, 0x01, 0xFD, 0xE1, 0x1D
    .byte   0xDE, 0x22, 0x44, 0x2E, 0xCE, 0xED, 0x11, 0x0E, 0x33, 0x33, 0x0E, 0xCC, 0xE2, 0x31, 0xE1, 0x33
    .byte   0x23, 0x3C, 0xBB, 0x13, 0x44, 0x2E, 0xE3, 0x1E, 0x1D, 0xCD, 0xE3, 0x54,   24, 0x0D, 0xED, 0xDD
    .byte   0x02, 0x3E, 0xF2, 0x14, 0x22, 0xDC, 0xDD, 0x32, 0x23, 0x2F, 0xE2, 0x2F, 0xDC, 0xE3, 0x23, 0x13
    .byte   0x0D, 0xDE, 0x32, 0xEE, 0x03, 0x1E, 0xEE, 0x20, 0xFE, 0x20, 0x22, 0x21, 0xED,   -4, 0x0E, 0xF0
    .byte   0x32, 0x22, 0xEE, 0xFD, 0x02, 0xFF, 0x21, 0x02, 0x22, 0xEE, 0xDE, 0x10, 0x21, 0x32, 0xE0, 0xFE
    .byte   0x0D, 0x12, 0x1E, 0xE0, 0x32, 0x12, 0x1F, 0xDD, 0xDF, 0x03, 0x33, 0x3D, 0xEE, 0xFE,   -4, 0x0E
    .byte   0xFF, 0xE2, 0x24, 0x2E, 0xDE, 0xFF, 0xE0, 0x32, 0xFE, 0xE1, 0x30, 0x00, 0x1E, 0xFF, 0x12, 0x20
    .byte   0xFE, 0x01, 0xEF, 0x22, 0x0E, 0xE2, 0x2F, 0xEF, 0x01, 0x00, 0xF1, 0x1E, 0xF1, 0x2E, 0xD1,   -2
    .byte   0x01, 0x1E, 0xE0, 0x21, 0x12, 0x0E, 0xDE, 0xE2, 0x21, 0x01, 0x11, 0x12, 0x11, 0xED, 0xDF, 0x22
    .byte   0x23, 0x2E, 0xE2, 0xF2, 0x21, 0x0F, 0x10, 0x21, 0x1F, 0x2F, 0x01, 0x02, 0xFF, 0xF0, 0x0F, 0x0F
    .byte     14, 0x0E, 0x0F, 0x1F, 0xFF, 0xF1, 0x1F, 0xFE, 0xEE, 0xFF, 0x21, 0xFF, 0xED, 0x0F, 0x1F, 0x0E
    .byte   0xF0, 0x10, 0x21, 0x0D, 0xEE, 0x02, 0x20, 0x23, 0x23, 0x43, 0x1E, 0xDD, 0xEF, 0x32, 0x2F, 0xE2
    .byte   0x33,   38, 0x00, 0xED, 0xDE, 0x12, 0x2E, 0xEE, 0xEF, 0x02, 0x21, 0xEE, 0xEE, 0x12, 0x2F, 0xFE
    .byte   0x00, 0x22, 0x1F, 0xEE, 0xEE, 0xF1, 0x12, 0x00, 0x00, 0xEE, 0xFF, 0xEE, 0xF0, 0xEF, 0xF1, 0xEE
    .byte   0xEE, 0x02,  -33, 0x02, 0x32, 0x34, 0x32, 0x0E, 0xDC, 0x01, 0x23, 0x1F, 0x32, 0x32, 0x21, 0xEE
    .byte   0xDE, 0xE1, 0x1F, 0xEE, 0xEE, 0x12, 0x22, 0xFE, 0xEF, 0xEF, 0x00, 0xFF, 0x12, 0x22, 0x22, 0xFE
    .byte   0xED, 0x02, 0x02,    2, 0x01, 0x11, 0x21, 0x0E, 0xDD, 0xEE, 0xFF, 0xF1, 0xFE, 0xED, 0xEF, 0x22
    .byte   0x2E, 0x00, 0xF3, 0x56, 0x3E, 0xDC, 0xBD, 0xF4, 0x43, 0xEF, 0x32, 0x22, 0x32, 0xEC, 0xDD, 0x02
    .byte   0x02, 0x1D, 0xDE, 0x13,   11, 0x01, 0x0E, 0xED, 0xE0, 0x20, 0xF0, 0xE1, 0x23, 0x33, 0x2D, 0xDD
    .byte   0xD1, 0x22, 0x22, 0x10, 0x12, 0x1F, 0xDD, 0xDD, 0xE0, 0x12, 0x0E, 0xED, 0xEE, 0x03, 0x10, 0xEE
    .byte   0xF1, 0x46, 0x53, 0x1C, 0xBC,  -25, 0x01, 0x44, 0x32, 0x22, 0xF0, 0x33, 0x2E, 0xCD, 0xDE, 0xE3
    .byte   0x21, 0xED, 0xEF, 0xF2, 0x22, 0xED, 0xDF, 0xE1, 0x13, 0x22, 0x10, 0x22, 0x20, 0x2E, 0xED, 0xEE
    .byte   0x12, 0x23, 0x21, 0x10, 0xEE, 0xED,  -12, 0x0D, 0xDD, 0xE2, 0x12, 0x0E, 0xEE, 0xFF, 0xF2, 0x10
    .byte   0x23, 0x65, 0x22, 0xFC, 0xBC, 0x12, 0x44, 0x23, 0x2E, 0x01, 0x33, 0xEE, 0xDD, 0xCE, 0x12, 0x22
    .byte   0xEE, 0xEE, 0xE2, 0x31, 0x0E, 0xDD, 0xEE,  -16, 0x03, 0x32, 0x30, 0x10, 0xF1, 0x0E, 0xEE, 0xEF
    .byte   0x02, 0x22, 0x3F, 0xFE, 0xDE, 0xDD, 0xDE, 0xEE, 0x1F, 0xFF, 0xEE, 0xF1, 0x00, 0x20, 0x12, 0x35
    .byte   0x53, 0x31, 0xCC, 0xCD, 0x13, 0x43, 0x42, 0x1F,   33, 0x01, 0x21, 0x11, 0xDD, 0xDE, 0xEE, 0x20
    .byte   0x02, 0xEE, 0xFE, 0x11, 0x11, 0xEE, 0xDF, 0x22, 0x32, 0x33, 0x1E, 0xEE, 0xD0, 0x01, 0x20, 0xF1
    .byte   0x01, 0x12, 0x10, 0xDD, 0xDD, 0xDE, 0xFF, 0x0E, 0xEE,  -53, 0x00, 0x21, 0x02, 0x01, 0x03, 0x45
    .byte   0x43, 0x3E, 0xCC, 0xCE, 0x23, 0x34, 0x42, 0x2E, 0xEF, 0xE0, 0x21, 0xED, 0xDE, 0xDE, 0x01, 0x22
    .byte   0xFF, 0xFE, 0xFE, 0x11, 0xFE, 0xF0, 0x02, 0x13, 0x22, 0x21,   21, 0x0E, 0xDE, 0xFE, 0x11, 0x22
    .byte   0x21, 0x00, 0xED, 0xED, 0xDD, 0xEE, 0x00, 0xFF, 0xEE, 0xEF, 0x11, 0x10, 0x12, 0x12, 0x45, 0x34
    .byte   0x31, 0xEC, 0xCE, 0xE1, 0x34, 0x43, 0x20, 0xFF, 0xDF, 0x10, 0xEF,   29, 0x0E, 0xDE, 0xDE, 0x11
    .byte   0x22, 0x20, 0xEE, 0xEE, 0xDF, 0x12, 0x22, 0x22, 0x12, 0x12, 0x0E, 0x0E, 0xEE, 0xFF, 0x00, 0x22
    .byte   0x01, 0xFE, 0xDE, 0xDE, 0xDE, 0xEF, 0xFF, 0xE0, 0xEF, 0x01, 0x01, 0x02,  -44, 0x02, 0x34, 0x44
    .byte   0x33, 0xFE, 0xDD, 0xDE, 0xF2, 0x43, 0x42, 0x20, 0xEE, 0xDE, 0xEF, 0x11, 0xFE, 0xEE, 0xED, 0xFF
    .byte   0x11, 0x11, 0x0F, 0xEE, 0xEF, 0x01, 0x22, 0x32, 0x22, 0x1E, 0xEE, 0xEE, 0x01,    2, 0x02, 0x11
    .byte   0x10, 0xEE, 0xEE, 0xEE, 0xDE, 0xEF, 0xEE, 0xFE, 0xE0, 0xF0, 0x02, 0x01, 0x02, 0x22, 0x43, 0x44
    .byte   0x31, 0x1E, 0xDE, 0xDE, 0x22, 0x33, 0x33, 0x22, 0xEE, 0xDD, 0xEE, 0xEF, 0x00, 0xFF,   13, 0x0E
    .byte   0xEE, 0xFE, 0xF1, 0x11, 0x00, 0x0F, 0xF0, 0x12, 0x22, 0x21, 0x10, 0xEE, 0xEE, 0xF0, 0x10, 0x21
    .byte   0x2F, 0xFE, 0xED, 0xED, 0xEE, 0xD0, 0xE0, 0xF0, 0xFF, 0x0F, 0xFF, 0x00, 0x22, 0x33, 0x44,   16
    .byte   0x03, 0x31, 0x0E, 0xED, 0xFF, 0x02, 0x23, 0x32, 0x3F, 0xEF, 0xDD, 0xDF, 0xEE, 0x00, 0x1F, 0xFF
    .byte   0xEE, 0xEE, 0xFF, 0xF0, 0x20, 0x21, 0x10, 0x10, 0x11, 0x20, 0x21, 0xFE, 0xFE, 0xEE, 0xF0, 0xF2
    .byte     -3, 0x01, 0x0E, 0xEE, 0xED, 0xEE, 0xDF, 0xFF, 0xF1, 0x11, 0x01, 0x0F, 0xF0, 0x22, 0x34, 0x34
    .byte   0x33, 0x3F, 0xFE, 0xED, 0xFE, 0x21, 0x32, 0x32, 0x21, 0xEE, 0xED, 0xED, 0xEF, 0x00, 0x01, 0x0F
    .byte   0xEE,    0, 0x0E, 0xEF, 0xF1, 0x11, 0x22, 0x12, 0x11, 0x10, 0x1F, 0x0F, 0xEF, 0x0E, 0xFF, 0xF0
    .byte   0x00, 0xF0, 0xEE, 0xEE, 0xEE, 0xDF, 0xEE, 0x0F, 0x01, 0x10, 0x00, 0x11, 0x11, 0x33, 0x43, 0x34
    .byte   0x23, 0xFF,   33, 0x0E, 0xDF, 0xF1, 0x22, 0x33, 0x21, 0x0F, 0xED, 0xED, 0xEE, 0xEF, 0x11, 0x10
    .byte   0x0E, 0xEE, 0xEE, 0xEF, 0x11, 0x12, 0x22, 0x20, 0x20, 0xFF, 0xFF, 0x0E, 0xFF, 0xFF, 0xF0, 0xF0
    .byte   0x0E, 0x0E, 0xEE,  -23, 0x0E, 0xEE, 0xEE, 0xFE, 0x0F, 0xF0, 0x20, 0x11, 0x02, 0x13, 0x33, 0x34
    .byte   0x33, 0x22, 0xFE, 0xEE, 0xEF, 0xF2, 0x23, 0x22, 0x20, 0xEE, 0xDF, 0xDE, 0xEF, 0xF1, 0x11, 0xEF
    .byte   0xEE, 0xEE, 0xFF, 0x01,   -4, 0x02, 0x11, 0x11, 0x11, 0x11, 0x11, 0x0F, 0xFE, 0xEE, 0xFE, 0xF0
    .byte   0x10, 0x0F, 0xEE, 0xEE, 0xEE, 0xFE, 0xEE, 0x0E, 0x00, 0x11, 0x11, 0x22, 0x13, 0x33, 0x34, 0x33
    .byte   0x22, 0xFE, 0xED, 0xFE, 0x12,   29, 0x02, 0x32, 0x21, 0xED, 0xED, 0xDE, 0xFF, 0x12, 0x12, 0xFE
    .byte   0xEE, 0xDE, 0xEE, 0x12, 0x13, 0x22, 0x20, 0x00, 0xEF, 0xFF, 0xF0, 0x00, 0xFE, 0xFF, 0xEE, 0xFF
    .byte   0xE0, 0x0F, 0xFE, 0xED, 0xFD, 0xEE,  -54, 0x01, 0x12, 0x20, 0x10, 0x02, 0x03, 0x34, 0x34, 0x42
    .byte   0x2F, 0xED, 0xDD, 0xF0, 0x23, 0x33, 0x3F, 0xFE, 0xDD, 0xDE, 0xE1, 0x23, 0x12, 0xFE, 0xDD, 0xDD
    .byte   0xEF, 0x23, 0x23, 0x22, 0xEE, 0xEE, 0xE0,    1, 0x02, 0x32, 0x2F, 0xED, 0xDD, 0xEE, 0xF2, 0x22
    .byte   0x22, 0xEE, 0xDD, 0xDD, 0xDE, 0x02, 0x12, 0x21, 0x1E, 0xEF, 0x01, 0x33, 0x45, 0x34, 0x31, 0x0D
    .byte   0xDD, 0xED, 0x22, 0x33, 0x33, 0xFF, 0xDE, 0xDE,   17, 0x01, 0x22, 0x22, 0xED, 0xDD, 0xDD, 0x12
    .byte   0x23, 0x31, 0x1E, 0xEE, 0xD0, 0x22, 0x33, 0x22, 0xFD, 0xDD, 0xDF, 0x12, 0x31, 0x20, 0xEE, 0xDD
    .byte   0xDD, 0xE1, 0x21, 0x1F, 0xEE, 0xDE, 0xE0, 0x02, 0x22,  -39, 0x03, 0x13, 0x33, 0x43, 0x32, 0x0E
    .byte   0xED, 0xEF, 0xE3, 0x23, 0x21, 0x00, 0xEE, 0xF0, 0x10, 0x00, 0xEE, 0xDE, 0xEE, 0xF0, 0x21, 0x11
    .byte   0xFF, 0xEF, 0xF1, 0x22, 0x30, 0x21, 0xEF, 0xEE, 0xEF, 0xEF,   -4, 0x0F, 0x00, 0x02, 0x01, 0xEE
    .byte   0xED, 0xDE, 0xEE, 0xFF, 0x00, 0xFF, 0xE0, 0xE0, 0xF2, 0x22, 0x33, 0x34, 0x43, 0x32, 0xFE, 0xDD
    .byte   0xEF, 0x12, 0x32, 0x21, 0xF0, 0x00, 0x11, 0x1F, 0xFD, 0xEE, 0xDF,    6, 0x00, 0x00, 0xF0, 0xEF
    .byte   0x00, 0x22, 0x11, 0x00, 0xEF, 0x12, 0x23, 0x11, 0xDD, 0xDD, 0xF1, 0x22, 0x22, 0xFE, 0xEE, 0xEE
    .byte   0xED, 0xEE, 0xD0, 0xF0, 0x11, 0xFF, 0xFE, 0xF0, 0x12, 0x33, 0x33, 0x24,   23, 0x03, 0x21, 0xFD
    .byte   0xDD, 0x02, 0x03, 0x22, 0x0F, 0x11, 0x31, 0x10, 0xDE, 0xDD, 0xF0, 0x1F, 0x1F, 0xEE, 0xE0, 0x22
    .byte   0x12, 0x0F, 0xEE, 0xF2, 0x12, 0x22, 0x2E, 0xEE, 0xEE, 0x0E, 0x10, 0xFF, 0x00,   -6, 0x00, 0xF1
    .byte   0xEE, 0xDE, 0xDE, 0xEE, 0xF1, 0xFF, 0xF0, 0xF0, 0x13, 0x22, 0x21, 0x22, 0x34, 0x53, 0x2E, 0xDD
    .byte   0xDE, 0x13, 0x3F, 0x0F, 0xE2, 0x23, 0x32, 0xED, 0xDC, 0xFE, 0x22, 0x1E, 0xDE, 0xF1,    4, 0x02
    .byte   0x31, 0xDE, 0xD0, 0x22, 0x23, 0x0E, 0xEF, 0x12, 0x21, 0xEE, 0xDD, 0x11, 0x22, 0x11, 0xEE, 0xDF
    .byte   0x0F, 0xEE, 0xDE, 0xED, 0x0F, 0x10, 0x21, 0xF2, 0x00, 0x21, 0x20, 0x22, 0x33, 0x44, 0x32,   35
    .byte   0x0D, 0xED, 0x11, 0x21, 0xF1, 0xF2, 0x23, 0x31, 0x1D, 0xDD, 0xFE, 0xFF, 0xE1, 0xDF, 0x11, 0x31
    .byte   0x2F, 0xEE, 0xD2, 0x02, 0x0F, 0x0E, 0x00, 0x33, 0x20, 0xED, 0xDE, 0xF0, 0x20, 0xFE, 0xF0, 0x11
    .byte     -3, 0x00, 0xDD, 0xDD, 0xE0, 0x00, 0xFE, 0xE1, 0x32, 0x2E, 0xFE, 0xE1, 0x33, 0x33, 0x23, 0x43
    .byte   0x22, 0xDF, 0xDE, 0x02, 0x2E, 0x11, 0x23, 0x33, 0x10, 0xCD, 0xEE, 0x00, 0xEE, 0xED, 0xE3, 0x32
    .byte   0x2E,   13, 0x0E, 0xD1, 0x22, 0x0E, 0xEE, 0x11, 0x33, 0x20, 0xEE, 0xEF, 0xFE, 0xEE, 0xE0, 0x12
    .byte   0x22, 0xEE, 0xED, 0xEE, 0xED, 0xDE, 0xE1, 0x22, 0x32, 0x1E, 0xED, 0xF1, 0x23, 0x33, 0x02, 0x34
    .byte   0x51, 0x2D,   25, 0x0D, 0xE2, 0xF3, 0xEE, 0xFF, 0x43, 0x32, 0xEE, 0xCE, 0xF2, 0xEE, 0xDD, 0xE0
    .byte   0x23, 0x3F, 0xED, 0xE2, 0x02, 0x11, 0xDD, 0x01, 0x33, 0x21, 0xEF, 0xE0, 0x12, 0xEE, 0xEE, 0x01
    .byte   0x11, 0x0E, 0xEE,  -12, 0x00, 0xFD, 0xDD, 0xD0, 0x12, 0x21, 0xEE, 0xF2, 0x22, 0x0E, 0x02, 0x03
    .byte   0x43, 0x34, 0x21, 0x2E, 0xE1, 0xD1, 0xE2, 0xF1, 0x2F, 0x42, 0x20, 0x1E, 0xDE, 0xEE, 0x1D, 0xEE
    .byte   0xF0, 0x20, 0x22, 0xFE,    8, 0x0F, 0x01, 0xEE, 0x10, 0x11, 0x12, 0x21, 0xF1, 0xF0, 0xEE, 0xFF
    .byte   0xFF, 0xF0, 0x1F, 0xE0, 0xFE, 0xED, 0xED, 0xEF, 0x00, 0x00, 0xE2, 0x02, 0x0E, 0xEE, 0x12, 0x33
    .byte   0x22, 0x22, 0x44, 0x40, 0xFC,   19, 0x0E, 0x02, 0x11, 0xDF, 0x23, 0x43, 0x0E, 0xED, 0xEE, 0xF0
    .byte   0xED, 0xDF, 0x02, 0x21, 0x1F, 0xEF, 0x21, 0xFF, 0xDF, 0x01, 0x22, 0x1F, 0xF1, 0x22, 0x10, 0xDE
    .byte   0xF0, 0x11, 0x1F, 0xFE, 0xF1, 0xFF,  -11, 0x0E, 0xDD, 0xEF, 0x00, 0xE0, 0xF0, 0x11, 0x20, 0xFE
    .byte   0xE1, 0x23, 0x32, 0x23, 0x23, 0x44, 0xF0, 0xC0, 0xE0, 0x2F, 0x2D, 0xF0, 0x34, 0x21, 0xEE, 0xDE
    .byte   0x1E, 0x2E, 0xCE, 0xF2, 0x12, 0x0F, 0xFE,    3, 0x02, 0x0F, 0xEE, 0xF2, 0x21, 0x10, 0xFE, 0x22
    .byte   0x3E, 0xDE, 0x00, 0x20, 0xF0, 0xEE, 0xE2, 0x0F, 0xED, 0xDE, 0xEF, 0xFF, 0xEF, 0xFF, 0x2F, 0x10
    .byte   0x2F, 0xEF, 0x22, 0x32, 0x02, 0x23, 0x25, 0x4E,   38, 0x0C, 0x2E, 0x02, 0xE1, 0xDE, 0x23, 0x42
    .byte   0x1F, 0xEE, 0xD0, 0x00, 0xEC, 0xEE, 0x11, 0x22, 0xFF, 0xE0, 0x31, 0xEE, 0xEE, 0x11, 0x22, 0x0E
    .byte   0xE2, 0x31, 0x1E, 0xEE, 0x0F, 0x12, 0xFE, 0xEF, 0x11,   -3, 0x0E, 0xED, 0xEE, 0xE1, 0xEF, 0xEF
    .byte   0x01, 0x11, 0x11, 0xFF, 0x12, 0x11, 0x02, 0x33, 0x21, 0x44, 0x21, 0xE1, 0x0E, 0xFE, 0x2E, 0xE1
    .byte   0x13, 0x30, 0x10, 0xFD, 0x0E, 0x0F, 0xDE, 0xD1, 0xF0, 0x1F,    2, 0x0F, 0x11, 0x11, 0x0F, 0xEF
    .byte   0x10, 0x2F, 0x10, 0x00, 0x12, 0xFF, 0xEF, 0x00, 0x00, 0x10, 0xFF, 0xE0, 0x1D, 0xEE, 0xEE, 0xEE
    .byte   0x01, 0xFE, 0x02, 0x0E, 0x02, 0x2E, 0xE0, 0x31, 0x10, 0x33, 0x2F,   -2, 0x04, 0x40, 0xF1, 0x01
    .byte   0xEF, 0x2F, 0xED, 0xF2, 0x32, 0xE2, 0x0E, 0xEE, 0x22, 0xED, 0xD1, 0xEF, 0x01, 0x1E, 0xF0, 0x12
    .byte   0x01, 0xE0, 0x00, 0x22, 0x00, 0xE1, 0xF0, 0x01, 0xFE, 0x00, 0x12, 0xEF,    0, 0x00, 0xE1, 0x0F
    .byte   0xEE, 0xEE, 0xFE, 0xFF, 0xEE, 0x01, 0x00, 0xE0, 0x02, 0x11, 0x0F, 0x2F, 0x32, 0x12, 0x21, 0x33
    .byte   0x33, 0xF1, 0x01, 0x01, 0x10, 0xED, 0xF2, 0x02, 0xF1, 0xFE, 0xEF, 0x20, 0xFE,   10, 0x0E, 0xF0
    .byte   0xF1, 0x0E, 0xFE, 0x12, 0x02, 0xEF, 0x0E, 0x22, 0x22, 0xE0, 0xE1, 0x11, 0x0F, 0xEE, 0xE1, 0x22
    .byte   0x0E, 0xF0, 0xEF, 0x00, 0xEE, 0xEE, 0xF1, 0x0F, 0xFF, 0x0F, 0xF0, 0xF1, 0x10, 0x21,  -20, 0x0F
    .byte   0x21, 0x12, 0x20, 0x21, 0x22, 0x22, 0x20, 0x10, 0x20, 0x12, 0xE0, 0xE1, 0x1F, 0x1E, 0x1E, 0xE0
    .byte   0x10, 0x00, 0xE0, 0xF0, 0x0F, 0xF0, 0xE0, 0xFF, 0x01, 0x0F, 0x00, 0x10, 0x01, 0x01, 0x1F,    2
    .byte   0x0F, 0x11, 0xF0, 0xFF, 0x0F, 0x0F, 0xF0, 0xF0, 0xF0, 0xF0, 0xFF, 0xFF, 0x0E, 0x00, 0x0F, 0xF0
    .byte   0x11, 0x11, 0x10, 0xF0, 0x11, 0x10, 0x10, 0x12, 0x11, 0x10, 0x11, 0x10, 0x01, 0x0F, 0x2F, 0x11
    .byte      7, 0x01, 0x0F, 0x01, 0x01, 0xFF, 0x00, 0x10, 0x00, 0xFF, 0x01, 0x1F, 0xFF, 0xF0, 0xF0, 0x01
    .byte   0x1F, 0xF0, 0x01, 0x00, 0xF0, 0xFE, 0x11, 0x1F, 0x0E, 0x2F, 0x00, 0xF0, 0x00, 0x10, 0xFF, 0x0F
    .byte   0x11,   -3, 0x0F, 0xF1, 0x00, 0x0F, 0x10, 0xF1, 0x00, 0x0F, 0x01, 0x0F, 0x0F, 0x01, 0xF0, 0x21
    .byte   0x1E, 0x11, 0x00, 0x10, 0xFF, 0x2F, 0xF1, 0x01, 0x0F, 0x1F, 0x01, 0x10, 0xF0, 0x01, 0x1F, 0x10
    .byte   0xF0, 0x1F,    2, 0x01, 0x0F, 0xF1, 0x00, 0x10, 0x10, 0xEF, 0x2F, 0x1F, 0x00, 0xF0, 0x11, 0xFF
    .byte   0x01, 0x0F, 0x01, 0x1F, 0x10, 0xF0, 0xF1, 0x01, 0xFF, 0x0F, 0x1F, 0xF1, 0x1F, 0x00, 0xFF, 0x00
    .byte   0x10, 0xF0, 0x00,   -4, 0x01, 0x2F, 0x0E, 0x00, 0x21, 0xE1, 0xF0, 0x11, 0xF0, 0xF1, 0x11, 0x1E
    .byte   0x01, 0x11, 0xF2, 0xE0, 0x1F, 0xF1, 0x11, 0x1F, 0x0E, 0x12, 0x10, 0xFF, 0xFF, 0x01, 0x10, 0x11
    .byte   0xEF, 0x20, 0xF0, 0x0E,   -3, 0x01, 0x21, 0xF0, 0x1E, 0x1F, 0xE3, 0x1E, 0xF0, 0x10, 0x2F, 0xEF
    .byte   0x10, 0x20, 0xE0, 0x00, 0x12, 0xE0, 0x0F, 0x00, 0x10, 0xF1, 0x1F, 0xFF, 0x1F, 0x02, 0xFE, 0x0F
    .byte   0x11, 0x00, 0xF0, 0x11, 0x0F,   -2, 0x01, 0xFF, 0xF1, 0x20, 0xFF, 0x00, 0xE2, 0x3D, 0x01, 0xE1
    .byte   0x21, 0x1F, 0xE0, 0x11, 0x10, 0xF0, 0x2E, 0x0E, 0x12, 0x11, 0xFF, 0xE1, 0x10, 0x2E, 0x12, 0xE1
    .byte   0x00, 0xFE, 0x11, 0x2F, 0x01, 0xFF,    1, 0x0F, 0x02, 0xEF, 0x1F, 0x10, 0x12, 0x0E, 0xE2, 0x0E
    .byte   0x21, 0x11, 0xFE, 0x01, 0x12, 0xE0, 0xFE, 0x20, 0x10, 0x0E, 0xF2, 0x10, 0xFF, 0xFF, 0x2F, 0x1F
    .byte   0xF0, 0xE2, 0x01, 0x00, 0xFE, 0x21, 0xFF,    2, 0x0E, 0x1F, 0x01, 0x12, 0xFF, 0x0E, 0x10, 0x2F
    .byte   0xEF, 0x12, 0x11, 0x1D, 0x0F, 0x21, 0x02, 0xEE, 0x12, 0x11, 0x0E, 0xF0, 0x11, 0x0F, 0x11, 0x00
    .byte   0xFF, 0x00, 0x11, 0x0F, 0xE2, 0x02, 0xFE, 0x2E,   -1, 0x00, 0x2E, 0xF0, 0xF2, 0x1F, 0xF1, 0x1E
    .byte   0x02, 0x0F, 0xE0, 0x20, 0x10, 0x1E, 0xE1, 0x02, 0x11, 0x0E, 0xF1, 0x21, 0x1E, 0x0E, 0xF2, 0xF2
    .byte   0x0F, 0xFF, 0x10, 0x11, 0x0E, 0xF0, 0x02, 0x1F, 0x1F,    0, 0x00, 0xF1, 0x2E, 0xFF, 0x01, 0x12
    .byte   0xFF, 0xEF, 0x20, 0x10, 0xEE, 0x22, 0x00, 0xFE, 0x00, 0x21, 0xFF, 0x11, 0xE2, 0xFF, 0x1E, 0x12
    .byte   0xE1, 0x12, 0xE0, 0xE1, 0xF1, 0x20, 0x2E, 0xF1, 0x02, 0xE1,    1, 0x0E, 0x1E, 0x20, 0x21, 0xE2
    .byte   0xE0, 0x02, 0x1F, 0xEF, 0xF1, 0x12, 0x0F, 0xE0, 0x12, 0x1F, 0xEF, 0xF0, 0x11, 0x2F, 0xFF, 0xF0
    .byte   0x10, 0xF0, 0x0F, 0x00, 0x21, 0xFF, 0x0F, 0xF1, 0xF0, 0x11, 0x01,    2, 0x0E, 0x10, 0x00, 0x11
    .byte   0x00, 0xF1, 0x0E, 0x20, 0xFF, 0x0E, 0x12, 0x12, 0x0E, 0xFF, 0xE2, 0x01, 0xF1, 0xF1, 0x2E, 0x10
    .byte   0xFF, 0x1F, 0x01, 0x0F, 0x11, 0xF1, 0x01, 0x0F, 0xFE, 0x11, 0x21, 0x0F,   -1, 0x0F, 0x02, 0x00
    .byte   0xF0, 0xE0, 0x02, 0x01, 0x0F, 0x0F, 0xF1, 0x10, 0xFF, 0xFF, 0x10, 0x2F, 0xFF, 0x00, 0x11, 0xFF
    .byte   0xFF, 0x2F, 0x01, 0x0F, 0xF1, 0x0F, 0x1F, 0x00, 0x10, 0x01, 0x0F, 0x0F, 0xF1,    1, 0x01, 0x0F
    .byte   0xFF, 0x01, 0x01, 0xFF, 0xF0, 0x10, 0x10, 0x01, 0x0F, 0x01, 0x00, 0xFF, 0xF1, 0x10, 0x10, 0xF0
    .byte   0x01, 0x1F, 0xF0, 0xF0, 0x11, 0x01, 0xFF, 0x10, 0xFF, 0x00, 0x10, 0xF0, 0x10, 0x10,    1, 0x01
    .byte   0xF0, 0xFF, 0x11, 0xF0, 0xF0, 0x01, 0x0F, 0x1F, 0x10, 0xF0, 0x01, 0xF1, 0xFF, 0x00, 0x10, 0x10
    .byte   0xF0, 0xF0, 0x10, 0x01, 0x0F, 0x10, 0x00, 0x00, 0xF1, 0x11, 0x10, 0x00, 0x01, 0x00, 0x1F,    4
    .byte   0x00, 0xF1, 0x11, 0xFF, 0xFF, 0x01, 0xF1, 0x0F, 0x10, 0x0F, 0x00, 0xE0, 0x0F, 0x0F, 0xFF, 0xFF
    .byte   0xFF, 0x0F, 0xF0, 0x0E, 0x11, 0x01, 0x00, 0xF0, 0xF0, 0x21, 0x10, 0x22, 0x23, 0x12, 0x21, 0x10
    .byte     22, 0x0F, 0xEE, 0xEF, 0xFF, 0x20, 0x11, 0x01, 0x10, 0xF0, 0xFF, 0x0E, 0x00, 0xE1, 0xF0, 0x0E
    .byte   0x01, 0x0F, 0xF1, 0x01, 0x0F, 0x10, 0xE0, 0xE0, 0xEF, 0xF0, 0xFF, 0xEF, 0xEF, 0xEE, 0x00, 0x02
    .byte   0x22,  -22, 0x02, 0x23, 0x33, 0x33, 0xFF, 0xEE, 0xEE, 0xFD, 0xED, 0x11, 0x23, 0x22, 0x2F, 0xE0
    .byte   0x12, 0x10, 0xEE, 0xED, 0x11, 0x0F, 0xEF, 0xE0, 0x22, 0x3F, 0x01, 0x00, 0x22, 0x20, 0xEE, 0xFF
    .byte   0xE1, 0x1F,    3, 0x0E, 0x00, 0x22, 0x22, 0x0E, 0xE0, 0xFF, 0xEE, 0xDE, 0xEE, 0x0F, 0xF0, 0xE0
    .byte   0x0F, 0xEE, 0x00, 0x03, 0x22, 0x1F, 0x32, 0x34, 0x33, 0xEE, 0xEE, 0xEF, 0x1E, 0xED, 0x12, 0x23
    .byte   0x23, 0xEE, 0xEE,   17, 0x00, 0x2F, 0xEE, 0xDE, 0x11, 0x2F, 0xEF, 0xE0, 0x03, 0x21, 0x1E, 0x1F
    .byte   0x02, 0x02, 0xEF, 0xE1, 0x10, 0x10, 0xE0, 0xF0, 0x20, 0x10, 0xEF, 0xEF, 0xEE, 0xEE, 0xEE, 0xF0
    .byte   0xE0, 0x0F, 0x0E, 0xEE,  -41, 0x02, 0x21, 0x22, 0x22, 0x33, 0x43, 0x1E, 0xE1, 0xD1, 0xF1, 0xED
    .byte   0xF0, 0x23, 0x23, 0xF0, 0xEE, 0x2F, 0x2F, 0xEE, 0xDE, 0xE2, 0x2F, 0xFE, 0xEF, 0x02, 0x23, 0xE0
    .byte   0xFF, 0x10, 0x20, 0xFF, 0xE0,    5, 0x02, 0x11, 0x0F, 0xE0, 0xF2, 0x00, 0xEE, 0x0E, 0x0F, 0xE1
    .byte   0xDE, 0xEF, 0xFE, 0xEF, 0x1F, 0xFF, 0xFF, 0x12, 0x22, 0x12, 0x22, 0x34, 0x32, 0x2E, 0xEF, 0xEE
    .byte   0x2F, 0xED, 0x11, 0x22, 0x32, 0x0F,   20, 0x0F, 0x00, 0x10, 0xEE, 0xDF, 0xE1, 0x10, 0x1F, 0xEF
    .byte   0x02, 0x20, 0x20, 0x1E, 0x01, 0x21, 0xE1, 0x1F, 0x00, 0x20, 0x0E, 0x00, 0xF1, 0x00, 0x0E, 0xFE
    .byte   0x0E, 0xEE, 0xEF, 0xEE, 0xFE, 0xFF, 0x0F,  -36, 0x0F, 0xE1, 0x12, 0x22, 0x22, 0x32, 0x24, 0x23
    .byte   0xFE, 0xFE, 0x0E, 0x10, 0xD0, 0xF2, 0x22, 0x31, 0x1E, 0xEF, 0xF0, 0xF0, 0xEE, 0xDF, 0x01, 0x2F
    .byte   0xFE, 0x01, 0x12, 0x21, 0x0F, 0x0F, 0x1F, 0x11,    8, 0x01, 0xFF, 0x10, 0x10, 0x00, 0xFF, 0x00
    .byte   0xF0, 0xFE, 0x0E, 0xEE, 0xEE, 0xE0, 0xDF, 0x0F, 0x10, 0x00, 0xEE, 0xE2, 0x22, 0x20, 0x32, 0x32
    .byte   0x34, 0x12, 0xD0, 0x0E, 0x1E, 0x2E, 0xE1, 0xF3, 0x22,   29, 0x0F, 0x0D, 0x10, 0xF1, 0xEF, 0xED
    .byte   0xEF, 0x21, 0x0F, 0xE0, 0xFF, 0x31, 0x11, 0xE1, 0x01, 0x11, 0x2E, 0x0F, 0x01, 0x11, 0x01, 0x0F
    .byte   0x10, 0x2E, 0xEF, 0xEE, 0xE0, 0xEE, 0xEE, 0xE1, 0x0F, 0xEF,  -34, 0x0F, 0xEF, 0x2F, 0x2F, 0x00
    .byte   0x22, 0x33, 0x22, 0x32, 0x20, 0x12, 0xFE, 0xE0, 0x0E, 0x21, 0x22, 0x02, 0x20, 0xEF, 0xFE, 0xEF
    .byte   0xE1, 0xDF, 0xFF, 0x2E, 0x10, 0x01, 0xE2, 0x11, 0xF0, 0x10, 0x0F,    4, 0x02, 0xE2, 0x01, 0x0F
    .byte   0x11, 0x1E, 0x1F, 0x02, 0xEF, 0xFE, 0xEE, 0xEE, 0xEF, 0xE0, 0xFE, 0xEF, 0x10, 0x00, 0xEF, 0xE1
    .byte   0x13, 0x21, 0x22, 0x22, 0x33, 0x31, 0xF0, 0xE2, 0xF1, 0x1F, 0xFE, 0x22,   23, 0x02, 0x22, 0xEE
    .byte   0xDF, 0x2E, 0x0E, 0xEE, 0xD2, 0xF2, 0x1F, 0x0E, 0xF0, 0x12, 0x11, 0xE0, 0x00, 0x12, 0x2F, 0x1E
    .byte   0x11, 0x01, 0x11, 0x0E, 0x1F, 0x2E, 0xFF, 0xEE, 0xEF, 0xEE, 0xFD, 0x1E, 0xEF,  -35, 0x01, 0x10
    .byte   0x0E, 0x0E, 0x11, 0x22, 0x22, 0x22, 0x32, 0x33, 0x20, 0xE1, 0xF1, 0x02, 0x1E, 0xFF, 0x22, 0x22
    .byte   0x11, 0xDF, 0xEF, 0xFE, 0x1E, 0xEE, 0xE2, 0x01, 0x0F, 0x0E, 0xF1, 0x21, 0xF1, 0xE0,   -1, 0x01
    .byte   0x22, 0x00, 0x0F, 0xF1, 0x12, 0x0F, 0x0F, 0xFF, 0xF0, 0xEE, 0xEE, 0xFE, 0xEF, 0xEF, 0xFF, 0xEF
    .byte   0xFE, 0x0F, 0x0E, 0x01, 0x12, 0x22, 0x21, 0x23, 0x13, 0x33, 0x00, 0xF0, 0x0F, 0x11, 0x1E,   17
    .byte   0x02, 0xF3, 0xF2, 0x10, 0xEE, 0xEF, 0xEF, 0xEF, 0xEE, 0xE1, 0x2F, 0x1F, 0x0F, 0xF0, 0x12, 0xE0
    .byte   0x11, 0x1E, 0x22, 0x01, 0xE2, 0x01, 0xF1, 0x2E, 0x0E, 0x01, 0xE0, 0xFE, 0x0D, 0xFE, 0xFE, 0xFF
    .byte    -26, 0x0F, 0xEE, 0x1F, 0x20, 0xFE, 0xEE, 0x22, 0x23, 0x12, 0x12, 0x23, 0x41, 0x20, 0xE1, 0xE2
    .byte   0x12, 0x2D, 0x11, 0x13, 0xF3, 0xFE, 0xED, 0x0E, 0x00, 0xE0, 0xDE, 0xF0, 0x20, 0x10, 0xE0, 0xE2
    .byte   0x21,    4, 0x0F, 0xE0, 0x02, 0x02, 0x10, 0xFF, 0x02, 0x20, 0x0E, 0x0E, 0xF0, 0x01, 0xEE, 0xEE
    .byte   0xFE, 0xE0, 0xEE, 0xEF, 0xE0, 0x10, 0x10, 0xE0, 0xF0, 0x12, 0x22, 0x22, 0x22, 0x24, 0x22, 0x1E
    .byte   0x2F, 0xE2,   18, 0x03, 0xEE, 0x10, 0x3E, 0x30, 0xFF, 0xDF, 0xEF, 0x0E, 0xFE, 0xEE, 0x01, 0x01
    .byte   0x00, 0xE0, 0x20, 0x10, 0x1F, 0xF0, 0x02, 0x10, 0x0F, 0xF1, 0x12, 0x2F, 0xFE, 0x0E, 0xE1, 0x0F
    .byte   0xEE, 0xFE, 0xFF,  -15, 0x0E, 0xEE, 0xEF, 0xE0, 0x11, 0xFF, 0xE0, 0x01, 0x13, 0x21, 0x12, 0x22
    .byte   0x33, 0x30, 0x1E, 0x21, 0x01, 0x03, 0xD0, 0x11, 0x2F, 0x3F, 0xFF, 0xD1, 0xE1, 0xFE, 0x1D, 0xFE
    .byte   0xF1, 0xF2, 0xE1, 0x0E,    2, 0x00, 0x20, 0xE0, 0xF0, 0xF2, 0x11, 0xFE, 0x21, 0x12, 0x02, 0xEE
    .byte   0xE0, 0x2E, 0x0E, 0xEE, 0xEF, 0x10, 0xEE, 0xEE, 0x0F, 0x01, 0xEF, 0xF0, 0xFF, 0x01, 0x21, 0x22
    .byte   0x22, 0x22, 0x23, 0x31, 0x2E,   17, 0x01, 0xF2, 0x02, 0xEF, 0x2F, 0x21, 0x12, 0xE0, 0xD1, 0xFE
    .byte   0x1E, 0x0E, 0xD1, 0xF2, 0xE1, 0x1E, 0x0F, 0x22, 0xF0, 0xE2, 0xF0, 0x10, 0x1F, 0x00, 0x02, 0x20
    .byte   0x2E, 0xFE, 0xFF, 0x00, 0xEE, 0xEF,  -10, 0x0F, 0x00, 0xEE, 0xEE, 0xEF, 0x0F, 0x00, 0x01, 0xF0
    .byte   0xFF, 0x11, 0x22, 0x22, 0x22, 0x13, 0x32, 0x2E, 0x20, 0x01, 0x12, 0xE1, 0x10, 0x20, 0x21, 0x0E
    .byte   0xEE, 0x0F, 0x0E, 0xFE, 0xEF, 0xE2, 0xE1,    3, 0x0E, 0x1F, 0x21, 0x00, 0xF0, 0xF0, 0x2F, 0x2E
    .byte   0x00, 0x01, 0x02, 0xF0, 0x0E, 0x2E, 0x1F, 0xEE, 0xEF, 0xFF, 0xFE, 0xFE, 0xEF, 0xFF, 0xFE, 0xFF
    .byte   0xF0, 0x02, 0x11, 0x00, 0x20, 0x12, 0x22, 0x22,    5, 0x02, 0x20, 0x20, 0x11, 0x02, 0x1E, 0x11
    .byte   0x02, 0x11, 0x10, 0xE0, 0xEF, 0x0E, 0x0E, 0xFE, 0x0E, 0x00, 0xF0, 0xFF, 0x00, 0x21, 0x1F, 0xF1
    .byte   0xF0, 0x00, 0xF0, 0x1F, 0x10, 0x02, 0xF0, 0xF0, 0x1E,    1, 0x0E, 0x1E, 0xEF, 0xFF, 0xEE, 0x00
    .byte   0xEF, 0x0E, 0xF0, 0x02, 0x0E, 0x01, 0x11, 0x21, 0x2F, 0x12, 0x13, 0x23, 0x12, 0x10, 0x2F, 0x11
    .byte   0x10, 0xF2, 0xF2, 0x1F, 0x2E, 0x0E, 0xFE, 0xF1, 0x0E, 0xFF,    8, 0x0E, 0x1F, 0xF0, 0xFF, 0x01
    .byte   0x00, 0x11, 0x0F, 0x0F, 0x10, 0x01, 0xFF, 0xF1, 0x02, 0x11, 0x1F, 0xEE, 0x0F, 0xFE, 0xE0, 0xEF
    .byte   0x00, 0xFF, 0x0E, 0xEE, 0xFF, 0xE2, 0x01, 0x2F, 0x0F, 0x02, 0x02,  -18, 0x01, 0x10, 0x23, 0x23
    .byte   0x21, 0xEF, 0x2F, 0x30, 0x00, 0xF2, 0xF2, 0x12, 0x1D, 0xFE, 0xE0, 0x02, 0x1E, 0xEE, 0xF0, 0xF0
    .byte   0xFF, 0xEE, 0x20, 0x12, 0xF0, 0xFE, 0x00, 0x21, 0xFF, 0xF1, 0x02, 0x11,    6, 0x0E, 0x0F, 0xFF
    .byte   0xF0, 0xE0, 0xE0, 0x0F, 0xFE, 0xEE, 0xFF, 0xFF, 0xF0, 0x11, 0x10, 0x11, 0x1E, 0x22, 0x01, 0xF2
    .byte   0x12, 0x22, 0x31, 0x11, 0x01, 0xF2, 0x22, 0xFF, 0x1F, 0x12, 0x21, 0xFE, 0xEF,   16, 0x01, 0x11
    .byte   0x0F, 0xEE, 0xFF, 0x01, 0x0F, 0xEE, 0x10, 0x21, 0x1F, 0xEF, 0x01, 0x11, 0x00, 0xFE, 0xF2, 0x01
    .byte   0xFF, 0xF0, 0xEF, 0xF0, 0xFE, 0xFF, 0x0F, 0xF0, 0xFF, 0xEE, 0xFF, 0xF1, 0x21, 0x0F,  -24, 0x0F
    .byte   0x10, 0x22, 0xF1, 0x01, 0x21, 0x23, 0x12, 0x01, 0x00, 0x20, 0x20, 0x01, 0x02, 0x02, 0x01, 0xFE
    .byte   0xFE, 0xF0, 0x11, 0x0E, 0xFF, 0xFF, 0x00, 0xFF, 0xE0, 0x1F, 0x11, 0xFF, 0xFF, 0x11, 0x10,    3
    .byte   0x0F, 0xFE, 0x12, 0x11, 0x0E, 0xEE, 0x11, 0x01, 0x0F, 0xEF, 0xFF, 0xF0, 0xE0, 0xEE, 0x10, 0x20
    .byte   0x11, 0xF0, 0xE2, 0xF0, 0x10, 0x21, 0x20, 0x20, 0x22, 0x02, 0x01, 0x20, 0x02, 0x00, 0x11, 0x02
    .byte     18, 0x02, 0x00, 0xFF, 0xFF, 0xF1, 0xE2, 0x0E, 0x1E, 0x1F, 0xF0, 0x00, 0xE0, 0x00, 0xFF, 0x00
    .byte   0xF0, 0x01, 0x0F, 0xFF, 0xF0, 0x0F, 0x00, 0xFF, 0xF0, 0xF0, 0xF0, 0xEF, 0x0E, 0x00, 0x00, 0xFF
    .byte   0xFF,  -21, 0x00, 0xF0, 0x11, 0xF0, 0x11, 0x21, 0x11, 0x10, 0x12, 0xF2, 0x22, 0x01, 0xF0, 0x10
    .byte   0x20, 0x10, 0x01, 0xF2, 0x11, 0x1F, 0x0F, 0xFF, 0x1F, 0x1F, 0x00, 0xE0, 0x10, 0x00, 0x0F, 0x0F
    .byte   0xF1, 0xF0,    7, 0x0F, 0xF0, 0x0F, 0x01, 0xE0, 0xFF, 0x1F, 0x00, 0x0E, 0xFF, 0xF0, 0x0F, 0xFF
    .byte   0xFF, 0x00, 0x0F, 0xFF, 0x0F, 0x10, 0x01, 0xF1, 0x0F, 0x10, 0x11, 0x11, 0x11, 0x11, 0x11, 0x02
    .byte   0x12, 0x12, 0x0E,    4, 0x00, 0x02, 0x20, 0x0E, 0x00, 0x20, 0x20, 0x0E, 0xFF, 0xF2, 0x01, 0x1E
    .byte   0xFF, 0xF0, 0x20, 0xFF, 0xEF, 0x10, 0x10, 0xF0, 0xE0, 0x11, 0x11, 0x0E, 0x0E, 0xF1, 0x10, 0x00
    .byte   0xEE, 0x11, 0x11, 0x01,   -6, 0x0E, 0xFF, 0x01, 0x10, 0x0F, 0xE1, 0x02, 0x01, 0xF0, 0xFF, 0x00
    .byte   0x21, 0x11, 0x0E, 0x01, 0x21, 0x11, 0x0E, 0x12, 0x12, 0x20, 0xE0, 0xE1, 0x21, 0x2F, 0x0E, 0xF1
    .byte   0x12, 0x11, 0xFE, 0xFF, 0x11,   11, 0x0F, 0xFF, 0xFF, 0x11, 0x00, 0xFE, 0x00, 0x01, 0x10, 0xFF
    .byte   0xFF, 0xFF, 0x10, 0xF0, 0xF0, 0xF1, 0x0F, 0xFF, 0x0F, 0x0F, 0x10, 0x10, 0xF1, 0xF0, 0xFF, 0x0F
    .byte   0x01, 0x01, 0xF1, 0x01, 0x1F, 0x1F,   -5, 0x0F, 0x01, 0x00, 0x20, 0xFF, 0x11, 0x11, 0x1F, 0xFF
    .byte   0x01, 0x21, 0xF0, 0x0E, 0x10, 0x21, 0x01, 0x0F, 0xE2, 0x1F, 0x10, 0xE0, 0xF0, 0x21, 0x00, 0x0F
    .byte   0xF0, 0x00, 0x0E, 0xF0, 0x00, 0x11, 0x11,    2, 0x01, 0x00, 0xE0, 0xF0, 0x0F, 0x1F, 0x01, 0x01
    .byte   0x00, 0x0F, 0xFF, 0x0F, 0x00, 0x00, 0xF0, 0x12, 0x0F, 0x0F, 0xE0, 0x11, 0x1F, 0xFF, 0xF0, 0x22
    .byte   0x10, 0x0E, 0xF0, 0x02, 0x10, 0xEF, 0xF1, 0x22,    6, 0x00, 0xFE, 0xFF, 0x02, 0x10, 0x0E, 0xF0
    .byte   0x22, 0x10, 0xFE, 0xFF, 0x10, 0x2F, 0xFF, 0xF1, 0x11, 0x2F, 0xFE, 0xFF, 0xF1, 0x11, 0xF0, 0xFF
    .byte   0x20, 0x1F, 0x0E, 0xE1, 0xF0, 0x20, 0x10, 0x0F, 0xFF,   -2, 0x01, 0x0F, 0xFF, 0x11, 0x10, 0x00
    .byte   0xFF, 0xF0, 0x00, 0x11, 0x00, 0x00, 0x1F, 0xF1, 0xFF, 0x01, 0x1F, 0x00, 0x10, 0x11, 0x0F, 0x0F
    .byte   0x0F, 0x01, 0x2F, 0x10, 0x10, 0x00, 0xF0, 0xFF, 0xF0, 0x02,    4, 0x01, 0xFF, 0xF0, 0x01, 0x10
    .byte   0x0E, 0x01, 0x11, 0x0F, 0xFF, 0x00, 0x11, 0x1F, 0xFF, 0xF1, 0x11, 0x0F, 0xFF, 0x01, 0x11, 0x1F
    .byte   0xF0, 0xF1, 0x00, 0xFF, 0xF0, 0x11, 0x10, 0xFF, 0xFF, 0x11, 0x1F,   -2, 0x0F, 0xFF, 0x02, 0x00
    .byte   0xF0, 0xF1, 0x01, 0x1F, 0x0F, 0x00, 0x10, 0x01, 0x10, 0x1F, 0x00, 0xFF, 0x01, 0x00, 0x01, 0x01
    .byte   0x11, 0x0F, 0xFF, 0xFF, 0x00, 0x01, 0x10, 0x01, 0x01, 0xFF, 0x0F, 0xF1,    0, 0x01, 0x00, 0x01
    .byte   0xFF, 0x10, 0x00, 0xF0, 0x10, 0x0F, 0x00, 0x1F, 0x10, 0x00, 0xFF, 0x00, 0x00, 0x10, 0x0F, 0x0F
    .byte   0x11, 0x00, 0xFF, 0x00, 0x10, 0x11, 0xF0, 0xF0, 0x00, 0x1F, 0xF0, 0x00, 0x10,    0, 0x00, 0x1F
    .byte   0x00, 0x0F, 0x00, 0x00, 0x00, 0x10, 0x01, 0xF0, 0x00, 0x0F, 0x10, 0xF1, 0x00, 0x01, 0x00, 0x0F
    .byte   0x00, 0x00, 0x1F, 0x10, 0xF0, 0x01, 0x00, 0x0F, 0x00, 0x01, 0x10, 0xFF, 0xF0, 0x10,    0, 0x01
    .byte   0xF0, 0x00, 0x00, 0x00, 0xF1, 0xF0, 0x10, 0xF1, 0x00, 0x00, 0x00, 0xF0, 0x1F, 0x10, 0xF0, 0x10
    .byte   0xF1, 0x10, 0xFF, 0x0F, 0x10, 0x01, 0x00, 0x00, 0x10, 0x1F, 0x0F, 0x0E, 0x2F, 0x11, 0xF0,    0
    .byte   0x00, 0x00, 0x10, 0x0F, 0x00, 0xF1, 0x10, 0xF0, 0xF0, 0x01, 0x1F, 0x10, 0x0F, 0x0F, 0x10, 0x00
    .byte   0x00, 0xF1, 0x10, 0x1F, 0xFF, 0x01, 0x00, 0x00, 0xF0, 0x01, 0x00, 0x00, 0xF1, 0x10, 0x00, 0xFF
    .byte     -1, 0x0F, 0x11, 0x01, 0x0F, 0x01, 0x0F, 0x1F, 0xF0, 0x0F, 0x11, 0x10, 0xF0, 0x01, 0xF0, 0x00
    .byte   0x0F, 0x01, 0x1F, 0x00, 0x00, 0x00, 0x00, 0x00, 0xF0, 0x10, 0x01, 0xF0, 0x00, 0x00, 0x1F, 0xF1
    .byte   0x0F,   -1, 0x00, 0x10, 0x00, 0x00, 0x00, 0x10, 0x00, 0xFF, 0x1F, 0x11, 0x00, 0xF0, 0x00, 0x10
    .byte   0x00, 0xFF, 0x10, 0x00, 0x00, 0xF0, 0x01, 0x00, 0x1F, 0xF0, 0x00, 0x11, 0x00, 0xF0, 0xF0, 0x00
    .byte   0x11, 0xFF,    0, 0x00, 0xF1, 0x00, 0x1F, 0x0F, 0x10, 0x10, 0x00, 0xFF, 0x0F, 0x11, 0x1F, 0x00
    .byte   0x00, 0x1F, 0x1F, 0xF1, 0xF0, 0x01, 0x1F, 0x1F, 0x00, 0x0F, 0x11, 0xFF, 0x1F, 0x10, 0x10, 0xF0
    .byte   0x00, 0x01, 0xF0,   -1, 0x01, 0xF0, 0x10, 0x01, 0xF1, 0x0F, 0x00, 0x0F, 0x01, 0x01, 0x00, 0x00
    .byte   0x0F, 0x0F, 0x10, 0x00, 0x01, 0x00, 0xF0, 0x00, 0xF1, 0x00, 0x10, 0xF1, 0xF0, 0x00, 0x10, 0x00
    .byte   0xF1, 0xF0, 0xF0, 0x00,    0, 0x00, 0x01, 0xF1, 0x0F, 0x1F, 0xF0, 0x10, 0x00, 0x00, 0x00, 0x1F
    .byte   0x00, 0x00, 0x00, 0xF0, 0x10, 0x00, 0xF1, 0xF0, 0x11, 0x0F, 0x1F, 0x00, 0x00, 0xF1, 0x1F, 0x1F
    .byte   0x1F, 0x01, 0xF0, 0xF0, 0x00,    0, 0x00, 0x1F, 0x1F, 0x0F, 0x10, 0xF0, 0x01, 0x00, 0x1F, 0x00
    .byte   0xF0, 0x10, 0x00, 0x01, 0xF0, 0x0F, 0x10, 0x10, 0x0F, 0x00, 0x00, 0x00, 0x1F, 0x00, 0x00, 0x00
    .byte   0x00, 0x0F, 0x01, 0x00, 0x01, 0x00,    0, 0x00, 0xF1, 0x0F, 0x01, 0x00, 0x1F, 0x0F, 0x1F, 0x00
    .byte   0x10, 0x00, 0x10, 0x00, 0x0F, 0x00, 0xF1, 0xF1, 0x00, 0x1F, 0x1F, 0x1F, 0x0F, 0x1F, 0x01, 0x01
    .byte   0xF0, 0x01, 0xF0, 0x00, 0xF0, 0x10, 0x00,    0, 0x01, 0xF0, 0x00, 0x00, 0x00, 0x00, 0xF1, 0xF1
    .byte   0x00, 0x1F, 0x00, 0xF0, 0x10, 0x00, 0x00, 0x1F, 0x01, 0x0F, 0x00, 0x00, 0x1F, 0x01, 0xF0, 0x00
    .byte   0x01, 0x0F, 0x00, 0x00, 0x00, 0x01, 0xF0, 0xF1,    0, 0x00, 0x00, 0x00, 0x10, 0xF0, 0x00, 0x00
    .byte   0x01, 0xF0, 0x1F, 0x01, 0xF0, 0x00, 0xF1, 0x00, 0x00, 0x00, 0x00, 0x00, 0x01, 0xF0, 0x0F, 0x10
    .byte   0x00, 0x0F, 0x01, 0x00, 0x00, 0x00, 0x01, 0xF0, 0xF1,    0, 0x00, 0xF1, 0x00, 0xF1, 0x01, 0xF0
    .byte   0x00, 0x1F, 0x00, 0x01, 0x0F, 0x01, 0xF0, 0x00, 0x0F, 0x10, 0x00, 0x00, 0x00, 0x0F, 0x10, 0x0F
    .byte   0x10, 0x00, 0xF1, 0x0F, 0x01, 0x00, 0x1F, 0x01, 0xF0, 0x00,   -1, 0x00, 0x10, 0x1F, 0x00, 0x01
    .byte   0xF0, 0x00, 0x01, 0x0F, 0x00, 0xF1, 0x01, 0xF0, 0x0F, 0x10, 0x01, 0xF0, 0x10, 0xF0, 0xF1, 0x0F
    .byte   0x10, 0x1F, 0x00, 0x1F, 0x01, 0xF0, 0x00, 0xF1, 0x01, 0x0F, 0x10,   -1, 0x01, 0x00, 0x0F, 0x10
    .byte   0x01, 0x0F, 0x0F, 0x11, 0xF0, 0x00, 0x0F, 0x11, 0xFF, 0x10, 0xF1, 0x0F, 0x10, 0x0F, 0x10, 0x00
    .byte   0x00, 0x0F, 0x01, 0x00, 0x00, 0x00, 0x00, 0x10, 0xF0, 0x1F, 0x1F, 0x0F,    0, 0x01, 0xF0, 0x00
    .byte   0x00, 0x0F, 0x1F, 0x01, 0xF1, 0x00, 0x00, 0x0F, 0x10, 0xF0, 0x10, 0x00, 0xF1, 0x1F, 0x00, 0x00
    .byte   0x00, 0x00, 0xF1, 0x00, 0x00, 0x1F, 0x01, 0xF0, 0xF1, 0x1F, 0x00, 0x00, 0x00,    0, 0x00, 0x0F
    .byte   0x00, 0x01, 0x00, 0x00, 0xF1, 0xF1, 0x00, 0x01, 0xF1, 0xF0, 0x00, 0xF0, 0x10, 0x00, 0xF1, 0xF0
    .byte   0x10, 0x01, 0xFF, 0x1F, 0x10, 0x00, 0x00, 0x00, 0x00, 0x1F, 0x00, 0x00, 0x00, 0xF1,    0, 0x00
    .byte   0x00, 0x01, 0xFF, 0x11, 0xF0, 0x01, 0xF1, 0xF0, 0x1F, 0x00, 0x00, 0x1F, 0x00, 0x1F, 0x1F, 0x1F
    .byte   0x00, 0x00, 0x0F, 0x10, 0x01, 0xF1, 0xF0, 0x00, 0x00, 0x0F, 0x10, 0x0F, 0x10, 0x00, 0x00,    1
    .byte   0x0F, 0x1F, 0x00, 0x00, 0x00, 0x00, 0x01, 0xFF, 0x10, 0x1F, 0x00, 0x0F, 0x10, 0x00, 0xF1, 0x00
    .byte   0x00, 0x00, 0x00, 0x1F, 0xF0, 0x10, 0x0F, 0x1F, 0x10, 0x00, 0x10, 0xF0, 0x0F, 0x10, 0x00, 0x00
    .byte      0, 0x00, 0x00, 0x00, 0xF1, 0x00, 0x00, 0x00, 0xF0, 0x10, 0xF1, 0x00, 0xF1, 0x00, 0x00, 0x0F
    .byte   0x1F, 0x1F, 0x10, 0x00, 0x00, 0x01, 0xFF, 0x1F, 0x10, 0x00, 0x00, 0x00, 0x00, 0x1F, 0x00, 0xF1
    .byte   0xF1,    0, 0x00, 0x00, 0x00, 0x00, 0x00, 0x00, 0x01, 0xFF, 0x10, 0x00, 0x00, 0x0F, 0x10, 0x00
    .byte   0x10, 0xFF, 0x10, 0x0F, 0x10, 0x00, 0x1F, 0x00, 0x1F, 0x00, 0x00, 0x00, 0x0F, 0x10, 0x01, 0xF0
    .byte   0x01, 0xF0,   -1, 0x01, 0x00, 0x0F, 0x10, 0x01, 0xF1, 0xF0, 0x0F, 0x10, 0x0F, 0x10, 0xF1, 0x01
    .byte   0xF1, 0xF0, 0x01, 0x0F, 0x00, 0xF1, 0x01, 0xF1, 0xFF, 0x11, 0xF0, 0x01, 0xF0, 0x0F, 0x10, 0x1F
    .byte   0x00, 0x00, 0xF0,    1, 0x0F, 0x00, 0x0F, 0x1F, 0x10, 0x01, 0xF0, 0x00, 0x00, 0x01, 0xF1, 0xF0
    .byte   0x00, 0x00, 0x10, 0xF0, 0x0F, 0x10, 0x00, 0xF1, 0x00, 0xF1, 0x00, 0x00, 0x00, 0x00, 0x00, 0x1F
    .byte   0x1F, 0x00, 0x01, 0xF0,    1, 0x0F, 0x00, 0x00, 0x00, 0x00, 0x0F, 0x10, 0x00, 0x00, 0x0F, 0x10
    .byte   0x00, 0x01, 0x00, 0xF0, 0x00, 0x10, 0xF0, 0x1F, 0x1F, 0x00, 0x00, 0x1F, 0x00, 0x01, 0xF0, 0x00
    .byte   0x00, 0xF1, 0x0F, 0x10, 0xF0,    0, 0x00, 0x01, 0xF0, 0xF1, 0x00, 0x0F, 0x10, 0x00, 0x1F, 0x00
    .byte   0x00, 0x00, 0x0F, 0x00, 0x10, 0x01, 0xF0, 0x00, 0x00, 0x01, 0xF0, 0x00, 0x1F, 0x1F, 0x00, 0x00
    .byte   0x00, 0x00, 0x00, 0x00, 0x00, 0x00,    0, 0x00, 0x0F, 0x11, 0xF0, 0x00, 0x00, 0x00, 0x1F, 0x00
    .byte   0x00, 0x00, 0x00, 0x01, 0xF0, 0x00, 0x00, 0x00, 0x00, 0xF1, 0x00, 0x10, 0xF0, 0x0F, 0x1F, 0x1F
    .byte   0x10, 0x0F, 0x1F, 0x10, 0x00, 0x01, 0xF0,    0, 0x00, 0x00, 0x00, 0x00, 0xF1, 0x0F, 0x10, 0x00
    .byte   0x00, 0x1F, 0x00, 0x00, 0x00, 0x00, 0x00, 0x00, 0x01, 0xF0, 0x00, 0x1F, 0x00, 0x00, 0x00, 0x1F
    .byte   0x00, 0xF1, 0xF1, 0x01, 0x0F, 0x00, 0xF1, 0x00,   -1, 0x01, 0x01, 0xFF, 0x01, 0x00, 0x1F, 0x01
    .byte   0xFF, 0x10, 0x00, 0x00, 0x00, 0x10, 0xFF, 0x10, 0x0F, 0x01, 0x00, 0x00, 0xF1, 0x1F, 0x0F, 0x11
    .byte   0xF0, 0x1F, 0x1F, 0x00, 0x00, 0x1F, 0x1F, 0x1F, 0x1F,    0, 0x00, 0x0F, 0x10, 0xF1, 0x00, 0x00
    .byte   0x00, 0x00, 0x00, 0xF1, 0xF1, 0x00, 0x00, 0x01, 0xF0, 0x00, 0x01, 0xF0, 0x00, 0x00, 0x00, 0x01
    .byte   0x0F, 0x00, 0x01, 0xF0, 0x00, 0x0F, 0x10, 0x0F, 0x00, 0x10,   -1, 0x00, 0x01, 0x00, 0x01, 0xF0
    .byte   0x10, 0xF0, 0xF0, 0x10, 0x00, 0x00, 0x00, 0x00, 0x00, 0x00, 0x00, 0xF1, 0x00, 0xF1, 0xF1, 0x0F
    .byte   0x10, 0x00, 0x0F, 0x1F, 0x10, 0x1F, 0x00, 0x00, 0x01, 0xF1, 0xF1,    0, 0x00, 0x00, 0xF1, 0x0F
    .byte   0x01, 0x0F, 0x10, 0x00, 0x0F, 0x1F, 0x10, 0x00, 0x1F, 0x00, 0x00, 0x00, 0x00, 0x00, 0x00, 0x00
    .byte   0x0F, 0x10, 0x00, 0x0F, 0x10, 0x1F, 0x00, 0x0F, 0x1F, 0x10, 0x00, 0x01,    0, 0x01, 0xF0, 0x1F
    .byte   0x00, 0x00, 0x00, 0x00, 0x00, 0x00, 0xF1, 0x01, 0xF0, 0x00, 0x00, 0x0F, 0x10, 0x00, 0xF0, 0x01
    .byte   0xF1, 0x01, 0xFF, 0x1F, 0x01, 0x00, 0x00, 0x00, 0x00, 0x0F, 0x10, 0x00, 0x1F,    0, 0x00, 0xF1
    .byte   0x00, 0x00, 0x00, 0x01, 0xF0, 0xF1, 0x00, 0xF1, 0x00, 0xF1, 0x00, 0x00, 0x00, 0x1F, 0x00, 0x00
    .byte   0x1F, 0x00, 0x00, 0x00, 0xF1, 0x00, 0x00, 0xF1, 0x0F, 0x1F, 0x10, 0x00, 0x00, 0x00,    0, 0x01
    .byte   0xF0, 0x00, 0x01, 0xF0, 0x00, 0x01, 0xF0, 0x00, 0xF0, 0x10, 0x00, 0xF0, 0x10, 0x00, 0x00, 0xF1
    .byte   0xF0, 0x01, 0x0F, 0x00, 0x01, 0x00, 0xF0, 0x10, 0x00, 0x00, 0x00, 0x00, 0x1F, 0x01, 0x01,    2
    .byte   0x00, 0x00, 0x10, 0x00, 0x10, 0x00, 0xF0, 0x00, 0x00, 0x0F, 0x1F, 0xF0, 0xFF, 0xF0, 0xFF, 0xF0
    .byte   0x0E, 0x0F, 0xFF, 0xFF, 0x0F, 0x00, 0x0F, 0x0F, 0x0F, 0x11, 0x22, 0x32, 0x32, 0x22, 0x21, 0x0F
    .byte     29, 0x0F, 0x01, 0x01, 0x11, 0xFF, 0xEE, 0xDF, 0xDE, 0xEF, 0xF0, 0x20, 0x21, 0x0F, 0x0F, 0x0E
    .byte   0x0F, 0x11, 0x01, 0x0F, 0xEE, 0xED, 0xED, 0xF0, 0xE0, 0x1F, 0x0E, 0x0E, 0x02, 0x32, 0x43, 0x43
    .byte   0x33,   37, 0x01, 0x2F, 0x11, 0x22, 0x02, 0x0E, 0xED, 0xDC, 0xDC, 0xED, 0x00, 0x11, 0x21, 0x11
    .byte   0x0F, 0x02, 0x22, 0x33, 0x32, 0x22, 0xFE, 0xDF, 0xDE, 0xEF, 0x10, 0x10, 0xFE, 0xEE, 0xDF, 0xEE
    .byte   0x0F, 0x1E,  -33, 0x0F, 0xEE, 0xEE, 0xDF, 0xFE, 0x33, 0x34, 0x44, 0x32, 0x31, 0x12, 0x12, 0x22
    .byte   0x31, 0x10, 0xDD, 0xDC, 0xDD, 0xDF, 0xE1, 0x0F, 0xFF, 0xE1, 0x11, 0x31, 0x43, 0x23, 0x21, 0x0E
    .byte   0xFE, 0xEE, 0xEE,   11, 0x0E, 0xEE, 0xEE, 0xEE, 0xFF, 0x0E, 0x1E, 0xEF, 0xEE, 0xFE, 0xFE, 0xEE
    .byte   0xD0, 0xE2, 0x42, 0x44, 0x44, 0x33, 0x0F, 0x20, 0x23, 0x23, 0x2F, 0xFC, 0xDC, 0xDD, 0xDF, 0x0E
    .byte   0xFE, 0xEE, 0xEE, 0x22,  -11, 0x03, 0x33, 0x21, 0x20, 0x12, 0x12, 0x0E, 0xFD, 0xDE, 0xDF, 0xFF
    .byte   0x10, 0x0E, 0xEE, 0xED, 0x1E, 0x1F, 0xFF, 0xEE, 0xDE, 0xDE, 0xEE, 0x02, 0x42, 0x54, 0x44, 0x23
    .byte   0x1E, 0x30, 0x33, 0x33, 0xFE,   63, 0x0C, 0xDC, 0xDD, 0xFF, 0xE0, 0xED, 0xED, 0x0E, 0x33, 0x34
    .byte   0x22, 0x2F, 0x12, 0x03, 0x12, 0x0E, 0xDD, 0xDD, 0xD1, 0x02, 0x01, 0xEE, 0xED, 0xFF, 0xE1, 0x20
    .byte   0xEE, 0xED, 0xDE, 0xDE, 0xEF, 0x01,  -60, 0x02, 0x45, 0x35, 0x22, 0x4D, 0x31, 0x24, 0x22, 0x3D
    .byte   0xEC, 0xCD, 0xCE, 0xEE, 0x1E, 0xDE, 0xDE, 0x01, 0x23, 0x33, 0x32, 0x12, 0x03, 0x22, 0x3F, 0x0E
    .byte   0xCE, 0xCE, 0xFD, 0x22, 0xE2, 0xEE, 0xED,  -23, 0x0F, 0xE2, 0xE1, 0xFE, 0xEE, 0xDE, 0xD0, 0xDE
    .byte   0xFF, 0x24, 0x35, 0x44, 0x41, 0x32, 0xE3, 0x13, 0x41, 0x31, 0xDD, 0xCC, 0xDD, 0xEE, 0xEF, 0xDE
    .byte   0xDE, 0xE1, 0x13, 0x33, 0x33, 0x12, 0x12, 0x22,   41, 0x01, 0x2E, 0xED, 0xDC, 0xEE, 0xE2, 0x00
    .byte   0x0E, 0xEE, 0xDF, 0xE1, 0x10, 0x0F, 0xEE, 0xED, 0xEE, 0xEE, 0xD0, 0xE1, 0x43, 0x54, 0x44, 0x33
    .byte   0x1E, 0x30, 0x34, 0xF4, 0xFD, 0xEC, 0xCD, 0xCF, 0xDE,   -1, 0x0D, 0xFE, 0xDE, 0xE2, 0x32, 0x33
    .byte   0x32, 0x22, 0x20, 0x22, 0x12, 0xEE, 0xED, 0xDD, 0xEE, 0x01, 0x10, 0xFE, 0xEE, 0xDF, 0xFF, 0xFF
    .byte   0x1E, 0xEF, 0xDE, 0xED, 0xEE, 0xEF, 0xF3, 0x44, 0x44, 0x44,   32, 0x03, 0xE2, 0x22, 0x33, 0x32
    .byte   0xFE, 0xDC, 0xCD, 0xDD, 0xEE, 0xEE, 0xED, 0xFE, 0x02, 0x23, 0x33, 0x22, 0x31, 0x12, 0x12, 0x1F
    .byte   0xFE, 0xDD, 0xED, 0xEF, 0x00, 0x11, 0xEE, 0xEE, 0xEE, 0xE1, 0x0F,  -31, 0x0E, 0xEE, 0xD1, 0xDE
    .byte   0xEE, 0xFF, 0x13, 0x34, 0x44, 0x52, 0x33, 0xE2, 0x22, 0x33, 0x32, 0xFE, 0xDD, 0xCC, 0xDD, 0xEF
    .byte   0xEF, 0xEE, 0xDF, 0xFF, 0x22, 0x33, 0x33, 0x21, 0x21, 0x11, 0x10, 0xFF,   26, 0x0D, 0xED, 0xEE
    .byte   0xE1, 0xE0, 0x0E, 0xEE, 0xEF, 0xEF, 0xFF, 0xE0, 0xE0, 0xEE, 0xEE, 0xED, 0xFF, 0x13, 0x34, 0x44
    .byte   0x43, 0x32, 0x21, 0x22, 0x33, 0x32, 0x2F, 0xDD, 0xCD, 0xDC, 0xEE, 0xE0, 0xEE,  -13, 0x0E, 0xFE
    .byte   0x12, 0x33, 0x33, 0x22, 0x21, 0x01, 0xF1, 0xFF, 0xFE, 0xDE, 0xDD, 0xEE, 0x0F, 0x00, 0xEF, 0xEE
    .byte   0xEE, 0x0F, 0xF0, 0x00, 0xF1, 0xEE, 0xEE, 0xEE, 0xEF, 0x23, 0x34, 0x44, 0x23, 0x22,   26, 0x02
    .byte   0x23, 0x33, 0x32, 0x1F, 0xEC, 0xDC, 0xDD, 0xE1, 0xE0, 0xFE, 0xEE, 0xEE, 0x02, 0x23, 0x33, 0x22
    .byte   0x21, 0x0F, 0xFF, 0x0E, 0xFE, 0xED, 0xED, 0xEE, 0xFE, 0xF0, 0xFE, 0x0E, 0xFE, 0x0F, 0xF1,  -36
    .byte   0x00, 0x1F, 0x0F, 0xEE, 0xEF, 0xEF, 0x12, 0x33, 0x34, 0x23, 0x22, 0x22, 0x32, 0x33, 0x32, 0x01
    .byte   0x0D, 0xDD, 0xED, 0xDF, 0xEF, 0xEF, 0xEE, 0xEE, 0x01, 0x22, 0x22, 0x32, 0x20, 0x10, 0xF0, 0xEF
    .byte     18, 0x0E, 0xEE, 0xEE, 0xDE, 0xEF, 0xEF, 0xFF, 0x0F, 0x01, 0xFF, 0x01, 0xE1, 0x0F, 0x0F, 0x01
    .byte   0xE1, 0xE0, 0xE0, 0x01, 0x23, 0x23, 0x31, 0x31, 0x32, 0x23, 0x13, 0x22, 0x21, 0x0F, 0xEE, 0xED
    .byte   0xFE,   22, 0x0F, 0xEE, 0xFE, 0xE1, 0xE1, 0x11, 0x22, 0x20, 0x11, 0x0F, 0xF0, 0x0E, 0x1E, 0xEE
    .byte   0xEF, 0xEE, 0xEF, 0xF0, 0xEF, 0xFF, 0x10, 0x02, 0x02, 0x0E, 0xFE, 0xFF, 0xF0, 0x11, 0x1F, 0x0F
    .byte   0x0E, 0x01,  -32, 0x02, 0x22, 0x32, 0x22, 0x22, 0x02, 0x21, 0x30, 0x31, 0x12, 0xE1, 0xFE, 0x1D
    .byte   0x10, 0xF0, 0xE1, 0xDE, 0x1F, 0x10, 0x21, 0x11, 0xFE, 0xEF, 0x20, 0x21, 0xDE, 0xEE, 0xEE, 0x0E
    .byte   0x10, 0x02, 0x01,  -17, 0x0D, 0x20, 0x12, 0x20, 0xF2, 0xEE, 0xEE, 0x3E, 0x11, 0xE2, 0xE1, 0xEE
    .byte   0x3D, 0x33, 0xFF, 0xD1, 0x21, 0x42, 0x2E, 0xE1, 0x12, 0x11, 0x13, 0x22, 0x2E, 0xEF, 0x12, 0xE3
    .byte   0x12, 0xEE, 0x1E, 0xEE,   20, 0x00, 0x12, 0x0E, 0xEE, 0xE1, 0xEE, 0x20, 0x10, 0xEE, 0x1D, 0x22
    .byte   0xE0, 0xD2, 0xEF, 0x2D, 0x31, 0x2D, 0xD2, 0xF1, 0x13, 0xD2, 0xE2, 0xF1, 0x00, 0x1C, 0x4D, 0x33
    .byte   0xE2, 0xC3, 0xD2, 0x3F, 0x2E,   -8, 0x02, 0x1E, 0x22, 0xE3, 0xE1, 0x12, 0x2F, 0xFE, 0x22, 0xF2
    .byte   0xFD, 0x32, 0x20, 0xDF, 0x20, 0x22, 0xDE, 0x12, 0x1D, 0x2E, 0x11, 0xE1, 0x10, 0x2D, 0xF2, 0xD2
    .byte   0xFE, 0x3D, 0x11, 0xD2, 0x2D, 0x22,   -4, 0x0E, 0x2D, 0xEE, 0x32, 0xE3, 0xD4, 0xCF, 0xFC, 0x41
    .byte   0x23, 0xC3, 0xED, 0x3D, 0x42, 0xD3, 0xDF, 0x01, 0x21, 0x0F, 0xFE, 0x32, 0xF0, 0x01, 0x1E, 0x2E
    .byte   0x3D, 0x3D, 0x3F, 0x1F, 0xE3, 0xC3, 0xE3,   19, 0x0E, 0x1E, 0xD1, 0xD5, 0xC4, 0xCF, 0x3C, 0x4C
    .byte   0x3E, 0x22, 0x10, 0xD3, 0xC3, 0x3C, 0x3D, 0x13, 0xC4, 0x1D, 0x3B, 0x5B, 0x4F, 0xD4, 0xC3, 0xC4
    .byte   0xD3, 0xF3, 0x0E, 0x0E, 0x2C, 0x3E, 0x04, 0xC4,   -8, 0x02, 0x3B, 0x5D, 0x2E, 0xF0, 0x1F, 0x23
    .byte   0xC5, 0xCE, 0x2D, 0x4E, 0x23, 0xB2, 0x2D, 0x3E, 0x3F, 0xC4, 0xE2, 0x3D, 0x4B, 0x2F, 0xC5, 0xC5
    .byte   0xB4, 0xD2, 0x3C, 0x4C, 0x31, 0x10, 0xDD, 0x4C, 0x33,  -11, 0x04, 0xD2, 0x1E, 0x3E, 0xE3, 0xEE
    .byte   0xF0, 0xF1, 0xE3, 0xFF, 0x0E, 0x00, 0x2E, 0x3C, 0x5D, 0x2D, 0x2E, 0xE3, 0xC4, 0xD3, 0xD3, 0xC4
    .byte   0xC4, 0x2C, 0x4C, 0x3E, 0x22, 0xE3, 0xC3, 0xFD, 0x4C, 0x4D,    0, 0x02, 0xC4, 0xC4, 0xED, 0x5B
    .byte   0x24, 0xA6, 0xC3, 0x3C, 0x3C, 0x3E, 0xE3, 0xD4, 0xC3, 0xF1, 0x3C, 0x4C, 0x20, 0x20, 0xD3, 0xE0
    .byte   0x21, 0xE4, 0xB3, 0x3B, 0x5C, 0x33, 0xC3, 0xC4, 0xD3, 0x3C, 0x4D,  -10, 0x04, 0xC3, 0x2D, 0x5B
    .byte   0x4C, 0x32, 0xC5, 0xB4, 0xED, 0x30, 0xD4, 0xC4, 0xED, 0xF2, 0x12, 0x2F, 0xD3, 0xDC, 0x6A, 0x6C
    .byte   0x3E, 0xC5, 0x97, 0xB2, 0x59, 0x7A, 0x34, 0xB6, 0xA5, 0xDB, 0x7A, 0x5E,  -14, 0x06, 0xA5, 0xC2
    .byte   0x2D, 0x3D, 0x2C, 0x5D, 0x2E, 0xFE, 0xE4, 0xE2, 0xFE, 0x1E, 0x22, 0xD4, 0xD2, 0xDE, 0x3C, 0x5C
    .byte   0xF3, 0xC4, 0xC3, 0x4B, 0x5B, 0x5C, 0xD5, 0xB5, 0xDE, 0x3C, 0x11, 0x3D, 0x4D,   -1, 0x0F, 0x1D
    .byte   0x4D, 0x32, 0xC3, 0xC4, 0xD3, 0x01, 0x0F, 0xFE, 0xE2, 0x2D, 0x3F, 0xD2, 0x3B, 0x7A, 0x41, 0xB5
    .byte   0xA7, 0xA5, 0xFA, 0x79, 0x61, 0xB6, 0xA4, 0xC2, 0x4B, 0x6B, 0x33, 0xC4, 0xDE, 0x4B,    8, 0x0C
    .byte   0x14, 0xC5, 0xB5, 0xB3, 0x2C, 0x5B, 0x4F, 0xD3, 0xC4, 0xD2, 0x2D, 0x4B, 0x32, 0x2F, 0x3D, 0x02
    .byte   0xB5, 0xD1, 0x12, 0xFF, 0x2C, 0x4C, 0x32, 0xF0, 0xD4, 0xC3, 0x2D, 0x3E, 0xE2, 0xD4, 0xD2,    2
    .byte   0x0D, 0x4C, 0x13, 0xD2, 0x4B, 0x5C, 0x21, 0xD4, 0xD1, 0xE0, 0xE3, 0xD4, 0xDE, 0x3D, 0xE4, 0xC3
    .byte   0x3B, 0x5C, 0xE6, 0x96, 0xDB, 0x69, 0x7C, 0xD6, 0x95, 0xEB, 0x7A, 0x43, 0xA6, 0xB5, 0xDE, 0x4B
    .byte      3, 0x0D, 0x23, 0xC4, 0xD0, 0x0E, 0x4B, 0x5D, 0xD4, 0xB4, 0x3C, 0x5B, 0x3F, 0xF3, 0xC5, 0xBF
    .byte   0x4C, 0x32, 0xEE, 0x2F, 0xF3, 0xD3, 0xC3, 0xD3, 0xFF, 0x4C, 0x3D, 0xE4, 0xDF, 0x3C, 0x3D, 0x4C
    .byte   0x31,   -5, 0x03, 0xD3, 0xC5, 0xB5, 0xCE, 0x5A, 0x5E, 0xD4, 0xB5, 0xB4, 0x2C, 0x5B, 0x3E, 0x3D
    .byte   0x32, 0xB6, 0xB3, 0x3B, 0x5C, 0x31, 0xC4, 0xD2, 0x4A, 0x6C, 0xD4, 0xC4, 0xD2, 0x0D, 0x4C, 0x3F
    .byte   0xD4, 0xC4,   -5, 0x01, 0x3D, 0x3D, 0x21, 0xD4, 0xD0, 0x2E, 0x0E, 0x3C, 0x5B, 0x5C, 0xD4, 0xC5
    .byte   0xC3, 0xEC, 0x6A, 0x45, 0x96, 0xCE, 0x4C, 0x3E, 0xE3, 0xD3, 0x1C, 0x5B, 0x33, 0xB6, 0xA5, 0x2B
    .byte   0x5C, 0x31, 0xD3,  -12, 0x04, 0xD2, 0x3D, 0x2E, 0x1E, 0x4B, 0x5C, 0x21, 0xC6, 0x97, 0xBE, 0x4C
    .byte   0x41, 0xC4, 0xDD, 0x4C, 0x4D, 0x03, 0xC3, 0x2D, 0x4C, 0x14, 0xB5, 0xC3, 0xED, 0x4C, 0x4E, 0xD4
    .byte   0xC2, 0x11, 0xE3, 0xD1,    5, 0x0C, 0x5C, 0x14, 0xA6, 0xB1, 0x5A, 0x5D, 0xD5, 0xC3, 0x1D, 0x0F
    .byte   0x3C, 0x5D, 0xD4, 0xB4, 0xD1, 0x4B, 0x4D, 0xF4, 0xC3, 0x3C, 0x3E, 0xE3, 0xD3, 0xD3, 0xD3, 0x02
    .byte   0xEF, 0xFD, 0x3E, 0x21, 0xC5,  -11, 0x03, 0x3B, 0x6A, 0x5D, 0xD5, 0xA6, 0xDC, 0x69, 0x6D, 0xC6
    .byte   0xA4, 0xED, 0x4D, 0x20, 0xE3, 0xD1, 0x2D, 0x3D, 0x14, 0xC3, 0x3B, 0x5C, 0x23, 0xC3, 0xEE, 0x3D
    .byte   0x23, 0xB6, 0xB3, 0x4A, 0x6B, 0x23,  -12, 0x05, 0xC2, 0x0E, 0x4C, 0x3C, 0x4D, 0xF4, 0xB4, 0xDF
    .byte   0x4C, 0x4E, 0xC5, 0xB3, 0x3C, 0x5B, 0x32, 0xC5, 0xC2, 0x2C, 0x5A, 0x52, 0xB6, 0xB3, 0x2C, 0x5B
    .byte   0x41, 0xB6, 0xB3, 0x2C, 0x4C, 0x3E, 0x13,   -6, 0x04, 0xDF, 0x3C, 0x4C, 0x31, 0xC5, 0xB5, 0xDD
    .byte   0x4C, 0x3F, 0xE3, 0xC3, 0xE1, 0x2D, 0x31, 0xE2, 0x2D, 0x3E, 0xE4, 0xB4, 0xDC, 0x6B, 0x42, 0xB5
    .byte   0xC2, 0x4B, 0x4C, 0x14, 0xC4, 0xDF, 0x3C, 0x4E,   -7, 0x04, 0xC2, 0x2D, 0x32, 0xE2, 0xEE, 0x4B
    .byte   0x4D, 0x22, 0xC4, 0xEF, 0x3D, 0x2E, 0x2D, 0x3F, 0xD5, 0xA5, 0xFC, 0x5C, 0x03, 0xC4, 0xD2, 0x1D
    .byte   0x3D, 0x20, 0x3D, 0x3D, 0xF2, 0xE2, 0x0E, 0x2E, 0xE4,   -5, 0x03, 0xEF, 0x2D, 0x4C, 0x3F, 0xD4
    .byte   0xC2, 0x3C, 0x4D, 0x2E, 0x3D, 0x04, 0xB5, 0xCE, 0x4C, 0x4D, 0xD5, 0xA6, 0xBF, 0x69, 0x6C, 0xE5
    .byte   0xA5, 0xEC, 0x6A, 0x5D, 0xD4, 0xC2, 0x3D, 0xF3, 0xC4, 0xEE,    0, 0x0E, 0x2F, 0xE3, 0xD3, 0xEE
    .byte   0x4B, 0x5B, 0x4F, 0xD4, 0xC2, 0x3D, 0x20, 0xD4, 0xC4, 0xFC, 0x4D, 0xF4, 0xB4, 0xDF, 0x4B, 0x5D
    .byte   0xF2, 0xEF, 0x3D, 0xF3, 0xC3, 0x2D, 0x30, 0xC4, 0xE1, 0x3D, 0xD4,  -16, 0x05, 0xDE, 0x3B, 0x5C
    .byte   0x34, 0xB4, 0xED, 0x4C, 0x4D, 0x1E, 0x03, 0xD3, 0xFD, 0x21, 0xD5, 0xB4, 0xEC, 0x5C, 0x32, 0xC4
    .byte   0xC3, 0x2C, 0x5B, 0x4D, 0xD5, 0xC2, 0x2D, 0x03, 0xD2, 0x3B, 0x5C, 0x33,  -15, 0x06, 0xA4, 0x3B
    .byte   0x5C, 0x31, 0xD3, 0xE3, 0xD2, 0xED, 0x4C, 0x32, 0xC5, 0xB4, 0x3B, 0x5C, 0x03, 0xC3, 0x2D, 0x30
    .byte   0xF1, 0xE1, 0x0F, 0x01, 0xD4, 0xD2, 0x2D, 0x3D, 0x12, 0x00, 0xFE, 0x11, 0x2E,    3, 0x0F, 0xD2
    .byte   0x12, 0xE3, 0xDF, 0x3C, 0x4E, 0xE2, 0xD3, 0xE2, 0x1E, 0x3D, 0x12, 0xD3, 0xEE, 0x02, 0xFF, 0x3E
    .byte   0xD4, 0xC2, 0x3C, 0x4D, 0x02, 0xE2, 0xFF, 0x2E, 0x10, 0xE2, 0xE0, 0x2E, 0x12, 0xE2,    0, 0x02
    .byte   0xE1, 0xE1, 0x12, 0xE2, 0xEE, 0x4B, 0x5C, 0x23, 0xB6, 0xA5, 0xEC, 0x5B, 0x41, 0xC5, 0xC2, 0x2C
    .byte   0x5B, 0x4D, 0xE4, 0xB5, 0xD1, 0x3B, 0x5C, 0x23, 0xC4, 0xC2, 0x4C, 0x4C, 0x3D, 0x32, 0xC4,  -13
    .byte   0x03, 0x3C, 0x5C, 0x10, 0xE3, 0xFF, 0x2D, 0xF2, 0xE3, 0xEF, 0x1E, 0x12, 0xF2, 0xFD, 0x20, 0x11
    .byte   0x1D, 0x3D, 0x30, 0x12, 0xC3, 0xE3, 0xE2, 0xDE, 0x3D, 0x4D, 0xF3, 0xC3, 0x2E, 0x2E, 0xD3, 0x2D
    .byte      4, 0x0F, 0xD3, 0xD4, 0xC3, 0x0C, 0x5C, 0x23, 0xC3, 0xFE, 0x3D, 0x3D, 0x13, 0xB6, 0xB0, 0x5A
    .byte   0x6B, 0x14, 0xB5, 0xC2, 0x11, 0x4B, 0x4C, 0x23, 0xE2, 0xD3, 0xC3, 0x4B, 0x6B, 0xD4, 0xB5, 0xD2
    .byte   0x2C,    7, 0x0B, 0x6C, 0xE4, 0xA5, 0xE1, 0x4B, 0x3F, 0xC6, 0xCE, 0x4A, 0x5D, 0xF5, 0xB3, 0xDF
    .byte   0x4D, 0x4C, 0xFF, 0xD4, 0xD3, 0x0D, 0xF3, 0xC5, 0xDD, 0x4B, 0x4F, 0x1F, 0xFF, 0xC5, 0xD0, 0x5A
    .byte   0x4E, 0xD5,    1, 0x0F, 0x3B, 0x41, 0xD5, 0xCE, 0x2D, 0x24, 0xC3, 0xDE, 0x22, 0x3C, 0x4C, 0xD5
    .byte   0xDE, 0x5A, 0x33, 0xD4, 0x1C, 0x22, 0xC5, 0xEF, 0xC3, 0xD2, 0x5A, 0x42, 0xA7, 0xB3, 0x59, 0x5D
    .byte   0x05, 0xC2, 0xEC,    6, 0x01, 0x01, 0xCD, 0x4E, 0x33, 0xB4, 0xDE, 0x4E, 0xE0, 0xD2, 0x23, 0x2C
    .byte   0x31, 0xB6, 0xDB, 0x6A, 0x26, 0xA4, 0x3B, 0x4E, 0xF4, 0xC2, 0xDE, 0x5C, 0x4E, 0xB5, 0xC1, 0x41
    .byte   0xCF, 0x3C, 0x44, 0xA5,   -2, 0x0C, 0x6C, 0xD3, 0xC3, 0x4D, 0x3C, 0x3E, 0xD6, 0xA4, 0xEA, 0x7D
    .byte   0xC5, 0xA2, 0x5D, 0x32, 0xB2, 0x13, 0x4C, 0xDE, 0xD5, 0x21, 0x1B, 0x23, 0x24, 0xCC, 0x2D, 0x52
    .byte   0xEE, 0xDD, 0x43, 0x10, 0xB2,   -8, 0x03, 0x4D, 0xED, 0xC5, 0x2E, 0x3B, 0xE4, 0x13, 0x1C, 0xD2
    .byte   0x25, 0xDD, 0xFC, 0x44, 0xC4, 0xBD, 0x4E, 0x43, 0xB1, 0xFE, 0x5D, 0xEF, 0xC3, 0x22, 0x3C, 0x11
    .byte   0xF4, 0xED, 0x1D, 0x23, 0xE0, 0x2D,   -2, 0x02, 0xE2, 0xEF, 0x2E, 0x2F, 0xE3, 0xEF, 0x2D, 0x22
    .byte   0xE1, 0x1E, 0x22, 0xEF, 0x0E, 0x13, 0xEE, 0x2E, 0x02, 0xE1, 0x1E, 0x02, 0x1F, 0x10, 0x10, 0x0E
    .byte   0xF2, 0xE0, 0x2E, 0x21, 0x01, 0x0E, 0x01,    0, 0x02, 0xEF, 0xF2, 0x12, 0xEE, 0xF0, 0x21, 0xFE
    .byte   0xF0, 0x21, 0x0E, 0xE1, 0x22, 0x0E, 0xE0, 0x22, 0x2E, 0xEE, 0x03, 0x10, 0xEE, 0xF2, 0x21, 0x0D
    .byte   0xF1, 0x22, 0x0E, 0xE0, 0x21, 0x2F, 0xEF, 0xF1,    5, 0x00, 0xE0, 0xE0, 0x21, 0x0F, 0xFE, 0x21
    .byte   0x01, 0xE1, 0xF1, 0x11, 0x0F, 0xE2, 0x10, 0x0F, 0xF0, 0x11, 0x10, 0x0F, 0x01, 0xF1, 0xFF, 0x0F
    .byte   0x01, 0xF0, 0x0F, 0x00, 0x01, 0xFF, 0x0F, 0x11, 0x11,   -3, 0x0F, 0x0F, 0x2F, 0xF0, 0xF0, 0x11
    .byte   0x2F, 0xFF, 0x12, 0x10, 0xF0, 0x21, 0x11, 0x10, 0x11, 0x11, 0xFF, 0xF0, 0x10, 0x0F, 0xE0, 0xE0
    .byte   0x0E, 0xFE, 0xE0, 0xFE, 0xEF, 0xEE, 0xFF, 0xEF, 0xFE, 0x0E,  -44, 0x01, 0x00, 0xFF, 0x23, 0x33
    .byte   0x22, 0x33, 0x43, 0x22, 0xF2, 0x33, 0x2E, 0xEE, 0x12, 0xFD, 0xDD, 0xD0, 0xEE, 0xDC, 0xE1, 0x2F
    .byte   0xEE, 0xF2, 0x22, 0x1E, 0xF1, 0x12, 0xEE, 0xDD, 0xF0, 0xED, 0xDD,  -67, 0x0F, 0xFD, 0xEF, 0x11
    .byte   0x44, 0x33, 0x24, 0x44, 0x33, 0x33, 0x24, 0x32, 0x0E, 0xF2, 0x1E, 0xCD, 0xCD, 0xDD, 0xEC, 0xCD
    .byte   0xFF, 0xFE, 0xFF, 0x23, 0x32, 0x21, 0x23, 0x31, 0x0E, 0x02, 0x0E, 0xED,   -4, 0x0D, 0x0E, 0xDD
    .byte   0xDD, 0xEE, 0xEE, 0xDD, 0x01, 0x22, 0x43, 0x33, 0x44, 0x43, 0x34, 0x23, 0x34, 0x30, 0xFF, 0x02
    .byte   0xED, 0xDC, 0xDC, 0xDD, 0xCC, 0xDD, 0xFF, 0xEE, 0x01, 0x32, 0x32, 0x12, 0x33,   10, 0x01, 0x21
    .byte   0x12, 0x1F, 0xFD, 0xEE, 0xED, 0xDD, 0xDD, 0xED, 0xEE, 0xDE, 0xE0, 0x33, 0x33, 0x33, 0x44, 0x33
    .byte   0x43, 0x23, 0x44, 0x11, 0x02, 0x1E, 0xED, 0xDC, 0xDD, 0xCD, 0xCC, 0xED, 0x0E, 0xEF,  -44, 0x02
    .byte   0x22, 0x31, 0x03, 0x23, 0x22, 0x11, 0x12, 0x0F, 0xFD, 0xED, 0xFE, 0xDD, 0xDE, 0xDE, 0xDE, 0xDF
    .byte   0x01, 0x34, 0x23, 0x33, 0x44, 0x34, 0x23, 0x33, 0x43, 0x20, 0xF2, 0x0E, 0xDD, 0xDC, 0xDD,   21
    .byte   0x0C, 0xDC, 0xEE, 0xEE, 0xFF, 0x11, 0x22, 0x22, 0x21, 0x32, 0x22, 0x02, 0xFF, 0x0F, 0xEE, 0xEE
    .byte   0xED, 0xDE, 0xDE, 0xED, 0xED, 0xEE, 0x12, 0x43, 0x33, 0x33, 0x44, 0x33, 0x23, 0x33, 0x42, 0x3E
    .byte     92, 0x01, 0xE0, 0xDD, 0xDC, 0xDD, 0xDC, 0xDD, 0xDF, 0xEF, 0xFF, 0xF1, 0x22, 0x21, 0x22, 0x22
    .byte   0x21, 0x11, 0x11, 0x0F, 0xEE, 0xEE, 0xDE, 0xED, 0xDD, 0xEE, 0xDE, 0xEE, 0x02, 0x34, 0x33, 0x33
    .byte   0x44,   25, 0x04, 0x22, 0x34, 0x33, 0x21, 0xF1, 0xEE, 0xED, 0xDC, 0xCD, 0xDD, 0xDD, 0xDE, 0xFE
    .byte   0x10, 0xF2, 0x21, 0x22, 0x22, 0x02, 0x11, 0x11, 0xFF, 0xEE, 0xEE, 0xEE, 0xED, 0xED, 0xED, 0xFD
    .byte   0xEE, 0xEE,  -85, 0x02, 0x44, 0x33, 0x43, 0x44, 0x33, 0x32, 0x23, 0x33, 0x22, 0xFE, 0xED, 0xED
    .byte   0xDC, 0xDD, 0xDD, 0xED, 0xEF, 0xE0, 0x11, 0x11, 0x10, 0x21, 0x12, 0x2F, 0xFF, 0x00, 0xFF, 0xEE
    .byte   0xEE, 0xEF, 0xEE,  -38, 0x0E, 0xEE, 0xEE, 0xD0, 0xDF, 0xE0, 0x33, 0x43, 0x43, 0x34, 0x43, 0x32
    .byte   0x22, 0x33, 0x23, 0x10, 0xEE, 0xEE, 0xDD, 0xDC, 0xDE, 0xDE, 0xFE, 0xEF, 0xFF, 0x1F, 0x00, 0x0F
    .byte   0x10, 0x20, 0x00, 0xE0,   -8, 0x00, 0xEF, 0xEE, 0xEE, 0x0E, 0xFE, 0xEE, 0xEE, 0xEE, 0xDE, 0xEE
    .byte   0x02, 0x34, 0x34, 0x43, 0x34, 0x34, 0x20, 0x32, 0x33, 0x31, 0x10, 0xEE, 0xED, 0xDD, 0xCE, 0xDD
    .byte   0xEE, 0xEF, 0xEF, 0xF0, 0xE0,   -9, 0x0F, 0xF0, 0x11, 0x11, 0x0F, 0xFF, 0x0F, 0xEE, 0xEE, 0xFE
    .byte   0xFE, 0xFE, 0xEE, 0xEE, 0xEE, 0xEE, 0xEE, 0x13, 0x34, 0x34, 0x33, 0x43, 0x42, 0x3F, 0x33, 0x33
    .byte   0x22, 0x1F, 0xEE, 0xED, 0xDD, 0xCE,   23, 0x0E, 0xEE, 0xEE, 0xFF, 0xE0, 0xE0, 0xEF, 0x01, 0x11
    .byte   0x10, 0xFF, 0xFF, 0xFF, 0xEE, 0xFE, 0xEE, 0xFE, 0xEF, 0xEE, 0xEE, 0xEE, 0xEE, 0xE1, 0x23, 0x43
    .byte   0x43, 0x34, 0x33, 0x41, 0x23, 0x14, 0x33,   94, 0x01, 0x1E, 0xEE, 0xDD, 0xDC, 0xED, 0xDF, 0xEE
    .byte   0xEE, 0x0E, 0xEF, 0xFE, 0xFF, 0xF2, 0x01, 0x10, 0xEF, 0xF1, 0xFF, 0xFE, 0xEE, 0xEF, 0xEF, 0xEE
    .byte   0xEE, 0xEE, 0xEE, 0xEE, 0xF1, 0x34, 0x34, 0x33,    4, 0x03, 0x34, 0x22, 0x23, 0x33, 0x32, 0x21
    .byte   0xEE, 0xEE, 0xDD, 0xCE, 0xDD, 0xFE, 0xEE, 0xEF, 0xEE, 0xE0, 0xE0, 0xF0, 0xF1, 0x1F, 0x0F, 0xE1
    .byte   0x00, 0x0F, 0xEE, 0xEE, 0xFE, 0xEE, 0xEF, 0xEE, 0xFE,  -67, 0x0E, 0xEE, 0x12, 0x43, 0x43, 0x34
    .byte   0x34, 0x23, 0x21, 0x33, 0x33, 0x32, 0x1F, 0xEE, 0xED, 0xDD, 0xDD, 0xED, 0xFE, 0xEE, 0xEE, 0xE0
    .byte   0xE0, 0xE0, 0x0F, 0x10, 0xF0, 0xEF, 0xFF, 0x0F, 0x0E, 0xEE,  -33, 0x0F, 0xEE, 0xEE, 0xE0, 0xEF
    .byte   0xFE, 0xEE, 0xEF, 0x23, 0x43, 0x33, 0x34, 0x33, 0x32, 0x23, 0x24, 0x23, 0x31, 0x0F, 0xFE, 0xDE
    .byte   0xDD, 0xDD, 0xEE, 0xDF, 0xFE, 0xEE, 0xEE, 0x0E, 0x00, 0xEF, 0x0F,  -13, 0x0F, 0xFF, 0xFF, 0x0F
    .byte   0x0E, 0xFE, 0xEE, 0xEE, 0xEF, 0xEF, 0xEE, 0xEE, 0xEF, 0xF0, 0x14, 0x33, 0x34, 0x33, 0x34, 0x22
    .byte   0x32, 0x33, 0x33, 0x21, 0x2E, 0xFD, 0xED, 0xED, 0xDE, 0xDE, 0xEE, 0xEF,    9, 0x0E, 0xEE, 0xFE
    .byte   0xFF, 0xE0, 0x0F, 0xF0, 0x00, 0xF1, 0x0F, 0xE1, 0xEE, 0xEE, 0xEE, 0xFE, 0xEF, 0xEE, 0xEE, 0xEF
    .byte   0xF1, 0x34, 0x23, 0x34, 0x33, 0x33, 0x23, 0x23, 0x33, 0x33, 0x21, 0x0F, 0xEE,   74, 0x0D, 0xDE
    .byte   0xED, 0xED, 0x0E, 0xEE, 0xEE, 0xEE, 0xEF, 0xEF, 0xFF, 0xFF, 0xF0, 0xFF, 0xFF, 0xF0, 0xEF, 0xFE
    .byte   0xEE, 0xEE, 0xFE, 0x0E, 0xFE, 0xEE, 0xEF, 0xF1, 0x43, 0x33, 0x34, 0x33, 0x32, 0x23,   43, 0x03
    .byte   0x33, 0x33, 0x12, 0xEE, 0xFD, 0xED, 0xDE, 0xED, 0xEE, 0xEE, 0xEE, 0xEE, 0xEE, 0xE0, 0xEF, 0xFF
    .byte   0x0E, 0x00, 0xF0, 0xFF, 0x0F, 0xEF, 0xE0, 0xEE, 0xFE, 0xFF, 0xFE, 0xFE, 0xEF, 0xEE, 0x02,  -56
    .byte   0x03, 0x33, 0x33, 0x33, 0x32, 0x23, 0x33, 0x33, 0x23, 0x21, 0xFE, 0xEE, 0xEE, 0xDE, 0xEE, 0xDE
    .byte   0xFE, 0xED, 0xEE, 0xEE, 0xFF, 0xEF, 0xEF, 0xF0, 0x0E, 0x00, 0xFF, 0xFF, 0x0E, 0x0E, 0xE0, 0xEE
    .byte    -46, 0x0F, 0xEF, 0xFE, 0xEE, 0xEE, 0x0F, 0x33, 0x33, 0x33, 0x32, 0x33, 0x13, 0x33, 0x33, 0x42
    .byte   0x32, 0x10, 0xEE, 0xFD, 0xEE, 0xEE, 0xDE, 0xEE, 0xDE, 0xEE, 0xDF, 0xEE, 0xEF, 0xEF, 0xEF, 0xF0
    .byte   0xE0,  -25, 0x0F, 0xFE, 0xFE, 0xFE, 0x0E, 0xFE, 0x0E, 0x00, 0xEF, 0xEE, 0xEE, 0x22, 0x33, 0x33
    .byte   0x33, 0x23, 0x31, 0x33, 0x33, 0x33, 0x42, 0x22, 0x0E, 0xEE, 0xEE, 0xEE, 0xDE, 0xEE, 0xED, 0x0D
    .byte   0xEE, 0xEE,   -1, 0x0E, 0xFE, 0xE0, 0xFE, 0xFE, 0x0F, 0x0E, 0xFF, 0xFE, 0xFE, 0xFE, 0x0E, 0xFF
    .byte   0x00, 0xEF, 0xEE, 0xEE, 0x22, 0x33, 0x33, 0x33, 0x32, 0x30, 0x33, 0x33, 0x33, 0x33, 0x22, 0xFE
    .byte   0xEE, 0xEE, 0xEE,   55, 0x0E, 0xED, 0xEE, 0xEE, 0xDE, 0xEE, 0xEF, 0xEE, 0x0E, 0x0E, 0x00, 0xE0
    .byte   0x0E, 0x0F, 0xE0, 0xFE, 0xFE, 0xE0, 0xE0, 0xF0, 0xEF, 0xEE, 0xEE, 0x22, 0x33, 0x33, 0x33, 0x23
    .byte   0x31, 0x33, 0x33, 0x33,   75, 0x03, 0x2F, 0x1F, 0xEE, 0xEE, 0xED, 0xEE, 0xED, 0xEE, 0xED, 0xEE
    .byte   0xEE, 0xEF, 0xEE, 0xF0, 0xE0, 0xE0, 0xF0, 0xF0, 0xEF, 0x0F, 0xEF, 0xEE, 0xFE, 0xF0, 0xE0, 0x0E
    .byte   0xEE, 0xEF, 0xF2, 0x33, 0x33,  -21, 0x03, 0x23, 0x31, 0x33, 0x33, 0x33, 0x33, 0x22, 0x0E, 0xEF
    .byte   0xDE, 0xEE, 0xEE, 0xDE, 0xED, 0xFD, 0xEE, 0xEE, 0xEE, 0xFF, 0xEF, 0xEF, 0xFF, 0xFF, 0xFF, 0x0F
    .byte   0xEF, 0xEE, 0x0E, 0xEF, 0xFF, 0xFF,  -53, 0x0E, 0xEE, 0xEE, 0xF3, 0x33, 0x33, 0x33, 0x23, 0x22
    .byte   0x33, 0x33, 0x33, 0x33, 0x22, 0xF0, 0xD0, 0xDE, 0xEE, 0xEF, 0xDE, 0xED, 0xFD, 0xEE, 0xEE, 0xEE
    .byte   0xFE, 0xFF, 0xEF, 0xEF, 0xFF, 0xF0, 0xFF,  -29, 0x0E, 0x0E, 0xE0, 0xEE, 0x0F, 0xFF, 0x1E, 0xEE
    .byte   0xEE, 0x12, 0x33, 0x33, 0x33, 0x23, 0x31, 0x33, 0x33, 0x33, 0x33, 0x20, 0x1E, 0xEE, 0xEE, 0xEE
    .byte   0xEE, 0xD0, 0xDE, 0xED, 0xEE, 0xEE, 0xEF, 0xEF,  -12, 0x0E, 0x0E, 0x0E, 0xF1, 0xF0, 0x00, 0xE0
    .byte   0xEF, 0xEE, 0xFF, 0xEF, 0xFF, 0xFE, 0xEE, 0xEF, 0x12, 0x33, 0x32, 0x33, 0x32, 0x32, 0x32, 0x34
    .byte   0x24, 0x13, 0x21, 0x1F, 0xEE, 0xEE, 0xEE, 0xEE, 0xDE,   35, 0x0E, 0xDE, 0xEE, 0xD0, 0xEF, 0xFE
    .byte   0xEF, 0xE0, 0xEF, 0x10, 0xF0, 0xF0, 0xEF, 0xEF, 0xEF, 0xE0, 0xEF, 0xFF, 0xFE, 0xEE, 0xEE, 0x12
    .byte   0x32, 0x42, 0x33, 0x32, 0x32, 0x32, 0x33, 0x33, 0x33, 0x3F,   88, 0x0E, 0xEF, 0xDE, 0xEE, 0xEE
    .byte   0xEE, 0xDE, 0xED, 0xEE, 0xEE, 0xEF, 0x0E, 0xFF, 0xEF, 0xEF, 0xFF, 0x00, 0x00, 0xE0, 0xEF, 0xEF
    .byte   0xE0, 0xE0, 0xF0, 0xEE, 0xFE, 0xDF, 0xF2, 0x32, 0x33, 0x33, 0x32,    3, 0x02, 0x23, 0x33, 0x33
    .byte   0x33, 0x31, 0x2F, 0xEE, 0xDF, 0xEE, 0xEE, 0xDF, 0xEE, 0xDE, 0xDE, 0xEE, 0xEF, 0x0E, 0xFE, 0xFE
    .byte   0x0E, 0xFF, 0xF1, 0x0F, 0x1F, 0xEF, 0xEE, 0xE0, 0x0F, 0xFF, 0xFE, 0xEE,  -62, 0x0E, 0xF0, 0x23
    .byte   0x33, 0x33, 0x23, 0x23, 0x13, 0x23, 0x33, 0x42, 0x32, 0x12, 0xEE, 0xEE, 0xDF, 0xEE, 0xEE, 0xEE
    .byte   0xDE, 0xED, 0xEE, 0xEF, 0xEF, 0xFF, 0xEF, 0xEF, 0xE0, 0x01, 0xF1, 0xFF, 0xFF,  -29, 0x0E, 0xFE
    .byte   0xE0, 0xFF, 0x0E, 0x0E, 0xEE, 0xEF, 0xF2, 0x32, 0x33, 0x33, 0x13, 0x23, 0x23, 0x33, 0x33, 0x33
    .byte   0x22, 0x1E, 0xEE, 0xEE, 0xEE, 0xEE, 0xEE, 0xED, 0xED, 0xEE, 0xEE, 0xEF, 0x0E, 0x0E,  -15, 0x0F
    .byte   0xEF, 0xF0, 0x00, 0x01, 0xFF, 0x0E, 0xEF, 0xEE, 0xFF, 0xFE, 0x0E, 0xEE, 0xEE, 0xF0, 0x23, 0x33
    .byte   0x32, 0x32, 0x32, 0x32, 0x33, 0x33, 0x33, 0x23, 0x10, 0xEE, 0xFD, 0xEE, 0xEE, 0xFE, 0xEE,   31
    .byte   0x0E, 0xDE, 0xDE, 0xEE, 0x0F, 0x1F, 0x0E, 0xFF, 0xEE, 0x10, 0xF1, 0x11, 0xFF, 0xFE, 0xFE, 0xEE
    .byte   0xFF, 0xFF, 0xEF, 0xEE, 0xEE, 0xF2, 0x22, 0x33, 0x33, 0x23, 0x23, 0x23, 0x23, 0x33, 0x33, 0x31
    .byte     83, 0x0F, 0xEE, 0xED, 0xEE, 0xEE, 0xEE, 0xFE, 0xEE, 0xDE, 0xDF, 0xEE, 0xFF, 0xF0, 0xF0, 0xEF
    .byte   0xEF, 0x00, 0xF1, 0x00, 0xF0, 0xFE, 0xEF, 0xEF, 0xE0, 0xF0, 0xEE, 0xEE, 0xFE, 0x12, 0x23, 0x32
    .byte   0x32,  -10, 0x02, 0x32, 0x32, 0x33, 0x33, 0x32, 0x32, 0xFF, 0xEE, 0xDE, 0xED, 0xFE, 0xEF, 0xEE
    .byte   0xEE, 0xDE, 0xEE, 0xEE, 0x00, 0x0F, 0xFF, 0xFE, 0xFF, 0xFF, 0xF0, 0x11, 0x0F, 0xE0, 0xEF, 0xEF
    .byte   0xF0, 0xE0,  -42, 0x0F, 0xEE, 0x0E, 0x02, 0x12, 0x32, 0x32, 0x32, 0x23, 0x23, 0x23, 0x23, 0x33
    .byte   0x22, 0x20, 0xEF, 0xEE, 0xED, 0xFE, 0xEE, 0xEE, 0xEE, 0xEE, 0xEE, 0xEE, 0x0E, 0x0E, 0x00, 0xE0
    .byte   0xFE, 0x0F, 0xF0,  -23, 0x00, 0xFF, 0xFF, 0x1F, 0xFF, 0x0F, 0xFF, 0x0E, 0x0E, 0xFF, 0xF0, 0x12
    .byte   0x21, 0x21, 0x22, 0x22, 0x22, 0x32, 0x33, 0x23, 0x32, 0x22, 0x10, 0xF0, 0xEE, 0x0E, 0xEE, 0xEE
    .byte   0xEE, 0xEE, 0xEE, 0xFE,    1, 0x0E, 0x0F, 0xEF, 0xEF, 0xFF, 0xFF, 0x00, 0x1F, 0x0F, 0x0F, 0xF0
    .byte   0xF0, 0x1F, 0x01, 0x1F, 0x01, 0xF0, 0xFF, 0xFF, 0x01, 0x11, 0x11, 0x21, 0x02, 0x02, 0x02, 0x12
    .byte   0x22, 0x22, 0x21, 0x22, 0x10,   34, 0x00, 0x00, 0xF0, 0xFF, 0x0F, 0x0E, 0xFF, 0xEF, 0xE0, 0xEE
    .byte   0x0E, 0xFE, 0x0E, 0xFF, 0x0E, 0xFF, 0xFF, 0xFF, 0xF0, 0x10, 0x11, 0x10, 0x20, 0x01, 0x11, 0x01
    .byte   0x10, 0x11, 0x1F, 0x00, 0x00, 0x0F,   -4, 0x0F, 0x00, 0x1F, 0x10, 0x00, 0x01, 0x01, 0x10, 0x11
    .byte   0x11, 0x11, 0x11, 0x10, 0x00, 0x10, 0x10, 0x00, 0x1F, 0x1F, 0x0F, 0x1F, 0x0F, 0x00, 0xE0, 0xF0
    .byte   0xF0, 0xF0, 0xF1, 0xF0, 0xFF, 0xF1, 0x0F,   -4, 0x00, 0x01, 0xF0, 0x00, 0xF0, 0x00, 0x10, 0x1F
    .byte   0x01, 0x00, 0x01, 0x00, 0x00, 0x01, 0x1F, 0x00, 0x01, 0x00, 0x00, 0x1F, 0x01, 0x0F, 0x01, 0x0F
    .byte   0x00, 0xF1, 0x01, 0xF0, 0xF1, 0x0F, 0x10, 0x00,    1, 0x00, 0xF0, 0x11, 0xF1, 0x11, 0x0F, 0x11
    .byte   0xF0, 0x01, 0xFF, 0x10, 0xFF, 0x1F, 0x00, 0x0F, 0xF0, 0x00, 0xFF, 0x00, 0x0F, 0x10, 0xF0, 0x01
    .byte   0xF0, 0x00, 0x01, 0x0F, 0x00, 0x01, 0x00, 0x10, 0xFF,   -2, 0x01, 0xF0, 0x1F, 0x10, 0xF1, 0x10
    .byte   0xF0, 0x10, 0x00, 0x00, 0x01, 0x00, 0x01, 0x00, 0x00, 0x1F, 0x01, 0x00, 0x00, 0x00, 0x00, 0x0F
    .byte   0x01, 0xF1, 0xFF, 0x01, 0xF0, 0x00, 0xF0, 0x00, 0xF0, 0x0F,   -1, 0x00, 0xF0, 0x00, 0x00, 0xF1
    .byte   0x00, 0xF1, 0x00, 0x00, 0x00, 0x00, 0x1F, 0x11, 0xF0, 0x01, 0x0F, 0x00, 0x00, 0x11, 0x01, 0x12
    .byte   0x22, 0x34, 0xCC, 0xD2, 0x43, 0x1C, 0xBC, 0x34, 0x52, 0xCC, 0xC1,  -17, 0x04, 0x4F, 0xCC, 0xC3
    .byte   0x43, 0x22, 0xCC, 0x13, 0x32, 0x2E, 0xEE, 0x02, 0x22, 0xF1, 0xFD, 0x02, 0x22, 0x0E, 0xE0, 0x11
    .byte   0x02, 0xFF, 0xFF, 0x02, 0x20, 0xFF, 0x11, 0x10, 0x11, 0x1F, 0xF0, 0x0F,    8, 0x0F, 0xE0, 0xE0
    .byte   0xE1, 0xFF, 0x0E, 0xFF, 0x00, 0x0F, 0xF0, 0xE0, 0x10, 0xE0, 0x1F, 0x11, 0x10, 0x21, 0x12, 0x12
    .byte   0x03, 0x22, 0x22, 0x22, 0x21, 0x21, 0x10, 0x11, 0x0E, 0xFF, 0xEE, 0xEE, 0xEE,   11, 0x0F, 0xEE
    .byte   0xEF, 0xF0, 0xEF, 0xFE, 0x0E, 0xFE, 0x0E, 0xFF, 0xEF, 0xFF, 0xEE, 0xEF, 0xEE, 0xF0, 0x22, 0x32
    .byte   0x23, 0x33, 0x33, 0x23, 0x42, 0x12, 0x33, 0xF0, 0xF2, 0xFD, 0xEE, 0xEC, 0xEE, 0xDD,   -6, 0x0F
    .byte   0xDE, 0xEF, 0x2F, 0xF0, 0x32, 0x22, 0x22, 0x22, 0x22, 0x11, 0x01, 0x0E, 0xEE, 0xEE, 0xDF, 0xDE
    .byte   0xDE, 0xEE, 0xED, 0xFE, 0xEF, 0xE0, 0xF2, 0x33, 0x11, 0x44, 0x21, 0x34, 0x40, 0xF3, 0x41,   60
    .byte   0x00, 0x31, 0xEE, 0xEF, 0xDD, 0xDE, 0xDD, 0xDE, 0xED, 0xEF, 0x10, 0xF2, 0x13, 0x11, 0x32, 0x22
    .byte   0x12, 0x12, 0xF0, 0x11, 0xEE, 0xFE, 0xED, 0xEE, 0xEE, 0xDF, 0xFE, 0xEE, 0xEE, 0xED, 0x10, 0xF0
    .byte    -57, 0x03, 0x21, 0x33, 0x40, 0x14, 0x33, 0x03, 0x33, 0x10, 0x32, 0xFE, 0xE0, 0xED, 0xDE, 0xED
    .byte   0xDE, 0xDE, 0xD1, 0xEE, 0xF0, 0x21, 0x02, 0x22, 0x12, 0x23, 0xE2, 0x21, 0x1F, 0x02, 0xFD, 0xE0
    .byte   0xFD,  -11, 0x0F, 0xEE, 0xDF, 0xFF, 0xDE, 0x0E, 0xEE, 0xE2, 0xF0, 0x32, 0x21, 0x33, 0x31, 0x14
    .byte   0x32, 0x23, 0x33, 0xF2, 0x32, 0xEE, 0xF0, 0xFC, 0xE1, 0xDD, 0xDE, 0xEE, 0xDD, 0x2F, 0xE1, 0x02
    .byte   0x2F, 0x13,   -3, 0x02, 0x21, 0x22, 0x01, 0x21, 0xE1, 0x0E, 0xEE, 0xEE, 0xEE, 0xEE, 0xEE, 0xEE
    .byte   0xEE, 0xEF, 0xEE, 0x0F, 0xF2, 0x32, 0xF3, 0x33, 0x01, 0x43, 0x22, 0x34, 0x20, 0x23, 0x10, 0xE1
    .byte   0xFE, 0xDE, 0xEE,   24, 0x0D, 0xEE, 0xED, 0xD1, 0x1D, 0x1F, 0x22, 0xE2, 0x22, 0x1F, 0x31, 0x21
    .byte   0xF3, 0x0F, 0x01, 0x1E, 0xEE, 0xFE, 0xDE, 0xEF, 0xEE, 0xD0, 0xEE, 0xEE, 0xE1, 0xE1, 0xE3, 0x3E
    .byte   0x23, 0x32, 0x03, 0x42,   12, 0x02, 0x43, 0x20, 0x33, 0xFF, 0xE2, 0xED, 0xED, 0x2D, 0xDD, 0x0E
    .byte   0xDE, 0xE1, 0xDE, 0x02, 0x1F, 0x12, 0x22, 0x02, 0x22, 0xF1, 0x22, 0x0F, 0x02, 0xEE, 0xEF, 0xFD
    .byte   0xEE, 0xEE, 0xE0, 0xED, 0x0E,  -42, 0x0E, 0xEF, 0xFF, 0xF2, 0x3F, 0x13, 0x33, 0xE2, 0x42, 0x22
    .byte   0x43, 0x21, 0x33, 0x0E, 0x01, 0x0D, 0xEE, 0xFE, 0xCF, 0xEE, 0xDD, 0x0F, 0xED, 0x12, 0xFF, 0x12
    .byte   0x12, 0x02, 0x21, 0x12, 0x11, 0x20,   14, 0x00, 0x0E, 0x0E, 0xEE, 0xEE, 0xEE, 0xFE, 0xED, 0xFF
    .byte   0xEE, 0xEF, 0x0E, 0xF2, 0x31, 0xE3, 0x33, 0xF0, 0x43, 0x02, 0x34, 0x20, 0x33, 0x2F, 0xE2, 0x1E
    .byte   0xDE, 0x0E, 0xDD, 0x0E, 0xDD, 0xE0, 0xFD,  -18, 0x01, 0x2E, 0xF2, 0x21, 0x10, 0x31, 0x02, 0x12
    .byte   0x11, 0x11, 0x0F, 0xEF, 0xEE, 0xEE, 0xEF, 0xEE, 0xEE, 0xEE, 0xEE, 0xE0, 0xE0, 0xFF, 0x13, 0x11
    .byte   0x23, 0x3E, 0x33, 0x32, 0x14, 0x33, 0x12, 0x32,   59, 0x0F, 0x01, 0xED, 0xE0, 0xED, 0xDF, 0xFD
    .byte   0xDE, 0x0E, 0xDF, 0x02, 0xEF, 0x22, 0x2E, 0x13, 0x2F, 0x12, 0x22, 0xF1, 0x11, 0xFE, 0xFF, 0xEE
    .byte   0xEE, 0xEE, 0xEE, 0xEE, 0xDF, 0xFE, 0xEE, 0x01, 0xE0,  -51, 0x03, 0x10, 0x33, 0x30, 0x14, 0x3F
    .byte   0x33, 0x32, 0x22, 0x32, 0xEE, 0x12, 0xDD, 0xE0, 0xFC, 0xEE, 0xFD, 0xD0, 0xEF, 0xEE, 0x12, 0xFF
    .byte   0x21, 0x20, 0x22, 0x12, 0x12, 0x20, 0x10, 0x2E, 0xFE, 0x0E,    1, 0x0E, 0xEF, 0xDF, 0xE0, 0xED
    .byte   0xEE, 0x1E, 0xD0, 0x00, 0xFE, 0x33, 0x10, 0x34, 0x2E, 0x25, 0x2F, 0x14, 0x40, 0xE3, 0x32, 0xDE
    .byte   0x22, 0xDC, 0xFF, 0xFC, 0xEE, 0xEE, 0xDE, 0x1E, 0xEF, 0x11, 0x11,  -12, 0x02, 0x21, 0x22, 0x21
    .byte   0x12, 0x20, 0x00, 0x1E, 0x1E, 0xEE, 0x0D, 0xEE, 0xEE, 0xEE, 0xEE, 0x0D, 0xFE, 0x0E, 0xFF, 0x01
    .byte   0x03, 0x31, 0x23, 0x33, 0x13, 0x33, 0x03, 0x33, 0x12, 0x22, 0x1E, 0xEF,   50, 0x0E, 0xDD, 0xED
    .byte   0xED, 0x0D, 0xEE, 0x1E, 0xE0, 0x21, 0x02, 0x22, 0x22, 0x22, 0x22, 0x02, 0x00, 0x1F, 0x1E, 0xEF
    .byte   0xEE, 0xED, 0xED, 0xFE, 0xEE, 0xEF, 0xFE, 0xFE, 0xEF, 0x1E, 0xE1, 0x21, 0x42,  -32, 0x03, 0x34
    .byte   0x1E, 0x34, 0x3F, 0x23, 0x23, 0x02, 0x0E, 0xE0, 0xED, 0xCE, 0xEE, 0xDD, 0xE0, 0xEE, 0xE2, 0x1E
    .byte   0x22, 0x21, 0x23, 0x3E, 0x12, 0x32, 0xEE, 0x30, 0xEE, 0xE2, 0xED, 0xEF, 0xED, 0xEE,  -21, 0x0E
    .byte   0xDF, 0xF0, 0xDF, 0x1E, 0xEE, 0x10, 0xEF, 0x22, 0x33, 0x12, 0x34, 0x22, 0x23, 0x33, 0x22, 0x22
    .byte   0x23, 0xFE, 0xEE, 0xFE, 0xDD, 0xDE, 0xED, 0xED, 0x10, 0x0E, 0x00, 0x22, 0x2F, 0x12, 0x3F,    7
    .byte   0x02, 0x21, 0xF2, 0x1E, 0x0F, 0x1E, 0xEF, 0xEF, 0xFE, 0xEF, 0xE0, 0xEE, 0x0E, 0xF0, 0xE0, 0xEE
    .byte   0x0F, 0x0E, 0x0F, 0x02, 0x12, 0x22, 0x22, 0x13, 0x22, 0x22, 0x22, 0x31, 0x22, 0x21, 0x2F, 0xFF
    .byte     38, 0x0E, 0xFE, 0xEF, 0xEE, 0x0D, 0x10, 0xE0, 0xE0, 0xFF, 0xF0, 0xFF, 0x10, 0x01, 0x00, 0x2F
    .byte   0x01, 0x11, 0x11, 0xF1, 0xF1, 0x00, 0xFF, 0xF0, 0xEF, 0xEF, 0xEE, 0x1E, 0xE1, 0xEE, 0x0E, 0xEF
    .byte   0x0E,  -42, 0x0E, 0x22, 0x00, 0x13, 0x12, 0x13, 0x30, 0x23, 0x32, 0x23, 0x22, 0x12, 0x2F, 0xFF
    .byte   0x0F, 0xEE, 0xFF, 0xDE, 0xE0, 0xDE, 0xEF, 0xEE, 0xFE, 0xFF, 0x01, 0x01, 0x00, 0x12, 0x10, 0x20
    .byte   0x12, 0x0F,    7, 0x0F, 0xF1, 0xEF, 0xFE, 0xEF, 0xEE, 0xEE, 0xEE, 0xEE, 0x0E, 0xFF, 0xFF, 0x22
    .byte   0x02, 0x23, 0x22, 0x23, 0x31, 0x23, 0x32, 0x22, 0x31, 0x01, 0xFF, 0xEF, 0xEE, 0xED, 0x0E, 0xED
    .byte   0xFE, 0xEE, 0xFF,  -11, 0x0F, 0x01, 0x1F, 0x20, 0x20, 0x21, 0x21, 0x12, 0x1F, 0x11, 0x0F, 0xF0
    .byte   0xEE, 0xEF, 0xEE, 0xEE, 0xEE, 0xEF, 0x0D, 0x0E, 0xEF, 0xFF, 0x00, 0x23, 0x01, 0x32, 0x31, 0x33
    .byte   0x22, 0x33, 0x22, 0x23,   54, 0x00, 0x00, 0x1E, 0xEE, 0xEE, 0xDE, 0xEE, 0xEE, 0xEF, 0xEE, 0xFF
    .byte   0x0E, 0x21, 0x12, 0x02, 0x12, 0x02, 0x20, 0x10, 0x10, 0xFF, 0xF0, 0xEE, 0xFE, 0xEE, 0xEE, 0xEE
    .byte   0xEE, 0x1E, 0xFE, 0xEF, 0xE0,  -49, 0x0F, 0x00, 0x23, 0x12, 0x32, 0x22, 0x33, 0x21, 0x33, 0x13
    .byte   0x22, 0x2F, 0x1F, 0x0E, 0xEE, 0xEE, 0xDE, 0xEE, 0xEE, 0xEF, 0xE0, 0xE0, 0x10, 0x2F, 0x22, 0x12
    .byte   0x12, 0x12, 0x10, 0x1F, 0x1F, 0xFF,   12, 0x0F, 0xEE, 0xFE, 0xEE, 0xEE, 0xEF, 0xEE, 0xFE, 0x0E
    .byte   0xFE, 0xFE, 0x0F, 0x00, 0x20, 0x32, 0x13, 0x23, 0x23, 0x30, 0x32, 0x32, 0x23, 0x02, 0xF0, 0x0E
    .byte   0xFD, 0xEE, 0xED, 0xEE, 0xEE, 0xE0, 0xEF,  -11, 0x01, 0x0F, 0x20, 0x21, 0x22, 0x02, 0x11, 0x20
    .byte   0x0F, 0x10, 0xFF, 0xE0, 0xEF, 0xFE, 0xEE, 0xEE, 0xFE, 0xEE, 0x0F, 0xEF, 0xEF, 0xEE, 0xF0, 0xE0
    .byte   0x02, 0x03, 0x22, 0x32, 0x23, 0x23, 0x23, 0x32,   38, 0x02, 0x32, 0xF1, 0xF0, 0xEF, 0xDE, 0xED
    .byte   0x0D, 0xE0, 0xDF, 0xEF, 0x0E, 0x1F, 0x01, 0x21, 0x22, 0x02, 0x02, 0x2F, 0x10, 0x00, 0xFF, 0xFF
    .byte   0xEF, 0xEE, 0xFE, 0xEE, 0xEE, 0xFE, 0xFE, 0x0F, 0xEF,  -39, 0x0E, 0xEF, 0x0E, 0x01, 0x10, 0x32
    .byte   0x23, 0x22, 0x32, 0x33, 0x13, 0x31, 0x32, 0x22, 0xE1, 0x0E, 0x0D, 0xFD, 0xFD, 0xEE, 0xEE, 0xDF
    .byte   0x0E, 0x00, 0x10, 0x12, 0x22, 0x12, 0x20, 0x20, 0x2F, 0xFF,   16, 0x00, 0x0E, 0x0E, 0xFE, 0xEE
    .byte   0xEE, 0xEE, 0xEE, 0xFF, 0xFF, 0xE0, 0xFE, 0xE0, 0xEF, 0xF0, 0x02, 0x03, 0x21, 0x32, 0x32, 0x33
    .byte   0x22, 0x33, 0x21, 0x32, 0x2E, 0xF1, 0xEE, 0xEE, 0xDE, 0xEE, 0xEE,    2, 0x0F, 0xEF, 0xE0, 0x10
    .byte   0x11, 0x22, 0x02, 0x21, 0x02, 0x01, 0x00, 0x1E, 0xFF, 0xFF, 0xEE, 0xFE, 0xEE, 0xEF, 0xEE, 0xE0
    .byte   0xFF, 0xF0, 0xEE, 0xFF, 0xFE, 0xE1, 0x00, 0x11, 0x32, 0x13, 0x30, 0x32,   12, 0x02, 0x13, 0x33
    .byte   0x12, 0x22, 0xFE, 0x1E, 0xED, 0xEF, 0xDE, 0xEE, 0xEE, 0xE0, 0xEF, 0xF1, 0x11, 0x02, 0x21, 0x22
    .byte   0x11, 0x02, 0x00, 0xFF, 0xFE, 0x0E, 0x0E, 0xEF, 0xEE, 0xEF, 0xFE, 0xEE, 0x00,  -30, 0x0F, 0x0F
    .byte   0xEF, 0xFF, 0xEE, 0x1F, 0x11, 0x13, 0x2F, 0x33, 0x22, 0x24, 0x21, 0x23, 0x31, 0x23, 0xFF, 0xE1
    .byte   0x1D, 0xEE, 0xEE, 0xDF, 0xFE, 0xDF, 0xFF, 0xE0, 0x2F, 0xF1, 0x22, 0x11, 0x12, 0xE2,   12, 0x01
    .byte   0x1E, 0x11, 0xE0, 0xF0, 0xEE, 0xE0, 0xEE, 0xFE, 0xFE, 0xE0, 0xFF, 0xEF, 0xFF, 0xEF, 0x00, 0xEF
    .byte   0x12, 0x12, 0x31, 0x22, 0x33, 0x13, 0x22, 0x31, 0x32, 0x12, 0x11, 0x0F, 0xEF, 0xEE, 0xDF,   21
    .byte   0x0D, 0xF0, 0xEE, 0xEF, 0xEF, 0x12, 0x3D, 0x33, 0xD2, 0x3F, 0xEE, 0x01, 0xFE, 0x02, 0xDE, 0x11
    .byte   0xFF, 0xEF, 0xED, 0x12, 0xED, 0xFE, 0xFE, 0x1F, 0xDE, 0x10, 0xD0, 0xFE, 0x22, 0x45, 0x51, 0x33
    .byte     38, 0x04, 0xE3, 0xFB, 0xD1, 0x3D, 0xDD, 0xDE, 0xD3, 0x3E, 0xD0, 0x43, 0x41, 0x20, 0xF0, 0x31
    .byte   0xCC, 0xDF, 0x0E, 0xEE, 0xE0, 0x23, 0x31, 0xE2, 0x33, 0x22, 0xEE, 0xEF, 0xFD, 0xCE, 0xDD, 0xED
    .byte   0xDE,  -51, 0x00, 0x10, 0xEE, 0x23, 0x1D, 0xDE, 0x32, 0x43, 0x44, 0x43, 0x32, 0x22, 0xEE, 0xEC
    .byte   0xD1, 0x0E, 0xEE, 0x12, 0x12, 0x20, 0x12, 0x32, 0xFF, 0x10, 0xEE, 0xED, 0xDD, 0x01, 0xFF, 0x12
    .byte   0x32, 0x23,   25, 0x0F, 0xF2, 0x1E, 0xD0, 0xEF, 0xEF, 0xED, 0xD0, 0xEE, 0xED, 0xF1, 0xFF, 0x1E
    .byte   0xEF, 0xE1, 0xED, 0xE0, 0x23, 0x34, 0x54, 0x43, 0x32, 0x3F, 0xDE, 0xCD, 0xEF, 0xEE, 0xEE, 0x22
    .byte   0x23, 0xFF, 0x23,   34, 0x01, 0x1E, 0x0E, 0xFE, 0xDD, 0xDE, 0x00, 0xF2, 0x22, 0x32, 0x22, 0x00
    .byte   0x11, 0xEE, 0xFE, 0xEF, 0xE0, 0xDD, 0xD1, 0xFE, 0xED, 0xE0, 0x22, 0xEF, 0xEE, 0xF1, 0xFD, 0xDE
    .byte   0x34, 0x34, 0x54, 0x23,   39, 0x04, 0x2D, 0xED, 0xDC, 0xF1, 0xDF, 0xD3, 0x21, 0x11, 0x31, 0x32
    .byte   0x21, 0xE1, 0xFF, 0xED, 0xDD, 0xEE, 0xE2, 0x01, 0x23, 0x31, 0x3F, 0x2F, 0xF1, 0xEE, 0xD0, 0xFE
    .byte   0xEE, 0xED, 0xEF, 0xFD, 0xDF,  -38, 0x02, 0xEF, 0x01, 0xFE, 0xFE, 0xDD, 0xE2, 0x33, 0x34, 0x55
    .byte   0x03, 0x33, 0x3C, 0x0D, 0xDD, 0xDF, 0xD1, 0xD2, 0x20, 0x20, 0x31, 0x32, 0xF3, 0xE2, 0xEF, 0xED
    .byte   0xED, 0xED, 0xF0, 0xF2, 0x23, 0x23,   24, 0x02, 0x0F, 0x00, 0x1D, 0xE0, 0xEE, 0xFF, 0xDD, 0xEF
    .byte   0xED, 0xEF, 0xF0, 0x0F, 0xFF, 0x0E, 0x0E, 0xDD, 0xE2, 0x33, 0x33, 0x64, 0x22, 0x35, 0xFD, 0xDF
    .byte   0xDC, 0xFD, 0xFD, 0xE2, 0x22, 0xD3, 0x13,   24, 0x02, 0x20, 0xF1, 0x20, 0xDD, 0xEE, 0xDE, 0xEE
    .byte   0x10, 0x32, 0x22, 0x23, 0x10, 0x02, 0x0E, 0xEE, 0xFE, 0xFD, 0xED, 0xEF, 0xDE, 0xD0, 0xF0, 0x2E
    .byte   0xFF, 0xF2, 0xDE, 0xDE, 0xF0, 0x31, 0x43, 0x55,   19, 0x03, 0x25, 0x2D, 0xDE, 0xED, 0xEE, 0xDE
    .byte   0xD3, 0x0F, 0xE1, 0x22, 0x32, 0x01, 0x22, 0x2F, 0xDE, 0xEE, 0xED, 0xEF, 0xE1, 0x22, 0x02, 0x23
    .byte   0x2E, 0x13, 0x1E, 0xFF, 0xFE, 0xEE, 0xED, 0xDF, 0xED,  -36, 0x0E, 0x10, 0xEE, 0x01, 0x1F, 0xEF
    .byte   0xFE, 0xEF, 0x24, 0x23, 0x45, 0x22, 0x34, 0x3D, 0xD2, 0xEE, 0xDE, 0xDF, 0xFF, 0x1E, 0xE1, 0x3F
    .byte   0x21, 0x12, 0x20, 0x3F, 0xEE, 0xFF, 0xED, 0xDF, 0x2E, 0xE2,   -2, 0x02, 0x22, 0x21, 0x20, 0x3E
    .byte   0xFF, 0xE0, 0xFE, 0xDD, 0xEE, 0x0C, 0xEE, 0xFF, 0xEE, 0xE2, 0x10, 0xEE, 0xD2, 0x2E, 0x23, 0x24
    .byte   0x53, 0x12, 0x45, 0xFD, 0xD3, 0xFD, 0xED, 0xFE, 0xFE, 0xEE, 0xE2,    4, 0x01, 0x1F, 0x23, 0x11
    .byte   0x22, 0x0F, 0xEF, 0xEE, 0xFE, 0xED, 0x22, 0xE1, 0x11, 0x21, 0x22, 0x01, 0x21, 0xFE, 0x10, 0xDD
    .byte   0xEF, 0xDD, 0xED, 0xEF, 0xEE, 0xF0, 0x1E, 0xEF, 0x11, 0x0E, 0x33, 0x33,   -3, 0x03, 0x22, 0x44
    .byte   0x1D, 0x03, 0xED, 0xEE, 0x2E, 0xDE, 0xEF, 0xE0, 0xFF, 0xFF, 0x32, 0x1F, 0x23, 0x2E, 0xE1, 0x1E
    .byte   0xE0, 0xEE, 0xEF, 0x2E, 0xFF, 0x22, 0xF0, 0x22, 0xFF, 0x02, 0x0E, 0xEE, 0xEE,   -9, 0x0D, 0xEE
    .byte   0xDE, 0x0D, 0xEF, 0xFE, 0xEF, 0x00, 0xF0, 0x33, 0x23, 0x53, 0x23, 0x44, 0xFE, 0x13, 0xFD, 0xEE
    .byte   0xFE, 0xEE, 0xDF, 0xEF, 0xEE, 0xF0, 0x31, 0xE2, 0x32, 0x2F, 0x02, 0x0F, 0xEF, 0xEE,   10, 0x00
    .byte   0x0D, 0xF0, 0x21, 0xE1, 0x12, 0x0F, 0x02, 0x2E, 0xFE, 0x1E, 0xED, 0xEE, 0xED, 0xED, 0x1E, 0xEE
    .byte   0xFF, 0xFE, 0xE2, 0x22, 0x32, 0x53, 0x23, 0x44, 0x2E, 0x23, 0x0E, 0xEE, 0x2D, 0xEE, 0xEF,   10
    .byte   0x0F, 0xEE, 0xE0, 0x2F, 0xF0, 0x32, 0x1F, 0x23, 0x0E, 0x02, 0x0E, 0xEF, 0x1E, 0xEE, 0x0F, 0xEE
    .byte   0x12, 0xF0, 0xF2, 0x2E, 0x00, 0x1E, 0xEE, 0xFE, 0xDE, 0xEE, 0xEE, 0xEF, 0xDE, 0xFE, 0x1F, 0x12
    .byte    -53, 0x03, 0x43, 0x04, 0x44, 0x2E, 0x34, 0x2D, 0xD3, 0x2F, 0xCE, 0x11, 0xDC, 0x0E, 0x0D, 0xFF
    .byte   0x01, 0x22, 0xE3, 0x22, 0x11, 0x22, 0x2E, 0xFF, 0xF0, 0xDF, 0xE0, 0xEE, 0xFE, 0x1F, 0x10, 0x11
    .byte   0x1F,   -3, 0x02, 0xFE, 0xEE, 0xFE, 0xDE, 0xEE, 0xFD, 0xEE, 0xEE, 0xE0, 0x12, 0x12, 0x44, 0x22
    .byte   0x44, 0x4E, 0x14, 0x4D, 0xE2, 0x31, 0xDD, 0x20, 0xDC, 0xEF, 0xDE, 0xD0, 0xFF, 0x01, 0x11, 0x22
    .byte   0x20, 0x22,   20, 0x00, 0xF1, 0x21, 0xEE, 0x0F, 0xFE, 0xEF, 0x0E, 0xFF, 0x00, 0xFE, 0x11, 0xEE
    .byte   0x0E, 0x0E, 0xEE, 0xFF, 0xEE, 0xEE, 0xEE, 0xED, 0x2F, 0x1F, 0x34, 0x02, 0x44, 0x32, 0x14, 0x4F
    .byte   0xE3, 0x33, 0xDD,   56, 0x02, 0xDD, 0xD2, 0xDD, 0xC1, 0x1D, 0xEE, 0x20, 0xF0, 0x22, 0x21, 0x22
    .byte   0x12, 0x2F, 0x1E, 0x20, 0xEE, 0x11, 0xEF, 0xE1, 0xFE, 0xE1, 0x1D, 0xFF, 0x0F, 0xD0, 0x01, 0xDF
    .byte   0xFE, 0xFD, 0x0E, 0xEE,  -60, 0x01, 0xF0, 0x24, 0x2E, 0x43, 0x4E, 0x24, 0x42, 0xD3, 0x42, 0xEE
    .byte   0x33, 0xDC, 0x11, 0xEC, 0xEE, 0xFD, 0xD0, 0xE1, 0xE1, 0x1F, 0x21, 0x21, 0x12, 0x22, 0xF2, 0xE2
    .byte   0x0F, 0x0F, 0x0E, 0xF0, 0xEF,    3, 0x00, 0xEF, 0xFE, 0xEF, 0xEF, 0xEE, 0xFF, 0xEE, 0xFE, 0xEF
    .byte   0xEE, 0xFE, 0x2F, 0xF3, 0x3F, 0x23, 0x42, 0x13, 0x43, 0xE2, 0x43, 0x1E, 0x23, 0xED, 0xF0, 0xED
    .byte   0xDF, 0xED, 0xDF, 0xFE, 0xEE, 0x2E,   -9, 0x0F, 0x22, 0xE2, 0x22, 0x11, 0x21, 0x10, 0x1F, 0x0F
    .byte   0xF1, 0xEF, 0x0E, 0xFE, 0xFF, 0xEE, 0xEF, 0xEE, 0xEF, 0x0E, 0xEE, 0x1E, 0xEE, 0xF0, 0xEF, 0x12
    .byte   0x32, 0xF3, 0x33, 0x20, 0x44, 0x1E, 0x34,   49, 0x00, 0xE4, 0x2E, 0xD1, 0x2D, 0xDD, 0x11, 0xCE
    .byte   0xEF, 0xED, 0x0E, 0x1E, 0x12, 0x01, 0xE3, 0x02, 0x10, 0x30, 0x10, 0x11, 0x01, 0xE1, 0xF1, 0xEE
    .byte   0xFF, 0xFD, 0xEF, 0xFE, 0xDF, 0xFF, 0xEE, 0xEE,  -44, 0x0E, 0xEE, 0x00, 0xF1, 0x23, 0x12, 0x33
    .byte   0x3F, 0x34, 0x3F, 0x14, 0x32, 0xE3, 0x3E, 0xEE, 0x3E, 0xDD, 0xE1, 0xDD, 0xDF, 0x0D, 0xEE, 0xF0
    .byte   0xE1, 0xF1, 0x02, 0xF2, 0x20, 0x21, 0x22, 0xE2, 0x01,   17, 0x0E, 0x2E, 0x1F, 0xEE, 0xE0, 0xEE
    .byte   0xEE, 0xEE, 0xEE, 0xFF, 0xEE, 0xEF, 0xEE, 0xFF, 0x00, 0x12, 0x30, 0x23, 0x33, 0xF3, 0x42, 0x21
    .byte   0x43, 0x1F, 0x24, 0xEE, 0xE2, 0x1C, 0xEE, 0x0E, 0xC0, 0xEE,    2, 0x0D, 0x0F, 0xFE, 0xF1, 0x10
    .byte   0x01, 0x22, 0x10, 0x31, 0x10, 0x12, 0x2E, 0x02, 0x1E, 0xE1, 0xFE, 0xEE, 0xEE, 0xD0, 0xEE, 0xEE
    .byte   0xFE, 0xEE, 0xFE, 0xFE, 0x0F, 0x01, 0x23, 0x11, 0x34, 0x2E, 0x34,   22, 0x0E, 0x04, 0x41, 0xD3
    .byte   0x40, 0xDE, 0x22, 0xDD, 0xE1, 0xEC, 0xD1, 0xEE, 0xDE, 0x1E, 0xEF, 0x11, 0x11, 0x12, 0x11, 0x22
    .byte   0x2F, 0x21, 0x20, 0x01, 0x2E, 0xF1, 0xFE, 0xEE, 0xFE, 0xDE, 0xFE, 0xEE,  -33, 0x0E, 0xFE, 0xEF
    .byte   0xEF, 0xEE, 0x11, 0x11, 0x32, 0xF3, 0x33, 0x2F, 0x44, 0x00, 0x34, 0x20, 0x23, 0x2E, 0xF1, 0xFF
    .byte   0xDE, 0xEE, 0xED, 0xED, 0xFE, 0xDF, 0xE0, 0xFE, 0x00, 0x2F, 0x11, 0x22, 0x01,    6, 0x02, 0xF1
    .byte   0x21, 0x1F, 0x11, 0x0E, 0xE1, 0xEE, 0xEE, 0xEE, 0xEE, 0xEE, 0xEE, 0xFE, 0xFE, 0xEF, 0xFE, 0x11
    .byte   0x02, 0x3F, 0x23, 0x32, 0x12, 0x43, 0xF3, 0x33, 0x20, 0x33, 0x00, 0xE2, 0x0D, 0xFE,   41, 0x0E
    .byte   0xDE, 0xEE, 0xD0, 0xDF, 0xEE, 0x0F, 0xF0, 0x11, 0x02, 0x12, 0x02, 0x11, 0x20, 0x20, 0x10, 0x1F
    .byte   0xF0, 0xFE, 0xEE, 0xFE, 0xED, 0x0E, 0xEE, 0xFF, 0xEE, 0xF0, 0xE0, 0xF1, 0x0E, 0x20, 0x31,  -36
    .byte   0x03, 0x13, 0x02, 0x32, 0x3F, 0x32, 0x32, 0x22, 0x22, 0xF0, 0x2E, 0xFE, 0xEF, 0xEE, 0xEE, 0xEE
    .byte   0xEE, 0xEE, 0xFE, 0xF0, 0xF0, 0x10, 0x01, 0x11, 0x00, 0x20, 0x01, 0x10, 0x1F, 0x0F, 0x00, 0xEF
    .byte     -2, 0x0F, 0xEF, 0x00, 0xE0, 0xFF, 0xF0, 0x0F, 0xF1, 0xF0, 0xF0, 0x00, 0xF0, 0x10, 0x00, 0xF1
    .byte   0x11, 0x01, 0x02, 0x10, 0x21, 0x21, 0x21, 0x21, 0x12, 0x12, 0x11, 0x11, 0x0F, 0x10, 0xF0, 0xF0
    .byte   0xF0,   19, 0x00, 0xFF, 0xF0, 0xFE, 0x0F, 0xF0, 0xEF, 0xFF, 0xFF, 0x0E, 0x0F, 0xFF, 0xF0, 0xF0
    .byte   0x00, 0xF1, 0xF0, 0x00, 0x10, 0xF1, 0xF0, 0x11, 0xF1, 0xF0, 0x0F, 0x1F, 0x00, 0x00, 0x00, 0xF0
    .byte   0x0F, 0x1F,  -11, 0x00, 0x00, 0x01, 0x11, 0x10, 0x21, 0x10, 0x21, 0x11, 0x21, 0x10, 0x20, 0x11
    .byte   0x11, 0x11, 0x00, 0x0F, 0x0F, 0xFF, 0xFF, 0xF0, 0xEF, 0xF0, 0xEF, 0x0E, 0x00, 0xE0, 0xFF, 0xFF
    .byte   0xF0, 0xFF, 0xF0,  -12, 0x00, 0x1F, 0x00, 0x00, 0x10, 0x11, 0x01, 0x10, 0x01, 0x1F, 0x11, 0x00
    .byte   0x00, 0x1F, 0x00, 0x00, 0x01, 0xF0, 0x1F, 0x10, 0x1F, 0x10, 0x01, 0x10, 0x11, 0x01, 0x10, 0x11
    .byte   0x11, 0x01, 0xF1, 0x10,   10, 0x00, 0x1F, 0x00, 0x00, 0x0F, 0xF0, 0x0F, 0xFF, 0xFF, 0xF0, 0xFF
    .byte   0xFF, 0x0F, 0xF0, 0xFF, 0x00, 0x00, 0xF1, 0x0F, 0x10, 0x01, 0x01, 0xF1, 0x10, 0x01, 0x00, 0x00
    .byte   0x10, 0x10, 0xF1, 0x01, 0xF0,    1, 0x00, 0xF0, 0x00, 0x00, 0x1F, 0x00, 0x00, 0x00, 0x1F, 0x01
    .byte   0x00, 0x1F, 0x00, 0x10, 0x00, 0x00, 0x00, 0xF1, 0x0F, 0x01, 0x00, 0xF1, 0xF1, 0xF1, 0xF0, 0x01
    .byte   0xF0, 0xF1, 0xF0, 0x00, 0x00, 0x0F,   -1, 0x00, 0x0F, 0x10, 0x0F, 0x00, 0x00, 0x10, 0xF1, 0x00
    .byte   0x10, 0xF0, 0xF1, 0x1F, 0x10, 0x01, 0x0F, 0x10, 0x00, 0x00, 0x1F, 0x01, 0x0F, 0x00, 0x00, 0x00
    .byte   0x00, 0x00, 0xF0, 0x00, 0x00, 0x1F, 0x00,    0, 0x01, 0x00, 0x00, 0x00, 0x00, 0x00, 0x00, 0x00
    .byte   0x00, 0xFF, 0x10, 0x00, 0xF0, 0x00, 0xF1, 0xF0, 0x00, 0x00, 0x00, 0xFF, 0x1F, 0x10, 0x1F, 0x00
    .byte   0x00, 0x11, 0xF0, 0xFF, 0x10, 0x1F, 0x1F, 0x10,    0, 0x01, 0x02, 0x22, 0x23, 0x3A, 0xB4, 0xE0
    .byte   0x5D, 0xE4, 0xF2, 0x1D, 0xD4, 0x3A, 0xC0, 0x5D, 0xF5, 0x2C, 0x42, 0xCD, 0xEE, 0xD3, 0x3B, 0x65
    .byte   0x96, 0x1B, 0x3D, 0x2C, 0x02, 0x02, 0x3C, 0x05, 0xCE,    3, 0x0B, 0x43, 0xB6, 0xBF, 0x5C, 0x4E
    .byte   0xDF, 0x3D, 0xE4, 0xC3, 0xE3, 0x1C, 0x00, 0xF3, 0xEC, 0x5C, 0x15, 0xA5, 0x1B, 0x53, 0xB4, 0x2D
    .byte   0x3D, 0x22, 0xD1, 0x4C, 0xD4, 0xFC, 0x4E, 0xC4, 0x1C, 0x41,   -6, 0x03, 0x1D, 0x21, 0xD3, 0x3E
    .byte   0xD3, 0xEF, 0x4C, 0xD4, 0xE1, 0xE2, 0x0C, 0x33, 0x01, 0xDD, 0x24, 0x2C, 0xE3, 0xE1, 0x32, 0xB2
    .byte   0x3F, 0x32, 0xCD, 0x43, 0xD2, 0x0C, 0xF4, 0x3D, 0xDE, 0x03, 0x4C,   -9, 0x03, 0x1E, 0x23, 0xEC
    .byte   0x03, 0x3F, 0xDE, 0xE3, 0x3E, 0xD1, 0x0F, 0x32, 0xDE, 0xE3, 0x2E, 0xFE, 0xE3, 0x2E, 0xE1, 0xE1
    .byte   0x30, 0xDF, 0x3E, 0xE3, 0xEE, 0x12, 0x0F, 0x1F, 0x02, 0x1D, 0x22, 0x0F,    2, 0x0E, 0xF1, 0x22
    .byte   0xEE, 0xF0, 0x31, 0xFD, 0x12, 0x20, 0x1E, 0xD2, 0x22, 0x0E, 0xEE, 0x32, 0xFE, 0xFE, 0x02, 0x2E
    .byte   0xEF, 0x02, 0x20, 0xE0, 0x00, 0x11, 0xEE, 0xF2, 0x11, 0x1E, 0xE2, 0x2E, 0xFF,   -6, 0x0F, 0x12
    .byte   0x1F, 0xEF, 0x22, 0x0E, 0xF2, 0x10, 0x20, 0x0F, 0x02, 0x2F, 0xFF, 0x02, 0x00, 0xF0, 0x00, 0x10
    .byte   0xFE, 0x0F, 0x0E, 0xFF, 0x0E, 0x01, 0x00, 0xE0, 0x10, 0x0E, 0xF0, 0x00, 0x0F, 0x0F,  -13, 0x01
    .byte   0x0F, 0xFF, 0xF0, 0xF0, 0x10, 0x10, 0xE2, 0x10, 0xEF, 0x22, 0x21, 0x12, 0x02, 0x21, 0x20, 0x11
    .byte   0x22, 0x10, 0x00, 0x20, 0x0F, 0xEF, 0xF0, 0x1E, 0xEF, 0x1F, 0x1E, 0xEE, 0x11, 0x00, 0x0F,    0
    .byte   0x01, 0x1F, 0xFF, 0xF0, 0xF0, 0xFF, 0x01, 0x0F, 0xF0, 0xFF, 0x0F, 0x00, 0xFF, 0x11, 0xF0, 0xF0
    .byte   0xF0, 0x00, 0x0F, 0x10, 0x10, 0x00, 0x11, 0x00, 0x11, 0x01, 0x11, 0x11, 0x10, 0x02, 0x01, 0x11
    .byte      7, 0x01, 0x01, 0x02, 0x0F, 0x10, 0x00, 0x10, 0xF0, 0xFF, 0x0F, 0xFF, 0xFF, 0xFF, 0xF0, 0xFF
    .byte   0x0F, 0xFF, 0xF0, 0x0F, 0xF1, 0xF0, 0x10, 0xF1, 0x00, 0x10, 0x10, 0x11, 0x00, 0x01, 0x00, 0x10
    .byte   0xF1,    0, 0x01, 0x1F, 0xF0, 0xFF, 0x1F, 0xF0, 0x0F, 0x0F, 0x10, 0xF0, 0x00, 0x00, 0xF1, 0x10
    .byte   0xF1, 0x01, 0x1F, 0x11, 0x01, 0x00, 0x01, 0x01, 0x1F, 0x01, 0x00, 0xF0, 0x00, 0x00, 0xF1, 0xF0
    .byte   0xFF, 0x10,   -1, 0x00, 0x01, 0xF0, 0x01, 0x00, 0x00, 0x00, 0x10, 0x0F, 0x1F, 0x10, 0x1F, 0x1F
    .byte   0x1F, 0x01, 0x00, 0x00, 0xF0, 0x00, 0x00, 0x00, 0x0F, 0x1F, 0x00, 0x00, 0x00, 0x00, 0xF0, 0x10
    .byte   0x0F, 0x10, 0x00,    0, 0x01, 0xF0, 0x01, 0x00, 0x00, 0x00, 0x00, 0x00, 0xF1, 0xF1, 0x0F, 0x00
    .byte   0x1F, 0x00, 0x1F, 0x00, 0x0F, 0x1F, 0x01, 0xF1, 0xF1, 0xF0, 0x00, 0xF1, 0x1F, 0x00, 0x1F, 0x1F
    .byte   0x00, 0x10, 0x00, 0x00,   -1, 0x01, 0xF0, 0x10, 0xF0, 0x01, 0xF1, 0x0F, 0x10, 0x00, 0xF1, 0x00
    .byte   0x00, 0x0F, 0x10, 0x00, 0xF0, 0x10, 0x01, 0x0F, 0x01, 0xF1, 0xF0, 0x1F, 0x00, 0x01, 0x00, 0x00
    .byte   0x00, 0xF1, 0x00, 0x0F, 0x00,    1, 0x0F, 0x1F, 0x01, 0xF0, 0x00, 0x00, 0x00, 0x00, 0x0F, 0x00
    .byte   0x10, 0xF0, 0x10, 0x00, 0x00, 0x00, 0x0F, 0x1F, 0x1F, 0x00, 0x00, 0x1F, 0x1F, 0x1F, 0x10, 0x0F
    .byte   0x01, 0xF1, 0x00, 0x1F, 0xF1, 0x00,    0, 0x0F, 0x1F, 0x10, 0x00, 0x1F, 0x1F, 0x1F, 0x10, 0x0F
    .byte   0x10, 0xF0, 0x1F, 0x00, 0x01, 0x0F, 0x1F, 0x00, 0x00, 0x00, 0x00, 0x00, 0x00, 0x00, 0x00, 0xF0
    .byte   0x01, 0x00, 0x0F, 0x10, 0x00, 0x00, 0xF0,    0, 0x00, 0xF0, 0x00, 0x10, 0xF1, 0x00, 0x1F, 0x00
    .byte   0x00, 0x00, 0x00, 0x00, 0x00, 0xF1, 0x00, 0x0F, 0x10, 0x00, 0x10, 0xF0, 0x00, 0x00, 0x00, 0x00
    .byte   0x1F, 0xF1, 0x1F, 0x10, 0xF0, 0x00, 0xF1, 0x00,    0, 0x00, 0x00, 0x00, 0x00, 0x10, 0xF0, 0x00
    .byte   0x00, 0x01, 0xF0, 0x0F, 0x01, 0x00, 0x0F, 0x10, 0xF1, 0x00, 0x00, 0x00, 0xF1, 0x00, 0x00, 0x00
    .byte   0x01, 0xF0, 0xF1, 0xF1, 0x00, 0x00, 0x0F, 0x10, 0x00,    0, 0x00, 0x00, 0x00, 0x1F, 0x01, 0xF1
    .byte   0xF0, 0x00, 0xF1, 0x01, 0xFF, 0x10, 0x00, 0x00, 0xF1, 0x00, 0xF1, 0x1F, 0x00, 0x00, 0x1F, 0x00
    .byte   0x0F, 0x01, 0x10, 0xF0, 0x01, 0xFF, 0x1F, 0x10, 0xF1, 0x00,    0, 0x00, 0x1F, 0xF1, 0x00, 0x00
    .byte   0x0F, 0x10, 0x1F, 0x00, 0x00, 0x00, 0xF1, 0x00, 0x0F, 0x10, 0x1F, 0x00, 0x01, 0xF0, 0x1F, 0x00
    .byte   0x0F, 0x11, 0xFF, 0x10, 0x00, 0x00, 0x00, 0x00, 0x1F, 0x1F, 0xF1,   -1, 0x01, 0x00, 0x00, 0x00
    .byte   0x1F, 0x00, 0x00, 0x00, 0x0F, 0x11, 0xF1, 0xF0, 0xF1, 0x01, 0xF1, 0x0F, 0x00, 0x00, 0x1F, 0x00
    .byte   0xF1, 0x01, 0xF1, 0xF1, 0xF0, 0x00, 0x0F, 0x10, 0x00, 0x0F, 0x01, 0x00,    0, 0x00, 0x00, 0x00
    .byte   0x00, 0x0F, 0x10, 0x00, 0x00, 0x00, 0x1F, 0x00, 0x01, 0xF0, 0x0F, 0x10, 0xF1, 0x01, 0xF0, 0x00
    .byte   0x1F, 0x1F, 0x00, 0x00, 0x00, 0x00, 0x00, 0x00, 0x00, 0x0F, 0x10, 0x00, 0x0F,    0, 0x01, 0xFF
    .byte   0x10, 0xF1, 0x00, 0x10, 0xFF, 0x01, 0x1F, 0x1F, 0x00, 0xF1, 0x00, 0x00, 0x00, 0x01, 0xFF, 0x10
    .byte   0x00, 0x00, 0x1F, 0xF1, 0x00, 0x00, 0xF1, 0x00, 0x0F, 0x10, 0xF1, 0x1F, 0x00, 0x00,    0, 0x00
    .byte   0x00, 0x1F, 0x00, 0x0F, 0x1F, 0x10, 0x00, 0x1F, 0x00, 0x01, 0xF0, 0x01, 0xF0, 0x00, 0xF0, 0x11
    .byte   0xF0, 0x1F, 0xF0, 0x10, 0x00, 0xF1, 0x1F, 0x00, 0x00, 0x00, 0x00, 0x00, 0x00, 0x01, 0xF0,    0
    .byte   0x00, 0x00, 0x00, 0x00, 0x00, 0x00, 0x1F, 0x00, 0x1F, 0xF1, 0x01, 0xFF, 0x10, 0x1F, 0x10, 0x10
    .byte   0x01, 0x1F, 0x0F, 0x00, 0xE3, 0x0C, 0xC3, 0x53, 0x2F, 0xFF, 0x24, 0x3C, 0xBA, 0xD2, 0x30, 0xDD
    .byte    -37, 0x02, 0x34, 0x4F, 0xDE, 0xF3, 0x31, 0x1E, 0xEE, 0xF2, 0x1E, 0xDD, 0xF2, 0x32, 0xFE, 0x01
    .byte   0x23, 0x22, 0xFD, 0xE2, 0x21, 0xEE, 0xEF, 0xF2, 0x20, 0xFE, 0xF2, 0x21, 0xFE, 0xEF, 0x21, 0x0E
    .byte   0xFE,   -8, 0x02, 0x11, 0xFE, 0xE0, 0x11, 0x00, 0xFE, 0x12, 0x1F, 0x0E, 0xF2, 0x11, 0x0F, 0xF1
    .byte   0x22, 0x20, 0x12, 0x23, 0x22, 0x10, 0x20, 0x21, 0xFE, 0xEE, 0xFF, 0xFE, 0xE0, 0xE0, 0xF0, 0xEE
    .byte   0xEF, 0x0F,   -6, 0x0E, 0xDF, 0x0E, 0xEE, 0xDF, 0xE1, 0x01, 0xFE, 0xF1, 0x11, 0x11, 0x14, 0x45
    .byte   0x43, 0x32, 0x02, 0x1F, 0xDC, 0xCD, 0xE0, 0x1E, 0xFE, 0x22, 0x24, 0xF1, 0xF2, 0x21, 0x2E, 0xFD
    .byte   0xDE, 0xF2, 0xDE,   -8, 0x00, 0xF2, 0x32, 0x1E, 0xF2, 0x21, 0xE1, 0xEE, 0xF1, 0x2E, 0xDD, 0xFF
    .byte   0xFD, 0xEE, 0xDE, 0xE2, 0x0E, 0xEF, 0x0F, 0x12, 0x43, 0x44, 0x44, 0x13, 0x2F, 0xFD, 0xED, 0xCC
    .byte   0x02, 0x21, 0xE2, 0x22,   19, 0x03, 0x22, 0x0E, 0x0F, 0x1D, 0xDD, 0xEE, 0xE2, 0x02, 0xF1, 0x23
    .byte   0x30, 0xFE, 0xE0, 0xE1, 0xEE, 0xEE, 0x11, 0x2E, 0xEE, 0xE0, 0xE1, 0xDE, 0xEE, 0xE1, 0x0E, 0xEE
    .byte   0xE0, 0xE2, 0x33, 0x44, 0x54,   45, 0x0F, 0x21, 0xFE, 0xDD, 0xCC, 0xEF, 0x32, 0x1F, 0x33, 0x23
    .byte   0x22, 0xEE, 0xEF, 0xDE, 0xDC, 0x0E, 0x22, 0x21, 0x23, 0x33, 0x00, 0xEE, 0xED, 0xED, 0xFE, 0x11
    .byte   0x22, 0xF0, 0xFF, 0xDD, 0xFE, 0xEE,  -40, 0x0E, 0xFF, 0x01, 0xDD, 0xD1, 0x34, 0x33, 0x55, 0x43
    .byte   0x31, 0x1D, 0xCF, 0xCD, 0xBF, 0x23, 0x3E, 0x33, 0x33, 0xE3, 0xEF, 0xDD, 0x0D, 0xFC, 0x0F, 0x02
    .byte   0x13, 0x23, 0x23, 0x2F, 0xED, 0x0D, 0xED,   -5, 0x0E, 0xE2, 0x13, 0x1F, 0xEF, 0x2D, 0xED, 0xED
    .byte   0xD0, 0xF1, 0xED, 0x2F, 0x2E, 0xD3, 0x33, 0x45, 0x54, 0x2F, 0x01, 0xDD, 0xDD, 0xBD, 0xE4, 0x32
    .byte   0x23, 0x42, 0x22, 0x0D, 0xDD, 0xEE, 0xDD, 0xDF,  -12, 0x02, 0x32, 0x32, 0x24, 0x11, 0xDD, 0xDD
    .byte   0xED, 0x1D, 0x12, 0x32, 0x21, 0xF1, 0xD0, 0xDD, 0xDD, 0xEE, 0x0F, 0x00, 0xE0, 0xE3, 0xEF, 0x23
    .byte   0x44, 0x64, 0x30, 0xD2, 0xED, 0xDC, 0xCC, 0x20, 0x43,   10, 0x03, 0x34, 0x12, 0xDE, 0xEC, 0x0D
    .byte   0xDD, 0xD2, 0x23, 0x32, 0x22, 0x42, 0x2E, 0xDD, 0xDD, 0xDE, 0xDF, 0x23, 0x22, 0x21, 0x1E, 0xED
    .byte   0xDD, 0xD0, 0xDF, 0xE2, 0x2F, 0xEE, 0x11, 0xE3, 0x34, 0x35,   41, 0x03, 0x2D, 0xFF, 0xED, 0xCD
    .byte   0xCD, 0x14, 0x4F, 0x23, 0x42, 0x10, 0xDD, 0xDD, 0xED, 0xDD, 0x13, 0x32, 0x32, 0x32, 0x31, 0xED
    .byte   0xDE, 0xDD, 0xED, 0x12, 0x23, 0x3F, 0xE2, 0xEE, 0xDC, 0xED, 0xEF,  -45, 0x0E, 0xE2, 0x2F, 0xEE
    .byte   0x2F, 0x23, 0x33, 0x65, 0x32, 0xED, 0x0E, 0xDD, 0xCC, 0xD1, 0x44, 0x21, 0x34, 0x30, 0xDE, 0xDD
    .byte   0xDE, 0xDD, 0xE0, 0x33, 0x23, 0x32, 0x22, 0x21, 0xCC, 0xED, 0xED, 0xE0,  -16, 0x03, 0x23, 0x2E
    .byte   0xEE, 0xED, 0xDC, 0xE0, 0xE0, 0xFE, 0xF0, 0x31, 0xED, 0x33, 0x34, 0x36, 0x41, 0xFE, 0x0D, 0xED
    .byte   0xDC, 0xC2, 0x34, 0x31, 0x24, 0x3E, 0x1D, 0xEC, 0xEE, 0xED, 0xDE, 0x33, 0x33,   23, 0x02, 0x31
    .byte   0x2E, 0xDD, 0xCE, 0xDE, 0xE1, 0x13, 0x23, 0x2F, 0xED, 0xED, 0xED, 0xDE, 0xDF, 0xF2, 0x2F, 0xFE
    .byte   0x02, 0xE2, 0x43, 0x45, 0x53, 0x1D, 0xEE, 0xDE, 0xDC, 0xC1, 0x33, 0x40, 0x33, 0x32,   44, 0x0F
    .byte   0xCE, 0xDD, 0xFD, 0xDE, 0x24, 0x32, 0x23, 0x23, 0x0E, 0xEC, 0xCD, 0xEE, 0xFF, 0x13, 0x32, 0x2F
    .byte   0xEE, 0xED, 0xDD, 0xDD, 0x0E, 0x22, 0x0E, 0x0F, 0x10, 0xE3, 0x33, 0x35, 0x63, 0x1D, 0x0E,   34
    .byte   0x0D, 0xDC, 0xCE, 0x34, 0x4E, 0x14, 0x41, 0xFD, 0xDD, 0xDD, 0xFD, 0xDE, 0x14, 0x32, 0x33, 0x03
    .byte   0x2E, 0xDD, 0xCD, 0xFD, 0xEF, 0x03, 0x32, 0x22, 0xEE, 0xED, 0xDC, 0xDF, 0x0E, 0x0E, 0x12, 0x22
    .byte    -46, 0x0D, 0xE3, 0x34, 0x34, 0x63, 0x20, 0xFE, 0xDD, 0xDD, 0xCD, 0x04, 0x4F, 0x33, 0x40, 0xEF
    .byte   0xDD, 0xDD, 0xFD, 0xDD, 0x33, 0x32, 0x33, 0x22, 0x12, 0xDD, 0xCD, 0xFD, 0xD2, 0x12, 0x33, 0x02
    .byte   0xED,   -6, 0x0D, 0xDD, 0xDF, 0xEE, 0xF0, 0x11, 0x12, 0xEF, 0xE0, 0x34, 0x34, 0x64, 0x0F, 0xE1
    .byte   0xDD, 0xDD, 0xCD, 0x23, 0x43, 0x23, 0x33, 0xEE, 0xDD, 0xDD, 0xED, 0xED, 0x23, 0x33, 0x32, 0x32
    .byte   0x11, 0xDD,   11, 0x0D, 0xDE, 0xFE, 0x02, 0x33, 0x11, 0xEE, 0xD0, 0xDD, 0xDD, 0xE0, 0x11, 0x0E
    .byte   0x12, 0x1E, 0xDF, 0x43, 0x33, 0x65, 0x11, 0xE1, 0xED, 0xDD, 0xCD, 0xF3, 0x43, 0xF2, 0x43, 0x1E
    .byte   0xEC, 0xED, 0xEE,  -10, 0x0E, 0x12, 0x33, 0x32, 0x22, 0x31, 0xED, 0xCD, 0xEE, 0xDF, 0xF0, 0x33
    .byte   0x21, 0xFE, 0xEE, 0xDD, 0xDD, 0xEF, 0xF0, 0x2F, 0xFF, 0x0F, 0xF0, 0x22, 0x34, 0x56, 0x2F, 0xEE
    .byte   0x2E, 0xDD, 0xCC, 0xE3,    7, 0x03, 0x21, 0x34, 0x21, 0xEC, 0xDE, 0xDE, 0xDD, 0xE2, 0x34, 0x22
    .byte   0x22, 0x12, 0x2E, 0xDC, 0xDE, 0xEE, 0xFF, 0xF3, 0x32, 0x2E, 0xEE, 0xDD, 0xDE, 0xDE, 0xE0, 0x21
    .byte   0x00, 0x11, 0xED, 0x23, 0x22,  -24, 0x05, 0x62, 0x12, 0x1F, 0xDD, 0xDC, 0xDD, 0x33, 0x32, 0x24
    .byte   0x32, 0xFE, 0xDD, 0xDD, 0x0D, 0xDE, 0xE4, 0x33, 0x22, 0x30, 0x21, 0xED, 0xCC, 0x0F, 0xE0, 0xE2
    .byte   0x32, 0x22, 0xED, 0xEE, 0xDE, 0xCE,  -47, 0x00, 0x10, 0x0E, 0x12, 0x2E, 0xDE, 0x33, 0x34, 0x46
    .byte   0x12, 0xF2, 0x2C, 0xEC, 0xEC, 0xD3, 0x34, 0xF3, 0x33, 0x3D, 0x1D, 0xDD, 0xDE, 0xDD, 0x20, 0x23
    .byte   0x33, 0x03, 0x21, 0x0E, 0xDD, 0xDD, 0xEE,  -10, 0x0F, 0x03, 0x22, 0x2E, 0xEF, 0xDD, 0xDD, 0xED
    .byte   0xE1, 0x21, 0x12, 0x01, 0x0D, 0xE2, 0x12, 0x34, 0x55, 0x32, 0x00, 0x1D, 0xDD, 0xCD, 0xE3, 0x23
    .byte   0x23, 0x41, 0x31, 0xDD, 0xDD, 0xED, 0xDF, 0xE1,   -1, 0x03, 0x23, 0x22, 0x21, 0x1E, 0xDC, 0xEE
    .byte   0xEE, 0xE2, 0x12, 0x32, 0x0F, 0xFE, 0xDD, 0xDD, 0xDF, 0xEE, 0x03, 0x21, 0x11, 0xFE, 0xDE, 0x21
    .byte   0x32, 0x56, 0x41, 0x22, 0x2D, 0xDC, 0xCD, 0xD2, 0x33,   16, 0x01, 0x34, 0x32, 0xDD, 0xDD, 0xED
    .byte   0xDE, 0xEF, 0x23, 0x33, 0x22, 0x12, 0x1F, 0x0C, 0xDD, 0xEF, 0xEE, 0x23, 0x22, 0x22, 0xEE, 0xDD
    .byte   0xED, 0xDD, 0xEF, 0x01, 0x13, 0x00, 0x10, 0xED, 0xD1, 0x23,  -35, 0x04, 0x63, 0x41, 0x22, 0xDF
    .byte   0xCD, 0xCD, 0x12, 0x32, 0x33, 0x33, 0x21, 0xDD, 0xDE, 0xDC, 0xFE, 0xFF, 0x34, 0x22, 0x13, 0x2F
    .byte   0xFE, 0xDD, 0xEE, 0xEE, 0xF0, 0x22, 0x22, 0xFF, 0xFE, 0xDE, 0xDD,  -34, 0x0D, 0xFF, 0x01, 0x21
    .byte   0x2E, 0x11, 0xED, 0xDF, 0x33, 0x33, 0x64, 0x33, 0xF3, 0xDD, 0xDC, 0xDC, 0x22, 0x33, 0x14, 0x33
    .byte   0x11, 0xED, 0xDD, 0xDD, 0xDF, 0x01, 0x32, 0x32, 0x32, 0x21, 0xEE, 0xED,    9, 0x0D, 0xEE, 0x10
    .byte   0x12, 0x23, 0xF0, 0x00, 0xDD, 0xDE, 0xDD, 0xFE, 0x00, 0x22, 0x21, 0xFF, 0xFD, 0xDD, 0x22, 0x33
    .byte   0x45, 0x44, 0x23, 0x1E, 0xDC, 0xDC, 0xD1, 0x13, 0x23, 0x24, 0x32, 0x0E, 0xED,   19, 0x0D, 0xDE
    .byte   0xD1, 0x22, 0x23, 0x31, 0x22, 0x20, 0xED, 0xDE, 0xEE, 0xE0, 0x21, 0xF2, 0x22, 0xFF, 0xEE, 0xED
    .byte   0xEE, 0xDE, 0xD1, 0x21, 0x22, 0xEF, 0x01, 0x0D, 0xCD, 0x23, 0x34, 0x35, 0x43, 0x42,   59, 0x0C
    .byte   0xEC, 0xEC, 0xC1, 0x04, 0x03, 0x34, 0x31, 0x2D, 0xED, 0xDD, 0xCF, 0xEF, 0x22, 0x32, 0x31, 0x12
    .byte   0x2E, 0xED, 0xFD, 0x1E, 0x0F, 0xF2, 0x22, 0xF2, 0xE1, 0xEE, 0xEE, 0xDD, 0xFE, 0xEE, 0xE2,  -36
    .byte   0x02, 0x11, 0x1F, 0x0D, 0xED, 0xDE, 0x13, 0x25, 0x55, 0x33, 0x32, 0xFC, 0xEC, 0xCC, 0xE3, 0x31
    .byte   0x33, 0x43, 0x3F, 0xED, 0xCE, 0xDD, 0xDD, 0x21, 0x33, 0x33, 0x2F, 0xF2, 0xEE, 0xDD, 0xFE, 0xF1
    .byte      2, 0x00, 0x21, 0x13, 0xEE, 0x0F, 0xEE, 0xDF, 0xEE, 0xEF, 0xEE, 0xD1, 0x21, 0x0F, 0x0E, 0xF0
    .byte   0x0D, 0xDD, 0x23, 0x34, 0x46, 0x33, 0x32, 0x1C, 0xDC, 0xEB, 0xD1, 0x44, 0x04, 0x34, 0x2F, 0xED
    .byte   0xDC,    7, 0x0E, 0xDE, 0xE2, 0x32, 0x33, 0x3F, 0xFE, 0x1E, 0xDE, 0xD0, 0xF1, 0x22, 0x22, 0x00
    .byte   0x2F, 0xDE, 0xED, 0xFF, 0xE0, 0xFE, 0xE0, 0xFE, 0xEE, 0x0F, 0x11, 0xFF, 0xEE, 0xEE, 0xEE, 0x13
    .byte   0x34, 0x55,   37, 0x03, 0x2F, 0xFC, 0xEC, 0xCC, 0xE3, 0x34, 0x33, 0x41, 0x3F, 0x0C, 0xCD, 0xDE
    .byte   0xEF, 0x02, 0x23, 0x32, 0x2E, 0xEF, 0xFE, 0xFE, 0xDF, 0x02, 0x20, 0x21, 0x10, 0x1F, 0xFE, 0xEE
    .byte   0xD0, 0xF0, 0xEF,  -17, 0x0F, 0xE0, 0x0E, 0xEE, 0xEE, 0x12, 0xEF, 0xEF, 0x1E, 0x2E, 0x22, 0x34
    .byte   0x55, 0x13, 0x00, 0xED, 0xDD, 0xCD, 0xE3, 0x43, 0x31, 0x42, 0x12, 0xED, 0xCC, 0xEF, 0xFE, 0x11
    .byte   0x32, 0x32, 0x1E, 0xE1,   17, 0x0F, 0xEE, 0xFE, 0x11, 0x3F, 0xFF, 0x02, 0xFE, 0xFF, 0xEE, 0xE0
    .byte   0xEE, 0xFE, 0x1E, 0xEF, 0xFF, 0xEE, 0xE0, 0xFE, 0x2E, 0x2E, 0x11, 0xFE, 0xF2, 0x34, 0x34, 0x43
    .byte   0xF3, 0xFF, 0xDD, 0xDD, 0xED,   -4, 0x02, 0x43, 0x14, 0x22, 0xE0, 0xDD, 0xCD, 0x1D, 0x2E, 0x22
    .byte   0x23, 0x13, 0x00, 0xEE, 0x0E, 0xEE, 0xE0, 0xF1, 0x02, 0x30, 0x00, 0x10, 0xEE, 0xDE, 0xDE, 0x2F
    .byte   0x1F, 0x00, 0xE2, 0xE0, 0xED, 0xEE,  -42, 0x0E, 0x12, 0x11, 0xF1, 0xF0, 0xF0, 0x22, 0x33, 0x44
    .byte   0x33, 0x01, 0xEE, 0xDE, 0xDD, 0xE2, 0x33, 0x33, 0x23, 0xF0, 0x1D, 0xDC, 0xEF, 0xD2, 0xF2, 0x02
    .byte   0x23, 0x2E, 0x1E, 0xFE, 0xEF, 0xEF, 0xEF,    3, 0x01, 0x22, 0x21, 0x1E, 0x1E, 0xEE, 0xDE, 0xEE
    .byte   0x11, 0x2F, 0xF0, 0x0F, 0xEE, 0xED, 0xEE, 0x01, 0xE2, 0x22, 0xF1, 0x00, 0xFF, 0x13, 0x23, 0x34
    .byte   0x4E, 0x3F, 0xFF, 0xC3, 0xDE, 0xDE, 0x42, 0x4F,   39, 0x01, 0x01, 0xE0, 0xDD, 0xDE, 0x1E, 0x20
    .byte   0x21, 0x12, 0x3E, 0xFE, 0xEF, 0xE1, 0xE1, 0xE1, 0x02, 0x2F, 0x20, 0x0E, 0x10, 0xEE, 0xEE, 0xEF
    .byte   0xEE, 0x21, 0x0F, 0xE2, 0xEE, 0xDF, 0xEE, 0xD0, 0x11,  -44, 0x03, 0x12, 0xFE, 0x0F, 0x0F, 0x23
    .byte   0x04, 0x34, 0x31, 0x1E, 0x0E, 0x1F, 0xDE, 0xD3, 0x34, 0x10, 0x1F, 0x2F, 0x1E, 0xDC, 0xE2, 0xE2
    .byte   0xE2, 0x1F, 0x23, 0x2F, 0xEE, 0xE0, 0xEF, 0xFE, 0xE1, 0x12,   10, 0x02, 0x10, 0xE0, 0x0F, 0xEE
    .byte   0xDE, 0xE1, 0x02, 0xFE, 0x1F, 0x0F, 0x0E, 0xDD, 0xFF, 0xEF, 0x02, 0x22, 0x0E, 0x20, 0x20, 0xE0
    .byte   0xF3, 0x14, 0x24, 0x41, 0x2D, 0x3D, 0xE0, 0xEE, 0xC3, 0x14, 0x32,   40, 0x0F, 0x0F, 0x1E, 0xEC
    .byte   0xDF, 0xF0, 0x21, 0x00, 0x22, 0x22, 0x0D, 0xEE, 0xE0, 0xEF, 0xFF, 0xF2, 0x23, 0x2E, 0xFE, 0x0F
    .byte   0x1E, 0xED, 0xD1, 0x22, 0x00, 0xE0, 0xFF, 0x1F, 0xDD, 0xEE, 0x2E, 0xF0,  -42, 0x02, 0x12, 0x10
    .byte   0xEF, 0x20, 0x2F, 0x32, 0x32, 0x34, 0x21, 0xE1, 0x1E, 0x0F, 0x1D, 0xE2, 0x34, 0x01, 0xFF, 0xE1
    .byte   0x0F, 0xDD, 0xEE, 0x20, 0x11, 0x01, 0x02, 0x11, 0x0D, 0x1D, 0x1F, 0xF1, 0xF1,   -1, 0x02, 0x22
    .byte   0x1F, 0x0F, 0xEF, 0x1E, 0xED, 0x00, 0xF1, 0xF2, 0xEF, 0xF1, 0x0E, 0xED, 0xEE, 0xE0, 0x00, 0xF2
    .byte   0x22, 0x21, 0xFE, 0xE0, 0x20, 0x32, 0x22, 0x25, 0x32, 0xEE, 0x1E, 0x00, 0xFE, 0xD1,   19, 0x03
    .byte   0x31, 0x2E, 0xEF, 0x11, 0xDD, 0xDE, 0x01, 0x22, 0xEF, 0x02, 0x20, 0xFE, 0xEE, 0xE0, 0x2F, 0xE1
    .byte   0x01, 0x22, 0x3F, 0xEF, 0xFF, 0xFF, 0xEE, 0xEE, 0x01, 0x10, 0xFE, 0xF0, 0xFF, 0xED, 0xFE,  -36
    .byte   0x0E, 0x2F, 0xE1, 0x02, 0xF0, 0x20, 0x12, 0x22, 0xEE, 0x23, 0x32, 0x34, 0x2E, 0x02, 0x2D, 0xF0
    .byte   0x0E, 0xD3, 0x32, 0x12, 0x01, 0xEE, 0x2E, 0xDD, 0xEF, 0xF1, 0x12, 0xEF, 0x03, 0x10, 0xEF, 0xFD
    .byte     -1, 0x01, 0xFF, 0xE2, 0xF1, 0x23, 0x21, 0xE0, 0xF0, 0xEE, 0xFE, 0xEE, 0x12, 0x0F, 0x0E, 0x0F
    .byte   0x1E, 0xEE, 0xDE, 0xF1, 0x1F, 0x0E, 0x20, 0x21, 0x02, 0xEF, 0x12, 0x00, 0x22, 0x32, 0x33, 0x40
    .byte   0xF0,   28, 0x01, 0xD1, 0x1E, 0xEE, 0x32, 0x32, 0x01, 0xE0, 0xE0, 0xED, 0xDE, 0x1E, 0x21, 0x10
    .byte   0xF2, 0x21, 0x0E, 0x0D, 0xFF, 0x1F, 0xFF, 0xF2, 0xF2, 0x32, 0xFE, 0x10, 0xFE, 0x0E, 0xED, 0xF2
    .byte   0x20, 0xEF,   -7, 0x00, 0xE0, 0x1F, 0xDD, 0xFF, 0xEF, 0xF0, 0xFE, 0x12, 0x30, 0x21, 0x1D, 0xF3
    .byte   0x13, 0xE2, 0x21, 0x44, 0x3E, 0xEF, 0x1F, 0x01, 0xFD, 0xD2, 0x33, 0x20, 0x1E, 0xE1, 0x11, 0xDD
    .byte   0xDE, 0x12, 0x21,    6, 0x0E, 0xF3, 0x22, 0xEF, 0xED, 0xF0, 0x10, 0xEF, 0xF2, 0x23, 0x30, 0xEE
    .byte   0xF1, 0x0F, 0xED, 0xEE, 0x12, 0x2F, 0xEE, 0xF0, 0x20, 0xED, 0xDE, 0xF1, 0x10, 0xEE, 0x01, 0x23
    .byte   0x2F, 0xEE, 0x20, 0x30,  -20, 0x02, 0xE3, 0x23, 0x43, 0x2F, 0xEF, 0x1F, 0x1F, 0xED, 0xE2, 0x33
    .byte   0xF0, 0xFE, 0xFF, 0x0F, 0xDD, 0xE0, 0x00, 0x21, 0xF0, 0x12, 0x22, 0xEF, 0xEE, 0xFE, 0x02, 0xF0
    .byte   0xE2, 0x13, 0x22, 0x2E, 0xEE,   12, 0x0F, 0xEE, 0xEE, 0xE1, 0x22, 0xFE, 0xFE, 0x1F, 0xE0, 0xDD
    .byte   0xE0, 0x10, 0x0F, 0xF0, 0x13, 0x2F, 0xF0, 0xE0, 0xF2, 0x21, 0x12, 0x23, 0x34, 0x3F, 0xFE, 0x1F
    .byte   0xF0, 0xEE, 0xDF, 0x32, 0x3F, 0x0F,   23, 0x01, 0xFF, 0xED, 0xDF, 0xFF, 0x20, 0x10, 0xF2, 0x22
    .byte   0xF1, 0xEE, 0xEE, 0x02, 0x0F, 0xF0, 0x12, 0x23, 0x2F, 0xE0, 0x0E, 0x0E, 0xEE, 0xEE, 0x12, 0xFF
    .byte   0xF0, 0xFF, 0xF1, 0xDF, 0xDE, 0xE0, 0xE0,  -37, 0x01, 0x10, 0x22, 0x12, 0xFF, 0xFE, 0x12, 0x22
    .byte   0x22, 0x23, 0x42, 0x10, 0xF0, 0xF0, 0x1E, 0xED, 0x02, 0x31, 0x02, 0xEF, 0xF2, 0x1E, 0xED, 0xEE
    .byte   0xF2, 0x0F, 0xFF, 0x01, 0x22, 0x10, 0xEF, 0xE0,    3, 0x02, 0xFE, 0xE0, 0x22, 0x31, 0x2E, 0xFE
    .byte   0x11, 0x0E, 0xEE, 0xEE, 0x02, 0xF0, 0xEE, 0x0F, 0xF1, 0xEE, 0xDF, 0xE1, 0x0F, 0x00, 0x01, 0x20
    .byte   0x20, 0x01, 0x01, 0x12, 0x22, 0x31, 0x33, 0x22, 0x11,   27, 0x0F, 0xFF, 0xEE, 0xD2, 0x21, 0x12
    .byte   0x1F, 0x0F, 0x2F, 0xEE, 0xEE, 0xEE, 0xF2, 0xEF, 0x11, 0x20, 0x21, 0x2E, 0xE0, 0x11, 0xE0, 0xF1
    .byte   0x0F, 0x31, 0x2F, 0x02, 0xE1, 0xE1, 0xEE, 0xFE, 0x1E, 0xFF,   -7, 0x01, 0xE0, 0xFE, 0xFE, 0x0E
    .byte   0xEF, 0xEF, 0x01, 0x2F, 0x01, 0x10, 0xF2, 0x20, 0xEF, 0x23, 0x12, 0x32, 0x32, 0x22, 0x21, 0xE1
    .byte   0x1E, 0xEE, 0xF0, 0xFF, 0x02, 0xEF, 0x02, 0x1E, 0x0E, 0x0E, 0xE0,    1, 0x00, 0xE0, 0x11, 0x1F
    .byte   0x20, 0x1F, 0x01, 0x10, 0x01, 0xF1, 0x10, 0x02, 0x11, 0x0F, 0x00, 0xEF, 0xFF, 0xEE, 0xE1, 0xFF
    .byte   0xFF, 0x0E, 0x0F, 0x0E, 0xEF, 0xE0, 0xEF, 0x02, 0x00, 0x20, 0x20, 0x11,  -17, 0x00, 0xF1, 0x21
    .byte   0x22, 0x22, 0x22, 0x22, 0x21, 0x20, 0x00, 0xEF, 0xF0, 0xE0, 0xFF, 0xEF, 0xFF, 0xF0, 0xF0, 0xE0
    .byte   0xF0, 0x0F, 0x0F, 0x0F, 0x01, 0x11, 0xF0, 0x11, 0x11, 0x01, 0x10, 0xFF, 0x01,    7, 0x01, 0x00
    .byte   0xFF, 0xFF, 0x00, 0xFE, 0x0E, 0x0E, 0x0F, 0xFF, 0xFF, 0xFF, 0x0F, 0x0F, 0xF0, 0x00, 0x10, 0x11
    .byte   0x10, 0x10, 0x11, 0x11, 0x11, 0x10, 0x21, 0x10, 0x20, 0x11, 0x02, 0x00, 0x11, 0x0F,   11, 0x0F
    .byte   0x10, 0x0F, 0x00, 0xFF, 0x00, 0xF0, 0xF0, 0xFF, 0x00, 0x00, 0x0F, 0x0F, 0x00, 0x01, 0xF1, 0xF0
    .byte   0x0F, 0x01, 0x00, 0x10, 0x00, 0x01, 0x0F, 0x10, 0x0F, 0x10, 0xF0, 0x0F, 0x0F, 0x00, 0xFF,   -1
    .byte   0x0F, 0xFF, 0xF0, 0x0F, 0xFF, 0x0F, 0x01, 0x0F, 0x00, 0x10, 0x01, 0x10, 0xF1, 0x10, 0x10, 0x01
    .byte   0x00, 0x01, 0x00, 0x01, 0xF1, 0x00, 0x1F, 0x11, 0xF0, 0x00, 0x00, 0x1F, 0x10, 0x01, 0xF0, 0x11
    .byte      2, 0x00, 0x10, 0x00, 0x00, 0x1F, 0x11, 0xF0, 0x00, 0x01, 0xF0, 0xF1, 0x01, 0xF0, 0xF1, 0xF0
    .byte   0x1F, 0xF1, 0x00, 0xF0, 0x01, 0x0F, 0x00, 0x0F, 0x00, 0x00, 0xF0, 0x00, 0x0F, 0x1F, 0x1F, 0x1F
    .byte   0x00,   -2, 0x01, 0xF0, 0x1F, 0x1F, 0x00, 0xF0, 0x10, 0xF0, 0x0F, 0x10, 0x0F, 0x10, 0xF1, 0xF1
    .byte   0x00, 0x1F, 0x01, 0x00, 0x00, 0x10, 0x01, 0xF1, 0x01, 0xF1, 0x1F, 0x01, 0x00, 0x0F, 0x10, 0x00
    .byte   0x00, 0x00,    1, 0x00, 0x01, 0xF0, 0x00, 0xF0, 0x1F, 0xF1, 0xF1, 0xF0, 0x10, 0xF1, 0xF1, 0x00
    .byte   0xF1, 0x00, 0x00, 0x01, 0x00, 0x00, 0xF1, 0x00, 0xF0, 0x10, 0x00, 0xF0, 0x10, 0xF0, 0x00, 0xF0
    .byte   0x1F, 0x00, 0x0F,   -1, 0x00, 0x0F, 0x01, 0x0F, 0x00, 0x01, 0x01, 0xF0, 0x10, 0xF0, 0x10, 0x00
    .byte   0x1F, 0x00, 0x1F, 0x1F, 0x10, 0x00, 0x00, 0x00, 0x00, 0xF0, 0x00, 0x10, 0xF0, 0x00, 0x00, 0xF1
    .byte   0x00, 0x00, 0x0F, 0x10,    0, 0x0F, 0x1F, 0x10, 0x00, 0xF0, 0x10, 0x10, 0xF0, 0x01, 0x00, 0xF1
    .byte   0xF0, 0x1F, 0x00, 0x1F, 0x10, 0x0F, 0x00, 0x01, 0xF0, 0x00, 0x0F, 0x10, 0x0F, 0x00, 0x00, 0x1F
    .byte   0x01, 0xF1, 0xF1, 0x00, 0x00,    0, 0x00, 0x0F, 0x01, 0xF1, 0x0F, 0x10, 0x1F, 0x00, 0x00, 0x00
    .byte   0x00, 0x0F, 0x10, 0xF1, 0xF1, 0x00, 0x0F, 0x10, 0x00, 0x00, 0x00, 0x00, 0x00, 0x01, 0xF0, 0x1F
    .byte   0xF0, 0x10, 0x1F, 0x00, 0x01, 0xF1,    0, 0x00, 0x00, 0x00, 0x01, 0xF0, 0x00, 0x01, 0xF1, 0x00
    .byte   0x00, 0xF0, 0x01, 0xF0, 0x01, 0x0F, 0x00, 0xF1, 0xF0, 0x01, 0x01, 0xF1, 0xF0, 0xF1, 0x0F, 0x01
    .byte   0x00, 0xF1, 0x00, 0xF1, 0x00, 0x00, 0x01,    0, 0x00, 0x00, 0x00, 0xF1, 0x01, 0xF0, 0x0F, 0x10
    .byte   0x00, 0x0F, 0x10, 0x00, 0xF1, 0x00, 0xF1, 0x0F, 0x10, 0x0F, 0x01, 0x00, 0x01, 0xF0, 0x00, 0x00
    .byte   0x00, 0x00, 0x00, 0x1F, 0x1F, 0x10, 0x0F, 0x01,    0, 0x00, 0x10, 0xF1, 0xF1, 0xF0, 0x00, 0x0F
    .byte   0x10, 0x01, 0xFF, 0x10, 0x00, 0x0F, 0x10, 0x00, 0x00, 0x00, 0xF1, 0x1F, 0x0F, 0x10, 0x1F, 0xF1
    .byte   0x00, 0x00, 0x0F, 0x10, 0x00, 0x00, 0x0F, 0x00, 0x01,   -1, 0x01, 0x00, 0x0F, 0x1F, 0x10, 0xF1
    .byte   0x0F, 0x01, 0x00, 0x00, 0x0F, 0x10, 0x1F, 0x1F, 0x00, 0x00, 0x00, 0x00, 0x1F, 0x01, 0x0F, 0x01
    .byte   0xF1, 0xF0, 0x0F, 0x11, 0xF0, 0x00, 0x1F, 0x00, 0x00, 0xF0,   -1, 0x01, 0x00, 0xF1, 0x1F, 0xF1
    .byte   0x0F, 0x10, 0xF0, 0x10, 0x11, 0x1F, 0x21, 0x21, 0x52, 0xAA, 0xE3, 0x53, 0x2F, 0xEC, 0xE3, 0x3D
    .byte   0xCD, 0xF3, 0x33, 0x40, 0xDE, 0xDE, 0xE1, 0x22, 0x23, 0x22, 0x0F,   11, 0x0E, 0xD0, 0x11, 0x21
    .byte   0x01, 0x1F, 0x00, 0xFE, 0xFF, 0xF1, 0xFF, 0xFF, 0xF0, 0x12, 0x12, 0xE1, 0xF0, 0x01, 0x10, 0xF1
    .byte   0xE1, 0x11, 0x10, 0x0F, 0xF0, 0x00, 0x10, 0x0F, 0x01, 0x10, 0x00, 0x0E,   -2, 0x01, 0x01, 0x10
    .byte   0xFF, 0xF0, 0x11, 0x01, 0xF0, 0x00, 0x11, 0x01, 0x00, 0xF0, 0x11, 0x10, 0x0F, 0xF0, 0x01, 0x00
    .byte   0xFF, 0xF0, 0x00, 0x0F, 0xF0, 0xEF, 0x1F, 0x11, 0x11, 0x00, 0x0F, 0x0F, 0x0F,   -5, 0x0F, 0x01
    .byte   0xF1, 0x1F, 0xF0, 0x0E, 0xFF, 0xFF, 0x10, 0x20, 0x20, 0x11, 0x11, 0xF2, 0x02, 0x12, 0x12, 0x00
    .byte   0x2F, 0x00, 0x1F, 0x0E, 0x00, 0x0E, 0x01, 0x0E, 0xF0, 0xFF, 0x0F, 0xFF, 0xFF, 0xFF,   -4, 0x00
    .byte   0xF0, 0xEF, 0xFF, 0xFF, 0xF0, 0xE0, 0xEF, 0x0F, 0x00, 0xF0, 0xF0, 0x12, 0x11, 0x00, 0x02, 0x33
    .byte   0x43, 0x22, 0x00, 0xE0, 0x20, 0xFE, 0xED, 0xEF, 0xF0, 0xFE, 0xED, 0xF0, 0x12, 0x20, 0x0F,    2
    .byte   0x01, 0x22, 0x11, 0xEE, 0xEE, 0x1F, 0x01, 0xFF, 0x00, 0x22, 0x22, 0x21, 0x11, 0x11, 0x1F, 0xEE
    .byte   0xEE, 0xE0, 0x0F, 0x0E, 0xEE, 0xFE, 0xE0, 0xEE, 0xEE, 0xF0, 0xF0, 0x00, 0x0F, 0x11, 0x11, 0x12
    .byte    -26, 0x02, 0x33, 0x43, 0x32, 0xFF, 0xF0, 0x00, 0xFE, 0xEE, 0xEF, 0xF0, 0x0E, 0xEE, 0xFE, 0x22
    .byte   0x21, 0x1F, 0xF0, 0x20, 0x1F, 0xEE, 0xEE, 0xFF, 0xF0, 0xF1, 0x01, 0x22, 0x23, 0x22, 0x22, 0x0F
    .byte   0x0F,   26, 0x0E, 0xED, 0xEF, 0xEF, 0xFE, 0xFE, 0x0E, 0xEF, 0xEF, 0x0F, 0xFF, 0x0E, 0xE0, 0xF0
    .byte   0xE0, 0xFE, 0x0F, 0x22, 0x23, 0x23, 0x44, 0x23, 0x22, 0x0E, 0x01, 0x0E, 0xEE, 0xEE, 0xE0, 0x0F
    .byte   0xED, 0xFF,   -3, 0x02, 0x22, 0x2F, 0xF1, 0x01, 0x11, 0x1E, 0xEE, 0xEF, 0xF1, 0x00, 0x0E, 0x02
    .byte   0x23, 0x22, 0x2F, 0x1E, 0x11, 0x0F, 0xEE, 0xDE, 0xF0, 0x00, 0xFE, 0xEE, 0xEF, 0xFE, 0xFE, 0xFE
    .byte   0xFF, 0xFF, 0xF0,  -41, 0x0F, 0x0F, 0x0F, 0x22, 0x23, 0x33, 0x33, 0x33, 0x21, 0x00, 0x0F, 0xFE
    .byte   0xEF, 0xEE, 0xF0, 0xE0, 0xEE, 0xFF, 0x00, 0x21, 0x11, 0x11, 0x01, 0x11, 0x1E, 0xEE, 0x1E, 0x01
    .byte   0x01, 0x10, 0x21, 0x12,   15, 0x02, 0xFF, 0x0F, 0x00, 0xEF, 0xEF, 0xEF, 0xFE, 0xFE, 0x0E, 0xE0
    .byte   0xEF, 0xEF, 0xEF, 0xFF, 0x0F, 0xFF, 0x01, 0x0E, 0x10, 0x02, 0x13, 0x13, 0x22, 0x41, 0x32, 0x22
    .byte   0xFF, 0x00, 0x1F, 0x0E, 0xFF,   18, 0x01, 0x10, 0xEE, 0xFE, 0x1F, 0x22, 0xFF, 0xE1, 0x10, 0x02
    .byte   0x0E, 0xE0, 0xFF, 0xFF, 0x20, 0xF0, 0x01, 0x20, 0x11, 0x0F, 0xFF, 0x00, 0xF0, 0xFE, 0xFF, 0xEE
    .byte   0xFE, 0xEE, 0xFE, 0xE0, 0xE1, 0x0F,  -33, 0x00, 0xE0, 0x0F, 0xF0, 0x12, 0x12, 0x11, 0x22, 0x31
    .byte   0x22, 0x22, 0x22, 0x22, 0x21, 0x00, 0xE0, 0x00, 0xFF, 0xF1, 0x00, 0xE0, 0xFE, 0xF0, 0x10, 0xE0
    .byte   0x00, 0x00, 0x21, 0xEE, 0x0F, 0xFF, 0x10,    4, 0x0F, 0xF0, 0x2F, 0x01, 0x10, 0xFE, 0x02, 0x00
    .byte   0x0F, 0xFE, 0xEF, 0xFE, 0xFE, 0x0E, 0x0E, 0x00, 0x00, 0xEF, 0xFE, 0xF0, 0x22, 0x12, 0x0F, 0xFF
    .byte   0x21, 0x22, 0x2F, 0x11, 0x13, 0x22, 0x1F, 0xFF,   13, 0x01, 0x22, 0x1E, 0xFF, 0x02, 0x12, 0xFE
    .byte   0x0E, 0xE0, 0xF2, 0xF0, 0xFE, 0x1F, 0x11, 0x1F, 0xFE, 0xF0, 0x00, 0x0E, 0x0E, 0x11, 0x10, 0x11
    .byte   0x0F, 0xF0, 0x1F, 0xF0, 0xE0, 0xEF, 0x00, 0x0F, 0xFE,  -15, 0x00, 0xFF, 0xFF, 0xFF, 0x11, 0x11
    .byte   0x01, 0x01, 0x00, 0x11, 0xF0, 0x11, 0xF1, 0x21, 0x2F, 0x01, 0x21, 0xF1, 0x00, 0x02, 0x21, 0x11
    .byte   0xF1, 0x02, 0x11, 0x1F, 0xE0, 0xF2, 0x0F, 0xFF, 0xFE, 0x10,   11, 0x0F, 0xFF, 0x0E, 0x01, 0x0F
    .byte   0xF0, 0xE0, 0x0F, 0x00, 0x1F, 0x00, 0xF1, 0x00, 0x0F, 0xFF, 0x11, 0xFF, 0x1F, 0xF1, 0x01, 0xFF
    .byte   0xFF, 0xF0, 0x0F, 0xF0, 0x02, 0x01, 0x0F, 0xEF, 0x20, 0x21, 0xEF,   -7, 0x01, 0x02, 0x02, 0x0E
    .byte   0x1F, 0x10, 0x11, 0x1F, 0x00, 0x02, 0x11, 0x10, 0xEF, 0x10, 0x11, 0xFF, 0xF1, 0x21, 0xFF, 0x0E
    .byte   0xE1, 0x22, 0x1F, 0xE0, 0xE1, 0x22, 0x0F, 0xDF, 0x01, 0x22, 0x0E, 0xFE,   -2, 0x01, 0xF0, 0x21
    .byte   0xFE, 0xF1, 0x11, 0x12, 0xED, 0xF1, 0x22, 0x1F, 0x0F, 0xE2, 0x1E, 0x10, 0xF1, 0x00, 0x11, 0x01
    .byte   0x0F, 0x2E, 0xD1, 0x12, 0x3E, 0x00, 0xFE, 0x0F, 0x02, 0x21, 0x00, 0xD0, 0x3F,    2, 0x0D, 0xE3
    .byte   0xFF, 0x23, 0xDF, 0x10, 0x10, 0xEF, 0x20, 0x20, 0xD1, 0x2F, 0xF3, 0x0F, 0xED, 0x12, 0x00, 0x1F
    .byte   0x12, 0x01, 0x0D, 0x22, 0x1F, 0xED, 0x23, 0x11, 0xFD, 0x13, 0x01, 0xF0, 0xFD, 0xF2,    1, 0x0F
    .byte   0x31, 0xDE, 0x2F, 0xE1, 0xF3, 0xE0, 0x2F, 0xE1, 0x21, 0xDF, 0x12, 0x2E, 0x00, 0xE2, 0x22, 0x0D
    .byte   0xD2, 0x2F, 0x2E, 0x22, 0xE2, 0x1C, 0x02, 0xE3, 0x2F, 0x0E, 0xEE, 0xF2, 0x32, 0xEF, 0xED,   -3
    .byte   0x01, 0xF2, 0x10, 0x00, 0xDE, 0x32, 0x2E, 0xFF, 0x0E, 0x22, 0xFF, 0xDE, 0x22, 0x21, 0x2E, 0xFF
    .byte   0xF2, 0x1D, 0x30, 0xDF, 0x0F, 0x13, 0x22, 0xDD, 0xF0, 0x23, 0x2E, 0xEF, 0x1F, 0x0F, 0xF3, 0xE0
    .byte      5, 0x0E, 0xEE, 0x23, 0x2D, 0xD2, 0x00, 0x30, 0x12, 0xDE, 0x1E, 0x32, 0xE1, 0x2C, 0x13, 0x21
    .byte   0xDD, 0x02, 0x43, 0xEC, 0xEE, 0xE4, 0x20, 0xD0, 0x11, 0xE2, 0x0E, 0x12, 0x3E, 0x1E, 0xEE, 0x23
    .byte   0xDE,   -1, 0x01, 0xFF, 0x22, 0xDE, 0xF2, 0x21, 0x1E, 0x12, 0xED, 0x03, 0x02, 0x2F, 0x0D, 0x11
    .byte   0xE1, 0x22, 0x10, 0xFE, 0xEE, 0x22, 0x11, 0xFE, 0x2F, 0x2F, 0xE2, 0x1E, 0x0F, 0xF0, 0x23, 0xDE
    .byte   0xFF, 0x20,    0, 0x02, 0xD0, 0x21, 0x22, 0xE0, 0xDF, 0x00, 0x30, 0xFE, 0x02, 0x2F, 0xD0, 0x20
    .byte   0x01, 0xEE, 0x12, 0x12, 0x01, 0xE2, 0xD1, 0x2F, 0x0E, 0x3F, 0xE0, 0xE2, 0x01, 0x2E, 0x0E, 0x00
    .byte   0x22, 0xFE, 0xF2,    5, 0x0F, 0xE0, 0x0F, 0xE2, 0x20, 0xE0, 0x0F, 0x02, 0x2E, 0xEF, 0x2F, 0xF2
    .byte   0xFE, 0x20, 0x1E, 0x2E, 0xF2, 0xF0, 0xEF, 0x02, 0x11, 0x1F, 0xF0, 0xE1, 0x02, 0x01, 0x0E, 0x00
    .byte   0x00, 0xF1, 0x11, 0x00,    4, 0x0E, 0x0F, 0xE2, 0x2F, 0xE1, 0x01, 0x11, 0x10, 0xEF, 0x2E, 0x01
    .byte   0x12, 0xFE, 0xFF, 0x22, 0x0E, 0x0E, 0x00, 0x20, 0x0F, 0x00, 0x12, 0xEF, 0x0F, 0x01, 0x11, 0xE1
    .byte   0x01, 0x00, 0x2E, 0xE2, 0x01,    1, 0x0F, 0x00, 0x1E, 0x11, 0x02, 0x0F, 0xF0, 0xE0, 0x20, 0xF0
    .byte   0xF1, 0x1F, 0x00, 0xFF, 0x0E, 0x31, 0xFE, 0x01, 0x00, 0xF1, 0x0F, 0x10, 0x1E, 0x02, 0x0F, 0xFF
    .byte   0xE3, 0xFF, 0xF0, 0xF0, 0x11, 0xFF,    1, 0x0F, 0xF1, 0xF0, 0x0F, 0x1F, 0x11, 0x00, 0x1F, 0x0F
    .byte   0x11, 0xE1, 0x02, 0x1E, 0x10, 0xE2, 0x1F, 0x10, 0xFF, 0x00, 0x2E, 0x10, 0xF0, 0x10, 0xF0, 0x10
    .byte   0x11, 0x0F, 0xE1, 0x2E, 0x11, 0x0F, 0x01,    1, 0x01, 0xF0, 0xE0, 0x02, 0x1F, 0xFE, 0x21, 0x01
    .byte   0xF0, 0xFE, 0x12, 0xFF, 0x01, 0x10, 0x00, 0xF0, 0x1F, 0xE2, 0xF1, 0x2F, 0xE1, 0x1F, 0x1F, 0x0F
    .byte   0x01, 0x10, 0xFF, 0xF1, 0x10, 0x1F, 0xE2, 0x2E,    3, 0x0F, 0xF0, 0xE2, 0x1E, 0x11, 0x11, 0xFF
    .byte   0x0F, 0xF1, 0x2F, 0xFF, 0xF1, 0x01, 0xFF, 0x01, 0x11, 0x0E, 0x11, 0x00, 0xE2, 0x11, 0x1E, 0x11
    .byte   0x0F, 0xF1, 0x11, 0xFE, 0x11, 0x12, 0xFE, 0x2E, 0x01,    1, 0x0F, 0xFF, 0x2E, 0x02, 0xFF, 0x0F
    .byte   0xFF, 0x02, 0x21, 0xDF, 0x2F, 0x0F, 0x02, 0xFF, 0x01, 0x2E, 0x1E, 0xF0, 0x12, 0xE2, 0x0E, 0x10
    .byte   0x1F, 0x01, 0x01, 0xE0, 0x22, 0xFF, 0xEF, 0x20, 0xE2, 0xEE,    2, 0x00, 0xF0, 0x1E, 0xE3, 0xE0
    .byte   0x20, 0xEF, 0xF1, 0x11, 0x2F, 0xFE, 0xE3, 0x0E, 0x1F, 0x00, 0x10, 0xFF, 0x02, 0x00, 0xE1, 0x10
    .byte   0x00, 0x1E, 0x02, 0x00, 0x01, 0xEF, 0x20, 0x1F, 0xE0, 0x21, 0xE1,   -2, 0x01, 0x10, 0x00, 0x1F
    .byte   0x11, 0xEF, 0xF2, 0x2F, 0xFF, 0xFE, 0x12, 0x0E, 0x20, 0x10, 0x0E, 0xE2, 0x21, 0xEE, 0x22, 0xFE
    .byte   0x20, 0xE1, 0xF1, 0x12, 0xEE, 0x2F, 0x12, 0xFF, 0xD1, 0x21, 0x21, 0xEF,    5, 0x00, 0xD2, 0xF2
    .byte   0x0F, 0xE0, 0x20, 0xE0, 0x2F, 0x2E, 0xEE, 0x13, 0x1F, 0xE1, 0x2F, 0xE0, 0x20, 0xEF, 0xE1, 0x22
    .byte   0x2F, 0xFD, 0xE2, 0x3F, 0xD2, 0x2E, 0xF2, 0x0F, 0xFE, 0x11, 0x3E, 0xE1, 0x0D,   -3, 0x02, 0x01
    .byte   0xF2, 0xD0, 0x22, 0xE0, 0xE2, 0x2E, 0x0F, 0x1F, 0x2E, 0xE2, 0x12, 0x0E, 0xFF, 0xF0, 0x3F, 0xE2
    .byte   0xD2, 0x2F, 0xFE, 0xF0, 0x2E, 0xF2, 0xE2, 0x3D, 0x3D, 0xD1, 0x21, 0x32, 0xD0, 0x1E,   -2, 0x01
    .byte   0x1F, 0x0E, 0x0F, 0x24, 0xDD, 0x01, 0xF0, 0x2E, 0x21, 0x02, 0x2E, 0xD2, 0x1E, 0x2E, 0xF3, 0xFE
    .byte   0xFF, 0x21, 0xE0, 0xE1, 0x2E, 0x12, 0x21, 0xEE, 0x10, 0x12, 0x2D, 0xEE, 0x22, 0x03, 0x1D,   -1
    .byte   0x01, 0xDF, 0x22, 0x22, 0x00, 0xE0, 0xFF, 0xF2, 0x0D, 0x21, 0xE2, 0xFE, 0x14, 0x0E, 0xED, 0xE3
    .byte   0x10, 0xE1, 0x2F, 0x12, 0x0E, 0xF0, 0xE2, 0x21, 0xDE, 0x00, 0x31, 0x3F, 0xDE, 0x01, 0xF0, 0x11
    .byte      3, 0x01, 0xF0, 0xEE, 0xFF, 0x30, 0xEF, 0x3F, 0x1D, 0xD1, 0x33, 0x2E, 0xEE, 0x02, 0xEE, 0xFE
    .byte   0x30, 0x22, 0xFF, 0xFE, 0xFE, 0xF1, 0x22, 0x0E, 0x1F, 0xF3, 0x0E, 0xFE, 0xF0, 0xE1, 0x1F, 0x32
    .byte   0xE1,    3, 0x0F, 0xEE, 0xE2, 0x32, 0x0E, 0xEE, 0x22, 0xFE, 0xFE, 0x32, 0x2F, 0xCF, 0x2F, 0x22
    .byte   0x10, 0x10, 0xFE, 0xDE, 0x22, 0x22, 0x11, 0x1F, 0x10, 0xEE, 0xEE, 0xF2, 0x32, 0x01, 0x2E, 0xDE
    .byte   0xE1, 0x22,    1, 0x01, 0x10, 0x00, 0x2E, 0xEF, 0x01, 0x1F, 0x1E, 0xE0, 0x21, 0x21, 0x21, 0x1F
    .byte   0xEE, 0xD1, 0x12, 0x22, 0x01, 0x0E, 0xFF, 0x0F, 0xF1, 0x00, 0x0F, 0xF0, 0x20, 0x2F, 0x00, 0xF0
    .byte   0xFF, 0xFF, 0xF0,   -3, 0x00, 0x12, 0x11, 0x00, 0xE0, 0xE0, 0xF0, 0x11, 0x20, 0x2F, 0x1F, 0x00
    .byte   0xEF, 0xFF, 0x00, 0x01, 0x2F, 0x10, 0x00, 0xFF, 0xFF, 0x00, 0x11, 0x0F, 0x2F, 0x1F, 0xFF, 0xF0
    .byte   0xF0, 0x11, 0x01, 0x00,    2, 0x0F, 0xFF, 0xF0, 0x00, 0x11, 0x10, 0x10, 0x1F, 0xFF, 0xF0, 0x00
    .byte   0x01, 0x01, 0x00, 0x01, 0xFF, 0xFF, 0x10, 0x11, 0x10, 0x10, 0xE1, 0xFF, 0x10, 0x11, 0x02, 0x00
    .byte   0xF0, 0xFF, 0x0E, 0x0F, 0xF1,   -3, 0x01, 0x11, 0x10, 0x0F, 0xFF, 0xF0, 0x11, 0x11, 0x11, 0xFF
    .byte   0xFF, 0xF0, 0xF1, 0xF0, 0x10, 0x11, 0xF0, 0x0F, 0xFF, 0x11, 0x02, 0x01, 0x10, 0x10, 0xF1, 0x00
    .byte   0x0F, 0x10, 0x01, 0x11, 0x00, 0x11,    9, 0x01, 0xEF, 0xF0, 0xE0, 0xF0, 0x10, 0x00, 0xFF, 0xFE
    .byte   0xFE, 0xE0, 0xE0, 0xFF, 0xF0, 0x00, 0x1F, 0x01, 0x11, 0x12, 0x22, 0x23, 0x23, 0x23, 0x22, 0x20
    .byte   0xFF, 0xEE, 0xEF, 0xEE, 0x0E, 0xFE, 0xFF,    7, 0x0F, 0xEF, 0xEF, 0xFF, 0x01, 0x01, 0x10, 0xFF
    .byte   0xEE, 0xED, 0xEE, 0xFE, 0x0F, 0xFE, 0xFE, 0xEE, 0xEF, 0x23, 0x34, 0x45, 0x44, 0x43, 0x2E, 0xED
    .byte   0xDD, 0xDD, 0xE0, 0xF1, 0x1E, 0xED, 0xDD, 0xCD,  -45, 0x0F, 0x03, 0x34, 0x44, 0x34, 0x02, 0xED
    .byte   0xDD, 0xDD, 0xEF, 0xF1, 0x22, 0x21, 0x0F, 0xEE, 0xED, 0xE0, 0xE0, 0x11, 0x02, 0x0F, 0xEE, 0xED
    .byte   0xDD, 0xEE, 0x02, 0x34, 0x45, 0x45, 0x33, 0x3E, 0xDD,   42, 0x0C, 0xDE, 0xE0, 0x12, 0x22, 0xFE
    .byte   0xDD, 0xCD, 0xDD, 0x01, 0x33, 0x44, 0x44, 0x33, 0xFE, 0xDD, 0xCD, 0xDD, 0xFF, 0x22, 0x22, 0x21
    .byte   0xFE, 0xDE, 0xED, 0xF0, 0x02, 0x22, 0x10, 0xFE, 0xDD, 0xDD,  -62, 0x0E, 0xE1, 0x23, 0x44, 0x54
    .byte   0x53, 0x41, 0x1E, 0xDD, 0xDD, 0xDE, 0xF0, 0x21, 0x1F, 0xEE, 0xDD, 0xDD, 0xEE, 0xF2, 0x33, 0x43
    .byte   0x43, 0x22, 0x1E, 0xDD, 0xDD, 0xED, 0xFF, 0x11, 0x21, 0x11, 0xFE,   -6, 0x0E, 0xEE, 0xFF, 0x00
    .byte   0x11, 0x1F, 0xEE, 0xED, 0xDE, 0xDE, 0xF1, 0x23, 0x44, 0x44, 0x44, 0x33, 0x2F, 0xED, 0xED, 0xDE
    .byte   0xEF, 0x0E, 0x0E, 0xEE, 0xDE, 0xDE, 0xEE, 0x12, 0x23, 0x33, 0x34, 0x23,   44, 0x00, 0xFD, 0xED
    .byte   0xDE, 0xDE, 0xEF, 0x11, 0x12, 0x01, 0x00, 0xEF, 0xEE, 0xEF, 0xEF, 0x0F, 0xFF, 0xFE, 0xED, 0xFD
    .byte   0xEE, 0x12, 0x33, 0x44, 0x44, 0x44, 0x22, 0x0E, 0xED, 0xDE, 0xEE, 0xEE, 0x1F,   17, 0x0E, 0xEE
    .byte   0xED, 0xED, 0xE1, 0x12, 0x33, 0x33, 0x33, 0x22, 0xFE, 0xDE, 0xDD, 0xED, 0xEF, 0xF0, 0x21, 0x12
    .byte   0x10, 0x0E, 0x0E, 0xFE, 0xE0, 0xEF, 0x0E, 0x0E, 0xFE, 0xEE, 0xDE, 0xFF, 0xF3, 0x33,  -18, 0x04
    .byte   0x44, 0x42, 0x31, 0x0E, 0xED, 0xEE, 0xDF, 0xE0, 0x0E, 0x0E, 0xEE, 0xED, 0xEE, 0xE0, 0x12, 0x23
    .byte   0x33, 0x32, 0x30, 0xFE, 0xED, 0xED, 0xDE, 0xEF, 0x00, 0x12, 0x01, 0x2F, 0xFF, 0xEE, 0x0E,  -19
    .byte   0x0F, 0xEF, 0xFF, 0xFF, 0xEE, 0xEE, 0xEE, 0xE1, 0x12, 0x33, 0x44, 0x44, 0x33, 0x22, 0x0E, 0xEE
    .byte   0xDE, 0xEE, 0x0F, 0x00, 0xEF, 0xED, 0xEE, 0xDE, 0xE0, 0x12, 0x23, 0x33, 0x23, 0x21, 0x0E, 0xEE
    .byte     14, 0x0D, 0xEE, 0xEE, 0x11, 0x02, 0x11, 0x2F, 0xFF, 0xEE, 0xEE, 0xFE, 0xFF, 0xE1, 0xFF, 0x0E
    .byte   0xEE, 0xEE, 0xDF, 0x11, 0x33, 0x34, 0x44, 0x43, 0x23, 0x0F, 0xEE, 0xEE, 0xEE, 0xE0, 0x0F, 0xFE
    .byte   0xFE,    7, 0x0E, 0xDE, 0xDF, 0xF1, 0x22, 0x33, 0x33, 0x22, 0x2E, 0xEE, 0xED, 0xED, 0xEF, 0xF1
    .byte   0x10, 0x20, 0x10, 0xFF, 0x0E, 0xEF, 0xEE, 0xFF, 0xFF, 0x0F, 0xF0, 0xEE, 0xED, 0xFE, 0xEF, 0xF2
    .byte   0x33, 0x43,    6, 0x04, 0x33, 0x32, 0x10, 0xEE, 0xEE, 0xEE, 0xFF, 0xFF, 0xFF, 0xEE, 0xDE, 0xDD
    .byte   0xFE, 0xF2, 0x23, 0x23, 0x33, 0x21, 0x0F, 0xEE, 0xDE, 0xEE, 0xEF, 0xFF, 0x11, 0x11, 0x10, 0x0E
    .byte   0x0E, 0x0E, 0xEF,  -19, 0x0F, 0xE1, 0xFF, 0xFF, 0xFE, 0xEE, 0xEE, 0xEE, 0x02, 0x23, 0x33, 0x43
    .byte   0x43, 0x33, 0x11, 0x0E, 0xEE, 0xEF, 0xE0, 0xFF, 0x0F, 0xEE, 0xEE, 0xDE, 0xEE, 0xE1, 0x21, 0x32
    .byte   0x33, 0x22, 0x10, 0xFE,   21, 0x0E, 0xDF, 0xEE, 0xF0, 0xF1, 0x11, 0x10, 0xFF, 0xFF, 0xE0, 0xEE
    .byte   0x0E, 0x0E, 0xFF, 0xFF, 0xF0, 0xE0, 0xEE, 0xEF, 0xEF, 0x01, 0x23, 0x33, 0x43, 0x43, 0x32, 0x11
    .byte   0x0E, 0xEE, 0xEF, 0xFF, 0x0F,   26, 0x00, 0xEE, 0xEE, 0xED, 0xEE, 0xF0, 0x12, 0x23, 0x23, 0x22
    .byte   0x11, 0xFE, 0xEE, 0xEE, 0xEE, 0xFF, 0xF1, 0x01, 0x10, 0xF0, 0xF0, 0xEF, 0xFE, 0xFE, 0xFF, 0xE0
    .byte   0xE0, 0x0E, 0x0F, 0xEF, 0xEF, 0xEE,  -50, 0x00, 0x22, 0x33, 0x33, 0x43, 0x32, 0x31, 0x10, 0xEF
    .byte   0xE0, 0xEF, 0xFF, 0xF0, 0xE0, 0xEE, 0xEE, 0xEE, 0xEF, 0x01, 0x22, 0x22, 0x31, 0x21, 0x10, 0xEE
    .byte   0xEE, 0xE0, 0xEE, 0x00, 0xF0, 0x01, 0xF1,   -3, 0x0F, 0x00, 0xE0, 0xEE, 0xFE, 0x0E, 0xFF, 0xFF
    .byte   0xFF, 0x1E, 0xFF, 0xEF, 0xE0, 0xF1, 0x22, 0x33, 0x33, 0x34, 0x23, 0x20, 0x0F, 0xEF, 0xEF, 0xFF
    .byte   0xF0, 0xF0, 0xFF, 0xED, 0xFE, 0xEE, 0xFF, 0xF2,    1, 0x02, 0x22, 0x22, 0x2F, 0x0F, 0xEE, 0xEE
    .byte   0x0E, 0xFF, 0xFF, 0xF1, 0xF1, 0xF0, 0x0F, 0x0F, 0xE0, 0xE0, 0xEE, 0x0E, 0x0E, 0xFF, 0xFF, 0xF0
    .byte   0xE0, 0xFE, 0xF0, 0x00, 0x13, 0x23, 0x33, 0x33, 0x33,   36, 0x02, 0x0F, 0xFF, 0xEF, 0xFF, 0xE1
    .byte   0x00, 0xEF, 0xFE, 0xEE, 0xEE, 0xFF, 0x01, 0x12, 0x21, 0x22, 0x11, 0x10, 0xE0, 0xEE, 0xFE, 0xE0
    .byte   0xFF, 0xF0, 0x01, 0x10, 0x0F, 0x00, 0xFE, 0x0E, 0xEE, 0xFE,  -26, 0x0E, 0xF0, 0xE0, 0xF0, 0x0F
    .byte   0x0F, 0x0E, 0x0F, 0x02, 0x22, 0x33, 0x33, 0x33, 0x31, 0x20, 0x0F, 0xEF, 0xFF, 0xF0, 0x00, 0xF0
    .byte   0xFE, 0xEE, 0xFE, 0xEF, 0xE0, 0x01, 0x22, 0x12, 0x21, 0x11, 0xFF,   16, 0x0E, 0xEF, 0xEF, 0xFF
    .byte   0xF0, 0x00, 0x11, 0xF0, 0x00, 0xFF, 0xEF, 0xFE, 0xEE, 0xEF, 0xEF, 0xFF, 0xFF, 0xF0, 0xFF, 0x0E
    .byte   0x0F, 0x01, 0x12, 0x23, 0x33, 0x33, 0x32, 0x31, 0x2F, 0xFF, 0xEE, 0x0F,   26, 0x0F, 0x00, 0x0F
    .byte   0x0E, 0xFE, 0xEE, 0xEF, 0xF0, 0x11, 0x21, 0x22, 0x20, 0x01, 0x0E, 0x0E, 0xEE, 0x0E, 0xFF, 0x0F
    .byte   0x10, 0x01, 0x10, 0x0F, 0x0E, 0x0E, 0xFE, 0xEE, 0xEF, 0xEF, 0xFE, 0x10, 0x1F,  -36, 0x00, 0xFF
    .byte   0xF0, 0xF1, 0x12, 0x13, 0x33, 0x33, 0x32, 0x22, 0x20, 0xFE, 0xFF, 0xEF, 0x0F, 0x11, 0x0F, 0x0E
    .byte   0xFE, 0xEE, 0xEF, 0xFF, 0x01, 0x22, 0x12, 0x21, 0x00, 0xFF, 0xEE, 0xFE, 0xFE, 0x1F,   -1, 0x01
    .byte   0x10, 0x11, 0x00, 0xF0, 0xFF, 0xFE, 0xFE, 0xEF, 0xEE, 0xEF, 0xE0, 0xFF, 0xFF, 0x0F, 0x00, 0xFF
    .byte   0x00, 0x10, 0x22, 0x23, 0x33, 0x32, 0x32, 0x22, 0x1F, 0xFE, 0x0E, 0xF0, 0x01, 0x01, 0xF0,   24
    .byte   0x0E, 0xFE, 0xEE, 0xEF, 0xF1, 0x11, 0x22, 0x12, 0x10, 0x1F, 0xE0, 0xEE, 0x0E, 0xE1, 0x00, 0x10
    .byte   0x20, 0x10, 0x0F, 0xF0, 0xE0, 0xEF, 0xFE, 0xFE, 0xEF, 0xEF, 0xEF, 0xEE, 0x0F, 0xFF, 0x00, 0x01
    .byte    -40, 0x01, 0x12, 0x12, 0x23, 0x23, 0x23, 0x33, 0x12, 0x11, 0xFF, 0x0E, 0xFF, 0xF0, 0x10, 0x00
    .byte   0xF0, 0xEE, 0xEF, 0xEE, 0xF0, 0x01, 0x21, 0x22, 0x11, 0x0F, 0xFE, 0xEE, 0xEF, 0xFE, 0x21, 0x02
    .byte   0x11,    8, 0x00, 0xFE, 0x0E, 0x0F, 0xE0, 0xFE, 0x1F, 0xEE, 0x0E, 0xEE, 0xFE, 0x0E, 0xF0, 0x00
    .byte   0x11, 0x01, 0x10, 0x21, 0x22, 0x23, 0x23, 0x32, 0x31, 0x21, 0x1F, 0x00, 0xE0, 0x10, 0x01, 0x00
    .byte   0xFF, 0xFE,   17, 0x0F, 0xEE, 0xF0, 0x10, 0x02, 0x12, 0x10, 0x0F, 0xFF, 0xEF, 0xEE, 0x0F, 0x00
    .byte   0x02, 0x10, 0x10, 0x00, 0xE0, 0x0E, 0xF0, 0xFF, 0x0E, 0xFF, 0xEE, 0xFE, 0xEE, 0xEF, 0xE0, 0xF1
    .byte   0x11, 0x11, 0x11,  -34, 0x01, 0x01, 0x22, 0x13, 0x23, 0x23, 0x22, 0x22, 0xF0, 0x1F, 0xFF, 0x11
    .byte   0x11, 0x11, 0x0E, 0xFE, 0xEF, 0xEE, 0xF0, 0x11, 0x02, 0x11, 0x00, 0xF0, 0xE0, 0xEF, 0xFF, 0xF0
    .byte   0x10, 0x01, 0x00, 0x00,    4, 0x0F, 0x0E, 0x0F, 0x0F, 0xF0, 0xEF, 0x0E, 0xEF, 0xEE, 0xE0, 0xEF
    .byte   0xF0, 0xF0, 0x01, 0x00, 0x11, 0x10, 0x20, 0x02, 0x22, 0x22, 0x23, 0x22, 0x22, 0x20, 0xF0, 0x00
    .byte   0x02, 0x02, 0x01, 0x1F, 0xEF,   22, 0x0E, 0xE0, 0xE0, 0x10, 0x20, 0x20, 0x1E, 0x0E, 0xFF, 0xEF
    .byte   0xF0, 0x11, 0x11, 0x00, 0xFE, 0xF0, 0xE0, 0x0F, 0x10, 0x11, 0xFF, 0x0E, 0xFE, 0xFE, 0xE0, 0xE0
    .byte   0xE0, 0x0E, 0xFF, 0x0F, 0x01, 0x01,  -30, 0x01, 0x11, 0x11, 0x11, 0x11, 0x22, 0x32, 0x31, 0x22
    .byte   0x10, 0xFF, 0x02, 0xF2, 0x22, 0x20, 0x1F, 0xEE, 0xEE, 0xEF, 0xF0, 0x12, 0x02, 0x0F, 0xEF, 0xEE
    .byte   0xFF, 0xF1, 0x01, 0x00, 0x0F, 0x0E, 0xFF,    1, 0x00, 0x10, 0x10, 0xF0, 0xE0, 0xFF, 0xF0, 0xFF
    .byte   0x0E, 0xFE, 0xEF, 0xEF, 0xE0, 0xF1, 0x01, 0x00, 0xF0, 0x00, 0x10, 0x20, 0x12, 0x11, 0x10, 0x02
    .byte   0x22, 0x22, 0x22, 0x21, 0x0F, 0x00, 0x20, 0x22,   30, 0x01, 0x11, 0x0E, 0xEE, 0x0E, 0xF1, 0x12
    .byte   0x11, 0x00, 0xEE, 0xFE, 0xFF, 0x00, 0x01, 0xFF, 0x0E, 0xFF, 0xFF, 0x00, 0x11, 0xF0, 0xFF, 0xF0
    .byte   0xE0, 0xF0, 0x0F, 0x0E, 0x0E, 0xEE, 0x0E, 0xF0, 0x11,  -23, 0x01, 0x2F, 0x0E, 0xEE, 0xE0, 0x12
    .byte   0x32, 0x32, 0x2F, 0xEE, 0xE0, 0xE2, 0x23, 0x32, 0x30, 0x0E, 0xFE, 0xE0, 0x22, 0x22, 0x22, 0x0F
    .byte   0xEE, 0xDE, 0xF1, 0x12, 0x23, 0x0F, 0xFE, 0xED, 0xFF, 0xE1,    9, 0x01, 0x11, 0xE0, 0xEE, 0xF0
    .byte   0x10, 0x10, 0x00, 0xEE, 0xFE, 0xF0, 0x12, 0x11, 0x0F, 0xEE, 0xEE, 0xFF, 0xF1, 0x20, 0x20, 0xFF
    .byte   0xFF, 0xFF, 0x01, 0x02, 0x01, 0x10, 0x12, 0x12, 0x12, 0x0E, 0xF0,   -6, 0x0F, 0x21, 0x32, 0x22
    .byte   0x1E, 0x0E, 0xFF, 0xF1, 0x22, 0x21, 0x2F, 0xEF, 0xEE, 0xE0, 0x12, 0x21, 0x21, 0x0F, 0xEE, 0xFE
    .byte   0xFF, 0x0F, 0x00, 0xFF, 0xF0, 0x11, 0xF1, 0x0E, 0xFE, 0x0E, 0xF0, 0x02,   -4, 0x01, 0x00, 0xEE
    .byte   0xEE, 0xEF, 0x01, 0x21, 0x21, 0x10, 0xEF, 0xFE, 0xF0, 0x11, 0x22, 0x21, 0x10, 0x0E, 0xF0, 0x01
    .byte   0x02, 0x20, 0x20, 0x20, 0xF0, 0x0F, 0xFF, 0x00, 0x12, 0x22, 0x21, 0x00, 0xEF,   10, 0x00, 0x02
    .byte   0x11, 0x21, 0x1F, 0xFE, 0xFE, 0x0F, 0x11, 0x11, 0x10, 0xFF, 0xF0, 0xF0, 0x0E, 0x0E, 0x0E, 0x0F
    .byte   0x10, 0x11, 0x1F, 0xFE, 0xFE, 0xEF, 0xF0, 0x11, 0x11, 0xF0, 0x01, 0xE0, 0xE0, 0x0E,  -22, 0x02
    .byte   0x02, 0x22, 0x00, 0xEF, 0xEF, 0xF0, 0x10, 0x21, 0x22, 0xF1, 0x11, 0x01, 0x2F, 0xE0, 0xEF, 0xF2
    .byte   0x22, 0x3F, 0x0F, 0xEE, 0xEF, 0x02, 0x32, 0x21, 0xFE, 0xEE, 0xE0, 0x12, 0x22, 0x20, 0xEE,   11
    .byte   0x0F, 0xF0, 0x12, 0x11, 0x10, 0xEE, 0xFF, 0xF1, 0x11, 0xFF, 0xEE, 0xEE, 0x11, 0x12, 0x21, 0x0E
    .byte   0xEE, 0xEE, 0x10, 0x21, 0x10, 0xE0, 0xF0, 0x12, 0x12, 0xFF, 0xEE, 0xFE, 0x02, 0x22, 0x21, 0x1F
    .byte     -5, 0x0E, 0xEF, 0xF0, 0x21, 0x22, 0x22, 0xFF, 0xFF, 0xF0, 0x02, 0xE1, 0x00, 0x02, 0x02, 0x0F
    .byte   0xFE, 0xFE, 0x12, 0x32, 0x21, 0xEE, 0xDE, 0xFE, 0x22, 0x32, 0x10, 0x0E, 0xEE, 0x01, 0xF1, 0x10
    .byte   0x0F,    6, 0x01, 0xF1, 0x10, 0x1E, 0xEF, 0xEE, 0x11, 0x22, 0x11, 0xFF, 0xEE, 0xEE, 0x11, 0x22
    .byte   0x2F, 0x0D, 0xFE, 0xFF, 0x22, 0x22, 0x10, 0xEE, 0xEE, 0xF0, 0x12, 0x22, 0x10, 0x10, 0xE0, 0x0E
    .byte   0x0F, 0x02,   -3, 0x01, 0x22, 0x0F, 0xEE, 0xF0, 0x02, 0x22, 0x2F, 0x1F, 0xE0, 0xE1, 0x1F, 0x0F
    .byte   0x10, 0xE2, 0x22, 0x21, 0x1E, 0xDE, 0xEF, 0x21, 0x22, 0x2F, 0xFF, 0xEF, 0x1F, 0x1F, 0xFF, 0xF0
    .byte   0xF0, 0x11, 0x01,    4, 0x0F, 0xFF, 0xFE, 0xFF, 0xF0, 0x21, 0x00, 0xFF, 0xF0, 0x00, 0x00, 0xEF
    .byte   0xFF, 0xF2, 0x11, 0x21, 0x0E, 0xFF, 0xFF, 0x10, 0x00, 0x01, 0x20, 0x11, 0x0F, 0xFF, 0x00, 0x01
    .byte   0x21, 0x10, 0xFF, 0x01,    2, 0x01, 0x11, 0x0F, 0xF0, 0x20, 0x01, 0x1F, 0xEF, 0xE2, 0xE0, 0x11
    .byte   0x31, 0x22, 0xEF, 0xDD, 0xFE, 0x12, 0x23, 0xF2, 0x0F, 0x0E, 0x0F, 0xFF, 0xFE, 0xFE, 0x01, 0x22
    .byte   0x22, 0x2F, 0xEE, 0xDE, 0xEE,  -14, 0x01, 0x23, 0x22, 0xFF, 0xEE, 0xEE, 0xF0, 0x02, 0xF0, 0x20
    .byte   0x21, 0x10, 0xEE, 0xEF, 0xE1, 0x12, 0x22, 0x02, 0xFE, 0x0E, 0x00, 0xF0, 0x20, 0x0F, 0xF2, 0x11
    .byte   0x12, 0x1E, 0xEF, 0xFF, 0x22, 0x3F,   11, 0x0F, 0xDF, 0xE2, 0x20, 0x31, 0x0F, 0xEE, 0xEF, 0x10
    .byte   0x2F, 0xFE, 0xFF, 0x12, 0x32, 0x0F, 0xED, 0xEE, 0x02, 0x12, 0x21, 0x0F, 0x01, 0xFF, 0xFE, 0x0E
    .byte   0xF2, 0x11, 0x1F, 0x00, 0xFF, 0xF1, 0x0E,   -7, 0x0F, 0x01, 0x12, 0x1F, 0xFF, 0xF0, 0x11, 0x0F
    .byte   0xFE, 0xF0, 0x02, 0x11, 0x20, 0xEF, 0xFF, 0xF0, 0x11, 0xFF, 0x11, 0x22, 0x11, 0xFF, 0xEE, 0x11
    .byte   0x10, 0x12, 0x11, 0x22, 0x2E, 0xD0, 0xE0, 0x12,    9, 0x00, 0xE0, 0x01, 0x11, 0x00, 0xEE, 0xE1
    .byte   0x22, 0x30, 0xFE, 0xEE, 0xF0, 0x21, 0x1F, 0xFE, 0xF2, 0x22, 0x2F, 0xEE, 0xDE, 0x02, 0x02, 0x0F
    .byte   0xFF, 0x21, 0x00, 0xED, 0xEE, 0x12, 0x23, 0x02, 0xEE,   -8, 0x00, 0xF0, 0x0F, 0x0E, 0x12, 0x22
    .byte   0x20, 0xEE, 0xEE, 0xF2, 0x22, 0xFF, 0xFF, 0x11, 0x22, 0x0F, 0xEF, 0xE2, 0x00, 0x20, 0x02, 0x02
    .byte   0x1E, 0x0E, 0xFF, 0x12, 0x12, 0x0F, 0x1E, 0x0F, 0x1E, 0x0E,   -2, 0x01, 0x12, 0x23, 0x00, 0xEE
    .byte   0xEE, 0xE0, 0x20, 0x12, 0x11, 0x12, 0x10, 0xFD, 0xED, 0xF0, 0x22, 0x21, 0x0F, 0xFF, 0xF1, 0xEE
    .byte   0xED, 0xFF, 0x23, 0x22, 0x00, 0xEE, 0xF0, 0x11, 0xEF, 0xE2, 0x21,   -6, 0x02, 0x2E, 0xEE, 0x10
    .byte   0x20, 0x02, 0xEE, 0x13, 0x02, 0x0F, 0x0E, 0xF0, 0x32, 0x1F, 0xEE, 0xEF, 0x03, 0x02, 0xFE, 0xE1
    .byte   0x03, 0x11, 0x2F, 0xDE, 0xF1, 0x10, 0x21, 0x0F, 0xF1, 0x11, 0xF0, 0xEE,    0, 0x0F, 0x02, 0x11
    .byte   0x00, 0xF0, 0xFE, 0x0E, 0xFE, 0xEF, 0x02, 0x22, 0x10, 0xEE, 0xEE, 0x01, 0xF1, 0x10, 0x20, 0xF2
    .byte   0xFF, 0xFF, 0x10, 0x20, 0x21, 0x11, 0x00, 0xE0, 0x11, 0x12, 0x02, 0x2F, 0xF1,    9, 0x00, 0xFF
    .byte   0x0F, 0x02, 0x12, 0x10, 0x0F, 0xEF, 0x00, 0xF0, 0x00, 0xE0, 0x22, 0x11, 0x0E, 0xEE, 0xEF, 0x21
    .byte   0x10, 0x01, 0xE0, 0x00, 0x0E, 0xEE, 0xFF, 0xE0, 0x00, 0xE0, 0x12, 0x02, 0x00, 0xFE,  -17, 0x0F
    .byte   0x12, 0x02, 0x10, 0xF2, 0x21, 0x20, 0x0E, 0x00, 0x11, 0x21, 0x10, 0xE1, 0x11, 0x22, 0x11, 0xEF
    .byte   0xFF, 0x02, 0x1F, 0xEF, 0xFE, 0x12, 0x20, 0xFE, 0xF0, 0x01, 0x21, 0x0E, 0xFF, 0xF0, 0x21,   10
    .byte   0x0F, 0xEF, 0xF0, 0xE1, 0xFF, 0xEE, 0x02, 0x01, 0xE0, 0xEE, 0xEF, 0x20, 0x0F, 0x00, 0xEF, 0xF0
    .byte   0x0F, 0x12, 0x21, 0x11, 0xFF, 0x10, 0x22, 0x12, 0x22, 0x1F, 0x32, 0x2E, 0x01, 0xEE, 0x01, 0x10
    .byte     15, 0x01, 0x00, 0xF0, 0x21, 0xFF, 0xEE, 0xDF, 0x00, 0x20, 0x10, 0xF1, 0x11, 0x10, 0xFF, 0x0F
    .byte   0xF0, 0xF0, 0xFF, 0x02, 0x02, 0x11, 0x0F, 0xEE, 0x0E, 0x0F, 0xFE, 0xE1, 0x10, 0x21, 0xEE, 0xEE
    .byte   0xFF,  -23, 0x01, 0x00, 0xEF, 0x11, 0x02, 0x01, 0x1F, 0x02, 0x11, 0x02, 0x20, 0x21, 0x20, 0x22
    .byte   0x32, 0x11, 0xF0, 0xDF, 0x00, 0x10, 0xE0, 0xF1, 0x12, 0x3F, 0xEE, 0xED, 0xEF, 0x10, 0x00, 0xFF
    .byte   0x02, 0x12,   11, 0x0F, 0xE0, 0xEF, 0x00, 0x0F, 0xFF, 0x11, 0x22, 0x21, 0x0F, 0x0E, 0xFF, 0xEF
    .byte   0xEF, 0xEF, 0x01, 0x00, 0x0E, 0xEE, 0x0E, 0xFF, 0xF0, 0x0E, 0x01, 0x22, 0x21, 0x2E, 0xEF, 0x02
    .byte   0x22, 0x32, 0x10,    5, 0x01, 0x32, 0x31, 0xFE, 0xEE, 0xF1, 0x11, 0x0E, 0x0E, 0x11, 0x22, 0x0E
    .byte   0xEE, 0xDF, 0x01, 0xF1, 0xFF, 0x00, 0x22, 0x11, 0x0E, 0x00, 0x01, 0xF1, 0x00, 0x01, 0x11, 0x21
    .byte   0x00, 0x02, 0x0F, 0xFF,    7, 0x0E, 0xEE, 0xFF, 0xFF, 0x0E, 0xFF, 0x0F, 0xE0, 0xEE, 0xEE, 0x00
    .byte   0x21, 0x22, 0x21, 0x12, 0xFE, 0xF2, 0x12, 0x22, 0x21, 0x12, 0x33, 0x21, 0x0E, 0xED, 0x12, 0xE0
    .byte   0xFE, 0x0F, 0x03, 0x12, 0xEE,   13, 0x0D, 0xEF, 0xF1, 0xEF, 0xF0, 0x02, 0x22, 0x11, 0x1E, 0x0F
    .byte   0x01, 0x0F, 0xF0, 0x0F, 0x22, 0x22, 0x01, 0x0F, 0xFF, 0xFE, 0xEE, 0xEE, 0xFF, 0x00, 0xEF, 0xFF
    .byte   0xFF, 0xFF, 0xEE, 0xEF, 0xFF, 0x11,  -30, 0x02, 0x12, 0x20, 0x02, 0x02, 0xF2, 0xFF, 0x22, 0x22
    .byte   0x23, 0x00, 0x2E, 0x2E, 0xF1, 0xE1, 0xEE, 0x1F, 0x2F, 0x12, 0x0E, 0x0E, 0xEE, 0xFF, 0xF0, 0xEF
    .byte   0x20, 0x12, 0x22, 0xE1, 0x1F, 0x0F, 0x1F,    4, 0x0F, 0xE1, 0x22, 0x12, 0x12, 0xFE, 0x1E, 0xEE
    .byte   0xFE, 0xE0, 0x01, 0x10, 0xFF, 0xFE, 0xEE, 0x0E, 0xFE, 0x00, 0x10, 0x20, 0x10, 0x21, 0x0E, 0xF0
    .byte   0x10, 0x32, 0x3F, 0x12, 0x10, 0x20, 0x22, 0x11,   17, 0x01, 0x0E, 0x20, 0x0F, 0xEF, 0xFF, 0x02
    .byte   0x11, 0xE0, 0xEF, 0xEF, 0x0F, 0xF0, 0xE0, 0x02, 0x21, 0x11, 0x1F, 0xF0, 0x00, 0xFF, 0x10, 0x10
    .byte   0x20, 0xF2, 0x11, 0x1F, 0xFE, 0xDE, 0xF0, 0xF0, 0xFF,   -8, 0x0F, 0x01, 0x10, 0xEE, 0xEE, 0xEE
    .byte   0x12, 0x00, 0x20, 0x11, 0x12, 0x01, 0xF0, 0xE0, 0x21, 0x22, 0x03, 0xFF, 0x2F, 0x20, 0xF3, 0x01
    .byte   0x0F, 0x2F, 0xF0, 0xF0, 0xEE, 0x10, 0x0F, 0x21, 0x0E, 0xE1,    5, 0x0F, 0x0F, 0xFF, 0xE0, 0x02
    .byte   0x21, 0x11, 0xF1, 0x01, 0x0F, 0xFE, 0xE0, 0x21, 0x30, 0x22, 0xFE, 0xFE, 0x0F, 0xEE, 0xEE, 0xE0
    .byte   0x12, 0x2F, 0xEF, 0xEE, 0xFF, 0x1E, 0xEE, 0x00, 0x21, 0x21, 0x10,  -19, 0x01, 0x00, 0x02, 0x0E
    .byte   0x11, 0x21, 0x23, 0x10, 0xFF, 0x01, 0x12, 0x31, 0x1E, 0x1F, 0xF0, 0x01, 0xEE, 0xE0, 0x21, 0x23
    .byte   0x0F, 0xEE, 0xEF, 0xF1, 0xFF, 0xEE, 0x01, 0x23, 0x22, 0xEE, 0xF1, 0x11,   13, 0x0F, 0xEE, 0xEF
    .byte   0x12, 0x21, 0x11, 0xE0, 0xF0, 0x0F, 0xEE, 0xEF, 0xE1, 0x21, 0x00, 0xE0, 0xFF, 0xF0, 0x0E, 0xFF
    .byte   0x0F, 0xF1, 0x11, 0xF1, 0x11, 0x01, 0xF0, 0x11, 0x21, 0xF0, 0x12, 0x10, 0x21,    2, 0x00, 0x10
    .byte   0x22, 0x22, 0xF0, 0xEE, 0x10, 0x01, 0x0F, 0xEF, 0x11, 0x22, 0x0F, 0xEE, 0xFF, 0x02, 0xF0, 0xEF
    .byte   0xFF, 0x22, 0x22, 0xE0, 0xFF, 0xFF, 0x1E, 0x1E, 0x00, 0xF2, 0x01, 0x10, 0xFE, 0x0E,   -1, 0x0F
    .byte   0xEF, 0xEF, 0xFF, 0x01, 0x10, 0x0F, 0x00, 0xFE, 0x1F, 0xFF, 0x1F, 0xF0, 0x20, 0x12, 0x11, 0x0F
    .byte   0xF1, 0x11, 0xF2, 0x21, 0x20, 0x10, 0x01, 0x11, 0x10, 0x10, 0xF0, 0x10, 0x10, 0x10, 0x0F,    7
    .byte   0x01, 0x11, 0x10, 0xE0, 0xF0, 0x2F, 0x0F, 0x01, 0x00, 0x20, 0x0F, 0xF0, 0x01, 0x00, 0x0F, 0xFF
    .byte   0x00, 0xF0, 0xFF, 0x0E, 0xFF, 0xFF, 0xF0, 0xE0, 0xE0, 0xFF, 0xFF, 0x00, 0x00, 0x11, 0x1E, 0xEF
    .byte    -24, 0x0F, 0x02, 0x22, 0x0F, 0x01, 0x2F, 0x2F, 0x0E, 0x02, 0x20, 0x21, 0x00, 0xF1, 0x20, 0x1F
    .byte   0x0F, 0xF2, 0x12, 0xEE, 0x0F, 0x02, 0x12, 0xFE, 0xF0, 0x20, 0x00, 0xE0, 0xE1, 0x22, 0x2F, 0xFF
    .byte   0xFF,   11, 0x02, 0x10, 0xEE, 0xFE, 0x11, 0x21, 0xF0, 0xEF, 0x01, 0x10, 0xFE, 0xEE, 0xFF, 0x10
    .byte   0x00, 0xEF, 0xF1, 0x11, 0x10, 0xEE, 0xFF, 0x10, 0x02, 0x00, 0x1F, 0x20, 0x01, 0x0F, 0x1F, 0x20
    .byte   0x11, 0x01,   -1, 0x02, 0x10, 0x0F, 0xE0, 0x12, 0x20, 0x1E, 0x0F, 0x11, 0x31, 0x0D, 0xFF, 0xE2
    .byte   0x22, 0xFE, 0xEF, 0x02, 0x22, 0x00, 0xE0, 0x01, 0x01, 0x00, 0xE0, 0xF0, 0x11, 0x0F, 0xFF, 0xFF
    .byte   0x00, 0x0F, 0xEF,   -2, 0x0E, 0x0F, 0x00, 0xE1, 0x01, 0x00, 0x00, 0xFE, 0xE0, 0x11, 0x0F, 0xF1
    .byte   0x21, 0x12, 0x00, 0xEE, 0x11, 0x00, 0x21, 0x12, 0x01, 0x21, 0x00, 0xFE, 0x0E, 0x21, 0x20, 0x11
    .byte   0x00, 0x02, 0x01, 0x1F,   10, 0x0E, 0x00, 0xF1, 0x11, 0x0F, 0xEF, 0x22, 0x21, 0x0F, 0xEE, 0x12
    .byte   0x20, 0xE0, 0xEF, 0x02, 0x2F, 0xFE, 0xEF, 0x00, 0x21, 0xEE, 0xEF, 0xFF, 0x21, 0xF0, 0xE0, 0xE0
    .byte   0x11, 0x0E, 0xFF, 0xFF, 0x02,  -11, 0x01, 0x0E, 0x0F, 0x11, 0x12, 0x00, 0xE0, 0x01, 0x21, 0x11
    .byte   0x1F, 0x11, 0x11, 0x00, 0xEF, 0x12, 0x22, 0x0E, 0xFF, 0x12, 0x11, 0xFF, 0xF0, 0x10, 0x11, 0xEF
    .byte   0x0F, 0x22, 0x12, 0xFF, 0xFE, 0x02,   11, 0x01, 0xEF, 0xFF, 0x12, 0x21, 0x1F, 0xEE, 0xFF, 0x1F
    .byte   0xFE, 0xE0, 0xF1, 0x02, 0x00, 0xEF, 0xFF, 0xFF, 0xFF, 0xEF, 0xF1, 0x02, 0x11, 0x0F, 0x01, 0x1F
    .byte   0x0E, 0x0E, 0x22, 0x12, 0x10, 0xFF, 0x01,    0, 0x00, 0xFE, 0xFF, 0x11, 0x32, 0x1E, 0xEE, 0x01
    .byte   0x23, 0xE0, 0xFE, 0x2F, 0x20, 0xF0, 0xE0, 0xFF, 0x22, 0x2E, 0x2F, 0xFF, 0x10, 0xFF, 0xFF, 0x00
    .byte   0x01, 0x21, 0x0F, 0xFE, 0xFF, 0xF0, 0x0E, 0xFF,   -2, 0x01, 0x01, 0x0F, 0xFE, 0xF0, 0xFE, 0xF0
    .byte   0x11, 0x00, 0x10, 0xF0, 0x0F, 0xFF, 0xF0, 0x11, 0x01, 0x21, 0x1F, 0x0F, 0x00, 0x01, 0x10, 0x20
    .byte   0x20, 0xF0, 0x1F, 0x00, 0x10, 0x00, 0x01, 0x21, 0x01,    8, 0x00, 0xF0, 0xF0, 0x0F, 0xEF, 0x22
    .byte   0x21, 0x00, 0x0E, 0x01, 0x00, 0x0E, 0x00, 0x02, 0x21, 0x0E, 0xEF, 0xF0, 0x11, 0xFE, 0xFF, 0x01
    .byte   0x01, 0xFF, 0xEF, 0x0F, 0x1F, 0xF0, 0xEF, 0x01, 0x01, 0x0F,  -11, 0x0F, 0x0F, 0x11, 0xF0, 0xF0
    .byte   0x10, 0x20, 0x1F, 0x10, 0x00, 0x1F, 0x01, 0x02, 0x02, 0x11, 0x00, 0xE0, 0x00, 0x11, 0x11, 0x01
    .byte   0x02, 0x01, 0x0E, 0xFE, 0xF0, 0x13, 0x02, 0x0F, 0xE0, 0xF1, 0x1F,    8, 0x0F, 0xFF, 0x11, 0x22
    .byte   0x0F, 0xEF, 0xFF, 0xF1, 0x0E, 0x1E, 0x11, 0x01, 0x00, 0xEF, 0xF0, 0xF0, 0xEF, 0xFF, 0x02, 0xF0
    .byte   0xF0, 0xEF, 0x02, 0x0F, 0x0F, 0x0F, 0x00, 0x21, 0x0F, 0x1F, 0x11, 0x11,   -3, 0x0F, 0xF0, 0x11
    .byte   0x01, 0x11, 0x10, 0x10, 0x01, 0x02, 0x00, 0x1E, 0x0F, 0x11, 0x11, 0x00, 0xEF, 0x12, 0x20, 0x10
    .byte   0xFE, 0x00, 0x11, 0x10, 0xE0, 0xF1, 0x12, 0x1F, 0x0E, 0xFF, 0x01, 0x10, 0xFE,    0, 0x0F, 0x00
    .byte   0x21, 0xEF, 0x0E, 0x0F, 0xFF, 0xFF, 0xF0, 0x11, 0x11, 0xF0, 0xE0, 0x10, 0x00, 0xFF, 0xF1, 0x12
    .byte   0x21, 0x0E, 0xFF, 0xF2, 0x02, 0x1F, 0xF0, 0x00, 0x21, 0x0F, 0xF0, 0x11, 0x12, 0x10,    9, 0x00
    .byte   0xE0, 0x00, 0x11, 0xF1, 0x0E, 0x0F, 0x21, 0x20, 0xF0, 0xE0, 0x01, 0x10, 0x0E, 0x0F, 0x12, 0x2F
    .byte   0x0E, 0xE0, 0x11, 0x11, 0xFE, 0xFE, 0x21, 0x10, 0x1E, 0xEF, 0x01, 0x01, 0xE1, 0xE1, 0x10,   -6
    .byte   0x0F, 0xF0, 0xEF, 0x02, 0x01, 0x10, 0xEF, 0x11, 0x11, 0x10, 0x1F, 0x11, 0x10, 0x00, 0x00, 0x00
    .byte   0x00, 0x12, 0x20, 0x10, 0xE0, 0xE2, 0x10, 0x1F, 0x00, 0x12, 0x10, 0x0E, 0x0E, 0x12, 0x21, 0xFF
    .byte      8, 0x0F, 0x01, 0x11, 0x0F, 0xE0, 0xF1, 0x21, 0x00, 0x0E, 0xF0, 0x11, 0x0F, 0xEF, 0xFF, 0x11
    .byte   0x00, 0xFE, 0x0F, 0x10, 0x1F, 0xFE, 0xF0, 0x11, 0x10, 0xFF, 0xF0, 0x01, 0x10, 0x0F, 0xFF, 0x11
    .byte   0x11,   -5, 0x0F, 0x11, 0x01, 0x10, 0xFF, 0xFF, 0x02, 0x11, 0x10, 0x00, 0x01, 0x11, 0x0E, 0xFF
    .byte   0x12, 0x20, 0x1E, 0xFF, 0x02, 0x00, 0x0E, 0xF1, 0x12, 0x21, 0xFE, 0x0E, 0x02, 0x10, 0xF0, 0xE1
    .byte   0x10, 0x20,    6, 0x0F, 0xFF, 0x02, 0x00, 0xEE, 0xFF, 0x01, 0x11, 0xFF, 0xF0, 0x11, 0xF0, 0xEF
    .byte   0xEF, 0x20, 0x20, 0x00, 0xE0, 0x01, 0x01, 0x00, 0xE0, 0x12, 0x10, 0x1F, 0x0F, 0x00, 0x20, 0x0E
    .byte   0xFF, 0x11, 0x21,    2, 0x0F, 0xFF, 0x00, 0x20, 0xF0, 0xFF, 0xF0, 0x20, 0x11, 0xF0, 0xF0, 0x02
    .byte   0xFE, 0xFF, 0xF0, 0x22, 0x1F, 0x1F, 0x0F, 0x01, 0x0F, 0xEF, 0x10, 0x12, 0xF0, 0x0F, 0x0F, 0x1F
    .byte   0x1F, 0xFF, 0xF0, 0xF0,   -1, 0x00, 0x00, 0x01, 0x00, 0xF0, 0x0F, 0xFF, 0xFF, 0x10, 0x00, 0xF1
    .byte   0x00, 0x01, 0x1F, 0x0F, 0x00, 0xF1, 0x01, 0xF0, 0x00, 0x20, 0x10, 0x0E, 0x01, 0x01, 0xF0, 0xF0
    .byte   0x02, 0x11, 0x00, 0xFF, 0x00,    1, 0x00, 0xFF, 0xF0, 0x12, 0x11, 0x00, 0xE0, 0x01, 0x00, 0x10
    .byte   0xF0, 0x11, 0x10, 0x0F, 0x00, 0x01, 0xF0, 0xF0, 0xF0, 0x11, 0x01, 0xF0, 0xF0, 0xF0, 0xF0, 0x00
    .byte   0x00, 0x00, 0x10, 0xF0, 0xE0, 0xFF,   -5, 0x00, 0x20, 0x10, 0xF0, 0xFF, 0x1F, 0x00, 0xF1, 0x00
    .byte   0x0F, 0x1F, 0xF1, 0x10, 0x11, 0x00, 0x00, 0xF1, 0xF0, 0xF0, 0xF1, 0x10, 0x01, 0xF1, 0x01, 0x11
    .byte   0x0E, 0x00, 0xF0, 0x02, 0x01, 0x10, 0xF0,    2, 0x0F, 0x0F, 0xFF, 0x01, 0x20, 0x1F, 0xF0, 0x01
    .byte   0x1F, 0x0F, 0xF0, 0x01, 0x10, 0xF0, 0xF0, 0x11, 0x10, 0xFF, 0x00, 0x00, 0x1F, 0xFF, 0x00, 0x01
    .byte   0x01, 0xF0, 0x0F, 0x10, 0x0F, 0xE1, 0x11, 0x00,    0, 0x0E, 0x00, 0x11, 0x11, 0xF0, 0xFF, 0x11
    .byte   0x0F, 0x00, 0xF1, 0x01, 0x11, 0xFF, 0xF1, 0x01, 0x00, 0x01, 0x01, 0xF0, 0xF0, 0xFF, 0x10, 0x10
    .byte   0x00, 0x10, 0x11, 0xF0, 0xFE, 0x01, 0x01, 0x11, 0x00,    1, 0x00, 0x00, 0x00, 0xFF, 0x10, 0x10
    .byte   0x00, 0x00, 0x00, 0x00, 0xF0, 0x10, 0x0F, 0x00, 0xF1, 0x01, 0x01, 0x0F, 0xFF, 0x01, 0x01, 0x00
    .byte   0xFF, 0x01, 0x10, 0xFF, 0xF0, 0x10, 0x10, 0x1F, 0x0F, 0x1F,    1, 0x00, 0xF0, 0xFF, 0x01, 0x11
    .byte   0x00, 0xF0, 0x0F, 0x1F, 0x1F, 0xF1, 0x01, 0x01, 0x00, 0xFF, 0x1F, 0x1F, 0x00, 0x1F, 0x01, 0xF1
    .byte   0x0F, 0x10, 0x0F, 0x00, 0x01, 0x01, 0xF0, 0x01, 0xFF, 0x00, 0x11,    1, 0x00, 0x1F, 0xFF, 0x10
    .byte   0x11, 0x0F, 0x0F, 0x00, 0x01, 0x0F, 0x00, 0xF1, 0x01, 0x0F, 0x1F, 0x1F, 0xF1, 0x01, 0xF1, 0xFF
    .byte   0x1F, 0x11, 0x01, 0xFF, 0xF0, 0x00, 0x01, 0x1F, 0x00, 0x01, 0x00, 0xF0,    0, 0x00, 0xF0, 0x01
    .byte   0x01, 0xF0, 0x00, 0x0F, 0x10, 0x00, 0x00, 0x00, 0x1F, 0xF0, 0xF1, 0x10, 0x10, 0x0F, 0x00, 0xF1
    .byte   0x00, 0xF1, 0xF1, 0x00, 0x1F, 0x00, 0x0F, 0x01, 0x01, 0x00, 0xFF, 0x1F, 0x11,    1, 0x00, 0x00
    .byte   0xF0, 0x1F, 0x0F, 0x01, 0x00, 0x10, 0xF0, 0x00, 0x00, 0x00, 0x0F, 0x00, 0x01, 0x00, 0x00, 0xF0
    .byte   0x01, 0x00, 0x0F, 0x01, 0x1F, 0x1F, 0x0F, 0x10, 0x00, 0x00, 0x0F, 0x10, 0x00, 0x00,    0, 0x00
    .byte   0x01, 0xFF, 0x1F, 0x00, 0x10, 0xF1, 0x00, 0x1F, 0x10, 0xF0, 0xF1, 0xF1, 0x01, 0x0F, 0x00, 0xF1
    .byte   0x1F, 0x00, 0x00, 0xF1, 0xF1, 0x01, 0xF1, 0xFF, 0x10, 0x00, 0x00, 0x0F, 0x11, 0x00, 0x0F,    0
    .byte   0x0F, 0x00, 0x10, 0x10, 0x00, 0xF0, 0x00, 0xF1, 0x1F, 0x01, 0xF0, 0x10, 0x0F, 0xF0, 0x01, 0x00
    .byte   0x01, 0x0F, 0x00, 0x00, 0xF1, 0xF1, 0x0F, 0x11, 0x0F, 0x00, 0xF1, 0xF1, 0x01, 0xFF, 0x1F, 0x10
    .byte      0, 0x00, 0x1F, 0x01, 0xF0, 0xF0, 0x01, 0x00, 0x00, 0x1F, 0x00, 0xF1, 0xF0, 0x00, 0x01, 0x10
    .byte   0x00, 0xF0, 0x00, 0xF0, 0x10, 0x1F, 0x00, 0x10, 0xF0, 0x00, 0xF1, 0x00, 0x0F, 0x10, 0x00, 0x00
    .byte   0x00,    0, 0x00, 0x0F, 0x01, 0xF0, 0x00, 0x01, 0x00, 0x00, 0x01, 0xFF, 0x10, 0x00, 0x00, 0x10
    .byte   0xF0, 0x10, 0xF0, 0x00, 0x00, 0xF1, 0x00, 0x00, 0x00, 0x01, 0xF0, 0x10, 0xFF, 0x01, 0x00, 0x0F
    .byte   0x11, 0xF0,    0, 0x00, 0x00, 0xF1, 0x00, 0xF1, 0x00, 0x00, 0x00, 0x1F, 0x00, 0x00, 0x00, 0x01
    .byte   0xFF, 0x10, 0x00, 0x1F, 0x01, 0x0F, 0x00, 0xF1, 0x00, 0x00, 0x00, 0xF1, 0x00, 0x0F, 0x10, 0x01
    .byte   0xF0, 0x00, 0x00,   -1, 0x00, 0x10, 0x01, 0xFF, 0x10, 0x1F, 0x00, 0x00, 0x00, 0x00, 0x00, 0x00
    .byte   0x1F, 0x0F, 0x10, 0x00, 0x00, 0x00, 0x00, 0x00, 0xF1, 0xF1, 0x01, 0xFF, 0x10, 0x00, 0x00, 0xF0
    .byte   0x10, 0x00, 0x00, 0x00,    0, 0x01, 0xF0, 0x00, 0x00, 0x1F, 0x0F, 0x10, 0x00, 0x00, 0x00, 0x1F
    .byte   0x01, 0xF0, 0x00, 0x00, 0x00, 0x00, 0x00, 0x00, 0x00, 0x00, 0x00, 0x00, 0x0F, 0x10, 0x00, 0x0F
    .byte   0x10, 0x00, 0x00, 0x00, 0x00,   -1, 0x01, 0x1F, 0x00, 0x00, 0x1F, 0x00, 0x00, 0x00, 0x00, 0x00
    .byte   0x0F, 0x10, 0xF1, 0x01, 0x00, 0x00, 0xF0, 0xF1, 0x0F, 0x10, 0x10, 0x0F, 0x00, 0x01, 0xF0, 0x01
    .byte   0xF0, 0xF0, 0x10, 0x0F, 0x10, 0x00,    0, 0x00, 0x1F, 0x01, 0xF0, 0x1F, 0x00, 0x00, 0x00, 0x00
    .byte   0x00, 0x1F, 0x1F, 0x00, 0xF0, 0x10, 0x01, 0x0F, 0x00, 0xF1, 0xF1, 0xF1, 0x00, 0xF1, 0x0F, 0x10
    .byte   0x01, 0xF0, 0xF0, 0x11, 0xF0, 0x10, 0xF0,    0, 0x01, 0xF0, 0x01, 0xF0, 0x00, 0x00, 0xF1, 0x00
    .byte   0x0F, 0x11, 0xF0, 0x00, 0xF0, 0x10, 0x0F, 0x10, 0x00, 0x00, 0xF1, 0x00, 0x00, 0xF1, 0x1F, 0x1F
    .byte   0x00, 0x01, 0xF0, 0x00, 0xF0, 0x10, 0x1F, 0x0F,    0, 0x00, 0x00, 0x00, 0xF1, 0x00, 0x1F, 0x1F
    .byte   0x00, 0x00, 0x00, 0x00, 0x0F, 0x10, 0xF1, 0xF1, 0x00, 0xF1, 0x00, 0x00, 0x00, 0x00, 0x00, 0x00
    .byte   0x00, 0x00, 0x00, 0x0F, 0x10, 0x00, 0x01, 0xF0, 0x00,    0, 0x00, 0x00, 0x00, 0x01, 0x0F, 0x1F
    .byte   0xF1, 0x1F, 0x00, 0x00, 0x1F, 0x00, 0x00, 0x00, 0x00, 0x01, 0x0F, 0x10, 0xF0, 0x00, 0x00, 0x00
    .byte   0x00, 0xF1, 0x00, 0x00, 0x00, 0x00, 0x00, 0x1F, 0x00, 0x00,    0, 0x01, 0xFF, 0x10, 0x01, 0xF0
    .byte   0x01, 0x0F, 0x00, 0x00, 0x00, 0x1F, 0x00, 0x00, 0x01, 0x0F, 0x00, 0x00, 0x00, 0x00, 0x0F, 0x01
    .byte   0x00, 0x00, 0x00, 0x00, 0x00, 0x00, 0x00, 0x00, 0xF1, 0x1F, 0x01,    0, 0x00, 0x00, 0x01, 0x0F
    .byte   0x10, 0xF1, 0xF0, 0x1F, 0x1F, 0xF1, 0x00, 0x0F, 0x00, 0x10, 0x01, 0x0F, 0x1F, 0x0F, 0x1F, 0x10
    .byte   0x10, 0xF0, 0x0F, 0x10, 0x00, 0x01, 0xF0, 0x1F, 0x00, 0x00, 0x00, 0x00,    0, 0x00, 0x00, 0x00
    .byte   0x00, 0x00, 0x1F, 0x00, 0x0F, 0x10, 0xF1, 0x00, 0x0F, 0x10, 0x00, 0x1F, 0x00, 0x00, 0x00, 0x00
    .byte   0x00, 0x10, 0xFF, 0x11, 0xF0, 0x00, 0x1F, 0x00, 0x0F, 0x01, 0xF1, 0x00, 0x1F,    0, 0x00, 0x00
    .byte   0x01, 0x00, 0xF0, 0x1F, 0x0F, 0x10, 0x1F, 0x00, 0x00, 0x1F, 0x00, 0x00, 0x00, 0x00, 0x10, 0xF0
    .byte   0x00, 0xF1, 0xF1, 0x01, 0xF0, 0x10, 0x00, 0xF0, 0x00, 0xF1, 0x01, 0xF0, 0x00, 0x00,    0, 0x0F
    .byte   0x10, 0x00, 0x00, 0x00, 0x00, 0x00, 0x00, 0x1F, 0x01, 0xF0, 0x00, 0x00, 0x1F, 0x1F, 0x1F, 0x0F
    .byte   0x01, 0x0F, 0x00, 0x10, 0x00, 0x00, 0xF1, 0x0F, 0x1F, 0x1F, 0x10, 0x00, 0x00, 0xF1, 0x0F,    0
    .byte   0x00, 0x00, 0x00, 0xF1, 0xF1, 0xF1, 0x00, 0x01, 0xF0, 0x01, 0xF0, 0x00, 0x00, 0x00, 0x00, 0x00
    .byte   0x1F, 0x00, 0x01, 0xF0, 0x00, 0x00, 0x1F, 0x00, 0xF1, 0x00, 0x00, 0x00, 0x01, 0x0F, 0x00, 0x10
    .byte      0, 0x01, 0x0F, 0x1F, 0x1F, 0x01, 0xF0, 0x01, 0x0F, 0x00, 0x00, 0x00, 0x00, 0x1F, 0x00, 0x00
    .byte   0x0F, 0x10, 0x00, 0x00, 0x1F, 0x0F, 0x10, 0x00, 0x0F, 0x10, 0x00, 0x00, 0xF1, 0x00, 0x1F, 0x01
    .byte   0xF0,    0, 0x00, 0x00, 0x00, 0x00, 0x00, 0x01, 0xF0, 0x00, 0x0F, 0x10, 0x00, 0x00, 0x00, 0x00
    .byte   0x00, 0x00, 0x1F, 0x00, 0x00, 0x00, 0x00, 0x00, 0x00, 0xF1, 0x00, 0xF1, 0x01, 0xF0, 0x01, 0xF0
    .byte   0x00, 0x00,    1, 0x0F, 0x00, 0x00, 0x00, 0x00, 0x00, 0x0F, 0x11, 0xFF, 0x01, 0x00, 0x00, 0x0F
    .byte   0x00, 0x10, 0x1F, 0x00, 0x00, 0x00, 0x0F, 0x10, 0x00, 0x00, 0x00, 0xF1, 0x00, 0x00, 0x00, 0x01
    .byte   0xF0, 0x00, 0x00,    0, 0x00, 0x00, 0x00, 0x0F, 0x10, 0x00, 0x00, 0x0F, 0x1F, 0x1F, 0x10, 0x00
    .byte   0x1F, 0xF1, 0x0F, 0x10, 0x01, 0xF0, 0x01, 0xF0, 0x00, 0x1F, 0x00, 0x00, 0x1F, 0x00, 0x01, 0xF0
    .byte   0xF1, 0x00, 0x0F, 0x11,    1, 0x0F, 0x00, 0x00, 0x0F, 0x1F, 0x1F, 0x1F, 0x01, 0x00, 0x00, 0x00
    .byte   0x0F, 0x11, 0xFF, 0x10, 0xF1, 0x00, 0x00, 0x1F, 0x1F, 0x1F, 0x1F, 0x00, 0x01, 0xFF, 0x1F, 0x10
    .byte   0x0F, 0x10, 0x1F, 0x00, 0x1F,    0, 0x00, 0xF1, 0x00, 0x00, 0xF1, 0x0F, 0x10, 0x0F, 0x10, 0x0F
    .byte   0x10, 0x0F, 0x10, 0x00, 0x0F, 0x01, 0x00, 0x00, 0x1F, 0x00, 0x01, 0xF0, 0x01, 0xF0, 0x01, 0xF0
    .byte   0x00, 0xF1, 0x00, 0xF1, 0x00, 0x00,    1, 0x0F, 0x1F, 0x01, 0xF1, 0xFF, 0x10, 0x00, 0xF1, 0x1F
    .byte   0xF1, 0x00, 0x0F, 0x10, 0x00, 0xF0, 0x10, 0xF1, 0x00, 0x1F, 0xF0, 0x10, 0x00, 0xF1, 0x00, 0x01
    .byte   0xF0, 0x00, 0xF1, 0xF1, 0x00, 0xF1, 0x00,    0, 0x00, 0x00, 0x00, 0x00, 0xF1, 0x00, 0x00, 0x01
    .byte   0xF0, 0x1F, 0x00, 0x00, 0x00, 0x00, 0x01, 0xF0, 0x00, 0x00, 0x00, 0x01, 0xF0, 0x0F, 0x10, 0x00
    .byte   0x1F, 0x0F, 0x10, 0xF1, 0x00, 0x01, 0xF0, 0x00,    0, 0x00, 0x00, 0x01, 0xF0, 0x01, 0xF1, 0xF0
    .byte   0x00, 0x00, 0x00, 0x1F, 0x00, 0x00, 0x00, 0x00, 0xF1, 0x1F, 0x1F, 0x10, 0xF0, 0x0F, 0x10, 0x00
    .byte   0x0F, 0x10, 0x00, 0x00, 0x00, 0x00, 0x0F, 0x10, 0x00,    0, 0x00, 0x00, 0x00, 0x00, 0x00, 0x00
    .byte   0x00, 0x01, 0x0F, 0x01, 0xF0, 0x00, 0x00, 0xF1, 0x00, 0x1F, 0x00, 0x00, 0xF1, 0x00, 0x0F, 0x10
    .byte   0x00, 0x00, 0x00, 0x1F, 0x00, 0x00, 0xF1, 0xF1, 0x00, 0x00,    0, 0x00, 0xF1, 0x00, 0x00, 0x01
    .byte   0xF0, 0x1F, 0x00, 0x00, 0x00, 0x00, 0x00, 0x00, 0x01, 0xF0, 0x00, 0x1F, 0xF1, 0x00, 0x00, 0x00
    .byte   0x1F, 0x00, 0x00, 0x00, 0x00, 0x0F, 0x10, 0x00, 0x01, 0xF0, 0x0F,    0, 0x00, 0x00, 0x00, 0x00
    .byte   0x0F, 0x10, 0x00, 0x00, 0xF1, 0x00, 0x00, 0x00, 0xF1, 0x0F, 0x10, 0xF1, 0x01, 0xF0, 0x00, 0x00
    .byte   0x1F, 0x00, 0x1F, 0x01, 0xF0, 0x00, 0x00, 0x00, 0x00, 0x00, 0x00, 0x0F,    0, 0x00, 0x0F, 0x11
    .byte   0xF0, 0x1F, 0x1F, 0x0F, 0x10, 0x00, 0x00, 0x1F, 0x0F, 0x10, 0xF1, 0x1F, 0x00, 0x1F, 0x1F, 0x00
    .byte   0x00, 0xF1, 0x00, 0xF1, 0x01, 0x0F, 0x00, 0x00, 0x0F, 0x10, 0x10, 0xF0, 0x00,    0, 0x00, 0x00
    .byte   0x00, 0xF1, 0xF1, 0x00, 0x0F, 0x01, 0x00, 0x00, 0xF0, 0x01, 0x00, 0x00, 0xF0, 0x10, 0x00, 0x00
    .byte   0x00, 0x01, 0xF1, 0xF0, 0xF1, 0xF1, 0x00, 0x1F, 0x00, 0x00, 0x10, 0xF0, 0x00, 0x00,    0, 0x00
    .byte   0x0F, 0x10, 0x0F, 0x10, 0x00, 0x00, 0x00, 0x01, 0x0F, 0x01, 0xF0, 0x00, 0x01, 0xF0, 0x00, 0x00
    .byte   0xF1, 0x00, 0x01, 0x0F, 0x00, 0x0F, 0x10, 0x00, 0x00, 0x1F, 0x1F, 0x0F, 0x10, 0x00, 0x1F,    0
    .byte   0x00, 0x00, 0xF1, 0x00, 0x00, 0x00, 0x00, 0x00, 0x00, 0x00, 0xF0, 0x10, 0x00, 0x00, 0xF1, 0x00
    .byte   0x00, 0x00, 0x00, 0x00, 0x00, 0x00, 0xF1, 0x00, 0x00, 0x01, 0xF0, 0x01, 0xF0, 0x1F, 0xF1, 0x00
    .byte      0, 0x00, 0x10, 0x0F, 0x00, 0x00, 0x00, 0x00, 0x0F, 0x01, 0x00, 0x0F, 0x10, 0x00, 0x00, 0x00
    .byte   0x00, 0x00, 0x00, 0x00, 0xF1, 0x00, 0x00, 0xF1, 0xF0, 0x10, 0xF1, 0x00, 0x00, 0xF1, 0x00, 0x00
    .byte   0x00,    0, 0x00, 0x00, 0x00, 0x00, 0x01, 0xFF, 0x10, 0x1F, 0x00, 0x00, 0x00, 0x00, 0x00, 0x1F
    .byte   0x0F, 0x10, 0x01, 0xFF, 0x10, 0x10, 0xF0, 0x0F, 0x10, 0x00, 0x0F, 0x10, 0x1F, 0x00, 0x01, 0xF0
    .byte   0x0F, 0x10,    0, 0x01, 0x0F, 0x1F, 0x00, 0x00, 0x00, 0x00, 0x00, 0x1F, 0x00, 0x00, 0x0F, 0x10
    .byte   0x01, 0xFF, 0x1F, 0x01, 0x00, 0x1F, 0x00, 0x1F, 0x00, 0x00, 0xF1, 0x1F, 0x00, 0x00, 0x1F, 0x00
    .byte   0x00, 0x01, 0x0F,    0, 0x0F, 0x10, 0x00, 0x01, 0xF0, 0x00, 0x01, 0xF0, 0x00, 0x00, 0x00, 0x00
    .byte   0x00, 0x00, 0x00, 0x00, 0xF1, 0x00, 0x0F, 0x10, 0x0F, 0x10, 0x00, 0x10, 0xF1, 0xF0, 0x10, 0xFF
    .byte   0x10, 0x00, 0x00, 0x00,   -1, 0x01, 0x0F, 0x1F, 0x1F, 0x01, 0x0F, 0x10, 0x00, 0x00, 0xF1, 0x00
    .byte   0x01, 0xF1, 0xFF, 0x11, 0xF0, 0xF1, 0x00, 0x00, 0x1F, 0x01, 0xF1, 0xF0, 0x00, 0x0F, 0x10, 0x00
    .byte   0x00, 0x1F, 0x00, 0x0F, 0x1F,    0, 0x01, 0xF0, 0x10, 0xF1, 0xF1, 0x0F, 0x00, 0xF1, 0x00, 0x00
    .byte   0x1F, 0x00, 0x01, 0xF1, 0xF0, 0x01, 0xF0, 0x00, 0x00, 0x00, 0x00, 0x00, 0x00, 0x1F, 0x01, 0x0F
    .byte   0x00, 0x00, 0xF1, 0x00, 0x01, 0xF0,    0, 0x00, 0xF1, 0x00, 0x00, 0x00, 0x01, 0xF0, 0x00, 0x00
    .byte   0x00, 0xF1, 0x00, 0xF1, 0x1F, 0x00, 0x01, 0xFF, 0x01, 0x00, 0x00, 0x0F, 0x1F, 0x01, 0x1F, 0x0F
    .byte   0x11, 0xF0, 0x01, 0x0F, 0xF1, 0x00, 0x00,    0, 0x00, 0x00, 0x00, 0xF1, 0x00, 0x00, 0x01, 0xFF
    .byte   0x01, 0x01, 0xF0, 0xF1, 0x00, 0x0F, 0x10, 0x1F, 0x00, 0x00, 0x10, 0xF0, 0x00, 0x01, 0xF1, 0xF0
    .byte   0x00, 0x01, 0xF1, 0xF0, 0x00, 0x00, 0x00, 0x00,    0, 0x00, 0x00, 0x00, 0x00, 0x00, 0x00, 0xF1
    .byte   0x0F, 0x10, 0x00, 0x00, 0x00, 0xF1, 0x00, 0x00, 0x00, 0x00, 0x1F, 0x00, 0x00, 0x01, 0xF0, 0x00
    .byte   0x00, 0x00, 0x00, 0x00, 0x00, 0x0F, 0x10, 0x00, 0x1F,    0, 0x00, 0x00, 0x00, 0x1F, 0x0F, 0x11
    .byte   0xF0, 0x00, 0x00, 0x00, 0x00, 0x1F, 0xF1, 0x1F, 0x00, 0x00, 0xF1, 0xF1, 0x00, 0x0F, 0x10, 0x00
    .byte   0x00, 0x10, 0xF0, 0x00, 0x00, 0x00, 0x00, 0x1F, 0x0F, 0x10,    0, 0x01, 0xF0, 0xF1, 0xF1, 0x01
    .byte   0xF0, 0x00, 0x0F, 0x1F, 0x10, 0x00, 0x1F, 0x0F, 0x10, 0x00, 0x00, 0x10, 0xFF, 0x11, 0xF0, 0x0F
    .byte   0x10, 0x10, 0x0F, 0x00, 0x00, 0x00, 0x01, 0xF0, 0x01, 0xF0, 0x00,    0, 0x00, 0xF1, 0x00, 0x00
    .byte   0x00, 0x00, 0x00, 0x00, 0x00, 0x00, 0x00, 0x01, 0xF0, 0x01, 0xF0, 0x01, 0xF0, 0x0F, 0x10, 0x01
    .byte   0xF0, 0x00, 0x0F, 0x10, 0xF1, 0x00, 0x00, 0x0F, 0x10, 0x00, 0x00, 0x01,    0, 0x00, 0x1F, 0x01
    .byte   0xF0, 0x01, 0xF0, 0x00, 0x00, 0x00, 0x1F, 0x00, 0x00, 0x00, 0x00, 0x00, 0x0F, 0x10, 0x01, 0xF0
    .byte   0x1F, 0x01, 0x0F, 0x00, 0xF0, 0x00, 0x11, 0x0F, 0x00, 0x01, 0xFF, 0x10, 0x00,    0, 0x00, 0x00
    .byte   0x00, 0x00, 0x00, 0x00, 0x00, 0x00, 0x00, 0x00, 0x00, 0x00, 0x00, 0x00, 0x00, 0x00, 0x00, 0x00
    .byte   0x00, 0x00, 0x00, 0x00, 0x00, 0x00, 0x00, 0x00, 0x00, 0x00, 0x00, 0x00, 0x00, 0x00

    .end
