    .section .rodata
    .global Prologue_Line_0023_Compressed
    .align  2

Prologue_Line_0023_Compressed:

    .byte   0x1, 0x0, 0x0, 0x0
    .word   0x00D10C00  @ Mid-C ~13379.000000
    .word   0, 72157

    .byte    -15, 0x00, 0x44, 0x63, 0xBA, 0x89, 0x57, 0x77, 0x74, 0x88, 0x99, 0xC7, 0x77, 0x63, 0xC8, 0xE2
    .byte   0x8B, 0xC3, 0x76, 0x77, 0x63, 0x08, 0x88, 0x9E, 0x77, 0x77, 0x68, 0x88, 0x92, 0x77, 0x77, 0x7C
    .byte   0x88,  -92, 0x05, 0x77, 0x76, 0xB8, 0x89, 0x4D, 0x66, 0x36, 0xCA, 0xCA, 0xF6, 0x36, 0x62, 0xCC
    .byte   0xBC, 0x2F, 0x54, 0xC2, 0xBB, 0xDC, 0x34, 0x65, 0x2E, 0xDE, 0x33, 0x0C, 0xD3, 0xDD, 0xEC, 0x22
    .byte   0x24, 0x11,    7, 0x0D, 0xF1, 0x34, 0x3E, 0xEC, 0xCD, 0x11, 0x2E, 0x44, 0x12, 0xFC, 0xBC, 0x45
    .byte   0xDD, 0xFC, 0x34, 0x56, 0x31, 0x0B, 0xBC, 0xCE, 0xD3, 0x3F, 0x32, 0xEF, 0xD1, 0x34, 0x40, 0xFC
    .byte   0xBB, 0x04, 0x75,   60, 0x0B, 0xA9, 0xD4, 0x55, 0x3E, 0xDD, 0xCD, 0xD1, 0x45, 0x64, 0xDA, 0xAB
    .byte   0x15, 0x66, 0xFD, 0xCA, 0xCD, 0x03, 0x65, 0x5D, 0xAA, 0xAE, 0x67, 0x53, 0xDC, 0xBB, 0xC0, 0x56
    .byte   0x61, 0xB9, 0x9D, 0x47,   36, 0x05, 0xEC, 0xAA, 0xDE, 0x36, 0x55, 0x2B, 0xAA, 0xD4, 0x65, 0x3D
    .byte   0xBB, 0xD0, 0x35, 0x54, 0xDB, 0xBC, 0x14, 0x45, 0x40, 0xCA, 0xBC, 0x45, 0x42, 0xFD, 0xEE, 0x23
    .byte   0x24, 0x0F, 0xDC, 0xE2, 0x22,    1, 0x0D, 0xDD, 0x23, 0x34, 0x31, 0xDD, 0xDD, 0x23, 0x43, 0x1D
    .byte   0xBC, 0xE3, 0x34, 0x4E, 0xDD, 0xE1, 0xDC, 0xF4, 0x54, 0x3D, 0xBD, 0xC2, 0x34, 0x33, 0xFD, 0xBC
    .byte   0xF2, 0x33, 0x44, 0x2D, 0xCB, 0xE0,   -9, 0x04, 0x44, 0x0B, 0xCB, 0xD1, 0x14, 0x55, 0x2D, 0xCC
    .byte   0xBF, 0x35, 0x43, 0x0E, 0xCC, 0xCE, 0x43, 0x43, 0xFC, 0xBC, 0x03, 0x45, 0x44, 0xFC, 0xCB, 0xCE
    .byte   0x33, 0x43, 0xE0, 0xED, 0xD0, 0x33, 0x32,    4, 0x0C, 0x0F, 0x33, 0x32, 0xEE, 0xCD, 0x12, 0x33
    .byte   0xEF, 0xFD, 0xE0, 0x12, 0x22, 0x2F, 0xEF, 0xFF, 0xF3, 0x22, 0x1D, 0xDE, 0x02, 0x21, 0x2E, 0xEE
    .byte   0xEF, 0x23, 0x20, 0xEE, 0xED, 0xE3, 0x34, 0x3F,   18, 0x0D, 0xCD, 0xD2, 0x34, 0x33, 0xFD, 0xCC
    .byte   0xE2, 0x44, 0x2F, 0xED, 0xDE, 0xE3, 0x33, 0x20, 0x0E, 0xDD, 0xD1, 0x22, 0x22, 0x2D, 0xDD, 0xF2
    .byte   0x34, 0x32, 0x1D, 0xDD, 0xEE, 0x32, 0x03, 0x1F, 0xFF,    2, 0x01, 0xFE, 0xEF, 0xEE, 0x11, 0x23
    .byte   0x23, 0x31, 0xDD, 0xDD, 0x11, 0x22, 0x32, 0xFF, 0x0E, 0xDE, 0x02, 0x20, 0xF0, 0x2F, 0xE1, 0x22
    .byte   0x2E, 0xE2, 0xEE, 0xEF, 0x22, 0x2E, 0x02, 0xEE, 0xFE, 0x11,   -6, 0x02, 0x12, 0x12, 0xEE, 0xED
    .byte   0xE2, 0x13, 0x22, 0x2E, 0xFE, 0xDE, 0xE2, 0x33, 0x30, 0xFE, 0xED, 0xEE, 0x32, 0x31, 0xEF, 0xFE
    .byte   0xE2, 0x32, 0x30, 0xFF, 0xED, 0xE2, 0x11, 0x2E, 0xEE, 0xDD, 0xE2,  -13, 0x03, 0x31, 0x2F, 0xED
    .byte   0xDD, 0xEF, 0xE1, 0x2E, 0xEF, 0x01, 0x23, 0x23, 0x2F, 0xED, 0xDE, 0xF3, 0x34, 0x42, 0x2E, 0xDE
    .byte   0xE2, 0x45, 0x55, 0x43, 0x1E, 0xCB, 0xCC, 0xDD, 0xD0, 0xEE, 0xED, 0x1F,   -5, 0x0F, 0xEE, 0xDD
    .byte   0xCC, 0xDF, 0xF0, 0x22, 0xEC, 0xCC, 0xD0, 0x12, 0x34, 0x41, 0x2F, 0xED, 0x13, 0x55, 0x67, 0x74
    .byte   0x22, 0x00, 0xF1, 0xBA, 0xBD, 0xF2, 0x33, 0xEE, 0x1C, 0xEF, 0x03, 0x43, 0x11,   55, 0x0D, 0xCD
    .byte   0xDF, 0xFD, 0xDC, 0xCB, 0xCE, 0x03, 0x44, 0x31, 0xFC, 0xDD, 0xC0, 0x10, 0x1E, 0xCC, 0xD0, 0x01
    .byte   0xF3, 0x66, 0x77, 0x75, 0x11, 0x00, 0x0F, 0x99, 0xAC, 0x24, 0x53, 0x33, 0xED, 0xDE,   30, 0x05
    .byte   0x44, 0x31, 0xCB, 0xAB, 0xCE, 0x12, 0x31, 0xDD, 0xCD, 0xE0, 0x34, 0x43, 0x1E, 0xCC, 0xCC, 0xCE
    .byte   0xDD, 0xED, 0xFF, 0x0F, 0x03, 0x44, 0x36, 0x77, 0x74, 0x21, 0x10, 0x09, 0x89, 0xC3, 0x66,   60
    .byte   0x04, 0x3E, 0xCB, 0xC0, 0x45, 0x55, 0x3C, 0xA9, 0xAA, 0xD2, 0x45, 0x52, 0x0C, 0xBC, 0xCD, 0x24
    .byte   0x44, 0x2F, 0xCC, 0xCC, 0xCE, 0xEF, 0xEE, 0xDD, 0xF0, 0x12, 0x24, 0x35, 0x77, 0x76, 0x31, 0x11
    .byte    127, 0x0A, 0x89, 0xC4, 0x57, 0x54, 0x4D, 0xBB, 0xBD, 0x34, 0x55, 0x4E, 0xBA, 0xA9, 0xDE, 0x25
    .byte   0x53, 0x2E, 0xCB, 0xCC, 0xE4, 0x44, 0x32, 0xDC, 0xCC, 0xBD, 0xF0, 0x1F, 0xED, 0xDE, 0xF0, 0x00
    .byte   0x25,  -64, 0x07, 0x77, 0x62, 0x20, 0x0C, 0x99, 0xBF, 0x56, 0x64, 0x4E, 0xBB, 0xAB, 0xF4, 0x55
    .byte   0x63, 0xDB, 0xBA, 0xAC, 0xD3, 0x44, 0x2F, 0xCC, 0xBC, 0xDF, 0x54, 0x34, 0xED, 0xCC, 0xDD, 0xE1
    .byte   0x02, 0xEC, -120, 0x0E, 0xE0, 0x00, 0x01, 0x67, 0x77, 0x74, 0x21, 0x00, 0xC9, 0xBF, 0x35, 0x64
    .byte   0x21, 0xEA, 0xAB, 0xBE, 0x54, 0x45, 0x4C, 0xBC, 0xAB, 0xDD, 0x03, 0x3F, 0xEF, 0xCC, 0xEE, 0x14
    .byte   0x33, 0x4E, 0xDD,  -52, 0x0D, 0xD0, 0xEF, 0xFE, 0xDC, 0xDD, 0xEF, 0x01, 0x33, 0x57, 0x77, 0x73
    .byte   0x21, 0xFD, 0xAC, 0x02, 0x46, 0x21, 0x1F, 0xDA, 0xAA, 0xD1, 0x34, 0x54, 0xED, 0xDC, 0xBC, 0xDD
    .byte   0x21, 0x0F, 0x0D, 0xCE,  -62, 0x0E, 0x03, 0x22, 0x20, 0xFF, 0x1E, 0xFF, 0xED, 0xED, 0xDD, 0xDC
    .byte   0xFE, 0x03, 0x34, 0x67, 0x75, 0x62, 0xCD, 0xCD, 0x34, 0x45, 0x20, 0x00, 0x0F, 0xEA, 0xBB, 0xE0
    .byte   0x23, 0x3F, 0xDD, 0xCB, 0xDE,  -30, 0x0F, 0x0F, 0x01, 0xEE, 0xEE, 0xD0, 0x1F, 0x0F, 0xFF, 0x21
    .byte   0x00, 0xEE, 0xDD, 0xDD, 0xDD, 0xEE, 0xFF, 0xFF, 0x14, 0x66, 0x55, 0x3E, 0x11, 0x35, 0x56, 0x32
    .byte   0x10, 0x00, 0x00, 0x00, 0x00, 0x00,  122, 0x0F, 0xCC, 0xBC, 0xAC, 0xCC, 0xDE, 0x0F, 0xFF, 0xDC
    .byte   0xED, 0xDE, 0xEE, 0x02, 0x11, 0x11, 0x0F, 0xF1, 0x22, 0xFE, 0xED, 0xED, 0x11, 0x34, 0x66, 0x55
    .byte   0x4C, 0xEE, 0xF5, 0x66, 0x41, 0x00, 0x00,  127, 0x00, 0x00, 0x00, 0x00, 0x00, 0xDC, 0xCB, 0xBB
    .byte   0xBB, 0xCE, 0xDF, 0xF0, 0xEE, 0xFD, 0xEE, 0xEE, 0xEE, 0xFF, 0x21, 0x22, 0x22, 0x12, 0x0F, 0xED
    .byte   0xED, 0xEF, 0x23, 0x46, 0x65, 0x42, 0xCE, 0x03,   47, 0x06, 0x62, 0x20, 0x00, 0x00, 0x00, 0x00
    .byte   0x00, 0x0F, 0xFC, 0xCB, 0xBB, 0xBD, 0xCD, 0xDD, 0xEF, 0xEE, 0xDF, 0xEE, 0xED, 0xDE, 0xFE, 0x12
    .byte   0x22, 0x3F, 0x22, 0xF0, 0xFE, 0xED, 0xE0, 0x02, 0x34,  -44, 0x06, 0x44, 0xEC, 0xE0, 0x46, 0x75
    .byte   0x10, 0x00, 0x00, 0x00, 0x00, 0x00, 0x00, 0x0E, 0xCC, 0xBB, 0xBC, 0xCC, 0xDD, 0xD0, 0xE1, 0xEE
    .byte   0xED, 0xEE, 0xCE, 0xEE, 0xF1, 0x32, 0x22, 0x20, 0x00, 0xF0,  -97, 0x0E, 0xDF, 0xEF, 0x03, 0x36
    .byte   0x65, 0x51, 0xCD, 0x12, 0x66, 0x71, 0x00, 0x00, 0x00, 0x00, 0x00, 0x00, 0x00, 0x0D, 0xBD, 0xBB
    .byte   0xBC, 0xCD, 0xCE, 0xDF, 0xEE, 0xEE, 0xEE, 0xED, 0xDD, 0xD0, 0x23, -108, 0x03, 0x2F, 0x0F, 0x0F
    .byte   0xF0, 0x11, 0xFE, 0xEE, 0xEE, 0x46, 0x65, 0x52, 0xCF, 0xF3, 0x67, 0x51, 0x10, 0x00, 0x00, 0x00
    .byte   0x00, 0x00, 0x00, 0x0D, 0xBB, 0xBB, 0xBC, 0xD1, 0xDE, 0xDD, 0xDC, 0xDE, -102, 0x0F, 0x0E, 0xEE
    .byte   0xE0, 0x02, 0x32, 0x31, 0xFF, 0xEF, 0x10, 0x21, 0xFF, 0xEE, 0xEE, 0x35, 0x65, 0x53, 0xEF, 0x12
    .byte   0x66, 0x61, 0x00, 0x00, 0x00, 0x00, 0x00, 0x00, 0x00, 0x0E, 0xBB, 0xBB, 0xBD,  -24, 0x0D, 0xED
    .byte   0xDD, 0xDD, 0xDD, 0xFF, 0xFF, 0xDE, 0xE1, 0x13, 0x23, 0x22, 0xFE, 0xEE, 0x20, 0x32, 0x0F, 0xEE
    .byte   0xEE, 0x23, 0x65, 0x55, 0xFE, 0x2F, 0x46, 0x64, 0x11, 0x10, 0x00, 0x00, 0x00, 0x00,  127, 0x00
    .byte   0x0F, 0xCB, 0xCB, 0xBB, 0xDD, 0xDD, 0xDD, 0xDD, 0xDD, 0x0E, 0x0E, 0xEE, 0xDF, 0x02, 0x32, 0x33
    .byte   0x1F, 0xEE, 0xFF, 0x22, 0x21, 0x1E, 0xEE, 0xF2, 0x46, 0x45, 0x41, 0x02, 0x24, 0x66, 0x32,  127
    .byte   0x00, 0x00, 0x00, 0x00, 0x00, 0x00, 0x00, 0xEC, 0xBC, 0xBC, 0xBD, 0xCD, 0xDC, 0xDD, 0xED, 0xFE
    .byte   0xE0, 0xDE, 0xEE, 0xF0, 0x23, 0x23, 0x32, 0x2F, 0xEF, 0xF1, 0x22, 0x10, 0x0E, 0xF0, 0x03, 0x45
    .byte    -13, 0x04, 0x4E, 0x22, 0x25, 0x55, 0x50, 0x00, 0x00, 0x00, 0x00, 0x00, 0x00, 0xFD, 0xCC, 0xCC
    .byte   0xCD, 0xCD, 0xCC, 0xCC, 0xDC, 0x0E, 0xFD, 0xEE, 0xEE, 0xEF, 0x12, 0x32, 0x32, 0x22, 0x21, 0x22
    .byte   0x22,  -57, 0x02, 0x0E, 0xEE, 0xE0, 0x12, 0x34, 0x44, 0x42, 0x12, 0x23, 0x55, 0x54, 0x21, 0x00
    .byte   0x00, 0x00, 0x00, 0x00, 0x0F, 0xCC, 0xCC, 0xDC, 0xCD, 0xCC, 0xCC, 0xCC, 0xED, 0xEF, 0xEE, 0xFE
    .byte   0xF1, 0x12, -104, 0x02, 0x32, 0x32, 0x22, 0x22, 0x22, 0x12, 0x11, 0x0F, 0x0F, 0xE0, 0x00, 0x23
    .byte   0x43, 0x33, 0x22, 0x32, 0x44, 0x44, 0x44, 0x11, 0x10, 0x00, 0x00, 0x00, 0x00, 0xEC, 0xDC, 0xCD
    .byte   0xCC, 0xDC, 0xCC,  -46, 0x0C, 0xED, 0xDE, 0xDE, 0xEE, 0xF0, 0x02, 0x22, 0x22, 0x13, 0x23, 0x22
    .byte   0x32, 0x31, 0x22, 0x20, 0x20, 0x11, 0x01, 0x01, 0xF0, 0x11, 0x12, 0x22, 0x22, 0x23, 0x23, 0x32
    .byte   0x33, 0x33, 0x32, 0x32,  112, 0x01, 0x02, 0xEF, 0xED, 0xED, 0xDD, 0xDD, 0xCD, 0xCD, 0xDC, 0xED
    .byte   0xDD, 0xDD, 0xDF, 0xEE, 0xF0, 0x02, 0x02, 0x22, 0x23, 0x23, 0x23, 0x23, 0x32, 0x32, 0x31, 0x22
    .byte   0x22, 0x20, 0x20, 0x10, 0x01,   38, 0x0F, 0x00, 0xE0, 0xEF, 0xEE, 0xEE, 0x1E, 0xEF, 0xE0, 0xE0
    .byte   0xEE, 0xFF, 0xFF, 0xFF, 0x00, 0x00, 0x12, 0x02, 0x10, 0x20, 0x02, 0x02, 0x11, 0x11, 0x02, 0x10
    .byte   0x01, 0x0F, 0xFF, 0x0E, 0xFF, 0xFF,    2, 0x0F, 0x0F, 0xFF, 0xFF, 0xFF, 0xFF, 0xF0, 0x01, 0xF1
    .byte   0x02, 0x10, 0x11, 0x11, 0x11, 0x10, 0x10, 0x00, 0x10, 0x1F, 0x1F, 0xF0, 0xE0, 0xFF, 0xFF, 0xFF
    .byte   0x0F, 0xFF, 0x1F, 0x00, 0xF1, 0x00, 0x01,   -6, 0x01, 0x10, 0x11, 0x01, 0x1F, 0x10, 0x1F, 0x10
    .byte   0x10, 0x00, 0x11, 0x00, 0xF1, 0x01, 0x00, 0x01, 0x00, 0x10, 0x00, 0x1F, 0x01, 0xF0, 0x01, 0xF0
    .byte   0xF0, 0x0F, 0xFF, 0x0F, 0x0F, 0x0F, 0xF0, 0xF0,   -3, 0x00, 0x0F, 0x1F, 0x00, 0x00, 0x10, 0x01
    .byte   0x00, 0x10, 0x00, 0x01, 0x00, 0x1F, 0x0F, 0x00, 0x00, 0x1F, 0xF0, 0x1F, 0xF0, 0xF0, 0xF0, 0x00
    .byte   0x1F, 0x00, 0x00, 0x00, 0x10, 0x01, 0x00, 0x10, 0x10,   -1, 0x01, 0x00, 0x10, 0xF0, 0x10, 0x1F
    .byte   0x01, 0x0F, 0x1F, 0x10, 0x0F, 0x10, 0xF0, 0x00, 0x01, 0x01, 0xF0, 0x00, 0x10, 0x00, 0x00, 0x1F
    .byte   0x10, 0x0F, 0x10, 0xFF, 0x10, 0xF0, 0x0F, 0x01, 0x00, 0xF0,   -1, 0x01, 0x00, 0x00, 0x00, 0x01
    .byte   0xFF, 0x10, 0x11, 0x0F, 0x10, 0x2F, 0x2E, 0x1D, 0x3E, 0xD7, 0x3D, 0xBF, 0x12, 0x4D, 0xDB, 0xAD
    .byte   0x34, 0x44, 0xDC, 0x2F, 0xE4, 0x22, 0x13, 0x2E, 0xD2, 0x51, 0xF0,   23, 0x0D, 0xED, 0xC1, 0xDD
    .byte   0x12, 0xF0, 0x33, 0x22, 0xEF, 0x3F, 0xD0, 0x2E, 0xDE, 0xE1, 0x3F, 0xE2, 0xFD, 0xF3, 0x21, 0xEF
    .byte   0x12, 0x21, 0x32, 0x2D, 0xF2, 0xEF, 0xFD, 0xDE, 0xEF, 0x42, 0x02, 0x20,   -1, 0x02, 0x12, 0x1E
    .byte   0xD2, 0x30, 0x21, 0x0E, 0xEF, 0x20, 0xEF, 0x12, 0x0E, 0x23, 0x1E, 0x00, 0xF0, 0xFD, 0x24, 0xDE
    .byte   0x2F, 0xD0, 0x23, 0x4E, 0xBC, 0x3F, 0x04, 0x11, 0x1D, 0xC2, 0x42, 0x33, 0xCD,   -2, 0x0C, 0xD3
    .byte   0x30, 0x43, 0x24, 0xEC, 0xDD, 0xCE, 0x32, 0x32, 0xD1, 0x33, 0x03, 0x2C, 0xDC, 0xDF, 0x3E, 0x02
    .byte   0x23, 0x33, 0x43, 0xCA, 0xCD, 0xDF, 0x34, 0x44, 0x03, 0x41, 0xCB, 0xCA, 0xC4, 0x55,   25, 0x03
    .byte   0xBD, 0x33, 0x12, 0xDB, 0xBB, 0xD5, 0x64, 0x34, 0x23, 0xEB, 0xCC, 0xDB, 0xD3, 0x46, 0x62, 0x2F
    .byte   0xCE, 0xBB, 0xB0, 0x25, 0x53, 0x46, 0xDC, 0x0B, 0xBB, 0xDC, 0x55, 0x15, 0x54, 0xED, 0xAB,   -9
    .byte   0x0C, 0xC2, 0x44, 0x53, 0x21, 0xDA, 0xA4, 0x4E, 0xDF, 0x56, 0x5D, 0x9C, 0xDA, 0xE2, 0x56, 0x44
    .byte   0xD2, 0xEF, 0xEA, 0xAE, 0x45, 0x66, 0x43, 0xA9, 0xB3, 0x40, 0xBC, 0x57, 0x72, 0x0A, 0xBB, 0x8F
    .byte     -9, 0x06, 0xFD, 0xE5, 0x4E, 0xDC, 0xEA, 0xBC, 0xE7, 0x4F, 0x37, 0x3D, 0xAA, 0xDA, 0xAB, 0x77
    .byte   0x65, 0x03, 0x39, 0x80, 0x2D, 0xDE, 0x37, 0x6D, 0x44, 0x1A, 0xBC, 0x1E, 0xA2, 0x66, 0x64, 0xCC
    .byte   0xBD,  -12, 0x02, 0xFD, 0xD1, 0x56, 0x53, 0x4B, 0x8A, 0xC5, 0x65, 0xCF, 0x3E, 0x45, 0x3C, 0xB8
    .byte   0xA5, 0x66, 0x6E, 0xAE, 0x3C, 0x14, 0xBB, 0xDB, 0xF7, 0x7E, 0xDE, 0xCD, 0xDA, 0xC5, 0xDC, 0x54
    .byte   0x74, 0x9B,  -19, 0x04, 0xBA, 0x44, 0x4C, 0xB6, 0x74, 0xAA, 0xE4, 0xBC, 0x67, 0xDE, 0x00, 0x7A
    .byte   0xAB, 0xEE, 0x36, 0x6F, 0xBC, 0xC7, 0x66, 0xC9, 0xAC, 0xDC, 0x77, 0x5B, 0xBE, 0x44, 0xA2, 0x2B
    .byte   0xBC, 0x27, 0x7B,   28, 0x03, 0xCB, 0xBD, 0x43, 0xAA, 0x67, 0x6E, 0x9C, 0xFE, 0x91, 0x77, 0xB9
    .byte   0xF5, 0x7B, 0x9E, 0x54, 0xAE, 0x77, 0x39, 0xC5, 0x39, 0xB5, 0x65, 0xC3, 0x77, 0xB8, 0xA5, 0x4A
    .byte   0x27, 0x6A, 0x95, 0x77,  122, 0x08, 0x8C, 0xE1, 0x57, 0x7B, 0x9E, 0x32, 0xFA, 0xCC, 0xC1, 0x64
    .byte   0xE1, 0xC2, 0x4C, 0xAB, 0xC4, 0x43, 0x13, 0x51, 0xBC, 0x36, 0x3A, 0xAC, 0x55, 0x5E, 0x35, 0xBC
    .byte   0x15, 0x1C, 0xE3, 0x76, 0xCC,   52, 0x00, 0xBC, 0x43, 0xD3, 0x32, 0x00, 0x44, 0xC9, 0xA6, 0x7D
    .byte   0x94, 0x73, 0x89, 0x67, 0xD8, 0xB7, 0x72, 0x89, 0x65, 0x88, 0x77, 0x7B, 0x9C, 0x74, 0xBB, 0x2E
    .byte   0xAC, 0x67, 0x53, 0xBE, 0xEF, 0x11,  -35, 0x09, 0x24, 0x67, 0xCE, 0x56, 0x4B, 0xCC, 0x4E, 0x92
    .byte   0x55, 0x40, 0xB5, 0x7D, 0xAA, 0x14, 0xE9, 0xC7, 0x64, 0x2E, 0x21, 0xA9, 0xDF, 0xC3, 0x62, 0xFE
    .byte   0xBC, 0x3C, 0xB2, 0xD3, 0x34, 0x43, 0xDA,  -73, 0x0D, 0x35, 0x61, 0xBC, 0xD2, 0x24, 0x03, 0xE9
    .byte   0xE6, 0x74, 0xBC, 0x77, 0x6A, 0xA0, 0x4E, 0x9B, 0x76, 0xEC, 0xD6, 0x7D, 0x9B, 0x43, 0xBB, 0xD5
    .byte   0x52, 0xE2, 0x52, 0xB9, 0xB3, 0x1C, 0xF3, 0x41,  -20, 0x0B, 0xE3, 0x3F, 0xE1, 0x3D, 0xCE, 0x1B
    .byte   0x25, 0xEF, 0xC1, 0x64, 0xCA, 0xDD, 0xD1, 0x37, 0x63, 0xD6, 0x76, 0xDA, 0xBC, 0xCB, 0x46, 0x3A
    .byte   0xA7, 0x76, 0x39, 0xBD, 0xBC, 0x36, 0x3B, 0xA4, 0x76,   81, 0x0B, 0xCB, 0xBD, 0x43, 0xEC, 0xBD
    .byte   0x44, 0x3D, 0xCC, 0xBD, 0x34, 0x43, 0xEC, 0xDD, 0x13, 0x3D, 0xCE, 0xCD, 0x25, 0x54, 0x3F, 0x46
    .byte   0x77, 0x20, 0xB9, 0xBB, 0xE5, 0x4B, 0xBF, 0x77, 0x60, 0xBA,   33, 0x0A, 0xD5, 0x4E, 0xBE, 0x65
    .byte   0x21, 0x30, 0xA9, 0xC4, 0x5C, 0xAD, 0x43, 0x01, 0x32, 0xB9, 0xC4, 0x63, 0x1D, 0xCE, 0x03, 0xEC
    .byte   0xCB, 0xEE, 0x16, 0x73, 0x25, 0x77, 0x52, 0x2D, 0x9A, 0x9B, 0x53,   -6, 0x01, 0x17, 0x75, 0x20
    .byte   0xBA, 0x9B, 0xC2, 0x2E, 0x25, 0x56, 0x41, 0x3C, 0xAB, 0xCD, 0xBC, 0xD2, 0x34, 0x44, 0x3B, 0xBB
    .byte   0xE2, 0xEE, 0xFE, 0xDD, 0x33, 0xDB, 0xC0, 0x11, 0x47, 0x65, 0x77, 0x52,  127, 0x00, 0xD8, 0x88
    .byte   0x35, 0x4E, 0x67, 0x74, 0x21, 0xFB, 0x89, 0xBD, 0xCD, 0x66, 0x54, 0x67, 0x0B, 0xAB, 0xCA, 0x9C
    .byte   0x14, 0x33, 0x65, 0x3A, 0xAC, 0xEE, 0xEC, 0xD2, 0xEC, 0x13, 0x1C, 0xDF, 0x00, -100, 0x07, 0x67
    .byte   0x76, 0x22, 0x0E, 0x98, 0x8B, 0x53, 0x43, 0x77, 0x70, 0x00, 0x09, 0x8A, 0xCC, 0xD3, 0x55, 0x66
    .byte   0x64, 0x2A, 0xAC, 0xBA, 0xCC, 0xF1, 0x44, 0x53, 0xDC, 0xDC, 0xCB, 0xCC, 0xDE, 0x25,  -81, 0x0D
    .byte   0xBD, 0xE0, 0x07, 0x77, 0x77, 0x31, 0x0E, 0xC8, 0x88, 0x46, 0x23, 0x67, 0x65, 0x10, 0x0B, 0x89
    .byte   0xBC, 0x02, 0x44, 0x53, 0x56, 0x3D, 0xDC, 0xCB, 0xAC, 0xDD, 0x34, 0x52, 0xDC, 0xDD, 0xDE,  -76
    .byte   0x0C, 0xBD, 0x03, 0x43, 0xCC, 0xE1, 0xF5, 0x77, 0x77, 0x53, 0x0F, 0xC8, 0x88, 0x26, 0x54, 0x66
    .byte   0x72, 0x11, 0x1B, 0x8A, 0xBD, 0xE1, 0x43, 0x31, 0x45, 0x34, 0xFD, 0xCC, 0xCB, 0xCE, 0xE1, 0x23
    .byte    -25, 0x0D, 0xFE, 0xEE, 0xBA, 0xCE, 0x03, 0x43, 0xCC, 0xFF, 0x07, 0x77, 0x77, 0x31, 0xFF, 0x88
    .byte   0x8D, 0x66, 0x45, 0x56, 0x52, 0x00, 0xD9, 0xAB, 0xCC, 0xF4, 0x3F, 0xC0, 0x45, 0x44, 0x5D, 0xBA
    .byte   0xBD,  -32, 0x0D, 0x03, 0x2D, 0xEF, 0x2F, 0xDC, 0xBA, 0xFF, 0x02, 0x40, 0xCE, 0xF0, 0x46, 0x77
    .byte   0x77, 0x21, 0xE9, 0x88, 0xC7, 0x74, 0x34, 0x54, 0x41, 0x1F, 0x9A, 0xCC, 0xCD, 0x33, 0xDC, 0xF4
    .byte   0x53, 0x45,   68, 0x0C, 0xAC, 0xCC, 0xD0, 0x21, 0xD2, 0x21, 0xDD, 0xCB, 0xCD, 0xE2, 0x2D, 0xFF
    .byte   0x01, 0x34, 0x27, 0x77, 0x75, 0x10, 0xC8, 0x8A, 0x47, 0x55, 0x42, 0x24, 0x51, 0xFD, 0xAB, 0xAC
    .byte   0xFE, 0xCC, 0xE2,  -25, 0x05, 0x66, 0x2E, 0xCB, 0xBB, 0xDD, 0xDD, 0x12, 0x23, 0x30, 0xCC, 0xAC
    .byte   0xDE, 0x1E, 0x00, 0x00, 0x02, 0x6E, 0x47, 0x77, 0x72, 0x1E, 0x88, 0x94, 0x76, 0x55, 0xED, 0x25
    .byte   0x4F, 0x1B, 0xBA, 0xAE,   -3, 0x0D, 0xCD, 0x21, 0x36, 0x65, 0xEC, 0xCB, 0xAC, 0x2F, 0xDE, 0x31
    .byte   0x03, 0x2E, 0xBB, 0xAD, 0xFF, 0x01, 0xF0, 0xF1, 0xF4, 0x43, 0x77, 0x77, 0x41, 0x09, 0x88, 0x47
    .byte   0x75, 0x4E, 0xCC, 0x46, 0x21,  127, 0x0B, 0x99, 0xCF, 0x21, 0xEF, 0xCD, 0x46, 0x65, 0xEC, 0xAA
    .byte   0xBF, 0x31, 0x10, 0xDC, 0x14, 0x3D, 0xCB, 0xBC, 0xEF, 0xF0, 0x01, 0x00, 0x04, 0x46, 0x77, 0x76
    .byte   0x10, 0xC8, 0x8B, 0x77, 0x66, 0x0B,   70, 0x0D, 0x55, 0x40, 0xFB, 0x89, 0xED, 0x12, 0x4E, 0xCE
    .byte   0x55, 0x44, 0x2C, 0xAA, 0xD2, 0xE2, 0x3F, 0xCD, 0x13, 0xFD, 0xDB, 0xBC, 0x0F, 0x1F, 0x1F, 0x00
    .byte   0x12, 0x47, 0x77, 0x76, 0x11, 0x98, 0x94,   38, 0x07, 0x62, 0x0A, 0xAF, 0x56, 0x31, 0x1A, 0x8A
    .byte   0xA0, 0x55, 0x4C, 0xBE, 0xF4, 0x55, 0x3C, 0xBA, 0xBC, 0x34, 0x43, 0xDC, 0xCD, 0xC0, 0x2E, 0xBC
    .byte   0xFF, 0x00, 0x1F, 0x00, 0x45, 0x57, 0x77, 0x62,  127, 0x0D, 0x89, 0xD5, 0x77, 0x22, 0xDA, 0xC3
    .byte   0x45, 0x30, 0xD9, 0xA9, 0xB2, 0x55, 0xFD, 0xDD, 0xD3, 0x54, 0x1E, 0xCB, 0xAE, 0x13, 0x32, 0x0C
    .byte   0xCD, 0xDF, 0xED, 0xCD, 0xFF, 0x00, 0x00, 0x12, 0x36,  -33, 0x07, 0x77, 0x32, 0x09, 0x8C, 0x47
    .byte   0x73, 0x2F, 0xCB, 0xD1, 0x64, 0x0F, 0xAA, 0x9A, 0xD3, 0x53, 0x2E, 0xDD, 0xF2, 0x32, 0x1E, 0xCB
    .byte   0xDE, 0x0F, 0x11, 0x1D, 0xDE, 0xDC, 0xCD, 0xFF, 0x00, 0x00, -127, 0x00, 0x14, 0x77, 0x77, 0x62
    .byte   0x1F, 0x99, 0xC3, 0x77, 0x22, 0x0D, 0xBD, 0xF5, 0x41, 0xFB, 0xA9, 0xAD, 0x03, 0x43, 0xE0, 0xFE
    .byte   0x11, 0xEE, 0xED, 0xCE, 0xEF, 0xDF, 0xEE, 0xEE, 0xEC, 0xDC, 0xEF, -128, 0x01, 0xF0, 0x00, 0x11
    .byte   0x57, 0x77, 0x75, 0x21, 0xE9, 0xAC, 0x47, 0x62, 0x11, 0xFC, 0xCE, 0x44, 0x1D, 0xCA, 0xAB, 0xCD
    .byte   0x02, 0x32, 0x33, 0xFE, 0xDD, 0xDC, 0xDD, 0x1F, 0x1F, 0xED, 0xEC, 0xDB, -127, 0x0F, 0x00, 0x01
    .byte   0xF0, 0x01, 0x01, 0x67, 0x77, 0x74, 0x21, 0xEA, 0xAD, 0x37, 0x51, 0x10, 0x00, 0xFE, 0xCD, 0xED
    .byte   0xDD, 0xCB, 0xCC, 0xCD, 0xF2, 0x34, 0x3E, 0xDF, 0xCD, 0xDE, 0xEE, 0x1F, 0xEE,  -73, 0x0D, 0xDC
    .byte   0xCE, 0xF0, 0x01, 0xF0, 0x00, 0x1F, 0x46, 0x77, 0x77, 0x21, 0x1B, 0xAC, 0x36, 0x52, 0x20, 0x00
    .byte   0x00, 0xCC, 0xED, 0xED, 0xDB, 0xDC, 0xBC, 0xE0, 0x24, 0x31, 0xEF, 0xDC, 0xED, 0xD1,  -54, 0x00
    .byte   0xF1, 0xDC, 0xDC, 0xCE, 0xE0, 0x01, 0xF1, 0xF0, 0x11, 0x35, 0x77, 0x77, 0x42, 0x0C, 0xBC, 0x15
    .byte   0x53, 0x00, 0x00, 0x00, 0xFC, 0xDC, 0xDE, 0xCC, 0xDC, 0xBD, 0xDF, 0x13, 0x31, 0xFE, 0xDD,  -40
    .byte   0x0D, 0xD1, 0x00, 0x0E, 0xEC, 0xDC, 0xDE, 0xFE, 0xE0, 0x00, 0x00, 0x01, 0x45, 0x77, 0x77, 0x41
    .byte   0x0C, 0xBD, 0xF4, 0x53, 0x10, 0x00, 0x00, 0xFD, 0xCC, 0xDD, 0xDC, 0xCC, 0xCC, 0xE0, 0x11, 0x3F
    .byte    -18, 0x01, 0xDE, 0xED, 0xEE, 0xEE, 0xE0, 0xDE, 0xDC, 0xDC, 0xF0, 0xF0, 0x01, 0x0F, 0x00, 0x15
    .byte   0x67, 0x77, 0x63, 0x1D, 0xBD, 0xE3, 0x53, 0x20, 0x00, 0x00, 0x0F, 0xCD, 0xDD, 0xDC, 0xCC, 0xBD
    .byte   0xDD,  -28, 0x01, 0x30, 0xFE, 0xDD, 0xDD, 0xF0, 0x21, 0x10, 0xDC, 0xCC, 0xDE, 0x01, 0xFE, 0x00
    .byte   0x00, 0x01, 0x05, 0x57, 0x77, 0x72, 0x2D, 0xBD, 0x13, 0x52, 0x20, 0x00, 0x00, 0xFE, 0xDC, 0xED
    .byte   0xCD, 0xBC,    3, 0x0C, 0xEE, 0x01, 0x2F, 0xEE, 0xDD, 0xDE, 0xF0, 0x10, 0x0E, 0xDD, 0xDC, 0xDE
    .byte   0xE1, 0xEE, 0xF0, 0x00, 0x00, 0x13, 0x57, 0x77, 0x74, 0x2E, 0xCD, 0x14, 0x40, 0x00, 0x00, 0x00
    .byte   0x00, 0xFE, 0xCC,   73, 0x0C, 0xBD, 0xCD, 0xDE, 0x0F, 0xFE, 0xED, 0xED, 0xEE, 0xE0, 0xE0, 0x0E
    .byte   0xEE, 0xDC, 0xEE, 0xEF, 0xEE, 0xEF, 0xFF, 0x01, 0x02, 0x37, 0x77, 0x76, 0xEE, 0xC1, 0x34, 0x21
    .byte   0x11, 0x00, 0x00, 0x00,  127, 0x00, 0xDC, 0xBC, 0xCC, 0xDD, 0xDD, 0xED, 0xFE, 0xDF, 0xED, 0xDE
    .byte   0xDE, 0x00, 0x11, 0xEF, 0xDD, 0xEF, 0xF0, 0xEE, 0xDD, 0xF0, 0x01, 0x23, 0x45, 0x76, 0x65, 0x0F
    .byte   0xF3, 0x44, 0x32, 0x11, 0x00,  127, 0x00, 0x00, 0x0F, 0xDC, 0xCC, 0xCC, 0xED, 0xDD, 0xDE, 0xEF
    .byte   0xDE, 0xED, 0xED, 0xEE, 0xEF, 0xEE, 0xEE, 0xFE, 0xDE, 0xEE, 0xFE, 0xEE, 0xD0, 0x00, 0x01, 0x12
    .byte   0x56, 0x56, 0x33, 0x34, 0x55, 0x53,  127, 0x00, 0x00, 0x00, 0x00, 0x00, 0x00, 0x0F, 0xED, 0xCC
    .byte   0xCC, 0xCC, 0xCE, 0xDD, 0xDD, 0xCD, 0xDE, 0xDE, 0xED, 0xEE, 0xDE, 0xE1, 0xF0, 0x00, 0x00, 0x00
    .byte   0x00, 0x01, 0xF5, 0x66, 0x63, 0x43, 0x46,  123, 0x02, 0x00, 0x00, 0x00, 0x00, 0x00, 0x00, 0x00
    .byte   0xFD, 0xDC, 0xBC, 0xBC, 0xDD, 0x2D, 0xCC, 0xDC, 0xDE, 0xE0, 0xDE, 0xED, 0x02, 0x20, 0x0E, 0xED
    .byte   0xEF, 0x0F, 0x00, 0x00, 0x00, 0x14, 0x65, 0x64,   17, 0x04, 0x45, 0x55, 0x11, 0x10, 0x00, 0x00
    .byte   0x00, 0x00, 0x00, 0x0D, 0xDC, 0xCB, 0xCC, 0xED, 0xEE, 0xCC, 0xCD, 0xDF, 0xED, 0xDD, 0xEF, 0x01
    .byte   0x2E, 0xEE, 0xEF, 0x0F, 0xEE, 0xFF, 0xF0, 0x01, 0x02,  -93, 0x05, 0x65, 0x34, 0x45, 0x55, 0x41
    .byte   0x10, 0x00, 0x00, 0x00, 0x00, 0x00, 0x00, 0xFC, 0xCB, 0xCC, 0xDD, 0xDD, 0xCC, 0xDD, 0xD0, 0xDD
    .byte   0xDD, 0xD0, 0xF0, 0xFE, 0xEE, 0x1F, 0x21, 0xFD, 0xEF, 0xF0, -128, 0x00, 0x01, 0x35, 0x56, 0x54
    .byte   0x44, 0x55, 0x44, 0x20, 0x00, 0x00, 0x00, 0x00, 0x00, 0x00, 0xFE, 0xCC, 0xBD, 0xCD, 0xCD, 0xCD
    .byte   0xCD, 0xED, 0xED, 0xDD, 0xEE, 0xEE, 0xF0, 0xEE, 0xFF, 0xF1, 0x2F, -116, 0x0D, 0xFF, 0xF0, 0x00
    .byte   0x12, 0x55, 0x55, 0x54, 0x54, 0x55, 0x33, 0x00, 0x00, 0x00, 0x00, 0x00, 0x00, 0x00, 0xEC, 0xCC
    .byte   0xCD, 0xCD, 0xCD, 0xCC, 0xED, 0xDE, 0xDD, 0xED, 0xFE, 0xEE, 0xEE, 0xEF, -116, 0x01, 0x12, 0x0F
    .byte   0xEE, 0xEF, 0xF1, 0xFF, 0x24, 0x55, 0x55, 0x45, 0x45, 0x53, 0x32, 0x20, 0x00, 0x00, 0x00, 0x00
    .byte   0x00, 0x0F, 0xCC, 0xCC, 0xDD, 0xDC, 0xCD, 0xCD, 0xDD, 0xED, 0xDD, 0xEF, 0xFE,  -95, 0x0E, 0xDF
    .byte   0xE1, 0x11, 0x02, 0x0F, 0xFE, 0xEF, 0xEF, 0xF0, 0x34, 0x54, 0x54, 0x54, 0x55, 0x44, 0x24, 0x00
    .byte   0x00, 0x00, 0x00, 0x00, 0x00, 0xFD, 0xCC, 0xCD, 0xCE, 0xDC, 0xDC, 0xDD, 0xCE, 0xDD,  -73, 0x0E
    .byte   0xEE, 0xFE, 0xEE, 0xEE, 0xE1, 0xF0, 0x12, 0x2F, 0xFF, 0xFE, 0xFE, 0xF1, 0x34, 0x45, 0x44, 0x54
    .byte   0x54, 0x53, 0x34, 0x11, 0x00, 0x00, 0x00, 0x00, 0x00, 0xFD, 0xCC, 0xCD, 0xCE, 0xDC, 0xDC,  -19
    .byte   0x0D, 0xDC, 0xED, 0xEE, 0xEF, 0xEE, 0xEE, 0xEE, 0xEF, 0xFF, 0x22, 0x22, 0x20, 0xFE, 0xEF, 0xF0
    .byte   0x23, 0x44, 0x44, 0x45, 0x34, 0x44, 0x43, 0x43, 0x11, 0x10, 0x00, 0x00, 0x00, 0xED, 0xCC, 0xCD
    .byte     49, 0x0D, 0xDD, 0xCD, 0xDC, 0xDD, 0xCE, 0xDF, 0xFF, 0x0E, 0xEE, 0x0E, 0x0E, 0xFF, 0x12, 0x23
    .byte   0x11, 0xFF, 0xF0, 0x00, 0xF2, 0x33, 0x44, 0x34, 0x44, 0x44, 0x34, 0x33, 0x43, 0x00, 0x00, 0x00
    .byte   0x00,  127, 0x0F, 0xCC, 0xCC, 0xDD, 0xDD, 0xDD, 0xDD, 0xDC, 0xDD, 0xDD, 0xEE, 0xF0, 0xF0, 0xF0
    .byte   0xEF, 0xEF, 0xF0, 0x22, 0x33, 0x12, 0x21, 0x10, 0xFF, 0xF2, 0x23, 0x33, 0x34, 0x33, 0x43, 0x33
    .byte   0x33, 0x43,  120, 0x02, 0x11, 0x10, 0x00, 0xED, 0xCD, 0xCD, 0xDD, 0xED, 0xDD, 0xDD, 0xDD, 0xDD
    .byte   0xDE, 0xDF, 0xEE, 0xEF, 0xEE, 0x0E, 0xFF, 0x01, 0x22, 0x32, 0x32, 0x22, 0x22, 0x21, 0x12, 0xF2
    .byte   0x22, 0x23, 0x22,   11, 0x02, 0x33, 0x32, 0x33, 0x32, 0x33, 0x22, 0x2F, 0x0E, 0xED, 0xDD, 0xDE
    .byte   0xDD, 0xDD, 0xED, 0xED, 0xEE, 0xDD, 0xED, 0xEE, 0xD0, 0xEF, 0xFF, 0x01, 0x02, 0x22, 0x22, 0x23
    .byte   0x23, 0x22, 0x22, 0x20,    1, 0x01, 0x00, 0xFF, 0xF0, 0x0E, 0xFF, 0xF0, 0x02, 0x10, 0x22, 0x22
    .byte   0x22, 0x22, 0x23, 0x12, 0x12, 0x11, 0xFF, 0x0E, 0xEE, 0xFE, 0xEE, 0xEE, 0xEE, 0xED, 0xEE, 0xEE
    .byte   0xEF, 0xFF, 0xFF, 0xE1, 0xFF,  -33, 0x0F, 0x00, 0x11, 0x02, 0x02, 0x02, 0x11, 0x20, 0x20, 0x11
    .byte   0x00, 0x01, 0x01, 0x11, 0x11, 0x02, 0x01, 0xF0, 0xF0, 0xF1, 0x11, 0x12, 0x22, 0x12, 0x21, 0x20
    .byte   0x10, 0x11, 0x00, 0x0F, 0xFF, 0xEE,   19, 0x0E, 0xEE, 0xEF, 0xE0, 0xEE, 0xFE, 0x0E, 0x0E, 0x00
    .byte   0xFF, 0x00, 0x11, 0x11, 0x11, 0x01, 0x20, 0x10, 0x22, 0x01, 0x11, 0x10, 0x2F, 0x00, 0x0F, 0x1F
    .byte   0x10, 0xF1, 0xF0, 0x2E, 0x11, 0x01, 0x10,    4, 0x01, 0x00, 0x11, 0xE1, 0xF0, 0x10, 0xF1, 0x11
    .byte   0x11, 0xF0, 0x03, 0x12, 0x78, 0x87, 0xB4, 0x3D, 0xD7, 0xA6, 0xE8, 0x6D, 0xC7, 0xAD, 0x78, 0x67
    .byte   0x87, 0xC9, 0x79, 0x7B, 0x50, 0xC6, 0xB6, 0xCC,   -3, 0x0E, 0xC6, 0xB4, 0xCE, 0x4B, 0x7A, 0x5C
    .byte   0xC0, 0x33, 0xB6, 0xB5, 0xB4, 0xF3, 0x3B, 0x4C, 0xF5, 0xDC, 0x69, 0x53, 0xE6, 0xDB, 0xD3, 0xC4
    .byte   0x2C, 0xFC, 0x4E, 0x53, 0x95, 0xB0, 0x6B, 0x4A, 0xE4,  -24, 0x07, 0xBE, 0x49, 0x7D, 0xD6, 0x9E
    .byte   0x4E, 0x40, 0xCE, 0x03, 0xF4, 0xEB, 0x4E, 0x35, 0xB3, 0x1F, 0x32, 0x2D, 0x01, 0xF4, 0xED, 0x2E
    .byte   0xE3, 0xEE, 0x1C, 0x13, 0xD1, 0xFE, 0xE2, 0xE1, 0x0D, 0xF0,  -10, 0x02, 0x0D, 0xEE, 0x12, 0x1E
    .byte   0xDC, 0x22, 0x3F, 0xEE, 0xD2, 0x23, 0xED, 0xD2, 0x35, 0x31, 0x3E, 0x53, 0x44, 0xD0, 0x31, 0x5F
    .byte   0xDE, 0xD1, 0x0F, 0xDC, 0xCC, 0xD1, 0xDC, 0xDE, 0x11, 0x20, 0xE1,  -27, 0x03, 0x20, 0xFE, 0x02
    .byte   0xFE, 0xED, 0xDF, 0xEE, 0xDD, 0xEE, 0xD0, 0xED, 0x1F, 0x24, 0x55, 0x35, 0x45, 0x63, 0x44, 0x11
    .byte   0x11, 0x0F, 0xED, 0xEC, 0xCD, 0xBC, 0xBC, 0xDD, 0xCD, 0xF2, 0x22, 0x24,  -18, 0x03, 0x43, 0x33
    .byte   0x02, 0x3D, 0xDD, 0xCE, 0xCC, 0xEC, 0xCD, 0xEE, 0xEE, 0xE0, 0xEE, 0x20, 0xE2, 0x24, 0x66, 0x35
    .byte   0x45, 0x60, 0x34, 0xE0, 0x20, 0x0D, 0xCE, 0xEC, 0xCB, 0xCC, 0xCC, 0xDC, 0xEE,  -57, 0x03, 0x03
    .byte   0x33, 0x44, 0x33, 0x32, 0x22, 0xEE, 0xCD, 0xDD, 0xCC, 0xDC, 0xED, 0xEE, 0xDF, 0x11, 0x1E, 0xEE
    .byte   0xFF, 0x13, 0x16, 0x62, 0x55, 0x46, 0x2F, 0x5F, 0x13, 0x0E, 0xED, 0xDF, 0xCB, 0xCC,   15, 0x0C
    .byte   0xBC, 0xDF, 0xEE, 0x22, 0x33, 0x44, 0x33, 0x34, 0x31, 0x10, 0x1E, 0xDC, 0xCD, 0xCC, 0xCC, 0xEE
    .byte   0xEE, 0x01, 0x01, 0x12, 0xED, 0xE0, 0x2F, 0xE4, 0x74, 0x16, 0x27, 0x4C, 0x53, 0x12, 0xF2,  120
    .byte   0x0D, 0xD0, 0xDB, 0xCC, 0xDC, 0xBC, 0xDD, 0xEF, 0xF2, 0x13, 0x53, 0x22, 0x45, 0x12, 0x03, 0x2C
    .byte   0xED, 0xCD, 0xBC, 0xDC, 0xDD, 0xFF, 0xE1, 0x21, 0x02, 0x0E, 0xED, 0x2F, 0xE2, 0x47, 0x33, 0x55
    .byte     83, 0x02, 0xD5, 0x33, 0xFE, 0x11, 0xDD, 0xDD, 0xCC, 0xCD, 0xCB, 0xCE, 0xDD, 0x0E, 0x33, 0x24
    .byte   0x34, 0x33, 0x42, 0x22, 0x2F, 0xDD, 0xDD, 0xCB, 0xCD, 0xDD, 0xDE, 0x11, 0x12, 0xF2, 0x01, 0x0D
    .byte   0xEE,  -89, 0x01, 0x02, 0x65, 0x35, 0x45, 0x6E, 0x34, 0x23, 0xEE, 0x10, 0xDE, 0xDC, 0xCD, 0xCC
    .byte   0xBB, 0xEE, 0xDC, 0xE3, 0x42, 0x13, 0x54, 0x32, 0x42, 0x31, 0xEE, 0xED, 0xDC, 0xCC, 0xCD, 0xDD
    .byte   0xDF, 0x1F,  -71, 0x0F, 0xF1, 0x1F, 0xEE, 0xD0, 0x2E, 0xE4, 0x65, 0x25, 0x46, 0x5D, 0x44, 0x22
    .byte   0xD1, 0x10, 0xDE, 0xDC, 0xDC, 0xCC, 0xBC, 0xDD, 0xCD, 0x04, 0x21, 0x34, 0x44, 0x24, 0x23, 0x20
    .byte   0x0D, 0xED, 0xDC,  -12, 0x0D, 0xDD, 0xCD, 0x2F, 0x0E, 0xE3, 0x1E, 0xDF, 0xFE, 0xDD, 0x2E, 0x21
    .byte   0x65, 0x25, 0x46, 0x6C, 0x44, 0x24, 0xD0, 0x31, 0x1D, 0xCE, 0xDC, 0xBC, 0xBC, 0xCD, 0xCC, 0x13
    .byte   0x2F, 0x34, 0x44, 0x04,   30, 0x03, 0x3E, 0x1E, 0xEE, 0xCD, 0xCD, 0xEC, 0xDD, 0xF0, 0xFE, 0xE2
    .byte   0x2F, 0xDF, 0xFE, 0xDD, 0xFF, 0xD1, 0x36, 0x5E, 0x55, 0x65, 0xC5, 0x53, 0x2D, 0x23, 0x00, 0xCD
    .byte   0xED, 0xCB, 0xCC, 0xCC, 0xBD,  -57, 0x0F, 0x1F, 0x13, 0x44, 0x31, 0x44, 0x4F, 0xD3, 0xF1, 0xDB
    .byte   0xEF, 0xDC, 0xCE, 0x0E, 0xEE, 0x01, 0x01, 0xFE, 0xEE, 0xFD, 0xDD, 0xFE, 0x0F, 0x56, 0xE5, 0x46
    .byte   0x6D, 0x36, 0x33, 0xDD, 0x42, 0xED,  107, 0x0F, 0xEC, 0xBC, 0xCD, 0xCB, 0xCE, 0x1E, 0xEE, 0x44
    .byte   0x22, 0x14, 0x41, 0xEE, 0x32, 0xCD, 0xD0, 0xDD, 0xDE, 0xFF, 0xEF, 0x02, 0x1E, 0xF0, 0xEE, 0xED
    .byte   0xDE, 0xDE, 0xDE, 0xF4, 0x61, 0x36, 0x56,   61, 0x0D, 0x64, 0x3E, 0xD3, 0x4F, 0xCE, 0x2F, 0xCC
    .byte   0xCF, 0xCC, 0xCC, 0xFE, 0xEE, 0xF2, 0x22, 0xFF, 0x22, 0xE1, 0xDF, 0xFE, 0xEE, 0xE0, 0xF0, 0x11
    .byte   0x31, 0x11, 0x22, 0xEE, 0xEE, 0xDD, 0xCE, 0xDC,  -98, 0x0D, 0xD2, 0xE1, 0x64, 0x26, 0x55, 0x6D
    .byte   0x46, 0x1E, 0xE1, 0x50, 0xBE, 0x42, 0xDB, 0xD3, 0xDB, 0xCE, 0x1D, 0xCD, 0x12, 0x0D, 0xE0, 0x20
    .byte   0xDD, 0x1F, 0xFD, 0xE1, 0x20, 0xF0, 0x32, 0x2E, 0x22,  -13, 0x0E, 0xFE, 0x0E, 0xDD, 0xDE, 0xDC
    .byte   0xDD, 0xD1, 0xDE, 0x46, 0x24, 0x56, 0x61, 0xE6, 0x41, 0xDF, 0x44, 0xDC, 0x34, 0x2C, 0xC2, 0x2C
    .byte   0xBC, 0x0F, 0xCC, 0xE2, 0xFD, 0xDE, 0x0E, 0xDD, 0xEE, 0xEE,  -52, 0x01, 0x21, 0x12, 0x23, 0x11
    .byte   0x22, 0x10, 0x12, 0xEE, 0xEE, 0xED, 0xDD, 0xDD, 0xCD, 0xDF, 0xE1, 0x54, 0x45, 0x55, 0x42, 0x44
    .byte   0x32, 0x13, 0x42, 0xE3, 0x30, 0x0D, 0xD2, 0xCC, 0xCD, 0xED, 0xCE,   21, 0x0E, 0xDD, 0x1D, 0xDD
    .byte   0xD0, 0xDE, 0xE1, 0x11, 0xF0, 0x30, 0x11, 0x23, 0xF2, 0x10, 0x21, 0xEE, 0xEE, 0xDD, 0xED, 0xCD
    .byte   0xDD, 0xEE, 0x04, 0x34, 0x54, 0x54, 0x44, 0x43, 0x33, 0x34, 0x33, 0x11,  127, 0x00, 0x00, 0xFE
    .byte   0xCC, 0xDD, 0xDC, 0xDF, 0xDD, 0xDD, 0xDC, 0xDE, 0xEE, 0xEF, 0xFE, 0x0E, 0xFF, 0x00, 0x20, 0x22
    .byte   0x22, 0x21, 0x00, 0xE1, 0x0D, 0xED, 0xED, 0xDD, 0xDD, 0xF2, 0x44, 0x54, 0x54,   27, 0x03, 0x43
    .byte   0x33, 0x34, 0x42, 0x11, 0x10, 0x00, 0x00, 0xCC, 0xCD, 0xDC, 0xDE, 0xDD, 0xDD, 0xDD, 0xDD, 0xEE
    .byte   0xEE, 0x0F, 0xE0, 0xE1, 0x12, 0x22, 0x23, 0x22, 0x00, 0xFF, 0xEE, 0xFF, 0xEE, 0xDE,  -75, 0x0D
    .byte   0xCD, 0xEE, 0x34, 0x55, 0x45, 0x44, 0x43, 0x33, 0x33, 0x44, 0x11, 0x10, 0x00, 0x0F, 0xDC, 0xCD
    .byte   0xDD, 0xDD, 0xED, 0xCD, 0xDC, 0xED, 0xDF, 0xEF, 0xEE, 0xFE, 0xFE, 0x11, 0x22, 0x32, 0x22,  -34
    .byte   0x01, 0x00, 0xFE, 0xFE, 0x0E, 0xFD, 0xDD, 0xDC, 0xDE, 0x13, 0x45, 0x55, 0x44, 0x43, 0x33, 0x34
    .byte   0x34, 0x32, 0x10, 0x00, 0x00, 0xED, 0xCD, 0xDD, 0xDD, 0xDE, 0xDC, 0xDC, 0xDD, 0xDE, 0xEE, 0xFE
    .byte    -57, 0x0E, 0xEE, 0xF0, 0x12, 0x32, 0x23, 0x02, 0x00, 0x0F, 0xEF, 0xFF, 0xEE, 0xDE, 0xDC, 0xDD
    .byte   0xEF, 0x35, 0x45, 0x54, 0x43, 0x43, 0x33, 0x34, 0x43, 0x21, 0x00, 0x00, 0xFF, 0xDC, 0xDD, 0xDD
    .byte   0xDE,   41, 0x0D, 0xCD, 0xCD, 0xDD, 0xEE, 0xEE, 0xEE, 0xEE, 0xEE, 0x01, 0x32, 0x33, 0x22, 0x01
    .byte   0x0F, 0xEF, 0xF0, 0xFE, 0xFD, 0xDD, 0xCD, 0xDE, 0xF3, 0x45, 0x54, 0x44, 0x43, 0x33, 0x43, 0x44
    .byte   0x41, 0x10,  127, 0x00, 0x00, 0x0F, 0xDC, 0xCD, 0xED, 0xDD, 0xDC, 0xDC, 0xCD, 0xDE, 0xEE, 0xEE
    .byte   0xEE, 0xEE, 0xF0, 0x12, 0x33, 0x23, 0x21, 0x11, 0xFE, 0xFE, 0x1F, 0x0E, 0xED, 0xDD, 0xDC, 0xDF
    .byte   0x24, 0x45, 0x54,    5, 0x04, 0x24, 0x23, 0x44, 0x44, 0x30, 0x00, 0x00, 0x00, 0xFE, 0xCC, 0xDE
    .byte   0xDD, 0xDD, 0xCD, 0xCC, 0xEC, 0xEE, 0xEE, 0xEE, 0xDE, 0xFE, 0x01, 0x22, 0x33, 0x22, 0x21, 0x10
    .byte   0x0E, 0xF1, 0x00, 0xFE,  -52, 0x0D, 0xDD, 0xDC, 0xEF, 0x25, 0x45, 0x44, 0x43, 0x34, 0x24, 0x34
    .byte   0x44, 0x21, 0x11, 0x00, 0x00, 0x0D, 0xCD, 0xDD, 0xDD, 0xDD, 0xCC, 0xDC, 0xDD, 0xDE, 0xEE, 0xFD
    .byte   0xEE, 0xE0, 0x10, 0x23, 0x32,  -46, 0x02, 0x20, 0x10, 0xFF, 0xFF, 0x1F, 0xFE, 0xDD, 0xDD, 0xDC
    .byte   0xFE, 0x44, 0x54, 0x45, 0x33, 0x33, 0x43, 0x34, 0x44, 0x21, 0x11, 0x00, 0x0F, 0xFD, 0xCD, 0xDD
    .byte   0xDD, 0xDC, 0xDC, 0xCD, 0xDD, 0xDE,  -55, 0x0E, 0xED, 0xFE, 0xEF, 0x12, 0x23, 0x32, 0x32, 0x12
    .byte   0x00, 0xE0, 0xFF, 0xFF, 0xEE, 0xDD, 0xDD, 0xCD, 0xE1, 0x44, 0x54, 0x54, 0x43, 0x33, 0x34, 0x34
    .byte   0x44, 0x10, 0x00, 0x00, 0x00, 0x0D, 0xCD,   83, 0x0D, 0xDD, 0xDC, 0xDC, 0xCD, 0xCD, 0xED, 0xEE
    .byte   0xEE, 0xFE, 0xE0, 0x12, 0x33, 0x23, 0x22, 0x21, 0x00, 0xFF, 0xF0, 0x01, 0xEE, 0xDD, 0xDC, 0xDC
    .byte   0xE1, 0x34, 0x55, 0x44, 0x43, 0x43, 0x34, 0x34,  107, 0x04, 0x20, 0x00, 0x00, 0x00, 0x0D, 0xCD
    .byte   0xDD, 0xDD, 0xCD, 0xDC, 0xCD, 0xDD, 0xDD, 0xEE, 0xEE, 0xEE, 0xFF, 0x02, 0x32, 0x32, 0x32, 0x11
    .byte   0x2F, 0xF0, 0xF0, 0x00, 0xE0, 0xDD, 0xDD, 0xCD, 0xDF, -106, 0x04, 0x45, 0x44, 0x44, 0x33, 0x43
    .byte   0x43, 0x44, 0x31, 0x11, 0x00, 0x00, 0xFF, 0xCD, 0xCD, 0xDD, 0xDD, 0xCC, 0xDC, 0xDD, 0xDE, 0xDF
    .byte   0xEE, 0xEE, 0xE0, 0x12, 0x22, 0x33, 0x22, 0x30, 0x11, 0x11,  -28, 0x0F, 0xF0, 0xFE, 0xED, 0xDD
    .byte   0xDC, 0xDE, 0xE2, 0x44, 0x44, 0x44, 0x43, 0x43, 0x43, 0x44, 0x43, 0x11, 0x10, 0x00, 0x0F, 0xFC
    .byte   0xDC, 0xDD, 0xDC, 0xDC, 0xDC, 0xCD, 0xDD, 0xED, 0xFE, 0xE0, 0xE1,  -77, 0x02, 0x22, 0x23, 0x23
    .byte   0x32, 0x21, 0x12, 0xFE, 0x0E, 0xFE, 0xEE, 0xDD, 0xDD, 0xCD, 0xDE, 0x23, 0x44, 0x44, 0x44, 0x43
    .byte   0x44, 0x43, 0x44, 0x40, 0x00, 0x00, 0x00, 0x00, 0xDC, 0xDD, 0xDD, 0xCD,   29, 0x0C, 0xCD, 0xCC
    .byte   0xED, 0xEE, 0x0E, 0xFF, 0x0F, 0x01, 0x22, 0x23, 0x33, 0x23, 0x11, 0x11, 0xEE, 0xFE, 0xFF, 0xEF
    .byte   0xDD, 0xDD, 0xCD, 0xEE, 0x13, 0x44, 0x44, 0x43, 0x44, 0x34, 0x43, 0x44, 0x41,  127, 0x00, 0x00
    .byte   0x00, 0x0E, 0xDC, 0xDC, 0xDD, 0xDD, 0xDC, 0xDC, 0xCD, 0xCD, 0xEE, 0xFF, 0x01, 0x00, 0x02, 0x12
    .byte   0x22, 0x33, 0x32, 0x31, 0x21, 0x0F, 0xEF, 0xEE, 0xFE, 0xED, 0xDD, 0xDD, 0xDD, 0x02,  -85, 0x03
    .byte   0x43, 0x44, 0x34, 0x43, 0x44, 0x43, 0x44, 0x21, 0x11, 0x00, 0x00, 0xEC, 0xDC, 0xDD, 0xCE, 0xDD
    .byte   0xCD, 0xDC, 0xDD, 0xDD, 0xEE, 0xFF, 0xF0, 0x12, 0x11, 0x22, 0x23, 0x23, 0x23, 0x22, 0x20,   -5
    .byte   0x0F, 0xFE, 0xFE, 0xFE, 0xED, 0xDE, 0xDD, 0xEE, 0xE2, 0x23, 0x33, 0x33, 0x43, 0x33, 0x43, 0x43
    .byte   0x44, 0x33, 0x22, 0x00, 0xFF, 0xDD, 0xCD, 0xDD, 0xDD, 0xDD, 0xDD, 0xDD, 0xDD, 0xDD, 0xED, 0xFE
    .byte    -64, 0x0F, 0x00, 0x10, 0x21, 0x22, 0x23, 0x22, 0x31, 0x21, 0x01, 0x00, 0x10, 0x01, 0x1F, 0xFE
    .byte   0xEE, 0xDE, 0xEE, 0xF0, 0x22, 0x22, 0x32, 0x23, 0x22, 0x32, 0x33, 0x33, 0x32, 0x32, 0x21, 0x1F
    .byte   0xEE,   72, 0x0E, 0xDF, 0xED, 0xEE, 0xDE, 0xDD, 0xED, 0xED, 0xFE, 0xEE, 0xFE, 0xFE, 0x0F, 0xF0
    .byte   0x20, 0x22, 0x21, 0x22, 0x02, 0x11, 0x02, 0x02, 0x10, 0x21, 0x00, 0x0E, 0x0F, 0xE0, 0xEF, 0x10
    .byte   0x02, 0x11,   -3, 0x01, 0x10, 0x10, 0xF1, 0x10, 0x12, 0x10, 0x11, 0x10, 0xFF, 0x0F, 0x00, 0x00
    .byte   0x11, 0x01, 0x11, 0x11, 0xF1, 0x1F, 0xF1, 0x00, 0x00, 0x1F, 0x1F, 0xFF, 0x0E, 0x0F, 0xFF, 0xFF
    .byte   0x0F, 0xFF, 0xFF,   -3, 0x0F, 0x0E, 0x00, 0xE0, 0x0F, 0x1F, 0x1F, 0x11, 0x01, 0x10, 0x10, 0x01
    .byte   0x01, 0x11, 0xF1, 0x10, 0x0F, 0x10, 0x00, 0xF0, 0x0F, 0x10, 0x10, 0x10, 0x1F, 0x01, 0x00, 0x10
    .byte   0xF1, 0x10, 0x10, 0x00,    3, 0x00, 0x01, 0xF1, 0x01, 0xF1, 0xF1, 0x10, 0x01, 0xF1, 0x10, 0x10
    .byte   0xF1, 0x00, 0x10, 0x00, 0xF0, 0xFF, 0xF0, 0xF0, 0xF0, 0xFF, 0xFF, 0x0F, 0xF0, 0xFF, 0xF0, 0xF0
    .byte   0xFF, 0x00, 0x00, 0xFF, 0x1F,   -9, 0x01, 0x0F, 0x1F, 0x01, 0x10, 0x10, 0x10, 0x01, 0x00, 0x11
    .byte   0x00, 0x10, 0x01, 0xF0, 0x11, 0x00, 0x11, 0x0F, 0x10, 0x10, 0x00, 0x00, 0x01, 0x1F, 0x00, 0x00
    .byte   0x00, 0x00, 0x0F, 0x0F, 0x00, 0xF1,    2, 0x0F, 0x1F, 0x0F, 0x0F, 0xF1, 0xFF, 0x10, 0x0F, 0x01
    .byte   0xFF, 0x00, 0x10, 0x00, 0x00, 0x1F, 0x10, 0xF1, 0x01, 0xF1, 0x00, 0x01, 0xF0, 0x1F, 0x10, 0x00
    .byte   0x00, 0x00, 0x00, 0xF1, 0x00, 0x00, 0xF1,    0, 0x00, 0xF0, 0x01, 0xF1, 0x00, 0xF1, 0x01, 0xF0
    .byte   0x1F, 0x10, 0x1F, 0x01, 0x00, 0x0F, 0x10, 0x00, 0x01, 0x00, 0x0F, 0x10, 0x00, 0x0F, 0x01, 0xF0
    .byte   0x01, 0x0F, 0xFF, 0x20, 0xE0, 0x10, 0xFE, 0x11,   -2, 0x0F, 0x01, 0x0F, 0xE1, 0x20, 0xEE, 0x23
    .byte   0xED, 0xF4, 0x2D, 0xEF, 0x22, 0x1F, 0x0D, 0x03, 0x4D, 0x57, 0x88, 0xD7, 0x79, 0x87, 0x76, 0x88
    .byte   0x77, 0xD8, 0x27, 0x78, 0x87, 0x74, 0x8C, 0x75, 0x88,  -30, 0x07, 0x18, 0x27, 0xC0, 0x93, 0x6C
    .byte   0x5B, 0xE5, 0xB2, 0x6B, 0x42, 0xD4, 0xB4, 0xDA, 0x75, 0x90, 0x65, 0xB9, 0x75, 0x83, 0x15, 0x39
    .byte   0x65, 0xA1, 0xD5, 0xFA, 0x32, 0xDF, 0x04, 0x2B, 0x52, 0xED,   -9, 0x03, 0xD3, 0xE4, 0xE0, 0xE0
    .byte   0x4C, 0x1D, 0x22, 0xDE, 0x0F, 0x4D, 0xE2, 0x33, 0xB2, 0x43, 0xDD, 0x23, 0xFD, 0xE3, 0x1E, 0xDE
    .byte   0x4E, 0xC3, 0x0E, 0xED, 0x4E, 0xD4, 0xFD, 0x5D, 0x21, 0xC5, 0xC3,   11, 0x0C, 0x42, 0xD2, 0xFD
    .byte   0x4C, 0x3D, 0xF2, 0xC2, 0x22, 0xEF, 0x4E, 0xD3, 0x2E, 0xD2, 0x3E, 0xEF, 0xD4, 0xED, 0x03, 0x3C
    .byte   0xE2, 0x0F, 0xE1, 0x21, 0xD2, 0x3E, 0xE3, 0x2E, 0xD2, 0x3C, 0x33, 0xED,   -3, 0x01, 0x3D, 0xF2
    .byte   0xE3, 0xFD, 0xD4, 0x1D, 0xE3, 0x2E, 0xE0, 0x2F, 0xFE, 0x11, 0x03, 0xDE, 0x23, 0xDE, 0x3E, 0x22
    .byte   0xF0, 0xD2, 0x1E, 0x10, 0x03, 0xDE, 0x23, 0xEC, 0x34, 0xED, 0xF4, 0x0D, 0xE2,    9, 0x0E, 0xD1
    .byte   0x2D, 0xEE, 0x4E, 0xD3, 0x03, 0xE1, 0xE0, 0x23, 0xDD, 0x4E, 0x2C, 0x33, 0xE2, 0xCE, 0x32, 0xEE
    .byte   0xD3, 0x3E, 0xDE, 0x43, 0xCE, 0x32, 0xEE, 0x22, 0x2E, 0xC4, 0x2D, 0xC3, 0x32, 0xCE,    1, 0x02
    .byte   0xED, 0xF4, 0x0D, 0xF0, 0x21, 0xE3, 0x0D, 0x21, 0x2F, 0xD1, 0x21, 0xED, 0x13, 0x2D, 0xF1, 0x3E
    .byte   0xEE, 0x33, 0xDD, 0x33, 0x0D, 0xD3, 0x3D, 0xED, 0x43, 0xDD, 0xF2, 0xF2, 0xFD, 0x04, 0xFE,   -5
    .byte   0x01, 0x40, 0xCF, 0x4D, 0xFE, 0xD4, 0x1E, 0xD2, 0x02, 0x2C, 0xF4, 0x1D, 0x0F, 0x33, 0xC0, 0x32
    .byte   0xD0, 0x31, 0xDD, 0x23, 0x1C, 0x03, 0x3F, 0xC2, 0x32, 0xD0, 0x01, 0x2D, 0x12, 0x3D, 0xF2, 0x2F
    .byte    -11, 0x0E, 0x5F, 0xCF, 0x33, 0x0C, 0x04, 0x0C, 0x22, 0xEE, 0x13, 0xFD, 0xE5, 0x1B, 0x13, 0x3F
    .byte   0xCE, 0x42, 0xC1, 0x23, 0xEE, 0xE2, 0x3D, 0xE2, 0x2E, 0xE2, 0x3D, 0xD2, 0x31, 0xEE, 0x33, 0xFC
    .byte   0x22,    8, 0x01, 0xCF, 0x23, 0xEE, 0xEF, 0x42, 0xCE, 0x33, 0x1C, 0xF3, 0x0E, 0xE2, 0x22, 0xED
    .byte   0x31, 0xD1, 0x2E, 0x0F, 0x01, 0x12, 0x0F, 0x2F, 0xEE, 0x3F, 0xD2, 0xF0, 0x3F, 0xEE, 0x13, 0x1C
    .byte   0xD4, 0x4C,   -8, 0x0E, 0x43, 0xCD, 0x34, 0x0C, 0x23, 0x0C, 0x23, 0xED, 0x12, 0xFF, 0xE3, 0x2C
    .byte   0xF4, 0xFD, 0xE2, 0x40, 0xC1, 0x40, 0xCF, 0x23, 0xDC, 0x33, 0xFD, 0xE2, 0x42, 0xCD, 0x43, 0xED
    .byte   0xD3, 0x3E, 0x1D,  -11, 0x03, 0x3E, 0xDD, 0x33, 0x1C, 0xE4, 0x30, 0xB1, 0x53, 0xCC, 0x44, 0x1B
    .byte   0xE4, 0x3E, 0xC1, 0x33, 0xEC, 0x13, 0x4D, 0xC2, 0x4D, 0xD1, 0x22, 0x1D, 0xE3, 0xF2, 0x1C, 0x23
    .byte   0x1D, 0xD1, 0x41, 0xBE,   -6, 0x03, 0xDC, 0x14, 0x3B, 0x03, 0x21, 0xC1, 0x31, 0xEE, 0x32, 0x2E
    .byte   0xF2, 0x22, 0xE0, 0x12, 0xF1, 0x0F, 0x23, 0x01, 0xEE, 0x43, 0xCE, 0x24, 0x1C, 0xE4, 0x5B, 0xB3
    .byte   0x51, 0xBB, 0x45, 0xCB, 0xE4,   20, 0x0C, 0xBD, 0x53, 0xBC, 0x05, 0x1B, 0xD4, 0x3D, 0xCD, 0x43
    .byte   0xCD, 0x24, 0x1C, 0xD4, 0x5D, 0xDE, 0x54, 0xCD, 0x44, 0x2E, 0xE2, 0x3F, 0x34, 0xFC, 0x45, 0x2C
    .byte   0xC4, 0x6D, 0xAE, 0x54, 0xBB, 0x24,   59, 0x0B, 0xD1, 0x11, 0xDC, 0xE3, 0xFC, 0xEF, 0x2F, 0xED
    .byte   0xD2, 0xDF, 0xFD, 0xD1, 0x1E, 0xDE, 0xF2, 0x0D, 0x22, 0x03, 0x0E, 0x23, 0x3F, 0xD4, 0x32, 0x05
    .byte   0x52, 0x25, 0x45, 0xDD, 0x53, 0xEC, 0xD2,   96, 0x0C, 0xBE, 0x3D, 0xCC, 0xC3, 0xEB, 0x11, 0x03
    .byte   0x30, 0x24, 0x33, 0x0D, 0x01, 0xEC, 0xCD, 0xDE, 0xCC, 0xED, 0xFE, 0xD0, 0x21, 0xEF, 0x33, 0x2F
    .byte   0x23, 0x3E, 0xFF, 0x32, 0xC1, 0x30, 0x25, 0x43,   33, 0x04, 0x54, 0x02, 0x43, 0xFD, 0xEF, 0xED
    .byte   0xCC, 0xED, 0xCC, 0xCC, 0xFE, 0xDD, 0xE4, 0x42, 0x13, 0x54, 0x0F, 0x03, 0x1D, 0xCD, 0xEF, 0xCB
    .byte   0xD0, 0xDC, 0xDE, 0x2E, 0xE2, 0x23, 0x0E, 0x33, 0xEE,  -63, 0x00, 0x3E, 0xC1, 0x32, 0x14, 0x63
    .byte   0x54, 0x55, 0x41, 0x41, 0x00, 0x0E, 0xDE, 0xCC, 0xCC, 0xCD, 0xBC, 0xC0, 0xDC, 0xD4, 0x43, 0xE4
    .byte   0x54, 0x3F, 0x24, 0xFE, 0xDD, 0x2C, 0xCD, 0xDD, 0xCD, 0xEE,  -67, 0x0E, 0x02, 0x2F, 0x22, 0x00
    .byte   0x1F, 0x0D, 0xDE, 0x0E, 0xDE, 0x32, 0x46, 0x35, 0x65, 0x64, 0x03, 0x10, 0x00, 0x00, 0xED, 0xBC
    .byte   0xDB, 0xDB, 0xBD, 0xDD, 0xDD, 0x14, 0x32, 0x15, 0x43, 0x22, 0x34,   45, 0x0D, 0xD2, 0x1C, 0xCD
    .byte   0xED, 0xDC, 0xE2, 0xDF, 0x11, 0x20, 0x21, 0xEF, 0xEE, 0xEC, 0xDE, 0xED, 0xD0, 0x33, 0x66, 0x26
    .byte   0x66, 0x53, 0x21, 0x00, 0x00, 0x00, 0xFB, 0xDC, 0xCC, 0xCB, 0xCD, 0xDD,  -52, 0x01, 0x33, 0x2F
    .byte   0x44, 0x22, 0xE3, 0x3E, 0xFF, 0xD2, 0x0C, 0xDE, 0xFD, 0xDE, 0xF2, 0xEE, 0x32, 0xEE, 0x0F, 0xDD
    .byte   0xDD, 0xDC, 0xCF, 0xEE, 0xF0, 0x34, 0x74, 0x47, 0x66, 0x40, 0x31, 0x10, 0xE2,  127, 0x0E, 0xBD
    .byte   0x3F, 0xAC, 0xDD, 0xDC, 0xC2, 0x20, 0xE1, 0x22, 0x0E, 0xE1, 0xFE, 0xEE, 0xF1, 0x00, 0xE1, 0x32
    .byte   0xE1, 0x23, 0x2E, 0x22, 0x10, 0xDE, 0xDD, 0xCD, 0xCD, 0xCC, 0xDD, 0xE0, 0xF0, 0x1F, -101, 0x07
    .byte   0x35, 0x76, 0x6E, 0x15, 0x11, 0xCE, 0x4F, 0xBF, 0x20, 0x0B, 0xDF, 0xDD, 0xCC, 0x2E, 0xDE, 0xEE
    .byte   0x0D, 0xED, 0xD2, 0xDE, 0xF2, 0x30, 0xE3, 0x32, 0x11, 0x32, 0x22, 0x20, 0x01, 0xEF, 0xDD,  -22
    .byte   0x0C, 0xDD, 0xCC, 0xCD, 0xED, 0xF0, 0xF0, 0x16, 0x73, 0x56, 0x66, 0xC2, 0x61, 0xCC, 0x15, 0xDB
    .byte   0x24, 0x3C, 0xC2, 0x2C, 0xCC, 0xFF, 0xCC, 0xE1, 0xED, 0xCE, 0xED, 0xED, 0xE2, 0x12, 0x21, 0x33
    .byte    -23, 0x02, 0x23, 0x21, 0x13, 0x2F, 0xEF, 0xFD, 0xEC, 0xDE, 0xDC, 0xCC, 0xED, 0xCE, 0xF0, 0x2F
    .byte   0x66, 0x25, 0x66, 0x5D, 0x06, 0x3C, 0xB3, 0x6F, 0xB2, 0x53, 0xDB, 0x33, 0xCB, 0xCF, 0x1C, 0xBD
    .byte   0x20,   -6, 0x0C, 0xD1, 0xEC, 0xD0, 0x12, 0x21, 0x22, 0x32, 0x01, 0x32, 0x2F, 0x23, 0x2E, 0x01
    .byte   0x2D, 0xDD, 0xDE, 0xCC, 0xDE, 0xDD, 0xDE, 0x1E, 0xF3, 0x55, 0x25, 0x56, 0x4D, 0x45, 0x1F, 0xD4
    .byte   0x5E, 0xD3,  127, 0x00, 0xDC, 0x31, 0xBC, 0xCF, 0xEC, 0xCE, 0xEE, 0xDC, 0xEE, 0xFD, 0xDE, 0x12
    .byte   0xFE, 0x23, 0xE1, 0x13, 0x21, 0x23, 0x31, 0x11, 0x20, 0xDE, 0xEE, 0xDD, 0xDF, 0xDD, 0xDD, 0xEC
    .byte   0xDF, 0x1E, 0x45,  -57, 0x05, 0x45, 0x50, 0x25, 0x22, 0x22, 0x53, 0xE3, 0x30, 0x0D, 0xE1, 0xCC
    .byte   0xCE, 0xEC, 0xDD, 0xED, 0xDD, 0xDD, 0xDE, 0xEE, 0xFE, 0x21, 0xF2, 0xF1, 0x2F, 0x22, 0x23, 0x13
    .byte   0x21, 0x2E, 0xE0, 0xED,  -25, 0x0D, 0xED, 0xED, 0xED, 0xED, 0xDD, 0xDF, 0x24, 0x44, 0x54, 0x54
    .byte   0x24, 0x32, 0x42, 0x34, 0x43, 0x20, 0x00, 0x0F, 0xDD, 0xCD, 0xDD, 0xDD, 0xDD, 0xDC, 0xED, 0xCE
    .byte   0xDE, 0xFE, 0xFF, 0xFF, 0xEF,  -55, 0x00, 0x12, 0x23, 0x23, 0x22, 0x2F, 0xF0, 0xEE, 0xDE, 0xEE
    .byte   0xED, 0xFD, 0xDD, 0xDE, 0xDE, 0x24, 0x44, 0x55, 0x44, 0x33, 0x42, 0x33, 0x34, 0x42, 0x11, 0x00
    .byte   0x0F, 0xEC, 0xDC, 0xDD, 0xDD, 0xDD,   16, 0x0C, 0xDD, 0xDD, 0xDF, 0xE1, 0xE0, 0x0E, 0x0E, 0x00
    .byte   0x22, 0x32, 0x33, 0x33, 0x01, 0xFF, 0xEE, 0xDE, 0xED, 0xED, 0xED, 0xDD, 0xDD, 0xED, 0x03, 0x44
    .byte   0x55, 0x44, 0x43, 0x33, 0x33, 0x34, 0x43,  127, 0x00, 0x00, 0x0F, 0x0D, 0xCD, 0xCD, 0xDD, 0xDD
    .byte   0xED, 0xCD, 0xCD, 0xDE, 0xEF, 0xE1, 0xF0, 0xEF, 0xF1, 0x02, 0x33, 0x23, 0x33, 0x22, 0x1F, 0xE0
    .byte   0xDE, 0xED, 0xDE, 0xDE, 0xDD, 0xDD, 0xDD, 0xEE, -110, 0x04, 0x54, 0x54, 0x44, 0x33, 0x33, 0x42
    .byte   0x44, 0x41, 0x11, 0x00, 0x00, 0xDC, 0xDC, 0xDD, 0xDE, 0xDD, 0xDC, 0xDD, 0xCE, 0xDE, 0xEE, 0x01
    .byte   0xEF, 0xFF, 0x02, 0x23, 0x23, 0x32, 0x32, 0x21, 0x0E,   -7, 0x0E, 0xED, 0xED, 0xED, 0xED, 0xDE
    .byte   0xDD, 0xDD, 0x02, 0x44, 0x55, 0x44, 0x43, 0x33, 0x34, 0x33, 0x43, 0x31, 0x00, 0x00, 0x0D, 0xCD
    .byte   0xCD, 0xDD, 0xED, 0xDD, 0xCD, 0xDC, 0xDE, 0xDE, 0x00, 0x1F,  -57, 0x00, 0xF0, 0x12, 0x32, 0x33
    .byte   0x33, 0x22, 0x10, 0xEE, 0xED, 0xED, 0xEE, 0xDE, 0xDD, 0xDD, 0xDD, 0xEE, 0x13, 0x45, 0x54, 0x44
    .byte   0x33, 0x33, 0x43, 0x34, 0x34, 0x20, 0x00, 0x0F, 0xFD, 0xCD, 0xCE,   60, 0x0D, 0xDD, 0xDD, 0xCD
    .byte   0xCD, 0xDD, 0xEF, 0xFF, 0xF1, 0xF0, 0x11, 0x22, 0x32, 0x33, 0x32, 0x22, 0x11, 0xFE, 0xEE, 0xDE
    .byte   0xDD, 0xED, 0xDE, 0xDD, 0xDD, 0xEE, 0x02, 0x45, 0x54, 0x53, 0x33, 0x43,   62, 0x04, 0x24, 0x43
    .byte   0x20, 0x00, 0x00, 0xFE, 0xCC, 0xDD, 0xDD, 0xDD, 0xDD, 0xCD, 0xCD, 0xCE, 0xEE, 0xFF, 0x2F, 0x1F
    .byte   0x00, 0x22, 0x23, 0x33, 0x23, 0x22, 0x20, 0xFE, 0xEE, 0xED, 0xDD, 0xED, 0xDE,  -74, 0x0D, 0xDD
    .byte   0xED, 0x02, 0x35, 0x54, 0x54, 0x42, 0x33, 0x34, 0x33, 0x44, 0x22, 0x00, 0x00, 0x0E, 0xDC, 0xCD
    .byte   0xDD, 0xED, 0xDD, 0xCD, 0xCD, 0xCD, 0xEE, 0xE1, 0x12, 0xFF, 0xF0, 0x02, 0x22, 0x33,  -19, 0x02
    .byte   0x32, 0x21, 0x0F, 0xEE, 0xED, 0xED, 0xDE, 0xDE, 0xDD, 0xDD, 0xEE, 0xD1, 0x24, 0x54, 0x55, 0x33
    .byte   0x33, 0x43, 0x33, 0x43, 0x42, 0x11, 0x00, 0x00, 0xEC, 0xCD, 0xDD, 0xDD, 0xED, 0xCD, 0xCD,  -32
    .byte   0x0D, 0xDD, 0xFF, 0x11, 0x11, 0x00, 0x11, 0x12, 0x32, 0x33, 0x32, 0x31, 0x10, 0xEE, 0xED, 0xDE
    .byte   0xDE, 0xDE, 0xED, 0xDE, 0xDD, 0xEE, 0xF3, 0x45, 0x45, 0x44, 0x32, 0x43, 0x33, 0x34, 0x43, 0x21
    .byte    127, 0x00, 0x00, 0xFD, 0xDC, 0xCD, 0xDE, 0xDD, 0xDC, 0xDD, 0xCD, 0xCD, 0xEE, 0x10, 0x22, 0x10
    .byte   0x00, 0x02, 0x23, 0x23, 0x33, 0x31, 0x11, 0xEF, 0xEE, 0xED, 0xDD, 0xEE, 0xDE, 0xDD, 0xDD, 0xDE
    .byte   0xF0, -104, 0x04, 0x54, 0x54, 0x43, 0x34, 0x33, 0x43, 0x34, 0x32, 0x11, 0x00, 0x0F, 0xDD, 0xCC
    .byte   0xED, 0xDD, 0xDD, 0xDC, 0xDC, 0xDD, 0xDE, 0xEF, 0x02, 0x02, 0xF0, 0x11, 0x22, 0x33, 0x23, 0x32
    .byte   0x11, 0x0F,   -1, 0x0E, 0xEE, 0xDD, 0xED, 0xDE, 0xDE, 0xDD, 0xDD, 0xEE, 0x11, 0x45, 0x45, 0x44
    .byte   0x43, 0x43, 0x34, 0x23, 0x43, 0x31, 0x11, 0x00, 0xFE, 0xCC, 0xDD, 0xDD, 0xDE, 0xDD, 0xCD, 0xCD
    .byte   0xDD, 0xDE, 0x00,  -54, 0x01, 0x10, 0x0F, 0xF2, 0x22, 0x33, 0x33, 0x22, 0x11, 0xFE, 0xEE, 0xEE
    .byte   0xDE, 0xDE, 0xDD, 0xED, 0xDD, 0xDE, 0xEF, 0x13, 0x44, 0x54, 0x53, 0x43, 0x43, 0x43, 0x14, 0x33
    .byte   0x31, 0x00, 0x00, 0x0D,  106, 0x0C, 0xDD, 0xDD, 0xDD, 0xED, 0xCD, 0xCD, 0xDD, 0xDF, 0xE1, 0x11
    .byte   0x1F, 0x10, 0x2F, 0x32, 0x33, 0x32, 0x32, 0x11, 0xFE, 0xEE, 0xED, 0xDE, 0xDE, 0xED, 0xDE, 0xDD
    .byte   0xDD, 0xE0, 0x12, 0x44, 0x54,  -11, 0x04, 0x34, 0x34, 0x33, 0x33, 0x43, 0x31, 0x10, 0x00, 0x0F
    .byte   0xCD, 0xCD, 0xDD, 0xDD, 0xDD, 0xDC, 0xDD, 0xCE, 0xDE, 0xE0, 0x10, 0x10, 0x02, 0x11, 0x23, 0x23
    .byte   0x32, 0x32, 0x21, 0x0E, 0xEE, 0xED,  -22, 0x0D, 0xED, 0xEE, 0xDD, 0xDD, 0xDD, 0xEE, 0x02, 0x34
    .byte   0x54, 0x44, 0x44, 0x34, 0x33, 0x33, 0x43, 0x42, 0x10, 0x00, 0x00, 0xDC, 0xDC, 0xED, 0xDD, 0xDD
    .byte   0xDD, 0xCD, 0xCE, 0xDE, 0xEE, 0xF0, 0x11,  -53, 0x01, 0x21, 0x22, 0x23, 0x23, 0x23, 0x21, 0x10
    .byte   0xEE, 0xEE, 0xED, 0xDE, 0xED, 0xED, 0xED, 0xDD, 0xDD, 0xF0, 0x24, 0x44, 0x45, 0x34, 0x43, 0x34
    .byte   0x33, 0x34, 0x34, 0x11, 0x10, 0x0F, 0xFD, 0xCD,   78, 0x0D, 0xDD, 0xED, 0xDD, 0xCD, 0xDD, 0xCE
    .byte   0xDF, 0xE0, 0x10, 0x11, 0x12, 0x12, 0x23, 0x23, 0x23, 0x22, 0x21, 0x0F, 0xEE, 0xED, 0xDE, 0xDE
    .byte   0xDE, 0xED, 0xDD, 0xDD, 0xEE, 0x02, 0x34, 0x45, 0x34,    1, 0x04, 0x34, 0x33, 0x33, 0x43, 0x42
    .byte   0x20, 0x00, 0x00, 0xDD, 0xCD, 0xDC, 0xED, 0xDD, 0xDD, 0xDD, 0xCD, 0xDE, 0xDF, 0x0F, 0x02, 0x02
    .byte   0x11, 0x12, 0x22, 0x32, 0x33, 0x13, 0x12, 0xEF, 0xED, 0xDD,  -30, 0x0D, 0xED, 0xEE, 0xDE, 0xDD
    .byte   0xDE, 0xE0, 0x12, 0x34, 0x34, 0x44, 0x43, 0x44, 0x34, 0x33, 0x43, 0x33, 0x21, 0x00, 0x00, 0xDD
    .byte   0xDC, 0xDD, 0xDE, 0xDD, 0xDD, 0xDC, 0xDC, 0xDE, 0xDE, 0x11, 0x22,  -45, 0x02, 0x11, 0x12, 0x12
    .byte   0x13, 0x23, 0x23, 0x21, 0xFE, 0xED, 0xED, 0xDD, 0xED, 0xEE, 0xED, 0xEE, 0xDE, 0xEE, 0x12, 0x23
    .byte   0x43, 0x44, 0x34, 0x43, 0x43, 0x34, 0x24, 0x33, 0x32, 0x10, 0x00, 0xED,  104, 0x0D, 0xCE, 0xDD
    .byte   0xEE, 0xDD, 0xCD, 0xCD, 0xCD, 0xDF, 0xEF, 0x22, 0x23, 0x12, 0x1F, 0x11, 0x12, 0x22, 0x32, 0x32
    .byte   0x11, 0xEE, 0xEE, 0xE2, 0xCD, 0xDB, 0x0E, 0xD3, 0xDE, 0x2C, 0xFE, 0xE2, 0x23,  -62, 0x04, 0x44
    .byte   0x34, 0x33, 0x43, 0x42, 0x23, 0x33, 0x33, 0x20, 0xFD, 0xDC, 0xDD, 0xDD, 0xEE, 0xDE, 0xED, 0xDE
    .byte   0xDD, 0xDD, 0xDE, 0xE0, 0x12, 0x22, 0x12, 0x10, 0x22, 0x22, 0x22, 0x02, 0x12, 0x11,    8, 0x0E
    .byte   0xED, 0xDD, 0xED, 0xFE, 0xEE, 0xEE, 0xED, 0xFE, 0xEF, 0x1F, 0x22, 0x22, 0x33, 0x33, 0x42, 0x33
    .byte   0x34, 0x33, 0x43, 0x23, 0x12, 0x22, 0x1F, 0x0E, 0xDE, 0xDE, 0xDE, 0xDE, 0xEE, 0xDF, 0xDE,    7
    .byte   0x0E, 0xEE, 0xEE, 0xEF, 0xFF, 0x00, 0x11, 0x1F, 0x01, 0x11, 0x02, 0x21, 0x11, 0x21, 0xFF, 0xEE
    .byte   0xED, 0xFE, 0xEE, 0xEF, 0xEE, 0xE0, 0xE0, 0x0E, 0x0E, 0x00, 0x22, 0x22, 0x20, 0x21, 0x23, 0x23
    .byte     -3, 0x02, 0x32, 0x32, 0x22, 0x32, 0x32, 0x22, 0x21, 0x20, 0x21, 0xFE, 0xED, 0xED, 0xFE, 0xEE
    .byte   0xEF, 0xED, 0xEE, 0xDF, 0xE0, 0xE0, 0xEE, 0x0F, 0xFF, 0x1E, 0x01, 0x01, 0x01, 0x11, 0x02, 0x1E
    .byte   0xE0,  -14, 0x0F, 0xFD, 0xF1, 0xF1, 0x10, 0xDD, 0xF0, 0x22, 0x2E, 0xEF, 0x11, 0x22, 0x11, 0x11
    .byte   0xF2, 0x23, 0x02, 0xF3, 0x21, 0x0E, 0x11, 0x23, 0x31, 0x0D, 0xE2, 0x23, 0x31, 0xEE, 0xD2, 0x22
    .byte   0xFF, 0x0E,   31, 0x00, 0x21, 0xD0, 0xE2, 0x1E, 0xDF, 0x01, 0x2E, 0xEE, 0xFF, 0xF0, 0x0F, 0xEE
    .byte   0x0E, 0xE0, 0xE1, 0x22, 0xFF, 0xDD, 0x22, 0x22, 0xED, 0x02, 0x12, 0x0E, 0xF3, 0x2F, 0xEE, 0xE2
    .byte   0x21, 0xFF, 0x3E,  -15, 0x02, 0x00, 0x02, 0xE2, 0xFF, 0x0E, 0x14, 0x3D, 0xDE, 0x13, 0x32, 0x0D
    .byte   0xEF, 0x14, 0x2F, 0xEE, 0xFE, 0xF1, 0x32, 0xE1, 0xDF, 0xFE, 0x1E, 0x12, 0xE3, 0xFC, 0xD0, 0x42
    .byte   0x31, 0xCD, 0x2F, 0x3F,   -7, 0x02, 0x32, 0xDE, 0x2E, 0x2E, 0x34, 0xEC, 0xEE, 0x23, 0x0F, 0x0D
    .byte   0xF2, 0xF3, 0xFD, 0x20, 0xD2, 0x4E, 0xED, 0xDE, 0x31, 0x24, 0xE1, 0xDC, 0xE3, 0x32, 0x2F, 0x1E
    .byte   0xC2, 0x4E, 0x32, 0xD1, 0xCE,   -8, 0x04, 0x3E, 0xEC, 0xD4, 0x22, 0x2E, 0xDD, 0xE3, 0x31, 0xFD
    .byte   0xEF, 0xF2, 0x4F, 0xEC, 0xC2, 0x43, 0x33, 0xCB, 0xF2, 0x44, 0xD0, 0xDC, 0x32, 0x31, 0x01, 0xD0
    .byte   0x32, 0xD2, 0x3E, 0xD1, 0x3E, 0x0D,    5, 0x04, 0xDD, 0xE1, 0x11, 0x2E, 0x22, 0xD2, 0xDE, 0x23
    .byte   0x01, 0xE2, 0x0E, 0xFC, 0x41, 0x12, 0xF3, 0xCE, 0xF1, 0x4E, 0xE2, 0xC2, 0x3E, 0x22, 0xD3, 0xDF
    .byte   0xEE, 0x41, 0xEE, 0xE0, 0xE3, 0x2E, 0xD2,  -13, 0x03, 0x2F, 0x11, 0x2C, 0xF1, 0x14, 0x1D, 0xC3
    .byte   0x33, 0xE1, 0xDD, 0x4E, 0x20, 0xD0, 0x2E, 0x23, 0x2D, 0xD1, 0x2F, 0xE3, 0x0F, 0xFE, 0x2E, 0xE3
    .byte   0x11, 0xEE, 0x1E, 0xF4, 0xED, 0x22, 0x2E, 0xE2,    7, 0x0D, 0xE2, 0x21, 0x11, 0x0D, 0xE3, 0x30
    .byte   0xD2, 0xEE, 0x2F, 0x3D, 0x11, 0xE3, 0xDF, 0x0F, 0x31, 0xFD, 0xE1, 0x03, 0xF0, 0x3D, 0x0E, 0xE0
    .byte   0x32, 0x0E, 0xFE, 0x2E, 0xF1, 0x11, 0x12, 0xE2, 0x2C,  -10, 0x02, 0x21, 0x2E, 0xE0, 0xE2, 0x3F
    .byte   0xE2, 0xE1, 0xDF, 0x32, 0x3E, 0xDD, 0x12, 0x32, 0xE0, 0xD1, 0x12, 0xF1, 0x0E, 0x3F, 0xF1, 0xE0
    .byte   0xFF, 0x0F, 0x21, 0x1E, 0xE3, 0x10, 0xEE, 0x12, 0x0F, 0x12,    0, 0x02, 0xFD, 0x12, 0x23, 0x2D
    .byte   0xDE, 0xF3, 0x01, 0xEE, 0x21, 0x1E, 0x20, 0xC1, 0x33, 0x2E, 0xEE, 0xFF, 0x22, 0xEF, 0x23, 0xCE
    .byte   0x01, 0x33, 0xFC, 0xE1, 0x24, 0xFD, 0xEE, 0x30, 0x2F, 0x21, 0xDE,   -4, 0x01, 0x22, 0xEE, 0x1D
    .byte   0x23, 0x13, 0xDE, 0x3F, 0xED, 0xE3, 0x23, 0x2C, 0xD1, 0xE3, 0x33, 0x2D, 0xCD, 0x23, 0x32, 0xED
    .byte   0xF2, 0xFF, 0xFE, 0x34, 0x0D, 0xCE, 0xD3, 0x41, 0x2D, 0xCE, 0x33, 0x42,   11, 0x0A, 0xF2, 0x54
    .byte   0xCF, 0xDE, 0x22, 0x42, 0xCD, 0xD3, 0x12, 0x21, 0xEE, 0x3F, 0xE3, 0x2F, 0xDB, 0x33, 0x41, 0xEE
    .byte   0xD2, 0x13, 0xEE, 0xF2, 0x0E, 0x2E, 0xD1, 0x24, 0x3C, 0xDE, 0x13, 0x23, 0x2B,   -5, 0x02, 0xE3
    .byte   0xD2, 0x3F, 0xEF, 0x0D, 0xE3, 0x3F, 0x0D, 0xE1, 0x23, 0xEF, 0xDE, 0x33, 0x1E, 0xD0, 0x12, 0xEF
    .byte   0x02, 0x01, 0x12, 0x2D, 0xEE, 0x32, 0x2E, 0xCD, 0x43, 0x03, 0xDD, 0x01, 0xF2, 0x3E,    1, 0x0D
    .byte   0x12, 0x33, 0xD1, 0xDD, 0xD3, 0x52, 0xEC, 0xD2, 0x21, 0x21, 0xFE, 0xF2, 0x13, 0xFD, 0xD1, 0x1E
    .byte   0x32, 0x12, 0xEE, 0xEE, 0x23, 0x2F, 0xCD, 0x24, 0x31, 0xDE, 0xE1, 0x31, 0xC1, 0xEF, 0x34,    7
    .byte   0x0E, 0x0D, 0xF3, 0x31, 0xED, 0xED, 0xE3, 0x43, 0xEC, 0x12, 0xE3, 0x1D, 0xE1, 0x02, 0x1E, 0x10
    .byte   0x31, 0x1E, 0xFD, 0x22, 0xD2, 0xF1, 0x02, 0x3E, 0xD1, 0x22, 0x3D, 0xB2, 0x23, 0x3F, 0xEF, 0x0E
    .byte      2, 0x01, 0xD2, 0x3F, 0xFD, 0xDF, 0x23, 0x42, 0xDC, 0xEE, 0xF3, 0x23, 0x14, 0xEB, 0xCF, 0x44
    .byte   0xEC, 0x22, 0xE4, 0x21, 0xED, 0xCF, 0x40, 0xED, 0xE3, 0x44, 0x2D, 0xBC, 0xC4, 0x52, 0xE0, 0x2F
    .byte   0x0E,   11, 0x02, 0x1C, 0xC0, 0x12, 0x23, 0x15, 0x0C, 0xBB, 0x45, 0x30, 0xDD, 0xFF, 0x34, 0x41
    .byte   0xBA, 0xC2, 0x55, 0x42, 0xBB, 0xD5, 0x5F, 0xEE, 0xCD, 0xEE, 0x43, 0x11, 0xC3, 0x3F, 0xE1, 0xCF
    .byte   0x3E, 0x32,    9, 0x0E, 0xD1, 0x22, 0x0D, 0xE2, 0x20, 0x1E, 0xE0, 0x3F, 0x13, 0xDF, 0x11, 0xEE
    .byte   0xFE, 0x33, 0x11, 0xDD, 0x12, 0x22, 0x1E, 0xED, 0x2E, 0x23, 0x13, 0xEE, 0xDD, 0x33, 0x4D, 0xDE
    .byte   0xD2, 0x23, 0x0E,   -3, 0x0E, 0xE2, 0x33, 0x10, 0xCE, 0xE3, 0x32, 0xED, 0xE0, 0x31, 0x20, 0xEE
    .byte   0xDE, 0x33, 0x2F, 0xEE, 0xF0, 0x21, 0x11, 0xDF, 0xEF, 0x32, 0x2F, 0xED, 0xE3, 0x30, 0x1D, 0xD1
    .byte   0x23, 0x12, 0xDD, 0x0F,   -4, 0x03, 0x10, 0xFE, 0xE0, 0x22, 0x11, 0xDE, 0x0F, 0x22, 0x1E, 0x11
    .byte   0xF2, 0x0F, 0xF0, 0xEF, 0x2F, 0xF2, 0x0F, 0x00, 0x11, 0x0E, 0x1F, 0xFF, 0x11, 0x21, 0xF0, 0xFF
    .byte   0x00, 0x00, 0x0E, 0xFF, 0x21,    0, 0x01, 0xF0, 0xF1, 0xFF, 0x2F, 0x10, 0xEF, 0x12, 0x20, 0xFE
    .byte   0x0E, 0xF1, 0x11, 0x0E, 0x00, 0x22, 0x00, 0xF0, 0xE1, 0x2F, 0x0F, 0xE1, 0x12, 0x00, 0xEE, 0x11
    .byte   0x11, 0xF0, 0xF1, 0x10, 0x2F, 0x0F,   -1, 0x00, 0x11, 0xF0, 0xF0, 0x00, 0x01, 0xFF, 0xF0, 0x11
    .byte   0x11, 0x0F, 0xF2, 0x01, 0x0E, 0xFF, 0x11, 0x21, 0x0F, 0xE0, 0x12, 0x21, 0xFE, 0xEF, 0x22, 0x2F
    .byte   0xEF, 0xF0, 0x20, 0xFE, 0xEE, 0x0F, 0x0F,   -9, 0x0E, 0x1F, 0x22, 0xF0, 0xEE, 0x0E, 0xE1, 0x0D
    .byte   0xFE, 0xE2, 0x22, 0x10, 0xE0, 0x12, 0x33, 0x33, 0x44, 0x44, 0x32, 0xFD, 0xED, 0xDE, 0xCD, 0xCE
    .byte   0xE2, 0x2F, 0x12, 0x22, 0x22, 0x1E, 0xED, 0xEE,   -1, 0x0D, 0xCE, 0xDE, 0xEE, 0xEF, 0xFF, 0xF0
    .byte   0xEE, 0xEF, 0x0E, 0xDD, 0xED, 0x23, 0x44, 0x67, 0x77, 0x21, 0x1F, 0x0C, 0xBB, 0xAA, 0xBD, 0x33
    .byte   0x23, 0x24, 0x44, 0x44, 0x1E, 0xEE, 0xDE, 0xCC, 0xCC,  -33, 0x0F, 0x11, 0x2F, 0x33, 0x43, 0x33
    .byte   0x0F, 0x00, 0xFD, 0xDD, 0xDD, 0xEE, 0xEE, 0xEE, 0xFF, 0xEE, 0xDE, 0x0F, 0xEE, 0xDC, 0xEE, 0x13
    .byte   0x44, 0x67, 0x77, 0x21, 0x1F, 0xDB, 0xBB, 0xAA, 0xCE, 0x32,  -32, 0x02, 0x45, 0x34, 0x44, 0x3F
    .byte   0xEE, 0xEC, 0xBC, 0xBD, 0xDC, 0xE1, 0x23, 0x44, 0x44, 0x33, 0x32, 0xED, 0xCE, 0xDC, 0xED, 0xDE
    .byte   0xDE, 0x1F, 0xEE, 0xEE, 0xFF, 0xFF, 0xEE, 0xC0, 0xDE, 0x24, 0x45,   25, 0x07, 0x64, 0x10, 0x0D
    .byte   0xBB, 0xBA, 0xBC, 0xD3, 0x1E, 0x04, 0x53, 0x43, 0x44, 0xF1, 0x1E, 0xCB, 0xCC, 0xDC, 0xCE, 0xF2
    .byte   0x34, 0x44, 0x33, 0x33, 0x3D, 0xDE, 0xEE, 0xDD, 0xDD, 0xDD, 0xE1, 0xEC,  -58, 0x00, 0x2E, 0xEE
    .byte   0x21, 0xFE, 0xFE, 0xDC, 0xD3, 0x45, 0x57, 0x77, 0x31, 0x00, 0x0B, 0xBB, 0xBA, 0xCD, 0x0E, 0xD2
    .byte   0x45, 0x43, 0x35, 0x42, 0x10, 0xDC, 0xCC, 0xCC, 0xBC, 0xE2, 0x33, 0x24, 0x44,   31, 0x03, 0x31
    .byte   0xEE, 0xDE, 0xDD, 0xDD, 0xED, 0xEE, 0xDD, 0xD0, 0xEF, 0xF1, 0x0F, 0x02, 0x1E, 0xDD, 0xFD, 0xE3
    .byte   0x34, 0x77, 0x75, 0x30, 0x2F, 0xEB, 0xAC, 0xBB, 0xCD, 0xED, 0xF2, 0x54, 0x31, 0x45,   66, 0x01
    .byte   0xEE, 0xED, 0xCC, 0xDC, 0xCC, 0x02, 0x21, 0x24, 0x44, 0x23, 0x30, 0xFE, 0xEF, 0xED, 0xDE, 0xED
    .byte   0xDD, 0xDD, 0xDD, 0xEF, 0xF1, 0xFF, 0xF3, 0x2F, 0xDD, 0xD1, 0x33, 0x34, 0x77, 0x64, 0x23,  127
    .byte   0x00, 0xDB, 0xBD, 0xBB, 0xCC, 0xED, 0xF3, 0x42, 0x32, 0x54, 0x3E, 0x12, 0x2D, 0xCC, 0xDD, 0xCD
    .byte   0xEE, 0x01, 0x33, 0x32, 0x33, 0x21, 0x22, 0x00, 0xEF, 0xED, 0xDC, 0xED, 0xDC, 0xDD, 0xEE, 0xE1
    .byte    -78, 0x0F, 0x12, 0x31, 0xDD, 0xE2, 0x33, 0x33, 0x77, 0x63, 0x34, 0x2F, 0xEB, 0xCD, 0xBB, 0xBE
    .byte   0xDD, 0xF2, 0x32, 0x03, 0x44, 0x2F, 0x23, 0x3D, 0xDD, 0xDD, 0xDD, 0xDE, 0xE1, 0x11, 0x13, 0x33
    .byte   0x01,   15, 0x03, 0x20, 0xE2, 0xFE, 0xDD, 0xDD, 0xCC, 0xDD, 0xDE, 0xEE, 0xE0, 0x13, 0x20, 0xEF
    .byte   0x22, 0x30, 0x34, 0x77, 0x43, 0x44, 0x30, 0xDB, 0xDD, 0xCB, 0xBD, 0xD1, 0xDE, 0xFF, 0x33, 0x33
    .byte   0x12, 0x43,   51, 0x0D, 0xEF, 0x0E, 0xCD, 0xDF, 0xFD, 0xEF, 0x00, 0x12, 0x02, 0x32, 0x32, 0x13
    .byte   0x2F, 0xDD, 0xDD, 0xDC, 0xCC, 0xDF, 0xDD, 0xE2, 0x2F, 0xF2, 0x21, 0xE1, 0x43, 0x34, 0x67, 0x44
    .byte   0x35, 0x22, 0xDC,   96, 0x0D, 0xCB, 0xBD, 0xED, 0xDD, 0xE0, 0x22, 0x13, 0x23, 0x34, 0x2F, 0x12
    .byte   0x1E, 0xDD, 0xEE, 0xED, 0xDF, 0xFE, 0xD1, 0x22, 0x30, 0x32, 0x33, 0x20, 0xEE, 0xED, 0xDC, 0xCC
    .byte   0xDD, 0xDD, 0xD0, 0x00,  -97, 0x02, 0x22, 0xF0, 0x34, 0x43, 0x57, 0x54, 0x35, 0x32, 0xEC, 0xFD
    .byte   0xCB, 0xCD, 0xDD, 0xCD, 0xEF, 0xFE, 0x12, 0x23, 0x33, 0x23, 0x32, 0x1F, 0xE0, 0xFE, 0xDD, 0xEE
    .byte   0xDD, 0xDE, 0x2F, 0xF2, 0x33,    6, 0x02, 0x32, 0x10, 0xEE, 0xDC, 0xDC, 0xCD, 0xDC, 0xDE, 0xFE
    .byte   0xEF, 0x22, 0xFF, 0x44, 0x44, 0x57, 0x53, 0x45, 0x32, 0xFD, 0x1D, 0xCB, 0xCE, 0xDC, 0xBD, 0xFE
    .byte   0xED, 0xE2, 0x23, 0x32, 0x34, 0x33,   38, 0x02, 0x21, 0x0D, 0xEE, 0xDD, 0xDD, 0xDE, 0xEF, 0xE1
    .byte   0x33, 0x22, 0x33, 0x11, 0x0E, 0xED, 0xDC, 0xED, 0xCC, 0xDD, 0xED, 0xC0, 0x02, 0xEF, 0x34, 0x44
    .byte   0x57, 0x54, 0x55, 0x42, 0x10, 0x0F, 0xDB,   78, 0x0D, 0xDC, 0xBC, 0xED, 0xDC, 0xD2, 0x01, 0x22
    .byte   0x43, 0x34, 0x14, 0x32, 0x20, 0xFE, 0xFD, 0xDD, 0xCE, 0xDD, 0xDE, 0x02, 0x12, 0x32, 0x23, 0x12
    .byte   0x0E, 0xEE, 0xDE, 0xCD, 0xDC, 0xEC, 0xDD, 0xFD, -119, 0x0F, 0x23, 0x23, 0x47, 0x64, 0x55, 0x64
    .byte   0xE2, 0x11, 0x0E, 0xCF, 0xDC, 0xBB, 0xFC, 0xCC, 0xCE, 0xDD, 0x11, 0x33, 0x14, 0x34, 0x41, 0x34
    .byte   0x21, 0x11, 0x0D, 0xDD, 0xDD, 0xCD, 0xEE, 0xEE, 0xF2,  -29, 0x02, 0x21, 0x21, 0x10, 0x1E, 0xED
    .byte   0xEE, 0xDC, 0xED, 0xED, 0xDD, 0x12, 0x10, 0x36, 0x63, 0x45, 0x65, 0x22, 0x43, 0x11, 0xE2, 0x1D
    .byte   0xBC, 0xEC, 0xBB, 0xCD, 0xDB, 0xDE, 0x22, 0xE1, 0x43, 0x42,   -3, 0x04, 0x42, 0x33, 0x30, 0xE0
    .byte   0xED, 0xDD, 0xDD, 0xDD, 0xDF, 0xEE, 0xEF, 0xFF, 0xF0, 0x0E, 0xF1, 0x0E, 0xEE, 0x1E, 0xDD, 0xEE
    .byte   0xEE, 0xF0, 0x23, 0x55, 0x34, 0x55, 0x5E, 0x35, 0x42, 0xE0, 0x30,  121, 0x0C, 0xDF, 0xCB, 0xBC
    .byte   0xDC, 0xBC, 0xEE, 0xEE, 0x23, 0x33, 0x33, 0x43, 0x34, 0x23, 0x31, 0x10, 0xFE, 0xDD, 0xEE, 0xDD
    .byte   0xDD, 0xFD, 0xDE, 0xEF, 0xED, 0x21, 0x1E, 0xE2, 0x1E, 0xDE, 0x1F, 0xDD,  -84, 0x02, 0x01, 0x45
    .byte   0x43, 0x44, 0x53, 0x24, 0x53, 0x1F, 0x33, 0x0D, 0xDE, 0xEB, 0xCC, 0xCD, 0xBB, 0xED, 0xED, 0xE1
    .byte   0x32, 0x22, 0x34, 0x33, 0x33, 0x33, 0x22, 0x01, 0x1E, 0xDE, 0xFD, 0xDD, 0xED,  -17, 0x0D, 0xEE
    .byte   0xEE, 0xD1, 0x00, 0x0D, 0x11, 0xEE, 0xEE, 0xFE, 0xE1, 0x01, 0x24, 0x52, 0x35, 0x45, 0x22, 0x54
    .byte   0x3F, 0x04, 0x30, 0xCE, 0x2F, 0xBB, 0xDD, 0xCB, 0xBE, 0xED, 0xDD, 0x12, 0x21, 0x23,  -22, 0x03
    .byte   0x33, 0x33, 0x32, 0x22, 0x21, 0xEE, 0xEE, 0xED, 0xDE, 0xDD, 0xDD, 0xFE, 0xDD, 0x10, 0xFD, 0xE2
    .byte   0x0E, 0xDF, 0xFF, 0xED, 0x23, 0xFF, 0x45, 0x33, 0x44, 0x60, 0x14, 0x53, 0x0F, 0x43, 0x1D,  108
    .byte   0x02, 0xEC, 0xBC, 0xDD, 0xBB, 0xDE, 0xDC, 0xE0, 0x21, 0xF2, 0x33, 0x33, 0x24, 0x33, 0x22, 0x33
    .byte   0x0F, 0xE1, 0x1D, 0xDE, 0xED, 0xDC, 0xEF, 0xDD, 0xDE, 0x1E, 0xDE, 0x02, 0xED, 0xE0, 0x2E, 0xEE
    .byte    -81, 0x02, 0x12, 0x45, 0x14, 0x45, 0x41, 0x35, 0x41, 0x22, 0x42, 0xFD, 0xF1, 0xDB, 0xCD, 0xDB
    .byte   0xBC, 0xEE, 0xCD, 0xE1, 0x2E, 0x13, 0x33, 0x33, 0x33, 0x42, 0x32, 0x32, 0xFF, 0xE0, 0xEE, 0xDD
    .byte   0xDE,    0, 0x0C, 0xEE, 0xDD, 0xDE, 0x1E, 0xED, 0x12, 0xFD, 0xEF, 0x20, 0xDF, 0x23, 0x11, 0x54
    .byte   0x24, 0x45, 0x4E, 0x45, 0x32, 0x13, 0x42, 0xDE, 0xFF, 0xDB, 0xCD, 0xCC, 0xBC, 0xED, 0xCD, 0xF1
    .byte   0x11, 0x22,  -41, 0x03, 0x33, 0x33, 0x43, 0x23, 0x13, 0x1E, 0xFF, 0xFD, 0xDD, 0xED, 0xDD, 0xDE
    .byte   0xDD, 0xDE, 0x1F, 0xDE, 0x21, 0x0D, 0xE2, 0x1F, 0xD1, 0x23, 0xF0, 0x54, 0x14, 0x45, 0x4F, 0x35
    .byte   0x32, 0x31, 0x42,  118, 0x0E, 0xEF, 0xDC, 0xBD, 0xDB, 0xCC, 0xDD, 0xDD, 0xDF, 0x22, 0xF1, 0x33
    .byte   0x33, 0x24, 0x33, 0x33, 0x23, 0xF1, 0x0E, 0xEE, 0xED, 0xDD, 0xED, 0xDD, 0xDD, 0xDE, 0xEE, 0xEE
    .byte   0xFF, 0xF0, 0x2E, 0x01,  -73, 0x02, 0x0F, 0x31, 0x44, 0x13, 0x53, 0x5F, 0x25, 0x32, 0x30, 0x41
    .byte   0xE2, 0x0D, 0xDD, 0x0C, 0xBC, 0xDD, 0xCC, 0xD1, 0xED, 0xE0, 0x22, 0xE3, 0x23, 0x23, 0x23, 0x22
    .byte   0x32, 0x11, 0x11, 0x0E, 0xFE,   15, 0x0E, 0xFE, 0xEE, 0x0F, 0xED, 0xE2, 0xEE, 0xEE, 0x21, 0xD0
    .byte   0x12, 0x0E, 0x02, 0xF0, 0xF0, 0x1F, 0x02, 0x21, 0x21, 0x32, 0x22, 0x12, 0x21, 0x32, 0x12, 0x22
    .byte   0x01, 0x10, 0x00, 0xE0, 0xE0, 0xFE,   28, 0x0F, 0xFF, 0xF0, 0xEF, 0xFF, 0xEF, 0x0E, 0x0F, 0xE0
    .byte   0xEE, 0xFE, 0xE0, 0xEF, 0x0F, 0xFF, 0x10, 0x10, 0x10, 0x11, 0x10, 0x11, 0x11, 0x10, 0x10, 0xF0
    .byte   0x00, 0xF0, 0xF1, 0x00, 0x00, 0x11, 0x00,   -9, 0x01, 0xF1, 0x11, 0x01, 0x11, 0x02, 0x11, 0x11
    .byte   0x02, 0x11, 0x11, 0x21, 0x11, 0x02, 0x01, 0x00, 0x10, 0xFF, 0xFF, 0x0E, 0xFF, 0xEF, 0xFE, 0x0E
    .byte   0xEF, 0xFE, 0xF0, 0xEF, 0xFF, 0x1F, 0x00, 0xF1,  -15, 0x00, 0x10, 0x21, 0x11, 0x10, 0x20, 0x20
    .byte   0x01, 0x10, 0x0F, 0x1F, 0x0F, 0xFF, 0xFF, 0xFF, 0xFF, 0xF1, 0xE1, 0x0F, 0x00, 0x11, 0x01, 0x11
    .byte   0x11, 0x11, 0x11, 0x11, 0x11, 0x11, 0x11, 0x01, 0x00,   10, 0x01, 0x00, 0xF0, 0x00, 0x0F, 0xF0
    .byte   0xF0, 0xFF, 0xF0, 0xFF, 0xFF, 0xF0, 0xF0, 0xFF, 0x0F, 0xF1, 0x0F, 0x00, 0x11, 0x01, 0xF1, 0x01
    .byte   0x00, 0x01, 0x00, 0xF1, 0x0F, 0x10, 0x10, 0x00, 0x01, 0xF0,    1, 0x01, 0x00, 0x00, 0x0F, 0x1F
    .byte   0x0F, 0x10, 0xFF, 0x0F, 0x0F, 0x0F, 0x0F, 0x0F, 0x10, 0x0F, 0x11, 0x01, 0x01, 0x11, 0x01, 0x1F
    .byte   0x11, 0x1F, 0x11, 0xF1, 0xF0, 0x1F, 0xFF, 0xF0, 0xF0, 0xF0, 0x1F,   -1, 0x00, 0x11, 0xF0, 0x01
    .byte   0x10, 0xF2, 0x10, 0x23, 0x4C, 0xA1, 0x5C, 0xD4, 0xDB, 0x77, 0x80, 0x7D, 0x8D, 0x1C, 0x44, 0x52
    .byte   0xB3, 0x4A, 0xA3, 0x36, 0x25, 0x6A, 0xAD, 0x75, 0x89, 0x7F, 0x27, 0x9B,    8, 0x0A, 0xE7, 0x78
    .byte   0x86, 0x7B, 0xD7, 0x80, 0x7C, 0x74, 0x89, 0x57, 0x09, 0x4B, 0xD7, 0x1B, 0x5B, 0x96, 0x73, 0x84
    .byte   0xEC, 0x67, 0xBB, 0xFB, 0x57, 0xE8, 0x35, 0xB5, 0x69, 0xB4, 0xD1, 0x7C, 0x90,    0, 0x0E, 0x25
    .byte   0xAB, 0x53, 0xE5, 0xCA, 0x44, 0x23, 0xDC, 0xE4, 0x21, 0x2D, 0xDF, 0x42, 0xFE, 0xCE, 0x52, 0xDF
    .byte   0xEF, 0x32, 0x2F, 0xEE, 0x03, 0x0E, 0xFE, 0x12, 0x1E, 0x1E, 0xE1, 0x22, 0xEE, 0x20,    7, 0x02
    .byte   0xEE, 0x0F, 0xF0, 0x1E, 0xE2, 0x0F, 0x00, 0xEF, 0x00, 0x0E, 0xF0, 0x2E, 0xE1, 0x1F, 0x11, 0xEE
    .byte   0x2F, 0xF1, 0xEF, 0x12, 0x0F, 0x21, 0xF2, 0x20, 0xF0, 0x22, 0x22, 0x22, 0x23, 0x32, 0x21,   51
    .byte   0x02, 0x22, 0x1D, 0x00, 0xE1, 0xDD, 0xED, 0xFE, 0xDE, 0xED, 0x1F, 0xEE, 0xE1, 0x1F, 0xFF, 0x10
    .byte   0xE1, 0x1D, 0xE0, 0xDF, 0x0E, 0xDF, 0xE0, 0x2F, 0xFE, 0xE2, 0x22, 0x11, 0x33, 0x54, 0x52, 0x34
    .byte     74, 0x04, 0x22, 0xF0, 0xEE, 0x0E, 0xCC, 0xDD, 0xED, 0xCD, 0xD0, 0xEF, 0x2F, 0x03, 0x33, 0x3F
    .byte   0x24, 0x20, 0xFF, 0xFD, 0xDD, 0xDC, 0xDC, 0xEE, 0xFE, 0xF1, 0x32, 0x22, 0x2F, 0x01, 0x0E, 0xED
    .byte   0xEE,  -55, 0x0D, 0xDD, 0xDE, 0xFF, 0xF3, 0x34, 0x55, 0x65, 0x44, 0x45, 0x12, 0xED, 0xDD, 0xDD
    .byte   0xCC, 0xBD, 0xDD, 0xDD, 0xE1, 0x22, 0x33, 0x23, 0x44, 0x30, 0xF1, 0x1E, 0xDD, 0xCD, 0xED, 0xDD
    .byte   0xEE, 0x02,  -23, 0x01, 0x33, 0x33, 0x32, 0x0E, 0xEE, 0xDD, 0xCC, 0xCC, 0xED, 0xDD, 0xD1, 0x11
    .byte   0x00, 0x31, 0x44, 0x44, 0x55, 0x65, 0x33, 0x32, 0x1D, 0xDC, 0xCC, 0xDD, 0xDC, 0xDD, 0x22, 0xEE
    .byte   0x12, 0x33, 0x33,   33, 0x02, 0x13, 0x21, 0xCD, 0xEE, 0xED, 0xDD, 0xEE, 0x02, 0x1F, 0x11, 0x43
    .byte   0x32, 0x22, 0x2F, 0xDE, 0xDC, 0xCD, 0xDC, 0xDC, 0xEF, 0xEE, 0x10, 0x23, 0x2F, 0x13, 0x22, 0x23
    .byte   0x44, 0x34, 0x64, 0x02,   81, 0x03, 0x0D, 0xFC, 0xDD, 0xDD, 0x2D, 0xDE, 0xF2, 0xEE, 0x12, 0x20
    .byte   0x14, 0x1F, 0xF0, 0x2F, 0xED, 0xD1, 0xEE, 0xE0, 0xEF, 0x02, 0x22, 0xFF, 0x13, 0x20, 0xFE, 0xFE
    .byte   0xEE, 0xEC, 0xCE, 0xED, 0xDD,  -73, 0x01, 0x1F, 0xFF, 0x01, 0x22, 0xE0, 0xE1, 0x34, 0x32, 0x44
    .byte   0x66, 0x2F, 0x23, 0x3D, 0xED, 0xCC, 0xCF, 0x2E, 0xCD, 0xD3, 0x3E, 0x1F, 0x22, 0x33, 0x31, 0xDE
    .byte   0x23, 0xFC, 0xDD, 0xE0, 0xF0, 0xFE,   -7, 0x00, 0x33, 0x0E, 0x02, 0x32, 0xF0, 0xEE, 0xDE, 0x0D
    .byte   0xDC, 0xDE, 0xED, 0xDE, 0x01, 0x00, 0xF1, 0xF2, 0xFE, 0x01, 0x12, 0x24, 0x43, 0x44, 0x75, 0xFE
    .byte   0x23, 0x1D, 0xDC, 0xCD, 0xCF, 0x2D, 0xCD,  -10, 0x03, 0x30, 0x11, 0x31, 0x34, 0x3E, 0xCE, 0x22
    .byte   0xEC, 0xCE, 0xFF, 0xF2, 0x1D, 0xF2, 0x43, 0x0D, 0x02, 0x32, 0x00, 0xDD, 0xDE, 0x1E, 0xCC, 0xDD
    .byte   0x00, 0xEE, 0xEE, 0x12, 0x22, 0xEF, 0x0E, 0xD2,  -70, 0x02, 0x31, 0x44, 0x44, 0x56, 0x3E, 0x02
    .byte   0x3F, 0xDD, 0xCD, 0xCD, 0x22, 0xCD, 0xD2, 0x40, 0x21, 0x22, 0xF3, 0x4F, 0xED, 0xD1, 0x2F, 0xCD
    .byte   0xEF, 0xFF, 0x2F, 0xEE, 0x23, 0x30, 0xF1, 0x22, 0x2F,   23, 0x0D, 0xDD, 0xEE, 0xEC, 0xDD, 0xEF
    .byte   0xEE, 0xFE, 0xF0, 0x02, 0x00, 0x0F, 0xEE, 0x03, 0x11, 0x34, 0x44, 0x35, 0x64, 0xDF, 0x14, 0xFD
    .byte   0xDC, 0xDC, 0xD2, 0x1D, 0xDD, 0x13, 0x23, 0xE1, 0x32, 0x23,   46, 0x0F, 0xDD, 0x02, 0xED, 0xDE
    .byte   0xEF, 0x00, 0x2E, 0xE1, 0x33, 0x2E, 0x22, 0x2E, 0x20, 0xEC, 0xCE, 0x1E, 0xDC, 0xC1, 0x0E, 0x0E
    .byte   0xEE, 0x01, 0x22, 0xEE, 0x02, 0x1E, 0xF0, 0x34, 0x24, 0x44, 0x45,   72, 0x01, 0xE1, 0x23, 0xFE
    .byte   0xCC, 0xEC, 0xF2, 0x1C, 0xDD, 0x33, 0x21, 0xE2, 0x3F, 0x33, 0x1E, 0xCF, 0x12, 0x1C, 0xDE, 0xF1
    .byte   0xF2, 0xFE, 0xE0, 0x33, 0x2E, 0x11, 0x21, 0x01, 0xEC, 0xDD, 0x2E, 0xCD,  -54, 0x0E, 0xFE, 0xEF
    .byte   0xE0, 0xE0, 0x31, 0xFF, 0xF2, 0xFE, 0xF0, 0x43, 0x33, 0x34, 0x54, 0x51, 0x0F, 0x23, 0x1E, 0xDC
    .byte   0xDE, 0xE2, 0xED, 0xDD, 0x13, 0x3F, 0xE1, 0x21, 0x33, 0x1E, 0xDE, 0x22, 0xEE,   15, 0x0E, 0xEE
    .byte   0x20, 0xFF, 0xD1, 0x32, 0x3F, 0x02, 0xE0, 0x1F, 0xED, 0xDD, 0xEE, 0xDD, 0xDE, 0xDE, 0xF0, 0xEE
    .byte   0xFF, 0x21, 0x00, 0x12, 0x2E, 0xF1, 0x43, 0x33, 0x44, 0x34, 0x52, 0x00, 0x13, 0x20,   65, 0x0C
    .byte   0xFD, 0xE3, 0xED, 0xCD, 0x13, 0x3E, 0xD2, 0x2F, 0x33, 0x1F, 0xDE, 0xF3, 0x2D, 0xDE, 0xEF, 0xFF
    .byte   0x1F, 0xDE, 0x13, 0x3E, 0x02, 0x12, 0xEF, 0x2E, 0xDC, 0xE0, 0xED, 0xDC, 0xEE, 0xE0, 0x1D,  -79
    .byte   0x0E, 0x12, 0x22, 0xF0, 0x20, 0x02, 0x33, 0x32, 0x43, 0x34, 0x45, 0x1F, 0x01, 0x42, 0xED, 0xC1
    .byte   0xDE, 0x2F, 0xDD, 0xC2, 0x22, 0x2D, 0x01, 0x03, 0x22, 0x2D, 0xE1, 0x22, 0xED, 0xEE, 0xF0, 0xE0
    .byte      6, 0x0D, 0xE1, 0x22, 0x2F, 0x20, 0xF1, 0x12, 0xED, 0xDD, 0x0F, 0xDD, 0xDD, 0xED, 0x1F, 0xEE
    .byte   0xEE, 0x22, 0x11, 0x11, 0x22, 0x22, 0x34, 0x23, 0x33, 0x44, 0x52, 0xE0, 0x23, 0x31, 0xDD, 0xED
    .byte   0xE2,   50, 0x0D, 0xDC, 0xF1, 0x21, 0xEE, 0xFF, 0x22, 0x31, 0xEE, 0xF2, 0x21, 0xEE, 0xEE, 0x1E
    .byte   0x11, 0xED, 0xEF, 0x22, 0x11, 0xFF, 0xF0, 0x31, 0xED, 0xDE, 0xFE, 0xED, 0xCD, 0xEE, 0x1E, 0xED
    .byte   0xEF, 0x22,  -72, 0x00, 0x01, 0x13, 0x33, 0x32, 0x33, 0x34, 0x35, 0x32, 0x0F, 0x33, 0x10, 0xDE
    .byte   0xED, 0xF1, 0xEF, 0xCD, 0xE0, 0x10, 0xE0, 0xE1, 0x12, 0x21, 0x0E, 0x12, 0x02, 0xEF, 0x1D, 0x00
    .byte   0xF0, 0xED, 0xFF,   -2, 0x01, 0x02, 0xFE, 0x2F, 0x20, 0xDE, 0xEE, 0xEE, 0xED, 0xDD, 0xDF, 0xFE
    .byte   0xEE, 0xEF, 0x12, 0x21, 0xF1, 0x23, 0x33, 0x23, 0x34, 0x33, 0x45, 0x12, 0x22, 0x32, 0xFF, 0xEE
    .byte   0xDE, 0x0E, 0x1D, 0xCE,   21, 0x0E, 0x1E, 0xF0, 0xD1, 0x12, 0x3E, 0xE1, 0x22, 0x0F, 0x2F, 0xFE
    .byte   0xE1, 0x1E, 0xEE, 0xEE, 0xF0, 0x21, 0x1E, 0x12, 0x00, 0xEE, 0xEE, 0xDF, 0xED, 0xDD, 0xEE, 0xEE
    .byte   0xEE, 0xFE, 0x12, 0x02, 0x01,  -67, 0x03, 0x33, 0x33, 0x34, 0x34, 0x44, 0x20, 0x23, 0x21, 0x1E
    .byte   0xEE, 0xDF, 0xFE, 0xEC, 0xDE, 0xEF, 0xEF, 0xFE, 0xE1, 0x22, 0xFF, 0x02, 0x02, 0x01, 0x2F, 0xEE
    .byte   0x1F, 0xFE, 0xEE, 0xEF, 0x01, 0x11,   -2, 0x0E, 0x21, 0xFF, 0xEE, 0xED, 0xEE, 0xED, 0xED, 0xEE
    .byte   0xEE, 0xEE, 0x00, 0xF1, 0x12, 0x22, 0x32, 0x33, 0x34, 0x33, 0x44, 0x33, 0x32, 0x23, 0x11, 0x0F
    .byte   0xEE, 0xEF, 0xED, 0xDD, 0xDE, 0xDF, 0xEE,    5, 0x0E, 0xE1, 0x20, 0xF1, 0x20, 0x12, 0x21, 0x11
    .byte   0xF0, 0x00, 0xE0, 0xEE, 0xE1, 0x0F, 0xFF, 0xF0, 0x0F, 0xFE, 0xFE, 0xEE, 0xEE, 0xDE, 0xED, 0xEE
    .byte   0xEE, 0xEF, 0x0F, 0xFF, 0x12, 0x23, 0x22, 0x23,  -28, 0x03, 0x43, 0x35, 0x23, 0x33, 0x23, 0x11
    .byte   0x0F, 0xEE, 0xEF, 0xED, 0xDD, 0xDE, 0xDE, 0xEE, 0xDF, 0xF1, 0xFF, 0x01, 0x20, 0x22, 0x12, 0x01
    .byte   0x12, 0xFF, 0x0E, 0xEF, 0xFF, 0xFE, 0xFF, 0xFF, 0x0F,   -6, 0x0E, 0xEF, 0xFE, 0xEE, 0xDE, 0xEE
    .byte   0xEE, 0xEE, 0xEF, 0x0E, 0xFF, 0x12, 0x22, 0x22, 0x23, 0x34, 0x33, 0x34, 0x42, 0x33, 0x32, 0x21
    .byte   0x21, 0xEE, 0xFE, 0xEE, 0xDD, 0xDE, 0xDE, 0xDE, 0xDE, 0x0F,   -6, 0x0F, 0xE2, 0x11, 0x22, 0x12
    .byte   0x12, 0x21, 0x0F, 0x0E, 0xF0, 0xEF, 0xEF, 0xE0, 0x0E, 0x0E, 0xFF, 0xEF, 0xFE, 0xEE, 0xEE, 0xEE
    .byte   0xEE, 0xEE, 0xEF, 0xEF, 0xF1, 0x10, 0x02, 0x23, 0x23, 0x23, 0x33,    5, 0x04, 0x41, 0x33, 0x33
    .byte   0x31, 0x2E, 0xF0, 0x21, 0xDD, 0xDE, 0xED, 0xDD, 0xDD, 0xDF, 0xFF, 0xDE, 0xF1, 0x21, 0x10, 0x20
    .byte   0x23, 0x12, 0xF0, 0x20, 0x10, 0xE0, 0xFE, 0x0F, 0xFE, 0xEF, 0xE0, 0xFE,  -19, 0x0E, 0xFE, 0xFE
    .byte   0xED, 0x0E, 0x0E, 0xFE, 0xE0, 0xFE, 0x10, 0x02, 0x22, 0x22, 0x33, 0x33, 0x14, 0x43, 0x33, 0x33
    .byte   0x32, 0x22, 0x0F, 0x11, 0xFE, 0xDD, 0xED, 0xEC, 0xDE, 0xDD, 0xEE, 0xEE, 0xD1,  -21, 0x01, 0x10
    .byte   0x21, 0x22, 0x22, 0x2F, 0x12, 0x20, 0xFF, 0xFF, 0x0F, 0xFF, 0xEE, 0xF0, 0xEE, 0xEE, 0xFE, 0xFE
    .byte   0xFD, 0xEF, 0xFE, 0x0D, 0xFF, 0x00, 0x0E, 0x11, 0x12, 0x22, 0x12, 0x32, 0x33, 0x23,   16, 0x03
    .byte   0x32, 0x33, 0x33, 0x12, 0xF1, 0x21, 0x2E, 0xDF, 0xDE, 0xED, 0xDD, 0xDE, 0xDF, 0xED, 0xD0, 0xF0
    .byte   0xFF, 0xFF, 0x22, 0x21, 0x2F, 0x21, 0x22, 0xFF, 0xF0, 0x10, 0xF0, 0xEE, 0x1E, 0x1E, 0xEE,  -19
    .byte   0x0F, 0xEF, 0xEF, 0xEF, 0xEF, 0x0E, 0xE0, 0xE2, 0x01, 0x1E, 0x20, 0x22, 0xF3, 0xE2, 0x3E, 0x41
    .byte   0x13, 0x23, 0x4E, 0x22, 0x14, 0x02, 0x2E, 0x22, 0xF3, 0xEE, 0xEE, 0x1E, 0xEE, 0xCE, 0xED, 0x2D
    .byte      3, 0x0E, 0xD1, 0x1E, 0x1E, 0xE3, 0xD1, 0x3E, 0xF3, 0xF2, 0x2E, 0x2F, 0x02, 0xF0, 0xFE, 0xF1
    .byte   0x1D, 0x3C, 0xE5, 0xA4, 0x49, 0x7B, 0xB7, 0x94, 0x3B, 0x5F, 0xB6, 0xA4, 0x4A, 0x6E, 0xB6, 0xCD
    .byte   0x79,   -6, 0x03, 0xA6, 0xFC, 0x5D, 0xE4, 0xD4, 0x1E, 0x3E, 0x13, 0x2F, 0x11, 0xE2, 0x21, 0x00
    .byte   0xD2, 0x0E, 0x2D, 0xEE, 0xEE, 0x1E, 0xFD, 0x2D, 0x12, 0xD3, 0xDE, 0x22, 0xD2, 0x3C, 0x33, 0xC3
    .byte   0x3C, 0x24,  -14, 0x03, 0x3C, 0x23, 0xC2, 0x3B, 0x5D, 0x1D, 0x3D, 0xC6, 0xA5, 0x2A, 0x6B, 0x06
    .byte   0x97, 0xBB, 0x79, 0x63, 0xB5, 0xB5, 0xB5, 0x3A, 0x7A, 0xD7, 0x97, 0xB0, 0x4A, 0x7B, 0xF6, 0x95
    .byte   0x2C, 0x6A, 0x5E,    3, 0x06, 0xA4, 0x4A, 0x5F, 0xC4, 0xED, 0x3E, 0xD3, 0xD2, 0xF0, 0xEE, 0x3C
    .byte   0x14, 0xCD, 0x6A, 0x35, 0x96, 0xD1, 0xFE, 0x3B, 0x52, 0xB6, 0xAE, 0x78, 0x7E, 0xA7, 0x92, 0x78
    .byte   0x7D, 0xA6, 0xCD, 0x6B,  -23, 0x04, 0xED, 0x35, 0xA3, 0x59, 0x65, 0x87, 0xCB, 0x7A, 0x17, 0x92
    .byte   0x69, 0x7A, 0x44, 0x96, 0x49, 0x7E, 0xA7, 0x85, 0x78, 0x7C, 0xB6, 0xA6, 0xC2, 0x2B, 0x51, 0xB6
    .byte   0xDA, 0x79, 0x54, 0xB4, 0xD4,  -17, 0x05, 0x4A, 0x44, 0xA3, 0x69, 0x55, 0x87, 0x0A, 0x6E, 0xB5
    .byte   0xDC, 0x5B, 0x69, 0x7C, 0xB7, 0x92, 0x79, 0xF7, 0x9D, 0x7C, 0xA7, 0xCA, 0x7B, 0xC7, 0xAC, 0x7A
    .byte   0xD7, 0xBB, 0x54, 0x94, 0x78, 0x47,  -45, 0x05, 0x78, 0x71, 0xA1, 0x6C, 0xB7, 0xAC, 0x7B, 0xC7
    .byte   0x93, 0x78, 0x56, 0x86, 0x59, 0x53, 0x97, 0xFA, 0x7A, 0xC7, 0x93, 0x78, 0x62, 0xB4, 0x4A, 0x46
    .byte   0x86, 0x58, 0x65, 0x87, 0x29, 0x7D, 0xB4,   27, 0x0A, 0xE7, 0x85, 0x68, 0x7E, 0xA5, 0x4B, 0xE7
    .byte   0x83, 0x78, 0x57, 0x84, 0x68, 0x64, 0xA4, 0x4A, 0x45, 0x96, 0x39, 0x60, 0xB6, 0xDD, 0xF4, 0xBE
    .byte   0x7A, 0xF5, 0xA3, 0x4C, 0x4F, 0xC2, 0x2E, 0x24,   -3, 0x0D, 0x5B, 0xD7, 0xAC, 0x7A, 0xD7, 0xAD
    .byte   0x79, 0xF7, 0x90, 0x79, 0x26, 0xBB, 0x7B, 0xC7, 0xAC, 0x7A, 0xD7, 0x93, 0x69, 0x37, 0x92, 0x69
    .byte   0x45, 0xBF, 0x78, 0x46, 0x87, 0x39, 0x62, 0xBE, 0x5C,   -8, 0x03, 0x1C, 0x24, 0xC5, 0xC2, 0x1C
    .byte   0x5C, 0x23, 0xC3, 0xEE, 0x4C, 0x3F, 0x0D, 0x33, 0xB3, 0x3B, 0x53, 0xC0, 0xFE, 0xD5, 0x4C, 0xC5
    .byte   0x9F, 0x7C, 0xD6, 0xC9, 0x54, 0xD0, 0x7A, 0xA6, 0xDB, 0x66,    8, 0x0B, 0x5C, 0xB7, 0x4B, 0xD4
    .byte   0xBB, 0x73, 0x96, 0x49, 0x15, 0xF3, 0x13, 0xBD, 0x4E, 0x23, 0x3B, 0xC4, 0xF0, 0x5D, 0xDC, 0xE4
    .byte   0xF4, 0xFC, 0xED, 0x52, 0xC4, 0x1B, 0x25, 0xDC, 0x5D, 0xB4, 0x1C,   -9, 0x05, 0x2C, 0xFE, 0xB4
    .byte   0x51, 0xE0, 0xCB, 0x44, 0x23, 0x2C, 0xBE, 0x25, 0x41, 0xFC, 0xA2, 0x54, 0x4F, 0xBB, 0xE1, 0x54
    .byte   0x3E, 0xAD, 0x33, 0x25, 0xEC, 0xED, 0xC4, 0x42, 0x21, 0xCC, 0xE3, 0x43,   26, 0x0C, 0xBD, 0x13
    .byte   0x54, 0xCD, 0xCD, 0x25, 0x40, 0xFB, 0xC0, 0x34, 0x4E, 0xDC, 0xC3, 0x34, 0x3E, 0xDD, 0xDD, 0x44
    .byte   0x2F, 0xDC, 0xD3, 0x44, 0x2C, 0xCC, 0x24, 0x34, 0xEC, 0xCE, 0xE4, 0x5F, 0xED,   -5, 0x0D, 0x12
    .byte   0x43, 0xFD, 0xCD, 0x33, 0x42, 0xDD, 0xCD, 0x34, 0x30, 0xFD, 0xC1, 0x23, 0x42, 0xEC, 0xDE, 0xF4
    .byte   0x4E, 0xED, 0xCD, 0x44, 0x3F, 0xEC, 0xD2, 0x23, 0x32, 0xED, 0xED, 0x13, 0x31, 0x1D,  -10, 0x0E
    .byte   0x23, 0x32, 0xFD, 0xEF, 0xF2, 0x21, 0x01, 0xEE, 0xE1, 0x03, 0x31, 0xDF, 0xDD, 0x23, 0x23, 0xEE
    .byte   0xEE, 0x02, 0x02, 0x1F, 0x0F, 0xEF, 0x00, 0x12, 0x1F, 0xEE, 0xE2, 0x12, 0x11, 0xE0, 0x11,    1
    .byte   0x01, 0x10, 0xEF, 0xF0, 0x20, 0xF0, 0x0F, 0xF0, 0xF2, 0x2F, 0x0E, 0xEF, 0x02, 0x21, 0x0F, 0xEF
    .byte   0xE2, 0x12, 0x0E, 0x0F, 0xF1, 0x10, 0x20, 0xFF, 0x00, 0xF0, 0xFF, 0x11, 0x11, 0x01, 0xE0, 0xF0
    .byte     -1, 0x01, 0x00, 0x01, 0x10, 0x0F, 0xEF, 0x02, 0x11, 0x10, 0x0E, 0xFF, 0x11, 0x11, 0x10, 0xFF
    .byte   0xFF, 0xF1, 0x11, 0x1F, 0xFF, 0x00, 0x10, 0x00, 0xF0, 0x11, 0x10, 0xFF, 0xFF, 0x01, 0x00, 0x20
    .byte   0x0F,    1, 0x0F, 0xF0, 0x01, 0x20, 0xFF, 0xF0, 0x00, 0xE0, 0x11, 0x02, 0x00, 0x0E, 0xF0, 0x00
    .byte   0x21, 0x11, 0xF0, 0x0E, 0xF0, 0x0F, 0x11, 0x01, 0x10, 0xFF, 0xF1, 0xF1, 0x1F, 0x00, 0x10, 0x00
    .byte   0xFF, 0xFF,   -3, 0x00, 0x10, 0xF0, 0x01, 0x10, 0xF0, 0xF1, 0x10, 0x11, 0x0F, 0x01, 0xF0, 0x10
    .byte   0x00, 0x01, 0x00, 0x00, 0xF1, 0xF1, 0x1F, 0x00, 0x01, 0xF1, 0x0F, 0x01, 0x0F, 0x10, 0x0F, 0x0F
    .byte   0xF0, 0xF0, 0x0F,   -4, 0x0F, 0xFF, 0x1F, 0x0F, 0x10, 0x00, 0x00, 0x00, 0x1F, 0x00, 0x01, 0xF1
    .byte   0x10, 0x11, 0x10, 0x21, 0x10, 0x21, 0x11, 0x11, 0x11, 0x11, 0x11, 0x0F, 0x1F, 0xF0, 0xE0, 0x0F
    .byte   0xEF, 0x0E, 0x0E, 0xFF,   -6, 0x0F, 0xFE, 0xFE, 0xFF, 0xF0, 0xE0, 0xFF, 0xF0, 0x01, 0x11, 0x10
    .byte   0x20, 0x02, 0x12, 0x12, 0x21, 0x22, 0x21, 0x22, 0x12, 0x02, 0x01, 0x01, 0xFF, 0x0E, 0x0E, 0xFE
    .byte   0xFE, 0x0E, 0x0E, 0x0F, 0xEF,   -3, 0x0F, 0xEF, 0xFF, 0xFF, 0xF0, 0x00, 0x11, 0x10, 0x20, 0x02
    .byte   0x01, 0x10, 0x01, 0x10, 0xF0, 0x00, 0x0F, 0xF0, 0xE0, 0xE0, 0xEF, 0xF0, 0xEF, 0x1F, 0xF0, 0xF1
    .byte   0x01, 0x21, 0x22, 0x22, 0x22, 0x31,   22, 0x01, 0x21, 0x20, 0x10, 0x0F, 0xFF, 0xF0, 0xEF, 0xFE
    .byte   0xFF, 0xFE, 0xFE, 0x0E, 0xFF, 0xEF, 0xEF, 0x0E, 0x10, 0xF0, 0x1F, 0x10, 0x10, 0x10, 0x10, 0x01
    .byte   0xF1, 0xF0, 0xF0, 0xF0, 0xFF, 0x0F, 0xFF,  -17, 0x0F, 0xFF, 0xFF, 0x00, 0xF0, 0x00, 0x21, 0x22
    .byte   0x22, 0x32, 0x23, 0x22, 0x12, 0x01, 0x1F, 0x1E, 0x00, 0xFE, 0x0E, 0xFE, 0xFE, 0xEF, 0xEE, 0xFE
    .byte   0xFE, 0xFF, 0xEF, 0xFF, 0xF0, 0x11, 0x02, 0x01,   -8, 0x01, 0x20, 0x11, 0x11, 0x00, 0x00, 0x0F
    .byte   0xFF, 0xFF, 0x0E, 0x00, 0xEF, 0xFF, 0xFF, 0xF0, 0xE0, 0xF0, 0xE0, 0xFE, 0x10, 0x10, 0x22, 0x23
    .byte   0x23, 0x32, 0x32, 0x22, 0x20, 0x10, 0x0F, 0xF0, 0xE0,   35, 0x00, 0xEF, 0xFE, 0xEE, 0xEE, 0xEE
    .byte   0xEE, 0xEE, 0xFE, 0x0F, 0x10, 0x02, 0x01, 0x21, 0x21, 0x22, 0x11, 0x21, 0x1F, 0x0F, 0xFE, 0xFF
    .byte   0xEF, 0xEE, 0xFE, 0x0E, 0xFF, 0xFF, 0x0E, 0x0E, 0xF0, 0xEF,  -40, 0x0F, 0xFF, 0x02, 0x03, 0x23
    .byte   0x33, 0x43, 0x33, 0x22, 0x22, 0x0F, 0xE0, 0xEE, 0x0E, 0x0E, 0x0E, 0xFE, 0xEE, 0xDE, 0xDD, 0xEE
    .byte   0xEE, 0xFF, 0x11, 0x12, 0x21, 0x21, 0x21, 0x22, 0x22, 0x22, 0x22,   26, 0x0F, 0xFE, 0xFD, 0xED
    .byte   0xED, 0xEE, 0xEE, 0xFF, 0xF0, 0xF1, 0xFF, 0xEF, 0x0E, 0xEF, 0xFE, 0xF0, 0x02, 0x23, 0x43, 0x44
    .byte   0x44, 0x42, 0x32, 0xFF, 0xEE, 0xDE, 0xEE, 0xEF, 0xFE, 0xEE, 0xDD, 0xCD,  -21, 0x0D, 0xDD, 0xE1
    .byte   0x13, 0x33, 0x43, 0x33, 0x22, 0xF0, 0xEF, 0xFF, 0x12, 0x22, 0x11, 0x0E, 0xDD, 0xDC, 0xDD, 0xDE
    .byte   0xE0, 0x11, 0x22, 0x10, 0x0E, 0xEE, 0xED, 0xEE, 0xE0, 0x01, 0x22, 0x33, 0x44,    6, 0x04, 0x54
    .byte   0x44, 0x31, 0x1E, 0xED, 0xED, 0xDD, 0xED, 0xDD, 0xDC, 0xDC, 0xDC, 0xED, 0x12, 0x23, 0x34, 0x33
    .byte   0x33, 0x33, 0x22, 0x21, 0x00, 0xEE, 0xED, 0xDD, 0xED, 0xDD, 0xEE, 0xE0, 0x11, 0x11,  -25, 0x01
    .byte   0x0F, 0xEE, 0xED, 0xED, 0xFE, 0x0F, 0xEF, 0xED, 0xEE, 0xF2, 0x45, 0x56, 0x66, 0x54, 0x00, 0x00
    .byte   0xCC, 0xCC, 0xCE, 0xFE, 0xED, 0xDC, 0xBC, 0xBC, 0xD0, 0x24, 0x55, 0x55, 0x54, 0x32, 0xED,   59
    .byte   0x0D, 0xDE, 0xD2, 0x01, 0xFD, 0xDC, 0xCC, 0xCE, 0xE2, 0x34, 0x43, 0x33, 0xED, 0xCC, 0xCC, 0xCD
    .byte   0xF2, 0x22, 0x20, 0xED, 0xCD, 0xE1, 0x56, 0x77, 0x75, 0x22, 0x00, 0xEC, 0xAA, 0xCE, 0x13, 0x32
    .byte     36, 0x0C, 0xBA, 0xAA, 0xD1, 0x46, 0x77, 0x75, 0x42, 0xDB, 0xBB, 0xCC, 0x12, 0x33, 0x2E, 0xCC
    .byte   0xBB, 0xCE, 0x24, 0x55, 0x54, 0x4E, 0xDC, 0xBC, 0xBD, 0xCE, 0xDE, 0xED, 0xDD, 0xDE, 0xFF, 0x01
    .byte   0x45,  -57, 0x07, 0x76, 0x71, 0x00, 0x0F, 0x0C, 0x9B, 0xBD, 0xD1, 0x1F, 0xDC, 0xBC, 0xCE, 0x25
    .byte   0x66, 0x76, 0x44, 0xDC, 0xBB, 0xCC, 0xDE, 0x00, 0xEE, 0xDC, 0xCD, 0xE2, 0x44, 0x55, 0x52, 0x2D
    .byte   0xCC, 0xBC,  -28, 0x0D, 0xFE, 0xDC, 0xCB, 0xCE, 0x00, 0x13, 0x44, 0x43, 0x24, 0x46, 0x77, 0x41
    .byte   0x10, 0x0F, 0xB9, 0x9B, 0xD1, 0x23, 0x32, 0xEC, 0xCD, 0x13, 0x55, 0x66, 0x43, 0xDC, 0xBA, 0xCC
    .byte   0xEE, 0x22, 0x0F,  -18, 0x0D, 0xEE, 0x14, 0x44, 0x53, 0x21, 0xDD, 0xCD, 0xDD, 0xCE, 0xDC, 0xCC
    .byte   0xCC, 0xDF, 0x23, 0x44, 0x33, 0x20, 0xE0, 0x34, 0x77, 0x74, 0x11, 0x0F, 0xC9, 0x9A, 0xDF, 0x44
    .byte   0x34, 0xFD, 0xCC, 0xE3,    0, 0x05, 0x55, 0x3F, 0xCB, 0xBB, 0xCE, 0x23, 0x33, 0xFE, 0xDD, 0xE3
    .byte   0x34, 0x44, 0x3E, 0xDC, 0xCD, 0xE1, 0x22, 0x0D, 0xBB, 0xCB, 0xCE, 0x33, 0x43, 0x33, 0xFE, 0xDF
    .byte   0x01, 0x24, 0x67, 0x76, 0x22,  127, 0x00, 0xB9, 0xAA, 0xD2, 0x54, 0x33, 0xDD, 0xCC, 0xF4, 0x55
    .byte   0x43, 0x1C, 0xBB, 0xBD, 0xE2, 0x44, 0x2E, 0xDD, 0xD1, 0x24, 0x44, 0x3E, 0xDC, 0xCC, 0xE3, 0x43
    .byte   0x32, 0xCB, 0xBA, 0xCD, 0x23, 0x43,  -54, 0x0E, 0xDD, 0xCE, 0x12, 0x34, 0x34, 0x57, 0x76, 0x30
    .byte   0x0E, 0xC9, 0xAB, 0xC0, 0x34, 0x30, 0xEE, 0x00, 0x14, 0x43, 0x3E, 0xDD, 0xCC, 0xCE, 0xFF, 0xFF
    .byte   0x20, 0x22, 0x34, 0x23, 0x1F, 0xDD, 0xDD,   -6, 0x02, 0x22, 0x2F, 0xED, 0xCC, 0xCC, 0xDE, 0xEF
    .byte   0x12, 0x33, 0x23, 0xED, 0xDD, 0xD3, 0x45, 0x77, 0x74, 0x20, 0xFD, 0x9A, 0xBC, 0x02, 0x23, 0x2E
    .byte   0xF3, 0x33, 0x43, 0x3F, 0xDC, 0xBC, 0xDE, 0xE2,   -7, 0x0F, 0xED, 0xF1, 0x23, 0x44, 0x42, 0xFC
    .byte   0xCC, 0xCE, 0x23, 0x43, 0x2F, 0xDC, 0xCC, 0xDC, 0xED, 0xED, 0xD1, 0x44, 0x43, 0x2E, 0xCC, 0xD2
    .byte   0x46, 0x77, 0x72, 0x20, 0xFA, 0x9B, 0xC0, 0x22, 0x22,   13, 0x0D, 0x04, 0x44, 0x32, 0xFC, 0xCB
    .byte   0xCE, 0xF2, 0x22, 0xFE, 0xDD, 0x13, 0x44, 0x43, 0x0D, 0xCC, 0xCD, 0x02, 0x43, 0x21, 0x0E, 0xDD
    .byte   0xDC, 0xDC, 0xCC, 0xDE, 0x34, 0x53, 0x4D, 0xDB, 0xCE, 0x25,  -34, 0x06, 0x77, 0x51, 0x10, 0xBA
    .byte   0xBB, 0xDE, 0xFE, 0x13, 0x13, 0x44, 0x42, 0xDD, 0xCC, 0xCD, 0xF0, 0x2E, 0xFE, 0xEE, 0xF3, 0x34
    .byte   0x32, 0x1F, 0xDD, 0xDD, 0x11, 0xE1, 0x22, 0x12, 0x22, 0xED, 0xBC,  -67, 0x0C, 0xCE, 0x33, 0x43
    .byte   0x30, 0x1D, 0xDD, 0xE1, 0x35, 0x56, 0x77, 0x32, 0x1C, 0xBA, 0xBC, 0x0F, 0xFE, 0x13, 0x33, 0x45
    .byte   0x3D, 0xCC, 0xCC, 0xDE, 0x22, 0x0E, 0xDE, 0xF1, 0x23, 0x43, 0x2E, 0xED,    6, 0x0D, 0xFE, 0x11
    .byte   0x11, 0x12, 0x12, 0x1D, 0xDC, 0xCC, 0xCD, 0xEE, 0x21, 0x33, 0x32, 0x1E, 0xDD, 0xD3, 0x45, 0x66
    .byte   0x76, 0x20, 0xEB, 0xBA, 0xCE, 0xFF, 0xDE, 0xF4, 0x34, 0x45, 0x2C, 0xBC, 0xCD,    1, 0x0F, 0x20
    .byte   0xFD, 0xCE, 0x33, 0x34, 0x32, 0xFD, 0xDD, 0xFF, 0xDE, 0xF1, 0x02, 0x33, 0x22, 0xEC, 0xDC, 0xCB
    .byte   0xDE, 0xEF, 0xF2, 0x33, 0x32, 0x1E, 0xDD, 0xE4, 0x45, 0x66, 0x75, 0x0D, 0xDC, 0xBB,   26, 0x0E
    .byte   0xED, 0xDD, 0x34, 0x34, 0x44, 0xEC, 0xCC, 0xEE, 0x0E, 0xFE, 0xEC, 0xEF, 0x33, 0x33, 0x22, 0xEE
    .byte   0xEE, 0xFE, 0xDE, 0xE0, 0x22, 0x23, 0x21, 0xDC, 0xDC, 0xDC, 0xDE, 0xEE, 0x22, 0x33, 0x20,  -60
    .byte   0x0D, 0xCF, 0x35, 0x46, 0x56, 0x74, 0x0C, 0xDC, 0xCB, 0xDD, 0xDD, 0xDD, 0x35, 0x34, 0x33, 0xFC
    .byte   0xCD, 0xEE, 0xFE, 0xDD, 0xEE, 0xE0, 0x33, 0x32, 0x20, 0x0F, 0xEE, 0xEE, 0xDE, 0xE2, 0x23, 0x22
    .byte      8, 0x0F, 0xDC, 0xDD, 0xCD, 0xCE, 0xE0, 0x03, 0x24, 0x32, 0xDD, 0xCD, 0x13, 0x55, 0x64, 0x66
    .byte   0x40, 0xDD, 0xDC, 0xCC, 0xDD, 0xED, 0xD2, 0x44, 0x23, 0x22, 0xDC, 0xDE, 0x10, 0xED, 0xDE, 0xFE
    .byte   0xF2,    1, 0x03, 0x22, 0xF0, 0x10, 0xDE, 0xEE, 0xEE, 0x02, 0x33, 0xFE, 0xDE, 0xDD, 0xCD, 0xDD
    .byte   0xDD, 0xD3, 0x33, 0x32, 0x3F, 0xEC, 0xDD, 0x34, 0x55, 0x56, 0x65, 0x2D, 0xCE, 0xDC, 0xCD, 0xDD
    .byte   0xDD, 0xE3,   25, 0x03, 0x30, 0x2E, 0xDD, 0xF0, 0x22, 0xDC, 0xDE, 0xE1, 0x03, 0x32, 0x2F, 0xE2
    .byte   0x20, 0xED, 0xDE, 0xEF, 0xF2, 0x33, 0xEE, 0xDE, 0xDD, 0xDD, 0xCE, 0xDD, 0xE2, 0x33, 0x33, 0x1F
    .byte   0xED, 0xD0, 0x34,  -28, 0x04, 0x55, 0x65, 0x3D, 0xCD, 0xED, 0xDD, 0xDD, 0xCD, 0xD3, 0x44, 0x20
    .byte   0xEE, 0xD1, 0x02, 0x12, 0xED, 0xCD, 0x11, 0x22, 0x30, 0x11, 0xFF, 0x12, 0x0E, 0xEE, 0xDF, 0x12
    .byte   0x22, 0x2F, 0xDD, 0xDD,  -35, 0x0D, 0xCD, 0xDD, 0x02, 0x33, 0x32, 0x21, 0xEE, 0xEE, 0x13, 0x34
    .byte   0x45, 0x66, 0x4E, 0xDD, 0xDF, 0xEE, 0xDC, 0xDC, 0xDE, 0x23, 0x43, 0xFD, 0xDE, 0x22, 0x23, 0xFE
    .byte   0xDC, 0xDF, 0x23, 0x3F, 0xFE,    9, 0x0F, 0x12, 0x02, 0xEE, 0xDE, 0xE2, 0x23, 0x11, 0xED, 0xDD
    .byte   0xDD, 0xDD, 0xDD, 0xD1, 0x22, 0x32, 0x12, 0x20, 0x0E, 0xD1, 0x24, 0x44, 0x44, 0x55, 0x32, 0xDE
    .byte   0xEF, 0xEE, 0xDD, 0xCE, 0xDE, 0x02,   19, 0x02, 0xFE, 0xEE, 0x23, 0x22, 0xFF, 0xDE, 0xEF, 0x02
    .byte   0x22, 0xEE, 0xEF, 0x12, 0x1F, 0xEE, 0xDF, 0xF0, 0x22, 0x1F, 0xEE, 0xDF, 0xDD, 0xDD, 0xDD, 0xEE
    .byte   0x03, 0x22, 0x21, 0x10, 0xFE, 0x01, 0x23,  -35, 0x04, 0x34, 0x44, 0x54, 0xFD, 0xEE, 0x00, 0xED
    .byte   0xDD, 0xDD, 0xEF, 0x22, 0x11, 0xEE, 0xF2, 0x32, 0x21, 0xEE, 0xEF, 0xF1, 0x12, 0x2E, 0xED, 0xF0
    .byte   0x02, 0xFE, 0xEE, 0xEE, 0x22, 0x22, 0x0E, 0xDE,  -17, 0x0E, 0xED, 0xDD, 0xDD, 0xE2, 0x22, 0x31
    .byte   0xFE, 0xF2, 0x2F, 0x0E, 0x03, 0x34, 0x34, 0x44, 0x53, 0x2E, 0xEE, 0x0F, 0xFD, 0xDD, 0xED, 0xD0
    .byte   0x12, 0x21, 0xED, 0xE1, 0x33, 0x31, 0x0D, 0xEF, 0x11,   22, 0x01, 0x2E, 0xED, 0xEE, 0x12, 0x21
    .byte   0xED, 0xEF, 0x11, 0x21, 0x2F, 0xED, 0xEE, 0xEE, 0xED, 0xDC, 0xEE, 0xF2, 0x23, 0x21, 0xFF, 0xF1
    .byte   0x12, 0x11, 0x12, 0x34, 0x43, 0x44, 0x42, 0xFE, 0xE1, 0x11,   53, 0x0D, 0xDD, 0xEE, 0xD2, 0x22
    .byte   0x0E, 0xED, 0x03, 0x33, 0xF1, 0xDE, 0xFE, 0x12, 0x22, 0x0F, 0xDD, 0xF0, 0x12, 0x1F, 0xEE, 0xEE
    .byte   0x01, 0x32, 0xFE, 0xED, 0xEE, 0xEE, 0xDD, 0xED, 0xDE, 0xF2, 0x32,  -50, 0x01, 0xEE, 0x01, 0x22
    .byte   0x1F, 0xF3, 0x34, 0x34, 0x34, 0x43, 0x0E, 0xFE, 0x21, 0xEE, 0xDE, 0xEE, 0xDF, 0x00, 0x20, 0xEE
    .byte   0xE1, 0x32, 0x3F, 0xE0, 0xE0, 0xFF, 0x02, 0x11, 0xED, 0xEE, 0x12, 0x10,    9, 0x0E, 0xDF, 0xF0
    .byte   0x22, 0x1F, 0xEE, 0xDF, 0xEE, 0xEE, 0xDD, 0xDE, 0xEF, 0x22, 0x11, 0x0F, 0xF1, 0x12, 0x20, 0x02
    .byte   0x23, 0x43, 0x43, 0x43, 0x32, 0x1E, 0x11, 0x10, 0xEE, 0xDE, 0xEE, 0xEF, 0xF0,   18, 0x0F, 0xEE
    .byte   0x12, 0x32, 0x00, 0xFE, 0x01, 0x0F, 0x11, 0x0E, 0xEE, 0xE1, 0x12, 0xFF, 0xEE, 0x0F, 0xF1, 0x11
    .byte   0x0E, 0xEE, 0xEF, 0xED, 0xED, 0xED, 0xEE, 0xEF, 0x01, 0x21, 0x00, 0x01, 0x12, 0x2F,  -49, 0x00
    .byte   0x23, 0x34, 0x33, 0x34, 0x33, 0x21, 0xE0, 0x22, 0x0E, 0xED, 0xEE, 0xEE, 0xF0, 0x1E, 0xEE, 0xE0
    .byte   0x23, 0x21, 0xFE, 0xFF, 0x02, 0x0F, 0xEF, 0xEE, 0xFF, 0x12, 0x10, 0xFE, 0xFF, 0x00, 0x0F,    3
    .byte   0x0E, 0xED, 0x12, 0xFE, 0xDD, 0xCE, 0xE1, 0xFE, 0xEE, 0x01, 0x12, 0x22, 0x2E, 0xEE, 0x13, 0x33
    .byte   0x22, 0x13, 0x34, 0x34, 0x33, 0x0E, 0xE1, 0x33, 0x0F, 0xDD, 0xDF, 0xEF, 0x00, 0x0E, 0xDE, 0xE1
    .byte     18, 0x03, 0x3E, 0xDD, 0x12, 0x31, 0xEE, 0xDE, 0xFF, 0x12, 0x22, 0xEE, 0xEF, 0x22, 0x2F, 0xDD
    .byte   0xDF, 0x02, 0x21, 0xEC, 0xDD, 0xD2, 0x1F, 0xDD, 0xDF, 0x12, 0x21, 0x21, 0x1F, 0xEF, 0x22, 0x32
    .byte   0x22,  -30, 0x03, 0x34, 0x33, 0x33, 0x32, 0xEE, 0x23, 0x31, 0xED, 0xDE, 0xF0, 0xEF, 0xEE, 0xED
    .byte   0xFF, 0x23, 0x2F, 0xDE, 0x02, 0x22, 0xEE, 0xDE, 0x01, 0x21, 0x00, 0xEF, 0x02, 0x32, 0x0E, 0xDD
    .byte   0xFF, 0x11,    2, 0x0E, 0xDD, 0xEE, 0x2F, 0xDD, 0xDD, 0x1E, 0x0F, 0xFF, 0x01, 0x12, 0x22, 0x0E
    .byte   0x11, 0x32, 0x22, 0x33, 0x33, 0x31, 0x34, 0x4F, 0xED, 0x14, 0x33, 0xDC, 0xDF, 0x32, 0xED, 0xED
    .byte   0xEE, 0x02, 0x22,   27, 0x0D, 0xD2, 0x33, 0x0D, 0xDE, 0x12, 0x2E, 0xEF, 0xE2, 0x01, 0x22, 0x2E
    .byte   0xEE, 0x21, 0x1E, 0xDD, 0x01, 0xFE, 0xDE, 0xEE, 0xED, 0xFE, 0xED, 0xEF, 0xF1, 0x2F, 0xF0, 0x01
    .byte   0x23, 0x20, 0xFE, 0x33,  -20, 0x03, 0x01, 0x24, 0x43, 0x22, 0x2E, 0x13, 0x33, 0xEE, 0xDE, 0x12
    .byte   0x2D, 0xDD, 0xDE, 0x21, 0x0F, 0xEE, 0xE2, 0x22, 0xFD, 0xD2, 0x22, 0xEE, 0xD1, 0x22, 0x1F, 0x22
    .byte   0x0E, 0xE1, 0x20, 0xFD, 0xE0,    2, 0x01, 0xDD, 0xD2, 0xFE, 0xDE, 0xEE, 0xEE, 0xFF, 0x0E, 0xEE
    .byte   0x13, 0x21, 0xEE, 0x23, 0x4E, 0xDF, 0x34, 0x32, 0x01, 0x34, 0x33, 0x22, 0x1D, 0x14, 0x4F, 0xDD
    .byte   0xD3, 0x31, 0xDC, 0xEF, 0xFF, 0xFF,   19, 0x0E, 0x01, 0x12, 0x0E, 0xDF, 0x32, 0x0D, 0xD0, 0x22
    .byte   0x1E, 0xE1, 0x22, 0x00, 0xF0, 0x2E, 0xEF, 0xF0, 0xFE, 0xDE, 0x11, 0xDD, 0xE0, 0xEE, 0xED, 0xFE
    .byte   0x10, 0xE0, 0x11, 0xFF, 0x23, 0x21, 0xF1,  -42, 0x02, 0x33, 0x20, 0x03, 0x43, 0x3F, 0x14, 0x2E
    .byte   0xE3, 0x4F, 0xDD, 0x02, 0x3F, 0xCD, 0x12, 0xED, 0xE1, 0x0F, 0xE1, 0x21, 0x0D, 0xE2, 0x3E, 0xDD
    .byte   0x22, 0x2E, 0xEE, 0x22, 0x1F, 0x01, 0x0F, 0x01,   10, 0x00, 0xEF, 0xF1, 0xEE, 0xDE, 0x0F, 0xED
    .byte   0xDF, 0xFF, 0xED, 0xEF, 0x10, 0xFF, 0x02, 0x12, 0x2F, 0x12, 0x31, 0xE1, 0x33, 0x32, 0x22, 0x33
    .byte   0x33, 0x22, 0xE1, 0x33, 0x2D, 0xD0, 0x32, 0xEC, 0xD1,   38, 0x0E, 0xDD, 0xE2, 0x2E, 0xFE, 0x1F
    .byte   0x11, 0x21, 0xFD, 0xE2, 0x3E, 0xDD, 0x23, 0x2D, 0xD2, 0x33, 0xDE, 0xF2, 0x21, 0xDE, 0x11, 0xEE
    .byte   0xEE, 0xEE, 0xEF, 0xED, 0xEE, 0x1F, 0xEE, 0xF2, 0x21, 0xE1,  -45, 0x02, 0x1E, 0x13, 0x3E, 0xF2
    .byte   0x33, 0x2F, 0x23, 0x33, 0x22, 0x33, 0xD1, 0x33, 0x0D, 0xD1, 0x32, 0xDC, 0xE2, 0x2E, 0xCD, 0x22
    .byte   0xFE, 0xE1, 0x10, 0x12, 0x0F, 0xEF, 0x11, 0xFE, 0xEF, 0x21, 0xFD,   -5, 0x03, 0x3F, 0xDF, 0x42
    .byte   0xDC, 0x13, 0x3D, 0xCE, 0x22, 0xDC, 0xF0, 0x2D, 0xDE, 0x01, 0xEE, 0xF2, 0x11, 0x12, 0x2F, 0xE2
    .byte   0x33, 0xDE, 0x24, 0x3E, 0xD2, 0x44, 0x1E, 0x33, 0x43, 0xDD, 0x34, 0x2D,   41, 0x0F, 0x33, 0xDC
    .byte   0xC3, 0x3F, 0xCD, 0xF3, 0x2D, 0xD1, 0x3F, 0x01, 0x0E, 0xF1, 0x20, 0xED, 0x02, 0x1E, 0xEE, 0x22
    .byte   0x21, 0xE0, 0x22, 0x1F, 0xEF, 0xF1, 0x0D, 0xDF, 0x1F, 0xDD, 0xE0, 0x2D, 0xDE,  -53, 0x02, 0xEE
    .byte   0xF2, 0x21, 0x1F, 0x22, 0x22, 0x00, 0x23, 0x21, 0x12, 0x33, 0x12, 0x32, 0x33, 0x2E, 0xE3, 0x22
    .byte   0xDD, 0x13, 0xFD, 0xDF, 0x2F, 0xDD, 0xE2, 0x1E, 0xE0, 0x11, 0x11, 0x1E, 0x02, 0x20,   10, 0x0E
    .byte   0x12, 0x1E, 0xD2, 0x12, 0xEF, 0x0F, 0x12, 0x2E, 0xD1, 0x32, 0xCD, 0x13, 0x0C, 0xD0, 0x2F, 0xDD
    .byte   0xE2, 0xEE, 0xE1, 0x1F, 0x02, 0x2F, 0x13, 0x21, 0x02, 0x23, 0x1F, 0x13, 0x32, 0xE0, 0x43,   34
    .byte   0x0E, 0x23, 0x02, 0x01, 0x2E, 0xE0, 0x2E, 0xDE, 0x21, 0xDD, 0xE2, 0x1D, 0xEF, 0x20, 0xEF, 0x12
    .byte   0xFF, 0x02, 0xFF, 0xE1, 0x10, 0xE0, 0x11, 0xE1, 0x2E, 0x00, 0x12, 0x1D, 0xF1, 0x2F, 0xED, 0xE2
    .byte    -12, 0x0E, 0xDE, 0xE1, 0xFD, 0xD1, 0x21, 0xDE, 0x22, 0x2F, 0xE2, 0x32, 0x20, 0x13, 0x21, 0x12
    .byte   0x32, 0xF2, 0x32, 0x21, 0x24, 0xFD, 0x22, 0x30, 0xC1, 0x32, 0xDD, 0xE3, 0x1D, 0xC0, 0x30, 0xDD
    .byte   0x02,   10, 0x0E, 0xE1, 0x12, 0x2E, 0xEF, 0x22, 0x0D, 0xE2, 0x21, 0xD0, 0x22, 0x0E, 0x02, 0x0E
    .byte   0x11, 0xEE, 0xE2, 0x1D, 0xD1, 0x2F, 0xDD, 0xE3, 0xED, 0xD1, 0x20, 0xEE, 0x03, 0x2F, 0xE2, 0x23
    .byte   0x2E, 0x22,  -12, 0x01, 0xF2, 0x23, 0x22, 0x22, 0x03, 0x3F, 0xE1, 0x32, 0xFD, 0xF3, 0x2D, 0xDE
    .byte   0x30, 0xDD, 0xE2, 0x1D, 0xEF, 0x2F, 0x0E, 0xF0, 0x20, 0x0E, 0xF2, 0x2E, 0xEF, 0x22, 0xEE, 0xF2
    .byte   0x2E, 0xE0, 0x21,    3, 0x0E, 0x01, 0x0F, 0xEE, 0xFF, 0xFE, 0xDF, 0x1E, 0xEE, 0xE0, 0x1E, 0xEF
    .byte   0x12, 0xE1, 0x12, 0x22, 0x02, 0x22, 0x21, 0x22, 0x23, 0x02, 0x22, 0x32, 0x12, 0x12, 0x20, 0x2E
    .byte   0xE3, 0xFF, 0xDF, 0x21,   35, 0x0D, 0xE1, 0x0E, 0xDF, 0x10, 0xEF, 0x0F, 0x11, 0x1F, 0xE0, 0x21
    .byte   0xEF, 0x02, 0x1E, 0xE2, 0x2F, 0xEF, 0x11, 0xFF, 0x10, 0xEF, 0x00, 0x0D, 0xF1, 0xFE, 0xDF, 0x0F
    .byte   0xED, 0x11, 0xEF, 0xE1, 0x2F,  -47, 0x02, 0x22, 0xF1, 0x22, 0x3E, 0x13, 0x22, 0x00, 0x33, 0x20
    .byte   0x13, 0x3E, 0x00, 0x33, 0xDE, 0x22, 0x1D, 0xE2, 0x2E, 0xDD, 0x2F, 0xED, 0xE2, 0xFF, 0xEF, 0x0F
    .byte   0x11, 0xFE, 0x02, 0x2E, 0xE1, 0x21,    2, 0x0F, 0x02, 0x0E, 0x02, 0xFF, 0xE1, 0x2E, 0xE1, 0x11
    .byte   0xDE, 0x2F, 0xFD, 0xEF, 0xF0, 0xDE, 0x10, 0xFE, 0xF1, 0x10, 0x11, 0x02, 0x22, 0x11, 0x22, 0x22
    .byte   0x03, 0x22, 0x20, 0x32, 0x22, 0xF2, 0x22,   44, 0x0E, 0xE2, 0x20, 0xDF, 0x20, 0xED, 0xE2, 0x1D
    .byte   0xEE, 0x11, 0xFE, 0xFF, 0x12, 0xFE, 0xF2, 0x10, 0xEF, 0x22, 0xFD, 0x12, 0x1E, 0xE1, 0x20, 0xE0
    .byte   0x02, 0xEE, 0x10, 0xFE, 0xE1, 0x0E, 0xEE, 0x1F,  -27, 0x0E, 0xE0, 0xFE, 0xE1, 0x2E, 0xF0, 0x21
    .byte   0x02, 0x12, 0x2F, 0x22, 0x22, 0x21, 0x22, 0x23, 0xF2, 0x32, 0xE2, 0x13, 0x0E, 0x03, 0xFE, 0xE0
    .byte   0x2F, 0xDE, 0x1F, 0xEE, 0xEE, 0x00, 0xE0, 0xE1, 0x10,    4, 0x0E, 0x12, 0xF0, 0xE1, 0x2E, 0x1F
    .byte   0x02, 0xFF, 0xFF, 0x2F, 0x0E, 0x01, 0x11, 0xEE, 0x11, 0xFE, 0xE0, 0x1E, 0xD0, 0x0F, 0xEE, 0xE1
    .byte   0xFE, 0x01, 0x1E, 0x12, 0x11, 0xF2, 0x3F, 0xF2, 0x23, 0xE2,   -7, 0x03, 0x21, 0x22, 0x32, 0xE2
    .byte   0x22, 0x2E, 0xF3, 0x10, 0xDF, 0x30, 0xDD, 0x12, 0xFD, 0xD1, 0x2E, 0xEE, 0x01, 0xF1, 0x0E, 0x10
    .byte   0x10, 0xE1, 0x12, 0x0D, 0x22, 0x2E, 0xE1, 0x20, 0xEE, 0x22, 0xEE,   -2, 0x02, 0x1D, 0xE2, 0x0E
    .byte   0xDF, 0x2E, 0xED, 0x2F, 0x0D, 0xF0, 0xF0, 0xF1, 0xF0, 0x22, 0x1F, 0x22, 0x21, 0x12, 0x22, 0x2F
    .byte   0x32, 0x22, 0x22, 0x11, 0x22, 0x2E, 0xE3, 0x2F, 0xDF, 0x31, 0xDD, 0x02,   27, 0x0D, 0xE0, 0x1E
    .byte   0xEF, 0xFF, 0x10, 0xFF, 0x01, 0x2F, 0xEF, 0x22, 0xEE, 0x03, 0x1D, 0xE2, 0x20, 0xD0, 0x20, 0xFE
    .byte   0x01, 0x1E, 0xFF, 0x0E, 0x0E, 0xE0, 0xFE, 0xFE, 0xFE, 0xF0, 0xE0, 0x0F, 0x11,  -38, 0x01, 0x12
    .byte   0x20, 0x21, 0x21, 0x22, 0x20, 0x22, 0x22, 0x13, 0x2F, 0x12, 0x22, 0xFE, 0x30, 0x0E, 0xE2, 0x2D
    .byte   0xEF, 0x1F, 0xED, 0x00, 0xFE, 0xE0, 0x1F, 0xFF, 0x1F, 0x00, 0x0F, 0x2E, 0x10, 0xF1,    3, 0x01
    .byte   0x0E, 0x01, 0x2E, 0xF0, 0x12, 0xEE, 0x01, 0x0F, 0xEF, 0x00, 0xEE, 0xFF, 0xFE, 0xEE, 0x1F, 0xEF
    .byte   0xE2, 0xFF, 0x2E, 0x02, 0x03, 0xFF, 0x22, 0x21, 0xF3, 0x12, 0x2E, 0x32, 0x22, 0xF2, 0x02,   32
    .byte   0x01, 0xE2, 0x12, 0xFE, 0x01, 0x1E, 0xEF, 0xFF, 0xEE, 0xFE, 0xFE, 0x00, 0xE0, 0xF0, 0x0F, 0xFF
    .byte   0x11, 0x00, 0xFF, 0x21, 0x0E, 0x02, 0x00, 0xFF, 0x00, 0xF0, 0xFF, 0x10, 0xE0, 0xEF, 0x11, 0xEE
    .byte    -21, 0x00, 0x0F, 0xEE, 0x00, 0x1F, 0xEF, 0x11, 0x10, 0xF1, 0x22, 0x11, 0x12, 0x22, 0x10, 0x22
    .byte   0x12, 0x11, 0x22, 0x21, 0x01, 0x22, 0xF0, 0x12, 0x0F, 0xE1, 0x20, 0xEF, 0xEF, 0x0E, 0x0E, 0xEF
    .byte   0x0F,    7, 0x0E, 0xF1, 0x10, 0x0E, 0x00, 0x20, 0x0E, 0x12, 0x0F, 0xF0, 0x01, 0xFF, 0xFF, 0xFF
    .byte   0xFF, 0x0E, 0x00, 0x0E, 0x0F, 0xE0, 0x0E, 0x0F, 0xE1, 0xFF, 0xFF, 0x0F, 0x01, 0x10, 0x01, 0x12
    .byte   0x11, 0x02,  -12, 0x02, 0xF2, 0x11, 0x21, 0x21, 0x02, 0x20, 0x2F, 0xF2, 0x22, 0xEF, 0x20, 0x1F
    .byte   0xF0, 0xF0, 0xFF, 0xFE, 0xFF, 0x1E, 0xEE, 0x11, 0x0E, 0xF0, 0x1F, 0xFF, 0xF1, 0x0F, 0x00, 0xFF
    .byte   0x01, 0x0F, 0x01,    0, 0x00, 0xE0, 0x01, 0xFF, 0xF0, 0x0F, 0xF0, 0xFF, 0xF0, 0xE0, 0xE0, 0x00
    .byte   0xFE, 0x11, 0x1F, 0xFF, 0x11, 0x11, 0x11, 0x01, 0x21, 0x2F, 0x21, 0x12, 0x01, 0x11, 0x20, 0x21
    .byte   0x00, 0x21, 0x10, 0x2F,   22, 0x01, 0x1F, 0x1F, 0x11, 0xE1, 0xFF, 0x0E, 0x0F, 0x0E, 0x0F, 0xFF
    .byte   0x0F, 0x0E, 0x00, 0xF0, 0xFF, 0xF1, 0xFF, 0xFF, 0x1F, 0x0F, 0x00, 0xF0, 0x00, 0xFF, 0x00, 0x0F
    .byte   0x0F, 0x0F, 0x0F, 0xFF, 0x0F,  -15, 0x0F, 0x0F, 0x02, 0xE0, 0xF1, 0x12, 0xEF, 0x12, 0x2E, 0x1E
    .byte   0x3F, 0x2F, 0x0F, 0xF3, 0x02, 0xEF, 0x13, 0x10, 0xFF, 0x21, 0x11, 0x1E, 0x12, 0x11, 0xEE, 0x02
    .byte   0x2E, 0xEF, 0xE2, 0xF0, 0xFE, 0xF0,    9, 0x00, 0xEE, 0x11, 0x10, 0x0E, 0x01, 0x10, 0xEF, 0xF2
    .byte   0xFF, 0xFE, 0x12, 0xF1, 0xEE, 0x11, 0x02, 0xEE, 0x11, 0x21, 0xEE, 0xE2, 0x21, 0xED, 0x13, 0x02
    .byte   0xEE, 0x10, 0x13, 0xD1, 0xE2, 0x3E, 0x2E,   -5, 0x0E, 0x23, 0x0E, 0xE1, 0x13, 0x0E, 0xE1, 0x23
    .byte   0x0F, 0xEE, 0x13, 0x2F, 0xDD, 0x32, 0x2F, 0xD1, 0xE2, 0x21, 0x1C, 0x22, 0x32, 0xC1, 0xE2, 0x22
    .byte   0xFD, 0x0D, 0x40, 0x1D, 0xD3, 0x03, 0xEE, 0xEE,    1, 0x00, 0x21, 0xC2, 0x03, 0x1D, 0x2E, 0xF3
    .byte   0xD4, 0xB3, 0xFD, 0x5C, 0xF0, 0xE2, 0x3E, 0x0E, 0xF1, 0x12, 0xE2, 0xD0, 0x4C, 0x4D, 0xD4, 0xC3
    .byte   0x1F, 0x0F, 0x13, 0xD3, 0xD1, 0x3C, 0x5C, 0x03, 0xC4,    3, 0x01, 0xF0, 0x0D, 0x4C, 0x4C, 0x30
    .byte   0x20, 0xD4, 0xA6, 0xC1, 0x3C, 0x4C, 0x5C, 0x22, 0xC4, 0xD3, 0xD2, 0xD1, 0x22, 0x1D, 0x3C, 0x5C
    .byte   0x22, 0xC3, 0x11, 0x3C, 0x3D, 0x33, 0xC4, 0xC1, 0x12, 0xF2,    3, 0x0D, 0x3E, 0x13, 0xC4, 0xC3
    .byte   0x2D, 0x3C, 0x3E, 0x3E, 0xD4, 0xC2, 0x22, 0xD2, 0x3B, 0x6B, 0x23, 0xC3, 0x02, 0xF0, 0xD3, 0xE0
    .byte   0x10, 0xD4, 0xC4, 0xED, 0x3C, 0x5A, 0x6C, 0xF4, 0xB5, 0xC3, 0x1C,   -1, 0x01, 0xE2, 0x3B, 0x5C
    .byte   0x32, 0xC4, 0xC3, 0xD5, 0xB4, 0xFC, 0x5B, 0x5B, 0x5B, 0x24, 0xC4, 0xD3, 0xB5, 0xD2, 0x0E, 0x1D
    .byte   0x4C, 0x5C, 0x2D, 0x3F, 0x02, 0xED, 0x13, 0xD4, 0xC3, 0xC4, 0xD3, 0x1C,   15, 0x0B, 0x4D, 0x3E
    .byte   0x2C, 0x4D, 0x14, 0xB5, 0xB4, 0x3B, 0x5C, 0xD4, 0xD2, 0x0E, 0x1F, 0x03, 0xD3, 0xC3, 0xF2, 0x0E
    .byte   0x3C, 0x3F, 0x3C, 0x4F, 0xC4, 0xC4, 0xD0, 0x2D, 0x3E, 0x2D, 0x3E, 0x03, 0xC4,   -2, 0x0F, 0x4B
    .byte   0x5B, 0x5C, 0xE5, 0xA6, 0xB0, 0x4C, 0x3F, 0x1D, 0x32, 0xD3, 0x1C, 0x32, 0xC5, 0xC2, 0x3B, 0x6B
    .byte   0x4D, 0xFE, 0x03, 0xC5, 0xB4, 0xC3, 0x2F, 0x3B, 0x5B, 0x5C, 0x31, 0xC5, 0xB4, 0xE2,   -3, 0x0F
    .byte   0x3C, 0x34, 0xB5, 0xB3, 0xE3, 0x2C, 0x5A, 0x6B, 0x41, 0xC4, 0xB5, 0xD1, 0xF1, 0xD3, 0xE0, 0x3C
    .byte   0x5B, 0x40, 0xC5, 0xCE, 0x4C, 0x3E, 0x2D, 0x3F, 0xE0, 0x20, 0xD4, 0xCF, 0x4C, 0x3E, 0x3D,  -16
    .byte   0x06, 0x97, 0xA5, 0xDD, 0x69, 0x79, 0x6B, 0x15, 0xB5, 0xC2, 0xC5, 0xB5, 0xDC, 0x5A, 0x7A, 0x41
    .byte   0xC3, 0xE4, 0xC5, 0xB3, 0xC4, 0xE2, 0xFE, 0xF1, 0x03, 0xDF, 0x3B, 0x6A, 0x6B, 0x4B, 0x42, 0xC6
    .byte    -22, 0x06, 0xB4, 0xD3, 0xED, 0x5A, 0x6C, 0xE4, 0xB4, 0xDF, 0x4B, 0x6A, 0x5C, 0x23, 0xC4, 0xC4
    .byte   0xB6, 0xA6, 0xCD, 0x5A, 0x6B, 0x4C, 0x3D, 0x3C, 0x5C, 0x31, 0xC4, 0xC5, 0xB5, 0xA6, 0xB6, 0xA5
    .byte   0xCC,   25, 0x09, 0x79, 0x79, 0x6C, 0xF5, 0x97, 0x97, 0x97, 0xB3, 0x3A, 0x79, 0x79, 0x7A, 0x32
    .byte   0xE4, 0xB5, 0xA6, 0xB5, 0xB3, 0xE1, 0xF4, 0xC3, 0xFC, 0x5A, 0x79, 0x6B, 0x33, 0xC6, 0xA5, 0xA7
    .byte   0x97, 0xA0,   19, 0x09, 0x7A, 0x6A, 0x5C, 0x3F, 0xF3, 0xB6, 0xA5, 0xC1, 0x4B, 0x6A, 0x5D, 0xF3
    .byte   0xB6, 0xA5, 0xD1, 0x01, 0x2C, 0x5A, 0x6B, 0x33, 0xC5, 0xB3, 0x2C, 0x5C, 0x13, 0xC4, 0xC4, 0xC4
    .byte   0xC4, 0xC3, 0x1C,   22, 0x09, 0x7A, 0x5D, 0xD5, 0xB4, 0xB5, 0xB6, 0xB2, 0x3B, 0x5B, 0x6B, 0x4C
    .byte   0xD4, 0xC5, 0xC4, 0xC0, 0x4C, 0x4E, 0xD2, 0xE2, 0xD5, 0xB3, 0xFD, 0x4D, 0x4C, 0x3D, 0xF2, 0xE4
    .byte   0xB5, 0xB4, 0xDF, 0x5B,    8, 0x0C, 0x4C, 0x4D, 0x2E, 0xF3, 0xC4, 0xD2, 0x2D, 0x2D, 0x32, 0xD3
    .byte   0xC3, 0xF3, 0xD4, 0xB3, 0x3C, 0x5C, 0x21, 0xD0, 0x3E, 0x2E, 0x1D, 0x22, 0x3C, 0x4C, 0xE4, 0xC5
    .byte   0xC2, 0xE2, 0xE1, 0x3D, 0xF3,   -5, 0x02, 0x3E, 0x0C, 0x4C, 0x30, 0x3C, 0x4D, 0x14, 0xB5, 0xB3
    .byte   0x00, 0x3D, 0x21, 0xD3, 0x1F, 0x3B, 0x5B, 0x41, 0xD4, 0xB4, 0xC4, 0xE4, 0xC0, 0x2D, 0x4D, 0x2D
    .byte   0x2D, 0x4D, 0x23, 0xC3, 0xD3, 0xD4,    5, 0x0C, 0x4C, 0x4E, 0x3D, 0x2D, 0xE3, 0x03, 0xEE, 0xEE
    .byte   0xE4, 0xD4, 0xB2, 0x2D, 0x5D, 0xE3, 0xB4, 0x3C, 0x5C, 0xD3, 0xD4, 0x2C, 0x4B, 0x4D, 0x30, 0xE3
    .byte   0xB4, 0xE0, 0x4D, 0xC5, 0xB4, 0x3D, 0x3C,   -5, 0x02, 0x12, 0xF0, 0xD0, 0x2E, 0x4D, 0xD3, 0xC3
    .byte   0x4C, 0x3F, 0xC5, 0xB5, 0xDE, 0x3C, 0x4C, 0x4E, 0xE2, 0xC3, 0x3C, 0x32, 0xD4, 0xC4, 0xED, 0x4B
    .byte   0x41, 0xD4, 0xB4, 0xFE, 0x4C, 0x3E, 0xE0, 0xE3,   -3, 0x02, 0x1C, 0x40, 0xD4, 0xC2, 0x3D, 0x4D
    .byte   0x0F, 0xD3, 0xD3, 0x2C, 0x4C, 0x33, 0xDF, 0x3B, 0x41, 0xE4, 0xC3, 0xC4, 0xD3, 0x0D, 0x2D, 0x22
    .byte   0x3E, 0x1E, 0xFE, 0x31, 0xD3, 0xC3, 0xEE, 0x5B, 0x4D,  -12, 0x05, 0xB5, 0xEC, 0x3E, 0xD4, 0xFD
    .byte   0x4C, 0x2F, 0x32, 0xB5, 0xCD, 0x5C, 0x04, 0xB4, 0xE2, 0x0E, 0x3C, 0x4C, 0x33, 0xD1, 0x10, 0xC5
    .byte   0xDD, 0x5A, 0x41, 0xC6, 0xB2, 0x2D, 0x03, 0x2E, 0x2E, 0xD3,    4, 0x00, 0x10, 0xD1, 0x01, 0x3D
    .byte   0x2E, 0xE2, 0x03, 0xD2, 0xEE, 0x3D, 0x4E, 0xD3, 0xD2, 0xE3, 0xEE, 0x3C, 0x23, 0xD3, 0x1C, 0x3F
    .byte   0xE4, 0xD0, 0x0E, 0x2D, 0x5C, 0x3D, 0xC5, 0xC4, 0xD1, 0x2C, 0x4C,    6, 0x00, 0xD3, 0xD1, 0xE3
    .byte   0xF2, 0xD1, 0xF0, 0x3D, 0x3C, 0x4D, 0x14, 0xB4, 0xDE, 0x30, 0xE3, 0xED, 0x3E, 0x23, 0xDE, 0x2C
    .byte   0x33, 0xE1, 0xEF, 0xE4, 0xEE, 0x3C, 0x21, 0x2F, 0x2F, 0xE0, 0xF0, 0x03,   -6, 0x02, 0x0D, 0x4E
    .byte   0x2E, 0xE1, 0x00, 0x3E, 0xF0, 0xD3, 0xF0, 0xF2, 0xEE, 0x2F, 0xF4, 0xCF, 0x3B, 0x5E, 0xE3, 0xED
    .byte   0x22, 0xE3, 0x0D, 0xEE, 0x32, 0x2F, 0xD2, 0xD3, 0x3C, 0x4C, 0xE3, 0xE4, 0xD1,    2, 0x0D, 0x3E
    .byte   0x32, 0xDD, 0xF1, 0x32, 0xFF, 0xDF, 0x11, 0x4D, 0xED, 0x03, 0x23, 0xDE, 0xD2, 0x31, 0x2E, 0xDE
    .byte   0x3E, 0x3F, 0xED, 0xF3, 0xE4, 0xFC, 0x3C, 0x42, 0xD4, 0xB3, 0xFE, 0x4C, 0x4D, 0xE3,   -1, 0x01
    .byte   0xFF, 0xF2, 0xFE, 0x20, 0xE2, 0x2D, 0x4D, 0xE2, 0xE2, 0x12, 0xD0, 0xE1, 0x32, 0xED, 0xE1, 0x32
    .byte   0x0D, 0xFE, 0x33, 0x2D, 0xDE, 0xF4, 0x21, 0xDD, 0xE2, 0x33, 0xEE, 0xCF, 0x33, 0x4D, 0xDC,  -18
    .byte   0x04, 0x33, 0xEC, 0xD0, 0x34, 0x2D, 0xDD, 0xE3, 0x42, 0xDD, 0xC2, 0x43, 0x3D, 0xCD, 0x24, 0x3E
    .byte   0xDD, 0xE3, 0x32, 0xFD, 0xD1, 0x33, 0xFE, 0xDE, 0x3F, 0x30, 0xDF, 0xD2, 0x32, 0x2D, 0xED, 0x23
    .byte      7, 0x01, 0xED, 0xD2, 0x32, 0x2E, 0xED, 0x32, 0x21, 0xED, 0xE2, 0x32, 0xED, 0xE1, 0x23, 0x2D
    .byte   0xEE, 0x13, 0x21, 0xED, 0x01, 0x32, 0x2D, 0xDE, 0x13, 0x3E, 0xFD, 0xE1, 0x33, 0xED, 0xEE, 0x32
    .byte   0x3E,   -1, 0x0E, 0xE2, 0x32, 0x0E, 0xEF, 0x12, 0x1E, 0x1D, 0xF1, 0x22, 0xF0, 0xFF, 0x01, 0x21
    .byte   0xE1, 0x1E, 0x2E, 0x12, 0x00, 0xFE, 0x01, 0x01, 0xFF, 0xE1, 0x22, 0xFE, 0xE1, 0x23, 0x2E, 0xEE
    .byte   0xE2, 0x3F,    6, 0x0D, 0xE1, 0x22, 0x10, 0xDF, 0xF2, 0x32, 0xFE, 0xDF, 0x22, 0x2F, 0xDE, 0x02
    .byte   0x23, 0xFD, 0xE1, 0x22, 0x1F, 0xDE, 0xF2, 0x30, 0xFE, 0xE1, 0x22, 0x2E, 0xEE, 0x12, 0x21, 0xFE
    .byte   0xE1, 0x21, 0x0F,   -3, 0x0F, 0x10, 0x11, 0x0F, 0xF1, 0x11, 0x1F, 0x00, 0x01, 0x10, 0xF0, 0xF0
    .byte   0x1F, 0x10, 0xFF, 0x01, 0x01, 0xFF, 0xF1, 0x11, 0x11, 0xE1, 0x01, 0x10, 0xF0, 0xE1, 0x11, 0x00
    .byte   0xF0, 0x01, 0x01, 0xFF,   -1, 0x00, 0x11, 0x00, 0x00, 0xF1, 0x00, 0xF0, 0x0F, 0x00, 0x01, 0xFF
    .byte   0x11, 0x00, 0x00, 0xF1, 0x01, 0x0F, 0x0F, 0x10, 0x00, 0x0F, 0x01, 0x1F, 0x00, 0xF1, 0x10, 0x1F
    .byte   0xFF, 0x10, 0x00, 0x0F, 0x10,    1, 0x00, 0xF0, 0xF0, 0x01, 0x0F, 0x00, 0x10, 0x10, 0x0F, 0x10
    .byte   0xF0, 0x00, 0xF1, 0x01, 0x00, 0x00, 0x00, 0xF1, 0x01, 0xF0, 0xF1, 0x01, 0xFF, 0x00, 0x00, 0xF1
    .byte   0x0F, 0x01, 0x00, 0x0F, 0x10, 0x1F,    0, 0x01, 0xF0, 0x01, 0x0F, 0x0F, 0x10, 0x01, 0x00, 0x0F
    .byte   0x10, 0x00, 0xF0, 0x00, 0x10, 0xF0, 0x10, 0xF1, 0xFF, 0x00, 0x01, 0x0F, 0x10, 0x00, 0x00, 0x00
    .byte   0xF1, 0x00, 0x00, 0x00, 0x00, 0x1F, 0x00,    0, 0x0F, 0x10, 0x1F, 0x1F, 0x00, 0xF1, 0xF1, 0x00
    .byte   0x00, 0x00, 0x01, 0xF0, 0x01, 0xF0, 0xF0, 0x10, 0x1F, 0x00, 0x1F, 0x00, 0x00, 0x00, 0x00, 0x00
    .byte   0x00, 0xF1, 0x1F, 0x00, 0xF1, 0x01, 0xFF, 0x10,    0, 0x00, 0xF1, 0x00, 0xF1, 0x00, 0x00, 0x00
    .byte   0x10, 0xF0, 0x1F, 0x1F, 0x00, 0x00, 0x00, 0x00, 0x01, 0xF0, 0x00, 0x0F, 0x10, 0xF0, 0x10, 0x0F
    .byte   0x00, 0x10, 0x00, 0x1F, 0x00, 0x00, 0x1F, 0xF0, 0x10,    0, 0x01, 0xF0, 0x01, 0xF0, 0x1F, 0x00
    .byte   0x01, 0xF0, 0xF1, 0x00, 0x00, 0x00, 0x0F, 0x10, 0x1F, 0x0F, 0x10, 0x00, 0x00, 0x01, 0xF0, 0xF1
    .byte   0x00, 0x00, 0xF1, 0x01, 0xF0, 0x01, 0xF0, 0x00, 0x01, 0x0F,    0, 0x00, 0x00, 0x1F, 0x00, 0x00
    .byte   0xF0, 0x01, 0x0F, 0x10, 0x00, 0x00, 0x00, 0x01, 0xF1, 0xF0, 0x1F, 0x1F, 0x0F, 0x11, 0xF0, 0x01
    .byte   0xF0, 0x01, 0xF0, 0x00, 0x0F, 0x10, 0x00, 0xF1, 0x00, 0x0F, 0x10,   -1, 0x01, 0xF1, 0x00, 0x00
    .byte   0x00, 0xF1, 0x00, 0x01, 0xF0, 0x00, 0x00, 0x1F, 0x00, 0x00, 0x00, 0x00, 0x00, 0x00, 0x01, 0xF0
    .byte   0x01, 0xF1, 0xF0, 0x0F, 0x1F, 0x01, 0x0F, 0x10, 0x00, 0x00, 0x00, 0xF0,   -1, 0x01, 0x1F, 0x1F
    .byte   0x01, 0xF0, 0x00, 0xF1, 0x00, 0x00, 0x00, 0x00, 0x00, 0x1F, 0x00, 0x0F, 0x01, 0x00, 0x00, 0x00
    .byte   0x0F, 0x10, 0x1F, 0x1F, 0x0F, 0x01, 0x00, 0xF1, 0xF1, 0x00, 0x00, 0x00, 0x0F,   -1, 0x01, 0x00
    .byte   0x01, 0xFF, 0x10, 0xF1, 0x01, 0xF0, 0x00, 0x1F, 0xF1, 0x01, 0xF0, 0x00, 0x00, 0x00, 0x00, 0x00
    .byte   0xF1, 0x0F, 0x11, 0xF0, 0x01, 0xF0, 0x00, 0x0F, 0x01, 0x00, 0x00, 0x00, 0x00, 0x00,    0, 0x00
    .byte   0x00, 0x0F, 0x1F, 0x10, 0x01, 0xFF, 0x10, 0x00, 0x0F, 0x10, 0x0F, 0x10, 0xF1, 0x00, 0x1F, 0x10
    .byte   0xF0, 0x00, 0x00, 0x00, 0x01, 0xF0, 0x00, 0x00, 0x0F, 0x1F, 0x1F, 0x1F, 0x00, 0x00, 0x10,    0
    .byte   0x0F, 0x10, 0xF1, 0x00, 0x00, 0x00, 0x00, 0x00, 0xF1, 0xF0, 0x1F, 0x01, 0x0F, 0x10, 0x00, 0x1F
    .byte   0x1F, 0x0F, 0x10, 0x00, 0x00, 0xF1, 0x00, 0x00, 0x00, 0x1F, 0x00, 0x00, 0x00, 0x01, 0x0F, 0x00
    .byte      0, 0x00, 0x00, 0x01, 0x0F, 0x00, 0x00, 0x01, 0xF0, 0x01, 0xF0, 0xF1, 0x1F, 0x01, 0x0F, 0x00
    .byte   0x00, 0x00, 0x00, 0x00, 0x00, 0x00, 0x00, 0x01, 0x0F, 0x00, 0x00, 0x00, 0x1F, 0x00, 0x01, 0xF0
    .byte   0x0F,    0, 0x00, 0x00, 0x00, 0x00, 0x01, 0xF0, 0x00, 0x0F, 0x10, 0x00, 0x00, 0x00, 0x01, 0xF0
    .byte   0x00, 0x1F, 0x0F, 0x10, 0x0F, 0x10, 0xF0, 0x10, 0x1F, 0x0F, 0x10, 0xF1, 0xF0, 0x11, 0x0F, 0x00
    .byte   0x00, 0x00,    1, 0x00, 0xFF, 0x10, 0x00, 0x00, 0x00, 0x0F, 0x10, 0x00, 0xF1, 0x00, 0x00, 0x00
    .byte   0x1F, 0x00, 0x00, 0x0F, 0x10, 0x00, 0x1F, 0x01, 0xF0, 0x00, 0x1F, 0x00, 0xF1, 0x00, 0x00, 0xF1
    .byte   0x00, 0x01, 0xF0,    0, 0x00, 0x1F, 0x00, 0x1F, 0x1F, 0x00, 0x00, 0x00, 0x00, 0x0F, 0x10, 0x00
    .byte   0xF1, 0x0F, 0x00, 0x10, 0x00, 0x00, 0x01, 0xFF, 0x10, 0x00, 0xF1, 0x00, 0x1F, 0x00, 0x00, 0x00
    .byte   0x00, 0x00, 0x01, 0xF0,    0, 0x00, 0x00, 0xF1, 0xF0, 0x10, 0x0F, 0x11, 0x0F, 0x00, 0xF1, 0x00
    .byte   0x1F, 0x01, 0xF0, 0x00, 0x0F, 0x10, 0x00, 0x00, 0x00, 0x00, 0x1F, 0x1F, 0x00, 0x0F, 0x10, 0x00
    .byte   0x01, 0xFF, 0x10, 0x01, 0xF0,    0, 0x00, 0x01, 0x0F, 0x00, 0x00, 0x00, 0x00, 0x01, 0x0F, 0x00
    .byte   0x00, 0x00, 0x10, 0xF0, 0xF1, 0x1F, 0x01, 0xF0, 0x0F, 0x10, 0x1F, 0x00, 0x00, 0x0F, 0x10, 0xF1
    .byte   0x00, 0x1F, 0x00, 0x00, 0x1F, 0x00,    1, 0x0F, 0x00, 0x00, 0x00, 0x00, 0xF1, 0x00, 0x0F, 0x10
    .byte   0x10, 0xF0, 0x0F, 0x10, 0x1F, 0x01, 0xF0, 0x00, 0xF1, 0x00, 0x1F, 0x00, 0x00, 0x01, 0x0F, 0x0F
    .byte   0x10, 0x00, 0x0F, 0x10, 0x00, 0x00, 0x0F,    1, 0x0F, 0x1F, 0xF1, 0x00, 0x00, 0xF1, 0x00, 0x00
    .byte   0x00, 0x0F, 0x1F, 0x10, 0x00, 0x0F, 0x10, 0x0F, 0x01, 0x00, 0x00, 0x00, 0x01, 0xF0, 0x01, 0xF0
    .byte   0x00, 0x00, 0x01, 0xF1, 0xF0, 0x00, 0x00, 0x00,    1, 0x0F, 0x0F, 0x10, 0x00, 0x00, 0x00, 0x01
    .byte   0x00, 0xF0, 0x00, 0x0F, 0x10, 0x0F, 0x11, 0xF0, 0x00, 0x00, 0xF1, 0xF1, 0x00, 0x1F, 0x1F, 0x00
    .byte   0x00, 0x00, 0x00, 0x0F, 0x10, 0xF1, 0xF1, 0xF1, 0x00,    0, 0x00, 0x00, 0x00, 0xF1, 0x00, 0x00
    .byte   0x00, 0xF1, 0x00, 0x0F, 0x10, 0x1F, 0x00, 0x0F, 0x10, 0x00, 0x00, 0x00, 0x00, 0x1F, 0x1F, 0x00
    .byte   0x00, 0x00, 0x00, 0x00, 0x00, 0x00, 0x01, 0xF1, 0xF0, 0x0F,    0, 0x0F, 0x10, 0x00, 0x00, 0x00
    .byte   0xF1, 0x0F, 0x10, 0x00, 0x01, 0xF0, 0x00, 0x0F, 0x10, 0x00, 0x00, 0x01, 0xF0, 0x00, 0x00, 0x1F
    .byte   0x0F, 0x10, 0x00, 0x01, 0xFF, 0x11, 0x0F, 0x00, 0x00, 0x01, 0xF0,    1, 0x0F, 0x00, 0x0F, 0x11
    .byte   0xF0, 0x1F, 0x00, 0xF1, 0x00, 0x01, 0xF0, 0x1F, 0x1F, 0x00, 0xF1, 0x00, 0x0F, 0x01, 0x00, 0x1F
    .byte   0x00, 0x01, 0xF0, 0x00, 0x1F, 0x00, 0x00, 0x1F, 0x00, 0xF1, 0x00, 0x00,    0, 0x0F, 0x10, 0x1F
    .byte   0xF1, 0x00, 0x00, 0x00, 0x00, 0x00, 0xF1, 0x00, 0x01, 0xF0, 0x0F, 0x11, 0xF0, 0xF1, 0x01, 0xF1
    .byte   0x0F, 0x0F, 0x10, 0x10, 0xF0, 0x00, 0x00, 0x1F, 0x01, 0xF0, 0x00, 0x00, 0xF1,    0, 0x00, 0x00
    .byte   0x00, 0x00, 0x00, 0x00, 0x00, 0x1F, 0xF1, 0x00, 0x10, 0xF0, 0x01, 0xF0, 0x00, 0x00, 0x00, 0xF1
    .byte   0x1F, 0x1F, 0xF1, 0x00, 0x0F, 0x11, 0xF0, 0x00, 0x00, 0x0F, 0x10, 0x1F, 0x1F, 0xF0,    0, 0x00
    .byte   0xF1, 0x0F, 0x10, 0xF1, 0x00, 0x00, 0x01, 0xF0, 0x00, 0x00, 0x00, 0x00, 0x00, 0x00, 0x00, 0x00
    .byte   0x00, 0xF0, 0x10, 0xF1, 0x00, 0x00, 0x1F, 0x00, 0x00, 0x1F, 0x00, 0x00, 0x00, 0x00, 0x00,    1
    .byte   0x0F, 0xF1, 0x00, 0x0F, 0x10, 0x01, 0xF0, 0xF1, 0x00, 0x00, 0x1F, 0xF1, 0x00, 0x00, 0x00, 0x00
    .byte   0x00, 0x00, 0x0F, 0x10, 0x00, 0x10, 0xF1, 0xF0, 0x00, 0x00, 0x00, 0x01, 0x0F, 0x00, 0x00, 0x01
    .byte      0, 0x00, 0x00, 0x00, 0x1F, 0x00, 0xF0, 0x01, 0x00, 0xF1, 0x01, 0xF0, 0xF1, 0x00, 0x00, 0x00
    .byte   0x00, 0x00, 0x00, 0x1F, 0x00, 0xF1, 0xF1, 0x01, 0x0F, 0x00, 0x00, 0x00, 0x00, 0x01, 0xF0, 0xF1
    .byte   0xF1,    0, 0x00, 0x00, 0x00, 0x00, 0x00, 0x00, 0x00, 0xF1, 0xF1, 0xF1, 0x00, 0x00, 0x0F, 0x10
    .byte   0x0F, 0x10, 0x00, 0x00, 0x00, 0x00, 0x10, 0xF0, 0x00, 0x01, 0xF0, 0x00, 0x00, 0x00, 0x01, 0x00
    .byte   0xF1, 0xFF,    1, 0x0F, 0x00, 0x00, 0x0F, 0x10, 0x00, 0x00, 0x0F, 0x01, 0x00, 0x00, 0x00, 0x00
    .byte   0x1F, 0x01, 0xF0, 0x01, 0xF0, 0x00, 0x0F, 0x10, 0x00, 0x00, 0xF0, 0x01, 0x00, 0x00, 0x0F, 0x10
    .byte   0x1F, 0x00, 0x00,    0, 0x01, 0xF0, 0x00, 0x00, 0x1F, 0x00, 0x00, 0x00, 0x10, 0x00, 0xF0, 0x00
    .byte   0x00, 0x0F, 0x10, 0xF0, 0x10, 0x00, 0x1F, 0x10, 0xF0, 0x00, 0x00, 0x00, 0xF1, 0xF1, 0xF1, 0x0F
    .byte   0x11, 0xF0, 0x00, 0x00,    0, 0x00, 0x00, 0x00, 0x00, 0x00, 0x00, 0xF1, 0x00, 0x00, 0x0F, 0x10
    .byte   0x00, 0x00, 0x00, 0x00, 0x00, 0x00, 0x00, 0x00, 0xF1, 0x00, 0x00, 0x00, 0x0F, 0x01, 0x01, 0xFF
    .byte   0x10, 0x00, 0x00, 0x00, 0x01,    0, 0x00, 0x00, 0x00, 0x0F, 0x10, 0x0F, 0x10, 0x00, 0x01, 0xF0
    .byte   0x00, 0x01, 0xF0, 0x00, 0x00, 0x00, 0x00, 0x00, 0x00, 0x00, 0x00, 0x00, 0x00, 0x00, 0x00, 0x01
    .byte   0xF0, 0x1F, 0x1F, 0xF0, 0x01, 0x00,   -1, 0x01, 0x0F, 0x10, 0x1F, 0x1F, 0x00, 0x00, 0x00, 0x00
    .byte   0x00, 0x00, 0x00, 0x1F, 0x00, 0x01, 0xF0, 0x01, 0x0F, 0x00, 0x00, 0x1F, 0x00, 0x00, 0x00, 0x00
    .byte   0x00, 0x00, 0x00, 0x00, 0x00, 0x00, 0x00,    0, 0x00, 0x00, 0x00, 0x00, 0x0F, 0x10, 0x00, 0x0F
    .byte   0x11, 0x0F, 0xF1, 0x00, 0x00, 0x1F, 0x00, 0x01, 0xF0, 0x00, 0x00, 0x1F, 0x00, 0x0F, 0x10, 0x01
    .byte   0xF1, 0xF0, 0x00, 0x00, 0x00, 0xF1, 0x00, 0x00,    0, 0x00, 0x1F, 0x00, 0x00, 0x00, 0xF1, 0xF1
    .byte   0x00, 0x00, 0x00, 0x00, 0x00, 0x00, 0x10, 0xF1, 0xF0, 0x0F, 0x10, 0x00, 0x0F, 0x10, 0x00, 0x00
    .byte   0x00, 0x00, 0x01, 0xF0, 0x00, 0x1F, 0x00, 0xF1, 0x01,    0, 0x00, 0xF1, 0x00, 0x01, 0x00, 0xF0
    .byte   0x00, 0x00, 0x00, 0x01, 0xF0, 0x0F, 0x01, 0x00, 0x01, 0xF1, 0xF0, 0x0F, 0x10, 0x00, 0x01, 0xF0
    .byte   0x01, 0xF0, 0x00, 0x01, 0xF1, 0xF1, 0x0F, 0x10, 0x0F, 0xF1,    0, 0x00, 0x00, 0x1F, 0x00, 0x00
    .byte   0x00, 0x00, 0x01, 0xF0, 0x0F, 0x10, 0x1F, 0x00, 0x0F, 0x10, 0xF1, 0x01, 0x0F, 0x1F, 0x0F, 0x10
    .byte   0x00, 0xF1, 0x00, 0x1F, 0x10, 0xF1, 0xF0, 0xF1, 0x0F, 0x10, 0xF1,   -1, 0x01, 0xF1, 0x00, 0x00
    .byte   0x00, 0x00, 0x00, 0x01, 0xF0, 0x0F, 0x10, 0x00, 0x00, 0x1F, 0x00, 0x01, 0xF1, 0xF0, 0x00, 0x00
    .byte   0x1F, 0x00, 0xF1, 0x00, 0xF1, 0x1F, 0x00, 0x10, 0xF0, 0x00, 0x01, 0xF0,   -1, 0x01, 0x00, 0x00
    .byte   0x00, 0x00, 0x01, 0x0F, 0x01, 0xF0, 0x00, 0xF1, 0x01, 0xF1, 0xF0, 0xF1, 0x1F, 0x01, 0xF0, 0x0F
    .byte   0x11, 0xF0, 0x00, 0x00, 0xF1, 0x00, 0x00, 0x00, 0xF1, 0x00, 0xF1, 0x00, 0x00,    0, 0x00, 0x00
    .byte   0x00, 0x00, 0x00, 0x00, 0x1F, 0x00, 0x10, 0xFF, 0x10, 0x00, 0x00, 0x00, 0x00, 0x00, 0x00, 0xF1
    .byte   0x00, 0x1F, 0x00, 0x00, 0x01, 0xF0, 0x00, 0x00, 0xF0, 0x10, 0x00, 0x00, 0x00, 0x0F,   -1, 0x01
    .byte   0xF1, 0x00, 0xF0, 0x11, 0xFF, 0x11, 0xF0, 0x01, 0xF1, 0xF0, 0x00, 0x00, 0x00, 0x00, 0x00, 0xF1
    .byte   0x00, 0x00, 0x00, 0x00, 0xF1, 0x00, 0xF1, 0x0F, 0x10, 0x10, 0xF0, 0x00, 0x00, 0x0F, 0x10,    0
    .byte   0x0F, 0x10, 0x00, 0xF1, 0x0F, 0x10, 0x00, 0x00, 0x00, 0x00, 0x00, 0x00, 0x1F, 0x00, 0x01, 0xF1
    .byte   0x0F, 0x00, 0x1F, 0xF0, 0x10, 0x00, 0x00, 0x00, 0x1F, 0x00, 0x01, 0xF0, 0x00, 0x01, 0xF0, 0x00
    .byte      0, 0x00, 0x0F, 0x1F, 0x11, 0xF0, 0x00, 0x1F, 0x00, 0x01, 0xFF, 0x11, 0xF0, 0xF0, 0x00, 0x10
    .byte   0x00, 0x00, 0x01, 0xF0, 0x00, 0xF1, 0x0F, 0x10, 0x1F, 0x1F, 0x00, 0x1F, 0x0F, 0x01, 0x1F, 0x00
    .byte   0x01,    0, 0x0F, 0x10, 0x00, 0x0F, 0x1F, 0x10, 0x00, 0x00, 0x01, 0x0F, 0xF1, 0x00, 0x1F, 0x00
    .byte   0x01, 0x0F, 0xF0, 0x10, 0x0F, 0x01, 0x1F, 0xF0, 0x11, 0x0F, 0x01, 0xF0, 0x00, 0x1F, 0x00, 0xF0
    .byte   0x01, 0x1F,    0, 0x0F, 0x11, 0xF0, 0xF1, 0x1F, 0x0F, 0x01, 0x00, 0xF1, 0x00, 0x1F, 0xF0, 0x01
    .byte   0x00, 0xF1, 0x11, 0xF0, 0xF1, 0x00, 0x0F, 0xFF, 0x10, 0x01, 0xF0, 0x11, 0xF0, 0xFF, 0x11, 0x10
    .byte   0xF1, 0x11, 0x0E,   -1, 0x01, 0x10, 0xE0, 0x11, 0x10, 0x01, 0xF0, 0x01, 0x0E, 0x21, 0x1E, 0xF1
    .byte   0x2F, 0xE0, 0x11, 0xF0, 0x00, 0x00, 0x11, 0xF0, 0xF2, 0xFF, 0xF1, 0x11, 0xE0, 0x2E, 0xE1, 0x22
    .byte   0xED, 0x22, 0x2E, 0xE2,    5, 0x02, 0xED, 0x22, 0xFE, 0xEF, 0x20, 0xFF, 0x12, 0x20, 0xEE, 0x22
    .byte   0x0E, 0xD2, 0x3F, 0xEE, 0x03, 0x1E, 0xE0, 0x12, 0xEE, 0x02, 0x20, 0xFE, 0x12, 0x1E, 0xEF, 0x22
    .byte   0xEE, 0xF2, 0x2F, 0xE1, 0x21,    2, 0x0E, 0x11, 0x21, 0xFE, 0xEF, 0x31, 0xEE, 0x22, 0x2D, 0xEE
    .byte   0x32, 0xED, 0xE3, 0x30, 0xDE, 0x32, 0x1D, 0xE0, 0x22, 0xFE, 0xE1, 0x32, 0xED, 0x13, 0x2E, 0xDF
    .byte   0x31, 0x2D, 0xE1, 0x31, 0xEE, 0x02,    6, 0x0E, 0xE0, 0xD2, 0x22, 0x0D, 0x23, 0x2D, 0xD2, 0x32
    .byte   0xDE, 0x12, 0x21, 0xEE, 0x02, 0x1F, 0xFE, 0x12, 0x2E, 0xE1, 0x22, 0xFE, 0xE2, 0x1F, 0xFE, 0x12
    .byte   0x11, 0xEF, 0x1F, 0x21, 0xDF, 0x23, 0x1D,   -4, 0x01, 0x32, 0xED, 0xE1, 0x31, 0xDD, 0x24, 0x1D
    .byte   0xD2, 0x42, 0xDD, 0xE4, 0x2D, 0xD1, 0x32, 0xEE, 0x02, 0x1F, 0xD1, 0x20, 0x2E, 0xFF, 0x22, 0xEE
    .byte   0x02, 0x2E, 0xD2, 0x21, 0xF1, 0x01, 0x1E, 0x1F,    0, 0x01, 0x0F, 0x00, 0x01, 0xFE, 0x22, 0xFE
    .byte   0xE0, 0x31, 0xEE, 0x02, 0x20, 0xD0, 0x22, 0xFE, 0xE1, 0x22, 0xFE, 0xF0, 0x20, 0xD1, 0x22, 0x1E
    .byte   0x21, 0x1D, 0xF2, 0x3E, 0xDE, 0x32, 0xED, 0x13, 0x2E,   -5, 0x01, 0x22, 0xEF, 0x01, 0x2F, 0xE2
    .byte   0xE1, 0x0F, 0x0F, 0x2F, 0x1E, 0xF2, 0x1F, 0xE0, 0x2F, 0xFF, 0x12, 0xF2, 0xFF, 0xE2, 0xFF, 0x1D
    .byte   0x22, 0x1E, 0xF1, 0x22, 0xED, 0x22, 0xFE, 0xE1, 0x22, 0xE0,    4, 0x0F, 0xE0, 0x21, 0xEE, 0x22
    .byte   0xFE, 0x01, 0x20, 0xED, 0x21, 0x2F, 0xD1, 0x21, 0x1E, 0x01, 0x21, 0xD2, 0x12, 0x2D, 0xF3, 0x2E
    .byte   0xE2, 0x00, 0x1F, 0x02, 0x1F, 0x12, 0x12, 0xFF, 0x22, 0x2E, 0xF2,   31, 0x00, 0xD0, 0x22, 0xDE
    .byte   0xEF, 0x1D, 0xED, 0x12, 0xED, 0xFF, 0x1E, 0xDE, 0x0E, 0xDE, 0x10, 0xDE, 0xE3, 0x1D, 0xF2, 0x33
    .byte   0xCF, 0x34, 0x33, 0x54, 0x54, 0x35, 0x32, 0x12, 0x3D, 0xCC, 0x01, 0xCB,   33, 0x0E, 0xDD, 0xBD
    .byte   0x0E, 0xEF, 0x03, 0x33, 0x34, 0x32, 0x22, 0x1D, 0xCD, 0xED, 0xCC, 0xEE, 0xDD, 0xDE, 0x1E, 0xED
    .byte   0xE1, 0x2E, 0xEE, 0x02, 0x1F, 0x21, 0x47, 0x64, 0x34, 0x75, 0x1D, 0x32, 0x00,  116, 0x0F, 0x3E
    .byte   0xBB, 0xBE, 0xDA, 0xBC, 0xCF, 0x0E, 0x12, 0x45, 0x43, 0x14, 0x44, 0xED, 0x03, 0xFD, 0xCD, 0x0D
    .byte   0xCC, 0xC1, 0xFD, 0xDE, 0x13, 0x00, 0xF1, 0x21, 0xFD, 0xDD, 0xDD, 0xDE, 0xE2, 0x47,  -12, 0x04
    .byte   0x43, 0x76, 0x0E, 0x32, 0x20, 0x00, 0x00, 0xFA, 0xBC, 0xBB, 0xBB, 0xCD, 0xEF, 0x20, 0x45, 0x35
    .byte   0x32, 0x53, 0x33, 0xF1, 0x1E, 0xDD, 0xCC, 0xDC, 0xCC, 0xD0, 0xED, 0xE3, 0x22, 0x1E, 0x22,  -51
    .byte   0x0E, 0xDD, 0xDD, 0xC1, 0xEE, 0x36, 0x65, 0x33, 0x67, 0x32, 0x33, 0x10, 0x00, 0x00, 0x0C, 0xAC
    .byte   0xCB, 0xAB, 0xCC, 0xEE, 0xE1, 0x34, 0x44, 0x43, 0x44, 0x43, 0x32, 0x21, 0xFD, 0xCD, 0xDC, 0xCB
    .byte    -39, 0x00, 0xFC, 0xD0, 0x33, 0xED, 0x2F, 0x2F, 0xDD, 0xDE, 0xED, 0xCE, 0x13, 0x46, 0x54, 0x55
    .byte   0x65, 0x34, 0x21, 0x10, 0x00, 0x00, 0xFC, 0xBB, 0xBB, 0xBB, 0xBD, 0xDE, 0xEE, 0x34, 0x35, 0x24
    .byte   0x44,   31, 0x04, 0x23, 0x22, 0x2D, 0xDD, 0xDD, 0xCC, 0xCE, 0xDD, 0xDF, 0x01, 0xE1, 0xEE, 0x1E
    .byte   0xEE, 0xDE, 0xD0, 0xDD, 0xE2, 0x34, 0x65, 0x45, 0x56, 0x54, 0x31, 0x11, 0x00, 0x00, 0x0E, 0xDB
    .byte   0xBB, 0xBC,  -35, 0x0B, 0xCD, 0x1D, 0xD2, 0x44, 0x43, 0x43, 0x45, 0x42, 0x23, 0x32, 0xED, 0xDE
    .byte   0xDD, 0xCD, 0xDD, 0xDD, 0xDE, 0xEF, 0xEE, 0xD0, 0xEF, 0xDD, 0x0E, 0x0F, 0xCF, 0x22, 0x4F, 0x66
    .byte   0x44, 0x55, 0x63,  118, 0x03, 0x00, 0x00, 0x00, 0x0F, 0xEC, 0xBB, 0xBC, 0xBB, 0xBD, 0xDD, 0xE0
    .byte   0x32, 0x34, 0x34, 0x34, 0x44, 0x33, 0x33, 0x3E, 0xDF, 0xED, 0xCD, 0xDD, 0xCD, 0xDD, 0xDE, 0xDE
    .byte   0xED, 0xFE, 0xE0, 0xF0,  -90, 0x00, 0x0F, 0xE0, 0x23, 0x34, 0x64, 0x44, 0x46, 0x42, 0x34, 0x11
    .byte   0x10, 0x00, 0x0E, 0xDB, 0xBB, 0xDC, 0xBB, 0xCD, 0xED, 0xE0, 0xF2, 0x43, 0x33, 0x34, 0x44, 0x32
    .byte   0x43, 0x20, 0xDF, 0xDF, 0xDC,   10, 0x0C, 0xED, 0xCD, 0xDD, 0xEE, 0xDE, 0xEE, 0x21, 0x2F, 0xF3
    .byte   0x22, 0x1E, 0x23, 0xF3, 0x35, 0x51, 0x43, 0x64, 0xF3, 0x32, 0x32, 0x21, 0xCF, 0xFE, 0xDB, 0xBD
    .byte   0xCC, 0xCC, 0xCD, 0xE1, 0x0D, 0xE3,  -46, 0x03, 0x21, 0x34, 0x43, 0x33, 0x03, 0x32, 0x1C, 0xDF
    .byte   0xED, 0xCC, 0xDE, 0xDF, 0xCD, 0xDF, 0x2D, 0xED, 0x23, 0x03, 0xF2, 0x3F, 0x40, 0x3E, 0x21, 0x03
    .byte   0xD4, 0x34, 0x02, 0x41, 0x5E, 0x41, 0x13,   81, 0x04, 0xEE, 0xE2, 0xFE, 0xDD, 0xDB, 0xED, 0xDC
    .byte   0xCF, 0xDF, 0xDF, 0x12, 0x22, 0x32, 0x32, 0x33, 0x23, 0x12, 0x1F, 0xFF, 0xED, 0xDE, 0xDF, 0xCD
    .byte   0xED, 0xED, 0x4B, 0x5A, 0x6C, 0x31, 0xD5, 0xB7,  -75, 0x07, 0xC2, 0x5C, 0x4C, 0x5A, 0x6C, 0x21
    .byte   0xD3, 0x21, 0x6A, 0x6C, 0x44, 0xC6, 0xB5, 0xC4, 0x22, 0xE1, 0xE2, 0xEF, 0xDD, 0xDD, 0xFE, 0xCE
    .byte   0xED, 0x3D, 0x3D, 0x2E, 0x32, 0xE0, 0x20, 0x21, 0x01,    3, 0x01, 0xD3, 0xDD, 0x3C, 0x01, 0xD2
    .byte   0x01, 0xD0, 0x5A, 0x50, 0xC5, 0xB5, 0xB5, 0xEE, 0x3D, 0xD4, 0xC2, 0x2B, 0x6A, 0x6B, 0x5B, 0x25
    .byte   0xB6, 0xA6, 0xB5, 0xB6, 0xB4, 0x0B, 0x79, 0x7A, 0x6B, 0x4E,   28, 0x04, 0xB4, 0xC6, 0xA6, 0xB3
    .byte   0x1C, 0x5C, 0x3E, 0xD1, 0xE3, 0xC3, 0xC1, 0x2E, 0x3C, 0x2D, 0x11, 0xD4, 0xB3, 0xD0, 0x2F, 0xED
    .byte   0x4B, 0x5B, 0x5A, 0x5F, 0xC6, 0xA5, 0xA7, 0xA5, 0xEC, 0x5A, 0x7A,  -11, 0x01, 0xB6, 0xA7, 0x96
    .byte   0xA5, 0x0C, 0x69, 0x79, 0x7B, 0x4C, 0x4F, 0xC5, 0xB6, 0xA7, 0x96, 0xC2, 0x4B, 0x5B, 0x5C, 0x5C
    .byte   0xF3, 0xD4, 0xC3, 0xEE, 0x3D, 0x3D, 0x2E, 0x3D, 0x22, 0xB6, 0xA6, 0xBF,   21, 0x0D, 0xFE, 0x3B
    .byte   0x5B, 0x5C, 0xE3, 0xC3, 0xE1, 0xE1, 0xD4, 0xB4, 0x1C, 0x4D, 0xD4, 0xED, 0x5A, 0x5D, 0x11, 0x3D
    .byte   0xD5, 0xB4, 0xC5, 0xB5, 0xEB, 0x7A, 0x31, 0xE1, 0x20, 0xF2, 0x11, 0xE4, 0xB6,    1, 0x0E, 0x4C
    .byte   0x3D, 0x4C, 0x3E, 0xF2, 0xE3, 0xD3, 0x1C, 0x5B, 0x5B, 0x4F, 0xC6, 0xA6, 0xA6, 0xA5, 0xDD, 0x4C
    .byte   0x4D, 0x2E, 0xE4, 0xB3, 0x59, 0x79, 0x6C, 0x2F, 0xD3, 0xC5, 0xB6, 0xA4, 0x2B, 0x6C,   -4, 0x03
    .byte   0xC3, 0x3C, 0x5B, 0x32, 0xB6, 0xA7, 0x95, 0xDE, 0x3C, 0x5A, 0x6A, 0x6C, 0x3F, 0xD4, 0xA7, 0xA5
    .byte   0xEB, 0x6A, 0x6B, 0x23, 0xC4, 0xC4, 0xD4, 0xB5, 0xDD, 0x5A, 0x6B, 0x14, 0xB6, 0xCD, 0x12,   -4
    .byte   0x02, 0x2C, 0x4B, 0x43, 0xD5, 0xA5, 0xB5, 0xC1, 0x4B, 0x5B, 0x6B, 0x5C, 0xE3, 0xD4, 0xD3, 0xCE
    .byte   0xE4, 0xC5, 0xCE, 0x3C, 0x4E, 0x11, 0xDE, 0x33, 0xC4, 0xC2, 0x1D, 0x5C, 0x3C, 0x2E, 0x4C, 0x4E
    .byte     -9, 0x04, 0xC5, 0xB5, 0xB4, 0xC3, 0x2E, 0x3C, 0x4B, 0x6A, 0x6C, 0xC4, 0xC5, 0xC4, 0xB4, 0xDE
    .byte   0x5B, 0x4E, 0xC5, 0xC3, 0xDF, 0x2C, 0x5D, 0xE5, 0xA4, 0x1C, 0x5C, 0x4C, 0x4C, 0x23, 0xD0, 0xFF
    .byte   0xF3,    3, 0x0D, 0x4C, 0x13, 0xD3, 0xD3, 0xB5, 0xD3, 0xE1, 0xFE, 0x4A, 0x7A, 0x33, 0xC5, 0xB5
    .byte   0xB2, 0x3D, 0x5B, 0x3D, 0xF2, 0x2E, 0x2E, 0x04, 0xB5, 0xC0, 0x1E, 0x3E, 0x12, 0xC4, 0xEE, 0x3D
    .byte   0x22, 0xC4,    6, 0x0E, 0x3C, 0x4C, 0x4D, 0xD4, 0xC3, 0x21, 0x2D, 0xFC, 0x5B, 0x5E, 0xC5, 0xA6
    .byte   0xB3, 0x1C, 0x5B, 0x35, 0xB4, 0xC2, 0x3D, 0x3E, 0xE0, 0x2D, 0x4C, 0x13, 0xC5, 0xB4, 0xC2, 0x4D
    .byte   0x2D, 0x3D, 0x4D,    9, 0x0C, 0x4C, 0x31, 0xD4, 0xB4, 0xD2, 0x2D, 0x5A, 0x5E, 0xD5, 0xB5, 0xB3
    .byte   0xE3, 0x1E, 0x1D, 0x3C, 0x6A, 0x40, 0xC4, 0xC5, 0xD2, 0xDF, 0x2E, 0x3E, 0xEE, 0xF3, 0x13, 0xEF
    .byte   0xDD, 0x4D, 0x3D, 0x3B,    2, 0x0E, 0x15, 0xA5, 0xA6, 0xB4, 0x2B, 0x5B, 0x51, 0xD4, 0xB3, 0xFD
    .byte   0x4D, 0x1D, 0x12, 0x3F, 0x3D, 0xE2, 0xC5, 0xB4, 0xD0, 0x3D, 0x4D, 0x4B, 0x4B, 0x5D, 0xE4, 0xB5
    .byte   0xB4, 0xFE, 0x4B, 0x4D, 0xE4,   -2, 0x04, 0xB5, 0xB4, 0xEF, 0x4B, 0x3F, 0x20, 0x3C, 0xF3, 0xC4
    .byte   0xE3, 0xDE, 0x3C, 0x5C, 0x3D, 0x2E, 0x22, 0xF0, 0xD1, 0xF3, 0xD3, 0xDF, 0x3E, 0x03, 0xD0, 0xFF
    .byte   0x21, 0xEF, 0xE0, 0x2F, 0x4C, 0x20,   -9, 0x04, 0xD2, 0x0E, 0xF3, 0xC4, 0xFC, 0x4C, 0x3F, 0x10
    .byte   0x20, 0xFE, 0x10, 0x02, 0xC4, 0xD3, 0x2E, 0x3D, 0x2D, 0x20, 0xD3, 0xD2, 0x2E, 0x3E, 0x2E, 0xF1
    .byte   0xE1, 0xEF, 0x23, 0xE4, 0xC3, 0xD2, 0x2D,    5, 0x0C, 0x3E, 0x3D, 0x3E, 0xD4, 0xD3, 0xE2, 0xC3
    .byte   0xD2, 0x3E, 0x3C, 0x4C, 0x4E, 0x3C, 0xF1, 0xE3, 0x00, 0xC4, 0xB6, 0xC4, 0xCF, 0xF0, 0x3D, 0x5A
    .byte   0x4E, 0xF5, 0xB4, 0xDD, 0x30, 0x00, 0xED, 0x31,    0, 0x03, 0xDD, 0x4C, 0x4E, 0xE2, 0xD2, 0x1F
    .byte   0x3D, 0x3D, 0x03, 0xE1, 0xD3, 0xC3, 0x12, 0x12, 0xC4, 0xC2, 0x3E, 0xEE, 0x22, 0x3D, 0x3C, 0x4C
    .byte   0x4D, 0x11, 0xD2, 0xF3, 0xE3, 0xC2, 0xD3, 0xF3, 0xED,    4, 0x0C, 0x43, 0xC4, 0xDC, 0x4E, 0x03
    .byte   0xDE, 0x1E, 0x31, 0x2E, 0xD0, 0xE3, 0x03, 0xDE, 0x3D, 0x31, 0x1F, 0xD2, 0xC4, 0x1E, 0x3D, 0x0F
    .byte   0x3D, 0x31, 0xC3, 0xD4, 0xC4, 0xD1, 0x2D, 0x31, 0x2E, 0xEE,    3, 0x0D, 0x3E, 0x2E, 0xF0, 0x03
    .byte   0xD3, 0xC2, 0x2F, 0x3D, 0x3C, 0x4C, 0x40, 0xC5, 0xA5, 0xD3, 0xD4, 0xCF, 0x4B, 0x5C, 0x4C, 0x22
    .byte   0x0E, 0x1D, 0x23, 0xC4, 0xD2, 0x12, 0xE2, 0x1C, 0x5B, 0x4E, 0x03,   -5, 0x04, 0xB4, 0xD3, 0xFC
    .byte   0x5B, 0x5C, 0x4F, 0xC4, 0xB5, 0xC4, 0xC3, 0xD3, 0x3D, 0x4B, 0x3D, 0x20, 0x21, 0xE0, 0x0E, 0x3F
    .byte   0xE2, 0xD3, 0xD3, 0xE1, 0x1D, 0x4C, 0x4E, 0x10, 0xEF, 0xE3, 0xD3, 0xEE,   -3, 0x02, 0x0F, 0x2D
    .byte   0x2E, 0x13, 0xFF, 0x3C, 0x3E, 0xE3, 0xD2, 0xD3, 0xD3, 0xFF, 0xEE, 0x4D, 0x4D, 0xD3, 0xC4, 0xD4
    .byte   0xC3, 0xDE, 0x5A, 0x6B, 0x3F, 0xD4, 0xD2, 0xE2, 0xD3, 0x01, 0x0E, 0xFE, 0x3E,    4, 0x02, 0xC4
    .byte   0xC4, 0xE1, 0xD2, 0xD2, 0x2E, 0x4B, 0x5D, 0xD3, 0xF0, 0xF3, 0xC3, 0x1F, 0x3C, 0x2D, 0x4C, 0x31
    .byte   0xE3, 0xE2, 0xD3, 0xE0, 0xD4, 0xC3, 0x2D, 0x3E, 0x1F, 0x1E, 0x21, 0xD2, 0x11, 0xE2,   -3, 0x02
    .byte   0xF0, 0xF2, 0xD3, 0xE2, 0x2C, 0x4B, 0x5D, 0xF3, 0xD2, 0xFF, 0xE4, 0xC2, 0x2C, 0x5C, 0x3E, 0xE2
    .byte   0xD4, 0xD2, 0xD2, 0xE2, 0x11, 0x3D, 0x2E, 0x10, 0x11, 0xD3, 0xD2, 0x2D, 0x4C, 0x4C, 0x22,   -4
    .byte   0x04, 0xB5, 0xC2, 0x2D, 0x3E, 0x2C, 0x5B, 0x40, 0xD3, 0xD2, 0xE2, 0x2E, 0x20, 0xE1, 0xF1, 0xF1
    .byte   0xE2, 0xFE, 0x3E, 0x1F, 0x1E, 0x20, 0x11, 0xD4, 0xC4, 0xDD, 0x4B, 0x5C, 0x4D, 0x2E, 0x20, 0xD4
    .byte    -14, 0x05, 0xC4, 0xC3, 0xED, 0x4C, 0x4D, 0x2E, 0x2D, 0x3D, 0x3E, 0x13, 0xC5, 0xB4, 0xD2, 0xD3
    .byte   0xEF, 0x3B, 0x6A, 0x6B, 0x30, 0xC5, 0xB5, 0xB5, 0xC4, 0xC2, 0x3C, 0x4C, 0x4C, 0x4D, 0x3D, 0xE1
    .byte   0xE4,   -2, 0x03, 0xD3, 0xC4, 0xC3, 0x3C, 0x4B, 0x5C, 0x32, 0xC3, 0xE3, 0xF3, 0xC2, 0xEE, 0x4C
    .byte   0x5B, 0x4C, 0x32, 0xD5, 0xA5, 0xB3, 0x3E, 0x2E, 0x2C, 0x5C, 0x4D, 0xFD, 0xE4, 0xC5, 0xC1, 0x2C
    .byte   0x4E, 0x3E,    2, 0x0D, 0x2E, 0x31, 0xD4, 0xC2, 0x02, 0x1F, 0x2C, 0x4D, 0x3E, 0x0D, 0x22, 0xD4
    .byte   0xD3, 0xD2, 0xD2, 0x2F, 0xE2, 0x1D, 0x3E, 0x20, 0x2D, 0x3D, 0x20, 0xE3, 0xC4, 0xC3, 0xF1, 0x2E
    .byte   0x2D, 0x4C, 0x4C,    7, 0x0D, 0xF2, 0xC5, 0xC3, 0x0E, 0xF2, 0xE1, 0x4B, 0x4C, 0x14, 0xC5, 0xB3
    .byte   0xEF, 0x3D, 0x3D, 0x2D, 0x3D, 0x40, 0xE2, 0xC4, 0xC4, 0xFD, 0x3B, 0x5C, 0x34, 0xC3, 0xC3, 0xE3
    .byte   0xFE, 0x2C, 0x5B, 0x5C,    5, 0x00, 0xC5, 0xA6, 0xC2, 0xE1, 0xEF, 0x3E, 0x3C, 0x4C, 0x31, 0xE3
    .byte   0xC3, 0xD3, 0xE4, 0xDE, 0x2C, 0x4D, 0x4D, 0xD3, 0xEF, 0x3E, 0xD3, 0xC4, 0xE2, 0x3C, 0x3E, 0x03
    .byte   0xD2, 0x1D, 0x3D, 0x21, 0xD4,   -8, 0x03, 0x1D, 0x31, 0xD3, 0xD3, 0xE1, 0x3C, 0x4C, 0x33, 0xC4
    .byte   0xC1, 0x2D, 0x32, 0xFE, 0x2D, 0x3D, 0x23, 0xC4, 0xC3, 0x10, 0x3C, 0x3D, 0x3E, 0x3D, 0x2F, 0xC4
    .byte   0xD4, 0xD3, 0xC2, 0x10, 0x4B, 0x5A,    3, 0x0D, 0x31, 0xD4, 0xA6, 0xC4, 0xFC, 0x3D, 0x13, 0x10
    .byte   0xED, 0x13, 0x21, 0x1D, 0xE1, 0xF3, 0xE3, 0xC1, 0x3C, 0x6B, 0x3D, 0xD3, 0xF3, 0x11, 0xC3, 0xD3
    .byte   0x2E, 0x1D, 0x2E, 0x4D, 0x3C, 0x21, 0x03,    1, 0x02, 0xEE, 0x12, 0xD4, 0xDF, 0x2D, 0x04, 0xDE
    .byte   0x3C, 0x3F, 0x03, 0xC4, 0xC3, 0x0E, 0x4C, 0x3D, 0xF2, 0xE4, 0xD2, 0xD2, 0x1E, 0x3D, 0x1E, 0x2D
    .byte   0x4C, 0x4F, 0xD4, 0xB5, 0xC3, 0x1C, 0x3E, 0x23,    5, 0x02, 0xDD, 0x3E, 0xF3, 0xD1, 0xF2, 0x3D
    .byte   0x4B, 0x30, 0x12, 0x1E, 0x12, 0xC4, 0xD2, 0xEE, 0x4B, 0x6B, 0x30, 0xC5, 0xA6, 0xB4, 0xD2, 0x20
    .byte   0xE1, 0x2C, 0x5C, 0x3D, 0x2D, 0x3C, 0x4F, 0x2C, 0x5B,    5, 0x03, 0xA7, 0xA4, 0xC5, 0xB5, 0xCE
    .byte   0x4C, 0x4C, 0x3B, 0x4F, 0xE4, 0xDE, 0x4B, 0x6C, 0xE2, 0xD2, 0xE3, 0xF1, 0x0D, 0x01, 0x12, 0xD2
    .byte   0xEE, 0x24, 0xF2, 0xC1, 0xFF, 0x30, 0x2C, 0x22, 0xF4, 0xDD,   12, 0x0B, 0x33, 0xD3, 0x3B, 0x3F
    .byte   0xE5, 0xCF, 0xE0, 0x02, 0xF2, 0xE0, 0xE2, 0x10, 0x3C, 0x4D, 0xC5, 0xB4, 0x2C, 0x5B, 0x4C, 0x4C
    .byte   0x4D, 0x3D, 0x33, 0xB6, 0xA5, 0xC1, 0x2D, 0xE5, 0xB3, 0xED, 0x4E,   13, 0x0E, 0xED, 0x0E, 0x4E
    .byte   0xEE, 0x1D, 0x33, 0x3D, 0xE1, 0xD2, 0x3D, 0x3C, 0xE2, 0x23, 0x04, 0xB3, 0xB5, 0xE3, 0xFD, 0x0D
    .byte   0x24, 0xEE, 0x3A, 0x5D, 0x33, 0xEE, 0xD1, 0xF3, 0x13, 0xFD, 0xD3, 0xE4,   15, 0x0B, 0x4B, 0x41
    .byte   0x23, 0xDE, 0xD2, 0x24, 0xD3, 0xC1, 0xD2, 0x30, 0x3D, 0xEF, 0x1F, 0x4D, 0xFD, 0x1D, 0x34, 0xD3
    .byte   0xCF, 0x11, 0x32, 0xD2, 0xD0, 0x3E, 0x3D, 0x1D, 0x21, 0x22, 0xE0, 0xEE, 0x22,    4, 0x03, 0xED
    .byte   0xE1, 0x13, 0xEE, 0xE0, 0xF1, 0x3E, 0x1F, 0x02, 0x10, 0xE0, 0xEE, 0x22, 0x1F, 0x1F, 0xE2, 0xF2
    .byte   0xFF, 0xEF, 0x01, 0x2F, 0x2D, 0x11, 0x02, 0x0F, 0xE1, 0xE2, 0x12, 0xFF, 0xE2, 0x00,    4, 0x0E
    .byte   0x0F, 0x01, 0x01, 0xF0, 0xF0, 0x2E, 0x1F, 0xE1, 0x11, 0x20, 0xF0, 0xE1, 0x11, 0x1F, 0xF0, 0x11
    .byte   0x10, 0xFF, 0x00, 0x01, 0xF1, 0xFF, 0x11, 0x11, 0x0F, 0xF0, 0xF1, 0x10, 0x10, 0xFF, 0x1F,    2
    .byte   0x0F, 0xF1, 0xE1, 0x00, 0x11, 0x0F, 0xFF, 0x00, 0xF1, 0xF0, 0x00, 0x10, 0x2F, 0xFF, 0x00, 0x11
    .byte   0x1F, 0x10, 0x12, 0x1F, 0x01, 0xF1, 0x10, 0x11, 0xF1, 0x00, 0x1F, 0x0E, 0xFE, 0x1F, 0x1F, 0xEF
    .byte     -6, 0x0F, 0x1F, 0xFE, 0xEE, 0xFF, 0xEF, 0xEE, 0x00, 0x21, 0x11, 0x00, 0x21, 0x23, 0x34, 0x45
    .byte   0x32, 0x21, 0xF1, 0xEE, 0xCC, 0xCD, 0xD2, 0xEE, 0xED, 0xF1, 0x33, 0x30, 0x10, 0x13, 0x21, 0xFD
    .byte   0xCD,  -23, 0x0E, 0xED, 0xDC, 0xCE, 0x11, 0x20, 0xED, 0xFF, 0x3F, 0x44, 0x57, 0x66, 0x53, 0x10
    .byte   0xD2, 0xDB, 0xBB, 0xBB, 0xCE, 0xFD, 0xEE, 0xF4, 0x44, 0x54, 0x33, 0x33, 0x1E, 0xDC, 0xBC, 0xCD
    .byte   0xED, 0xEE,  -45, 0x02, 0x33, 0x32, 0x12, 0x02, 0x3E, 0xED, 0xCC, 0xCB, 0xDC, 0xDD, 0xFF, 0x15
    .byte   0x77, 0x77, 0x52, 0x11, 0x10, 0xDA, 0xA9, 0xAA, 0xC1, 0x44, 0x34, 0x34, 0x55, 0x65, 0x2D, 0xCC
    .byte   0xCC, 0xCC, 0xBB,  -65, 0x0E, 0x33, 0x42, 0x32, 0x34, 0x34, 0xFD, 0xDD, 0xDF, 0xDD, 0xCC, 0xDD
    .byte   0xCF, 0xDD, 0xEF, 0x34, 0x56, 0x77, 0x72, 0x20, 0xFB, 0xAC, 0xAB, 0xBB, 0xC1, 0x46, 0x65, 0x44
    .byte   0x33, 0x42, 0xEB, 0xAA,  -30, 0x0B, 0xE2, 0x13, 0x14, 0x45, 0x44, 0xFC, 0xCB, 0xDF, 0x01, 0xED
    .byte   0xE1, 0x23, 0x11, 0xDC, 0xDD, 0xEF, 0xEE, 0xDF, 0xF2, 0x46, 0x77, 0x73, 0x20, 0xBA, 0xAC, 0xCB
    .byte   0xEC, 0xF4, 0x56, 0x74, 0x4E,   91, 0x0D, 0xDD, 0xCB, 0xAB, 0xB0, 0x35, 0x54, 0x22, 0x32, 0x0E
    .byte   0xCB, 0xBB, 0xD3, 0x44, 0x33, 0x21, 0x11, 0xFD, 0xCC, 0xCD, 0xE1, 0x21, 0xDD, 0xEE, 0x25, 0x77
    .byte   0x76, 0x31, 0xEA, 0x99, 0xDD, 0xD3,  -28, 0x03, 0x55, 0x76, 0x3E, 0xDA, 0xBB, 0xDE, 0xCB, 0xCE
    .byte   0x13, 0x65, 0x5E, 0xED, 0xCD, 0xDC, 0xCB, 0xCE, 0x35, 0x55, 0x31, 0xDD, 0xDC, 0xDC, 0xCD, 0xF3
    .byte   0x23, 0x1D, 0xDD, 0xD3, 0x56, 0x77, 0x71,  127, 0x0D, 0x99, 0xAD, 0x12, 0x43, 0x24, 0x56, 0x62
    .byte   0xEB, 0xAA, 0xA1, 0x2F, 0xEE, 0x0E, 0x35, 0x54, 0xEC, 0xBB, 0xCD, 0x1E, 0xEE, 0xE0, 0x35, 0x44
    .byte   0x0F, 0xCB, 0xCD, 0xEE, 0xF0, 0x23, 0xFE, 0xED,  -83, 0x0F, 0x42, 0x55, 0x77, 0x62, 0x1A, 0x99
    .byte   0xCE, 0x34, 0x53, 0x33, 0x45, 0x33, 0xEB, 0xBB, 0xCE, 0xE1, 0x2F, 0xDD, 0x13, 0x34, 0x21, 0xDB
    .byte   0xCC, 0xC0, 0x12, 0x23, 0x23, 0x33, 0x2F, 0xDC, 0xCC,  -60, 0x0F, 0x01, 0x21, 0x1D, 0xDE, 0xDE
    .byte   0x44, 0x55, 0x77, 0x44, 0xCA, 0xAA, 0xB3, 0x34, 0x53, 0x30, 0x44, 0x23, 0xFC, 0xCB, 0xCD, 0xE2
    .byte   0x1E, 0xDD, 0x00, 0x34, 0x32, 0xDC, 0xBC, 0xCE, 0x23, 0x23,  -20, 0x02, 0x32, 0xFE, 0xDC, 0xDD
    .byte   0xD2, 0xF0, 0x0F, 0x0E, 0xDD, 0x1F, 0x34, 0x55, 0x66, 0x53, 0xEB, 0xAA, 0xC2, 0x44, 0x54, 0x2E
    .byte   0x23, 0x23, 0x3D, 0xCB, 0xCC, 0xE1, 0x22, 0xEC, 0xDF, 0x23, 0x42,   18, 0x0C, 0xCB, 0xDD, 0x24
    .byte   0x23, 0x2F, 0x22, 0x2F, 0x1D, 0xCD, 0xED, 0xEF, 0xFF, 0x10, 0xE0, 0x1D, 0xE4, 0x34, 0x56, 0x74
    .byte   0x3D, 0xAA, 0xAD, 0x44, 0x65, 0x32, 0xDE, 0x22, 0x33, 0xDD, 0xBC, 0xCD,   12, 0x02, 0x0E, 0xCE
    .byte   0x1F, 0x34, 0x1E, 0xCC, 0xBC, 0x12, 0x34, 0x33, 0x3E, 0x10, 0xED, 0xDF, 0xDD, 0xEE, 0x0F, 0xE2
    .byte   0x21, 0xEF, 0xDC, 0xD4, 0x35, 0x55, 0x64, 0x22, 0xCA, 0xCD, 0xF3, 0x65, 0x43,   79, 0x0D, 0x1E
    .byte   0x24, 0x1E, 0xCC, 0xCC, 0xD2, 0x10, 0xD1, 0xED, 0x33, 0x3F, 0xDC, 0xBB, 0xCF, 0x35, 0x45, 0x3E
    .byte   0xFD, 0xCE, 0xDD, 0xEE, 0xF1, 0x3F, 0x0E, 0xCE, 0xFE, 0x03, 0xED, 0x22, 0xF5, 0x56,   49, 0x04
    .byte   0x3D, 0xBA, 0xDF, 0x35, 0x64, 0x31, 0xCE, 0xE2, 0x33, 0xFD, 0xCC, 0xBD, 0xE1, 0x2E, 0x1E, 0xEE
    .byte   0x31, 0x1E, 0xDC, 0xBD, 0xE2, 0x44, 0x43, 0x0D, 0x2E, 0xEF, 0xED, 0xCD, 0x11, 0x22, 0xFF,  -50
    .byte   0x0D, 0xF0, 0x0F, 0xED, 0xD1, 0x25, 0x55, 0x65, 0x30, 0xCB, 0xBF, 0x24, 0x56, 0x31, 0xED, 0xEE
    .byte   0x33, 0x2D, 0xDB, 0xCC, 0xDF, 0x01, 0xE0, 0xEE, 0x23, 0x11, 0xDC, 0xCB, 0xD0, 0x35, 0x44, 0x2D
    .byte     -7, 0x0D, 0xF3, 0x10, 0xDD, 0xCD, 0x13, 0x21, 0xFD, 0xDC, 0x22, 0xF0, 0xDE, 0xE1, 0x45, 0x56
    .byte   0x54, 0x2E, 0xBB, 0xDF, 0x35, 0x55, 0x3E, 0xDE, 0xE1, 0x30, 0x1C, 0xCC, 0xBE, 0xE0, 0x1F, 0xEE
    .byte   0xD2,   -3, 0x03, 0x1F, 0xDC, 0xBD, 0xE2, 0x44, 0x52, 0x1D, 0x0D, 0x02, 0x0E, 0xED, 0xCF, 0x11
    .byte   0x22, 0xDD, 0xCC, 0xE0, 0x22, 0x31, 0xDE, 0x23, 0x44, 0x66, 0x44, 0x1B, 0xBC, 0x22, 0x56, 0x52
    .byte   0x2C, 0xDD,   75, 0x03, 0x30, 0xDC, 0xBA, 0xDE, 0xF3, 0x2F, 0xDD, 0xF0, 0x32, 0x20, 0xCC, 0xCD
    .byte   0x24, 0x44, 0x31, 0xED, 0xE1, 0x22, 0xFE, 0xEC, 0xDF, 0xE0, 0x10, 0xED, 0xDD, 0xDE, 0x21, 0x20
    .byte   0xED, 0x14, 0x35,   -4, 0x06, 0x44, 0x2D, 0xCB, 0xE1, 0x35, 0x54, 0x22, 0xED, 0xE2, 0x2E, 0xEC
    .byte   0xCB, 0xCD, 0xEE, 0x1F, 0xE0, 0x02, 0x22, 0x10, 0xDC, 0xCE, 0x12, 0x44, 0x43, 0xFD, 0xED, 0xE1
    .byte   0x22, 0x2E, 0xDD, 0xDD,  -41, 0x02, 0x01, 0xED, 0xDD, 0xD0, 0x21, 0x0E, 0xDC, 0x34, 0x46, 0x54
    .byte   0x53, 0x13, 0xDD, 0xC2, 0x02, 0x54, 0x33, 0x2E, 0x0E, 0xFE, 0xDD, 0xDC, 0xBC, 0xED, 0xE1, 0x10
    .byte   0x02, 0x21, 0x21, 0xED, 0xDD,  -35, 0x01, 0x24, 0x33, 0x32, 0xFD, 0x0D, 0x1E, 0x1F, 0xFE, 0xEE
    .byte   0xDF, 0xDD, 0xEE, 0xEE, 0x1E, 0xFE, 0xDE, 0x1D, 0xF2, 0x43, 0x54, 0x53, 0x54, 0x23, 0xDC, 0xC2
    .byte   0x13, 0x54, 0x33, 0xEE, 0xEE, 0x0F,   73, 0x0D, 0xCC, 0xCC, 0xDE, 0xE1, 0x02, 0x02, 0x22, 0x2F
    .byte   0xEE, 0xED, 0xE2, 0x23, 0x33, 0x22, 0x2E, 0xEF, 0xEE, 0xDE, 0xFE, 0xEF, 0xEE, 0xDE, 0xED, 0xED
    .byte   0xDD, 0xEF, 0xE0, 0x32, 0xFE, 0x0F, 0x04,  -37, 0x04, 0x55, 0x43, 0xE2, 0xFD, 0xC3, 0x21, 0x54
    .byte   0x3E, 0x2E, 0xED, 0xF0, 0xDD, 0xCD, 0xCC, 0xDE, 0xF0, 0x1F, 0x12, 0x23, 0x23, 0xEE, 0xDD, 0xF0
    .byte   0x23, 0x33, 0x22, 0xEE, 0x0F, 0x0E, 0xEE, 0xCE,  -19, 0x0E, 0x0F, 0xEE, 0xDE, 0xDE, 0xDF, 0xEE
    .byte   0xDE, 0xE1, 0x12, 0x3F, 0x21, 0x33, 0x45, 0x44, 0x54, 0x12, 0xDC, 0xD3, 0x32, 0x53, 0x2F, 0xFD
    .byte   0xEF, 0xF1, 0xED, 0xCC, 0xCC, 0xD0, 0xF1, 0xF0, 0xF0,   -9, 0x03, 0x23, 0x2F, 0xDD, 0xEF, 0xF3
    .byte   0x33, 0x22, 0xFF, 0xE0, 0x0F, 0xEE, 0xED, 0xDD, 0xFE, 0xFE, 0xED, 0xDD, 0xDE, 0x00, 0xFF, 0xDD
    .byte   0xDE, 0x23, 0x44, 0x22, 0x33, 0x44, 0x54, 0x53, 0x1D, 0xCC,   31, 0x03, 0x44, 0x42, 0x0D, 0xDE
    .byte   0xE2, 0x2F, 0xDD, 0xCB, 0xCE, 0xE0, 0x20, 0xEF, 0xE0, 0x32, 0x31, 0x2E, 0xED, 0xE1, 0x13, 0x33
    .byte   0x12, 0xEF, 0x02, 0x10, 0xFD, 0xDD, 0xCF, 0xE1, 0x1F, 0xDD, 0xDD,  -66, 0x0F, 0x00, 0x0E, 0xDD
    .byte   0xDE, 0x02, 0x33, 0x42, 0x12, 0x34, 0x45, 0x34, 0x43, 0xE1, 0xEC, 0x24, 0x13, 0x40, 0xFF, 0xFE
    .byte   0xE0, 0xFE, 0xDC, 0xDC, 0xCE, 0xFE, 0x21, 0xE1, 0x00, 0x22, 0x21, 0x3E,   11, 0x00, 0x0F, 0x02
    .byte   0x02, 0x2F, 0xF1, 0x02, 0x1E, 0xED, 0xDE, 0xDE, 0xEE, 0xEF, 0xED, 0xDE, 0xDE, 0xEF, 0xE0, 0xFF
    .byte   0xEE, 0xEE, 0x22, 0x33, 0x32, 0x32, 0x43, 0x54, 0x34, 0x41, 0x2E, 0xDF, 0x22,   69, 0x04, 0x01
    .byte   0x1E, 0x10, 0xEE, 0xED, 0xCD, 0xDC, 0xDE, 0xEF, 0xEF, 0xF0, 0x02, 0x12, 0x11, 0x01, 0x1F, 0x11
    .byte   0x22, 0x22, 0x10, 0x12, 0x02, 0x1E, 0xED, 0xED, 0xED, 0xEE, 0xDE, 0xDF, 0xED, 0xFD,  -74, 0x0D
    .byte   0xE0, 0xFE, 0xFE, 0xDE, 0x33, 0x43, 0x20, 0x0F, 0x35, 0x45, 0x52, 0x43, 0x22, 0x1E, 0xF2, 0x02
    .byte   0x31, 0xF2, 0xFF, 0xFE, 0xEE, 0xDC, 0xDD, 0xCE, 0xEE, 0xEE, 0xEE, 0xE0, 0x12, 0x2F, 0x10,   -7
    .byte   0x01, 0x02, 0x12, 0x12, 0x22, 0x11, 0x20, 0x21, 0xEF, 0xED, 0xEE, 0xDE, 0xED, 0xED, 0xEE, 0xEE
    .byte   0xED, 0xED, 0xFE, 0xFF, 0x11, 0x21, 0x11, 0x22, 0x32, 0x03, 0x23, 0x33, 0x44, 0x34, 0x42, 0x20
    .byte     65, 0x0E, 0x32, 0x22, 0xE1, 0xFF, 0xF1, 0xFE, 0x1D, 0xDD, 0xDD, 0xEE, 0xD1, 0xDE, 0xEE, 0xF0
    .byte   0x1F, 0xF0, 0x11, 0x11, 0x00, 0x11, 0x21, 0x12, 0x10, 0x21, 0x10, 0xF0, 0xEE, 0xFE, 0xEE, 0xEE
    .byte   0xEE,  -30, 0x0F, 0xEE, 0xEE, 0xDF, 0xEE, 0xEF, 0xF1, 0xF1, 0x11, 0x21, 0x02, 0x11, 0x22, 0x23
    .byte   0x23, 0x33, 0x33, 0x33, 0x23, 0x23, 0x33, 0x22, 0x21, 0x20, 0x2F, 0x0E, 0xEE, 0xDE, 0xDD, 0xDE
    .byte   0xED, 0xDD,    4, 0x0D, 0xEE, 0xEE, 0xEE, 0xEF, 0xFF, 0xF0, 0x21, 0x22, 0x12, 0x12, 0x21, 0x21
    .byte   0x22, 0x20, 0x0E, 0x0F, 0xFE, 0xFE, 0xEE, 0xDE, 0xEE, 0xED, 0x0D, 0xEE, 0xEF, 0xF0, 0xF0, 0x01
    .byte   0x22, 0x12, 0x22,  -45, 0x03, 0x23, 0x33, 0x33, 0x34, 0x22, 0x32, 0x34, 0x23, 0xF1, 0x10, 0x20
    .byte   0xFE, 0xEE, 0xDD, 0xED, 0xDE, 0xDD, 0xDD, 0xED, 0xEE, 0xDE, 0xEE, 0xFE, 0x11, 0x11, 0x12, 0x12
    .byte   0x22, 0x12, 0x22, 0x21,    3, 0x02, 0x12, 0xF0, 0xFF, 0xFE, 0xEF, 0xEE, 0xED, 0xFD, 0xEE, 0xDE
    .byte   0xEE, 0xEE, 0xE0, 0xE1, 0xF0, 0x21, 0x22, 0x22, 0x22, 0x23, 0x33, 0x34, 0x23, 0x33, 0x33, 0x32
    .byte   0x33, 0x22, 0xF1, 0x21, 0xFF,   98, 0x0D, 0xED, 0xED, 0xDE, 0xDD, 0xDD, 0xDE, 0xDD, 0xFD, 0x0E
    .byte   0xEE, 0xFF, 0x10, 0x21, 0x11, 0x22, 0x12, 0x23, 0x12, 0x12, 0x12, 0x20, 0x10, 0xF0, 0xFE, 0xEF
    .byte   0xEE, 0xEE, 0xDE, 0xDE, 0xEE, 0xDE,  -64, 0x0E, 0x1E, 0xF0, 0xF1, 0x12, 0x21, 0x22, 0x22, 0x32
    .byte   0x33, 0x33, 0x33, 0x33, 0x23, 0x33, 0x23, 0x22, 0x11, 0x21, 0xF1, 0xEE, 0xDE, 0xDE, 0xDD, 0xED
    .byte   0xDE, 0xDD, 0xDE, 0xDE, 0xEF, 0xEE, 0xE0,  -40, 0x00, 0x11, 0x21, 0x22, 0x20, 0x23, 0x12, 0x22
    .byte   0x21, 0x21, 0x11, 0xFF, 0xFF, 0xFE, 0xED, 0xFE, 0xDE, 0xED, 0xED, 0xEE, 0xEE, 0xEF, 0xFF, 0xF0
    .byte   0x01, 0x22, 0x22, 0x22, 0x31, 0x23, 0x33, 0x33,   19, 0x03, 0x33, 0x13, 0x23, 0x32, 0x21, 0x0F
    .byte   0x21, 0x0F, 0xEE, 0xDE, 0xDD, 0xED, 0xFD, 0xDE, 0xDD, 0xEE, 0xEE, 0xEE, 0xFE, 0xE2, 0xF0, 0x02
    .byte   0x20, 0x22, 0x02, 0x22, 0x22, 0x21, 0x20, 0x20, 0x1F,   17, 0x0F, 0xEF, 0xEE, 0xEE, 0xED, 0xEE
    .byte   0xDE, 0xDE, 0xEE, 0xEE, 0x0F, 0x0F, 0x01, 0x21, 0x22, 0x22, 0x22, 0x22, 0x32, 0x23, 0x33, 0x23
    .byte   0x33, 0x22, 0x22, 0x33, 0x22, 0xFF, 0x01, 0x01, 0x0E, 0xDD,   59, 0x0E, 0xDE, 0xDE, 0xED, 0xED
    .byte   0xED, 0xFE, 0xEE, 0x0E, 0xEF, 0x01, 0x12, 0x10, 0x12, 0x11, 0x22, 0x22, 0x11, 0x12, 0x12, 0x1F
    .byte   0xFF, 0x0E, 0x0E, 0xEF, 0xEE, 0xDE, 0xEE, 0xEE, 0xDF, 0xEE, 0xFF,  -64, 0x00, 0xF1, 0x00, 0x21
    .byte   0x22, 0x22, 0x22, 0x22, 0x32, 0x32, 0x33, 0x23, 0x32, 0x22, 0x23, 0x23, 0x22, 0xEE, 0x12, 0x1F
    .byte   0x0D, 0xED, 0xDF, 0xDE, 0xED, 0xEE, 0xDD, 0xEE, 0xEF, 0xEE, 0xEF, 0xE1,  -31, 0x01, 0x12, 0x10
    .byte   0x20, 0x21, 0x22, 0x22, 0x12, 0x01, 0x12, 0x10, 0x0F, 0xEE, 0xFF, 0xEE, 0xEE, 0xDE, 0xED, 0xFE
    .byte   0xDF, 0xEE, 0xFF, 0xFF, 0x10, 0x12, 0x02, 0x22, 0x22, 0x22, 0x31, 0x32, 0x32,   11, 0x02, 0x33
    .byte   0x23, 0x22, 0x03, 0x23, 0x21, 0xFE, 0x02, 0x1F, 0xEE, 0xDE, 0xED, 0xED, 0xEF, 0xDE, 0xED, 0xEE
    .byte   0xEE, 0xFE, 0xEE, 0xE1, 0x11, 0x02, 0x00, 0x21, 0x12, 0x12, 0x22, 0x00, 0x20, 0x20,    8, 0x00
    .byte   0xFF, 0xFE, 0xFE, 0xEE, 0xEE, 0xEE, 0xEE, 0xEE, 0xEE, 0xEE, 0xE2, 0xFF, 0xF0, 0x21, 0x22, 0x21
    .byte   0x22, 0x23, 0x22, 0x31, 0x32, 0x32, 0x32, 0x23, 0x22, 0x21, 0x23, 0x21, 0x0E, 0xF1, 0x11,   72
    .byte   0x0E, 0xDE, 0xDE, 0xED, 0xEF, 0xDE, 0xED, 0xEE, 0x0E, 0xEE, 0xE0, 0xE0, 0x21, 0x11, 0x11, 0x11
    .byte   0x21, 0x22, 0x11, 0x01, 0x12, 0x12, 0x0E, 0x0E, 0x0E, 0x1E, 0x0E, 0xEE, 0xDF, 0xEF, 0xEE, 0xEE
    .byte    -57, 0x0F, 0xFF, 0x11, 0x10, 0x02, 0x12, 0x23, 0x12, 0x20, 0x32, 0x23, 0x22, 0x32, 0x31, 0x33
    .byte   0x21, 0x12, 0x23, 0x20, 0xFE, 0x01, 0x1F, 0xFE, 0xDD, 0xFD, 0xEE, 0xEE, 0xED, 0xED, 0xEE, 0x0E
    .byte   0xFE,  -24, 0x0E, 0x0F, 0x12, 0x10, 0x20, 0xF2, 0x20, 0x22, 0x11, 0x02, 0x01, 0x02, 0x0F, 0xEF
    .byte   0xFE, 0xE1, 0xEE, 0xED, 0xFE, 0xEE, 0xEE, 0xFE, 0xEF, 0xFF, 0x10, 0x20, 0x20, 0x22, 0x22, 0x22
    .byte   0x31, 0x22,   -4, 0x02, 0x33, 0x22, 0x31, 0x32, 0x22, 0x12, 0x22, 0x20, 0xEE, 0x11, 0x0F, 0xFD
    .byte   0xDE, 0xEE, 0xDF, 0xEE, 0xDF, 0xDE, 0xEF, 0xE0, 0xEF, 0xEE, 0xF1, 0x20, 0x20, 0x00, 0x20, 0x22
    .byte   0x11, 0x00, 0x20,   -2, 0x02, 0xF0, 0x0E, 0xFF, 0xEF, 0xFE, 0xEE, 0xEE, 0xFE, 0xEE, 0xEF, 0xEF
    .byte   0xE1, 0x10, 0x20, 0x11, 0x22, 0x22, 0x22, 0x22, 0x23, 0x22, 0x22, 0x31, 0x32, 0x22, 0x31, 0xF2
    .byte   0x22, 0x22, 0xFE, 0xE1,   64, 0x01, 0xFE, 0xED, 0xED, 0xFE, 0xEE, 0xED, 0xEE, 0xEE, 0xFE, 0xFE
    .byte   0xFE, 0xFF, 0x02, 0xF1, 0x10, 0x11, 0x21, 0x11, 0x20, 0x10, 0x11, 0x02, 0x0F, 0xEF, 0xEF, 0xFF
    .byte   0xFE, 0xEE, 0xEE, 0xE0, 0xEE,  -49, 0x0E, 0x00, 0xF0, 0x20, 0x02, 0x12, 0x12, 0x22, 0x31, 0x21
    .byte   0x32, 0x22, 0x32, 0x22, 0x23, 0x22, 0x20, 0x21, 0x22, 0x00, 0xEE, 0x11, 0x0F, 0xED, 0xEE, 0xEE
    .byte   0xEE, 0xED, 0xEE, 0xEE, 0xFE, 0xFE,  -18, 0x0E, 0x00, 0x01, 0x01, 0x01, 0x11, 0x12, 0x10, 0x00
    .byte   0x11, 0x21, 0x11, 0x0E, 0xFF, 0x00, 0xEF, 0xEE, 0xFE, 0xEF, 0xEF, 0xEE, 0xEF, 0xFF, 0x00, 0x10
    .byte   0x12, 0x12, 0x22, 0x12, 0x22, 0x22, 0x22,    4, 0x02, 0x32, 0x22, 0x22, 0x23, 0x11, 0x11, 0x22
    .byte   0x21, 0xEE, 0x01, 0x00, 0xEE, 0xED, 0xEE, 0xEE, 0xFE, 0xED, 0xEF, 0xEF, 0xEF, 0xEE, 0x00, 0xE2
    .byte   0xF0, 0x01, 0x01, 0x10, 0x20, 0x10, 0x11, 0x11,   -6, 0x0F, 0x00, 0x1F, 0xFF, 0xEF, 0xEF, 0x0F
    .byte   0xEE, 0xEF, 0xE0, 0xEF, 0xEF, 0xFF, 0x01, 0x21, 0x11, 0x22, 0x12, 0x22, 0x22, 0x22, 0x22, 0x31
    .byte   0x22, 0x31, 0x22, 0x22, 0xF2, 0x22, 0x11, 0x0F, 0xEF,   56, 0x00, 0xFE, 0xEE, 0xEE, 0xEE, 0xEE
    .byte   0xEE, 0xEE, 0xEF, 0xEE, 0x0E, 0xFF, 0xFF, 0x0F, 0x01, 0x11, 0x11, 0x02, 0x01, 0x1F, 0x02, 0xF2
    .byte   0x0F, 0x0E, 0xF0, 0xFF, 0x0E, 0xEF, 0xEF, 0xEF, 0x0E, 0xEE,  -41, 0x0E, 0x1F, 0x10, 0x00, 0x20
    .byte   0x20, 0x22, 0x12, 0x22, 0x22, 0x22, 0x22, 0x22, 0x22, 0x22, 0x22, 0x20, 0x2F, 0x22, 0x11, 0x0E
    .byte   0xF1, 0x00, 0xFE, 0xEE, 0xEE, 0xEE, 0xEF, 0xEE, 0xEE, 0xEF, 0xEF,   -9, 0x0E, 0xFF, 0xFF, 0xF0
    .byte   0x10, 0x11, 0x11, 0x10, 0x11, 0x11, 0x1F, 0x01, 0x10, 0x10, 0xEF, 0x0F, 0xE0, 0xEF, 0xFE, 0xEF
    .byte   0xE0, 0xFE, 0x0E, 0xF0, 0x01, 0x00, 0x20, 0x20, 0x22, 0x12, 0x22, 0x22,   -3, 0x02, 0x22, 0x22
    .byte   0x22, 0x22, 0x22, 0x2F, 0x02, 0x22, 0x10, 0xFE, 0x00, 0x11, 0xFE, 0xEE, 0xEE, 0xEF, 0xEE, 0xEE
    .byte   0xEE, 0xFE, 0x0E, 0xFE, 0xFF, 0xFF, 0xF1, 0x0F, 0x11, 0x11, 0x11, 0xF0, 0x11,   -7, 0x01, 0x10
    .byte   0xF1, 0xF0, 0x00, 0xE0, 0xE0, 0xE0, 0xFE, 0xFE, 0xE0, 0xE0, 0xFE, 0x0E, 0x00, 0x11, 0x10, 0x11
    .byte   0x22, 0x21, 0x22, 0x21, 0x22, 0x31, 0x22, 0x22, 0x22, 0x22, 0x20, 0x02, 0x22, 0x11,   53, 0x0E
    .byte   0x11, 0x10, 0xFE, 0xEE, 0xEF, 0xEE, 0xEE, 0xEE, 0xFE, 0xEF, 0xFE, 0xFE, 0xE0, 0x00, 0x0F, 0x0F
    .byte   0x02, 0x01, 0x02, 0x0F, 0x01, 0x02, 0x02, 0xFF, 0xFF, 0xF0, 0x0F, 0xEE, 0xEF, 0x0E, 0x0F,  -27
    .byte   0x0E, 0xEF, 0xE0, 0xFF, 0xFF, 0x01, 0x02, 0x02, 0x02, 0x12, 0x21, 0x22, 0x22, 0x21, 0x22, 0x22
    .byte   0x22, 0x22, 0x21, 0x12, 0x22, 0x10, 0xFF, 0x01, 0x10, 0x0E, 0xEF, 0xEE, 0xFE, 0xEE, 0xEE, 0xEF
    .byte      4, 0x00, 0xEE, 0xFE, 0xE0, 0xF0, 0xFF, 0xF1, 0x01, 0x20, 0x10, 0x00, 0x12, 0xF2, 0x01, 0x00
    .byte   0x0F, 0xFF, 0x0E, 0x0E, 0xFF, 0xFE, 0xEF, 0xEF, 0xEF, 0xEF, 0xFF, 0xFF, 0x01, 0x11, 0x11, 0x20
    .byte   0x22,  -25, 0x02, 0x12, 0x21, 0x23, 0x12, 0x22, 0x21, 0x32, 0x11, 0x22, 0x12, 0x00, 0xFF, 0x11
    .byte   0x1F, 0xE0, 0xEE, 0xFE, 0xEF, 0xEE, 0xFE, 0xE0, 0xEF, 0xFE, 0xFE, 0xFF, 0x0F, 0x0F, 0x00, 0x01
    .byte   0x11, 0x10,   -6, 0x00, 0x12, 0x01, 0xF1, 0x00, 0x00, 0x0F, 0x0E, 0xE0, 0xE0, 0xE0, 0xEE, 0xFE
    .byte   0xFE, 0xFF, 0xFE, 0x0F, 0xF1, 0x10, 0x20, 0x2F, 0x22, 0x12, 0x21, 0x21, 0x22, 0x22, 0x22, 0x23
    .byte   0x21, 0x01, 0x22,   41, 0x02, 0x0E, 0x10, 0x20, 0x1F, 0xFE, 0x0E, 0xEE, 0xEE, 0x0E, 0x0E, 0xEE
    .byte   0xFF, 0x0F, 0xEF, 0xE0, 0xE0, 0xFF, 0x11, 0x2F, 0x10, 0x12, 0x21, 0x0E, 0x01, 0x22, 0x0E, 0xFE
    .byte   0x00, 0x1E, 0xFE, 0xFE,  -17, 0x0E, 0xEF, 0xE0, 0xEE, 0xFE, 0xFF, 0x11, 0x10, 0x00, 0x21, 0x12
    .byte   0x21, 0x21, 0x12, 0x22, 0x22, 0x32, 0x32, 0x11, 0x12, 0x22, 0x11, 0xF0, 0x12, 0x11, 0x0F, 0x0E
    .byte   0xEF, 0xEE, 0xFF, 0xEF, 0xEE,   14, 0x0E, 0xF0, 0xEF, 0xEF, 0xE0, 0xE0, 0x1F, 0xF1, 0x1F, 0x01
    .byte   0x10, 0x00, 0x20, 0x01, 0x01, 0x00, 0x00, 0xF0, 0xFF, 0xFE, 0x0E, 0x0F, 0xEF, 0xEE, 0x0E, 0x0F
    .byte   0xFF, 0xF0, 0xF0, 0x11, 0x00, 0x20,  -28, 0x01, 0x02, 0x22, 0x22, 0x22, 0x22, 0x22, 0x21, 0x12
    .byte   0x21, 0x21, 0x02, 0x01, 0x00, 0x0F, 0xFF, 0x0E, 0xE0, 0xE0, 0xEF, 0xEF, 0xEF, 0xFE, 0x0E, 0x0E
    .byte   0x0F, 0xEF, 0xF0, 0x00, 0x00, 0x00, 0x01,   -5, 0x01, 0x11, 0xF1, 0x11, 0x00, 0x1F, 0xFF, 0xF0
    .byte   0xE0, 0x0E, 0x0E, 0xE0, 0xE0, 0xFE, 0xFF, 0xFF, 0xFF, 0x00, 0x00, 0x11, 0x11, 0x11, 0x21, 0x22
    .byte   0x12, 0x22, 0x12, 0x22, 0x12, 0x12, 0x22, 0x2F,   33, 0x01, 0x12, 0x01, 0xF0, 0x00, 0xFE, 0x0E
    .byte   0x0E, 0xF0, 0xE0, 0xEF, 0xFE, 0x0E, 0x0E, 0x0E, 0xFF, 0xFF, 0x0F, 0xF0, 0x00, 0x00, 0x00, 0x00
    .byte   0x11, 0x0F, 0x00, 0x00, 0x10, 0xFF, 0xF1, 0xF0, 0xEF,  -14, 0x0F, 0xF0, 0xE0, 0xFF, 0xFF, 0xF0
    .byte   0x0F, 0x01, 0xF0, 0x11, 0x11, 0x10, 0x21, 0x02, 0x20, 0x21, 0x22, 0x11, 0x20, 0x20, 0x21, 0x10
    .byte   0x20, 0x1F, 0x11, 0x1F, 0x0F, 0xFF, 0xF0, 0xE0, 0xFF, 0xF0,   15, 0x00, 0xEF, 0xFF, 0x0E, 0xF0
    .byte   0xFF, 0xFF, 0xFF, 0x0F, 0x00, 0x1F, 0x00, 0xF1, 0x01, 0xF0, 0x00, 0x00, 0xF1, 0xF0, 0xFF, 0x0F
    .byte   0x0F, 0x0F, 0x00, 0xFF, 0xFF, 0x0F, 0x0F, 0x01, 0xF1, 0xF1, 0x00,  -15, 0x00, 0x10, 0x11, 0x11
    .byte   0x02, 0x00, 0x20, 0x21, 0x02, 0x01, 0x11, 0x11, 0x11, 0x10, 0x00, 0x01, 0x00, 0x00, 0xFF, 0x0F
    .byte   0xFF, 0xFF, 0x0F, 0xFF, 0xF0, 0xF0, 0xFF, 0x0F, 0x0F, 0x0F, 0x0F, 0x00,   -2, 0x00, 0x10, 0x00
    .byte   0x01, 0xF0, 0x00, 0x10, 0x0F, 0x10, 0x0F, 0x10, 0xF0, 0xF0, 0x0F, 0xF0, 0xF0, 0x00, 0x0F, 0x0F
    .byte   0x10, 0xF0, 0xF0, 0x10, 0x00, 0x01, 0x10, 0x11, 0x01, 0xF1, 0x01, 0x10, 0x11,    2, 0x00, 0x10
    .byte   0x01, 0x0F, 0x01, 0xF1, 0xF0, 0xF0, 0x0F, 0x00, 0xF1, 0x0F, 0xF0, 0x00, 0x00, 0x01, 0xF0, 0x01
    .byte   0x00, 0x00, 0x01, 0x10, 0x00, 0x1F, 0x10, 0x00, 0x00, 0x1F, 0x1F, 0x0F, 0x1F, 0x00,    2, 0x00
    .byte   0x0F, 0x00, 0xF1, 0xF0, 0x00, 0x0F, 0x0F, 0x1F, 0xF1, 0x0F, 0x10, 0x0F, 0x10, 0x01, 0x00, 0x00
    .byte   0x01, 0x00, 0x1F, 0x00, 0x1F, 0x10, 0x00, 0x00, 0x00, 0xF1, 0x0F, 0x00, 0x00, 0xF1, 0xF0,   -1
    .byte   0x00, 0x0F, 0x1F, 0x01, 0xF0, 0x1F, 0x10, 0x00, 0x01, 0xF1, 0x00, 0x01, 0x00, 0x1F, 0x01, 0x00
    .byte   0x0F, 0x01, 0x00, 0x00, 0xF0, 0x01, 0xF0, 0x00, 0x00, 0x00, 0xF0, 0x00, 0xF0, 0x00, 0x00, 0x00
    .byte     -1, 0x00, 0xF1, 0x1F, 0x00, 0x1F, 0x10, 0x0F, 0x10, 0xF1, 0x00, 0x00, 0x0F, 0x11, 0xF1, 0x0F
    .byte   0x00, 0x00, 0x00, 0xF1, 0xF1, 0x0F, 0x00, 0x1F, 0xF1, 0x10, 0xF1, 0xF0, 0x00, 0x00, 0x00, 0xF1
    .byte   0x1F,   -2, 0x01, 0x10, 0x00, 0x01, 0xF0, 0x00, 0x1F, 0x10, 0x00, 0x0F, 0x01, 0x0F, 0x01, 0xF1
    .byte   0xF0, 0x1F, 0x00, 0x00, 0x00, 0xF0, 0x10, 0xF0, 0x1F, 0x01, 0xF1, 0x0F, 0x00, 0xF1, 0x01, 0xF1
    .byte   0x00, 0xF1,    0, 0x00, 0x00, 0x00, 0x00, 0x01, 0xF0, 0x1F, 0x00, 0x00, 0x1F, 0x00, 0x00, 0x00
    .byte   0x00, 0x00, 0x0F, 0x10, 0xF0, 0x10, 0x00, 0x1F, 0x01, 0xF0, 0x01, 0xF1, 0xF0, 0x1F, 0x10, 0xF1
    .byte   0x00, 0xF1, 0x0F,    2, 0x0F, 0x0F, 0x00, 0x1F, 0x1F, 0x00, 0x00, 0x1F, 0xF1, 0xF0, 0x1F, 0x00
    .byte   0x00, 0x00, 0x01, 0xF0, 0x01, 0x0F, 0x01, 0xF1, 0x00, 0x0F, 0x10, 0x00, 0x00, 0x01, 0x0F, 0x01
    .byte   0xF0, 0x10, 0x00, 0xF1,    0, 0x01, 0xF0, 0x00, 0x1F, 0xF0, 0x00, 0x00, 0x10, 0xF1, 0xF0, 0xF1
    .byte   0x01, 0x00, 0xF1, 0xF1, 0x00, 0xFF, 0x00, 0x00, 0x00, 0x0F, 0x20, 0x42, 0xBC, 0x35, 0x3C, 0xD3
    .byte   0x43, 0xFE, 0xDC, 0xEE, 0x22,   -3, 0x0D, 0xD2, 0x33, 0xDB, 0x15, 0x5F, 0xED, 0xFF, 0x2E, 0x1F
    .byte   0xE0, 0xD1, 0x24, 0x3C, 0xBE, 0x03, 0xEC, 0xDE, 0x45, 0x43, 0x20, 0xCC, 0x12, 0xF0, 0x32, 0x2D
    .byte   0xDE, 0xE1, 0x11, 0x23, 0x2E, 0xDD,  -20, 0x03, 0x33, 0x23, 0xEF, 0xE0, 0x0E, 0xEE, 0x02, 0x22
    .byte   0xFE, 0xED, 0xE2, 0x33, 0x21, 0xED, 0xE0, 0x02, 0x33, 0xFE, 0xED, 0xE2, 0x12, 0x2F, 0xFE, 0xEF
    .byte   0x22, 0x1F, 0xEF, 0x12, 0xDE, 0x13, 0x32,   15, 0x0D, 0xDE, 0x23, 0x3F, 0xFD, 0xDE, 0x12, 0x22
    .byte   0x21, 0x2F, 0xDD, 0xE0, 0x14, 0x31, 0xDC, 0xE2, 0x11, 0x31, 0x12, 0x0E, 0xCE, 0x11, 0x23, 0x32
    .byte   0x1E, 0xDD, 0xD0, 0x23, 0x42, 0x0D, 0xED, 0xED,  -20, 0x03, 0x44, 0xFE, 0xCD, 0xDF, 0xF3, 0x33
    .byte   0x32, 0xDC, 0xDD, 0xE3, 0x34, 0x32, 0xDD, 0xCD, 0xE3, 0x44, 0x3E, 0xEE, 0xCC, 0xE1, 0x44, 0x42
    .byte   0xDB, 0xCD, 0x13, 0x44, 0x41, 0xDC, 0xCD, 0x23, 0x44,   24, 0x0D, 0xCD, 0xDE, 0x34, 0x42, 0x0C
    .byte   0xCC, 0xF4, 0x44, 0x1D, 0xDD, 0xD1, 0x23, 0x32, 0x0D, 0xCE, 0x03, 0x33, 0x2F, 0xDD, 0xEF, 0x22
    .byte   0x32, 0x1D, 0xEE, 0xEE, 0x23, 0x22, 0xFE, 0xED, 0x12, 0x33,   19, 0x0E, 0xCD, 0xEF, 0x23, 0x32
    .byte   0xFE, 0xDE, 0xE0, 0x13, 0x31, 0x2F, 0xDD, 0xDE, 0x24, 0x42, 0xEE, 0xDC, 0xC1, 0x34, 0x53, 0xCB
    .byte   0xEF, 0x22, 0x34, 0x3F, 0xCC, 0xCD, 0x23, 0x44, 0x3E, 0xCC, 0xD2,   -9, 0x04, 0x32, 0xED, 0xDD
    .byte   0xFF, 0x24, 0x32, 0x1D, 0xBC, 0x03, 0x54, 0x0D, 0xDD, 0x0F, 0x02, 0x33, 0x2D, 0xDD, 0xD2, 0x33
    .byte   0x21, 0xDD, 0xDE, 0x34, 0x31, 0x1E, 0xDE, 0x00, 0x20, 0x11, 0xED, 0xD2,   -6, 0x03, 0x31, 0xFE
    .byte   0xDE, 0x03, 0x3F, 0xED, 0xD1, 0x22, 0x2F, 0xFF, 0xEF, 0xE1, 0x13, 0x20, 0x1D, 0xE1, 0x23, 0x22
    .byte   0xEE, 0xED, 0xE0, 0x12, 0x10, 0xEE, 0x13, 0x22, 0x11, 0xFE, 0xEF, 0x12, 0x0E,   -6, 0x0E, 0x13
    .byte   0x30, 0xEE, 0xEE, 0x10, 0xF2, 0x22, 0xFE, 0xD2, 0x32, 0x20, 0xED, 0xE0, 0xE0, 0x22, 0x20, 0xFE
    .byte   0xE2, 0x21, 0x0F, 0x01, 0x0E, 0xEF, 0x22, 0x21, 0xFF, 0xEE, 0xEE, 0x22, 0x3F, 0xED,  -12, 0x01
    .byte   0x32, 0x22, 0xEE, 0xEE, 0x22, 0x31, 0xEE, 0xDE, 0xF2, 0x22, 0x0E, 0xEF, 0x01, 0x22, 0x22, 0xFE
    .byte   0xE1, 0xFF, 0x01, 0x11, 0x0E, 0xEF, 0x22, 0x2E, 0xEF, 0x12, 0xFF, 0xF2, 0x2E, 0xE0, 0x12,    8
    .byte   0x01, 0xED, 0x01, 0x10, 0x02, 0x0E, 0xDE, 0x14, 0x31, 0xDD, 0xE1, 0x23, 0x10, 0xEE, 0xEF, 0x23
    .byte   0x32, 0xDC, 0xE2, 0x42, 0xFD, 0xDD, 0x22, 0x32, 0x1E, 0xDD, 0x13, 0x42, 0xED, 0xC0, 0x14, 0x31
    .byte     11, 0x0D, 0xEE, 0x12, 0x22, 0xED, 0xD0, 0x33, 0x3E, 0xED, 0xF1, 0x32, 0x0E, 0xDD, 0x02, 0x33
    .byte   0x2E, 0xDD, 0xE3, 0x33, 0x1D, 0xDE, 0x13, 0x32, 0xFD, 0xD0, 0x22, 0x30, 0xEE, 0xDF, 0x02, 0x22
    .byte   0xED,   -7, 0x02, 0x32, 0x1F, 0xDE, 0xF2, 0x21, 0xFE, 0xEF, 0x12, 0x10, 0xED, 0x01, 0x22, 0xFE
    .byte   0xED, 0x03, 0x31, 0xFD, 0xD0, 0x13, 0x2E, 0xEE, 0x02, 0x32, 0x10, 0x11, 0x12, 0x23, 0x20, 0x01
    .byte   0x23, 0x32,   48, 0x0F, 0x00, 0xFF, 0xEE, 0xEE, 0xEE, 0xEE, 0xFE, 0xEF, 0xFE, 0xEF, 0xEE, 0xE0
    .byte   0xEE, 0xEE, 0xEE, 0xEE, 0xFF, 0xEE, 0xFF, 0x02, 0x00, 0x0E, 0x01, 0x33, 0x0E, 0xF3, 0x45, 0x44
    .byte   0x45, 0x42, 0xD0,   95, 0x04, 0xEC, 0xBC, 0xF1, 0xED, 0xDD, 0xCD, 0xDE, 0x23, 0xFD, 0xE3, 0x44
    .byte   0x2E, 0xF2, 0x2F, 0xED, 0xEE, 0xED, 0xDF, 0x11, 0xEE, 0xF1, 0x21, 0x11, 0x11, 0x1E, 0xFE, 0xED
    .byte   0xDD, 0xED, 0xDD, 0xEE,  -94, 0x00, 0xE1, 0x03, 0x44, 0x45, 0x56, 0x65, 0x20, 0x32, 0x1E, 0xCB
    .byte   0xCD, 0xEC, 0xCD, 0xCD, 0xCE, 0x12, 0x0E, 0x03, 0x44, 0x40, 0x03, 0x42, 0xEE, 0xDD, 0xED, 0xDE
    .byte   0xDE, 0xDE, 0xE3, 0x23, 0x12,    7, 0x03, 0x31, 0x1E, 0xDE, 0xDD, 0xDC, 0xCC, 0xED, 0xDD, 0xFE
    .byte   0xFF, 0x03, 0x21, 0x14, 0x55, 0x44, 0x67, 0x5D, 0xD3, 0x40, 0xFA, 0xBC, 0x2E, 0xBC, 0xCD, 0xDD
    .byte   0x12, 0xEE, 0x02, 0x44, 0x41, 0x13,   44, 0x03, 0xEE, 0xEE, 0xED, 0xFD, 0xDD, 0xD1, 0x11, 0xEE
    .byte   0x23, 0x41, 0x21, 0x22, 0x2E, 0xDD, 0xDD, 0xDC, 0xCD, 0xCE, 0xD0, 0xDE, 0x02, 0x31, 0xF1, 0x44
    .byte   0x33, 0x54, 0x56, 0x62, 0xD2, 0x43, 0x1C,   81, 0x0C, 0xE1, 0xCC, 0xCD, 0xDD, 0xE1, 0xDD, 0xD3
    .byte   0x33, 0x30, 0x24, 0x42, 0xFF, 0x22, 0xFE, 0xDD, 0xEF, 0xE1, 0xDD, 0xEF, 0x32, 0xFE, 0x23, 0x32
    .byte   0x1E, 0xEE, 0xFD, 0xCD, 0xCE, 0xCD, 0xDE, 0xDE,  -99, 0x00, 0x13, 0x21, 0x22, 0x33, 0x34, 0x43
    .byte   0x56, 0x6E, 0xD3, 0x54, 0xEB, 0xBD, 0x30, 0xCC, 0xCD, 0xEF, 0xED, 0xCC, 0x14, 0x2D, 0xD3, 0x44
    .byte   0x3E, 0x12, 0x33, 0xFE, 0xDE, 0xF2, 0xFD, 0xDD, 0x22,   -1, 0x0D, 0xF1, 0x32, 0x22, 0x2F, 0xF0
    .byte   0xFD, 0xCC, 0xFD, 0xCC, 0xDE, 0xFF, 0xEE, 0xF3, 0x1E, 0x23, 0x22, 0x24, 0x43, 0x45, 0x65, 0xD2
    .byte   0x54, 0x3D, 0xB2, 0xDD, 0x0C, 0xDC, 0xC2, 0x1D, 0xDB, 0x03,  -12, 0x0E, 0xEF, 0x23, 0x33, 0x1F
    .byte   0x13, 0x32, 0xED, 0xF2, 0x2E, 0xDD, 0xFF, 0x1F, 0x0E, 0xF2, 0x23, 0x1E, 0xF0, 0x1E, 0xDC, 0xDD
    .byte   0xDC, 0xDD, 0xDE, 0xF1, 0xFE, 0x13, 0x10, 0x12, 0x12, 0x34, 0x34,   -7, 0x04, 0x65, 0xD4, 0x43
    .byte   0x4C, 0xE2, 0xCF, 0xFC, 0xFC, 0xD2, 0xDE, 0xDC, 0x1E, 0xEE, 0xEE, 0x0E, 0x31, 0x0F, 0xF3, 0x3E
    .byte   0xFF, 0x22, 0x0E, 0x0E, 0x01, 0x20, 0xE1, 0x22, 0x20, 0x10, 0xEF, 0xFD,   -4, 0x0D, 0xCE, 0xDC
    .byte   0xCD, 0xED, 0xF1, 0xFE, 0xE2, 0x32, 0xF2, 0x13, 0x23, 0x42, 0x44, 0x56, 0x3E, 0x44, 0x42, 0xCE
    .byte   0x2D, 0x2F, 0xE0, 0xCE, 0x3E, 0xDD, 0xDE, 0xED, 0xED, 0xDE, 0xE2, 0x1D, 0xE2,   -8, 0x02, 0xFE
    .byte   0xF1, 0x21, 0x12, 0xEF, 0x30, 0x21, 0x01, 0x22, 0x2F, 0x0E, 0x1E, 0xED, 0xDD, 0xDC, 0xED, 0xCE
    .byte   0xDE, 0xEE, 0xEF, 0x0F, 0x10, 0x21, 0x12, 0x23, 0x33, 0x43, 0x55, 0x33, 0x44, 0x43,   87, 0x03
    .byte   0x2D, 0x33, 0xE0, 0xE1, 0x1E, 0xDF, 0xDD, 0xCE, 0xDD, 0xDD, 0xD0, 0xD0, 0xEE, 0xEE, 0x1F, 0xFF
    .byte   0x02, 0x12, 0x20, 0x12, 0x12, 0x11, 0x20, 0x22, 0x0F, 0xFE, 0xFF, 0xDE, 0xDE, 0xDD, 0xDD,  -63
    .byte   0x0D, 0xDE, 0xDE, 0xEE, 0x00, 0x10, 0x21, 0x12, 0x22, 0x23, 0x34, 0x44, 0x44, 0x43, 0x44, 0x33
    .byte   0x23, 0x32, 0x31, 0x10, 0x00, 0x00, 0xDD, 0xDD, 0xCD, 0xDD, 0xDD, 0xDE, 0xDD, 0xCE, 0xDE, 0xDF
    .byte    -48, 0x0F, 0x02, 0x12, 0x21, 0x22, 0x22, 0x12, 0x21, 0x22, 0x11, 0x1F, 0xF1, 0xDE, 0xDE, 0xDD
    .byte   0xDD, 0xED, 0xED, 0xEE, 0xEE, 0x11, 0x11, 0x11, 0x22, 0x33, 0x24, 0x44, 0x44, 0x44, 0x43, 0x42
    .byte   0x33,  115, 0x03, 0x11, 0x10, 0x00, 0x0F, 0x0D, 0xCD, 0xDD, 0xDC, 0xDD, 0xED, 0xDC, 0xDD, 0xDE
    .byte   0xDE, 0x0E, 0x12, 0x21, 0x22, 0x12, 0x22, 0x12, 0x22, 0x31, 0x20, 0x20, 0xFE, 0xED, 0xED, 0xED
    .byte   0xDD, 0xDD,  -78, 0x0E, 0xDF, 0xEE, 0x0F, 0x1F, 0x11, 0x12, 0x13, 0x34, 0x44, 0x44, 0x44, 0x43
    .byte   0x33, 0x42, 0x34, 0x11, 0x00, 0x00, 0x00, 0xFD, 0xDC, 0xDD, 0xDD, 0xDC, 0xED, 0xDC, 0xDD, 0xDD
    .byte   0xEE, 0xEE, 0x02,  -52, 0x01, 0x22, 0x22, 0x22, 0x22, 0x22, 0x32, 0x22, 0x2F, 0x1F, 0xEE, 0xED
    .byte   0xDD, 0xED, 0xDD, 0xDE, 0xDE, 0xED, 0xFF, 0xE0, 0x0F, 0x02, 0x22, 0x33, 0x44, 0x44, 0x44, 0x43
    .byte   0x34, 0x32, 0x43, 0x40,  127, 0x00, 0x00, 0x00, 0xFE, 0xDD, 0xDD, 0xDD, 0xCD, 0xDD, 0xDD, 0xCD
    .byte   0xDD, 0xED, 0xEE, 0xE1, 0x02, 0x10, 0x22, 0x22, 0x31, 0x32, 0x32, 0x23, 0x02, 0x20, 0x0F, 0xEE
    .byte   0xED, 0xDD, 0xDD, 0xDD, 0xED,  -77, 0x0E, 0xEE, 0xEE, 0xEF, 0xF0, 0x12, 0x23, 0x34, 0x44, 0x34
    .byte   0x44, 0x33, 0x43, 0x34, 0x34, 0x21, 0x00, 0x00, 0x00, 0xED, 0xDD, 0xDD, 0xDD, 0xDD, 0xDD, 0xDC
    .byte   0xDD, 0xDD, 0xDE, 0xDF, 0xFF, 0x1F,  -62, 0x02, 0x12, 0x23, 0x22, 0x33, 0x32, 0x32, 0x30, 0x21
    .byte   0x1E, 0xEE, 0xED, 0xED, 0xDD, 0xDD, 0xDD, 0xDE, 0xED, 0xED, 0xFE, 0x00, 0x12, 0x23, 0x44, 0x34
    .byte   0x44, 0x34, 0x43, 0x34, 0x34, 0x34, 0x20,  127, 0x00, 0x00, 0x00, 0xED, 0xED, 0xDD, 0xDD, 0xDD
    .byte   0xDD, 0xCC, 0xDD, 0xDD, 0xDD, 0xD0, 0xE0, 0xFF, 0x02, 0x12, 0x22, 0x33, 0x33, 0x33, 0x32, 0x32
    .byte   0x22, 0xF0, 0xFF, 0xEE, 0xED, 0xDD, 0xDD, 0xCD,  -61, 0x0D, 0xDD, 0xED, 0xEE, 0xE1, 0xF2, 0x33
    .byte   0x43, 0x43, 0x43, 0x44, 0x33, 0x43, 0x44, 0x33, 0x33, 0x00, 0x00, 0xFD, 0xED, 0xED, 0xED, 0xDD
    .byte   0xDD, 0xDC, 0xDC, 0xDD, 0xDD, 0xDE, 0xD0, 0xEE, 0xFF,  -76, 0x02, 0x12, 0x32, 0x33, 0x33, 0x33
    .byte   0x33, 0x22, 0x31, 0x21, 0x11, 0xEE, 0xED, 0xDD, 0xDD, 0xCD, 0xDD, 0xDD, 0xDE, 0xDE, 0xEE, 0x02
    .byte   0x23, 0x33, 0x43, 0x43, 0x43, 0x43, 0x34, 0x34, 0x34, 0x32,  119, 0x02, 0x0F, 0xEE, 0xDE, 0xDE
    .byte   0xED, 0xDD, 0xED, 0xDC, 0xDC, 0xDD, 0xDE, 0xDD, 0xFE, 0xEF, 0xEF, 0xF0, 0x12, 0x22, 0x33, 0x33
    .byte   0x33, 0x32, 0x32, 0x31, 0x22, 0x22, 0x00, 0xFE, 0xED, 0xED, 0xDD,  -13, 0x0D, 0xDD, 0xDD, 0xDE
    .byte   0xDE, 0xED, 0xFF, 0x02, 0x23, 0x33, 0x34, 0x33, 0x43, 0x33, 0x43, 0x43, 0x33, 0x32, 0x22, 0x2E
    .byte   0xEE, 0xEE, 0xDE, 0xDD, 0xDD, 0xED, 0xDD, 0xCD, 0xDD, 0xDE, 0xDE, 0xEE,  -65, 0x0F, 0xFF, 0x00
    .byte   0x21, 0x22, 0x32, 0x23, 0x32, 0x33, 0x32, 0x23, 0x12, 0x22, 0x11, 0x11, 0xFF, 0xEE, 0xED, 0xED
    .byte   0xED, 0xDE, 0xDE, 0xDE, 0xEE, 0xEE, 0xEF, 0xFF, 0xF0, 0x12, 0x12, 0x23, 0x23,  -24, 0x03, 0x32
    .byte   0x33, 0x32, 0x23, 0x32, 0x32, 0x22, 0x12, 0xFF, 0xEE, 0xED, 0xEE, 0xDE, 0xED, 0xED, 0xED, 0xED
    .byte   0xEE, 0xDE, 0xEE, 0xEF, 0xFF, 0x00, 0x12, 0x02, 0x22, 0x22, 0x22, 0x22, 0x23, 0x12,   15, 0x02
    .byte   0x20, 0x21, 0x1F, 0x00, 0xFF, 0xFF, 0xFE, 0xEF, 0xEE, 0xEE, 0xEF, 0xEE, 0x0F, 0xEF, 0xFF, 0xF0
    .byte   0x00, 0xF0, 0x20, 0x22, 0x12, 0x21, 0x22, 0x21, 0x20, 0x21, 0x01, 0x10, 0xFF, 0xF0, 0xEF,   10
    .byte   0x0F, 0xEF, 0xFE, 0x0E, 0x0F, 0xE0, 0xF0, 0xF1, 0x10, 0xF1, 0x10, 0x11, 0x11, 0x11, 0x10, 0x11
    .byte   0x1F, 0x11, 0x01, 0x01, 0x0F, 0x11, 0xF0, 0x1F, 0xF1, 0x01, 0x00, 0x00, 0x21, 0x3B, 0xD2, 0xE3
    .byte     -1, 0x03, 0xED, 0xD2, 0x21, 0x1E, 0xFE, 0x02, 0x32, 0xEE, 0x01, 0x32, 0x2E, 0xE1, 0xD3, 0x20
    .byte   0x1D, 0x11, 0x21, 0x1F, 0xEE, 0x02, 0xE2, 0xD0, 0x1E, 0x2E, 0x3D, 0xFF, 0xF1, 0x2F, 0xE1, 0xE2
    .byte   0x20,   -1, 0x0F, 0xE2, 0xE2, 0x2E, 0x3C, 0x4E, 0x12, 0xD3, 0xD2, 0x2F, 0x02, 0xDF, 0x21, 0xE2
    .byte   0xD0, 0x2D, 0x4C, 0x3D, 0x2E, 0x20, 0xF2, 0xD3, 0xC5, 0xB4, 0x0D, 0x3E, 0x2E, 0x3D, 0x22, 0xE3
    .byte   0xE0, 0x2E,    1, 0x02, 0x3C, 0x4D, 0x2D, 0x3F, 0xD4, 0xB4, 0xD2, 0x2E, 0x2C, 0x4D, 0x3E, 0xD4
    .byte   0xB5, 0xB5, 0xC3, 0xEE, 0x3C, 0x5B, 0x4E, 0x02, 0xF0, 0x1F, 0x3C, 0x4D, 0x2E, 0x2F, 0xE3, 0xC4
    .byte   0xD3, 0xEF, 0x2D,    7, 0x0F, 0xE1, 0xFF, 0xF1, 0xE3, 0xC4, 0xC3, 0xE1, 0x3C, 0x4C, 0x3D, 0x4C
    .byte   0x3F, 0xE3, 0xD4, 0xC3, 0xD1, 0x3D, 0x3D, 0x3E, 0x02, 0xE2, 0xE2, 0xE1, 0x12, 0xE0, 0x2D, 0x4C
    .byte   0x3E, 0xE3, 0xD3, 0xD3,   -5, 0x02, 0x1D, 0x4C, 0x4C, 0x22, 0xE3, 0xD3, 0xD2, 0xEF, 0x3D, 0x3C
    .byte   0x4D, 0x3F, 0x01, 0xD3, 0xD4, 0xD2, 0xD3, 0xE1, 0x2E, 0x2D, 0x3D, 0x3F, 0x0E, 0x11, 0xE2, 0x01
    .byte   0xEF, 0x01, 0x01, 0x0E, 0x01,   -1, 0x00, 0x10, 0xE3, 0xD2, 0xF1, 0x0F, 0x2D, 0x4C, 0x3D, 0x30
    .byte   0xD4, 0xC3, 0xD3, 0xE2, 0xE1, 0x1D, 0x3E, 0x12, 0xD3, 0xD3, 0x0D, 0x3D, 0x3D, 0x3D, 0x4C, 0x4C
    .byte   0x23, 0xC4, 0xD2, 0xE2, 0xF0, 0xE3,   -8, 0x04, 0xD0, 0x20, 0xE2, 0xE2, 0xF0, 0x0E, 0x2E, 0x3D
    .byte   0x3D, 0x3D, 0x13, 0xC4, 0xC4, 0xEF, 0xFF, 0x2D, 0x4C, 0x3D, 0x3D, 0x22, 0xD4, 0xC3, 0xFD, 0x4C
    .byte   0x22, 0xD4, 0xC3, 0xEF, 0x2E, 0x2E, 0x3D,    3, 0x0D, 0x2F, 0x3D, 0x12, 0xD3, 0xD3, 0xD2, 0x2E
    .byte   0x3D, 0x2E, 0x2E, 0x11, 0xE2, 0x1E, 0x03, 0xC4, 0xC4, 0xC2, 0x4B, 0x5C, 0x3E, 0x2E, 0x2D, 0x30
    .byte   0xE3, 0xC5, 0xB4, 0xEE, 0x2E, 0x22, 0xD3, 0xEC,   22, 0x0A, 0x6B, 0x3F, 0xE3, 0xC5, 0xB3, 0xE2
    .byte   0xE3, 0xD2, 0xE2, 0xEF, 0x3D, 0x3C, 0x14, 0xC4, 0xDE, 0x3C, 0x4E, 0xF3, 0xC4, 0xC2, 0x4C, 0x3E
    .byte   0xD4, 0xC3, 0x2C, 0x4D, 0x03, 0xE1, 0x0E, 0xFF, 0x3C,    5, 0x0D, 0xD5, 0xB5, 0xC2, 0xFF, 0xE3
    .byte   0xEE, 0x3C, 0x4C, 0x5B, 0x5B, 0x4F, 0xD4, 0xC5, 0xA5, 0xD2, 0xF0, 0xE3, 0xD2, 0x1D, 0x4D, 0x1E
    .byte   0x30, 0xC5, 0xB3, 0x3C, 0x4C, 0x4D, 0xF1, 0xFD, 0x5B, 0x32,  -13, 0x05, 0xC3, 0x2C, 0x31, 0xD4
    .byte   0xB5, 0xB3, 0x5A, 0x6B, 0x3E, 0x03, 0xC4, 0xC2, 0x3E, 0x01, 0xF1, 0xE2, 0x11, 0xD3, 0xDE, 0x4C
    .byte   0x31, 0xFF, 0x2E, 0xE3, 0xD2, 0xD4, 0xC3, 0x2D, 0x4B, 0x5C, 0x22,   -4, 0x03, 0xD0, 0x4B, 0x42
    .byte   0xB5, 0xDF, 0x3D, 0xF3, 0xE1, 0x2E, 0x2C, 0x5C, 0xF4, 0xA6, 0xCD, 0x5C, 0xF2, 0xD3, 0x0E, 0x3C
    .byte   0x4D, 0x14, 0xB4, 0xEE, 0x3F, 0x2C, 0x3D, 0x22, 0x4B, 0x4D, 0xD5, 0xB5,   -6, 0x02, 0x0D, 0x5B
    .byte   0x6A, 0x30, 0xD5, 0xB5, 0xB4, 0xB5, 0xD2, 0x4B, 0x4C, 0x4D, 0x5A, 0x4F, 0xB6, 0xB5, 0xB4, 0xDD
    .byte   0x5D, 0x10, 0xD1, 0x3E, 0x21, 0xDE, 0x30, 0x22, 0xFC, 0x3D, 0x24, 0xC2, 0xEE,   -9, 0x05, 0xC2
    .byte   0xD1, 0xEE, 0x6A, 0x5E, 0xB5, 0xC2, 0x4C, 0xF0, 0xE3, 0x2D, 0x4B, 0x4E, 0x14, 0xB5, 0xB3, 0xE3
    .byte   0xFD, 0x3E, 0xE3, 0xED, 0x5B, 0x33, 0xB4, 0xE2, 0xD3, 0xFE, 0x3D, 0x3E, 0x2C, 0x4C,   -4, 0x02
    .byte   0x11, 0x2D, 0x3E, 0x0F, 0x2E, 0xC5, 0xB4, 0x1F, 0x2D, 0x3C, 0x4F, 0xE3, 0xC2, 0xE3, 0xF3, 0xDC
    .byte   0x5B, 0x35, 0xB3, 0x2B, 0x5D, 0x22, 0xD2, 0xD3, 0x2D, 0x32, 0xB5, 0xC2, 0x4B, 0x5B, 0x4D,    1
    .byte   0x03, 0xC5, 0xB2, 0x2D, 0x32, 0xE1, 0xD2, 0x3C, 0x4E, 0xE2, 0xD2, 0x00, 0x1E, 0x4B, 0x43, 0xA7
    .byte   0xA3, 0x2C, 0x5C, 0x4D, 0x2D, 0xE4, 0xEF, 0xD3, 0xC4, 0xEF, 0x3D, 0xFF, 0x3E, 0x3E, 0xC4, 0xC4
    .byte      4, 0x0E, 0x3C, 0x3E, 0x03, 0xD2, 0xD0, 0x3E, 0x4C, 0x1F, 0xD4, 0xD3, 0xEE, 0x01, 0x13, 0xE0
    .byte   0x1C, 0x30, 0xF3, 0xD2, 0xE1, 0x3F, 0x1D, 0x1E, 0xF3, 0xE2, 0xFF, 0xF2, 0xE1, 0x3C, 0x3F, 0xC4
    .byte   0xE2,    6, 0x02, 0xED, 0x2D, 0x3F, 0xD3, 0xEF, 0x24, 0xD2, 0xED, 0x2E, 0xF2, 0xFE, 0x21, 0xE2
    .byte   0x2F, 0x0E, 0xFE, 0x30, 0xE2, 0xD1, 0x3E, 0x3E, 0xEF, 0xF0, 0x2E, 0x0F, 0xF0, 0x22, 0xFE, 0xE0
    .byte   0x12, 0xE2,    1, 0x0E, 0x2F, 0x02, 0x0E, 0xFE, 0x21, 0x1E, 0x11, 0xF1, 0x2F, 0xFE, 0x00, 0x21
    .byte   0x01, 0xE0, 0x11, 0x2E, 0xEF, 0xF0, 0x3F, 0xE0, 0xE2, 0x21, 0xFF, 0xE0, 0x12, 0x11, 0xEF, 0xF0
    .byte   0x21, 0xFE, 0xFF,    0, 0x02, 0x1F, 0xF0, 0xE2, 0x10, 0xFE, 0xF0, 0x12, 0xEE, 0xFF, 0x02, 0xFE
    .byte   0xEE, 0x12, 0x10, 0xEF, 0xF1, 0x22, 0x21, 0x02, 0x23, 0x22, 0x10, 0x11, 0x01, 0xED, 0xEE, 0x0E
    .byte   0xFF, 0x00, 0x20, 0x21,   10, 0x02, 0x11, 0x2E, 0xEE, 0xDF, 0xEE, 0xDD, 0xCD, 0xDD, 0xED, 0xE0
    .byte   0x26, 0x53, 0x54, 0x35, 0x33, 0x4D, 0xCE, 0xDD, 0xEC, 0xBC, 0xCC, 0x12, 0xD1, 0x12, 0x54, 0x34
    .byte   0x4F, 0x33, 0x11, 0xDC, 0xDC,   -9, 0x0D, 0xDC, 0xDC, 0xE2, 0x31, 0x44, 0x34, 0x44, 0x43, 0xF0
    .byte   0x0D, 0xDD, 0xCC, 0xCC, 0xEE, 0xE1, 0x12, 0x34, 0x43, 0x42, 0x32, 0x1F, 0xFC, 0xDD, 0xDC, 0xDD
    .byte   0xEF, 0x02, 0x33, 0x23, 0x33, 0x32,   27, 0x00, 0xEE, 0xEE, 0xED, 0xDD, 0xF0, 0xF0, 0x12, 0x31
    .byte   0x33, 0x12, 0x11, 0x1F, 0xFE, 0xFE, 0xEE, 0x00, 0x0E, 0x00, 0xFF, 0x0F, 0xF0, 0xE1, 0x12, 0x12
    .byte   0x20, 0x21, 0x22, 0xFF, 0xE0, 0x0E, 0x0E,    0, 0x0E, 0xF0, 0x0F, 0xFF, 0x01, 0x11, 0x21, 0x11
    .byte   0x21, 0x10, 0x1F, 0x0E, 0xFE, 0x0E, 0xFF, 0xFF, 0xF0, 0x20, 0x20, 0x20, 0x00, 0x20, 0xF0, 0xEF
    .byte   0x0F, 0xF0, 0xFF, 0x11, 0x11, 0x1F, 0x11, 0x01,    1, 0x00, 0xFF, 0xFF, 0xF0, 0x00, 0x02, 0x00
    .byte   0x21, 0x10, 0x0F, 0xF0, 0xEF, 0xEF, 0x0F, 0xF1, 0x01, 0x21, 0x12, 0x11, 0x11, 0x0F, 0xF0, 0xE0
    .byte   0xFE, 0x1E, 0x1F, 0x01, 0x11, 0x10, 0x20, 0x20, 0x10,    7, 0x0F, 0xF0, 0xE0, 0xEF, 0xFF, 0x0F
    .byte   0x11, 0x01, 0x21, 0x11, 0x11, 0x1F, 0xFF, 0x0E, 0xFF, 0xF0, 0xF1, 0x11, 0x11, 0x11, 0x00, 0x10
    .byte   0xFF, 0xFF, 0x00, 0xF0, 0x11, 0x11, 0xF1, 0x1F, 0x0F, 0xFF,   -2, 0x0E, 0x1F, 0x10, 0x01, 0x10
    .byte   0x12, 0x01, 0x00, 0x0F, 0x0F, 0xF0, 0xFF, 0xF1, 0x00, 0x01, 0x10, 0x11, 0x01, 0x1F, 0x1F, 0xF0
    .byte   0xFF, 0x00, 0xFF, 0x00, 0x10, 0x11, 0x00, 0x00, 0x1F, 0x10, 0x0F,    1, 0x0F, 0x1F, 0x00, 0x01
    .byte   0xF1, 0x00, 0x10, 0x00, 0x00, 0x0F, 0x00, 0x00, 0xFF, 0x10, 0x00, 0x00, 0x00, 0x00, 0x01, 0xFF
    .byte   0x10, 0x00, 0x00, 0x00, 0x00, 0x00, 0xF1, 0xF0, 0x00, 0x1F, 0x10, 0x01,    0, 0x01, 0x00, 0x00
    .byte   0x00, 0xF1, 0x0F, 0xF1, 0x0F, 0xF0, 0x11, 0xF0, 0xF1, 0x10, 0x10, 0xF0, 0x1F, 0x1F, 0x1F, 0x0F
    .byte   0x01, 0x0F, 0x01, 0xF1, 0x10, 0xF1, 0x01, 0x0F, 0x00, 0xF1, 0x01, 0x0F, 0x01,    0, 0x00, 0x1F
    .byte   0x10, 0xF1, 0x0F, 0x01, 0xFF, 0x1F, 0x11, 0xE1, 0x10, 0x1F, 0x00, 0x11, 0x10, 0xFE, 0x41, 0xB2
    .byte   0x30, 0x0C, 0x15, 0xDE, 0x4E, 0xDD, 0xE4, 0x3D, 0xD0, 0xF1, 0x32, 0x10, 0xDC, 0x24,   10, 0x0F
    .byte   0xDD, 0x10, 0xE2, 0x30, 0xDD, 0x23, 0x3E, 0xEE, 0xF0, 0x13, 0x1E, 0xEE, 0x11, 0x31, 0x10, 0xFF
    .byte   0x23, 0xFE, 0xEF, 0x01, 0x11, 0x0E, 0xF2, 0x21, 0xEF, 0x01, 0xFF, 0x01, 0xFE, 0xF0, 0xFF,   -2
    .byte   0x01, 0xFD, 0xDE, 0xEE, 0x1E, 0x1F, 0x13, 0x11, 0x0E, 0xDE, 0xF3, 0x34, 0x57, 0x73, 0xBB, 0xBD
    .byte   0xCC, 0xDD, 0x9B, 0x46, 0x65, 0x2E, 0x43, 0x35, 0xEB, 0xAA, 0xC0, 0x1E, 0xDD, 0x25, 0x64, 0x4F
    .byte     27, 0x0C, 0xCC, 0xCC, 0xCC, 0xC3, 0x55, 0x0E, 0xDE, 0xDE, 0x33, 0xF3, 0x77, 0x75, 0xFD, 0x9B
    .byte   0xCB, 0xCC, 0xAA, 0x37, 0x76, 0x43, 0x23, 0x33, 0x2B, 0x9A, 0xBD, 0xEF, 0xEF, 0x25, 0x56, 0x4E
    .byte   0xEC,   14, 0x0E, 0xED, 0xCB, 0xE3, 0x44, 0x42, 0x12, 0x32, 0xEC, 0xAC, 0xE1, 0x10, 0xE0, 0x34
    .byte   0x31, 0xBC, 0xDE, 0x23, 0x23, 0x67, 0x75, 0x2F, 0x9A, 0xBC, 0xDD, 0xBB, 0x25, 0x66, 0x63, 0x1D
    .byte   0xD3, 0x1C,   24, 0x0A, 0xBD, 0x24, 0x3E, 0x33, 0x45, 0x22, 0xCB, 0xCE, 0xFE, 0xEF, 0x11, 0x43
    .byte   0x2F, 0xDD, 0xDD, 0xDD, 0xDD, 0xD2, 0x1E, 0xED, 0x34, 0x35, 0x67, 0x74, 0x2F, 0xB9, 0xAB, 0xDE
    .byte   0xCB, 0x35, 0x67,   74, 0x04, 0xFF, 0xDD, 0xEB, 0xBA, 0xCD, 0x32, 0x23, 0x04, 0x44, 0x31, 0xDB
    .byte   0xCE, 0xFF, 0x1E, 0xF2, 0x23, 0x2F, 0xFD, 0xDD, 0x12, 0xEC, 0xEF, 0xEC, 0xF3, 0x3D, 0xCE, 0x30
    .byte   0x46, 0x64, 0x57, 0x42,  108, 0x0A, 0xCA, 0xAE, 0x1E, 0xC3, 0x56, 0x45, 0x42, 0xDC, 0xDC, 0xBC
    .byte   0xDC, 0xE1, 0x33, 0x20, 0x33, 0x32, 0x0D, 0xCC, 0xEE, 0x12, 0xFF, 0x22, 0x21, 0x0F, 0xDD, 0xE0
    .byte   0xFF, 0xDD, 0xEF, 0xFE, 0xFF,  -66, 0x0C, 0xE3, 0x54, 0x45, 0x55, 0x65, 0x2E, 0xAB, 0xBB, 0xDD
    .byte   0xED, 0x34, 0x55, 0x44, 0x2E, 0xDC, 0xCB, 0xDC, 0xEE, 0x13, 0x12, 0x02, 0x31, 0x0F, 0xED, 0xDE
    .byte   0x21, 0xFE, 0x12, 0x22, 0x1E, 0xDD,  -29, 0x00, 0xEE, 0x2F, 0xCE, 0x0E, 0xEF, 0x1E, 0xDE, 0x14
    .byte   0x34, 0x55, 0x43, 0x65, 0x3E, 0xCC, 0xBB, 0xDD, 0xDD, 0x23, 0x54, 0x45, 0xEF, 0xDC, 0xDB, 0xDC
    .byte   0xC2, 0x31, 0x22, 0x21, 0x13, 0x2D, 0xDD,  -14, 0x02, 0xF2, 0x21, 0xD1, 0x32, 0xEE, 0xFD, 0xDE
    .byte   0xFF, 0xDD, 0x23, 0xEE, 0xDD, 0x1E, 0x21, 0xFD, 0xD2, 0x35, 0x54, 0x54, 0x54, 0x32, 0xDB, 0xCC
    .byte   0xC2, 0xDD, 0xF4, 0x34, 0x51, 0x3D, 0xED, 0xDC,    6, 0x0D, 0xC0, 0x02, 0x31, 0x22, 0x41, 0x0E
    .byte   0xCE, 0xD1, 0x21, 0xFE, 0xFF, 0x21, 0x21, 0xDF, 0xDE, 0xFF, 0x1D, 0xFD, 0x1F, 0x02, 0xEE, 0xDE
    .byte   0xE1, 0x23, 0x4F, 0xE4, 0x44, 0x5F, 0x55, 0xE2, 0xFD,   58, 0x0C, 0xDF, 0x0D, 0xE2, 0x33, 0x23
    .byte   0x30, 0xDD, 0xDD, 0xEC, 0xD0, 0xD2, 0x12, 0x2F, 0x32, 0x3E, 0xCD, 0xDF, 0x31, 0x21, 0xDE, 0x0F
    .byte   0x1E, 0xDE, 0xD2, 0x32, 0x1D, 0xDF, 0xEE, 0x0E, 0xED, 0x03,  -44, 0x03, 0x1E, 0xEF, 0x14, 0x33
    .byte   0x32, 0x3F, 0x55, 0x32, 0xDD, 0xFD, 0xE2, 0xEC, 0xD0, 0x34, 0x22, 0x20, 0xCD, 0x3E, 0xCC, 0xE1
    .byte   0x2E, 0x12, 0xD2, 0x23, 0xED, 0xD0, 0x0E, 0x21, 0x1D, 0x13, 0x2E,  -23, 0x0D, 0xFF, 0xF0, 0x2D
    .byte   0xE1, 0x32, 0xDE, 0xDE, 0xE2, 0x3F, 0x11, 0x33, 0x12, 0x3E, 0x02, 0x32, 0x32, 0xF4, 0x33, 0x32
    .byte   0xF0, 0xDE, 0x2F, 0xDE, 0xF2, 0x0E, 0x41, 0xE0, 0xDF, 0xDF, 0xDE, 0xED,   16, 0x00, 0xEE, 0x2F
    .byte   0xEE, 0xF1, 0xCD, 0xF2, 0x22, 0x10, 0x10, 0x11, 0xDC, 0xDE, 0xEF, 0xF2, 0x32, 0x22, 0xF0, 0xFD
    .byte   0xDE, 0xEE, 0xD1, 0x44, 0x44, 0x41, 0xCD, 0x34, 0xED, 0xDE, 0x32, 0x35, 0x41,   59, 0x02, 0xE0
    .byte   0xC0, 0xE1, 0xDD, 0x22, 0x30, 0x30, 0xF0, 0xEE, 0xCD, 0x0F, 0xD0, 0x33, 0x1D, 0x0F, 0xCD, 0xE1
    .byte   0xEE, 0xF4, 0x2E, 0x13, 0xED, 0xCD, 0x01, 0xFF, 0x1F, 0x12, 0x20, 0xDD, 0xEF, 0x22,  -39, 0x01
    .byte   0xE0, 0x34, 0xEE, 0xDE, 0x44, 0x33, 0xEE, 0x3F, 0x22, 0xFD, 0xD4, 0x23, 0x1E, 0x33, 0xEF, 0x20
    .byte   0xED, 0x22, 0xF0, 0xE0, 0xE0, 0x32, 0xFE, 0xDD, 0x22, 0xDD, 0xEE, 0x33, 0x0E, 0xCD, 0xD3,   -5
    .byte   0x0F, 0xEC, 0xD3, 0x33, 0x2F, 0xCD, 0xE1, 0x2E, 0xED, 0xF2, 0x32, 0x11, 0xD1, 0x01, 0x21, 0x01
    .byte   0x12, 0x22, 0x2F, 0xFF, 0x23, 0x02, 0xFF, 0x20, 0x14, 0x31, 0xDD, 0xF4, 0x22, 0xFC, 0xD2, 0x33
    .byte     40, 0x01, 0xFD, 0xD1, 0x32, 0xDE, 0x1E, 0x23, 0x20, 0xCD, 0xF3, 0x1E, 0xDD, 0x00, 0x33, 0xDD
    .byte   0xE1, 0x2D, 0xFF, 0xD0, 0x1F, 0x2E, 0xDE, 0xFF, 0xF0, 0x11, 0x1F, 0x22, 0xFF, 0x0E, 0xE2, 0x01
    .byte   0x22,  -21, 0x02, 0xF1, 0x02, 0x22, 0x11, 0x12, 0x22, 0x10, 0xEF, 0x22, 0x03, 0x1F, 0xF0, 0x22
    .byte   0xEF, 0xED, 0xF2, 0x32, 0x1E, 0xE2, 0x22, 0x1D, 0xDF, 0xF2, 0x32, 0xED, 0xE2, 0x3E, 0xDE, 0xDE
    .byte   0x1F, 0x12,   -1, 0x0F, 0x11, 0x1E, 0xDE, 0xEE, 0xD0, 0x20, 0x02, 0x22, 0x0F, 0xF0, 0xCE, 0xF2
    .byte   0x31, 0x22, 0x3F, 0xF1, 0x22, 0xEE, 0xFF, 0xFF, 0x23, 0x0F, 0x02, 0x31, 0xFF, 0x0E, 0xE0, 0x21
    .byte   0xF1, 0x11, 0x22,   24, 0x00, 0xDE, 0xFE, 0x21, 0x20, 0x00, 0x23, 0xED, 0xFE, 0xF1, 0x21, 0x1E
    .byte   0xF2, 0x00, 0x1F, 0xDE, 0xEE, 0x30, 0xF0, 0x0F, 0xFE, 0x11, 0xED, 0xEF, 0x31, 0x1F, 0xFE, 0x02
    .byte   0x1E, 0xED, 0x22, 0x22,   -6, 0x00, 0xEE, 0xE3, 0x30, 0xDD, 0xF2, 0x32, 0x30, 0xDF, 0xE2, 0x20
    .byte   0x10, 0x21, 0xF1, 0x0E, 0x2E, 0x12, 0xF0, 0x20, 0xFF, 0xE2, 0x11, 0xD1, 0x0F, 0x3E, 0x02, 0x1D
    .byte   0xF0, 0x3F, 0xFE, 0xEF, 0xE0,   -2, 0x02, 0x11, 0x1F, 0xE0, 0xE1, 0x21, 0xDD, 0x22, 0x33, 0xED
    .byte   0xEE, 0x22, 0x12, 0xED, 0xFF, 0x23, 0x3E, 0xC1, 0x01, 0x3F, 0xE0, 0xD3, 0x31, 0x0F, 0x2D, 0xD3
    .byte   0xF2, 0x2E, 0x2E, 0x00, 0x23, 0xDF,    0, 0x0E, 0x32, 0xD1, 0x3D, 0x04, 0xED, 0x0D, 0x22, 0xE2
    .byte   0xE2, 0x0E, 0xEE, 0x3F, 0x3F, 0xDE, 0x20, 0x20, 0xEF, 0x30, 0xD0, 0xF0, 0xF0, 0x13, 0xFD, 0xE2
    .byte   0x21, 0x0E, 0xD0, 0x03, 0x21, 0x0D, 0x32,   -4, 0x0F, 0x2E, 0x0F, 0xF0, 0x1F, 0x33, 0xEE, 0xEF
    .byte   0xD3, 0x2F, 0xF1, 0x22, 0xFD, 0x3D, 0xF3, 0x12, 0xDD, 0xE4, 0x3D, 0x0D, 0xE3, 0x2F, 0x3E, 0xD2
    .byte   0xD1, 0x30, 0xE3, 0xDD, 0x22, 0x32, 0xEC, 0xD0,   -5, 0x03, 0x3F, 0xDC, 0x04, 0x21, 0xDE, 0xEE
    .byte   0x23, 0x2D, 0xE3, 0xD3, 0x22, 0xDE, 0x10, 0x1F, 0x3E, 0xFD, 0x32, 0x2D, 0xE2, 0xE3, 0xEE, 0x22
    .byte   0xD2, 0xF0, 0x1F, 0x03, 0xFF, 0x2E, 0xDE, 0x21, 0x21,   13, 0x0F, 0xDE, 0xE0, 0x31, 0xEF, 0xD2
    .byte   0x4E, 0xF0, 0xE0, 0xF0, 0xDF, 0x42, 0xEE, 0xD0, 0x22, 0x0E, 0xD1, 0xF3, 0x3E, 0x11, 0x1E, 0xC1
    .byte   0x23, 0x2D, 0xD3, 0x33, 0xEE, 0xDD, 0x31, 0x2E, 0xEF, 0x11,    1, 0x02, 0x3E, 0xC1, 0xF1, 0xD3
    .byte   0x22, 0x2D, 0x2F, 0x12, 0x11, 0xDD, 0x01, 0x33, 0xED, 0xF3, 0x22, 0xF0, 0xEC, 0xE3, 0x22, 0x11
    .byte   0xFD, 0xE4, 0x2F, 0xDE, 0xEF, 0x32, 0x1E, 0xE1, 0x03, 0xED, 0x2D,   -2, 0x02, 0xEE, 0x1E, 0xF4
    .byte   0xE1, 0x3D, 0xEF, 0xE0, 0x23, 0xE1, 0xEE, 0x10, 0x1F, 0x2E, 0xE3, 0xE3, 0x2C, 0xD3, 0x3E, 0x2E
    .byte   0xD2, 0xF0, 0x4E, 0xD2, 0xFF, 0xEE, 0x23, 0x3F, 0xCE, 0xF3, 0x22, 0xFD,  -12, 0x01, 0x32, 0x11
    .byte   0xEE, 0x3E, 0x12, 0xEE, 0x0F, 0x02, 0x1F, 0x00, 0xD3, 0x3D, 0xFE, 0xF3, 0xFE, 0x13, 0xDF, 0x2D
    .byte   0xF3, 0x00, 0x4C, 0xDF, 0xF2, 0x30, 0xEF, 0x0E, 0x31, 0xF1, 0xB1, 0x43, 0x2F,    3, 0x0E, 0x00
    .byte   0x13, 0xED, 0x13, 0xDD, 0x31, 0x04, 0xFB, 0x22, 0xF3, 0x3D, 0xD2, 0x12, 0x20, 0xE1, 0xDF, 0x03
    .byte   0xE0, 0xE0, 0x2E, 0x03, 0x2F, 0xDE, 0x3E, 0x1D, 0x23, 0xF2, 0x2C, 0xF2, 0xD1, 0x32,    4, 0x0F
    .byte   0xEF, 0x12, 0x1E, 0x1E, 0x21, 0xE0, 0xD1, 0x34, 0x1D, 0xDE, 0xD3, 0x3F, 0x0F, 0xD1, 0x31, 0x30
    .byte   0xDC, 0xE3, 0x33, 0xC2, 0x1E, 0x22, 0x31, 0xCE, 0xE2, 0xF2, 0x22, 0x00, 0x2E, 0xE2, 0x0F,    1
    .byte   0x0C, 0xE4, 0x3F, 0x3E, 0xD2, 0xD2, 0xFE, 0x01, 0x2F, 0x20, 0xEF, 0xF2, 0x3D, 0xD1, 0xF3, 0x22
    .byte   0x3C, 0xE2, 0xD2, 0xF0, 0x22, 0x11, 0xED, 0xE2, 0x3F, 0x2E, 0xE0, 0x22, 0x1E, 0xD0, 0x23, 0xF0
    .byte      0, 0x01, 0x1D, 0x1F, 0x03, 0x00, 0x2F, 0x2D, 0xFF, 0x22, 0x0E, 0xDD, 0x24, 0x03, 0xED, 0xFF
    .byte   0xE1, 0x23, 0xFC, 0x32, 0xE2, 0xE0, 0xED, 0xE2, 0x52, 0xEE, 0xDE, 0xD0, 0x33, 0x1E, 0xF3, 0x02
    .byte   0xED,   -9, 0x0E, 0x11, 0x23, 0x2F, 0x02, 0xDE, 0xF1, 0x3D, 0xDE, 0x34, 0x31, 0xDD, 0x0E, 0x31
    .byte   0xCF, 0x0F, 0x43, 0xDD, 0x3D, 0x03, 0x21, 0x0D, 0xDE, 0xF3, 0x33, 0xFC, 0x22, 0xE2, 0x0E, 0xFE
    .byte   0x1F, 0x3D,   -8, 0x02, 0x32, 0xFD, 0xE0, 0x23, 0xDE, 0xFF, 0x23, 0x3F, 0xCF, 0xE2, 0x4D, 0xC1
    .byte   0x23, 0x3D, 0xE1, 0xF2, 0xF2, 0xEE, 0x22, 0xED, 0xE2, 0x23, 0x3F, 0xDD, 0x10, 0x01, 0xF0, 0x33
    .byte   0xFD, 0xDE, 0x31,   -6, 0x01, 0x20, 0x22, 0x0F, 0xEE, 0xD2, 0x30, 0x1E, 0xE1, 0x22, 0x3E, 0xCD
    .byte   0x12, 0x42, 0xD3, 0x0E, 0x2D, 0xE1, 0xEF, 0x32, 0xFF, 0x1E, 0xD3, 0x32, 0xDC, 0xD3, 0x31, 0x23
    .byte   0x0E, 0xED, 0x03, 0x1E,   -3, 0x0E, 0xE1, 0x43, 0xFD, 0xD1, 0x2E, 0xF2, 0x0E, 0x10, 0x32, 0xDE
    .byte   0xE1, 0x22, 0x22, 0xDD, 0xE2, 0x30, 0x3F, 0xDE, 0x03, 0xFD, 0x01, 0x22, 0x0E, 0xE1, 0x01, 0x3D
    .byte   0x22, 0xEE, 0xF1, 0xF0, 0x01,   -1, 0x02, 0x0F, 0x21, 0xEE, 0xDF, 0x22, 0x3E, 0xE1, 0x02, 0x3F
    .byte   0xDE, 0xDE, 0x33, 0x22, 0xFD, 0xEE, 0x10, 0x31, 0xDE, 0x13, 0x31, 0x0D, 0xDE, 0x03, 0x20, 0xF1
    .byte   0x11, 0x10, 0xEF, 0xEF, 0xF2, 0x3F,    0, 0x00, 0xFF, 0x00, 0x2F, 0xFE, 0xE2, 0x03, 0xF1, 0xFE
    .byte   0x21, 0x0E, 0xE2, 0xEF, 0x02, 0x21, 0x1E, 0xEE, 0xE2, 0x20, 0x23, 0xFE, 0xFD, 0xF1, 0x31, 0xFD
    .byte   0xD2, 0x3F, 0x01, 0xF3, 0x1E, 0xDE, 0x21,    3, 0x0F, 0xFF, 0x01, 0x22, 0xEE, 0xDF, 0x32, 0xF0
    .byte   0xFE, 0xFE, 0x32, 0x0E, 0xEE, 0xF2, 0x20, 0x10, 0xFF, 0x20, 0xEE, 0xFF, 0x21, 0xE3, 0x3D, 0xD0
    .byte   0x01, 0x31, 0xEF, 0xF2, 0xEF, 0xF2, 0xEE, 0xFF,    0, 0x03, 0xFE, 0x1D, 0xE1, 0x22, 0x2F, 0xFF
    .byte   0xFF, 0x01, 0x01, 0x0D, 0xE2, 0x31, 0xEF, 0x2F, 0xE2, 0x20, 0xD0, 0x22, 0x2E, 0xD0, 0xFF, 0x32
    .byte   0x2F, 0xDF, 0x20, 0xEF, 0xF0, 0x10, 0x20, 0x1F, 0xEF,   -6, 0x01, 0x21, 0xEE, 0x23, 0x11, 0xE1
    .byte   0x2E, 0xED, 0x30, 0xF2, 0xEE, 0x32, 0xFE, 0xDE, 0x22, 0x3F, 0xFF, 0xDF, 0xF2, 0x32, 0xFD, 0xEE
    .byte   0x23, 0x1D, 0xE1, 0x31, 0x2E, 0xE1, 0xE1, 0x1F, 0x01, 0x01,    0, 0x00, 0xE1, 0x21, 0x1F, 0xF0
    .byte   0x0F, 0x01, 0xEF, 0xF1, 0x21, 0x2E, 0x11, 0x02, 0xED, 0x21, 0x00, 0xF0, 0xEF, 0x03, 0x4E, 0xCD
    .byte   0x02, 0x32, 0xEF, 0x11, 0x0E, 0xF2, 0x12, 0x2E, 0xDD, 0xE3, 0x31,    4, 0x00, 0x2D, 0xD0, 0x32
    .byte   0x2D, 0xE2, 0x32, 0xDE, 0xDF, 0x33, 0x30, 0xCD, 0xE0, 0x43, 0x0F, 0xEE, 0xEE, 0xE3, 0x0E, 0x12
    .byte   0x22, 0xED, 0x02, 0x31, 0xD0, 0xEF, 0xF3, 0x2D, 0xE1, 0x23, 0x3E, 0xDC,  -11, 0x02, 0x22, 0xFE
    .byte   0x02, 0x22, 0xEE, 0xE1, 0x2E, 0x32, 0x1D, 0xDD, 0x23, 0x22, 0x1F, 0xFF, 0xED, 0xF3, 0x33, 0xDD
    .byte   0xFE, 0x12, 0xF0, 0x13, 0x3E, 0xDD, 0xE1, 0x23, 0x0F, 0xFE, 0xE0, 0x22, 0x2E,    2, 0x0F, 0xF0
    .byte   0xF0, 0xE0, 0x31, 0x1F, 0xEF, 0xFF, 0x1F, 0x2E, 0x10, 0xF2, 0x12, 0xEE, 0xE0, 0x30, 0xEF, 0xF0
    .byte   0x20, 0xF0, 0x10, 0xFF, 0xEE, 0x02, 0x22, 0x1E, 0xEF, 0x22, 0x1E, 0xE2, 0x00, 0xEF,   -5, 0x01
    .byte   0x20, 0x22, 0xEE, 0xE0, 0x21, 0x0E, 0x01, 0x21, 0x00, 0xEE, 0x03, 0x21, 0xED, 0xEE, 0xF3, 0x31
    .byte   0x2E, 0xEE, 0xEF, 0x20, 0x31, 0x0E, 0xFF, 0xDF, 0x23, 0x2F, 0xEE, 0xEE, 0x21, 0x21, 0x13,    7
    .byte   0x0D, 0xFF, 0xF2, 0x12, 0x10, 0xFE, 0xEE, 0x11, 0x3E, 0x12, 0x21, 0xDD, 0xE2, 0x23, 0x21, 0xEF
    .byte   0xEE, 0xE0, 0x32, 0x00, 0xEE, 0x00, 0xE1, 0x23, 0x2E, 0xEE, 0x10, 0xEF, 0xF1, 0x22, 0x20, 0xEE
    .byte     -5, 0x02, 0x10, 0x1F, 0x01, 0x2E, 0xEF, 0xE1, 0x22, 0x23, 0x1F, 0xDD, 0xEE, 0x22, 0x22, 0xFE
    .byte   0xFE, 0x1F, 0x12, 0x32, 0x1D, 0xDE, 0x02, 0x11, 0x22, 0x0E, 0xFF, 0xF1, 0x10, 0x21, 0xFD, 0xE0
    .byte   0x22,    5, 0x02, 0xF0, 0xEF, 0xEF, 0xF1, 0x21, 0x0E, 0xEE, 0x12, 0x22, 0x11, 0xE0, 0xE0, 0x0F
    .byte   0x12, 0x22, 0x0D, 0xEE, 0xF0, 0x22, 0x11, 0x0E, 0x0F, 0x01, 0x12, 0x2F, 0xFE, 0xEE, 0x11, 0x22
    .byte   0x21, 0xFE,   -2, 0x0E, 0xFF, 0x22, 0x21, 0x1E, 0xEF, 0x01, 0x12, 0x20, 0x1F, 0xFD, 0xEE, 0x22
    .byte   0x22, 0x0F, 0xEF, 0xFF, 0x11, 0x21, 0x1E, 0xEF, 0xE2, 0x12, 0x01, 0x11, 0xFF, 0xE0, 0x11, 0x21
    .byte   0xEE, 0xFF, 0x02,    0, 0x01, 0x11, 0x0F, 0xEF, 0xF1, 0x21, 0xFF, 0xE0, 0x11, 0x11, 0x1F, 0x0E
    .byte   0x00, 0xF0, 0x21, 0x11, 0x10, 0xFE, 0x0F, 0x01, 0x21, 0x10, 0xFE, 0xFF, 0x02, 0x21, 0x1E, 0xEF
    .byte   0xE0, 0x22, 0x20, 0xFF,    1, 0x0E, 0x11, 0x22, 0x1E, 0xEE, 0xF0, 0x12, 0x11, 0x10, 0xFE, 0xE1
    .byte   0x20, 0x2F, 0x0E, 0xE1, 0x12, 0x11, 0x1F, 0xFE, 0xEF, 0xF0, 0x22, 0x11, 0x0F, 0xFF, 0x10, 0x10
    .byte   0x0E, 0x01, 0x02, 0x02, 0x00,    6, 0x0F, 0xFF, 0xF1, 0x01, 0x20, 0xFF, 0xF0, 0xF1, 0x00, 0x0F
    .byte   0x0F, 0xFF, 0xFF, 0xF0, 0x10, 0xFF, 0xF1, 0x11, 0xFF, 0xFF, 0x1F, 0x0F, 0xF0, 0x00, 0x00, 0xEF
    .byte   0xEE, 0xF0, 0x12, 0x10, 0x01, 0x01,  -10, 0x01, 0x22, 0x22, 0x21, 0x12, 0x23, 0x22, 0xFE, 0xF0
    .byte   0xFE, 0xFF, 0xF0, 0xFE, 0xEF, 0x01, 0x11, 0xEE, 0xE0, 0xE0, 0xE0, 0xEF, 0xEE, 0xEF, 0xF0, 0xF0
    .byte   0xEE, 0xFF, 0x0E, 0x00, 0x01, 0x0E, 0xEF,  -46, 0x01, 0x10, 0x12, 0x34, 0x33, 0x34, 0x44, 0x2E
    .byte   0xDD, 0xFF, 0xEE, 0xE0, 0xEE, 0xEF, 0xF2, 0x22, 0xFD, 0xDE, 0x12, 0x20, 0xFE, 0xEE, 0xEF, 0xEF
    .byte   0x01, 0xFF, 0xF0, 0x22, 0x23, 0x01, 0x00, 0xF0,    9, 0x0F, 0xEF, 0xE0, 0x20, 0x1F, 0xEE, 0xF0
    .byte   0xEE, 0xFE, 0xFE, 0xEE, 0xD1, 0x02, 0x10, 0xE2, 0x22, 0x0D, 0xF2, 0x32, 0xEE, 0xF3, 0x43, 0x32
    .byte   0x33, 0x42, 0xED, 0xD0, 0x2F, 0xED, 0xD1, 0x10, 0x0F,   20, 0x02, 0x2F, 0xDE, 0x22, 0x20, 0xDD
    .byte   0xFE, 0x1F, 0x00, 0x10, 0xEF, 0x22, 0x20, 0xEE, 0xE0, 0x00, 0xFF, 0x0E, 0xEE, 0xE0, 0x22, 0xEE
    .byte   0xEE, 0xF1, 0x0E, 0xEF, 0xEE, 0xEF, 0x11, 0x10, 0xF1, 0x0F,  -42, 0x03, 0x43, 0x33, 0x14, 0x44
    .byte   0x2D, 0xCD, 0xF2, 0xFE, 0xD0, 0xE2, 0x02, 0x22, 0x3F, 0xDD, 0xE2, 0x3F, 0xED, 0xDE, 0xF1, 0x10
    .byte   0xE0, 0x0F, 0x02, 0x22, 0x0E, 0xDF, 0x23, 0x3E, 0xED, 0xF0, 0x20,    4, 0x0E, 0xFE, 0xEE, 0x02
    .byte   0x2E, 0xDD, 0xE1, 0x10, 0xFE, 0xEE, 0x11, 0x12, 0x10, 0xDE, 0x12, 0x32, 0xEE, 0xE2, 0x34, 0x43
    .byte   0x22, 0x33, 0x41, 0xDD, 0xD2, 0x2F, 0xEF, 0x01, 0xFF, 0x22, 0x2F, 0xDD,   18, 0x02, 0x1E, 0xEE
    .byte   0xFF, 0xEE, 0x12, 0x11, 0xDF, 0xF3, 0x2F, 0xEE, 0xE1, 0x23, 0x1E, 0xEF, 0x02, 0x02, 0xEE, 0xDD
    .byte   0xF0, 0x21, 0xFD, 0xDF, 0x22, 0x1E, 0xED, 0xDE, 0x22, 0x2F, 0xDE, 0x23, 0x32,  -33, 0x0D, 0xD2
    .byte   0x43, 0x30, 0x22, 0x43, 0x23, 0x43, 0xDC, 0xE2, 0x32, 0xED, 0x0F, 0x12, 0x21, 0x1F, 0xED, 0xE2
    .byte   0x1E, 0xDE, 0xE1, 0x1E, 0xF1, 0x2E, 0xEE, 0x22, 0x11, 0x0D, 0xE0, 0x13, 0x2F, 0xED,   -1, 0x03
    .byte   0x2D, 0xC0, 0x2F, 0xEE, 0xFE, 0xEF, 0x00, 0x11, 0xED, 0xEF, 0xEF, 0xE1, 0x20, 0x22, 0x2F, 0xE2
    .byte   0x33, 0xEC, 0xE3, 0x43, 0x02, 0x23, 0x23, 0x24, 0x42, 0xCB, 0x24, 0x3E, 0xDF, 0xE1, 0x22,   48
    .byte   0x03, 0xEC, 0xC0, 0x30, 0xED, 0xE1, 0x10, 0xE1, 0x21, 0xDD, 0xF3, 0x20, 0xDE, 0x11, 0xEF, 0x23
    .byte   0x1D, 0xE0, 0x22, 0xEE, 0xDF, 0xFF, 0xEE, 0x01, 0xEF, 0x11, 0x0E, 0xDE, 0xE1, 0x21, 0xEE, 0xF0
    .byte    -44, 0x02, 0x30, 0x01, 0x21, 0xEE, 0x34, 0x2E, 0xF2, 0x34, 0x30, 0x14, 0x3C, 0xC2, 0x41, 0xDE
    .byte   0x22, 0xF0, 0x03, 0x2E, 0xCD, 0x12, 0x0D, 0xF2, 0x1E, 0xF2, 0x1E, 0xDE, 0xF0, 0x2F, 0xEF, 0x1F
    .byte   0xF1,    5, 0x02, 0xED, 0xFF, 0x12, 0x1E, 0xEE, 0xFE, 0x11, 0xED, 0xE1, 0x20, 0xEE, 0xF0, 0xE0
    .byte   0x11, 0xDD, 0xF2, 0x23, 0x22, 0xFF, 0xF3, 0x31, 0xDE, 0x23, 0x13, 0x32, 0x12, 0x33, 0x34, 0xFC
    .byte   0xD1, 0x32,   46, 0x0E, 0xD1, 0x02, 0x43, 0xDC, 0xC1, 0x32, 0xEE, 0xDD, 0xF3, 0x32, 0xDC, 0xD1
    .byte   0x32, 0xFE, 0xDF, 0x03, 0x20, 0xFC, 0xE2, 0x33, 0xEC, 0xEE, 0x23, 0x20, 0xCD, 0xE1, 0x32, 0xEC
    .byte   0xD0, 0x32, 0xFE,  -45, 0x0D, 0x23, 0x21, 0xED, 0xE1, 0x44, 0x1C, 0xD2, 0x42, 0x23, 0x22, 0xD1
    .byte   0x43, 0x33, 0xE3, 0x3D, 0xD2, 0x30, 0xD1, 0x12, 0x2E, 0x03, 0xED, 0xEF, 0x1F, 0xDF, 0x2E, 0xD0
    .byte   0x31, 0xDD, 0xE1, 0x01,    6, 0x01, 0xEE, 0x12, 0x2E, 0xEE, 0xE0, 0x21, 0x0E, 0xF2, 0x2E, 0xE0
    .byte   0xFD, 0xD0, 0x22, 0xED, 0x13, 0xED, 0xD2, 0xFE, 0xE1, 0x1E, 0xE3, 0x32, 0xEE, 0x32, 0xEF, 0x23
    .byte   0x2D, 0x13, 0x31, 0x33, 0x1F,   19, 0x02, 0x43, 0x1C, 0x12, 0x3F, 0xF0, 0xDF, 0x03, 0x31, 0xDD
    .byte   0xD2, 0x30, 0xDD, 0xD1, 0x13, 0x2D, 0xDD, 0x01, 0x22, 0xED, 0xD1, 0x42, 0x1D, 0xDE, 0x22, 0x3E
    .byte   0xDE, 0xE2, 0x32, 0x2D, 0xDD, 0xE1,  -19, 0x01, 0xDD, 0xF1, 0x22, 0x2E, 0xDD, 0xD2, 0x21, 0xE1
    .byte   0x12, 0x33, 0x3E, 0xC0, 0x33, 0x2E, 0x22, 0xF3, 0x42, 0x0F, 0x23, 0x34, 0xDD, 0x10, 0x22, 0x00
    .byte   0xDF, 0x13, 0x3E, 0xCD, 0x23, 0x1D, 0xEE,   15, 0x01, 0x22, 0xFD, 0xDE, 0x13, 0x0F, 0xDD, 0x13
    .byte   0x3F, 0xED, 0xD0, 0x32, 0x0D, 0xE1, 0x22, 0x2F, 0xED, 0xE1, 0x10, 0xEE, 0xEE, 0x21, 0xFE, 0xDD
    .byte   0x21, 0x21, 0xDD, 0x13, 0x33, 0x1E, 0xDE, 0x34,  -16, 0x0E, 0xEE, 0x34, 0x4E, 0xDF, 0x34, 0x31
    .byte   0x23, 0xED, 0x33, 0xED, 0xE3, 0x1E, 0xE2, 0x3F, 0xC0, 0x20, 0xDD, 0x20, 0xEE, 0x12, 0xED, 0xEF
    .byte   0x1F, 0x01, 0x1D, 0xF2, 0x3F, 0xDE, 0x23, 0xFD, 0xFF,   -4, 0x01, 0x12, 0xFD, 0xE2, 0x3E, 0xCE
    .byte   0x13, 0xED, 0xFE, 0xEE, 0x12, 0x0D, 0xD1, 0x22, 0x01, 0xF0, 0x12, 0x21, 0xEF, 0x32, 0x21, 0x13
    .byte   0x22, 0x02, 0x32, 0x30, 0x33, 0x2D, 0x03, 0x1E, 0xE3, 0xFE,   39, 0x01, 0x3F, 0xDD, 0x22, 0xDE
    .byte   0xFF, 0xEE, 0x22, 0xEC, 0x02, 0x1E, 0xD2, 0x0E, 0xF2, 0x3E, 0xD0, 0x31, 0xE0, 0x11, 0xFF, 0x22
    .byte   0xDE, 0x11, 0x1D, 0x02, 0xFE, 0xDE, 0x1F, 0xEF, 0xEE, 0xFF, 0x2E,  -45, 0x0E, 0x01, 0x01, 0x22
    .byte   0x20, 0x22, 0xE2, 0x22, 0x11, 0x31, 0x23, 0x12, 0x22, 0x23, 0x3F, 0xD2, 0x22, 0x20, 0xEE, 0x11
    .byte   0x21, 0xEC, 0x13, 0x1E, 0xDD, 0x22, 0xFF, 0xEE, 0xD1, 0x12, 0xED, 0xF1,    1, 0x01, 0x0E, 0x11
    .byte   0x10, 0x20, 0xEE, 0x02, 0x1E, 0xE0, 0x2F, 0xEF, 0x2E, 0xDF, 0xF1, 0x1D, 0xEE, 0xFF, 0x01, 0xED
    .byte   0xF1, 0x22, 0x2D, 0xE2, 0x22, 0x30, 0xEF, 0x23, 0x31, 0xF1, 0x22, 0x32, 0x22,   24, 0x02, 0x41
    .byte   0xD2, 0x12, 0x0F, 0x2E, 0xE1, 0x12, 0x1C, 0x01, 0x2E, 0xD1, 0xE0, 0x1F, 0xFD, 0xD2, 0x2E, 0xFD
    .byte   0x11, 0x01, 0x0F, 0xE2, 0x21, 0xEF, 0xF2, 0x2F, 0xED, 0x22, 0x21, 0xEE, 0xE1, 0x21,  -11, 0x0D
    .byte   0xE0, 0x2F, 0xDE, 0x0E, 0xE1, 0x2E, 0xDE, 0x23, 0x1E, 0x01, 0x21, 0x32, 0xFE, 0x13, 0x32, 0x2E
    .byte   0x13, 0x42, 0x2E, 0x24, 0x0E, 0x12, 0x2E, 0x20, 0xF0, 0xEF, 0x2E, 0xEE, 0x10, 0xDF, 0xE0,   21
    .byte   0x0E, 0xE0, 0xEE, 0xF1, 0x0D, 0xE2, 0x11, 0xE0, 0x22, 0xEF, 0x20, 0x1E, 0x02, 0x0E, 0xE1, 0x3F
    .byte   0xEE, 0xF2, 0xEE, 0xEE, 0x0E, 0x0E, 0xFE, 0xEE, 0x20, 0xED, 0xFF, 0x02, 0x20, 0xE0, 0x23, 0x2F
    .byte    -33, 0x01, 0x30, 0x33, 0xE2, 0x23, 0x31, 0x12, 0x33, 0xEF, 0x22, 0x21, 0xFF, 0x01, 0x01, 0x0E
    .byte   0xD0, 0x10, 0xEE, 0xDE, 0x10, 0x1E, 0xDE, 0xE1, 0x2E, 0xEF, 0x01, 0x11, 0x10, 0xF1, 0x2F, 0xF0
    .byte   0xE2,    0, 0x01, 0x0F, 0xF1, 0x10, 0xFE, 0xFE, 0x0F, 0xEE, 0xEF, 0xEF, 0xFE, 0xEE, 0xFF, 0x0E
    .byte   0x00, 0x10, 0x12, 0x12, 0x11, 0x23, 0x10, 0x12, 0x32, 0x02, 0x33, 0x12, 0x32, 0x11, 0x22, 0x1F
    .byte   0xF0, 0x10,   46, 0x01, 0x1E, 0xEE, 0x01, 0xEE, 0xDE, 0x0F, 0xFE, 0xEE, 0xEE, 0xFF, 0x1F, 0xFE
    .byte   0x02, 0x21, 0xFF, 0x11, 0x11, 0xF0, 0x11, 0x21, 0xFF, 0x00, 0x2E, 0xEE, 0xFF, 0xFE, 0xEE, 0xEF
    .byte   0x0F, 0xED, 0xE0,  -45, 0x00, 0x0F, 0xE1, 0x11, 0x21, 0x02, 0x22, 0x21, 0x03, 0x22, 0x22, 0x31
    .byte   0x23, 0x23, 0x11, 0x02, 0x22, 0x1F, 0xFF, 0x01, 0x11, 0xEE, 0xEE, 0xFE, 0xFE, 0xEE, 0xEE, 0xF0
    .byte   0xEE, 0xEE, 0x0F, 0x0F,   -9, 0x0E, 0x11, 0x12, 0x00, 0x00, 0x1F, 0x02, 0x20, 0x0F, 0x01, 0x10
    .byte   0xFE, 0xFF, 0xEF, 0x0E, 0x0E, 0xEE, 0xEF, 0x00, 0xEE, 0xFE, 0x10, 0x11, 0x00, 0x10, 0x22, 0x21
    .byte   0x21, 0x12, 0x22, 0x22, 0x22,   11, 0x02, 0x31, 0x21, 0x21, 0x22, 0x11, 0x11, 0x01, 0x10, 0xFF
    .byte   0xEF, 0xEE, 0xEF, 0xFE, 0xEE, 0xEE, 0xFF, 0xEF, 0xFE, 0xFF, 0x00, 0xFF, 0xFF, 0x11, 0x10, 0x0E
    .byte   0x01, 0x12, 0x10, 0xFF, 0x01, 0x11,   -4, 0x0F, 0xFE, 0xF0, 0xFE, 0x0E, 0xFE, 0x0E, 0x0E, 0xFF
    .byte   0xEF, 0xFF, 0x00, 0x10, 0x2F, 0x20, 0x20, 0x22, 0x21, 0x22, 0x23, 0x22, 0x32, 0x22, 0x22, 0x22
    .byte   0x21, 0x11, 0x02, 0x10, 0xFF, 0xEE, 0xEF,   41, 0x0E, 0xEE, 0xEE, 0xDF, 0xEE, 0xFE, 0xEE, 0xEE
    .byte   0xFF, 0x0F, 0x0F, 0x00, 0x02, 0x00, 0x02, 0x02, 0x20, 0x02, 0x01, 0xF1, 0x1F, 0x1F, 0xFF, 0xE0
    .byte   0xE0, 0xFE, 0xEE, 0xEE, 0xFE, 0x0E, 0x0E, 0x0F,  -45, 0x01, 0x11, 0x02, 0x12, 0x22, 0x22, 0x22
    .byte   0x23, 0x22, 0x33, 0x12, 0x22, 0x22, 0x21, 0x20, 0x02, 0x0F, 0x0E, 0xFE, 0xEE, 0xEE, 0xDF, 0xEE
    .byte   0xDE, 0xEE, 0xFE, 0xEE, 0xEF, 0xFF, 0xFF, 0x00, 0x00,  -21, 0x01, 0x02, 0x02, 0x02, 0x02, 0x02
    .byte   0x01, 0x1F, 0x10, 0x00, 0xE0, 0xFE, 0xFF, 0xEE, 0xEE, 0xEE, 0xFF, 0xEF, 0xEF, 0x0F, 0x0F, 0x21
    .byte   0x11, 0x12, 0x22, 0x22, 0x22, 0x32, 0x23, 0x23, 0x22, 0x22,   50, 0x02, 0x21, 0x10, 0x21, 0x00
    .byte   0x0E, 0xEE, 0xEE, 0xEE, 0xEE, 0xED, 0xEE, 0xEE, 0xEE, 0xEE, 0xEF, 0x0E, 0x0F, 0x10, 0xF1, 0x11
    .byte   0x21, 0x02, 0x12, 0x11, 0x21, 0x02, 0x01, 0x0F, 0x0F, 0xFF, 0xFE,   -7, 0x0E, 0xFE, 0xEE, 0xEE
    .byte   0xFE, 0xEF, 0xFF, 0xFF, 0x00, 0x11, 0x22, 0x02, 0x12, 0x22, 0x23, 0x22, 0x32, 0x23, 0x22, 0x22
    .byte   0x31, 0x22, 0x01, 0x11, 0x11, 0xEF, 0xEE, 0xEE, 0xEE, 0xEE, 0xDE, 0xEE,    2, 0x0E, 0xEE, 0xEE
    .byte   0xEF, 0xFF, 0xFF, 0xFF, 0x01, 0x21, 0x11, 0x12, 0x02, 0x20, 0x21, 0x11, 0x11, 0x10, 0x0F, 0x0E
    .byte   0x0E, 0x1E, 0xEE, 0xFE, 0xEE, 0xEF, 0xE0, 0xE0, 0xF1, 0xF1, 0x01, 0x12, 0x12,  -29, 0x02, 0x22
    .byte   0x22, 0x31, 0x32, 0x23, 0x22, 0x22, 0x31, 0x22, 0x01, 0x10, 0x10, 0xFF, 0xEE, 0xEE, 0xEE, 0xEE
    .byte   0xDE, 0xEE, 0xEE, 0xEE, 0xEE, 0xEF, 0xFF, 0xFE, 0x10, 0x00, 0x21, 0x11, 0x10, 0x21,  -10, 0x02
    .byte   0x11, 0x11, 0x02, 0x00, 0xF0, 0xE0, 0x0E, 0xFE, 0xEF, 0xEE, 0xEF, 0xEE, 0x0E, 0xF0, 0xF0, 0x01
    .byte   0x01, 0x12, 0x12, 0x22, 0x22, 0x22, 0x23, 0x22, 0x32, 0x23, 0x02, 0x22, 0x22, 0x1F, 0x10,   61
    .byte   0x00, 0x0F, 0xEE, 0xEE, 0xEE, 0xEE, 0xEE, 0xDE, 0xEF, 0xEE, 0xEE, 0xEF, 0xFF, 0x0F, 0xFF, 0xF0
    .byte   0x12, 0x11, 0x11, 0x01, 0x21, 0x21, 0x11, 0x00, 0x00, 0x1F, 0x00, 0xEE, 0x0E, 0xFF, 0xEE, 0xEE
    .byte    -35, 0x0F, 0xFF, 0x0E, 0x0F, 0x01, 0x20, 0x20, 0x12, 0x22, 0x22, 0x22, 0x22, 0x31, 0x32, 0x22
    .byte   0x22, 0x22, 0x22, 0xF0, 0x10, 0x10, 0x1F, 0xEE, 0xEE, 0xEE, 0xEE, 0xEE, 0xEE, 0xEE, 0xEE, 0xEF
    .byte   0xEE,  -20, 0x00, 0x0F, 0xFF, 0xF1, 0x02, 0x01, 0x02, 0x01, 0x12, 0x11, 0x11, 0x01, 0xF1, 0x10
    .byte   0xE0, 0x0E, 0xEF, 0xFE, 0xFE, 0xEE, 0xFE, 0xF0, 0x0F, 0xFF, 0x11, 0x11, 0x21, 0x12, 0x22, 0x22
    .byte   0x12, 0x23,   10, 0x02, 0x22, 0x31, 0x22, 0x12, 0x22, 0x10, 0x00, 0x02, 0x0F, 0xEE, 0xEE, 0xFE
    .byte   0xEF, 0xEE, 0xDF, 0xEF, 0xEF, 0xEE, 0xEE, 0xFF, 0x0F, 0xFF, 0xF0, 0x11, 0x11, 0x10, 0x10, 0x20
    .byte   0x11, 0x10, 0xF1,   -7, 0x00, 0x10, 0xFE, 0xFE, 0xFF, 0xFF, 0xEE, 0xFE, 0xFF, 0xFF, 0xF0, 0xF0
    .byte   0x00, 0x20, 0x20, 0x02, 0x22, 0x22, 0x22, 0x22, 0x22, 0x23, 0x22, 0x11, 0x22, 0x22, 0x0F, 0xF0
    .byte   0x01, 0x01, 0xEE, 0xFE,   36, 0x0E, 0xFE, 0xFE, 0xEE, 0xEE, 0x0F, 0xEE, 0xEF, 0xE0, 0x1F, 0x0E
    .byte   0xF1, 0x01, 0x11, 0x1F, 0x00, 0x02, 0x00, 0x1F, 0x00, 0xF0, 0x00, 0xF0, 0xE0, 0xEF, 0xFF, 0x0E
    .byte   0xFF, 0xEF, 0xFF, 0xF0, 0x01,  -35, 0x01, 0x11, 0x11, 0x21, 0x22, 0x12, 0x22, 0x13, 0x12, 0x22
    .byte   0x22, 0x12, 0x02, 0x21, 0x21, 0x00, 0x01, 0x10, 0xF0, 0xEE, 0xFE, 0x0E, 0x0E, 0xEE, 0xFE, 0xFE
    .byte   0xFE, 0xFE, 0xFE, 0x0E, 0xFF, 0x0F,  -15, 0x00, 0x00, 0x10, 0x1F, 0x11, 0x01, 0x00, 0x00, 0x10
    .byte   0xF0, 0x0F, 0x0F, 0xF0, 0xFE, 0x00, 0xE0, 0xF0, 0xE0, 0xFF, 0xF0, 0x10, 0x10, 0x12, 0xF0, 0x20
    .byte   0x22, 0x20, 0x21, 0x12, 0x22, 0x12, 0x12,   22, 0x02, 0x00, 0x21, 0x21, 0x0F, 0x01, 0x01, 0x1F
    .byte   0xFE, 0xFF, 0xFF, 0xE0, 0xEF, 0xFE, 0xFF, 0xE0, 0xFE, 0x0E, 0xFF, 0xFF, 0xF0, 0xFF, 0x0F, 0xF0
    .byte   0x01, 0xF0, 0x0F, 0x10, 0x0F, 0x01, 0xF0, 0x0F,  -13, 0x0F, 0xFF, 0x0F, 0x00, 0xFF, 0xFF, 0x0F
    .byte   0x0F, 0xF1, 0xFF, 0x10, 0x11, 0x01, 0x02, 0x11, 0x10, 0x22, 0x20, 0x20, 0x12, 0x12, 0x11, 0x20
    .byte   0x10, 0xF1, 0x12, 0x11, 0xEF, 0xF2, 0x11, 0x00, 0xE0,   22, 0x01, 0xFF, 0xFF, 0xFE, 0xF0, 0x10
    .byte   0xFE, 0xFE, 0x01, 0x00, 0xFE, 0x0F, 0xFF, 0xF0, 0x00, 0x0E, 0x00, 0x10, 0xFF, 0xF0, 0x1F, 0xFF
    .byte   0xF1, 0x01, 0xFF, 0xF0, 0xF1, 0x1F, 0xFF, 0x00, 0x0F, 0x10,  -15, 0x0F, 0x0F, 0x10, 0x20, 0x11
    .byte   0xF0, 0x12, 0x11, 0x11, 0x02, 0x01, 0x21, 0x00, 0x00, 0x02, 0x10, 0x00, 0xF1, 0x10, 0x01, 0x00
    .byte   0x1E, 0x00, 0x02, 0x0E, 0x0F, 0x00, 0x00, 0x0F, 0xFF, 0x01, 0x00,    9, 0x0F, 0xE1, 0x0F, 0x10
    .byte   0xFF, 0xFF, 0x01, 0x10, 0xEF, 0xFF, 0x11, 0x1E, 0xF0, 0x00, 0x1F, 0x0F, 0xFF, 0x1F, 0x1F, 0x00
    .byte   0x0F, 0xF1, 0xF1, 0xF0, 0x00, 0x11, 0x1F, 0x0F, 0x1F, 0x10, 0x11, 0x10,   -6, 0x01, 0x01, 0x11
    .byte   0x01, 0x00, 0x01, 0x11, 0x11, 0x01, 0x10, 0x10, 0x10, 0x00, 0x10, 0x01, 0xF1, 0x01, 0x01, 0xF0
    .byte   0x1F, 0x0F, 0x0F, 0xEE, 0xE1, 0x22, 0x2F, 0xEF, 0xF1, 0x11, 0xFE, 0xFF, 0xF2,    3, 0x0F, 0x0F
    .byte   0xF0, 0x10, 0x10, 0xE0, 0xF0, 0x11, 0x00, 0xE0, 0xF1, 0x11, 0x00, 0xE0, 0x11, 0x11, 0x0E, 0x0F
    .byte   0x11, 0x11, 0x0E, 0x11, 0x02, 0x10, 0xEF, 0xF1, 0x11, 0x10, 0xFF, 0x11, 0x02, 0x00,    1, 0x0F
    .byte   0x00, 0x1F, 0x0F, 0xF1, 0x11, 0x11, 0x00, 0x00, 0x00, 0x1F, 0xF0, 0x0F, 0x11, 0x0F, 0x00, 0x11
    .byte   0x01, 0xFF, 0x00, 0x1F, 0xF0, 0x01, 0x10, 0x10, 0x0F, 0xF1, 0x00, 0xFF, 0xFF, 0x11, 0x11,    3
    .byte   0x0F, 0x0E, 0x01, 0x10, 0x0E, 0xF0, 0x02, 0x00, 0x0E, 0x00, 0x11, 0x10, 0xFE, 0x10, 0x12, 0x0F
    .byte   0xF0, 0x00, 0x11, 0xFF, 0xF1, 0x01, 0x10, 0xF0, 0xF1, 0x11, 0x01, 0xFF, 0x00, 0x01, 0xF0, 0xFF
    .byte     -1, 0x01, 0x01, 0x00, 0xF0, 0x01, 0x01, 0xF0, 0x0F, 0x01, 0x10, 0x01, 0x10, 0x10, 0xFF, 0xF0
    .byte   0x01, 0xF0, 0x01, 0x11, 0x0F, 0xFF, 0x0F, 0x00, 0x0F, 0xF0, 0x10, 0x00, 0x1F, 0x0F, 0x10, 0xFF
    .byte   0xFF,   -4, 0x01, 0x10, 0x1F, 0x00, 0x01, 0x01, 0x0F, 0xFF, 0x01, 0x00, 0xF0, 0x02, 0x01, 0xF0
    .byte   0xFF, 0xF0, 0x10, 0x00, 0x0F, 0x11, 0x10, 0xF0, 0xFF, 0x10, 0x11, 0xF0, 0xF0, 0x01, 0x10, 0xF0
    .byte   0x10, 0x01,    2, 0x00, 0xF0, 0xF1, 0x11, 0x0F, 0xF0, 0xF1, 0x11, 0x0F, 0x0F, 0x01, 0x1F, 0xFF
    .byte   0x00, 0x01, 0x00, 0xF1, 0xF0, 0x11, 0xFF, 0xF0, 0x00, 0x01, 0xFF, 0x10, 0x01, 0x00, 0xF0, 0xF1
    .byte   0x0F, 0x1F, 0x1F,   -2, 0x01, 0xF1, 0x10, 0xF1, 0xF0, 0x00, 0x00, 0x0F, 0x10, 0x01, 0x01, 0x0F
    .byte   0xF1, 0x00, 0x00, 0xF1, 0x00, 0x1F, 0x1F, 0x00, 0x1F, 0x00, 0x00, 0x01, 0x00, 0x1F, 0x1F, 0x00
    .byte   0x01, 0xF0, 0x01, 0x0F,    1, 0x00, 0x00, 0x1F, 0x00, 0x0F, 0x10, 0xFF, 0x1F, 0x10, 0x00, 0x1F
    .byte   0x00, 0x0F, 0x00, 0xF1, 0x00, 0x10, 0x00, 0xF1, 0x00, 0x00, 0x00, 0x00, 0x00, 0x00, 0xF1, 0x0F
    .byte   0x10, 0xF0, 0x00, 0x10, 0xF0,   -2, 0x01, 0x10, 0x00, 0x00, 0x0F, 0x01, 0x0F, 0x10, 0x00, 0x00
    .byte   0x00, 0x1F, 0x10, 0x00, 0x00, 0xF0, 0x10, 0xF0, 0x01, 0xF1, 0x0F, 0x00, 0x01, 0xF1, 0xF1, 0xF0
    .byte   0x00, 0x1F, 0x1F, 0xF1, 0x00, 0x00,    0, 0x00, 0x0F, 0x11, 0xF0, 0x0F, 0x01, 0x01, 0xF0, 0x00
    .byte   0x00, 0xF0, 0x01, 0xF1, 0xF1, 0x0F, 0x10, 0x00, 0x00, 0x0F, 0x00, 0x1F, 0x10, 0x0F, 0x10, 0x01
    .byte   0xF0, 0x0F, 0x1F, 0x00, 0x10, 0xF1, 0x0F,   -1, 0x01, 0x00, 0x00, 0x00, 0x01, 0x0F, 0x01, 0x0F
    .byte   0x0F, 0x11, 0xF0, 0x10, 0x00, 0xF0, 0x00, 0x01, 0xF0, 0x01, 0xFF, 0x10, 0x01, 0xF0, 0x00, 0xF1
    .byte   0x1F, 0x00, 0x00, 0x01, 0xF0, 0x00, 0x00, 0x1F,    0, 0x00, 0x0F, 0x1F, 0x11, 0x0F, 0xF1, 0xF1
    .byte   0x1F, 0x00, 0xF1, 0x00, 0x0F, 0x10, 0xF0, 0x10, 0x00, 0x00, 0xF0, 0x10, 0x00, 0x00, 0x00, 0x0F
    .byte   0x10, 0x00, 0x00, 0x00, 0x01, 0xF0, 0x00, 0x00, 0x1F,    0, 0x00, 0x00, 0x1F, 0x00, 0x1F, 0x1F
    .byte   0x00, 0x01, 0xF0, 0x1F, 0x01, 0xF0, 0x00, 0x1F, 0x00, 0x1F, 0x00, 0x00, 0x1F, 0x00, 0x00, 0x00
    .byte   0x00, 0x00, 0x01, 0xFF, 0x10, 0x00, 0x00, 0xF1, 0x00, 0xF1,    0, 0x01, 0xF0, 0x00, 0x00, 0x00
    .byte   0x0F, 0x10, 0x0F, 0x10, 0xF1, 0x01, 0xF1, 0xFF, 0x10, 0xF1, 0x00, 0x00, 0x00, 0x00, 0xF1, 0x00
    .byte   0x00, 0x0F, 0x10, 0x00, 0x01, 0xF0, 0x0F, 0x11, 0xF0, 0x1F, 0x00,   -1, 0x01, 0x00, 0x01, 0xF0
    .byte   0x00, 0x0F, 0x10, 0x1F, 0x1F, 0x00, 0x1F, 0x01, 0xF0, 0x10, 0x0F, 0x00, 0x01, 0xF0, 0x00, 0x00
    .byte   0x00, 0x00, 0xF1, 0x00, 0x00, 0x01, 0xF0, 0x00, 0x00, 0x00, 0x0F, 0x10,    0, 0x0F, 0x11, 0xFF
    .byte   0x11, 0xFF, 0x11, 0xF0, 0x1F, 0x0F, 0x01, 0x00, 0x00, 0x10, 0xF0, 0x00, 0x00, 0x00, 0x00, 0x10
    .byte   0xF0, 0x1F, 0x1F, 0x0F, 0x10, 0x00, 0x1F, 0xF1, 0x00, 0x00, 0xF0, 0x1F, 0x10,    0, 0x00, 0x00
    .byte   0xF0, 0x11, 0xF0, 0x00, 0x00, 0x01, 0xFF, 0x10, 0x00, 0x1F, 0x1F, 0x00, 0x00, 0x00, 0x00, 0x00
    .byte   0x00, 0x00, 0x00, 0xF1, 0x00, 0x00, 0x00, 0x00, 0x00, 0x00, 0x10, 0xF1, 0x0F, 0x00,    0, 0x00
    .byte   0x00, 0x01, 0xF0, 0x00, 0x00, 0x00, 0x0F, 0x10, 0x00, 0x0F, 0x01, 0x00, 0x0F, 0x1F, 0x11, 0xF0
    .byte   0x00, 0x00, 0x00, 0x1F, 0x00, 0x00, 0x0F, 0x10, 0x00, 0x00, 0xF1, 0x00, 0x00, 0x0F, 0x1F,    0
    .byte   0x01, 0x0F, 0x00, 0x0F, 0x11, 0xF0, 0x0F, 0x10, 0xF1, 0x00, 0x01, 0xF0, 0x00, 0x00, 0x00, 0x00
    .byte   0x00, 0xF1, 0x00, 0x01, 0xF0, 0x0F, 0x10, 0x0F, 0x01, 0x00, 0x00, 0x00, 0x0F, 0x10, 0xF1, 0x1F
    .byte      0, 0x00, 0xF1, 0x1F, 0x00, 0x00, 0x00, 0x00, 0x00, 0x00, 0x1F, 0x01, 0xF0, 0x0F, 0x10, 0x00
    .byte   0x00, 0xF1, 0x00, 0x1F, 0x01, 0xF0, 0x00, 0x0F, 0x1F, 0x1F, 0x10, 0x00, 0x00, 0x00, 0x00, 0xF1
    .byte   0x00,    0, 0x00, 0x00, 0x00, 0x00, 0x01, 0xF0, 0xF1, 0x00, 0x1F, 0x00, 0x00, 0x00, 0x01, 0xF0
    .byte   0x01, 0x00, 0x0F, 0x1F, 0x01, 0xF0, 0x00, 0x00, 0xF1, 0x00, 0x00, 0x00, 0x0F, 0x01, 0x01, 0x00
    .byte   0xF0, 0x00,   -1, 0x01, 0x00, 0x0F, 0x10, 0x01, 0xF0, 0x00, 0x00, 0x00, 0xF1, 0x1F, 0x00, 0x00
    .byte   0x00, 0x1F, 0x00, 0x0F, 0x1F, 0x10, 0x00, 0x00, 0x00, 0x0F, 0x11, 0xF0, 0x00, 0x00, 0x00, 0x01
    .byte   0xF0, 0x00, 0x00,    0, 0x00, 0x01, 0xF0, 0x00, 0x0F, 0x1F, 0x10, 0x00, 0x00, 0x00, 0x1F, 0xF0
    .byte   0x10, 0x00, 0x00, 0x1F, 0x00, 0x00, 0x00, 0x00, 0x00, 0x00, 0x01, 0xF1, 0xF0, 0xF1, 0x00, 0x00
    .byte   0x00, 0xF1, 0x00, 0x00,    0, 0x00, 0x1F, 0x00, 0x1F, 0xF0, 0x10, 0x00, 0x1F, 0x1F, 0x00, 0x00
    .byte   0x0F, 0x1F, 0x10, 0xF1, 0x10, 0xF0, 0x00, 0x0F, 0x10, 0xF0, 0x10, 0x01, 0xF0, 0x0F, 0x1F, 0x10
    .byte   0x00, 0x00, 0x01, 0xF0, 0x1F,    0, 0x00, 0x0F, 0x10, 0x00, 0xF1, 0x00, 0x00, 0x01, 0xF0, 0xF1
    .byte   0x00, 0x1F, 0x00, 0x00, 0x00, 0x1F, 0x00, 0x00, 0x00, 0x01, 0xF1, 0xF0, 0x01, 0xF0, 0x00, 0x00
    .byte   0x00, 0x1F, 0x00, 0x00, 0xF1, 0xF0,    0, 0x00, 0x00, 0x01, 0xF0, 0x00, 0x00, 0x1F, 0x00, 0x00
    .byte   0x00, 0x01, 0xF1, 0xF0, 0x00, 0xF0, 0x10, 0x01, 0xF0, 0x00, 0x00, 0x00, 0x00, 0x00, 0x00, 0x00
    .byte   0x0F, 0x01, 0x00, 0x1F, 0x00, 0x00, 0x00,    0, 0x00, 0x01, 0xF0, 0x1F, 0x00, 0x00, 0x00, 0x00
    .byte   0x00, 0x00, 0x00, 0x00, 0x00, 0x00, 0x01, 0xF0, 0x00, 0x01, 0x0F, 0x00, 0x01, 0x0F, 0x00, 0x00
    .byte   0x1F, 0x01, 0xF0, 0x01, 0xF0, 0xF1, 0x00, 0x01,    0, 0x00, 0x00, 0xF1, 0x00, 0x00, 0xF0, 0x10
    .byte   0xF1, 0x00, 0x1F, 0x1F, 0x0F, 0x01, 0x00, 0x00, 0x01, 0x0F, 0x00, 0x00, 0x0F, 0x10, 0x00, 0x00
    .byte   0x00, 0x1F, 0x00, 0x00, 0x00, 0x00, 0x0F, 0x01, 0x01,    0, 0x00, 0x00, 0x00, 0x01, 0xF1, 0xF0
    .byte   0x00, 0x00, 0x1F, 0xF1, 0xF1, 0x00, 0x00, 0x00, 0x00, 0x00, 0x1F, 0x1F, 0xF1, 0x00, 0x00, 0x00
    .byte   0x00, 0x0F, 0x10, 0x1F, 0x0F, 0x1F, 0x10, 0x00, 0x01, 0xFF,    0, 0x00, 0xF1, 0x0F, 0x10, 0x00
    .byte   0x1F, 0x1F, 0xF0, 0x11, 0xF0, 0x00, 0x0F, 0x10, 0x00, 0xF1, 0x00, 0x00, 0x01, 0xF0, 0xF1, 0x01
    .byte   0xF0, 0xF1, 0x1F, 0x01, 0xF0, 0x00, 0x1F, 0x00, 0x01, 0xF0, 0x00,   -1, 0x01, 0x00, 0x00, 0x01
    .byte   0xF0, 0x01, 0xF0, 0x00, 0xF1, 0x00, 0xF1, 0x00, 0x00, 0x0F, 0x10, 0x00, 0x00, 0x00, 0x00, 0xF1
    .byte   0x00, 0x1F, 0xF1, 0x01, 0xF0, 0x00, 0x10, 0xF0, 0x0F, 0x10, 0x00, 0x00,    0, 0x00, 0x00, 0x00
    .byte   0x00, 0x00, 0x00, 0x00, 0x00, 0x00, 0x00, 0xF0, 0x10, 0x00, 0xF1, 0x00, 0x0F, 0x10, 0x00, 0x01
    .byte   0xF0, 0x00, 0x01, 0xF0, 0x00, 0x00, 0x00, 0xF1, 0xF1, 0x00, 0x01, 0xF0, 0x00,    1, 0x0F, 0x00
    .byte   0x00, 0x01, 0x0F, 0x01, 0xF0, 0x00, 0x1F, 0x0F, 0x10, 0x00, 0x00, 0x00, 0x00, 0x00, 0x00, 0x00
    .byte   0xF0, 0x11, 0xFF, 0x10, 0x01, 0xF0, 0xF1, 0x00, 0x01, 0xF0, 0x00, 0x01, 0xF0, 0x1F,    0, 0x00
    .byte   0x00, 0x01, 0xF0, 0x1F, 0x00, 0x01, 0xF0, 0x01, 0x0F, 0x00, 0x00, 0x01, 0x0F, 0x00, 0xF1, 0x00
    .byte   0x1F, 0x00, 0x00, 0x0F, 0x10, 0xF1, 0xF1, 0x00, 0x1F, 0x10, 0xF0, 0x00, 0x0F, 0x10, 0x00,    0
    .byte   0x00, 0x0F, 0x10, 0x00, 0xF1, 0x00, 0x00, 0x00, 0x10, 0xF0, 0x01, 0xF1, 0xF1, 0xF0, 0xF1, 0x1F
    .byte   0x0F, 0x10, 0x00, 0x00, 0x00, 0x00, 0x1F, 0x1F, 0xF1, 0x00, 0x00, 0x00, 0x01, 0xF0, 0x1F, 0x00
    .byte      0, 0x00, 0x00, 0x00, 0x0F, 0x10, 0x0F, 0x01, 0x00, 0x00, 0x1F, 0x00, 0x00, 0x00, 0x00, 0x00
    .byte   0x1F, 0xF1, 0x01, 0x0F, 0x00, 0x00, 0x00, 0x00, 0x00, 0x00, 0x00, 0x00, 0x00, 0x00, 0x00, 0x00
    .byte   0x00,    0, 0x00, 0x00, 0x0F, 0x10, 0x0F, 0x10, 0x00, 0x0F, 0x10, 0x00, 0xF1, 0xF0, 0x11, 0xF0
    .byte   0x00, 0xF1, 0x00, 0x01, 0xF0, 0x00, 0x01, 0xFF, 0x10, 0x00, 0x01, 0xF0, 0x00, 0x00, 0x00, 0x00
    .byte   0x00, 0x00,    0, 0x0F, 0x10, 0x01, 0xF0, 0x00, 0x00, 0x00, 0x00, 0x00, 0x00, 0x00, 0x00, 0x00
    .byte   0x00, 0x1F, 0x00, 0x00, 0x00, 0x0F, 0x10, 0x00, 0x00, 0x00, 0x0F, 0x10, 0x00, 0x00, 0x00, 0xF1
    .byte   0x0F, 0x10, 0x00,   -1, 0x01, 0x00, 0x0F, 0x10, 0x00, 0x0F, 0x10, 0x00, 0xF1, 0x00, 0x0F, 0x10
    .byte   0x00, 0x00, 0x10, 0xFF, 0x10, 0x00, 0x00, 0x00, 0xF1, 0x01, 0xF0, 0x00, 0x00, 0x1F, 0x00, 0x01
    .byte   0xF0, 0x00, 0x00, 0x00,    0, 0x0F, 0x10, 0x00, 0x00, 0x00, 0x01, 0xF0, 0x00, 0x00, 0x00, 0x00
    .byte   0x00, 0xF1, 0x00, 0x00, 0x00, 0x00, 0x00, 0x00, 0xF1, 0x00, 0xF1, 0x00, 0x00, 0x1F, 0x00, 0x00
    .byte   0xF1, 0x00, 0x1F, 0x0F, 0x01,    0, 0x00, 0xF1, 0x1F, 0x00, 0x00, 0x00, 0x01, 0xFF, 0x01, 0xF1
    .byte   0x0F, 0x10, 0x00, 0x00, 0xF1, 0x00, 0x01, 0xF0, 0x00, 0x00, 0x0F, 0x01, 0x1F, 0x00, 0x0F, 0x11
    .byte   0xFF, 0x10, 0x00, 0x01, 0xF0, 0x1F,    0, 0x01, 0xF0, 0x00, 0x01, 0xF1, 0xF0, 0x00, 0x0F, 0x10
    .byte   0x0F, 0x1F, 0x10, 0x00, 0x00, 0x00, 0x01, 0xF0, 0x1F, 0x00, 0x00, 0x00, 0x00, 0x1F, 0x10, 0xF0
    .byte   0x00, 0x0F, 0x10, 0x00, 0x01, 0x00, 0xF0,    1, 0x0F, 0x00, 0x00, 0x00, 0x00, 0x00, 0x01, 0x0F
    .byte   0x00, 0x00, 0x1F, 0x1F, 0x00, 0xF1, 0x00, 0x00, 0x00, 0x00, 0x00, 0x00, 0xF0, 0x10, 0x00, 0x01
    .byte   0xF0, 0x00, 0x00, 0x00, 0x1F, 0x00, 0x00, 0x00,    0, 0x00, 0x00, 0x01, 0x0F, 0x00, 0x1F, 0x00
    .byte   0x0F, 0x10, 0x00, 0x00, 0x10, 0xF0, 0x01, 0x0F, 0x00, 0xF1, 0x00, 0x00, 0x00, 0x1F, 0x00, 0x00
    .byte   0x01, 0xF0, 0x00, 0x1F, 0x00, 0x00, 0x00, 0x00, 0xF1,    0, 0x00, 0x01, 0x0F, 0x01, 0xF1, 0xF0
    .byte   0x00, 0x01, 0xF0, 0x00, 0x00, 0xF1, 0x1F, 0x0F, 0x1F, 0x10, 0x00, 0x00, 0x01, 0xF0, 0x00, 0x1F
    .byte   0x01, 0xF0, 0x00, 0x00, 0x00, 0x00, 0x0F, 0x11, 0xF0, 0x00,    0, 0x00, 0x1F, 0xF0, 0x10, 0x00
    .byte   0x00, 0x00, 0x00, 0x01, 0xF0, 0xF1, 0x00, 0x00, 0x00, 0x1F, 0x00, 0x00, 0x01, 0xF0, 0xF1, 0x00
    .byte   0x00, 0x00, 0x00, 0x00, 0x00, 0x00, 0x00, 0x00, 0x00, 0x01, 0xF0,    0, 0x00, 0x00, 0xF1, 0x00
    .byte   0x00, 0x00, 0x00, 0x00, 0x00, 0x00, 0x00, 0x00, 0x0F, 0x10, 0x00, 0x0F, 0x1F, 0x10, 0x00, 0x0F
    .byte   0x10, 0xF1, 0x1F, 0x00, 0x00, 0x10, 0xF0, 0x00, 0xF1, 0xF1, 0x00, 0x00,    0, 0x00, 0x1F, 0x1F
    .byte   0x00, 0x1F, 0x0F, 0x01, 0x00, 0xF1, 0x1F, 0x00, 0x1F, 0x00, 0x00, 0xF1, 0xF1, 0x00, 0x00, 0xF1
    .byte   0x01, 0xF1, 0xF0, 0x0F, 0x10, 0xF1, 0x00, 0xF1, 0x0F, 0x10, 0x00, 0x00, 0x00,    0, 0x00, 0x00
    .byte   0x00, 0x00, 0x00, 0x00, 0x00, 0x00, 0x00, 0x01, 0xF0, 0x01, 0xF0, 0x01, 0xF0, 0x00, 0x1F, 0x00
    .byte   0x00, 0x00, 0x0F, 0x11, 0xF0, 0x00, 0xF1, 0x00, 0x1F, 0x00, 0x00, 0x0F, 0x10, 0x00,    0, 0x00
    .byte   0x00, 0xF1, 0xF1, 0x0F, 0x10, 0x00, 0x00, 0x00, 0x00, 0x00, 0x00, 0xF1, 0x00, 0x00, 0x00, 0x00
    .byte   0x0F, 0x10, 0x00, 0x00, 0xF1, 0x00, 0x00, 0x00, 0x01, 0xF1, 0xF0, 0x00, 0x1F, 0x00, 0xF0,    1
    .byte   0x0F, 0xF1, 0x0F, 0x1F, 0x1F, 0x11, 0xF0, 0x0F, 0x10, 0x00, 0x0F, 0x01, 0x00, 0x00, 0x0F, 0x01
    .byte   0x01, 0xF0, 0x01, 0xF0, 0x00, 0x01, 0x0F, 0x00, 0x1F, 0x0F, 0x10, 0x00, 0x00, 0x00, 0x1F, 0xF0
    .byte      0, 0x00, 0x01, 0xF0, 0x01, 0x0F, 0x00, 0x00, 0x1F, 0x00, 0x1F, 0x00, 0x1F, 0x1F, 0x00, 0xF1
    .byte   0x1F, 0xF0, 0x10, 0x00, 0x00, 0x00, 0x00, 0x0F, 0x01, 0x01, 0xF1, 0xF0, 0x00, 0x01, 0xF0, 0x0F
    .byte   0x10,    0, 0x01, 0xFF, 0x10, 0xF1, 0x1F, 0x1F, 0x00, 0xF1, 0x0F, 0x10, 0x00, 0x00, 0x01, 0xF1
    .byte   0xF0, 0xF1, 0x00, 0x0F, 0x10, 0x00, 0x00, 0x00, 0x00, 0x00, 0x01, 0x0F, 0x00, 0x00, 0x00, 0xF0
    .byte   0x10, 0x00,    0, 0x0F, 0x11, 0xF0, 0xF1, 0x00, 0x00, 0x00, 0x00, 0x10, 0xF0, 0x00, 0x10, 0xF1
    .byte   0xF0, 0x00, 0x00, 0x00, 0x01, 0x00, 0xF0, 0x00, 0x00, 0x00, 0x01, 0xF1, 0xF0, 0x1F, 0x1F, 0xF1
    .byte   0xF1, 0x00, 0x00,    0, 0x00, 0x1F, 0x0F, 0x1F, 0x10, 0x00, 0x01, 0xF0, 0xF1, 0x10, 0xFF, 0x10
    .byte   0xF1, 0x00, 0x00, 0x1F, 0x00, 0x10, 0xF0, 0x00, 0x00, 0x00, 0x00, 0x00, 0x1F, 0x00, 0x01, 0xF0
    .byte   0xF0, 0x1F, 0x01, 0xF1,    0, 0x00, 0x00, 0x00, 0x00, 0xF1, 0x00, 0x01, 0xF1, 0xF0, 0x0F, 0x10
    .byte   0xF1, 0x00, 0x00, 0xF1, 0x00, 0xF0, 0x10, 0xF1, 0x00, 0x00, 0x0F, 0x10, 0x00, 0x01, 0xF0, 0x00
    .byte   0x00, 0x00, 0x1F, 0x1F, 0x00,    0, 0x01, 0xFF, 0x11, 0xF0, 0xF1, 0x00, 0x1F, 0x00, 0x00, 0x01
    .byte   0xF0, 0x1F, 0xF0, 0x10, 0x00, 0x00, 0x00, 0xF1, 0x0F, 0x10, 0xF1, 0x00, 0x00, 0x00, 0x00, 0x01
    .byte   0xF0, 0x00, 0x01, 0xF0, 0x00, 0x00,    0, 0x00, 0x10, 0xF1, 0xF0, 0xF1, 0x00, 0x00, 0x01, 0xF0
    .byte   0x01, 0xF0, 0x00, 0x01, 0xF0, 0x00, 0xF1, 0x00, 0x00, 0x00, 0xF1, 0x00, 0x00, 0x0F, 0x11, 0xF1
    .byte   0xF0, 0x00, 0x00, 0x0F, 0x10, 0x1F, 0x1F,    0, 0x01, 0xF0, 0x00, 0x00, 0x0F, 0x11, 0xF0, 0xF1
    .byte   0x00, 0x10, 0xF0, 0x00, 0x00, 0x00, 0x00, 0x1F, 0xF1, 0x00, 0x0F, 0x10, 0x00, 0x00, 0x01, 0xF1
    .byte   0xF0, 0x0F, 0x10, 0x00, 0x1F, 0x00, 0x00, 0x00,    0, 0x01, 0xF0, 0x00, 0x00, 0xF1, 0x00, 0x10
    .byte   0xF0, 0x01, 0xF0, 0xF1, 0x00, 0x00, 0x00, 0xF1, 0x00, 0x1F, 0x1F, 0x00, 0x01, 0xFF, 0x00, 0x01
    .byte   0x00, 0x0F, 0x10, 0x0F, 0x11, 0xF0, 0x1F, 0x1F, 0x00,    0, 0x00, 0x00, 0x00, 0x0F, 0x10, 0x0F
    .byte   0x10, 0x00, 0x00, 0x0F, 0x10, 0x01, 0xF0, 0x1F, 0x00, 0xF1, 0x01, 0xFF, 0x10, 0x00, 0x00, 0x1F
    .byte   0x01, 0x0F, 0x00, 0x10, 0xF0, 0x00, 0x00, 0x00, 0x00, 0x00,    0, 0x00, 0x00, 0x00, 0x00, 0x01
    .byte   0xF0, 0xF1, 0x00, 0xF1, 0xF1, 0x00, 0x00, 0x00, 0x00, 0x00, 0xF1, 0x00, 0x00, 0x00, 0xF1, 0xF1
    .byte   0x00, 0x00, 0x00, 0xF1, 0x00, 0x00, 0x1F, 0x00, 0x00, 0x00, 0x1F,    1, 0x0F, 0xF1, 0x00, 0x00
    .byte   0x1F, 0x00, 0x00, 0x1F, 0x01, 0xF0, 0x00, 0x1F, 0x00, 0x00, 0x00, 0x00, 0x01, 0x0F, 0x01, 0xF0
    .byte   0x00, 0x00, 0xF1, 0x1F, 0x00, 0x00, 0x00, 0x0F, 0x1F, 0x1F, 0x10, 0x0F,    0, 0x01, 0xF0, 0xF1
    .byte   0x1F, 0x00, 0x00, 0x00, 0x00, 0x0F, 0x10, 0xF1, 0x00, 0x00, 0x0F, 0x11, 0xF0, 0xF1, 0x00, 0x00
    .byte   0x00, 0x00, 0x01, 0xFF, 0x10, 0x01, 0xF0, 0x00, 0x00, 0x00, 0x00, 0xF1, 0x00,    0, 0x00, 0x00
    .byte   0x0F, 0x01, 0x00, 0xF1, 0x00, 0x00, 0x00, 0x00, 0x00, 0x01, 0xF0, 0x00, 0x0F, 0x01, 0x00, 0x0F
    .byte   0x10, 0x00, 0x00, 0x01, 0xF0, 0x0F, 0x1F, 0x10, 0x00, 0xF1, 0x00, 0x00, 0x1F, 0x1F,    0, 0x0F
    .byte   0x10, 0x00, 0x00, 0x1F, 0x00, 0x00, 0x00, 0x00, 0x00, 0xF1, 0x00, 0x00, 0x01, 0x0F, 0x00, 0x1F
    .byte   0x0F, 0x10, 0x1F, 0x00, 0x00, 0x00, 0x1F, 0x00, 0xF0, 0x01, 0x01, 0xF0, 0x01, 0xFF, 0x10,    0
    .byte   0x00, 0x1F, 0x0F, 0x10, 0x00, 0x00, 0x00, 0x00, 0x1F, 0x00, 0xF1, 0x11, 0xF0, 0x0F, 0xFF, 0xF0
    .byte   0x20, 0x0F, 0x01, 0xF1, 0x11, 0x00, 0xEE, 0xF1, 0x20, 0x20, 0x0E, 0x00, 0x12, 0x0E, 0xE0, 0x12
    .byte      4, 0x0F, 0xFE, 0xF2, 0x11, 0xFE, 0xF0, 0x11, 0x1F, 0x11, 0x21, 0xFE, 0xE1, 0x02, 0xFF, 0xEF
    .byte   0x12, 0x21, 0x0F, 0xF0, 0xFF, 0xEE, 0x01, 0x12, 0x22, 0xFE, 0xFF, 0x00, 0xFF, 0x0E, 0x12, 0x20
    .byte   0x10,   -1, 0x0F, 0x01, 0x11, 0xEF, 0x22, 0x02, 0x1E, 0xEE, 0xE2, 0x2E, 0x10, 0x02, 0xE2, 0x3E
    .byte   0xFE, 0xFF, 0xE0, 0xE2, 0x2D, 0x21, 0x22, 0x2F, 0xEE, 0xD2, 0x30, 0xFF, 0x0D, 0xF2, 0x33, 0xFC
    .byte   0xDF, 0x33,   13, 0x00, 0xDF, 0xDF, 0x33, 0xED, 0xCE, 0x34, 0x22, 0x0E, 0x0F, 0xEE, 0x0E, 0xF1
    .byte   0xE2, 0x32, 0x1E, 0xFE, 0x02, 0x10, 0x0E, 0xD2, 0x22, 0x2E, 0xDE, 0xF2, 0x42, 0xDD, 0xF2, 0x22
    .byte   0x0D, 0xEE, 0xF4,   11, 0x01, 0xDD, 0xFF, 0x33, 0x0E, 0xCD, 0x34, 0x32, 0xFC, 0xEE, 0x0F, 0x0E
    .byte   0xE3, 0x23, 0x20, 0xEE, 0xE1, 0x1E, 0xEE, 0xF1, 0x23, 0x1E, 0x23, 0xEE, 0xE0, 0xF0, 0x11, 0x0D
    .byte   0x03, 0x01, 0x01, 0xE2,    6, 0x00, 0x1D, 0xE3, 0xDD, 0x24, 0x3E, 0xED, 0xEF, 0x22, 0x10, 0xDF
    .byte   0x23, 0x32, 0xDC, 0xE2, 0x22, 0x2F, 0xEE, 0x22, 0x1F, 0xE0, 0xE2, 0x3F, 0xED, 0xE2, 0x32, 0xEE
    .byte   0xFE, 0x31, 0x2E, 0xEE, 0xE3,    4, 0x01, 0x2D, 0xD2, 0x23, 0xFD, 0xD0, 0x21, 0x24, 0xFD, 0xEE
    .byte   0x32, 0xED, 0xD2, 0x13, 0xF0, 0x20, 0xE1, 0x31, 0x0D, 0xCE, 0x41, 0x3F, 0xDE, 0xF3, 0xF2, 0x2D
    .byte   0x1D, 0xE3, 0x20, 0xF3, 0xEE, 0x0D,   -6, 0x0F, 0x03, 0x2E, 0xF1, 0xE2, 0x21, 0xEE, 0xFF, 0xE1
    .byte   0x33, 0xED, 0xD1, 0x33, 0xEF, 0xEE, 0xE2, 0x31, 0x2E, 0xDE, 0x13, 0x2E, 0xCF, 0x32, 0x3F, 0xFF
    .byte   0xDE, 0x13, 0x3E, 0xCD, 0x34, 0xFF, 0xF0,   -6, 0x0D, 0x24, 0x4D, 0xC1, 0xE3, 0x01, 0x0F, 0xDD
    .byte   0x23, 0x4E, 0x0E, 0xD1, 0x22, 0x1D, 0xE1, 0x2F, 0xF3, 0x1F, 0xD0, 0x32, 0xEE, 0xFF, 0xFE, 0xF2
    .byte   0x20, 0xE2, 0x21, 0x1E, 0xEF, 0xEE, 0x22, 0xF0,   -2, 0x02, 0x3D, 0xF2, 0xFE, 0xEE, 0x03, 0x0F
    .byte   0x3F, 0xEE, 0xFF, 0x22, 0xD1, 0xEF, 0x33, 0x0E, 0xEF, 0xE1, 0xD2, 0x3E, 0xEE, 0x04, 0x2E, 0xEF
    .byte   0xED, 0xF2, 0x23, 0xFE, 0xF1, 0x31, 0xEC, 0xD3, 0x31,    7, 0x01, 0x0E, 0xE2, 0x22, 0xEC, 0xF1
    .byte   0x23, 0x1F, 0xE2, 0xFF, 0x0F, 0x0E, 0xD1, 0x13, 0x0E, 0x1E, 0x22, 0xEE, 0x11, 0x01, 0x01, 0x2E
    .byte   0xEE, 0x0E, 0xF0, 0x21, 0xE0, 0x33, 0x2E, 0xE2, 0x13, 0x23,   26, 0x01, 0x01, 0x02, 0x12, 0xEE
    .byte   0xF0, 0xEF, 0xEF, 0x0F, 0xE0, 0xFE, 0xFD, 0xEE, 0xFE, 0xDE, 0xDE, 0xD0, 0xEE, 0xED, 0xE2, 0xF0
    .byte   0x0F, 0xEE, 0xE3, 0x43, 0x45, 0x67, 0x64, 0x00, 0xDA, 0xBB, 0xBC,  -29, 0x0E, 0x35, 0x56, 0x44
    .byte   0xEC, 0xDD, 0xDC, 0xBC, 0xCE, 0xF2, 0x31, 0x02, 0x32, 0x12, 0x2F, 0xDD, 0x11, 0xEE, 0x10, 0xFE
    .byte   0xF1, 0x1D, 0xDE, 0xDD, 0xDF, 0x2E, 0xE1, 0xDE, 0xDD, 0x45, 0x56, 0x77,  126, 0x01, 0x0D, 0xC9
    .byte   0xBC, 0xCB, 0xC0, 0x46, 0x55, 0x52, 0xFD, 0x11, 0xDB, 0xBC, 0xCC, 0xE0, 0x2E, 0xE3, 0x33, 0x33
    .byte   0x32, 0xEE, 0x0E, 0xFD, 0xDE, 0xEE, 0x33, 0x2E, 0xDF, 0xFE, 0xD0, 0xDC, 0xDD,  -65, 0x01, 0xFD
    .byte   0xED, 0xDE, 0x42, 0x54, 0x77, 0x74, 0x11, 0xDB, 0xAC, 0xCB, 0xBC, 0x05, 0x45, 0x52, 0x32, 0x23
    .byte   0xFD, 0xDC, 0xBC, 0xDC, 0xFD, 0xD1, 0x03, 0x34, 0x33, 0x02, 0x10, 0xFE, 0xDD, 0xEE,  -21, 0x02
    .byte   0x22, 0x0D, 0x01, 0xFD, 0xED, 0xCD, 0xD2, 0x2D, 0xED, 0x0D, 0xD4, 0x45, 0x57, 0x76, 0x41, 0x0E
    .byte   0xBB, 0xCB, 0xBB, 0xC1, 0x43, 0x45, 0x23, 0x33, 0x32, 0xEE, 0xDC, 0xCC, 0xDC, 0xBD, 0xFE,  -49
    .byte   0x03, 0x33, 0x42, 0x42, 0x12, 0xEE, 0xED, 0xEF, 0xEE, 0x1D, 0x1E, 0xDF, 0xFE, 0xED, 0xDE, 0xD0
    .byte   0x12, 0xDD, 0xCF, 0x13, 0x45, 0x47, 0x76, 0x51, 0x1F, 0xDB, 0x0B, 0xAC, 0xBD, 0x32, 0x33, 0x21
    .byte     23, 0x03, 0x43, 0x11, 0x0D, 0xEE, 0xDC, 0xCC, 0xDC, 0xEF, 0xF2, 0x03, 0x43, 0x33, 0x32, 0xEF
    .byte   0x1F, 0x00, 0xE1, 0xDD, 0xED, 0xDC, 0xDD, 0xDE, 0xDD, 0xF1, 0x13, 0x1D, 0x2D, 0xE5, 0x35, 0x56
    .byte   0x65,  109, 0x03, 0x20, 0xCE, 0xED, 0xBC, 0xCD, 0xDD, 0x2E, 0xDF, 0xE3, 0x23, 0x22, 0x21, 0x32
    .byte   0xFE, 0xDD, 0xDD, 0xDE, 0xED, 0xE1, 0x32, 0x32, 0x20, 0xF0, 0x23, 0x13, 0x1F, 0x0E, 0xED, 0xCC
    .byte   0xCC, 0xED,  -80, 0x0E, 0xD1, 0x21, 0x2F, 0xE1, 0xE2, 0x43, 0x45, 0x65, 0x55, 0x34, 0xFF, 0x3E
    .byte   0xDC, 0xCC, 0xDD, 0xDE, 0xCC, 0xCE, 0xFE, 0x11, 0x21, 0x33, 0x41, 0x3F, 0x10, 0xF1, 0xEE, 0xED
    .byte   0x0E, 0xFF, 0xEF,  -13, 0x0E, 0xE0, 0x21, 0x23, 0x22, 0x12, 0xFE, 0xDD, 0xDC, 0xDC, 0xD0, 0xDF
    .byte   0x11, 0x0F, 0xF1, 0xF3, 0x32, 0x34, 0x55, 0x45, 0x43, 0x31, 0x43, 0xED, 0xCE, 0xFD, 0xEF, 0xDB
    .byte   0xCC, 0xED, 0xDD, 0xED,  -44, 0x03, 0x33, 0x22, 0x22, 0x22, 0x32, 0x11, 0x22, 0xFE, 0xEE, 0xDD
    .byte   0xDE, 0xEE, 0xF2, 0x11, 0x13, 0x2E, 0x0E, 0xFE, 0xDE, 0xDF, 0xDD, 0xFE, 0x0F, 0x12, 0xF1, 0x02
    .byte   0x00, 0x23, 0x23, 0x33, 0x51,   28, 0x04, 0x14, 0x21, 0x3E, 0x20, 0xE2, 0xEE, 0xED, 0xDE, 0xDD
    .byte   0xDD, 0xDE, 0xDF, 0x0E, 0x20, 0x20, 0x32, 0x22, 0x22, 0x21, 0x11, 0xE1, 0xD1, 0xD0, 0xEE, 0xEE
    .byte   0xEE, 0x10, 0x1F, 0x0E, 0x3D, 0x31,  -19, 0x04, 0xB5, 0xB3, 0x2C, 0x3D, 0x2D, 0x4C, 0x4F, 0xC5
    .byte   0xB3, 0x4B, 0x5C, 0x31, 0x24, 0xE4, 0xF2, 0x13, 0x22, 0x22, 0xE3, 0xF1, 0x3E, 0x2D, 0xE1, 0xED
    .byte   0xFD, 0xED, 0xFD, 0x00, 0xEF, 0x12, 0xD3,   -1, 0x00, 0x20, 0xF3, 0xD0, 0x3C, 0x3E, 0xD2, 0xD3
    .byte   0xD0, 0x3A, 0x6C, 0xF3, 0xD3, 0xC4, 0xFE, 0x3E, 0xD4, 0xC3, 0x0E, 0x3C, 0x4B, 0x5B, 0x5D, 0xC5
    .byte   0xB4, 0x2E, 0x31, 0xC5, 0xC3, 0x3C, 0x5B, 0x5C,    3, 0x04, 0xC4, 0xED, 0x4D, 0x33, 0xC4, 0xD2
    .byte   0x11, 0x3E, 0xFF, 0xFE, 0x21, 0xE0, 0xEE, 0x20, 0xE1, 0xD1, 0x1E, 0x2D, 0x3D, 0xFF, 0xD3, 0xD1
    .byte   0xEE, 0xF2, 0xD3, 0xEE, 0x3C, 0x32, 0xE3, 0xC2, 0x2D,  -12, 0x0E, 0x02, 0xC4, 0xD3, 0xE1, 0xE1
    .byte   0x2D, 0x4C, 0x5B, 0x32, 0xD4, 0xEF, 0x1F, 0xE4, 0xC4, 0xD3, 0xEE, 0x22, 0xE3, 0xFD, 0x4C, 0x4F
    .byte   0xF2, 0xFE, 0x3D, 0x4C, 0x30, 0xD4, 0xC4, 0xD2, 0xD3, 0xD3,   21, 0x0E, 0x1E, 0x1F, 0x2C, 0x4C
    .byte   0x4D, 0xE0, 0xE2, 0xD3, 0xC4, 0xC2, 0xFE, 0x2E, 0x2C, 0x31, 0xE2, 0xE1, 0x3C, 0x4C, 0x4D, 0x11
    .byte   0xE1, 0xE4, 0xC4, 0xD0, 0x03, 0xC5, 0xB3, 0x3C, 0x4D, 0x30, 0xF1,   -3, 0x02, 0x1E, 0x2F, 0x2D
    .byte   0x4C, 0x4C, 0x3D, 0x4E, 0x01, 0x1D, 0x32, 0xE2, 0xD3, 0xC5, 0xB6, 0xA5, 0xB5, 0xC1, 0x3C, 0x5B
    .byte   0x5B, 0x4C, 0x4D, 0x3C, 0x3E, 0xE3, 0xD2, 0xD2, 0xE3, 0xD3, 0xC3, 0xED,   13, 0x0B, 0x3F, 0xD3
    .byte   0xFD, 0x5B, 0x4D, 0xC6, 0x97, 0xB2, 0xFE, 0xF3, 0xD3, 0x1C, 0x5B, 0x5C, 0x4D, 0x0D, 0x4B, 0x6B
    .byte   0x4D, 0xE3, 0xC5, 0xC3, 0xD2, 0xD4, 0xD4, 0xC2, 0x2D, 0x4C, 0x4E, 0xD4, 0xD2,    0, 0x04, 0xC3
    .byte   0xD1, 0x2D, 0x31, 0x1E, 0x2D, 0x2D, 0x4B, 0x6A, 0x6A, 0x5E, 0x04, 0xA6, 0xA6, 0xA6, 0xA6, 0xA5
    .byte   0xB5, 0xDE, 0x4B, 0x5B, 0x5B, 0x5D, 0x1E, 0x2C, 0x5B, 0x69, 0x6C, 0xD5, 0xB4, 0xEE,   -4, 0x02
    .byte   0xE3, 0xD3, 0xC5, 0xB5, 0xB3, 0xE3, 0xE2, 0xED, 0x4B, 0x50, 0xC4, 0xCD, 0x6B, 0x43, 0xA6, 0xB3
    .byte   0x4A, 0x79, 0x6B, 0x4C, 0x24, 0xB5, 0x97, 0xA5, 0x1C, 0x5C, 0x2D, 0x5B, 0x5C, 0x4B, 0x41,  -12
    .byte   0x06, 0xA5, 0xEC, 0x32, 0xC5, 0xCE, 0x4B, 0x5D, 0xE3, 0x2B, 0x69, 0x6D, 0xC6, 0xA6, 0xB3, 0xFF
    .byte   0xC7, 0x97, 0x91, 0x69, 0x79, 0x6D, 0xC4, 0xD4, 0xFD, 0x3D, 0xFE, 0x4C, 0x40, 0xB6, 0x96, 0xFD
    .byte     13, 0x0B, 0x4B, 0x42, 0xC6, 0xA5, 0xDD, 0x4C, 0x5C, 0x12, 0xDD, 0x5B, 0x5E, 0xB7, 0x87, 0xDB
    .byte   0x6A, 0x41, 0xC6, 0xA4, 0x2B, 0x6B, 0x5D, 0xD2, 0x3A, 0x79, 0x54, 0xA7, 0x97, 0x95, 0x4A, 0x6C
    .byte   0xB7,  -33, 0x07, 0xEA, 0x79, 0x79, 0x55, 0x96, 0xDE, 0xE4, 0xA7, 0x97, 0xA4, 0x3A, 0x6A, 0x6A
    .byte   0x7A, 0xF5, 0x97, 0xC2, 0x3D, 0xC4, 0xA6, 0x3C, 0x78, 0x5B, 0xD7, 0xA6, 0xF9, 0x6B, 0x26, 0xB4
    .byte   0x29, 0x6B,  -16, 0x05, 0xD4, 0xB4, 0xA5, 0x2C, 0x6E, 0xB5, 0xCA, 0x7C, 0x3D, 0x4C, 0xC7, 0x85
    .byte   0x68, 0x75, 0x95, 0xAC, 0x54, 0x51, 0xBD, 0xA5, 0x54, 0x5A, 0x09, 0xE6, 0x26, 0x2B, 0xCC, 0xC4
    .byte   0x43, 0x4C, 0xCC,  -22, 0x04, 0x26, 0xCC, 0x2B, 0x4E, 0xF5, 0xC3, 0xEC, 0xE1, 0x33, 0x4C, 0xEE
    .byte   0xC3, 0x40, 0x4C, 0xC1, 0xE3, 0x5E, 0xD1, 0xBD, 0x41, 0x44, 0xCE, 0xCE, 0x23, 0x4E, 0x1D, 0xD0
    .byte   0x22, 0x31, 0xED, 0xE1,   -2, 0x03, 0x2E, 0xEE, 0xED, 0x33, 0x11, 0x1D, 0xFF, 0x12, 0x21, 0x0E
    .byte   0xEF, 0x11, 0x21, 0xFF, 0xFE, 0x01, 0x02, 0x00, 0xE0, 0xF0, 0x20, 0x1F, 0x0E, 0x01, 0x02, 0x00
    .byte   0xE0, 0xF1, 0x11, 0x0F, 0x0F,   -2, 0x0F, 0x10, 0x0F, 0xF1, 0x00, 0x10, 0x0F, 0x00, 0x01, 0xF1
    .byte   0x0F, 0x00, 0x01, 0x01, 0xF1, 0xF0, 0x00, 0x10, 0x00, 0x00, 0x01, 0xF0, 0x00, 0x01, 0x00, 0x00
    .byte   0x00, 0x1F, 0x1F, 0x00, 0x00, 0x00,    1, 0x00, 0xF1, 0xF1, 0x00, 0x1F, 0x1F, 0x1F, 0x00, 0x10
    .byte   0x0F, 0x00, 0x1F, 0x00, 0x00, 0x0F, 0x00, 0x10, 0x1F, 0xF1, 0xF1, 0xF0, 0x01, 0x00, 0xF0, 0x11
    .byte   0xF0, 0xF1, 0x00, 0xF1, 0xF0, 0x1F, 0x01,    0, 0x00, 0x00, 0x01, 0xF1, 0x0F, 0x01, 0x00, 0xF0
    .byte   0x00, 0x0F, 0x10, 0x01, 0x0F, 0x01, 0xF1, 0x0F, 0x1F, 0x01, 0xF0, 0x10, 0x0F, 0x00, 0x00, 0xF0
    .byte   0x00, 0x10, 0x00, 0x00, 0x0F, 0x00, 0x01, 0x00,   -1, 0x00, 0x00, 0x01, 0xF1, 0xF0, 0x01, 0xF0
    .byte   0x1F, 0x1F, 0x00, 0x00, 0x00, 0x10, 0xF1, 0xF0, 0x00, 0x01, 0x0F, 0x1F, 0x00, 0x10, 0x00, 0xF1
    .byte   0x00, 0x10, 0x0F, 0xF0, 0x11, 0x10, 0xFE, 0x00, 0x02,    2, 0x00, 0x1F, 0xEF, 0xF0, 0x22, 0x1F
    .byte   0xEE, 0xF1, 0x22, 0x10, 0xEE, 0xF0, 0x21, 0x2F, 0xEF, 0xF1, 0x11, 0x1F, 0xFF, 0x01, 0x00, 0x10
    .byte   0xFF, 0x00, 0x11, 0x0F, 0x00, 0x1F, 0x00, 0x0F, 0x01, 0x01,    1, 0x0F, 0xFF, 0x01, 0x11, 0x0F
    .byte   0xFF, 0x10, 0x10, 0x0F, 0x1F, 0x10, 0x00, 0x00, 0xF0, 0x01, 0x00, 0x00, 0xF0, 0x1F, 0x11, 0xF0
    .byte   0xF1, 0x01, 0xF0, 0xF0, 0x01, 0x00, 0x0F, 0x1F, 0x11, 0x0F, 0x00,   -1, 0x01, 0x00, 0x01, 0xF1
    .byte   0xF0, 0x00, 0x1F, 0x00, 0x1F, 0x00, 0x01, 0xF0, 0x1F, 0x00, 0x1F, 0x01, 0xF0, 0x1F, 0x01, 0xF0
    .byte   0x00, 0x00, 0x00, 0x00, 0xF1, 0xF1, 0x00, 0x00, 0x00, 0x0F, 0x10, 0x00,    0, 0x00, 0x00, 0x00
    .byte   0x0F, 0x01, 0x1F, 0x00, 0x00, 0x00, 0x00, 0x00, 0x00, 0x1F, 0x00, 0x00, 0x00, 0x1F, 0x00, 0xF0
    .byte   0x10, 0x0F, 0x10, 0x00, 0x00, 0x0F, 0x10, 0x00, 0x0F, 0x10, 0x1F, 0x0F, 0x01,    0, 0x00, 0x00
    .byte   0x0F, 0x00, 0x10, 0x00, 0x0F, 0x10, 0xF1, 0x1F, 0x0F, 0x10, 0x00, 0x00, 0x00, 0x00, 0x00, 0x01
    .byte   0xF0, 0x00, 0xF1, 0x00, 0x00, 0x00, 0x00, 0x00, 0x1F, 0x01, 0xF1, 0xF0, 0xF1, 0x00,    0, 0x00
    .byte   0xF1, 0x0F, 0x10, 0x01, 0xF0, 0x0F, 0x10, 0x00, 0x00, 0x00, 0x01, 0xF0, 0x00, 0x0F, 0x1F, 0x10
    .byte   0x00, 0x00, 0x1F, 0xF1, 0x00, 0x1F, 0x00, 0x0F, 0x10, 0x00, 0x1F, 0x0F, 0x10, 0x1F, 0x00,    0
    .byte   0x01, 0xF0, 0x1F, 0xF1, 0x00, 0x0F, 0x10, 0x00, 0xF1, 0xF1, 0x00, 0x00, 0x00, 0x00, 0xF1, 0x01
    .byte   0xF0, 0x1F, 0xF1, 0xF1, 0x0F, 0x10, 0xF1, 0x00, 0xF1, 0x00, 0x00, 0x0F, 0x1F, 0x00, 0x10, 0x00
    .byte      0, 0x00, 0x00, 0x00, 0x00, 0x0F, 0x01, 0xF1, 0x0F, 0x00, 0x10, 0xF1, 0x1F, 0x00, 0xF1, 0x10
    .byte   0xF0, 0x1F, 0x0F, 0x01, 0x01, 0xF1, 0x00, 0x0F, 0x0F, 0xF0, 0x10, 0x11, 0x1F, 0xF1, 0x1F, 0x01
    .byte   0x10,    4, 0x02, 0x0F, 0x10, 0x22, 0x2D, 0x2D, 0x9D, 0xDE, 0x76, 0x56, 0xEC, 0xBA, 0xAA, 0xB4
    .byte   0x67, 0x76, 0x3B, 0x98, 0x9C, 0xF7, 0x77, 0x75, 0x3A, 0x88, 0x8C, 0xE7, 0x77, 0x77, 0x18, 0x88
    .byte   0x9D, 0x57,    7, 0x07, 0x73, 0xAA, 0x89, 0xD3, 0x67, 0x65, 0x3B, 0x99, 0x9C, 0x37, 0x77, 0x62
    .byte   0xCA, 0x9B, 0xAC, 0x46, 0x77, 0x42, 0xBA, 0xA9, 0xE3, 0x46, 0x62, 0x1C, 0xBD, 0xD2, 0x53, 0x43
    .byte   0xCD, 0xBD, 0x13,    5, 0x04, 0x22, 0xFC, 0xDD, 0xD1, 0x12, 0x23, 0xF0, 0x0E, 0xED, 0xFF, 0x12
    .byte   0x22, 0x22, 0xFE, 0x0E, 0x02, 0x10, 0x2F, 0xE0, 0xFF, 0x2E, 0xF0, 0xE0, 0x01, 0x20, 0x20, 0xF1
    .byte   0x0E, 0x1F, 0x0F, 0xFF,   -2, 0x00, 0x02, 0x00, 0x0E, 0x0E, 0x00, 0x01, 0x20, 0x20, 0x00, 0xFF
    .byte   0xFF, 0x00, 0xF1, 0x10, 0x1F, 0x11, 0x10, 0xFF, 0x0E, 0xF0, 0x01, 0x00, 0x11, 0x01, 0x1F, 0x00
    .byte   0xEF, 0x01, 0x11, 0x11, 0x10,   -1, 0x0F, 0x0F, 0x01, 0x11, 0x1F, 0x01, 0xF1, 0xF1, 0x11, 0x10
    .byte   0x0F, 0x10, 0x02, 0x01, 0x02, 0x01, 0xF1, 0xF0, 0x11, 0x11, 0x0F, 0xEF, 0xEE, 0xFE, 0xFE, 0xFF
    .byte   0xFE, 0xEE, 0xEF, 0xEF, 0x10, 0xF0,  -33, 0x0E, 0xFE, 0xEF, 0xFF, 0x12, 0x31, 0x22, 0x34, 0x45
    .byte   0x55, 0x32, 0xEC, 0xCE, 0xDF, 0x20, 0xFE, 0xCC, 0xBC, 0xCE, 0x23, 0x43, 0x3E, 0x0F, 0x13, 0x34
    .byte   0x43, 0xFE, 0xCC, 0xBC, 0xDD, 0x11, 0x20,  -29, 0x00, 0xE0, 0x10, 0x23, 0x01, 0xED, 0xCD, 0xCD
    .byte   0xEF, 0xEE, 0x0E, 0x03, 0x35, 0x57, 0x67, 0x42, 0x11, 0x1D, 0xAB, 0xCC, 0x10, 0xED, 0xCC, 0xBC
    .byte   0xD0, 0x45, 0x55, 0x53, 0x2E, 0xDF, 0x11, 0x31,   56, 0x0C, 0xCB, 0xBC, 0xCF, 0x24, 0x43, 0x42
    .byte   0x31, 0x23, 0x33, 0x21, 0xDC, 0xBB, 0xBB, 0xCC, 0xEE, 0x2F, 0x11, 0x10, 0x13, 0x34, 0x45, 0x46
    .byte   0x76, 0x42, 0x10, 0xFC, 0xA9, 0xBB, 0xE3, 0x32, 0x3E,  -11, 0x0D, 0xC1, 0x25, 0x56, 0x54, 0x0C
    .byte   0xCB, 0xBD, 0xD1, 0x22, 0x0D, 0xDD, 0xCE, 0x23, 0x45, 0x44, 0x30, 0xED, 0xDE, 0xDE, 0xED, 0xDC
    .byte   0xBC, 0xCC, 0xDF, 0x22, 0x33, 0x22, 0x21, 0x11, 0x12, 0x34,  -20, 0x06, 0x66, 0x61, 0x11, 0x0B
    .byte   0x9A, 0xBC, 0xE4, 0x34, 0x3F, 0xDD, 0xCD, 0x24, 0x45, 0x54, 0xFD, 0xCB, 0xBC, 0xD0, 0x33, 0x31
    .byte   0xEE, 0xDD, 0x03, 0x33, 0x43, 0x3F, 0xED, 0xCD, 0xDF, 0xEE, 0xDD,  -46, 0x0C, 0xCD, 0xDF, 0x23
    .byte   0x32, 0x32, 0x10, 0xEE, 0xF0, 0x23, 0x45, 0x66, 0x74, 0x11, 0xFD, 0xA9, 0xBB, 0xD2, 0x44, 0x33
    .byte   0xDD, 0xCD, 0xE2, 0x45, 0x45, 0x3E, 0xCC, 0xBC, 0xCF, 0x13, 0x33, 0x11,    7, 0x0D, 0xE1, 0x13
    .byte   0x33, 0x22, 0xFE, 0xDD, 0xEE, 0xEF, 0xED, 0xCC, 0xBD, 0xCE, 0x12, 0x43, 0x44, 0x21, 0xED, 0xDC
    .byte   0xEE, 0x14, 0x56, 0x77, 0x53, 0x0F, 0x1B, 0xAA, 0xAD, 0xE3, 0x33, 0x32, 0xFC,   -7, 0x0E, 0xF2
    .byte   0x44, 0x53, 0x2E, 0xCC, 0xCC, 0xD0, 0x02, 0x32, 0x10, 0xEF, 0x13, 0x23, 0x31, 0xFD, 0xED, 0xD1
    .byte   0x03, 0x21, 0x0C, 0xCB, 0xBB, 0xCE, 0x24, 0x44, 0x43, 0x2F, 0xDE, 0xDC, 0xEE, 0xF2,  -59, 0x04
    .byte   0x67, 0x66, 0x32, 0xFF, 0xCA, 0xAB, 0xCD, 0x33, 0x33, 0x30, 0xCD, 0xDD, 0x03, 0x44, 0x32, 0xFD
    .byte   0xCC, 0xCD, 0x01, 0x33, 0x32, 0x20, 0x01, 0x12, 0x22, 0x10, 0xDE, 0xDE, 0x01, 0x22, 0x1F,    1
    .byte   0x0C, 0xCB, 0xBD, 0xD0, 0x34, 0x43, 0x32, 0xED, 0xDC, 0xDD, 0xE2, 0x34, 0x56, 0x66, 0x65, 0x00
    .byte   0xFC, 0xBA, 0xBC, 0xD2, 0x34, 0x33, 0x2D, 0xDD, 0xDD, 0xF1, 0x32, 0x2F, 0xED, 0xDC, 0xEE, 0x23
    .byte     -4, 0x03, 0x33, 0x10, 0x0E, 0x11, 0x00, 0x2E, 0xEE, 0xEF, 0xFF, 0x0F, 0xFD, 0xDC, 0xCC, 0xDD
    .byte   0xF2, 0x23, 0x22, 0x0E, 0xDD, 0xDD, 0xEF, 0x03, 0x44, 0x45, 0x66, 0x54, 0x52, 0xDB, 0xDB, 0xBC
    .byte   0x21,   25, 0x04, 0x43, 0x2F, 0xDD, 0xDC, 0xEE, 0x20, 0xF0, 0xDD, 0xCD, 0xDE, 0xF3, 0x44, 0x33
    .byte   0x30, 0xEE, 0xEE, 0xE0, 0x11, 0x00, 0x10, 0xEF, 0xEF, 0xEE, 0xED, 0xDC, 0xDC, 0xDE, 0xFF, 0x22
    .byte   0x01, 0xFE,  -81, 0x0E, 0xDF, 0x12, 0x34, 0x44, 0x45, 0x65, 0x44, 0x3C, 0xCD, 0xCB, 0xE3, 0x33
    .byte   0x44, 0x3E, 0xFD, 0xCC, 0xDD, 0xD1, 0x0E, 0x1D, 0xCD, 0xED, 0xE3, 0x33, 0x33, 0x31, 0x11, 0xE1
    .byte   0xF0, 0xFF, 0xEE,    7, 0x00, 0xE2, 0x21, 0x0F, 0xED, 0xCD, 0xCC, 0xCE, 0xEE, 0x12, 0x11, 0xFF
    .byte   0xEF, 0xEE, 0x1F, 0x03, 0x43, 0x44, 0x55, 0x64, 0x44, 0xEC, 0xCE, 0xCC, 0x14, 0x24, 0x44, 0xEE
    .byte   0xEC, 0xDD, 0xDC, 0xE0,   19, 0x0D, 0x0D, 0xCE, 0xEF, 0xF3, 0x32, 0x23, 0x12, 0x11, 0x23, 0x1F
    .byte   0xFE, 0xDD, 0xF1, 0xF2, 0x30, 0xFF, 0xDD, 0xCD, 0xCC, 0xDC, 0xEE, 0xFE, 0x12, 0x1F, 0xF1, 0xED
    .byte   0x0F, 0x02, 0x54, 0x44, 0x54,   40, 0x05, 0x43, 0x2E, 0xCE, 0xDD, 0x23, 0x32, 0x33, 0x0E, 0xFD
    .byte   0xDD, 0xDD, 0xDD, 0xDD, 0xDD, 0xDE, 0xE0, 0x12, 0x11, 0x13, 0x31, 0x33, 0x22, 0x21, 0xED, 0xEE
    .byte   0x01, 0x32, 0x11, 0xFD, 0xED, 0xCD,  -29, 0x0D, 0xDD, 0xDD, 0xCE, 0xDD, 0x01, 0x12, 0x00, 0x1F
    .byte   0x00, 0x33, 0x34, 0x54, 0x46, 0x54, 0x51, 0xED, 0xE0, 0xE0, 0x32, 0xF2, 0x3E, 0xFE, 0xFE, 0xDD
    .byte   0xDC, 0xCD, 0xDD, 0xDE, 0xE0, 0xE1, 0xEF,  -25, 0x00, 0x22, 0x33, 0x32, 0x22, 0x10, 0xFE, 0xFF
    .byte   0x11, 0x22, 0x0E, 0xFD, 0xDD, 0xDE, 0xDD, 0xDD, 0xDD, 0xDF, 0xDE, 0xFF, 0xE0, 0x20, 0x02, 0x1F
    .byte   0x13, 0x23, 0x34, 0x46, 0x54, 0x43, 0xEE, 0x23,   79, 0x01, 0x42, 0xEF, 0x2F, 0xE0, 0x1F, 0xDD
    .byte   0xDC, 0xDD, 0xDE, 0xDE, 0xEF, 0xEF, 0xED, 0x0E, 0xF2, 0x12, 0x21, 0x22, 0x21, 0x0F, 0xF0, 0x22
    .byte   0x22, 0x2F, 0x1E, 0xEE, 0xDE, 0xDE, 0xEE, 0xDE, 0xDE,  -58, 0x0D, 0xDD, 0xEE, 0xD1, 0xFF, 0x0F
    .byte   0x00, 0x23, 0x22, 0x33, 0x34, 0x43, 0x42, 0x33, 0x44, 0x34, 0x32, 0x33, 0x23, 0x11, 0x10, 0x00
    .byte   0xDE, 0xED, 0xDD, 0xDD, 0xDC, 0xED, 0xDD, 0xCE, 0xDE, 0xEE,  -34, 0x0E, 0xFF, 0x01, 0x11, 0x12
    .byte   0x21, 0x22, 0x02, 0x1F, 0x01, 0x01, 0x00, 0xEE, 0xEE, 0xDF, 0xDE, 0xED, 0xEE, 0xDE, 0xFE, 0xEE
    .byte   0xE1, 0x11, 0x32, 0x34, 0x43, 0x34, 0x24, 0x33, 0x53, 0x34, 0x23,  112, 0x03, 0x21, 0x10, 0x00
    .byte   0x0D, 0xDD, 0xED, 0xED, 0xDC, 0xDD, 0xDD, 0xDD, 0xED, 0xED, 0xEE, 0xE0, 0x11, 0x00, 0x01, 0x12
    .byte   0x22, 0x22, 0x11, 0x20, 0x21, 0xF0, 0xFE, 0xEE, 0xDE, 0xEE, 0xED, 0xED,  -74, 0x0E, 0xDF, 0x0E
    .byte   0xE0, 0xF1, 0x21, 0x33, 0x35, 0x33, 0x32, 0x44, 0x44, 0x33, 0x33, 0x34, 0x31, 0x00, 0x00, 0xFE
    .byte   0xDD, 0xEE, 0xDD, 0xDD, 0xDD, 0xCE, 0xDD, 0xED, 0xDE, 0xDE, 0xEE, 0x11, 0xFF,  -44, 0x01, 0x12
    .byte   0x22, 0x21, 0x21, 0x21, 0x11, 0x2F, 0xFF, 0xE0, 0xDE, 0xEE, 0xEE, 0xDE, 0xEE, 0xDF, 0xEE, 0xEE
    .byte   0x0F, 0x02, 0x21, 0x33, 0x44, 0x33, 0x33, 0x44, 0x44, 0x23, 0x33, 0x34, 0x21, 0x00,  127, 0x00
    .byte   0xEE, 0xDE, 0xED, 0xDD, 0xDD, 0xDD, 0xDD, 0xDD, 0xDE, 0xDE, 0xED, 0x0E, 0x11, 0xE1, 0x00, 0x22
    .byte   0x12, 0x02, 0x21, 0x21, 0x11, 0x10, 0xFF, 0xEE, 0xED, 0xEE, 0xEE, 0xDE, 0xED, 0xEE, 0xEE,  -93
    .byte   0x0F, 0xFF, 0x02, 0x22, 0x34, 0x34, 0x33, 0x33, 0x44, 0x43, 0x33, 0x34, 0x34, 0x00, 0x00, 0x0F
    .byte   0xFE, 0xEE, 0xDE, 0xCD, 0xDD, 0xDD, 0xDD, 0xDD, 0xDD, 0xED, 0xEE, 0xEE, 0xF0, 0xFF, 0x12, 0x12
    .byte    -34, 0x01, 0x22, 0x22, 0x22, 0x10, 0x10, 0xF0, 0xEF, 0xDE, 0xED, 0xEE, 0xDE, 0xED, 0xEE, 0xEE
    .byte   0x0E, 0xEF, 0x12, 0x23, 0x32, 0x44, 0x33, 0x34, 0x34, 0x43, 0x33, 0x33, 0x43, 0x22, 0x00, 0x00
    .byte   0x0D,  115, 0x0E, 0xDD, 0xDD, 0xDD, 0xDD, 0xDD, 0xDD, 0xDD, 0xED, 0xEE, 0xFE, 0xF0, 0xE0, 0x02
    .byte   0x21, 0x21, 0x22, 0x22, 0x21, 0x11, 0x10, 0x1E, 0xFE, 0xED, 0xEE, 0xED, 0xFD, 0xEE, 0xEE, 0xD0
    .byte   0xEF, 0xEF,  -94, 0x01, 0x22, 0x33, 0x34, 0x34, 0x33, 0x34, 0x44, 0x32, 0x42, 0x33, 0x41, 0x10
    .byte   0x00, 0x0E, 0xEE, 0xED, 0xDD, 0xDC, 0xED, 0xDC, 0xED, 0xDC, 0x0D, 0x0D, 0xFE, 0xEF, 0x00, 0x10
    .byte   0x21, 0x02, 0x22,  -23, 0x02, 0x22, 0x11, 0x00, 0x00, 0xFE, 0xEE, 0xDE, 0xED, 0xFE, 0xED, 0xEE
    .byte   0xEE, 0xEF, 0xEF, 0x01, 0x12, 0x22, 0x34, 0x34, 0x34, 0x14, 0x43, 0x44, 0x23, 0x33, 0x33, 0x21
    .byte   0x11, 0x00, 0xEE, 0xEE,  100, 0x0D, 0xDD, 0xDD, 0xDD, 0xCD, 0xDD, 0xDE, 0xEE, 0xEE, 0xEE, 0xFF
    .byte   0xF0, 0x11, 0x12, 0x12, 0x22, 0x30, 0x12, 0x10, 0x10, 0xFF, 0xEE, 0xEE, 0xEE, 0xED, 0xEE, 0xDE
    .byte   0xEE, 0xFE, 0xEE, 0x00, 0x02,  -84, 0x02, 0x32, 0x43, 0x43, 0x34, 0x34, 0x34, 0x33, 0x33, 0x34
    .byte   0x22, 0x00, 0x00, 0x0E, 0xEF, 0xDD, 0xDD, 0xCE, 0xDD, 0xDC, 0xDD, 0xDE, 0xEE, 0xDE, 0xEE, 0xEE
    .byte   0x10, 0x00, 0x12, 0x22, 0x22, 0x20,  -20, 0x00, 0x21, 0x10, 0x0F, 0xFE, 0xEF, 0xEE, 0xDE, 0xED
    .byte   0xFE, 0xEE, 0xEE, 0xE0, 0xEF, 0x01, 0x22, 0x23, 0x34, 0x34, 0x33, 0x43, 0x44, 0x32, 0x33, 0x34
    .byte   0x23, 0x00, 0x00, 0xFE, 0xE0, 0xDD, 0xDD,   74, 0x0D, 0xDD, 0xDC, 0xDD, 0xDE, 0xEE, 0xDE, 0xEE
    .byte   0xEE, 0x00, 0xE1, 0x12, 0x22, 0x22, 0x11, 0x21, 0x12, 0x01, 0x00, 0xE0, 0xFE, 0xEE, 0xED, 0xEE
    .byte   0xEE, 0xEE, 0xED, 0xFE, 0xFF, 0x10, 0x22, 0x23,  -56, 0x04, 0x33, 0x43, 0x43, 0x43, 0x33, 0x33
    .byte   0x43, 0x23, 0x00, 0x00, 0xE0, 0xEE, 0xDD, 0xED, 0xDD, 0xDD, 0xDC, 0xDD, 0xED, 0xEE, 0xDE, 0xDF
    .byte   0xEF, 0xEF, 0xFF, 0x02, 0x22, 0x22, 0x11, 0x22, 0x11,  -17, 0x00, 0xF0, 0x0F, 0xFE, 0xDF, 0xED
    .byte   0xFE, 0xEE, 0xEE, 0xEE, 0xEE, 0xE0, 0x11, 0x22, 0x23, 0x43, 0x34, 0x34, 0x34, 0x33, 0x34, 0x33
    .byte   0x33, 0x32, 0x00, 0x0E, 0xFE, 0xEE, 0xDD, 0xDE, 0xDD, 0xDC,   26, 0x0D, 0xDD, 0xDE, 0xEE, 0xDE
    .byte   0xEE, 0xFE, 0x0E, 0x00, 0x22, 0x22, 0x21, 0x20, 0x21, 0x01, 0x11, 0xF0, 0xFF, 0xEE, 0xEE, 0xEE
    .byte   0xEE, 0xEE, 0xEE, 0xEE, 0xEF, 0xF0, 0x22, 0x23, 0x33, 0x43, 0x34,   15, 0x04, 0x33, 0x33, 0x34
    .byte   0x33, 0x32, 0x11, 0x0F, 0xEE, 0xEE, 0xDD, 0xED, 0xED, 0xDC, 0xDD, 0xDD, 0xDE, 0xDE, 0xEE, 0xEE
    .byte   0xEF, 0xFE, 0xF1, 0x12, 0x22, 0x20, 0x20, 0x21, 0x10, 0x00, 0xF1, 0x0E,  -27, 0x0E, 0xEE, 0xEE
    .byte   0xEE, 0xEE, 0xEE, 0xEE, 0xFE, 0x11, 0x21, 0x33, 0x33, 0x43, 0x34, 0x34, 0x33, 0x33, 0x43, 0x33
    .byte   0x22, 0x20, 0xE0, 0xEE, 0xDF, 0xDE, 0xDE, 0xDD, 0xDC, 0xDD, 0xDE, 0xDE, 0xDF,  -25, 0x0E, 0xEE
    .byte   0xEE, 0xE0, 0xF0, 0x21, 0x22, 0x21, 0x21, 0x11, 0x00, 0x00, 0x00, 0xFF, 0xEE, 0xFE, 0xDF, 0xEE
    .byte   0xEE, 0xEE, 0xEF, 0xE0, 0x20, 0x23, 0x33, 0x33, 0x34, 0x43, 0x33, 0x33, 0x43, 0x34,  110, 0x03
    .byte   0x01, 0x1F, 0xFE, 0xEE, 0xDE, 0xDF, 0xDD, 0xDD, 0xDC, 0xED, 0xDD, 0xED, 0xFE, 0xEE, 0xFE, 0xE0
    .byte   0xE0, 0x10, 0x22, 0x21, 0x22, 0x12, 0x01, 0x0F, 0xF0, 0xFE, 0xFE, 0xEF, 0xEE, 0xED, 0xEE,  -69
    .byte   0x0E, 0xEE, 0xE0, 0x11, 0x23, 0x33, 0x33, 0x43, 0x43, 0x33, 0x43, 0x34, 0x33, 0x32, 0x21, 0x0F
    .byte   0xEE, 0xED, 0xED, 0xFD, 0xED, 0xDD, 0xDD, 0xDD, 0xDD, 0xED, 0xFE, 0xFE, 0xEF, 0xEF, 0xFF, 0x01
    .byte    -40, 0x01, 0x22, 0x22, 0x12, 0x00, 0xFF, 0xF0, 0xE0, 0xEE, 0xFE, 0xEE, 0xEE, 0xDE, 0xEE, 0xEE
    .byte   0xF1, 0x12, 0x33, 0x33, 0x33, 0x44, 0x33, 0x33, 0x34, 0x34, 0x23, 0x31, 0x11, 0xFE, 0xEE, 0xDE
    .byte   0xDE,   75, 0x0E, 0xDD, 0xDD, 0xDD, 0xDD, 0xDE, 0xEE, 0xEF, 0xEE, 0xFE, 0xFF, 0x01, 0x11, 0x22
    .byte   0x12, 0x22, 0x01, 0xF0, 0x0E, 0x0E, 0xFE, 0xEE, 0xEE, 0xEE, 0xED, 0xEE, 0xEE, 0x00, 0x22, 0x32
    .byte   0x42, 0x33,  -10, 0x04, 0x33, 0x33, 0x34, 0x34, 0x23, 0x22, 0x11, 0x0E, 0xEE, 0xED, 0xDE, 0xEE
    .byte   0xDD, 0xDD, 0xDD, 0xDE, 0xDD, 0xFE, 0xEE, 0xFF, 0xE0, 0xE0, 0x10, 0x21, 0x12, 0x12, 0x12, 0x00
    .byte   0xF0, 0xE0, 0xE0,  -29, 0x0E, 0xEE, 0xEE, 0xEE, 0xDE, 0xEE, 0xFE, 0x00, 0x23, 0x23, 0x33, 0x33
    .byte   0x43, 0x33, 0x42, 0x43, 0x43, 0x32, 0x22, 0x0F, 0xEE, 0xEE, 0xDE, 0xDE, 0xED, 0xDE, 0xDD, 0xDD
    .byte   0xED, 0xDF, 0xEE, 0xEF,  -31, 0x00, 0xE0, 0xFE, 0x11, 0x12, 0x22, 0x12, 0x2F, 0x10, 0x0E, 0x0F
    .byte   0xEF, 0xEE, 0xEE, 0xEE, 0xDE, 0xED, 0xFE, 0xF1, 0x22, 0x32, 0x33, 0x33, 0x43, 0x34, 0x23, 0x43
    .byte   0x43, 0x33, 0x12, 0xFF, 0xEE,   98, 0x0E, 0xDE, 0xDE, 0xDD, 0xED, 0xDD, 0xDD, 0xEE, 0xDE, 0xFE
    .byte   0xFE, 0xFE, 0x0F, 0xFF, 0x02, 0x02, 0x22, 0x12, 0x2F, 0x10, 0xE0, 0xF0, 0xEE, 0xEE, 0xEE, 0xED
    .byte   0xED, 0xEE, 0xEE, 0x11, 0x23, 0x23,  -47, 0x03, 0x34, 0x33, 0x43, 0x33, 0x43, 0x43, 0x23, 0xF1
    .byte   0x0E, 0xEE, 0xED, 0xDE, 0xDE, 0xDD, 0xDE, 0xDD, 0xDE, 0xDE, 0xEE, 0xEE, 0xFF, 0xEF, 0xFF, 0xF1
    .byte   0x12, 0x22, 0x12, 0x22, 0x01, 0x1F, 0x0F,  -16, 0x0E, 0xFE, 0xEE, 0xED, 0xED, 0xEE, 0xDF, 0xE1
    .byte   0x22, 0x32, 0x33, 0x34, 0x33, 0x43, 0x33, 0x34, 0x33, 0x32, 0x22, 0xFF, 0xEE, 0xED, 0xDD, 0xED
    .byte   0xDD, 0xDD, 0xDD, 0xED, 0xDE, 0xEE, 0xE0, 0xEF,  -43, 0x00, 0x02, 0x02, 0x11, 0x22, 0x22, 0x22
    .byte   0x12, 0x11, 0x0F, 0xEF, 0xEE, 0xDE, 0xDE, 0xDE, 0xDE, 0xDE, 0xE0, 0x12, 0x33, 0x33, 0x24, 0x34
    .byte   0x34, 0x33, 0x34, 0x34, 0x22, 0x31, 0x1E, 0x0E, 0xFD,   88, 0x0D, 0xDD, 0xCD, 0xDD, 0xDD, 0xED
    .byte   0xEE, 0xD0, 0xEF, 0x0E, 0x0F, 0xE0, 0x22, 0x11, 0x21, 0x30, 0x22, 0x11, 0xFF, 0x1D, 0xED, 0x0E
    .byte   0xDC, 0xEE, 0xED, 0xF0, 0x10, 0x35, 0x61, 0x22, 0x55, 0x41,   62, 0x01, 0xEF, 0x33, 0x1D, 0xD2
    .byte   0x33, 0xDE, 0xED, 0xEE, 0xFE, 0xCC, 0xE1, 0x0C, 0xDE, 0xEF, 0xF1, 0x1E, 0xE1, 0x32, 0xEF, 0x23
    .byte   0x20, 0x22, 0x22, 0x23, 0x0E, 0xFE, 0xFD, 0xDD, 0xED, 0xCD, 0xEE,  -68, 0x0D, 0xDF, 0xEE, 0xF0
    .byte   0x32, 0x25, 0x54, 0x34, 0x54, 0x41, 0x22, 0x20, 0x21, 0xF0, 0x02, 0x3E, 0xDD, 0x1E, 0xDD, 0xDD
    .byte   0xCD, 0xED, 0xCD, 0xEE, 0xFE, 0xEF, 0x21, 0x02, 0x2F, 0x02, 0x22, 0x2E,  -12, 0x03, 0x12, 0x02
    .byte   0xFF, 0xEE, 0xFD, 0xDD, 0xDE, 0xDE, 0xDD, 0x0E, 0xDE, 0x23, 0x12, 0x36, 0x40, 0x44, 0x54, 0xD3
    .byte   0x40, 0xF1, 0x32, 0xDD, 0x43, 0xED, 0xD3, 0x1C, 0xDE, 0xDD, 0xC0, 0xDD, 0xCE,  -15, 0x0D, 0xDE
    .byte   0x3F, 0xE2, 0x21, 0xFE, 0x23, 0xEE, 0x22, 0x3E, 0x03, 0x1E, 0xF0, 0x1D, 0xDD, 0x1D, 0xCE, 0xEE
    .byte   0xDE, 0xF0, 0xDF, 0x32, 0x32, 0x46, 0x23, 0x44, 0x52, 0x13, 0x31, 0xF2, 0x12, 0xD2,   99, 0x0E
    .byte   0xDD, 0x03, 0xCD, 0xED, 0xDD, 0xDD, 0xEB, 0x12, 0xDD, 0xD2, 0x3E, 0xE2, 0x20, 0x01, 0x2F, 0xD2
    .byte   0x32, 0x0E, 0x33, 0xFE, 0xF1, 0xDD, 0xEF, 0xDD, 0xCF, 0x1E, 0xDE, 0x01, 0xEE, 0x33, 0x22,  -30
    .byte   0x05, 0x14, 0x26, 0x4D, 0x24, 0x20, 0xF0, 0x20, 0xD4, 0x1D, 0xDE, 0x3E, 0xCD, 0xED, 0xEC, 0xEE
    .byte   0xCD, 0xF0, 0xDD, 0xE3, 0x2C, 0x32, 0x12, 0xE0, 0x2E, 0xF3, 0x2E, 0x21, 0x33, 0xDF, 0x0F, 0xED
    .byte    -28, 0x0E, 0xDD, 0xDE, 0xEE, 0xD2, 0x0F, 0xE1, 0x23, 0x22, 0x55, 0x24, 0x35, 0x5D, 0x23, 0x3F
    .byte   0x0F, 0x2E, 0xE4, 0x0D, 0xDE, 0x3E, 0xCC, 0x2D, 0xEC, 0xEF, 0xCE, 0xE0, 0xDC, 0x31, 0x1D, 0x13
    .byte   0x2E,  -29, 0x03, 0xE0, 0xF1, 0x3E, 0xE3, 0x22, 0xEE, 0x02, 0xDD, 0xFD, 0xEE, 0xDF, 0xDE, 0x1E
    .byte   0xE2, 0x1E, 0xF3, 0x33, 0xF4, 0x60, 0x34, 0x45, 0xE2, 0x33, 0xE2, 0xF0, 0x2D, 0x23, 0xDD, 0xE1
    .byte   0x1C, 0xC2,   38, 0x0D, 0xED, 0xDE, 0xD1, 0x1C, 0xD2, 0x22, 0xDD, 0x32, 0xF2, 0xEF, 0x10, 0x30
    .byte   0xE0, 0x31, 0x2D, 0xF2, 0xFE, 0xDD, 0xE0, 0xDF, 0xDD, 0xFF, 0x1E, 0xE2, 0x2E, 0x22, 0x23, 0xF3
    .byte   0x64, 0x02, 0x45,   77, 0x0C, 0xF4, 0x22, 0xFE, 0x2F, 0xE3, 0x2B, 0x0F, 0x22, 0xAE, 0x2F, 0xDD
    .byte   0xD0, 0xED, 0x3D, 0xDD, 0xF4, 0xDC, 0x13, 0x20, 0xE0, 0x2E, 0x23, 0xD1, 0x12, 0x3D, 0xD3, 0x01
    .byte   0xEC, 0xF0, 0xD1, 0xDC,  -63, 0x01, 0x2E, 0xD1, 0x32, 0x22, 0xE2, 0x33, 0x22, 0x13, 0x53, 0x20
    .byte   0x15, 0x4C, 0x11, 0x33, 0xED, 0x3D, 0xF5, 0xCD, 0xFC, 0x5E, 0xBD, 0x12, 0x2C, 0xC4, 0xD2, 0x1C
    .byte   0x1E, 0xF3, 0xDD, 0xE2, 0x22,  -19, 0x00, 0x30, 0x2D, 0xE2, 0x0F, 0x0E, 0xEE, 0x02, 0xED, 0xE2
    .byte   0x2E, 0xDE, 0x2F, 0xEE, 0xF2, 0x12, 0x21, 0x22, 0x33, 0xE1, 0x23, 0x3E, 0x02, 0x23, 0x11, 0xE2
    .byte   0x23, 0x1E, 0x03, 0x22, 0xEF, 0x02,   46, 0x01, 0xEE, 0x12, 0x2E, 0xED, 0x32, 0xED, 0xEE, 0x21
    .byte   0xED, 0xDF, 0x31, 0xDD, 0x01, 0x2F, 0xDE, 0xEF, 0x1F, 0xED, 0x03, 0xFE, 0xD0, 0x11, 0xEE, 0x0E
    .byte   0x22, 0x1E, 0xEF, 0x32, 0xEE, 0x12, 0x22,  -27, 0x00, 0x10, 0x33, 0xEE, 0xF3, 0x30, 0xFF, 0x31
    .byte   0x22, 0xFF, 0x10, 0x31, 0xD1, 0x23, 0x1E, 0xE3, 0x20, 0xEF, 0x00, 0x21, 0xFD, 0x23, 0x2E, 0xC2
    .byte   0x3E, 0xDE, 0x10, 0xEE, 0x11, 0xD0, 0xF1, 0xED,   -7, 0x01, 0xEE, 0x02, 0x1D, 0x10, 0xEE, 0xE2
    .byte   0x0D, 0xE3, 0x2E, 0xEF, 0x21, 0xEF, 0x2E, 0xF1, 0x3F, 0xE2, 0x22, 0x01, 0x21, 0xF1, 0x12, 0xE0
    .byte   0x23, 0xE2, 0xFE, 0x31, 0x30, 0xC1, 0x42, 0xED, 0xE4,   25, 0x00, 0xFE, 0xE3, 0x02, 0x0B, 0x23
    .byte   0x30, 0xED, 0x20, 0xE4, 0xFD, 0xCE, 0x34, 0x1C, 0x0C, 0x34, 0x2D, 0xCE, 0x42, 0xDD, 0xD1, 0x20
    .byte   0x21, 0xD1, 0x22, 0xED, 0x20, 0xED, 0x31, 0x12, 0xE1, 0xF1,   -2, 0x0F, 0xDE, 0xD4, 0x2D, 0x3D
    .byte   0x32, 0x1E, 0xEE, 0x22, 0xD3, 0xC4, 0x21, 0x3E, 0xE3, 0x2B, 0x12, 0x40, 0xDF, 0xE3, 0x23, 0xDD
    .byte   0x2C, 0x6D, 0xC0, 0x22, 0x14, 0xB2, 0xD4, 0x3C, 0xD1, 0xE4, 0xEF,   -5, 0x0D, 0x24, 0x2E, 0xC2
    .byte   0x31, 0x3D, 0xC1, 0x33, 0x3B, 0xDF, 0x53, 0xDE, 0xDD, 0x5F, 0xD5, 0x92, 0x32, 0x42, 0xB0, 0x3E
    .byte   0x6D, 0xCF, 0xDE, 0x5D, 0xCC, 0x5D, 0x45, 0xA4, 0xB2, 0x42, 0xCF, 0x2D,    7, 0x03, 0xEE, 0xDD
    .byte   0x44, 0xB2, 0xEC, 0x5E, 0x3C, 0xEE, 0x34, 0xC4, 0xB1, 0x34, 0xFF, 0xBE, 0x5D, 0x5B, 0x2B, 0x50
    .byte   0x21, 0xB1, 0x32, 0x5D, 0xCF, 0xD4, 0xF5, 0x95, 0xB4, 0x4D, 0x2C, 0xE3, 0x40,   11, 0x0C, 0xD4
    .byte   0x3D, 0x5A, 0x3C, 0x52, 0xDF, 0xED, 0x5B, 0x42, 0xB4, 0xC5, 0xD3, 0xB4, 0xD4, 0x12, 0xDE, 0x1F
    .byte   0x3C, 0x3D, 0x23, 0xD3, 0xD2, 0x0D, 0x3D, 0x20, 0xF0, 0x4C, 0x14, 0xB6, 0xBD, 0x4B,    4, 0x0F
    .byte   0xE3, 0xDD, 0x4E, 0xD3, 0xB4, 0xFE, 0x5C, 0x3D, 0x1E, 0x4D, 0xE3, 0xC4, 0xC4, 0x2E, 0x0D, 0x12
    .byte   0x3D, 0xFD, 0x0E, 0x5D, 0x2E, 0xC5, 0xC5, 0xB2, 0xD3, 0xD4, 0x3B, 0x3D, 0x14, 0xD2, 0x1B,    4
    .byte   0x0C, 0x41, 0xED, 0x3D, 0x41, 0x1C, 0x2E, 0x3F, 0xD4, 0xB5, 0xB5, 0xC4, 0xC2, 0x3B, 0x5D, 0x3F
    .byte   0xD0, 0x3F, 0xE3, 0xEB, 0x6A, 0x5D, 0x2D, 0x12, 0xE4, 0xEE, 0x20, 0xC6, 0x97, 0xA4, 0x02, 0xEF
    .byte      4, 0x0F, 0xE0, 0x10, 0x2F, 0x2C, 0x69, 0x6B, 0x4C, 0x5A, 0x51, 0xD4, 0xC3, 0xD5, 0xA5, 0xDE
    .byte   0x2E, 0x23, 0xC3, 0xC4, 0xD4, 0xDC, 0x5B, 0x4E, 0x2F, 0xFD, 0x5B, 0x4E, 0xD2, 0xF2, 0xF2, 0xD3
    .byte   0xC5,   -7, 0x03, 0xD3, 0xEF, 0xF3, 0xD4, 0xC2, 0xFE, 0x4B, 0x5C, 0x23, 0xE2, 0xEE, 0xFF, 0x3C
    .byte   0x5B, 0x4D, 0x03, 0xD2, 0xD2, 0x3D, 0x4D, 0xE3, 0xC5, 0xC2, 0xE1, 0xD4, 0xC3, 0x1C, 0x4D, 0x3E
    .byte   0xE2, 0xD4,   -1, 0x02, 0xD4, 0xC3, 0xE2, 0xE1, 0x1D, 0x4C, 0x4C, 0x2F, 0x2F, 0xF2, 0xEF, 0x4B
    .byte   0x5C, 0x2F, 0xF0, 0xF3, 0xD3, 0xC4, 0xC4, 0xEE, 0x22, 0xC4, 0xD3, 0xEE, 0xF3, 0xD2, 0x2D, 0x20
    .byte   0x02, 0x2E, 0x1E,   -6, 0x03, 0x1D, 0x3D, 0x2D, 0x5B, 0x5C, 0x3D, 0xF3, 0xC5, 0xB4, 0xC3, 0x22
    .byte   0xD3, 0xB5, 0xC3, 0xF0, 0x1D, 0x31, 0x2D, 0x4B, 0x5B, 0x4D, 0x21, 0xD4, 0xC4, 0xC4, 0xC4, 0xDE
    .byte   0x4B, 0x5C, 0x20, 0xF2,   -3, 0x02, 0xFD, 0x4C, 0x4D, 0x3E, 0xE2, 0xD4, 0xB5, 0xDD, 0x3F, 0x02
    .byte   0xFD, 0x3D, 0x23, 0xD3, 0xC4, 0xC4, 0xD2, 0xFE, 0x3D, 0x3D, 0x3C, 0x3E, 0x3E, 0xE3, 0xD2, 0x3C
    .byte   0x4D, 0x01, 0xE2, 0x11, 0xD3,  -10, 0x04, 0xD2, 0x0D, 0x4C, 0x32, 0xD2, 0x1D, 0x4D, 0xE4, 0xC1
    .byte   0x2D, 0x31, 0xE3, 0xEF, 0x1D, 0x4C, 0x3D, 0xF4, 0xC4, 0xC4, 0xD2, 0x1D, 0x3D, 0x2F, 0xE3, 0xFE
    .byte   0x3D, 0x2D, 0x3E, 0x0F, 0x2D, 0x4E,    5, 0x0F, 0xD4, 0xC4, 0xC3, 0xDF, 0x3E, 0x2E, 0x3C, 0x32
    .byte   0xE1, 0x0E, 0xE3, 0xD3, 0xE2, 0xFF, 0x01, 0x01, 0x0D, 0x3D, 0x3D, 0x4B, 0x5C, 0x31, 0xD4, 0xB5
    .byte   0xB5, 0xC3, 0xFC, 0x5B, 0x5E, 0xC5, 0xB3,    3, 0x0E, 0x00, 0xE1, 0x3D, 0x3E, 0xE2, 0xE2, 0x1E
    .byte   0x2E, 0xF2, 0xE2, 0xF0, 0x3C, 0x4C, 0x3D, 0x3E, 0xF3, 0xD2, 0x2E, 0xE3, 0xC4, 0xD2, 0xE1, 0x12
    .byte   0x00, 0xF1, 0xEF, 0x3C, 0x4D, 0xF0, 0x3D, 0x3D,    1, 0x0E, 0xE3, 0xD4, 0xC3, 0x0C, 0x6B, 0x23
    .byte   0xC3, 0xE2, 0xE3, 0xC4, 0xC3, 0x2D, 0x4B, 0x4C, 0x40, 0xD4, 0xB5, 0xD0, 0x3C, 0x4C, 0x3D, 0xE4
    .byte   0xC4, 0xD2, 0xE2, 0x2D, 0x4B, 0x4D, 0x22, 0xD4, 0xC3,   -2, 0x01, 0x3D, 0x22, 0xC4, 0xC3, 0xFF
    .byte   0x3C, 0x4C, 0x4D, 0x22, 0xC4, 0xD3, 0xEE, 0x2D, 0x4C, 0x5B, 0x32, 0xB6, 0xC1, 0xD4, 0xB4, 0x3B
    .byte   0x5D, 0xE2, 0xF3, 0xD1, 0xEF, 0x3D, 0x23, 0xB5, 0xED, 0x4D,   -3, 0x0E, 0x3D, 0x4F, 0xD2, 0xEE
    .byte   0x3F, 0xD4, 0xB3, 0x3D, 0x4C, 0x5A, 0x41, 0xE3, 0xD0, 0xF3, 0xC6, 0xB4, 0xB4, 0xDF, 0x4B, 0x5B
    .byte   0x4D, 0x3E, 0x3D, 0xD4, 0xC4, 0xDF, 0x12, 0xF3, 0xD2, 0xE1, 0x00,    4, 0x0D, 0x2E, 0x20, 0x12
    .byte   0xE2, 0xD3, 0xED, 0x4C, 0x4F, 0xD4, 0xC2, 0x10, 0x11, 0xEC, 0x4D, 0x30, 0xFE, 0xF4, 0xD3, 0xD0
    .byte   0xD2, 0x23, 0xD0, 0xEF, 0x23, 0x1C, 0x4B, 0x42, 0xD4, 0xC0, 0x20, 0x3D,    9, 0x0C, 0x22, 0xD4
    .byte   0xDE, 0x2E, 0x14, 0xC3, 0xEE, 0x2E, 0x2F, 0xE0, 0x2F, 0x3D, 0xF1, 0xE3, 0xE2, 0xD3, 0xD3, 0xE0
    .byte   0xEF, 0x2E, 0x4C, 0x3D, 0x3E, 0x3D, 0xFE, 0x22, 0x02, 0xC4, 0xC4, 0xFE, 0x2D,   -5, 0x01, 0x2F
    .byte   0x3C, 0x3E, 0xF4, 0xC4, 0xC2, 0xF2, 0x2D, 0x1E, 0x02, 0x3D, 0x3C, 0x30, 0x12, 0xE2, 0xB4, 0x2E
    .byte   0x4C, 0x1F, 0x22, 0xE3, 0xCF, 0x02, 0x13, 0xD1, 0x2E, 0x30, 0xEE, 0xEF, 0x03, 0xE1,   -2, 0x0F
    .byte   0x3D, 0x3D, 0x3D, 0x20, 0xF1, 0xD4, 0xB5, 0xD1, 0x2E, 0x2E, 0x2E, 0xF1, 0xD3, 0xE2, 0x3B, 0x5D
    .byte   0x21, 0xD2, 0xD4, 0xD2, 0x3C, 0x20, 0x03, 0xD0, 0x0F, 0x02, 0x2E, 0x00, 0xC4, 0xE2, 0x0E,   -3
    .byte   0x01, 0x3D, 0x4D, 0xD1, 0x21, 0xE2, 0xDE, 0x4D, 0x23, 0xC3, 0xEE, 0x32, 0xC2, 0x22, 0x30, 0xC1
    .byte   0x2F, 0x3F, 0xDE, 0xD3, 0x32, 0xFC, 0x12, 0x23, 0xDF, 0xEE, 0x33, 0x2D, 0xED, 0x14, 0x10, 0xDD
    .byte    -11, 0x03, 0x13, 0x0C, 0xFF, 0x42, 0xFD, 0xEE, 0x22, 0x21, 0xDE, 0xF3, 0x20, 0xFE, 0xE0, 0x3F
    .byte   0x2E, 0xD1, 0x11, 0x30, 0xEF, 0xD2, 0x22, 0xFE, 0xD1, 0x32, 0x2E, 0xED, 0x31, 0x22, 0xED, 0x12
    .byte   0x22,    5, 0x0D, 0xFF, 0x12, 0x10, 0xEE, 0x13, 0x20, 0xEE, 0x02, 0x2F, 0xFE, 0xE1, 0x22, 0x0D
    .byte   0xF1, 0x21, 0xFF, 0xEF, 0x12, 0x21, 0xEF, 0x02, 0x10, 0xFE, 0x00, 0x02, 0xF0, 0xE0, 0x20, 0x0E
    .byte   0xF0, 0x11,    2, 0x00, 0xFE, 0x12, 0xFF, 0xF0, 0x01, 0x00, 0x0F, 0x00, 0x1F, 0x11, 0xF0, 0xF0
    .byte   0x10, 0x10, 0xFF, 0x11, 0x20, 0xEF, 0xF0, 0x10, 0x0E, 0xFF, 0x22, 0x1F, 0xE0, 0x02, 0x00, 0x0E
    .byte   0xF2, 0x2F, 0xFE,   -2, 0x00, 0x11, 0x1F, 0xEF, 0x21, 0x1F, 0xFF, 0x11, 0x10, 0xFF, 0x01, 0x20
    .byte   0xE0, 0x10, 0x01, 0xFF, 0xF0, 0x11, 0x1E, 0x11, 0x11, 0x0F, 0xFF, 0x01, 0x2F, 0xEF, 0x11, 0x0F
    .byte   0xF1, 0xF1, 0x11, 0x0E,   -2, 0x01, 0x10, 0xF0, 0x01, 0xFF, 0x11, 0x0F, 0x10, 0x0E, 0x21, 0x00
    .byte   0xFF, 0x20, 0xE0, 0xF1, 0xE1, 0x11, 0x0F, 0x02, 0xF0, 0x01, 0x0F, 0xF1, 0x00, 0x11, 0x10, 0xF0
    .byte   0x11, 0xF0, 0xF1, 0x10, 0x01,    3, 0x00, 0x11, 0x0F, 0xFF, 0x10, 0x00, 0xFF, 0x1F, 0x00, 0xE0
    .byte   0x10, 0x0F, 0xF0, 0x11, 0xFF, 0xFF, 0x01, 0x1F, 0xEF, 0x11, 0x0F, 0xEF, 0x01, 0x11, 0xFF, 0x01
    .byte   0x21, 0x01, 0x01, 0x20, 0x11, 0x12,   15, 0x01, 0x22, 0x22, 0x21, 0x0E, 0xFF, 0xEE, 0xE1, 0xEE
    .byte   0x00, 0x1E, 0xF1, 0x1F, 0xFF, 0xE0, 0xEF, 0xFE, 0xEE, 0xEF, 0xFE, 0xEE, 0xF0, 0xFE, 0x11, 0xF1
    .byte   0x21, 0xFF, 0x22, 0x01, 0xE3, 0xFF, 0x02,   -7, 0x02, 0x03, 0x43, 0x20, 0x23, 0x0E, 0xF0, 0xED
    .byte   0xF1, 0xFE, 0xD1, 0x20, 0xED, 0x01, 0x0F, 0xEE, 0xEE, 0x20, 0x1D, 0xEF, 0x22, 0x0E, 0xE2, 0x22
    .byte   0x3E, 0xF2, 0x22, 0x2F, 0xE0, 0x22, 0x1E, 0x00,   14, 0x00, 0x0E, 0xED, 0xF1, 0xFE, 0xCE, 0x01
    .byte   0xED, 0xEE, 0x01, 0x2E, 0xEF, 0x22, 0x21, 0x02, 0xF3, 0x32, 0x32, 0x34, 0x23, 0x12, 0x12, 0xF1
    .byte   0x1D, 0x01, 0x0E, 0xEE, 0x12, 0xED, 0x1E, 0xFE, 0xFE,    2, 0x0E, 0x01, 0xEE, 0x00, 0x00, 0xF0
    .byte   0x00, 0x21, 0x11, 0x21, 0xFF, 0x33, 0xEE, 0xE3, 0x1F, 0xF0, 0xFE, 0x13, 0x1D, 0xC0, 0x31, 0xCD
    .byte   0xFF, 0xEE, 0xEF, 0xDD, 0x12, 0x1D, 0xE2, 0x3F, 0xF2, 0x20,  -41, 0x02, 0x32, 0x12, 0x33, 0x34
    .byte   0xF0, 0x23, 0x32, 0xEE, 0x21, 0x22, 0xED, 0x02, 0x2E, 0xDD, 0x11, 0xFE, 0xDE, 0xEF, 0xF0, 0xED
    .byte   0xF1, 0x1F, 0xE0, 0x1F, 0x01, 0x3F, 0xD1, 0x33, 0x10, 0xE3, 0x01,   20, 0x01, 0xED, 0x03, 0x2E
    .byte   0xDF, 0xFF, 0x0E, 0xDD, 0xEF, 0x10, 0xCD, 0x11, 0x10, 0xDE, 0xF0, 0x32, 0xDE, 0x23, 0x31, 0xE1
    .byte   0x33, 0x32, 0x22, 0x41, 0x30, 0x13, 0x21, 0xF2, 0x02, 0x00, 0x1E, 0x01,   49, 0x0D, 0xDF, 0xF2
    .byte   0xDD, 0xEE, 0xFF, 0xEE, 0xFD, 0x12, 0x1D, 0xF1, 0x22, 0xE0, 0x21, 0x12, 0x2F, 0x12, 0x22, 0x00
    .byte   0x21, 0xFE, 0x20, 0xEE, 0xE2, 0xFD, 0xE1, 0xED, 0xD1, 0x0D, 0xD0, 0x2E, 0xEE,  -53, 0x02, 0x21
    .byte   0xFD, 0xE3, 0x41, 0xDE, 0x24, 0x3E, 0xF3, 0x33, 0x34, 0xED, 0x24, 0x3F, 0xDE, 0x33, 0x2E, 0xEE
    .byte   0x12, 0x2E, 0xCE, 0x12, 0x1C, 0xDF, 0x22, 0xDE, 0xEE, 0x12, 0x1D, 0xD1, 0x33, 0xEC,  -19, 0x03
    .byte   0x4E, 0xDF, 0x24, 0xF0, 0xFE, 0xF3, 0x2E, 0xDE, 0x32, 0xED, 0xE2, 0x0E, 0xED, 0xEE, 0x1E, 0xED
    .byte   0xE2, 0x2E, 0xDF, 0x13, 0xFE, 0xE2, 0x22, 0x11, 0x12, 0x32, 0x21, 0x23, 0x23, 0x30, 0xE1,   31
    .byte   0x03, 0x0D, 0xF3, 0x3E, 0xE0, 0x20, 0xFF, 0xEE, 0xEF, 0x1E, 0xDE, 0x11, 0xED, 0x12, 0xEE, 0x0F
    .byte   0x1E, 0xF0, 0x02, 0xE0, 0xF2, 0x21, 0xE0, 0x22, 0x10, 0x01, 0x2F, 0xFE, 0xF0, 0x2E, 0xE0, 0x02
    .byte     -1, 0x0E, 0xEE, 0xFD, 0xEE, 0xFE, 0x0E, 0xE0, 0x11, 0xFE, 0xF2, 0x20, 0xF0, 0x22, 0x22, 0x2F
    .byte   0x22, 0x32, 0xFF, 0x44, 0xED, 0x14, 0x3D, 0xC3, 0x42, 0xDE, 0x23, 0xFD, 0x02, 0xED, 0xE2, 0xFD
    .byte   0xE2,   20, 0x0E, 0xD0, 0x20, 0xDF, 0x21, 0xDE, 0x13, 0xFD, 0xE3, 0x20, 0xD0, 0x33, 0xED, 0x23
    .byte   0x0F, 0xEE, 0x22, 0xEE, 0xFF, 0x01, 0xFE, 0xEE, 0x0E, 0xFE, 0xEE, 0xFE, 0xFE, 0x01, 0x10, 0xFF
    .byte   0x02, 0x1F,  -36, 0x01, 0x22, 0x10, 0x31, 0x02, 0x23, 0x1F, 0x23, 0x3E, 0xE2, 0x32, 0xDE, 0x33
    .byte   0xFD, 0xF3, 0x3D, 0xD1, 0x30, 0xDD, 0x21, 0xEE, 0xF1, 0x1E, 0xF1, 0xFE, 0x01, 0x0E, 0xE1, 0x2F
    .byte   0xEF, 0x21, 0xFE,    1, 0x02, 0x0E, 0x21, 0x0F, 0x01, 0x1E, 0xE1, 0x2E, 0xE0, 0x02, 0xEE, 0x11
    .byte   0xDF, 0x0F, 0xDE, 0xF2, 0x1D, 0xF0, 0x2F, 0xEE, 0x13, 0xEF, 0xF2, 0x3E, 0xE2, 0x32, 0xFF, 0x23
    .byte   0x2F, 0x13, 0x23, 0xD0,   20, 0x03, 0x1D, 0xE3, 0x30, 0xDF, 0x33, 0xEC, 0x13, 0x2D, 0xDF, 0x30
    .byte   0xDD, 0x22, 0xFE, 0xE1, 0x2E, 0xEE, 0x20, 0xEE, 0x02, 0x0F, 0xE2, 0x1F, 0x11, 0x0F, 0xF2, 0x2E
    .byte   0xE1, 0x22, 0xED, 0x03, 0x1D,   -9, 0x0F, 0x31, 0xDD, 0x21, 0xEE, 0xEE, 0x10, 0xEF, 0xF1, 0xFF
    .byte   0x01, 0xF0, 0x02, 0x11, 0x01, 0x12, 0x20, 0x21, 0x22, 0x21, 0x12, 0x32, 0x0F, 0x03, 0x2E, 0xE1
    .byte   0x32, 0xDF, 0x23, 0x1D, 0xE2, 0x2E,   24, 0x0E, 0x21, 0xEE, 0x01, 0x1F, 0xE0, 0x0F, 0xEE, 0x1F
    .byte   0xFF, 0x0E, 0x02, 0xF0, 0xFF, 0x11, 0xFF, 0x01, 0x10, 0x00, 0xFF, 0xF1, 0x00, 0xEF, 0xF1, 0x0E
    .byte   0xE1, 0x0F, 0xEE, 0xF1, 0xEE, 0xFF, 0xF0,  -34, 0x00, 0x01, 0x11, 0xFF, 0x12, 0x10, 0x02, 0x21
    .byte   0x11, 0x22, 0x20, 0x20, 0x32, 0x12, 0xF2, 0x02, 0x0F, 0x21, 0x11, 0x01, 0x2F, 0xF0, 0xFF, 0xEF
    .byte   0xFF, 0xFF, 0xE1, 0x00, 0xE0, 0xF0, 0xEE, 0x0F,    5, 0x0E, 0xFF, 0x00, 0xFF, 0x11, 0x00, 0xE0
    .byte   0x10, 0x01, 0x00, 0x00, 0xFF, 0x0F, 0xFF, 0xF0, 0x0F, 0xFF, 0xE0, 0x0E, 0xEF, 0xFF, 0xFF, 0xFF
    .byte   0x1F, 0x0F, 0x01, 0x00, 0x02, 0x11, 0x12, 0x20, 0x21,   -8, 0x01, 0x22, 0x22, 0x21, 0x20, 0x20
    .byte   0x20, 0x20, 0x02, 0x01, 0x11, 0x00, 0xFF, 0xE0, 0xEF, 0x0E, 0x0F, 0xE0, 0x0E, 0xFF, 0xEF, 0xEF
    .byte   0x0E, 0x0F, 0xF0, 0x00, 0xF1, 0x01, 0xF1, 0x01, 0x01, 0xF0,   -3, 0x00, 0x00, 0x0F, 0x00, 0x00
    .byte   0xE0, 0xFE, 0xFE, 0xF0, 0xE0, 0xFE, 0x00, 0xFF, 0xFF, 0x00, 0xF1, 0x02, 0x00, 0x20, 0x20, 0x20
    .byte   0x22, 0xF2, 0x22, 0x22, 0x21, 0x20, 0x21, 0x11, 0x02, 0x10, 0x20,   37, 0x00, 0x00, 0xE0, 0xE0
    .byte   0xEF, 0xF0, 0xEF, 0xFF, 0x0E, 0x0E, 0x0E, 0x0E, 0x0F, 0xFF, 0x00, 0x01, 0xF0, 0x00, 0x00, 0x01
    .byte   0x10, 0x1F, 0x0F, 0xFF, 0xFF, 0xF0, 0xF0, 0x0E, 0xFF, 0xEF, 0xFE, 0xFE,  -29, 0x0F, 0xFF, 0x01
    .byte   0x0F, 0x01, 0x10, 0xF2, 0x02, 0x11, 0x22, 0x11, 0x22, 0x12, 0x22, 0x22, 0x11, 0x02, 0x02, 0xF0
    .byte   0x21, 0x02, 0x00, 0x0F, 0xF0, 0xEE, 0xFF, 0xFF, 0xF0, 0xE0, 0xFF, 0xEF, 0xFE,    3, 0x0F, 0x00
    .byte   0xFF, 0xFF, 0x00, 0xF0, 0x00, 0x0F, 0xF1, 0x01, 0x1F, 0x0F, 0xFF, 0x0F, 0x10, 0xE0, 0x0F, 0x0E
    .byte   0xF0, 0xEF, 0x0E, 0xFF, 0xFF, 0x1F, 0x1F, 0x1F, 0x10, 0x10, 0x20, 0x21, 0x11, 0x21,   -7, 0x01
    .byte   0x20, 0x22, 0x22, 0x20, 0x11, 0x02, 0x11, 0x02, 0x11, 0x11, 0x10, 0xE0, 0x0E, 0xE0, 0xF0, 0xFF
    .byte   0xFF, 0x0E, 0xFF, 0xEF, 0xEF, 0x00, 0x0F, 0xFF, 0xF0, 0xFF, 0xF0, 0x0F, 0x11, 0x10, 0x11,   -1
    .byte   0x00, 0xEF, 0xE1, 0xF0, 0x11, 0x1F, 0x0E, 0x0E, 0xFF, 0xEF, 0xE1, 0xF1, 0x0F, 0x01, 0xFF, 0x01
    .byte   0x01, 0x00, 0x22, 0x02, 0x02, 0x12, 0x11, 0x22, 0x22, 0x12, 0x00, 0x21, 0x11, 0x11, 0x10, 0x20
    .byte     32, 0x00, 0xF0, 0xE0, 0xEF, 0xFF, 0x0F, 0x0F, 0xFF, 0xEF, 0xEF, 0xFF, 0xF0, 0x1F, 0x0F, 0xFF
    .byte   0xFF, 0x01, 0x01, 0x00, 0x00, 0x0F, 0xE0, 0x0F, 0xFF, 0x11, 0xF0, 0x0E, 0xFE, 0x0E, 0x0E, 0x0F
    .byte   0x01,  -24, 0x0F, 0xFF, 0x0F, 0xF0, 0x11, 0x10, 0x21, 0x20, 0x20, 0x12, 0x02, 0xF2, 0x21, 0x22
    .byte   0x20, 0x20, 0x11, 0x11, 0x11, 0x11, 0x10, 0x10, 0x00, 0xE0, 0xFE, 0x0E, 0x0F, 0x0F, 0xFF, 0xFF
    .byte   0x0E, 0x0E,    1, 0x00, 0xF0, 0x00, 0xFF, 0x00, 0x00, 0xF0, 0xF1, 0x11, 0xF1, 0x0E, 0x0F, 0x00
    .byte   0x0F, 0x01, 0x0F, 0xFF, 0x0E, 0xE0, 0xEF, 0xFF, 0x01, 0x1F, 0x0F, 0x0F, 0x0F, 0xF1, 0x10, 0x20
    .byte   0x20, 0x20, 0x21,   -6, 0x01, 0x12, 0x11, 0x21, 0x22, 0x11, 0x02, 0x11, 0x01, 0x01, 0x11, 0x01
    .byte   0x10, 0xF0, 0xE0, 0xEF, 0xFF, 0x0F, 0xFF, 0x0E, 0x00, 0xE0, 0xEF, 0xF0, 0xF0, 0xFF, 0x10, 0x01
    .byte   0x0F, 0xFF, 0x00, 0x10,   -4, 0x01, 0x10, 0x0F, 0x00, 0xFF, 0xFF, 0xF0, 0x0F, 0xFF, 0xEF, 0xE0
    .byte   0xFF, 0xF1, 0x0F, 0xF0, 0x01, 0xF0, 0x01, 0x11, 0x01, 0x21, 0x21, 0x10, 0x20, 0x12, 0x11, 0x22
    .byte   0x21, 0x20, 0x01, 0x20, 0x1F,   25, 0x01, 0x10, 0x11, 0x0F, 0x0E, 0x0E, 0x0E, 0x00, 0xFF, 0xF0
    .byte   0x0F, 0xEF, 0xFF, 0xEF, 0x1F, 0x01, 0xFF, 0xF0, 0x00, 0x01, 0x0F, 0xFF, 0x0F, 0x00, 0xF0, 0xF0
    .byte   0x01, 0x1F, 0x00, 0xE0, 0x0E, 0xF0,  -16, 0x0F, 0xFF, 0xF0, 0x00, 0x0F, 0xFF, 0x1F, 0x01, 0x11
    .byte   0x02, 0x01, 0x02, 0x02, 0x02, 0x11, 0x02, 0x01, 0x20, 0x22, 0x11, 0x11, 0x00, 0x10, 0x11, 0x10
    .byte   0x10, 0x01, 0xFF, 0xFE, 0x0E, 0xFF, 0x00,   11, 0x00, 0x00, 0xFF, 0xEF, 0x0E, 0x0F, 0x0F, 0x0F
    .byte   0xF1, 0x00, 0x00, 0xFF, 0x0F, 0x0F, 0x00, 0x01, 0x01, 0x00, 0xF0, 0xFF, 0x0F, 0xFF, 0xFF, 0xF0
    .byte   0xF0, 0xFF, 0xF0, 0x0F, 0x1F, 0x00, 0x10, 0x01,  -17, 0x01, 0x02, 0x02, 0x02, 0x01, 0x10, 0x20
    .byte   0x02, 0x10, 0x11, 0x22, 0x01, 0x10, 0x00, 0x01, 0xF1, 0x10, 0x01, 0x1F, 0x00, 0xE0, 0xE0, 0xE1
    .byte   0x00, 0x0F, 0x00, 0xEF, 0x0F, 0xEF, 0x1F, 0xF0, 0x01,   -2, 0x0F, 0x0F, 0x0F, 0xF0, 0x00, 0x1F
    .byte   0x00, 0x00, 0xFF, 0xF1, 0x0F, 0x00, 0x0F, 0x0F, 0x0F, 0xFF, 0x0F, 0xF1, 0xF0, 0x10, 0xF0, 0x00
    .byte   0x10, 0x11, 0x11, 0x02, 0x11, 0x12, 0x11, 0x11, 0x11, 0x10,    8, 0x01, 0x10, 0x20, 0x11, 0x1F
    .byte   0x0F, 0x00, 0x00, 0x00, 0xF1, 0x10, 0x00, 0xF0, 0xEF, 0xFF, 0x0F, 0xF1, 0x0F, 0xFF, 0x00, 0x0E
    .byte   0xFF, 0xF0, 0x11, 0x0F, 0xFF, 0xF0, 0x10, 0x00, 0xF0, 0x00, 0x1F,   -5, 0x0F, 0xFF, 0xF0, 0x1F
    .byte   0x10, 0xF1, 0x0E, 0x00, 0xFF, 0x00, 0x11, 0x11, 0x01, 0x00, 0xF0, 0x11, 0xF1, 0x10, 0x20, 0x10
    .byte   0x21, 0xF0, 0x01, 0x11, 0x10, 0x11, 0x00, 0x11, 0x10, 0xF1, 0xF1, 0xF1,   10, 0x01, 0x1F, 0xF1
    .byte   0xF0, 0x0F, 0xF0, 0x00, 0xF0, 0xFF, 0x00, 0xF0, 0x0F, 0xF0, 0xF0, 0x1F, 0x0F, 0xF0, 0x00, 0x00
    .byte   0xFF, 0x0F, 0x00, 0x00, 0x1F, 0x0F, 0x00, 0x1F, 0xFF, 0x0F, 0x10, 0x01, 0x00,   -6, 0x00, 0xF0
    .byte   0xF0, 0x00, 0x00, 0x01, 0x01, 0x00, 0x11, 0x01, 0xF0, 0x00, 0x10, 0x11, 0x11, 0x11, 0x01, 0x0F
    .byte   0xF0, 0x01, 0x01, 0x10, 0x10, 0x10, 0x0F, 0xF0, 0xF1, 0xF1, 0x10, 0x00, 0x00, 0xF0,    4, 0x00
    .byte   0x0F, 0x01, 0x00, 0x00, 0xF0, 0xF0, 0x0F, 0x10, 0x0F, 0x1F, 0xF1, 0x0F, 0xF0, 0x0F, 0x01, 0x00
    .byte   0x0F, 0x0F, 0x00, 0xF0, 0x1F, 0x10, 0xF1, 0x0F, 0x00, 0x00, 0xF1, 0x00, 0x00, 0x00, 0x1F,   -3
    .byte   0x00, 0x01, 0xF1, 0x00, 0x00, 0x01, 0xF1, 0x01, 0xF1, 0x01, 0x00, 0x00, 0xF1, 0x0F, 0x01, 0xF1
    .byte   0x01, 0x10, 0x00, 0xF0, 0x0F, 0x00, 0x01, 0x00, 0x10, 0x0F, 0x00, 0x0F, 0x1F, 0x00, 0xF1, 0x01
    .byte      1, 0x01, 0x10, 0xF0, 0x0F, 0xF0, 0xF1, 0x00, 0x10, 0x11, 0xF0, 0xFF, 0xFF, 0x01, 0xF1, 0x01
    .byte   0x01, 0x0F, 0xFF, 0x00, 0xF0, 0x01, 0x01, 0x00, 0x10, 0xFF, 0x01, 0x0F, 0xF1, 0x01, 0x1F, 0x00
    .byte   0x0F,   -2, 0x01, 0x00, 0x1F, 0x10, 0x00, 0x0F, 0x1F, 0x10, 0xF1, 0x00, 0x1F, 0x00, 0x01, 0xF0
    .byte   0x00, 0x01, 0x0F, 0x10, 0x00, 0x00, 0x00, 0x00, 0x00, 0x00, 0x00, 0xF0, 0x01, 0x00, 0x00, 0x01
    .byte   0xF0, 0x00,    0, 0x00, 0x00, 0x10, 0x1F, 0x1F, 0x00, 0x1F, 0x00, 0xF0, 0x01, 0x00, 0xF0, 0x0F
    .byte   0x01, 0x0F, 0x1F, 0x00, 0xF0, 0x00, 0x10, 0x00, 0x00, 0x00, 0x1F, 0x0F, 0x01, 0xF1, 0x01, 0x00
    .byte   0xF0, 0x01, 0xF1,    0, 0x0F, 0x10, 0xF1, 0x0F, 0x11, 0x0F, 0x00, 0x00, 0x00, 0x00, 0x00, 0x1F
    .byte   0x00, 0x00, 0x0F, 0x10, 0x00, 0x10, 0x01, 0xF0, 0x00, 0x0E, 0x00, 0x2F, 0x11, 0x11, 0x0E, 0x01
    .byte   0x0F, 0xF2, 0xF0, 0x00,    2, 0x0F, 0xF1, 0xF0, 0xF0, 0x11, 0xF0, 0x01, 0x0E, 0x11, 0xF0, 0x01
    .byte   0x01, 0x0F, 0x1F, 0xF1, 0x00, 0x1F, 0x01, 0xF0, 0x01, 0xF0, 0x01, 0x00, 0x1F, 0x01, 0xF0, 0x0F
    .byte   0x10, 0x1F, 0x00, 0x00, 0x0F,   -1, 0x00, 0x10, 0x00, 0x00, 0x00, 0x1F, 0x00, 0x1F, 0x00, 0x00
    .byte   0x0F, 0x10, 0x1F, 0x00, 0x10, 0xF1, 0xF1, 0x0F, 0x10, 0xF0, 0x10, 0x0F, 0x01, 0xF0, 0x00, 0x10
    .byte   0xF0, 0x00, 0x1F, 0x0F, 0x10, 0x0F,    0, 0x00, 0xF1, 0x0F, 0x1F, 0x10, 0x00, 0xF1, 0x1F, 0xF0
    .byte   0x1F, 0x00, 0x10, 0x01, 0xF0, 0xF0, 0x10, 0x1F, 0x00, 0x01, 0xFF, 0x1F, 0x10, 0x00, 0x00, 0x10
    .byte   0xFF, 0x10, 0x0F, 0x00, 0x10, 0x00, 0x00,    0, 0x00, 0x00, 0xF0, 0x10, 0x00, 0x00, 0x00, 0xF1
    .byte   0x00, 0x00, 0x01, 0xF0, 0x10, 0xFF, 0x10, 0x00, 0x00, 0x10, 0x00, 0xF0, 0x00, 0x00, 0xF1, 0x00
    .byte   0x00, 0x01, 0xFF, 0x1F, 0x10, 0x10, 0x00, 0xF1,    0, 0x00, 0x00, 0x00, 0x00, 0x01, 0xF1, 0xF0
    .byte   0x0F, 0x1F, 0x10, 0xF1, 0x0F, 0x1F, 0x10, 0x00, 0x00, 0xF1, 0xF1, 0x0F, 0x10, 0x0F, 0x10, 0x00
    .byte   0x00, 0xF1, 0x0F, 0x10, 0xF1, 0x1F, 0xF1, 0x00, 0xF1,    1, 0x0F, 0xF0, 0x10, 0x0F, 0x1F, 0x10
    .byte   0x00, 0x0F, 0x10, 0x1F, 0x01, 0xF0, 0x00, 0x00, 0x01, 0x0F, 0x00, 0x00, 0x01, 0xF0, 0x1F, 0x00
    .byte   0x1F, 0x00, 0xF1, 0xF1, 0x0F, 0x10, 0xF1, 0x01, 0xF1, 0xF0,    0, 0x00, 0x00, 0x00, 0xF1, 0x00
    .byte   0x1F, 0x01, 0xF0, 0xF1, 0x00, 0x1F, 0x00, 0x00, 0x0F, 0x10, 0x1F, 0x00, 0x00, 0x00, 0x01, 0xF0
    .byte   0x1F, 0x1F, 0x1F, 0x01, 0xF0, 0x00, 0x00, 0xF1, 0x00, 0x00, 0x00,    0, 0x0F, 0x10, 0x00, 0x00
    .byte   0x00, 0x00, 0x01, 0xF0, 0x00, 0x1F, 0xF1, 0x00, 0x00, 0x00, 0x0F, 0x10, 0x1F, 0x1F, 0x0F, 0x10
    .byte   0x00, 0xF1, 0x00, 0xF1, 0x00, 0x00, 0xF1, 0x00, 0x00, 0x00, 0x00, 0x00,    0, 0x00, 0x00, 0x00
    .byte   0x0F, 0x10, 0x00, 0x00, 0x00, 0xF1, 0x00, 0x00, 0x00, 0x00, 0x01, 0xFF, 0x10, 0x1F, 0x0F, 0x10
    .byte   0xF1, 0x00, 0x1F, 0x00, 0x00, 0x00, 0x00, 0x00, 0x00, 0x1F, 0x00, 0x00, 0x00,    0, 0x00, 0x00
    .byte   0xF1, 0x0F, 0x10, 0x00, 0x00, 0x00, 0x00, 0x00, 0x00, 0x00, 0x0F, 0x1F, 0x10, 0x00, 0x00, 0x1F
    .byte   0x0F, 0x10, 0x01, 0xF0, 0x00, 0x01, 0xF0, 0xF0, 0x10, 0x00, 0x1F, 0x00, 0x00, 0x00,    0, 0x00
    .byte   0x00, 0x1F, 0x00, 0x01, 0xF0, 0x00, 0x00, 0x00, 0x01, 0xFF, 0x10, 0x0F, 0x00, 0x11, 0xF0, 0xF1
    .byte   0x01, 0xF0, 0x00, 0x00, 0x00, 0x1F, 0x00, 0x00, 0x00, 0x00, 0x00, 0x00, 0x00, 0x00, 0x00,   -1
    .byte   0x00, 0x10, 0x00, 0x00, 0x00, 0x00, 0x00, 0x00, 0x1F, 0x01, 0xF0, 0x01, 0x0F, 0x01, 0xF0, 0x1F
    .byte   0x1F, 0x01, 0xF0, 0xF1, 0x00, 0x10, 0xF0, 0x1F, 0x00, 0xF1, 0x00, 0x00, 0x0F, 0x10, 0x00, 0x01
    .byte     -1, 0x01, 0x1F, 0x00, 0x00, 0x1F, 0x00, 0x00, 0x10, 0xFF, 0x10, 0x00, 0x00, 0x0F, 0x10, 0x00
    .byte   0x00, 0x00, 0x00, 0x00, 0x00, 0x00, 0x00, 0x00, 0x01, 0xF0, 0x00, 0x01, 0xF0, 0x00, 0x1F, 0x00
    .byte   0x1F,    0, 0x00, 0x00, 0x00, 0x00, 0x00, 0x0F, 0x10, 0x00, 0x00, 0x1F, 0x0F, 0x10, 0x1F, 0xF1
    .byte   0x00, 0x00, 0x00, 0x1F, 0x10, 0xF0, 0x00, 0x00, 0x01, 0xF0, 0x00, 0x00, 0x00, 0x00, 0x00, 0x0F
    .byte   0x1F, 0x01,    0, 0x01, 0x0F, 0x1F, 0x00, 0x0F, 0x10, 0x00, 0x1F, 0x1F, 0x00, 0x10, 0xF0, 0x01
    .byte   0xF1, 0xF0, 0x00, 0xF1, 0xF1, 0x00, 0xF1, 0xF1, 0x00, 0x0F, 0x01, 0x00, 0x00, 0x00, 0x00, 0x00
    .byte   0x00, 0x1F, 0x01,    0, 0x00, 0x01, 0xF0, 0x01, 0xF0, 0x00, 0x00, 0x00, 0x0F, 0x11, 0xF0, 0x00
    .byte   0x0F, 0x1F, 0x10, 0x00, 0x00, 0x00, 0x00, 0x1F, 0x1F, 0x00, 0x00, 0x01, 0xF0, 0x00, 0x00, 0x00
    .byte   0xF1, 0x00, 0x1F, 0x01,    0, 0x00, 0x1F, 0xF1, 0x1F, 0x01, 0xF0, 0xF1, 0x0F, 0x01, 0xF1, 0x00
    .byte   0xF0, 0x1F, 0x10, 0x1F, 0x00, 0xF1, 0x00, 0x00, 0xF1, 0x1F, 0x1F, 0x00, 0x00, 0x10, 0xF0, 0x00
    .byte   0x00, 0x00, 0x00, 0xF1, 0x00,   -1, 0x01, 0x00, 0x00, 0x00, 0x00, 0x00, 0x00, 0x01, 0xF0, 0x00
    .byte   0x00, 0xF1, 0x00, 0x00, 0x00, 0x00, 0x1F, 0x00, 0x00, 0x00, 0x00, 0x1F, 0x00, 0xF0, 0x10, 0x00
    .byte   0x00, 0x00, 0x00, 0xF1, 0x00, 0x0F,    0, 0x00, 0x00, 0x00, 0x00, 0x00, 0x0F, 0x10, 0x0F, 0x10
    .byte   0x00, 0x00, 0xF1, 0x1F, 0x0F, 0x01, 0x00, 0x0F, 0x01, 0x00, 0x00, 0x1F, 0x1F, 0x00, 0x01, 0x0F
    .byte   0x00, 0xF0, 0x10, 0x1F, 0x1F, 0x00, 0x00,    0, 0x00, 0x0F, 0x10, 0x0F, 0x01, 0x01, 0xFF, 0x10
    .byte   0x0F, 0x10, 0x00, 0x00, 0x1F, 0x1F, 0xF1, 0x00, 0x1F, 0x00, 0x00, 0x01, 0x0F, 0x0F, 0x10, 0xF1
    .byte   0x00, 0x00, 0x01, 0xF0, 0x0F, 0x11, 0xF0, 0x00,    0, 0x00, 0xF1, 0x1F, 0x00, 0x00, 0xF0, 0x1F
    .byte   0x10, 0x00, 0x00, 0xF1, 0x01, 0xF0, 0x0F, 0x01, 0x00, 0x0F, 0x01, 0x1F, 0x00, 0x01, 0xF0, 0x00
    .byte   0x00, 0x00, 0x00, 0x1F, 0x00, 0x1F, 0x1F, 0x01, 0xF0,   -1, 0x01, 0x0F, 0x11, 0x0F, 0x00, 0x01
    .byte   0xF0, 0x01, 0xF0, 0x00, 0x00, 0x00, 0x00, 0x00, 0x00, 0x00, 0x00, 0x00, 0x00, 0x00, 0x00, 0x00
    .byte   0x00, 0x00, 0x00, 0x00, 0x00, 0x00, 0x00, 0x1F, 0x00, 0x01,    0, 0x01, 0xF0, 0x00, 0x00, 0x1F
    .byte   0x00, 0x00, 0x00, 0xF1, 0x00, 0x00, 0xF1, 0x00, 0x00, 0x1F, 0x1F, 0x01, 0xF0, 0x0F, 0x10, 0x00
    .byte   0x01, 0xF0, 0x00, 0x00, 0x00, 0x00, 0x00, 0x0F, 0x10, 0x1F, 0x00,    0, 0x00, 0x00, 0x01, 0xF1
    .byte   0xF0, 0x1F, 0x10, 0xF0, 0x00, 0x00, 0x00, 0x00, 0x00, 0x00, 0x0F, 0x00, 0x11, 0xF0, 0x01, 0xF0
    .byte   0x0F, 0x10, 0xF1, 0x01, 0xF0, 0x00, 0x1F, 0xF1, 0x00, 0xF0, 0x10, 0x00,    0, 0x00, 0x00, 0x01
    .byte   0xFF, 0x10, 0xF0, 0x10, 0xF1, 0x00, 0x10, 0xFF, 0x01, 0x00, 0x1F, 0x00, 0x01, 0xF0, 0x01, 0xF0
    .byte   0x0F, 0x10, 0x00, 0xF1, 0xF1, 0xF1, 0x00, 0xF1, 0x0F, 0x1F, 0x10, 0x00, 0x0F,    0, 0x00, 0x00
    .byte   0xF1, 0xF1, 0x00, 0x00, 0x00, 0x00, 0x00, 0x00, 0x00, 0x1F, 0x00, 0x00, 0x0F, 0x1F, 0x01, 0x01
    .byte   0xF0, 0x1F, 0x01, 0x0F, 0xF1, 0x00, 0x01, 0xF0, 0xF0, 0x1F, 0x10, 0x00, 0x00, 0x00,    0, 0x00
    .byte   0x00, 0x0F, 0x10, 0x0F, 0x10, 0x00, 0x0F, 0x10, 0x00, 0x00, 0x00, 0x00, 0x00, 0x00, 0x00, 0x1F
    .byte   0x0F, 0x10, 0x01, 0x0F, 0x1F, 0x00, 0x00, 0x1F, 0x00, 0x00, 0x1F, 0x00, 0x00, 0x00, 0x00,   -1
    .byte   0x00, 0x10, 0x00, 0x00, 0x00, 0xF1, 0x00, 0x00, 0x1F, 0x00, 0x10, 0xF1, 0xF0, 0x00, 0x01, 0xF1
    .byte   0xF1, 0xF0, 0x00, 0x00, 0x00, 0x1F, 0x1F, 0x00, 0x0F, 0x11, 0xF0, 0x00, 0x1F, 0x00, 0x00, 0xF1
    .byte      0, 0x0F, 0x10, 0x00, 0x01, 0xFF, 0x10, 0xF1, 0x00, 0x10, 0x0F, 0x00, 0x00, 0x1F, 0xF1, 0x00
    .byte   0x00, 0x00, 0xF1, 0x1F, 0x00, 0x00, 0x00, 0x00, 0x00, 0x00, 0x0F, 0x10, 0x00, 0x00, 0x0F, 0x01
    .byte   0x0F,    0, 0x01, 0xF0, 0x0F, 0x10, 0x00, 0xF1, 0x00, 0x00, 0x00, 0xF1, 0x00, 0x1F, 0xF1, 0x01
    .byte   0xF0, 0x1F, 0x01, 0xF0, 0x00, 0x1F, 0x10, 0x0F, 0xF1, 0x0F, 0x01, 0xF1, 0x01, 0xF0, 0xF1, 0x00
    .byte   0x00, 0x00,    0, 0x00, 0x1F, 0x00, 0x01, 0xF0, 0x00, 0x00, 0x00, 0x00, 0xF1, 0x01, 0xF1, 0xF0
    .byte   0x01, 0xF0, 0x00, 0x00, 0x00, 0x1F, 0x00, 0x0F, 0x10, 0x00, 0x00, 0x01, 0xF1, 0xF0, 0x01, 0xF0
    .byte   0x01, 0xF0, 0x00,    0, 0x00, 0x00, 0x00, 0x00, 0x01, 0x0F, 0x10, 0xF0, 0x0F, 0x1F, 0x10, 0x1F
    .byte   0xF1, 0x01, 0xF0, 0x00, 0x00, 0x1F, 0x00, 0xF1, 0x0F, 0x10, 0x00, 0x01, 0xFF, 0x10, 0x00, 0x00
    .byte   0xF1, 0x00, 0xF1, 0x00,    0, 0x00, 0xF0, 0x1F, 0x10, 0x00, 0x00, 0x01, 0xF1, 0xF1, 0x0F, 0x00
    .byte   0x0F, 0x10, 0x00, 0x00, 0x01, 0xF0, 0x00, 0xF0, 0x01, 0x00, 0x0F, 0x11, 0xF0, 0x00, 0x00, 0x0F
    .byte   0x10, 0x00, 0x01, 0xF0, 0xF1,    0, 0x00, 0x00, 0x00, 0x1F, 0x00, 0x00, 0x01, 0xF0, 0x0F, 0x01
    .byte   0x00, 0x00, 0x00, 0x00, 0xF1, 0x00, 0x00, 0x00, 0x0F, 0x10, 0x0F, 0x10, 0xF1, 0x00, 0x00, 0x00
    .byte   0x00, 0x00, 0x1F, 0x0F, 0x10, 0x01,    0, 0x00, 0x1F, 0x01, 0xF0, 0x1F, 0x00, 0x00, 0x00, 0x00
    .byte   0xF1, 0x00, 0x1F, 0x00, 0x00, 0x00, 0xF1, 0x00, 0x00, 0x01, 0xF0, 0x01, 0xF0, 0x00, 0x00, 0x10
    .byte   0xF0, 0x00, 0x10, 0xFF, 0x10, 0x00, 0xF1,    1, 0x0F, 0x1F, 0x00, 0x00, 0x1F, 0xF1, 0x00, 0x00
    .byte   0x00, 0xF1, 0x00, 0x00, 0x00, 0x00, 0x00, 0x01, 0xF0, 0x00, 0x00, 0x00, 0x00, 0x00, 0x00, 0x0F
    .byte   0x1F, 0x10, 0x00, 0x00, 0x00, 0x01, 0xF0, 0xF1,    0, 0x00, 0x00, 0x00, 0x00, 0x00, 0x00, 0x00
    .byte   0x00, 0x1F, 0xF0, 0x11, 0xF0, 0x00, 0x00, 0x10, 0xF1, 0xF0, 0x00, 0x00, 0x00, 0x00, 0x00, 0x00
    .byte   0x00, 0x00, 0x00, 0x1F, 0x01, 0xF0, 0x0F, 0x10, 0x00,    0, 0x01, 0xFF, 0x10, 0xF1, 0x1F, 0x1F
    .byte   0x00, 0x00, 0x00, 0x1F, 0xF1, 0x01, 0xF0, 0x01, 0xF0, 0x00, 0x00, 0x00, 0x10, 0xF0, 0xF1, 0x0F
    .byte   0x1F, 0x01, 0x00, 0x00, 0x00, 0x1F, 0x00, 0x00, 0x00, 0x00,    0, 0x00, 0xF1, 0x00, 0x00, 0x00
    .byte   0xF1, 0x00, 0x00, 0x01, 0xF0, 0x00, 0x00, 0x00, 0xF1, 0xF1, 0x1F, 0x00, 0x00, 0x01, 0xF0, 0x00
    .byte   0x10, 0x0F, 0x00, 0x01, 0xF1, 0xF0, 0xF1, 0x00, 0x00, 0x00, 0x00,    1, 0x0F, 0x01, 0xF0, 0xF1
    .byte   0xF1, 0x00, 0x01, 0xF0, 0xF1, 0x00, 0x00, 0x00, 0x00, 0x00, 0x00, 0x00, 0x0F, 0x1F, 0x10, 0x00
    .byte   0x00, 0x0F, 0x10, 0x01, 0xF0, 0xF1, 0x00, 0x00, 0x00, 0x00, 0x00, 0x01,   -1, 0x00, 0x10, 0x00
    .byte   0xF1, 0x00, 0x01, 0xF0, 0x00, 0x00, 0x01, 0x0F, 0x00, 0x00, 0x00, 0xF1, 0x0F, 0x10, 0x00, 0xF0
    .byte   0x10, 0x00, 0x1F, 0x00, 0xF1, 0x0F, 0x10, 0xF0, 0x10, 0xF0, 0x10, 0xF1, 0x00,    0, 0x00, 0x00
    .byte   0x00, 0x01, 0xF0, 0x00, 0x00, 0x00, 0x00, 0x00, 0x00, 0x1F, 0xF1, 0x00, 0x00, 0x00, 0x00, 0x01
    .byte   0xF1, 0xFF, 0x10, 0x00, 0x00, 0x00, 0x0F, 0x10, 0x10, 0xF0, 0x0F, 0x10, 0x00, 0x00,    0, 0x00
    .byte   0x00, 0x00, 0x00, 0x00, 0x01, 0xF0, 0x00, 0x00, 0x00, 0x00, 0x00, 0x00, 0x01, 0xF0, 0x01, 0xF0
    .byte   0xF1, 0x00, 0x1F, 0x00, 0x1F, 0x00, 0x1F, 0x00, 0x01, 0xF0, 0x00, 0x0F, 0x11, 0xF0, 0x00,    0
    .byte   0x00, 0x00, 0x0F, 0x10, 0xF1, 0x00, 0x00, 0x1F, 0x00, 0x01, 0xF0, 0x1F, 0x00, 0x00, 0x00, 0x0F
    .byte   0x1F, 0x10, 0x01, 0xF0, 0x00, 0x00, 0x00, 0x00, 0x0F, 0x10, 0xF0, 0x10, 0x00, 0x1F, 0x00, 0x00
    .byte      0, 0x00, 0xF1, 0x0F, 0x10, 0x00, 0x00, 0x00, 0x00, 0x00, 0x00, 0x00, 0xF1, 0x00, 0x0F, 0x10
    .byte   0x00, 0x1F, 0x00, 0x00, 0x00, 0x00, 0x00, 0x00, 0xF1, 0xF1, 0x1F, 0x1F, 0x00, 0x01, 0xF0, 0xF1
    .byte   0x01,    0, 0x00, 0x00, 0x0F, 0x1F, 0x1F, 0x11, 0xF0, 0x00, 0x00, 0x00, 0x00, 0xF1, 0x1F, 0x00
    .byte   0x0F, 0x01, 0x01, 0x0F, 0x00, 0x00, 0x00, 0xF1, 0x1F, 0x00, 0x00, 0x1F, 0x0F, 0x11, 0xF0, 0x00
    .byte   0x00, 0x01,    0, 0x00, 0x00, 0x01, 0xF0, 0x1F, 0xF1, 0x00, 0x01, 0xFF, 0x10, 0x00, 0x00, 0x00
    .byte   0xF1, 0x00, 0x00, 0x0F, 0x10, 0x1F, 0x00, 0xF1, 0x00, 0xF1, 0x00, 0x00, 0x00, 0x1F, 0x0F, 0x10
    .byte   0x01, 0xF0, 0x00,    1, 0x0F, 0x00, 0xF1, 0x0F, 0x1F, 0x10, 0x10, 0xF0, 0x1F, 0xF1, 0x00, 0x00
    .byte   0x00, 0x1F, 0xF1, 0x00, 0x00, 0x1F, 0x01, 0xF0, 0x00, 0x00, 0x00, 0x00, 0x00, 0x00, 0x00, 0x01
    .byte   0xF0, 0x0F, 0x10, 0x01,   -1, 0x01, 0x1F, 0x00, 0x00, 0x00, 0xF0, 0x10, 0x1F, 0x01, 0xF0, 0x00
    .byte   0x00, 0x00, 0x01, 0xF0, 0x0F, 0x10, 0x00, 0x0F, 0x10, 0x00, 0x0F, 0x10, 0x00, 0x1F, 0x00, 0x0F
    .byte   0x10, 0x00, 0x1F, 0x1F, 0x00,    0, 0x0F, 0x10, 0x00, 0x0F, 0x01, 0xF1, 0x00, 0x1F, 0x00, 0x01
    .byte   0xF0, 0x1F, 0x00, 0x1F, 0x00, 0x1F, 0x00, 0x00, 0x00, 0x10, 0xF0, 0x0F, 0x10, 0x00, 0x00, 0xF0
    .byte   0x10, 0x00, 0x00, 0x0F, 0x10, 0xF1,    0, 0x00, 0x00, 0xF0, 0x10, 0x00, 0x00, 0x0F, 0x10, 0x1F
    .byte   0xF1, 0x00, 0xF1, 0x00, 0x00, 0x00, 0xF1, 0x00, 0x1F, 0x00, 0x00, 0x00, 0x1F, 0x00, 0x00, 0x01
    .byte   0xFF, 0x1F, 0x10, 0xF1, 0x1F, 0xF1, 0x00,   -1, 0x00, 0x10, 0x00, 0x00, 0x01, 0xF0, 0x0F, 0x10
    .byte   0x00, 0x00, 0x01, 0xF0, 0x00, 0x10, 0xF0, 0x00, 0x00, 0x00, 0x00, 0x00, 0x00, 0x00, 0x00, 0x00
    .byte   0x00, 0x00, 0x00, 0x00, 0x00, 0x00, 0x00, 0x00

    .end
