    .section .rodata
    .global Prologue_Line_0005_Compressed
    .align  2

Prologue_Line_0005_Compressed:

    .byte   0x1, 0x0, 0x0, 0x0
    .word   0x00D10C00  @ Mid-C ~13379.000000
    .word   0, 71731

    .byte     15, 0x03, 0xBD, 0xE0, 0x31, 0xEE, 0xD3, 0x3F, 0x32, 0x1D, 0xCE, 0x33, 0x30, 0xED, 0x13, 0x12
    .byte   0x1D, 0xD0, 0x22, 0x0F, 0xE1, 0x21, 0x2F, 0xFF, 0xFF, 0x00, 0x10, 0x01, 0x10, 0x10, 0x0E, 0xF1
    .byte   0xF1,    0, 0x0F, 0x11, 0x10, 0x0F, 0xF1, 0xF1, 0x1F, 0xFF, 0x01, 0x01, 0x10, 0xEF, 0x01, 0x20
    .byte   0xFE, 0x11, 0x22, 0xFF, 0xEE, 0x22, 0xFF, 0xEE, 0x11, 0x1F, 0x11, 0x0E, 0x0F, 0x01, 0x10, 0xF0
    .byte   0x01, 0x02,    2, 0x0F, 0xE1, 0x02, 0x0F, 0x01, 0x01, 0x10, 0x00, 0x0F, 0x0F, 0x0F, 0xFF, 0x10
    .byte   0x00, 0x10, 0x11, 0xFF, 0xFF, 0x00, 0x20, 0x0E, 0x01, 0x0F, 0x0F, 0x0F, 0xE0, 0x1F, 0xFF, 0xF0
    .byte   0x1F, 0xF0, 0xE0,  -16, 0x0E, 0x21, 0xFE, 0xE0, 0x21, 0x11, 0x00, 0x23, 0x32, 0x33, 0x32, 0x32
    .byte   0x32, 0x1F, 0xEF, 0xE0, 0xFE, 0xDD, 0xDD, 0x1E, 0xDD, 0xDE, 0x1F, 0x0E, 0xEF, 0x0F, 0x11, 0x0E
    .byte   0xEE, 0xFE, 0xDE, 0xDD,  -83, 0x0D, 0xEE, 0xEE, 0xD2, 0x44, 0x44, 0x77, 0x53, 0xD5, 0x51, 0x11
    .byte   0x00, 0xDE, 0x2D, 0xC9, 0xAC, 0xCE, 0xCB, 0xDE, 0x24, 0x45, 0x33, 0x15, 0x64, 0x3D, 0x22, 0x10
    .byte   0xDD, 0xBB, 0xCD, 0xFC, 0xCB,  -68, 0x03, 0x12, 0x00, 0x23, 0x33, 0xEC, 0xDE, 0xFF, 0xBC, 0xCD
    .byte   0xE1, 0xF2, 0x20, 0x67, 0x77, 0x1A, 0x77, 0x10, 0x00, 0x00, 0x00, 0x0B, 0x89, 0x22, 0xC9, 0xAE
    .byte   0x24, 0x43, 0x44, 0x35, 0x66, 0x5D,   84, 0x03, 0x53, 0xEB, 0xCC, 0xDB, 0xDC, 0xBB, 0xC3, 0x2D
    .byte   0xCD, 0x44, 0x23, 0xE0, 0xEE, 0x21, 0xCB, 0xCD, 0xED, 0xEF, 0xFF, 0x1F, 0x67, 0x76, 0x2C, 0x76
    .byte   0x31, 0x11, 0x00, 0x00, 0x0C, 0x9A, 0xFF,  -10, 0x08, 0x93, 0x54, 0xDD, 0x45, 0x55, 0x64, 0x32
    .byte   0x36, 0x4E, 0xBC, 0x32, 0xBB, 0xBE, 0xDB, 0xC1, 0xEC, 0xC2, 0x42, 0xDD, 0x24, 0x2D, 0xDD, 0xED
    .byte   0xDD, 0xDC, 0xEF, 0x1F, 0x03, 0x37, 0x76, 0x4E,   65, 0x07, 0x32, 0x00, 0x00, 0x00, 0x0E, 0xBB
    .byte   0xCB, 0xA9, 0xA0, 0x40, 0xDC, 0x46, 0x34, 0x25, 0x54, 0x35, 0x33, 0xEE, 0x4E, 0xCB, 0xB2, 0xDC
    .byte   0xBB, 0x20, 0xDF, 0xDD, 0xFE, 0x21, 0xDE, 0xD0, 0x1E,  -86, 0x0C, 0xCE, 0xE2, 0x0E, 0xFF, 0x43
    .byte   0x67, 0x53, 0x15, 0x76, 0xFD, 0xD4, 0x11, 0x10, 0x00, 0xCC, 0xEA, 0xBA, 0xC3, 0xCB, 0xC2, 0x52
    .byte   0xEE, 0x36, 0x32, 0x33, 0x41, 0x34, 0x1D, 0xCF, 0x4E, 0xCB,   11, 0x03, 0xEC, 0xCD, 0xDE, 0xDE
    .byte   0xFC, 0xCF, 0x13, 0xDD, 0xD3, 0x3D, 0xDE, 0x04, 0xE0, 0x2F, 0x43, 0x75, 0xFD, 0x07, 0x6F, 0xDC
    .byte   0x56, 0x30, 0xD0, 0x30, 0x0C, 0xBC, 0xB1, 0xEC, 0xBC, 0xE4, 0xEC,  -38, 0x01, 0x42, 0xEE, 0xF4
    .byte   0x32, 0x21, 0xF0, 0x23, 0x2D, 0xD1, 0x24, 0xDC, 0xEE, 0x22, 0xCE, 0xDD, 0x2E, 0xFD, 0xE1, 0x11
    .byte   0xE1, 0x01, 0x2F, 0x0F, 0xF2, 0xF2, 0xEE, 0xFE, 0x31, 0x31, 0x12, 0x13,  -11, 0x03, 0x32, 0x13
    .byte   0x44, 0x23, 0x22, 0x22, 0x2F, 0xED, 0xEE, 0x0F, 0xDE, 0xE0, 0x0D, 0xEE, 0xEF, 0xEE, 0xEE, 0x0E
    .byte   0xEE, 0xFE, 0xFE, 0xEE, 0xE1, 0x0F, 0xF0, 0x01, 0xF2, 0x11, 0x10, 0x21, 0x11,  -14, 0x01, 0x1F
    .byte   0x00, 0xF0, 0xFF, 0xF0, 0x0E, 0xFF, 0xEF, 0x0E, 0x0F, 0xF0, 0x01, 0x02, 0x12, 0x21, 0x23, 0x22
    .byte   0x22, 0x22, 0x31, 0x22, 0x11, 0x21, 0xF1, 0x00, 0xF0, 0xFF, 0xF0, 0xEF, 0xEF, 0xEF,   20, 0x0F
    .byte   0xEF, 0xEE, 0x0E, 0x0E, 0xE0, 0xE0, 0xEF, 0xFF, 0xFF, 0xF0, 0x01, 0x11, 0x11, 0x02, 0x01, 0x11
    .byte   0x11, 0x01, 0x10, 0x11, 0xF1, 0xF1, 0xF0, 0xFF, 0xF0, 0xFF, 0x0F, 0xFF, 0xF0, 0xF0, 0xF0,  -13
    .byte   0x0F, 0x11, 0x01, 0x11, 0x11, 0x11, 0x11, 0x11, 0x02, 0x00, 0x11, 0x11, 0x01, 0x00, 0x10, 0x01
    .byte   0x01, 0x10, 0x0F, 0x10, 0xF0, 0xF0, 0xFF, 0xFF, 0xFF, 0xFF, 0x0E, 0x00, 0x0F, 0xF0, 0xF1, 0x0F
    .byte     -5, 0x01, 0x11, 0x00, 0x11, 0x01, 0x01, 0x01, 0x00, 0x10, 0x0F, 0x10, 0x0F, 0x0F, 0x1F, 0x00
    .byte   0x0F, 0x00, 0xF1, 0xF0, 0x00, 0x00, 0x00, 0x0F, 0x01, 0xF0, 0x00, 0xF0, 0x1F, 0xF0, 0x00, 0xF0
    .byte   0x00,   -4, 0x00, 0xF0, 0xF1, 0x0F, 0xF1, 0x0F, 0x11, 0x0F, 0x11, 0x0F, 0x11, 0x00, 0x11, 0x0F
    .byte   0x10, 0x01, 0x00, 0x1F, 0x10, 0xF0, 0x10, 0x01, 0x0F, 0x01, 0xF1, 0xF1, 0xF1, 0x01, 0xF0, 0x10
    .byte   0x00, 0x10,    5, 0x00, 0x1F, 0x10, 0x01, 0xF0, 0x00, 0x1F, 0x0F, 0xF0, 0x0F, 0x0F, 0xF0, 0xFF
    .byte   0x0F, 0x00, 0xF0, 0xF0, 0xF0, 0xF0, 0x00, 0x10, 0xF0, 0x00, 0x10, 0x01, 0x00, 0x01, 0x00, 0x11
    .byte   0x00, 0x1F, 0x10,    0, 0x00, 0x10, 0x00, 0x1F, 0x00, 0x00, 0x01, 0xF0, 0x01, 0xF0, 0x00, 0x00
    .byte   0x11, 0xF0, 0x01, 0x00, 0xF0, 0x10, 0xF1, 0x00, 0xF0, 0x00, 0xF0, 0xF0, 0x00, 0x0F, 0x00, 0xF0
    .byte   0xF1, 0x0F, 0x00, 0x00,   -4, 0x01, 0x00, 0x00, 0x00, 0x01, 0x01, 0x00, 0x00, 0x10, 0x1F, 0x1F
    .byte   0x01, 0x00, 0x00, 0x00, 0x00, 0x0F, 0x10, 0x1F, 0x00, 0x10, 0xF1, 0xF0, 0x01, 0x00, 0x00, 0x0F
    .byte   0x1F, 0x1F, 0x1F, 0x0F, 0x00,    0, 0x00, 0x00, 0xF0, 0x00, 0x0F, 0x1F, 0x0F, 0x00, 0x01, 0x00
    .byte   0x01, 0xF1, 0x00, 0xF0, 0x1F, 0x10, 0x00, 0x10, 0xF1, 0x00, 0x01, 0xF0, 0x00, 0x01, 0xF0, 0x1F
    .byte   0x10, 0xF1, 0x00, 0x1F, 0x00, 0x01,    2, 0x00, 0x01, 0xFF, 0x10, 0x00, 0x0F, 0x1F, 0x00, 0x01
    .byte   0xF0, 0xF0, 0x00, 0x00, 0xF0, 0x00, 0x00, 0xF0, 0xF1, 0x00, 0x10, 0xF0, 0x01, 0x0F, 0x00, 0x1F
    .byte   0x10, 0x10, 0xF1, 0x00, 0x00, 0x1F, 0x00,   -1, 0x01, 0x10, 0xF0, 0x00, 0x1F, 0x00, 0x1F, 0x00
    .byte   0x1F, 0x10, 0x0F, 0x01, 0xF0, 0x01, 0x00, 0x00, 0x00, 0x00, 0xF0, 0x10, 0x00, 0xF1, 0xF0, 0x00
    .byte   0xF0, 0x10, 0x1F, 0x0F, 0x1F, 0x00, 0x10, 0xF0,    0, 0x0F, 0x01, 0xF0, 0x10, 0x00, 0xF0, 0x10
    .byte   0xF1, 0xF1, 0x1F, 0x1F, 0x01, 0x00, 0x00, 0x00, 0x00, 0x00, 0x00, 0xF0, 0x10, 0xF0, 0x01, 0x0F
    .byte   0x00, 0x00, 0x0F, 0x10, 0x00, 0xF0, 0x10, 0x01, 0xFF,    0, 0x0F, 0x10, 0x00, 0x00, 0x1F, 0x0F
    .byte   0x10, 0x00, 0x00, 0x0F, 0x10, 0x00, 0x0F, 0x00, 0x00, 0x10, 0xF1, 0x00, 0xF1, 0xF0, 0x01, 0x00
    .byte   0x1F, 0x00, 0x1F, 0x1F, 0x00, 0x01, 0xF1, 0x00, 0xFF, 0x10,    0, 0x01, 0xF1, 0x00, 0xF0, 0x00
    .byte   0x00, 0x01, 0xF0, 0x00, 0x00, 0x00, 0x00, 0x0F, 0x01, 0x0F, 0x1F, 0x10, 0xF1, 0x0F, 0x10, 0x00
    .byte   0x0F, 0x01, 0xF0, 0x10, 0xF0, 0x01, 0x0F, 0x01, 0x1F, 0xF0, 0x10,    0, 0x0F, 0x1F, 0x01, 0xF1
    .byte   0xFF, 0x2F, 0x01, 0xEF, 0x22, 0x0D, 0x1F, 0x3D, 0x13, 0x63, 0x88, 0x77, 0x78, 0x87, 0x75, 0x88
    .byte   0x77, 0x58, 0x87, 0x72, 0x8C, 0x77, 0x98, 0x67, 0x08, 0xC7, 0x7D, 0x9D,   20, 0x05, 0xAC, 0xFD
    .byte   0x06, 0x5C, 0x8C, 0x77, 0xD8, 0xA7, 0x7B, 0x84, 0x77, 0xD8, 0x15, 0x69, 0x93, 0x65, 0xDA, 0x27
    .byte   0x29, 0xC7, 0x1A, 0xA6, 0x62, 0xB1, 0x34, 0xEB, 0xDC, 0x55, 0x1A, 0x37, 0x58,  -48, 0x05, 0x4D
    .byte   0xA1, 0xB6, 0x77, 0xCA, 0x47, 0xD8, 0xD7, 0x4A, 0x94, 0x64, 0x8C, 0x62, 0x19, 0xB4, 0x6E, 0xE4
    .byte   0x44, 0x1D, 0xD2, 0x4D, 0xD2, 0x06, 0xBD, 0x24, 0xFA, 0x3E, 0x31, 0xB0, 0x54, 0xBD,   17, 0x00
    .byte   0xCE, 0x24, 0xCB, 0x45, 0xEA, 0x45, 0xAE, 0x54, 0xDA, 0x71, 0x9E, 0x64, 0xAD, 0xB7, 0x6B, 0xB4
    .byte   0x40, 0xE8, 0x66, 0xEE, 0xB4, 0x54, 0x9B, 0x7D, 0xCE, 0xB6, 0x6B, 0xFD, 0x2C, 0x2C, 0xB4,  -15
    .byte   0x04, 0xCB, 0x45, 0xCE, 0xF4, 0x5B, 0xB5, 0x61, 0xCB, 0xE7, 0x18, 0x26, 0x3B, 0xB3, 0x5E, 0xAD
    .byte   0x62, 0xC3, 0x3E, 0x5C, 0x24, 0x0E, 0xB1, 0x6C, 0xB3, 0x02, 0xB5, 0xDD, 0x5B, 0x13, 0xE2, 0x1E
    .byte      0, 0x01, 0xE0, 0xC5, 0xEC, 0x31, 0x2F, 0x4E, 0xB7, 0xBC, 0x42, 0x2A, 0x43, 0x2B, 0xE6, 0xDD
    .byte   0xC5, 0x3B, 0xC5, 0x4C, 0xD3, 0x5D, 0xBD, 0x46, 0xCA, 0xF5, 0xFB, 0xD0, 0x55, 0xBC, 0x24, 0x4B
    .byte   0xD3,   22, 0x0E, 0xBE, 0x45, 0xCB, 0x24, 0xD0, 0xD2, 0x21, 0xD4, 0xEA, 0x45, 0x2B, 0xF4, 0x5C
    .byte   0xB5, 0x2D, 0xE4, 0xB2, 0x4B, 0x1D, 0x43, 0xC0, 0x34, 0xA1, 0x5E, 0xE2, 0xC4, 0x5B, 0xF2, 0x3D
    .byte   0x4E, 0xC1,   -1, 0x02, 0xFD, 0xE4, 0xC3, 0x3C, 0x3F, 0x1C, 0x4E, 0xF5, 0xA4, 0x32, 0xB0, 0x6C
    .byte   0x49, 0x36, 0xB2, 0x14, 0xB6, 0xDA, 0x32, 0x4D, 0xBE, 0x6E, 0xDE, 0x32, 0x4F, 0xB3, 0xD4, 0xDC
    .byte   0x21, 0x5C, 0xE2,   20, 0x0D, 0xC2, 0xC3, 0x23, 0xDC, 0x15, 0x4B, 0xC3, 0x6C, 0xBE, 0x46, 0xCC
    .byte   0xE3, 0x4D, 0xBC, 0x62, 0xBD, 0x26, 0xCC, 0x25, 0x2A, 0x32, 0x4D, 0xFC, 0x05, 0x3E, 0xC0, 0x50
    .byte   0xBC, 0xF5, 0xB4, 0xFB,   -2, 0x04, 0xEC, 0xD4, 0x6B, 0x95, 0x5E, 0xDC, 0x45, 0x0B, 0xE1, 0x34
    .byte   0xAC, 0x53, 0xFB, 0x36, 0x0A, 0xD6, 0xEE, 0xDF, 0x5B, 0xE4, 0xDE, 0x32, 0xCD, 0x32, 0x1E, 0xE2
    .byte   0x4D, 0x1F, 0xE4, 0x2E, 0xFE,   10, 0x0E, 0xDD, 0x4E, 0xC3, 0xF2, 0xD2, 0x1F, 0x3F, 0x3C, 0xE5
    .byte   0x1D, 0xC3, 0x5E, 0xBE, 0x5E, 0xED, 0xD2, 0x1F, 0x2E, 0xC5, 0x3B, 0x33, 0xE3, 0xC2, 0x42, 0xB5
    .byte   0xEB, 0x5E, 0xEE, 0xD1, 0x3D, 0xC5,   -4, 0x0D, 0xFF, 0x51, 0xB1, 0x43, 0x2C, 0xD5, 0x2C, 0xC3
    .byte   0x41, 0xCD, 0xE4, 0x3E, 0xCD, 0x44, 0xBB, 0x65, 0xCB, 0x24, 0x5C, 0xB4, 0x3E, 0xFC, 0xD6, 0x0A
    .byte   0xD6, 0x3C, 0xA4, 0x60, 0xAD, 0x55, 0xEA,  -11, 0x06, 0xDE, 0xA3, 0x7C, 0xAE, 0x44, 0x4A, 0xB7
    .byte   0x2C, 0xB2, 0x52, 0xCE, 0x50, 0xD2, 0xD2, 0x11, 0xED, 0x12, 0x1E, 0x2D, 0xE5, 0xEC, 0xC4, 0x5D
    .byte   0xBD, 0x64, 0xAC, 0x54, 0x1B, 0xD6, 0xEB, 0x24,    6, 0x0C, 0x13, 0x3E, 0xDF, 0x22, 0x20, 0xD2
    .byte   0x3E, 0xDF, 0x4D, 0xC3, 0x2F, 0xDE, 0x4F, 0xFD, 0xE4, 0xD2, 0xE2, 0x31, 0xD0, 0x5C, 0xC3, 0x3E
    .byte   0xC0, 0x13, 0xDE, 0x3E, 0xF2, 0xFF, 0x2E, 0xF4, 0xEE,    5, 0x02, 0x3E, 0xC3, 0x2E, 0xEF, 0xD0
    .byte   0x33, 0xCC, 0x45, 0xCC, 0x04, 0x4F, 0xB2, 0x43, 0x0B, 0xF5, 0x3B, 0xB5, 0x4E, 0xBC, 0x45, 0xDC
    .byte   0xDD, 0x54, 0xDA, 0xF5, 0x4B, 0xA4, 0x7D, 0x9D, 0x75, 0xA9,  -59, 0x07, 0x58, 0xC5, 0x64, 0xBA
    .byte   0x66, 0xCB, 0xD6, 0x6D, 0x92, 0x65, 0x1B, 0xD6, 0x6C, 0xA2, 0x64, 0xBB, 0x36, 0xEA, 0xD2, 0x3E
    .byte   0xBB, 0x33, 0xDC, 0xC1, 0x3C, 0xBE, 0x3E, 0xCC, 0x2F, 0xED, 0xDF,  -98, 0x0F, 0xEC, 0x26, 0xEB
    .byte   0x45, 0x2B, 0xF5, 0x4C, 0xD6, 0x64, 0xE4, 0x67, 0xFC, 0x52, 0x11, 0x10, 0x00, 0x00, 0x00, 0xFE
    .byte   0xC2, 0xEB, 0x9D, 0x3E, 0xBA, 0x15, 0xEB, 0xC0, 0x3C, 0xBD, 0xFC, 0xCF, -128, 0x00, 0x00, 0x1F
    .byte   0x1F, 0x10, 0x00, 0x12, 0xF2, 0x45, 0x63, 0x56, 0x65, 0x53, 0x20, 0x00, 0x00, 0x00, 0x00, 0x00
    .byte   0x0D, 0xED, 0xCA, 0xDE, 0xCD, 0x1E, 0xE2, 0x33, 0xDD, 0x21, 0xDA, 0xBD, 0xCB, -125, 0x0F, 0xFF
    .byte   0x00, 0x00, 0x01, 0xF0, 0x00, 0x11, 0x25, 0x66, 0x56, 0x75, 0x41, 0x00, 0x00, 0x00, 0x00, 0x0F
    .byte   0xDC, 0xBD, 0xCB, 0xDD, 0xCE, 0xF1, 0x32, 0x35, 0x44, 0x33, 0x3E, 0xDB, 0xCB, 0xBA,  -83, 0x0B
    .byte   0xCE, 0x01, 0xF0, 0x00, 0x1F, 0x10, 0x0F, 0x00, 0x16, 0x67, 0x77, 0x53, 0x10, 0x00, 0x00, 0x00
    .byte   0x00, 0x00, 0xDA, 0xAB, 0xDB, 0xAC, 0x1D, 0x14, 0x35, 0x55, 0x54, 0x45, 0x3D, 0xCD, 0xCB,   13
    .byte   0x0A, 0xBB, 0xAC, 0xFF, 0xF0, 0x00, 0x00, 0x00, 0x00, 0x00, 0x11, 0x77, 0x67, 0x74, 0x21, 0x00
    .byte   0x00, 0x00, 0x00, 0x0E, 0x2D, 0xAB, 0xBC, 0xCB, 0xBE, 0x33, 0x2E, 0x46, 0x40, 0x24, 0x5E, 0xBD
    .byte     48, 0x01, 0xBA, 0xFD, 0xCA, 0xBD, 0xDD, 0xFF, 0x01, 0xF0, 0x00, 0x10, 0xF1, 0xF5, 0x64, 0x77
    .byte   0x75, 0xE2, 0x21, 0x10, 0x00, 0x00, 0xD3, 0x0D, 0xBB, 0x1E, 0xAB, 0xED, 0x31, 0xC3, 0x53, 0xFE
    .byte   0xF4,   35, 0x0B, 0xD0, 0x2E, 0xBD, 0x10, 0xCB, 0xCD, 0xE0, 0xDC, 0x0F, 0x00, 0x1F, 0x1F, 0x11
    .byte   0x25, 0x47, 0x77, 0x6D, 0x53, 0x00, 0x00, 0x00, 0x00, 0x00, 0x00, 0xFE, 0xCA, 0xB2, 0xCC, 0xED
    .byte   0x23, 0xDF,    1, 0x0E, 0xFD, 0xDC, 0x22, 0xDC, 0xEF, 0xFB, 0xC0, 0xD1, 0xCF, 0x0F, 0x00, 0x00
    .byte   0x00, 0x1F, 0x43, 0x67, 0x77, 0x5E, 0x51, 0x00, 0x00, 0x00, 0x00, 0x00, 0x00, 0x0F, 0xCA, 0xDD
    .byte   0xCD, 0xDC, 0x33,    8, 0x0E, 0xCE, 0x2C, 0xC0, 0xF2, 0xDB, 0x12, 0xCB, 0xD2, 0x3D, 0xDF, 0xFF
    .byte   0x01, 0xF1, 0xF1, 0x12, 0x65, 0x67, 0x76, 0xB4, 0x51, 0x1F, 0x10, 0x00, 0x00, 0x00, 0x00, 0x00
    .byte   0xBA, 0xED, 0xDC, 0xDF,   21, 0x0D, 0xED, 0xDD, 0xDE, 0xDD, 0xEF, 0xED, 0xCC, 0xDD, 0xE0, 0x21
    .byte   0xDF, 0xF0, 0x00, 0x1F, 0x01, 0xF5, 0x65, 0x66, 0x72, 0xD5, 0x51, 0x01, 0x10, 0x00, 0x00, 0x00
    .byte   0x00, 0x0D, 0xBD, 0xEC, 0xCD,   35, 0x0F, 0xCD, 0xEC, 0xDE, 0xED, 0xFE, 0xEE, 0xEC, 0xDD, 0xDD
    .byte   0xDE, 0x2E, 0xD0, 0x1F, 0x01, 0xF0, 0x00, 0x04, 0x55, 0x66, 0x63, 0x14, 0x54, 0x22, 0x21, 0x10
    .byte   0x00, 0x00, 0x00, 0x0F, 0xDC, 0xDD,   72, 0x0D, 0xDD, 0xDC, 0xFC, 0xDD, 0xEE, 0xEE, 0xEE, 0xDC
    .byte   0xDC, 0xDD, 0xDE, 0xE0, 0xE0, 0x1F, 0x00, 0x00, 0x01, 0xF0, 0x13, 0x65, 0x65, 0x44, 0x54, 0x54
    .byte   0x30, 0x00, 0x00, 0x00, 0x00, 0x00, 0x00,  127, 0x0E, 0xDD, 0xCD, 0xBD, 0xCC, 0xDD, 0xDD, 0xDD
    .byte   0xDC, 0xCC, 0xDC, 0xEF, 0xF0, 0x00, 0x00, 0x00, 0x00, 0x00, 0x00, 0x1F, 0x14, 0x66, 0x65, 0x45
    .byte   0x46, 0x31, 0x11, 0x00, 0x00, 0x00, 0x00, 0x00,  127, 0x00, 0x00, 0xDC, 0xCC, 0xBB, 0xCC, 0xDD
    .byte   0xCE, 0xDD, 0xDC, 0xDC, 0xDF, 0x00, 0x00, 0x01, 0xF1, 0xF0, 0x00, 0x01, 0xF0, 0x10, 0x46, 0x66
    .byte   0x55, 0x44, 0x54, 0x21, 0x11, 0x00, 0x00, 0x00, 0x00,  127, 0x00, 0x00, 0x0E, 0xDC, 0xBB, 0xBC
    .byte   0xCC, 0xDD, 0xDD, 0xDD, 0xCD, 0xDD, 0xEF, 0xF0, 0x00, 0x00, 0x01, 0xF0, 0x00, 0x01, 0xF1, 0x02
    .byte   0x66, 0x56, 0x45, 0x54, 0x53, 0x10, 0x00, 0x00, 0x00, 0x00,  127, 0x00, 0x00, 0x00, 0xDD, 0xCC
    .byte   0xCB, 0xCC, 0xDC, 0xDC, 0xED, 0xDD, 0xDD, 0xCD, 0xEE, 0x1F, 0x00, 0x00, 0x10, 0xF0, 0x01, 0xF0
    .byte   0x00, 0x13, 0x66, 0x55, 0x54, 0x54, 0x54, 0x00, 0x00, 0x00, 0x00,  127, 0x00, 0x00, 0x00, 0x0F
    .byte   0xFD, 0xCC, 0xBC, 0xCC, 0xCC, 0xDD, 0xCE, 0xDC, 0xCD, 0xDD, 0x0F, 0x00, 0x1F, 0x00, 0x00, 0x1F
    .byte   0x00, 0x1F, 0x00, 0x15, 0x65, 0x55, 0x54, 0x55, 0x43, 0x11, 0x00, 0x00,  127, 0x00, 0x00, 0x00
    .byte   0x00, 0x00, 0xFC, 0xCB, 0xCC, 0xCC, 0xCC, 0xDD, 0xDD, 0xCD, 0xDC, 0xDE, 0xF0, 0xF0, 0x00, 0x00
    .byte   0x00, 0x00, 0x1F, 0x00, 0x01, 0x26, 0x55, 0x64, 0x45, 0x54, 0x52, 0x10, 0x00,  127, 0x00, 0x00
    .byte   0x00, 0x00, 0x00, 0x00, 0xFC, 0xCC, 0xBC, 0xCC, 0xCC, 0xDD, 0xCD, 0xCD, 0xCD, 0xEE, 0x00, 0x00
    .byte   0x00, 0x00, 0x00, 0x00, 0x01, 0x0F, 0x11, 0x36, 0x56, 0x54, 0x54, 0x55, 0x32, 0x11,  127, 0x00
    .byte   0x00, 0x00, 0x00, 0x00, 0x00, 0x00, 0xEC, 0xCC, 0xBC, 0xBC, 0xDC, 0xCC, 0xDD, 0xCE, 0xDD, 0xEE
    .byte   0x00, 0x00, 0x01, 0xF1, 0xF0, 0x1F, 0x00, 0x00, 0x00, 0x56, 0x55, 0x54, 0x54, 0x54, 0x42,  127
    .byte   0x00, 0x00, 0x00, 0x00, 0x00, 0x00, 0x00, 0x00, 0xDC, 0xCB, 0xCB, 0xDC, 0xCC, 0xCD, 0xDC, 0xED
    .byte   0xDD, 0xDF, 0x1F, 0x00, 0x00, 0x10, 0xF0, 0x00, 0x00, 0x1F, 0x12, 0x65, 0x56, 0x35, 0x45, 0x54
    .byte    127, 0x00, 0x00, 0x00, 0x00, 0x00, 0x00, 0x00, 0x00, 0x0E, 0xDC, 0xCB, 0xCB, 0xCC, 0xCD, 0xCD
    .byte   0xCD, 0xDE, 0xDD, 0xEF, 0xF0, 0x00, 0x00, 0x00, 0x01, 0xF1, 0xF0, 0x00, 0x14, 0x65, 0x55, 0x45
    .byte   0x45,  105, 0x04, 0x21, 0x10, 0x00, 0x00, 0x00, 0x00, 0x00, 0x00, 0x0E, 0xCC, 0xCB, 0xCB, 0xCC
    .byte   0xCD, 0xCD, 0xDD, 0xDD, 0xDD, 0x00, 0xF0, 0x1F, 0x00, 0x01, 0xF0, 0x00, 0x00, 0x00, 0x36, 0x55
    .byte   0x54, 0x54,   73, 0x05, 0x43, 0x20, 0x00, 0x00, 0x00, 0x00, 0x00, 0x00, 0x00, 0xFD, 0xCB, 0xCC
    .byte   0xBC, 0xCC, 0xCD, 0xCD, 0xDD, 0xDD, 0xDE, 0x00, 0x01, 0xF0, 0x01, 0xF1, 0xF0, 0x01, 0xF0, 0x02
    .byte   0x46, 0x55, 0x54,   41, 0x05, 0x45, 0x42, 0x00, 0x00, 0x00, 0x00, 0x00, 0x00, 0x00, 0x0F, 0xEC
    .byte   0xCB, 0xCB, 0xCC, 0xDC, 0xCC, 0xDD, 0xDD, 0xDE, 0xDE, 0x00, 0xF0, 0x00, 0x01, 0x00, 0xF0, 0x00
    .byte   0x01, 0x03, 0x65, 0x55,   11, 0x05, 0x45, 0x45, 0x30, 0x00, 0x00, 0x00, 0x00, 0x00, 0x00, 0x00
    .byte   0xFF, 0xCC, 0xCB, 0xCB, 0xCD, 0xCC, 0xCD, 0xDC, 0xED, 0xDD, 0xF0, 0x00, 0x00, 0x1F, 0x00, 0x00
    .byte   0x00, 0x00, 0x00, 0x36, 0x55,   -9, 0x04, 0x55, 0x45, 0x43, 0x20, 0x00, 0x00, 0x00, 0x00, 0x00
    .byte   0x00, 0x00, 0xEC, 0xCC, 0xBC, 0xCC, 0xCC, 0xCC, 0xDC, 0xDD, 0xEE, 0xDE, 0xFF, 0x00, 0x00, 0x00
    .byte   0x00, 0x1F, 0x1F, 0x1F, 0x04, 0x55,  -34, 0x05, 0x54, 0x54, 0x54, 0x32, 0x00, 0x00, 0x00, 0x00
    .byte   0x00, 0x00, 0x00, 0x0F, 0xCC, 0xCB, 0xCC, 0xBD, 0xCC, 0xCD, 0xCD, 0xDE, 0xDD, 0xF0, 0xF0, 0x00
    .byte   0x00, 0x00, 0x00, 0x00, 0x00, 0x01, 0x45,  -56, 0x05, 0x55, 0x54, 0x45, 0x43, 0x10, 0x00, 0x00
    .byte   0x00, 0x00, 0x00, 0x00, 0x00, 0xEC, 0xCB, 0xCC, 0xBD, 0xCC, 0xCD, 0xCC, 0xDD, 0xDD, 0xFF, 0x0F
    .byte   0x00, 0x1F, 0x00, 0x01, 0xF0, 0x00, 0x1F, 0x05,  -75, 0x05, 0x56, 0x45, 0x44, 0x53, 0x30, 0x00
    .byte   0x00, 0x00, 0x00, 0x00, 0x00, 0x00, 0xFC, 0xCC, 0xCC, 0xCB, 0xDC, 0xCC, 0xDC, 0xDD, 0xED, 0xED
    .byte   0xEF, 0xFF, 0x1F, 0x00, 0x1F, 0x00, 0x00, 0x01, 0x01, -103, 0x05, 0x65, 0x55, 0x44, 0x54, 0x42
    .byte   0x10, 0x00, 0x00, 0x00, 0x00, 0x00, 0x00, 0xFE, 0xCC, 0xCC, 0xCB, 0xCC, 0xCD, 0xCD, 0xDC, 0xED
    .byte   0xED, 0xDF, 0xFF, 0x1F, 0x00, 0x00, 0x00, 0x00, 0x00, 0x00, -120, 0x05, 0x56, 0x54, 0x55, 0x44
    .byte   0x53, 0x20, 0x00, 0x00, 0x00, 0x00, 0x00, 0x00, 0x0F, 0xDC, 0xCC, 0xBC, 0xCC, 0xDC, 0xCD, 0xCD
    .byte   0xDD, 0xDC, 0xEF, 0xF0, 0x01, 0xF0, 0x00, 0x00, 0x00, 0x01, 0xF1, -128, 0x05, 0x56, 0x64, 0x55
    .byte   0x44, 0x53, 0x10, 0x00, 0x00, 0x00, 0x00, 0x00, 0x00, 0x00, 0xCC, 0xCC, 0xCB, 0xCC, 0xDC, 0xCD
    .byte   0xCC, 0xED, 0xDE, 0xEE, 0xFF, 0x1F, 0x00, 0x1F, 0x01, 0xF0, 0x00, 0x00, -126, 0x04, 0x64, 0x65
    .byte   0x45, 0x54, 0x44, 0x31, 0x00, 0x00, 0x00, 0x00, 0x00, 0x00, 0x0F, 0xCC, 0xCC, 0xCC, 0xCC, 0xDC
    .byte   0xDC, 0xDD, 0xDD, 0xDE, 0xDE, 0xDE, 0xF0, 0x00, 0x1F, 0x00, 0x00, 0x00, 0x1F, -128, 0x02, 0x45
    .byte   0x55, 0x55, 0x54, 0x45, 0x43, 0x11, 0x10, 0x00, 0x00, 0x00, 0x00, 0x00, 0xFD, 0xCC, 0xCB, 0xDC
    .byte   0xCC, 0xDC, 0xDD, 0xDC, 0xED, 0xDD, 0xDE, 0xFF, 0xF0, 0x00, 0x00, 0x00, 0x00, 0x00, -128, 0x01
    .byte   0x14, 0x56, 0x55, 0x55, 0x44, 0x53, 0x31, 0x00, 0x00, 0x00, 0x00, 0x00, 0x00, 0xFF, 0xCC, 0xCC
    .byte   0xCC, 0xBD, 0xCC, 0xDD, 0xDD, 0xDD, 0xED, 0xEE, 0xDE, 0xFF, 0xF0, 0x00, 0x00, 0x01, 0xF0, -128
    .byte   0x01, 0xF2, 0x55, 0x55, 0x55, 0x54, 0x54, 0x41, 0x11, 0x00, 0x00, 0x00, 0x00, 0x00, 0x0F, 0xEC
    .byte   0xCC, 0xCC, 0xCC, 0xCC, 0xCD, 0xCE, 0xDE, 0xDE, 0xED, 0xDE, 0xEE, 0xF0, 0x00, 0x00, 0x00, 0x00
    .byte   -128, 0x00, 0x02, 0x35, 0x55, 0x55, 0x45, 0x44, 0x44, 0x31, 0x11, 0x00, 0x00, 0x00, 0x00, 0x00
    .byte   0x0C, 0xCC, 0xCD, 0xCC, 0xCC, 0xCC, 0xCD, 0xDE, 0xDF, 0xEE, 0xEE, 0xED, 0x0F, 0x02, 0x22, 0x22
    .byte   0x0F, -100, 0x00, 0x12, 0x23, 0x44, 0x44, 0x34, 0x44, 0x34, 0x43, 0x34, 0x32, 0x00, 0x00, 0x00
    .byte   0x00, 0xED, 0xDD, 0xCD, 0xDC, 0xCD, 0xCC, 0xDC, 0xDD, 0xDE, 0xDE, 0xEE, 0xE0, 0xE0, 0x10, 0x21
    .byte   0x12, 0x22,  -73, 0x02, 0x21, 0x22, 0x22, 0x32, 0x33, 0x33, 0x33, 0x23, 0x23, 0x22, 0x32, 0x32
    .byte   0x22, 0x2F, 0xFE, 0xEE, 0xDE, 0xD0, 0xED, 0xED, 0xED, 0xDD, 0xDE, 0xDE, 0xEE, 0xEF, 0xEF, 0xEF
    .byte   0xFF, 0x00, 0x21,  -44, 0x02, 0x22, 0x22, 0x22, 0x12, 0x12, 0x02, 0x02, 0x11, 0x11, 0x11, 0x00
    .byte   0x10, 0x02, 0x01, 0x20, 0x12, 0x00, 0x1F, 0xF0, 0xEF, 0x0E, 0x0E, 0x0E, 0x0E, 0xF0, 0xEF, 0xFF
    .byte   0x00, 0x01, 0x00, 0x01,   -4, 0x0F, 0x00, 0xF0, 0x00, 0x1F, 0x11, 0x01, 0x10, 0x01, 0x01, 0x00
    .byte   0x1F, 0x00, 0xF1, 0x00, 0xF0, 0x00, 0x01, 0xF0, 0x0F, 0x00, 0x0F, 0x00, 0x0F, 0x00, 0x0F, 0x1F
    .byte   0x01, 0x10, 0x11, 0x10, 0x11,    3, 0x01, 0x11, 0x10, 0x11, 0x1F, 0x00, 0x00, 0xF1, 0xFF, 0x0F
    .byte   0x0F, 0x00, 0xF0, 0xF0, 0xFF, 0xF0, 0xFF, 0x0F, 0xFF, 0x00, 0xFF, 0xFF, 0x00, 0xF0, 0x00, 0x00
    .byte   0x10, 0x11, 0x10, 0x11, 0x11, 0x11,    2, 0x01, 0x11, 0x01, 0x10, 0x1F, 0x10, 0x00, 0x01, 0xF0
    .byte   0x01, 0xFF, 0x0F, 0x10, 0xFF, 0x0F, 0xFF, 0xF0, 0xFF, 0xFF, 0x0F, 0xF0, 0x0F, 0xFF, 0x00, 0x0F
    .byte   0x00, 0x10, 0x00, 0x01, 0x11, 0x10, 0x11,   -2, 0x01, 0x11, 0x10, 0x10, 0x11, 0xF0, 0x11, 0xF0
    .byte   0x10, 0x0F, 0x0F, 0x1F, 0xF0, 0x0F, 0x00, 0xFF, 0x00, 0x0F, 0x0F, 0x0F, 0x1F, 0x0F, 0x10, 0x00
    .byte   0x00, 0x00, 0x01, 0x0F, 0x10, 0xF1, 0x10, 0x0F,   -1, 0x00, 0x10, 0xF1, 0xF1, 0x11, 0x00, 0x0F
    .byte   0x1F, 0x10, 0x1F, 0x00, 0x1F, 0x10, 0xF1, 0x0F, 0x00, 0x0F, 0x00, 0x0F, 0xF0, 0x1F, 0xF0, 0xF0
    .byte   0x1F, 0x00, 0x00, 0xF0, 0x10, 0x00, 0xF1, 0x01, 0xF1,   -3, 0x01, 0x11, 0xF0, 0x01, 0x11, 0x0F
    .byte   0x12, 0xF1, 0xE1, 0x2E, 0x11, 0xE0, 0x00, 0x42, 0x79, 0x97, 0x97, 0x4A, 0x29, 0x74, 0xEE, 0x94
    .byte   0xC0, 0x7A, 0x79, 0xC7, 0xA7, 0xF8, 0x78, 0x72, 0xC7, 0x87,   -9, 0x0C, 0x7A, 0x6E, 0x95, 0xD5
    .byte   0x1C, 0x49, 0x63, 0xC7, 0x9E, 0x49, 0x72, 0xC6, 0x91, 0x5C, 0x7C, 0xB4, 0xA5, 0x4B, 0x6A, 0xC5
    .byte   0xC5, 0x5B, 0x0B, 0xD4, 0x14, 0xDC, 0x4A, 0x56, 0xA6, 0xAC, 0x6A,   25, 0x0C, 0xB6, 0x96, 0x3B
    .byte   0x7A, 0xD4, 0xB5, 0x1C, 0x3D, 0x2F, 0xE4, 0xD1, 0xD2, 0x2E, 0x3D, 0x31, 0xC4, 0xE1, 0x1C, 0x3D
    .byte   0x21, 0xE3, 0xEE, 0xF2, 0xE2, 0x1D, 0x3D, 0xF3, 0x12, 0xFE, 0x03, 0xE1,    9, 0x0D, 0x2E, 0x03
    .byte   0x0F, 0x00, 0xF1, 0xF1, 0x2D, 0x02, 0xF2, 0xFE, 0x2E, 0xE2, 0xF1, 0xFD, 0x02, 0xF1, 0x0D, 0x2D
    .byte   0xF3, 0xD0, 0x1D, 0x21, 0xE3, 0xEE, 0x2E, 0x32, 0xE2, 0x12, 0x22, 0x32, 0x21,   26, 0x02, 0x22
    .byte   0x02, 0x1F, 0x0F, 0x1F, 0xE0, 0xEE, 0x0D, 0x0E, 0xD0, 0xFD, 0xED, 0xFE, 0xDD, 0xFE, 0xDD, 0xEE
    .byte   0xED, 0xED, 0xDD, 0xF0, 0x21, 0x36, 0x55, 0x64, 0x55, 0x35, 0x21, 0x10, 0x00, 0x0E,  113, 0x0B
    .byte   0xDC, 0xCE, 0xCC, 0xCE, 0xE1, 0x22, 0x31, 0x34, 0x32, 0xFD, 0xED, 0xCD, 0xBB, 0xCB, 0xCF, 0xC0
    .byte   0x00, 0x1F, 0x00, 0x00, 0x17, 0x66, 0x63, 0x73, 0x43, 0x21, 0x00, 0x00, 0xFC, 0xBC, 0xCB,   22
    .byte   0x0C, 0xDC, 0xD2, 0x22, 0x34, 0x33, 0x43, 0x43, 0xDE, 0xDC, 0xEC, 0xCC, 0xAD, 0xCD, 0xDD, 0xDE
    .byte   0xD2, 0x21, 0xED, 0xF0, 0x00, 0x25, 0x56, 0x65, 0x54, 0x53, 0x43, 0x20, 0xDD, 0x3D, 0xEF, 0xCC
    .byte     53, 0x0C, 0xEC, 0xDD, 0xC2, 0xF3, 0x33, 0x31, 0x43, 0x33, 0xEE, 0xDC, 0xDC, 0xCB, 0xBC, 0xCE
    .byte   0xDE, 0x1E, 0x22, 0x11, 0xED, 0xDE, 0x00, 0x03, 0x66, 0x57, 0x45, 0x5E, 0x53, 0x01, 0xEF, 0xFF
    .byte   0xD0,   99, 0x0B, 0xCC, 0xC1, 0xBD, 0xED, 0x03, 0x33, 0x33, 0x43, 0x32, 0x2D, 0xDC, 0xCC, 0xCC
    .byte   0xCC, 0xCC, 0xDF, 0xFE, 0x21, 0x22, 0xCF, 0xDE, 0xF0, 0x03, 0x57, 0x66, 0x54, 0x5F, 0x53, 0x10
    .byte   0xEE, 0x0E,  109, 0x0E, 0xDB, 0xCC, 0xCF, 0xCD, 0xDD, 0x12, 0x34, 0x34, 0x33, 0x32, 0x3D, 0xDC
    .byte   0xCC, 0xBC, 0xDC, 0xCC, 0xC0, 0x21, 0x22, 0xF2, 0xDD, 0xED, 0xEF, 0xF1, 0x37, 0x66, 0x65, 0x44
    .byte   0x25, 0x10, 0xFE,  115, 0x0E, 0xDE, 0xEC, 0xBD, 0xCC, 0xFD, 0xEE, 0xD2, 0x33, 0x43, 0x43, 0x22
    .byte   0xEF, 0xDC, 0xCC, 0xBC, 0xCD, 0xDD, 0xDE, 0xE1, 0x30, 0x31, 0xEE, 0xDC, 0xDE, 0xE0, 0x04, 0x66
    .byte   0x67, 0x45, 0x43, 0x40,  127, 0x00, 0xED, 0xEC, 0xF0, 0xCB, 0xDB, 0xDE, 0xD2, 0xFE, 0x02, 0x34
    .byte   0x33, 0x40, 0xFE, 0xDE, 0xCC, 0xCC, 0xBC, 0xED, 0xDF, 0xE1, 0x2F, 0x43, 0x22, 0xDC, 0xCB, 0xEF
    .byte   0xF0, 0x06, 0x75, 0x76, 0x45,  109, 0x04, 0x11, 0xFF, 0xDC, 0xCE, 0xFE, 0xCC, 0xCC, 0xEE, 0x13
    .byte   0xD2, 0x31, 0x43, 0x43, 0xDE, 0xDD, 0xED, 0xCC, 0xBC, 0xCD, 0x1F, 0xFF, 0x01, 0x23, 0x33, 0xFD
    .byte   0xCC, 0xBC, 0xF0, 0x00, 0x36, 0x67,   50, 0x05, 0x53, 0x33, 0x00, 0xFE, 0xBC, 0xCD, 0x3D, 0xCD
    .byte   0xCD, 0xEF, 0x42, 0x21, 0x13, 0x33, 0x33, 0xDD, 0xCD, 0xCC, 0xDD, 0xBC, 0xDD, 0xF2, 0x02, 0x22
    .byte   0x31, 0x32, 0xED, 0xBB, 0xCE, 0xFF, 0xF0, -102, 0x07, 0x67, 0x65, 0x52, 0x12, 0x0F, 0xEC, 0xBC
    .byte   0xCF, 0x2E, 0xED, 0xCF, 0xE3, 0x33, 0x2F, 0xF1, 0x12, 0x3F, 0xDC, 0xCD, 0xCD, 0xDD, 0xEC, 0xDE
    .byte   0xE0, 0x32, 0x22, 0x11, 0x11, 0xEC, 0xCB, 0xCF, -128, 0x00, 0x01, 0x67, 0x67, 0x65, 0x41, 0x12
    .byte   0xFE, 0xDC, 0xBC, 0xC2, 0x30, 0x2E, 0xDD, 0xE1, 0x32, 0x21, 0xDE, 0xEF, 0x31, 0xEE, 0xCC, 0xCD
    .byte   0xDF, 0xED, 0xED, 0xEF, 0x22, 0x31, 0x1F, 0xDE, 0xDE,  -87, 0x0C, 0xCD, 0x00, 0x13, 0x56, 0x66
    .byte   0x65, 0x42, 0x21, 0x2F, 0xEE, 0xCD, 0xDE, 0x21, 0x22, 0xEE, 0xDE, 0xDF, 0xF0, 0x11, 0xEE, 0x0E
    .byte   0x0E, 0xDD, 0xDC, 0xDD, 0xEE, 0x0E, 0xEE, 0xE0, 0x02, 0x32,  -37, 0x0F, 0x1E, 0xDE, 0xDD, 0xDD
    .byte   0xDE, 0x22, 0x55, 0x55, 0x53, 0x2E, 0x11, 0x22, 0x23, 0x20, 0x23, 0x21, 0x2F, 0xDD, 0xDC, 0xDD
    .byte   0xEF, 0xF1, 0x2F, 0xFF, 0x0E, 0xFE, 0xED, 0xDD, 0xED, 0xE1, 0x12,  -26, 0x01, 0x10, 0xFF, 0xFF
    .byte   0xEE, 0xDE, 0xDD, 0xDD, 0xEE, 0xEF, 0x23, 0x33, 0x12, 0x12, 0x33, 0x45, 0x44, 0x43, 0x44, 0x43
    .byte   0x31, 0x10, 0x0E, 0xEE, 0xEE, 0xDF, 0xDD, 0xDD, 0xCD, 0xDD, 0xDE, 0xDD,  -18, 0x0E, 0xDE, 0xEE
    .byte   0xEE, 0xED, 0xEE, 0xD0, 0xEE, 0xED, 0xDD, 0xEE, 0x00, 0x13, 0x34, 0x34, 0x21, 0x24, 0x45, 0x54
    .byte   0x45, 0x44, 0x32, 0x11, 0x00, 0x00, 0x00, 0x0F, 0xED, 0xCD, 0xCD, 0xCC, 0xDD,    6, 0x0D, 0xDD
    .byte   0xED, 0xDE, 0xDE, 0xEE, 0xEE, 0xFE, 0x0F, 0xEE, 0xFE, 0xED, 0xDE, 0xF0, 0x01, 0x33, 0x44, 0x32
    .byte   0x13, 0x44, 0x55, 0x45, 0x43, 0x43, 0x11, 0x00, 0x00, 0x00, 0x00, 0xEC, 0xDD, 0xCD,   48, 0x0C
    .byte   0xDD, 0xDD, 0xED, 0xED, 0xDE, 0xEE, 0xEE, 0xEE, 0xFE, 0xEE, 0xFF, 0xEE, 0xFD, 0xED, 0xEE, 0xF2
    .byte   0x22, 0x43, 0x33, 0x21, 0x33, 0x45, 0x55, 0x45, 0x34, 0x32, 0x10, 0x00, 0x00, 0x00, 0x0F,  117
    .byte   0x0D, 0xDC, 0xCD, 0xCD, 0xDD, 0xDD, 0xDD, 0xED, 0xEE, 0xDF, 0xEE, 0xEE, 0xEE, 0xEF, 0xE1, 0xEE
    .byte   0xED, 0xDE, 0xE0, 0x12, 0x14, 0x34, 0x22, 0x22, 0x34, 0x55, 0x54, 0x44, 0x44, 0x21, 0x10, 0x00
    .byte    127, 0x00, 0x00, 0xFE, 0xDD, 0xCD, 0xCC, 0xDD, 0xDD, 0xDD, 0xDD, 0xED, 0xEE, 0xED, 0xEE, 0xEE
    .byte   0xFE, 0xFF, 0xE0, 0xEE, 0xED, 0xED, 0x00, 0x20, 0x34, 0x33, 0x30, 0x02, 0x44, 0x56, 0x44, 0x44
    .byte   0x43,  127, 0x00, 0x00, 0x00, 0x00, 0x00, 0x0D, 0xDD, 0xCD, 0xCC, 0xDE, 0xCE, 0xDC, 0xED, 0xED
    .byte   0x1D, 0xEE, 0xDE, 0xEE, 0xFE, 0x0E, 0xFF, 0xEE, 0xDE, 0xDE, 0x11, 0x22, 0x34, 0x33, 0x3F, 0xF3
    .byte   0x45, 0x55,   57, 0x04, 0x44, 0x42, 0x11, 0x00, 0x00, 0x00, 0x00, 0xFD, 0xDC, 0xCD, 0xCD, 0xDC
    .byte   0xDD, 0xED, 0xDE, 0xDE, 0xED, 0xEE, 0xEE, 0xEE, 0xEF, 0xFE, 0x1F, 0xEE, 0xDD, 0xED, 0x12, 0x13
    .byte   0x34, 0x33, 0x11,  -62, 0x03, 0x45, 0x64, 0x45, 0x43, 0x42, 0x10, 0x00, 0x00, 0x00, 0x0E, 0xDD
    .byte   0xDC, 0xDC, 0xDD, 0xDD, 0xDD, 0xDD, 0xDE, 0xED, 0xEE, 0xEE, 0xEE, 0xDF, 0xEF, 0xF0, 0x1F, 0xFE
    .byte   0xED, 0xED, 0xF0, 0x01, -106, 0x04, 0x34, 0x22, 0x13, 0x44, 0x55, 0x44, 0x44, 0x43, 0x11, 0x10
    .byte   0x00, 0x00, 0xFF, 0xDD, 0xDD, 0xCE, 0xDC, 0xDD, 0xCE, 0xDD, 0xEE, 0xDD, 0xEE, 0xDF, 0xEE, 0xEE
    .byte   0xEE, 0x0F, 0xFF, 0xFF, 0xEE,  -98, 0x0E, 0xEE, 0xEF, 0x23, 0x44, 0x30, 0x02, 0x44, 0x55, 0x44
    .byte   0x54, 0x43, 0x20, 0x00, 0x00, 0x00, 0x0F, 0xDD, 0xDD, 0xCD, 0xDC, 0xED, 0xCE, 0xDD, 0xD0, 0xDD
    .byte   0xED, 0xEE, 0xFE, 0x00, 0xFE, 0x0F,  -72, 0x00, 0xFE, 0xFE, 0xEE, 0xEE, 0xFE, 0x12, 0x33, 0x33
    .byte   0x11, 0x33, 0x44, 0x45, 0x44, 0x54, 0x42, 0x11, 0x10, 0x00, 0x00, 0xFD, 0xDD, 0xDD, 0xDD, 0xDD
    .byte   0xCD, 0xDE, 0xDD, 0xED, 0xDE, 0xEE, 0xDE,  -61, 0x0E, 0xEF, 0xEF, 0xE0, 0xFE, 0xEF, 0xDD, 0xDD
    .byte   0xFF, 0xF0, 0x35, 0x55, 0x43, 0x23, 0x35, 0x55, 0x44, 0x30, 0x21, 0x11, 0x10, 0x0F, 0xDB, 0xCC
    .byte   0xDF, 0xFE, 0xEE, 0xEE, 0xD0, 0xEF, 0xEE, 0xDD,  -22, 0x0D, 0xDE, 0xFE, 0x1F, 0xDE, 0xFF, 0x02
    .byte   0xF1, 0xED, 0xEE, 0xDC, 0xCE, 0xF0, 0x33, 0x45, 0x55, 0x54, 0x42, 0x23, 0x23, 0x32, 0x0E, 0x22
    .byte   0x23, 0x11, 0x1D, 0xDE, 0xDD, 0xDF, 0xEE, 0xEF, 0xFF,   30, 0x0E, 0xEC, 0xDD, 0xDE, 0xE0, 0x1E
    .byte   0x0E, 0x20, 0x11, 0x1E, 0xEE, 0xDF, 0xEE, 0xED, 0xDC, 0xCD, 0xEF, 0xF1, 0x25, 0x65, 0x66, 0x42
    .byte   0x21, 0x22, 0x32, 0x1E, 0xEF, 0xF3, 0x33, 0x1E, 0xDD, 0xDD,   54, 0x00, 0xFE, 0xDF, 0x00, 0xFE
    .byte   0xED, 0xCC, 0xED, 0xEF, 0xEF, 0xEE, 0x22, 0x12, 0x0E, 0xED, 0xDE, 0xEE, 0xEE, 0xDC, 0xCD, 0xFF
    .byte   0x00, 0x35, 0x65, 0x66, 0x53, 0xF0, 0x12, 0xFF, 0xFE, 0xDF, 0x23,   83, 0x03, 0x20, 0xDD, 0xEE
    .byte   0xEF, 0xFD, 0xDD, 0xE1, 0x1E, 0xED, 0xDB, 0xDF, 0xE1, 0x11, 0x0E, 0xF2, 0x22, 0x12, 0xDD, 0xDD
    .byte   0xED, 0xF0, 0xEC, 0xCC, 0xDF, 0xF0, 0x14, 0x56, 0x56, 0x64, 0x3F, 0xFF,   71, 0x0F, 0x01, 0xDE
    .byte   0x02, 0x34, 0x22, 0xFD, 0xDF, 0x0D, 0xFE, 0xDD, 0xDE, 0x2F, 0xEE, 0xDC, 0xCE, 0xEE, 0x0F, 0x0E
    .byte   0xF1, 0x32, 0x10, 0xDE, 0xED, 0xF0, 0xDE, 0xDD, 0xCD, 0xCD, 0xF0, 0x1F, 0x34,  -60, 0x06, 0x66
    .byte   0x44, 0xED, 0xF0, 0x2F, 0xEE, 0xCF, 0x33, 0x43, 0x20, 0xDD, 0x01, 0x1F, 0xED, 0xCD, 0xFF, 0x21
    .byte   0xDD, 0xCC, 0xD1, 0x10, 0x2E, 0xDF, 0x03, 0x22, 0x1D, 0xDD, 0xEF, 0xEF, 0xDD, 0xCD, -103, 0x0D
    .byte   0xDE, 0xFF, 0xF1, 0x35, 0x75, 0x75, 0x43, 0xEE, 0xFF, 0x1D, 0xFD, 0xD0, 0x24, 0x33, 0x2E, 0xED
    .byte   0x22, 0xFE, 0xEC, 0xDE, 0xE1, 0x1E, 0xDE, 0xCC, 0xEE, 0x0F, 0xF1, 0xF0, 0x23, 0x21, 0xED,  -27
    .byte   0x0D, 0xDE, 0x0F, 0xDE, 0xCD, 0xDC, 0xED, 0xFF, 0x00, 0x35, 0x76, 0x66, 0x42, 0xDE, 0x1E, 0x0D
    .byte   0xFD, 0xC1, 0x34, 0x42, 0x11, 0xDE, 0x22, 0x1E, 0xED, 0xCE, 0xE0, 0x1E, 0xDD, 0xCC, 0xF0, 0xF0
    .byte    -20, 0x0F, 0x11, 0x23, 0x2F, 0xEE, 0xDD, 0xDE, 0xFE, 0xDD, 0xEC, 0xED, 0xCD, 0xEF, 0x10, 0x05
    .byte   0x66, 0x66, 0x54, 0xFD, 0xEF, 0xFD, 0xEE, 0xCD, 0x24, 0x43, 0x3F, 0xED, 0xF3, 0x21, 0xED, 0xDD
    .byte   0xD1,   41, 0x0E, 0xDD, 0xCC, 0xDE, 0x2F, 0xF1, 0x01, 0x23, 0x30, 0xFD, 0xDD, 0xD0, 0x0E, 0xED
    .byte   0xED, 0xDE, 0xCD, 0xCE, 0xFF, 0xF1, 0x56, 0x66, 0x65, 0x43, 0xDE, 0xEE, 0xED, 0xEC, 0xD2, 0x24
    .byte   0x33, 0x1D,   58, 0x0E, 0x23, 0x22, 0xDD, 0xCE, 0xF2, 0x1D, 0xDC, 0xCC, 0xE2, 0x02, 0x01, 0x12
    .byte   0x32, 0x3F, 0xDD, 0xCE, 0xEE, 0xFE, 0xDD, 0xEE, 0xED, 0xDB, 0xDF, 0x00, 0x24, 0x66, 0x56, 0x55
    .byte   0x42, 0xFD, 0xDD,   55, 0x0D, 0xED, 0xE2, 0x23, 0x33, 0x00, 0x00, 0x21, 0x0F, 0xED, 0xED, 0x2E
    .byte   0xED, 0xCC, 0xCD, 0x0E, 0x22, 0x22, 0x22, 0x22, 0x20, 0xDD, 0xDD, 0xDE, 0x0E, 0xFE, 0xDD, 0xDD
    .byte   0xCC, 0xEF, 0x0F, 0x24,  -73, 0x06, 0x66, 0x64, 0x20, 0xDE, 0xEE, 0xDD, 0xDC, 0xE1, 0x34, 0x32
    .byte   0x0E, 0xE0, 0x33, 0x21, 0xDD, 0xDE, 0xE0, 0xED, 0xDB, 0xCD, 0xD2, 0x22, 0x22, 0x22, 0x33, 0x21
    .byte   0xFD, 0xCD, 0xDE, 0xEE, 0xED,  -63, 0x0D, 0xDE, 0xDD, 0xCD, 0x00, 0x12, 0x56, 0x66, 0x65, 0x41
    .byte   0x0F, 0xEE, 0xED, 0xDC, 0xDD, 0x23, 0x33, 0x1E, 0xEF, 0xF2, 0x32, 0x2E, 0xED, 0xEE, 0xFE, 0xDC
    .byte   0xCC, 0xDE, 0xF2, 0x22, 0x11, 0x22,   -6, 0x02, 0x20, 0xDE, 0xDE, 0xEF, 0xEE, 0xDD, 0xDD, 0xFE
    .byte   0xED, 0xDD, 0xF0, 0x24, 0x55, 0x55, 0x53, 0x32, 0x22, 0x22, 0xFF, 0xDD, 0xDF, 0x01, 0x21, 0xEE
    .byte   0xD1, 0xF1, 0x22, 0x10, 0xFE, 0x0E, 0x0E,   22, 0x0D, 0xDD, 0xDD, 0x0F, 0xF0, 0xFF, 0x12, 0x22
    .byte   0x21, 0x11, 0x1F, 0xEE, 0xFE, 0xEE, 0xFE, 0xE0, 0x1F, 0x10, 0xEE, 0xDF, 0xEF, 0x13, 0x34, 0x33
    .byte   0x33, 0x01, 0x12, 0x12, 0x22, 0x12, 0xF2, 0x21,   48, 0x02, 0x10, 0xEE, 0xEE, 0x0E, 0xF0, 0xE0
    .byte   0xFE, 0xFE, 0xEF, 0xED, 0xEE, 0xEF, 0xEF, 0x11, 0x11, 0x01, 0x00, 0xF0, 0xFF, 0xF1, 0x11, 0xF1
    .byte   0xF0, 0x0F, 0xEF, 0xF0, 0xE0, 0x11, 0x0F, 0xF0, 0x00,  -26, 0x01, 0x02, 0x12, 0x12, 0x12, 0x12
    .byte   0x22, 0x21, 0x22, 0x22, 0x21, 0x21, 0x11, 0xFF, 0xFF, 0xF0, 0xEF, 0xFF, 0xEE, 0xFE, 0x0E, 0xEF
    .byte   0xEE, 0xFE, 0xE0, 0x1E, 0xF0, 0xF1, 0x0E, 0x01, 0x01, 0x0F,  -18, 0x00, 0x2F, 0xF0, 0x02, 0x0F
    .byte   0x12, 0xFF, 0xFF, 0x01, 0xE1, 0x11, 0x01, 0x10, 0xF1, 0xF1, 0x21, 0x11, 0x11, 0x11, 0x11, 0x21
    .byte   0x12, 0x0F, 0x20, 0x11, 0x22, 0xFF, 0xFF, 0xF0, 0x00, 0xF0, 0xFE,   14, 0x00, 0x2E, 0xEF, 0xFE
    .byte   0x1F, 0xFF, 0x0E, 0xE0, 0xFF, 0xFF, 0xF0, 0xEF, 0xF2, 0x01, 0x1E, 0x11, 0x2F, 0xE2, 0xE2, 0x2F
    .byte   0xEE, 0x20, 0x23, 0xED, 0x20, 0x20, 0x01, 0x12, 0xFF, 0x2F, 0x2E, 0x02,    9, 0x00, 0x10, 0x02
    .byte   0xEF, 0x12, 0xE0, 0x1F, 0x0F, 0x12, 0xEE, 0x21, 0xE0, 0xFE, 0x10, 0xE2, 0x1F, 0xF1, 0xDE, 0x3E
    .byte   0x0F, 0x02, 0xFD, 0x3E, 0xE2, 0xF1, 0x1E, 0xF0, 0x21, 0x0E, 0xE2, 0x20, 0xF1,   -3, 0x0E, 0xF0
    .byte   0x20, 0x2F, 0xE2, 0x1E, 0x22, 0x1F, 0xE0, 0x02, 0x12, 0x0E, 0xF2, 0xE2, 0xF0, 0x0E, 0x2F, 0x0F
    .byte   0xF1, 0x1E, 0x22, 0xD1, 0x11, 0xFF, 0x11, 0xEF, 0xF2, 0x2E, 0x0E, 0x10, 0xF0, 0x01,   -6, 0x01
    .byte   0x0F, 0x11, 0xFF, 0x02, 0x1E, 0xFE, 0x12, 0xF1, 0x12, 0xFE, 0x01, 0x11, 0xF1, 0xF1, 0x20, 0xE2
    .byte   0x00, 0x10, 0xFE, 0x23, 0xE0, 0x0E, 0xEF, 0x30, 0xE0, 0xE0, 0x11, 0x22, 0x1E, 0xDE, 0xF3,    5
    .byte   0x0F, 0xEE, 0x22, 0x20, 0xEE, 0xF0, 0x11, 0xFE, 0xF1, 0x12, 0x2F, 0xEE, 0x10, 0xF0, 0x20, 0x0E
    .byte   0x10, 0xE2, 0x2F, 0xF0, 0xFE, 0xF3, 0xFE, 0xF2, 0x20, 0xF1, 0x3D, 0xDD, 0x02, 0x33, 0x2D, 0xC2
    .byte      2, 0x02, 0x0F, 0xDE, 0x12, 0x32, 0xEE, 0xFE, 0x30, 0xEE, 0x23, 0xEC, 0xDF, 0xF3, 0x33, 0x32
    .byte   0xDD, 0xCD, 0x44, 0x3F, 0xEE, 0xED, 0xD1, 0x21, 0x14, 0x32, 0x1C, 0xCD, 0xE2, 0x22, 0x2F, 0x03
    .byte   0x31,    6, 0x0E, 0xED, 0xED, 0x24, 0x43, 0xFD, 0xDF, 0x22, 0x10, 0xDD, 0xD2, 0x23, 0x21, 0x11
    .byte   0xFE, 0xEE, 0xFF, 0xFF, 0x22, 0x3F, 0xD2, 0x12, 0xEE, 0x12, 0x0F, 0x12, 0xFE, 0xFE, 0x11, 0x22
    .byte   0x10, 0xEE,   -2, 0x00, 0xEF, 0x20, 0x13, 0xFF, 0xEF, 0xED, 0xF3, 0x22, 0x2F, 0xFE, 0xF1, 0xE1
    .byte   0x12, 0x0F, 0x0F, 0x02, 0x0E, 0xEF, 0xF2, 0x2F, 0xFE, 0x21, 0xE0, 0x12, 0xE0, 0x10, 0x10, 0xF0
    .byte   0x2E, 0xE2, 0x2F,   -2, 0x0F, 0x21, 0x10, 0xE0, 0x00, 0x2F, 0xF0, 0xFE, 0xE2, 0x31, 0xFF, 0xEF
    .byte   0xF1, 0x1F, 0x1F, 0x00, 0x00, 0x02, 0x00, 0xE1, 0x0F, 0x1E, 0xF2, 0x2F, 0xE1, 0x21, 0xFE, 0xFF
    .byte   0x12, 0xEF, 0x20, 0x01,   -2, 0x02, 0x0E, 0xF2, 0x0E, 0x00, 0x20, 0x2E, 0xF0, 0x10, 0xFF, 0x02
    .byte   0x1F, 0xE1, 0x11, 0xE0, 0x20, 0xFF, 0x10, 0x1F, 0xE0, 0xF1, 0x10, 0x2F, 0x2F, 0xE1, 0xFE, 0x12
    .byte   0x1F, 0xE1, 0x03, 0x0E, 0xD2,    0, 0x00, 0x2E, 0x01, 0x1E, 0xF1, 0x01, 0xF1, 0x30, 0xDF, 0x02
    .byte   0xD0, 0x2E, 0x33, 0xDF, 0x1F, 0xFF, 0xFF, 0x2E, 0x20, 0x12, 0x2D, 0xE0, 0x01, 0x01, 0x03, 0xFE
    .byte   0xEE, 0x10, 0xF1, 0x21, 0x02, 0x1D,   -7, 0x03, 0xE1, 0x2E, 0x2E, 0xEF, 0x33, 0xED, 0xE1, 0x11
    .byte   0xFF, 0x02, 0x3E, 0xD2, 0xEE, 0x31, 0x00, 0xEF, 0x22, 0xEF, 0xE2, 0xF0, 0x20, 0x2D, 0xF1, 0xF2
    .byte   0x2E, 0xE1, 0x2E, 0x21, 0x0E, 0xEE, 0x22,    0, 0x0F, 0x12, 0x2E, 0xD1, 0x20, 0x0E, 0x12, 0x3E
    .byte   0xC0, 0x31, 0x1F, 0x23, 0xDE, 0x2D, 0xF2, 0x0F, 0x03, 0x1E, 0xE2, 0xED, 0x3F, 0xE2, 0x30, 0x02
    .byte   0xEC, 0xD3, 0x23, 0x32, 0x1C, 0xD1, 0xFF, 0xF2,    0, 0x02, 0x4D, 0xCE, 0x21, 0x02, 0x11, 0x20
    .byte   0x2D, 0xCF, 0x33, 0x3E, 0xD1, 0x20, 0x0E, 0x0E, 0x12, 0xFF, 0x2E, 0x20, 0x1F, 0xE2, 0xEE, 0xE2
    .byte   0x21, 0x23, 0x0E, 0xED, 0xDE, 0x33, 0x22, 0x2F, 0x2D,   -6, 0x0D, 0xE3, 0x42, 0x2E, 0xDE, 0x2E
    .byte   0x00, 0xE1, 0x02, 0x3E, 0xE1, 0xFF, 0xFE, 0x01, 0x22, 0x12, 0x2E, 0xDF, 0xFE, 0xE1, 0x03, 0x31
    .byte   0xEF, 0xED, 0x2F, 0xF0, 0x22, 0x22, 0x1F, 0xEE, 0xE0, 0x13,    7, 0x0F, 0xF0, 0x10, 0xF0, 0xEE
    .byte   0x02, 0x21, 0x22, 0x2E, 0xEE, 0xEE, 0xE2, 0x22, 0x21, 0xED, 0xEE, 0xE0, 0x23, 0x1F, 0xEE, 0xDE
    .byte   0x01, 0x10, 0xFE, 0xFF, 0x02, 0x2F, 0xFF, 0xEE, 0xE1, 0x33, 0x44,   30, 0x03, 0x11, 0xF0, 0xF1
    .byte   0x23, 0x32, 0x2E, 0xDD, 0xEE, 0xDE, 0xEE, 0xEF, 0xDE, 0xEE, 0x0F, 0x0F, 0x0E, 0xEE, 0xEE, 0xDD
    .byte   0xEE, 0xDF, 0xEE, 0xDD, 0xDE, 0xDE, 0x01, 0x34, 0x66, 0x65, 0x51, 0xEE,   65, 0x03, 0x44, 0x42
    .byte   0x10, 0xBB, 0xBB, 0xDE, 0xDD, 0xDD, 0xDC, 0xF1, 0x33, 0x54, 0x43, 0x32, 0x12, 0x32, 0x2E, 0xDC
    .byte   0xDC, 0xCC, 0xDF, 0xFE, 0xEC, 0xDD, 0xD2, 0x33, 0x22, 0xEE, 0xDD, 0xCE, 0xDE, -110, 0x0E, 0xF2
    .byte   0x56, 0x66, 0x54, 0x0F, 0x34, 0x44, 0x22, 0x0F, 0xCB, 0xBC, 0xDD, 0xDB, 0xBB, 0xDE, 0x24, 0x44
    .byte   0x44, 0x43, 0x34, 0x44, 0x22, 0xDC, 0xCB, 0xDC, 0xCF, 0xCD, 0xCD, 0xEE, 0x12, 0x22,  -45, 0x03
    .byte   0x21, 0xFE, 0xDC, 0xDC, 0xBC, 0xF0, 0x00, 0x16, 0x77, 0x63, 0x00, 0x45, 0x53, 0x00, 0x00, 0xDB
    .byte   0xCC, 0xDC, 0xBA, 0xBA, 0xE3, 0x44, 0x43, 0x34, 0x54, 0x54, 0x43, 0xFC, 0xCC, 0xDE, 0xDC,    2
    .byte   0x0B, 0xDD, 0xEE, 0xE0, 0x11, 0x32, 0x33, 0x21, 0x0D, 0xED, 0xEC, 0xBB, 0xCE, 0x0F, 0x10, 0x47
    .byte   0x77, 0x31, 0x45, 0x62, 0x00, 0x00, 0xFC, 0xCD, 0xDB, 0xBA, 0x9B, 0xD4, 0x53, 0xF0, 0x45, 0x66
    .byte     96, 0x03, 0x0E, 0xDE, 0xEE, 0xDC, 0xBB, 0xAD, 0xF3, 0x1D, 0xCD, 0xF4, 0x43, 0x32, 0xFF, 0xEE
    .byte   0xED, 0xED, 0xBA, 0xCF, 0xF0, 0xF1, 0x15, 0x77, 0x73, 0x43, 0x63, 0x11, 0xFF, 0xCD, 0xDD, 0xCC
    .byte   0xAB,  -39, 0x0C, 0xD3, 0x44, 0x2F, 0x46, 0x65, 0x41, 0xCD, 0xEE, 0xDC, 0xCB, 0xBB, 0xDF, 0x34
    .byte   0x1D, 0xC1, 0x44, 0x43, 0x0D, 0xE2, 0x2E, 0xDB, 0xBC, 0xCC, 0xCE, 0xFF, 0x1F, 0x00, 0x37, 0x77
    .byte   0x73, 0x25,  127, 0x00, 0x00, 0xBB, 0xCE, 0xEE, 0xDC, 0xBB, 0x23, 0x44, 0x2F, 0xE4, 0x56, 0x2E
    .byte   0xDC, 0xCF, 0xDC, 0xCC, 0xCC, 0xC2, 0x33, 0x33, 0x21, 0x34, 0x30, 0xDE, 0xDF, 0xFE, 0xCC, 0xBD
    .byte   0xCF, 0xCC, 0xDF, -128, 0x01, 0xF0, 0x02, 0x57, 0x77, 0x63, 0x03, 0x43, 0xDB, 0xAB, 0xE2, 0x22
    .byte   0x2D, 0xDF, 0x34, 0x30, 0xDE, 0x04, 0x42, 0xCC, 0xDC, 0xDD, 0xED, 0xCC, 0xF2, 0x33, 0x2F, 0x24
    .byte   0x42, 0x1E, 0xED, 0xEE,   -6, 0x0E, 0xDD, 0xCE, 0xEE, 0xED, 0xCD, 0xDD, 0xDE, 0xFF, 0xF1, 0x34
    .byte   0x77, 0x74, 0x12, 0x54, 0xEC, 0xBD, 0xDD, 0x13, 0x33, 0xEF, 0x33, 0x3E, 0xDE, 0xED, 0xFF, 0xFD
    .byte   0xDD, 0xDE, 0xFE, 0xCC, 0xE2,  -20, 0x0F, 0x02, 0x22, 0x33, 0x32, 0x1D, 0xDE, 0xFD, 0xDD, 0xFE
    .byte   0xDD, 0xEE, 0xED, 0xDD, 0xCC, 0xEF, 0xFF, 0x1F, 0x37, 0x77, 0x6E, 0x25, 0x41, 0xCB, 0xBD, 0x13
    .byte   0x33, 0x2E, 0x04, 0x42, 0xDC, 0xEE,   53, 0x0E, 0x1E, 0xDD, 0xD0, 0xE0, 0xDC, 0xDF, 0x32, 0xEE
    .byte   0x12, 0x34, 0x00, 0xF1, 0xEE, 0xFF, 0xDD, 0xD0, 0xDF, 0xED, 0xCE, 0xDE, 0xDD, 0xCC, 0x01, 0xF1
    .byte   0xF1, 0x57, 0x77, 0x32, 0x54, 0x1D, 0xCC,   43, 0x0D, 0x33, 0x13, 0x12, 0x34, 0x2E, 0xCD, 0xFD
    .byte   0xDF, 0xFD, 0xC1, 0x1D, 0xEF, 0xDC, 0xF3, 0xFE, 0xF0, 0x2F, 0x43, 0xDD, 0x32, 0xEE, 0x10, 0xDE
    .byte   0x1E, 0xDE, 0xDD, 0xCD, 0xED, 0xCC, 0xDE, 0x01, -128, 0x01, 0x02, 0x67, 0x75, 0x34, 0x54, 0xDD
    .byte   0xCC, 0xCF, 0x43, 0x11, 0x13, 0x44, 0x1C, 0xC1, 0xDD, 0xE1, 0xDC, 0xD2, 0x1D, 0xDD, 0xED, 0x11
    .byte   0xFE, 0xE2, 0x32, 0x10, 0xF2, 0x22, 0x2F, 0x0F, 0xEE,   -5, 0x0D, 0xDD, 0xDE, 0xDD, 0xDE, 0xCD
    .byte   0xDC, 0xFF, 0x00, 0x12, 0x57, 0x74, 0x45, 0x43, 0x01, 0xDB, 0xD2, 0x43, 0xE2, 0x33, 0x33, 0x1D
    .byte   0xCC, 0x0E, 0xED, 0xDD, 0xE1, 0x2D, 0xDD, 0xCE, 0x20, 0xEF,  -20, 0x02, 0x32, 0x2F, 0xE0, 0x23
    .byte   0x0F, 0xFE, 0xEF, 0xFD, 0xDD, 0xDF, 0xDD, 0xDD, 0xDD, 0xCC, 0xF0, 0xF0, 0x01, 0x47, 0x75, 0x35
    .byte   0x44, 0xF2, 0x1B, 0xC2, 0x43, 0xF2, 0x32, 0x24, 0x2D, 0xCC, 0xED,   53, 0x0E, 0xDD, 0xEE, 0xFF
    .byte   0xDD, 0xDD, 0x01, 0x10, 0xEF, 0x32, 0x21, 0xEF, 0x03, 0x22, 0xED, 0x11, 0x0E, 0xDD, 0xCE, 0xED
    .byte   0xDD, 0xCD, 0xEC, 0xDF, 0xF1, 0xF0, 0x36, 0x75, 0x45, 0x53, 0x22, 0x1D,   49, 0x0F, 0x33, 0x22
    .byte   0x41, 0xE4, 0x3E, 0xCC, 0xDD, 0xEE, 0xEC, 0xD0, 0x02, 0xED, 0xDC, 0xFF, 0xF1, 0xEE, 0x22, 0x33
    .byte   0xEF, 0xF2, 0x21, 0x20, 0xD1, 0x10, 0xDD, 0xDD, 0xDE, 0xDD, 0xDD, 0xED, 0xCC, -128, 0x01, 0xF0
    .byte   0x03, 0x56, 0x55, 0x54, 0x42, 0x33, 0xED, 0xF3, 0x33, 0x23, 0xF1, 0x33, 0xED, 0xCD, 0xDD, 0xE0
    .byte   0xDC, 0xE0, 0x1F, 0xDE, 0xCD, 0x00, 0x2D, 0xEF, 0x02, 0x21, 0xFE, 0x12, 0x22, 0x0F,   -6, 0x0E
    .byte   0x1F, 0xEE, 0xDE, 0xED, 0xFE, 0xDD, 0xCD, 0xDC, 0xDF, 0xF1, 0x13, 0x65, 0x44, 0x53, 0x33, 0x43
    .byte   0xFF, 0x42, 0x33, 0x33, 0x1D, 0x31, 0xDD, 0xDD, 0xCD, 0x10, 0xDE, 0x0E, 0x0E, 0x0D, 0xDD,    0
    .byte   0x0E, 0xEE, 0xE2, 0xEF, 0x2F, 0x01, 0xF1, 0x20, 0x20, 0x01, 0x0F, 0x0E, 0xEE, 0xED, 0xED, 0xEF
    .byte   0xCD, 0xDC, 0xDE, 0xDE, 0xE0, 0x33, 0x34, 0x42, 0x43, 0x44, 0x34, 0x44, 0x44, 0x44, 0x32, 0x10
    .byte    127, 0x00, 0x00, 0xED, 0xED, 0xED, 0xDD, 0xDD, 0xDD, 0xCE, 0xDD, 0xED, 0xEE, 0xEE, 0xEF, 0xE0
    .byte   0x0F, 0xF0, 0x01, 0x20, 0x11, 0x1F, 0x1F, 0xFE, 0xEE, 0xED, 0xDD, 0xDC, 0xED, 0xFF, 0x13, 0x44
    .byte   0x43,  -41, 0x04, 0x34, 0x43, 0x43, 0x44, 0x44, 0x32, 0x00, 0x00, 0x0F, 0xDD, 0xDD, 0xFD, 0xDD
    .byte   0xDD, 0xDE, 0xFC, 0xDD, 0xEE, 0xEF, 0xDE, 0xDF, 0x0F, 0x0E, 0xF0, 0x22, 0x22, 0x20, 0x02, 0x11
    .byte   0x1E, 0xEE,  -34, 0x0E, 0xDD, 0xDC, 0xDD, 0xDE, 0xDF, 0x23, 0x44, 0x33, 0x34, 0x44, 0x43, 0x34
    .byte   0x44, 0x53, 0x32, 0x00, 0x00, 0x0E, 0xDD, 0xEE, 0xED, 0xDC, 0xDE, 0xDE, 0xDC, 0xED, 0xE0, 0xEE
    .byte   0xED, 0xFF, 0xFE,  -39, 0x0F, 0xF0, 0x22, 0x10, 0x02, 0x02, 0x0F, 0xFE, 0xE0, 0xFE, 0xDD, 0xDC
    .byte   0xDD, 0xDE, 0xDF, 0x23, 0x43, 0x43, 0x34, 0x34, 0x43, 0x44, 0x45, 0x34, 0x32, 0x10, 0x00, 0x0F
    .byte   0xED, 0xD1, 0xDD, 0xDC,   56, 0x0D, 0xDE, 0xDC, 0xDE, 0xEF, 0xDE, 0xED, 0xE1, 0xF0, 0xFE, 0x02
    .byte   0x22, 0x11, 0x11, 0x12, 0x2E, 0xFE, 0xE1, 0x0F, 0xDD, 0xDC, 0xDD, 0xDC, 0xEE, 0xF3, 0x43, 0x43
    .byte   0x34, 0x34, 0x43, 0x44, 0x45,   94, 0x04, 0x41, 0x00, 0x00, 0x0F, 0xFD, 0xDF, 0xED, 0xDC, 0xDD
    .byte   0xDE, 0xDC, 0xDD, 0xFE, 0xEE, 0xED, 0xEF, 0xFF, 0xFE, 0xF2, 0x22, 0x21, 0xF2, 0x01, 0x20, 0xEE
    .byte   0xFF, 0xFF, 0xED, 0xCD, 0xDC, 0xED, -118, 0x0E, 0xF2, 0x43, 0x43, 0x24, 0x34, 0x43, 0x44, 0x44
    .byte   0x54, 0x33, 0x11, 0x10, 0x00, 0xFD, 0xEE, 0xED, 0xDD, 0xDD, 0xDD, 0xDC, 0xDD, 0xEF, 0x0D, 0xDE
    .byte   0xEF, 0x0E, 0xEE, 0xF2, 0x32, 0x2F, 0xF2,  -20, 0x01, 0x2E, 0xEF, 0xE1, 0x1F, 0xDD, 0xDC, 0xDD
    .byte   0xDC, 0xDE, 0xF1, 0x34, 0x33, 0x33, 0x43, 0x44, 0x34, 0x44, 0x54, 0x43, 0x31, 0x11, 0x00, 0x0E
    .byte   0xDE, 0xEE, 0xDD, 0xDC, 0xED, 0xDD, 0xDC, 0xEE,   -7, 0x0E, 0xEE, 0xEE, 0xEF, 0xEF, 0xFF, 0x12
    .byte   0x22, 0x10, 0x2F, 0x01, 0x0F, 0xFE, 0xFF, 0xEE, 0xDD, 0xCD, 0xDD, 0xDD, 0xD1, 0x14, 0x33, 0x33
    .byte   0x43, 0x44, 0x33, 0x44, 0x54, 0x44, 0x33, 0x00, 0x00,  127, 0x0E, 0xEE, 0xD1, 0xDD, 0xDD, 0xDD
    .byte   0xDD, 0xDC, 0xEE, 0xD0, 0xDF, 0xDE, 0xFF, 0xEF, 0xF0, 0x11, 0x22, 0x11, 0x21, 0x01, 0x2F, 0xEF
    .byte   0xE0, 0xFE, 0xEC, 0xDD, 0xDC, 0xDD, 0xDE, 0xF3, 0x43, 0x33,  -69, 0x04, 0x34, 0x43, 0x44, 0x45
    .byte   0x44, 0x40, 0x30, 0x00, 0x0F, 0xEE, 0xD1, 0xED, 0xDC, 0xDD, 0xDE, 0xDC, 0xDE, 0xEE, 0xEE, 0xEE
    .byte   0xD0, 0xFE, 0xFF, 0xF1, 0x22, 0x20, 0x11, 0x0F, 0x20, 0xFF, 0xEF,  -28, 0x0E, 0xED, 0xDC, 0xDD
    .byte   0xCE, 0xDD, 0x01, 0x43, 0x34, 0xF4, 0x43, 0x44, 0x24, 0x45, 0x53, 0x43, 0x22, 0x11, 0x0F, 0xFD
    .byte   0xED, 0x2D, 0xDD, 0xCD, 0xED, 0xDD, 0xCD, 0xEE, 0xFD, 0xEE, 0xDF, 0xFF,  -43, 0x0E, 0x11, 0x22
    .byte   0x22, 0x20, 0x21, 0x11, 0x0F, 0xEE, 0xFE, 0xEE, 0xDD, 0xDC, 0xED, 0xCE, 0xEE, 0x33, 0x33, 0x33
    .byte   0x43, 0x44, 0x34, 0x44, 0x45, 0x34, 0x32, 0x20, 0x00, 0x0D, 0xFD, 0xEE, 0xDD,   75, 0x0D, 0xDD
    .byte   0xDD, 0xDD, 0xDE, 0xEE, 0xEE, 0xDE, 0xEE, 0xEF, 0x1F, 0x11, 0x22, 0x21, 0x32, 0x11, 0x1F, 0xFF
    .byte   0xEE, 0xEE, 0xDD, 0xDD, 0xDD, 0xCE, 0xDE, 0x23, 0x33, 0x32, 0x43, 0x44, 0x33, 0x44,   53, 0x04
    .byte   0x54, 0x32, 0x20, 0x00, 0x00, 0xED, 0xDE, 0xFD, 0xDD, 0xCE, 0xDD, 0xFD, 0xDD, 0xDE, 0xEE, 0xED
    .byte   0xDE, 0xD0, 0xEF, 0x11, 0x02, 0x23, 0x32, 0x43, 0xDC, 0x21, 0xFD, 0xCC, 0xCD, 0xED, 0xDC, -128
    .byte   0x01, 0x00, 0x55, 0x45, 0x44, 0x44, 0x44, 0xED, 0x31, 0x43, 0x12, 0xEE, 0x33, 0x20, 0xCD, 0xDE
    .byte   0x22, 0xDC, 0xDE, 0x11, 0xFD, 0xCC, 0xE0, 0xFE, 0xDD, 0xEF, 0x33, 0x22, 0x12, 0x34, 0x31, 0xEE
    .byte     14, 0x00, 0xFE, 0xDC, 0xED, 0xDE, 0xDD, 0xCC, 0xDD, 0xDD, 0x00, 0x01, 0x24, 0x66, 0x45, 0x44
    .byte   0x4E, 0x32, 0xC2, 0xF2, 0x4F, 0x33, 0xD4, 0x32, 0x1C, 0xDD, 0xDE, 0xED, 0xCC, 0x12, 0xE2, 0xDC
    .byte   0xFD,   -7, 0x04, 0xCE, 0xDD, 0x21, 0x33, 0xE1, 0x23, 0x42, 0x0E, 0xDE, 0xD0, 0xFC, 0xDD, 0xD0
    .byte   0xFF, 0xDC, 0xDD, 0xEC, 0xCF, 0x00, 0x01, 0x36, 0x65, 0x44, 0x35, 0x32, 0x3D, 0xD1, 0xF3, 0x32
    .byte   0x32, 0x23,  100, 0x02, 0xEC, 0xED, 0xCE, 0xDD, 0xDE, 0x11, 0xE0, 0xDE, 0x00, 0x1D, 0xDE, 0xE3
    .byte   0xFF, 0x01, 0x23, 0x33, 0x0E, 0xEE, 0x1E, 0xDD, 0xDD, 0x2E, 0xDE, 0xDD, 0xEE, 0xDC, 0xCC, 0x00
    .byte   0x00, 0x12, 0x67,  -12, 0x04, 0x42, 0x53, 0xE4, 0xDC, 0xF1, 0x34, 0x02, 0x02, 0x43, 0x0D, 0xDC
    .byte   0xEE, 0xDC, 0xDD, 0xEF, 0x22, 0xED, 0xE2, 0x11, 0xEC, 0xD2, 0x12, 0xFE, 0x2F, 0x34, 0x31, 0xDE
    .byte   0x2E, 0xED, 0xCE, 0xDE,  -31, 0x0E, 0xDD, 0xDF, 0xED, 0xDC, 0xCD, 0xF0, 0x02, 0x45, 0x75, 0x45
    .byte   0x24, 0x2F, 0x3D, 0xC1, 0xE4, 0x2F, 0x32, 0x14, 0x31, 0xFC, 0xEE, 0xCE, 0xDC, 0xC0, 0x21, 0x11
    .byte   0xDF, 0x11, 0x1D, 0xDE, 0xFF,   -7, 0x0E, 0x20, 0x03, 0x32, 0x2D, 0xE1, 0xE2, 0xDC, 0xED, 0xF2
    .byte   0xDE, 0xED, 0xEE, 0x1C, 0xCD, 0xCD, 0xF1, 0x01, 0x46, 0x75, 0x44, 0x24, 0x13, 0x3C, 0xCE, 0x14
    .byte   0x10, 0x3F, 0x34, 0x42, 0xCC, 0xFE,   63, 0x0C, 0xCD, 0xC2, 0x23, 0x1D, 0xDF, 0x22, 0xED, 0xDD
    .byte   0x03, 0x10, 0xFE, 0x33, 0x33, 0x1E, 0xC0, 0x2E, 0xDD, 0xDD, 0xF0, 0xEF, 0xEC, 0xE3, 0xEC, 0xDC
    .byte   0xBE, 0x0F, 0x14, 0x36, 0x73, 0x44, 0x43,   49, 0x02, 0x3D, 0xDE, 0x12, 0x12, 0x33, 0x34, 0x22
    .byte   0xDC, 0x1D, 0xDC, 0xCD, 0xEF, 0x13, 0x2D, 0xFE, 0x12, 0x0C, 0xDD, 0xE3, 0x2F, 0xF2, 0x04, 0x21
    .byte   0x3D, 0xEE, 0xFE, 0xEC, 0x0E, 0xEE, 0xDE, 0xED,  -51, 0x00, 0x0C, 0xCD, 0xDC, 0xDF, 0x02, 0x45
    .byte   0x73, 0x44, 0x44, 0x2F, 0x31, 0xDD, 0x22, 0xF2, 0x33, 0x33, 0x23, 0xED, 0xDF, 0xEC, 0xCD, 0xDD
    .byte   0x04, 0x1D, 0xE0, 0xE2, 0xF0, 0xCD, 0xE0, 0x3F, 0x12,   -1, 0x00, 0x33, 0x11, 0xEE, 0x2D, 0xED
    .byte   0xDE, 0xD1, 0x0E, 0xDE, 0x1E, 0x0E, 0xCC, 0xCC, 0xDF, 0xF0, 0x33, 0x67, 0x43, 0x33, 0x42, 0x42
    .byte   0xDC, 0xE3, 0x31, 0x02, 0x22, 0x44, 0xFE, 0xD1, 0x0C, 0xDC,   20, 0x0E, 0xE3, 0xF1, 0x1D, 0x1F
    .byte   0x2F, 0xDC, 0xD3, 0x0F, 0x31, 0xF1, 0x32, 0x20, 0xE0, 0x2D, 0xEE, 0xDE, 0x1D, 0xE0, 0xEE, 0xED
    .byte   0x0D, 0xDE, 0xED, 0xCB, 0xEF, 0xF4, 0x43, 0x56, 0x34, 0x43, 0x40,   48, 0x02, 0xED, 0xE2, 0x22
    .byte   0x23, 0x33, 0x33, 0xFD, 0xFE, 0xFC, 0xBD, 0xDE, 0xFF, 0x0F, 0xF2, 0xFE, 0xEE, 0xED, 0xE2, 0x10
    .byte   0x12, 0x22, 0x13, 0x2E, 0xD2, 0x22, 0xCD, 0x1D, 0x00, 0xE0, 0xDF, 0xDD,  -50, 0x0D, 0xEE, 0xDD
    .byte   0xCC, 0xDF, 0x23, 0x43, 0x56, 0x44, 0x23, 0x43, 0x22, 0xDE, 0x02, 0x01, 0x22, 0x42, 0x40, 0x20
    .byte   0xD1, 0xDD, 0xCC, 0xC0, 0x1F, 0xE1, 0x02, 0x0F, 0xFD, 0xDD, 0x2E, 0xF1, 0x24,    6, 0x0D, 0x32
    .byte   0x2E, 0xF1, 0xFE, 0xE0, 0x1E, 0xDE, 0xEF, 0x0D, 0xEC, 0xDE, 0x2F, 0xDC, 0xDE, 0xCD, 0xF4, 0x11
    .byte   0x46, 0x64, 0x20, 0x25, 0x42, 0xEC, 0xE3, 0x32, 0xE0, 0x24, 0x33, 0x2F, 0xFE, 0x2E,   66, 0x0C
    .byte   0xCD, 0xEE, 0x1F, 0xE1, 0xE2, 0x2E, 0xDD, 0xE2, 0x0E, 0xE0, 0x33, 0x2F, 0x1E, 0x22, 0x00, 0xFE
    .byte   0xE0, 0xEE, 0xDD, 0xFF, 0xE0, 0xDC, 0x1E, 0xDD, 0xDF, 0xEC, 0xCD, 0x23, 0x43, 0x36, 0x54,    5
    .byte   0x00, 0x44, 0x21, 0xEE, 0x21, 0x22, 0xE3, 0x24, 0x13, 0x2D, 0xF0, 0x2D, 0xCD, 0xCD, 0x1E, 0xEE
    .byte   0x00, 0x2E, 0xF0, 0xE0, 0xDF, 0xFE, 0x22, 0x22, 0xE2, 0x21, 0x10, 0x1E, 0x01, 0x1D, 0xDE, 0x1F
    .byte    -19, 0x0E, 0xDE, 0xEE, 0xDD, 0xDF, 0xED, 0xDD, 0xFD, 0xD4, 0x33, 0x26, 0x63, 0x3E, 0x45, 0xE2
    .byte   0x2D, 0xE1, 0x22, 0x21, 0x42, 0x23, 0x02, 0xFE, 0xED, 0xDC, 0x0D, 0xC0, 0xE2, 0xFE, 0x20, 0xE0
    .byte   0xFE,   -1, 0x0E, 0xF2, 0xEE, 0x22, 0x3F, 0x22, 0x02, 0xEF, 0xFE, 0xEE, 0xEE, 0xE0, 0xEE, 0xED
    .byte   0xED, 0xED, 0xED, 0xEE, 0xDE, 0xFD, 0xEE, 0x34, 0x24, 0x55, 0x33, 0x24, 0x4E, 0x22, 0xEF, 0x12
    .byte   0x22, 0x24,   73, 0x0E, 0x22, 0x10, 0xDF, 0xEC, 0xDE, 0xED, 0xDD, 0x23, 0x0E, 0xDE, 0x4D, 0xDE
    .byte   0xD1, 0x23, 0x1F, 0xE3, 0x32, 0xFE, 0xF0, 0xE0, 0x0F, 0xEE, 0xEF, 0xFD, 0xEE, 0xDE, 0xDF, 0xDD
    .byte   0xE1, 0xED, 0xDD, -109, 0x01, 0x13, 0x3F, 0x46, 0x62, 0xE1, 0x54, 0x11, 0xE1, 0x02, 0x32, 0xE1
    .byte   0x43, 0xFE, 0x21, 0x0E, 0xEE, 0xCD, 0xFD, 0xFC, 0xE2, 0xE2, 0x1D, 0x01, 0x0D, 0xD1, 0x10, 0xE2
    .byte   0x3F, 0x21, 0x32, 0xDE,    9, 0x02, 0xEE, 0xEF, 0xFE, 0x01, 0xCD, 0x0E, 0xED, 0xDE, 0x1E, 0xEE
    .byte   0xE1, 0xEC, 0xDD, 0x34, 0x22, 0x46, 0x43, 0x23, 0x43, 0xF3, 0xDF, 0x12, 0x20, 0x23, 0x42, 0xFF
    .byte   0x22, 0xED, 0xED, 0xDC, 0xE2,   24, 0x0C, 0xE2, 0x3E, 0xDF, 0x11, 0xEE, 0xEE, 0x12, 0xFE, 0x23
    .byte   0x12, 0x00, 0xE3, 0x2E, 0xDF, 0x22, 0xED, 0xEE, 0xEF, 0xDD, 0xEE, 0x0F, 0xCE, 0xFE, 0xED, 0xE0
    .byte   0xDC, 0x34, 0x23, 0x25, 0x53, 0x33,   21, 0x03, 0x22, 0x21, 0xFF, 0x22, 0x13, 0x23, 0xFF, 0x21
    .byte   0x1D, 0xD1, 0xCE, 0xDD, 0x1D, 0xEE, 0x12, 0xDF, 0x02, 0xED, 0xD2, 0x2E, 0xE3, 0x4E, 0xE2, 0x32
    .byte   0xFD, 0x3E, 0xD0, 0x31, 0xDD, 0x30, 0xDD,  -22, 0x0F, 0xDD, 0xEF, 0xFD, 0xDD, 0x21, 0xDD, 0xED
    .byte   0xE2, 0x33, 0x33, 0x55, 0x23, 0x24, 0x4E, 0x13, 0x0F, 0x21, 0x3F, 0x24, 0x20, 0xEF, 0x3E, 0xED
    .byte   0xDE, 0xDE, 0xED, 0xDD, 0x03, 0xDD, 0xE2, 0x2E,   -6, 0x0E, 0xE0, 0x23, 0xFE, 0xF2, 0x32, 0x01
    .byte   0x11, 0x3E, 0x0D, 0x01, 0xFE, 0xED, 0xFF, 0xEE, 0xDC, 0x02, 0xEC, 0xED, 0xF2, 0xEE, 0xCD, 0x23
    .byte   0x32, 0xE3, 0x56, 0x11, 0x14, 0x5F, 0x12, 0x01, 0x33,   54, 0x0F, 0x24, 0x3E, 0xDF, 0x21, 0xED
    .byte   0xDF, 0xDE, 0xED, 0xFD, 0xE1, 0xDE, 0xE0, 0x1E, 0xFF, 0xE1, 0x03, 0xF1, 0x2F, 0x23, 0xF1, 0xF1
    .byte   0x2F, 0x10, 0xE1, 0xE2, 0xEC, 0x11, 0xED, 0xDD, 0xFE, 0xED,  -59, 0x0D, 0x02, 0xED, 0xD0, 0x3E
    .byte   0xD2, 0x44, 0x14, 0x53, 0x33, 0x24, 0xE2, 0x30, 0xE1, 0x23, 0xE3, 0x31, 0xFF, 0x20, 0xEE, 0xDF
    .byte   0xDD, 0xEF, 0xDD, 0xF1, 0x1D, 0xC2, 0x32, 0xCE, 0x22, 0x1E, 0x12,   -3, 0x01, 0x21, 0x13, 0x11
    .byte   0x2F, 0xF0, 0xE2, 0xFD, 0xFE, 0xFF, 0xDE, 0xDD, 0x1D, 0xDD, 0x11, 0xDD, 0xF2, 0xED, 0xFF, 0xFF
    .byte   0xF4, 0x32, 0x44, 0x52, 0x23, 0x33, 0x11, 0x22, 0x21, 0x21, 0x23, 0x3E,   63, 0x01, 0x2F, 0xDD
    .byte   0x1F, 0xDD, 0xE0, 0xDF, 0xED, 0x0E, 0xE0, 0xEE, 0x0F, 0x02, 0x0F, 0x03, 0x21, 0xE0, 0x32, 0xE1
    .byte   0x12, 0x2E, 0x1F, 0xFF, 0xFF, 0xDD, 0x2E, 0xDD, 0xDF, 0xEC, 0xFE, 0xFE, 0xE2,  -74, 0x0E, 0x2F
    .byte   0x0D, 0xE5, 0x30, 0x24, 0x61, 0xF3, 0x44, 0xDF, 0x23, 0x2F, 0x22, 0x03, 0x2F, 0xEE, 0x12, 0xEC
    .byte   0xE0, 0x1D, 0xDE, 0xE1, 0xDE, 0xEF, 0x0D, 0xF1, 0x10, 0xE1, 0x22, 0x1F, 0x22, 0xF2,   10, 0x0F
    .byte   0x01, 0x32, 0xDF, 0x32, 0xEC, 0xE2, 0x0D, 0xCE, 0x0F, 0xDD, 0xDF, 0xF1, 0xDD, 0xE3, 0x1D, 0xD0
    .byte   0x32, 0xFD, 0x34, 0x33, 0x25, 0x41, 0x32, 0x33, 0xE2, 0x22, 0x10, 0x20, 0x30, 0xF0, 0xE2,   61
    .byte   0x0D, 0xEE, 0xE0, 0xDD, 0x0E, 0xEF, 0xD0, 0xEE, 0xFE, 0xF2, 0xFF, 0x22, 0x01, 0x20, 0xFE, 0x32
    .byte   0xFE, 0xF3, 0x2E, 0xD2, 0x22, 0xDD, 0x00, 0xED, 0xDF, 0xEE, 0xED, 0xED, 0x01, 0xED, 0x11, 0x0E
    .byte    -73, 0x02, 0xFF, 0x01, 0x42, 0x23, 0x45, 0x22, 0x33, 0x4D, 0xE3, 0x22, 0xFE, 0x32, 0x2F, 0xE0
    .byte   0xF0, 0xFD, 0xEF, 0xFE, 0xDE, 0xFE, 0xFD, 0xE0, 0xE0, 0x1D, 0x2E, 0x03, 0xEF, 0x11, 0x3F, 0xE1
    .byte   0x03,    8, 0x0E, 0x21, 0x2E, 0x01, 0x10, 0xED, 0x0F, 0xED, 0xEE, 0xEE, 0xDF, 0xEE, 0xEE, 0xFF
    .byte   0xEE, 0xF2, 0xE1, 0xE1, 0x3F, 0x32, 0x33, 0x35, 0x21, 0x42, 0x4E, 0xE3, 0x22, 0x1E, 0x23, 0x00
    .byte   0xE0, 0xE2,   56, 0x0D, 0xEE, 0x10, 0xDD, 0xFF, 0x0D, 0xD2, 0xEE, 0xFE, 0x10, 0x10, 0xF1, 0x22
    .byte   0xFE, 0x22, 0xFE, 0x12, 0x11, 0xF0, 0x21, 0xEE, 0x0F, 0xEE, 0xDF, 0xEE, 0xED, 0xFE, 0xEF, 0xED
    .byte   0xF2, 0xEE, 0xF1,  -58, 0x01, 0xD2, 0x21, 0x32, 0x23, 0x15, 0x4E, 0x23, 0x43, 0xDE, 0x42, 0x1F
    .byte   0x02, 0x21, 0xEF, 0x1E, 0xFE, 0xE0, 0xDF, 0x1D, 0xEE, 0xE0, 0xEE, 0xEF, 0xE1, 0x1E, 0xF0, 0x22
    .byte   0xDF, 0x31, 0xFF, 0x02,    5, 0x0E, 0x12, 0xF0, 0x2E, 0xF0, 0x0E, 0xEE, 0x1E, 0xDE, 0xFF, 0xED
    .byte   0xE1, 0xED, 0xF1, 0xFE, 0xF0, 0x2E, 0xF2, 0x11, 0xF3, 0x32, 0x23, 0x44, 0xE3, 0x33, 0x3D, 0x24
    .byte   0x11, 0xE1, 0x30, 0x0E, 0x1E,   52, 0x01, 0xDF, 0xEE, 0xFF, 0xDE, 0xF0, 0xED, 0xE1, 0x0E, 0xEF
    .byte   0x11, 0xEE, 0x22, 0x01, 0xE1, 0x3E, 0x0F, 0x03, 0xEE, 0x21, 0x21, 0xDF, 0x0F, 0xEE, 0xEE, 0x0E
    .byte   0xED, 0xF1, 0xED, 0xFE, 0x10, 0xEF,  -53, 0x0F, 0x01, 0xF1, 0x2F, 0x32, 0x13, 0x23, 0x43, 0xF3
    .byte   0x33, 0x2E, 0x23, 0x2E, 0x20, 0x13, 0xDF, 0x2D, 0x2E, 0xD0, 0xE0, 0xEE, 0xEE, 0x0E, 0xEE, 0xF0
    .byte   0xEE, 0x0E, 0x11, 0xE0, 0xF0, 0x2E, 0x02,   -4, 0x02, 0xFE, 0x22, 0xFE, 0x12, 0x0F, 0xE1, 0x1D
    .byte   0x1E, 0xE0, 0xDE, 0x0E, 0xEE, 0xEF, 0x0E, 0xF0, 0xF0, 0x10, 0x01, 0x02, 0x10, 0x22, 0x32, 0x13
    .byte   0x44, 0xE2, 0x34, 0x2D, 0x13, 0x3E, 0xEF, 0x32,   53, 0x0E, 0x11, 0xFE, 0xEE, 0xE0, 0xE0, 0xDE
    .byte   0x1F, 0xEE, 0xE1, 0x0E, 0xEF, 0x01, 0xFE, 0xF1, 0x2E, 0xF0, 0x12, 0xEE, 0x22, 0x2E, 0xE2, 0x21
    .byte   0xDE, 0x12, 0xED, 0xE2, 0x1D, 0xD1, 0x2E, 0xEE, 0xE2,  -43, 0x0E, 0x1F, 0x03, 0xFF, 0xF2, 0x3F
    .byte   0xE1, 0x33, 0x02, 0x34, 0x21, 0x23, 0x3E, 0x22, 0x20, 0xE2, 0x11, 0xFF, 0xFF, 0xEE, 0x1E, 0xD0
    .byte   0x0E, 0xEE, 0x02, 0xDE, 0x11, 0x0D, 0xE2, 0x0E, 0xE1, 0x1F,  -10, 0x01, 0x2F, 0xE1, 0x21, 0xE1
    .byte   0x12, 0x2D, 0xF2, 0x1E, 0xEE, 0x20, 0xDF, 0xE0, 0xFE, 0xEF, 0xFE, 0xFF, 0xEF, 0x21, 0x0F, 0x13
    .byte   0x1E, 0x12, 0x22, 0xE3, 0x22, 0x22, 0x42, 0x12, 0x33, 0xEE, 0x32,   49, 0x0D, 0x03, 0x2E, 0xE0
    .byte   0x2E, 0xDF, 0xF0, 0xED, 0x1F, 0xF0, 0xE0, 0x0E, 0x0E, 0x0E, 0xE1, 0xF1, 0xD1, 0x20, 0xEF, 0x12
    .byte   0xEF, 0xF0, 0x2E, 0xF1, 0x02, 0xEE, 0x00, 0xEF, 0xEE, 0x1F, 0xE0, 0xE0,  -35, 0x0F, 0xE0, 0x1E
    .byte   0x10, 0x12, 0xF2, 0x2F, 0x21, 0x12, 0xF3, 0x11, 0x22, 0x42, 0x11, 0x33, 0x0F, 0x03, 0xFF, 0xE1
    .byte   0x21, 0xFE, 0x11, 0xEE, 0xFE, 0x0E, 0xFF, 0xEF, 0x10, 0xEF, 0x00, 0x0D, 0xF1,    5, 0x0E, 0xE0
    .byte   0x10, 0xE0, 0x0F, 0x00, 0xE0, 0xF0, 0x10, 0xE0, 0x20, 0xE0, 0xFF, 0xFE, 0xE0, 0xF0, 0xEF, 0x01
    .byte   0xFE, 0x01, 0x1E, 0xF2, 0x21, 0x00, 0x32, 0xFF, 0x22, 0x1F, 0x22, 0x12, 0x32, 0x12,   25, 0x03
    .byte   0xFE, 0x13, 0x0E, 0xF2, 0x2F, 0xE1, 0x2E, 0xFE, 0xFE, 0xE0, 0x0E, 0xE0, 0x21, 0xDF, 0x2F, 0xFD
    .byte   0x01, 0xFE, 0xE1, 0x1E, 0x01, 0xFF, 0xEF, 0x2E, 0xFF, 0x01, 0xFF, 0x11, 0x1E, 0xF0, 0xFF,  -23
    .byte   0x0F, 0xF0, 0xE0, 0x01, 0x0E, 0x1F, 0x10, 0xF0, 0x12, 0x2F, 0x2F, 0x22, 0xF1, 0x12, 0x21, 0x02
    .byte   0x32, 0x10, 0x23, 0x1E, 0xF3, 0x2E, 0xF1, 0x21, 0xE0, 0x11, 0x0D, 0x1F, 0xEF, 0xF0, 0xEE, 0x21
    .byte     14, 0x0E, 0xF2, 0x0D, 0xE2, 0x0E, 0xEF, 0x11, 0xFE, 0x01, 0x0E, 0x01, 0xFF, 0x11, 0x00, 0xF1
    .byte   0x0E, 0x00, 0x0E, 0xE2, 0x0F, 0xE0, 0x11, 0xE0, 0xF0, 0x1F, 0x00, 0x01, 0x21, 0x01, 0x22, 0xF1
    .byte   0x02,   -5, 0x00, 0x12, 0x12, 0x12, 0x20, 0x21, 0x21, 0x01, 0x21, 0x0F, 0x21, 0xFF, 0xFF, 0x0F
    .byte   0xE0, 0xE0, 0x0E, 0x0F, 0xFF, 0xFF, 0xF0, 0x1E, 0xEF, 0x01, 0xFE, 0xF1, 0xFF, 0xFE, 0x10, 0xF0
    .byte   0xE0, 0x2E,  -12, 0x0F, 0x00, 0x0F, 0xFF, 0xF1, 0x0E, 0x00, 0x1F, 0xFF, 0x10, 0xF0, 0x1F, 0x10
    .byte   0x11, 0x00, 0x21, 0x0F, 0x21, 0x2F, 0x12, 0x0F, 0x20, 0x2F, 0x02, 0x21, 0xF1, 0x22, 0xFF, 0x02
    .byte   0x10, 0xE0, 0x20,   24, 0x0E, 0x00, 0x2F, 0xEE, 0x02, 0xFE, 0xE0, 0x12, 0xEE, 0x00, 0x2E, 0xEF
    .byte   0x10, 0xEF, 0xF0, 0x1F, 0xEF, 0x00, 0x0E, 0xF0, 0x11, 0xE0, 0x11, 0x1F, 0xFF, 0x1F, 0xFF, 0x01
    .byte   0x00, 0xF1, 0x11, 0x0F,  -16, 0x02, 0x00, 0xE0, 0x22, 0xFE, 0x12, 0x21, 0xF0, 0x02, 0x10, 0xF0
    .byte   0x12, 0x00, 0x02, 0x02, 0x00, 0x10, 0x21, 0xE0, 0x00, 0x2F, 0xF0, 0x10, 0xF0, 0xE1, 0x00, 0xFE
    .byte   0x01, 0x10, 0xEF, 0x12, 0xFE,    2, 0x00, 0x00, 0xEF, 0x01, 0xFF, 0xFF, 0x00, 0x0F, 0xE0, 0x11
    .byte   0x00, 0xF1, 0x11, 0x0F, 0x0F, 0x10, 0xFF, 0x10, 0x1F, 0xFF, 0x11, 0x0F, 0x00, 0xF2, 0xF1, 0xF0
    .byte   0x12, 0xEF, 0x11, 0x10, 0x0F, 0x11,   -2, 0x01, 0xF1, 0x11, 0x1F, 0x01, 0x11, 0x1F, 0x10, 0x21
    .byte   0x00, 0x01, 0x11, 0xFF, 0x01, 0x10, 0xFF, 0x10, 0x10, 0xE0, 0x1F, 0x00, 0xE1, 0x00, 0x00, 0xE0
    .byte   0x01, 0x0E, 0x0E, 0x2F, 0x0F, 0xFF, 0x01,   -4, 0x0F, 0xFF, 0x01, 0x0F, 0xF0, 0x21, 0x00, 0xE1
    .byte   0x12, 0x0E, 0xF1, 0x10, 0xFF, 0x00, 0x02, 0x00, 0xE0, 0x21, 0xEE, 0x00, 0x01, 0x01, 0x10, 0x11
    .byte   0x11, 0xFF, 0xF0, 0xF2, 0x0E, 0x22, 0x11, 0xE1,    3, 0x01, 0x11, 0xE0, 0x12, 0x2F, 0xE0, 0x12
    .byte   0x2E, 0xEE, 0x21, 0x2E, 0xEF, 0x12, 0x0F, 0xEF, 0x21, 0xEF, 0x00, 0x10, 0xF0, 0xE1, 0x11, 0x10
    .byte   0xFE, 0x12, 0xF0, 0x0E, 0x00, 0x21, 0xFF, 0xE1, 0x22,    3, 0x0E, 0xFE, 0x12, 0x1F, 0xEE, 0x22
    .byte   0x2E, 0xEE, 0x03, 0x1F, 0xEE, 0x03, 0x1E, 0xED, 0x32, 0x2D, 0xFE, 0x03, 0x22, 0xDE, 0xE3, 0x30
    .byte   0xFC, 0x02, 0x41, 0xDE, 0xE3, 0x02, 0xEE, 0x1F, 0x10, 0x21,    4, 0x0E, 0xE2, 0x32, 0xED, 0xD2
    .byte   0x42, 0xED, 0xC3, 0x33, 0x1D, 0xD1, 0x13, 0x3D, 0xED, 0x23, 0x12, 0xEC, 0x03, 0x22, 0xED, 0xE3
    .byte   0x23, 0xDD, 0xE3, 0x21, 0x1C, 0x2E, 0x42, 0xD2, 0xC1, 0x32, 0x2D,   -7, 0x0D, 0x33, 0x3D, 0xDD
    .byte   0x32, 0x23, 0xCF, 0xE3, 0x11, 0x2D, 0xE2, 0x03, 0xF0, 0xED, 0x22, 0x3E, 0x1D, 0xD2, 0x4F, 0x1F
    .byte   0xC2, 0x11, 0x5C, 0x3B, 0xE3, 0x25, 0xB3, 0xB2, 0x44, 0x2C, 0xEC, 0x42,    8, 0x0F, 0xEC, 0x4D
    .byte   0x42, 0xD0, 0xC3, 0xE4, 0xE0, 0xDF, 0x31, 0x3C, 0x2C, 0x34, 0xE2, 0xCF, 0xF3, 0x3C, 0x3C, 0x33
    .byte   0xE1, 0xE0, 0xE3, 0xD3, 0xD2, 0x3D, 0xFD, 0x4D, 0x3D, 0xE1, 0xE4, 0xFE, 0xE0,   -3, 0x02, 0x2E
    .byte   0xEE, 0xE4, 0xD2, 0xFD, 0x0F, 0x40, 0xF1, 0xB5, 0xD4, 0x0C, 0xFC, 0x5E, 0x4D, 0xC0, 0xE2, 0x5E
    .byte   0xDE, 0xB4, 0x34, 0xFC, 0xDE, 0x35, 0xD3, 0xBD, 0x31, 0x5C, 0x3B, 0x21, 0x34, 0xDE,  -12, 0x0F
    .byte   0x34, 0xD3, 0xCD, 0x4D, 0x42, 0xC2, 0xC3, 0x23, 0x2E, 0xDC, 0x41, 0x30, 0xC1, 0xC5, 0xF3, 0x1C
    .byte   0x0E, 0x4D, 0x3D, 0xD2, 0xD5, 0xD3, 0xDF, 0xD3, 0x3D, 0x2C, 0x1F, 0x4F, 0x2D, 0xE1, 0x14,    1
    .byte   0x02, 0xC3, 0xC5, 0xE1, 0x1C, 0x3D, 0x42, 0xD1, 0xDF, 0x23, 0x1E, 0x0D, 0x23, 0x2E, 0xFD, 0xE3
    .byte   0x02, 0x1D, 0xD4, 0xD4, 0xD2, 0xDF, 0x2E, 0x4D, 0x2D, 0x12, 0xF4, 0xC1, 0x1C, 0x41, 0xE2, 0xED
    .byte     -4, 0x02, 0xE3, 0x2C, 0x4C, 0x14, 0xC4, 0xD2, 0xD2, 0x2F, 0x2D, 0xE1, 0xF3, 0xF2, 0xEE, 0x2D
    .byte   0x30, 0xFE, 0x2D, 0x31, 0x1F, 0x2D, 0xF3, 0xD3, 0xEE, 0x2F, 0x0F, 0x2E, 0x02, 0xD3, 0xE0, 0x10
    .byte   0x0F,   -2, 0x00, 0x2E, 0x3D, 0x2E, 0x00, 0x2E, 0x2D, 0x21, 0x03, 0xD2, 0xE0, 0x01, 0x21, 0xE1
    .byte   0xD3, 0xF0, 0x3C, 0x3E, 0x12, 0x00, 0xE2, 0xD3, 0xE0, 0x2E, 0x01, 0xF2, 0xE1, 0xE0, 0x3D, 0x4C
    .byte   0x3E, 0xE3,   -1, 0x02, 0xE2, 0xD3, 0xD2, 0x0F, 0x2D, 0x4C, 0x3F, 0x00, 0x1E, 0x21, 0x1F, 0xF2
    .byte   0xD3, 0xD2, 0xF1, 0xE1, 0x0F, 0x2F, 0xE3, 0xD2, 0x3D, 0x2E, 0x2D, 0x3E, 0x2E, 0x2D, 0x22, 0xE2
    .byte   0x2C, 0x31, 0xD4,   -2, 0x01, 0xF2, 0xD4, 0xED, 0x20, 0xD4, 0xE2, 0x0D, 0xE3, 0xD2, 0x3C, 0x22
    .byte   0xD3, 0x4C, 0x3C, 0x3D, 0x4E, 0xE3, 0xB4, 0xF2, 0x3D, 0x1D, 0xF3, 0xD4, 0xC2, 0xFE, 0x24, 0xD2
    .byte   0xDE, 0x3D, 0x4C, 0x4C,    2, 0x0E, 0x13, 0xD4, 0xB4, 0xC3, 0x2E, 0x1E, 0x2E, 0x22, 0xD3, 0xED
    .byte   0x3E, 0x3E, 0x3C, 0x4C, 0x04, 0xC3, 0xEE, 0x13, 0xD3, 0xED, 0x22, 0x1E, 0x3D, 0xF3, 0xD3, 0xE2
    .byte   0xD3, 0xEE, 0x2F, 0xF0, 0x2D,    5, 0x0D, 0x03, 0xD2, 0x2D, 0x3E, 0xF1, 0x2E, 0x2E, 0xE1, 0x03
    .byte   0xD3, 0xED, 0x3E, 0x22, 0xD2, 0x2C, 0x4E, 0xE4, 0xB3, 0x01, 0x12, 0x1E, 0x1E, 0x11, 0x3C, 0x4C
    .byte   0x3E, 0x23, 0xD3, 0xC3, 0xD1, 0x3D,   -1, 0x01, 0xD3, 0xE3, 0xE0, 0x2C, 0x4D, 0x22, 0xE1, 0x2C
    .byte   0x4D, 0x30, 0xE2, 0xC3, 0xE3, 0xF2, 0xDF, 0x2E, 0x3F, 0x1D, 0x2D, 0x30, 0x12, 0xD3, 0xC4, 0xD3
    .byte   0xFE, 0x2C, 0x31, 0x2E, 0x3C, 0x4C, 0x4D,    3, 0x01, 0xD3, 0xC5, 0xB5, 0xCF, 0x4B, 0x5C, 0x23
    .byte   0xC3, 0xE2, 0xE2, 0x0D, 0x4C, 0x31, 0xD4, 0xC3, 0xEE, 0x3D, 0x20, 0xF2, 0xE2, 0x0E, 0x10, 0x2D
    .byte   0x3E, 0xF2, 0x1D, 0x4C, 0x22, 0xD3, 0xE2, 0xE1,    1, 0x00, 0x02, 0xD4, 0xB4, 0xEF, 0x2E, 0x1E
    .byte   0x3D, 0x3D, 0x3D, 0x3E, 0x12, 0xC4, 0xEF, 0x3D, 0xF2, 0xD3, 0x01, 0xE2, 0xD1, 0x12, 0x2E, 0x0D
    .byte   0x3D, 0x4D, 0x13, 0xC3, 0xE2, 0x1F, 0x1D, 0x2F, 0x03,    2, 0x00, 0xE1, 0xE3, 0x1E, 0x2C, 0x4C
    .byte   0x4D, 0x30, 0xC4, 0xC4, 0x1E, 0x0F, 0xD3, 0xD4, 0xD0, 0x2D, 0x3E, 0x3D, 0x2E, 0xE2, 0xF2, 0xE3
    .byte   0xC4, 0xDF, 0x4B, 0x5C, 0x2E, 0x20, 0xE4, 0xB4, 0xC4, 0xE1,    6, 0x0D, 0x2E, 0x02, 0xE1, 0x2D
    .byte   0x3E, 0x2F, 0x3D, 0xE3, 0xC4, 0xD2, 0x2E, 0x2D, 0x3D, 0x21, 0xD4, 0xC4, 0xC4, 0xFC, 0x5A, 0x5C
    .byte   0x4D, 0x3E, 0xD4, 0xC4, 0xD3, 0xD1, 0xEE, 0x4D, 0x2F, 0xD4, 0xC3,    2, 0x0E, 0x3C, 0x4B, 0x5E
    .byte   0xD4, 0xC3, 0xE1, 0x1F, 0x2D, 0x3D, 0x13, 0xD3, 0xEE, 0x21, 0xD3, 0xEF, 0x21, 0xE3, 0xD1, 0x3C
    .byte   0x4D, 0x2E, 0x1E, 0x11, 0x10, 0x1F, 0xE4, 0xC4, 0xDE, 0x3C, 0x4D, 0x3D,   -2, 0x03, 0xB6, 0xA5
    .byte   0xFB, 0x6A, 0x5D, 0x21, 0xD4, 0xC3, 0x2D, 0x2E, 0x10, 0x2E, 0x3D, 0x12, 0xD4, 0xC3, 0xEF, 0xF3
    .byte   0xC5, 0xCE, 0x4B, 0x4D, 0x5B, 0x4D, 0xD5, 0xB4, 0xD2, 0xC4, 0xD1, 0x4D, 0x02,   -4, 0x02, 0x2D
    .byte   0x4B, 0x5C, 0x22, 0xE3, 0xD2, 0xE1, 0xF0, 0xE3, 0xD3, 0xD2, 0x1E, 0x3D, 0x3D, 0x3C, 0x4E, 0xE4
    .byte   0xA6, 0xB3, 0x3C, 0x4E, 0xE2, 0x0F, 0x00, 0xE0, 0x2D, 0x4D, 0x2E, 0x1E, 0x21, 0xE2,   -1, 0x0E
    .byte   0x22, 0xD4, 0xC4, 0xC3, 0xFD, 0x5A, 0x5D, 0xD5, 0xB5, 0xB4, 0xDD, 0x5A, 0x7A, 0x4F, 0xC5, 0xB5
    .byte   0xB5, 0xB3, 0x3C, 0x5B, 0x31, 0xD4, 0xD2, 0x2D, 0x3D, 0x11, 0x1F, 0x3C, 0x31, 0xD4, 0xD2,   -7
    .byte   0x04, 0xC3, 0x2C, 0x5B, 0x24, 0xB5, 0xB5, 0xCE, 0x5A, 0x7A, 0x40, 0xC4, 0xC3, 0xE1, 0x2D, 0x23
    .byte   0xB6, 0xB3, 0x2C, 0x4C, 0x33, 0xC5, 0xB4, 0xFC, 0x5B, 0x4D, 0x2F, 0xE3, 0xD2, 0x2D, 0x21, 0xE2
    .byte      0, 0x0F, 0x2F, 0xD4, 0xC4, 0xD2, 0xED, 0x4C, 0x4C, 0x4D, 0xE4, 0xC4, 0xC3, 0xE0, 0x3B, 0x6B
    .byte   0x23, 0xB6, 0xA5, 0xC4, 0xED, 0x4B, 0x5B, 0x5D, 0xD4, 0xB5, 0xD2, 0x1D, 0x4B, 0x5C, 0x31, 0xB6
    .byte   0xA6,  -12, 0x04, 0x2A, 0x7A, 0x42, 0xD3, 0xC4, 0xD3, 0x1C, 0x5A, 0x5D, 0x3E, 0x0F, 0xD4, 0xC5
    .byte   0xB4, 0xDE, 0x4B, 0x6B, 0x32, 0xB6, 0xA6, 0xCD, 0x5A, 0x6A, 0x6B, 0x05, 0x97, 0xA5, 0xEC, 0x69
    .byte   0x7B, 0xD6,  -28, 0x07, 0xA5, 0xDD, 0x5A, 0x6B, 0x33, 0xB6, 0xA4, 0x0D, 0x4C, 0x4D, 0x20, 0xE0
    .byte   0x2E, 0xD4, 0xD2, 0x2D, 0x4B, 0x5B, 0x4F, 0xD4, 0xC3, 0xFE, 0x3E, 0x1E, 0xE3, 0xD3, 0xE1, 0xE1
    .byte   0x1E, 0x3E, 0x0F,   -3, 0x02, 0xE4, 0xB4, 0xFC, 0x5B, 0x4F, 0xF1, 0xD3, 0xE1, 0x20, 0xE2, 0xD2
    .byte   0x2E, 0xF3, 0xC3, 0x3C, 0x33, 0xB5, 0xCE, 0x5B, 0x5C, 0x13, 0xB6, 0xB0, 0x4B, 0x5C, 0x3D, 0x3E
    .byte   0xE3, 0xC5, 0xB4, 0xED,    9, 0x0B, 0x5C, 0x32, 0xC5, 0xA5, 0xFC, 0x69, 0x6C, 0xE6, 0x97, 0xA3
    .byte   0x3A, 0x7A, 0x42, 0xD3, 0xD1, 0x3D, 0x21, 0xC5, 0xB4, 0x4A, 0x6B, 0x14, 0xB5, 0xC2, 0x3C, 0x4D
    .byte   0x13, 0xC4, 0xD0, 0x2E, 0x11,    1, 0x0D, 0x4B, 0x5D, 0xF2, 0xE1, 0xE4, 0xB5, 0xDD, 0x5B, 0x32
    .byte   0xC4, 0xC4, 0xDF, 0x3C, 0x4E, 0xE2, 0xE0, 0x3D, 0x22, 0xD3, 0xD1, 0x2E, 0x4B, 0x5B, 0x42, 0xB6
    .byte   0xA5, 0xDD, 0x5B, 0x4E, 0xD4, 0xC4,    1, 0x0D, 0x4D, 0xE4, 0xC2, 0x3B, 0x5C, 0x24, 0xB4, 0xEC
    .byte   0x6A, 0x51, 0xB6, 0xA5, 0xDE, 0x5A, 0x6A, 0x41, 0xD4, 0xC2, 0x01, 0x01, 0x21, 0xD3, 0xD2, 0x1F
    .byte   0x2E, 0x2E, 0x02, 0xD4, 0xDF, 0x2D, 0x3D,    1, 0x00, 0xE2, 0x0D, 0x4C, 0x33, 0xC3, 0xEE, 0x4C
    .byte   0x4C, 0x23, 0xB5, 0xDF, 0x3D, 0x02, 0x2C, 0x5B, 0x33, 0xB6, 0xA6, 0xB2, 0x4A, 0x6B, 0x33, 0xC4
    .byte   0xD1, 0x3C, 0x4D, 0xE4, 0xB5, 0xCE, 0x5A, 0x6B,   -6, 0x05, 0xA5, 0xC3, 0x1E, 0x3C, 0x4C, 0x3E
    .byte   0x3C, 0x5C, 0xD5, 0xB4, 0xFD, 0x2E, 0x21, 0xD5, 0xB4, 0xED, 0x3E, 0x1F, 0x2D, 0x31, 0xD3, 0x0C
    .byte   0x5B, 0x41, 0xC5, 0xCE, 0x4B, 0x5D, 0xC6, 0xA5, 0xDD,   15, 0x0B, 0x42, 0xB5, 0xC2, 0x3C, 0x5B
    .byte   0x4D, 0xE4, 0xC3, 0xEE, 0x4B, 0x5C, 0xF5, 0xA6, 0xA4, 0x4A, 0x7A, 0x25, 0x97, 0xBD, 0x69, 0x6C
    .byte   0xE5, 0xB3, 0x3B, 0x6B, 0x34, 0xA6, 0xB1, 0x3D, 0x22, 0x2C,    3, 0x0E, 0xF0, 0x13, 0xC4, 0xC3
    .byte   0x1D, 0x4C, 0x3D, 0x3D, 0x4C, 0x33, 0xB5, 0xB4, 0x0F, 0xF2, 0xD2, 0x2E, 0x2F, 0xFE, 0x4B, 0x4D
    .byte   0x3D, 0x23, 0xB5, 0xCF, 0x5B, 0x4E, 0xC5, 0xB4, 0xE0, 0x3D, 0xE4,  -11, 0x04, 0xED, 0x4B, 0x5C
    .byte   0x4D, 0x2E, 0xFF, 0x22, 0xD3, 0xD3, 0xC4, 0xEF, 0x3C, 0x14, 0xB5, 0xEC, 0x5A, 0x5D, 0x23, 0xC4
    .byte   0xDD, 0x5B, 0x4E, 0xD4, 0xB5, 0xD2, 0xD3, 0xEE, 0x4B, 0x5D, 0xD4, 0xC2,    2, 0x0D, 0x4C, 0x33
    .byte   0xB5, 0xDC, 0x5C, 0x23, 0xC4, 0xC3, 0x3B, 0x6A, 0x42, 0xB6, 0xB2, 0x4B, 0x5B, 0x42, 0xC5, 0xCF
    .byte   0x2D, 0x4C, 0x4D, 0xD5, 0xB4, 0xD1, 0x2E, 0xE3, 0xD3, 0xE1, 0x3B, 0x5C, 0x31,    5, 0x0D, 0x3D
    .byte   0xE4, 0xDF, 0x2E, 0xD4, 0xFD, 0x4C, 0xE4, 0xC5, 0xC0, 0x3B, 0x5D, 0xE4, 0xB4, 0xFC, 0x69, 0x62
    .byte   0xA7, 0x95, 0x3B, 0x6A, 0x5D, 0xC6, 0xA5, 0xDE, 0x3B, 0x5D, 0xE4, 0xC4, 0xDD, 0x5A,   19, 0x0A
    .byte   0x43, 0xB6, 0xA5, 0xD2, 0x3B, 0x5B, 0x33, 0xD2, 0x2D, 0xE5, 0xA6, 0xCE, 0x4A, 0x7A, 0x35, 0x97
    .byte   0xBD, 0x69, 0x7A, 0x25, 0x97, 0xA5, 0x3A, 0x6A, 0x51, 0xB7, 0x95, 0x2A, 0x79, 0x6D, 0xC6,  -25
    .byte   0x06, 0x1B, 0x6A, 0x4D, 0xE4, 0xC5, 0xC1, 0xD2, 0x3D, 0x4C, 0x3D, 0xE4, 0xB6, 0xB2, 0x4A, 0x6C
    .byte   0xD6, 0xA4, 0x2B, 0x5D, 0x03, 0xC3, 0xED, 0x5C, 0x14, 0xA6, 0xCD, 0x5A, 0x6C, 0xE5, 0xA6, 0xB2
    .byte      9, 0x0B, 0x5C, 0x23, 0xD3, 0x0C, 0x3E, 0x23, 0xC4, 0xDE, 0x4B, 0x5D, 0xD5, 0xA5, 0xDD, 0x5B
    .byte   0x41, 0xB6, 0xB3, 0x2C, 0x5B, 0x4E, 0xD5, 0xB4, 0xDE, 0x3D, 0x3F, 0xE2, 0xD2, 0x3D, 0x3D, 0xE3
    .byte   0xC4,   -5, 0x03, 0x0C, 0x5B, 0x42, 0xC5, 0xB3, 0xD3, 0x3C, 0x5B, 0x12, 0xE4, 0xD3, 0xCF, 0xF2
    .byte   0x3E, 0x2E, 0xDE, 0x4E, 0x31, 0xC1, 0xEF, 0x4D, 0x4D, 0xC4, 0xB5, 0x2D, 0x4B, 0x3E, 0xD5, 0xD1
    .byte   0x1C, 0x14,   -4, 0x03, 0x2B, 0x5C, 0xF5, 0xB4, 0xEC, 0x4C, 0x5D, 0xE3, 0xCE, 0x4C, 0x43, 0xC2
    .byte   0xD0, 0x31, 0x1E, 0x2D, 0xE4, 0xD2, 0x3C, 0x3E, 0xE3, 0xD2, 0x1C, 0x5C, 0x34, 0xB4, 0xCE, 0x4C
    .byte   0x4E, 0xE2, 0xC5,   -2, 0x03, 0x2C, 0x4B, 0x4E, 0xE4, 0xC3, 0xDF, 0x3F, 0x2F, 0x1D, 0x21, 0xD4
    .byte   0xC2, 0x4B, 0x4F, 0xD4, 0xC4, 0xC1, 0x4B, 0x5C, 0x14, 0xB4, 0x2C, 0x4E, 0xD3, 0xE2, 0x3D, 0xEE
    .byte   0xD5, 0xD2, 0x2B, 0x4D,   -9, 0x05, 0xB4, 0x1B, 0x5D, 0x14, 0xB4, 0xDD, 0x4D, 0x30, 0xEE, 0xE2
    .byte   0xF4, 0xDD, 0x3C, 0x34, 0xC4, 0xEC, 0x3E, 0xF3, 0xE1, 0xEF, 0x10, 0x2E, 0x20, 0xD3, 0xD2, 0x3D
    .byte   0x3E, 0xF2, 0xC4, 0xD1, 0x4D,    7, 0x0D, 0xE2, 0xF4, 0xDE, 0xEC, 0x41, 0x33, 0xC0, 0xD0, 0x4E
    .byte   0x4D, 0xC2, 0xC4, 0x31, 0x3B, 0x0F, 0x04, 0x12, 0xDD, 0x0D, 0x42, 0x22, 0xCF, 0xFF, 0x40, 0x2D
    .byte   0xDF, 0xE3, 0x3E, 0x1D, 0xE2, 0x12,    9, 0x0D, 0xE0, 0xD4, 0x11, 0x2D, 0xE1, 0x02, 0x2E, 0xEE
    .byte   0x02, 0x23, 0xEE, 0x0D, 0x22, 0xF2, 0xEE, 0xFE, 0x31, 0x22, 0xC3, 0x0D, 0x4D, 0x12, 0xC3, 0x1F
    .byte   0x3D, 0x2E, 0xE3, 0xE1, 0x2D, 0xF3, 0xD2,    4, 0x0E, 0x02, 0xE1, 0x1E, 0x02, 0x0E, 0x2F, 0xE3
    .byte   0xDF, 0x3D, 0x21, 0xD3, 0x00, 0x1E, 0xE2, 0x20, 0x2F, 0xD2, 0x11, 0x20, 0xD0, 0xE0, 0x31, 0xFF
    .byte   0xEE, 0x22, 0x02, 0xFE, 0x0E, 0x22, 0x11, 0xEE,   -7, 0x02, 0x21, 0x2D, 0xE2, 0xE3, 0x2E, 0xFE
    .byte   0x01, 0x21, 0x1F, 0xEE, 0x21, 0x21, 0xEE, 0xFF, 0x22, 0x10, 0xEE, 0x01, 0x22, 0x1F, 0xD1, 0x11
    .byte   0x21, 0xEE, 0xFF, 0x22, 0x1F, 0x0E, 0xF2, 0xF2, 0x1D,   -2, 0x01, 0xF2, 0x1F, 0x00, 0xE1, 0x0F
    .byte   0x11, 0xE0, 0x11, 0x12, 0x0F, 0xFF, 0xF2, 0x0F, 0x1E, 0x01, 0x00, 0x11, 0xE1, 0xE0, 0x21, 0x10
    .byte   0x0F, 0xF0, 0x02, 0x10, 0xE0, 0xF0, 0x2F, 0xFF, 0xFF, 0x12,    1, 0x0E, 0x1E, 0x22, 0xF2, 0xFE
    .byte   0x0F, 0x12, 0x00, 0xEE, 0x11, 0x21, 0xFF, 0xE0, 0x12, 0x11, 0xEF, 0xF0, 0x12, 0x1F, 0xFE, 0xF0
    .byte   0x21, 0x1F, 0xEF, 0xF1, 0x21, 0xFF, 0xFF, 0x11, 0x11, 0x1E, 0x0F,   -1, 0x01, 0x10, 0x10, 0xE1
    .byte   0x10, 0x1F, 0xFF, 0x0F, 0x02, 0x01, 0xFF, 0x0F, 0x11, 0x1F, 0x0E, 0x01, 0x12, 0x1F, 0xEE, 0x12
    .byte   0x11, 0x1E, 0xE1, 0x12, 0x2F, 0xFE, 0xF1, 0x12, 0xF0, 0xEF, 0x01, 0x11,    1, 0x0F, 0xFF, 0x02
    .byte   0xFF, 0x0F, 0x01, 0x00, 0x1F, 0x11, 0x0F, 0xFF, 0xF1, 0x10, 0x00, 0xF0, 0x11, 0x10, 0x0E, 0xF0
    .byte   0x21, 0x0F, 0xE1, 0x02, 0x10, 0xFF, 0xEF, 0x12, 0x2F, 0xEE, 0x01, 0x22, 0x0E,   -1, 0x0E, 0xF2
    .byte   0x21, 0x0E, 0xFF, 0x12, 0x10, 0x0E, 0xFF, 0x02, 0x11, 0x0E, 0xE1, 0x21, 0x1F, 0xFF, 0xF1, 0x11
    .byte   0x10, 0xE0, 0x01, 0x11, 0x1F, 0xFF, 0xF1, 0x02, 0xF0, 0xEF, 0x10, 0x20, 0x1F, 0xE0,   -2, 0x00
    .byte   0x20, 0x0E, 0x00, 0x02, 0x1F, 0xFF, 0xF1, 0x11, 0x0F, 0xFF, 0x01, 0x10, 0xF0, 0xFF, 0x11, 0x10
    .byte   0xFF, 0x01, 0x1F, 0x1F, 0xF1, 0x01, 0x1F, 0xFF, 0x00, 0x11, 0x0F, 0x0F, 0x01, 0x01, 0x0F,    0
    .byte   0x01, 0x00, 0xF0, 0xF1, 0x01, 0x00, 0xFF, 0x01, 0x00, 0x0F, 0x00, 0x01, 0x01, 0x0F, 0x1F, 0x00
    .byte   0x10, 0xFF, 0x01, 0x01, 0x00, 0xF0, 0x00, 0x00, 0x00, 0x1F, 0x00, 0x00, 0x01, 0xF0, 0xF0, 0xF1
    .byte      0, 0x01, 0x1F, 0x0F, 0x00, 0x00, 0x00, 0xF1, 0xF1, 0x00, 0x1F, 0x0F, 0x10, 0x00, 0x00, 0x00
    .byte   0x1F, 0x00, 0x00, 0xF1, 0x0F, 0x01, 0x0F, 0x10, 0x00, 0x0F, 0x10, 0x00, 0x0F, 0x10, 0x00, 0x01
    .byte   0xF1,    0, 0x00, 0x01, 0xF0, 0xF1, 0xF0, 0x10, 0x01, 0xF0, 0x0F, 0x10, 0x00, 0x0F, 0x10, 0x0F
    .byte   0x00, 0x10, 0x1F, 0x00, 0x0F, 0x10, 0x10, 0x0F, 0x00, 0x1F, 0x00, 0xF1, 0x00, 0x00, 0x0F, 0x10
    .byte   0x00, 0x00,    0, 0x00, 0x00, 0x00, 0x00, 0xF1, 0x0F, 0x10, 0x00, 0x00, 0x00, 0x01, 0xF0, 0x00
    .byte   0x10, 0x0F, 0x00, 0x01, 0xFF, 0x1F, 0x10, 0x01, 0xF0, 0x00, 0xF1, 0x00, 0x00, 0x00, 0xF1, 0x00
    .byte   0x0F, 0x1F, 0x10,    0, 0x00, 0xF0, 0x10, 0x01, 0xF0, 0x01, 0xFF, 0x10, 0x00, 0x00, 0x1F, 0x01
    .byte   0xF0, 0x00, 0x1F, 0x0F, 0x10, 0x01, 0xF0, 0x01, 0xF0, 0xF1, 0x00, 0x00, 0x01, 0xF1, 0xF0, 0x00
    .byte   0xF1, 0x00, 0xF0, 0x01,    0, 0x00, 0x00, 0x00, 0x1F, 0x10, 0xF0, 0xF0, 0x10, 0xF1, 0xF1, 0x00
    .byte   0x1F, 0x00, 0x01, 0xF0, 0x00, 0x00, 0x00, 0x01, 0xF1, 0xF0, 0xF1, 0x00, 0xF1, 0x00, 0x00, 0x00
    .byte   0x1F, 0xF1, 0x00, 0xF1, 0x00,    1, 0x0F, 0x00, 0x1F, 0x0F, 0x10, 0x0F, 0x10, 0x00, 0x1F, 0x0F
    .byte   0x10, 0x0F, 0x00, 0x10, 0x0F, 0x10, 0x01, 0xF0, 0x0F, 0x10, 0x00, 0x00, 0x00, 0x01, 0xF0, 0x10
    .byte   0xF0, 0xF1, 0x00, 0xF1, 0x00, 0x1F,    0, 0x0F, 0x01, 0x00, 0x00, 0xF1, 0x00, 0x1F, 0x00, 0x00
    .byte   0x00, 0x1F, 0x00, 0xF1, 0x00, 0x00, 0x00, 0x1F, 0x0F, 0x10, 0x00, 0xF0, 0x10, 0x00, 0xF1, 0x0F
    .byte   0x10, 0x1F, 0x00, 0x00, 0xF1, 0x01, 0xF1,    0, 0x00, 0x01, 0x0F, 0x00, 0x00, 0x00, 0x00, 0x00
    .byte   0x00, 0x1F, 0x00, 0x00, 0x00, 0x00, 0x00, 0x1F, 0x00, 0x00, 0x00, 0x1F, 0x00, 0x00, 0x0F, 0x10
    .byte   0x00, 0x1F, 0x00, 0xF1, 0x00, 0xF0, 0x1F, 0x01,   -1, 0x01, 0x0F, 0x1F, 0x10, 0xF0, 0x11, 0xF0
    .byte   0x00, 0x00, 0x00, 0x10, 0xF0, 0x00, 0x01, 0xF0, 0x00, 0xF1, 0x1F, 0x00, 0x00, 0x00, 0x1F, 0x00
    .byte   0x00, 0x00, 0x0F, 0x10, 0x00, 0x00, 0x01, 0xF1, 0xF0,   -1, 0x01, 0x00, 0x00, 0x00, 0x00, 0x00
    .byte   0xF1, 0x01, 0xF1, 0xFF, 0x10, 0xF1, 0x0F, 0x1F, 0x1F, 0x10, 0x00, 0x00, 0x01, 0xF0, 0x01, 0xF0
    .byte   0x00, 0x01, 0xF0, 0x00, 0xF1, 0x00, 0x1F, 0x1F, 0xF1, 0x00,    0, 0x00, 0x0F, 0x11, 0xFF, 0x10
    .byte   0x00, 0x1F, 0x00, 0x00, 0x00, 0x00, 0xF1, 0x00, 0x1F, 0x00, 0x00, 0xF1, 0xF1, 0x1F, 0x00, 0x1F
    .byte   0x00, 0x00, 0x1F, 0x00, 0x00, 0x00, 0x1F, 0x00, 0x00, 0x00, 0x01,    0, 0x01, 0xFF, 0x10, 0x00
    .byte   0x00, 0x1F, 0x10, 0xF0, 0x1F, 0x00, 0x00, 0xF1, 0x01, 0xF0, 0x00, 0x00, 0xF1, 0x01, 0xFF, 0x10
    .byte   0x00, 0x00, 0x00, 0x00, 0x00, 0x00, 0x01, 0x0F, 0x00, 0xF1, 0x00, 0x01,    0, 0x00, 0xF1, 0x00
    .byte   0xF1, 0x1F, 0x10, 0xF0, 0x00, 0x1F, 0x00, 0x00, 0x1F, 0x00, 0x1F, 0x00, 0x0F, 0x10, 0x0F, 0x1F
    .byte   0x01, 0x00, 0x10, 0xFF, 0x10, 0x00, 0x00, 0x00, 0x0F, 0x10, 0x01, 0x0F, 0x1F,    0, 0x00, 0x00
    .byte   0x00, 0xF1, 0xF0, 0x10, 0x00, 0x1F, 0x00, 0x00, 0x00, 0xF1, 0x00, 0xF1, 0x00, 0x00, 0x00, 0x00
    .byte   0x00, 0x00, 0x00, 0x00, 0xF1, 0x00, 0x00, 0x01, 0xF0, 0x00, 0xF1, 0x01, 0xF0, 0xF1,    0, 0x00
    .byte   0x0F, 0x10, 0x00, 0x00, 0x1F, 0x00, 0x00, 0x00, 0x00, 0x00, 0x00, 0x1F, 0x00, 0x00, 0x00, 0x1F
    .byte   0x00, 0xF0, 0x10, 0x01, 0xF0, 0x00, 0xF1, 0x00, 0x00, 0x00, 0xF0, 0x10, 0x00, 0x1F, 0x01,    0
    .byte   0x0F, 0x01, 0x00, 0x00, 0x0F, 0x10, 0x00, 0x00, 0x00, 0x01, 0xF0, 0x00, 0x1F, 0x00, 0x0F, 0x11
    .byte   0xF0, 0x00, 0xF1, 0x1F, 0x01, 0xF0, 0xF1, 0x00, 0x00, 0x00, 0x00, 0xF1, 0x00, 0x1F, 0x00, 0x01
    .byte      0, 0x0F, 0x1F, 0x1F, 0x01, 0x01, 0xFF, 0x01, 0x00, 0x00, 0x01, 0xF0, 0x0F, 0x1F, 0x00, 0x10
    .byte   0x00, 0x1F, 0xF1, 0xF1, 0x00, 0x01, 0xF0, 0xF0, 0x10, 0x01, 0xFF, 0x10, 0x00, 0x1F, 0x0F, 0x10
    .byte   0x01,    0, 0x00, 0x00, 0x00, 0x00, 0x00, 0x0F, 0x1F, 0x10, 0x01, 0xF0, 0x01, 0xF0, 0x00, 0x00
    .byte   0x00, 0x00, 0x00, 0x01, 0xF1, 0xFF, 0x1F, 0x11, 0xF1, 0xF0, 0xF1, 0x00, 0x00, 0x00, 0x00, 0x00
    .byte   0xF1, 0x00,    0, 0x00, 0x00, 0x00, 0xF1, 0x10, 0xF0, 0x01, 0x0F, 0x00, 0x1F, 0x00, 0x0F, 0x10
    .byte   0x00, 0x00, 0xF1, 0x00, 0x00, 0x00, 0x00, 0x00, 0x0F, 0x11, 0xF0, 0x00, 0x00, 0xF1, 0x00, 0x00
    .byte   0x00, 0x0F, 0x10,    0, 0x00, 0x00, 0xF0, 0x10, 0x0F, 0x01, 0xF1, 0x0F, 0x10, 0x1F, 0xF1, 0x00
    .byte   0x01, 0x0F, 0x00, 0x01, 0xF1, 0xF0, 0x00, 0xF1, 0x00, 0x00, 0x01, 0xF0, 0x00, 0x00, 0x00, 0x00
    .byte   0x00, 0x00, 0x00, 0x00,    0, 0x00, 0x01, 0xF0, 0x00, 0x00, 0x00, 0x1F, 0x00, 0x00, 0x00, 0xF1
    .byte   0x00, 0x01, 0x0F, 0x00, 0x0F, 0x11, 0xF0, 0x00, 0x00, 0x00, 0x00, 0x00, 0x00, 0x00, 0x00, 0x00
    .byte   0x1F, 0x00, 0xF1, 0x00, 0x01,    0, 0x00, 0xF1, 0xF0, 0x11, 0xF0, 0xF1, 0x01, 0xF0, 0x10, 0xF0
    .byte   0x00, 0x0F, 0x10, 0x00, 0x00, 0x00, 0x0F, 0x10, 0x00, 0x00, 0x00, 0x00, 0x01, 0x0F, 0x00, 0x00
    .byte   0x1F, 0x0F, 0x11, 0x0F, 0x01, 0x0F,    0, 0x00, 0x00, 0x00, 0x1F, 0x00, 0x00, 0x00, 0x00, 0x00
    .byte   0x00, 0x00, 0x00, 0x00, 0x10, 0x00, 0x0F, 0xF1, 0x00, 0x00, 0x00, 0x00, 0x0F, 0x10, 0xF1, 0x00
    .byte   0xF1, 0x00, 0x00, 0x00, 0x0F, 0x10, 0x1F,    0, 0x00, 0x00, 0x00, 0x00, 0x00, 0x00, 0x1F, 0x00
    .byte   0x1F, 0x00, 0x00, 0x01, 0xF0, 0xF1, 0x01, 0x0F, 0x00, 0x01, 0xF0, 0x00, 0x00, 0x00, 0x00, 0x0F
    .byte   0x10, 0x00, 0xF1, 0x00, 0x00, 0x00, 0x00, 0x1F,    0, 0x0F, 0x1F, 0x10, 0x00, 0x01, 0xF0, 0x01
    .byte   0xF0, 0x00, 0x00, 0x00, 0x00, 0x00, 0x0F, 0x10, 0x0F, 0x10, 0x0F, 0x11, 0x00, 0xF0, 0x00, 0x00
    .byte   0x00, 0x1F, 0x00, 0x00, 0x0F, 0x10, 0x1F, 0x0F, 0x10,    1, 0x00, 0xF0, 0x00, 0x00, 0x00, 0x00
    .byte   0x00, 0x00, 0xF1, 0x00, 0x00, 0x00, 0x0F, 0x10, 0x01, 0xF0, 0x01, 0xF0, 0x00, 0x00, 0x00, 0x00
    .byte   0x1F, 0x0F, 0x10, 0x00, 0x1F, 0x00, 0x00, 0x01, 0x0F, 0x00,    0, 0x00, 0x00, 0xF1, 0x00, 0x00
    .byte   0x00, 0x0F, 0x10, 0x00, 0xF1, 0x00, 0x01, 0xF0, 0x00, 0x00, 0xF1, 0x01, 0xF0, 0x00, 0x00, 0x00
    .byte   0x00, 0x00, 0x01, 0xF0, 0x1F, 0x00, 0x01, 0xF1, 0xF0, 0x0F, 0x10,    0, 0x00, 0x00, 0x0F, 0x10
    .byte   0x00, 0x00, 0x0F, 0x10, 0x00, 0x00, 0x01, 0xFF, 0x10, 0x1F, 0x00, 0x1F, 0x00, 0x00, 0x1F, 0x0F
    .byte   0x11, 0xFF, 0x01, 0x00, 0x00, 0x00, 0x00, 0x01, 0x0F, 0x00, 0x00, 0xF1,    0, 0x00, 0xF1, 0x00
    .byte   0x00, 0xF1, 0x00, 0x00, 0x10, 0x0F, 0x00, 0x00, 0x0F, 0x10, 0x00, 0x1F, 0x0F, 0x11, 0xF0, 0x0F
    .byte   0x11, 0xF0, 0x0F, 0x10, 0x00, 0x01, 0xF0, 0x00, 0xF1, 0x00, 0x1F, 0x00, 0x00,   -1, 0x01, 0x00
    .byte   0x01, 0xF0, 0x00, 0x00, 0x00, 0x00, 0x01, 0x0F, 0x00, 0x00, 0x1F, 0x00, 0x00, 0x0F, 0x10, 0x00
    .byte   0x00, 0x00, 0x00, 0x01, 0xF0, 0x00, 0x1F, 0x00, 0x00, 0x0F, 0x10, 0xF1, 0xF1, 0x1F,    1, 0x0F
    .byte   0x00, 0xF1, 0x00, 0x00, 0x00, 0x00, 0x1F, 0x00, 0x0F, 0x10, 0x00, 0x0F, 0x1F, 0x11, 0xF0, 0x00
    .byte   0x00, 0x01, 0xF0, 0x01, 0xFF, 0x10, 0x00, 0x00, 0x01, 0xFF, 0x10, 0x00, 0x00, 0x00, 0x00,    0
    .byte   0x00, 0x0F, 0x10, 0x00, 0x0F, 0x10, 0x00, 0x00, 0x00, 0x00, 0x00, 0x00, 0x00, 0x00, 0x00, 0x1F
    .byte   0x01, 0xF0, 0x1F, 0x00, 0x00, 0x00, 0x00, 0xF1, 0x00, 0x1F, 0x00, 0x00, 0x00, 0xF1, 0x00, 0x00
    .byte      0, 0x00, 0x00, 0x01, 0xF1, 0xF1, 0xF0, 0x00, 0x00, 0x00, 0x10, 0xF0, 0x0F, 0x1F, 0x10, 0x0F
    .byte   0x11, 0x0F, 0x00, 0x00, 0x0F, 0x10, 0x00, 0x00, 0x00, 0x00, 0x01, 0xF0, 0x00, 0x1F, 0x1F, 0x01
    .byte   0xF0,    0, 0x00, 0xF1, 0x00, 0x00, 0xF1, 0x00, 0x00, 0xF1, 0x01, 0xF0, 0x00, 0x00, 0x00, 0x00
    .byte   0x00, 0x1F, 0x10, 0xF1, 0xF1, 0xFF, 0x10, 0x1F, 0x00, 0x00, 0x1F, 0x00, 0xF1, 0x00, 0x00, 0x00
    .byte   0x00, 0x0F,   -1, 0x01, 0x1F, 0x00, 0x00, 0xF1, 0x1F, 0x00, 0x10, 0x0F, 0x00, 0x0F, 0x10, 0x00
    .byte   0x1F, 0x1F, 0x01, 0xF0, 0xF1, 0x00, 0x00, 0x00, 0x00, 0x00, 0x00, 0x1F, 0xF1, 0xF0, 0x10, 0x1F
    .byte   0x00, 0x10, 0xF1,    0, 0x01, 0xF0, 0xF1, 0x00, 0x0F, 0x10, 0x00, 0xF1, 0x00, 0x00, 0x00, 0x00
    .byte   0x00, 0x1F, 0x00, 0xF1, 0x1F, 0x00, 0x00, 0xF1, 0x1F, 0x0F, 0x10, 0xF1, 0x00, 0x00, 0x00, 0xF1
    .byte   0xF1, 0x01, 0xF0, 0x00,    0, 0x00, 0x00, 0x00, 0x00, 0x00, 0x01, 0xF0, 0x00, 0x0F, 0x10, 0x01
    .byte   0xF0, 0x1F, 0x00, 0x00, 0x00, 0x0F, 0x10, 0x10, 0xF0, 0x00, 0x00, 0xF1, 0x00, 0x00, 0x1F, 0x1F
    .byte   0xF1, 0x0F, 0x10, 0x00, 0x00,    0, 0x00, 0x00, 0x1F, 0x00, 0x00, 0xF1, 0x01, 0xFF, 0x1F, 0x10
    .byte   0x00, 0x10, 0xF1, 0xF0, 0x0F, 0x10, 0x00, 0x00, 0x00, 0x00, 0x00, 0x00, 0x01, 0xF0, 0x00, 0x00
    .byte   0x00, 0x00, 0x01, 0xF0, 0x00, 0xF1,    0, 0x0F, 0x10, 0x00, 0xF1, 0x00, 0x00, 0x00, 0x00, 0x00
    .byte   0x00, 0x00, 0x00, 0x01, 0xF1, 0xF0, 0x00, 0x00, 0x00, 0xF0, 0x10, 0x00, 0x00, 0xF1, 0x01, 0xF1
    .byte   0xF0, 0x0F, 0x1F, 0x10, 0x00, 0xF1, 0x00,    0, 0x00, 0x00, 0x01, 0xF1, 0xF0, 0xF1, 0xF1, 0xF1
    .byte   0x00, 0xF1, 0xF0, 0x10, 0x00, 0xF1, 0x00, 0x0F, 0x11, 0xF0, 0x1F, 0x00, 0x00, 0xF0, 0x10, 0x1F
    .byte   0x00, 0x1F, 0x00, 0x00, 0xF1, 0x00, 0x00, 0x00,    0, 0x00, 0x00, 0x01, 0xF0, 0x0F, 0x10, 0x00
    .byte   0x00, 0x1F, 0x1F, 0x00, 0x1F, 0xF1, 0x00, 0x0F, 0x1F, 0x10, 0x00, 0x01, 0xF1, 0xF0, 0x0F, 0x10
    .byte   0x1F, 0x00, 0x01, 0xF1, 0xF0, 0x00, 0x10, 0xF0, 0x00,    0, 0x00, 0x01, 0x00, 0xF0, 0x1F, 0x00
    .byte   0xF1, 0x01, 0x0F, 0x00, 0x00, 0x00, 0x00, 0x00, 0x00, 0x00, 0x00, 0x01, 0xF1, 0xF0, 0x00, 0x00
    .byte   0x1F, 0x00, 0x00, 0x1F, 0x00, 0x00, 0x00, 0x00, 0x00, 0x00,    0, 0x00, 0x00, 0xF1, 0x01, 0xF0
    .byte   0x00, 0x00, 0x00, 0x00, 0x00, 0x00, 0xF1, 0x1F, 0x00, 0x0F, 0x01, 0x0F, 0x1F, 0x10, 0x01, 0xF0
    .byte   0x00, 0x00, 0x1F, 0x01, 0xF0, 0x00, 0x1F, 0x1F, 0x00, 0x00, 0x0F,    0, 0x00, 0x00, 0x00, 0x00
    .byte   0x00, 0x00, 0x00, 0x1F, 0x00, 0x00, 0x01, 0xF0, 0x1F, 0x0F, 0x10, 0x00, 0x00, 0x01, 0xFF, 0x11
    .byte   0xF0, 0x00, 0x0F, 0x10, 0xF1, 0xF1, 0x00, 0x00, 0xF0, 0x11, 0xF1, 0x0F,    0, 0x00, 0x00, 0x00
    .byte   0x0F, 0x01, 0x00, 0x00, 0x00, 0x1F, 0x0F, 0x10, 0x00, 0x01, 0xF1, 0xF0, 0x0F, 0x10, 0x00, 0x00
    .byte   0x1F, 0x00, 0x00, 0xF1, 0x00, 0x1F, 0x00, 0x00, 0x00, 0x01, 0xF0, 0x01, 0xF0,    0, 0x01, 0xF0
    .byte   0x00, 0x01, 0xF0, 0x00, 0xF1, 0x0F, 0x10, 0x00, 0x0F, 0x10, 0x01, 0xF1, 0xF0, 0x00, 0x1F, 0x00
    .byte   0x0F, 0x10, 0x00, 0x0F, 0x01, 0x0F, 0x11, 0xF1, 0xF0, 0x00, 0x01, 0x0F, 0x00, 0x00,    0, 0x00
    .byte   0x00, 0x00, 0x0F, 0x1F, 0x1F, 0x11, 0xF0, 0x00, 0xF1, 0x0F, 0x10, 0x0F, 0x10, 0x01, 0xF0, 0x1F
    .byte   0x00, 0x00, 0x00, 0xF1, 0x1F, 0x00, 0xF1, 0x00, 0x01, 0x0F, 0x00, 0xF1, 0x01, 0x00, 0xF0,    1
    .byte   0x0F, 0x00, 0x00, 0x00, 0x0F, 0x01, 0x00, 0xF0, 0x10, 0xF1, 0x00, 0x00, 0x00, 0x00, 0x00, 0x00
    .byte   0x00, 0x00, 0x00, 0x00, 0x00, 0xF1, 0x1F, 0x00, 0x00, 0x00, 0xF0, 0x1F, 0x1F, 0x10, 0x00, 0xF1
    .byte      0, 0x00, 0x00, 0x1F, 0x1F, 0xF1, 0x00, 0x00, 0x0F, 0x10, 0x1F, 0x00, 0x00, 0x00, 0x1F, 0x00
    .byte   0xF1, 0x00, 0xF1, 0xF1, 0x00, 0x1F, 0x1F, 0xF1, 0x00, 0xF1, 0x01, 0x0F, 0x00, 0x10, 0xF1, 0xF1
    .byte   0xF0,   -1, 0x01, 0x00, 0x1F, 0x01, 0x0F, 0x00, 0x00, 0x0F, 0x10, 0x01, 0xF1, 0xF0, 0x00, 0x01
    .byte   0x00, 0xF0, 0x00, 0x01, 0xFF, 0x10, 0x00, 0x1F, 0x00, 0x00, 0x00, 0x00, 0x00, 0x00, 0x00, 0x01
    .byte   0xF0, 0x00,    0, 0x00, 0x0F, 0x10, 0x10, 0x0F, 0x1F, 0x00, 0x1F, 0x00, 0x00, 0x00, 0xF1, 0xF1
    .byte   0x00, 0x00, 0x00, 0x01, 0xF1, 0xF0, 0x00, 0xF0, 0x00, 0x00, 0x00, 0x01, 0x00, 0x1F, 0x00, 0x11
    .byte   0x0F, 0x11, 0x01,    4, 0x0F, 0x01, 0x0F, 0x00, 0x1F, 0x0F, 0x00, 0xFF, 0x0F, 0x1F, 0xF0, 0xF0
    .byte   0xFF, 0x1F, 0x00, 0xFF, 0x0F, 0x0F, 0x0F, 0xFF, 0x0F, 0x0F, 0x01, 0x00, 0x01, 0xF0, 0x20, 0x21
    .byte   0x22, 0x22, 0x32, 0x22,   35, 0x02, 0x01, 0x2F, 0x21, 0x00, 0x0F, 0xEE, 0xED, 0xDE, 0xDE, 0xEE
    .byte   0xEE, 0x0E, 0xEE, 0xEE, 0xEE, 0xEE, 0xFE, 0x10, 0x00, 0x00, 0xFF, 0xFF, 0xFF, 0x12, 0x33, 0x44
    .byte   0x34, 0x33, 0x33, 0x12, 0x22,   75, 0x02, 0x32, 0x22, 0xFE, 0xDD, 0xCD, 0xCC, 0xDC, 0xEE, 0xEE
    .byte   0xFE, 0xEE, 0xDE, 0xEE, 0xE1, 0x23, 0x23, 0x32, 0x32, 0x21, 0x11, 0x02, 0x12, 0x22, 0x22, 0x12
    .byte   0xEF, 0xEE, 0xDE, 0xDE, 0xED, 0xFE,  -31, 0x0E, 0xEE, 0xEE, 0xDE, 0xEE, 0xEE, 0xF2, 0x33, 0x44
    .byte   0x34, 0x33, 0x33, 0x23, 0x23, 0x43, 0x33, 0x31, 0xFE, 0xDC, 0xDC, 0xCC, 0xDD, 0xEE, 0x10, 0x0F
    .byte   0xFD, 0xEE, 0xDE, 0xEF, 0x11, 0x22, 0x32,  -10, 0x02, 0x1F, 0xEE, 0xEE, 0xF0, 0x11, 0x21, 0x11
    .byte   0xEE, 0xDE, 0xDE, 0xEE, 0xEE, 0x10, 0x12, 0x23, 0x33, 0x33, 0x42, 0x33, 0x23, 0x33, 0x33, 0x33
    .byte   0x21, 0x1E, 0xDD, 0xCD, 0xCC, 0xDE, 0xDF, 0xF1,    0, 0x00, 0xEE, 0xEE, 0xEE, 0xE0, 0x12, 0x23
    .byte   0x22, 0x21, 0x11, 0xEE, 0xEE, 0xEF, 0xF0, 0x11, 0x00, 0xE0, 0xDE, 0xDE, 0xEE, 0xEF, 0xF0, 0x0F
    .byte   0xFF, 0xFF, 0x33, 0x34, 0x33, 0x43, 0x23, 0x23, 0x23,   74, 0x03, 0x42, 0x31, 0xEE, 0xDC, 0xCD
    .byte   0xCC, 0xED, 0xFE, 0x10, 0x0F, 0xED, 0xED, 0xEE, 0x01, 0x22, 0x32, 0x32, 0x1F, 0x0E, 0xDE, 0xDE
    .byte   0xEF, 0xF2, 0x11, 0x10, 0xEE, 0xED, 0xED, 0x0F, 0xF0, 0x20,  -54, 0x00, 0xEE, 0xF0, 0x23, 0x34
    .byte   0x34, 0x33, 0x33, 0x22, 0x33, 0x43, 0x43, 0x22, 0x0D, 0xDC, 0xCC, 0xCD, 0xCE, 0xE1, 0x01, 0xFE
    .byte   0xED, 0xDE, 0xDE, 0x0F, 0x33, 0x33, 0x22, 0x1F, 0xEE, 0xDE, 0xEE,  -24, 0x00, 0x01, 0x00, 0xFF
    .byte   0xED, 0xEE, 0xDF, 0xE0, 0x00, 0x01, 0x0E, 0xFE, 0xE2, 0x34, 0x34, 0x34, 0x33, 0x33, 0x23, 0x34
    .byte   0x44, 0x32, 0x10, 0xFE, 0xCC, 0xBC, 0xCC, 0xED, 0xFF, 0xFF, 0xEE, 0xDD,  -36, 0x0E, 0xE1, 0x23
    .byte   0x34, 0x33, 0x21, 0xEE, 0xED, 0xEE, 0xFF, 0x0F, 0xFF, 0xEE, 0xDE, 0xDE, 0xDE, 0x0E, 0x21, 0x00
    .byte   0x0F, 0xEE, 0xDD, 0xF2, 0x45, 0x44, 0x44, 0x33, 0x32, 0x22, 0x44, 0x53, 0x11,  127, 0x00, 0x00
    .byte   0xBB, 0xBC, 0xCD, 0xDF, 0xF0, 0xEE, 0xEC, 0xDD, 0xD0, 0x03, 0x44, 0x34, 0x32, 0xFE, 0xED, 0xEE
    .byte   0xE0, 0x10, 0xFE, 0xED, 0xDD, 0xDE, 0xDE, 0xEF, 0xF1, 0x21, 0x01, 0xEE, 0xED, 0xEE,  -93, 0x04
    .byte   0x55, 0x54, 0x33, 0x33, 0x12, 0x34, 0x45, 0x21, 0x10, 0x0F, 0xFB, 0xBB, 0xBD, 0xD0, 0xFE, 0xEF
    .byte   0xDD, 0xCC, 0xDF, 0x23, 0x44, 0x44, 0x32, 0x0E, 0xDE, 0xEE, 0x11, 0x10, 0xED, 0xDD, 0xCD,  -62
    .byte   0x0E, 0xEE, 0xFF, 0x10, 0x10, 0xFE, 0xEE, 0xDF, 0xEF, 0x24, 0x56, 0x54, 0x43, 0x31, 0xF2, 0x24
    .byte   0x54, 0x22, 0x00, 0x0F, 0xEB, 0xAB, 0xCE, 0xFF, 0xFD, 0xDC, 0xCC, 0xCD, 0xF3, 0x45, 0x44, 0x44
    .byte     38, 0x0E, 0xED, 0xF0, 0x20, 0x20, 0xEE, 0xCC, 0xCC, 0xCD, 0xEF, 0x0E, 0xDD, 0xFF, 0xF1, 0x01
    .byte   0x21, 0xED, 0xD0, 0x36, 0x65, 0x54, 0x33, 0x32, 0x13, 0x45, 0x31, 0x11, 0x00, 0x0F, 0xBA, 0xBC
    .byte   0xDE,   11, 0x0E, 0xDC, 0xDC, 0xCC, 0xD2, 0x44, 0x54, 0x44, 0x22, 0xFE, 0xE2, 0x33, 0x2F, 0xEC
    .byte   0xCB, 0xCC, 0xCD, 0x01, 0x1F, 0xDD, 0xCE, 0xDE, 0xE2, 0x23, 0x21, 0xDD, 0xF5, 0x66, 0x55, 0x44
    .byte   0x33, 0x22,   97, 0x05, 0x21, 0x00, 0x00, 0x00, 0xCA, 0xBC, 0xDD, 0xDD, 0xCC, 0xCC, 0xDD, 0x03
    .byte   0x44, 0x54, 0x32, 0x23, 0x23, 0x33, 0x33, 0x1D, 0xCC, 0xBB, 0xBD, 0xDE, 0xE0, 0xDD, 0xCC, 0xD0
    .byte   0xF1, 0x32, 0x20, -112, 0x0D, 0xEF, 0x15, 0x77, 0x65, 0x43, 0x2E, 0xE2, 0x54, 0x11, 0x00, 0x00
    .byte   0x0C, 0xAB, 0xCE, 0xED, 0xCC, 0xBB, 0xCC, 0xF3, 0x45, 0x55, 0x32, 0x11, 0x13, 0x44, 0x53, 0x3D
    .byte   0xCB, 0xBA, 0xCC, 0xCF,  -61, 0x00, 0xDC, 0xCB, 0xF1, 0xF0, 0x03, 0x30, 0xED, 0xEF, 0x12, 0x57
    .byte   0x77, 0x54, 0x0E, 0xE0, 0x45, 0x20, 0x00, 0x00, 0xFF, 0xBA, 0xCD, 0xEC, 0xCB, 0xAB, 0xBD, 0xE4
    .byte   0x55, 0x64, 0x30, 0x11, 0x33,   49, 0x05, 0x64, 0x1E, 0xCA, 0xAB, 0xBB, 0xE0, 0x1D, 0xCB, 0xBD
    .byte   0x0F, 0x00, 0x12, 0x3F, 0xDE, 0x1F, 0x1F, 0x57, 0x77, 0x64, 0x3F, 0xDE, 0x44, 0x20, 0x00, 0x00
    .byte   0x00, 0xAA, 0xD1, 0xFD, 0xBA, 0x9B, -125, 0x0F, 0xF3, 0x66, 0x64, 0x1E, 0xE2, 0x34, 0x57, 0x50
    .byte   0x0F, 0xBA, 0xAA, 0xCD, 0xF2, 0xDB, 0xBA, 0xE0, 0x01, 0x0F, 0x23, 0x0D, 0xE1, 0xF0, 0x03, 0x77
    .byte   0x77, 0x63, 0xEC, 0xD2, 0x52, 0x01, 0x00,  127, 0x00, 0xFA, 0xAC, 0x21, 0xEB, 0xAA, 0x9C, 0xE0
    .byte   0x27, 0x66, 0x42, 0x1D, 0x02, 0x46, 0x65, 0x00, 0xEB, 0xAA, 0xAC, 0xD2, 0xFC, 0xBB, 0xBE, 0x0F
    .byte   0x1F, 0x00, 0x00, 0x1F, 0x1F, 0x1F, 0x47, 0x77,   79, 0x05, 0x42, 0xEE, 0x13, 0x10, 0x00, 0x00
    .byte   0x0F, 0xCA, 0xBB, 0xCC, 0xDC, 0xBA, 0xBD, 0x13, 0x56, 0x55, 0x52, 0x22, 0x34, 0x55, 0x42, 0x11
    .byte   0xBA, 0xBA, 0xBC, 0xDD, 0xCC, 0xBC, 0xF0, 0x00, 0x00, -128, 0x01, 0xF0, 0x01, 0xF1, 0xF4, 0x77
    .byte   0x77, 0x54, 0x11, 0xDE, 0x32, 0x00, 0x00, 0x00, 0xFC, 0xAA, 0xAC, 0xDD, 0xDB, 0xBB, 0xD0, 0x34
    .byte   0x66, 0x65, 0x42, 0x32, 0x33, 0x44, 0x31, 0x1C, 0xAA, 0xAB,  -52, 0x0C, 0xCD, 0xDD, 0xCF, 0x00
    .byte   0x1F, 0x10, 0xF1, 0x0F, 0x1F, 0x1F, 0x57, 0x77, 0x66, 0x31, 0x0E, 0x10, 0x20, 0x00, 0x00, 0xF1
    .byte   0xBA, 0xAA, 0xDD, 0xDC, 0xCC, 0xCC, 0xE0, 0x55, 0x65, 0x55, 0x42,   69, 0x02, 0x34, 0x34, 0x0F
    .byte   0xBB, 0xAA, 0xBA, 0xCD, 0xDD, 0xDD, 0xEF, 0xF0, 0x00, 0x00, 0x00, 0x00, 0x1F, 0x56, 0x76, 0x77
    .byte   0x31, 0x10, 0x00, 0x00, 0x00, 0x00, 0x0F, 0x1A, 0x9B, 0xBC, 0xCD, 0xDD,  -78, 0x0C, 0xDF, 0x34
    .byte   0x45, 0x65, 0x44, 0x33, 0x33, 0x23, 0x0E, 0xDB, 0xBA, 0xBB, 0xBC, 0xCE, 0xDD, 0xE0, 0x00, 0x00
    .byte   0x00, 0x1F, 0x1F, 0x12, 0x66, 0x67, 0x66, 0x42, 0x10, 0xF1, 0x00, 0x00, 0x00,  127, 0x00, 0xFA
    .byte   0x9B, 0xAD, 0xCD, 0xFD, 0xDD, 0xCF, 0x23, 0x45, 0x65, 0x54, 0x43, 0x30, 0x22, 0x0F, 0xCC, 0xBB
    .byte   0xAB, 0xBC, 0xCC, 0xDF, 0x00, 0x1F, 0x01, 0xF0, 0x1F, 0x01, 0xF5, 0x65, 0x76, 0x65,  122, 0x02
    .byte   0x10, 0x00, 0x00, 0x00, 0x00, 0x00, 0xEA, 0xAA, 0xBB, 0xCE, 0xED, 0xDE, 0xDE, 0x13, 0x45, 0x55
    .byte   0x55, 0x43, 0x32, 0xFF, 0xED, 0xCC, 0xCB, 0xBB, 0xBB, 0xDC, 0xDF, 0x10, 0xF0, 0x00, 0x00, -127
    .byte   0x0F, 0x00, 0x46, 0x66, 0x67, 0x54, 0x21, 0x00, 0x00, 0x00, 0x00, 0x00, 0x0F, 0xBA, 0xAA, 0xCC
    .byte   0xDD, 0xEE, 0xDE, 0xDE, 0xF3, 0x45, 0x55, 0x55, 0x43, 0x22, 0x0D, 0xDD, 0xCC, 0xCC, 0xBC, 0xBC
    .byte   -105, 0x0C, 0xEF, 0xFF, 0x1F, 0x00, 0x00, 0x1F, 0x13, 0x56, 0x76, 0x66, 0x42, 0x2F, 0xF2, 0x10
    .byte   0x00, 0x00, 0x00, 0xED, 0xAA, 0xAB, 0xCE, 0xDF, 0xEE, 0xDC, 0xEE, 0x14, 0x45, 0x55, 0x54, 0x43
    .byte   0x1E,   75, 0x0D, 0xCD, 0xCC, 0xCC, 0xCC, 0xBD, 0xCC, 0xEF, 0xFF, 0x00, 0x00, 0x1F, 0x01, 0x25
    .byte   0x66, 0x76, 0x54, 0x32, 0x2E, 0x23, 0x10, 0x00, 0x00, 0x00, 0x0A, 0xAA, 0xBC, 0xDD, 0xEF, 0xDE
    .byte   0xDC, 0xE0,  -81, 0x04, 0x45, 0x55, 0x54, 0x42, 0xED, 0xDC, 0xDC, 0xCD, 0xDC, 0xCB, 0xCC, 0xCD
    .byte   0xE0, 0x00, 0x00, 0x00, 0x01, 0xF2, 0x46, 0x66, 0x66, 0x53, 0x30, 0x10, 0x31, 0x10, 0x00, 0x00
    .byte   0x0F, 0xBA, 0xAA,  -22, 0x0D, 0xDE, 0x0E, 0xED, 0xDC, 0xFF, 0x34, 0x55, 0x55, 0x54, 0x3F, 0xDD
    .byte   0xCD, 0xCD, 0xDC, 0xDC, 0xCC, 0xBD, 0xCD, 0xEF, 0x00, 0x00, 0x01, 0xF1, 0x13, 0x56, 0x66, 0x65
    .byte   0x53, 0x3E, 0x13, 0x10,  127, 0x00, 0x00, 0x00, 0x0E, 0xAA, 0xAB, 0xBD, 0xE1, 0x0F, 0xED, 0xCE
    .byte   0xD2, 0x34, 0x56, 0x56, 0x44, 0xFE, 0xDC, 0xCB, 0xDC, 0xDD, 0xDC, 0xCC, 0xCC, 0xDD, 0x1F, 0x00
    .byte   0x1F, 0x00, 0x1F, 0x25, 0x56,    0, 0x06, 0x65, 0x33, 0x2F, 0x03, 0x00, 0x00, 0x00, 0x0F, 0x1B
    .byte   0xAA, 0xAC, 0xCD, 0xF1, 0x1F, 0xED, 0xDD, 0xE1, 0x44, 0x55, 0x65, 0x43, 0x2E, 0xCC, 0xCB, 0xDC
    .byte   0xED, 0xDD, 0xCC, 0xCC, 0xCE, 0xFF, -128, 0x00, 0x00, 0x00, 0x11, 0x44, 0x56, 0x66, 0x64, 0x43
    .byte   0x2F, 0x22, 0x00, 0x00, 0x00, 0x0F, 0xFB, 0xAA, 0xAB, 0xCE, 0x00, 0x21, 0xED, 0xDE, 0xE2, 0x34
    .byte   0x55, 0x65, 0x44, 0xEE, 0xCC, 0xBC, 0xCD,  -22, 0x0E, 0xDD, 0xDC, 0xCC, 0xCD, 0xFF, 0x00, 0x01
    .byte   0x11, 0x11, 0x44, 0x56, 0x66, 0x55, 0x43, 0x12, 0x12, 0x00, 0x00, 0x00, 0x00, 0xFB, 0xAA, 0xAB
    .byte   0xCD, 0x12, 0x12, 0xEE, 0xDE, 0xD1, 0x34, 0x55,   23, 0x05, 0x54, 0x1F, 0xCC, 0xCB, 0xCC, 0xDD
    .byte   0xDE, 0xDD, 0xCD, 0xCD, 0xDE, 0x00, 0x1F, 0x11, 0x12, 0x44, 0x55, 0x66, 0x55, 0x44, 0x20, 0x20
    .byte   0x20, 0x00, 0x00, 0x00, 0x0D, 0xAA, 0x9C, 0xBC, 0x10,  -56, 0x03, 0x1F, 0xED, 0xD1, 0xF3, 0x45
    .byte   0x55, 0x54, 0x42, 0xDD, 0xBC, 0xBC, 0xCD, 0xDD, 0xED, 0xDD, 0xDC, 0xDD, 0xFF, 0xF1, 0xF1, 0x12
    .byte   0x34, 0x45, 0x65, 0x65, 0x45, 0x3F, 0x22, 0x20, 0x00, 0x00,  127, 0x00, 0xFF, 0xCA, 0xAA, 0xBB
    .byte   0xD0, 0xE2, 0x22, 0x1F, 0xDF, 0xF1, 0x34, 0x45, 0x55, 0x53, 0xFE, 0xCC, 0xBC, 0xBC, 0xCD, 0xEE
    .byte   0xEE, 0xDD, 0xDD, 0xCE, 0xFF, 0x01, 0x02, 0x24, 0x45, 0x55, 0x55,   66, 0x04, 0x43, 0x12, 0x32
    .byte   0x11, 0x00, 0x00, 0x00, 0x0B, 0xAA, 0xBB, 0xBD, 0xD0, 0x22, 0x22, 0xFE, 0x1F, 0x13, 0x34, 0x54
    .byte   0x54, 0x33, 0xFD, 0xCB, 0xCB, 0xCC, 0xCE, 0xEE, 0xEE, 0xDD, 0xDD, 0xDE, -128, 0x00, 0x00, 0x22
    .byte   0x44, 0x45, 0x65, 0x55, 0x44, 0x32, 0x22, 0x31, 0x00, 0x00, 0x00, 0x00, 0xBA, 0xAB, 0xBB, 0xCE
    .byte   0xF2, 0x31, 0x22, 0xFF, 0xF1, 0x23, 0x44, 0x54, 0x44, 0x32, 0xDC, 0xCB, 0xBC,  -42, 0x0C, 0xEE
    .byte   0xEE, 0xEE, 0xED, 0xDD, 0xDE, 0xF0, 0xF1, 0x04, 0x45, 0x56, 0x55, 0x55, 0x33, 0x22, 0x21, 0x21
    .byte   0x00, 0x00, 0x0F, 0xFB, 0xAA, 0xAB, 0xBD, 0xE0, 0x33, 0x23, 0x2F, 0xFF, 0xF2, 0x33,    4, 0x04
    .byte   0x54, 0x43, 0xFD, 0xCB, 0xBC, 0xBC, 0xDD, 0xEE, 0xFF, 0xEE, 0xDD, 0xDD, 0xEE, 0xF0, 0x02, 0x44
    .byte   0x55, 0x55, 0x65, 0x34, 0x32, 0x21, 0x32, 0x11, 0x00, 0x00, 0x00, 0xBA, 0xAA, 0xBB, 0xDD,  -73
    .byte   0x03, 0x33, 0x32, 0x12, 0xE0, 0x13, 0x34, 0x45, 0x44, 0x22, 0xDC, 0xCB, 0xBB, 0xCC, 0xDF, 0xF0
    .byte   0x1F, 0xED, 0xDD, 0xDD, 0x0E, 0x11, 0x14, 0x45, 0x46, 0x55, 0x54, 0x43, 0x22, 0x21, 0x32, 0x10
    .byte    127, 0x00, 0x0F, 0x1B, 0xBA, 0xAB, 0xBC, 0xD0, 0x23, 0x33, 0x3F, 0x2F, 0xF1, 0x23, 0x44, 0x44
    .byte   0x43, 0x2F, 0xCC, 0xBB, 0xBC, 0xCD, 0xEF, 0x11, 0x00, 0xED, 0xDD, 0xDE, 0xEE, 0x12, 0x34, 0x54
    .byte   0x55,   25, 0x05, 0x44, 0x33, 0x22, 0x13, 0x30, 0x00, 0x00, 0x00, 0xCB, 0xAA, 0xBB, 0xBD, 0xE1
    .byte   0x33, 0x34, 0x12, 0x2F, 0x02, 0x23, 0x44, 0x44, 0x33, 0x0D, 0xCB, 0xCB, 0xBC, 0xDD, 0xE0, 0x20
    .byte   0xFE, 0xED,  -98, 0x0D, 0xEE, 0xEF, 0x01, 0x34, 0x45, 0x55, 0x65, 0x44, 0x32, 0x21, 0x22, 0x31
    .byte   0x10, 0x00, 0xF0, 0xCA, 0xAB, 0xAB, 0xCE, 0xE3, 0x33, 0x42, 0x31, 0x0E, 0x0F, 0x33, 0x44, 0x44
    .byte   0x32, 0xED, 0xCB,   -2, 0x0B, 0xCC, 0xDD, 0x10, 0x21, 0xFE, 0xED, 0xDD, 0xEE, 0xEF, 0x11, 0x34
    .byte   0x54, 0x65, 0x55, 0x44, 0x32, 0x21, 0x22, 0x31, 0x00, 0x00, 0xFE, 0xBB, 0xAA, 0xBB, 0xCE, 0xE3
    .byte   0x33, 0x43, 0x32, 0xFE,  -13, 0x00, 0x23, 0x34, 0x44, 0x32, 0xFD, 0xCB, 0xBC, 0xBC, 0xDE, 0x01
    .byte   0x21, 0x10, 0xED, 0xDD, 0xED, 0xEF, 0x02, 0x34, 0x45, 0x55, 0x55, 0x44, 0x4E, 0x30, 0x13, 0x22
    .byte   0x20, 0x00, 0x0E, 0xBB, 0xAB,  -19, 0x0B, 0xCE, 0xE3, 0x33, 0x43, 0x23, 0xFE, 0xFF, 0xF3, 0x33
    .byte   0x44, 0x42, 0x1D, 0xCC, 0xBB, 0xBD, 0xCE, 0xFF, 0x22, 0x2F, 0xEE, 0xDD, 0xDE, 0xEE, 0xFF, 0x33
    .byte   0x45, 0x45, 0x56, 0x44, 0x33, 0x22,  104, 0x02, 0x32, 0x21, 0x10, 0x0F, 0xCB, 0xBA, 0xBA, 0xCD
    .byte   0xD2, 0x33, 0x44, 0x23, 0x2F, 0xFF, 0xF1, 0x33, 0x44, 0x33, 0x1E, 0xDC, 0xBC, 0xBC, 0xCD, 0xD1
    .byte   0x22, 0x20, 0x1E, 0xDD, 0xED, 0xED, 0x0F, -113, 0x02, 0x44, 0x55, 0x55, 0x54, 0x44, 0xE3, 0x1F
    .byte   0x23, 0x32, 0x00, 0x00, 0xFB, 0xBA, 0xAC, 0xBC, 0xDE, 0x33, 0x44, 0x32, 0x20, 0xEE, 0xE2, 0x23
    .byte   0x44, 0x34, 0x2F, 0xDC, 0xCB, 0xBC, 0xCD, 0xEE,  -70, 0x02, 0x12, 0xFE, 0xED, 0xDD, 0xEE, 0xEE
    .byte   0x11, 0x34, 0x45, 0x54, 0x64, 0x44, 0x31, 0x30, 0x23, 0x23, 0x11, 0x00, 0xFD, 0xBB, 0xAA, 0xCB
    .byte   0xDD, 0x13, 0x43, 0x43, 0x22, 0xEE, 0xFE, 0x22, 0x34,   38, 0x04, 0x22, 0xED, 0xCB, 0xCB, 0xCC
    .byte   0xEE, 0x12, 0x22, 0x2E, 0xFD, 0xDD, 0xDE, 0xEE, 0x01, 0x13, 0x44, 0x45, 0x55, 0x54, 0x43, 0x23
    .byte   0xF2, 0x31, 0x31, 0x00, 0x0F, 0xCB, 0xBA, 0xBB, 0xBE, 0xEF,  -47, 0x03, 0x34, 0x32, 0x2E, 0xEF
    .byte   0xF0, 0x33, 0x43, 0x42, 0x2D, 0xDC, 0xBC, 0xCB, 0xED, 0xE2, 0x22, 0x2F, 0xFE, 0xDD, 0xDD, 0xEE
    .byte   0x1F, 0x01, 0x34, 0x44, 0x55, 0x55, 0x44, 0x31, 0x3F, 0x23, 0x13,  127, 0x00, 0x0F, 0xFC, 0xBB
    .byte   0xAA, 0xCB, 0xDE, 0x14, 0x34, 0x42, 0x32, 0xEE, 0x0F, 0xF3, 0x33, 0x43, 0x3F, 0xFC, 0xCC, 0xBC
    .byte   0xCD, 0xEE, 0x21, 0x11, 0xEF, 0xED, 0xDD, 0xEF, 0xEF, 0xF0, 0x11, 0x44,  -53, 0x05, 0x56, 0x44
    .byte   0x52, 0x13, 0xE2, 0x2F, 0x42, 0x00, 0x0F, 0xCB, 0xBA, 0xBB, 0xBF, 0xD2, 0x43, 0x34, 0x31, 0x1E
    .byte   0xEF, 0xF1, 0x33, 0x44, 0x32, 0x2D, 0xDC, 0xBC, 0xCC, 0xDD, 0x00, 0x2F, 0x0F,  -65, 0x0E, 0xDD
    .byte   0xED, 0xFF, 0x0F, 0x02, 0x04, 0x44, 0x55, 0x55, 0x35, 0x32, 0x3E, 0x22, 0x23, 0x21, 0x0F, 0xEC
    .byte   0xBB, 0xAB, 0xCB, 0xED, 0x14, 0x33, 0x42, 0x22, 0xFF, 0xEE, 0x23, 0x34, 0x33, 0x3F,   52, 0x0C
    .byte   0xCC, 0xCC, 0xCD, 0xDF, 0x11, 0x02, 0xEE, 0xED, 0xED, 0xEE, 0x00, 0x10, 0x21, 0x43, 0x45, 0x46
    .byte   0x44, 0x53, 0x13, 0xE3, 0x1F, 0x40, 0x21, 0x0F, 0xCB, 0xCA, 0xBB, 0xBF, 0xDF, 0x33, 0x34,   -8
    .byte   0x03, 0x1E, 0x0F, 0x02, 0x23, 0x34, 0x32, 0x1F, 0xCD, 0xCB, 0xCD, 0xCE, 0xE1, 0x02, 0xFF, 0xEE
    .byte   0xDE, 0xED, 0xF0, 0xF0, 0xF2, 0x13, 0x43, 0x55, 0x46, 0x25, 0x31, 0x4E, 0x13, 0x13, 0x31, 0x11
    .byte    124, 0x0C, 0xBC, 0xBA, 0xCB, 0xDE, 0xE3, 0x23, 0x42, 0x21, 0x00, 0xF1, 0x22, 0x33, 0x43, 0x11
    .byte   0xED, 0xDC, 0xCC, 0xDD, 0xD0, 0xEF, 0xFE, 0xEE, 0xD0, 0xD0, 0xEF, 0x0F, 0x0F, 0xE0, 0x24, 0x35
    .byte   0x55,   38, 0x03, 0x54, 0x13, 0xFF, 0x3E, 0x33, 0x22, 0xF1, 0xDB, 0xCB, 0xAB, 0xCC, 0xD0, 0x23
    .byte   0x33, 0x32, 0x10, 0xEF, 0x10, 0x33, 0x34, 0x33, 0xFE, 0xEC, 0xCC, 0xCD, 0xDD, 0x0E, 0x1F, 0xE0
    .byte   0xDE, 0xED,  -86, 0x0F, 0xE1, 0x10, 0xF0, 0x00, 0x42, 0x55, 0x45, 0x53, 0x52, 0x32, 0xE3, 0xF1
    .byte   0x40, 0x30, 0xFE, 0xBC, 0xBB, 0xBB, 0xCE, 0xD2, 0x32, 0x33, 0x12, 0x0E, 0xFF, 0x13, 0x24, 0x34
    .byte   0x22, 0xFD, 0xDC,    2, 0x0C, 0xDD, 0xDE, 0xEF, 0xFE, 0xED, 0xEE, 0xEE, 0xEF, 0x01, 0x00, 0xF1
    .byte   0x13, 0x34, 0x54, 0x64, 0x45, 0x21, 0x3D, 0x32, 0xF4, 0x03, 0x2E, 0xFC, 0xCB, 0xBB, 0xBB, 0xEE
    .byte   0x02, 0x33, 0x31, 0x12,  -11, 0x0E, 0x10, 0x32, 0x34, 0x33, 0x20, 0xED, 0xCD, 0xCC, 0xDD, 0xFE
    .byte   0xE0, 0xEE, 0xFD, 0xEE, 0xD1, 0xF0, 0x1F, 0x1F, 0x11, 0x33, 0x45, 0x45, 0x53, 0x52, 0x23, 0xE2
    .byte   0x20, 0x41, 0x32, 0xFE, 0xCC,   65, 0x0B, 0xBB, 0xCD, 0xE0, 0x23, 0x22, 0x2F, 0x1E, 0xF2, 0xF3
    .byte   0x33, 0x43, 0x22, 0xEE, 0xDC, 0xDC, 0xDE, 0xDF, 0x0E, 0xEE, 0xDD, 0xED, 0xFE, 0x20, 0x02, 0xFF
    .byte   0xEE, 0xF3, 0x34, 0x54, 0x64, 0x35,   75, 0x01, 0x3D, 0x33, 0xF4, 0x23, 0x2F, 0xEC, 0xCB, 0xBB
    .byte   0xCC, 0xDD, 0x12, 0x22, 0x20, 0xF1, 0xE0, 0x21, 0x33, 0x34, 0x23, 0x2E, 0xFC, 0xDD, 0xDD, 0xDE
    .byte   0xE0, 0xDE, 0xED, 0xED, 0xE0, 0xE1, 0x2E,  -73, 0x0E, 0xFE, 0xE1, 0x33, 0x45, 0x45, 0x53, 0x42
    .byte   0xF3, 0xE3, 0x31, 0x43, 0x22, 0xFE, 0xCB, 0xCB, 0xBC, 0xCE, 0x0E, 0x22, 0xF2, 0xEE, 0x1E, 0x22
    .byte   0x23, 0x33, 0x32, 0x3F, 0xEE, 0xDD, 0xDE, 0xDE,  -24, 0x0E, 0xDE, 0xED, 0xED, 0xEE, 0x00, 0x11
    .byte   0x1F, 0xFE, 0x0E, 0xF4, 0x34, 0x54, 0x54, 0x24, 0xE2, 0x3E, 0x33, 0x34, 0x23, 0x2E, 0xDC, 0xCC
    .byte   0xAD, 0xCD, 0xD0, 0xE2, 0xFF, 0xFE, 0x0E, 0x11, 0x22,   -6, 0x03, 0x33, 0x12, 0x0E, 0xFD, 0xED
    .byte   0xEE, 0xED, 0xEE, 0xDE, 0xDE, 0xEE, 0xEF, 0xF1, 0xF1, 0x00, 0xEF, 0xF0, 0x33, 0x45, 0x35, 0x33
    .byte   0x4E, 0x23, 0xF3, 0x32, 0x43, 0x31, 0xDF, 0xCC, 0xCC, 0xCD,    5, 0x0E, 0x0D, 0x1E, 0xE0, 0xDE
    .byte   0x0E, 0x22, 0x23, 0x32, 0x31, 0x2F, 0xEF, 0xEE, 0xEE, 0xFE, 0xEE, 0xFD, 0xED, 0xEE, 0xEF, 0xFE
    .byte   0x0F, 0xFF, 0xEF, 0xFE, 0x13, 0x33, 0x53, 0x43, 0x24, 0x11, 0x32,   59, 0x04, 0x24, 0x32, 0x2F
    .byte   0xDD, 0xCC, 0xCC, 0xED, 0xD0, 0xEE, 0xED, 0xEE, 0xDF, 0x01, 0x32, 0x32, 0x23, 0x11, 0x0F, 0xEF
    .byte   0xE0, 0xEE, 0xFE, 0xEE, 0xFD, 0xEE, 0xEE, 0xE0, 0xF0, 0xFF, 0x00, 0xEF,  -59, 0x0E, 0x33, 0x24
    .byte   0x41, 0x42, 0x23, 0xD3, 0x32, 0x43, 0x34, 0x22, 0x2D, 0xED, 0xCD, 0xDD, 0xED, 0xFF, 0xDE, 0xDE
    .byte   0xDE, 0xEF, 0xF2, 0x22, 0x23, 0xF1, 0x0F, 0x0E, 0x0F, 0xFF, 0xFE, 0xFF, 0xEE,  -24, 0x0E, 0xEE
    .byte   0xEE, 0x00, 0xF0, 0x1F, 0x10, 0xF0, 0x0E, 0x32, 0x24, 0x22, 0x4E, 0x13, 0xE3, 0x22, 0x43, 0x33
    .byte   0x22, 0x0E, 0xED, 0xDD, 0xF0, 0xD1, 0xEE, 0xED, 0xDF, 0xDE, 0xE0, 0x11, 0x21, 0x12,   -3, 0x00
    .byte   0xEF, 0xFF, 0xF0, 0xF0, 0x0E, 0x01, 0xE0, 0xFE, 0xFE, 0xFF, 0xE1, 0x1F, 0x2F, 0x11, 0x0F, 0x1E
    .byte   0x02, 0x22, 0x22, 0x22, 0x21, 0x12, 0x2F, 0x42, 0x14, 0x02, 0x2E, 0x1F, 0xEF, 0xDF, 0x1E,   35
    .byte   0x0F, 0xDE, 0xFD, 0x2E, 0xEE, 0xE0, 0x2E, 0x2E, 0xE1, 0xFE, 0xFF, 0xE0, 0x10, 0x20, 0xEF, 0xFF
    .byte   0x02, 0xE1, 0x1E, 0x2F, 0x01, 0xFF, 0x1F, 0x01, 0xE1, 0x1F, 0xF1, 0x02, 0x00, 0x20, 0x20, 0x11
    .byte     -2, 0x01, 0x22, 0x22, 0x21, 0x21, 0x10, 0x1F, 0x01, 0xF0, 0xF0, 0x1F, 0xF0, 0xE0, 0x0E, 0x0F
    .byte   0x0E, 0x0F, 0xE0, 0x0E, 0xFE, 0xFF, 0x0F, 0xEF, 0xFF, 0xFE, 0x00, 0xF1, 0x0F, 0xF0, 0x01, 0x11
    .byte   0x01,  -14, 0x00, 0x11, 0x00, 0x11, 0x00, 0x10, 0x11, 0x01, 0x11, 0x01, 0x10, 0x11, 0x11, 0x02
    .byte   0x01, 0x11, 0x02, 0x00, 0x11, 0x00, 0x00, 0x00, 0x00, 0x1F, 0x0F, 0xFF, 0x0F, 0xF0, 0x0F, 0xFF
    .byte   0xFF, 0xFF,    1, 0x00, 0xE0, 0xFF, 0xFF, 0xFF, 0x0F, 0xF0, 0x00, 0xF0, 0x00, 0x00, 0x11, 0x01
    .byte   0x11, 0xF1, 0x11, 0x01, 0x01, 0x00, 0x11, 0x10, 0x01, 0x01, 0xF1, 0x10, 0x10, 0x01, 0x00, 0x1F
    .byte   0x1F, 0x00, 0x1F,    5, 0x01, 0xF0, 0x1F, 0x0F, 0x1F, 0x0F, 0x1F, 0x1F, 0x0F, 0x00, 0xF0, 0x0F
    .byte   0x0F, 0x10, 0xFF, 0x00, 0xF1, 0x00, 0x0F, 0x1F, 0x1F, 0x1F, 0x10, 0x00, 0x00, 0x00, 0xF1, 0x00
    .byte   0x00, 0x01, 0x0F, 0x01,   -1, 0x00, 0x00, 0x00, 0x1F, 0x10, 0xF1, 0x01, 0xF1, 0x00, 0x01, 0xF0
    .byte   0x01, 0xF0, 0x10, 0xF0, 0x01, 0x00, 0x00, 0x0F, 0x1F, 0x01, 0xF0, 0x01, 0xF0, 0x0F, 0x01, 0x0F
    .byte   0x01, 0xF0, 0x0F, 0x10, 0xF0,    0, 0x0F, 0x00, 0x0F, 0x00, 0x10, 0xF1, 0x00, 0x0F, 0x10, 0x00
    .byte   0x0F, 0x10, 0x00, 0x00, 0x00, 0x10, 0x0F, 0x1F, 0x1F, 0x11, 0x0F, 0x00, 0x00, 0x01, 0xF1, 0xF1
    .byte   0x00, 0xF1, 0xF0, 0x10, 0xF0, 0x01,    0, 0x0F, 0x10, 0xF1, 0x00, 0x00, 0xF1, 0xF0, 0x01, 0xF1
    .byte   0x0F, 0x1F, 0x00, 0x00, 0x10, 0xF1, 0x00, 0x0F, 0x1F, 0x10, 0xF1, 0x00, 0x1F, 0x00, 0xF1, 0x01
    .byte   0x0F, 0x01, 0x0F, 0x00, 0x10, 0x0F, 0x10,    0, 0x00, 0x10, 0x0F, 0x1F, 0x10, 0xF0, 0x01, 0x0F
    .byte   0x00, 0x00, 0x0F, 0x00, 0x1F, 0x00, 0xF1, 0x01, 0xF0, 0xF1, 0x00, 0x00, 0x0F, 0x1F, 0x00, 0x01
    .byte   0xF1, 0x1E, 0x01, 0x10, 0x00, 0xF0, 0x2F, 0x32,   44, 0x05, 0x88, 0x76, 0x86, 0x7A, 0xA5, 0x14
    .byte   0xDB, 0x65, 0x82, 0x7B, 0x97, 0x3A, 0x5E, 0xA4, 0x5A, 0x26, 0xCD, 0x5E, 0xB5, 0x0A, 0x56, 0x95
    .byte   0x78, 0xC7, 0x9F, 0x7A, 0xB6, 0xCA, 0x63, 0xB6, 0x3A,   -7, 0x04, 0xCD, 0x6E, 0xD3, 0x2B, 0xE4
    .byte   0xEC, 0x43, 0xB3, 0x2C, 0x03, 0xC3, 0x4E, 0x4D, 0xEE, 0x20, 0x33, 0x0E, 0xEE, 0xD3, 0x0D, 0x23
    .byte   0xB4, 0x3A, 0x51, 0xB4, 0x4B, 0x42, 0xC3, 0x3F, 0xF4, 0xDD,   11, 0x0F, 0xD3, 0xFD, 0x23, 0xC1
    .byte   0x2D, 0x14, 0xDD, 0x2E, 0x23, 0x22, 0xCE, 0x3E, 0x40, 0x01, 0xDF, 0xED, 0xE4, 0xD2, 0x4D, 0xC3
    .byte   0x0D, 0x24, 0xEF, 0x3C, 0xD4, 0xC1, 0x50, 0xD3, 0xDC, 0x21, 0x04,   11, 0x0D, 0xDF, 0xFE, 0x33
    .byte   0x11, 0x2C, 0xE2, 0xF2, 0x3F, 0xE2, 0xEC, 0x23, 0xE3, 0x2D, 0x1D, 0xE2, 0x21, 0x32, 0xDF, 0x0D
    .byte   0x12, 0x12, 0x2F, 0xEF, 0x1F, 0xFF, 0x22, 0xFF, 0xF0, 0xEE, 0x22, 0x12,    5, 0x0E, 0x0F, 0xDF
    .byte   0xF2, 0x32, 0x2D, 0xED, 0x12, 0x33, 0x1E, 0xED, 0xE2, 0x11, 0x32, 0x0E, 0xED, 0xE2, 0x12, 0x32
    .byte   0xEE, 0xDD, 0x12, 0x33, 0x2F, 0xDD, 0xE0, 0x33, 0x2E, 0xFE, 0xEE, 0xF1, 0x32,    9, 0x0F, 0xDE
    .byte   0xF1, 0x21, 0x21, 0xEF, 0xFE, 0x12, 0x12, 0x0F, 0xFE, 0xF0, 0x11, 0x0F, 0x11, 0x1F, 0xEF, 0x01
    .byte   0x2F, 0x00, 0xF1, 0x0F, 0x0F, 0x01, 0x2F, 0xFF, 0xF0, 0x10, 0x0E, 0x12, 0x0F, 0xFF,   -2, 0x01
    .byte   0x2F, 0x0F, 0x01, 0xFF, 0x0E, 0x02, 0x11, 0xF0, 0xE0, 0x10, 0x11, 0x10, 0x0E, 0x11, 0x10, 0x11
    .byte   0xF0, 0xF0, 0xF0, 0x10, 0x0F, 0x00, 0x10, 0x10, 0x00, 0x00, 0xF1, 0xF1, 0x01, 0xF0, 0x0F,    0
    .byte   0x00, 0x10, 0xF0, 0x10, 0xF0, 0x10, 0x01, 0xF1, 0xFF, 0x00, 0x00, 0x10, 0xF1, 0x00, 0xF0, 0x00
    .byte   0x10, 0x00, 0xF1, 0x0F, 0x1F, 0x10, 0x0F, 0x00, 0x00, 0x1F, 0x00, 0x1F, 0x1F, 0x01, 0x0F, 0x10
    .byte      1, 0x00, 0xF1, 0x0F, 0x1F, 0xF1, 0x0F, 0x10, 0x1F, 0xF0, 0x01, 0x0F, 0x11, 0x0F, 0x1F, 0x0F
    .byte   0x10, 0x00, 0xF1, 0x0F, 0x01, 0x1F, 0x0F, 0x1F, 0x01, 0xF1, 0x00, 0xF1, 0x00, 0xF1, 0xF1, 0x00
    .byte   0x00,    0, 0x0F, 0x01, 0x00, 0x0F, 0x01, 0x00, 0xF1, 0x00, 0x00, 0x00, 0x00, 0x01, 0xF0, 0x0F
    .byte   0x10, 0x0F, 0x10, 0x0F, 0x10, 0xF1, 0x00, 0x1F, 0x00, 0x00, 0x00, 0x00, 0xF1, 0x00, 0x00, 0x00
    .byte   0x0F, 0x10,    0, 0x00, 0x00, 0x00, 0x00, 0x00, 0x1F, 0x00, 0xF1, 0x00, 0x0F, 0x10, 0x1F, 0x00
    .byte   0x00, 0x0F, 0x10, 0x00, 0x00, 0x00, 0x1F, 0x01, 0xF0, 0x1F, 0x0F, 0x11, 0xF1, 0xF0, 0x1F, 0xF1
    .byte   0x01, 0xF0, 0x1F,    1, 0x0F, 0x01, 0xF0, 0x1F, 0x00, 0x10, 0xF0, 0x00, 0x00, 0xF1, 0x00, 0x00
    .byte   0x10, 0x00, 0x00, 0xF0, 0x00, 0x00, 0x00, 0x00, 0x1F, 0x1F, 0x00, 0x1F, 0x00, 0x01, 0x0F, 0x00
    .byte   0x00, 0x01, 0xF0, 0x00,    0, 0x00, 0x00, 0x1F, 0x0F, 0x01, 0x00, 0x00, 0x00, 0x00, 0x00, 0x1F
    .byte   0x1F, 0xF1, 0x01, 0xF0, 0x00, 0x00, 0x00, 0x00, 0x0F, 0x10, 0x00, 0x00, 0xF1, 0x00, 0x00, 0x1F
    .byte   0x00, 0x10, 0xF0, 0x00, 0x00,    1, 0x0F, 0x00, 0x1F, 0x1F, 0x00, 0xF1, 0xF0, 0x10, 0x01, 0xF0
    .byte   0x1F, 0x00, 0x0F, 0x10, 0x1F, 0x00, 0x00, 0x0F, 0x10, 0xF1, 0x00, 0x00, 0xF1, 0x00, 0x00, 0x00
    .byte   0x00, 0x00, 0x0F, 0x1F, 0x10, 0xF1,    0, 0x00, 0x00, 0x1F, 0x00, 0x00, 0x00, 0x01, 0xF0, 0x00
    .byte   0x01, 0xF0, 0x00, 0x10, 0xF1, 0xF0, 0x01, 0xF0, 0x00, 0x01, 0xF0, 0xF1, 0x00, 0x1F, 0x00, 0x1F
    .byte   0x00, 0x00, 0x00, 0x00, 0x00, 0x00, 0x1F,    0, 0x00, 0x00, 0x00, 0x00, 0xF1, 0x00, 0x00, 0x00
    .byte   0x00, 0xF1, 0x00, 0x00, 0x00, 0x0F, 0x1F, 0x10, 0x10, 0xF1, 0xF0, 0xF1, 0x00, 0x0F, 0x11, 0xF0
    .byte   0x00, 0x00, 0x1F, 0xF1, 0x10, 0xF0, 0x00, 0x1F,    0, 0x0F, 0x10, 0x0F, 0x10, 0x01, 0xF1, 0xF0
    .byte   0x00, 0x0F, 0x10, 0x0F, 0x10, 0x00, 0x00, 0x00, 0x00, 0x1F, 0x0F, 0x10, 0xF1, 0x00, 0xF1, 0x1F
    .byte   0x01, 0xF0, 0xF1, 0x00, 0x00, 0x00, 0x00, 0x00, 0xF1,    0, 0x00, 0x00, 0x0F, 0x1F, 0x10, 0x00
    .byte   0x00, 0x00, 0x00, 0x00, 0xF1, 0x1F, 0x10, 0x0F, 0xF0, 0x1F, 0x10, 0x00, 0x00, 0x00, 0x00, 0x01
    .byte   0xF0, 0x1F, 0xF0, 0x01, 0x00, 0x01, 0xF0, 0x00, 0x00, 0xF1,    0, 0x00, 0x01, 0xF0, 0x1F, 0x00
    .byte   0x00, 0x00, 0x00, 0xF1, 0x1F, 0xF1, 0x00, 0xF1, 0x00, 0x00, 0x00, 0x00, 0x00, 0x00, 0x00, 0x1F
    .byte   0x00, 0x0F, 0x10, 0x00, 0x00, 0x00, 0x00, 0x00, 0x00, 0x00, 0x00,    0, 0x00, 0x00, 0x00, 0x01
    .byte   0xFF, 0x10, 0x1F, 0xF0, 0x10, 0x00, 0x00, 0x0F, 0x10, 0xF0, 0x10, 0x1F, 0x00, 0x1F, 0xF0, 0x10
    .byte   0xF1, 0x00, 0x1F, 0xFF, 0xFF, 0xF3, 0x3D, 0xB0, 0x43, 0x33, 0x4C, 0x0E,   -6, 0x0E, 0xC2, 0x33
    .byte   0x40, 0x2D, 0xCC, 0xD2, 0x24, 0x03, 0x02, 0x1D, 0xF3, 0x10, 0x20, 0x1E, 0xED, 0x22, 0x0F, 0xE2
    .byte   0xF0, 0x01, 0x20, 0x0E, 0xFF, 0xF0, 0x10, 0x1F, 0x0F, 0x0F, 0x01, 0x10, 0x11,   -1, 0x01, 0x21
    .byte   0x10, 0xEF, 0xFF, 0x11, 0x11, 0x10, 0x01, 0x1F, 0xF1, 0x00, 0x00, 0xF0, 0x10, 0x00, 0xF0, 0xF0
    .byte   0x10, 0xF0, 0x00, 0xFF, 0xFF, 0x0F, 0x0E, 0x0F, 0xF0, 0x11, 0x0F, 0x1F, 0x0F, 0xFF,  -11, 0x0F
    .byte   0x00, 0x00, 0x10, 0x21, 0x22, 0x21, 0x12, 0x20, 0x11, 0x1F, 0x0E, 0x0F, 0xE1, 0x11, 0xF0, 0xF1
    .byte   0xF1, 0xF1, 0x11, 0x10, 0x00, 0xEE, 0x1E, 0xEF, 0xFF, 0xEE, 0x0F, 0xEE, 0xEF, 0xEF, 0xEF,  -40
    .byte   0x0E, 0xED, 0xEE, 0xD0, 0x11, 0x34, 0x45, 0x76, 0x63, 0x11, 0x0A, 0xAA, 0xAC, 0x04, 0x34, 0x21
    .byte   0x1D, 0xE2, 0x34, 0x44, 0x32, 0xCC, 0xCC, 0xCD, 0x23, 0x22, 0x1F, 0xED, 0xE2, 0x33, 0x43, 0x30
    .byte     39, 0x0C, 0xCC, 0xBC, 0xED, 0xDE, 0xFE, 0xDE, 0xFF, 0x02, 0x01, 0x23, 0x36, 0x77, 0x73, 0x2F
    .byte   0xE9, 0x89, 0xAD, 0x25, 0x65, 0x53, 0x2D, 0xDD, 0xF3, 0x34, 0x31, 0xCB, 0xCB, 0xCF, 0x44, 0x44
    .byte   0x3E,   18, 0x0C, 0xDE, 0x13, 0x34, 0x32, 0x21, 0xDD, 0xDD, 0xCD, 0xDE, 0xEE, 0xF0, 0x31, 0x33
    .byte   0x20, 0xDC, 0xCB, 0xDD, 0x13, 0x21, 0xFE, 0xF3, 0x57, 0x77, 0x52, 0x0E, 0x99, 0x99, 0xC3, 0x66
    .byte   0x65, 0x5F,   53, 0x0C, 0xDE, 0xF2, 0x43, 0xDC, 0xDC, 0xCE, 0x24, 0x43, 0x30, 0xDC, 0xCD, 0xE1
    .byte   0x24, 0x44, 0x23, 0xFE, 0xCD, 0xCC, 0xCD, 0xEF, 0x00, 0x34, 0x33, 0x1F, 0xCB, 0xBC, 0xCE, 0x11
    .byte   0x32, 0x13, 0x44,  -11, 0x07, 0x76, 0x20, 0xE9, 0x99, 0x9C, 0x26, 0x76, 0x54, 0x3C, 0xBC, 0xEE
    .byte   0x01, 0x3F, 0xCD, 0xDE, 0x23, 0x44, 0x2E, 0xDD, 0xBC, 0xD3, 0x33, 0x44, 0x32, 0xE2, 0xFD, 0xCC
    .byte   0xEC, 0xCE, 0x12, 0x23,   -9, 0x03, 0x10, 0xED, 0xCB, 0xCC, 0xDD, 0x33, 0x22, 0x12, 0x24, 0x57
    .byte   0x76, 0x41, 0xFB, 0x89, 0x9A, 0x36, 0x77, 0x55, 0x1C, 0xBB, 0xEE, 0xF1, 0x21, 0xCD, 0xE1, 0x23
    .byte   0x44, 0x1D, 0xCC, 0xCC, 0xD3,  -13, 0x03, 0x44, 0x31, 0xF2, 0x1D, 0xDC, 0xCC, 0xB1, 0x13, 0x34
    .byte   0x42, 0xFE, 0xDC, 0xCD, 0xCD, 0xDE, 0x2F, 0xE2, 0x0F, 0x03, 0x55, 0x77, 0x64, 0x0F, 0xA8, 0x9A
    .byte   0xC2, 0x57, 0x66, 0x32, 0xCC, 0xBF,   26, 0x01, 0xE0, 0xED, 0xED, 0x33, 0x34, 0x30, 0xCB, 0xCC
    .byte   0x0F, 0x44, 0x43, 0x12, 0x1D, 0xE2, 0xED, 0xCC, 0xDC, 0x23, 0x33, 0x32, 0x1E, 0xCD, 0xDD, 0xCD
    .byte   0xFD, 0x02, 0x12, 0xDE, 0xDF, 0x14, 0x57,   59, 0x07, 0x41, 0x1B, 0x89, 0xAB, 0xF4, 0x76, 0x54
    .byte   0x21, 0xCD, 0xDE, 0xDD, 0xED, 0x00, 0x03, 0x43, 0x2F, 0xDD, 0xBC, 0xE3, 0x31, 0x43, 0xF0, 0xF2
    .byte   0x31, 0x1E, 0xDB, 0xCC, 0xEF, 0x34, 0x42, 0xFF,   -7, 0x0D, 0xDE, 0xDD, 0xDC, 0xEE, 0x02, 0x30
    .byte   0xDD, 0xE0, 0x15, 0x67, 0x77, 0x21, 0xE9, 0x8A, 0xBC, 0x35, 0x65, 0x54, 0x22, 0xDD, 0xDC, 0xCC
    .byte   0xEE, 0x33, 0x34, 0x23, 0xDD, 0xDB, 0xEE, 0x11, 0x31,    5, 0x03, 0x12, 0x34, 0xED, 0xFC, 0xCC
    .byte   0xEE, 0x12, 0x32, 0x2F, 0xEF, 0x1D, 0xDD, 0xFC, 0xCD, 0x0E, 0xE2, 0x2F, 0xDD, 0x23, 0x35, 0x67
    .byte   0x76, 0x21, 0xB9, 0x9B, 0xB0, 0x25, 0x55, 0x43, 0x52, 0x1C,   56, 0x0C, 0xAC, 0xD1, 0x35, 0x43
    .byte   0x3E, 0xDC, 0xDD, 0xD0, 0xF2, 0xE0, 0x33, 0x43, 0x31, 0xFD, 0xCD, 0xDD, 0xEE, 0xE0, 0x22, 0x22
    .byte   0xFE, 0xEE, 0xCE, 0xDC, 0xEE, 0xFF, 0xEF, 0xFD, 0xDE, 0x23, 0x55,   -4, 0x07, 0x75, 0x2D, 0xAA
    .byte   0x9B, 0xE1, 0x3F, 0x64, 0x44, 0x45, 0xDC, 0xBC, 0xBC, 0xF3, 0x33, 0x22, 0x02, 0x0F, 0x2E, 0xDC
    .byte   0xCF, 0xE2, 0x34, 0x4F, 0x22, 0x20, 0xED, 0xDC, 0xBD, 0x03, 0x33, 0x31,   -1, 0x0E, 0xEE, 0xDD
    .byte   0xCC, 0xDD, 0xD2, 0x30, 0xED, 0xEE, 0x13, 0x56, 0x56, 0x74, 0x2E, 0xBB, 0xAC, 0xC1, 0x2D, 0x44
    .byte   0x45, 0x43, 0x2D, 0xCC, 0xCE, 0xD0, 0x2E, 0xE2, 0x24, 0x03, 0xFD, 0xDC, 0xEF,   -2, 0x00, 0xF1
    .byte   0x23, 0x23, 0x5F, 0xEC, 0xCC, 0xDE, 0xE2, 0xFE, 0x22, 0x30, 0x0E, 0xCD, 0xDC, 0xDE, 0xDF, 0xEE
    .byte   0xE1, 0x12, 0xF3, 0x44, 0x64, 0x76, 0xF2, 0xCE, 0xAC, 0xCD, 0x0B, 0x25, 0x45, 0x44,   75, 0x0E
    .byte   0xCD, 0x2E, 0xCF, 0xDC, 0xE1, 0x34, 0x12, 0xEF, 0xEE, 0x2D, 0xDD, 0xD2, 0x34, 0x32, 0x2F, 0xEE
    .byte   0xD1, 0xCD, 0xDD, 0x2F, 0x22, 0x01, 0xE2, 0xED, 0xDC, 0xCE, 0xED, 0xFE, 0xDE, 0x23, 0x24,  -60
    .byte   0x03, 0x55, 0x77, 0xDE, 0xCD, 0xCC, 0x1D, 0xDB, 0xD4, 0x54, 0x3E, 0x33, 0xF2, 0xF0, 0xDC, 0xCF
    .byte   0x2E, 0xF1, 0xE2, 0x1F, 0x12, 0xED, 0xEE, 0x12, 0xF3, 0x20, 0x13, 0x1F, 0xFC, 0xFD, 0xDE, 0xF0
    .byte    -21, 0x0F, 0x10, 0x0E, 0xEF, 0xDC, 0xD1, 0xDD, 0xED, 0x1E, 0xD2, 0x32, 0x45, 0x54, 0x75, 0x24
    .byte   0xC1, 0x2B, 0xCC, 0xDC, 0xD4, 0x24, 0x2F, 0x43, 0x23, 0xFE, 0xED, 0xEE, 0xED, 0xC1, 0x12, 0x2E
    .byte   0x1F,    7, 0x01, 0x22, 0xED, 0x33, 0x02, 0x12, 0xED, 0xEF, 0x0C, 0xDE, 0xE2, 0xEE, 0x2E, 0xEF
    .byte   0xFE, 0xDD, 0xDE, 0xED, 0x1D, 0xEF, 0xD2, 0x23, 0x44, 0x35, 0x75, 0x33, 0xE3, 0x2C, 0xCD, 0xCC
    .byte   0xD2, 0x22,    5, 0x01, 0x44, 0x22, 0xF0, 0x31, 0xEE, 0xDD, 0xE0, 0xDF, 0xFD, 0xE1, 0xF0, 0x20
    .byte   0xE1, 0x31, 0x32, 0xF3, 0xFE, 0xEE, 0xDD, 0xDE, 0xFD, 0xD1, 0x1E, 0xEF, 0xEF, 0xFC, 0x0F, 0xCF
    .byte   0x0D, 0xFD, 0xE0,  -96, 0x03, 0x44, 0x35, 0x74, 0x43, 0x34, 0x2C, 0xDD, 0xCC, 0xDF, 0xED, 0xD1
    .byte   0x43, 0xEF, 0x33, 0x32, 0xFF, 0xEF, 0xE2, 0xCD, 0xFD, 0x0E, 0xC0, 0x11, 0xE3, 0x30, 0x32, 0x33
    .byte   0xED, 0x00, 0xDD, 0xED,  -15, 0x0D, 0xD1, 0x0D, 0xD2, 0xFE, 0xED, 0xEF, 0xE1, 0xFD, 0xE0, 0x2F
    .byte   0xD2, 0x44, 0x34, 0x65, 0x33, 0x35, 0x2D, 0xEF, 0xFC, 0xDE, 0xED, 0xDE, 0x3F, 0xDF, 0x23, 0x21
    .byte   0xE3, 0x20, 0x12, 0xD1, 0xEF,   34, 0x0C, 0xDF, 0x2D, 0xD1, 0x21, 0x2F, 0x32, 0x00, 0x12, 0xDE
    .byte   0xEE, 0xFD, 0xDD, 0xFE, 0xDD, 0xEE, 0xFD, 0xEE, 0x00, 0x0E, 0x01, 0x2F, 0x03, 0x33, 0x34, 0x53
    .byte   0x42, 0x44, 0x02, 0x22, 0xEE, 0xD0,   58, 0x0D, 0xEE, 0xED, 0xD2, 0xE2, 0xFD, 0x31, 0x02, 0x12
    .byte   0xF2, 0x11, 0x1D, 0x00, 0xDE, 0xEE, 0xEF, 0xE1, 0x2E, 0xE2, 0x20, 0xD0, 0xF0, 0xEE, 0xEF, 0xDE
    .byte   0xFD, 0xDD, 0xED, 0x1D, 0x10, 0xE1, 0x22,  -73, 0x00, 0x13, 0x32, 0x24, 0x51, 0x33, 0x44, 0xFF
    .byte   0x33, 0x1E, 0x2E, 0x12, 0xD1, 0xFD, 0x1D, 0x1E, 0x10, 0xD2, 0xF1, 0x3D, 0xF2, 0x12, 0xDF, 0x01
    .byte   0xED, 0x11, 0xEE, 0xEE, 0x0F, 0xEE, 0xEE, 0xE1,  -17, 0x0F, 0xE0, 0x01, 0xFE, 0xEE, 0xDF, 0xEE
    .byte   0xED, 0xF0, 0xFE, 0x01, 0x21, 0xE2, 0x20, 0x32, 0x03, 0x34, 0x23, 0x23, 0x42, 0x23, 0x32, 0x21
    .byte   0x22, 0xFF, 0xF1, 0xED, 0xE0, 0xFE, 0xDE, 0x11, 0xEE,   27, 0x00, 0x1E, 0x01, 0x0E, 0x10, 0xEE
    .byte   0xEF, 0xFE, 0xEE, 0xEF, 0xFE, 0xF0, 0xEE, 0x2F, 0x0E, 0xF0, 0xFF, 0xEF, 0x00, 0xEE, 0xF0, 0xEE
    .byte   0x00, 0x1E, 0xF2, 0xF2, 0x21, 0x2F, 0x22, 0x31, 0x03, 0x12,    1, 0x02, 0x30, 0xE3, 0x32, 0xFE
    .byte   0x33, 0x0E, 0xE3, 0x1E, 0x20, 0x1E, 0xD3, 0x20, 0xDD, 0x22, 0x0D, 0x0E, 0xFE, 0x1F, 0xEE, 0xE2
    .byte   0x1D, 0xEF, 0xE0, 0xEE, 0xF1, 0xEF, 0x0F, 0xEF, 0x01, 0xFE, 0xE1,  -26, 0x0E, 0x01, 0x11, 0xE0
    .byte   0x10, 0x20, 0xF1, 0xE3, 0x21, 0xF0, 0xF0, 0x02, 0x20, 0xEF, 0x22, 0x20, 0x00, 0x11, 0xE1, 0x32
    .byte   0x1F, 0x11, 0x22, 0x31, 0xED, 0x23, 0x3F, 0xDD, 0x23, 0x10, 0xDD, 0x22,   30, 0x02, 0xCD, 0x22
    .byte   0x00, 0xED, 0xF1, 0x13, 0xDC, 0xF3, 0x3F, 0xCD, 0x23, 0x1F, 0xDE, 0x23, 0xFF, 0xEE, 0x12, 0x3E
    .byte   0xCF, 0xE3, 0x4F, 0xED, 0xE1, 0x34, 0xEC, 0xEE, 0x34, 0x2E, 0xEC, 0x24, 0x21,   -4, 0x0E, 0x12
    .byte   0x20, 0x01, 0x13, 0xDE, 0x02, 0x02, 0xE0, 0x1E, 0x30, 0xD3, 0x4D, 0xCD, 0x24, 0x3E, 0xDD, 0xE2
    .byte   0x43, 0xDB, 0xE3, 0x42, 0xDD, 0xE2, 0x14, 0xFC, 0x0E, 0x23, 0xDF, 0xF1, 0x3E, 0xDE,   -5, 0x03
    .byte   0x02, 0xDD, 0x24, 0xF0, 0xCD, 0x35, 0xED, 0xEE, 0x03, 0xE3, 0x2C, 0xE3, 0xF3, 0x1C, 0xF2, 0xD4
    .byte   0x3C, 0x1E, 0xD5, 0x1C, 0x30, 0xC3, 0x1E, 0x3E, 0xC4, 0x2D, 0x3E, 0xD1, 0x2D, 0x23, 0xE3,    9
    .byte   0x0B, 0x42, 0xC4, 0x2D, 0x0E, 0xD4, 0x3D, 0xEE, 0xC4, 0x3F, 0xFF, 0xC3, 0x3E, 0x3E, 0xC3, 0x01
    .byte   0x3E, 0xE2, 0xFE, 0x0F, 0x12, 0xF2, 0x1D, 0xE4, 0xF2, 0xCE, 0x22, 0x30, 0xED, 0xD4, 0x3F, 0x2D
    .byte     -4, 0x0F, 0x33, 0x1D, 0xEE, 0x02, 0x24, 0xDC, 0xD3, 0x33, 0xED, 0xD2, 0x13, 0x0E, 0xEE, 0x12
    .byte   0x3E, 0x2F, 0xDD, 0x23, 0xF0, 0xD3, 0x0E, 0x2E, 0x2E, 0xD2, 0x2E, 0x3F, 0xD3, 0xF0, 0x3E, 0xCF
    .byte   0x33,    7, 0x0E, 0xDE, 0x30, 0x3F, 0xCE, 0x12, 0x40, 0xD0, 0x00, 0xF1, 0x01, 0x2D, 0xE2, 0x33
    .byte   0x0D, 0xED, 0x33, 0x2D, 0xDE, 0x23, 0x10, 0x2D, 0xD3, 0x23, 0xDD, 0x10, 0x31, 0x1E, 0xD1, 0x22
    .byte   0x2D, 0x0E,   -7, 0x03, 0x3D, 0xD2, 0x22, 0x1E, 0x2D, 0xD3, 0x22, 0xEF, 0xFF, 0xD3, 0x31, 0xDD
    .byte   0x22, 0x3F, 0xEE, 0xD3, 0x22, 0x3C, 0xEE, 0x14, 0x0E, 0xD0, 0xD3, 0x3E, 0x21, 0xD1, 0xF0, 0x23
    .byte   0xEE, 0xD1, 0x32,    3, 0x0D, 0x11, 0xE3, 0x2F, 0x3D, 0xC0, 0x42, 0xE1, 0xC2, 0x02, 0x33, 0xCE
    .byte   0x2F, 0x3D, 0xE2, 0x23, 0xED, 0xE3, 0x12, 0x2D, 0xD1, 0x22, 0xFE, 0x1E, 0x13, 0x01, 0xEE, 0xF1
    .byte   0x10, 0x10, 0x01, 0xD2,    9, 0x0F, 0xDE, 0xE3, 0x3D, 0xE3, 0xEE, 0x3E, 0xD2, 0x2E, 0x4F, 0xC2
    .byte   0xD2, 0x23, 0xED, 0x2E, 0x13, 0xE3, 0xDB, 0x33, 0x40, 0xED, 0x1F, 0x23, 0xFC, 0xF3, 0x1D, 0x22
    .byte   0xE2, 0x3C, 0xD3, 0x13, 0x2D,  -12, 0x02, 0x32, 0x1E, 0xE2, 0xF0, 0x11, 0x1D, 0xE1, 0x32, 0xD0
    .byte   0x21, 0x1D, 0x33, 0xED, 0xD3, 0x20, 0x3D, 0xC4, 0x1D, 0x22, 0x11, 0xFE, 0x20, 0x2D, 0x0E, 0x13
    .byte   0xF0, 0xFD, 0x13, 0x3E, 0xDE, 0xE0,    2, 0x00, 0x10, 0xDE, 0x30, 0x33, 0xDC, 0xD2, 0x35, 0xCC
    .byte   0x3D, 0x32, 0x13, 0xDC, 0x03, 0x10, 0x0E, 0x11, 0x32, 0xFF, 0xEF, 0x0E, 0xD3, 0x2F, 0xF2, 0xE2
    .byte   0x2E, 0x2D, 0xE1, 0x3E, 0xF3, 0xDF, 0xEF,   10, 0x00, 0xC0, 0x20, 0x3F, 0x3E, 0xC2, 0x2F, 0xFE
    .byte   0x02, 0x12, 0x2D, 0xEE, 0x21, 0x22, 0xD0, 0x12, 0x21, 0xDF, 0xF2, 0x1F, 0xFF, 0x2E, 0x2E, 0xD3
    .byte   0x2F, 0xF0, 0x2F, 0xFE, 0xF2, 0x11, 0xEE, 0xD4,   -1, 0x02, 0x3D, 0xE0, 0xFF, 0x02, 0x3C, 0x02
    .byte   0xE3, 0xF1, 0x1D, 0xEE, 0x34, 0xE1, 0xDE, 0xF0, 0x13, 0xEF, 0xE2, 0xF2, 0x3F, 0xDD, 0x20, 0x12
    .byte   0x2F, 0xD2, 0x1F, 0x1D, 0x32, 0xDE, 0xF3, 0x32, 0xDE,   -4, 0x0E, 0x24, 0xDD, 0x0E, 0x24, 0xFD
    .byte   0x2D, 0x02, 0xF2, 0x3E, 0xD1, 0xDE, 0x33, 0x3D, 0xD1, 0x11, 0x31, 0xED, 0x11, 0x22, 0xD2, 0xE2
    .byte   0x2E, 0xE2, 0xE2, 0x3D, 0xE2, 0xE1, 0x31, 0xD1, 0xEE, 0x42,   -2, 0x0F, 0xEF, 0x4E, 0xD3, 0xD2
    .byte   0x12, 0x0D, 0x21, 0x3D, 0xD2, 0x1F, 0x32, 0xED, 0x12, 0x11, 0xE0, 0x01, 0x3F, 0xED, 0x13, 0xEE
    .byte   0x11, 0x02, 0x2F, 0xE2, 0xD0, 0x2F, 0x21, 0xD0, 0x2D, 0x42, 0xDF,   -6, 0x0D, 0x34, 0xC2, 0x3D
    .byte   0x32, 0xC2, 0x2D, 0x13, 0xE1, 0x2F, 0xD0, 0x13, 0x3C, 0xD0, 0x23, 0xE3, 0xFE, 0x1E, 0x0E, 0x3F
    .byte   0xE1, 0xDE, 0x33, 0x3E, 0xC1, 0x3E, 0x02, 0x1D, 0x0F, 0xF4, 0xEE, 0xEE,   -4, 0x02, 0x13, 0x2C
    .byte   0xD2, 0x3D, 0x33, 0xDE, 0xD3, 0x3E, 0xE0, 0xE2, 0x21, 0xEE, 0x1E, 0x4D, 0xE3, 0xE1, 0xE2, 0x1F
    .byte   0xE0, 0xF2, 0x1E, 0x22, 0xE2, 0xDE, 0x01, 0x32, 0xED, 0xFF, 0x42, 0xE0, 0xDC,   -8, 0x03, 0x22
    .byte   0xFE, 0xD2, 0x0E, 0x30, 0xE0, 0xC2, 0x42, 0x12, 0xCD, 0x03, 0x22, 0xEE, 0x02, 0x22, 0x0D, 0xE0
    .byte   0xFF, 0x32, 0xEE, 0xFF, 0x2F, 0x1F, 0x2E, 0xD2, 0xE3, 0x12, 0x0D, 0xF3, 0x02, 0xDF,   -2, 0x01
    .byte   0x0F, 0x2E, 0x12, 0x1F, 0xDE, 0x3E, 0xF3, 0x2F, 0x1E, 0xD2, 0x12, 0x2F, 0xCF, 0x32, 0x01, 0xD2
    .byte   0x3F, 0x0D, 0x0E, 0x22, 0x1F, 0xD0, 0x33, 0x0E, 0xEC, 0x24, 0xFF, 0xEE, 0xF2, 0x02, 0x1E,   -2
    .byte   0x01, 0x0F, 0x0F, 0x20, 0xE2, 0x20, 0xE2, 0xED, 0x31, 0xD1, 0x32, 0xD2, 0xED, 0x40, 0x00, 0xD1
    .byte   0x20, 0xE3, 0xEE, 0xFD, 0x14, 0x1F, 0x2E, 0xDF, 0x2E, 0x21, 0xF2, 0xF0, 0xF1, 0xE2, 0x10, 0xDF
    .byte     -4, 0x02, 0x1E, 0x20, 0xEF, 0x3F, 0xFD, 0x03, 0x12, 0xDF, 0xFE, 0x22, 0x12, 0xEE, 0x22, 0xEE
    .byte   0x01, 0xE1, 0x21, 0xF0, 0x11, 0x0E, 0xE2, 0x2D, 0xF3, 0x2E, 0x2E, 0x12, 0xEE, 0x21, 0xD2, 0x2D
    .byte   0x13,    4, 0x03, 0xCE, 0x2E, 0x32, 0xD2, 0xE1, 0x11, 0x0E, 0x3F, 0x0F, 0xD1, 0x3F, 0xFD, 0x20
    .byte   0x22, 0xE2, 0xD2, 0xF1, 0x1F, 0xE2, 0x11, 0x0F, 0x0E, 0x2F, 0x2E, 0x00, 0x11, 0x1E, 0xE0, 0xF0
    .byte   0x3E, 0x21,   -2, 0x03, 0xFE, 0xE1, 0x10, 0xF1, 0x02, 0xDD, 0x41, 0x2E, 0xED, 0x22, 0x2F, 0xE1
    .byte   0x21, 0xF2, 0xD0, 0x30, 0xE0, 0xDF, 0x4E, 0xEE, 0x21, 0xE2, 0xFF, 0x2D, 0x3E, 0xE2, 0x13, 0xD0
    .byte   0xEE, 0x32, 0xE2,   -2, 0x0D, 0x23, 0x1F, 0xFE, 0x30, 0xD1, 0x2E, 0xE2, 0xE2, 0x3E, 0xFF, 0x1F
    .byte   0xE3, 0xD1, 0xF1, 0x21, 0xD1, 0x11, 0x31, 0x1E, 0xDE, 0x32, 0xEF, 0xFD, 0x23, 0x21, 0xEE, 0xFE
    .byte   0xF4, 0x00, 0x1C, 0xD4,   -2, 0x02, 0x2D, 0xC4, 0x21, 0x2E, 0xE2, 0x0D, 0x30, 0xE3, 0x0D, 0xEF
    .byte   0x23, 0xE1, 0xEF, 0x12, 0xE2, 0xEF, 0x00, 0x1E, 0x3E, 0x21, 0xD2, 0x2F, 0xEE, 0x2F, 0x01, 0x13
    .byte   0xEE, 0x20, 0xED, 0x22, 0xFE,   -4, 0x03, 0x0E, 0x2D, 0x12, 0x1F, 0x0E, 0xD3, 0x30, 0x2D, 0xD2
    .byte   0x2E, 0x12, 0xDF, 0x33, 0x1D, 0xD0, 0x4D, 0x12, 0xE1, 0xFF, 0x2F, 0xFE, 0xE2, 0x13, 0xD1, 0x11
    .byte   0x3D, 0xED, 0x31, 0x23, 0xDE, 0xE2,    5, 0x01, 0xF1, 0xDE, 0xD3, 0x31, 0x00, 0xE2, 0xEE, 0x3E
    .byte   0xFE, 0x2E, 0x32, 0xD2, 0x1D, 0x22, 0xD3, 0xFD, 0x20, 0x01, 0x22, 0xF0, 0xDE, 0x22, 0x3E, 0xEE
    .byte   0x1F, 0x13, 0xD0, 0x1F, 0xEE, 0x33, 0x1E,    0, 0x0E, 0xE1, 0x23, 0xEE, 0xF2, 0x2F, 0x1F, 0xE1
    .byte   0xDE, 0x33, 0x0E, 0xFF, 0x1F, 0x02, 0x0E, 0xEE, 0x22, 0x2F, 0x11, 0xED, 0x03, 0x11, 0x0E, 0xFE
    .byte   0x23, 0xF0, 0xDE, 0x02, 0x12, 0x00, 0x1E, 0x11,    5, 0x0F, 0xF1, 0xD0, 0x10, 0x22, 0xEE, 0x21
    .byte   0x00, 0xFF, 0xF1, 0xF1, 0x1F, 0x01, 0x00, 0x1F, 0x20, 0xEF, 0x0F, 0x00, 0xF0, 0x2F, 0x11, 0x0F
    .byte   0x0F, 0x01, 0x0F, 0xFF, 0x11, 0x10, 0x0F, 0xF1, 0x00,    1, 0x00, 0x1E, 0xF1, 0x12, 0x10, 0xFF
    .byte   0xF0, 0x00, 0xFF, 0xFF, 0xF2, 0x11, 0xE1, 0xF0, 0x01, 0x11, 0x0E, 0x00, 0x22, 0xFF, 0xEF, 0xF0
    .byte   0x20, 0xE0, 0x02, 0xF1, 0x10, 0x0E, 0x02, 0x1F, 0x0F, 0xF0,    0, 0x01, 0x11, 0xFE, 0x10, 0x11
    .byte   0xF0, 0xF0, 0xF2, 0x00, 0x1E, 0x0F, 0x00, 0x20, 0xFF, 0xFF, 0x01, 0x21, 0x0E, 0xE0, 0xF1, 0x1F
    .byte   0x10, 0xF1, 0x02, 0x01, 0xF0, 0x01, 0xFF, 0x01, 0x10, 0xFF, 0x01,    2, 0x0F, 0x00, 0x01, 0x22
    .byte   0x0F, 0xF0, 0x11, 0xEF, 0x01, 0xF1, 0xF1, 0x0E, 0xE0, 0x11, 0x0E, 0xEF, 0xFE, 0x0F, 0xEE, 0xDE
    .byte   0x0F, 0xFF, 0xEF, 0x00, 0x02, 0x0F, 0x33, 0x44, 0x54, 0x34, 0x02, 0x20,   77, 0x0C, 0xDD, 0xED
    .byte   0xE0, 0x2F, 0x12, 0x22, 0x20, 0x01, 0x0E, 0xEE, 0xED, 0xDE, 0xDD, 0xCD, 0xFD, 0xDC, 0xDD, 0xDD
    .byte   0xDD, 0xEF, 0x00, 0x00, 0x01, 0x67, 0x77, 0x74, 0x21, 0x10, 0xEB, 0x99, 0xBC,  -38, 0x03, 0xBC
    .byte   0x25, 0x65, 0x13, 0x54, 0x53, 0x2C, 0xDD, 0xCF, 0xCA, 0xBC, 0xD2, 0x3F, 0x12, 0x44, 0x53, 0x42
    .byte   0x01, 0x2E, 0xBB, 0xBD, 0xEC, 0xCC, 0xCD, 0xD3, 0xEF, 0xDD, 0xE0, 0x14, 0x33, 0x67,   84, 0x06
    .byte   0x20, 0xF2, 0x0C, 0xAA, 0xAB, 0xCC, 0x3E, 0xC3, 0x55, 0x52, 0xE4, 0x64, 0x1E, 0xCF, 0x3E, 0xCC
    .byte   0xBB, 0xEE, 0xDE, 0xEF, 0x34, 0x45, 0x42, 0x43, 0x3E, 0xCB, 0xCC, 0xCC, 0xCB, 0xDF, 0xEC,  -99
    .byte   0x0E, 0xE0, 0xDD, 0xFF, 0x13, 0x53, 0x77, 0x77, 0x3D, 0x32, 0x0A, 0x9B, 0xCD, 0xBD, 0xDE, 0xE5
    .byte   0x53, 0x30, 0x36, 0x5E, 0xD1, 0x22, 0x3C, 0xCC, 0xBE, 0xFC, 0xCD, 0x32, 0x31, 0x34, 0x43, 0x22
    .byte     42, 0x00, 0x1D, 0xDC, 0xCC, 0xDC, 0xDD, 0xCD, 0xF1, 0xED, 0xED, 0xEE, 0xF4, 0x43, 0x67, 0x77
    .byte   0x4F, 0x32, 0x1C, 0xAC, 0xCB, 0xAB, 0x11, 0xD3, 0x43, 0x33, 0x45, 0x4F, 0x23, 0x43, 0xEC, 0xCF
    .byte   0xDC,    9, 0x0B, 0xDE, 0xEE, 0x01, 0x44, 0x44, 0x33, 0x32, 0xFD, 0xCC, 0xDC, 0xBC, 0xDD, 0xDC
    .byte   0xD1, 0x2D, 0xDD, 0xEF, 0x01, 0x44, 0x57, 0x77, 0x54, 0x03, 0xFE, 0xBC, 0xCB, 0xBA, 0xC2, 0xD1
    .byte   0x3E, 0x34,    5, 0x04, 0x40, 0x35, 0x3F, 0x3E, 0xED, 0xDC, 0xCB, 0xCD, 0xDD, 0xD0, 0x44, 0x34
    .byte   0x35, 0x32, 0xFE, 0xDD, 0xDB, 0xCC, 0xCD, 0xCC, 0xDE, 0xED, 0xDE, 0x1F, 0x10, 0x34, 0x45, 0x77
    .byte   0x73, 0x44, 0x00,  121, 0x0B, 0xEC, 0xAB, 0xA1, 0xFC, 0xE2, 0x03, 0x42, 0x34, 0x44, 0x42, 0x34
    .byte   0xFE, 0xEC, 0xDC, 0xBC, 0xCC, 0xDE, 0x22, 0x33, 0x44, 0x33, 0x32, 0xEE, 0xEC, 0xDC, 0xCD, 0xCB
    .byte   0xCC, 0xED, 0xDF, 0xF0, -128, 0x00, 0x12, 0x44, 0x57, 0x77, 0x44, 0x32, 0x1F, 0xC0, 0xBA, 0xAC
    .byte   0xED, 0xCF, 0xE0, 0x42, 0xE3, 0x44, 0x53, 0x15, 0x40, 0x0F, 0xDC, 0xCB, 0xCC, 0xBD, 0xD0, 0xF2
    .byte   0x34, 0x43, 0x34, 0x22, 0xFF,   31, 0x0E, 0xCC, 0xCC, 0xDC, 0xBC, 0xDD, 0xEF, 0xFF, 0x00, 0x03
    .byte   0x55, 0x77, 0x56, 0x53, 0x11, 0x1F, 0xFB, 0xBA, 0xBE, 0xCC, 0xDD, 0xF3, 0x0D, 0x34, 0x44, 0x44
    .byte   0x54, 0x22, 0x2E, 0xEC, 0xBC, 0xCC,  -17, 0x0C, 0xDF, 0x12, 0x23, 0x42, 0x43, 0x22, 0x20, 0xFD
    .byte   0xCD, 0xDC, 0xCB, 0xBD, 0xDC, 0x00, 0x00, 0x00, 0x04, 0x47, 0x75, 0x66, 0x51, 0x11, 0x0F, 0xEB
    .byte   0xBB, 0xDB, 0xBD, 0xDD, 0xEE, 0xD3, 0x43,   -9, 0x04, 0x45, 0x53, 0x34, 0x1F, 0xDC, 0xCC, 0xCB
    .byte   0xCC, 0xED, 0xDF, 0x23, 0x22, 0x43, 0x33, 0x22, 0x1E, 0xDD, 0xDC, 0xCB, 0xCD, 0xBC, 0xF1, 0xF1
    .byte   0xF0, 0x11, 0x67, 0x65, 0x67, 0x42, 0x11, 0x00,  124, 0x0C, 0xCC, 0xCA, 0xCC, 0xCE, 0xDC, 0xE3
    .byte   0x02, 0x34, 0x55, 0x35, 0x53, 0x31, 0xFD, 0xCC, 0xCB, 0xCD, 0xCC, 0xDD, 0x20, 0x11, 0x33, 0x33
    .byte   0x23, 0x30, 0xE1, 0xDD, 0xCC, 0xCC, 0xBB, 0xEE, 0x00, -127, 0x0F, 0x11, 0x57, 0x55, 0x67, 0x6F
    .byte   0x30, 0x00, 0x0E, 0xDD, 0xBB, 0xCC, 0xCC, 0xBC, 0x0F, 0xDE, 0x34, 0x44, 0x45, 0x54, 0x33, 0x30
    .byte   0x0C, 0xDC, 0xDC, 0xBC, 0xDD, 0xDD, 0xD1, 0x21, 0xF1, 0x33,  -21, 0x00, 0x23, 0x0E, 0xDD, 0xFC
    .byte   0xCC, 0xBC, 0xEE, 0x1F, 0x10, 0x46, 0x45, 0x66, 0x63, 0x35, 0x31, 0x00, 0x0F, 0xEB, 0xDC, 0xCB
    .byte   0xBB, 0xEC, 0xCD, 0x03, 0x33, 0x44, 0x54, 0x43, 0x43, 0x11, 0xDE,   68, 0x0D, 0xCD, 0xCD, 0xDC
    .byte   0xDD, 0xEE, 0xD1, 0x02, 0x20, 0x23, 0x20, 0xEF, 0xFE, 0xCC, 0xDC, 0xCC, 0xE1, 0x01, 0x35, 0x53
    .byte   0x56, 0x54, 0x35, 0x54, 0xF2, 0x21, 0x0E, 0xCE, 0xEB, 0xBB, 0xDC, 0xBC,  -53, 0x01, 0x2E, 0x23
    .byte   0x54, 0x34, 0x44, 0x3F, 0x20, 0x2E, 0xDD, 0xED, 0xDC, 0xDC, 0xEC, 0xDE, 0xD0, 0xE0, 0x21, 0x31
    .byte   0x10, 0x21, 0xDD, 0xDD, 0xCC, 0xDF, 0xED, 0x23, 0x54, 0x35, 0x55, 0x42, 0x55,  102, 0x01, 0x24
    .byte   0x20, 0xEE, 0x1D, 0xCB, 0xCC, 0xCB, 0xBE, 0xFD, 0xEE, 0x34, 0x33, 0x34, 0x34, 0x12, 0x32, 0x1F
    .byte   0xEE, 0xEE, 0xCD, 0xDD, 0xDC, 0xDE, 0xDE, 0xEF, 0xF2, 0xF0, 0x11, 0xF0, 0xED, 0xED,  -88, 0x0D
    .byte   0xD1, 0xEF, 0x04, 0x52, 0x35, 0x55, 0x13, 0x55, 0x3F, 0x44, 0x2F, 0xE2, 0xFD, 0xCB, 0xDD, 0xBB
    .byte   0xDE, 0xDD, 0xD1, 0x23, 0x12, 0x43, 0x32, 0x33, 0x23, 0xF1, 0x0F, 0x1D, 0xDD, 0xED, 0xDC,  -20
    .byte   0x0E, 0xDD, 0xEE, 0x1E, 0xEF, 0x10, 0xE0, 0xEE, 0xED, 0xED, 0xE0, 0xE0, 0x14, 0x51, 0x35, 0x45
    .byte   0xE3, 0x64, 0x12, 0x44, 0x3F, 0x12, 0x0D, 0xCC, 0xDC, 0xCB, 0xCF, 0xDD, 0xDF, 0x32, 0xF2, 0x33
    .byte     12, 0x01, 0x23, 0x32, 0xFF, 0x30, 0xEE, 0xEF, 0xDD, 0xDD, 0xDD, 0xDE, 0xDF, 0xEE, 0xE0, 0xFE
    .byte   0xFF, 0xEE, 0xDE, 0xED, 0xE2, 0x0F, 0x14, 0x5F, 0x34, 0x54, 0xE4, 0x54, 0x31, 0x45, 0x0E, 0x23
    .byte   0xED,   96, 0x0C, 0xEC, 0xCC, 0xCD, 0xDD, 0xDE, 0x30, 0x01, 0x33, 0x12, 0x23, 0x32, 0x22, 0x02
    .byte   0x0E, 0xEE, 0xED, 0xDD, 0xDD, 0xDD, 0xE0, 0xDE, 0xEF, 0xFE, 0xEF, 0xFE, 0xDF, 0xEE, 0xE1, 0x01
    .byte   0x04, 0x5F,  -44, 0x04, 0x53, 0x23, 0x54, 0x23, 0x44, 0x3E, 0x23, 0x0D, 0xCD, 0xDD, 0xBC, 0xDD
    .byte   0xDC, 0xD1, 0x2F, 0xE1, 0x32, 0x12, 0x23, 0x22, 0x22, 0x22, 0x1E, 0x1F, 0xDE, 0xDE, 0xDE, 0xDD
    .byte   0xEE, 0xDE, 0xEE,  -57, 0x0E, 0xEE, 0xEE, 0xFD, 0xEF, 0xD2, 0x20, 0x13, 0x52, 0x24, 0x44, 0x32
    .byte   0x54, 0x23, 0x35, 0x3E, 0x23, 0x2D, 0xDD, 0xEC, 0xCC, 0xDD, 0xCD, 0xDE, 0x0E, 0xF0, 0x22, 0x11
    .byte   0x32, 0x22, 0x32, 0x21,   34, 0x00, 0xFF, 0xEE, 0xED, 0xED, 0xDE, 0xDE, 0xDD, 0xFF, 0xDE, 0xE0
    .byte   0xEE, 0xEE, 0xEE, 0xD2, 0x10, 0x12, 0x53, 0x14, 0x44, 0x32, 0x45, 0x23, 0x34, 0x40, 0x23, 0x2E
    .byte   0xDD, 0xEC, 0xDC, 0xCD, 0xCD,   -6, 0x0D, 0x10, 0xE0, 0x12, 0x2F, 0x23, 0x12, 0x22, 0x3F, 0x22
    .byte   0xF0, 0xEE, 0xED, 0xED, 0xED, 0xEE, 0xDD, 0xFE, 0xEE, 0xD1, 0xFD, 0xEE, 0xEE, 0xD0, 0x21, 0x02
    .byte   0x45, 0xE3, 0x45, 0x30, 0x35, 0x42,   67, 0x04, 0x43, 0xE3, 0x22, 0xDD, 0xDD, 0xDC, 0xBD, 0xDD
    .byte   0xCE, 0xE1, 0xEE, 0x03, 0x12, 0xE3, 0x31, 0x22, 0x32, 0x12, 0xF0, 0xFE, 0xEE, 0xDE, 0xDD, 0xED
    .byte   0xEE, 0xDE, 0xFD, 0xEF, 0xEE, 0xDF, 0xEE,  -93, 0x0E, 0x22, 0xE2, 0x35, 0x30, 0x44, 0x51, 0xE5
    .byte   0x52, 0x13, 0x44, 0x10, 0x32, 0x1C, 0xDE, 0xDC, 0xCC, 0xDD, 0xCD, 0xD2, 0x0E, 0xE2, 0x31, 0xF2
    .byte   0x23, 0x2F, 0x32, 0x22, 0xF0, 0x0F, 0xDE, 0xED,   -2, 0x0D, 0xDE, 0xEE, 0xDE, 0xEE, 0xEE, 0xEF
    .byte   0xEE, 0xEE, 0xEE, 0xE1, 0x20, 0x13, 0x53, 0xF4, 0x45, 0xF1, 0x54, 0x33, 0x25, 0x3F, 0x13, 0x2E
    .byte   0xCE, 0xDC, 0xDC, 0xCD, 0xCD, 0xDE, 0xFF, 0xF0, 0x12,   -9, 0x02, 0x12, 0x23, 0x20, 0x32, 0x21
    .byte   0xE2, 0xFD, 0xED, 0xED, 0xDE, 0xDD, 0xED, 0x0E, 0xDF, 0xEE, 0x1D, 0xEE, 0xE1, 0xDF, 0x21, 0x12
    .byte   0x45, 0xE3, 0x44, 0x5D, 0x35, 0x43, 0x13, 0x52, 0x12, 0x22,  110, 0x0C, 0xFC, 0xDC, 0xCC, 0xDD
    .byte   0xDD, 0xE1, 0x2E, 0x01, 0x32, 0xF2, 0x23, 0x21, 0x22, 0x3F, 0xFF, 0xFE, 0xED, 0xDE, 0xDE, 0xDD
    .byte   0xED, 0x0F, 0xDE, 0xEF, 0x0D, 0xEF, 0xEE, 0xEE, 0x21, 0x0F, 0x45,  -45, 0x0F, 0x45, 0x42, 0xF5
    .byte   0x53, 0x01, 0x54, 0xF0, 0x02, 0x0D, 0xCC, 0xDD, 0xCB, 0xDD, 0xED, 0xCF, 0x32, 0x1E, 0x23, 0x22
    .byte   0x12, 0x23, 0x20, 0x02, 0x3D, 0xFE, 0xEE, 0xDD, 0xDE, 0xED, 0xDE, 0xFE,  -50, 0x0D, 0xFF, 0x1E
    .byte   0xDE, 0xFE, 0xEE, 0xE2, 0x00, 0x34, 0x41, 0x34, 0x53, 0xF4, 0x54, 0x21, 0x44, 0x31, 0x1E, 0x2E
    .byte   0xDC, 0xCD, 0xDC, 0xCC, 0xD0, 0xDD, 0xE2, 0x30, 0xF2, 0x32, 0x21, 0x22, 0x22,   25, 0x0F, 0x01
    .byte   0xFF, 0xDD, 0xEE, 0xDD, 0xDF, 0xED, 0xEE, 0x00, 0xEE, 0x10, 0xFE, 0xFE, 0x0E, 0xF2, 0x00, 0x14
    .byte   0x32, 0x14, 0x43, 0x23, 0x44, 0x32, 0x33, 0x33, 0x10, 0xEF, 0x0D, 0xCD, 0xDD, 0xDC,    7, 0x0E
    .byte   0xEF, 0xEF, 0xF2, 0x2F, 0xF0, 0x02, 0xE0, 0x01, 0x0E, 0xF0, 0x0F, 0xEE, 0x1F, 0xFE, 0x1F, 0x12
    .byte   0x11, 0x02, 0x20, 0xFF, 0x20, 0x0F, 0xE1, 0x1E, 0x0E, 0x0E, 0x1E, 0xE0, 0xEF, 0x0F, 0xF1,  -31
    .byte   0x00, 0x21, 0x12, 0x12, 0x22, 0x22, 0x22, 0x22, 0x22, 0x21, 0x20, 0x11, 0x10, 0x1F, 0x00, 0x1F
    .byte   0xFF, 0x0F, 0xE0, 0xFE, 0x0E, 0xE0, 0xEE, 0xFE, 0xEF, 0xEE, 0xFE, 0xFE, 0xFE, 0x1F, 0xF0, 0x1F
    .byte    -24, 0x00, 0x11, 0x10, 0x20, 0x10, 0x20, 0x11, 0x10, 0x11, 0x0F, 0x10, 0xF0, 0xF0, 0x01, 0xF0
    .byte   0x11, 0x01, 0x02, 0x00, 0x02, 0x10, 0x21, 0x02, 0x11, 0x11, 0x11, 0x11, 0x10, 0xF1, 0xF0, 0xF0
    .byte   0xFF,   16, 0x0F, 0x0E, 0xF0, 0xFE, 0x0E, 0x0F, 0x0E, 0xFF, 0xFF, 0xF0, 0xFF, 0x0F, 0x00, 0x01
    .byte   0x01, 0x01, 0x01, 0x01, 0x11, 0x01, 0xF1, 0x01, 0x01, 0x01, 0x0F, 0x10, 0x00, 0xFF, 0x10, 0x00
    .byte   0x00, 0x00,   -1, 0x00, 0x10, 0x10, 0x10, 0x11, 0xF1, 0x10, 0x11, 0x00, 0x1F, 0x10, 0xF1, 0xF1
    .byte   0xFF, 0xF0, 0xF0, 0xF0, 0xFF, 0xFF, 0x0F, 0x0F, 0xF0, 0xF0, 0x0F, 0x01, 0x0F, 0x01, 0x1F, 0x10
    .byte   0x1F, 0x10, 0x01,   -2, 0x01, 0x01, 0xF0, 0x01, 0x00, 0x00, 0x01, 0xF1, 0x00, 0x00, 0x1F, 0x00
    .byte   0x00, 0x0F, 0x10, 0x00, 0xF1, 0xF1, 0xF0, 0x1F, 0x1F, 0x00, 0x01, 0xF1, 0xF1, 0x00, 0x0F, 0x10
    .byte   0x00, 0xF1, 0x0F, 0x1F,    0, 0x0F, 0x1F, 0x01, 0xF0, 0x0F, 0x1F, 0x00, 0x00, 0x10, 0xF0, 0x01
    .byte   0xF1, 0xF1, 0x00, 0x01, 0x1F, 0x1F, 0x11, 0xF0, 0x00, 0x1F, 0x1F, 0x1F, 0x1F, 0x00, 0x1F, 0x00
    .byte   0xF1, 0x0F, 0x01, 0xF0, 0x1F,   -1, 0x01, 0x00, 0x1F, 0x00, 0x00, 0x1F, 0x00, 0x00, 0xF0, 0x1F
    .byte   0x00, 0x01, 0xF0, 0x1F, 0xF1, 0xF0, 0x01, 0xF1, 0x00, 0x00, 0x01, 0xF0, 0x1F, 0x01, 0x00, 0x00
    .byte   0x1F, 0x10, 0x00, 0x0F, 0x10, 0xF1,    1, 0x00, 0x01, 0xF0, 0xF1, 0xF0, 0x00, 0x00, 0x00, 0x01
    .byte   0xF0, 0xF1, 0xF0, 0x10, 0xF0, 0x00, 0x10, 0x01, 0xF0, 0x01, 0xF0, 0x0F, 0x01, 0x1F, 0x1F, 0x00
    .byte   0x1F, 0x01, 0x0F, 0xF2, 0xE1, 0x1F, 0xF1,   -1, 0x01, 0x00, 0xF0, 0xFF, 0x11, 0xF0, 0x1F, 0x0E
    .byte   0x01, 0x2B, 0x67, 0xBA, 0x5C, 0xB5, 0x30, 0x1A, 0xA6, 0x7C, 0xBE, 0xB4, 0x4E, 0x2D, 0x4D, 0x76
    .byte   0x88, 0x7E, 0x87, 0x68, 0x77, 0xB4, 0x48, 0xD4,  -46, 0x06, 0x5D, 0xB7, 0x2C, 0x4E, 0x3D, 0x9B
    .byte   0x6D, 0x51, 0x96, 0xFC, 0x5C, 0xB3, 0x43, 0x43, 0xCC, 0x4E, 0x43, 0xAE, 0x4E, 0x53, 0xA3, 0xB0
    .byte   0x53, 0x1B, 0xEF, 0x45, 0xDC, 0xBD, 0x45, 0x4D, 0xAD,   -5, 0x04, 0x34, 0xAA, 0x45, 0x42, 0xBA
    .byte   0x46, 0x31, 0xCA, 0x45, 0xD4, 0xDB, 0xD4, 0x52, 0xDA, 0xD5, 0x34, 0xEB, 0xC3, 0x44, 0x3B, 0xC1
    .byte   0x34, 0x4C, 0xB1, 0x33, 0x4F, 0xBD, 0x23, 0x41, 0xBD, 0x23,    9, 0x02, 0xCD, 0x03, 0x33, 0xDC
    .byte   0x22, 0x32, 0xDE, 0x11, 0x23, 0xED, 0xF1, 0x13, 0xED, 0xE2, 0x22, 0xFE, 0xE2, 0x12, 0x2E, 0xD1
    .byte   0x22, 0x2E, 0xD1, 0x12, 0x2E, 0xEE, 0x02, 0x0F, 0xEF, 0x10, 0x10,   -6, 0x0F, 0xE1, 0x11, 0x0F
    .byte   0x01, 0x20, 0xE0, 0x21, 0x00, 0xF1, 0x12, 0x1F, 0xEF, 0x22, 0xFE, 0xF2, 0x2F, 0x12, 0x20, 0x02
    .byte   0x21, 0xEE, 0x21, 0x0E, 0xE2, 0xFE, 0xF0, 0xF0, 0xDF, 0xFF, 0x11, 0xEE,   -9, 0x01, 0x2F, 0xEE
    .byte   0xEF, 0xE0, 0xEE, 0xDF, 0xF2, 0xEE, 0xEF, 0x20, 0x10, 0xE1, 0x23, 0x3F, 0x31, 0x44, 0x42, 0x32
    .byte   0x43, 0x23, 0xEE, 0xEF, 0x3D, 0xCD, 0xD0, 0xED, 0xED, 0xDE, 0x12, 0x0E, 0xE3,   15, 0x03, 0x11
    .byte   0x02, 0x2E, 0xFE, 0xDD, 0xDE, 0xED, 0xDD, 0xFE, 0xEE, 0xE0, 0x00, 0xFF, 0xEE, 0xEF, 0xEE, 0xDF
    .byte   0xF0, 0x22, 0x33, 0x44, 0x45, 0x54, 0x33, 0x33, 0x3F, 0xED, 0xDD, 0xDF, 0xDC, 0xCD,    4, 0x01
    .byte   0xDE, 0xE1, 0x33, 0x32, 0x32, 0x33, 0x3E, 0xED, 0xDF, 0xDD, 0xCD, 0xDE, 0xFE, 0x13, 0x23, 0x22
    .byte   0x33, 0x21, 0x11, 0xED, 0xEE, 0xDC, 0xDD, 0xED, 0xDE, 0xEE, 0xEE, 0xFE, 0xF0, 0x22, 0x21,  -67
    .byte   0x03, 0x33, 0x43, 0x32, 0x55, 0x4E, 0xE0, 0x31, 0xE0, 0xED, 0xDE, 0x21, 0xDC, 0xF2, 0x2F, 0xFF
    .byte   0x02, 0x23, 0x2E, 0xEF, 0x10, 0xED, 0xED, 0xDF, 0xEF, 0xEE, 0xF2, 0x32, 0x23, 0x30, 0x21, 0x10
    .byte     22, 0x0E, 0xEF, 0xDD, 0xDE, 0xED, 0xDE, 0xEE, 0xEE, 0x0F, 0xF0, 0xE0, 0x10, 0xEF, 0xF0, 0xF0
    .byte   0x33, 0x43, 0x44, 0x45, 0x32, 0x3F, 0x3F, 0xEF, 0xDD, 0xCE, 0x11, 0xDD, 0xD2, 0x22, 0x2F, 0x12
    .byte   0x03,   38, 0x01, 0x1E, 0xEE, 0xEF, 0xDD, 0xDD, 0xFE, 0x01, 0xF3, 0x12, 0x33, 0x32, 0xEF, 0xFF
    .byte   0xEE, 0xDD, 0xED, 0xE1, 0x0E, 0xEE, 0xD1, 0xEF, 0xFE, 0xFE, 0xE0, 0xE2, 0xFF, 0xDD, 0xF2, 0x34
    .byte   0x23, 0x44,   10, 0x04, 0x63, 0x10, 0xD1, 0x1F, 0xED, 0xCC, 0xD2, 0x22, 0xDE, 0x12, 0x33, 0x12
    .byte   0xFE, 0x12, 0x2E, 0xED, 0xED, 0xEE, 0xEE, 0xDE, 0x02, 0x32, 0x23, 0x22, 0x22, 0x2F, 0xDE, 0xED
    .byte   0xEE, 0xEE, 0xEE,  -19, 0x01, 0x1E, 0xFE, 0xEE, 0xD0, 0xEE, 0xE0, 0x0E, 0xEE, 0xFF, 0xDE, 0xE2
    .byte   0x13, 0x45, 0x44, 0x44, 0x54, 0x01, 0xED, 0xED, 0xDE, 0xEC, 0xD1, 0x23, 0x21, 0x02, 0x02, 0x30
    .byte   0x1E, 0xDE, 0x01, 0xEE,   14, 0x0D, 0xEE, 0x00, 0xFE, 0x11, 0x12, 0x33, 0x31, 0x00, 0xFE, 0xFE
    .byte   0xDD, 0xEE, 0xF0, 0xFF, 0x2E, 0xF1, 0xF0, 0xEE, 0xDE, 0xEE, 0xEE, 0xE0, 0xEE, 0xFE, 0xF1, 0xE1
    .byte   0xFE, 0x22, 0x35, 0x34, 0x43,   33, 0x04, 0x42, 0xED, 0xDE, 0xEE, 0x1E, 0xDD, 0xF3, 0x32, 0x00
    .byte   0x2E, 0xF2, 0x12, 0xED, 0xDE, 0xEE, 0x1E, 0xEF, 0xD0, 0x20, 0x22, 0x10, 0x21, 0x32, 0x2F, 0xEE
    .byte   0xEE, 0xEF, 0xEE, 0xFE, 0x01, 0x2F,   -6, 0x0F, 0xEF, 0x0E, 0xFE, 0xDD, 0xEE, 0xEE, 0xE0, 0x0F
    .byte   0xDF, 0x1F, 0x22, 0x33, 0x12, 0x33, 0x34, 0x34, 0x34, 0x2E, 0xFD, 0xEF, 0xEF, 0x0F, 0xDE, 0x23
    .byte   0x12, 0xF1, 0x1E, 0x10, 0x10, 0xDD, 0xEF,    7, 0x0F, 0x01, 0xFE, 0xE0, 0x20, 0x22, 0x2E, 0x01
    .byte   0x23, 0xFF, 0xEE, 0xDE, 0xE2, 0xFF, 0xEE, 0x00, 0x11, 0x2F, 0xED, 0xEE, 0x0F, 0xDE, 0xED, 0xE0
    .byte   0x01, 0x0F, 0xEE, 0x20, 0xF2, 0x11, 0x32, 0x23,  -15, 0x03, 0x43, 0x34, 0x4E, 0xFE, 0xDF, 0xEE
    .byte   0x11, 0xED, 0x21, 0x23, 0xFE, 0x20, 0xEE, 0x11, 0x1D, 0xDE, 0xEE, 0xF1, 0x00, 0xFD, 0x21, 0x22
    .byte   0x10, 0x1F, 0x02, 0x21, 0x1E, 0xDE, 0x0E, 0x0F, 0x0E,  -11, 0x00, 0x22, 0x2E, 0xEE, 0xEE, 0xFE
    .byte   0xED, 0xDE, 0xF1, 0x1F, 0xE0, 0xF0, 0x10, 0x10, 0xF0, 0x23, 0x23, 0x23, 0x44, 0x23, 0x34, 0x0F
    .byte   0xDE, 0x0E, 0xEF, 0x20, 0xDE, 0x23, 0x20, 0xE1, 0x1E, 0xEF,   33, 0x00, 0xDD, 0xEE, 0xFF, 0xF1
    .byte   0xFE, 0xEF, 0x13, 0x20, 0x0F, 0xF2, 0x22, 0x2F, 0xED, 0xDF, 0x1F, 0xFF, 0xFF, 0xF0, 0x22, 0xFE
    .byte   0xDE, 0xEF, 0xED, 0xEE, 0xDE, 0x02, 0x2E, 0xFE, 0x2E, 0x12, 0x02,  -50, 0x01, 0x33, 0x21, 0x33
    .byte   0x43, 0x23, 0x43, 0xEF, 0xDE, 0xFE, 0xF0, 0x2E, 0xD2, 0x22, 0x3E, 0xEF, 0xFF, 0xE1, 0x1E, 0xED
    .byte   0xEF, 0x1E, 0x00, 0xEF, 0xF1, 0x22, 0x2F, 0xEF, 0x22, 0x20, 0x01, 0xDD,   -3, 0x00, 0x20, 0xEF
    .byte   0xFF, 0x0F, 0x22, 0xFD, 0xDE, 0x0E, 0xEE, 0xDE, 0xEE, 0x12, 0x21, 0xE1, 0x0F, 0x0F, 0x21, 0xE1
    .byte   0x23, 0x22, 0x33, 0x34, 0x33, 0x33, 0x0E, 0x0D, 0x0E, 0xFF, 0x01, 0xD1, 0x22,   38, 0x01, 0xEF
    .byte   0x1E, 0xE1, 0x11, 0xED, 0xD1, 0x1E, 0x0F, 0xFF, 0xEF, 0x13, 0x2E, 0x0F, 0x12, 0x11, 0x20, 0xED
    .byte   0xD2, 0x10, 0xEF, 0xF0, 0xE0, 0x23, 0xFD, 0xDE, 0x0E, 0xEE, 0xFD, 0xDE, 0x13, 0x1E,  -51, 0x00
    .byte   0x20, 0xE2, 0x3F, 0xDE, 0x23, 0x40, 0x33, 0x32, 0x13, 0x34, 0x3D, 0x0D, 0xFF, 0xF0, 0x31, 0xDD
    .byte   0x13, 0x22, 0xE0, 0xED, 0xE0, 0x32, 0xED, 0xDE, 0x10, 0x10, 0x0E, 0xD0, 0x12, 0x22, 0x0F,    5
    .byte   0x0F, 0x23, 0x21, 0xED, 0xDE, 0x12, 0x3F, 0xDE, 0xE1, 0x22, 0x10, 0xDC, 0xEF, 0x20, 0xDE, 0xDD
    .byte   0xF2, 0x31, 0x2D, 0xD2, 0x21, 0x20, 0x2F, 0xF0, 0x33, 0x21, 0x22, 0x43, 0x23, 0x23, 0xEF, 0x0F
    .byte     39, 0x0E, 0xFF, 0x00, 0xE0, 0x12, 0x0E, 0x00, 0xFF, 0xE0, 0x1F, 0xEE, 0xEE, 0xFF, 0x00, 0xEF
    .byte   0xFF, 0x12, 0x12, 0x0E, 0xF3, 0x2F, 0xF0, 0xFE, 0xE0, 0xE2, 0xEE, 0x1F, 0x2E, 0x11, 0xFE, 0xDE
    .byte   0xEE,  -28, 0x0E, 0xEE, 0xEE, 0xF2, 0x20, 0xEE, 0x12, 0xE1, 0x22, 0x0E, 0x12, 0x32, 0x23, 0x32
    .byte   0x32, 0x24, 0x30, 0xEE, 0xE2, 0x0F, 0x11, 0x0D, 0x02, 0x12, 0xEE, 0x0E, 0x0E, 0x12, 0xFF, 0xDF
    .byte   0x0E, 0xFF,    6, 0x01, 0xDE, 0x12, 0x21, 0xF0, 0x10, 0x12, 0x31, 0xEE, 0xD2, 0x2E, 0x2E, 0xFE
    .byte   0xEE, 0x23, 0xFD, 0xED, 0xFE, 0xF0, 0x1E, 0xCD, 0x21, 0x2F, 0xFE, 0xEE, 0x03, 0x32, 0xEE, 0x0F
    .byte   0x23, 0x32, 0x22,    2, 0x03, 0x23, 0x33, 0xEE, 0xEE, 0x3E, 0x12, 0x2E, 0xDF, 0x22, 0x1E, 0xEE
    .byte   0xEF, 0xF3, 0x1E, 0xED, 0x11, 0xF0, 0x0E, 0xEE, 0xE2, 0x22, 0xFF, 0xEF, 0x22, 0x22, 0x0F, 0xED
    .byte   0x12, 0x21, 0xED, 0xE1,   -4, 0x02, 0x2F, 0xED, 0xDE, 0x21, 0xEE, 0xDE, 0xEF, 0x02, 0x1E, 0xEF
    .byte   0x01, 0x11, 0x22, 0xEE, 0x22, 0x23, 0x23, 0x22, 0x32, 0x33, 0x3F, 0xFE, 0xE2, 0x20, 0x21, 0xED
    .byte   0x01, 0x03, 0xED, 0x1E, 0xF1,   25, 0x01, 0x1E, 0xDF, 0x20, 0xEF, 0xFE, 0xEE, 0xF2, 0x21, 0xFE
    .byte   0xF1, 0x13, 0x21, 0xFD, 0xEF, 0x32, 0xFE, 0xEE, 0xE0, 0x22, 0x0D, 0xDD, 0x11, 0x0F, 0xEE, 0xDE
    .byte   0xE2, 0x20, 0xDF, 0x01, 0x11, 0x21,  -38, 0x0E, 0xF2, 0x22, 0x12, 0x32, 0x33, 0x32, 0x23, 0x10
    .byte   0x0E, 0x22, 0xE2, 0x0F, 0xEE, 0x2F, 0x2E, 0xD2, 0xEF, 0x11, 0x20, 0xEE, 0xF0, 0xEF, 0x1E, 0xFD
    .byte   0xE1, 0x21, 0x00, 0xF0, 0xF1, 0x32, 0x1F,    7, 0x0F, 0x02, 0x10, 0x2E, 0xDE, 0xF2, 0x1F, 0xEE
    .byte   0xEE, 0xD2, 0x1F, 0xED, 0xEF, 0x0E, 0xF2, 0xFF, 0xEE, 0x30, 0x2F, 0xF0, 0xE0, 0x13, 0x32, 0x23
    .byte   0x23, 0x32, 0x32, 0x1E, 0xF1, 0x11, 0x10, 0x2E,   30, 0x0E, 0x21, 0x1E, 0xEF, 0x0F, 0x00, 0x20
    .byte   0xEE, 0xF0, 0x1E, 0xEE, 0xEF, 0xFF, 0x20, 0xF0, 0xE1, 0x22, 0x21, 0x0E, 0xE2, 0x22, 0x0E, 0x0D
    .byte   0xF1, 0x11, 0x1D, 0xEE, 0xFF, 0x1E, 0xEE, 0xDE, 0xF1,  -39, 0x0F, 0xEF, 0xF2, 0x02, 0x2E, 0x00
    .byte   0xE2, 0x01, 0x3F, 0x21, 0x33, 0x33, 0x23, 0x3E, 0x1F, 0xF2, 0x0F, 0x01, 0xFE, 0xFF, 0x12, 0xEE
    .byte   0xFE, 0x00, 0x21, 0x0F, 0xEE, 0x11, 0xFF, 0xEE, 0xEE, 0xF2,    0, 0x0F, 0x0E, 0xF0, 0x23, 0x21
    .byte   0xE0, 0x02, 0x21, 0x10, 0xDD, 0x12, 0x2F, 0xEF, 0xDE, 0xEF, 0xFF, 0xED, 0xD2, 0xFF, 0x1E, 0x10
    .byte   0xE1, 0x12, 0x0E, 0x01, 0x10, 0x01, 0x32, 0x12, 0x23, 0x33, 0x23,   32, 0x01, 0xFE, 0x02, 0x10
    .byte   0xF2, 0xFE, 0xEF, 0x21, 0xEE, 0xEF, 0xF0, 0x12, 0x10, 0xD0, 0x11, 0x0F, 0xEF, 0xDE, 0x01, 0x2F
    .byte   0xEE, 0x1F, 0x22, 0x32, 0xEE, 0x02, 0x31, 0x01, 0xDE, 0xEE, 0x23, 0xFD,   -5, 0x0E, 0xE1, 0x0E
    .byte   0x1D, 0xDE, 0xF1, 0xF1, 0xE1, 0x0E, 0x12, 0x20, 0xE0, 0xF1, 0x0F, 0x23, 0x22, 0x13, 0x32, 0x22
    .byte   0x33, 0x0E, 0xE2, 0x22, 0x02, 0x1E, 0xDF, 0x22, 0x0E, 0xD0, 0xEF, 0x12, 0x21,   18, 0x0E, 0xE2
    .byte   0x11, 0x0E, 0xEE, 0xD0, 0x31, 0x0E, 0xEF, 0x02, 0x22, 0x2F, 0xEF, 0x23, 0x11, 0x0D, 0xFE, 0xF1
    .byte   0x2F, 0xED, 0xEE, 0xFF, 0xFE, 0xED, 0xD1, 0x21, 0x0E, 0xFF, 0xF1, 0x12, 0x2E, 0x0F,  -37, 0x01
    .byte   0x11, 0x21, 0x22, 0x23, 0x23, 0x31, 0x32, 0x00, 0xE3, 0x02, 0x00, 0x0F, 0xEF, 0xE2, 0xEE, 0xEF
    .byte   0xEF, 0x02, 0x1F, 0xEE, 0x11, 0x11, 0x0E, 0xFD, 0xE1, 0x22, 0xEE, 0xE1, 0x00, 0x23, 0x21,    7
    .byte   0x00, 0x32, 0x2F, 0xEE, 0xED, 0x12, 0x11, 0xDD, 0x0E, 0x0E, 0xFE, 0xED, 0xEF, 0x20, 0x1F, 0xF0
    .byte   0xF0, 0x21, 0x11, 0xE1, 0x10, 0x01, 0x22, 0x22, 0x23, 0x22, 0x32, 0x31, 0x1F, 0x02, 0x21, 0x10
    .byte     39, 0x0E, 0xEF, 0xE2, 0xEE, 0xEE, 0xF0, 0x01, 0x11, 0xEF, 0x00, 0x20, 0xF0, 0xED, 0xFF, 0x12
    .byte   0xFE, 0xE0, 0x00, 0x22, 0x21, 0xFF, 0x22, 0x21, 0x0F, 0xEE, 0xE0, 0x11, 0xED, 0xEF, 0xEE, 0xFF
    .byte   0xED,  -37, 0x0E, 0x02, 0xE0, 0x1F, 0x01, 0x12, 0x10, 0x00, 0x11, 0x11, 0x22, 0x10, 0x32, 0x32
    .byte   0x22, 0x32, 0x11, 0x11, 0x21, 0x11, 0x0F, 0xFE, 0xE1, 0xFE, 0xFE, 0xEF, 0xE1, 0x21, 0x0E, 0xF0
    .byte   0xF1, 0x01,   11, 0x0E, 0xEE, 0x01, 0x10, 0x0F, 0xFF, 0x00, 0x22, 0x11, 0x11, 0x21, 0x21, 0x0E
    .byte   0xEE, 0xFF, 0xFE, 0xEE, 0xDE, 0xEF, 0xEF, 0xEE, 0xEF, 0xE1, 0x12, 0x10, 0x11, 0x02, 0x20, 0x2F
    .byte   0x00, 0x11, 0x22,  -14, 0x02, 0x22, 0x23, 0x21, 0x32, 0x11, 0x11, 0x22, 0x00, 0xFF, 0xEE, 0xFE
    .byte   0x0E, 0xEE, 0xEF, 0xE0, 0x20, 0x0F, 0xFF, 0x01, 0x01, 0x1F, 0xEE, 0x01, 0x01, 0xF0, 0xFF, 0xF0
    .byte   0x22, 0x12, 0x02, 0x1F,   15, 0x01, 0x1F, 0xEE, 0xEF, 0xEE, 0xFE, 0x0D, 0xEE, 0xEE, 0xEF, 0xFF
    .byte   0xFF, 0xF1, 0x22, 0x12, 0x11, 0x11, 0x01, 0x21, 0x12, 0x22, 0x12, 0x23, 0x12, 0x23, 0x01, 0x02
    .byte   0x02, 0x11, 0x00, 0xEE, 0xEF,   25, 0x0E, 0xEE, 0xEF, 0xEF, 0x11, 0x10, 0xFE, 0x11, 0x10, 0x20
    .byte   0xFE, 0xFF, 0x01, 0x10, 0x0F, 0xFF, 0x02, 0x21, 0x11, 0x01, 0x10, 0x02, 0xEE, 0xFE, 0xEF, 0xEF
    .byte   0xEE, 0xED, 0xEF, 0xEE, 0xFF, 0xFF,  -44, 0x01, 0x12, 0x12, 0x11, 0x12, 0x02, 0x02, 0xF2, 0x20
    .byte   0x22, 0x22, 0x22, 0x22, 0x21, 0x11, 0x21, 0x12, 0x01, 0x0E, 0xEF, 0xFE, 0xFE, 0xEF, 0xEE, 0xE2
    .byte   0xF0, 0xFF, 0x0F, 0x00, 0x20, 0x0F, 0x0F,    4, 0x00, 0x01, 0xF0, 0xFF, 0xF0, 0x11, 0x02, 0x11
    .byte   0x10, 0x0F, 0xE1, 0xFF, 0xF0, 0xEE, 0xEE, 0xEE, 0xEE, 0xEE, 0xEE, 0xF0, 0x01, 0x10, 0x11, 0x12
    .byte   0x22, 0x20, 0x20, 0x21, 0x22, 0x22, 0x22, 0x12,   15, 0x02, 0x21, 0x11, 0x22, 0x01, 0x20, 0x0F
    .byte   0xEF, 0x0E, 0x0E, 0xFE, 0xEE, 0xEF, 0xF0, 0xF1, 0x0E, 0xFF, 0x10, 0x2F, 0x00, 0xFF, 0xF1, 0x11
    .byte   0x10, 0xF0, 0x0F, 0x02, 0x02, 0x0F, 0x00, 0xE0, 0xFF,    6, 0x0F, 0xEE, 0xEE, 0xEF, 0xEF, 0xEE
    .byte   0xEE, 0xE0, 0xF0, 0x10, 0x21, 0x10, 0x21, 0x20, 0x21, 0x21, 0x20, 0x22, 0x22, 0x21, 0x22, 0x20
    .byte   0x20, 0x02, 0x12, 0x02, 0x00, 0xFE, 0x0E, 0xFF, 0xEF, 0xEE,   12, 0x0E, 0xF0, 0xF0, 0xFF, 0xFF
    .byte   0x0F, 0x10, 0x11, 0xF1, 0xE1, 0xF1, 0x00, 0x10, 0x00, 0x01, 0x21, 0x01, 0x0F, 0xFF, 0xF0, 0xFF
    .byte   0x0E, 0xEE, 0xFE, 0xEE, 0xEF, 0xEF, 0xEE, 0xF1, 0x00, 0x12, 0x01,  -33, 0x02, 0x12, 0x12, 0x11
    .byte   0x21, 0x22, 0x22, 0x22, 0x12, 0x20, 0x12, 0x11, 0x12, 0x11, 0x0F, 0x0F, 0xFE, 0xFE, 0x0E, 0xFE
    .byte   0x0E, 0xFF, 0xFF, 0xFF, 0xFF, 0xF0, 0xF0, 0x01, 0x00, 0xF0, 0x1F, 0x10,    3, 0x0F, 0x1F, 0x10
    .byte   0x01, 0x1F, 0xFF, 0xFF, 0xFF, 0x0F, 0xFF, 0xEE, 0xEF, 0xEF, 0xE0, 0xEF, 0xFF, 0xF0, 0x11, 0x02
    .byte   0x11, 0x11, 0x11, 0x22, 0x12, 0x22, 0x12, 0x12, 0x12, 0x22, 0x01, 0x11, 0x11,   29, 0x02, 0x10
    .byte   0xFF, 0xE0, 0xE0, 0x0F, 0x0E, 0x0E, 0xFF, 0xE1, 0x0F, 0xF0, 0xE0, 0xFF, 0xF1, 0x01, 0xF0, 0xF0
    .byte   0xFF, 0x01, 0x11, 0xF0, 0x0F, 0xFF, 0x10, 0xF0, 0x0E, 0x0E, 0xFF, 0xFF, 0x0E, 0x0F,  -23, 0x0F
    .byte   0xFF, 0xFF, 0x0F, 0x11, 0x00, 0x12, 0x10, 0x20, 0x20, 0x21, 0x12, 0x12, 0x12, 0x11, 0x21, 0x11
    .byte   0x11, 0x11, 0x12, 0x11, 0x10, 0xF0, 0xEF, 0xFF, 0x00, 0x0E, 0x0E, 0xFF, 0xF0, 0xF0, 0xE0,    2
    .byte   0x00, 0xFF, 0xF1, 0x1F, 0x00, 0xFF, 0xF0, 0xF0, 0x1F, 0x0F, 0x00, 0xF0, 0xF0, 0xF0, 0xFF, 0x0E
    .byte   0xFF, 0xF0, 0x0F, 0x00, 0xFF, 0xFF, 0x11, 0x02, 0x11, 0x10, 0xE1, 0x10, 0x22, 0x11, 0xF0, 0xF1
    .byte     -3, 0x02, 0x23, 0x11, 0x1E, 0xFE, 0x12, 0x23, 0x22, 0xEF, 0xEE, 0xEE, 0x12, 0x12, 0xF0, 0xEE
    .byte   0xEF, 0xF0, 0x02, 0x00, 0xFE, 0x0E, 0xF0, 0x10, 0x1F, 0x0E, 0x0E, 0xFF, 0x0F, 0x01, 0xF0, 0xE0
    .byte   0x0F,  -13, 0x0F, 0x00, 0xFF, 0x0E, 0x00, 0x11, 0x10, 0xFF, 0x0F, 0xF0, 0x01, 0x20, 0x01, 0x02
    .byte   0x10, 0x20, 0x20, 0x02, 0x01, 0x12, 0x21, 0x10, 0xF0, 0xF0, 0x20, 0x21, 0x10, 0xF0, 0xEF, 0x00
    .byte   0x11, 0x01,   18, 0x0F, 0xF0, 0x0E, 0x00, 0x10, 0xFF, 0xFF, 0x0E, 0xFF, 0xFF, 0xFF, 0x0E, 0x0F
    .byte   0xFF, 0x0F, 0xFF, 0xFF, 0xFF, 0x0F, 0x11, 0x10, 0x0E, 0x0F, 0xFF, 0xF0, 0x21, 0x11, 0x00, 0xE0
    .byte   0x00, 0x11, 0x21,   -8, 0x01, 0x10, 0xFF, 0x01, 0x21, 0x22, 0x21, 0x1F, 0x0F, 0xF1, 0x20, 0x22
    .byte   0x01, 0x0F, 0x0E, 0xFF, 0xF0, 0x11, 0x00, 0x0F, 0xFF, 0xFF, 0xF0, 0xFF, 0x0E, 0x00, 0x00, 0xF1
    .byte   0x0E, 0x00, 0xFF, 0xFF,   -3, 0x00, 0x1F, 0x00, 0xF0, 0x0E, 0xFF, 0xF0, 0x0E, 0xF0, 0x0F, 0x10
    .byte   0x01, 0x0E, 0x0F, 0x00, 0x02, 0x10, 0x11, 0x11, 0x11, 0x11, 0x01, 0x11, 0x00, 0x02, 0x10, 0x20
    .byte   0x02, 0x11, 0x11, 0x01, 0x00,   14, 0x01, 0x11, 0x11, 0x0F, 0xFF, 0xF0, 0xFF, 0xF0, 0xF0, 0x01
    .byte   0x00, 0xFF, 0xFF, 0xFF, 0xF1, 0xF1, 0x00, 0xEF, 0xF0, 0xE0, 0x00, 0x00, 0x00, 0xE0, 0xF0, 0x00
    .byte   0x10, 0x00, 0xFF, 0x0E, 0xFF, 0x10,  -12, 0x02, 0x00, 0xFF, 0xEF, 0xF0, 0x12, 0x11, 0x10, 0x0F
    .byte   0x01, 0x00, 0x20, 0x20, 0x10, 0xF0, 0x10, 0x02, 0x11, 0x11, 0xF0, 0xF1, 0x01, 0x11, 0x11, 0x0F
    .byte   0xFF, 0xFF, 0x00, 0x11, 0x01, 0xFF, 0x0E,    5, 0x0F, 0x0F, 0x10, 0x11, 0x00, 0x0F, 0x0E, 0xFF
    .byte   0x00, 0x11, 0x01, 0xF0, 0xFF, 0xFF, 0x0F, 0xF0, 0x1F, 0x00, 0x1F, 0x0F, 0x0F, 0x00, 0x00, 0xFF
    .byte   0x10, 0x00, 0x10, 0x01, 0xF0, 0x0F, 0x10, 0x01,   -5, 0x01, 0x00, 0x10, 0xF1, 0x01, 0x1F, 0x11
    .byte   0x10, 0x10, 0x00, 0x01, 0x10, 0x01, 0xF0, 0x00, 0xF1, 0x11, 0x00, 0x00, 0xFF, 0x10, 0xF1, 0x00
    .byte   0xF0, 0x00, 0xF1, 0x1F, 0x00, 0xF0, 0x0F, 0x00, 0x01,    3, 0x01, 0x0F, 0xFF, 0xFF, 0x1F, 0x11
    .byte   0x10, 0x0F, 0xFF, 0xFF, 0x10, 0x11, 0x00, 0xFF, 0xFF, 0xF0, 0x11, 0x10, 0x00, 0x0F, 0xFF, 0x01
    .byte   0x01, 0x01, 0x00, 0x0F, 0x0F, 0xF1, 0x01, 0x1F, 0x01, 0x1F,   -3, 0x01, 0x00, 0x11, 0x00, 0x0F
    .byte   0x1F, 0xF1, 0x10, 0x11, 0x1F, 0x0F, 0x0F, 0x01, 0x00, 0x10, 0x10, 0x00, 0xF0, 0x0F, 0x11, 0x00
    .byte   0xF0, 0xF0, 0x1F, 0x11, 0x0F, 0x00, 0xF0, 0x00, 0x10, 0x00, 0x0F,    2, 0x0F, 0x01, 0xF1, 0x0F
    .byte   0xF0, 0xF0, 0x01, 0x01, 0xF1, 0x0F, 0xFF, 0x00, 0x01, 0x00, 0x0F, 0x0F, 0x1F, 0x11, 0x00, 0xFF
    .byte   0x00, 0x10, 0x00, 0x10, 0x0F, 0x1F, 0x10, 0xF1, 0x00, 0x00, 0xF0, 0x11,    0, 0x00, 0x10, 0x00
    .byte   0xFF, 0x00, 0x10, 0x1F, 0x10, 0x1F, 0x00, 0x00, 0x0F, 0x10, 0x10, 0x00, 0xF1, 0x0F, 0x10, 0x0F
    .byte   0x00, 0x0F, 0x11, 0x01, 0x0F, 0x0F, 0x0F, 0x1F, 0x00, 0x10, 0x10, 0xFF, 0x00,   -1, 0x00, 0x10
    .byte   0x00, 0x0F, 0x1F, 0x01, 0xF0, 0x1F, 0x0F, 0x01, 0x0F, 0x10, 0xF1, 0x0F, 0x1F, 0x00, 0x1F, 0x01
    .byte   0xF0, 0x1F, 0x10, 0x10, 0xF0, 0x00, 0x00, 0x01, 0xF1, 0x00, 0x00, 0x0F, 0x10, 0x0F,    0, 0x00
    .byte   0x10, 0xF0, 0x10, 0xF1, 0x0F, 0x01, 0x00, 0x01, 0xF0, 0x00, 0x00, 0x00, 0x00, 0x00, 0x00, 0xF1
    .byte   0x0F, 0x10, 0x00, 0x00, 0xF0, 0x10, 0xFF, 0x10, 0xF0, 0x10, 0x00, 0xF1, 0x00, 0x00, 0x00,    0
    .byte   0x0F, 0x1F, 0x01, 0x0F, 0x00, 0x1F, 0x01, 0x0F, 0x00, 0x01, 0x0F, 0x10, 0x0F, 0x00, 0x00, 0x10
    .byte   0x0F, 0x00, 0x10, 0x0F, 0x10, 0xF1, 0x00, 0x00, 0x00, 0x00, 0xF1, 0x01, 0xF0, 0x10, 0xF1, 0xF0
    .byte      1, 0x0F, 0x00, 0x00, 0x01, 0xF1, 0x00, 0xF0, 0x1F, 0x1F, 0x01, 0x00, 0x00, 0x00, 0xF0, 0x00
    .byte   0x10, 0xF0, 0x00, 0x0F, 0x1F, 0x10, 0x1F, 0x0F, 0x10, 0x00, 0x00, 0x00, 0x1F, 0x0F, 0x1F, 0x10
    .byte   0x00,    0, 0x00, 0x00, 0x00, 0x0F, 0x1F, 0x10, 0x00, 0x00, 0x00, 0x00, 0x00, 0x00, 0xF1, 0xF1
    .byte   0x00, 0x00, 0x0F, 0x01, 0x0F, 0x10, 0x0F, 0x10, 0x0F, 0x10, 0x01, 0xF0, 0x1F, 0x1F, 0x00, 0x00
    .byte   0x1F, 0x01,    0, 0x00, 0x00, 0x00, 0x00, 0x10, 0x0F, 0x01, 0xF1, 0xF1, 0xF0, 0x10, 0xF0, 0x00
    .byte   0x00, 0x00, 0x00, 0x1F, 0x1F, 0xF1, 0x00, 0x00, 0x0F, 0x10, 0x00, 0x00, 0x00, 0x0F, 0x10, 0x00
    .byte   0xF1, 0x0F, 0x10,    0, 0x01, 0xF0, 0x00, 0x00, 0x00, 0x00, 0x00, 0x00, 0x00, 0x00, 0x1F, 0x00
    .byte   0x00, 0x00, 0x1F, 0x01, 0xF0, 0x01, 0xF0, 0x01, 0xF0, 0x01, 0x0F, 0x00, 0xF1, 0x00, 0x00, 0x00
    .byte   0xF1, 0x00, 0x1F, 0x00,    0, 0x00, 0x00, 0x01, 0xFF, 0x01, 0x1F, 0x0F, 0x10, 0xF1, 0x0F, 0x10
    .byte   0x1F, 0x10, 0xF0, 0x00, 0x00, 0xF1, 0x00, 0xF1, 0x00, 0x00, 0x00, 0x00, 0x0F, 0x10, 0xF1, 0x00
    .byte   0x00, 0xF0, 0x1F, 0x1F, 0x01,    0, 0x00, 0x00, 0x00, 0x00, 0xF1, 0x00, 0xF1, 0x01, 0xF1, 0xFF
    .byte   0x1F, 0x10, 0x00, 0x00, 0x00, 0x00, 0x00, 0x01, 0x0F, 0x00, 0x00, 0x00, 0x00, 0x1F, 0x00, 0x01
    .byte   0xF0, 0x00, 0x01, 0x00, 0xF0, 0x00,    0, 0x01, 0x0F, 0x00, 0x00, 0x01, 0xF0, 0x00, 0x00, 0x00
    .byte   0x0F, 0x10, 0x01, 0xF0, 0x00, 0xF1, 0x00, 0x00, 0x00, 0x00, 0x00, 0xF1, 0x00, 0x00, 0x0F, 0x1F
    .byte   0x10, 0x0F, 0x10, 0x1F, 0x01, 0xF1, 0xF0,    0, 0x00, 0x1F, 0xF1, 0x00, 0x00, 0x01, 0xF0, 0x00
    .byte   0x00, 0xF1, 0x00, 0x00, 0x1F, 0xF1, 0x00, 0x00, 0x0F, 0x01, 0x00, 0xF1, 0xF1, 0x00, 0x00, 0xF1
    .byte   0x00, 0x00, 0x1F, 0x00, 0xF1, 0x01, 0x0F, 0x00,   -1, 0x01, 0x00, 0x00, 0x00, 0x01, 0xF1, 0xF0
    .byte   0x00, 0x00, 0x00, 0x0F, 0x10, 0x00, 0x1F, 0x0F, 0x11, 0xF1, 0xF1, 0xF0, 0x00, 0x00, 0x0F, 0x10
    .byte   0x1F, 0x0F, 0x10, 0x00, 0x01, 0xFF, 0x1F, 0x10, 0x00,   -1, 0x01, 0x00, 0x00, 0x0F, 0x1F, 0x10
    .byte   0xF1, 0x01, 0x0F, 0x10, 0x00, 0xF0, 0x00, 0x01, 0x0F, 0x1F, 0x00, 0x00, 0x0F, 0x1F, 0x01, 0x01
    .byte   0xF0, 0x01, 0xF1, 0x0F, 0x0F, 0x10, 0x00, 0x1F, 0x00, 0x00,   -1, 0x00, 0x10, 0x1F, 0x00, 0x00
    .byte   0x01, 0x0F, 0xF0, 0x11, 0x0F, 0x0F, 0x00, 0x01, 0x00, 0xF1, 0x00, 0xF1, 0x1F, 0x1F, 0x0F, 0x01
    .byte   0x1F, 0x00, 0xF0, 0x11, 0x0F, 0xF0, 0x01, 0x00, 0x00, 0x00, 0x0F,    0, 0x00, 0x00, 0x00, 0x01
    .byte   0x0F, 0x01, 0x00, 0x00, 0xFF, 0x1F, 0x11, 0x1F, 0xFF, 0xF1, 0x11, 0x0F, 0xF0, 0x11, 0x00, 0xFF
    .byte   0x00, 0x00, 0x10, 0xF0, 0x00, 0x11, 0x00, 0xF0, 0x10, 0x0F, 0x10, 0x0F,    0, 0x01, 0x0F, 0xFF
    .byte   0x11, 0x01, 0xFF, 0x01, 0x01, 0x0F, 0xF0, 0x10, 0x01, 0xFF, 0xF1, 0x00, 0x11, 0xFF, 0x10, 0x01
    .byte   0x0F, 0xF1, 0x11, 0x1E, 0x00, 0x11, 0xFF, 0x0F, 0x11, 0x1F, 0x00, 0x00, 0x01,    1, 0x0F, 0x01
    .byte   0xF1, 0xFF, 0x1F, 0x1F, 0x10, 0x01, 0x10, 0xFE, 0x02, 0x00, 0xF0, 0xFF, 0x2F, 0x1F, 0xFF, 0x00
    .byte   0x10, 0x0F, 0x11, 0x1F, 0xF0, 0x0F, 0x01, 0x0F, 0x01, 0xF1, 0x10, 0x0F, 0xFF, 0x10,    1, 0x01
    .byte   0x0E, 0x0F, 0x02, 0x00, 0xE0, 0x12, 0x1F, 0x0E, 0x01, 0x11, 0xFF, 0xF1, 0x11, 0x00, 0xFF, 0x11
    .byte   0x0F, 0xF0, 0x01, 0x11, 0x0F, 0xE0, 0x21, 0x0F, 0xFF, 0x01, 0x00, 0x00, 0x10, 0xFF, 0x01,    1
    .byte   0x01, 0xFF, 0xF0, 0x10, 0x00, 0xFF, 0x01, 0x1F, 0xF0, 0x20, 0x0E, 0x11, 0x11, 0x1F, 0xEF, 0x02
    .byte   0x10, 0x0E, 0x01, 0x11, 0x10, 0xE0, 0x02, 0x10, 0xEF, 0x11, 0x10, 0xEF, 0x11, 0x20, 0x0E, 0x02
    .byte      2, 0x00, 0x0E, 0x01, 0x11, 0xF0, 0x1F, 0x10, 0xF0, 0xF0, 0x10, 0x10, 0xE0, 0x21, 0x0F, 0x0F
    .byte   0xF1, 0x00, 0x0F, 0x01, 0x01, 0x00, 0xF0, 0xF1, 0x0F, 0x11, 0x0F, 0xFF, 0x11, 0x01, 0x10, 0xFF
    .byte   0x0F,    0, 0x00, 0x0F, 0x00, 0x10, 0x11, 0xFF, 0xF1, 0x00, 0x0F, 0x01, 0x10, 0x0E, 0x02, 0x01
    .byte   0xFF, 0xF0, 0x11, 0x0F, 0x01, 0x0F, 0x0F, 0x00, 0x10, 0x1F, 0x11, 0xFE, 0x11, 0x1F, 0xFF, 0x10
    .byte   0x20, 0x0F,   -1, 0x01, 0xF1, 0x11, 0xF0, 0xFF, 0x01, 0x10, 0xF1, 0x0F, 0x00, 0x1F, 0x1F, 0x01
    .byte   0x0F, 0xF1, 0x01, 0xFF, 0xF0, 0x11, 0x10, 0xF0, 0xF0, 0x11, 0xFF, 0xF0, 0x02, 0x00, 0xE0, 0x02
    .byte   0xF0, 0x0F, 0x01,    3, 0x01, 0xFE, 0xF1, 0x01, 0x1F, 0xFF, 0x00, 0x2F, 0xFF, 0x11, 0x10, 0xFF
    .byte   0xF0, 0x11, 0x10, 0xEF, 0x02, 0x2E, 0xFE, 0x01, 0x21, 0x00, 0xEF, 0x20, 0x0F, 0xFF, 0x02, 0x10
    .byte   0xEF, 0x02, 0x0F, 0xFF,   -3, 0x01, 0x21, 0xFF, 0xE1, 0x02, 0x10, 0xEF, 0x11, 0x10, 0xFF, 0x00
    .byte   0x10, 0x0F, 0x01, 0x11, 0x0F, 0x0F, 0xFF, 0x01, 0x11, 0xF0, 0x01, 0x10, 0xEF, 0xF2, 0x11, 0xFE
    .byte   0x10, 0x21, 0xFE, 0x01, 0x11,    1, 0x01, 0xF0, 0xF0, 0x11, 0xFF, 0xF0, 0x10, 0xFF, 0x11, 0x11
    .byte   0xFF, 0x01, 0x00, 0x0F, 0xF0, 0x00, 0x00, 0x01, 0x00, 0xF1, 0x01, 0x00, 0xF0, 0x00, 0x00, 0xF1
    .byte   0xFF, 0x2F, 0x1F, 0x1F, 0xF0, 0xF1,   -1, 0x00, 0x01, 0x00, 0xFF, 0x20, 0xF0, 0xFF, 0x11, 0xF1
    .byte   0x0F, 0x00, 0x0F, 0xF0, 0x20, 0xFF, 0x00, 0x0F, 0x10, 0xF1, 0x01, 0x11, 0xF0, 0xFF, 0xF0, 0xF0
    .byte   0x20, 0x0F, 0x00, 0x0F, 0x0F, 0xE2, 0x11,    2, 0x0F, 0xE1, 0x11, 0x10, 0xFF, 0xF1, 0x11, 0x10
    .byte   0xFF, 0x00, 0x10, 0x0E, 0x10, 0x20, 0x00, 0xE0, 0x12, 0x00, 0xE0, 0x01, 0x10, 0xFF, 0x00, 0x10
    .byte   0x01, 0x0E, 0x10, 0x20, 0x0E, 0xF2, 0x11, 0x0E,   -4, 0x0F, 0x22, 0x1F, 0xFE, 0xF2, 0x01, 0x0F
    .byte   0x0E, 0x02, 0x1F, 0x0E, 0x11, 0x21, 0xEF, 0xF0, 0x20, 0x0E, 0x01, 0x11, 0x10, 0xFE, 0xF2, 0x00
    .byte   0x01, 0x0F, 0x1F, 0x11, 0xFF, 0xFF, 0x01, 0x2E, 0x00,   -2, 0x02, 0x1F, 0x0E, 0x01, 0x11, 0x0F
    .byte   0xF1, 0x11, 0x0F, 0xF0, 0xF0, 0x00, 0x00, 0x10, 0x20, 0xEF, 0x10, 0x10, 0xFF, 0x0F, 0x01, 0x01
    .byte   0x1F, 0xF0, 0xF0, 0x2F, 0x00, 0xFF, 0x01, 0x11, 0x0F, 0xE2,    3, 0x0F, 0xF0, 0xE0, 0x11, 0x0F
    .byte   0xF0, 0x22, 0xFE, 0xFF, 0x02, 0x1E, 0x0E, 0x12, 0x20, 0xEF, 0xFF, 0x02, 0x1F, 0x0F, 0x01, 0x0F
    .byte   0x01, 0x00, 0x10, 0xEF, 0x01, 0x11, 0xF0, 0x01, 0x0F, 0x10, 0x01,    0, 0x01, 0x00, 0x0F, 0xF1
    .byte   0x00, 0x0F, 0xF1, 0x11, 0x10, 0xFF, 0xF1, 0x10, 0xFF, 0xF1, 0x11, 0x1E, 0x00, 0x02, 0x0F, 0xFF
    .byte   0x00, 0x11, 0x1F, 0xE0, 0x21, 0x1F, 0xEF, 0x21, 0x0F, 0xE0, 0x20, 0x02,    2, 0x0E, 0x0F, 0x20
    .byte   0x1E, 0x00, 0x02, 0x00, 0xFF, 0xF1, 0x11, 0xF0, 0xFF, 0x01, 0x0F, 0x1F, 0xF0, 0x11, 0x00, 0x1E
    .byte   0x11, 0x11, 0x0F, 0x00, 0x02, 0x0E, 0xE2, 0x01, 0x0F, 0xF0, 0x11, 0x10, 0xE0,   -2, 0x00, 0x20
    .byte   0xF0, 0xE2, 0xF0, 0x10, 0x0F, 0xF0, 0x10, 0xF0, 0x01, 0xF1, 0x11, 0x0F, 0xFF, 0x1F, 0x01, 0x10
    .byte   0xFF, 0x01, 0x2F, 0xFE, 0x01, 0x11, 0x0F, 0x0F, 0x11, 0x1F, 0xFF, 0xFF, 0x02, 0xFF,   -1, 0x00
    .byte   0x11, 0xF0, 0xF0, 0x11, 0x1F, 0xF0, 0xF1, 0x00, 0xF1, 0x0F, 0x11, 0x10, 0x0E, 0x00, 0x02, 0x0F
    .byte   0xE1, 0x01, 0x2F, 0xFE, 0x11, 0x11, 0x00, 0xE0, 0x21, 0x0F, 0xFF, 0xF1, 0x11, 0x0E, 0x20,    1
    .byte   0x00, 0x0F, 0x1F, 0x01, 0x0F, 0x0E, 0x20, 0x00, 0x00, 0x0F, 0x11, 0x0F, 0x0F, 0x01, 0x00, 0x0F
    .byte   0x00, 0x11, 0xF1, 0x00, 0xF0, 0xFF, 0x11, 0x00, 0xF0, 0x00, 0x11, 0x0F, 0x00, 0x01, 0x0F, 0x1F
    .byte     -1, 0x00, 0x01, 0x0F, 0x01, 0x01, 0xF0, 0x0F, 0x01, 0xF0, 0x01, 0x11, 0x00, 0xFF, 0x0F, 0x0F
    .byte   0x11, 0x11, 0x00, 0xF0, 0xF0, 0xFF, 0x10, 0x11, 0x0F, 0x00, 0x0F, 0x01, 0x0F, 0xF0, 0x12, 0xFF
    .byte   0x01,    1, 0x00, 0x0F, 0x0F, 0x01, 0x10, 0x0F, 0x00, 0x11, 0xFF, 0xF0, 0x11, 0x0F, 0xF0, 0x01
    .byte   0x00, 0x1F, 0xF0, 0x11, 0x0F, 0xF0, 0x11, 0x11, 0xE0, 0xF1, 0x02, 0x0F, 0xE1, 0x10, 0x10, 0xFF
    .byte   0x1F, 0x11,    0, 0x00, 0xFF, 0x02, 0x0F, 0xFF, 0x10, 0x10, 0xFF, 0x00, 0x11, 0x0F, 0xFF, 0x11
    .byte   0x00, 0x1F, 0x10, 0xF0, 0x10, 0xF0, 0xF0, 0x10, 0xF0, 0x1F, 0x11, 0x0F, 0xFF, 0x11, 0x01, 0xF0
    .byte   0xF1, 0x01, 0x0F,    1, 0x0F, 0xF0, 0x00, 0x01, 0x10, 0x00, 0xF0, 0x00, 0x1F, 0x0F, 0x0F, 0x11
    .byte   0x00, 0x00, 0xF0, 0x10, 0x1F, 0x00, 0xF0, 0x11, 0x0F, 0x00, 0x01, 0x1F, 0xFF, 0x00, 0x01, 0xF0
    .byte   0x10, 0x11, 0x0F, 0xF0,    1, 0x01, 0xFF, 0xFF, 0x11, 0x1F, 0xF0, 0x01, 0x01, 0xF1, 0xF0, 0x01
    .byte   0xF0, 0x01, 0xF1, 0x10, 0xE0, 0x11, 0x00, 0x0F, 0x11, 0x0F, 0x0F, 0x01, 0x01, 0x0F, 0xF1, 0x00
    .byte   0x1F, 0xFF, 0x00, 0x20, 0xFF,    0, 0x00, 0x10, 0x0F, 0xF0, 0x11, 0x00, 0xFF, 0xF1, 0x11, 0x0F
    .byte   0xF1, 0x00, 0x01, 0xFF, 0x11, 0x1F, 0xFF, 0x00, 0x11, 0xFF, 0x00, 0x02, 0x00, 0xE0, 0x01, 0x01
    .byte   0xFF, 0xF0, 0x2F, 0x1F, 0xFF, 0x01,    1, 0x00, 0x0F, 0xF0, 0x10, 0xF1, 0xF0, 0x00, 0x11, 0xF0
    .byte   0x00, 0xF0, 0x01, 0x10, 0x00, 0x1F, 0xFF, 0xF1, 0x10, 0x0F, 0x01, 0x00, 0x1F, 0x00, 0xF0, 0x10
    .byte   0x1F, 0x00, 0x01, 0x0F, 0x10, 0xFF, 0x1F,    0, 0x0F, 0x10, 0x00, 0x10, 0x0F, 0x0F, 0x01, 0xF1
    .byte   0x1F, 0x01, 0xF1, 0x0F, 0x0F, 0xF1, 0x11, 0xF0, 0xF1, 0x10, 0x00, 0xFF, 0x00, 0x10, 0x00, 0xF1
    .byte   0x11, 0xF0, 0xFF, 0x01, 0x1F, 0x00, 0xF0, 0x10,    1, 0x00, 0xF0, 0xF1, 0x01, 0x0F, 0xF0, 0x00
    .byte   0x10, 0xF0, 0x01, 0x01, 0xF0, 0xF0, 0x11, 0xF1, 0xF0, 0x01, 0x00, 0x0F, 0x0F, 0x10, 0x10, 0x0F
    .byte   0xF1, 0x01, 0x0F, 0x00, 0x1F, 0xF0, 0x00, 0x00, 0x10,    0, 0x00, 0x0F, 0x10, 0xF1, 0xF1, 0xF1
    .byte   0x01, 0xF0, 0x00, 0x01, 0x00, 0x00, 0xF0, 0xF1, 0x0F, 0x01, 0x00, 0x10, 0xF0, 0x00, 0x01, 0xF0
    .byte   0xF0, 0x10, 0x10, 0xFF, 0x11, 0x0F, 0x0F, 0x01, 0x00, 0x0F,    0, 0x00, 0x00, 0x10, 0x0F, 0x0F
    .byte   0x01, 0x01, 0x01, 0xF0, 0xF0, 0x0F, 0x00, 0x01, 0x01, 0x00, 0xFF, 0x10, 0xFF, 0x10, 0x01, 0x10
    .byte   0x00, 0xF1, 0x0F, 0xF1, 0xF0, 0x11, 0xF1, 0xF0, 0x0F, 0x1F, 0x1F,   -1, 0x01, 0x00, 0x10, 0xF0
    .byte   0x00, 0x00, 0x00, 0x0F, 0x1F, 0x10, 0x00, 0x00, 0x0F, 0x10, 0x00, 0x00, 0x00, 0x00, 0x00, 0xF0
    .byte   0x01, 0x01, 0xF0, 0x0F, 0x01, 0x00, 0x00, 0x00, 0x10, 0x0F, 0xF0, 0x01,    1, 0x00, 0x0F, 0x00
    .byte   0x01, 0xFF, 0x1F, 0x01, 0x10, 0xFF, 0x1F, 0x10, 0x00, 0x1F, 0x0F, 0x11, 0xF0, 0xF1, 0xF1, 0x10
    .byte   0x0F, 0x01, 0xF0, 0x10, 0xF0, 0xF1, 0x00, 0x0F, 0x01, 0x00, 0x00, 0x00, 0x00,    1, 0x0F, 0x00
    .byte   0xF1, 0xF1, 0x00, 0x1F, 0x1F, 0x00, 0x00, 0x00, 0x00, 0x1F, 0x00, 0x01, 0xF0, 0x1F, 0x00, 0x00
    .byte   0xF1, 0xF1, 0x00, 0x01, 0xF1, 0xF0, 0x1F, 0x00, 0xF1, 0x00, 0x00, 0x00, 0x0F, 0x10,    0, 0x0F
    .byte   0x1F, 0x10, 0x00, 0x00, 0x00, 0x00, 0x00, 0x00, 0x00, 0xF1, 0x0F, 0x10, 0x00, 0x00, 0xF1, 0x00
    .byte   0xF1, 0x00, 0x00, 0x00, 0x01, 0xF0, 0x0F, 0x1F, 0x10, 0x00, 0x01, 0xF0, 0x1F, 0x0F, 0x10,    0
    .byte   0x00, 0x01, 0xFF, 0x10, 0x00, 0x00, 0x00, 0x00, 0x1F, 0x01, 0xF0, 0x00, 0xF1, 0x00, 0x00, 0x00
    .byte   0x00, 0x0F, 0x10, 0x00, 0x00, 0x00, 0x1F, 0x1F, 0x1F, 0xF1, 0x01, 0xF0, 0x01, 0xF1, 0xF0, 0x01
    .byte      0, 0x00, 0x0F, 0x10, 0x01, 0xF0, 0x00, 0x0F, 0x10, 0x1F, 0x00, 0x01, 0x0F, 0x00, 0x00, 0x00
    .byte   0x00, 0x1F, 0x00, 0xF1, 0x00, 0x0F, 0x01, 0x1F, 0x1F, 0x00, 0x00, 0x00, 0x00, 0x10, 0xF0, 0xF1
    .byte   0x1F,   -1, 0x01, 0x00, 0x00, 0x00, 0x00, 0x0F, 0x10, 0x01, 0xF0, 0x0F, 0x10, 0x00, 0xF0, 0x11
    .byte   0x0F, 0xF1, 0x00, 0x1F, 0x1F, 0x00, 0x01, 0xF0, 0x00, 0xF1, 0x1F, 0x00, 0x00, 0x00, 0x00, 0x00
    .byte   0x00, 0x00,    0, 0x0F, 0x10, 0x1F, 0x00, 0x00, 0x00, 0x00, 0x00, 0x00, 0xF1, 0x00, 0x00, 0x00
    .byte   0x10, 0xFF, 0x11, 0xF0, 0x00, 0x0F, 0x10, 0x0F, 0x01, 0x01, 0x0F, 0x1F, 0x00, 0x0F, 0x11, 0xF0
    .byte   0xF1, 0x00, 0x01,    0, 0x00, 0x00, 0x00, 0x00, 0xF1, 0x00, 0x1F, 0x1F, 0x1F, 0x00, 0x01, 0xFF
    .byte   0x10, 0x1F, 0x0F, 0x01, 0x00, 0x00, 0x00, 0x0F, 0x11, 0x00, 0x0F, 0x00, 0x00, 0x1F, 0x00, 0x00
    .byte   0x01, 0xF0, 0xF1, 0x1F,    0, 0x00, 0x00, 0x1F, 0x01, 0xF0, 0x0F, 0x11, 0xF0, 0x00, 0x00, 0xF0
    .byte   0x01, 0x00, 0x00, 0x00, 0x00, 0x00, 0x1F, 0x00, 0x00, 0x01, 0xFF, 0x10, 0xF1, 0x00, 0x1F, 0x01
    .byte   0xF0, 0x0F, 0x11, 0x0F, 0x0F,    0, 0x00, 0x00, 0x00, 0x0F, 0x1F, 0x10, 0xF1, 0x00, 0x1F, 0x00
    .byte   0x00, 0x00, 0x01, 0xF0, 0x00, 0x00, 0x1F, 0x00, 0x1F, 0x00, 0x01, 0xF0, 0x01, 0xF0, 0x00, 0x00
    .byte   0x1F, 0x00, 0x00, 0x01, 0xF0, 0x00,    0, 0x00, 0x00, 0x01, 0xF0, 0x00, 0x01, 0xF0, 0xF1, 0x0F
    .byte   0x10, 0x00, 0x1F, 0x1F, 0x1F, 0xF1, 0x0F, 0x10, 0x1F, 0x00, 0x00, 0x00, 0x00, 0x00, 0x00, 0xF1
    .byte   0x00, 0x01, 0xF0, 0x00, 0x00, 0x0F, 0x10,    0, 0x00, 0xF0, 0x10, 0x01, 0xFF, 0x01, 0x00, 0x00
    .byte   0x00, 0xF1, 0x00, 0x00, 0x00, 0xF1, 0x00, 0x00, 0x00, 0x00, 0x00, 0x00, 0x00, 0xF1, 0xF1, 0x00
    .byte   0x1F, 0x0F, 0x10, 0x01, 0xF0, 0x1F, 0x00, 0x00,    0, 0x01, 0xF0, 0x00, 0xF0, 0x10, 0x0F, 0x10
    .byte   0x00, 0xF0, 0x10, 0x1F, 0x0F, 0x00, 0x10, 0x00, 0x00, 0x00, 0xF1, 0x00, 0x10, 0xF0, 0x00, 0x00
    .byte   0x00, 0x1F, 0x00, 0x00, 0x00, 0xF0, 0x11, 0xF0, 0x00,    0, 0x00, 0x00, 0x00, 0x1F, 0x0F, 0x10
    .byte   0x00, 0x00, 0x1F, 0x1F, 0x00, 0x00, 0x00, 0x00, 0x00, 0x00, 0x00, 0x0F, 0x1F, 0x10, 0x00, 0x00
    .byte   0x0F, 0x10, 0x00, 0xF1, 0x0F, 0x10, 0x00, 0x0F, 0x10, 0xF1,    1, 0x0F, 0x1F, 0x00, 0x01, 0xF1
    .byte   0xF0, 0x00, 0xF1, 0x1F, 0x00, 0x00, 0x00, 0x01, 0x0F, 0x00, 0x0F, 0x10, 0x10, 0xF1, 0xF0, 0x00
    .byte   0xF1, 0x0F, 0x01, 0x1F, 0x00, 0x10, 0xFF, 0x10, 0x00, 0x0F, 0x10,    0, 0x00, 0x01, 0xF0, 0x00
    .byte   0x00, 0x0F, 0x10, 0x00, 0x00, 0x00, 0x00, 0x01, 0xF0, 0x1F, 0x00, 0xF0, 0x10, 0xF1, 0x00, 0x01
    .byte   0xFF, 0x10, 0x00, 0x01, 0xF0, 0x00, 0x1F, 0xF1, 0x00, 0x01, 0xF0, 0x00,    0, 0x00, 0x0F, 0x01
    .byte   0xF0, 0x10, 0x01, 0xF0, 0x00, 0x00, 0x00, 0x00, 0x0F, 0x10, 0x00, 0xF1, 0x00, 0x00, 0xF1, 0x00
    .byte   0x10, 0xF0, 0x0F, 0x10, 0x00, 0x10, 0xF0, 0x00, 0xF0, 0x10, 0x00, 0x00, 0x00,    0, 0x00, 0x00
    .byte   0x00, 0x00, 0x0F, 0x10, 0x00, 0x00, 0x00, 0x0F, 0x10, 0x00, 0x0F, 0x10, 0x00, 0x00, 0x00, 0xF0
    .byte   0x10, 0x1F, 0x00, 0x00, 0x1F, 0x00, 0x00, 0x00, 0x00, 0xF0, 0x10, 0x1F, 0x01, 0xF0,   -1, 0x01
    .byte   0x00, 0x00, 0x00, 0x00, 0xF1, 0xF0, 0x1F, 0x10, 0x00, 0x0F, 0x11, 0xF0, 0x00, 0xF1, 0xF1, 0x00
    .byte   0x00, 0xF0, 0x01, 0x01, 0xF1, 0x0F, 0x0F, 0x1F, 0x01, 0x00, 0x01, 0xF0, 0x1F, 0x00, 0x10,    0
    .byte   0x00, 0xF1, 0xF1, 0xF1, 0x00, 0x1F, 0xF1, 0x00, 0xF1, 0x01, 0xF0, 0x01, 0x0F, 0x00, 0x01, 0x00
    .byte   0x0F, 0x1F, 0x0F, 0x10, 0xF0, 0x10, 0x00, 0xF1, 0x00, 0x00, 0x00, 0x1F, 0x00, 0x01, 0xF0, 0x0F
    .byte      1, 0x0F, 0x0F, 0x10, 0x00, 0x00, 0x00, 0x01, 0xF0, 0x00, 0x00, 0x00, 0x00, 0x00, 0x1F, 0x00
    .byte   0x1F, 0x1F, 0x01, 0x0F, 0xF0, 0xF1, 0xE1, 0x23, 0xD1, 0x41, 0xEB, 0xC0, 0x54, 0x0A, 0x13, 0x34
    .byte   0xFE,   -1, 0x0E, 0xF2, 0x12, 0x1F, 0xF1, 0x0F, 0x0E, 0x01, 0xE1, 0x21, 0x20, 0xEF, 0xF0, 0x20
    .byte   0xE0, 0xF0, 0x11, 0x01, 0xF0, 0x01, 0xF0, 0x1F, 0x01, 0xF0, 0x02, 0x11, 0xEE, 0xFF, 0x01, 0x2F
    .byte   0xF0, 0xF1,    0, 0x01, 0x0F, 0xFF, 0x10, 0x11, 0x00, 0xE1, 0x02, 0x0F, 0x0F, 0x10, 0x10, 0xFF
    .byte   0xF0, 0x00, 0x11, 0x0F, 0x00, 0x01, 0x0F, 0x00, 0x00, 0x10, 0x10, 0x0F, 0xF1, 0x0F, 0x00, 0xF1
    .byte   0xF1, 0xF0, 0xF0,   -1, 0x00, 0x10, 0x00, 0x1F, 0x00, 0x1F, 0x00, 0x00, 0x10, 0x0F, 0xF1, 0x00
    .byte   0x0F, 0xFF, 0x02, 0x01, 0xFF, 0xF0, 0x2F, 0xFF, 0x00, 0x00, 0x10, 0x00, 0xFF, 0x11, 0x0F, 0x0F
    .byte   0x1F, 0x00, 0x01, 0xF1,   -2, 0x02, 0xFF, 0x00, 0x00, 0x0F, 0x1F, 0x10, 0xF0, 0x10, 0x01, 0x01
    .byte   0xE1, 0xF1, 0x10, 0x00, 0xF0, 0x10, 0x10, 0x0F, 0x10, 0x10, 0x00, 0x00, 0x1F, 0xF0, 0x00, 0x0F
    .byte   0x10, 0x0F, 0x1F, 0x00, 0xFF,   -1, 0x01, 0x0F, 0x00, 0x10, 0x10, 0x01, 0xFF, 0x01, 0x0F, 0xF0
    .byte   0xFF, 0x10, 0xF1, 0xFF, 0x00, 0x10, 0xFF, 0x1F, 0x01, 0xF1, 0x0F, 0x11, 0x01, 0x10, 0x0F, 0x01
    .byte   0x02, 0xF0, 0x12, 0x11, 0x02, 0x1F,   14, 0x00, 0x10, 0x00, 0x00, 0xF0, 0xE0, 0x0F, 0xEF, 0xFF
    .byte   0x0F, 0xEF, 0x0F, 0x00, 0xFE, 0xEE, 0xEF, 0xFF, 0xEE, 0xEF, 0xEF, 0xF0, 0xEF, 0xFF, 0xF1, 0x02
    .byte   0x23, 0x23, 0x66, 0x53, 0xEE, 0x33, 0x24,  110, 0x0B, 0xCB, 0xD4, 0xDC, 0xBA, 0xDF, 0xF4, 0x3E
    .byte   0xF0, 0x46, 0x54, 0x3F, 0xE2, 0x00, 0xFB, 0xBB, 0xCD, 0xDC, 0xCC, 0xDF, 0x13, 0x2E, 0x0E, 0x23
    .byte   0x30, 0xDC, 0xEF, 0x22, 0x33, 0x33, 0x57, 0x75,  111, 0x0D, 0xF4, 0x31, 0xFF, 0xBA, 0xB1, 0x3C
    .byte   0xCA, 0x9C, 0xF3, 0x64, 0xDD, 0x35, 0x76, 0x52, 0xDC, 0xC2, 0x3E, 0xBA, 0xBC, 0xD1, 0x1F, 0xDD
    .byte   0x24, 0x65, 0x23, 0x11, 0x30, 0x0D, 0xBC, 0xBC, 0xDA, -112, 0x0C, 0x01, 0xF0, 0x00, 0x00, 0x36
    .byte   0x54, 0x67, 0x75, 0x31, 0x00, 0x00, 0xFE, 0xA8, 0x8D, 0x5F, 0xCB, 0xBC, 0x25, 0x67, 0x4D, 0x35
    .byte   0x75, 0x21, 0x1B, 0xBC, 0xFD, 0xB9, 0xAB, 0xF3, 0x42, 0x0E,  -51, 0x06, 0x66, 0x63, 0x10, 0xFE
    .byte   0xEB, 0xAA, 0xAC, 0xCC, 0xBC, 0x01, 0xF1, 0xF1, 0xF1, 0x14, 0x67, 0x43, 0x36, 0x75, 0x22, 0xCC
    .byte   0xDB, 0x22, 0xBA, 0x9C, 0x45, 0x11, 0xCC, 0xE3, 0x66, 0x5D, 0xE1,   64, 0x05, 0x43, 0xCA, 0xAC
    .byte   0x02, 0xDB, 0xCC, 0xD3, 0x55, 0x3E, 0xD3, 0x55, 0x53, 0x1D, 0xCC, 0xED, 0xBB, 0xAB, 0xCD, 0xEC
    .byte   0xEF, 0xF1, 0x01, 0x22, 0x13, 0x56, 0x55, 0x24, 0x77, 0x21, 0xEC, 0xEA,   67, 0x03, 0xCC, 0xAB
    .byte   0x12, 0x03, 0xEC, 0xCD, 0x45, 0x54, 0x33, 0x33, 0x34, 0x3C, 0xBB, 0xCE, 0xEE, 0xEC, 0xBC, 0x34
    .byte   0x43, 0x01, 0x23, 0x44, 0x42, 0xDC, 0xCD, 0xCD, 0xCB, 0xCB, 0xCD, 0xDF, 0xF1, -128, 0x00, 0x13
    .byte   0x31, 0x44, 0x45, 0x44, 0x56, 0x54, 0x2D, 0xED, 0xDE, 0x30, 0xBC, 0xBE, 0xF0, 0x30, 0xDB, 0xD2
    .byte   0x45, 0x44, 0x31, 0xD3, 0x34, 0x2D, 0xDC, 0xCC, 0xD1, 0xFD, 0xED, 0xEE, 0x03, 0x33,   15, 0x0F
    .byte   0x22, 0x02, 0xED, 0xEC, 0xCD, 0xCC, 0xDC, 0xFD, 0xCE, 0xE1, 0x33, 0x12, 0x20, 0x34, 0x44, 0x43
    .byte   0x45, 0x44, 0x2F, 0x0E, 0xD2, 0x32, 0xEE, 0xDD, 0xEE, 0x23, 0xDC, 0xDD, 0xE2, 0x23, 0x4F,   27
    .byte   0x0F, 0x02, 0x32, 0x2F, 0xED, 0xDF, 0xF0, 0x0E, 0x0E, 0xDE, 0x12, 0x21, 0x00, 0xEE, 0xF0, 0xFE
    .byte   0xED, 0xED, 0xDE, 0xEE, 0xED, 0xEE, 0xFF, 0x12, 0x21, 0x12, 0x22, 0x11, 0x21, 0x22, 0x22, 0x32
    .byte    -10, 0x03, 0x22, 0x22, 0x23, 0x22, 0x32, 0x22, 0x20, 0x0F, 0xEF, 0xEE, 0xEE, 0xEE, 0xEF, 0x00
    .byte   0xFF, 0xEF, 0x00, 0x0F, 0x0E, 0x0E, 0x0F, 0x0E, 0x0E, 0xE0, 0xE0, 0x1F, 0xFF, 0xF0, 0xF0, 0x00
    .byte   0xFF,  -15, 0x0F, 0xE0, 0x0E, 0xFF, 0x0E, 0xF1, 0x00, 0xF0, 0x00, 0x11, 0x21, 0x2F, 0x02, 0x00
    .byte   0x12, 0x01, 0x01, 0x21, 0x11, 0x11, 0x11, 0x02, 0x21, 0x10, 0x22, 0x02, 0x02, 0x00, 0x0F, 0x0F
    .byte   0x0F, 0x0F,   22, 0x00, 0xE0, 0x0F, 0x0F, 0x0F, 0xE0, 0xFF, 0xFF, 0xF0, 0xE0, 0xFE, 0x1F, 0xFF
    .byte   0xF0, 0x00, 0x00, 0x00, 0x01, 0x00, 0x00, 0x10, 0x0F, 0x0F, 0x1F, 0x00, 0x0F, 0x0F, 0x00, 0xF0
    .byte   0xF0, 0x00, 0x0F,  -11, 0x00, 0x1F, 0x01, 0x01, 0x01, 0x10, 0x01, 0x01, 0x01, 0x00, 0x11, 0x00
    .byte   0x10, 0x10, 0x1F, 0x10, 0x01, 0x11, 0x01, 0x01, 0x10, 0x01, 0x0F, 0x00, 0x1F, 0x00, 0xF0, 0x0F
    .byte   0xF0, 0x0F, 0x00, 0xF0,    1, 0x01, 0xFF, 0x00, 0x01, 0xFF, 0x01, 0x00, 0x01, 0x00, 0x10, 0x01
    .byte   0xF0, 0x00, 0x01, 0xF1, 0x00, 0xF1, 0x00, 0x00, 0xF0, 0xF0, 0x1F, 0x0F, 0x0F, 0x00, 0x0F, 0xFF
    .byte   0x0F, 0x10, 0x0F, 0xF1, 0x00,   -5, 0x00, 0x01, 0x10, 0x10, 0x10, 0x00, 0x01, 0x00, 0x0F, 0x10
    .byte   0x00, 0x0F, 0x00, 0x1F, 0x00, 0xF1, 0x00, 0x00, 0x00, 0x01, 0x0F, 0x1F, 0x10, 0x00, 0x1F, 0x11
    .byte   0x00, 0x01, 0x00, 0x01, 0x00, 0x1F,    5, 0x00, 0x00, 0xF1, 0xF1, 0x0F, 0x00, 0x0F, 0xF0, 0x00
    .byte   0x0F, 0x0F, 0x1F, 0x0F, 0x0F, 0x11, 0xFF, 0x00, 0x1F, 0x01, 0xF0, 0x1F, 0x00, 0x00, 0x10, 0xF1
    .byte   0x00, 0x00, 0x00, 0x00, 0x0F, 0x1F, 0x00,   -2, 0x00, 0xF1, 0x00, 0xF1, 0xF1, 0x00, 0x1F, 0x01
    .byte   0x01, 0x00, 0x00, 0x01, 0x00, 0x01, 0x00, 0xF1, 0x00, 0x1F, 0x01, 0xF0, 0xF0, 0x10, 0x00, 0x00
    .byte   0x0F, 0x0F, 0xF1, 0x0F, 0x10, 0x0F, 0x1F, 0x1F,   -1, 0x00, 0x00, 0x1F, 0x10, 0x00, 0x1F, 0x1F
    .byte   0x10, 0x00, 0x00, 0x0F, 0x1F, 0x10, 0x00, 0x0F, 0x10, 0x0F, 0x01, 0xF0, 0x01, 0xF0, 0x0F, 0x10
    .byte   0x00, 0x00, 0xF1, 0xF0, 0x1F, 0x00, 0x00, 0x01, 0xF1,    0, 0x00, 0xF0, 0x01, 0xF0, 0x0F, 0x10
    .byte   0xF1, 0x00, 0x00, 0x00, 0x10, 0xF1, 0xF1, 0x00, 0x00, 0x00, 0x01, 0xF1, 0x00, 0xF0, 0x00, 0x1F
    .byte   0x01, 0x00, 0x00, 0xF0, 0x10, 0x00, 0x0F, 0x1F, 0x10, 0x00,    2, 0x00, 0xF1, 0xF0, 0x10, 0x0F
    .byte   0x00, 0x0F, 0x10, 0x0F, 0x00, 0xF0, 0x10, 0xF0, 0x00, 0xF1, 0x0F, 0x10, 0x00, 0xF1, 0xF0, 0x10
    .byte   0x00, 0x1F, 0x0F, 0x10, 0x00, 0x01, 0x00, 0xF1, 0x00, 0xF1, 0xF1,    0, 0x00, 0x00, 0x00, 0x00
    .byte   0x00, 0x1F, 0x01, 0x00, 0xF1, 0x00, 0x00, 0x01, 0xFF, 0x10, 0x0F, 0x11, 0xF0, 0x1F, 0x00, 0x00
    .byte   0x00, 0x00, 0xF1, 0xF1, 0xFF, 0x10, 0x00, 0xF1, 0xF1, 0xF1, 0xF0, 0x1F,   -1, 0x01, 0x0F, 0x01
    .byte   0xF0, 0x00, 0x00, 0x1F, 0x01, 0xF0, 0x00, 0x01, 0xF1, 0x00, 0x00, 0x0F, 0x01, 0x00, 0xF1, 0x0F
    .byte   0x10, 0xF1, 0x00, 0x1F, 0xF1, 0x00, 0x00, 0x00, 0x01, 0xF0, 0x1F, 0x10, 0x00,    0, 0x01, 0x00
    .byte   0xF0, 0x01, 0xF1, 0x00, 0x0F, 0x00, 0x1F, 0x00, 0x0F, 0x10, 0xF1, 0x1F, 0xF0, 0x10, 0x00, 0x0F
    .byte   0x10, 0x00, 0x00, 0x00, 0x1F, 0x01, 0xF0, 0x00, 0x00, 0x00, 0x00, 0x0F, 0x10, 0x0F,    0, 0x00
    .byte   0x00, 0xF1, 0x00, 0x00, 0xF1, 0xF1, 0x00, 0x00, 0x10, 0xF0, 0x00, 0x1F, 0x00, 0x00, 0xF1, 0x00
    .byte   0xF1, 0x00, 0x10, 0xF0, 0x01, 0xF0, 0xF1, 0x00, 0x01, 0xF0, 0x00, 0x00, 0x1F, 0x00, 0x00,    1
    .byte   0x00, 0x0F, 0x00, 0x00, 0x10, 0x0F, 0x1F, 0x00, 0x0F, 0x11, 0xF1, 0xF1, 0xF1, 0xF0, 0x00, 0x0F
    .byte   0x10, 0x00, 0x01, 0x0F, 0x00, 0x10, 0xFF, 0x10, 0x00, 0x1F, 0x00, 0xF1, 0xF1, 0x00, 0xF0, 0x10
    .byte      0, 0x00, 0x00, 0x00, 0x00, 0x0F, 0x10, 0xF0, 0x1F, 0x1F, 0x1F, 0x1F, 0x10, 0xF0, 0x1F, 0x10
    .byte   0xF1, 0x00, 0x00, 0x00, 0x00, 0x00, 0x01, 0xF0, 0x1F, 0x00, 0x00, 0x00, 0x1F, 0x01, 0x0F, 0x00
    .byte   0x0F,    1, 0x0F, 0x00, 0x10, 0xF1, 0xF0, 0x00, 0x01, 0x0F, 0x00, 0x00, 0x00, 0x00, 0x00, 0x1F
    .byte   0xF1, 0x00, 0x00, 0xF1, 0xF1, 0x00, 0x0F, 0x01, 0x00, 0x00, 0x00, 0xF1, 0x00, 0x00, 0x01, 0xF0
    .byte   0x01, 0xF0,    1, 0x0F, 0x00, 0x00, 0x00, 0x0F, 0x10, 0x00, 0x01, 0xF0, 0x00, 0x00, 0x00, 0x1F
    .byte   0x0F, 0x10, 0xF1, 0x00, 0x01, 0xF0, 0x00, 0x00, 0x00, 0x00, 0x1F, 0x00, 0x00, 0x00, 0x0F, 0x11
    .byte   0xF0, 0x00, 0x00,    0, 0x01, 0xF0, 0x00, 0x00, 0x00, 0x00, 0x00, 0x0F, 0x1F, 0x10, 0x00, 0x0F
    .byte   0x10, 0x0F, 0x10, 0x00, 0x00, 0x1F, 0xF1, 0x00, 0x00, 0x00, 0xF0, 0x11, 0xFF, 0x10, 0x1F, 0x01
    .byte   0xF0, 0x1F, 0xF1, 0x00,    0, 0x00, 0x01, 0xF1, 0xFF, 0x10, 0x0F, 0x10, 0x00, 0x00, 0x00, 0x00
    .byte   0x00, 0x00, 0x00, 0x00, 0x00, 0x1F, 0x00, 0x00, 0x1F, 0x00, 0x01, 0xF0, 0x00, 0x00, 0x00, 0x00
    .byte   0x00, 0x00, 0x1F, 0x0F, 0x10,    0, 0x00, 0x00, 0x0F, 0x10, 0xF1, 0xF1, 0x01, 0xF0, 0x00, 0x00
    .byte   0xF1, 0x00, 0xF0, 0x11, 0xF0, 0xF0, 0x01, 0xF1, 0x00, 0x01, 0xF0, 0x00, 0x00, 0x00, 0xF1, 0x1F
    .byte   0x00, 0x00, 0x00, 0x00, 0x0F, 0x10,    0, 0x00, 0x00, 0xF1, 0x10, 0xF0, 0x00, 0x10, 0xF1, 0xF0
    .byte   0x11, 0xE1, 0x10, 0xF0, 0x10, 0x00, 0xF0, 0xF0, 0x10, 0x01, 0xFF, 0x01, 0xE3, 0x2C, 0x33, 0xCD
    .byte   0x4D, 0x13, 0xE2, 0x5C, 0x57, 0xB9, 0xEB,  -31, 0x05, 0x2A, 0x42, 0xE5, 0x5B, 0xDD, 0xC4, 0x2E
    .byte   0x23, 0xE2, 0x52, 0xF0, 0xDE, 0x2C, 0xA4, 0x5D, 0xEF, 0xC3, 0x42, 0x11, 0xCC, 0x33, 0xE3, 0xFE
    .byte   0x02, 0x23, 0xFD, 0xDD, 0x14, 0x3E, 0xFD, 0xD3,   14, 0x03, 0xFC, 0xCE, 0x34, 0x1E, 0xCE, 0xF2
    .byte   0x42, 0xDC, 0xE2, 0x34, 0x1C, 0xD1, 0x33, 0x3E, 0xDD, 0x03, 0x3F, 0xFD, 0xE1, 0x22, 0x10, 0xDF
    .byte   0x2F, 0x12, 0x10, 0xFD, 0x03, 0x22, 0xED, 0xD2, 0x33,   14, 0x0D, 0xCE, 0x34, 0x3E, 0xCC, 0x33
    .byte   0x32, 0xEC, 0xE3, 0x23, 0xFD, 0xD0, 0x32, 0x1E, 0xDE, 0x22, 0x31, 0xDE, 0xF1, 0x32, 0x0E, 0xD0
    .byte   0x23, 0x2E, 0xDD, 0x23, 0x2E, 0xEE, 0xF2, 0x3F, 0xED, 0xE3,    6, 0x02, 0xED, 0xE1, 0x32, 0xFE
    .byte   0xDE, 0x23, 0x1D, 0xD2, 0x43, 0xDC, 0xD3, 0x44, 0xDC, 0xD2, 0x43, 0xEC, 0xD3, 0x03, 0xED, 0xF3
    .byte   0x3D, 0xED, 0x33, 0x1E, 0xED, 0xF4, 0x30, 0xBE, 0x44, 0x1C, 0xC1,    0, 0x04, 0x1B, 0xD3, 0x43
    .byte   0xDC, 0xE3, 0x32, 0xDD, 0x23, 0x01, 0xEE, 0x20, 0x2E, 0xEE, 0x22, 0x1D, 0xE2, 0x33, 0xDD, 0xE3
    .byte   0x4F, 0xCC, 0x34, 0x3D, 0xCD, 0x44, 0x3C, 0xCE, 0x44, 0xEB, 0xD0, 0x54,    5, 0x0D, 0xC3, 0x33
    .byte   0x1D, 0xEE, 0x33, 0x0D, 0x10, 0x2E, 0xE2, 0x1E, 0xEF, 0x03, 0x2D, 0xEF, 0x32, 0xED, 0x12, 0x23
    .byte   0xEE, 0xE2, 0x32, 0xED, 0xDE, 0x33, 0xFC, 0xD0, 0x44, 0xFD, 0xC2, 0x33, 0x1C,  -14, 0x01, 0x43
    .byte   0xEC, 0xE3, 0x3F, 0xEE, 0x1D, 0x03, 0x1E, 0xF0, 0x21, 0xE1, 0x21, 0x21, 0xEE, 0x21, 0x1E, 0xFE
    .byte   0x0F, 0x22, 0xEE, 0x22, 0x00, 0xE1, 0x3F, 0xDE, 0x13, 0x2D, 0xD3, 0x1E, 0x00, 0xE2,   -3, 0x00
    .byte   0x0F, 0x03, 0x00, 0xE0, 0x12, 0xF0, 0xDE, 0x03, 0x2E, 0xE1, 0x20, 0x1E, 0x1F, 0xFF, 0xFE, 0xF4
    .byte   0xF2, 0x1D, 0x22, 0x2D, 0xDE, 0x21, 0xD2, 0x30, 0x10, 0x0F, 0x02, 0x1D, 0xD3, 0x12, 0x0F,    3
    .byte   0x01, 0x32, 0xCD, 0x32, 0xEF, 0xC2, 0x32, 0x1E, 0xD4, 0x3D, 0xEE, 0x31, 0xDE, 0x42, 0xD1, 0xDD
    .byte   0x23, 0xFF, 0xEE, 0x3F, 0xF0, 0x3F, 0x12, 0xEE, 0x00, 0x0E, 0xE0, 0x21, 0xE3, 0xFE, 0xEE, 0x30
    .byte     -1, 0x0E, 0x22, 0x13, 0xEF, 0xE2, 0x1D, 0xE1, 0x20, 0xD1, 0x2F, 0x2E, 0xF2, 0x2D, 0xE3, 0xE2
    .byte   0x30, 0x12, 0xD0, 0x3D, 0xF0, 0xCF, 0x4D, 0xD3, 0xE4, 0x3B, 0x32, 0x2F, 0xDE, 0x22, 0xC4, 0x3D
    .byte   0xF3,   20, 0x0E, 0xCD, 0x42, 0xCC, 0x34, 0xFC, 0x13, 0x4E, 0xE0, 0xC4, 0xFE, 0xCE, 0x52, 0x1B
    .byte   0x35, 0xDE, 0xD3, 0xE1, 0x1C, 0x30, 0x3E, 0xC3, 0x31, 0xDE, 0x31, 0xFF, 0x21, 0xFE, 0x14, 0xDC
    .byte   0x3F, 0x2F,   -4, 0x02, 0x01, 0xF3, 0xCF, 0x2D, 0x4D, 0xE3, 0x32, 0xDF, 0xF3, 0xFD, 0x2D, 0x30
    .byte   0xDF, 0x32, 0xDE, 0x3F, 0xEE, 0x21, 0xD4, 0xEF, 0x01, 0x3C, 0x32, 0xEE, 0xE4, 0xDD, 0x12, 0x2E
    .byte   0xDF, 0x33, 0xC2,   -8, 0x03, 0x3C, 0xE3, 0x4E, 0xCE, 0x14, 0xDE, 0x3E, 0xE1, 0x20, 0xE3, 0xD1
    .byte   0x2E, 0x2D, 0x2F, 0x3E, 0xD3, 0xF1, 0xE2, 0x2D, 0x21, 0x2F, 0xC4, 0x1D, 0xE2, 0x4D, 0xC3, 0x40
    .byte   0xCE, 0xF4, 0xEC, 0x22,   -2, 0x03, 0xDD, 0x42, 0xEE, 0xE2, 0x3E, 0xD3, 0xD3, 0x3C, 0xE0, 0x32
    .byte   0xCD, 0x34, 0xFC, 0xD4, 0x5B, 0xD2, 0x43, 0xDB, 0x44, 0xDD, 0xE2, 0x3D, 0xF1, 0xE0, 0x40, 0xCD
    .byte   0x43, 0xCD, 0x43, 0xDE, 0x13,    9, 0x0E, 0xE3, 0xDE, 0x2E, 0xE3, 0xFE, 0x01, 0x3E, 0xD3, 0x3D
    .byte   0xC3, 0x31, 0xDD, 0x5F, 0xC2, 0x02, 0x0E, 0x10, 0xD4, 0xFD, 0xD3, 0x4D, 0xC2, 0x40, 0xEE, 0x2F
    .byte   0x2E, 0xF1, 0xE3, 0xDE, 0x20, 0x2F,    0, 0x0D, 0x24, 0xED, 0xD2, 0x5C, 0xDE, 0x43, 0xCD, 0x33
    .byte   0x1D, 0x12, 0xEE, 0x31, 0xCE, 0x43, 0xDC, 0x34, 0xFC, 0x13, 0x2D, 0xF0, 0xF0, 0x3D, 0xF1, 0xE4
    .byte   0xEC, 0x32, 0x2D, 0xE2, 0x12, 0xE3, 0x0D,    4, 0x02, 0x1D, 0xD4, 0x1C, 0xE3, 0x3D, 0xD2, 0x31
    .byte   0xD2, 0x2E, 0x0F, 0x21, 0xEF, 0x23, 0xFD, 0xE4, 0xFD, 0xD2, 0x2E, 0x0F, 0xFF, 0x21, 0xFE, 0x13
    .byte   0x0F, 0xD3, 0x20, 0xED, 0x33, 0xED, 0xF3, 0xFE,   -2, 0x0E, 0x2E, 0x23, 0xCE, 0x33, 0xEC, 0x14
    .byte   0x3C, 0xD4, 0x3D, 0xC3, 0x4E, 0xDE, 0x22, 0xD0, 0x3D, 0xF3, 0x0E, 0xE1, 0x3F, 0xD1, 0x3D, 0x11
    .byte   0x11, 0xF1, 0xF0, 0x22, 0xFD, 0x32, 0xFD, 0x04, 0xED,    0, 0x03, 0x0E, 0x11, 0x11, 0x2F, 0xE2
    .byte   0x21, 0xD1, 0x31, 0xDE, 0x31, 0xEE, 0x02, 0xFD, 0xE1, 0x0E, 0x1D, 0x0F, 0xDF, 0xEE, 0xFC, 0xF1
    .byte   0xFD, 0xD2, 0x30, 0xC2, 0x42, 0xDD, 0x44, 0x10, 0x35, 0x40,   33, 0x05, 0x42, 0x44, 0x32, 0x02
    .byte   0x00, 0x0F, 0xDF, 0xEC, 0xCD, 0xED, 0xBD, 0xE1, 0xCC, 0x12, 0xED, 0xD3, 0xED, 0xDF, 0xEC, 0xDC
    .byte   0xEC, 0xCE, 0xF0, 0x1F, 0x10, 0x0F, 0x00, 0x03, 0x57, 0x55, 0x65,  108, 0x04, 0x11, 0x10, 0x00
    .byte   0x00, 0x00, 0x00, 0xDA, 0xCA, 0xBC, 0xBC, 0xCE, 0xF2, 0x32, 0x54, 0x45, 0x34, 0x44, 0x11, 0x1D
    .byte   0xEB, 0xCC, 0xBB, 0xCB, 0xBD, 0xCF, 0xFF, 0x00, 0x00, 0x00, 0x00, 0x1F, -116, 0x05, 0x77, 0x45
    .byte   0x66, 0x21, 0x11, 0x00, 0x00, 0x00, 0xFE, 0xDB, 0xBB, 0xAB, 0xCB, 0xCD, 0xC3, 0x5F, 0x15, 0x55
    .byte   0x34, 0x54, 0x34, 0x32, 0xED, 0xDC, 0xCC, 0xBB, 0xCC, 0xBC, 0xDD, 0xDD, 0xEF, -128, 0x00, 0x00
    .byte   0x00, 0x01, 0x13, 0x35, 0x57, 0x53, 0x55, 0x63, 0xD4, 0x00, 0x00, 0x00, 0xFD, 0xCC, 0xBC, 0xAB
    .byte   0xCC, 0xBE, 0xCF, 0x33, 0x43, 0x44, 0x55, 0x54, 0x34, 0x43, 0x1D, 0xDE, 0xCB, 0xBC,   -4, 0x0B
    .byte   0xCB, 0xBE, 0xDD, 0xDF, 0xF0, 0x00, 0x01, 0xF1, 0x0F, 0x45, 0x47, 0x7F, 0x45, 0x55, 0xEE, 0x41
    .byte   0x10, 0x00, 0x0F, 0xDC, 0xBC, 0xBA, 0xAD, 0xCC, 0xDE, 0xF3, 0x44, 0x43, 0x46, 0x43, 0x44,  103
    .byte   0x03, 0x0E, 0xFE, 0xCC, 0xBC, 0xBB, 0xBB, 0xCC, 0xDC, 0xF1, 0xF0, 0x00, 0x00, 0x00, 0x02, 0x34
    .byte   0x47, 0x73, 0x35, 0x56, 0x2C, 0x42, 0x00, 0x00, 0x0F, 0xCC, 0xBC, 0xCA, 0xAC, 0xDC, 0xDF, 0xE3
    .byte    -66, 0x04, 0x44, 0x35, 0x64, 0x24, 0x44, 0x2D, 0xED, 0xDC, 0xBB, 0xBB, 0xCB, 0xBC, 0xED, 0xDF
    .byte   0x00, 0x00, 0x01, 0xF1, 0xF3, 0x32, 0x47, 0x75, 0xD4, 0x67, 0x1B, 0x34, 0x01, 0xFF, 0x10, 0xDB
    .byte   0xBC,   43, 0x0A, 0xAB, 0xDE, 0xDE, 0xDE, 0x55, 0x43, 0x35, 0x65, 0x1F, 0x55, 0xFE, 0xCE, 0xEC
    .byte   0xAB, 0xCB, 0xCB, 0xBC, 0xDD, 0xEE, 0x01, 0xF0, 0x01, 0xF0, 0x12, 0x41, 0x17, 0x77, 0xCE, 0x67
    .byte   0x4C, 0xC6,  127, 0x00, 0x0D, 0x03, 0xFB, 0xAC, 0x1C, 0x9A, 0xD0, 0xED, 0xCE, 0x55, 0x42, 0x26
    .byte   0x65, 0xF3, 0x45, 0x0E, 0xCD, 0xFC, 0xBA, 0xBC, 0xCB, 0xBC, 0xDE, 0xDF, 0xFF, 0x00, 0x01, 0xF0
    .byte   0x01, 0x35, 0x24,  -15, 0x07, 0x2E, 0x47, 0x5C, 0xE4, 0x21, 0x11, 0x00, 0x0B, 0xBC, 0xCB, 0xBA
    .byte   0xCD, 0xEE, 0xDE, 0x45, 0x34, 0x45, 0x55, 0x33, 0x44, 0x20, 0xDD, 0xDB, 0xCB, 0xBB, 0xBC, 0xBC
    .byte   0xDD, 0xEE, 0xF1, 0x0F, -128, 0x00, 0x01, 0x00, 0x25, 0x33, 0x77, 0x5D, 0x27, 0x60, 0xB3, 0x42
    .byte   0x0D, 0x22, 0x0C, 0xAC, 0xDC, 0xAA, 0xCD, 0xDE, 0x0D, 0x35, 0x45, 0x34, 0x56, 0x42, 0x34, 0x21
    .byte   0xDD, 0xDB, 0xCB, 0xBB, 0xBB,  -82, 0x0C, 0xCD, 0xFE, 0x1F, 0x10, 0xF1, 0xF2, 0x0E, 0x25, 0x42
    .byte   0x57, 0x7F, 0xD5, 0x74, 0xCD, 0x51, 0x11, 0xD2, 0x2E, 0xAB, 0xCC, 0xBB, 0xBC, 0xC1, 0x3E, 0xD4
    .byte   0x56, 0x42, 0x36, 0x62, 0xF2, 0x42,  120, 0x0C, 0xCC, 0xCC, 0xBB, 0xAC, 0xCD, 0xBD, 0xF2, 0x0E
    .byte   0xE2, 0x3F, 0xEF, 0xF1, 0x03, 0x33, 0x35, 0x76, 0x22, 0x47, 0x5C, 0xD4, 0x31, 0x0E, 0xF2, 0xEB
    .byte   0xBB, 0xCB, 0xBB, 0xCC, 0xE3, 0x3D, 0x25,  -12, 0x05, 0x23, 0x65, 0x33, 0x13, 0x2F, 0xCC, 0xCC
    .byte   0xBC, 0xBB, 0xBC, 0xDC, 0xC1, 0x22, 0xDE, 0x24, 0x1D, 0xED, 0x3E, 0xD4, 0x31, 0x47, 0x75, 0xC2
    .byte   0x77, 0x1B, 0xD6, 0x10, 0xFD, 0x30, 0xDA, 0xBC,   23, 0x0B, 0xBB, 0xCD, 0x23, 0x1E, 0x36, 0x63
    .byte   0x23, 0x65, 0x3E, 0x13, 0x1D, 0xCB, 0xCC, 0xCC, 0xAA, 0xD2, 0xDB, 0xC3, 0x43, 0xCD, 0x34, 0x1F
    .byte   0xCC, 0x21, 0x32, 0xE1, 0x77, 0x7C, 0xD6, 0x75, 0xFB,  111, 0x04, 0xF0, 0xEE, 0x3E, 0xCA, 0xBB
    .byte   0xCC, 0xBB, 0xCD, 0x44, 0xFD, 0x37, 0x64, 0xE3, 0x66, 0xED, 0xD0, 0x3C, 0xBB, 0xCC, 0xCB, 0xAB
    .byte   0x21, 0xEB, 0xD4, 0x43, 0xCE, 0x24, 0x0E, 0xCC, 0xE2, 0x3E, -121, 0x03, 0x77, 0x6C, 0x36, 0x75
    .byte   0xDC, 0x43, 0x01, 0xEE, 0x30, 0xBA, 0xAB, 0xDD, 0xBB, 0xB1, 0x45, 0xEE, 0x46, 0x74, 0x20, 0x46
    .byte   0x2E, 0xCC, 0x1E, 0xCA, 0xBC, 0xDC, 0xBB, 0xDF, 0x0E, 0xE2, 0x34,  -75, 0x0E, 0x1F, 0x0E, 0xCC
    .byte   0xEE, 0x1F, 0xE3, 0x77, 0x52, 0x36, 0x74, 0x2D, 0x32, 0x00, 0xFE, 0x2E, 0xBA, 0xAB, 0xDC, 0xCB
    .byte   0xCD, 0x45, 0x32, 0x36, 0x66, 0x1F, 0x44, 0x31, 0xCB, 0xDF, 0xCB, 0xAB,  -35, 0x0D, 0xCB, 0xC2
    .byte   0x3F, 0x01, 0x42, 0x10, 0x21, 0xDC, 0xDC, 0xED, 0xFF, 0x01, 0x47, 0x74, 0x34, 0x77, 0x00, 0xE2
    .byte   0x00, 0xFF, 0xD2, 0xCA, 0xAB, 0xBC, 0xDB, 0xCD, 0x35, 0x52, 0x26, 0x66, 0x4D,   94, 0x04, 0x30
    .byte   0xCC, 0xCD, 0xCC, 0xBB, 0xCC, 0xEC, 0xCE, 0x23, 0x32, 0x22, 0x20, 0x2F, 0xCC, 0xDD, 0xCD, 0xFF
    .byte   0x00, 0x06, 0x77, 0x43, 0x57, 0x42, 0x11, 0x00, 0x0F, 0xFD, 0xDB, 0xBA, 0xAB, 0xCE,  -72, 0x0C
    .byte   0xD4, 0x65, 0x33, 0x56, 0x63, 0xE2, 0x22, 0xDD, 0xCB, 0xCC, 0xDB, 0xCB, 0xDD, 0xED, 0x13, 0x23
    .byte   0x33, 0x2F, 0xDE, 0x2D, 0xCB, 0xBF, 0xF0, 0xF0, 0x04, 0x77, 0x54, 0x37, 0x62, 0x11, 0x00,  127
    .byte   0x00, 0x0C, 0xCC, 0xBC, 0xAA, 0xAD, 0x31, 0xEC, 0x36, 0x66, 0x43, 0x55, 0x42, 0xFC, 0xCD, 0xDC
    .byte   0xCA, 0xCD, 0xDC, 0xCC, 0xF0, 0x32, 0x22, 0x35, 0x3E, 0xDD, 0xE1, 0xCB, 0xAD, 0xFF, 0x00, 0x00
    .byte   -126, 0x07, 0x77, 0x45, 0x74, 0x00, 0x00, 0x00, 0x0F, 0xCB, 0xAC, 0xCB, 0xAA, 0xD2, 0x33, 0xD4
    .byte   0x56, 0x66, 0x34, 0x33, 0x3F, 0xCB, 0xCD, 0xBD, 0xBB, 0xCD, 0x1D, 0xDD, 0xE3, 0x43, 0x32, 0x33
    .byte   0x10,  -27, 0x0D, 0xDB, 0xCB, 0xCF, 0x00, 0x00, 0x03, 0x77, 0x74, 0x56, 0x42, 0x11, 0x00, 0x00
    .byte   0x0B, 0xBA, 0xBD, 0xBB, 0xAD, 0x13, 0x32, 0x45, 0x56, 0x65, 0x41, 0x21, 0x1D, 0xBB, 0xCC, 0xBC
    .byte   0xDC, 0xCD,  -63, 0x0F, 0x11, 0x23, 0x34, 0x33, 0x2D, 0xED, 0xDD, 0xCB, 0xBC, 0xE1, 0xF1, 0xF1
    .byte   0xF7, 0x77, 0x56, 0x54, 0x21, 0x10, 0x00, 0xFF, 0xCA, 0xAB, 0xCC, 0xBB, 0xDD, 0x14, 0x44, 0x54
    .byte   0x56, 0x64, 0x3F,  118, 0x0E, 0xDC, 0xCB, 0xAC, 0xCD, 0xDD, 0xCE, 0x21, 0x23, 0x33, 0x34, 0x31
    .byte   0xEC, 0xDD, 0xDC, 0xAC, 0xCF, 0x00, 0x00, 0x01, 0x67, 0x77, 0x46, 0x41, 0x11, 0x00, 0xFF, 0xEC
    .byte   0xAB, 0xAB, 0xDC, 0xBD,  -82, 0x0E, 0x25, 0x55, 0x45, 0x56, 0x52, 0x1F, 0xCC, 0xCC, 0xBB, 0xBB
    .byte   0xDF, 0xEE, 0xEE, 0x22, 0x44, 0x33, 0x33, 0x3F, 0xDC, 0xCB, 0xDB, 0xBC, 0xE0, 0xF1, 0x00, 0xF4
    .byte   0x77, 0x76, 0x64, 0x20, 0x00,  127, 0x0F, 0xFC, 0xDB, 0xAB, 0xAD, 0xCC, 0xEE, 0xEF, 0x36, 0x55
    .byte   0x45, 0x55, 0x41, 0xFD, 0xBB, 0xCC, 0xBB, 0xBB, 0x02, 0xF2, 0x2F, 0x34, 0x44, 0x22, 0x02, 0x1D
    .byte   0xDB, 0xBC, 0xCC, 0xBF, 0xF0, 0x01, -128, 0x01, 0x17, 0x77, 0x76, 0x42, 0x10, 0x00, 0x0E, 0xBC
    .byte   0xCB, 0xBB, 0xCB, 0xDE, 0x12, 0xE2, 0x46, 0x55, 0x55, 0x44, 0x10, 0xFB, 0xBB, 0xCB, 0xBB, 0xDC
    .byte   0xE2, 0x43, 0x21, 0x33, 0x43, 0x22, 0xFD,    2, 0x0E, 0xDB, 0xCB, 0xBC, 0xDF, 0x01, 0xF1, 0x01
    .byte   0x47, 0x77, 0x66, 0x41, 0x1F, 0x10, 0x0D, 0xBC, 0xBB, 0xBC, 0xCB, 0xDF, 0x31, 0x03, 0x55, 0x55
    .byte   0x55, 0x31, 0x22, 0xCB, 0xBB, 0xCB, 0xCC, 0xDD,  -68, 0x03, 0x44, 0x01, 0x23, 0x34, 0x23, 0xDC
    .byte   0xEE, 0xCC, 0xBC, 0xBC, 0xEF, 0x0F, 0x00, 0x02, 0x67, 0x77, 0x65, 0x21, 0x11, 0x00, 0xFB, 0xBC
    .byte   0xCB, 0xBC, 0xCC, 0xD2, 0x42, 0x03, 0x55, 0x55, 0x53,  108, 0x00, 0x10, 0xCB, 0xBB, 0xBB, 0xDE
    .byte   0xDD, 0x13, 0x44, 0x33, 0x20, 0x23, 0x32, 0xDC, 0xDD, 0xCC, 0xCB, 0xBD, 0xEF, 0x00, 0x00, 0x03
    .byte   0x67, 0x77, 0x73, 0x21, 0x00, 0x00, 0xEB, 0xAC, 0xCC, 0xBD,  -35, 0x0C, 0xD3, 0x42, 0x13, 0x45
    .byte   0x55, 0x53, 0xEE, 0x00, 0xDB, 0xBB, 0xBB, 0xD2, 0xFE, 0xD2, 0x45, 0x33, 0x12, 0xF1, 0x32, 0xEC
    .byte   0xCD, 0xCC, 0xBD, 0xCC, 0xD0, 0x00, 0x01, 0x03, 0x56, 0x77, 0x76,  127, 0x00, 0x00, 0x0F, 0x1B
    .byte   0xAC, 0xDC, 0xBD, 0xDB, 0xB2, 0x44, 0x33, 0x34, 0x55, 0x55, 0x3C, 0xC0, 0xEC, 0xBC, 0xBB, 0xBF
    .byte   0x31, 0xDF, 0x34, 0x43, 0x43, 0xFD, 0xF3, 0x0D, 0xCD, 0xCB, 0xCC, 0xDC, -123, 0x0E, 0xF0, 0x00
    .byte   0x00, 0x54, 0x67, 0x77, 0x52, 0x11, 0x00, 0x0E, 0xBA, 0xCC, 0xCC, 0xEE, 0xBB, 0xF4, 0x43, 0x33
    .byte   0x44, 0x55, 0x53, 0xDC, 0xDD, 0xDC, 0xCC, 0xAC, 0xD2, 0x2E, 0xF2, 0x33, 0x43,   17, 0x01, 0xFF
    .byte   0x22, 0xDD, 0xCD, 0xCB, 0xCD, 0xCC, 0xDF, 0xF0, 0x1F, 0x24, 0x55, 0x77, 0x75, 0x32, 0x0F, 0xE2
    .byte   0x1B, 0xAC, 0xCD, 0xB0, 0x1C, 0xBC, 0x34, 0x34, 0x33, 0x34, 0x45, 0x4F, 0xDD, 0xDC,   39, 0x0D
    .byte   0xDC, 0xBB, 0x02, 0x12, 0x32, 0x02, 0x34, 0x3F, 0x01, 0xED, 0xE0, 0xDC, 0xCC, 0xCD, 0xDD, 0xED
    .byte   0xDE, 0x1F, 0x44, 0x44, 0x57, 0x76, 0x22, 0x3D, 0xC3, 0x42, 0xAB, 0xDE, 0xCD, 0x22, 0xBB,  -39
    .byte   0x02, 0x43, 0x33, 0x3E, 0x04, 0x64, 0xEE, 0xEC, 0xCD, 0x2F, 0xCB, 0xCE, 0xDF, 0x33, 0x2E, 0xF3
    .byte   0x42, 0x22, 0x2D, 0xCF, 0x0D, 0xCE, 0x1C, 0xCD, 0x0D, 0xDE, 0x3E, 0xC2, 0x43, 0x24, 0x66, 0x62
    .byte     55, 0x04, 0x2C, 0x24, 0x4D, 0xCE, 0x0C, 0xD1, 0x3E, 0xBC, 0xDD, 0xD2, 0x23, 0x31, 0x03, 0x43
    .byte   0x33, 0x2E, 0xCD, 0xEF, 0xDE, 0xFD, 0xCD, 0x23, 0x12, 0x02, 0xED, 0x02, 0x3F, 0xEE, 0xED, 0xDE
    .byte   0x2F,  -39, 0x0D, 0xDD, 0xDE, 0x00, 0xDD, 0xF3, 0xF2, 0x45, 0x54, 0x04, 0x4D, 0x14, 0x53, 0x02
    .byte   0x31, 0xD0, 0x3E, 0xDD, 0xDC, 0xDC, 0xDF, 0xFF, 0xF0, 0x1F, 0x02, 0x22, 0xF2, 0x02, 0xE0, 0x22
    .byte   0xEF, 0xE2,   14, 0x0D, 0x10, 0xED, 0xEE, 0x1E, 0xE1, 0xFE, 0xEE, 0x1F, 0xDE, 0xFE, 0xDE, 0xDF
    .byte   0xDD, 0xE2, 0x11, 0x44, 0x54, 0x33, 0x51, 0x24, 0x54, 0x31, 0x31, 0xD0, 0x11, 0xDC, 0xCD, 0xBC
    .byte   0xC0, 0xEE, 0xEE,  -22, 0x0F, 0xF3, 0x43, 0x21, 0x22, 0x11, 0x32, 0xFE, 0xEE, 0xED, 0xDF, 0x0D
    .byte   0xDE, 0xEE, 0xE0, 0xFF, 0xEF, 0xFF, 0xEF, 0xFE, 0xED, 0xDE, 0xDD, 0xE0, 0x22, 0x34, 0x55, 0x33
    .byte   0x43, 0x24, 0x45, 0x32,  107, 0x02, 0xDE, 0x1F, 0xEC, 0xCC, 0xCB, 0xDD, 0xFF, 0xEE, 0x1F, 0xF3
    .byte   0x34, 0x22, 0x30, 0xF1, 0x22, 0x2E, 0xEE, 0xED, 0xEE, 0x0D, 0xDD, 0xEE, 0xD1, 0x2F, 0xEF, 0xE1
    .byte   0xE0, 0x1E, 0xED, 0xDD, 0xED,  -95, 0x0E, 0x13, 0x33, 0x45, 0x40, 0x44, 0x22, 0x55, 0x42, 0x33
    .byte   0xDD, 0x22, 0xED, 0xCC, 0xCB, 0xCD, 0xDF, 0xEE, 0x1F, 0xF1, 0x34, 0x31, 0x32, 0x2F, 0x32, 0x10
    .byte   0xFE, 0xED, 0xEF, 0xED, 0xED, 0xDD,  -30, 0x0E, 0x12, 0xEE, 0xEF, 0xE0, 0x00, 0xED, 0xED, 0xDE
    .byte   0xED, 0x21, 0x33, 0x35, 0x51, 0x34, 0x31, 0x45, 0x52, 0x24, 0x1D, 0xE2, 0xFE, 0xDC, 0xCC, 0xBC
    .byte   0xDF, 0xFD, 0xE0, 0xFF, 0x14, 0x33, 0x12,   18, 0x01, 0x22, 0x31, 0x1E, 0xEE, 0xEE, 0xFE, 0xED
    .byte   0xDD, 0xDF, 0x01, 0x0E, 0xEE, 0xE0, 0xF0, 0xEF, 0xED, 0xED, 0xED, 0xE1, 0x22, 0x34, 0x44, 0x32
    .byte   0x44, 0x03, 0x55, 0x31, 0x33, 0xED, 0x22, 0xFD,   74, 0x0C, 0xCC, 0xCC, 0xFF, 0xDD, 0x10, 0xE2
    .byte   0x34, 0x20, 0x13, 0x1F, 0x33, 0x10, 0xFE, 0xFE, 0xE1, 0xEE, 0xDD, 0xDF, 0xEF, 0x1F, 0xEE, 0xEE
    .byte   0xF0, 0xE0, 0xEE, 0xEE, 0xDF, 0xED, 0xD2, 0x31, 0x33,  -38, 0x04, 0x12, 0x44, 0xF3, 0x54, 0x32
    .byte   0x33, 0xEF, 0x22, 0xED, 0xCD, 0xCC, 0xCD, 0xED, 0xDE, 0xF0, 0xF2, 0x32, 0x12, 0x22, 0x22, 0x32
    .byte   0x01, 0x0F, 0xE1, 0xFF, 0xED, 0xEE, 0xDE, 0xE0, 0x0E, 0xEE,  -33, 0x0E, 0xE1, 0x0F, 0xEE, 0xDE
    .byte   0xFF, 0xEE, 0xDE, 0xF2, 0x32, 0x44, 0x32, 0x34, 0x23, 0x44, 0x42, 0x33, 0x22, 0x11, 0x1E, 0xDD
    .byte   0xCD, 0xCD, 0xDD, 0xED, 0xE1, 0xFF, 0x02, 0x21, 0x12, 0x20, 0x22,   16, 0x01, 0x00, 0x10, 0x0E
    .byte   0x0E, 0xEE, 0xEF, 0x0D, 0x10, 0x0E, 0xD1, 0xEE, 0xEF, 0xFE, 0xDE, 0xFE, 0xFE, 0xFE, 0xEE, 0x23
    .byte   0x23, 0x43, 0x12, 0x42, 0x34, 0x43, 0x33, 0x32, 0x22, 0x22, 0xFD, 0xDD,   59, 0x0C, 0xDD, 0xDE
    .byte   0xDE, 0xEF, 0xE0, 0x1F, 0xE2, 0x21, 0x22, 0x21, 0x12, 0x11, 0x20, 0xEF, 0x0E, 0xED, 0xED, 0xFF
    .byte   0xEE, 0x0E, 0xDE, 0x43, 0xCD, 0x0E, 0xD1, 0x31, 0xBC, 0x12, 0x22, 0x34, 0x65,   12, 0x02, 0x43
    .byte   0xF4, 0x53, 0xED, 0xE1, 0xDD, 0x11, 0xCB, 0xCD, 0xED, 0xF2, 0x2F, 0xE4, 0x44, 0x42, 0x32, 0xEF
    .byte   0x22, 0xDC, 0xDD, 0xDC, 0xE0, 0xFD, 0xDE, 0x02, 0x23, 0x4F, 0xEF, 0x12, 0xEE, 0xDD,  -34, 0x0D
    .byte   0xDD, 0xDD, 0xDC, 0xDD, 0xEF, 0xF5, 0x55, 0x56, 0x64, 0x53, 0x31, 0x0F, 0x2D, 0xBC, 0xCD, 0xDD
    .byte   0xED, 0xCC, 0x03, 0x34, 0x22, 0x33, 0x45, 0x4F, 0xDD, 0xDD, 0xFD, 0xCC, 0xBC, 0x03, 0x11,  -27
    .byte   0x0F, 0x23, 0x44, 0x41, 0x10, 0x10, 0xED, 0xCC, 0xBC, 0xDE, 0xDD, 0xDD, 0x20, 0x2E, 0xCD, 0xE2
    .byte   0x55, 0x54, 0x66, 0x44, 0x40, 0xFE, 0xD2, 0xEC, 0xBC, 0xDF, 0xEF, 0xED, 0xD0, 0x34, 0x42, 0x22
    .byte     40, 0x03, 0x43, 0x1C, 0xCD, 0xEE, 0xDD, 0xDC, 0xD0, 0x33, 0x0F, 0x12, 0x33, 0x42, 0xFE, 0xF1
    .byte   0xFE, 0xDC, 0xCC, 0xCE, 0xDD, 0xDD, 0x02, 0x31, 0xFF, 0xCD, 0xFF, 0x45, 0x34, 0x56, 0x54, 0x32
    .byte   0x2F,   75, 0x02, 0x0C, 0xBD, 0xED, 0xEE, 0xFD, 0xDE, 0x34, 0x32, 0x22, 0x23, 0x33, 0xFD, 0xDD
    .byte   0xEE, 0xDD, 0xDC, 0xE0, 0x32, 0x0F, 0x13, 0x23, 0x33, 0xFE, 0xF1, 0x1D, 0xDC, 0xDC, 0xCD, 0xED
    .byte   0xED, 0xF1,  -78, 0x02, 0x0F, 0xDD, 0xDE, 0x35, 0x44, 0x46, 0x54, 0x43, 0x11, 0xEF, 0x2C, 0xCD
    .byte   0xDD, 0xED, 0x1D, 0xDE, 0x24, 0x32, 0x23, 0x23, 0x33, 0x1D, 0xDE, 0xEE, 0xED, 0xCD, 0xDE, 0x23
    .byte   0xFE, 0x22, 0x13,   18, 0x02, 0x2F, 0x02, 0x1D, 0xDD, 0xCD, 0xCD, 0xDD, 0xDE, 0xE1, 0xF1, 0x01
    .byte   0xFD, 0xDE, 0xE4, 0x44, 0x45, 0x64, 0x45, 0xF3, 0x0D, 0x2F, 0xCC, 0xDD, 0xED, 0xDF, 0xED, 0xF3
    .byte   0x33, 0x22, 0x33, 0x23,   63, 0x0E, 0xDF, 0xDE, 0xFD, 0xDD, 0xCE, 0xF1, 0x01, 0x11, 0x22, 0x32
    .byte   0x32, 0x02, 0x01, 0xDD, 0xDD, 0xCD, 0xDD, 0xCE, 0xED, 0x2F, 0x02, 0xF1, 0xED, 0xDD, 0x34, 0x44
    .byte   0x36, 0x64, 0x41, 0x32, 0xD2,   80, 0x0C, 0xCD, 0xC1, 0xED, 0xFE, 0xDE, 0x13, 0x33, 0x12, 0x32
    .byte   0x33, 0x1D, 0xEE, 0xEF, 0xDD, 0xDC, 0xEE, 0x10, 0xF1, 0x12, 0x32, 0x33, 0x12, 0x02, 0x0E, 0xDD
    .byte   0xCD, 0xDC, 0xDD, 0xDE, 0xEF, 0x00,  -75, 0x00, 0x21, 0xDD, 0xED, 0x44, 0x43, 0x56, 0x44, 0x40
    .byte   0x30, 0xD3, 0xFC, 0xDC, 0xEF, 0xDE, 0x0D, 0xD1, 0x23, 0x31, 0x23, 0x22, 0x32, 0xFD, 0xEE, 0xFE
    .byte   0xDD, 0xDD, 0xD0, 0x1F, 0xF0, 0x23, 0x32,   18, 0x02, 0x21, 0x12, 0x0D, 0xCD, 0xDD, 0xDC, 0xFC
    .byte   0xDE, 0x11, 0xFF, 0x11, 0x21, 0xDD, 0xDF, 0x44, 0x43, 0x46, 0x44, 0x42, 0x3E, 0xE3, 0xEC, 0xDD
    .byte   0xFE, 0xDE, 0xEE, 0xDF, 0x13, 0x21, 0x23, 0x23,   50, 0x02, 0xEE, 0xE0, 0xFD, 0xDD, 0xDD, 0xEE
    .byte   0x1E, 0xF0, 0x23, 0x22, 0x22, 0x22, 0x20, 0x2D, 0xDD, 0xDD, 0xDD, 0xCD, 0xC0, 0xF1, 0x0E, 0x02
    .byte   0x12, 0xEE, 0xDD, 0x43, 0x44, 0x46, 0x44, 0x32, 0x40,   69, 0x03, 0xDD, 0xDC, 0x1F, 0xDF, 0xDE
    .byte   0xEE, 0x22, 0x2F, 0x03, 0x32, 0x32, 0xFE, 0xE0, 0xFE, 0xDD, 0xCE, 0xE0, 0xFF, 0xEE, 0x23, 0x22
    .byte   0x12, 0x22, 0x22, 0xFE, 0xDD, 0xDD, 0xDD, 0xCD, 0xDE, 0x0E,  -73, 0x0E, 0xF2, 0x22, 0xED, 0xFF
    .byte   0x24, 0x33, 0x26, 0x54, 0x4D, 0x42, 0xE3, 0xFD, 0xEC, 0xE2, 0xED, 0xFD, 0xEF, 0xF2, 0xF0, 0x02
    .byte   0x32, 0x31, 0x1E, 0xF1, 0xE1, 0xDD, 0xED, 0xE1, 0xEE, 0xEF, 0x02,   -3, 0x02, 0x2F, 0x22, 0x22
    .byte   0x1E, 0xED, 0xDE, 0xDD, 0xDD, 0xCE, 0xEF, 0xEE, 0xE1, 0x12, 0x2F, 0xEF, 0xE4, 0x33, 0x34, 0x54
    .byte   0x44, 0xF4, 0xFF, 0x3E, 0xDD, 0xD1, 0x1D, 0xEE, 0xDE, 0x01, 0x2F, 0xE2,   20, 0x02, 0x32, 0x2F
    .byte   0xE2, 0x11, 0xED, 0xDE, 0xDF, 0xE0, 0xDE, 0xE2, 0x22, 0x2F, 0x22, 0x22, 0x2F, 0xFD, 0xDF, 0xDD
    .byte   0xDC, 0xDD, 0xEF, 0x0D, 0xEE, 0x1F, 0x22, 0x01, 0xEF, 0x43, 0x43, 0x35, 0x34,   39, 0x03, 0x4E
    .byte   0xE2, 0xF0, 0xED, 0x2E, 0xDF, 0xEF, 0xDE, 0x12, 0xEF, 0x12, 0x11, 0x31, 0xFF, 0xF2, 0x0E, 0xEE
    .byte   0xED, 0x0E, 0xEE, 0xEE, 0x12, 0x11, 0x21, 0x01, 0x02, 0xFF, 0xDE, 0xDE, 0xED, 0xED,  -55, 0x0E
    .byte   0xFF, 0xEE, 0xEE, 0x2F, 0x32, 0xE1, 0x12, 0x34, 0x23, 0x42, 0x34, 0x24, 0x1F, 0x2F, 0x2F, 0xE0
    .byte   0xFE, 0xFF, 0xFE, 0xEE, 0x1F, 0xE2, 0xF0, 0x2F, 0x3F, 0xE1, 0x11, 0x0E, 0xEE, 0xEE, 0x1E,    9
    .byte   0x0E, 0xEF, 0xFF, 0x0F, 0xF1, 0xF1, 0x10, 0xEE, 0xFE, 0xEE, 0xDF, 0xED, 0xEE, 0xE0, 0xEF, 0xEF
    .byte   0x02, 0x22, 0x10, 0x20, 0x23, 0x23, 0x03, 0x43, 0x31, 0x23, 0xE3, 0x20, 0x0E, 0xF3, 0xE0, 0x0F
    .byte     38, 0x0E, 0xF1, 0x0F, 0xE0, 0x10, 0x22, 0xFF, 0xF0, 0x02, 0xEF, 0xDE, 0xFE, 0xFF, 0xD0, 0xFF
    .byte   0x0F, 0xE0, 0xEE, 0x10, 0xE0, 0xE0, 0xE0, 0xFE, 0xEE, 0xFE, 0xEE, 0xEE, 0x01, 0x01, 0x1F, 0x22
    .byte   0x22,  -41, 0x00, 0x21, 0x22, 0x12, 0x12, 0x33, 0x12, 0x12, 0x22, 0x31, 0x11, 0x12, 0x22, 0x10
    .byte   0xF0, 0xE2, 0xF1, 0xEE, 0x10, 0x10, 0xFF, 0xEF, 0xF0, 0xE0, 0xEE, 0x0E, 0x0E, 0x0E, 0xFE, 0xFE
    .byte   0x0F, 0xEF,  -15, 0x00, 0xFF, 0x0F, 0xE0, 0xFF, 0xF0, 0xE0, 0xEF, 0xF0, 0x01, 0xF0, 0x00, 0x11
    .byte   0x11, 0x11, 0x00, 0x22, 0x20, 0x10, 0x21, 0x11, 0x21, 0x21, 0x22, 0x22, 0xF1, 0x22, 0x20, 0xF0
    .byte   0x11, 0x11, 0xFF,   31, 0x02, 0x1F, 0xF0, 0xEF, 0xF0, 0xFE, 0xE2, 0xEE, 0x21, 0x1E, 0xE0, 0xEF
    .byte   0xFE, 0xFE, 0xFE, 0x21, 0xEE, 0xE2, 0xFF, 0xFE, 0xFF, 0x02, 0x0F, 0x1E, 0xFF, 0xE2, 0xFF, 0x0E
    .byte   0x02, 0x21, 0x1D, 0xF2,  -22, 0x02, 0x1E, 0xF2, 0x13, 0x3E, 0x0E, 0xF1, 0x3E, 0x3E, 0x00, 0x02
    .byte   0x35, 0xBF, 0xCD, 0x52, 0x20, 0xCE, 0x41, 0x40, 0xCE, 0xD2, 0x33, 0xE1, 0xC1, 0x12, 0x3D, 0xFC
    .byte   0x2E, 0x23, 0x22, 0xCE, 0xE3,    5, 0x02, 0xEC, 0xE2, 0x32, 0x1D, 0xFE, 0xD3, 0x0E, 0x2C, 0x02
    .byte   0x32, 0x3E, 0xD2, 0xE3, 0xF1, 0xB2, 0x3F, 0x5E, 0xB4, 0x0D, 0x6B, 0xF4, 0xA5, 0xEE, 0x4F, 0x3C
    .byte   0xC3, 0x23, 0x2B, 0x3F, 0xD6, 0xEF,    9, 0x02, 0xE2, 0xD2, 0xFF, 0xED, 0x5B, 0x6C, 0x12, 0xA5
    .byte   0xFF, 0x3E, 0xB3, 0x4D, 0x5F, 0xB4, 0xCD, 0x5B, 0x34, 0xA6, 0xBC, 0x50, 0x3E, 0x0B, 0x4F, 0x43
    .byte   0xDC, 0xC4, 0x35, 0xA4, 0xCB, 0x6F, 0xF5,    2, 0x0A, 0x7A, 0x6E, 0x0A, 0x4E, 0xD7, 0xA5, 0xDC
    .byte   0x34, 0xB4, 0x49, 0x42, 0xED, 0x79, 0x6F, 0xA6, 0xCE, 0xD5, 0xA4, 0x21, 0x41, 0xCD, 0x69, 0x62
    .byte   0xA5, 0xB3, 0x35, 0xBD, 0x59, 0x65, 0xB2, 0x39,   -2, 0x04, 0xA7, 0xBC, 0x40, 0xC6, 0xCC, 0x69
    .byte   0x34, 0xB5, 0x5A, 0x5B, 0x2E, 0x6A, 0x5E, 0x97, 0xA5, 0x5A, 0x13, 0xB6, 0x2C, 0x5C, 0xA7, 0xB4
    .byte   0x0C, 0x3C, 0x4C, 0x51, 0xDC, 0x4B, 0x5E, 0xE2, 0xEE,  -12, 0x04, 0xD4, 0xD3, 0xB6, 0xA6, 0xDC
    .byte   0x2B, 0x5C, 0x6A, 0x6C, 0xB5, 0xC3, 0x4B, 0xE5, 0xA5, 0x59, 0x7B, 0xC6, 0xA5, 0xDD, 0x5C, 0xE2
    .byte   0xFE, 0x4B, 0x4D, 0xB7, 0xA5, 0x59, 0x6C, 0xEF, 0x3B, 0x5C,  -11, 0x04, 0xB6, 0xC5, 0xB3, 0xC0
    .byte   0x4C, 0x3E, 0xFC, 0x6A, 0x7B, 0x3C, 0xD4, 0xC5, 0xA7, 0xA4, 0x1C, 0x5C, 0x13, 0xC2, 0x2C, 0x4D
    .byte   0x04, 0xC2, 0x23, 0xE1, 0x1C, 0x4B, 0x5C, 0x3E, 0x00, 0xE3, 0xC6,  -10, 0x04, 0xC2, 0x3C, 0x5B
    .byte   0x5B, 0x42, 0xB7, 0xA0, 0x4A, 0x6B, 0x4D, 0x3F, 0xD5, 0xB3, 0x4A, 0x6B, 0x04, 0xC5, 0xB4, 0xDE
    .byte   0x4B, 0x4D, 0x22, 0xD5, 0xB5, 0xDB, 0x5C, 0x3E, 0x3D, 0x11, 0xE3, 0x3D,   -2, 0x04, 0xA6, 0xB3
    .byte   0x4B, 0x5B, 0x4E, 0xE4, 0xC4, 0xCE, 0x2D, 0x4E, 0xD5, 0xB3, 0x3C, 0x5B, 0x22, 0xD2, 0x2E, 0x4C
    .byte   0x21, 0xD4, 0xD1, 0x2C, 0x4D, 0x23, 0xC5, 0xA5, 0xDE, 0x4C, 0x5B, 0x4D, 0xE3,  -12, 0x05, 0xC2
    .byte   0x3B, 0x5C, 0x3F, 0xD4, 0xA6, 0xCF, 0x5B, 0x4D, 0x2E, 0x20, 0xFF, 0xE3, 0xB5, 0xC4, 0xFC, 0x5A
    .byte   0x5D, 0x14, 0xC3, 0xD2, 0x3D, 0x4C, 0x22, 0xC4, 0xC3, 0xFF, 0xFE, 0x3D, 0x24, 0xB5,   -6, 0x02
    .byte   0x2D, 0x4C, 0x3F, 0xF2, 0x1C, 0x40, 0xC4, 0xD1, 0x3C, 0x4D, 0x20, 0x02, 0xD3, 0xEF, 0x1E, 0x2F
    .byte   0x03, 0xD1, 0xF0, 0xE2, 0x1D, 0x31, 0xC5, 0xC3, 0x3B, 0x5A, 0x5D, 0x25, 0x97, 0xA3, 0x5A,   23
    .byte   0x0B, 0xF3, 0xB5, 0xC3, 0x3B, 0x5D, 0x13, 0xC4, 0xC2, 0x3B, 0x5C, 0x4D, 0x3E, 0xE3, 0xC5, 0xA5
    .byte   0xDE, 0x4B, 0x6B, 0x32, 0xB6, 0xA5, 0xED, 0x4B, 0x5C, 0x4C, 0x23, 0xC4, 0xDE, 0x4C, 0x31, 0xD2
    .byte     -7, 0x03, 0xEE, 0x4B, 0x42, 0xC5, 0xC2, 0xE2, 0xE3, 0xD2, 0x1D, 0x4B, 0x5D, 0xC6, 0xA4, 0x3B
    .byte   0x5C, 0xE5, 0xB3, 0x4A, 0x6B, 0x34, 0xA6, 0xCC, 0x6A, 0x44, 0xA6, 0xCC, 0x79, 0x52, 0xA7, 0xA1
    .byte   0x5A,   24, 0x0B, 0xD5, 0xA5, 0x0B, 0x79, 0x52, 0xB6, 0xB5, 0xB3, 0xED, 0x5A, 0x6C, 0xE4, 0xB5
    .byte   0xC2, 0x4A, 0x6C, 0xD5, 0xB4, 0x0C, 0x5B, 0x4E, 0xE4, 0xA6, 0xB2, 0x4C, 0x31, 0xD3, 0xD3, 0x1D
    .byte   0x4B, 0x40,  -14, 0x05, 0xD0, 0xF0, 0x0F, 0xF3, 0xC5, 0xA5, 0x0B, 0x6B, 0x23, 0xDF, 0x4B, 0x6A
    .byte   0x35, 0x97, 0xA3, 0x69, 0x7A, 0x05, 0xA6, 0xCD, 0x4C, 0x31, 0xD4, 0xC2, 0x3C, 0x41, 0xC4, 0xDD
    .byte   0x4C, 0x40, 0xC5,   -8, 0x03, 0xFD, 0x5B, 0x42, 0xA7, 0xBC, 0x78, 0x7D, 0xA7, 0xA3, 0x5A, 0x6B
    .byte   0xF5, 0x97, 0xBD, 0x78, 0x62, 0xA7, 0xA4, 0x2C, 0x5A, 0x53, 0xA7, 0x95, 0x3A, 0x7A, 0x34, 0xB5
    .byte   0xCE, 0x5A, 0x52, 0xA7,  -18, 0x05, 0xEC, 0x5B, 0x5C, 0x14, 0xB4, 0xFE, 0xF3, 0xEC, 0x5B, 0x25
    .byte   0xB4, 0x1C, 0xE5, 0xC2, 0x11, 0xD0, 0x59, 0x7C, 0xB7, 0x94, 0x5A, 0x6B, 0x3D, 0xD6, 0xA5, 0xFC
    .byte   0x3E, 0x20, 0x12, 0xC4, 0xDD,   15, 0x0D, 0xB7, 0xAC, 0x79, 0x46, 0x91, 0x79, 0x17, 0x93, 0x6A
    .byte   0xC7, 0xBC, 0x7A, 0xC7, 0xAC, 0x7A, 0xD7, 0x92, 0x79, 0xE7, 0x9F, 0x7A, 0xC7, 0xAC, 0x7A, 0xE6
    .byte   0xBD, 0x5C, 0xC7, 0xBB, 0x7A, 0xC7,   -7, 0x00, 0x5B, 0x02, 0x4B, 0x36, 0x86, 0x0B, 0x53, 0xC0
    .byte   0x3C, 0x22, 0x3C, 0x34, 0x96, 0x2A, 0x7C, 0xB6, 0xCB, 0x7C, 0xB7, 0xAC, 0x79, 0x27, 0x90, 0x79
    .byte   0xF7, 0x84, 0x78, 0x56, 0x86, 0x59, 0x62,  -34, 0x07, 0xCB, 0x7B, 0xB7, 0xBB, 0x7B, 0xC7, 0xAC
    .byte   0x7A, 0xD7, 0xAD, 0x7A, 0xC7, 0x92, 0x78, 0x47, 0x84, 0x78, 0x57, 0x81, 0x78, 0x47, 0x86, 0x58
    .byte   0x56, 0x86, 0x68, 0x46, 0x93, 0x79, 0x37, 0x8D,   28, 0x09, 0x37, 0xAD, 0x69, 0x07, 0xBE, 0x5A
    .byte   0xD5, 0xB4, 0x5C, 0xE3, 0xB3, 0x2D, 0x5E, 0xD3, 0xC0, 0x4D, 0xF4, 0xC0, 0x4A, 0x44, 0xB4, 0x4A
    .byte   0x43, 0xB5, 0x1B, 0x53, 0xA5, 0x49, 0x55, 0x96, 0x58,   -1, 0x05, 0x86, 0x69, 0x55, 0x85, 0x4A
    .byte   0x55, 0xB3, 0x49, 0x35, 0xB4, 0x5A, 0x25, 0xA2, 0x6B, 0x35, 0xAD, 0x4C, 0xF5, 0xFD, 0x4C, 0xB4
    .byte   0x3D, 0x51, 0xB2, 0x2C, 0x52, 0xE2, 0xDC, 0x13, 0x33, 0x1C,  -21, 0x0C, 0x45, 0x42, 0x0A, 0xB4
    .byte   0x4D, 0x55, 0xBC, 0x4B, 0xB6, 0x5C, 0x33, 0xAB, 0x53, 0x24, 0x4A, 0xB1, 0x32, 0x55, 0xCC, 0xEE
    .byte   0xC2, 0x44, 0xF3, 0xEB, 0xB0, 0x24, 0x63, 0xDB, 0xBC, 0x34, 0x54,   24, 0x0D, 0xDC, 0xD1, 0x34
    .byte   0x43, 0xCC, 0xCC, 0x15, 0x44, 0x0D, 0xBC, 0x03, 0x34, 0x31, 0xED, 0xCD, 0xE3, 0x44, 0x3F, 0xBB
    .byte   0xC3, 0x45, 0x5F, 0xCC, 0xCC, 0x14, 0x44, 0x2E, 0xCC, 0xC1, 0x34, 0x53,   26, 0x0C, 0xBC, 0x04
    .byte   0x44, 0x2F, 0xDC, 0xDF, 0x13, 0x43, 0xDD, 0xCD, 0xF4, 0x43, 0x1E, 0xCD, 0xE2, 0x33, 0x21, 0xED
    .byte   0xED, 0x02, 0x33, 0x2F, 0xDD, 0xDF, 0x33, 0x32, 0xFE, 0xDD, 0xF1, 0x23, 0x32,   12, 0x0D, 0xCD
    .byte   0x23, 0x42, 0xFD, 0xED, 0x22, 0x22, 0x20, 0xFF, 0xED, 0xE1, 0x23, 0x3F, 0xFD, 0xED, 0xF2, 0x22
    .byte   0x22, 0x0E, 0xEF, 0xFF, 0x12, 0x22, 0x0E, 0xEE, 0xEF, 0x22, 0x21, 0x0E, 0xEE, 0xE2,   -3, 0x02
    .byte   0x21, 0xEE, 0xE1, 0x13, 0x20, 0xFE, 0xED, 0x01, 0x22, 0x21, 0xFE, 0xEE, 0x22, 0x21, 0x0E, 0xE0
    .byte   0x02, 0x10, 0x10, 0xFF, 0xFF, 0xF0, 0x1F, 0x11, 0x00, 0x00, 0xF1, 0x01, 0x10, 0xF0, 0xFF,   -1
    .byte   0x01, 0x02, 0x00, 0xEF, 0xFE, 0x02, 0x02, 0x11, 0xF0, 0xEF, 0x00, 0x11, 0x11, 0x1F, 0x0F, 0xFF
    .byte   0xF1, 0x10, 0x11, 0x0E, 0xFF, 0x01, 0x21, 0x11, 0xFE, 0xE0, 0x12, 0x11, 0x10, 0xFE, 0x10, 0x01
    .byte      1, 0x01, 0x0F, 0xFF, 0xF0, 0x01, 0x11, 0x11, 0x0E, 0xFF, 0x01, 0x02, 0x01, 0xFF, 0xFF, 0xFF
    .byte   0xF0, 0x21, 0x11, 0xFF, 0xFF, 0xF0, 0x01, 0x11, 0x00, 0x0F, 0x0F, 0x01, 0x1F, 0x00, 0x0F, 0x00
    .byte   0x10,    1, 0x00, 0x00, 0xF0, 0xF0, 0x00, 0x01, 0x1F, 0x1F, 0x00, 0xF1, 0x00, 0x00, 0x01, 0x0F
    .byte   0x00, 0x00, 0x01, 0xFF, 0x10, 0xF0, 0x10, 0x0F, 0x10, 0xF1, 0x01, 0xF0, 0x00, 0xF1, 0x01, 0xF0
    .byte   0x00, 0x00,   -1, 0x01, 0x0F, 0x1F, 0x00, 0x10, 0x0F, 0x11, 0xF1, 0xF0, 0xF0, 0x10, 0x00, 0x00
    .byte   0x1F, 0x00, 0x0F, 0x10, 0xF1, 0x0F, 0x10, 0x00, 0xF1, 0x10, 0xF0, 0x1F, 0x00, 0xF1, 0x00, 0x00
    .byte   0xF0, 0x01, 0x0F,    0, 0x00, 0x01, 0x0F, 0x10, 0xF0, 0x01, 0x0F, 0x00, 0xF1, 0x00, 0xF1, 0x0F
    .byte   0x10, 0x0F, 0x10, 0xF1, 0x0F, 0x00, 0x01, 0xF0, 0x1F, 0x10, 0xF0, 0x01, 0x00, 0x00, 0x00, 0x00
    .byte   0x00, 0x00, 0x1F, 0x00,    0, 0x01, 0xF1, 0x0F, 0x00, 0x1F, 0x0F, 0x10, 0x00, 0x00, 0x00, 0x00
    .byte   0x1F, 0x00, 0x00, 0x00, 0x00, 0x00, 0x00, 0x1F, 0x00, 0x00, 0x00, 0x00, 0x00, 0x00, 0x00, 0x00
    .byte   0xF1, 0x00, 0x00, 0x00, 0xF1,    0, 0x01, 0xF0, 0x1F, 0x00, 0x01, 0xF0, 0x1F, 0x0F, 0x10, 0x1F
    .byte   0x00, 0x1F, 0x00, 0x10, 0xF0, 0x10, 0x00, 0x00, 0xF1, 0x00, 0x01, 0xF0, 0x00, 0xF1, 0x0F, 0x1F
    .byte   0x1F, 0x00, 0x00, 0x0F, 0x10, 0xF1,    0, 0x0F, 0x00, 0xF1, 0xF0, 0x10, 0xF0, 0x1F, 0x01, 0x00
    .byte   0x0F, 0x00, 0x11, 0xF0, 0x10, 0x01, 0x01, 0x0F, 0x11, 0x10, 0x01, 0xF1, 0x01, 0x01, 0xF0, 0x11
    .byte   0xF0, 0x1F, 0x00, 0x0F, 0x0F, 0x0F, 0xF0,    1, 0x00, 0x0F, 0xF0, 0xF0, 0xFF, 0xF0, 0xFF, 0x0E
    .byte   0x0F, 0x0F, 0xFF, 0xFF, 0xFF, 0xFF, 0xFF, 0x0F, 0x00, 0x01, 0x00, 0x21, 0x22, 0x22, 0x32, 0x22
    .byte   0x22, 0x22, 0x21, 0x21, 0x21, 0x01, 0x0F, 0xFF,   42, 0x0F, 0xEE, 0xEE, 0xEE, 0xEE, 0xEE, 0xDE
    .byte   0xEE, 0xDF, 0xEE, 0xFF, 0xEF, 0xFE, 0x0E, 0x0F, 0xEF, 0xFF, 0xF0, 0x21, 0x22, 0x32, 0x33, 0x33
    .byte   0x32, 0x32, 0x32, 0x32, 0x32, 0x22, 0x21, 0x0F, 0xEE,   64, 0x0E, 0xDE, 0xEE, 0xEE, 0xEE, 0xDF
    .byte   0xDE, 0xDE, 0xDE, 0xEF, 0xE1, 0xE1, 0x01, 0x10, 0x20, 0x22, 0x22, 0x22, 0x22, 0x21, 0x22, 0x11
    .byte   0x11, 0x1F, 0xFE, 0xEE, 0xED, 0xEE, 0xDE, 0xED, 0xEE, 0xEE,  -63, 0x0E, 0xFE, 0x02, 0x33, 0x43
    .byte   0x33, 0x22, 0x32, 0x33, 0x23, 0x23, 0x22, 0x12, 0x1F, 0x0E, 0xEE, 0xEF, 0xEE, 0xFE, 0xFE, 0xED
    .byte   0xED, 0xED, 0xED, 0xFE, 0xEF, 0x0E, 0x0E, 0x1F, 0x00, 0x11, 0x11,  -29, 0x00, 0x21, 0x01, 0x00
    .byte   0xE0, 0xFE, 0xFF, 0xF0, 0xEF, 0xFF, 0xFF, 0x12, 0x33, 0x43, 0x22, 0x21, 0x22, 0x23, 0x22, 0x22
    .byte   0x11, 0x10, 0x0E, 0xFE, 0xEE, 0xEF, 0xE0, 0xE0, 0xEF, 0xED, 0xEE, 0xDE,  -14, 0x0E, 0x0F, 0xF0
    .byte   0x1F, 0x11, 0x11, 0x11, 0x00, 0x11, 0x10, 0x20, 0x0F, 0x0F, 0xF0, 0xEE, 0xEE, 0xFE, 0xFF, 0xFE
    .byte   0xE0, 0xEE, 0xFF, 0x02, 0x33, 0x43, 0x33, 0x22, 0x22, 0x22, 0x22, 0x22, 0x00,   54, 0x0F, 0xFF
    .byte   0xEE, 0xEE, 0xEE, 0x0E, 0xF0, 0xE0, 0xEF, 0xEE, 0xEE, 0x0E, 0x0F, 0xF1, 0x11, 0x10, 0x1F, 0x0F
    .byte   0x00, 0xFF, 0xF1, 0x0F, 0xF0, 0x0E, 0x0E, 0xFE, 0xFF, 0xEE, 0x0F, 0xE0, 0x0E, 0xEE,  -54, 0x0E
    .byte   0x0F, 0x02, 0x23, 0x34, 0x43, 0x43, 0x33, 0x22, 0x22, 0x20, 0x00, 0xEE, 0xEE, 0xDF, 0xDE, 0xEE
    .byte   0xDE, 0xEF, 0xF0, 0xF0, 0x0E, 0x0E, 0x0E, 0x00, 0x11, 0x11, 0x11, 0x10, 0x0F, 0x1F, 0xF0,   -5
    .byte   0x00, 0xEF, 0x0E, 0xFF, 0xEF, 0xFF, 0xEF, 0xEF, 0xEF, 0xE0, 0xE0, 0xE0, 0xE0, 0xFF, 0x11, 0x22
    .byte   0x34, 0x34, 0x34, 0x43, 0x33, 0x22, 0x20, 0xEE, 0xEE, 0xDD, 0xDE, 0xDD, 0xED, 0xEE, 0xEF, 0xFF
    .byte     -7, 0x00, 0x21, 0x02, 0x01, 0x2F, 0x02, 0x01, 0x1F, 0x00, 0x0E, 0xFF, 0xEF, 0xEE, 0xE0, 0xEE
    .byte   0xFF, 0x0E, 0xFF, 0x0E, 0x0E, 0x0E, 0x0E, 0xEF, 0xFE, 0xFE, 0xFF, 0x00, 0x22, 0x33, 0x34, 0x44
    .byte   0x44,   66, 0x04, 0x23, 0x21, 0xEE, 0xDD, 0xDD, 0xDC, 0xDD, 0xDE, 0xDE, 0xEF, 0xFF, 0x12, 0x22
    .byte   0x23, 0x22, 0x22, 0x11, 0x10, 0xFF, 0xEE, 0xEE, 0xEE, 0xEE, 0xEE, 0xE0, 0xE0, 0xF0, 0x00, 0x00
    .byte   0xFF, 0xFF,  -32, 0x0F, 0xEF, 0xEF, 0xEE, 0xEE, 0xFE, 0xE1, 0x02, 0x23, 0x34, 0x44, 0x44, 0x53
    .byte   0x43, 0x32, 0x1F, 0xDD, 0xCD, 0xCC, 0xDC, 0xDD, 0xDE, 0xEF, 0x01, 0x12, 0x31, 0x32, 0x32, 0x31
    .byte   0x22, 0x11, 0x1E,   33, 0x0E, 0xDE, 0xDD, 0xDD, 0xEE, 0xEE, 0xF0, 0x02, 0x21, 0x21, 0x20, 0x0E
    .byte   0xFE, 0xED, 0xED, 0xEE, 0xDE, 0xFE, 0x11, 0x22, 0x34, 0x44, 0x45, 0x54, 0x54, 0x32, 0x2F, 0xED
    .byte   0xCC, 0xBC, 0xCC, 0xCD,  -27, 0x0E, 0xE1, 0x12, 0x23, 0x23, 0x33, 0x23, 0x22, 0x22, 0x11, 0xFE
    .byte   0xEE, 0xDD, 0xDD, 0xCD, 0xED, 0xE0, 0x01, 0x23, 0x23, 0x22, 0x20, 0xFE, 0xED, 0xDD, 0xDD, 0xDD
    .byte   0xEE, 0xE1, 0x12, 0x22, 0x34,  -36, 0x05, 0x55, 0x55, 0x53, 0x20, 0x00, 0xED, 0xBB, 0xBB, 0xCC
    .byte   0xCD, 0xEF, 0x22, 0x33, 0x33, 0x33, 0x33, 0x23, 0x22, 0x22, 0xFF, 0xED, 0xDD, 0xCC, 0xCD, 0xCD
    .byte   0xEE, 0x21, 0x33, 0x34, 0x33, 0x31,   14, 0x0E, 0xDC, 0xDC, 0xCC, 0xDC, 0xEE, 0xFF, 0x12, 0x22
    .byte   0x33, 0x54, 0x56, 0x56, 0x62, 0x00, 0x00, 0x00, 0xBA, 0xBA, 0xBB, 0xDC, 0x02, 0x33, 0x44, 0x34
    .byte   0x33, 0x33, 0x22, 0x22, 0x22, 0x0F, 0xED,   43, 0x0C, 0xCC, 0xBC, 0xDD, 0xE1, 0x33, 0x44, 0x44
    .byte   0x33, 0x2E, 0xED, 0xCC, 0xBC, 0xCC, 0xCD, 0xEE, 0x11, 0x21, 0x22, 0x13, 0x45, 0x56, 0x67, 0x52
    .byte   0x20, 0x00, 0x0F, 0xAA, 0xAA, 0xBC, 0xCF, 0x23,  -50, 0x03, 0x44, 0x42, 0x33, 0x33, 0x33, 0x33
    .byte   0x31, 0xFD, 0xDC, 0xBC, 0xBB, 0xCC, 0xEE, 0x23, 0x44, 0x44, 0x43, 0x22, 0xFE, 0xDC, 0xCC, 0xBC
    .byte   0xBD, 0xCD, 0xFF, 0x20, 0x21, 0x22, 0x23, 0x55, 0x66,   74, 0x07, 0x20, 0x00, 0x00, 0xFB, 0x99
    .byte   0xAB, 0xCD, 0x23, 0x44, 0x44, 0x43, 0x11, 0x21, 0x33, 0x43, 0x43, 0x3F, 0xEC, 0xBB, 0xBA, 0xCB
    .byte   0xD0, 0x33, 0x45, 0x53, 0x43, 0x20, 0xED, 0xDD, 0xCC, 0xCC,  -66, 0x0C, 0xCD, 0xDD, 0xFF, 0x01
    .byte   0x22, 0x23, 0x34, 0x56, 0x66, 0x75, 0x00, 0x00, 0x0F, 0xB9, 0x9A, 0xAC, 0x02, 0x44, 0x54, 0x43
    .byte   0x31, 0xFE, 0x13, 0x34, 0x44, 0x33, 0xEE, 0xBB, 0xAB, 0xBB, 0xCE,  -74, 0x04, 0x44, 0x55, 0x42
    .byte   0x20, 0xED, 0xDD, 0xCD, 0xCC, 0xCC, 0xCC, 0xDD, 0xE0, 0x12, 0x12, 0x22, 0x23, 0x35, 0x66, 0x67
    .byte   0x52, 0x11, 0x00, 0xEA, 0x99, 0xAB, 0xD1, 0x45, 0x55, 0x43, 0xEE, 0xDD,    2, 0x02, 0x34, 0x54
    .byte   0x54, 0x2D, 0xCB, 0xAB, 0xAB, 0xCE, 0x23, 0x54, 0x54, 0x43, 0x20, 0xDD, 0xDD, 0xCD, 0xDD, 0xCC
    .byte   0xCC, 0xDC, 0xEE, 0x12, 0x32, 0x22, 0x0F, 0x23, 0x56, 0x67, 0x74, 0x21, 0x00,  127, 0x0D, 0x89
    .byte   0xAA, 0xDF, 0x45, 0x55, 0x43, 0xFD, 0xDC, 0xEE, 0x34, 0x55, 0x54, 0x3D, 0xCB, 0xAA, 0xAC, 0xCF
    .byte   0x34, 0x45, 0x54, 0x22, 0x0D, 0xDD, 0xDD, 0xDF, 0xED, 0xDC, 0xCC, 0xCC, 0xDE, 0x02, -113, 0x03
    .byte   0x22, 0xFE, 0x02, 0x45, 0x77, 0x76, 0x00, 0x00, 0x0E, 0x98, 0x9B, 0xC1, 0x45, 0x65, 0x43, 0xED
    .byte   0xCC, 0xDE, 0x34, 0x56, 0x54, 0x3E, 0xBA, 0xAA, 0xAB, 0xE2, 0x44, 0x55, 0x53, 0x2E, 0xDD,   13
    .byte   0x0D, 0xD1, 0x00, 0xFE, 0xDC, 0xBB, 0xCC, 0xDF, 0xF2, 0x33, 0x32, 0xFE, 0xE1, 0x36, 0x67, 0x76
    .byte   0x31, 0x11, 0x0C, 0x98, 0x9B, 0xD3, 0x55, 0x65, 0x42, 0xEC, 0xBC, 0xD2, 0x35, 0x65, 0x62, 0x1E
    .byte     88, 0x0A, 0x9A, 0xAD, 0x03, 0x55, 0x55, 0x42, 0xDD, 0xCD, 0xDE, 0x03, 0x21, 0xED, 0xCB, 0xBB
    .byte   0xCC, 0xF0, 0x24, 0x33, 0x21, 0xDD, 0xEF, 0x45, 0x77, 0x76, 0x31, 0x10, 0xEB, 0x88, 0x9D, 0xF5
    .byte   0x66,   43, 0x05, 0x3D, 0xCB, 0xBB, 0xE2, 0x56, 0x66, 0x41, 0x0C, 0x99, 0xAA, 0xBF, 0x45, 0x56
    .byte   0x54, 0x2D, 0xCB, 0xDD, 0xE3, 0x33, 0x3F, 0xDC, 0xAB, 0xAB, 0xEF, 0x00, 0x44, 0x43, 0x1D, 0xCC
    .byte   0xC1, 0x46,  -19, 0x07, 0x76, 0x31, 0x1F, 0x18, 0x88, 0xCE, 0x46, 0x66, 0x63, 0xDB, 0xBA, 0xBD
    .byte   0x35, 0x67, 0x64, 0x1F, 0xD9, 0x99, 0xAC, 0x04, 0x65, 0x65, 0x4D, 0xCB, 0xBD, 0xD3, 0x44, 0x44
    .byte   0xED, 0xBA, 0xAA, -119, 0x0D, 0x1F, 0x34, 0x44, 0x20, 0xCC, 0xCD, 0xE2, 0x57, 0x77, 0x75, 0x21
    .byte   0xFF, 0xB8, 0x89, 0xE3, 0x56, 0x66, 0x4F, 0xCA, 0xBB, 0xCF, 0x56, 0x66, 0x61, 0xED, 0x99, 0x9B
    .byte   0xCE, 0x46, 0x56, 0x43,   57, 0x0C, 0xCB, 0xDE, 0x34, 0x44, 0x2F, 0xCB, 0xAB, 0xAC, 0xC1, 0x23
    .byte   0x43, 0x3F, 0xED, 0xDC, 0xEE, 0x24, 0x57, 0x77, 0x72, 0x20, 0x0D, 0x99, 0x9A, 0x14, 0x56, 0x55
    .byte   0x3D, 0xBA, 0xCC, 0xE4, 0x56,   83, 0x05, 0x4F, 0xCA, 0x9A, 0xBC, 0xE4, 0x55, 0x54, 0x3D, 0xCC
    .byte   0xCD, 0x13, 0x44, 0x41, 0x0B, 0xBB, 0xAB, 0xDD, 0x12, 0x23, 0x1E, 0xDE, 0xDE, 0xE1, 0x13, 0x34
    .byte   0x57, 0x67, 0x71, 0x10, 0x0C, 0x9A,  -17, 0x0B, 0x13, 0x55, 0x44, 0x1D, 0xCB, 0xCE, 0x25, 0x56
    .byte   0x54, 0x3C, 0xBA, 0xAB, 0xCE, 0x34, 0x44, 0x32, 0xED, 0xDD, 0x22, 0x34, 0x33, 0xFD, 0xBB, 0xBB
    .byte   0xCC, 0x12, 0x21, 0x0E, 0xED, 0xDD, 0xF1, -110, 0x02, 0x22, 0x33, 0x46, 0x76, 0x74, 0x21, 0x0D
    .byte   0x9A, 0xAB, 0xE1, 0x55, 0x43, 0xED, 0xDB, 0xDF, 0x35, 0x55, 0x54, 0xEC, 0xBB, 0xAC, 0xDF, 0x24
    .byte   0x33, 0x2F, 0xDE, 0xD1, 0x23, 0x43, 0x31, 0xEC,    8, 0x0B, 0xCB, 0xED, 0xF1, 0x0F, 0xDD, 0xDE
    .byte   0xD1, 0x12, 0x22, 0x10, 0x12, 0x45, 0x76, 0x76, 0x22, 0x00, 0xA9, 0xBA, 0xD3, 0x35, 0x43, 0x2C
    .byte   0xCD, 0xCF, 0x35, 0x55, 0x53, 0x1D, 0xBB, 0xBB, 0xDE,  -10, 0x03, 0x33, 0x1E, 0xDE, 0xF0, 0x24
    .byte   0x34, 0x2F, 0xDC, 0xCB, 0xCC, 0xD0, 0xFE, 0xFE, 0xDD, 0xDD, 0xE2, 0x02, 0x30, 0x0E, 0xFE, 0x24
    .byte   0x67, 0x77, 0x50, 0x00, 0xDA, 0x9B, 0xB0, 0x34, 0x44, 0x2D,   14, 0x0C, 0xDD, 0x24, 0x56, 0x54
    .byte   0x1D, 0xCB, 0xBB, 0xCF, 0x33, 0x32, 0xFE, 0xDD, 0xE1, 0x24, 0x44, 0x32, 0xDC, 0xCB, 0xCC, 0xEF
    .byte   0x10, 0xDD, 0xDC, 0xCE, 0xE1, 0x23, 0x32, 0x2E, 0xEE, 0xE2, 0x46,    6, 0x07, 0x74, 0x21, 0xFD
    .byte   0x9A, 0xBB, 0x33, 0x44, 0x31, 0xDC, 0xBC, 0x03, 0x55, 0x65, 0x31, 0xDB, 0xBA, 0xDE, 0x13, 0x33
    .byte   0x2E, 0xCC, 0xDE, 0x34, 0x45, 0x32, 0xFC, 0xCB, 0xCD, 0xEE, 0xEF, 0xED,  -66, 0x0C, 0xDD, 0xDF
    .byte   0x33, 0x32, 0x2E, 0xDD, 0xDF, 0x33, 0x67, 0x77, 0x52, 0x2E, 0xD9, 0xAB, 0xC1, 0x44, 0x33, 0xED
    .byte   0xCB, 0xDF, 0x35, 0x65, 0x43, 0xFD, 0xCB, 0xBD, 0xE2, 0x33, 0x1D, 0xDC, 0xDD,  -21, 0x03, 0x45
    .byte   0x43, 0x1D, 0xCC, 0xDC, 0xEE, 0x1E, 0xFC, 0xCC, 0xCD, 0xEF, 0x23, 0x22, 0x0E, 0xDD, 0xE0, 0x33
    .byte   0x44, 0x67, 0x66, 0x51, 0xED, 0xBA, 0xBC, 0xC2, 0x34, 0x20, 0xDD, 0xCD, 0xF2, 0x45,   55, 0x05
    .byte   0x3F, 0xDC, 0xCD, 0xDD, 0x02, 0x11, 0xED, 0xCC, 0xF0, 0x34, 0x44, 0x3F, 0xED, 0xCD, 0xDF, 0xEF
    .byte   0xED, 0xCC, 0xCD, 0xDD, 0x12, 0x22, 0x20, 0xED, 0xED, 0x12, 0x33, 0x45, 0x56, 0x67, 0x42,  127
    .byte   0x0C, 0xBB, 0xBB, 0xD2, 0x33, 0x2F, 0xDC, 0xDD, 0x13, 0x44, 0x55, 0x21, 0xDC, 0xDD, 0xEF, 0xFF
    .byte   0x0E, 0xDD, 0xCD, 0xE1, 0x34, 0x42, 0x21, 0x0E, 0xEE, 0xDE, 0xED, 0xDD, 0xCC, 0xCD, 0xEF, 0xF0
    .byte    -90, 0x01, 0x00, 0xFE, 0xF0, 0xF1, 0x22, 0x34, 0x66, 0x77, 0x41, 0x1C, 0xBB, 0xBC, 0xD3, 0x33
    .byte   0x2E, 0xCC, 0xCD, 0x14, 0x45, 0x44, 0x3D, 0xDC, 0xDD, 0x03, 0x21, 0x1D, 0xCC, 0xCE, 0xE1, 0x44
    .byte   0x43,   37, 0x0E, 0xDE, 0xDF, 0x01, 0xFE, 0xDC, 0xCC, 0xCC, 0xE2, 0x22, 0x0F, 0xED, 0xEE, 0xE1
    .byte   0x02, 0x32, 0x34, 0x56, 0x67, 0x53, 0x2C, 0xBB, 0xCC, 0xD2, 0x23, 0x2D, 0xDB, 0xDD, 0x24, 0x44
    .byte   0x53, 0x1E,   55, 0x0D, 0xDE, 0x02, 0x21, 0xDD, 0xCD, 0xDD, 0x22, 0x34, 0x32, 0x0E, 0xDF, 0xF1
    .byte   0x22, 0xED, 0xDC, 0xCC, 0xCE, 0xE1, 0x11, 0xEE, 0xDE, 0xF1, 0x00, 0x10, 0x22, 0x23, 0x45, 0x67
    .byte   0x65, 0x2D, 0xBC,   45, 0x0D, 0xEE, 0x22, 0x2F, 0xDC, 0xCD, 0xE2, 0x54, 0x43, 0x10, 0xEE, 0xDF
    .byte   0x02, 0x21, 0xED, 0xCC, 0xDE, 0x12, 0x32, 0x32, 0x11, 0xEE, 0xE1, 0x22, 0x0D, 0xDC, 0xDC, 0xDC
    .byte   0xEE, 0xF0, 0x0E, 0xED,  -93, 0x0E, 0x10, 0x00, 0xFF, 0x33, 0x45, 0x66, 0x65, 0x4E, 0xCC, 0xCD
    .byte   0xD0, 0xF1, 0x0E, 0xEC, 0xDD, 0xE2, 0x34, 0x33, 0x3F, 0xFE, 0x00, 0x11, 0x1F, 0xED, 0xDD, 0xDD
    .byte   0x20, 0x31, 0x00, 0xEF, 0x01,   12, 0x02, 0x22, 0x1D, 0xDC, 0xDC, 0xEE, 0xEE, 0xDD, 0xDF, 0xEF
    .byte   0x21, 0x1E, 0xDD, 0xEF, 0x04, 0x44, 0x45, 0x65, 0x62, 0x2E, 0xCD, 0xD0, 0xEE, 0x0E, 0xED, 0xDD
    .byte   0xEE, 0x13, 0x33, 0x21, 0x20, 0x22,   50, 0x01, 0xFF, 0xFD, 0xDD, 0xDD, 0x22, 0x22, 0xED, 0xEE
    .byte   0x21, 0x32, 0x22, 0x1E, 0xDD, 0xCE, 0xEE, 0xFD, 0xCC, 0xDE, 0x02, 0x31, 0x1E, 0xDD, 0xDE, 0xE2
    .byte   0x33, 0x44, 0x45, 0x66, 0x43, 0x0C, 0xCE,   49, 0x02, 0x2E, 0xDD, 0xDD, 0xEE, 0xE1, 0x23, 0x31
    .byte   0xF0, 0x22, 0x33, 0x22, 0xDD, 0xDD, 0xDE, 0x02, 0x0F, 0xED, 0xD0, 0x03, 0x32, 0x20, 0xFF, 0x0F
    .byte   0x0E, 0xED, 0xDC, 0xCC, 0xDD, 0x02, 0x11, 0x2F,  -70, 0x0E, 0xDD, 0xD1, 0x12, 0x32, 0x24, 0x46
    .byte   0x65, 0x52, 0xFC, 0xD0, 0x23, 0x1D, 0xCD, 0xCE, 0x00, 0x22, 0xE1, 0x0E, 0x12, 0x34, 0x32, 0x1D
    .byte   0xDD, 0xFF, 0xEE, 0xFE, 0xDE, 0xDE, 0x22, 0x23, 0x0E,    7, 0x02, 0x33, 0x21, 0xED, 0xDD, 0xCD
    .byte   0xDD, 0xED, 0xDC, 0x12, 0x31, 0xED, 0xDE, 0x21, 0x1E, 0xEF, 0x24, 0x45, 0x66, 0x52, 0xDD, 0xF3
    .byte   0x43, 0xEC, 0xCC, 0xDF, 0x12, 0x2F, 0xDD, 0xDE, 0x34, 0x43,   46, 0x0E, 0xD1, 0x23, 0x1F, 0xDD
    .byte   0xCD, 0x01, 0x32, 0xEC, 0xDE, 0x33, 0x42, 0x0E, 0xEE, 0x22, 0x1E, 0xDC, 0xCC, 0xD0, 0x1E, 0xDE
    .byte   0xD1, 0x11, 0x0E, 0xFE, 0xEF, 0xEE, 0xE3, 0x45, 0x45, 0x55, 0x31,   55, 0x02, 0x33, 0x1D, 0xDD
    .byte   0xEE, 0xEE, 0xEE, 0xED, 0xDE, 0x23, 0x32, 0xFE, 0x23, 0x32, 0x1E, 0xDD, 0xE0, 0x1E, 0x0D, 0xDD
    .byte   0xE2, 0x23, 0x2E, 0xEE, 0x24, 0x32, 0xFD, 0xCD, 0xE1, 0xEC, 0xDC, 0xDD,  -70, 0x01, 0x20, 0xFE
    .byte   0xDE, 0x10, 0x1E, 0xD0, 0x24, 0x44, 0x45, 0x54, 0x31, 0x03, 0x42, 0xED, 0xC0, 0x1E, 0xEE, 0x0E
    .byte   0xDC, 0xD3, 0x32, 0xEE, 0xE3, 0x43, 0x1E, 0xEF, 0xEE, 0xF2, 0xFD, 0xCE, 0xE2,    5, 0x0E, 0xEE
    .byte   0x12, 0x23, 0x33, 0x1D, 0xE1, 0x10, 0xDC, 0xCD, 0xDE, 0xDE, 0xEE, 0xDF, 0xE2, 0x20, 0xEE, 0xDF
    .byte   0xFF, 0x23, 0x44, 0x34, 0x55, 0x4E, 0x02, 0x43, 0x1D, 0xDF, 0x1F, 0xDE, 0x1E, 0xDD,   12, 0x02
    .byte   0x2F, 0xE2, 0x32, 0x21, 0x21, 0x1F, 0xEF, 0xFF, 0xDD, 0xDE, 0xF1, 0xEE, 0xE0, 0x2F, 0x13, 0x33
    .byte   0x0E, 0x01, 0x1E, 0xDC, 0xDD, 0xED, 0xDE, 0xEE, 0xEE, 0xEE, 0xE1, 0x00, 0xED, 0x12, 0x32,  -69
    .byte   0x03, 0x44, 0x44, 0x53, 0x21, 0x34, 0x1E, 0xE1, 0x0E, 0xEE, 0xEE, 0xDE, 0xD0, 0x0E, 0xD2, 0x33
    .byte   0x1F, 0x13, 0x3F, 0xEE, 0xE2, 0xED, 0xDE, 0x1E, 0xEE, 0xE0, 0x11, 0x0E, 0x23, 0x22, 0xF0, 0x2F
    .byte     15, 0x0D, 0xED, 0xDD, 0xDD, 0xED, 0xDE, 0x11, 0xED, 0xE1, 0x2F, 0xEF, 0x02, 0x22, 0x44, 0x32
    .byte   0x46, 0x4D, 0xE4, 0x53, 0xCD, 0x33, 0x1D, 0xCF, 0x2E, 0xDC, 0xF2, 0xFC, 0x03, 0x3E, 0x13, 0x31
    .byte   0x1F,   36, 0x0F, 0x2F, 0xDD, 0xF0, 0xED, 0xE1, 0xFE, 0x0F, 0x01, 0x22, 0x20, 0x12, 0x10, 0xDE
    .byte   0xEE, 0xDD, 0xDD, 0xED, 0xED, 0x0E, 0xEF, 0xEE, 0xE0, 0x22, 0xFE, 0x24, 0x43, 0x23, 0x55, 0x4C
    .byte   0x25, 0x5E,   56, 0x0F, 0x43, 0xEC, 0xD2, 0x2E, 0xCC, 0x22, 0xDC, 0x13, 0x2E, 0xF4, 0x2E, 0xE2
    .byte   0x21, 0xED, 0xE1, 0x2E, 0xCE, 0x22, 0xFD, 0xD2, 0x3F, 0xE1, 0x22, 0x21, 0xFE, 0xF0, 0xED, 0xDD
    .byte   0xFE, 0xDD, 0xEE,  -63, 0x0E, 0xFE, 0xD0, 0x1F, 0xE1, 0x11, 0x23, 0x32, 0x43, 0x44, 0x42, 0x24
    .byte   0x43, 0xFE, 0x33, 0x2C, 0xD2, 0x3D, 0xCC, 0x11, 0xEC, 0xD2, 0x21, 0xF2, 0x20, 0x22, 0x3D, 0xE0
    .byte   0x31, 0xDD, 0x02, 0x1D,    4, 0x0F, 0x01, 0xFE, 0xFF, 0x22, 0x2E, 0xE3, 0x2E, 0xDD, 0x1F, 0xDD
    .byte   0xDD, 0x2E, 0xDC, 0x22, 0xEC, 0xF2, 0x1D, 0xF2, 0x22, 0x22, 0x43, 0x42, 0x54, 0x22, 0x44, 0x2E
    .byte   0x03, 0x4F, 0xCE, 0x22, 0xDC,   36, 0x01, 0xFD, 0xCE, 0x21, 0xE1, 0x21, 0x12, 0x30, 0xEE, 0x22
    .byte   0x2D, 0xD1, 0x30, 0xDD, 0x12, 0x0D, 0xFF, 0x02, 0x0F, 0xF0, 0x21, 0xFD, 0xF0, 0xED, 0xDE, 0xEE
    .byte   0xED, 0xDE, 0x1E, 0xDE, 0xFF, 0xE0,  -80, 0x02, 0xF2, 0x34, 0x32, 0x25, 0x52, 0xF4, 0x44, 0xEE
    .byte   0x33, 0x2D, 0xD1, 0x3D, 0xCD, 0xF1, 0xDC, 0xD2, 0x1E, 0xF1, 0x12, 0xF3, 0x1E, 0xE2, 0x21, 0xEE
    .byte   0x12, 0x1D, 0xEF, 0xF2, 0xED, 0xE2, 0x2F,   -2, 0x0F, 0x22, 0x0E, 0xE0, 0x0E, 0xDE, 0xDE, 0xEE
    .byte   0xDE, 0xEE, 0xEE, 0xDE, 0x01, 0xDF, 0x22, 0x22, 0x33, 0x43, 0x34, 0x52, 0x04, 0x43, 0x10, 0x33
    .byte   0x1D, 0x01, 0x1E, 0xCD, 0xEE, 0xCE, 0xED, 0xE0,    0, 0x01, 0xE0, 0x32, 0x1E, 0x13, 0x22, 0xD0
    .byte   0x32, 0xED, 0xF2, 0x1E, 0xDF, 0x00, 0xEE, 0x00, 0x1F, 0xFF, 0xE0, 0xEF, 0xEE, 0xEE, 0xEE, 0xDE
    .byte   0xFE, 0x0D, 0xD0, 0x01, 0xDE, 0x13, 0x3F, 0xE4, 0x43,  -24, 0x03, 0x53, 0x24, 0x42, 0x31, 0x33
    .byte   0x0E, 0xE1, 0xFE, 0xDC, 0xFE, 0xCD, 0xDF, 0xFD, 0xE2, 0x1F, 0x12, 0x2F, 0x11, 0x32, 0xEE, 0x31
    .byte   0x1E, 0xE2, 0x2D, 0xEE, 0xFF, 0xEE, 0xEF, 0x11, 0x0E, 0xE1,   -9, 0x0E, 0xED, 0xF1, 0xED, 0xD0
    .byte   0x0F, 0xDE, 0xE1, 0xFD, 0xE0, 0x20, 0xE2, 0x33, 0x32, 0x43, 0x44, 0x23, 0x43, 0x33, 0x03, 0x20
    .byte   0xFE, 0x0E, 0xED, 0xDE, 0xDD, 0xDE, 0xDF, 0xEE, 0x1E, 0xF3, 0x10,    2, 0x02, 0x22, 0x1F, 0x22
    .byte   0x10, 0xE1, 0x2E, 0xD1, 0xEF, 0xFE, 0xE1, 0xE1, 0x2E, 0xE1, 0x1F, 0xEE, 0xE0, 0xEE, 0xEE, 0xEE
    .byte   0xEE, 0xEE, 0xEE, 0x0E, 0xEE, 0x21, 0x2F, 0x33, 0x33, 0x33, 0x44, 0x23,   46, 0x03, 0x32, 0x13
    .byte   0x3E, 0xE1, 0xFE, 0xEC, 0xEE, 0xDD, 0xDD, 0xEF, 0xEE, 0xFF, 0x22, 0x0E, 0x23, 0x0F, 0x20, 0x22
    .byte   0xE1, 0x1F, 0xFF, 0xFD, 0x2E, 0xE2, 0xDE, 0x20, 0xE1, 0xE0, 0x1E, 0xEF, 0xEE,  -25, 0x0F, 0xDE
    .byte   0xFD, 0xFE, 0xDF, 0xE1, 0xED, 0x22, 0x0F, 0x03, 0x32, 0x33, 0x43, 0x44, 0x13, 0x43, 0x3F, 0x04
    .byte   0x2E, 0xD2, 0x1E, 0xDD, 0xDF, 0xCD, 0x0C, 0xE2, 0xD1, 0xEF, 0x23, 0xEE, 0x23, 0x11,   12, 0x01
    .byte   0x30, 0xEE, 0x22, 0xEE, 0xFF, 0x1D, 0x10, 0xFE, 0x02, 0xFE, 0x0E, 0x2F, 0xEE, 0xDF, 0xFE, 0xED
    .byte   0xEE, 0xEE, 0xDE, 0xFE, 0xEF, 0xE2, 0xFF, 0x23, 0x30, 0x34, 0x33, 0x34, 0x5E, 0x34, 0x23,   68
    .byte   0x0F, 0x41, 0xDE, 0xE0, 0xED, 0xCE, 0x1C, 0xEE, 0xC2, 0x1D, 0x20, 0xE3, 0x2E, 0x22, 0x12, 0x2E
    .byte   0x13, 0xD1, 0x1E, 0x10, 0xEE, 0x0E, 0xF1, 0xFF, 0xFF, 0x03, 0xD0, 0x1E, 0x2F, 0xDE, 0x1E, 0xEE
    .byte    -36, 0x0D, 0x1E, 0xD0, 0xDF, 0x0D, 0x10, 0xF1, 0x12, 0x31, 0x33, 0x43, 0x33, 0x44, 0x3E, 0x43
    .byte   0x23, 0xD2, 0x3E, 0xDE, 0xFE, 0xED, 0xC1, 0xFC, 0x0D, 0xE1, 0xFE, 0x20, 0x02, 0x3E, 0x12, 0xE3
    .byte   0x1D,   16, 0x0F, 0xE2, 0x0D, 0x01, 0xFE, 0x0E, 0x12, 0xFE, 0x20, 0x21, 0xFF, 0xE0, 0x1E, 0xED
    .byte   0xD1, 0xED, 0xDD, 0x1E, 0xEE, 0xD0, 0x2F, 0xEF, 0x03, 0x00, 0x23, 0x42, 0x24, 0x33, 0x34, 0x4E
    .byte   0x23, 0x33,   63, 0x0F, 0x32, 0xDD, 0xE0, 0x1C, 0xDE, 0xFD, 0xEE, 0xE0, 0xE0, 0x3F, 0xFF, 0x23
    .byte   0x0E, 0xF2, 0x2E, 0xE0, 0x0E, 0xEE, 0x2F, 0xEF, 0x02, 0xEF, 0x32, 0xFE, 0x03, 0x2D, 0xE0, 0x0F
    .byte   0xDD, 0xEE, 0xDD,  -42, 0x0E, 0xDE, 0xFE, 0xEE, 0xF2, 0x0E, 0x01, 0x32, 0xF2, 0x33, 0x42, 0x33
    .byte   0x43, 0x42, 0x12, 0x33, 0x1D, 0xF3, 0x1D, 0xDD, 0x21, 0xCD, 0xE0, 0xDF, 0xFF, 0xE0, 0x13, 0x1E
    .byte   0x22, 0x20, 0xE0, 0x1F,   15, 0x0E, 0xFF, 0xEF, 0xF0, 0xEE, 0x22, 0x1E, 0xF3, 0x3E, 0xEF, 0x20
    .byte   0xEE, 0xEF, 0xED, 0xEE, 0xDE, 0xEE, 0xDE, 0xE1, 0x1D, 0xF2, 0x01, 0x0E, 0x22, 0x22, 0x22, 0x34
    .byte   0x31, 0x43, 0x44, 0x2E, 0x33,   74, 0x01, 0xC0, 0x3F, 0xDD, 0xD1, 0xFD, 0xDF, 0xED, 0x12, 0x0E
    .byte   0xF2, 0x32, 0xD0, 0x23, 0xFD, 0xEF, 0x2E, 0xDF, 0xFE, 0xE2, 0x1F, 0xEF, 0x33, 0xEE, 0x23, 0x1E
    .byte   0xE0, 0x1F, 0xDE, 0xED, 0xEE, 0xED,  -43, 0x0E, 0xFF, 0xDE, 0x11, 0x0E, 0x1F, 0x21, 0xFE, 0x12
    .byte   0x21, 0x33, 0x34, 0x34, 0x24, 0x42, 0xF3, 0x23, 0xED, 0xFF, 0x0D, 0xD1, 0xD0, 0xDD, 0x1F, 0xDF
    .byte   0x13, 0xFE, 0x12, 0x30, 0xE0, 0x1F, 0xEE,   10, 0x0E, 0xEE, 0xFE, 0xF0, 0x10, 0x20, 0x22, 0x22
    .byte   0xE2, 0x10, 0xEF, 0x0E, 0xED, 0x0E, 0xED, 0xEF, 0xEE, 0xD0, 0xFE, 0xFF, 0xFF, 0xF0, 0x10, 0x0E
    .byte   0xF0, 0x21, 0x12, 0x34, 0x33, 0x43, 0x44, 0x3F,   62, 0x02, 0x3F, 0xDE, 0xFE, 0xDE, 0xED, 0xFD
    .byte   0xEF, 0xEE, 0x11, 0x21, 0x11, 0x22, 0x10, 0x0E, 0xFE, 0xEE, 0xED, 0xF1, 0xEE, 0xF2, 0x22, 0x21
    .byte   0x31, 0x01, 0x12, 0xED, 0xF1, 0x1D, 0xDE, 0xFF, 0xDE,  -33, 0x0E, 0xEF, 0xE0, 0xEF, 0xF0, 0xF0
    .byte   0xEF, 0x00, 0x10, 0xE0, 0x11, 0x33, 0x43, 0x34, 0x44, 0x5E, 0xF1, 0x23, 0xED, 0xED, 0x1D, 0xEF
    .byte   0xDD, 0xFF, 0x2E, 0xD2, 0x23, 0x1F, 0xE2, 0x3F, 0xEF, 0xDF,   12, 0x0E, 0xDE, 0xEE, 0xF2, 0xF0
    .byte   0x12, 0x32, 0x12, 0x22, 0xFE, 0x0E, 0xFE, 0xEF, 0xDE, 0xEE, 0xFE, 0xD0, 0xE0, 0xFD, 0x10, 0xFF
    .byte   0x0E, 0x0E, 0xF2, 0x0E, 0xD1, 0x12, 0x2F, 0x34, 0x43, 0x43, 0x45,   67, 0x0E, 0xF0, 0x23, 0xEC
    .byte   0xEE, 0x1D, 0xEE, 0xEE, 0xD2, 0x2E, 0xEE, 0x33, 0x1E, 0xF2, 0x1E, 0xEF, 0xEE, 0xDE, 0xFE, 0xEE
    .byte   0x03, 0xFF, 0x22, 0x30, 0xF2, 0x2F, 0xEE, 0x10, 0xFD, 0xD3, 0xED, 0xEE,  -22, 0x0E, 0xEF, 0xE1
    .byte   0xEF, 0x0F, 0xFE, 0xE1, 0x0E, 0xEE, 0x02, 0x0F, 0xE2, 0x32, 0x33, 0x34, 0x34, 0x34, 0x30, 0x1F
    .byte   0x30, 0xDE, 0xE1, 0xDE, 0xE1, 0xED, 0xE2, 0x1E, 0xEE, 0x33, 0xFD, 0x22, 0x0F,   19, 0x0E, 0x1E
    .byte   0xDE, 0xFE, 0xE0, 0x21, 0x00, 0x23, 0x2F, 0xF2, 0x0F, 0x1F, 0xFE, 0xD0, 0x2E, 0xDE, 0x0E, 0xFE
    .byte   0xEF, 0xEE, 0xE0, 0x0E, 0xEF, 0x1F, 0xEF, 0x0F, 0x0F, 0x02, 0xEF, 0x23, 0x32, 0x43,    4, 0x03
    .byte   0x35, 0x3E, 0xF1, 0x23, 0xDE, 0xE2, 0xED, 0x0E, 0xFE, 0xD1, 0x2E, 0xEE, 0x23, 0xEE, 0xF2, 0x20
    .byte   0xDF, 0x0E, 0xEE, 0xEF, 0xEE, 0xF2, 0x1F, 0x02, 0x22, 0xE2, 0x20, 0xFF, 0x01, 0xEE, 0xE1,   -4
    .byte   0x0E, 0xED, 0x1E, 0xEE, 0xE1, 0xFE, 0x1E, 0x10, 0xE0, 0x2E, 0x1E, 0x12, 0xE2, 0xFF, 0x21, 0x30
    .byte   0x24, 0x24, 0x13, 0x43, 0x00, 0x13, 0x2E, 0xEF, 0x1F, 0xEE, 0xEF, 0xEE, 0xFF, 0xED, 0x22, 0x3D
    .byte     16, 0x00, 0x32, 0xFD, 0xF1, 0xFE, 0xEE, 0xEF, 0xE2, 0xFE, 0xE1, 0x22, 0xFF, 0x02, 0x2F, 0x0F
    .byte   0x0F, 0xFF, 0xEE, 0xFE, 0x0D, 0xEE, 0x1F, 0xED, 0xF0, 0x0F, 0xFF, 0x0F, 0x02, 0x01, 0xE2, 0x21
    .byte   0x1F,  -33, 0x02, 0x13, 0x12, 0x32, 0x32, 0x33, 0x02, 0xF3, 0x2E, 0x11, 0x22, 0xDF, 0xE2, 0xED
    .byte   0x0F, 0xFD, 0xE2, 0x2E, 0xEE, 0x30, 0xE0, 0xF1, 0xEF, 0xFF, 0x0D, 0xF2, 0xFE, 0xEF, 0x20, 0xE0
    .byte   0x02, 0xFF,   -4, 0x01, 0x0E, 0xF2, 0x0E, 0xD0, 0x11, 0xED, 0x01, 0xEE, 0x00, 0xFE, 0xE2, 0x21
    .byte   0xEF, 0x23, 0x1E, 0x02, 0x22, 0xF0, 0x22, 0x20, 0x22, 0x02, 0x23, 0x2F, 0xF1, 0x32, 0xF1, 0x02
    .byte   0x10, 0x0F, 0xEF,   33, 0x00, 0xEE, 0xEF, 0x2E, 0xEE, 0x01, 0x0F, 0xF0, 0xE0, 0x11, 0xEE, 0xE2
    .byte   0x2E, 0xEE, 0x2F, 0xFE, 0x00, 0xFF, 0x00, 0x0F, 0xE1, 0x20, 0xEE, 0x12, 0xFF, 0xF0, 0x0F, 0x00
    .byte   0x0F, 0x01, 0x01, 0x0F,  -15, 0x01, 0x11, 0xF0, 0x21, 0x10, 0x11, 0x02, 0x11, 0x10, 0x20, 0x20
    .byte   0x10, 0x02, 0x01, 0x1F, 0x21, 0x0F, 0x01, 0x0F, 0xFF, 0x0F, 0x0F, 0xE0, 0xF0, 0x00, 0xE0, 0x00
    .byte   0xF0, 0xE0, 0x01, 0x0F, 0x0E,   -2, 0x01, 0x0F, 0xFF, 0xF1, 0x1F, 0xFF, 0xF0, 0x11, 0x0F, 0xF0
    .byte   0x11, 0xF0, 0x00, 0x10, 0x0F, 0x01, 0x01, 0x00, 0x00, 0x10, 0xF0, 0x1F, 0x10, 0x00, 0x1F, 0x10
    .byte   0x00, 0x01, 0x10, 0xF1, 0x01, 0xF0,    1, 0x00, 0x00, 0x01, 0x00, 0xF1, 0xF1, 0x0F, 0x1F, 0x10
    .byte   0x0F, 0x00, 0x00, 0x00, 0x0F, 0x00, 0x1F, 0x1F, 0x00, 0x00, 0xF0, 0x1F, 0x00, 0x00, 0x0F, 0x10
    .byte   0x0F, 0x10, 0x10, 0x00, 0x00, 0x10, 0x1F,    2, 0x00, 0xF1, 0x10, 0xF0, 0x10, 0x1F, 0x0F, 0x11
    .byte   0xF0, 0x00, 0x00, 0x00, 0x0F, 0x00, 0x0F, 0x0F, 0x1F, 0x00, 0xF0, 0xF1, 0x00, 0xF0, 0x00, 0x00
    .byte   0x00, 0x00, 0x01, 0xF0, 0x1F, 0x10, 0xF1, 0x00,   -1, 0x0F, 0x10, 0x00, 0x00, 0x0F, 0x01, 0x0F
    .byte   0x10, 0xF1, 0x00, 0x00, 0x00, 0x00, 0x10, 0x00, 0x01, 0x01, 0xF1, 0x0F, 0x10, 0x10, 0x0F, 0x10
    .byte   0x00, 0x1F, 0x10, 0x00, 0x00, 0xF0, 0x01, 0xF0, 0x0F,    3, 0x0F, 0x1F, 0x0F, 0x0F, 0x1F, 0x1F
    .byte   0xF1, 0x00, 0xF0, 0x0F, 0x10, 0xF0, 0x0F, 0x11, 0x0F, 0x00, 0xF0, 0x10, 0xF1, 0xF1, 0x00, 0x00
    .byte   0x00, 0x1F, 0x01, 0x0F, 0x00, 0x10, 0x00, 0x00, 0x01, 0x0F,    0, 0x00, 0x00, 0x00, 0x1F, 0x01
    .byte   0x0F, 0x11, 0xF0, 0x10, 0x00, 0x0F, 0x10, 0x00, 0x01, 0x00, 0xF0, 0x00, 0xF0, 0x10, 0xF0, 0x01
    .byte   0xF0, 0xF1, 0xF0, 0x00, 0x00, 0xF0, 0x00, 0x00, 0x00, 0x0F, 0x00,   -1, 0x0F, 0x01, 0xF0, 0x00
    .byte   0x01, 0xF0, 0x00, 0x10, 0xF1, 0x00, 0x00, 0x1F, 0x10, 0x1F, 0xF1, 0x00, 0x00, 0x00, 0x00, 0x1F
    .byte   0x00, 0x01, 0xF0, 0x10, 0xF1, 0xF0, 0x01, 0x0F, 0x1F, 0x1F, 0x1F, 0x00,    0, 0x01, 0x00, 0x00
    .byte   0x0F, 0x11, 0xFF, 0x00, 0x01, 0xF1, 0xF0, 0x1F, 0x01, 0xF0, 0xF1, 0x00, 0x00, 0x00, 0x0F, 0x1F
    .byte   0x1F, 0x01, 0xF0, 0x10, 0xF1, 0x00, 0x01, 0xF0, 0x00, 0xF1, 0x00, 0x00, 0x00,    0, 0x01, 0xF1
    .byte   0xF0, 0x01, 0xF0, 0xF1, 0x0F, 0x10, 0x00, 0x00, 0x00, 0x00, 0x00, 0x00, 0x1F, 0x01, 0xF0, 0x01
    .byte   0xF1, 0xF0, 0x1F, 0x00, 0x00, 0x00, 0x00, 0x00, 0xF0, 0x01, 0x00, 0x00, 0x00, 0x00,   -1, 0x01
    .byte   0x01, 0xF0, 0x00, 0xF1, 0xF1, 0x0F, 0x10, 0x00, 0x00, 0x00, 0x00, 0x01, 0xF0, 0x00, 0x10, 0xF0
    .byte   0x00, 0x01, 0xF0, 0x01, 0xF0, 0x0F, 0x10, 0x00, 0x01, 0xF0, 0x00, 0x00, 0x1F, 0x00, 0xF0,    0
    .byte   0x00, 0x00, 0x00, 0x00, 0x00, 0x0F, 0x01, 0xF0, 0x10, 0xF1, 0x00, 0x00, 0x00, 0xF1, 0x0F, 0x10
    .byte   0x00, 0x1F, 0x00, 0x00, 0xF1, 0x0F, 0x10, 0x00, 0x00, 0x0F, 0x10, 0x01, 0xF0, 0x00, 0x00, 0x00
    .byte      0, 0x01, 0xF0, 0x1F, 0x1F, 0x00, 0x01, 0xF0, 0x1F, 0x00, 0x01, 0x0F, 0x00, 0x00, 0x1F, 0x00
    .byte   0x00, 0xF1, 0x00, 0x00, 0xF1, 0xF1, 0x1F, 0x00, 0x1F, 0xF0, 0x10, 0x00, 0x00, 0x0F, 0x10, 0xF1
    .byte   0x00,   -1, 0x00, 0x10, 0xF1, 0x00, 0x0F, 0x10, 0x00, 0xF1, 0x1F, 0x0F, 0x01, 0x01, 0xF1, 0x00
    .byte   0xF0, 0x00, 0x10, 0xF0, 0x00, 0x01, 0xF0, 0x00, 0x01, 0x0F, 0x01, 0xF0, 0x00, 0x00, 0x01, 0xF1
    .byte   0xF0, 0x00,    0, 0x00, 0xF0, 0x10, 0x0F, 0x1F, 0x01, 0x0F, 0x10, 0x0F, 0x10, 0xF0, 0x10, 0x0F
    .byte   0x01, 0x00, 0x00, 0xF1, 0x00, 0x00, 0x01, 0xF0, 0xF1, 0x00, 0x00, 0x01, 0xFF, 0x01, 0x0F, 0x00
    .byte   0x10, 0x00, 0x1F,   -1, 0x0F, 0x11, 0x1F, 0x00, 0x10, 0xEF, 0x45, 0x99, 0x77, 0xCA, 0x15, 0x6B
    .byte   0x94, 0x4D, 0xE3, 0x5C, 0xC3, 0x71, 0x88, 0x77, 0xA9, 0x67, 0x49, 0xC6, 0x5B, 0xA4, 0x52, 0xBC
    .byte   0x44, 0xD0, 0xEF, 0x31,    5, 0x02, 0x04, 0xE9, 0xB7, 0x5A, 0xB5, 0x62, 0xBC, 0x43, 0xCE, 0x31
    .byte   0x24, 0x2D, 0xDD, 0x4E, 0xDF, 0x21, 0xD0, 0x2E, 0x23, 0xCD, 0x54, 0xCD, 0x3D, 0x4D, 0xC4, 0xED
    .byte   0x03, 0xFC, 0x34, 0xED, 0xC4,    0, 0x0D, 0x33, 0xDE, 0x34, 0x3B, 0xD5, 0x1C, 0xB0, 0x5E, 0xC2
    .byte   0x42, 0xFD, 0xF4, 0xFB, 0xF4, 0xEC, 0x23, 0x14, 0xCD, 0x5B, 0x04, 0xC2, 0x20, 0x2D, 0x23, 0xD2
    .byte   0x3D, 0x1E, 0x21, 0xEE, 0x03, 0x0C,   -2, 0x03, 0xD2, 0xD3, 0x3C, 0xF3, 0x1D, 0x10, 0x3E, 0xD3
    .byte   0x1F, 0xE3, 0x0C, 0x33, 0xEE, 0xD3, 0x2E, 0xE0, 0x3E, 0xEE, 0x4E, 0xE3, 0xCF, 0x33, 0xC1, 0x32
    .byte   0xDD, 0x31, 0xFE, 0x31, 0xD3, 0xD2, 0x2D,    3, 0x02, 0xDD, 0x33, 0xD1, 0x2C, 0x43, 0xCE, 0x33
    .byte   0xDE, 0xC5, 0x3B, 0xF4, 0x2C, 0xD5, 0xFC, 0x22, 0x3D, 0x01, 0xFF, 0xF3, 0xC2, 0x4D, 0xEE, 0x4D
    .byte   0xF1, 0x13, 0xB3, 0x3D, 0x22, 0xF2, 0xFC, 0x33,   -1, 0x0D, 0x24, 0xDC, 0x24, 0xD1, 0x20, 0xE1
    .byte   0x3D, 0x12, 0xFF, 0x0E, 0x3F, 0xD1, 0x3D, 0x2F, 0xE3, 0xE2, 0xD0, 0x32, 0xCE, 0x5D, 0xDF, 0x31
    .byte   0xDE, 0x33, 0xDD, 0xF4, 0xED, 0x4C, 0x13, 0xE0, 0xE2,    5, 0x0F, 0xD1, 0x3D, 0x22, 0xC3, 0x4D
    .byte   0xD1, 0x4C, 0x10, 0x22, 0xD3, 0xD2, 0x10, 0x0E, 0x13, 0xDF, 0x3D, 0x10, 0xF3, 0xD1, 0x12, 0x0E
    .byte   0x2E, 0x2F, 0xE0, 0xF3, 0xE1, 0xE2, 0x1D, 0x1E, 0x22, 0xD3,    2, 0x0E, 0x2F, 0xF0, 0x2F, 0xEF
    .byte   0x21, 0xD1, 0x22, 0xE0, 0x20, 0xD2, 0x2D, 0x22, 0xEF, 0x23, 0xED, 0x23, 0x1C, 0x31, 0xD1, 0x22
    .byte   0xD0, 0x22, 0xEE, 0x21, 0x2E, 0xE2, 0x0F, 0x2E, 0x2F, 0xF2, 0xEE,    0, 0x03, 0xEC, 0x14, 0xFD
    .byte   0x12, 0x11, 0xE1, 0x01, 0x2D, 0x22, 0x1D, 0xE3, 0x2E, 0xD2, 0x22, 0xED, 0x23, 0x0E, 0xEF, 0x4F
    .byte   0xC0, 0x31, 0xD1, 0x21, 0x1D, 0x22, 0x10, 0xEE, 0x33, 0xCF, 0x32, 0xED,   -3, 0x02, 0x2E, 0xE2
    .byte   0x0F, 0x00, 0xFE, 0x23, 0xED, 0x13, 0xE0, 0xE0, 0x1E, 0x3E, 0xE2, 0x21, 0xE0, 0x2F, 0xEF, 0x2E
    .byte   0xF2, 0xE1, 0x02, 0xFE, 0x02, 0x3D, 0xD3, 0x1E, 0xF2, 0x3E, 0xEE, 0x22, 0xED,   -2, 0x03, 0xDE
    .byte   0xF0, 0x31, 0xD1, 0x22, 0xEF, 0xF1, 0x3E, 0xD2, 0x22, 0xFD, 0x03, 0x1D, 0xE2, 0x3E, 0xD1, 0x3E
    .byte   0x10, 0xE0, 0x31, 0xEE, 0x04, 0xEC, 0xF4, 0x0D, 0xEE, 0x32, 0xDE, 0x22, 0x10, 0xD2,    2, 0x00
    .byte   0xEF, 0x02, 0x3D, 0xE3, 0x0E, 0xE2, 0x2E, 0xDF, 0x32, 0xDE, 0xF4, 0xFD, 0xE3, 0x2E, 0xD2, 0x23
    .byte   0xDE, 0x22, 0xFE, 0x02, 0x0D, 0xE3, 0x2D, 0xF2, 0x3E, 0xD1, 0x32, 0xDE, 0x22, 0xEE, 0x22,   -2
    .byte   0x0F, 0x31, 0xDF, 0x22, 0xED, 0x22, 0x1E, 0xE3, 0x2E, 0xD2, 0x3E, 0xEF, 0x12, 0xEF, 0x10, 0xF1
    .byte   0x2F, 0xE2, 0x20, 0xE0, 0x2F, 0xEF, 0x2E, 0xE0, 0x21, 0xEF, 0x13, 0x1D, 0x12, 0x2E, 0xD3, 0x2E
    .byte     -6, 0x01, 0x32, 0xED, 0x23, 0x2C, 0xE2, 0x3D, 0xD1, 0x33, 0xED, 0x14, 0x0D, 0xD3, 0x2E, 0xEE
    .byte   0x23, 0xEF, 0xE1, 0x3F, 0xDD, 0x33, 0xED, 0x03, 0x2D, 0xD3, 0x4E, 0xDE, 0x31, 0xDF, 0x2F, 0xF0
    .byte   0x1F,   -3, 0x01, 0x22, 0xD0, 0x21, 0xEE, 0x23, 0xFE, 0x02, 0x0E, 0xFF, 0xFE, 0xE2, 0x10, 0xF1
    .byte   0x22, 0x2D, 0xF2, 0x2F, 0xDF, 0x22, 0x10, 0xEF, 0x12, 0x1E, 0xD0, 0x30, 0xED, 0x23, 0x3C, 0x03
    .byte   0x3E, 0xD2,   11, 0x00, 0xDE, 0x12, 0xFD, 0x12, 0x20, 0xE0, 0x12, 0x2D, 0xF2, 0x0F, 0xE0, 0x22
    .byte   0xEF, 0xF1, 0x22, 0xDE, 0x32, 0xED, 0xE4, 0xFC, 0xE2, 0x4E, 0xC0, 0x43, 0xCE, 0x23, 0x1C, 0xF3
    .byte   0x2E, 0xE0, 0x32,    3, 0x00, 0x10, 0x2E, 0xEF, 0x00, 0x3E, 0xD3, 0x30, 0xEE, 0x13, 0x0C, 0x12
    .byte   0x30, 0xCF, 0x43, 0xDC, 0x24, 0x0C, 0xD3, 0x4D, 0xDF, 0x32, 0xDD, 0xF3, 0x0E, 0xE0, 0x22, 0xEE
    .byte   0x02, 0xEE, 0xDE, 0x2F,  -32, 0x0D, 0x33, 0xDD, 0x34, 0x1D, 0xE4, 0x2D, 0xD3, 0x31, 0xF3, 0x43
    .byte   0xE4, 0x4E, 0xD3, 0x41, 0xCC, 0x44, 0xCC, 0xF4, 0x3B, 0xD4, 0x2C, 0xC2, 0x3E, 0xC0, 0x2F, 0xEF
    .byte   0xEF, 0xD0, 0xED, 0xDE, 0xED,  -58, 0x0E, 0xFE, 0xDF, 0x0E, 0xDF, 0x21, 0x00, 0x34, 0x22, 0x46
    .byte   0x41, 0x44, 0x5F, 0xE3, 0x3E, 0xCD, 0x2E, 0xDC, 0x0F, 0xDE, 0x1E, 0xEE, 0x31, 0xEE, 0x34, 0xEE
    .byte   0x33, 0xFD, 0xEE, 0xEC, 0xDE, 0xED,  -25, 0x00, 0x2F, 0xF2, 0x10, 0x20, 0x0E, 0xD2, 0xFD, 0xDD
    .byte   0xED, 0xDD, 0xDF, 0x01, 0x23, 0x44, 0x55, 0x53, 0x45, 0x3E, 0xE1, 0x1D, 0xCD, 0xDE, 0xCD, 0xEE
    .byte   0xD2, 0x1E, 0x12, 0x33, 0xE2, 0x41, 0x2F,   40, 0x01, 0xDE, 0xED, 0xDD, 0xEE, 0xDE, 0x32, 0xE1
    .byte   0x34, 0xFE, 0x32, 0x0E, 0xDF, 0xDD, 0xDD, 0xCD, 0xDE, 0xDC, 0xF3, 0xED, 0x34, 0x51, 0x46, 0x54
    .byte   0x34, 0x42, 0xC2, 0x0C, 0xCC, 0xFD, 0xCD, 0x21,  -12, 0x01, 0x32, 0x11, 0x34, 0xEE, 0x43, 0xEE
    .byte   0x12, 0xEC, 0xD1, 0xDD, 0xDE, 0xFE, 0xF3, 0x1F, 0x33, 0x1F, 0xF3, 0x1D, 0xDF, 0xED, 0xCC, 0xFE
    .byte   0xCD, 0xEF, 0xEE, 0xE3, 0x43, 0x33, 0x56, 0x50, 0x44,   93, 0x01, 0xB1, 0x2D, 0xCB, 0xEF, 0xDD
    .byte   0xE1, 0xE0, 0x32, 0x1E, 0x34, 0xFE, 0x24, 0x0D, 0xE2, 0x1C, 0xDE, 0xEE, 0xDD, 0x21, 0x12, 0x12
    .byte   0x32, 0x21, 0xE2, 0x0D, 0xDE, 0xDD, 0xCD, 0xED, 0xCF, 0xEE,  -92, 0x0E, 0x33, 0x14, 0x43, 0x56
    .byte   0x43, 0x42, 0x43, 0xBE, 0x2D, 0xCC, 0xC1, 0xEC, 0x21, 0xE1, 0x32, 0x2D, 0x25, 0x0D, 0x23, 0x3D
    .byte   0xC3, 0x2C, 0xDD, 0x1E, 0xC0, 0x3F, 0xE2, 0x31, 0x22, 0x22, 0xF1,   17, 0x0D, 0xDE, 0xDD, 0xCD
    .byte   0xDE, 0xCE, 0x0E, 0xE1, 0x21, 0x33, 0x43, 0x35, 0x64, 0xF3, 0x44, 0xEB, 0x11, 0xFC, 0xBE, 0x2D
    .byte   0xEF, 0x1E, 0x23, 0x00, 0xF3, 0x4D, 0xF3, 0x2F, 0xEE, 0x2E, 0xCE, 0x0D,   -4, 0x0D, 0x12, 0xFE
    .byte   0x32, 0x21, 0x22, 0x0F, 0xFF, 0xDE, 0xED, 0xDC, 0xED, 0xEC, 0xD1, 0x1E, 0x01, 0x22, 0x24, 0x43
    .byte   0x26, 0x52, 0x32, 0x44, 0xCD, 0x2F, 0xDC, 0xC2, 0xED, 0xE2, 0xFF, 0x22, 0x2E,   17, 0x04, 0xFE
    .byte   0x02, 0x2E, 0xD1, 0x2D, 0xDE, 0xE1, 0xEE, 0x10, 0xF2, 0x10, 0x02, 0x22, 0xDF, 0x1F, 0xDD, 0xDE
    .byte   0xED, 0xDD, 0xEE, 0xEF, 0xEF, 0xF1, 0x31, 0x23, 0x44, 0x35, 0x43, 0x31, 0x41, 0xDE,   49, 0x0F
    .byte   0xEC, 0xD3, 0xFE, 0x01, 0x01, 0x20, 0x0E, 0x22, 0xED, 0x12, 0xFE, 0xD1, 0x2E, 0xDE, 0x3F, 0xEF
    .byte   0xF1, 0x10, 0x00, 0x10, 0x0F, 0xE0, 0x0E, 0xDE, 0xEE, 0xDD, 0xEE, 0xED, 0xE1, 0x1E, 0xE2,  -70
    .byte   0x02, 0x23, 0x33, 0x34, 0x53, 0x23, 0x33, 0xED, 0x21, 0xEE, 0xD2, 0x2E, 0x22, 0xEF, 0x03, 0xFD
    .byte   0xD2, 0x3D, 0xDD, 0x31, 0xDD, 0x22, 0xEE, 0xF0, 0xFF, 0xF1, 0x01, 0x10, 0xE0, 0x0E, 0x0E, 0x1F
    .byte    -12, 0x0E, 0x0E, 0xDF, 0xDE, 0xDE, 0xE0, 0xEE, 0x02, 0x10, 0x11, 0x32, 0x23, 0x35, 0x41, 0xF3
    .byte   0x42, 0xDE, 0x23, 0x0D, 0x21, 0x22, 0xF2, 0xEF, 0x12, 0xED, 0xE0, 0x1D, 0xEE, 0x2E, 0xE1, 0xE1
    .byte   0xF1,   13, 0x0E, 0xE0, 0x11, 0xD1, 0x11, 0xEF, 0x00, 0x10, 0x1E, 0x1E, 0xEE, 0xDD, 0xEE, 0xD0
    .byte   0xEE, 0xF0, 0x1F, 0xEF, 0x10, 0xE2, 0x33, 0x24, 0x53, 0x22, 0x34, 0xFD, 0x13, 0x1F, 0xE1, 0x22
    .byte   0x30, 0xEF,   54, 0x02, 0xED, 0xEF, 0x1D, 0xD1, 0xFF, 0xE1, 0x1E, 0xF1, 0x1F, 0xDE, 0x10, 0xFE
    .byte   0xE1, 0x00, 0xFE, 0x11, 0x10, 0xE0, 0x1E, 0xFD, 0xEE, 0xDE, 0xDF, 0xEE, 0x10, 0xEF, 0xF1, 0x10
    .byte   0x13, 0x23, 0x44,    0, 0x01, 0x33, 0x23, 0xF0, 0x30, 0x2F, 0xF3, 0x11, 0x0F, 0x00, 0xE2, 0xDF
    .byte   0xE0, 0xED, 0x1E, 0xE0, 0xE2, 0x0D, 0x11, 0x1E, 0xDF, 0x20, 0xDE, 0x21, 0x1F, 0xF2, 0x10, 0xFE
    .byte   0x00, 0xFE, 0xE0, 0xDE,  -32, 0x0D, 0xEE, 0xFE, 0xEE, 0x2F, 0xEE, 0x02, 0x01, 0x23, 0x24, 0x43
    .byte   0x31, 0x33, 0x20, 0x13, 0x22, 0xF2, 0x22, 0x11, 0x0E, 0xF1, 0xFE, 0xD0, 0x1E, 0xDD, 0xF3, 0xED
    .byte   0xE1, 0x2E, 0xEE, 0xF1, 0xFE,   -4, 0x0F, 0x21, 0xFE, 0xF2, 0x1E, 0xFE, 0x20, 0xFE, 0xF0, 0x1D
    .byte   0xDE, 0x1E, 0xDD, 0x12, 0xEE, 0xE1, 0x1F, 0xEF, 0xE2, 0x33, 0x23, 0x44, 0x21, 0x33, 0x3E, 0x13
    .byte   0x21, 0x12, 0x31, 0x11, 0x0F, 0xFF,   53, 0x0E, 0xEE, 0x0E, 0xDD, 0x22, 0xED, 0xE3, 0x0D, 0xE1
    .byte   0xFE, 0xEE, 0x2F, 0x01, 0x02, 0xF0, 0x0F, 0x0F, 0xEF, 0x00, 0xFE, 0xE0, 0xEE, 0xED, 0x0E, 0xEE
    .byte   0xEF, 0x1E, 0xEF, 0xF0, 0xFE, 0x12, 0x32,  -46, 0x03, 0x53, 0x02, 0x33, 0x3D, 0x14, 0x3E, 0x12
    .byte   0x32, 0x01, 0xE2, 0xFE, 0xEE, 0x0E, 0xEE, 0xEE, 0xEE, 0x1F, 0xEE, 0x02, 0xED, 0x01, 0x1D, 0xD3
    .byte   0x2E, 0xF2, 0x3F, 0xEF, 0x0F, 0xEE, 0xFF, 0xFE,  -12, 0x01, 0xEE, 0xEF, 0xED, 0xDF, 0x0E, 0xD0
    .byte   0x2F, 0xEE, 0x11, 0x0E, 0x23, 0x30, 0x35, 0x4D, 0x14, 0x42, 0xC2, 0x43, 0xEE, 0x34, 0xE0, 0x12
    .byte   0xFD, 0x22, 0xDD, 0xE3, 0xEC, 0xE2, 0x2D, 0xC2, 0x3E,    7, 0x0E, 0x2E, 0xEE, 0x11, 0x0E, 0x22
    .byte   0x0E, 0xF2, 0xFE, 0xF1, 0x1F, 0xFF, 0x1F, 0xEF, 0x0D, 0xEE, 0x0D, 0xEE, 0x01, 0xDF, 0x01, 0x0D
    .byte   0x02, 0xE1, 0xF2, 0x41, 0x14, 0x43, 0xE2, 0x43, 0x1E, 0x24,   44, 0x00, 0x12, 0x31, 0x12, 0xFD
    .byte   0x22, 0xDD, 0xF0, 0x2D, 0xC2, 0x2E, 0xDE, 0x00, 0xEE, 0x00, 0xFE, 0xF0, 0x0E, 0x01, 0x0F, 0x11
    .byte   0x21, 0xE0, 0x2F, 0xEF, 0xFF, 0xFE, 0xEF, 0xFE, 0xFD, 0xEE, 0xFE,  -49, 0x0E, 0xF2, 0xEE, 0xF1
    .byte   0x1E, 0xE2, 0x22, 0x23, 0x24, 0x42, 0x13, 0x33, 0xFE, 0x33, 0x2F, 0x03, 0x30, 0x12, 0xFE, 0xF0
    .byte   0xED, 0xD1, 0x2D, 0xDD, 0x23, 0xDD, 0xF2, 0xFE, 0xD0, 0x1F, 0xEF, 0xFF,   -3, 0x0E, 0x02, 0x00
    .byte   0x1F, 0x20, 0xF0, 0xE2, 0x0E, 0xE1, 0xF1, 0xDE, 0xFF, 0xDD, 0xE0, 0xEE, 0xF0, 0xEE, 0x21, 0xEE
    .byte   0x02, 0xEF, 0x33, 0x22, 0x45, 0x1F, 0x24, 0x3E, 0xE3, 0x40, 0xEF, 0x43, 0xEF,   68, 0x00, 0xEF
    .byte   0xEE, 0xDE, 0x1E, 0xDE, 0xF1, 0xED, 0xF1, 0xEE, 0xFE, 0xFF, 0x00, 0xEE, 0x22, 0x0E, 0xF2, 0x1F
    .byte   0x00, 0x2F, 0x00, 0x2E, 0xE1, 0x1E, 0xEF, 0x0E, 0xDF, 0x1D, 0xEE, 0x1E, 0xDF, 0x0F,  -59, 0x00
    .byte   0x1F, 0x0F, 0x02, 0x23, 0x22, 0x34, 0x4E, 0x23, 0x40, 0xE2, 0x33, 0xF1, 0x23, 0x2E, 0x10, 0x0F
    .byte   0xEE, 0xD0, 0xEE, 0xED, 0x10, 0xED, 0xF0, 0x1E, 0xD0, 0x00, 0xEF, 0xFF, 0x01, 0x0E, 0x22,    3
    .byte   0x0E, 0xE3, 0x2E, 0xD0, 0x32, 0xDE, 0x22, 0xED, 0x01, 0xED, 0xEE, 0xEE, 0xE0, 0xEE, 0x0F, 0xEE
    .byte   0x11, 0xE1, 0x01, 0x21, 0x23, 0x32, 0x34, 0x21, 0x33, 0x3E, 0xE4, 0x3F, 0xF2, 0x33, 0xEE, 0x21
    .byte     62, 0x0E, 0xDF, 0xFE, 0xED, 0xE0, 0x0E, 0xDF, 0x1F, 0xEE, 0xEF, 0xFE, 0xFE, 0x02, 0x10, 0xFF
    .byte   0x31, 0xEE, 0x22, 0x1D, 0x03, 0x0E, 0xF0, 0x2F, 0xDF, 0x0F, 0xDE, 0xE1, 0xED, 0xFF, 0xFE, 0xFE
    .byte   0xE1,  -55, 0x00, 0xE0, 0x21, 0xF1, 0x32, 0x31, 0x33, 0x31, 0x23, 0x32, 0xE3, 0x32, 0x2F, 0x33
    .byte   0xFE, 0x21, 0xEF, 0xEE, 0xFE, 0xEE, 0xED, 0x11, 0xED, 0x01, 0xFD, 0xE0, 0xFF, 0xEF, 0xF0, 0x00
    .byte   0x11, 0x1F,   -5, 0x01, 0x11, 0x10, 0x1F, 0x1F, 0x00, 0x1F, 0x0E, 0x0E, 0xEE, 0xFE, 0xEE, 0xEE
    .byte   0x0E, 0xEF, 0x1F, 0xE0, 0x10, 0xE0, 0x20, 0x01, 0x32, 0x22, 0x33, 0x22, 0x23, 0x22, 0x13, 0x32
    .byte   0x02, 0x32, 0xF1,   60, 0x00, 0x0E, 0xE0, 0xEE, 0xFE, 0xEE, 0xF0, 0xDE, 0xFF, 0xEE, 0xEF, 0xEF
    .byte   0xEF, 0x01, 0xF1, 0xF1, 0x10, 0xF0, 0x11, 0x1F, 0x02, 0x0F, 0x0F, 0x00, 0xE0, 0x0E, 0x0E, 0x0E
    .byte   0xEF, 0xEE, 0xEF, 0xE0,  -42, 0x00, 0xE0, 0xFF, 0xF0, 0x10, 0xF2, 0x22, 0x22, 0x33, 0x22, 0x22
    .byte   0x30, 0x23, 0x22, 0x23, 0x21, 0x21, 0x11, 0xE0, 0x0F, 0xEE, 0xEF, 0xEE, 0xFE, 0xEE, 0xEE, 0xEE
    .byte   0xEE, 0xFF, 0xEF, 0xFF, 0x0F,  -14, 0x01, 0x00, 0x00, 0x10, 0x2F, 0x2F, 0x11, 0x11, 0xF1, 0xF0
    .byte   0xE0, 0xFF, 0xEF, 0xEE, 0x0E, 0xEF, 0xEF, 0xE0, 0xE0, 0xFF, 0x0F, 0x1F, 0x11, 0x02, 0x22, 0x23
    .byte   0x23, 0x22, 0x22, 0x22, 0x32, 0x23,   45, 0x02, 0x22, 0x02, 0xFF, 0x0E, 0xFE, 0x0E, 0xEF, 0xEE
    .byte   0xEE, 0xEE, 0xEE, 0xEE, 0xEE, 0x0E, 0x0E, 0x1F, 0x0F, 0x1F, 0x10, 0x01, 0x02, 0x02, 0x01, 0x10
    .byte   0x10, 0xF0, 0xF0, 0xF0, 0xFE, 0x0E, 0xEF,  -23, 0x0E, 0xEE, 0xF0, 0xEF, 0xF0, 0xFF, 0x0F, 0x1F
    .byte   0x11, 0x21, 0x23, 0x13, 0x32, 0x22, 0x22, 0x22, 0x32, 0x22, 0x22, 0x21, 0x20, 0x0F, 0x0E, 0xEF
    .byte   0xEF, 0xEE, 0xEE, 0xEE, 0xEE, 0xEE, 0xEF, 0xEF,   -8, 0x0E, 0x0F, 0xFF, 0xF1, 0x01, 0x11, 0x11
    .byte   0x11, 0x02, 0x11, 0x10, 0x10, 0x0F, 0xFF, 0x0E, 0xFF, 0xEF, 0xEE, 0xFE, 0xFE, 0xFF, 0xE0, 0xE0
    .byte   0x0F, 0x01, 0xF0, 0x11, 0x22, 0x22, 0x22, 0x32, 0x22,    9, 0x02, 0x23, 0x22, 0x22, 0x22, 0x21
    .byte   0x2F, 0x0F, 0x0E, 0xEF, 0xEF, 0xEE, 0xFE, 0xEE, 0xEE, 0xEE, 0xEE, 0xE0, 0xFE, 0xFF, 0xFF, 0x0F
    .byte   0x10, 0x11, 0x11, 0x10, 0x20, 0x11, 0x10, 0x01, 0x0F, 0x0F,   -5, 0x00, 0xEF, 0x0E, 0xE0, 0xEF
    .byte   0xEF, 0xEF, 0xFE, 0x0F, 0xF1, 0xF0, 0x01, 0x10, 0x12, 0x22, 0x22, 0x32, 0x22, 0x22, 0x22, 0x23
    .byte   0x12, 0x22, 0x21, 0x21, 0xFF, 0xFF, 0xEE, 0x1E, 0xFE, 0xEE, 0xEE,   18, 0x0E, 0xEE, 0xEE, 0xE0
    .byte   0xEF, 0xFF, 0xF0, 0xF0, 0xF0, 0x00, 0x12, 0x10, 0x20, 0x11, 0x01, 0x00, 0x00, 0xFF, 0x0F, 0xF0
    .byte   0xE0, 0xEE, 0xE0, 0xE0, 0xEF, 0xFE, 0x00, 0xF0, 0xF0, 0xF1, 0x10, 0x02,  -29, 0x02, 0x22, 0x32
    .byte   0x22, 0x22, 0x22, 0x22, 0x22, 0x22, 0x22, 0x11, 0x00, 0xFF, 0xEE, 0xFF, 0xEF, 0xEE, 0xEE, 0xEE
    .byte   0xEE, 0xFE, 0xEF, 0xE1, 0xE0, 0xFF, 0xFF, 0x01, 0x01, 0x10, 0x20, 0x11, 0x11,   -3, 0x00, 0x01
    .byte   0x1F, 0x0F, 0xF0, 0x0E, 0x0F, 0xEF, 0xEF, 0xEE, 0x0E, 0x0E, 0xFF, 0x00, 0x00, 0x1F, 0x10, 0x02
    .byte   0x02, 0x22, 0x22, 0x32, 0x21, 0x22, 0x22, 0x23, 0x12, 0x21, 0x21, 0x11, 0x0E, 0xFF,   44, 0x0F
    .byte   0xE0, 0xEE, 0xFE, 0xEE, 0xEE, 0xEE, 0xFE, 0xFF, 0x0E, 0x00, 0xE0, 0xF0, 0x10, 0x10, 0x12, 0xF0
    .byte   0x11, 0x11, 0x10, 0x11, 0x0F, 0xFF, 0xFF, 0xFF, 0x0E, 0xF0, 0xEE, 0x0E, 0x0E, 0x0E, 0x0F,  -34
    .byte   0x00, 0x0F, 0x01, 0xF1, 0x02, 0x02, 0x22, 0x22, 0x22, 0x22, 0x22, 0x22, 0x22, 0x12, 0x21, 0x22
    .byte   0x0F, 0x0F, 0xFF, 0xE0, 0xEF, 0xFE, 0xEF, 0xEE, 0xFE, 0xEE, 0xEF, 0xE0, 0x0E, 0x0F, 0xFF, 0xF1
    .byte    -12, 0x00, 0x01, 0x02, 0x11, 0x00, 0x10, 0x11, 0x01, 0x0F, 0x00, 0xFF, 0xF0, 0xE0, 0xE0, 0xE0
    .byte   0xFE, 0xFE, 0x0E, 0x00, 0xF0, 0xF0, 0x01, 0x00, 0x10, 0x20, 0x20, 0x22, 0x22, 0x22, 0x21, 0x22
    .byte   0x22,   26, 0x01, 0x22, 0x12, 0x11, 0x11, 0xF0, 0xEF, 0x0E, 0x0F, 0xEF, 0xEF, 0xEE, 0xFE, 0xEF
    .byte   0xEF, 0x0E, 0x0F, 0x0E, 0x01, 0xFF, 0x10, 0x00, 0x10, 0x21, 0xF1, 0xF1, 0x1F, 0x10, 0x00, 0xF0
    .byte   0x0E, 0x0F,  -10, 0x00, 0xE0, 0xEF, 0x0E, 0x0E, 0x0F, 0xFF, 0xF1, 0x01, 0x00, 0x11, 0x10, 0x12
    .byte   0x12, 0x22, 0x21, 0x22, 0x11, 0x22, 0x12, 0x22, 0x12, 0x20, 0x2F, 0x00, 0x0F, 0xEF, 0xF0, 0xEF
    .byte   0x0E, 0xFE, 0x0E,   12, 0x0E, 0xFE, 0x0E, 0x0F, 0xFF, 0xFF, 0x0F, 0xFF, 0xF0, 0x10, 0x20, 0x10
    .byte   0x0F, 0x00, 0x00, 0x10, 0xF0, 0x0F, 0xFF, 0xFF, 0xF0, 0xE0, 0xE0, 0x0E, 0x0F, 0x0E, 0xF1, 0x00
    .byte   0x01, 0x10, 0x00, 0x01,  -22, 0x01, 0x22, 0x12, 0x22, 0x20, 0x20, 0x22, 0x12, 0x12, 0x12, 0x12
    .byte   0x11, 0x1F, 0xF0, 0xEF, 0xFF, 0x0E, 0x0E, 0x0E, 0x0E, 0xE0, 0xE0, 0xEF, 0xFF, 0xFF, 0xFF, 0x0F
    .byte   0x00, 0xFF, 0x01, 0x11, 0x10,   -4, 0x0F, 0x10, 0xF1, 0xF0, 0x0F, 0xF0, 0xFF, 0xFF, 0xFF, 0xF0
    .byte   0xEF, 0xF0, 0xE0, 0xFF, 0x00, 0x00, 0x10, 0x01, 0x01, 0x00, 0x21, 0x12, 0x12, 0x22, 0x20, 0x20
    .byte   0x20, 0x22, 0x11, 0x21, 0x20, 0x20,   35, 0x00, 0x0F, 0x0E, 0xFF, 0x0F, 0xE0, 0xE0, 0xFE, 0xFE
    .byte   0x0E, 0x0E, 0x0F, 0xFF, 0x00, 0xFF, 0xFF, 0x00, 0xF0, 0x10, 0x10, 0x10, 0x1F, 0xF1, 0xF0, 0xF0
    .byte   0x0F, 0xF0, 0xFF, 0xFF, 0xF0, 0xEF, 0xFF,  -21, 0x0F, 0x0F, 0xFF, 0x10, 0x10, 0x11, 0x01, 0x11
    .byte   0x10, 0x20, 0x21, 0x21, 0x22, 0x02, 0x01, 0x21, 0x21, 0x12, 0x10, 0x20, 0x10, 0x1F, 0x00, 0xE0
    .byte   0x0E, 0x00, 0xFF, 0xFE, 0xFF, 0xE0, 0xE0, 0xE0,    1, 0x00, 0xF0, 0xE0, 0xFF, 0x0F, 0x00, 0x1F
    .byte   0x00, 0xF1, 0x01, 0xFF, 0x1F, 0xF1, 0x00, 0xF0, 0x0F, 0xFF, 0xFF, 0x0F, 0xFF, 0xFF, 0xFF, 0x1F
    .byte   0x00, 0xF0, 0x01, 0x11, 0x11, 0x10, 0x10, 0x21, 0x21,   -3, 0x02, 0x21, 0x12, 0x01, 0x20, 0x20
    .byte   0x21, 0x10, 0x20, 0x11, 0x0F, 0x0E, 0xFF, 0xFF, 0xFF, 0xF0, 0xEF, 0xFE, 0x0E, 0x0E, 0xF0, 0xE0
    .byte   0x0F, 0xF0, 0xFF, 0x0F, 0xFF, 0x0F, 0x11, 0x11, 0x00, 0xF0,   -8, 0x0F, 0x00, 0x00, 0x01, 0x00
    .byte   0xF1, 0x0E, 0x0F, 0xE1, 0xF1, 0x00, 0x00, 0x0F, 0x0F, 0xF0, 0x10, 0x20, 0x01, 0x11, 0x02, 0x00
    .byte   0x20, 0x22, 0x12, 0x10, 0x01, 0x21, 0x20, 0x02, 0x11, 0x11, 0x00,   29, 0x0F, 0xFF, 0x0F, 0x0E
    .byte   0x10, 0xEF, 0x0E, 0x0E, 0x0E, 0xFF, 0x0E, 0xFF, 0xFF, 0xFF, 0xFF, 0x0F, 0xF0, 0x00, 0xF1, 0x0F
    .byte   0x00, 0xF1, 0x00, 0x00, 0x01, 0x1F, 0x0F, 0x00, 0x00, 0xF0, 0xF0, 0x10,  -12, 0x0F, 0xF1, 0xF0
    .byte   0x01, 0x11, 0x01, 0x11, 0x01, 0x11, 0x11, 0x11, 0x12, 0x12, 0x11, 0x00, 0x12, 0xF0, 0x21, 0x10
    .byte   0x20, 0x10, 0x00, 0xFF, 0xFF, 0xF1, 0xFF, 0xF0, 0xEF, 0x0E, 0x0E, 0xFF, 0xFF,    2, 0x0F, 0xEF
    .byte   0x0F, 0xE0, 0xFF, 0xFF, 0x00, 0x00, 0xFF, 0xF0, 0xF0, 0x00, 0x10, 0x01, 0x1F, 0x01, 0xF1, 0xF0
    .byte   0x11, 0x11, 0x00, 0x1F, 0x10, 0x00, 0x10, 0x21, 0x01, 0x10, 0x00, 0x10, 0x10, 0x12,    7, 0x02
    .byte   0x01, 0x0F, 0x11, 0x10, 0x20, 0x10, 0x20, 0x11, 0xF0, 0xFF, 0xFF, 0x00, 0xFF, 0x0F, 0xE0, 0xEF
    .byte   0xFF, 0x0E, 0x0F, 0xFF, 0x0E, 0xFF, 0xFF, 0xFF, 0xFF, 0x0F, 0x1F, 0xF1, 0xFF, 0x0F, 0x00,  -17
    .byte   0x00, 0x10, 0x00, 0x10, 0x00, 0x10, 0x0F, 0x10, 0x10, 0x10, 0x12, 0x00, 0x10, 0x00, 0x11, 0x10
    .byte   0x12, 0x22, 0x00, 0x01, 0x00, 0x20, 0x11, 0x02, 0x11, 0x10, 0x0F, 0xFF, 0xFF, 0x00, 0x00, 0xFF
    .byte     16, 0x0F, 0xE0, 0xFE, 0xFF, 0x0F, 0xFF, 0xF0, 0xEF, 0x0E, 0x0F, 0xF0, 0x00, 0x00, 0xF0, 0x0F
    .byte   0xFF, 0x1F, 0x00, 0x01, 0x00, 0x1F, 0x00, 0x00, 0x00, 0x1F, 0x10, 0x10, 0x12, 0xF1, 0x11, 0xF1
    .byte   0x01,   -4, 0x00, 0x00, 0x21, 0x21, 0x12, 0xFF, 0x01, 0x11, 0x11, 0x02, 0x01, 0x11, 0xF0, 0xFF
    .byte   0xFF, 0x00, 0x10, 0xFF, 0xF0, 0xEF, 0x0F, 0x0E, 0xF0, 0x0F, 0xF0, 0xEF, 0x0F, 0xF0, 0x0F, 0x0F
    .byte   0xFF, 0x0F,  -12, 0x00, 0x10, 0xF0, 0x00, 0x0F, 0xF0, 0x0F, 0x11, 0x01, 0x00, 0x00, 0x00, 0x0F
    .byte   0x11, 0x02, 0x11, 0x11, 0x00, 0x00, 0x11, 0x10, 0x12, 0x20, 0x11, 0xF0, 0x01, 0x00, 0x10, 0x02
    .byte   0x01, 0x10, 0x0F,   17, 0x0F, 0xFF, 0x0F, 0x00, 0x0F, 0x0F, 0x0E, 0x0F, 0xFF, 0x0F, 0xFF, 0xFF
    .byte   0x0F, 0xF0, 0xFF, 0xF0, 0xF0, 0x0E, 0x00, 0x01, 0x10, 0x0F, 0xF0, 0x0F, 0xF0, 0x00, 0x10, 0x10
    .byte   0x10, 0x0F, 0x00, 0x01,   -9, 0x01, 0x11, 0x11, 0x11, 0x01, 0xF0, 0x11, 0xF1, 0x10, 0x12, 0x02
    .byte   0x00, 0xF0, 0x00, 0x11, 0xF1, 0x10, 0x20, 0x0F, 0xF0, 0xF0, 0xF0, 0xF0, 0x1F, 0x0F, 0xFF, 0xF0
    .byte   0xFF, 0xFF, 0xF0, 0xFF, 0x0F,   -1, 0x0F, 0xFF, 0xF0, 0xFF, 0x0F, 0x00, 0xF0, 0x00, 0xF0, 0x0F
    .byte   0x10, 0x00, 0x10, 0xF0, 0xF1, 0x00, 0x00, 0x01, 0x10, 0x11, 0x01, 0x1F, 0xF1, 0x2F, 0xEF, 0x32
    .byte   0xFE, 0x01, 0x2E, 0xF0, 0xE0, 0x23,   15, 0x0E, 0xE1, 0x2E, 0xEE, 0x23, 0xE0, 0x0F, 0x10, 0x11
    .byte   0x0E, 0x01, 0x2E, 0xE0, 0x21, 0x1D, 0x01, 0x11, 0x0F, 0xF0, 0x0F, 0xEF, 0x02, 0x00, 0xE0, 0x10
    .byte   0xFF, 0xF0, 0xF0, 0x00, 0x01, 0x00, 0x0F,   -7, 0x0F, 0x01, 0xF0, 0x10, 0x00, 0x00, 0x11, 0xF0
    .byte   0xF1, 0x10, 0x11, 0x01, 0x10, 0x11, 0x0F, 0x1F, 0x00, 0x20, 0x00, 0x01, 0xF0, 0x00, 0xFF, 0x11
    .byte   0x00, 0x11, 0x10, 0xF0, 0x10, 0xE0, 0x11, 0x0F,    3, 0x02, 0x00, 0xF1, 0x0E, 0xF0, 0x10, 0xF0
    .byte   0x1F, 0xF0, 0x0F, 0xFF, 0x11, 0x10, 0xFF, 0xFF, 0xF0, 0xF0, 0x01, 0x10, 0x00, 0xFF, 0xF1, 0xF1
    .byte   0xF0, 0x2F, 0x00, 0xF0, 0x00, 0xF0, 0x01, 0x10, 0x1F,   -1, 0x00, 0x1F, 0x00, 0x0F, 0x01, 0x0F
    .byte   0x10, 0x11, 0x01, 0x10, 0x0F, 0xFF, 0x0F, 0x01, 0x11, 0x11, 0x0F, 0x10, 0x0E, 0xF1, 0x11, 0xF0
    .byte   0x21, 0x0F, 0xFF, 0x00, 0xFF, 0x00, 0x02, 0x0F, 0x0F, 0x0F,    0, 0x00, 0x11, 0x0F, 0x1F, 0x00
    .byte   0xFF, 0xF0, 0x10, 0x00, 0x1F, 0x0F, 0xF0, 0x01, 0x0F, 0x01, 0x01, 0xF0, 0x1F, 0x0F, 0xF1, 0x10
    .byte   0x00, 0x01, 0x00, 0xF1, 0x01, 0xF0, 0x00, 0x10, 0xFF, 0x01, 0x00,   -2, 0x01, 0x11, 0x1F, 0xF0
    .byte   0x1F, 0xFF, 0x01, 0x1F, 0x10, 0x20, 0x00, 0xF0, 0xFF, 0xF1, 0x00, 0x10, 0x1F, 0x01, 0x00, 0xFF
    .byte   0x01, 0x00, 0xF0, 0x01, 0x0F, 0xF0, 0x10, 0x0F, 0x10, 0x00, 0xF0, 0x0F,    0, 0x01, 0x0F, 0x01
    .byte   0x0E, 0x00, 0x20, 0xE0, 0x20, 0xFF, 0x00, 0x0F, 0x00, 0x01, 0x10, 0x1F, 0xFF, 0x10, 0x10, 0x0F
    .byte   0x01, 0x0F, 0xF0, 0x11, 0x0F, 0x00, 0x00, 0xF0, 0x01, 0x00, 0x00, 0x11, 0xF0,   -2, 0x00, 0x11
    .byte   0xF0, 0x10, 0x01, 0xF1, 0x00, 0x00, 0x1F, 0x00, 0x00, 0x0F, 0x11, 0x10, 0xFF, 0x00, 0x1F, 0x00
    .byte   0x01, 0x0F, 0xF0, 0x11, 0xF0, 0xF1, 0x00, 0xFF, 0x00, 0x1F, 0x01, 0x01, 0xF0, 0x1F,   -1, 0x00
    .byte   0x0F, 0x11, 0x00, 0xF1, 0x1F, 0x00, 0x01, 0x0F, 0x0F, 0x0F, 0x00, 0x10, 0xF1, 0x11, 0xF0, 0xF0
    .byte   0xFF, 0x01, 0x10, 0x1F, 0x10, 0xF0, 0x00, 0xF1, 0x00, 0x10, 0x10, 0x0F, 0x00, 0x0F, 0x01,    1
    .byte   0x01, 0xF0, 0x00, 0xF0, 0xF1, 0x01, 0x1F, 0xF1, 0x01, 0xFF, 0x01, 0x1F, 0xF0, 0x10, 0x0F, 0xF1
    .byte   0x01, 0xF0, 0x01, 0x00, 0xF0, 0xF1, 0x00, 0xF0, 0x11, 0x00, 0x0F, 0x00, 0x00, 0xF0, 0x10, 0x0F
    .byte      0, 0x01, 0xF0, 0x00, 0xF0, 0xF1, 0x1F, 0x01, 0x10, 0xFF, 0x01, 0x0F, 0x00, 0x10, 0xF0, 0x10
    .byte   0x00, 0xF1, 0xF1, 0x10, 0xF1, 0xF0, 0x00, 0xF1, 0x00, 0x00, 0x10, 0x00, 0x00, 0xF0, 0xF0, 0x11
    .byte   0xF1,    1, 0x00, 0x00, 0x0F, 0x01, 0xF0, 0x1F, 0x00, 0x00, 0x00, 0x0F, 0x10, 0x00, 0xF1, 0x01
    .byte   0x00, 0xF0, 0x00, 0x00, 0x00, 0x1F, 0x00, 0x00, 0x00, 0xF0, 0x01, 0x01, 0xF0, 0x01, 0x0F, 0x0F
    .byte   0x10, 0xF0,    0, 0x00, 0x00, 0x00, 0x1F, 0x0F, 0x00, 0x1F, 0x10, 0x01, 0x0F, 0x00, 0x1F, 0xF0
    .byte   0x10, 0x00, 0x00, 0x1F, 0x00, 0xF0, 0x10, 0xF1, 0xF1, 0xF0, 0x1F, 0x01, 0x01, 0xF1, 0xF1, 0x0F
    .byte   0xF0, 0x01, 0x01,    1, 0x00, 0x00, 0x0F, 0xF0, 0x00, 0x1F, 0x10, 0x1F, 0x00, 0x00, 0xF1, 0xF1
    .byte   0xF0, 0x10, 0x00, 0x01, 0xF1, 0x0F, 0x00, 0xF1, 0xF1, 0xF0, 0x10, 0x00, 0x00, 0x00, 0x1F, 0xF1
    .byte   0x00, 0x00, 0x00, 0x00,    0, 0x00, 0x00, 0x00, 0xF0, 0x10, 0xF1, 0x01, 0xF1, 0xF0, 0xF1, 0x00
    .byte   0x00, 0x00, 0x0F, 0x10, 0x0F, 0x10, 0x00, 0x1F, 0x0F, 0x01, 0x0F, 0x1F, 0x10, 0x00, 0x00, 0x01
    .byte   0xFF, 0x10, 0x00, 0x1F, 0x0F,    0, 0x00, 0x00, 0x1F, 0x1F, 0xF1, 0x1F, 0x00, 0x10, 0xF0, 0x1F
    .byte   0x00, 0x00, 0x00, 0x00, 0x00, 0xF1, 0x00, 0xF1, 0x01, 0xF0, 0x00, 0x0F, 0x1F, 0x10, 0x00, 0x00
    .byte   0x00, 0x00, 0x00, 0x01, 0xF0, 0x00,    0, 0x00, 0x1F, 0x01, 0xF0, 0x00, 0x00, 0x00, 0x00, 0xF1
    .byte   0x00, 0x10, 0xF0, 0xF0, 0x01, 0x01, 0xF0, 0x00, 0x01, 0xF0, 0x1F, 0x00, 0x1F, 0x01, 0xF0, 0x1F
    .byte   0x00, 0x00, 0x01, 0xF0, 0x1F, 0x1F, 0x0F,    0, 0x0F, 0x10, 0x00, 0xF1, 0x01, 0x0F, 0x00, 0x00
    .byte   0x01, 0xF0, 0x00, 0x00, 0x00, 0x0F, 0x1F, 0x10, 0x01, 0x0F, 0x00, 0x00, 0x1F, 0xF1, 0x0F, 0x10
    .byte   0x00, 0x00, 0xF0, 0x1F, 0x10, 0x1F, 0x00, 0x00,    0, 0x00, 0x00, 0x00, 0x00, 0x00, 0x00, 0x00
    .byte   0x01, 0xF0, 0x1F, 0xF1, 0x0F, 0x10, 0x00, 0x01, 0xF0, 0xF1, 0x00, 0x0F, 0x10, 0x00, 0x00, 0x00
    .byte   0x00, 0x00, 0x1F, 0x00, 0x01, 0xF0, 0xF1, 0x0F, 0x10,   -1, 0x01, 0x01, 0x0F, 0x0F, 0x01, 0x0F
    .byte   0x01, 0x01, 0xF0, 0xF1, 0x00, 0x00, 0x01, 0xF0, 0xF1, 0x1F, 0x00, 0x00, 0x00, 0xF1, 0x1F, 0x0F
    .byte   0x01, 0x01, 0xF0, 0x00, 0x01, 0xFF, 0x10, 0x00, 0x00, 0x01,   -1, 0x01, 0x00, 0x01, 0x0F, 0xF1
    .byte   0xF0, 0x11, 0xF0, 0x00, 0x00, 0x01, 0x0F, 0x00, 0x0F, 0x10, 0x00, 0x0F, 0x11, 0xF0, 0x1F, 0x00
    .byte   0x00, 0x00, 0x00, 0x00, 0xF1, 0x00, 0x0F, 0x10, 0x1F, 0x0F, 0x10,    0, 0x00, 0xF1, 0x1F, 0x00
    .byte   0x01, 0xF0, 0x00, 0x00, 0x1F, 0x00, 0x00, 0x01, 0xFF, 0x01, 0x00, 0x00, 0x00, 0x00, 0x1F, 0x00
    .byte   0xF1, 0x00, 0x00, 0x00, 0x00, 0x01, 0x0F, 0x01, 0xFF, 0x01, 0x0F, 0x10,    0, 0x00, 0xF1, 0x00
    .byte   0x0F, 0x10, 0x00, 0x1F, 0x00, 0x00, 0x00, 0x0F, 0x10, 0x00, 0x10, 0xF0, 0x00, 0xF1, 0x01, 0xF1
    .byte   0xF0, 0x1F, 0x1F, 0xF1, 0x00, 0x00, 0x00, 0x1F, 0x00, 0x00, 0x0F, 0x10, 0x00,    0, 0x0F, 0x10
    .byte   0x1F, 0x1F, 0x0F, 0x1F, 0x1F, 0x01, 0x10, 0xF0, 0x00, 0x00, 0x00, 0x00, 0x00, 0x00, 0x00, 0x01
    .byte   0xF0, 0x00, 0x00, 0x01, 0xF0, 0x00, 0x00, 0x1F, 0x00, 0x0F, 0x10, 0x01, 0xF0, 0x01,    0, 0x00
    .byte   0x00, 0x0F, 0x11, 0xF0, 0x00, 0x00, 0x00, 0x00, 0x00, 0x00, 0x00, 0x00, 0x0F, 0x1F, 0x10, 0x00
    .byte   0x00, 0xF1, 0xF1, 0x1F, 0x00, 0x00, 0x00, 0x10, 0xF0, 0x0F, 0x01, 0x01, 0xF0, 0x0F, 0x1F,    0
    .byte   0x00, 0x00, 0x00, 0x00, 0x00, 0x0F, 0x10, 0x00, 0x00, 0xF0, 0x11, 0xF1, 0xF0, 0xF1, 0x1F, 0x00
    .byte   0x01, 0x0F, 0x00, 0x00, 0x00, 0x00, 0x1F, 0x00, 0x01, 0xF0, 0x10, 0xF0, 0x01, 0xF0, 0x01, 0xF0
    .byte      0, 0x00, 0x00, 0xF0, 0x10, 0x01, 0xF0, 0x01, 0xF0, 0x1F, 0xF0, 0x10, 0x00, 0x0F, 0x10, 0x01
    .byte   0x0F, 0x01, 0xF1, 0xF0, 0x00, 0x00, 0x00, 0x00, 0x00, 0x00, 0x0F, 0x10, 0x01, 0xF0, 0x00, 0x00
    .byte   0x0F,    0, 0x00, 0x00, 0x1F, 0x1F, 0x1F, 0x00, 0x00, 0x1F, 0x1F, 0x1F, 0x01, 0xF0, 0x00, 0x01
    .byte   0x0F, 0x00, 0x00, 0x00, 0x00, 0x00, 0x00, 0x00, 0x00, 0x00, 0x00, 0x00, 0xF1, 0x01, 0xF0, 0x0F
    .byte   0x11, 0xF0,    0, 0x00, 0x00, 0xF1, 0x00, 0x00, 0x0F, 0x10, 0x1F, 0x00, 0x1F, 0x00, 0x00, 0x00
    .byte   0x00, 0xF1, 0x00, 0x00, 0x00, 0x1F, 0xF0, 0x10, 0x00, 0x00, 0xF1, 0x00, 0x00, 0xF1, 0x00, 0x00
    .byte   0xF1, 0x0F, 0x01,    0, 0x0F, 0x11, 0xF0, 0x0F, 0x10, 0x00, 0x00, 0x1F, 0x00, 0x00, 0x00, 0x0F
    .byte   0x01, 0x00, 0x0F, 0x10, 0x1F, 0x1F, 0x00, 0x00, 0x00, 0x01, 0xFF, 0x10, 0x00, 0x00, 0x00, 0x1F
    .byte   0x00, 0xF1, 0x00, 0x1F,    0, 0x00, 0xF1, 0x00, 0x00, 0xF1, 0xF0, 0x10, 0x00, 0x00, 0x1F, 0x1F
    .byte   0x00, 0x1F, 0x00, 0x00, 0xF1, 0x00, 0xF0, 0x10, 0x00, 0x00, 0x01, 0xF0, 0x1F, 0x1F, 0x0F, 0x10
    .byte   0x00, 0x00, 0x00, 0x00, 0x00,    0, 0x00, 0x01, 0xF1, 0xF0, 0x00, 0x00, 0x1F, 0x00, 0x1F, 0x00
    .byte   0x01, 0xF1, 0xF0, 0x1F, 0x01, 0xFF, 0x10, 0x00, 0x01, 0xF0, 0x00, 0xF1, 0x00, 0xF1, 0xF1, 0x00
    .byte   0x00, 0x1F, 0x00, 0x0F, 0x10, 0xF1,    0, 0x00, 0x00, 0x00, 0x01, 0xF1, 0xF0, 0x00, 0x01, 0xF0
    .byte   0x01, 0xF0, 0x00, 0x01, 0xF1, 0xF0, 0x00, 0x00, 0x00, 0x00, 0x0F, 0x01, 0x00, 0x0F, 0x1F, 0x10
    .byte   0x01, 0xF0, 0x0F, 0x10, 0x0F, 0x01, 0x1F,    0, 0x00, 0x00, 0x00, 0x1F, 0x00, 0x0F, 0x01, 0x00
    .byte   0x00, 0x00, 0x00, 0x00, 0x00, 0x00, 0x01, 0xF0, 0x0F, 0x01, 0xF1, 0x00, 0x10, 0xFF, 0x1F, 0x10
    .byte   0x01, 0x0F, 0xF1, 0x01, 0xF0, 0x1F, 0xF1, 0x00,    0, 0x00, 0xF1, 0x00, 0x0F, 0x10, 0x00, 0x00
    .byte   0xF1, 0x00, 0x00, 0x00, 0xF1, 0x00, 0x00, 0xF1, 0x1F, 0x00, 0x00, 0x00, 0x00, 0x00, 0x00, 0x00
    .byte   0x1F, 0x1F, 0xF1, 0x1F, 0x01, 0xF0, 0x00, 0xF1, 0x1F,    0, 0x01, 0xF0, 0xF1, 0x00, 0x0F, 0x10
    .byte   0x00, 0x1F, 0x00, 0x00, 0x00, 0xF1, 0x00, 0x00, 0x00, 0x1F, 0x00, 0xF1, 0x00, 0x00, 0x00, 0x00
    .byte   0x00, 0x00, 0x01, 0xF0, 0x01, 0xF0, 0x0F, 0x01, 0x00, 0x00,    0, 0x00, 0x01, 0xF0, 0x0F, 0x11
    .byte   0xF0, 0x00, 0x0F, 0x11, 0x0F, 0x1F, 0x00, 0xF1, 0x00, 0x0F, 0x10, 0x0F, 0x10, 0x00, 0x0F, 0x11
    .byte   0xF0, 0xF1, 0x0F, 0x11, 0xF0, 0x01, 0xF0, 0x00, 0x00, 0x00, 0x00,    0, 0x00, 0x1F, 0xF1, 0x00
    .byte   0x00, 0x00, 0x1F, 0x00, 0x01, 0xFF, 0x10, 0x00, 0x00, 0x00, 0x00, 0x00, 0x00, 0x00, 0x00, 0x00
    .byte   0x00, 0x0F, 0x00, 0x10, 0x00, 0x00, 0x00, 0x00, 0x1F, 0x00, 0x00, 0xF1,    0, 0x00, 0x01, 0xF0
    .byte   0x00, 0x0F, 0x11, 0xF0, 0x00, 0xF1, 0x1F, 0xF1, 0x01, 0x0F, 0xF1, 0x00, 0x00, 0x00, 0x00, 0x00
    .byte   0x00, 0x00, 0x1F, 0x1F, 0x0F, 0x10, 0x00, 0x00, 0x01, 0xF0, 0x00, 0x01, 0xF0,    0, 0x00, 0x1F
    .byte   0x1F, 0x0F, 0x10, 0x01, 0xF0, 0x01, 0xF0, 0x00, 0x00, 0x00, 0x00, 0x00, 0x0F, 0x01, 0x00, 0xF1
    .byte   0x01, 0xF0, 0xF1, 0x00, 0x00, 0xF1, 0x00, 0x00, 0x00, 0x00, 0xF1, 0xF1, 0x01, 0xF0,    0, 0x00
    .byte   0x01, 0xF1, 0xF0, 0x0F, 0x10, 0x00, 0x00, 0x00, 0x10, 0xF0, 0x1F, 0x00, 0x1F, 0x01, 0xFF, 0x10
    .byte   0x00, 0x00, 0x01, 0xF0, 0x00, 0x00, 0x00, 0x0F, 0x1F, 0x10, 0x00, 0x00, 0x10, 0xF1, 0xF1,    0
    .byte   0x00, 0xF1, 0x1F, 0x00, 0x00, 0x00, 0x00, 0x00, 0x0F, 0x00, 0x1F, 0x10, 0x00, 0x00, 0x1F, 0x00
    .byte   0x00, 0xF1, 0x00, 0xF1, 0x00, 0x1F, 0x01, 0x0F, 0x00, 0x00, 0x0F, 0x10, 0x00, 0xF1, 0x00, 0x00
    .byte      0, 0x00, 0x00, 0xF0, 0x10, 0x00, 0xF1, 0x01, 0xF1, 0xF1, 0xF1, 0xF1, 0xF0, 0x01, 0x0F, 0xF1
    .byte   0x0F, 0x10, 0x00, 0x00, 0x00, 0x00, 0x00, 0x00, 0x00, 0x01, 0xF0, 0x00, 0x00, 0x01, 0xF0, 0x00
    .byte   0x10,    0, 0x01, 0xF0, 0xF1, 0x00, 0x00, 0x00, 0x1F, 0xF1, 0x00, 0x00, 0x00, 0x10, 0xF0, 0x1F
    .byte   0xF1, 0x00, 0x00, 0x00, 0x00, 0xF1, 0xF1, 0x00, 0xF1, 0x00, 0x00, 0x01, 0x0F, 0x00, 0x0F, 0x11
    .byte   0xF0, 0x1F,   -1, 0x01, 0x00, 0xF1, 0x00, 0x1F, 0x00, 0x00, 0x01, 0xF0, 0x00, 0x1F, 0x00, 0xF1
    .byte   0x00, 0x01, 0xF0, 0x00, 0x0F, 0x10, 0x00, 0x00, 0x00, 0x01, 0xF0, 0x00, 0x00, 0xF1, 0x01, 0xF0
    .byte   0x00, 0x00, 0x1F,    0, 0x00, 0x10, 0xF0, 0x00, 0x00, 0x00, 0x00, 0x1F, 0x00, 0x00, 0xF1, 0x00
    .byte   0x00, 0xF1, 0x00, 0x1F, 0x00, 0xF1, 0x01, 0xF0, 0x00, 0x00, 0x00, 0x0F, 0x01, 0x0F, 0x10, 0x1F
    .byte   0x00, 0x1F, 0x00, 0xF1,   -1, 0x01, 0x0F, 0x10, 0xF1, 0x00, 0x00, 0x00, 0xF1, 0x00, 0x00, 0x00
    .byte   0x1F, 0x00, 0x00, 0x00, 0x0F, 0x1F, 0x1F, 0x10, 0x00, 0xF1, 0x00, 0x00, 0x00, 0x00, 0x00, 0x00
    .byte   0x1F, 0x01, 0xF0, 0x1F, 0x1F,    0, 0x00, 0x00, 0x00, 0x00, 0x00, 0x00, 0x01, 0xFF, 0x10, 0x00
    .byte   0xF1, 0x0F, 0x10, 0x00, 0x00, 0xF1, 0x00, 0xF1, 0x00, 0x00, 0x00, 0x00, 0x0F, 0x10, 0x1F, 0x00
    .byte   0x00, 0x00, 0x1F, 0x00, 0x1F, 0x01,    0, 0x00, 0x00, 0x01, 0xFF, 0x10, 0x00, 0x00, 0x00, 0x00
    .byte   0x01, 0xF1, 0xF0, 0x01, 0xF0, 0x0F, 0x10, 0x01, 0xF1, 0xF0, 0x1F, 0x01, 0xF1, 0xF0, 0x00, 0x10
    .byte   0xF0, 0x00, 0x00, 0x00, 0x00, 0x00, 0x1F,    0, 0x01, 0x0F, 0x00, 0x1F, 0x00, 0x00, 0x0F, 0x01
    .byte   0x00, 0x1F, 0x00, 0x00, 0x00, 0x0F, 0x01, 0x1F, 0x00, 0x01, 0xF0, 0xF1, 0x1F, 0x0F, 0x10, 0x00
    .byte   0x0F, 0x10, 0x00, 0x00, 0x00, 0x0F, 0x10, 0x00,    0, 0x00, 0x1F, 0xF1, 0x00, 0x00, 0x00, 0x00
    .byte   0x0F, 0x10, 0xF0, 0x10, 0x00, 0xF1, 0x00, 0x00, 0x00, 0x00, 0x0F, 0x10, 0x00, 0x0F, 0x10, 0x1F
    .byte   0xF0, 0x10, 0xF1, 0x00, 0xF1, 0x00, 0x00, 0xF1, 0x00,    0, 0x01, 0xF1, 0xF0, 0x0F, 0x11, 0xF1
    .byte   0xF1, 0xF0, 0x00, 0x00, 0x0F, 0x10, 0xF1, 0x0F, 0x11, 0x0F, 0x00, 0xF0, 0x10, 0xF1, 0x00, 0x00
    .byte   0x1F, 0x00, 0x00, 0x10, 0xF0, 0xF1, 0x01, 0x0F, 0x00, 0x00,    0, 0x00, 0x00, 0x00, 0x0F, 0x10
    .byte   0x00, 0x00, 0x00, 0x10, 0xF0, 0x1F, 0x0F, 0x1F, 0x10, 0xF1, 0x00, 0xF0, 0x10, 0x00, 0x00, 0x00
    .byte   0x00, 0x01, 0xF1, 0xF0, 0x00, 0x00, 0xF1, 0x00, 0x10, 0xF0, 0x0F,    1, 0x0F, 0x00, 0x0F, 0x10
    .byte   0x0F, 0x10, 0x00, 0x00, 0x00, 0xF1, 0x0F, 0x10, 0x01, 0xF0, 0x00, 0x00, 0x01, 0xF0, 0x0F, 0x10
    .byte   0x00, 0x1F, 0x0F, 0x10, 0xF1, 0xF1, 0x00, 0x10, 0xFF, 0x1F, 0x10, 0x1F,    0, 0x00, 0x00, 0x00
    .byte   0x0F, 0x10, 0x1F, 0x00, 0x00, 0x00, 0x0F, 0x10, 0xF1, 0x00, 0x01, 0xF1, 0xF0, 0xF1, 0x00, 0xF1
    .byte   0x01, 0xF0, 0x00, 0x00, 0xF1, 0x00, 0x0F, 0x10, 0xF1, 0xF1, 0x00, 0x00, 0x00,   -1, 0x01, 0x00
    .byte   0x01, 0xF0, 0x00, 0x01, 0xF0, 0x00, 0xF1, 0x00, 0x00, 0x00, 0x0F, 0x10, 0x1F, 0x00, 0x01, 0xF0
    .byte   0xF0, 0x11, 0xF0, 0x00, 0x1F, 0x00, 0x01, 0xF0, 0x00, 0x0F, 0x10, 0x00, 0x00, 0x00,    1, 0x0F
    .byte   0x00, 0x00, 0xF1, 0x0F, 0x11, 0xF0, 0x1F, 0x00, 0x00, 0x00, 0x00, 0x00, 0x00, 0x1F, 0x00, 0x1F
    .byte   0x01, 0xF0, 0x00, 0x00, 0x1F, 0x0F, 0x10, 0x00, 0xF0, 0x10, 0xF1, 0x00, 0x00, 0x01, 0xF0,    0
    .byte   0x00, 0x00, 0x0F, 0x10, 0x00, 0x00, 0xF1, 0x0F, 0x10, 0x00, 0x0F, 0x10, 0x1F, 0x1F, 0x00, 0x00
    .byte   0x00, 0x0F, 0x10, 0x0F, 0x10, 0xF1, 0x00, 0x01, 0xF0, 0x00, 0x0F, 0x1F, 0x10, 0x0F, 0x11, 0xF0
    .byte      0, 0x00, 0x1F, 0xF1, 0x00, 0x00, 0xF1, 0x00, 0x00, 0x01, 0xF1, 0xF0, 0x00, 0xF1, 0x0F, 0x01
    .byte   0x0F, 0x10, 0x00, 0x00, 0x00, 0x00, 0x1F, 0x01, 0xF0, 0x0F, 0x10, 0x00, 0x00, 0x00, 0x00, 0x00
    .byte   0x00

    .end
