    .section .rodata
    .global Prologue_Line_0017_Compressed
    .align  2

Prologue_Line_0017_Compressed:

    .byte   0x1, 0x0, 0x0, 0x0
    .word   0x00D10C00  @ Mid-C ~13379.000000
    .word   0, 73901

    .byte      6, 0x07, 0x48, 0xB7, 0x78, 0x92, 0x77, 0x88, 0x77, 0x78, 0xB7, 0x7B, 0x87, 0x9A, 0x28, 0x1B
    .byte   0xC1, 0xF1, 0x01, 0xF4, 0x77, 0x76, 0xC7, 0x42, 0x98, 0x67, 0xC8, 0x8A, 0x77, 0x88, 0xEE, 0x77
    .byte   0x74,    7, 0x04, 0x77, 0xAB, 0x74, 0xA8, 0xF4, 0x2E, 0x8C, 0x2C, 0x5C, 0xB0, 0xB5, 0x74, 0x9B
    .byte   0x77, 0xC8, 0x86, 0x6A, 0xAF, 0xF7, 0x77, 0x7A, 0x57, 0x41, 0xA8, 0x77, 0xB8, 0x84, 0x7D, 0x8A
    .byte   0xF6, 0x5B,  -50, 0x02, 0x47, 0x43, 0xD4, 0x75, 0x1A, 0xB6, 0x48, 0x8A, 0x33, 0x99, 0x13, 0x5D
    .byte   0xCD, 0x24, 0x2B, 0xF1, 0x05, 0xF7, 0x77, 0x73, 0x50, 0xF0, 0xCD, 0x51, 0x98, 0x96, 0x59, 0xAB
    .byte   0x25, 0x2C, 0xF4,  -20, 0x07, 0xE1, 0x57, 0x50, 0xEE, 0x3D, 0xAB, 0x9A, 0xDA, 0xAC, 0xFF, 0x01
    .byte   0xF0, 0x00, 0x01, 0x01, 0x25, 0x77, 0x77, 0x51, 0x11, 0x00, 0x00, 0xFD, 0x89, 0x42, 0xB9, 0xC1
    .byte   0x3E, 0xCF, 0x55, 0x63,   23, 0x07, 0x72, 0x11, 0x0F, 0xF9, 0xAA, 0xAA, 0xAC, 0xEE, 0x01, 0xF0
    .byte   0x00, 0x00, 0x1F, 0x15, 0x77, 0x77, 0x52, 0x20, 0x00, 0x00, 0x0E, 0xA9, 0xB4, 0xCA, 0xBB, 0x34
    .byte   0x1B, 0x17, 0x46, 0x33, 0x75,  126, 0x01, 0x0F, 0xCB, 0x9A, 0xA9, 0xAE, 0xFF, 0xF0, 0x01, 0xF0
    .byte   0x01, 0xF1, 0x14, 0x67, 0x77, 0x72, 0x10, 0x00, 0x00, 0xF0, 0xC9, 0xA2, 0x09, 0xCD, 0xE1, 0xD3
    .byte   0xEF, 0x66, 0x54, 0x56, 0x21, 0x10,  124, 0x0B, 0xBA, 0x98, 0x9E, 0x01, 0xF0, 0x00, 0x1F, 0x1F
    .byte   0x1F, 0x1F, 0x47, 0x66, 0x77, 0x42, 0x00, 0x00, 0x00, 0xFF, 0xC9, 0xA2, 0xFB, 0xCB, 0x41, 0x2C
    .byte   0xF4, 0x45, 0x62, 0x65, 0x20, 0x0F, 0xCC,   44, 0x0A, 0x99, 0xAF, 0x00, 0x0F, 0x00, 0x1F, 0x1F
    .byte   0x00, 0x01, 0xF7, 0x66, 0x57, 0x73, 0x11, 0x00, 0x00, 0x00, 0xFC, 0x9A, 0x3D, 0xCC, 0xD2, 0xE3
    .byte   0xB2, 0x52, 0x53, 0x47, 0x5F, 0xF2, 0xFE, 0x9A,    8, 0x09, 0xA9, 0xFF, 0x01, 0xF0, 0x01, 0xF0
    .byte   0x01, 0xF1, 0xF3, 0x45, 0x57, 0x77, 0x52, 0x20, 0x00, 0x00, 0x00, 0xEB, 0xBB, 0x1C, 0xCD, 0xC2
    .byte   0xF0, 0xD0, 0x04, 0x6F, 0x45, 0x63, 0xE2, 0xEC, 0xB9,   -4, 0x09, 0xAA, 0xFF, 0xF0, 0x00, 0x01
    .byte   0xF0, 0x00, 0x01, 0x01, 0x36, 0x76, 0x47, 0x73, 0x00, 0x00, 0x00, 0x00, 0xFD, 0xAB, 0x2D, 0xCC
    .byte   0xC2, 0x2E, 0xCC, 0x45, 0x32, 0x36, 0x62, 0x13, 0xCD, 0xC9,   -8, 0x0A, 0xAA, 0xDF, 0xF0, 0xF0
    .byte   0x00, 0x10, 0xF1, 0xF1, 0x01, 0xF6, 0x76, 0x47, 0x74, 0x11, 0x10, 0x00, 0xF1, 0xFF, 0xBA, 0xF3
    .byte   0xBB, 0xCE, 0x23, 0xBD, 0x35, 0x5F, 0xC4, 0x75, 0x3C, 0xD2, 0xCA,    3, 0x09, 0xBC, 0xAE, 0xF0
    .byte   0x00, 0x00, 0x00, 0x00, 0x00, 0x1F, 0x2F, 0x67, 0x75, 0x67, 0x22, 0x00, 0x00, 0x00, 0x00, 0xFE
    .byte   0xBC, 0xCC, 0xEB, 0xC1, 0xEF, 0xDD, 0x54, 0x24, 0x34, 0x52, 0x1F, 0xCC,   46, 0x09, 0xBA, 0xAC
    .byte   0xDF, 0xFF, 0x01, 0xF0, 0x00, 0x10, 0xF0, 0x10, 0x44, 0x56, 0x65, 0x77, 0x11, 0x00, 0x00, 0x00
    .byte   0x00, 0xFD, 0xBE, 0xDB, 0x2A, 0xC4, 0xEC, 0xDE, 0x45, 0xDE, 0x53, 0x43, 0x1F,   58, 0x0C, 0xCB
    .byte   0xAA, 0xBC, 0xC1, 0xF0, 0x1F, 0x00, 0x01, 0xF0, 0x00, 0x01, 0x25, 0x55, 0x66, 0x77, 0x21, 0x00
    .byte   0x00, 0x00, 0x00, 0x0E, 0xCE, 0xC1, 0xD9, 0x12, 0xDF, 0xCC, 0x22, 0x33, 0xE1, 0x44,   65, 0x0F
    .byte   0xCC, 0x2C, 0xAA, 0xAC, 0xCE, 0xE0, 0x00, 0x00, 0x00, 0x00, 0x00, 0x00, 0x00, 0x35, 0x57, 0x67
    .byte   0x56, 0x10, 0x00, 0x00, 0x00, 0x00, 0x0F, 0xED, 0xFD, 0xDD, 0xDD, 0xDC, 0xDD, 0xD2, 0xFF,   17
    .byte   0x02, 0x31, 0xED, 0xDD, 0xCC, 0xCB, 0xCC, 0xE0, 0x23, 0x12, 0x0F, 0xFE, 0xDE, 0xED, 0x0E, 0xF0
    .byte   0x21, 0x34, 0x55, 0x45, 0x45, 0x44, 0x44, 0x14, 0x31, 0x11, 0x00, 0x00, 0x00, 0x00, 0x00, 0x0D
    .byte    101, 0x0B, 0xBE, 0xDD, 0x1D, 0x0F, 0xEE, 0xEC, 0xCB, 0xCC, 0xDC, 0xCE, 0xFF, 0x00, 0x1F, 0x1F
    .byte   0x00, 0x00, 0x00, 0x00, 0x01, 0x14, 0x66, 0x66, 0x55, 0x62, 0x11, 0x10, 0x00, 0x00, 0x00, 0x00
    .byte   0x00,  127, 0x00, 0x00, 0x0B, 0xBB, 0xAC, 0xDC, 0xEF, 0xDE, 0xDC, 0xCC, 0xCD, 0xFF, 0xF0, 0x00
    .byte   0x01, 0xF0, 0x00, 0x00, 0x00, 0x00, 0x00, 0x11, 0x36, 0x66, 0x66, 0x56, 0x11, 0x10, 0x00, 0x00
    .byte   0x00, 0x00,  127, 0x00, 0x00, 0x00, 0x0F, 0xCB, 0xBB, 0xBC, 0xC1, 0x1D, 0xED, 0xDC, 0xCC, 0xBE
    .byte   0x1F, 0x00, 0x00, 0x00, 0x00, 0x01, 0xF0, 0x00, 0x00, 0x00, 0x03, 0x66, 0x76, 0x56, 0x51, 0x11
    .byte   0x00, 0x00, 0x00,  127, 0x00, 0x00, 0x00, 0x00, 0x00, 0xFC, 0xCB, 0xAB, 0xCD, 0x22, 0xFD, 0xCD
    .byte   0xCC, 0xCB, 0xDF, 0xF0, 0x00, 0x00, 0x00, 0x00, 0x00, 0x00, 0x00, 0x00, 0x00, 0x16, 0x66, 0x66
    .byte   0x56, 0x32, 0x00, 0x00,  127, 0x00, 0x00, 0x00, 0x00, 0x00, 0x00, 0x00, 0xDC, 0xBA, 0xBC, 0xDF
    .byte   0xEE, 0xEC, 0xDC, 0xCB, 0xCE, 0xE1, 0xF0, 0x1F, 0x00, 0x01, 0xF0, 0x01, 0xF0, 0x1F, 0x00, 0x03
    .byte   0x76, 0x56, 0x65, 0x53, 0x21,  127, 0x00, 0x00, 0x00, 0x00, 0x00, 0x00, 0x00, 0x00, 0xDC, 0xCB
    .byte   0xAC, 0xDF, 0x11, 0xDD, 0xCE, 0xCC, 0xBB, 0xD0, 0x01, 0xF0, 0x1F, 0x00, 0x00, 0x1F, 0x1F, 0x1F
    .byte   0x00, 0x01, 0x26, 0x66, 0x66, 0x55,  127, 0x00, 0x00, 0x00, 0x00, 0x00, 0x00, 0x00, 0x00, 0x00
    .byte   0x00, 0xCC, 0xBB, 0xBC, 0xD2, 0xFE, 0xCD, 0xDD, 0xCC, 0xCB, 0xEF, 0xF0, 0x00, 0x00, 0x01, 0xF0
    .byte   0x1F, 0x00, 0x00, 0x1F, 0x11, 0x56, 0x66,   37, 0x05, 0x64, 0x32, 0x00, 0x00, 0x00, 0x00, 0x00
    .byte   0x00, 0x00, 0x00, 0xFE, 0xCB, 0xAC, 0xBE, 0xF0, 0x2C, 0xDC, 0xDD, 0xCB, 0xBE, 0xFF, 0x01, 0xF0
    .byte   0x00, 0x00, 0x1F, 0x00, 0x1F, 0x00, 0x01, 0xF3,  -82, 0x06, 0x66, 0x55, 0x55, 0x10, 0x00, 0x00
    .byte   0x00, 0x00, 0x00, 0x00, 0x00, 0x00, 0xFC, 0xDA, 0xBC, 0xBE, 0x1E, 0xDE, 0xCD, 0xEC, 0xDC, 0xBE
    .byte   0xEE, 0x2E, 0x00, 0x10, 0xF0, 0x01, 0xF0, 0x00, 0x00, -128, 0x01, 0x03, 0x67, 0x56, 0x53, 0x64
    .byte   0x32, 0x00, 0x00, 0x00, 0x00, 0x00, 0x00, 0x00, 0x00, 0xFC, 0xBA, 0xBB, 0xE1, 0xE2, 0xFD, 0xEC
    .byte   0xCC, 0xBC, 0xCE, 0xF0, 0x00, 0x00, 0x01, 0xF0, 0x00, 0x1F, -128, 0x00, 0x1F, 0x00, 0x27, 0x75
    .byte   0x76, 0x45, 0x11, 0x00, 0x00, 0x00, 0x00, 0x00, 0x00, 0x00, 0x00, 0xCB, 0xBA, 0xCC, 0xB2, 0xD2
    .byte   0x6D, 0x24, 0xB1, 0xBB, 0xDC, 0xBE, 0xDE, 0xF0, 0x00, 0x1F, 0x00, -128, 0x00, 0x00, 0x00, 0x00
    .byte   0x12, 0x77, 0x76, 0x74, 0x11, 0x00, 0x00, 0x00, 0x00, 0x00, 0x00, 0x00, 0x00, 0xDA, 0xCA, 0xCC
    .byte   0xDE, 0xB2, 0x53, 0x4F, 0xD1, 0xDB, 0xEC, 0xBB, 0xCE, 0xEE, 0xF0, 0x00, -128, 0x01, 0xF0, 0x00
    .byte   0x00, 0x00, 0x01, 0xF6, 0x77, 0x77, 0x42, 0x11, 0x10, 0x00, 0x00, 0x00, 0x00, 0x00, 0x00, 0xFD
    .byte   0xBB, 0xBC, 0xCB, 0xDC, 0xE4, 0x54, 0x3E, 0xFD, 0xDC, 0xBC, 0xAC, 0xDD, 0x1F, -128, 0x00, 0x00
    .byte   0x1F, 0x00, 0x1F, 0x00, 0x00, 0x01, 0x17, 0x77, 0x77, 0x22, 0x00, 0x00, 0x00, 0x00, 0x00, 0x00
    .byte   0x00, 0x0F, 0xEC, 0xBB, 0xCC, 0xBD, 0xCD, 0x15, 0x43, 0x1D, 0xFE, 0xCC, 0xBB, 0xCC, -118, 0x0E
    .byte   0xEF, 0xF0, 0x00, 0x1F, 0x1F, 0x1F, 0x01, 0x0F, 0x00, 0x47, 0x77, 0x76, 0x21, 0x11, 0x00, 0x00
    .byte   0x00, 0x00, 0x00, 0x00, 0x00, 0xDB, 0xCB, 0xCC, 0xBD, 0xCC, 0x54, 0x33, 0xF3, 0x3D, 0xDB,  -40
    .byte   0x0A, 0xCD, 0xFC, 0xD0, 0xF0, 0x1F, 0x1F, 0x1F, 0x00, 0x00, 0x01, 0x00, 0x57, 0x77, 0x75, 0x22
    .byte   0x00, 0x00, 0x00, 0x00, 0x00, 0x00, 0x00, 0x0E, 0xBC, 0xCC, 0xCC, 0xDC, 0xB1, 0x53, 0x23, 0x31
    .byte     32, 0x0E, 0xCC, 0xAB, 0xDC, 0xCD, 0xEE, 0xEF, 0x00, 0x00, 0x00, 0x00, 0x00, 0x00, 0x00, 0x47
    .byte   0x77, 0x76, 0x21, 0x11, 0x00, 0x00, 0x00, 0x00, 0x00, 0x00, 0x0E, 0xCB, 0xDC, 0xDC, 0xBD, 0xBE
    .byte   0x43,    8, 0x01, 0x13, 0x2F, 0xEC, 0xBA, 0xDD, 0xCE, 0xCF, 0xED, 0xF0, 0x00, 0x00, 0x00, 0x00
    .byte   0x00, 0x00, 0x27, 0x77, 0x77, 0x21, 0x10, 0x00, 0x00, 0x00, 0x00, 0x00, 0x00, 0x0E, 0xCC, 0xCC
    .byte   0xCE, 0xCC,  -13, 0x0C, 0x24, 0x20, 0x33, 0x03, 0x2D, 0xBB, 0xBE, 0xCD, 0xCD, 0xDE, 0xFF, 0xF0
    .byte   0x1F, 0x00, 0x01, 0xF1, 0xF1, 0xF7, 0x77, 0x77, 0x31, 0x00, 0x00, 0x00, 0x00, 0x00, 0x00, 0x00
    .byte   0x0F, 0xCC, 0xCD,   60, 0x0C, 0xCC, 0xBC, 0x13, 0x10, 0x14, 0x42, 0x3F, 0xCB, 0xCD, 0xCB, 0xBE
    .byte   0xED, 0xEF, 0xF0, 0x01, 0xF1, 0xF0, 0x00, 0x00, 0x10, 0x77, 0x77, 0x73, 0x00, 0x00, 0x00, 0x00
    .byte   0x00, 0x00, 0x00, 0x00,  125, 0x0C, 0xBC, 0xDD, 0xDD, 0xCB, 0xC0, 0x32, 0x2E, 0x34, 0x12, 0x3C
    .byte   0xBC, 0xCC, 0xDB, 0xDE, 0xCF, 0x2E, 0xFF, 0x00, 0x00, 0x00, 0x01, 0xF1, 0x17, 0x77, 0x77, 0x22
    .byte   0x00, 0x00, 0x00, 0x00, 0x00,  127, 0x00, 0xFF, 0x11, 0xBC, 0xDD, 0xCC, 0x2C, 0xBD, 0xE3, 0x2D
    .byte   0x12, 0x22, 0x33, 0xDB, 0xCD, 0xDB, 0xCE, 0xCD, 0xD1, 0x3E, 0xEE, 0x00, 0x00, 0x00, 0x00, 0x10
    .byte   0x57, 0x77, 0x75, 0x22, 0x00, 0x00,  127, 0x00, 0x00, 0x00, 0x00, 0x00, 0x0E, 0xAC, 0xCE, 0xDD
    .byte   0xDB, 0xB1, 0x43, 0xED, 0xE2, 0x24, 0x3D, 0xBC, 0xC2, 0xDC, 0xCC, 0xDE, 0xF3, 0x0C, 0xE0, 0x01
    .byte   0xF0, 0x1F, 0x00, 0x12, 0x77, 0x77, 0x72,  127, 0x00, 0x00, 0x00, 0x00, 0x00, 0x00, 0x00, 0x0F
    .byte   0xFB, 0xCB, 0xC0, 0xDD, 0xCB, 0xE2, 0x22, 0xDD, 0x21, 0x34, 0x1D, 0xCC, 0xEF, 0xCC, 0xCC, 0xD2
    .byte   0x22, 0xCD, 0xF0, 0x1F, 0x1F, 0x00, 0x1F, 0x10,  -93, 0x07, 0x77, 0x74, 0x22, 0x00, 0x00, 0x00
    .byte   0x00, 0x00, 0x00, 0x00, 0x0C, 0xCA, 0xCF, 0xC0, 0xEB, 0xDF, 0xE3, 0x1C, 0x2D, 0x05, 0x4D, 0xDD
    .byte   0xDD, 0xDC, 0xCB, 0xCE, 0xEF, 0xFE, 0x01, 0xF1, 0x00, -128, 0x00, 0x00, 0x02, 0x57, 0x67, 0x66
    .byte   0x42, 0x00, 0x00, 0x00, 0x00, 0x00, 0x00, 0x0F, 0x0D, 0xBB, 0xCD, 0xDE, 0xDC, 0xED, 0xE2, 0xED
    .byte   0xDF, 0x33, 0x33, 0xDD, 0xCE, 0x1C, 0xCD, 0xCD, 0x21, 0x3E,  -99, 0x0D, 0xCE, 0x1F, 0x00, 0x00
    .byte   0x00, 0x04, 0x55, 0x54, 0x65, 0x54, 0x43, 0x42, 0x10, 0x00, 0x00, 0x00, 0x00, 0x00, 0x00, 0x0D
    .byte   0xCC, 0xBC, 0xCC, 0xCC, 0xCC, 0xE1, 0x2F, 0x0E, 0xDE, 0xDD, 0xDC, -119, 0x0E, 0xEF, 0x00, 0x00
    .byte   0x00, 0x00, 0x00, 0x10, 0xF0, 0x24, 0x65, 0x65, 0x55, 0x56, 0x11, 0x00, 0x00, 0x00, 0x00, 0x00
    .byte   0x00, 0x00, 0x00, 0x0D, 0xBB, 0xBB, 0xBB, 0xCD, 0xCE, 0x11, 0x0E, 0xDE, -102, 0x0D, 0xFD, 0xEF
    .byte   0x02, 0x2E, 0xEF, 0xF0, 0x00, 0x1F, 0x00, 0x10, 0xF3, 0x65, 0x56, 0x55, 0x56, 0x32, 0x00, 0x00
    .byte   0x00, 0x00, 0x00, 0x00, 0x00, 0x00, 0xFC, 0xCB, 0xBB, 0xCC, 0xCC, 0xDD, 0xD1,  -73, 0x0E, 0xED
    .byte   0xEE, 0xDF, 0xED, 0x11, 0xD0, 0x01, 0xF0, 0x00, 0x01, 0xF0, 0x01, 0x35, 0x55, 0x56, 0x45, 0x54
    .byte   0x51, 0x10, 0x00, 0x00, 0x00, 0x00, 0x00, 0x00, 0xFE, 0xDC, 0xBC, 0xAC, 0xCD, 0xDD,  -51, 0x0E
    .byte   0xEE, 0x0F, 0xDE, 0xDC, 0xFE, 0xE2, 0x0F, 0xED, 0xEF, 0xFF, 0x00, 0x1F, 0x01, 0x03, 0x55, 0x55
    .byte   0x65, 0x45, 0x44, 0x31, 0x10, 0x00, 0x00, 0x00, 0x00, 0x00, 0x00, 0xDD, 0xCC, 0xBB, 0xCC,  -13
    .byte   0x0D, 0xDD, 0xD1, 0x10, 0xFD, 0xCD, 0xCD, 0xFE, 0x02, 0xED, 0xEF, 0xF0, 0xF0, 0x00, 0x01, 0xF1
    .byte   0x55, 0x55, 0x56, 0x35, 0x43, 0x44, 0x11, 0x00, 0x00, 0x00, 0x00, 0x00, 0xFE, 0xDD, 0xDB, 0xCB
    .byte     11, 0x0C, 0xDD, 0xDD, 0xEE, 0x22, 0xFD, 0xDC, 0xCD, 0xE0, 0x11, 0xEE, 0xED, 0xE0, 0x00, 0x00
    .byte   0x01, 0xF2, 0x56, 0x54, 0x65, 0x44, 0x33, 0x44, 0x21, 0x10, 0x00, 0x00, 0x00, 0x00, 0xDC, 0xED
    .byte   0xCC,   35, 0x0C, 0xCD, 0xDC, 0xDD, 0x02, 0x21, 0xED, 0xDC, 0xED, 0xDE, 0xE0, 0xE0, 0xED, 0xFF
    .byte   0x0F, 0x00, 0x00, 0x36, 0x65, 0x55, 0x53, 0x43, 0x33, 0x42, 0x11, 0x00, 0x00, 0x00, 0xF0, 0xBC
    .byte   0xCD, 0xED,   38, 0x0C, 0xDC, 0xED, 0xDD, 0xD1, 0x20, 0xFE, 0xDD, 0xDD, 0xEE, 0xDD, 0xCE, 0xFF
    .byte   0xF0, 0x00, 0x00, 0x00, 0x55, 0x55, 0x54, 0x54, 0x33, 0x33, 0x53, 0x11, 0x10, 0x00, 0x0F, 0xEC
    .byte   0xBC, 0xCE, 0xFE,   31, 0x0C, 0xDC, 0xEE, 0xED, 0xEF, 0x13, 0x2D, 0xCC, 0xEE, 0xFD, 0xDC, 0xE0
    .byte   0x20, 0xEC, 0xF0, 0xF0, 0x16, 0x55, 0x54, 0x56, 0x22, 0x1D, 0x04, 0x55, 0x00, 0x00, 0xFE, 0xDD
    .byte   0xAA, 0xB3, 0x43, 0x1B,    1, 0x0C, 0x34, 0x1C, 0xBC, 0x44, 0x30, 0xBC, 0x03, 0x4D, 0xBB, 0x12
    .byte   0x43, 0xCC, 0xCB, 0x13, 0x24, 0x77, 0x30, 0x64, 0x6E, 0xAF, 0xDB, 0x66, 0x0B, 0x9E, 0x74, 0xCA
    .byte   0xAA, 0x35, 0x6F, 0x8C, 0x67,   45, 0x0B, 0xAD, 0xF2, 0x53, 0x9B, 0x26, 0x6B, 0xAF, 0x44, 0x45
    .byte   0xDB, 0xF6, 0x61, 0xAB, 0xF0, 0xDD, 0xDB, 0xAB, 0x56, 0xBE, 0x77, 0x3D, 0x66, 0x69, 0x86, 0x3B
    .byte   0xF4, 0xCA, 0xC5, 0x7B, 0x8D, 0x46,   -3, 0x0B, 0x33, 0xC4, 0x63, 0xC9, 0xE6, 0x4B, 0xA2, 0x42
    .byte   0x21, 0xDC, 0x14, 0x5E, 0xCE, 0x45, 0x42, 0xDC, 0x34, 0x4B, 0xAE, 0x33, 0xDB, 0xE2, 0xF3, 0x1E
    .byte   0x20, 0x23, 0xF4, 0x42, 0xF2, 0x22, 0x2E,   33, 0x0D, 0xDD, 0x3E, 0xB2, 0x24, 0x4D, 0xD4, 0x23
    .byte   0x2B, 0xC2, 0x32, 0xCB, 0xD2, 0x3D, 0xBB, 0xC0, 0x3D, 0xBE, 0x57, 0x77, 0x86, 0x76, 0x48, 0x97
    .byte   0x3B, 0x2A, 0xB0, 0x56, 0xD8, 0xB7, 0x7C, 0x9C,    3, 0x06, 0x1E, 0x3B, 0xC5, 0x4B, 0x8C, 0x55
    .byte   0xCA, 0xD4, 0x43, 0x2D, 0xD2, 0x65, 0xDB, 0x45, 0x4D, 0xE2, 0xDC, 0x33, 0xCB, 0xD4, 0x4C, 0xCE
    .byte   0x43, 0xFE, 0x22, 0x13, 0x2E, 0xE2, 0x3F, 0xCD, 0x31,   -7, 0x0C, 0x32, 0xED, 0x23, 0x1D, 0x24
    .byte   0x2E, 0xF3, 0x4E, 0xD1, 0x2E, 0xE0, 0xFD, 0xE0, 0x3F, 0xDE, 0x32, 0xEE, 0x12, 0x2E, 0xF1, 0x1F
    .byte   0x01, 0xFE, 0x10, 0xF0, 0x10, 0x0F, 0x12, 0xFE, 0x02, 0x0E,   -5, 0x02, 0x2F, 0xEF, 0x10, 0xEF
    .byte   0x1F, 0xE1, 0x11, 0x1E, 0x02, 0x20, 0xE1, 0x12, 0x20, 0x01, 0x22, 0x1E, 0x0F, 0xF1, 0xFE, 0x0E
    .byte   0x22, 0xFF, 0x12, 0x2E, 0xE0, 0x1F, 0xE1, 0x2E, 0xD0, 0x22, 0xDC,  -24, 0x0F, 0xDE, 0xEF, 0x1E
    .byte   0x66, 0xCC, 0x53, 0x5E, 0x94, 0x4C, 0xFE, 0xC2, 0xE2, 0x4B, 0xC5, 0x4D, 0xCC, 0x46, 0xCC, 0x2F
    .byte   0x4F, 0xD0, 0xDD, 0x33, 0xDD, 0xE2, 0x41, 0xC2, 0x31, 0x2E, 0xF2, 0x10,    8, 0x0E, 0xE1, 0x2F
    .byte   0x0E, 0xE2, 0x11, 0xFE, 0x21, 0x1F, 0xF0, 0x11, 0x0F, 0xFF, 0x11, 0xF0, 0xF2, 0x00, 0xE1, 0x10
    .byte   0xFF, 0xF0, 0xF1, 0x0F, 0x00, 0x20, 0xFF, 0x02, 0x1F, 0xFF, 0x1F, 0xFF, 0xF0,   -1, 0x0F, 0xF0
    .byte   0x11, 0x00, 0x11, 0x11, 0x01, 0xF1, 0x0F, 0xFF, 0x0F, 0xF0, 0xF1, 0xF1, 0xF0, 0x1F, 0x10, 0x00
    .byte   0x10, 0x00, 0x0F, 0x1F, 0x01, 0x0F, 0x10, 0x00, 0x0F, 0x00, 0x10, 0x0F, 0x10, 0x00,    0, 0x01
    .byte   0x00, 0x1F, 0x10, 0x0F, 0x00, 0x0F, 0xF0, 0x00, 0x00, 0xF1, 0x10, 0x10, 0x00, 0x00, 0x0F, 0x0F
    .byte   0x10, 0x00, 0x00, 0xF0, 0x01, 0x00, 0x00, 0xF0, 0x0F, 0x00, 0x00, 0x01, 0x0F, 0x01, 0x1F,   -1
    .byte   0x00, 0x10, 0x01, 0xF0, 0x10, 0x0F, 0x00, 0x1F, 0x00, 0x1F, 0x00, 0x10, 0x00, 0x00, 0xF0, 0xF1
    .byte   0xF0, 0xF0, 0x1F, 0xF1, 0x0F, 0x10, 0x00, 0x01, 0x00, 0x00, 0x10, 0x00, 0x10, 0x1F, 0x0F, 0x0F
    .byte     -1, 0x01, 0xF0, 0x00, 0x10, 0x01, 0xF1, 0x0F, 0x1F, 0xF1, 0x0F, 0x00, 0x00, 0xF1, 0x00, 0x00
    .byte   0xF0, 0x10, 0x01, 0x11, 0x0E, 0x02, 0x0F, 0xFF, 0x10, 0x01, 0x20, 0x10, 0x33, 0xBC, 0x52, 0xCD
    .byte   0x13,    3, 0x0C, 0x24, 0xEE, 0x22, 0x0D, 0xD3, 0x4D, 0xD3, 0x44, 0xBA, 0x55, 0xAC, 0x14, 0x2C
    .byte   0x35, 0xFB, 0x46, 0xCB, 0xC5, 0x5D, 0xB5, 0x5C, 0xC3, 0x4A, 0xB2, 0x6D, 0xAF, 0x5E, 0xAB, 0xDD
    .byte   0xBC, 0x1E, -121, 0x05, 0x77, 0x69, 0x77, 0x6D, 0x84, 0x7B, 0x9D, 0xC5, 0xF8, 0x7C, 0x86, 0x6C
    .byte   0xAB, 0x77, 0x38, 0x57, 0x5D, 0xBE, 0x3E, 0xDD, 0xBB, 0xD4, 0x29, 0xA3, 0x4D, 0xBC, 0x32, 0xEF
    .byte   0xCF, 0x11, 0x31,  -37, 0x07, 0x6C, 0x67, 0x31, 0x95, 0x4E, 0xAA, 0x15, 0xFB, 0x5C, 0xB4, 0x4C
    .byte   0xAC, 0x66, 0xC9, 0x47, 0x3B, 0xB2, 0x4D, 0xAC, 0xCC, 0x01, 0xBA, 0xC4, 0x4B, 0xEE, 0x01, 0xF1
    .byte   0xF0, 0x05, 0x77, 0x76,  123, 0x02, 0x00, 0x00, 0x00, 0xDB, 0xB4, 0x4A, 0x4E, 0xA4, 0x3B, 0xBC
    .byte   0x36, 0xEA, 0x55, 0x1C, 0xCD, 0xDB, 0xDD, 0xBB, 0xCD, 0xDE, 0xFF, 0x1F, 0x01, 0xF0, 0x01, 0x04
    .byte   0x77, 0x75, 0x74, 0x10, 0x00,  127, 0x00, 0xFE, 0xB2, 0xDE, 0x5B, 0xB4, 0x1D, 0xBA, 0x45, 0xB0
    .byte   0x42, 0x4F, 0xB1, 0xBB, 0xCB, 0xBB, 0xCE, 0xE0, 0x01, 0xF0, 0x00, 0x00, 0x01, 0xF3, 0x46, 0x77
    .byte   0x66, 0x42, 0x20, 0x00, 0x00, 0x00,  127, 0x00, 0xD0, 0x39, 0x06, 0xCA, 0xC1, 0x4C, 0xA3, 0x6B
    .byte   0xD0, 0xCD, 0xBB, 0xEA, 0xBE, 0xEF, 0xF0, 0x1F, 0x01, 0xF1, 0xF0, 0x00, 0x01, 0x56, 0x77, 0x67
    .byte   0x31, 0x00, 0x00, 0x00, 0x00, 0x00, 0x00,  127, 0x0E, 0xE2, 0xCC, 0xBD, 0xD2, 0xBD, 0x21, 0xEC
    .byte   0xBC, 0xDC, 0xBB, 0xDE, 0xFF, 0x00, 0x1F, 0x00, 0x00, 0x01, 0xF0, 0x01, 0x55, 0x77, 0x75, 0x52
    .byte   0x11, 0x10, 0x00, 0x00, 0x00, 0x00, 0x00, 0x00,  127, 0x0C, 0xCB, 0xC4, 0xBC, 0x1D, 0xEF, 0xBA
    .byte   0xDC, 0xCC, 0xBF, 0x00, 0x00, 0x1F, 0x00, 0x00, 0x10, 0xF0, 0x10, 0x05, 0x47, 0x77, 0x65, 0x21
    .byte   0x00, 0x00, 0x00, 0x00, 0x00, 0x00, 0x00, 0x00, 0x0C,   82, 0x0D, 0xEB, 0xD0, 0xDD, 0xCB, 0xCB
    .byte   0xAD, 0xDD, 0x00, 0x1F, 0x01, 0xF0, 0x01, 0xF0, 0x00, 0x00, 0x00, 0x44, 0x57, 0x77, 0x63, 0x21
    .byte   0x10, 0x00, 0x00, 0x00, 0x00, 0x00, 0x00, 0x00, 0x0D, 0xBD,   72, 0x0D, 0xBC, 0xEC, 0xBA, 0xAC
    .byte   0xCF, 0x1F, 0x1F, 0x00, 0x00, 0x00, 0x00, 0x00, 0x00, 0x10, 0x14, 0x45, 0x57, 0x75, 0x63, 0x11
    .byte   0x10, 0x00, 0x00, 0x00, 0x00, 0x00, 0x00, 0x00, 0x0C, 0xBD, 0xCB,   27, 0x0E, 0xCC, 0xBA, 0xBB
    .byte   0xEE, 0x00, 0x00, 0x01, 0xF0, 0x1F, 0x00, 0x00, 0x00, 0x01, 0x12, 0x45, 0x56, 0x77, 0x70, 0x00
    .byte   0x00, 0x00, 0x00, 0x00, 0x00, 0x00, 0x00, 0x00, 0xFE, 0xBC, 0xCC, 0xCD,    3, 0x0C, 0xBB, 0xBA
    .byte   0xE1, 0xF0, 0x00, 0x00, 0x00, 0x01, 0xF0, 0x00, 0x00, 0x00, 0x01, 0x44, 0x56, 0x76, 0x66, 0x20
    .byte   0x00, 0x00, 0x00, 0x00, 0x00, 0x00, 0x00, 0x00, 0x00, 0xDC, 0xBC, 0xCD, 0xCC,  -18, 0x0B, 0xBB
    .byte   0xBD, 0xF0, 0x00, 0x00, 0x10, 0xF0, 0x00, 0x00, 0x00, 0x00, 0x01, 0x34, 0x35, 0x56, 0x56, 0x56
    .byte   0x31, 0x11, 0x00, 0x00, 0x00, 0x00, 0x00, 0x00, 0x00, 0x00, 0xDC, 0xCD, 0xCD, 0xCD,    8, 0x0C
    .byte   0xCC, 0xCB, 0xCD, 0xCE, 0xFF, 0x1F, 0x00, 0x00, 0x1F, 0x00, 0x00, 0x00, 0x00, 0x1F, 0x34, 0x55
    .byte   0x65, 0x65, 0x64, 0x21, 0x10, 0x00, 0x00, 0x00, 0x00, 0x00, 0x00, 0x00, 0x00, 0xEB, 0xCB,   36
    .byte   0x0C, 0xBB, 0xBA, 0xCC, 0xEF, 0x00, 0x00, 0x00, 0x00, 0x1F, 0x00, 0x00, 0x00, 0x01, 0xF1, 0xF5
    .byte   0x65, 0x66, 0x64, 0x54, 0x20, 0x00, 0x00, 0x00, 0x00, 0x00, 0x00, 0x00, 0x00, 0x00, 0xCC, 0xCB
    .byte     23, 0x0A, 0xBA, 0xBB, 0xE0, 0x00, 0x00, 0x00, 0x00, 0x00, 0x10, 0xF0, 0x00, 0x00, 0x00, 0x01
    .byte   0x16, 0x66, 0x65, 0x56, 0x42, 0x11, 0x10, 0x00, 0x00, 0x00, 0x00, 0x00, 0x00, 0x00, 0x0D, 0xCC
    .byte   0xBB,   11, 0x0B, 0xBB, 0xBC, 0xCE, 0xFF, 0xF0, 0x00, 0x01, 0xF0, 0x00, 0x00, 0x00, 0x00, 0x00
    .byte   0x1F, 0x46, 0x65, 0x65, 0x65, 0x42, 0x00, 0x00, 0x00, 0x00, 0x00, 0x00, 0x00, 0x00, 0x00, 0x0D
    .byte   0xBC, 0xBB,    9, 0x0C, 0xBC, 0xBC, 0xCC, 0xEF, 0xFF, 0x1F, 0x00, 0x00, 0x00, 0x00, 0x00, 0x00
    .byte   0x00, 0x00, 0x56, 0x65, 0x56, 0x56, 0x31, 0x10, 0x00, 0x00, 0x00, 0x00, 0x00, 0x00, 0x00, 0x00
    .byte   0xFC, 0xCB, 0xBB,    2, 0x0C, 0xBC, 0xCC, 0xCC, 0xD0, 0x00, 0x1F, 0x00, 0x1F, 0x00, 0x00, 0x01
    .byte   0xF0, 0x00, 0x14, 0x65, 0x65, 0x65, 0x54, 0x32, 0x10, 0x00, 0x00, 0x00, 0x00, 0x00, 0x00, 0x00
    .byte   0xFF, 0xCC, 0xBC, 0xBC,  -10, 0x0C, 0xBC, 0xCD, 0xCD, 0xDF, 0x0F, 0x00, 0x00, 0x00, 0x10, 0xF0
    .byte   0x00, 0x00, 0x00, 0x15, 0x65, 0x66, 0x56, 0x44, 0x11, 0x10, 0x00, 0x00, 0x00, 0x00, 0x00, 0x00
    .byte   0x00, 0xEC, 0xCC, 0xBC, 0xBC,  -19, 0x0C, 0xCD, 0xCD, 0xDD, 0xCD, 0x00, 0x00, 0x00, 0x00, 0x00
    .byte   0x01, 0xF1, 0xF0, 0x02, 0x46, 0x56, 0x56, 0x55, 0x43, 0x11, 0x00, 0x00, 0x00, 0x00, 0x00, 0x00
    .byte   0x00, 0xFD, 0xDC, 0xCB, 0xCC, 0xCC,  -29, 0x0C, 0xDD, 0xDD, 0xDC, 0xDD, 0xE0, 0x00, 0x10, 0xF0
    .byte   0x01, 0xF1, 0xF0, 0x01, 0x04, 0x65, 0x66, 0x55, 0x54, 0x32, 0x10, 0x00, 0x00, 0x00, 0x00, 0x00
    .byte   0x00, 0xFD, 0xDD, 0xCC, 0xCC, 0xCC, 0xDC,  -38, 0x0D, 0xDD, 0xDD, 0xDD, 0xCD, 0xFF, 0x00, 0x01
    .byte   0xF0, 0x1F, 0x00, 0x00, 0x00, 0x46, 0x56, 0x55, 0x64, 0x53, 0x21, 0x10, 0x00, 0x00, 0x00, 0x00
    .byte   0x00, 0xFF, 0xCD, 0xDC, 0xDC, 0xCD, 0xCC, 0xCD,  -45, 0x0D, 0xDD, 0xDD, 0xCD, 0xDE, 0x00, 0x00
    .byte   0x00, 0x1F, 0x00, 0x00, 0x01, 0x35, 0x56, 0x45, 0x64, 0x55, 0x40, 0x00, 0x00, 0x00, 0x00, 0x00
    .byte   0x00, 0x0E, 0xDC, 0xDC, 0xDC, 0xDC, 0xDC, 0xCC, 0xDC,  -65, 0x0D, 0xDD, 0xDD, 0xED, 0xEF, 0x00
    .byte   0x01, 0xF1, 0xF0, 0x00, 0x02, 0x34, 0x45, 0x55, 0x55, 0x45, 0x53, 0x31, 0x00, 0x00, 0x00, 0x00
    .byte   0x00, 0x00, 0xDC, 0xDC, 0xDC, 0xCD, 0xDC, 0xDC, 0xCD, 0xDE,  -68, 0x0E, 0xDD, 0xED, 0xDD, 0xEF
    .byte   0xFF, 0x1F, 0x00, 0x00, 0x12, 0x33, 0x44, 0x45, 0x54, 0x55, 0x44, 0x44, 0x20, 0x00, 0x00, 0x00
    .byte   0x00, 0x00, 0xFE, 0xCD, 0xCD, 0xCC, 0xDC, 0xDC, 0xDD, 0xCD, 0xED,  -71, 0x0D, 0xED, 0xDE, 0xDD
    .byte   0xE0, 0x00, 0x00, 0x11, 0x22, 0x23, 0x33, 0x34, 0x45, 0x44, 0x45, 0x44, 0x43, 0x33, 0x00, 0x00
    .byte   0x00, 0x00, 0x00, 0xEC, 0xDC, 0xDD, 0xDC, 0xDD, 0xCD, 0xCD, 0xDD, 0xDE,  -68, 0x0E, 0xEE, 0xED
    .byte   0xFD, 0xDE, 0x01, 0x13, 0x13, 0x22, 0x30, 0x22, 0x23, 0x34, 0x44, 0x44, 0x43, 0x43, 0x22, 0x32
    .byte   0x32, 0x31, 0x10, 0xEE, 0xDD, 0xDC, 0xED, 0xED, 0xDD, 0xDD, 0xCC, 0xDC, 0xDD,  -65, 0x0E, 0xFE
    .byte   0xEF, 0xEE, 0xEF, 0xFE, 0x22, 0x32, 0x32, 0x33, 0xF3, 0xF3, 0x22, 0x32, 0x33, 0x32, 0x22, 0x23
    .byte   0x23, 0x11, 0x12, 0x2F, 0xE0, 0xF2, 0xE0, 0x0F, 0xFD, 0xCE, 0x2D, 0xCA, 0x5E, 0xE4,  -22, 0x01
    .byte   0xD2, 0x2C, 0x3D, 0xCD, 0xD3, 0x04, 0x20, 0x23, 0x22, 0xDE, 0xD3, 0x34, 0x32, 0x3E, 0x3E, 0x3E
    .byte   0x0C, 0x22, 0xF4, 0xEF, 0xEE, 0x2F, 0x2E, 0xFD, 0x11, 0x01, 0x0D, 0xF1, 0xE3, 0xE2, 0xEF,   -6
    .byte   0x02, 0xF3, 0xD2, 0xE2, 0x13, 0xD3, 0xDF, 0x3C, 0x5B, 0x4D, 0x3E, 0x12, 0xD4, 0xC2, 0x0D, 0x3D
    .byte   0x22, 0xD2, 0x0E, 0x3D, 0x22, 0xB6, 0xA5, 0xC2, 0x0E, 0x3D, 0x13, 0xD1, 0x3B, 0x6A, 0x6B, 0x4D
    .byte     -8, 0x02, 0x02, 0x0D, 0x3E, 0x13, 0xD3, 0xEE, 0x12, 0xE4, 0xB5, 0xB5, 0xD3, 0xD2, 0xEF, 0x1D
    .byte   0x4C, 0x5A, 0x6A, 0x5D, 0x03, 0xB5, 0xB5, 0xC2, 0x2D, 0x3D, 0x3E, 0xE3, 0xC4, 0xD2, 0x3B, 0x5B
    .byte   0x4F,   -6, 0x02, 0x01, 0xF2, 0xE2, 0xFF, 0xF1, 0x13, 0xC4, 0xC4, 0xED, 0x5B, 0x4D, 0x02, 0xFF
    .byte   0x2E, 0xF0, 0xE3, 0xD2, 0xD2, 0xE2, 0xF2, 0x0E, 0x11, 0x1E, 0xF2, 0xD3, 0xD3, 0xDF, 0x4B, 0x5C
    .byte   0x3E, 0xE3,   -8, 0x00, 0x3C, 0x5C, 0x22, 0xD2, 0x00, 0xF4, 0xB6, 0xA5, 0xC3, 0x2D, 0x4C, 0x3E
    .byte   0x01, 0x2D, 0x3C, 0x4E, 0x1E, 0xE2, 0xE3, 0xD2, 0x0E, 0x2D, 0x3D, 0x3C, 0x2F, 0xD5, 0xB4, 0xD3
    .byte   0xE3, 0xD3, 0xDE,    3, 0x0C, 0x4C, 0x4C, 0x4C, 0x40, 0xE3, 0xC4, 0xC4, 0xD4, 0xC4, 0xD1, 0x3C
    .byte   0x4C, 0x3E, 0x11, 0xE0, 0x01, 0x1D, 0x20, 0x11, 0x0D, 0x4D, 0xD4, 0xB5, 0xD1, 0xD3, 0xD2, 0x2E
    .byte   0x3C, 0x10, 0x30, 0x3D,   -3, 0x00, 0x10, 0x3D, 0x0E, 0x1E, 0x4D, 0x3D, 0xF2, 0x24, 0xC4, 0xB4
    .byte   0xB6, 0xB4, 0xCF, 0x11, 0x3E, 0x3C, 0x2C, 0x5D, 0x3C, 0x2D, 0x3F, 0xE2, 0xEF, 0xE4, 0xD4, 0xD1
    .byte   0xDE, 0x31, 0x2D, 0x2D, 0x22,    0, 0x01, 0xFD, 0x21, 0x14, 0xDF, 0xFE, 0x13, 0xD3, 0xC2, 0x21
    .byte   0x30, 0xD1, 0xE1, 0x2E, 0xE1, 0xD4, 0x21, 0x3C, 0x1E, 0xF0, 0x2D, 0xFF, 0xF4, 0x13, 0xED, 0xD3
    .byte   0xF2, 0xDE, 0xD2, 0x32, 0x4C, 0x3C,    2, 0x0F, 0x2F, 0xD0, 0xC5, 0xE4, 0xDD, 0xE2, 0x23, 0xED
    .byte   0xED, 0x33, 0x2F, 0xFD, 0x32, 0x11, 0xDE, 0xEE, 0x32, 0x2D, 0xEF, 0xF4, 0xD3, 0xC0, 0xE3, 0x3F
    .byte   0x1D, 0x0F, 0x33, 0xD0, 0xDD, 0x4E, 0x2D,   -5, 0x0D, 0x32, 0x3F, 0x1C, 0x4C, 0x33, 0xC4, 0xC4
    .byte   0xC4, 0xD2, 0xD0, 0x02, 0x12, 0xFF, 0x1C, 0x5C, 0x3D, 0x2C, 0x4E, 0x22, 0xE1, 0xE2, 0xD4, 0xC2
    .byte   0xEF, 0x4D, 0xFF, 0x0E, 0x4E, 0xE0, 0xD2, 0x2F,    0, 0x01, 0xD3, 0x2F, 0x3C, 0x02, 0xE2, 0x1D
    .byte   0x3E, 0x12, 0xFF, 0x0F, 0x10, 0xE3, 0xEF, 0xE3, 0xC4, 0xEE, 0x3C, 0x4E, 0x2E, 0xEE, 0xF3, 0xD3
    .byte   0xEE, 0x21, 0xE3, 0xD0, 0x01, 0xE2, 0x3D, 0x3C, 0x4D,   10, 0x0D, 0x2E, 0xD4, 0xC4, 0xC3, 0xD3
    .byte   0x2D, 0x3C, 0x41, 0xEF, 0x2D, 0x3E, 0x4C, 0x2F, 0xD4, 0xC3, 0xD2, 0xD3, 0xE1, 0x2E, 0xE4, 0xC3
    .byte   0xFE, 0x3D, 0x2E, 0x4C, 0x3C, 0x3E, 0x13, 0xED, 0x4C, 0x23,   -5, 0x04, 0xC3, 0xD3, 0xE2, 0xEF
    .byte   0xE3, 0xE4, 0xED, 0x2C, 0x23, 0xEE, 0xFE, 0xE4, 0xF1, 0x4B, 0x3D, 0x3E, 0x0F, 0xD3, 0xD5, 0xED
    .byte   0x3C, 0x23, 0xC3, 0xD0, 0xD3, 0x31, 0x3F, 0xD3, 0xD1, 0x3B, 0x4C,    6, 0x0D, 0x4D, 0xE3, 0xC5
    .byte   0xA6, 0xB2, 0x10, 0x1F, 0x1E, 0x22, 0xEE, 0x3C, 0x5E, 0x3C, 0x2D, 0x3E, 0xD4, 0xB3, 0x3E, 0x32
    .byte   0xB3, 0xFE, 0x32, 0xEE, 0x2E, 0x32, 0xE2, 0xC3, 0xF3, 0xEF, 0xDF, 0x20,    6, 0x0D, 0x1E, 0x23
    .byte   0xD3, 0xEE, 0x0E, 0x4D, 0x2D, 0xE1, 0x22, 0x2F, 0xC3, 0x2E, 0x4C, 0x01, 0xE3, 0x2D, 0x2F, 0xC4
    .byte   0xD2, 0x2D, 0x32, 0x0F, 0xD2, 0x0D, 0x3C, 0x5D, 0x23, 0xD3, 0xC4, 0xC2, 0xFD,    0, 0x0D, 0x33
    .byte   0xC4, 0xC2, 0x2E, 0x3D, 0x1E, 0x03, 0x4D, 0x0D, 0xE1, 0x3D, 0x0F, 0xC4, 0x20, 0xE2, 0xD0, 0x4E
    .byte   0xF2, 0xED, 0x3D, 0x32, 0xD2, 0xE2, 0x12, 0xE3, 0xB4, 0xF2, 0xEE, 0xED, 0x4D, 0x5C,    6, 0x0C
    .byte   0x30, 0x30, 0xD2, 0xB5, 0x1F, 0x4B, 0x3D, 0xE5, 0xDE, 0xDF, 0xE4, 0x2D, 0x2D, 0x13, 0xE3, 0xD2
    .byte   0xDE, 0x4D, 0x12, 0xD3, 0xE0, 0x3D, 0xFF, 0x2E, 0x03, 0xD4, 0xDD, 0x4B, 0x33, 0xED, 0x21,    5
    .byte   0x02, 0xE0, 0xE1, 0xD3, 0x1D, 0x3D, 0xD5, 0xE1, 0x1C, 0x1E, 0x32, 0xF0, 0xC4, 0xD4, 0x4B, 0x3B
    .byte   0x42, 0x2F, 0xDF, 0xD4, 0xD5, 0xB3, 0xDD, 0x4E, 0x4C, 0x1E, 0xF5, 0xDF, 0xFC, 0x3C, 0x5C, 0x3F
    .byte    -11, 0x03, 0x21, 0xF3, 0xB5, 0xDD, 0x32, 0xEC, 0x4F, 0xD5, 0xB4, 0x0C, 0x4D, 0x2F, 0xE2, 0xE1
    .byte   0x1D, 0x4D, 0x2D, 0x4C, 0x04, 0xC4, 0xB4, 0xD4, 0xD2, 0x2C, 0x4D, 0x21, 0x0D, 0x3F, 0xE3, 0x1C
    .byte   0x5A,    9, 0x0D, 0xE5, 0xA5, 0xCF, 0x4B, 0x5C, 0x05, 0xA6, 0xCD, 0x4B, 0x5D, 0x20, 0xD4, 0xC2
    .byte   0x01, 0xF2, 0xD3, 0xD2, 0x3D, 0x3B, 0x5C, 0x30, 0xE2, 0x2D, 0x4D, 0x2D, 0xE5, 0xA6, 0xB1, 0x4C
    .byte   0x22, 0xE1,    6, 0x0C, 0x4D, 0xE4, 0xC3, 0xFD, 0x5B, 0x4D, 0xD5, 0xB4, 0xED, 0x3D, 0x30, 0xD4
    .byte   0xC2, 0x3D, 0x03, 0xC4, 0xEF, 0x2D, 0x3D, 0x3E, 0xE3, 0xC2, 0x4B, 0x40, 0xEE, 0x4D, 0x11, 0x1D
    .byte   0x13, 0xD3, 0xD2,   -6, 0x03, 0xC6, 0xA4, 0xFD, 0x4C, 0x4C, 0x22, 0xE3, 0xFD, 0x4B, 0x5C, 0x13
    .byte   0xC4, 0xD1, 0x3C, 0x5C, 0xD5, 0xA5, 0xD2, 0xE3, 0xD1, 0x4B, 0x5B, 0x5C, 0x3E, 0xE4, 0xB5, 0xB4
    .byte   0xEE, 0x3C, 0x4D, 0x12,   -4, 0x02, 0x2D, 0x3E, 0xE3, 0xE1, 0x1E, 0x20, 0xFF, 0x00, 0x0F, 0x01
    .byte   0xF1, 0xF0, 0x0F, 0x11, 0xF1, 0xFF, 0x10, 0x10, 0xF1, 0x00, 0xF1, 0xFF, 0x1F, 0x2E, 0x01, 0x0F
    .byte   0x1F, 0x1F, 0x10, 0xF1, 0xF1,    0, 0x00, 0x00, 0x00, 0xF0, 0x10, 0x00, 0x00, 0x0F, 0x10, 0xF0
    .byte   0x10, 0x00, 0x00, 0x00, 0x00, 0x00, 0x01, 0xF0, 0xF0, 0x11, 0xF0, 0x0F, 0x01, 0xF1, 0x0F, 0x1F
    .byte   0x1F, 0x00, 0x10, 0x00, 0xF0, 0x10,    0, 0x00, 0x00, 0x0F, 0x1F, 0x1F, 0x10, 0xF0, 0x00, 0x10
    .byte   0x0F, 0x01, 0x0F, 0x01, 0x00, 0x1F, 0x00, 0x01, 0xF0, 0xF1, 0xF1, 0x00, 0x00, 0x0F, 0x01, 0x00
    .byte   0x00, 0x00, 0xF1, 0x1F, 0x00, 0x00, 0x01,    0, 0x0F, 0x10, 0x00, 0xF1, 0x01, 0xF0, 0x00, 0x00
    .byte   0x00, 0x00, 0xF0, 0x10, 0x1F, 0x00, 0x00, 0x1F, 0x01, 0xF0, 0x1F, 0x1F, 0x01, 0xF1, 0xF0, 0x00
    .byte   0x00, 0x10, 0x00, 0x0F, 0x10, 0x0F, 0x0F, 0x10,    0, 0x00, 0x00, 0xF1, 0xF1, 0x00, 0x00, 0x00
    .byte   0x1F, 0x10, 0xF0, 0x01, 0xF1, 0x0F, 0x01, 0x0F, 0x00, 0x00, 0x00, 0x00, 0x00, 0x01, 0xF1, 0xF1
    .byte   0xF1, 0xF0, 0x00, 0x00, 0x00, 0x00, 0x00, 0x00, 0x0F,    0, 0x00, 0x00, 0x10, 0xF1, 0xF0, 0x00
    .byte   0x01, 0xF0, 0x1F, 0x00, 0x00, 0x1F, 0x00, 0x0F, 0x10, 0x00, 0x00, 0x01, 0xF0, 0x00, 0x00, 0x1F
    .byte   0x01, 0xF0, 0x00, 0x00, 0x01, 0xF0, 0x00, 0x1F, 0x00, 0xF1,    0, 0x00, 0x00, 0x1F, 0x00, 0x00
    .byte   0x0F, 0x01, 0x00, 0x00, 0x00, 0x00, 0x0F, 0x10, 0x00, 0x0F, 0x10, 0x00, 0x00, 0xF1, 0x0F, 0x01
    .byte   0x00, 0x00, 0xF1, 0x00, 0x00, 0x0F, 0x10, 0x00, 0x1F, 0x00, 0x00,    0, 0x00, 0x1F, 0x00, 0x00
    .byte   0x00, 0x1F, 0x1F, 0x00, 0x00, 0x00, 0xF1, 0x1F, 0x00, 0x1F, 0x00, 0x00, 0xF1, 0x00, 0x01, 0xF0
    .byte   0xF1, 0xF1, 0x01, 0xF0, 0x00, 0xF1, 0x1F, 0x0F, 0x10, 0x1F, 0xF1, 0x00,    0, 0x00, 0x01, 0x0F
    .byte   0x0F, 0x10, 0x00, 0xF1, 0x01, 0xF0, 0x1F, 0x0F, 0x10, 0x00, 0x00, 0x00, 0x1F, 0x00, 0x00, 0xF1
    .byte   0x0F, 0x01, 0x00, 0xF1, 0x00, 0x00, 0x00, 0xF0, 0x1F, 0x10, 0x0F, 0x10, 0x0F,    0, 0x00, 0xF0
    .byte   0x1F, 0x1F, 0x10, 0xF1, 0x1F, 0x10, 0xF0, 0x00, 0x00, 0x00, 0x00, 0x00, 0x1F, 0x00, 0x00, 0x1F
    .byte   0x00, 0x1F, 0x1F, 0x01, 0xF0, 0x00, 0x00, 0x00, 0x00, 0x00, 0x00, 0x00, 0x00, 0x00,    0, 0x0F
    .byte   0x10, 0x00, 0xF1, 0x00, 0x00, 0x0F, 0x00, 0xF0, 0x2E, 0x12, 0x2E, 0x5D, 0x86, 0x3B, 0x6E, 0xE2
    .byte   0xC5, 0xCC, 0x4E, 0x2E, 0x23, 0xC3, 0x1D, 0x30, 0x01, 0xD2, 0x02, 0xF2, 0xEE, 0x3D, 0x13,   -3
    .byte   0x03, 0xED, 0x4C, 0x12, 0x01, 0x1E, 0x20, 0x22, 0xC4, 0xDE, 0x4B, 0x4E, 0xE3, 0x13, 0xC1, 0x03
    .byte   0xD5, 0xCD, 0x5A, 0x24, 0x5A, 0x5A, 0xE5, 0xA6, 0xEC, 0x43, 0x13, 0x4B, 0xCD, 0xC4, 0x3C, 0x14
    .byte    -39, 0x07, 0x5D, 0x2B, 0xBE, 0x15, 0xA5, 0xCE, 0x79, 0x7D, 0xB6, 0xA6, 0x2B, 0x5B, 0xE6, 0xB3
    .byte   0xDD, 0xD0, 0x4B, 0x4D, 0xB6, 0xC2, 0x68, 0x7D, 0xB7, 0xA5, 0x3A, 0x6E, 0xF3, 0xCE, 0xED, 0x24
    .byte   0xB3,   -7, 0x0D, 0x4D, 0x2F, 0xFD, 0x33, 0xE3, 0xDD, 0x5D, 0x4C, 0xF3, 0xB5, 0xDF, 0x2C, 0x03
    .byte   0x22, 0xD1, 0xD3, 0xE2, 0x3D, 0x1D, 0x3F, 0x20, 0xE1, 0xE2, 0x4C, 0xFF, 0xD4, 0xC3, 0xF2, 0xEE
    .byte   0x3E, 0x3C,   -5, 0x02, 0xF3, 0xDF, 0x3E, 0x2E, 0xE3, 0xC2, 0x3D, 0x4C, 0xF2, 0xF3, 0xEE, 0x1E
    .byte   0x02, 0x12, 0xFD, 0x22, 0x11, 0xD3, 0xE0, 0x1E, 0x3F, 0xC3, 0x20, 0x2D, 0x20, 0x01, 0x01, 0x1D
    .byte   0xE3, 0x1F, 0xFF,   -2, 0x00, 0x21, 0xF2, 0xD0, 0x21, 0x2E, 0xE2, 0xE2, 0x11, 0x0E, 0xE0, 0xF3
    .byte   0x1D, 0x2E, 0x02, 0x02, 0xEF, 0xFF, 0x21, 0xEF, 0xF2, 0x12, 0xEE, 0x0E, 0x21, 0x00, 0xEF, 0x22
    .byte   0xFF, 0xFE, 0x20, 0x21,   -4, 0x01, 0x2E, 0x30, 0xD2, 0xF2, 0xF0, 0x1E, 0x20, 0x21, 0xE1, 0x01
    .byte   0x2E, 0xF1, 0xE2, 0xF0, 0x2E, 0xFE, 0x00, 0x01, 0xEF, 0xFE, 0x2F, 0xEF, 0xEF, 0xFE, 0xEF, 0xEF
    .byte   0xE1, 0x2F, 0xE1, 0x01, 0x02,  -25, 0x0F, 0x21, 0x33, 0x24, 0x23, 0x32, 0x42, 0x11, 0xE2, 0xED
    .byte   0xFE, 0xFD, 0xDF, 0xEE, 0xDE, 0xFE, 0xFF, 0x12, 0xE1, 0x12, 0x2E, 0x10, 0xEE, 0xEF, 0xED, 0xED
    .byte   0xFD, 0xEE, 0xE1, 0xEE, 0x0F, 0xFE,  -66, 0x01, 0x1F, 0x22, 0x21, 0x22, 0x44, 0x45, 0x43, 0x4F
    .byte   0x43, 0xD2, 0xDC, 0x2D, 0xED, 0xCD, 0xDD, 0xFE, 0xED, 0x12, 0x13, 0x22, 0x21, 0x32, 0x21, 0xE0
    .byte   0xFE, 0xDD, 0xED, 0xDE, 0x0E, 0xD0, 0x13,  -23, 0x02, 0x32, 0x32, 0x22, 0xFD, 0xEE, 0xDC, 0xDD
    .byte   0xDC, 0xEE, 0xED, 0xE2, 0x12, 0x23, 0x43, 0x45, 0x56, 0x44, 0x33, 0x3E, 0xDE, 0xCC, 0xCD, 0xDC
    .byte   0xED, 0xEF, 0xE0, 0x21, 0x22, 0x33, 0x22, 0x22,   39, 0x0E, 0x0D, 0xEE, 0xCE, 0xDD, 0xDF, 0xE1
    .byte   0x00, 0x22, 0x23, 0x13, 0x30, 0x30, 0xFF, 0xED, 0xDD, 0xCE, 0xCD, 0xDE, 0xDF, 0xE1, 0x20, 0x23
    .byte   0x33, 0x33, 0x45, 0x35, 0x53, 0x3F, 0x22, 0xDE, 0xDC,   42, 0x0C, 0x11, 0xD1, 0xD1, 0x12, 0x22
    .byte   0xFD, 0x3E, 0x3F, 0xE1, 0xDE, 0xE0, 0xED, 0xDD, 0x0E, 0xE0, 0x2E, 0x03, 0x23, 0x22, 0x32, 0x22
    .byte   0x2F, 0xEE, 0xDE, 0xED, 0xDD, 0xDD, 0xEE, 0xED, 0xE0, 0xE1,  -73, 0x02, 0x11, 0x33, 0x12, 0x24
    .byte   0x33, 0x45, 0x43, 0x32, 0x23, 0xC2, 0x0C, 0xDD, 0x21, 0xEF, 0xE2, 0xFF, 0x22, 0xDD, 0xD2, 0xFD
    .byte   0xEE, 0x0C, 0xE3, 0xEE, 0xDE, 0x20, 0xF2, 0x21, 0xE2, 0x33, 0x2E,    9, 0x01, 0xE2, 0xE2, 0xED
    .byte   0xEF, 0xED, 0xD1, 0xDE, 0xEE, 0x2D, 0xDF, 0x00, 0x10, 0x10, 0xF2, 0x23, 0x03, 0x34, 0x44, 0x45
    .byte   0x13, 0x13, 0x1E, 0x0D, 0xDD, 0x02, 0x1E, 0xE0, 0x0E, 0x21, 0xED, 0xC0,   18, 0x0E, 0xDE, 0xDD
    .byte   0xFF, 0x20, 0xDE, 0x2F, 0x12, 0x21, 0x02, 0x23, 0x31, 0x20, 0x01, 0x0F, 0xEE, 0xDE, 0xEF, 0xEF
    .byte   0xDD, 0xFE, 0xED, 0xFF, 0xDE, 0x0F, 0x1E, 0x12, 0xF1, 0x12, 0x31, 0x44, 0x43,   26, 0x05, 0x32
    .byte   0x32, 0x3D, 0xF0, 0xDE, 0xD2, 0x2F, 0xEF, 0x1E, 0xF0, 0xED, 0xCE, 0xEE, 0xDE, 0xED, 0xEE, 0x21
    .byte   0xEF, 0xE1, 0x12, 0x21, 0x10, 0x23, 0x31, 0x21, 0xFF, 0x02, 0x0D, 0xFE, 0xEF, 0x1F,   -9, 0x0D
    .byte   0xDE, 0xED, 0xEE, 0xDD, 0x02, 0xFE, 0xE1, 0x00, 0x22, 0x1E, 0x14, 0x44, 0x44, 0x44, 0x33, 0x33
    .byte   0x1D, 0x21, 0xDE, 0xE3, 0xF0, 0x01, 0xFD, 0x1E, 0xED, 0xCE, 0xDE, 0xD0, 0xDE, 0xD0, 0x2E,  -24
    .byte   0x0F, 0xE1, 0x12, 0x22, 0x01, 0x13, 0x32, 0x20, 0xE0, 0xE2, 0x0E, 0xEE, 0x0F, 0x0F, 0xFD, 0xDE
    .byte   0xDE, 0xED, 0xFD, 0xEF, 0xF1, 0xF0, 0xE0, 0x11, 0x21, 0x21, 0x33, 0x44, 0x34, 0x53, 0x23, 0x32
    .byte     76, 0x00, 0x2F, 0xDE, 0x23, 0x0E, 0x0F, 0xDE, 0xFF, 0xDC, 0xDD, 0xFE, 0xDE, 0xED, 0xEF, 0x1F
    .byte   0xEE, 0x0F, 0x12, 0x22, 0x02, 0x23, 0x22, 0x20, 0x10, 0x10, 0xFF, 0xD0, 0xE0, 0xFF, 0xEE, 0xEE
    .byte   0xED,  -38, 0x0D, 0xDE, 0xEE, 0xE0, 0xFF, 0x12, 0x0F, 0x0F, 0x12, 0x23, 0x34, 0x34, 0x45, 0x32
    .byte   0x32, 0x32, 0x12, 0xFE, 0xE2, 0x3F, 0x2E, 0x0D, 0xDF, 0x0D, 0xCD, 0xDE, 0xDF, 0xEE, 0xDD, 0x0E
    .byte   0xFE, 0xFF,  -34, 0x0F, 0x23, 0x11, 0x22, 0x30, 0x23, 0x10, 0xE2, 0x1F, 0x1F, 0x0D, 0xF0, 0xEF
    .byte   0xEE, 0xDE, 0xDE, 0xED, 0xDE, 0xD1, 0x00, 0x20, 0xE1, 0x02, 0x20, 0x20, 0x23, 0x33, 0x44, 0x34
    .byte   0x33, 0x32, 0x30,   70, 0x02, 0x01, 0xE2, 0x21, 0x1F, 0x1E, 0xDD, 0xFD, 0xDD, 0xDD, 0xEE, 0xEE
    .byte   0xEE, 0xEE, 0xE1, 0x0E, 0x0F, 0x02, 0x03, 0x11, 0x20, 0x32, 0x22, 0xF0, 0xF1, 0x00, 0xFE, 0xEE
    .byte   0xE0, 0xEF, 0xED, 0xDE,  -40, 0x0E, 0xED, 0xEE, 0xE1, 0x1F, 0xF0, 0x21, 0x12, 0x21, 0x02, 0x32
    .byte   0x34, 0x34, 0x34, 0x23, 0x32, 0x12, 0x21, 0xFF, 0xF2, 0x21, 0x1F, 0xDD, 0xEE, 0xED, 0xDD, 0xED
    .byte   0xE1, 0xEE, 0xDE, 0x0E, 0x00,  -20, 0x00, 0xEE, 0x22, 0x12, 0x10, 0x01, 0x32, 0x21, 0x11, 0x00
    .byte   0xF1, 0xEE, 0xEE, 0x0F, 0xEE, 0xEE, 0xEE, 0xEE, 0xDE, 0xEE, 0xFF, 0x20, 0x11, 0x01, 0x02, 0x21
    .byte   0x12, 0x23, 0x33, 0x33, 0x34, 0x22,   45, 0x02, 0x22, 0x22, 0xE2, 0x12, 0x20, 0x1E, 0xEE, 0xEE
    .byte   0xEE, 0xDE, 0xDF, 0xEF, 0xEE, 0xDE, 0xFE, 0xFE, 0x0E, 0xE1, 0x00, 0x01, 0xF0, 0xF0, 0x22, 0x10
    .byte   0x21, 0x11, 0x10, 0xFE, 0xFF, 0xFE, 0xFF,  -20, 0x0F, 0xEF, 0xEE, 0xEE, 0xEE, 0xEF, 0xFF, 0x00
    .byte   0x20, 0x0F, 0x11, 0x22, 0x22, 0x23, 0x33, 0x33, 0x32, 0x33, 0x23, 0x22, 0x02, 0x22, 0x21, 0xFE
    .byte   0x1E, 0x1E, 0xED, 0xEE, 0xD0, 0xD1, 0xDD, 0xEE,   -1, 0x0E, 0xEE, 0xFE, 0xEF, 0xFF, 0xF0, 0xFE
    .byte   0x01, 0x12, 0x22, 0x1F, 0x12, 0x12, 0x0F, 0xEF, 0x01, 0x1F, 0xFE, 0xEE, 0xFF, 0xEE, 0xDE, 0xFF
    .byte   0xF1, 0xE1, 0xE1, 0x20, 0x20, 0x22, 0x23, 0x23, 0x33,   11, 0x02, 0x33, 0x32, 0x22, 0x22, 0x32
    .byte   0x21, 0x10, 0xFE, 0xFE, 0xEE, 0xDE, 0xEE, 0xED, 0xED, 0xEE, 0xDF, 0xEE, 0xEE, 0xEE, 0xF0, 0x0E
    .byte   0xFF, 0x02, 0x12, 0x02, 0x21, 0x12, 0x11, 0x0F, 0x1F, 0x01,   -7, 0x0F, 0xEE, 0xFE, 0xFE, 0xED
    .byte   0xEE, 0xF1, 0xF0, 0xEE, 0x10, 0x20, 0x22, 0x22, 0x32, 0x33, 0x32, 0x33, 0x23, 0x32, 0x12, 0x23
    .byte   0x22, 0x0F, 0xFF, 0x0E, 0xFD, 0xEE, 0xDF, 0xED, 0xFD, 0xDE, 0xED,   -7, 0x0E, 0xEE, 0xEE, 0x0F
    .byte   0xEF, 0xEF, 0x02, 0x12, 0x21, 0x12, 0x22, 0x12, 0x1E, 0x11, 0x21, 0xF0, 0xE0, 0xE0, 0xFE, 0xED
    .byte   0xEE, 0xFF, 0x0E, 0xEE, 0x00, 0x20, 0x20, 0x22, 0x23, 0x33, 0x23, 0x23,   30, 0x03, 0x22, 0x22
    .byte   0x23, 0x22, 0xFF, 0xFF, 0xF0, 0xEE, 0xED, 0xEE, 0xEE, 0xED, 0xDE, 0xDF, 0xEE, 0xEE, 0xEE, 0xE2
    .byte   0xF0, 0xEE, 0x11, 0x22, 0x20, 0x00, 0x22, 0x21, 0x1F, 0x00, 0x21, 0x0F, 0xEE,  -14, 0x0F, 0xF0
    .byte   0xDE, 0xEE, 0xFF, 0xE0, 0xE0, 0x02, 0x01, 0x22, 0x31, 0x32, 0x33, 0x23, 0x23, 0x22, 0x22, 0x13
    .byte   0x22, 0x10, 0x0F, 0xFF, 0xEE, 0xDE, 0xFE, 0xEE, 0xED, 0xEE, 0xDF, 0xEE, 0xEE, 0xEE,  -25, 0x0F
    .byte   0x0F, 0xEF, 0xF1, 0x21, 0x11, 0xF1, 0x22, 0x12, 0x0F, 0x11, 0x22, 0xFF, 0xFF, 0xE1, 0x0F, 0xDF
    .byte   0xEE, 0xF0, 0xFE, 0xFF, 0x00, 0x10, 0x12, 0x22, 0x32, 0x32, 0x23, 0x22, 0x32, 0x21, 0x23,   58
    .byte   0x02, 0x11, 0x01, 0xE1, 0xFE, 0xDF, 0xEE, 0xEE, 0xEE, 0xED, 0xEE, 0xEE, 0xEE, 0xEE, 0xEF, 0xEF
    .byte   0xFE, 0xFF, 0x02, 0x01, 0x21, 0x11, 0x21, 0x11, 0x10, 0x21, 0x10, 0x21, 0x10, 0xF1, 0x10, 0x1F
    .byte     -8, 0x00, 0xF2, 0x22, 0x01, 0x12, 0x21, 0x11, 0x10, 0x10, 0x21, 0x00, 0x0F, 0x01, 0x1E, 0x0E
    .byte   0xE0, 0x00, 0xEE, 0x0E, 0x0F, 0x0E, 0x00, 0xE0, 0xFF, 0x0F, 0xFF, 0xF0, 0x20, 0x1F, 0x00, 0x01
    .byte   0x1F,  -11, 0x0F, 0x00, 0x20, 0x11, 0xF0, 0xF1, 0x0F, 0x01, 0x11, 0x01, 0x21, 0x21, 0xFF, 0xF1
    .byte   0x22, 0x11, 0x10, 0x20, 0x10, 0x0E, 0x01, 0x01, 0x10, 0x0E, 0xF1, 0x00, 0x1E, 0xEE, 0x02, 0x0F
    .byte   0xEE, 0xFF,   -4, 0x01, 0xFE, 0xEE, 0xFF, 0x10, 0xEF, 0xEF, 0x10, 0x10, 0xEF, 0x01, 0x22, 0x00
    .byte   0x10, 0x21, 0x20, 0x1F, 0x11, 0x22, 0x22, 0x22, 0x12, 0x22, 0x00, 0x00, 0x12, 0x12, 0xFF, 0xFF
    .byte   0x00, 0x1E, 0xEE,   20, 0x0E, 0xFE, 0x0E, 0xDF, 0xE0, 0x0E, 0xEF, 0xEF, 0xEF, 0xFE, 0xEF, 0xFE
    .byte   0x20, 0xFF, 0xF0, 0x02, 0x01, 0x11, 0x12, 0x23, 0x23, 0x22, 0x32, 0x32, 0x20, 0x01, 0x12, 0x21
    .byte   0x1F, 0xFF, 0x0E, 0xEE,   26, 0x0E, 0xEE, 0xE0, 0xEE, 0xEF, 0xEE, 0xEF, 0xE0, 0xEF, 0x00, 0x11
    .byte   0x1F, 0x02, 0x02, 0x01, 0x21, 0x12, 0x12, 0x11, 0x02, 0x01, 0x10, 0x00, 0xF1, 0x0F, 0xFF, 0xFF
    .byte   0x0E, 0xFF, 0xFF, 0x0E, 0x0F,  -11, 0x00, 0x10, 0xF1, 0xF1, 0x11, 0x10, 0x01, 0x10, 0x20, 0x11
    .byte   0x11, 0x00, 0x10, 0x10, 0x01, 0x00, 0x00, 0x00, 0xF0, 0x1F, 0x0F, 0x0F, 0x00, 0x00, 0xF0, 0xFF
    .byte   0x0F, 0x01, 0x00, 0xFF, 0x00, 0x10,   -1, 0x0F, 0xF0, 0x10, 0x10, 0x0F, 0x0F, 0x11, 0x1F, 0xFF
    .byte   0xF1, 0x11, 0x00, 0xFF, 0x00, 0x20, 0x0F, 0x0F, 0x02, 0x00, 0xFF, 0x11, 0x11, 0x0F, 0x0F, 0x01
    .byte   0x00, 0x0F, 0xF0, 0x10, 0xFF, 0xFF, 0x00,   -1, 0x01, 0x0F, 0xFF, 0x01, 0xF0, 0x0F, 0x00, 0x11
    .byte   0x00, 0xF0, 0x10, 0x01, 0x0F, 0x01, 0x01, 0x01, 0x0F, 0x10, 0x00, 0xF0, 0x00, 0x00, 0xF0, 0x11
    .byte   0xF0, 0x00, 0x00, 0x00, 0x0F, 0x10, 0x10, 0x00,    2, 0x0F, 0x0F, 0x00, 0xF1, 0xF0, 0x11, 0xF0
    .byte   0xF0, 0x00, 0xF1, 0x0F, 0x00, 0x10, 0x10, 0x0F, 0x00, 0x10, 0x0F, 0x00, 0x11, 0x01, 0xFF, 0x01
    .byte   0x10, 0x0F, 0xF0, 0x01, 0x00, 0x0F, 0x0F, 0x10, 0x0F,   -2, 0x00, 0x10, 0x1F, 0x0F, 0x11, 0x01
    .byte   0xF0, 0xF0, 0x10, 0x10, 0x00, 0x00, 0x01, 0x00, 0x0F, 0xF0, 0xF1, 0x1F, 0x1F, 0x01, 0x01, 0xFF
    .byte   0xFF, 0x10, 0x01, 0x0F, 0xF0, 0x11, 0xF1, 0x0F, 0x01, 0x00,    0, 0x0F, 0x00, 0x01, 0x10, 0x00
    .byte   0x0F, 0x01, 0x00, 0x0F, 0x00, 0x1F, 0x00, 0x00, 0x10, 0x00, 0xF0, 0x00, 0x0F, 0x10, 0xF0, 0x10
    .byte   0x10, 0xF0, 0x00, 0x00, 0x1F, 0x10, 0xF1, 0x01, 0xF0, 0xF1, 0xF0,    0, 0x0F, 0x00, 0xF1, 0x00
    .byte   0x00, 0x0F, 0x10, 0xF1, 0x00, 0x01, 0x0F, 0x10, 0x10, 0x01, 0xF1, 0x00, 0xF0, 0x00, 0x00, 0x0F
    .byte   0x1F, 0x01, 0xF0, 0x0F, 0x1F, 0xF0, 0x00, 0xF1, 0x1F, 0x00, 0x1F, 0x1F,   -1, 0x00, 0x0F, 0x01
    .byte   0x10, 0x00, 0x01, 0x00, 0x1F, 0x00, 0x00, 0x10, 0xF1, 0xF1, 0xF0, 0x00, 0x0F, 0x00, 0x0F, 0x00
    .byte   0x01, 0xF0, 0x00, 0xF0, 0x11, 0xF0, 0x01, 0x0F, 0x01, 0x0F, 0x10, 0x01, 0x1F,    1, 0x00, 0x00
    .byte   0x0F, 0x10, 0xF0, 0x10, 0xF0, 0x00, 0x01, 0x0F, 0x00, 0xF0, 0x00, 0x00, 0x1F, 0x10, 0xF1, 0x0F
    .byte   0x00, 0x10, 0xF0, 0x10, 0x0F, 0x10, 0x00, 0xF1, 0x00, 0x00, 0xF1, 0x00, 0x00, 0x1F,    0, 0x00
    .byte   0x00, 0x00, 0x00, 0x00, 0x00, 0x1F, 0x00, 0x1F, 0x00, 0x00, 0x01, 0xFF, 0x10, 0xF0, 0x00, 0x00
    .byte   0x00, 0x10, 0x00, 0x00, 0x00, 0x00, 0x00, 0x0F, 0x10, 0x1F, 0x10, 0x00, 0x0F, 0x00, 0x00,   -1
    .byte   0x00, 0x1F, 0x10, 0x00, 0x0F, 0x01, 0x1F, 0x00, 0x0F, 0x10, 0x01, 0xF0, 0x01, 0xF0, 0x01, 0x0F
    .byte   0x00, 0x00, 0x0F, 0x10, 0x00, 0x0F, 0x10, 0x00, 0x1F, 0x00, 0x0F, 0x00, 0x10, 0xF1, 0x00, 0x00
    .byte      0, 0x00, 0xF1, 0x00, 0x1F, 0x00, 0x00, 0x1F, 0x01, 0xF1, 0x0F, 0x10, 0xF0, 0x10, 0xF0, 0x00
    .byte   0x00, 0x00, 0xF0, 0x10, 0x1F, 0x0F, 0x10, 0xF1, 0x00, 0xF1, 0x00, 0xF1, 0x00, 0x00, 0x00, 0x1F
    .byte   0x00,    1, 0x0F, 0x00, 0x10, 0x0F, 0x10, 0xF0, 0x1F, 0x1F, 0x00, 0x00, 0x0F, 0x01, 0x00, 0x0F
    .byte   0x10, 0xF1, 0x00, 0xF1, 0x0F, 0x10, 0xF1, 0x0F, 0x1F, 0x10, 0x1F, 0x00, 0x00, 0x00, 0x01, 0x0F
    .byte   0x00, 0x00,    0, 0x00, 0x1F, 0xF1, 0xF0, 0x10, 0x00, 0x1F, 0xF1, 0x00, 0x01, 0xF0, 0x0F, 0x1F
    .byte   0x10, 0x01, 0xF0, 0x00, 0x00, 0x00, 0xF1, 0x00, 0x00, 0x0F, 0x10, 0x0F, 0x11, 0xF0, 0xF1, 0x01
    .byte   0xF0, 0x01, 0xF0,    0, 0x0F, 0x10, 0x00, 0x01, 0xF1, 0xF0, 0x00, 0x1F, 0x00, 0x00, 0x00, 0x00
    .byte   0x00, 0x00, 0x00, 0x0F, 0x01, 0xF1, 0x0F, 0x10, 0x00, 0x00, 0xF1, 0x1F, 0x01, 0xF0, 0x00, 0x00
    .byte   0x00, 0x1F, 0x10, 0xF0,    0, 0x00, 0x00, 0x00, 0x00, 0xF1, 0x00, 0x00, 0x00, 0x0F, 0x11, 0x0F
    .byte   0x00, 0xF1, 0x00, 0x01, 0xF0, 0x00, 0x00, 0x00, 0x00, 0x00, 0x0F, 0x10, 0x00, 0x00, 0x1F, 0x0F
    .byte   0x10, 0x00, 0x00, 0x00, 0xF1,   -1, 0x01, 0x10, 0xF1, 0x0F, 0x00, 0x00, 0xF1, 0x00, 0x0F, 0x11
    .byte   0xF0, 0x01, 0xF0, 0x00, 0x00, 0x01, 0xF0, 0x00, 0xF1, 0x00, 0x00, 0x00, 0x00, 0x00, 0x00, 0x00
    .byte   0x0F, 0x1F, 0x10, 0x0F, 0x10, 0x0F,    0, 0x00, 0x1F, 0x0F, 0x10, 0x00, 0x0F, 0x10, 0x00, 0x00
    .byte   0x1F, 0x00, 0xF1, 0xF1, 0x1F, 0xF1, 0x00, 0x00, 0x1F, 0xF1, 0x1F, 0x00, 0x01, 0x00, 0xFF, 0x10
    .byte   0x00, 0x01, 0xF0, 0xF1, 0x01, 0xFF, 0x11,    0, 0x01, 0xF0, 0xF1, 0x00, 0x1F, 0x1F, 0x01, 0xF0
    .byte   0x00, 0x01, 0xF0, 0x00, 0x0F, 0x10, 0x1F, 0x00, 0x00, 0x1F, 0x01, 0xF0, 0x00, 0xF1, 0x1F, 0x00
    .byte   0x00, 0x0F, 0x10, 0x00, 0x00, 0x00, 0xF1, 0x0F,    0, 0x00, 0x00, 0x00, 0x01, 0xF0, 0xF1, 0x00
    .byte   0x00, 0x00, 0x01, 0xF0, 0x00, 0x00, 0x00, 0x00, 0x0F, 0x10, 0x1F, 0xF1, 0x01, 0xF0, 0x1F, 0x00
    .byte   0x0F, 0x01, 0x00, 0x01, 0x00, 0xF0, 0x00, 0x00, 0x10,    0, 0x00, 0x00, 0x00, 0x00, 0x00, 0x00
    .byte   0x00, 0x00, 0x0F, 0x10, 0x01, 0xF0, 0x00, 0x00, 0x0F, 0x10, 0x1F, 0x00, 0x00, 0x00, 0x00, 0x00
    .byte   0x00, 0x0F, 0x10, 0xF1, 0x0F, 0x11, 0xF0, 0xF1, 0x0F, 0x10,    0, 0x00, 0x00, 0x1F, 0x00, 0x10
    .byte   0xE2, 0xFF, 0x10, 0x00, 0x00, 0x0F, 0x10, 0x0F, 0x11, 0x12, 0xEF, 0x3E, 0x1D, 0x2C, 0xD7, 0x2B
    .byte   0xEB, 0x3C, 0xE4, 0x21, 0x32, 0x35, 0xB4, 0xCB, 0x3D, 0x4E, 0x52,   20, 0x06, 0xBC, 0x68, 0xDD
    .byte   0xA7, 0xB4, 0x7A, 0x5D, 0xC1, 0xF2, 0x2F, 0x43, 0xD7, 0xAD, 0x49, 0x33, 0xA6, 0xFB, 0x6A, 0x53
    .byte   0xB5, 0xCF, 0x3F, 0x4D, 0x23, 0xB4, 0xDE, 0x4D, 0xE3, 0xC3, 0x3C, 0x4D,  -12, 0x04, 0xEE, 0x4D
    .byte   0x02, 0xDE, 0x31, 0xD3, 0xD3, 0xD3, 0xEE, 0x3D, 0x3D, 0x4C, 0x3D, 0x30, 0xC5, 0xB3, 0x3C, 0x4F
    .byte   0xC4, 0xD3, 0xE1, 0x3C, 0x3D, 0x3D, 0x3C, 0x4D, 0xD5, 0xB5, 0xB5, 0xA6, 0xDC,   22, 0x0A, 0x5B
    .byte   0x5C, 0x15, 0xA4, 0x2C, 0x40, 0xD3, 0xD2, 0x1E, 0x3E, 0xD3, 0xE1, 0x3D, 0x02, 0xE2, 0xD4, 0xDD
    .byte   0x4B, 0x5F, 0xC4, 0xC3, 0x2C, 0x5C, 0xD6, 0xA5, 0xDC, 0x5C, 0x10, 0x2E, 0x3D, 0x02,   -5, 0x03
    .byte   0xD3, 0xFD, 0x3D, 0x33, 0xB5, 0xCE, 0x4E, 0x0E, 0x1D, 0x23, 0xD3, 0xEC, 0x5B, 0x6B, 0x3D, 0xF3
    .byte   0xC6, 0xA5, 0xCF, 0x3C, 0x5C, 0x12, 0xC5, 0xC2, 0x2E, 0x3C, 0x3D, 0x30, 0xC5, 0xDC, 0x5B,    9
    .byte   0x01, 0xB5, 0xB5, 0xC2, 0x3D, 0x2E, 0x02, 0x3B, 0x5D, 0xEE, 0x3E, 0x3F, 0xC3, 0x3C, 0x24, 0xC3
    .byte   0xC3, 0xD5, 0xB2, 0x3D, 0x2F, 0x30, 0x2B, 0x5C, 0x30, 0x21, 0xC3, 0xC5, 0xED, 0x3C, 0x33, 0xC5
    .byte     -3, 0x02, 0xDE, 0x4E, 0x2D, 0x3E, 0xD3, 0x10, 0x0C, 0x4E, 0x22, 0xE2, 0xE1, 0xD4, 0xEE, 0x0E
    .byte   0x2D, 0x3F, 0x2F, 0xC3, 0x21, 0xD4, 0xDD, 0x4C, 0x5D, 0xC4, 0xD4, 0xB5, 0xDD, 0x3A, 0x6F, 0xC3
    .byte   0x12,   -3, 0x02, 0x3E, 0x4A, 0x25, 0xB3, 0x2E, 0x3D, 0xD5, 0x1C, 0xE2, 0xD3, 0xEE, 0x5C, 0xDE
    .byte   0x5D, 0x0D, 0x03, 0xC4, 0xF5, 0xA2, 0x12, 0x0E, 0x21, 0xED, 0xE5, 0x2B, 0x5B, 0x4D, 0x23, 0xFE
    .byte   0xB5, 0xE3,    8, 0x0E, 0xE1, 0xC4, 0x20, 0xEC, 0x3F, 0x3D, 0x5E, 0xB4, 0xD3, 0x2C, 0x3F, 0xD1
    .byte   0x3F, 0x3D, 0xE2, 0xFF, 0xD5, 0xCD, 0x1E, 0x4E, 0x22, 0xC4, 0xC4, 0x4B, 0x3B, 0x41, 0xE3, 0xE4
    .byte   0xB2, 0x3D, 0x4C,    1, 0x01, 0xC2, 0x14, 0x0E, 0xE0, 0x11, 0x21, 0x2D, 0xD1, 0x3E, 0xE3, 0xD2
    .byte   0xEE, 0x43, 0xC1, 0xFD, 0x4C, 0x40, 0x1C, 0x3F, 0xE4, 0xC4, 0xDD, 0xE3, 0xF3, 0xEE, 0x2E, 0xF3
    .byte   0x3C, 0x2C, 0x32, 0x02,    1, 0x0E, 0xE3, 0xF3, 0xDF, 0xD3, 0xD3, 0x2F, 0x3C, 0x4C, 0x3F, 0x0D
    .byte   0xE1, 0x22, 0x01, 0xD4, 0xC3, 0x12, 0xDE, 0x12, 0x3E, 0x2E, 0xFD, 0x30, 0x3D, 0xC3, 0x03, 0xE2
    .byte   0xD1, 0xD3, 0x32, 0xFD, 0x3C,    4, 0x0D, 0x3F, 0xDF, 0x23, 0xE3, 0xD2, 0xDF, 0xF4, 0xDE, 0xEE
    .byte   0x22, 0x3E, 0x4B, 0xE2, 0x23, 0xE1, 0xC3, 0x12, 0x3E, 0xFE, 0xD2, 0x2F, 0x3D, 0xD2, 0x11, 0x3E
    .byte   0xE2, 0xE1, 0x03, 0xD0, 0x1E, 0x3E,    6, 0x00, 0xE0, 0xE2, 0xD3, 0xEE, 0x3E, 0x2E, 0x2E, 0xE1
    .byte   0xE3, 0x1E, 0x21, 0x2D, 0x2F, 0x12, 0xC4, 0xEE, 0x1F, 0x11, 0xFF, 0x3D, 0x0E, 0x20, 0x2F, 0x03
    .byte   0xD3, 0xD2, 0xEF, 0x1D, 0x3D, 0x21, 0x20,    0, 0x0F, 0xE0, 0xE1, 0x20, 0x21, 0x12, 0x2E, 0xF2
    .byte   0xE1, 0xDE, 0x22, 0xFE, 0x1E, 0x12, 0x13, 0xFD, 0xF2, 0x21, 0x2D, 0x10, 0xE3, 0x20, 0xDF, 0xE0
    .byte   0x3E, 0x1E, 0xDF, 0x32, 0x20, 0xC0, 0x3D, 0x33,   -4, 0x02, 0xEE, 0x32, 0xE0, 0x1D, 0x22, 0xF3
    .byte   0xED, 0x0E, 0x12, 0x1E, 0x2F, 0xD3, 0x02, 0x0E, 0x02, 0xE0, 0x21, 0x01, 0xE2, 0x0E, 0x21, 0x2D
    .byte   0x1F, 0x01, 0xD2, 0x10, 0x21, 0x21, 0xF2, 0xEF, 0xEE,    1, 0x0E, 0x2F, 0x01, 0x01, 0x02, 0x0D
    .byte   0x2E, 0xF2, 0xE2, 0xFF, 0xF1, 0x21, 0x2D, 0x00, 0xE3, 0xFF, 0xFE, 0x12, 0x21, 0x1E, 0xE1, 0x21
    .byte   0x0E, 0x0E, 0xF2, 0x21, 0xEF, 0xF2, 0xF0, 0x2E, 0xEE, 0x02,    1, 0x0F, 0x1F, 0xE0, 0x13, 0xEF
    .byte   0xE0, 0x10, 0x20, 0x0E, 0xF1, 0x2F, 0x0F, 0x0E, 0x11, 0x02, 0xE0, 0x11, 0x1F, 0x20, 0xFE, 0x11
    .byte   0x00, 0xE0, 0x1E, 0x22, 0x0F, 0xE1, 0x20, 0xF0, 0xFE, 0x12, 0x01,    0, 0x0F, 0x00, 0x1F, 0x2F
    .byte   0xF0, 0xE2, 0xFF, 0xF1, 0x00, 0x11, 0x11, 0x00, 0x1E, 0x00, 0xF1, 0xF0, 0x01, 0xF1, 0x1F, 0x10
    .byte   0x00, 0xF0, 0xF1, 0x00, 0x10, 0x01, 0xF1, 0xF1, 0x0F, 0xFF, 0xFF, 0x01,    0, 0x01, 0x1F, 0x01
    .byte   0x0F, 0x00, 0xFF, 0x01, 0x1F, 0x00, 0x00, 0xFF, 0x01, 0xF1, 0x11, 0x1F, 0x00, 0x0F, 0x00, 0x0F
    .byte   0x01, 0x00, 0x01, 0x0F, 0x01, 0xF0, 0xF1, 0xF0, 0x11, 0x0F, 0xFF, 0x11, 0xFF,   -1, 0x00, 0x00
    .byte   0x01, 0x0F, 0x11, 0xF0, 0x00, 0x10, 0xF0, 0x0F, 0x01, 0x00, 0x10, 0x10, 0xFF, 0x10, 0x0F, 0x0F
    .byte   0x00, 0x11, 0x1F, 0xF0, 0x1F, 0xFF, 0x0F, 0x10, 0x11, 0x0F, 0x10, 0x01, 0xFF, 0x01,   -1, 0x01
    .byte   0x10, 0x00, 0x0F, 0xF1, 0x10, 0xFF, 0x10, 0x1F, 0x00, 0xF0, 0x11, 0x1F, 0xF0, 0xF0, 0x11, 0x0F
    .byte   0x0F, 0x01, 0x10, 0x0F, 0xF1, 0x01, 0x10, 0xF0, 0xFF, 0x10, 0xF0, 0x00, 0x00, 0x10, 0xF0,   -1
    .byte   0x01, 0x11, 0xF0, 0xF0, 0x00, 0x00, 0xF0, 0x00, 0x10, 0x1F, 0x0F, 0xF1, 0x11, 0xFF, 0x01, 0x01
    .byte   0x11, 0x0E, 0x01, 0x1F, 0x0F, 0x00, 0x00, 0x11, 0x00, 0xFF, 0x11, 0xF1, 0xFF, 0x00, 0x11, 0x0F
    .byte     -1, 0x00, 0x01, 0x00, 0x0F, 0x00, 0x00, 0x10, 0x00, 0x01, 0xF1, 0x0F, 0x0F, 0x01, 0x10, 0x0F
    .byte   0x00, 0x10, 0x1F, 0x0F, 0xF0, 0x01, 0xF1, 0xF0, 0x01, 0x1F, 0x1F, 0x1F, 0x0F, 0x0F, 0x10, 0x01
    .byte   0xF1,   -1, 0x01, 0x1F, 0x00, 0x00, 0x00, 0x00, 0x10, 0xF0, 0x00, 0x00, 0x00, 0x01, 0xF1, 0xF0
    .byte   0x01, 0xF1, 0xF0, 0x0F, 0x10, 0x01, 0xFF, 0x01, 0x1F, 0x00, 0x0F, 0x1F, 0x11, 0x1F, 0xF0, 0x01
    .byte   0x1F, 0xFF,   -1, 0x00, 0x11, 0x00, 0xF0, 0xF1, 0x10, 0x0F, 0xFF, 0x01, 0x10, 0x00, 0x0F, 0x11
    .byte   0xF0, 0xFF, 0x11, 0x00, 0x00, 0xF1, 0x01, 0x0F, 0x0F, 0x10, 0x01, 0xFF, 0x10, 0x00, 0x00, 0x1F
    .byte   0x00, 0x00, 0x0F,   -1, 0x00, 0x10, 0xF1, 0x1F, 0x00, 0x01, 0xF0, 0x0F, 0x01, 0x1F, 0x1F, 0x00
    .byte   0x00, 0x10, 0xFF, 0x01, 0x00, 0xF1, 0xF0, 0x10, 0x1F, 0x00, 0x00, 0x10, 0xF0, 0x0F, 0x10, 0x10
    .byte   0x0F, 0xF0, 0x10, 0x10,    0, 0x0F, 0x00, 0x10, 0x10, 0xFF, 0x10, 0x10, 0x0F, 0xF0, 0x1F, 0x10
    .byte   0x0F, 0x01, 0x1F, 0x1F, 0x00, 0x0F, 0x10, 0x00, 0x00, 0x00, 0x10, 0xF0, 0xF1, 0x1F, 0x00, 0x0F
    .byte   0x10, 0x00, 0xF1, 0xF1, 0x00,    0, 0x00, 0xF1, 0x00, 0x10, 0xF0, 0x1F, 0x00, 0x1F, 0x0F, 0x10
    .byte   0x10, 0xF0, 0x00, 0x00, 0x0F, 0x1F, 0x10, 0x10, 0x0F, 0x10, 0x00, 0x0F, 0x00, 0x00, 0x00, 0x00
    .byte   0x10, 0xF0, 0x01, 0xFF, 0x01, 0x00,    0, 0x00, 0x00, 0x01, 0xF1, 0xF0, 0x0F, 0x1F, 0x10, 0xF0
    .byte   0x01, 0x1F, 0x00, 0x0F, 0x10, 0x00, 0x00, 0x00, 0xF1, 0x1F, 0x01, 0xFF, 0x10, 0x1F, 0x00, 0xF0
    .byte   0x01, 0xF1, 0x1F, 0x01, 0xFF, 0x1F, 0x00,   -1, 0x01, 0x00, 0x00, 0xF1, 0x00, 0x00, 0x1F, 0x00
    .byte   0x00, 0x00, 0x00, 0x01, 0xF0, 0x00, 0x1F, 0x00, 0x00, 0x10, 0xF0, 0x00, 0x00, 0x00, 0xF1, 0x00
    .byte   0x1F, 0x00, 0xF1, 0x00, 0x00, 0xF1, 0xF1, 0x00,    1, 0x0F, 0x00, 0xF1, 0x01, 0xF1, 0xF0, 0x00
    .byte   0x00, 0x00, 0x00, 0x01, 0xF1, 0xFF, 0x10, 0xF1, 0xF1, 0xF1, 0x00, 0x00, 0x00, 0x00, 0xF1, 0x00
    .byte   0x1F, 0x01, 0xFF, 0x11, 0x0F, 0x00, 0x00, 0x01, 0xF0,    0, 0x0F, 0x10, 0x00, 0xF1, 0x00, 0x00
    .byte   0x10, 0xF0, 0x01, 0xF0, 0x00, 0x00, 0x00, 0x00, 0x00, 0x1F, 0x00, 0x00, 0x00, 0x0F, 0x1F, 0x1F
    .byte   0x10, 0x1F, 0x0F, 0x10, 0x1F, 0x00, 0x01, 0xF0, 0x00, 0x0F,    0, 0x00, 0x00, 0x00, 0xF0, 0x10
    .byte   0x00, 0x1F, 0x00, 0x00, 0x1F, 0x00, 0x00, 0x1F, 0x1F, 0x0F, 0x11, 0xF0, 0x00, 0xF0, 0x10, 0xF1
    .byte   0x00, 0xF0, 0x10, 0x00, 0xF0, 0x10, 0x00, 0x10, 0x0F, 0xF1, 0x00,    0, 0x00, 0x00, 0x0F, 0x10
    .byte   0x1F, 0xF1, 0x00, 0x00, 0x00, 0x00, 0x00, 0x00, 0xF1, 0x00, 0x1F, 0xF1, 0xF1, 0x0F, 0x10, 0x00
    .byte   0x00, 0x00, 0x1F, 0x00, 0xF1, 0x00, 0x01, 0xF0, 0x00, 0xF1, 0x00, 0x00,    0, 0x00, 0x00, 0x1F
    .byte   0x00, 0xF1, 0x1F, 0x00, 0x0F, 0x01, 0x0F, 0x10, 0x1F, 0x01, 0xF1, 0xFF, 0x10, 0x00, 0x00, 0x00
    .byte   0x00, 0x01, 0xF1, 0xF1, 0xF0, 0x00, 0x1F, 0xF1, 0x1F, 0x01, 0xF0, 0x00, 0x00,    0, 0x00, 0x1F
    .byte   0x01, 0xF0, 0x0F, 0x1F, 0x10, 0x00, 0xF1, 0x01, 0xF0, 0x00, 0x00, 0x1F, 0x00, 0x00, 0xF0, 0x10
    .byte   0x01, 0xF0, 0x00, 0x00, 0x00, 0x1F, 0x00, 0x0F, 0x11, 0xF0, 0x00, 0x00, 0x01, 0xF0,    0, 0x01
    .byte   0xFF, 0x10, 0x00, 0xF1, 0xF1, 0x00, 0x00, 0x00, 0x00, 0x0F, 0x10, 0x00, 0x00, 0x00, 0x00, 0xF1
    .byte   0x00, 0x01, 0x00, 0xFF, 0x10, 0xF1, 0x00, 0x00, 0x00, 0x00, 0x0F, 0x01, 0xF1, 0xF0, 0x01,   -1
    .byte   0x01, 0x1F, 0x00, 0x00, 0x00, 0xF1, 0xF0, 0x10, 0x1F, 0x00, 0xF0, 0x1F, 0x11, 0x0F, 0x10, 0xF0
    .byte   0xF1, 0x01, 0xF0, 0x01, 0xF0, 0x00, 0xF1, 0x00, 0x00, 0x0F, 0x10, 0x00, 0x00, 0x00, 0x10, 0xF0
    .byte      0, 0x00, 0x00, 0x00, 0x00, 0x00, 0x00, 0x00, 0x00, 0xF1, 0x1F, 0x0F, 0x10, 0x00, 0x00, 0xF0
    .byte   0x01, 0x1F, 0x01, 0xF0, 0x0F, 0x10, 0x1F, 0x01, 0xF0, 0x00, 0x00, 0x00, 0x1F, 0x1F, 0x00, 0x10
    .byte   0x0F,    0, 0x00, 0x00, 0x00, 0x1F, 0x01, 0x0F, 0x00, 0x1F, 0x00, 0x00, 0x0F, 0x10, 0xF0, 0x00
    .byte   0x10, 0xF1, 0x1F, 0x00, 0x00, 0x00, 0x00, 0x00, 0xF1, 0x00, 0xF1, 0xF1, 0x00, 0x00, 0xF1, 0x00
    .byte   0x00, 0x00,    0, 0x00, 0x00, 0x00, 0x1F, 0x00, 0x00, 0x00, 0x00, 0x00, 0x00, 0x00, 0x00, 0x00
    .byte   0x00, 0x0F, 0x01, 0x1F, 0x0F, 0x10, 0x00, 0x0F, 0x10, 0xF1, 0xF1, 0x00, 0xF1, 0x10, 0xF0, 0x00
    .byte   0x00, 0x0F, 0x01,    0, 0x00, 0x00, 0x00, 0xF0, 0x10, 0x00, 0x00, 0x00, 0x00, 0x00, 0x00, 0x00
    .byte   0x0F, 0x10, 0x00, 0x00, 0xF1, 0xF0, 0x11, 0xF1, 0xF0, 0x0F, 0x10, 0x01, 0x0F, 0xF1, 0x00, 0x00
    .byte   0x0F, 0x10, 0x00, 0x00,    0, 0x00, 0x0F, 0x10, 0x00, 0xF1, 0x0F, 0x11, 0xF0, 0x00, 0xF1, 0x00
    .byte   0x00, 0x00, 0x1F, 0x00, 0xF1, 0x00, 0xF0, 0x11, 0xF0, 0x01, 0xF0, 0x00, 0x00, 0x0F, 0x10, 0x00
    .byte   0x00, 0x1F, 0xF1, 0x00, 0xF1,    0, 0x00, 0x01, 0x0F, 0x00, 0x00, 0x01, 0xF0, 0x00, 0x0F, 0x10
    .byte   0x00, 0x00, 0x00, 0xF1, 0x0F, 0x10, 0x00, 0x00, 0x1F, 0x1F, 0xF0, 0x01, 0x00, 0x00, 0x00, 0x1F
    .byte   0x00, 0x00, 0x00, 0x1F, 0x00, 0x00,   -1, 0x01, 0x10, 0xF0, 0xF1, 0x00, 0x00, 0x00, 0x00, 0x01
    .byte   0xF1, 0xF0, 0x00, 0x00, 0x00, 0x1F, 0x01, 0xF0, 0x1F, 0x00, 0x00, 0xF1, 0xF1, 0x00, 0x00, 0x00
    .byte   0x00, 0x1F, 0x00, 0x01, 0xF0, 0x01, 0x00,    0, 0x0F, 0x10, 0x00, 0x1F, 0x00, 0x00, 0xF1, 0x00
    .byte   0x00, 0x1F, 0x0F, 0x10, 0x00, 0x01, 0xFF, 0x10, 0x01, 0xFF, 0x11, 0xF0, 0x00, 0xF1, 0x0F, 0x10
    .byte   0x00, 0x00, 0x00, 0x00, 0x00, 0x00, 0x00, 0x00,   -1, 0x01, 0x00, 0x1F, 0x0F, 0x1F, 0x01, 0x1F
    .byte   0x1F, 0x1F, 0x00, 0x00, 0x00, 0x01, 0xFF, 0x10, 0x01, 0xF1, 0xF0, 0x00, 0x00, 0x1F, 0x00, 0x00
    .byte   0x10, 0xF0, 0xF1, 0x0F, 0x01, 0x00, 0x00, 0x00, 0x00,    0, 0x00, 0x00, 0x00, 0x0F, 0x00, 0x10
    .byte   0x00, 0x00, 0x00, 0x00, 0x00, 0x0F, 0x10, 0x1F, 0xF0, 0x10, 0x10, 0xF0, 0x01, 0x0F, 0x0F, 0x11
    .byte   0xF0, 0x00, 0x01, 0xF0, 0x00, 0x00, 0x00, 0x01, 0xF0, 0x00,    0, 0x00, 0x01, 0xF0, 0x01, 0xF0
    .byte   0x0F, 0x10, 0x00, 0x01, 0xF0, 0x00, 0xF1, 0x01, 0xF1, 0xF0, 0x00, 0x00, 0x00, 0x00, 0xF1, 0xF1
    .byte   0x00, 0x00, 0x0F, 0x11, 0xF0, 0x00, 0xF0, 0x10, 0x00, 0x0F, 0x11,    0, 0x00, 0x00, 0x1F, 0x01
    .byte   0xF0, 0x00, 0x00, 0x00, 0x00, 0xF0, 0x01, 0x00, 0x00, 0x01, 0xF0, 0x0F, 0x10, 0x00, 0x00, 0x00
    .byte   0x00, 0x00, 0x01, 0xFF, 0x10, 0x00, 0x01, 0x0F, 0x00, 0x0F, 0x10, 0x01,    0, 0x00, 0x00, 0x00
    .byte   0x0F, 0x1F, 0x01, 0x00, 0x00, 0x00, 0x00, 0x1F, 0x00, 0x00, 0xF1, 0x00, 0x00, 0x1F, 0x00, 0x00
    .byte   0x10, 0xFF, 0x10, 0x1F, 0x1F, 0x00, 0xF1, 0x00, 0x00, 0x0F, 0x10, 0xF1, 0x00,    0, 0x0F, 0x10
    .byte   0x00, 0x00, 0xF1, 0xF1, 0x00, 0x01, 0xF0, 0x0F, 0x1F, 0x1F, 0x10, 0x00, 0xF1, 0xF0, 0x10, 0x00
    .byte   0x00, 0x00, 0x00, 0x00, 0x00, 0xF1, 0x10, 0xF0, 0x00, 0x00, 0x0F, 0x10, 0xF1, 0x00,    0, 0x00
    .byte   0x1F, 0x0F, 0x01, 0x1F, 0x00, 0xF1, 0xF1, 0x00, 0x00, 0x00, 0x00, 0x00, 0x01, 0xF0, 0x00, 0x01
    .byte   0xF0, 0x00, 0x01, 0xF0, 0x0F, 0x1F, 0x10, 0x00, 0x00, 0x00, 0x01, 0xF0, 0x00, 0x10, 0xFF,   -1
    .byte   0x01, 0x00, 0x00, 0x10, 0xF0, 0x00, 0x01, 0xF0, 0x00, 0x00, 0x01, 0xF0, 0xF1, 0x00, 0x1F, 0x00
    .byte   0x00, 0x0F, 0x10, 0x10, 0x0F, 0x01, 0x0F, 0x00, 0xF1, 0xF1, 0x1F, 0x10, 0xF0, 0x1F, 0x0F, 0x10
    .byte      0, 0x00, 0xF1, 0x01, 0xF0, 0x00, 0x0F, 0x10, 0x00, 0xF0, 0x10, 0x00, 0x01, 0xFF, 0x01, 0x00
    .byte   0x00, 0x1F, 0x00, 0x0F, 0x1F, 0x10, 0x0F, 0x10, 0x1F, 0x00, 0x01, 0xF1, 0xF1, 0xFF, 0x10, 0x01
    .byte   0xF0,    0, 0x00, 0x1F, 0x1F, 0x1F, 0x00, 0x00, 0x1F, 0x00, 0xF1, 0x10, 0x0F, 0x10, 0xF1, 0xF0
    .byte   0x00, 0x00, 0x00, 0x00, 0x1F, 0x00, 0x0F, 0x10, 0x01, 0xF1, 0xF0, 0x01, 0xF0, 0x00, 0x00, 0xF1
    .byte   0x00, 0x00,   -1, 0x00, 0x10, 0x01, 0xFF, 0x01, 0x1F, 0x1F, 0x0F, 0x10, 0x00, 0x00, 0x00, 0xF1
    .byte   0x00, 0x00, 0x01, 0xFF, 0x1F, 0x10, 0x00, 0x00, 0x00, 0x0F, 0x11, 0x0F, 0x0F, 0x10, 0x01, 0xFF
    .byte   0x10, 0xF1, 0x0F,    0, 0x00, 0x00, 0x1F, 0x00, 0xF1, 0x00, 0xF1, 0x00, 0x00, 0x00, 0x00, 0x00
    .byte   0xF1, 0x00, 0x00, 0x01, 0xF0, 0xF1, 0x01, 0xF0, 0x00, 0x01, 0xF1, 0xF0, 0xF1, 0x10, 0xF1, 0xF0
    .byte   0xF1, 0x00, 0x00, 0x0F,    0, 0x00, 0x00, 0x00, 0x0F, 0x10, 0x00, 0xF1, 0x0F, 0x10, 0x00, 0x10
    .byte   0xF0, 0xF1, 0x1F, 0x00, 0xF1, 0x00, 0xF1, 0xF0, 0x11, 0xF0, 0xF0, 0x10, 0x1F, 0xF1, 0x00, 0x01
    .byte   0x0F, 0x1F, 0x00, 0x00, 0x00,    0, 0x00, 0x10, 0x0F, 0xF1, 0x1F, 0x00, 0x00, 0x00, 0x1F, 0x01
    .byte   0x00, 0xFF, 0x01, 0x01, 0x0F, 0x01, 0xF0, 0xF1, 0x00, 0x00, 0x00, 0x01, 0x0F, 0x00, 0x0F, 0x11
    .byte   0x0F, 0xF1, 0x10, 0xFF, 0x11, 0x00,    0, 0x00, 0xF1, 0x10, 0xFF, 0xF0, 0x20, 0xFE, 0x21, 0xE0
    .byte   0x02, 0x0F, 0x0E, 0x02, 0x0F, 0x00, 0x10, 0x10, 0xFE, 0x11, 0x2E, 0x0F, 0xF2, 0x2F, 0xEF, 0x02
    .byte   0x0E, 0xFE, 0x13, 0x01, 0xEE, 0x10, 0x22,    3, 0x0E, 0x0F, 0x0F, 0x12, 0x1F, 0xFF, 0xFF, 0xF2
    .byte   0x02, 0xEF, 0xF1, 0x11, 0xE0, 0x02, 0x0F, 0xF0, 0x11, 0xEF, 0x2F, 0x20, 0xEE, 0x12, 0x0F, 0x01
    .byte   0x0F, 0x0F, 0x01, 0xF1, 0x2E, 0xE2, 0xF1, 0x1E,   -1, 0x00, 0x11, 0xF0, 0x00, 0xE2, 0xE1, 0x04
    .byte   0x1A, 0x32, 0x4D, 0xD2, 0x02, 0x54, 0xCD, 0xBD, 0x14, 0x2F, 0xEE, 0x20, 0x12, 0x20, 0xE1, 0xEF
    .byte   0xEF, 0x33, 0x2F, 0xDE, 0xF0, 0x2E, 0x2F, 0xEF, 0xE0,   -3, 0x01, 0x2F, 0xF1, 0xFE, 0x11, 0x21
    .byte   0x00, 0xFE, 0xE0, 0xF1, 0x1E, 0x20, 0x21, 0x10, 0xEE, 0x02, 0x21, 0xE0, 0xF0, 0x12, 0x11, 0x0E
    .byte   0xEE, 0x22, 0x22, 0x20, 0x11, 0xE0, 0x20, 0xFF, 0x00, 0x1F,   11, 0x0F, 0xEF, 0xFF, 0x0F, 0xE2
    .byte   0x10, 0x0D, 0xFD, 0xDE, 0xDF, 0xFE, 0xE1, 0xF0, 0xE1, 0xEE, 0xDE, 0x12, 0x67, 0x75, 0x52, 0x2E
    .byte   0xD2, 0x2D, 0xBA, 0xBC, 0xE1, 0x32, 0xEC, 0xCD, 0x35, 0x44, 0x3F,   43, 0x0F, 0x04, 0x3D, 0xDB
    .byte   0xAA, 0xBC, 0xCD, 0xDE, 0xF0, 0x00, 0x00, 0x1F, 0x02, 0x67, 0x77, 0x74, 0x11, 0x10, 0x0F, 0xFB
    .byte   0x88, 0xBD, 0x14, 0x2B, 0xBB, 0x37, 0x77, 0x65, 0x0E, 0xE4, 0x41, 0x0E,   84, 0x09, 0x9C, 0xD0
    .byte   0xED, 0xFD, 0xE2, 0x56, 0x5D, 0xDC, 0xCE, 0xD2, 0x3C, 0xB9, 0xDF, 0xF0, 0xF1, 0x27, 0x77, 0x77
    .byte   0x21, 0x00, 0x00, 0xFA, 0x88, 0xAA, 0x25, 0x4E, 0xBB, 0x27, 0x77, 0x76, 0x31,  116, 0x0F, 0x30
    .byte   0xDB, 0x98, 0x9B, 0x05, 0x43, 0x11, 0xF3, 0x56, 0x61, 0xCB, 0xCD, 0xDC, 0xCA, 0xAD, 0x0F, 0x1F
    .byte   0x10, 0x77, 0x77, 0x73, 0x00, 0x00, 0x0F, 0x88, 0x89, 0xDE, 0x36, 0x5C, 0xB5, 0x77,  107, 0x04
    .byte   0x20, 0xFD, 0xCF, 0xDB, 0xB9, 0x99, 0xC3, 0x55, 0x54, 0x44, 0x34, 0x55, 0x2C, 0xCB, 0xAB, 0xBC
    .byte   0xAC, 0xEF, 0x0F, 0x1F, 0x01, 0x77, 0x77, 0x73, 0x00, 0x00, 0xDE, 0x88, 0x89, 0xF0, 0x05,  -50
    .byte   0x06, 0x0D, 0x67, 0x74, 0x00, 0x0E, 0xBA, 0xBA, 0xBC, 0xCA, 0xA3, 0x56, 0x55, 0x66, 0x1F, 0x33
    .byte   0xED, 0xBC, 0xB9, 0xBB, 0xCC, 0x00, 0x01, 0xF0, 0x00, 0x07, 0x77, 0x77, 0x31, 0x00, 0xBA, 0xCA
    .byte    -47, 0x08, 0xC0, 0xF3, 0x77, 0x75, 0xE5, 0x64, 0x10, 0xF1, 0xC8, 0x9B, 0xAD, 0x21, 0xDC, 0x25
    .byte   0x65, 0x66, 0x5E, 0xDC, 0xDE, 0xCC, 0xCB, 0xAA, 0xBD, 0xFF, 0x00, 0x00, 0x1F, 0x01, 0x77, 0x77
    .byte   0x73,  127, 0x00, 0xFB, 0x9B, 0xAA, 0x9B, 0xD1, 0x37, 0x77, 0x75, 0x42, 0xEE, 0x31, 0x1B, 0x89
    .byte   0xBA, 0xC4, 0x53, 0x2E, 0x34, 0x54, 0x55, 0x3C, 0xCC, 0xDD, 0xCD, 0xCB, 0xAA, 0xD0, 0xF0, 0x01
    .byte   0xF1, 0xF0, -120, 0x05, 0x77, 0x77, 0x51, 0x0F, 0xE8, 0xAB, 0xAC, 0xAB, 0xD2, 0x77, 0x77, 0x71
    .byte   0x0D, 0xCC, 0x12, 0xCB, 0xBA, 0xBB, 0x05, 0x35, 0xE3, 0x22, 0x33, 0x54, 0xFD, 0xCD, 0xCC, 0xDC
    .byte   0xCA, 0xBB, 0xFF, -128, 0x00, 0x00, 0x01, 0x0F, 0x44, 0x77, 0x77, 0x51, 0x10, 0xEA, 0x8A, 0xAC
    .byte   0xED, 0xF1, 0x47, 0x77, 0x62, 0x1E, 0xBB, 0xDF, 0xCE, 0xCB, 0xBB, 0xE3, 0x54, 0x44, 0x2D, 0xDF
    .byte   0x44, 0xFE, 0xFD, 0xBB,  -30, 0x0E, 0xCB, 0xCC, 0xCE, 0xF0, 0x00, 0x00, 0x00, 0x25, 0x77, 0x77
    .byte   0x52, 0x10, 0x0A, 0x8A, 0xAD, 0xF2, 0x11, 0x56, 0x66, 0x62, 0x1C, 0xBB, 0xCC, 0xDF, 0xEE, 0xCC
    .byte   0x22, 0x34, 0x34, 0x2D, 0xC0,   14, 0x0F, 0xE1, 0x2E, 0xDC, 0xCF, 0xCB, 0xCD, 0xCD, 0xE0, 0xF1
    .byte   0xF0, 0x11, 0x34, 0x37, 0x77, 0x74, 0x21, 0x1E, 0x9A, 0xAB, 0xD3, 0x32, 0x35, 0x55, 0x44, 0x2D
    .byte   0xBB, 0xCC, 0xC0, 0x32, 0x2E, 0xD3,   15, 0x02, 0x00, 0x3D, 0xDD, 0xF3, 0xDF, 0x11, 0xEC, 0xDD
    .byte   0xDC, 0xBD, 0xEC, 0xDF, 0xF0, 0x0F, 0x02, 0x31, 0x44, 0x77, 0x77, 0x32, 0x0F, 0xE9, 0xBA, 0xC0
    .byte   0x13, 0x13, 0x44, 0x53, 0x33, 0xDB, 0xBD,   16, 0x0E, 0x22, 0x33, 0xEE, 0x1E, 0xDD, 0x21, 0xDD
    .byte   0xE0, 0x10, 0x12, 0xED, 0xCC, 0xFD, 0xCD, 0xDD, 0xDD, 0xE1, 0x21, 0xE2, 0x2D, 0x23, 0x55, 0x67
    .byte   0x67, 0x32, 0x11, 0xEA, 0xBC, 0xBD, 0x03, 0x23,   56, 0x02, 0x33, 0xE3, 0xDD, 0xBD, 0x1B, 0x33
    .byte   0x23, 0x13, 0xDE, 0xDC, 0xEE, 0xDE, 0x22, 0xEE, 0x1E, 0xED, 0xDD, 0xFC, 0xCE, 0xED, 0xE0, 0x2D
    .byte   0xF1, 0x12, 0x11, 0x22, 0x21, 0x46, 0x57, 0x66, 0x32,  127, 0x0C, 0xAC, 0xCC, 0x02, 0x12, 0x33
    .byte   0x31, 0x3E, 0xFF, 0xCD, 0xDE, 0x20, 0x31, 0x33, 0xDE, 0xDD, 0xBC, 0x1F, 0x12, 0xF1, 0xED, 0xDE
    .byte   0x1D, 0xDE, 0xED, 0xDD, 0x1D, 0xEE, 0xE2, 0x02, 0x22, 0x22,  -77, 0x02, 0x23, 0x24, 0x65, 0x65
    .byte   0x53, 0xED, 0xBC, 0xBC, 0x33, 0x23, 0x23, 0xE1, 0x2D, 0x2F, 0xDD, 0x01, 0xF3, 0x2F, 0x20, 0xEC
    .byte   0xDD, 0xCD, 0xCE, 0x22, 0x22, 0x3E, 0xDC, 0xCD, 0xDE, 0xD0, 0xDF,  -86, 0x03, 0x32, 0x3F, 0xED
    .byte   0xCD, 0xE3, 0x24, 0x52, 0x3F, 0x04, 0x45, 0x46, 0x4E, 0x0D, 0xCD, 0xC1, 0x13, 0x31, 0x11, 0x00
    .byte   0x2E, 0xE2, 0xED, 0xD3, 0x1E, 0x3F, 0xEF, 0xCC, 0xDD, 0xED, 0x02, 0xEF,  -19, 0x01, 0x1D, 0xDD
    .byte   0xED, 0xDE, 0x13, 0x2D, 0xEE, 0x12, 0x24, 0x32, 0xDC, 0xDD, 0xD3, 0x54, 0x44, 0x0F, 0xCF, 0x34
    .byte   0x55, 0x54, 0x2C, 0xBD, 0xDC, 0x24, 0x32, 0x11, 0x11, 0x02, 0x32, 0xDD, 0xDD,   25, 0x0F, 0x24
    .byte   0x3F, 0xED, 0xBA, 0xCC, 0x12, 0x45, 0x42, 0xDD, 0xCC, 0xCD, 0x12, 0xE1, 0x22, 0x31, 0x33, 0x1E
    .byte   0xDC, 0xCD, 0x33, 0x44, 0xFE, 0xEE, 0x24, 0x34, 0x3D, 0xDC, 0x03, 0x56, 0x35, 0x0C,   52, 0x0B
    .byte   0xDD, 0x44, 0x14, 0x3E, 0xEF, 0x0D, 0x21, 0xD2, 0xDE, 0xDE, 0x3E, 0x22, 0xDE, 0xDC, 0xCD, 0xEF
    .byte   0x22, 0x31, 0x00, 0xDE, 0x2F, 0xFD, 0xDE, 0xFF, 0xEF, 0xF2, 0x34, 0x32, 0x2F, 0xCC, 0xDD,  -54
    .byte   0x04, 0x44, 0x22, 0xED, 0xD0, 0xF3, 0x43, 0xEE, 0xD2, 0x34, 0x54, 0x3D, 0xCC, 0xCE, 0xE5, 0x30
    .byte   0x3E, 0xEE, 0x23, 0x1C, 0xCD, 0xEC, 0x14, 0x32, 0x2E, 0xEE, 0xCD, 0xED, 0xCE, 0x01, 0x42, 0x43
    .byte     11, 0x0F, 0xDD, 0xBB, 0xDE, 0x44, 0x35, 0x3E, 0xCD, 0xDF, 0xFF, 0x32, 0xD2, 0x30, 0x21, 0x32
    .byte   0x21, 0xD0, 0xEE, 0x22, 0x33, 0xEE, 0xDF, 0x33, 0x55, 0x32, 0xDC, 0xBB, 0xCE, 0x35, 0x55, 0x30
    .byte   0xCC,   28, 0x0C, 0xE0, 0xED, 0xEC, 0x35, 0x44, 0x5F, 0xBB, 0xAA, 0xC2, 0x35, 0x66, 0x32, 0xDB
    .byte   0xAB, 0xCD, 0x34, 0x44, 0x42, 0x22, 0xEC, 0xCB, 0xDC, 0xE3, 0x46, 0x55, 0x3E, 0xDA, 0xBC, 0xCE
    .byte   0x56, 0x54,   56, 0x0E, 0xCC, 0xBB, 0x31, 0x45, 0x54, 0x0D, 0xDB, 0xCC, 0x12, 0x44, 0x23, 0x3D
    .byte   0xDD, 0xDD, 0xD2, 0xFE, 0x43, 0x22, 0x1F, 0xDD, 0xCD, 0xE1, 0x10, 0x22, 0x23, 0x33, 0xEC, 0xCD
    .byte   0xDE, 0x24, 0x42,   -1, 0x02, 0xEC, 0xD1, 0xFF, 0x23, 0x43, 0x3D, 0xCB, 0xC2, 0x34, 0x54, 0x2D
    .byte   0xEE, 0xCD, 0x20, 0xF4, 0x42, 0x31, 0xCD, 0xC1, 0x13, 0x2D, 0xF3, 0x24, 0x44, 0xBB, 0xCC, 0xD2
    .byte   0x45, 0x42, 0x1D, 0xCE,  -10, 0x0C, 0x23, 0x21, 0x43, 0xE1, 0xC2, 0x2D, 0xED, 0xEF, 0x23, 0x22
    .byte   0x32, 0x0D, 0xDF, 0xDC, 0xEF, 0x23, 0x34, 0x44, 0x1D, 0xEB, 0xAB, 0x32, 0x46, 0x50, 0x5D, 0xCD
    .byte   0xCB, 0xD3, 0xEE, 0x63, 0xE4,   36, 0x0D, 0x22, 0xDB, 0xCD, 0xC3, 0x55, 0x44, 0x2C, 0xCB, 0xCE
    .byte   0xE2, 0x44, 0x31, 0x2D, 0xDD, 0x0F, 0x03, 0x2D, 0xFD, 0xD4, 0x32, 0x30, 0xCB, 0xCE, 0x24, 0x54
    .byte   0x31, 0xDC, 0xCD, 0xF0, 0x23, 0xE2,   -7, 0x03, 0x2E, 0x20, 0xFE, 0xED, 0xD1, 0x03, 0x54, 0x12
    .byte   0xEB, 0xCD, 0xCD, 0x44, 0x44, 0x32, 0xDD, 0xE1, 0xCD, 0x0D, 0xF0, 0x34, 0x42, 0x42, 0xCB, 0xDB
    .byte   0xD2, 0x45, 0x45, 0xED, 0xCB, 0xCE, 0x33,   -5, 0x04, 0x3C, 0xF2, 0xCF, 0x42, 0xE3, 0x1B, 0xEF
    .byte   0xDF, 0x44, 0x23, 0x3D, 0xDD, 0xCC, 0x42, 0x23, 0x4D, 0xC2, 0x2D, 0xF4, 0xF1, 0x2C, 0xDE, 0xDE
    .byte   0x34, 0x33, 0x43, 0xDC, 0xCC, 0xBF, 0x34, 0x45,   36, 0x02, 0xDC, 0xDD, 0xE1, 0x0D, 0x20, 0xE2
    .byte   0x24, 0x33, 0x2D, 0xEC, 0xBC, 0xE4, 0x34, 0x63, 0xEC, 0xDC, 0xBF, 0xE3, 0x41, 0x33, 0x3F, 0xEF
    .byte   0xED, 0xED, 0xDD, 0xF3, 0x14, 0x44, 0x3F, 0xCB, 0xCC,  -47, 0x03, 0x54, 0x45, 0xFC, 0xCC, 0xBD
    .byte   0x33, 0x45, 0x20, 0xEE, 0xCC, 0x41, 0xE4, 0x3B, 0xCE, 0xEF, 0x54, 0x34, 0xEB, 0xC3, 0xCC, 0x35
    .byte   0x1F, 0x4E, 0xBF, 0xEE, 0x45, 0xED, 0x2C, 0xB1, 0x32, 0x25,   28, 0x01, 0xDB, 0xDD, 0xD2, 0x34
    .byte   0x51, 0x11, 0xCB, 0x02, 0xD3, 0x4D, 0xE3, 0x12, 0x32, 0x1D, 0xDC, 0xD0, 0x32, 0x44, 0xED, 0x3E
    .byte   0xCF, 0xEE, 0x23, 0x23, 0x0E, 0xD2, 0xEE, 0xE2, 0xEE, 0x12, 0x32,   11, 0x03, 0x2C, 0xCD, 0x2C
    .byte   0x24, 0x42, 0x33, 0xEC, 0xDC, 0xD1, 0x12, 0x54, 0xF3, 0xDB, 0x1F, 0xDE, 0x22, 0x12, 0x33, 0xEF
    .byte   0x3E, 0xC1, 0xED, 0x03, 0xE2, 0x3E, 0x02, 0x2F, 0x22, 0xED, 0xDE, 0xE2,   -3, 0x03, 0xE2, 0xEE
    .byte   0xE1, 0x13, 0x22, 0xEE, 0xDC, 0x2E, 0x04, 0x33, 0x31, 0xEC, 0xDC, 0xD2, 0x34, 0x34, 0xED, 0xFE
    .byte   0xE2, 0x2D, 0xD0, 0xEC, 0x34, 0x33, 0x4E, 0xDD, 0xCD, 0xFF, 0x23, 0x33, 0xE0,   10, 0x0E, 0xD2
    .byte   0x2D, 0xFE, 0xEE, 0x13, 0x43, 0x23, 0xEC, 0xDC, 0xC0, 0x31, 0x45, 0x2F, 0xED, 0xDC, 0xE2, 0x22
    .byte   0x21, 0x22, 0xEF, 0x3F, 0xC1, 0xFD, 0xE3, 0x33, 0x20, 0xFE, 0xED, 0x12, 0xED, 0x32,   -2, 0x00
    .byte   0x31, 0xE1, 0x31, 0xDD, 0xDF, 0xE2, 0x33, 0x23, 0xED, 0xFD, 0xDF, 0x41, 0x12, 0x3F, 0xC2, 0x2C
    .byte   0xE2, 0x20, 0x31, 0x01, 0xEE, 0x23, 0xDD, 0x13, 0xDD, 0x32, 0xEF, 0x4E, 0x02, 0x0E, 0x1D,  -14
    .byte   0x02, 0x2E, 0x23, 0x22, 0x01, 0x0C, 0xD1, 0xEF, 0x23, 0x32, 0x32, 0xDD, 0x0E, 0xDF, 0x22, 0xF1
    .byte   0x21, 0xD2, 0x20, 0x20, 0x2F, 0xED, 0xEE, 0x10, 0x24, 0x2E, 0xEE, 0xDD, 0x32, 0x22, 0x01, 0xEE
    .byte     -7, 0x00, 0x30, 0x13, 0x0D, 0xEE, 0xDE, 0x12, 0x33, 0x34, 0xDD, 0xDC, 0xE1, 0x03, 0x32, 0x4F
    .byte   0xED, 0xDD, 0xEE, 0x23, 0x20, 0x22, 0xD2, 0x10, 0x22, 0xEC, 0x20, 0xF0, 0x3F, 0xE0, 0xF0, 0x31
    .byte   0x00,    3, 0x0D, 0xD0, 0x21, 0x23, 0x32, 0x10, 0xEC, 0xDF, 0xEF, 0x24, 0x22, 0x31, 0xD1, 0xDD
    .byte   0xEF, 0xEE, 0x32, 0x23, 0x3E, 0x3F, 0xCD, 0xED, 0xE1, 0x33, 0x43, 0xE0, 0xFD, 0xCE, 0xED, 0x13
    .byte   0x31, 0x43,   18, 0x0F, 0x0D, 0xDF, 0xDD, 0x2F, 0x13, 0x33, 0x33, 0xFD, 0xCC, 0xCE, 0x33, 0x44
    .byte   0x4D, 0xED, 0xBC, 0x00, 0x44, 0x35, 0x2D, 0xCD, 0xCC, 0xD3, 0x31, 0x53, 0x0F, 0xFD, 0xED, 0xEE
    .byte   0xF1, 0x23, 0x33,   17, 0x03, 0x1C, 0xDE, 0xCD, 0x11, 0x24, 0x42, 0x30, 0xFC, 0xDD, 0xDE, 0x23
    .byte   0x24, 0x32, 0xFF, 0xEC, 0xDD, 0xDE, 0x43, 0x23, 0x40, 0x1E, 0xDD, 0xCD, 0x01, 0x33, 0x33, 0x3E
    .byte   0xEF, 0xDD, 0xFE, 0xEE,   -9, 0x02, 0x13, 0x3F, 0xE1, 0xDE, 0xFF, 0xE3, 0x02, 0x1F, 0xE1, 0xED
    .byte   0x21, 0x13, 0x22, 0x1E, 0xFD, 0xEF, 0xFE, 0x32, 0xE2, 0x3E, 0xE2, 0x1D, 0xE1, 0xEE, 0x32, 0xE3
    .byte   0x3D, 0x01, 0x0D, 0x12, 0xED,  -12, 0x0F, 0xE1, 0x33, 0x33, 0x2E, 0xFD, 0xBD, 0x20, 0x04, 0x4F
    .byte   0x22, 0xDE, 0xEE, 0xEF, 0xE0, 0xF2, 0x21, 0x32, 0x20, 0x2D, 0xDE, 0xDE, 0xE0, 0x33, 0x34, 0x1E
    .byte   0x1D, 0xCD, 0x0D, 0xF3, 0x32, 0x33,   20, 0x00, 0x0E, 0xC0, 0xDC, 0x33, 0xF1, 0x42, 0xE1, 0x2C
    .byte   0xD2, 0xED, 0x34, 0xF3, 0x4F, 0xDE, 0xDB, 0xD2, 0xE2, 0x44, 0x13, 0x3E, 0xDF, 0xEC, 0xE1, 0xDD
    .byte   0x33, 0x24, 0x41, 0x0E, 0xCB, 0xEE, 0xD4,    1, 0x04, 0x23, 0x1C, 0xCD, 0xCD, 0x33, 0x44, 0x30
    .byte   0xDF, 0xCD, 0x21, 0x21, 0x21, 0xEE, 0xEF, 0x02, 0x23, 0x3F, 0xE0, 0xEC, 0x1F, 0xE2, 0x20, 0x12
    .byte   0x11, 0x12, 0xEE, 0x1E, 0xEE, 0x21, 0x12, 0x30,   11, 0x01, 0xEE, 0xEE, 0xE0, 0x1F, 0xF3, 0x11
    .byte   0x22, 0x00, 0xEE, 0xED, 0xFF, 0x13, 0x32, 0x3E, 0xEE, 0xDD, 0xEE, 0xE2, 0x33, 0x24, 0x3E, 0xEF
    .byte   0xDC, 0xDE, 0xDE, 0x33, 0x34, 0x32, 0x2E, 0xDD, 0xDD,  -22, 0x00, 0x21, 0x33, 0x33, 0x21, 0xDD
    .byte   0xDD, 0xDE, 0x11, 0x34, 0x33, 0x2F, 0xED, 0xDC, 0xFE, 0x02, 0x33, 0x30, 0x2F, 0xDE, 0x0E, 0xF0
    .byte   0x21, 0xFE, 0x1F, 0xE3, 0xF2, 0x30, 0xE2, 0xDD, 0xEE, 0xE2,   -9, 0x01, 0x32, 0x02, 0x2E, 0xFF
    .byte   0xDE, 0xDF, 0x0F, 0x33, 0x33, 0x2F, 0xEE, 0xDC, 0xDE, 0xE2, 0x33, 0x34, 0x21, 0x1E, 0xCD, 0xDD
    .byte   0xE0, 0x33, 0x33, 0x32, 0x0F, 0xDD, 0xCE, 0xDF, 0xF3, 0x33, 0x43,   28, 0x0F, 0xDD, 0xDD, 0xDE
    .byte   0x12, 0x33, 0x33, 0xFF, 0xEE, 0xDD, 0xEF, 0x01, 0x23, 0x22, 0x22, 0xEE, 0xDE, 0xD0, 0xF2, 0x23
    .byte   0x22, 0x3E, 0xDE, 0xED, 0xF1, 0x22, 0x32, 0x2F, 0xEE, 0xDE, 0xEE, 0x03,   -3, 0x02, 0x32, 0x10
    .byte   0xED, 0xEE, 0xEE, 0x12, 0x21, 0x32, 0x10, 0xFE, 0xEE, 0xEF, 0x01, 0x22, 0x22, 0x01, 0xEE, 0xED
    .byte   0x00, 0x10, 0x32, 0x12, 0x10, 0xFE, 0xEF, 0xEF, 0x01, 0x11, 0x02, 0x11, 0x01,    4, 0x00, 0x0E
    .byte   0x0F, 0xE1, 0x20, 0x01, 0x2F, 0x00, 0xF0, 0xEF, 0x0F, 0x11, 0x12, 0x1F, 0x10, 0xE0, 0xEE, 0x00
    .byte   0xE2, 0x21, 0x22, 0x10, 0x0F, 0xEE, 0x0E, 0x11, 0x10, 0x21, 0xFE, 0xFF, 0xE0, 0x11,   -4, 0x02
    .byte   0x11, 0x10, 0xEE, 0x0F, 0x02, 0x22, 0x21, 0xFF, 0xFE, 0xEF, 0xF0, 0x12, 0x11, 0x11, 0x0E, 0xFF
    .byte   0xFE, 0xF0, 0x0F, 0x1F, 0x10, 0xF1, 0xE1, 0xFF, 0xF1, 0xF0, 0xF2, 0x01, 0x21, 0x21, 0x21,    7
    .byte   0x00, 0x0F, 0x01, 0x02, 0x01, 0x21, 0x10, 0xF1, 0xEF, 0xE0, 0xFF, 0x01, 0x00, 0x0F, 0x0F, 0xEE
    .byte   0xFE, 0xFE, 0x0F, 0x0F, 0xFE, 0xDD, 0xED, 0xDF, 0xF1, 0x22, 0x21, 0x01, 0xF3, 0x44, 0x56, 0x65
    .byte    127, 0x00, 0x00, 0xAA, 0xBA, 0xDE, 0x34, 0x54, 0x43, 0xED, 0xDD, 0xCE, 0x03, 0x1F, 0xEC, 0xCC
    .byte   0xCC, 0xD0, 0xF0, 0xEE, 0xDD, 0xCD, 0xDE, 0x00, 0x00, 0x00, 0x26, 0x77, 0x77, 0x41, 0x11, 0xFD
    .byte   0x88,  -81, 0x0A, 0xD5, 0x76, 0x67, 0x41, 0xCC, 0xCD, 0x02, 0x55, 0x33, 0x0E, 0xAA, 0xBB, 0xCC
    .byte   0x34, 0x03, 0x1E, 0xDB, 0xCD, 0xDE, 0xE3, 0xF0, 0xED, 0xDD, 0xFF, 0xF7, 0x77, 0x77, 0x31, 0x00
    .byte   0x08, 0x88, -113, 0x0D, 0x47, 0x76, 0x54, 0xFA, 0xCC, 0xF2, 0x56, 0x65, 0x1F, 0xCA, 0x99, 0xBD
    .byte   0xF4, 0x53, 0x4F, 0xDC, 0xBB, 0xCE, 0xEF, 0x44, 0x0E, 0xCC, 0xBE, 0x00, 0x06, 0x77, 0x77, 0x42
    .byte   0x11, 0x19, 0x88, -121, 0x0E, 0x37, 0x66, 0x64, 0xFB, 0xBD, 0x13, 0x57, 0x63, 0x00, 0xDA, 0x99
    .byte   0xAC, 0x14, 0x55, 0x42, 0xDB, 0xAB, 0xBC, 0x04, 0x44, 0x40, 0xDB, 0xBD, 0xEF, 0x04, 0x77, 0x77
    .byte   0x62, 0x11, 0x0C, 0x88,  -78, 0x0B, 0x26, 0x65, 0x55, 0xEB, 0xBD, 0x23, 0x56, 0x74, 0x11, 0xFA
    .byte   0x99, 0x9C, 0xF4, 0x55, 0x42, 0xEC, 0xAB, 0xBC, 0xD4, 0x45, 0x43, 0x2B, 0xBB, 0xCF, 0xFF, 0x57
    .byte   0x77, 0x75, 0x30, 0x0E, 0xA8,  -51, 0x0A, 0xD4, 0x76, 0x55, 0xFC, 0xAB, 0xC1, 0x46, 0x77, 0x32
    .byte   0x1F, 0xB8, 0x99, 0xC2, 0x45, 0x54, 0x2D, 0xBA, 0xBB, 0xC2, 0x45, 0x53, 0x3E, 0xBB, 0xAF, 0xF1
    .byte   0xF7, 0x77, 0x77, 0x31, 0x00, 0x09,    1, 0x09, 0xA0, 0x56, 0x65, 0x41, 0xBA, 0xBD, 0xF4, 0x67
    .byte   0x74, 0x10, 0xEB, 0x99, 0x9C, 0xF3, 0x54, 0x43, 0xDB, 0xAB, 0xBC, 0x24, 0x45, 0x44, 0xFB, 0xBB
    .byte   0xCF, 0x02, 0x77, 0x77, 0x72, 0x11, 0x00,   82, 0x08, 0x8A, 0x25, 0x75, 0x63, 0xEB, 0xAA, 0xB1
    .byte   0x46, 0x77, 0x60, 0x00, 0xC9, 0x99, 0xBD, 0x34, 0x44, 0x3E, 0xCB, 0xAB, 0xCF, 0xF4, 0x55, 0x43
    .byte   0xEC, 0xBA, 0xD0, 0x15, 0x77, 0x77, 0x52, 0x11,  127, 0x0B, 0x88, 0x90, 0x56, 0x66, 0x52, 0xBA
    .byte   0xAA, 0xCE, 0x56, 0x77, 0x53, 0x0F, 0xA9, 0x99, 0xB1, 0x44, 0x54, 0x3F, 0xBA, 0xAB, 0xEF, 0xF4
    .byte   0x55, 0x43, 0xCB, 0xAD, 0xEF, 0x47, 0x77, 0x76, 0x21,  127, 0x00, 0xE8, 0x89, 0xC4, 0x66, 0x65
    .byte   0x4C, 0xAA, 0x9B, 0xD3, 0x57, 0x77, 0x42, 0x0E, 0x99, 0x9A, 0xCE, 0x44, 0x54, 0x2D, 0xBA, 0xBB
    .byte   0xFF, 0x14, 0x55, 0x4F, 0xDB, 0xAD, 0xE2, 0x77, 0x77, 0x72,  127, 0x00, 0x0F, 0xB8, 0x8A, 0x05
    .byte   0x66, 0x65, 0x2B, 0xAA, 0x9B, 0xD3, 0x67, 0x77, 0x40, 0x0C, 0x99, 0x9B, 0xB2, 0x44, 0x54, 0x3C
    .byte   0xBA, 0xBB, 0xF1, 0x03, 0x55, 0x42, 0xCC, 0xBC, 0x24, 0x77, 0x77,  127, 0x00, 0x00, 0xFE, 0xA8
    .byte   0x9A, 0x45, 0x66, 0x55, 0xDB, 0xA9, 0xAB, 0xE4, 0x67, 0x76, 0x50, 0x0B, 0x99, 0xAA, 0xC2, 0x44
    .byte   0x54, 0x2C, 0xBA, 0xBC, 0xEF, 0xF2, 0x55, 0x41, 0xDC, 0xCC, 0x25, 0x67,   82, 0x06, 0x30, 0x00
    .byte   0xFF, 0xA8, 0x8C, 0x35, 0x66, 0x54, 0xFB, 0xA9, 0xAB, 0xE3, 0x66, 0x77, 0x52, 0x1C, 0xA9, 0xAA
    .byte   0xBE, 0x14, 0x44, 0x3E, 0xCB, 0xBA, 0xFF, 0xF1, 0x25, 0x44, 0x2D, 0xDD, 0x04,  -48, 0x07, 0x77
    .byte   0x51, 0x11, 0xF0, 0xC8, 0x9A, 0x14, 0x56, 0x55, 0x3C, 0xB9, 0xAA, 0xCE, 0x56, 0x77, 0x64, 0x0E
    .byte   0xA9, 0x9A, 0xBC, 0x24, 0x44, 0x43, 0xCB, 0xBA, 0xDE, 0xFF, 0x24, 0x54, 0x2F, 0xDC,  -88, 0x04
    .byte   0x56, 0x77, 0x62, 0x00, 0x00, 0xE9, 0x9A, 0xCF, 0x55, 0x55, 0x3E, 0xCA, 0xAA, 0xBD, 0x45, 0x67
    .byte   0x66, 0x31, 0xBA, 0xA9, 0xAC, 0xD0, 0x44, 0x43, 0xEC, 0xBB, 0xBD, 0xF1, 0x02, 0x54, 0x42,  -67
    .byte   0x0D, 0xE4, 0x35, 0x77, 0x73, 0x10, 0x00, 0xFC, 0x99, 0xBD, 0x34, 0x55, 0x42, 0xDB, 0xAB, 0xAC
    .byte   0x14, 0x56, 0x76, 0x53, 0xDB, 0xAA, 0xAA, 0xCE, 0x24, 0x43, 0x3D, 0xCB, 0xBB, 0xEF, 0xF1, 0x25
    .byte    -78, 0x03, 0x3E, 0xD1, 0x44, 0x57, 0x76, 0x22, 0x00, 0x00, 0xB9, 0xAB, 0xD2, 0x45, 0x54, 0xEE
    .byte   0xBA, 0xBA, 0xD1, 0x35, 0x75, 0x65, 0x4D, 0xCA, 0xAA, 0xBC, 0xD0, 0x24, 0x33, 0xEC, 0xCB, 0xBD
    .byte   0xE0, -127, 0x04, 0x44, 0x32, 0x2D, 0x13, 0x45, 0x67, 0x73, 0x20, 0x00, 0xFD, 0x9A, 0xAD, 0x24
    .byte   0x35, 0x32, 0xEC, 0xBB, 0xBC, 0xE3, 0x45, 0x66, 0x53, 0x1D, 0xBB, 0xAB, 0xCC, 0xE2, 0x33, 0x2E
    .byte   0xDC, 0xBC, -122, 0x0E, 0xF1, 0x34, 0x44, 0x1F, 0xEE, 0x24, 0x46, 0x76, 0x63, 0x11, 0x00, 0x0B
    .byte   0x9B, 0xBD, 0x24, 0x44, 0x31, 0xFB, 0xAB, 0xBD, 0xF3, 0x56, 0x56, 0x53, 0xFC, 0xBA, 0xBB, 0xCD
    .byte   0xE2, 0x33, 0x2E,  -49, 0x0C, 0xBC, 0xCE, 0x02, 0x34, 0x43, 0x2F, 0xED, 0x34, 0x56, 0x67, 0x61
    .byte   0x10, 0x0F, 0x0B, 0x9B, 0xBE, 0x14, 0x44, 0x31, 0xDB, 0xBB, 0xBC, 0x13, 0x55, 0x66, 0x44, 0xFC
    .byte   0xCA, 0xBB, 0xCD, 0xE1,  -44, 0x03, 0x0E, 0xDC, 0xCB, 0xDD, 0xE2, 0x34, 0x34, 0x11, 0xEE, 0x24
    .byte   0x46, 0x67, 0x63, 0x20, 0x00, 0x0C, 0x9B, 0xBD, 0x23, 0x34, 0x31, 0xEB, 0xBB, 0xBC, 0x12, 0x55
    .byte   0x65, 0x54, 0x2D, 0xCB, 0xBB,  -27, 0x0C, 0xE0, 0x22, 0x2E, 0xEC, 0xCC, 0xCD, 0xEF, 0x33, 0x42
    .byte   0x32, 0x0E, 0xE3, 0x45, 0x66, 0x66, 0x31, 0x10, 0xFF, 0xBA, 0xAC, 0xE1, 0x34, 0x41, 0xFD, 0xBB
    .byte   0xBB, 0xD0, 0x25, 0x56, 0x55, 0x42,   85, 0x0C, 0xBB, 0xBC, 0xCE, 0xF2, 0x21, 0xFE, 0xCC, 0xCC
    .byte   0xDD, 0x12, 0x34, 0x32, 0x22, 0xDE, 0x34, 0x46, 0x66, 0x73, 0x11, 0x10, 0xED, 0xAB, 0xBD, 0x02
    .byte   0x34, 0x11, 0xDC, 0xBB, 0xCC, 0xD2, 0x45,    4, 0x06, 0x44, 0x3E, 0xDB, 0xCB, 0xCC, 0xE0, 0x22
    .byte   0x21, 0xDD, 0xCC, 0xBC, 0xEE, 0x23, 0x33, 0x41, 0x0F, 0xDE, 0x33, 0x56, 0x67, 0x63, 0x20, 0x0F
    .byte   0xFC, 0xAB, 0xBE, 0xF2, 0x43, 0x3F, 0xDB, 0xBB,  -52, 0x0C, 0xE2, 0x45, 0x56, 0x54, 0x3F, 0xCC
    .byte   0xBB, 0xCC, 0xD1, 0x23, 0x2F, 0xFC, 0xCC, 0xCC, 0xC1, 0x13, 0x34, 0x33, 0x0E, 0xDE, 0x24, 0x46
    .byte   0x67, 0x64, 0x10, 0x00, 0xFC, 0xAB, 0xBD, 0xF3, 0x43,   57, 0x01, 0xDC, 0xBA, 0xCB, 0xE1, 0x45
    .byte   0x56, 0x54, 0x3F, 0xCC, 0xBC, 0xBD, 0xEE, 0x23, 0x21, 0xED, 0xCC, 0xBD, 0xCE, 0x13, 0x34, 0x33
    .byte   0xFE, 0xDD, 0xE3, 0x36, 0x67, 0x66, 0x21, 0x11, 0x0F, 0xAB,   38, 0x0C, 0x12, 0x34, 0x32, 0xEC
    .byte   0xBB, 0xAC, 0xCD, 0x25, 0x56, 0x55, 0x43, 0xDC, 0xCB, 0xCC, 0xC1, 0x12, 0x32, 0xFE, 0xCC, 0xBC
    .byte   0xCD, 0xE2, 0x33, 0x43, 0x22, 0xED, 0xDF, 0x24, 0x56, 0x67, 0x63,  126, 0x01, 0x00, 0xEC, 0xAB
    .byte   0xCE, 0x23, 0x33, 0x2F, 0xDB, 0xBA, 0xBC, 0xE0, 0x45, 0x56, 0x54, 0x4E, 0xDC, 0xCB, 0xCC, 0xE1
    .byte   0x13, 0x20, 0xFD, 0xCC, 0xBC, 0xCE, 0xE2, 0x34, 0x33, 0x32, 0xED, 0xDE,  -79, 0x04, 0x56, 0x67
    .byte   0x62, 0x20, 0x00, 0xEB, 0xBB, 0xCE, 0x03, 0x43, 0x2E, 0xCB, 0xBA, 0xCB, 0xE3, 0x45, 0x56, 0x55
    .byte   0x20, 0xCC, 0xBC, 0xBD, 0xE0, 0x32, 0x32, 0xED, 0xCC, 0xBC, 0xCE, 0xE2, 0x34,  -77, 0x04, 0x21
    .byte   0xED, 0xDD, 0x13, 0x56, 0x66, 0x74, 0x21, 0x10, 0xFD, 0xAB, 0xBF, 0xF2, 0x43, 0x20, 0xDB, 0xBB
    .byte   0xBB, 0xDE, 0x44, 0x56, 0x55, 0x42, 0xFC, 0xCB, 0xCC, 0xDD, 0xF3, 0x32, 0x2E, 0xDC,  -52, 0x0C
    .byte   0xBD, 0xDF, 0x23, 0x43, 0x42, 0x2E, 0xDD, 0xDE, 0x25, 0x56, 0x67, 0x61, 0x00, 0x0F, 0xFA, 0xBB
    .byte   0xD0, 0x23, 0x33, 0x1D, 0xCB, 0xBB, 0xBC, 0xD2, 0x45, 0x65, 0x55, 0x3E, 0xDC, 0xCB, 0xCD,  -26
    .byte   0x00, 0x22, 0x32, 0x0D, 0xDC, 0xBD, 0xCC, 0xE1, 0x33, 0x43, 0x33, 0xFE, 0xDC, 0xEF, 0x34, 0x56
    .byte   0x76, 0x61, 0x10, 0x0F, 0xDB, 0xBC, 0xDE, 0x13, 0x32, 0x2D, 0xCB, 0xBB, 0xBC, 0xD2, 0x44, 0x55
    .byte     29, 0x04, 0x41, 0xED, 0xCC, 0xCD, 0xDE, 0xE2, 0x22, 0x1F, 0xDD, 0xCD, 0xCC, 0xEE, 0x22, 0x33
    .byte   0x33, 0x2F, 0xED, 0xDE, 0x02, 0x55, 0x66, 0x66, 0x20, 0x00, 0xFD, 0xBB, 0xCE, 0xE2, 0x22, 0x20
    .byte   0xDC,   12, 0x0B, 0xBB, 0xDD, 0x23, 0x55, 0x55, 0x43, 0x2E, 0xDC, 0xCC, 0xCE, 0xE1, 0x22, 0x3F
    .byte   0xED, 0xDC, 0xDC, 0xDD, 0xE1, 0x31, 0x43, 0x32, 0x1E, 0xDD, 0xDE, 0x13, 0x55, 0x66, 0x66, 0x00
    .byte   0x0F, 0xEC,   82, 0x0B, 0xDE, 0xF3, 0x22, 0x2E, 0xCC, 0xBB, 0xBC, 0xC1, 0x24, 0x55, 0x54, 0x43
    .byte   0x1D, 0xDC, 0xCD, 0xCE, 0x01, 0x22, 0x2F, 0xED, 0xDC, 0xCD, 0xDD, 0x11, 0x33, 0x33, 0x22, 0x1E
    .byte   0xDD, 0xCF, 0x03,  -54, 0x05, 0x66, 0x65, 0x42, 0x11, 0xFD, 0xBC, 0xCE, 0xE2, 0x31, 0x20, 0xCC
    .byte   0xBB, 0xBC, 0xCD, 0x13, 0x45, 0x54, 0x53, 0x2F, 0xDC, 0xDC, 0xDD, 0xFF, 0x22, 0x22, 0xEE, 0xDC
    .byte   0xDD, 0xCE, 0xF0, 0x22,  -58, 0x03, 0x32, 0x1F, 0xED, 0xDC, 0xEF, 0x24, 0x55, 0x66, 0x55, 0x32
    .byte   0x0F, 0xCC, 0xCD, 0xEE, 0x23, 0x10, 0xFC, 0xCB, 0xBB, 0xCB, 0xE1, 0x34, 0x45, 0x54, 0x32, 0x0D
    .byte   0xDD, 0xDD, 0xEE, 0x00, 0x20,   -8, 0x0F, 0xDD, 0xDD, 0xDD, 0xF1, 0x02, 0x32, 0x31, 0x11, 0xEF
    .byte   0xDD, 0xDD, 0xE1, 0x23, 0x45, 0x56, 0x55, 0x43, 0x31, 0xDD, 0xDC, 0x0E, 0x02, 0xF0, 0xED, 0xCC
    .byte   0xBB, 0xCB, 0xEE, 0x23, 0x44, 0x53,   28, 0x03, 0xEE, 0xDD, 0xDD, 0xE0, 0xF2, 0x21, 0x1E, 0xED
    .byte   0xDD, 0xDD, 0xFE, 0x22, 0x32, 0x22, 0x20, 0xEE, 0xDD, 0xED, 0xDE, 0xE1, 0x33, 0x45, 0x56, 0x45
    .byte   0x44, 0x21, 0xDE, 0xDE, 0xEF, 0x01, 0x0E,   77, 0x0C, 0xCC, 0xBB, 0xCC, 0xDF, 0x04, 0x44, 0x43
    .byte   0x33, 0xFE, 0xDE, 0xDE, 0xFE, 0x12, 0x10, 0xFE, 0xED, 0xDD, 0xDE, 0xE1, 0x13, 0x23, 0x21, 0x2F
    .byte   0xDE, 0xED, 0xDE, 0xDE, 0xEE, 0x23, 0x25, 0x45,   31, 0x05, 0x54, 0x33, 0x1E, 0xED, 0xD0, 0xEE
    .byte   0x2F, 0xEE, 0xCC, 0xCB, 0xBC, 0xCD, 0xE2, 0x34, 0x44, 0x43, 0x20, 0xEE, 0xDD, 0xEF, 0xF2, 0x12
    .byte   0x2F, 0xEE, 0xDC, 0xED, 0xEF, 0xF2, 0x31, 0x32, 0x11,  -22, 0x0D, 0xED, 0xED, 0xDF, 0xEE, 0xEE
    .byte   0x22, 0x34, 0x45, 0x64, 0x55, 0x43, 0x1E, 0xED, 0xDF, 0xFE, 0x10, 0xEF, 0xCC, 0xCB, 0xBC, 0xBE
    .byte   0xE1, 0x34, 0x34, 0x43, 0x21, 0x1D, 0xEE, 0xEF, 0x01, 0x21,    4, 0x00, 0xEE, 0xDD, 0xED, 0xE1
    .byte   0x12, 0x23, 0x22, 0x1E, 0xED, 0xDD, 0xDE, 0xED, 0x0E, 0xEE, 0xE1, 0x22, 0x45, 0x46, 0x55, 0x63
    .byte   0x33, 0xEE, 0xDD, 0xEE, 0xE1, 0xFE, 0xED, 0xCC, 0xBB, 0xCB, 0xDE,  -64, 0x03, 0x34, 0x44, 0x33
    .byte   0x0F, 0xEE, 0xDF, 0xE1, 0x12, 0x21, 0x1E, 0xFD, 0xDD, 0xDD, 0xE1, 0x13, 0x23, 0x23, 0xFE, 0xDD
    .byte   0xDD, 0xDD, 0xEE, 0xFF, 0xEF, 0xEE, 0x22, 0x45, 0x55, 0x65, 0x63, 0x31,  126, 0x0F, 0xDD, 0xDE
    .byte   0xE0, 0x1E, 0xED, 0xCC, 0xBB, 0xBC, 0xCF, 0xF3, 0x43, 0x44, 0x33, 0x1E, 0xEE, 0xDF, 0xF0, 0x22
    .byte   0x22, 0x0E, 0xED, 0xCE, 0xDE, 0xE2, 0x23, 0x32, 0x3F, 0xFE, 0xDD, 0xDC, 0xED,  -70, 0x0F, 0xE1
    .byte   0x0E, 0xEE, 0xEF, 0x34, 0x55, 0x66, 0x55, 0x42, 0x10, 0xED, 0xDD, 0xEF, 0x12, 0xFE, 0xDB, 0xCB
    .byte   0xBB, 0xCC, 0xE2, 0x34, 0x44, 0x33, 0x2F, 0xED, 0xD0, 0xE2, 0x23, 0x23, 0x11, 0xED,   -6, 0x0D
    .byte   0xCE, 0xE0, 0x22, 0x33, 0x32, 0xFE, 0xDD, 0xDC, 0xED, 0xEE, 0xF1, 0xFF, 0xEE, 0xDD, 0x02, 0x35
    .byte   0x55, 0x66, 0x55, 0x32, 0x1D, 0xDD, 0xD1, 0x11, 0x3F, 0x1D, 0xCC, 0xBA, 0xCB, 0xCD, 0xE3,  -49
    .byte   0x04, 0x43, 0x42, 0xEF, 0xDD, 0xFE, 0x22, 0x33, 0x33, 0x1E, 0xDD, 0xCD, 0xDE, 0xF2, 0x33, 0x23
    .byte   0x2E, 0xED, 0xDC, 0xDD, 0xEE, 0xFF, 0x11, 0xFE, 0xED, 0xDD, 0xEE, 0x34, 0x55, 0x66, 0x55, 0x52
    .byte    126, 0x0E, 0xDE, 0xDE, 0x12, 0x22, 0x1D, 0xDC, 0xBB, 0xBB, 0xCC, 0xE1, 0x24, 0x34, 0x23, 0xEF
    .byte   0xEE, 0xE0, 0x23, 0x33, 0x33, 0x2E, 0xED, 0xCD, 0xDD, 0xFE, 0x23, 0x22, 0x21, 0xEE, 0xDD, 0xDE
    .byte   0xD1,  -52, 0x01, 0xFF, 0xFE, 0xEE, 0xDE, 0xDE, 0xFF, 0x34, 0x45, 0x56, 0x54, 0x53, 0x02, 0xEE
    .byte   0x0E, 0x11, 0x02, 0x0D, 0xDC, 0xCB, 0xBC, 0xCC, 0xF1, 0xF3, 0x22, 0x30, 0x00, 0xFF, 0x12, 0x23
    .byte   0x33, 0x31,   31, 0x0E, 0xFD, 0xDD, 0xDE, 0xEE, 0x22, 0x02, 0x00, 0xEE, 0xED, 0xEF, 0xEE, 0x1F
    .byte   0x0E, 0xFE, 0xED, 0xEE, 0xEE, 0xF0, 0x02, 0x43, 0x54, 0x55, 0x54, 0x42, 0x3F, 0xE2, 0xD1, 0x2F
    .byte   0x2F, 0xEE, 0xCC,   48, 0x0C, 0xBC, 0xCD, 0xE0, 0x12, 0x22, 0x20, 0x1F, 0x00, 0x22, 0x23, 0x33
    .byte   0x22, 0xF1, 0xDE, 0xED, 0xED, 0x11, 0x02, 0x01, 0x0E, 0xED, 0xEE, 0xDF, 0xE0, 0x00, 0xFF, 0xEE
    .byte   0xEE, 0xEE, 0x0E, 0xEF,  -80, 0x01, 0x33, 0x44, 0x55, 0x54, 0x43, 0x32, 0xE0, 0x0E, 0x21, 0x22
    .byte   0x10, 0xDC, 0xCC, 0xBC, 0xCC, 0xDF, 0x12, 0x22, 0x11, 0x0E, 0xFF, 0xF2, 0x13, 0x34, 0x23, 0x20
    .byte   0xFE, 0xDD, 0xDE, 0xEE, 0x10,  -10, 0x01, 0x00, 0xEE, 0xEE, 0xDE, 0xFE, 0x0F, 0x01, 0xFF, 0xEE
    .byte   0xEE, 0xFE, 0xFF, 0xEF, 0xF1, 0x33, 0x45, 0x45, 0x44, 0x51, 0x22, 0xE2, 0xE0, 0x31, 0x22, 0x0E
    .byte   0xDC, 0xCB, 0xCB, 0xDC, 0xEF, 0x02,  -26, 0x02, 0x1F, 0xFE, 0xE0, 0xF2, 0x33, 0x34, 0x32, 0x3E
    .byte   0xEE, 0xDD, 0xED, 0xFF, 0x01, 0x02, 0xE0, 0xED, 0xED, 0xEF, 0xE0, 0x11, 0x1F, 0x1E, 0xEE, 0xEE
    .byte   0xEE, 0x0E, 0xFF, 0x11, 0x33, 0x45, 0x45,   50, 0x04, 0x42, 0x22, 0xE2, 0xF1, 0x30, 0x30, 0xEE
    .byte   0xCC, 0xCB, 0xCB, 0xDD, 0xD2, 0x02, 0x21, 0x0F, 0xEE, 0xF0, 0x12, 0x33, 0x43, 0x33, 0x0F, 0xED
    .byte   0xDD, 0xEE, 0xE2, 0x02, 0x10, 0xFE, 0xED, 0xED,  -39, 0x0F, 0xF0, 0x11, 0x1F, 0xFE, 0xED, 0xFE
    .byte   0xEF, 0xFF, 0xFF, 0x11, 0x33, 0x44, 0x55, 0x44, 0x41, 0x3F, 0xF1, 0x02, 0x22, 0x3F, 0x2D, 0xDC
    .byte   0xBC, 0xBC, 0xCD, 0xE0, 0x22, 0x22, 0xFF, 0xED, 0x0E,  -33, 0x02, 0x33, 0x34, 0x32, 0x2E, 0xED
    .byte   0xED, 0xD1, 0xF1, 0x21, 0x20, 0xFE, 0xED, 0xDE, 0xEF, 0xF1, 0x11, 0x1E, 0xEE, 0xDE, 0xDF, 0xFE
    .byte   0x11, 0xF1, 0xF1, 0x33, 0x44, 0x55, 0x44, 0x43, 0x20, 0xE0,   85, 0x02, 0x22, 0x30, 0x0E, 0xCC
    .byte   0xBC, 0xBC, 0xDD, 0xE1, 0x22, 0x22, 0x1E, 0xEE, 0xEF, 0x13, 0x33, 0x43, 0x22, 0x0E, 0xDE, 0xDD
    .byte   0xFF, 0x12, 0x21, 0x1F, 0xEE, 0xDE, 0xEE, 0xE0, 0x11, 0x01, 0xEE,  -41, 0x0E, 0xDE, 0xEE, 0xF0
    .byte   0xFF, 0xFF, 0x02, 0x33, 0x54, 0x55, 0x44, 0x32, 0x2D, 0x11, 0xF3, 0x23, 0x2F, 0xFC, 0xCC, 0xBB
    .byte   0xCC, 0xD1, 0x12, 0x31, 0x1F, 0xEE, 0xDF, 0xE2, 0x33, 0x43, 0x33, 0x1F,   21, 0x0D, 0xED, 0xEF
    .byte   0x12, 0x22, 0x0F, 0xEE, 0xDD, 0xEE, 0xFF, 0x12, 0x11, 0xFE, 0xED, 0xDE, 0xDF, 0xEF, 0x10, 0xE0
    .byte   0xE0, 0x32, 0x45, 0x55, 0x44, 0x43, 0x10, 0xEF, 0xF2, 0x32, 0x31, 0x1D, 0xCC,   42, 0x0B, 0xCB
    .byte   0xEE, 0x02, 0x32, 0x1F, 0xEE, 0xDF, 0xF1, 0x33, 0x43, 0x32, 0x0F, 0xEE, 0xDE, 0xFF, 0x12, 0x20
    .byte   0x1E, 0xEE, 0xDE, 0xEE, 0x00, 0x2F, 0x0F, 0xEE, 0xDD, 0xED, 0xFF, 0xF0, 0xEF, 0xEE,  -82, 0x02
    .byte   0x34, 0x55, 0x55, 0x34, 0x3E, 0xFD, 0x10, 0x33, 0x34, 0xF1, 0xDB, 0xCA, 0xCB, 0xDD, 0x22, 0x33
    .byte   0x11, 0xED, 0xED, 0xE1, 0x33, 0x43, 0x33, 0x2E, 0xED, 0xDD, 0xF1, 0x12, 0x22, 0x1F, 0xEE,   -8
    .byte   0x0E, 0xD0, 0xF2, 0x22, 0x2E, 0xEE, 0xDD, 0xDD, 0xEF, 0xFF, 0x1D, 0xED, 0xEF, 0x34, 0x46, 0x55
    .byte   0x43, 0x4D, 0xFE, 0xE2, 0x33, 0x43, 0x1D, 0xDB, 0xBB, 0xBC, 0xC1, 0x23, 0x32, 0x2E, 0xED, 0xEE
    .byte    -29, 0x02, 0x44, 0x43, 0x22, 0xDD, 0xDC, 0xEE, 0x01, 0x22, 0x2F, 0xEE, 0xDE, 0xE1, 0x22, 0x32
    .byte   0x21, 0xEF, 0xDD, 0xDE, 0xEE, 0xDF, 0xDD, 0xDC, 0xEE, 0x15, 0x56, 0x56, 0x53, 0x20, 0xDE, 0x01
    .byte   0x33,   99, 0x02, 0xFC, 0xCB, 0xAC, 0xBD, 0x11, 0x33, 0x22, 0xE0, 0xE0, 0x23, 0x44, 0x34, 0x0F
    .byte   0xDD, 0xCC, 0xDE, 0x0F, 0x20, 0xFE, 0xDE, 0xEE, 0x23, 0x33, 0x42, 0x2E, 0xEE, 0xDE, 0x10, 0x10
    .byte   0x0E, 0xDC,  -48, 0x0C, 0xCC, 0xEE, 0x23, 0x45, 0x55, 0x54, 0x42, 0x23, 0xF2, 0x02, 0x2E, 0xED
    .byte   0xDB, 0xBD, 0xBE, 0xDE, 0x31, 0x22, 0x32, 0x21, 0x44, 0x34, 0x32, 0xFD, 0xDC, 0xDC, 0xCF, 0xDE
    .byte   0xFE, 0xEE, 0xE0,  -42, 0x02, 0x33, 0x44, 0x33, 0x32, 0xFF, 0xFE, 0xED, 0xDD, 0xCD, 0xDC, 0xED
    .byte   0x10, 0x0F, 0xFD, 0xDD, 0xDE, 0x13, 0x56, 0x66, 0x64, 0x3D, 0xC0, 0xCE, 0x12, 0x2D, 0xCB, 0xCA
    .byte   0xBE, 0xD3, 0x33, 0x53,   -8, 0x02, 0x31, 0x44, 0x45, 0x21, 0xFC, 0xBB, 0xBC, 0xDD, 0x12, 0xFD
    .byte   0xEE, 0x02, 0x35, 0x54, 0x44, 0x2E, 0xED, 0xDE, 0xEF, 0xED, 0xCC, 0xCC, 0xE0, 0x13, 0x34, 0x33
    .byte   0x23, 0x43, 0x32, 0x2F, 0xED,   26, 0x0D, 0xCD, 0xED, 0xDE, 0xEE, 0x11, 0x23, 0x32, 0x22, 0x21
    .byte   0xFE, 0xED, 0xCC, 0xBB, 0xBF, 0x77, 0x77, 0x72, 0x2A, 0xA2, 0xD3, 0x32, 0xEA, 0x99, 0xCB, 0x36
    .byte   0x57, 0x22, 0x2D, 0xE1, 0x55, 0x34,   77, 0x0D, 0xAA, 0xBC, 0xDF, 0x32, 0x2D, 0xE2, 0x24, 0x55
    .byte   0x54, 0x20, 0xCC, 0xCD, 0xEF, 0xFE, 0xDC, 0xCC, 0xF3, 0x34, 0x44, 0x32, 0xE1, 0x01, 0x32, 0x1E
    .byte   0xCD, 0xCC, 0xEF, 0x22, 0x32, 0x21, 0x13,   10, 0x03, 0x20, 0x0E, 0xEE, 0xEF, 0xEE, 0xDE, 0xEE
    .byte   0xF2, 0x22, 0x22, 0x21, 0x20, 0x21, 0xFF, 0xEE, 0xEE, 0xF1, 0x21, 0x22, 0x20, 0x01, 0xFF, 0xEF
    .byte   0xED, 0xED, 0x0F, 0x23, 0x23, 0x22, 0x22, 0x12,   25, 0x0F, 0xED, 0xDD, 0xDE, 0xE1, 0x22, 0x22
    .byte   0x22, 0x22, 0x33, 0x21, 0xFD, 0xDC, 0xD1, 0xFF, 0x01, 0x1D, 0xE2, 0x2F, 0x23, 0x11, 0xEE, 0x1F
    .byte   0x12, 0xFF, 0xDD, 0xDD, 0xF2, 0x56, 0x25, 0x1D, 0xEB,    8, 0x03, 0x2F, 0x21, 0xCC, 0xBE, 0x21
    .byte   0x45, 0x41, 0xDE, 0xEF, 0xE2, 0x52, 0xDD, 0xDB, 0xCD, 0x34, 0x12, 0x3E, 0xDF, 0x34, 0x33, 0x31
    .byte   0xDC, 0xCE, 0xEE, 0x31, 0x1E, 0xDE, 0xEF, 0x24, 0x33, 0x22,   21, 0x0E, 0xDF, 0xEF, 0xFE, 0xEE
    .byte   0xDE, 0xEF, 0x23, 0x33, 0x32, 0x0F, 0xEF, 0xF0, 0x0E, 0xEE, 0xED, 0xFF, 0x11, 0x13, 0x22, 0x33
    .byte   0x12, 0x11, 0xF0, 0xDF, 0xEE, 0xDE, 0xEE, 0x11, 0x22, 0x22, 0x11,    4, 0x0E, 0x20, 0xF0, 0x2F
    .byte   0xEE, 0x0E, 0xF0, 0x01, 0xEE, 0xFE, 0xEE, 0x23, 0xF3, 0xFF, 0xCC, 0xBB, 0x1F, 0x77, 0x76, 0x5E
    .byte   0xC9, 0x9D, 0x4F, 0xC4, 0x3A, 0x9B, 0x54, 0x56, 0x76, 0xCC, 0xCE, 0xCC,   27, 0x05, 0xDA, 0xBC
    .byte   0xBA, 0x35, 0x64, 0x44, 0x3C, 0xD4, 0x52, 0x20, 0xEB, 0xAB, 0xDE, 0xF4, 0x44, 0x21, 0x11, 0x22
    .byte   0x34, 0x20, 0xDC, 0xCB, 0xDE, 0xE2, 0x22, 0x11, 0x23, 0x33, 0x43, 0x3F, 0xDD,    8, 0x0C, 0xDE
    .byte   0x0E, 0xFF, 0x02, 0x23, 0x33, 0x32, 0x11, 0xFE, 0xED, 0xED, 0xDE, 0xE1, 0x22, 0x32, 0x31, 0x20
    .byte   0xFF, 0xF1, 0xEE, 0xEF, 0xEF, 0x02, 0x21, 0x22, 0x0F, 0xF0, 0xEF, 0xEF, 0xFF, 0xFF,   -9, 0x00
    .byte   0x21, 0x22, 0x12, 0x11, 0x1F, 0xEF, 0xEE, 0xEE, 0xEF, 0xF1, 0x22, 0x22, 0x22, 0x2F, 0x20, 0xE0
    .byte   0xEE, 0xE0, 0xF0, 0x1F, 0x02, 0x00, 0x12, 0x11, 0x1F, 0x0E, 0xE0, 0x1E, 0x00, 0x10, 0xFF,   -5
    .byte   0x0E, 0x11, 0x0E, 0x0F, 0xF0, 0xED, 0xFF, 0x0D, 0xCD, 0xCC, 0xCE, 0x67, 0x77, 0x73, 0x0F, 0xF8
    .byte   0x8D, 0xDD, 0xC5, 0xF9, 0xB0, 0x55, 0x77, 0x75, 0xEC, 0xCA, 0xAC, 0x33, 0xCA, 0xDB, 0xAC, 0x27
    .byte    -32, 0x06, 0x76, 0x4B, 0xCD, 0xDD, 0xE2, 0xEB, 0xAA, 0xBC, 0xE5, 0x66, 0x64, 0x3E, 0xDE, 0xE0
    .byte   0x2E, 0xDB, 0xBB, 0xBD, 0x24, 0x55, 0x44, 0x0E, 0x2E, 0x23, 0x12, 0xF0, 0xDD, 0x0E, 0xFF, 0x02
    .byte   0x22,   16, 0x0F, 0xE1, 0x12, 0x23, 0x3E, 0xDD, 0xDE, 0xCE, 0x21, 0x1F, 0x11, 0xFE, 0x13, 0x21
    .byte   0xEE, 0xDC, 0xDD, 0xFF, 0x21, 0x01, 0xED, 0xEC, 0xDD, 0x27, 0x77, 0x74, 0x22, 0xC8, 0x8B, 0x40
    .byte   0xD6, 0x4A,  -71, 0x0E, 0x55, 0x57, 0x75, 0xDA, 0xCC, 0xBB, 0x15, 0xFB, 0xCC, 0xCB, 0xF5, 0x76
    .byte   0x35, 0x2C, 0xCC, 0x12, 0xDD, 0xDD, 0xBA, 0xD0, 0x30, 0x04, 0x30, 0xCE, 0x33, 0xEF, 0xDC, 0xBC
    .byte   0x57, 0x77, 0x74,  125, 0x0F, 0xA8, 0x8D, 0x1D, 0x56, 0xD9, 0xB4, 0x45, 0x77, 0x71, 0xCB, 0xBA
    .byte   0xBE, 0x54, 0xFC, 0xBB, 0xAC, 0x26, 0x66, 0x44, 0x3B, 0xBD, 0x22, 0x2F, 0x1C, 0xBB, 0xCF, 0xF3
    .byte   0x34, 0x2F, 0xEE, 0xFE,  -46, 0x0D, 0x1E, 0xDC, 0xEF, 0xDD, 0x24, 0x77, 0x77, 0x41, 0xFF, 0xB8
    .byte   0x9A, 0xD1, 0x53, 0x1D, 0xE1, 0x45, 0x66, 0x52, 0xCC, 0xBB, 0xC2, 0x3F, 0xDD, 0xCB, 0xCE, 0x25
    .byte   0x54, 0x43, 0x0D, 0xEE, 0xEE,   11, 0x0E, 0xED, 0xCD, 0xDD, 0xE2, 0x20, 0xEF, 0xF1, 0xE0, 0x30
    .byte   0xDD, 0xCC, 0xBE, 0x24, 0x65, 0x77, 0x74, 0x21, 0x1E, 0xAA, 0xBB, 0xB0, 0x23, 0xDF, 0x43, 0x53
    .byte   0x54, 0x3F, 0xDE, 0xCD, 0xCD, 0x1D,    1, 0x0C, 0xDC, 0xDE, 0x35, 0x34, 0x43, 0x2E, 0x2F, 0xFD
    .byte   0xED, 0xCD, 0xCC, 0xEF, 0x01, 0x21, 0xED, 0xEE, 0xF2, 0x33, 0xFE, 0xCC, 0xBC, 0x04, 0x56, 0x56
    .byte   0x75, 0x53, 0x20, 0xFC, 0xBB, 0xBA, 0xD2,  -10, 0x02, 0xF4, 0x23, 0x43, 0x40, 0x3E, 0xDE, 0xDD
    .byte   0xDE, 0xDD, 0xDC, 0xCD, 0xF1, 0x33, 0x44, 0x33, 0x22, 0x1F, 0xED, 0xDD, 0xDD, 0xCD, 0xDF, 0xE1
    .byte   0x02, 0xEE, 0xFE, 0xEF, 0x10, 0xEF, 0xEE, 0xEE,  -86, 0x03, 0x34, 0x46, 0x66, 0x64, 0x11, 0x1C
    .byte   0xBB, 0xBB, 0xD3, 0xD1, 0xE2, 0x30, 0x43, 0x5F, 0x13, 0xCF, 0xCE, 0xED, 0xFD, 0x1C, 0xCD, 0xC1
    .byte   0xE3, 0x34, 0x43, 0x33, 0x32, 0xEE, 0xDC, 0xCD, 0xCE,  -39, 0x0F, 0xFE, 0xDD, 0xDE, 0x10, 0x23
    .byte   0x0D, 0x10, 0xDE, 0x02, 0x2F, 0x24, 0x34, 0x46, 0x66, 0x53, 0xFF, 0xEB, 0xBC, 0xBC, 0x31, 0x2C
    .byte   0x22, 0xF2, 0xF5, 0x22, 0xFF, 0x2C, 0xDD, 0xED, 0xEF, 0xEE,  -14, 0x0D, 0xD0, 0x10, 0x43, 0x33
    .byte   0x22, 0x2E, 0xEF, 0x0D, 0xDD, 0xDD, 0xDE, 0xEF, 0xDE, 0xE0, 0x1F, 0x02, 0x1E, 0xDE, 0xEE, 0x03
    .byte   0x33, 0x32, 0x32, 0x34, 0x56, 0x56, 0x31, 0x1E, 0xBC, 0xBC, 0xEF,   33, 0x0E, 0xEE, 0x2E, 0x11
    .byte   0x33, 0x22, 0x02, 0xDD, 0xDD, 0xDD, 0xEF, 0xF0, 0xEE, 0xEE, 0xF1, 0x33, 0x32, 0x12, 0xE0, 0x10
    .byte   0xFE, 0xDC, 0xDC, 0xDF, 0xF1, 0x11, 0xE0, 0x10, 0xE1, 0xFE, 0xEE, 0xFF,  -70, 0x02, 0x33, 0x22
    .byte   0x13, 0x44, 0x56, 0x45, 0x42, 0xED, 0xCC, 0xCD, 0xCE, 0xFD, 0x1E, 0x11, 0x12, 0x12, 0xF0, 0x2F
    .byte   0xEE, 0xEE, 0xED, 0x00, 0xE0, 0xE1, 0xDD, 0xE0, 0x32, 0x32, 0x3E, 0xFF, 0xEF,   -2, 0x0D, 0xDE
    .byte   0xDD, 0x02, 0x21, 0xED, 0xDD, 0xEF, 0x10, 0x2E, 0x01, 0x02, 0x11, 0x22, 0x32, 0x33, 0x34, 0x55
    .byte   0x45, 0x33, 0x2C, 0xDC, 0xDC, 0xD0, 0xFE, 0xE1, 0x0E, 0x01, 0xFE, 0x01, 0x01, 0xF1,   24, 0x0E
    .byte   0xEE, 0x0E, 0xEF, 0xEF, 0xEE, 0xF1, 0x22, 0x11, 0xFE, 0xFF, 0xFF, 0xFF, 0xFD, 0xEE, 0xE1, 0x11
    .byte   0xED, 0xED, 0xD0, 0x10, 0x32, 0x20, 0x01, 0xDE, 0x12, 0x23, 0x23, 0x21, 0x12, 0x44, 0x54,   76
    .byte   0x04, 0x2E, 0xDD, 0xDD, 0xE0, 0xEF, 0xEE, 0xEE, 0xFE, 0xF1, 0x1E, 0x10, 0xE1, 0x1F, 0xFF, 0xEE
    .byte   0xFE, 0xEE, 0x1E, 0xEF, 0xFF, 0x01, 0x12, 0x11, 0x01, 0x0E, 0xFF, 0xEF, 0xEE, 0x0F, 0xE0, 0xEE
    .byte    -35, 0x0F, 0x02, 0xF0, 0xEE, 0x0F, 0x02, 0xE0, 0x2E, 0x3F, 0xF3, 0x2F, 0x12, 0x12, 0x34, 0x34
    .byte   0x33, 0x11, 0xED, 0xF1, 0x10, 0x0E, 0x00, 0xE1, 0xF1, 0xEE, 0xEE, 0x0E, 0xEF, 0x11, 0x10, 0x0E
    .byte   0xEE,   -2, 0x0E, 0x01, 0xEF, 0x20, 0x20, 0xE2, 0xFF, 0x00, 0xDD, 0x23, 0x00, 0xD1, 0x4E, 0x1D
    .byte   0xED, 0xF2, 0xE0, 0x2E, 0xE3, 0x2E, 0xEE, 0xE1, 0x11, 0x22, 0xEF, 0x2F, 0x12, 0x23, 0x0E, 0xE2
    .byte   0x33, 0x33,   26, 0x0F, 0xEE, 0x23, 0x22, 0x2F, 0xE0, 0xE1, 0x11, 0x2D, 0xEE, 0xEE, 0xF0, 0x2F
    .byte   0xFE, 0xF2, 0x1D, 0xE0, 0xE1, 0xE2, 0x30, 0xCE, 0x2E, 0x4E, 0xDF, 0x2E, 0x04, 0xBE, 0x3E, 0x32
    .byte   0xCE, 0x4E, 0x12,   -7, 0x0D, 0xE2, 0x3E, 0xEE, 0xE1, 0x23, 0x01, 0xDD, 0x10, 0x23, 0xEE, 0x4E
    .byte   0xDF, 0x3F, 0x03, 0xD3, 0x1E, 0xF2, 0x11, 0x32, 0x11, 0xE0, 0x22, 0x21, 0x1E, 0x2E, 0xE3, 0xF1
    .byte   0x2D, 0x1E, 0xE0, 0x23,   22, 0x0D, 0x2E, 0xD1, 0x12, 0x2E, 0xD0, 0xF1, 0xF1, 0xED, 0x01, 0x31
    .byte   0xE2, 0xED, 0xFE, 0x32, 0xFE, 0xEF, 0x22, 0xF0, 0xED, 0x23, 0x0E, 0xF2, 0x12, 0x0E, 0xD0, 0x21
    .byte   0x3F, 0xE2, 0xED, 0x30, 0x01,  -10, 0x01, 0x22, 0xE1, 0xFE, 0x30, 0xD3, 0x20, 0x2E, 0xE2, 0x3F
    .byte   0xE0, 0xF1, 0x21, 0x2E, 0x2F, 0xFF, 0xF3, 0x0F, 0xFE, 0xE1, 0x12, 0xF1, 0x0E, 0x1F, 0xDE, 0x12
    .byte   0x2D, 0xF0, 0xF2, 0xEE, 0x2E, 0xEE,   -8, 0x00, 0xE0, 0xFD, 0x40, 0xE0, 0xEE, 0xF3, 0xF1, 0x1E
    .byte   0xF2, 0x11, 0x0E, 0x21, 0x20, 0xFE, 0x0F, 0x30, 0xED, 0x02, 0x22, 0x00, 0xEF, 0xF2, 0x1F, 0x10
    .byte   0x1F, 0xE3, 0x1F, 0x1F, 0x0E, 0xF3, 0x22,   14, 0x0E, 0xE1, 0x21, 0x11, 0x1E, 0x02, 0x00, 0xE1
    .byte   0x11, 0xFE, 0xFF, 0x02, 0xFF, 0xFF, 0xEF, 0x2E, 0x11, 0xEE, 0x0E, 0xE2, 0x2F, 0xE1, 0x01, 0xEE
    .byte   0x22, 0x0E, 0xEF, 0x20, 0x20, 0x0F, 0x03, 0xE2,   -2, 0x0E, 0xF1, 0x11, 0x2F, 0xF1, 0x1F, 0xF0
    .byte   0x10, 0x20, 0xE2, 0x1E, 0x21, 0xF0, 0xF1, 0x01, 0x00, 0x11, 0x10, 0xF1, 0x1F, 0x10, 0x1F, 0xE0
    .byte   0x12, 0x0F, 0xFE, 0x20, 0x10, 0xE0, 0xE1, 0x0F, 0x00,   -1, 0x00, 0x0F, 0xFF, 0xF0, 0xF1, 0x0F
    .byte   0xFF, 0xFF, 0x00, 0x10, 0xFF, 0x0F, 0x1F, 0x2F, 0xF0, 0xF1, 0x11, 0x01, 0xF1, 0x00, 0x10, 0x00
    .byte   0x11, 0x10, 0x11, 0x01, 0x01, 0x01, 0x0F, 0x1F, 0x02, 0x11,    8, 0x01, 0x20, 0x11, 0x0F, 0x0E
    .byte   0x01, 0x20, 0x01, 0x11, 0x2F, 0xF2, 0x0D, 0xDE, 0xE2, 0x02, 0xFE, 0xFF, 0xF1, 0x0E, 0x01, 0xEE
    .byte   0xE1, 0x22, 0x1E, 0xF0, 0x00, 0x21, 0xFE, 0xF2, 0x22, 0x0E, 0x12,    3, 0x0F, 0xEE, 0xF2, 0x21
    .byte   0x0E, 0xEE, 0x01, 0x12, 0x21, 0x00, 0xEE, 0x0F, 0x22, 0x20, 0xF0, 0x02, 0x21, 0x10, 0xF0, 0xF0
    .byte   0x0F, 0x0F, 0x02, 0x0F, 0xF1, 0x11, 0x0E, 0x0F, 0x11, 0x1F, 0xFF, 0xE0,    6, 0x01, 0x0F, 0x0E
    .byte   0xF0, 0xE0, 0xEF, 0xE0, 0xE0, 0xEE, 0xFE, 0x0E, 0x0E, 0xEF, 0xEF, 0xEF, 0xEF, 0xF0, 0xFE, 0xF0
    .byte   0x23, 0x44, 0x43, 0x32, 0x34, 0x23, 0x33, 0x33, 0x23, 0x11, 0x1F, 0xFE, 0xED,   84, 0x0D, 0xED
    .byte   0xDD, 0xCE, 0xDE, 0xED, 0xDE, 0xEE, 0xEE, 0xEE, 0xFE, 0xFF, 0xEF, 0x01, 0x21, 0x2F, 0xF1, 0x11
    .byte   0x1F, 0xFE, 0xEE, 0xEE, 0xEE, 0xEE, 0xED, 0xED, 0x0F, 0x23, 0x44, 0x44, 0x33, 0x43,   37, 0x04
    .byte   0x54, 0x34, 0x22, 0x00, 0x00, 0x00, 0x00, 0xDD, 0xDD, 0xDD, 0xCD, 0xCD, 0xDC, 0xDE, 0xDD, 0xDE
    .byte   0xDE, 0xFE, 0x11, 0x11, 0x12, 0x22, 0x22, 0x22, 0x12, 0x12, 0x0F, 0xEE, 0xED, 0xDE, 0xDE,  -76
    .byte   0x0D, 0xDD, 0xCD, 0x00, 0x23, 0x45, 0x44, 0x32, 0x44, 0x55, 0x55, 0x24, 0x20, 0x00, 0x00, 0x00
    .byte   0x0F, 0xFD, 0xDD, 0xDC, 0xCD, 0xCD, 0xDC, 0xDD, 0xED, 0xDD, 0xDE, 0xE1, 0xFF, 0x20, 0x12, 0x31
    .byte    -46, 0x02, 0x22, 0x22, 0x22, 0x21, 0xFE, 0xED, 0xED, 0xED, 0xDD, 0xDC, 0xDC, 0xFF, 0xF1, 0x45
    .byte   0x44, 0x41, 0x34, 0x55, 0x55, 0x43, 0x32, 0x10, 0x00, 0x00, 0x00, 0x0E, 0xDD, 0xDD, 0xCC, 0xDC
    .byte   0xDD,    3, 0x0D, 0xDC, 0xDD, 0xDE, 0xD0, 0xF0, 0x11, 0x02, 0x32, 0x32, 0x22, 0x22, 0x32, 0x22
    .byte   0x1E, 0xFD, 0xDD, 0xDD, 0xDD, 0xEC, 0xCC, 0xEF, 0xF0, 0x10, 0x55, 0x34, 0x32, 0x45, 0x56, 0x54
    .byte   0x24, 0x11,  127, 0x00, 0x00, 0x00, 0x00, 0xFE, 0xDD, 0xCC, 0xCD, 0xCD, 0xCE, 0xDC, 0xDD, 0xDD
    .byte   0xDE, 0xFF, 0xEE, 0x00, 0x13, 0x33, 0x32, 0x22, 0x32, 0x33, 0x31, 0xFF, 0xEE, 0xDD, 0xDD, 0xDC
    .byte   0xCD, 0xCC, 0xEE, -128, 0x00, 0x01, 0x55, 0x43, 0x31, 0x45, 0x65, 0x54, 0x33, 0x22, 0x00, 0x00
    .byte   0x00, 0x00, 0x0E, 0xDD, 0xCD, 0xCC, 0xDC, 0xDD, 0xCD, 0xDD, 0xCD, 0xDE, 0xD1, 0xF0, 0x02, 0x12
    .byte   0x33, 0x23, 0x23, 0x33,   -8, 0x03, 0x22, 0x10, 0xFE, 0xED, 0xCD, 0xDC, 0xDC, 0xCD, 0xCE, 0x1F
    .byte   0x1F, 0x45, 0x44, 0x32, 0x35, 0x56, 0x54, 0x33, 0x32, 0x11, 0x00, 0x00, 0x00, 0xF1, 0xDD, 0xDC
    .byte   0xDC, 0xCD, 0xCD, 0xDC, 0xDD,  -50, 0x0D, 0xDD, 0xEF, 0xFF, 0x01, 0x02, 0x32, 0x33, 0x32, 0x33
    .byte   0x31, 0x32, 0x11, 0xFE, 0xED, 0xDD, 0xCD, 0xCD, 0xCD, 0xCD, 0x1F, 0x01, 0x34, 0x54, 0x33, 0x34
    .byte   0x56, 0x55, 0x32, 0x42, 0x10, 0x00,  127, 0x00, 0x00, 0x00, 0xDD, 0xDC, 0xDC, 0xDC, 0xDD, 0xCD
    .byte   0xDC, 0xDD, 0xDD, 0xED, 0x1F, 0xF2, 0x12, 0x23, 0x23, 0x23, 0x32, 0x33, 0x22, 0x2F, 0x0E, 0xED
    .byte   0xDD, 0xDC, 0xDC, 0xDC, 0xCE, 0xE1, 0xF0, -122, 0x04, 0x53, 0x42, 0x34, 0x55, 0x64, 0x43, 0x43
    .byte   0x11, 0x00, 0x00, 0x00, 0x00, 0xED, 0xDC, 0xDC, 0xDC, 0xDD, 0xCC, 0xDD, 0xCD, 0xDD, 0xDF, 0xE0
    .byte   0xF1, 0x21, 0x23, 0x32, 0x33, 0x23, 0x32, 0x32,    4, 0x01, 0x0F, 0xDD, 0xDD, 0xDD, 0xDC, 0xDC
    .byte   0xCD, 0xFF, 0xF0, 0x04, 0x54, 0x33, 0x24, 0x55, 0x55, 0x53, 0x43, 0x10, 0x00, 0x00, 0x00, 0x00
    .byte   0x0D, 0xDD, 0xCD, 0xDC, 0xDC, 0xCC, 0xDC, 0xDD, 0xDE,  -73, 0x0E, 0xEF, 0xF1, 0x22, 0x22, 0x22
    .byte   0x33, 0x32, 0x33, 0x32, 0x02, 0xFF, 0xDD, 0xDD, 0xDD, 0xDD, 0xDC, 0xCC, 0xEF, 0x00, 0x04, 0x53
    .byte   0x43, 0x14, 0x55, 0x55, 0x53, 0x52, 0x00, 0x00, 0x00, 0x00,  127, 0x00, 0xFC, 0xDD, 0xDC, 0xDD
    .byte   0xDC, 0xCC, 0xCD, 0xDD, 0xDD, 0xED, 0xFE, 0x12, 0x02, 0x23, 0x23, 0x32, 0x33, 0x23, 0x33, 0x11
    .byte   0xFE, 0xED, 0xDD, 0xCD, 0xDD, 0xEC, 0xCC, 0xD0, 0x1F, 0x13, 0x55,  -59, 0x03, 0x23, 0x45, 0x56
    .byte   0x53, 0x43, 0x11, 0x10, 0x00, 0x00, 0x0F, 0xFC, 0xDD, 0xDD, 0xCD, 0xDD, 0xDC, 0xCD, 0xCD, 0xDD
    .byte   0xED, 0xE0, 0xF2, 0xF3, 0x03, 0x22, 0x31, 0x32, 0x33, 0x32, 0x3E, 0xED,  -14, 0x0D, 0xDD, 0xDD
    .byte   0xDC, 0xDC, 0xDF, 0xEE, 0x22, 0x44, 0x53, 0x43, 0x33, 0x55, 0x45, 0x44, 0x32, 0x10, 0x00, 0x00
    .byte   0x0F, 0xFD, 0xDD, 0xCD, 0xCD, 0xDD, 0xDD, 0xDD, 0xDD, 0xFD, 0xEE, 0xDF, 0xDE,  -69, 0x02, 0x22
    .byte   0x32, 0x22, 0x22, 0x23, 0x12, 0x1E, 0xEC, 0xCC, 0xCD, 0xDE, 0xCD, 0x1F, 0x01, 0x14, 0x46, 0x77
    .byte   0x76, 0x1F, 0xC9, 0xBD, 0x35, 0x23, 0xFC, 0xD2, 0x55, 0x43, 0xDC, 0xBB, 0xE1, 0x1C,   18, 0x0C
    .byte   0xBB, 0xE4, 0x32, 0x10, 0xEC, 0xE2, 0x43, 0x32, 0x1D, 0xE1, 0x44, 0x32, 0x1E, 0xDD, 0xFE, 0xED
    .byte   0xEB, 0xBB, 0xDD, 0xDE, 0xEE, 0xF0, 0x00, 0x01, 0x35, 0x34, 0x77, 0x76, 0x31, 0xE8, 0x8D,    2
    .byte   0x06, 0x64, 0x2E, 0xDD, 0x55, 0x20, 0x0B, 0xAA, 0xC3, 0x2C, 0xBC, 0xCD, 0x05, 0x53, 0xDC, 0xDD
    .byte   0xDE, 0x54, 0xFF, 0x32, 0x13, 0x43, 0x2D, 0xDE, 0xDE, 0xE2, 0x1D, 0xCC, 0xCC, 0xCD, 0xDC, 0xD0
    .byte   -128, 0x00, 0x00, 0x01, 0x25, 0x53, 0x57, 0x77, 0x41, 0xD9, 0x8B, 0x56, 0x65, 0x32, 0xCD, 0x35
    .byte   0x21, 0xDB, 0xBA, 0xC2, 0x1D, 0xBB, 0xED, 0xF4, 0x53, 0xCC, 0xDE, 0xEF, 0x54, 0x3E, 0xF4, 0x33
    .byte   0x33,   49, 0x0D, 0xC0, 0xDD, 0xEF, 0xDC, 0xCF, 0x2E, 0x1D, 0xAB, 0xCF, 0xF0, 0x00, 0x01, 0x25
    .byte   0x53, 0x54, 0x77, 0x71, 0x1E, 0x88, 0xC5, 0x66, 0x44, 0xEC, 0xE4, 0x51, 0x0D, 0xBB, 0xAD, 0x2D
    .byte   0xBB, 0xDE,  -48, 0x05, 0x43, 0xFC, 0xCD, 0xFF, 0x33, 0x1F, 0x24, 0x45, 0x33, 0x20, 0xBC, 0xDD
    .byte   0xEE, 0xDD, 0xDE, 0x13, 0x2C, 0xBB, 0xAF, 0x00, 0x01, 0xF0, 0x03, 0x56, 0x50, 0x67, 0x75, 0x10
    .byte   0xA8, 0x90, 0x66,   81, 0x04, 0x4D, 0xCE, 0x54, 0xFD, 0xCB, 0xBB, 0xEE, 0xCB, 0xCE, 0x23, 0x45
    .byte   0x0C, 0xCD, 0xFD, 0xF4, 0x2E, 0x23, 0x54, 0x44, 0x2D, 0xBB, 0x1E, 0xD1, 0xED, 0xDD, 0x32, 0x1D
    .byte   0xBB, 0xAD, 0x00, 0x00, -128, 0x00, 0x12, 0x56, 0x50, 0x47, 0x77, 0x01, 0xC8, 0x8C, 0x57, 0x65
    .byte   0x3E, 0xCD, 0x45, 0x2E, 0xCC, 0xBB, 0xC0, 0xDB, 0xBE, 0xE2, 0x45, 0x5C, 0xBC, 0xCE, 0xF3, 0x32
    .byte   0xF1, 0x45, 0x45, 0x31, 0xBC,   10, 0x0D, 0xEE, 0x10, 0xCD, 0xF0, 0x12, 0xEB, 0xAA, 0x00, 0x00
    .byte   0x00, 0x00, 0x46, 0x53, 0x34, 0x77, 0x63, 0x1B, 0x88, 0xD6, 0x76, 0x53, 0xDB, 0xD4, 0x53, 0x0C
    .byte   0xBB, 0xAD, 0x1E, 0xBC, 0xDD, 0x24,    3, 0x04, 0xDC, 0xBC, 0xD1, 0x44, 0x3E, 0x23, 0x44, 0x44
    .byte   0xDD, 0xCE, 0xCD, 0xEE, 0xDD, 0x12, 0xFF, 0xFC, 0xBB, 0xCC, 0xF0, 0xF0, 0x11, 0x45, 0x52, 0x23
    .byte   0x77, 0x74, 0x2E, 0x98, 0x94, 0x77, 0x54,  117, 0x0C, 0xCE, 0x54, 0x1D, 0xCC, 0xAB, 0xEF, 0xDB
    .byte   0xDF, 0xD2, 0x44, 0x3C, 0xCD, 0xDC, 0xF4, 0x43, 0x24, 0x44, 0x33, 0x2D, 0xBC, 0xDD, 0x03, 0x0E
    .byte   0xDD, 0xE0, 0xED, 0xCC, 0xBB, 0xE0, 0x01, 0x01, -114, 0x02, 0x45, 0x4E, 0x57, 0x77, 0x3F, 0xD8
    .byte   0x8C, 0x67, 0x64, 0x3E, 0xBC, 0x26, 0x4E, 0xDC, 0xB9, 0xC3, 0xEC, 0xDE, 0xCD, 0x24, 0x4F, 0xDD
    .byte   0xCD, 0xD3, 0x44, 0x24, 0x42, 0x34, 0x2E, 0xCC, 0xCC,  -15, 0x02, 0x32, 0xED, 0xDC, 0xEF, 0x0C
    .byte   0xBB, 0xCE, 0x0F, 0x02, 0x3F, 0x25, 0x42, 0x47, 0x77, 0x52, 0xEA, 0x89, 0xF7, 0x66, 0x52, 0xCB
    .byte   0xE4, 0x53, 0xEE, 0xBA, 0xBD, 0xDD, 0xDF, 0xCD, 0x12, 0x43,   -1, 0x0D, 0xCB, 0xD0, 0x34, 0x44
    .byte   0x32, 0x23, 0x42, 0xFD, 0xDB, 0xCD, 0x32, 0x22, 0xFD, 0xCF, 0xFC, 0xBC, 0xBD, 0xE0, 0x01, 0xF3
    .byte   0x43, 0x24, 0x34, 0x77, 0x75, 0x2E, 0x98, 0x92, 0x77, 0x65, 0x1C,   84, 0x0D, 0x45, 0x31, 0xDB
    .byte   0xAA, 0xC3, 0x1D, 0xFD, 0xCC, 0x04, 0x4F, 0xDD, 0xCB, 0xE4, 0x55, 0x33, 0x2E, 0x13, 0x43, 0xCC
    .byte   0xCC, 0xC1, 0x42, 0xFE, 0x2E, 0xDD, 0xDB, 0xAB, 0xF0, 0x00, 0x12, 0x2F, -112, 0x05, 0x34, 0x57
    .byte   0x77, 0x41, 0xF9, 0x99, 0x26, 0x66, 0x43, 0xDB, 0xE4, 0x52, 0xEC, 0xBA, 0xBF, 0x2F, 0xDC, 0xDC
    .byte   0xC3, 0x54, 0xEC, 0xCC, 0xD0, 0x45, 0x41, 0x23, 0x23, 0x45, 0xDB, 0xCB, 0xCD,  -24, 0x04, 0x3F
    .byte   0xED, 0xEC, 0xDD, 0xCB, 0xBD, 0xFF, 0x00, 0x03, 0x31, 0x35, 0x43, 0x67, 0x76, 0x21, 0xB8, 0x9D
    .byte   0x57, 0x63, 0x3F, 0xCD, 0x45, 0x20, 0xBB, 0xBB, 0xD3, 0x1D, 0xCC, 0xCE, 0x14, 0x41,  -11, 0x0C
    .byte   0xCD, 0xE2, 0x54, 0x32, 0x33, 0x42, 0x22, 0xCB, 0xCD, 0x11, 0x33, 0x2D, 0xDE, 0x0D, 0xBC, 0xBB
    .byte   0xDF, 0xF0, 0x0F, 0x10, 0x13, 0x56, 0x32, 0x67, 0x76, 0x00, 0xA9, 0x90, 0x56, 0x54, 0x2F,   86
    .byte   0x00, 0x54, 0x0E, 0xBB, 0xAC, 0xE4, 0x3B, 0xBB, 0xCE, 0x45, 0x5C, 0xCB, 0xC1, 0x24, 0x53, 0xE1
    .byte   0x34, 0x53, 0x2E, 0xBC, 0xCE, 0x02, 0x22, 0x2F, 0xDD, 0xCD, 0xCE, 0xCB, 0xBE, 0x1F, 0x01, 0x03
    .byte   -119, 0x01, 0x44, 0x46, 0x56, 0x77, 0x11, 0xBA, 0xAC, 0x15, 0x52, 0x22, 0x43, 0x43, 0x00, 0xAA
    .byte   0xCC, 0x12, 0x3E, 0xCB, 0xCE, 0x11, 0x22, 0xDD, 0xDF, 0x43, 0x23, 0x22, 0x13, 0x43, 0x1E, 0xFC
    .byte   0xDD,   -3, 0x01, 0x02, 0x10, 0xED, 0xDC, 0xDC, 0xCC, 0xDC, 0xDF, 0xF0, 0x1F, 0x12, 0x44, 0x54
    .byte   0x46, 0x77, 0x51, 0xEA, 0xBA, 0x14, 0x42, 0xE1, 0x44, 0x44, 0x2F, 0xD9, 0xCD, 0xE1, 0xFF, 0xBB
    .byte   0xCF, 0x20,  -21, 0x02, 0xCD, 0xE2, 0x43, 0xF1, 0xF2, 0x23, 0x44, 0x2F, 0xDD, 0xDE, 0xF2, 0xFE
    .byte   0xEF, 0x1E, 0xDE, 0xCC, 0xCC, 0xCD, 0xDD, 0x11, 0xFF, 0xF0, 0x35, 0x44, 0x54, 0x67, 0x73, 0x2D
    .byte   0xBC, 0xB1, 0x31,   52, 0x0D, 0x34, 0x55, 0x30, 0x0B, 0xBF, 0xDE, 0xCC, 0xCB, 0xDE, 0x02, 0xED
    .byte   0x0D, 0xD2, 0x34, 0xFE, 0x21, 0x32, 0x33, 0x2E, 0x12, 0xF0, 0xEF, 0x0D, 0xF0, 0x1F, 0xDD, 0xDD
    .byte   0xCC, 0xDC, 0xCD, 0x12, -115, 0x0E, 0xD1, 0x02, 0x55, 0x44, 0x45, 0x67, 0x44, 0xFC, 0xDD, 0xF3
    .byte   0xDC, 0xDE, 0x34, 0x53, 0x1E, 0xCD, 0x00, 0xDB, 0xCB, 0xDD, 0xE1, 0xEC, 0xDE, 0x12, 0x31, 0x1F
    .byte   0x02, 0x43, 0x12, 0x12, 0x20,   24, 0x0F, 0xDE, 0xD1, 0x11, 0x0E, 0xED, 0xDF, 0xDD, 0xDC, 0xDE
    .byte   0xDD, 0xEE, 0xEF, 0xEE, 0x21, 0x34, 0x44, 0x53, 0x66, 0x45, 0x3D, 0x30, 0xF3, 0xDC, 0xCD, 0x23
    .byte   0x32, 0x1D, 0xCE, 0x23, 0xED, 0xCC,   17, 0x0E, 0x00, 0xDC, 0xDD, 0xF1, 0xE0, 0x1D, 0xF2, 0x33
    .byte   0x2E, 0x22, 0x22, 0x33, 0x0E, 0xF0, 0x11, 0xE1, 0xEE, 0xEE, 0xFE, 0xDE, 0xED, 0xEE, 0xEE, 0xEE
    .byte   0xE0, 0xE0, 0x10, 0x12, 0x03, 0x22, 0x33,  -17, 0x03, 0x33, 0x34, 0x33, 0x43, 0x22, 0x22, 0x21
    .byte   0x1E, 0xED, 0xDE, 0xDD, 0xDD, 0xED, 0xEE, 0xDE, 0xFE, 0xEE, 0xFE, 0xF0, 0xEF, 0xEF, 0x0F, 0xE1
    .byte   0x10, 0x10, 0x22, 0x22, 0x21, 0x22, 0x11, 0x2F,    1, 0x01, 0xF0, 0x0F, 0xEE, 0xFF, 0xEE, 0xEE
    .byte   0xFE, 0xEF, 0xF0, 0xEF, 0x00, 0x11, 0x21, 0x22, 0x22, 0x23, 0x13, 0x22, 0x33, 0x23, 0x12, 0x31
    .byte   0x22, 0x1F, 0x0E, 0xFE, 0xEE, 0xEE, 0xDF, 0xEE, 0xD0,   10, 0x0E, 0xEE, 0xFE, 0xEF, 0xFE, 0xFE
    .byte   0xFF, 0x0F, 0x10, 0x01, 0x02, 0x01, 0x21, 0x12, 0x02, 0x10, 0x11, 0xF0, 0x00, 0x0F, 0xF0, 0xEF
    .byte   0x0E, 0x0F, 0xEF, 0xEF, 0xFF, 0xFF, 0xFF, 0x11, 0x10, 0x22,  -18, 0x02, 0x22, 0x22, 0x22, 0x23
    .byte   0x12, 0x22, 0x12, 0x11, 0x11, 0xFF, 0x0E, 0xFF, 0xEE, 0xFE, 0xEF, 0xEE, 0xE0, 0xEE, 0xFE, 0x0E
    .byte   0x0E, 0xFF, 0xFF, 0x0F, 0x00, 0x11, 0x01, 0x11, 0x02, 0x00, 0x20,   -4, 0x00, 0x10, 0x10, 0x00
    .byte   0x0F, 0x0F, 0xFF, 0xF0, 0xE0, 0xFF, 0xFF, 0xFF, 0xFF, 0x1F, 0x10, 0x10, 0x00, 0x20, 0x12, 0x02
    .byte   0x21, 0x21, 0x22, 0x12, 0x12, 0x02, 0x11, 0x10, 0x00, 0xF0, 0x0E, 0x0E,   22, 0x0F, 0xEF, 0xFE
    .byte   0xFF, 0xEF, 0xFE, 0xFF, 0xFF, 0xFF, 0xF0, 0xFF, 0x0F, 0x01, 0x0F, 0x01, 0x10, 0x10, 0x10, 0x10
    .byte   0x1F, 0x11, 0xF0, 0xF0, 0x00, 0xF0, 0xF0, 0xF0, 0xFF, 0x00, 0xF1, 0x0F, 0x01,  -11, 0x00, 0x01
    .byte   0x10, 0x10, 0x11, 0x11, 0x11, 0x02, 0x11, 0x02, 0x11, 0x11, 0x11, 0x11, 0x01, 0x10, 0x01, 0xF0
    .byte   0x0F, 0xFF, 0xFF, 0xFF, 0xF0, 0xFF, 0xFF, 0xFF, 0xFF, 0xFF, 0x0F, 0xFF, 0xF0, 0x0F,   -6, 0x01
    .byte   0x0F, 0x00, 0x00, 0x1F, 0x10, 0xF1, 0x00, 0xF1, 0x00, 0x00, 0x00, 0xF0, 0x01, 0xFF, 0x1F, 0xF0
    .byte   0x00, 0x00, 0x00, 0x01, 0x00, 0x11, 0xF1, 0x00, 0x11, 0x10, 0x10, 0x11, 0x01, 0x10, 0x10,    5
    .byte   0x01, 0x00, 0x10, 0x10, 0x00, 0x1F, 0x00, 0x01, 0xF0, 0x0F, 0x1F, 0x00, 0xF0, 0xFF, 0x1F, 0x00
    .byte   0xFF, 0x00, 0xFF, 0x1F, 0x0F, 0x00, 0xF0, 0x0F, 0x00, 0x00, 0xF0, 0x00, 0x10, 0xF1, 0xF1, 0xF0
    .byte     -4, 0x00, 0x1F, 0x00, 0x10, 0x0F, 0x01, 0xF1, 0x00, 0x00, 0x00, 0x01, 0x00, 0x1F, 0x11, 0x0F
    .byte   0x01, 0x00, 0x01, 0x0F, 0x10, 0x10, 0x00, 0x10, 0xF1, 0x00, 0x1F, 0x01, 0x00, 0x00, 0x0F, 0x11
    .byte   0xF0,    4, 0x00, 0xF0, 0x00, 0xF1, 0x0F, 0xF1, 0xF0, 0xF0, 0x0F, 0xF1, 0xF0, 0x00, 0x0F, 0x00
    .byte   0x10, 0x00, 0x00, 0x00, 0x10, 0x01, 0xF0, 0x00, 0x10, 0xF0, 0x01, 0xF1, 0xF1, 0x0F, 0x00, 0x00
    .byte   0x00, 0x00,   -1, 0x00, 0x00, 0x0F, 0x10, 0xF1, 0x0F, 0x10, 0x00, 0x00, 0x01, 0x00, 0xF1, 0x1F
    .byte   0x01, 0xF0, 0x01, 0x0F, 0x00, 0x00, 0x00, 0x00, 0x00, 0x00, 0xF1, 0x01, 0xF0, 0x00, 0x10, 0x0F
    .byte   0x01, 0x00, 0x0F,    1, 0x00, 0xF0, 0x00, 0x11, 0x01, 0x0F, 0x0F, 0x00, 0xF0, 0x00, 0x10, 0xFF
    .byte   0x01, 0x01, 0x00, 0xEE, 0x12, 0x22, 0x2E, 0xEE, 0xDF, 0x01, 0x25, 0x14, 0xEA, 0xCC, 0x57, 0x2C
    .byte   0x98, 0xC6, 0x77, 0x75,   78, 0x08, 0x99, 0xB6, 0x77, 0x75, 0xB9, 0x99, 0xC3, 0x77, 0x73, 0xDA
    .byte   0xAA, 0xC3, 0x56, 0x52, 0xCB, 0xCC, 0x24, 0x45, 0x3D, 0xCC, 0xBD, 0x24, 0x54, 0x3D, 0xBC, 0xD2
    .byte   0x45, 0x4D, 0xCC, 0xC1, 0x33,   13, 0x01, 0xED, 0xDE, 0x12, 0x32, 0x1F, 0xEE, 0xE1, 0x21, 0x01
    .byte   0x10, 0x10, 0xEF, 0x01, 0x21, 0x0F, 0xEF, 0xF2, 0x11, 0x0E, 0x00, 0xF2, 0x00, 0xFF, 0xF1, 0x10
    .byte   0x02, 0x10, 0x0E, 0xEF, 0x12, 0x21,    4, 0x0E, 0xEE, 0x12, 0x23, 0x0E, 0xDE, 0xE1, 0x32, 0x2F
    .byte   0xEE, 0xD0, 0x12, 0x22, 0x1E, 0xEE, 0x02, 0x22, 0x22, 0xEE, 0xDE, 0xF2, 0x23, 0xFE, 0xE0, 0x0F
    .byte   0xF0, 0x22, 0x1F, 0xEE, 0x10, 0x22, 0x02,    6, 0x0D, 0xF0, 0x12, 0x21, 0x0F, 0xE1, 0x00, 0x1F
    .byte   0x20, 0x02, 0xEE, 0x01, 0xF0, 0x12, 0xEE, 0x00, 0x11, 0x1F, 0xF1, 0x1E, 0x0E, 0x12, 0x02, 0x1E
    .byte   0xFE, 0xE2, 0x02, 0x0E, 0xEE, 0x22, 0xE1, 0xF2,   -5, 0x00, 0x0F, 0xEF, 0x12, 0x21, 0xFF, 0x00
    .byte   0xF0, 0x02, 0x21, 0xEF, 0xE2, 0x21, 0x22, 0xFE, 0xE1, 0x12, 0x22, 0xEE, 0x0E, 0x12, 0x02, 0x10
    .byte   0xEE, 0xD2, 0x02, 0x2F, 0x0F, 0xDE, 0xE1, 0x22, 0x1E,   -3, 0x0F, 0xEE, 0xF2, 0xF1, 0x10, 0xFE
    .byte   0xE1, 0x22, 0xEE, 0xF1, 0x02, 0x10, 0xE1, 0x20, 0xFF, 0x01, 0x12, 0x2E, 0xEF, 0x22, 0x3F, 0xE0
    .byte   0x02, 0xF3, 0x2F, 0xF1, 0xE2, 0x02, 0x2F, 0x12, 0xEE, 0xEF,   16, 0x01, 0x20, 0xED, 0xF1, 0x10
    .byte   0x11, 0xDE, 0xF2, 0x1E, 0xF1, 0x0E, 0x0E, 0x01, 0xFF, 0x2F, 0xEF, 0xFF, 0x21, 0x1F, 0xEF, 0x10
    .byte   0x00, 0xF0, 0x12, 0xEF, 0x21, 0x10, 0xFE, 0x12, 0x1F, 0xF2, 0xFF,  -10, 0x02, 0x32, 0xEF, 0xF2
    .byte   0x20, 0x20, 0x0E, 0x22, 0x11, 0x12, 0x1F, 0xEE, 0x01, 0x11, 0x11, 0x0D, 0xE0, 0x2E, 0x12, 0xFE
    .byte   0xEE, 0xF1, 0x12, 0xEE, 0xEF, 0xF1, 0x10, 0x02, 0xE1, 0x0F, 0xE1, 0x0F,   -8, 0x0F, 0xF0, 0x01
    .byte   0xE1, 0x2E, 0xFE, 0x20, 0xE0, 0x12, 0xE0, 0x2F, 0x01, 0x02, 0xF1, 0x1E, 0x10, 0x12, 0x22, 0x2E
    .byte   0x01, 0x10, 0x21, 0x11, 0x02, 0x02, 0x21, 0xFF, 0xEF, 0x00, 0x1F, 0x01, 0xEE,   12, 0x01, 0xE1
    .byte   0x1E, 0x1E, 0xE2, 0xFE, 0xFF, 0x00, 0xF1, 0x2E, 0xEF, 0x11, 0x0E, 0x21, 0xE0, 0x11, 0x11, 0xEE
    .byte   0x20, 0xE2, 0xE1, 0x00, 0xF2, 0x0E, 0x01, 0xE2, 0xF0, 0x1F, 0x2E, 0x21, 0xFF, 0x02,  -11, 0x0F
    .byte   0x23, 0x02, 0x0F, 0x10, 0xF0, 0x30, 0xF0, 0x12, 0x02, 0x10, 0xFF, 0xFF, 0x11, 0x0E, 0x0F, 0xF0
    .byte   0xF0, 0x0F, 0xFE, 0x0E, 0x10, 0xF0, 0xEE, 0x2E, 0x01, 0x0F, 0xFF, 0x01, 0xF0, 0xE2, 0xF0,   -7
    .byte   0x0E, 0x2F, 0xF1, 0x0F, 0x0F, 0x1F, 0xF0, 0x02, 0xE0, 0x00, 0x1F, 0xF2, 0xFF, 0x01, 0x1F, 0x01
    .byte   0x01, 0xF0, 0x21, 0x21, 0x11, 0x11, 0x01, 0xF2, 0x2F, 0xF2, 0x01, 0x1F, 0x1F, 0x00, 0xFF, 0x0F
    .byte     12, 0x01, 0x00, 0xE0, 0xF0, 0x2E, 0xEF, 0x0E, 0x0F, 0x2F, 0xFE, 0xF0, 0x01, 0xF0, 0x2E, 0xD3
    .byte   0x0E, 0x00, 0x20, 0xE0, 0x10, 0x0F, 0x20, 0xEF, 0x02, 0xE1, 0x0E, 0x11, 0x2F, 0xFF, 0xF1, 0x0F
    .byte   0x02,   -5, 0x00, 0xE0, 0x12, 0x02, 0x11, 0x1E, 0x22, 0x10, 0x11, 0x02, 0x0F, 0x12, 0x0F, 0x0F
    .byte   0x10, 0x0F, 0x0E, 0x11, 0x01, 0xD1, 0x21, 0xFE, 0xF0, 0xEE, 0x00, 0xF0, 0xFF, 0x1F, 0x0F, 0x0F
    .byte   0x01, 0x00,   -7, 0x0F, 0x01, 0x1E, 0x02, 0x0F, 0xF1, 0xF0, 0xFF, 0x1E, 0x02, 0x1F, 0xFF, 0xF1
    .byte   0x2F, 0xFE, 0x11, 0x20, 0xF0, 0x1F, 0x22, 0x10, 0xF0, 0x20, 0x20, 0x00, 0x11, 0x20, 0x01, 0x2E
    .byte   0x10, 0x20, 0xFE,   14, 0x0F, 0xF1, 0x01, 0x11, 0xED, 0xF2, 0x2F, 0xFE, 0xEE, 0x01, 0x2E, 0x0F
    .byte   0xF2, 0xEE, 0xF1, 0x2F, 0xEF, 0x2F, 0xF1, 0x2E, 0xF0, 0x1F, 0xF2, 0xEF, 0x11, 0x10, 0xE1, 0xE2
    .byte   0x2D, 0x21, 0x01, 0x10,   -9, 0x00, 0x00, 0x20, 0x01, 0x02, 0x21, 0xF0, 0x02, 0x21, 0x10, 0x0F
    .byte   0x22, 0x1E, 0xF1, 0x21, 0xE0, 0xFE, 0x3D, 0x1E, 0xE2, 0x0E, 0x20, 0xD1, 0x1E, 0xE0, 0x11, 0xE2
    .byte   0xFF, 0xEE, 0x12, 0x2F, 0xEE,  -13, 0x02, 0x2F, 0xEE, 0x21, 0xF1, 0x3D, 0xEE, 0xE3, 0xEF, 0x02
    .byte   0xD2, 0x0F, 0x2E, 0x12, 0x0E, 0xFE, 0x23, 0x32, 0x11, 0xE2, 0x12, 0x22, 0xF2, 0xF2, 0x01, 0x01
    .byte   0x20, 0x1D, 0xF0, 0x0F, 0xFF, 0xEE,   14, 0x03, 0xEE, 0xEE, 0xE0, 0x1F, 0x0E, 0xFE, 0xE1, 0x01
    .byte   0x20, 0x00, 0xEE, 0xFF, 0x22, 0xF0, 0xE1, 0x02, 0x0E, 0xFE, 0xFE, 0xFE, 0xFE, 0xFF, 0x10, 0x11
    .byte   0xE0, 0x10, 0xEF, 0x02, 0x34, 0x43, 0x31,   31, 0x01, 0x12, 0x22, 0xFE, 0xED, 0x00, 0x12, 0x21
    .byte   0xDD, 0xD0, 0x21, 0x21, 0xEE, 0xEF, 0x22, 0x2E, 0xFE, 0xED, 0xF1, 0x21, 0x0E, 0xE0, 0x11, 0x0F
    .byte   0xE1, 0xF0, 0x1F, 0x0F, 0xFE, 0xE0, 0xEE, 0xDE,  -47, 0x0E, 0xDE, 0xFF, 0xE1, 0x03, 0x20, 0x02
    .byte   0x34, 0x66, 0x54, 0x2F, 0xED, 0xD2, 0x2D, 0xCB, 0xBE, 0xE2, 0x43, 0x1D, 0xCE, 0x24, 0x44, 0x3F
    .byte   0xDC, 0xE2, 0x2E, 0xDE, 0xCC, 0xCE, 0x23, 0x32, 0x01,   -7, 0x02, 0x33, 0x31, 0xED, 0xEE, 0xFE
    .byte   0xED, 0xDC, 0xCD, 0xCD, 0xEE, 0xEE, 0xEF, 0x03, 0x34, 0x3F, 0x12, 0x67, 0x77, 0x21, 0x1F, 0xDC
    .byte   0xCD, 0xD9, 0xAB, 0xC4, 0x44, 0x63, 0x1C, 0x04, 0x56, 0x12,   90, 0x0A, 0xBC, 0xF2, 0xDC, 0xCB
    .byte   0xCD, 0x34, 0x64, 0x32, 0x32, 0x34, 0x30, 0xDB, 0xCB, 0xEE, 0x0E, 0xDD, 0xDE, 0xE0, 0xED, 0xDC
    .byte   0xEF, 0xE1, 0xF1, 0x12, 0x33, 0x34, 0x67, 0x77, 0x11, 0x0F, 0xCB,   60, 0x0C, 0xDA, 0x9B, 0xF5
    .byte   0x65, 0x65, 0xDC, 0xF4, 0x55, 0xFC, 0xAA, 0x9E, 0x43, 0xDC, 0xBD, 0x13, 0x56, 0x53, 0xD2, 0x22
    .byte   0x32, 0x1D, 0xBB, 0xCD, 0x12, 0x21, 0xDC, 0xE2, 0x2E, 0xDC, 0xD0, 0xD1,  -82, 0x0D, 0xBD, 0xF0
    .byte   0x52, 0x34, 0x57, 0x77, 0x51, 0x10, 0xEB, 0xAA, 0xCC, 0xAA, 0xC5, 0x66, 0x67, 0x4E, 0xCD, 0x44
    .byte   0xFB, 0xBA, 0xAA, 0xE3, 0x4E, 0xDF, 0x22, 0x55, 0x54, 0xEE, 0x20, 0xDE, 0xED,   10, 0x0B, 0xCE
    .byte   0x30, 0x23, 0x0F, 0xDE, 0x21, 0xDC, 0xCD, 0xDE, 0xDE, 0xEC, 0xDF, 0x14, 0x53, 0x45, 0x66, 0x76
    .byte   0x21, 0x1E, 0xAA, 0xAC, 0xCB, 0xBD, 0x37, 0x76, 0x64, 0x2B, 0xCD, 0x30, 0xAB, 0xAA,  -72, 0x0E
    .byte   0x45, 0x4F, 0xE3, 0x33, 0x54, 0x3D, 0xCF, 0x1E, 0x00, 0xEC, 0xCC, 0x24, 0x22, 0x10, 0xD1, 0xFE
    .byte   0xED, 0xCC, 0xCC, 0xED, 0xDE, 0xDE, 0x11, 0x25, 0x54, 0x55, 0x45, 0x76, 0x21, 0x0C, 0xAA,   -5
    .byte   0x0C, 0x1E, 0xAE, 0x57, 0x77, 0x41, 0x0B, 0xAC, 0x2D, 0xBA, 0xCB, 0xC3, 0x56, 0x40, 0xD2, 0x1F
    .byte   0x44, 0x2C, 0xCE, 0x32, 0x21, 0x1C, 0xBD, 0x34, 0x2F, 0x1F, 0xDE, 0xE2, 0xEC, 0xCC, 0xCD, 0xDD
    .byte   -104, 0x0C, 0xEE, 0x01, 0x13, 0x66, 0x34, 0x54, 0x57, 0x52, 0x0D, 0x9B, 0xBB, 0xE2, 0xEC, 0x15
    .byte   0x77, 0x52, 0x0E, 0xAB, 0xBF, 0xCC, 0xBC, 0xCF, 0x45, 0x52, 0xFF, 0x03, 0x13, 0xED, 0xDC, 0x33
    .byte   0x21,   17, 0x0E, 0xDE, 0xE3, 0x2F, 0xD2, 0xED, 0x0E, 0x1D, 0xCD, 0xDD, 0xCD, 0xDD, 0xCE, 0x02
    .byte   0x31, 0x45, 0x63, 0x44, 0x53, 0x57, 0x32, 0xDA, 0xBB, 0xBC, 0x33, 0xCE, 0x36, 0x75, 0x42, 0xFA
    .byte   0xAB, 0xCF,    0, 0x0C, 0xDC, 0xC3, 0x55, 0x40, 0xF2, 0x2E, 0x20, 0xED, 0xDD, 0x33, 0x11, 0x0E
    .byte   0xED, 0xF2, 0x2E, 0xE0, 0xE0, 0x10, 0xDC, 0xCD, 0xDC, 0xED, 0xDC, 0xE1, 0x31, 0x33, 0x54, 0x43
    .byte   0x45, 0x43, 0x67,  127, 0x0F, 0xBA, 0xCB, 0xBE, 0x30, 0xDF, 0x56, 0x65, 0x31, 0xCA, 0xAC, 0xCE
    .byte   0xCD, 0xDD, 0x12, 0x45, 0x33, 0x12, 0xFE, 0xED, 0xEE, 0xEF, 0x33, 0xE2, 0x0D, 0x0D, 0x0E, 0xEF
    .byte   0x20, 0x12, 0xEF, 0xCC,  -50, 0x0D, 0xDD, 0xDD, 0xCD, 0xF3, 0x13, 0x24, 0x43, 0x45, 0x53, 0x35
    .byte   0x66, 0x10, 0xBB, 0xBB, 0xBF, 0x3E, 0xC2, 0x56, 0x65, 0x31, 0xD9, 0xAC, 0xDD, 0xDC, 0xDC, 0x14
    .byte   0x55, 0x41, 0xEE, 0xE1, 0x2E,   12, 0x0D, 0xD1, 0x22, 0x33, 0xED, 0xEF, 0xFE, 0xDF, 0x00, 0xE2
    .byte   0x1E, 0xCC, 0xDD, 0xDD, 0xDE, 0xE0, 0xD0, 0x33, 0x32, 0x34, 0x52, 0x34, 0x54, 0x67, 0x00, 0xAB
    .byte   0xCB, 0xCE, 0x4C, 0xD3, 0x46, 0x55,  122, 0x0F, 0xCA, 0xBB, 0xDC, 0xDD, 0xEE, 0xE3, 0x44, 0x42
    .byte   0x01, 0xEE, 0xFD, 0xEE, 0xF2, 0x32, 0xEF, 0xFE, 0xEE, 0xEE, 0xED, 0x12, 0x21, 0x21, 0xDB, 0xCE
    .byte   0xDD, 0xFF, 0xDC, 0xE0, 0x33, 0x44, 0x1D,  -68, 0x04, 0x55, 0x55, 0x57, 0x2F, 0xDB, 0xDA, 0xBC
    .byte   0xFF, 0xD3, 0x46, 0x54, 0x43, 0xEA, 0xBB, 0xBD, 0xC0, 0xD0, 0xF1, 0x33, 0x43, 0x22, 0xED, 0xE1
    .byte   0xD0, 0xF2, 0x22, 0x32, 0x1D, 0xDE, 0xDE, 0xD0,  -16, 0x02, 0x01, 0xFE, 0xED, 0xCD, 0xCC, 0xED
    .byte   0xE2, 0x10, 0xF3, 0x3E, 0x03, 0x53, 0x44, 0x45, 0x57, 0x42, 0xFA, 0xDA, 0xCC, 0x31, 0xB0, 0x26
    .byte   0x65, 0x52, 0xEA, 0xAB, 0xC2, 0xCF, 0xDC, 0xED, 0x45,   19, 0x02, 0xEF, 0xDE, 0xE2, 0x2E, 0xEE
    .byte   0x22, 0x23, 0x2E, 0xDC, 0xEE, 0xD0, 0x12, 0x21, 0x22, 0xEC, 0xCC, 0xDC, 0xDE, 0xFE, 0x12, 0x32
    .byte   0xE2, 0x12, 0x34, 0x43, 0x54, 0x56, 0x72, 0x0C, 0xAC, 0xAD,   13, 0x03, 0xCE, 0x24, 0x55, 0x64
    .byte   0x1B, 0xBB, 0xBC, 0xDD, 0xFC, 0xDE, 0x43, 0x44, 0x32, 0xDD, 0xE2, 0x1D, 0x1E, 0x11, 0xE3, 0x2F
    .byte   0xDE, 0xED, 0xEE, 0x32, 0x32, 0xFD, 0xEE, 0xCC, 0xBD, 0x01, 0x1D,  -93, 0x0D, 0x10, 0x24, 0x3E
    .byte   0xF3, 0x44, 0x45, 0x64, 0x56, 0xEE, 0xCC, 0xCB, 0xCD, 0x3D, 0xD4, 0x35, 0x45, 0x43, 0xBB, 0xBB
    .byte   0xDD, 0xF2, 0xCC, 0xE2, 0x33, 0x44, 0x2E, 0xC1, 0x30, 0xD0, 0x00, 0xFE,    8, 0x02, 0xFD, 0xEF
    .byte   0xEE, 0xF2, 0x20, 0x2E, 0xDE, 0xDD, 0xDC, 0xCD, 0xEE, 0x20, 0x23, 0xDE, 0xED, 0x14, 0x46, 0x32
    .byte   0x05, 0x56, 0x73, 0xFD, 0xAB, 0xBD, 0x12, 0xEC, 0x23, 0x55, 0x55, 0x3C, 0xBA,   30, 0x0B, 0x1E
    .byte   0x0E, 0xCD, 0xE3, 0x34, 0x23, 0xED, 0xF0, 0x21, 0xF1, 0x1E, 0xE1, 0x32, 0xD1, 0xEE, 0xCE, 0x33
    .byte   0x11, 0x20, 0xEC, 0xDD, 0xCC, 0xD0, 0xDF, 0xF1, 0x1D, 0x12, 0xEF, 0x24, 0x44, 0x35,    5, 0x04
    .byte   0x47, 0x62, 0xEB, 0xCB, 0xBC, 0x23, 0xDD, 0xE4, 0x45, 0x65, 0xFB, 0xBA, 0xBD, 0xF3, 0xED, 0xCD
    .byte   0xD3, 0x44, 0x4F, 0xED, 0xD2, 0x23, 0x2F, 0xED, 0xEF, 0x23, 0xFE, 0xED, 0xDD, 0x24, 0x21,    1
    .byte   0x0E, 0xDC, 0xDE, 0xDC, 0xDD, 0xEE, 0xE3, 0x3E, 0xDE, 0x22, 0x34, 0x44, 0x21, 0x56, 0x47, 0x51
    .byte   0xCB, 0xBC, 0xBE, 0x1E, 0xEF, 0x33, 0x56, 0x44, 0xDC, 0xBA, 0xBE, 0xE0, 0x2C, 0xDF, 0xF3, 0x34
    .byte     18, 0x0E, 0xDE, 0xE2, 0x33, 0xF0, 0xFD, 0xDF, 0x22, 0xFE, 0xDD, 0xD1, 0x33, 0x40, 0xFD, 0xCC
    .byte   0xED, 0xDE, 0xCD, 0xDF, 0x12, 0x33, 0x0C, 0xD1, 0x34, 0x45, 0x42, 0x15, 0x56, 0x63, 0x2B, 0xBB
    .byte   0xBE,   22, 0x0F, 0xEE, 0x12, 0x45, 0x55, 0x1C, 0xCA, 0xBC, 0x12, 0x1E, 0xCD, 0xDF, 0x44, 0x4F
    .byte   0xFD, 0xDF, 0x24, 0x22, 0x0D, 0xCD, 0x23, 0x4E, 0xED, 0xCD, 0xF4, 0x34, 0xEE, 0xDC, 0xDD, 0xDD
    .byte   0xDC, 0xDD,  -98, 0x02, 0x33, 0xFE, 0xDD, 0x34, 0x44, 0x43, 0x35, 0x44, 0x75, 0xFD, 0xBC, 0xBC
    .byte   0xD3, 0xDE, 0xE2, 0x34, 0x55, 0x4D, 0xCC, 0xBB, 0xD0, 0x1E, 0xDD, 0xDD, 0x13, 0x43, 0x30, 0xDE
    .byte   0xE0, 0x33, 0x3F,   15, 0x0D, 0xEE, 0x13, 0xEF, 0xDD, 0xFE, 0x33, 0x30, 0xEE, 0xCD, 0xCD, 0xCD
    .byte   0xDF, 0xF0, 0xF1, 0x1E, 0x0E, 0x32, 0x24, 0x44, 0x34, 0x45, 0x45, 0x61, 0xEC, 0xBD, 0xA0, 0xEF
    .byte   0x0E, 0x3E, 0x44, 0x54,   94, 0x0D, 0xCB, 0xBD, 0xE2, 0xFD, 0xDD, 0xCF, 0x34, 0x33, 0x0F, 0xDE
    .byte   0x23, 0x32, 0x1E, 0xED, 0xD2, 0x22, 0xFD, 0xED, 0x12, 0x23, 0x22, 0xDD, 0xDD, 0xED, 0xDC, 0xCD
    .byte   0xEF, 0x23, 0x10, 0xDD, 0x23,  -67, 0x04, 0x54, 0x31, 0x25, 0x46, 0x62, 0x1B, 0xBB, 0xB2, 0x00
    .byte   0x02, 0xEF, 0x24, 0x54, 0x2E, 0xCB, 0xBD, 0xE2, 0x2E, 0xEC, 0xBF, 0xF4, 0x33, 0x3F, 0xED, 0x12
    .byte   0x33, 0x4F, 0xDC, 0xDE, 0x11, 0x32,    3, 0x0D, 0xDE, 0x03, 0x33, 0xED, 0xDD, 0xCC, 0xEE, 0xED
    .byte   0xDE, 0xEE, 0x01, 0x21, 0x33, 0x44, 0x33, 0x42, 0x44, 0x57, 0x42, 0xFB, 0xCA, 0xCF, 0xE0, 0x21
    .byte   0xFF, 0x33, 0x43, 0x30, 0xDB, 0xCC, 0xD1,    7, 0x02, 0xED, 0xCE, 0xD1, 0x23, 0x41, 0x2F, 0xEF
    .byte   0x23, 0x32, 0xFE, 0xDD, 0xEE, 0xF2, 0xFF, 0xEE, 0x2F, 0x22, 0x2F, 0xDD, 0xCD, 0xCD, 0xFE, 0xEE
    .byte   0x0D, 0xEE, 0x22, 0x23, 0x43, 0x33, 0x44, 0x25,   45, 0x05, 0x62, 0x4C, 0xCB, 0xBD, 0xEF, 0x02
    .byte   0x0F, 0x02, 0x33, 0x33, 0xED, 0xCC, 0xDD, 0xE0, 0x1F, 0xDE, 0xCD, 0xEF, 0x42, 0x42, 0x10, 0xE1
    .byte   0x22, 0x32, 0x1D, 0xDD, 0xEE, 0x02, 0x22, 0xE1, 0xFF,   -5, 0x0E, 0x0E, 0xDD, 0xDD, 0xDE, 0xED
    .byte   0xED, 0xF0, 0x02, 0x03, 0x22, 0x33, 0x43, 0x44, 0x44, 0x56, 0x23, 0xDD, 0xCB, 0xCE, 0xD2, 0x22
    .byte   0x01, 0xF3, 0xF2, 0x32, 0xED, 0xDD, 0xCD, 0x11, 0xEF, 0xDE,  -19, 0x0D, 0xF1, 0x32, 0x32, 0x22
    .byte   0x01, 0x02, 0x12, 0xEE, 0xED, 0xEF, 0x01, 0x12, 0xF1, 0xEF, 0x0E, 0xEE, 0xED, 0xDD, 0xDE, 0xEE
    .byte   0xEF, 0xFE, 0x1F, 0x13, 0x23, 0x24, 0x33, 0x44, 0x53, 0x64, 0x40,  102, 0x0D, 0xBC, 0xDD, 0xE1
    .byte   0x22, 0x0E, 0x2F, 0xE3, 0x20, 0x0E, 0xED, 0xDD, 0xEE, 0xEF, 0xEE, 0xDE, 0xEE, 0x22, 0x32, 0x32
    .byte   0x2F, 0x2F, 0xF1, 0x00, 0x0E, 0xEE, 0xEE, 0xF1, 0x12, 0x10, 0xEE, 0xDD,  -37, 0x0D, 0xEE, 0xEE
    .byte   0xEE, 0xEE, 0xEF, 0xF1, 0x21, 0x43, 0x33, 0x34, 0x34, 0x46, 0x54, 0x4D, 0xEC, 0xBC, 0xCD, 0x12
    .byte   0x22, 0xFF, 0xFD, 0xF2, 0x22, 0xF2, 0xED, 0xDE, 0xDD, 0xEF, 0x1D, 0x1E, 0xEE,  -28, 0x02, 0x13
    .byte   0x32, 0x32, 0x2F, 0x0F, 0xE0, 0xEF, 0xEE, 0xFE, 0xF0, 0x01, 0x2F, 0xEE, 0xDD, 0xDD, 0xEE, 0xEF
    .byte   0xFE, 0xFE, 0xEE, 0xE0, 0x23, 0x33, 0x33, 0x23, 0x44, 0x55, 0x54, 0x4E, 0xEC, 0xBD,   43, 0x0E
    .byte   0xEF, 0x00, 0xF1, 0xEE, 0x10, 0x12, 0x02, 0xEF, 0xEE, 0xDE, 0xEE, 0xED, 0x1E, 0xEE, 0xF0, 0x12
    .byte   0x33, 0x23, 0x20, 0x0E, 0x0E, 0xFF, 0x1E, 0xEE, 0xEE, 0xFF, 0xF0, 0xFF, 0xDD, 0xDD, 0xEE,  -62
    .byte   0x01, 0x20, 0xEE, 0xDE, 0xE0, 0x23, 0x34, 0x32, 0x32, 0x44, 0x55, 0x55, 0x21, 0xDB, 0xDB, 0xDD
    .byte   0x01, 0x10, 0x1F, 0xDE, 0x0E, 0xF2, 0x22, 0x11, 0xEE, 0xDE, 0xDE, 0xFE, 0xFF, 0xEE, 0xEF, 0x01
    .byte    -15, 0x03, 0x33, 0x22, 0xFF, 0xEE, 0xEF, 0x1F, 0x00, 0xEE, 0xEE, 0xEE, 0xD1, 0xED, 0xEE, 0xEE
    .byte   0xF1, 0xFF, 0xFE, 0xDE, 0xE1, 0x23, 0x33, 0x32, 0x32, 0x34, 0x55, 0x55, 0x33, 0xDC, 0xCC, 0xCD
    .byte   0xE1,   40, 0x01, 0x0F, 0xDD, 0xED, 0x10, 0x23, 0x22, 0x1E, 0xDE, 0xDD, 0xFF, 0x0F, 0xFF, 0xEE
    .byte   0xEE, 0x22, 0x33, 0x32, 0x20, 0xEE, 0xEF, 0xF0, 0x1F, 0x1D, 0xFD, 0xDE, 0xD0, 0xEE, 0xEE, 0xFE
    .byte   0xE0, 0xEF,  -68, 0x0F, 0xE1, 0x20, 0x22, 0x22, 0x12, 0x33, 0x45, 0x55, 0x54, 0x32, 0xDC, 0xCC
    .byte   0xDD, 0x1F, 0x12, 0xEE, 0xDD, 0xDE, 0xE1, 0x23, 0x32, 0x1E, 0xED, 0xED, 0xEF, 0x00, 0xFF, 0xED
    .byte   0xFE, 0xF2, 0x33,    6, 0x02, 0x22, 0xFE, 0xF0, 0x10, 0x21, 0xEE, 0xDE, 0xDD, 0xDE, 0xD0, 0xE0
    .byte   0xEE, 0xFE, 0xEE, 0xE1, 0x11, 0x22, 0x12, 0x02, 0x02, 0x24, 0x45, 0x64, 0x54, 0x2F, 0xDD, 0xCD
    .byte   0xCE, 0x0F, 0x01, 0xDE,   23, 0x0D, 0xDE, 0xE1, 0x32, 0x32, 0x0F, 0xEE, 0xDE, 0xFF, 0x0E, 0x1E
    .byte   0xEE, 0xEF, 0x12, 0x23, 0x23, 0x01, 0x11, 0xF1, 0x02, 0x00, 0xEE, 0xED, 0xDD, 0xDD, 0xEE, 0xEF
    .byte   0xFE, 0xFF, 0xEF, 0xE0, 0x02,  -62, 0x02, 0x02, 0x01, 0x12, 0x34, 0x55, 0x55, 0x43, 0x1E, 0xDD
    .byte   0xCE, 0xEF, 0xFE, 0x0F, 0xDD, 0xCE, 0xDD, 0x01, 0x32, 0x22, 0x1F, 0xEE, 0xEF, 0x0F, 0x0F, 0xE0
    .byte   0xDF, 0xEF, 0x12, 0x22, 0x31, 0x20,   10, 0x01, 0x01, 0x21, 0x1F, 0xFE, 0xDE, 0xDD, 0xED, 0xED
    .byte   0xEF, 0xEF, 0xE0, 0xE0, 0xE1, 0x11, 0x10, 0x11, 0x01, 0x23, 0x44, 0x55, 0x54, 0x43, 0xEE, 0xDD
    .byte   0xED, 0xE0, 0xE0, 0xED, 0xDD, 0xDC, 0xEE,   -9, 0x02, 0x22, 0x22, 0x0F, 0x0F, 0x0F, 0x10, 0xFE
    .byte   0xEE, 0xEE, 0xFF, 0x11, 0x21, 0x21, 0x10, 0x21, 0x22, 0x22, 0x2E, 0xFE, 0xEE, 0xDE, 0xED, 0xED
    .byte   0xED, 0xDF, 0xEE, 0x0F, 0xFE, 0xE0, 0xF0, 0x12,  -65, 0x01, 0x33, 0x45, 0x55, 0x44, 0x40, 0xEE
    .byte   0xDE, 0xEE, 0x1F, 0xE1, 0xDD, 0xCD, 0xDC, 0xFF, 0x13, 0x12, 0x2E, 0x0F, 0xF1, 0x12, 0x2F, 0x0E
    .byte   0xED, 0xDF, 0xF0, 0x22, 0x22, 0xF0, 0x01, 0x12, 0x22,   19, 0x02, 0x20, 0xEE, 0xDD, 0xDE, 0xDE
    .byte   0xEE, 0xEE, 0xDD, 0xED, 0x0F, 0x12, 0x1F, 0xFE, 0xEE, 0xF3, 0x45, 0x65, 0x63, 0x33, 0xCE, 0xEE
    .byte   0x21, 0x33, 0xDF, 0xCC, 0xCC, 0xDE, 0xE1, 0x21, 0x0E, 0xEE,  -12, 0x02, 0x23, 0x32, 0x2E, 0xDE
    .byte   0xCE, 0xE1, 0x22, 0x21, 0xFE, 0xEE, 0x11, 0x33, 0x34, 0x12, 0xFE, 0xEE, 0xF1, 0xF0, 0xED, 0xDC
    .byte   0xDC, 0xDF, 0x11, 0xFF, 0xFE, 0xED, 0xF0, 0xE0, 0x02, 0x34, 0x56,   32, 0x05, 0x22, 0x2C, 0x32
    .byte   0x14, 0x02, 0xEC, 0xDC, 0xCE, 0xD2, 0xED, 0xED, 0xED, 0x02, 0x23, 0x32, 0x3F, 0xEF, 0xEF, 0xFF
    .byte   0x1F, 0xEE, 0xED, 0xEE, 0xF2, 0x22, 0x22, 0x12, 0x12, 0x31, 0x22, 0x1F,   17, 0x0E, 0xED, 0xEE
    .byte   0xEE, 0xDE, 0xDD, 0xEF, 0x02, 0x0F, 0xDD, 0xDD, 0x03, 0x45, 0x65, 0x32, 0xF0, 0xE3, 0x44, 0x32
    .byte   0xDD, 0xBC, 0xDE, 0x12, 0xFF, 0xCC, 0xCE, 0xF3, 0x33, 0x32, 0xEF, 0x12, 0x23,   24, 0x01, 0xFD
    .byte   0xDD, 0xE1, 0x12, 0xFE, 0xED, 0xE1, 0x32, 0x31, 0x2E, 0xFF, 0x10, 0x20, 0x2E, 0xDE, 0xDE, 0xD0
    .byte   0x10, 0xEE, 0xDD, 0xDE, 0xF2, 0x44, 0x55, 0x32, 0xF2, 0x22, 0x43, 0x3E, 0xCD, 0xCD,   20, 0x02
    .byte   0x1E, 0xCC, 0xDD, 0xF2, 0x43, 0xEF, 0xEF, 0x23, 0x44, 0x2E, 0xED, 0xEE, 0x22, 0x1E, 0xDD, 0xCE
    .byte   0x01, 0x32, 0xEE, 0xEE, 0x22, 0x33, 0x2F, 0xDD, 0xEF, 0x01, 0xDD, 0xCB, 0xCE, 0x33, 0x57,   20
    .byte   0x00, 0x2D, 0x44, 0x26, 0x3C, 0xCB, 0xD1, 0xD3, 0x0C, 0xBA, 0xD3, 0x33, 0x30, 0xDC, 0x25, 0x64
    .byte   0x23, 0xEC, 0x03, 0x33, 0xDC, 0xCB, 0xD0, 0x22, 0xDC, 0xDE, 0x13, 0x44, 0x4E, 0xE2, 0x23, 0x33
    .byte     36, 0x0D, 0xCE, 0xFF, 0x0E, 0xDD, 0xDD, 0x02, 0x32, 0x31, 0x11, 0xF3, 0x33, 0x40, 0xFD, 0xDF
    .byte   0x02, 0x0F, 0xDD, 0xEE, 0x12, 0x11, 0xFD, 0xE0, 0x20, 0xF1, 0xFD, 0xCD, 0xE1, 0xCD, 0xCE, 0x34
    .byte   0x77,   23, 0x0C, 0xE5, 0x65, 0x32, 0xBA, 0xC2, 0x62, 0xAA, 0xAC, 0x42, 0x41, 0xAB, 0x46, 0x62
    .byte   0xE2, 0xE0, 0x56, 0x4C, 0xAD, 0x21, 0xFF, 0xCB, 0xBD, 0x33, 0xDE, 0xEF, 0x24, 0x53, 0x21, 0x33
    .byte   0x33, 0x2E,   36, 0x0C, 0xF1, 0xED, 0xDC, 0xDE, 0x02, 0x1E, 0x02, 0x23, 0x33, 0x31, 0x23, 0x1F
    .byte   0x01, 0xFD, 0xDE, 0xED, 0xED, 0xEE, 0xE0, 0x21, 0x02, 0x23, 0x23, 0x22, 0x21, 0x21, 0xFE, 0xEE
    .byte   0xFE, 0xEE, 0xEE,  -16, 0x00, 0x11, 0x01, 0x12, 0x23, 0x11, 0x20, 0x20, 0x2E, 0xEE, 0xEF, 0xEF
    .byte   0xEE, 0x00, 0x22, 0x11, 0x12, 0x22, 0x00, 0x0F, 0x00, 0xFE, 0xEF, 0xE0, 0xFF, 0xFF, 0xF1, 0x21
    .byte   0x01, 0x02, 0x02, 0x0F,    4, 0x0F, 0xF0, 0x0E, 0x0E, 0x01, 0x01, 0x0F, 0x11, 0x12, 0x00, 0xF0
    .byte   0x20, 0x00, 0xE0, 0xFF, 0xF1, 0xE1, 0xF0, 0x20, 0x10, 0xF1, 0x11, 0x0F, 0xF0, 0xF0, 0xFF, 0xF1
    .byte   0x11, 0x10, 0x10, 0x12, 0x11,    9, 0x0F, 0x0F, 0xF0, 0x0E, 0x0E, 0x02, 0x00, 0xF0, 0x2E, 0x21
    .byte   0x10, 0xE1, 0x10, 0xEE, 0xF1, 0xEE, 0xEE, 0xDE, 0xE0, 0xDF, 0x35, 0x4C, 0x00, 0x55, 0xD1, 0x00
    .byte   0x12, 0x2F, 0xCC, 0x20, 0xFC, 0xC0,  -20, 0x00, 0xF0, 0x0E, 0x24, 0x32, 0xE1, 0x43, 0x2D, 0x11
    .byte   0x02, 0xDD, 0xDD, 0x12, 0xDD, 0xDF, 0x12, 0xFF, 0x02, 0x33, 0x21, 0x22, 0x22, 0x11, 0xF0, 0x0F
    .byte   0xEE, 0xEE, 0xEE, 0xDF, 0xFF, 0xFF, 0xF1,  -16, 0x03, 0x20, 0xF2, 0x32, 0x2F, 0xF0, 0x10, 0x0E
    .byte   0xDF, 0xFE, 0xEE, 0xEE, 0x01, 0xF1, 0x01, 0x22, 0x22, 0x11, 0x22, 0x20, 0x0F, 0x00, 0xE0, 0xEF
    .byte   0xEE, 0xFE, 0x0F, 0x10, 0xF0, 0x01, 0x12, 0x10,   -4, 0x00, 0x12, 0x00, 0x11, 0x12, 0x21, 0x10
    .byte   0x20, 0x00, 0xE1, 0x12, 0xC1, 0x21, 0x1D, 0xFE, 0x21, 0xD1, 0x01, 0xE2, 0x2F, 0xEE, 0x21, 0x2D
    .byte   0xDF, 0xDE, 0xDE, 0xEE, 0x17, 0x59, 0x32, 0x76, 0x9E,   29, 0x05, 0x3C, 0xEF, 0xDC, 0x42, 0xBA
    .byte   0xC6, 0x3B, 0xA2, 0x61, 0xDD, 0x34, 0x13, 0x4E, 0xD3, 0x54, 0xCB, 0x34, 0xEC, 0xB3, 0x1C, 0xDF
    .byte   0x1D, 0xE1, 0x41, 0xE2, 0x44, 0xFD, 0x33, 0x3E, 0xD2, 0x0F,   17, 0x0D, 0xEE, 0xDE, 0xDE, 0xEF
    .byte   0xFE, 0xE1, 0x32, 0x2F, 0x23, 0x32, 0x10, 0x11, 0x2F, 0xEE, 0xE1, 0x1E, 0xDE, 0x32, 0xD2, 0x22
    .byte   0x3E, 0x23, 0xF2, 0x22, 0x22, 0xE2, 0x0E, 0xEE, 0xED, 0xEF, 0xEF,   -7, 0x0F, 0x1F, 0x21, 0xEE
    .byte   0xE2, 0x1E, 0xD1, 0x3F, 0xED, 0x12, 0xED, 0xDD, 0xEC, 0xF0, 0xED, 0x57, 0x69, 0xD7, 0x76, 0x8C
    .byte   0x76, 0x2A, 0xC6, 0xDD, 0xDD, 0xBA, 0x34, 0xC9, 0xC4, 0x50, 0xA0, 0x54,   -6, 0x0E, 0x31, 0x35
    .byte   0x4D, 0xEF, 0x44, 0xCB, 0xD2, 0x3C, 0xBC, 0x23, 0xEC, 0xC3, 0x43, 0xED, 0xE4, 0x40, 0xCD, 0x34
    .byte   0x2C, 0xC2, 0x31, 0xBB, 0xF0, 0xED, 0xDE, 0x16, 0x73, 0xA4, 0x77, 0x29, 0xF7,  120, 0x0C, 0xAE
    .byte   0x43, 0xDC, 0xBB, 0xDF, 0x2B, 0xAC, 0x55, 0xCC, 0xE5, 0x6F, 0xD2, 0x45, 0x3E, 0x12, 0x13, 0xFC
    .byte   0xCD, 0x3E, 0xBB, 0xD4, 0xEB, 0xC2, 0x42, 0xD0, 0x13, 0x21, 0xED, 0x0E, 0xED, 0xDD,  -82, 0x0F
    .byte   0x33, 0x55, 0x33, 0x46, 0x6D, 0xE2, 0x53, 0xEC, 0x02, 0xDC, 0xCC, 0xCB, 0xEC, 0xCB, 0xF3, 0x2E
    .byte   0xF3, 0x44, 0x23, 0x33, 0x43, 0x21, 0x12, 0xFE, 0xCE, 0xDD, 0xDC, 0xFD, 0xFE, 0xEF, 0xF2,  -31
    .byte   0x0F, 0xF0, 0x11, 0xFE, 0xEE, 0xFE, 0xDD, 0xDF, 0xDE, 0x02, 0x23, 0x55, 0x43, 0x55, 0x62, 0xE4
    .byte   0x33, 0xEC, 0x0E, 0xDD, 0xCC, 0xCC, 0xDD, 0xCC, 0xE2, 0x3D, 0x13, 0x44, 0x02, 0x24, 0x22, 0x1E
    .byte     40, 0x0E, 0x2E, 0xCE, 0xD0, 0xEC, 0xD1, 0xFE, 0xED, 0x30, 0x10, 0xE0, 0xE0, 0xFE, 0xDE, 0xFE
    .byte   0xDD, 0xEF, 0x0E, 0xE1, 0x24, 0x34, 0x54, 0x44, 0x55, 0x33, 0x24, 0x20, 0xDF, 0xEE, 0xDC, 0xDC
    .byte   0xCD,   17, 0x0C, 0xCD, 0x20, 0xDE, 0x33, 0x21, 0x33, 0x22, 0x23, 0x1F, 0x00, 0x2D, 0xDE, 0xEE
    .byte   0xDD, 0xEF, 0xEF, 0xFE, 0x11, 0x1E, 0xEF, 0x0F, 0xDE, 0xEF, 0xED, 0xF0, 0xEE, 0x1E, 0xF0, 0x22
    .byte   0x13, 0x45,   -7, 0x03, 0x45, 0x45, 0x22, 0x43, 0x1E, 0xFF, 0xED, 0xED, 0xCC, 0xDE, 0xCC, 0xCD
    .byte   0x1E, 0xEE, 0x13, 0x13, 0x21, 0x22, 0x40, 0x01, 0x12, 0xFE, 0xEF, 0xDE, 0xED, 0xDE, 0x0E, 0xDE
    .byte   0xF2, 0xFE, 0xD1,  -48, 0x00, 0xEE, 0xEF, 0x01, 0xEE, 0xFF, 0x21, 0xDF, 0x23, 0x11, 0x24, 0x54
    .byte   0x24, 0x45, 0x42, 0x33, 0x33, 0xE0, 0xE0, 0xFD, 0xEC, 0xDC, 0xDD, 0xCC, 0xDF, 0xDF, 0xDE, 0x2F
    .byte   0x31, 0x11, 0x33, 0x22,   13, 0x02, 0x23, 0xEE, 0xEE, 0x0D, 0xDD, 0xEE, 0xED, 0xEF, 0xEE, 0x0E
    .byte   0xEF, 0xEF, 0x0F, 0xF0, 0x21, 0xFF, 0x21, 0xF0, 0x11, 0x2F, 0xF2, 0x33, 0x44, 0x32, 0x44, 0x53
    .byte   0x13, 0x33, 0x2E, 0x01, 0xEE,  100, 0x0E, 0xCC, 0xDD, 0xDC, 0xCD, 0xED, 0xED, 0x00, 0xF2, 0x20
    .byte   0x21, 0x33, 0x21, 0x22, 0x22, 0xEF, 0xFE, 0xED, 0xFD, 0xDD, 0xEE, 0xEE, 0xFE, 0xF0, 0xFE, 0xFE
    .byte   0x2F, 0xF1, 0x22, 0xF0, 0x12, 0x1F,  -46, 0x02, 0xF1, 0xE2, 0x23, 0x34, 0x4F, 0x42, 0x54, 0x13
    .byte   0x23, 0x22, 0x02, 0xFE, 0x1E, 0xDD, 0xCE, 0xEC, 0xCD, 0xDD, 0xDE, 0xEE, 0xEE, 0x30, 0xF0, 0x23
    .byte   0x3E, 0xF2, 0x31, 0xFF, 0xE0, 0xF1, 0xED,  -24, 0x0F, 0x0E, 0xED, 0xEF, 0xF1, 0xEE, 0xF0, 0x20
    .byte   0x2F, 0x03, 0x11, 0x00, 0x22, 0xF0, 0x2F, 0x13, 0xD3, 0xFD, 0x5D, 0x43, 0xD4, 0x33, 0x4F, 0xE4
    .byte   0x02, 0x21, 0x3E, 0xE2, 0x2E, 0xDD, 0xEF, 0xDC,   29, 0x0D, 0xED, 0xE1, 0xED, 0xE0, 0x2E, 0xE1
    .byte   0x12, 0x11, 0x20, 0xE1, 0x20, 0xFD, 0x10, 0xFE, 0x0E, 0xFE, 0xE2, 0xEE, 0xFE, 0x20, 0xE0, 0x00
    .byte   0x11, 0x2F, 0xF0, 0x12, 0x2D, 0x11, 0x03, 0xE1, 0xD4,  -25, 0x01, 0x3C, 0x41, 0x33, 0x0E, 0x42
    .byte   0x43, 0xD3, 0x13, 0x32, 0x2D, 0x22, 0x23, 0xCE, 0xD2, 0xEE, 0xDC, 0xFD, 0x11, 0xDD, 0xE1, 0x2E
    .byte   0x0D, 0xF1, 0x12, 0x00, 0xEF, 0x22, 0xFE, 0xE1, 0xD3, 0x1D,  -13, 0x0C, 0x22, 0x2D, 0xFF, 0xD4
    .byte   0xDE, 0x4E, 0xB5, 0xD3, 0x4A, 0x34, 0xA6, 0xEC, 0x5A, 0x4F, 0x5D, 0xC4, 0xB6, 0x0C, 0x5B, 0x32
    .byte   0x35, 0xB4, 0xC4, 0x40, 0x3D, 0xE3, 0x04, 0xFE, 0xFD, 0x4E, 0x2F,   41, 0x0D, 0x10, 0x4B, 0x2D
    .byte   0xC5, 0xC3, 0xDD, 0xFF, 0x4D, 0xEE, 0xC5, 0xC0, 0x4B, 0x3E, 0x4D, 0x00, 0xC2, 0x4C, 0x3E, 0xC5
    .byte   0xB5, 0xC0, 0x2D, 0x1E, 0x4B, 0x43, 0xA5, 0x2A, 0x7C, 0xB7, 0x94, 0x3E,   -7, 0x0B, 0x5B, 0x33
    .byte   0x4C, 0xFD, 0x4E, 0x5C, 0xC6, 0x97, 0xB4, 0x4A, 0x5B, 0x7B, 0x34, 0x97, 0xB5, 0x2B, 0x5A, 0x7A
    .byte   0x5E, 0xB5, 0xB5, 0xDF, 0xED, 0x3D, 0x4C, 0x2C, 0xF4, 0xC5, 0xA3, 0xFE, 0x4E,    9, 0x0C, 0xE3
    .byte   0x10, 0x2C, 0x01, 0x22, 0x2C, 0x2E, 0xC7, 0x94, 0x3A, 0x61, 0xC2, 0x59, 0x53, 0xC2, 0x4B, 0x16
    .byte   0xA5, 0xFC, 0x4C, 0x4D, 0x22, 0xC6, 0x97, 0xB2, 0x4A, 0x7A, 0x43, 0xA7, 0xBC, 0x78,   17, 0x0C
    .byte   0xE6, 0x96, 0xC0, 0x4D, 0xE2, 0x00, 0x4C, 0xF3, 0xC4, 0x2C, 0x5A, 0x44, 0xA7, 0x93, 0x4B, 0x5F
    .byte   0xC4, 0xDC, 0x6B, 0x32, 0xDB, 0x6B, 0x31, 0xD3, 0xB7, 0x96, 0xCC, 0x5B, 0x4D, 0x2E, 0x11,    1
    .byte   0x0C, 0x5B, 0x34, 0xA6, 0xCC, 0x5C, 0x04, 0xC2, 0xE3, 0xE3, 0xDF, 0x2F, 0x02, 0xEC, 0x6A, 0x6B
    .byte   0x4D, 0xE4, 0xB6, 0xA4, 0x1D, 0x40, 0xD3, 0xC4, 0xC6, 0x96, 0xCB, 0x7A, 0x6B, 0x1F, 0x3E, 0x32
    .byte    -15, 0x05, 0xDE, 0x69, 0x5D, 0xE5, 0xB5, 0xCC, 0x69, 0x6F, 0xC4, 0xA6, 0xC4, 0xD0, 0xD3, 0xD4
    .byte   0x1D, 0x3B, 0x5B, 0x51, 0xB6, 0x96, 0xEC, 0x69, 0x6B, 0x25, 0xB4, 0xED, 0xF5, 0xA6, 0xCC, 0x5A
    .byte   0x53,   -8, 0x05, 0xBF, 0x4C, 0x4D, 0x0D, 0x2E, 0x5C, 0x3D, 0xD3, 0xF3, 0xC4, 0xB4, 0xD4, 0x1F
    .byte   0x2C, 0x2F, 0x4D, 0x1D, 0xED, 0x5D, 0x22, 0xB5, 0xC4, 0x2D, 0x1D, 0x02, 0x4D, 0xE0, 0xC5, 0xD3
    .byte   0x2B, 0x3E,   -9, 0x05, 0xDD, 0x3B, 0x5E, 0x3D, 0x2D, 0xE4, 0xC4, 0xDF, 0xD4, 0xC5, 0xCF, 0x4A
    .byte   0x6B, 0x5D, 0xE1, 0xD4, 0xC5, 0xDB, 0x6A, 0x44, 0xB4, 0xB4, 0xD3, 0x4B, 0x5C, 0xC6, 0xA6, 0xCD
    .byte   0x4C, 0x3D, 0x3D,    2, 0x0D, 0xF3, 0xE3, 0xEE, 0x4B, 0x4D, 0x2E, 0x1E, 0xE4, 0xC5, 0xB4, 0xC4
    .byte   0xD0, 0x4B, 0x4D, 0x14, 0xC3, 0xC4, 0xD3, 0x2C, 0x4C, 0x3E, 0x3D, 0x3C, 0x5C, 0x23, 0xB5, 0xB4
    .byte   0xE2, 0xE2, 0xD4, 0xC3,    6, 0x0D, 0x3E, 0xE4, 0xC3, 0xED, 0x4B, 0x6A, 0x5C, 0x31, 0x03, 0xC4
    .byte   0xB4, 0xEE, 0x4B, 0x4E, 0xD5, 0xB4, 0xCF, 0x4B, 0x6C, 0xF3, 0xC4, 0xE1, 0xD2, 0xE1, 0x2E, 0x4B
    .byte   0x4D, 0x20, 0xFF, 0xE3, 0xE3,   -6, 0x04, 0xC4, 0xD3, 0xD1, 0x1E, 0x3C, 0x4C, 0x3D, 0x23, 0xD2
    .byte   0x2C, 0x6A, 0x5C, 0x23, 0xB5, 0xC4, 0xDF, 0xD4, 0xC4, 0x1C, 0x4C, 0x3F, 0x3D, 0x3C, 0x22, 0xE4
    .byte   0xC1, 0xE1, 0x23, 0xE3, 0xC2, 0xD2,    6, 0x0C, 0x4B, 0x5B, 0x6B, 0x5C, 0xD3, 0xC5, 0xB6, 0xA4
    .byte   0xDE, 0x5D, 0x12, 0xB4, 0xD3, 0x2E, 0xED, 0x4D, 0x5B, 0x5B, 0x3C, 0x4E, 0xF3, 0xB6, 0xA6, 0xA6
    .byte   0xB3, 0x2B, 0x6B, 0x5B, 0x3D, 0x3F, 0xF1,    0, 0x0E, 0x2E, 0x13, 0x3C, 0x3D, 0xC6, 0xA5, 0xDD
    .byte   0x3F, 0x22, 0x2C, 0x3C, 0x33, 0xF2, 0xC4, 0xC4, 0xE0, 0xEE, 0x1F, 0x3F, 0xFE, 0x1D, 0x4D, 0x12
    .byte   0xD1, 0x4B, 0x5D, 0xE2, 0xD3, 0x21, 0xD0, 0xC5,   -7, 0x04, 0xED, 0x2D, 0x24, 0xEE, 0x1C, 0x32
    .byte   0xE5, 0xBE, 0x2C, 0x5D, 0x3F, 0xFF, 0xEE, 0x4C, 0x20, 0xD4, 0xC4, 0xE4, 0xC1, 0xEE, 0x11, 0x2E
    .byte   0x1E, 0x21, 0x1F, 0x3C, 0x3D, 0x13, 0xE1, 0x3D, 0x2F,   -8, 0x04, 0xD3, 0xD0, 0xD1, 0x32, 0xFE
    .byte   0xED, 0x42, 0xF2, 0xC1, 0xE3, 0x03, 0xDE, 0x2D, 0x4E, 0x3E, 0xEC, 0x4D, 0x4D, 0x2C, 0x20, 0xE5
    .byte   0xC4, 0xB3, 0xC5, 0xE2, 0x2B, 0x3F, 0x33, 0xD2, 0xC0, 0x4D,   11, 0x0D, 0xED, 0x4D, 0x31, 0xC4
    .byte   0xD1, 0x3E, 0x1E, 0xE2, 0xFE, 0x2E, 0x3D, 0x32, 0xD1, 0xF0, 0xE3, 0xE3, 0xEE, 0xEF, 0xF2, 0xF1
    .byte   0xD1, 0x32, 0x3D, 0x0F, 0xD3, 0xFE, 0x2D, 0xF2, 0x3D, 0x4C, 0xF0,  -15, 0x03, 0x32, 0xD2, 0xD2
    .byte   0x5C, 0x12, 0xB2, 0x2F, 0x4F, 0xDE, 0x00, 0x4E, 0x2C, 0xDF, 0x24, 0x12, 0xC2, 0x3E, 0x31, 0xDD
    .byte   0xEE, 0x13, 0x10, 0x11, 0x0F, 0x4D, 0x3C, 0xD2, 0x21, 0xE3, 0xC3, 0xD3,    7, 0x02, 0x0E, 0xD1
    .byte   0x1E, 0x20, 0xFD, 0x13, 0x20, 0x2E, 0xD0, 0xE4, 0xE0, 0xED, 0x12, 0x3E, 0x3D, 0xD3, 0x01, 0x2F
    .byte   0xD1, 0xE2, 0x22, 0x0E, 0x21, 0xEE, 0xEF, 0x3E, 0x2F, 0xD3, 0x31, 0x1E, 0xC1,   -4, 0x0F, 0x32
    .byte   0xD0, 0x10, 0x21, 0xEE, 0xEF, 0x02, 0x33, 0x1C, 0xFF, 0x12, 0x1E, 0xD0, 0x14, 0x31, 0xDD, 0xD2
    .byte   0x22, 0x1D, 0x1F, 0x22, 0x3D, 0xFD, 0x12, 0x11, 0xE1, 0x12, 0x03, 0xE0, 0xE0, 0xEF,   -4, 0x02
    .byte   0x0F, 0x01, 0x20, 0xFF, 0xED, 0x2F, 0x32, 0xF2, 0x1D, 0x2F, 0xF1, 0xEE, 0xE0, 0x22, 0x2F, 0xD3
    .byte   0x03, 0x0D, 0xDF, 0x13, 0x1E, 0xFE, 0x13, 0x22, 0xDD, 0x1F, 0x23, 0xDF, 0xF1, 0x12, 0x20,   -1
    .byte   0x0E, 0xF2, 0x3E, 0xFE, 0xF2, 0x12, 0x1E, 0xD0, 0x11, 0x21, 0xE0, 0x3E, 0xE1, 0x11, 0x11, 0xE1
    .byte   0x21, 0xFE, 0xE0, 0xFE, 0x30, 0x20, 0x0E, 0x20, 0xEE, 0x11, 0xF2, 0x02, 0xF0, 0xF0, 0xE1, 0x0E
    .byte     -5, 0x02, 0x1F, 0x0F, 0x20, 0xFF, 0x2E, 0x01, 0x21, 0xED, 0xF0, 0x30, 0x2F, 0xE1, 0xF2, 0x2E
    .byte   0xEE, 0xE2, 0x12, 0x10, 0xE1, 0x20, 0xFE, 0xFE, 0x11, 0x23, 0x0E, 0xFF, 0x2E, 0x0E, 0x00, 0xE1
    .byte   0x21,    4, 0x01, 0xEE, 0xF1, 0x20, 0xF0, 0xE1, 0x02, 0x01, 0x0F, 0x0F, 0x11, 0x00, 0xEE, 0x02
    .byte   0x21, 0x0F, 0xE1, 0xF2, 0x0E, 0xF1, 0x01, 0x2F, 0x0E, 0x11, 0x11, 0x0F, 0x10, 0xEF, 0x01, 0x10
    .byte   0x00, 0x11,    2, 0x02, 0xF0, 0xEE, 0x12, 0xF0, 0xEF, 0xF0, 0x23, 0x2D, 0xC2, 0x23, 0x0E, 0x0F
    .byte   0x20, 0xF0, 0x11, 0xEF, 0x1F, 0xF0, 0x12, 0x0D, 0x03, 0x2E, 0xD2, 0x3D, 0xFF, 0x23, 0xEF, 0xD0
    .byte   0x21, 0x20, 0xFE,   -9, 0x02, 0x3E, 0x2F, 0xEE, 0x31, 0xEE, 0x02, 0xFD, 0x23, 0xF2, 0xDD, 0x33
    .byte   0x1D, 0xD4, 0xFD, 0x20, 0x1E, 0xF3, 0xF0, 0x2D, 0xE0, 0x22, 0xEE, 0x10, 0x12, 0x22, 0xDE, 0x01
    .byte   0x20, 0x23, 0xDD, 0xE2,    3, 0x01, 0xFD, 0x01, 0x23, 0xED, 0x12, 0x2E, 0xE1, 0x3E, 0xEF, 0x10
    .byte   0x22, 0x0E, 0xD2, 0x3E, 0xE2, 0xEF, 0x01, 0x10, 0x02, 0x0E, 0xF1, 0x2F, 0xEE, 0xF2, 0x30, 0xEF
    .byte   0x0F, 0xF1, 0x1E, 0x10, 0x10,   -2, 0x02, 0x10, 0xEE, 0x22, 0xF0, 0xE0, 0x1F, 0x21, 0x0F, 0xEF
    .byte   0x11, 0x02, 0xF0, 0xF0, 0x0E, 0x11, 0x20, 0xE0, 0x12, 0xFE, 0x00, 0x0F, 0x11, 0x10, 0xFF, 0x11
    .byte   0x10, 0xEF, 0x01, 0x20, 0xFF, 0x0F,   -1, 0x02, 0xFF, 0xFF, 0xF1, 0x11, 0x1E, 0x11, 0x1F, 0xFF
    .byte   0x2F, 0xFF, 0x01, 0x00, 0xF0, 0x11, 0x0E, 0x11, 0x1F, 0x00, 0x10, 0x10, 0xF0, 0xF0, 0x1F, 0x01
    .byte   0x1F, 0xF0, 0x10, 0x0F, 0x10, 0x00, 0x01,   -1, 0x00, 0x10, 0xF0, 0x10, 0xF0, 0x00, 0x01, 0x10
    .byte   0xFF, 0x10, 0xF1, 0x1F, 0x01, 0x0F, 0xF0, 0x01, 0xF0, 0x11, 0xF0, 0x01, 0xFF, 0x10, 0x01, 0xF0
    .byte   0x00, 0x00, 0x00, 0x00, 0xF1, 0x00, 0x00, 0x00,    0, 0x01, 0xF0, 0x1F, 0xF1, 0x01, 0x0F, 0x00
    .byte   0x00, 0x01, 0xF0, 0x00, 0x1F, 0x00, 0x00, 0x1F, 0x10, 0xF0, 0x00, 0x10, 0x0F, 0x00, 0x00, 0x00
    .byte   0x00, 0x01, 0xF1, 0x0F, 0x01, 0x0F, 0x01, 0xF1, 0x0F,    0, 0x01, 0x0F, 0x00, 0x00, 0x1F, 0x1F
    .byte   0x00, 0x00, 0xF1, 0x00, 0x0F, 0x10, 0x10, 0xF1, 0xF1, 0xF0, 0x01, 0xFF, 0x10, 0x00, 0x00, 0x00
    .byte   0xF1, 0x00, 0x1F, 0x00, 0x0F, 0x10, 0xF1, 0x0F, 0x10, 0x0F,    1, 0x0F, 0x01, 0xFF, 0x11, 0xFF
    .byte   0x10, 0x00, 0x00, 0x00, 0x00, 0x0F, 0x1F, 0x10, 0x00, 0x0F, 0x01, 0x00, 0x1F, 0xF1, 0x00, 0x00
    .byte   0x01, 0xF0, 0x00, 0x1F, 0x10, 0xFF, 0x10, 0x0F, 0x10, 0x00, 0x1F,    0, 0x00, 0x00, 0x00, 0xF1
    .byte   0x1F, 0x00, 0x00, 0x00, 0x01, 0xFF, 0x10, 0x00, 0x01, 0xFF, 0x10, 0x1F, 0x00, 0x0F, 0x10, 0x00
    .byte   0x00, 0x01, 0x0F, 0x00, 0x00, 0xF0, 0x01, 0x00, 0x00, 0x00, 0x00, 0x01,    0, 0x00, 0x00, 0x00
    .byte   0x00, 0xF1, 0x00, 0x1F, 0x01, 0xF0, 0x00, 0x01, 0x00, 0x0F, 0x00, 0x1F, 0x01, 0xF0, 0x1F, 0x00
    .byte   0x01, 0xF0, 0x0F, 0x10, 0x00, 0x1F, 0x00, 0x00, 0x00, 0x00, 0x00, 0x00, 0x00,    0, 0x00, 0x1F
    .byte   0x00, 0x00, 0x00, 0x1F, 0x00, 0x1F, 0x1F, 0x00, 0x00, 0x00, 0x1F, 0x01, 0xF0, 0x00, 0x01, 0xF0
    .byte   0x01, 0xF0, 0x00, 0x0F, 0x10, 0x10, 0xFF, 0x10, 0x01, 0xF0, 0x01, 0x00, 0xF1, 0x0F,    0, 0x00
    .byte   0x1F, 0x0F, 0x10, 0x01, 0xF1, 0xF0, 0x00, 0x00, 0xF1, 0x00, 0x1F, 0x10, 0xF0, 0x10, 0x0F, 0xF1
    .byte   0x01, 0xF1, 0xF1, 0xF0, 0x00, 0x01, 0x1E, 0x10, 0x11, 0x0F, 0xF1, 0x0F, 0xF2, 0x10, 0xEF,   -2
    .byte   0x01, 0x1F, 0x02, 0xEE, 0x21, 0x10, 0xF0, 0xF1, 0x00, 0x0F, 0x0F, 0x00, 0x20, 0x42, 0xBE, 0xE2
    .byte   0x12, 0x12, 0xEE, 0x22, 0x11, 0x0D, 0xE2, 0x20, 0x2F, 0x1E, 0xF2, 0xF1, 0xDE, 0xE2, 0x32, 0x3F
    .byte      7, 0x0E, 0xD1, 0x21, 0x03, 0xEC, 0x04, 0x44, 0xBB, 0xCE, 0x35, 0x3D, 0xEE, 0xE5, 0x43, 0xCB
    .byte   0xCD, 0x14, 0x42, 0xDE, 0xF2, 0x33, 0xED, 0xDC, 0x13, 0x34, 0xFD, 0xDE, 0x22, 0x3E, 0xED, 0xF2
    .byte   0x34,   24, 0x0E, 0xCC, 0x02, 0x32, 0xED, 0xE0, 0x23, 0x20, 0xED, 0x0F, 0x33, 0x21, 0xDE, 0x22
    .byte   0x2D, 0xDE, 0x02, 0x11, 0xF0, 0x0F, 0xF2, 0x20, 0xFE, 0x11, 0x23, 0x1E, 0xED, 0x01, 0x32, 0xED
    .byte   0xDE, 0x23,    6, 0x01, 0xDD, 0x02, 0x33, 0xFF, 0xDE, 0x12, 0x31, 0xED, 0xEF, 0x23, 0x2E, 0xDD
    .byte   0xE2, 0x34, 0xFD, 0xDE, 0x03, 0x32, 0xED, 0xD1, 0x33, 0x3E, 0xCD, 0xF2, 0x33, 0xED, 0xDF, 0x33
    .byte   0x21, 0xED, 0xD2,    1, 0x03, 0x1E, 0xDE, 0xF2, 0x32, 0xFD, 0xDE, 0x23, 0x22, 0xEE, 0xD2, 0x33
    .byte   0x1E, 0xDD, 0xF2, 0x30, 0xED, 0xE1, 0x23, 0x21, 0xFE, 0xFE, 0x13, 0x1E, 0xE0, 0x01, 0x12, 0xFF
    .byte   0xED, 0x02, 0x23, 0xFE,   -5, 0x0E, 0x31, 0x21, 0xFE, 0xDE, 0x23, 0x22, 0xFE, 0xEF, 0x22, 0xEE
    .byte   0xE1, 0x02, 0x3E, 0xFE, 0xEE, 0x23, 0x1E, 0xDF, 0x23, 0x21, 0xFD, 0xE1, 0x12, 0x02, 0x0E, 0xDF
    .byte   0x32, 0xFF, 0xFE, 0xFF, 0xF2,    5, 0x02, 0xEE, 0xEF, 0x02, 0x3E, 0xDD, 0x22, 0x21, 0x1E, 0x1D
    .byte   0xF2, 0x23, 0xFE, 0xE0, 0x22, 0x3E, 0xED, 0xE3, 0x11, 0x20, 0x0D, 0xE2, 0x33, 0xEE, 0xDE, 0x22
    .byte   0x32, 0xED, 0xE2, 0x22, 0x2F, 0xDD,   -6, 0x0F, 0x12, 0x2E, 0xE0, 0xF0, 0x20, 0xEE, 0xEE, 0xF3
    .byte   0x2F, 0xDE, 0xE1, 0x23, 0x1E, 0xEE, 0xE2, 0x12, 0x21, 0xD2, 0x44, 0x2C, 0x33, 0x23, 0x4E, 0xC0
    .byte   0x22, 0x2F, 0x23, 0xDC, 0xD2, 0x21, 0xFE,   12, 0x0C, 0xD4, 0x1F, 0x32, 0xDC, 0xEF, 0x23, 0xDD
    .byte   0xEE, 0x03, 0x21, 0xED, 0xDD, 0xD3, 0x42, 0xE0, 0x2D, 0xD1, 0x33, 0xDD, 0x11, 0xE3, 0x64, 0xDD
    .byte   0x23, 0xFE, 0x44, 0xEE, 0x21, 0xF0, 0x33, 0xED,   31, 0x01, 0xDD, 0x02, 0x2D, 0xE2, 0x2E, 0xD2
    .byte   0x2E, 0xF2, 0xFE, 0xFF, 0xEE, 0xFF, 0xF0, 0xF1, 0xFE, 0xE0, 0x2E, 0xE2, 0x2E, 0xE1, 0x20, 0xE1
    .byte   0x00, 0x12, 0x1D, 0xE1, 0x20, 0x11, 0x10, 0x02, 0x2F,   -8, 0x02, 0x20, 0x01, 0x2F, 0x12, 0x12
    .byte   0x02, 0x10, 0x21, 0x10, 0xFF, 0x1F, 0x0F, 0xFF, 0x1F, 0x0F, 0xEE, 0xF0, 0xF0, 0xE1, 0xEE, 0x12
    .byte   0xDE, 0x2E, 0xE0, 0xF1, 0x1F, 0xFF, 0x01, 0x10, 0xEF, 0x22,  -14, 0x0E, 0x22, 0xFE, 0xE1, 0x1F
    .byte   0x0E, 0xFE, 0x12, 0x00, 0x22, 0x23, 0x21, 0xD0, 0x33, 0xF1, 0x32, 0x23, 0x2E, 0xE0, 0x0F, 0xEE
    .byte   0xF2, 0xFD, 0xE1, 0x2E, 0xEF, 0x1E, 0xE0, 0x01, 0xFE, 0xF0, 0xFD,  -14, 0x01, 0x11, 0xEE, 0xE2
    .byte   0x21, 0xE2, 0x2F, 0xEE, 0x23, 0x22, 0x0C, 0xDE, 0x11, 0x22, 0x0E, 0x0D, 0xC1, 0x32, 0x34, 0x23
    .byte   0x31, 0xFD, 0xDF, 0x23, 0x33, 0x34, 0x20, 0xCC, 0xEE, 0x00, 0x12, 0x22,   33, 0x0F, 0xDD, 0xDE
    .byte   0x22, 0x22, 0x0F, 0xEE, 0xDE, 0xEF, 0xFE, 0xFF, 0x22, 0xFF, 0xEF, 0x0F, 0xF2, 0x02, 0x11, 0x1F
    .byte   0xEE, 0xFE, 0xE0, 0x11, 0x0F, 0xED, 0xED, 0xF1, 0x44, 0x43, 0x31, 0x0F, 0xEF,   13, 0x02, 0x34
    .byte   0x33, 0x20, 0xDD, 0xCD, 0xD0, 0x22, 0x20, 0xEF, 0xDE, 0xDF, 0x13, 0x22, 0x2E, 0x0F, 0xEE, 0xDD
    .byte   0xEF, 0x22, 0x0F, 0x01, 0xEE, 0xD0, 0x23, 0x31, 0x0F, 0xFE, 0xDE, 0xDD, 0xFF, 0xFE,  -54, 0x0E
    .byte   0xDE, 0x03, 0x45, 0x54, 0x32, 0x22, 0xF1, 0x22, 0x43, 0x32, 0xFC, 0xCD, 0xCD, 0xDE, 0xE1, 0x0E
    .byte   0xED, 0xF0, 0x22, 0x22, 0x31, 0x32, 0xFE, 0xEE, 0xEE, 0xEF, 0xEE, 0xE0, 0xEE, 0xFF, 0xF1,  -20
    .byte   0x00, 0xEE, 0xEE, 0xEF, 0xFF, 0xED, 0xDC, 0xDD, 0xE2, 0x35, 0x66, 0x54, 0x31, 0x21, 0x23, 0x34
    .byte   0x43, 0xED, 0xBB, 0xCB, 0xCD, 0xDE, 0xFE, 0xED, 0xDD, 0x23, 0x45, 0x43, 0x33, 0x21, 0xED, 0xEF
    .byte     31, 0x0E, 0xDC, 0xDC, 0xDD, 0xF0, 0x22, 0x1F, 0xDE, 0xDF, 0xF2, 0x21, 0x0D, 0xCC, 0xDD, 0xE1
    .byte   0x35, 0x77, 0x75, 0x1D, 0xDF, 0x33, 0x52, 0x11, 0x0C, 0x9A, 0xBC, 0xF1, 0x1E, 0xCC, 0xCD, 0xF3
    .byte   0x56,   27, 0x05, 0x32, 0xDE, 0x13, 0x43, 0x0C, 0xBA, 0xBB, 0xCE, 0x32, 0x3E, 0xDC, 0xD2, 0x34
    .byte   0x41, 0xEC, 0xCD, 0xDD, 0xFE, 0xDD, 0xDF, 0x37, 0x77, 0x76, 0x3C, 0xE2, 0x41, 0x11, 0xFF, 0x99
    .byte   0x9C, 0x23,  -23, 0x0C, 0xBB, 0xD2, 0x56, 0x66, 0x54, 0xED, 0xF3, 0x44, 0x3C, 0xAA, 0xAB, 0xCE
    .byte   0x12, 0xED, 0xDE, 0x25, 0x54, 0x3E, 0xED, 0xED, 0xDC, 0xDC, 0xBB, 0xFF, 0x0F, 0x1F, 0x67, 0x77
    .byte   0x74, 0x21, 0x11,  127, 0x00, 0x0F, 0xA8, 0x9A, 0xD3, 0x3F, 0xCC, 0xD4, 0x67, 0x76, 0x4F, 0xCD
    .byte   0x03, 0x3F, 0xBA, 0xAA, 0xBD, 0xE0, 0x13, 0x32, 0x34, 0x55, 0x43, 0xFD, 0xDD, 0xCC, 0xBC, 0xBA
    .byte   0xCF, 0xF0, 0xF0, 0x00, -128, 0x04, 0x77, 0x77, 0x62, 0x11, 0x10, 0xFC, 0xA9, 0x9A, 0xAC, 0x36
    .byte   0x54, 0xCD, 0x37, 0x77, 0x42, 0x0E, 0xBB, 0xBE, 0xCB, 0x9A, 0xC2, 0x55, 0x31, 0x34, 0x54, 0x44
    .byte   0x41, 0xCB, 0xCB, 0xDC, 0xBB, -111, 0x0C, 0xF0, 0x12, 0x0F, 0xE3, 0x44, 0x41, 0x46, 0x77, 0x63
    .byte   0x1F, 0xDB, 0xDC, 0xBA, 0xAB, 0xCD, 0x37, 0x75, 0xDB, 0x25, 0x66, 0x3D, 0xBB, 0xAB, 0xC2, 0x3D
    .byte   0x9A, 0x26, 0x65, 0x32, 0xE1, 0x33,   49, 0x03, 0x2B, 0xAB, 0xD4, 0x0D, 0xBB, 0xCD, 0x12, 0x33
    .byte   0xDD, 0xCE, 0x34, 0x4E, 0xC1, 0x47, 0x77, 0x73, 0x0E, 0xCC, 0xEB, 0xB9, 0xAB, 0xE4, 0x67, 0x62
    .byte   0xCD, 0x45, 0x42, 0xDB, 0xBB, 0xCE, 0x32,   -7, 0x0A, 0xC2, 0x66, 0x4E, 0xD0, 0x01, 0x22, 0x1D
    .byte   0xBC, 0xD3, 0x40, 0xBC, 0xE1, 0x1D, 0xCE, 0xFE, 0xEE, 0x11, 0xDD, 0xE1, 0x33, 0x34, 0x77, 0x76
    .byte   0x30, 0xED, 0xCD, 0xAA, 0x9A, 0xC2, 0x67, 0x75,   77, 0x0D, 0x15, 0x3C, 0xBC, 0xCC, 0xDD, 0x32
    .byte   0x1B, 0xC3, 0x54, 0x2D, 0xFF, 0xFD, 0x22, 0x3D, 0xCD, 0xF3, 0x3F, 0xCC, 0xDC, 0xEE, 0xFE, 0xEE
    .byte   0x02, 0x1D, 0xD0, 0x1C, 0xCE, 0x25, 0x67, 0x77, 0x62,  127, 0x00, 0xFD, 0xBA, 0x9A, 0xAD, 0x35
    .byte   0x76, 0x54, 0x34, 0x3D, 0xBA, 0xBD, 0xCC, 0xD3, 0x33, 0xD0, 0x45, 0x3D, 0xDC, 0xED, 0xCD, 0x13
    .byte   0x11, 0x35, 0x42, 0xCC, 0xCD, 0xCC, 0xDC, 0xD2, 0x24, 0x22,  -63, 0x0D, 0xE0, 0x0C, 0xCD, 0xE5
    .byte   0x56, 0x77, 0x73, 0x21, 0x1C, 0xBA, 0x9A, 0xBC, 0x35, 0x76, 0x63, 0x44, 0x2D, 0xAA, 0xAC, 0xCC
    .byte   0x14, 0x43, 0x34, 0x42, 0xEC, 0xCD, 0xCD, 0xD0, 0x23, 0x22, 0x45,   47, 0x01, 0xCB, 0xCC, 0xDC
    .byte   0xEC, 0xD1, 0x34, 0x41, 0xEC, 0xDE, 0x0F, 0xCD, 0xC1, 0x26, 0x65, 0x65, 0x75, 0xFD, 0xDC, 0xBA
    .byte   0xAC, 0xC2, 0x35, 0x65, 0x52, 0x43, 0xEB, 0xAA, 0xCD, 0xCE, 0xF5, 0x44,   31, 0x03, 0x3F, 0xDC
    .byte   0xCC, 0xCD, 0x04, 0x32, 0xF4, 0x43, 0xDD, 0xDD, 0xCC, 0xCD, 0x12, 0x12, 0x22, 0xEE, 0xEF, 0xDD
    .byte   0xCD, 0x43, 0x1C, 0xD4, 0x56, 0x14, 0x56, 0x6D, 0xDC, 0xFD, 0xDC, 0xCC, 0xE3,   20, 0x06, 0x40
    .byte   0xD3, 0x42, 0xCB, 0xBC, 0x2E, 0xFE, 0x23, 0x03, 0x33, 0xDC, 0xCE, 0x2D, 0xDD, 0x32, 0x22, 0x22
    .byte   0x21, 0xDD, 0xFD, 0xDD, 0xEF, 0xEE, 0xF0, 0x32, 0xFE, 0x0E, 0xDD, 0xDE, 0xD1, 0x23,  -65, 0x03
    .byte   0x03, 0x54, 0x33, 0x54, 0xED, 0xF3, 0xED, 0xD2, 0x20, 0xD3, 0x44, 0xFE, 0x23, 0x1C, 0xCE, 0x2E
    .byte   0xDD, 0xD3, 0x2E, 0xE2, 0x3E, 0xDD, 0x2F, 0xFD, 0x01, 0x0E, 0x12, 0x2D, 0xD0, 0xED, 0xDD,  -43
    .byte   0x0F, 0xFE, 0xE2, 0x41, 0xEF, 0xFF, 0xDC, 0xE2, 0x3C, 0xD1, 0x43, 0x12, 0x44, 0xE1, 0x25, 0x61
    .byte   0xCD, 0x34, 0x1E, 0xED, 0xE0, 0x24, 0x33, 0xDF, 0x43, 0xDC, 0xCE, 0x0E, 0xF1, 0xEE, 0xD3, 0x3E
    .byte     17, 0x0E, 0xF1, 0x10, 0x1D, 0xDF, 0x32, 0xFE, 0xDD, 0xEF, 0xED, 0xDE, 0x12, 0x22, 0x1F, 0x1E
    .byte   0xED, 0xD2, 0x31, 0xCF, 0x23, 0x3E, 0x0E, 0xEF, 0x34, 0x4F, 0xEF, 0x35, 0x33, 0xDE, 0x14, 0x22
    .byte   0xFE,   35, 0x0F, 0x32, 0x3E, 0xEE, 0x23, 0xEE, 0xDD, 0xE3, 0x0E, 0xEE, 0xFE, 0x1E, 0xEE, 0xEE
    .byte   0x23, 0xEC, 0x12, 0x2E, 0xFF, 0xDE, 0xFE, 0xEE, 0xEE, 0xEE, 0xF1, 0x23, 0xFF, 0xE0, 0x41, 0xCF
    .byte   0x32, 0xEC,  -45, 0x03, 0x22, 0x13, 0x3E, 0xF3, 0x4F, 0xDD, 0xF2, 0x03, 0x54, 0x3C, 0xE3, 0x10
    .byte   0x2E, 0xDD, 0xF3, 0x3E, 0xF1, 0x23, 0x1D, 0xDF, 0x10, 0xDD, 0x11, 0xDD, 0xF3, 0xED, 0x01, 0x0E
    .byte   0x12, 0xED, 0xE1,  -17, 0x0D, 0xCE, 0x3E, 0xE1, 0x32, 0xE2, 0x30, 0xDC, 0x00, 0x21, 0x22, 0x1F
    .byte   0x45, 0x1C, 0xC3, 0x32, 0xD0, 0x12, 0x23, 0x21, 0x1E, 0xD1, 0x21, 0x33, 0x33, 0xED, 0x13, 0x4C
    .byte   0xCF, 0xF2, 0x20, 0x0F,   36, 0x02, 0x21, 0xDD, 0xFF, 0xED, 0xE0, 0xF1, 0x1D, 0xDF, 0xFE, 0xE1
    .byte   0x0D, 0xF2, 0x23, 0xFD, 0xDD, 0x3F, 0xEE, 0xE2, 0x12, 0x32, 0xFF, 0x02, 0x10, 0xE2, 0x22, 0x22
    .byte   0x0F, 0x02, 0x2E, 0xD2, 0x3E,    5, 0x02, 0x12, 0x14, 0x3C, 0xC0, 0x12, 0xEE, 0x2F, 0x24, 0x4E
    .byte   0xC2, 0x4E, 0xBC, 0xF3, 0xFD, 0x42, 0xD4, 0x40, 0xCB, 0x13, 0xEC, 0xD2, 0x10, 0x22, 0x1E, 0x22
    .byte   0x1C, 0xD3, 0x2D, 0x1F, 0x12, 0xD2,  -20, 0x00, 0xEE, 0x33, 0xD1, 0x33, 0x2D, 0xD3, 0x1D, 0xE1
    .byte   0x22, 0x22, 0xEF, 0x22, 0x2E, 0xF1, 0x13, 0xEE, 0x31, 0xDD, 0x12, 0xF1, 0x31, 0xF1, 0x33, 0x0D
    .byte   0xDE, 0x2F, 0xFD, 0xE1, 0x23, 0x2E, 0xEF,    3, 0x00, 0x2D, 0xEE, 0x04, 0x21, 0xEE, 0xE1, 0xFE
    .byte   0xDD, 0x12, 0x23, 0x0E, 0x33, 0x3F, 0xDE, 0xDD, 0x02, 0xEE, 0x23, 0xF3, 0xF1, 0x3D, 0xE1, 0x1F
    .byte   0xDE, 0x12, 0x32, 0x21, 0xEE, 0x32, 0xDC, 0xD2,  -15, 0x02, 0x12, 0x22, 0x22, 0x30, 0xDD, 0x0F
    .byte   0xEE, 0x0E, 0x23, 0x21, 0x1F, 0xF2, 0xEE, 0x1E, 0x31, 0xFF, 0xF3, 0x4C, 0xB1, 0x3D, 0x5E, 0x93
    .byte   0x6F, 0x3D, 0xC3, 0x23, 0x2E, 0xBB, 0x64, 0xC2, 0xE1,    5, 0x0E, 0x2F, 0xCD, 0x34, 0xD1, 0x3F
    .byte   0x12, 0x12, 0x1D, 0xE0, 0xE2, 0x2D, 0x11, 0xE2, 0x2D, 0xCE, 0x3E, 0x14, 0xEE, 0x30, 0xF4, 0xEB
    .byte   0x23, 0xDE, 0x22, 0xE2, 0x3D, 0x32, 0xEE, 0x12, 0x0F, 0x3D,   -3, 0x06, 0x83, 0x79, 0x26, 0xA4
    .byte   0x3D, 0x3E, 0x1D, 0x4D, 0x14, 0xCF, 0x31, 0xD2, 0x2D, 0x23, 0xD0, 0x20, 0xF2, 0x1F, 0x2E, 0xE3
    .byte   0x2D, 0x22, 0xE0, 0x1F, 0xF0, 0xE0, 0x1E, 0xF1, 0x0E, 0x10, 0xF0,    4, 0x00, 0xEF, 0x00, 0xFF
    .byte   0x00, 0xF0, 0xFF, 0x1F, 0xFF, 0x1F, 0x11, 0x1F, 0x2F, 0x01, 0x0F, 0xEF, 0xFF, 0x0F, 0xFF, 0x00
    .byte   0x1F, 0xF0, 0xFF, 0x1F, 0x10, 0x1F, 0xF2, 0x0F, 0x10, 0x01, 0x10, 0x11,   -8, 0x01, 0x10, 0x00
    .byte   0x11, 0xF1, 0x10, 0x01, 0x10, 0x10, 0x01, 0x01, 0x0F, 0x01, 0x01, 0x1F, 0x01, 0x1F, 0x10, 0x00
    .byte   0x00, 0x10, 0x11, 0x00, 0x00, 0x01, 0xFF, 0x10, 0x01, 0x0F, 0x10, 0x0F, 0x01,    7, 0x00, 0xF0
    .byte   0x10, 0xF0, 0xF1, 0x0F, 0x00, 0xF0, 0x0F, 0x0F, 0x00, 0x00, 0x1F, 0xF1, 0x00, 0x00, 0x00, 0x00
    .byte   0x1F, 0x1F, 0x1F, 0x00, 0x00, 0x0F, 0x00, 0x00, 0x0F, 0x1F, 0x0F, 0x00, 0x10, 0xF0,   -2, 0x01
    .byte   0xF0, 0xF1, 0xF0, 0x00, 0x01, 0xF1, 0xF0, 0x00, 0x00, 0x00, 0x00, 0xF1, 0x00, 0xF0, 0x10, 0xF1
    .byte   0x00, 0x00, 0x10, 0x0F, 0x10, 0x1F, 0x01, 0x0F, 0x1F, 0x10, 0x00, 0x1F, 0x00, 0x00, 0x01,   -1
    .byte   0x00, 0x00, 0x1F, 0x00, 0x00, 0x00, 0x00, 0x00, 0x1F, 0x1F, 0x1F, 0x10, 0x00, 0x0F, 0x1F, 0x10
    .byte   0xF1, 0x00, 0x0F, 0x10, 0x00, 0x00, 0x00, 0x00, 0x1F, 0xF1, 0x10, 0x00, 0xF0, 0x1F, 0x10, 0x0F
    .byte      0, 0x01, 0x1F, 0x00, 0xF0, 0x10, 0xF0, 0x00, 0x10, 0x0F, 0x01, 0xF1, 0x00, 0x0F, 0x1F, 0x10
    .byte   0x0F, 0x01, 0xF0, 0x01, 0x0F, 0x10, 0xF0, 0x00, 0x00, 0x00, 0x0F, 0x10, 0x00, 0x1F, 0x00, 0xF1
    .byte   0xF1,    0, 0x00, 0x00, 0x00, 0xF1, 0x0F, 0x10, 0x00, 0x01, 0xF0, 0x0F, 0x10, 0x00, 0x00, 0x00
    .byte   0x01, 0xF1, 0xF0, 0x1F, 0x10, 0x0F, 0x10, 0xF0, 0x0F, 0x11, 0x0F, 0x1F, 0xF1, 0x01, 0xF0, 0xF1
    .byte   0x00, 0x00,    0, 0x00, 0xF0, 0x10, 0xF0, 0x01, 0x0F, 0x00, 0x00, 0x1F, 0x00, 0x1F, 0x00, 0x00
    .byte   0x01, 0xF0, 0x1F, 0x1F, 0x01, 0x00, 0x00, 0x00, 0x0F, 0x01, 0x00, 0x00, 0x00, 0x00, 0x00, 0x00
    .byte   0x00, 0x00, 0x00,    0, 0x01, 0xF1, 0xF0, 0x00, 0x00, 0x0F, 0x10, 0x00, 0x00, 0x1F, 0x01, 0xF0
    .byte   0x1F, 0x00, 0x00, 0x00, 0x0F, 0x11, 0xF0, 0x0F, 0x10, 0x00, 0x0F, 0x1F, 0x01, 0x00, 0xF1, 0x0F
    .byte   0x1F, 0x10, 0x0F, 0x10,    0, 0x00, 0x00, 0xF1, 0x00, 0x00, 0x1F, 0xF0, 0x10, 0x00, 0x00, 0x0F
    .byte   0x10, 0x1F, 0x00, 0x00, 0x00, 0x00, 0x00, 0x01, 0x0F, 0x00, 0x10, 0xF0, 0x00, 0x10, 0xFF, 0x10
    .byte   0x0F, 0x00, 0x1F, 0x11, 0xF0,    1, 0x00, 0xE2, 0x11, 0x10, 0x10, 0x12, 0xFD, 0x91, 0x73, 0xD5
    .byte   0xD2, 0x3C, 0xF4, 0x94, 0xD3, 0x5A, 0x7A, 0x51, 0x86, 0xDE, 0x2D, 0x33, 0xD5, 0x12, 0xEC, 0x3E
    .byte   0x3C, 0xC3, 0xE5, 0xC5, 0xCD, 0x4F,   21, 0x03, 0xB3, 0xBB, 0x4D, 0x78, 0x7B, 0x36, 0x96, 0xB2
    .byte   0x03, 0x4C, 0x4C, 0xE5, 0xA5, 0xB3, 0xD3, 0x3B, 0x5C, 0x4D, 0x14, 0xC3, 0xF2, 0xD3, 0x2B, 0x6C
    .byte   0xD5, 0xA5, 0xDD, 0x69, 0x7A, 0x06, 0x97,  -28, 0x06, 0x2B, 0x6A, 0x6B, 0x4C, 0x14, 0xB4, 0xDE
    .byte   0x3C, 0x34, 0xB4, 0x1C, 0x5C, 0x30, 0xEF, 0xE1, 0x3E, 0xD6, 0x96, 0x1A, 0x6B, 0xE5, 0xA6, 0xDB
    .byte   0x79, 0x50, 0xD4, 0xC2, 0x1E, 0x13, 0xC4, 0x0B,   23, 0x0B, 0x23, 0xB5, 0xB5, 0xA6, 0xDC, 0x5B
    .byte   0x6A, 0x42, 0xC5, 0xB4, 0x2B, 0x6B, 0x31, 0xB6, 0xB4, 0xC2, 0xE2, 0x22, 0x2C, 0x4B, 0x5C, 0x4E
    .byte   0xC4, 0xC4, 0xC5, 0xCE, 0x4A, 0x7B, 0x23, 0xB3, 0x3F,   -1, 0x03, 0xB3, 0x30, 0x2F, 0xEC, 0x5D
    .byte   0x12, 0xED, 0x21, 0xC7, 0xBC, 0x5A, 0x5E, 0xE4, 0xB4, 0xD3, 0x4B, 0x4C, 0x3D, 0x33, 0xB6, 0x96
    .byte   0xDE, 0x59, 0x7A, 0x43, 0xA7, 0xA3, 0x4C, 0x32, 0xDF, 0x3E,   -5, 0x01, 0x3D, 0xF0, 0x22, 0x1C
    .byte   0x4E, 0xC5, 0xC3, 0x1D, 0x05, 0xCF, 0x4A, 0x5D, 0xD4, 0x1B, 0x44, 0xB5, 0xCE, 0x4D, 0xC6, 0xCC
    .byte   0x5B, 0x42, 0xDD, 0x4C, 0xE5, 0xC5, 0xCB, 0x6B, 0x42, 0xD1, 0xCF,   -7, 0x05, 0xBF, 0x4A, 0x53
    .byte   0xC6, 0xBD, 0x14, 0xEE, 0x4A, 0x5D, 0xD6, 0xCC, 0x2E, 0x30, 0x01, 0xDE, 0x13, 0x3E, 0xE0, 0xE2
    .byte   0x13, 0xDF, 0xFD, 0x32, 0xE3, 0xEE, 0x31, 0xC3, 0xEC, 0x4D, 0xE4, 0x0E,   10, 0x0E, 0xD3, 0xFE
    .byte   0x3D, 0xD2, 0xEF, 0x4F, 0xFD, 0x01, 0x13, 0xC3, 0xD1, 0x31, 0x3D, 0x20, 0xC4, 0x1F, 0xEE, 0xD2
    .byte   0x4D, 0x4C, 0xB4, 0x23, 0x3D, 0xC0, 0x32, 0x40, 0xBF, 0x03, 0x4E, 0xDD, 0xD2,    3, 0x03, 0xCE
    .byte   0x1E, 0x33, 0x1E, 0xEC, 0x34, 0xE3, 0xCE, 0x2D, 0x42, 0x0C, 0xF2, 0x13, 0xE2, 0xEC, 0x32, 0x33
    .byte   0xC0, 0x0D, 0x33, 0xDD, 0xFD, 0x34, 0xD0, 0x3D, 0xD4, 0x02, 0x1D, 0xFF, 0xF1, 0x2E,   -6, 0x02
    .byte   0x02, 0x3D, 0xE2, 0xD2, 0x10, 0x02, 0xE1, 0x3E, 0x1E, 0xD2, 0xF1, 0x3D, 0xF2, 0xE3, 0x3D, 0x0E
    .byte   0xD3, 0x2D, 0x3D, 0xD3, 0x3E, 0x20, 0xD3, 0x0D, 0x3D, 0xE3, 0x12, 0x0E, 0xF1, 0x12, 0x0D,   -7
    .byte   0x00, 0x12, 0x2E, 0x1E, 0x03, 0x11, 0xED, 0x12, 0x22, 0x1E, 0xEF, 0x02, 0x2E, 0xEE, 0xE3, 0x21
    .byte   0xEE, 0xF1, 0x22, 0xF1, 0xEF, 0x20, 0x2F, 0xEE, 0x00, 0x12, 0xE1, 0xE0, 0x20, 0x0F, 0x0E, 0x02
    .byte     -1, 0x02, 0xFF, 0x1F, 0x01, 0x10, 0x0E, 0x01, 0xF0, 0xFF, 0x0F, 0x02, 0x11, 0x0E, 0xF0, 0x21
    .byte   0x0E, 0xF1, 0x12, 0x21, 0xDE, 0x22, 0x01, 0xEE, 0x12, 0x12, 0xFE, 0xE1, 0x02, 0x1E, 0xFF, 0x12
    .byte   0x2E,    0, 0x0F, 0x01, 0x11, 0x00, 0xE1, 0x2F, 0x1F, 0xE0, 0xFF, 0x20, 0xE0, 0x01, 0x2F, 0x0F
    .byte   0xFE, 0xF1, 0x22, 0xFF, 0xFF, 0x22, 0x0E, 0xEE, 0x02, 0x02, 0x0E, 0xFE, 0x23, 0x0E, 0x10, 0xF1
    .byte   0x22, 0xFE,    3, 0x02, 0x11, 0x0E, 0xFF, 0x02, 0x2F, 0xEF, 0x01, 0x12, 0xEE, 0xE0, 0x21, 0x0E
    .byte   0xEF, 0xF1, 0x2E, 0x0E, 0xE1, 0x01, 0xFE, 0xEF, 0xF0, 0xFF, 0x0F, 0x01, 0x2F, 0x10, 0xFF, 0x12
    .byte   0x21, 0x13, 0x22,   16, 0x03, 0x33, 0xF2, 0x30, 0xEF, 0x2F, 0xDE, 0xF0, 0xDE, 0x11, 0xEE, 0xF2
    .byte   0xEE, 0xF0, 0xFE, 0xE0, 0xED, 0xE1, 0xFD, 0xEF, 0x0E, 0xE1, 0x1D, 0xF0, 0xEF, 0xDE, 0xFE, 0xE1
    .byte   0x20, 0x11, 0x20, 0x1F,  -55, 0x02, 0x14, 0x44, 0x44, 0x53, 0x33, 0x12, 0xED, 0x0D, 0xCE, 0x10
    .byte   0x1F, 0xF1, 0xED, 0x3F, 0xDE, 0xDE, 0xEE, 0xEF, 0xDD, 0xEE, 0xFE, 0xE0, 0xF0, 0x23, 0x22, 0x12
    .byte   0x22, 0x23, 0x0E, 0x22, 0x02,   22, 0x0F, 0xEE, 0x0F, 0xED, 0xED, 0xDD, 0xDD, 0xDE, 0xD0, 0xED
    .byte   0x21, 0xFF, 0xE1, 0x2F, 0x34, 0x34, 0x44, 0x55, 0x34, 0x3E, 0x21, 0xFE, 0xDD, 0xE1, 0xF2, 0x2E
    .byte   0xEE, 0xE0, 0xED, 0xED, 0xCE, 0xEF,   -6, 0x0D, 0xDE, 0xDF, 0x0F, 0xFF, 0x02, 0x32, 0x23, 0x22
    .byte   0x22, 0x22, 0x01, 0x21, 0x02, 0x0E, 0x0E, 0x00, 0xDE, 0xDD, 0xDF, 0xDD, 0xDD, 0xDF, 0xEE, 0xEE
    .byte   0x01, 0x11, 0x02, 0x33, 0x44, 0x45, 0x45,   62, 0x03, 0x32, 0x2E, 0x00, 0xFD, 0xE2, 0x02, 0x00
    .byte   0xED, 0xDE, 0xED, 0xDD, 0xDD, 0xEE, 0x1D, 0xDE, 0xEE, 0xEE, 0x1F, 0xE2, 0x33, 0x13, 0x22, 0x22
    .byte   0x23, 0xF0, 0x11, 0x12, 0x2F, 0x0E, 0xD0, 0xEE,   -2, 0x0D, 0xDD, 0xEE, 0xED, 0xDE, 0xDF, 0xFE
    .byte   0xE0, 0xF0, 0x2E, 0x22, 0x03, 0x43, 0x43, 0x45, 0x44, 0x23, 0x02, 0x31, 0x2F, 0xEF, 0x22, 0x2F
    .byte   0xDE, 0xCE, 0xFD, 0xDD, 0xDC, 0xEE, 0x01, 0xDD, 0xEE,  -31, 0x01, 0xFF, 0xFE, 0x12, 0x22, 0x30
    .byte   0x02, 0x22, 0x32, 0x12, 0xF0, 0x21, 0x00, 0xEF, 0xFE, 0xFF, 0xEE, 0xED, 0xDF, 0xDE, 0xDE, 0xDE
    .byte   0xEE, 0xFE, 0xF0, 0x0E, 0xF0, 0x22, 0x22, 0x33, 0x43, 0x44,   24, 0x03, 0x42, 0x34, 0x23, 0x21
    .byte   0x23, 0x22, 0x1F, 0xED, 0xDD, 0xEC, 0xDD, 0xCE, 0xDD, 0xFD, 0xDD, 0xED, 0xEE, 0xEE, 0xEE, 0x10
    .byte   0x12, 0x12, 0x22, 0x23, 0x22, 0x32, 0x12, 0x22, 0x11, 0xF0, 0xF0,   11, 0x0F, 0xEE, 0xDE, 0xED
    .byte   0xDE, 0xDD, 0xDE, 0xEE, 0xFF, 0xFE, 0xF0, 0x11, 0x23, 0x23, 0x43, 0x43, 0x44, 0x34, 0x32, 0x43
    .byte   0x23, 0x22, 0x23, 0x20, 0xED, 0xDD, 0xED, 0xDC, 0xDD, 0xDD, 0xED, 0xEC,  -17, 0x0D, 0xEE, 0xDE
    .byte   0xEF, 0xE2, 0x20, 0x21, 0x02, 0x22, 0x32, 0x23, 0x12, 0x22, 0x22, 0xFF, 0x0F, 0x0F, 0x0E, 0xDF
    .byte   0xDE, 0xDD, 0xED, 0xDE, 0xDE, 0xEE, 0xFF, 0xFF, 0x11, 0x12, 0x23, 0x33, 0x33,  -12, 0x04, 0x44
    .byte   0x23, 0x33, 0x43, 0x22, 0x21, 0x32, 0x2F, 0xED, 0xDD, 0xEE, 0xDC, 0xDD, 0xDE, 0xDE, 0xEC, 0xDD
    .byte   0xED, 0xFE, 0xEE, 0xF1, 0x22, 0x11, 0x02, 0x22, 0x32, 0x12, 0x22, 0x22, 0x00, 0xE0,    1, 0x0F
    .byte   0x00, 0xED, 0xEE, 0xFE, 0xDE, 0xDE, 0xEE, 0xEE, 0xFE, 0xFF, 0x00, 0xF1, 0x22, 0x32, 0x33, 0x32
    .byte   0x43, 0x34, 0x41, 0x33, 0x34, 0x13, 0x20, 0x23, 0x20, 0xFD, 0xED, 0xDF, 0xDD, 0xDC, 0xED,   25
    .byte   0x0D, 0xED, 0xCE, 0xDE, 0xEE, 0xEE, 0xF0, 0x12, 0x11, 0x01, 0x22, 0x23, 0x22, 0x11, 0x22, 0x21
    .byte   0xFE, 0xE1, 0x2F, 0x0E, 0xDE, 0xEE, 0xEE, 0xDD, 0xDF, 0xF0, 0xFE, 0xEE, 0x02, 0x11, 0x02, 0x02
    .byte    -53, 0x03, 0x33, 0x13, 0x43, 0x44, 0x22, 0x23, 0x43, 0x22, 0x2F, 0x23, 0x3E, 0xED, 0xED, 0xE0
    .byte   0xEC, 0xDD, 0xDE, 0xED, 0xDD, 0xCE, 0xEE, 0xEE, 0xDF, 0xF1, 0x10, 0xFF, 0xF2, 0x21, 0x32, 0x12
    .byte   0x22,   -6, 0x01, 0x20, 0xFE, 0x11, 0x1E, 0x0E, 0xEE, 0xEE, 0xEE, 0xDE, 0xDF, 0xFE, 0xE0, 0xE1
    .byte   0x10, 0x10, 0x21, 0x22, 0x23, 0x23, 0x33, 0x33, 0x34, 0x33, 0x22, 0x33, 0x32, 0x21, 0x12, 0x31
    .byte   0xFE, 0xDE,   86, 0x0E, 0xED, 0xDD, 0xDE, 0xED, 0xED, 0xCE, 0xDF, 0xEE, 0xEE, 0xEF, 0x02, 0x0E
    .byte   0xF1, 0x21, 0x31, 0x11, 0x22, 0x22, 0x01, 0x0F, 0x00, 0x01, 0xEE, 0xFF, 0xE0, 0xED, 0xEE, 0xEE
    .byte   0xEE, 0xEF, 0xE1,  -64, 0x00, 0x01, 0x02, 0x12, 0x12, 0x32, 0x22, 0x33, 0x23, 0x33, 0x33, 0x32
    .byte   0x32, 0x33, 0x12, 0x21, 0x22, 0x1F, 0xEE, 0xED, 0xFE, 0xDD, 0xDE, 0xDE, 0xDD, 0xED, 0xDE, 0xEE
    .byte   0xEE, 0xEF, 0xE1, 0x11,  -37, 0x00, 0x02, 0x21, 0x22, 0x21, 0x22, 0x10, 0x20, 0x0E, 0x2F, 0xF0
    .byte   0xEF, 0xEE, 0xE0, 0xDE, 0xEE, 0xEE, 0xEE, 0xEF, 0xF0, 0x00, 0x20, 0x02, 0x12, 0x22, 0x31, 0x32
    .byte   0x33, 0x33, 0x23, 0x42, 0x22,   66, 0x03, 0x30, 0x3F, 0x02, 0x22, 0xFE, 0xEE, 0xEE, 0xED, 0xDD
    .byte   0xDE, 0xDE, 0xDD, 0xDD, 0xEE, 0xEE, 0xEE, 0xEF, 0x01, 0x1F, 0xF0, 0x22, 0x22, 0x11, 0x22, 0x22
    .byte   0x01, 0xFF, 0xF2, 0x0E, 0xFE, 0x0E,  -19, 0x0F, 0xED, 0xEE, 0xEE, 0xEE, 0xEE, 0xFF, 0x1F, 0xF1
    .byte   0x12, 0x12, 0x22, 0x22, 0x32, 0x33, 0x23, 0x33, 0x33, 0x4F, 0x31, 0x33, 0x22, 0x2F, 0x12, 0x21
    .byte   0xEE, 0xED, 0xEF, 0xED, 0xCE, 0xDE, 0xDE,   12, 0x0D, 0xDD, 0xFE, 0xEE, 0xEE, 0xFF, 0x21, 0xFF
    .byte   0xF1, 0x22, 0x22, 0x2F, 0x22, 0x22, 0xFF, 0xFF, 0x01, 0xFF, 0xEE, 0xE0, 0xEF, 0xED, 0xEE, 0xEE
    .byte   0xFD, 0xEE, 0xF1, 0x11, 0x00, 0x12, 0x22, 0x22,  -41, 0x02, 0x32, 0x33, 0x33, 0x23, 0x43, 0x32
    .byte   0x23, 0x32, 0x22, 0xF1, 0x12, 0x10, 0xED, 0xED, 0xEE, 0xDD, 0xDD, 0xDD, 0xEE, 0xDD, 0xDE, 0xFE
    .byte   0xEF, 0xEE, 0x11, 0x21, 0xF1, 0x12, 0x22, 0x22, 0x12,   -5, 0x02, 0x21, 0x1F, 0xFF, 0x01, 0xFE
    .byte   0xEE, 0xFE, 0xEE, 0xDE, 0xED, 0xE0, 0xD0, 0xEE, 0xF0, 0x01, 0x11, 0x22, 0x02, 0x32, 0x22, 0x33
    .byte   0x14, 0x33, 0x34, 0x33, 0x23, 0x32, 0x30, 0x20, 0x02, 0x2F,  105, 0x0D, 0xEE, 0xDE, 0xEC, 0xDD
    .byte   0xDD, 0xED, 0xDD, 0xDE, 0xEE, 0xEE, 0xEF, 0x01, 0x21, 0x11, 0x12, 0x22, 0x22, 0x22, 0x23, 0x12
    .byte   0x00, 0x10, 0xF0, 0xFE, 0xEF, 0xEE, 0xFD, 0xED, 0xEE, 0xEE, 0xDE,  -66, 0x0F, 0xE0, 0x0F, 0xE2
    .byte   0x02, 0x22, 0x22, 0x22, 0x33, 0x33, 0x33, 0x34, 0x42, 0x33, 0x23, 0x32, 0x11, 0x12, 0x20, 0xFD
    .byte   0xEE, 0xDE, 0xDD, 0xCD, 0xDD, 0xED, 0xDD, 0xDE, 0xEE, 0xEE, 0xEF, 0x01,  -41, 0x01, 0x01, 0x22
    .byte   0x22, 0x31, 0x21, 0x32, 0x22, 0x11, 0xF1, 0x00, 0xEF, 0xEE, 0x0E, 0xEE, 0xDE, 0xDE, 0xDE, 0xDE
    .byte   0xEE, 0xEE, 0xE0, 0x00, 0x20, 0x22, 0x22, 0x33, 0x23, 0x34, 0x33, 0x43, 0x43,   69, 0x03, 0x32
    .byte   0x23, 0xF1, 0x21, 0x10, 0xEE, 0xED, 0xDE, 0xDC, 0xDC, 0xED, 0xDD, 0xDD, 0xED, 0xFE, 0xEE, 0xE0
    .byte   0x11, 0x20, 0x21, 0x22, 0x31, 0x32, 0x22, 0x23, 0x21, 0x11, 0x10, 0xFF, 0x0E, 0xEF,    3, 0x0E
    .byte   0xEE, 0xED, 0xDE, 0xED, 0xEE, 0xD0, 0xEF, 0xF0, 0xF1, 0x11, 0x22, 0x22, 0x23, 0x23, 0x34, 0x24
    .byte   0x34, 0x33, 0x33, 0x23, 0x22, 0x11, 0x22, 0xFE, 0xEE, 0xEE, 0xDD, 0xDC, 0xDD, 0xED, 0xDD,  -14
    .byte   0x0D, 0xEE, 0xED, 0xFE, 0xF0, 0x00, 0x20, 0x02, 0x22, 0x31, 0x22, 0x32, 0x22, 0x21, 0x11, 0x11
    .byte   0xFF, 0xFE, 0xFF, 0xEE, 0xEE, 0xED, 0xEE, 0xED, 0xEE, 0xEF, 0xFE, 0xFF, 0x01, 0x02, 0x10, 0x22
    .byte    -45, 0x02, 0x32, 0x33, 0x34, 0x33, 0x33, 0x33, 0x23, 0x22, 0x11, 0x21, 0x1F, 0xE0, 0xDE, 0xED
    .byte   0xDD, 0xDD, 0xDD, 0xDE, 0xDD, 0xED, 0xEE, 0xEE, 0x0E, 0x00, 0x01, 0x11, 0x22, 0x22, 0x22, 0x22
    .byte   0x22,   -5, 0x02, 0x20, 0x20, 0x11, 0x10, 0xFF, 0xFE, 0xEE, 0xEE, 0xEE, 0xEE, 0xEE, 0xE0, 0xE0
    .byte   0xF0, 0x11, 0x12, 0x20, 0x12, 0x12, 0x22, 0x22, 0x22, 0x32, 0x32, 0x31, 0x23, 0x12, 0x21, 0x12
    .byte   0x11, 0x1F,   65, 0x0F, 0xFF, 0xEE, 0xEE, 0xDE, 0xED, 0xEE, 0xDF, 0xDE, 0xEE, 0xFE, 0xEF, 0xFF
    .byte   0x0F, 0x10, 0x10, 0x20, 0x12, 0x11, 0x21, 0x21, 0x12, 0x02, 0x11, 0x11, 0x00, 0xF1, 0xFF, 0xF0
    .byte   0xE0, 0xEF, 0x0E,  -14, 0x0F, 0xEF, 0x0E, 0x0F, 0xF0, 0x00, 0x00, 0x01, 0x20, 0x12, 0x12, 0x21
    .byte   0x22, 0x21, 0x22, 0x02, 0x01, 0x20, 0x01, 0x11, 0x01, 0x0F, 0xFF, 0x1E, 0x0F, 0xEF, 0xFF, 0xE0
    .byte   0xE0, 0xF0, 0xE0, 0xFF,   -1, 0x0F, 0xFF, 0x01, 0x02, 0x00, 0x1F, 0x0F, 0x20, 0x43, 0x8E, 0x6F
    .byte   0x2D, 0x24, 0x2C, 0xF5, 0xBC, 0x31, 0x5D, 0xA0, 0x4E, 0x44, 0xDB, 0xC3, 0x62, 0xD4, 0xCE, 0x5B
    .byte   0x30, 0x8D, 0x6D, 0x54, 0xC2,   12, 0x0C, 0x53, 0xBE, 0xB2, 0x4D, 0x5C, 0xD5, 0xC2, 0x4D, 0xFD
    .byte   0xD3, 0x13, 0x1B, 0x4F, 0xC6, 0xCE, 0x4B, 0xE4, 0xFD, 0x42, 0xC3, 0x01, 0x22, 0xFB, 0x5E, 0xB7
    .byte   0xCA, 0x7C, 0xC6, 0xBE, 0x3B, 0x51,    1, 0x04, 0xBE, 0x4D, 0x43, 0xB1, 0xD3, 0x5C, 0x31, 0xA3
    .byte   0x5E, 0x2E, 0xCE, 0x1F, 0x43, 0xEC, 0xD3, 0x23, 0x2E, 0xDE, 0xE2, 0x4F, 0xDE, 0xEF, 0x23, 0x12
    .byte   0xDD, 0x23, 0x00, 0xF0, 0xEE, 0xE3, 0x3E,   -2, 0x0F, 0xE1, 0x20, 0x3F, 0xDE, 0x12, 0x20, 0x1E
    .byte   0xE1, 0x11, 0x31, 0xD0, 0xE2, 0x22, 0x0E, 0xFE, 0xE3, 0x2F, 0xFE, 0xF1, 0x21, 0x22, 0xDE, 0xF2
    .byte   0x12, 0xFE, 0xEE, 0xE2, 0x20, 0xEE, 0xF0, 0x12,    0, 0x00, 0xDE, 0x22, 0x1F, 0xFF, 0xF0, 0x12
    .byte   0x2F, 0xEE, 0xE2, 0x10, 0x20, 0xEF, 0xF3, 0x1F, 0x0E, 0x01, 0x12, 0x2F, 0xEF, 0x12, 0x10, 0x0F
    .byte   0x02, 0x11, 0x20, 0xF0, 0x00, 0x2F, 0xF0, 0xFF, 0x00,   12, 0x00, 0x0F, 0xF0, 0xEE, 0x2F, 0x0E
    .byte   0xEF, 0x0F, 0x11, 0xFF, 0xEF, 0xE1, 0x1F, 0xFF, 0xEE, 0x31, 0xF1, 0x0E, 0x10, 0x12, 0xF0, 0xE0
    .byte   0x21, 0x10, 0xF0, 0x0F, 0x20, 0x11, 0x0F, 0xF1, 0x02, 0x1F,   -5, 0x01, 0x20, 0x20, 0x1F, 0x00
    .byte   0x12, 0x00, 0x1F, 0x10, 0x21, 0xF0, 0x0F, 0x11, 0x1F, 0x0F, 0x01, 0xF0, 0x1F, 0xFF, 0x0F, 0x1F
    .byte   0xFF, 0xF0, 0x0F, 0xF0, 0xFF, 0xFF, 0x00, 0xFF, 0x0F, 0x0F, 0x00,   -3, 0x0F, 0x01, 0xF0, 0x0F
    .byte   0xF0, 0x0F, 0x10, 0xF0, 0x00, 0x0F, 0x00, 0x00, 0x00, 0x00, 0x01, 0xF0, 0x01, 0x00, 0xF1, 0x00
    .byte   0x11, 0xF1, 0x00, 0x11, 0x01, 0x1F, 0x10, 0x10, 0x00, 0x10, 0x01, 0xF1,    1, 0x01, 0x10, 0xF1
    .byte   0x00, 0xF0, 0x00, 0x00, 0x00, 0x00, 0x0F, 0x00, 0x00, 0x00, 0x01, 0xF0, 0x00, 0x00, 0x0F, 0x10
    .byte   0x00, 0x01, 0x00, 0x00, 0xF1, 0x00, 0xF1, 0x0F, 0x1F, 0x1F, 0x01, 0xF1, 0x0F,    1, 0x00, 0x1F
    .byte   0x00, 0x00, 0x1F, 0x00, 0x1F, 0x00, 0x00, 0x00, 0xF1, 0x00, 0x0F, 0x00, 0x00, 0x00, 0x1F, 0x00
    .byte   0xF1, 0xF0, 0x00, 0x1F, 0x00, 0x00, 0x01, 0xF0, 0x01, 0xF1, 0x00, 0xF0, 0x00, 0x01,   -1, 0x00
    .byte   0x00, 0x00, 0xF1, 0x00, 0x01, 0xF0, 0x01, 0xF1, 0x0F, 0x0F, 0x10, 0x01, 0x00, 0x0F, 0x10, 0x00
    .byte   0x01, 0xF0, 0x00, 0x01, 0x00, 0x0F, 0x01, 0x00, 0xF1, 0xF0, 0x01, 0xF0, 0x00, 0x00, 0x00,    0
    .byte   0x00, 0x00, 0x00, 0x01, 0x0F, 0x01, 0x0F, 0xF1, 0x00, 0x10, 0xF0, 0x00, 0x00, 0x0F, 0x10, 0xF1
    .byte   0xF0, 0x1F, 0x1F, 0x1F, 0x10, 0x00, 0xF0, 0x1F, 0x00, 0x1F, 0x10, 0x00, 0xF1, 0x00, 0x00, 0x01
    .byte      0, 0x00, 0x10, 0x00, 0x00, 0x00, 0xF1, 0x00, 0x00, 0x0F, 0x00, 0x1F, 0x01, 0x0F, 0x1F, 0x00
    .byte   0x00, 0x1F, 0x0F, 0x10, 0x01, 0xF0, 0x00, 0x0F, 0x11, 0xF0, 0x00, 0xF1, 0x00, 0x0F, 0x10, 0x00
    .byte   0xF1,   -1, 0x01, 0xF1, 0x0F, 0x00, 0x10, 0xF1, 0x00, 0x0F, 0x00, 0x01, 0x0F, 0x01, 0x00, 0x0F
    .byte   0x10, 0x00, 0x00, 0x0F, 0x10, 0x0F, 0x10, 0x00, 0x00, 0xF1, 0x00, 0x1F, 0x00, 0x10, 0xF0, 0x01
    .byte   0xF0, 0x1F,    1, 0x00, 0xF0, 0x10, 0xF0, 0x1F, 0x10, 0x00, 0xF0, 0x00, 0x00, 0x00, 0x01, 0xF0
    .byte   0x00, 0x00, 0xF1, 0x0F, 0x10, 0xF1, 0x01, 0xF0, 0xF1, 0x00, 0xF0, 0x10, 0x00, 0xF1, 0xF1, 0x00
    .byte   0x00, 0x0F, 0x10,    0, 0x00, 0x00, 0x00, 0xF1, 0x00, 0x00, 0x00, 0x00, 0x00, 0x01, 0xF0, 0xF1
    .byte   0x1F, 0x01, 0xF1, 0xF0, 0x1F, 0x01, 0x00, 0xF0, 0x01, 0x00, 0x00, 0xF1, 0x00, 0xF0, 0x00, 0x00
    .byte   0x00, 0x00, 0x01, 0xF0,    0, 0x00, 0xF1, 0x0F, 0x10, 0xF1, 0x0F, 0x10, 0x0F, 0x1F, 0x1F, 0x10
    .byte   0x00, 0x00, 0xF1, 0x00, 0x01, 0xF0, 0x00, 0xF1, 0x00, 0x00, 0x01, 0xF1, 0xF0, 0x00, 0x00, 0x00
    .byte   0x1F, 0x01, 0xFF, 0x10, 0x00,    0, 0x00, 0x00, 0x1F, 0x00, 0x0F, 0x10, 0x00, 0x00, 0x00, 0x00
    .byte   0x1F, 0x1F, 0x00, 0x00, 0xF1, 0x00, 0x1F, 0x00, 0x00, 0x00, 0x00, 0x00, 0x00, 0x0F, 0x01, 0xF1
    .byte   0x1F, 0xF1, 0x00, 0x00, 0x00, 0x1F,    0, 0x00, 0x00, 0x0F, 0x01, 0x1F, 0x00, 0x1F, 0x00, 0x1F
    .byte   0x00, 0x00, 0x00, 0x00, 0x00, 0x00, 0x00, 0x00, 0xF0, 0x10, 0x01, 0xF0, 0x00, 0x00, 0x00, 0x00
    .byte   0xF1, 0x00, 0x00, 0x00, 0x00, 0x00, 0x00,    0, 0x00, 0xF1, 0xF1, 0x00, 0x00, 0x00, 0x10, 0x00
    .byte   0x00, 0x00, 0x33, 0x0D, 0xCC, 0xD4, 0x52, 0xD1, 0xDE, 0x54, 0x2C, 0xDC, 0xE4, 0x4E, 0xBB, 0xD2
    .byte   0x44, 0x1D, 0xD2, 0x2D, 0xE2, 0x34, 0x41, 0xDC,  -17, 0x0E, 0x34, 0x3E, 0xDE, 0xF0, 0xFE, 0x02
    .byte   0x22, 0xFE, 0xEF, 0x22, 0x21, 0xFE, 0xE1, 0x10, 0x00, 0x11, 0x21, 0x10, 0x11, 0x22, 0x22, 0xFF
    .byte   0xEE, 0xEE, 0xFF, 0xFF, 0xE0, 0xE0, 0x12, 0x11, 0x1F,    1, 0x0F, 0xEF, 0xF0, 0xEE, 0xFE, 0xDE
    .byte   0x0E, 0xDE, 0xDD, 0x01, 0x33, 0x32, 0x33, 0x25, 0x66, 0x62, 0x1F, 0xCA, 0xAA, 0xBD, 0xF4, 0x34
    .byte   0x21, 0x0F, 0x23, 0x34, 0x33, 0xFC, 0xCC, 0xBD, 0xDF, 0x13,  -13, 0x02, 0x11, 0x23, 0x32, 0x22
    .byte   0x0D, 0xDD, 0xCE, 0xDF, 0xE2, 0x02, 0x1F, 0xFF, 0xE0, 0x0F, 0xDD, 0xCC, 0xCD, 0xD3, 0x34, 0x33
    .byte   0x32, 0x34, 0x77, 0x72, 0x11, 0xFB, 0x88, 0x8C, 0x35, 0x67, 0x65,   82, 0x0E, 0xDD, 0xE1, 0x23
    .byte   0x0D, 0xBB, 0xAB, 0xCF, 0x35, 0x56, 0x32, 0xEC, 0xCD, 0x23, 0x32, 0xFD, 0xDD, 0xD1, 0x23, 0x30
    .byte   0xFD, 0xDD, 0xDD, 0x33, 0x33, 0x1E, 0xDC, 0xCD, 0xDE, 0xEF, 0xDE, 0xEE,  -91, 0x03, 0x33, 0x34
    .byte   0x43, 0x57, 0x74, 0x11, 0xFB, 0x88, 0x8C, 0x45, 0x77, 0x76, 0x1D, 0xBB, 0xCD, 0xEF, 0x2D, 0xCC
    .byte   0xCE, 0x02, 0x45, 0x33, 0xEC, 0xCD, 0xDF, 0x34, 0x42, 0xEE, 0xDD, 0xDE, 0x22,    3, 0x0E, 0xEF
    .byte   0xDE, 0xFF, 0x12, 0x30, 0xDD, 0xEC, 0xCE, 0xF2, 0x32, 0xFD, 0xDD, 0xCF, 0x24, 0x43, 0x54, 0x44
    .byte   0x67, 0x41, 0xFD, 0xA8, 0x9A, 0xD4, 0x56, 0x76, 0x4E, 0xDC, 0xCC, 0xED, 0xEE, 0xCD,  -12, 0x02
    .byte   0x13, 0x33, 0x1E, 0xDC, 0xEF, 0x03, 0x34, 0x1E, 0xEE, 0xEE, 0xE0, 0xF1, 0x2D, 0xE0, 0xE0, 0x13
    .byte   0x22, 0xEE, 0xCD, 0xCD, 0x02, 0xEF, 0xEE, 0xDD, 0xF2, 0x23, 0x03, 0x33, 0x12, 0x34, 0x35,   77
    .byte   0x07, 0x1F, 0x0A, 0x98, 0xBC, 0x36, 0x65, 0x64, 0x2C, 0xDD, 0xDD, 0xDD, 0xDD, 0xCD, 0x23, 0x23
    .byte   0x33, 0xDC, 0xCD, 0x12, 0x34, 0x43, 0xDD, 0xED, 0xEE, 0xE2, 0x0E, 0xDE, 0xF2, 0x22, 0x32, 0x1D
    .byte    -19, 0x0C, 0xCE, 0xE2, 0x32, 0x0D, 0xCD, 0xDE, 0x44, 0x22, 0xFE, 0xC2, 0x45, 0x55, 0x45, 0x73
    .byte   0xDC, 0xCA, 0xAA, 0xD1, 0x55, 0x45, 0x52, 0xEF, 0xFC, 0xCC, 0xCC, 0xDE, 0xF4, 0x43, 0xEE, 0xEC
    .byte   0xCD,  -25, 0x03, 0x34, 0x22, 0x20, 0xDE, 0x20, 0xFD, 0xDD, 0xDE, 0xF3, 0x43, 0x0F, 0xED, 0xDD
    .byte   0xED, 0x10, 0xE0, 0xEE, 0xD0, 0xEE, 0xE2, 0x2D, 0xEF, 0x24, 0x45, 0x43, 0x22, 0x33, 0x76, 0xDE
    .byte   0xCB, 0x9A,  -20, 0x03, 0x55, 0x43, 0x33, 0xCF, 0x30, 0xCC, 0xCA, 0xDE, 0xF4, 0x64, 0xDC, 0xDC
    .byte   0xBD, 0x34, 0x43, 0xF1, 0x32, 0xC0, 0x41, 0xCD, 0xDC, 0xFE, 0xE4, 0x52, 0xDE, 0x20, 0xCD, 0xDE
    .byte   0xDD, 0xD1, 0x1E,  -67, 0x01, 0x2F, 0xE2, 0x20, 0xF0, 0xD2, 0x35, 0x43, 0x23, 0x44, 0x57, 0x3C
    .byte   0xCA, 0xBA, 0xC4, 0x45, 0x33, 0x33, 0x21, 0x3F, 0xDA, 0xBB, 0xD2, 0x34, 0x5F, 0xDC, 0xDF, 0x2F
    .byte   0x1F, 0xEE, 0xE2, 0x34,   27, 0x0F, 0xDD, 0xCE, 0xF1, 0x2E, 0xEE, 0x10, 0x23, 0x32, 0xDC, 0xCC
    .byte   0xDE, 0x20, 0xFE, 0xEE, 0xEE, 0x34, 0x3C, 0xDE, 0xE1, 0x55, 0x64, 0xDD, 0x45, 0x66, 0x2D, 0xAA
    .byte   0xBB, 0x24, 0x44, 0xFE, 0x24,   83, 0x03, 0x2D, 0xBA, 0xAD, 0x33, 0x32, 0x1E, 0xED, 0x13, 0x20
    .byte   0xDC, 0xE1, 0x34, 0x32, 0xFC, 0xDE, 0x22, 0x3E, 0xDD, 0xD1, 0x23, 0x31, 0xED, 0xE0, 0xFD, 0xDC
    .byte   0xDD, 0x0E, 0xE1, 0x0F, 0x04, 0x4E,  -67, 0x0D, 0xF3, 0x45, 0x54, 0x2F, 0x44, 0x56, 0x3B, 0xAC
    .byte   0xCD, 0xF4, 0x32, 0xDE, 0x45, 0x42, 0xDC, 0xCA, 0xC2, 0x3F, 0xDD, 0xF3, 0x12, 0x32, 0xCC, 0xD2
    .byte   0x42, 0x22, 0xEE, 0xE3, 0x3F, 0xED, 0xDD,  -14, 0x02, 0x22, 0xDE, 0xE2, 0x30, 0x1D, 0xCC, 0xDE
    .byte   0xED, 0xFD, 0xEE, 0xF4, 0x40, 0x11, 0xCD, 0x14, 0x64, 0x33, 0x43, 0x45, 0x64, 0xDA, 0xAC, 0x1E
    .byte   0x12, 0xF0, 0xE5, 0x54, 0x2C, 0xDC, 0xCD, 0xDE,    5, 0x0C, 0xE3, 0x04, 0xED, 0x0D, 0x12, 0x22
    .byte   0xDF, 0xF2, 0x33, 0x1E, 0x1D, 0xEF, 0x31, 0xCD, 0xE3, 0x31, 0x0E, 0x0E, 0xD1, 0x0D, 0xCD, 0xDE
    .byte   0xDC, 0xE0, 0x23, 0x20, 0x23, 0x33, 0x33, 0x34, 0x13,   35, 0x05, 0x43, 0x5F, 0xBD, 0xBF, 0xDC
    .byte   0xEE, 0x3F, 0x35, 0x43, 0xDC, 0xF1, 0xDB, 0xDD, 0x0D, 0xD3, 0x2E, 0xC0, 0x42, 0x1C, 0x14, 0x22
    .byte   0xEE, 0x3E, 0xD2, 0x30, 0xDD, 0xF1, 0xEE, 0x02, 0x11, 0xEE,   -9, 0x02, 0xDC, 0xCD, 0xFD, 0xDC
    .byte   0xDF, 0x23, 0x3F, 0xD2, 0x44, 0x1E, 0x15, 0x54, 0x44, 0x33, 0x65, 0xDA, 0xCE, 0x2C, 0xCC, 0xE3
    .byte   0x14, 0x53, 0xEF, 0x03, 0xEB, 0xCC, 0x3E, 0xCD, 0xD0, 0x02, 0xF1,  -17, 0x0E, 0xF4, 0x31, 0x2E
    .byte   0x11, 0x12, 0x21, 0xCE, 0x22, 0xCC, 0x14, 0x3E, 0x10, 0x01, 0x0E, 0xDC, 0xDD, 0xDC, 0xDD, 0xF0
    .byte   0x12, 0x1E, 0x24, 0x3F, 0x14, 0x54, 0x45, 0x43, 0x46, 0x4B, 0xBD, 0x20,   44, 0x0B, 0xD2, 0x31
    .byte   0x34, 0x30, 0x23, 0x3C, 0xBD, 0x11, 0xDB, 0xC1, 0x3E, 0xDE, 0xE1, 0x22, 0x32, 0x22, 0x23, 0xFE
    .byte   0x22, 0x0E, 0xEE, 0xDD, 0x23, 0xDC, 0x14, 0x3E, 0xDE, 0x0F, 0xDE, 0xDC, 0xDD,  -69, 0x0E, 0xCD
    .byte   0x03, 0x2E, 0xD3, 0x54, 0x11, 0x55, 0x44, 0x45, 0x45, 0xEB, 0xDD, 0x0D, 0xBB, 0x22, 0x1F, 0x24
    .byte   0x23, 0x13, 0x2C, 0xDE, 0x2D, 0xCD, 0xD0, 0xED, 0xDE, 0xE1, 0x21, 0x20, 0x24, 0x31,   10, 0x0F
    .byte   0x33, 0x3D, 0xBD, 0x31, 0xDC, 0xD2, 0x22, 0x10, 0x0E, 0x2F, 0xED, 0xCF, 0x0E, 0xCD, 0xEE, 0xE0
    .byte   0x2F, 0xD1, 0x45, 0x4F, 0x36, 0x64, 0x24, 0x54, 0xFB, 0xED, 0x2B, 0xBD, 0xF0, 0xD1, 0x33,   39
    .byte   0x01, 0x13, 0x0D, 0xE2, 0x1D, 0xCD, 0x0F, 0xEC, 0xDE, 0xFF, 0xE2, 0x1F, 0x33, 0x32, 0xF2, 0x32
    .byte   0x3E, 0xDF, 0xE2, 0xDC, 0xD0, 0x3E, 0xEE, 0x21, 0x0E, 0x0E, 0xDD, 0xD0, 0xEC, 0xD2, 0x1E, 0xD0
    .byte    -87, 0x01, 0x33, 0x43, 0x25, 0x64, 0x43, 0x55, 0x3D, 0xCE, 0xFE, 0xBB, 0xEF, 0xDD, 0x03, 0x11
    .byte   0x33, 0x1D, 0xE3, 0x2F, 0xCD, 0x2F, 0xEC, 0xDD, 0xEE, 0xEE, 0xD1, 0x33, 0x31, 0x22, 0x33, 0x22
    .byte   0xF0,   26, 0x0D, 0xDD, 0xD1, 0xED, 0xE1, 0x11, 0x2F, 0xDE, 0xEF, 0xDD, 0xDD, 0x2F, 0xDE, 0xE1
    .byte   0x21, 0x3F, 0x13, 0x54, 0x33, 0x56, 0x43, 0x54, 0xDC, 0xE1, 0xEB, 0xBD, 0x1D, 0xDE, 0x32, 0xE2
    .byte   0x33, 0xDD,   33, 0x03, 0xEE, 0xD0, 0xED, 0xEE, 0xCD, 0xD1, 0xEE, 0xE2, 0x42, 0x22, 0x34, 0x20
    .byte   0x13, 0x0E, 0xDE, 0xED, 0xDE, 0x0D, 0xEF, 0xF0, 0xEF, 0xE0, 0xE1, 0xED, 0xDE, 0xFF, 0xDE, 0xE0
    .byte   0x03, 0x32, 0xF4,  -25, 0x05, 0x23, 0x55, 0x44, 0x43, 0xCC, 0xE2, 0xEB, 0xBD, 0x2D, 0xEE, 0x22
    .byte   0xF3, 0x31, 0xC2, 0x33, 0xEC, 0xFE, 0x1E, 0xDC, 0xDD, 0x2E, 0xEE, 0xF3, 0x33, 0x21, 0x24, 0x3F
    .byte   0xF1, 0x1F, 0xED, 0xED,  -13, 0x0F, 0xFE, 0xDD, 0x22, 0x0D, 0xE1, 0xFE, 0xED, 0xED, 0xE1, 0x1E
    .byte   0xEF, 0x23, 0x22, 0x25, 0x44, 0x34, 0x55, 0x34, 0x40, 0xCC, 0xF2, 0xCB, 0xC1, 0xFD, 0xE2, 0x20
    .byte   0xF3, 0x3D, 0xD2, 0x32, 0xED,   23, 0x0F, 0xD1, 0xDD, 0xCD, 0x2F, 0xEE, 0xF4, 0x32, 0x22, 0x33
    .byte   0x02, 0x1E, 0x0D, 0xFE, 0xDD, 0xEE, 0xEE, 0xEF, 0x1F, 0xFE, 0xED, 0x00, 0xED, 0xDF, 0x0E, 0xE2
    .byte   0xEE, 0x24, 0x20, 0x15, 0x54, 0x14,   54, 0x04, 0x33, 0x5F, 0xBD, 0xF2, 0xCB, 0xDE, 0x2D, 0xF1
    .byte   0x2E, 0x04, 0x1E, 0xC3, 0x4E, 0xEC, 0x2E, 0xFD, 0xDE, 0xCE, 0xF1, 0xED, 0x33, 0x41, 0x22, 0x33
    .byte   0x11, 0xFE, 0xEE, 0xDD, 0xED, 0xFE, 0xFE,  -30, 0x0E, 0x02, 0xEE, 0xDF, 0x0E, 0xDD, 0xFF, 0xEE
    .byte   0xF0, 0x1F, 0x24, 0x31, 0x35, 0x44, 0x34, 0x54, 0x33, 0x4C, 0xCE, 0xF1, 0xBB, 0xE0, 0xFD, 0x22
    .byte   0x2F, 0x14, 0x1D, 0xD2, 0x4D, 0xDE, 0x0D, 0xDF,   -1, 0x0F, 0xBE, 0x30, 0x0D, 0x34, 0x21, 0x33
    .byte   0x3F, 0xE2, 0x0D, 0xDD, 0x1D, 0xDD, 0x1F, 0xE0, 0x0F, 0xEF, 0xFE, 0xDD, 0x0E, 0xD0, 0xEF, 0xE1
    .byte   0x3F, 0xE1, 0x34, 0x4F, 0x34, 0x55, 0x33, 0x35, 0x44,  111, 0x0B, 0xEE, 0x3B, 0xAD, 0x12, 0xD2
    .byte   0x13, 0xE2, 0x42, 0xEB, 0x44, 0xFC, 0xC2, 0xE0, 0xCE, 0xEC, 0xD1, 0x3F, 0xD2, 0x44, 0x2E, 0x33
    .byte   0x21, 0xEF, 0xED, 0xDE, 0xDE, 0xDE, 0xF0, 0xFE, 0x0F, 0xEE,  -48, 0x0E, 0xDE, 0xE1, 0xEE, 0xE1
    .byte   0x2F, 0xE2, 0x32, 0x33, 0x44, 0x35, 0x44, 0x44, 0x34, 0x3C, 0xCD, 0x0E, 0xBC, 0xD0, 0xEE, 0x22
    .byte   0x2F, 0x24, 0xED, 0xE3, 0x2E, 0xDD, 0xFE, 0xDE, 0xEC, 0xD0, 0x21,  -27, 0x0E, 0x34, 0x22, 0x23
    .byte   0x22, 0x2F, 0xED, 0xDE, 0xDD, 0xDE, 0xED, 0x01, 0xE0, 0xEF, 0xFE, 0xDE, 0x1E, 0xEE, 0xF3, 0xEE
    .byte   0x13, 0x32, 0x24, 0x43, 0x45, 0x53, 0x34, 0x53, 0xFB, 0xDF, 0xFC, 0xBC,   23, 0x0E, 0xD2, 0x32
    .byte   0xE1, 0x34, 0xEC, 0x03, 0x2D, 0xDE, 0xFE, 0xDE, 0xDD, 0xDE, 0x2E, 0xE1, 0x33, 0x33, 0x04, 0x22
    .byte   0x0E, 0xFD, 0xDD, 0xDE, 0xDD, 0xEF, 0xEF, 0xEF, 0xEE, 0xE0, 0xEE, 0xEF, 0xFF,  -74, 0x0F, 0xF0
    .byte   0x03, 0x42, 0x22, 0x45, 0x53, 0x34, 0x54, 0x41, 0xCD, 0xD1, 0xEB, 0xCC, 0xFF, 0xE1, 0x12, 0xF2
    .byte   0x3E, 0xEE, 0x23, 0xDE, 0xFE, 0xED, 0x0E, 0xDC, 0xE2, 0x0E, 0xE2, 0x33, 0x22, 0x33,   19, 0x00
    .byte   0x2F, 0xED, 0xDF, 0xDD, 0xDD, 0xEE, 0xFF, 0xDE, 0xE0, 0xEE, 0xEE, 0xE1, 0x23, 0x1D, 0x23, 0x42
    .byte   0x23, 0x14, 0x55, 0x32, 0x45, 0x53, 0xDC, 0xF1, 0xEC, 0xBD, 0xDD, 0xF1, 0x0E, 0xD2, 0x4F,   20
    .byte   0x0E, 0x23, 0xFE, 0xF0, 0xDF, 0x20, 0xDC, 0xD2, 0xFE, 0xDE, 0x22, 0x32, 0x3F, 0x23, 0x21, 0xED
    .byte   0x1F, 0xDD, 0xED, 0xDD, 0xE1, 0xDC, 0xFF, 0x1D, 0xE1, 0x2F, 0x02, 0x22, 0x13, 0x33, 0x33, 0x43
    .byte     12, 0x03, 0x54, 0x44, 0x42, 0xD1, 0xD0, 0xDC, 0xCD, 0xED, 0xFE, 0xE1, 0xD2, 0x2D, 0x2F, 0x12
    .byte   0xF1, 0x0E, 0xF0, 0x1E, 0xDE, 0xEE, 0xEE, 0xFE, 0x11, 0x12, 0x2F, 0x31, 0x20, 0x01, 0x0F, 0xED
    .byte   0x1D,  -24, 0x0E, 0xDD, 0xDD, 0xEE, 0xED, 0xE1, 0xFF, 0xE2, 0x32, 0x23, 0x33, 0x43, 0x44, 0x24
    .byte   0x54, 0x35, 0x3C, 0x4D, 0x2E, 0xBF, 0xDD, 0xDD, 0xED, 0xDD, 0x12, 0xCE, 0x11, 0x02, 0x10, 0x2E
    .byte   0x33, 0xD0,   16, 0x00, 0xFD, 0xF0, 0xEE, 0xE0, 0xFE, 0x01, 0x10, 0x12, 0x00, 0x11, 0x0E, 0xEF
    .byte   0xED, 0xED, 0xED, 0xDD, 0xDE, 0xD0, 0xFE, 0x1F, 0x33, 0x23, 0x24, 0x42, 0x43, 0x44, 0x34, 0x45
    .byte   0xEE, 0x42, 0x1D,   94, 0x02, 0xDC, 0xFE, 0xDC, 0xDE, 0xEC, 0xCF, 0xED, 0xE1, 0x0F, 0xE2, 0x32
    .byte   0xF2, 0x32, 0xEF, 0x30, 0xEE, 0x10, 0xFE, 0x0F, 0xEE, 0x01, 0xEF, 0x10, 0x00, 0x12, 0xFE, 0x11
    .byte   0x0E, 0xFF, 0x0E, 0x11,  -23, 0x0F, 0x10, 0x0F, 0x01, 0x0F, 0x21, 0x11, 0x02, 0x2E, 0x21, 0x11
    .byte   0x12, 0x11, 0x12, 0x11, 0x12, 0x12, 0x01, 0x21, 0x10, 0x20, 0x02, 0x00, 0x11, 0x0F, 0xFF, 0xFF
    .byte   0xFF, 0x0E, 0x0F, 0xFF, 0xEF,   14, 0x0E, 0xFE, 0x0E, 0xEF, 0xEF, 0xFE, 0xFE, 0x0E, 0xFF, 0xF0
    .byte   0xFF, 0xF1, 0xF0, 0x11, 0xF1, 0x11, 0x11, 0x01, 0x11, 0x11, 0x11, 0x01, 0x11, 0x10, 0x01, 0x01
    .byte   0x11, 0x11, 0x02, 0x10, 0x22, 0x12,   15, 0x02, 0x02, 0x21, 0x20, 0x21, 0x01, 0x10, 0x0F, 0xF0
    .byte   0xEF, 0xFE, 0x0E, 0x0E, 0xE0, 0xEE, 0x0E, 0xEF, 0xEF, 0xEF, 0xFE, 0xF0, 0xE0, 0xF0, 0x0F, 0x01
    .byte   0xF1, 0x11, 0x10, 0x10, 0x20, 0x01, 0x11,  -11, 0x01, 0x00, 0x10, 0xF0, 0x01, 0xFF, 0xF0, 0x00
    .byte   0x0F, 0x11, 0x01, 0x01, 0x02, 0x01, 0x02, 0x12, 0x11, 0x22, 0x02, 0x12, 0x02, 0x11, 0x11, 0x11
    .byte   0xFF, 0xF0, 0x0E, 0x0F, 0xE0, 0xE0, 0xEF, 0xEF,    5, 0x0F, 0xEF, 0xFE, 0x0E, 0x0F, 0xE0, 0xF0
    .byte   0xF0, 0xF0, 0x1F, 0x01, 0x1F, 0x11, 0x11, 0x01, 0x00, 0x11, 0x01, 0x00, 0x1F, 0x00, 0x10, 0xF0
    .byte   0x00, 0x00, 0xF1, 0xF1, 0x00, 0x10, 0x10, 0x11, 0x02,   -1, 0x01, 0x20, 0x21, 0x11, 0x20, 0x21
    .byte   0x02, 0x10, 0x10, 0x01, 0xF0, 0xF0, 0x0E, 0x00, 0xFE, 0x0F, 0xE0, 0xEF, 0xFE, 0x0E, 0xFF, 0xFF
    .byte   0xFF, 0xFF, 0xFF, 0xF1, 0xF0, 0xF0, 0x10, 0x10, 0x1F, 0x10,  -11, 0x01, 0x10, 0x01, 0x10, 0x10
    .byte   0x01, 0x01, 0xF1, 0xF0, 0x00, 0xF0, 0x00, 0x00, 0x00, 0x01, 0x0F, 0x11, 0x11, 0x11, 0x01, 0x02
    .byte   0x01, 0x10, 0x20, 0x11, 0x11, 0x11, 0x01, 0x00, 0x00, 0x0F, 0x0F,   15, 0x0F, 0xFF, 0x0F, 0xE0
    .byte   0xFF, 0x0E, 0x0F, 0xFF, 0x0E, 0x0F, 0xF0, 0x0F, 0xF0, 0xF1, 0xF0, 0x01, 0xF0, 0x01, 0x01, 0x01
    .byte   0x10, 0x10, 0x10, 0x10, 0x1F, 0x10, 0x00, 0x01, 0x01, 0xF1, 0x00, 0xF0,   -3, 0x01, 0x1F, 0x10
    .byte   0x00, 0x00, 0x01, 0x01, 0x10, 0x01, 0x01, 0x10, 0x10, 0x11, 0x00, 0x11, 0xF0, 0x10, 0x00, 0xF0
    .byte   0x0F, 0xF0, 0xFF, 0x0F, 0xF0, 0xF0, 0xFF, 0x0F, 0xFF, 0x00, 0xF0, 0x0F, 0x00,   -6, 0x01, 0xF1
    .byte   0xF1, 0xF1, 0x01, 0x00, 0x00, 0x10, 0x00, 0x10, 0x00, 0x01, 0x0F, 0x00, 0x10, 0x00, 0x1F, 0x00
    .byte   0x1F, 0x00, 0x10, 0x00, 0x00, 0x00, 0x00, 0x1F, 0x10, 0xF1, 0x00, 0x00, 0x00, 0x00,    2, 0x00
    .byte   0x00, 0x00, 0x00, 0xF0, 0x10, 0xF0, 0xF1, 0x0F, 0x01, 0x00, 0xF0, 0x00, 0x00, 0x1F, 0x00, 0x00
    .byte   0x00, 0x00, 0xF1, 0xF1, 0xF0, 0x00, 0x01, 0xF0, 0x00, 0x00, 0x1F, 0x10, 0xF1, 0x01, 0xF0,    0
    .byte   0x00, 0x00, 0x1F, 0x1F, 0x0F, 0x11, 0x0F, 0x01, 0xF0, 0x00, 0x00, 0x10, 0xF0, 0x00, 0x00, 0xF0
    .byte   0x00, 0x01, 0xF1, 0x0F, 0x01, 0x00, 0xF0, 0x1F, 0x10, 0x00, 0xF1, 0xF1, 0x00, 0x0F, 0x01, 0xF1
    .byte      0, 0x00, 0x00, 0x00, 0xF1, 0x00, 0x01, 0xF0, 0x10, 0x00, 0xF0, 0x10, 0x0F, 0x1F, 0x10, 0x00
    .byte   0x0F, 0x1F, 0x10, 0x00, 0x00, 0x0F, 0x10, 0x00, 0x0F, 0x00, 0x00, 0x00, 0xF0, 0x00, 0x1F, 0x01
    .byte   0xF1,   -1, 0x01, 0xF0, 0x00, 0x00, 0x00, 0x00, 0x01, 0xF0, 0x00, 0x01, 0xF0, 0x10, 0x0F, 0x01
    .byte   0xF1, 0x0F, 0x10, 0xF1, 0x10, 0xF1, 0xF0, 0x00, 0x01, 0x0F, 0x01, 0xF0, 0x01, 0xF0, 0x10, 0x00
    .byte   0x00, 0x00,    1, 0x00, 0x01, 0xFF, 0x1F, 0x01, 0x0F, 0x1F, 0x10, 0x0F, 0x00, 0x00, 0x00, 0xF1
    .byte   0xF1, 0x00, 0xF1, 0x0F, 0x01, 0xF1, 0xF0, 0x10, 0xF0, 0x00, 0x00, 0x00, 0x00, 0x00, 0x1F, 0x10
    .byte   0xF0, 0x10, 0x00,    0, 0x0F, 0x10, 0xF0, 0x10, 0xF1, 0xF1, 0x00, 0x00, 0x1F, 0x1F, 0x01, 0xF1
    .byte   0xF0, 0x00, 0x10, 0x0F, 0x01, 0x0F, 0x01, 0xF1, 0xF0, 0x10, 0xF1, 0x0F, 0x00, 0x1F, 0x00, 0x00
    .byte   0x00, 0x00, 0x00, 0xF1,    0, 0x00, 0x00, 0x1F, 0x00, 0x0F, 0x10, 0x00, 0x00, 0xF1, 0xF1, 0x00
    .byte   0xF0, 0x01, 0xF1, 0xF0, 0x10, 0x0F, 0x00, 0x10, 0x00, 0x00, 0xF0, 0x10, 0x00, 0x00, 0x1F, 0x01
    .byte   0x0F, 0x10, 0x0F, 0x00, 0x01,    0, 0x00, 0x10, 0x0F, 0x01, 0x00, 0xF1, 0x0F, 0xF1, 0x00, 0x10
    .byte   0xF0, 0x00, 0x00, 0x1F, 0x1F, 0x00, 0x00, 0x00, 0x00, 0x00, 0xF0, 0x01, 0x00, 0x00, 0x00, 0xF1
    .byte   0x00, 0x00, 0x00, 0xF0, 0x00, 0x10,    0, 0x0F, 0x1F, 0x10, 0x00, 0x1F, 0xF1, 0x00, 0x00, 0x01
    .byte   0xF0, 0x00, 0x00, 0x00, 0x01, 0x00, 0x0F, 0x1F, 0x00, 0x00, 0x00, 0x1F, 0x01, 0xF0, 0x00, 0x00
    .byte   0x00, 0x00, 0x00, 0xF1, 0x00, 0x00, 0x0F,    0, 0x00, 0x00, 0xF1, 0x00, 0x00, 0x0F, 0x10, 0x01
    .byte   0xF0, 0x00, 0x0F, 0x1F, 0x10, 0x00, 0x01, 0xF0, 0x00, 0x0F, 0x10, 0x00, 0x00, 0x0F, 0x01, 0x00
    .byte   0x00, 0x00, 0x00, 0x01, 0xF1, 0xF1, 0x0F, 0x01,    0, 0x00, 0x00, 0x00, 0x0F, 0x11, 0xF0, 0xF1
    .byte   0x00, 0x1F, 0x00, 0x00, 0x1F, 0x0F, 0x10, 0x00, 0x00, 0x00, 0x1F, 0x00, 0x1F, 0x00, 0x00, 0x00
    .byte   0x1F, 0x00, 0x00, 0x00, 0x0F, 0x10, 0x00, 0x01, 0xF0,    0, 0x00, 0x00, 0x00, 0x00, 0x00, 0x00
    .byte   0x00, 0x00, 0x00, 0x00, 0xF1, 0x0F, 0x10, 0x0F, 0x01, 0xF1, 0x00, 0x01, 0xFF, 0x10, 0x00, 0x0F
    .byte   0x10, 0x00, 0x0F, 0x10, 0x00, 0x00, 0x00, 0x00, 0xF1, 0x0F,   -1, 0x01, 0x1F, 0x00, 0x00, 0x0F
    .byte   0x10, 0x1F, 0x00, 0x00, 0xF1, 0x0F, 0x11, 0xF1, 0xF0, 0x00, 0x00, 0x00, 0x1F, 0x00, 0xF1, 0x00
    .byte   0xF1, 0x00, 0x1F, 0x1F, 0x00, 0x1F, 0x00, 0x00, 0x00, 0x1F, 0xF1,    0, 0x00, 0xF1, 0x01, 0xF0
    .byte   0x00, 0x0F, 0x10, 0x00, 0x00, 0x00, 0x0F, 0x10, 0xF1, 0x00, 0x00, 0x00, 0x00, 0x0F, 0x1F, 0x10
    .byte   0x00, 0xF1, 0xF1, 0xF1, 0x00, 0x00, 0x01, 0xF0, 0x00, 0x0F, 0x1F, 0x10,    0, 0x00, 0xF1, 0x0F
    .byte   0x10, 0x00, 0x1F, 0x1F, 0x00, 0x01, 0xF0, 0xF1, 0x00, 0xF2, 0xE1, 0x0F, 0x00, 0x01, 0x01, 0x10
    .byte   0xE2, 0xE0, 0x0D, 0x33, 0x78, 0xD7, 0x87, 0x93, 0x7C, 0x75, 0x9E, 0x8A, 0x75,   34, 0x08, 0xC7
    .byte   0xB7, 0xCB, 0x49, 0x6C, 0x25, 0x96, 0x1D, 0x79, 0x5C, 0xE5, 0xC4, 0xB4, 0xDA, 0x7F, 0x96, 0x85
    .byte   0x69, 0x7A, 0x17, 0xB7, 0xDB, 0x5D, 0xC5, 0x4C, 0x2A, 0x74, 0xB5, 0xB2, 0x2B, 0x42,   23, 0x0E
    .byte   0xD4, 0x23, 0xB3, 0x0C, 0x5C, 0x2D, 0xC4, 0xD3, 0xED, 0xD2, 0xFD, 0x3B, 0x3D, 0xD4, 0xCE, 0xC2
    .byte   0x32, 0xB0, 0x3E, 0x2D, 0x34, 0xDE, 0x56, 0x22, 0xE5, 0x6D, 0x41, 0x31, 0xD4, 0x4D, 0xCC,   77
    .byte   0x01, 0xBC, 0xCF, 0xBC, 0x3D, 0xCC, 0x24, 0x4D, 0x04, 0x24, 0x14, 0x4D, 0x3E, 0x4E, 0xCD, 0xC1
    .byte   0xDC, 0xEC, 0xCF, 0xEF, 0xEC, 0x21, 0x02, 0xEF, 0x02, 0x21, 0x11, 0x32, 0xE4, 0x44, 0x32, 0x45
    .byte     54, 0x04, 0x40, 0x4D, 0x23, 0xDE, 0xCD, 0xEC, 0xDD, 0xBE, 0xCE, 0xED, 0xFD, 0x34, 0x23, 0x43
    .byte   0x34, 0x43, 0xEE, 0xEF, 0xEC, 0xCC, 0xDD, 0xCE, 0xDD, 0xD1, 0x22, 0xEE, 0xF2, 0x21, 0xEE, 0xEE
    .byte   0xFE,  -79, 0x0E, 0xEF, 0x23, 0x45, 0x55, 0x44, 0x55, 0x42, 0xFF, 0xEF, 0xDD, 0xCB, 0xDC, 0xDC
    .byte   0xBC, 0xDE, 0x13, 0xF2, 0x35, 0x53, 0x43, 0x34, 0x21, 0xEC, 0xCC, 0xDC, 0xCC, 0xCF, 0xFE, 0xFE
    .byte   0xE2, 0x33,  -31, 0x0E, 0x02, 0x0E, 0xCD, 0xDB, 0xD0, 0xCD, 0x00, 0x14, 0x45, 0x67, 0x55, 0x65
    .byte   0x10, 0x00, 0xF1, 0xBD, 0xCA, 0xAC, 0x1C, 0xDC, 0x12, 0x35, 0x44, 0x33, 0x55, 0x3E, 0xDE, 0xFD
    .byte   0xCB, 0xBC, 0xCD,  -47, 0x0C, 0xDF, 0x44, 0x31, 0x33, 0x43, 0x1E, 0xDD, 0xED, 0xBB, 0xAC, 0xE1
    .byte   0xF0, 0x01, 0xF4, 0x55, 0x57, 0x77, 0x41, 0x00, 0x0F, 0x1B, 0xAB, 0xBB, 0xCA, 0xF3, 0x33, 0x24
    .byte   0x45, 0x64, 0x5D, 0x33,  114, 0x0D, 0xAB, 0xBD, 0xBC, 0xCC, 0xF0, 0x33, 0x13, 0x45, 0x44, 0x23
    .byte   0x2E, 0xDC, 0xBA, 0xDC, 0xBB, 0xCF, 0x1F, 0x00, 0x14, 0x43, 0x02, 0x55, 0x63, 0x57, 0x5F, 0xD3
    .byte   0x4D, 0xBC, 0xBB, 0xCD, 0x2D,  -20, 0x03, 0x55, 0x3D, 0x24, 0x43, 0xFE, 0xCB, 0x21, 0xCB, 0xB0
    .byte   0x3E, 0xEE, 0x22, 0x34, 0x42, 0xD1, 0x42, 0xCC, 0xED, 0xCC, 0xCE, 0xBD, 0x33, 0xDC, 0x24, 0xFE
    .byte   0xE2, 0xF0, 0x43, 0xDC, 0x37, 0x31,    2, 0x07, 0x6D, 0xF4, 0x5C, 0xCD, 0xDD, 0xA1, 0x3D, 0xDD
    .byte   0x64, 0xDD, 0x04, 0xEF, 0x32, 0xCA, 0x23, 0x1C, 0xB2, 0x10, 0x13, 0x2E, 0xF3, 0x41, 0xCE, 0x22
    .byte   0xED, 0xEC, 0xCC, 0x00, 0xDC, 0xE3, 0x13,  -60, 0x00, 0xDC, 0x22, 0xFE, 0xE1, 0x2F, 0xE2, 0x55
    .byte   0x55, 0x67, 0x23, 0xD3, 0x2B, 0xEA, 0xCB, 0xD2, 0xF3, 0xE4, 0x54, 0x3C, 0x32, 0x3D, 0xBD, 0xBE
    .byte   0xDE, 0xEC, 0xD0, 0x44, 0x12, 0xE3, 0x3E, 0x2D,   -6, 0x0E, 0x22, 0xDB, 0xCF, 0x2F, 0xDD, 0xD1
    .byte   0x33, 0xF1, 0xDD, 0xE2, 0x2C, 0xC3, 0x4F, 0xEC, 0x46, 0x35, 0x57, 0x74, 0x1B, 0x4D, 0xDC, 0xAB
    .byte   0xB2, 0x34, 0x1E, 0x45, 0x52, 0xEC, 0xFE, 0xDD, 0xCB,  -13, 0x02, 0x32, 0xFC, 0xF4, 0x44, 0xDE
    .byte   0xC0, 0x02, 0x1A, 0xE2, 0x12, 0xDD, 0xEE, 0xD2, 0x1D, 0xDD, 0x33, 0x2D, 0xDD, 0xFF, 0x11, 0x0C
    .byte   0xF3, 0x15, 0x35, 0x54, 0x77, 0x4E, 0xCF, 0x3C, 0xBB, 0xCC,    4, 0x04, 0x34, 0xE3, 0x54, 0x4B
    .byte   0x1C, 0x0C, 0xCE, 0xBD, 0xD3, 0x32, 0x0C, 0x52, 0x22, 0xED, 0xCC, 0x23, 0xCB, 0x20, 0x30, 0xDF
    .byte   0xED, 0xD0, 0x2E, 0xDC, 0x42, 0x1F, 0xDE, 0xDF, 0x02, 0x1B, 0x4F,  -76, 0x05, 0x56, 0x06, 0x74
    .byte   0x3B, 0x3D, 0xCB, 0xC0, 0xBE, 0x23, 0x6D, 0x43, 0x52, 0xCF, 0xB2, 0xBD, 0x2B, 0xEC, 0x35, 0x21
    .byte   0xD2, 0xF2, 0x2E, 0x0C, 0xCC, 0xDE, 0x04, 0xEC, 0xF3, 0x2D, 0xFD, 0xFD,  -67, 0x02, 0x2F, 0xCC
    .byte   0x43, 0x2C, 0xD1, 0xD2, 0x24, 0x2C, 0x45, 0x65, 0x36, 0x63, 0xED, 0xDF, 0xDB, 0xDC, 0xBF, 0x46
    .byte   0x4D, 0x35, 0x4D, 0xCC, 0xDB, 0xDD, 0x0D, 0xD0, 0x34, 0xF3, 0x31, 0xED, 0x3E,   16, 0x0B, 0xCE
    .byte   0xDE, 0xD3, 0xFF, 0x42, 0x3C, 0xCE, 0x10, 0xCF, 0xCE, 0x12, 0x30, 0xED, 0xD1, 0x15, 0x1E, 0xF3
    .byte   0x65, 0x5E, 0x67, 0xD2, 0xB2, 0xDF, 0xDB, 0x2A, 0x44, 0x45, 0xC5, 0xE5, 0xCB, 0x3A,   46, 0x0B
    .byte   0x20, 0xC2, 0xC5, 0x02, 0x3E, 0xEC, 0xF0, 0x4E, 0xBC, 0xDD, 0xF1, 0x00, 0xE1, 0x22, 0xD1, 0xFE
    .byte   0xCC, 0x22, 0xDD, 0xF2, 0xEF, 0x43, 0xDB, 0xE4, 0x62, 0x14, 0x45, 0x47, 0x43, 0xDB, 0x3D,   75
    .byte   0x0B, 0xDC, 0xC3, 0x27, 0x1E, 0x04, 0x5B, 0xDC, 0xDC, 0xC2, 0x20, 0xCD, 0x24, 0x3E, 0x2E, 0xDC
    .byte   0x44, 0xEB, 0xBC, 0x2E, 0xE2, 0x1D, 0xD3, 0x42, 0xCC, 0xD1, 0xCE, 0x2E, 0x1D, 0x24, 0x2F, 0xD3
    .byte    -80, 0x0F, 0x21, 0x62, 0x55, 0x46, 0x53, 0xED, 0x0D, 0xDD, 0xCE, 0xBE, 0x45, 0x5E, 0x12, 0x32
    .byte   0xCE, 0xCD, 0xCE, 0x2E, 0x2C, 0xC2, 0x34, 0x2F, 0xCC, 0x22, 0x32, 0xBB, 0xCF, 0x43, 0xEC, 0xED
    .byte   0x03,  -46, 0x00, 0xDB, 0xD2, 0x33, 0x2C, 0xC2, 0xF2, 0x43, 0x1D, 0xE0, 0x55, 0x45, 0x36, 0x53
    .byte   0xDD, 0x2D, 0xEC, 0xEC, 0xB2, 0x36, 0x23, 0x13, 0x4D, 0xFC, 0xED, 0xBF, 0x02, 0xCC, 0x20, 0x4E
    .byte   0xE2, 0xEF,    6, 0x02, 0x2F, 0xCB, 0xDE, 0x12, 0x0D, 0xDE, 0x03, 0x3E, 0xCD, 0xD0, 0x12, 0x1C
    .byte   0xF3, 0x42, 0x1F, 0xE2, 0x24, 0x32, 0x32, 0x66, 0x5F, 0xFE, 0xE3, 0xED, 0xEB, 0xBF, 0x44, 0x40
    .byte   0xE3, 0x2E, 0x22,   67, 0x0D, 0xCC, 0x41, 0xCD, 0xED, 0xE2, 0x03, 0x0C, 0xE1, 0x20, 0xDC, 0xE2
    .byte   0xDE, 0x10, 0x0D, 0xEE, 0x1E, 0xDE, 0xE2, 0x1E, 0x13, 0x31, 0xE0, 0x01, 0xF2, 0x43, 0x32, 0x35
    .byte   0x45, 0xE2, 0x3E, 0x2E,   69, 0x0E, 0xCD, 0xC3, 0x23, 0x2E, 0x2E, 0xFF, 0x3E, 0xEF, 0xE0, 0xDE
    .byte   0x1E, 0xDD, 0xD1, 0x1E, 0xD2, 0x10, 0xF1, 0xEE, 0xDE, 0x12, 0x0E, 0xEE, 0xE0, 0x02, 0xED, 0xDF
    .byte   0x02, 0x32, 0x2F, 0xD1, 0x23,  -31, 0x01, 0x11, 0x23, 0x33, 0x23, 0x22, 0x32, 0x3F, 0x01, 0x12
    .byte   0xEE, 0xE0, 0x2E, 0x21, 0x1D, 0xEE, 0x12, 0xF2, 0x0E, 0xDD, 0xE1, 0x1E, 0xEF, 0xEE, 0xF1, 0x10
    .byte   0xEF, 0xFF, 0x0E, 0x2F, 0xEE, 0x01,  -19, 0x0E, 0xFF, 0xFF, 0x01, 0x0F, 0x0E, 0x01, 0xF1, 0x10
    .byte   0x12, 0x12, 0x2F, 0x01, 0x20, 0x12, 0x21, 0x11, 0x22, 0x21, 0x22, 0xFF, 0x02, 0x11, 0xF1, 0x10
    .byte   0x11, 0x20, 0xEF, 0xF0, 0xF0, 0xEF, 0xEF,   15, 0x0E, 0x10, 0xE0, 0xEE, 0x1F, 0xFE, 0xFF, 0xFF
    .byte   0xFF, 0xFF, 0xFF, 0x10, 0xE1, 0x00, 0x0F, 0x11, 0xF1, 0xF0, 0xF1, 0x11, 0x10, 0x11, 0x10, 0x20
    .byte   0xFF, 0x10, 0xF1, 0x11, 0x10, 0x21, 0x10, 0x10,    3, 0x01, 0x2E, 0x1F, 0xF2, 0x11, 0x11, 0xFF
    .byte   0x11, 0xFF, 0x20, 0x10, 0xE0, 0x11, 0x0F, 0xE1, 0x0F, 0xF1, 0x0F, 0xFF, 0x01, 0xE0, 0x01, 0xFF
    .byte   0x01, 0x0F, 0xE1, 0x0E, 0x1F, 0x12, 0x0E, 0xE2, 0xF2,   -2, 0x0E, 0xFF, 0x0F, 0x3F, 0xEF, 0xE2
    .byte   0x11, 0x01, 0x0F, 0x10, 0xF0, 0x02, 0x00, 0xE0, 0x10, 0x22, 0xE0, 0xEF, 0x12, 0x11, 0xFF, 0x11
    .byte   0xF2, 0x0E, 0x0F, 0x02, 0x00, 0x10, 0xE1, 0x12, 0x1E, 0x1F,    2, 0x00, 0x21, 0xFF, 0xEF, 0x21
    .byte   0xE2, 0xE0, 0x0E, 0xF2, 0x2F, 0xEF, 0xF0, 0xF1, 0x10, 0x0E, 0x21, 0x01, 0xE0, 0xE1, 0x12, 0x1E
    .byte   0x21, 0xE1, 0xFF, 0x2F, 0xFF, 0xF1, 0x2F, 0x20, 0xD1, 0x21, 0x01,   -1, 0x00, 0x20, 0x1F, 0xE1
    .byte   0x02, 0x1F, 0x00, 0xE1, 0x2F, 0xFE, 0x12, 0x2F, 0xEF, 0xE1, 0x2F, 0xF1, 0x01, 0xFF, 0x01, 0x0F
    .byte   0xFF, 0xFF, 0xF2, 0x2F, 0xEF, 0xFF, 0x22, 0xFF, 0xEE, 0x02, 0x2E, 0x2F,   -2, 0x01, 0x21, 0xD0
    .byte   0xF2, 0xFE, 0x30, 0xFF, 0xF2, 0x2F, 0xD1, 0x00, 0x10, 0xF1, 0x21, 0x10, 0xEE, 0x20, 0x01, 0xEF
    .byte   0x12, 0x20, 0xEF, 0xF1, 0x2F, 0xEE, 0x02, 0x21, 0xED, 0x12, 0x3F, 0xFE, 0xD1,   -1, 0x02, 0x1E
    .byte   0xE1, 0x1E, 0x22, 0xEF, 0x01, 0x0E, 0x21, 0x21, 0xFE, 0xE1, 0x20, 0x1F, 0xEF, 0x31, 0x2D, 0xE1
    .byte   0x10, 0x2F, 0xF0, 0x00, 0x20, 0xF2, 0xD0, 0x11, 0x20, 0xE2, 0xEF, 0xE3, 0xEE, 0x2F,    3, 0x0F
    .byte   0xE1, 0x22, 0xEE, 0xEF, 0x12, 0x2F, 0xEE, 0x32, 0x11, 0xDE, 0xD2, 0x23, 0x0D, 0x02, 0x20, 0xF0
    .byte   0xD1, 0x1F, 0x22, 0xE1, 0x2F, 0xE1, 0xF2, 0xEE, 0x02, 0x02, 0x1F, 0xF1, 0xE2, 0xFE, 0x2E,   -4
    .byte   0x00, 0x23, 0x0E, 0xEE, 0x22, 0x0E, 0xFE, 0x02, 0x12, 0x0E, 0xF1, 0x11, 0xFE, 0xF0, 0xF2, 0x11
    .byte   0x0F, 0xF0, 0x2E, 0x2E, 0xE0, 0x20, 0xF0, 0xFF, 0x01, 0x12, 0xFF, 0xFF, 0x20, 0xE0, 0x0F, 0xE1
    .byte     -6, 0x02, 0x12, 0x1E, 0x0F, 0x10, 0xF0, 0x01, 0xE1, 0x21, 0x1E, 0xF2, 0x01, 0xF1, 0xEF, 0xFF
    .byte   0x2F, 0x01, 0x11, 0x10, 0xF0, 0x1F, 0x0F, 0xEF, 0x12, 0x21, 0xEE, 0x10, 0x20, 0xFE, 0xF1, 0x21
    .byte   0x01,    2, 0x0F, 0xF0, 0x10, 0xE0, 0x11, 0x1F, 0x00, 0x2E, 0x10, 0xE1, 0xF2, 0x0F, 0xFF, 0x00
    .byte   0x2F, 0xFF, 0xFF, 0x02, 0x1F, 0xFF, 0x00, 0xF0, 0x21, 0x1E, 0x01, 0x10, 0x20, 0xEE, 0xE0, 0x12
    .byte   0x1F, 0xFF,    0, 0x02, 0x20, 0x1F, 0xFF, 0x02, 0x20, 0xEF, 0xF0, 0x00, 0x00, 0xE1, 0x10, 0x12
    .byte   0xE0, 0x01, 0xFF, 0xF0, 0xFE, 0xE0, 0x10, 0xEE, 0xEE, 0xFF, 0x01, 0xED, 0xD1, 0x21, 0xF0, 0xEE
    .byte   0x01, 0x31, 0x22,  -18, 0x04, 0x24, 0x44, 0x23, 0x32, 0x1E, 0xEE, 0xEC, 0xDD, 0xE0, 0xE0, 0x10
    .byte   0xFE, 0x21, 0xFE, 0x02, 0x1F, 0x0F, 0xEE, 0xDE, 0xFE, 0xDD, 0xED, 0xE0, 0xFF, 0xDD, 0xE1, 0x12
    .byte   0x0F, 0xEE, 0x10, 0xFE,  -79, 0x0E, 0xF2, 0x44, 0x44, 0x67, 0x43, 0x33, 0x1E, 0xDE, 0xDB, 0xBD
    .byte   0x22, 0xDD, 0xED, 0xE1, 0x43, 0x0D, 0xE3, 0x33, 0x30, 0xEC, 0xDF, 0x1E, 0xDC, 0xCD, 0x02, 0x30
    .byte   0xDE, 0x03, 0x32, 0x2F, 0x11,    0, 0x03, 0x2F, 0xDC, 0xDE, 0xED, 0xCD, 0xCE, 0xE2, 0x21, 0xDE
    .byte   0x24, 0x32, 0x34, 0x44, 0x66, 0x41, 0x22, 0xF2, 0xDD, 0xDB, 0xCD, 0x12, 0xED, 0xF2, 0xE2, 0x23
    .byte   0x1E, 0x02, 0x41, 0x0E, 0xDE, 0xDD,    9, 0x0D, 0xCD, 0xEE, 0x22, 0x12, 0xF0, 0x23, 0x22, 0xE0
    .byte   0x20, 0x23, 0xFD, 0xDD, 0xD0, 0xDC, 0xDD, 0xDF, 0x11, 0x1D, 0x03, 0x13, 0x20, 0x12, 0x35, 0x43
    .byte   0x45, 0x42, 0x23, 0x1F, 0xEE, 0xFD, 0xCE,   40, 0x02, 0xEE, 0xEE, 0xEE, 0x30, 0x1D, 0x03, 0x21
    .byte   0x01, 0xFD, 0xDF, 0xED, 0xDD, 0x2E, 0xE1, 0x21, 0xE0, 0x32, 0xFE, 0x22, 0x0F, 0x12, 0x1E, 0xD1
    .byte   0xFD, 0xDE, 0xDD, 0xDE, 0xFF, 0xE0, 0x12, 0xE0,  -61, 0x03, 0xEE, 0x22, 0x12, 0x33, 0x32, 0x44
    .byte   0x53, 0xF2, 0x22, 0x22, 0x1E, 0xDD, 0x33, 0xFD, 0xDD, 0xFE, 0x12, 0xED, 0xD2, 0x33, 0xEE, 0xEE
    .byte   0xE1, 0x2D, 0xDD, 0xE2, 0x2E, 0xFE, 0xE0, 0x23, 0x1C,  -22, 0x01, 0x33, 0x11, 0xEE, 0xF3, 0x2D
    .byte   0xDD, 0xEE, 0xEF, 0xEE, 0xCF, 0x22, 0xFD, 0x0E, 0x00, 0x22, 0xE2, 0x33, 0x31, 0x13, 0x32, 0x44
    .byte   0x30, 0x14, 0x33, 0xE2, 0x1E, 0xF0, 0x3D, 0xED, 0x0F, 0xDF,   38, 0x0E, 0xDF, 0x02, 0xE0, 0x0E
    .byte   0x00, 0x0F, 0xDE, 0xE0, 0xF1, 0x0E, 0xEE, 0x21, 0xFF, 0xEE, 0x2F, 0x32, 0xEE, 0x02, 0x0F, 0xEE
    .byte   0xED, 0x01, 0xFD, 0xEE, 0xFF, 0xFE, 0xDD, 0xF3, 0x2F, 0xE0, 0x12,  -49, 0x03, 0x2F, 0xE1, 0x33
    .byte   0x30, 0x22, 0x34, 0x42, 0x11, 0x24, 0x23, 0xED, 0xF0, 0x4F, 0xFD, 0xC0, 0xE2, 0xED, 0xCD, 0x31
    .byte   0x2F, 0xDE, 0x00, 0x21, 0xDE, 0xE0, 0x21, 0x0E, 0xDE, 0x12, 0x2D, 0xEE,  -21, 0x03, 0x02, 0xEF
    .byte   0xF2, 0x22, 0xEE, 0xDF, 0x01, 0x1D, 0xDE, 0x02, 0xE0, 0xDE, 0xF0, 0x20, 0x0E, 0xF3, 0x22, 0x12
    .byte   0x2F, 0x32, 0x2F, 0xF2, 0x22, 0x13, 0x22, 0x23, 0x31, 0x22, 0x30, 0x20, 0x11,   58, 0x02, 0x1F
    .byte   0xED, 0x1E, 0xFD, 0x1D, 0xE0, 0xF2, 0xEE, 0xF1, 0xFF, 0x1D, 0xEF, 0xFF, 0xFE, 0xEE, 0xF0, 0xFF
    .byte   0xED, 0x10, 0x10, 0x10, 0xF0, 0x22, 0x2F, 0xFF, 0xE0, 0xF0, 0xEE, 0xE1, 0x10, 0x2E,  -35, 0x0F
    .byte   0x02, 0xEE, 0x02, 0x21, 0x2E, 0x22, 0x22, 0xFE, 0x20, 0x23, 0xF2, 0x02, 0x22, 0x00, 0x2E, 0x22
    .byte   0x22, 0x2F, 0x21, 0x03, 0x02, 0xDE, 0x22, 0x2E, 0xFE, 0xEF, 0x20, 0x0D, 0xD1, 0x01, 0x0E,   16
    .byte   0x0E, 0x02, 0x1F, 0xDE, 0xEF, 0x0F, 0xEE, 0xD2, 0x12, 0x1D, 0x0F, 0x11, 0x0E, 0xFE, 0x22, 0x11
    .byte   0x00, 0xE1, 0x11, 0xEE, 0x0F, 0x02, 0x00, 0x0F, 0x12, 0x00, 0xEF, 0x13, 0x2E, 0xEF, 0x33, 0x1F
    .byte     -9, 0x0E, 0x03, 0x3F, 0xEE, 0x03, 0x23, 0xEE, 0xD2, 0x32, 0x2E, 0xFF, 0xE3, 0x21, 0xED, 0x2F
    .byte   0x22, 0xF2, 0xD1, 0x11, 0x2E, 0x10, 0xFF, 0x03, 0xD2, 0xD0, 0x1D, 0x20, 0xED, 0x22, 0x1E, 0xD3
    .byte   0xEF,   -6, 0x01, 0xF2, 0x1E, 0x0D, 0x32, 0x2D, 0xD0, 0x22, 0xE0, 0xEC, 0x23, 0xE4, 0xD3, 0xD1
    .byte   0x11, 0x3D, 0xEE, 0xF2, 0x42, 0xC1, 0xDE, 0x6C, 0x2D, 0xC4, 0xE4, 0x3C, 0xE1, 0x22, 0x2D, 0x2C
    .byte   0xF4, 0xE3,    6, 0x0E, 0x02, 0xD5, 0xDD, 0xD1, 0x4D, 0x5B, 0x3C, 0x25, 0xB4, 0xB2, 0x3D, 0x5C
    .byte   0x3C, 0x24, 0xC4, 0xB4, 0x1C, 0x4F, 0xE4, 0xB2, 0x2B, 0x6D, 0x2D, 0xE2, 0x31, 0xE1, 0xC2, 0x3F
    .byte   0x3E, 0xB3, 0x4C,   10, 0x00, 0xDD, 0x5A, 0x6D, 0xC4, 0xB3, 0xE6, 0xA5, 0xCD, 0x5E, 0xF1, 0xEB
    .byte   0x6A, 0x4D, 0x5B, 0x40, 0xB7, 0x95, 0xC2, 0xD5, 0xC3, 0x2D, 0x3D, 0x4B, 0x5D, 0xC5, 0xB3, 0x2E
    .byte   0x2E, 0x3B, 0x5D, 0xE5,  -15, 0x04, 0xE3, 0xC5, 0xA5, 0x1C, 0x5C, 0x3C, 0x5A, 0x5D, 0xC5, 0xD0
    .byte   0x5B, 0x23, 0xC3, 0x12, 0xB6, 0x96, 0x2B, 0x5B, 0x31, 0x4E, 0x13, 0xA7, 0xA3, 0x4B, 0x3D, 0x4D
    .byte   0x3E, 0xED, 0x4B, 0x5D, 0xE3,  -16, 0x04, 0xF3, 0xC4, 0xC4, 0xC5, 0xC4, 0xDC, 0x59, 0x7B, 0x4D
    .byte   0xD4, 0xC6, 0xA4, 0xDD, 0x4E, 0xE4, 0xDD, 0x4D, 0x04, 0xB3, 0xFC, 0x5D, 0x3D, 0x2B, 0x5E, 0xE4
    .byte   0xA5, 0xC4, 0x4B, 0x5B, 0x3C, 0x6A,    3, 0x00, 0xB6, 0xA6, 0xD3, 0xC2, 0xD1, 0x5A, 0x5B, 0x3E
    .byte   0x5B, 0x6A, 0x33, 0xB7, 0x96, 0xA5, 0xB5, 0x2C, 0x5A, 0x5C, 0x32, 0x2C, 0x2E, 0xE5, 0xC2, 0xE2
    .byte   0xD5, 0xDD, 0x3C, 0x4C, 0x3F, 0x10, 0xC5,  -18, 0x06, 0xB4, 0xFB, 0x5B, 0x6C, 0x2E, 0xD4, 0xC5
    .byte   0xCE, 0x3B, 0x43, 0xD1, 0xFD, 0x3F, 0x3D, 0x4B, 0x32, 0xB7, 0xA5, 0xC1, 0x00, 0x3C, 0x3D, 0x2F
    .byte   0x30, 0x1D, 0x3C, 0x4E, 0xD3, 0xED, 0x31, 0xE4,   -7, 0x04, 0xC4, 0xB5, 0xDD, 0x4B, 0x6B, 0x4C
    .byte   0x3D, 0x32, 0xC4, 0xC3, 0xE3, 0xD2, 0xD3, 0x3D, 0x3D, 0x0E, 0x3D, 0x3D, 0x20, 0xE3, 0xF0, 0xF2
    .byte   0xD3, 0xC4, 0xF0, 0xE1, 0xEF, 0x4B, 0x5B, 0x42, 0xD4,   -4, 0x03, 0xC4, 0xC4, 0x0D, 0x3D, 0x03
    .byte   0xEE, 0x3C, 0x4C, 0x5C, 0x3D, 0x23, 0xB5, 0xB5, 0xB4, 0xD3, 0xED, 0x4C, 0x4C, 0x3D, 0x32, 0xEF
    .byte   0xE3, 0xD4, 0xD2, 0xD3, 0xD2, 0x3C, 0x4C, 0x2F, 0x2E, 0x22,  -14, 0x05, 0xC1, 0x4C, 0x2F, 0xEF
    .byte   0x4D, 0x3D, 0xE2, 0xE3, 0x2C, 0x3E, 0xD4, 0xD3, 0x0D, 0x02, 0xFF, 0x3C, 0x3F, 0xE4, 0xD2, 0xED
    .byte   0xE4, 0xD2, 0x2D, 0xE3, 0x1D, 0x6A, 0x4C, 0x13, 0xD4, 0xB5, 0xB4,    8, 0x0E, 0x2C, 0x3E, 0xF1
    .byte   0x00, 0xEF, 0x23, 0xD4, 0xDF, 0xFD, 0x4C, 0x4B, 0x5C, 0x33, 0xC5, 0xB4, 0xC3, 0xEF, 0x3C, 0x3D
    .byte   0x22, 0xF3, 0xDE, 0x3C, 0x5C, 0x4C, 0x20, 0xE4, 0xB5, 0xC2, 0x2D, 0x23,    0, 0x0D, 0x4A, 0x6D
    .byte   0x21, 0xD3, 0xC6, 0xA5, 0xC3, 0xEF, 0x4C, 0x3B, 0x4D, 0x4D, 0xF3, 0xC4, 0xC3, 0x2E, 0x1F, 0x2E
    .byte   0x3D, 0xE2, 0xD4, 0xE1, 0x0E, 0x2D, 0x4D, 0xF2, 0xD2, 0x3D, 0x21, 0xD1, 0xFE,   -5, 0x03, 0xC5
    .byte   0xC3, 0xDD, 0x4C, 0x4C, 0x5C, 0x32, 0xD4, 0xB4, 0xD0, 0x0D, 0x3E, 0xE4, 0xC4, 0xED, 0x3D, 0x3D
    .byte   0x3C, 0x4D, 0x4D, 0x4C, 0xF3, 0xC5, 0xB4, 0xB3, 0x3E, 0xF1, 0x3B, 0x5D, 0x2F, 0x3B,    1, 0x0E
    .byte   0xE4, 0xC4, 0xC4, 0xC4, 0xE1, 0xFC, 0x4D, 0x2E, 0x2C, 0x5B, 0x5C, 0x4E, 0xC4, 0xC5, 0xA6, 0xA4
    .byte   0x5A, 0x7A, 0x22, 0xD2, 0x3D, 0xE2, 0xD3, 0x1F, 0xE3, 0xC4, 0xE1, 0x3B, 0x5B, 0x41, 0xD4,  -10
    .byte   0x05, 0xC3, 0xFD, 0x2C, 0x5B, 0x4E, 0xF3, 0xFD, 0x20, 0xC5, 0xC2, 0x20, 0x12, 0xE2, 0xD3, 0xC3
    .byte   0x3C, 0x4C, 0x20, 0x3D, 0x4C, 0x0F, 0xE4, 0xC4, 0xB5, 0xC3, 0x4B, 0x5C, 0x1F, 0x3D, 0x02, 0xC4
    .byte    -11, 0x04, 0xD2, 0xED, 0x3E, 0x4C, 0x32, 0xD4, 0xD1, 0x0D, 0x4C, 0x3C, 0x4F, 0xD4, 0xC4, 0xC4
    .byte   0xC3, 0x3B, 0x5C, 0x3D, 0x12, 0xF0, 0xF2, 0x2E, 0x2E, 0xD4, 0xB5, 0xC3, 0xFD, 0x4B, 0x6B, 0x4D
    .byte   0xC5,  -11, 0x05, 0xB3, 0xE1, 0x3C, 0x69, 0x6C, 0x05, 0xB4, 0xC3, 0xC4, 0x2D, 0x3C, 0x22, 0x13
    .byte   0xC3, 0xC3, 0x1F, 0x3D, 0xF2, 0x3D, 0x4C, 0x01, 0xE3, 0x2E, 0xE2, 0xC4, 0xD2, 0xE2, 0xC4, 0xF0
    .byte   0x4B, 0x5A,    5, 0x0D, 0x4C, 0x1E, 0x24, 0xC5, 0xA5, 0xB5, 0xB5, 0xCE, 0x4B, 0x5C, 0x4B, 0x5B
    .byte   0x5E, 0xD3, 0xC3, 0xE4, 0xD4, 0xB3, 0x13, 0x0F, 0xEC, 0x3E, 0x4D, 0xFD, 0x12, 0xF4, 0xC2, 0xFF
    .byte   0x40, 0xD3, 0xB4,    4, 0x02, 0xFE, 0xCE, 0x5B, 0x6A, 0x3D, 0x43, 0x20, 0xC1, 0xD5, 0xD3, 0xB4
    .byte   0xC4, 0xF3, 0xFB, 0x5A, 0x6D, 0xE2, 0xC2, 0x40, 0xE3, 0xDD, 0x4D, 0x23, 0xB3, 0x2E, 0x4D, 0xD3
    .byte   0xC4, 0xD3, 0xD2, 0xD2,   11, 0x0C, 0x5A, 0x5B, 0x6C, 0x2E, 0xC5, 0xA7, 0x95, 0xB4, 0xE3, 0x3C
    .byte   0x4C, 0x4D, 0x4C, 0x0E, 0x32, 0x01, 0xC4, 0xC5, 0xC2, 0xFC, 0x3D, 0x4D, 0x3C, 0x22, 0x33, 0xC3
    .byte   0xB5, 0xD4, 0xDE, 0xEE, 0x22,   16, 0x0B, 0x4B, 0x42, 0x2E, 0xF1, 0xB6, 0xC3, 0x2B, 0x4D, 0x4E
    .byte   0x1D, 0xEE, 0x4E, 0x2E, 0xE2, 0x21, 0x03, 0xB4, 0xC4, 0xEE, 0x2D, 0x22, 0x2E, 0x2D, 0x3D, 0x3E
    .byte   0x3C, 0x3E, 0xE4, 0xC4, 0xC3, 0xE2,    1, 0x0E, 0x3C, 0x23, 0xC5, 0xDD, 0x3D, 0x4C, 0x3F, 0xC5
    .byte   0xC3, 0x2C, 0x4C, 0x3E, 0x20, 0x0E, 0x2E, 0x3D, 0x12, 0xC5, 0xC4, 0xC3, 0xC5, 0xC1, 0x4B, 0x5B
    .byte   0x5C, 0xF2, 0xD2, 0x3D, 0x3E, 0xE1, 0x12,   -6, 0x04, 0xC2, 0x2E, 0x3F, 0xD2, 0xE3, 0xE0, 0x1D
    .byte   0x3E, 0x12, 0xE0, 0xE2, 0x10, 0x2D, 0x2E, 0x21, 0xF0, 0x1E, 0x20, 0x10, 0xE2, 0xE3, 0xD3, 0xD2
    .byte   0xFF, 0x2E, 0x2E, 0x10, 0xF1, 0x0F, 0xF1, 0xF1,    0, 0x00, 0x01, 0x0E, 0x2E, 0x2E, 0x2F, 0xF1
    .byte   0xF2, 0xE1, 0x00, 0x10, 0xF1, 0xFF, 0x11, 0xE2, 0x0F, 0x1F, 0x0F, 0x00, 0x10, 0xF1, 0xF1, 0xF1
    .byte   0x0F, 0x01, 0xF0, 0x0F, 0x10, 0x1F, 0x01, 0x0F, 0x01,    0, 0x00, 0x00, 0x1F, 0x0F, 0x1F, 0x10
    .byte   0x00, 0x0F, 0x01, 0x0F, 0x1F, 0x01, 0x00, 0xF0, 0x01, 0x0F, 0x01, 0x00, 0x01, 0xF0, 0x00, 0x10
    .byte   0xF0, 0x0F, 0x1F, 0x10, 0x01, 0xF0, 0x00, 0x1F, 0x00, 0x00,    0, 0x01, 0xFF, 0x10, 0x00, 0x0F
    .byte   0x01, 0xF1, 0x0F, 0x11, 0xF1, 0xF0, 0x1F, 0x00, 0x0F, 0x10, 0x01, 0xF0, 0x00, 0xF1, 0x00, 0xF1
    .byte   0x0F, 0x10, 0x00, 0xF1, 0x01, 0xF0, 0x0F, 0x10, 0x00, 0x01, 0x0F,    0, 0x00, 0x01, 0xF0, 0x00
    .byte   0x00, 0x00, 0x01, 0xF1, 0xF0, 0x0F, 0x10, 0x00, 0xF1, 0x00, 0x1F, 0x00, 0xF1, 0x00, 0x00, 0x00
    .byte   0x00, 0xF1, 0xF1, 0x1F, 0x00, 0xF1, 0x00, 0x01, 0x00, 0xFF, 0x10, 0x1F,    0, 0x00, 0x01, 0xFF
    .byte   0x11, 0xF1, 0x0F, 0x0F, 0x10, 0x00, 0xF1, 0x1F, 0x01, 0xF0, 0x00, 0xF1, 0x01, 0xF0, 0x01, 0xF0
    .byte   0x01, 0xF1, 0xF0, 0x01, 0x0F, 0x1F, 0x1F, 0x00, 0x00, 0x0F, 0x10, 0x00, 0x1F,    0, 0x00, 0x00
    .byte   0x0F, 0x10, 0x00, 0x1F, 0x00, 0x00, 0xF1, 0xF0, 0x1F, 0x1F, 0x10, 0x00, 0x1F, 0x00, 0xF1, 0x00
    .byte   0x00, 0x0F, 0x01, 0x00, 0x10, 0xF0, 0xF1, 0x00, 0x00, 0x00, 0xF1, 0x1F, 0x01, 0xF0,    0, 0x00
    .byte   0x00, 0xF1, 0x00, 0x00, 0x00, 0x1F, 0x01, 0xF0, 0x00, 0x00, 0x00, 0x1F, 0x00, 0x00, 0x00, 0x00
    .byte   0x1F, 0x00, 0x0F, 0x10, 0x01, 0xF0, 0x0F, 0x10, 0x00, 0x0F, 0x01, 0x00, 0x1F, 0x00, 0x01,    0
    .byte   0x00, 0x10, 0x0F, 0xF1, 0xF1, 0x00, 0x1F, 0x00, 0x00, 0x00, 0xF1, 0x10, 0xF0, 0x00, 0x1F, 0x00
    .byte   0x00, 0x0F, 0x11, 0xFF, 0x10, 0x00, 0x00, 0x00, 0x00, 0x00, 0x1F, 0x00, 0xF0, 0x01, 0x00, 0xF1
    .byte     -1, 0x00, 0x10, 0x00, 0x00, 0x00, 0x1F, 0x00, 0x00, 0xF1, 0x00, 0x01, 0xF0, 0xF1, 0xF1, 0x00
    .byte   0x00, 0x01, 0xFF, 0x01, 0x00, 0x01, 0xF1, 0xF0, 0x00, 0x0F, 0x1F, 0x1F, 0x10, 0x00, 0x00, 0xF0
    .byte   0x00,   -1, 0x00, 0x00, 0x11, 0x00, 0x1F, 0x03, 0x3E, 0xAE, 0x5E, 0xD4, 0xCC, 0x7E, 0xA6, 0xCC
    .byte   0x5B, 0x45, 0x85, 0x6A, 0x53, 0xA7, 0x39, 0x7D, 0x9F, 0xD4, 0x4B, 0xC6, 0x4C, 0x4C, 0xD5, 0x93
    .byte   0x6A, 0x3D,  -15, 0x07, 0xCA, 0x7B, 0xB5, 0xC1, 0x4C, 0xC7, 0xCE, 0x2B, 0x6B, 0xB5, 0x2E, 0x0D
    .byte   0x44, 0xB5, 0xCD, 0x5A, 0x54, 0xBF, 0x03, 0x3E, 0xE0, 0xEE, 0x3E, 0xF2, 0xDF, 0x4D, 0x3F, 0xD1
    .byte   0xD3, 0x1E, 0x0D,   -3, 0x03, 0xD1, 0x2E, 0x3F, 0x10, 0xE1, 0x2F, 0x1E, 0x10, 0xD3, 0xFE, 0xFE
    .byte   0x12, 0xFE, 0xD2, 0x21, 0x10, 0xE2, 0x21, 0x2F, 0xE2, 0x01, 0x11, 0xEF, 0x1F, 0x10, 0xE0, 0x10
    .byte   0x0F, 0xEF, 0x20, 0xFF,   -6, 0x02, 0xE1, 0x0F, 0x02, 0x11, 0x11, 0xF0, 0x21, 0xFF, 0xE0, 0x20
    .byte   0xFF, 0xE1, 0x10, 0x0E, 0x01, 0x12, 0xFE, 0x30, 0x21, 0xD2, 0x1E, 0x0E, 0xFF, 0xE1, 0x11, 0xE1
    .byte   0x2F, 0x0E, 0xF2, 0x01, 0xFF,   -9, 0x01, 0x21, 0xE0, 0x1F, 0x0F, 0xEF, 0xE0, 0x1E, 0xFE, 0x12
    .byte   0x0F, 0x02, 0x21, 0x10, 0x13, 0x21, 0xE3, 0x32, 0x3F, 0x23, 0x03, 0x10, 0xD2, 0x2F, 0xDC, 0x2E
    .byte   0x2D, 0xDF, 0xF1, 0xFE, 0x11, 0xEF,    8, 0x0F, 0xEF, 0xE2, 0x1E, 0xDF, 0xFE, 0x0D, 0xEF, 0xDE
    .byte   0xFE, 0xED, 0x1F, 0x1D, 0xD2, 0x20, 0xEF, 0x33, 0x32, 0x44, 0x55, 0x53, 0x24, 0x44, 0xCB, 0xDE
    .byte   0xDC, 0xBC, 0xEE, 0x1E, 0xDC, 0x14, 0x3E,  -13, 0x03, 0x44, 0x23, 0x0E, 0x22, 0xEC, 0xCD, 0xED
    .byte   0xCE, 0xDE, 0x02, 0x21, 0x04, 0x43, 0x23, 0x42, 0x2E, 0xFE, 0xDD, 0xDE, 0xDC, 0xEF, 0xED, 0xD1
    .byte   0x2E, 0xD0, 0x13, 0xEE, 0x03, 0x11, 0x01, 0x21,  -30, 0x03, 0x43, 0x46, 0x33, 0xE3, 0x4F, 0xCB
    .byte   0xE0, 0xDC, 0xC0, 0xF2, 0x1E, 0xDE, 0x43, 0x1D, 0x13, 0x32, 0xEE, 0x00, 0xED, 0xDE, 0xDE, 0xD0
    .byte   0xFE, 0xE2, 0x31, 0xE2, 0x34, 0x1E, 0x23, 0xEE, 0xEF,   -2, 0x0D, 0xFE, 0xED, 0xE2, 0x2E, 0xED
    .byte   0x20, 0xFD, 0xE0, 0x1E, 0x00, 0x20, 0x12, 0x22, 0x13, 0x44, 0x34, 0x63, 0xFD, 0x43, 0xEC, 0xB2
    .byte   0xEC, 0xCE, 0x2E, 0xE1, 0x21, 0xE3, 0x32, 0xEF, 0x32, 0x0D,   25, 0x0E, 0xEE, 0xDD, 0xDE, 0x11
    .byte   0xDE, 0x23, 0x1F, 0x13, 0x32, 0x03, 0x02, 0x1D, 0xEF, 0xFD, 0xDD, 0xE2, 0xFE, 0xE1, 0x21, 0xFE
    .byte   0x10, 0xEE, 0xEE, 0xEF, 0xFE, 0xE0, 0x22, 0x2F, 0x23, 0x33, 0x34,   25, 0x04, 0x52, 0x12, 0x31
    .byte   0xDC, 0xDE, 0xDC, 0xDE, 0xFE, 0xFF, 0x22, 0x13, 0x21, 0x12, 0x2E, 0xFE, 0xFE, 0xDE, 0xEE, 0xDE
    .byte   0x0E, 0xE1, 0x22, 0xE2, 0x33, 0xF0, 0x32, 0x2E, 0xE1, 0xDE, 0xEF, 0xDD,  -22, 0x02, 0xEE, 0xE1
    .byte   0x21, 0xEE, 0x10, 0xEE, 0xEF, 0xEF, 0xE1, 0xEE, 0xF3, 0x2F, 0xF2, 0x43, 0x13, 0x44, 0x34, 0x42
    .byte   0xF2, 0x31, 0xDC, 0xE2, 0xDC, 0xC1, 0x3E, 0xDE, 0x22, 0x20, 0x11, 0x10, 0x22,   25, 0x0D, 0xF2
    .byte   0x2D, 0xDD, 0x10, 0xDE, 0xF1, 0x0E, 0x22, 0x22, 0x22, 0x22, 0x22, 0xED, 0xF1, 0xED, 0xDF, 0x0E
    .byte   0xEE, 0xF1, 0xF0, 0xE1, 0xE0, 0xFE, 0x0E, 0xFF, 0xFE, 0xF2, 0x1E, 0xE2, 0x33, 0xEF,  -31, 0x04
    .byte   0x32, 0x33, 0x44, 0x3F, 0x03, 0x32, 0xCD, 0x12, 0xEC, 0xDF, 0x2E, 0xDD, 0x12, 0x1F, 0xFF, 0x02
    .byte   0x20, 0xEE, 0x22, 0xFD, 0xEF, 0x10, 0xDD, 0x01, 0x1E, 0xE0, 0x32, 0x01, 0x22, 0xF1, 0x2F,    2
    .byte   0x0F, 0x2F, 0xED, 0xF1, 0x0D, 0xD2, 0xFF, 0xDF, 0xFF, 0xFF, 0x0F, 0xE1, 0x20, 0xD1, 0x12, 0x0E
    .byte   0x13, 0x21, 0x12, 0x33, 0x12, 0x43, 0x33, 0x33, 0x03, 0x21, 0xDE, 0xF2, 0xDC, 0xE2, 0x1D, 0xDE
    .byte     18, 0x01, 0xEE, 0xFE, 0x22, 0x1E, 0xE1, 0x32, 0xDD, 0x22, 0xED, 0xE1, 0x0F, 0xDF, 0x20, 0x01
    .byte   0x21, 0x12, 0x22, 0xEE, 0x31, 0xED, 0x03, 0xFD, 0xD0, 0x2E, 0xDD, 0x21, 0xED, 0xE2, 0x1E, 0xEF
    .byte   0x11,  -45, 0x0E, 0xF1, 0x31, 0xEF, 0x33, 0x11, 0x13, 0x32, 0x13, 0x32, 0x33, 0x4D, 0x14, 0x20
    .byte   0xCF, 0x31, 0xDC, 0x13, 0x1C, 0xC2, 0x30, 0xCD, 0x22, 0x1D, 0xF2, 0x20, 0xF0, 0x0F, 0x1F, 0x0D
    .byte   0xE2, 0x1E,  -14, 0x00, 0x32, 0xDE, 0x23, 0x0E, 0x12, 0x20, 0xE2, 0x0F, 0x0F, 0xEE, 0x0E, 0xFD
    .byte   0xE1, 0xEE, 0xEE, 0x0E, 0xFE, 0x01, 0xF0, 0x00, 0x21, 0x11, 0x22, 0x11, 0x23, 0x10, 0x13, 0x32
    .byte   0x12, 0x34, 0x3F,   38, 0x03, 0x41, 0xDD, 0x24, 0xEC, 0xD3, 0x3D, 0xCD, 0x33, 0xCC, 0xF3, 0x1D
    .byte   0xD0, 0x31, 0xEF, 0x02, 0x2E, 0xD2, 0x2F, 0xEF, 0xF1, 0xFE, 0x01, 0x00, 0xFF, 0x0F, 0x22, 0xDE
    .byte   0x32, 0x1D, 0xD3, 0x3E,  -15, 0x0E, 0x22, 0xEC, 0xE3, 0xED, 0xEF, 0x2F, 0xEE, 0x02, 0x1F, 0xE2
    .byte   0x3F, 0x00, 0x23, 0x2F, 0x23, 0x12, 0x13, 0x22, 0x22, 0x42, 0xD2, 0x42, 0xED, 0x24, 0xED, 0xD3
    .byte   0x3D, 0xCD, 0x32, 0xCC, 0x13,   16, 0x0C, 0xD3, 0x21, 0xDE, 0x23, 0xEF, 0xE0, 0x3F, 0xEE, 0x22
    .byte   0x0E, 0xE2, 0x2E, 0xEF, 0x22, 0xED, 0x22, 0x1E, 0xD2, 0x21, 0xED, 0x22, 0xFD, 0xD2, 0x2E, 0xDE
    .byte   0x21, 0xDE, 0x02, 0xFE, 0xE3, 0x1E,  -45, 0x02, 0x22, 0x12, 0x22, 0x02, 0x31, 0xF3, 0x22, 0x22
    .byte   0x23, 0x3D, 0x23, 0x3E, 0xE2, 0x22, 0xD0, 0x22, 0xEC, 0x22, 0xED, 0xD0, 0x0D, 0xEE, 0xF1, 0xEE
    .byte   0xFF, 0x2F, 0xFE, 0x22, 0x0F, 0x02, 0x2E,    2, 0x02, 0x2E, 0xE2, 0x0F, 0xEE, 0x2F, 0xE0, 0xE1
    .byte   0x1E, 0xFF, 0x1E, 0xEF, 0x0F, 0xEE, 0x0F, 0xFE, 0xEF, 0x2E, 0xE0, 0x10, 0x00, 0x12, 0x01, 0x12
    .byte   0x12, 0x22, 0x22, 0x22, 0x12, 0x23, 0x11, 0x23,   37, 0x0F, 0xF3, 0x3E, 0xE2, 0x30, 0xDE, 0x33
    .byte   0xCD, 0x13, 0xFC, 0xD3, 0x0D, 0xC1, 0x2F, 0xDE, 0x02, 0xFE, 0xF1, 0x20, 0xFE, 0x22, 0xFE, 0x12
    .byte   0x10, 0xEF, 0x21, 0xEE, 0x02, 0x1D, 0xE2, 0x1E, 0xEF,  -16, 0x01, 0xFD, 0x02, 0xFE, 0xEF, 0x10
    .byte   0xEE, 0xF2, 0xFE, 0xF2, 0xF0, 0xF0, 0x21, 0x1F, 0x22, 0x02, 0x22, 0x01, 0x32, 0x10, 0x32, 0x02
    .byte   0x23, 0x0F, 0x23, 0x1E, 0x03, 0x2E, 0xD3, 0x2E, 0xD0, 0x21,   37, 0x0D, 0x10, 0xEE, 0xEE, 0x0E
    .byte   0xEF, 0xE0, 0x0F, 0xE0, 0x2F, 0xEE, 0x32, 0xDE, 0x32, 0xEE, 0xF3, 0x0E, 0xE0, 0x20, 0xEE, 0x02
    .byte   0xEF, 0xEF, 0x01, 0xEE, 0x11, 0x0D, 0xF2, 0xFE, 0xE1, 0x0F, 0xEF,  -38, 0x01, 0x0E, 0x22, 0xFF
    .byte   0x22, 0x0F, 0x23, 0x1F, 0x03, 0x22, 0xE2, 0x32, 0xFF, 0x33, 0xFF, 0xF3, 0x3E, 0xD2, 0x32, 0xDE
    .byte   0x33, 0xDD, 0xF3, 0x0D, 0xD0, 0x2F, 0xDD, 0x22, 0xED, 0xE2, 0x2E, 0xDF,    5, 0x01, 0xED, 0x32
    .byte   0xEE, 0x02, 0x1E, 0xE2, 0xF0, 0x0E, 0x01, 0x1E, 0xEF, 0x11, 0xEE, 0xF2, 0xFE, 0xE1, 0x1E, 0x01
    .byte   0xE0, 0xF0, 0xFE, 0x01, 0x1F, 0x01, 0x10, 0x0E, 0x31, 0xE1, 0x22, 0x00, 0x22,  -12, 0x00, 0x12
    .byte   0x21, 0x12, 0x21, 0x23, 0x2E, 0x23, 0x1F, 0x02, 0x2F, 0x12, 0xF2, 0x0E, 0x10, 0xFE, 0xF0, 0xED
    .byte   0x0F, 0x0D, 0xE2, 0xEE, 0x0F, 0x1E, 0x01, 0x10, 0xF0, 0x2F, 0xE0, 0x10, 0xFE, 0x11,   -1, 0x0E
    .byte   0xF0, 0xFE, 0xE0, 0x0E, 0x0F, 0x0E, 0x01, 0x0E, 0x01, 0x2E, 0xF0, 0x20, 0xEF, 0x22, 0xD1, 0x3F
    .byte   0xDE, 0x4F, 0xEF, 0x13, 0x2C, 0x33, 0xC4, 0x1B, 0x6C, 0xD5, 0xC0, 0x32, 0xE2, 0x3B, 0x53,   -4
    .byte   0x04, 0xF1, 0x4B, 0x43, 0xB5, 0x2B, 0x4D, 0xF3, 0xD1, 0xEF, 0x3D, 0x01, 0xF0, 0x0F, 0xFF, 0x01
    .byte   0xFF, 0x10, 0x10, 0xFF, 0x00, 0x1F, 0xF1, 0x0F, 0x0F, 0x1F, 0x01, 0xFF, 0x00, 0xF0, 0x0F, 0x00
    .byte      0, 0x0F, 0x0F, 0x00, 0xF0, 0xFF, 0xF0, 0xF0, 0xF0, 0x0F, 0x00, 0x10, 0x00, 0x01, 0xF1, 0x1F
    .byte   0x10, 0x01, 0x01, 0x00, 0x10, 0x10, 0x00, 0x00, 0x11, 0xF0, 0x10, 0x01, 0x00, 0x00, 0x01, 0xF0
    .byte   0x00,    2, 0x0F, 0x10, 0x00, 0x0F, 0x01, 0xF0, 0x00, 0x00, 0x0F, 0x10, 0xF0, 0x10, 0x00, 0x01
    .byte   0xF0, 0x10, 0x00, 0x01, 0xF1, 0xF1, 0x00, 0x10, 0xF1, 0xF0, 0x10, 0x00, 0x0F, 0xF1, 0xF1, 0xF0
    .byte   0x0F, 0x1F,    1, 0x00, 0xF0, 0xF1, 0xF0, 0x00, 0x00, 0x00, 0x1F, 0xF1, 0x00, 0x00, 0xF1, 0x10
    .byte   0xF1, 0xF1, 0x00, 0x00, 0x00, 0x0F, 0x1F, 0x00, 0xF1, 0x0F, 0x1F, 0x00, 0x0F, 0x1F, 0x00, 0x00
    .byte   0x00, 0xF0, 0x1F,   -4, 0x00, 0x01, 0x00, 0x0F, 0x10, 0x01, 0x00, 0x00, 0x01, 0xF0, 0x10, 0x00
    .byte   0x01, 0x00, 0xF1, 0x00, 0x01, 0x00, 0x00, 0x00, 0x0F, 0x1F, 0x10, 0x00, 0x0F, 0x1F, 0x10, 0x00
    .byte   0x00, 0x1F, 0x01, 0xF1,    1, 0x00, 0x00, 0x1F, 0x1F, 0x01, 0x0F, 0x01, 0xF1, 0xF0, 0x00, 0x00
    .byte   0x0F, 0x10, 0x00, 0x0F, 0x00, 0x1F, 0x1F, 0xF1, 0xF1, 0xF0, 0xF1, 0x01, 0x00, 0xF0, 0xF1, 0x00
    .byte   0x01, 0x0F, 0x00, 0x00, 0x00,    0, 0x0F, 0x1F, 0x01, 0xF1, 0x00, 0x00, 0xF1, 0x00, 0x0F, 0x01
    .byte   0x00, 0x1F, 0x01, 0x0F, 0x10, 0xF1, 0x00, 0x0F, 0x10, 0x00, 0x0F, 0x10, 0x01, 0xF0, 0x00, 0x1F
    .byte   0x00, 0x00, 0x0F, 0x10, 0x0F, 0x01,    0, 0x01, 0x00, 0x00, 0xF0, 0x1F, 0x00, 0x00, 0x1F, 0x10
    .byte   0xF0, 0x0F, 0x10, 0x1F, 0xF1, 0x00, 0x00, 0x00, 0xF1, 0xF0, 0x10, 0x00, 0x00, 0x00, 0xF1, 0xF1
    .byte   0x00, 0x1F, 0xF1, 0x00, 0x01, 0xFF, 0x10,    0, 0x0F, 0x10, 0x00, 0x00, 0x1F, 0x00, 0x1F, 0x01
    .byte   0xF0, 0x1F, 0x0F, 0x10, 0x10, 0xF1, 0x0F, 0x01, 0x0F, 0x01, 0xF1, 0xF1, 0x00, 0x0F, 0x00, 0x10
    .byte   0xF0, 0x00, 0x00, 0x01, 0xF0, 0x00, 0x01, 0xFF,   -1, 0x01, 0xF1, 0x0F, 0x01, 0xF1, 0xF1, 0x00
    .byte   0x0F, 0x1F, 0x00, 0x10, 0xF0, 0x01, 0x00, 0xF0, 0x10, 0x00, 0xF1, 0x0F, 0x10, 0x0F, 0x10, 0x01
    .byte   0xF0, 0x00, 0x00, 0x00, 0xF0, 0x01, 0x00, 0x00, 0xFF,    0, 0x00, 0x1F, 0x1F, 0xE0, 0x21, 0x20
    .byte   0x10, 0x2F, 0xFD, 0xD1, 0x21, 0xE1, 0x30, 0x34, 0x42, 0xD7, 0x88, 0xDD, 0x79, 0x77, 0xA7, 0x1B
    .byte   0x8E, 0x3C, 0x24, 0xE6, 0x7D, 0xE9, 0xB6, 0x95, 0xFA, 0x65,   28, 0x02, 0xA4, 0xB5, 0x3B, 0xDC
    .byte   0x5F, 0x5C, 0xE0, 0xB7, 0x1A, 0x3B, 0x42, 0x6B, 0xC2, 0x25, 0xCE, 0xDE, 0x15, 0x1B, 0xFE, 0x43
    .byte   0xF2, 0xB3, 0x41, 0xED, 0xD4, 0xC5, 0xEB, 0x3E, 0x5B, 0x32, 0xB5,    9, 0x0E, 0xEE, 0x3C, 0x5B
    .byte   0x5E, 0xA7, 0xBF, 0x3C, 0x5C, 0xF3, 0xD2, 0xD3, 0x0D, 0xD4, 0x4C, 0xC3, 0x3D, 0x32, 0xC4, 0xB3
    .byte   0x6B, 0xCD, 0x6C, 0x4D, 0xA7, 0xBE, 0x6B, 0xC2, 0x5C, 0x5B, 0xB7, 0xB2,   15, 0x0B, 0xE4, 0xE3
    .byte   0x49, 0x36, 0xB4, 0xEB, 0x43, 0xC5, 0x19, 0x54, 0xC5, 0xBC, 0x60, 0xC4, 0xDB, 0x6C, 0x14, 0xBF
    .byte   0x42, 0xD3, 0xC0, 0x4B, 0x44, 0xA4, 0xE2, 0x4D, 0x0C, 0x41, 0x23, 0xA4, 0x0F,   15, 0x0E, 0xCF
    .byte   0x3F, 0x4D, 0xBF, 0x42, 0xF0, 0xC3, 0x4D, 0x2F, 0xC3, 0x30, 0xFE, 0xC4, 0x3D, 0xD3, 0xD3, 0x3C
    .byte   0x3C, 0x14, 0x3C, 0xC4, 0x24, 0xDB, 0x5E, 0xE3, 0xEC, 0x13, 0x15, 0xAB, 0x63, 0x2D,  -13, 0x00
    .byte   0x42, 0xE3, 0xBD, 0x6E, 0x3C, 0xB4, 0x42, 0xC0, 0xDF, 0x5D, 0x2D, 0xC4, 0x32, 0xC0, 0x02, 0x4C
    .byte   0x1E, 0xC5, 0x2E, 0xDD, 0x33, 0x1D, 0x0F, 0xD4, 0x3D, 0xED, 0x33, 0x1D, 0x2F, 0xD2, 0x0F,   -8
    .byte   0x0E, 0x14, 0x0C, 0x23, 0xF2, 0xEE, 0x2E, 0x13, 0xFD, 0x20, 0x31, 0xDE, 0x11, 0xF1, 0xEF, 0x20
    .byte   0x20, 0xD1, 0x21, 0x2E, 0xE1, 0x2F, 0x20, 0xE1, 0x2E, 0x2E, 0xE1, 0x11, 0x0E, 0x11, 0x2E, 0x11
    .byte     -1, 0x02, 0xE0, 0x1F, 0x02, 0x2E, 0xE1, 0x22, 0xEE, 0xF1, 0x10, 0xEF, 0x02, 0x2E, 0xE0, 0x22
    .byte   0xFD, 0x02, 0x3F, 0xEE, 0xF2, 0x21, 0xDE, 0x23, 0x1D, 0xE0, 0x22, 0xFE, 0xFF, 0x32, 0xEE, 0xE2
    .byte   0x3E,   -2, 0x00, 0x12, 0x1D, 0x11, 0x12, 0xEE, 0x11, 0x20, 0xE0, 0x12, 0x0F, 0x1F, 0x12, 0x01
    .byte   0x0F, 0xFE, 0xFF, 0xF0, 0xE0, 0x22, 0x1F, 0xE2, 0x11, 0x0E, 0xE2, 0x21, 0x1E, 0x11, 0x00, 0xFE
    .byte   0xE2, 0x2F,   -2, 0x0F, 0xF2, 0x0F, 0x0E, 0x02, 0x0F, 0xF0, 0x22, 0xE0, 0xF2, 0x0E, 0x10, 0x1F
    .byte   0xF1, 0xE1, 0x11, 0x0F, 0x0F, 0x11, 0xFF, 0xF0, 0x20, 0x0E, 0xFF, 0x22, 0x00, 0xE2, 0x3F, 0xDE
    .byte   0x2F, 0x0E, 0xE0,   -6, 0x02, 0x0F, 0xE2, 0x3E, 0xE0, 0x22, 0xED, 0x22, 0x11, 0xE1, 0xF0, 0x2F
    .byte   0xE0, 0x12, 0xEE, 0x21, 0x0F, 0xF2, 0xFF, 0x11, 0xF0, 0x11, 0xFF, 0x02, 0xFF, 0xE1, 0x21, 0xEE
    .byte   0x13, 0xFE, 0xE1, 0x21,    1, 0x00, 0x12, 0xFE, 0x0E, 0x11, 0xFE, 0xE1, 0x20, 0xEE, 0x22, 0xFE
    .byte   0xF2, 0xF0, 0xF0, 0xF1, 0x2F, 0xEE, 0x23, 0xFD, 0xF3, 0x2E, 0xE2, 0x12, 0x1E, 0xF3, 0x2E, 0xFE
    .byte   0x23, 0x2E, 0xD1, 0x33, 0xDD,    6, 0x03, 0x1F, 0xEE, 0x02, 0x0F, 0xD1, 0x20, 0xFD, 0xF2, 0x2E
    .byte   0xEE, 0x22, 0xFE, 0xE1, 0x20, 0xEE, 0xE2, 0x0F, 0xEE, 0x12, 0x0E, 0xFF, 0x10, 0xFE, 0xF0, 0x20
    .byte   0x0F, 0x22, 0x20, 0xE1, 0x22, 0xF1,   -8, 0x02, 0x3F, 0x33, 0x22, 0x13, 0x32, 0xD0, 0x21, 0xDE
    .byte   0x0F, 0xFE, 0xEF, 0xEE, 0x10, 0xDE, 0x12, 0xFD, 0xE3, 0x2D, 0xE2, 0x2E, 0xEE, 0x2E, 0xE0, 0x20
    .byte   0xD0, 0x22, 0xED, 0x23, 0xFD, 0x12, 0x10,  -18, 0x00, 0x2F, 0xEF, 0x0E, 0x0E, 0xEF, 0xEF, 0x1E
    .byte   0xE2, 0x3F, 0xD0, 0x33, 0xEE, 0x23, 0x30, 0x13, 0x33, 0x43, 0xE2, 0x43, 0xED, 0xE4, 0xFC, 0xC3
    .byte   0x2E, 0xCE, 0x22, 0xDD, 0xFF, 0xF0, 0xEF, 0xDF,    2, 0x02, 0xDC, 0x33, 0x0C, 0xD3, 0x3E, 0xDF
    .byte   0x33, 0xFE, 0x13, 0x22, 0x21, 0x22, 0x11, 0x1D, 0x12, 0xED, 0xEE, 0xEF, 0xDE, 0xEE, 0xEE, 0xEE
    .byte   0xEE, 0xEF, 0xD0, 0x1E, 0xE2, 0x3F, 0xE2, 0x22, 0x01,  -40, 0x02, 0x21, 0x34, 0x33, 0x45, 0x10
    .byte   0x34, 0x2D, 0xE3, 0x2E, 0xC1, 0x3E, 0xDD, 0x21, 0xDD, 0xEF, 0xDD, 0xEE, 0xED, 0x00, 0xEE, 0xE1
    .byte   0x0D, 0xEF, 0x2F, 0xE2, 0x21, 0x22, 0x22, 0x22, 0x22, 0x22,   19, 0x02, 0x30, 0xE2, 0x1E, 0xED
    .byte   0xF1, 0xDD, 0xF0, 0xED, 0xEE, 0xED, 0xDE, 0xED, 0xEE, 0xE0, 0x11, 0x11, 0x12, 0x2F, 0x03, 0x12
    .byte   0x22, 0x33, 0x23, 0x43, 0x34, 0x42, 0x32, 0x30, 0xE1, 0x21, 0xDD,   73, 0x03, 0xDD, 0xF2, 0xEC
    .byte   0xDE, 0xED, 0xDD, 0xEE, 0xEE, 0xEE, 0xF1, 0xFD, 0xE0, 0x1F, 0xE1, 0x32, 0x11, 0x33, 0xF1, 0x33
    .byte   0xFF, 0x33, 0x0E, 0xF3, 0x1D, 0xD2, 0x2E, 0xDD, 0x21, 0xCD, 0xE1, 0xDD,  -48, 0x0F, 0xEE, 0xDE
    .byte   0x0E, 0xFE, 0x11, 0x01, 0x12, 0x21, 0x23, 0x22, 0x23, 0x33, 0x33, 0x43, 0x43, 0x33, 0x32, 0x12
    .byte   0x01, 0x0F, 0xF1, 0x0F, 0xEE, 0xEE, 0xCD, 0xDD, 0xDD, 0xDD, 0xFD, 0xEE, 0xEE,  -36, 0x0E, 0xFF
    .byte   0xEE, 0x21, 0x22, 0x22, 0x22, 0x22, 0x31, 0x22, 0x23, 0x22, 0x22, 0x01, 0xFF, 0xEE, 0xEE, 0xED
    .byte   0xDE, 0xEE, 0xDE, 0xDE, 0xDD, 0xEF, 0xDE, 0xEF, 0xFF, 0x01, 0x20, 0x22, 0x23, 0x23,  -42, 0x03
    .byte   0x23, 0x34, 0x34, 0x34, 0x33, 0x31, 0x22, 0x21, 0x11, 0x10, 0x00, 0xE1, 0xDD, 0xDD, 0xDC, 0xDE
    .byte   0xDD, 0xED, 0xEE, 0xD0, 0xDF, 0xEE, 0xF0, 0x02, 0x11, 0x22, 0x32, 0x22, 0x23, 0x22, 0x22,   25
    .byte   0x02, 0x21, 0x10, 0xE1, 0xEE, 0xFE, 0xED, 0xEE, 0xDD, 0xDD, 0xDE, 0xDE, 0xD1, 0xEE, 0xEF, 0xEE
    .byte   0x00, 0x21, 0x23, 0x32, 0x32, 0x32, 0x33, 0x33, 0x44, 0x34, 0x33, 0x22, 0x22, 0x22, 0x11, 0x11
    .byte    104, 0x0F, 0xEE, 0xDD, 0xDD, 0xDD, 0xDD, 0xDD, 0xDE, 0xDE, 0xDE, 0xEF, 0xEF, 0xFF, 0xF0, 0x21
    .byte   0x21, 0x32, 0x23, 0x13, 0x13, 0x22, 0x31, 0x20, 0x12, 0xE1, 0xFF, 0xEE, 0xED, 0xED, 0xDE, 0xDD
    .byte   0xDE,  -55, 0x0E, 0xDF, 0xEE, 0xDE, 0xF0, 0x01, 0x22, 0x33, 0x22, 0x22, 0x33, 0x33, 0x24, 0x34
    .byte   0x44, 0x31, 0x21, 0x31, 0x32, 0x00, 0x01, 0x1F, 0xED, 0xED, 0xDD, 0xDD, 0xDD, 0xDD, 0xED, 0xDD
    .byte   0xEE, 0xFE,  -42, 0x0F, 0xEF, 0x11, 0x10, 0x21, 0x32, 0x31, 0x23, 0x23, 0x22, 0x31, 0x22, 0xF0
    .byte   0xEF, 0xFE, 0xFF, 0xED, 0xED, 0xDF, 0xDD, 0xDD, 0xDE, 0xEE, 0xEE, 0xEE, 0x11, 0xF1, 0x12, 0x32
    .byte   0x32, 0x23, 0x13,  -21, 0x03, 0x33, 0x34, 0x43, 0x42, 0x22, 0x22, 0x21, 0x20, 0x10, 0x10, 0xEE
    .byte   0xDD, 0xDD, 0xDE, 0xDD, 0xDD, 0xED, 0xDD, 0xEE, 0xFE, 0xFE, 0x0F, 0x11, 0x11, 0xF2, 0x22, 0x23
    .byte   0x23, 0x13, 0x22, 0x21,   25, 0x01, 0x10, 0x00, 0xE0, 0xEF, 0xED, 0xED, 0xDE, 0xDE, 0xDE, 0xDE
    .byte   0xEE, 0xEE, 0xEE, 0xFF, 0x02, 0x12, 0x23, 0x23, 0x22, 0x32, 0x32, 0x33, 0x34, 0x34, 0x33, 0x12
    .byte   0x22, 0x22, 0x21, 0x11, 0x10,   95, 0x0E, 0xED, 0xED, 0xDD, 0xDD, 0xDE, 0xED, 0xED, 0xDE, 0xEE
    .byte   0xEE, 0xE1, 0xF1, 0x00, 0x20, 0x22, 0x22, 0x22, 0x32, 0x32, 0x22, 0x20, 0x10, 0x0F, 0xEF, 0xF0
    .byte   0xEE, 0xED, 0xED, 0xDD, 0xDD, 0xEE,  -65, 0x0E, 0xEE, 0xFF, 0xEF, 0x02, 0x02, 0x13, 0x22, 0x32
    .byte   0x32, 0x32, 0x33, 0x33, 0x43, 0x33, 0x32, 0x32, 0x12, 0x20, 0x11, 0x10, 0xFE, 0xEE, 0xDD, 0xDD
    .byte   0xDD, 0xDD, 0xEE, 0xDE, 0xED, 0xEE, 0xEE,  -40, 0x0F, 0xF0, 0x11, 0x02, 0x21, 0x22, 0x22, 0x32
    .byte   0x23, 0x22, 0x21, 0x11, 0x10, 0xE0, 0xEF, 0xEE, 0xED, 0xED, 0xED, 0xDE, 0xDD, 0xEE, 0xEE, 0x0E
    .byte   0xFF, 0x02, 0x0F, 0x13, 0x23, 0x23, 0x23, 0x23,   -8, 0x03, 0x33, 0x33, 0x43, 0x23, 0x22, 0x21
    .byte   0x21, 0x10, 0x11, 0x0E, 0xED, 0xED, 0xDD, 0xDD, 0xDD, 0xEE, 0xDE, 0xED, 0xFE, 0xEE, 0xFF, 0xF1
    .byte   0x02, 0x01, 0x22, 0x21, 0x22, 0x23, 0x13, 0x22, 0x21,   26, 0x0F, 0x0F, 0x0E, 0x0E, 0xEE, 0xEE
    .byte   0xED, 0xDD, 0xDE, 0xDD, 0xFE, 0xEE, 0x0E, 0x0F, 0x10, 0x12, 0x22, 0x22, 0x32, 0x32, 0x33, 0x23
    .byte   0x33, 0x33, 0x43, 0x23, 0x23, 0x02, 0x20, 0x01, 0x10, 0x0E,   88, 0x0E, 0xDD, 0xDD, 0xDD, 0xDD
    .byte   0xDE, 0xDF, 0xDE, 0xEE, 0xEE, 0xFF, 0xF0, 0x10, 0x22, 0x12, 0x22, 0x22, 0x32, 0x32, 0x22, 0x22
    .byte   0x10, 0xFE, 0xFE, 0xFE, 0xFE, 0xEE, 0xDE, 0xDD, 0xDE, 0xDD, 0xEE,  -71, 0x0F, 0xE0, 0x0F, 0x01
    .byte   0x11, 0x22, 0x23, 0x23, 0x22, 0x32, 0x33, 0x33, 0x34, 0x33, 0x23, 0x22, 0x21, 0x21, 0x10, 0x2F
    .byte   0x0E, 0xEE, 0xDD, 0xDC, 0xED, 0xDD, 0xDE, 0xDE, 0xEE, 0xEE, 0xEE, 0xE1,  -45, 0x01, 0x11, 0x22
    .byte   0x12, 0x22, 0x22, 0x32, 0x32, 0x22, 0x12, 0x0F, 0xFF, 0xFF, 0xFF, 0xEE, 0xEE, 0xDE, 0xDD, 0xDE
    .byte   0xDE, 0xEF, 0xFE, 0x00, 0xE0, 0xF1, 0x11, 0x22, 0x22, 0x32, 0x23, 0x22, 0x33,    9, 0x03, 0x33
    .byte   0x33, 0x23, 0x21, 0x22, 0x02, 0x11, 0x10, 0x1E, 0xEE, 0xDD, 0xED, 0xDE, 0xDD, 0xDE, 0xDE, 0xDE
    .byte   0xEE, 0xFE, 0xFF, 0x00, 0x01, 0x11, 0x21, 0x22, 0x22, 0x22, 0x31, 0x22, 0x12, 0x01,   17, 0x00
    .byte   0xFF, 0xF0, 0xEF, 0xEE, 0xEE, 0xEE, 0xEE, 0xEE, 0xFE, 0x0E, 0x0E, 0x0F, 0x01, 0x00, 0x20, 0x21
    .byte   0x12, 0x22, 0x12, 0x22, 0x31, 0x22, 0x32, 0x22, 0x22, 0x02, 0x12, 0x02, 0x11, 0x1F, 0xFF,   49
    .byte   0x0E, 0xFE, 0xEE, 0xEE, 0xFE, 0xEE, 0xEE, 0xFE, 0xFE, 0x0E, 0x0E, 0xFF, 0xFF, 0x0F, 0xFF, 0x01
    .byte   0x10, 0x20, 0x12, 0x02, 0x01, 0x10, 0x11, 0x11, 0x11, 0xF1, 0xF1, 0xFF, 0x00, 0xFF, 0x0F, 0xFF
    .byte     -8, 0x0F, 0xFF, 0xFF, 0xF0, 0xF0, 0xF1, 0xFF, 0x01, 0x01, 0x11, 0x01, 0x02, 0x00, 0x20, 0x02
    .byte   0x02, 0x01, 0x10, 0x21, 0x11, 0x10, 0x11, 0x01, 0xF0, 0x1F, 0x0F, 0x01, 0xFF, 0x0F, 0xF0, 0xFF
    .byte   0xF0,    9, 0x0F, 0xFF, 0xF0, 0xF0, 0xF0, 0xFF, 0x0F, 0xF0, 0x0F, 0x00, 0x00, 0x00, 0x0F, 0x10
    .byte   0x1F, 0x01, 0x10, 0xF1, 0x01, 0x00, 0x00, 0x00, 0x1F, 0x0F, 0x1F, 0x00, 0xF0, 0xFF, 0x0F, 0x0F
    .byte   0x00, 0xF0,   -7, 0x00, 0x0F, 0xF0, 0x01, 0x00, 0x10, 0x1F, 0x11, 0x00, 0x01, 0x11, 0x10, 0x11
    .byte   0x01, 0x11, 0x01, 0x00, 0x10, 0xF1, 0x00, 0x10, 0xF0, 0xF1, 0xF0, 0xF0, 0x0F, 0x0F, 0x00, 0xF0
    .byte   0xF0, 0x0F, 0x00,   -1, 0x00, 0xF0, 0x00, 0x1F, 0x00, 0x1F, 0x01, 0x00, 0x01, 0x00, 0x00, 0x0F
    .byte   0x10, 0x00, 0x01, 0xF0, 0x1F, 0x1F, 0x00, 0x0F, 0x01, 0xF0, 0x0F, 0x10, 0x00, 0xF0, 0x01, 0x00
    .byte   0xF0, 0x01, 0x00, 0x01,    1, 0x00, 0x0F, 0x10, 0x1F, 0x01, 0xF1, 0x00, 0x0F, 0x10, 0x1F, 0xF1
    .byte   0x0F, 0x0F, 0x10, 0x0F, 0x00, 0xFF, 0x00, 0xF0, 0x10, 0xF0, 0x0F, 0x1F, 0x00, 0x01, 0x00, 0x00
    .byte   0x1F, 0x10, 0x00, 0x1F, 0x10,    0, 0x01, 0x00, 0x00, 0x01, 0x00, 0x00, 0x1F, 0x10, 0x00, 0x0F
    .byte   0x00, 0x00, 0x00, 0xF0, 0x00, 0xF1, 0xF1, 0x0F, 0x1F, 0x00, 0x00, 0xF1, 0xF1, 0x0F, 0x01, 0x0F
    .byte   0x11, 0xF0, 0xF0, 0x10, 0xF1, 0xF1,    1, 0x01, 0xFF, 0x2F, 0x2F, 0x6D, 0x8C, 0x55, 0x53, 0xCB
    .byte   0xAC, 0x47, 0x6C, 0xCB, 0xC2, 0x24, 0x54, 0xDD, 0xCC, 0xE1, 0x33, 0x3D, 0xBE, 0x22, 0x43, 0x03
    .byte   0xFE, 0xCD, 0x23, 0x3F, 0xDE, 0xEF, 0x33,    6, 0x02, 0xCE, 0xE1, 0x21, 0x31, 0xEF, 0xD3, 0x32
    .byte   0xFE, 0xEF, 0xEF, 0x32, 0x1E, 0xD0, 0x12, 0x22, 0xFF, 0xFF, 0x22, 0x00, 0xF1, 0x0F, 0xEE, 0xF0
    .byte   0x20, 0xFE, 0x10, 0xF0, 0x11, 0x0E, 0xFF, 0x00,   -2, 0x00, 0x10, 0xEF, 0x01, 0x10, 0xEF, 0xF0
    .byte   0x11, 0x00, 0xEF, 0xF1, 0x21, 0x1F, 0x00, 0x11, 0x21, 0x0F, 0xE2, 0x22, 0x10, 0x21, 0x11, 0x12
    .byte   0x00, 0xFF, 0x01, 0x11, 0xE0, 0xFE, 0xFF, 0xFF, 0xFF,    1, 0x00, 0x10, 0x00, 0x0E, 0xF0, 0x20
    .byte   0xFE, 0xEF, 0x11, 0xF0, 0xEE, 0x0F, 0x10, 0xFE, 0xFF, 0xFF, 0x0E, 0x0F, 0xE0, 0x00, 0x11, 0x11
    .byte   0x00, 0x00, 0xF1, 0x22, 0xF3, 0x34, 0x44, 0x32, 0x22, 0x32,   80, 0x0E, 0xED, 0xDE, 0x0F, 0xED
    .byte   0xCE, 0xE0, 0xEE, 0xEE, 0xE1, 0x32, 0x2F, 0x03, 0x22, 0x0E, 0xF1, 0xEE, 0xEF, 0xED, 0xEE, 0x0E
    .byte   0xEF, 0x12, 0xF1, 0x22, 0x2F, 0x01, 0x2E, 0xEE, 0xFE, 0xDD, 0xEE,  -46, 0x0D, 0xEE, 0xE0, 0xE0
    .byte   0x21, 0x10, 0x33, 0x33, 0x34, 0x54, 0x41, 0x23, 0x32, 0x0E, 0xDD, 0xEE, 0xFE, 0xDC, 0xD0, 0x0E
    .byte   0xDE, 0xEF, 0xF2, 0x22, 0x11, 0x23, 0x0F, 0xFF, 0x0F, 0xEE, 0xEF, 0xEE,  -10, 0x00, 0xFE, 0x02
    .byte   0x20, 0x22, 0x32, 0x1F, 0x12, 0x0E, 0xD0, 0xED, 0xDE, 0xED, 0xDD, 0xEE, 0xEE, 0xF1, 0x1E, 0x03
    .byte   0x10, 0x22, 0x22, 0x22, 0x33, 0x14, 0x45, 0x3E, 0x23, 0x42, 0xEE, 0xFE, 0xEE,   57, 0x0E, 0xDD
    .byte   0xD2, 0xED, 0xDD, 0x21, 0xEE, 0x22, 0x10, 0x32, 0x2E, 0xF2, 0x2E, 0xDE, 0xF0, 0xFD, 0xE0, 0x0E
    .byte   0x23, 0x2C, 0xE4, 0x52, 0xCC, 0x33, 0x1D, 0xDE, 0xEE, 0xDF, 0xFC, 0xDE, 0x0E, 0xDD,  -72, 0x02
    .byte   0x1E, 0xF3, 0x11, 0x22, 0x30, 0xF0, 0x43, 0x32, 0x35, 0x32, 0x33, 0x4F, 0xE1, 0x11, 0xED, 0x11
    .byte   0xDD, 0xEF, 0xDD, 0xDE, 0xFF, 0xDE, 0x22, 0x11, 0x22, 0x0F, 0x22, 0xFF, 0xFE, 0x0E, 0xFF,    5
    .byte   0x0F, 0xD0, 0x12, 0x1E, 0xF1, 0x21, 0x1F, 0x2E, 0xEF, 0x1E, 0xED, 0xFF, 0xED, 0xDF, 0xEE, 0xD0
    .byte   0xEE, 0xE2, 0x22, 0xFF, 0x24, 0x2E, 0x23, 0x31, 0xF3, 0x44, 0x3E, 0x04, 0x42, 0xFF, 0x22, 0x0E
    .byte     66, 0x01, 0xED, 0xF2, 0xFD, 0xCE, 0x2E, 0xDD, 0xF0, 0xFF, 0xE1, 0x11, 0xE2, 0x20, 0xEE, 0x22
    .byte   0xFE, 0xE1, 0xF0, 0xE0, 0x0F, 0xE1, 0x01, 0xFE, 0xE2, 0x3E, 0xB1, 0x6C, 0xB4, 0x3C, 0xD5, 0xDB
    .byte   0x43,  -42, 0x03, 0x4C, 0xC5, 0x3B, 0x24, 0xFC, 0x34, 0xEE, 0x22, 0xF2, 0x3E, 0x22, 0x11, 0x31
    .byte   0xE1, 0x22, 0xF0, 0x02, 0xF0, 0x02, 0xF0, 0x0F, 0xF1, 0x1F, 0xEF, 0x01, 0x0E, 0x0F, 0x0F, 0x01
    .byte   0x0E, 0xF1,   11, 0x00, 0xEF, 0xF1, 0xFE, 0x0F, 0xFE, 0x00, 0x0E, 0xF0, 0x01, 0x0F, 0x01, 0x10
    .byte   0x11, 0x0F, 0x01, 0x10, 0x0F, 0x11, 0x00, 0xF0, 0x00, 0xF0, 0x0F, 0xF1, 0x00, 0xF0, 0x0F, 0x00
    .byte   0x1F, 0x0F, 0x10,   -8, 0x00, 0xF1, 0x00, 0x11, 0xF0, 0x11, 0x01, 0x10, 0x01, 0x01, 0x01, 0x10
    .byte   0x01, 0x00, 0x10, 0x10, 0x00, 0x01, 0x1F, 0x11, 0xFF, 0x01, 0xF1, 0x00, 0x01, 0xF1, 0xF0, 0x00
    .byte   0x00, 0x0F, 0x00, 0xF1,    4, 0x0F, 0x1F, 0x1F, 0xF1, 0x0F, 0x0F, 0x01, 0xF0, 0x00, 0xF1, 0x01
    .byte   0xF0, 0x00, 0x00, 0x00, 0x00, 0x00, 0x10, 0xF1, 0xFF, 0x01, 0xF0, 0x0F, 0x10, 0xF0, 0x00, 0xF1
    .byte   0xF0, 0xF0, 0x01, 0xF0, 0xF1,   -4, 0x00, 0x00, 0xF1, 0x10, 0x00, 0x00, 0xF1, 0x01, 0x00, 0x01
    .byte   0x00, 0x00, 0x1F, 0x10, 0x10, 0x00, 0x1F, 0x00, 0x0F, 0x1F, 0x00, 0xF1, 0x0F, 0x1F, 0x00, 0x10
    .byte   0xF0, 0x1F, 0x01, 0x00, 0x00, 0x01,    1, 0x01, 0x01, 0xF1, 0x00, 0x00, 0x0F, 0x00, 0x1F, 0xF1
    .byte   0xF1, 0xFF, 0x00, 0x0F, 0x0F, 0x10, 0xF1, 0xF0, 0x0F, 0x01, 0xF0, 0x01, 0x0F, 0x10, 0x01, 0x0F
    .byte   0x10, 0x10, 0x00, 0x01, 0xF1, 0x00, 0x01,    1, 0x00, 0x00, 0x01, 0x00, 0xF0, 0x1F, 0x00, 0x0F
    .byte   0x00, 0x1F, 0x0F, 0x10, 0xF0, 0x10, 0x00, 0x01, 0x00, 0x1F, 0x1F, 0x00, 0x1F, 0x00, 0x01, 0x00
    .byte   0x00, 0xF0, 0x00, 0xF1, 0xF0, 0x00, 0xF0, 0x00,   -2, 0x00, 0x00, 0x00, 0x0F, 0x10, 0x0F, 0x10
    .byte   0x00, 0x00, 0x10, 0x00, 0x00, 0x1F, 0x00, 0x10, 0x00, 0x00, 0x00, 0x00, 0xF1, 0x00, 0x01, 0xF1
    .byte   0x0F, 0x1F, 0x1F, 0x10, 0xF1, 0x1F, 0x00, 0x00, 0x01,    2, 0x0F, 0x10, 0xF1, 0xF1, 0xF0, 0x1F
    .byte   0x0F, 0x10, 0x1F, 0xF1, 0x00, 0xF1, 0x0F, 0x00, 0xF0, 0x01, 0x00, 0xF1, 0xF0, 0x01, 0x0F, 0x1F
    .byte   0x0F, 0x01, 0xF1, 0x0F, 0x01, 0x00, 0x1F, 0xF1, 0x00, 0x00,   -1, 0x00, 0x00, 0x10, 0xF1, 0xF1
    .byte   0xF1, 0x00, 0x00, 0x10, 0xF1, 0x0F, 0x1F, 0x10, 0x00, 0x00, 0x1F, 0x00, 0xF1, 0xF0, 0x1F, 0x00
    .byte   0x10, 0xF1, 0xF0, 0x1F, 0x10, 0xF0, 0x00, 0x1F, 0x01, 0xF0, 0x00,    0, 0x01, 0xF0, 0x00, 0x00
    .byte   0x00, 0x00, 0x00, 0xF0, 0x00, 0x1F, 0x1F, 0x10, 0xF1, 0xF1, 0xF0, 0x00, 0x1F, 0x1F, 0x00, 0x10
    .byte   0x00, 0xF0, 0x00, 0x10, 0xF1, 0x00, 0x00, 0x1F, 0x0F, 0x11, 0xF0, 0x01,    1, 0x0F, 0x1F, 0x10
    .byte   0x00, 0xF1, 0x00, 0x0F, 0x10, 0x00, 0x0F, 0x00, 0x01, 0xF1, 0xF1, 0x00, 0x00, 0xF0, 0xF1, 0x00
    .byte   0xF1, 0x0F, 0x10, 0x00, 0xF1, 0x00, 0x00, 0x00, 0x0F, 0x1F, 0x11, 0xF0, 0x01,    0, 0x01, 0xF0
    .byte   0xF1, 0x00, 0x00, 0x00, 0x00, 0x00, 0x10, 0xF0, 0x01, 0xF0, 0x00, 0x1F, 0x01, 0xF0, 0x01, 0xF0
    .byte   0x0F, 0x1F, 0x00, 0x00, 0x1F, 0x01, 0x0F, 0x10, 0x00, 0x0F, 0x01, 0x00, 0x1F, 0xF1,    0, 0x00
    .byte   0x1F, 0x10, 0x00, 0xF0, 0x10, 0xF1, 0x0F, 0xF1, 0x1F, 0x00, 0x1F, 0xF0, 0x10, 0xF0, 0x00, 0xFF
    .byte   0x22, 0xED, 0x23, 0x0D, 0xF3, 0x1D, 0xE2, 0x3E, 0xE1, 0x3F, 0x35, 0x68, 0x8D, 0x77, 0x8A,   30
    .byte   0x06, 0x89, 0x77, 0xA8, 0x47, 0x1A, 0xD5, 0x41, 0x4B, 0x96, 0x7E, 0x8A, 0x77, 0x08, 0xF7, 0x58
    .byte   0xC7, 0x6A, 0x93, 0x56, 0xDA, 0xF4, 0xDC, 0x34, 0x3C, 0xB1, 0x64, 0xB1, 0x4C, 0xA4, 0x50, 0xDD
    .byte     -5, 0x03, 0x02, 0x3C, 0x3F, 0xBE, 0x54, 0xA4, 0xB4, 0x6D, 0xBD, 0x42, 0x1A, 0x65, 0xAD, 0x51
    .byte   0xDC, 0x35, 0xBC, 0x7C, 0x97, 0x59, 0xA7, 0x69, 0xD6, 0xDB, 0x24, 0x3E, 0xB3, 0x4E, 0xC3, 0x5C
    .byte   0xB5,    3, 0x00, 0xD2, 0x4A, 0x46, 0xBA, 0x66, 0xB9, 0x37, 0x2C, 0x93, 0x71, 0x93, 0x5E, 0x1E
    .byte   0xA5, 0x7C, 0xAD, 0xF5, 0x78, 0xB7, 0x68, 0xC6, 0x36, 0x9A, 0x46, 0x59, 0xA6, 0x7C, 0x9D, 0x66
    .byte   0xC9, 0xC7,   58, 0x09, 0xA1, 0x66, 0x8B, 0x66, 0xF9, 0xD5, 0x7A, 0x9F, 0x77, 0xA9, 0xD7, 0x68
    .byte   0xB7, 0x53, 0x8A, 0x77, 0x38, 0xA7, 0x7C, 0x82, 0x75, 0x8B, 0x66, 0x39, 0xA6, 0x72, 0x9C, 0x25
    .byte   0x41, 0xA3, 0x5B,  -15, 0x00, 0x47, 0xC8, 0xB7, 0x72, 0x9A, 0x55, 0xB3, 0x53, 0xAC, 0xF4, 0x27
    .byte   0xD8, 0xA7, 0x7F, 0xAA, 0x46, 0x19, 0x57, 0xF9, 0x96, 0x77, 0x88, 0x57, 0x58, 0xD6, 0x5A, 0x87
    .byte   0x75, 0x98, 0x37, 0x7C,  -19, 0x0E, 0x53, 0xD9, 0x77, 0xA8, 0x27, 0x7C, 0x8B, 0x77, 0x99, 0x77
    .byte   0xB8, 0xF7, 0x7C, 0x8D, 0x74, 0x82, 0x77, 0x98, 0xD7, 0x7F, 0x8E, 0x6D, 0xA1, 0x77, 0xA8, 0xB7
    .byte   0x72, 0x83, 0x43, 0xBA, 0x77,   59, 0x08, 0x87, 0x75, 0x8B, 0x65, 0xAA, 0x77, 0xD8, 0x87, 0x77
    .byte   0xA8, 0xB7, 0x5D, 0x42, 0xEA, 0x97, 0x76, 0xA8, 0xD6, 0x5B, 0x35, 0xE9, 0xB7, 0x6E, 0xBB, 0x13
    .byte   0x43, 0x31, 0x9B, 0x66, 0x39, 0xC5,    8, 0x0E, 0xDF, 0x45, 0xA9, 0x57, 0x79, 0x8C, 0x77, 0xCA
    .byte   0x33, 0xBD, 0xD7, 0x7A, 0x8B, 0x77, 0x48, 0xB6, 0x78, 0xB7, 0x7C, 0x8A, 0x77, 0x28, 0xA7, 0x7D
    .byte   0x80, 0x76, 0x89, 0x77, 0x48, 0x87, 0x77,    9, 0x09, 0x65, 0xD8, 0x67, 0x78, 0x8F, 0x77, 0xE8
    .byte   0xA5, 0x6B, 0x27, 0x3A, 0x82, 0x77, 0x38, 0xA2, 0x63, 0xD5, 0x4B, 0x9C, 0x77, 0x58, 0x83, 0x76
    .byte   0xFB, 0xC1, 0xCC, 0x37, 0x79, 0x8B, 0x77, 0x69,  -16, 0x0C, 0x34, 0x44, 0x4C, 0x8B, 0x77, 0x69
    .byte   0x8C, 0x66, 0x51, 0xBD, 0x9D, 0x67, 0x5B, 0x8B, 0x57, 0x34, 0xF9, 0xAE, 0x75, 0x5B, 0x9C, 0xD7
    .byte   0x61, 0xC9, 0xB5, 0x65, 0xEA, 0xBF, 0x54, 0x5F, 0xC9,  -33, 0x06, 0x42, 0xDB, 0xD3, 0x2F, 0xF4
    .byte   0x5C, 0x9D, 0x66, 0xEB, 0xE3, 0xEC, 0x13, 0x53, 0xAB, 0x35, 0x3F, 0xDD, 0x33, 0xCE, 0x44, 0xDB
    .byte   0xE2, 0x34, 0x1B, 0xE5, 0x2B, 0xE2, 0x53, 0xBA, 0x17, 0x3E,   -1, 0x01, 0x4D, 0xBE, 0x65, 0xCA
    .byte   0xC1, 0x6E, 0x2E, 0xD3, 0xDC, 0xD5, 0x60, 0xBC, 0xC2, 0x63, 0x2C, 0xDC, 0xD3, 0x34, 0x2F, 0xBC
    .byte   0xF5, 0x5E, 0xD3, 0xBB, 0x44, 0x4D, 0xEE, 0xDD, 0x54, 0xDC, 0x12,    0, 0x01, 0xC2, 0x40, 0xC3
    .byte   0xE3, 0x3D, 0xC3, 0x3C, 0x4D, 0xE4, 0xFC, 0xF4, 0x3D, 0x10, 0xBF, 0x54, 0xCC, 0x13, 0xE1, 0x3E
    .byte   0x2E, 0xEE, 0xD4, 0x4C, 0x2C, 0x34, 0xFB, 0xC6, 0x4C, 0xBD, 0x55, 0x1B,  -17, 0x03, 0x4D, 0xDD
    .byte   0x15, 0x5B, 0xBE, 0x45, 0x2A, 0xF5, 0x11, 0xBB, 0x57, 0xEB, 0xAD, 0x55, 0xFD, 0xD2, 0x3D, 0xD2
    .byte   0x34, 0x2C, 0xCF, 0x04, 0x4E, 0xCE, 0xED, 0xD3, 0x53, 0xDB, 0xD2, 0x54, 0xED,   11, 0x02, 0xCE
    .byte   0xCF, 0x55, 0xEA, 0xB3, 0x55, 0x1B, 0x1D, 0x34, 0xCC, 0x44, 0xFE, 0xAE, 0x65, 0xCC, 0xDF, 0x44
    .byte   0xDA, 0x25, 0xFE, 0xD4, 0x0E, 0xDD, 0x43, 0x2E, 0xDD, 0xDD, 0x46, 0x2C, 0xBF, 0x32,  -12, 0x0F
    .byte   0x44, 0x2E, 0xA2, 0x2D, 0x35, 0x4C, 0xDD, 0xBE, 0x54, 0x30, 0xEA, 0xF5, 0x13, 0xFE, 0x1D, 0x1F
    .byte   0xE2, 0x10, 0xC2, 0x31, 0x3E, 0xE3, 0xEC, 0xE5, 0x3C, 0xDE, 0x13, 0x2F, 0x32, 0xDC, 0xEE,  -12
    .byte   0x05, 0x2D, 0xDC, 0xD5, 0x30, 0xE3, 0x0C, 0xBD, 0x57, 0x2B, 0xBD, 0x30, 0x03, 0x53, 0xCA, 0xC3
    .byte   0x43, 0x42, 0xFC, 0xCC, 0x24, 0x54, 0x0C, 0xAE, 0x31, 0x45, 0x1C, 0xBB, 0xE5, 0x52, 0x33, 0xDB
    .byte    -27, 0x0E, 0x55, 0x3C, 0xEF, 0xDB, 0xC5, 0x64, 0xDC, 0xBD, 0x12, 0x44, 0x41, 0xCB, 0xC3, 0x44
    .byte   0x31, 0xDB, 0xD2, 0x22, 0x24, 0x3E, 0xBB, 0x35, 0x23, 0x2E, 0xDC, 0xD3, 0x34, 0xF1, 0x0C, 0xDD
    .byte   0x23,    6, 0x02, 0x0D, 0xDD, 0x23, 0x42, 0xEE, 0xDE, 0x01, 0xF3, 0x3E, 0xDD, 0xF2, 0x32, 0xFE
    .byte   0xDE, 0x03, 0x13, 0x22, 0xDC, 0xD0, 0x54, 0x1E, 0xCC, 0xC1, 0x45, 0x31, 0xCB, 0xD1, 0x44, 0x32
    .byte   0xFC, 0xCE,  -20, 0x03, 0x54, 0xEB, 0xBE, 0x35, 0x3D, 0xE2, 0xFE, 0xEE, 0x23, 0x2F, 0xDE, 0x01
    .byte   0xF0, 0x20, 0x20, 0xE0, 0x1F, 0xEF, 0x11, 0x23, 0x2E, 0xDD, 0xE1, 0x32, 0x30, 0xEC, 0xDE, 0x34
    .byte   0x42, 0xFC, 0xCD,  -22, 0x03, 0x44, 0x2E, 0xBC, 0xE3, 0x44, 0x3E, 0xCD, 0xCF, 0x14, 0x43, 0x0C
    .byte   0xCE, 0x23, 0x43, 0xED, 0xCD, 0x03, 0x23, 0x10, 0xED, 0xFE, 0x22, 0x32, 0x0D, 0xEE, 0xF2, 0x23
    .byte   0x11, 0xEE, 0xDF, 0x12,    2, 0x01, 0x0F, 0xFE, 0xEF, 0x13, 0x31, 0xED, 0xEF, 0x01, 0x23, 0x1F
    .byte   0xEE, 0xDF, 0x22, 0x22, 0xFE, 0xFE, 0xF0, 0x22, 0x21, 0xFD, 0xEF, 0x21, 0x21, 0x11, 0xEE, 0xFE
    .byte   0x22, 0x22, 0xEF, 0xEE, 0xF1,    0, 0x02, 0x1F, 0xEE, 0xE1, 0x22, 0x20, 0xFE, 0xEE, 0xF3, 0x22
    .byte   0x0E, 0xEE, 0x11, 0x22, 0xFE, 0xEE, 0x10, 0x21, 0x20, 0xF0, 0xFF, 0x01, 0x11, 0x0E, 0x01, 0x11
    .byte   0xF0, 0xF0, 0xF1, 0x10, 0x10, 0xFF,   -2, 0x01, 0x21, 0x00, 0xEF, 0x10, 0x0F, 0x10, 0x00, 0xFF
    .byte   0x02, 0x10, 0xFE, 0xF0, 0x1F, 0xFF, 0xFF, 0x01, 0x11, 0x10, 0x0E, 0x00, 0x21, 0x0F, 0xF0, 0x01
    .byte   0x23, 0x1F, 0xEE, 0xE0, 0x32, 0x20, 0xED,    1, 0x01, 0x22, 0x20, 0xEE, 0xEE, 0x12, 0x22, 0x2E
    .byte   0xEE, 0xE2, 0x22, 0x0E, 0xED, 0xE0, 0xFF, 0x12, 0x1F, 0xEF, 0x02, 0xF0, 0xEE, 0xEE, 0xDE, 0xEF
    .byte   0xF0, 0x10, 0x02, 0x02, 0x20, 0x31, 0x33, 0x44,   47, 0x04, 0x31, 0xFF, 0x11, 0xEE, 0xDD, 0xCD
    .byte   0xCF, 0x33, 0x1E, 0xDD, 0xE2, 0x43, 0x2F, 0xDD, 0xEF, 0x33, 0xED, 0xCC, 0xDF, 0x22, 0x2E, 0xDE
    .byte   0xF2, 0x32, 0x2E, 0xDE, 0xDE, 0xFE, 0xEE, 0xDD, 0xDE,  -91, 0x00, 0x13, 0x34, 0x44, 0x56, 0x66
    .byte   0x4D, 0xCD, 0x01, 0xDB, 0xBC, 0xCC, 0xD3, 0x44, 0x2E, 0xDD, 0x34, 0x54, 0x20, 0xCC, 0xD0, 0x21
    .byte   0xDC, 0xBC, 0xD1, 0x33, 0x2E, 0xEE, 0x24, 0x44, 0x2D, 0xDD,   -7, 0x01, 0x21, 0xDC, 0xDC, 0xFF
    .byte   0xFF, 0xFD, 0xEE, 0xFF, 0x12, 0x23, 0x34, 0x35, 0x45, 0x65, 0x4E, 0xBC, 0xDF, 0xDB, 0xBC, 0xDD
    .byte   0x24, 0x44, 0x3E, 0xE1, 0x44, 0x21, 0xDD, 0xED, 0xDD, 0xFF, 0xCC,  -37, 0x0E, 0x33, 0x3F, 0xE1
    .byte   0x32, 0x33, 0x2F, 0xDD, 0xE2, 0x30, 0xDC, 0xCE, 0x12, 0x11, 0xEE, 0xDD, 0xE2, 0x3F, 0xDC, 0xDE
    .byte   0x23, 0x45, 0x44, 0x55, 0x66, 0x2E, 0xBB, 0xDE, 0xCB, 0xBC, 0xDE, 0x34,   15, 0x04, 0x3E, 0xE2
    .byte   0x34, 0x2D, 0xDD, 0xCC, 0xF1, 0x1E, 0xCC, 0xD2, 0x33, 0x3F, 0xF1, 0x23, 0x33, 0xED, 0xD1, 0x20
    .byte   0xED, 0xDE, 0xEF, 0xEF, 0x1F, 0xED, 0xE2, 0x10, 0xDE, 0xDD, 0xDE, 0x33, 0x30,  -49, 0x05, 0x55
    .byte   0x55, 0x63, 0x2B, 0xAD, 0xFD, 0xBB, 0xCD, 0xE3, 0x45, 0x54, 0x2D, 0xF3, 0x4E, 0xCC, 0xDC, 0xDC
    .byte   0xEE, 0x2E, 0xDE, 0x34, 0x2F, 0xF1, 0x22, 0x21, 0x23, 0xDD, 0xC0, 0x30, 0xDD, 0xEF,  -24, 0x0E
    .byte   0xF1, 0x21, 0xDE, 0xF2, 0x0D, 0xDD, 0xED, 0xED, 0xE2, 0x44, 0x43, 0x25, 0x66, 0x55, 0x2D, 0xBA
    .byte   0xDE, 0xCC, 0xBC, 0xD3, 0x45, 0x54, 0x4D, 0xF2, 0x30, 0xCC, 0xDC, 0xCC, 0xE1, 0x2E, 0xEE,  -21
    .byte   0x04, 0x33, 0xEF, 0xE0, 0x12, 0x21, 0xED, 0xD0, 0x2F, 0xEE, 0xEF, 0xE1, 0x20, 0xFE, 0xDE, 0x11
    .byte   0xDD, 0xEE, 0xED, 0xD1, 0x10, 0xF1, 0x44, 0x44, 0x55, 0x54, 0x35, 0x3C, 0xAC, 0xDD, 0xCB, 0xEE
    .byte    -12, 0x02, 0x45, 0x54, 0x0D, 0xE3, 0x0C, 0xBD, 0xDD, 0xCD, 0xF2, 0x2F, 0xF2, 0x43, 0x20, 0xF0
    .byte   0xEE, 0xF2, 0xFD, 0xE0, 0x12, 0x1E, 0xDE, 0xF2, 0x0F, 0xFE, 0xFE, 0xFE, 0xED, 0xEE, 0xDD, 0xEE
    .byte   0x12,  -72, 0x0E, 0xE2, 0x44, 0x42, 0x53, 0x33, 0x54, 0x44, 0xCB, 0xBE, 0x2D, 0xDC, 0xFE, 0x33
    .byte   0x55, 0x20, 0xD2, 0x2F, 0xCC, 0xCD, 0xDC, 0x1F, 0x0E, 0x02, 0x33, 0x33, 0x0F, 0x0F, 0xDE, 0xEF
    .byte   0xFE, 0x01,   -2, 0x00, 0xE0, 0xEF, 0x01, 0x0F, 0xEF, 0xFF, 0xEE, 0xED, 0xDD, 0xDE, 0x0E, 0xFF
    .byte   0x2F, 0x03, 0x44, 0x01, 0x35, 0x43, 0x44, 0x33, 0x3C, 0xCD, 0x1D, 0xCD, 0xF1, 0x13, 0x34, 0x43
    .byte   0xDD, 0x22, 0xDC,   20, 0x0D, 0xEE, 0xDD, 0x02, 0xFF, 0x23, 0x22, 0x12, 0x21, 0xED, 0xE1, 0xEE
    .byte   0xF1, 0x20, 0xEF, 0x01, 0xFE, 0xF1, 0x0D, 0xE0, 0x21, 0xDD, 0xC0, 0xEE, 0xDE, 0x2E, 0xD1, 0x34
    .byte   0x3D, 0x25, 0x41, 0xF3,   16, 0x03, 0x34, 0x34, 0x2D, 0xCE, 0x11, 0xCD, 0x0F, 0xF0, 0x34, 0x3F
    .byte   0xEF, 0x2E, 0xCC, 0xD0, 0xFD, 0xDE, 0x22, 0xEF, 0x32, 0xFE, 0x13, 0x20, 0xDF, 0x10, 0xDE, 0x01
    .byte   0x21, 0x0E, 0x1E, 0xEF, 0x0E,  -23, 0x00, 0x12, 0xFD, 0xEE, 0xED, 0xDE, 0xDD, 0x02, 0x21, 0x13
    .byte   0x43, 0x12, 0x32, 0x24, 0x31, 0x34, 0x43, 0x41, 0xDC, 0x02, 0x0C, 0xDD, 0xE2, 0x33, 0x33, 0xDE
    .byte   0x23, 0xEB, 0xCE, 0xF1, 0xDD, 0x11,   -2, 0x0F, 0x22, 0x0E, 0xE3, 0x21, 0xED, 0x02, 0xFE, 0x01
    .byte   0x0E, 0xE2, 0x2E, 0xDF, 0x12, 0xEE, 0xEF, 0xFE, 0xF0, 0xED, 0xDD, 0xEE, 0xE0, 0xEE, 0xF4, 0x44
    .byte   0x1E, 0x34, 0x31, 0xD2, 0x34, 0x45, 0x23,   81, 0x0D, 0xDF, 0xED, 0xDC, 0xF2, 0x02, 0x23, 0x32
    .byte   0x0E, 0x0D, 0xDC, 0xEE, 0xDE, 0xD1, 0x12, 0x22, 0x11, 0xF1, 0x22, 0x1E, 0xDE, 0x11, 0xFE, 0xE0
    .byte   0x21, 0xF0, 0xEF, 0xE0, 0x11, 0xDD, 0xE2, 0x2F,  -38, 0x0E, 0xEE, 0xEE, 0xED, 0xFE, 0x03, 0x42
    .byte   0x23, 0x22, 0x24, 0x3D, 0xE3, 0x55, 0x4E, 0x34, 0xDC, 0xE0, 0xFC, 0xCE, 0x22, 0x22, 0x33, 0xEE
    .byte   0x02, 0xDC, 0xC2, 0xFD, 0xDD, 0x22, 0x22, 0x01, 0xFE,   -2, 0x03, 0x2E, 0xDF, 0x22, 0xFF, 0xE1
    .byte   0x0F, 0x21, 0xED, 0xD1, 0x2E, 0xEE, 0xE1, 0x11, 0xFE, 0xDD, 0x11, 0xDD, 0xDF, 0x03, 0x22, 0x12
    .byte   0x35, 0x2D, 0x14, 0x32, 0xF3, 0x54, 0x23, 0x43, 0xBC, 0x23,   54, 0x0B, 0xC1, 0x33, 0xF2, 0x32
    .byte   0xF0, 0x21, 0xCB, 0xE2, 0xFD, 0xCE, 0x13, 0x31, 0x2E, 0xE1, 0x32, 0xFD, 0xE0, 0x31, 0xEE, 0x01
    .byte   0x2F, 0x01, 0xDD, 0xF1, 0x2E, 0xDF, 0x12, 0xEE, 0xEE, 0xDE, 0xEE,  -59, 0x0E, 0x0F, 0xFF, 0x22
    .byte   0x21, 0x12, 0x44, 0x32, 0xF3, 0x33, 0x13, 0x43, 0x33, 0x0C, 0xD1, 0x0D, 0xCD, 0x12, 0x12, 0x33
    .byte   0x1E, 0x12, 0xEC, 0xDE, 0xFD, 0xDD, 0x21, 0x02, 0x22, 0x1E, 0x22, 0x2F,    6, 0x00, 0x10, 0xEE
    .byte   0x0F, 0x01, 0x00, 0xEE, 0xF0, 0xFE, 0xE0, 0x0E, 0x0E, 0xFE, 0xEE, 0xED, 0xEF, 0xFF, 0xFE, 0x13
    .byte   0x2F, 0xE3, 0x33, 0x23, 0x34, 0xF0, 0x34, 0x42, 0x23, 0x4F, 0xBE, 0xE2, 0xDC,   20, 0x00, 0x2F
    .byte   0x22, 0x23, 0xE1, 0x0F, 0xDD, 0xED, 0xFD, 0xD1, 0x02, 0xE2, 0x10, 0x12, 0x21, 0xFF, 0x22, 0xEE
    .byte   0x00, 0x0E, 0x1F, 0xF0, 0xEF, 0xF0, 0xFE, 0xEE, 0x00, 0xEE, 0xEE, 0xEE, 0xEE, 0xDE,  -67, 0x01
    .byte   0x11, 0x13, 0x21, 0x03, 0x42, 0x1F, 0x43, 0x2F, 0x44, 0x23, 0x25, 0x2B, 0xC2, 0x4E, 0xBC, 0x13
    .byte   0x0F, 0x01, 0x21, 0x22, 0x0C, 0xD3, 0xFE, 0xCD, 0xE1, 0x20, 0xEE, 0x02, 0x22, 0x1F, 0x02,   12
    .byte   0x00, 0xEF, 0xFF, 0x01, 0xE1, 0xEE, 0xE1, 0xFE, 0xEF, 0xEF, 0xF1, 0x0E, 0xD0, 0xEE, 0xDD, 0xE1
    .byte   0xEE, 0x13, 0x20, 0x33, 0x21, 0x33, 0x12, 0x33, 0x3F, 0x44, 0x32, 0x33, 0xCD, 0x21, 0xFC, 0xCE
    .byte     25, 0x00, 0x2F, 0x02, 0x22, 0x0F, 0xDE, 0x1E, 0xED, 0xDE, 0x10, 0xFE, 0xE2, 0x12, 0x2F, 0x02
    .byte   0x21, 0x0F, 0x01, 0x1E, 0xFF, 0xEF, 0xEE, 0x1E, 0x1F, 0xFE, 0xF1, 0x1E, 0xDE, 0x1F, 0xED, 0xEE
    .byte   0xFE,  -62, 0x0F, 0xF1, 0x22, 0x30, 0x33, 0x31, 0x14, 0x32, 0xF2, 0x54, 0x0F, 0x32, 0xDE, 0xE1
    .byte   0xEC, 0xEE, 0x1F, 0xFF, 0x32, 0xE2, 0x1E, 0xFF, 0x1E, 0xDD, 0xF0, 0xDF, 0xE1, 0x0E, 0x02, 0x0F
    .byte   0x22, 0x21,    6, 0x00, 0x22, 0xFF, 0xEE, 0xFE, 0xEE, 0xE1, 0x0F, 0xEF, 0x11, 0x1E, 0xD0, 0x0E
    .byte   0xED, 0xEE, 0xD1, 0x0F, 0xEF, 0x33, 0x2E, 0x23, 0x33, 0x12, 0x23, 0x43, 0x23, 0x33, 0x40, 0xCE
    .byte   0x21, 0xEC, 0xD1,   31, 0x0E, 0xF0, 0x12, 0x11, 0x2D, 0xE2, 0x1F, 0xDD, 0xF1, 0xFD, 0xEE, 0x10
    .byte   0xE1, 0x0F, 0x12, 0x31, 0x00, 0x32, 0xE0, 0xFF, 0xEE, 0xE0, 0xEE, 0xE0, 0x0E, 0x01, 0x1F, 0xEE
    .byte   0x11, 0xDD, 0xFE, 0xED,  -61, 0x0F, 0xF0, 0x21, 0x12, 0x33, 0x10, 0x33, 0x22, 0x14, 0x33, 0x21
    .byte   0x44, 0x2C, 0xD2, 0x30, 0xCC, 0x22, 0xFE, 0xE1, 0x21, 0x11, 0xED, 0x22, 0x2D, 0xDE, 0x21, 0xED
    .byte   0xEF, 0xFF, 0xFE, 0xE1, 0x32,   -1, 0x0F, 0x23, 0x21, 0xFF, 0xFE, 0xFE, 0xED, 0xF0, 0x0F, 0xEF
    .byte   0xF2, 0x0D, 0xE0, 0x0F, 0xDD, 0x0F, 0x0E, 0xEE, 0x02, 0x12, 0x11, 0x22, 0x32, 0x22, 0x23, 0x32
    .byte   0x33, 0x41, 0x33, 0xED, 0x02, 0x2D,   32, 0x0E, 0x22, 0xDE, 0xF3, 0x0E, 0xF0, 0x1E, 0x02, 0x1D
    .byte   0xD2, 0x2E, 0xDD, 0x20, 0xEE, 0xEF, 0x01, 0x22, 0x02, 0x03, 0x3E, 0xE0, 0x20, 0xDD, 0x2F, 0xEE
    .byte   0xE1, 0x10, 0xFF, 0xEE, 0xFF, 0xEE, 0xDF,  -41, 0x0E, 0xEE, 0x01, 0x2F, 0xFF, 0x23, 0x1E, 0xF4
    .byte   0x31, 0xE0, 0x44, 0x21, 0x33, 0x34, 0x1C, 0xE2, 0x32, 0xCC, 0x23, 0xED, 0xE2, 0x3E, 0xE2, 0xEE
    .byte   0xF3, 0x2D, 0xCF, 0x31, 0xDD, 0xE1, 0xFE, 0xEE,  -17, 0x01, 0x31, 0x00, 0x23, 0x20, 0xF0, 0x2F
    .byte   0xEE, 0xE1, 0x0E, 0xD1, 0x10, 0xFE, 0x0E, 0xF1, 0xEE, 0xD1, 0x0E, 0xEE, 0xEF, 0x01, 0xF0, 0xF2
    .byte   0x31, 0xE2, 0x33, 0x11, 0x32, 0x32, 0x42, 0x22, 0x34,   56, 0x0C, 0xE4, 0x3D, 0xBF, 0x33, 0xDD
    .byte   0xE3, 0x2E, 0x0E, 0xEE, 0x23, 0xFC, 0xD2, 0x3E, 0xDD, 0x11, 0xEE, 0xE1, 0xEF, 0x32, 0x10, 0x13
    .byte   0x3D, 0xF2, 0x30, 0xCD, 0x33, 0xEC, 0xE2, 0x2E, 0xEF, 0x0D,  -26, 0x02, 0x1D, 0xD1, 0x2F, 0xDE
    .byte   0x01, 0xE1, 0x10, 0x01, 0x32, 0xE0, 0x23, 0x32, 0x12, 0x23, 0x33, 0x22, 0x24, 0x3C, 0xE1, 0x32
    .byte   0xDC, 0x03, 0xFD, 0xE2, 0x0E, 0x02, 0xFD, 0xE3, 0x2F, 0xCE, 0x31,   10, 0x0D, 0xFF, 0xFD, 0x02
    .byte   0xEE, 0x03, 0x2E, 0xE3, 0x32, 0xD2, 0x33, 0xCD, 0x03, 0x2C, 0xE1, 0x0E, 0x12, 0x0C, 0xE2, 0x3E
    .byte   0xCE, 0x21, 0xFE, 0xEF, 0xE2, 0x1E, 0xE0, 0x22, 0x2E, 0x22, 0x22, 0x23,   -5, 0x01, 0x03, 0x33
    .byte   0x23, 0x13, 0x2E, 0xE0, 0x21, 0xED, 0x02, 0xFE, 0xE1, 0x0E, 0xF2, 0xEE, 0xD2, 0x3E, 0xDE, 0x11
    .byte   0x0E, 0xFE, 0xEE, 0x12, 0xED, 0x13, 0x20, 0xF1, 0x12, 0x20, 0xE0, 0x20, 0xF0,    7, 0x00, 0xFD
    .byte   0xE0, 0x2E, 0xDE, 0x11, 0xEF, 0x1F, 0xDE, 0x12, 0xED, 0xE2, 0x0E, 0xF3, 0x1E, 0xE3, 0x31, 0xFF
    .byte   0x32, 0x12, 0x32, 0x12, 0x34, 0x2F, 0x33, 0xED, 0xF2, 0x3E, 0xC0, 0x2F, 0xFF, 0x00,   25, 0x0E
    .byte   0x21, 0xED, 0xE3, 0x2E, 0xDF, 0xF1, 0xF1, 0xED, 0xE1, 0x20, 0xFE, 0x02, 0x12, 0x11, 0x11, 0xF2
    .byte   0x2F, 0xE0, 0x10, 0xEE, 0x11, 0xED, 0x10, 0x0E, 0xEF, 0xFE, 0xFF, 0xEE, 0xE0, 0x1F, 0xE0,  -44
    .byte   0x0F, 0x01, 0x2F, 0x02, 0x20, 0x01, 0x33, 0x22, 0x22, 0x11, 0x34, 0x2D, 0x33, 0x3D, 0xD2, 0x30
    .byte   0xDE, 0x1E, 0xE1, 0x30, 0xDD, 0x03, 0x0D, 0xEF, 0x1E, 0x02, 0xFD, 0xE0, 0x2F, 0xEE, 0x0F, 0xE2
    .byte     -1, 0x01, 0x1E, 0x12, 0x20, 0xEE, 0x23, 0x2E, 0xEF, 0x2E, 0xE1, 0xFE, 0xDE, 0x30, 0xDE, 0xF2
    .byte   0xED, 0x11, 0xEE, 0xF1, 0x1E, 0xE1, 0x1F, 0xF1, 0x21, 0xF0, 0x32, 0x22, 0x20, 0x20, 0x23, 0x22
    .byte   0x22,   28, 0x02, 0x32, 0x0D, 0xE0, 0x23, 0xED, 0xEE, 0x12, 0x22, 0xDD, 0xE2, 0x11, 0xEE, 0xED
    .byte   0x22, 0x2F, 0xDE, 0xF0, 0x21, 0xFD, 0xE1, 0x22, 0x2F, 0x0F, 0xF1, 0x23, 0xFE, 0xDF, 0x32, 0x10
    .byte   0xEE, 0xDF,   -9, 0x01, 0x0E, 0xDE, 0x20, 0x2F, 0xEE, 0xEE, 0x1F, 0xFE, 0xEF, 0xF0, 0x22, 0x2F
    .byte   0x02, 0x22, 0x22, 0x10, 0x02, 0x22, 0x22, 0x22, 0x33, 0x22, 0x1E, 0xEF, 0x10, 0xEF, 0xFE, 0xE1
    .byte   0x22, 0x2D, 0xEF,   16, 0x01, 0x02, 0xED, 0xE1, 0x21, 0xF0, 0xEE, 0xEF, 0x21, 0xEF, 0x0F, 0xE1
    .byte   0x43, 0xEE, 0xFE, 0xE1, 0x33, 0xFD, 0xDD, 0x11, 0x22, 0x1D, 0xDE, 0x23, 0x01, 0xFD, 0xDD, 0x01
    .byte   0x0F, 0x0E, 0xE0, 0x03,  -29, 0x0F, 0xEE, 0xFF, 0x22, 0x32, 0x11, 0x22, 0x12, 0x33, 0xE0, 0x23
    .byte   0x22, 0x13, 0xFD, 0xE0, 0x11, 0x00, 0xFD, 0xE2, 0x32, 0xE1, 0xEE, 0xE0, 0x10, 0x0D, 0xEF, 0xF1
    .byte   0x10, 0xFE, 0xEE, 0x12, 0x20,    2, 0x0F, 0xFE, 0x22, 0x31, 0xFF, 0xEE, 0xE0, 0x30, 0xDE, 0xE0
    .byte   0xF0, 0x12, 0xF0, 0x10, 0xEF, 0xEF, 0xED, 0xEE, 0xEE, 0x22, 0x21, 0x02, 0x1E, 0x11, 0xEE, 0xE0
    .byte   0x32, 0x24, 0x02, 0xF0, 0x30, 0xF1,   11, 0x03, 0x23, 0x13, 0x1E, 0xEE, 0x0D, 0x1F, 0x1E, 0xE1
    .byte   0x22, 0x11, 0x1F, 0xED, 0xF0, 0x1E, 0x0F, 0xFE, 0xE1, 0x10, 0xE1, 0xFE, 0xE2, 0x21, 0xFF, 0x2F
    .byte   0xF2, 0x33, 0x1E, 0xDE, 0xCE, 0x23, 0x21,   -2, 0x0E, 0xEF, 0x24, 0x20, 0xDC, 0xDD, 0xE3, 0x22
    .byte   0xDE, 0xEE, 0x13, 0x20, 0xEE, 0xEF, 0x02, 0x2F, 0x22, 0x22, 0x11, 0x2F, 0x03, 0x12, 0x11, 0x32
    .byte   0x23, 0x31, 0xFE, 0xDF, 0xEE, 0x11, 0xF0, 0xFE,   18, 0x01, 0x21, 0x1F, 0xEE, 0xD1, 0x01, 0x20
    .byte   0xFE, 0xED, 0x12, 0x11, 0xFE, 0xEE, 0x02, 0x22, 0x21, 0x0E, 0x21, 0x22, 0xEF, 0xDE, 0xE1, 0x22
    .byte   0x10, 0xEE, 0xEF, 0x22, 0x11, 0xED, 0xDF, 0xF1, 0x10,  -26, 0x0E, 0xEE, 0x22, 0x22, 0x20, 0xD0
    .byte   0xDF, 0x22, 0x32, 0x21, 0xEE, 0x22, 0x32, 0x22, 0x21, 0x23, 0x13, 0x21, 0xEE, 0xED, 0xFF, 0x1F
    .byte   0x0F, 0x0E, 0x01, 0x22, 0xF0, 0xEE, 0xEE, 0x12, 0x2F, 0xFE,    3, 0x0E, 0xE0, 0x10, 0x10, 0xEE
    .byte   0xF1, 0x12, 0x32, 0x0F, 0xFF, 0xFF, 0x11, 0x0E, 0xED, 0x02, 0x23, 0x21, 0xFE, 0xED, 0xEF, 0x01
    .byte   0x10, 0xEE, 0xEF, 0x0F, 0x11, 0xF0, 0xFE, 0x01, 0x20, 0x10, 0x00,  -24, 0x00, 0x00, 0x22, 0x03
    .byte   0x12, 0x22, 0x22, 0x22, 0x31, 0x21, 0x0E, 0xFE, 0xE0, 0x11, 0x0F, 0xFE, 0xEF, 0xF0, 0x01, 0x00
    .byte   0xEF, 0xE2, 0xF0, 0x20, 0xEE, 0xEE, 0x0F, 0x01, 0xF0, 0xE0, 0xF1, 0x22,    5, 0x01, 0xFF, 0xEF
    .byte   0xF2, 0x21, 0x10, 0xED, 0xE1, 0x12, 0x22, 0x1E, 0xED, 0xEE, 0x12, 0x00, 0xEE, 0xEF, 0x01, 0x20
    .byte   0xFF, 0xEF, 0x01, 0x21, 0x1F, 0xFF, 0x20, 0x23, 0x02, 0xF1, 0x11, 0x22, 0x23,   24, 0x02, 0x32
    .byte   0x0F, 0xEE, 0x0D, 0xF1, 0xF0, 0x0E, 0x0F, 0xE1, 0x01, 0x10, 0x0E, 0xEF, 0x00, 0x21, 0x01, 0xEE
    .byte   0xEE, 0xFF, 0xFF, 0xFF, 0xF1, 0x10, 0x22, 0x12, 0x11, 0x1F, 0xEE, 0xF0, 0x01, 0x20,    3, 0x0F
    .byte   0xFE, 0xE0, 0x1F, 0x10, 0xFF, 0xEE, 0xFE, 0x0F, 0x0F, 0xFF, 0xF0, 0x10, 0x20, 0xF0, 0x0E, 0x0F
    .byte   0x02, 0x22, 0x22, 0x01, 0xF1, 0x12, 0x23, 0x22, 0x31, 0x21, 0xF0, 0xE0, 0xE0, 0xFE, 0x10,   20
    .byte   0x00, 0xE0, 0xFF, 0xF0, 0xFF, 0xFF, 0x00, 0xF0, 0x10, 0x0E, 0xFF, 0xEF, 0xFE, 0xFF, 0x00, 0x10
    .byte   0x12, 0x02, 0x01, 0x0F, 0x11, 0x02, 0x11, 0xFE, 0xFE, 0xFE, 0x2F, 0x00, 0x1E, 0x0E, 0xFF, 0xE0
    .byte    -19, 0x0F, 0xFE, 0x00, 0x10, 0xF0, 0xF0, 0xF1, 0x02, 0x11, 0xF1, 0xF0, 0x02, 0x22, 0x21, 0x22
    .byte   0x01, 0x21, 0x32, 0x32, 0x11, 0xFE, 0xEE, 0xE1, 0x11, 0x2F, 0xF1, 0xDE, 0xEE, 0x10, 0x12, 0x11
    .byte   0xFF,    9, 0x0F, 0xFE, 0x10, 0x00, 0xFE, 0xFE, 0xFE, 0x10, 0x12, 0x11, 0x02, 0x00, 0x10, 0x2F
    .byte   0x11, 0x10, 0x0E, 0xFE, 0xEE, 0x11, 0x01, 0x10, 0xEE, 0xEF, 0xEF, 0x10, 0x00, 0x10, 0xF0, 0xE0
    .byte   0xF1, 0x11,  -20, 0x01, 0x01, 0xF0, 0x00, 0x21, 0x22, 0x22, 0x11, 0x20, 0x22, 0x31, 0x21, 0x1F
    .byte   0xEE, 0xFE, 0x10, 0x21, 0x0F, 0xFE, 0xEE, 0x0E, 0x11, 0x21, 0x00, 0x0E, 0x0E, 0x1F, 0x10, 0x0F
    .byte   0xEF, 0xEE, 0x00,   -8, 0x01, 0x20, 0x20, 0x0F, 0xF0, 0x01, 0x12, 0x11, 0xFE, 0xEE, 0xEF, 0x01
    .byte   0x22, 0x2F, 0xEE, 0xEE, 0xD0, 0xF1, 0x21, 0x20, 0x0E, 0xEF, 0xE0, 0x20, 0x21, 0x20, 0x00, 0xF0
    .byte   0x2F, 0x22, 0x20, 0x21,    6, 0x01, 0x21, 0x22, 0x21, 0x1F, 0x0E, 0xFF, 0x11, 0x02, 0x00, 0xFE
    .byte   0xFE, 0xEF, 0xFF, 0x01, 0x20, 0x0F, 0x0E, 0x0F, 0xFF, 0xF0, 0x0E, 0x00, 0xE0, 0xF0, 0x01, 0x11
    .byte   0x01, 0x0F, 0xFF, 0x10, 0x00,   -3, 0x00, 0x00, 0xF0, 0xEF, 0xF0, 0xF0, 0x0F, 0xF0, 0xE0, 0xE0
    .byte   0xFF, 0x00, 0x21, 0x11, 0x00, 0x10, 0xF1, 0x10, 0x22, 0x12, 0x10, 0x11, 0x01, 0x11, 0x22, 0x21
    .byte   0x11, 0xFF, 0xFF, 0xF0, 0x12, 0x21,   26, 0x00, 0xEE, 0xEE, 0xFF, 0x01, 0x12, 0x11, 0xFF, 0xEE
    .byte   0xF0, 0xF0, 0x10, 0x1F, 0x0E, 0x0E, 0x0F, 0x0F, 0x00, 0xFF, 0xF0, 0x00, 0x10, 0x11, 0xF0, 0x0E
    .byte   0x0F, 0xEF, 0xFF, 0x12, 0x02, 0x10, 0xFE,  -18, 0x0F, 0xEF, 0x02, 0x12, 0x22, 0x2F, 0x0F, 0xE1
    .byte   0x0F, 0x2F, 0x21, 0x12, 0x02, 0x02, 0x20, 0x10, 0x0E, 0xFF, 0xF1, 0x20, 0x21, 0x11, 0xFE, 0xEF
    .byte   0xE1, 0x01, 0x20, 0x11, 0x0F, 0xEF, 0xFE, 0x10,    6, 0x00, 0x0F, 0x0E, 0xEE, 0xFF, 0x10, 0x20
    .byte   0x10, 0x0E, 0xFE, 0xFF, 0x11, 0x11, 0x11, 0xFF, 0xFF, 0xFF, 0x11, 0x01, 0xFF, 0xFF, 0xF0, 0x10
    .byte   0x20, 0x2F, 0x1F, 0x00, 0x01, 0x10, 0x21, 0x11, 0x11,    3, 0x02, 0x02, 0x02, 0x0F, 0x0F, 0xFE
    .byte   0xF1, 0x12, 0x12, 0x11, 0xFE, 0xFE, 0xFF, 0xF0, 0x20, 0x21, 0x0F, 0xEF, 0xEF, 0xFF, 0x1F, 0x10
    .byte   0xFE, 0x0F, 0xFF, 0x0F, 0x1F, 0x0F, 0xF0, 0xF1, 0xF1, 0x1F,   -9, 0x0F, 0xEF, 0x0F, 0x12, 0x02
    .byte   0x01, 0xF0, 0xEE, 0xFF, 0x01, 0x22, 0x12, 0x10, 0xE0, 0xE0, 0x01, 0x12, 0x21, 0x11, 0x0F, 0xF0
    .byte   0x02, 0x21, 0x21, 0xF0, 0xEF, 0xFF, 0x02, 0x02, 0x20, 0x0F, 0xFE,    8, 0x0F, 0xFF, 0x02, 0x21
    .byte   0x11, 0xFE, 0xEF, 0xEF, 0xF1, 0x11, 0x1F, 0xFF, 0xFE, 0xFF, 0xF0, 0x10, 0x01, 0xF1, 0xF1, 0x0F
    .byte   0xFF, 0xF0, 0xE0, 0x00, 0x11, 0x10, 0x1F, 0x0F, 0x0F, 0x0F, 0x10, 0x20,   -8, 0x01, 0xF0, 0x00
    .byte   0x01, 0x11, 0x11, 0x11, 0x01, 0x00, 0x00, 0x20, 0x22, 0x11, 0x1F, 0x0F, 0xE1, 0x0F, 0x02, 0x01
    .byte   0x10, 0xFF, 0x0E, 0xFF, 0xF1, 0x11, 0x11, 0x10, 0xFF, 0xEF, 0xEF, 0xFF, 0x02,    1, 0x01, 0xF0
    .byte   0xE0, 0xE0, 0x01, 0x01, 0x11, 0x10, 0x0F, 0xE0, 0xE0, 0x00, 0x01, 0x01, 0x11, 0xFF, 0xFF, 0x00
    .byte   0x01, 0x01, 0x11, 0x1F, 0x00, 0x10, 0x01, 0x10, 0x10, 0x01, 0x01, 0x11, 0x11, 0x01,    6, 0x01
    .byte   0x2F, 0x10, 0x0F, 0x00, 0x00, 0xF1, 0x10, 0x11, 0x00, 0x0F, 0x0E, 0x0F, 0xF0, 0x11, 0x00, 0x10
    .byte   0xEF, 0x0E, 0xFF, 0xF1, 0x00, 0x10, 0x10, 0xE0, 0xE0, 0xFF, 0x02, 0x02, 0x00, 0x0F, 0xEF,  -11
    .byte   0x0F, 0xF0, 0x12, 0x12, 0x10, 0xFE, 0xE0, 0xE0, 0xF2, 0x21, 0x21, 0x2F, 0xFE, 0xE0, 0xFF, 0x21
    .byte   0x21, 0x11, 0x10, 0x0E, 0x00, 0x01, 0x12, 0x21, 0x11, 0x10, 0x0E, 0x00, 0xF0, 0x12, 0x11, 0x01
    .byte     15, 0x00, 0xEE, 0xFF, 0xF0, 0x11, 0x10, 0x0F, 0xFF, 0xEF, 0xE0, 0xE1, 0x10, 0x21, 0x01, 0x0E
    .byte   0xFF, 0xFF, 0x01, 0x01, 0x20, 0x20, 0x0F, 0xEF, 0xE0, 0x01, 0x02, 0x11, 0x1F, 0xF0, 0xEF, 0x01
    .byte   0x01,   -5, 0x02, 0x01, 0x0F, 0xF0, 0xE0, 0xF0, 0x20, 0x12, 0x11, 0x0F, 0xFF, 0xF0, 0x02, 0x02
    .byte   0x21, 0xF0, 0xFE, 0xE0, 0xF0, 0x12, 0x02, 0x01, 0xF0, 0xEE, 0xFF, 0xF1, 0x02, 0x11, 0xF0, 0xFE
    .byte   0xEE, 0xFF,   -8, 0x02, 0x12, 0x11, 0xFF, 0xFE, 0xFF, 0xF0, 0x10, 0x21, 0x11, 0x00, 0xE0, 0xE0
    .byte   0x00, 0x02, 0x01, 0x00, 0x00, 0xF0, 0x00, 0x10, 0x01, 0xFF, 0xF0, 0x10, 0x20, 0x00, 0xF0, 0xFF
    .byte   0xF0, 0x20, 0x11,    6, 0x00, 0xFF, 0xFE, 0xFF, 0x01, 0x22, 0x12, 0x00, 0xFE, 0xEF, 0xF0, 0x02
    .byte   0x02, 0x01, 0x0E, 0x0E, 0xE0, 0xF0, 0x11, 0x21, 0x10, 0xFF, 0xFE, 0xFE, 0x00, 0x21, 0x02, 0x00
    .byte   0xFF, 0xFF, 0xFF, 0xF1,   -4, 0x01, 0x21, 0x11, 0x00, 0xEE, 0x0F, 0x00, 0x20, 0x02, 0x10, 0xFE
    .byte   0x0F, 0x0F, 0xF1, 0x11, 0x11, 0x00, 0xFF, 0x0E, 0x00, 0x02, 0x02, 0x00, 0x0F, 0xFF, 0xFF, 0x01
    .byte   0x02, 0x00, 0x00, 0x00, 0x0F,    2, 0x0F, 0x00, 0x01, 0x01, 0x00, 0xFF, 0xFF, 0x00, 0x00, 0xF1
    .byte   0x10, 0xF0, 0x00, 0x0F, 0x00, 0x11, 0x10, 0x00, 0xFF, 0x0F, 0x01, 0x11, 0x11, 0x0F, 0xFF, 0xFF
    .byte   0xF1, 0x01, 0x02, 0x00, 0xF0, 0x0F,   -2, 0x0F, 0x01, 0x01, 0x11, 0xFF, 0x01, 0x0F, 0xF0, 0x00
    .byte   0x20, 0xF0, 0x1F, 0xF1, 0xFF, 0x10, 0x10, 0xF0, 0x0F, 0x1F, 0x10, 0x10, 0x1F, 0xF0, 0x00, 0xF0
    .byte   0x10, 0x0F, 0x1F, 0x00, 0x01, 0xF0, 0x01,    0, 0x00, 0x10, 0x1F, 0x00, 0x00, 0xFF, 0x0F, 0x01
    .byte   0x00, 0x11, 0x01, 0x0F, 0x0F, 0x0F, 0x10, 0x01, 0xF0, 0x1F, 0x1F, 0x0F, 0x00, 0x1F, 0x01, 0x01
    .byte   0x01, 0xF0, 0x10, 0xFF, 0xFF, 0x00, 0x00, 0x00,    0, 0x01, 0x01, 0x0F, 0x01, 0xF0, 0x0F, 0xF0
    .byte   0x01, 0x01, 0x01, 0x00, 0xFF, 0x0F, 0x00, 0x01, 0x00, 0x00, 0x1F, 0x00, 0x0F, 0x0F, 0x00, 0x10
    .byte   0x10, 0x01, 0x01, 0x00, 0xF0, 0x0F, 0x00, 0xF0, 0x00,   -1, 0x01, 0x11, 0xF1, 0xF1, 0xFF, 0xF0
    .byte   0x01, 0xF1, 0x01, 0xF0, 0x0F, 0x1F, 0x10, 0xF1, 0x01, 0x01, 0xFF, 0x00, 0xF0, 0x1F, 0x01, 0xF1
    .byte   0x00, 0x00, 0x01, 0x00, 0xF1, 0x0F, 0x00, 0x00, 0x10, 0xFF,    0, 0x00, 0x00, 0xF0, 0x10, 0x00
    .byte   0x00, 0x10, 0xF0, 0x1F, 0xF1, 0xF0, 0x1F, 0x11, 0x00, 0x0F, 0x0F, 0x1F, 0x00, 0x10, 0x00, 0x00
    .byte   0x00, 0x00, 0xF0, 0x1F, 0x10, 0x01, 0x0F, 0x1F, 0x10, 0xF0, 0x10,    1, 0x00, 0xF0, 0x00, 0x00
    .byte   0x00, 0xF1, 0xF1, 0x00, 0x0F, 0x1F, 0x01, 0xF0, 0x1F, 0x01, 0xF1, 0x0F, 0x01, 0xF0, 0x10, 0x01
    .byte   0x00, 0x0F, 0x1F, 0x10, 0xF1, 0x0F, 0x1F, 0x0F, 0x10, 0x0F, 0x10, 0x01,    0, 0x00, 0x0F, 0x00
    .byte   0x01, 0x00, 0x00, 0x00, 0x00, 0x00, 0x0F, 0x11, 0xF1, 0xF0, 0x10, 0x0F, 0x10, 0x00, 0x0F, 0xF0
    .byte   0x1F, 0x01, 0x00, 0x0F, 0x10, 0x0F, 0xF1, 0x00, 0x00, 0x10, 0x00, 0x0F, 0x01,   -1, 0x00, 0x1F
    .byte   0x11, 0x00, 0x0F, 0x10, 0x0F, 0x1F, 0x00, 0xF1, 0x00, 0x01, 0x00, 0x0F, 0x0F, 0x10, 0x0F, 0x00
    .byte   0x01, 0x00, 0xF1, 0xF0, 0x00, 0x00, 0x1F, 0x10, 0x01, 0x00, 0xF1, 0x0F, 0x00, 0x00,    0, 0x01
    .byte   0xF1, 0x0F, 0x00, 0x1F, 0x00, 0x00, 0x1F, 0x0F, 0x10, 0x00, 0x00, 0x00, 0x01, 0xF0, 0x00, 0xF1
    .byte   0x00, 0x1F, 0x00, 0x10, 0xF0, 0x01, 0xF0, 0x00, 0x1F, 0x10, 0xF0, 0xF1, 0x00, 0x0F, 0x01,   -1
    .byte   0x01, 0x0F, 0x01, 0xF1, 0x0F, 0x1F, 0x10, 0xF1, 0x0F, 0x01, 0x00, 0x0F, 0x10, 0x1F, 0x00, 0x00
    .byte   0x1F, 0x00, 0x01, 0x0F, 0x00, 0x01, 0xF1, 0xF0, 0xF1, 0x00, 0x00, 0x00, 0x00, 0x01, 0xF0, 0x0F
    .byte      0, 0x00, 0x0F, 0x10, 0x00, 0x01, 0xFF, 0x10, 0x01, 0xF0, 0x01, 0xF0, 0x00, 0x0F, 0x10, 0x00
    .byte   0x01, 0xFF, 0x10, 0x0F, 0x11, 0xFF, 0x10, 0x00, 0xF1, 0x00, 0x00, 0x00, 0x0F, 0x10, 0x00, 0x1F
    .byte   0x00,    0, 0x00, 0xF1, 0x00, 0x00, 0x00, 0x00, 0x00, 0x01, 0xF0, 0x00, 0x00, 0xF1, 0x00, 0x00
    .byte   0x00, 0x00, 0x01, 0xF0, 0x00, 0x0F, 0x01, 0x0F, 0x10, 0x00, 0x00, 0x00, 0x00, 0xF1, 0x00, 0x1F
    .byte   0x00, 0x00,    0, 0x00, 0x00, 0x00, 0x01, 0xFF, 0x01, 0x00, 0x0F, 0x1F, 0x10, 0x00, 0x00, 0xF1
    .byte   0x00, 0x0F, 0x01, 0x00, 0x10, 0xF0, 0x1F, 0x0F, 0x01, 0x10, 0xF0, 0x01, 0xF0, 0x00, 0x00, 0x00
    .byte   0x00, 0x00, 0x00,    0, 0x00, 0x00, 0x1F, 0x00, 0x01, 0xF0, 0xF1, 0x00, 0x00, 0x00, 0x00, 0x00
    .byte   0x00, 0x00, 0x0F, 0x10, 0x00, 0x0F, 0x01, 0x01, 0x0F, 0x00, 0xF1, 0x1F, 0x00, 0x00, 0xF0, 0x10
    .byte   0x00, 0x1F, 0x1F, 0x00,    1, 0x0F, 0x00, 0xF1, 0x00, 0x1F, 0xF1, 0x01, 0xFF, 0x10, 0x1F, 0xF1
    .byte   0xF1, 0x00, 0x1F, 0x00, 0x00, 0x00, 0x00, 0x1F, 0x00, 0xF1, 0x00, 0x00, 0x0F, 0x01, 0xF1, 0x00
    .byte   0x00, 0x00, 0x0F, 0x1F, 0x1F,    0, 0x00, 0x00, 0x0F, 0x10, 0x00, 0x00, 0xF1, 0x00, 0x00, 0x00
    .byte   0x00, 0x1F, 0x1F, 0x00, 0x00, 0x0F, 0x10, 0x0F, 0x11, 0xF0, 0x01, 0xF0, 0x00, 0x00, 0x01, 0xF0
    .byte   0xF1, 0x0F, 0x10, 0x00, 0xF1, 0x00,    1, 0x00, 0xF1, 0xF0, 0x1F, 0x0F, 0x10, 0x01, 0xF0, 0x00
    .byte   0x00, 0xF1, 0x00, 0xF1, 0x00, 0x00, 0x00, 0x00, 0x00, 0x1F, 0xF1, 0x00, 0x1F, 0xF1, 0x00, 0x1F
    .byte   0x1F, 0x01, 0xFF, 0x10, 0xF1, 0x01, 0xF0,    0, 0x00, 0x00, 0x00, 0x00, 0x00, 0x00, 0xF1, 0x00
    .byte   0x0F, 0x10, 0x00, 0x1F, 0xF1, 0x0F, 0x01, 0x00, 0x00, 0x00, 0x01, 0xF0, 0x00, 0x00, 0x01, 0xF1
    .byte   0xF0, 0xF0, 0x10, 0x01, 0xF0, 0x00, 0x00, 0x00,    0, 0x00, 0xF0, 0x10, 0x00, 0x01, 0xF0, 0x00
    .byte   0x00, 0x00, 0xF1, 0x00, 0x00, 0x01, 0xF0, 0x00, 0x0F, 0x11, 0xF0, 0x00, 0x0F, 0x10, 0x1F, 0xF1
    .byte   0x01, 0xF0, 0x1F, 0x00, 0x00, 0x00, 0x00, 0x1F, 0x01,    0, 0x00, 0x0F, 0x10, 0x0F, 0x10, 0x0F
    .byte   0x10, 0x00, 0xF1, 0x1F, 0x00, 0x00, 0x00, 0x00, 0x01, 0xF0, 0x00, 0x00, 0x00, 0x00, 0x0F, 0x10
    .byte   0x00, 0x01, 0xF0, 0x00, 0x00, 0x1F, 0x00, 0x1F, 0x00, 0x00,    0, 0x00, 0x00, 0xF1, 0x00, 0x00
    .byte   0x00, 0x0F, 0x10, 0x00, 0x01, 0x00, 0xF0, 0x00, 0x00, 0xF1, 0x01, 0xF0, 0x00, 0x00, 0x00, 0x0F
    .byte   0x10, 0xF1, 0x1F, 0x00, 0x00, 0x00, 0xF1, 0xF0, 0x10, 0x0F, 0x01,    0, 0x01, 0xF1, 0xF0, 0x00
    .byte   0x00, 0x01, 0xF1, 0xF0, 0x01, 0xF0, 0x00, 0x0F, 0x10, 0xF1, 0x0F, 0x10, 0x00, 0x00, 0x00, 0x00
    .byte   0xF1, 0x00, 0x00, 0xF1, 0x00, 0x01, 0x0F, 0x00, 0x00, 0x00, 0xF1, 0x01,    0, 0x00, 0x00, 0x10
    .byte   0xFF, 0x10, 0x01, 0xF1, 0x0F, 0x00, 0x00, 0x01, 0x0F, 0x00, 0x00, 0x0F, 0x10, 0x01, 0x0F, 0x00
    .byte   0x1F, 0x0F, 0x1F, 0x10, 0xF1, 0x00, 0x00, 0x01, 0x0F, 0x00, 0x00, 0x0F, 0x00,    1, 0x0F, 0x00
    .byte   0x00, 0x00, 0x00, 0x00, 0xF1, 0x00, 0x00, 0x00, 0x00, 0x0F, 0x10, 0x00, 0x00, 0x01, 0xF0, 0x1F
    .byte   0x0F, 0x10, 0x00, 0x01, 0xF0, 0x00, 0x1F, 0x00, 0x1F, 0x00, 0x00, 0x00, 0x01, 0xF0,    0, 0x00
    .byte   0x00, 0x00, 0x1F, 0x00, 0x0F, 0x01, 0x00, 0x00, 0x00, 0x00, 0x1F, 0xF1, 0x00, 0x00, 0x10, 0xF0
    .byte   0x00, 0x00, 0xF1, 0x00, 0x00, 0x1F, 0x01, 0xF0, 0x0F, 0x10, 0x0F, 0x10, 0x00, 0x00, 0x00,    0
    .byte   0x00, 0x00, 0x00, 0x0F, 0x10, 0x0F, 0x1F, 0x10, 0x00, 0x00, 0x00, 0xF1, 0x00, 0x0F, 0x01, 0x01
    .byte   0xF0, 0x00, 0x01, 0xF1, 0xF0, 0xF1, 0x00, 0x01, 0xF0, 0x00, 0x00, 0x00, 0x0F, 0x10, 0x00, 0x01
    .byte     -1, 0x01, 0x00, 0xF1, 0x00, 0x01, 0xF0, 0x00, 0x00, 0x00, 0x00, 0x00, 0xF1, 0x1F, 0x01, 0xF1
    .byte   0xFF, 0x1F, 0x1F, 0x01, 0x00, 0x00, 0x1F, 0x00, 0x00, 0x00, 0x1F, 0x1F, 0x00, 0x00, 0x01, 0xF0
    .byte   0x00,    0, 0x00, 0x00, 0x1F, 0x0F, 0x01, 0x00, 0x00, 0x00, 0x00, 0x00, 0x00, 0x01, 0xF0, 0x0F
    .byte   0x10, 0x00, 0x01, 0xF0, 0x1F, 0x00, 0x00, 0xF1, 0x00, 0x0F, 0x10, 0x1F, 0xF0, 0x10, 0x00, 0x1F
    .byte   0x1F, 0x1F,    1, 0x0F, 0x0F, 0x10, 0x00, 0x00, 0x00, 0x00, 0x00, 0xF1, 0x00, 0x00, 0x00, 0x0F
    .byte   0x1F, 0x10, 0x00, 0x1F, 0x0F, 0x10, 0x00, 0x00, 0x00, 0x00, 0x10, 0xF0, 0x01, 0xF0, 0x1F, 0x0F
    .byte   0x10, 0x00, 0x00,    0, 0x0F, 0x01, 0x00, 0x00, 0x00, 0x00, 0x00, 0x00, 0x01, 0xF0, 0x00, 0x00
    .byte   0x00, 0x00, 0x00, 0x01, 0xF1, 0xF0, 0x00, 0x0F, 0x1F, 0x10, 0x00, 0x00, 0xF0, 0x10, 0x01, 0xF0
    .byte   0x0F, 0x10, 0xF1, 0x10,    0, 0x0F, 0x10, 0xF1, 0x00, 0x0F, 0x10, 0x00, 0x01, 0xF1, 0xF0, 0x00
    .byte   0x00, 0x00, 0x0F, 0x10, 0x00, 0x1F, 0x00, 0x00, 0x0F, 0x10, 0x0F, 0x10, 0x1F, 0x00, 0x00, 0x00
    .byte   0x00, 0x00, 0x0F, 0x11, 0xFF,   -1, 0x01, 0x01, 0xF0, 0x10, 0x0F, 0x0F, 0x10, 0x00, 0xF0, 0x10
    .byte   0x01, 0xF0, 0x01, 0x0F, 0x00, 0x00, 0x00, 0x00, 0x0F, 0x10, 0x00, 0x00, 0x01, 0xF0, 0x00, 0x01
    .byte   0xF0, 0x00, 0x01, 0xF1, 0xF0, 0x00,    0, 0x0F, 0x00, 0x10, 0x00, 0x00, 0x00, 0x00, 0x10, 0xFF
    .byte   0x10, 0x10, 0xF0, 0x00, 0x0F, 0x10, 0x00, 0x01, 0xF0, 0xF1, 0x00, 0x00, 0x00, 0x00, 0x00, 0xF1
    .byte   0x00, 0x01, 0xF0, 0x00, 0x00, 0x1F, 0x0F,    0, 0x00, 0x00, 0x00, 0x00, 0x10, 0xF0, 0x00, 0x00
    .byte   0x00, 0x00, 0x00, 0x0F, 0x10, 0xF1, 0x00, 0x00, 0x0F, 0x10, 0x00, 0x00, 0x00, 0x00, 0x00, 0x0F
    .byte   0x01, 0x01, 0xF1, 0xFF, 0x10, 0x1F, 0x01, 0xF0,    0, 0x00, 0x00, 0x0F, 0x10, 0x01, 0xF0, 0x00
    .byte   0x00, 0x00, 0x00, 0x00, 0x0F, 0x1F, 0x1F, 0x10, 0x1F, 0x00, 0xF1, 0x00, 0x01, 0xF0, 0x00, 0x0F
    .byte   0x10, 0x00, 0x01, 0xF1, 0xF0, 0x1F, 0xF0, 0x10, 0x00,    0, 0x0F, 0x10, 0x00, 0x01, 0xF0, 0x00
    .byte   0x01, 0xF0, 0x00, 0xF1, 0x0F, 0x10, 0xF1, 0x01, 0xF0, 0x00, 0x1F, 0x00, 0x00, 0x00, 0xF1, 0x00
    .byte   0x00, 0x00, 0x00, 0x1F, 0x00, 0x00, 0x00, 0x0F, 0x01, 0x00,    0, 0x00, 0x00, 0x1F, 0x01, 0xF0
    .byte   0xF1, 0x00, 0x0F, 0x10, 0x10, 0xF0, 0x00, 0x0F, 0x10, 0x0F, 0x01, 0x0F, 0x10, 0x00, 0x00, 0x00
    .byte   0x00, 0x0F, 0x11, 0xF1, 0xFF, 0x10, 0x00, 0x00, 0xF1, 0x00, 0x00,    0, 0x00, 0x0F, 0x1F, 0x10
    .byte   0x00, 0x00, 0x01, 0xF0, 0xF1, 0x00, 0x01, 0x0F, 0x00, 0x1F, 0xF1, 0x1F, 0x00, 0xF0, 0x10, 0x10
    .byte   0xF0, 0xF0, 0x11, 0xF1, 0xF0, 0x00, 0x00, 0x00, 0x00, 0x0F, 0x10, 0x00,    0, 0x00, 0x00, 0x00
    .byte   0x1F, 0x00, 0x01, 0xF0, 0x00, 0xF1, 0x00, 0x0F, 0x10, 0x00, 0x01, 0xF0, 0xF1, 0x00, 0xF1, 0x00
    .byte   0x00, 0x1F, 0x00, 0x00, 0x1F, 0x00, 0x00, 0x00, 0x00, 0xF1, 0xF1, 0x00, 0x00,   -1, 0x01, 0x00
    .byte   0x00, 0x00, 0x00, 0x00, 0x00, 0x0F, 0x01, 0x00, 0x0F, 0x10, 0x01, 0xF0, 0x00, 0x01, 0xF0, 0x00
    .byte   0x0F, 0x10, 0x00, 0x01, 0xF0, 0x00, 0x1F, 0x00, 0x00, 0x01, 0xF0, 0x00, 0x00, 0x00,    0, 0x0F
    .byte   0x10, 0x00, 0x00, 0x1F, 0x1F, 0x00, 0xF1, 0x00, 0x00, 0x00, 0x00, 0x00, 0x00, 0x00, 0x1F, 0x1F
    .byte   0x00, 0x00, 0x1F, 0x0F, 0x10, 0xF1, 0x0F, 0x11, 0xF0, 0x00, 0x0F, 0x11, 0xF0, 0x00, 0xF1,    0
    .byte   0x00, 0x00, 0x00, 0xF0, 0x10, 0x1F, 0x0F, 0x11, 0xFF, 0x01, 0xF1, 0x00, 0xF1, 0x00, 0x1F, 0x00
    .byte   0x00, 0x1F, 0x1F, 0x00, 0x00, 0x00, 0x00, 0x1F, 0x00, 0x00, 0x0F, 0x10, 0x1F, 0x01, 0xF0, 0x0F
    .byte      0, 0x01, 0xF0, 0x0F, 0x11, 0xF0, 0x1F, 0x1F, 0x0F, 0x10, 0x00, 0xF0, 0x11, 0xF0, 0x00, 0x00
    .byte   0x00, 0x00, 0xF0, 0x10, 0x00, 0x1F, 0x1F, 0x00, 0x00, 0x00, 0x00, 0x01, 0xF1, 0xF0, 0x1F, 0xF1
    .byte   0x0F,   -1, 0x00, 0x01, 0x00, 0x00, 0x00, 0x0F, 0x10, 0x00, 0x00, 0x01, 0xF0, 0x00, 0x00, 0x00
    .byte   0x00, 0x00, 0x00, 0x00, 0x00, 0x00, 0x00, 0xF0, 0x10, 0x1F, 0x1F, 0x01, 0xF0, 0x00, 0x10, 0xF0
    .byte   0x1F, 0x1F,    0, 0x00, 0xF0, 0x10, 0x10, 0xF0, 0x00, 0x00, 0x00, 0xF1, 0x00, 0x00, 0x00, 0x00
    .byte   0x01, 0xF1, 0xF0, 0x01, 0xF0, 0x1F, 0x00, 0x00, 0x00, 0x00, 0x1F, 0x00, 0x0F, 0x10, 0xF1, 0x00
    .byte   0x01, 0xF0, 0x00,    0, 0x00, 0x1F, 0x00, 0x1F, 0x01, 0xF0, 0x01, 0xF0, 0x00, 0x1F, 0x00, 0x00
    .byte   0x00, 0x00, 0x00, 0x00, 0x00, 0xF0, 0x10, 0x00, 0x00, 0x00, 0x00, 0x1F, 0x01, 0xF0, 0xF1, 0x00
    .byte   0xF1, 0xF1, 0x1F, 0x00,    0, 0x00, 0x00, 0x01, 0xF1, 0xF0, 0xF1, 0x00, 0x00, 0x00, 0x00, 0x00
    .byte   0x1F, 0x00, 0x00, 0x00, 0xF1, 0x1F, 0x00, 0x00, 0x00, 0x00, 0x00, 0x00, 0x00, 0x0F, 0x10, 0x1F
    .byte   0x01, 0x0F, 0x0F, 0x11, 0xF0,   -1, 0x01, 0x1F, 0x00, 0xF1, 0x01, 0x0F, 0x00, 0x01, 0xFF, 0x11
    .byte   0xF1, 0xF0, 0x00, 0x0F, 0x10, 0x1F, 0x1F, 0x00, 0x00, 0x00, 0x01, 0x00, 0xF0, 0x00, 0x00, 0x1F
    .byte   0x00, 0x01, 0xF0, 0x00, 0x00, 0x00,    0, 0x01, 0xF0, 0x00, 0x0F, 0x10, 0x00, 0x1F, 0x00, 0xF1
    .byte   0x00, 0x00, 0x00, 0x01, 0x0F, 0x00, 0x00, 0xF1, 0x00, 0x0F, 0x10, 0x01, 0xF0, 0xF1, 0xF1, 0x00
    .byte   0xF1, 0x00, 0x1F, 0x1F, 0x0F, 0x10, 0x01,    0, 0x00, 0x00, 0xF1, 0x00, 0x00, 0xF1, 0x00, 0x00
    .byte   0x1F, 0x00, 0x00, 0x00, 0xF1, 0x00, 0x01, 0xF0, 0x00, 0x00, 0x00, 0x00, 0x10, 0xF0, 0x10, 0xF0
    .byte   0x00, 0x00, 0xF1, 0xF1, 0x1F, 0x1F, 0x00, 0x00,    0, 0x00, 0x1F, 0x00, 0x00, 0x01, 0xF0, 0x00
    .byte   0xF0, 0x10, 0x01, 0xF0, 0xF1, 0x00, 0x01, 0xFF, 0x10, 0x10, 0xF1, 0xF0, 0x00, 0x00, 0x00, 0x00
    .byte   0x00, 0x0F, 0x10, 0xF1, 0x00, 0x0F, 0x11, 0x0F, 0x00,    0, 0x00, 0x00, 0x01, 0xF0, 0x01, 0xFF
    .byte   0x11, 0xF0, 0x01, 0xF0, 0x00, 0x0F, 0x01, 0x1F, 0x00, 0x00, 0x00, 0x00, 0x00, 0x00, 0x01, 0xF0
    .byte   0xF0, 0x10, 0xF1, 0x00, 0x00, 0x10, 0xF0, 0x00, 0x00, 0x01,    0, 0x00, 0x0F, 0x10, 0x00, 0x00
    .byte   0x0F, 0x01, 0x00, 0x00, 0x00, 0x00, 0x00, 0x00, 0x00, 0x00, 0x0F, 0x10, 0x10, 0xFF, 0x10, 0x00
    .byte   0x00, 0xF0, 0x10, 0x00, 0x01, 0xF0, 0x01, 0xF0, 0x00, 0x00, 0xF1,    0, 0x00, 0xF1, 0x00, 0xF1
    .byte   0x00, 0x01, 0xF0, 0x00, 0x10, 0xF0, 0x1F, 0x00, 0x0F, 0x10, 0x00, 0x00, 0x0F, 0x10, 0x00, 0x1F
    .byte   0x00, 0x01, 0xF0, 0x00, 0x00, 0x00, 0x00, 0x00, 0x00, 0xF1, 0x00, 0x10,    0, 0x00, 0x00, 0x10
    .byte   0xF0, 0x00, 0xF1, 0x00, 0x01, 0x0F, 0xF0, 0x10, 0x01, 0xF0, 0x00, 0x0F, 0x10, 0xF0, 0x10, 0x01
    .byte   0xF0, 0x00, 0x00, 0x00, 0x00, 0x00, 0x00, 0x10, 0xFF, 0x10, 0x00, 0x00, 0xF1,    1, 0x0F, 0xF1
    .byte   0xF1, 0x00, 0x01, 0xF0, 0x00, 0x00, 0x10, 0x00, 0xF0, 0x00, 0x00, 0xF0, 0x1F, 0x10, 0x01, 0xFF
    .byte   0x1F, 0x01, 0x00, 0x01, 0xF0, 0x00, 0x00, 0x00, 0x00, 0x00, 0x01, 0x0F, 0xF1, 0x00,    1, 0x0F
    .byte   0x00, 0x00, 0x00, 0x00, 0x0F, 0x10, 0x0F, 0x11, 0x0F, 0x00, 0x00, 0x1F, 0x00, 0x1F, 0x01, 0xF0
    .byte   0x0F, 0x10, 0x0F, 0x10, 0x01, 0xF0, 0x00, 0x00, 0x0F, 0x11, 0xF0, 0x00, 0x00, 0x01, 0xF0,    0
    .byte   0x00, 0x1F, 0x0F, 0x10, 0x0F, 0x10, 0xF1, 0x0F, 0x01, 0x00, 0x00, 0xF1, 0x01, 0xF0, 0x00, 0x00
    .byte   0xF1, 0x0F, 0x1F, 0x10, 0x1F, 0x01, 0x0F, 0x00, 0x1F, 0x01, 0xFF, 0x10, 0x00, 0x01, 0xF0, 0x00
    .byte      1, 0x0F, 0x01, 0xFF, 0x10, 0x00, 0xF1, 0x00, 0x10, 0x00, 0xF0, 0x00, 0x00, 0x00, 0x0F, 0x10
    .byte   0x0F, 0x10, 0x00, 0xF1, 0x1F, 0x00, 0x01, 0x0F, 0xF1, 0x00, 0x00, 0x0F, 0x1F, 0x10, 0x00, 0x01
    .byte   0xF0,    0, 0x00, 0x1F, 0xF1, 0x00, 0x1F, 0x00, 0x01, 0xF1, 0xF0, 0x00, 0x00, 0x0F, 0x01, 0xF1
    .byte   0x01, 0x0F, 0x00, 0xF0, 0x10, 0x00, 0x00, 0x00, 0x00, 0x01, 0xF0, 0x00, 0x00, 0xF1, 0x01, 0xF0
    .byte   0x01, 0xF0,    0, 0x00, 0x00, 0x00, 0x0F, 0x10, 0x00, 0x00, 0x00, 0x00, 0x01, 0xF0, 0x00, 0x00
    .byte   0x01, 0xF0, 0x00, 0x1F, 0x00, 0x00, 0x1F, 0x1F, 0x00, 0x00, 0x00, 0x00, 0x00, 0x00, 0x00, 0x00
    .byte   0x00, 0x00, 0x00

    .end
