    .section .rodata
    .global Chapter_07_Line_0003_Compressed
    .align  2

Chapter_07_Line_0003_Compressed:

    .byte   0x1, 0x0, 0x0, 0x0
    .word   0x00D10C00  @ Mid-C ~13379.000000
    .word   0, 68719

    .byte      8, 0x02, 0xEE, 0xE3, 0x2E, 0xEE, 0x23, 0x22, 0x10, 0x21, 0x1D, 0xCD, 0x22, 0xCB, 0xCE, 0x2E
    .byte   0x00, 0xCC, 0xC0, 0x31, 0x47, 0x77, 0x5A, 0x25, 0x62, 0x99, 0x43, 0xEB, 0x9B, 0xAB, 0x67, 0xC9
    .byte   0x47,   58, 0x05, 0xA1, 0x55, 0x3B, 0xCC, 0x9D, 0x2E, 0xAA, 0xC4, 0x6E, 0xDF, 0x45, 0x75, 0x2F
    .byte   0xD4, 0x52, 0xBA, 0xAD, 0xED, 0xDB, 0xA1, 0x45, 0x1D, 0xD2, 0x44, 0xED, 0x05, 0x77, 0x5B, 0xBD
    .byte   0x56, 0xA9,  -13, 0x0C, 0x33, 0xCC, 0xBF, 0x45, 0x51, 0xD2, 0x57, 0x5C, 0xCD, 0x22, 0xDB, 0xAB
    .byte   0xE2, 0x1C, 0xC2, 0x45, 0x42, 0x33, 0x54, 0x30, 0xCD, 0xDF, 0xCC, 0xBB, 0xDD, 0x10, 0xED, 0xDD
    .byte   0x23, 0x43, 0x45,   29, 0x07, 0x5D, 0xCD, 0x44, 0xBA, 0xAB, 0xEE, 0xDD, 0xCD, 0x45, 0x53, 0x02
    .byte   0x56, 0x4F, 0xCD, 0xFE, 0xDB, 0xAB, 0xD1, 0x2E, 0xD0, 0x45, 0x44, 0x34, 0x44, 0x2E, 0xCC, 0xCC
    .byte   0xCC, 0xBC, 0xDF, 0x0F,  -80, 0x01, 0x0F, 0x22, 0x35, 0x45, 0x77, 0x3C, 0xC4, 0x4C, 0x9A, 0xBD
    .byte   0xDC, 0xEF, 0xEF, 0x55, 0x52, 0x24, 0x55, 0xEC, 0xCE, 0xEC, 0xCB, 0xBC, 0xE2, 0x2E, 0x14, 0x45
    .byte   0x43, 0x43, 0x31, 0xEC, 0xCC,   -4, 0x0C, 0xBC, 0xDF, 0xEE, 0xF0, 0x12, 0xF2, 0x34, 0x55, 0x66
    .byte   0x51, 0xDE, 0x20, 0xBA, 0xAB, 0xED, 0xDE, 0x21, 0x45, 0x53, 0x33, 0x44, 0x3D, 0xCC, 0xCE, 0xCC
    .byte   0xBD, 0xEE, 0x33, 0x12, 0x35, 0x54,   49, 0x02, 0x30, 0xDC, 0xBD, 0xCC, 0xCC, 0xEE, 0xEF, 0x02
    .byte   0x10, 0xFE, 0x24, 0x44, 0x67, 0x54, 0xDE, 0x31, 0xCA, 0xAB, 0xCD, 0xDE, 0xFF, 0x35, 0x54, 0x40
    .byte   0x44, 0x3F, 0xCC, 0xDC, 0xCC, 0xCD, 0xC1,  -52, 0x03, 0x43, 0x34, 0x45, 0x3E, 0x11, 0xDC, 0xCB
    .byte   0xCC, 0xCD, 0xEF, 0xFF, 0x01, 0xEE, 0xE2, 0x44, 0x45, 0x77, 0x41, 0xD1, 0x3F, 0xAA, 0xAB, 0xDD
    .byte   0xDE, 0xF2, 0x55, 0x54, 0x33, 0x43, 0xFD, 0xCC,   24, 0x0C, 0xCC, 0xCC, 0xF3, 0x33, 0x34, 0x45
    .byte   0x42, 0x0D, 0xEF, 0xCC, 0xCB, 0xCE, 0xDD, 0xEE, 0xF1, 0x20, 0xFD, 0xE4, 0x45, 0x55, 0x75, 0x32
    .byte   0xD2, 0x2A, 0xBA, 0xAD, 0xDC, 0x32, 0x24, 0x55, 0x43,   59, 0x03, 0x31, 0xDC, 0xCC, 0xDC, 0xCC
    .byte   0xDD, 0x23, 0x43, 0x44, 0x44, 0x31, 0xDD, 0xCD, 0xCC, 0xBC, 0xED, 0x1F, 0x02, 0xF2, 0x2E, 0xCD
    .byte   0x34, 0x54, 0x67, 0x54, 0x2E, 0x3F, 0xAB, 0xAA, 0xCD, 0xD3,  -48, 0x01, 0x55, 0x45, 0x33, 0x33
    .byte   0xFD, 0xCB, 0xDD, 0xCC, 0xCD, 0x22, 0x33, 0x34, 0x44, 0x33, 0x1C, 0xDD, 0xCC, 0xCB, 0xED, 0xEE
    .byte   0xF3, 0x1F, 0x1E, 0xED, 0xC4, 0x53, 0x56, 0x75, 0x41, 0x13, 0xCB,   47, 0x0A, 0xAE, 0xCD, 0x22
    .byte   0x25, 0x55, 0x33, 0x34, 0x3D, 0xDB, 0xDD, 0xCC, 0xCC, 0xF1, 0x13, 0x44, 0x34, 0x43, 0x1E, 0xCC
    .byte   0xEC, 0xCB, 0xDE, 0xDE, 0xF1, 0x20, 0xE0, 0xED, 0xD1, 0x45, 0x45, 0x76,   89, 0x04, 0x13, 0x0B
    .byte   0xBA, 0xAC, 0xCC, 0x20, 0x24, 0x55, 0x34, 0x43, 0x4F, 0xDD, 0xCC, 0xCC, 0xCC, 0xCE, 0x33, 0x33
    .byte   0x44, 0x44, 0x0F, 0xDD, 0xCC, 0xCC, 0xCD, 0xED, 0x11, 0x20, 0xE1, 0xED, 0xDC,  -89, 0x05, 0x35
    .byte   0x77, 0x45, 0xF2, 0x3C, 0xBB, 0xAA, 0xCC, 0xD3, 0xE3, 0x55, 0x53, 0x43, 0x43, 0xEC, 0xCC, 0xCC
    .byte   0xCB, 0xDE, 0x23, 0x34, 0x44, 0x44, 0x1E, 0xDC, 0xDC, 0xBC, 0xDD, 0xDE, 0xF2, 0x11,  -61, 0x01
    .byte   0xDC, 0xB2, 0x54, 0x44, 0x77, 0x54, 0x22, 0x2C, 0xBB, 0xAA, 0xCC, 0xF1, 0xE4, 0x55, 0x44, 0x44
    .byte   0x32, 0xEC, 0xCC, 0xCC, 0xCC, 0xCF, 0x23, 0x43, 0x45, 0x33, 0x2E, 0xCC, 0xCC, 0xCB, 0xDF,  -67
    .byte   0x0F, 0x22, 0x12, 0x1E, 0xDB, 0xC3, 0x53, 0x46, 0x76, 0x53, 0x23, 0x0B, 0xBA, 0xBB, 0xBD, 0x1E
    .byte   0x05, 0x55, 0x43, 0x45, 0x2E, 0xDC, 0xCC, 0xCC, 0xCC, 0xDF, 0x33, 0x34, 0x44, 0x40, 0xEE, 0xCD
    .byte     -5, 0x0B, 0xDC, 0xD0, 0xFE, 0x32, 0xF1, 0xEC, 0xCC, 0xF5, 0x44, 0x57, 0x65, 0x43, 0x31, 0xCB
    .byte   0xBA, 0xBC, 0xBF, 0x11, 0x45, 0x54, 0x34, 0x44, 0x1D, 0xCC, 0xDC, 0xBC, 0xCC, 0x22, 0x34, 0x44
    .byte   0x43,   51, 0x02, 0xCC, 0xCC, 0xDB, 0xCD, 0x00, 0xF2, 0x30, 0xFD, 0xDC, 0xC2, 0x44, 0x55, 0x76
    .byte   0x45, 0x23, 0xFC, 0xBA, 0xAC, 0xCC, 0xDE, 0x34, 0x54, 0x53, 0x45, 0x30, 0xDC, 0xDC, 0xBC, 0xCB
    .byte   0xEF, 0x34,  -10, 0x04, 0x44, 0x4E, 0xDD, 0xCC, 0xCB, 0xCE, 0xEE, 0xE2, 0x41, 0xFD, 0xCC, 0xCD
    .byte   0x35, 0x45, 0x77, 0x55, 0x23, 0x2D, 0xBA, 0xAB, 0xCC, 0xDD, 0x24, 0x55, 0x44, 0x44, 0x50, 0xDC
    .byte   0xCC, 0xCC, 0xBB,  -49, 0x01, 0x24, 0x44, 0x54, 0x32, 0xEC, 0xCC, 0xBB, 0xDC, 0xEF, 0x03, 0x33
    .byte   0xEE, 0xCD, 0xCC, 0x24, 0x45, 0x77, 0x64, 0x33, 0x2E, 0xBA, 0xAA, 0xDC, 0xDE, 0x04, 0x55, 0x44
    .byte   0x44, 0x42, 0xDC, 0xCC,   24, 0x0C, 0xCB, 0xDF, 0x33, 0x44, 0x54, 0x3E, 0xEC, 0xCB, 0xCB, 0xDD
    .byte   0xD1, 0x23, 0x33, 0xED, 0xCC, 0xCD, 0x34, 0x45, 0x77, 0x64, 0x33, 0x0D, 0xBA, 0xAA, 0xDC, 0xDF
    .byte   0x24, 0x55, 0x54, 0x34, 0x5F,   89, 0x0C, 0xBC, 0xCB, 0xCC, 0xDF, 0x35, 0x54, 0x44, 0x22, 0xCC
    .byte   0xBB, 0xBC, 0xDD, 0xE1, 0x34, 0x32, 0xDD, 0xCB, 0xD0, 0x34, 0x57, 0x77, 0x33, 0x33, 0xDC, 0xA9
    .byte   0xBC, 0xCD, 0x0F, 0x44, 0x65, 0x43,   77, 0x04, 0x3D, 0xCB, 0xCB, 0xCC, 0xCC, 0x03, 0x55, 0x44
    .byte   0x42, 0x1D, 0xCB, 0xBB, 0xCE, 0xED, 0xE3, 0x33, 0x2D, 0xDC, 0xCC, 0xF4, 0x45, 0x77, 0x74, 0x22
    .byte   0x30, 0xBA, 0xAA, 0xBD, 0xC1, 0x23, 0x46,   34, 0x05, 0x33, 0x43, 0xEC, 0xBB, 0xCB, 0xCC, 0xDE
    .byte   0x44, 0x56, 0x33, 0x0E, 0xDC, 0xBB, 0xBC, 0xD0, 0xF2, 0x33, 0x2E, 0xEC, 0xCB, 0xE3, 0x44, 0x67
    .byte   0x76, 0x32, 0x33, 0xCB, 0x9A, 0xBC, 0xCE, 0x22,  -42, 0x05, 0x65, 0x52, 0x44, 0x2C, 0xBB, 0xCB
    .byte   0xBC, 0xDE, 0x14, 0x56, 0x44, 0x2F, 0xDC, 0xBB, 0xBB, 0xDD, 0x22, 0x33, 0x22, 0x0C, 0xCC, 0xC2
    .byte   0x44, 0x67, 0x76, 0x33, 0x22, 0xDB, 0xA9, 0xBC, 0xCE,  -59, 0x02, 0x44, 0x66, 0x44, 0x24, 0x2D
    .byte   0xCB, 0xBB, 0xBC, 0xDE, 0x13, 0x55, 0x55, 0xFE, 0xDD, 0xBB, 0xBB, 0xDD, 0x12, 0x34, 0x1E, 0xED
    .byte   0xCC, 0xD0, 0x44, 0x67, 0x76, 0x41, 0x22, 0xDA, 0xAA, 0xAC,  -61, 0x0F, 0x32, 0x44, 0x65, 0x53
    .byte   0x33, 0x3E, 0xBB, 0xAC, 0xBD, 0xDE, 0x13, 0x56, 0x54, 0xFE, 0xDC, 0xBB, 0xBC, 0xCD, 0xF3, 0x43
    .byte   0xEE, 0xED, 0xCC, 0xE2, 0x43, 0x77, 0x75, 0x33, 0x31, 0xCA, 0x9B,  -31, 0x0C, 0xC3, 0x12, 0x35
    .byte   0x66, 0x43, 0x33, 0x1D, 0xCB, 0xBA, 0xBD, 0xFF, 0x23, 0x55, 0x63, 0xED, 0xDC, 0xBB, 0xBD, 0xDD
    .byte   0x14, 0x31, 0xED, 0xDD, 0xCD, 0xD4, 0x46, 0x77, 0x73, 0x21, 0x2F, 0xCA,   19, 0x0A, 0xBB, 0x13
    .byte   0x32, 0x35, 0x66, 0x43, 0x23, 0x0D, 0xBB, 0xBB, 0xBC, 0x23, 0x33, 0x55, 0x52, 0xDC, 0xDC, 0xBB
    .byte   0xDD, 0xDD, 0x34, 0x3D, 0xDC, 0xEC, 0xCD, 0x44, 0x47, 0x77, 0x60, 0x22, 0x0D,   76, 0x09, 0xAB
    .byte   0xBD, 0x23, 0x23, 0x46, 0x65, 0x42, 0x3F, 0xEC, 0xBB, 0xBB, 0xBE, 0x33, 0x34, 0x55, 0x3F, 0xDD
    .byte   0xCC, 0xBB, 0xDE, 0xEE, 0x34, 0x1E, 0xCC, 0xCD, 0xEE, 0x44, 0x67, 0x77, 0x31, 0x22,  114, 0x0C
    .byte   0xA9, 0xBA, 0xC0, 0x22, 0x23, 0x56, 0x65, 0x32, 0x3F, 0xDC, 0xBB, 0xBB, 0xCE, 0x33, 0x34, 0x54
    .byte   0x4D, 0xDC, 0xDB, 0xCC, 0xDD, 0xE2, 0x33, 0xFC, 0xCC, 0xDD, 0xE4, 0x45, 0x77, 0x74, 0x31,  119
    .byte   0x01, 0xDA, 0xAA, 0xAC, 0xD0, 0x12, 0x24, 0x56, 0x63, 0x43, 0x1F, 0xCC, 0xBB, 0xBB, 0xE1, 0x33
    .byte   0x34, 0x44, 0x0E, 0xDC, 0xCC, 0xCD, 0xEE, 0xF2, 0x2F, 0xCC, 0xCC, 0xE2, 0x34, 0x57, 0x77, 0x51
    .byte    111, 0x02, 0x2D, 0xBA, 0xAA, 0xBD, 0xE2, 0x11, 0x45, 0x65, 0x53, 0x32, 0x2E, 0xDB, 0xBA, 0xCC
    .byte   0x03, 0x22, 0x14, 0x42, 0x1D, 0xDD, 0xCC, 0xD1, 0x20, 0xEE, 0xEE, 0xCC, 0xCC, 0x03, 0x45, 0x67
    .byte   0x76,  106, 0x01, 0x32, 0xEC, 0xBA, 0xAA, 0xCD, 0x12, 0xFE, 0x45, 0x65, 0x53, 0x42, 0xFD, 0xCC
    .byte   0xCB, 0xAD, 0x03, 0x22, 0x23, 0x31, 0xFE, 0xDD, 0xCD, 0xE2, 0x3F, 0xED, 0xCD, 0xCC, 0xCE, 0x14
    .byte   0x46, 0x77,   95, 0x03, 0x22, 0x21, 0xEB, 0xAA, 0xAC, 0xCE, 0x2E, 0xE2, 0x55, 0x65, 0x44, 0x22
    .byte   0xED, 0xDC, 0xBB, 0xBE, 0x22, 0x01, 0x12, 0x21, 0xFE, 0xDD, 0xDE, 0x03, 0x2F, 0xEC, 0xCC, 0xCC
    .byte   0xD1, 0x34, 0x67,   43, 0x07, 0x32, 0x22, 0x21, 0xCA, 0xAB, 0xBB, 0xEF, 0xFD, 0xE3, 0x56, 0x56
    .byte   0x32, 0x32, 0x2D, 0xCB, 0xBB, 0xC0, 0x22, 0xFE, 0xEF, 0x22, 0x1D, 0xED, 0x00, 0x23, 0x00, 0xCB
    .byte   0xCC, 0xCD, 0x02, 0x45,  -30, 0x07, 0x75, 0x32, 0x32, 0x0D, 0xCA, 0xAB, 0xBD, 0xDE, 0xDD, 0xF4
    .byte   0x56, 0x55, 0x43, 0x23, 0x1D, 0xCB, 0xBC, 0xDD, 0xFF, 0xED, 0xD1, 0x22, 0x0F, 0xEF, 0x11, 0x32
    .byte   0xFD, 0xBB, 0xCC, 0xEF, 0x23,  -75, 0x06, 0x77, 0x54, 0x22, 0x31, 0xEC, 0xBA, 0xBC, 0xCC, 0xDD
    .byte   0xDE, 0x24, 0x56, 0x54, 0x32, 0x32, 0x2F, 0xCC, 0xBC, 0xDF, 0xEE, 0xDD, 0xCE, 0xE2, 0x21, 0x11
    .byte   0x22, 0x32, 0xFC, 0xBB, 0xCD, 0xE2, -104, 0x04, 0x66, 0x76, 0x42, 0x33, 0x31, 0xEB, 0xBB, 0xBC
    .byte   0xCC, 0xED, 0xDE, 0x34, 0x55, 0x54, 0x12, 0x33, 0x2E, 0xDC, 0xCC, 0xDE, 0xED, 0xDC, 0xCD, 0xE2
    .byte   0x23, 0x10, 0x02, 0x33, 0xED, 0xBB, 0xCD, -107, 0x02, 0x45, 0x66, 0x64, 0x33, 0x43, 0x31, 0xCB
    .byte   0xBB, 0xCC, 0xED, 0xDC, 0xEE, 0x34, 0x55, 0x43, 0xF2, 0x33, 0x32, 0xDC, 0xCD, 0xDD, 0xFE, 0xCC
    .byte   0xCC, 0xE2, 0x22, 0x10, 0x12, 0x31, 0xFC, 0xCC, -100, 0x0E, 0x13, 0x56, 0x65, 0x53, 0x33, 0x43
    .byte   0x3D, 0xCB, 0xBC, 0xCD, 0xDD, 0xDC, 0xE2, 0x34, 0x54, 0x41, 0x12, 0x33, 0x41, 0xDC, 0xCD, 0xDE
    .byte   0xED, 0xCC, 0xCC, 0xF2, 0x32, 0x0F, 0x02, 0x30, 0xEC,  -73, 0x0C, 0xC1, 0x24, 0x56, 0x65, 0x43
    .byte   0x33, 0x43, 0x2E, 0xBB, 0xBC, 0xDD, 0xED, 0xCD, 0xEF, 0x35, 0x44, 0x41, 0x12, 0x34, 0x3E, 0xDD
    .byte   0xCD, 0xDF, 0xDD, 0xCB, 0xDD, 0xE2, 0x22, 0x2E, 0x02, 0x21,  -47, 0x0C, 0xCC, 0xD0, 0x25, 0x56
    .byte   0x65, 0x33, 0x33, 0x34, 0x1D, 0xBC, 0xBC, 0xDD, 0xEC, 0xDC, 0xE2, 0x44, 0x53, 0x31, 0x22, 0x43
    .byte   0x31, 0xDD, 0xDC, 0xED, 0xEC, 0xCB, 0xCD, 0x02, 0x22, 0x10, 0x22,  -43, 0x00, 0xEC, 0xCC, 0xD1
    .byte   0x45, 0x56, 0x55, 0x33, 0x24, 0x33, 0x0C, 0xBC, 0xCC, 0xDE, 0xDD, 0xCD, 0xE2, 0x44, 0x52, 0x22
    .byte   0x23, 0x43, 0x3E, 0xDD, 0xCD, 0xFD, 0xDC, 0xCB, 0xCE, 0x02, 0x31, 0x1F,  -51, 0x02, 0x21, 0xEC
    .byte   0xCC, 0xD2, 0x45, 0x56, 0x55, 0x32, 0x33, 0x43, 0xEC, 0xBC, 0xBD, 0xEE, 0xDC, 0xCE, 0xF2, 0x44
    .byte   0x43, 0x22, 0x23, 0x43, 0x3E, 0xCD, 0xDD, 0x0D, 0xDC, 0xBC, 0xCE, 0x22, 0x21,  -56, 0x0F, 0x23
    .byte   0x2F, 0xDC, 0xCC, 0xF2, 0x45, 0x56, 0x54, 0x42, 0x34, 0x32, 0xEC, 0xBC, 0xCD, 0xDE, 0xDC, 0xCE
    .byte   0xE3, 0x44, 0x42, 0x12, 0x24, 0x44, 0x0D, 0xDC, 0xEE, 0xEE, 0xCB, 0xBC, 0xE0, 0x22,  -54, 0x0E
    .byte   0xE2, 0x33, 0x1E, 0xCC, 0xCD, 0x13, 0x44, 0x56, 0x55, 0x33, 0x33, 0x41, 0xDC, 0xCB, 0xDC, 0xED
    .byte   0xDD, 0xCD, 0x23, 0x44, 0x4F, 0x11, 0x44, 0x42, 0xFD, 0xDD, 0xEE, 0xDD, 0xCB, 0xBD, 0xE1,  -59
    .byte   0x00, 0xF0, 0x13, 0x33, 0xEC, 0xCB, 0xD1, 0x32, 0x34, 0x66, 0x63, 0x33, 0x43, 0x3F, 0xDC, 0xCC
    .byte   0xCD, 0xDD, 0xCC, 0xCE, 0x34, 0x43, 0x20, 0x34, 0x44, 0x22, 0xED, 0xED, 0xDE, 0xED, 0xBB, 0xCD
    .byte    -53, 0x01, 0xEE, 0xE1, 0x33, 0x3F, 0xFC, 0xCC, 0xC1, 0x23, 0x25, 0x66, 0x63, 0x33, 0x43, 0x3E
    .byte   0xCC, 0xCC, 0xCD, 0xDD, 0xCC, 0xC1, 0x34, 0x43, 0x02, 0x44, 0x43, 0x31, 0xED, 0xDD, 0xEE, 0xDC
    .byte   0xBB,  -50, 0x0F, 0x0E, 0xEE, 0xF2, 0x33, 0x30, 0xDC, 0xCC, 0xE2, 0x22, 0x35, 0x66, 0x53, 0x33
    .byte   0x43, 0x2D, 0xCC, 0xCD, 0xCD, 0xDC, 0xCC, 0xE2, 0x44, 0x32, 0x23, 0x44, 0x42, 0x2E, 0xED, 0xEE
    .byte   0xFC, 0xCB,  -31, 0x0D, 0xD1, 0xED, 0xFF, 0x23, 0x33, 0x0F, 0xCC, 0xCD, 0xF2, 0xF0, 0x36, 0x66
    .byte   0x50, 0x34, 0x43, 0x1D, 0xCC, 0xCC, 0xDD, 0xDC, 0xCC, 0xF3, 0x43, 0x32, 0x24, 0x44, 0x32, 0x2D
    .byte   0xDE, 0x0F, 0xDC,   -1, 0x0C, 0xCE, 0xED, 0xEE, 0xE2, 0x23, 0x32, 0xEE, 0xDD, 0xDC, 0xDF, 0x13
    .byte   0x35, 0x66, 0x52, 0x34, 0x43, 0x2D, 0xCC, 0xCD, 0xCE, 0xDC, 0xCC, 0xF3, 0x42, 0x23, 0x34, 0x44
    .byte   0x32, 0xDD, 0xDF, 0x0E,   26, 0x0C, 0xCC, 0xDE, 0xDE, 0xEE, 0xF0, 0x33, 0x3F, 0xD0, 0xEE, 0xCC
    .byte   0xCE, 0xF3, 0x35, 0x66, 0x52, 0x34, 0x54, 0xFE, 0xCC, 0xDC, 0xDD, 0xDC, 0xBC, 0xE3, 0x42, 0x01
    .byte   0x34, 0x54, 0x41, 0xDD, 0xF2,   58, 0x0D, 0xCC, 0xCC, 0xDD, 0xEE, 0xDD, 0x01, 0x33, 0x11, 0x22
    .byte   0x0E, 0xDC, 0xDC, 0xDF, 0x34, 0x35, 0x65, 0x43, 0x44, 0x42, 0xDD, 0xDC, 0xED, 0xDC, 0xCC, 0xCE
    .byte   0x32, 0x20, 0x14, 0x44, 0x33, 0x21,   56, 0x0F, 0x0E, 0xDC, 0xCD, 0xDD, 0xDD, 0xDD, 0xE2, 0x21
    .byte   0xF0, 0x23, 0x22, 0xEC, 0xDD, 0xED, 0xFF, 0x24, 0x46, 0x54, 0x33, 0x44, 0x4F, 0xCD, 0xDE, 0xDE
    .byte   0xDC, 0xCC, 0xF3, 0x2E, 0xD1, 0x34, 0x43,   44, 0x02, 0xF0, 0x23, 0x1D, 0xBC, 0xE0, 0xEC, 0xBE
    .byte   0xD1, 0xFF, 0x10, 0xE0, 0x33, 0x3D, 0xDE, 0x2F, 0xDC, 0xD2, 0x33, 0x34, 0x54, 0x44, 0x34, 0x4E
    .byte   0xEE, 0xEE, 0xED, 0xEE, 0xDC, 0xD1, 0x2F, 0xDF,    5, 0x03, 0x31, 0x23, 0x31, 0x00, 0xFE, 0xDC
    .byte   0xFE, 0xDC, 0xCF, 0xEE, 0xDE, 0xE1, 0xF0, 0x13, 0x21, 0xEF, 0x01, 0xED, 0xEE, 0x03, 0x33, 0x34
    .byte   0x43, 0x23, 0x44, 0x20, 0xD2, 0x20, 0xFE, 0xED, 0xDE,   31, 0x02, 0xDD, 0xE1, 0x31, 0x01, 0x20
    .byte   0x22, 0xF0, 0xFD, 0xEE, 0xED, 0xDD, 0xEE, 0xDD, 0xD0, 0x2E, 0xEE, 0x02, 0x11, 0x22, 0xFE, 0xE2
    .byte   0x3E, 0xEE, 0x23, 0x3F, 0x34, 0x32, 0xF3, 0x43, 0x1E, 0x03,   57, 0x0E, 0x0E, 0xFF, 0xEE, 0xF0
    .byte   0xDD, 0x12, 0xFE, 0xE2, 0x31, 0xEF, 0xF2, 0xFE, 0xEE, 0xEC, 0xD0, 0xFE, 0xCD, 0xF2, 0x2E, 0xEF
    .byte   0x20, 0x02, 0x11, 0xFE, 0x23, 0x3E, 0xDE, 0x33, 0x0E, 0xE2, 0x11,  -14, 0x03, 0x31, 0xFF, 0x44
    .byte   0xFE, 0x13, 0x32, 0xFF, 0x0F, 0xEF, 0x0F, 0xDD, 0xF1, 0xFE, 0xEE, 0x1F, 0x0E, 0x00, 0xEE, 0xFF
    .byte   0xEE, 0xEE, 0xE0, 0xEE, 0xF0, 0xE1, 0x10, 0xF0, 0x02, 0x3E, 0xE0, 0x22,  -14, 0x0F, 0xD0, 0x23
    .byte   0x2F, 0xE0, 0x12, 0x20, 0x10, 0x22, 0x20, 0x22, 0x22, 0xE0, 0x22, 0x2F, 0x0F, 0xE1, 0x10, 0xFD
    .byte   0xE2, 0x0E, 0xDE, 0x12, 0xFE, 0xEF, 0xFF, 0x00, 0xEE, 0xF1, 0x11, 0x0E, 0x01,  -13, 0x0F, 0xF1
    .byte   0x2F, 0xF1, 0x02, 0x01, 0x00, 0x10, 0xF2, 0x0F, 0x11, 0x11, 0x0F, 0x10, 0x1F, 0xF1, 0x10, 0xF1
    .byte   0x10, 0x11, 0x01, 0x0E, 0xF0, 0x02, 0xFE, 0xE0, 0x22, 0x0E, 0xE0, 0x12, 0x2F, 0xEF,   -3, 0x01
    .byte   0x21, 0x00, 0xE0, 0x22, 0x2E, 0xEE, 0x22, 0x2F, 0xEF, 0x01, 0x2F, 0x00, 0xEF, 0x01, 0x2E, 0xEF
    .byte   0x11, 0x0F, 0xFF, 0xF1, 0x01, 0x0F, 0xE0, 0x00, 0x01, 0x0E, 0x01, 0x11, 0x0E, 0x01, 0x01,   -7
    .byte   0x00, 0x0F, 0x01, 0x11, 0x10, 0xF0, 0x11, 0x10, 0xF1, 0x00, 0x20, 0xFF, 0x10, 0x11, 0x00, 0x0F
    .byte   0x10, 0x1F, 0x1F, 0xF1, 0xF1, 0x0F, 0xFF, 0x10, 0x10, 0xFF, 0xF0, 0x00, 0x0F, 0xFF, 0x01, 0x0F
    .byte     -4, 0x00, 0x00, 0x01, 0x0F, 0x1F, 0x01, 0x10, 0x00, 0x01, 0x10, 0x00, 0x01, 0x00, 0x10, 0x01
    .byte   0x1F, 0x00, 0x00, 0x01, 0xF0, 0x1F, 0x10, 0x00, 0xF0, 0xF0, 0x00, 0x00, 0xFF, 0x00, 0x1F, 0x0F
    .byte   0xF1,   -1, 0x00, 0x00, 0x00, 0xF1, 0x00, 0xF1, 0x00, 0x01, 0x01, 0xF0, 0x01, 0x00, 0xF1, 0xF1
    .byte   0x00, 0x1F, 0x10, 0x0F, 0x10, 0x00, 0x00, 0x01, 0xF0, 0x00, 0xF1, 0xF1, 0x0F, 0x00, 0xF0, 0x0F
    .byte   0x1F, 0x00,   -1, 0x0F, 0x00, 0x0F, 0x10, 0x00, 0xF0, 0x1F, 0x00, 0x10, 0xF0, 0x1F, 0x10, 0x01
    .byte   0x00, 0x01, 0xF0, 0x00, 0x10, 0x01, 0x00, 0x00, 0x00, 0x1F, 0x01, 0x00, 0x0F, 0x1F, 0x10, 0xF0
    .byte   0x0F, 0x1F, 0x00,    1, 0x0F, 0x00, 0x00, 0xF0, 0x01, 0x0F, 0x00, 0x01, 0xF0, 0x1F, 0x00, 0x00
    .byte   0x00, 0x00, 0x00, 0x1F, 0x1F, 0x1F, 0x01, 0x00, 0x0F, 0x10, 0x00, 0x1F, 0x1F, 0x01, 0x0F, 0x10
    .byte   0xF1, 0xF1, 0x0F, 0x00,    0, 0x0F, 0x10, 0x0F, 0x1F, 0x00, 0x00, 0x10, 0xF0, 0x00, 0x01, 0xF0
    .byte   0x1F, 0x1F, 0x1F, 0x10, 0xF1, 0x00, 0x00, 0x00, 0x1F, 0x01, 0x0F, 0x10, 0xF1, 0xF1, 0x1F, 0x00
    .byte   0x0F, 0x00, 0x10, 0x00, 0x00,    0, 0x00, 0x10, 0xF1, 0x0F, 0x1F, 0x0F, 0x01, 0x0F, 0x1F, 0x00
    .byte   0x00, 0x00, 0x01, 0xF0, 0x01, 0xF1, 0xF0, 0x10, 0x00, 0x00, 0x10, 0xF1, 0x00, 0x0F, 0x01, 0x1F
    .byte   0x00, 0xF1, 0x00, 0x0F, 0x00, 0x00,    1, 0x00, 0x0F, 0x00, 0x1F, 0x1F, 0x00, 0x1F, 0x0F, 0x10
    .byte   0x00, 0xF1, 0xF0, 0x1F, 0x10, 0xF0, 0x00, 0x1F, 0x1F, 0x01, 0xF0, 0x10, 0xF1, 0xF1, 0x00, 0x1F
    .byte   0x1F, 0x00, 0x1F, 0x10, 0xF0, 0x1F, 0x0F,    1, 0x00, 0x0F, 0x10, 0xF0, 0x1F, 0x00, 0x00, 0x01
    .byte   0xFF, 0x10, 0x10, 0x0F, 0x00, 0x00, 0xF1, 0xF1, 0x00, 0x00, 0x01, 0xF1, 0xF0, 0x00, 0xF1, 0x1F
    .byte   0x1F, 0x01, 0xF0, 0x1F, 0x00, 0x00, 0x00, 0x0F,    0, 0x01, 0xF0, 0xF1, 0x00, 0x00, 0x1F, 0x00
    .byte   0x0F, 0x01, 0x00, 0x0F, 0x1F, 0x10, 0x00, 0x00, 0xF1, 0xF1, 0x00, 0xF0, 0x1F, 0x01, 0x0F, 0x00
    .byte   0x10, 0x00, 0x00, 0x00, 0x00, 0xF1, 0x00, 0x0F, 0x10,    0, 0x01, 0x0F, 0x00, 0x00, 0x00, 0x00
    .byte   0xF1, 0x00, 0x00, 0x1F, 0x00, 0x1F, 0x01, 0xF1, 0x00, 0xF1, 0x0F, 0x00, 0x00, 0xF1, 0xF1, 0xF1
    .byte   0x00, 0x00, 0x0F, 0x0F, 0x10, 0x11, 0xFF, 0x01, 0x10, 0x0F,   -3, 0x00, 0x12, 0x10, 0xEF, 0x2F
    .byte   0x46, 0x29, 0x8B, 0x47, 0x77, 0xDA, 0x99, 0x26, 0x63, 0xBA, 0xD5, 0x77, 0xF8, 0x8A, 0x57, 0x76
    .byte   0xB9, 0xBF, 0x44, 0x0C, 0xD3, 0x44, 0x4E, 0xCC, 0xE2, 0x2E, 0xDD,   -7, 0x02, 0x22, 0x22, 0xEC
    .byte   0xE1, 0x23, 0xFD, 0xE1, 0x22, 0xEF, 0x23, 0x31, 0xDD, 0x22, 0x20, 0xED, 0xF0, 0x21, 0x20, 0xDC
    .byte   0xD2, 0x44, 0x2C, 0xD1, 0x45, 0x2C, 0xCC, 0x34, 0x3F, 0xCD, 0xF2, 0x22,    0, 0x0D, 0xDE, 0x43
    .byte   0x2D, 0xDE, 0x34, 0x3D, 0xCD, 0x34, 0x3E, 0xCD, 0xD3, 0x43, 0xEC, 0xC2, 0x34, 0x3D, 0xCE, 0x24
    .byte   0x2F, 0xDC, 0xE4, 0x42, 0xDB, 0xD4, 0x44, 0xDB, 0xC3, 0x54, 0xFC, 0xB1, 0x44,   19, 0x0B, 0xC0
    .byte   0x44, 0x3D, 0xDD, 0xF4, 0x3E, 0xCD, 0xF4, 0x30, 0xDD, 0xD3, 0x42, 0xDC, 0xD2, 0x44, 0x2C, 0xDF
    .byte   0x43, 0xED, 0xCF, 0x23, 0x32, 0xCD, 0x23, 0x3F, 0xDC, 0xE1, 0x43, 0xFE, 0xD1, 0x43,   14, 0x0D
    .byte   0xD0, 0x23, 0xED, 0xD0, 0x32, 0x22, 0xDE, 0x02, 0x21, 0xEE, 0xF0, 0x13, 0x1F, 0xEF, 0x12, 0x1E
    .byte   0xDE, 0x33, 0xFD, 0xDF, 0x44, 0xFC, 0xCF, 0x43, 0x2D, 0xCD, 0x34, 0x3F, 0xCD, 0x13, 0x30,    1
    .byte   0x0E, 0xE2, 0x22, 0x0E, 0xD3, 0x12, 0xFE, 0xEE, 0x02, 0x3E, 0xEE, 0x03, 0x11, 0x0E, 0xDE, 0x33
    .byte   0x2E, 0xDE, 0x22, 0x3F, 0xED, 0xD1, 0x22, 0x20, 0xE0, 0x22, 0x21, 0xED, 0xE1, 0x32, 0xED, 0x02
    .byte      3, 0x02, 0x0E, 0xEF, 0xF1, 0x0F, 0x2F, 0xFF, 0x12, 0x00, 0xEF, 0x22, 0xEE, 0xE0, 0x23, 0x0D
    .byte   0xEF, 0x31, 0xFF, 0xEF, 0x12, 0x0F, 0x0F, 0x10, 0x10, 0xFE, 0x11, 0x22, 0xEF, 0xF1, 0x2F, 0xEE
    .byte   0xF2,    3, 0x0F, 0xE0, 0xF2, 0x20, 0xE0, 0xE1, 0x0F, 0x21, 0x10, 0xEE, 0x02, 0x31, 0xDD, 0x22
    .byte   0x20, 0xEF, 0xE1, 0x22, 0x1F, 0xE2, 0xF0, 0x1F, 0xE1, 0xF0, 0x2E, 0xF0, 0xF3, 0xFE, 0x0E, 0x01
    .byte   0x2F, 0x0F,   -4, 0x02, 0x12, 0x0E, 0x00, 0x10, 0x2E, 0xEE, 0x12, 0x2E, 0xE0, 0x32, 0xFE, 0xEF
    .byte   0x11, 0x10, 0xEE, 0x22, 0x3E, 0xDF, 0x12, 0x0E, 0xFF, 0x21, 0x20, 0xEE, 0x20, 0x20, 0xEE, 0xFF
    .byte   0x32, 0xEE, 0xF2,   -1, 0x02, 0xFF, 0x1E, 0x02, 0x00, 0xFF, 0x01, 0x0F, 0xE1, 0x10, 0x20, 0xF0
    .byte   0xF1, 0x1E, 0xEF, 0x23, 0xFE, 0xE2, 0x12, 0xFE, 0xFE, 0xE1, 0x12, 0x00, 0xE1, 0x22, 0x1F, 0xE2
    .byte   0xFF, 0xFF, 0x01, 0x21,    3, 0x02, 0xEF, 0x11, 0x10, 0xEE, 0x2F, 0x00, 0x01, 0x10, 0x00, 0xE0
    .byte   0x01, 0x1F, 0xF0, 0x01, 0x10, 0x2E, 0xEE, 0xE2, 0x1F, 0xFE, 0xE0, 0x22, 0x21, 0xE0, 0x11, 0x00
    .byte   0x02, 0xF0, 0x2F, 0x21, 0x22,   11, 0x0E, 0x22, 0x11, 0xE2, 0x20, 0x02, 0x2E, 0xFE, 0x2F, 0xE0
    .byte   0xE0, 0xEE, 0xE2, 0xFE, 0xEE, 0xEE, 0xF0, 0x10, 0xEE, 0x0E, 0xEE, 0x02, 0xDE, 0xF0, 0x31, 0x12
    .byte   0xF0, 0xF1, 0x32, 0x12, 0x23, 0x33,   25, 0x02, 0x22, 0x20, 0x31, 0xD1, 0xE1, 0x2D, 0x01, 0xDE
    .byte   0xFF, 0x1E, 0xD2, 0x01, 0x0E, 0x01, 0xFF, 0xF0, 0xFD, 0xEE, 0xEE, 0xEE, 0x0D, 0xEE, 0xEE, 0xEE
    .byte   0xFF, 0x11, 0x02, 0x01, 0x22, 0x32, 0x23,  -10, 0x04, 0x43, 0x32, 0x32, 0x22, 0x1E, 0xED, 0xEE
    .byte   0xFE, 0xDD, 0xE0, 0xD1, 0x10, 0x0E, 0x13, 0x21, 0x20, 0x20, 0xF1, 0xFF, 0xDD, 0xED, 0xEE, 0xEE
    .byte   0xEE, 0xF1, 0x12, 0x0E, 0x10, 0x1E, 0x0E, 0xEE,  -50, 0x0E, 0xEE, 0xEF, 0x13, 0x33, 0x44, 0x44
    .byte   0x43, 0x43, 0x12, 0x0F, 0xED, 0xDD, 0xDD, 0xDD, 0xDD, 0xED, 0x20, 0xF3, 0x13, 0x22, 0x32, 0x22
    .byte   0xF0, 0xFD, 0xFD, 0xED, 0xED, 0xEE, 0xEF, 0xF0, 0x02,  -21, 0x03, 0x21, 0x10, 0x0F, 0xED, 0xFD
    .byte   0xDE, 0xED, 0xED, 0xD2, 0x32, 0x43, 0x54, 0x45, 0x34, 0x31, 0x21, 0x1D, 0xDD, 0xDC, 0xDD, 0xCE
    .byte   0xDD, 0xD1, 0xF2, 0x23, 0x32, 0x33, 0x23, 0x1F, 0x0F, 0xDE,    9, 0x0E, 0xDE, 0xDE, 0xEF, 0xF0
    .byte   0x11, 0x22, 0x23, 0x12, 0x2F, 0xFE, 0xD0, 0xDD, 0xED, 0xDE, 0xDE, 0xEE, 0x23, 0x33, 0x45, 0x44
    .byte   0x43, 0x43, 0x21, 0x1E, 0xDD, 0xDD, 0xDD, 0xCD, 0xDC, 0xEE, 0xF2,  -27, 0x01, 0x33, 0x33, 0x33
    .byte   0x2F, 0x2F, 0xFE, 0xEE, 0xDD, 0xEE, 0xED, 0xEE, 0x01, 0x12, 0x23, 0x12, 0x22, 0x1F, 0xFE, 0xDE
    .byte   0xDD, 0xED, 0xDE, 0xDD, 0xE1, 0x31, 0x43, 0x45, 0x35, 0x34, 0x32, 0x31,   82, 0x0F, 0xDD, 0xDD
    .byte   0xDD, 0xCD, 0xCD, 0xDF, 0xE1, 0x20, 0x33, 0x33, 0x33, 0x21, 0x22, 0x0F, 0xEE, 0xDE, 0xED, 0x1D
    .byte   0xDE, 0xE0, 0x11, 0x22, 0x03, 0x12, 0x20, 0x0F, 0xEE, 0xDE, 0xED, 0xED, 0xDD,  -66, 0x0E, 0x01
    .byte   0x33, 0x34, 0x44, 0x43, 0x43, 0x33, 0x12, 0xFE, 0xED, 0xDD, 0xDC, 0xDC, 0xDD, 0xEE, 0xF0, 0x11
    .byte   0x33, 0x33, 0x22, 0x31, 0x22, 0x12, 0xEF, 0xED, 0xFE, 0xDE, 0xDD, 0x1E, 0x10, 0xF2,  -18, 0x02
    .byte   0x20, 0x21, 0xFF, 0xFE, 0xEF, 0xEE, 0xDE, 0xED, 0xEF, 0xF2, 0x02, 0x33, 0x44, 0x33, 0x33, 0x33
    .byte   0x32, 0x2E, 0xFF, 0xDF, 0xDD, 0xDC, 0xDD, 0xDE, 0xEE, 0xFF, 0x03, 0x22, 0x31, 0x22, 0x32,   22
    .byte   0x02, 0x10, 0xFE, 0xFE, 0xEE, 0xD0, 0xDF, 0xEF, 0x0E, 0xF1, 0x01, 0x01, 0xFF, 0xF0, 0x11, 0x1E
    .byte   0xEE, 0xE1, 0x0E, 0xEF, 0xE2, 0x12, 0x32, 0x33, 0x23, 0x33, 0x23, 0x23, 0x20, 0x1F, 0x0E, 0xFD
    .byte     36, 0x0D, 0xDD, 0xED, 0xEE, 0xEF, 0xE1, 0x21, 0x20, 0x31, 0x22, 0x22, 0x12, 0x11, 0x00, 0xEF
    .byte   0xEE, 0xDF, 0xEE, 0xEE, 0x0F, 0xFF, 0x00, 0x11, 0x1F, 0xF0, 0x11, 0x1F, 0xF0, 0xEF, 0x1F, 0x0E
    .byte   0xF1,  -27, 0x02, 0xF2, 0x22, 0x3F, 0x32, 0x22, 0x23, 0x20, 0x20, 0x20, 0x10, 0xEF, 0xDE, 0xED
    .byte   0xFE, 0xEE, 0xEF, 0x01, 0x11, 0x1F, 0x20, 0x21, 0x12, 0xF0, 0xF1, 0x0E, 0xFE, 0xF0, 0xEF, 0xEF
    .byte   0xF0, 0xE1,  -15, 0x01, 0x0E, 0x3E, 0x3D, 0x11, 0xE2, 0xE1, 0xFF, 0xFE, 0x3D, 0x21, 0xD3, 0xE0
    .byte   0x2F, 0x20, 0x12, 0x22, 0x12, 0x11, 0x22, 0x20, 0x02, 0x11, 0x21, 0x01, 0xEE, 0x0E, 0x0F, 0xEF
    .byte   0xFE, 0x11, 0xF1,    9, 0x0E, 0x00, 0x1F, 0xF0, 0xFF, 0x0F, 0x0F, 0xE0, 0xE2, 0xD2, 0xF0, 0x1E
    .byte   0x20, 0xF0, 0x2E, 0x2D, 0x4D, 0xF3, 0xC4, 0xC4, 0xCF, 0x3C, 0x4C, 0x4D, 0xE3, 0xD3, 0xFF, 0x2F
    .byte   0xF2, 0xE3, 0xE2, 0x11,    2, 0x0F, 0x2F, 0x22, 0xE2, 0x02, 0x01, 0x2F, 0x2E, 0x2E, 0x02, 0xD2
    .byte   0xD3, 0xE0, 0x0E, 0x1D, 0x22, 0x0E, 0x0E, 0xF1, 0x2D, 0x3D, 0xF2, 0xD3, 0xD2, 0xE1, 0xF1, 0x01
    .byte   0xE1, 0x1E, 0x3D, 0x2F, 0xFF,   -6, 0x0D, 0x3F, 0x1E, 0x1F, 0xF3, 0xC4, 0xC4, 0xDF, 0x4B, 0x5B
    .byte   0x5D, 0xE3, 0xD3, 0xE2, 0xE3, 0xE2, 0xE2, 0x2D, 0x3D, 0x3E, 0x01, 0x02, 0xE1, 0xF2, 0x01, 0xFE
    .byte   0x10, 0x11, 0x10, 0xE2, 0xD3, 0xE2,    7, 0x0E, 0x2D, 0x3D, 0x21, 0xE2, 0xE2, 0xE0, 0x3B, 0x5B
    .byte   0x4E, 0xD5, 0xB4, 0xC4, 0xC4, 0xEE, 0x3C, 0x4D, 0x12, 0xEE, 0x3D, 0x3F, 0xE3, 0xC4, 0xC4, 0xDF
    .byte   0x3C, 0x4C, 0x4D, 0x20, 0x1F, 0x01, 0x03,   -7, 0x04, 0xC3, 0x1E, 0x3D, 0x3D, 0xE3, 0xE2, 0x1E
    .byte   0x1F, 0x12, 0x1E, 0x3D, 0x2E, 0xE3, 0xD3, 0xFD, 0x3D, 0x21, 0xE3, 0xC3, 0xD3, 0x1F, 0x2E, 0xE2
    .byte   0xFD, 0x4C, 0x4C, 0x3E, 0x13, 0xD4, 0xB4, 0xD2,    2, 0x0E, 0x1F, 0xE2, 0x2D, 0x4C, 0x3D, 0x13
    .byte   0xD3, 0xD3, 0xD3, 0xE0, 0x2D, 0x3D, 0x2F, 0x2E, 0x2E, 0x12, 0xD4, 0xD3, 0xD2, 0xE2, 0xFE, 0x3D
    .byte   0x3D, 0x3D, 0x2E, 0x21, 0xE2, 0xD3, 0xD3, 0xD3, 0xEE,    6, 0x0D, 0x3E, 0xE2, 0xD3, 0xE0, 0x2D
    .byte   0x3D, 0x22, 0xE1, 0x2D, 0x3F, 0xD4, 0xD2, 0xEF, 0x2E, 0x2E, 0x11, 0xE1, 0x2E, 0x20, 0xE1, 0xE3
    .byte   0xE1, 0xF0, 0xF0, 0x2E, 0x3D, 0x2F, 0xE2, 0xE3, 0xE1, 0xE1,   -3, 0x02, 0x2E, 0x2D, 0x3D, 0x3E
    .byte   0xF2, 0xD3, 0xD2, 0x3D, 0x3D, 0x02, 0xD3, 0xD3, 0xE1, 0x2D, 0x3D, 0x3D, 0x2F, 0x01, 0x10, 0x0F
    .byte   0xE3, 0xD3, 0xE0, 0x2D, 0x3D, 0x3D, 0x22, 0xC5, 0xB4, 0x1D, 0x3D,   -1, 0x00, 0xD4, 0xD2, 0x2D
    .byte   0x3D, 0x2F, 0x2E, 0x10, 0x1F, 0xE3, 0xD3, 0xEF, 0x1D, 0x4C, 0x32, 0xC4, 0xC4, 0x0D, 0x4C, 0x3E
    .byte   0xD4, 0xC4, 0xDE, 0x3D, 0x3E, 0x10, 0xE2, 0xE2, 0x1E, 0x2F, 0xE3, 0xD3,    6, 0x0C, 0x4C, 0x32
    .byte   0xD4, 0xC3, 0xED, 0x4C, 0x4D, 0xE3, 0xD3, 0x0E, 0x2E, 0x10, 0x01, 0x01, 0x0E, 0x2D, 0x3F, 0xE3
    .byte   0xD3, 0xEF, 0x2E, 0x00, 0x0F, 0xF2, 0xFE, 0x4B, 0x5C, 0xF3, 0xD3, 0xD2, 0x0E,    6, 0x0D, 0x20
    .byte   0xE3, 0xD3, 0xD2, 0x2D, 0x3D, 0x3E, 0xE3, 0xD2, 0x1D, 0x4D, 0x1F, 0xFF, 0x2E, 0x20, 0xD4, 0xC3
    .byte   0xFE, 0x3D, 0x21, 0xE2, 0xE1, 0x2E, 0x3C, 0x4C, 0x31, 0xD4, 0xC3, 0xE0, 0x11, 0x00,    3, 0x0D
    .byte   0x3E, 0x11, 0xF0, 0x1E, 0x02, 0xE2, 0x2D, 0x3D, 0x21, 0xF2, 0xD3, 0xD2, 0x1E, 0x3D, 0x3E, 0xF1
    .byte   0xE2, 0x0E, 0x3D, 0x02, 0xE2, 0x0F, 0x11, 0xE2, 0xE2, 0x0D, 0x4C, 0x3F, 0xE3, 0xC4, 0xD2,    7
    .byte   0x0D, 0x2D, 0x22, 0xE2, 0x0E, 0x20, 0xFF, 0x2F, 0xE3, 0xEE, 0x2F, 0xD4, 0xDF, 0x3C, 0x30, 0xE3
    .byte   0xD2, 0x0E, 0x3C, 0x4E, 0xD4, 0xC2, 0x3D, 0x3E, 0xE1, 0xD4, 0xD3, 0xFD, 0x3D, 0x3D, 0x30, 0xE1
    .byte     -4, 0x02, 0xE3, 0xED, 0x4C, 0x4E, 0xC5, 0xCF, 0x3D, 0x2E, 0x20, 0xE3, 0xD2, 0x2D, 0x22, 0xD3
    .byte   0x0D, 0x21, 0xE3, 0xE1, 0xEF, 0x2D, 0x4E, 0x12, 0xC2, 0x2F, 0x3E, 0xEE, 0xE3, 0xEF, 0x3E, 0x3D
    .byte   0xD3,   -4, 0x03, 0x0E, 0x2C, 0x31, 0xE4, 0xD1, 0x2C, 0x3E, 0xF3, 0xE2, 0xEE, 0xFF, 0x3E, 0x3E
    .byte   0xD3, 0xD0, 0x2E, 0x3E, 0xE2, 0xFF, 0x2E, 0x2E, 0x20, 0x00, 0xD3, 0xE2, 0xEF, 0x3D, 0x4E, 0xB4
    .byte   0xC1, 0x7C,    5, 0x01, 0xA1, 0x52, 0x43, 0xCC, 0xDE, 0xF5, 0x40, 0x2B, 0xCE, 0x34, 0x33, 0xEC
    .byte   0xDD, 0x13, 0x33, 0xFE, 0xDE, 0xE0, 0x32, 0x2F, 0xFD, 0xE0, 0x13, 0x31, 0x0D, 0xDE, 0x02, 0x33
    .byte   0x0E, 0xED, 0xD2,   -5, 0x03, 0x3F, 0xEE, 0xDF, 0x03, 0x22, 0xFE, 0xED, 0x02, 0x22, 0x1E, 0xEE
    .byte   0x11, 0x21, 0x1F, 0xEF, 0x00, 0x20, 0x10, 0xFF, 0x00, 0x01, 0x00, 0xFF, 0xF0, 0xF1, 0x01, 0xF0
    .byte   0x0F, 0x00, 0x10, 0x00,   -4, 0x01, 0x10, 0x11, 0xF0, 0xF0, 0x11, 0xF1, 0x0F, 0x01, 0xF0, 0x01
    .byte   0xF0, 0x00, 0x01, 0x0F, 0x10, 0xF1, 0x00, 0x00, 0x01, 0xF0, 0x10, 0x00, 0x00, 0xF1, 0x00, 0x00
    .byte   0xF1, 0xF1, 0x01, 0x00, 0xF1,    2, 0x0F, 0x0F, 0x10, 0x10, 0xF0, 0x00, 0x1F, 0x01, 0xF1, 0x0F
    .byte   0x01, 0x00, 0xF0, 0x0F, 0x10, 0x00, 0x10, 0xF0, 0x00, 0x01, 0x0F, 0x00, 0x0F, 0x00, 0x10, 0xFF
    .byte   0x00, 0x11, 0xF1, 0x0F, 0x00, 0x01,    1, 0x0F, 0x00, 0x10, 0x0F, 0x00, 0x1F, 0x00, 0x00, 0x00
    .byte   0x0F, 0x01, 0xF1, 0x00, 0x0F, 0x00, 0x10, 0xF1, 0xF1, 0x0F, 0x1F, 0x01, 0xF0, 0x00, 0x00, 0x1F
    .byte   0x1F, 0x01, 0x00, 0xF1, 0xF1, 0x0F, 0x01,    0, 0x00, 0x00, 0xF1, 0x00, 0x0F, 0x10, 0x00, 0x00
    .byte   0xF0, 0x10, 0x00, 0x0F, 0x10, 0x00, 0x00, 0x00, 0x1F, 0x0F, 0x10, 0x00, 0xF1, 0xF0, 0x10, 0x00
    .byte   0x00, 0x01, 0xF0, 0x01, 0x0F, 0x00, 0x0F, 0x10,    0, 0x0F, 0x10, 0xF1, 0x01, 0xF0, 0x00, 0x00
    .byte   0x1F, 0x00, 0x1F, 0x00, 0x1F, 0x00, 0x01, 0x0F, 0x1F, 0x00, 0xF1, 0x01, 0x0F, 0x00, 0x00, 0x00
    .byte   0x00, 0x01, 0xF0, 0x1F, 0x01, 0xF1, 0x0F, 0x00, 0x01,    0, 0x00, 0x01, 0x0F, 0x00, 0x00, 0x00
    .byte   0x00, 0x01, 0xF0, 0x00, 0x00, 0x00, 0x00, 0x00, 0x00, 0x00, 0x1F, 0x0F, 0x10, 0x00, 0xF1, 0xF0
    .byte   0x11, 0xF0, 0x00, 0x00, 0xF1, 0x00, 0x01, 0xFF, 0x10, 0x01,    0, 0x00, 0x00, 0x00, 0x00, 0x00
    .byte   0x00, 0x00, 0x1F, 0x01, 0xF0, 0x0F, 0x10, 0x00, 0x1F, 0x00, 0x01, 0xF0, 0x0F, 0x10, 0x00, 0x1F
    .byte   0x00, 0xF1, 0xF1, 0x00, 0x01, 0x0F, 0x01, 0xF0, 0x00, 0xF1, 0x01,    0, 0x00, 0x00, 0x00, 0x00
    .byte   0x00, 0xF1, 0x00, 0x1F, 0x0F, 0x10, 0x1F, 0x0F, 0x10, 0x01, 0x0F, 0x00, 0x00, 0x00, 0x01, 0xF1
    .byte   0xF1, 0xF0, 0x00, 0x00, 0x00, 0x01, 0xFF, 0x10, 0x0F, 0x10, 0x00, 0x00,    0, 0x0F, 0x10, 0x00
    .byte   0xF1, 0xF1, 0x01, 0xF0, 0x00, 0x00, 0x00, 0x00, 0x00, 0xF1, 0x00, 0x0F, 0x10, 0xF1, 0x0F, 0x10
    .byte   0xF1, 0x00, 0x00, 0x0F, 0x10, 0x00, 0x1F, 0x00, 0x00, 0x1F, 0x0F, 0x00, 0x1F,    0, 0x01, 0xF0
    .byte   0xF1, 0x0F, 0x1F, 0x01, 0xF1, 0x00, 0x00, 0xF1, 0x00, 0x1F, 0x0F, 0x10, 0x0F, 0x1F, 0x01, 0x1F
    .byte   0x0F, 0x01, 0xF1, 0x0F, 0x1F, 0x10, 0x00, 0x00, 0xF0, 0x10, 0x01, 0xF0, 0xF1, 0x01,    0, 0x01
    .byte   0x0F, 0xF1, 0x00, 0x00, 0x00, 0x00, 0x00, 0x0F, 0x10, 0x00, 0x01, 0x0F, 0x1F, 0xF1, 0x00, 0xF0
    .byte   0x01, 0x1F, 0x0F, 0x01, 0x10, 0xF0, 0x1F, 0x0F, 0x11, 0x00, 0xF0, 0xF0, 0x10, 0x0F, 0xF1,   -1
    .byte   0x01, 0x10, 0xFE, 0x00, 0x20, 0x1F, 0xE1, 0x23, 0x3E, 0xEE, 0x61, 0x89, 0xE7, 0x77, 0x28, 0x8A
    .byte   0x77, 0x79, 0x8B, 0x77, 0x73, 0x98, 0xB5, 0x76, 0xC9, 0xA1, 0x56, 0x4B, 0xA2, 0x54, 0x2B, 0xD4
    .byte     15, 0x0E, 0xED, 0x24, 0x31, 0xCC, 0x01, 0x20, 0xDD, 0xD2, 0x45, 0x3D, 0xDC, 0xE4, 0x2D, 0xCD
    .byte   0x35, 0x50, 0xBA, 0xD4, 0x54, 0xFB, 0xC2, 0x54, 0x0C, 0xCD, 0x24, 0x0D, 0xCE, 0x44, 0x30, 0xDC
    .byte   0xE0,  -10, 0x03, 0xEE, 0xE2, 0x33, 0x21, 0xFE, 0xDD, 0xE0, 0x43, 0xFD, 0xDE, 0x02, 0x2F, 0xE2
    .byte   0x32, 0x0D, 0xE1, 0x33, 0xDD, 0xDE, 0x24, 0x31, 0xDC, 0x02, 0x22, 0xFF, 0xFE, 0x23, 0x12, 0xDE
    .byte   0xF2, 0x2E,   -4, 0x0F, 0xFF, 0x23, 0x2F, 0xDD, 0x13, 0x3E, 0xED, 0x13, 0x22, 0xFD, 0xEE, 0x02
    .byte   0xEE, 0x12, 0x22, 0x0F, 0x0F, 0xF2, 0x2E, 0x0F, 0x02, 0xFE, 0x00, 0xE0, 0xDF, 0x22, 0x22, 0x00
    .byte   0xF0, 0x31, 0xED,  -10, 0x01, 0x23, 0x1F, 0xFE, 0xF3, 0x2F, 0xDD, 0xD2, 0x32, 0x0F, 0x01, 0x22
    .byte   0x1E, 0xEF, 0x20, 0x0E, 0xDE, 0x23, 0x20, 0xEF, 0xE2, 0x02, 0xFE, 0xE1, 0x22, 0x21, 0xF0, 0x00
    .byte   0xEE, 0xED, 0xE3, 0x3F,   -7, 0x0E, 0x24, 0x30, 0xDC, 0x23, 0x10, 0xFD, 0xD2, 0x32, 0x1D, 0xD1
    .byte   0x23, 0xE0, 0xE1, 0x23, 0x0F, 0xEE, 0x13, 0x0F, 0xDD, 0xF0, 0x22, 0xFF, 0xFF, 0x32, 0x02, 0xFD
    .byte   0xEF, 0x22, 0x0E, 0xE2, 0x22,    7, 0x0F, 0x0D, 0xD1, 0x11, 0x22, 0x12, 0x21, 0x01, 0xDF, 0xF1
    .byte   0x1E, 0xE1, 0x21, 0x10, 0x22, 0xEE, 0xD1, 0x23, 0x3E, 0xDE, 0x11, 0x10, 0x00, 0xFE, 0xE0, 0x31
    .byte   0x22, 0xDE, 0xE1, 0x31, 0xF0, 0xFE,   -2, 0x0F, 0xE3, 0x2F, 0x0D, 0xE3, 0x2F, 0x0F, 0x11, 0xEE
    .byte   0x11, 0x1E, 0xF1, 0x22, 0x0E, 0x21, 0x11, 0xDE, 0x22, 0xFF, 0xEF, 0x32, 0xE0, 0xDE, 0x21, 0x02
    .byte   0x02, 0x2E, 0xE1, 0xFE, 0x3D, 0xE0, 0x22,   11, 0x0F, 0xD2, 0xEE, 0x3F, 0xD2, 0xEE, 0x21, 0x03
    .byte   0x0E, 0x10, 0xD2, 0x20, 0x1F, 0xD2, 0x3D, 0x20, 0xD1, 0x42, 0xFD, 0xCD, 0x41, 0x03, 0xE3, 0x3C
    .byte   0xD3, 0xE2, 0x4C, 0xD1, 0xD2, 0x40, 0x22, 0xDD,   -4, 0x0D, 0xF4, 0xFE, 0x4D, 0xE3, 0xDF, 0x3D
    .byte   0x13, 0xCD, 0x22, 0x43, 0xDE, 0x3D, 0xDE, 0xE3, 0x4D, 0xE2, 0xE0, 0x21, 0xF1, 0xDE, 0xF1, 0x32
    .byte   0x00, 0x12, 0xE0, 0xDD, 0x20, 0x23, 0xFF, 0x3E, 0xE1,   -5, 0x02, 0x3D, 0xEE, 0x12, 0x3E, 0xE3
    .byte   0x2E, 0xEF, 0xE2, 0x2D, 0xFF, 0xF3, 0x2F, 0x2E, 0xD1, 0x20, 0x20, 0xDE, 0x12, 0x22, 0x0F, 0x0E
    .byte   0xEF, 0x02, 0xF0, 0x11, 0x22, 0xE0, 0xED, 0x32, 0xDE, 0x31,    8, 0x02, 0xDE, 0x0D, 0x03, 0x22
    .byte   0x0E, 0x0E, 0xE1, 0x21, 0xEF, 0xFF, 0xF2, 0x30, 0x1E, 0xEE, 0x0F, 0x23, 0x1F, 0xE0, 0xEF, 0x0F
    .byte   0x1F, 0xE2, 0x21, 0x11, 0xE2, 0x2D, 0xF1, 0xE2, 0x1F, 0x20, 0xE2,    0, 0x0E, 0xE2, 0x21, 0xEF
    .byte   0x12, 0xFE, 0x21, 0xED, 0x12, 0x3E, 0x22, 0x2F, 0xD0, 0xD1, 0x01, 0x31, 0x2F, 0xFE, 0xE1, 0x22
    .byte   0x2E, 0xEE, 0xFF, 0x23, 0x01, 0xED, 0x12, 0xE2, 0x3F, 0xE0, 0xEF, 0xFE,   -6, 0x02, 0x2F, 0x12
    .byte   0xE0, 0xEE, 0x21, 0x0F, 0x1E, 0xD0, 0x23, 0x21, 0x0E, 0xDD, 0xFF, 0x03, 0x21, 0x11, 0xF0, 0xFE
    .byte   0xE0, 0xE0, 0x22, 0x21, 0x21, 0x2F, 0xE3, 0xFE, 0x12, 0x33, 0x22, 0x22, 0xFD,   33, 0x01, 0xEE
    .byte   0xF2, 0x1F, 0xF0, 0x2D, 0xDF, 0x0E, 0xDD, 0xFF, 0x0E, 0x10, 0xED, 0xEF, 0xFE, 0xEF, 0xEE, 0xE0
    .byte   0x2F, 0xFE, 0x12, 0xF0, 0x20, 0xE2, 0x14, 0x33, 0x54, 0x43, 0x30, 0xCE, 0xC1, 0x31,   47, 0x03
    .byte   0x2E, 0x0E, 0x23, 0xD1, 0xFC, 0xDE, 0xE1, 0x10, 0xFF, 0xDD, 0xDE, 0xE0, 0x12, 0x00, 0xEE, 0xFE
    .byte   0xEF, 0xFF, 0xDF, 0x01, 0x0E, 0x0E, 0xED, 0xEE, 0xEF, 0xF0, 0x21, 0x32, 0x35, 0x65, 0x53,   80
    .byte   0x0C, 0xBC, 0xD1, 0x34, 0x43, 0xFE, 0xEE, 0xFE, 0x01, 0xDD, 0xDD, 0xFE, 0xEF, 0x20, 0xDF, 0xEE
    .byte   0xE2, 0x21, 0x0E, 0x1F, 0xF0, 0x23, 0xFE, 0xFE, 0xEF, 0xF2, 0x0E, 0xED, 0xDD, 0xD2, 0x0E, 0xFE
    .byte    -66, 0x0E, 0xE2, 0x33, 0x35, 0x65, 0x54, 0xEB, 0xAC, 0xD3, 0x45, 0x52, 0xED, 0xDE, 0xE2, 0x30
    .byte   0xDD, 0xCD, 0xDE, 0xF2, 0xED, 0xEE, 0xFF, 0x13, 0x12, 0x1F, 0xEE, 0x12, 0x22, 0x3F, 0xEE, 0xE0
    .byte   0xFF,   -5, 0x01, 0xED, 0xDD, 0xCE, 0xFE, 0xF0, 0xEF, 0xEE, 0x32, 0x32, 0x56, 0x55, 0x41, 0xCA
    .byte   0xBE, 0x14, 0x55, 0x3E, 0xDD, 0xEE, 0x13, 0x2E, 0xDC, 0xCD, 0xC1, 0x21, 0xE0, 0x0E, 0xE1, 0x12
    .byte   0x11, 0x2E,  -14, 0x0F, 0x22, 0x22, 0x2E, 0x1E, 0x10, 0xFF, 0x0E, 0xDD, 0xED, 0xCF, 0xFE, 0x0E
    .byte   0xFE, 0xD2, 0x33, 0x34, 0x65, 0x55, 0xEC, 0xBB, 0xDE, 0x44, 0x54, 0xFD, 0xED, 0xE2, 0x22, 0x1D
    .byte   0xDC, 0xCD, 0xD0,  -14, 0x01, 0xF0, 0x0F, 0x12, 0x11, 0xF1, 0xFE, 0xF2, 0x21, 0x23, 0x10, 0x00
    .byte   0x1D, 0xEF, 0xEE, 0xD1, 0xDD, 0xDD, 0xFE, 0xFF, 0xEE, 0xE1, 0x23, 0x35, 0x56, 0x54, 0x2C, 0xBB
    .byte   0xD0, 0x34, 0x53, 0x2E,   57, 0x0E, 0xEE, 0x32, 0xFE, 0xDC, 0xCC, 0xDE, 0xF0, 0x21, 0x11, 0xF0
    .byte   0x11, 0x11, 0x0E, 0xE2, 0xF2, 0x22, 0x21, 0x21, 0x11, 0xEE, 0xED, 0xDE, 0xEE, 0xDF, 0xED, 0xED
    .byte   0xED, 0xEF, 0x13, 0x44, 0x55,   37, 0x05, 0x4F, 0xCC, 0xCD, 0x13, 0x33, 0x30, 0x10, 0xEF, 0x0F
    .byte   0x1E, 0xED, 0xDC, 0xDD, 0xEE, 0xF0, 0x0F, 0xFE, 0xF0, 0x22, 0x32, 0x0F, 0xEF, 0xE2, 0x22, 0x32
    .byte   0x20, 0xFE, 0xDE, 0xEE, 0xDE, 0xED,  -40, 0x0D, 0xEE, 0xED, 0xED, 0xF1, 0x23, 0x44, 0x55, 0x54
    .byte   0x0E, 0xDD, 0x01, 0x33, 0x32, 0x0F, 0xFE, 0xED, 0x0E, 0xFF, 0xEE, 0xDD, 0xDE, 0xEE, 0xEE, 0xFE
    .byte   0x0F, 0x01, 0x22, 0x10, 0x10, 0xF1, 0x11,   -8, 0x02, 0x32, 0x22, 0xFE, 0xDE, 0xDE, 0x0E, 0xEE
    .byte   0xDF, 0xEE, 0xED, 0xED, 0xF0, 0x22, 0x34, 0x44, 0x41, 0x1E, 0xF0, 0x34, 0x34, 0x32, 0x21, 0xEE
    .byte   0xEE, 0xEE, 0xEE, 0xEE, 0xEE, 0xDE, 0xDE, 0xEE,  -10, 0x0F, 0xFE, 0xFF, 0x01, 0x1F, 0x0E, 0xE1
    .byte   0x22, 0x32, 0x12, 0xF0, 0x0F, 0xEF, 0xEE, 0xEE, 0xEE, 0xEE, 0xEE, 0xED, 0xED, 0xE1, 0x13, 0x34
    .byte   0x33, 0x3F, 0xF0, 0x34, 0x44, 0x43, 0x32, 0x22, 0x0E,   83, 0x0F, 0xEE, 0xFD, 0xED, 0xDE, 0xDD
    .byte   0xDD, 0xED, 0xEE, 0xEF, 0xE0, 0x1F, 0x0E, 0xFF, 0x01, 0x02, 0x22, 0x22, 0x12, 0xFF, 0xEF, 0xE1
    .byte   0x0F, 0xEF, 0xEE, 0xED, 0xED, 0xEE, 0x02, 0x22, 0x43, 0x32,  -15, 0x01, 0x22, 0x44, 0x44, 0x33
    .byte   0x21, 0x1F, 0xFF, 0x0E, 0xFE, 0xDE, 0xDD, 0xED, 0xED, 0xDE, 0xDE, 0xDF, 0xEF, 0x01, 0xF0, 0xE0
    .byte   0xFF, 0x11, 0x22, 0x22, 0x22, 0x10, 0x0F, 0xF0, 0xEF, 0xEF, 0xEF,  -27, 0x0E, 0xDE, 0xDE, 0xEE
    .byte   0x01, 0x33, 0x33, 0x30, 0xF1, 0x33, 0x44, 0x44, 0x23, 0x21, 0x10, 0x0F, 0xEF, 0xED, 0xED, 0xED
    .byte   0xED, 0xED, 0xDE, 0xDE, 0xEE, 0xFF, 0xFF, 0xFE, 0xF0, 0xF1, 0x11, 0x22,  -19, 0x02, 0x12, 0xF0
    .byte   0x00, 0xE0, 0x0E, 0x0E, 0xFE, 0x1D, 0xED, 0xEE, 0xE0, 0x12, 0x14, 0x33, 0x2F, 0x12, 0x34, 0x44
    .byte   0x33, 0x32, 0x22, 0x00, 0xE0, 0xEE, 0xEE, 0xDE, 0xDE, 0xDE, 0xDE, 0xDD, 0xEE,  -22, 0x0E, 0x10
    .byte   0xFF, 0xFF, 0xF0, 0x0F, 0x12, 0x21, 0x22, 0x11, 0x11, 0x0E, 0xFF, 0xFE, 0xFE, 0xFE, 0xEE, 0xED
    .byte   0xDF, 0xF0, 0x21, 0x33, 0x32, 0x22, 0x22, 0x34, 0x43, 0x34, 0x22, 0x22, 0x10, 0xFF,   75, 0x0E
    .byte   0xFD, 0xED, 0xED, 0xED, 0xED, 0xDE, 0xDE, 0xEF, 0xEF, 0xFF, 0xFF, 0xF0, 0x10, 0x02, 0x12, 0x21
    .byte   0x12, 0x01, 0x10, 0xFF, 0xEF, 0xEF, 0xEF, 0xE0, 0xDE, 0xEE, 0xEF, 0x01, 0x23, 0x32, 0x31,  -17
    .byte   0x02, 0x24, 0x34, 0x42, 0x32, 0x32, 0x11, 0x1F, 0xFE, 0xEE, 0xED, 0xEE, 0xDD, 0xED, 0xED, 0xED
    .byte   0xEE, 0xEE, 0x1E, 0x1F, 0x00, 0x00, 0x10, 0x12, 0x02, 0x10, 0x21, 0x10, 0x1F, 0xFF, 0xEF, 0xEF
    .byte    -26, 0x0E, 0xEF, 0xDE, 0xEE, 0x11, 0x12, 0x23, 0x32, 0x22, 0x23, 0x33, 0x43, 0x33, 0x22, 0x30
    .byte   0x20, 0xFF, 0xEF, 0xDE, 0xED, 0xEE, 0xDE, 0xDD, 0xED, 0xEE, 0xEE, 0xEF, 0xFF, 0xFF, 0x00, 0x01
    .byte   0x11,  -25, 0x01, 0x20, 0x12, 0x01, 0x2F, 0x10, 0xE0, 0xEF, 0xE0, 0xFE, 0xEE, 0xEE, 0xEF, 0xF1
    .byte   0x11, 0x23, 0x23, 0x21, 0x32, 0x33, 0x43, 0x23, 0x23, 0x22, 0x20, 0x0F, 0xEE, 0xEE, 0xDF, 0xED
    .byte   0xED, 0xED,    6, 0x0D, 0xEE, 0xEE, 0xFE, 0x0E, 0x0F, 0x10, 0x10, 0x11, 0x02, 0x11, 0x02, 0x10
    .byte   0x20, 0x0F, 0x0F, 0xFE, 0x0E, 0xE0, 0xEE, 0xEF, 0xEE, 0x0F, 0x10, 0x12, 0x23, 0x23, 0x12, 0x33
    .byte   0x33, 0x32, 0x33,   58, 0x03, 0x12, 0x10, 0xFE, 0xFE, 0xEE, 0xEE, 0xDE, 0xED, 0xED, 0x0D, 0xEE
    .byte   0xEF, 0xEF, 0xFE, 0xF1, 0x00, 0x10, 0x10, 0x10, 0x12, 0x02, 0x00, 0x10, 0x00, 0x0F, 0xE1, 0xFE
    .byte   0xEE, 0xF0, 0xEE, 0xFF,  -43, 0x01, 0x01, 0x11, 0x22, 0x23, 0x12, 0x32, 0x33, 0x32, 0x32, 0x23
    .byte   0x12, 0x21, 0x1F, 0xEE, 0xFE, 0xEE, 0xEE, 0xEE, 0xDE, 0xEE, 0xEE, 0xEE, 0xEF, 0xEF, 0xFE, 0x00
    .byte   0xF1, 0x01, 0x01, 0x10, 0x11,  -15, 0x00, 0x11, 0xF0, 0xF0, 0xF0, 0xFE, 0x1E, 0x0E, 0xFF, 0xFF
    .byte   0x0E, 0x1F, 0x10, 0x20, 0x21, 0x22, 0x22, 0x22, 0x32, 0x32, 0x22, 0x23, 0x12, 0x21, 0x10, 0x00
    .byte   0xEF, 0xFE, 0xFE, 0xEE, 0xEE, 0xEE,   13, 0x0E, 0xEE, 0xFE, 0xEF, 0xE0, 0xEF, 0xFF, 0x0F, 0x1F
    .byte   0x01, 0xF0, 0x10, 0xF1, 0x01, 0xF0, 0x0F, 0x00, 0x0F, 0x00, 0xF0, 0x0F, 0x10, 0x01, 0x01, 0x00
    .byte   0x21, 0x12, 0x21, 0x20, 0x22, 0x12, 0x21,   20, 0x02, 0x02, 0x21, 0x10, 0x20, 0xF0, 0xFF, 0x00
    .byte   0xEF, 0x0E, 0x0F, 0xEF, 0xEF, 0xEF, 0xEF, 0xFE, 0xFE, 0x00, 0xE0, 0xEF, 0xFF, 0x0F, 0xF0, 0xF1
    .byte   0xF0, 0x1F, 0x00, 0x10, 0x01, 0x10, 0x01, 0x01,  -13, 0x0F, 0x11, 0x11, 0x01, 0x11, 0x10, 0x10
    .byte   0x10, 0x11, 0x01, 0x11, 0x11, 0x00, 0x20, 0x10, 0x10, 0x02, 0x01, 0x11, 0x01, 0x10, 0x1F, 0x0F
    .byte   0x00, 0xFF, 0xFF, 0x0E, 0x00, 0xE0, 0xFF, 0x0E, 0xFF,   -5, 0x00, 0xFF, 0xFF, 0xF0, 0x0F, 0x1F
    .byte   0x00, 0x0F, 0x00, 0x01, 0x01, 0x01, 0x11, 0x11, 0x00, 0x11, 0x00, 0x10, 0x10, 0x11, 0x10, 0x11
    .byte   0xF0, 0x01, 0x0F, 0x00, 0x00, 0x10, 0x00, 0x10, 0xF0, 0xF0,    3, 0x01, 0xF1, 0xF1, 0x01, 0x0F
    .byte   0x00, 0x00, 0x00, 0x00, 0x00, 0x1F, 0x00, 0x0F, 0x1F, 0xFF, 0x0F, 0x1F, 0xF0, 0x0F, 0x0F, 0x0F
    .byte   0x0F, 0x0F, 0x00, 0xF0, 0x00, 0x01, 0x00, 0x00, 0x10, 0x11, 0x00,   -2, 0x00, 0x10, 0x10, 0x11
    .byte   0x01, 0x00, 0x00, 0x00, 0x00, 0xF0, 0x0F, 0x00, 0xF1, 0x0F, 0xF0, 0x00, 0x1F, 0x00, 0x01, 0x01
    .byte   0x00, 0xF1, 0x01, 0x00, 0x0F, 0x00, 0x1F, 0x00, 0x00, 0x00, 0xFF, 0x0F,   -2, 0x01, 0xFF, 0x00
    .byte   0x00, 0x1F, 0x00, 0x00, 0x10, 0x00, 0x10, 0x01, 0x00, 0x01, 0x00, 0xF1, 0x01, 0xF0, 0x00, 0x00
    .byte   0x00, 0x00, 0x00, 0xF1, 0x00, 0xF1, 0x00, 0x00, 0x01, 0x0F, 0x01, 0xF0, 0x11,    2, 0x00, 0xF1
    .byte   0x0F, 0x00, 0x00, 0xF0, 0xF1, 0x00, 0xF0, 0x1F, 0x00, 0x00, 0x0F, 0x1F, 0x01, 0x00, 0xF1, 0xF1
    .byte   0x00, 0x10, 0xF1, 0x00, 0x01, 0xF0, 0x00, 0x00, 0x0F, 0x10, 0x00, 0x00, 0x00, 0xF1,    0, 0x00
    .byte   0xF0, 0x1F, 0x10, 0x1F, 0x00, 0x01, 0x0F, 0x00, 0x1F, 0x00, 0x00, 0x00, 0x1F, 0x01, 0x00, 0xF0
    .byte   0x1F, 0x10, 0xF1, 0xF0, 0x00, 0x00, 0x00, 0x01, 0xF0, 0x1F, 0x0F, 0x10, 0x00, 0xF1, 0xF1,    0
    .byte   0x00, 0xF1, 0x00, 0x00, 0xF1, 0xF1, 0x00, 0x00, 0x00, 0x0F, 0x00, 0x01, 0xF0, 0x10, 0x10, 0xF1
    .byte   0x00, 0x0F, 0x00, 0x00, 0x01, 0xF1, 0xF1, 0xF1, 0x0F, 0x1F, 0x1F, 0x00, 0x00, 0x00, 0x0F, 0x1F
    .byte     -1, 0x01, 0xF1, 0x10, 0x0F, 0xF0, 0x10, 0xF1, 0xF0, 0x1F, 0x00, 0x01, 0x11, 0x02, 0x03, 0xF4
    .byte   0x6B, 0xAC, 0xDE, 0x13, 0x2D, 0x13, 0x20, 0xE0, 0xEE, 0x02, 0x11, 0x33, 0x42, 0xED, 0xEE, 0xEE
    .byte   0x00,   -5, 0x0F, 0x11, 0x02, 0x0E, 0x10, 0x10, 0x00, 0x11, 0x1F, 0x11, 0xFF, 0x0F, 0xE1, 0x20
    .byte   0x11, 0x11, 0x1F, 0xFF, 0x0E, 0x0E, 0x2F, 0x12, 0x12, 0x0F, 0xEE, 0xEF, 0x0F, 0x10, 0xF1, 0x12
    .byte   0x22, 0x1F,    4, 0x0E, 0xF0, 0x21, 0x00, 0xE0, 0xF0, 0x21, 0x0F, 0xEF, 0xFF, 0x11, 0x21, 0x00
    .byte   0x11, 0x11, 0xF1, 0xFE, 0xFF, 0x11, 0x01, 0x0F, 0xE0, 0x11, 0x0F, 0x0F, 0x00, 0x21, 0x10, 0xE0
    .byte   0x01, 0x10, 0xFF,    0, 0x0F, 0xFF, 0x11, 0x0F, 0x0F, 0x10, 0x21, 0x0F, 0xFF, 0xF0, 0x11, 0x0F
    .byte   0xF1, 0x01, 0x11, 0xFF, 0x0E, 0x00, 0x01, 0x11, 0x10, 0xF0, 0x10, 0xF0, 0x0E, 0x1F, 0x02, 0x01
    .byte   0x1F, 0xFF, 0x10, 0x1F,   -2, 0x0F, 0xF0, 0x20, 0x1F, 0x10, 0xF0, 0x01, 0x0F, 0xFF, 0xF1, 0x01
    .byte   0x2F, 0xFF, 0x00, 0x00, 0xFF, 0xF1, 0x01, 0x11, 0x10, 0x0E, 0x00, 0x11, 0x11, 0x0E, 0x00, 0x02
    .byte   0x00, 0x0E, 0xF0, 0x02, 0x10,    1, 0x0F, 0x00, 0x02, 0x0F, 0xE0, 0xE0, 0x20, 0x2F, 0xFF, 0x01
    .byte   0x11, 0x0F, 0xEF, 0xF1, 0x21, 0x1F, 0xF0, 0x01, 0x00, 0xEE, 0xE1, 0x12, 0x22, 0x10, 0xE0, 0xF1
    .byte   0x1F, 0xEF, 0xFF, 0x20, 0x21, 0x10,    2, 0x0F, 0xEF, 0x02, 0x0F, 0xFF, 0x01, 0x21, 0x10, 0xFE
    .byte   0xE0, 0x02, 0x02, 0x0E, 0xFF, 0x02, 0x20, 0x1D, 0xEF, 0x22, 0x22, 0xEE, 0xFF, 0x02, 0x2F, 0xFE
    .byte   0xFF, 0x12, 0x2E, 0xFE, 0xF0, 0x21, 0x1F,   -1, 0x00, 0x01, 0x11, 0x0E, 0xF1, 0x02, 0x01, 0xFE
    .byte   0xF1, 0x22, 0xFE, 0xFE, 0x12, 0x11, 0xFE, 0xFF, 0x22, 0x11, 0x0E, 0xE0, 0x12, 0x1E, 0xEE, 0x12
    .byte   0x22, 0xFF, 0xEF, 0xF1, 0x22, 0xFF, 0xD0, 0x12,    5, 0x01, 0x0E, 0xEF, 0x12, 0x1E, 0xEE, 0x01
    .byte   0x22, 0x22, 0xEE, 0x11, 0x1F, 0x1E, 0xEE, 0x12, 0x31, 0xEE, 0x01, 0x11, 0x11, 0x0E, 0xF0, 0x20
    .byte   0x10, 0xEF, 0xFF, 0x20, 0x20, 0xEF, 0xE2, 0x02, 0xFF,   -1, 0x0F, 0x12, 0x12, 0xEE, 0xFF, 0x10
    .byte   0x10, 0xF0, 0xE2, 0x12, 0x00, 0xFE, 0xE1, 0x12, 0xFF, 0xF0, 0x11, 0x10, 0x1E, 0xFE, 0x02, 0xF1
    .byte   0x10, 0x10, 0x01, 0x02, 0x0E, 0xFF, 0x02, 0x00, 0x00, 0xE0,    0, 0x02, 0x0F, 0xEF, 0x11, 0x11
    .byte   0x11, 0x0E, 0x02, 0x11, 0xE0, 0x0F, 0x00, 0x20, 0xFE, 0xF2, 0x0F, 0xF1, 0x0E, 0xF0, 0x02, 0x10
    .byte   0x00, 0xEF, 0xF1, 0x1F, 0xEE, 0xE0, 0x01, 0x01, 0x0E, 0xFF, 0x2F,  -15, 0x0F, 0xF0, 0xFF, 0x03
    .byte   0x31, 0x0F, 0x22, 0x22, 0x32, 0xFE, 0x22, 0x21, 0x1F, 0x1D, 0xE1, 0x10, 0xEE, 0xEF, 0xFF, 0xF0
    .byte   0xFE, 0xFF, 0x0E, 0xEE, 0x0E, 0xE0, 0xEE, 0xED, 0x1E, 0xEF, 0x01, 0xF0,  -45, 0x02, 0x01, 0x10
    .byte   0xEF, 0x03, 0x33, 0x43, 0x34, 0x33, 0x32, 0xFE, 0xEE, 0xED, 0xED, 0xEE, 0x0E, 0xFE, 0xF0, 0x11
    .byte   0x1F, 0x01, 0x12, 0x11, 0xEE, 0xEF, 0xEF, 0xEE, 0xE1, 0x11, 0x22, 0x00, 0x02,    6, 0x0F, 0xFF
    .byte   0xEF, 0x1E, 0xEE, 0xDF, 0xDE, 0xEE, 0xEE, 0x00, 0x1F, 0xF1, 0x12, 0x33, 0x33, 0x44, 0x42, 0x23
    .byte   0x3E, 0xF0, 0xFD, 0xCE, 0x0E, 0xED, 0xFE, 0xDF, 0x22, 0xFE, 0xE3, 0x22, 0x2F, 0x1E,   12, 0x0F
    .byte   0x1E, 0xED, 0xD0, 0x11, 0xE1, 0x10, 0x02, 0x32, 0x1F, 0x12, 0x11, 0x11, 0xEE, 0xEF, 0x1D, 0xDE
    .byte   0xEE, 0xEE, 0xFF, 0xEE, 0x22, 0x1E, 0xF2, 0x33, 0x12, 0x34, 0x21, 0x33, 0x2E, 0x12, 0x2F,   33
    .byte   0x00, 0x2F, 0xEE, 0x0F, 0xEE, 0xF1, 0xEE, 0x00, 0xFF, 0x10, 0xF0, 0xE0, 0x0E, 0x0E, 0x0F, 0xFF
    .byte   0xF0, 0x1F, 0x01, 0xFF, 0x12, 0x10, 0x01, 0x10, 0x10, 0x1F, 0x0F, 0x01, 0xE0, 0xE0, 0xFE, 0xFF
    .byte    -16, 0x0F, 0xEF, 0xEF, 0xFE, 0x0E, 0xFF, 0xF1, 0x01, 0x11, 0x22, 0x22, 0x23, 0x22, 0x33, 0x23
    .byte   0x23, 0x23, 0x20, 0x00, 0xE0, 0xEE, 0xEE, 0xEE, 0xEE, 0xEE, 0xEE, 0xEE, 0xEE, 0xEF, 0xE0, 0xEF
    .byte   0xFF,  -22, 0x0F, 0x0F, 0x10, 0x20, 0x11, 0x22, 0x10, 0x20, 0x00, 0x11, 0x0F, 0xF0, 0x0E, 0xFE
    .byte   0xEE, 0xEE, 0xED, 0xEE, 0xEF, 0x10, 0x21, 0x33, 0x33, 0x33, 0x33, 0x23, 0x32, 0x32, 0x22, 0x21
    .byte   0x0E, 0x0E,   61, 0x0E, 0xDD, 0xEE, 0xDE, 0xEE, 0xDE, 0xFE, 0xEE, 0xEE, 0xEF, 0x0F, 0x01, 0x02
    .byte   0x01, 0x12, 0x02, 0x21, 0x22, 0x21, 0x21, 0x11, 0x0F, 0xFE, 0xEF, 0xEE, 0xED, 0xEE, 0xDE, 0xDF
    .byte   0xDE, 0xE0, 0x12,  -59, 0x03, 0x34, 0x33, 0x33, 0x42, 0x32, 0x23, 0x31, 0x32, 0x00, 0xFE, 0xFD
    .byte   0xDE, 0xDD, 0xED, 0xFE, 0xDF, 0xEE, 0xDF, 0xDE, 0xEE, 0x01, 0x11, 0x21, 0x12, 0x01, 0x11, 0x02
    .byte   0x22, 0x22, 0x22, 0x11,   14, 0x0F, 0xEE, 0xEE, 0xFE, 0xEE, 0xED, 0xEE, 0xDE, 0xDE, 0xDF, 0xF0
    .byte   0x23, 0x34, 0x34, 0x33, 0x33, 0x33, 0x22, 0x32, 0x23, 0x21, 0x1E, 0xEE, 0xED, 0xDD, 0xEE, 0xEE
    .byte   0xEE, 0xED, 0xEE, 0xDE, 0xDF,  -33, 0x00, 0x12, 0x02, 0x01, 0x11, 0x11, 0x02, 0x12, 0x32, 0x22
    .byte   0x01, 0x0E, 0xEF, 0xEE, 0xEF, 0xEE, 0xEE, 0xEE, 0xDE, 0xDE, 0xDF, 0xFF, 0x13, 0x23, 0x43, 0x42
    .byte   0x33, 0x33, 0x33, 0x13, 0x23, 0x22,   84, 0x0F, 0xFE, 0xED, 0xED, 0xDD, 0xFE, 0xEE, 0xDE, 0xDE
    .byte   0xDE, 0xED, 0x0F, 0x01, 0x02, 0x0F, 0x11, 0x11, 0x22, 0x22, 0x22, 0x22, 0x11, 0x1F, 0xF0, 0xEE
    .byte   0x0E, 0xEE, 0xEE, 0xDE, 0xDE, 0xED, 0xEE,  -69, 0x00, 0x01, 0x22, 0x34, 0x33, 0x34, 0x32, 0x33
    .byte   0x32, 0x23, 0x23, 0x20, 0x1F, 0xEE, 0xED, 0xDE, 0xDE, 0xEE, 0xED, 0xED, 0xEE, 0xED, 0xEE, 0xF0
    .byte   0x10, 0x0F, 0x11, 0x10, 0x20, 0x12, 0x22, 0x22,    3, 0x02, 0x01, 0x0F, 0x0F, 0xFE, 0xFE, 0xEE
    .byte   0xEE, 0xDE, 0xEE, 0xDE, 0xEE, 0xE0, 0x10, 0x22, 0x33, 0x43, 0x34, 0x23, 0x33, 0x22, 0x23, 0x22
    .byte   0x30, 0x00, 0xEF, 0xED, 0xED, 0xDF, 0xED, 0xEE, 0xDE,    0, 0x0E, 0xDE, 0xEE, 0xEF, 0x1F, 0x01
    .byte   0x01, 0x11, 0x02, 0x21, 0x22, 0x31, 0x22, 0x01, 0x10, 0xFF, 0x0E, 0xEF, 0xEE, 0xED, 0xEE, 0xDE
    .byte   0xED, 0xFE, 0xE1, 0x1F, 0x12, 0x24, 0x33, 0x33, 0x33, 0x32,   39, 0x02, 0x23, 0x23, 0x21, 0x2F
    .byte   0xFF, 0xEE, 0xDE, 0xDF, 0xDE, 0xEE, 0xDE, 0xED, 0xEE, 0xDE, 0xEE, 0xFF, 0x11, 0x10, 0x20, 0x12
    .byte   0x02, 0x22, 0x21, 0x21, 0x20, 0x1F, 0xFF, 0x01, 0x01, 0xDD, 0xFE,  -25, 0x0D, 0xDE, 0xEF, 0xEE
    .byte   0xE0, 0x12, 0x22, 0x34, 0x43, 0x34, 0x33, 0x22, 0x21, 0xF2, 0x22, 0xFF, 0xFF, 0x0E, 0xDE, 0xDE
    .byte   0xEE, 0xDE, 0xE0, 0x0E, 0xDE, 0xEF, 0xEE, 0xEF, 0x02, 0x21, 0x22, 0x22,   -1, 0x01, 0x11, 0x12
    .byte   0x11, 0x21, 0x20, 0xFF, 0xEE, 0xEE, 0xDD, 0xED, 0xDF, 0xEE, 0xEE, 0xE0, 0xF0, 0xE0, 0x12, 0x03
    .byte   0x22, 0x35, 0x43, 0x24, 0x43, 0x0E, 0x22, 0x00, 0x1E, 0x00, 0x20, 0xDD, 0x0E,   38, 0x0D, 0xDD
    .byte   0x1E, 0xEE, 0xDF, 0x0F, 0xED, 0xD2, 0x2F, 0xF0, 0x13, 0x30, 0x21, 0x22, 0x20, 0x11, 0x22, 0x01
    .byte   0x0F, 0xFF, 0xED, 0xEE, 0xDD, 0xED, 0xEE, 0xEE, 0xEE, 0xEF, 0xF0, 0xE1, 0x12, 0x22,  -45, 0x03
    .byte   0x34, 0x44, 0xF4, 0x42, 0x21, 0x12, 0xFE, 0x2F, 0xFF, 0x11, 0xED, 0x0E, 0xDD, 0xDE, 0xFD, 0xEE
    .byte   0xFE, 0xEE, 0xEE, 0xEE, 0xFF, 0x12, 0x22, 0x22, 0x23, 0x20, 0x21, 0x12, 0x10, 0x22, 0xFF,   21
    .byte   0x0E, 0xEE, 0xDE, 0xDE, 0xDE, 0xDE, 0xDF, 0xEE, 0xE0, 0xF1, 0xFE, 0x02, 0x22, 0x23, 0x34, 0x44
    .byte   0x23, 0x44, 0x02, 0xF2, 0x2F, 0xEF, 0x02, 0x0E, 0xEE, 0xFE, 0xDD, 0xDE, 0xEE, 0xDE, 0xE1, 0xEE
    .byte    -20, 0x0F, 0xFF, 0xEE, 0x01, 0x32, 0xE2, 0x32, 0x21, 0x22, 0x22, 0x11, 0x12, 0x2F, 0xEE, 0xFE
    .byte   0xED, 0xDE, 0xED, 0xDD, 0x0E, 0xEE, 0xEE, 0xF1, 0xEE, 0x02, 0x20, 0x23, 0x33, 0x34, 0x43, 0x34
    .byte   0x32,   59, 0x0F, 0x23, 0xEE, 0x01, 0x0F, 0xEF, 0xEE, 0xFD, 0xDD, 0xEE, 0xDD, 0xF0, 0xEE, 0xEE
    .byte   0x10, 0xEE, 0x01, 0x22, 0x01, 0x23, 0x21, 0x22, 0x21, 0x21, 0x12, 0x10, 0xFE, 0xFF, 0xED, 0xEE
    .byte   0xDE, 0xDD,  -39, 0x0E, 0xEE, 0xEE, 0xFF, 0xEF, 0xE1, 0x21, 0x12, 0x33, 0x23, 0x45, 0x13, 0x44
    .byte   0x21, 0x02, 0x3E, 0xD2, 0x10, 0xE0, 0xE0, 0xEE, 0xDD, 0xEE, 0xDD, 0xEE, 0xFF, 0xDE, 0x01, 0x0D
    .byte   0xE2, 0x11, 0x00,  -20, 0x03, 0x20, 0x22, 0x23, 0xFF, 0x22, 0x11, 0xFF, 0x1F, 0xEE, 0xED, 0xFD
    .byte   0xED, 0xDE, 0xEE, 0xD1, 0xEE, 0xE0, 0xFE, 0x00, 0x21, 0x13, 0x33, 0x33, 0x53, 0x24, 0x42, 0x2F
    .byte   0x23, 0x1D, 0xF2, 0x2F,   61, 0x0E, 0x1F, 0xDD, 0xDE, 0xED, 0xDD, 0x00, 0xED, 0x0F, 0xF0, 0xED
    .byte   0x22, 0x0E, 0x12, 0x32, 0x11, 0x33, 0x21, 0x12, 0x31, 0xE0, 0x11, 0xFE, 0xDF, 0x0D, 0xDD, 0xEE
    .byte   0xDE, 0xDE, 0xEE, 0xEE, 0xF0,  -67, 0x0F, 0xF1, 0x21, 0x23, 0x32, 0x34, 0x51, 0x34, 0x40, 0x21
    .byte   0x23, 0xFE, 0xF2, 0xFE, 0xEF, 0xEF, 0xDD, 0xDE, 0xDE, 0xDD, 0xF1, 0xED, 0xF1, 0x0E, 0xEE, 0x21
    .byte   0xFF, 0x12, 0x32, 0x02, 0x32, 0x21,   16, 0x02, 0x22, 0xE0, 0x2F, 0xEE, 0xEF, 0xED, 0xDE, 0xFD
    .byte   0xDD, 0xEE, 0xEE, 0xEE, 0x0F, 0xEF, 0x02, 0x11, 0x23, 0x32, 0x34, 0x52, 0x34, 0x32, 0x22, 0x23
    .byte   0xEE, 0x12, 0xFE, 0xEE, 0x0E, 0xDD, 0xED,   17, 0x0D, 0xED, 0x0E, 0xEE, 0xFF, 0xEF, 0xEE, 0x12
    .byte   0xFF, 0x12, 0x31, 0x11, 0x33, 0x20, 0x13, 0x22, 0xE0, 0x12, 0xED, 0x0E, 0x0D, 0xDE, 0xEE, 0xDD
    .byte   0xEE, 0xEE, 0xEE, 0xFF, 0xEE, 0x11, 0x12, 0x13,  -43, 0x02, 0x34, 0x43, 0x34, 0x42, 0x21, 0x23
    .byte   0x0E, 0xF2, 0x0E, 0xEE, 0x1E, 0xDD, 0xDF, 0xDD, 0xDE, 0xEE, 0xEE, 0xFE, 0xFF, 0xEE, 0xF2, 0xFF
    .byte   0x12, 0x22, 0x22, 0x23, 0x21, 0x22, 0x22, 0x0F, 0x02,   27, 0x0F, 0xDE, 0xFE, 0xDD, 0xEE, 0xDD
    .byte   0xEE, 0xEE, 0xED, 0x10, 0xEE, 0x20, 0x12, 0x13, 0x33, 0x24, 0x43, 0x33, 0x43, 0x12, 0x23, 0x2E
    .byte   0xE2, 0x21, 0xDE, 0xFE, 0xEC, 0xEE, 0xDD, 0xDE, 0xEE, 0xFE,  -19, 0x00, 0xEF, 0xFE, 0xE1, 0x20
    .byte   0x1F, 0x23, 0x20, 0x13, 0x22, 0x22, 0x22, 0x11, 0x10, 0x0E, 0xEE, 0xEE, 0xDE, 0xDE, 0xED, 0xED
    .byte   0x0E, 0xEE, 0xEF, 0xEF, 0x00, 0x12, 0x23, 0x23, 0x34, 0x43, 0x33,   43, 0x03, 0x21, 0x23, 0x10
    .byte   0xF1, 0x2E, 0xEE, 0xEF, 0xDD, 0xDD, 0xED, 0xED, 0xEE, 0xFE, 0xEF, 0xEF, 0xFF, 0xFF, 0x02, 0x12
    .byte   0x12, 0x22, 0x21, 0x22, 0x22, 0x22, 0x10, 0x20, 0xFE, 0xE1, 0xED, 0xED,  -13, 0x0E, 0xDE, 0xDE
    .byte   0xFE, 0xEE, 0xEF, 0xE0, 0xF0, 0x12, 0x31, 0x33, 0x43, 0x42, 0x34, 0x33, 0x21, 0x23, 0x10, 0xE0
    .byte   0x10, 0xFD, 0xDE, 0xED, 0xDD, 0xDE, 0xEE, 0xED, 0xF0, 0x0F, 0xEE, 0xF1, 0x10,  -30, 0x01, 0x23
    .byte   0xF1, 0x12, 0x32, 0x10, 0x23, 0x21, 0xF1, 0x21, 0x0E, 0xEE, 0xEE, 0xDE, 0xDD, 0xEE, 0xED, 0xEE
    .byte   0xEE, 0xFE, 0xFF, 0x01, 0x22, 0x33, 0x23, 0x44, 0x33, 0x33, 0x33, 0x22, 0x12, 0x21,   74, 0x00
    .byte   0x0E, 0xED, 0xEE, 0xDD, 0xDD, 0xED, 0xEE, 0xEE, 0xE0, 0xE0, 0xFF, 0xFF, 0x02, 0x11, 0x12, 0x21
    .byte   0x12, 0x31, 0x21, 0x22, 0x20, 0x10, 0x1F, 0xFE, 0xEE, 0xED, 0xED, 0xEE, 0xDE, 0xEE, 0xEF,  -56
    .byte   0x0E, 0xEF, 0xE0, 0x22, 0x23, 0x23, 0x34, 0x34, 0x32, 0x33, 0x33, 0x21, 0x20, 0x1F, 0x1F, 0xEE
    .byte   0xDD, 0xED, 0xED, 0xDD, 0xEE, 0xEE, 0xE0, 0xEE, 0x0F, 0xF0, 0x20, 0x10, 0x11, 0x22, 0x21, 0x22
    .byte      1, 0x02, 0x22, 0x12, 0x01, 0x1F, 0x0F, 0xEE, 0xEE, 0xDE, 0xEE, 0xED, 0xDF, 0xEE, 0xEF, 0xEE
    .byte   0xE0, 0x01, 0x22, 0x23, 0x33, 0x43, 0x43, 0x32, 0x33, 0x23, 0x22, 0xF1, 0xFF, 0x0E, 0xED, 0xDD
    .byte   0xED,   18, 0x0D, 0xEE, 0xDE, 0xEE, 0x0F, 0xF0, 0xEF, 0xF0, 0x21, 0x20, 0x20, 0x12, 0x22, 0x22
    .byte   0x21, 0x11, 0x02, 0x02, 0x0F, 0xFE, 0xEE, 0xEE, 0xED, 0xEE, 0xDE, 0xEE, 0xEE, 0xEE, 0xFF, 0xE1
    .byte   0x11, 0x22,  -47, 0x03, 0x34, 0x34, 0x32, 0x33, 0x23, 0x32, 0x21, 0x1F, 0xFF, 0xEE, 0xED, 0xDD
    .byte   0xDE, 0xDD, 0xEE, 0xEE, 0xEE, 0xE0, 0xF0, 0x11, 0x10, 0x10, 0x20, 0x22, 0x20, 0x22, 0x12, 0x12
    .byte   0x12, 0x11, 0x10,   19, 0x0F, 0xFE, 0xEE, 0xEE, 0xED, 0xEE, 0xEE, 0xEE, 0xEE, 0xEF, 0xE0, 0x00
    .byte   0x01, 0x13, 0x23, 0x33, 0x34, 0x23, 0x32, 0x32, 0x23, 0x31, 0x2F, 0xEF, 0xEE, 0xED, 0xED, 0xDE
    .byte   0xDD, 0xDF, 0xEE, 0xFE,  -19, 0x0E, 0x0E, 0x00, 0x02, 0x21, 0x12, 0x11, 0x21, 0x21, 0x22, 0x11
    .byte   0x11, 0x01, 0x11, 0x00, 0x0E, 0xEF, 0xED, 0xFE, 0xEE, 0xEE, 0xFE, 0xEE, 0xFE, 0x0E, 0x0F, 0xF1
    .byte   0x12, 0x23, 0x23, 0x34, 0x23,   23, 0x02, 0x32, 0x23, 0x23, 0x22, 0x0F, 0xEE, 0xED, 0xDE, 0xED
    .byte   0xED, 0xED, 0xEE, 0xEE, 0xFF, 0xFF, 0xFF, 0x00, 0x10, 0x20, 0x22, 0x21, 0x10, 0x20, 0x12, 0x00
    .byte   0x20, 0x01, 0xF0, 0x0F, 0xEF, 0xEE,   -6, 0x0E, 0xEE, 0xFE, 0xEF, 0xEF, 0xFE, 0xFF, 0xFF, 0xFF
    .byte   0xF0, 0x12, 0x23, 0x33, 0x33, 0x23, 0x22, 0x22, 0x23, 0x23, 0x21, 0x0F, 0xED, 0xDE, 0xDE, 0xEE
    .byte   0xEE, 0xDE, 0xED, 0x0E, 0xFF, 0xF0, 0x11,  -17, 0x00, 0x00, 0x02, 0x12, 0x02, 0x02, 0x11, 0x11
    .byte   0x11, 0x10, 0x11, 0xF0, 0xFF, 0xE0, 0xEE, 0xEE, 0xFE, 0x0E, 0xFE, 0xFE, 0xFE, 0x00, 0xF0, 0x0F
    .byte   0x0F, 0x20, 0x31, 0x33, 0x33, 0x22, 0x22, 0x22,   38, 0x02, 0x33, 0x12, 0xFF, 0xED, 0xDE, 0xDE
    .byte   0xEE, 0xEE, 0xEE, 0xFE, 0xEE, 0xFF, 0x1F, 0x02, 0x10, 0x11, 0x11, 0x10, 0x11, 0x11, 0x11, 0x10
    .byte   0x11, 0x00, 0x0F, 0xF0, 0xF0, 0xE0, 0xFE, 0xFE, 0xFE,  -19, 0x0F, 0xEF, 0xEF, 0xFF, 0x00, 0x10
    .byte   0x0E, 0x0F, 0x02, 0x12, 0x33, 0x33, 0x21, 0x22, 0x12, 0x23, 0x23, 0x22, 0x2F, 0xED, 0xDD, 0xEE
    .byte   0xEE, 0xEF, 0xEE, 0xEE, 0xEE, 0xFF, 0xF1, 0x01, 0x21, 0x11,   -6, 0x00, 0xF1, 0x01, 0x11, 0x01
    .byte   0x10, 0x10, 0x10, 0x00, 0x01, 0xFF, 0xF0, 0xE0, 0xEF, 0xE0, 0xE0, 0xFF, 0xEF, 0xFE, 0x00, 0x00
    .byte   0x00, 0x0F, 0xFF, 0x11, 0x33, 0x33, 0x22, 0x21, 0x22, 0x21, 0x33,   55, 0x02, 0x2F, 0xEE, 0xDD
    .byte   0xED, 0xEE, 0x0E, 0xFF, 0xEE, 0xEE, 0xEE, 0x00, 0x12, 0x12, 0x11, 0x0F, 0xFF, 0xF0, 0x10, 0x20
    .byte   0x21, 0xFF, 0xFF, 0xF0, 0xF1, 0x11, 0xFF, 0xFF, 0xEE, 0xE0, 0xE0, 0xFF,  -23, 0x0F, 0xFE, 0x0F
    .byte   0xE0, 0xFF, 0xF1, 0x11, 0x22, 0x33, 0x32, 0x22, 0x12, 0x22, 0x22, 0x23, 0x32, 0x2F, 0xED, 0xDD
    .byte   0xDE, 0xEE, 0xF0, 0x0E, 0xFE, 0xEE, 0xEE, 0xF0, 0x22, 0x22, 0x00, 0x0E, 0x00,   -6, 0x01, 0x12
    .byte   0x11, 0x11, 0xF0, 0xEF, 0xF0, 0x11, 0xF1, 0x00, 0xEE, 0xEE, 0xFE, 0x00, 0x0F, 0xFF, 0xEE, 0xFE
    .byte   0xFF, 0xF0, 0x02, 0x21, 0x33, 0x33, 0x31, 0x22, 0x21, 0x22, 0x23, 0x23, 0x2F, 0xED,   42, 0x0D
    .byte   0xDD, 0xEE, 0xF1, 0x00, 0xEE, 0xEE, 0xEF, 0x02, 0x22, 0x12, 0x10, 0xF0, 0xEF, 0x01, 0x02, 0x10
    .byte   0xF0, 0xE0, 0x00, 0xF1, 0x00, 0x1F, 0xFE, 0xEF, 0xEF, 0xF0, 0xE0, 0xFE, 0xFE, 0xFE, 0xFE,  -42
    .byte   0x0E, 0x0F, 0x02, 0x22, 0x44, 0x33, 0x31, 0x11, 0x02, 0x13, 0x33, 0x23, 0xFD, 0xDC, 0xDC, 0xDF
    .byte   0x01, 0x10, 0xFE, 0xED, 0xE0, 0x12, 0x32, 0x23, 0x10, 0xFE, 0xFE, 0x10, 0x20, 0xFE, 0xFE, 0xEE
    .byte    -10, 0x00, 0x12, 0x21, 0x10, 0xEE, 0xEE, 0xFF, 0x01, 0x0F, 0xEE, 0xED, 0xEE, 0xD0, 0xE0, 0x10
    .byte   0x22, 0x24, 0x45, 0x33, 0x31, 0x12, 0x22, 0x33, 0x22, 0x1E, 0xDC, 0xCC, 0xCD, 0xFE, 0x00, 0xFE
    .byte   0xEE,  -26, 0x00, 0x33, 0x34, 0x22, 0x1F, 0xEE, 0xF1, 0x22, 0xFE, 0xED, 0xDD, 0xEE, 0x21, 0x22
    .byte   0x10, 0xFE, 0xFF, 0x01, 0x11, 0x0E, 0xED, 0xEE, 0xDE, 0xEF, 0xDD, 0xEE, 0x01, 0x34, 0x46, 0x45
    .byte   0x42, 0xF1,   63, 0x02, 0x32, 0x32, 0xED, 0xCB, 0xCB, 0xDD, 0xEE, 0xE0, 0xE0, 0xF0, 0x23, 0x44
    .byte   0x43, 0x41, 0x2F, 0xFE, 0xEE, 0xDE, 0xED, 0xDC, 0xDD, 0xD0, 0x22, 0x23, 0x22, 0x22, 0x21, 0x2F
    .byte   0xFE, 0xDD, 0xCD,  -52, 0x0D, 0xDE, 0xDD, 0xED, 0x22, 0x25, 0x56, 0x76, 0x43, 0xEE, 0xE1, 0x22
    .byte   0x2D, 0xDB, 0xBA, 0xBB, 0xD1, 0x20, 0x01, 0x13, 0x34, 0x45, 0x55, 0x42, 0xED, 0xCD, 0xCE, 0xDD
    .byte   0xCC, 0xCD, 0xCD, 0xE3,  -44, 0x04, 0x43, 0x33, 0x32, 0x32, 0x1E, 0xDC, 0xCC, 0xCC, 0xCD, 0xDD
    .byte   0xEE, 0xD1, 0x23, 0x34, 0x56, 0x76, 0x62, 0x0E, 0xDD, 0xED, 0xEC, 0xDB, 0xBA, 0xBB, 0xE3, 0x44
    .byte   0x44, 0x24, 0x44, 0x54, 0x44,  105, 0x0D, 0xBB, 0xBB, 0xCE, 0xDE, 0xDD, 0xEF, 0x23, 0x45, 0x55
    .byte   0x32, 0x1E, 0xE0, 0xED, 0xDC, 0xBB, 0xCC, 0xDE, 0x0F, 0xEE, 0xE1, 0x22, 0x34, 0x43, 0x45, 0x66
    .byte   0x62, 0xFC, 0xCC, 0xBD, 0xCD, 0xED,  -22, 0x0C, 0xCC, 0x34, 0x55, 0x44, 0x22, 0x32, 0x32, 0x2E
    .byte   0xCB, 0xBB, 0xCD, 0xF0, 0x22, 0x23, 0x33, 0x44, 0x42, 0x2F, 0xED, 0xDD, 0xDD, 0xDE, 0xFE, 0xED
    .byte   0xFE, 0xDD, 0xEF, 0x32, 0x2F, 0xCD, 0xDF,  -75, 0x03, 0x24, 0x57, 0x76, 0x3E, 0xCB, 0xBC, 0xCC
    .byte   0xEE, 0xFD, 0xCC, 0xD4, 0x55, 0x53, 0x11, 0x22, 0x2E, 0xDD, 0xDC, 0xBB, 0xCF, 0x34, 0x43, 0x23
    .byte   0x33, 0x22, 0x21, 0xFE, 0xCC, 0xDE, 0x12, 0x10,   -6, 0x0F, 0xEE, 0xDD, 0xED, 0x0E, 0x0F, 0x00
    .byte   0xFD, 0xED, 0xEE, 0x15, 0x67, 0x76, 0x3E, 0xCB, 0xAA, 0xCD, 0x12, 0x1D, 0xCE, 0x34, 0x56, 0x53
    .byte   0xED, 0xCC, 0xCE, 0x0F, 0xDC, 0xCC, 0xD3, 0x45, 0x44,   37, 0x0E, 0xDD, 0xF1, 0x22, 0xED, 0xCD
    .byte   0x02, 0x34, 0x22, 0xEC, 0xCC, 0xDE, 0x21, 0x11, 0xEE, 0xEE, 0xEE, 0xDD, 0xDD, 0x26, 0x77, 0x75
    .byte   0x3D, 0xCA, 0xAA, 0xBE, 0x33, 0x3D, 0xD2, 0x35, 0x56, 0x43,   80, 0x0B, 0xAB, 0xC1, 0x32, 0x0E
    .byte   0xEE, 0xE3, 0x45, 0x43, 0xEC, 0xCB, 0xD2, 0x23, 0x23, 0xFE, 0xF1, 0x32, 0x2E, 0xCC, 0xCD, 0xDF
    .byte   0x21, 0x32, 0x1F, 0xED, 0xDC, 0xDC, 0xD3, 0x56, 0x77, 0x64, 0x1D,   84, 0x0A, 0x9A, 0xD3, 0x44
    .byte   0x1E, 0x13, 0x34, 0x55, 0x3D, 0xBB, 0xAB, 0xE3, 0x33, 0x33, 0x0E, 0xF2, 0x23, 0x31, 0xEC, 0xCC
    .byte   0xD2, 0x34, 0x53, 0x3F, 0xDD, 0xCD, 0xDD, 0xFE, 0xEE, 0xEE, 0x12, 0x23,  -20, 0x02, 0xFC, 0xCB
    .byte   0xBE, 0x15, 0x56, 0x76, 0x64, 0xEC, 0xAA, 0xAB, 0xD4, 0x43, 0x21, 0x23, 0x24, 0x43, 0x1D, 0xBB
    .byte   0xCC, 0xE2, 0x34, 0x33, 0xFE, 0xE0, 0x22, 0x20, 0xED, 0xCC, 0xE2, 0x44, 0x54,   53, 0x0E, 0xCC
    .byte   0xBD, 0xCF, 0x01, 0x20, 0xE0, 0x12, 0x22, 0x2E, 0xDC, 0xBC, 0xCF, 0x45, 0x56, 0x76, 0x53, 0xDB
    .byte   0xAA, 0xBB, 0x23, 0x43, 0x23, 0x32, 0x24, 0x3F, 0xEC, 0xCB, 0xDE, 0x02, 0x33, 0x22,   10, 0x01
    .byte   0xFF, 0xF0, 0x0F, 0xEE, 0xE1, 0x22, 0x33, 0x22, 0xED, 0xDC, 0xDD, 0xF0, 0x10, 0xFE, 0xFF, 0x01
    .byte   0x22, 0x0E, 0xEC, 0xCC, 0xF1, 0x44, 0x55, 0x56, 0x43, 0x0D, 0xBB, 0xBC, 0xE3, 0x23, 0x32,   26
    .byte   0x00, 0x03, 0x3E, 0xEC, 0xCD, 0x0E, 0x12, 0x33, 0xFE, 0xE0, 0xF0, 0x00, 0x21, 0xEE, 0x02, 0x31
    .byte   0x12, 0x0E, 0xDD, 0xD0, 0xFD, 0xEE, 0xFF, 0xF2, 0x02, 0xEE, 0xD1, 0x10, 0xFF, 0xFD, 0xEE, 0x34
    .byte    -17, 0x04, 0x44, 0x32, 0x21, 0xED, 0xDD, 0xD0, 0x21, 0x12, 0x02, 0x12, 0x21, 0xFE, 0xDE, 0xEE
    .byte   0x01, 0x32, 0x0F, 0xEE, 0xEE, 0xE1, 0x12, 0x11, 0x22, 0x20, 0xDE, 0xDE, 0xDE, 0xF1, 0x1F, 0xE1
    .byte   0x11,  -20, 0x0E, 0xEE, 0xED, 0x02, 0x22, 0x2F, 0x0E, 0x02, 0xF1, 0x32, 0x20, 0x24, 0x33, 0x30
    .byte   0xEE, 0xED, 0xF2, 0x22, 0xFE, 0x21, 0x03, 0x21, 0xED, 0xDE, 0xE2, 0x32, 0x21, 0xEE, 0xEF, 0xFE
    .byte   0xEE, 0xEE,   -3, 0x02, 0x33, 0xFE, 0xDD, 0xDE, 0xDE, 0xF1, 0x22, 0x22, 0x0E, 0xDE, 0xED, 0x01
    .byte   0x12, 0x23, 0x22, 0x30, 0xDE, 0x11, 0xE3, 0x31, 0xF1, 0x32, 0x23, 0x0E, 0x1F, 0xEE, 0x33, 0x1E
    .byte   0xE2, 0x31, 0xEF,   33, 0x0F, 0xCD, 0x12, 0x33, 0x2E, 0xEE, 0xEC, 0xD3, 0x0F, 0x02, 0x10, 0x0E
    .byte   0xFF, 0x0D, 0xDE, 0xEE, 0x02, 0x32, 0x2F, 0xEE, 0xED, 0xEE, 0x02, 0x33, 0x12, 0x2E, 0xDF, 0x03
    .byte   0x12, 0x30, 0x0E, 0xFF,    0, 0x03, 0x0D, 0xE3, 0x01, 0x23, 0x2F, 0xEE, 0xF0, 0x31, 0x0E, 0xE0
    .byte   0x22, 0x21, 0xEE, 0xEF, 0xEE, 0x13, 0xED, 0xE3, 0x32, 0x2D, 0xDD, 0xDD, 0x34, 0xED, 0xFE, 0xF0
    .byte   0x22, 0x1E, 0xCE, 0x22, 0x22,   -7, 0x0D, 0xDF, 0x12, 0x22, 0xDE, 0x12, 0xF3, 0x40, 0xED, 0xE0
    .byte   0x22, 0x10, 0x21, 0x21, 0x22, 0x2F, 0xDE, 0x23, 0xDE, 0x23, 0x2E, 0xF2, 0x2E, 0xD0, 0x12, 0x1E
    .byte   0xF2, 0xFF, 0x22, 0x0D, 0xE0, 0xFE,    3, 0x02, 0x2D, 0xF2, 0x2F, 0x01, 0xED, 0xD0, 0x20, 0x2E
    .byte   0xDF, 0x3F, 0xDE, 0x32, 0xEE, 0xE0, 0x20, 0x03, 0x2F, 0xEE, 0x21, 0x1E, 0xE2, 0x20, 0x12, 0x32
    .byte   0xFE, 0xFD, 0x13, 0x11, 0x21, 0xEE, 0x22,   12, 0x00, 0xFE, 0xD2, 0x23, 0x12, 0xED, 0x11, 0x22
    .byte   0x2E, 0xDE, 0xE1, 0x43, 0xFD, 0xDD, 0xF2, 0x33, 0xED, 0xDF, 0x22, 0x1F, 0xEE, 0xCE, 0x33, 0x3E
    .byte   0xDE, 0xF1, 0x2E, 0xFF, 0xFE, 0x03, 0x22, 0xEE,  -11, 0x02, 0x2D, 0xEF, 0x20, 0x22, 0x22, 0x0F
    .byte   0xE1, 0x1E, 0xF1, 0x02, 0x22, 0x21, 0x0D, 0xE0, 0x22, 0x10, 0xEE, 0x02, 0x32, 0xFE, 0xED, 0x02
    .byte   0x21, 0x21, 0xDE, 0x23, 0x00, 0x2D, 0xDD, 0x13, 0x41,    9, 0x0D, 0xDE, 0x32, 0x22, 0xED, 0xE2
    .byte   0x23, 0x1D, 0xDE, 0x10, 0x12, 0x1D, 0xE2, 0x31, 0x1F, 0xEF, 0x20, 0x1F, 0x22, 0x0F, 0xE1, 0x20
    .byte   0xE1, 0x1F, 0xEE, 0x13, 0x3F, 0xEE, 0xFF, 0x31, 0xED, 0xE2,    0, 0x01, 0x02, 0x2F, 0xD0, 0x12
    .byte   0x2F, 0xDD, 0x13, 0x30, 0x2E, 0xDE, 0x03, 0x11, 0xFE, 0xE0, 0x23, 0x20, 0xDD, 0x02, 0x3F, 0xDD
    .byte   0x33, 0xDE, 0x10, 0xE2, 0x22, 0xED, 0x12, 0x2E, 0x2E, 0xE0, 0x03,    2, 0x0E, 0x1E, 0x0E, 0xE3
    .byte   0x4E, 0xDE, 0x13, 0x21, 0xCF, 0x22, 0x3E, 0xED, 0xFF, 0x34, 0x0D, 0xDD, 0xE4, 0x42, 0xCC, 0xE4
    .byte   0x12, 0x3F, 0xCD, 0x13, 0x32, 0x3B, 0xB4, 0x52, 0xDE, 0x2E, 0xB2, 0x55,   16, 0x0A, 0xD5, 0x4C
    .byte   0x24, 0xCC, 0x03, 0x33, 0xDC, 0x24, 0x0C, 0x23, 0x5E, 0x9C, 0x75, 0x92, 0x5E, 0xDD, 0xE5, 0x3C
    .byte   0xBB, 0x67, 0x9C, 0x71, 0x9F, 0x65, 0xC9, 0x02, 0x71, 0x93, 0x7C, 0x92, 0x74,   25, 0x0A, 0xB6
    .byte   0x5C, 0xB4, 0x5A, 0xC1, 0x75, 0xA9, 0x17, 0x4B, 0xC3, 0x23, 0xBC, 0x76, 0x89, 0x75, 0xDF, 0xCD
    .byte   0x53, 0xB4, 0x3E, 0xDC, 0xE6, 0x39, 0x24, 0x20, 0xE0, 0x33, 0xA4, 0x4C, 0x32, 0xCE,   -1, 0x03
    .byte   0x3D, 0xEC, 0x32, 0xC4, 0x6D, 0x8F, 0x76, 0x8D, 0x53, 0xDD, 0x34, 0xFE, 0xA2, 0x64, 0xC9, 0x37
    .byte   0xCA, 0x64, 0xAE, 0x5F, 0xC4, 0x2A, 0x06, 0x4A, 0xE5, 0xFC, 0xF3, 0x33, 0x84, 0x70, 0xAF,    4
    .byte   0x0D, 0x33, 0xED, 0xD3, 0x2B, 0x55, 0xBA, 0x55, 0xDD, 0x12, 0xB4, 0x4C, 0xE3, 0xEE, 0x4D, 0xD4
    .byte   0x2C, 0xE2, 0x35, 0xAC, 0x53, 0xEF, 0xC4, 0xDD, 0x52, 0xCD, 0x20, 0x32, 0xCF, 0x32, 0xCE, 0x62
    .byte    -17, 0x0E, 0x50, 0xD3, 0xE0, 0x1D, 0x34, 0xB3, 0x3C, 0x03, 0x2C, 0xF4, 0xE0, 0x0C, 0x42, 0xEF
    .byte   0xD2, 0x21, 0x0D, 0x34, 0xBD, 0x54, 0xBC, 0x41, 0xE4, 0xCC, 0x53, 0xCD, 0x34, 0x3A, 0xD5, 0x3B
    .byte   0x33,    7, 0x0D, 0xD4, 0x1E, 0xC4, 0x1E, 0xE1, 0x4C, 0x13, 0xD1, 0x4C, 0xC4, 0x04, 0xCE, 0x4E
    .byte   0xC2, 0x4E, 0xDD, 0x33, 0xC3, 0x3F, 0xDE, 0x3E, 0x21, 0xD1, 0x3D, 0xD5, 0xDC, 0x44, 0xBE, 0x33
    .byte   0x1B, 0x15,   13, 0x0B, 0x34, 0xC1, 0x3D, 0xE2, 0x3D, 0xE2, 0x12, 0x0F, 0xE2, 0xE0, 0xD5, 0x2A
    .byte   0x25, 0xEC, 0x33, 0xC3, 0x3B, 0x52, 0xCC, 0x44, 0xCE, 0xF4, 0xDD, 0x33, 0xED, 0xE1, 0x32, 0xEC
    .byte   0x33, 0xFE, 0xD4,   18, 0x0C, 0xB5, 0x4C, 0xD3, 0xD0, 0x41, 0xCD, 0x43, 0xEC, 0x31, 0x10, 0xD4
    .byte   0x2C, 0x03, 0xD2, 0x3C, 0x22, 0xE0, 0x32, 0xB3, 0x4E, 0xC3, 0x3E, 0xE0, 0x1C, 0x51, 0xA4, 0x6C
    .byte   0xA4, 0x5D, 0xC2, 0xE3,    7, 0x0D, 0xE4, 0xEC, 0x24, 0x1C, 0x1F, 0x3F, 0xFF, 0xE3, 0xCE, 0x53
    .byte   0xBB, 0x54, 0xEC, 0x32, 0xDF, 0x42, 0xCF, 0xE3, 0x3D, 0xE1, 0xFE, 0x3D, 0x31, 0xC3, 0x5B, 0xC5
    .byte   0x3B, 0xD6, 0x0A, 0x16, 0x49,  -31, 0x06, 0x5C, 0xAE, 0x64, 0xAC, 0x60, 0xCE, 0x33, 0x3B, 0xB6
    .byte   0x5A, 0xD4, 0x3D, 0x12, 0xD4, 0x1A, 0x36, 0xDB, 0x24, 0xFD, 0x22, 0xEE, 0xD4, 0x2C, 0x21, 0x22
    .byte   0xDF, 0x33, 0xBE, 0x51, 0xDD, 0x23,    8, 0x0D, 0x2E, 0xFF, 0xE5, 0xCB, 0x45, 0xCF, 0xED, 0x5F
    .byte   0xB3, 0x4C, 0xE3, 0xE3, 0x2C, 0xE4, 0x0D, 0xE3, 0x2D, 0xE3, 0x11, 0xFD, 0x13, 0xFE, 0x2F, 0xD2
    .byte   0x3E, 0xF2, 0xEC, 0x44, 0xCC, 0x33, 0xFF,    2, 0x0E, 0x13, 0xDE, 0x31, 0xDE, 0x34, 0xCC, 0x33
    .byte   0x1D, 0x31, 0xC1, 0x5F, 0xB3, 0xF2, 0x3C, 0xF4, 0xEB, 0x53, 0xCC, 0x44, 0xC2, 0x2D, 0xE1, 0x4D
    .byte   0x1D, 0xF4, 0x1C, 0x13, 0x1E, 0xC2, 0x6C, 0xBF,    9, 0x03, 0xCD, 0x22, 0xD3, 0x4B, 0x3F, 0xC4
    .byte   0x6A, 0xA6, 0x4C, 0xD4, 0xDD, 0x32, 0xE2, 0x1D, 0x03, 0x2C, 0x05, 0xEB, 0x15, 0x0B, 0x30, 0x03
    .byte   0xDE, 0x42, 0xBD, 0x61, 0xB0, 0x3E, 0x3E, 0xD4, 0x1C,   -9, 0x05, 0xDC, 0x3E, 0x4E, 0xB3, 0x5D
    .byte   0xC0, 0x4E, 0xD3, 0xC2, 0x5B, 0xE5, 0xDC, 0x34, 0xC0, 0x2F, 0xE0, 0x4D, 0xC3, 0x2E, 0x42, 0xA3
    .byte   0x42, 0xD2, 0x2C, 0x24, 0xD0, 0x3B, 0xD6, 0xFB, 0x24, 0xB2,   18, 0x0D, 0xDE, 0x11, 0x4D, 0xC1
    .byte   0x43, 0xB1, 0x4F, 0xC3, 0x3C, 0x23, 0xDF, 0x3E, 0xE2, 0x2F, 0x2D, 0xE3, 0x12, 0xC2, 0x3E, 0x2D
    .byte   0xF4, 0xEC, 0x14, 0xEC, 0x15, 0xFC, 0xC4, 0x4D, 0xD1, 0x22, 0xFD,    6, 0x03, 0xBE, 0x44, 0xCC
    .byte   0x32, 0x03, 0xDD, 0x40, 0xB5, 0x4A, 0xD6, 0x3B, 0xE3, 0xD4, 0x1B, 0x44, 0xBD, 0x53, 0xBD, 0x43
    .byte   0x2D, 0xB4, 0x5C, 0xD3, 0x2D, 0xD4, 0x2D, 0x1D, 0x05, 0xDB, 0x44, 0xB0,    2, 0x01, 0x1E, 0xC4
    .byte   0x5C, 0xB3, 0x4D, 0x2E, 0xD3, 0x3C, 0x14, 0x1B, 0x25, 0xDC, 0xE4, 0x2E, 0xD3, 0x1D, 0x03, 0x3D
    .byte   0xC0, 0x43, 0xDD, 0x23, 0xEF, 0xE1, 0x2E, 0xE3, 0x2C, 0xE4, 0x2F, 0xDD, 0x34,    5, 0x0C, 0x33
    .byte   0xDF, 0x21, 0x2D, 0xE3, 0x3D, 0xD3, 0x2D, 0xF2, 0x12, 0xED, 0x23, 0xED, 0x32, 0xE0, 0xFE, 0x3F
    .byte   0xD3, 0x1D, 0x12, 0xF0, 0x2D, 0x13, 0xEE, 0x2E, 0xE3, 0xFE, 0x21, 0xEF, 0x22, 0xFE,   -3, 0x0F
    .byte   0x30, 0xD0, 0x22, 0xEE, 0x12, 0x2E, 0xE1, 0x2E, 0xF2, 0x2E, 0xEE, 0x23, 0xFD, 0xF3, 0x1D, 0x02
    .byte   0x2D, 0x12, 0x2E, 0xEF, 0x32, 0xDE, 0x22, 0xEF, 0x02, 0x1E, 0xF2, 0x1E, 0xE2, 0x2F, 0xE0,    3
    .byte   0x00, 0xE0, 0x02, 0xEF, 0x12, 0xEE, 0x03, 0xFE, 0xF1, 0x2E, 0xF0, 0x2F, 0xF0, 0x11, 0xE1, 0x20
    .byte   0xEF, 0xF2, 0x00, 0xE1, 0x10, 0x2F, 0xEF, 0x22, 0xEF, 0xE1, 0x20, 0xFF, 0x00, 0x12, 0xFE, 0xE2
    .byte      3, 0x0F, 0xEF, 0x12, 0x0F, 0xF0, 0xF0, 0x20, 0xEF, 0x01, 0x2F, 0xE0, 0x20, 0x0E, 0x01, 0x11
    .byte   0x0F, 0x0F, 0x01, 0x0F, 0xF2, 0xFF, 0xF0, 0x01, 0x1E, 0x11, 0x10, 0x1F, 0xF1, 0xF1, 0x00, 0xF1
    .byte   0x11,    0, 0x00, 0x01, 0x00, 0x00, 0x01, 0xE1, 0x11, 0xF0, 0x11, 0x0F, 0x01, 0x0F, 0x01, 0x1F
    .byte   0x11, 0x0E, 0x01, 0x10, 0xE0, 0x11, 0x0E, 0x00, 0x0F, 0xFF, 0x1E, 0x01, 0x0F, 0x0F, 0x11, 0x0E
    .byte   0x21, 0x0F,   -7, 0x01, 0x02, 0x10, 0x12, 0x12, 0x22, 0xF2, 0x21, 0x11, 0x11, 0x10, 0xE0, 0xFE
    .byte   0x1E, 0xEE, 0xFE, 0x0E, 0xEF, 0xFF, 0xEF, 0xFF, 0x0F, 0xF0, 0xE0, 0xFF, 0xFE, 0xEF, 0x0F, 0xEF
    .byte   0xFF, 0x0E, 0x01,  -40, 0x0F, 0x33, 0x31, 0x33, 0x43, 0x22, 0x23, 0x21, 0x20, 0xE1, 0xFF, 0xDD
    .byte   0xDE, 0xED, 0xCE, 0xFE, 0xEE, 0xF1, 0x22, 0x12, 0x22, 0x31, 0x21, 0x02, 0x00, 0xFE, 0xFE, 0xFE
    .byte   0xEE, 0xEE, 0xFE, 0xEE,  -27, 0x00, 0x1F, 0xEF, 0x02, 0xFF, 0xEF, 0xF0, 0xE0, 0x1F, 0x23, 0x32
    .byte   0x23, 0x43, 0x21, 0x33, 0x21, 0x21, 0xF0, 0x0E, 0xED, 0xDE, 0xED, 0xDD, 0xDF, 0xEE, 0x00, 0x02
    .byte   0x22, 0x22, 0x23, 0x22, 0xF1,   21, 0x01, 0x0E, 0x0E, 0xEF, 0xEE, 0xD0, 0xEF, 0xEE, 0xF0, 0x00
    .byte   0x00, 0x11, 0x01, 0x0E, 0xF0, 0xEE, 0xEF, 0xEF, 0xF2, 0x33, 0x03, 0x33, 0x4F, 0x23, 0x32, 0x22
    .byte   0x10, 0x0F, 0x1D, 0xDD, 0xD0, 0xDC,  -12, 0x0E, 0xEF, 0xEE, 0x02, 0x22, 0x22, 0x13, 0x32, 0x2F
    .byte   0x22, 0x11, 0xEE, 0xFE, 0xEE, 0xEE, 0xEE, 0xFE, 0xEE, 0x11, 0x0F, 0x01, 0x21, 0x0F, 0xF1, 0xFF
    .byte   0xEE, 0xEE, 0xFF, 0xEE, 0x13, 0x32, 0x13,   -2, 0x04, 0x22, 0x33, 0x23, 0x12, 0x2E, 0xF0, 0xFD
    .byte   0xDD, 0xED, 0xDD, 0xDE, 0xEE, 0x0E, 0x1F, 0x23, 0x02, 0x22, 0x32, 0x21, 0x22, 0xF0, 0xFF, 0xEE
    .byte   0xEF, 0xED, 0x0E, 0x0E, 0xEF, 0xF0, 0x00, 0xF0,  -18, 0x01, 0x10, 0xFF, 0x0F, 0xEF, 0xEE, 0xEF
    .byte   0xEF, 0x11, 0x33, 0x03, 0x32, 0x40, 0x33, 0x23, 0x22, 0x20, 0xE1, 0xFE, 0xDD, 0xDF, 0xDD, 0xDD
    .byte   0xFE, 0xE0, 0xFF, 0x12, 0x22, 0x12, 0x32, 0x22, 0x02,   21, 0x01, 0x0E, 0xFE, 0xFE, 0xEE, 0xEF
    .byte   0xEF, 0xFE, 0xFF, 0xF0, 0x0F, 0x00, 0x2F, 0xFF, 0x0F, 0xFF, 0xEE, 0xFE, 0xFE, 0xF0, 0x12, 0x32
    .byte   0x23, 0x24, 0x31, 0x32, 0x23, 0x22, 0x2F, 0xE1, 0xFE, 0xDD,   25, 0x0E, 0xDD, 0xEE, 0xDE, 0xF0
    .byte   0xFF, 0x02, 0x21, 0x22, 0x23, 0x12, 0x02, 0x10, 0x00, 0xEF, 0xEE, 0x0E, 0xEE, 0x0E, 0x0F, 0xE0
    .byte   0xF0, 0xF0, 0x0F, 0x01, 0x10, 0xEF, 0x0E, 0x0E, 0xFE, 0xE1, 0x0E,  -38, 0x01, 0x14, 0x12, 0x3F
    .byte   0x43, 0x03, 0x22, 0x32, 0x22, 0xE1, 0xFF, 0xEE, 0xDD, 0xEE, 0xDE, 0xED, 0xEF, 0xFF, 0x0E, 0x22
    .byte   0x12, 0x12, 0x22, 0x12, 0x11, 0x10, 0x1F, 0xE0, 0xEF, 0xFE, 0xFE, 0xFF,   -9, 0x0F, 0x0E, 0xFF
    .byte   0xF0, 0x0F, 0xF0, 0x0F, 0x0E, 0x00, 0xEF, 0x0E, 0x0E, 0x11, 0x01, 0x13, 0x31, 0x22, 0x33, 0x23
    .byte   0x22, 0x23, 0x22, 0x1F, 0x1F, 0xFE, 0xED, 0xED, 0xEE, 0xDE, 0xDF, 0xF0, 0xEE,  -17, 0x00, 0x21
    .byte   0x02, 0x02, 0x12, 0x21, 0x10, 0x2F, 0xFF, 0xF0, 0xE0, 0xFE, 0x0E, 0xF1, 0xFE, 0x0E, 0x0F, 0xFF
    .byte   0x0F, 0x0F, 0x0F, 0xFF, 0xF0, 0xFF, 0xF0, 0x1F, 0xF1, 0xF1, 0x12, 0x32, 0x12, 0x23,   14, 0x02
    .byte   0x31, 0x22, 0x23, 0x1F, 0x01, 0x0F, 0xEE, 0xDE, 0xEE, 0xED, 0xEE, 0xE0, 0xE0, 0xEF, 0x10, 0x11
    .byte   0x11, 0x12, 0x21, 0x01, 0x11, 0x01, 0x0F, 0xFF, 0xF0, 0xEF, 0xFF, 0xFF, 0x0E, 0x0F, 0xFF,  -17
    .byte   0x0F, 0xF0, 0xFF, 0x00, 0x0F, 0xF0, 0xF1, 0x00, 0x10, 0x11, 0x11, 0x01, 0x22, 0x21, 0x20, 0x32
    .byte   0x13, 0xF2, 0x21, 0x31, 0x1F, 0x10, 0x10, 0xEF, 0xDE, 0xFE, 0xFD, 0xEF, 0xE0, 0xEE, 0xEF, 0xF2
    .byte    -10, 0x0F, 0x01, 0x12, 0x10, 0x10, 0x11, 0x02, 0xEF, 0x00, 0x1F, 0xF0, 0xEF, 0x00, 0x0F, 0xEF
    .byte   0x1F, 0xF1, 0xE2, 0xFE, 0x2F, 0xE2, 0xFD, 0x4C, 0x14, 0xC3, 0x2C, 0x40, 0xD4, 0xDF, 0x4C, 0x42
    .byte   0xD3,    6, 0x0E, 0x4E, 0x03, 0xEF, 0x30, 0x22, 0xE0, 0x2E, 0x2F, 0xEF, 0xEE, 0x1F, 0xEE, 0xD2
    .byte   0xE0, 0x1D, 0x11, 0xE2, 0xFF, 0x0E, 0x03, 0xFE, 0x1F, 0xF2, 0xE1, 0x1D, 0x2F, 0x12, 0xD0, 0x2D
    .byte   0x22, 0xD3,  -16, 0x0F, 0x12, 0xE1, 0x1E, 0x3D, 0x13, 0xD2, 0x3C, 0x32, 0xD3, 0xFE, 0x20, 0xF3
    .byte   0xED, 0x4E, 0x03, 0xD3, 0x0D, 0x4E, 0x02, 0xE1, 0x20, 0x12, 0xE2, 0xFE, 0x3E, 0xE2, 0xFE, 0x2E
    .byte   0xE1, 0x0E, 0x1F,    7, 0x02, 0xEF, 0xF0, 0x1D, 0x3E, 0xF0, 0xD3, 0xEF, 0x1E, 0x2D, 0x21, 0xE2
    .byte   0x1C, 0x4E, 0xD4, 0xC3, 0xFF, 0xE3, 0xEE, 0x2E, 0x2E, 0x30, 0xD3, 0xD3, 0xE3, 0xED, 0x4B, 0x50
    .byte   0xC5, 0xB3, 0x3C, 0x5D,  -15, 0x05, 0xC2, 0x5A, 0x43, 0xB4, 0x4B, 0x5E, 0xA7, 0xB1, 0x5A, 0x34
    .byte   0xC3, 0x3C, 0x22, 0xC4, 0x2C, 0x30, 0xC5, 0xC3, 0x1C, 0x3E, 0x21, 0x1D, 0x2E, 0x21, 0x01, 0xD2
    .byte   0xE2, 0x2D, 0x3C, 0x31, 0xE3,   -8, 0x02, 0xD4, 0xC3, 0x3B, 0x5C, 0xF4, 0xCF, 0x5B, 0x15, 0xA5
    .byte   0x2B, 0x5D, 0xC5, 0xDF, 0x21, 0xD2, 0x3C, 0x4D, 0xE4, 0xC4, 0xEE, 0xE2, 0xE1, 0x4B, 0x4E, 0xE4
    .byte   0xD2, 0xEF, 0xE3, 0xD1, 0x3C, 0x32,   -9, 0x05, 0xDC, 0x5A, 0x53, 0xA6, 0xCD, 0x5C, 0x03, 0xFC
    .byte   0x5C, 0xD5, 0xB3, 0x3C, 0x32, 0xC4, 0xFC, 0x5C, 0x14, 0xB4, 0xFE, 0xE3, 0xD2, 0x2E, 0x2E, 0x2D
    .byte   0x3D, 0x21, 0xD4, 0xDF, 0x3D, 0x3E, 0x01,   -4, 0x02, 0xFF, 0x3D, 0xE3, 0xD3, 0x2D, 0x3D, 0x03
    .byte   0xC4, 0xDE, 0x3D, 0x32, 0xD3, 0xD2, 0x0D, 0x4C, 0x22, 0xD4, 0xDE, 0x3C, 0x4F, 0xD4, 0xC3, 0xEE
    .byte   0x3D, 0x3E, 0xD4, 0xC4, 0xDE, 0x3C, 0x32, 0xE3,    1, 0x0D, 0x4C, 0x31, 0xE2, 0xE2, 0xD3, 0x2D
    .byte   0x3D, 0x22, 0xE0, 0xFF, 0xE2, 0x20, 0x10, 0xEF, 0x3C, 0x4F, 0xC4, 0xC3, 0x3D, 0x20, 0xD3, 0x1D
    .byte   0x4C, 0xF3, 0xE1, 0x3C, 0x31, 0xD3, 0xFF, 0xFF, 0xE2,    4, 0x0E, 0x3C, 0x31, 0xD4, 0xC2, 0x3B
    .byte   0x5D, 0xE3, 0xED, 0x32, 0xC5, 0xCE, 0x4C, 0x31, 0xEE, 0x3D, 0x22, 0xD4, 0xDD, 0x4C, 0x33, 0xC3
    .byte   0x1D, 0x3F, 0xFF, 0x2E, 0x02, 0xE1, 0x0E, 0x12, 0xD3, 0x0D,    6, 0x0E, 0xD4, 0xDF, 0x3D, 0xF3
    .byte   0xED, 0x31, 0xC5, 0xDC, 0x5D, 0xC5, 0xCE, 0x4C, 0x23, 0xC3, 0x3C, 0x32, 0xC4, 0xEE, 0x02, 0xD3
    .byte   0x1E, 0x3D, 0x11, 0xE3, 0xFD, 0x3D, 0x21, 0x01, 0xE2, 0xE2, 0x1E,   -1, 0x02, 0xD2, 0x2E, 0xF2
    .byte   0xE1, 0x3C, 0x32, 0xC4, 0x1C, 0x4E, 0xD4, 0xDE, 0x4C, 0x22, 0xEF, 0x2F, 0xE3, 0xD1, 0x2F, 0xE3
    .byte   0xD3, 0x1C, 0x4D, 0x22, 0xD2, 0x2D, 0x3E, 0xF2, 0xD3, 0xD3, 0x1C, 0x4E,   -8, 0x04, 0xC3, 0x2D
    .byte   0x3D, 0x3D, 0x22, 0xD3, 0xFD, 0x4C, 0x3E, 0xE4, 0xB5, 0xC1, 0x3D, 0x22, 0xE1, 0xE2, 0x2C, 0x5B
    .byte   0x32, 0xD4, 0xB5, 0xC2, 0x3C, 0x4D, 0x11, 0x2D, 0x3E, 0x1F, 0x02, 0xD4, 0xC3,   10, 0x0B, 0x5C
    .byte   0x13, 0xEF, 0x2E, 0x10, 0x02, 0xC5, 0xB3, 0x3C, 0x4E, 0xE1, 0x2D, 0x3E, 0x10, 0x01, 0xF2, 0xD3
    .byte   0xE1, 0x1E, 0x12, 0xD3, 0xFE, 0x2F, 0x0F, 0x1F, 0x0F, 0x2E, 0x2E, 0x11, 0xE2, 0x0F,    0, 0x01
    .byte   0xF1, 0xFF, 0x10, 0x00, 0xF1, 0x00, 0x1F, 0x00, 0x1F, 0x1F, 0x01, 0x0F, 0x00, 0x00, 0x00, 0x00
    .byte   0x01, 0xF1, 0x0F, 0x1F, 0xF1, 0x00, 0x00, 0x00, 0x00, 0x1F, 0x1F, 0x00, 0x0F, 0x10, 0x00,    0
    .byte   0x00, 0xF1, 0x00, 0x1F, 0x10, 0xF0, 0x00, 0x10, 0xF0, 0x01, 0xF0, 0x00, 0x00, 0x01, 0xFF, 0x10
    .byte   0x00, 0xF1, 0x00, 0x00, 0x00, 0x00, 0x00, 0x00, 0x1F, 0x00, 0x00, 0x1F, 0x00, 0xF1, 0x00, 0x00
    .byte      0, 0x00, 0xF1, 0x0F, 0x10, 0xF0, 0x01, 0x0F, 0x10, 0x00, 0xF1, 0xF1, 0x00, 0x00, 0xF0, 0x1F
    .byte   0x1F, 0x10, 0x0F, 0x10, 0x01, 0xF0, 0x00, 0x00, 0x00, 0x00, 0x00, 0x1F, 0x00, 0x0F, 0x10, 0x00
    .byte   0x00,    0, 0x00, 0xF1, 0x00, 0x0F, 0x10, 0x00, 0x00, 0x00, 0x01, 0x0F, 0x00, 0x1F, 0x00, 0x1F
    .byte   0x00, 0x01, 0xF0, 0x00, 0x0F, 0x1F, 0x10, 0x0F, 0x10, 0x00, 0x00, 0x01, 0xF0, 0x00, 0xF1, 0x00
    .byte   0xF1, 0x00,    1, 0x0F, 0x00, 0x01, 0xF1, 0x00, 0xF0, 0x00, 0x01, 0xF1, 0xF1, 0x00, 0xF0, 0x00
    .byte   0xF1, 0x1F, 0x00, 0x00, 0x00, 0x00, 0x00, 0x00, 0x00, 0x0F, 0x10, 0x00, 0x1F, 0x1F, 0x00, 0x1F
    .byte   0x1F, 0x00, 0x0F,    0, 0x00, 0x0F, 0x10, 0x00, 0x00, 0x00, 0x00, 0xF1, 0xF0, 0x01, 0x0F, 0x10
    .byte   0x00, 0x00, 0x0F, 0x10, 0x1F, 0x01, 0xF0, 0x00, 0x00, 0x1F, 0xF0, 0x10, 0x00, 0xF1, 0xF1, 0xF1
    .byte   0x1F, 0x0F, 0x01, 0x00,    0, 0x00, 0x00, 0x01, 0xF0, 0x0F, 0x10, 0x0F, 0x10, 0x00, 0x1F, 0x1F
    .byte   0x00, 0x00, 0x1F, 0x01, 0xF0, 0x00, 0x00, 0x00, 0x00, 0x00, 0x00, 0x0F, 0x01, 0x01, 0xF0, 0x00
    .byte   0x00, 0x1F, 0xF1, 0xF1, 0x00,    0, 0x00, 0x1F, 0x1F, 0xF1, 0x00, 0x00, 0x00, 0x1F, 0x00, 0x00
    .byte   0x00, 0x1F, 0x0F, 0x1F, 0x10, 0x01, 0xF0, 0x1F, 0x00, 0x00, 0xF1, 0x00, 0xF1, 0x00, 0xF1, 0x00
    .byte   0x00, 0xF0, 0x10, 0xF1, 0x00, 0x0F,    0, 0x01, 0xF0, 0x00, 0x00, 0x00, 0x00, 0xF1, 0xF1, 0x00
    .byte   0x00, 0x00, 0x00, 0x1F, 0xF1, 0x00, 0x0F, 0x10, 0x00, 0x0F, 0x1F, 0x10, 0x00, 0x10, 0xFF, 0x01
    .byte   0x00, 0xF1, 0x00, 0xF1, 0xF0, 0x01, 0x00,    0, 0x00, 0x00, 0xF1, 0x00, 0x01, 0xF1, 0xF1, 0xF0
    .byte   0x01, 0x0F, 0x00, 0x0F, 0x10, 0x0F, 0x10, 0x02, 0x21, 0xF6, 0xC8, 0x17, 0xBC, 0x45, 0xDC, 0x53
    .byte   0xAC, 0x6E, 0xB3, 0x5E, 0xD2, 0x52, 0xA3, 0x4B,  -16, 0x05, 0xDD, 0x21, 0x4C, 0xC5, 0x1B, 0x43
    .byte   0xCE, 0x14, 0xD0, 0x4D, 0xD4, 0xEF, 0xD3, 0x3A, 0x36, 0xAD, 0x6C, 0xB6, 0x3B, 0xF5, 0xBE, 0x6B
    .byte   0xF4, 0xCE, 0x33, 0xD2, 0xCE, 0x4F, 0xD4, 0xEB, 0x53,   -6, 0x02, 0x5B, 0xC4, 0x12, 0xF3, 0xCD
    .byte   0x50, 0xC3, 0x3C, 0xE3, 0x3C, 0x3D, 0xF1, 0x42, 0xA5, 0x1D, 0x23, 0x1D, 0xD3, 0x32, 0xDE, 0x1C
    .byte   0x44, 0xCE, 0x2C, 0x13, 0x5D, 0xA5, 0xEB, 0x71, 0xBF, 0x31,  -19, 0x06, 0x3A, 0x32, 0xC4, 0x4C
    .byte   0xD0, 0x3D, 0x34, 0xBE, 0x3E, 0xD5, 0x3A, 0x25, 0xC1, 0x4D, 0xC4, 0x1D, 0xF3, 0xFC, 0x34, 0xDD
    .byte   0x3E, 0xD3, 0x3C, 0x23, 0xCF, 0x5D, 0xC4, 0xED, 0x33, 0xDD, 0x22,   -5, 0x02, 0x3C, 0x23, 0xEE
    .byte   0xF3, 0xEE, 0x22, 0xEE, 0xF3, 0xF1, 0xED, 0x03, 0x1E, 0x2E, 0xD3, 0x12, 0x2F, 0xDE, 0x3E, 0x32
    .byte   0xDD, 0xF2, 0x30, 0x1E, 0xD0, 0x10, 0x41, 0xDC, 0x22, 0x42, 0xED, 0xDE,   -1, 0x03, 0x3E, 0xCC
    .byte   0x23, 0x32, 0x0C, 0xD3, 0x34, 0x1D, 0xCE, 0x24, 0x3D, 0xEC, 0xE4, 0x4E, 0xFD, 0xCE, 0x43, 0x1F
    .byte   0xDD, 0x13, 0x30, 0xFD, 0xC3, 0x33, 0xFF, 0xDE, 0x32, 0x02, 0xFC, 0xD3, 0x31,    2, 0x0E, 0xEF
    .byte   0x22, 0x23, 0xDC, 0x12, 0x32, 0xFF, 0xDE, 0x23, 0x30, 0xDC, 0xF1, 0x32, 0x2F, 0xED, 0xE2, 0x32
    .byte   0x2E, 0xDE, 0x12, 0x33, 0xDD, 0xE0, 0x23, 0x1E, 0xEE, 0xE2, 0x31, 0xFE, 0xEE, 0xF3,    7, 0x02
    .byte   0xFD, 0xD0, 0x23, 0x3E, 0xDD, 0xE1, 0x33, 0xFE, 0xDE, 0x23, 0x2F, 0xEE, 0xE1, 0x32, 0x2D, 0xEF
    .byte   0x02, 0x22, 0xED, 0xE1, 0x22, 0x2F, 0xFE, 0xE0, 0x21, 0x21, 0xFE, 0xFF, 0x02, 0x2F, 0xEE,   -5
    .byte   0x00, 0x12, 0x2E, 0xE0, 0x11, 0x21, 0x0E, 0xF0, 0x01, 0x10, 0x01, 0x1F, 0xF0, 0x1F, 0x11, 0x00
    .byte   0xE0, 0x11, 0x10, 0xFF, 0xFF, 0x01, 0x21, 0xEF, 0x00, 0x21, 0x0F, 0xEF, 0xF2, 0x21, 0xFF, 0xEF
    .byte     -1, 0x01, 0x11, 0xEE, 0xF0, 0x22, 0x0F, 0xF1, 0x00, 0x20, 0x0E, 0x0E, 0x11, 0x21, 0x1F, 0xEE
    .byte   0x12, 0x12, 0xEE, 0xFF, 0x12, 0x21, 0x0E, 0xFF, 0x01, 0x01, 0x00, 0x00, 0x11, 0xFF, 0x0F, 0xFF
    .byte   0x11,    3, 0x01, 0xEF, 0xF0, 0x10, 0x21, 0xF0, 0xEF, 0xF0, 0x2F, 0xFF, 0xFF, 0x01, 0x12, 0x00
    .byte   0xEF, 0x01, 0x02, 0x11, 0x0E, 0x0F, 0xFF, 0x00, 0x00, 0x00, 0x11, 0x01, 0x01, 0x00, 0x10, 0x01
    .byte   0x00, 0x0F,    3, 0x00, 0xE0, 0xF2, 0xFF, 0x00, 0x10, 0xF1, 0xF0, 0x0F, 0x11, 0x11, 0x10, 0xF0
    .byte   0xEF, 0x0F, 0x11, 0x11, 0x0F, 0xFF, 0xF0, 0x11, 0x0F, 0x0F, 0x01, 0x11, 0x0F, 0xFF, 0x00, 0xF0
    .byte   0x20, 0x00, 0xFF,   -4, 0x01, 0x11, 0x02, 0xFF, 0xFF, 0x00, 0x02, 0x00, 0x10, 0xF1, 0xF1, 0x01
    .byte   0x01, 0x10, 0xFF, 0x00, 0x11, 0x10, 0x11, 0xF0, 0xE0, 0xFF, 0x1F, 0x0F, 0x0E, 0x0F, 0xFF, 0x0E
    .byte   0x0F, 0xFF, 0x0E, 0xFF,  -22, 0x0F, 0xEF, 0xFF, 0x2F, 0x20, 0x11, 0x11, 0x12, 0x21, 0x22, 0x23
    .byte   0x12, 0x32, 0x23, 0x02, 0xF0, 0xE0, 0xEF, 0xF0, 0xEF, 0xFE, 0xEE, 0xEE, 0x0E, 0xFF, 0xFF, 0xFF
    .byte   0x0E, 0x00, 0xE0, 0xFE, 0x0F,  -17, 0x0E, 0x0E, 0x0E, 0xEF, 0xEF, 0xFF, 0xFF, 0x01, 0x01, 0x11
    .byte   0x00, 0x00, 0x21, 0x22, 0x33, 0x43, 0x43, 0x33, 0x22, 0x0E, 0xEE, 0xEE, 0xFF, 0x0E, 0x0D, 0xDD
    .byte   0xDC, 0xDE, 0xE0, 0x22, 0x32, 0x31,    4, 0x00, 0x0F, 0x01, 0x12, 0x21, 0x1F, 0xEE, 0xDE, 0xEE
    .byte   0xE0, 0x02, 0x21, 0x1F, 0xFF, 0xEE, 0x0E, 0x01, 0x00, 0xFF, 0xEE, 0xEE, 0xDF, 0xFF, 0x13, 0x23
    .byte   0x44, 0x34, 0x43, 0x33, 0xFF, 0xEE, 0xEE,   48, 0x0E, 0xFF, 0xE0, 0xDE, 0xDD, 0xDC, 0xED, 0xF1
    .byte   0x22, 0x32, 0x23, 0x11, 0x11, 0x00, 0x11, 0x11, 0x10, 0xFF, 0xFE, 0xEE, 0xEF, 0xEF, 0x00, 0x02
    .byte   0x01, 0x11, 0x0E, 0xEE, 0xEE, 0xEE, 0xFF, 0xF1,  -36, 0x0F, 0x0E, 0x00, 0x02, 0x23, 0x33, 0x44
    .byte   0x33, 0x32, 0x21, 0x0E, 0xEF, 0xEE, 0xFE, 0xEE, 0xEE, 0xDD, 0xED, 0xED, 0xFE, 0x00, 0x21, 0x22
    .byte   0x31, 0x22, 0x01, 0x0F, 0x00, 0x00, 0x11, 0x0F, 0x1F,    5, 0x0E, 0xFE, 0xFE, 0xFF, 0x10, 0x11
    .byte   0x01, 0x0E, 0x0E, 0xEF, 0xEE, 0xFE, 0xFF, 0xFF, 0x0F, 0xF0, 0x02, 0x12, 0x33, 0x33, 0x43, 0x23
    .byte   0x22, 0x10, 0xFE, 0xE0, 0xEF, 0xEF, 0xFE, 0xEE, 0xDF, 0xEE,   -2, 0x0E, 0xE0, 0xF1, 0x10, 0x20
    .byte   0x21, 0x00, 0x0F, 0xFF, 0x00, 0x01, 0x11, 0x11, 0x0F, 0xFF, 0x0E, 0x00, 0xF0, 0x01, 0xF1, 0xFF
    .byte   0xFE, 0x0E, 0xEE, 0x0E, 0x0E, 0x0F, 0xFF, 0xF1, 0x00, 0x02, 0x22,  -17, 0x03, 0x32, 0x33, 0x32
    .byte   0x22, 0x11, 0xF0, 0xE0, 0xFF, 0xEF, 0x0E, 0xEF, 0xEE, 0xFE, 0xEE, 0xFE, 0xFF, 0xF0, 0x00, 0x00
    .byte   0x0F, 0x0F, 0xFF, 0x00, 0x00, 0x10, 0x02, 0x00, 0x1F, 0x01, 0xF0, 0x1F,   -4, 0x00, 0xFF, 0xFF
    .byte   0xFE, 0xFF, 0xEF, 0xEF, 0xEF, 0x0E, 0x00, 0xF0, 0x11, 0x02, 0x12, 0x23, 0x32, 0x33, 0x32, 0x21
    .byte   0x20, 0x00, 0xFF, 0xFF, 0x0E, 0x0E, 0xFF, 0xEF, 0xEF, 0xEE, 0xFE, 0x0E, 0x0E,   -3, 0x0E, 0xFF
    .byte   0xFF, 0xFF, 0x10, 0xF1, 0x10, 0x11, 0x11, 0x10, 0x11, 0x00, 0x10, 0x00, 0xF0, 0xF0, 0x0F, 0xFF
    .byte   0xEF, 0x0E, 0x0E, 0x0E, 0x0E, 0x0F, 0x1F, 0x01, 0x01, 0x02, 0x22, 0x32, 0x32, 0x33,   32, 0x02
    .byte   0x21, 0x11, 0x00, 0xE0, 0xFF, 0xEF, 0xEE, 0x0F, 0xEE, 0xFF, 0xEF, 0xE0, 0xE0, 0xE0, 0x0E, 0xFF
    .byte   0xF0, 0xF1, 0xF0, 0x11, 0x11, 0x01, 0x01, 0x10, 0x00, 0x0F, 0x10, 0xF0, 0xF0, 0x0F, 0x1F,   -8
    .byte   0x0F, 0xE0, 0xFF, 0xEF, 0xFE, 0xFF, 0xFF, 0x10, 0xF1, 0x11, 0x12, 0x22, 0x32, 0x33, 0x32, 0x22
    .byte   0x21, 0x2F, 0xE0, 0xFE, 0xFE, 0xFE, 0xEF, 0xEE, 0xFE, 0x0E, 0xF0, 0xE0, 0xE0, 0xFE, 0x00, 0xFF
    .byte    -11, 0x00, 0x01, 0x01, 0x10, 0x11, 0x00, 0x10, 0x00, 0xF0, 0x00, 0xF0, 0x01, 0x00, 0xF1, 0x0F
    .byte   0xFF, 0xFE, 0xFE, 0xFE, 0xFF, 0xF0, 0x0F, 0xF1, 0x01, 0x02, 0x12, 0x22, 0x33, 0x23, 0x23, 0x22
    .byte   0x21,   50, 0x0F, 0x1E, 0xEE, 0xEE, 0xEE, 0xEE, 0x0E, 0xE0, 0xE0, 0xEF, 0xFF, 0xFF, 0x0F, 0xF1
    .byte   0x0F, 0x11, 0x10, 0x20, 0x11, 0x10, 0x0F, 0x0F, 0xFF, 0xFF, 0x0E, 0x1F, 0x00, 0x00, 0xF0, 0xF0
    .byte   0x0E, 0x0F,  -18, 0x0E, 0xFF, 0x0E, 0x0F, 0xF0, 0x00, 0x20, 0x11, 0x22, 0x23, 0x32, 0x33, 0x32
    .byte   0x23, 0x11, 0x0F, 0xEF, 0xDE, 0xEE, 0xDE, 0xEE, 0xEE, 0x0E, 0x0F, 0xFF, 0xFF, 0x0F, 0x1F, 0x11
    .byte   0x10, 0x20, 0x02,    2, 0x02, 0xF1, 0x1F, 0xFF, 0x0E, 0xFE, 0xFE, 0xFF, 0xFF, 0x1F, 0x00, 0x1F
    .byte   0x1F, 0x0E, 0x00, 0xEF, 0xEF, 0xFF, 0xFF, 0x01, 0x02, 0x10, 0x22, 0x31, 0x33, 0x32, 0x33, 0x32
    .byte   0x12, 0x11, 0xEE, 0xED,   36, 0x0D, 0xEE, 0xDE, 0xEE, 0xEF, 0xFF, 0xFF, 0xFF, 0x10, 0xF0, 0x20
    .byte   0x12, 0x11, 0x22, 0x12, 0x11, 0x10, 0x0E, 0xFE, 0xEE, 0xEF, 0xEE, 0x0F, 0x00, 0x00, 0x01, 0x00
    .byte   0xFF, 0x0E, 0xF0, 0xEE, 0x0F,  -33, 0x0F, 0xF1, 0x01, 0x21, 0x22, 0x23, 0x33, 0x42, 0x33, 0x32
    .byte   0x21, 0xFE, 0xEE, 0xDD, 0xED, 0xED, 0xEE, 0xFE, 0xFF, 0xEF, 0xFF, 0xFF, 0x01, 0x10, 0x12, 0x21
    .byte   0x21, 0x22, 0x12, 0x01, 0xFF, 0xFE,    6, 0x0E, 0xEE, 0xEE, 0xFE, 0x0F, 0x00, 0x11, 0x01, 0x0F
    .byte   0x00, 0xEF, 0xFE, 0x0E, 0x0E, 0x0F, 0x00, 0x11, 0x12, 0x23, 0x33, 0x33, 0x43, 0x33, 0x22, 0x10
    .byte   0xEE, 0xDE, 0xDD, 0xED, 0xED, 0xEE, 0xFE,  -10, 0x00, 0xE0, 0xFF, 0x01, 0x01, 0x21, 0x22, 0x21
    .byte   0x22, 0x12, 0x00, 0x0F, 0xFE, 0xFE, 0xEE, 0xEE, 0xEE, 0xFF, 0x00, 0x11, 0x01, 0x10, 0xFF, 0xFF
    .byte   0xEF, 0xEE, 0xFE, 0xFF, 0xF1, 0x01, 0x11, 0x22,  -20, 0x03, 0x34, 0x34, 0x33, 0x32, 0x21, 0xEE
    .byte   0xDE, 0xDD, 0xED, 0xDE, 0xEE, 0xEE, 0xE0, 0xFE, 0x0F, 0x01, 0x10, 0x22, 0x12, 0x22, 0x22, 0x11
    .byte   0x10, 0x00, 0xEE, 0xFE, 0xEE, 0xEE, 0xE0, 0xE0, 0x00,  -19, 0x01, 0x12, 0x10, 0xFF, 0xFE, 0xEE
    .byte   0xFE, 0xEF, 0xEF, 0xF0, 0xF1, 0x02, 0x12, 0x33, 0x33, 0x44, 0x34, 0x23, 0x20, 0x1E, 0xDD, 0xDD
    .byte   0xED, 0xDE, 0xEE, 0xEE, 0xE0, 0xEF, 0xFF, 0xF1, 0x11, 0x22,   -2, 0x02, 0x22, 0x21, 0x21, 0x10
    .byte   0xFE, 0xFE, 0xEE, 0xEF, 0xEE, 0xE0, 0xE0, 0xF0, 0x20, 0x11, 0x11, 0xFF, 0xEF, 0xEE, 0xEF, 0xEE
    .byte   0x0E, 0xF0, 0x00, 0x00, 0x2F, 0x33, 0x33, 0x44, 0x34, 0x33, 0x3F,   76, 0x0F, 0xDD, 0xED, 0xDD
    .byte   0xDE, 0xEE, 0xEE, 0xEF, 0xFE, 0xE0, 0xFF, 0x11, 0x23, 0x12, 0x31, 0x22, 0x11, 0x1F, 0xE0, 0xEE
    .byte   0xEF, 0xEE, 0xFE, 0xFE, 0x0F, 0xF0, 0x11, 0x02, 0x00, 0xF0, 0xEF, 0xEE,  -29, 0x0F, 0xEE, 0x0E
    .byte   0xF0, 0xF0, 0x11, 0x11, 0x03, 0x33, 0x43, 0x44, 0x43, 0x31, 0xF0, 0xDE, 0xDD, 0xDD, 0xDE, 0xEE
    .byte   0xEE, 0xFE, 0xFE, 0xEE, 0x0F, 0x00, 0x13, 0x22, 0x33, 0x12, 0x2F, 0x00, 0xEE,   14, 0x0E, 0xEF
    .byte   0xEE, 0xFE, 0xFE, 0xFF, 0xF0, 0x01, 0x01, 0x2F, 0x1F, 0xFF, 0xEE, 0xEE, 0xEE, 0xFE, 0xF0, 0xF0
    .byte   0xF1, 0x01, 0x12, 0x33, 0x34, 0x44, 0x34, 0x33, 0x0F, 0xFD, 0xDD, 0xDD, 0xED, 0xEE,    7, 0x0E
    .byte   0xFE, 0xEF, 0xEE, 0xFE, 0xF1, 0x21, 0x32, 0x32, 0x31, 0x21, 0xFF, 0xFE, 0xEE, 0xEE, 0xEE, 0x00
    .byte   0xE0, 0x0E, 0x0F, 0xF1, 0x1F, 0x11, 0x0F, 0xFF, 0xEF, 0xEE, 0xEE, 0xFE, 0xFE, 0x10, 0x1F,  -44
    .byte   0x01, 0x11, 0x23, 0x33, 0x44, 0x34, 0x43, 0x22, 0xFE, 0xDD, 0xDD, 0xDE, 0xDE, 0xFF, 0xEE, 0xFE
    .byte   0xEE, 0xEE, 0xFE, 0x21, 0x23, 0x23, 0x32, 0x21, 0x10, 0xEF, 0xED, 0xFE, 0xEE, 0x0E, 0x00, 0xF0
    .byte    -10, 0x0F, 0x00, 0xF1, 0x01, 0x00, 0x00, 0xEF, 0xFE, 0xEE, 0xEE, 0xEE, 0x0F, 0x0F, 0x10, 0x01
    .byte   0x02, 0x33, 0x34, 0x44, 0x43, 0x33, 0x2F, 0xED, 0xDD, 0xDD, 0xED, 0xEE, 0xFE, 0xFE, 0xEE, 0xEE
    .byte   0xEF,  -24, 0x01, 0x22, 0x33, 0x23, 0x30, 0x21, 0xFE, 0xED, 0xEE, 0xEE, 0xFF, 0x01, 0x01, 0xFF
    .byte   0xFF, 0xFF, 0xFF, 0x0F, 0x10, 0xFF, 0xE0, 0xEE, 0xEE, 0xEE, 0xFF, 0xF0, 0x10, 0x10, 0x10, 0x12
    .byte   0x33, 0x34,   22, 0x04, 0x43, 0x33, 0xFF, 0xED, 0xDD, 0xCE, 0xED, 0x0F, 0xE0, 0xEE, 0xEE, 0xDE
    .byte   0xFE, 0xF2, 0x22, 0x33, 0x33, 0x21, 0x10, 0xEE, 0xDE, 0xEE, 0xEF, 0xF0, 0x11, 0x11, 0x0E, 0x0E
    .byte   0xFF, 0xFF, 0x01,  -12, 0x01, 0x1F, 0xEF, 0xED, 0xFE, 0xEE, 0xE0, 0x10, 0x11, 0x01, 0x11, 0x12
    .byte   0x33, 0x44, 0x34, 0x43, 0x40, 0xFF, 0xDD, 0xDD, 0xDD, 0xEE, 0xFE, 0xFF, 0xEE, 0xED, 0xED, 0xFF
    .byte   0xF2, 0x32, 0x33, 0x33,   30, 0x01, 0x1E, 0xED, 0xED, 0xFE, 0xFF, 0x02, 0x01, 0x0F, 0xFE, 0xEF
    .byte   0xEF, 0x10, 0x12, 0x11, 0x0F, 0xEE, 0xED, 0xEE, 0xEE, 0xF0, 0x12, 0x12, 0x00, 0xE1, 0x02, 0x33
    .byte   0x44, 0x44, 0x43, 0x32, 0xEE,   67, 0x0D, 0xDC, 0xEE, 0xEE, 0x1F, 0xEF, 0xDE, 0xDD, 0xED, 0x00
    .byte   0x23, 0x33, 0x43, 0x22, 0x2E, 0x0D, 0xDE, 0xDE, 0xEF, 0x02, 0x12, 0x12, 0xE0, 0xEE, 0xEE, 0xFF
    .byte   0x02, 0x02, 0x21, 0xFE, 0xEE, 0xDD,  -40, 0x0E, 0xEF, 0xF2, 0x22, 0x02, 0xFF, 0xEE, 0x12, 0x33
    .byte   0x45, 0x44, 0x43, 0x3F, 0xDE, 0xCD, 0xDD, 0xD1, 0xF2, 0x1F, 0xFE, 0xDD, 0xDC, 0xDE, 0xF0, 0x33
    .byte   0x43, 0x43, 0x22, 0xEE, 0xDD, 0xDD, 0xFE,   -9, 0x02, 0x13, 0x21, 0x10, 0xED, 0xED, 0xFF, 0x01
    .byte   0x23, 0x12, 0x2F, 0xEE, 0xDD, 0xDD, 0xDE, 0x11, 0x22, 0x22, 0x11, 0xEE, 0xEE, 0xE3, 0x34, 0x45
    .byte   0x45, 0x33, 0x2E, 0xDD, 0xCD, 0xDE, 0x12, 0x12,   38, 0x0F, 0xDD, 0xCC, 0xDC, 0xD0, 0x23, 0x34
    .byte   0x44, 0x31, 0x1E, 0xDD, 0xED, 0xE1, 0x12, 0x23, 0x11, 0xFE, 0xED, 0xDE, 0xE0, 0x12, 0x23, 0x22
    .byte   0x2F, 0xED, 0xED, 0xDD, 0xEF, 0xE2, 0x12, 0x10, 0x0E,  -39, 0x0E, 0xEE, 0xF1, 0x13, 0x34, 0x43
    .byte   0x44, 0x32, 0x22, 0xEE, 0xEE, 0x0F, 0x01, 0x1F, 0xEE, 0xDD, 0xCD, 0xCD, 0xE0, 0x12, 0x33, 0x33
    .byte   0x22, 0x1F, 0xFE, 0xEF, 0x11, 0x22, 0x11, 0x0E, 0xED, 0xED,  -18, 0x0F, 0x12, 0x23, 0x22, 0x11
    .byte   0xEE, 0xDE, 0xEE, 0x00, 0x12, 0xFF, 0xEE, 0xDE, 0xEE, 0xF0, 0x21, 0x20, 0x0E, 0x02, 0x33, 0x44
    .byte   0x44, 0x42, 0x1F, 0xDE, 0xD0, 0xF2, 0x22, 0x2F, 0xDD, 0xCC, 0xCC,  -35, 0x0E, 0xF3, 0x33, 0x33
    .byte   0x20, 0xEE, 0xEF, 0x01, 0x33, 0x33, 0x1F, 0xED, 0xDC, 0xDE, 0x01, 0x23, 0x22, 0x2F, 0xEE, 0xDE
    .byte   0xFE, 0x12, 0x22, 0x20, 0xEE, 0xDD, 0xED, 0xE0, 0x12, 0x22, 0x0F, 0xEE,  -49, 0x0F, 0xE3, 0x44
    .byte   0x45, 0x43, 0x3E, 0x0E, 0xDE, 0x12, 0x23, 0x21, 0xED, 0xCC, 0xCC, 0xDD, 0x02, 0x23, 0x22, 0x0E
    .byte   0xEE, 0xF1, 0x33, 0x43, 0x32, 0xFE, 0xDC, 0xED, 0xF0, 0x22, 0x22, 0xEE, 0xED,  -17, 0x0F, 0x12
    .byte   0x23, 0x21, 0x0E, 0xED, 0xEE, 0xEF, 0x01, 0xF0, 0xFE, 0xFE, 0xEE, 0xE0, 0xF0, 0xF1, 0x23, 0x44
    .byte   0x43, 0x43, 0x10, 0xE0, 0xE1, 0x23, 0x32, 0x0E, 0xDC, 0xBD, 0xDD, 0x11, 0x21, 0xFE,  -21, 0x0D
    .byte   0xE0, 0x23, 0x34, 0x33, 0x20, 0xEE, 0xEE, 0xF0, 0x22, 0x11, 0xEE, 0xED, 0xEE, 0x00, 0x21, 0x20
    .byte   0xFE, 0xF0, 0x01, 0x02, 0xFF, 0xEE, 0xEE, 0xEE, 0x1F, 0x01, 0xFF, 0xEE, 0xFE, 0xE1, 0x01,  -42
    .byte   0x04, 0x44, 0x23, 0x33, 0xFD, 0xF3, 0x31, 0x43, 0x2F, 0xDC, 0xDD, 0xDD, 0xE1, 0xFE, 0xDD, 0xDD
    .byte   0xEF, 0x23, 0x32, 0x31, 0x1F, 0x12, 0x23, 0x23, 0x1F, 0xEE, 0xDE, 0xFF, 0xF0, 0x0E, 0xEE, 0xEE
    .byte    -18, 0x00, 0x12, 0x21, 0x10, 0xEE, 0xE1, 0xE1, 0x10, 0x0E, 0xFF, 0x0E, 0x0E, 0x0F, 0xE1, 0x02
    .byte   0x01, 0x33, 0x33, 0x22, 0x22, 0x22, 0x23, 0x32, 0x2F, 0xEE, 0xEE, 0xEF, 0x0E, 0xED, 0xDD, 0xEE
    .byte   0xFF,  -10, 0x01, 0x0F, 0xF0, 0x11, 0x21, 0x21, 0x10, 0x0F, 0x00, 0x1F, 0x0F, 0xF0, 0xF1, 0x01
    .byte   0x11, 0x0F, 0x0F, 0x0F, 0x11, 0x10, 0x00, 0xFF, 0xF0, 0xE0, 0xFF, 0x0E, 0xFF, 0xFF, 0xF0, 0x00
    .byte   0x01, 0x0F,  -15, 0x00, 0x10, 0x11, 0xF2, 0xF1, 0x11, 0x11, 0x11, 0x10, 0x20, 0x12, 0x02, 0x02
    .byte   0x11, 0x02, 0x10, 0x11, 0x00, 0xF1, 0xF0, 0xFF, 0x0E, 0xFE, 0xF0, 0xE0, 0xE0, 0xE0, 0xE0, 0xEF
    .byte   0xFF, 0xFF, 0x00,  -14, 0x01, 0x00, 0x10, 0x10, 0x20, 0x11, 0x11, 0x10, 0x11, 0x00, 0x10, 0xF0
    .byte   0x0F, 0xF0, 0xF0, 0x0F, 0x00, 0xF0, 0x00, 0xF1, 0xF0, 0x01, 0xF1, 0x00, 0x10, 0x10, 0x01, 0x11
    .byte   0x10, 0x10, 0x20, 0x01,    8, 0x00, 0x11, 0x00, 0x00, 0xF1, 0xF0, 0xFF, 0x0F, 0x0E, 0x00, 0xF0
    .byte   0xFF, 0xFF, 0xF0, 0xFF, 0x10, 0x0F, 0x10, 0x0F, 0x11, 0x00, 0x11, 0x01, 0x01, 0x00, 0x01, 0x10
    .byte   0x00, 0x00, 0xF1, 0xF1, 0xF0,    1, 0x0F, 0x00, 0x00, 0x00, 0xF0, 0x0F, 0x00, 0x10, 0x01, 0xF0
    .byte   0x10, 0x01, 0x00, 0x10, 0x01, 0x00, 0x00, 0x1F, 0x0F, 0x1F, 0x0F, 0x1F, 0xF0, 0xF0, 0x00, 0x0F
    .byte   0xF1, 0xF0, 0x01, 0x00, 0x00, 0x00,   -1, 0x01, 0x00, 0x00, 0x01, 0x1F, 0x10, 0xF1, 0xF0, 0x01
    .byte   0xFF, 0x00, 0x0F, 0x00, 0xF0, 0x1F, 0x0F, 0x10, 0x00, 0x00, 0x11, 0xF1, 0x00, 0x10, 0x00, 0x10
    .byte   0xF1, 0xF1, 0xF0, 0x00, 0x01, 0x0F, 0x0F,    1, 0x0F, 0xFF, 0x00, 0x11, 0x00, 0xF0, 0xF0, 0x11
    .byte   0x00, 0x10, 0x00, 0x10, 0x10, 0x1F, 0xF0, 0x11, 0x32, 0xBA, 0x17, 0x41, 0xEE, 0xDD, 0xE3, 0x0E
    .byte   0x1F, 0x2F, 0x34, 0x3F, 0x9C, 0x45, 0xFE, 0xDD,   -2, 0x02, 0xD3, 0x4D, 0xCD, 0x33, 0x2D, 0xE3
    .byte   0x2E, 0xDD, 0x16, 0xEC, 0x33, 0xBC, 0xE4, 0x6C, 0xA4, 0x21, 0x0F, 0xEF, 0xE0, 0x15, 0xDB, 0x44
    .byte   0xDC, 0x4E, 0x3D, 0x3E, 0xE0, 0x2E, 0x02, 0xD4, 0xC3,   -4, 0x0E, 0x3D, 0x32, 0xDE, 0x4C, 0xF3
    .byte   0xE4, 0xD0, 0xD2, 0x01, 0x20, 0x2F, 0xDE, 0x3F, 0x32, 0xC2, 0x2D, 0xF4, 0xED, 0x22, 0x1C, 0x3F
    .byte   0x31, 0xC2, 0x31, 0xC1, 0x32, 0xFE, 0xEF, 0x4D, 0xD3, 0x3D,   -7, 0x02, 0x30, 0x0E, 0xE2, 0xEE
    .byte   0x23, 0x1D, 0xE2, 0x11, 0xE1, 0x21, 0xEE, 0x02, 0x20, 0xE0, 0x20, 0xD1, 0x22, 0xE0, 0x2F, 0xEF
    .byte   0x10, 0x21, 0x0E, 0xE0, 0x20, 0x20, 0xFF, 0xFE, 0x01, 0x22, 0xFE,   -2, 0x00, 0xF0, 0x22, 0x0E
    .byte   0xE0, 0x11, 0x11, 0xFF, 0xF0, 0x01, 0x10, 0xF0, 0x1F, 0xF1, 0x11, 0x00, 0xFF, 0x01, 0x11, 0x00
    .byte   0xE0, 0x02, 0x10, 0xFE, 0x10, 0x10, 0x11, 0x0F, 0xE1, 0x11, 0x01, 0x1F,    0, 0x0F, 0x00, 0x11
    .byte   0x10, 0xFF, 0xF0, 0x11, 0x01, 0xF0, 0xF1, 0x10, 0x0F, 0xF1, 0x01, 0xF0, 0xF0, 0x01, 0x00, 0x00
    .byte   0x0F, 0x0F, 0x01, 0x00, 0x1F, 0x00, 0x00, 0x10, 0xF0, 0x1F, 0x00, 0x00, 0x00,    0, 0x00, 0x10
    .byte   0xF0, 0x10, 0xF0, 0x00, 0x10, 0x00, 0xFF, 0x01, 0x00, 0x0F, 0x00, 0x00, 0x10, 0x0F, 0x00, 0x00
    .byte   0x10, 0x00, 0xF0, 0x00, 0x01, 0x00, 0x00, 0xF0, 0x10, 0x01, 0xF0, 0x0F, 0x10, 0x00,    0, 0x0F
    .byte   0x01, 0x00, 0x0F, 0x10, 0x00, 0x00, 0x01, 0xF0, 0x00, 0x00, 0xF1, 0x0F, 0x10, 0x00, 0x00, 0x00
    .byte   0x1F, 0xF1, 0x1F, 0x00, 0x00, 0xF1, 0x00, 0x0F, 0x10, 0x00, 0xF0, 0x10, 0xF1, 0xF1, 0x0F,   -1
    .byte   0x00, 0x10, 0xF0, 0x01, 0x0F, 0x10, 0xF1, 0x0F, 0x10, 0x00, 0x0F, 0x00, 0x1F, 0x1F, 0x00, 0x1F
    .byte   0x01, 0x01, 0xF0, 0xF1, 0x00, 0x0F, 0x10, 0xF1, 0x00, 0x00, 0xF0, 0x10, 0x00, 0xF1, 0x00, 0x00
    .byte     -1, 0x01, 0x00, 0x01, 0x0F, 0x00, 0x00, 0x01, 0xF0, 0x00, 0x00, 0x00, 0x1F, 0x00, 0x10, 0xF1
    .byte   0x0F, 0x01, 0x0F, 0x00, 0x01, 0x0F, 0xF0, 0x10, 0x00, 0x01, 0xF0, 0x00, 0x0F, 0x10, 0x00, 0xF1
    .byte   0x00,    0, 0x00, 0xF1, 0x01, 0xF0, 0x00, 0x1F, 0x00, 0x00, 0x00, 0x1F, 0x00, 0x00, 0x00, 0x00
    .byte   0x00, 0x01, 0xF0, 0x01, 0x0F, 0x00, 0x00, 0x00, 0x00, 0x00, 0x1F, 0x00, 0x01, 0xF0, 0x00, 0x00
    .byte   0x00, 0x00,    1, 0x00, 0xF0, 0x00, 0x00, 0x00, 0x00, 0xF1, 0x00, 0x00, 0x1F, 0x00, 0xF1, 0x01
    .byte   0xF0, 0x00, 0x1F, 0x0F, 0x1F, 0x10, 0x1F, 0x0F, 0x01, 0x0F, 0x1F, 0x10, 0x0F, 0x10, 0xF0, 0x10
    .byte   0xF1, 0x00, 0x00,    0, 0x00, 0x00, 0x00, 0x00, 0x00, 0x00, 0x00, 0x00, 0x00, 0x00, 0x01, 0x00
    .byte   0xF0, 0x0F, 0x10, 0xF1, 0xF1, 0x00, 0x00, 0x01, 0xF1, 0xF1, 0xFF, 0x10, 0x00, 0x00, 0x00, 0x1F
    .byte   0x01, 0xF0, 0x01, 0xF0,    1, 0x0F, 0x00, 0x00, 0x00, 0x1F, 0x00, 0x00, 0x00, 0x1F, 0x01, 0x0F
    .byte   0xF1, 0x00, 0x00, 0x01, 0xF0, 0x00, 0x0F, 0x11, 0xF0, 0x00, 0x00, 0x0F, 0x10, 0x00, 0x01, 0xF0
    .byte   0x0F, 0x1F, 0x1F, 0x10, 0x00,    1, 0x0F, 0x10, 0xF0, 0x1F, 0x0F, 0x01, 0x00, 0x00, 0x01, 0xF0
    .byte   0x01, 0x0F, 0x01, 0xF0, 0x00, 0x1F, 0x0F, 0x1F, 0x10, 0x00, 0x0F, 0x01, 0xF1, 0xF1, 0x00, 0x00
    .byte   0x00, 0x0F, 0x10, 0x00, 0x00, 0x0F,    0, 0x0F, 0x11, 0xF0, 0x1F, 0x0F, 0x10, 0x00, 0x00, 0xF1
    .byte   0x1F, 0x0F, 0x01, 0x0F, 0x10, 0x00, 0xF1, 0x0F, 0x10, 0x00, 0x1F, 0x00, 0x01, 0xF0, 0x00, 0x00
    .byte   0x10, 0xF0, 0x00, 0x00, 0x0F, 0x01, 0x00,    0, 0x01, 0xF0, 0x1F, 0x00, 0x00, 0x00, 0x00, 0x00
    .byte   0x00, 0x00, 0x00, 0x00, 0x00, 0x00, 0xF1, 0x00, 0x0F, 0x10, 0x01, 0xF1, 0xFF, 0x10, 0x00, 0x01
    .byte   0xF0, 0x0F, 0x10, 0x1F, 0xF1, 0x00, 0x0F, 0x11,   -1, 0x01, 0x00, 0x00, 0x01, 0xF0, 0x00, 0x01
    .byte   0xFF, 0x10, 0x00, 0xF1, 0x00, 0x00, 0x1F, 0x1F, 0x1F, 0x00, 0x0F, 0x10, 0x00, 0x00, 0x00, 0xF1
    .byte   0x00, 0x01, 0xF1, 0xF0, 0x01, 0xF1, 0xF0, 0x00, 0xF1,   -1, 0x01, 0x0F, 0x10, 0x00, 0x00, 0x0F
    .byte   0x00, 0x10, 0x00, 0x10, 0x10, 0x0F, 0x0F, 0x01, 0x22, 0x2D, 0xDE, 0xF2, 0x33, 0x4D, 0xBB, 0xB2
    .byte   0x66, 0x75, 0xA9, 0x9A, 0x36, 0x77, 0x3A, 0x9A, 0xC5, 0x74,   29, 0x0C, 0xBC, 0x35, 0x42, 0xCC
    .byte   0xCE, 0x44, 0x43, 0xCB, 0xDE, 0x23, 0x32, 0xFD, 0xEE, 0x13, 0x41, 0xEC, 0xE1, 0x32, 0x21, 0xFD
    .byte   0xD0, 0xDF, 0xEF, 0x03, 0x66, 0x52, 0xCA, 0x9C, 0xE4, 0x44, 0x2C,  -22, 0x0C, 0x14, 0x43, 0x1D
    .byte   0xC1, 0x43, 0x44, 0xEE, 0xDD, 0xED, 0xD1, 0x21, 0x1E, 0xDE, 0xD1, 0x23, 0x33, 0x13, 0x10, 0x10
    .byte   0xDE, 0xEF, 0xF2, 0x0E, 0xFE, 0xF0, 0x0F, 0x11, 0x12, 0x22, 0x21, 0x0F,    6, 0x00, 0xF1, 0x0E
    .byte   0xFE, 0xE0, 0x11, 0xF0, 0xF1, 0x21, 0x02, 0x00, 0x20, 0x1F, 0x0E, 0xE1, 0x2F, 0xFE, 0xDF, 0xF2
    .byte   0x22, 0x0F, 0xF1, 0x12, 0x21, 0xE0, 0x0F, 0x20, 0xEF, 0xEF, 0x00, 0x20, 0x0E,   -3, 0x00, 0x11
    .byte   0x01, 0x2F, 0xF1, 0xF0, 0x21, 0x0E, 0xEF, 0x0E, 0x10, 0xF2, 0x2F, 0x0F, 0xE1, 0x11, 0x31, 0x0E
    .byte   0xDF, 0x13, 0x2E, 0xDE, 0xF0, 0x32, 0x2E, 0xEE, 0x12, 0x2F, 0xFE, 0xE1, 0x32, 0x1E,   -2, 0x0E
    .byte   0xE1, 0x33, 0x0E, 0xDD, 0x1F, 0x23, 0x20, 0x0F, 0xE2, 0xF0, 0x10, 0x0E, 0x0E, 0x01, 0x12, 0x21
    .byte   0xEE, 0xEE, 0x12, 0x22, 0xF0, 0xF0, 0x2E, 0x00, 0xF0, 0xFF, 0x0F, 0xF1, 0x01, 0x11, 0x00,    0
    .byte   0x0F, 0xF2, 0x02, 0xFF, 0xEE, 0x10, 0x01, 0x11, 0x10, 0x0E, 0x1F, 0x22, 0x0F, 0xFE, 0xF0, 0x02
    .byte   0x2E, 0xFE, 0xE0, 0x22, 0x20, 0xEF, 0x1F, 0x2F, 0xF1, 0x0E, 0x0E, 0x21, 0x01, 0x0E, 0x20, 0xF1
    .byte      1, 0x00, 0x0F, 0x01, 0x00, 0x00, 0xE0, 0x11, 0x01, 0xF0, 0x11, 0x02, 0x0E, 0xF0, 0x0F, 0xF0
    .byte   0x10, 0x0F, 0x12, 0xF1, 0x0F, 0xFF, 0xFF, 0x1E, 0x21, 0x10, 0xF0, 0xEF, 0x21, 0x12, 0xFF, 0x0E
    .byte   0xF1,   -1, 0x0F, 0x2F, 0xF2, 0x2E, 0xEE, 0xD1, 0x23, 0x13, 0x0E, 0xEF, 0xD2, 0x20, 0x11, 0xDE
    .byte   0x21, 0x23, 0x1D, 0x0E, 0xD3, 0x20, 0x31, 0xDF, 0xFE, 0x22, 0xF0, 0xEE, 0xEF, 0x23, 0x22, 0x10
    .byte   0xDD, 0x0E,  -10, 0x04, 0xFE, 0x2F, 0xD2, 0x2E, 0x13, 0xDE, 0x1E, 0x13, 0x1E, 0x22, 0xFE, 0x0D
    .byte   0xD3, 0x0E, 0x42, 0xEF, 0xFE, 0x1E, 0xE0, 0x20, 0x30, 0xE0, 0xF0, 0xFE, 0x03, 0x0F, 0xED, 0x12
    .byte   0xE3, 0x21, 0x3D,   -5, 0x01, 0xD1, 0x3E, 0x32, 0xE2, 0xFE, 0x00, 0xEF, 0x01, 0xF3, 0x1E, 0x01
    .byte   0xD1, 0x3F, 0x03, 0xED, 0x0E, 0xD3, 0x3E, 0x22, 0xDF, 0x12, 0xF3, 0xED, 0x0E, 0xE2, 0x22, 0x10
    .byte   0x11, 0xEF, 0xEE, 0x22,   -4, 0x01, 0x22, 0x12, 0xEE, 0xF1, 0xDE, 0x3E, 0xF3, 0x11, 0xF0, 0xF0
    .byte   0x2F, 0xEF, 0xEF, 0xF2, 0x3E, 0x0F, 0xDF, 0x31, 0x20, 0xED, 0xD2, 0x23, 0x41, 0x0E, 0xCD, 0xE1
    .byte   0x22, 0x32, 0xF0, 0x0E, 0x2E,   -4, 0x01, 0xEE, 0x11, 0x33, 0x32, 0xED, 0xDD, 0xDE, 0x23, 0x32
    .byte   0x01, 0x11, 0xF2, 0x0E, 0xED, 0xC2, 0x32, 0x23, 0x3E, 0x00, 0xCE, 0x2D, 0x10, 0x23, 0x31, 0x00
    .byte   0x0D, 0xED, 0xF2, 0x2F, 0x12, 0x03,   14, 0x0E, 0xF0, 0xDD, 0xEE, 0x33, 0x13, 0x1E, 0xE0, 0xEE
    .byte   0x2E, 0xD2, 0x21, 0x33, 0xF0, 0xFC, 0xDE, 0x13, 0x32, 0x22, 0xFC, 0x00, 0xF2, 0xFE, 0x2F, 0xE0
    .byte   0x32, 0xF1, 0x1E, 0xDE, 0x01, 0x22, 0x22,   10, 0x0E, 0x0E, 0xD1, 0x11, 0x12, 0x2E, 0x11, 0xFE
    .byte   0xEF, 0x13, 0x2F, 0x2F, 0xDE, 0xEE, 0xF3, 0x12, 0x3E, 0xE2, 0xEE, 0x01, 0xE0, 0x2F, 0xF3, 0x1E
    .byte   0x2E, 0xEF, 0x2E, 0xE2, 0xEE, 0x32, 0xF2, 0x2E,    1, 0x00, 0xED, 0x31, 0xF2, 0x3E, 0xE2, 0xED
    .byte   0x20, 0xD3, 0x2D, 0xF4, 0xFD, 0x32, 0xE1, 0x0C, 0x22, 0xDF, 0x32, 0xE1, 0x2E, 0x22, 0xD2, 0x2D
    .byte   0xFE, 0xFF, 0x33, 0x10, 0x2D, 0xEE, 0xC3, 0x3F, 0x3F,    2, 0x02, 0xEE, 0x23, 0x2E, 0xCF, 0xDE
    .byte   0x33, 0x33, 0x2D, 0xDD, 0xEE, 0x23, 0x23, 0xFD, 0xE2, 0xEF, 0x21, 0xFF, 0xEF, 0x01, 0x01, 0x22
    .byte   0x01, 0xFE, 0xFE, 0xDF, 0x11, 0x33, 0x3E, 0x2D, 0xCD, 0xF2,   -8, 0x03, 0x30, 0x1E, 0xDE, 0x22
    .byte   0x12, 0xEF, 0x0D, 0x12, 0x22, 0x11, 0x2E, 0xEE, 0xE2, 0x10, 0x30, 0xEF, 0xE1, 0x01, 0x01, 0x1E
    .byte   0xE0, 0x12, 0x11, 0x1E, 0xEE, 0xEF, 0x00, 0x10, 0x10, 0xEF, 0xEE,  -27, 0x0E, 0x00, 0x12, 0x13
    .byte   0x22, 0x22, 0x02, 0x23, 0x32, 0x32, 0xEE, 0xDD, 0xE0, 0x2F, 0x32, 0x10, 0x10, 0x10, 0xFD, 0xEE
    .byte   0xDE, 0xF1, 0x12, 0x2F, 0xFE, 0xDE, 0xDE, 0xEE, 0x0F, 0xE2, 0x02, 0x00,  -31, 0x0F, 0xED, 0xEE
    .byte   0xDD, 0xFE, 0x33, 0x44, 0x52, 0x54, 0x33, 0x22, 0xCC, 0xCC, 0xCF, 0xE3, 0x34, 0x43, 0x33, 0xDF
    .byte   0xCE, 0xDC, 0xDE, 0xF2, 0x03, 0x32, 0x20, 0xFD, 0xDD, 0xEE, 0x2F, 0x32, 0x12,    9, 0x0F, 0xEE
    .byte   0xEE, 0x1F, 0xF1, 0x1E, 0xEE, 0xF0, 0x01, 0x11, 0xED, 0xDD, 0xDE, 0xE3, 0x32, 0x22, 0x2F, 0xE4
    .byte   0x65, 0x54, 0x4E, 0xBA, 0xAB, 0xDD, 0x45, 0x54, 0x44, 0xFC, 0xCC, 0xEE, 0xDE, 0x11,   -4, 0x0E
    .byte   0x22, 0x03, 0x12, 0x2E, 0xDE, 0xDE, 0xE2, 0x32, 0x22, 0x2F, 0xEE, 0xEE, 0xEF, 0x0F, 0x02, 0xE2
    .byte   0xFE, 0xFF, 0xDE, 0xED, 0xEE, 0x12, 0xF0, 0xFF, 0x1E, 0x23, 0x36, 0x64, 0x54, 0xEB, 0xAA,  -22
    .byte   0x0B, 0xE3, 0x46, 0x44, 0x5E, 0xEC, 0xCF, 0xCD, 0x0E, 0x0F, 0xE2, 0x12, 0x23, 0x3F, 0xEE, 0xDD
    .byte   0xDE, 0xF2, 0x23, 0x32, 0x20, 0xEF, 0xDD, 0xFE, 0x00, 0x02, 0x1F, 0x10, 0xFE, 0xDE, 0xED, 0xEF
    .byte    -43, 0x02, 0x0F, 0x0E, 0xFE, 0x23, 0x35, 0x66, 0x44, 0x2B, 0xAA, 0xBA, 0xD2, 0x46, 0x45, 0x43
    .byte   0x0D, 0xCD, 0xCD, 0xEF, 0xF0, 0xEF, 0x22, 0x13, 0x32, 0x0E, 0xED, 0xCE, 0xE2, 0x22, 0x33, 0x3E
    .byte   0xE0,    7, 0x0D, 0xEE, 0xF0, 0xE2, 0x20, 0x0F, 0x0F, 0xDE, 0xEE, 0xED, 0x11, 0xE0, 0xE0, 0x01
    .byte   0x23, 0x44, 0x56, 0x53, 0x3D, 0xBA, 0xAB, 0xB0, 0x25, 0x55, 0x53, 0x2E, 0xCD, 0xDC, 0xDF, 0x00
    .byte   0xE0, 0x11,   -3, 0x02, 0x33, 0x11, 0xFD, 0xDC, 0xFF, 0x03, 0x33, 0x20, 0xFE, 0xED, 0xE0, 0xE0
    .byte   0x01, 0x20, 0xF0, 0xF0, 0xEE, 0xEE, 0xDE, 0xEE, 0xF2, 0xF0, 0x10, 0x01, 0x24, 0x35, 0x65, 0x43
    .byte   0xEB, 0xAB, 0xAB,  -56, 0x02, 0x55, 0x55, 0x32, 0xEC, 0xCD, 0xDE, 0x00, 0x2E, 0x0E, 0xFF, 0x22
    .byte   0x32, 0x10, 0xDD, 0xDD, 0xE2, 0x33, 0x33, 0x1E, 0xDE, 0xDE, 0xE2, 0x22, 0x20, 0xFE, 0xDE, 0xEE
    .byte   0xEF, 0xFF, 0xFF, 0xEF,  -38, 0x0F, 0xFE, 0xF0, 0x12, 0x34, 0x45, 0x64, 0x32, 0xCB, 0xAB, 0xBD
    .byte   0x13, 0x55, 0x44, 0x32, 0xDC, 0xDD, 0xC0, 0x01, 0x2E, 0x12, 0xE0, 0x22, 0x20, 0xE0, 0xDD, 0xD0
    .byte   0x12, 0x33, 0x32, 0xEE, 0xDD,  -10, 0x0F, 0xF2, 0x22, 0x20, 0xED, 0xEE, 0xEE, 0x00, 0xFE, 0xF0
    .byte   0xDF, 0x0F, 0xFF, 0x01, 0x21, 0x34, 0x46, 0x44, 0x4F, 0xCB, 0xBB, 0xBD, 0x23, 0x54, 0x54, 0x1E
    .byte   0xDC, 0xDD, 0xDF, 0x21, 0x10, 0xF0,    0, 0x00, 0x12, 0x2F, 0xF0, 0xDD, 0xFE, 0x23, 0x23, 0x22
    .byte   0xED, 0xEE, 0xD0, 0x22, 0x22, 0x1F, 0xEE, 0xDE, 0xEE, 0xF0, 0x0F, 0xEF, 0xEE, 0xEE, 0x00, 0x12
    .byte   0x33, 0x23, 0x45, 0x44, 0x32, 0xEB, 0xBC,  -17, 0x0D, 0xE3, 0x54, 0x44, 0x3E, 0xDC, 0xDD, 0xC1
    .byte   0x21, 0x2F, 0x1E, 0xEF, 0xF2, 0x10, 0x1F, 0xEE, 0xEF, 0x02, 0x32, 0x22, 0xEE, 0xED, 0xFF, 0x02
    .byte   0x22, 0x00, 0xEE, 0xED, 0xEE, 0x0E, 0x00, 0xEE,  -41, 0x0E, 0xEF, 0x01, 0x11, 0x32, 0x32, 0x43
    .byte   0x54, 0x33, 0x0D, 0xCB, 0xDC, 0xD3, 0x44, 0x44, 0x30, 0xDD, 0xCD, 0xDE, 0x02, 0x02, 0xFF, 0xEE
    .byte   0xEE, 0x01, 0x21, 0x0E, 0x0E, 0xF0, 0x22, 0x22, 0x10,    4, 0x0E, 0xEF, 0xF1, 0x22, 0x11, 0xFE
    .byte   0xEE, 0xDF, 0xEE, 0x0E, 0xEE, 0xFE, 0xEE, 0x01, 0x21, 0x22, 0x31, 0x33, 0x34, 0x43, 0x32, 0xED
    .byte   0xCD, 0xCE, 0x23, 0x43, 0x43, 0xFE, 0xDC, 0xDD, 0xE0, 0x12,   13, 0x02, 0xFD, 0xEE, 0xE0, 0x11
    .byte   0x11, 0x0F, 0xE0, 0x02, 0x12, 0x21, 0x0E, 0xEF, 0xE0, 0x02, 0x21, 0x00, 0xEE, 0xEE, 0xDF, 0xEE
    .byte   0xFE, 0xEF, 0x0E, 0xFF, 0x1F, 0xF0, 0x22, 0x23, 0x33, 0x24, 0x42,   41, 0x02, 0xED, 0xDD, 0xDF
    .byte   0x23, 0x43, 0x32, 0x0F, 0xCD, 0xED, 0xE1, 0x11, 0x01, 0xFE, 0xEE, 0xEF, 0xFF, 0x01, 0xF0, 0x11
    .byte   0x01, 0x21, 0x11, 0x0E, 0xEE, 0xF1, 0x11, 0x22, 0xFF, 0x0E, 0xED, 0xFE,  -24, 0x0E, 0xE0, 0xEF
    .byte   0xFF, 0x0E, 0xF0, 0xF0, 0xF3, 0x22, 0x33, 0x31, 0x33, 0x23, 0x1F, 0xEE, 0xEE, 0x02, 0x33, 0x22
    .byte   0x2E, 0xEE, 0xDE, 0xEE, 0x10, 0x11, 0x0E, 0xEF, 0xEE, 0xE0, 0xFF, 0x11, 0x01,    2, 0x01, 0x12
    .byte   0x00, 0xFE, 0xEE, 0xFF, 0x22, 0x20, 0x0F, 0xEE, 0xDF, 0xEE, 0xFF, 0xFF, 0xEF, 0xFF, 0xE0, 0x10
    .byte   0xE0, 0x00, 0xE2, 0x23, 0x23, 0x32, 0x32, 0x22, 0x21, 0xF1, 0x10, 0x02, 0x11, 0x21,   40, 0x00
    .byte   0xE0, 0xEF, 0xEE, 0x0E, 0xE1, 0xFF, 0xEF, 0xFE, 0x00, 0xEF, 0x0E, 0x00, 0x21, 0x13, 0x0E, 0x0E
    .byte   0xEE, 0xFF, 0x01, 0x20, 0x11, 0xE0, 0xEE, 0xEE, 0xEE, 0xEF, 0x01, 0x20, 0x20, 0xEF, 0xEE,  -42
    .byte   0x0F, 0x13, 0x23, 0x32, 0x21, 0xF2, 0x22, 0x23, 0x2E, 0x11, 0xE1, 0x12, 0x23, 0xF0, 0x1E, 0xDF
    .byte   0x0F, 0xF2, 0xFE, 0xEF, 0xEE, 0x1F, 0x11, 0x1E, 0xE0, 0xEE, 0x21, 0x21, 0x20, 0xEF, 0xEE, 0xFF
    .byte     -8, 0x01, 0x20, 0x11, 0x0E, 0xEE, 0xEE, 0xFE, 0x01, 0x1F, 0xEF, 0xEF, 0xE2, 0x00, 0x22, 0x00
    .byte   0x20, 0x01, 0x22, 0x13, 0x02, 0x2F, 0x11, 0x3F, 0x13, 0xF0, 0x01, 0x2F, 0x21, 0x20, 0xE0, 0xFF
    .byte   0xEE,   24, 0x0F, 0xFF, 0x00, 0xEE, 0xF0, 0xE0, 0x00, 0xFF, 0xF0, 0xFF, 0xF0, 0xF0, 0xF0, 0x0E
    .byte   0x00, 0xEF, 0xFF, 0xFF, 0xFF, 0x0F, 0xE0, 0xE0, 0xEF, 0x0F, 0x00, 0x12, 0xFF, 0xF1, 0x21, 0x22
    .byte   0x1F, 0xE1,  -19, 0x01, 0x22, 0x33, 0x20, 0x1F, 0xE0, 0x1F, 0x22, 0x22, 0xF0, 0x2F, 0xF2, 0xEE
    .byte   0x2F, 0xF1, 0x2E, 0x01, 0xFE, 0x01, 0xEE, 0x01, 0xFF, 0xF0, 0x1E, 0xFF, 0x0E, 0xE0, 0x1F, 0xF1
    .byte   0x2E, 0xFF, 0xEF,  -14, 0x0E, 0xFE, 0xF0, 0x11, 0x1F, 0x2F, 0xF0, 0xFE, 0xE1, 0x11, 0x21, 0x11
    .byte   0x11, 0xF2, 0x10, 0x2F, 0x11, 0x01, 0x22, 0x22, 0x1F, 0xEF, 0x01, 0x22, 0x20, 0x11, 0xE1, 0x2E
    .byte   0x20, 0xE0, 0x0F, 0xF2,   19, 0x0F, 0x2F, 0xFF, 0xFF, 0xFE, 0x10, 0x11, 0x11, 0xEE, 0x00, 0xFF
    .byte   0xF0, 0xFF, 0x0E, 0xF0, 0xFE, 0x0F, 0x0F, 0x0E, 0xFF, 0xFE, 0x00, 0xFF, 0x00, 0xF2, 0x0F, 0x00
    .byte   0xEF, 0xF0, 0xF2, 0x22, 0x12,   -9, 0x00, 0x01, 0x00, 0x2F, 0x02, 0xFE, 0x2F, 0x22, 0x22, 0xF2
    .byte   0xDF, 0xFD, 0x32, 0x23, 0x11, 0xD0, 0xFD, 0x21, 0xF2, 0x00, 0x20, 0x2F, 0xE0, 0xD0, 0xF0, 0x21
    .byte   0x2F, 0xF2, 0xD0, 0xFF, 0xEF, 0x10,    3, 0x02, 0xFF, 0xFE, 0xEF, 0xFF, 0xF0, 0xE0, 0x1F, 0x1F
    .byte   0x00, 0xFE, 0xFF, 0xFF, 0x22, 0x02, 0x10, 0xE0, 0x0E, 0x2F, 0x00, 0x21, 0x02, 0x01, 0x11, 0x0F
    .byte   0x1E, 0x02, 0x10, 0xF0, 0x20, 0x22, 0x01,   10, 0x00, 0xE0, 0x10, 0x10, 0x20, 0x22, 0xF1, 0xEE
    .byte   0xFE, 0xE2, 0xE0, 0x20, 0x21, 0x2F, 0xFE, 0xEE, 0xDF, 0x11, 0x22, 0x22, 0x00, 0xDE, 0xEE, 0x22
    .byte   0x11, 0x10, 0xF0, 0x02, 0x0F, 0x0E, 0xDE, 0x11,  -10, 0x02, 0x11, 0x1F, 0xFF, 0xFE, 0xE0, 0xF0
    .byte   0x22, 0x11, 0x01, 0x20, 0xE1, 0xEE, 0x11, 0x22, 0x22, 0x2F, 0xEE, 0xFE, 0x2F, 0x1F, 0x11, 0x12
    .byte   0x02, 0x0F, 0x0E, 0xEF, 0x11, 0x12, 0x11, 0xFF, 0xF1,    3, 0x00, 0xE0, 0x10, 0x20, 0x2E, 0x11
    .byte   0xE0, 0xFE, 0x11, 0xF1, 0x21, 0xF1, 0xEF, 0x2E, 0x1E, 0xF1, 0xF2, 0x20, 0xFF, 0xEF, 0xF0, 0x20
    .byte   0x20, 0xE1, 0x0E, 0x2E, 0x1F, 0x1E, 0x12, 0xE3, 0xE1, 0xF0,   -6, 0x01, 0x1E, 0x3E, 0x01, 0x2E
    .byte   0xE3, 0xD3, 0x0E, 0x1D, 0x2E, 0x21, 0x13, 0xE2, 0xD2, 0xFE, 0x21, 0xFD, 0x3E, 0x14, 0xDF, 0x3C
    .byte   0x21, 0xE3, 0xFE, 0x1E, 0xE3, 0x20, 0xE1, 0xFC, 0x4D, 0x22, 0xE2,    7, 0x0F, 0xF1, 0x11, 0xC4
    .byte   0xDE, 0x4B, 0x6A, 0x42, 0xB7, 0xA3, 0x2C, 0x23, 0xFD, 0x4D, 0x03, 0xEC, 0x5A, 0x35, 0xA7, 0xA3
    .byte   0x2B, 0x5C, 0x34, 0xC5, 0xB1, 0x3B, 0x5D, 0x03, 0xD4, 0xC1, 0x2C, 0x4E,   -6, 0x04, 0xC0, 0x4B
    .byte   0x5C, 0x23, 0xA7, 0xA5, 0x2B, 0x5C, 0x13, 0xD1, 0x3D, 0x1E, 0x3B, 0x5D, 0x15, 0xA5, 0xC1, 0x1D
    .byte   0x4E, 0x23, 0xDE, 0x4A, 0x6C, 0xD6, 0xA5, 0xCE, 0x3C, 0x5B, 0x40, 0xB6, 0xCD,   17, 0x0B, 0x25
    .byte   0xA4, 0x2C, 0x41, 0xED, 0x4C, 0x33, 0xB5, 0xB2, 0x4D, 0x4D, 0x2C, 0x3E, 0xE4, 0xDF, 0x3C, 0x23
    .byte   0xC4, 0xD1, 0x03, 0xD4, 0xC1, 0x2D, 0x4C, 0x4C, 0x3E, 0x12, 0x1D, 0x2E, 0xE4, 0xC4,    3, 0x0E
    .byte   0x0E, 0x2F, 0xE4, 0xB5, 0xDE, 0x4B, 0x4D, 0x20, 0xF3, 0xD3, 0xDF, 0x3C, 0x33, 0xC4, 0xDF, 0x3C
    .byte   0x31, 0xD4, 0xDF, 0x2D, 0x30, 0xF2, 0xFD, 0x3D, 0x04, 0xB5, 0xDD, 0x5B, 0x4E, 0xD3, 0xD2,   -2
    .byte   0x02, 0xF0, 0x1E, 0x21, 0xE1, 0x2D, 0x3E, 0x01, 0xE1, 0x2D, 0x4D, 0x22, 0xC4, 0xC3, 0xD3, 0x2D
    .byte   0x4C, 0x3E, 0xD4, 0xD0, 0x3C, 0x30, 0xE1, 0x2E, 0x02, 0xFE, 0x3D, 0x2F, 0xE1, 0x2E, 0x22, 0xD3
    .byte    -10, 0x03, 0x1F, 0x3C, 0x4C, 0x31, 0xE3, 0xC4, 0xC3, 0x3B, 0x5D, 0xE3, 0xD2, 0xE2, 0xF1, 0x2D
    .byte   0x4C, 0x23, 0xB5, 0xC4, 0xFD, 0x3C, 0x3F, 0xE3, 0xD2, 0x11, 0x2D, 0x4C, 0x03, 0xD2, 0x00, 0xE2
    .byte   0x1F,    4, 0x01, 0xD3, 0xD1, 0x2D, 0x4D, 0x20, 0xE0, 0xE3, 0xE2, 0xEF, 0xFF, 0x02, 0xE2, 0x2D
    .byte   0x3D, 0x22, 0xD2, 0x2D, 0x3D, 0x22, 0xE2, 0xE1, 0x2E, 0x1F, 0x01, 0xE3, 0xD3, 0xED, 0x4C, 0x31
    .byte   0xE3, 0xD2,   -2, 0x01, 0x01, 0x0E, 0x3E, 0x02, 0xE1, 0xE2, 0xEE, 0x3D, 0x3E, 0x02, 0xE2, 0xE2
    .byte   0xE2, 0xE2, 0xD2, 0x2D, 0x4C, 0x4D, 0xE3, 0xD3, 0xEE, 0x2E, 0x20, 0xE3, 0xD3, 0xEE, 0x2E, 0x10
    .byte   0x0E, 0x3E, 0xE3,   -6, 0x03, 0x1D, 0x3D, 0x2E, 0x21, 0x02, 0xFF, 0xE2, 0xFD, 0x4D, 0x12, 0xD3
    .byte   0xD2, 0x2F, 0x0E, 0x2E, 0x1F, 0x02, 0xE2, 0x1F, 0xE2, 0xD2, 0x2E, 0x22, 0xD1, 0x2E, 0x3E, 0x1E
    .byte   0xE3, 0xD3, 0xD2, 0x2D,    7, 0x0D, 0x22, 0xD3, 0xD2, 0x1D, 0x3E, 0x13, 0xC4, 0xDF, 0x3C, 0x4C
    .byte   0x22, 0x12, 0xE2, 0xD3, 0xD3, 0xE0, 0x2D, 0x3E, 0x0F, 0xE3, 0xD2, 0x2D, 0x3E, 0x00, 0x2E, 0x2F
    .byte   0xD4, 0xC3, 0x1D, 0x3E, 0xF2,    2, 0x0E, 0x10, 0x1F, 0x2F, 0xE3, 0xC4, 0xD2, 0x1D, 0x3E, 0x02
    .byte   0xEF, 0x2E, 0x1F, 0x12, 0xE1, 0x0F, 0x2E, 0x11, 0x1F, 0x1E, 0x11, 0xE3, 0xD2, 0x2C, 0x4E, 0xE3
    .byte   0xD2, 0x2C, 0x40, 0xC5, 0xC0, 0x3C,    1, 0x0E, 0x13, 0xD2, 0xE0, 0x2D, 0x4C, 0x30, 0xD4, 0xC4
    .byte   0xDE, 0x3C, 0x4D, 0xF4, 0xB4, 0xFD, 0x4C, 0x3F, 0x01, 0xE1, 0x10, 0x2F, 0x0F, 0x1F, 0xF2, 0xD2
    .byte   0x0E, 0x3E, 0x0F, 0x2E, 0xF2, 0xFF, 0x2E,   -1, 0x00, 0xE2, 0x2F, 0x1F, 0xE3, 0xC3, 0x2D, 0x3D
    .byte   0x2F, 0x2E, 0x02, 0xE2, 0x2D, 0x3D, 0xF4, 0xB4, 0xED, 0x5B, 0x41, 0xC4, 0xD1, 0x2E, 0xF2, 0xE1
    .byte   0x2E, 0x02, 0xE2, 0xD3, 0xFE, 0x3D, 0x02, 0xD3,   -1, 0x02, 0x1E, 0x2D, 0x21, 0xE3, 0xD3, 0xFD
    .byte   0x4C, 0x21, 0xE2, 0x0F, 0x01, 0x02, 0xE2, 0xEE, 0x3C, 0x4E, 0xD4, 0xC3, 0x1E, 0x3D, 0x0F, 0xF1
    .byte   0xF3, 0xE0, 0x2D, 0x3D, 0x13, 0xD3, 0xEE, 0x1E, 0x03,   -7, 0x04, 0xED, 0x3C, 0x3F, 0x13, 0xD3
    .byte   0xD0, 0x1F, 0x3E, 0x0F, 0xD0, 0x21, 0x3E, 0x01, 0xC4, 0xE0, 0x2E, 0x2D, 0x3D, 0xF4, 0xC3, 0x0D
    .byte   0x4D, 0xF2, 0xD2, 0x1E, 0x3E, 0xF1, 0xFD, 0x4E, 0xD4, 0xC2,    2, 0x0E, 0x11, 0xE0, 0x3D, 0x23
    .byte   0xC3, 0x2D, 0x21, 0xD3, 0x2C, 0x4E, 0xD4, 0xC3, 0x1E, 0x02, 0xED, 0x4C, 0x24, 0xB4, 0x4B, 0x4D
    .byte   0xE3, 0xE2, 0x01, 0xE0, 0x0D, 0x3E, 0x13, 0xC2, 0x10, 0x3E, 0x11,   -5, 0x02, 0xE2, 0x2F, 0x1F
    .byte   0x2E, 0xE3, 0xD0, 0x3C, 0x32, 0xC4, 0xED, 0x4D, 0x12, 0xD3, 0xEF, 0x2E, 0x22, 0xEE, 0x11, 0x12
    .byte   0xE0, 0x2C, 0x3F, 0xE4, 0xD1, 0x2D, 0x02, 0xD2, 0x3F, 0x3D, 0xFE, 0xF0,    1, 0x04, 0xC2, 0x2B
    .byte   0x32, 0xD3, 0x20, 0x31, 0xDD, 0xFF, 0x32, 0xE3, 0xED, 0x2E, 0xE3, 0x3D, 0x2E, 0xD3, 0xEE, 0x2F
    .byte   0x03, 0x2E, 0x2C, 0x22, 0xD3, 0x0F, 0x2E, 0xE1, 0x02, 0xE2, 0x1F, 0xFE, 0x11,    4, 0x0E, 0x0E
    .byte   0x13, 0x00, 0x0D, 0x12, 0xD3, 0xE1, 0x2D, 0x3E, 0xF1, 0x00, 0x2E, 0x02, 0xF1, 0xEE, 0x11, 0x22
    .byte   0x01, 0xEE, 0x1E, 0x12, 0xE1, 0x3D, 0x2F, 0xE2, 0xE2, 0x1E, 0x3F, 0xE2, 0xDF, 0x2E,    3, 0x02
    .byte   0xEF, 0x0D, 0x2F, 0xE3, 0xFF, 0x30, 0xD0, 0xEF, 0x3F, 0xF1, 0xFF, 0xFF, 0xF0, 0x02, 0x20, 0xFF
    .byte   0xEE, 0x01, 0x21, 0x12, 0xEF, 0xFE, 0x01, 0x03, 0x0E, 0xFE, 0xE2, 0x02, 0x20, 0x1F, 0xEF,   -1
    .byte   0x0E, 0x0F, 0x03, 0x0F, 0x2E, 0xF0, 0xEF, 0xF0, 0x22, 0x21, 0xEE, 0xEE, 0x03, 0x21, 0x0E, 0xEF
    .byte   0xFF, 0x12, 0x12, 0x0E, 0xFE, 0x01, 0x12, 0x2F, 0x1E, 0xEF, 0xF1, 0x12, 0x11, 0xFE, 0x0E, 0x01
    .byte     -1, 0x01, 0x10, 0xF0, 0x0F, 0xF0, 0x20, 0x00, 0x1E, 0x00, 0xF0, 0x11, 0x10, 0xFF, 0x0E, 0x21
    .byte   0x10, 0x0F, 0xF1, 0x01, 0x0F, 0x1F, 0x00, 0xFF, 0x01, 0x01, 0x00, 0x1F, 0xF0, 0xF1, 0x10, 0x1F
    .byte   0x10,   -1, 0x01, 0x11, 0xF0, 0x0F, 0xF0, 0x11, 0x11, 0x00, 0x0F, 0xE1, 0x0F, 0x21, 0x11, 0xFF
    .byte   0xEF, 0xFF, 0x12, 0x11, 0x00, 0xFE, 0x00, 0x11, 0x10, 0xFF, 0xEF, 0xFF, 0x02, 0x11, 0x00, 0xEF
    .byte   0xF0, 0x12,   -3, 0x01, 0x1F, 0xFF, 0x00, 0x02, 0x10, 0x2F, 0xF0, 0x02, 0x02, 0x22, 0xF1, 0x10
    .byte   0x0F, 0xF1, 0x0F, 0xFE, 0xEF, 0xEF, 0xFF, 0xFF, 0xEF, 0xF0, 0xEF, 0x0E, 0xFF, 0xFF, 0x0E, 0x0F
    .byte   0xF0, 0xFF, 0x00,  -28, 0x00, 0x00, 0x02, 0x02, 0x22, 0x33, 0x33, 0x32, 0x11, 0x2E, 0x00, 0xEF
    .byte   0xFF, 0xFE, 0xEE, 0xDE, 0xEE, 0xE0, 0xFF, 0x02, 0x02, 0xF2, 0x01, 0x11, 0xFF, 0xF0, 0xFF, 0x01
    .byte   0xF0, 0x0F, 0x0E, 0xF0,   -6, 0x00, 0x01, 0x00, 0x00, 0xFE, 0xFE, 0xEE, 0xEF, 0xEF, 0x0E, 0x0F
    .byte   0x0E, 0x01, 0xF2, 0x23, 0x33, 0x44, 0x33, 0x21, 0x1E, 0xFE, 0x00, 0x00, 0xEF, 0xED, 0xDD, 0xDD
    .byte   0xE1, 0x10, 0x32, 0x22, 0x01,    8, 0x00, 0x12, 0x02, 0xF0, 0x0E, 0xFE, 0xEE, 0xEF, 0xF0, 0xF1
    .byte   0x10, 0x11, 0x02, 0x01, 0x10, 0x0E, 0xFF, 0xEE, 0xEE, 0xFE, 0xEF, 0xEE, 0xFE, 0x0E, 0x11, 0x02
    .byte   0x23, 0x33, 0x43, 0x43, 0x22, 0x2E,   45, 0x0F, 0xEE, 0x0F, 0x1E, 0xEE, 0xDD, 0xDD, 0xDE, 0x12
    .byte   0x23, 0x22, 0x22, 0x0F, 0x01, 0x11, 0x02, 0x10, 0xFE, 0xEE, 0xEF, 0xEF, 0xFF, 0x2F, 0x02, 0x00
    .byte   0x11, 0x00, 0xF0, 0xF0, 0xEF, 0xEF, 0xEE,  -22, 0x0E, 0xEF, 0xEF, 0x0E, 0x0E, 0x00, 0xF1, 0x23
    .byte   0x33, 0x44, 0x34, 0x22, 0x2D, 0xFE, 0xE1, 0x00, 0x1F, 0xEE, 0xDC, 0xDC, 0xEE, 0xF2, 0x32, 0x33
    .byte   0x02, 0x0E, 0xFF, 0x12, 0x12, 0x20, 0x1E, 0xEE,    1, 0x0E, 0xEE, 0x01, 0x02, 0x02, 0x1F, 0x1F
    .byte   0x1F, 0x01, 0xF0, 0x0E, 0x0E, 0xEE, 0xEE, 0xEE, 0xFF, 0xFF, 0x0F, 0xEF, 0xE0, 0x02, 0x24, 0x34
    .byte   0x52, 0x42, 0x21, 0xEE, 0xEF, 0x00, 0x12, 0xFE, 0xED,   14, 0x0D, 0xCC, 0x0E, 0x13, 0x24, 0x22
    .byte   0x20, 0xFE, 0xFF, 0x12, 0x03, 0x02, 0x1E, 0xFD, 0xED, 0xEE, 0x01, 0x12, 0x21, 0x20, 0xF0, 0xE1
    .byte   0xE0, 0x0F, 0x0F, 0xFE, 0xEE, 0xEE, 0xEF, 0xEF, 0xFF, 0x0F,  -42, 0x0F, 0xFF, 0xF2, 0x14, 0x34
    .byte   0x43, 0x43, 0x22, 0xFE, 0xEE, 0xF0, 0xF2, 0x1F, 0xED, 0xDD, 0xCD, 0xDD, 0xF1, 0x23, 0x33, 0x12
    .byte   0x1E, 0x0E, 0xF0, 0x02, 0x12, 0x22, 0x0E, 0x1D, 0xEE, 0xEE, 0x00,   -7, 0x02, 0x12, 0x10, 0x1E
    .byte   0x0E, 0xEE, 0x0F, 0x0E, 0x0F, 0xFE, 0xEE, 0xEF, 0xEF, 0x0F, 0x01, 0x00, 0xF0, 0x22, 0x33, 0x34
    .byte   0x43, 0x41, 0x21, 0xEF, 0xEE, 0x0F, 0x21, 0x10, 0xED, 0xDD, 0xCD, 0xDD,  -27, 0x01, 0x23, 0x32
    .byte   0x22, 0x01, 0xEE, 0xFE, 0x12, 0x22, 0x21, 0x20, 0xEF, 0xDE, 0xEE, 0xE1, 0x12, 0x21, 0x21, 0xF0
    .byte   0xEE, 0xEE, 0xFE, 0xFF, 0x0F, 0x1F, 0xEF, 0xEE, 0xEF, 0xEF, 0x00, 0x20, 0x02,  -34, 0x02, 0x33
    .byte   0x33, 0x43, 0x33, 0x22, 0x0E, 0xEF, 0x0E, 0x01, 0xFF, 0xEE, 0xDD, 0xDD, 0xDD, 0xFF, 0x12, 0x23
    .byte   0x22, 0x12, 0xFE, 0xFE, 0xF0, 0x02, 0x12, 0x20, 0x0F, 0xEE, 0xEE, 0xEF, 0x0F, 0x22,   -2, 0x02
    .byte   0x1F, 0x0E, 0xFE, 0xEE, 0xFE, 0xFF, 0xF0, 0xFE, 0xFF, 0xEF, 0xFE, 0x01, 0x11, 0x11, 0x21, 0x22
    .byte   0x33, 0x34, 0x33, 0x32, 0x20, 0xFF, 0xEE, 0xFF, 0x00, 0xFE, 0xEE, 0xDD, 0xDD, 0xDE, 0xE0,  -19
    .byte   0x01, 0x32, 0x22, 0x2F, 0x0F, 0xEF, 0xFF, 0x02, 0x12, 0x11, 0x10, 0xEE, 0xEF, 0xEF, 0xFF, 0x2F
    .byte   0x21, 0x01, 0xF0, 0xEE, 0xEF, 0xEF, 0xEF, 0x0F, 0xFF, 0xE0, 0xEF, 0xFF, 0x01, 0x10, 0x21, 0x12
    .byte    -22, 0x02, 0x33, 0x34, 0x33, 0x22, 0x2F, 0x0E, 0x0F, 0xEF, 0xFF, 0xFE, 0xEE, 0xDD, 0xDE, 0xDE
    .byte   0xE0, 0x02, 0x22, 0x22, 0x20, 0x0F, 0xFF, 0xFF, 0x10, 0x12, 0x11, 0x0F, 0xFE, 0xEF, 0xEF, 0xFF
    .byte   0x11,   -5, 0x01, 0x10, 0xFF, 0xFE, 0xEE, 0x0E, 0xFF, 0xFF, 0x0E, 0x0F, 0xEF, 0xF0, 0x10, 0x02
    .byte   0x02, 0x02, 0x22, 0x33, 0x33, 0x34, 0x03, 0x10, 0x0E, 0x0F, 0xEF, 0xFF, 0xEE, 0xEE, 0xED, 0xDD
    .byte   0xDE, 0xFF,  -20, 0x02, 0x22, 0x22, 0x21, 0xF0, 0xE0, 0xF1, 0x10, 0x2F, 0x11, 0xF0, 0xEE, 0xFE
    .byte   0x0E, 0x01, 0x02, 0x01, 0xF0, 0x0E, 0x0F, 0xE0, 0xE0, 0x0E, 0x0E, 0x0E, 0x0E, 0x0F, 0x10, 0x02
    .byte   0x01, 0x20, 0x12,  -19, 0x03, 0x33, 0x33, 0x33, 0x22, 0x20, 0xEF, 0xFE, 0xFF, 0xFF, 0xFE, 0xED
    .byte   0xED, 0xDD, 0xEE, 0xE0, 0x12, 0x22, 0x21, 0x20, 0xFF, 0x0F, 0xF1, 0x11, 0x11, 0x10, 0x0E, 0x0E
    .byte   0xE0, 0xE0, 0x10, 0x11,   -8, 0x01, 0x0F, 0xF0, 0xEF, 0xFF, 0x0F, 0xE0, 0xFE, 0xFE, 0xFE, 0x00
    .byte   0x02, 0x11, 0x11, 0x11, 0x02, 0xF3, 0x33, 0x34, 0x23, 0x22, 0x20, 0xEF, 0xFF, 0xFF, 0xF0, 0xFE
    .byte   0xED, 0xED, 0xDD, 0xDF, 0xE1,  -17, 0x02, 0x22, 0x02, 0x0F, 0x1F, 0xF1, 0x00, 0x20, 0x20, 0xF0
    .byte   0xE0, 0xEF, 0xE0, 0xF0, 0x11, 0x11, 0x1F, 0x00, 0xEF, 0xF0, 0xE0, 0xFF, 0xFF, 0xEF, 0xE0, 0xEF
    .byte   0xFF, 0x10, 0x11, 0x11, 0x10, 0x21,  -21, 0x02, 0x33, 0x33, 0x33, 0x22, 0x20, 0x2E, 0x0F, 0x0F
    .byte   0x0F, 0xFE, 0xEE, 0xDD, 0xDE, 0xDE, 0xEF, 0x02, 0x02, 0x11, 0x11, 0x0F, 0x1F, 0x02, 0x00, 0x20
    .byte   0x1F, 0xFF, 0xE0, 0xE0, 0xF1, 0x11, 0x11,   -3, 0x0F, 0xF0, 0xE0, 0x0E, 0x0F, 0x00, 0xEF, 0xFE
    .byte   0xFE, 0xFF, 0xF1, 0xF1, 0x11, 0x01, 0x01, 0x11, 0x12, 0x22, 0x33, 0x32, 0x33, 0x20, 0x21, 0x00
    .byte   0x11, 0x00, 0xFF, 0xFE, 0xED, 0xDE, 0xDE, 0xDF,  -11, 0x0F, 0x10, 0x20, 0x01, 0xF0, 0xFF, 0x10
    .byte   0x21, 0x12, 0x11, 0x00, 0xE0, 0xE0, 0xE0, 0x11, 0x02, 0x10, 0x0F, 0xFE, 0x0E, 0x00, 0xF0, 0xF1
    .byte   0x0E, 0x0E, 0xEF, 0xEF, 0x01, 0x00, 0x20, 0x1F, 0x1F,  -24, 0x01, 0x11, 0x22, 0x23, 0x33, 0x22
    .byte   0x32, 0x11, 0x11, 0x10, 0x11, 0x10, 0xFE, 0xEE, 0xDD, 0xED, 0xEE, 0xFF, 0xFF, 0x11, 0xFF, 0x0F
    .byte   0xF0, 0x20, 0x11, 0x21, 0x2F, 0x0F, 0xFF, 0xEF, 0xF0, 0x00,   -4, 0x01, 0x00, 0x1F, 0x0E, 0x0F
    .byte   0xF0, 0x0F, 0x10, 0xFF, 0xFE, 0xFE, 0xFE, 0x00, 0x10, 0x01, 0x01, 0x01, 0xF1, 0x00, 0x20, 0x22
    .byte   0x23, 0x32, 0x23, 0x21, 0x12, 0x02, 0xF0, 0x12, 0x0F, 0x0E, 0xEE,   25, 0x0D, 0xED, 0xEF, 0xE0
    .byte   0x1F, 0x00, 0xFE, 0x0F, 0xF0, 0x02, 0x20, 0x21, 0x00, 0x0F, 0x0E, 0xF0, 0xF1, 0x02, 0x10, 0x10
    .byte   0xF0, 0xFE, 0x1F, 0xF1, 0x00, 0x1F, 0xFE, 0x0E, 0xEF, 0xEF, 0x0F, 0x11,  -22, 0x00, 0x01, 0xF0
    .byte   0xF1, 0x10, 0x21, 0x21, 0x22, 0x32, 0x31, 0x22, 0x21, 0x11, 0x20, 0x20, 0x11, 0xFF, 0xEE, 0xDE
    .byte   0xDE, 0xEE, 0xFF, 0xE1, 0xFF, 0xF0, 0xEF, 0x0F, 0x11, 0x20, 0x20, 0x11, 0xFF,   -3, 0x00, 0xFF
    .byte   0x01, 0x01, 0x2F, 0x00, 0x0F, 0x00, 0xE0, 0x01, 0xFF, 0xF1, 0x0F, 0xE0, 0xEF, 0x0E, 0xFF, 0x01
    .byte   0x01, 0x01, 0x00, 0x01, 0x01, 0x11, 0x11, 0x12, 0x12, 0x32, 0x30, 0x21, 0x21, 0x01,   33, 0x01
    .byte   0x21, 0x11, 0x0F, 0xEE, 0xED, 0xEE, 0xEE, 0xE0, 0xF0, 0xFF, 0x0E, 0x0E, 0xF0, 0x01, 0x21, 0x12
    .byte   0xF0, 0x0F, 0x0F, 0x01, 0x0F, 0x10, 0x11, 0x10, 0x10, 0x0E, 0x0F, 0x0F, 0x00, 0x01, 0xF0,   -7
    .byte   0x0F, 0xEF, 0xE0, 0xE0, 0x00, 0x10, 0x11, 0x00, 0x10, 0xFF, 0x02, 0x01, 0x12, 0x22, 0x22, 0x22
    .byte   0x21, 0x20, 0x21, 0x12, 0x11, 0x11, 0x0F, 0xFE, 0xED, 0xFE, 0xEE, 0xFE, 0xF0, 0x0E, 0x00, 0xE0
    .byte    -10, 0x00, 0x01, 0x02, 0x11, 0x00, 0x0F, 0xF0, 0xF0, 0x01, 0x11, 0x0F, 0x1F, 0x00, 0x00, 0x01
    .byte   0xF1, 0xF0, 0x0F, 0xF0, 0xE0, 0x0F, 0xFF, 0x0F, 0xFF, 0xF0, 0x0F, 0x00, 0x01, 0x10, 0x10, 0x01
    .byte   0x11,   -9, 0x01, 0x23, 0x12, 0x22, 0x11, 0x10, 0x20, 0x22, 0x12, 0xF0, 0x1E, 0xEE, 0xEE, 0xEE
    .byte   0xFE, 0xFF, 0xFF, 0x0E, 0x0E, 0xFF, 0x00, 0x10, 0x21, 0x01, 0xFF, 0xFF, 0xF0, 0x01, 0x11, 0x01
    .byte   0x00, 0xF0,   -5, 0x00, 0x10, 0x00, 0x11, 0xF0, 0xF0, 0xE0, 0xFF, 0xF0, 0xFF, 0xF0, 0xE0, 0xF0
    .byte   0x01, 0x01, 0x10, 0x1F, 0x01, 0x11, 0x12, 0x12, 0x23, 0x21, 0x12, 0x02, 0x01, 0x12, 0x20, 0x20
    .byte   0x0F, 0xEE, 0xEE,   16, 0x0E, 0xEF, 0xE0, 0xFF, 0x0E, 0x0E, 0x0F, 0xFF, 0x11, 0x02, 0x00, 0x10
    .byte   0xFF, 0xF0, 0xF0, 0x02, 0x01, 0x1F, 0x0F, 0x0F, 0x1F, 0x01, 0x01, 0x0F, 0x00, 0xE0, 0xFE, 0x0F
    .byte   0xFF, 0xF0, 0xFF, 0xF0,  -20, 0x01, 0x01, 0x01, 0x10, 0x01, 0x11, 0x12, 0x21, 0x32, 0x22, 0x02
    .byte   0x10, 0x02, 0x21, 0x21, 0x11, 0xFF, 0xED, 0xFE, 0xEE, 0xEF, 0xE0, 0xFF, 0x0E, 0x0E, 0x00, 0xF0
    .byte   0x12, 0x11, 0x1F, 0x1F, 0xF0,   -3, 0x00, 0x0F, 0x01, 0x11, 0xF1, 0xFF, 0xFF, 0xF1, 0xF1, 0x00
    .byte   0x00, 0x00, 0xE0, 0xEF, 0xFF, 0xFF, 0xFF, 0xF0, 0xF1, 0x1F, 0x10, 0x10, 0x11, 0x01, 0x02, 0x12
    .byte   0x22, 0x32, 0x22, 0x12, 0x11, 0x11,   35, 0x02, 0x02, 0x00, 0xEE, 0xED, 0xED, 0xEF, 0xEF, 0x1F
    .byte   0x0F, 0xFE, 0x0E, 0x00, 0x20, 0x20, 0x11, 0x11, 0x1F, 0xF0, 0x01, 0x01, 0x10, 0xFF, 0x0E, 0x0F
    .byte   0xFF, 0x1F, 0x00, 0xF0, 0x0E, 0x0E, 0x0F,  -17, 0x0F, 0xF0, 0xE0, 0xF0, 0xE0, 0x01, 0x11, 0x11
    .byte   0x11, 0x00, 0x22, 0x23, 0x23, 0x32, 0x22, 0x01, 0x02, 0x02, 0x20, 0x10, 0xFE, 0xDD, 0xED, 0xDE
    .byte   0xFF, 0xE1, 0x0E, 0xFF, 0xFF, 0x11, 0x22, 0x21,    4, 0x01, 0x00, 0x00, 0xFF, 0x01, 0x10, 0xFE
    .byte   0x0E, 0x0E, 0xFF, 0x10, 0x01, 0x00, 0x0F, 0xE0, 0xE0, 0xFF, 0x0F, 0xF0, 0xEE, 0xEE, 0x00, 0x12
    .byte   0x20, 0x0F, 0xF1, 0x12, 0x33, 0x43, 0x33, 0x31, 0x10,   48, 0x01, 0x02, 0x21, 0x1E, 0xED, 0xDD
    .byte   0xDD, 0xDE, 0x0F, 0x0E, 0x0E, 0xF0, 0x12, 0x23, 0x23, 0x01, 0xF0, 0xEF, 0xFF, 0xF0, 0xFF, 0xEE
    .byte   0xEE, 0xEF, 0x11, 0x21, 0x20, 0x01, 0xFF, 0xFF, 0xFF, 0xFF,  -17, 0x0E, 0xED, 0xEE, 0xEF, 0x00
    .byte   0x12, 0xE0, 0xF0, 0x13, 0x33, 0x44, 0x44, 0x33, 0x10, 0x0E, 0xF0, 0x10, 0x0E, 0xDD, 0xCD, 0xDD
    .byte   0xEE, 0x1F, 0xFF, 0xFF, 0x22, 0x33, 0x23, 0x21, 0x0E, 0xEF, 0xEE,    9, 0x0E, 0xEE, 0xEE, 0xDF
    .byte   0xF1, 0x22, 0x20, 0x21, 0x12, 0x11, 0x0F, 0xED, 0xFE, 0xDE, 0xEE, 0xDE, 0xED, 0xF1, 0x12, 0x11
    .byte   0x11, 0x33, 0x44, 0x44, 0x44, 0x32, 0x1E, 0xEE, 0xFE, 0xEE, 0xDD, 0xDD,    2, 0x0E, 0xD1, 0x11
    .byte   0x11, 0x01, 0x23, 0x32, 0x32, 0x2E, 0xEE, 0xEE, 0xED, 0xED, 0xDE, 0xDF, 0x01, 0x32, 0x22, 0x12
    .byte   0x23, 0x21, 0x10, 0xEE, 0xDE, 0xDE, 0xEF, 0xDD, 0xDD, 0xE0, 0x12, 0x12, 0x11,  -52, 0x0F, 0x33
    .byte   0x34, 0x34, 0x34, 0x34, 0x2F, 0xEE, 0xDE, 0xEE, 0xED, 0xDE, 0xDE, 0xE0, 0x21, 0x21, 0x20, 0x22
    .byte   0x32, 0x20, 0xEE, 0xEE, 0xEE, 0xED, 0xDE, 0xDF, 0xE2, 0x13, 0x22, 0x12, 0x22, 0x32,   21, 0x0F
    .byte   0xEE, 0xDE, 0xED, 0xED, 0xEE, 0xEE, 0xFE, 0xEE, 0x12, 0x22, 0x11, 0xFF, 0x01, 0x33, 0x34, 0x33
    .byte   0x34, 0x43, 0xFD, 0xDD, 0xE0, 0x0E, 0xDD, 0xDE, 0xE0, 0x33, 0x2F, 0xEE, 0x13, 0x23, 0x2F,   29
    .byte   0x0D, 0xDE, 0xFF, 0xFE, 0xDD, 0xDE, 0x23, 0x23, 0x12, 0x03, 0x23, 0x10, 0xEE, 0xDE, 0xEE, 0xEE
    .byte   0xED, 0xEE, 0xFF, 0xFE, 0xEF, 0xF0, 0x21, 0x0F, 0x00, 0x10, 0xE1, 0x34, 0x44, 0x34, 0x44, 0x2F
    .byte     60, 0x0D, 0xEF, 0xED, 0xDD, 0xDE, 0xEE, 0x24, 0x21, 0xE0, 0x23, 0x31, 0x0E, 0xEE, 0xDE, 0xD1
    .byte   0xEE, 0xDD, 0xE1, 0x32, 0x21, 0x12, 0x23, 0x23, 0x1D, 0xDD, 0xEE, 0x02, 0xEE, 0xDD, 0xE1, 0x20
    .byte   0x0E,  -39, 0x0E, 0xEE, 0x22, 0x2E, 0xDE, 0x22, 0xE0, 0x23, 0x45, 0x44, 0x35, 0x4F, 0xDC, 0xDE
    .byte   0xDD, 0xDD, 0xDE, 0xFF, 0x23, 0x42, 0xEE, 0x33, 0x20, 0xEE, 0xED, 0xDD, 0xEF, 0x1E, 0xDD, 0x23
    .byte   0x22, 0x22,    5, 0x00, 0x12, 0x31, 0xFD, 0xCE, 0x12, 0xFE, 0xEE, 0xEE, 0x12, 0x0E, 0xED, 0xE1
    .byte   0x20, 0xED, 0x01, 0x00, 0x02, 0x0D, 0xF3, 0x45, 0x53, 0x33, 0x44, 0xFC, 0xCE, 0xFC, 0xDE, 0xEE
    .byte   0xE1, 0x23, 0x43,   35, 0x0D, 0x23, 0x2D, 0xDE, 0xED, 0xDD, 0x2F, 0x00, 0xE0, 0x23, 0x21, 0x12
    .byte   0xFD, 0x03, 0x30, 0xCD, 0xEF, 0x02, 0x10, 0xEE, 0xEF, 0x22, 0xDD, 0xDE, 0x01, 0x1F, 0xFD, 0xE2
    .byte   0x21, 0x1F, 0xDE, 0x03,  -34, 0x04, 0x53, 0x33, 0x35, 0x3D, 0xCC, 0xEE, 0xDD, 0x20, 0xDE, 0x14
    .byte   0x43, 0x2E, 0xFF, 0xFE, 0x1D, 0xDD, 0xCE, 0x21, 0xFF, 0xF0, 0x02, 0x32, 0x10, 0xEE, 0x02, 0x11
    .byte   0xEE, 0xFF, 0x02, 0x1F, 0xEE,  -11, 0x0E, 0x20, 0xEE, 0xDE, 0xFE, 0xEE, 0xEF, 0xFF, 0xF0, 0x21
    .byte   0xF1, 0x22, 0x12, 0x45, 0x33, 0x24, 0x42, 0xCD, 0xE1, 0xDD, 0x22, 0xEE, 0xF3, 0x42, 0x0E, 0xFF
    .byte   0xEE, 0xFE, 0xDC, 0xDF, 0x23, 0xED,   -6, 0x02, 0x21, 0x23, 0xFE, 0xDE, 0xF1, 0x01, 0x10, 0xFF
    .byte   0x33, 0x0E, 0xDE, 0xEE, 0xE0, 0xEE, 0xEE, 0x0E, 0xEE, 0xEE, 0xEF, 0xE0, 0x13, 0x2E, 0xE2, 0x3E
    .byte   0x14, 0x53, 0x23, 0x45, 0x0D, 0xDE, 0xFD,   27, 0x02, 0x1D, 0xE2, 0x34, 0x0F, 0xFE, 0xDF, 0xFF
    .byte   0xDD, 0xDE, 0xE1, 0x1F, 0xE1, 0x11, 0x22, 0x2E, 0xE0, 0xFF, 0x02, 0xFF, 0x12, 0x02, 0x01, 0x0D
    .byte   0x0E, 0xEE, 0xEF, 0xEE, 0xFE, 0x0D, 0xEF, 0xEE,  -55, 0x0F, 0x0F, 0x22, 0x02, 0x11, 0x10, 0x44
    .byte   0x43, 0x34, 0x42, 0xDE, 0xF0, 0xDE, 0x20, 0xDE, 0x33, 0x3E, 0xE1, 0xFD, 0xFF, 0xED, 0xDD, 0x0E
    .byte   0x0E, 0xF1, 0xFF, 0x22, 0x1F, 0xE2, 0x10, 0xF0, 0x11,    1, 0x01, 0x21, 0x1F, 0xEF, 0x11, 0xEE
    .byte   0xEE, 0xFE, 0xEE, 0xEF, 0xDE, 0xEE, 0xFF, 0xE0, 0x12, 0x11, 0x12, 0xF1, 0x33, 0x43, 0x43, 0x43
    .byte   0x2E, 0x11, 0xDE, 0x22, 0xDD, 0x23, 0x20, 0x20, 0xED, 0xF2,   37, 0x0D, 0xCE, 0xEE, 0xFF, 0xEE
    .byte   0xE1, 0x22, 0x2E, 0x10, 0x02, 0x20, 0xE1, 0x12, 0x12, 0xF0, 0x0E, 0xFF, 0x1D, 0xEF, 0xEE, 0xEF
    .byte   0xEE, 0xDF, 0xEE, 0xEF, 0xEE, 0xF2, 0x2F, 0x12, 0xE1, 0x34, 0x34,    6, 0x03, 0x44, 0x2E, 0x22
    .byte   0xED, 0x22, 0xED, 0xF3, 0x1E, 0x11, 0x1D, 0xE2, 0xFD, 0xDE, 0xEE, 0xDF, 0xFE, 0xD1, 0x21, 0x00
    .byte   0x12, 0x11, 0x22, 0xF0, 0x23, 0xFE, 0x21, 0xFE, 0xF0, 0xFD, 0xFF, 0xFE,  -15, 0x0E, 0xEE, 0xDE
    .byte   0xEE, 0xEE, 0x0F, 0xE1, 0x21, 0xEF, 0x22, 0x23, 0x43, 0x33, 0x44, 0x3F, 0x23, 0xFE, 0x12, 0xED
    .byte   0x03, 0x1E, 0xFF, 0xFD, 0xF1, 0x0D, 0xDE, 0xEE, 0xEF, 0xED, 0xE0, 0x10, 0xFF,  -15, 0x01, 0x12
    .byte   0x22, 0xFF, 0x22, 0x10, 0x20, 0xFF, 0xF1, 0xFE, 0xEE, 0x1E, 0xEE, 0xEF, 0xDE, 0xFE, 0xEE, 0xE0
    .byte   0xFF, 0x00, 0x0F, 0x11, 0x13, 0x32, 0x33, 0x33, 0x32, 0x32, 0x22, 0x22, 0x10, 0x02,   58, 0x01
    .byte   0x0F, 0xFD, 0xE0, 0xEE, 0xEE, 0xED, 0xFF, 0xEF, 0xDE, 0xEF, 0xE1, 0x00, 0xF1, 0x11, 0x11, 0x11
    .byte   0x10, 0x12, 0x11, 0x20, 0x10, 0xF0, 0x0E, 0xFF, 0xEE, 0xFE, 0xEE, 0xDF, 0xED, 0xFE, 0xEF,  -59
    .byte   0x0F, 0xFF, 0xF0, 0x12, 0x23, 0x33, 0x33, 0x23, 0x33, 0x32, 0x33, 0x22, 0x32, 0x22, 0x20, 0xEE
    .byte   0xEE, 0xEE, 0xDE, 0xDE, 0xED, 0xED, 0xDE, 0xED, 0xEF, 0xEE, 0x0F, 0xF0, 0x00, 0x11, 0x11, 0x12
    .byte    -19, 0x02, 0x20, 0x21, 0x10, 0x10, 0xFE, 0xFE, 0xFE, 0xFE, 0xEE, 0xEE, 0xEE, 0xEE, 0xFE, 0x12
    .byte   0x23, 0x23, 0x33, 0x33, 0x32, 0x33, 0x23, 0x22, 0x32, 0x22, 0x10, 0xFD, 0xEE, 0xED, 0xEE, 0xDE
    .byte   0xEE,   13, 0x0D, 0xED, 0xEE, 0xEF, 0xFF, 0xF0, 0xF0, 0x10, 0x1F, 0x11, 0x02, 0x22, 0x20, 0x20
    .byte   0x1F, 0xF0, 0xEF, 0xEE, 0xFE, 0xFE, 0xEE, 0xEE, 0xEE, 0xEE, 0xF0, 0x22, 0x22, 0x33, 0x33, 0x33
    .byte   0x23, 0x32,   46, 0x03, 0x22, 0x22, 0x31, 0xFF, 0xEE, 0xEE, 0xEE, 0xDE, 0xDE, 0xEE, 0xDE, 0xDE
    .byte   0xDF, 0xEF, 0x0E, 0x0F, 0x00, 0x1F, 0xF1, 0xF1, 0x12, 0x21, 0x21, 0x11, 0x00, 0xFF, 0xEE, 0x0E
    .byte   0x0F, 0xEF, 0xEE,  -39, 0x0E, 0xFE, 0xEE, 0x11, 0x22, 0x23, 0x23, 0x42, 0x32, 0x32, 0x32, 0x32
    .byte   0x22, 0x32, 0x21, 0x1E, 0xEE, 0xED, 0x1D, 0xEE, 0xDE, 0xED, 0xEE, 0xED, 0xEE, 0xFF, 0xFF, 0xFF
    .byte   0xF0, 0x1F, 0x1F, 0x01,  -20, 0x02, 0x21, 0x11, 0x1F, 0x00, 0xE0, 0xFE, 0xFE, 0x0F, 0xEE, 0xE0
    .byte   0xEE, 0x0E, 0xE0, 0x00, 0x22, 0x22, 0x33, 0x33, 0x32, 0x32, 0x33, 0x22, 0x22, 0x23, 0x21, 0x1E
    .byte   0xEE, 0xED, 0xFE, 0xDE, 0xED,   21, 0x0E, 0xED, 0xED, 0xEE, 0xE0, 0xFF, 0xFF, 0xF0, 0x1F, 0x1F
    .byte   0x02, 0x02, 0x22, 0x10, 0x01, 0x00, 0xFF, 0xEF, 0xEF, 0xFE, 0x0E, 0xEF, 0xEE, 0xFE, 0x0E, 0x0F
    .byte   0x22, 0x13, 0x23, 0x33, 0x33, 0x13,   31, 0x03, 0x23, 0x02, 0x13, 0x22, 0x10, 0xEE, 0xEE, 0xEE
    .byte   0xD0, 0xDE, 0xEE, 0xED, 0xED, 0xEE, 0xEF, 0xF0, 0xE0, 0xFF, 0x1F, 0x0F, 0x11, 0x11, 0x22, 0x11
    .byte   0x11, 0x00, 0x0E, 0x0E, 0xFF, 0xEF, 0xFE,  -31, 0x0E, 0xFE, 0x0E, 0xEF, 0xFF, 0x02, 0x22, 0x23
    .byte   0x33, 0x33, 0x22, 0x23, 0x32, 0x22, 0x22, 0x31, 0x21, 0xFE, 0xEE, 0xEE, 0xEE, 0xED, 0xEE, 0xEE
    .byte   0xDE, 0xDE, 0xEF, 0xEF, 0xFF, 0xFF, 0xF0, 0x00,  -23, 0x0F, 0x11, 0x12, 0x22, 0x01, 0x0F, 0x00
    .byte   0xEF, 0xFE, 0x0E, 0x0E, 0xFE, 0xFE, 0xFE, 0xFE, 0x0E, 0x01, 0x12, 0x22, 0x32, 0x33, 0x33, 0x22
    .byte   0x32, 0x32, 0x22, 0x22, 0x31, 0x20, 0xEE, 0xEE, 0xEE,   48, 0x0E, 0xED, 0xEE, 0xED, 0xEE, 0xDE
    .byte   0xE0, 0xE1, 0x0E, 0x0F, 0x00, 0xF1, 0x00, 0x02, 0x12, 0x11, 0x11, 0xF1, 0xFF, 0xF0, 0xE0, 0xE0
    .byte   0xFE, 0x1E, 0xEE, 0xFF, 0xEE, 0x0F, 0xF0, 0x22, 0x22, 0x23,  -12, 0x03, 0x32, 0x23, 0x23, 0x32
    .byte   0x21, 0x23, 0x12, 0x10, 0xEF, 0xED, 0xFE, 0xEE, 0xED, 0xEE, 0xDE, 0xEE, 0xDE, 0xFE, 0xFF, 0xFF
    .byte   0xFF, 0x0F, 0x11, 0x01, 0x11, 0x22, 0x11, 0x11, 0x00, 0x0F, 0xFF,  -14, 0x0F, 0xFE, 0xFE, 0x0E
    .byte   0xEE, 0xFE, 0x0E, 0x0E, 0x00, 0x22, 0x22, 0x23, 0x33, 0x32, 0x32, 0x23, 0x23, 0x21, 0x22, 0x22
    .byte   0x2F, 0x0E, 0xEE, 0xDF, 0xEE, 0xED, 0xEE, 0xDF, 0xEE, 0xDE, 0xEE, 0xFF,  -20, 0x00, 0xEF, 0x0F
    .byte   0x11, 0x10, 0x01, 0x21, 0x22, 0x00, 0x01, 0x0F, 0x0F, 0xE0, 0xEF, 0xFE, 0xFE, 0xEE, 0x0E, 0x0E
    .byte   0xF0, 0xE0, 0x12, 0x12, 0x31, 0x33, 0x33, 0x32, 0x23, 0x23, 0x22, 0x21, 0x22,   71, 0x02, 0x1E
    .byte   0xEE, 0xED, 0xFE, 0xEE, 0xDE, 0xEE, 0xDF, 0xED, 0xEE, 0xEF, 0xFF, 0xFF, 0xFF, 0x01, 0x10, 0xF0
    .byte   0x20, 0x22, 0x10, 0x20, 0x10, 0xFF, 0xFF, 0xEE, 0xFE, 0xFE, 0x0E, 0xE0, 0xEF, 0x0E,  -47, 0x0F
    .byte   0x00, 0x22, 0x22, 0x23, 0x33, 0x32, 0x32, 0x23, 0x23, 0x12, 0x22, 0x22, 0x10, 0xFE, 0xEE, 0xDE
    .byte   0xEF, 0xDE, 0xEE, 0xED, 0xEE, 0xED, 0xFE, 0x0E, 0x00, 0xE0, 0x00, 0x11, 0x11, 0x01, 0x21,  -12
    .byte   0x01, 0x20, 0x00, 0x00, 0xFF, 0xFE, 0xFE, 0xFE, 0xFE, 0xEF, 0xEF, 0xFF, 0xEF, 0xF0, 0x12, 0x12
    .byte   0x23, 0x23, 0x33, 0x23, 0x22, 0x32, 0x22, 0x22, 0x22, 0x22, 0x0F, 0xEE, 0xEE, 0xDE, 0xEE, 0xEE
    .byte     21, 0x0E, 0xED, 0xEE, 0xEE, 0xEE, 0xF0, 0xFF, 0xFF, 0x01, 0x10, 0x10, 0x12, 0x12, 0x02, 0x11
    .byte   0x00, 0x0F, 0xFF, 0xFE, 0xFE, 0x0E, 0xEF, 0xEF, 0xEE, 0x0E, 0x00, 0xFF, 0x02, 0x22, 0x23, 0x23
    .byte   0x33,   14, 0x02, 0x23, 0x23, 0x22, 0x22, 0x21, 0x21, 0x2E, 0xEE, 0xED, 0xFE, 0xEE, 0xDE, 0xEE
    .byte   0xEE, 0xDE, 0xEE, 0xEE, 0xFF, 0xF0, 0x0F, 0xF0, 0x11, 0x02, 0x01, 0x21, 0x21, 0x20, 0x10, 0x0F
    .byte   0x0F, 0xEF,  -15, 0x0F, 0xEF, 0xEF, 0xEF, 0xEF, 0xE0, 0xEF, 0xFF, 0x02, 0x12, 0x32, 0x23, 0x32
    .byte   0x32, 0x32, 0x23, 0x22, 0x23, 0x12, 0x21, 0x10, 0xE1, 0xDE, 0xED, 0xFE, 0xEE, 0xDE, 0xEE, 0xDE
    .byte   0xEE, 0xEE, 0xE0,  -26, 0x00, 0x00, 0xF0, 0x10, 0x12, 0x01, 0x21, 0x21, 0x21, 0x01, 0x0F, 0xFF
    .byte   0xF0, 0xE0, 0xEE, 0xFE, 0xEF, 0xEE, 0xFF, 0xFF, 0x0E, 0x01, 0x12, 0x22, 0x23, 0x33, 0x33, 0x22
    .byte   0x22, 0x32, 0x22, 0x22,   64, 0x01, 0x11, 0xFF, 0xEE, 0xDE, 0xEE, 0xEE, 0xEE, 0xEE, 0xDF, 0xDE
    .byte   0xEE, 0xFE, 0x0F, 0xF1, 0xF1, 0x01, 0x01, 0x21, 0x21, 0x12, 0x01, 0x21, 0x01, 0xFF, 0x0E, 0x0E
    .byte   0xEE, 0xFE, 0xEF, 0xFE, 0xEE,  -43, 0x0F, 0x0F, 0xF1, 0x00, 0x21, 0x32, 0x33, 0x33, 0x32, 0x23
    .byte   0x22, 0x22, 0x22, 0x21, 0x10, 0x1F, 0xFE, 0xEE, 0xDE, 0xEE, 0xEE, 0xEE, 0xEE, 0xDE, 0xEE, 0xEE
    .byte   0x0F, 0xF0, 0xF0, 0x10, 0x21, 0x11,  -14, 0x00, 0x21, 0x12, 0x11, 0x10, 0x1F, 0x0F, 0xF0, 0xEE
    .byte   0xEF, 0xEE, 0xEF, 0xEF, 0xEF, 0xFE, 0xF0, 0xF0, 0x01, 0x20, 0x22, 0x23, 0x33, 0x33, 0x31, 0x22
    .byte   0x32, 0x22, 0x22, 0x20, 0x00, 0x0E, 0xFE,   52, 0x0E, 0xED, 0xFD, 0xEE, 0xEE, 0xDF, 0xEE, 0xEE
    .byte   0xEE, 0x0F, 0x0F, 0x11, 0x11, 0x02, 0x11, 0x21, 0x21, 0x02, 0x02, 0x01, 0xF1, 0x00, 0xEF, 0xEE
    .byte   0xEE, 0xFE, 0xFE, 0xFE, 0xFE, 0x0E, 0x00, 0xFF,  -44, 0x02, 0x01, 0x22, 0x31, 0x33, 0x33, 0x32
    .byte   0x22, 0x22, 0x23, 0x22, 0x20, 0x1F, 0xFF, 0xEE, 0xED, 0xEE, 0xED, 0xEE, 0xDE, 0xEE, 0xEE, 0xEF
    .byte   0xEE, 0xE0, 0x01, 0x01, 0x02, 0x11, 0x11, 0x21, 0x21,   -6, 0x02, 0x10, 0x20, 0xF0, 0x0F, 0x00
    .byte   0xEF, 0xEE, 0xEF, 0xEE, 0xEF, 0xFE, 0xFE, 0xFF, 0x00, 0x10, 0x12, 0x02, 0x22, 0x32, 0x33, 0x32
    .byte   0x22, 0x23, 0x21, 0x32, 0x22, 0x11, 0xFF, 0xFE, 0xEE, 0xEE,   40, 0x0E, 0xDE, 0xED, 0xED, 0xEE
    .byte   0xFE, 0xEE, 0xFE, 0xF0, 0x01, 0x11, 0x02, 0x02, 0x02, 0x02, 0x02, 0x10, 0x21, 0x11, 0x1F, 0x1F
    .byte   0xF0, 0xEF, 0xEE, 0xEF, 0xEF, 0xEF, 0xFF, 0xE0, 0xE0, 0x00, 0x11,  -33, 0x00, 0x22, 0x22, 0x22
    .byte   0x32, 0x32, 0x22, 0x22, 0x22, 0x22, 0x12, 0x21, 0x11, 0xFF, 0xEF, 0xEE, 0xED, 0xEE, 0xDE, 0xEE
    .byte   0xED, 0xEE, 0xEE, 0xFE, 0x0F, 0x0F, 0x11, 0x11, 0x02, 0x02, 0x01, 0x21,  -11, 0x01, 0x21, 0x21
    .byte   0x10, 0x11, 0x00, 0xE0, 0x0E, 0xFF, 0x0E, 0xFF, 0x0E, 0xFF, 0x0E, 0x00, 0x00, 0x11, 0x10, 0x20
    .byte   0x12, 0x12, 0x12, 0x22, 0x22, 0x21, 0x20, 0x21, 0x12, 0x11, 0x21, 0x00, 0x0E,   36, 0x0F, 0xEE
    .byte   0xEF, 0xEF, 0xEE, 0xEF, 0xEE, 0xFE, 0x0E, 0xEF, 0xFF, 0xF0, 0x00, 0x11, 0x11, 0x11, 0x01, 0x11
    .byte   0x02, 0x02, 0x01, 0x11, 0x10, 0x00, 0x1F, 0x00, 0x00, 0x1E, 0x02, 0xE0, 0xEF, 0x10,   -5, 0x0F
    .byte   0x0F, 0xF0, 0x01, 0x01, 0x01, 0x10, 0x21, 0x11, 0x11, 0x02, 0x01, 0xF1, 0x11, 0x00, 0xF2, 0x2E
    .byte   0xEF, 0xF0, 0x10, 0xFF, 0xFF, 0x0F, 0xFF, 0xFF, 0x0F, 0x00, 0xFF, 0xF1, 0xF1, 0x00, 0xF0,   -4
    .byte   0x00, 0x0F, 0x00, 0x01, 0x00, 0x1F, 0x10, 0x0F, 0x00, 0x01, 0x00, 0x01, 0x00, 0x10, 0x01, 0x00
    .byte   0x01, 0xF0, 0x01, 0xF1, 0x0F, 0x1F, 0x00, 0x0F, 0x00, 0x00, 0x01, 0xF0, 0x00, 0x1F, 0x01, 0x0F
    .byte      1, 0x0F, 0x01, 0x10, 0x00, 0x01, 0xF0, 0x00, 0x0F, 0x00, 0x00, 0x0F, 0x1F, 0x01, 0xF0, 0x00
    .byte   0xF1, 0x00, 0x00, 0x00, 0x00, 0x00, 0x00, 0x00, 0x01, 0xF0, 0x01, 0xF1, 0x00, 0x0F, 0x00, 0x00
    .byte   0x1F,    0, 0x01, 0xF1, 0x00, 0x1F, 0xF1, 0x00, 0x00, 0x1F, 0x10, 0xF1, 0x0F, 0x1F, 0x0F, 0x11
    .byte   0xF0, 0xF0, 0x00, 0x10, 0x0F, 0xFF, 0x00, 0x11, 0x0F, 0xF0, 0x00, 0x0F, 0x01, 0x00, 0x01, 0x00
    .byte   0x01, 0xE1,    0, 0x02, 0xFE, 0xF0, 0x11, 0x11, 0xFE, 0x20, 0x01, 0x0E, 0x01, 0x10, 0x10, 0xF0
    .byte   0xF1, 0x10, 0x0F, 0x0E, 0x12, 0x1E, 0x01, 0x2F, 0xFF, 0xF1, 0x00, 0x0F, 0x11, 0x00, 0xF1, 0x00
    .byte   0xF1, 0x0F, 0x0F,    0, 0x00, 0x01, 0xF1, 0x1F, 0x00, 0xFF, 0x01, 0x22, 0xEE, 0xFE, 0x01, 0x22
    .byte   0x10, 0xEE, 0xF0, 0x22, 0xFF, 0xEF, 0x11, 0x11, 0xF1, 0xF0, 0x1F, 0x10, 0x00, 0x00, 0x10, 0x1F
    .byte   0xFF, 0x00, 0x03, 0x1E,    1, 0x0E, 0xE1, 0x10, 0x20, 0xF0, 0xF0, 0x10, 0xF1, 0x0F, 0x11, 0x10
    .byte   0xF0, 0xF1, 0xE3, 0x4D, 0xDD, 0xD3, 0x32, 0xEE, 0xF3, 0x31, 0xDD, 0xDE, 0x22, 0x23, 0xEE, 0xE1
    .byte   0x01, 0x11, 0xFF, 0xF2, 0x21,    6, 0x0F, 0xFF, 0x00, 0x11, 0x0F, 0x0E, 0x01, 0x01, 0xFF, 0x11
    .byte   0xFE, 0xF1, 0x21, 0x00, 0xE1, 0xEE, 0xF1, 0x43, 0xDD, 0xE1, 0x20, 0xFF, 0xE1, 0x12, 0x01, 0x11
    .byte   0x00, 0xFF, 0x0F, 0x11, 0x11, 0xFF,    0, 0x01, 0xF0, 0x10, 0x1F, 0xFF, 0x11, 0x01, 0x0F, 0xE0
    .byte   0x11, 0x10, 0x10, 0xF0, 0x1F, 0x00, 0x00, 0xFF, 0x01, 0x11, 0x00, 0x00, 0x0F, 0xF1, 0x00, 0x10
    .byte   0x1F, 0xFF, 0x10, 0x10, 0x00, 0x0F, 0xF1,    1, 0x00, 0xF0, 0xF0, 0x10, 0x01, 0xF0, 0x00, 0xF1
    .byte   0xF0, 0x0F, 0x12, 0xF0, 0xFE, 0xFF, 0xF0, 0x12, 0x11, 0x10, 0xE0, 0x0F, 0x10, 0x02, 0x0F, 0x0F
    .byte   0x00, 0x00, 0xF1, 0x10, 0x00, 0x00, 0x1F, 0x10,    1, 0x01, 0x00, 0x00, 0x00, 0x00, 0xFF, 0xF1
    .byte   0xF0, 0x10, 0xF0, 0x1F, 0xF0, 0x00, 0x10, 0xF1, 0xF0, 0x10, 0xF0, 0xF0, 0xF1, 0x0F, 0x01, 0x0F
    .byte   0x0F, 0xF0, 0x00, 0x1F, 0x2F, 0x11, 0x10, 0x10, 0x20,    8, 0x02, 0x12, 0x20, 0x11, 0xFF, 0xFE
    .byte   0xFF, 0xE1, 0x00, 0xFF, 0x0E, 0xF0, 0xE0, 0xE0, 0x0F, 0xFF, 0xFF, 0xF0, 0xF0, 0x0F, 0xF0, 0xE0
    .byte   0xEF, 0xFF, 0xFF, 0xF0, 0x11, 0x11, 0x10, 0xF0, 0xEF, 0x02,  -19, 0x03, 0x34, 0x34, 0x32, 0x2E
    .byte   0xED, 0xED, 0xEE, 0x01, 0x10, 0x1F, 0xEE, 0xED, 0xEF, 0xE2, 0x12, 0x22, 0x2F, 0x0E, 0xEE, 0xE0
    .byte   0xE1, 0x00, 0x10, 0x00, 0x01, 0xF1, 0x12, 0x22, 0x12, 0x0F, 0x0E,    4, 0x0E, 0xEF, 0xEF, 0xF0
    .byte   0x0F, 0x0E, 0x0E, 0x0E, 0x0F, 0x1F, 0x11, 0x00, 0xF0, 0x0F, 0xFE, 0xFF, 0xF1, 0x22, 0x33, 0x44
    .byte   0x43, 0x32, 0x1D, 0xDD, 0xDD, 0xEF, 0x01, 0x21, 0x0E, 0xEE, 0xDD, 0xFF,   -9, 0x02, 0x32, 0x32
    .byte   0x10, 0xEE, 0xDE, 0xEE, 0xFE, 0x20, 0x01, 0x00, 0x00, 0x01, 0x22, 0x12, 0x22, 0x01, 0xEE, 0xED
    .byte   0xEE, 0xEF, 0x10, 0x11, 0x0F, 0xFF, 0xEF, 0xFF, 0x01, 0x11, 0xF2, 0x0F, 0xFE,  -29, 0x0E, 0xF0
    .byte   0x02, 0x33, 0x44, 0x44, 0x23, 0xFD, 0xDD, 0xDD, 0xEF, 0x12, 0x22, 0x1E, 0xED, 0xDD, 0xD0, 0x12
    .byte   0x33, 0x32, 0x21, 0x0D, 0xDE, 0xDF, 0xE1, 0x20, 0x20, 0x00, 0xE0, 0xE1, 0x02, 0x13,   10, 0x02
    .byte   0x2F, 0x0E, 0xDE, 0xDE, 0xEE, 0x11, 0x10, 0x2F, 0xFF, 0xEF, 0xEE, 0x00, 0x11, 0x20, 0x20, 0xFF
    .byte   0xEE, 0xEF, 0xF2, 0x23, 0x44, 0x34, 0x42, 0x2F, 0xDD, 0xDD, 0xEE, 0x02, 0x22, 0x2E, 0xED,    8
    .byte   0x0D, 0xDE, 0xE1, 0x23, 0x42, 0x31, 0xFF, 0xDD, 0xED, 0xE0, 0x02, 0x22, 0x11, 0xFF, 0xEE, 0xFF
    .byte   0x20, 0x32, 0x22, 0x0F, 0xED, 0xED, 0xEF, 0xFF, 0x11, 0x11, 0x0F, 0xEE, 0xEE, 0xE0, 0x21, 0x22
    .byte    -19, 0x01, 0x1F, 0xFE, 0xEF, 0xF1, 0x22, 0x34, 0x34, 0x33, 0x31, 0xED, 0xFD, 0xDF, 0xEF, 0x11
    .byte   0x21, 0x0D, 0xED, 0xDD, 0xEF, 0x12, 0x33, 0x23, 0x21, 0xEE, 0xDE, 0xEE, 0xE1, 0x21, 0x22, 0x00
    .byte   0x0E,   -2, 0x0F, 0xFF, 0x12, 0x22, 0x02, 0x0E, 0xEE, 0xD0, 0xDF, 0x0F, 0x11, 0x10, 0xFF, 0xEE
    .byte   0xEF, 0xFF, 0x21, 0x22, 0x21, 0x10, 0xFE, 0x0E, 0x02, 0x22, 0x34, 0x33, 0x33, 0x21, 0xEE, 0xDD
    .byte   0xEE, 0xF1,   22, 0x02, 0x11, 0xEE, 0xED, 0xDD, 0xEE, 0x22, 0x33, 0x22, 0x21, 0x0D, 0xED, 0xEF
    .byte   0xE1, 0x21, 0x22, 0x11, 0x0E, 0xEF, 0xFE, 0x22, 0x12, 0x12, 0xFF, 0xEE, 0xEE, 0xDF, 0xFF, 0x11
    .byte   0x11, 0x00, 0xEE,  -27, 0x0E, 0xF0, 0x02, 0x12, 0x21, 0x21, 0xFF, 0x0E, 0x01, 0x12, 0x23, 0x34
    .byte   0x33, 0x21, 0x1E, 0xEE, 0xDE, 0x0F, 0x11, 0x11, 0x0E, 0xEE, 0xDD, 0xDF, 0x01, 0x23, 0x22, 0x31
    .byte   0x0E, 0xEE, 0xED, 0xFF,   -8, 0x01, 0x22, 0x12, 0x0F, 0xEF, 0xEF, 0xFF, 0x21, 0x12, 0x11, 0x0E
    .byte   0xEE, 0xEE, 0xEF, 0xF0, 0x00, 0x1F, 0xFF, 0x0E, 0xF0, 0x01, 0x21, 0x20, 0x20, 0xF0, 0xFF, 0x01
    .byte   0x12, 0x22, 0x32, 0x33, 0x23,   42, 0x01, 0xFF, 0xFD, 0xEF, 0xE0, 0x01, 0x00, 0xEF, 0xED, 0xEE
    .byte   0xD0, 0x02, 0x23, 0x12, 0x20, 0xFF, 0xEE, 0xEE, 0xFE, 0x12, 0x02, 0x02, 0x00, 0xFE, 0x0E, 0x01
    .byte   0x10, 0x21, 0x10, 0xFF, 0xEE, 0xEE,  -18, 0x0F, 0xFF, 0x01, 0xF0, 0x0F, 0x0F, 0xE0, 0x01, 0x11
    .byte   0x22, 0x02, 0xF0, 0x0F, 0x10, 0x02, 0x22, 0x23, 0x32, 0x32, 0x21, 0xFE, 0xEE, 0xEF, 0xFF, 0x10
    .byte   0x10, 0xEF, 0xED, 0xEE, 0xDF, 0xF2, 0x22,    5, 0x02, 0x21, 0x0E, 0xED, 0xFE, 0xFF, 0x12, 0x12
    .byte   0x12, 0xF0, 0xE0, 0xEF, 0xF0, 0x11, 0x21, 0x11, 0x0E, 0xFE, 0xEE, 0xEE, 0xFF, 0x11, 0x11, 0x00
    .byte   0xF0, 0xEF, 0x0F, 0x12, 0x02, 0x21, 0x11, 0x0F,  -12, 0x01, 0x01, 0x22, 0x23, 0x23, 0x32, 0x21
    .byte   0x0E, 0xFE, 0xEE, 0xFF, 0x00, 0x10, 0xFE, 0xFD, 0xED, 0xEF, 0x00, 0x22, 0x22, 0x20, 0x0E, 0xFE
    .byte   0xEE, 0xFF, 0x11, 0x22, 0x11, 0x1F, 0x0E, 0xEF, 0xFF,   -7, 0x01, 0x21, 0x20, 0x10, 0xEE, 0xEE
    .byte   0xEE, 0xFF, 0xF1, 0x11, 0x01, 0xFF, 0xF0, 0xE0, 0x11, 0x21, 0x20, 0x20, 0x01, 0xF1, 0x10, 0x21
    .byte   0x22, 0x32, 0x31, 0x32, 0x10, 0xE0, 0xEE, 0xFE, 0xFF, 0x00,   23, 0x0F, 0xEE, 0xFD, 0xEE, 0xEF
    .byte   0xF2, 0x22, 0x21, 0x20, 0xEF, 0xEE, 0xEE, 0x00, 0x12, 0x12, 0x21, 0x0F, 0xFF, 0xEF, 0xFF, 0x01
    .byte   0x20, 0x20, 0x0F, 0xEE, 0xEE, 0xEE, 0xFF, 0x01, 0x11, 0x10, 0xF0,  -20, 0x0F, 0xFF, 0x00, 0x12
    .byte   0x12, 0x12, 0xF1, 0xF1, 0x10, 0x22, 0x12, 0x13, 0x31, 0x31, 0x20, 0xE0, 0xEE, 0xFE, 0xFF, 0xF1
    .byte   0x0F, 0xFE, 0x0D, 0xEE, 0xEE, 0x2F, 0x22, 0x22, 0xF0, 0xFF, 0xEE, 0xEF,  -10, 0x01, 0xF2, 0x21
    .byte   0x21, 0x10, 0xFE, 0xFF, 0xFF, 0x00, 0x21, 0x01, 0x1E, 0xFE, 0xEE, 0xEE, 0xFF, 0x00, 0x10, 0x20
    .byte   0xF0, 0xFF, 0x00, 0xF2, 0x02, 0x11, 0x20, 0x10, 0x11, 0x02, 0x02, 0x22, 0x22,   22, 0x02, 0x22
    .byte   0x11, 0x0E, 0x0E, 0x0E, 0xFF, 0xFF, 0x0F, 0xE0, 0xEE, 0xEE, 0xEF, 0x01, 0x02, 0x12, 0x10, 0xF0
    .byte   0xEF, 0xEF, 0xFF, 0x01, 0x21, 0x21, 0x01, 0xF0, 0xEF, 0xFF, 0x00, 0x01, 0x11, 0xFF,   -4, 0x0E
    .byte   0xEF, 0xEE, 0xE0, 0xF1, 0x11, 0x10, 0x11, 0xF0, 0x0F, 0x11, 0x12, 0x21, 0x22, 0x01, 0x11, 0x11
    .byte   0x02, 0x02, 0x22, 0x22, 0x20, 0x11, 0xF0, 0xEE, 0x0E, 0xF0, 0x0F, 0x1F, 0x0E, 0xEE, 0xEE,   -4
    .byte   0x0E, 0x10, 0x12, 0x12, 0x11, 0x1F, 0xEE, 0x0E, 0xFF, 0x11, 0x21, 0x21, 0x11, 0xFF, 0xFE, 0x0E
    .byte   0x00, 0x11, 0x11, 0xFF, 0xFF, 0xEE, 0xEE, 0x0E, 0xF0, 0x20, 0x02, 0x00, 0x1F, 0x1F, 0x02, 0x01
    .byte    -10, 0x01, 0x20, 0x21, 0x10, 0x21, 0x02, 0x01, 0x22, 0x12, 0x21, 0x00, 0x0F, 0xEF, 0xFF, 0xF0
    .byte   0xFF, 0x1E, 0xFF, 0xEE, 0xFE, 0xFF, 0xF0, 0x02, 0x01, 0x01, 0xF0, 0xEF, 0xFF, 0xF0, 0x11, 0x02
    .byte   0x11,    3, 0x00, 0xF0, 0xEF, 0xFF, 0x01, 0xF0, 0x01, 0xF0, 0xE0, 0xEE, 0xFE, 0xFF, 0xF0, 0x10
    .byte   0x11, 0x10, 0x01, 0x10, 0x21, 0x02, 0x11, 0x20, 0x20, 0x12, 0x02, 0x11, 0x22, 0x12, 0x11, 0x11
    .byte   0x00, 0x0F,   25, 0x0F, 0xFF, 0xFF, 0xF0, 0xEF, 0xEF, 0xE0, 0xEE, 0x00, 0x00, 0x11, 0x10, 0x1F
    .byte   0xFF, 0x0F, 0xF0, 0x01, 0x11, 0x11, 0x11, 0x0F, 0xFF, 0xFF, 0x0F, 0xFF, 0x0E, 0x0F, 0xF0, 0xEF
    .byte   0xFF, 0xFF, 0xFF,  -23, 0x0F, 0x10, 0xF1, 0x10, 0x20, 0x20, 0x21, 0x10, 0x21, 0x11, 0x11, 0x22
    .byte   0x02, 0x12, 0x02, 0x20, 0x10, 0x10, 0xFF, 0x0E, 0x0F, 0xFF, 0xFF, 0xFF, 0xFE, 0xEE, 0xFE, 0xF0
    .byte   0x01, 0x11, 0x01, 0xF0,   -1, 0x0F, 0xFF, 0xF1, 0x11, 0x01, 0x20, 0x00, 0xF1, 0xFF, 0x0F, 0xFF
    .byte   0xFF, 0x10, 0xE0, 0xFE, 0x0E, 0x0E, 0x0F, 0xF0, 0xF1, 0xF0, 0x10, 0xF1, 0x11, 0x12, 0x02, 0x02
    .byte   0x11, 0x02, 0x11, 0x21, 0x21,   14, 0x01, 0x22, 0x12, 0x01, 0xF0, 0x0E, 0x0F, 0x00, 0xFF, 0x00
    .byte   0xE0, 0xEE, 0xEF, 0xEF, 0xFF, 0xF1, 0x11, 0x01, 0xFF, 0xFF, 0xF0, 0x00, 0x11, 0x02, 0x01, 0x10
    .byte   0xFF, 0xF0, 0xF0, 0x00, 0xFF, 0x0F,   -5, 0x0F, 0xE0, 0xEF, 0x0E, 0x0F, 0xFF, 0xFF, 0x0F, 0x0F
    .byte   0x11, 0x11, 0x20, 0x12, 0xF2, 0x02, 0x11, 0x22, 0x12, 0x21, 0x22, 0x12, 0x01, 0x1F, 0x1F, 0xFF
    .byte   0xF0, 0xF0, 0xF0, 0xEF, 0xFE, 0xEF, 0xEE,   -1, 0x0F, 0xF0, 0x11, 0x1F, 0x00, 0x0F, 0xFF, 0x0F
    .byte   0x01, 0x11, 0x02, 0x01, 0x1F, 0x0F, 0xF0, 0x0F, 0x0F, 0x0F, 0x0E, 0x0E, 0x0E, 0x0E, 0xFF, 0xFF
    .byte   0xFF, 0x0E, 0x00, 0x0F, 0x11, 0x21, 0x20, 0x22,  -11, 0x02, 0x02, 0x02, 0x21, 0x22, 0x12, 0x22
    .byte   0x11, 0x00, 0x1F, 0xFF, 0x0F, 0x00, 0xF0, 0xE0, 0xEF, 0xEE, 0xEF, 0xEF, 0xFF, 0x11, 0x10, 0x00
    .byte   0xFF, 0xFF, 0x0F, 0x00, 0x02, 0x01, 0x21, 0x10, 0x0F,    4, 0x0F, 0xFF, 0x0F, 0x1F, 0xFF, 0xFE
    .byte   0x0E, 0xFE, 0x0E, 0x0E, 0xFF, 0xFF, 0xFF, 0x01, 0x10, 0x20, 0x21, 0x12, 0x02, 0x11, 0x21, 0x22
    .byte   0x22, 0x12, 0x12, 0x02, 0x11, 0x1F, 0x00, 0x0F, 0xFF, 0x0F,   23, 0x00, 0xEF, 0xEF, 0xEE, 0xE0
    .byte   0xE0, 0xF0, 0x11, 0x00, 0x1F, 0xFF, 0xFF, 0xF0, 0x11, 0x02, 0x10, 0x21, 0x00, 0x0F, 0xF0, 0xFF
    .byte   0x0F, 0xFF, 0x0E, 0x0E, 0x0E, 0x0E, 0x0E, 0x0E, 0xFF, 0xF0, 0x01,  -28, 0x01, 0x12, 0x11, 0x02
    .byte   0x11, 0x20, 0x22, 0x21, 0x22, 0x12, 0x12, 0x12, 0x10, 0x12, 0xF0, 0xFF, 0xFF, 0xFF, 0xFF, 0xEF
    .byte   0xEF, 0xFE, 0xE0, 0xEF, 0xFF, 0x01, 0xF0, 0x11, 0x0F, 0xF1, 0xF0, 0xF0,   -3, 0x00, 0x11, 0x10
    .byte   0x20, 0xF0, 0x0F, 0x10, 0xE0, 0xFE, 0x00, 0xEF, 0xF0, 0xE0, 0x0E, 0xFF, 0xFE, 0xFF, 0xFF, 0x11
    .byte   0x12, 0x12, 0x20, 0x12, 0x01, 0x21, 0x22, 0x02, 0x21, 0x22, 0x12, 0x01, 0x11,   30, 0x00, 0x0F
    .byte   0xFF, 0xFF, 0xF0, 0xE0, 0xEF, 0xEF, 0xEF, 0xE0, 0xE1, 0xF0, 0x00, 0x1F, 0x10, 0x00, 0x0F, 0x0F
    .byte   0x01, 0x10, 0x1F, 0x20, 0x00, 0x01, 0xFF, 0xFF, 0xF0, 0xE0, 0xEF, 0xF0, 0x0E, 0x0F,  -19, 0x00
    .byte   0xE0, 0xEF, 0xFF, 0x11, 0x02, 0x12, 0x11, 0x12, 0x12, 0x01, 0x21, 0x22, 0x11, 0x22, 0x12, 0x12
    .byte   0x10, 0x10, 0x1F, 0xF0, 0xE1, 0xF0, 0xE0, 0xFF, 0xFE, 0x0E, 0xE0, 0xEF, 0xFF, 0x0F, 0x10,   -1
    .byte   0x0F, 0x10, 0xF1, 0xFF, 0x0F, 0x10, 0x01, 0x01, 0x01, 0x00, 0x00, 0x0F, 0xF0, 0xE0, 0x0E, 0x0E
    .byte   0xF0, 0xFF, 0xFF, 0x0F, 0x0E, 0xF0, 0xFF, 0x00, 0x11, 0x22, 0x11, 0x22, 0xF2, 0x01, 0x20, 0x21
    .byte      9, 0x02, 0x02, 0x12, 0x12, 0x10, 0x10, 0xFF, 0xFF, 0xF0, 0xFF, 0xF0, 0xE0, 0xFE, 0xFE, 0xFF
    .byte   0xEF, 0xFF, 0x1F, 0x10, 0x1F, 0xF0, 0x00, 0xF0, 0xF1, 0xF1, 0x01, 0x10, 0x00, 0x00, 0xF0, 0xFF
    .byte   0x0F,   -7, 0x0E, 0xFF, 0xFF, 0xFF, 0xF0, 0xFF, 0xFF, 0xFF, 0xFF, 0x0F, 0x10, 0x21, 0x21, 0x12
    .byte   0x12, 0x02, 0x02, 0x12, 0x10, 0x22, 0x02, 0x02, 0x11, 0x11, 0x00, 0x0F, 0x0E, 0x00, 0xFF, 0xFF
    .byte   0xF0, 0xEF,   10, 0x0F, 0xE0, 0xE0, 0xFF, 0x01, 0x00, 0x0F, 0x1F, 0x00, 0xF0, 0xF0, 0xF0, 0x00
    .byte   0x10, 0x1F, 0x00, 0x00, 0xFF, 0x0E, 0x0E, 0xF0, 0xFF, 0x00, 0x10, 0xFF, 0xF0, 0xEF, 0xFF, 0x01
    .byte   0x02, 0x02, 0x21,   -9, 0x01, 0x11, 0x02, 0x02, 0x12, 0x02, 0x01, 0x20, 0x02, 0x02, 0x10, 0x10
    .byte   0xFF, 0xFF, 0xFF, 0x0F, 0x1F, 0xFF, 0xF0, 0xEF, 0xEF, 0x0E, 0x1F, 0x01, 0xF1, 0xF0, 0x1E, 0x0F
    .byte   0xF0, 0xF0, 0x01, 0xF0,   -4, 0x00, 0x0F, 0xF0, 0xF0, 0xF0, 0xFF, 0x0E, 0xFF, 0xFF, 0x00, 0x10
    .byte   0x10, 0x0F, 0xF0, 0xE0, 0x10, 0x12, 0x11, 0x12, 0x11, 0x11, 0x11, 0x11, 0x22, 0xF2, 0x11, 0x11
    .byte   0x02, 0x00, 0x21, 0x01, 0x0F,   22, 0x0F, 0xFF, 0x0F, 0xF0, 0x0F, 0x0F, 0x0E, 0x0E, 0x0F, 0xE0
    .byte   0x10, 0x00, 0x1F, 0xFF, 0x0E, 0x0F, 0x0F, 0x11, 0x01, 0xF0, 0x0F, 0x1E, 0x0F, 0x0F, 0x00, 0xFF
    .byte   0xFF, 0xFF, 0xF0, 0x10, 0x00, 0xF1,  -17, 0x00, 0xFF, 0x00, 0x10, 0x12, 0x11, 0x11, 0x00, 0x10
    .byte   0x02, 0x12, 0x02, 0x02, 0x11, 0x10, 0x10, 0x10, 0x12, 0x11, 0x10, 0x1E, 0x00, 0xE0, 0xF1, 0xF0
    .byte   0x10, 0x1F, 0x00, 0xE0, 0xE0, 0xE0, 0x0F,    4, 0x00, 0x01, 0xF0, 0xE0, 0xEF, 0xFF, 0x1F, 0x11
    .byte   0x01, 0x0F, 0xFF, 0xFF, 0x0F, 0x1F, 0x00, 0xF0, 0x00, 0xF0, 0x00, 0xF1, 0xF0, 0x00, 0xF0, 0x11
    .byte   0x11, 0x11, 0x00, 0x00, 0x10, 0x01, 0x11, 0x11,    0, 0x01, 0x10, 0x11, 0x10, 0x10, 0x10, 0x20
    .byte   0xF1, 0x00, 0x01, 0xF1, 0x01, 0x00, 0x01, 0x10, 0x0F, 0xFF, 0xF0, 0x0F, 0x01, 0xFF, 0x00, 0xFE
    .byte   0x1F, 0xFF, 0x0F, 0x10, 0xF0, 0xFF, 0xFF, 0xF0, 0xF0,   -5, 0x01, 0x0F, 0x0F, 0xFF, 0x1F, 0x10
    .byte   0x11, 0xF0, 0xFF, 0xFF, 0xF1, 0xF1, 0x11, 0x00, 0xF0, 0xFF, 0x0F, 0x02, 0x00, 0x20, 0x00, 0xFF
    .byte   0xF1, 0x01, 0x02, 0x11, 0x10, 0x00, 0x01, 0xF1, 0x01, 0x01,    6, 0x01, 0x11, 0x00, 0x1F, 0x00
    .byte   0x11, 0xF1, 0x00, 0x10, 0x00, 0x00, 0xFF, 0x0E, 0x0F, 0x01, 0x01, 0xFF, 0x0F, 0xFF, 0xFF, 0xF0
    .byte   0x10, 0x1F, 0xFF, 0xFF, 0xFF, 0x01, 0x10, 0x00, 0xFF, 0xF1, 0xF0,   -8, 0x00, 0x11, 0x01, 0xF0
    .byte   0xF0, 0x00, 0x00, 0xF0, 0x0F, 0x10, 0x11, 0x10, 0x01, 0xF1, 0x0F, 0x10, 0xF1, 0x11, 0x11, 0x10
    .byte   0x01, 0x10, 0x00, 0x1F, 0x1F, 0x10, 0x00, 0x01, 0x02, 0x01, 0x00, 0xEF,    4, 0x00, 0x00, 0x02
    .byte   0x00, 0xF0, 0xF0, 0xFF, 0x1F, 0xF0, 0x10, 0x00, 0x0F, 0xF1, 0xFF, 0x0F, 0x1F, 0x0F, 0x00, 0x00
    .byte   0xFF, 0x10, 0x1F, 0x1F, 0x0E, 0x0F, 0x10, 0x11, 0x10, 0x1F, 0xF0, 0xE0, 0x01,   -7, 0x01, 0x11
    .byte   0x10, 0x00, 0xFF, 0xF1, 0x01, 0x11, 0x00, 0x00, 0xFF, 0x01, 0x11, 0x01, 0x01, 0xF1, 0x00, 0x11
    .byte   0xF1, 0x0F, 0x00, 0x10, 0x10, 0x01, 0x01, 0xF0, 0xFF, 0xF0, 0x1F, 0x02, 0x00, 0x0F,    4, 0x0F
    .byte   0xF0, 0x0F, 0x10, 0x01, 0x10, 0x00, 0xFF, 0x0F, 0x01, 0xF0, 0x00, 0xF0, 0x00, 0xF0, 0x00, 0x00
    .byte   0x10, 0xFF, 0x0F, 0x00, 0x10, 0x1F, 0x01, 0xF0, 0xFF, 0x10, 0x00, 0x10, 0x1F, 0x0F, 0x01,   -2
    .byte   0x00, 0x00, 0x0F, 0x01, 0x00, 0x10, 0x00, 0x1F, 0x0F, 0x10, 0xF1, 0x00, 0x10, 0xF1, 0x00, 0x01
    .byte   0x00, 0x01, 0x01, 0x00, 0xFF, 0x0F, 0x10, 0x01, 0x11, 0x00, 0xF1, 0xF0, 0xFF, 0xF0, 0x01, 0x01
    .byte      2, 0x00, 0x00, 0xF0, 0xF0, 0x00, 0x00, 0x01, 0x0F, 0x1F, 0x00, 0x0F, 0x10, 0x00, 0x0F, 0x00
    .byte   0x1F, 0x10, 0x00, 0x0F, 0x0F, 0xF1, 0x10, 0x1F, 0x00, 0x0F, 0x01, 0x00, 0x00, 0x01, 0xF1, 0x0F
    .byte   0x1F,   -1, 0x00, 0x10, 0xF0, 0x00, 0x0F, 0x11, 0x00, 0x01, 0x0F, 0x0F, 0x01, 0x00, 0x00, 0x00
    .byte   0x10, 0xF1, 0xFF, 0x10, 0x01, 0xF0, 0x01, 0x0F, 0x10, 0x00, 0x00, 0x0F, 0x00, 0x01, 0x00, 0x01
    .byte   0x0F, 0xF0,    0, 0x01, 0x00, 0x0F, 0xF0, 0x01, 0x00, 0x10, 0x0F, 0xF1, 0xF0, 0x00, 0x00, 0x10
    .byte   0x00, 0x00, 0x00, 0x1F, 0x00, 0xF1, 0x00, 0x1F, 0x01, 0x0F, 0x10, 0xF1, 0xFF, 0xF0, 0x00, 0x10
    .byte   0x11, 0x01, 0x0F,    0, 0x00, 0xFF, 0x1F, 0x01, 0x01, 0x01, 0x00, 0xFF, 0x10, 0xF1, 0x10, 0x1F
    .byte   0x00, 0x0F, 0x00, 0x00, 0x01, 0x00, 0xF0, 0xF1, 0x0F, 0x11, 0xF0, 0x00, 0x01, 0xFF, 0x00, 0x00
    .byte   0x10, 0xF1, 0xF0, 0x01,    0, 0x00, 0xF1, 0x00, 0x1F, 0x0F, 0x01, 0xFF, 0x10, 0x10, 0x01, 0xF1
    .byte   0x0F, 0xF0, 0x00, 0x01, 0x01, 0xF1, 0x00, 0x0F, 0x00, 0xF0, 0x1F, 0x10, 0x00, 0x00, 0x00, 0x00
    .byte   0x01, 0xF0, 0x01, 0xF0, 0x00,    0, 0x00, 0x00, 0x00, 0x01, 0xF1, 0xF0, 0xF1, 0xF1, 0x00, 0x1F
    .byte   0x01, 0xF0, 0x00, 0x0F, 0x10, 0x00, 0x10, 0x0F, 0x00, 0xF1, 0x01, 0xFF, 0x01, 0x00, 0x0F, 0x1F
    .byte   0x01, 0x01, 0x0F, 0x00, 0x00, 0x01,    0, 0x0F, 0x1F, 0x10, 0xF1, 0x1F, 0x10, 0x0F, 0x00, 0x01
    .byte   0xF1, 0x0F, 0x00, 0x00, 0x00, 0x0F, 0x01, 0x00, 0x1F, 0x1F, 0x1F, 0x01, 0x0F, 0x00, 0x00, 0x00
    .byte   0x1F, 0x10, 0xF0, 0x00, 0x01, 0xF1, 0xF0,    0, 0x01, 0xF0, 0xF1, 0x00, 0x10, 0xF0, 0x00, 0x00
    .byte   0x00, 0x01, 0x00, 0x0F, 0x0F, 0x1F, 0x10, 0x1F, 0x01, 0x0F, 0x0F, 0x00, 0x01, 0xF1, 0x00, 0x01
    .byte   0xF0, 0x0F, 0x00, 0x01, 0xF1, 0xF0, 0x10, 0x10,    0, 0x00, 0x00, 0x00, 0x1F, 0x0F, 0x00, 0x10
    .byte   0x00, 0x00, 0xF0, 0x10, 0xF1, 0x0F, 0x10, 0xF1, 0x00, 0xF1, 0xF1, 0xF1, 0x01, 0xF0, 0x00, 0x00
    .byte   0x00, 0x00, 0x00, 0x00, 0x00, 0x0F, 0x11, 0xFF, 0x1F,    0, 0x00, 0x00, 0x00, 0x1F, 0xF1, 0x00
    .byte   0x00, 0xF1, 0x00, 0x00, 0x0F, 0x1F, 0x11, 0x0F, 0x00, 0x00, 0x00, 0x00, 0x00, 0x00, 0x01, 0xF0
    .byte   0x00, 0x00, 0x00, 0x00, 0x0F, 0x10, 0x00, 0x01, 0xF0, 0x00,    0, 0x00, 0x0F, 0x01, 0x00, 0x00
    .byte   0x00, 0x1F, 0x1F, 0x1F, 0x00, 0x01, 0xF0, 0x00, 0x00, 0x01, 0xF1, 0xF0, 0x00, 0x1F, 0x00, 0x0F
    .byte   0x10, 0x0F, 0x10, 0xF1, 0xF1, 0x00, 0x00, 0xF1, 0x00, 0x00, 0x00,    1, 0x0F, 0x01, 0xF0, 0xF1
    .byte   0x0F, 0x10, 0x00, 0x01, 0xF0, 0x00, 0x00, 0x1F, 0x10, 0xF0, 0x00, 0x0F, 0x10, 0x00, 0x01, 0xF1
    .byte   0xF0, 0x00, 0x00, 0x1F, 0x0F, 0x10, 0x0F, 0x10, 0x00, 0x1F, 0x00, 0x00,    0, 0x00, 0x00, 0x00
    .byte   0x00, 0x0F, 0x10, 0x00, 0x1F, 0x00, 0x1F, 0xF1, 0x00, 0x01, 0xF0, 0x01, 0xF0, 0x00, 0x00, 0x00
    .byte   0x0F, 0x11, 0xF0, 0x0F, 0x11, 0xF0, 0x00, 0x0F, 0x1F, 0x10, 0x0F, 0x10, 0xF1,    0, 0x00, 0x00
    .byte   0x00, 0x0F, 0x10, 0x1F, 0x00, 0xF1, 0x01, 0xF0, 0x01, 0xF0, 0x00, 0x0F, 0x01, 0x00, 0x1F, 0x10
    .byte   0xF0, 0x00, 0x0F, 0x10, 0x00, 0x00, 0xF1, 0x1F, 0x00, 0x1F, 0x00, 0xF0, 0x10, 0x00,    0, 0x01
    .byte   0x0F, 0x00, 0x00, 0x01, 0xF0, 0x10, 0xF0, 0x00, 0x00, 0x00, 0x01, 0xF0, 0x1F, 0x0F, 0x10, 0x01
    .byte   0xF0, 0x1F, 0x00, 0x01, 0xF0, 0xF1, 0xF1, 0x00, 0x0F, 0x10, 0xF0, 0x10, 0x00, 0x0F, 0x10,    1
    .byte   0x0F, 0x00, 0x1F, 0x00, 0x01, 0xF0, 0x00, 0x10, 0xF0, 0x00, 0x00, 0x00, 0xF0, 0x10, 0x00, 0x00
    .byte   0x00, 0xF1, 0x01, 0xF0, 0x00, 0x00, 0x1F, 0x00, 0x00, 0x1F, 0x00, 0x00, 0x00, 0xF1, 0x00, 0x01
    .byte      0, 0x00, 0x0F, 0x10, 0x1F, 0x00, 0x00, 0xF1, 0xF1, 0x00, 0x00, 0x00, 0x00, 0xF1, 0x00, 0x1F
    .byte   0x00, 0x00, 0x01, 0x0F, 0x00, 0x01, 0xF0, 0x1F, 0x1F, 0x00, 0x00, 0x00, 0xF1, 0x00, 0x00, 0x00
    .byte   0x00,    0, 0x00, 0x10, 0xF0, 0xF1, 0x00, 0x1F, 0x00, 0x00, 0x00, 0x1F, 0x00, 0x0F, 0x10, 0x00
    .byte   0x1F, 0x0F, 0x10, 0x00, 0x00, 0xF1, 0x00, 0x00, 0x1F, 0x0F, 0x10, 0x00, 0x00, 0x01, 0xF0, 0x10
    .byte   0xF0, 0x0F,    0, 0x00, 0x0F, 0x10, 0x00, 0x00, 0x00, 0x01, 0xF0, 0x00, 0x00, 0x00, 0x01, 0xF0
    .byte   0x1F, 0x00, 0x00, 0xF1, 0xF1, 0x00, 0x0F, 0x01, 0xF1, 0x00, 0x00, 0x00, 0x00, 0x01, 0xF0, 0x1F
    .byte   0x00, 0xF0, 0x11,    0, 0x00, 0x00, 0xF1, 0x00, 0x10, 0xF0, 0x00, 0x00, 0xF1, 0x00, 0x00, 0x0F
    .byte   0x10, 0x00, 0x01, 0xF0, 0x00, 0x00, 0x00, 0x00, 0xF1, 0x00, 0x0F, 0x10, 0x0F, 0x1F, 0x1F, 0x10
    .byte   0xF1, 0x00, 0x00, 0x00,    1, 0x0F, 0x1F, 0x01, 0x00, 0xF0, 0xF1, 0x00, 0x0F, 0x10, 0x01, 0xF1
    .byte   0x0F, 0x0F, 0x01, 0x00, 0x01, 0xF0, 0x00, 0x1F, 0x00, 0x00, 0x01, 0xFF, 0x1F, 0x1F, 0x10, 0x01
    .byte   0xF1, 0xF0, 0x00, 0x00, 0x00,    0, 0x00, 0x0F, 0x10, 0x00, 0x1F, 0x00, 0x00, 0x00, 0x00, 0x00
    .byte   0x01, 0xF0, 0x00, 0x0F, 0x10, 0x00, 0x00, 0x00, 0x00, 0x0F, 0x11, 0xF0, 0x00, 0x10, 0xF0, 0x00
    .byte   0x0F, 0x11, 0xF0, 0x1F, 0x00, 0x00,    0, 0x0F, 0x10, 0x00, 0x00, 0x00, 0x00, 0x1F, 0x1F, 0x00
    .byte   0x0F, 0x10, 0x00, 0xF1, 0x00, 0x00, 0x01, 0x00, 0xF0, 0x00, 0x00, 0x00, 0x00, 0x1F, 0x00, 0x00
    .byte   0x00, 0x1F, 0xF1, 0xF1, 0x00, 0xF1, 0x10,    1, 0x0F, 0x00, 0x00, 0x00, 0x00, 0xF1, 0x00, 0x00
    .byte   0x1F, 0xF1, 0x0F, 0x10, 0x00, 0x01, 0xF0, 0x00, 0x00, 0xF1, 0x0F, 0x10, 0x1F, 0x00, 0x01, 0xF0
    .byte   0x0F, 0x10, 0x00, 0x1F, 0x01, 0xF0, 0xF1, 0x00,    1, 0x0F, 0x01, 0xF1, 0xF0, 0x00, 0xF1, 0x00
    .byte   0x1F, 0x00, 0x00, 0x00, 0x00, 0x1F, 0x00, 0x00, 0x00, 0x0F, 0x01, 0x01, 0xF0, 0x1F, 0x00, 0x0F
    .byte   0x01, 0x00, 0x1F, 0x00, 0x0F, 0x01, 0x00, 0x00, 0xF1,    0, 0x00, 0x0F, 0x10, 0x00, 0x1F, 0xF0
    .byte   0x10, 0x1F, 0x01, 0x00, 0xF0, 0x00, 0x0F, 0x10, 0x00, 0x01, 0xF0, 0x00, 0x00, 0x00, 0x00, 0xF1
    .byte   0x01, 0xF0, 0x00, 0x1F, 0x00, 0x00, 0x00, 0x10, 0x00, 0x11,    3, 0x00, 0x01, 0x10, 0x0F, 0x00
    .byte   0xF1, 0x0F, 0x00, 0xF0, 0xFF, 0x0F, 0x0E, 0x0F, 0xEF, 0xEF, 0xEF, 0xEF, 0xEE, 0xFE, 0xEF, 0x33
    .byte   0x23, 0x34, 0x23, 0x32, 0x20, 0x0E, 0x0F, 0xE0, 0x0E, 0xF0, 0x0F,   27, 0x0E, 0xEE, 0xED, 0xFD
    .byte   0xEE, 0xEE, 0xEF, 0x01, 0x10, 0x20, 0x20, 0x21, 0x20, 0x21, 0x21, 0x22, 0x22, 0x22, 0x11, 0x11
    .byte   0xEF, 0xFE, 0xEE, 0xEE, 0xEE, 0xEF, 0xEE, 0xEE, 0xEE, 0xEE, 0xEF, 0xE0,  -51, 0x01, 0x13, 0x33
    .byte   0x43, 0x33, 0x42, 0x32, 0x10, 0xFF, 0x1F, 0xFF, 0xFF, 0xED, 0xED, 0xDD, 0xDD, 0xEE, 0xEE, 0xFE
    .byte   0x11, 0x01, 0x21, 0x22, 0x12, 0x12, 0x11, 0x22, 0x21, 0x22, 0x30, 0x20, 0x00,   25, 0x0E, 0xEE
    .byte   0xEE, 0xEF, 0xEF, 0xE0, 0xEE, 0xEE, 0xED, 0xFE, 0xEE, 0xFE, 0x0F, 0xF2, 0x33, 0x34, 0x33, 0x43
    .byte   0x33, 0x12, 0x2F, 0xF0, 0xEF, 0x0F, 0x0E, 0xEE, 0xDD, 0xDD, 0xDD, 0xED, 0xFF, 0x02,  -25, 0x02
    .byte   0x22, 0x22, 0x12, 0xF0, 0x10, 0x12, 0x12, 0x22, 0x22, 0x10, 0xEE, 0xDE, 0xDE, 0xEE, 0xEF, 0xE0
    .byte   0xFF, 0xEE, 0xFE, 0xED, 0xED, 0xFE, 0x02, 0x24, 0x44, 0x44, 0x44, 0x32, 0x2F, 0xEE, 0xDE,   46
    .byte   0x0F, 0x12, 0x21, 0x1D, 0xDC, 0xBC, 0xCC, 0xD1, 0x23, 0x44, 0x44, 0x32, 0x1E, 0xED, 0xEE, 0xE2
    .byte   0x22, 0x32, 0x21, 0xED, 0xDD, 0xDD, 0xDF, 0x00, 0x23, 0x23, 0x1F, 0xED, 0xCD, 0xDE, 0xEF, 0x11
    .byte    -51, 0x01, 0xFE, 0xED, 0xE1, 0x34, 0x54, 0x65, 0x54, 0x2F, 0xEC, 0xCD, 0xDE, 0x20, 0x32, 0xDE
    .byte   0xBB, 0xBA, 0xCD, 0x04, 0x56, 0x55, 0x43, 0xED, 0xCD, 0xDD, 0x23, 0x34, 0x3F, 0xED, 0xBC, 0xBC
    .byte   0xC1,  -50, 0x04, 0x44, 0x42, 0x0D, 0xCD, 0xDE, 0xE2, 0x0F, 0xEE, 0xDD, 0xCC, 0xEE, 0xE1, 0x33
    .byte   0x55, 0x66, 0x56, 0x33, 0xEC, 0xDC, 0xCF, 0xF2, 0xFD, 0xDC, 0xBA, 0xBB, 0xD2, 0x45, 0x56, 0x44
    .byte   0x2E, 0xEE,   37, 0x02, 0x42, 0x3F, 0xDB, 0xCB, 0xBC, 0xE3, 0x43, 0x42, 0x0E, 0xD0, 0x12, 0x44
    .byte   0x22, 0xEC, 0xCB, 0xCC, 0xDD, 0xE2, 0x10, 0xED, 0xD0, 0xE3, 0x44, 0x44, 0x56, 0x55, 0x52, 0x0D
    .byte   0xCC, 0xCC, 0xDD,   17, 0x0E, 0xCC, 0xCD, 0xFF, 0x14, 0x44, 0x42, 0x34, 0x22, 0x31, 0x0D, 0xCC
    .byte   0xCC, 0xCE, 0xF1, 0x23, 0x31, 0x31, 0x23, 0x02, 0x2F, 0xEE, 0xDE, 0xED, 0xEE, 0xDE, 0xCD, 0xDD
    .byte   0x12, 0x13, 0x0F, 0x1E,  -64, 0x0F, 0x13, 0x33, 0x33, 0x55, 0x35, 0x43, 0x0D, 0xCE, 0xDC, 0xED
    .byte   0xD0, 0xCD, 0x00, 0x12, 0x03, 0x3F, 0x22, 0x34, 0x20, 0x2E, 0xCC, 0xDC, 0x1E, 0xE3, 0xEF, 0x30
    .byte   0x34, 0x12, 0x3E, 0xDD, 0xCF,   -9, 0x0E, 0x21, 0x1E, 0xCD, 0xDD, 0xEF, 0xE2, 0x2E, 0x21, 0xFF
    .byte   0xFE, 0xF1, 0x03, 0x33, 0x35, 0x65, 0x44, 0x2F, 0xDB, 0xDE, 0xDD, 0xCC, 0xDE, 0xD2, 0x33, 0x31
    .byte   0xE3, 0x23, 0x33, 0x30, 0xCC, 0xDE,    1, 0x0F, 0xFF, 0xDD, 0xE0, 0x34, 0x34, 0x41, 0xEE, 0xED
    .byte   0xED, 0xEE, 0xDD, 0xDE, 0xFF, 0xFE, 0xEF, 0xEE, 0x0E, 0xFF, 0x22, 0x11, 0xEE, 0xDE, 0x10, 0x34
    .byte   0x34, 0x46, 0x64, 0x4F, 0xDE, 0xBC, 0xFD,   27, 0x0C, 0xBE, 0xF2, 0x33, 0x5F, 0xD2, 0x14, 0x41
    .byte   0x2D, 0xCC, 0xC2, 0xFE, 0xFC, 0xEE, 0xD3, 0x44, 0x4F, 0x13, 0xF2, 0x1F, 0xDC, 0xBC, 0xE2, 0x02
    .byte   0x2E, 0xEE, 0x02, 0x1F, 0xED, 0xEF, 0xE1, 0x20,  -42, 0x0E, 0xD0, 0xDD, 0xF1, 0x44, 0x54, 0x46
    .byte   0x43, 0x4F, 0xEE, 0xCB, 0xDD, 0xCC, 0xD1, 0x23, 0x23, 0x34, 0xF2, 0x32, 0x1D, 0xDD, 0xED, 0xC1
    .byte   0xDD, 0x0E, 0x03, 0x22, 0x42, 0x22, 0x33, 0x20, 0xDD,   10, 0x0D, 0xDD, 0xED, 0x0F, 0x03, 0x32
    .byte   0x0D, 0xDE, 0xED, 0x10, 0xFD, 0xE0, 0x02, 0x2F, 0xEE, 0xD0, 0x33, 0x44, 0x33, 0x56, 0x43, 0xFD
    .byte   0xED, 0xCD, 0xCE, 0xCC, 0xF3, 0x43, 0x13, 0x32, 0x22, 0x20,   47, 0x0C, 0xDE, 0xEC, 0xFD, 0xDF
    .byte   0xF2, 0x41, 0x13, 0x22, 0x23, 0x20, 0xED, 0x0E, 0xDD, 0xDE, 0xDD, 0x03, 0x32, 0xF1, 0x0E, 0xEF
    .byte   0xDD, 0xDD, 0xE0, 0x01, 0x20, 0xF0, 0x22, 0x00, 0xE2, 0x23, 0x54,   23, 0x05, 0x51, 0x1E, 0xD1
    .byte   0xCC, 0xDD, 0xDD, 0xF3, 0x43, 0x2F, 0x43, 0xFE, 0xFF, 0xEC, 0xCD, 0x0E, 0xDD, 0x0F, 0x3F, 0x03
    .byte   0x22, 0x22, 0x23, 0x0E, 0xEE, 0x0F, 0xDD, 0xDF, 0xE1, 0x02, 0x0F, 0x02,   -8, 0x0F, 0xDE, 0xDE
    .byte   0xED, 0x0F, 0xDE, 0xE3, 0x20, 0x3E, 0xFE, 0xF3, 0x30, 0x43, 0x34, 0x56, 0x2E, 0xCE, 0x2F, 0xBE
    .byte   0xDC, 0xEE, 0x44, 0x21, 0xF3, 0x31, 0x0E, 0xDF, 0xCD, 0xEE, 0xED, 0xEF, 0x22,   -7, 0x01, 0x22
    .byte   0x22, 0x03, 0x0E, 0xE2, 0x22, 0xDD, 0xEE, 0x1D, 0x01, 0xFF, 0x01, 0x2F, 0xEE, 0xEE, 0xED, 0xED
    .byte   0x0E, 0xFE, 0x12, 0x01, 0x2F, 0x00, 0xE2, 0x21, 0x45, 0x34, 0x55, 0x11, 0xED, 0x2D,   34, 0x0D
    .byte   0xDD, 0xEE, 0x34, 0x22, 0x04, 0x3E, 0xEE, 0xED, 0xDC, 0x1E, 0xDD, 0x12, 0x11, 0xF2, 0x22, 0x22
    .byte   0x11, 0x00, 0x10, 0xF1, 0x1E, 0xED, 0xF0, 0xEE, 0xEF, 0x10, 0xF0, 0x1F, 0xEE, 0xEF, 0xED,  -47
    .byte   0x00, 0xDE, 0x02, 0x10, 0x01, 0x22, 0xEE, 0x21, 0x35, 0x33, 0x55, 0x42, 0xED, 0x1F, 0xCC, 0xDD
    .byte   0xDF, 0x24, 0x32, 0x13, 0x33, 0xDE, 0xDF, 0xDD, 0xCF, 0xFC, 0xF1, 0x12, 0x11, 0x23, 0x12, 0x00
    .byte     12, 0x0F, 0xFE, 0x11, 0x22, 0xE0, 0xE1, 0xFE, 0xFE, 0xEE, 0xE0, 0x0E, 0xFE, 0xF0, 0xFD, 0xEE
    .byte   0xEE, 0xEF, 0xE0, 0x1E, 0xF3, 0x32, 0xEC, 0x16, 0x44, 0x14, 0x63, 0xDF, 0xF2, 0xDB, 0xDE, 0xDD
    .byte   0xD4,   24, 0x02, 0x20, 0x43, 0xFD, 0xEE, 0xED, 0xCE, 0xDE, 0xE0, 0x20, 0xE2, 0x13, 0x00, 0x2F
    .byte   0x2E, 0x01, 0x0E, 0x01, 0x22, 0x01, 0x2E, 0xEE, 0xDF, 0xED, 0x0E, 0x00, 0x12, 0x0D, 0xEE, 0xEE
    .byte   0xED, 0xEF,  -59, 0x02, 0xF2, 0x20, 0xFD, 0xF5, 0x44, 0x34, 0x54, 0x2E, 0xEF, 0xFC, 0xCD, 0xDD
    .byte   0xE2, 0x43, 0xF2, 0x34, 0x2D, 0xD1, 0xEE, 0xDC, 0xEE, 0xEF, 0x00, 0xFE, 0x23, 0x10, 0x10, 0x12
    .byte   0xFE, 0xFF, 0x00,    4, 0x01, 0x21, 0x20, 0x2E, 0xDE, 0xD0, 0xFE, 0xEF, 0xF0, 0x10, 0xED, 0xD0
    .byte   0x1D, 0xEF, 0x2E, 0xE3, 0x20, 0xDD, 0xE4, 0x44, 0x43, 0x55, 0x4E, 0xEE, 0x1D, 0xCC, 0xDD, 0xDF
    .byte   0x33, 0x30, 0x24, 0x31,   45, 0x0E, 0xF1, 0xDC, 0xDE, 0xEE, 0xEF, 0xE1, 0x12, 0x20, 0x11, 0x1F
    .byte   0x01, 0x10, 0xE2, 0x22, 0x0E, 0x21, 0x10, 0xF0, 0x0E, 0x11, 0x1E, 0xDE, 0xEE, 0x0D, 0xDE, 0xE1
    .byte   0x10, 0xEE, 0xE0, 0xEF, 0xE1,  -69, 0x0E, 0x45, 0x64, 0x54, 0x4F, 0xDD, 0xDD, 0xCC, 0xDD, 0x21
    .byte   0x23, 0x33, 0x23, 0x23, 0xEE, 0x0E, 0xED, 0xDD, 0xDE, 0xEE, 0xFE, 0xE2, 0x23, 0x11, 0x02, 0x00
    .byte   0x0E, 0xEE, 0x01, 0x22, 0xF2, 0x22,   14, 0x02, 0x20, 0xEE, 0xF1, 0xEF, 0xDE, 0x0F, 0xDD, 0x11
    .byte   0xED, 0xE1, 0x2E, 0xE1, 0xED, 0xDF, 0x2E, 0xC2, 0x56, 0x77, 0x3C, 0xCD, 0x43, 0xBA, 0xBD, 0x11
    .byte   0x20, 0xF2, 0x25, 0x52, 0xEE, 0x03, 0x3D,   24, 0x0C, 0xD0, 0x0F, 0xCD, 0xD1, 0x43, 0x2F, 0xF2
    .byte   0x33, 0x1F, 0xDE, 0x01, 0xFD, 0xDE, 0x23, 0x21, 0x1F, 0x33, 0x32, 0xED, 0x02, 0x1D, 0xEE, 0xEE
    .byte   0xE2, 0x0D, 0xED, 0x12, 0x20, 0xEF, 0xF2, 0x0E,  -29, 0x0D, 0xCD, 0x02, 0x2C, 0x77, 0x72, 0x9D
    .byte   0x67, 0xD8, 0xA4, 0x2B, 0xD2, 0xCC, 0xE4, 0x74, 0xAC, 0x56, 0x5E, 0xBC, 0x33, 0xFC, 0xCB, 0xC2
    .byte   0x3F, 0xCD, 0x25, 0x42, 0x22, 0x21, 0x32, 0xEC, 0xDF,    5, 0x0F, 0xDC, 0x03, 0x21, 0xFF, 0x22
    .byte   0x33, 0x0D, 0xE2, 0x2F, 0xDD, 0xE0, 0xEF, 0xE1, 0x12, 0x22, 0x20, 0x22, 0x11, 0xFE, 0x21, 0xEE
    .byte   0xF0, 0xE0, 0x0F, 0x02, 0x02, 0x21, 0x11, 0x01, 0x11, 0xFE,    5, 0x0F, 0x1E, 0xEF, 0x02, 0x0F
    .byte   0x11, 0x21, 0x10, 0xFE, 0x10, 0xFE, 0xEE, 0x21, 0xEE, 0xEE, 0x1F, 0xFF, 0x0F, 0x35, 0x2D, 0x02
    .byte   0x42, 0xDD, 0x22, 0xFD, 0xDF, 0xEE, 0xEF, 0x2D, 0xE3, 0x33, 0xEE,    5, 0x03, 0x3E, 0x01, 0x0E
    .byte   0xEF, 0xED, 0xDF, 0x0F, 0xDE, 0x23, 0xF2, 0x23, 0x12, 0x12, 0x2F, 0xF0, 0xEE, 0xEF, 0xEE, 0xEF
    .byte   0xF0, 0xF0, 0x21, 0x22, 0x20, 0x20, 0x21, 0xFF, 0xE0, 0xE0, 0xEE, 0xE0,   -9, 0x00, 0xF0, 0x12
    .byte   0x22, 0x0F, 0x22, 0x00, 0xE0, 0x0E, 0x0E, 0xFE, 0xFF, 0x00, 0xF0, 0x20, 0x21, 0x02, 0x11, 0x11
    .byte   0xF0, 0xFF, 0xF0, 0xFE, 0x0F, 0x11, 0xF0, 0x01, 0x10, 0x10, 0x10, 0x1F, 0x10,    3, 0x00, 0xFF
    .byte   0x0F, 0x0F, 0x1F, 0xF1, 0x00, 0x01, 0xF0, 0x00, 0x11, 0xF1, 0x01, 0x0F, 0x00, 0x00, 0xF0, 0xF0
    .byte   0xF0, 0x1F, 0x01, 0x00, 0x10, 0x10, 0x00, 0x00, 0x0F, 0x00, 0x00, 0xF1, 0xF0, 0xF1,   -1, 0x00
    .byte   0x10, 0x00, 0x11, 0xF0, 0x10, 0x0F, 0x01, 0xF0, 0xF0, 0x00, 0xF0, 0x01, 0xF1, 0x0F, 0x11, 0xF0
    .byte   0x01, 0x00, 0xF1, 0xF1, 0x0F, 0x00, 0xF1, 0x00, 0xF0, 0xF1, 0x00, 0x1F, 0x00, 0x1F, 0x01,    0
    .byte   0x00, 0x1F, 0x1F, 0x1F, 0x10, 0xF0, 0x00, 0xF1, 0xF0, 0x00, 0xF1, 0x00, 0x01, 0xF0, 0x1F, 0x1F
    .byte   0x10, 0x00, 0x00, 0xF1, 0xF1, 0x00, 0x00, 0x01, 0xF1, 0xF0, 0x00, 0x10, 0xF0, 0x00, 0x1F, 0x1F
    .byte      0, 0x00, 0x00, 0x01, 0xF0, 0x00, 0x00, 0x01, 0xF0, 0xF1, 0x0F, 0x01, 0x00, 0xF1, 0x00, 0x0F
    .byte   0x10, 0x0F, 0x1F, 0x1F, 0x1F, 0x1F, 0x1F, 0x10, 0x00, 0x00, 0x00, 0x00, 0x0F, 0x10, 0x00, 0x00
    .byte   0x10,    0, 0x01, 0xF0, 0x01, 0xF0, 0x00, 0x1F, 0x00, 0x00, 0x00, 0x00, 0x00, 0x01, 0xF0, 0xF1
    .byte   0x00, 0x01, 0xF0, 0xF1, 0x10, 0xF0, 0x01, 0x0F, 0xF1, 0x0F, 0x01, 0x0F, 0x1F, 0x01, 0x00, 0x00
    .byte   0xF1, 0xF1,   -1, 0x00, 0x01, 0xF1, 0x1F, 0x00, 0x0F, 0x10, 0x00, 0x0F, 0x10, 0x00, 0x00, 0x1F
    .byte   0x00, 0x00, 0x10, 0xF0, 0x01, 0xF0, 0x00, 0x1F, 0x1F, 0x00, 0x01, 0xF0, 0x00, 0x00, 0x0F, 0x10
    .byte   0x00, 0x01, 0xF0,    0, 0x00, 0x00, 0x0F, 0x10, 0x01, 0x00, 0xF0, 0x00, 0xF1, 0xF1, 0x0F, 0x10
    .byte   0x00, 0xF1, 0x00, 0x01, 0xF0, 0x0F, 0x10, 0xF1, 0x00, 0x01, 0xF1, 0xF0, 0x0F, 0x10, 0xF0, 0x01
    .byte   0x1F, 0x00, 0xF1, 0x00,    0, 0x00, 0x00, 0x0F, 0x11, 0xF0, 0x00, 0x1F, 0x00, 0x1F, 0x0F, 0x01
    .byte   0x1F, 0x01, 0xF0, 0x01, 0xF0, 0x0F, 0x10, 0x00, 0x00, 0x00, 0xF1, 0x00, 0x00, 0x1F, 0x00, 0x00
    .byte   0x01, 0xF0, 0x00, 0xF1, 0x00,    0, 0x01, 0xF0, 0x00, 0x0F, 0x10, 0xF1, 0x0F, 0x01, 0x00, 0x0F
    .byte   0x10, 0x1F, 0x00, 0x00, 0x00, 0x00, 0x00, 0xF0, 0x01, 0x00, 0xF1, 0x00, 0x1F, 0x00, 0x00, 0x00
    .byte   0x00, 0x00, 0x00, 0x00, 0xF1, 0x1F,    0, 0x00, 0x1F, 0x1F, 0x00, 0x00, 0x00, 0xF1, 0x00, 0x00
    .byte   0x0F, 0x10, 0x1F, 0xF1, 0x00, 0x00, 0x00, 0x1F, 0x00, 0x00, 0x00, 0xF0, 0x10, 0x00, 0x00, 0x01
    .byte   0xF0, 0xF1, 0x00, 0x00, 0x00, 0x1F, 0x00,    1, 0x0F, 0x00, 0x0F, 0x10, 0x10, 0xFF, 0x10, 0x00
    .byte   0x1F, 0x00, 0x00, 0x01, 0xF1, 0xF1, 0xF1, 0xF1, 0x0F, 0x01, 0x0F, 0xF1, 0x1F, 0x01, 0x0F, 0x00
    .byte   0x00, 0x00, 0xF1, 0xF1, 0xF0, 0x1F, 0x00, 0x10,    0, 0x00, 0xF1, 0x0F, 0x01, 0x00, 0x00, 0x00
    .byte   0xF1, 0x00, 0x01, 0xF0, 0x00, 0x00, 0x00, 0xF1, 0x00, 0x00, 0x00, 0x01, 0xF0, 0x0F, 0x11, 0xF1
    .byte   0x0F, 0x0F, 0x10, 0x00, 0x00, 0x00, 0x00, 0x1F, 0x00,    0, 0x00, 0x10, 0x00, 0x0F, 0x00, 0x00
    .byte   0x1F, 0x00, 0x10, 0xF0, 0x00, 0x0F, 0x1F, 0x01, 0x00, 0xF1, 0x00, 0x00, 0x00, 0x0F, 0x11, 0xFF
    .byte   0x01, 0x00, 0xF0, 0x01, 0x1F, 0x00, 0x10, 0xF1, 0x00, 0x01,    2, 0x00, 0x01, 0x01, 0x00, 0x11
    .byte   0x01, 0x01, 0x01, 0x0F, 0x11, 0xFF, 0xF1, 0x0E, 0x00, 0xEE, 0x01, 0xED, 0xFE, 0xED, 0xF1, 0xDD
    .byte   0xC7, 0x48, 0x46, 0x2B, 0xC7, 0x5B, 0xD5, 0x6D, 0xD4, 0x43, 0xDE,   63, 0x03, 0xEB, 0x02, 0xEC
    .byte   0xB3, 0xFC, 0xCE, 0x3E, 0xB0, 0x31, 0xED, 0x34, 0xDF, 0x24, 0x2D, 0x34, 0x2F, 0x04, 0x3E, 0xE3
    .byte   0x2E, 0xE1, 0x1E, 0xDE, 0xEE, 0xDE, 0xD0, 0xED, 0xEE, 0xEE, 0xDF, 0xE1,  -59, 0x0F, 0x33, 0xD3
    .byte   0x33, 0x0F, 0x44, 0x10, 0x44, 0xF3, 0x33, 0x20, 0x2F, 0x01, 0xCF, 0xED, 0xDC, 0xED, 0xDD, 0xEE
    .byte   0xDD, 0x11, 0xFE, 0x12, 0x10, 0x23, 0x03, 0x13, 0x22, 0x22, 0x3E, 0x22, 0xE1,   18, 0x0F, 0xED
    .byte   0xFD, 0xDD, 0xDD, 0xDE, 0xFD, 0x22, 0xE1, 0x33, 0x0F, 0x44, 0x03, 0x44, 0x23, 0x34, 0x22, 0x22
    .byte   0x2E, 0xEE, 0xED, 0xDD, 0xDD, 0xCE, 0xDD, 0xED, 0xD0, 0xEE, 0xE2, 0x01, 0x12, 0x22,  -22, 0x03
    .byte   0x22, 0x22, 0x32, 0x01, 0x21, 0xEE, 0xFE, 0xED, 0xED, 0xDE, 0xDD, 0xEE, 0xE1, 0x1E, 0x22, 0x30
    .byte   0x24, 0x23, 0x34, 0x33, 0x33, 0x42, 0x23, 0x20, 0xFE, 0xEF, 0xDD, 0xDF, 0xCD, 0xDD, 0xDD,  -19
    .byte   0x0E, 0xED, 0xEF, 0xFF, 0xF2, 0x02, 0x22, 0x22, 0x30, 0x23, 0x01, 0x21, 0x2E, 0x00, 0xEE, 0xEE
    .byte   0xDE, 0xDE, 0xDF, 0xEE, 0x2E, 0x22, 0x12, 0x13, 0x32, 0x34, 0x33, 0x33, 0x33, 0x32, 0x22, 0x0E
    .byte     82, 0x0E, 0xED, 0xDE, 0xDD, 0xDD, 0xDD, 0xDE, 0xDE, 0xEE, 0x0E, 0x0F, 0x20, 0x21, 0x22, 0x22
    .byte   0x22, 0x21, 0x12, 0x1F, 0xFF, 0xFE, 0xEE, 0xEE, 0xDE, 0xEE, 0xEE, 0x2E, 0x03, 0x02, 0xF3, 0x32
    .byte   0x33,   14, 0x03, 0x33, 0x33, 0x31, 0x31, 0x2F, 0xEF, 0xEE, 0xDD, 0xED, 0xDD, 0xDD, 0xDE, 0xDF
    .byte   0xDE, 0xFE, 0xFE, 0x20, 0x01, 0x22, 0x12, 0x22, 0x21, 0x12, 0x21, 0x01, 0x1F, 0xEE, 0xFE, 0xEE
    .byte   0xDF, 0xEE,  -41, 0x02, 0xE1, 0x22, 0x2E, 0x33, 0x23, 0x33, 0x33, 0x33, 0x33, 0x13, 0x01, 0x0E
    .byte   0xFE, 0xDE, 0xDE, 0xDD, 0xDD, 0xED, 0xDE, 0xD0, 0xDF, 0xEE, 0x00, 0x11, 0x02, 0x12, 0x21, 0x22
    .byte   0x12, 0x21, 0x10,   -6, 0x00, 0xFF, 0xEE, 0xEE, 0xFE, 0xEE, 0xE0, 0x2E, 0x21, 0x22, 0xF3, 0x31
    .byte   0x33, 0x42, 0x33, 0x33, 0x22, 0x3F, 0x2E, 0x0E, 0xEE, 0xDE, 0xDD, 0xED, 0xDD, 0xDE, 0xED, 0xEE
    .byte   0xEF, 0xEE, 0x10, 0x01,  -37, 0x02, 0x11, 0x22, 0x02, 0x12, 0x10, 0x01, 0x10, 0xFE, 0x0E, 0xEE
    .byte   0xFE, 0xFE, 0xE3, 0xE0, 0x21, 0x3E, 0x24, 0x02, 0x34, 0x31, 0x33, 0x32, 0x32, 0x20, 0x0F, 0xE0
    .byte   0xDE, 0xED, 0xDD, 0xED, 0xDE,   -5, 0x0E, 0xED, 0xEE, 0xEE, 0xF0, 0x1E, 0x21, 0x12, 0x02, 0x20
    .byte   0x20, 0x22, 0xF0, 0x10, 0x00, 0xE0, 0xEF, 0xEF, 0xEE, 0x0E, 0x12, 0xE2, 0x22, 0x2E, 0x33, 0x22
    .byte   0x34, 0x22, 0x33, 0x32, 0x22, 0x21,   77, 0x0F, 0xFE, 0xED, 0xFD, 0xDD, 0xDE, 0xDD, 0xED, 0xFD
    .byte   0xEE, 0xE0, 0xE0, 0x2E, 0x02, 0x02, 0x02, 0x11, 0x21, 0x12, 0xFF, 0x2F, 0x0E, 0x00, 0xEF, 0xE0
    .byte   0xEE, 0x1E, 0x21, 0xE3, 0x03, 0x1E, 0x41,    0, 0x02, 0x34, 0x13, 0x33, 0x31, 0x22, 0x11, 0x0E
    .byte   0xFE, 0xEE, 0xDE, 0xDD, 0xED, 0xDE, 0xDF, 0xDE, 0xEE, 0xFE, 0xE1, 0xF1, 0xF1, 0x10, 0x20, 0x21
    .byte   0x10, 0x21, 0x1F, 0x01, 0x0F, 0x0E, 0x0E, 0xFF,  -34, 0x00, 0xFE, 0x3F, 0x02, 0x13, 0xF1, 0x4F
    .byte   0x32, 0x33, 0x23, 0x33, 0x20, 0x31, 0x11, 0xE1, 0xEE, 0xEE, 0xDE, 0xDD, 0xED, 0xDE, 0xDE, 0xED
    .byte   0xFF, 0xEE, 0x10, 0xF0, 0x00, 0x2F, 0x12, 0x11, 0x11,  -21, 0x01, 0x01, 0x00, 0x0F, 0x0E, 0x0E
    .byte   0xF0, 0xE0, 0xF1, 0x2F, 0x22, 0x03, 0xE3, 0x3F, 0x32, 0x33, 0x23, 0x32, 0x3F, 0x3F, 0xF1, 0xEF
    .byte   0xEE, 0xED, 0xFD, 0xDE, 0xDE, 0xDE, 0xD0, 0xDE, 0xFE, 0xFE,  -33, 0x00, 0xF0, 0x01, 0x11, 0x10
    .byte   0x21, 0x00, 0x2F, 0xF1, 0x00, 0xFF, 0x0E, 0x0F, 0xE0, 0x0F, 0xF3, 0xE2, 0x21, 0x3E, 0x33, 0xF3
    .byte   0xF4, 0x3F, 0x33, 0x22, 0x23, 0xF0, 0x1E, 0x1E, 0xEE, 0xDE, 0xED,   25, 0x0E, 0xDD, 0xEE, 0xED
    .byte   0xEE, 0xFE, 0xE1, 0x0F, 0xF1, 0x11, 0x00, 0x21, 0x01, 0x01, 0x2E, 0x11, 0xF0, 0xF0, 0xFE, 0x1F
    .byte   0x0F, 0xE2, 0x20, 0x21, 0x31, 0x12, 0x32, 0x23, 0x33, 0x22, 0x32, 0x21,   65, 0x02, 0xFF, 0xE0
    .byte   0xFD, 0xEE, 0xED, 0xED, 0x0D, 0xDE, 0xEF, 0xDE, 0xFE, 0xEE, 0x02, 0xFE, 0x02, 0x2E, 0x02, 0x11
    .byte   0x01, 0x2F, 0xF1, 0x01, 0xE1, 0x1E, 0xFF, 0x10, 0x0E, 0x22, 0x10, 0x22, 0x3E,   -6, 0x03, 0x22
    .byte   0x23, 0x32, 0x22, 0x32, 0x02, 0x12, 0xEE, 0x1E, 0xEE, 0xEF, 0xDD, 0xEE, 0xED, 0xDF, 0xEE, 0xD0
    .byte   0xFE, 0xFE, 0x10, 0xF0, 0x20, 0x00, 0x12, 0x0F, 0x12, 0xFF, 0x01, 0x1F, 0xE2, 0xFF,  -26, 0x01
    .byte   0x10, 0xF0, 0x22, 0x00, 0x13, 0x2F, 0x13, 0x22, 0x22, 0x32, 0x12, 0x31, 0x12, 0x01, 0x0F, 0xFE
    .byte   0xEF, 0xEE, 0xDE, 0xEE, 0xFD, 0xFD, 0xEE, 0xEF, 0xEE, 0x00, 0xFE, 0xF2, 0xFF, 0x10, 0x2F,  -29
    .byte   0x02, 0x10, 0x00, 0x2F, 0xF0, 0x20, 0xE0, 0x12, 0xE0, 0x12, 0x0E, 0x32, 0x00, 0xF3, 0x3D, 0x22
    .byte   0x31, 0xE3, 0x30, 0xF0, 0x32, 0xEF, 0x21, 0xEE, 0x10, 0xFD, 0xE2, 0xFD, 0xEE, 0x1E, 0xDF, 0x0E
    .byte    -11, 0x0F, 0xE1, 0xFE, 0x00, 0x1E, 0x01, 0x1F, 0xF0, 0x10, 0xF0, 0x12, 0xF0, 0xE1, 0x20, 0xFE
    .byte   0x23, 0xEF, 0x21, 0x11, 0xF2, 0x2F, 0x01, 0x22, 0xF2, 0x02, 0x20, 0xF1, 0x22, 0x2D, 0x03, 0x2D
    .byte   0x02,   32, 0x0E, 0xEE, 0x2F, 0x0E, 0xD2, 0xF1, 0xDE, 0x21, 0xEE, 0xE0, 0x1F, 0xEE, 0x22, 0xED
    .byte   0x13, 0xED, 0x11, 0x0F, 0x02, 0x02, 0xDF, 0x3F, 0xEF, 0x11, 0xF2, 0x2E, 0xF2, 0x31, 0xD1, 0x31
    .byte   0x00, 0xF2,    7, 0x0F, 0x1F, 0x2F, 0x10, 0x21, 0x00, 0xFF, 0x20, 0xFF, 0x10, 0x0F, 0xE2, 0x2E
    .byte   0xD0, 0x31, 0xED, 0x12, 0x1E, 0xDF, 0x42, 0xDC, 0xE3, 0x32, 0xDC, 0xF2, 0x33, 0xFD, 0xDD, 0x24
    .byte   0x30, 0xCC, 0xF4,    2, 0x01, 0xCD, 0x13, 0x41, 0xCC, 0x34, 0x4C, 0xDF, 0x33, 0x2E, 0xDD, 0x33
    .byte   0x3E, 0xDE, 0xE1, 0x43, 0xDC, 0xD4, 0x41, 0xDC, 0xE4, 0x30, 0xCE, 0x34, 0xEC, 0xD4, 0x3E, 0xCD
    .byte   0x44, 0x0B, 0xD3, 0x44,   14, 0x0B, 0xC3, 0x55, 0xCB, 0xC1, 0x54, 0xFC, 0xC3, 0x2E, 0x21, 0x3F
    .byte   0xEC, 0xD4, 0x5D, 0xCC, 0x34, 0x3E, 0xCD, 0x25, 0x4C, 0xAE, 0x45, 0x4C, 0xBD, 0x44, 0x2E, 0xCD
    .byte   0x43, 0x1D, 0xDF, 0x34, 0xFD,   -3, 0x0E, 0x03, 0x32, 0xED, 0xD3, 0x1D, 0xE3, 0x3F, 0xE0, 0xDF
    .byte   0x31, 0x2D, 0xD1, 0x43, 0xDD, 0xEF, 0x22, 0x32, 0xEC, 0xE3, 0x32, 0xDD, 0xE3, 0x12, 0xFF, 0xEE
    .byte   0x03, 0xFF, 0x3D, 0xDE, 0x31, 0x2E,   -5, 0x02, 0x02, 0xFE, 0xE0, 0x20, 0x31, 0x0E, 0xDE, 0x32
    .byte   0x21, 0xEE, 0xEF, 0x23, 0x2D, 0xDD, 0x33, 0x10, 0xEE, 0xFF, 0x03, 0x2F, 0xEE, 0xF0, 0x3F, 0x1E
    .byte   0xEE, 0xE3, 0x31, 0xEE, 0xEE, 0x13, 0x1E,   -4, 0x0E, 0x20, 0x2F, 0xEE, 0x12, 0x22, 0x0F, 0xDF
    .byte   0x31, 0x0E, 0x2E, 0xFF, 0x23, 0xED, 0xE2, 0x20, 0xFE, 0x12, 0xEF, 0x11, 0x01, 0x02, 0x1F, 0xFF
    .byte   0xFE, 0x12, 0x20, 0xF0, 0xEE, 0x02, 0x2F, 0xE1,   -1, 0x00, 0x2E, 0x12, 0xE0, 0x1F, 0x0E, 0x31
    .byte   0xEE, 0x02, 0xE0, 0x10, 0xE2, 0x00, 0x2F, 0xF1, 0x1D, 0x02, 0x02, 0x00, 0xD2, 0x22, 0xEF, 0xFF
    .byte   0x21, 0xEF, 0x0F, 0x11, 0x01, 0x2E, 0xE2, 0x0F, 0xE2,    1, 0x00, 0xFF, 0x1E, 0x22, 0xE1, 0x0F
    .byte   0xE0, 0x21, 0x1E, 0x12, 0x1E, 0x11, 0x1E, 0xE1, 0x21, 0x01, 0x0D, 0xF3, 0x2E, 0xE2, 0xFF, 0x02
    .byte   0xFF, 0x11, 0xE1, 0x2E, 0x0F, 0x21, 0xFE, 0xEF, 0xF3, 0x1F,    3, 0x0F, 0xEF, 0xE1, 0x23, 0xEF
    .byte   0xFF, 0x10, 0xEF, 0x20, 0xF0, 0x22, 0x0D, 0xD2, 0x3F, 0x01, 0x0E, 0xE2, 0x2F, 0xE2, 0x1E, 0xE1
    .byte   0x13, 0x2F, 0xDD, 0x32, 0x00, 0x2E, 0xE0, 0x1E, 0x12, 0x1F, 0x1F,    1, 0x00, 0xF0, 0xFE, 0x11
    .byte   0x21, 0x0E, 0xE3, 0x0F, 0xEE, 0x21, 0x2F, 0xF2, 0xEE, 0x1F, 0x00, 0x31, 0x1D, 0xE0, 0x11, 0x12
    .byte   0x0F, 0x10, 0xEF, 0x2F, 0xDF, 0x33, 0xFE, 0x1F, 0xEF, 0x02, 0x00, 0x22,    2, 0x0D, 0x02, 0x22
    .byte   0xFD, 0xE2, 0x22, 0xFE, 0x02, 0x0E, 0x02, 0x12, 0xFE, 0xFF, 0xF0, 0xFF, 0x2E, 0xE3, 0x10, 0xEF
    .byte   0x2F, 0xFD, 0x22, 0x22, 0x1D, 0xF2, 0xEE, 0x12, 0x21, 0xE0, 0xE1, 0x21, 0xFF,   -1, 0x00, 0x10
    .byte   0xE0, 0x23, 0x0D, 0xE1, 0xF0, 0x20, 0x2F, 0xEF, 0x12, 0x20, 0xFC, 0x02, 0x31, 0xE1, 0x00, 0x0E
    .byte   0x22, 0xEE, 0xE2, 0xE2, 0x2F, 0x02, 0x1E, 0xE1, 0x20, 0xFD, 0x03, 0x20, 0xF0, 0xE1,   -1, 0x01
    .byte   0xEF, 0x21, 0x10, 0x1F, 0xEF, 0xF3, 0x0E, 0xE1, 0x2F, 0x2F, 0x2E, 0xD2, 0x01, 0x10, 0x20, 0xF1
    .byte   0xEE, 0xE1, 0x22, 0x2E, 0xE0, 0x22, 0x0E, 0xEE, 0x23, 0x0E, 0xE2, 0x1E, 0xEE, 0x23, 0x0F,    1
    .byte   0x01, 0x1E, 0xE0, 0x22, 0x2E, 0xED, 0x23, 0x02, 0xEE, 0xF0, 0x10, 0x12, 0x1D, 0x11, 0x20, 0xF1
    .byte   0xEE, 0xD3, 0x33, 0xEE, 0xD1, 0xE1, 0x22, 0x2F, 0xE1, 0x12, 0xFE, 0xEF, 0xF0, 0x23, 0xEE, 0x10
    .byte     -1, 0x0E, 0x11, 0x20, 0xEE, 0x22, 0x3F, 0xED, 0xF1, 0x32, 0xDE, 0x10, 0x22, 0xE1, 0x1E, 0xE0
    .byte   0x22, 0x2E, 0xEE, 0xE2, 0x32, 0xEE, 0x01, 0x01, 0x1F, 0xEF, 0x11, 0x2E, 0x00, 0x10, 0x11, 0xEF
    .byte   0x22,   -1, 0x0F, 0xE2, 0x11, 0x3E, 0xEE, 0x11, 0x2F, 0xEF, 0x12, 0x1E, 0xF0, 0x12, 0xE1, 0x00
    .byte   0x2F, 0xEE, 0x11, 0x02, 0x2F, 0xEF, 0x00, 0x1F, 0x11, 0x11, 0x2E, 0xD1, 0x21, 0xE1, 0x20, 0x10
    .byte   0x0F, 0xF0,   -4, 0x00, 0x20, 0x2E, 0xFF, 0x01, 0x2F, 0xFE, 0xE2, 0x3F, 0xE0, 0x0F, 0x2F, 0xE1
    .byte   0x00, 0x11, 0x1F, 0x0E, 0xE0, 0x31, 0x0D, 0xE2, 0x21, 0xF2, 0x1F, 0xFE, 0xF2, 0x1F, 0x0E, 0xE2
    .byte   0x22, 0x0E, 0xE2,    4, 0x0E, 0xF0, 0x2E, 0xFF, 0x21, 0xFF, 0xE1, 0x21, 0x11, 0xEE, 0xF2, 0xF2
    .byte   0x2E, 0xEF, 0x21, 0x0E, 0xF1, 0x02, 0x1F, 0xE1, 0x01, 0x1E, 0x20, 0xFF, 0x20, 0xE1, 0xEF, 0x22
    .byte   0x1E, 0x10, 0x2E, 0xEF,   -4, 0x02, 0x2E, 0xFF, 0xF2, 0x20, 0xE0, 0xEF, 0x12, 0x21, 0xFE, 0xE0
    .byte   0x00, 0x22, 0xEE, 0xE2, 0x22, 0x1D, 0x1E, 0x22, 0x0F, 0xF1, 0x10, 0xFF, 0xE2, 0xF0, 0xF1, 0x20
    .byte   0xE0, 0xFF, 0x02, 0x1F, 0x2E,   -3, 0x00, 0x12, 0xF0, 0xE0, 0x20, 0x2F, 0xE0, 0xFF, 0xF2, 0x01
    .byte   0x01, 0xFE, 0xE1, 0x2F, 0x22, 0x1F, 0xDE, 0x12, 0x3F, 0xFD, 0xE3, 0x2E, 0xEE, 0x13, 0x21, 0xDE
    .byte   0x12, 0x20, 0xEE, 0x02, 0x22, 0xEE,   -6, 0x0F, 0x32, 0xEF, 0x0E, 0x0F, 0x22, 0x1E, 0xF0, 0xE2
    .byte   0x0F, 0x0F, 0x11, 0x02, 0xEF, 0xF0, 0x2E, 0xE2, 0x30, 0xEE, 0xD2, 0x32, 0xEE, 0xE3, 0x0E, 0x01
    .byte   0xEF, 0x00, 0x23, 0xEE, 0x1E, 0xFF, 0x10,    1, 0x01, 0x1F, 0xFF, 0xFF, 0x12, 0xFE, 0xE2, 0x21
    .byte   0xEF, 0x11, 0xF1, 0x2E, 0xE1, 0x12, 0x3E, 0xDE, 0xF2, 0x22, 0x1F, 0xDF, 0x30, 0xEF, 0xE2, 0x1F
    .byte   0x2F, 0xF0, 0x1F, 0xE1, 0x01, 0x0E, 0x22, 0x2F,   -2, 0x00, 0x20, 0xE0, 0x10, 0x21, 0xD1, 0x32
    .byte   0xED, 0xFF, 0x22, 0x2E, 0xF1, 0xE0, 0xE0, 0x23, 0x1D, 0x1F, 0x12, 0xFD, 0xF2, 0x21, 0x20, 0xEF
    .byte   0xF0, 0xE0, 0x11, 0x02, 0x2E, 0xFE, 0xF2, 0x11, 0xE1,    1, 0x0F, 0x11, 0xEF, 0x01, 0x02, 0xFF
    .byte   0x2F, 0x02, 0xFD, 0x00, 0x21, 0xE2, 0xE0, 0xE2, 0x3E, 0xEF, 0xFF, 0x21, 0xEF, 0x30, 0xFF, 0xFF
    .byte   0xE1, 0x2F, 0xFE, 0xF3, 0x1F, 0xD1, 0x2F, 0xE2, 0x20, 0x0D,   -4, 0x02, 0x2F, 0xF0, 0xEE, 0xF3
    .byte   0x20, 0xEF, 0xEF, 0x22, 0xFE, 0x1F, 0x2E, 0x02, 0xE1, 0xE0, 0x22, 0xE0, 0xF0, 0x3D, 0xE2, 0x20
    .byte   0xE1, 0x1E, 0xF2, 0x21, 0x2F, 0xDE, 0xF0, 0x21, 0x00, 0x01, 0x12,    1, 0x0E, 0xF2, 0xEE, 0x33
    .byte   0xFE, 0xDF, 0x2E, 0x22, 0xEE, 0x13, 0x2D, 0xE1, 0x01, 0x00, 0x12, 0x12, 0xED, 0xE2, 0x4F, 0xCF
    .byte   0x21, 0x32, 0xC1, 0x2E, 0xE2, 0x22, 0x1E, 0xE1, 0x2E, 0x00, 0xE1, 0x30,    2, 0x01, 0x2E, 0xE1
    .byte   0xFE, 0x01, 0x10, 0xF3, 0x3E, 0xDD, 0xE2, 0x30, 0x02, 0xF0, 0x1E, 0xEF, 0x10, 0xF1, 0x11, 0x12
    .byte   0x2F, 0xED, 0xF1, 0x23, 0x2D, 0xF2, 0x1E, 0xDF, 0x02, 0x2E, 0x03, 0x2F, 0xDE,   -6, 0x02, 0x0E
    .byte   0x21, 0x22, 0x1E, 0xEE, 0xF2, 0x21, 0xE0, 0xEE, 0xE3, 0x22, 0x1F, 0xFF, 0xEE, 0x00, 0x22, 0x01
    .byte   0x10, 0xD0, 0x21, 0x00, 0xE1, 0x0F, 0x02, 0x1E, 0x22, 0xEE, 0x20, 0x01, 0xE0, 0x20,    1, 0x0E
    .byte   0xFF, 0xF2, 0x2E, 0x12, 0x20, 0xED, 0xEF, 0x13, 0x31, 0x0F, 0xEE, 0xEE, 0xF2, 0x22, 0x00, 0x11
    .byte   0xEF, 0xF1, 0x1F, 0x10, 0x0F, 0x1F, 0xE1, 0x12, 0x20, 0xEE, 0xF1, 0x10, 0x11, 0x02, 0x1E,   -1
    .byte   0x0E, 0x01, 0x11, 0x12, 0x22, 0xEE, 0xDE, 0x12, 0x21, 0x12, 0x00, 0xEE, 0xD0, 0x32, 0x2F, 0xFF
    .byte   0xFF, 0xE0, 0x02, 0x01, 0x2F, 0x00, 0xEE, 0xE2, 0x21, 0xF0, 0x11, 0x00, 0xFF, 0xF1, 0xFF, 0xF2
    .byte      2, 0x00, 0xFF, 0xFF, 0x00, 0x10, 0x11, 0x00, 0xF0, 0xFF, 0x00, 0x22, 0x1E, 0x0E, 0x0E, 0x01
    .byte   0x12, 0x10, 0xFF, 0xFF, 0x00, 0x20, 0x01, 0xE1, 0xFF, 0x02, 0x11, 0x0E, 0xFE, 0x11, 0x10, 0x02
    .byte   0x10,    2, 0x0F, 0xF0, 0xF0, 0x12, 0x00, 0xF0, 0xEF, 0xF2, 0xF1, 0xF0, 0x0F, 0x00, 0xF1, 0x01
    .byte   0x10, 0xF1, 0x0F, 0xFF, 0xF1, 0x12, 0x01, 0xEF, 0xF0, 0x02, 0xFF, 0x0F, 0xF1, 0x01, 0x00, 0xF0
    .byte   0xFF, 0x02,    2, 0x01, 0x0F, 0xF1, 0x11, 0xFF, 0x0F, 0xF0, 0x0F, 0x00, 0x20, 0x00, 0xE0, 0xFF
    .byte   0xF0, 0x01, 0x11, 0x0F, 0xF0, 0xEF, 0xF1, 0xF1, 0x0F, 0xE1, 0x11, 0x12, 0x11, 0xFF, 0xF1, 0x22
    .byte   0x2F, 0x01, 0x12,   15, 0x02, 0x2F, 0x00, 0x00, 0x1F, 0xFF, 0x00, 0xEF, 0xEF, 0xF0, 0x00, 0xEF
    .byte   0xF0, 0xF0, 0xEF, 0x0E, 0xFE, 0x0E, 0x0F, 0xFF, 0xEE, 0xFF, 0xFE, 0xF1, 0x11, 0x11, 0x02, 0x1E
    .byte   0xEF, 0x12, 0x33, 0x33,   14, 0x04, 0x32, 0x1F, 0xFF, 0xFE, 0xFE, 0xEE, 0xEE, 0xEE, 0x02, 0xFE
    .byte   0xEF, 0xF1, 0x32, 0x11, 0xF0, 0xEF, 0x01, 0x1E, 0xEE, 0xDE, 0x11, 0x21, 0x11, 0x11, 0x01, 0x12
    .byte   0x0E, 0xFE, 0xFE, 0x00, 0xFF,  -17, 0x0E, 0xEE, 0xEF, 0xFF, 0x10, 0x10, 0xFF, 0xF0, 0x10, 0x22
    .byte   0x23, 0x33, 0x44, 0x33, 0xED, 0xFE, 0x10, 0xFE, 0xDD, 0xEF, 0xF2, 0x12, 0xFE, 0xD0, 0x23, 0x32
    .byte   0x0E, 0xDE, 0xE2, 0x11, 0xFD, 0xDD,  -19, 0x01, 0x33, 0x2E, 0xDF, 0x23, 0x32, 0x0E, 0xDD, 0x02
    .byte   0x12, 0xEE, 0xDD, 0xE2, 0x3F, 0xEE, 0xDF, 0xF0, 0x21, 0x1F, 0x0E, 0xFF, 0xFF, 0xF0, 0x12, 0x33
    .byte   0x33, 0x44, 0x42, 0xED, 0xEE, 0x10, 0xFD,   16, 0x0E, 0xEF, 0x02, 0x10, 0xFE, 0xE2, 0x33, 0x21
    .byte   0xDD, 0xF1, 0x20, 0xFD, 0xDD, 0xF1, 0x12, 0x1E, 0xE0, 0x13, 0x32, 0x20, 0xEE, 0xF1, 0x2F, 0xED
    .byte   0xDF, 0xF1, 0x2E, 0xEE, 0xF0, 0x20, 0x0E, 0x0E,  -31, 0x00, 0x21, 0x1F, 0xEE, 0x12, 0x10, 0xE1
    .byte   0x23, 0x43, 0x42, 0x34, 0x2E, 0xDE, 0x11, 0xED, 0xDD, 0x00, 0x2E, 0xE1, 0x21, 0xFF, 0x23, 0x0E
    .byte   0xFE, 0x01, 0x1F, 0xED, 0xEE, 0x0F, 0xFF, 0xFE, 0xE2,   -9, 0x03, 0x12, 0xFF, 0x13, 0x1F, 0xED
    .byte   0xEE, 0x10, 0xEE, 0xEF, 0xFF, 0x21, 0xFF, 0xEE, 0x01, 0x20, 0xEE, 0xE0, 0x22, 0xFE, 0x00, 0x01
    .byte   0x02, 0x33, 0x33, 0x33, 0x23, 0x3E, 0xEE, 0x11, 0xFD, 0xDE,   15, 0x0F, 0x10, 0xFF, 0x10, 0xE1
    .byte   0x23, 0x0D, 0xE0, 0x2F, 0x0E, 0xDE, 0xF1, 0x0E, 0xE2, 0xFF, 0x01, 0x20, 0x21, 0x00, 0x23, 0xFE
    .byte   0xEE, 0x0E, 0xE0, 0xEF, 0xEF, 0xFF, 0x11, 0x0E, 0x01, 0x00, 0xEF,  -27, 0x0E, 0x10, 0x2F, 0xF0
    .byte   0x1F, 0xF1, 0x23, 0xFF, 0x02, 0x33, 0x41, 0x12, 0x43, 0xFC, 0xE2, 0x3E, 0xDD, 0xE0, 0x1F, 0xEF
    .byte   0x01, 0x0E, 0xF2, 0x3F, 0xDD, 0x22, 0x2E, 0xDE, 0x11, 0x0E, 0xE0, 0x10,   -8, 0x01, 0x2F, 0x02
    .byte   0x02, 0x11, 0x10, 0xEF, 0xE0, 0xFF, 0xEE, 0xE0, 0x1F, 0xE0, 0x0E, 0xF0, 0x11, 0xFE, 0xE1, 0x11
    .byte   0x10, 0x02, 0x0F, 0xF3, 0x2F, 0xEE, 0x33, 0x22, 0xF0, 0x34, 0x2F, 0x23, 0xED,   29, 0x03, 0x2E
    .byte   0xDD, 0x01, 0x0E, 0xE0, 0x11, 0xEE, 0x22, 0x0E, 0xE0, 0x20, 0xEE, 0x1E, 0x10, 0xFE, 0xF0, 0xF0
    .byte   0x21, 0xEE, 0x23, 0x3E, 0xDE, 0x02, 0x3F, 0xCD, 0x23, 0x2D, 0xDF, 0x21, 0x0E, 0x0E,  -25, 0x00
    .byte   0x0F, 0x0F, 0xFE, 0x02, 0x11, 0xE1, 0x12, 0x21, 0x20, 0xFF, 0x33, 0x2E, 0xF2, 0x33, 0x21, 0xF3
    .byte   0x3E, 0xDE, 0x32, 0xDE, 0xF0, 0x0E, 0xF0, 0xFF, 0xFE, 0x0F, 0xFE, 0xF0, 0x10, 0xEE, 0x02,    2
    .byte   0x0E, 0xF0, 0x1F, 0xFF, 0x01, 0x1F, 0xF0, 0x12, 0x10, 0xE0, 0xF2, 0x2F, 0xDE, 0x22, 0xED, 0xE2
    .byte   0x1E, 0xFF, 0x1E, 0xE0, 0x11, 0xEE, 0x1F, 0x02, 0x10, 0xF0, 0x22, 0x21, 0x11, 0x22, 0x22, 0x01
    .byte      8, 0x02, 0x23, 0x12, 0x22, 0x0D, 0xF0, 0x3E, 0xEE, 0x20, 0xFE, 0x0F, 0xFE, 0xFF, 0xFE, 0xEF
    .byte   0x01, 0x0E, 0xE1, 0x2F, 0xEF, 0x10, 0x0E, 0x00, 0x10, 0xF0, 0x11, 0x1F, 0x12, 0xFF, 0x02, 0xFE
    .byte   0xEF,   -4, 0x0F, 0xEF, 0xEF, 0x10, 0xD1, 0x0E, 0x0F, 0xEF, 0x1E, 0x02, 0x0F, 0x02, 0x22, 0x00
    .byte   0x12, 0x22, 0x2E, 0x22, 0x32, 0x11, 0x13, 0x30, 0x21, 0xD0, 0x22, 0xEE, 0xFF, 0x02, 0xEE, 0x1F
    .byte   0xEF, 0xFE,   12, 0x0E, 0xE1, 0x10, 0xD0, 0x2F, 0xF0, 0xEF, 0x01, 0x00, 0x0E, 0x02, 0x10, 0xFE
    .byte   0x23, 0x2D, 0xD3, 0x31, 0xDD, 0x12, 0x1F, 0xDE, 0x2F, 0x11, 0xED, 0xF0, 0x10, 0xDE, 0x02, 0x2E
    .byte   0x12, 0x02, 0x11,  -20, 0x02, 0x01, 0x22, 0x01, 0x32, 0x02, 0x22, 0x31, 0xF3, 0x2D, 0xF2, 0x2E
    .byte   0xFE, 0xF2, 0x0E, 0xF1, 0xEE, 0xFF, 0xEE, 0xEE, 0x1F, 0xEE, 0x21, 0xE1, 0x0F, 0xFF, 0xF0, 0x10
    .byte   0xF0, 0x20, 0xFF, 0x02,    2, 0x0F, 0xE2, 0x3F, 0xDE, 0x30, 0xDE, 0xF2, 0x2D, 0xD2, 0x2E, 0xEF
    .byte   0xEF, 0xEE, 0x11, 0xEE, 0x03, 0x0F, 0x00, 0x23, 0x00, 0x02, 0x12, 0x32, 0xE2, 0x23, 0x22, 0x02
    .byte   0x32, 0xDF, 0x31, 0xEE, 0xE2,   38, 0x01, 0xD0, 0x0F, 0xEE, 0xEE, 0x0D, 0x01, 0x0D, 0xE2, 0x2F
    .byte   0xEE, 0x01, 0x1E, 0x11, 0x01, 0x11, 0x10, 0x01, 0x21, 0x0E, 0x22, 0x2E, 0xE1, 0x1F, 0xFE, 0x1E
    .byte   0xEF, 0x0F, 0xEE, 0xE0, 0x0E, 0xEF,  -33, 0x0F, 0xE1, 0x01, 0x11, 0x02, 0x21, 0x22, 0x2F, 0x22
    .byte   0x22, 0x21, 0x22, 0x32, 0x12, 0x22, 0xEF, 0x21, 0xFE, 0x01, 0x10, 0xEE, 0x2E, 0xD1, 0xFD, 0xEE
    .byte   0xFF, 0xFE, 0xF1, 0x0E, 0xF0, 0x0E, 0x0F,  -14, 0x00, 0x11, 0x21, 0x1E, 0x22, 0x2F, 0xF0, 0x22
    .byte   0xFF, 0x2E, 0xE1, 0x20, 0xDE, 0xF0, 0x0E, 0xEE, 0xF1, 0xEE, 0xEE, 0x10, 0xEF, 0x10, 0x12, 0x1F
    .byte   0x22, 0x20, 0x21, 0x12, 0x22, 0x22, 0x12, 0x23,   26, 0x01, 0x23, 0xFE, 0x02, 0x2E, 0xFE, 0x21
    .byte   0xFE, 0xFF, 0xEE, 0xEE, 0xEE, 0xEF, 0x0E, 0xE0, 0x1F, 0xE0, 0xE0, 0x0F, 0x00, 0x00, 0x12, 0x11
    .byte   0x02, 0x02, 0x0F, 0x01, 0x21, 0x1F, 0x00, 0x0F, 0xFE,   -2, 0x0F, 0xEF, 0xEE, 0xEE, 0x2E, 0xEE
    .byte   0x0E, 0x00, 0xE1, 0xF0, 0x12, 0x11, 0x12, 0x22, 0x21, 0x22, 0x22, 0x22, 0x22, 0x22, 0x22, 0x21
    .byte   0xF1, 0x12, 0x00, 0xE0, 0x10, 0xFE, 0xFE, 0xEE, 0xEE, 0xFE,    4, 0x0F, 0xFE, 0xFF, 0x0E, 0x00
    .byte   0xEF, 0xF0, 0x11, 0xF1, 0x12, 0x02, 0x00, 0x11, 0x10, 0x20, 0x02, 0x01, 0x11, 0x0E, 0xE0, 0xFE
    .byte   0xFE, 0x0E, 0x0E, 0xFF, 0xEE, 0xFE, 0xE0, 0xF0, 0x01, 0x01, 0x20,  -27, 0x01, 0x20, 0x22, 0x02
    .byte   0x02, 0x21, 0x22, 0x12, 0x22, 0x22, 0x20, 0x11, 0x11, 0x11, 0x0F, 0xFF, 0xFF, 0xFF, 0xEE, 0xEE
    .byte   0xEF, 0xEF, 0xEF, 0xFE, 0x0E, 0x0F, 0xE0, 0xF0, 0x00, 0x00, 0x10, 0x01,  -12, 0x01, 0x11, 0x10
    .byte   0x21, 0x12, 0x02, 0x01, 0x11, 0xF0, 0x0F, 0xFF, 0xF0, 0x0E, 0x0E, 0xEF, 0xEE, 0xEF, 0xEF, 0xEF
    .byte   0x0F, 0xFF, 0x10, 0x01, 0x02, 0x01, 0x21, 0x22, 0x22, 0x22, 0x22, 0x23, 0x12,   32, 0x02, 0x12
    .byte   0x12, 0x11, 0x11, 0x10, 0x0E, 0xFE, 0xEE, 0xEE, 0xEE, 0xEE, 0xEE, 0xEE, 0xEE, 0xEF, 0xEF, 0xE0
    .byte   0x10, 0x11, 0x11, 0x10, 0x20, 0x21, 0x21, 0x22, 0x21, 0x21, 0x20, 0x01, 0x00, 0xF0,   13, 0x0F
    .byte   0xFE, 0xFE, 0xEE, 0xEE, 0xEE, 0xEE, 0xFE, 0x0E, 0xF0, 0x1F, 0x10, 0x21, 0x11, 0x22, 0x22, 0x22
    .byte   0x22, 0x23, 0x23, 0x12, 0x21, 0x22, 0x12, 0x11, 0x00, 0x1F, 0x0E, 0xFE, 0xED, 0xEE, 0xEE,    9
    .byte   0x0E, 0xEE, 0xEE, 0xFE, 0xFE, 0xFE, 0x0F, 0x02, 0x11, 0x10, 0x20, 0x02, 0x20, 0x20, 0x21, 0x22
    .byte   0x21, 0x12, 0xF0, 0xFF, 0xFF, 0xFF, 0xEF, 0xEE, 0xFE, 0xEE, 0xEE, 0xEE, 0xEE, 0xFF, 0xF0, 0x00
    .byte    -40, 0x01, 0x01, 0x21, 0x21, 0x22, 0x22, 0x32, 0x23, 0x22, 0x22, 0x22, 0x12, 0x22, 0xF1, 0x0F
    .byte   0x00, 0xFE, 0xEF, 0xDE, 0xEE, 0xEE, 0xEE, 0xEE, 0xEE, 0xEF, 0xEF, 0xFF, 0xFF, 0x10, 0x12, 0x01
    .byte   0x11,  -15, 0x02, 0x12, 0x02, 0x22, 0x12, 0x12, 0x10, 0x10, 0x01, 0xFF, 0xF0, 0xEE, 0x0E, 0xEE
    .byte   0xEE, 0xEE, 0xEF, 0xEF, 0xEF, 0xFF, 0xF0, 0x11, 0x11, 0x11, 0x20, 0x22, 0x22, 0x22, 0x23, 0x12
    .byte   0x32, 0x22,   37, 0x02, 0x12, 0x11, 0x10, 0x1F, 0x0E, 0xFE, 0xEE, 0xED, 0xFE, 0xEE, 0xEE, 0xEE
    .byte   0xEF, 0xEF, 0xEF, 0xE1, 0x11, 0x02, 0x00, 0x20, 0x02, 0x21, 0x20, 0x22, 0x21, 0x20, 0x21, 0x01
    .byte   0x1F, 0x0F, 0xFF,   12, 0x0F, 0xEF, 0xEE, 0xEE, 0xEE, 0xEE, 0xFE, 0xEF, 0xFF, 0x00, 0x01, 0x11
    .byte   0x02, 0x02, 0x02, 0x22, 0x22, 0x22, 0x32, 0x22, 0x22, 0x12, 0x22, 0x11, 0x11, 0xF1, 0xFF, 0xFE
    .byte   0xEE, 0xEE, 0xEE, 0xEE,    3, 0x0E, 0xEE, 0xFE, 0xFE, 0xFE, 0xFF, 0x10, 0x10, 0x2F, 0x02, 0x02
    .byte   0x02, 0x11, 0x22, 0x12, 0x21, 0x20, 0x11, 0x1F, 0x0F, 0x0F, 0xE1, 0xEF, 0xEE, 0xEE, 0xEE, 0xFE
    .byte   0xE0, 0xE0, 0xEF, 0x0F, 0x01,  -35, 0x01, 0x21, 0x11, 0x21, 0x21, 0x22, 0x22, 0x22, 0x22, 0x22
    .byte   0x21, 0x22, 0x02, 0x11, 0x11, 0x00, 0xF0, 0xEE, 0xEE, 0xEE, 0xEE, 0xEF, 0xEE, 0xEF, 0xEF, 0xFE
    .byte   0xEF, 0xFF, 0x01, 0x02, 0x00, 0x21,  -12, 0x01, 0x12, 0x02, 0x02, 0x21, 0x21, 0x11, 0x1F, 0x00
    .byte   0x0F, 0xFF, 0xFE, 0xFE, 0xEF, 0xEE, 0xEF, 0xEE, 0x0E, 0xFF, 0xFF, 0x10, 0x01, 0x11, 0x21, 0x02
    .byte   0x11, 0x22, 0x12, 0x22, 0x22, 0x22, 0x21,   29, 0x01, 0x22, 0x11, 0x11, 0x11, 0xFF, 0x0E, 0xEE
    .byte   0xEE, 0xEE, 0xFE, 0xEE, 0xEF, 0xEF, 0xEE, 0xFE, 0xFF, 0x00, 0x10, 0x11, 0x11, 0x21, 0x21, 0x21
    .byte   0x12, 0x22, 0x12, 0x00, 0x11, 0x1F, 0xF0, 0xE0,    9, 0x0F, 0xEE, 0xE0, 0xEE, 0xDF, 0xFE, 0xFF
    .byte   0xE0, 0xFF, 0x01, 0x20, 0x11, 0x10, 0x22, 0x22, 0x21, 0x23, 0x31, 0x33, 0x11, 0x20, 0x20, 0xFE
    .byte   0xE0, 0xF0, 0x0E, 0xEE, 0xEE, 0xEF, 0xDE, 0x0E, 0xFF,  -11, 0x0F, 0x01, 0xFF, 0xFF, 0x10, 0x00
    .byte   0x11, 0x22, 0x11, 0x21, 0x21, 0x10, 0x21, 0x11, 0x00, 0x00, 0xFE, 0x0E, 0xFE, 0xEE, 0x0E, 0xFE
    .byte   0xFE, 0xEF, 0x1F, 0xDE, 0x12, 0x10, 0xF0, 0x03, 0x2F, 0xFF,  -18, 0x03, 0x0E, 0x03, 0x21, 0x12
    .byte   0x22, 0x23, 0x3E, 0xF0, 0x22, 0xFD, 0xF1, 0x0E, 0xFF, 0xEF, 0xE1, 0xFE, 0xD0, 0x1F, 0xEE, 0xF1
    .byte   0xFF, 0x10, 0xFF, 0x11, 0x0F, 0x01, 0x20, 0xF1, 0x21, 0x10, 0x21,    8, 0x02, 0x01, 0xF1, 0x1F
    .byte   0xFF, 0xE0, 0xE0, 0xEE, 0x0E, 0x0E, 0xFF, 0xEF, 0xEF, 0xFF, 0xFF, 0xF0, 0x02, 0x01, 0x11, 0x22
    .byte   0xF0, 0x22, 0x11, 0x21, 0x12, 0x23, 0xF1, 0x32, 0xF1, 0x02, 0x1E, 0xE0,   30, 0x0E, 0xE1, 0x0E
    .byte   0x0E, 0x1E, 0xEE, 0x1F, 0xEE, 0x01, 0x0E, 0x01, 0x0E, 0x12, 0xFE, 0x02, 0x2E, 0xF2, 0x12, 0xE1
    .byte   0x21, 0x1F, 0x22, 0xFE, 0x12, 0x0E, 0xE2, 0xFE, 0xEF, 0x0E, 0xEE, 0x10, 0xEE,  -20, 0x0F, 0xEE
    .byte   0x01, 0xEF, 0x02, 0x2E, 0xF3, 0x01, 0xF1, 0x3E, 0x22, 0x13, 0xF1, 0x32, 0x2F, 0x32, 0xE2, 0x11
    .byte   0x2D, 0xF2, 0xE0, 0xEF, 0x0E, 0xFF, 0xFE, 0xD1, 0x1E, 0xFE, 0x01, 0xEF, 0x10, 0xF0,   -6, 0x0F
    .byte   0xFF, 0x20, 0xFF, 0x21, 0x00, 0x20, 0x10, 0x22, 0xF0, 0x11, 0x10, 0xFE, 0x0F, 0xFE, 0xEF, 0xFE
    .byte   0xEF, 0xEF, 0xEE, 0x00, 0xEF, 0xF0, 0xFF, 0x10, 0x10, 0x22, 0x02, 0x12, 0x20, 0x22, 0x21,    5
    .byte   0x02, 0x22, 0x23, 0x11, 0x20, 0x3E, 0xD2, 0x1F, 0xEF, 0xEE, 0xF1, 0xEE, 0xDF, 0x2E, 0xEE, 0xF0
    .byte   0xE1, 0x00, 0xE0, 0x20, 0xE0, 0x02, 0x0F, 0x00, 0x20, 0x21, 0x01, 0x22, 0x00, 0x11, 0x20, 0xE1
    .byte     11, 0x0F, 0x0E, 0xFE, 0xEE, 0x1E, 0xDF, 0x0F, 0xEE, 0xFF, 0xFE, 0x10, 0xF1, 0x01, 0x21, 0x22
    .byte   0x02, 0x12, 0x21, 0x22, 0x22, 0x03, 0x13, 0x20, 0x21, 0x22, 0xEF, 0x0F, 0x0E, 0xEE, 0xE1, 0xFD
    .byte   0xEE,    6, 0x0E, 0xEE, 0xFF, 0xFF, 0xF0, 0xFF, 0x2F, 0x0E, 0x21, 0x11, 0xF0, 0x21, 0x11, 0x11
    .byte   0x12, 0x20, 0xF1, 0x21, 0x0E, 0xF0, 0xFF, 0xEE, 0xEF, 0xEE, 0xEE, 0xFE, 0x1E, 0xEF, 0xFF, 0xFF
    .byte   0x11, 0x02,  -31, 0x02, 0x12, 0x21, 0x12, 0x22, 0x12, 0x22, 0x22, 0x23, 0x11, 0x22, 0x21, 0xE2
    .byte   0xFF, 0xFE, 0xEE, 0xE1, 0xEE, 0xED, 0x1E, 0xEE, 0xE0, 0xFF, 0x0F, 0xF0, 0x11, 0x00, 0x11, 0x11
    .byte   0x10, 0x11, 0x21,    1, 0x00, 0x02, 0x20, 0x01, 0x10, 0x10, 0xFE, 0x0E, 0x0E, 0xEE, 0xFF, 0xEE
    .byte   0xFE, 0xE0, 0xE0, 0xE0, 0xF0, 0x1F, 0x21, 0x12, 0x12, 0x22, 0x02, 0x12, 0x22, 0x11, 0x22, 0x22
    .byte   0x30, 0x02, 0x22, 0x0F,   42, 0x00, 0x0F, 0xFF, 0xEE, 0xE1, 0xED, 0xEE, 0xFE, 0xEE, 0xEE, 0xF1
    .byte   0xF0, 0xFF, 0x21, 0x10, 0x01, 0x12, 0x10, 0x00, 0x22, 0xFF, 0x12, 0x11, 0x0F, 0xF1, 0xF0, 0xFE
    .byte   0xE0, 0xFF, 0xEE, 0xFE, 0xFF,  -23, 0x0E, 0xFF, 0x00, 0xE0, 0x10, 0x20, 0x21, 0x12, 0x12, 0x12
    .byte   0x21, 0x20, 0x22, 0x01, 0x02, 0x02, 0x21, 0x11, 0x12, 0x2F, 0x0F, 0x01, 0xF1, 0xFE, 0xE1, 0x0E
    .byte   0xEE, 0xEE, 0xFE, 0xFE, 0xE0, 0x00,  -11, 0x00, 0xF1, 0x11, 0x1F, 0xF0, 0x22, 0xF0, 0xF1, 0x21
    .byte   0x1E, 0x11, 0x11, 0x0E, 0xF0, 0x1F, 0x0E, 0xFF, 0xFF, 0xFE, 0xFF, 0xFF, 0xFF, 0xFF, 0x2F, 0xE2
    .byte   0xF2, 0xF0, 0x20, 0x2E, 0x3E, 0x3E, 0x13,    0, 0x03, 0xD4, 0xD2, 0x1E, 0x3D, 0x31, 0x11, 0xE2
    .byte   0xF2, 0x00, 0xEF, 0x11, 0x10, 0xEF, 0xF1, 0x0F, 0xEE, 0xF1, 0xE0, 0xFE, 0x1E, 0x2F, 0xFF, 0xE2
    .byte   0x00, 0xF0, 0x0F, 0x20, 0xE2, 0xE2, 0x0F, 0x0F,   -3, 0x0E, 0x2F, 0x11, 0xD3, 0xE0, 0xFE, 0x2F
    .byte   0x1D, 0x4C, 0x22, 0xF2, 0xD3, 0xD2, 0x1F, 0x0F, 0x20, 0x10, 0xF2, 0xE2, 0x0E, 0x3D, 0x3E, 0x2F
    .byte   0x2E, 0x03, 0xD3, 0xD2, 0x2E, 0x2F, 0xFF, 0x2F, 0x11,   10, 0x01, 0xF0, 0x01, 0xFF, 0x0F, 0x11
    .byte   0x0E, 0x1E, 0x2E, 0x2E, 0x00, 0xE3, 0xD3, 0xD2, 0xE1, 0x2D, 0x3D, 0x11, 0x11, 0xE1, 0xE2, 0x1E
    .byte   0x3D, 0x2E, 0x21, 0xE0, 0x00, 0x12, 0xD4, 0xC3, 0xEF, 0x2D,    1, 0x0C, 0x4D, 0x2F, 0x0E, 0x3D
    .byte   0x22, 0xE2, 0xE2, 0xE1, 0x2D, 0x3E, 0x03, 0xC5, 0xB4, 0xDF, 0x3D, 0x3D, 0x3E, 0x2E, 0x11, 0x11
    .byte   0xE2, 0xFF, 0x3D, 0x2E, 0x2E, 0x12, 0xD3, 0xD3, 0x0E, 0x10, 0xF0,    5, 0x0E, 0x2E, 0x2E, 0x02
    .byte   0xE3, 0xD2, 0xE2, 0xFF, 0xFE, 0x2E, 0x2F, 0x1E, 0x2E, 0x2F, 0x0F, 0xE2, 0xE3, 0xD2, 0x0E, 0x2E
    .byte   0x21, 0xE1, 0xF1, 0x00, 0xF1, 0xE2, 0x02, 0xE1, 0x1E, 0x2E, 0x2E, 0x10,   -3, 0x00, 0x2E, 0x11
    .byte   0xFE, 0x3D, 0x22, 0xD3, 0xD2, 0x20, 0x1E, 0x2F, 0x00, 0xF2, 0xD3, 0xEF, 0x3C, 0x4C, 0x31, 0xD4
    .byte   0xD2, 0xFE, 0x3D, 0x2E, 0x11, 0xF2, 0x1E, 0x2E, 0xF2, 0xE2, 0xE2, 0xE0, 0x2E,    6, 0x0D, 0x20
    .byte   0xE3, 0xD3, 0xD1, 0x10, 0x21, 0xE1, 0xE1, 0x2E, 0x2D, 0x3D, 0x3F, 0xE2, 0xD3, 0xE2, 0xFF, 0x0F
    .byte   0x01, 0x01, 0xE2, 0xE2, 0x2D, 0x3D, 0x21, 0xE3, 0xD2, 0xD3, 0x0F, 0x2D, 0x3D, 0x3F,    0, 0x02
    .byte   0xD2, 0x1F, 0x2E, 0x2E, 0x20, 0x01, 0xD3, 0xC4, 0xFD, 0x4B, 0x5C, 0x32, 0xC4, 0xC4, 0xD1, 0x2E
    .byte   0xE3, 0xE0, 0x3C, 0x4C, 0x31, 0xD4, 0xB4, 0x0D, 0x5B, 0x4D, 0xF4, 0xB5, 0xB4, 0xD2, 0x2E,    1
    .byte   0x0E, 0x02, 0x0F, 0x2D, 0x20, 0x03, 0xC3, 0xD2, 0x3D, 0x4C, 0x12, 0xD4, 0xD0, 0x1E, 0x21, 0xF2
    .byte   0xD2, 0x1E, 0x3E, 0xE2, 0xE2, 0x10, 0xEF, 0x11, 0x10, 0xF0, 0xF2, 0x1E, 0x2E, 0xF2, 0xFE, 0x3D
    .byte      0, 0x01, 0xF1, 0xE3, 0xD2, 0x2D, 0x3D, 0x03, 0xD3, 0xEF, 0xF0, 0x12, 0xFE, 0x1E, 0x3E, 0x2E
    .byte   0xE3, 0xC4, 0xD1, 0x2D, 0x3F, 0x1E, 0x10, 0xE3, 0xD2, 0x00, 0x11, 0x2D, 0x3D, 0x12, 0xE3, 0xDF
    .byte   0x2E,    2, 0x0E, 0x2E, 0xF2, 0xE2, 0x0E, 0x2E, 0x03, 0xD2, 0x0E, 0x13, 0xDF, 0x3C, 0x32, 0xD3
    .byte   0xEE, 0x20, 0x2D, 0x3F, 0xC5, 0xDD, 0x4D, 0xE2, 0xF0, 0x2F, 0xE1, 0x1E, 0x3E, 0xE3, 0xD0, 0x3D
    .byte   0x22, 0xD2,    4, 0x0E, 0x3D, 0x0F, 0x12, 0xE2, 0xED, 0x32, 0xE3, 0xDD, 0x4D, 0xF3, 0xD0, 0x2D
    .byte   0x31, 0xFF, 0xF2, 0xD3, 0x3C, 0x3E, 0xE3, 0xEF, 0xE0, 0x2E, 0x3F, 0xEF, 0xF2, 0x0E, 0x2D, 0x12
    .byte   0xF2, 0xFF, 0xEF,   -1, 0x00, 0x10, 0xF0, 0x02, 0x2F, 0x01, 0xE1, 0x1F, 0xF0, 0xFE, 0x2F, 0xF1
    .byte   0xFF, 0xFF, 0xF1, 0xF0, 0xF0, 0x01, 0x11, 0x00, 0xF0, 0x10, 0x10, 0xF0, 0x10, 0x10, 0x0F, 0x01
    .byte   0x10, 0x0F, 0x01, 0x01,    1, 0x0F, 0x0F, 0x10, 0x0F, 0x0F, 0x00, 0x1F, 0x00, 0x0F, 0x11, 0x01
    .byte   0xF0, 0x11, 0x00, 0x01, 0x00, 0xF0, 0x1F, 0x01, 0xF1, 0xF1, 0xF0, 0x00, 0x00, 0x0F, 0x1F, 0x10
    .byte   0xF1, 0x00, 0x00, 0x10, 0x00,    1, 0x01, 0x0F, 0xF1, 0x00, 0x01, 0xF0, 0x0F, 0x10, 0x0F, 0x01
    .byte   0xFF, 0x00, 0x1F, 0x00, 0xF1, 0x00, 0x00, 0x00, 0x00, 0x01, 0xF0, 0x01, 0x00, 0x00, 0x00, 0x00
    .byte   0x1F, 0x00, 0x00, 0x00, 0xF1, 0x00,    0, 0x00, 0x00, 0x00, 0x00, 0x00, 0x1F, 0x00, 0x00, 0x00
    .byte   0x00, 0xF1, 0xF1, 0x00, 0xF1, 0x1F, 0x00, 0x00, 0x00, 0x1F, 0x00, 0x00, 0x1F, 0x00, 0xF1, 0x00
    .byte   0x0F, 0x10, 0x00, 0x00, 0xF1, 0x00, 0x00,    0, 0x0F, 0x10, 0xF0, 0x10, 0x0F, 0x01, 0xF0, 0x1F
    .byte   0x10, 0xF1, 0x00, 0x0F, 0x10, 0x0F, 0x1F, 0x1F, 0x10, 0xF1, 0x00, 0x0F, 0x1F, 0x1F, 0x00, 0x00
    .byte   0x00, 0x10, 0x00, 0xF0, 0x10, 0x0F, 0x10, 0x00,    0, 0x00, 0x0F, 0x11, 0xF1, 0xFF, 0x10, 0x0F
    .byte   0x01, 0x1F, 0x10, 0xF0, 0x10, 0xF1, 0xF0, 0x00, 0x10, 0xF0, 0x01, 0x0F, 0x00, 0x01, 0xF1, 0xF0
    .byte   0x00, 0x10, 0xF0, 0x10, 0xF1, 0xF0, 0x00, 0x01, 0xF0,    1, 0x0F, 0x00, 0x00, 0x0F, 0x10, 0x1F
    .byte   0x00, 0x00, 0xF1, 0x00, 0x01, 0xFF, 0x10, 0x00, 0x00, 0x1F, 0x00, 0x00, 0x1F, 0x00, 0xF1, 0xF0
    .byte   0x01, 0x00, 0x01, 0xFF, 0x10, 0xF1, 0x00, 0x0F, 0x10, 0x1F,    0, 0x00, 0x00, 0x00, 0x00, 0x1F
    .byte   0x1F, 0x00, 0x00, 0x01, 0xF0, 0x00, 0x00, 0x00, 0x00, 0x00, 0x1F, 0xF1, 0x01, 0xF0, 0x00, 0x01
    .byte   0xF1, 0xF0, 0x00, 0x00, 0x0F, 0x10, 0x00, 0x00, 0x0F, 0x10, 0x0F,   -1, 0x01, 0x01, 0xF0, 0x1F
    .byte   0x00, 0xF0, 0x10, 0x00, 0x00, 0x00, 0xF1, 0x01, 0xF0, 0xF1, 0xF1, 0x00, 0xF1, 0x1F, 0x01, 0xF0
    .byte   0x00, 0xF1, 0x00, 0x1F, 0x00, 0x00, 0x00, 0x1F, 0x00, 0xF1, 0xF0, 0x10,    0, 0x00, 0xF0, 0x1F
    .byte   0x11, 0xF0, 0x00, 0x0F, 0x10, 0x00, 0x00, 0xF0, 0x1F, 0x10, 0xF1, 0x00, 0x00, 0xF1, 0x1F, 0x01
    .byte   0xF0, 0x00, 0x00, 0xF1, 0x00, 0x00, 0x00, 0x1F, 0x00, 0x00, 0x00, 0x00, 0x00,    1, 0x0F, 0x00
    .byte   0x01, 0xF0, 0x00, 0x0F, 0x10, 0x00, 0x00, 0x00, 0x00, 0x00, 0x00, 0x00, 0x00, 0x10, 0xF0, 0x00
    .byte   0x1F, 0x00, 0x00, 0x00, 0x00, 0x01, 0xF0, 0x0F, 0x10, 0x0F, 0x1F, 0x11, 0xF0, 0x00,    0, 0x00
    .byte   0x0F, 0x10, 0xF0, 0x10, 0x00, 0x00, 0x00, 0x00, 0x00, 0x01, 0xF0, 0x1F, 0x00, 0x0F, 0x1F, 0x10
    .byte   0x00, 0x00, 0x00, 0x00, 0x01, 0x0F, 0x00, 0xF1, 0x00, 0x00, 0x00, 0x1F, 0x00, 0x00, 0x10,    0
    .byte   0x01, 0xF0, 0x00, 0x00, 0x0F, 0x11, 0x0F, 0x00, 0x00, 0x00, 0x00, 0x0F, 0x1F, 0x01, 0x00, 0x0F
    .byte   0x10, 0x00, 0x00, 0xF1, 0x00, 0x00, 0x00, 0x1F, 0x00, 0x0F, 0x1F, 0x01, 0x00, 0x1F, 0x0F, 0x10
    .byte      0, 0x00, 0x00, 0x00, 0xF1, 0x00, 0x00, 0x1F, 0x00, 0x00, 0x00, 0x00, 0x00, 0x1F, 0xF0, 0x10
    .byte   0x01, 0xF0, 0xF1, 0xF1, 0x0F, 0x10, 0x00, 0x00, 0x00, 0x00, 0x00, 0x00, 0x0F, 0x1F, 0x10, 0x00
    .byte   0x01,   -1, 0x01, 0x0F, 0x10, 0x00, 0x00, 0x1F, 0x00, 0x00, 0x00, 0x00, 0x00, 0x00, 0x00, 0x00
    .byte   0xF1, 0xF0, 0x10, 0x01, 0xF0, 0x0F, 0x10, 0xF1, 0x01, 0xF0, 0x00, 0x00, 0x1F, 0x00, 0x00, 0x00
    .byte   0x10, 0xF0,    0, 0x00, 0x10, 0xF1, 0xF0, 0x00, 0x0F, 0x10, 0x00, 0x00, 0x00, 0x1F, 0x00, 0x1F
    .byte   0x00, 0x00, 0x00, 0x1F, 0x00, 0x01, 0xF0, 0x00, 0x00, 0x00, 0x0F, 0x01, 0x1F, 0x00, 0x0F, 0x10
    .byte   0x00, 0x01, 0xFF,   -1, 0x00, 0x01, 0x11, 0x10, 0x02, 0xF4, 0x0B, 0xCF, 0x25, 0x4C, 0xCD, 0xE4
    .byte   0x63, 0xBC, 0xBD, 0x56, 0xF1, 0xDA, 0xD4, 0xE0, 0x2D, 0xE2, 0xEE, 0x43, 0x34, 0x2C, 0xDE, 0x14
    .byte   0x3E, 0xDE, 0xE2, 0x3F,    9, 0x0E, 0xDD, 0x12, 0x22, 0x0E, 0xF2, 0x32, 0xEE, 0xE2, 0x32, 0xFE
    .byte   0xDE, 0x03, 0x2F, 0xED, 0xE0, 0x20, 0xFE, 0xE1, 0x12, 0x2F, 0xF0, 0x11, 0x21, 0xFF, 0xFF, 0x2F
    .byte   0xEF, 0xF0, 0x10, 0xFE, 0xF1,   -8, 0x00, 0xEF, 0x01, 0x10, 0x0F, 0xF2, 0x00, 0xF1, 0x02, 0x02
    .byte   0x11, 0x22, 0x12, 0x21, 0x20, 0x20, 0x11, 0x0F, 0x00, 0xE0, 0xFE, 0xEE, 0xFE, 0xFE, 0xEF, 0xFF
    .byte   0xF0, 0xF0, 0x02, 0x0F, 0x00, 0x20,   -3, 0x0F, 0xFF, 0x0E, 0xEE, 0xEE, 0xFF, 0xEE, 0xE0, 0x10
    .byte   0xFE, 0xF0, 0x21, 0x12, 0x23, 0x33, 0x33, 0x22, 0x33, 0x3F, 0x02, 0x22, 0xEE, 0xEF, 0xEE, 0xDD
    .byte   0xDE, 0xDE, 0xDE, 0xD0, 0x10, 0xF0, 0x23,   -8, 0x01, 0x22, 0x32, 0x20, 0x11, 0x1F, 0xFE, 0xEF
    .byte   0xFF, 0xEE, 0xE1, 0xFF, 0xE0, 0x10, 0x0F, 0x12, 0x10, 0x01, 0x00, 0xE0, 0xEE, 0xFF, 0xEE, 0xEF
    .byte   0xFF, 0xEE, 0xF1, 0xF1, 0x00, 0x32, 0x32, 0x34,   20, 0x02, 0x33, 0x31, 0x02, 0x22, 0xDF, 0xFF
    .byte   0xED, 0xDE, 0xDE, 0xED, 0xDD, 0x01, 0xFE, 0xE1, 0x32, 0x11, 0x32, 0x20, 0x12, 0x2F, 0x0E, 0x0F
    .byte   0xF0, 0xFE, 0xE0, 0x0E, 0xEF, 0xF0, 0xFF, 0x01, 0x00,  -10, 0x00, 0xFF, 0x0E, 0x0E, 0xFE, 0x0E
    .byte   0xEF, 0xFE, 0xFF, 0xF0, 0x01, 0x12, 0x22, 0x33, 0x34, 0xF3, 0x33, 0x3F, 0xF3, 0x2F, 0xEE, 0xFF
    .byte   0xED, 0xDE, 0xDF, 0xDD, 0xEE, 0xFE, 0xEF, 0x13, 0x1F, 0x03,    3, 0x01, 0x02, 0x22, 0x0E, 0x0F
    .byte   0xFF, 0xEE, 0xFE, 0x0F, 0xEF, 0xF0, 0x00, 0x2E, 0x12, 0x10, 0xF0, 0x1F, 0xFE, 0xEF, 0xEF, 0xEE
    .byte   0x0E, 0x0E, 0xF0, 0x10, 0xF0, 0x22, 0x21, 0x33, 0x33, 0x32, 0x33,   45, 0x03, 0xFF, 0x21, 0x0E
    .byte   0xE0, 0xEE, 0xDE, 0xDE, 0xED, 0xDE, 0x1E, 0xEF, 0x02, 0x2E, 0x22, 0x22, 0x01, 0x21, 0x20, 0xF0
    .byte   0x01, 0xEF, 0xFE, 0xFF, 0xEF, 0xE1, 0xFF, 0xF0, 0x01, 0x00, 0xF0, 0xF0,  -15, 0x0F, 0xFE, 0x0E
    .byte   0xFE, 0xF0, 0xFE, 0x10, 0x0F, 0x01, 0x22, 0x12, 0x32, 0x32, 0x43, 0x02, 0x33, 0x1E, 0x03, 0x1E
    .byte   0xD1, 0xFF, 0xDD, 0xEE, 0xEE, 0xDD, 0x1F, 0xEE, 0xF2, 0x2E, 0xF2, 0x31, 0x01,    3, 0x02, 0x11
    .byte   0xF0, 0x10, 0x1E, 0xEF, 0x0E, 0xFE, 0x0F, 0xFF, 0x0F, 0xF2, 0xFF, 0xF0, 0x2E, 0xE1, 0x0F, 0xEF
    .byte   0xE0, 0xFE, 0xFF, 0xFF, 0x01, 0x00, 0x12, 0x02, 0x22, 0x32, 0x23, 0x42, 0x13, 0x22,   52, 0x0E
    .byte   0x12, 0x0E, 0xEF, 0xEE, 0xED, 0xEE, 0xEE, 0xDE, 0xFF, 0xEE, 0x12, 0x10, 0x02, 0x20, 0x20, 0x12
    .byte   0x1F, 0xF0, 0x21, 0xEE, 0xF1, 0x0E, 0xEF, 0x00, 0xFE, 0xF0, 0x2E, 0xE1, 0x11, 0xFE, 0xF1,  -21
    .byte   0x0E, 0xF0, 0xEF, 0x0E, 0xF0, 0x21, 0xFF, 0x22, 0x1F, 0x22, 0x32, 0x03, 0x33, 0x30, 0x23, 0x22
    .byte   0xE0, 0x21, 0xEE, 0xEF, 0xE0, 0xDD, 0xFE, 0xED, 0xD0, 0x1E, 0xEE, 0x22, 0x10, 0x12, 0x21, 0x1F
    .byte      2, 0x02, 0x1F, 0xE2, 0x10, 0xEF, 0x10, 0xE0, 0xEF, 0x10, 0xEF, 0x02, 0xFE, 0xF0, 0x2E, 0xEE
    .byte   0x10, 0xEE, 0xE0, 0xFF, 0x0E, 0x11, 0x10, 0x02, 0x2F, 0x11, 0x32, 0x22, 0x33, 0x22, 0x32, 0x22
    .byte   0x22,   49, 0x0E, 0x20, 0xEE, 0xFE, 0xFE, 0xED, 0x0E, 0xEE, 0xD0, 0x1F, 0xDF, 0x22, 0xFF, 0x12
    .byte   0x10, 0xF1, 0x10, 0xFF, 0xF2, 0x0E, 0x11, 0x11, 0xFF, 0x01, 0x0F, 0x00, 0x01, 0xE1, 0x1E, 0xEF
    .byte   0xFE, 0xEE,  -25, 0x0E, 0xEE, 0x10, 0xFE, 0x12, 0x10, 0x12, 0x22, 0x11, 0x22, 0x22, 0x13, 0x32
    .byte   0x13, 0x22, 0x21, 0x2F, 0xF1, 0xFE, 0xFF, 0xEF, 0xFE, 0xEE, 0xFF, 0xDE, 0xF0, 0xEE, 0xF1, 0x1E
    .byte   0x01, 0x11, 0xFF,   -7, 0x01, 0x00, 0xFF, 0x02, 0x00, 0x01, 0x20, 0xF0, 0x21, 0xFF, 0x11, 0xEF
    .byte   0xFE, 0xFE, 0xEF, 0xEE, 0xE0, 0xEE, 0xF0, 0xEF, 0x01, 0x00, 0x22, 0x10, 0x31, 0x21, 0x12, 0x22
    .byte   0x23, 0x13, 0x33, 0xF1,   50, 0x02, 0xFD, 0x13, 0xEE, 0xD2, 0x0E, 0xEE, 0xE1, 0xED, 0xEE, 0xFF
    .byte   0xED, 0x12, 0xFE, 0xE2, 0x2E, 0xE1, 0x21, 0xE1, 0x10, 0x21, 0xF1, 0x22, 0x2F, 0x01, 0x01, 0xFE
    .byte   0xF0, 0xFE, 0xEF, 0xFE, 0xEE,  -22, 0x0F, 0xEE, 0xEF, 0xF0, 0xE0, 0x01, 0x10, 0x22, 0x12, 0x03
    .byte   0xF1, 0x22, 0x22, 0x23, 0x23, 0x32, 0x12, 0x30, 0x0E, 0x01, 0xFE, 0xE1, 0xFE, 0xEE, 0xEF, 0xEE
    .byte   0xED, 0x10, 0xDE, 0x02, 0xEE, 0xF2,   -9, 0x0E, 0xF1, 0x2F, 0xF1, 0x02, 0x11, 0x02, 0x22, 0xF0
    .byte   0x12, 0xFF, 0xEF, 0xFF, 0xEE, 0xFF, 0xFD, 0xEF, 0x0E, 0xEE, 0x0E, 0xFF, 0xFF, 0x11, 0x02, 0x02
    .byte   0x21, 0x03, 0x11, 0x22, 0x23, 0x22, 0x23,   36, 0x03, 0xD2, 0x40, 0xDE, 0x23, 0xDD, 0x02, 0x1D
    .byte   0xEF, 0xE0, 0xED, 0xEF, 0x0E, 0xDE, 0x20, 0xED, 0x22, 0x1E, 0xE2, 0x2F, 0xFF, 0x12, 0x2F, 0xF2
    .byte   0x22, 0xF0, 0x21, 0x1F, 0xE0, 0x1E, 0xEE, 0xFF,  -11, 0x0D, 0xF0, 0xEE, 0xEF, 0x0E, 0xE0, 0x0F
    .byte   0x00, 0x20, 0x21, 0x22, 0x22, 0x01, 0x32, 0x02, 0x33, 0x12, 0x34, 0xED, 0x42, 0xEE, 0xE3, 0x1D
    .byte   0xD2, 0x2E, 0xDF, 0xFF, 0xED, 0xEE, 0x0E, 0xED, 0x21,   -9, 0x0E, 0xE2, 0x2E, 0xF0, 0x21, 0xEF
    .byte   0x22, 0x10, 0x12, 0x21, 0x11, 0x21, 0xE1, 0xFF, 0xFF, 0xEE, 0xFF, 0xEE, 0xEF, 0xFE, 0xEE, 0x0F
    .byte   0xEE, 0x10, 0xFF, 0x11, 0x21, 0x12, 0x21, 0x22, 0x22, 0x12,    2, 0x01, 0x32, 0x31, 0x33, 0xE1
    .byte   0x31, 0xEE, 0xF3, 0xED, 0xE3, 0xFD, 0xD1, 0x1E, 0xDE, 0xFF, 0xEE, 0xEE, 0x0F, 0xEE, 0x21, 0x0F
    .byte   0xE2, 0x2F, 0xE1, 0x22, 0x00, 0x02, 0x3F, 0xF2, 0x20, 0xE0, 0x11,    6, 0x0E, 0x0F, 0xEE, 0xFE
    .byte   0xFE, 0xE0, 0xEE, 0xFF, 0xEF, 0xFE, 0x01, 0x10, 0x12, 0x22, 0x12, 0x22, 0x02, 0x22, 0x21, 0x32
    .byte   0x22, 0x33, 0xFE, 0x4F, 0xED, 0x13, 0x0C, 0xE3, 0x2D, 0xD0, 0x2E, 0xDD,    9, 0x0F, 0xED, 0xE1
    .byte   0xFF, 0xEF, 0x01, 0xFF, 0x00, 0x20, 0xF0, 0x12, 0x2F, 0x02, 0x22, 0xE2, 0x22, 0xEF, 0xF2, 0xFD
    .byte   0xFF, 0x0E, 0xEE, 0xF0, 0xED, 0x1F, 0xEE, 0xEF, 0x0F, 0xE0, 0x12, 0x01, 0x22,  -27, 0x02, 0x21
    .byte   0x12, 0x22, 0x22, 0x23, 0x22, 0x23, 0x3E, 0xE3, 0x2E, 0xEF, 0x3F, 0xDE, 0x22, 0xDD, 0x02, 0xEC
    .byte   0xF1, 0xFD, 0xD1, 0x2E, 0xD1, 0x11, 0x0E, 0x11, 0x1F, 0x00, 0x21, 0x11, 0x21, 0x20,    5, 0x02
    .byte   0xF1, 0x01, 0x0F, 0xFF, 0xE0, 0xE0, 0xEE, 0xFE, 0xFE, 0xEF, 0xEF, 0xFE, 0xFF, 0xF0, 0xF1, 0x10
    .byte   0x22, 0x02, 0x02, 0x30, 0xF2, 0x22, 0x11, 0x23, 0x2F, 0x33, 0x2E, 0x03, 0x0E, 0xE1, 0x3E,   31
    .byte   0x01, 0x3F, 0xDD, 0x22, 0xDD, 0xE2, 0xED, 0xD2, 0x1E, 0xEF, 0x1F, 0xFF, 0x1F, 0xF1, 0x11, 0x1F
    .byte   0x22, 0x10, 0x21, 0x11, 0x01, 0x20, 0xF0, 0x00, 0xFE, 0x0F, 0xE0, 0xEE, 0xFE, 0xFF, 0xEE, 0x0F
    .byte    -32, 0x0F, 0xFF, 0xFF, 0x01, 0x21, 0x02, 0x21, 0x21, 0x21, 0x21, 0x13, 0x20, 0x32, 0x31, 0x21
    .byte   0x21, 0x11, 0x00, 0x00, 0x1F, 0xF0, 0xFF, 0xEE, 0xEE, 0xEE, 0xEE, 0xEE, 0x0E, 0xEF, 0xF0, 0xE0
    .byte   0x0F,  -18, 0x01, 0x10, 0x02, 0x01, 0x20, 0x02, 0x01, 0x21, 0xF1, 0x10, 0x00, 0x0F, 0xE0, 0xFF
    .byte   0xEF, 0xEF, 0xFE, 0xEF, 0xFE, 0xE0, 0xE0, 0xFF, 0x11, 0x02, 0x01, 0x21, 0x21, 0x22, 0x22, 0x22
    .byte   0x22, 0x23,   28, 0x02, 0x22, 0x12, 0x01, 0x10, 0x1F, 0x10, 0xF0, 0xEE, 0xEE, 0xEE, 0xED, 0xEE
    .byte   0xFE, 0xEF, 0xE0, 0xEF, 0xFF, 0xFF, 0x01, 0x10, 0x20, 0x02, 0x02, 0x02, 0x02, 0x11, 0x11, 0x1F
    .byte   0x0F, 0xF0, 0xEF,   -4, 0x0F, 0xFE, 0xEF, 0xEF, 0xEE, 0xFE, 0x0E, 0x0F, 0x01, 0x01, 0x12, 0x12
    .byte   0x21, 0x22, 0x12, 0x22, 0x22, 0x23, 0x13, 0x22, 0x21, 0x11, 0x11, 0x01, 0x00, 0xFF, 0xFE, 0xFE
    .byte   0xDE, 0xEF, 0xDE, 0xEE,   -4, 0x0E, 0xEF, 0xE0, 0xE0, 0xF0, 0xF0, 0x12, 0x11, 0x02, 0x02, 0x02
    .byte   0x11, 0x21, 0x20, 0x1F, 0x0F, 0xF0, 0xEF, 0xFF, 0xEF, 0xEF, 0xEE, 0xFE, 0xEF, 0xEF, 0xFF, 0x00
    .byte   0x10, 0x12, 0x02, 0x21, 0x22,  -12, 0x02, 0x12, 0x23, 0x22, 0x22, 0x32, 0x20, 0x11, 0x10, 0x20
    .byte   0xF0, 0xFF, 0xFF, 0xEE, 0xEE, 0xDE, 0xEE, 0xEE, 0xFE, 0xEF, 0xEE, 0x0E, 0x0F, 0x00, 0x20, 0x02
    .byte   0x01, 0x12, 0x12, 0x02, 0x02, 0x01,    6, 0x00, 0x00, 0x0E, 0x0E, 0x0F, 0xEF, 0xEF, 0xEE, 0xFE
    .byte   0xFE, 0xFE, 0xFF, 0x01, 0x10, 0x21, 0x12, 0x02, 0x21, 0x22, 0x22, 0x22, 0x22, 0x32, 0x22, 0x20
    .byte   0x21, 0x02, 0xF1, 0xF0, 0x0F, 0xFE, 0xFE,   31, 0x0E, 0xEE, 0xED, 0x0E, 0xEE, 0xFE, 0xFE, 0xF0
    .byte   0xE0, 0x00, 0x10, 0x21, 0x02, 0x10, 0x21, 0x02, 0x11, 0x11, 0x10, 0x0F, 0x0F, 0x0E, 0xFF, 0xEF
    .byte   0xEF, 0xEF, 0xEF, 0xEE, 0xFF, 0xFF, 0x01, 0x00,  -32, 0x01, 0x12, 0x21, 0x22, 0x12, 0x22, 0x12
    .byte   0x22, 0x32, 0x22, 0x22, 0x11, 0x11, 0x11, 0xF0, 0x0F, 0x0E, 0xEF, 0xEE, 0xEE, 0xED, 0xFE, 0xFE
    .byte   0xEF, 0xEF, 0xEF, 0xFE, 0x11, 0x10, 0x02, 0x11, 0x11,   -8, 0x01, 0x02, 0x01, 0x02, 0x10, 0x0F
    .byte   0x10, 0xEF, 0xFF, 0xEF, 0xE0, 0xEF, 0xEF, 0xEF, 0xE0, 0xFF, 0xF0, 0x01, 0x02, 0x11, 0x21, 0x21
    .byte   0x22, 0x12, 0x22, 0x22, 0x22, 0x23, 0x12, 0x12, 0x11, 0x11,   47, 0x0F, 0x00, 0xFF, 0xFE, 0xEE
    .byte   0xEE, 0xEE, 0xEE, 0xFE, 0xEF, 0xEE, 0x0E, 0x0E, 0xF1, 0xF0, 0x20, 0x01, 0x20, 0x11, 0x02, 0x01
    .byte   0x02, 0x01, 0x10, 0x0F, 0xF0, 0xE0, 0xFE, 0x0E, 0x0E, 0xFE, 0x0E,  -28, 0x00, 0xEF, 0xFF, 0x11
    .byte   0x10, 0x20, 0x12, 0x12, 0x12, 0x21, 0x22, 0x22, 0x22, 0x22, 0x22, 0x12, 0x02, 0x01, 0x00, 0x00
    .byte   0x1F, 0x0E, 0xFF, 0xEE, 0xEE, 0xEE, 0xFE, 0xFE, 0xFE, 0xFE, 0x0E, 0xFF,  -15, 0x00, 0x01, 0x01
    .byte   0x11, 0x10, 0x11, 0x10, 0x11, 0x10, 0x00, 0x0F, 0x00, 0xE0, 0xF0, 0xE0, 0x0E, 0xFF, 0x0E, 0x0E
    .byte   0x0F, 0xF0, 0x11, 0x00, 0x11, 0x20, 0x20, 0x22, 0x12, 0x21, 0x22, 0x02, 0x21,   20, 0x02, 0x22
    .byte   0x11, 0x11, 0x11, 0x01, 0xFF, 0xF0, 0x0E, 0x0E, 0x0E, 0xEF, 0xEF, 0xEE, 0x0E, 0x0E, 0x0F, 0xEF
    .byte   0x0F, 0xFF, 0x0F, 0x01, 0x00, 0x1F, 0x01, 0x01, 0x01, 0xF1, 0x00, 0x00, 0xFF, 0xF0,  -11, 0x0F
    .byte   0xF0, 0xFF, 0xF0, 0xEF, 0xFF, 0xF0, 0xF1, 0x11, 0xF1, 0x01, 0x10, 0x20, 0x20, 0x22, 0x12, 0x11
    .byte   0x22, 0x01, 0x12, 0x20, 0x21, 0x11, 0x11, 0x10, 0x01, 0x0F, 0x0F, 0x00, 0xEF, 0xFF, 0xFE,   15
    .byte   0x0F, 0xFF, 0xFE, 0xF0, 0xEF, 0x0E, 0x0E, 0x0F, 0xF0, 0x1F, 0x00, 0xF0, 0x00, 0x0F, 0x10, 0x01
    .byte   0xF1, 0x00, 0xF0, 0xFF, 0x0F, 0xFF, 0x0F, 0x0F, 0xF0, 0x0E, 0x0F, 0xFF, 0x11, 0x11, 0x10, 0x20
    .byte    -14, 0x00, 0x20, 0x12, 0x12, 0x12, 0x20, 0x20, 0x12, 0x10, 0x21, 0x11, 0x01, 0xF1, 0x00, 0xF0
    .byte   0x10, 0xFF, 0xFF, 0x0F, 0xEF, 0x0E, 0xFE, 0xF0, 0xEF, 0xF0, 0x0F, 0xFF, 0x0F, 0xE0, 0x0F, 0xFF
    .byte   0x1E,  -13, 0x01, 0x23, 0xEC, 0x14, 0x1C, 0xD3, 0x4E, 0xC1, 0x32, 0xED, 0x12, 0x1F, 0xFF, 0x02
    .byte   0x0F, 0xF1, 0x01, 0x11, 0x00, 0x20, 0x01, 0x21, 0x0F, 0x02, 0x11, 0x11, 0x20, 0x11, 0x10, 0x0F
    .byte   0x20, 0xFF,   16, 0x02, 0x1E, 0x11, 0x2E, 0xE1, 0x10, 0xFF, 0xFF, 0x01, 0x0F, 0xE0, 0x2E, 0xEF
    .byte   0x11, 0xEE, 0x11, 0x0E, 0xE1, 0x2E, 0xF0, 0x10, 0x0F, 0xF0, 0x1F, 0x00, 0x01, 0x0F, 0xF0, 0x10
    .byte   0xFF, 0xF1, 0x11,  -11, 0x0F, 0x1F, 0x10, 0xEF, 0x21, 0xFE, 0x22, 0x0F, 0xF1, 0x21, 0xE1, 0x12
    .byte   0x0F, 0x12, 0x10, 0x1F, 0x20, 0x11, 0x0F, 0x02, 0x1E, 0xF0, 0x3F, 0xDE, 0x33, 0xDD, 0xF3, 0x3E
    .byte   0xD2, 0x31, 0xDE, 0x12,   13, 0x0E, 0xF1, 0xF0, 0x2E, 0xE0, 0x2F, 0xEE, 0x02, 0xEE, 0x01, 0x2E
    .byte   0xE1, 0x2E, 0xF0, 0x0F, 0xF0, 0x01, 0xF0, 0x1F, 0xEF, 0x21, 0xFF, 0x02, 0x1E, 0x02, 0x0F, 0xF0
    .byte   0xF0, 0x11, 0xFF, 0x02, 0xFF,   -5, 0x01, 0x0F, 0x02, 0x1E, 0x02, 0x2F, 0xD2, 0x32, 0xDE, 0x23
    .byte   0x1D, 0xE3, 0x2E, 0xE2, 0x01, 0x01, 0x0E, 0x12, 0x1E, 0xE2, 0x30, 0xD0, 0x22, 0xEF, 0xEF, 0x2F
    .byte   0xEF, 0xE0, 0x32, 0xDE, 0x23, 0xFD,   -8, 0x02, 0x3E, 0xDF, 0x22, 0xE0, 0x11, 0x00, 0x1E, 0xE1
    .byte   0x21, 0xD1, 0x22, 0xEE, 0x22, 0x1E, 0xF0, 0x0F, 0xF1, 0xFE, 0x22, 0x2E, 0xF1, 0x21, 0xDF, 0x22
    .byte   0xEE, 0x02, 0x20, 0x12, 0x0F, 0x02, 0xEF,    0, 0x01, 0x2E, 0xE2, 0x1F, 0x22, 0x00, 0x1E, 0x2F
    .byte   0xEF, 0x11, 0x10, 0xE2, 0x11, 0x20, 0xEE, 0x22, 0xED, 0xF3, 0x1E, 0xE0, 0x31, 0xFE, 0xFF, 0xFF
    .byte   0x0F, 0xEF, 0x22, 0xFE, 0x02, 0x2D, 0xE2, 0xFF,   -9, 0x01, 0x11, 0x02, 0x0E, 0xF2, 0x10, 0xEF
    .byte   0x12, 0xEE, 0x11, 0x10, 0xE2, 0x1E, 0x03, 0xFF, 0xEF, 0x31, 0xDE, 0x21, 0x11, 0xFF, 0x12, 0x1F
    .byte   0xE0, 0x31, 0xEE, 0xE3, 0x2D, 0xE1, 0x32, 0x0E, 0xF2,   10, 0x01, 0x0D, 0xE2, 0x2F, 0xEF, 0x31
    .byte   0xFE, 0x02, 0x11, 0xEE, 0xE2, 0x2E, 0xE1, 0x22, 0xEE, 0x12, 0x2F, 0xFE, 0xF1, 0x00, 0xFE, 0x11
    .byte   0x0F, 0xF1, 0x10, 0xF0, 0x10, 0x10, 0x0E, 0x01, 0x21, 0xDF,   -1, 0x01, 0xED, 0x12, 0x30, 0xEE
    .byte   0x02, 0x1F, 0xE1, 0x00, 0x10, 0x0E, 0x23, 0xED, 0x23, 0xEE, 0xE1, 0x21, 0x22, 0xDD, 0x33, 0xEE
    .byte   0xF1, 0x0F, 0xF2, 0x11, 0x21, 0xE2, 0x1D, 0xE2, 0x2E, 0x11, 0x2E,   -3, 0x03, 0x3D, 0xE2, 0x10
    .byte   0xEE, 0xF2, 0x21, 0xEE, 0x02, 0x2F, 0xE0, 0x12, 0xFE, 0xFF, 0xF2, 0x0F, 0xF1, 0x1F, 0xEE, 0x11
    .byte   0x20, 0xFF, 0x3F, 0xDF, 0x13, 0xEE, 0xE1, 0xF0, 0x12, 0xF0, 0x11, 0x0F,   -2, 0x01, 0x0E, 0x0F
    .byte   0x01, 0x11, 0x21, 0x01, 0x0E, 0xE0, 0x1F, 0xE1, 0x2F, 0xE3, 0x20, 0xEF, 0x01, 0x1F, 0x1E, 0xE3
    .byte   0x1F, 0xFF, 0x02, 0xF1, 0x1E, 0xF2, 0x2F, 0xEE, 0x12, 0x1E, 0xF0, 0x10, 0x12,    7, 0x0F, 0x10
    .byte   0xEF, 0xFE, 0xF1, 0x0F, 0x11, 0x22, 0xEF, 0xF2, 0x0E, 0xEF, 0x21, 0x1F, 0x11, 0xEF, 0x21, 0xEF
    .byte   0x11, 0x00, 0x2F, 0xE0, 0x2F, 0x12, 0xDD, 0xE3, 0x3E, 0xD3, 0x2F, 0x12, 0xFD, 0xE3,    6, 0x0D
    .byte   0xD0, 0x31, 0x0F, 0x02, 0x2F, 0xFF, 0xF0, 0x0F, 0x00, 0xF2, 0x2D, 0xD3, 0x30, 0xDD, 0x33, 0x1E
    .byte   0xFE, 0x12, 0x2D, 0xEF, 0x30, 0xFF, 0x00, 0x22, 0xED, 0xF3, 0x0E, 0xE0, 0x21, 0x10, 0xEF,    3
    .byte   0x02, 0x0E, 0xE2, 0x0E, 0xEF, 0x12, 0x11, 0x10, 0xF1, 0x20, 0xEE, 0xF2, 0xED, 0xF3, 0x21, 0x11
    .byte   0xE1, 0x22, 0xED, 0xE1, 0x30, 0xFE, 0x12, 0x3D, 0xD2, 0x3F, 0xEE, 0x12, 0xEF, 0x3E, 0xE2, 0x2D
    .byte     -5, 0x01, 0x22, 0xEE, 0x02, 0xF1, 0x0E, 0x03, 0x20, 0xDF, 0x12, 0x11, 0xED, 0xE3, 0x3F, 0xDF
    .byte   0x30, 0xE2, 0x2E, 0xD1, 0x20, 0xE0, 0x11, 0x20, 0xFE, 0xE2, 0x3F, 0xEE, 0x11, 0x1F, 0x01, 0x2F
    .byte   0xFE,   -3, 0x02, 0xEF, 0x10, 0x12, 0xE2, 0xE0, 0x12, 0xFE, 0x11, 0x0E, 0x11, 0x1F, 0x20, 0xD1
    .byte   0x02, 0x1E, 0x02, 0x20, 0x20, 0xF0, 0xEE, 0x0F, 0xD1, 0x42, 0xED, 0x03, 0x20, 0xEE, 0xE1, 0x1F
    .byte   0xFE, 0xE2,    4, 0x02, 0xED, 0x02, 0x22, 0x0E, 0xD0, 0x12, 0x21, 0xEF, 0x02, 0x2E, 0xE0, 0xFE
    .byte   0x32, 0x1D, 0xD2, 0x41, 0xDE, 0x01, 0x20, 0xE0, 0xFE, 0x32, 0xFD, 0xF2, 0x3E, 0xFF, 0xDD, 0x32
    .byte   0x2E, 0xD3, 0x21,    0, 0x00, 0x2E, 0xEE, 0x32, 0xDE, 0x03, 0x2E, 0xE1, 0x22, 0x2E, 0xD0, 0x2E
    .byte   0x22, 0xD1, 0x30, 0x1D, 0xD2, 0x32, 0xDE, 0x22, 0x00, 0x2E, 0x01, 0x1E, 0xE2, 0x3E, 0xEF, 0xFD
    .byte   0x12, 0x32, 0xEE, 0x32,    8, 0x0D, 0x01, 0x0E, 0x12, 0xFE, 0xFF, 0x03, 0x20, 0xEE, 0x21, 0xFE
    .byte   0x10, 0xE0, 0x21, 0xEE, 0xF3, 0x2E, 0x01, 0x01, 0x21, 0xDE, 0xE3, 0x2E, 0xFE, 0x03, 0x20, 0xEE
    .byte   0x02, 0x0D, 0x01, 0xE1, 0x2F,   -4, 0x0F, 0x13, 0x3E, 0xC1, 0x31, 0x2F, 0xED, 0xDF, 0x33, 0x2E
    .byte   0xFF, 0x10, 0xFF, 0x0F, 0x0F, 0x02, 0x2E, 0xD0, 0x41, 0xCE, 0x13, 0x21, 0x1F, 0xFF, 0xFF, 0x0E
    .byte   0xD1, 0x32, 0xFE, 0x13, 0x2E, 0xD1,    3, 0x0E, 0xD1, 0x33, 0xEC, 0x04, 0x0E, 0xF2, 0xE0, 0x2E
    .byte   0xE2, 0x0E, 0xFF, 0x23, 0xED, 0x31, 0xD1, 0x02, 0x21, 0xE2, 0x0D, 0xE2, 0x23, 0xFD, 0xE2, 0x31
    .byte   0xEC, 0xF2, 0x22, 0xE1, 0x33, 0xFD, 0xDE,   -6, 0x01, 0x01, 0x02, 0x10, 0xF1, 0xE2, 0x3E, 0xDE
    .byte   0x12, 0x21, 0x0E, 0x21, 0xE0, 0x0F, 0x02, 0x0E, 0x2E, 0x01, 0xF2, 0xEE, 0x13, 0xDE, 0x31, 0x21
    .byte   0xD1, 0x3F, 0xDF, 0xDE, 0x33, 0x3E, 0xC1, 0x34,   13, 0x0E, 0xDC, 0x34, 0x1D, 0xDD, 0x34, 0x2D
    .byte   0xDE, 0x24, 0x2D, 0xC2, 0x32, 0xEE, 0xFD, 0x02, 0x42, 0xDD, 0x12, 0x31, 0xDE, 0xFE, 0xF3, 0x03
    .byte   0x0D, 0x13, 0x1D, 0xEE, 0x23, 0xEF, 0xEE, 0x33, 0xED,    0, 0x02, 0xFE, 0xEE, 0x33, 0xEE, 0x2E
    .byte   0xE0, 0xF1, 0x2F, 0x01, 0xEE, 0x22, 0xF1, 0xD1, 0x32, 0x21, 0xDD, 0x01, 0x12, 0x2F, 0xE0, 0x12
    .byte   0x2F, 0xE0, 0xEE, 0x02, 0x12, 0x10, 0xE2, 0x2E, 0xDE, 0x23,    1, 0x0D, 0xF2, 0x32, 0x2E, 0xDD
    .byte   0x22, 0x3E, 0xD1, 0x12, 0x2E, 0xE2, 0x31, 0xDD, 0xF2, 0x32, 0x2E, 0xC0, 0x31, 0x0E, 0xD1, 0x32
    .byte   0x1E, 0xE0, 0x23, 0x2D, 0xCE, 0x33, 0x0E, 0x02, 0x2E, 0xE2, 0x2F,    2, 0x0F, 0xEE, 0x32, 0x0D
    .byte   0xD3, 0x4F, 0xDE, 0x10, 0xE1, 0x2E, 0x02, 0x20, 0xEF, 0x11, 0xED, 0x32, 0x1E, 0x01, 0x2F, 0xE0
    .byte   0x0F, 0x11, 0x12, 0x0D, 0xE2, 0x3E, 0xEE, 0x23, 0xE1, 0x0F, 0x02, 0xEE,    1, 0x0D, 0xE3, 0x22
    .byte   0x10, 0xEF, 0xEF, 0x2E, 0xE1, 0x21, 0x22, 0xFF, 0xEE, 0x12, 0x0E, 0x02, 0x2F, 0xEE, 0x2F, 0xF2
    .byte   0x1E, 0xF1, 0x02, 0x0F, 0x0E, 0x12, 0x1D, 0xF2, 0x20, 0xD0, 0x23, 0x1F, 0xFE,   -4, 0x02, 0x22
    .byte   0x1D, 0xD1, 0x22, 0x20, 0x02, 0x2E, 0xDF, 0x02, 0x10, 0xEF, 0xE0, 0x3F, 0x10, 0xEF, 0x02, 0xF0
    .byte   0xD0, 0x21, 0x02, 0x0E, 0x00, 0x11, 0xEE, 0x01, 0x22, 0x11, 0xEE, 0xD0, 0x32, 0xED,  -17, 0x03
    .byte   0x31, 0x1F, 0xFE, 0x02, 0x21, 0xFF, 0x23, 0x1E, 0xF1, 0x2E, 0xE0, 0x10, 0x01, 0x2F, 0xEE, 0x12
    .byte   0x1E, 0xD2, 0x10, 0xFF, 0xEE, 0xF0, 0x20, 0xEE, 0x01, 0x1F, 0xEF, 0xF1, 0x1F, 0xEE, 0xE0,  -27
    .byte   0x0F, 0xEE, 0xF2, 0x32, 0x1F, 0xF0, 0x02, 0x21, 0x33, 0x54, 0xFF, 0xCF, 0xEE, 0xED, 0x0E, 0x24
    .byte   0x33, 0x2E, 0xEE, 0xFD, 0xDD, 0xD1, 0x12, 0x21, 0xF0, 0x11, 0x0D, 0xEE, 0x00, 0x02, 0x1F, 0xF1
    .byte     -3, 0x01, 0xFE, 0xE0, 0x1F, 0x10, 0x0F, 0xFF, 0x0E, 0x0E, 0xFE, 0xDF, 0x22, 0xFF, 0xDF, 0x01
    .byte   0x23, 0x33, 0x33, 0x44, 0x2E, 0xED, 0xDF, 0xC0, 0xF1, 0x03, 0x43, 0x20, 0xF2, 0xDD, 0xDD, 0xEE
    .byte   0xFF,    0, 0x02, 0x10, 0x22, 0xFE, 0xDE, 0xE0, 0x0F, 0xF1, 0x22, 0x30, 0x0E, 0x0E, 0xFF, 0xF1
    .byte   0x10, 0x20, 0xFF, 0xEE, 0xEE, 0xEE, 0x0E, 0x01, 0x10, 0xE0, 0xEE, 0xED, 0x23, 0x24, 0x43, 0x34
    .byte   0x31, 0xFD,   27, 0x0D, 0xCE, 0x12, 0xF3, 0x23, 0x32, 0x2F, 0xEE, 0xDD, 0xDF, 0xEF, 0x01, 0x12
    .byte   0x10, 0x2F, 0xE1, 0xEE, 0xEE, 0x2E, 0x12, 0x21, 0x11, 0x11, 0x0E, 0x0E, 0xF0, 0x20, 0x1F, 0xF1
    .byte   0xF0, 0xED, 0xFE,  -26, 0x0E, 0xFF, 0xFE, 0xEF, 0x12, 0xE1, 0x11, 0x34, 0x43, 0x34, 0x02, 0xED
    .byte   0xED, 0xDD, 0x02, 0x22, 0x33, 0x33, 0x0F, 0xED, 0xDD, 0xED, 0xF0, 0x00, 0x22, 0x2F, 0x1E, 0x1E
    .byte   0xEE, 0xEF, 0xE0, 0x22,   -2, 0x02, 0x00, 0x20, 0xFE, 0x0E, 0xFF, 0xF2, 0x0F, 0xE1, 0x10, 0xEE
    .byte   0xEE, 0xEF, 0xEE, 0xEF, 0xE2, 0x2F, 0xEE, 0xF4, 0x33, 0x32, 0x44, 0x4E, 0xEC, 0xD0, 0xDF, 0xEE
    .byte   0xE3, 0x34, 0x32, 0x1F, 0xEF,   27, 0x0D, 0xDD, 0xEF, 0x22, 0xFF, 0x12, 0x20, 0xEF, 0xEE, 0xEF
    .byte   0xF0, 0xF1, 0x21, 0x2F, 0x20, 0x1F, 0x1F, 0xEE, 0x02, 0x1F, 0xEF, 0xFF, 0xFE, 0xEF, 0xDE, 0x1E
    .byte   0x00, 0xEF, 0xE1, 0x12, 0x2F, 0x33,   -4, 0x04, 0x23, 0x43, 0xED, 0xC0, 0xDE, 0x0E, 0x10, 0x33
    .byte   0x42, 0x11, 0xEE, 0xDE, 0xDE, 0xDE, 0x11, 0x11, 0x21, 0xF1, 0x11, 0xEE, 0xDF, 0xF0, 0x2F, 0xFF
    .byte   0x22, 0x22, 0x11, 0xEE, 0xE0, 0x1F, 0xEF,   -6, 0x01, 0x02, 0xEE, 0xDE, 0xEE, 0xEE, 0x11, 0x10
    .byte   0x01, 0x2E, 0xFE, 0x02, 0x24, 0x44, 0x23, 0x4F, 0xFD, 0xDF, 0xDD, 0x2E, 0x2E, 0x33, 0x42, 0xF2
    .byte   0xDE, 0xDE, 0xFD, 0xDE, 0xF0, 0x2F, 0x2F, 0x0F,    3, 0x01, 0x00, 0xDE, 0xFF, 0x02, 0x01, 0x02
    .byte   0x12, 0x11, 0xF0, 0xFE, 0xFE, 0x11, 0xFF, 0xFE, 0xE0, 0x0E, 0x0D, 0xE0, 0xE0, 0x2F, 0xFE, 0x02
    .byte   0x01, 0xF1, 0x22, 0x44, 0x42, 0x32, 0x11, 0xDE, 0xED,   11, 0x0E, 0x22, 0x22, 0x23, 0x21, 0x2D
    .byte   0xEE, 0xDE, 0xD0, 0xEE, 0x02, 0x00, 0x01, 0xF0, 0xF0, 0xFE, 0xE0, 0x1F, 0x02, 0x20, 0xF1, 0x12
    .byte   0xFE, 0x1E, 0xE0, 0x11, 0x0F, 0xE0, 0xEE, 0xF0, 0xEE, 0xEF,  -32, 0x0E, 0x01, 0x11, 0x0F, 0xF1
    .byte   0xF2, 0x12, 0x24, 0x34, 0x13, 0x40, 0x1D, 0xD0, 0xDE, 0x2E, 0x11, 0x13, 0x32, 0x20, 0xED, 0xEE
    .byte   0xEF, 0xDE, 0xEE, 0x12, 0x11, 0xFE, 0x0F, 0x11, 0x0F, 0xEE, 0x11,   -1, 0x01, 0x0F, 0xF0, 0x02
    .byte   0x0F, 0x0E, 0xE1, 0xF0, 0xE0, 0xEF, 0x0E, 0x0E, 0xEE, 0xFE, 0x0F, 0xE1, 0x21, 0x22, 0xFE, 0xF2
    .byte   0x03, 0x14, 0x33, 0x23, 0x41, 0x1D, 0xD1, 0xDF, 0x22, 0xEF, 0x02, 0x32,   45, 0x00, 0xDE, 0xDF
    .byte   0xE1, 0xD0, 0xED, 0x2E, 0x22, 0xEF, 0xEF, 0x02, 0x2F, 0xFE, 0xE1, 0x12, 0x1F, 0xF0, 0xE2, 0x11
    .byte   0x1E, 0x0E, 0x0F, 0xFF, 0xEE, 0xEF, 0xE1, 0xFF, 0xEE, 0xF1, 0x11, 0xF1, 0x1F,  -33, 0x01, 0x22
    .byte   0x12, 0x13, 0x33, 0x40, 0x33, 0xE1, 0xDF, 0xFD, 0x12, 0xF0, 0x11, 0x22, 0x22, 0x0D, 0xEE, 0xD1
    .byte   0xEE, 0xFE, 0xEE, 0x10, 0x2F, 0xFF, 0xF0, 0x01, 0x20, 0xFE, 0xFF, 0x11, 0x12, 0xEF,   -6, 0x00
    .byte   0x2F, 0x1E, 0xEE, 0x0E, 0x2F, 0xEE, 0xEE, 0x0E, 0x10, 0xFE, 0xFF, 0xF2, 0x22, 0x2F, 0x10, 0x12
    .byte   0x22, 0x33, 0x33, 0x13, 0x21, 0x0E, 0x0E, 0xFF, 0x0F, 0x10, 0xF2, 0x10, 0x11, 0xEE, 0xED,   15
    .byte   0x0E, 0x0F, 0xEE, 0xFE, 0x2F, 0x10, 0xE0, 0xF0, 0x00, 0x21, 0xFF, 0xF1, 0x02, 0x0F, 0x0E, 0xE0
    .byte   0xF1, 0xFF, 0x0E, 0xEF, 0x01, 0xEE, 0xEE, 0xFE, 0x01, 0xFF, 0xF1, 0x22, 0x12, 0x0E, 0x10, 0x23
    .byte    -12, 0x03, 0x32, 0x31, 0x33, 0x21, 0xEE, 0xFE, 0xF1, 0x2E, 0x0F, 0x00, 0x02, 0x2E, 0xEE, 0xDE
    .byte   0xFF, 0x1F, 0xEE, 0xEF, 0x02, 0x00, 0xFE, 0xE0, 0x12, 0x21, 0x0F, 0xFF, 0x01, 0x0F, 0xFE, 0xFE
    .byte   0x02,   -8, 0x01, 0xFE, 0xEE, 0xE0, 0xFF, 0xFE, 0xEF, 0xF0, 0x0F, 0x10, 0x21, 0x22, 0xF0, 0x02
    .byte   0x03, 0x22, 0x23, 0x23, 0x23, 0x21, 0x0F, 0xE0, 0xE1, 0x2E, 0x1E, 0x0E, 0x01, 0x21, 0xEF, 0xDE
    .byte   0xFE, 0x11,    9, 0x0E, 0xEE, 0xE2, 0x01, 0x2E, 0xFE, 0xE2, 0x12, 0x21, 0xFF, 0xEF, 0x10, 0x20
    .byte   0xFE, 0xEE, 0x01, 0x11, 0xEF, 0xEE, 0xEE, 0x11, 0xFF, 0xFE, 0xFF, 0xF2, 0xF2, 0x21, 0x10, 0x10
    .byte   0x22, 0x22, 0x22,    8, 0x02, 0x23, 0x23, 0x21, 0xEF, 0xEF, 0x00, 0x0F, 0xFE, 0xFF, 0xF2, 0x0E
    .byte   0xFE, 0xEE, 0xE1, 0x1F, 0xFF, 0xEE, 0xFE, 0x21, 0x10, 0xFE, 0xFF, 0x02, 0x12, 0x2E, 0xF0, 0xE2
    .byte   0xF0, 0x0E, 0x0E, 0xFF,  -11, 0x00, 0xF0, 0xEE, 0xEE, 0xFF, 0xFF, 0xFF, 0xF0, 0x00, 0x12, 0x21
    .byte   0x00, 0xF1, 0x22, 0x31, 0x21, 0x32, 0x23, 0x23, 0x20, 0x1E, 0x0E, 0x01, 0xF2, 0xE0, 0xEE, 0xF0
    .byte   0x1F, 0x0F, 0xD0, 0xDF, 0x0F,    5, 0x01, 0xFE, 0xEF, 0xE1, 0x02, 0x0F, 0xFE, 0xF2, 0xF2, 0x22
    .byte   0xFF, 0xEE, 0x00, 0x11, 0xFF, 0xFE, 0xFE, 0x10, 0xEF, 0xFE, 0xEE, 0xF0, 0xF0, 0x01, 0x00, 0x00
    .byte   0xF2, 0x12, 0x21, 0x21, 0x12, 0x21,    2, 0x02, 0x23, 0x13, 0x22, 0x20, 0x0E, 0x0E, 0x10, 0xF2
    .byte   0xFE, 0x0E, 0xE0, 0xFE, 0x2D, 0x1E, 0xEF, 0xE0, 0x00, 0xF0, 0xEE, 0x0E, 0x02, 0x11, 0x10, 0x10
    .byte   0xE2, 0x10, 0x20, 0x01, 0xEE, 0x0F, 0x01,   -7, 0x0F, 0x0E, 0xFE, 0x0E, 0x00, 0xE0, 0xE0, 0xFE
    .byte   0x10, 0x12, 0x0F, 0x20, 0x10, 0xF2, 0x12, 0x22, 0x22, 0x21, 0x12, 0x23, 0x23, 0x22, 0x0E, 0xEE
    .byte   0xE2, 0xF1, 0x2F, 0xFE, 0xEE, 0xEF, 0xFF, 0xF0,   10, 0x0E, 0xFE, 0x0E, 0x11, 0xF0, 0xFE, 0xFF
    .byte   0xF1, 0x10, 0x21, 0x02, 0xF0, 0x00, 0x00, 0xF0, 0xFF, 0xFF, 0xF0, 0xE1, 0x0E, 0xFF, 0xEF, 0xFE
    .byte   0xFF, 0xE2, 0xE1, 0xFF, 0x02, 0x11, 0x11, 0x02, 0x11,  -13, 0x01, 0x31, 0x12, 0x22, 0x22, 0x23
    .byte   0x22, 0x2E, 0xFE, 0xE0, 0xE1, 0x02, 0xF0, 0xFE, 0xFD, 0xE1, 0xE1, 0xF0, 0xFF, 0xEE, 0xFE, 0x10
    .byte   0x00, 0x0F, 0xF0, 0xE1, 0x01, 0x20, 0x21, 0x11, 0xF0, 0xFF,   -1, 0x01, 0xFF, 0x0E, 0x0F, 0xFF
    .byte   0xFF, 0xEF, 0xEE, 0xFE, 0x0F, 0x01, 0x0F, 0xFF, 0x02, 0x11, 0x20, 0x12, 0xF2, 0x22, 0x22, 0x12
    .byte   0x21, 0x22, 0x23, 0x22, 0x1E, 0xFE, 0xE1, 0xE2, 0x11, 0x1E, 0xFE,   20, 0x0E, 0xD0, 0xF0, 0xF0
    .byte   0x00, 0xE0, 0xE0, 0xE0, 0x10, 0x00, 0xFF, 0xF0, 0x10, 0x21, 0x12, 0x01, 0x0F, 0x0F, 0xF1, 0xF0
    .byte   0x0F, 0xFE, 0xE0, 0xEF, 0xF0, 0xFE, 0xFE, 0xFE, 0xFF, 0xF1, 0x12, 0x21,  -21, 0x01, 0xF0, 0x10
    .byte   0x21, 0x23, 0x12, 0x12, 0x12, 0x12, 0x32, 0x22, 0x10, 0xEF, 0xFE, 0xF0, 0x10, 0x0F, 0xFE, 0xDF
    .byte   0xEE, 0xFF, 0xF1, 0xF0, 0x0E, 0x0E, 0xFF, 0xF0, 0x00, 0x11, 0xF1, 0xF1, 0x11,   -3, 0x02, 0x01
    .byte   0x2F, 0xFF, 0x0F, 0xFF, 0x0F, 0x0F, 0xE0, 0xEE, 0x0E, 0xFF, 0x0E, 0x0F, 0xEE, 0x00, 0x00, 0x21
    .byte   0x22, 0x11, 0x10, 0x01, 0x22, 0x22, 0x22, 0x12, 0x12, 0x12, 0x31, 0x21, 0xF0, 0xEF,   29, 0x0F
    .byte   0x0F, 0x10, 0xFF, 0xEE, 0xEE, 0xEE, 0x00, 0x10, 0x1F, 0x0E, 0x0E, 0xE1, 0x01, 0x10, 0x11, 0x00
    .byte   0xF1, 0x00, 0x2F, 0x21, 0x00, 0xFF, 0x0E, 0x0F, 0x00, 0xFF, 0xEF, 0xEF, 0xEE, 0x1E, 0x0F,  -28
    .byte   0x0F, 0xFF, 0xF1, 0x02, 0x12, 0x11, 0x12, 0x01, 0x21, 0x12, 0x22, 0x12, 0x12, 0x22, 0x22, 0x20
    .byte   0x2F, 0xFE, 0xFF, 0xFF, 0x00, 0xFF, 0xFE, 0xEE, 0xEE, 0xE0, 0x10, 0x11, 0xFF, 0xFF, 0xFE, 0xFF
    .byte     -7, 0x00, 0x12, 0x00, 0x00, 0xF0, 0x01, 0x11, 0x12, 0xF0, 0xF0, 0xEF, 0x0F, 0xFF, 0xFE, 0xFF
    .byte   0xEE, 0x0E, 0xFF, 0x00, 0xFF, 0xFF, 0x00, 0x01, 0x22, 0x12, 0x21, 0x11, 0x10, 0x12, 0x12, 0x21
    .byte   0x22,   18, 0x02, 0x21, 0x21, 0x11, 0xFF, 0x0E, 0x00, 0xF0, 0x00, 0xEE, 0xEE, 0xEF, 0xEF, 0xF1
    .byte   0x11, 0x00, 0xE0, 0xFE, 0x0F, 0x01, 0x02, 0x10, 0x1F, 0xF0, 0xF0, 0x10, 0x11, 0x11, 0x1F, 0x0F
    .byte   0xF0, 0xE0,   -7, 0x0F, 0xEF, 0xEF, 0x0E, 0xFF, 0xF0, 0xFE, 0xFF, 0xF1, 0x12, 0x12, 0x22, 0x20
    .byte   0x11, 0x11, 0x02, 0x02, 0x21, 0x21, 0x22, 0x03, 0xF2, 0x10, 0x0F, 0xE0, 0xE2, 0xFF, 0x1F, 0xF0
    .byte   0xDF, 0xED, 0x0E,   -2, 0x01, 0x02, 0x10, 0x0E, 0xE0, 0xE0, 0x00, 0x20, 0x21, 0x1F, 0xF0, 0xE1
    .byte   0x0F, 0x20, 0x12, 0xF1, 0xFF, 0xFE, 0x0F, 0xEE, 0x0E, 0xF0, 0xF0, 0xEF, 0x0E, 0xFE, 0xFF, 0x00
    .byte   0x21, 0x22, 0x20, 0x21,  -12, 0x02, 0xF1, 0x20, 0x22, 0x12, 0x01, 0x20, 0x22, 0x22, 0x12, 0x00
    .byte   0xE0, 0xEF, 0xF0, 0x1F, 0x00, 0xEE, 0xEE, 0xEE, 0xE1, 0xF2, 0x11, 0x10, 0xFE, 0xFE, 0x0F, 0x01
    .byte   0x21, 0x10, 0x1F, 0xFF, 0xFF,   -4, 0x00, 0x21, 0x11, 0x1F, 0x0E, 0x0E, 0xFE, 0xFF, 0xFF, 0x0E
    .byte   0x0E, 0x0E, 0x0E, 0x0F, 0x1F, 0x11, 0x12, 0x21, 0x21, 0x21, 0x12, 0x00, 0x20, 0x12, 0x12, 0x11
    .byte   0x21, 0x22, 0x21, 0x2F, 0x1F, 0xE0,   24, 0x00, 0xF0, 0x11, 0xFF, 0xEE, 0xEE, 0xEE, 0xE1, 0x02
    .byte   0x11, 0x1F, 0xFE, 0x0E, 0xF0, 0x02, 0x02, 0x11, 0x0F, 0xF0, 0xE0, 0x11, 0x02, 0x11, 0x00, 0xFF
    .byte   0xEE, 0xFE, 0x0E, 0x00, 0xFF, 0x0F, 0xEF,  -24, 0x0E, 0xFF, 0xF1, 0x02, 0x21, 0x21, 0x20, 0x20
    .byte   0x11, 0x02, 0x11, 0x21, 0x20, 0x22, 0x02, 0x12, 0x2F, 0x2F, 0xFF, 0xEF, 0x0E, 0x10, 0x01, 0xE1
    .byte   0xEE, 0xEE, 0xEF, 0xF0, 0x02, 0x01, 0x00, 0xEF,   -5, 0x0E, 0x10, 0x12, 0x02, 0x11, 0xFF, 0xFE
    .byte   0x00, 0x01, 0x11, 0x20, 0x10, 0xE0, 0xEE, 0xFE, 0x0E, 0x00, 0xF0, 0xFF, 0xFF, 0xEE, 0xFF, 0x01
    .byte   0x22, 0x03, 0x02, 0x10, 0x1F, 0x10, 0x20, 0x22, 0x12,   12, 0x00, 0x21, 0x02, 0x02, 0x20, 0x10
    .byte   0xFF, 0xFE, 0x1E, 0x00, 0xF1, 0xE0, 0xFE, 0xEE, 0xE0, 0xF1, 0x00, 0x20, 0xFF, 0xF0, 0xEF, 0xF1
    .byte   0x10, 0x20, 0x02, 0xF0, 0xEF, 0xFF, 0xF0, 0x20, 0x20, 0x00,   -1, 0x0F, 0xEE, 0xEE, 0x00, 0x11
    .byte   0x1F, 0x0E, 0xEF, 0xEE, 0x10, 0x12, 0x22, 0x12, 0x11, 0x11, 0x02, 0x02, 0x20, 0x22, 0x00, 0x20
    .byte   0x20, 0x22, 0x12, 0x0F, 0x0F, 0xE0, 0xEF, 0x0F, 0x11, 0xFF, 0xEF,   11, 0x0E, 0xEE, 0xFF, 0x11
    .byte   0x02, 0x00, 0xFF, 0xE0, 0xE1, 0x10, 0x20, 0x20, 0xF1, 0x0E, 0xFF, 0xF0, 0x01, 0x20, 0x1F, 0xFF
    .byte   0xEE, 0x0E, 0xE1, 0xF0, 0x01, 0xFF, 0xFF, 0xEF, 0xEF, 0x10, 0x22, 0x21,  -12, 0x01, 0x12, 0xF0
    .byte   0x01, 0x21, 0x21, 0x22, 0x02, 0xF2, 0x11, 0x2F, 0x21, 0xE2, 0xEF, 0x0E, 0x0F, 0x01, 0xE1, 0xFE
    .byte   0x0E, 0xE0, 0xE0, 0xF0, 0x10, 0x11, 0xF0, 0xFF, 0xFE, 0x2F, 0x01, 0x11, 0x10,    2, 0x0F, 0xFE
    .byte   0x01, 0xF1, 0x1F, 0x2F, 0xF0, 0xEF, 0xEF, 0x0E, 0x00, 0xF0, 0x1F, 0x0E, 0x0E, 0xFF, 0x00, 0x12
    .byte   0x12, 0x12, 0x12, 0x00, 0x10, 0x12, 0x02, 0x21, 0x20, 0x21, 0xF2, 0xF1, 0x2F, 0x1F,   24, 0x00
    .byte   0x0E, 0x1E, 0x10, 0xE2, 0xE0, 0xFE, 0x0E, 0xF0, 0xE0, 0x00, 0x11, 0x00, 0xFF, 0xF0, 0xF0, 0x10
    .byte   0x11, 0x00, 0xF0, 0xFF, 0xFF, 0x01, 0x00, 0x10, 0x0F, 0xEF, 0xE0, 0xEF, 0x10, 0x00, 0x10,  -16
    .byte   0x0F, 0xEF, 0x0E, 0x01, 0x12, 0x02, 0x21, 0x11, 0x11, 0x02, 0x00, 0x21, 0x21, 0x21, 0x12, 0x01
    .byte   0x11, 0x11, 0x10, 0x0F, 0xF0, 0xFF, 0x1E, 0x10, 0xFF, 0x0E, 0x0E, 0x0E, 0xFF, 0x00, 0x10, 0x00
    .byte      2, 0x00, 0xFF, 0xFF, 0x00, 0x00, 0x11, 0xF0, 0xF0, 0x0F, 0xFF, 0x10, 0x1F, 0x1F, 0x0E, 0xFF
    .byte   0xEF, 0xFF, 0x00, 0x11, 0x0F, 0x00, 0xEF, 0xFF, 0x10, 0x12, 0x21, 0x21, 0x11, 0x10, 0x10, 0x21
    .byte   0x02,    7, 0x01, 0x21, 0x02, 0x0F, 0x20, 0x11, 0xF0, 0xE1, 0x0F, 0x00, 0x00, 0x00, 0xFF, 0x0E
    .byte   0xEF, 0xE0, 0xF1, 0x11, 0x01, 0x1F, 0x0E, 0xFF, 0xFF, 0x01, 0x01, 0x10, 0xFF, 0xFF, 0xFF, 0xF0
    .byte   0x01, 0x10,   -5, 0x0F, 0xFE, 0x0E, 0xF0, 0xF1, 0x01, 0x1F, 0x0F, 0xF0, 0xE0, 0x10, 0x02, 0x02
    .byte   0x10, 0x20, 0x02, 0x02, 0x00, 0x20, 0x21, 0x02, 0x01, 0x10, 0x21, 0xF0, 0x0F, 0xFF, 0xF1, 0x00
    .byte   0x00, 0x0F, 0x0F,   12, 0x0E, 0x0F, 0xE1, 0x00, 0x01, 0x11, 0xF0, 0xFE, 0x0F, 0xFF, 0x0F, 0x11
    .byte   0x10, 0x0F, 0xF0, 0xE0, 0xF0, 0x00, 0x10, 0xF0, 0xFF, 0xFE, 0xFF, 0x0F, 0x01, 0xF1, 0xF1, 0xF0
    .byte   0xFE, 0x10, 0x10, 0x21,  -13, 0x02, 0x20, 0xF2, 0x01, 0x01, 0x21, 0x12, 0x12, 0x10, 0x11, 0x10
    .byte   0xF1, 0x0F, 0x0F, 0x10, 0xF1, 0x0F, 0x1E, 0x00, 0xEF, 0xFE, 0x1F, 0xF1, 0x01, 0x1F, 0x00, 0xF0
    .byte   0xE0, 0xFF, 0x0F, 0x01, 0x10,    1, 0x0F, 0xFF, 0xFF, 0xF0, 0xF0, 0x1F, 0x00, 0xF0, 0xEF, 0xFF
    .byte   0xFF, 0x00, 0x1F, 0x0F, 0xF0, 0xF0, 0xF0, 0x10, 0x12, 0x02, 0x00, 0x20, 0x02, 0x11, 0x11, 0x21
    .byte   0x20, 0x20, 0x11, 0x01, 0x10, 0x1F,   18, 0x00, 0xF1, 0xF0, 0x1F, 0x00, 0xFE, 0x0E, 0xFF, 0xFF
    .byte   0xF1, 0x01, 0x01, 0xF0, 0xFF, 0x0E, 0xFF, 0x00, 0x01, 0x11, 0x1F, 0x0F, 0xFF, 0xFF, 0x00, 0x1F
    .byte   0x10, 0xF0, 0xE0, 0xFE, 0x0F, 0x10, 0xF1,  -15, 0x0F, 0xFF, 0xF0, 0x1F, 0x10, 0x01, 0x02, 0x02
    .byte   0x11, 0x10, 0x20, 0x21, 0x02, 0x00, 0x20, 0x11, 0x12, 0x10, 0x1F, 0x0F, 0xF0, 0xF1, 0xF1, 0x1F
    .byte   0x1F, 0x0E, 0x0E, 0xE0, 0xFF, 0x01, 0x10, 0x10,    6, 0x00, 0xE0, 0xE0, 0x0F, 0x01, 0x10, 0x11
    .byte   0x0F, 0xFF, 0xFF, 0xF0, 0x01, 0x11, 0xF0, 0xFF, 0x0E, 0x0E, 0xFF, 0xF0, 0xF0, 0x10, 0x0F, 0xFF
    .byte   0xFF, 0xF0, 0x10, 0x12, 0x11, 0x22, 0xF2, 0x00, 0x2F,    2, 0x01, 0x12, 0x12, 0x02, 0x11, 0x10
    .byte   0x0F, 0x1F, 0x00, 0x00, 0x11, 0xFF, 0xFF, 0xFE, 0xFE, 0xFE, 0x1F, 0x11, 0x10, 0xF0, 0xF0, 0xE0
    .byte   0xE0, 0x00, 0x11, 0x11, 0x11, 0x00, 0xE1, 0xF0, 0x10, 0x10,    0, 0x00, 0xF0, 0x0E, 0xF0, 0xE0
    .byte   0xF0, 0xFF, 0x0F, 0xF0, 0xEF, 0xFF, 0x00, 0x01, 0x02, 0x11, 0x10, 0x2F, 0x12, 0x02, 0x02, 0x02
    .byte   0x11, 0x02, 0x12, 0x11, 0x11, 0xF1, 0xF0, 0x00, 0x1F, 0x01, 0xF0,   18, 0x00, 0xEF, 0xE0, 0xEF
    .byte   0xF0, 0x1F, 0x11, 0x0E, 0xFF, 0x0E, 0x0F, 0x00, 0x20, 0x11, 0x1F, 0xFF, 0x0F, 0x00, 0x01, 0x02
    .byte   0x00, 0x0E, 0x0F, 0xE0, 0xE0, 0xF0, 0x1F, 0x0F, 0xF0, 0xEE, 0xF0, 0xF1,  -22, 0x01, 0x02, 0x11
    .byte   0x11, 0x11, 0x10, 0x21, 0x21, 0x21, 0x12, 0x02, 0x02, 0x01, 0x10, 0x10, 0x00, 0x00, 0x11, 0xFF
    .byte   0x00, 0xEF, 0xFE, 0xFF, 0xEF, 0xF0, 0x00, 0x0F, 0xF0, 0xEF, 0x0F, 0x01, 0xF1,   -2, 0x01, 0x00
    .byte   0x0F, 0x0F, 0x01, 0x01, 0x11, 0x10, 0x00, 0x0E, 0xFF, 0xFF, 0xFF, 0xF0, 0x0E, 0x0F, 0xFE, 0xFF
    .byte   0xFF, 0xFF, 0x10, 0x21, 0x10, 0x21, 0x10, 0x21, 0x11, 0x20, 0x21, 0x20, 0x22, 0x02,   20, 0x01
    .byte   0x10, 0x0F, 0x10, 0x01, 0x1F, 0x00, 0xFE, 0xFF, 0xEE, 0x0E, 0x0F, 0xF1, 0x0F, 0x1F, 0xEF, 0x0F
    .byte   0xE1, 0x01, 0x02, 0x10, 0x1F, 0xF0, 0xF1, 0xF1, 0x11, 0x02, 0x00, 0xF0, 0xFE, 0x0E, 0x0F,   -7
    .byte   0x00, 0x0F, 0xFF, 0xEF, 0xEF, 0x0E, 0x00, 0x11, 0x11, 0x11, 0x11, 0x11, 0x10, 0x20, 0x21, 0x12
    .byte   0x21, 0x11, 0x21, 0x21, 0x11, 0x10, 0x00, 0x00, 0x11, 0x1F, 0x0F, 0xFE, 0xFF, 0xEE, 0xFF, 0xF0
    .byte      3, 0x00, 0x00, 0xEF, 0xF0, 0xE0, 0x10, 0x10, 0x11, 0x11, 0xF0, 0xF0, 0x0F, 0x11, 0x02, 0x11
    .byte   0x00, 0xFF, 0xEF, 0xFF, 0xF0, 0x00, 0x0F, 0xFF, 0xEE, 0xF0, 0xE0, 0x01, 0x11, 0x11, 0x11, 0x0F
    .byte   0x11,  -13, 0x01, 0x21, 0x20, 0x20, 0x12, 0x01, 0x21, 0x21, 0x12, 0xFF, 0x10, 0x00, 0x10, 0x1F
    .byte   0x0F, 0x0E, 0xFF, 0xE0, 0xEF, 0xF0, 0x00, 0xF0, 0xE0, 0xE0, 0xF0, 0x01, 0x10, 0x11, 0xFF, 0xF0
    .byte   0xF0, 0xF1,   -4, 0x01, 0x20, 0x00, 0x0F, 0xFF, 0x0F, 0x00, 0x00, 0xFF, 0xFF, 0xE0, 0xE0, 0xFF
    .byte   0x0F, 0x00, 0xF1, 0xF1, 0xF1, 0x10, 0x20, 0x21, 0x00, 0x21, 0x11, 0x11, 0x22, 0x21, 0x11, 0x11
    .byte   0x01, 0xF1, 0x01,   21, 0x00, 0x10, 0xFF, 0xFF, 0xEF, 0xFE, 0x0F, 0xFF, 0x0F, 0xF0, 0xE0, 0xFF
    .byte   0xFF, 0x00, 0x11, 0x00, 0xFF, 0x0F, 0x1F, 0x01, 0x02, 0x01, 0x11, 0x0F, 0xE1, 0x00, 0x01, 0xF1
    .byte   0x0F, 0xFF, 0xFE, 0xFE,  -13, 0x0F, 0xF0, 0x0F, 0x10, 0xF0, 0xF1, 0x11, 0x10, 0x21, 0x02, 0x00
    .byte   0x11, 0x01, 0x21, 0x12, 0x2F, 0x10, 0x01, 0x01, 0x01, 0x20, 0x0F, 0x10, 0xE0, 0xFF, 0xE0, 0xF0
    .byte   0x0F, 0x0F, 0x0E, 0x0E, 0xF0,   -2, 0x0F, 0x01, 0x1F, 0x1F, 0xFF, 0xFF, 0xF0, 0x11, 0x02, 0x10
    .byte   0x01, 0xFF, 0xFF, 0x1F, 0x11, 0x10, 0xF0, 0xE0, 0x0E, 0xFF, 0xF0, 0xF0, 0x1F, 0x1F, 0x0F, 0xF1
    .byte   0x00, 0x02, 0x01, 0x11, 0x10, 0x11,   -4, 0x01, 0x21, 0x12, 0x01, 0x10, 0x11, 0x01, 0x11, 0x10
    .byte   0x10, 0xFF, 0x0F, 0xF0, 0xFF, 0x10, 0xFF, 0xFF, 0xFF, 0xFF, 0xF0, 0x0F, 0x0F, 0x0F, 0x0F, 0xF0
    .byte   0xF1, 0x0F, 0x00, 0x1F, 0x01, 0x0F, 0x00,   -3, 0x0F, 0x01, 0x00, 0x10, 0xF0, 0x00, 0xF0, 0xFF
    .byte   0xF0, 0x10, 0x00, 0x0F, 0x1E, 0x0F, 0x10, 0x11, 0x11, 0x01, 0x0F, 0x01, 0x01, 0x21, 0x11, 0x11
    .byte   0x00, 0xF0, 0x10, 0x10, 0x20, 0x10, 0x1F, 0xFF,    9, 0x0F, 0xF1, 0x10, 0x1F, 0xF0, 0xE0, 0xFF
    .byte   0x01, 0x00, 0x0F, 0x0F, 0xFF, 0xFF, 0x10, 0xF1, 0x1F, 0x0F, 0x0F, 0x00, 0x00, 0x10, 0xF0, 0x1F
    .byte   0x1F, 0x00, 0x00, 0x10, 0x10, 0xF0, 0x10, 0xF0, 0xF1,   -2, 0x0F, 0xF3, 0xDF, 0xFF, 0x22, 0x0F
    .byte   0x01, 0xF0, 0xE0, 0x11, 0x11, 0x11, 0x0F, 0x0F, 0x1F, 0x01, 0x11, 0x01, 0x01, 0x0F, 0x0F, 0x0F
    .byte   0x00, 0x11, 0x0F, 0x00, 0xFF, 0x00, 0xF1, 0x10, 0x00, 0xF1,    2, 0x0E, 0x10, 0x01, 0xF0, 0x11
    .byte   0x1F, 0x00, 0x00, 0x0F, 0x10, 0x00, 0x10, 0x00, 0xF0, 0xF0, 0x00, 0x1F, 0x1F, 0x00, 0xF0, 0x0F
    .byte   0x01, 0xF0, 0xF0, 0x1F, 0x0F, 0x10, 0xF0, 0x00, 0x01, 0x1F, 0x10,   -1, 0x01, 0xF0, 0x11, 0x01
    .byte   0x1F, 0xE0, 0x2F, 0xF2, 0x0E, 0x1E, 0x12, 0x10, 0xE1, 0xF1, 0xFF, 0xFF, 0x2F, 0x10, 0xF0, 0x11
    .byte   0xE1, 0x20, 0xFF, 0xF1, 0x10, 0xF1, 0x01, 0x11, 0x1F, 0x0F, 0x0F, 0x1F,    1, 0x01, 0x00, 0xF1
    .byte   0x10, 0xF0, 0xF0, 0x00, 0xFF, 0xF0, 0x10, 0xF1, 0x00, 0x10, 0x0F, 0x00, 0xF0, 0x01, 0x00, 0x11
    .byte   0x00, 0x1F, 0x01, 0xF0, 0x0F, 0x01, 0xF1, 0xF1, 0x0F, 0x0F, 0xF1, 0x00, 0x00,   -1, 0x0F, 0x00
    .byte   0x1F, 0x01, 0x00, 0xF1, 0x01, 0x00, 0x0F, 0x10, 0x10, 0xF1, 0xF0, 0x10, 0x00, 0x01, 0x00, 0xF1
    .byte   0xF0, 0x00, 0x00, 0xF0, 0x1F, 0x00, 0x01, 0xF0, 0x1F, 0x00, 0x00, 0x00, 0x00, 0x01,    0, 0x00
    .byte   0x00, 0x0F, 0x00, 0x00, 0x01, 0x00, 0xF1, 0x0F, 0x01, 0x00, 0x00, 0x00, 0x00, 0x00, 0x00, 0x01
    .byte   0xF0, 0xF1, 0x0F, 0x10, 0x00, 0x00, 0x0F, 0x10, 0x00, 0xF1, 0xF1, 0x00, 0xF1, 0x00, 0xF1,    0
    .byte   0x00, 0x01, 0xF1, 0xF1, 0xF0, 0x00, 0x00, 0x00, 0x00, 0x0F, 0x10, 0x00, 0x00, 0x00, 0x01, 0xF1
    .byte   0xF0, 0x01, 0xF0, 0x1F, 0x1F, 0x00, 0x00, 0x0F, 0x10, 0xF1, 0xF1, 0x1F, 0xF1, 0xF1, 0x0F, 0x01
    .byte      1, 0x0F, 0x0F, 0x10, 0x01, 0xF0, 0x01, 0xF0, 0x00, 0x00, 0x10, 0x0F, 0x01, 0xF0, 0xF0, 0x00
    .byte   0x00, 0x10, 0x0F, 0xF1, 0xF0, 0x1F, 0x0F, 0x10, 0x12, 0xF1, 0x20, 0x22, 0xFC, 0xDE, 0x24, 0x4E
    .byte   0xDF,    2, 0x03, 0xF2, 0xCE, 0x54, 0xCB, 0xBE, 0xD4, 0x25, 0x23, 0x3C, 0x2C, 0x3D, 0x20, 0x2F
    .byte   0xD5, 0xC4, 0x0D, 0x3E, 0xC2, 0xCC, 0x5C, 0x23, 0xD2, 0xE3, 0xD3, 0xE2, 0x4E, 0x11, 0x1D, 0x4E
    .byte   0x04, 0xCE,   12, 0x0D, 0xD4, 0xC3, 0xEF, 0x1D, 0x3C, 0x4E, 0x04, 0xC2, 0x3D, 0xE3, 0xE2, 0x2D
    .byte   0x22, 0xD2, 0x2C, 0x31, 0xE3, 0xE1, 0xEF, 0xE2, 0x10, 0x22, 0xE1, 0xED, 0x3F, 0x32, 0xFE, 0xD1
    .byte   0xC4, 0x3F, 0x3C,    3, 0x0D, 0xE2, 0x13, 0xF1, 0xED, 0x30, 0x12, 0xE1, 0xF1, 0xE2, 0xE0, 0x10
    .byte   0x20, 0x0E, 0xFE, 0x23, 0xE1, 0xEF, 0xE0, 0x20, 0x20, 0xFE, 0x1F, 0x2E, 0x2F, 0x02, 0xEE, 0xF0
    .byte   0x22, 0xFF, 0xF0, 0xFF,   -2, 0x01, 0x1F, 0xF2, 0x10, 0xEF, 0xFE, 0x22, 0x2F, 0xFE, 0xEF, 0x22
    .byte   0x20, 0xEE, 0xE1, 0x11, 0x21, 0x2E, 0x0E, 0x0F, 0x02, 0x11, 0x0F, 0xEF, 0x02, 0x02, 0x0F, 0xEE
    .byte   0xF0, 0x13, 0x02, 0xDE, 0xEF,   -4, 0x03, 0x2F, 0xED, 0x0F, 0x22, 0x02, 0xEE, 0x1F, 0x11, 0x11
    .byte   0xFF, 0xF0, 0x11, 0x10, 0xE0, 0x01, 0x11, 0x1F, 0x0E, 0xF1, 0x22, 0x1E, 0xEF, 0xF1, 0x22, 0xFF
    .byte   0xEF, 0x00, 0x02, 0xF0, 0xF1, 0xF0,    1, 0x0E, 0x2F, 0x00, 0xF1, 0x00, 0xF1, 0x00, 0x01, 0x00
    .byte   0xF0, 0xF1, 0x01, 0xFF, 0xF0, 0x02, 0x10, 0x0E, 0xE1, 0x12, 0x12, 0xEE, 0xE0, 0x11, 0x22, 0x0F
    .byte   0xEE, 0x11, 0x22, 0x0F, 0xEE, 0xF1, 0x22,    4, 0x0F, 0xEF, 0xF0, 0x21, 0x1F, 0xFE, 0x00, 0x21
    .byte   0x10, 0xFE, 0x00, 0x12, 0x1F, 0xEF, 0xFF, 0x12, 0x11, 0xFF, 0xE0, 0x02, 0x11, 0x0E, 0x0F, 0x11
    .byte   0x11, 0x0F, 0xFF, 0x01, 0x01, 0x10, 0xE0, 0xF1,    0, 0x01, 0x1F, 0xFF, 0x00, 0x11, 0x00, 0xFF
    .byte   0xF0, 0x20, 0xFF, 0x0F, 0x00, 0x20, 0x0F, 0xEF, 0x02, 0x01, 0x0F, 0xE0, 0x02, 0x01, 0x0F, 0xFF
    .byte   0x01, 0x11, 0xFF, 0xF1, 0xF1, 0x10, 0x0F, 0xF0, 0x01,    1, 0x0F, 0x0F, 0x00, 0x10, 0x00, 0x00
    .byte   0x00, 0x01, 0xF1, 0xF0, 0xF1, 0xF0, 0x10, 0x10, 0xF0, 0xF0, 0x00, 0x10, 0x00, 0xF0, 0x01, 0x10
    .byte   0x0F, 0x10, 0xF0, 0x1F, 0xF0, 0x10, 0x01, 0xF0, 0x00, 0x1F,    0, 0x00, 0x00, 0x00, 0x1F, 0xF0
    .byte   0x10, 0x1F, 0x1F, 0x00, 0x1F, 0xF1, 0x00, 0x00, 0xF1, 0x00, 0x00, 0x00, 0x1F, 0xF1, 0xF1, 0x00
    .byte   0x00, 0xF1, 0x1F, 0x00, 0x00, 0x00, 0x10, 0xFF, 0x10, 0x01, 0x0F,    0, 0x0F, 0x1F, 0x10, 0x1F
    .byte   0xF1, 0x00, 0x00, 0x10, 0xFF, 0x10, 0x01, 0xF0, 0xF0, 0x10, 0x00, 0xF0, 0x10, 0xF1, 0x01, 0xFF
    .byte   0x10, 0x01, 0xF1, 0xF0, 0x00, 0x00, 0x0F, 0x01, 0x00, 0x1F, 0x00, 0x0F,    0, 0x01, 0xFF, 0x10
    .byte   0x00, 0x00, 0x1F, 0x0F, 0x11, 0xF0, 0x0F, 0x10, 0x01, 0xF0, 0x00, 0x00, 0x01, 0xFF, 0x11, 0xF0
    .byte   0x1F, 0x00, 0x00, 0x1F, 0x01, 0x0F, 0x00, 0x00, 0x00, 0x0F, 0x10, 0x00, 0x00,    0, 0x00, 0x00
    .byte   0x1F, 0x00, 0x00, 0x00, 0x00, 0xF1, 0x1F, 0xF1, 0x01, 0x0F, 0x1F, 0x00, 0x01, 0xF0, 0xF1, 0x00
    .byte   0xF1, 0x00, 0x00, 0x01, 0xFF, 0x10, 0x00, 0x00, 0x00, 0x00, 0x00, 0x0F, 0x10, 0x00,    0, 0x00
    .byte   0x00, 0x00, 0x00, 0x00, 0xF1, 0x1F, 0x1F, 0x1F, 0x00, 0x01, 0xF0, 0xF1, 0x01, 0xFF, 0x10, 0x00
    .byte   0x0F, 0x10, 0x0F, 0x11, 0xF0, 0x00, 0x0F, 0x10, 0xF1, 0x00, 0x0F, 0x00, 0x10, 0xF1, 0xF1,    0
    .byte   0x0F, 0x01, 0x00, 0x00, 0x00, 0x00, 0x00, 0x00, 0x01, 0xFF, 0x01, 0x00, 0xF1, 0x00, 0xF0, 0x10
    .byte   0x00, 0x0F, 0x10, 0x00, 0x00, 0x00, 0xF1, 0x00, 0x01, 0xFF, 0x10, 0x00, 0x00, 0x00, 0x00, 0x1F
    .byte      0, 0x00, 0x00, 0x00, 0x00, 0x00, 0x00, 0x1F, 0x00, 0xF1, 0x01, 0x0F, 0x00, 0x1F, 0x00, 0x00
    .byte   0x01, 0xF0, 0x00, 0x0F, 0x1F, 0x10, 0x0F, 0x10, 0x00, 0x00, 0x00, 0x1F, 0x00, 0xF1, 0x00, 0xF1
    .byte   0x00,    0, 0x00, 0x00, 0x00, 0xF1, 0x00, 0x00, 0x00, 0x00, 0x00, 0x0F, 0x10, 0x00, 0x1F, 0x1F
    .byte   0x00, 0x00, 0xF1, 0x0F, 0x10, 0x01, 0xF0, 0x01, 0x0F, 0x00, 0x00, 0x00, 0x0F, 0x10, 0x00, 0x00
    .byte   0x00, 0x1F,    0, 0x01, 0x0F, 0x00, 0x00, 0x00, 0x01, 0xF1, 0xF0, 0xF1, 0x00, 0x00, 0x00, 0x00
    .byte   0x00, 0x00, 0xF1, 0x1F, 0x00, 0x00, 0x00, 0x01, 0x0F, 0x00, 0x00, 0x00, 0x00, 0xF1, 0x00, 0x00
    .byte   0xF1, 0xF1, 0x00,    0, 0x00, 0x1F, 0x00, 0x1F, 0x00, 0x00, 0x01, 0xF0, 0x00, 0x00, 0x00, 0x00
    .byte   0x00, 0x01, 0xF0, 0x00, 0x00, 0x1F, 0x1F, 0x00, 0x0F, 0x10, 0xF0, 0x10, 0x01, 0xF0, 0x00, 0xF1
    .byte   0x00, 0x1F, 0x0F, 0x00,    0, 0x00, 0x0F, 0x11, 0x0F, 0x1F, 0x01, 0xF0, 0x01, 0x00, 0xF0, 0x00
    .byte   0xF1, 0x00, 0x00, 0x00, 0xF1, 0x00, 0x00, 0x00, 0x01, 0xF1, 0xF0, 0x00, 0x00, 0x00, 0x00, 0x01
    .byte   0xF0, 0x0F, 0x10, 0x1F, 0x00,    0, 0x00, 0x00, 0x1F, 0x00, 0x01, 0xF0, 0x00, 0x00, 0x0F, 0x10
    .byte   0x00, 0xF1, 0xF1, 0x00, 0x00, 0x00, 0x00, 0xF1, 0x01, 0xF0, 0x00, 0x01, 0xF0, 0x00, 0x00, 0x0F
    .byte   0x10, 0x00, 0x00, 0x1F, 0x00, 0x1F,    0, 0x00, 0x1F, 0x00, 0x00, 0x00, 0x00, 0x1F, 0x1F, 0x00
    .byte   0x0F, 0x10, 0x00, 0xF1, 0x0F, 0x10, 0x00, 0x00, 0x00, 0x00, 0x01, 0xFF, 0x10, 0x00, 0x01, 0xF0
    .byte   0x00, 0x1F, 0xF1, 0x1F, 0x00, 0x00, 0x00,   -1, 0x01, 0x0F, 0x01, 0x00, 0x00, 0x00, 0x00, 0xF1
    .byte   0x01, 0xF0, 0x00, 0x1F, 0xF1, 0x00, 0x00, 0x1F, 0x00, 0x00, 0x00, 0x01, 0xF0, 0x00, 0x00, 0x00
    .byte   0x00, 0xF1, 0xF1, 0x00, 0x00, 0x10, 0xF0, 0x01,    0, 0x00, 0x00, 0xF1, 0xF1, 0x00, 0xF0, 0x10
    .byte   0xF0, 0x10, 0x00, 0x00, 0x01, 0xF0, 0x0F, 0x10, 0xF1, 0x00, 0x0F, 0x10, 0x01, 0xF0, 0x01, 0x0F
    .byte   0x00, 0x00, 0x00, 0x00, 0x00, 0x00, 0x0F, 0x10, 0xF1,    0, 0x0F, 0x11, 0xF0, 0x01, 0x0F, 0x00
    .byte   0xF1, 0x1F, 0xF1, 0x1F, 0x00, 0x00, 0xF1, 0x00, 0x0F, 0x10, 0x00, 0x00, 0x1F, 0xF1, 0x00, 0x00
    .byte   0x01, 0xF0, 0x01, 0xF0, 0x00, 0x00, 0x1F, 0x00, 0x00, 0x1F,    1, 0x00, 0xF0, 0x00, 0x00, 0x00
    .byte   0x00, 0xF1, 0x00, 0x01, 0xF0, 0x00, 0x00, 0xF0, 0x00, 0x10, 0x00, 0x1F, 0x00, 0x00, 0x00, 0xF1
    .byte   0x0F, 0x10, 0x00, 0x00, 0x0F, 0x10, 0x00, 0x0F, 0x10, 0x00, 0x0F,    0, 0x00, 0x00, 0x1F, 0x00
    .byte   0xF1, 0x0F, 0x11, 0xF0, 0x01, 0xF0, 0x00, 0xF1, 0xF1, 0x00, 0x1F, 0x00, 0x1F, 0x00, 0x00, 0xF1
    .byte   0xF1, 0xF1, 0x00, 0x00, 0x00, 0x01, 0xF0, 0x0F, 0x10, 0x00, 0x0F, 0x10,    0, 0x00, 0xF1, 0x1F
    .byte   0x00, 0x00, 0x00, 0x01, 0xF0, 0x00, 0x00, 0x00, 0x1F, 0x00, 0x1F, 0x00, 0x00, 0x00, 0x00, 0x00
    .byte   0xF1, 0x0F, 0x10, 0x00, 0x00, 0xF1, 0x00, 0xF1, 0x01, 0xF0, 0x00, 0x00, 0xF1,    0, 0x00, 0x00
    .byte   0x1F, 0x00, 0x1F, 0x01, 0xF0, 0x00, 0x00, 0x00, 0x1F, 0x0F, 0x01, 0xF1, 0x00, 0x00, 0x00, 0x1F
    .byte   0x00, 0x1F, 0x0F, 0x10, 0x0F, 0x10, 0xF1, 0x01, 0x0F, 0x00, 0x01, 0xFF, 0x10, 0x00,    0, 0x00
    .byte   0x00, 0xF1, 0x00, 0x00, 0x1F, 0xF0, 0x11, 0xF0, 0x00, 0x00, 0x0F, 0x10, 0xF1, 0x1F, 0x00, 0x00
    .byte   0x0F, 0x01, 0xF0, 0x01, 0x00, 0x00, 0x1F, 0x1F, 0x00, 0x1F, 0xF1, 0x00, 0x00, 0x01, 0xF0,    1
    .byte   0x0F, 0x00, 0x1F, 0x0F, 0x11, 0xF0, 0xF1, 0x1F, 0x0F, 0x10, 0x00, 0x00, 0xF1, 0x00, 0x00, 0x00
    .byte   0x00, 0xF1, 0x0F, 0x01, 0x00, 0x00, 0xF1, 0x00, 0xF0, 0x10, 0xF1, 0x0F, 0x1F, 0x01, 0x00, 0x00
    .byte     -1, 0x01, 0x1F, 0x00, 0xF0, 0x10, 0xF1, 0x0F, 0x10, 0x00, 0x00, 0x00, 0x0F, 0x10, 0x00, 0x1F
    .byte   0x1F, 0x01, 0xF0, 0x00, 0x01, 0x0F, 0x01, 0xF1, 0x0F, 0x00, 0x00, 0x01, 0xF0, 0xF1, 0x01, 0xF0
    .byte   0x01,    0, 0x00, 0x1F, 0xF1, 0x0F, 0x10, 0x10, 0xF0, 0x01, 0xF0, 0x00, 0x00, 0x00, 0x00, 0xF1
    .byte   0x00, 0x1F, 0x00, 0x01, 0xF0, 0x01, 0xF0, 0x00, 0x0F, 0x10, 0x00, 0x00, 0x00, 0x00, 0xF1, 0x01
    .byte   0xF0, 0x00,    0, 0x00, 0x00, 0x01, 0xF0, 0x00, 0x00, 0x00, 0x00, 0x00, 0x00, 0x00, 0x00, 0xF1
    .byte   0x00, 0x00, 0x00, 0x0F, 0x1F, 0x10, 0x00, 0xF1, 0x00, 0x01, 0xF0, 0x0F, 0x10, 0x00, 0x1F, 0x0F
    .byte   0x10, 0xF1, 0xF1,   -1, 0x01, 0x00, 0x01, 0xF0, 0x0F, 0x10, 0x00, 0x0F, 0x10, 0x01, 0xF0, 0x01
    .byte   0xF0, 0x00, 0x00, 0x00, 0x00, 0x00, 0x01, 0xF0, 0x00, 0x00, 0x00, 0x01, 0xF0, 0x00, 0x0F, 0x1F
    .byte   0x10, 0x00, 0x00, 0x01,    0, 0x00, 0x01, 0x0F, 0x01, 0xF0, 0xF1, 0x00, 0x1F, 0x0F, 0x1F, 0x01
    .byte   0x00, 0x1F, 0x00, 0x00, 0x00, 0xF1, 0x1F, 0xF1, 0x00, 0x00, 0x0F, 0x10, 0x00, 0x00, 0x00, 0x00
    .byte   0x1F, 0x1F, 0x00, 0x00, 0x00,    0, 0x01, 0xF0, 0xF1, 0x00, 0x00, 0x00, 0x00, 0x01, 0xFF, 0x10
    .byte   0x0F, 0x10, 0xF1, 0x00, 0x10, 0xF0, 0x00, 0x10, 0xF0, 0x00, 0x00, 0x00, 0x1F, 0x1F, 0x0F, 0x10
    .byte   0x01, 0xFF, 0x10, 0x0F, 0x10, 0x01,    0, 0x0F, 0x10, 0xF1, 0x1F, 0xF1, 0x00, 0x00, 0x00, 0x00
    .byte   0x00, 0xF1, 0x0F, 0x10, 0x00, 0x00, 0x1F, 0x00, 0x00, 0xF1, 0x00, 0x00, 0x00, 0x00, 0x00, 0x01
    .byte   0xF0, 0x00, 0x00, 0x00, 0x00, 0x00, 0x00,    0, 0x00, 0xF1, 0x00, 0x00, 0x1F, 0xF1, 0x00, 0x00
    .byte   0x00, 0xF1, 0x00, 0x00, 0xF1, 0x00, 0x00, 0x00, 0x00, 0x00, 0x00, 0x1F, 0x00, 0xF1, 0x00, 0xF0
    .byte   0x10, 0x00, 0x00, 0xF1, 0xF1, 0xF1, 0x00, 0x00,    1, 0x0F, 0x10, 0xF1, 0xF0, 0x00, 0x00, 0x0F
    .byte   0x10, 0x00, 0x00, 0x00, 0x01, 0x0F, 0x0F, 0x10, 0xF1, 0x00, 0x0F, 0x01, 0x00, 0x00, 0x00, 0x00
    .byte   0xF1, 0x00, 0x0F, 0x11, 0xF0, 0x00, 0x1F, 0x00, 0x00,    0, 0x00, 0xF1, 0x00, 0x00, 0x00, 0x00
    .byte   0x00, 0x00, 0x01, 0xF0, 0x00, 0x00, 0xF1, 0x00, 0x00, 0x1F, 0x00, 0x00, 0x00, 0x00, 0x01, 0x0F
    .byte   0x01, 0xF0, 0x00, 0x01, 0xFF, 0x10, 0x00, 0xF1, 0x01, 0xF1,    0, 0x01, 0xFF, 0x10, 0x01, 0x0F
    .byte   0x01, 0xF0, 0x1F, 0x00, 0x00, 0x00, 0xF0, 0x00, 0x10, 0x01, 0xFF, 0x10, 0x01, 0xF0, 0x00, 0xF1
    .byte   0x00, 0x00, 0x00, 0x00, 0xF1, 0x00, 0x0F, 0x10, 0x00, 0x00, 0x00,    0, 0x00, 0x00, 0x1F, 0x1F
    .byte   0x01, 0x0F, 0x00, 0x00, 0x1F, 0x10, 0xF0, 0x00, 0x00, 0x00, 0x00, 0xF1, 0x00, 0x00, 0x00, 0x00
    .byte   0x00, 0x01, 0xF0, 0x01, 0xF0, 0x00, 0x1F, 0x0F, 0x11, 0xF1, 0x00, 0xF0,    1, 0x0F, 0x01, 0xF0
    .byte   0xF0, 0x1F, 0x10, 0x00, 0x00, 0x01, 0xFF, 0x10, 0x0F, 0x10, 0xF1, 0x00, 0x00, 0x00, 0x00, 0x00
    .byte   0x00, 0xF1, 0x00, 0x1F, 0xF1, 0xF1, 0x1F, 0x1F, 0xF1, 0x1F, 0x00, 0x00, 0x00,    0, 0x00, 0x01
    .byte   0xF0, 0x00, 0x0F, 0x1F, 0x11, 0xFF, 0x10, 0x00, 0x01, 0xF0, 0x0F, 0x10, 0x00, 0x0F, 0x1F, 0x10
    .byte   0xF1, 0x00, 0x00, 0x00, 0x00, 0x00, 0x1F, 0x1F, 0x00, 0xF1, 0x00, 0x00, 0xF1, 0x00,    1, 0x0F
    .byte   0x00, 0x00, 0x00, 0x00, 0x01, 0xF0, 0x00, 0x00, 0x0F, 0x10, 0x00, 0x01, 0xF0, 0x01, 0xFF, 0x10
    .byte   0x01, 0xF0, 0x01, 0xF0, 0x00, 0x00, 0x00, 0xF0, 0x11, 0x0F, 0x1F, 0x00, 0xF1, 0x01, 0xF0,    0
    .byte   0x00, 0x00, 0xF1, 0x00, 0x00, 0x01, 0xF0, 0x00, 0xF1, 0xF1, 0x00, 0x0F, 0x11, 0xF0, 0x00, 0x0F
    .byte   0x10, 0xF0, 0x10, 0x0F, 0x10, 0x00, 0x0F, 0x1F, 0x10, 0x1F, 0x00, 0x1F, 0xF1, 0x00, 0x00, 0x00
    .byte      0, 0x00, 0x0F, 0x10, 0x01, 0x0F, 0x01, 0xF0, 0xF1, 0x00, 0x1F, 0x00, 0xF1, 0x00, 0x1F, 0x00
    .byte   0x01, 0xF0, 0xF1, 0x00, 0x1F, 0x00, 0x00, 0x1F, 0xF0, 0x01, 0x1F, 0x1F, 0x10, 0xF0, 0xF1, 0x00
    .byte   0x0F,    0, 0x00, 0x1F, 0x00, 0x00, 0x00, 0x00, 0x0F, 0x10, 0x00, 0x00, 0x0F, 0x10, 0x01, 0xF0
    .byte   0x00, 0x00, 0x00, 0x1F, 0xF1, 0x00, 0x00, 0x00, 0x0F, 0x10, 0x10, 0xF0, 0x01, 0xF0, 0x0F, 0x1F
    .byte   0x1F, 0x10,    0, 0x00, 0x00, 0x00, 0x00, 0x10, 0xF0, 0x00, 0xF1, 0x00, 0x1F, 0xF1, 0x0F, 0x10
    .byte   0xF1, 0x0F, 0x10, 0x00, 0x1F, 0x00, 0x00, 0x00, 0x10, 0x00, 0xF0, 0x00, 0x1F, 0x00, 0x00, 0x01
    .byte   0xF0, 0x1F, 0x00,    0, 0x00, 0x00, 0x00, 0x00, 0x00, 0x00, 0x01, 0x0F, 0x00, 0x00, 0x00, 0x00
    .byte   0x1F, 0x01, 0x0F, 0x1F, 0x00, 0x1F, 0x1F, 0x1F, 0x00, 0x00, 0x00, 0x00, 0x00, 0x00, 0x1F, 0x00
    .byte   0x01, 0xFF, 0x10, 0x00,    0, 0x01, 0xF0, 0xF1, 0x01, 0xF0, 0x00, 0x00, 0x01, 0xF0, 0x00, 0xF1
    .byte   0x00, 0x1F, 0x00, 0x00, 0x00, 0x00, 0x1F, 0x00, 0x1F, 0x1F, 0x00, 0x0F, 0x10, 0xF1, 0x1F, 0x00
    .byte   0x00, 0x00, 0x00, 0x1F, 0x01,   -1, 0x01, 0xF1, 0x00, 0x00, 0x1F, 0x01, 0x00, 0xF0, 0x00, 0x00
    .byte   0x00, 0x00, 0x00, 0x00, 0x1F, 0xF1, 0x00, 0x00, 0x01, 0xF0, 0x00, 0x00, 0x1F, 0x00, 0x00, 0xF1
    .byte   0x00, 0x10, 0xF0, 0x00, 0x00, 0x0F,    0, 0x00, 0x00, 0x01, 0x00, 0xF0, 0x10, 0xF0, 0x00, 0xF0
    .byte   0x10, 0x00, 0x00, 0x0F, 0x1F, 0x10, 0x1F, 0x00, 0x01, 0xF1, 0xF0, 0xF1, 0x00, 0x0F, 0x00, 0x10
    .byte   0x00, 0x00, 0x00, 0x00, 0xF1, 0x00, 0x00,   -1, 0x01, 0x1F, 0x1F, 0x00, 0x00, 0x00, 0x00, 0x0F
    .byte   0x11, 0xF0, 0x00, 0x1F, 0xF1, 0x00, 0x00, 0x0F, 0x11, 0xF0, 0x00, 0x00, 0x00, 0x00, 0x0F, 0x10
    .byte   0x0F, 0x1F, 0x11, 0xF0, 0x00, 0x1F, 0x0F, 0x10,    0, 0x00, 0x0F, 0x10, 0x00, 0x00, 0x00, 0x00
    .byte   0x1F, 0x1F, 0x0F, 0x10, 0x01, 0xF1, 0x0F, 0x0F, 0x10, 0x10, 0xF0, 0x00, 0x00, 0x01, 0xF0, 0xF1
    .byte   0x00, 0x00, 0x00, 0x1F, 0x00, 0x0F, 0x10, 0x01, 0x0F,    1, 0x0F, 0x01, 0x0F, 0x1F, 0x0F, 0x01
    .byte   0x0F, 0x11, 0x0F, 0x01, 0x0F, 0x0F, 0x11, 0xF0, 0xF1, 0x00, 0x01, 0xF1, 0xF0, 0x00, 0xF1, 0x01
    .byte   0x0F, 0xF0, 0x10, 0x00, 0x00, 0x00, 0x00, 0xF1, 0x01, 0x0F,    1, 0x0F, 0xF1, 0xF1, 0x00, 0xF1
    .byte   0x00, 0x00, 0x1F, 0x00, 0x00, 0x00, 0x00, 0x1F, 0x00, 0x01, 0xF1, 0xF0, 0xF1, 0x1F, 0x1F, 0x01
    .byte   0xFF, 0x11, 0x00, 0x00, 0xF0, 0x0F, 0x10, 0x10, 0xF0, 0x00, 0x00,    0, 0x00, 0x00, 0x01, 0xF0
    .byte   0xF1, 0xF1, 0x00, 0x00, 0xF1, 0x01, 0x0F, 0x0F, 0x01, 0x00, 0x0F, 0x10, 0x0F, 0x10, 0x00, 0x01
    .byte   0xFF, 0x10, 0x0F, 0x10, 0x00, 0x00, 0x00, 0x00, 0x00, 0x00, 0xF1, 0x00,    0, 0x0F, 0x10, 0x00
    .byte   0x00, 0x00, 0x00, 0x00, 0xF1, 0x00, 0x00, 0x01, 0xF0, 0x1F, 0x00, 0x00, 0x0F, 0x10, 0x0F, 0x10
    .byte   0x00, 0x1F, 0x0F, 0x10, 0x00, 0x01, 0xF0, 0x01, 0xF0, 0x00, 0x01, 0xF1, 0xFF,    0, 0x00, 0x0F
    .byte   0x10, 0x00, 0x00, 0x1F, 0x00, 0x00, 0xF1, 0x00, 0x00, 0x01, 0x0F, 0x00, 0x00, 0x00, 0x00, 0x00
    .byte   0x00, 0x00, 0x1F, 0x0F, 0x10, 0x00, 0x00, 0x00, 0xF1, 0xF1, 0xF0, 0x10, 0x00, 0x0F,   -1, 0x00
    .byte   0x10, 0x00, 0x00, 0x00, 0x00, 0x00, 0xF1, 0x00, 0xF1, 0x00, 0x00, 0x00, 0x1F, 0x0F, 0x1F, 0x10
    .byte   0xF1, 0x00, 0x01, 0xF0, 0x00, 0x0F, 0x10, 0x00, 0x00, 0x00, 0x00, 0x00, 0x00, 0x00, 0x00,    1
    .byte   0x0F, 0x00, 0x00, 0x00, 0x0F, 0x10, 0x00, 0x00, 0x0F, 0x10, 0x01, 0xF0, 0x10, 0xF0, 0x0F, 0x1F
    .byte   0x10, 0x00, 0x01, 0xF0, 0x1F, 0xF1, 0xF1, 0xF1, 0xF1, 0x00, 0xF0, 0x10, 0x00, 0x01, 0xF0, 0xF1
    .byte      0, 0x00, 0x00, 0x00, 0x00, 0x0F, 0x1F, 0x1F, 0x1F, 0x10, 0xF1, 0xF1, 0x00, 0x00, 0x00, 0x00
    .byte   0x00, 0x00, 0x0F, 0x1F, 0x10, 0x00, 0xF1, 0x0F, 0x10, 0xF1, 0x1F, 0x00, 0xF1, 0x1F, 0xF1, 0x10
    .byte   0xF1,    0, 0x0F, 0x10, 0x00, 0x00, 0x1F, 0x00, 0x00, 0x00, 0x01, 0xF0, 0x1F, 0x1F, 0x00, 0x1F
    .byte   0x00, 0x00, 0x00, 0x00, 0x0F, 0x10, 0x00, 0x00, 0xF1, 0x00, 0x00, 0x00, 0x00, 0x00, 0x00, 0x00
    .byte   0x00, 0x00

    .end
