    .section .rodata
    .global Chapter_05_Line_0005_Compressed
    .align  2

Chapter_05_Line_0005_Compressed:

    .byte   0x1, 0x0, 0x0, 0x0
    .word   0x00D10C00  @ Mid-C ~13379.000000
    .word   0, 95312

    .byte      3, 0x0E, 0xD2, 0x21, 0x11, 0x0F, 0xE1, 0x22, 0x0E, 0x00, 0x0E, 0x11, 0x0F, 0x02, 0x2F, 0xEE
    .byte   0xE2, 0x22, 0xFE, 0xE0, 0x22, 0x0E, 0xD2, 0x22, 0x11, 0xED, 0x12, 0x22, 0xEE, 0x02, 0x21, 0xDF
    .byte   0xFF,   -2, 0x02, 0x2E, 0xEE, 0x22, 0x0F, 0x0F, 0x00, 0xE2, 0x02, 0xFE, 0x00, 0x10, 0x1F, 0x02
    .byte   0xFE, 0xEE, 0x23, 0x12, 0xED, 0x11, 0xE2, 0x21, 0xFE, 0xE2, 0x12, 0x00, 0xE1, 0x1F, 0xFF, 0x21
    .byte   0xEE, 0x2F,   -1, 0x01, 0x21, 0xEE, 0x12, 0x0E, 0x01, 0x2F, 0xE1, 0xF0, 0x2E, 0xF2, 0x20, 0xFE
    .byte   0xEE, 0xF3, 0x3E, 0xEE, 0x22, 0xFD, 0xE3, 0x31, 0xDD, 0x02, 0x02, 0x01, 0xEF, 0x33, 0x1C, 0xDD
    .byte   0x23, 0x43, 0xDD,  -10, 0x0F, 0xF3, 0x33, 0xEE, 0xED, 0x2E, 0xE1, 0x23, 0x3D, 0xC1, 0x34, 0x3C
    .byte   0xCE, 0x32, 0x2F, 0x0D, 0xD0, 0x45, 0xDB, 0xE2, 0x20, 0x23, 0xFC, 0x03, 0x20, 0xFC, 0xF2, 0x43
    .byte   0xEF, 0xDD, 0xD2, 0x34,   22, 0x0D, 0xCE, 0xE3, 0x30, 0xEE, 0xED, 0x14, 0x4F, 0xCE, 0x2D, 0xBC
    .byte   0x75, 0xFD, 0xDC, 0xD2, 0x14, 0x3C, 0x15, 0xEC, 0xDC, 0x34, 0x31, 0x1D, 0x02, 0xDD, 0x23, 0x2C
    .byte   0x24, 0xED, 0xED, 0x32, 0xD3,   24, 0x0D, 0xAC, 0x56, 0xED, 0xCC, 0x03, 0x43, 0x2C, 0xE2, 0xE0
    .byte   0x4F, 0xCD, 0x16, 0x3B, 0xB3, 0x2E, 0x22, 0x31, 0xED, 0x3E, 0xCD, 0x23, 0x53, 0xB0, 0xEC, 0x25
    .byte   0x3C, 0xCD, 0x45, 0x3E, 0xCC, 0xD2,    1, 0x02, 0x4F, 0xED, 0xED, 0xBE, 0x64, 0x2D, 0x22, 0xBC
    .byte   0xC4, 0x6D, 0xC3, 0x3E, 0xDD, 0x03, 0x3F, 0x3F, 0xDC, 0x34, 0xDD, 0x2F, 0x14, 0x2E, 0xCD, 0x35
    .byte   0xFD, 0xDA, 0xF5, 0x6D, 0xCC, 0xE4, 0x4E,    7, 0x01, 0xDC, 0x34, 0xC3, 0x0D, 0x3E, 0x04, 0x2D
    .byte   0x12, 0xBD, 0x53, 0x10, 0xBB, 0x44, 0x4C, 0xE4, 0x4D, 0xCD, 0x02, 0xF3, 0x41, 0xBA, 0x56, 0xDD
    .byte   0x23, 0x2C, 0xB5, 0x5B, 0xC3, 0x00, 0xDD, 0x25,    1, 0x0F, 0x53, 0xAB, 0xC6, 0x7E, 0xAB, 0x22
    .byte   0x21, 0x53, 0xDB, 0x24, 0x13, 0xEC, 0xB1, 0x63, 0xCB, 0x25, 0x4B, 0xB4, 0xF2, 0x43, 0x3E, 0xAB
    .byte   0x34, 0x33, 0x4D, 0xCC, 0x43, 0x13, 0x1B, 0xB4, 0x55,   30, 0x0A, 0xDD, 0xE4, 0x55, 0xCB, 0xB1
    .byte   0x65, 0xEA, 0xD2, 0x1D, 0x24, 0x5F, 0xBD, 0x30, 0xEF, 0xF3, 0xFE, 0x14, 0x0B, 0xD1, 0x34, 0x3C
    .byte   0x23, 0xCD, 0x03, 0xD3, 0x21, 0x02, 0x21, 0x2C, 0xDC, 0xF5,   35, 0x0E, 0xCB, 0xCD, 0x47, 0x3C
    .byte   0xBB, 0x34, 0x23, 0xDD, 0xD2, 0x45, 0xCB, 0x12, 0x31, 0x23, 0x1A, 0xD5, 0x5E, 0xBC, 0x46, 0xFC
    .byte   0xCD, 0xE1, 0x54, 0x1A, 0xA3, 0x66, 0xDB, 0xC3, 0xDD, 0x45, 0x3C,   -4, 0x0D, 0x4E, 0xC3, 0x03
    .byte   0x32, 0xDF, 0xD2, 0x1D, 0xD5, 0x5B, 0xCC, 0x46, 0xDB, 0xE0, 0xE0, 0x45, 0x3B, 0xA3, 0x44, 0xCD
    .byte   0x3D, 0x34, 0x3B, 0xCC, 0x45, 0x42, 0xCD, 0xEC, 0xF3, 0x34, 0xDC, 0xE4,    7, 0x00, 0x1B, 0x35
    .byte   0xDC, 0x02, 0x31, 0xCC, 0x34, 0x23, 0x3D, 0xCC, 0x35, 0x3C, 0xCE, 0x33, 0xEE, 0xD1, 0x33, 0x2F
    .byte   0xED, 0x0D, 0xE4, 0x30, 0xEF, 0xFD, 0xDE, 0x54, 0xCB, 0x34, 0x22, 0xDC, 0x12,   -3, 0x04, 0x5D
    .byte   0xCD, 0xBE, 0x55, 0xFB, 0xD0, 0x33, 0xE4, 0x1B, 0xC3, 0x32, 0xF2, 0x2D, 0xD1, 0x2E, 0xCE, 0x44
    .byte   0xFE, 0x2D, 0xDE, 0x12, 0x32, 0xCD, 0x33, 0xC1, 0x13, 0x3D, 0x04, 0x1D, 0xF3, 0x63,   32, 0x0C
    .byte   0xF5, 0x1E, 0xE1, 0x2F, 0xD3, 0x2D, 0xEE, 0x21, 0xFD, 0xD1, 0xEE, 0xD1, 0xFD, 0xD2, 0x33, 0xDC
    .byte   0xFF, 0xDE, 0xF2, 0x0C, 0xB2, 0x34, 0x30, 0xFE, 0xDD, 0x46, 0x3D, 0x26, 0x60, 0xBE, 0x4C,   21
    .byte   0x0E, 0x44, 0xCE, 0xD4, 0x63, 0xCC, 0xCE, 0x22, 0xD4, 0x2B, 0xBB, 0x35, 0x4E, 0xF4, 0xFC, 0xCC
    .byte   0xE0, 0xEE, 0x32, 0xDE, 0x03, 0x1C, 0xCD, 0xEE, 0xE1, 0x2D, 0xDE, 0xF4, 0x53, 0x40, 0x37, 0x63
    .byte     71, 0x0E, 0xBB, 0xDE, 0x34, 0xDF, 0x33, 0x34, 0x1D, 0x0D, 0xDF, 0x0E, 0xDC, 0xCE, 0x33, 0x34
    .byte   0x22, 0x2E, 0xDD, 0xBB, 0xF2, 0x34, 0x3F, 0xCD, 0xF2, 0x2F, 0xFC, 0xBC, 0x12, 0x3E, 0xBC, 0xE1
    .byte   0x46,  -21, 0x04, 0x46, 0x54, 0xEC, 0xDB, 0xBC, 0xE2, 0x23, 0x35, 0x43, 0x03, 0x2C, 0xBD, 0xEF
    .byte   0xCB, 0xF2, 0xF0, 0x44, 0x43, 0xF2, 0x2D, 0xBA, 0xCE, 0x13, 0x44, 0x40, 0xF0, 0xFC, 0xCA, 0xC2
    .byte   0x3F, 0xED,  -85, 0x0F, 0xDF, 0x43, 0x01, 0x67, 0x77, 0x20, 0xA9, 0x9A, 0x26, 0x52, 0x24, 0x34
    .byte   0x42, 0xFB, 0xBC, 0x23, 0x2E, 0xCC, 0xCC, 0x25, 0x44, 0x42, 0x3E, 0xBC, 0xCB, 0xB1, 0x44, 0x44
    .byte   0x43, 0xFD, 0xCB,  -38, 0x0B, 0xC1, 0x41, 0xEF, 0xEE, 0xCC, 0x14, 0x47, 0x77, 0x71, 0xCA, 0x99
    .byte   0xA5, 0x54, 0x42, 0x34, 0x53, 0x3D, 0xAB, 0xCD, 0x45, 0xDC, 0xBC, 0xD4, 0x54, 0x4F, 0xF2, 0x4D
    .byte   0xBA, 0xBC, 0xE2, 0x56,   33, 0x04, 0x2D, 0xBA, 0xBB, 0xD2, 0xE0, 0x20, 0x2E, 0xCC, 0xD0, 0x67
    .byte   0x77, 0x72, 0xCA, 0x98, 0xB3, 0x65, 0x33, 0x44, 0x54, 0x1C, 0xBA, 0xCE, 0x43, 0x1D, 0xCB, 0xE3
    .byte   0x54, 0x41, 0x21, 0xDD, 0xDC,  -32, 0x0B, 0xD4, 0x55, 0x55, 0x1C, 0xCB, 0xBB, 0xCE, 0xE1, 0x23
    .byte   0x1C, 0xBF, 0x13, 0x67, 0x77, 0x61, 0xCA, 0x98, 0xB4, 0x54, 0x33, 0x55, 0x53, 0x0D, 0xAA, 0xD0
    .byte   0x43, 0xED, 0xCC, 0xD3, 0x45, 0x32,   40, 0x02, 0xEC, 0xDB, 0xBC, 0xE4, 0x55, 0x53, 0xEC, 0xBB
    .byte   0xBD, 0xEE, 0xD1, 0x22, 0xEB, 0xC2, 0x34, 0x77, 0x77, 0x3D, 0xA9, 0x8A, 0x45, 0x41, 0x25, 0x66
    .byte   0x32, 0xDA, 0xAB, 0x34, 0x3E, 0xCD, 0xBD,  -21, 0x05, 0x53, 0xEE, 0x0F, 0xEF, 0xCB, 0xCC, 0x35
    .byte   0x53, 0x4F, 0xCC, 0xBD, 0xDD, 0xCD, 0xEF, 0xF0, 0xEC, 0xE0, 0x47, 0x77, 0x74, 0xEB, 0x99, 0x9D
    .byte   0x42, 0x33, 0x56, 0x65, 0x3E, 0xBA, 0xBB, 0x32,    5, 0x0F, 0x00, 0xE2, 0x33, 0x2D, 0xD2, 0x31
    .byte   0x1D, 0xCC, 0xDE, 0x24, 0x33, 0xF0, 0xED, 0xEE, 0xCC, 0xCD, 0xCE, 0xDE, 0xE0, 0x44, 0x67, 0x77
    .byte   0x4E, 0xD9, 0x99, 0xC3, 0xF0, 0x25, 0x66, 0x64, 0x2C,   68, 0x0A, 0xBD, 0x2E, 0xFF, 0xE1, 0x24
    .byte   0x32, 0xFE, 0x10, 0xE1, 0xFD, 0xCC, 0xE1, 0x23, 0x33, 0x11, 0xDD, 0xED, 0xCC, 0xCD, 0xCD, 0xEE
    .byte   0x24, 0x44, 0x77, 0x76, 0x1F, 0xB9, 0x9A, 0xEE, 0xEE, 0x45,   30, 0x06, 0x53, 0x3C, 0xBB, 0xCD
    .byte   0xCC, 0xEF, 0x12, 0x34, 0x41, 0x01, 0x2F, 0xED, 0xDD, 0xDC, 0xF2, 0x22, 0x22, 0x21, 0xDE, 0xFD
    .byte   0xCB, 0xDD, 0xDC, 0xEF, 0x33, 0x45, 0x77, 0x75, 0x1F, 0xCA, 0x9A,  -29, 0x0D, 0xCE, 0x26, 0x66
    .byte   0x54, 0x4D, 0xBB, 0xDD, 0xBC, 0xCE, 0x00, 0x34, 0x42, 0x23, 0x22, 0xFD, 0xDC, 0xDD, 0xDF, 0xF2
    .byte   0x21, 0x22, 0xFE, 0xED, 0xDD, 0xCC, 0xCD, 0xDE, 0x34, 0x33, 0x67, 0x76,  116, 0x02, 0xFC, 0x9A
    .byte   0xCC, 0xCB, 0xD5, 0x55, 0x55, 0x53, 0xDC, 0xDE, 0xDB, 0xCC, 0xDD, 0x02, 0x43, 0x31, 0x33, 0x31
    .byte   0xED, 0xDC, 0xCC, 0xEF, 0xFE, 0xF2, 0x11, 0x02, 0x1F, 0xED, 0xDD, 0xBD, 0xD3,  -83, 0x03, 0x56
    .byte   0x66, 0x54, 0x2F, 0xCB, 0xCC, 0xDC, 0xCD, 0x03, 0x33, 0x44, 0x3F, 0xE2, 0x1E, 0xED, 0xED, 0xCD
    .byte   0xF2, 0x21, 0x02, 0x12, 0xEE, 0xEE, 0xDF, 0xE1, 0x10, 0x2F, 0x11, 0x0E, 0xFF, 0x0E,  -26, 0x0E
    .byte   0xEE, 0x20, 0x1F, 0xF2, 0x22, 0x23, 0x32, 0x11, 0x21, 0x20, 0x00, 0x02, 0x12, 0x21, 0x21, 0x00
    .byte   0x0E, 0xFE, 0xFE, 0x11, 0x0E, 0x00, 0xEF, 0xFE, 0x0E, 0xEF, 0xF0, 0xEF, 0xFF, 0xF0, 0xF0,  -11
    .byte   0x00, 0x0F, 0x11, 0x10, 0x0E, 0x0F, 0xF0, 0x1F, 0xFF, 0xF1, 0x00, 0x11, 0x00, 0x00, 0x20, 0x0F
    .byte   0x02, 0x11, 0x21, 0x22, 0x12, 0x12, 0x21, 0x00, 0xF0, 0x0E, 0x01, 0x01, 0x0F, 0x0F, 0xFF, 0xEE
    .byte      5, 0x00, 0xF0, 0xFF, 0xFF, 0xF0, 0xE0, 0xF0, 0xF0, 0xFE, 0x2F, 0xFF, 0xFE, 0x0F, 0x10, 0x12
    .byte   0xE1, 0x2F, 0x02, 0xE1, 0x0E, 0xFE, 0x20, 0x20, 0xF1, 0xF3, 0x11, 0x22, 0x10, 0xF0, 0x02, 0xF0
    .byte   0x2F,   18, 0x01, 0x2E, 0x00, 0xE1, 0xF1, 0x0E, 0x01, 0xE1, 0xFF, 0xF0, 0x1F, 0xFF, 0xE1, 0xEF
    .byte   0x0D, 0x30, 0xD1, 0x12, 0xE0, 0xF1, 0x10, 0x1E, 0x1F, 0x02, 0xFE, 0xE3, 0xF1, 0x2D, 0x3E, 0xF1
    .byte   0xF2, 0x20,   -3, 0x01, 0x0F, 0x22, 0xEF, 0x2F, 0x21, 0x1F, 0x20, 0x21, 0xE1, 0xD3, 0x1D, 0x21
    .byte   0x0F, 0xF2, 0xEF, 0xE2, 0x11, 0x0E, 0xF0, 0x2D, 0x01, 0x00, 0x0E, 0x10, 0xD2, 0x10, 0xD2, 0xF2
    .byte   0xD0, 0x31, 0x0C,  -11, 0x0E, 0x22, 0xFE, 0xE1, 0x21, 0x21, 0xD1, 0x31, 0x0D, 0x23, 0xEF, 0xF3
    .byte   0x1F, 0x20, 0x2E, 0xF2, 0x2E, 0x00, 0xF2, 0x2E, 0xF0, 0xF0, 0x2D, 0x0F, 0x22, 0xEE, 0x10, 0x10
    .byte   0xE2, 0xE1, 0x1D, 0xF2,   -1, 0x00, 0xDF, 0xF1, 0x2E, 0x2D, 0x2F, 0x01, 0x11, 0xD3, 0xEE, 0x3E
    .byte   0x2F, 0xF1, 0xE0, 0x3F, 0x01, 0x20, 0xE2, 0x2F, 0x10, 0xE2, 0x22, 0x0F, 0x1E, 0x20, 0x3E, 0xD2
    .byte   0x22, 0xEE, 0x22, 0xFD, 0xE4,   19, 0x0E, 0xEE, 0x1D, 0x13, 0xEE, 0xFD, 0x4F, 0xDD, 0x13, 0x00
    .byte   0xC2, 0x01, 0x2F, 0xFD, 0x03, 0x12, 0xDD, 0x20, 0x3F, 0xE2, 0xFF, 0x2F, 0x11, 0xF2, 0x21, 0x01
    .byte   0xF2, 0x3F, 0x0F, 0x11, 0x02, 0x00,   14, 0x01, 0x2F, 0x0F, 0x21, 0xD0, 0x21, 0x1D, 0xF2, 0x2E
    .byte   0xDF, 0xF1, 0x1E, 0x10, 0xDE, 0x21, 0xFE, 0xE1, 0x21, 0xD1, 0x11, 0xFE, 0xF3, 0x2E, 0xFE, 0x01
    .byte   0x2E, 0x1D, 0x11, 0x22, 0x11, 0x31, 0x23,    7, 0x02, 0x02, 0x3E, 0x2F, 0x12, 0x02, 0xEF, 0xFE
    .byte   0x2E, 0xEE, 0xE0, 0x1E, 0x10, 0xF1, 0xE1, 0x10, 0x0F, 0x0D, 0x1E, 0xF2, 0xEE, 0x0E, 0x00, 0xEE
    .byte   0xF1, 0xFE, 0x10, 0x20, 0xF1, 0x0F, 0xFF, 0x02,  -25, 0x0E, 0xF3, 0x33, 0x30, 0x32, 0x13, 0x20
    .byte   0x2E, 0x22, 0xF0, 0x12, 0xED, 0xD1, 0x1E, 0xED, 0xF0, 0xFF, 0x10, 0x2E, 0x11, 0x20, 0xDF, 0xEF
    .byte   0x0E, 0xFE, 0xDF, 0xF1, 0xEE, 0xEE, 0xF0, 0xF1, 0xFE,  -45, 0x0F, 0xFF, 0xE0, 0x02, 0xE2, 0x54
    .byte   0x43, 0x04, 0x33, 0x33, 0x0E, 0xFE, 0x22, 0xDD, 0xCE, 0xED, 0xED, 0xED, 0xE2, 0x13, 0x11, 0x22
    .byte   0x32, 0x3F, 0xDE, 0xDF, 0x2D, 0xDC, 0xEE, 0xE2, 0xED, 0xDD,  -58, 0x02, 0x10, 0xEF, 0xED, 0x2F
    .byte   0xFE, 0xE1, 0x15, 0x65, 0x51, 0x34, 0x44, 0x21, 0x1D, 0xEE, 0xE0, 0xBC, 0xDD, 0xDD, 0xDE, 0xEF
    .byte   0xF3, 0x33, 0x31, 0x44, 0xF0, 0xDE, 0xDE, 0xDD, 0xDC, 0xCF, 0xEE,  -46, 0x0E, 0xF1, 0xF0, 0x21
    .byte   0xEE, 0xEF, 0xDD, 0xDD, 0x2E, 0x00, 0x47, 0x65, 0x31, 0x65, 0x32, 0xEF, 0xCD, 0x0D, 0xFA, 0xCD
    .byte   0xEE, 0xCD, 0xEF, 0x32, 0x33, 0x13, 0x44, 0x3E, 0xD1, 0x10, 0xCC, 0xDD,  -15, 0x0D, 0xDE, 0xDE
    .byte   0x12, 0x21, 0xFE, 0x12, 0x1D, 0xDD, 0xCE, 0xCF, 0x2D, 0xF3, 0x77, 0x53, 0x45, 0x62, 0x2D, 0xEE
    .byte   0xDE, 0xDC, 0xBB, 0x0E, 0xEC, 0xB2, 0x43, 0x10, 0x33, 0x44, 0x21, 0xEE, 0x31,   37, 0x0C, 0xCE
    .byte   0xED, 0xCD, 0xE0, 0x2F, 0xFF, 0x23, 0xFE, 0xE1, 0xFC, 0xDC, 0xDE, 0xCF, 0x1E, 0x16, 0x75, 0x54
    .byte   0x56, 0x32, 0xEE, 0x1D, 0xDC, 0xCD, 0xBE, 0xED, 0xCC, 0x24, 0x1D, 0x14, 0x42, 0x22,   37, 0x02
    .byte   0xF0, 0xED, 0xCE, 0x1D, 0xCD, 0xE2, 0xFD, 0xD2, 0x32, 0xFF, 0xF1, 0xF1, 0xDC, 0xDC, 0x1C, 0xC1
    .byte   0x22, 0x35, 0x75, 0x44, 0x66, 0x2E, 0xD3, 0x1C, 0xCC, 0xED, 0xCD, 0xDD, 0xDF, 0x3F, 0xDD,    2
    .byte   0x05, 0x0C, 0x04, 0x4E, 0xCE, 0x3E, 0xCE, 0xEE, 0xDD, 0x0F, 0xED, 0x03, 0x0E, 0xE2, 0x2F, 0xEE
    .byte   0xDE, 0xCD, 0xDC, 0xD1, 0x11, 0x36, 0x74, 0x35, 0x66, 0xFE, 0xD3, 0xFC, 0xCC, 0x1E, 0xCE, 0xDD
    .byte     15, 0x0F, 0x0D, 0xD2, 0x42, 0xED, 0x43, 0x2D, 0xD2, 0x1D, 0xDD, 0x1E, 0xD0, 0xEE, 0xDF, 0x3F
    .byte   0xDE, 0x23, 0xED, 0xE2, 0xFD, 0xCC, 0xDD, 0xEE, 0xE2, 0x36, 0x64, 0x55, 0x66, 0xDD, 0x32, 0x1C
    .byte   0xBE,   67, 0x01, 0xCC, 0xEF, 0x0D, 0xDE, 0x10, 0x21, 0xE0, 0x33, 0x0D, 0xD3, 0x2D, 0xCE, 0x21
    .byte   0xCD, 0xE2, 0x3D, 0xEE, 0xF3, 0xFE, 0xEE, 0x22, 0xDC, 0xDD, 0xDE, 0xCD, 0x12, 0x14, 0x66, 0x44
    .byte   0x57, 0x4C,   91, 0x03, 0x3D, 0xBC, 0x33, 0xDB, 0xE2, 0x3D, 0xCD, 0x01, 0xEE, 0xE0, 0x23, 0x0D
    .byte   0xF0, 0x4D, 0xBF, 0x23, 0xDC, 0xD3, 0x3D, 0xD0, 0x22, 0x0D, 0xE1, 0x21, 0xED, 0xCF, 0xEC, 0xDC
    .byte   0xE2, 0x1F, 0x46,  -26, 0x04, 0x54, 0x73, 0xC3, 0x34, 0xDA, 0xE4, 0x4D, 0xBE, 0x33, 0xCC, 0xD1
    .byte   0xFD, 0xDD, 0x03, 0x2E, 0xDE, 0x33, 0xCC, 0x12, 0x4C, 0xC1, 0x33, 0xDC, 0x12, 0x20, 0xDD, 0x23
    .byte   0x1D, 0xDD, 0x1F, 0xCC,  -99, 0x0E, 0x01, 0xE3, 0x56, 0x44, 0x47, 0x5C, 0xE3, 0x42, 0xBC, 0x45
    .byte   0x0C, 0xC2, 0x4E, 0xBD, 0xE0, 0xDC, 0xD0, 0x21, 0xED, 0xF0, 0x3E, 0xCE, 0x13, 0x1C, 0xF2, 0x31
    .byte   0xDD, 0x01, 0xFE, 0xEE, 0x01,  -41, 0x00, 0xEE, 0xEE, 0xDD, 0xDD, 0xD2, 0x12, 0x55, 0x45, 0x54
    .byte   0x5E, 0xF2, 0x22, 0x0D, 0x33, 0x30, 0x0E, 0x2E, 0xDD, 0xCD, 0xDD, 0xED, 0xE1, 0x1E, 0xEE, 0x11
    .byte   0xDF, 0xE1, 0x2E, 0xF0, 0xF0, 0xEE,  -26, 0x0F, 0xFE, 0xF1, 0x10, 0xFE, 0xFE, 0xED, 0xED, 0xDE
    .byte   0xEE, 0xE1, 0x44, 0x44, 0x54, 0x43, 0x03, 0x01, 0x31, 0x33, 0x23, 0x20, 0xFE, 0xDD, 0xDD, 0xED
    .byte   0xEE, 0xEE, 0xEE, 0xED, 0xED, 0x0E, 0xE0,  -18, 0x00, 0x0F, 0xEE, 0x1E, 0xFF, 0xF1, 0x01, 0xFF
    .byte   0xEE, 0xEF, 0xEE, 0xEE, 0xDE, 0xED, 0xEE, 0x23, 0x44, 0x54, 0x44, 0x33, 0x22, 0x32, 0x33, 0x33
    .byte   0x22, 0x2E, 0xED, 0xDD, 0xED, 0xDE, 0xDE, 0xED,   17, 0x0D, 0xDD, 0xED, 0x0F, 0xF1, 0x00, 0xFE
    .byte   0xEF, 0xEE, 0x1F, 0x11, 0x10, 0xFE, 0x0E, 0xFF, 0xEE, 0xED, 0xDE, 0xDF, 0xF3, 0x45, 0x45, 0x44
    .byte   0x32, 0x31, 0x22, 0x33, 0x33, 0x22, 0x2F, 0xED, 0xDD,   68, 0x0D, 0xDE, 0xED, 0xED, 0xED, 0xDE
    .byte   0xDE, 0xE0, 0x00, 0x0E, 0xFF, 0xEF, 0xEE, 0x10, 0x10, 0x12, 0x0F, 0xE0, 0xEE, 0xEE, 0xEE, 0xED
    .byte   0xEE, 0xE0, 0x14, 0x45, 0x44, 0x44, 0x23, 0x12, 0x33, 0x33,   96, 0x02, 0x22, 0x1E, 0xDD, 0xDD
    .byte   0xDD, 0xDE, 0xEE, 0xDF, 0xDD, 0xDD, 0xFF, 0xE0, 0x10, 0xFF, 0xEE, 0xEE, 0xFF, 0x11, 0x12, 0x11
    .byte   0x1E, 0xEE, 0xE0, 0xEE, 0xEE, 0xEF, 0xDE, 0xEF, 0x24, 0x45, 0x53,   27, 0x03, 0x22, 0x32, 0x23
    .byte   0x33, 0x32, 0x21, 0xFE, 0xDD, 0xDD, 0xDD, 0xDE, 0xFE, 0xDE, 0xDD, 0xDE, 0xEF, 0xF1, 0xF0, 0xE0
    .byte   0xEE, 0xFE, 0xE0, 0x12, 0x12, 0x00, 0xEF, 0xEE, 0xFE, 0xEF, 0xFE, 0xED,  -74, 0x0D, 0xF0, 0x24
    .byte   0x54, 0x54, 0x33, 0x23, 0x22, 0x23, 0x33, 0x32, 0x21, 0xFD, 0xED, 0xDD, 0xDD, 0xDF, 0xEE, 0xED
    .byte   0xDD, 0xED, 0xEF, 0xF1, 0x00, 0xEF, 0xEF, 0xEE, 0xEF, 0x12, 0x02, 0x10, 0xFE,  -41, 0x0E, 0xFF
    .byte   0xEF, 0xEE, 0xEE, 0xDE, 0xEE, 0x34, 0x45, 0x53, 0x43, 0x13, 0x23, 0x23, 0x23, 0x32, 0x22, 0xFE
    .byte   0xDD, 0xDD, 0xDD, 0xEE, 0xEE, 0xED, 0xDD, 0xDD, 0xEF, 0x01, 0x1F, 0x0E, 0xEE, 0xEE,  -43, 0x0F
    .byte   0x12, 0x12, 0x0F, 0x1E, 0xEE, 0xFE, 0x00, 0xEF, 0xEE, 0xED, 0xEE, 0x24, 0x45, 0x44, 0x33, 0x32
    .byte   0x33, 0x13, 0x33, 0x33, 0x10, 0xFE, 0xDE, 0xDD, 0xDE, 0xDD, 0xEE, 0xEE, 0xDD, 0xDE, 0xEE,  -20
    .byte   0x0F, 0x00, 0xE0, 0xFE, 0xEF, 0xFF, 0x01, 0x11, 0x00, 0xFE, 0xEF, 0xEF, 0x1F, 0xFE, 0xED, 0xED
    .byte   0xEE, 0x04, 0x45, 0x45, 0x33, 0x31, 0x23, 0x13, 0x34, 0x32, 0x22, 0xFE, 0xED, 0xDD, 0xCE, 0xDE
    .byte     32, 0x0E, 0xEE, 0xDD, 0xED, 0xEE, 0xFF, 0x00, 0xE0, 0xEF, 0xEF, 0xFF, 0x01, 0x2F, 0x00, 0x0E
    .byte   0xE0, 0xEF, 0x10, 0xFE, 0xED, 0xED, 0xEE, 0xF3, 0x45, 0x44, 0x44, 0x13, 0x22, 0x32, 0x34, 0x23
    .byte   0x22,  105, 0x0E, 0xED, 0xDD, 0xDD, 0xDE, 0xDE, 0xFD, 0xED, 0xEE, 0xD0, 0xEF, 0x0F, 0xEF, 0xFE
    .byte   0xFE, 0xFF, 0x10, 0x20, 0x00, 0x0E, 0xEF, 0xFF, 0xF0, 0x0E, 0xEE, 0xED, 0xED, 0xF1, 0x44, 0x54
    .byte   0x44, 0x32,   43, 0x02, 0x22, 0x33, 0x33, 0x32, 0x0F, 0xED, 0xDD, 0xDD, 0xDD, 0xEE, 0xEE, 0xED
    .byte   0xED, 0xEE, 0xE0, 0xF0, 0xE0, 0xFE, 0xEF, 0xEF, 0xF0, 0x11, 0x01, 0x10, 0xE0, 0xEF, 0x0F, 0xF0
    .byte   0xEE, 0xEE, 0xED,  -76, 0x0E, 0x34, 0x45, 0x44, 0x42, 0x32, 0x02, 0x23, 0x33, 0x32, 0x21, 0xED
    .byte   0xED, 0xDD, 0xCE, 0xDE, 0xEE, 0xEE, 0xED, 0xED, 0x0E, 0x0F, 0x0F, 0xEF, 0xEF, 0xE0, 0xE0, 0x11
    .byte   0x11, 0x0F, 0x0F, 0xEF,  -42, 0x0F, 0xFE, 0x0E, 0xEE, 0xEE, 0xEF, 0x03, 0x44, 0x44, 0x43, 0x33
    .byte   0x31, 0x23, 0x23, 0x33, 0x21, 0x1E, 0xED, 0xDD, 0xDD, 0xDE, 0xED, 0xFE, 0xDE, 0xDE, 0xED, 0x00
    .byte   0xFF, 0xFF, 0xFE, 0xEE, 0xFE,  -41, 0x00, 0x21, 0x20, 0x0E, 0xFE, 0xEE, 0x01, 0x01, 0xFE, 0xEE
    .byte   0xDE, 0xE0, 0x44, 0x54, 0x45, 0x33, 0x1F, 0xF0, 0x13, 0x33, 0x33, 0x22, 0xDD, 0xCD, 0xCC, 0xDF
    .byte   0x01, 0x1F, 0xED, 0xDD, 0xDE, 0xE1,  -21, 0x02, 0x11, 0x0E, 0xDD, 0xEE, 0xE1, 0x22, 0x22, 0x21
    .byte   0xED, 0xED, 0x0F, 0x01, 0xF0, 0xEE, 0xED, 0xFF, 0x44, 0x55, 0x44, 0x43, 0x2F, 0xEF, 0x02, 0x33
    .byte   0x32, 0x21, 0xDD, 0xDC, 0xCD, 0xDD, 0x11,   17, 0x00, 0xEE, 0xDD, 0xED, 0xFF, 0x02, 0x11, 0xFE
    .byte   0xEE, 0xEE, 0xF1, 0x22, 0x22, 0x11, 0xEE, 0xEE, 0xEE, 0xF0, 0xEF, 0xEE, 0xEE, 0xEE, 0x24, 0x45
    .byte   0x45, 0x43, 0x32, 0xFF, 0xF2, 0x23, 0x23, 0x20,   94, 0x0E, 0xDC, 0xDC, 0xDD, 0xDF, 0x00, 0xFF
    .byte   0xEE, 0xED, 0xDF, 0xFF, 0x11, 0x10, 0xFE, 0xEF, 0xEF, 0x10, 0x12, 0x11, 0x10, 0xEE, 0xEE, 0xF0
    .byte   0xE0, 0xEF, 0xEE, 0xDF, 0xF2, 0x44, 0x54, 0x44, 0x42,   61, 0x00, 0x01, 0x12, 0x32, 0x32, 0x11
    .byte   0xDD, 0xDC, 0xDC, 0xDE, 0xEE, 0x0F, 0x00, 0xEE, 0xDE, 0xEE, 0xE0, 0x11, 0x10, 0x0F, 0x0E, 0xFF
    .byte   0xF0, 0x10, 0x21, 0x0F, 0xEF, 0xFF, 0xEF, 0xEF, 0xEE, 0xEE,  -65, 0x0F, 0x24, 0x44, 0x44, 0x43
    .byte   0x32, 0x11, 0x12, 0x23, 0x23, 0x02, 0xEE, 0xDC, 0xDC, 0xDD, 0xDF, 0xFF, 0x10, 0xFE, 0xEE, 0xDE
    .byte   0xFF, 0xFF, 0x11, 0x0F, 0xFF, 0xEF, 0xE0, 0xF1, 0x02, 0x11, 0xFF,  -32, 0x0F, 0x1F, 0x0E, 0x0E
    .byte   0xEE, 0xEE, 0xE2, 0x34, 0x44, 0x43, 0x33, 0x21, 0x11, 0x23, 0x23, 0x32, 0x2F, 0xED, 0xDC, 0xCD
    .byte   0xDD, 0xE0, 0xF0, 0x0F, 0xEE, 0xDE, 0xEF, 0xE1, 0x12, 0x10, 0x0F, 0xEE,  -31, 0x0E, 0xF0, 0x10
    .byte   0x22, 0xF0, 0xFF, 0xF0, 0x0F, 0x0F, 0xEF, 0xEE, 0xD0, 0xF2, 0x44, 0x43, 0x33, 0x33, 0xF1, 0x21
    .byte   0x33, 0x33, 0x32, 0x0E, 0xDD, 0xCD, 0xCD, 0xDE, 0x0E, 0x00, 0xEE, 0xDE, 0xEE,  -24, 0x0F, 0x02
    .byte   0x21, 0x0F, 0xFE, 0xEE, 0x0E, 0xF0, 0x11, 0x10, 0xFF, 0x0F, 0x20, 0x20, 0x0F, 0xEE, 0xEE, 0xD0
    .byte   0x23, 0x44, 0x34, 0x22, 0x22, 0x01, 0x23, 0x34, 0x33, 0x21, 0xEE, 0xDC, 0xDC, 0xDD,   14, 0x0E
    .byte   0xFE, 0xEE, 0xED, 0xEF, 0xF0, 0x02, 0x21, 0x1F, 0xFE, 0xEE, 0xFF, 0xF1, 0x00, 0x00, 0xFE, 0x0E
    .byte   0x00, 0x22, 0x21, 0x2E, 0xFE, 0xED, 0xEF, 0x23, 0x43, 0x43, 0x22, 0x01, 0x11, 0x23, 0x34,   78
    .byte   0x03, 0x21, 0xEE, 0xDC, 0xDC, 0xDE, 0xEE, 0xEE, 0xFD, 0xED, 0xEF, 0xF2, 0x21, 0x21, 0x1F, 0xEE
    .byte   0xEE, 0xFF, 0x02, 0x01, 0xFE, 0x0E, 0xEF, 0x01, 0x22, 0x22, 0x2E, 0xEE, 0xEE, 0xEF, 0x23, 0x34
    .byte      8, 0x02, 0x22, 0xFF, 0x11, 0x33, 0x34, 0x33, 0x21, 0xED, 0xDD, 0xDD, 0xDE, 0xEE, 0xEE, 0xDD
    .byte   0xED, 0x0F, 0x12, 0x22, 0x20, 0x1E, 0xEE, 0xEE, 0x10, 0x20, 0x10, 0xFE, 0xEE, 0xE0, 0x02, 0x22
    .byte   0x22,  -16, 0x0F, 0xEE, 0xEE, 0xFF, 0xF3, 0x33, 0x33, 0x21, 0xFF, 0x11, 0x33, 0x34, 0x33, 0x20
    .byte   0xFE, 0xDD, 0xDE, 0xDE, 0xEE, 0xDE, 0xDD, 0xDE, 0xE1, 0x12, 0x22, 0x21, 0xFE, 0xEE, 0xF0, 0x02
    .byte   0x11, 0x1E,  -21, 0x0E, 0xEE, 0xFF, 0x12, 0x21, 0x11, 0xF0, 0xE0, 0xF0, 0xF0, 0xF1, 0x33, 0x33
    .byte   0x22, 0x2F, 0x02, 0x23, 0x33, 0x42, 0x21, 0xEE, 0xDE, 0xDE, 0xDF, 0xDE, 0xDD, 0xDE, 0xDD, 0x11
    .byte   0x13, 0x22, 0x2F,   -8, 0x0F, 0xEE, 0x12, 0x02, 0x1F, 0xEE, 0xEE, 0xEE, 0x00, 0x20, 0x00, 0x00
    .byte   0xFF, 0xF0, 0xF0, 0xFF, 0x12, 0x34, 0x32, 0x32, 0xFF, 0x11, 0x23, 0x44, 0x32, 0x1F, 0xDD, 0xDD
    .byte   0xEF, 0xEE, 0xED, 0xDC,  -17, 0x0D, 0xD1, 0x23, 0x22, 0x20, 0xEE, 0xFF, 0x22, 0x31, 0x1F, 0xED
    .byte   0xDE, 0xE0, 0x11, 0x2F, 0xEE, 0xEE, 0xF1, 0x02, 0x11, 0x0F, 0x01, 0x34, 0x43, 0x32, 0x2F, 0xF2
    .byte   0x23, 0x34, 0x32, 0xEF, 0xDD,   53, 0x0E, 0xEE, 0xED, 0xDD, 0xCC, 0xEE, 0xF1, 0x22, 0x11, 0x0F
    .byte   0xF2, 0x23, 0x23, 0x0F, 0xED, 0xEE, 0xEF, 0x00, 0xFE, 0xED, 0xEE, 0xE1, 0x21, 0xFF, 0xEF, 0xE1
    .byte   0x24, 0x45, 0x33, 0x22, 0xF2, 0x23,   64, 0x04, 0x33, 0xFD, 0xDE, 0xDF, 0xED, 0xDD, 0xCC, 0xCD
    .byte   0xEE, 0xFF, 0xFE, 0xFF, 0x22, 0x33, 0x33, 0x30, 0xEE, 0xFF, 0xFE, 0xEE, 0xDE, 0xDD, 0xD0, 0xEF
    .byte   0xFE, 0xDF, 0xEF, 0x12, 0x34, 0x44, 0x53,   33, 0x03, 0x23, 0x34, 0x33, 0x30, 0xED, 0xDF, 0x0E
    .byte   0xDC, 0xCC, 0xBC, 0xDD, 0xFF, 0xFD, 0xEE, 0x23, 0x43, 0x33, 0x23, 0x22, 0x22, 0xFE, 0xDD, 0xDD
    .byte   0xDE, 0xDD, 0xDC, 0xDD, 0xEF, 0x0E, 0xF1, 0x23,  -70, 0x05, 0x55, 0x54, 0x23, 0x34, 0x33, 0x32
    .byte   0xEE, 0xDE, 0x0F, 0xEC, 0xBB, 0xBC, 0xDD, 0xDD, 0xED, 0xD1, 0x34, 0x53, 0x32, 0x23, 0x43, 0x30
    .byte   0xFD, 0xDC, 0xDD, 0xED, 0xDC, 0xCD, 0xDE, 0xDF, 0xEF, -102, 0x02, 0x23, 0x35, 0x65, 0x44, 0x33
    .byte   0x44, 0x42, 0x1F, 0xEE, 0xE2, 0x2E, 0xCB, 0xBA, 0xDE, 0xDC, 0xCC, 0xCF, 0x34, 0x44, 0x30, 0x23
    .byte   0x45, 0x32, 0xEE, 0xDF, 0xED, 0xDC, 0xCC, 0xDD, 0xDD, 0xDD, -105, 0x0E, 0xF3, 0x22, 0x03, 0x56
    .byte   0x54, 0x34, 0x45, 0x42, 0x20, 0x10, 0x0F, 0x1F, 0xDC, 0xBC, 0xCD, 0xCB, 0xBC, 0xD0, 0x21, 0x22
    .byte   0x33, 0x44, 0x44, 0x32, 0xF2, 0x22, 0xED, 0xCD, 0xCD, 0xDD, 0xCC,  -82, 0x0C, 0xEE, 0x01, 0x02
    .byte   0xF3, 0x45, 0x64, 0x24, 0x55, 0x52, 0x12, 0x22, 0xFF, 0xFF, 0xEC, 0xCC, 0xDC, 0xBB, 0xBC, 0xEE
    .byte   0xDE, 0x13, 0x34, 0x33, 0x43, 0x44, 0x22, 0x20, 0x1D, 0xDD, 0xDC, 0xDC,  -46, 0x0D, 0xCC, 0xDD
    .byte   0xE0, 0x20, 0x03, 0x55, 0x53, 0x35, 0x65, 0x32, 0x22, 0x3F, 0xF0, 0x1F, 0xED, 0xCC, 0xCC, 0xBC
    .byte   0xBC, 0xBE, 0xEE, 0x12, 0x34, 0x33, 0x34, 0x44, 0x32, 0x22, 0xFE, 0xDD, 0xDC,  -19, 0x0D, 0xCC
    .byte   0xCD, 0xCE, 0xF0, 0xF1, 0x25, 0x53, 0x34, 0x65, 0x52, 0x34, 0x32, 0xFF, 0x22, 0xFE, 0xDD, 0xDC
    .byte   0xCC, 0xBB, 0xCC, 0xCC, 0xDF, 0x23, 0x22, 0x34, 0x43, 0x42, 0x33, 0x3F, 0xEF, 0xDD,   -3, 0x0D
    .byte   0xCD, 0xCC, 0xDD, 0xDE, 0xE1, 0x25, 0x42, 0x15, 0x65, 0x23, 0x45, 0x42, 0xE1, 0x32, 0xEE, 0xF0
    .byte   0xDC, 0xCC, 0xCC, 0xBC, 0xCB, 0xDD, 0x11, 0x00, 0x24, 0x33, 0x33, 0x34, 0x20, 0xE0, 0x10,   -8
    .byte   0x0C, 0xDE, 0xDD, 0xCE, 0xEE, 0xE3, 0x52, 0xF3, 0x55, 0x32, 0x45, 0x52, 0xF3, 0x32, 0x1D, 0x12
    .byte   0xFD, 0xCC, 0xDC, 0xCB, 0xCD, 0xCD, 0xCE, 0x0F, 0xF0, 0x23, 0x22, 0x23, 0x32, 0xF1, 0x3F, 0xDD
    .byte    -36, 0x00, 0xDD, 0xDF, 0x0E, 0xE4, 0x4F, 0xF4, 0x53, 0x13, 0x54, 0x4F, 0x34, 0x32, 0xE1, 0x10
    .byte   0xED, 0xCD, 0xDC, 0xCC, 0xDC, 0xCC, 0xD0, 0xDD, 0xF1, 0x21, 0xF1, 0x32, 0x1F, 0x23, 0x2D, 0xD2
    .byte   0x1F,  -53, 0x0E, 0xE2, 0xF2, 0x4F, 0xF4, 0x34, 0x3E, 0x45, 0x33, 0x14, 0x43, 0xF1, 0x01, 0x2D
    .byte   0xDE, 0xDD, 0xDB, 0xCD, 0xDC, 0xBE, 0x0D, 0xDD, 0x22, 0xEE, 0x22, 0x2F, 0x02, 0x2F, 0xE0, 0xFF
    .byte   0xF0, 0xE1,  -60, 0x01, 0x5F, 0xD4, 0x43, 0x2E, 0x45, 0x32, 0x33, 0x52, 0x11, 0x23, 0xFD, 0xEE
    .byte   0xED, 0xCC, 0xDD, 0xDB, 0xDE, 0xDD, 0xCE, 0x1E, 0xDE, 0x22, 0xFE, 0x12, 0x2E, 0xE2, 0xF0, 0x0F
    .byte   0xF2, 0xE1, 0x50,  -44, 0x04, 0x33, 0x3E, 0x45, 0x23, 0x24, 0x43, 0x12, 0x23, 0x1D, 0xD2, 0xFD
    .byte   0xCC, 0xFD, 0xCB, 0xED, 0xDC, 0xDD, 0x1D, 0xDE, 0x02, 0xEE, 0x22, 0x2D, 0x02, 0x11, 0x00, 0x12
    .byte   0xF3, 0x4E, 0x14, 0x33,   -6, 0x0F, 0x54, 0x23, 0x34, 0x32, 0x23, 0x31, 0xEF, 0x0E, 0xED, 0xCE
    .byte   0xDD, 0xCC, 0xDD, 0xCD, 0xDD, 0xED, 0xDF, 0x1E, 0xFE, 0x22, 0xEE, 0x20, 0x12, 0x00, 0x2F, 0x34
    .byte   0xE1, 0x42, 0x32, 0x04, 0x42,   36, 0x03, 0x43, 0x31, 0x33, 0x20, 0xEF, 0x2E, 0xCE, 0xED, 0xDC
    .byte   0xCE, 0xEC, 0xDC, 0xFE, 0xCE, 0xEE, 0xED, 0xF1, 0x2D, 0xE2, 0xF2, 0xFE, 0x31, 0xE4, 0x3E, 0x43
    .byte   0xE4, 0x03, 0x41, 0x43, 0x24, 0x40,   81, 0x03, 0x23, 0xFE, 0x2F, 0xDE, 0xEF, 0xCD, 0xDC, 0xED
    .byte   0xCD, 0xDD, 0xDC, 0xEF, 0xDD, 0xF0, 0xFF, 0xD2, 0x11, 0x0E, 0x31, 0xF1, 0x42, 0xF4, 0x13, 0x3F
    .byte   0x43, 0x33, 0x33, 0x43, 0x23, 0x32, 0x21,   97, 0x03, 0xDE, 0xFD, 0xFD, 0xCD, 0xDD, 0xCD, 0xEC
    .byte   0xDD, 0xDD, 0xED, 0xEE, 0x01, 0xDF, 0x10, 0x10, 0x10, 0x21, 0x24, 0xE3, 0x4F, 0x4E, 0x34, 0x14
    .byte   0x32, 0x43, 0x32, 0x33, 0x21, 0x12, 0xEE, 0xEE,   83, 0x0D, 0xDD, 0xDD, 0xCD, 0xEC, 0xDD, 0xCF
    .byte   0xDD, 0xEE, 0xFF, 0xEE, 0x00, 0x1F, 0x02, 0x02, 0x23, 0x22, 0x40, 0x33, 0x04, 0x23, 0x4F, 0x43
    .byte   0x32, 0x33, 0x22, 0xF2, 0x1E, 0xEE, 0xEE, 0xDD, 0xDD,   29, 0x0C, 0xED, 0xCE, 0xDD, 0xDD, 0xD1
    .byte   0xEF, 0xFE, 0x0E, 0x1F, 0x02, 0x01, 0x23, 0x21, 0x43, 0x23, 0x04, 0x32, 0x33, 0x34, 0x22, 0x33
    .byte   0x22, 0x02, 0x1E, 0xFE, 0xEE, 0xCE, 0xDD, 0xDD, 0xDC, 0xED,  -27, 0x0D, 0xDE, 0xDE, 0xE0, 0xEE
    .byte   0xFE, 0x2F, 0xF1, 0x21, 0x23, 0x21, 0x42, 0x33, 0xF4, 0x21, 0x41, 0x43, 0x13, 0x33, 0x22, 0xF3
    .byte   0x2D, 0x0E, 0xFE, 0xDD, 0xDD, 0xDD, 0xDD, 0xDC, 0xED, 0xDE, 0xDE,  -63, 0x0E, 0x1D, 0xF0, 0xF1
    .byte   0xF1, 0x2F, 0x24, 0xE3, 0x41, 0x32, 0x24, 0x13, 0x31, 0x43, 0x22, 0x33, 0x22, 0x22, 0x0E, 0x0E
    .byte   0xFD, 0xDE, 0xDD, 0xDC, 0xED, 0xCE, 0xDD, 0xDE, 0xDE, 0xEF, 0xFE, 0xFF,  -77, 0x02, 0x00, 0x20
    .byte   0x33, 0xE4, 0x32, 0x32, 0x33, 0x13, 0x33, 0x32, 0x32, 0x32, 0x22, 0x22, 0xEE, 0x0F, 0xED, 0xDE
    .byte   0xDD, 0xCE, 0xDD, 0xCE, 0xDD, 0xED, 0xEE, 0xE2, 0xDF, 0x1E, 0x2E, 0x13, 0xE2,  -52, 0x00, 0x33
    .byte   0x14, 0x21, 0x40, 0x33, 0x23, 0x33, 0x13, 0x3F, 0x3F, 0x3F, 0xE1, 0xEE, 0xED, 0xDD, 0xDD, 0xDD
    .byte   0xCE, 0xDD, 0xDE, 0xDE, 0xEE, 0xEE, 0x0F, 0xFF, 0x01, 0x02, 0x13, 0x3E, 0x43, 0x23,  -14, 0x04
    .byte   0x22, 0x33, 0x23, 0x31, 0x33, 0x13, 0xE3, 0x2D, 0x3D, 0x01, 0xCE, 0xDD, 0xEC, 0xCF, 0xDC, 0xDD
    .byte   0xED, 0xEE, 0xEE, 0xFE, 0xE1, 0xF1, 0xF0, 0x3F, 0x32, 0x04, 0x31, 0x4F, 0x34, 0x13, 0x22,   45
    .byte   0x02, 0x23, 0x23, 0x1F, 0x31, 0xE1, 0xE1, 0x0C, 0xED, 0xDE, 0xCD, 0xEC, 0xDD, 0xDE, 0xDD, 0xEE
    .byte   0x1F, 0xDE, 0x20, 0xE0, 0x22, 0xF3, 0x31, 0x33, 0x33, 0xF3, 0x41, 0x23, 0x33, 0x32, 0x23, 0x23
    .byte     81, 0x01, 0x3E, 0xE1, 0xFE, 0xDD, 0xDD, 0xDD, 0xCE, 0xCD, 0xDD, 0xED, 0xDF, 0xEF, 0xEE, 0x0F
    .byte   0x10, 0x02, 0x01, 0x33, 0xE4, 0x33, 0x20, 0x42, 0x23, 0x24, 0x23, 0x22, 0x33, 0x21, 0x22, 0x1E
    .byte   0xE1,   78, 0x0D, 0xDD, 0xDD, 0xDC, 0xDD, 0xDD, 0xDD, 0xED, 0xFE, 0xEE, 0x0E, 0x0F, 0x01, 0x20
    .byte   0x14, 0x11, 0x43, 0x31, 0x24, 0x22, 0x33, 0x33, 0x23, 0x23, 0x22, 0x22, 0x2E, 0xF0, 0xDE, 0xDD
    .byte   0xEC, 0xDD,    2, 0x0D, 0xDD, 0xDD, 0xDE, 0xEE, 0xEE, 0x0E, 0xF2, 0xE0, 0x20, 0x04, 0x2E, 0x43
    .byte   0x33, 0xE4, 0x31, 0x33, 0x33, 0x31, 0x33, 0x32, 0x02, 0x2E, 0xE0, 0x1E, 0xCD, 0xDD, 0xCD, 0xDC
    .byte   0xDD, 0xDD, 0xEE,  -59, 0x0D, 0x00, 0xEE, 0xE1, 0x2F, 0xF1, 0x24, 0x00, 0x43, 0x32, 0x14, 0x32
    .byte   0x33, 0x33, 0x31, 0x33, 0x22, 0x22, 0x2E, 0xEE, 0xFE, 0xCD, 0xDD, 0xCC, 0xDD, 0xDC, 0xED, 0xEE
    .byte   0xEE, 0xFE, 0x0E, 0x01,  -78, 0x02, 0x0F, 0x33, 0x21, 0x43, 0x32, 0x14, 0x31, 0x33, 0x33, 0x32
    .byte   0x33, 0x23, 0xE2, 0x1E, 0xED, 0xFD, 0xCD, 0xDD, 0xCD, 0xCD, 0xED, 0xDD, 0xFF, 0xEE, 0xE0, 0xF1
    .byte   0xEF, 0x22, 0xFF, 0x42, 0xF4,  -30, 0x03, 0x3F, 0x43, 0x13, 0x34, 0x22, 0x33, 0x23, 0x21, 0x2F
    .byte   0xFE, 0xDE, 0xDD, 0xCC, 0xDD, 0xCD, 0xDD, 0xDE, 0xDE, 0x1E, 0xEE, 0x01, 0xFE, 0x12, 0x1F, 0xF4
    .byte   0x3E, 0x34, 0x32, 0xE4, 0x42, 0x23,   48, 0x03, 0x22, 0x33, 0x31, 0x11, 0x10, 0xDD, 0xED, 0xCC
    .byte   0xDD, 0xDC, 0xCE, 0xDD, 0xDE, 0x00, 0xEE, 0xE1, 0x0F, 0xEF, 0x30, 0xE2, 0x42, 0xF4, 0x34, 0x01
    .byte   0x43, 0x32, 0x34, 0x32, 0x23, 0x32, 0x2F,   97, 0x01, 0xED, 0xDE, 0xDC, 0xCC, 0xDD, 0xCC, 0xEE
    .byte   0xDE, 0xD1, 0x0F, 0xEE, 0x10, 0xFE, 0xF2, 0x2F, 0x24, 0x03, 0x33, 0x41, 0x24, 0x33, 0x32, 0x43
    .byte   0x22, 0x32, 0x22, 0x00, 0xEF, 0xDD, 0xDC, 0xDC,   10, 0x0C, 0xDD, 0xCE, 0xED, 0xEE, 0x10, 0xEE
    .byte   0xFF, 0x1E, 0x01, 0x2F, 0x13, 0x40, 0x33, 0x43, 0x03, 0x43, 0x32, 0x33, 0x33, 0x13, 0x32, 0xFE
    .byte   0x1F, 0xDC, 0xED, 0xCC, 0xCD, 0xCD, 0xCE, 0xDD, 0x2E,  -65, 0x00, 0x10, 0xEE, 0x02, 0xE0, 0x10
    .byte   0x0F, 0x44, 0xF2, 0x44, 0x3E, 0x34, 0x42, 0x03, 0x43, 0x22, 0x33, 0x0E, 0xEE, 0xFE, 0xCC, 0xDC
    .byte   0xDC, 0xCC, 0xED, 0xDD, 0xF0, 0xEE, 0x01, 0x0E, 0xFF, 0x1E,  -73, 0x02, 0x0E, 0x24, 0x4E, 0x24
    .byte   0x43, 0xF3, 0x44, 0x2E, 0x44, 0x31, 0x13, 0x31, 0xFD, 0xEE, 0xEC, 0xCC, 0xDD, 0xCB, 0xDE, 0xEC
    .byte   0xD1, 0x2F, 0xEE, 0x22, 0xEE, 0xF2, 0xEF, 0x10, 0x1F, 0x44, 0xF3,  -19, 0x04, 0x4E, 0x05, 0x42
    .byte   0xF3, 0x43, 0x20, 0x32, 0x0E, 0xFD, 0xDE, 0xCD, 0xCB, 0xDD, 0xCC, 0xEF, 0xDD, 0xF2, 0x2E, 0xE1
    .byte   0x2E, 0xE0, 0x00, 0x0E, 0x00, 0xF3, 0x50, 0x23, 0x44, 0x3F, 0x44, 0x32,   63, 0x03, 0x42, 0x22
    .byte   0x2F, 0xFE, 0xED, 0xDC, 0xDC, 0xBD, 0xDD, 0xCD, 0xEE, 0xEF, 0xF1, 0xFE, 0x11, 0xEE, 0x1E, 0x0F
    .byte   0xE2, 0xEE, 0x24, 0x43, 0x23, 0x54, 0x13, 0x34, 0x40, 0x22, 0x33, 0x20, 0x0E,   96, 0x0F, 0xDD
    .byte   0xCC, 0xDC, 0xCC, 0xDD, 0xDE, 0xEE, 0xF0, 0x20, 0xFD, 0x21, 0x0D, 0xD2, 0xFE, 0xEE, 0x10, 0x14
    .byte   0x43, 0x33, 0x45, 0x33, 0x33, 0x33, 0x23, 0x13, 0x12, 0x1E, 0xED, 0xED, 0xCC, 0xCD,   10, 0x0C
    .byte   0xDD, 0xEE, 0xEF, 0xEF, 0x01, 0x0E, 0xEE, 0xFE, 0xDE, 0xEF, 0xED, 0x01, 0x11, 0x44, 0x34, 0x44
    .byte   0x53, 0x34, 0x33, 0x32, 0x22, 0x02, 0x11, 0xED, 0xDE, 0xDC, 0xCD, 0xCD, 0xCD, 0xDE, 0xEF,  -39
    .byte   0x00, 0x0E, 0x0E, 0xEE, 0xEE, 0xEE, 0xDE, 0xFE, 0xE2, 0xFF, 0x24, 0x44, 0x43, 0x54, 0x44, 0x33
    .byte   0x32, 0x32, 0x01, 0xF1, 0xFE, 0xED, 0xDD, 0xCD, 0xCD, 0xCD, 0xDD, 0xEE, 0xFE, 0x1F, 0xEE, 0xEF
    .byte    -57, 0x0E, 0xED, 0xEE, 0xD0, 0xFF, 0x1F, 0x21, 0x44, 0x44, 0x44, 0x45, 0x34, 0x32, 0x23, 0x21
    .byte   0x10, 0xE1, 0xFD, 0xED, 0xDC, 0xDD, 0xCD, 0xCD, 0xDF, 0xEE, 0xEF, 0xFE, 0xEE, 0xED, 0xEE, 0xED
    .byte   0xFE,  -92, 0x00, 0xF0, 0x20, 0x23, 0x44, 0x44, 0x44, 0x44, 0x43, 0x32, 0x22, 0x22, 0x0E, 0xE1
    .byte   0xEF, 0xDD, 0xDC, 0xDD, 0xDC, 0xCD, 0xFE, 0xEE, 0xEE, 0xEF, 0xEE, 0xED, 0xEE, 0xEE, 0xEE, 0xFF
    .byte   0xF1, 0x22,  -80, 0x02, 0x44, 0x44, 0x44, 0x44, 0x34, 0x32, 0x12, 0x23, 0xEF, 0xEF, 0xFE, 0xED
    .byte   0xDC, 0xDD, 0xDC, 0xCD, 0xEE, 0xEE, 0xFE, 0xDE, 0xEE, 0xEE, 0xDE, 0xEF, 0xFF, 0x0E, 0x00, 0x21
    .byte   0x02, 0x34, 0x44,   -6, 0x04, 0x44, 0x34, 0x42, 0x20, 0x12, 0x21, 0x00, 0xEE, 0xEE, 0xDD, 0xDC
    .byte   0xDD, 0xDD, 0xDD, 0xED, 0xFE, 0xEE, 0xDE, 0xEE, 0xEE, 0xEE, 0xEE, 0x00, 0xF0, 0xFF, 0x20, 0x22
    .byte   0x44, 0x44, 0x44, 0x44,   68, 0x03, 0x32, 0xF1, 0x22, 0x2F, 0xFE, 0xEE, 0xEE, 0xDC, 0xDD, 0xCE
    .byte   0xDD, 0xDD, 0xEE, 0xEE, 0xEE, 0xDE, 0xEE, 0xEE, 0xEE, 0xFF, 0x00, 0x0F, 0x01, 0x12, 0x22, 0x44
    .byte   0x44, 0x53, 0x44, 0x33, 0x32,   91, 0x0F, 0x21, 0x11, 0x0F, 0xEE, 0xED, 0xEC, 0xDC, 0xDD, 0xDD
    .byte   0xED, 0xEE, 0xEE, 0xEE, 0xDE, 0xEE, 0xEE, 0xEE, 0x0F, 0x01, 0x10, 0x00, 0x21, 0x22, 0x34, 0x53
    .byte   0x53, 0x44, 0x33, 0x31, 0x1F, 0x12,   95, 0x01, 0x10, 0xFE, 0xEE, 0xDD, 0xCD, 0xDD, 0xCD, 0xED
    .byte   0xEE, 0xED, 0xFE, 0xDE, 0xDF, 0xEE, 0xEE, 0xE0, 0x20, 0x2F, 0x00, 0x12, 0x22, 0x23, 0x45, 0x34
    .byte   0x43, 0x43, 0x33, 0x2F, 0xE2, 0x21, 0x2F,   96, 0x01, 0xEE, 0xED, 0xDC, 0xDD, 0xCD, 0xDD, 0xFE
    .byte   0xDF, 0xED, 0xEE, 0xDE, 0xEE, 0xEE, 0xEF, 0xE1, 0x12, 0x11, 0x01, 0x21, 0x22, 0x33, 0x44, 0x44
    .byte   0x44, 0x33, 0x23, 0x01, 0xF2, 0x21, 0x11, 0x11,   96, 0x0F, 0xDD, 0xDC, 0xDD, 0xCD, 0xCE, 0xEE
    .byte   0xEE, 0xED, 0xEE, 0xDE, 0xEE, 0x0E, 0xEF, 0xE0, 0x21, 0x20, 0x01, 0x21, 0x22, 0x13, 0x45, 0x43
    .byte   0x34, 0x43, 0x23, 0xF1, 0x11, 0x32, 0x00, 0x02, 0xFE,   86, 0x0D, 0xDD, 0xCD, 0xDC, 0xDD, 0xEE
    .byte   0xEE, 0xED, 0xEE, 0xDF, 0xDE, 0x0E, 0x0E, 0xF0, 0x11, 0x21, 0x00, 0x11, 0x22, 0x21, 0x35, 0x44
    .byte   0x34, 0x43, 0x31, 0x21, 0x12, 0x23, 0x20, 0x10, 0x0E, 0xDD,   68, 0x0D, 0xCD, 0xDD, 0xDD, 0xED
    .byte   0xED, 0xFE, 0xDE, 0xEE, 0xEE, 0xEF, 0xFF, 0xFF, 0x10, 0x20, 0x21, 0x11, 0x12, 0x22, 0x13, 0x34
    .byte   0x44, 0x33, 0x42, 0x22, 0x21, 0x02, 0x23, 0xF1, 0xFF, 0xED, 0xED,   53, 0x0D, 0xDD, 0xEE, 0xDD
    .byte   0xED, 0xEE, 0xEE, 0xDF, 0xFE, 0xEE, 0x0E, 0x00, 0x1F, 0x10, 0x12, 0x01, 0x01, 0xF0, 0x11, 0x10
    .byte   0x11, 0x33, 0x34, 0x33, 0x33, 0x23, 0x13, 0x22, 0x33, 0x21, 0x11, 0x0F,   87, 0x0E, 0xDD, 0xED
    .byte   0xED, 0xDD, 0xDD, 0xDE, 0xDE, 0xEE, 0xDE, 0xEE, 0xDE, 0xEE, 0xFE, 0x00, 0x11, 0x11, 0x11, 0x00
    .byte   0x20, 0x22, 0x23, 0x44, 0x34, 0x34, 0x23, 0x32, 0x32, 0x33, 0x32, 0x01, 0x0E,  100, 0x0E, 0xED
    .byte   0xDD, 0xED, 0xDD, 0xCD, 0xCE, 0xDD, 0xDE, 0xDE, 0xFE, 0xFE, 0xEF, 0xF0, 0xF0, 0xF0, 0x12, 0x10
    .byte   0x11, 0x11, 0x10, 0x22, 0x33, 0x44, 0x34, 0x24, 0x23, 0x23, 0x23, 0x23, 0x32, 0x1F,  102, 0x0E
    .byte   0x0D, 0xED, 0xDE, 0xDD, 0xDD, 0xCC, 0xED, 0xED, 0xDE, 0xEE, 0xFE, 0xEE, 0xEF, 0xF0, 0xF0, 0x00
    .byte   0x20, 0x12, 0x10, 0x01, 0x12, 0x12, 0x24, 0x43, 0x43, 0x33, 0x32, 0x32, 0x32, 0x33, 0x31,  107
    .byte   0x0F, 0xEE, 0xEE, 0xDD, 0xDE, 0xDE, 0xDC, 0xDC, 0xDE, 0xED, 0xED, 0xEE, 0xFE, 0xEE, 0xEF, 0xF1
    .byte   0x10, 0x0F, 0x12, 0x12, 0xFF, 0x10, 0x20, 0x21, 0x23, 0x44, 0x34, 0x23, 0x32, 0x32, 0x32, 0x33
    .byte     97, 0x02, 0x2F, 0xEE, 0xFE, 0xDE, 0xDD, 0xDE, 0xDD, 0xCD, 0xCE, 0xEE, 0xDD, 0xEE, 0xFF, 0xEE
    .byte   0xEE, 0x11, 0x10, 0xF0, 0x11, 0x22, 0xF0, 0x0F, 0x01, 0x21, 0x13, 0x34, 0x43, 0x32, 0x33, 0x23
    .byte   0x32,   73, 0x02, 0x33, 0x22, 0xFE, 0xEE, 0xEE, 0xDD, 0xDD, 0xED, 0xDD, 0xCD, 0xDE, 0xED, 0xEE
    .byte   0xEF, 0x0E, 0xEE, 0xF1, 0x01, 0x00, 0xF0, 0x02, 0x12, 0xFF, 0x01, 0x01, 0x11, 0x22, 0x44, 0x34
    .byte   0x23, 0x32,   51, 0x02, 0x22, 0x33, 0x32, 0x22, 0xEE, 0xEE, 0xEE, 0xDC, 0xED, 0xED, 0xDD, 0xCE
    .byte   0xDE, 0xEE, 0xDF, 0xEF, 0xFF, 0xEE, 0xE1, 0x10, 0x00, 0xF0, 0x12, 0x12, 0xFF, 0xFF, 0xF2, 0x00
    .byte   0x22, 0x44, 0x43,   21, 0x03, 0x32, 0x32, 0x22, 0x32, 0x42, 0x20, 0xFE, 0xEE, 0xED, 0xDD, 0xDE
    .byte   0xDE, 0xDC, 0xDD, 0xEE, 0xED, 0xEE, 0xE0, 0x1E, 0xEE, 0xFF, 0x00, 0x0F, 0xF0, 0x12, 0x21, 0x10
    .byte   0xFF, 0xF1, 0xF0, 0x22,  -31, 0x04, 0x43, 0x32, 0x32, 0x33, 0x12, 0x32, 0x33, 0x30, 0xFE, 0xEE
    .byte   0xEE, 0xDD, 0xDD, 0xEE, 0xDD, 0xDC, 0xEE, 0xED, 0xEE, 0xE1, 0x0F, 0xEE, 0xEE, 0x00, 0x1F, 0xF0
    .byte   0x12, 0x21, 0x2F, 0xEF, 0xFF,  -52, 0x0F, 0xF2, 0x24, 0x44, 0x32, 0x32, 0x32, 0x32, 0x22, 0x33
    .byte   0x33, 0x10, 0xEE, 0xEF, 0xDD, 0xDD, 0xED, 0xFD, 0xDD, 0xCE, 0xEE, 0xED, 0xEE, 0xF0, 0x1E, 0xEE
    .byte   0xFF, 0x0F, 0x0F, 0x01, 0x22, 0x11,  -45, 0x0F, 0xEF, 0xFF, 0xFF, 0xF1, 0x34, 0x43, 0x32, 0x32
    .byte   0x33, 0x32, 0x32, 0x33, 0x33, 0x0F, 0xEE, 0xED, 0xDD, 0xDD, 0xED, 0xEE, 0xDD, 0xDD, 0xEE, 0xEE
    .byte   0xFE, 0xFF, 0xE0, 0xE0, 0xE0, 0xF1, 0x00,  -50, 0x0F, 0x02, 0x11, 0x0F, 0xEF, 0xE1, 0x0F, 0x02
    .byte   0x33, 0x44, 0x23, 0x23, 0x33, 0x22, 0x23, 0x34, 0x23, 0x0E, 0xEE, 0xED, 0xED, 0xDD, 0xDE, 0xDE
    .byte   0xDD, 0xDE, 0xED, 0xFE, 0xEE, 0x0F, 0xF0, 0xEF,  -46, 0x0F, 0xF0, 0x1F, 0xFF, 0x01, 0x21, 0x1F
    .byte   0xEE, 0xE0, 0xF1, 0x11, 0x24, 0x34, 0x33, 0x23, 0x23, 0x33, 0x23, 0x33, 0x32, 0x2F, 0xEE, 0xEE
    .byte   0xDD, 0xDD, 0xDD, 0xEE, 0xDD, 0xDE, 0xEE, 0xEE, 0xEE,  -35, 0x0F, 0xF0, 0xE0, 0xEF, 0x01, 0x10
    .byte   0x0E, 0xF1, 0x02, 0x1F, 0xFE, 0xEF, 0x00, 0xF0, 0xF3, 0x43, 0x43, 0x22, 0x33, 0x33, 0x22, 0x33
    .byte   0x33, 0x31, 0xFE, 0xEE, 0xED, 0xDD, 0xDD, 0xDE, 0xED, 0xDD,  -12, 0x0E, 0xEF, 0xEE, 0xEE, 0x00
    .byte   0x10, 0xEE, 0xE0, 0x12, 0xFF, 0x0E, 0x11, 0x22, 0xEF, 0xEE, 0xF1, 0xF0, 0xF1, 0x23, 0x44, 0x32
    .byte   0x23, 0x33, 0x32, 0x13, 0x23, 0x42, 0x21, 0xEE, 0x0E, 0xEE, 0xCD,   41, 0x0D, 0xDE, 0xEE, 0xED
    .byte   0xEE, 0xEE, 0xED, 0x0E, 0x01, 0x0E, 0xFF, 0xF0, 0x1F, 0xFE, 0xE0, 0x22, 0x21, 0xFE, 0xEE, 0xEF
    .byte   0xF0, 0xF0, 0x34, 0x43, 0x23, 0x23, 0x33, 0x32, 0x12, 0x34, 0x42, 0x2E,   94, 0x0E, 0xFE, 0xDE
    .byte   0xCC, 0xDD, 0xEE, 0xED, 0xDD, 0xFE, 0xE0, 0xFF, 0xED, 0x22, 0xEF, 0x1E, 0xE0, 0x32, 0xEE, 0xF0
    .byte   0xE1, 0x2F, 0xDD, 0xDF, 0xEF, 0x21, 0xE3, 0x66, 0x43, 0x41, 0x23, 0x43, 0xEC,   57, 0x00, 0x32
    .byte   0x22, 0xDC, 0xD1, 0x2F, 0xED, 0xCC, 0xE2, 0x2E, 0xDD, 0xD0, 0x22, 0x2E, 0xDD, 0x12, 0x32, 0x20
    .byte   0xE0, 0x23, 0x20, 0xDD, 0xEE, 0x00, 0xED, 0xDD, 0xD0, 0xE0, 0xEE, 0xE3, 0x34, 0x76,   50, 0x04
    .byte   0x2D, 0x10, 0x43, 0xCB, 0xDE, 0x23, 0x42, 0xDC, 0xF2, 0x12, 0xFD, 0xCC, 0xD1, 0x1D, 0xED, 0xDE
    .byte   0x23, 0x3D, 0xD2, 0x01, 0x34, 0x2F, 0xEE, 0x12, 0x21, 0xED, 0xDD, 0xFF, 0xED, 0xED, 0xDD,  -72
    .byte   0x0F, 0xF0, 0x01, 0x43, 0x67, 0x34, 0x3D, 0xD0, 0x23, 0xFC, 0xDD, 0xE3, 0x43, 0x2D, 0xD1, 0x02
    .byte   0x2E, 0xCB, 0xDD, 0x0F, 0x0E, 0xDD, 0xE2, 0x32, 0x3E, 0xE0, 0xF2, 0x32, 0x2E, 0xEE, 0xEE, 0x2F
    .byte    -19, 0x0D, 0xDE, 0xFE, 0x2E, 0xDD, 0xDD, 0xD3, 0x32, 0x33, 0x57, 0x54, 0x4D, 0xDC, 0x13, 0xE0
    .byte   0xCD, 0xE0, 0x44, 0x32, 0xED, 0xEE, 0x22, 0xDC, 0xCC, 0xCE, 0x22, 0xFE, 0xEE, 0xE3, 0x23, 0x20
    .byte   0x0E,   -9, 0x02, 0x31, 0xFE, 0xDD, 0xF1, 0x1F, 0xED, 0xDE, 0x0F, 0xEE, 0xDD, 0xC1, 0x30, 0x34
    .byte   0x27, 0x65, 0x40, 0xCC, 0xD2, 0x22, 0x1C, 0xDD, 0x15, 0x43, 0x2F, 0xCC, 0x02, 0x10, 0xDC, 0xBC
    .byte   0xE1, 0x23,   -9, 0x0F, 0xDE, 0xF1, 0x33, 0x31, 0xDE, 0xF1, 0x22, 0x2E, 0xDD, 0xEF, 0x1F, 0xFE
    .byte   0xDE, 0xDE, 0xED, 0xEE, 0xEF, 0x13, 0x35, 0x76, 0x53, 0xEC, 0xBC, 0x32, 0x31, 0xED, 0xC1, 0x44
    .byte   0x43, 0x0D, 0xCD,   33, 0x0E, 0xFE, 0xEC, 0xCC, 0xEE, 0x33, 0x30, 0xEE, 0xEF, 0x33, 0x31, 0x0E
    .byte   0xDE, 0x21, 0x1F, 0xFE, 0xDF, 0x00, 0xEE, 0xEE, 0xDD, 0xEE, 0xDD, 0x2F, 0x14, 0x46, 0x74, 0x53
    .byte   0xCB, 0xBE, 0x02, 0x41,   42, 0x0D, 0xD1, 0x14, 0x44, 0x2E, 0xCC, 0xCD, 0xD1, 0xFE, 0xDD, 0xCE
    .byte   0x23, 0x31, 0x3E, 0xEF, 0xF2, 0x22, 0x20, 0xEE, 0xEE, 0xE1, 0x10, 0x2F, 0xEE, 0xED, 0xEE, 0xFD
    .byte   0xEE, 0xDD, 0xE0, 0x04, 0x36,   26, 0x05, 0x63, 0xEA, 0xBD, 0xCF, 0x54, 0x0F, 0xFD, 0xD3, 0x44
    .byte   0x31, 0xFD, 0xBC, 0xCC, 0xEF, 0xFE, 0xE0, 0xFE, 0xF3, 0x20, 0x32, 0xFE, 0xF0, 0xF0, 0x30, 0x1D
    .byte   0xFD, 0xEE, 0x22, 0x10, 0x0E, 0xDD,  -43, 0x0D, 0xEE, 0xEE, 0xDF, 0x03, 0x34, 0x76, 0x55, 0x3C
    .byte   0xAB, 0xCC, 0x45, 0x33, 0x2F, 0xCD, 0x23, 0x44, 0x22, 0xCB, 0xCB, 0xCD, 0x31, 0x03, 0x2D, 0xEE
    .byte   0x1E, 0x23, 0x22, 0x12, 0xEE, 0xE2, 0xE1,   -5, 0x00, 0xFE, 0xE0, 0xE1, 0x10, 0xED, 0xED, 0xDE
    .byte   0xEE, 0xDD, 0x21, 0x23, 0x57, 0x56, 0x51, 0xBA, 0xCC, 0xC4, 0x54, 0x32, 0xFC, 0xDF, 0x24, 0x34
    .byte   0x2C, 0xCB, 0xBB, 0xD2, 0x33, 0x41, 0xED, 0xDD,  -34, 0x01, 0x34, 0x32, 0x2D, 0xEE, 0xEF, 0x22
    .byte   0x10, 0x1E, 0xEE, 0xF1, 0xFF, 0xED, 0xDD, 0xED, 0xEE, 0xD1, 0x13, 0x34, 0x66, 0x56, 0x3C, 0xAB
    .byte   0xCB, 0x45, 0x53, 0x3F, 0xDC, 0xD0, 0x34, 0x34, 0xDC,   37, 0x0B, 0xAC, 0x12, 0x35, 0x31, 0xDD
    .byte   0xCD, 0xE3, 0x34, 0x32, 0xED, 0xED, 0xE1, 0x32, 0x21, 0x1E, 0xEE, 0xFE, 0xE1, 0xED, 0xED, 0xDD
    .byte   0xD0, 0xE1, 0x34, 0x26, 0x65, 0x54, 0xFA, 0xBC, 0xBE, 0x55,   51, 0x04, 0x3D, 0xBE, 0xEE, 0x44
    .byte   0x4F, 0xDC, 0xAB, 0xBE, 0x13, 0x44, 0x2F, 0xDC, 0xCE, 0x13, 0x44, 0x30, 0xED, 0xDD, 0xE1, 0x32
    .byte   0x30, 0xFE, 0xEE, 0xEE, 0xEF, 0xED, 0xDD, 0xDD, 0xEF, 0xF2, 0x43,  -31, 0x06, 0x65, 0x50, 0xBB
    .byte   0xBC, 0xC4, 0x54, 0x53, 0xEC, 0xCE, 0xE3, 0x44, 0x2E, 0xCB, 0xAC, 0xCF, 0x24, 0x43, 0x1E, 0xCC
    .byte   0xD0, 0x33, 0x43, 0x3E, 0xDD, 0xDE, 0xF3, 0x22, 0x20, 0xEE, 0xEE, 0xFE,  -23, 0x0E, 0xDE, 0xDC
    .byte   0xDD, 0xE2, 0x14, 0x44, 0x65, 0x65, 0x3C, 0xAB, 0xCB, 0x45, 0x44, 0x42, 0xCC, 0xE0, 0x24, 0x43
    .byte   0xDC, 0xCA, 0xBC, 0xF3, 0x34, 0x31, 0xFD, 0xCD, 0xE3, 0x33, 0x32, 0xFD, 0xED,  -20, 0x00, 0x31
    .byte   0x22, 0x1F, 0xEF, 0xEE, 0xEF, 0xED, 0xDD, 0xCD, 0xDD, 0x23, 0x43, 0x36, 0x65, 0x54, 0xEA, 0xBC
    .byte   0xB1, 0x55, 0x44, 0x3C, 0xCD, 0x12, 0x44, 0x3E, 0xCB, 0xBB, 0xB0, 0x33, 0x43, 0x1E,   -6, 0x0C
    .byte   0xDF, 0x14, 0x33, 0x2F, 0xDE, 0xEE, 0x12, 0x2F, 0xFF, 0xF0, 0x11, 0x0E, 0xED, 0xDD, 0xDD, 0xDD
    .byte   0xED, 0x34, 0x24, 0x46, 0x65, 0x52, 0xBA, 0xCB, 0xD3, 0x64, 0x42, 0x0D, 0xCF, 0x33, 0x33,   79
    .byte   0x0C, 0xBB, 0xCB, 0xE1, 0x43, 0x23, 0xFC, 0xDE, 0xE1, 0x33, 0x30, 0x0E, 0xEE, 0x02, 0x11, 0xFF
    .byte   0xEF, 0xF1, 0x20, 0x0F, 0xDD, 0xCE, 0xDC, 0xFF, 0xDF, 0x33, 0x23, 0x57, 0x55, 0x50, 0xAA, 0xCB
    .byte    -17, 0x05, 0x55, 0x3E, 0xDC, 0xD2, 0x44, 0x41, 0xEB, 0xBB, 0xCD, 0xF3, 0x30, 0x2F, 0xED, 0xEF
    .byte   0x22, 0x22, 0x0E, 0xF1, 0x12, 0x20, 0xEE, 0xEE, 0xF2, 0x22, 0x1E, 0xED, 0xDD, 0xED, 0xDD, 0x0D
    .byte   0xD0,  -76, 0x03, 0x34, 0x66, 0x64, 0x4C, 0xAA, 0xCE, 0x35, 0x53, 0xFD, 0xDD, 0x24, 0x53, 0x0D
    .byte   0xCB, 0xBC, 0xEF, 0x13, 0xEE, 0xEF, 0x2F, 0x22, 0xFE, 0xFE, 0xE1, 0x32, 0x22, 0x0E, 0xDE, 0x11
    .byte   0x12, 0x21,   -3, 0x0D, 0xFE, 0xDE, 0xED, 0xCD, 0xDD, 0xD3, 0x33, 0x44, 0x56, 0x55, 0x4C, 0xBA
    .byte   0xDD, 0x15, 0x43, 0x0D, 0x0E, 0x35, 0x43, 0xDC, 0xCB, 0xCD, 0xE0, 0xDF, 0xED, 0x13, 0x23, 0x02
    .byte   0xED, 0xEF, 0x12,   -6, 0x02, 0xF0, 0xEF, 0x12, 0x12, 0xEE, 0xFE, 0x1E, 0xFE, 0xED, 0xED, 0xDD
    .byte   0xEE, 0xDD, 0x14, 0x34, 0x47, 0x64, 0x3F, 0xCA, 0xB2, 0x24, 0x32, 0x2D, 0xF3, 0x44, 0x30, 0xDC
    .byte   0xCC, 0xD0, 0x1D, 0xDD,  -23, 0x0D, 0xE4, 0x33, 0x2F, 0xDD, 0xE2, 0x34, 0x0E, 0xDE, 0xE2, 0x33
    .byte   0x10, 0xDD, 0xEF, 0x22, 0xEE, 0xDC, 0xDE, 0xFF, 0xED, 0xDC, 0xE3, 0x44, 0x44, 0x75, 0x34, 0xCE
    .byte   0xBC, 0x20, 0x31, 0xE3, 0xE3,   53, 0x04, 0x4E, 0xDD, 0xCE, 0xDD, 0x0D, 0xCC, 0xD0, 0xF2, 0x33
    .byte   0xFE, 0xE0, 0x12, 0x22, 0x2D, 0xEF, 0x03, 0x22, 0xFE, 0xEE, 0xF2, 0x00, 0xED, 0xDD, 0xDE, 0xE1
    .byte   0xED, 0xDD, 0xD2, 0x43, 0x43, 0x46,   45, 0x03, 0x4D, 0xDC, 0xC3, 0x12, 0xED, 0x30, 0x44, 0x33
    .byte   0xEC, 0xDE, 0x0E, 0xDD, 0xCC, 0xDE, 0xF2, 0xF2, 0x0E, 0x02, 0x31, 0x10, 0xEE, 0x22, 0x10, 0xFF
    .byte   0x10, 0x21, 0x0E, 0xE0, 0xEE, 0xFD, 0xED,  -46, 0x0E, 0xEF, 0xDE, 0xDF, 0xF3, 0x33, 0x33, 0x66
    .byte   0x33, 0xEE, 0xED, 0x21, 0xED, 0xC3, 0x44, 0x32, 0x1E, 0xDF, 0x21, 0xDC, 0xDD, 0xDD, 0xD1, 0xED
    .byte   0x12, 0x21, 0x22, 0x01, 0x0F, 0x21, 0x1F, 0x01,   -2, 0x01, 0xFF, 0x20, 0xE1, 0x0D, 0xEE, 0xEE
    .byte   0xDD, 0xE0, 0xEE, 0xEE, 0xEF, 0xE2, 0x32, 0x35, 0x55, 0x43, 0xD3, 0x2E, 0x0E, 0xDD, 0xF3, 0x33
    .byte   0x1E, 0x2F, 0x11, 0xED, 0xDD, 0xEE, 0xFC, 0xDD, 0xF0,  -15, 0x0F, 0xEF, 0x02, 0x32, 0xE0, 0x21
    .byte   0x2F, 0x10, 0xE0, 0x12, 0x1D, 0xFE, 0xE1, 0xEE, 0xED, 0xDE, 0x11, 0xED, 0xFE, 0xEE, 0x13, 0x23
    .byte   0x24, 0x64, 0x23, 0x24, 0x10, 0xEE, 0xEE, 0x22, 0x12, 0xE1,   57, 0x01, 0xEE, 0xED, 0x0E, 0xDF
    .byte   0xDD, 0xD1, 0xEE, 0xED, 0x21, 0x10, 0x02, 0x02, 0x21, 0x21, 0x02, 0xF0, 0x1F, 0xEF, 0xEE, 0xEE
    .byte   0xEE, 0xEE, 0xDF, 0xEF, 0xEE, 0xEF, 0xEF, 0x12, 0x32, 0x34, 0x53,   19, 0x03, 0x34, 0x2E, 0x01
    .byte   0x0F, 0x0F, 0x22, 0xE0, 0x1F, 0xDF, 0xFE, 0xED, 0xD0, 0xFD, 0xD1, 0x1D, 0xEE, 0x0F, 0xE1, 0x12
    .byte   0xF1, 0x22, 0x2F, 0x12, 0x1F, 0xEF, 0x1E, 0xEE, 0xEF, 0xEE, 0xED, 0xEE,  -50, 0x0F, 0xEE, 0x0F
    .byte   0xFF, 0x03, 0x22, 0x23, 0x53, 0x22, 0x44, 0x2F, 0x23, 0x2E, 0xE1, 0x22, 0xEE, 0x21, 0xDE, 0xEF
    .byte   0xED, 0xEF, 0xEE, 0xD0, 0xE0, 0xDF, 0xFE, 0xE1, 0x10, 0xF0, 0x22, 0xFF, 0x22,   -2, 0x0E, 0xF1
    .byte   0x0E, 0xEE, 0x0E, 0xEE, 0xEE, 0xEE, 0x0E, 0xEF, 0x0F, 0xF1, 0xF2, 0x22, 0x23, 0x24, 0x32, 0x33
    .byte   0x42, 0x03, 0x22, 0x1E, 0x22, 0x10, 0xE1, 0xFF, 0xED, 0x1E, 0xEE, 0xDF, 0xEF, 0xED,    2, 0x01
    .byte   0x1E, 0xD0, 0x10, 0xFE, 0xE1, 0x21, 0xEE, 0x12, 0x1F, 0xD2, 0xF1, 0xFD, 0x02, 0xEE, 0xD2, 0x1E
    .byte   0xEE, 0x22, 0xEE, 0x22, 0x01, 0xF3, 0x2F, 0x43, 0x12, 0x33, 0x31, 0xF3, 0x4D, 0xF1, 0x32,   56
    .byte   0x0E, 0x02, 0x0F, 0xED, 0xF1, 0xFD, 0xDF, 0x2F, 0xDD, 0x12, 0xFD, 0xD3, 0xE1, 0xDE, 0x3D, 0x00
    .byte   0xE0, 0xFF, 0xFE, 0x0E, 0x10, 0xE0, 0x10, 0xFE, 0x01, 0x1E, 0x02, 0xF1, 0x12, 0xFF, 0x22, 0x0E
    .byte    -24, 0x03, 0x0E, 0x24, 0x0F, 0x23, 0x4D, 0xD4, 0x4E, 0xD1, 0x42, 0xEE, 0x03, 0x10, 0xDD, 0x23
    .byte   0xDD, 0xD2, 0x3D, 0xCF, 0x30, 0xDD, 0xE2, 0x0D, 0x0E, 0x02, 0xEE, 0xFF, 0xFE, 0xFE, 0x01, 0xEF
    .byte   0xF1,  -31, 0x0E, 0x00, 0x20, 0xF1, 0x02, 0x00, 0x3E, 0x13, 0xF1, 0xE2, 0x3D, 0x12, 0x2F, 0xE3
    .byte   0x21, 0x11, 0x4F, 0xE2, 0x23, 0x1E, 0xF3, 0x2E, 0xE0, 0x32, 0xDE, 0x02, 0xFD, 0xDF, 0x2E, 0xDD
    .byte   0x02, 0xED,   -8, 0x0E, 0x2F, 0xDE, 0x2F, 0xFE, 0xFF, 0x0F, 0x0F, 0xFE, 0x22, 0x0E, 0xE3, 0x2E
    .byte   0xF2, 0x20, 0x01, 0x21, 0x21, 0x2F, 0xF2, 0x21, 0xE0, 0x12, 0xEF, 0xF0, 0x2E, 0xE1, 0x11, 0x0E
    .byte   0xE2, 0x22, 0xEF,    3, 0x02, 0x3E, 0xE2, 0x32, 0xEF, 0x32, 0x1F, 0xE1, 0x3E, 0xD1, 0x1E, 0xFE
    .byte   0xDE, 0x1D, 0xEF, 0xDE, 0x3E, 0xD4, 0xDD, 0x5D, 0xE4, 0xCD, 0x4F, 0xF1, 0x3D, 0x3D, 0xD4, 0xE0
    .byte   0xE2, 0x02, 0xD3, 0xEC,    2, 0x0E, 0xD2, 0x1E, 0x21, 0x00, 0x2F, 0x1F, 0x11, 0x10, 0xE2, 0xF0
    .byte   0x00, 0x00, 0x01, 0x00, 0x10, 0x00, 0x1F, 0x10, 0x01, 0x0F, 0x10, 0x1F, 0x11, 0x0F, 0x10, 0xF1
    .byte   0x00, 0x00, 0x00, 0x10, 0x0F,    7, 0x0F, 0x00, 0xF1, 0x0F, 0x00, 0xF0, 0xF0, 0xFF, 0xF0, 0x0F
    .byte   0x0F, 0xF0, 0x00, 0x0F, 0x00, 0x00, 0x0F, 0x1F, 0x01, 0x00, 0x10, 0xF1, 0x00, 0x10, 0x1F, 0x1F
    .byte   0x01, 0xF1, 0xF0, 0x00, 0x0F, 0x11,   -2, 0x00, 0x0F, 0x10, 0x01, 0xF0, 0x00, 0x1F, 0x00, 0x00
    .byte   0x10, 0x01, 0xF1, 0x00, 0x1F, 0x10, 0x00, 0x00, 0x00, 0x00, 0x00, 0x00, 0xF0, 0xF1, 0x00, 0x0F
    .byte   0x01, 0x01, 0xFF, 0x10, 0x1F, 0x01, 0xF0,    0, 0x01, 0x00, 0x10, 0xF0, 0x1F, 0x10, 0x00, 0x00
    .byte   0x00, 0x0F, 0x10, 0xF0, 0x10, 0x00, 0xF0, 0x1F, 0x00, 0x1F, 0x01, 0xFF, 0x1F, 0x10, 0xF0, 0xF1
    .byte   0xF1, 0x0F, 0x10, 0x0F, 0x1F, 0x00, 0xF0, 0x10,   -2, 0x00, 0x01, 0x0F, 0x01, 0xF0, 0xF1, 0x00
    .byte   0x00, 0x00, 0x01, 0xF1, 0xF0, 0x00, 0x11, 0xF1, 0x00, 0xF1, 0x1F, 0x00, 0x00, 0x10, 0x00, 0x01
    .byte   0xFF, 0x10, 0x00, 0x00, 0x00, 0x00, 0x00, 0x1F, 0x00,    0, 0x01, 0x0F, 0x1F, 0x01, 0xF0, 0x00
    .byte   0x0F, 0x1F, 0x10, 0x00, 0xF0, 0x00, 0x00, 0x00, 0x00, 0x00, 0x00, 0xF1, 0x00, 0x00, 0x00, 0x1F
    .byte   0xF1, 0x00, 0x00, 0x01, 0x00, 0x00, 0x00, 0x00, 0x00, 0x00,    1, 0x0F, 0x10, 0xF0, 0x10, 0x00
    .byte   0xF1, 0x00, 0xF0, 0x10, 0x0F, 0x1F, 0x01, 0x0F, 0x01, 0x00, 0x00, 0xF1, 0x00, 0xF0, 0x00, 0xF1
    .byte   0x10, 0xF0, 0x01, 0xF0, 0x00, 0x0F, 0x10, 0x0F, 0x00, 0x10, 0x00,   -1, 0x01, 0xF0, 0x01, 0x01
    .byte   0xF0, 0x00, 0x00, 0x00, 0x00, 0x00, 0x00, 0x00, 0x0F, 0x11, 0xF0, 0x1F, 0x00, 0x1F, 0x01, 0xF0
    .byte   0x00, 0x00, 0x1F, 0x01, 0xF0, 0x01, 0xF0, 0x00, 0x1F, 0x00, 0x00, 0x0F,   -1, 0x01, 0xF0, 0x01
    .byte   0x0F, 0x10, 0xF1, 0x0F, 0x10, 0xF1, 0x00, 0x00, 0x01, 0xF1, 0xF1, 0xF1, 0xF1, 0x0F, 0x00, 0x00
    .byte   0x01, 0xF0, 0x00, 0xF1, 0x00, 0xF1, 0x0F, 0x1F, 0x01, 0xF1, 0x0F, 0x1F, 0x00,    0, 0x0F, 0x1F
    .byte   0x01, 0xF1, 0xF0, 0x01, 0x00, 0xF0, 0x01, 0x01, 0x01, 0xE2, 0xEF, 0xEF, 0x10, 0x2E, 0x5B, 0x62
    .byte   0xBF, 0xBE, 0x6B, 0x6D, 0xD7, 0xED, 0xCA, 0x60, 0x84, 0xD2, 0x73, 0xA4, 0xA2, 0x59,  -28, 0x0E
    .byte   0x36, 0x00, 0x3C, 0x5A, 0x1E, 0xA7, 0xA6, 0x49, 0x6B, 0x30, 0xC3, 0x2C, 0x62, 0xA6, 0xC1, 0x5A
    .byte   0x44, 0xA7, 0xAD, 0x4D, 0x3D, 0xD3, 0xE3, 0x2C, 0xD4, 0x4D, 0x2C, 0x42, 0xD4, 0xB2, 0x3F,   16
    .byte   0x0C, 0xE1, 0xE5, 0xDD, 0x1D, 0x34, 0xCF, 0x2C, 0x5D, 0xF2, 0xC4, 0xFD, 0x4B, 0x44, 0xB4, 0xDE
    .byte   0x4C, 0x13, 0xC5, 0xDD, 0x2E, 0x4C, 0x3D, 0xE2, 0x3D, 0x0E, 0x13, 0xD3, 0xD2, 0x2D, 0x32, 0xC4
    .byte      1, 0x02, 0x1D, 0x20, 0x04, 0xB1, 0x3D, 0x3E, 0xD3, 0x1C, 0x5D, 0xC5, 0x1C, 0x20, 0xE5, 0xCC
    .byte   0x4E, 0x2E, 0xE2, 0xD4, 0xEE, 0x0E, 0x13, 0x2B, 0x33, 0xE4, 0xCD, 0x32, 0x03, 0xCE, 0x32, 0x3E
    .byte   0xB3,   11, 0x0D, 0x3C, 0xD4, 0x1E, 0x4C, 0xC5, 0xEF, 0x0C, 0x34, 0xDF, 0xFD, 0x33, 0xDF, 0xE1
    .byte   0x32, 0xC0, 0x3E, 0x4C, 0xD3, 0xE3, 0x2C, 0x3E, 0x31, 0xC3, 0xE3, 0x2C, 0x3E, 0xE4, 0xED, 0x01
    .byte   0x32, 0xDC,   -7, 0x04, 0xD1, 0xED, 0x32, 0x21, 0xCF, 0x41, 0x2C, 0x03, 0xD3, 0x0D, 0x2E, 0x4E
    .byte   0xDE, 0x23, 0xEF, 0xD1, 0x32, 0x3B, 0xE4, 0x13, 0xDD, 0xE3, 0x23, 0xEB, 0xF4, 0x41, 0xBF, 0x04
    .byte   0x3C, 0x2C, 0x34,    4, 0x01, 0xC2, 0x4F, 0xDD, 0x23, 0x2E, 0xD2, 0xF3, 0x1F, 0xC1, 0x4E, 0x2D
    .byte   0xD5, 0xCF, 0x3D, 0x1F, 0x22, 0xFD, 0xF4, 0xDD, 0x30, 0x2F, 0xD3, 0x0E, 0x23, 0xC0, 0xE2, 0x3D
    .byte   0xD3, 0x3E, 0xD2, 0x22,    8, 0x0D, 0xE2, 0x03, 0x0C, 0x03, 0x21, 0xFD, 0x12, 0x2E, 0xEF, 0x12
    .byte   0x00, 0xE0, 0x2F, 0x0F, 0xF1, 0x1E, 0x12, 0xF2, 0x1D, 0x03, 0xFF, 0xEE, 0x22, 0xFE, 0x00, 0x11
    .byte   0x11, 0xE0, 0x2E, 0x11, 0xE3,    2, 0x0E, 0x11, 0x21, 0xEE, 0x02, 0x2F, 0xD0, 0x3F, 0x1E, 0xE2
    .byte   0x2F, 0xEF, 0xF2, 0x2E, 0xFE, 0x13, 0x0E, 0xE0, 0x22, 0xEE, 0xE2, 0x20, 0x0E, 0x02, 0x10, 0xEF
    .byte   0x12, 0x0E, 0xFF, 0x21, 0xE0, 0x11,    3, 0x0E, 0xF1, 0x1F, 0x0F, 0xF1, 0x02, 0x0E, 0x12, 0x10
    .byte   0xE0, 0x2F, 0xEF, 0x01, 0x0F, 0xF2, 0x1F, 0xFF, 0xF0, 0x11, 0x0E, 0xF2, 0x20, 0xFF, 0xF2, 0x2F
    .byte   0xDF, 0x22, 0x0E, 0xE2, 0x12, 0xFE, 0xE1,    2, 0x00, 0xEE, 0x22, 0x1E, 0xE2, 0x21, 0xFE, 0x02
    .byte   0x11, 0xEF, 0x01, 0x1F, 0xE0, 0x02, 0x0E, 0xF1, 0x11, 0x1E, 0xE1, 0x12, 0x0F, 0xF1, 0x21, 0x0F
    .byte   0x00, 0x1F, 0xE0, 0xF2, 0x00, 0xE0, 0x22, 0xFE,    0, 0x02, 0x0F, 0xF0, 0x21, 0x1F, 0xF0, 0x21
    .byte   0xEF, 0xF1, 0x20, 0xEF, 0xF2, 0x00, 0xEF, 0xF1, 0x0F, 0xEF, 0x10, 0xF0, 0xE0, 0x00, 0xFE, 0x0F
    .byte   0x00, 0xEF, 0x01, 0xFF, 0x00, 0x20, 0xF0, 0x12, 0x01,  -10, 0x01, 0x20, 0x21, 0x02, 0x23, 0x10
    .byte   0x13, 0x21, 0xF0, 0x22, 0xEE, 0x1F, 0xEE, 0x0F, 0xDE, 0x0F, 0xEE, 0xE1, 0x1E, 0xE2, 0x00, 0x00
    .byte   0x01, 0x1F, 0xFF, 0xF0, 0x0E, 0x0E, 0xFF, 0xEE, 0xFF, 0xEF,  -35, 0x00, 0x11, 0xF1, 0x10, 0x10
    .byte   0x11, 0xF1, 0x22, 0x22, 0x33, 0x33, 0x13, 0x23, 0x10, 0x20, 0xFE, 0xFE, 0xEE, 0xED, 0xEE, 0xDE
    .byte   0xE1, 0xDE, 0x02, 0x01, 0x12, 0x22, 0x22, 0x20, 0x12, 0x01, 0xEF,   13, 0x0F, 0xEE, 0xEE, 0xFE
    .byte   0xFE, 0xF0, 0x02, 0x00, 0x12, 0x10, 0xFE, 0x2F, 0xEE, 0xEF, 0xEE, 0xE0, 0xEE, 0x00, 0x0E, 0xE2
    .byte   0x22, 0x12, 0x33, 0x43, 0x32, 0x33, 0x40, 0xE0, 0x2F, 0xFD, 0xEE, 0xED,   22, 0x0D, 0xDE, 0xEF
    .byte   0xDE, 0xE2, 0x20, 0x11, 0x32, 0x22, 0x22, 0x11, 0x10, 0xFE, 0xF0, 0xEE, 0xD0, 0x0E, 0xEF, 0xF0
    .byte   0xF0, 0x12, 0x12, 0x11, 0x01, 0x01, 0xEE, 0xEF, 0xEE, 0xEE, 0xFE, 0xEE, 0xFF,  -45, 0x0E, 0x01
    .byte   0x32, 0x03, 0x34, 0x24, 0x32, 0x32, 0x41, 0xE0, 0x21, 0xDE, 0xD0, 0xDD, 0xFD, 0xDD, 0xFF, 0xED
    .byte   0xF2, 0x21, 0x02, 0x23, 0x21, 0x22, 0x10, 0x10, 0xFE, 0xE1, 0xEE, 0xDF, 0x1E, 0xEF,  -14, 0x01
    .byte   0x10, 0x21, 0x12, 0x20, 0xFF, 0x11, 0xFD, 0xEF, 0xFE, 0xDE, 0xEF, 0xFE, 0xEE, 0x11, 0x1F, 0xF1
    .byte   0x33, 0x22, 0x33, 0x44, 0x22, 0x23, 0x32, 0xD0, 0x20, 0xED, 0xDF, 0xED, 0xFD, 0xDD, 0x1F,  -11
    .byte   0x0D, 0xE3, 0x20, 0xF2, 0x23, 0x21, 0x21, 0x21, 0x1E, 0xFE, 0xFF, 0xEE, 0xEF, 0xFE, 0xFE, 0x20
    .byte   0x01, 0xF2, 0x22, 0x0F, 0xF2, 0x0F, 0xEE, 0xEF, 0xEE, 0xDF, 0xEE, 0xFE, 0x0E, 0x01, 0xF0, 0x02
    .byte    -39, 0x02, 0x23, 0x31, 0x34, 0x5E, 0x12, 0x34, 0xED, 0x12, 0x1D, 0xED, 0x1E, 0xDE, 0xDD, 0xEF
    .byte   0x0D, 0xDF, 0x32, 0xFE, 0x23, 0x22, 0x02, 0x20, 0x20, 0xFE, 0x10, 0xEE, 0xEF, 0xFE, 0xEF, 0x01
    .byte   0x0F,   -9, 0x01, 0x21, 0x11, 0xF0, 0x02, 0xEE, 0xEF, 0x1E, 0xDE, 0xFF, 0xEE, 0xF0, 0x0E, 0x01
    .byte   0x00, 0x11, 0x12, 0x33, 0x13, 0x25, 0x4D, 0x23, 0x43, 0xCE, 0x23, 0xED, 0xDF, 0xEE, 0xED, 0xDD
    .byte   0xE2, 0xED,  -25, 0x02, 0x32, 0xD1, 0x23, 0x3E, 0x12, 0x22, 0x10, 0xE0, 0x10, 0xFD, 0xE1, 0x0F
    .byte   0xDF, 0x12, 0x0E, 0x01, 0x22, 0x1F, 0xE2, 0x20, 0xED, 0x01, 0x1E, 0xDE, 0xF0, 0xEE, 0x0E, 0x1F
    .byte   0xF0, 0xF1, 0x01,  -35, 0x02, 0x13, 0x32, 0x14, 0x51, 0xE1, 0x44, 0xED, 0xE3, 0x1E, 0xDE, 0xEF
    .byte   0xEE, 0xDC, 0xE1, 0xFD, 0xDE, 0x32, 0xEE, 0x13, 0x23, 0xF0, 0x22, 0x22, 0xEE, 0x12, 0x0E, 0xDE
    .byte   0x12, 0xDE, 0x01, 0x2F,   -9, 0x00, 0x12, 0x11, 0xEE, 0x22, 0x1E, 0xD0, 0x20, 0xED, 0xFF, 0xFF
    .byte   0xEE, 0x01, 0x0F, 0xFF, 0x10, 0x20, 0x01, 0x33, 0x22, 0x25, 0x4D, 0xF3, 0x43, 0xCF, 0x31, 0xEE
    .byte   0xEF, 0xED, 0x0E, 0xCD, 0xE1,   -6, 0x0D, 0xE0, 0x20, 0xF0, 0x21, 0x23, 0x0F, 0x22, 0x3F, 0xEF
    .byte   0x02, 0xEE, 0xEF, 0xFF, 0xE0, 0xEF, 0x2F, 0xFF, 0x01, 0x2E, 0xF1, 0x12, 0xEE, 0xFF, 0x0F, 0xED
    .byte   0x1F, 0x0E, 0xEF, 0x20, 0xEE, 0x12,  -32, 0x0E, 0x00, 0x23, 0x12, 0x32, 0x35, 0x1E, 0x23, 0x42
    .byte   0xDE, 0x32, 0xEE, 0xEE, 0xED, 0x2D, 0xCD, 0x10, 0xDD, 0xD2, 0x3F, 0xE0, 0x12, 0x31, 0x2F, 0x13
    .byte   0x3E, 0xEF, 0x22, 0xFD, 0xEE, 0x21, 0xEE,   -7, 0x01, 0x02, 0xEE, 0x12, 0x11, 0xEE, 0x22, 0xFE
    .byte   0xE0, 0x1F, 0xEE, 0xFF, 0xFE, 0xE1, 0xF0, 0xE0, 0x2E, 0x0F, 0x02, 0x20, 0x32, 0x32, 0x44, 0xF1
    .byte   0x24, 0x3E, 0xD3, 0x2F, 0xEE, 0xEE, 0xD0, 0xFC,    2, 0x0E, 0x2E, 0xCD, 0x22, 0x1E, 0xF1, 0x13
    .byte   0x31, 0xFF, 0x33, 0x2E, 0xE1, 0x3F, 0xEE, 0xE0, 0x1E, 0xEE, 0xE1, 0x20, 0xDE, 0x13, 0x1E, 0xEF
    .byte   0x22, 0x0D, 0xF0, 0x2E, 0xEE, 0xF0, 0xFE, 0x0F, 0xFF,  -34, 0x01, 0x0E, 0x21, 0x10, 0x23, 0x22
    .byte   0x24, 0x42, 0xE2, 0x34, 0xFE, 0x03, 0x0E, 0x0E, 0xEE, 0xEE, 0xDC, 0xEF, 0xED, 0xDE, 0xF1, 0xF0
    .byte   0xFF, 0x23, 0x3E, 0x02, 0x33, 0xFE, 0x12, 0x2F, 0xEE, 0x00,    9, 0x0F, 0xEE, 0xF0, 0x1E, 0xEE
    .byte   0x20, 0xFE, 0x1F, 0x11, 0x0F, 0xEF, 0x0E, 0x0E, 0xFF, 0xE1, 0x10, 0xFE, 0x02, 0x1F, 0xFF, 0x22
    .byte   0x13, 0x22, 0x23, 0x5E, 0xD3, 0x43, 0xED, 0x23, 0x0E, 0x0F, 0xEE,   39, 0x00, 0xDC, 0xE0, 0xED
    .byte   0xDE, 0xF1, 0xFE, 0x0F, 0xF3, 0x11, 0xF2, 0x23, 0xF0, 0x12, 0x2F, 0xFF, 0xF0, 0xF0, 0xFE, 0xF0
    .byte   0x0F, 0xEF, 0xFF, 0xF0, 0xE0, 0xF1, 0x1E, 0x0F, 0x00, 0xFE, 0x10, 0xFE,  -24, 0x01, 0x0F, 0xF0
    .byte   0x20, 0xF1, 0x02, 0x01, 0x22, 0xF1, 0x32, 0x22, 0x02, 0x22, 0x00, 0x21, 0x21, 0xF0, 0x10, 0xFE
    .byte   0x0E, 0xEE, 0xFE, 0xFE, 0xE0, 0xFE, 0xFF, 0xFF, 0xFF, 0x0F, 0xF1, 0x1F, 0x10,   -6, 0x0F, 0x00
    .byte   0x01, 0x11, 0x00, 0x11, 0x1F, 0x11, 0xF0, 0x10, 0x0F, 0x11, 0xF0, 0x10, 0xFF, 0xF1, 0x0E, 0x0F
    .byte   0x0F, 0xFF, 0xFF, 0x00, 0xF0, 0x00, 0x00, 0x00, 0x00, 0x10, 0x11, 0x10, 0x02, 0x01,   -1, 0x01
    .byte   0x02, 0x00, 0x21, 0x11, 0x11, 0x11, 0x11, 0x00, 0x11, 0xF0, 0xFF, 0xF0, 0xFF, 0xF0, 0xE0, 0xF0
    .byte   0xE0, 0xF0, 0xE0, 0xFF, 0xFF, 0xFF, 0xF1, 0xF0, 0xF0, 0x00, 0x01, 0x00, 0x11, 0x01, 0x01,   -4
    .byte   0x01, 0x11, 0x11, 0x01, 0x00, 0x10, 0x1F, 0x0F, 0x0F, 0x0F, 0x0F, 0xFF, 0x0F, 0xFF, 0xF0, 0x0F
    .byte   0x00, 0xF0, 0x10, 0x10, 0x11, 0x01, 0x11, 0x11, 0x01, 0x11, 0x11, 0x10, 0x01, 0x11, 0xF1, 0x00
    .byte     10, 0x0F, 0x01, 0x0F, 0x0F, 0xF0, 0xF0, 0x0F, 0x00, 0xFF, 0x0F, 0x0F, 0xF0, 0xF0, 0xF0, 0x00
    .byte   0x0F, 0x00, 0x00, 0x00, 0xF1, 0x01, 0x00, 0x00, 0x10, 0x00, 0x00, 0x01, 0x00, 0x1F, 0x10, 0x0F
    .byte   0x1F,   -1, 0x01, 0x0F, 0x0F, 0x00, 0x0F, 0x00, 0x0F, 0x01, 0xF0, 0x0F, 0x11, 0xF1, 0xF1, 0x11
    .byte   0x01, 0x00, 0x1F, 0x01, 0x00, 0x10, 0x10, 0x00, 0xF1, 0x00, 0x0F, 0x1F, 0x1F, 0x1F, 0x1F, 0x0F
    .byte   0x01, 0xF1,    0, 0x00, 0x1F, 0x01, 0xF0, 0x1F, 0x01, 0x00, 0xF1, 0xF0, 0x1F, 0x00, 0x10, 0xF1
    .byte   0x00, 0x00, 0x00, 0xF1, 0x0F, 0x10, 0x01, 0xF0, 0x0F, 0x0F, 0x00, 0x10, 0xFF, 0x00, 0x00, 0xF1
    .byte   0x00, 0x00, 0xF0,   -2, 0x0F, 0x1F, 0x10, 0x1F, 0x01, 0x00, 0x00, 0x00, 0x01, 0x0F, 0x10, 0x1F
    .byte   0x00, 0x1F, 0x01, 0xF0, 0x00, 0x1F, 0x00, 0xF1, 0xF1, 0x01, 0xF1, 0x0F, 0x10, 0x00, 0xF0, 0x00
    .byte   0x01, 0x00, 0xF1, 0x1F,    1, 0x00, 0xF0, 0xF0, 0x10, 0x00, 0x0F, 0xF0, 0x10, 0xFF, 0x10, 0xF0
    .byte   0x24, 0x3B, 0xA3, 0x65, 0xCA, 0xB6, 0x75, 0x9A, 0x56, 0xB8, 0xE7, 0x7D, 0x8B, 0x67, 0xF9, 0xA2
    .byte   0x66, 0x3C, 0xBD, 0xF3, 0x42,    2, 0x0C, 0xD5, 0x4E, 0xB0, 0x3F, 0xD2, 0x41, 0xBE, 0x52, 0x1D
    .byte   0xC2, 0x44, 0xDC, 0x3D, 0xD4, 0x33, 0xBC, 0x24, 0x3E, 0xED, 0xD3, 0x4E, 0xC1, 0x1F, 0x33, 0xDE
    .byte   0x0F, 0x34, 0xEB, 0x13, 0x4F, 0xCD,    5, 0x03, 0xCE, 0x32, 0xD2, 0x2D, 0x22, 0xD3, 0x0E, 0x2F
    .byte   0xD0, 0x32, 0x0D, 0xEF, 0x42, 0xDD, 0x33, 0xCF, 0x3E, 0xE3, 0xDD, 0x32, 0x0E, 0xEF, 0x4D, 0xC3
    .byte   0x4E, 0xC3, 0x2E, 0x2E, 0xD2, 0x32, 0x2C,  -15, 0x02, 0x33, 0x2D, 0xCE, 0x44, 0x0C, 0xDE, 0x33
    .byte   0x3E, 0xDE, 0xE2, 0x24, 0x2C, 0xCE, 0x44, 0x1D, 0xCE, 0x24, 0x3E, 0xDD, 0xE2, 0x32, 0x1E, 0xEE
    .byte   0xF3, 0x3E, 0xED, 0x22, 0xFF, 0x11, 0xE1, 0xF1,    2, 0x0F, 0x10, 0xEE, 0x21, 0x10, 0xE1, 0x0E
    .byte   0x20, 0xE2, 0x0E, 0x01, 0x21, 0xEE, 0x22, 0x11, 0xEE, 0x12, 0x10, 0x11, 0xEE, 0xF2, 0x3E, 0xEE
    .byte   0x03, 0x12, 0xFE, 0x02, 0x22, 0x0F, 0xE0, 0x23, 0x1E,   13, 0x0E, 0x02, 0x02, 0xEE, 0xDF, 0xF2
    .byte   0x00, 0xED, 0xF1, 0x02, 0xFF, 0x0E, 0x01, 0x20, 0xFE, 0xF2, 0x1F, 0xEF, 0xF0, 0xF0, 0x02, 0x1E
    .byte   0x01, 0x22, 0xFE, 0x11, 0x1E, 0xE1, 0x22, 0x33, 0x1F, 0xEE,    8, 0x03, 0x32, 0x0E, 0xEF, 0x23
    .byte   0x21, 0xEE, 0xDE, 0xE1, 0x2F, 0xDE, 0xDF, 0xF0, 0x12, 0xEE, 0xEF, 0x03, 0x22, 0x0E, 0xE0, 0x12
    .byte   0x22, 0xFE, 0xEE, 0xE2, 0x22, 0xFE, 0xEE, 0xE1, 0x22, 0x2F, 0xEE,  -14, 0x01, 0x12, 0x00, 0xEF
    .byte   0xF0, 0x01, 0x0F, 0xEE, 0xE0, 0x21, 0x11, 0x23, 0x21, 0xF1, 0x22, 0x23, 0x22, 0x2F, 0xFF, 0x12
    .byte   0x11, 0x10, 0xDE, 0xED, 0xFF, 0xFF, 0x1D, 0xEE, 0xFF, 0x01, 0x11, 0x00,   -9, 0x00, 0x02, 0x02
    .byte   0x11, 0xFF, 0x0F, 0x1F, 0x11, 0xFF, 0xFF, 0x01, 0x2E, 0xFF, 0xF0, 0x11, 0x10, 0xEE, 0x0F, 0x01
    .byte   0x11, 0xFE, 0xEF, 0xF0, 0xF1, 0x10, 0xFF, 0x00, 0x11, 0x33, 0x11, 0x11, 0x12,   13, 0x02, 0x32
    .byte   0x11, 0x10, 0x11, 0x11, 0x0E, 0xFE, 0xED, 0xE1, 0xE1, 0xE0, 0xEE, 0xEF, 0xF0, 0x1F, 0x11, 0x1F
    .byte   0xF0, 0x11, 0x10, 0x20, 0x0F, 0xF0, 0xF1, 0x11, 0x11, 0xF0, 0xE0, 0xF1, 0x11, 0xFF,   -6, 0x00
    .byte   0xEF, 0x0F, 0x00, 0x00, 0xFE, 0xFF, 0xF0, 0x0F, 0x1F, 0x00, 0x01, 0x03, 0x22, 0x21, 0x11, 0x02
    .byte   0x22, 0x32, 0x21, 0x10, 0xF1, 0xF1, 0x1F, 0xFE, 0xEE, 0xDF, 0xEE, 0xFF, 0xF0, 0xEE, 0xEF,  -14
    .byte   0x01, 0x11, 0x12, 0xF1, 0xF0, 0x00, 0x12, 0x11, 0xF0, 0xFF, 0x00, 0x11, 0x11, 0xFF, 0x0E, 0x0F
    .byte   0xF1, 0x0F, 0x0E, 0x00, 0xE0, 0x00, 0x0F, 0xF0, 0x00, 0xE0, 0x01, 0x00, 0x02, 0x12, 0x22, 0x21
    .byte      5, 0x01, 0x12, 0x22, 0x23, 0x12, 0x11, 0x0E, 0x0F, 0x00, 0xEF, 0xEE, 0xEE, 0xEE, 0xEF, 0xF0
    .byte   0xEF, 0xFE, 0xE1, 0x11, 0x11, 0xF2, 0xF1, 0x0F, 0xF1, 0x11, 0x11, 0x11, 0x00, 0xF0, 0xF0, 0x10
    .byte   0x10,   -2, 0x0F, 0xFE, 0x0E, 0x01, 0xFF, 0xF0, 0x0E, 0x00, 0x10, 0xF1, 0x0E, 0x0F, 0x11, 0x12
    .byte   0x23, 0x20, 0x20, 0x00, 0x2F, 0x32, 0x22, 0x22, 0x11, 0x0E, 0x0E, 0x0F, 0xEE, 0xEE, 0xEE, 0xEF
    .byte   0xFF, 0xFF,   -3, 0x0F, 0xFE, 0xFF, 0x00, 0x12, 0x01, 0x10, 0xF0, 0x0F, 0xF0, 0x02, 0x01, 0x00
    .byte   0x0F, 0xF0, 0x00, 0x1F, 0xFF, 0x0E, 0xFF, 0xFF, 0x11, 0xF0, 0xFF, 0xF0, 0xF0, 0xF0, 0x0F, 0x0F
    .byte   0x01, 0x02, 0x23,    1, 0x01, 0x20, 0x10, 0x22, 0x22, 0x31, 0x22, 0x1F, 0xF0, 0xEE, 0xFE, 0xFE
    .byte   0xEE, 0xEE, 0xEE, 0x0F, 0xFF, 0xF0, 0xFF, 0xFF, 0x01, 0x01, 0x20, 0x00, 0xF1, 0xFF, 0xF1, 0x11
    .byte   0x10, 0xF0, 0xF0, 0xFF,   -6, 0x01, 0x0E, 0x1F, 0x0E, 0x00, 0x00, 0x1F, 0xF0, 0x0E, 0x10, 0x11
    .byte   0x0F, 0xF0, 0xE0, 0x11, 0x13, 0x32, 0x12, 0xF1, 0x12, 0x02, 0x32, 0x32, 0x00, 0xFE, 0xEF, 0xFE
    .byte   0xFF, 0xEE, 0xDE, 0xEE, 0xFF,   -5, 0x00, 0x10, 0x0E, 0xF0, 0xF0, 0x00, 0x21, 0x11, 0x00, 0xE0
    .byte   0xFF, 0x01, 0x11, 0x10, 0x0F, 0xFF, 0xF0, 0x11, 0x1F, 0xFF, 0xF0, 0xE0, 0xF0, 0x00, 0xFF, 0xF0
    .byte   0x0E, 0x0F, 0x1F, 0x01, 0x11, 0x23,   -1, 0x02, 0x12, 0x12, 0x02, 0x22, 0x32, 0x22, 0x2F, 0xEE
    .byte   0xEE, 0xFE, 0xFE, 0xEE, 0xDE, 0xEE, 0xF0, 0x01, 0x11, 0x0E, 0x1F, 0x10, 0x12, 0x11, 0x10, 0xFE
    .byte   0xF0, 0x00, 0x00, 0x00, 0x0E, 0xFF, 0x01,  -10, 0x01, 0x10, 0xFE, 0xFF, 0x00, 0x1F, 0x1F, 0xEE
    .byte   0xF0, 0x0F, 0x0F, 0xFF, 0xFF, 0x12, 0x23, 0x33, 0x22, 0x21, 0x21, 0x23, 0x23, 0x22, 0xFE, 0xED
    .byte   0xEE, 0xFE, 0xEE, 0xDD, 0xED, 0xE0, 0x20, 0x20,   -7, 0x00, 0xFF, 0x02, 0x22, 0x21, 0x11, 0xFE
    .byte   0x0F, 0x01, 0x0F, 0xEE, 0xEE, 0xEF, 0x02, 0x10, 0xFE, 0xFE, 0x10, 0x11, 0x00, 0xEF, 0xEF, 0xF0
    .byte   0xE0, 0xFE, 0xFF, 0x02, 0x22, 0x34, 0x34, 0x22, 0x22,   39, 0x02, 0x33, 0x23, 0xFE, 0xDD, 0xED
    .byte   0xEE, 0xED, 0xDD, 0xDD, 0xEE, 0x22, 0x21, 0x02, 0x12, 0x23, 0x23, 0x11, 0xEE, 0xF1, 0x00, 0xFE
    .byte   0xEE, 0xED, 0xEE, 0x11, 0x10, 0xEF, 0x0E, 0x00, 0x12, 0xF0,  -23, 0x0E, 0xEF, 0xEF, 0x0E, 0xEE
    .byte   0xEF, 0xF1, 0x22, 0x34, 0x45, 0x42, 0x21, 0x23, 0x33, 0x31, 0xEE, 0xDC, 0xED, 0xFD, 0xDC, 0xDC
    .byte   0xED, 0x01, 0x23, 0x2F, 0x12, 0x33, 0x43, 0x21, 0xFF, 0xEE, 0xFF,   24, 0x0E, 0xDD, 0xDD, 0xFF
    .byte   0xEF, 0xF0, 0x1F, 0x02, 0x21, 0x0F, 0xFF, 0x1F, 0xEE, 0xEE, 0xDE, 0xED, 0xEE, 0xEF, 0xF3, 0x43
    .byte   0x44, 0x55, 0x42, 0x22, 0x32, 0x31, 0xEE, 0xDC, 0xDC, 0xDE, 0xDC, 0xCC,  -43, 0x0E, 0x13, 0x21
    .byte   0x33, 0x23, 0x35, 0x33, 0x11, 0xEE, 0xF1, 0xDD, 0xDD, 0xCD, 0xDF, 0xEF, 0xFE, 0xE2, 0x33, 0x23
    .byte   0x21, 0x0E, 0xF1, 0x01, 0xDD, 0xCE, 0xDE, 0xDE, 0xED, 0xD1, 0x13, 0x44, 0x44,   11, 0x06, 0x53
    .byte   0xFF, 0x23, 0x30, 0xFC, 0xCC, 0xCC, 0xDF, 0xDC, 0xBC, 0xF2, 0x34, 0x22, 0x23, 0x44, 0x44, 0x3F
    .byte   0xDE, 0xEE, 0xEE, 0xCC, 0xCD, 0xDE, 0xE1, 0x0E, 0xE2, 0x34, 0x43, 0x2F, 0xF2, 0x2F,   17, 0x0D
    .byte   0xDC, 0xDD, 0xDE, 0xDD, 0xDD, 0xE0, 0x22, 0x13, 0x44, 0x44, 0x56, 0x54, 0x1D, 0xE2, 0x21, 0xDC
    .byte   0xBC, 0xCD, 0xEF, 0xDC, 0xBE, 0x34, 0x43, 0x20, 0x24, 0x54, 0x21, 0xFD, 0xDD, 0x1F, 0xCC,  -19
    .byte   0x0C, 0xE2, 0x1E, 0xE1, 0x23, 0x34, 0x43, 0x20, 0x2F, 0x0E, 0xDC, 0xCD, 0xED, 0xDC, 0xDE, 0x12
    .byte   0x0F, 0xEF, 0x13, 0x33, 0x24, 0x34, 0x46, 0x64, 0xDC, 0xD3, 0x40, 0xCB, 0xBE, 0xDE, 0xF2, 0xDC
    .byte    -36, 0x0F, 0x45, 0x3D, 0xD1, 0x45, 0x40, 0xED, 0xDE, 0xE1, 0x0D, 0xBC, 0xE2, 0x33, 0xDD, 0x13
    .byte   0x34, 0x32, 0x1D, 0xF3, 0x3F, 0xCC, 0xCF, 0xED, 0xDD, 0xDD, 0xFF, 0x22, 0x0D, 0xE3, 0x33, 0xEF
    .byte   0x24,  -20, 0x03, 0x44, 0x55, 0x3C, 0xC3, 0x41, 0xDC, 0xCE, 0xEE, 0x21, 0xFD, 0xCD, 0x44, 0x3C
    .byte   0xDF, 0x34, 0x1F, 0xDD, 0xEE, 0xFF, 0xFD, 0xCD, 0x33, 0x21, 0x22, 0x23, 0x31, 0x2E, 0xEE, 0x22
    .byte   0xED, 0xDE,  -12, 0x0E, 0xDE, 0xDD, 0xEE, 0x11, 0xFE, 0xEF, 0x22, 0x0E, 0xFF, 0x12, 0x34, 0x33
    .byte   0x45, 0x64, 0xCC, 0x44, 0x2C, 0xCD, 0xEE, 0xF2, 0xFE, 0xDD, 0xF4, 0x3D, 0xCD, 0x32, 0xF2, 0xFD
    .byte   0xDE, 0x10, 0xEE,  -20, 0x0D, 0x04, 0x3E, 0x12, 0x23, 0x33, 0xED, 0xF1, 0x2E, 0x1D, 0xEE, 0xFE
    .byte   0xDF, 0xDD, 0xD2, 0xFE, 0xEE, 0xFF, 0xF0, 0xEF, 0x00, 0xEE, 0x03, 0x34, 0x42, 0x46, 0x5F, 0xD2
    .byte   0x43, 0xCD, 0xED, 0xD1,   45, 0x00, 0xDD, 0xF0, 0x22, 0x1D, 0xDF, 0x01, 0x11, 0xDD, 0xE1, 0x2D
    .byte   0xDD, 0xF1, 0x32, 0x1F, 0x13, 0x33, 0x1E, 0xEF, 0x23, 0x1E, 0xDE, 0x12, 0xFD, 0xDD, 0xDD, 0x00
    .byte   0xDD, 0xE2, 0x2F, 0xE0, 0xDD,  -75, 0x03, 0xED, 0x24, 0x44, 0x35, 0x54, 0x00, 0x44, 0xDD, 0x12
    .byte   0xDC, 0x23, 0x0D, 0xD3, 0x0E, 0xE0, 0xFC, 0xD2, 0x2E, 0xDD, 0xE0, 0xFE, 0x0D, 0xEE, 0x23, 0x2E
    .byte   0x22, 0x22, 0x32, 0xFE, 0x02, 0x3E,   12, 0x0F, 0x10, 0xFE, 0xED, 0xC0, 0xE0, 0xDD, 0xEE, 0x2F
    .byte   0xEF, 0xEE, 0xEF, 0xEF, 0x03, 0x33, 0x33, 0x56, 0x2E, 0x24, 0x2E, 0x13, 0xEC, 0xE4, 0x3D, 0xD1
    .byte   0x2D, 0x00, 0xFC, 0xC1, 0x20, 0xDE, 0xEE,   -9, 0x0F, 0x10, 0xDD, 0x13, 0x2F, 0x11, 0x21, 0x32
    .byte   0x0E, 0xF2, 0x30, 0xFF, 0x01, 0x01, 0xFD, 0xDE, 0xEE, 0xDE, 0xDE, 0xE1, 0x10, 0xEE, 0xFF, 0xFF
    .byte   0xEE, 0x02, 0x33, 0x24, 0x44, 0x23, 0x32, 0x22,   46, 0x02, 0xFF, 0x23, 0x20, 0xF0, 0xEE, 0xFE
    .byte   0xED, 0xDF, 0xE0, 0xEE, 0xEE, 0x0E, 0xFE, 0xD0, 0xF0, 0x21, 0x1F, 0xF1, 0x21, 0x0E, 0x00, 0x10
    .byte   0x20, 0x0F, 0x01, 0x0F, 0xEF, 0xFE, 0xEF, 0xEE, 0xDF,  -38, 0x0E, 0xEE, 0xEE, 0xEE, 0xEE, 0xFF
    .byte   0x02, 0x23, 0x43, 0x33, 0x34, 0x23, 0x33, 0x33, 0x33, 0x32, 0x22, 0x0E, 0xF0, 0xDD, 0xDE, 0xED
    .byte   0xEE, 0xDD, 0xEE, 0xDD, 0xDE, 0xED, 0x01, 0x0E, 0xF0, 0x2F,  -30, 0x00, 0x1F, 0xF2, 0x21, 0x22
    .byte   0x12, 0x12, 0x0E, 0x0E, 0xFF, 0xEF, 0xEE, 0xEE, 0xEE, 0xED, 0xEE, 0xE1, 0x02, 0x33, 0x42, 0x42
    .byte   0x33, 0x33, 0x23, 0x33, 0x33, 0x22, 0x2F, 0xEE, 0xEE, 0xDD, 0xDF,   41, 0x0E, 0xEE, 0xDE, 0xDF
    .byte   0xDE, 0xDE, 0xEE, 0x10, 0xF0, 0xF1, 0x01, 0xF1, 0xF0, 0x12, 0x12, 0x22, 0x12, 0x01, 0x0F, 0xEF
    .byte   0x0E, 0x0E, 0xEE, 0xEE, 0xEE, 0xDE, 0xEE, 0xE0, 0x02, 0x33, 0x43, 0x23,    3, 0x03, 0x33, 0x31
    .byte   0x33, 0x33, 0x32, 0x10, 0xEF, 0xEE, 0xDD, 0xDE, 0xEF, 0xEE, 0xDE, 0xDF, 0xDD, 0xDE, 0xEE, 0x11
    .byte   0xFF, 0x01, 0x10, 0xF0, 0x01, 0x12, 0x22, 0x02, 0x20, 0x10, 0xFE, 0xFF, 0xFF,  -18, 0x0E, 0xFE
    .byte   0xEE, 0xED, 0xED, 0xEF, 0xFF, 0x22, 0x24, 0x33, 0x42, 0x33, 0x33, 0x32, 0x33, 0x33, 0x22, 0x0F
    .byte   0x0E, 0xEE, 0xDD, 0xED, 0xEE, 0xEE, 0xDD, 0xED, 0xED, 0xED, 0xEF, 0xF1, 0xF0, 0x01,  -29, 0x0F
    .byte   0x10, 0x10, 0x22, 0x22, 0x20, 0x21, 0x1F, 0xFF, 0xFE, 0xFF, 0xEE, 0xEF, 0xEE, 0xED, 0xFD, 0xEE
    .byte   0xFE, 0x02, 0x23, 0x43, 0x33, 0x33, 0x33, 0x32, 0x33, 0x33, 0x32, 0x20, 0xFF, 0xEE, 0xDD,   60
    .byte   0x0D, 0xEE, 0xEE, 0xDE, 0xDE, 0xED, 0xDD, 0xEE, 0xFF, 0xF0, 0x10, 0x02, 0x00, 0x01, 0x02, 0x21
    .byte   0x22, 0x20, 0x20, 0x0F, 0xFE, 0xFE, 0xFE, 0xEE, 0xEE, 0xEE, 0xED, 0xDF, 0xFF, 0xF1, 0x23, 0x42
    .byte    -21, 0x03, 0x33, 0x33, 0x33, 0x23, 0x33, 0x32, 0x22, 0x0F, 0xEE, 0xDD, 0xDE, 0xDE, 0xEE, 0xEE
    .byte   0xDE, 0xED, 0xDE, 0xDE, 0xEF, 0xF0, 0x02, 0x01, 0x01, 0x00, 0x10, 0x21, 0x22, 0x21, 0x21, 0x0F
    .byte   0xFE,  -13, 0x0F, 0xEE, 0xFE, 0xEE, 0xEE, 0xED, 0xEE, 0xFF, 0xF1, 0x23, 0x43, 0x33, 0x33, 0x33
    .byte   0x33, 0x23, 0x33, 0x32, 0x21, 0x1F, 0xEE, 0xDD, 0xDE, 0xDE, 0xFD, 0xEE, 0xDE, 0xED, 0xDE, 0xDE
    .byte   0xFE, 0x10,  -34, 0x02, 0x10, 0x10, 0xF0, 0x10, 0x22, 0x22, 0x22, 0x2F, 0x0F, 0xFE, 0xEE, 0xFE
    .byte   0xEE, 0xEE, 0xED, 0xEE, 0xDF, 0xEF, 0x12, 0x33, 0x43, 0x33, 0x34, 0x33, 0x22, 0x33, 0x33, 0x32
    .byte   0x0F, 0xFE, 0xED,   67, 0x0D, 0xED, 0xED, 0x1D, 0xEE, 0xED, 0xDD, 0xED, 0xEF, 0xF0, 0x21, 0x10
    .byte   0x21, 0xFF, 0xFF, 0x02, 0x22, 0x22, 0x21, 0x2E, 0xFE, 0xEE, 0xEF, 0xEF, 0xEE, 0xEE, 0xEE, 0xED
    .byte   0xEE, 0x10, 0x24, 0x33,  -18, 0x03, 0x34, 0x33, 0x22, 0x33, 0x33, 0x31, 0x21, 0xFF, 0xDE, 0xDD
    .byte   0xDD, 0xEE, 0xEE, 0xDE, 0xEE, 0xDD, 0xED, 0xEE, 0xF0, 0x22, 0x11, 0x21, 0x10, 0xEF, 0x00, 0x23
    .byte   0x12, 0x22, 0x10, 0xE0, 0xDE,  -17, 0x0E, 0x0E, 0xEF, 0xEE, 0xEE, 0xDE, 0xEE, 0xF0, 0x13, 0x34
    .byte   0x33, 0x34, 0x23, 0x33, 0x23, 0x34, 0x22, 0x21, 0x10, 0xED, 0xDD, 0xDE, 0xDE, 0xED, 0xEE, 0xEE
    .byte   0xDE, 0xDD, 0xEE, 0x0F, 0x02, 0x11,  -23, 0x01, 0x10, 0xE0, 0x10, 0x22, 0x22, 0x22, 0x12, 0xFE
    .byte   0xEE, 0xEE, 0xEE, 0xEE, 0xEE, 0xEE, 0xED, 0xFE, 0xE1, 0x33, 0x33, 0x33, 0x42, 0x43, 0x13, 0x33
    .byte   0x33, 0x31, 0x20, 0x2E, 0xEE, 0xDD, 0xDD,   42, 0x0E, 0xDD, 0xEE, 0xEE, 0xDD, 0xDD, 0xF0, 0x11
    .byte   0xF2, 0x02, 0x0F, 0xF0, 0xE0, 0x22, 0x22, 0x12, 0x11, 0x10, 0xEE, 0xEF, 0xEF, 0xEE, 0xEE, 0xDE
    .byte   0xED, 0xEE, 0x13, 0x45, 0x34, 0x34, 0x42, 0x32,   54, 0x0D, 0x12, 0x21, 0x01, 0x0F, 0x21, 0xDD
    .byte   0xEC, 0x21, 0xDE, 0xEE, 0x1F, 0xFE, 0xDC, 0x0F, 0xEF, 0x10, 0x13, 0x33, 0x2E, 0x22, 0x11, 0x01
    .byte   0x10, 0x12, 0x0E, 0xDE, 0xEE, 0xDD, 0xED, 0xDE, 0xFE,  -64, 0x0E, 0xFE, 0xD1, 0x21, 0xF4, 0x65
    .byte   0x34, 0x45, 0x32, 0x2E, 0xCC, 0x21, 0xED, 0xD2, 0x20, 0x2F, 0xED, 0xE2, 0x1D, 0xDE, 0x0E, 0xEE
    .byte   0xED, 0xDE, 0x21, 0xD1, 0x23, 0x32, 0x33, 0xF1, 0x32, 0xFE,   14, 0x02, 0xFE, 0x0F, 0xDF, 0xEE
    .byte   0xED, 0xDE, 0xEE, 0xEE, 0xEE, 0xFE, 0xEE, 0xD2, 0x20, 0x04, 0x64, 0x44, 0x35, 0x33, 0x1E, 0xCD
    .byte   0xFF, 0xED, 0xD2, 0x20, 0x2F, 0xEE, 0xF2, 0xFD, 0xCE, 0x1D, 0xED,  -21, 0x0E, 0xD2, 0x1F, 0xE1
    .byte   0x33, 0x33, 0x22, 0x22, 0x30, 0xED, 0xF2, 0xEE, 0xEE, 0xEE, 0x0E, 0xDD, 0xEF, 0xEE, 0xDE, 0xEE
    .byte   0x1D, 0xEE, 0xE2, 0x02, 0x36, 0x54, 0x44, 0x45, 0x01, 0xEC, 0xCE, 0x1E,   34, 0x0D, 0xE3, 0x22
    .byte   0x1E, 0xE1, 0x22, 0xDC, 0xEF, 0xDE, 0xDD, 0xED, 0x21, 0x1E, 0x23, 0x42, 0x22, 0x22, 0x13, 0x0D
    .byte   0xD1, 0x22, 0xDD, 0x00, 0xFE, 0xDD, 0xEE, 0xFE, 0xDE, 0xE0, 0xEE, 0xDF, 0xDD,  -85, 0x02, 0x15
    .byte   0x65, 0x43, 0x46, 0x3E, 0xED, 0xDC, 0xDE, 0xDD, 0xE2, 0x31, 0x22, 0x01, 0x21, 0xED, 0xCF, 0xFD
    .byte   0xCD, 0xEE, 0xFE, 0x01, 0x23, 0x33, 0x32, 0x31, 0x21, 0xEE, 0xE1, 0x10, 0xED, 0x2F,   -2, 0x0E
    .byte   0xDD, 0xFF, 0xEE, 0xDE, 0x10, 0xEE, 0xED, 0xDE, 0xFE, 0x04, 0x66, 0x34, 0x45, 0x42, 0xED, 0xDC
    .byte   0xD1, 0xCD, 0xD2, 0x33, 0xF1, 0x22, 0x21, 0xED, 0xDE, 0xFD, 0xCC, 0xEF, 0x0E, 0xE1, 0x23,  -11
    .byte   0x03, 0x22, 0x23, 0x20, 0xED, 0x10, 0x2E, 0xEF, 0xFF, 0xEF, 0xDD, 0xD1, 0xFD, 0xDF, 0x2F, 0xEE
    .byte   0xEE, 0xCD, 0x2F, 0xF3, 0x66, 0x43, 0x45, 0x5F, 0xEE, 0xDC, 0xDD, 0xDD, 0xD2, 0x32, 0xF2, 0x23
    .byte     43, 0x01, 0xFD, 0xDE, 0xED, 0xCC, 0xE0, 0xEE, 0xE2, 0x23, 0x33, 0x32, 0x22, 0x3E, 0xEE, 0xF1
    .byte   0x0E, 0xE0, 0xF0, 0xED, 0xED, 0x0E, 0x1D, 0xD0, 0x20, 0xDE, 0xEE, 0xCD, 0x2F, 0xE3, 0x66, 0x43
    .byte   0x46,   88, 0x0E, 0xEF, 0xEC, 0xCE, 0xDD, 0xD2, 0x32, 0xE2, 0x32, 0x2E, 0xEE, 0xED, 0xFD, 0xCD
    .byte   0xEE, 0xDE, 0xE2, 0x3F, 0x32, 0x33, 0x23, 0xF0, 0x10, 0xF0, 0xFE, 0xFE, 0x2F, 0xDE, 0xDE, 0xFD
    .byte   0xEE, 0xD2,  -37, 0x0E, 0xDE, 0xFD, 0xDD, 0xE1, 0x04, 0x65, 0x35, 0x46, 0x3E, 0x0F, 0xDC, 0xDD
    .byte   0xCD, 0xF2, 0x3E, 0x13, 0x31, 0x2E, 0xEE, 0xEE, 0xDD, 0xCE, 0xFD, 0xDD, 0x22, 0x22, 0x13, 0x33
    .byte   0x30, 0x01, 0x20,   17, 0x0E, 0xE1, 0x2E, 0xED, 0xFE, 0xFD, 0xDE, 0xEE, 0xF1, 0xEE, 0xEF, 0xFD
    .byte   0xCE, 0x20, 0xF5, 0x64, 0x34, 0x56, 0xEE, 0x00, 0xDC, 0xDD, 0xDE, 0xE3, 0x1E, 0x24, 0x1E, 0xFF
    .byte   0xFE, 0xDE, 0xEC, 0xD0,  -12, 0x0D, 0xDE, 0x22, 0x0F, 0x33, 0x31, 0x31, 0x12, 0x1F, 0xEF, 0xF2
    .byte   0xED, 0xFE, 0xEF, 0xDD, 0xFE, 0xD0, 0x1E, 0xEF, 0xEE, 0xEC, 0xF2, 0xE2, 0x46, 0x44, 0x45, 0x50
    .byte   0xE2, 0x2D, 0xCD, 0xCE, 0xE1,   28, 0x0F, 0xE3, 0x32, 0xD0, 0x01, 0xED, 0xDE, 0xDE, 0xED, 0xDE
    .byte   0x1F, 0xF0, 0x13, 0x32, 0x22, 0x23, 0x1E, 0x01, 0x0E, 0x1E, 0xEF, 0xEE, 0xED, 0xEF, 0xED, 0xE0
    .byte   0xFE, 0x0D, 0x1D, 0xD0, 0x1F, 0xF5,  -21, 0x03, 0x44, 0x55, 0xFE, 0x23, 0xDC, 0xDD, 0xFE, 0xFE
    .byte   0x12, 0x32, 0xEE, 0x2E, 0x0E, 0xDE, 0xEE, 0xDE, 0xED, 0xEE, 0xF0, 0xE1, 0x32, 0x21, 0x33, 0x11
    .byte   0x01, 0x21, 0xE0, 0xE0, 0x1D, 0xDE, 0xFD,  -28, 0x0D, 0xE1, 0xFE, 0xD1, 0xE0, 0xDD, 0x01, 0x12
    .byte   0x55, 0x34, 0x36, 0x4E, 0x13, 0x2D, 0xCD, 0xD2, 0x0D, 0x01, 0x23, 0x0D, 0x02, 0xFE, 0xDD, 0xF1
    .byte   0xDD, 0xEE, 0xE1, 0xDE, 0xF2, 0x11, 0x02, 0x33,    1, 0x01, 0x22, 0x22, 0xEF, 0x10, 0xEE, 0xDE
    .byte   0xFE, 0xDD, 0xEE, 0x1E, 0xDF, 0xEE, 0x0D, 0xE1, 0x1F, 0x35, 0x42, 0x45, 0x54, 0xD2, 0x42, 0xCC
    .byte   0xEF, 0x2D, 0xDF, 0x22, 0x2F, 0xD2, 0x2E, 0xDD, 0xFF,   11, 0x0D, 0xD0, 0x0E, 0xED, 0xF2, 0x1E
    .byte   0xE2, 0x32, 0x20, 0x23, 0x20, 0x20, 0x12, 0xEE, 0x1D, 0xD1, 0xDD, 0xFD, 0xE1, 0xDE, 0xEE, 0xFE
    .byte   0xD0, 0x00, 0xF3, 0x62, 0x34, 0x56, 0xEE, 0x34, 0x2B, 0xDF,   49, 0x01, 0xCD, 0x32, 0x2E, 0xE0
    .byte   0x20, 0xDD, 0xEF, 0xFD, 0xDE, 0x11, 0xED, 0xE1, 0x2F, 0xDF, 0x33, 0xFE, 0x23, 0x32, 0xF1, 0x22
    .byte   0xFE, 0xEF, 0xFD, 0xED, 0xEE, 0xDE, 0xEF, 0xED, 0xEF, 0xEE, 0xE1,  -70, 0x01, 0x35, 0x24, 0x45
    .byte   0x5F, 0x04, 0x3E, 0xDD, 0xF0, 0xED, 0xE1, 0x20, 0x0E, 0xE2, 0xEE, 0xDE, 0xF1, 0xDD, 0x11, 0x0E
    .byte   0xD0, 0x11, 0xDE, 0x22, 0x0E, 0x22, 0x31, 0x12, 0x32, 0xF0, 0xF1, 0x0D,   -3, 0x0F, 0xFD, 0xDD
    .byte   0xF1, 0xDD, 0xEF, 0xFE, 0xDE, 0x21, 0xE3, 0x52, 0x44, 0x55, 0xFF, 0x44, 0xEC, 0xE0, 0x2D, 0xDE
    .byte   0x22, 0x0E, 0xEF, 0x1E, 0xDD, 0xFF, 0x0D, 0xE1, 0x2E, 0xEE, 0xE2, 0xED, 0xE1,  -17, 0x0E, 0xE2
    .byte   0x32, 0x2E, 0x32, 0x20, 0x00, 0x21, 0xED, 0x0F, 0xDD, 0xD0, 0xED, 0xDE, 0xFE, 0xED, 0x02, 0xEE
    .byte   0x35, 0x23, 0x45, 0x52, 0x04, 0x4E, 0xDE, 0x20, 0xDD, 0x02, 0xFF, 0xEE, 0xF0, 0xDD,   15, 0x0E
    .byte   0xFE, 0xEE, 0x21, 0xEF, 0xEF, 0x1E, 0xDE, 0xF2, 0xFE, 0x12, 0x31, 0x02, 0x32, 0x01, 0x12, 0x1E
    .byte   0xE0, 0xEE, 0xDD, 0xEE, 0xDD, 0xEF, 0xED, 0xEE, 0x2E, 0xE3, 0x52, 0x34, 0x45, 0x32, 0x43,   71
    .byte   0x0D, 0xF2, 0x1D, 0xD1, 0x2F, 0xEE, 0xEF, 0xED, 0xDE, 0xFE, 0xDE, 0x12, 0x0E, 0x1F, 0xFF, 0xEE
    .byte   0xEE, 0x2E, 0xE2, 0x12, 0x21, 0x22, 0x21, 0x22, 0x10, 0xE0, 0x1E, 0xDE, 0xEE, 0xDE, 0xDE, 0xED
    .byte    -62, 0x0E, 0xFE, 0xE1, 0x34, 0x23, 0x45, 0x41, 0x35, 0x3E, 0xE2, 0x3E, 0xDF, 0x21, 0xED, 0xF0
    .byte   0xED, 0xDD, 0x0D, 0xEE, 0xF1, 0xFF, 0x01, 0x0F, 0xFE, 0xEE, 0xFF, 0xEF, 0x12, 0x11, 0x23, 0x01
    .byte   0x22,    8, 0x0F, 0xFF, 0xFF, 0xEE, 0xEE, 0xED, 0xFD, 0xEE, 0xDD, 0xFE, 0xEE, 0x04, 0x30, 0x44
    .byte   0x45, 0xE4, 0x43, 0x0F, 0x23, 0xED, 0x12, 0x0E, 0xD0, 0x0D, 0xDD, 0xEE, 0xDD, 0xE0, 0x2E, 0xF1
    .byte   0x20, 0xE0,   -8, 0x0F, 0xEE, 0x1F, 0xE1, 0x21, 0x02, 0x21, 0x20, 0x20, 0x10, 0x01, 0xFE, 0xEF
    .byte   0xEE, 0xD0, 0xDE, 0xED, 0xDF, 0xEE, 0xE1, 0x33, 0x14, 0x44, 0x41, 0x44, 0x22, 0x13, 0x2E, 0xF1
    .byte   0x20, 0xDE, 0x0E,   43, 0x0D, 0xDF, 0xDD, 0xDF, 0x0F, 0xE0, 0x21, 0xE0, 0x0F, 0x0E, 0xE1, 0xFF
    .byte   0x01, 0x20, 0xF2, 0x21, 0x2E, 0x22, 0xFF, 0xF0, 0xFE, 0xE0, 0xFD, 0xED, 0xFE, 0xDE, 0xEE, 0xDF
    .byte   0x03, 0x31, 0x34, 0x44,    7, 0x04, 0x43, 0x12, 0x32, 0x0E, 0x22, 0xFE, 0xE0, 0xED, 0xDD, 0xEE
    .byte   0xCE, 0xEE, 0xFE, 0xE2, 0x2E, 0x0F, 0x1F, 0xEF, 0x0F, 0x0F, 0x02, 0x02, 0x11, 0x12, 0x00, 0x10
    .byte   0x0F, 0x10, 0xF0, 0xE0, 0xEE,  -21, 0x0E, 0xED, 0xDE, 0xEE, 0xEF, 0x23, 0x12, 0x44, 0x32, 0x44
    .byte   0x32, 0x23, 0x3F, 0xE3, 0x2E, 0xFE, 0x0E, 0xDD, 0xDE, 0xDC, 0xEE, 0xEF, 0xEF, 0x12, 0xE0, 0x10
    .byte   0xFE, 0x01, 0xFF, 0xF1, 0x21, 0x02,   -6, 0x01, 0x10, 0x01, 0xF1, 0xFF, 0x0F, 0xF0, 0xEF, 0xE0
    .byte   0xDE, 0xED, 0xEE, 0xEE, 0xFF, 0x32, 0x23, 0x34, 0x32, 0x44, 0x21, 0x33, 0x2F, 0x03, 0x0F, 0xEE
    .byte   0x1D, 0xDE, 0xDD, 0xDD, 0xD1, 0xEE, 0xE1,  -12, 0x00, 0xF0, 0x11, 0x0E, 0x01, 0xF0, 0x00, 0x20
    .byte   0x11, 0x02, 0x0F, 0x11, 0xF0, 0xE2, 0x0F, 0xEF, 0x0F, 0xEE, 0xEE, 0xEE, 0xD0, 0xEE, 0xE1, 0x32
    .byte   0xF3, 0x43, 0x32, 0x43, 0x31, 0x33, 0x20, 0x13,   72, 0x0F, 0xEE, 0xFE, 0xDD, 0xDE, 0xDD, 0xDF
    .byte   0xEE, 0xE0, 0x10, 0xFF, 0xF1, 0x1E, 0x11, 0x01, 0x01, 0x10, 0x20, 0x10, 0x1F, 0x01, 0x0F, 0xF0
    .byte   0x0F, 0x0E, 0x1F, 0xFE, 0xEE, 0x0D, 0xEE, 0x1E, 0xE0,  -44, 0x02, 0xF3, 0x33, 0x32, 0x34, 0x32
    .byte   0x23, 0x31, 0xE3, 0x12, 0x0D, 0x1E, 0xDE, 0xDD, 0xDD, 0xEE, 0xEE, 0xEF, 0xE1, 0x01, 0xF0, 0xFF
    .byte   0x0F, 0x10, 0x20, 0xF2, 0x11, 0x10, 0x12, 0xF0, 0x00, 0xFF,   -8, 0x00, 0xF0, 0xEF, 0xFE, 0xFE
    .byte   0xEF, 0xEE, 0xE0, 0xFE, 0xF3, 0x12, 0x13, 0x42, 0x23, 0x33, 0x22, 0x33, 0x12, 0x12, 0x10, 0x0E
    .byte   0xED, 0xFD, 0xDD, 0xEE, 0xDD, 0xFF, 0xEF, 0xFF, 0x0F, 0x01, 0x01,  -13, 0x00, 0x02, 0x10, 0x02
    .byte   0x02, 0xE0, 0x11, 0x0E, 0xF0, 0xFF, 0xEF, 0xF1, 0xEF, 0xFE, 0x0E, 0xF1, 0xEE, 0xF0, 0x0F, 0xF3
    .byte   0x12, 0x13, 0x32, 0x23, 0x33, 0x12, 0x23, 0x21, 0x21, 0x10, 0x0E, 0xEE,   39, 0x0E, 0xDE, 0xDE
    .byte   0xEE, 0xEE, 0xFE, 0x02, 0xEF, 0x10, 0x10, 0x01, 0x11, 0x11, 0x11, 0x01, 0x0F, 0x0F, 0x00, 0xEF
    .byte   0xFF, 0xFE, 0xF0, 0xFF, 0x0E, 0xFF, 0x00, 0xFF, 0x01, 0x1F, 0x01, 0x12, 0x3F,  -12, 0x02, 0x23
    .byte   0x22, 0x12, 0x32, 0x21, 0x02, 0x22, 0xFE, 0x01, 0xFE, 0xEE, 0xEE, 0xEE, 0xDE, 0xF1, 0xFE, 0xEF
    .byte   0x12, 0xE0, 0xE2, 0x02, 0x0F, 0xF0, 0x21, 0xFE, 0x01, 0x10, 0xE0, 0xE1, 0xF1, 0xED,  -20, 0x00
    .byte   0x2E, 0xD1, 0x12, 0x10, 0xEF, 0x21, 0x3E, 0xE1, 0x23, 0xEF, 0xE2, 0x32, 0x2D, 0x02, 0x42, 0xEE
    .byte   0xE3, 0x4F, 0xED, 0x13, 0x31, 0xDD, 0x13, 0x3E, 0xCD, 0x22, 0x2D, 0xDE, 0x22, 0x1D, 0xEE,    0
    .byte   0x02, 0xE0, 0xFE, 0x22, 0x0F, 0xEF, 0xF2, 0x0E, 0xD1, 0xE3, 0x1E, 0xD2, 0x02, 0xFD, 0x1D, 0x5D
    .byte   0xD2, 0xD4, 0x1E, 0xF1, 0x12, 0xE1, 0x3C, 0x34, 0xB4, 0xD2, 0x3E, 0x1E, 0x21, 0x03, 0x0D, 0xF2
    .byte     10, 0x0F, 0x1D, 0x13, 0xE2, 0x3D, 0xF0, 0xE4, 0xED, 0x11, 0x21, 0x2E, 0xD1, 0x04, 0xED, 0xD3
    .byte   0x13, 0xEC, 0x2E, 0x23, 0x2C, 0xDD, 0x44, 0xED, 0xA5, 0x30, 0x4A, 0x2D, 0x44, 0xD1, 0xA4, 0x5D
    .byte   0x2C,  -28, 0x04, 0x33, 0xC2, 0xB4, 0x41, 0x3A, 0x13, 0x25, 0xCB, 0x32, 0x34, 0xCD, 0xF0, 0x5D
    .byte   0x3C, 0xC4, 0x5D, 0xFC, 0xE4, 0x23, 0xC1, 0xC4, 0x41, 0xDC, 0xF2, 0x5D, 0xED, 0xD4, 0x24, 0xBE
    .byte   0x1E, 0x6B,    9, 0x0C, 0x04, 0xF2, 0xDE, 0xE3, 0x2F, 0x0C, 0x32, 0xF1, 0xD3, 0xD3, 0xFE, 0x1E
    .byte   0x20, 0x1E, 0x2E, 0x12, 0xD3, 0xD3, 0xEE, 0x2E, 0x12, 0xEF, 0x1E, 0x3F, 0xF0, 0x1E, 0x10, 0x2E
    .byte   0x01, 0xE3, 0xE2,   -5, 0x02, 0xFE, 0x30, 0xE0, 0xFE, 0x32, 0xEF, 0xD3, 0x02, 0x0D, 0x2F, 0x11
    .byte   0x2D, 0x12, 0xE3, 0xD1, 0x1D, 0x4D, 0x2E, 0x1F, 0x22, 0xD1, 0x2E, 0x12, 0xE1, 0x1E, 0x13, 0xD2
    .byte   0xD3, 0xE1, 0x2D, 0x21,   -1, 0x00, 0x2E, 0x2E, 0x02, 0xEE, 0x3D, 0x22, 0xE3, 0xD0, 0x2E, 0x11
    .byte   0xE2, 0x0F, 0x2E, 0x2E, 0x02, 0xE2, 0xD3, 0xE1, 0x2D, 0x3E, 0xE3, 0xD2, 0xFF, 0x01, 0x01, 0xFE
    .byte   0x3D, 0x3E, 0xFF, 0xF2, 0xE2,   -3, 0x00, 0x10, 0x21, 0xE1, 0xF0, 0x11, 0xE2, 0xE1, 0x2E, 0x01
    .byte   0xF0, 0x11, 0x01, 0xF1, 0xFE, 0x3D, 0x3D, 0x20, 0x2E, 0x1F, 0x2E, 0xE4, 0xC3, 0xEE, 0x20, 0xF2
    .byte   0xE1, 0x01, 0x01, 0xFF, 0x2D, 0x3E,    0, 0x02, 0xE1, 0xFF, 0x2E, 0x11, 0xE2, 0xE1, 0x2E, 0x20
    .byte   0xE2, 0xE1, 0x2D, 0x3E, 0xF2, 0xFE, 0x2F, 0xE3, 0xD1, 0x1E, 0x3E, 0x02, 0xD2, 0x10, 0xF2, 0xD3
    .byte   0xEE, 0x3E, 0x11, 0xE2, 0x10, 0x0F, 0xE1,    0, 0x00, 0x2E, 0x02, 0xD3, 0xE2, 0xE1, 0x0E, 0x3D
    .byte   0x3D, 0x22, 0xD3, 0xE0, 0x1E, 0x12, 0xE1, 0x01, 0x0F, 0x2E, 0xF2, 0xE0, 0x10, 0xE3, 0xD2, 0x0E
    .byte   0x3D, 0x3D, 0x02, 0xE3, 0xD2, 0xF0, 0x00, 0x2E,    2, 0x0F, 0xD3, 0xFF, 0x2D, 0x20, 0xF2, 0xF1
    .byte   0xD3, 0xD3, 0x2D, 0x3D, 0x22, 0xE2, 0xFD, 0x3D, 0x30, 0xE2, 0xE1, 0x11, 0x01, 0xEF, 0x10, 0x20
    .byte   0xE2, 0xE1, 0x2E, 0x1F, 0xE2, 0x2E, 0x2E, 0x01, 0xE3,    2, 0x0F, 0xE0, 0x11, 0x2E, 0x0F, 0x02
    .byte   0xF2, 0xEE, 0x2E, 0x2F, 0xF0, 0xE1, 0x20, 0xF2, 0xD3, 0xD3, 0xF1, 0xEE, 0x3D, 0x3E, 0xF1, 0xD4
    .byte   0xE0, 0x0E, 0xF1, 0x10, 0x2D, 0x20, 0x11, 0x2D, 0x2E, 0x12,   -1, 0x02, 0xE2, 0xD4, 0xD2, 0xEE
    .byte   0x2E, 0x3D, 0x3D, 0x2F, 0xF3, 0xC3, 0xEF, 0x3D, 0x21, 0xD3, 0x01, 0x01, 0xEE, 0x3D, 0x3E, 0xE2
    .byte   0xE2, 0xE3, 0xD2, 0x0E, 0x3E, 0x2D, 0x2E, 0x13, 0xD3, 0xD1, 0x01,    5, 0x0E, 0x0E, 0x02, 0xF2
    .byte   0xE1, 0xE1, 0x2F, 0x1F, 0xEF, 0x3D, 0x30, 0xD3, 0xD1, 0x3E, 0xFF, 0x0D, 0x4D, 0x22, 0xC4, 0xC4
    .byte   0xEE, 0x2D, 0x21, 0x21, 0xFF, 0xE2, 0xF0, 0x2D, 0x2E, 0xF4, 0xC3, 0xFD,   10, 0x0C, 0x3E, 0xE2
    .byte   0xE3, 0xD4, 0xC3, 0xFD, 0x4C, 0x4C, 0x3E, 0x12, 0xD2, 0x0F, 0x20, 0xE2, 0xD4, 0xC3, 0xE1, 0x0F
    .byte   0x3C, 0x5B, 0x31, 0xD4, 0xD1, 0xE2, 0xE1, 0x3D, 0x2E, 0x2F, 0x2F, 0xE1, 0xF2,    5, 0x0F, 0xEE
    .byte   0x2E, 0x3F, 0xEF, 0x1F, 0x2F, 0xE3, 0xC3, 0xF1, 0x2E, 0x1D, 0x3F, 0x2E, 0x0F, 0xF2, 0xE3, 0xD1
    .byte   0x2E, 0x21, 0xD3, 0xED, 0x3D, 0x30, 0xF2, 0xE2, 0xE1, 0x1E, 0x2D, 0x3E, 0x13, 0xD2,    2, 0x0F
    .byte   0x2D, 0x3E, 0xD4, 0xC3, 0x2C, 0x4D, 0x12, 0x0E, 0x02, 0xD4, 0xD2, 0xFE, 0x2E, 0x22, 0xD0, 0x2D
    .byte   0x4E, 0xE1, 0xD3, 0xF2, 0xFE, 0x1E, 0x21, 0xF0, 0xE2, 0xE4, 0xC3, 0x0D, 0x3D, 0x30, 0xEE,   -2
    .byte   0x00, 0x10, 0x0E, 0x3D, 0x23, 0xC4, 0xC2, 0x4B, 0x5D, 0xE3, 0xC3, 0x1F, 0x02, 0xC3, 0x3C, 0x4D
    .byte   0xE3, 0xD3, 0xFF, 0x0D, 0x4D, 0xF3, 0xC3, 0x2D, 0x4D, 0xE2, 0xE2, 0xF0, 0xE1, 0xF2, 0x3D, 0xFE
    .byte     -7, 0x02, 0x21, 0xE2, 0xD3, 0x11, 0x1D, 0x2E, 0x23, 0xC3, 0xED, 0x4E, 0x11, 0xD1, 0x2F, 0x13
    .byte   0xB4, 0x1D, 0x5C, 0x1E, 0xF3, 0x0F, 0xFD, 0x3D, 0x30, 0x2C, 0x3F, 0xD5, 0xB4, 0xDE, 0x30, 0x2E
    .byte   0x1E,   -6, 0x03, 0xE2, 0x0D, 0x2F, 0xF4, 0xC3, 0xDE, 0x4C, 0x4D, 0x1D, 0x22, 0xE4, 0xC1, 0x11
    .byte   0x21, 0x3B, 0x4D, 0xE5, 0xCF, 0x3C, 0x05, 0xB4, 0xDD, 0x4D, 0x30, 0xD1, 0xE2, 0x23, 0xDD, 0x4C
    .byte   0x4F, 0xC4,   -9, 0x02, 0x23, 0xEE, 0x1C, 0x5D, 0x2E, 0xD2, 0x03, 0xD3, 0xDD, 0x4E, 0x4D, 0xC2
    .byte   0x04, 0xE1, 0xDF, 0x1D, 0x5D, 0x0D, 0xC5, 0xF2, 0x1D, 0xD1, 0x31, 0x3D, 0xC3, 0xE4, 0x3D, 0xDE
    .byte   0xF3, 0x3D, 0x0D,  -14, 0x03, 0x30, 0x2D, 0xD3, 0xF3, 0x2C, 0xE1, 0x23, 0x3D, 0xDE, 0x04, 0x2D
    .byte   0xED, 0xF4, 0x12, 0xDD, 0x02, 0x32, 0xED, 0xE1, 0x33, 0x0D, 0xD0, 0x23, 0x1D, 0xEE, 0x23, 0x2F
    .byte   0xDE, 0x14, 0xE0, 0xDD,   -3, 0x02, 0x21, 0xDE, 0xF3, 0x31, 0xDD, 0xF2, 0x32, 0xED, 0xE0, 0x33
    .byte   0x0D, 0xD1, 0x23, 0x1E, 0xDE, 0x23, 0x20, 0xDE, 0xE3, 0x3F, 0xED, 0xE2, 0x23, 0x1D, 0xEE, 0x33
    .byte   0x1E, 0xD0, 0xE3, 0x2F, 0xED,   -9, 0x03, 0x22, 0xED, 0xFF, 0x32, 0x0D, 0xE0, 0x23, 0x1E, 0xEE
    .byte   0x22, 0x20, 0xDE, 0x02, 0x21, 0x0E, 0xE1, 0x22, 0x1E, 0xEF, 0x22, 0x2F, 0xEE, 0xF2, 0x20, 0xEE
    .byte   0x01, 0x21, 0xFE, 0xF0, 0x21, 0x0E,   -5, 0x00, 0x22, 0x0F, 0xEE, 0x21, 0x2F, 0xEF, 0x01, 0x10
    .byte   0xEF, 0x01, 0x20, 0xE0, 0xF0, 0x2F, 0x0E, 0x00, 0x20, 0x1F, 0x00, 0x20, 0x10, 0xF0, 0x12, 0x01
    .byte   0x11, 0x10, 0x20, 0x11, 0x00, 0x1F, 0x1F,   14, 0x0F, 0xF0, 0xE0, 0xFE, 0xF0, 0xE0, 0xEF, 0xFF
    .byte   0xFF, 0xFF, 0xFF, 0x10, 0x00, 0x0F, 0x1F, 0x00, 0x0F, 0xF0, 0x00, 0x00, 0xF0, 0x0F, 0x10, 0x00
    .byte   0x21, 0x12, 0x23, 0x32, 0x22, 0x22, 0x22, 0xF1,   41, 0x00, 0x1F, 0xEE, 0xEE, 0xEE, 0xDE, 0xDE
    .byte   0xEF, 0xEE, 0xF0, 0x21, 0x02, 0x12, 0x22, 0x3F, 0x11, 0x22, 0x0F, 0xEF, 0xFF, 0xFE, 0xEE, 0xFF
    .byte   0xFF, 0xFE, 0x00, 0x01, 0x0E, 0x01, 0x00, 0x0E, 0x01,  -20, 0x00, 0xE0, 0x0E, 0x01, 0xFF, 0xF2
    .byte   0x22, 0x23, 0x33, 0x22, 0x33, 0x20, 0x20, 0xFF, 0x10, 0xEE, 0xDF, 0xED, 0xED, 0xDF, 0xEE, 0x0F
    .byte   0xE0, 0x21, 0x21, 0x22, 0x22, 0x22, 0x10, 0x02, 0x1F, 0xEE,   10, 0x0F, 0xEE, 0xFE, 0xEF, 0xFF
    .byte   0xFF, 0x10, 0x10, 0x01, 0x0F, 0xF0, 0x0F, 0xFF, 0xF0, 0xE0, 0xEF, 0xFE, 0x0E, 0x00, 0x01, 0x22
    .byte   0x22, 0x34, 0x32, 0x23, 0x23, 0x11, 0x1F, 0x0F, 0x1E, 0xED, 0xEE,   17, 0x0E, 0xDD, 0xEE, 0xE0
    .byte   0x0E, 0xF1, 0x23, 0xF1, 0x22, 0x22, 0x21, 0x10, 0x11, 0x0E, 0xFE, 0x0E, 0x0E, 0xEF, 0xF0, 0xFF
    .byte   0xFF, 0x1F, 0x0F, 0x10, 0x0F, 0xF0, 0xFF, 0x0E, 0x0E, 0xF0, 0xE0, 0xE0,  -32, 0x0F, 0x00, 0x20
    .byte   0x12, 0x23, 0x13, 0x33, 0x32, 0x22, 0x32, 0xF1, 0x0E, 0x00, 0xFE, 0xDD, 0xFE, 0xED, 0xDE, 0xEE
    .byte   0x00, 0xFE, 0x12, 0x20, 0x20, 0x31, 0x21, 0x21, 0x10, 0x11, 0xEE, 0xFF, 0xFE,   -2, 0x0F, 0xEF
    .byte   0xF1, 0x0E, 0x10, 0x11, 0xF0, 0xF0, 0x00, 0x0F, 0xEF, 0x0F, 0xFE, 0xFF, 0xE0, 0xFF, 0xFF, 0x01
    .byte   0x21, 0x02, 0x22, 0x32, 0x33, 0x32, 0x22, 0x32, 0xF1, 0x0E, 0x01, 0xFF, 0xDD, 0xEF,   17, 0x0D
    .byte   0xED, 0x0D, 0x00, 0x0E, 0xE2, 0x22, 0x11, 0x22, 0x21, 0x22, 0xF0, 0x11, 0x1E, 0xE0, 0xFE, 0xFE
    .byte   0xFF, 0xE0, 0x10, 0xFE, 0x11, 0x10, 0x01, 0xE1, 0x1F, 0x0F, 0xEF, 0x0E, 0x0F, 0xE0, 0xFF,  -31
    .byte   0x01, 0xF0, 0x10, 0x21, 0x22, 0x22, 0x23, 0x42, 0x22, 0x22, 0x31, 0x01, 0xE0, 0xF0, 0x1D, 0xDE
    .byte   0xFF, 0xDD, 0xDF, 0xEE, 0x1F, 0xEE, 0x12, 0x20, 0xF2, 0x22, 0x22, 0x11, 0x02, 0x10, 0xFE, 0xFF
    .byte      5, 0x0F, 0xEF, 0xEF, 0x00, 0xFE, 0xF0, 0x10, 0x0F, 0xFF, 0x0F, 0x00, 0xE0, 0xFF, 0x0E, 0x0F
    .byte   0xF0, 0xFF, 0xF0, 0x10, 0x12, 0x02, 0x12, 0x22, 0x23, 0x33, 0x22, 0x13, 0x21, 0x11, 0xFF, 0xF1
    .byte   0xFE,   31, 0x0E, 0xFE, 0xDE, 0xDE, 0xEE, 0xFF, 0xEE, 0x12, 0x20, 0x11, 0x22, 0x21, 0x21, 0x02
    .byte   0x12, 0xEF, 0xFF, 0xFF, 0xEF, 0xEF, 0xF0, 0xE1, 0xE1, 0x0F, 0xFF, 0x00, 0xF1, 0xFF, 0xFF, 0x0E
    .byte   0x00, 0xFF,  -25, 0x00, 0x0F, 0xF1, 0x01, 0x00, 0x21, 0x02, 0x22, 0x22, 0x33, 0x31, 0x21, 0x23
    .byte   0x01, 0x1F, 0xE1, 0x11, 0xDD, 0xFE, 0xEE, 0xDE, 0xEE, 0xE1, 0xEE, 0xE1, 0x22, 0xFF, 0x12, 0x22
    .byte   0x12, 0x10, 0x22,   14, 0x0E, 0xFF, 0xFF, 0xFF, 0xFE, 0xFF, 0xFF, 0xEF, 0xF0, 0xFF, 0x0F, 0xF0
    .byte   0x01, 0x0E, 0x10, 0x0F, 0xE1, 0x00, 0xF0, 0xFF, 0x00, 0x11, 0x1F, 0x2F, 0x22, 0x22, 0x21, 0x33
    .byte   0x30, 0x12, 0x31, 0x11,   46, 0x0F, 0x00, 0x0E, 0xED, 0x0E, 0xEE, 0xDE, 0xEE, 0xE0, 0xEE, 0xF0
    .byte   0x20, 0xFF, 0x22, 0x12, 0x21, 0x11, 0x22, 0xFF, 0xF0, 0xF0, 0xE0, 0xEF, 0xFF, 0x0E, 0xE0, 0xF0
    .byte   0xF0, 0xFF, 0xF1, 0x1F, 0xFF,  -17, 0x0F, 0x0F, 0xF0, 0xFF, 0xF1, 0x0F, 0x00, 0x11, 0x11, 0x02
    .byte   0x02, 0x21, 0x22, 0x33, 0x12, 0x22, 0x22, 0x11, 0x0F, 0x00, 0x2E, 0xDE, 0x0E, 0xEE, 0xDE, 0xEE
    .byte   0xFF, 0xEE, 0xE0, 0x20, 0xFF, 0x20,   -9, 0x02, 0x20, 0x11, 0x22, 0xFF, 0x0F, 0x0F, 0x0F, 0xEF
    .byte   0x00, 0x0E, 0xFF, 0xFF, 0xF0, 0xFF, 0xF0, 0x1F, 0x0E, 0x01, 0xFF, 0xFF, 0x00, 0x00, 0x0F, 0xF1
    .byte   0x11, 0x10, 0x02, 0x02, 0x12, 0x12, 0x23,   20, 0x01, 0x21, 0x23, 0x10, 0x2E, 0x11, 0x11, 0xED
    .byte   0xFF, 0xEE, 0xED, 0xEE, 0xEF, 0x1D, 0xE0, 0x11, 0x0F, 0x10, 0x12, 0x21, 0x10, 0x22, 0x10, 0x00
    .byte   0x10, 0x10, 0xE0, 0xE1, 0x1F, 0xEF, 0xFF, 0xFF,  -10, 0x0F, 0xFF, 0x00, 0xFF, 0xF0, 0x0F, 0x0F
    .byte   0xF0, 0xF0, 0x00, 0x01, 0xF1, 0x01, 0x02, 0x01, 0x11, 0x21, 0x22, 0x23, 0x21, 0x21, 0x22, 0x21
    .byte   0x00, 0x02, 0xFF, 0xEE, 0xEF, 0xEE, 0xEE, 0xEE, 0xE0,   -6, 0x0E, 0xE0, 0x1F, 0xFF, 0x10, 0x12
    .byte   0x21, 0xF1, 0x22, 0x0F, 0x11, 0x01, 0x10, 0xFE, 0x00, 0x0F, 0xEF, 0xFF, 0xF0, 0xFE, 0xF1, 0x0F
    .byte   0x0F, 0xFF, 0x01, 0xFF, 0x01, 0xF1, 0x0F, 0x00, 0x10, 0x10,  -16, 0x01, 0x02, 0x01, 0x02, 0x2F
    .byte   0x32, 0x21, 0x12, 0x22, 0x12, 0x01, 0x11, 0x2F, 0xEE, 0x00, 0xEE, 0xEE, 0xEE, 0xFE, 0xEE, 0xE0
    .byte   0xF0, 0xEF, 0x0F, 0x12, 0x11, 0x01, 0x22, 0x01, 0x00, 0x20, 0x11,    4, 0x0F, 0xF1, 0x0F, 0xEF
    .byte   0xFF, 0xFF, 0x0F, 0xE1, 0x00, 0x0E, 0x1F, 0x1F, 0x00, 0xF1, 0xF1, 0x0F, 0x00, 0x11, 0x00, 0x00
    .byte   0x12, 0x01, 0x10, 0x20, 0x22, 0x21, 0x21, 0x22, 0x11, 0x21, 0x11, 0x11,   35, 0x0E, 0x0F, 0xFF
    .byte   0xEE, 0xEE, 0xE0, 0x0E, 0xD0, 0xEF, 0xFE, 0x0F, 0xF0, 0x21, 0x10, 0x02, 0x12, 0x01, 0x1F, 0x21
    .byte   0x1F, 0xFF, 0x01, 0xFF, 0xF0, 0xE0, 0x1F, 0xFE, 0x00, 0x1F, 0xF0, 0xE2, 0xE1,  -11, 0x0E, 0x0F
    .byte   0x11, 0x0F, 0xF0, 0x11, 0x10, 0x10, 0x02, 0x00, 0x2F, 0x02, 0xF2, 0x22, 0x01, 0x11, 0x3E, 0x21
    .byte   0x01, 0x12, 0x11, 0xEF, 0x2D, 0x3D, 0x0E, 0xE0, 0xE2, 0xDE, 0xFE, 0x0E, 0x1E, 0xFF,  -15, 0x02
    .byte   0x01, 0xE2, 0x11, 0x2F, 0x1E, 0x22, 0xF1, 0xF0, 0xF0, 0x10, 0x0F, 0xFF, 0xF2, 0xE1, 0xE0, 0x00
    .byte   0x2E, 0x0F, 0x00, 0x0F, 0xFF, 0xF1, 0x01, 0xFF, 0xF2, 0xE2, 0x0F, 0x2F, 0x2E, 0x3E, 0xE4,   -8
    .byte   0x04, 0xED, 0x4F, 0xE2, 0xF1, 0x3D, 0x30, 0xE3, 0xD3, 0x2E, 0xFF, 0x10, 0xFF, 0x0E, 0xEF, 0x0F
    .byte   0xEE, 0xF0, 0xEF, 0xF0, 0xEE, 0x10, 0x2F, 0xF0, 0x11, 0xF2, 0x1E, 0x00, 0x20, 0xF1, 0xE2, 0xE1
    .byte     -3, 0x0F, 0x0E, 0x2E, 0x20, 0xE2, 0xE0, 0x11, 0x11, 0xD2, 0x2D, 0x3D, 0x23, 0xC3, 0xE2, 0x2D
    .byte   0x3E, 0xE3, 0xFF, 0x2E, 0x02, 0x10, 0x2E, 0x2F, 0x12, 0x01, 0x01, 0x02, 0x0F, 0x20, 0xE2, 0xF2
    .byte   0xFF,   17, 0x01, 0xE2, 0x0E, 0x0E, 0x1F, 0x0E, 0xFF, 0xE2, 0xEF, 0xFE, 0x01, 0x01, 0xFF, 0x01
    .byte   0xF1, 0x11, 0xE1, 0xF2, 0x0E, 0x2E, 0x11, 0x01, 0x0F, 0xF0, 0x1F, 0x1F, 0xE3, 0xC4, 0xED, 0x3D
    .byte   0x22, 0xE1,   -5, 0x0D, 0x21, 0xD4, 0xD2, 0x0E, 0x3C, 0x5B, 0x42, 0xD4, 0xC4, 0xD2, 0xFF, 0x3C
    .byte   0x5C, 0x30, 0xD4, 0xC4, 0xD0, 0x3C, 0x4D, 0x12, 0xE1, 0xF1, 0xE2, 0xE2, 0xEE, 0x2E, 0x2D, 0x3D
    .byte   0xF3, 0xD3, 0xDE,    2, 0x0D, 0x22, 0xE0, 0x2D, 0x13, 0xC4, 0xDE, 0x4C, 0x3E, 0xE3, 0xD2, 0x12
    .byte   0xD1, 0x3C, 0x4E, 0xE2, 0xE2, 0xD4, 0xC2, 0x3C, 0x4E, 0xD3, 0x0D, 0x4C, 0x4C, 0x24, 0xA7, 0xBD
    .byte   0x69, 0x6D, 0xC6, 0xA4,   12, 0x0A, 0x6C, 0xD6, 0xA4, 0x3C, 0x4D, 0x2F, 0x1F, 0xE3, 0xFE, 0x03
    .byte   0xC3, 0x3B, 0x5E, 0xB6, 0xB2, 0x4B, 0x4D, 0xF4, 0xB4, 0xFC, 0x5B, 0x42, 0xB5, 0xDD, 0x4C, 0x31
    .byte   0xD3, 0xE1, 0xFE, 0x3D, 0x22,  -12, 0x04, 0xDF, 0x3D, 0x3D, 0x3D, 0x13, 0xC3, 0x1D, 0x4C, 0x30
    .byte   0xD4, 0xDE, 0x3C, 0x34, 0xB4, 0xED, 0x4C, 0x4D, 0x12, 0xD4, 0xDD, 0x5B, 0x24, 0xB4, 0x4A, 0x6B
    .byte   0x24, 0xB5, 0xB5, 0xDD, 0x69, 0x6C,  -15, 0x07, 0x96, 0xCC, 0x69, 0x7B, 0xD6, 0x96, 0xDB, 0x79
    .byte   0x6E, 0xB6, 0xA5, 0xDC, 0x5C, 0x32, 0xC4, 0xC3, 0x2C, 0x5B, 0x33, 0xB6, 0xB1, 0x4B, 0x5D, 0xE3
    .byte   0xC4, 0xD0, 0x3C, 0x4C, 0x14, 0xC4, 0xDF,   -1, 0x0E, 0x2D, 0x4C, 0x23, 0xC4, 0xEE, 0x3D, 0xF3
    .byte   0xD2, 0x3B, 0x5C, 0x33, 0xB5, 0xB4, 0x2C, 0x5B, 0x4D, 0xE5, 0xA5, 0xEC, 0x5C, 0x23, 0xD1, 0x1F
    .byte   0x12, 0xE1, 0x0E, 0x3C, 0x5C, 0xE4, 0xB5, 0xDD,   15, 0x0B, 0x4F, 0xC6, 0xA4, 0x3A, 0x6D, 0xD4
    .byte   0xC2, 0x02, 0x0D, 0x4D, 0xC5, 0xC1, 0x5A, 0x43, 0xB4, 0x3D, 0xF3, 0xCF, 0x5B, 0x41, 0xB5, 0xC2
    .byte   0x4B, 0x4D, 0x2E, 0x4C, 0x23, 0xB5, 0xC3, 0x4A, 0x5E,  -19, 0x06, 0xCC, 0x6A, 0x34, 0xB4, 0x2C
    .byte   0x24, 0xB4, 0x3B, 0x5C, 0x21, 0x20, 0xC5, 0xCE, 0x5B, 0x24, 0xB4, 0x2C, 0x4D, 0xF1, 0x3E, 0xD4
    .byte   0xDE, 0x4C, 0x31, 0xD1, 0x20, 0xD4, 0xC1, 0x4C, 0x33, 0xC2,    2, 0x0D, 0x32, 0xD2, 0x1D, 0x32
    .byte   0xC5, 0xB3, 0x4A, 0x6D, 0xC5, 0xB2, 0x4C, 0x32, 0xC3, 0xF0, 0xF2, 0x0D, 0x3D, 0x31, 0xD3, 0xED
    .byte   0x4D, 0xF3, 0xD2, 0x0E, 0x3D, 0x22, 0xD2, 0x1F, 0x02, 0xD3, 0xED,    9, 0x0C, 0x3F, 0xFF, 0x03
    .byte   0xC4, 0xDD, 0x5B, 0x33, 0xC3, 0x1E, 0x22, 0xEE, 0x3D, 0xE4, 0xC3, 0x2C, 0x4E, 0xE3, 0xED, 0x22
    .byte   0xD3, 0x0E, 0x2D, 0x30, 0xF0, 0x1D, 0x30, 0xE3, 0xD2, 0x0D, 0x3E, 0x1F,    2, 0x0D, 0x23, 0xC4
    .byte   0xED, 0x3D, 0x30, 0x0E, 0x10, 0xE3, 0xE1, 0x0F, 0xE1, 0x2E, 0x20, 0xD3, 0xEF, 0x4C, 0x23, 0xB5
    .byte   0xDD, 0x4C, 0x23, 0xD3, 0x0D, 0x3E, 0xE3, 0xD3, 0xD2, 0x1E, 0x20, 0x1E, 0x12,   -9, 0x04, 0xEE
    .byte   0x2D, 0x3E, 0x2E, 0x20, 0xD4, 0xC3, 0x2C, 0x4D, 0xD4, 0xD2, 0x3C, 0x3E, 0xF3, 0xD2, 0xFE, 0x3E
    .byte   0xF1, 0xF0, 0xE2, 0xFF, 0x2E, 0x12, 0xE2, 0xEF, 0x2E, 0x2F, 0x0E, 0x2E, 0x03, 0xD2,    1, 0x0D
    .byte   0x31, 0xE3, 0xDE, 0x3D, 0x32, 0xC4, 0xDE, 0x4C, 0x3E, 0xE3, 0xD3, 0xFD, 0x4B, 0x42, 0xC5, 0xCE
    .byte   0x5A, 0x5F, 0xC5, 0xB3, 0x2C, 0x5B, 0x34, 0xA6, 0xDD, 0x4C, 0x20, 0xE4, 0xC3, 0x1C, 0x4F,   -4
    .byte   0x03, 0xEE, 0x21, 0xFF, 0x2E, 0xE2, 0x10, 0xF3, 0xC2, 0x3C, 0x4E, 0xD4, 0xB4, 0x1F, 0x4B, 0x32
    .byte   0xC5, 0xDD, 0x4B, 0x4F, 0xD5, 0xB3, 0x1C, 0x5C, 0x33, 0xA6, 0xCE, 0x5A, 0x5E, 0xB7, 0xA3, 0x4A
    .byte     13, 0x0C, 0xC6, 0xB3, 0x3B, 0x5C, 0x24, 0xA6, 0xCD, 0x5B, 0x4F, 0xE3, 0xC4, 0xC2, 0x4B, 0x40
    .byte   0xD3, 0xD3, 0xED, 0x5B, 0x15, 0xA6, 0xCD, 0x5A, 0x5F, 0xC6, 0xA3, 0x4A, 0x6D, 0xD4, 0xB4, 0xEE
    .byte   0x4C,   -4, 0x02, 0xD3, 0x3E, 0xE1, 0xD2, 0x21, 0x3C, 0x3D, 0xE5, 0xC2, 0x2B, 0x32, 0x13, 0xD3
    .byte   0xCF, 0x5B, 0x52, 0xA5, 0xDC, 0x6C, 0x02, 0xC3, 0xE3, 0x3C, 0x4C, 0xC5, 0xEE, 0x4B, 0x23, 0xC4
    .byte   0x3D, 0xFD,   -5, 0x03, 0xD4, 0xDD, 0x3C, 0x35, 0xB3, 0x2B, 0x4F, 0x03, 0xD3, 0xCF, 0x4D, 0x23
    .byte   0xC2, 0x1D, 0x40, 0xE2, 0xD1, 0x00, 0x3D, 0x3E, 0xC4, 0xEF, 0x3D, 0x12, 0xD0, 0x3E, 0x13, 0xCF
    .byte   0x4D, 0xD5, 0xCD,   11, 0x0D, 0xD3, 0x2D, 0xE3, 0xDF, 0x5B, 0x24, 0xC1, 0x2E, 0x02, 0x2D, 0x22
    .byte   0xD1, 0x32, 0xC2, 0x3C, 0x31, 0xF2, 0x1E, 0xD3, 0x3D, 0x03, 0xCF, 0x3F, 0x2F, 0xD1, 0x20, 0x22
    .byte   0xEE, 0xE1, 0x23, 0xDF,    5, 0x0C, 0x33, 0xD1, 0x3C, 0x13, 0x0E, 0x30, 0xC3, 0x3C, 0x33, 0xC1
    .byte   0x2D, 0x24, 0xDE, 0x12, 0xD3, 0x3D, 0x1E, 0xD3, 0x1E, 0x2F, 0x01, 0xE2, 0x1E, 0x0F, 0x02, 0x1E
    .byte   0x22, 0xD0, 0x30, 0xEE, 0x0F,   -4, 0x02, 0x12, 0x1D, 0xE3, 0x2E, 0xE2, 0xD2, 0x2E, 0x22, 0xED
    .byte   0x22, 0x01, 0x2E, 0xFF, 0x10, 0x2F, 0xD1, 0x2E, 0x22, 0xEF, 0x2E, 0x13, 0xFD, 0x2F, 0xE1, 0x02
    .byte   0x10, 0xEE, 0x21, 0xF2, 0xFE, 0x0F,   -5, 0x02, 0x2E, 0xF1, 0xE2, 0x21, 0x00, 0xEE, 0x21, 0xF1
    .byte   0x1E, 0x10, 0xF2, 0x1E, 0xE1, 0x2E, 0x22, 0xE1, 0x1E, 0x12, 0xE0, 0x1E, 0x02, 0x02, 0x0F, 0xE0
    .byte   0x10, 0x11, 0xEF, 0xF0, 0x21, 0x00, 0xE0,   -1, 0x02, 0x0F, 0x0E, 0xF2, 0xF2, 0xFE, 0xF0, 0x2E
    .byte   0x02, 0xFE, 0x12, 0xE2, 0xE0, 0x02, 0x01, 0xFF, 0xFF, 0x02, 0x1F, 0xEE, 0x11, 0x21, 0x1E, 0xF0
    .byte   0x02, 0x0F, 0xFE, 0x11, 0x12, 0x00, 0xE0, 0x21,    4, 0x0F, 0xEE, 0x02, 0x02, 0xEE, 0x10, 0x22
    .byte   0x00, 0xEF, 0xF1, 0x21, 0x1F, 0xEE, 0x02, 0x2F, 0xFE, 0xE1, 0x22, 0x1F, 0xEE, 0xF2, 0x31, 0x0D
    .byte   0xEE, 0x22, 0x22, 0xEE, 0xEF, 0x23, 0x1E, 0xDF, 0xF2,    2, 0x02, 0xFE, 0xE1, 0x12, 0x2E, 0xEE
    .byte   0xF0, 0x21, 0x2E, 0xFF, 0x21, 0x21, 0xEE, 0xF0, 0x12, 0xFE, 0xFF, 0x21, 0x21, 0xEE, 0xE0, 0x12
    .byte   0x2F, 0xEF, 0x02, 0x21, 0x0E, 0xEE, 0x12, 0x2F, 0xFE, 0x01,    3, 0x02, 0x0D, 0xEF, 0x22, 0x20
    .byte   0xEE, 0xF2, 0x21, 0x0D, 0x0E, 0x22, 0x12, 0xEF, 0xEF, 0x22, 0x1E, 0xFE, 0x11, 0x22, 0x1E, 0xFE
    .byte   0xF1, 0x12, 0xF0, 0xE0, 0x11, 0x20, 0x0F, 0xEF, 0x11, 0x11, 0xF0,    0, 0x00, 0x10, 0x1F, 0x0F
    .byte   0xF0, 0x01, 0x01, 0xF0, 0x00, 0x10, 0xFF, 0x0F, 0x00, 0x12, 0xF0, 0x0F, 0xF0, 0x10, 0x0F, 0xE0
    .byte   0x12, 0x11, 0xFE, 0xF1, 0x02, 0x1F, 0xFE, 0x01, 0x21, 0x2E, 0xEF, 0xE1,   -1, 0x02, 0x0E, 0xFF
    .byte   0x00, 0x21, 0x1F, 0xFF, 0x01, 0x10, 0xEF, 0x01, 0x21, 0x0E, 0xFF, 0x02, 0x11, 0x0E, 0xE1, 0x12
    .byte   0x2F, 0xEF, 0xE2, 0x12, 0x0E, 0xFF, 0xF1, 0x11, 0x2F, 0xEF, 0x02, 0x10, 0xE0,   -3, 0x0F, 0x22
    .byte   0xFF, 0x0E, 0x01, 0x01, 0x1F, 0xF0, 0xF0, 0x10, 0x01, 0x00, 0x21, 0xEE, 0x10, 0x21, 0x0E, 0xF1
    .byte   0xF0, 0x2F, 0x0F, 0x01, 0xFF, 0x0F, 0x11, 0xF1, 0x11, 0xF1, 0x0E, 0xF1, 0x01, 0x2F,    0, 0x0F
    .byte   0xF0, 0x21, 0x0E, 0xF1, 0x1F, 0x0F, 0x11, 0x11, 0xFF, 0xF0, 0x10, 0x01, 0x0F, 0x01, 0x11, 0xFF
    .byte   0xFF, 0xF0, 0x10, 0xF0, 0x00, 0x12, 0xF1, 0x0F, 0xF1, 0xEF, 0xF2, 0x12, 0xFE, 0xFF, 0xF2,    2
    .byte   0x0F, 0xFF, 0x01, 0xF0, 0x11, 0x10, 0x0E, 0x0F, 0x02, 0x21, 0xEE, 0xFF, 0x12, 0x10, 0x0E, 0xF0
    .byte   0x20, 0x0F, 0xF1, 0x10, 0xF0, 0xF0, 0x11, 0x10, 0xFE, 0x01, 0x02, 0x0F, 0xFF, 0x01, 0x10, 0x01
    .byte      2, 0x0E, 0xF0, 0x21, 0x0F, 0xFF, 0xF2, 0xF1, 0xE1, 0x00, 0x20, 0xEF, 0x10, 0x11, 0x1F, 0xFF
    .byte   0x01, 0x10, 0xFF, 0x01, 0x11, 0xFF, 0xF0, 0x10, 0x0F, 0x1F, 0x00, 0x11, 0x00, 0x0F, 0x0F, 0x01
    .byte   0x10,    1, 0x0E, 0x12, 0xE2, 0xE1, 0x10, 0xF1, 0x10, 0xFF, 0x00, 0x11, 0x0F, 0xFF, 0x11, 0x10
    .byte   0xFF, 0xF1, 0x01, 0x01, 0xF0, 0x00, 0x00, 0x0F, 0x0F, 0x02, 0x1F, 0x0E, 0x00, 0x11, 0x10, 0x0F
    .byte   0x00, 0x11,    1, 0x0F, 0xF1, 0xF0, 0x11, 0xF0, 0x00, 0x00, 0x00, 0x1F, 0xF1, 0x01, 0x10, 0xE0
    .byte   0x11, 0x10, 0xF0, 0xF0, 0x01, 0x00, 0x0F, 0x01, 0x01, 0x0F, 0x0F, 0x01, 0x10, 0xF0, 0x10, 0x0F
    .byte   0x00, 0xF0, 0x01,    0, 0x00, 0x00, 0x01, 0x0F, 0x00, 0x1F, 0xF1, 0x01, 0xF1, 0xFF, 0x1F, 0x10
    .byte   0x1F, 0x00, 0x00, 0x00, 0x00, 0x00, 0x0F, 0x11, 0xF0, 0x00, 0xF0, 0x11, 0x0F, 0xF0, 0x00, 0x10
    .byte   0x1F, 0x00, 0x00, 0x0F,   -1, 0x0F, 0x11, 0x00, 0x1F, 0x00, 0x0F, 0x10, 0x1F, 0x0F, 0x00, 0x10
    .byte   0x1F, 0xFF, 0x11, 0x1F, 0x01, 0xF1, 0xFF, 0x10, 0x00, 0x10, 0xF0, 0xF0, 0x01, 0x1F, 0xF0, 0x00
    .byte   0x10, 0x10, 0x0F, 0x00, 0x1F,    1, 0x0F, 0x00, 0xF1, 0x1F, 0x1F, 0x10, 0xF0, 0x00, 0x00, 0xF1
    .byte   0x00, 0xF0, 0x01, 0x00, 0x1F, 0xFF, 0x11, 0x00, 0x00, 0xF1, 0x10, 0xF0, 0x00, 0x01, 0xF0, 0x00
    .byte   0x00, 0xF1, 0x00, 0xF1, 0x10, 0xFF,   -2, 0x01, 0x10, 0x00, 0x00, 0x1F, 0xFF, 0x11, 0x00, 0xF0
    .byte   0x11, 0x00, 0x0F, 0xF0, 0x11, 0x10, 0xFF, 0x0F, 0x01, 0x00, 0xF0, 0x10, 0x01, 0x0F, 0xFF, 0x11
    .byte   0x00, 0x10, 0x00, 0xFF, 0x01, 0x00, 0x00,    1, 0x0F, 0x00, 0x00, 0x00, 0x01, 0x0F, 0xFF, 0x10
    .byte   0x11, 0xF1, 0x0F, 0x1F, 0x0F, 0x1F, 0x10, 0x01, 0x0F, 0x0F, 0x00, 0x01, 0x11, 0x0F, 0xFF, 0xF1
    .byte   0x10, 0x0F, 0x00, 0x10, 0xF0, 0x11, 0x1F, 0xFF,   -1, 0x00, 0x11, 0xF0, 0x01, 0x00, 0x0F, 0xF1
    .byte   0x00, 0x00, 0x00, 0xF1, 0x00, 0x01, 0x0F, 0x00, 0x00, 0x01, 0xF0, 0x00, 0x0F, 0x01, 0xFF, 0x11
    .byte   0x01, 0x0F, 0xF1, 0x01, 0x00, 0x1F, 0xFF, 0x1F, 0x00,   -2, 0x00, 0x20, 0x00, 0x0E, 0x01, 0xF1
    .byte   0x11, 0x10, 0xFF, 0xF0, 0x11, 0x1E, 0x11, 0x00, 0x0F, 0x00, 0x10, 0x10, 0xE2, 0xF1, 0x1E, 0x1F
    .byte   0x01, 0x02, 0x0F, 0xFF, 0x00, 0xF1, 0x0F, 0x10, 0x01, 0x00,    0, 0x0F, 0xF1, 0x1F, 0xF0, 0x2F
    .byte   0x10, 0x00, 0x00, 0xE2, 0xE0, 0x10, 0xF0, 0x21, 0x0F, 0xE0, 0x01, 0x11, 0x1F, 0xF0, 0x00, 0x00
    .byte   0x2E, 0xF0, 0x11, 0x0E, 0xF1, 0x12, 0x10, 0xEF, 0x00, 0x10, 0xF1,    1, 0x00, 0x10, 0xFF, 0xF0
    .byte   0x11, 0xF0, 0x01, 0x1F, 0x0F, 0xEF, 0x22, 0xE2, 0xE1, 0x10, 0xFF, 0x1F, 0x10, 0x10, 0xFE, 0x12
    .byte   0x10, 0xFE, 0xF1, 0x20, 0xF0, 0x02, 0xE1, 0x0E, 0x20, 0x11, 0xEE, 0x22,    3, 0x0E, 0x10, 0xFF
    .byte   0xF1, 0x11, 0x1F, 0x00, 0x11, 0xF0, 0xFF, 0xF2, 0x01, 0xFE, 0xF0, 0x20, 0x10, 0xFF, 0xF1, 0x10
    .byte   0xEF, 0x10, 0x22, 0xEE, 0x11, 0x02, 0xFE, 0xF0, 0x21, 0x10, 0xEE, 0x22, 0x11,    2, 0x0E, 0xFF
    .byte   0x20, 0x11, 0xD2, 0x21, 0x2E, 0xFE, 0xE2, 0x30, 0xE0, 0xE0, 0x12, 0xF0, 0xEE, 0x22, 0x1E, 0x10
    .byte   0x00, 0xF0, 0x20, 0x1F, 0xEE, 0x13, 0xEF, 0xFF, 0x12, 0xF0, 0xEF, 0x21, 0x0E, 0xE2,   -4, 0x03
    .byte   0x0E, 0x2E, 0xFE, 0x11, 0x11, 0xF1, 0x11, 0x0F, 0x1E, 0xE2, 0x11, 0x0E, 0x20, 0x20, 0xE1, 0xFE
    .byte   0x12, 0xE1, 0x02, 0x2F, 0xEE, 0x02, 0xF1, 0xFD, 0x22, 0x31, 0xDE, 0x01, 0x22, 0x0E, 0xEE,   -3
    .byte   0x03, 0xFE, 0xFE, 0x01, 0x21, 0x1E, 0x02, 0xEF, 0x01, 0x01, 0x2F, 0xFE, 0x12, 0xE0, 0x20, 0xEE
    .byte   0x2E, 0x22, 0xE2, 0x0E, 0x1F, 0xF0, 0x12, 0xE0, 0x11, 0x01, 0xF1, 0xFF, 0x0F, 0xF1, 0x10, 0xF0
    .byte      1, 0x02, 0xFE, 0xFF, 0x00, 0x00, 0x02, 0x00, 0xF0, 0xE0, 0x12, 0x1E, 0x0F, 0x2F, 0xFF, 0xFF
    .byte   0x12, 0x1F, 0x1F, 0xE2, 0xFF, 0xF1, 0x10, 0x1F, 0x00, 0x0E, 0x02, 0x0F, 0xE0, 0x21, 0x2E, 0x00
    .byte   0xE2,    3, 0x0E, 0x00, 0xF0, 0x20, 0xE1, 0x1F, 0x01, 0x01, 0x1F, 0xFE, 0x02, 0x20, 0xE1, 0x1F
    .byte   0x01, 0x0F, 0xE1, 0x12, 0xEF, 0xF2, 0x00, 0x0F, 0x00, 0x10, 0xE1, 0x10, 0x02, 0x1E, 0x0F, 0x02
    .byte   0x0E, 0xE1,   -2, 0x01, 0x2E, 0x01, 0x0F, 0x2E, 0xF2, 0x2F, 0xEE, 0x11, 0x10, 0x2F, 0xE1, 0x1F
    .byte   0x0F, 0xF0, 0x22, 0xEE, 0xE2, 0x10, 0xF2, 0x0F, 0x01, 0x0F, 0x1E, 0xF2, 0xFE, 0x2F, 0x00, 0xF2
    .byte   0x10, 0xEE, 0x02,    1, 0x0F, 0x11, 0x11, 0xE0, 0x11, 0x1E, 0x11, 0x1F, 0x0E, 0x12, 0x00, 0xEE
    .byte   0x12, 0x0F, 0x20, 0xFF, 0x01, 0x11, 0xEF, 0x1E, 0x02, 0x3F, 0xED, 0x22, 0xE0, 0x21, 0xE0, 0xF1
    .byte   0x2F, 0x0E, 0x11, 0xF2,    3, 0x0F, 0xE0, 0x01, 0xF2, 0x1E, 0x01, 0x11, 0xFE, 0x11, 0x21, 0xEE
    .byte   0x02, 0x1E, 0x2F, 0x01, 0x01, 0x1E, 0xE2, 0x01, 0x1F, 0x01, 0x00, 0xFF, 0x10, 0xE2, 0x0E, 0x2F
    .byte   0x22, 0xE0, 0xEE, 0xE3, 0x1F,    2, 0x00, 0xFF, 0x00, 0xF0, 0x11, 0xD1, 0x31, 0x01, 0xFE, 0xE1
    .byte   0x20, 0xF1, 0x12, 0xFE, 0x2E, 0x11, 0xD2, 0x20, 0x0F, 0x11, 0x00, 0xFE, 0x2E, 0xE2, 0x02, 0x2E
    .byte   0x20, 0xDF, 0x21, 0x10, 0xFF, 0xE1,    4, 0x01, 0xF1, 0xEE, 0x0E, 0x02, 0x22, 0x11, 0xE0, 0xEF
    .byte   0x2F, 0xE0, 0xF1, 0x21, 0xE0, 0x21, 0x21, 0xDE, 0x11, 0x11, 0x10, 0x01, 0x11, 0x01, 0xFE, 0xE1
    .byte   0x20, 0xF0, 0xFF, 0x22, 0x0F, 0xEF, 0xFF,   -3, 0x01, 0x11, 0x01, 0x2F, 0xFE, 0xE1, 0x1F, 0x10
    .byte   0x22, 0x1E, 0xEE, 0x22, 0x11, 0xE0, 0x00, 0x10, 0xFF, 0xF0, 0x12, 0x1F, 0xFF, 0xFF, 0xFF, 0x1F
    .byte   0x11, 0x11, 0x20, 0x0E, 0x0E, 0xF0, 0x0F, 0x12,    3, 0x01, 0x0F, 0xFF, 0xEE, 0x01, 0x22, 0x20
    .byte   0x0E, 0x0F, 0x0F, 0xEF, 0x02, 0x21, 0x1F, 0xEF, 0x0F, 0x00, 0x11, 0x10, 0xE0, 0x11, 0x11, 0xF1
    .byte   0xFF, 0x20, 0x10, 0xEE, 0x00, 0x2F, 0x22, 0xF0, 0xEF,   -3, 0x0F, 0x01, 0x11, 0x12, 0x11, 0x10
    .byte   0xEE, 0xEF, 0x01, 0x10, 0x02, 0x02, 0x00, 0x1F, 0xFE, 0xE0, 0xF0, 0x22, 0x20, 0x0E, 0x0E, 0x01
    .byte   0xFF, 0xF0, 0x21, 0xF0, 0x00, 0x10, 0x10, 0x00, 0xF0, 0x10,    2, 0x0F, 0xFF, 0x00, 0x00, 0x1F
    .byte   0x10, 0xFF, 0xF0, 0x01, 0x10, 0x10, 0x11, 0x01, 0x01, 0xFF, 0x0F, 0x0E, 0x0F, 0x00, 0x12, 0x01
    .byte   0x0F, 0xF0, 0xE0, 0x01, 0x11, 0x12, 0x11, 0xFF, 0xF0, 0xE0, 0xF0,   -2, 0x01, 0x11, 0x11, 0x0F
    .byte   0x0F, 0xF0, 0x00, 0x10, 0x11, 0x10, 0xFF, 0xFF, 0xFF, 0xF1, 0x00, 0x11, 0x10, 0x0F, 0x0E, 0xF0
    .byte   0x01, 0x10, 0x10, 0x1F, 0x0F, 0x00, 0x01, 0x01, 0x10, 0x11, 0xFF, 0x00,   -2, 0x00, 0x00, 0x01
    .byte   0x02, 0x11, 0x0F, 0x10, 0x10, 0x11, 0xF1, 0x1F, 0x00, 0xFF, 0x00, 0xFF, 0xFF, 0xFF, 0xFF, 0xF0
    .byte   0xFF, 0xF0, 0x0F, 0xFF, 0x0F, 0xFF, 0xF0, 0xFF, 0xFF, 0xFF, 0xFF, 0xF0, 0x12,  -16, 0x02, 0x12
    .byte   0x12, 0x23, 0x23, 0x22, 0x32, 0x20, 0x0F, 0xEE, 0xDE, 0xEE, 0xEE, 0xFE, 0x0E, 0xFE, 0xEE, 0xEF
    .byte   0xE0, 0x21, 0x32, 0x22, 0x20, 0xEE, 0xDD, 0xDE, 0xDE, 0xFF, 0xF2, 0x11, 0x1F, 0x0E,  -45, 0x0E
    .byte   0xFE, 0x22, 0x34, 0x44, 0x55, 0x43, 0x31, 0xED, 0xDD, 0xCD, 0xDE, 0xFE, 0xFF, 0xED, 0xDD, 0xCD
    .byte   0xDD, 0xE2, 0x34, 0x44, 0x53, 0x42, 0xFE, 0xDC, 0xDC, 0xDD, 0xDF, 0x02, 0x12, 0x00, 0xEE,  -29
    .byte   0x0E, 0xEF, 0x12, 0x22, 0x32, 0x22, 0x0E, 0xDD, 0xDE, 0xD0, 0x23, 0x35, 0x45, 0x44, 0x22, 0xED
    .byte   0xDD, 0xDD, 0xEE, 0x11, 0x1F, 0x0D, 0xDD, 0xCC, 0xDD, 0xF1, 0x33, 0x45, 0x44, 0x33, 0x1D, 0xDD
    .byte     16, 0x0C, 0xDE, 0xEE, 0x12, 0x20, 0x1E, 0xEE, 0xDE, 0xEF, 0x12, 0x23, 0x23, 0x21, 0xEE, 0xDD
    .byte   0xDD, 0xE1, 0x24, 0x45, 0x45, 0x43, 0x3F, 0xDD, 0xDD, 0xDD, 0x10, 0x21, 0x11, 0xDE, 0xCC, 0xCC
    .byte   0xCE,  -62, 0x02, 0x34, 0x45, 0x44, 0x32, 0x1D, 0xDD, 0xCD, 0xDE, 0xFF, 0x02, 0x10, 0xFE, 0xDE
    .byte   0xDE, 0xEF, 0x12, 0x23, 0x32, 0x22, 0x0E, 0xDD, 0xDD, 0xDF, 0x13, 0x35, 0x45, 0x44, 0x33, 0xEE
    .byte   0xDD, 0xDE,   35, 0x0F, 0x21, 0x21, 0xEE, 0xDC, 0xCC, 0xCC, 0xEE, 0x23, 0x34, 0x45, 0x34, 0x20
    .byte   0x0D, 0xDD, 0xDD, 0xDF, 0xFF, 0x11, 0x00, 0xEE, 0xED, 0xED, 0xFF, 0x01, 0x32, 0x32, 0x22, 0xFE
    .byte   0xED, 0xDD, 0xEE,  -53, 0x02, 0x34, 0x45, 0x44, 0x42, 0x2F, 0xED, 0xDE, 0xEF, 0xF0, 0x21, 0x0E
    .byte   0xDD, 0xCC, 0xCD, 0xCE, 0xE2, 0x34, 0x44, 0x43, 0x32, 0x1F, 0xDD, 0xDD, 0xED, 0xF0, 0x02, 0x11
    .byte   0x0E, 0xEE, 0xDD, 0xEE,  -44, 0x01, 0x12, 0x23, 0x22, 0x2F, 0xEE, 0xDE, 0xDE, 0xE0, 0x33, 0x44
    .byte   0x45, 0x34, 0x22, 0xFE, 0xDE, 0xDF, 0xE1, 0x02, 0xFF, 0xED, 0xDC, 0xCD, 0xCD, 0xD0, 0x23, 0x34
    .byte   0x43, 0x42, 0x21, 0xEE, 0xDD,    4, 0x0E, 0xEF, 0xF1, 0x11, 0x00, 0xEE, 0xED, 0xFD, 0xEF, 0xF1
    .byte   0x22, 0x31, 0x21, 0x1F, 0xED, 0xED, 0xFE, 0xF2, 0x34, 0x44, 0x44, 0x33, 0x3E, 0xEE, 0xDE, 0xEE
    .byte   0x01, 0x11, 0x0F, 0xED, 0xDC, 0xCD,  -36, 0x0D, 0xE0, 0x13, 0x34, 0x43, 0x33, 0x0F, 0xEE, 0xDE
    .byte   0xEE, 0xEF, 0x00, 0x21, 0x10, 0xEE, 0xED, 0xED, 0xFE, 0x00, 0x22, 0x22, 0x22, 0xFF, 0xEE, 0xED
    .byte   0xEE, 0x01, 0x33, 0x44, 0x44, 0x43, 0x22,   67, 0x0E, 0xDE, 0xEE, 0xE1, 0x12, 0x11, 0xFD, 0xDD
    .byte   0xCC, 0xCD, 0xDE, 0xF3, 0x33, 0x43, 0x42, 0x21, 0xFE, 0xED, 0xEE, 0xEF, 0xF2, 0x02, 0x01, 0xFF
    .byte   0xEE, 0xED, 0xEE, 0xEE, 0x11, 0x21, 0x20, 0x20,  -24, 0x0E, 0xFE, 0xED, 0xFF, 0x23, 0x34, 0x44
    .byte   0x43, 0x42, 0x2F, 0xEF, 0xDE, 0xEF, 0xFF, 0x01, 0xFE, 0xED, 0xDC, 0xCD, 0xDD, 0xE1, 0x22, 0x34
    .byte   0x33, 0x31, 0x2F, 0xEE, 0xDD, 0xFE, 0xFF, 0x02, 0x22,    1, 0x01, 0xFF, 0xEE, 0xDE, 0xEE, 0xEF
    .byte   0xFF, 0x20, 0x12, 0x00, 0xFE, 0xEE, 0xE0, 0xF1, 0x33, 0x44, 0x44, 0x34, 0x31, 0xFE, 0xED, 0xED
    .byte   0xFE, 0xF0, 0x10, 0xFE, 0xED, 0xDD, 0xDD, 0xDE, 0xE2, 0x13,  -12, 0x03, 0x32, 0x22, 0xEE, 0xED
    .byte   0xED, 0xFE, 0x02, 0x22, 0x23, 0x11, 0x1E, 0xEE, 0xDE, 0xDE, 0xFE, 0x10, 0x21, 0x11, 0x0E, 0x0E
    .byte   0xEE, 0xEF, 0x12, 0x34, 0x44, 0x44, 0x43, 0x21, 0xED, 0xDD, 0xEE,   32, 0x0F, 0x12, 0x12, 0xFF
    .byte   0xED, 0xDE, 0xDD, 0xDE, 0xF0, 0x22, 0x23, 0x12, 0x0F, 0xFD, 0xED, 0xEE, 0xF0, 0x02, 0x23, 0x23
    .byte   0x22, 0x1F, 0xEE, 0xDE, 0xDE, 0xD0, 0xEF, 0x00, 0x01, 0x0E, 0x0E, 0xEE,  -52, 0x0F, 0x11, 0x33
    .byte   0x44, 0x45, 0x34, 0x32, 0x0E, 0xDD, 0xDE, 0xEE, 0x01, 0x12, 0x10, 0xFE, 0xED, 0xDD, 0xDE, 0xEE
    .byte   0xFF, 0x11, 0x21, 0x20, 0x1E, 0xEE, 0xEE, 0xFF, 0x01, 0x22, 0x32, 0x32, 0x22,   17, 0x0F, 0xEE
    .byte   0xDD, 0xED, 0xEE, 0xEE, 0x0F, 0xF0, 0xF0, 0xE0, 0xE0, 0x00, 0x12, 0x33, 0x44, 0x53, 0x43, 0x31
    .byte   0xFE, 0xDD, 0xEE, 0xFF, 0x01, 0x12, 0x0F, 0xFE, 0xED, 0xDD, 0xED, 0xEE, 0xEE, 0x1F,  -18, 0x00
    .byte   0x00, 0x10, 0xE0, 0x0F, 0xF0, 0x12, 0x12, 0x32, 0x22, 0x22, 0x1F, 0xEE, 0xDD, 0xDD, 0xEE, 0xE0
    .byte   0xF0, 0x00, 0x0E, 0xFE, 0xFF, 0xF1, 0x22, 0x34, 0x44, 0x44, 0x42, 0x22, 0xEE, 0xDD, 0xEF,   40
    .byte   0x00, 0x21, 0x21, 0x0F, 0xEE, 0xDD, 0xED, 0xED, 0xEE, 0xEE, 0xFE, 0x01, 0x01, 0x11, 0x0F, 0x1F
    .byte   0xF0, 0x21, 0x22, 0x23, 0x22, 0x21, 0xFE, 0xEE, 0xDD, 0xED, 0xE0, 0xEF, 0xF0, 0xEE, 0xFF, 0xEF
    .byte    -54, 0x00, 0x02, 0x22, 0x34, 0x44, 0x44, 0x33, 0x22, 0xEE, 0xDE, 0xE0, 0xE0, 0x20, 0x01, 0xFF
    .byte   0xEE, 0xDE, 0xDE, 0xDE, 0xDE, 0xEE, 0xEE, 0x01, 0x12, 0x12, 0x01, 0xF0, 0xF1, 0x02, 0x12, 0x32
    .byte   0x23,   17, 0x01, 0xFE, 0xEE, 0xDD, 0xDE, 0xDF, 0xEF, 0xE1, 0xE0, 0xF1, 0xEF, 0xFF, 0x00, 0x22
    .byte   0x33, 0x44, 0x44, 0x43, 0x30, 0x1E, 0xEE, 0xEE, 0x10, 0x11, 0x10, 0xFF, 0xED, 0xFD, 0xDE, 0xDE
    .byte   0xDE, 0xEE,  -24, 0x0E, 0x0F, 0x20, 0x21, 0x21, 0x11, 0xF0, 0xF0, 0x22, 0x22, 0x23, 0x21, 0x10
    .byte   0xEE, 0xDD, 0xDE, 0xDD, 0xE0, 0xEF, 0x0F, 0xFF, 0x0E, 0x0F, 0xF0, 0x12, 0x23, 0x34, 0x44, 0x44
    .byte   0x32, 0x21, 0xEE,   57, 0x0E, 0xE1, 0xF0, 0x20, 0xF0, 0xFE, 0xED, 0xED, 0xED, 0xEE, 0xDE, 0xEE
    .byte   0xEF, 0x01, 0x12, 0x20, 0x10, 0x00, 0x00, 0x12, 0x12, 0x22, 0x22, 0x21, 0xFE, 0xEE, 0xDD, 0xED
    .byte   0xEE, 0xEF, 0xFF, 0xE1,  -48, 0x00, 0xF0, 0xFF, 0x0F, 0x22, 0x23, 0x34, 0x44, 0x43, 0x33, 0xFF
    .byte   0xEE, 0xEE, 0xFF, 0xF1, 0x10, 0x1F, 0xEE, 0xED, 0xEE, 0xDE, 0xED, 0xEE, 0xDF, 0xE0, 0x12, 0x12
    .byte   0x11, 0x10, 0xF1, 0xFF, 0x21,   -7, 0x02, 0x31, 0x22, 0x10, 0xFE, 0xED, 0xED, 0xDE, 0xEE, 0xE0
    .byte   0xEF, 0xF0, 0xE0, 0xFF, 0x00, 0x11, 0x22, 0x33, 0x34, 0x44, 0x33, 0x32, 0x2F, 0xEE, 0xEF, 0xFF
    .byte   0xF1, 0x0F, 0x0F, 0xEE, 0xED, 0xDE,   10, 0x0E, 0xED, 0xEE, 0xEE, 0xFF, 0x11, 0x20, 0x20, 0x00
    .byte   0x0F, 0x01, 0x20, 0x32, 0x22, 0x21, 0x0E, 0x0E, 0xEE, 0xEE, 0xED, 0xFE, 0xEE, 0xEE, 0xEE, 0xE0
    .byte   0xFF, 0x11, 0x12, 0x22, 0x23, 0x34, 0x44,   38, 0x03, 0x32, 0x12, 0xE0, 0xE0, 0x01, 0x01, 0xF0
    .byte   0xEE, 0xEE, 0xDE, 0xDE, 0xEE, 0xDE, 0xFE, 0xEF, 0xEF, 0x10, 0x01, 0xF1, 0x00, 0xF0, 0x02, 0x02
    .byte   0x22, 0x22, 0x02, 0x00, 0xFE, 0xFE, 0xEE, 0xEE,  -20, 0x0E, 0xFE, 0xEF, 0xEE, 0xFE, 0xF0, 0xF1
    .byte   0x01, 0x10, 0x22, 0x33, 0x34, 0x34, 0x32, 0x22, 0xF0, 0xF0, 0x12, 0x21, 0x21, 0x0E, 0xEE, 0xDD
    .byte   0xED, 0xEE, 0xEF, 0xEF, 0xEF, 0xEF, 0xEF, 0xFF, 0xFF,  -16, 0x0F, 0x00, 0xFF, 0x02, 0x02, 0x02
    .byte   0x02, 0x00, 0x0F, 0xF0, 0x10, 0x10, 0x10, 0xFF, 0xEE, 0xED, 0xEE, 0xE0, 0xF0, 0xF1, 0xFF, 0xFF
    .byte   0x0F, 0xF0, 0x23, 0x33, 0x23, 0x23, 0x12, 0x32, 0x22, 0x32,   62, 0x02, 0x32, 0x10, 0xFE, 0xEF
    .byte   0xDE, 0xEE, 0xDF, 0xEE, 0xDE, 0xED, 0xED, 0xED, 0xFE, 0xEF, 0xEF, 0xFF, 0xFF, 0x1F, 0x11, 0x12
    .byte   0x11, 0x21, 0x21, 0x12, 0x10, 0x10, 0x0F, 0x0E, 0x0F, 0x0E, 0x00,  -26, 0x0F, 0xEE, 0x0F, 0xF2
    .byte   0x23, 0x32, 0x32, 0x12, 0x12, 0x22, 0x32, 0x33, 0x32, 0x21, 0x0E, 0xEE, 0xDE, 0xEF, 0xE0, 0xE0
    .byte   0xEE, 0xED, 0xED, 0xDD, 0xFE, 0xFF, 0xF0, 0x00, 0x1E, 0x0F, 0xEF, 0xE1,  -35, 0x01, 0x22, 0x23
    .byte   0x12, 0x00, 0xF0, 0xE0, 0xE0, 0xFF, 0x00, 0x10, 0xE0, 0xFE, 0xEE, 0xE1, 0x0F, 0x23, 0x32, 0x31
    .byte   0x20, 0x12, 0x13, 0x23, 0x33, 0x33, 0x32, 0xE1, 0xDF, 0xDE, 0xEF, 0x0F, 0xF1,   43, 0x0E, 0xDE
    .byte   0xDD, 0xDD, 0xDE, 0xFF, 0x01, 0x10, 0x0F, 0xEF, 0xEE, 0xFF, 0x11, 0x22, 0x23, 0x22, 0x00, 0x0E
    .byte   0xEF, 0xE0, 0x01, 0x10, 0x11, 0xFF, 0xFF, 0xEE, 0xEE, 0xF1, 0x12, 0x33, 0x23, 0x11,    1, 0x01
    .byte   0x22, 0x23, 0x33, 0x42, 0x32, 0x1F, 0xEE, 0xDE, 0xFE, 0x10, 0xF1, 0xFE, 0xDE, 0xDD, 0xCE, 0xDE
    .byte   0xFF, 0x11, 0x1F, 0x0E, 0xFE, 0xEF, 0xFF, 0x02, 0x22, 0x22, 0x12, 0x1F, 0xF0, 0xE0, 0xFE,  -19
    .byte   0x00, 0x1F, 0x1F, 0xFF, 0xFF, 0xFF, 0xEE, 0xFE, 0x11, 0x13, 0x32, 0x31, 0x11, 0x12, 0x23, 0x23
    .byte   0x34, 0x23, 0x20, 0xFE, 0xEE, 0xFE, 0xF0, 0xFF, 0xFE, 0xED, 0xDE, 0xDD, 0xDE, 0xEE, 0x1F, 0x00
    .byte    -20, 0x0F, 0xEE, 0xFE, 0x10, 0x11, 0x22, 0x11, 0x21, 0x21, 0x10, 0x0F, 0xFF, 0x0F, 0x10, 0x0E
    .byte   0x0E, 0x0E, 0xFF, 0xEF, 0x0E, 0xF0, 0xF0, 0x22, 0x33, 0x21, 0x10, 0x22, 0x23, 0x33, 0x33, 0x32
    .byte   0x21,   70, 0x0E, 0x0E, 0xF0, 0xE0, 0x0E, 0xEE, 0xED, 0xDD, 0xDE, 0xDE, 0x0E, 0x0F, 0xFE, 0xFE
    .byte   0xEF, 0xFF, 0xF1, 0x21, 0x21, 0x21, 0x00, 0x21, 0x11, 0x20, 0x10, 0x0F, 0x00, 0xE0, 0xEF, 0xE0
    .byte   0xE0, 0xEF,  -33, 0x0F, 0xFF, 0xFF, 0x10, 0x33, 0x22, 0x21, 0x02, 0x22, 0x33, 0x33, 0x33, 0x22
    .byte   0x10, 0xE0, 0xE1, 0x0E, 0xFF, 0xEE, 0xEE, 0xDD, 0xDE, 0xDE, 0xEE, 0xFE, 0xFF, 0xEF, 0xEE, 0xFF
    .byte   0x01, 0x11, 0x21,  -24, 0x01, 0x12, 0x11, 0x02, 0x02, 0x11, 0x11, 0x0F, 0xF0, 0xEF, 0xE0, 0xE0
    .byte   0xEF, 0xEF, 0xE0, 0xEE, 0x10, 0x12, 0x13, 0x32, 0x22, 0x11, 0x22, 0x33, 0x42, 0x33, 0x22, 0x1E
    .byte   0x00, 0xEF, 0xFF, 0xEE,   50, 0x0E, 0xDE, 0xED, 0xED, 0xED, 0xEE, 0xFF, 0xEF, 0xE0, 0xE0, 0xE0
    .byte   0xF0, 0x11, 0x11, 0x21, 0x21, 0x20, 0x20, 0x20, 0x20, 0x10, 0x00, 0xFF, 0xFF, 0xEF, 0xFE, 0xEF
    .byte   0xEE, 0xE0, 0xEE, 0xFF, 0x01,  -40, 0x02, 0x32, 0x32, 0x22, 0x12, 0x23, 0x33, 0x33, 0x23, 0x12
    .byte   0xFF, 0x0E, 0x0F, 0xEF, 0xEE, 0xEE, 0xDE, 0xDD, 0xEE, 0xDE, 0xEE, 0xEF, 0xEE, 0xFF, 0xF1, 0x1F
    .byte   0x11, 0x10, 0x21, 0x22, 0x21, 0x22,   -4, 0x01, 0x12, 0x01, 0x11, 0x00, 0xEF, 0xFE, 0xEE, 0xEE
    .byte   0xEF, 0xEF, 0xEF, 0xEF, 0xE0, 0x02, 0x22, 0x33, 0x23, 0x01, 0x21, 0x33, 0x33, 0x33, 0x22, 0x21
    .byte   0x00, 0xE0, 0xEF, 0xEE, 0xEF, 0xDE, 0xDE,   15, 0x0D, 0xEE, 0xDE, 0xEE, 0xEE, 0x0E, 0x1F, 0x10
    .byte   0x10, 0x21, 0x02, 0x22, 0x21, 0x22, 0x11, 0x02, 0x10, 0x00, 0x0F, 0xF1, 0xFE, 0xDE, 0xDE, 0xE0
    .byte   0xEE, 0x0D, 0x0E, 0x01, 0x22, 0x33, 0x34, 0x43,   37, 0x03, 0x1E, 0xF0, 0x11, 0x21, 0x20, 0xEE
    .byte   0xFE, 0xE1, 0x0F, 0xEE, 0xDE, 0xEE, 0xE1, 0xFE, 0xEE, 0xDE, 0xEF, 0x21, 0x20, 0x20, 0x11, 0x22
    .byte   0x22, 0x11, 0xFF, 0xF0, 0x11, 0x11, 0x10, 0xEF, 0xEE,   -6, 0x0E, 0x0E, 0xFE, 0xEE, 0xEE, 0xEE
    .byte   0x00, 0xFF, 0x0F, 0xFF, 0x00, 0x12, 0x32, 0x33, 0x23, 0x43, 0x43, 0x30, 0xED, 0xFE, 0x22, 0x12
    .byte   0xFD, 0xEF, 0xE1, 0x11, 0xEE, 0xDD, 0xDF, 0xE1, 0x1E, 0xED,  -22, 0x0E, 0xF0, 0x13, 0x11, 0x0F
    .byte   0x20, 0x32, 0x22, 0x20, 0xFE, 0x10, 0x10, 0xF0, 0xFE, 0xF0, 0xF0, 0xFE, 0xEE, 0xDE, 0xFE, 0xEE
    .byte   0xEE, 0xEF, 0xE1, 0x10, 0x22, 0x12, 0x22, 0x21, 0x33, 0x32, 0x34,   45, 0x03, 0x21, 0xED, 0xEF
    .byte   0x02, 0x00, 0x0E, 0xEE, 0x20, 0x1F, 0xED, 0xDD, 0xEF, 0xFF, 0x0E, 0xED, 0xEF, 0x11, 0x21, 0x2E
    .byte   0xF1, 0x22, 0x32, 0x21, 0x0E, 0xF1, 0x02, 0x10, 0xFE, 0xF0, 0xE2, 0xF0,    1, 0x0E, 0xED, 0xEE
    .byte   0xE0, 0xEE, 0xEE, 0xEF, 0xF2, 0x02, 0x2F, 0x10, 0x02, 0x22, 0x23, 0x32, 0x32, 0x44, 0x32, 0x1E
    .byte   0xDD, 0xF1, 0x21, 0xF1, 0xED, 0x11, 0x21, 0x0E, 0xDD, 0xDE, 0xF0, 0x0F, 0xFD,  -18, 0x0E, 0xF2
    .byte   0x20, 0x2F, 0xEF, 0x12, 0x33, 0x02, 0x0E, 0xE1, 0x20, 0x20, 0x0E, 0xEF, 0xF1, 0x10, 0x0E, 0xEE
    .byte   0xEE, 0xFE, 0xFE, 0xED, 0xFE, 0x11, 0x10, 0x2F, 0x12, 0x1F, 0x22, 0x22, 0x23, 0x23,   13, 0x02
    .byte   0x53, 0x22, 0xED, 0xDE, 0x10, 0x3E, 0xF0, 0xDE, 0x12, 0x21, 0xED, 0xDD, 0xEE, 0x20, 0xFE, 0xED
    .byte   0xE0, 0x23, 0xFF, 0xFE, 0xFF, 0x33, 0x31, 0x0E, 0xFE, 0x21, 0x21, 0x0D, 0x1E, 0x12, 0x21,    9
    .byte   0x0E, 0xDE, 0xEE, 0xF1, 0x0D, 0xEE, 0xEE, 0xF0, 0x20, 0xFE, 0x1F, 0x23, 0x22, 0x11, 0x11, 0x13
    .byte   0x32, 0x32, 0x44, 0x12, 0xFE, 0xDD, 0x00, 0x2F, 0xE0, 0xEE, 0x12, 0x22, 0xED, 0xDD, 0xEF, 0x2F
    .byte      0, 0x0E, 0xDE, 0xF0, 0x22, 0x2E, 0x0E, 0x01, 0x23, 0x22, 0x0E, 0xFF, 0x12, 0x10, 0xFE, 0xE1
    .byte   0x12, 0x11, 0xFE, 0xEE, 0xE0, 0xFF, 0xEE, 0xDE, 0xFF, 0xF0, 0xFE, 0xFF, 0x22, 0x31, 0x2E, 0xE0
    .byte   0x03,  -15, 0x03, 0x32, 0x22, 0x44, 0x22, 0xFD, 0xDD, 0x02, 0x22, 0xDF, 0xEE, 0x12, 0x30, 0xED
    .byte   0xDD, 0xE1, 0x21, 0xEE, 0xDD, 0x1F, 0x23, 0xFF, 0xEE, 0x01, 0x32, 0x31, 0xEF, 0xFF, 0x21, 0x21
    .byte   0xEE, 0xE2,    2, 0x02, 0x2F, 0xFE, 0xDF, 0x00, 0xF0, 0xED, 0xEE, 0xE0, 0x0F, 0xFE, 0xE0, 0x13
    .byte   0x22, 0x1F, 0xEF, 0x12, 0x32, 0x32, 0x22, 0x35, 0x22, 0x2D, 0xED, 0xD2, 0x22, 0xEE, 0xEE, 0xE3
    .byte   0x22, 0x1D, 0xDD,    3, 0x0E, 0x22, 0xFE, 0xDD, 0xE1, 0x13, 0x3D, 0xFE, 0xE2, 0x23, 0x22, 0xEE
    .byte   0x01, 0x12, 0x2F, 0xFD, 0xE2, 0x22, 0x2F, 0xEE, 0xD0, 0x20, 0x0E, 0xEE, 0xD0, 0x11, 0x0E, 0xEE
    .byte   0xE1, 0x22, 0x20, 0xF0,  -24, 0x00, 0x21, 0x2F, 0xF2, 0x23, 0x32, 0x44, 0x21, 0xFE, 0xED, 0xFF
    .byte   0x2E, 0xD2, 0xEE, 0x22, 0x21, 0xED, 0xEE, 0xE0, 0x20, 0xDE, 0xDE, 0x10, 0x13, 0xFE, 0xE1, 0x21
    .byte   0x22, 0x20, 0xE0, 0x12, 0x01,    6, 0x0F, 0xEE, 0x02, 0x2F, 0x01, 0x0E, 0xE0, 0x1F, 0xFE, 0xEE
    .byte   0xEF, 0x0F, 0xFE, 0xFE, 0xE1, 0x22, 0x11, 0x11, 0x2E, 0x12, 0x10, 0x12, 0x23, 0x23, 0x34, 0x30
    .byte   0x1E, 0xED, 0xE0, 0x11, 0xDF, 0xFE,   16, 0x02, 0x22, 0xFD, 0xEE, 0xE0, 0x20, 0xED, 0xDE, 0x11
    .byte   0x03, 0x0D, 0xF0, 0x12, 0x22, 0x20, 0xEE, 0x22, 0x21, 0x00, 0x0D, 0x02, 0x12, 0x1E, 0x1E, 0xE0
    .byte   0x20, 0xEF, 0xEE, 0xEE, 0x01, 0x0E, 0xEF,  -32, 0x00, 0x11, 0x21, 0x11, 0x11, 0x21, 0xFF, 0x1F
    .byte   0x22, 0x32, 0x30, 0x34, 0x21, 0x11, 0xED, 0xE0, 0x2F, 0xDF, 0xFE, 0xF3, 0x12, 0xED, 0xFE, 0xE0
    .byte   0x22, 0xDE, 0xDE, 0x10, 0x12, 0x0E, 0xEF, 0x12,   -5, 0x01, 0x21, 0xEE, 0x22, 0x21, 0x10, 0xFD
    .byte   0xE2, 0x20, 0xFF, 0x0E, 0xF0, 0x21, 0xEE, 0xFE, 0xEF, 0x10, 0x0E, 0xE0, 0xFF, 0xF2, 0x21, 0xE1
    .byte   0x01, 0x12, 0x22, 0x2E, 0xF1, 0x32, 0x32, 0x23, 0x2F,   36, 0x01, 0xFF, 0xEE, 0x10, 0xD1, 0xFF
    .byte   0xF0, 0x12, 0x0E, 0xD2, 0xEF, 0x0F, 0x0E, 0xDF, 0xF0, 0xF0, 0x2F, 0xEE, 0x12, 0x20, 0x12, 0xFF
    .byte   0xF2, 0x21, 0xE0, 0x1E, 0xFE, 0x11, 0xFF, 0x01, 0x10, 0x11,   -2, 0x0E, 0xFE, 0xEF, 0xFE, 0x0E
    .byte   0xF1, 0x10, 0x1F, 0x11, 0x10, 0x12, 0x12, 0x10, 0x20, 0x11, 0x22, 0x22, 0x12, 0x30, 0x21, 0x11
    .byte   0xFE, 0x11, 0x0E, 0xE0, 0xEF, 0xF2, 0xFF, 0xEE, 0xFF, 0x01, 0x0F,    4, 0x0D, 0x00, 0x1F, 0x01
    .byte   0xEE, 0x10, 0x21, 0x01, 0x1E, 0x01, 0x21, 0x10, 0xFF, 0xEF, 0x10, 0xF0, 0xFF, 0x10, 0x02, 0x0E
    .byte   0x0E, 0x00, 0xF0, 0xEE, 0xE1, 0x2F, 0x20, 0x00, 0x11, 0x23, 0xF0, 0x1F,   -5, 0x00, 0x12, 0x11
    .byte   0x22, 0x11, 0x22, 0x22, 0xFF, 0x01, 0xF0, 0x1F, 0xFE, 0xE1, 0x0F, 0xF1, 0xFE, 0xE1, 0x1F, 0xFF
    .byte   0x0E, 0xFE, 0x10, 0xF0, 0xE0, 0xEF, 0x02, 0x00, 0x0F, 0x01, 0x02, 0x00, 0xE0,   -6, 0x0F, 0xF1
    .byte   0x10, 0xFE, 0x01, 0x11, 0xFF, 0x00, 0x01, 0x20, 0xFE, 0xE0, 0x11, 0x10, 0x10, 0x1F, 0x02, 0x0F
    .byte   0x10, 0x10, 0x20, 0x21, 0x00, 0x00, 0x11, 0x11, 0x11, 0x02, 0x11, 0x0F, 0x0F, 0x1F,   14, 0x00
    .byte   0xF0, 0x0F, 0x01, 0xF0, 0xEF, 0x00, 0x10, 0xE0, 0xFF, 0xF0, 0x10, 0xFE, 0x01, 0xE1, 0x01, 0x0F
    .byte   0xF0, 0x11, 0xF0, 0x1F, 0xFF, 0x01, 0xF1, 0xF0, 0x10, 0x11, 0x10, 0xEF, 0x11, 0x10, 0x0F,   -7
    .byte   0x01, 0x01, 0x00, 0x0F, 0xF1, 0x00, 0x11, 0x10, 0x1F, 0x10, 0xF1, 0x11, 0x1F, 0x11, 0x10, 0x01
    .byte   0xFF, 0x01, 0x21, 0x0F, 0xF0, 0xF0, 0x01, 0x0E, 0x01, 0x02, 0x0F, 0xFE, 0xE2, 0x2F, 0xFE, 0xF0
    .byte      1, 0x01, 0x11, 0xEE, 0xF1, 0x22, 0x0F, 0xF0, 0xE2, 0x0F, 0x0E, 0x02, 0x01, 0x2F, 0xEF, 0xF2
    .byte   0x21, 0xD0, 0x01, 0x2E, 0x11, 0x1D, 0x22, 0x21, 0xED, 0x0F, 0x1F, 0x20, 0xF1, 0x02, 0x0F, 0xEF
    .byte   0xF2,   -5, 0x0D, 0x23, 0x21, 0xEE, 0x1F, 0x01, 0x20, 0xE0, 0xF1, 0x31, 0x1E, 0xDE, 0x21, 0x20
    .byte   0xE1, 0x02, 0x20, 0xE2, 0x1D, 0xE2, 0x02, 0xF1, 0x2E, 0x1E, 0x22, 0xE0, 0xD2, 0x21, 0xFF, 0x2E
    .byte   0x13, 0xE1,    1, 0x0D, 0x31, 0x00, 0x02, 0xEE, 0xF2, 0x20, 0x1F, 0xEE, 0x21, 0x2F, 0xDF, 0x31
    .byte   0xE2, 0x0E, 0xEE, 0x23, 0xFE, 0xEF, 0x21, 0x1E, 0xEE, 0xF3, 0x20, 0xFD, 0x32, 0xE1, 0x1D, 0x01
    .byte   0x02, 0x1E, 0x12,   -2, 0x01, 0x0E, 0xE3, 0xFF, 0x02, 0x22, 0xDE, 0x2D, 0x23, 0x02, 0xDD, 0xF4
    .byte   0x2D, 0x1C, 0x13, 0x23, 0xFE, 0xEE, 0x13, 0x1D, 0xF1, 0xF2, 0x20, 0x1E, 0xED, 0x03, 0x23, 0x0E
    .byte   0xED, 0x23, 0x1E, 0xC1,   -9, 0x03, 0x3E, 0xED, 0xF3, 0x23, 0xFD, 0xDF, 0x33, 0xFE, 0xDE, 0xF1
    .byte   0x42, 0xDC, 0xF3, 0x23, 0xED, 0x1E, 0x12, 0x20, 0xEF, 0x02, 0x12, 0x1E, 0xDE, 0x21, 0x22, 0x2F
    .byte   0xDF, 0xF2, 0x1E, 0xF1, 0xE3,    8, 0x0E, 0x1F, 0xE1, 0xF0, 0xD2, 0x30, 0x1E, 0xE1, 0x00, 0x1E
    .byte   0xE1, 0x23, 0x2E, 0x2E, 0xFD, 0xE2, 0x22, 0xEE, 0x03, 0x22, 0xFD, 0xDE, 0x32, 0x1E, 0xE1, 0x21
    .byte   0x22, 0x1C, 0xF2, 0x22, 0xD2, 0x01,    4, 0x0E, 0x2E, 0xE2, 0xF2, 0xEE, 0xF1, 0x32, 0xED, 0x12
    .byte   0x21, 0x1F, 0xDD, 0x23, 0x3E, 0xEF, 0xEE, 0x23, 0x2F, 0xCF, 0x22, 0x3E, 0xFD, 0x02, 0x23, 0xED
    .byte   0xEE, 0x32, 0x1E, 0xFD, 0xE4, 0xF3, 0x0D,   -4, 0x0F, 0x12, 0x31, 0xDE, 0xE2, 0x30, 0xED, 0x2E
    .byte   0x14, 0xF3, 0xDC, 0xE2, 0x31, 0x1D, 0xF0, 0x13, 0x3E, 0xDF, 0xE2, 0xE0, 0x30, 0x2E, 0xEE, 0x13
    .byte   0xE2, 0xDE, 0x11, 0x30, 0xEF, 0xE1, 0x3F, 0x2E,   -4, 0x0E, 0x22, 0x01, 0x0E, 0x1E, 0x13, 0x2E
    .byte   0xED, 0x32, 0x0E, 0x02, 0xD2, 0x0E, 0x21, 0xF3, 0x2C, 0x1E, 0xF3, 0x11, 0xE1, 0x0E, 0x3E, 0x2E
    .byte   0xC1, 0x33, 0x2F, 0xEE, 0x1F, 0x30, 0xED, 0x21, 0xE2,    3, 0x0F, 0xE3, 0xDD, 0x3F, 0x22, 0x0D
    .byte   0xF3, 0x02, 0xEE, 0x11, 0xE2, 0x01, 0xDF, 0x02, 0x3D, 0xF3, 0xE2, 0xD3, 0x1E, 0x2C, 0x32, 0xE3
    .byte   0xED, 0x02, 0xE1, 0x21, 0xF1, 0x01, 0xF2, 0xEE, 0xFF, 0x3E,    2, 0x00, 0xDF, 0x33, 0x0D, 0xEE
    .byte   0xF3, 0x01, 0xFE, 0xE2, 0x21, 0x3E, 0xDD, 0x20, 0x40, 0xC3, 0xE1, 0x20, 0x3D, 0xDE, 0x13, 0xF1
    .byte   0x0F, 0x02, 0x20, 0xEE, 0xF0, 0x0E, 0x13, 0x0E, 0x2E, 0x12, 0xD3,   -5, 0x00, 0x12, 0x2E, 0x2E
    .byte   0xFE, 0x03, 0x1D, 0x01, 0x12, 0x02, 0x2C, 0x21, 0x11, 0xE1, 0x11, 0x12, 0xEE, 0xE2, 0x11, 0x2E
    .byte   0x00, 0x12, 0x1E, 0xEF, 0x21, 0x00, 0xE2, 0xF1, 0x0E, 0x02, 0xF1, 0x02,    3, 0x0E, 0x0F, 0x21
    .byte   0x0F, 0xED, 0x31, 0x13, 0xED, 0x01, 0x02, 0xF3, 0xDE, 0x2E, 0x3F, 0xE2, 0xD1, 0xD3, 0x4E, 0x0D
    .byte   0xE1, 0xF2, 0x21, 0xEE, 0x2F, 0x22, 0xFE, 0xD0, 0x20, 0x21, 0x0E, 0x02, 0xE2,   -2, 0x01, 0x2D
    .byte   0x0F, 0x23, 0x2E, 0xD1, 0xF2, 0x3E, 0xDE, 0xE1, 0x42, 0xD0, 0xEF, 0x12, 0x02, 0x0D, 0x1F, 0xE3
    .byte   0x13, 0xDE, 0x10, 0x12, 0x1E, 0xEF, 0x02, 0x2E, 0x0E, 0x22, 0x0E, 0x0E, 0x13, 0xEF,   -2, 0x0F
    .byte   0xF3, 0x2D, 0x1E, 0xE3, 0x2E, 0xEF, 0xE3, 0x2D, 0x2E, 0x12, 0xF2, 0xD1, 0x21, 0x1D, 0x20, 0xF2
    .byte   0x3E, 0xDF, 0x20, 0x10, 0xE1, 0x03, 0x1E, 0xDF, 0x3E, 0xF1, 0xF0, 0x22, 0xFE, 0x0E, 0x01,    0
    .byte   0x01, 0x0E, 0xF2, 0xE3, 0x2D, 0xFE, 0xE1, 0x4D, 0xF3, 0xD2, 0x3D, 0x1E, 0xE0, 0x22, 0xE2, 0x1D
    .byte   0xF2, 0x22, 0xED, 0xE2, 0x3E, 0x22, 0xE2, 0xEF, 0xF1, 0x1E, 0x0F, 0xE1, 0x32, 0x0D, 0xF3, 0xEE
    .byte      0, 0x01, 0xEE, 0x3E, 0x3E, 0xE0, 0xE2, 0x11, 0x20, 0xED, 0x22, 0xFF, 0x3E, 0xEF, 0x03, 0xED
    .byte   0x2E, 0x22, 0x1F, 0xE1, 0xE3, 0x0D, 0x3E, 0x2E, 0x00, 0xF0, 0x00, 0xF2, 0xE2, 0x2E, 0x2D, 0xF0
    .byte   0xF2,    3, 0x0F, 0xEF, 0x12, 0x2F, 0x1E, 0xD1, 0x21, 0x21, 0x0E, 0xF1, 0xE2, 0x1F, 0x0D, 0x13
    .byte   0x12, 0x1E, 0xD0, 0x20, 0x2F, 0xE2, 0x01, 0x2F, 0xFE, 0xF0, 0xE2, 0x2E, 0x00, 0xF2, 0xE2, 0xE1
    .byte   0x2D, 0x2F,   -2, 0x02, 0xF2, 0xEF, 0x10, 0x2E, 0xE2, 0xE1, 0x01, 0x10, 0x10, 0x1E, 0xE2, 0xF1
    .byte   0x22, 0xE2, 0xEE, 0x11, 0x10, 0x2D, 0xE3, 0x1E, 0x2E, 0xF3, 0xFF, 0xEF, 0xFF, 0x20, 0x1E, 0x01
    .byte   0x22, 0xE0, 0xD0,    2, 0x0F, 0x0F, 0x0F, 0x01, 0x02, 0xE0, 0x1F, 0xF2, 0xE0, 0x0F, 0x11, 0x2E
    .byte   0x2F, 0xD2, 0x2E, 0xE2, 0x3D, 0x21, 0xD3, 0x1E, 0x1E, 0x12, 0xFF, 0x10, 0xE1, 0xFF, 0x3F, 0xE2
    .byte   0xE1, 0xE1, 0x00, 0x2E,    2, 0x0F, 0x00, 0xFF, 0x11, 0x0E, 0x01, 0x20, 0xE1, 0x2E, 0xF2, 0x2E
    .byte   0xE0, 0x11, 0x2E, 0x0F, 0xF1, 0xF2, 0x00, 0xE0, 0x20, 0xFF, 0xFF, 0x02, 0xF0, 0xF0, 0x1F, 0x1E
    .byte   0x12, 0xEF, 0x12, 0xE2, 0xFE,    3, 0x0F, 0xE2, 0x2D, 0x12, 0xE0, 0x2F, 0x10, 0xE1, 0x01, 0x2E
    .byte   0x2E, 0xF0, 0xF2, 0xE2, 0xF0, 0x1E, 0x12, 0xFE, 0x00, 0x12, 0xFE, 0x2F, 0xF0, 0x1F, 0x0F, 0x01
    .byte   0x01, 0x01, 0xE1, 0x10, 0x10, 0xE2,    1, 0x00, 0x1E, 0x10, 0xF2, 0xE2, 0xFE, 0x3E, 0xE1, 0x11
    .byte   0x0F, 0x01, 0x10, 0xD3, 0x01, 0xEF, 0x00, 0x20, 0xFE, 0x21, 0xFF, 0x0F, 0xF2, 0xF0, 0x1E, 0x12
    .byte   0xE1, 0xF0, 0x2E, 0x10, 0x00, 0xF1, 0x1E,    1, 0x0F, 0x2E, 0xF0, 0x01, 0x2E, 0x00, 0xF0, 0x12
    .byte   0xEF, 0xF2, 0x0E, 0x2F, 0xF0, 0x1E, 0x21, 0xFF, 0xF1, 0x1E, 0x20, 0x0E, 0x12, 0xFF, 0xF1, 0xF1
    .byte   0x10, 0x0F, 0x00, 0x00, 0x00, 0xFF, 0x20, 0xF0,   -1, 0x00, 0xF0, 0x21, 0x10, 0xEE, 0x20, 0x11
    .byte   0xEF, 0x12, 0xF0, 0xF1, 0x0F, 0xE2, 0x1F, 0x11, 0xE1, 0x01, 0x10, 0xFF, 0x00, 0x12, 0xE0, 0xF1
    .byte   0xF0, 0x01, 0x0F, 0x11, 0xF0, 0x10, 0xE1, 0x10, 0x10,    2, 0x0F, 0x01, 0xF0, 0xFE, 0x2F, 0x01
    .byte   0x12, 0xE0, 0xEF, 0x21, 0x10, 0xEE, 0x23, 0xE2, 0xEE, 0x0E, 0x22, 0xFF, 0xE1, 0x12, 0xFE, 0x12
    .byte   0xEF, 0x20, 0x11, 0xE0, 0xE1, 0x1E, 0x3F, 0x1E, 0xF1, 0x13,    0, 0x01, 0xD2, 0xF2, 0x3E, 0xEE
    .byte   0xF2, 0x21, 0x1E, 0xEE, 0x03, 0x0F, 0x2E, 0xF0, 0xE2, 0x0F, 0xF1, 0x11, 0x3D, 0x10, 0xEF, 0x2D
    .byte   0x13, 0xE1, 0x0F, 0x02, 0x0E, 0x4D, 0xE3, 0xD2, 0xED, 0xE3, 0x2D,    0, 0x01, 0xF3, 0xED, 0x22
    .byte   0x12, 0x1C, 0xEF, 0xF3, 0x2E, 0xF1, 0x22, 0x22, 0xED, 0xEE, 0x13, 0x22, 0xDE, 0x02, 0x11, 0x1E
    .byte   0xEE, 0xF2, 0x32, 0xE0, 0xEE, 0x02, 0x3E, 0xDF, 0xF1, 0x22, 0x2E, 0xED,   -7, 0x02, 0x22, 0xEE
    .byte   0x11, 0x12, 0x2E, 0xEE, 0x00, 0x21, 0x11, 0xEE, 0x12, 0x12, 0xEE, 0x01, 0x02, 0x00, 0xFF, 0xF0
    .byte   0x02, 0xF0, 0x0E, 0x00, 0x2F, 0xFF, 0xF1, 0x00, 0x20, 0xE0, 0x00, 0x11, 0xFF,   -1, 0x00, 0x10
    .byte   0x01, 0xFF, 0xF1, 0x11, 0x0F, 0x0F, 0x01, 0x11, 0x0F, 0xF0, 0x00, 0x00, 0xFF, 0x01, 0x01, 0x10
    .byte   0xF0, 0x00, 0x11, 0xFF, 0xF0, 0x02, 0x1E, 0xF0, 0xF0, 0x20, 0x0F, 0xE2, 0x10, 0x11,    3, 0x0F
    .byte   0xF0, 0x02, 0x0E, 0x1E, 0x10, 0x11, 0x0E, 0xEF, 0x12, 0x1F, 0xEE, 0xF0, 0x22, 0xE0, 0xDF, 0x22
    .byte   0x2F, 0x1E, 0x22, 0x22, 0x22, 0x22, 0x02, 0x21, 0x0F, 0xEE, 0xFE, 0xEE, 0xFE, 0xEF, 0x02,    4
    .byte   0x00, 0xFF, 0xF0, 0x10, 0xFE, 0xEE, 0xEE, 0xEF, 0x0E, 0xEE, 0x00, 0x2F, 0xFE, 0xEE, 0xE1, 0x12
    .byte   0x34, 0x35, 0x55, 0x33, 0x0F, 0xED, 0xCC, 0xCC, 0xCC, 0xF2, 0x12, 0xF3, 0x33, 0x43, 0x20, 0xFF
    .byte     35, 0x0F, 0xDD, 0xCE, 0xEE, 0xEF, 0x00, 0x12, 0x23, 0x11, 0x11, 0x11, 0xFF, 0xEE, 0xEE, 0xFE
    .byte   0xDE, 0xFE, 0x0E, 0x0E, 0x0F, 0x01, 0xED, 0xE2, 0x34, 0x44, 0x55, 0x53, 0xFE, 0xED, 0xCB, 0xCC
    .byte   0xBD,  -43, 0x03, 0x32, 0x33, 0x44, 0x43, 0x1F, 0xED, 0xDD, 0xDC, 0xDD, 0xE0, 0x11, 0x23, 0x23
    .byte   0x32, 0x22, 0xFE, 0xED, 0xED, 0xEE, 0xF1, 0x00, 0x02, 0xFF, 0x01, 0xFE, 0xDF, 0xEF, 0xFE, 0xED
    .byte   0xDE, 0xE2,  -51, 0x04, 0x44, 0x66, 0x52, 0xEE, 0xCD, 0xBB, 0xCB, 0xCD, 0xF3, 0x44, 0x24, 0x54
    .byte   0x32, 0xED, 0xDC, 0xDD, 0xCC, 0xEE, 0x22, 0x32, 0x23, 0x33, 0x31, 0x0E, 0xED, 0xFF, 0xDD, 0xDE
    .byte   0x21, 0x21, 0x22,    0, 0x0F, 0x0F, 0xEE, 0xEF, 0xEF, 0xDE, 0xEE, 0xEE, 0xED, 0xD1, 0x35, 0x54
    .byte   0x36, 0x54, 0x2E, 0xDC, 0xBB, 0xCC, 0xBD, 0xF2, 0x44, 0x34, 0x54, 0x33, 0xDD, 0xDC, 0xCD, 0xCD
    .byte   0xD1, 0x13, 0x32, 0x33,   14, 0x03, 0x21, 0xEE, 0xD1, 0x1D, 0xDE, 0xE1, 0x02, 0x00, 0x21, 0x20
    .byte   0x1F, 0xEF, 0xE0, 0xEE, 0xEE, 0xED, 0xDD, 0xFE, 0xEF, 0x23, 0x43, 0x54, 0x54, 0x52, 0x1D, 0xCC
    .byte   0xCB, 0xCD, 0xCF, 0x13, 0x44,   18, 0x04, 0x43, 0x1F, 0xDD, 0xDC, 0xCD, 0xCD, 0xF2, 0x23, 0x23
    .byte   0x43, 0x22, 0x0F, 0xEE, 0xDE, 0xDE, 0xEF, 0x01, 0x22, 0x1F, 0x21, 0x0F, 0xE2, 0xEE, 0xEE, 0x0D
    .byte   0xEE, 0xED, 0xDE, 0x22, 0xDE, 0x34,  -31, 0x03, 0x54, 0x44, 0x43, 0xED, 0xCD, 0xDC, 0xCD, 0xC0
    .byte   0x23, 0x43, 0x33, 0x33, 0x2E, 0xDD, 0xDD, 0xDD, 0xDE, 0xE2, 0x31, 0x23, 0x23, 0x2F, 0xF0, 0xEE
    .byte   0xF1, 0xED, 0xE0, 0x21, 0x0E, 0x12, 0x11,    1, 0x00, 0xE0, 0xEF, 0xEE, 0xED, 0xEE, 0xEE, 0xED
    .byte   0x22, 0x12, 0xF1, 0x34, 0x43, 0x42, 0x54, 0x1D, 0xDE, 0xFC, 0xCD, 0xED, 0xE3, 0x33, 0x30, 0x34
    .byte   0xFD, 0xDE, 0xED, 0xDD, 0xEE, 0xE3, 0x21, 0xF2,    7, 0x02, 0x11, 0x11, 0xEF, 0xFF, 0xEE, 0x1E
    .byte   0xFF, 0x10, 0xFF, 0x21, 0xF0, 0x11, 0xEE, 0xEE, 0xED, 0xEE, 0xE1, 0xEE, 0xE2, 0x30, 0x0F, 0x13
    .byte   0x22, 0x33, 0x43, 0x44, 0xFD, 0xE0, 0x0D, 0xCD, 0x0E,    5, 0x01, 0x23, 0x23, 0x22, 0xEF, 0xDE
    .byte   0xED, 0xDE, 0xEE, 0xF1, 0x11, 0x23, 0x11, 0x22, 0x2F, 0xFE, 0xE0, 0xEE, 0xEE, 0x20, 0x1F, 0x22
    .byte   0x2F, 0x11, 0xFE, 0xEE, 0xED, 0xDE, 0xEE, 0xEE, 0xE1, 0x12,  -45, 0x01, 0x22, 0x20, 0x03, 0x42
    .byte   0x32, 0x45, 0xED, 0xF0, 0x2E, 0xDD, 0x0F, 0xF2, 0x02, 0x22, 0x3E, 0xED, 0x2E, 0xDD, 0xD1, 0xEE
    .byte   0xEF, 0x20, 0x12, 0x12, 0x12, 0x12, 0xFF, 0xFF, 0xFE, 0x0E, 0x02,   -1, 0x02, 0x01, 0x21, 0x0E
    .byte   0x1F, 0xDE, 0xDF, 0xDE, 0xD1, 0xEE, 0xF1, 0xF1, 0x11, 0xF1, 0x03, 0x1E, 0x34, 0x32, 0x34, 0x5E
    .byte   0xDF, 0x33, 0xCC, 0x12, 0x1E, 0xE2, 0x32, 0x20, 0xFE, 0xFF, 0xEC, 0xD1,    3, 0x0E, 0xDE, 0x10
    .byte   0xF1, 0x11, 0x22, 0x2F, 0x12, 0x2F, 0xEF, 0x1F, 0xE0, 0xE2, 0x12, 0x1F, 0x22, 0xFE, 0xEE, 0xEE
    .byte   0xDE, 0xDE, 0xFF, 0xEE, 0xE2, 0x0E, 0xE2, 0x2F, 0x11, 0x23, 0x33, 0x33, 0x35,   45, 0x0D, 0x10
    .byte   0x4E, 0xCD, 0x32, 0xDF, 0xF3, 0x21, 0x1E, 0x0E, 0xFE, 0xDD, 0xD2, 0xDD, 0xE0, 0x20, 0xEF, 0x22
    .byte   0x22, 0xF1, 0x32, 0xFE, 0x11, 0x1E, 0xE0, 0x10, 0x20, 0x01, 0x12, 0x0D, 0xEF, 0xFD,  -23, 0x0E
    .byte   0xFD, 0xEE, 0xF0, 0xEF, 0xF0, 0x20, 0xFF, 0x23, 0x3E, 0x34, 0x32, 0x35, 0xF1, 0x02, 0x3D, 0xD2
    .byte   0x1E, 0xEF, 0x22, 0xF2, 0xEF, 0x1E, 0xFD, 0xDF, 0xED, 0xEE, 0xE0, 0x0E, 0xEF, 0x32, 0xE1,   -6
    .byte   0x02, 0x30, 0xE2, 0x11, 0x1D, 0x10, 0x12, 0xEF, 0x12, 0x2F, 0xDE, 0x01, 0xDD, 0xEF, 0xDE, 0xEE
    .byte   0x0E, 0x0E, 0x02, 0x1E, 0x02, 0x32, 0xE4, 0x33, 0x23, 0x52, 0xF2, 0x32, 0xED, 0x12, 0xFE, 0xE1
    .byte     42, 0x01, 0x0E, 0xF1, 0xFE, 0xDD, 0x1E, 0xDD, 0xFF, 0x0E, 0xDF, 0x20, 0x1F, 0x12, 0x23, 0x00
    .byte   0x21, 0x21, 0xEE, 0x21, 0x0F, 0xE2, 0x11, 0xFE, 0xF0, 0xFD, 0xDE, 0xFE, 0xDE, 0xEE, 0xF0, 0xEE
    .byte   0x11,  -46, 0x0F, 0xEF, 0x33, 0x12, 0x33, 0x33, 0x5E, 0x23, 0x32, 0xDE, 0x23, 0xDE, 0xE3, 0x1E
    .byte   0x1E, 0xF2, 0xEE, 0xDE, 0xEE, 0xDD, 0x1F, 0xEE, 0xEF, 0x01, 0xFF, 0xE3, 0x21, 0x02, 0x23, 0xFE
    .byte   0x01, 0x21,    3, 0x01, 0x2F, 0x0E, 0x11, 0x0E, 0xEE, 0xEE, 0xED, 0xEE, 0xEE, 0xE0, 0x0E, 0x02
    .byte   0xE1, 0x1F, 0x22, 0x22, 0x23, 0x34, 0x42, 0xF4, 0x31, 0x1D, 0x33, 0xDE, 0x02, 0x2E, 0xE0, 0x11
    .byte   0xDE, 0xEE, 0xFD,    7, 0x0E, 0xE1, 0xED, 0xE2, 0xFF, 0xE0, 0x02, 0x11, 0xF3, 0x21, 0x01, 0x22
    .byte   0x0F, 0x01, 0x11, 0xEE, 0x22, 0xED, 0xE2, 0xED, 0xDF, 0x1D, 0xEE, 0xE0, 0xFE, 0x01, 0xF1, 0xF0
    .byte   0x21, 0x12, 0x32, 0x33,    5, 0x04, 0x12, 0x43, 0x1E, 0xE4, 0xFD, 0xE1, 0x31, 0xD0, 0x02, 0xED
    .byte   0xDE, 0x1E, 0xCE, 0xF1, 0xED, 0xD3, 0x0E, 0xD0, 0x22, 0xEF, 0x20, 0x31, 0xF2, 0x22, 0x10, 0x02
    .byte   0x01, 0xFF, 0x00, 0xFE, 0xE1,    0, 0x0D, 0xEE, 0xEE, 0xDE, 0xE1, 0xEE, 0xFF, 0x01, 0x0E, 0x21
    .byte   0x20, 0xF3, 0x32, 0x33, 0x51, 0x14, 0x33, 0xDE, 0x41, 0xDE, 0x23, 0x0D, 0x02, 0x0E, 0xDE, 0xEE
    .byte   0xDD, 0xEE, 0x1D, 0xEE, 0x2E, 0xEE,  -22, 0x01, 0x0F, 0x02, 0x02, 0x20, 0x13, 0x2F, 0x02, 0x2F
    .byte   0x00, 0x10, 0xF0, 0xFE, 0xFE, 0xED, 0xEF, 0xEE, 0xDF, 0xEF, 0xEE, 0xFF, 0x0F, 0xF0, 0x02, 0x01
    .byte   0x23, 0x23, 0x24, 0x41, 0x34, 0x32, 0xE0,   61, 0x01, 0xDF, 0x23, 0xFD, 0x12, 0x0D, 0xDE, 0xEE
    .byte   0xDD, 0xEF, 0xED, 0xE1, 0xEE, 0xEF, 0x0E, 0x00, 0x12, 0x11, 0x22, 0x22, 0xF2, 0x22, 0xF0, 0x22
    .byte   0xE1, 0x01, 0xFE, 0xEF, 0xEE, 0xED, 0xEE, 0xEE,  -40, 0x00, 0xEE, 0xE0, 0x0F, 0xF1, 0x11, 0x02
    .byte   0x22, 0x23, 0x33, 0x42, 0x34, 0x22, 0x11, 0x31, 0xE1, 0x22, 0xFE, 0x22, 0xED, 0xEE, 0xED, 0xDE
    .byte   0xEE, 0xDE, 0xE0, 0xEE, 0xE1, 0xFE, 0xE1, 0x21, 0xF1,  -14, 0x01, 0x21, 0x22, 0x20, 0x11, 0x21
    .byte   0xF1, 0x10, 0xFE, 0xFF, 0xEE, 0xDF, 0xEE, 0xDF, 0xEE, 0xEE, 0x0E, 0xFF, 0xF0, 0x2E, 0x12, 0x12
    .byte   0x23, 0x32, 0x43, 0x24, 0x32, 0x2F, 0x33, 0xD1, 0x23, 0x0E,   63, 0x02, 0xFD, 0xEE, 0xED, 0xDE
    .byte   0xDF, 0xDE, 0xEF, 0xEE, 0xEF, 0x0D, 0xF1, 0x10, 0x01, 0x22, 0x02, 0x22, 0x02, 0x20, 0x22, 0xF1
    .byte   0x10, 0xFF, 0xFF, 0xEE, 0xEE, 0xEE, 0xEE, 0xED, 0xFF, 0xEE, 0xE1,  -52, 0x0F, 0xF0, 0x11, 0x12
    .byte   0x32, 0x23, 0x34, 0x22, 0x43, 0x3E, 0x23, 0x2E, 0x22, 0x20, 0xE2, 0x10, 0xDE, 0xED, 0xED, 0xDE
    .byte   0xEE, 0xDF, 0xEF, 0xDE, 0xFF, 0xEE, 0x01, 0xF1, 0x12, 0x20, 0x22, 0x21,   -3, 0x02, 0x02, 0x21
    .byte   0x02, 0x01, 0xFF, 0xFE, 0xEF, 0xEE, 0xED, 0xEE, 0xDE, 0xFE, 0xEE, 0xFF, 0xFF, 0xF0, 0x12, 0x02
    .byte   0x32, 0x31, 0x44, 0x23, 0x33, 0x21, 0x23, 0x1F, 0x13, 0x2E, 0x02, 0xFE, 0xDE,   50, 0x0D, 0xDD
    .byte   0xEE, 0xED, 0xFE, 0xEF, 0xDE, 0x0E, 0xEF, 0xF2, 0xFF, 0x22, 0x12, 0x12, 0x21, 0x22, 0x11, 0x22
    .byte   0x01, 0x10, 0x1E, 0x1E, 0xEE, 0xEE, 0xED, 0xFE, 0xDF, 0xEF, 0xEE, 0x0E, 0x0F, 0x01,  -53, 0x02
    .byte   0x11, 0x32, 0x32, 0x34, 0x22, 0x43, 0x21, 0x23, 0x2E, 0x22, 0x3E, 0x01, 0xFF, 0xDE, 0xED, 0xDE
    .byte   0xD1, 0xDE, 0xEE, 0xEE, 0xED, 0xFF, 0xEE, 0x01, 0x1F, 0x22, 0x12, 0x12, 0x20, 0x22, 0x20,    6
    .byte   0x01, 0x21, 0x10, 0x1F, 0x0E, 0xEF, 0xEE, 0xEE, 0xDE, 0xEE, 0xEE, 0xFE, 0x0E, 0xF0, 0xF0, 0xF1
    .byte   0x21, 0x23, 0x23, 0x23, 0x42, 0x33, 0x32, 0x02, 0x31, 0xF2, 0x31, 0xFF, 0x01, 0xED, 0xEE, 0xDE
    .byte     24, 0x0E, 0xEE, 0xDE, 0xEE, 0xEE, 0xEE, 0x0E, 0xE1, 0x10, 0x02, 0x21, 0x12, 0x21, 0x22, 0x12
    .byte   0x20, 0x22, 0x01, 0xFF, 0xFF, 0xEF, 0xEE, 0xEE, 0xEE, 0xED, 0xEE, 0x0E, 0xEF, 0xF0, 0xEF, 0x02
    .byte   0x02,  -45, 0x02, 0x32, 0x32, 0x34, 0x23, 0x23, 0x30, 0x13, 0x21, 0x12, 0x20, 0xFF, 0xFE, 0xED
    .byte   0xED, 0xFD, 0xDE, 0xEE, 0xEE, 0xEE, 0xEE, 0xEE, 0xFF, 0xFF, 0x02, 0x02, 0x21, 0x22, 0x11, 0x22
    .byte   0x12, 0x02,   11, 0x01, 0x1F, 0x1F, 0xFE, 0xEE, 0xEE, 0xEE, 0xEE, 0xEE, 0xFE, 0xEF, 0xE0, 0xE1
    .byte   0x01, 0x11, 0x12, 0x22, 0x32, 0x33, 0x33, 0x23, 0x23, 0x12, 0x22, 0x21, 0x22, 0x10, 0xFE, 0xFE
    .byte   0xDE, 0xDF, 0xDD,   15, 0x0E, 0xEE, 0xEE, 0xEE, 0xEE, 0xE0, 0xE0, 0x00, 0x02, 0x12, 0x11, 0x22
    .byte   0x11, 0x21, 0x21, 0x20, 0x21, 0xF0, 0xF0, 0xFE, 0xFE, 0xEE, 0xEE, 0xEE, 0xEF, 0xEE, 0xFE, 0xFF
    .byte   0xFF, 0x01, 0x11, 0x12,  -35, 0x02, 0x23, 0x23, 0x33, 0x23, 0x23, 0x20, 0x22, 0x22, 0x21, 0x20
    .byte   0xFF, 0xEE, 0xED, 0xEE, 0xDE, 0xDF, 0xED, 0xFE, 0xEE, 0xEF, 0xEE, 0xFF, 0xF1, 0x00, 0x12, 0x12
    .byte   0x02, 0x02, 0x02, 0x02, 0x21,    6, 0x01, 0x01, 0xF0, 0x0E, 0xFF, 0xEF, 0xEE, 0xEE, 0xEE, 0xFE
    .byte   0xEF, 0xEF, 0xFF, 0x10, 0x11, 0x02, 0x21, 0x22, 0x23, 0x23, 0x33, 0x22, 0x22, 0x22, 0x22, 0x22
    .byte   0x21, 0x11, 0xEF, 0xEE, 0xEE, 0xDF,   28, 0x0E, 0xDF, 0xEE, 0xEE, 0xEE, 0xEE, 0xEE, 0x0F, 0x01
    .byte   0x11, 0x10, 0x20, 0x02, 0x02, 0x12, 0x11, 0x21, 0x11, 0x10, 0xF0, 0x0E, 0xFF, 0xFF, 0xEE, 0xFE
    .byte   0xEE, 0xFE, 0xEF, 0xE0, 0xF0, 0x00, 0x11,  -37, 0x01, 0x22, 0x22, 0x32, 0x33, 0x23, 0x12, 0x23
    .byte   0x12, 0x22, 0x22, 0x2F, 0xF0, 0xEE, 0xEE, 0xDE, 0xEE, 0xEE, 0xEE, 0xEE, 0xDE, 0xEE, 0xEE, 0xFF
    .byte   0xFF, 0x11, 0x00, 0x11, 0x10, 0x21, 0x12, 0x12,   -5, 0x02, 0x11, 0x11, 0x10, 0x0F, 0x0E, 0x0E
    .byte   0xFF, 0xEE, 0xEE, 0xFE, 0xEF, 0xEF, 0xFF, 0x0F, 0x00, 0x20, 0x22, 0x22, 0x32, 0x33, 0x23, 0x12
    .byte   0x23, 0x12, 0x31, 0x22, 0x10, 0x00, 0xEE, 0xEE, 0xEE,   35, 0x0E, 0xEE, 0xEE, 0xEE, 0xDE, 0xEE
    .byte   0xEE, 0xEF, 0xF0, 0x00, 0x10, 0x10, 0x20, 0x12, 0x02, 0x21, 0x22, 0x11, 0x11, 0x10, 0xFF, 0x0F
    .byte   0xFF, 0xEF, 0xEE, 0xEE, 0xEF, 0xEE, 0xEF, 0xFF, 0xF0, 0x01,  -40, 0x01, 0x22, 0x21, 0x32, 0x33
    .byte   0x23, 0x22, 0x22, 0x32, 0x22, 0x12, 0x21, 0x1F, 0xFF, 0xEE, 0xED, 0xEE, 0xED, 0xFE, 0xEE, 0xEE
    .byte   0xDE, 0xEE, 0xEF, 0xFE, 0x10, 0x00, 0x11, 0x10, 0x20, 0x21, 0x21,   -9, 0x02, 0x11, 0x22, 0xF1
    .byte   0x01, 0xFF, 0xFF, 0xFE, 0xFE, 0xEF, 0xEE, 0xEF, 0xEE, 0xFE, 0xFF, 0xFF, 0x11, 0x12, 0x22, 0x21
    .byte   0x32, 0x32, 0x32, 0x22, 0x31, 0x32, 0x22, 0x21, 0x20, 0x00, 0xFE, 0xEE,   48, 0x0D, 0xFE, 0xED
    .byte   0xFE, 0xED, 0xEE, 0xED, 0xFE, 0xFE, 0xF0, 0xF0, 0xF1, 0x01, 0x02, 0x11, 0x12, 0x21, 0x22, 0x21
    .byte   0x12, 0xF1, 0x10, 0xF1, 0xFF, 0x0E, 0xFE, 0xEE, 0xEF, 0xEE, 0xFE, 0xFE, 0xFF,  -40, 0x00, 0x01
    .byte   0x01, 0x22, 0x22, 0x22, 0x32, 0x32, 0x23, 0x22, 0x22, 0x31, 0x22, 0x12, 0xF1, 0xFF, 0xEE, 0xFD
    .byte   0xEE, 0xEE, 0xDF, 0xEE, 0xEE, 0xDE, 0xEE, 0xEE, 0x0F, 0xFF, 0x10, 0x10, 0x11, 0x11,  -22, 0x02
    .byte   0x12, 0x21, 0x22, 0x11, 0x2F, 0x10, 0x0F, 0x1F, 0xFF, 0xFE, 0xEE, 0xEF, 0xEE, 0xEE, 0x0E, 0xFF
    .byte   0xF0, 0xE0, 0x10, 0x21, 0x22, 0x22, 0x32, 0x32, 0x23, 0x22, 0x23, 0x22, 0x22, 0x12, 0x11,   63
    .byte   0x00, 0xEF, 0xEE, 0xED, 0xFE, 0xEE, 0xEE, 0xED, 0xFD, 0xEE, 0xEE, 0xFE, 0x0F, 0x01, 0xF1, 0x01
    .byte   0x02, 0x11, 0x02, 0x22, 0x12, 0x20, 0x21, 0x01, 0x10, 0x1F, 0xFF, 0xFF, 0xEF, 0xEE, 0xEE, 0xEE
    .byte    -28, 0x0F, 0xE0, 0xE0, 0xE0, 0xF1, 0x10, 0x12, 0x22, 0x22, 0x23, 0x23, 0x22, 0x23, 0x12, 0x32
    .byte   0x22, 0x12, 0x11, 0x10, 0xFF, 0xEE, 0xDF, 0xEE, 0xED, 0xFE, 0xED, 0xEE, 0xED, 0xFE, 0xEF, 0xFF
    .byte   0xF0,  -31, 0x01, 0x10, 0x01, 0x20, 0x22, 0x21, 0x22, 0x12, 0x02, 0x11, 0x11, 0x00, 0x00, 0xE0
    .byte   0xE0, 0xEE, 0xEE, 0xEE, 0xFE, 0xE0, 0xE0, 0xE0, 0xF0, 0x00, 0x12, 0x02, 0x22, 0x22, 0x32, 0x32
    .byte   0x31, 0x22,   36, 0x02, 0x22, 0x22, 0x12, 0x10, 0xF0, 0xEE, 0xEE, 0xED, 0xFE, 0xEE, 0xED, 0xEE
    .byte   0xED, 0xFE, 0xE0, 0xE0, 0xFF, 0x01, 0x01, 0x00, 0x12, 0x12, 0x02, 0x22, 0x22, 0x11, 0x02, 0x00
    .byte   0x01, 0x1F, 0xF0,    6, 0x0F, 0xEE, 0xEE, 0xEF, 0xEE, 0xEF, 0xFE, 0x0E, 0x0F, 0x00, 0x00, 0x12
    .byte   0x21, 0x22, 0x23, 0x23, 0x22, 0x23, 0x22, 0x31, 0x22, 0x21, 0x12, 0x00, 0x0E, 0xEE, 0xEE, 0xEE
    .byte   0xEE, 0xEE, 0xDE, 0xEE,  -10, 0x0E, 0xEE, 0xE0, 0xFF, 0xFF, 0x00, 0x11, 0x11, 0x02, 0x21, 0x22
    .byte   0x22, 0x21, 0x20, 0x11, 0x10, 0x1F, 0x1F, 0x0E, 0xFF, 0xEE, 0xED, 0xFE, 0xEF, 0xEF, 0xE0, 0xEF
    .byte   0xFF, 0x00, 0x00, 0x21, 0x22,  -25, 0x02, 0x23, 0x23, 0x22, 0x22, 0x32, 0x23, 0x12, 0x22, 0x01
    .byte   0x1F, 0xFE, 0xEE, 0xEE, 0xEE, 0xEE, 0xEE, 0xEE, 0xDE, 0xED, 0xFE, 0xEF, 0xF0, 0xF0, 0xF0, 0x11
    .byte   0x11, 0x12, 0x12, 0x22, 0x22, 0x21,    6, 0x02, 0x11, 0x11, 0x01, 0xF0, 0x0E, 0xFF, 0xEE, 0xEE
    .byte   0xEE, 0xEE, 0xE0, 0xE0, 0xEF, 0xFF, 0xF0, 0x10, 0x11, 0x21, 0x22, 0x32, 0x23, 0x22, 0x22, 0x31
    .byte   0x32, 0x22, 0x22, 0x20, 0x10, 0xFE, 0xFE,   49, 0x0E, 0xEE, 0xED, 0xFE, 0xED, 0xEE, 0xDE, 0xEE
    .byte   0xFE, 0x0F, 0xFF, 0x10, 0x00, 0x11, 0x12, 0x21, 0x22, 0x22, 0x20, 0x20, 0x20, 0x20, 0x11, 0x0F
    .byte   0x0F, 0xEF, 0xEE, 0xEE, 0xEE, 0xEE, 0x0E, 0xE0,  -34, 0x0E, 0xFF, 0xF0, 0x00, 0x02, 0x12, 0x22
    .byte   0x22, 0x23, 0x13, 0x22, 0x23, 0x22, 0x23, 0x12, 0x21, 0x11, 0xFF, 0xEF, 0xEE, 0xEE, 0xEE, 0xED
    .byte   0xEE, 0xED, 0xEF, 0xDE, 0xFE, 0xFE, 0x1F, 0xF1, 0xF0,  -32, 0x00, 0x20, 0x22, 0x12, 0x22, 0x22
    .byte   0x02, 0x12, 0x02, 0x11, 0xF1, 0xF0, 0xFE, 0xEF, 0xEE, 0xEE, 0xEE, 0xFE, 0xEE, 0xE0, 0xEF, 0x0F
    .byte   0x01, 0x10, 0x12, 0x22, 0x22, 0x23, 0x13, 0x22, 0x32, 0x22,   39, 0x02, 0x22, 0x22, 0x12, 0xFF
    .byte   0xEE, 0xEE, 0xFE, 0xDF, 0xEE, 0xED, 0xEE, 0xED, 0xEE, 0xEE, 0x0E, 0x00, 0x01, 0xF1, 0x11, 0x10
    .byte   0x22, 0x12, 0x22, 0x21, 0x21, 0x21, 0x12, 0x11, 0x00, 0xF0, 0x0E,    9, 0x0E, 0xEE, 0xEE, 0xEE
    .byte   0xEE, 0xFE, 0xFE, 0xFF, 0xFF, 0x00, 0x11, 0x21, 0x12, 0x22, 0x31, 0x32, 0x23, 0x22, 0x22, 0x22
    .byte   0x22, 0x22, 0x21, 0xFF, 0xFF, 0xEE, 0xE0, 0xDF, 0xEE, 0xEE, 0xDE, 0xDE,  -13, 0x0E, 0xEE, 0xE0
    .byte   0xFF, 0x0F, 0x0F, 0x00, 0x11, 0x22, 0x22, 0x22, 0x22, 0x22, 0x02, 0x11, 0x21, 0x11, 0x0E, 0x0E
    .byte   0xFE, 0xED, 0xFF, 0x1F, 0xED, 0xCE, 0xE0, 0x10, 0x1E, 0xE0, 0x22, 0x10, 0x00,  -36, 0x02, 0x23
    .byte   0x33, 0x20, 0x13, 0x33, 0x21, 0x1F, 0x33, 0x32, 0xFE, 0xE1, 0x1F, 0xED, 0xED, 0xFE, 0xEE, 0xDE
    .byte   0xEE, 0xEE, 0xDE, 0xEE, 0xFF, 0xF0, 0x11, 0x10, 0x12, 0x02, 0x21, 0x22, 0x23, 0x02,   10, 0x02
    .byte   0x12, 0x10, 0x0F, 0xF1, 0xFF, 0xEE, 0xFF, 0xEE, 0xDF, 0xEE, 0xEE, 0xEE, 0xE1, 0x0F, 0xF0, 0x01
    .byte   0x11, 0x00, 0x21, 0x22, 0x22, 0x23, 0x23, 0x03, 0x22, 0x22, 0x21, 0x21, 0x22, 0x00, 0x11,   54
    .byte   0x0F, 0xEE, 0xEE, 0xEE, 0xED, 0xFE, 0xEE, 0xEE, 0xEE, 0xEE, 0xEF, 0xEF, 0x10, 0xF0, 0x21, 0x02
    .byte   0x21, 0x21, 0x22, 0x22, 0x12, 0x12, 0x02, 0x00, 0x00, 0x0F, 0xEF, 0xEF, 0xEE, 0xEE, 0xEE, 0xEE
    .byte    -27, 0x0F, 0xEE, 0x1E, 0x00, 0x1F, 0x10, 0x20, 0x12, 0x21, 0x22, 0x22, 0x32, 0x22, 0x31, 0x22
    .byte   0x12, 0x21, 0x21, 0x11, 0x11, 0x00, 0xEE, 0xFE, 0xEE, 0xEE, 0xEE, 0xEE, 0xEE, 0xEF, 0xEE, 0xFE
    .byte   0xFF,  -25, 0x00, 0xF0, 0x11, 0x10, 0x20, 0x21, 0x21, 0x21, 0x21, 0x20, 0x20, 0x11, 0x1F, 0xF0
    .byte   0xFF, 0xF0, 0xE0, 0xEE, 0xFE, 0x0E, 0xE0, 0xE0, 0x0E, 0xF0, 0xFF, 0x10, 0x11, 0x02, 0x02, 0x11
    .byte   0x21, 0x22,    0, 0x02, 0x12, 0x22, 0x21, 0x12, 0x11, 0x12, 0x00, 0x10, 0x0F, 0x0F, 0xE0, 0xE0
    .byte   0xEE, 0xFE, 0xFE, 0xFE, 0xFF, 0xEF, 0xEF, 0xEF, 0xFF, 0x0F, 0xF0, 0x11, 0x01, 0x11, 0x02, 0x02
    .byte   0x10, 0x20, 0x2F,    4, 0x00, 0x10, 0x01, 0xF1, 0xF0, 0x0F, 0xFF, 0xFF, 0xFF, 0x0E, 0x0F, 0xF0
    .byte   0xFF, 0xF0, 0x1F, 0x00, 0xF0, 0x10, 0x11, 0x10, 0x10, 0x21, 0x00, 0x20, 0x11, 0x11, 0x11, 0x01
    .byte   0x00, 0x01, 0xF0, 0x10,   10, 0x0F, 0x00, 0xF0, 0xF0, 0xFF, 0xFF, 0x0F, 0xF0, 0xF0, 0x0F, 0x0F
    .byte   0x00, 0x00, 0x0F, 0x10, 0x00, 0x10, 0x00, 0x01, 0x10, 0x00, 0x1F, 0x00, 0x00, 0x10, 0xF0, 0x0F
    .byte   0x00, 0x0F, 0xF1, 0xF0, 0x00,   -3, 0x00, 0x00, 0xF0, 0x0F, 0x10, 0x0F, 0x10, 0x00, 0x1F, 0x10
    .byte   0x01, 0x00, 0x10, 0xF1, 0x00, 0x10, 0x10, 0xF1, 0x10, 0xF1, 0x0F, 0x10, 0x00, 0x00, 0xF1, 0x1F
    .byte   0x00, 0x00, 0x0F, 0x00, 0xF1, 0x0F,    0, 0x00, 0x1F, 0x1F, 0x00, 0x00, 0x00, 0x01, 0x00, 0x00
    .byte   0x00, 0x00, 0x01, 0xF1, 0x00, 0x01, 0xF1, 0xF0, 0x01, 0xF0, 0x0F, 0x1F, 0x0F, 0x01, 0xFF, 0x00
    .byte   0x0F, 0x10, 0xF0, 0xF1, 0x1F, 0xF1, 0xF1,   -3, 0x01, 0xF1, 0x00, 0x00, 0x00, 0x10, 0x1F, 0x10
    .byte   0xF0, 0x10, 0xF1, 0x00, 0x1F, 0x00, 0x01, 0x0F, 0x00, 0xF0, 0x1F, 0x1F, 0x10, 0x00, 0xF1, 0x1F
    .byte   0x00, 0x0F, 0x10, 0x01, 0x00, 0xF1, 0x00, 0x01,    1, 0x00, 0x00, 0x00, 0x1F, 0x00, 0xF0, 0x00
    .byte   0x10, 0xF0, 0x1F, 0x01, 0x1F, 0x0F, 0x1F, 0xF2, 0xFF, 0xF2, 0xD3, 0xC5, 0xB2, 0x7A, 0xC6, 0xA5
    .byte   0x4A, 0xE4, 0xA1, 0x5D, 0xC3, 0x4C, 0x63, 0x94, 0x2C,    9, 0x02, 0xEE, 0xED, 0x35, 0xBD, 0x3C
    .byte   0x43, 0xDF, 0xED, 0x24, 0xFC, 0xF0, 0x33, 0xDF, 0xF1, 0xF3, 0xFF, 0xDD, 0x4E, 0x3E, 0xC4, 0xF0
    .byte   0x1E, 0x2E, 0x01, 0x23, 0xDE, 0x20, 0x11, 0xE2, 0x2D, 0x22,    2, 0x02, 0xD2, 0x2F, 0x0D, 0x33
    .byte   0xDF, 0xD1, 0x4D, 0x1F, 0xD3, 0x2E, 0x3D, 0xD3, 0x12, 0xED, 0x12, 0x2E, 0x01, 0xE2, 0x2E, 0x2E
    .byte   0xE2, 0x12, 0xFE, 0x01, 0xF1, 0x21, 0xDF, 0x21, 0x2F, 0xD1, 0x21,    3, 0x0E, 0x0E, 0x12, 0x11
    .byte   0x0D, 0x22, 0x2F, 0xEE, 0x21, 0x1E, 0x11, 0xE2, 0x1F, 0xFE, 0x13, 0xFE, 0xFF, 0x11, 0xFF, 0x1E
    .byte   0x02, 0x2F, 0xFE, 0x22, 0x0E, 0x0F, 0x10, 0x11, 0xE1, 0xF1, 0x2F, 0xEF,   -2, 0x01, 0x11, 0xFE
    .byte   0x02, 0x00, 0xFE, 0x11, 0x12, 0xEF, 0xF0, 0x21, 0x0E, 0x00, 0x12, 0x0E, 0xF0, 0x12, 0xFE, 0x00
    .byte   0x10, 0x2F, 0xEF, 0x20, 0x10, 0xE0, 0x11, 0x10, 0xFF, 0x10, 0x21, 0xEF, 0x11,    4, 0x00, 0xF0
    .byte   0x11, 0x11, 0x1E, 0x10, 0x20, 0xF0, 0x0F, 0xF0, 0x10, 0xEF, 0x01, 0xFF, 0xFF, 0x0F, 0x00, 0x1E
    .byte   0xF1, 0x00, 0xFF, 0xFF, 0x00, 0x00, 0xE0, 0x02, 0x0F, 0xFF, 0xF2, 0xF1, 0x1F, 0x01,   -7, 0x01
    .byte   0x10, 0x11, 0x1F, 0x02, 0xFF, 0x01, 0x21, 0xF1, 0x22, 0x10, 0x01, 0x11, 0x11, 0x0E, 0x02, 0x1F
    .byte   0xEF, 0xF0, 0x1F, 0xFE, 0xEF, 0x11, 0xE0, 0xFE, 0x11, 0x10, 0x0E, 0x00, 0xF1, 0xE0, 0x0F,  -11
    .byte   0x0F, 0x0F, 0xFF, 0xF0, 0x0F, 0x01, 0xF0, 0x11, 0x10, 0x01, 0x0F, 0x02, 0x11, 0xF1, 0x12, 0x10
    .byte   0x10, 0x00, 0x21, 0x11, 0x01, 0x22, 0x0F, 0xF0, 0x21, 0x01, 0xF0, 0x01, 0x10, 0xE0, 0xF0, 0xF0
    .byte     12, 0x00, 0xEF, 0xFF, 0xFF, 0x0F, 0xFF, 0x10, 0xFF, 0x01, 0xFF, 0x0F, 0x10, 0xFF, 0x1F, 0xFF
    .byte   0x0F, 0xFF, 0xF0, 0xF0, 0x00, 0xFF, 0x00, 0x11, 0xF0, 0x10, 0x10, 0x11, 0x01, 0x10, 0x10, 0x11
    .byte   0x00,   -1, 0x00, 0x01, 0x01, 0x00, 0x01, 0x11, 0x00, 0x11, 0x00, 0x01, 0x1F, 0x01, 0x00, 0x00
    .byte   0x01, 0x00, 0xF1, 0x00, 0x0F, 0x00, 0xF0, 0xF0, 0xF0, 0x0F, 0x0F, 0xFF, 0x00, 0x0F, 0xFF, 0xF1
    .byte   0xFF, 0x0F,   -4, 0x0F, 0x0F, 0x0F, 0x1F, 0x00, 0x0F, 0x10, 0x01, 0xF1, 0xF1, 0x00, 0x1F, 0x00
    .byte   0x11, 0xF1, 0x00, 0x01, 0x00, 0x00, 0x10, 0x00, 0x01, 0x00, 0x1F, 0x10, 0x10, 0x10, 0x00, 0x11
    .byte   0x1F, 0x10, 0x10,    7, 0x01, 0xF1, 0x00, 0x01, 0x00, 0x01, 0xF0, 0x0F, 0x00, 0xF0, 0xF0, 0xF0
    .byte   0xFF, 0x0F, 0x0F, 0x00, 0xFF, 0x0F, 0x0F, 0xF0, 0x00, 0xF0, 0xF0, 0x00, 0xF0, 0x00, 0x00, 0x10
    .byte   0x00, 0x01, 0x00, 0x01,   -4, 0x00, 0x1F, 0x00, 0x10, 0x00, 0x00, 0x01, 0xF1, 0x0F, 0x10, 0x00
    .byte   0x00, 0x10, 0x0F, 0x11, 0x00, 0x11, 0x00, 0xF1, 0x01, 0x00, 0x10, 0x00, 0x10, 0x01, 0x01, 0x00
    .byte   0x1F, 0x00, 0x1F, 0x00, 0x01,    7, 0x00, 0xF0, 0xF0, 0x0F, 0xF0, 0x0F, 0xF0, 0xF0, 0x0F, 0xF1
    .byte   0xF0, 0xF0, 0x00, 0xFF, 0xF0, 0x1F, 0x0F, 0x00, 0x00, 0x00, 0x10, 0x00, 0x00, 0x01, 0x00, 0x01
    .byte   0x00, 0x1F, 0x10, 0x10, 0xF1, 0x00,   -1, 0x00, 0x00, 0x10, 0x01, 0x00, 0x00, 0x00, 0x10, 0x00
    .byte   0x01, 0x0F, 0x10, 0x1F, 0x1F, 0x10, 0x10, 0x01, 0x00, 0x10, 0x1F, 0x10, 0xF0, 0x10, 0x0F, 0x00
    .byte   0xFF, 0x0F, 0xFF, 0xFF, 0x0F, 0x0F, 0xF0,   -4, 0x00, 0x0F, 0x0F, 0x1F, 0x1F, 0x00, 0x10, 0xF0
    .byte   0x01, 0xF0, 0x0F, 0x10, 0x01, 0x10, 0x01, 0x1F, 0x10, 0x01, 0xF1, 0x01, 0xF0, 0x10, 0xF0, 0x10
    .byte   0x0F, 0xF1, 0xF0, 0x01, 0x00, 0x10, 0x00, 0x00,    0, 0x00, 0xF0, 0x01, 0x01, 0x11, 0x10, 0x11
    .byte   0x11, 0x01, 0xF1, 0x0F, 0x10, 0x01, 0x11, 0x00, 0x21, 0xFF, 0xDE, 0xE0, 0xF0, 0x0E, 0xFF, 0x01
    .byte   0x0F, 0xEF, 0xE0, 0xF1, 0x1F, 0x0F, 0x1F, 0x01, 0x11,  -14, 0x02, 0x22, 0x22, 0x12, 0x12, 0x11
    .byte   0x01, 0x01, 0x21, 0x21, 0x0F, 0x0E, 0xEF, 0xEE, 0x0E, 0xE1, 0xF0, 0x00, 0xE0, 0xE0, 0xE0, 0xE0
    .byte   0x0F, 0xF1, 0x01, 0x10, 0x0F, 0xFF, 0x0F, 0x00, 0x01, 0x11,  -12, 0x00, 0x00, 0xFF, 0xF0, 0xE0
    .byte   0xE0, 0xFF, 0xFF, 0xF0, 0x10, 0x10, 0x22, 0x22, 0x32, 0x22, 0x23, 0x22, 0x30, 0x12, 0x22, 0x11
    .byte   0x1F, 0x0E, 0xEE, 0xEE, 0xEE, 0xEE, 0xEE, 0xFE, 0xEE, 0xEE, 0xEE,  -19, 0x0E, 0xFF, 0xE0, 0x01
    .byte   0x10, 0x12, 0x01, 0x20, 0x20, 0x21, 0x10, 0x21, 0x11, 0x11, 0xFF, 0xFE, 0xEF, 0xEE, 0xFE, 0xFE
    .byte   0xEE, 0xFE, 0xF0, 0xF0, 0x02, 0x12, 0x22, 0x33, 0x23, 0x23, 0x32, 0x31,   46, 0x01, 0x32, 0x22
    .byte   0x2F, 0xFE, 0xEE, 0xEE, 0xED, 0xEE, 0xEE, 0xEE, 0xEE, 0xDE, 0xD0, 0xEE, 0xEF, 0xFF, 0x00, 0x11
    .byte   0x11, 0x11, 0x21, 0x22, 0x12, 0x02, 0x01, 0x20, 0x1F, 0xF1, 0xEF, 0xEF, 0xEE,  -20, 0x0E, 0xFE
    .byte   0xEE, 0xEF, 0x0E, 0x00, 0x11, 0x22, 0x32, 0x32, 0x33, 0x23, 0x33, 0x22, 0x22, 0x32, 0x22, 0xF0
    .byte   0xEE, 0xEE, 0xEE, 0xDE, 0xDE, 0xEE, 0xEE, 0xED, 0xEE, 0xDF, 0xEE, 0x0E, 0xF0, 0x01,  -34, 0x00
    .byte   0x20, 0x12, 0x11, 0x22, 0x22, 0x21, 0x10, 0x2F, 0x0F, 0xFE, 0xFF, 0xEF, 0xEE, 0xEF, 0xEE, 0xEE
    .byte   0xE0, 0xE0, 0x10, 0x21, 0x23, 0x33, 0x13, 0x33, 0x33, 0x22, 0x31, 0x23, 0x22, 0x21, 0xFE,   69
    .byte   0x0E, 0xEE, 0xED, 0xEE, 0xDF, 0xEE, 0xED, 0xED, 0xED, 0xEE, 0xE0, 0xFF, 0xFF, 0x00, 0x11, 0x02
    .byte   0x12, 0x12, 0x22, 0x22, 0x20, 0x01, 0x00, 0x0F, 0xEF, 0xEF, 0xFE, 0xEE, 0xEE, 0xEE, 0xEF, 0xEF
    .byte    -50, 0x01, 0x12, 0x22, 0x33, 0x32, 0x23, 0x33, 0x32, 0x23, 0x13, 0x22, 0x30, 0xFE, 0xEE, 0xEE
    .byte   0xEE, 0xEE, 0xDE, 0xEE, 0xEE, 0xDE, 0xDE, 0xEE, 0xEE, 0x0E, 0x0F, 0x0F, 0x11, 0x02, 0x02, 0x12
    .byte   0x22,   -8, 0x02, 0x12, 0x00, 0xFF, 0xFF, 0xE0, 0xEF, 0xEF, 0xEE, 0xEE, 0xEE, 0xEE, 0x0F, 0xF0
    .byte   0x22, 0x23, 0x23, 0x32, 0x32, 0x33, 0x32, 0x32, 0x32, 0x31, 0x2F, 0xFE, 0xEE, 0xDF, 0xEE, 0xED
    .byte   0xEE, 0xEE,   13, 0x0E, 0xDE, 0xDE, 0xEE, 0xEF, 0xFF, 0xF0, 0xF0, 0x02, 0x00, 0x20, 0x22, 0x22
    .byte   0x22, 0x11, 0x1F, 0xFF, 0xFE, 0xFF, 0xEF, 0xEE, 0xEE, 0xEE, 0xEE, 0xFF, 0xFF, 0x02, 0x22, 0x32
    .byte   0x32, 0x32, 0x33,   30, 0x02, 0x32, 0x32, 0x32, 0x21, 0x0F, 0xEE, 0xED, 0xFE, 0xEE, 0xDF, 0xDE
    .byte   0xEE, 0xED, 0xED, 0xFE, 0xEE, 0xFF, 0xFF, 0x0F, 0x01, 0x02, 0x01, 0x20, 0x22, 0x21, 0x21, 0x01
    .byte   0xFF, 0x0E, 0x0E, 0xFF,  -19, 0x0E, 0xFE, 0xEE, 0xEE, 0xEF, 0x00, 0x02, 0x22, 0x33, 0x32, 0x23
    .byte   0x23, 0x33, 0x23, 0x22, 0x32, 0x21, 0x1E, 0xEE, 0xEE, 0xEE, 0xED, 0xFD, 0xEE, 0xEE, 0xED, 0xEE
    .byte   0xDF, 0xEE, 0xF0, 0xE0, 0x0F,  -32, 0x01, 0x12, 0x12, 0x12, 0x21, 0x22, 0x01, 0x0F, 0x0E, 0xFF
    .byte   0xEE, 0xEE, 0xEF, 0xEE, 0xFE, 0xE0, 0xE0, 0x02, 0x12, 0x23, 0x23, 0x23, 0x22, 0x33, 0x32, 0x33
    .byte   0x22, 0x32, 0x12, 0xFF, 0xEE, 0xEE,   55, 0x0E, 0xED, 0xEE, 0xDE, 0xDE, 0xEE, 0xEE, 0xEE, 0xEF
    .byte   0xFF, 0xFE, 0x10, 0x00, 0x20, 0x11, 0x10, 0x20, 0x10, 0x20, 0x30, 0xEF, 0xEF, 0xE0, 0x0F, 0xED
    .byte   0xEE, 0xE0, 0xFE, 0xE2, 0x22, 0x35, 0x43,   21, 0x03, 0x23, 0x33, 0x22, 0xED, 0xE2, 0x3F, 0xFE
    .byte   0xDC, 0xDE, 0x13, 0xDD, 0xDE, 0x01, 0x22, 0xED, 0xDE, 0x12, 0xFE, 0xE0, 0xEF, 0x23, 0x20, 0xE2
    .byte   0x33, 0x12, 0x2F, 0xEF, 0x00, 0xED, 0xDD, 0xFE,  -29, 0x0E, 0xED, 0xDE, 0x11, 0x0F, 0xEF, 0x13
    .byte   0x23, 0x33, 0x14, 0x54, 0x22, 0x22, 0x21, 0xFE, 0xFD, 0xE2, 0x3F, 0xDE, 0xE1, 0xFE, 0xEF, 0xED
    .byte   0xE1, 0x2E, 0xDE, 0xE1, 0xEE, 0xFF, 0xEF, 0x02, 0x3F,  -12, 0x01, 0x32, 0x12, 0x21, 0x10, 0x11
    .byte   0xEE, 0xEE, 0xEE, 0xDF, 0xEE, 0xDE, 0x0E, 0xFE, 0xE0, 0x0F, 0x0F, 0x00, 0x21, 0x33, 0x33, 0x35
    .byte   0x42, 0x22, 0x32, 0x1E, 0xEE, 0xEE, 0x22, 0xED, 0xE0, 0x2E,   28, 0x0E, 0xE0, 0xD1, 0x2E, 0xDE
    .byte   0x11, 0xED, 0xF0, 0xE1, 0x10, 0x21, 0x12, 0x22, 0x12, 0x12, 0x10, 0x0F, 0xEE, 0xF0, 0xDD, 0xFE
    .byte   0xDE, 0xEF, 0xEE, 0xEE, 0x2E, 0x10, 0x01, 0x0F, 0x2E, 0x33, 0x33,  -10, 0x05, 0x43, 0x22, 0x23
    .byte   0xEE, 0x1E, 0xDE, 0x03, 0x0D, 0xE0, 0x2F, 0xDF, 0xEE, 0xEE, 0x1F, 0xDE, 0x2F, 0xED, 0xF0, 0x1F
    .byte   0x02, 0x1F, 0x23, 0x2F, 0x01, 0x22, 0xFF, 0xFE, 0xE0, 0xFE, 0xDE, 0xEF,  -27, 0x0D, 0xFE, 0xFE
    .byte   0xE1, 0x0F, 0x01, 0x11, 0xE0, 0x22, 0x33, 0x31, 0x55, 0x32, 0xE2, 0x4E, 0xDF, 0xED, 0xE0, 0x3E
    .byte   0xDE, 0x22, 0x0D, 0xFE, 0xE0, 0xE2, 0xED, 0xE1, 0x1E, 0xD1, 0x0F, 0xF2, 0x21,   -7, 0x02, 0x32
    .byte   0xE0, 0x20, 0xFF, 0x11, 0xED, 0x11, 0xED, 0xD1, 0xFD, 0xEE, 0x0E, 0xE0, 0x1F, 0x00, 0x11, 0x0E
    .byte   0x21, 0x33, 0x32, 0x45, 0x42, 0x10, 0x31, 0xEE, 0xEE, 0xDE, 0x23, 0xDE, 0xE2, 0x2D,   24, 0x00
    .byte   0xDF, 0xE1, 0x1D, 0xD1, 0x2E, 0xE0, 0xE0, 0x01, 0x31, 0xE0, 0x32, 0x10, 0x11, 0x0F, 0x1F, 0xED
    .byte   0x00, 0xFD, 0xDF, 0xED, 0xFF, 0xFE, 0xEF, 0x21, 0xF1, 0xF1, 0x1E, 0x21, 0x33, 0x31, 0x45,   44
    .byte   0x01, 0x12, 0x3E, 0xE1, 0xED, 0xD0, 0x22, 0xDE, 0x11, 0x0F, 0x0F, 0xDE, 0x11, 0x1D, 0xEF, 0xEE
    .byte   0x11, 0x0D, 0xE2, 0x31, 0xF1, 0x21, 0x12, 0x21, 0xEF, 0xF1, 0xEE, 0xFF, 0xDD, 0xF0, 0xEE, 0xDF
    .byte    -41, 0x0F, 0xFF, 0x01, 0xFF, 0x20, 0xFF, 0x03, 0x32, 0x33, 0x54, 0x22, 0x12, 0x2E, 0x2F, 0xDD
    .byte   0xD1, 0x3E, 0xEF, 0xEE, 0xF2, 0x1E, 0xDE, 0x01, 0x0F, 0xFE, 0xD0, 0x20, 0xFE, 0xF0, 0x12, 0x21
    .byte   0x0E,   -1, 0x02, 0x20, 0xF0, 0xEF, 0xE1, 0x0D, 0xDE, 0x0E, 0xEE, 0xE0, 0xEF, 0x02, 0x10, 0xF0
    .byte   0x10, 0x11, 0x23, 0x22, 0x35, 0x42, 0x21, 0x22, 0xE3, 0x1D, 0xDD, 0x21, 0xFF, 0xFD, 0xEE, 0x12
    .byte   0xEE, 0xEE,    5, 0x0F, 0x12, 0xFE, 0xE1, 0x10, 0xF1, 0xEE, 0xF1, 0x21, 0xF0, 0x11, 0x00, 0x20
    .byte   0xEE, 0xFF, 0x0D, 0xE0, 0xDE, 0x0E, 0x0F, 0xE0, 0x00, 0x0F, 0xF0, 0xE1, 0xF2, 0x32, 0x23, 0x44
    .byte   0x32, 0x33, 0x2F,   54, 0x02, 0xFE, 0xE0, 0xFE, 0xE0, 0xFD, 0xDF, 0x0D, 0xFE, 0xEE, 0xF0, 0x20
    .byte   0xFF, 0x01, 0xF0, 0x10, 0xFE, 0xF1, 0xF0, 0xF1, 0x0F, 0x02, 0x0F, 0xF0, 0x0E, 0xEF, 0xFE, 0xEF
    .byte   0xE0, 0xEF, 0xFF, 0xEE,  -43, 0x0F, 0xFE, 0x0F, 0x22, 0x23, 0x34, 0x33, 0x43, 0x22, 0x23, 0x2E
    .byte   0xF1, 0xFF, 0xE1, 0x0D, 0xDE, 0xDE, 0xDE, 0xEE, 0xDF, 0xF2, 0xF0, 0x21, 0xF0, 0x12, 0x0F, 0xF0
    .byte   0xFE, 0xF2, 0x0F, 0xF1, 0x10,   -6, 0x01, 0x0F, 0xEE, 0x1E, 0xEF, 0xF0, 0xEE, 0xF0, 0xFE, 0xFE
    .byte   0xFE, 0xE1, 0x02, 0x23, 0x23, 0x43, 0x34, 0x23, 0x22, 0x31, 0xF2, 0xE1, 0x0E, 0x1F, 0xDE, 0xDD
    .byte   0xED, 0xDF, 0xDE, 0xE0, 0x10, 0x12,   -8, 0x01, 0x02, 0x20, 0x00, 0x0E, 0xF0, 0x1F, 0xFF, 0x1F
    .byte   0x1E, 0x11, 0xEF, 0xE0, 0xEF, 0x0F, 0x0F, 0xEF, 0x0E, 0x0E, 0x0E, 0xEF, 0xF0, 0x21, 0x32, 0x34
    .byte   0x04, 0x32, 0x32, 0x33, 0xF2, 0x2F, 0x0F,   61, 0x01, 0xFD, 0xED, 0xED, 0xDE, 0xDD, 0xEE, 0xE1
    .byte   0xF1, 0x21, 0x1F, 0x22, 0x01, 0x2E, 0x0F, 0x01, 0x0F, 0x10, 0x1E, 0xF1, 0xFE, 0xFE, 0x0E, 0xE0
    .byte   0x1F, 0xFF, 0xFF, 0x0E, 0x0F, 0xEE, 0xF1, 0xF0,  -37, 0x02, 0x23, 0x33, 0x23, 0x32, 0x32, 0x32
    .byte   0x12, 0x11, 0x2F, 0x2E, 0xEE, 0xDE, 0xDD, 0xED, 0xDE, 0xDF, 0xFE, 0x02, 0x01, 0x01, 0x22, 0x02
    .byte   0x1F, 0xFF, 0x21, 0x01, 0xF1, 0xFE, 0x10, 0xFE, 0xEF,  -14, 0x0E, 0xE1, 0x1E, 0xF1, 0xFF, 0xFF
    .byte   0xFF, 0xEF, 0xF0, 0xF1, 0x22, 0x13, 0x32, 0x14, 0x22, 0x22, 0x32, 0xF3, 0x01, 0x20, 0x21, 0xD1
    .byte   0xED, 0xFD, 0xDF, 0xDD, 0xEF, 0xEE, 0x10, 0xF0, 0xF1, 0x11,   -9, 0x02, 0x1F, 0x01, 0x10, 0x21
    .byte   0x0F, 0x00, 0xE0, 0x1E, 0xFE, 0xE0, 0xEF, 0xFF, 0xF0, 0xF0, 0x0E, 0xF0, 0x11, 0xEF, 0x01, 0x02
    .byte   0x22, 0x13, 0x21, 0x32, 0x22, 0x22, 0x30, 0x22, 0x22, 0x00, 0x2E,   48, 0x0E, 0xEE, 0xDE, 0xEE
    .byte   0xDE, 0xEF, 0xEF, 0xFF, 0xFF, 0xF1, 0x10, 0x11, 0x21, 0xF1, 0x2F, 0x01, 0x10, 0xF0, 0x0E, 0xF0
    .byte   0xFF, 0xEE, 0x0F, 0xEF, 0xF0, 0xE0, 0x01, 0x00, 0xFF, 0x10, 0x02, 0x10,  -20, 0x01, 0x2F, 0x33
    .byte   0x10, 0x22, 0x11, 0x23, 0x20, 0x12, 0x21, 0x22, 0x1E, 0xEE, 0xFF, 0xDE, 0xEE, 0xDF, 0xE1, 0xEF
    .byte   0xF0, 0xEF, 0xF2, 0xFF, 0xF2, 0xF0, 0x02, 0x01, 0x11, 0xF0, 0xFF, 0x10, 0xEF,  -10, 0x00, 0xFE
    .byte   0xF1, 0xFE, 0xE1, 0x1E, 0x01, 0x11, 0xF1, 0x21, 0x12, 0x01, 0xF1, 0x20, 0xF2, 0x22, 0x22, 0x12
    .byte   0x02, 0xF3, 0x2E, 0x02, 0x2E, 0x21, 0xFF, 0xEE, 0xEE, 0xEE, 0xFD, 0xEE, 0xFD, 0x5E,  -16, 0x07
    .byte   0xBB, 0x4C, 0x43, 0xC4, 0x1C, 0x23, 0x12, 0xD2, 0xDC, 0x3E, 0x12, 0xCF, 0x1E, 0x22, 0xE0, 0xED
    .byte   0x30, 0x2F, 0xD2, 0x2D, 0x32, 0xEF, 0xE2, 0x40, 0x13, 0x43, 0x12, 0x23, 0x1E, 0x22, 0xEE,   35
    .byte   0x01, 0x0E, 0xEE, 0xED, 0xEE, 0x0F, 0xEE, 0x12, 0x12, 0x21, 0x2F, 0xF2, 0x2F, 0xF0, 0xE0, 0xFF
    .byte   0xFE, 0xED, 0xFE, 0x1F, 0x0E, 0xE1, 0x21, 0x2F, 0xEF, 0xD1, 0x10, 0xEE, 0xEE, 0xFF, 0x10, 0x0E
    .byte    -43, 0x01, 0x13, 0x23, 0x32, 0x34, 0x33, 0x31, 0x22, 0xE2, 0xEE, 0xFD, 0xEE, 0xED, 0xED, 0xEE
    .byte   0xE2, 0xFF, 0x11, 0x22, 0x22, 0x21, 0x11, 0x20, 0xEF, 0xEF, 0xEE, 0x1E, 0xEE, 0xE0, 0x10, 0x01
    .byte   0x02,   -3, 0x02, 0x20, 0xE0, 0xEE, 0xFE, 0xED, 0xED, 0xEE, 0xFE, 0xE1, 0xF1, 0x10, 0x23, 0x24
    .byte   0x23, 0x34, 0x43, 0x31, 0x22, 0xE1, 0xEE, 0xDD, 0xEE, 0xFD, 0xED, 0xEE, 0xF1, 0x10, 0xE1, 0x32
    .byte   0x22, 0x20,   16, 0x00, 0x21, 0x0D, 0xFE, 0xE0, 0xFE, 0xEE, 0x01, 0x21, 0x10, 0x12, 0x22, 0x2E
    .byte   0xEE, 0xFF, 0xEE, 0xDE, 0xDE, 0xFE, 0xED, 0xD0, 0x10, 0x00, 0x12, 0x33, 0x43, 0x33, 0x54, 0x31
    .byte   0xE3, 0x0F, 0x1D,   46, 0x0D, 0xDE, 0xFE, 0xDD, 0xDE, 0x01, 0x2F, 0xE1, 0x23, 0x32, 0x20, 0x02
    .byte   0x21, 0x1D, 0xEE, 0xEF, 0xEE, 0xED, 0xE2, 0x02, 0xF0, 0x22, 0x23, 0x22, 0xEF, 0x10, 0xEE, 0xDE
    .byte   0xED, 0xEE, 0xDE, 0xDE,  -54, 0x0F, 0xE0, 0xF0, 0x22, 0x43, 0x33, 0x45, 0x33, 0x12, 0x3F, 0xFF
    .byte   0xED, 0xCE, 0xFF, 0xDD, 0xDD, 0xEE, 0x11, 0xE0, 0x03, 0x32, 0x22, 0x22, 0x23, 0x1F, 0xDE, 0xFF
    .byte   0xEE, 0xDE, 0xDF, 0x0F, 0xFE,  -21, 0x02, 0x22, 0x31, 0x12, 0x23, 0x0F, 0xEE, 0xEF, 0xEE, 0xDE
    .byte   0xDE, 0xED, 0xEE, 0xEE, 0x1F, 0xF1, 0x14, 0x33, 0x34, 0x52, 0x32, 0x24, 0xD1, 0x2E, 0xDD, 0xE0
    .byte   0xFC, 0xDE, 0xDE, 0xEE, 0x0D, 0x02,  -12, 0x03, 0x01, 0x32, 0x23, 0x21, 0xEE, 0x11, 0xFE, 0xDD
    .byte   0xFD, 0xFF, 0xED, 0xFF, 0x22, 0x02, 0x21, 0x23, 0x22, 0x1F, 0x21, 0xEF, 0xEF, 0xDE, 0xEF, 0xED
    .byte   0xED, 0x0E, 0x01, 0xFF, 0xF0, 0x32, 0x32,   -6, 0x04, 0x21, 0x32, 0x31, 0x12, 0x0E, 0xE1, 0x1E
    .byte   0xDD, 0xED, 0xFE, 0xEE, 0xDF, 0x03, 0x10, 0x12, 0x22, 0x32, 0x11, 0x12, 0x11, 0xFE, 0xEE, 0xE0
    .byte   0xEE, 0xDF, 0x00, 0x0E, 0x02, 0x00, 0x22, 0x11,    1, 0x02, 0x20, 0xF0, 0x0F, 0xFF, 0xFE, 0xEE
    .byte   0x0E, 0xEE, 0x0E, 0x0F, 0x0F, 0xFF, 0x20, 0x0F, 0xF2, 0x22, 0x22, 0x22, 0x32, 0x22, 0x12, 0x02
    .byte   0x0F, 0x0F, 0x00, 0xEE, 0xEE, 0xEE, 0xEE, 0xFF, 0xE0,   -9, 0x01, 0xF1, 0x12, 0x21, 0x21, 0x20
    .byte   0x22, 0xEF, 0xF0, 0xFE, 0xEE, 0xEE, 0xDF, 0xEE, 0xDD, 0x10, 0xDF, 0x02, 0xFF, 0xF6, 0x6C, 0xE2
    .byte   0x25, 0x3F, 0x4D, 0xC2, 0x43, 0xFB, 0xC2, 0xEF, 0xED, 0xCC,  -35, 0x03, 0x31, 0xCD, 0x23, 0x33
    .byte   0x3E, 0xE0, 0x44, 0x1E, 0xD1, 0x22, 0x11, 0xDD, 0xD2, 0x3E, 0xDD, 0xF0, 0x12, 0x1F, 0xE1, 0x23
    .byte   0x20, 0xF0, 0x12, 0x22, 0xFE, 0xE0, 0x21, 0xEE, 0xEE, 0x10, 0xFE,  -13, 0x0E, 0x01, 0x10, 0xFF
    .byte   0xF2, 0x22, 0x0F, 0x11, 0x21, 0x2E, 0x01, 0x11, 0x10, 0xF0, 0x01, 0x00, 0xF0, 0xF1, 0x02, 0xF0
    .byte   0x00, 0x00, 0x1F, 0x00, 0x00, 0xF0, 0x00, 0xFF, 0x1F, 0xF1, 0x0F, 0x0F,    1, 0x01, 0xFF, 0x0F
    .byte   0xF0, 0x0F, 0xFF, 0x00, 0x00, 0x0F, 0x01, 0x11, 0x11, 0x01, 0x10, 0x11, 0x01, 0xF1, 0xF1, 0xF0
    .byte   0x00, 0xF0, 0x0F, 0xFF, 0x0F, 0x00, 0x0F, 0xF1, 0x00, 0xF1, 0xF0, 0x10, 0x00,   -3, 0x00, 0x00
    .byte   0x00, 0x10, 0x00, 0x00, 0x1F, 0x11, 0x00, 0x00, 0x11, 0xF1, 0x00, 0xF1, 0x0F, 0x00, 0x00, 0x01
    .byte   0xFF, 0x1F, 0x01, 0x0F, 0x00, 0x1F, 0x00, 0x1F, 0x0F, 0x10, 0x01, 0xF0, 0xF1, 0xF1,   -1, 0x01
    .byte   0x00, 0x01, 0xF1, 0x00, 0x00, 0x00, 0x01, 0xF0, 0x1F, 0x0F, 0x00, 0x00, 0x01, 0xFF, 0x10, 0xF0
    .byte   0x00, 0x00, 0x0F, 0x10, 0x00, 0x01, 0xF0, 0x00, 0x00, 0x00, 0x1F, 0x01, 0x0F, 0x10, 0x00,    0
    .byte   0x00, 0x00, 0x01, 0xF0, 0x01, 0xF0, 0xF1, 0x00, 0x00, 0x00, 0xF1, 0x00, 0x00, 0x00, 0x00, 0x00
    .byte   0x0F, 0x01, 0x1F, 0x00, 0x0F, 0x10, 0xF1, 0x1F, 0x10, 0xF0, 0x00, 0x01, 0xF0, 0x00, 0x00, 0x1F
    .byte      1, 0x00, 0xF1, 0x00, 0x0F, 0x1F, 0x01, 0xF1, 0x0F, 0x00, 0x00, 0x00, 0x00, 0x00, 0x01, 0xF0
    .byte   0x00, 0x00, 0x00, 0x00, 0x1F, 0x00, 0x00, 0x00, 0xF1, 0x00, 0x0F, 0x10, 0x00, 0xF1, 0x00, 0x0F
    .byte   0x00,    0, 0x00, 0xF0, 0x10, 0xF0, 0x10, 0x00, 0xF0, 0x10, 0x1F, 0x10, 0xF1, 0xF0, 0x1F, 0xF0
    .byte   0x10, 0x00, 0x00, 0x0F, 0x10, 0x00, 0x00, 0x00, 0x00, 0x00, 0x00, 0x00, 0x1F, 0x00, 0x10, 0xF0
    .byte   0x00, 0x00,    0, 0x00, 0x00, 0x00, 0xF1, 0x00, 0x1F, 0x00, 0x01, 0xF1, 0x0F, 0xF1, 0x01, 0xF0
    .byte   0x00, 0x00, 0x00, 0xF0, 0x00, 0x10, 0x00, 0xF1, 0x00, 0x0F, 0x10, 0x01, 0xFF, 0x11, 0xF1, 0x0F
    .byte   0x0F, 0x01, 0x00,    0, 0x00, 0x00, 0x00, 0x00, 0x01, 0xFF, 0x01, 0x00, 0x00, 0x00, 0x01, 0x00
    .byte   0xFF, 0x10, 0xF1, 0x01, 0xF0, 0x01, 0xF0, 0x01, 0xF0, 0x00, 0x00, 0x00, 0x00, 0x01, 0xF0, 0x00
    .byte   0x00, 0x0F, 0x1F, 0x01,    0, 0x0F, 0x10, 0x00, 0x01, 0xFF, 0x1F, 0x10, 0x00, 0xF1, 0x00, 0x00
    .byte   0x1F, 0x00, 0x00, 0x1F, 0x00, 0x01, 0xF1, 0xF0, 0x1F, 0x01, 0xF1, 0xF0, 0x01, 0x0F, 0x1F, 0x1F
    .byte   0x00, 0xF1, 0x10, 0xF0, 0x00,    0, 0x01, 0xF0, 0x00, 0x00, 0x00, 0x00, 0x00, 0x0F, 0x10, 0x00
    .byte   0x01, 0xF0, 0x00, 0x01, 0x0F, 0x00, 0xF0, 0x10, 0x00, 0x00, 0x00, 0x0F, 0x10, 0x00, 0x00, 0x00
    .byte   0xF1, 0x01, 0xF0, 0xF1, 0x0F, 0x10,   -1, 0x01, 0x00, 0x00, 0x00, 0x00, 0x00, 0x00, 0x00, 0x00
    .byte   0x01, 0xF0, 0x00, 0x1F, 0xF0, 0x00, 0x10, 0xF1, 0x01, 0xF0, 0xF0, 0x10, 0x00, 0x1F, 0x00, 0x00
    .byte   0x0F, 0x10, 0x00, 0x00, 0x01, 0x0E, 0x11,   -1, 0x02, 0x0E, 0x00, 0x21, 0x34, 0xD9, 0xC5, 0x63
    .byte   0xAB, 0x56, 0x3B, 0xBE, 0x53, 0xDC, 0x24, 0x0C, 0xE3, 0x30, 0x0F, 0x12, 0xFB, 0xB1, 0x65, 0xDB
    .byte   0x14, 0x41, 0xCB, 0xE4, 0x4E, 0xDD, 0xD5, 0x5D,    5, 0x02, 0x22, 0xCA, 0x26, 0x5C, 0xB1, 0x52
    .byte   0xCC, 0x0F, 0xE2, 0x53, 0xCC, 0xE5, 0x2C, 0xB4, 0x5E, 0xB2, 0x40, 0xDE, 0x25, 0xEA, 0xC7, 0x4B
    .byte   0xDF, 0x54, 0xDC, 0xDF, 0x5C, 0xAE, 0x53, 0x2C, 0xC5,   22, 0x0C, 0xBF, 0x60, 0xBD, 0x25, 0x3B
    .byte   0x0E, 0x42, 0xD3, 0xDF, 0x2E, 0xE2, 0x3C, 0xD4, 0xEE, 0x4D, 0xDF, 0x41, 0xDE, 0x22, 0x3D, 0xB5
    .byte   0x5B, 0xB4, 0x5D, 0xC0, 0x12, 0x3E, 0xED, 0x33, 0xDD, 0x23,    3, 0x01, 0xDE, 0x24, 0x0C, 0xD4
    .byte   0x4D, 0xB3, 0x4D, 0x02, 0xEE, 0x32, 0xC3, 0xFF, 0x20, 0xFB, 0x44, 0xE1, 0xC2, 0x2F, 0x13, 0xDE
    .byte   0xF2, 0x4D, 0xD0, 0xE4, 0xED, 0x21, 0x2D, 0x42, 0xBD, 0x53, 0xB1,    8, 0x01, 0xEB, 0x26, 0xDD
    .byte   0xD4, 0xDA, 0x66, 0xBB, 0xF3, 0x42, 0xD1, 0xDC, 0x44, 0xC3, 0x2D, 0xCF, 0x45, 0xEB, 0xB3, 0x61
    .byte   0xDD, 0xB3, 0x53, 0xBE, 0x44, 0xBB, 0x47, 0x38, 0xC5, 0x45, 0xCB, 0xED,   -9, 0x06, 0x1C, 0xBD
    .byte   0x34, 0x4D, 0xC1, 0x0C, 0x47, 0xBA, 0xE3, 0x4F, 0xF3, 0xEC, 0xC5, 0x4E, 0x0B, 0xF3, 0x43, 0xCC
    .byte   0xE5, 0x3B, 0xB6, 0x4D, 0xBD, 0x52, 0x1D, 0xE3, 0xEE, 0x03, 0x4C, 0xDC, 0x16,   26, 0x0B, 0xCE
    .byte   0x53, 0xCE, 0x34, 0xBB, 0x54, 0x3D, 0xB0, 0x33, 0x42, 0xAC, 0x53, 0x2E, 0x31, 0xAF, 0x35, 0x5B
    .byte   0xAD, 0x45, 0x5C, 0xCC, 0xE2, 0x45, 0xFB, 0xA3, 0x53, 0x4D, 0xCD, 0xD3, 0x44, 0x0B,  -17, 0x0D
    .byte   0x36, 0x4C, 0xAE, 0x42, 0x22, 0x4C, 0xAE, 0x65, 0xEC, 0xBF, 0x44, 0xED, 0x02, 0xC0, 0x14, 0x4D
    .byte   0xBD, 0x34, 0x31, 0x2B, 0xB3, 0x64, 0xDB, 0xC0, 0x5F, 0x34, 0xCB, 0xC4, 0x54, 0xDB, 0xDD,  -13
    .byte   0x05, 0x32, 0xBB, 0xE4, 0x54, 0xDB, 0xC2, 0x43, 0x41, 0xBB, 0x33, 0x54, 0xBB, 0xE4, 0x4E, 0xC3
    .byte   0x2D, 0xE0, 0x44, 0xBE, 0x20, 0x33, 0xCC, 0x32, 0x21, 0xEE, 0xF3, 0x0F, 0x2F, 0xD1, 0x22, 0x2F
    .byte     -3, 0x0D, 0x04, 0x2D, 0x13, 0xDD, 0xE3, 0x4D, 0xCD, 0x44, 0x1D, 0x0E, 0x32, 0xDF, 0xFE, 0x11
    .byte   0x23, 0xDD, 0xE1, 0x42, 0xFC, 0xD0, 0x34, 0x4E, 0xBC, 0x25, 0x4E, 0xCC, 0xDF, 0x44, 0x4C, 0xBE
    .byte   0xE5,   18, 0x0E, 0x0C, 0xCF, 0x44, 0x1E, 0xEC, 0xC4, 0x63, 0xBB, 0xF3, 0x3F, 0x23, 0xDB, 0xE4
    .byte   0x44, 0x1B, 0xC2, 0xE4, 0x4F, 0xEC, 0xDF, 0x44, 0xFD, 0x1C, 0xC3, 0x53, 0x2B, 0xC0, 0x15, 0x3E
    .byte   0xDC, 0xEF,   -2, 0x04, 0xFE, 0xCD, 0x34, 0x3D, 0xDD, 0xF3, 0x02, 0x21, 0xED, 0xE0, 0x33, 0x1C
    .byte   0xC3, 0x43, 0x2C, 0xE1, 0xE2, 0x30, 0x1E, 0xC1, 0x33, 0x11, 0xDD, 0xE0, 0x44, 0xED, 0xCD, 0x34
    .byte   0x30, 0x1C, 0xD0,   -7, 0x03, 0x3F, 0xED, 0xED, 0x14, 0x3F, 0xEC, 0xD2, 0x44, 0x2D, 0xDC, 0xF3
    .byte   0x33, 0xFE, 0xDD, 0xE3, 0x33, 0xFE, 0xCD, 0x24, 0x31, 0xDC, 0xE3, 0x33, 0x1E, 0xDE, 0xF2, 0x32
    .byte   0xEE, 0xEE, 0xF0, 0x32,    8, 0x0E, 0xC1, 0x23, 0x3F, 0xDD, 0xFE, 0x33, 0x2F, 0xDE, 0x12, 0x11
    .byte   0x02, 0x2D, 0xE0, 0xF0, 0x22, 0xFE, 0x0F, 0xE0, 0x22, 0x01, 0xEF, 0x2F, 0xF1, 0x12, 0x1E, 0xFF
    .byte   0xE0, 0x20, 0x1E, 0xF0, 0xE0,    1, 0x02, 0xEE, 0x01, 0x02, 0x20, 0xEE, 0xFF, 0x32, 0xE0, 0xDE
    .byte   0x11, 0x23, 0x1D, 0xD1, 0x22, 0x22, 0xFE, 0xDF, 0x23, 0x20, 0xED, 0xE2, 0x13, 0x2E, 0xDE, 0xE2
    .byte   0x22, 0x11, 0xFE, 0xEF, 0x22, 0x32,   12, 0x0C, 0xE1, 0x13, 0x21, 0xED, 0xD1, 0x23, 0x3E, 0xE0
    .byte   0xE0, 0xE2, 0x22, 0x0E, 0x01, 0xEE, 0x13, 0x20, 0xEE, 0xD1, 0x23, 0xFE, 0xFF, 0x01, 0x12, 0xFF
    .byte   0xFF, 0xF1, 0x10, 0x0E, 0xF0, 0x22, 0xEE,   -3, 0x00, 0x21, 0xFF, 0xF0, 0x00, 0x21, 0x10, 0xD0
    .byte   0x20, 0x01, 0x0F, 0xEF, 0x11, 0x21, 0x0F, 0xFF, 0x00, 0x10, 0x11, 0x0F, 0xFF, 0x10, 0x00, 0x10
    .byte   0xEF, 0xF1, 0x21, 0xF0, 0xFF, 0x01, 0x20, 0x10,    1, 0x0E, 0x00, 0x21, 0x11, 0xEE, 0x02, 0x11
    .byte   0x00, 0xEF, 0x11, 0xF0, 0x21, 0xFE, 0xE1, 0x23, 0xFE, 0xEE, 0x02, 0x22, 0xFF, 0xDE, 0x02, 0x32
    .byte   0xEE, 0xDF, 0x22, 0x21, 0xFE, 0x0E, 0x12, 0x11, 0x0F,    0, 0x00, 0x10, 0x10, 0x0E, 0x00, 0x02
    .byte   0x00, 0xFF, 0xFF, 0x11, 0x11, 0xFF, 0xF1, 0x0F, 0x00, 0x20, 0xFE, 0xFF, 0x12, 0x10, 0xE0, 0x00
    .byte   0x20, 0x10, 0xEF, 0x02, 0x10, 0xFF, 0xE0, 0x12, 0x01, 0x0E,   -3, 0x0F, 0x12, 0x11, 0xE0, 0xE0
    .byte   0x22, 0x2F, 0xEE, 0xF0, 0x21, 0x10, 0xEE, 0x11, 0x21, 0x10, 0xEF, 0xF2, 0x11, 0x0E, 0xFF, 0x12
    .byte   0x2F, 0xEF, 0xF0, 0x21, 0x0F, 0xFE, 0x11, 0x10, 0x0E, 0x00, 0x11,    1, 0x0F, 0xE0, 0xF1, 0x10
    .byte   0x00, 0xFF, 0xF1, 0x11, 0x00, 0xF0, 0x01, 0x01, 0xFF, 0x00, 0x21, 0x10, 0x01, 0x10, 0x11, 0x02
    .byte   0x01, 0x11, 0x01, 0x01, 0x0F, 0xFF, 0xF0, 0x10, 0x0E, 0xFF, 0xF0, 0xFF,    0, 0x0F, 0xFF, 0xFF
    .byte   0xFE, 0xFF, 0xF0, 0xEF, 0xFF, 0xF0, 0xE1, 0x1F, 0xFF, 0x11, 0x1F, 0xF0, 0x22, 0x0F, 0x12, 0x32
    .byte   0x22, 0x23, 0x22, 0x11, 0x31, 0xFE, 0x01, 0x1E, 0xEE, 0xF0, 0xDD, 0xE1, 0xFE,   -8, 0x0F, 0x02
    .byte   0xFF, 0x12, 0x21, 0x11, 0x22, 0x0F, 0xF0, 0x1F, 0xEE, 0xFF, 0xEE, 0xEF, 0x00, 0xFF, 0xF2, 0x11
    .byte   0x01, 0x10, 0xE1, 0xF0, 0xFE, 0xEF, 0xF0, 0xFE, 0xEE, 0x11, 0x0E, 0xF1, 0x32, 0x12,  -16, 0x03
    .byte   0x33, 0x23, 0x21, 0x23, 0x2F, 0xEF, 0x12, 0xED, 0xEF, 0x1E, 0xDD, 0xFF, 0xFE, 0xEE, 0x12, 0x0F
    .byte   0xF2, 0x22, 0x1F, 0x02, 0x2F, 0xE1, 0x00, 0xE0, 0xEF, 0xEF, 0xFF, 0xFE, 0x00, 0x2F, 0xFF,   -7
    .byte   0x02, 0x1F, 0xE0, 0x2F, 0xEE, 0xE1, 0x1E, 0xDE, 0x21, 0xEE, 0xE1, 0x21, 0xEF, 0x13, 0x20, 0x13
    .byte   0x32, 0x23, 0x40, 0xE3, 0x32, 0xFD, 0x13, 0x2D, 0xC0, 0x3F, 0xDC, 0xF2, 0xFD, 0xDF, 0x20, 0xEF
    .byte     -9, 0x02, 0x12, 0x21, 0xFF, 0x22, 0x1E, 0xF1, 0x1F, 0xFE, 0xFF, 0xEF, 0x0F, 0xEF, 0x12, 0x0E
    .byte   0xF2, 0x2F, 0xEF, 0x22, 0xED, 0x11, 0x0E, 0xEF, 0x0F, 0xEE, 0x10, 0xE0, 0xF0, 0x2E, 0x02, 0x22
    .byte   0xE2,  -12, 0x03, 0x11, 0x34, 0x2E, 0xF4, 0x3E, 0xD0, 0x33, 0xDC, 0x13, 0x0D, 0xCE, 0x3F, 0xCD
    .byte   0x22, 0xFD, 0xE2, 0x22, 0xEF, 0x3F, 0xF2, 0x2F, 0xE1, 0x21, 0xEF, 0x02, 0xEE, 0xF1, 0xFE, 0xF0
    .byte   0x11, 0xEF,   -7, 0x01, 0x1E, 0xF2, 0xFF, 0xEF, 0x11, 0xEE, 0xF0, 0xFE, 0xFF, 0x0F, 0xE1, 0x0F
    .byte   0x10, 0x11, 0x02, 0x22, 0x21, 0x32, 0x33, 0x2E, 0x33, 0x3D, 0xF2, 0x30, 0xDD, 0x32, 0xEC, 0xE2
    .byte   0x1D, 0xC1, 0x2F,   -7, 0x0E, 0x11, 0x10, 0xE2, 0x11, 0x21, 0xF1, 0x22, 0xFE, 0x12, 0x0F, 0xE0
    .byte   0x2E, 0xF0, 0xEF, 0x01, 0x0E, 0xF1, 0x0F, 0xF0, 0x10, 0xFE, 0x11, 0x0E, 0xE2, 0xFE, 0xE1, 0x10
    .byte   0xEF, 0x00, 0xF1, 0x1E,  -29, 0x02, 0x21, 0xF2, 0x33, 0x01, 0x33, 0x22, 0x22, 0x2F, 0x03, 0xFE
    .byte   0xE2, 0x1E, 0xDE, 0x0F, 0xDD, 0xF0, 0xED, 0xE0, 0x10, 0xE0, 0x10, 0x21, 0xF0, 0x22, 0x1E, 0xF3
    .byte   0x2E, 0xE0, 0x22, 0xEE, 0x01,    4, 0x0E, 0xE0, 0x2E, 0xE0, 0x11, 0xEF, 0x01, 0x1E, 0x01, 0xFE
    .byte   0x01, 0xFE, 0xE2, 0x1E, 0xE1, 0x2F, 0xE0, 0x21, 0xFF, 0x22, 0x11, 0x23, 0x12, 0x32, 0x12, 0x32
    .byte   0xFE, 0x33, 0x0D, 0xE3, 0x3C, 0xDF,   34, 0x0F, 0xCD, 0x12, 0xEC, 0xE2, 0x2D, 0xE1, 0x21, 0xFF
    .byte   0xF2, 0x2F, 0xFF, 0x22, 0x2E, 0xE2, 0x21, 0xEE, 0x22, 0x0D, 0x12, 0x1E, 0xEF, 0x2F, 0xEE, 0x21
    .byte   0xFE, 0x01, 0x0E, 0xF0, 0x00, 0xE0, 0x0F,  -20, 0x0F, 0xF1, 0xFF, 0xF2, 0xFF, 0x11, 0x12, 0x11
    .byte   0x22, 0x22, 0x30, 0x13, 0x22, 0xF1, 0x32, 0xEE, 0x12, 0x2D, 0xE0, 0x1E, 0xDE, 0xFF, 0xDE, 0xE1
    .byte   0xFE, 0xE0, 0x11, 0xE1, 0x12, 0x1F, 0x01, 0x21,   -1, 0x0F, 0x02, 0x1F, 0xF1, 0x1F, 0xFF, 0x1F
    .byte   0xFF, 0xF0, 0x0F, 0xF0, 0xFF, 0x00, 0xFF, 0xFF, 0xFF, 0xF0, 0xFF, 0xFF, 0x00, 0xFF, 0x0F, 0x11
    .byte   0x00, 0xF2, 0x11, 0x02, 0x12, 0x12, 0x22, 0x20, 0x22,   24, 0x01, 0x02, 0x20, 0xF0, 0x20, 0xEE
    .byte   0x01, 0xFD, 0xE1, 0x0D, 0xEF, 0xFF, 0xEE, 0xF1, 0xFF, 0xE0, 0x20, 0xF0, 0x11, 0x11, 0x10, 0x20
    .byte   0x01, 0x11, 0xF2, 0xFF, 0x01, 0x1E, 0x00, 0x10, 0xE0, 0x10,   -3, 0x0E, 0x01, 0x0F, 0xEF, 0x2F
    .byte   0xEF, 0x2F, 0xFE, 0xF2, 0x0E, 0xF2, 0x2E, 0x1F, 0x22, 0xE1, 0x21, 0x11, 0x12, 0x0F, 0x22, 0x0F
    .byte   0x12, 0x2E, 0x02, 0x1F, 0xF0, 0x2F, 0xE1, 0x01, 0x0D, 0x21, 0xEE,    6, 0x0F, 0x1F, 0xEE, 0x11
    .byte   0xFE, 0x10, 0x1F, 0xE2, 0xF0, 0xF0, 0x00, 0x2E, 0x12, 0xEF, 0x2F, 0x01, 0xF1, 0x1E, 0x22, 0xE1
    .byte   0x01, 0x00, 0x0F, 0x01, 0xF0, 0x10, 0xFF, 0x01, 0xFF, 0x00, 0x0F, 0xF0,   -4, 0x0F, 0x0F, 0x01
    .byte   0xFF, 0x10, 0x10, 0x10, 0x11, 0x01, 0x11, 0x10, 0x11, 0x00, 0x01, 0xF1, 0x1E, 0x12, 0xE1, 0x00
    .byte   0x10, 0xF0, 0xF2, 0xE1, 0x1E, 0x11, 0xF1, 0xF0, 0xF1, 0xF0, 0x10, 0xF0, 0x00,    1, 0x0F, 0x1F
    .byte   0x1F, 0x00, 0x11, 0xFF, 0x10, 0xF0, 0x01, 0xF0, 0x00, 0x10, 0x0F, 0x00, 0x1F, 0x01, 0xF0, 0x00
    .byte   0x00, 0xF0, 0x00, 0xF0, 0x01, 0xF0, 0x00, 0x01, 0xF0, 0x1F, 0x00, 0x00, 0xF1, 0x01,   -2, 0x00
    .byte   0xF0, 0x10, 0x1F, 0x1F, 0x00, 0x10, 0xF1, 0x00, 0x00, 0x1F, 0x10, 0xF1, 0xF1, 0x00, 0x00, 0x01
    .byte   0x0F, 0x01, 0x00, 0x00, 0x0F, 0x1F, 0x10, 0x1F, 0x01, 0x0F, 0x1F, 0x01, 0xF0, 0x10, 0x1F,    2
    .byte   0x00, 0x00, 0x00, 0x00, 0x0F, 0x1F, 0x01, 0xFF, 0x10, 0x00, 0xF0, 0x00, 0xF0, 0x10, 0x0F, 0x01
    .byte   0xF0, 0x10, 0xF0, 0x00, 0x00, 0x00, 0x01, 0x00, 0xF1, 0xF0, 0x00, 0x00, 0x00, 0x00, 0x00, 0x01
    .byte     -2, 0x01, 0x00, 0x00, 0x1F, 0x01, 0xF0, 0x01, 0x00, 0x01, 0xF0, 0x00, 0x1F, 0x00, 0x01, 0xF1
    .byte   0xF1, 0xF1, 0x0F, 0x01, 0x01, 0xF0, 0x00, 0x00, 0xF0, 0x10, 0x0F, 0x01, 0x0F, 0x1F, 0x1F, 0x01
    .byte   0xF0,    0, 0x01, 0x00, 0xF1, 0xF0, 0x00, 0x00, 0x00, 0x00, 0x0F, 0x01, 0x0F, 0x00, 0x00, 0x1F
    .byte   0x1F, 0x1F, 0x0F, 0x10, 0x01, 0x00, 0xF0, 0x1F, 0x01, 0x0F, 0x00, 0x00, 0x10, 0x00, 0xF1, 0x00
    .byte   0x00, 0x00,    1, 0x0F, 0x00, 0x00, 0x00, 0x1F, 0x01, 0xF0, 0xF1, 0x00, 0x00, 0x00, 0x1F, 0x00
    .byte   0x0F, 0x10, 0x01, 0xF0, 0x10, 0xF0, 0x00, 0x1F, 0x10, 0xF1, 0x00, 0xF1, 0x0F, 0x01, 0x0F, 0x1F
    .byte   0x00, 0x00, 0x0F,    0, 0x00, 0x0F, 0x10, 0x00, 0x00, 0x00, 0x0F, 0x01, 0x00, 0xF1, 0x0F, 0x10
    .byte   0x00, 0x0F, 0x10, 0xF1, 0x0F, 0x1F, 0x10, 0x00, 0x01, 0xF1, 0xF0, 0x0F, 0x1F, 0x10, 0x00, 0x01
    .byte   0xF0, 0x10, 0xF0, 0x00,    1, 0x0F, 0x00, 0x00, 0x00, 0x00, 0x00, 0x00, 0x00, 0x01, 0xF0, 0x00
    .byte   0x00, 0x1F, 0x00, 0x01, 0xF1, 0xF0, 0x01, 0xF0, 0x00, 0x00, 0x01, 0xF0, 0x00, 0x00, 0x00, 0x00
    .byte   0xF1, 0xF1, 0xF1, 0x0F, 0x01,    0, 0x00, 0xF0, 0x10, 0x00, 0x0F, 0x10, 0x00, 0x00, 0x00, 0x1F
    .byte   0x00, 0x00, 0x00, 0x00, 0x10, 0xF0, 0x00, 0x1F, 0x1F, 0x01, 0xF0, 0x00, 0x1F, 0x00, 0x00, 0x1F
    .byte   0xF1, 0x1F, 0x00, 0x00, 0x00, 0x00,    0, 0x00, 0x01, 0xF0, 0x0F, 0x10, 0x0F, 0x00, 0x10, 0x00
    .byte   0x00, 0x00, 0x10, 0xF0, 0xF1, 0x01, 0xF1, 0xF1, 0xFF, 0x10, 0x00, 0x1F, 0x0F, 0x10, 0x0F, 0x10
    .byte   0x00, 0x00, 0x00, 0x00, 0x10, 0xF0, 0x00,    0, 0x00, 0xF0, 0x10, 0x00, 0x01, 0x0F, 0x00, 0x00
    .byte   0xF1, 0x1F, 0x00, 0x00, 0x00, 0x00, 0x00, 0x00, 0x1F, 0x00, 0x00, 0x0F, 0x10, 0x10, 0xF0, 0x1F
    .byte   0x00, 0x00, 0x00, 0x00, 0xF1, 0x1F, 0x00, 0x00,    0, 0x00, 0xF1, 0x00, 0xF1, 0x00, 0x0F, 0x10
    .byte   0x00, 0x00, 0x00, 0x0F, 0x01, 0x00, 0x00, 0x1F, 0x00, 0x00, 0x00, 0x00, 0x1F, 0x01, 0xF0, 0xF1
    .byte   0x00, 0x00, 0x00, 0x1F, 0x00, 0x0F, 0x10, 0xF1, 0x00,    0, 0x00, 0xF1, 0x00, 0x01, 0xF0, 0x0F
    .byte   0x10, 0x00, 0xF0, 0x10, 0x00, 0xF1, 0x00, 0x00, 0x0F, 0x11, 0xF0, 0x00, 0xF1, 0x00, 0x00, 0xF1
    .byte   0xF1, 0x00, 0x00, 0xF1, 0x00, 0x1F, 0x01, 0xF0, 0x10, 0x1F,    0, 0x0F, 0x10, 0x2E, 0x63, 0x9A
    .byte   0xB6, 0x76, 0xD8, 0xA7, 0x61, 0xA9, 0xF5, 0x75, 0xCB, 0xAF, 0x56, 0x3C, 0xAD, 0x35, 0x0D, 0xC2
    .byte   0x5D, 0xCB, 0x07, 0x64, 0xA8, 0xC5, 0x66, 0xBB, 0xB3, 0x54, 0x3B,  -38, 0x0E, 0x54, 0x3C, 0xC2
    .byte   0x35, 0x4C, 0xCD, 0x04, 0x02, 0x2D, 0xD0, 0x33, 0x3B, 0xCF, 0xD5, 0x4D, 0xD2, 0x33, 0x3E, 0xCD
    .byte   0xE2, 0x40, 0xDE, 0xD0, 0x23, 0x1E, 0xDD, 0x14, 0x21, 0xEE, 0x34, 0x2D,    9, 0x0D, 0xE3, 0x1E
    .byte   0xDD, 0x23, 0x3D, 0xEF, 0xF3, 0x3F, 0xFD, 0xD2, 0x33, 0xED, 0xE1, 0x23, 0x0D, 0xE0, 0x02, 0x10
    .byte   0xEF, 0x22, 0x2E, 0xD1, 0x20, 0xFE, 0xE0, 0x22, 0x11, 0x21, 0x0F, 0xF0, 0xFE,   -2, 0x02, 0xF0
    .byte   0xFE, 0xF0, 0x21, 0x10, 0xEF, 0x22, 0x2F, 0xEF, 0xFF, 0x20, 0xF0, 0x0E, 0x11, 0x2E, 0xEF, 0x01
    .byte   0x00, 0xE2, 0x22, 0x0E, 0xEF, 0x21, 0x2E, 0xE0, 0x22, 0x0F, 0xEE, 0x11, 0x0F, 0xF2,    2, 0x00
    .byte   0xE0, 0x02, 0x01, 0xEF, 0x10, 0x20, 0xEE, 0x12, 0x10, 0x0E, 0x01, 0x21, 0xFD, 0xE2, 0x31, 0x1E
    .byte   0xFF, 0x02, 0x2E, 0xEE, 0xF0, 0x22, 0x1F, 0xF0, 0x12, 0x1E, 0xEE, 0x22, 0x10, 0xE1, 0x01,    3
    .byte   0x0F, 0xFE, 0xF0, 0x12, 0x2F, 0xEF, 0x11, 0x10, 0xFE, 0x02, 0x10, 0xFE, 0x02, 0x2F, 0xEE, 0x00
    .byte   0x22, 0x2E, 0xE1, 0x00, 0x2F, 0xEE, 0xE2, 0x21, 0x1F, 0xF2, 0xF1, 0x01, 0x0F, 0xEE, 0x00, 0x21
    .byte     -2, 0x00, 0x11, 0x10, 0x1F, 0xE1, 0xF1, 0x10, 0x2F, 0xFE, 0x01, 0x21, 0xE0, 0x11, 0x1E, 0x0E
    .byte   0x13, 0xEF, 0xF1, 0x22, 0xEF, 0xE1, 0x12, 0xFD, 0xFF, 0x22, 0x02, 0xEE, 0x11, 0x2E, 0x10, 0xE2
    .byte   0xE2,    6, 0x01, 0x0E, 0xE0, 0x23, 0xFD, 0xDE, 0x22, 0x2F, 0xF1, 0x2F, 0x20, 0xE0, 0xFF, 0xE1
    .byte   0x0F, 0x2F, 0x20, 0xEE, 0xFF, 0xE1, 0x22, 0x32, 0xEE, 0x01, 0x10, 0xD1, 0x0D, 0x11, 0x32, 0xEE
    .byte   0x13, 0x0E,   -4, 0x02, 0x1F, 0xFE, 0x22, 0x0F, 0x02, 0xEE, 0xE0, 0x2E, 0xE1, 0x23, 0x00, 0x0E
    .byte   0x1E, 0x03, 0x1E, 0xEE, 0x00, 0x11, 0x1F, 0xEF, 0x13, 0x22, 0xFF, 0x2D, 0xDE, 0x23, 0xED, 0xE1
    .byte   0x23, 0x33, 0x1E,    5, 0x0D, 0x21, 0xFF, 0xDE, 0x3E, 0x13, 0x30, 0xFD, 0xF3, 0xEE, 0xFE, 0xD2
    .byte   0x31, 0x30, 0xFF, 0xFE, 0xED, 0x02, 0x10, 0xE2, 0x31, 0x01, 0x22, 0x0D, 0x0E, 0xEF, 0x01, 0x0E
    .byte   0xF1, 0x33, 0x2D, 0xDE,   -4, 0x0F, 0x22, 0x11, 0xEF, 0x02, 0x2E, 0xED, 0xE2, 0xF3, 0x2F, 0xEE
    .byte   0x3F, 0x31, 0xEF, 0xDE, 0xFF, 0x3E, 0x12, 0xF1, 0x10, 0x20, 0xDE, 0xF1, 0x10, 0x11, 0x32, 0x02
    .byte   0xEE, 0xED, 0x01, 0xFF, 0xF1,   -4, 0x01, 0x13, 0x20, 0xDE, 0xE1, 0x20, 0xF1, 0x0F, 0x0F, 0x21
    .byte   0x0E, 0xE1, 0x22, 0x0F, 0x22, 0xD0, 0x11, 0x0D, 0xFE, 0x22, 0x03, 0x2F, 0xFD, 0x12, 0x0F, 0xEF
    .byte   0xED, 0x32, 0x23, 0xFE, 0xEF, 0xF0,    1, 0x0D, 0xF0, 0x02, 0x22, 0x22, 0x0D, 0xFF, 0xFE, 0xF0
    .byte   0xE1, 0x02, 0x33, 0xFE, 0xE0, 0xD2, 0x01, 0x2F, 0xDE, 0x22, 0x31, 0xE0, 0x0D, 0xE2, 0x32, 0xFE
    .byte   0xD1, 0x10, 0x22, 0xFF, 0xEE, 0x03, 0x0F,    1, 0x0F, 0xEF, 0x11, 0x20, 0xF0, 0x21, 0x1E, 0xFE
    .byte   0xEF, 0xF3, 0x22, 0xF0, 0x1D, 0x11, 0x10, 0xED, 0xF1, 0x22, 0x30, 0x20, 0xDF, 0x12, 0x1E, 0xEF
    .byte   0x0F, 0x03, 0x00, 0xE0, 0xE1, 0x21, 0xF2, 0xFF,    2, 0x0E, 0x22, 0xFE, 0xEF, 0x0F, 0x02, 0x21
    .byte   0xEF, 0x10, 0x2F, 0x0E, 0x1D, 0xD2, 0x30, 0x1F, 0xFE, 0x01, 0x13, 0x1E, 0xDE, 0xF0, 0x12, 0x22
    .byte   0xEF, 0x12, 0x31, 0x2E, 0xFF, 0xF3, 0x22, 0x2E, 0xEE,   12, 0x0F, 0x22, 0x11, 0xEE, 0x11, 0x11
    .byte   0x0F, 0xEE, 0xD1, 0xF0, 0xFF, 0xFF, 0x0F, 0x1F, 0xEF, 0xE0, 0xF0, 0x11, 0xFE, 0xFF, 0xFF, 0xE1
    .byte   0x20, 0xE1, 0x2F, 0xF0, 0x22, 0xF0, 0x02, 0x0F, 0x02, 0x2F,   -3, 0x03, 0x23, 0x13, 0x22, 0x1F
    .byte   0x01, 0xDF, 0xE0, 0x1E, 0xF1, 0xF1, 0x12, 0x0F, 0xEE, 0xEE, 0xEF, 0xFE, 0xEE, 0x01, 0x02, 0x02
    .byte   0x0E, 0x10, 0x11, 0xE0, 0xEE, 0xFE, 0x21, 0x12, 0xF1, 0x0E, 0x00,  -14, 0x0E, 0xFE, 0xFE, 0xFF
    .byte   0x0F, 0x0F, 0x02, 0xFF, 0x00, 0x00, 0x22, 0x22, 0x22, 0x33, 0x33, 0x23, 0x0E, 0x0E, 0x10, 0x01
    .byte   0xEF, 0xFE, 0xF0, 0x10, 0x00, 0xEE, 0xFE, 0xEF, 0xEF, 0xEE, 0xFE, 0x0F,  -10, 0x00, 0x00, 0x11
    .byte   0x00, 0x21, 0x0F, 0x0E, 0x0F, 0x10, 0x20, 0x10, 0x00, 0x11, 0xFF, 0xE0, 0xEE, 0xFF, 0xFE, 0x0F
    .byte   0xEF, 0xFE, 0x1F, 0xFF, 0x11, 0x10, 0x21, 0x11, 0x22, 0x23, 0x22, 0x22, 0x22,   24, 0x01, 0x21
    .byte   0x21, 0x21, 0x11, 0x2F, 0xF0, 0x0E, 0xFF, 0xEE, 0xFE, 0xEE, 0xFE, 0xEE, 0xEE, 0x0E, 0xF0, 0xEF
    .byte   0xFF, 0x00, 0x10, 0x20, 0x01, 0x11, 0x02, 0x10, 0x11, 0x10, 0x01, 0x0F, 0x0E, 0x0F,   -7, 0x0F
    .byte   0xEE, 0x0E, 0xFF, 0xEF, 0xFE, 0xF0, 0xE0, 0xFF, 0x0F, 0x00, 0x11, 0x11, 0x22, 0x22, 0x33, 0x32
    .byte   0x22, 0x23, 0x23, 0x22, 0x22, 0x20, 0x00, 0x0F, 0xFF, 0xED, 0xFE, 0xDE, 0xEE, 0xED, 0xEE,   -3
    .byte   0x0E, 0xED, 0xFE, 0xFE, 0xFF, 0xF0, 0x10, 0x01, 0x12, 0x21, 0x22, 0x02, 0x12, 0x02, 0x10, 0x11
    .byte   0x0F, 0x00, 0xEF, 0xFE, 0xEE, 0xFE, 0xEE, 0xFE, 0xE0, 0xE0, 0xFF, 0xF1, 0x02, 0x12, 0x22, 0x32
    .byte     -3, 0x02, 0x32, 0x12, 0x32, 0x33, 0x22, 0x22, 0x11, 0xF0, 0x0E, 0xFE, 0xED, 0xEE, 0xED, 0xFD
    .byte   0xEE, 0xDE, 0xEE, 0xDF, 0xE0, 0xEF, 0x00, 0x0F, 0x11, 0x20, 0x22, 0x12, 0x12, 0x20, 0x22, 0x11
    .byte   0x20,    6, 0x01, 0x0E, 0x0F, 0xEF, 0xEF, 0xEE, 0xEE, 0xEE, 0xFE, 0xFF, 0xFF, 0xFF, 0x00, 0x12
    .byte   0x22, 0x23, 0x23, 0x22, 0x31, 0x23, 0x23, 0x23, 0x22, 0x21, 0x2F, 0x0F, 0xEE, 0xEE, 0xEE, 0xDF
    .byte   0xEE, 0xDE,    7, 0x0E, 0xDF, 0xDE, 0xEF, 0xEF, 0x0F, 0xFF, 0x01, 0x10, 0x20, 0x22, 0x11, 0x21
    .byte   0x22, 0x21, 0x11, 0x10, 0x00, 0xF0, 0x0E, 0x0E, 0xFE, 0xEF, 0xEE, 0xEE, 0xFE, 0xFF, 0xE1, 0xF0
    .byte   0x10, 0x12, 0x22,  -24, 0x02, 0x33, 0x23, 0x12, 0x13, 0x32, 0x32, 0x22, 0x21, 0x11, 0xF0, 0xEE
    .byte   0xEE, 0xEE, 0xEE, 0xDE, 0xED, 0xEE, 0xED, 0xEE, 0xEF, 0xE0, 0x0F, 0xF1, 0x00, 0x11, 0x02, 0x21
    .byte   0x12, 0x21, 0x22, 0x12,    3, 0x01, 0xF0, 0x01, 0x0F, 0xFE, 0x0E, 0x0E, 0xEE, 0xEE, 0xEF, 0xE0
    .byte   0xEF, 0xFF, 0x00, 0x01, 0x21, 0x22, 0x23, 0x23, 0x32, 0x22, 0x13, 0x32, 0x31, 0x22, 0x22, 0x00
    .byte   0xFE, 0xEF, 0xEE, 0xEE, 0xEE,   28, 0x0D, 0xEE, 0xED, 0xEE, 0xDE, 0xFF, 0xE0, 0x0F, 0xFF, 0x00
    .byte   0x11, 0x12, 0x11, 0x22, 0x22, 0x20, 0x20, 0x11, 0x01, 0x0F, 0xF0, 0xF0, 0xEE, 0xFE, 0xEE, 0xEE
    .byte   0xEF, 0xEF, 0xE0, 0xF1, 0xF1, 0x01,  -39, 0x02, 0x22, 0x23, 0x23, 0x23, 0x12, 0x23, 0x23, 0x22
    .byte   0x22, 0x22, 0x1F, 0x0E, 0xEF, 0xEE, 0xEE, 0xEE, 0xEE, 0xDE, 0xED, 0xEE, 0xDE, 0xFF, 0xFF, 0xE0
    .byte   0x00, 0xF0, 0x01, 0x02, 0x11, 0x22, 0x22,   -3, 0x02, 0x10, 0x10, 0x00, 0x0F, 0xF0, 0xFE, 0xFF
    .byte   0xEE, 0xEE, 0xEE, 0xFE, 0xE0, 0xFF, 0x1F, 0x01, 0x10, 0x22, 0x22, 0x23, 0x23, 0x23, 0x12, 0x22
    .byte   0x32, 0x22, 0x22, 0x22, 0xF0, 0xFE, 0xEF, 0xEE,   42, 0x0E, 0xFE, 0xED, 0xEE, 0xDE, 0xED, 0xEE
    .byte   0xE0, 0xF0, 0x00, 0xFF, 0x00, 0x10, 0x12, 0x02, 0x22, 0x12, 0x10, 0x20, 0xF1, 0x0F, 0x0F, 0x0E
    .byte   0x0E, 0x0E, 0xEE, 0xFE, 0xE0, 0xEF, 0xFF, 0x00, 0x11,  -37, 0x01, 0x11, 0x22, 0x22, 0x33, 0x22
    .byte   0x22, 0x22, 0x32, 0x23, 0x12, 0x22, 0x10, 0x0F, 0xEE, 0xFE, 0xEE, 0xEE, 0xEE, 0xED, 0xEE, 0xED
    .byte   0xEE, 0xEE, 0x0E, 0x0F, 0x00, 0xF1, 0x01, 0x11, 0x12, 0x12,  -14, 0x02, 0x11, 0x21, 0x1F, 0x01
    .byte   0xFF, 0x0E, 0xFF, 0xEF, 0xEE, 0xFE, 0xEF, 0xFF, 0xF0, 0xFF, 0x01, 0x01, 0x21, 0x22, 0x32, 0x23
    .byte   0x31, 0x22, 0x22, 0x32, 0x22, 0x22, 0x21, 0x00, 0xFF, 0xEE, 0xEE,   41, 0x0E, 0xEE, 0xEE, 0xED
    .byte   0xEE, 0xED, 0xEE, 0xFF, 0xFF, 0xF0, 0xF0, 0x01, 0x10, 0x20, 0x12, 0x01, 0x21, 0x21, 0x10, 0xF0
    .byte   0xF0, 0x0E, 0xF0, 0xEF, 0xFE, 0xEE, 0xFF, 0xEF, 0xFF, 0x11, 0xF0, 0x11,  -33, 0x01, 0x22, 0x23
    .byte   0x32, 0x32, 0x22, 0x22, 0x23, 0x22, 0x12, 0x21, 0x10, 0xF0, 0xEE, 0xEE, 0xDF, 0xEE, 0xEE, 0xED
    .byte   0xFE, 0xED, 0xEE, 0xEE, 0xF0, 0xFF, 0x00, 0x10, 0x02, 0x01, 0x21, 0x21, 0x12,   -6, 0x01, 0x11
    .byte   0x00, 0xF0, 0xEF, 0xEE, 0x0E, 0x0F, 0xEE, 0xEF, 0xFF, 0x01, 0x1F, 0x11, 0x1F, 0x22, 0x22, 0x31
    .byte   0x32, 0x23, 0x22, 0x22, 0x22, 0x32, 0x32, 0x00, 0xFE, 0xFF, 0xEE, 0xEE, 0xDE, 0xDE,   13, 0x0E
    .byte   0xEE, 0xEE, 0xEE, 0xFE, 0xEF, 0xF0, 0x01, 0x00, 0x20, 0x10, 0xF0, 0x10, 0x21, 0xF1, 0x12, 0x21
    .byte   0xDD, 0xEF, 0x10, 0x2E, 0xEF, 0x01, 0x20, 0xF0, 0xF2, 0x23, 0x33, 0x43, 0x32, 0x2E, 0xDD,   23
    .byte   0x00, 0xE2, 0x11, 0x10, 0xFF, 0xF0, 0x20, 0x0F, 0xEE, 0xDD, 0xFD, 0xE1, 0x00, 0x20, 0x21, 0x10
    .byte   0x20, 0x12, 0x00, 0xFF, 0xEF, 0x01, 0x02, 0x11, 0xEE, 0xFF, 0xEE, 0x0E, 0xEE, 0xEE, 0xEE, 0xEF
    .byte    -47, 0x00, 0x20, 0x11, 0xFE, 0xE0, 0x33, 0x43, 0x43, 0x33, 0x30, 0x10, 0xDD, 0x01, 0x00, 0x31
    .byte   0x02, 0xFF, 0xFE, 0xF0, 0xFE, 0xEE, 0xDD, 0xDE, 0xDF, 0x22, 0x22, 0x20, 0xFF, 0xF0, 0xF0, 0x21
    .byte   0x00,   -1, 0x0E, 0xE0, 0x22, 0x23, 0x0E, 0xED, 0xED, 0xFF, 0xFF, 0xFF, 0xEE, 0xEE, 0xFF, 0xF0
    .byte   0xFE, 0x0F, 0xE2, 0x23, 0x33, 0x34, 0x33, 0x33, 0x10, 0xDD, 0xFF, 0x02, 0x32, 0x21, 0x0F, 0xEE
    .byte   0x00, 0x1E,   36, 0x0E, 0xDC, 0xDD, 0xD0, 0x12, 0x23, 0x21, 0x0E, 0xEE, 0x01, 0x22, 0x10, 0xFF
    .byte   0xFF, 0x12, 0x21, 0x2F, 0xEE, 0xDE, 0xD1, 0xF0, 0x0F, 0xEE, 0xEE, 0xEF, 0xEE, 0x1F, 0xE0, 0xF3
    .byte   0x23, 0x43, 0x33,   14, 0x03, 0x20, 0x2E, 0xEE, 0x22, 0xE3, 0x3F, 0x22, 0xFF, 0xE0, 0xFE, 0x0E
    .byte   0xED, 0xDD, 0xDD, 0x01, 0x32, 0x23, 0x0F, 0xEE, 0xDE, 0x00, 0x02, 0x02, 0x10, 0x00, 0x21, 0x02
    .byte   0xFE, 0xEE, 0xDF, 0xEE,  -23, 0x01, 0xFF, 0x0E, 0xEE, 0xED, 0xF0, 0xF0, 0x11, 0x22, 0x34, 0x23
    .byte   0x33, 0x4E, 0x20, 0xED, 0xE2, 0x02, 0x42, 0x22, 0x1E, 0xEE, 0xE0, 0xFF, 0x1E, 0xDD, 0xDD, 0xD0
    .byte   0x22, 0x33, 0x2E, 0xEE, 0xDE,  -15, 0x01, 0x12, 0x12, 0x21, 0x0E, 0x0F, 0x11, 0x1F, 0xFF, 0xEE
    .byte   0xEE, 0xEF, 0xFF, 0xF1, 0xEE, 0xEE, 0xEE, 0xFF, 0xF2, 0x33, 0x33, 0x33, 0x23, 0x32, 0x2F, 0xDD
    .byte   0xE3, 0xF3, 0x42, 0x11, 0xFF, 0xEE,   38, 0x0E, 0x1E, 0xFF, 0xCD, 0xDE, 0xE1, 0x23, 0x23, 0xFF
    .byte   0xDE, 0xDE, 0xF1, 0x22, 0x21, 0x2E, 0xFF, 0xF0, 0x12, 0xFF, 0x1D, 0xEE, 0xEE, 0x11, 0x10, 0x0E
    .byte   0xDE, 0xDE, 0x01, 0x12, 0x32, 0xF2, 0x32,   -6, 0x03, 0x43, 0x03, 0x0D, 0xCF, 0x3E, 0x34, 0x30
    .byte   0x22, 0xDD, 0x10, 0xD2, 0x1E, 0xDD, 0xEC, 0xD0, 0x02, 0x33, 0x20, 0xEE, 0xDD, 0xF1, 0x2F, 0x32
    .byte   0xFE, 0x11, 0xF0, 0x20, 0xF0, 0xFE, 0xEE, 0xEF,  -21, 0x00, 0xFF, 0x1D, 0xEE, 0xDE, 0xF1, 0x11
    .byte   0x31, 0x22, 0x33, 0x33, 0x43, 0x13, 0xDD, 0xD1, 0x2E, 0x44, 0x10, 0x3F, 0xDE, 0x2E, 0xD2, 0x2D
    .byte   0xDD, 0xEC, 0xE1, 0x12, 0x23, 0x2E, 0xEE, 0xDE, 0xE2,  -12, 0x01, 0x31, 0xF0, 0x2E, 0xE1, 0x10
    .byte   0xF1, 0xFE, 0xEE, 0xF0, 0xE1, 0x1E, 0xEF, 0xDE, 0xEE, 0xF1, 0x22, 0x23, 0x23, 0x32, 0x43, 0x32
    .byte   0x1D, 0xDE, 0x21, 0x24, 0x21, 0x21, 0xEE, 0x2F, 0xEF, 0x0E,   26, 0x0D, 0xDD, 0xD1, 0x02, 0x12
    .byte   0x2F, 0x00, 0xED, 0xFF, 0xF1, 0x22, 0x01, 0x11, 0x1E, 0x00, 0xE1, 0x0F, 0xEE, 0x1E, 0xE0, 0xFE
    .byte   0xEE, 0xEE, 0xE0, 0xE2, 0x20, 0x33, 0x23, 0x33, 0x42, 0x31, 0xDD,   13, 0x02, 0x12, 0x42, 0x12
    .byte   0x1E, 0xE2, 0x0E, 0x11, 0xED, 0xDE, 0xDD, 0xEF, 0xF2, 0x22, 0x01, 0xFE, 0xDF, 0xFF, 0x02, 0x1F
    .byte   0x02, 0x0F, 0x11, 0xFF, 0xFF, 0xEE, 0xFF, 0xFF, 0xEE, 0xED, 0x0E, 0xE0,  -49, 0x00, 0x02, 0x32
    .byte   0x33, 0x32, 0x43, 0x21, 0xEE, 0xD3, 0xF1, 0x42, 0x03, 0x1E, 0xF1, 0x1D, 0x12, 0xDE, 0xDD, 0xDD
    .byte   0x1E, 0x11, 0x22, 0x0F, 0x0E, 0xD0, 0xFF, 0x02, 0x2F, 0x11, 0xFF, 0x20, 0xE1,   -6, 0x0F, 0xEE
    .byte   0x0E, 0x1E, 0xEE, 0xEE, 0xEF, 0xEE, 0x01, 0x22, 0x33, 0x32, 0x34, 0x3F, 0x3E, 0xED, 0x22, 0xE4
    .byte   0x3F, 0x22, 0xFE, 0x10, 0xEF, 0x2E, 0xDE, 0xDD, 0xDE, 0xFE, 0x12, 0x21, 0x01, 0xDE,  -15, 0x00
    .byte   0xF0, 0x21, 0x2F, 0x2F, 0xFF, 0x00, 0xE1, 0xF0, 0xE1, 0xF0, 0xDF, 0xED, 0xFE, 0xFE, 0xF0, 0x21
    .byte   0x23, 0x33, 0x24, 0x32, 0x31, 0xED, 0xF2, 0xE3, 0x32, 0x22, 0x2F, 0xE1, 0x1E, 0x02, 0xDE,   23
    .byte   0x0D, 0xDD, 0x0F, 0xE2, 0x22, 0xF0, 0xFD, 0xE0, 0xE0, 0x12, 0x10, 0x11, 0x0F, 0x02, 0xE0, 0xF0
    .byte   0xEF, 0xFF, 0xEE, 0xEE, 0xEE, 0xEE, 0x00, 0x10, 0x33, 0x23, 0x33, 0x42, 0x3F, 0xEE, 0xE2, 0xE2
    .byte     34, 0x02, 0x03, 0x2E, 0x01, 0x0E, 0x1F, 0xEE, 0xDD, 0xDD, 0xEF, 0xF1, 0x22, 0xF1, 0xEE, 0xEE
    .byte   0x0E, 0x12, 0x1F, 0x02, 0xFF, 0x00, 0xFF, 0x00, 0xE0, 0x0F, 0xEE, 0xFE, 0xDF, 0xEE, 0xF0, 0x01
    .byte   0x23,  -27, 0x03, 0x34, 0x32, 0x30, 0xED, 0x12, 0xE3, 0x4E, 0x23, 0x0E, 0x12, 0xEE, 0x2F, 0xDE
    .byte   0xDD, 0xDD, 0x0E, 0x11, 0x21, 0xE2, 0xFD, 0xE1, 0xFE, 0x22, 0xFF, 0x21, 0xFE, 0x2F, 0xEF, 0x1F
    .byte   0xE0, 0x1E,  -25, 0x0F, 0xFD, 0xEE, 0xFE, 0xF0, 0xF2, 0x32, 0x33, 0x34, 0x33, 0x2E, 0xEE, 0x2E
    .byte   0x04, 0x2F, 0x32, 0xE0, 0x20, 0xE0, 0x1E, 0xDD, 0xED, 0xDE, 0xEF, 0xF2, 0x20, 0xF0, 0xED, 0xF0
    .byte   0xE0, 0x22, 0xE1,   -7, 0x00, 0xE1, 0x0F, 0xE0, 0x0F, 0xF0, 0xFE, 0xEF, 0xED, 0xFE, 0xE0, 0x02
    .byte   0x12, 0x33, 0x23, 0x43, 0x33, 0xED, 0xE2, 0x0E, 0x42, 0xF3, 0x2F, 0xE2, 0x2E, 0xF2, 0xDE, 0xDD
    .byte   0xDD, 0xE0, 0xFF, 0x22,    2, 0x0F, 0x0E, 0xEE, 0xE0, 0xE2, 0x2F, 0x02, 0x1F, 0xFF, 0xFE, 0xF1
    .byte   0xFE, 0x01, 0xEE, 0xFF, 0xDE, 0xEF, 0xE0, 0x20, 0x23, 0x33, 0x24, 0x42, 0x3E, 0xED, 0x11, 0x13
    .byte   0x30, 0x23, 0xE0, 0x02, 0xFF,   51, 0x0E, 0xDE, 0xDD, 0xCF, 0xFE, 0x03, 0x20, 0xEF, 0xED, 0xFF
    .byte   0xE1, 0x21, 0x00, 0x20, 0xE0, 0xFE, 0xE1, 0x00, 0x10, 0xFE, 0xEE, 0xEE, 0x0F, 0xFE, 0xEE, 0xF3
    .byte   0x24, 0x23, 0x43, 0x33, 0xEE, 0xE2,   18, 0x02, 0x32, 0x23, 0x0F, 0x02, 0xF0, 0x11, 0xEE, 0xDD
    .byte   0xDD, 0xD0, 0xF0, 0x22, 0x00, 0xFD, 0xEE, 0xEF, 0x02, 0x11, 0x10, 0x1E, 0x00, 0xEF, 0x01, 0xFF
    .byte   0xFE, 0xEE, 0xEE, 0x11, 0xE1, 0xED, 0x02,  -45, 0x03, 0x42, 0x43, 0x33, 0x1F, 0xD1, 0x1F, 0x33
    .byte   0xF2, 0x21, 0x11, 0x11, 0x11, 0xFE, 0xEC, 0xED, 0xDF, 0xE0, 0x02, 0x2F, 0xFF, 0xDE, 0xEE, 0x01
    .byte   0x21, 0x02, 0xFF, 0xFF, 0xEE, 0xE1, 0xF0, 0x10,  -25, 0x0E, 0xEE, 0xFF, 0xEF, 0xEE, 0xF0, 0x23
    .byte   0x34, 0x24, 0x33, 0x3E, 0xEE, 0x1E, 0x24, 0xF1, 0x3F, 0x02, 0x01, 0x11, 0xFE, 0xED, 0xDD, 0xDE
    .byte   0xFF, 0x02, 0x10, 0x0F, 0xED, 0xEE, 0x00, 0x21, 0x11,   -8, 0x0F, 0xFF, 0xE0, 0xEF, 0xFF, 0x1F
    .byte   0xFE, 0xFE, 0xEF, 0xEF, 0xEF, 0xEF, 0x22, 0x24, 0x24, 0x43, 0x30, 0xEE, 0xE0, 0xF3, 0x32, 0x22
    .byte   0xE1, 0x20, 0x12, 0xFF, 0xED, 0xED, 0xDD, 0xEE, 0x11, 0x20,    6, 0x0F, 0xEF, 0xEE, 0xEF, 0x01
    .byte   0xF0, 0x01, 0x0F, 0x0F, 0x0E, 0x0F, 0xEF, 0xEF, 0xEF, 0xFF, 0xEF, 0xFE, 0xE0, 0xF0, 0x33, 0x43
    .byte   0x43, 0x23, 0x1E, 0xEF, 0x00, 0x23, 0x21, 0x22, 0xF1, 0x11, 0xF0,   50, 0x0D, 0xFD, 0xDD, 0xD0
    .byte   0xFE, 0x20, 0xF0, 0x0F, 0xEE, 0xFE, 0xFF, 0x00, 0x0F, 0xF0, 0xFF, 0x0F, 0x00, 0xE0, 0xE0, 0xEF
    .byte   0xF0, 0xFE, 0xFE, 0xFE, 0xF1, 0x13, 0x33, 0x33, 0x33, 0x3E, 0x10, 0x12,   29, 0x02, 0x22, 0x12
    .byte   0x11, 0x0F, 0xFF, 0xEF, 0xEE, 0xEE, 0xEE, 0xEE, 0xEF, 0xFF, 0xFF, 0x0E, 0x0F, 0xFE, 0xE1, 0xF1
    .byte   0x10, 0x1F, 0x00, 0xF0, 0xE0, 0xFE, 0x0F, 0xE0, 0x0E, 0xF0, 0xE0, 0xFF, 0x01,  -36, 0x02, 0x00
    .byte   0x13, 0x23, 0x22, 0x12, 0x23, 0x32, 0x23, 0x22, 0x21, 0x21, 0x1F, 0xF0, 0xEE, 0x0E, 0xEE, 0xEE
    .byte   0xDE, 0xEE, 0xEE, 0xFE, 0xEE, 0xE0, 0xEE, 0x0E, 0xFF, 0xFF, 0xFF, 0xF1, 0xF0, 0xFF,  -36, 0x0F
    .byte   0xF0, 0x01, 0x00, 0xEF, 0x00, 0x12, 0x22, 0x12, 0x23, 0x32, 0x20, 0x22, 0x33, 0x22, 0x22, 0x21
    .byte   0x20, 0x10, 0xF0, 0xFE, 0xEE, 0xFE, 0xEE, 0xEE, 0xD0, 0xEE, 0xFE, 0xEE, 0xFE, 0xFE, 0xFE,  -23
    .byte   0x0F, 0xFF, 0x0E, 0x0F, 0xFF, 0x00, 0xF0, 0x10, 0x0F, 0x0F, 0xF1, 0x1F, 0xFF, 0xF0, 0x22, 0x21
    .byte   0x23, 0x22, 0x22, 0x22, 0x33, 0x22, 0x22, 0x13, 0x11, 0x10, 0x0F, 0xE0, 0xEE, 0xFE, 0xDF, 0xEE
    .byte     18, 0x0E, 0xEF, 0xEE, 0xFE, 0xEF, 0xEF, 0xE0, 0xEF, 0xFF, 0x0E, 0x00, 0xE0, 0x0F, 0x1F, 0x1F
    .byte   0x0F, 0xF0, 0x00, 0xF0, 0x1F, 0x01, 0x12, 0x21, 0x32, 0x23, 0x12, 0x22, 0x33, 0x22, 0x22, 0x22
    .byte   0x21,   61, 0x0F, 0x0F, 0xE0, 0xEF, 0xEE, 0xED, 0xFE, 0xEE, 0xEE, 0xEE, 0xFE, 0xEF, 0xFE, 0xFE
    .byte   0x0E, 0xFF, 0xFF, 0x0E, 0xFF, 0xF0, 0xF0, 0x01, 0xF0, 0x01, 0xF1, 0xF0, 0xFF, 0x01, 0x22, 0x21
    .byte   0x22, 0x32,    2, 0x02, 0x22, 0x23, 0x22, 0x22, 0x22, 0x22, 0x10, 0xF0, 0xEF, 0x0E, 0xEF, 0xEE
    .byte   0xDE, 0xEE, 0xEF, 0xEE, 0xEE, 0xFE, 0xFF, 0xEE, 0x0E, 0x1F, 0x0E, 0xFF, 0xFF, 0xF0, 0xF0, 0x0F
    .byte   0x0F, 0x1F, 0x1F,  -37, 0x00, 0xF0, 0x00, 0x12, 0x12, 0x12, 0x23, 0x23, 0x12, 0x22, 0x33, 0x22
    .byte   0x12, 0x22, 0x21, 0x11, 0xEF, 0xFF, 0xEE, 0xFE, 0xED, 0xFE, 0xEE, 0xEE, 0xEE, 0xFE, 0xEF, 0xE0
    .byte   0xEE, 0x0F, 0x00, 0xE0,  -29, 0x00, 0x0F, 0xFF, 0xFF, 0x00, 0x00, 0xF0, 0xF0, 0xFF, 0x0F, 0x01
    .byte   0x11, 0x12, 0x12, 0x23, 0x23, 0x12, 0x22, 0x33, 0x22, 0x22, 0x13, 0x21, 0x1F, 0x0F, 0xE0, 0xEF
    .byte   0xEE, 0xEE, 0xDF, 0xED, 0xFE,    4, 0x0E, 0xFE, 0xFF, 0xEF, 0xEE, 0x1F, 0xFF, 0xFF, 0xE1, 0x00
    .byte   0x0F, 0xFF, 0xFF, 0x1F, 0xF1, 0xFF, 0x0F, 0x0F, 0xF0, 0x00, 0x10, 0x22, 0x02, 0x32, 0x23, 0x12
    .byte   0x23, 0x23, 0x21, 0x22, 0x31, 0x21,   61, 0x00, 0x0E, 0xFF, 0xEE, 0xEE, 0xEE, 0xEE, 0xDF, 0xEE
    .byte   0xEE, 0xFE, 0x0E, 0xFF, 0xEF, 0xFF, 0xFF, 0xFF, 0xF1, 0xF0, 0x0F, 0x0F, 0xF0, 0xF0, 0x0F, 0xFF
    .byte   0x0F, 0x0F, 0x0F, 0xF0, 0x00, 0x21, 0x21,  -20, 0x03, 0x22, 0x22, 0x23, 0x23, 0x20, 0x31, 0x22
    .byte   0x22, 0x0F, 0xF0, 0xE0, 0xEE, 0xEE, 0xEE, 0xEE, 0xEE, 0xEE, 0xEE, 0xFE, 0x0E, 0xFF, 0xEF, 0xF0
    .byte   0x0F, 0xFF, 0x0F, 0x0F, 0x10, 0x0F, 0x00, 0xFF,  -26, 0x0F, 0xFF, 0x0F, 0x0E, 0x0F, 0xFF, 0xFF
    .byte   0x00, 0x20, 0x21, 0x23, 0x32, 0x22, 0x23, 0x23, 0x22, 0x22, 0x22, 0x22, 0x0F, 0xF0, 0xEF, 0xEE
    .byte   0xEE, 0xEF, 0xEE, 0xEE, 0xDE, 0xEF, 0xEE, 0x0E, 0x0F,  -15, 0x00, 0x0F, 0xF0, 0xF1, 0x1F, 0x1F
    .byte   0x00, 0x01, 0x10, 0xFE, 0xFF, 0xF0, 0xE0, 0xEF, 0xF0, 0xE0, 0x0E, 0xFF, 0x10, 0x21, 0x12, 0x23
    .byte   0x32, 0x22, 0x23, 0x32, 0x22, 0x03, 0x22, 0x22, 0x0F, 0x0E,   56, 0x0F, 0xEE, 0xEE, 0xEE, 0xFE
    .byte   0xED, 0xEE, 0xEE, 0xFF, 0xEF, 0xE1, 0xF0, 0x1F, 0xFF, 0xF0, 0x12, 0x1F, 0x10, 0x01, 0x01, 0x0E
    .byte   0x0E, 0x0F, 0xFF, 0xEF, 0xE0, 0xE0, 0xFE, 0x0E, 0x00, 0xF0, 0x11,  -37, 0x02, 0x23, 0x22, 0x32
    .byte   0x23, 0x23, 0x21, 0x22, 0x32, 0x21, 0x1F, 0x1F, 0x0E, 0xEE, 0xEE, 0xFE, 0xEE, 0xEE, 0xDE, 0xFE
    .byte   0xFE, 0xEF, 0xFF, 0x00, 0x0F, 0xFF, 0x00, 0x21, 0x11, 0x00, 0x02, 0x00,   -7, 0x0F, 0xFF, 0xFF
    .byte   0xFF, 0xEF, 0xEF, 0xEF, 0xFE, 0xFE, 0xFF, 0xF0, 0xF0, 0x10, 0x22, 0x23, 0x22, 0x23, 0x22, 0x32
    .byte   0x22, 0x31, 0x23, 0x12, 0xF1, 0x00, 0x0E, 0xFE, 0xEE, 0xEF, 0xEE, 0xEE, 0xEE,    6, 0x0E, 0xE0
    .byte   0xEE, 0xFF, 0xFF, 0xF0, 0xF0, 0x00, 0x20, 0x02, 0x01, 0x21, 0x11, 0xF0, 0xFF, 0xFF, 0x0E, 0x0E
    .byte   0xFF, 0xFE, 0xFF, 0xEF, 0xEF, 0xFF, 0xEF, 0x0F, 0x01, 0x02, 0x11, 0x22, 0x31, 0x22,   -2, 0x02
    .byte   0x32, 0x23, 0x12, 0x31, 0x22, 0x01, 0x2F, 0xFF, 0xFE, 0xEE, 0xFE, 0xEE, 0xEE, 0xEF, 0xEE, 0xEF
    .byte   0xEE, 0xFE, 0x00, 0xE0, 0xFF, 0x01, 0x11, 0x11, 0x11, 0x21, 0x11, 0x11, 0x10, 0xF0, 0xFF,   -6
    .byte   0x0F, 0xF0, 0xEF, 0x0E, 0xF0, 0xEF, 0xFE, 0xF0, 0x00, 0x00, 0x00, 0x11, 0x10, 0x21, 0x12, 0x22
    .byte   0x22, 0x12, 0x22, 0x22, 0x12, 0x22, 0x12, 0x11, 0x10, 0x00, 0xFF, 0xEF, 0xEF, 0xEF, 0xFE, 0xFE
    .byte     13, 0x0E, 0x0E, 0xEF, 0xFE, 0xFF, 0xEF, 0xFF, 0xF0, 0x00, 0x01, 0x00, 0x11, 0x01, 0x01, 0x11
    .byte   0x11, 0x10, 0x00, 0x00, 0xF0, 0xFF, 0x0F, 0x00, 0xFF, 0xF0, 0x0F, 0x0F, 0x00, 0xF1, 0x01, 0x1F
    .byte   0x10,  -10, 0x00, 0x02, 0x01, 0x02, 0x02, 0x01, 0x20, 0x02, 0x00, 0x21, 0x00, 0x20, 0x00, 0x00
    .byte   0x0F, 0x0F, 0xF1, 0xFF, 0xF0, 0xE0, 0xF0, 0xEF, 0x0E, 0x00, 0xEF, 0xF0, 0x0E, 0x0F, 0x0F, 0xF0
    .byte   0xF0, 0xF0,  -13, 0x00, 0x10, 0x10, 0x01, 0x01, 0x11, 0x00, 0x11, 0x10, 0x11, 0x00, 0x10, 0x01
    .byte   0x1F, 0x01, 0xF0, 0x10, 0xF0, 0x00, 0x10, 0x1F, 0x11, 0x00, 0x01, 0xF0, 0x01, 0x00, 0x01, 0x00
    .byte   0xF1, 0xF1, 0x0F,    4, 0x00, 0x0F, 0x00, 0xF0, 0xF1, 0x0F, 0x0F, 0x1F, 0x10, 0xF0, 0x0F, 0xF0
    .byte   0x1F, 0x10, 0x00, 0xF0, 0xF1, 0x00, 0xF0, 0x11, 0xF1, 0x00, 0x00, 0x10, 0x1F, 0x1F, 0x10, 0x0F
    .byte   0x01, 0x0F, 0x00, 0x10,    0, 0x00, 0xF1, 0x0F, 0xF1, 0x00, 0xF1, 0x00, 0xF1, 0xF1, 0x01, 0xF0
    .byte   0x01, 0xF1, 0x10, 0x0F, 0x0E, 0x4D, 0x3A, 0x75, 0x8E, 0x0E, 0x6D, 0x01, 0xA7, 0xA4, 0x7A, 0x09
    .byte   0x52, 0x3B, 0x47, 0x86, 0xDB,    3, 0x0B, 0xF4, 0x3D, 0x41, 0x03, 0xA4, 0x11, 0x1D, 0x22, 0xDE
    .byte   0x41, 0xDE, 0x12, 0xFD, 0x32, 0xF0, 0xD3, 0x3D, 0x32, 0xD1, 0xC1, 0x4C, 0x22, 0xE1, 0xE1, 0x4E
    .byte   0xE1, 0xFF, 0xE1, 0x32, 0xD1, 0x1E,    6, 0x0E, 0x13, 0xDE, 0x22, 0x1E, 0x20, 0xEE, 0x11, 0x2E
    .byte   0x10, 0xF2, 0xE1, 0x1E, 0x0F, 0x02, 0x0F, 0x1F, 0x01, 0xF2, 0xEF, 0xF0, 0x21, 0xE1, 0x00, 0x00
    .byte   0xF0, 0xF0, 0x10, 0x00, 0x1F, 0x00, 0x1F,    0, 0x00, 0xF0, 0x00, 0x1F, 0xF0, 0xF0, 0x01, 0x10
    .byte   0x00, 0x12, 0x0F, 0x00, 0xFF, 0x01, 0x0F, 0xF0, 0x10, 0x01, 0x0F, 0x01, 0x10, 0x01, 0xFF, 0xF0
    .byte   0x10, 0xE0, 0x1E, 0x01, 0x1F, 0xFF, 0x00, 0xF0,   -6, 0x00, 0xFF, 0xF1, 0x11, 0xF1, 0xFE, 0x01
    .byte   0xF1, 0x0E, 0x11, 0x02, 0x00, 0x2E, 0x12, 0x01, 0x1F, 0x21, 0xF3, 0x20, 0x2F, 0x02, 0x11, 0x1E
    .byte   0xFF, 0xF1, 0x10, 0xEE, 0xFF, 0xF0, 0xFE, 0xFE, 0x01,    0, 0x0F, 0xFF, 0xF1, 0x00, 0x0F, 0x0E
    .byte   0x00, 0xF1, 0xEE, 0x10, 0xF1, 0x00, 0x0E, 0x11, 0x01, 0xFF, 0xFF, 0x11, 0x10, 0x02, 0x0F, 0x11
    .byte   0x02, 0x01, 0x22, 0xF3, 0x30, 0x2F, 0xF2, 0xF0, 0x21, 0xDF,   16, 0x01, 0x10, 0xF0, 0xEE, 0x12
    .byte   0x0F, 0xE0, 0x1E, 0x02, 0x1E, 0xE1, 0x1F, 0x0F, 0xFF, 0xD0, 0x2F, 0x10, 0xF0, 0x00, 0x32, 0xEF
    .byte   0x00, 0xFF, 0xFF, 0xEE, 0xE1, 0xF1, 0x0E, 0x01, 0xFF, 0x1F, 0x0E,  -24, 0x01, 0x0F, 0xF2, 0x00
    .byte   0x11, 0x1F, 0x02, 0x22, 0x22, 0x32, 0x22, 0x3F, 0xE1, 0xE1, 0xFE, 0xE0, 0xF0, 0x0F, 0x10, 0xF0
    .byte   0x1F, 0x11, 0xE0, 0xFE, 0x20, 0xFE, 0xFE, 0xFF, 0xF1, 0xFE, 0x01, 0x11,   -3, 0x0F, 0x0F, 0x02
    .byte   0x11, 0x11, 0xF0, 0x02, 0x0E, 0xD0, 0x11, 0xFF, 0x1E, 0xF0, 0x12, 0xEF, 0xFE, 0xEF, 0x1F, 0xFF
    .byte   0x01, 0x1F, 0x02, 0x10, 0x00, 0x20, 0xF1, 0x22, 0x22, 0x11, 0x33, 0x22, 0x0E,   26, 0x0F, 0xE2
    .byte   0x0D, 0xEE, 0x02, 0x02, 0x00, 0xEF, 0x12, 0xF0, 0xEF, 0xEF, 0x1F, 0xFF, 0xEE, 0xF0, 0x11, 0x0F
    .byte   0xF0, 0x02, 0x11, 0x0F, 0xFF, 0x20, 0xF1, 0x2E, 0xE0, 0x22, 0xEE, 0x01, 0xEE, 0x11,   -7, 0x0E
    .byte   0xE1, 0x10, 0xF1, 0x1E, 0xEE, 0x21, 0x0E, 0x01, 0x10, 0x22, 0x2E, 0xF1, 0x11, 0x22, 0x22, 0x01
    .byte   0x33, 0x20, 0xFF, 0xFE, 0xE2, 0x0E, 0xDF, 0x20, 0x11, 0x2F, 0xFE, 0x02, 0xEE, 0x0F, 0xFF,    2
    .byte   0x00, 0x2E, 0xEF, 0xF0, 0x10, 0xF0, 0xEF, 0x22, 0x11, 0xFF, 0xF0, 0xF1, 0x2F, 0xE0, 0xF1, 0x2F
    .byte   0x12, 0x0E, 0x0E, 0xEF, 0x0F, 0x0F, 0xE1, 0x10, 0x10, 0x0E, 0xFF, 0x0F, 0xFF, 0x11, 0x11, 0x21
    .byte    -11, 0x0F, 0xF2, 0x00, 0x12, 0x22, 0x21, 0x23, 0x11, 0x10, 0xE0, 0xEF, 0x1E, 0xFE, 0x11, 0x2F
    .byte   0x11, 0xFE, 0x01, 0x0E, 0xFF, 0xFF, 0x01, 0x0F, 0xEF, 0xF1, 0xFF, 0x00, 0xE0, 0x21, 0x11, 0x0F
    .byte   0x0F,   -3, 0x01, 0x00, 0xFF, 0xF2, 0x02, 0x0F, 0x01, 0xFE, 0x00, 0xFE, 0xE0, 0xF0, 0x01, 0x00
    .byte   0xE0, 0x0F, 0x10, 0xF0, 0xF1, 0x01, 0x10, 0x2F, 0x0E, 0x21, 0x12, 0x12, 0x21, 0x12, 0x22, 0x2F
    .byte   0xFF, 0xE1,   14, 0x01, 0x0E, 0xFF, 0x11, 0x11, 0x10, 0xE0, 0x10, 0xFE, 0xFF, 0xFF, 0xF1, 0x00
    .byte   0xEF, 0x11, 0xFF, 0x1F, 0xFF, 0x02, 0x00, 0x11, 0xEE, 0x13, 0x1E, 0xE0, 0x2F, 0xE2, 0x22, 0xED
    .byte   0x21, 0xF0, 0xF0,   -5, 0x0D, 0x02, 0x10, 0xF0, 0x0F, 0xE0, 0xF2, 0x0E, 0xF0, 0x11, 0x02, 0x2F
    .byte   0xFE, 0x12, 0x11, 0x22, 0x01, 0x12, 0xF3, 0x21, 0xFE, 0xE1, 0x10, 0x10, 0xFE, 0xF1, 0x21, 0xF0
    .byte   0xFE, 0xF0, 0x10, 0xFE,    3, 0x0F, 0x01, 0x00, 0xFE, 0x0F, 0x01, 0x11, 0xEF, 0xF1, 0x21, 0x02
    .byte   0xFE, 0xFF, 0x22, 0x0E, 0xE1, 0x02, 0x0F, 0x0F, 0xEE, 0x2F, 0x10, 0xFF, 0x0E, 0x01, 0x0F, 0xE1
    .byte   0xF0, 0xF0, 0x01, 0x10, 0x0F,  -12, 0x00, 0x02, 0x10, 0xEF, 0x02, 0x21, 0x20, 0x20, 0x02, 0x13
    .byte   0x0F, 0xEF, 0xF0, 0x11, 0x11, 0xEE, 0x02, 0x1F, 0x10, 0xEE, 0x02, 0x10, 0xEF, 0xFF, 0xF0, 0x20
    .byte   0xEE, 0xF1, 0x01, 0x20, 0xFE, 0xE1,    0, 0x01, 0x12, 0xFE, 0xE0, 0x22, 0xE0, 0x0E, 0x0E, 0x22
    .byte   0x0E, 0xF0, 0xE0, 0x10, 0x10, 0xE0, 0xF0, 0xFF, 0x10, 0xFE, 0x11, 0x21, 0x10, 0xEF, 0xF2, 0x1F
    .byte   0x1F, 0x01, 0x22, 0x20, 0xE0, 0x12, 0x22,   11, 0x02, 0x1F, 0xFF, 0x10, 0xFE, 0x01, 0x0F, 0x11
    .byte   0x1F, 0x11, 0xFF, 0xEF, 0x10, 0x0E, 0x0F, 0xF0, 0x11, 0xFF, 0xF0, 0xF0, 0x01, 0x0F, 0x0E, 0x02
    .byte   0x22, 0xE1, 0xFF, 0xE1, 0x21, 0xFE, 0xF0, 0xF1,   -1, 0x00, 0xFF, 0xEF, 0xF1, 0x11, 0xFE, 0xFF
    .byte   0xF0, 0x10, 0xFF, 0x11, 0x00, 0x20, 0x0E, 0xF0, 0x20, 0x12, 0x00, 0xFF, 0x20, 0x20, 0x12, 0x11
    .byte   0x00, 0x32, 0xEE, 0x00, 0xEF, 0x02, 0x0F, 0xF0, 0x20,   14, 0x00, 0xFF, 0xEE, 0x01, 0x0F, 0x00
    .byte   0xFF, 0xF2, 0x0F, 0xEF, 0xFF, 0x02, 0x00, 0xEF, 0x02, 0x20, 0x1F, 0xEE, 0x12, 0x11, 0x0E, 0xFF
    .byte   0x01, 0x11, 0xE0, 0xE0, 0x11, 0x10, 0xFE, 0xF0, 0xF0, 0xF0,  -14, 0x01, 0x10, 0x01, 0xF1, 0x1F
    .byte   0xFF, 0x10, 0x12, 0x21, 0x1E, 0xF1, 0x12, 0x22, 0x10, 0xFF, 0x13, 0x10, 0xEF, 0xE0, 0x10, 0x2F
    .byte   0xEF, 0x11, 0x02, 0x1E, 0xEE, 0xF1, 0x2F, 0xF0, 0xFE, 0x01, 0x21,    2, 0x0E, 0xF0, 0x02, 0x20
    .byte   0xEE, 0xF1, 0x22, 0x01, 0xFE, 0xE2, 0x12, 0xFE, 0xEF, 0xFF, 0x22, 0xFE, 0xE0, 0x11, 0x01, 0xFE
    .byte   0xE0, 0x11, 0x0F, 0xF1, 0xF0, 0x02, 0x1F, 0xF0, 0x00, 0xF0, 0x1F, 0x21,   -1, 0x01, 0x1F, 0xFF
    .byte   0x11, 0x21, 0x2F, 0x12, 0x21, 0xE0, 0xE0, 0xE0, 0x21, 0xFE, 0x12, 0x11, 0x10, 0xEE, 0xEF, 0x21
    .byte   0x0E, 0x0F, 0x0F, 0x12, 0xFE, 0xF0, 0xF0, 0x11, 0x0F, 0xF0, 0x22, 0xFF, 0xFE,   -4, 0x01, 0x22
    .byte   0x0E, 0xEF, 0xF0, 0x20, 0x0E, 0xEF, 0x12, 0x1F, 0x0E, 0xEF, 0x02, 0x00, 0x0E, 0xF0, 0x02, 0x00
    .byte   0xF1, 0x02, 0x02, 0x01, 0x0E, 0x01, 0x12, 0x12, 0x20, 0xF0, 0x02, 0x20, 0xFE, 0xFE,    6, 0x01
    .byte   0x21, 0x0E, 0xF0, 0x21, 0x10, 0xFE, 0xEE, 0x21, 0x1F, 0xFF, 0xFF, 0xF2, 0x0F, 0xEF, 0x01, 0x20
    .byte   0x1F, 0xEF, 0x02, 0x02, 0x0F, 0xEE, 0x02, 0x1F, 0xE0, 0xFF, 0x01, 0x11, 0xFE, 0xFF, 0xF0,   -9
    .byte   0x01, 0x0E, 0x01, 0x10, 0xF0, 0x0E, 0x0F, 0x21, 0x20, 0x00, 0x00, 0x12, 0x0F, 0x01, 0x11, 0x01
    .byte   0x21, 0x20, 0x02, 0x10, 0xEF, 0x1E, 0xF2, 0x1F, 0xF0, 0x10, 0x0F, 0x2F, 0xEE, 0x01, 0xFF, 0x11
    .byte      3, 0x0E, 0x02, 0x0F, 0xF0, 0x0F, 0xF1, 0x11, 0xE1, 0x11, 0x01, 0x00, 0xE0, 0x11, 0x1F, 0xF0
    .byte   0xE0, 0x01, 0x1F, 0xEF, 0x00, 0x11, 0x10, 0xEF, 0xF1, 0x10, 0xF1, 0xE0, 0x11, 0x12, 0x10, 0x01
    .byte   0x01,   -4, 0x00, 0xF0, 0x02, 0x01, 0x11, 0x10, 0x22, 0xF1, 0x2F, 0x1E, 0x1F, 0xFF, 0x01, 0x0F
    .byte   0x01, 0x1F, 0x10, 0x1E, 0xE0, 0x00, 0xF1, 0x0F, 0x0E, 0x11, 0x1F, 0xF0, 0xF0, 0x11, 0x10, 0xE0
    .byte   0x01, 0x01,    0, 0x0F, 0xEF, 0x00, 0x21, 0x1F, 0xEF, 0xF0, 0x10, 0xFF, 0xEF, 0x12, 0x11, 0x0F
    .byte   0xEF, 0xF0, 0xF0, 0x12, 0xF1, 0x12, 0x11, 0x00, 0xEF, 0x02, 0x11, 0x21, 0x20, 0x00, 0x22, 0x1E
    .byte   0xFF, 0xEF, 0x02,   11, 0x00, 0xF0, 0x10, 0x00, 0x1F, 0xEE, 0xF1, 0x10, 0x11, 0x0E, 0x01, 0xF0
    .byte   0xFF, 0x0F, 0x01, 0x20, 0xFE, 0x0F, 0xF2, 0x0F, 0xEF, 0xF0, 0x21, 0x10, 0xFE, 0xFF, 0xF0, 0x10
    .byte   0xFF, 0x10, 0x01, 0x0F,  -10, 0x0F, 0x01, 0x0F, 0x10, 0x0F, 0x11, 0x2F, 0x00, 0x0F, 0x02, 0x11
    .byte   0x10, 0x01, 0x12, 0x20, 0xF0, 0x20, 0xF0, 0xFF, 0x0E, 0x22, 0xFF, 0xE2, 0xE1, 0x11, 0x0E, 0xE0
    .byte   0x10, 0x01, 0xFF, 0xE1, 0x11,    3, 0x0F, 0xFE, 0x00, 0x21, 0x1E, 0xFF, 0x01, 0x10, 0xFE, 0xE1
    .byte   0x22, 0x11, 0xFF, 0xEF, 0x00, 0x0E, 0x0F, 0x10, 0x12, 0x00, 0xE0, 0xFF, 0x00, 0xFF, 0x12, 0x02
    .byte   0x0F, 0x00, 0xFF, 0x21, 0x01, 0x11,    1, 0x01, 0x12, 0x2E, 0x12, 0x1F, 0xF1, 0x10, 0xEF, 0x12
    .byte   0xFF, 0x10, 0xFF, 0x02, 0xEE, 0xF0, 0xFF, 0x10, 0x0F, 0xE1, 0x11, 0xE0, 0x10, 0xF0, 0x02, 0xFF
    .byte   0xE1, 0x01, 0x1F, 0xFE, 0xE1, 0x22, 0x21,    2, 0x0E, 0xFE, 0x01, 0x1F, 0xEE, 0x01, 0x22, 0x10
    .byte   0x0E, 0xFF, 0xFF, 0xF0, 0x01, 0x22, 0x10, 0x10, 0x10, 0xF1, 0x0F, 0xF0, 0x22, 0x21, 0x0F, 0x02
    .byte   0x10, 0xFF, 0xFF, 0xFF, 0x20, 0xFF, 0x01, 0x10,   13, 0x00, 0xEE, 0x0F, 0x00, 0xF1, 0x0E, 0x00
    .byte   0x10, 0xFF, 0x01, 0xF1, 0x11, 0xEE, 0x00, 0x21, 0x0E, 0x0E, 0xF2, 0x21, 0x0F, 0xEF, 0xF0, 0x11
    .byte   0xFE, 0x00, 0x10, 0x20, 0xEF, 0xF0, 0x20, 0x0F, 0x0F,  -10, 0x02, 0x11, 0x0E, 0x01, 0x22, 0x2F
    .byte   0xF0, 0xF0, 0x22, 0x00, 0xE0, 0x22, 0x01, 0x0E, 0xE1, 0x12, 0xF0, 0xFE, 0xF1, 0x22, 0xFF, 0xEE
    .byte   0xE2, 0x12, 0xEE, 0xFF, 0x01, 0x21, 0xEE, 0xF1, 0x02, 0x0F,   -3, 0x0E, 0xF0, 0x21, 0xFE, 0xFF
    .byte   0x02, 0x02, 0xFE, 0xE0, 0xF1, 0x10, 0xFF, 0xF1, 0x21, 0x0F, 0x0E, 0x01, 0x02, 0x01, 0x01, 0x00
    .byte   0x21, 0x10, 0xFF, 0x11, 0x10, 0x11, 0x21, 0xFF, 0x10, 0x11, 0x10,   11, 0x01, 0x1F, 0x10, 0xFF
    .byte   0x1F, 0x0F, 0xF1, 0x00, 0xF1, 0xF0, 0x0E, 0x0F, 0xFF, 0xFF, 0x00, 0xFF, 0x01, 0x0F, 0xFF, 0xFF
    .byte   0x01, 0x00, 0x11, 0xE0, 0xE0, 0x01, 0x01, 0x0F, 0x00, 0x20, 0x00, 0xFE,  -13, 0x01, 0x11, 0x11
    .byte   0x11, 0x01, 0x10, 0x10, 0x11, 0xE0, 0x11, 0x12, 0x10, 0x00, 0xF1, 0x02, 0x11, 0xFE, 0xFF, 0x22
    .byte   0x10, 0xEF, 0x12, 0x2F, 0x0E, 0xFF, 0x01, 0x11, 0xFE, 0x00, 0x20, 0x0F, 0xEE,    0, 0x02, 0x10
    .byte   0xFE, 0xE0, 0xF0, 0x20, 0xE0, 0xF1, 0x11, 0xFF, 0xEE, 0x11, 0x21, 0x1F, 0xE0, 0x02, 0x0F, 0xFF
    .byte   0x00, 0x21, 0x0F, 0xFF, 0x01, 0x10, 0xFF, 0x00, 0x21, 0x11, 0xF0, 0x11, 0x01, 0xF0,    0, 0x01
    .byte   0x02, 0xF0, 0xF1, 0x02, 0x01, 0x0E, 0x0E, 0x21, 0x12, 0xEF, 0x01, 0x21, 0x0E, 0xFF, 0x00, 0x11
    .byte   0x0E, 0xE1, 0x12, 0x11, 0xFE, 0xE0, 0x20, 0xFF, 0xEE, 0xF0, 0x21, 0xFF, 0xF0, 0x10, 0x11,   -5
    .byte   0x0F, 0xE0, 0x10, 0xF2, 0xFF, 0x11, 0x11, 0x01, 0x1F, 0xFF, 0x11, 0x00, 0x00, 0x01, 0x11, 0x11
    .byte   0xFF, 0xF0, 0x01, 0x1F, 0xFF, 0x11, 0x21, 0x10, 0xFE, 0xF1, 0x11, 0x0F, 0x00, 0x00, 0x21, 0xFF
    .byte      4, 0x0F, 0x10, 0x01, 0x01, 0x10, 0x00, 0x00, 0xFF, 0xF0, 0xF0, 0xFF, 0x11, 0x11, 0xFF, 0xF0
    .byte   0xF0, 0x0E, 0xE0, 0xF1, 0x11, 0x00, 0x11, 0x10, 0x00, 0xEF, 0xF0, 0x00, 0x11, 0x10, 0x20, 0x00
    .byte   0x00,   -1, 0x0F, 0x00, 0xF1, 0xF1, 0xF0, 0x1F, 0x2F, 0x10, 0x01, 0xF0, 0xF0, 0x0F, 0xF0, 0xF0
    .byte   0x20, 0x00, 0x00, 0x10, 0x01, 0x00, 0xFE, 0x01, 0x11, 0x11, 0x11, 0x1F, 0xF0, 0x1F, 0x0E, 0x00
    .byte   0x12, 0x01,    7, 0x0F, 0xE0, 0x11, 0xFF, 0xEF, 0x00, 0x21, 0x00, 0xEF, 0xF0, 0x20, 0x00, 0xE0
    .byte   0x01, 0x11, 0x0E, 0x1F, 0x02, 0x01, 0xFF, 0xF0, 0x11, 0x11, 0xFE, 0xF0, 0x21, 0x00, 0xFF, 0xF1
    .byte   0x11, 0x0F, 0x0F,   -3, 0x01, 0x11, 0x0F, 0x00, 0x01, 0x10, 0xF0, 0xF0, 0x11, 0x01, 0xF1, 0x11
    .byte   0x11, 0xE0, 0xFF, 0x01, 0xF1, 0x00, 0x10, 0x11, 0x1F, 0x0F, 0xE0, 0x00, 0xF1, 0x10, 0x1F, 0x11
    .byte   0x0F, 0x0F, 0xFF, 0x01,    0, 0x0F, 0x10, 0x1F, 0xF1, 0x00, 0xF0, 0x01, 0x01, 0x0F, 0x00, 0x01
    .byte   0x0F, 0xFF, 0xFF, 0x11, 0x10, 0x1F, 0x0F, 0x01, 0x0F, 0x00, 0xF1, 0x01, 0x11, 0x0F, 0x00, 0xF0
    .byte   0x1F, 0x0F, 0x10, 0x11, 0x10,    2, 0x00, 0x00, 0x0F, 0x0F, 0x00, 0x00, 0x01, 0x10, 0x00, 0xF0
    .byte   0xF0, 0x1F, 0x01, 0x00, 0xF1, 0x00, 0x00, 0xF0, 0x00, 0x1F, 0x10, 0xF0, 0x11, 0x00, 0x0F, 0xF0
    .byte   0x01, 0x00, 0x0F, 0xFF, 0x11, 0x00,    0, 0x00, 0xF0, 0x10, 0x0F, 0x00, 0xF0, 0x10, 0x00, 0x0F
    .byte   0x10, 0x00, 0xF1, 0x01, 0x00, 0x01, 0x0F, 0x1F, 0x00, 0x00, 0xFF, 0x01, 0x01, 0x01, 0x1F, 0x00
    .byte   0x00, 0x0F, 0x0F, 0x01, 0x00, 0x10, 0x0F,    0, 0x01, 0x00, 0x00, 0xF1, 0xF0, 0x10, 0x0F, 0x1F
    .byte   0x0F, 0x10, 0x01, 0x0F, 0x1F, 0xF1, 0x00, 0x10, 0xFF, 0x10, 0x10, 0xFF, 0xF1, 0x01, 0x0F, 0x00
    .byte   0x00, 0x01, 0x01, 0xFF, 0x10, 0x00, 0x00, 0xFF,   -1, 0x01, 0x10, 0xF0, 0x00, 0x00, 0x00, 0x00
    .byte   0xF0, 0x10, 0x01, 0x00, 0xF1, 0x0F, 0x00, 0x0F, 0x10, 0x10, 0x00, 0x00, 0xF0, 0x10, 0xF0, 0x1F
    .byte   0x0F, 0x10, 0x0F, 0x01, 0xF0, 0x01, 0x00, 0xF0, 0x00,    0, 0x0F, 0x10, 0x0F, 0x10, 0x10, 0x00
    .byte   0xFF, 0x00, 0x01, 0x10, 0xF1, 0xF0, 0x1F, 0x01, 0xF0, 0x00, 0xF1, 0xF1, 0x00, 0xF1, 0x00, 0x0F
    .byte   0x00, 0x01, 0x00, 0x00, 0xF1, 0xF1, 0xF0, 0x01, 0x1F, 0x1F,   -1, 0x00, 0x01, 0x10, 0x00, 0xF0
    .byte   0x10, 0x0F, 0x00, 0x00, 0xF1, 0x00, 0x1F, 0x1F, 0x00, 0x1F, 0x0F, 0x1F, 0x01, 0x00, 0x01, 0xF0
    .byte   0x00, 0x00, 0x1F, 0xF0, 0x00, 0x10, 0x0F, 0x1F, 0x10, 0x01, 0x00,    0, 0x0F, 0x10, 0x00, 0x10
    .byte   0xF0, 0x00, 0x1F, 0x00, 0x00, 0x01, 0xF1, 0xF0, 0x00, 0x00, 0xF1, 0x00, 0x01, 0xF0, 0x00, 0x01
    .byte   0xFF, 0x00, 0x11, 0xF0, 0x00, 0x00, 0x00, 0x1F, 0x0F, 0x1F, 0x10, 0x00,    1, 0x0F, 0x00, 0x01
    .byte   0x00, 0xF1, 0xF0, 0x10, 0xF0, 0x00, 0x00, 0x00, 0x00, 0xF0, 0x00, 0x10, 0x00, 0x0F, 0x10, 0x1F
    .byte   0x1F, 0x00, 0x00, 0xF1, 0x00, 0x1F, 0x01, 0x00, 0xF0, 0x0F, 0x10, 0xF0, 0x10,    1, 0x0F, 0x00
    .byte   0x00, 0xF1, 0x00, 0xF0, 0x10, 0x00, 0x1F, 0x0F, 0x01, 0x01, 0xF1, 0xF0, 0xF1, 0x01, 0xF0, 0xF1
    .byte   0x00, 0x1F, 0x01, 0xF0, 0x01, 0xF1, 0xF0, 0x00, 0x00, 0x00, 0xF1, 0xF1, 0x00, 0x00,    0, 0x00
    .byte   0x00, 0x00, 0x01, 0xF0, 0x00, 0x1F, 0x0F, 0x10, 0x00, 0x00, 0x01, 0xF0, 0xF1, 0x00, 0x00, 0x00
    .byte   0x10, 0xF0, 0x00, 0x0F, 0x10, 0xF1, 0x00, 0xF0, 0x10, 0x00, 0x0F, 0x01, 0x00, 0x00, 0x00,   -1
    .byte   0x01, 0x00, 0x00, 0x0F, 0x01, 0x00, 0xF1, 0x0F, 0x10, 0x00, 0xF0, 0x10, 0x1F, 0x00, 0xF1, 0x00
    .byte   0x01, 0xF0, 0x00, 0x00, 0x1F, 0x00, 0x00, 0x00, 0x0F, 0x10, 0x00, 0x00, 0xF0, 0x10, 0x00, 0x00
    .byte      0, 0x00, 0x00, 0x00, 0x1F, 0x01, 0xF0, 0x00, 0x00, 0x00, 0x00, 0x00, 0x00, 0x00, 0x00, 0x00
    .byte   0xF1, 0x00, 0xF1, 0x00, 0x00, 0x00, 0xF1, 0x0F, 0x10, 0x00, 0x00, 0x00, 0x00, 0x00, 0x00, 0x01
    .byte   0xF0,    0, 0x00, 0x01, 0x0F, 0x00, 0x00, 0x01, 0xF1, 0xF0, 0x00, 0xF0, 0x10, 0x00, 0xF0, 0x10
    .byte   0x00, 0x00, 0x01, 0xF1, 0x0F, 0x1F, 0x00, 0x10, 0xF0, 0x00, 0x0F, 0x10, 0x00, 0x1F, 0x00, 0x00
    .byte   0xF1, 0x00,    0, 0x00, 0x00, 0x00, 0x00, 0x00, 0x1F, 0x0F, 0x10, 0x00, 0x10, 0x00, 0xF0, 0x00
    .byte   0x1F, 0x1F, 0x01, 0xF0, 0x01, 0xF0, 0x00, 0x01, 0xF0, 0x01, 0xF0, 0x01, 0xF0, 0x01, 0xF0, 0x00
    .byte   0x1F, 0x00, 0x00,    0, 0x00, 0x0F, 0x10, 0x00, 0x00, 0xF1, 0x00, 0x00, 0x1F, 0x00, 0x00, 0xF1
    .byte   0x0F, 0x1F, 0x10, 0x00, 0xF1, 0x1F, 0x1F, 0x00, 0x0F, 0x1F, 0x10, 0xF1, 0x00, 0x01, 0xF1, 0xF0
    .byte   0x00, 0x00, 0x00, 0x1F,    1, 0x0F, 0x00, 0x00, 0x00, 0x0F, 0x10, 0x10, 0xF1, 0xF0, 0x0F, 0x10
    .byte   0x00, 0x0F, 0x10, 0x1F, 0x00, 0x00, 0x00, 0x00, 0xF1, 0x00, 0x0F, 0x10, 0x01, 0xF0, 0x00, 0x01
    .byte   0xF0, 0x00, 0x00, 0x00, 0x00,    1, 0x0F, 0x01, 0xF0, 0x1F, 0x00, 0x00, 0xF1, 0x01, 0xF0, 0x00
    .byte   0xF1, 0x00, 0x0F, 0x10, 0x00, 0x10, 0xF0, 0x00, 0x10, 0x0F, 0x00, 0x00, 0xF1, 0xF1, 0x00, 0x0F
    .byte   0x00, 0x11, 0xF0, 0x1F, 0x00, 0x00,    0, 0x00, 0x1F, 0xF1, 0x00, 0x00, 0x00, 0x0F, 0x1F, 0x10
    .byte   0x00, 0x00, 0x1F, 0x00, 0x00, 0x00, 0x1F, 0x00, 0xF1, 0x00, 0xF1, 0x00, 0xF1, 0x00, 0x01, 0xF1
    .byte   0xF0, 0xF1, 0x1F, 0x00, 0x00, 0xF1, 0x00,    0, 0x0F, 0x10, 0x00, 0x00, 0x00, 0x00, 0x00, 0x00
    .byte   0x00, 0x00, 0x00, 0x00, 0x00, 0xF1, 0xF1, 0x00, 0x01, 0xF0, 0xF1, 0x0F, 0x11, 0xF0, 0x00, 0x00
    .byte   0xF1, 0x00, 0x0F, 0x10, 0x00, 0x00, 0x00, 0x0F,    0, 0x0F, 0x11, 0xF1, 0xF0, 0x00, 0xF1, 0x0F
    .byte   0x01, 0xF1, 0x01, 0xF0, 0xF1, 0x1F, 0x01, 0xFF, 0x1F, 0x10, 0x00, 0x00, 0x1F, 0x00, 0x00, 0x10
    .byte   0xF0, 0x01, 0xF0, 0xF1, 0x00, 0x00, 0x00, 0x00, 0x00,    0, 0x0F, 0x1F, 0x10, 0x00, 0xF0, 0x10
    .byte   0x01, 0xF0, 0x00, 0x00, 0xF1, 0x00, 0x00, 0x00, 0x00, 0xF1, 0x00, 0x10, 0xF0, 0x01, 0xF0, 0x0F
    .byte   0x10, 0x00, 0x00, 0x00, 0xF0, 0x10, 0x00, 0x0F, 0x10, 0x1F,    0, 0x00, 0x01, 0xF0, 0xF1, 0x1F
    .byte   0x10, 0xF0, 0x00, 0x0F, 0x11, 0x0F, 0x00, 0x0F, 0x11, 0xFF, 0x10, 0x01, 0xFF, 0x10, 0x00, 0x01
    .byte   0x0F, 0x1F, 0xF1, 0x00, 0x00, 0x0F, 0x11, 0xF0, 0x01, 0x0F, 0x0F,    0, 0x00, 0x00, 0x00, 0xF1
    .byte   0x00, 0x00, 0x00, 0x0F, 0x10, 0x1F, 0x00, 0x00, 0x00, 0x00, 0x00, 0x00, 0x1F, 0xF1, 0x00, 0x1F
    .byte   0x00, 0x1F, 0x00, 0x00, 0x00, 0xF0, 0x01, 0x00, 0xF0, 0x10, 0x01, 0xF0,    0, 0x00, 0xF1, 0x00
    .byte   0x01, 0xFF, 0x10, 0x00, 0x00, 0xF1, 0x00, 0x0F, 0x10, 0x1F, 0x00, 0x01, 0xF0, 0x00, 0x00, 0x00
    .byte   0x00, 0x00, 0x1F, 0xF1, 0xF1, 0x00, 0x00, 0x00, 0xF1, 0x01, 0xF0, 0x00, 0x1F,    0, 0x0F, 0x11
    .byte   0xF0, 0x00, 0x00, 0x00, 0x1F, 0x00, 0x00, 0x00, 0x0F, 0x10, 0x00, 0xF1, 0x0F, 0x10, 0x00, 0xF1
    .byte   0x00, 0x00, 0xF1, 0x00, 0x00, 0x00, 0x1F, 0x00, 0x00, 0x00, 0x0F, 0x10, 0x00, 0x01,    0, 0x01
    .byte   0xF0, 0x01, 0xF0, 0x00, 0x00, 0x00, 0x10, 0xF1, 0xF1, 0xF1, 0xF0, 0x00, 0x00, 0x01, 0xF0, 0x01
    .byte   0xF0, 0x00, 0x00, 0x01, 0xF0, 0x01, 0xFF, 0x10, 0x00, 0x00, 0xF1, 0x0F, 0x10, 0x00, 0x01,    0
    .byte   0x00, 0x00, 0x00, 0x00, 0x00, 0x00, 0x00, 0x00, 0x10, 0xFF, 0x1F, 0x11, 0xF0, 0x00, 0x01, 0xF0
    .byte   0x00, 0x01, 0xF0, 0x00, 0x00, 0x00, 0x00, 0x00, 0x00, 0x0F, 0x1F, 0x10, 0x00, 0x01, 0xFF, 0x10
    .byte      0, 0x00, 0x01, 0xF0, 0x1F, 0x01, 0xF0, 0xF1, 0xF1, 0x00, 0x10, 0xF0, 0x00, 0x00, 0x00, 0x01
    .byte   0xF0, 0x00, 0x00, 0x00, 0x00, 0x0F, 0x10, 0x00, 0x00, 0x0F, 0x1F, 0x10, 0x00, 0x00, 0x1F, 0xF0
    .byte   0x1F,    0, 0x00, 0x00, 0xF0, 0x01, 0x00, 0xF1, 0x00, 0x00, 0xF1, 0x01, 0xFF, 0x10, 0x00, 0x00
    .byte   0x00, 0x0F, 0x10, 0x1F, 0x00, 0x00, 0xF1, 0x0F, 0x01, 0x00, 0x00, 0x0F, 0x10, 0x00, 0x0F, 0x10
    .byte   0xF1, 0x00,    0, 0x00, 0x00, 0x01, 0xF0, 0x01, 0xF0, 0x1F, 0xF1, 0x0F, 0x01, 0xF1, 0x00, 0x00
    .byte   0x00, 0x00, 0x01, 0xF0, 0x00, 0x01, 0xF0, 0x01, 0xF0, 0x00, 0x00, 0x00, 0x00, 0x00, 0x00, 0x01
    .byte   0x0F, 0x00, 0x1F,    0, 0x00, 0x00, 0x00, 0x00, 0xF1, 0x00, 0x1F, 0x0F, 0x11, 0xF0, 0x00, 0x0F
    .byte   0x11, 0x0F, 0x0F, 0x10, 0x00, 0x00, 0x1F, 0x00, 0x00, 0xF1, 0x01, 0xF0, 0x00, 0x00, 0x1F, 0x00
    .byte   0x00, 0x00, 0x00, 0x1F,   -1, 0x01, 0x00, 0x00, 0x00, 0x00, 0xF1, 0x00, 0xF0, 0x10, 0x00, 0xF1
    .byte   0x10, 0x0F, 0x00, 0x1F, 0xF0, 0x11, 0xF0, 0xF1, 0x01, 0xFF, 0x11, 0xFF, 0x10, 0xF1, 0x00, 0xF1
    .byte   0x00, 0x00, 0x1F, 0x00, 0x10,   -1, 0x01, 0x00, 0x00, 0x00, 0x01, 0xF0, 0x01, 0xF0, 0x00, 0x0F
    .byte   0x01, 0x1F, 0x00, 0x00, 0x00, 0x1F, 0x00, 0x00, 0x00, 0x1F, 0x1F, 0x00, 0x00, 0x00, 0x00, 0x0F
    .byte   0x01, 0x00, 0xF0, 0x11, 0xF0, 0x00,   -1, 0x01, 0x00, 0x00, 0x00, 0x00, 0xF1, 0x00, 0x00, 0x00
    .byte   0x00, 0x00, 0x00, 0x0F, 0x10, 0x1F, 0x1F, 0x01, 0xF0, 0x0F, 0x10, 0x00, 0x00, 0x00, 0x00, 0x0F
    .byte   0x10, 0x10, 0xF0, 0x0F, 0x10, 0x00, 0x00,    0, 0x00, 0x01, 0xF0, 0x00, 0x01, 0x0F, 0x00, 0x0F
    .byte   0x10, 0xF1, 0x00, 0x01, 0x0F, 0x1F, 0x00, 0x00, 0x00, 0x1F, 0x00, 0x00, 0x00, 0x01, 0xF1, 0xF0
    .byte   0x0F, 0x1F, 0x10, 0xF1, 0x00, 0x00, 0x00, 0x0F,   -1, 0x00, 0x10, 0x00, 0x00, 0x00, 0x1F, 0xF1
    .byte   0x00, 0x00, 0x0F, 0x11, 0xFF, 0x11, 0xFF, 0x11, 0x0F, 0x00, 0x00, 0x00, 0x00, 0x1F, 0x00, 0x00
    .byte   0x00, 0x01, 0xF0, 0x00, 0x01, 0xF0, 0x00, 0x00, 0x00,    0, 0x00, 0x00, 0x0F, 0x01, 0x00, 0x00
    .byte   0x01, 0xF0, 0x00, 0x0F, 0x10, 0xF1, 0x00, 0xF1, 0x0F, 0x10, 0x00, 0x00, 0x00, 0x00, 0x01, 0xF0
    .byte   0x0F, 0x11, 0xF0, 0x1F, 0x01, 0xF1, 0xF0, 0x00, 0x1F, 0x00,    0, 0x01, 0xF0, 0x00, 0x1F, 0x1F
    .byte   0x00, 0x1F, 0x1F, 0x00, 0x01, 0xF0, 0x00, 0x00, 0x10, 0x0F, 0x0F, 0x10, 0xF1, 0xF1, 0x00, 0xF1
    .byte   0x1F, 0x00, 0x00, 0x00, 0x00, 0x0F, 0x11, 0xFF, 0x10, 0x00, 0x0F,    0, 0x00, 0x0F, 0x01, 0x00
    .byte   0x00, 0x00, 0x00, 0x00, 0x00, 0x01, 0xFF, 0x1F, 0x10, 0x1F, 0x00, 0x00, 0x00, 0x00, 0x00, 0xF1
    .byte   0x1F, 0xF1, 0x00, 0x00, 0xF1, 0xF0, 0x11, 0xF0, 0x0F, 0x10, 0x00, 0x00,    0, 0x01, 0xF0, 0x00
    .byte   0x00, 0x0F, 0x10, 0x0F, 0x01, 0x00, 0x00, 0x00, 0x00, 0x00, 0x01, 0xF0, 0x1F, 0x01, 0x0F, 0x01
    .byte   0xF0, 0x00, 0x00, 0x00, 0x1F, 0x10, 0xF0, 0x0F, 0x10, 0x01, 0xF0, 0x0F, 0x10,    1, 0x0F, 0x00
    .byte   0x00, 0x00, 0x0F, 0x10, 0xF1, 0xF1, 0x00, 0x00, 0x00, 0x00, 0x00, 0x00, 0x00, 0x00, 0x00, 0x00
    .byte   0x0F, 0x10, 0xF0, 0x1F, 0x11, 0xF0, 0x0F, 0x11, 0xF1, 0xF1, 0x00, 0xF0, 0x00, 0x00,    0, 0x00
    .byte   0x01, 0xFF, 0x10, 0x01, 0xF0, 0x00, 0x00, 0xF0, 0x10, 0xF1, 0xF1, 0x00, 0x00, 0x00, 0x00, 0x00
    .byte   0x0F, 0x1F, 0x1F, 0x1F, 0x1F, 0x10, 0x00, 0x00, 0xF1, 0xF1, 0x01, 0xF0, 0x01, 0x0F, 0x1F,    0
    .byte   0x00, 0x00, 0x00, 0xF1, 0xF1, 0x00, 0xF1, 0xF1, 0x00, 0x00, 0x00, 0x00, 0x00, 0x01, 0xF0, 0x0F
    .byte   0x10, 0x00, 0x00, 0x1F, 0x00, 0x00, 0x1F, 0x00, 0x00, 0x0F, 0x10, 0x0F, 0x10, 0x00, 0x00, 0x00
    .byte      0, 0x00, 0x10, 0xFF, 0x10, 0x00, 0x00, 0x00, 0x00, 0x00, 0x10, 0xF0, 0x01, 0xF1, 0xF0, 0x01
    .byte   0xFF, 0x10, 0x00, 0x00, 0x0F, 0x10, 0x01, 0xF0, 0x00, 0x1F, 0x00, 0x00, 0x1F, 0x1F, 0xF1, 0x0F
    .byte   0x10,    0, 0x0F, 0x10, 0x00, 0x00, 0x10, 0xF0, 0x00, 0xF1, 0x00, 0x00, 0xF1, 0xF1, 0x0F, 0x10
    .byte   0xF1, 0x01, 0xFF, 0x10, 0x10, 0xF0, 0x00, 0x00, 0x00, 0x00, 0x00, 0x00, 0x00, 0x1F, 0xF1, 0x01
    .byte   0x0F, 0x00,    0, 0x01, 0xF0, 0x00, 0x00, 0x00, 0x00, 0x00, 0x0F, 0x10, 0x0F, 0x10, 0x00, 0x00
    .byte   0x00, 0x00, 0x00, 0x00, 0x1F, 0x00, 0x00, 0x0F, 0x01, 0x00, 0x00, 0x00, 0x1F, 0xF1, 0xF1, 0x1F
    .byte   0x0F, 0x10, 0x1F,    0, 0x00, 0x00, 0x00, 0x0F, 0x01, 0x00, 0x01, 0xF0, 0x0F, 0x10, 0x00, 0x01
    .byte   0x0F, 0x00, 0x00, 0xF1, 0x00, 0x00, 0x1F, 0x1F, 0x00, 0x10, 0xFF, 0x10, 0x00, 0x00, 0x00, 0x00
    .byte   0x00, 0x00, 0x00, 0x00,    0, 0x00, 0x0F, 0x10, 0x00, 0x0F, 0x1F, 0x10, 0x01, 0xF0, 0x00, 0x0F
    .byte   0x01, 0x00, 0x00, 0x00, 0x00, 0x00, 0x00, 0x0F, 0x01, 0x00, 0x00, 0x10, 0x0F, 0x01, 0xF1, 0xF0
    .byte   0xF1, 0x00, 0x00, 0x00, 0x00,    0, 0x01, 0x0F, 0xF1, 0x00, 0x00, 0x0F, 0x01, 0x00, 0x00, 0x0F
    .byte   0x01, 0x00, 0x00, 0x1F, 0x00, 0x00, 0x00, 0x1F, 0x00, 0x1F, 0x00, 0xF1, 0x01, 0xF0, 0x0F, 0x1F
    .byte   0x01, 0xF1, 0x00, 0x0F, 0x01, 0x00,    0, 0x00, 0xF1, 0xF1, 0x00, 0xF1, 0x0F, 0x1F, 0x10, 0x0F
    .byte   0x1F, 0x2F, 0x0F, 0x0F, 0x3D, 0x55, 0x9D, 0x9D, 0x75, 0x66, 0xAA, 0x8D, 0x77, 0x5A, 0x8B, 0x47
    .byte   0x76, 0x98, 0x83, 0x77, 0x74, 0xA8, 0xA0,  -22, 0x07, 0x53, 0xBA, 0x9D, 0x66, 0x6F, 0xDC, 0x9E
    .byte   0x25, 0x62, 0xAB, 0xC3, 0x64, 0x3C, 0x9C, 0x14, 0x62, 0xDC, 0xC4, 0x45, 0x3B, 0xCC, 0xD4, 0x55
    .byte   0x2C, 0xBD, 0xE4, 0x5E, 0xFC, 0xAF, 0x35, 0x52,   12, 0x0B, 0xC3, 0x44, 0x2D, 0xCC, 0xD4, 0x55
    .byte   0xDD, 0xCC, 0x32, 0x32, 0xD0, 0xEE, 0x4E, 0x12, 0xDF, 0x2F, 0x3F, 0xD0, 0xEF, 0x30, 0xFE, 0xD0
    .byte   0x22, 0x30, 0xD0, 0xE0, 0x31, 0x11, 0xEE, 0xF0, 0x22,    5, 0x0E, 0x1F, 0xF1, 0xF1, 0x1F, 0xFF
    .byte   0x01, 0x10, 0x11, 0xFF, 0x00, 0xF0, 0xE2, 0x11, 0x10, 0xE2, 0x00, 0x10, 0xE1, 0xE0, 0x21, 0x0F
    .byte   0xF1, 0xF1, 0x1E, 0x0F, 0xF0, 0x21, 0x10, 0xEF, 0xFF, 0x2E,   -5, 0x00, 0xFF, 0x00, 0x20, 0xFF
    .byte   0xFF, 0x1F, 0x01, 0xFF, 0xF1, 0x21, 0x11, 0x0F, 0x20, 0x22, 0x01, 0x0F, 0x32, 0x11, 0xEF, 0x21
    .byte   0x2E, 0xEE, 0xDE, 0x02, 0x20, 0xDE, 0xEE, 0x21, 0x1F, 0xED, 0xFF,  -16, 0x02, 0xEE, 0xDD, 0xEE
    .byte   0xF0, 0xED, 0xDE, 0x33, 0x35, 0x53, 0x50, 0x34, 0xF3, 0x4E, 0xED, 0xBD, 0xEC, 0x1D, 0xCD, 0xCD
    .byte   0x2F, 0x32, 0xF3, 0x32, 0x44, 0x24, 0x0F, 0x3D, 0xEF, 0xCE, 0xCC, 0xEE,  -27, 0x00, 0xE0, 0x2F
    .byte   0x13, 0x23, 0x1F, 0x0E, 0xED, 0xEE, 0xDD, 0xCC, 0xCE, 0x14, 0x46, 0x65, 0x54, 0x34, 0xD3, 0x3D
    .byte   0x1B, 0xAC, 0xBE, 0xEC, 0xED, 0xCF, 0x23, 0x54, 0x44, 0x23, 0x33, 0x30, 0xDD,   36, 0x0C, 0xDE
    .byte   0xDD, 0xDD, 0xD0, 0x23, 0x33, 0x33, 0x22, 0x11, 0x0D, 0xEC, 0xDD, 0xDC, 0xDC, 0xCC, 0xEE, 0x34
    .byte   0x44, 0x67, 0x66, 0x33, 0x1D, 0xCD, 0xCB, 0xBB, 0xBC, 0xDE, 0x23, 0x42, 0x34, 0x45,   51, 0x04
    .byte   0x32, 0xEC, 0xCC, 0xDC, 0xCD, 0xDE, 0xE1, 0x13, 0x33, 0x33, 0x33, 0x33, 0x12, 0xED, 0xCC, 0xCC
    .byte   0xCD, 0xCF, 0xEF, 0x32, 0x32, 0x1D, 0xEE, 0x13, 0x34, 0x66, 0x55, 0x31, 0xDB, 0xBD, 0xCC,   -9
    .byte   0x0C, 0xDE, 0xE2, 0x44, 0x43, 0x33, 0x23, 0xFF, 0x2E, 0xDC, 0xCC, 0xDE, 0xE2, 0x32, 0x22, 0x20
    .byte   0x32, 0x22, 0x10, 0xEE, 0xEF, 0xFF, 0xED, 0xDD, 0xCE, 0xEE, 0x02, 0x02, 0x20, 0x2F, 0xDD, 0xCC
    .byte    -87, 0x01, 0x36, 0x77, 0x55, 0x3D, 0xCA, 0xBD, 0xCC, 0xDD, 0xFD, 0xE3, 0x45, 0x53, 0x33, 0xEE
    .byte   0xDD, 0xFE, 0xDC, 0xCE, 0xDE, 0x23, 0x33, 0x21, 0x21, 0xFF, 0x12, 0x2E, 0xE1, 0xF0, 0xFF, 0xFE
    .byte   0xDD,  -26, 0x0E, 0xEE, 0xE1, 0x12, 0x10, 0x1E, 0xCC, 0xCC, 0xF3, 0x45, 0x77, 0x65, 0x4E, 0xCB
    .byte   0xAB, 0xBC, 0xDD, 0x2F, 0x13, 0x45, 0x54, 0x42, 0xED, 0xCC, 0xDE, 0xDD, 0xEE, 0xEF, 0xE2, 0x33
    .byte   0x31, 0x00,    7, 0x0E, 0xE1, 0x22, 0x22, 0x11, 0x0D, 0xEF, 0xDE, 0xDF, 0xDE, 0xE0, 0x21, 0xF0
    .byte   0xEE, 0xED, 0xDD, 0xDD, 0xE3, 0x46, 0x77, 0x55, 0x2D, 0xCA, 0xAA, 0xBD, 0xE3, 0x33, 0x33, 0x45
    .byte   0x44, 0x4F, 0xDB,   24, 0x0B, 0xCD, 0x11, 0x33, 0x10, 0x21, 0x22, 0x22, 0x11, 0xDD, 0xED, 0x23
    .byte   0x33, 0x32, 0xED, 0xDD, 0xDD, 0xEE, 0x0F, 0xF1, 0x11, 0x0F, 0xED, 0xED, 0xCD, 0xED, 0x22, 0x35
    .byte   0x77, 0x56, 0x3F, 0xDA,   32, 0x0A, 0xAC, 0xE3, 0x44, 0x24, 0x34, 0x44, 0x33, 0x1C, 0xBB, 0xBC
    .byte   0xE1, 0x34, 0x40, 0xF0, 0xEE, 0xF2, 0x32, 0xFE, 0xDE, 0xE1, 0x33, 0x43, 0x1E, 0xDC, 0xCC, 0xDE
    .byte   0x21, 0x22, 0x21, 0x1E, 0xEE,  -39, 0x0D, 0xDC, 0xDE, 0xE1, 0x24, 0x57, 0x75, 0x54, 0xEC, 0xAA
    .byte   0xAA, 0xDD, 0x35, 0x44, 0x34, 0x33, 0x32, 0x3E, 0xDB, 0xBC, 0xCD, 0x23, 0x44, 0x22, 0xEE, 0xDD
    .byte   0x02, 0x32, 0x0F, 0xFF, 0xE1, 0x33,   30, 0x02, 0xED, 0xDC, 0xCD, 0x12, 0x02, 0x20, 0x1E, 0xFF
    .byte   0xED, 0xCE, 0xDC, 0xDE, 0x03, 0x35, 0x47, 0x65, 0x54, 0xFC, 0xAA, 0xAA, 0xC0, 0x35, 0x44, 0x44
    .byte   0x33, 0xE1, 0x1D, 0xDC, 0xCD, 0xDE, 0x03,    5, 0x03, 0x22, 0xDE, 0xCD, 0xF0, 0x33, 0x22, 0x21
    .byte   0x00, 0x12, 0x12, 0xED, 0xED, 0xDD, 0x00, 0xF1, 0x10, 0x10, 0xEF, 0xED, 0xDD, 0xDD, 0xCF, 0x12
    .byte   0x34, 0x56, 0x65, 0x54, 0x1D, 0xAA, 0xBA, 0xDE,  -42, 0x05, 0x54, 0x53, 0x3E, 0xDE, 0xED, 0xDC
    .byte   0xED, 0xDE, 0xF2, 0x33, 0x22, 0x1E, 0xDD, 0xEE, 0x22, 0x33, 0x22, 0xEE, 0x00, 0xE2, 0xFF, 0xFD
    .byte   0xEE, 0xEE, 0xF1, 0x10, 0xEF, 0xEF, 0xDD, 0xEE, 0xDD,  -74, 0x0E, 0x10, 0x24, 0x45, 0x55, 0x54
    .byte   0x31, 0xCB, 0xBA, 0xCF, 0x14, 0x55, 0x44, 0x2E, 0xDD, 0xDD, 0x0D, 0xDE, 0xED, 0xEF, 0x12, 0x32
    .byte   0x11, 0xEE, 0xDE, 0x1F, 0x33, 0x21, 0x20, 0xFE, 0x01, 0x00,   10, 0x0F, 0xEE, 0xDF, 0xFE, 0xE1
    .byte   0x1E, 0xEE, 0xE0, 0xDD, 0xEF, 0xED, 0xD2, 0x03, 0x24, 0x44, 0x54, 0x54, 0x21, 0xBB, 0xCB, 0xDE
    .byte   0x35, 0x55, 0x33, 0x1D, 0xDD, 0xDD, 0xDE, 0xEE, 0xFD, 0xE1, 0xF1,   -1, 0x02, 0x20, 0xEE, 0xEE
    .byte   0x01, 0x32, 0x13, 0xE0, 0xFF, 0x0F, 0x21, 0xFE, 0xEE, 0xEE, 0xEF, 0x0F, 0xEE, 0xFE, 0xDE, 0xE0
    .byte   0xDD, 0xFE, 0xEE, 0x12, 0x32, 0x43, 0x55, 0x34, 0x42, 0xEB, 0xDD, 0xCE,   -1, 0x04, 0x52, 0x43
    .byte   0x1E, 0xCE, 0xFD, 0xED, 0x11, 0xDD, 0xEE, 0xFD, 0x03, 0x2F, 0x12, 0x0D, 0xF1, 0x02, 0x11, 0x2F
    .byte   0xE1, 0x11, 0x22, 0x2E, 0xFD, 0xDE, 0xEE, 0x02, 0xFF, 0xEE, 0xDD, 0xDE, 0x21,  -55, 0x01, 0xED
    .byte   0xDE, 0x13, 0x35, 0x34, 0x53, 0x34, 0x22, 0xCD, 0x1C, 0xD2, 0x24, 0x32, 0x42, 0x2E, 0xD2, 0xEC
    .byte   0xFE, 0xDD, 0xDE, 0x0D, 0xFF, 0x30, 0xE2, 0x2F, 0xE1, 0x10, 0xE0, 0x11, 0xFF, 0x12,    2, 0x02
    .byte   0x20, 0x1E, 0xEE, 0xEE, 0xEE, 0x0E, 0xFF, 0xEE, 0xEE, 0xFD, 0xE0, 0xED, 0xFE, 0xFF, 0x04, 0x33
    .byte   0x33, 0x44, 0x34, 0x41, 0xEC, 0xED, 0xD0, 0x33, 0x42, 0x32, 0xF0, 0xDE, 0x2D, 0xEE, 0xEE,   13
    .byte   0x0E, 0xFD, 0x01, 0xE3, 0x1E, 0x21, 0x0E, 0x12, 0xED, 0x0F, 0x01, 0x13, 0x2F, 0xEE, 0x0F, 0xD2
    .byte   0x2F, 0xEE, 0xFD, 0xEE, 0xEE, 0xFE, 0xE0, 0x2E, 0x0F, 0xED, 0xD1, 0xE2, 0x23, 0x52, 0x32, 0x14
    .byte     15, 0x03, 0x43, 0x2E, 0xCF, 0xDE, 0x32, 0x43, 0xF2, 0xEF, 0xEE, 0x2F, 0xEF, 0xDD, 0xFD, 0xEF
    .byte   0xE1, 0xF1, 0x2D, 0x12, 0xF0, 0xE0, 0x2D, 0x01, 0x21, 0xDF, 0x0E, 0xEF, 0x32, 0xEE, 0x0E, 0xDE
    .byte   0xF2,  -28, 0x0E, 0xEF, 0xEE, 0x03, 0x1E, 0xFE, 0xDD, 0xE2, 0x23, 0x22, 0x3E, 0x23, 0x32, 0x33
    .byte   0x40, 0x13, 0x10, 0xE0, 0x3E, 0x03, 0x22, 0xD3, 0x2E, 0xFE, 0x2F, 0xDE, 0xEF, 0xDE, 0x2E, 0xF2
    .byte   0x0E, 0xDD,    6, 0x0F, 0xD1, 0x22, 0xFD, 0x2F, 0xD0, 0x11, 0x1D, 0x12, 0xFE, 0xF1, 0xFE, 0x0F
    .byte   0xEE, 0xEF, 0x0E, 0x22, 0xEE, 0x0F, 0xE1, 0x1E, 0x2E, 0x01, 0x23, 0x13, 0x32, 0x2E, 0xE3, 0x23
    .byte   0x43, 0x2E, 0xD1,   28, 0x03, 0x12, 0x4D, 0xD2, 0x11, 0x21, 0x3E, 0xCE, 0xD1, 0x0E, 0x40, 0xED
    .byte   0xD2, 0xDE, 0x3E, 0xE0, 0xD2, 0xEE, 0x1F, 0xFD, 0xEF, 0xF1, 0x11, 0x20, 0xDF, 0xEE, 0xEE, 0x02
    .byte   0xF0, 0x01, 0x0F, 0x11,  -35, 0x0F, 0xD1, 0x2E, 0x13, 0x21, 0x13, 0xF1, 0x10, 0x3D, 0xF3, 0x32
    .byte   0xD0, 0x40, 0x33, 0x42, 0xC0, 0x03, 0x10, 0x31, 0xEC, 0xE4, 0xF3, 0x12, 0xDC, 0xD0, 0x20, 0x03
    .byte   0xFD, 0xD1, 0x2D, 0xEF, 0xFF,  -10, 0x01, 0x3D, 0x0E, 0x1E, 0xD1, 0xE2, 0x1D, 0x3F, 0xDE, 0x01
    .byte   0x0F, 0x1F, 0xFE, 0xF3, 0x11, 0x11, 0x10, 0x10, 0x20, 0x11, 0x22, 0xF2, 0xF1, 0x31, 0x21, 0x1F
    .byte   0x1F, 0x03, 0x1E, 0x32, 0x22, 0xE1,   29, 0x0D, 0x01, 0x03, 0xF0, 0x2E, 0x2F, 0xF0, 0xFE, 0xEF
    .byte   0xEE, 0xF3, 0x3F, 0x00, 0xED, 0xDE, 0x2F, 0x01, 0x0E, 0x10, 0xE2, 0x1F, 0xED, 0xDF, 0xEF, 0x32
    .byte   0xEE, 0xEE, 0x23, 0x01, 0x0C, 0xE2, 0x12,  -21, 0x01, 0x1E, 0xF2, 0x32, 0xEF, 0x0C, 0x23, 0x23
    .byte   0x21, 0x2E, 0xE0, 0x0E, 0x3E, 0xD3, 0x12, 0x33, 0xEF, 0xDF, 0x3D, 0x10, 0x12, 0xEF, 0x31, 0x01
    .byte   0xD3, 0xCE, 0x3D, 0x3F, 0x3D, 0x3D, 0xD4, 0xDF,    9, 0x0C, 0x20, 0x02, 0x4D, 0xD2, 0xC2, 0x4D
    .byte   0x1F, 0xB5, 0xDF, 0x5D, 0xD3, 0xB1, 0x3D, 0x5D, 0x3D, 0xD2, 0x2F, 0x3C, 0x3C, 0x3D, 0x53, 0xA7
    .byte   0x95, 0xD3, 0x1D, 0x59, 0x7A, 0x43, 0xC5, 0x97, 0xB3,   27, 0x09, 0x79, 0x5F, 0xD5, 0xB5, 0xB4
    .byte   0xD2, 0x3F, 0xDE, 0x2B, 0x5F, 0xF5, 0xBD, 0x5A, 0x53, 0xB5, 0xCD, 0x30, 0x22, 0x10, 0xC2, 0x0F
    .byte   0x3F, 0xD3, 0xD0, 0x4D, 0x3E, 0xE2, 0xC3, 0xFF, 0x3C, 0x5B,   -2, 0x03, 0xC5, 0xB3, 0xFF, 0xF3
    .byte   0xFD, 0x4C, 0x23, 0xD2, 0xE2, 0xC5, 0xB5, 0xCD, 0x69, 0x7A, 0x34, 0xB6, 0xA3, 0x2D, 0x4D, 0x10
    .byte   0xE4, 0xB4, 0xFD, 0x4B, 0x6A, 0x5C, 0x23, 0xC5, 0xA6, 0xA5, 0xDD,   12, 0x0B, 0x5C, 0x22, 0xED
    .byte   0x5B, 0x4D, 0x00, 0xF3, 0xC5, 0xB5, 0xB4, 0xDF, 0x3D, 0x3D, 0x5A, 0x6A, 0x5D, 0xE4, 0xB5, 0xB4
    .byte   0xFE, 0x3D, 0xF1, 0x01, 0x2F, 0xD5, 0xA6, 0xB3, 0x3C, 0x4B, 0x5B, 0x5C,    9, 0x0C, 0x2E, 0x2E
    .byte   0x4D, 0x2E, 0xE2, 0xC6, 0xA6, 0xA4, 0xD2, 0x23, 0xC3, 0xC4, 0xE0, 0x3E, 0x0D, 0x4B, 0x6A, 0x6A
    .byte   0x5C, 0x22, 0xE3, 0xC5, 0xA6, 0xB4, 0xD3, 0xC4, 0xC5, 0xA6, 0xCE, 0x5A, 0x79,   24, 0x0A, 0x4E
    .byte   0xE4, 0xC4, 0xC0, 0x11, 0xF4, 0xB5, 0xB4, 0xFF, 0x21, 0xD1, 0x2C, 0x5C, 0x4D, 0xEF, 0x2D, 0x4D
    .byte   0xE3, 0xC3, 0x2D, 0x4E, 0xD4, 0xB5, 0xB4, 0xFF, 0xFE, 0x1E, 0x4D, 0x3C, 0x3D, 0x20,    4, 0x0D
    .byte   0x3D, 0x2F, 0x13, 0xC4, 0xB5, 0xC4, 0xD1, 0x3C, 0x4C, 0x31, 0xE2, 0xEE, 0x3D, 0x3E, 0x2E, 0x2D
    .byte   0x22, 0xE3, 0xD2, 0xE1, 0x01, 0xE3, 0xD3, 0xD2, 0xE0, 0x3D, 0x3D, 0x2E, 0x21, 0xF2, 0xD3,   -2
    .byte   0x0F, 0x3D, 0x3D, 0xF2, 0xE2, 0xF1, 0xE2, 0xFF, 0x20, 0xE2, 0xE2, 0xE2, 0x0F, 0x0E, 0x2E, 0x10
    .byte   0x01, 0x01, 0x2E, 0x2E, 0xFF, 0x2E, 0x11, 0xE2, 0xE3, 0xE2, 0xE0, 0xFE, 0x3D, 0x3E, 0x01, 0xE2
    .byte     -3, 0x03, 0xEF, 0xFE, 0x2F, 0x2F, 0x0E, 0x2F, 0x2F, 0xE2, 0xEF, 0x1F, 0x2F, 0xF1, 0xE2, 0xE2
    .byte   0x1E, 0x01, 0xE3, 0xE2, 0xEF, 0xFE, 0x3D, 0x3E, 0x00, 0x01, 0xE2, 0xE1, 0x10, 0x10, 0x10, 0xF0
    .byte   0xE2,   -3, 0x0E, 0x3E, 0x2E, 0x2F, 0x01, 0xE2, 0xE2, 0xE1, 0x0E, 0x3D, 0x3D, 0x3E, 0xF2, 0xE1
    .byte   0xF0, 0xF2, 0xF2, 0xE1, 0xE1, 0x2E, 0x2E, 0x0F, 0x11, 0x12, 0xD2, 0x1E, 0x3D, 0x3D, 0x2F, 0xF2
    .byte   0xF0, 0x0F,   -4, 0x02, 0x0F, 0x2E, 0xF2, 0xE2, 0x0F, 0x0F, 0xF1, 0x01, 0xFF, 0x0F, 0x20, 0x10
    .byte   0xD3, 0xD2, 0x20, 0xE0, 0x1E, 0x3E, 0x2E, 0xFF, 0xE3, 0xD3, 0xEE, 0x3D, 0x3E, 0x2F, 0xD2, 0xE3
    .byte   0xE1, 0xE2, 0xE2,    4, 0x0E, 0x2D, 0x3D, 0x21, 0xE3, 0xD3, 0xD3, 0xD3, 0xEF, 0x1D, 0x4C, 0x4D
    .byte   0x01, 0xE2, 0x01, 0x1E, 0x00, 0x2F, 0x2E, 0x11, 0xD3, 0xE1, 0x1E, 0x11, 0x2E, 0x2E, 0xFF, 0x2F
    .byte   0xF2, 0xE2, 0xE2, 0xE2,   -1, 0x01, 0x1F, 0x1F, 0x1E, 0x3D, 0x20, 0xE2, 0x1E, 0x2F, 0x10, 0xE2
    .byte   0xF0, 0x00, 0xE2, 0xE2, 0x1E, 0x2E, 0x10, 0x01, 0x00, 0x2D, 0x22, 0xD3, 0xEE, 0x2E, 0x20, 0x20
    .byte   0xE1, 0xFE, 0x3D, 0x2F, 0x02,   -3, 0x03, 0xE2, 0xEE, 0x2D, 0x3E, 0xF2, 0xE2, 0xF1, 0x1E, 0x2E
    .byte   0x11, 0xE2, 0x1F, 0x2E, 0x2F, 0xF2, 0xD3, 0xD0, 0x11, 0xF2, 0xFE, 0x2F, 0xF2, 0x0E, 0x1F, 0xF2
    .byte   0xE2, 0xE2, 0xE0, 0x12, 0x0E, 0x2E,   -2, 0x01, 0x1F, 0x2D, 0x2F, 0x22, 0xE1, 0xE2, 0xE3, 0xDF
    .byte   0x2D, 0x3E, 0x23, 0xC3, 0xE0, 0x2E, 0x1E, 0x2F, 0x01, 0xE3, 0xD2, 0x2D, 0x3E, 0x01, 0xE2, 0xE2
    .byte   0x2D, 0x3E, 0x0F, 0x1F, 0xE2, 0xF0, 0x3D,    4, 0x0F, 0xD3, 0xE1, 0xFF, 0x10, 0x12, 0xE2, 0xE0
    .byte   0xFF, 0x2E, 0x2E, 0x02, 0xFF, 0x2D, 0x2E, 0x22, 0xE3, 0xDF, 0x3D, 0x22, 0xD3, 0xD1, 0x20, 0x1E
    .byte   0xF1, 0xF2, 0x1E, 0x0E, 0x11, 0x21, 0xE3, 0xD1,    2, 0x0F, 0x1F, 0x0E, 0xF2, 0xE2, 0x1F, 0xF0
    .byte   0xF2, 0x1E, 0x1E, 0x2E, 0x22, 0xD3, 0xD2, 0x10, 0x2F, 0xE2, 0xD3, 0xE0, 0x2E, 0x1E, 0x2F, 0x21
    .byte   0xEF, 0x0F, 0x20, 0xE2, 0xE1, 0x2D, 0x4D, 0xE2, 0xE2,    4, 0x0E, 0xF2, 0xD3, 0xEF, 0x3D, 0x22
    .byte   0xD3, 0xD0, 0x2E, 0x20, 0xE2, 0x1E, 0x2F, 0xE3, 0xD1, 0x2E, 0x3D, 0x12, 0xE1, 0x0F, 0x02, 0xD2
    .byte   0x1F, 0x3D, 0x2E, 0x10, 0x10, 0x0F, 0x02, 0xE3, 0xD2, 0xE0,   -1, 0x00, 0x1F, 0x01, 0xE2, 0x0F
    .byte   0x2D, 0x3E, 0x10, 0x0F, 0xF2, 0xE2, 0x1E, 0x2F, 0xFF, 0xF2, 0xE1, 0xF0, 0x10, 0xF2, 0xE0, 0xFF
    .byte   0x20, 0x02, 0xE0, 0x2D, 0x3E, 0xFF, 0xFF, 0x2E, 0x2E, 0xF3, 0xD3,    5, 0x0D, 0x3D, 0x12, 0xF2
    .byte   0xE1, 0xD4, 0xC4, 0xDF, 0x3C, 0x3F, 0xF2, 0xEF, 0x2E, 0x2F, 0x1F, 0xF1, 0xF0, 0x2E, 0x2E, 0x02
    .byte   0xFF, 0x0E, 0x11, 0xE3, 0xD2, 0x2E, 0x2E, 0x10, 0x1F, 0x11, 0xE3, 0xD1,    0, 0x0F, 0xFF, 0x2E
    .byte   0x2F, 0x1F, 0x10, 0x0E, 0x2E, 0x21, 0xE2, 0x1E, 0x2F, 0xF0, 0xF0, 0xE2, 0xF2, 0xE0, 0x01, 0x01
    .byte   0xF0, 0x0F, 0x02, 0xE2, 0xD2, 0x1E, 0x3E, 0x00, 0xFF, 0x2F, 0xF0, 0xE2, 0x0E,    4, 0x0D, 0x20
    .byte   0x11, 0xF0, 0xF0, 0x01, 0xF2, 0xF1, 0xE2, 0xFF, 0x2D, 0x2F, 0xE3, 0xD3, 0xE1, 0x0F, 0x0E, 0x3D
    .byte   0x3E, 0xE3, 0xD3, 0xD2, 0xF1, 0xFF, 0x2E, 0x10, 0xFF, 0x01, 0x2E, 0x2E, 0x10, 0x00,    3, 0x0E
    .byte   0xF2, 0xE2, 0xFF, 0x00, 0xF2, 0xE1, 0x1E, 0x2F, 0x02, 0xD2, 0xFF, 0x2F, 0x2E, 0x10, 0x01, 0x0F
    .byte   0x0F, 0x0F, 0x01, 0xE2, 0xE2, 0x2E, 0x1E, 0x11, 0xF2, 0x0E, 0x2F, 0x2E, 0x00, 0xE2, 0xE2,    2
    .byte   0x0E, 0x1F, 0x12, 0xE2, 0xE0, 0x1F, 0x02, 0xE2, 0xE1, 0x11, 0x1E, 0x00, 0x01, 0x10, 0xE1, 0x11
    .byte   0x11, 0xEF, 0x2E, 0x3E, 0xFF, 0xE2, 0xF2, 0xE2, 0xD2, 0x2E, 0x3D, 0x00, 0xF1, 0x20, 0x1E, 0xE2
    .byte      3, 0x0F, 0x2E, 0xE0, 0xF2, 0x00, 0xEF, 0x11, 0x22, 0xD2, 0xE0, 0x2F, 0x2F, 0xE0, 0x1F, 0x2F
    .byte   0xFE, 0x01, 0x12, 0xE1, 0xE2, 0xF2, 0xF0, 0xE1, 0x11, 0x10, 0xE1, 0x11, 0x00, 0x2D, 0x3D, 0x21
    .byte   0xE2,   -1, 0x0F, 0x11, 0x2E, 0x00, 0xE3, 0xD2, 0x00, 0x10, 0x1E, 0x2F, 0x01, 0xE2, 0xEF, 0x2E
    .byte   0x21, 0xE2, 0xFE, 0x2F, 0x10, 0xE2, 0xF0, 0x2E, 0x1E, 0x11, 0x02, 0xE1, 0xE0, 0x21, 0x10, 0xE1
    .byte   0xF2, 0x1F,    1, 0x0E, 0x10, 0x20, 0xE2, 0xD2, 0x2F, 0x2E, 0xF0, 0x1E, 0x3E, 0x0E, 0x12, 0xF1
    .byte   0xFF, 0xF2, 0xE2, 0xE0, 0x01, 0xE2, 0x0F, 0x2E, 0xF3, 0xD2, 0x0E, 0x2E, 0x10, 0x2E, 0x2E, 0x02
    .byte   0xE0, 0x01, 0xE2,   -1, 0x0F, 0x3D, 0x2E, 0x02, 0xE2, 0xE2, 0xE2, 0x10, 0xEF, 0x0E, 0x3D, 0x3F
    .byte   0xE3, 0xD2, 0x01, 0xD2, 0xFF, 0x3D, 0x3D, 0x30, 0xE2, 0xEE, 0x1F, 0xF3, 0xD2, 0x2D, 0x3E, 0x10
    .byte   0xE1, 0x01, 0x20, 0xF1,   -3, 0x02, 0xF2, 0xE0, 0xEF, 0x3E, 0x2E, 0x0E, 0x12, 0x1F, 0x0F, 0xF1
    .byte   0x01, 0xE1, 0x02, 0xE3, 0xD2, 0xFE, 0x22, 0xEF, 0x1D, 0x3D, 0x30, 0x1E, 0x2E, 0x22, 0xC4, 0xC3
    .byte   0x2D, 0x4D, 0xE3, 0xD1, 0x3D,   -3, 0x02, 0xD3, 0x1E, 0x2F, 0xE2, 0xE3, 0xD1, 0x2D, 0x3E, 0xE3
    .byte   0xD3, 0xFF, 0x1E, 0x2D, 0x3E, 0x12, 0xD3, 0x0E, 0x3D, 0xFF, 0x10, 0x11, 0xE3, 0xE2, 0xE1, 0xFD
    .byte   0x4C, 0x31, 0xD3, 0x0E, 0x3D, 0x02,   -5, 0x02, 0x2E, 0xF2, 0xD3, 0x02, 0xEF, 0xE3, 0xE0, 0xFE
    .byte   0x11, 0xE3, 0xFE, 0x3C, 0x3E, 0x02, 0x1D, 0x31, 0xE3, 0xEE, 0x2D, 0x21, 0xE3, 0xD1, 0x20, 0xE4
    .byte   0xB5, 0xC0, 0x2F, 0x2E, 0xFD, 0x4D, 0x3E,    1, 0x0E, 0x13, 0xE1, 0xDF, 0x20, 0x21, 0xFD, 0x3E
    .byte   0x31, 0xC3, 0xD3, 0x2E, 0x0E, 0xFE, 0x4F, 0xD1, 0xE0, 0x4D, 0x0E, 0x0E, 0x4E, 0xD3, 0xC4, 0xF0
    .byte   0xED, 0x21, 0x2E, 0x1E, 0xF4, 0xD0, 0x3C, 0x22,    2, 0x02, 0xED, 0x3E, 0x3E, 0xEE, 0x2E, 0x22
    .byte   0xC3, 0x22, 0x0E, 0xD3, 0x12, 0xFD, 0xF3, 0x2F, 0xFD, 0x03, 0x1D, 0x3D, 0xE4, 0xC1, 0x4C, 0x3F
    .byte   0xD3, 0xF0, 0x1D, 0x22, 0x12, 0xED, 0x23, 0xF1, 0xEC,   -7, 0x03, 0x13, 0xCE, 0xF3, 0x23, 0xCD
    .byte   0x22, 0x4E, 0xFC, 0xF4, 0x13, 0xCD, 0xE1, 0x5E, 0xDD, 0xD4, 0x41, 0xDC, 0xE3, 0x43, 0xCC, 0xD5
    .byte   0x3F, 0xDC, 0xF4, 0x4D, 0xCF, 0xE4, 0x2D, 0xEE, 0x32, 0x2D,   -7, 0x02, 0x04, 0xDE, 0xE1, 0x31
    .byte   0xED, 0xE3, 0x22, 0xEC, 0x23, 0x31, 0xCD, 0x33, 0x3F, 0xCD, 0x34, 0x2D, 0xCF, 0x33, 0x3C, 0xDF
    .byte   0x33, 0x1D, 0xEE, 0x24, 0xED, 0xD1, 0x33, 0x0D, 0xDF, 0x42, 0xED,  -13, 0x02, 0x33, 0x0C, 0xE2
    .byte   0x33, 0xDD, 0x02, 0x32, 0xDE, 0xE2, 0x3F, 0xEE, 0xF1, 0x21, 0x0E, 0xE2, 0x21, 0x1E, 0xE0, 0x30
    .byte   0xFD, 0xE2, 0x32, 0xDE, 0xF2, 0x3F, 0xEE, 0xE2, 0x21, 0xEE, 0x12, 0x21,    1, 0x0D, 0x22, 0x2F
    .byte   0xEE, 0x12, 0x11, 0xE1, 0x01, 0x2F, 0xFF, 0x1E, 0x10, 0x01, 0xF1, 0xFF, 0x20, 0xE1, 0x01, 0x1E
    .byte   0x12, 0xF0, 0xE0, 0x21, 0x00, 0xE0, 0x21, 0x1E, 0xE1, 0x21, 0xE0, 0x02, 0x0F,   -1, 0x01, 0xF2
    .byte   0x0E, 0x00, 0x20, 0xFE, 0x02, 0x1F, 0xE1, 0x11, 0x0E, 0x11, 0x01, 0xFF, 0x11, 0x10, 0x0E, 0x21
    .byte   0x0F, 0xF1, 0x0F, 0xF0, 0x11, 0x1E, 0x00, 0x12, 0xEF, 0xF1, 0x20, 0xEF, 0x12, 0x1E,   -2, 0x00
    .byte   0x12, 0x0E, 0xF0, 0x20, 0xFE, 0x02, 0x00, 0xFE, 0x22, 0xE1, 0xF1, 0x10, 0x0F, 0x01, 0x1F, 0x0F
    .byte   0x01, 0x1F, 0xF1, 0x01, 0x0E, 0x11, 0x0F, 0xFF, 0xF1, 0xFF, 0xF0, 0x00, 0x00, 0xF1, 0x11,   -4
    .byte   0x0F, 0x01, 0x10, 0x1F, 0x02, 0x01, 0x00, 0x02, 0x0F, 0x01, 0x2F, 0xF0, 0x11, 0xFF, 0xF1, 0x10
    .byte   0x0E, 0x10, 0x00, 0xEF, 0x00, 0xE0, 0xEF, 0x00, 0xE1, 0xE0, 0xFF, 0xFF, 0xF0, 0x0F, 0xF0, 0x1F
    .byte    -24, 0x00, 0x20, 0x1F, 0x33, 0x22, 0x33, 0x23, 0x22, 0x20, 0x20, 0xF0, 0xE1, 0xEE, 0xEE, 0xED
    .byte   0xDD, 0xFD, 0xDE, 0xEE, 0xEE, 0xFE, 0x11, 0x1F, 0x01, 0x1F, 0xEF, 0xFE, 0xEF, 0x1F, 0x22, 0x42
    .byte   0x33,    5, 0x04, 0x31, 0x34, 0x41, 0x12, 0x22, 0xFE, 0xEE, 0xED, 0xCD, 0xDD, 0xDC, 0xEE, 0xED
    .byte   0xEE, 0x12, 0x0F, 0x21, 0x21, 0x01, 0x1F, 0xEE, 0xEE, 0xEE, 0xDF, 0xEF, 0xEE, 0x34, 0x22, 0x34
    .byte   0x43, 0x14,   49, 0x03, 0x3F, 0x33, 0x2F, 0xEE, 0x2E, 0xCD, 0xDD, 0xDC, 0xCE, 0xED, 0xED, 0xE2
    .byte   0x00, 0x12, 0x30, 0xF2, 0x22, 0xFE, 0xFF, 0xEE, 0xED, 0xEE, 0xDE, 0xEE, 0xFF, 0x43, 0x12, 0x44
    .byte   0x4F, 0x35, 0x33,   63, 0x03, 0x32, 0x10, 0x1F, 0xFC, 0xDD, 0xDD, 0xCD, 0xDD, 0xDD, 0xD0, 0x0E
    .byte   0xF1, 0x23, 0x11, 0x13, 0x2F, 0xE1, 0x2F, 0xDE, 0xEE, 0xED, 0xEE, 0xFE, 0xE1, 0x33, 0x12, 0x44
    .byte   0x31, 0x44, 0x43, 0x13,   81, 0x02, 0x01, 0x1F, 0xFD, 0xDD, 0xDD, 0xCC, 0xED, 0xDD, 0xDF, 0xEE
    .byte   0xE1, 0x22, 0x20, 0x22, 0x21, 0x10, 0x10, 0xFE, 0xEE, 0xEE, 0xED, 0x0E, 0xEE, 0x33, 0x21, 0x34
    .byte   0x41, 0x24, 0x43, 0x32, 0x42,   81, 0x00, 0x21, 0x0D, 0xDE, 0xEC, 0xDC, 0xDE, 0xCD, 0xED, 0xFE
    .byte   0xEE, 0x22, 0x1F, 0x22, 0x21, 0x02, 0x2F, 0xEF, 0xFF, 0xED, 0xFE, 0xEE, 0xEF, 0xF3, 0x3E, 0x24
    .byte   0x33, 0x23, 0x44, 0x21, 0x43, 0x21,   77, 0x02, 0x2E, 0xDE, 0xED, 0xDC, 0xDE, 0xCD, 0xDE, 0xEE
    .byte   0xEE, 0xF1, 0x10, 0x12, 0x21, 0x01, 0x20, 0xFF, 0xF1, 0xEE, 0xEE, 0xEF, 0xEF, 0xE0, 0x33, 0xE3
    .byte   0x34, 0x3E, 0x35, 0x23, 0x13, 0x42, 0xE2,   82, 0x00, 0xED, 0xEF, 0xDC, 0xCE, 0xEC, 0xDD, 0xEE
    .byte   0xED, 0x11, 0x01, 0xF2, 0x21, 0x2F, 0x22, 0xFF, 0x00, 0x0E, 0xEF, 0xED, 0x0E, 0xFE, 0x12, 0x32
    .byte   0x13, 0x34, 0x02, 0x44, 0x22, 0x33, 0x30, 0x12,   80, 0x0E, 0xED, 0xFD, 0xDD, 0xCE, 0xDD, 0xDD
    .byte   0xFE, 0xDF, 0xFF, 0x10, 0x12, 0x21, 0x11, 0x21, 0xF0, 0x10, 0xFE, 0xFE, 0xEE, 0xEE, 0x1E, 0xF3
    .byte   0x30, 0x23, 0x33, 0xF4, 0x42, 0x33, 0x33, 0x11, 0x22,   78, 0x0E, 0xED, 0xFD, 0xDD, 0xDD, 0xDC
    .byte   0xEE, 0xDE, 0xEF, 0xFF, 0xF1, 0x12, 0x12, 0x02, 0x11, 0x01, 0x0F, 0x0E, 0xFF, 0xDF, 0xEF, 0xFE
    .byte   0x03, 0x3E, 0x33, 0x33, 0xE4, 0x43, 0x23, 0x33, 0x10, 0x22,   77, 0x0E, 0xEE, 0xED, 0xCD, 0xED
    .byte   0xDC, 0xEE, 0xED, 0xEF, 0x0E, 0x11, 0x22, 0x01, 0x20, 0x2F, 0x11, 0x10, 0xFF, 0xEF, 0xEE, 0xEF
    .byte   0xFE, 0x02, 0x31, 0x23, 0x33, 0x03, 0x43, 0x23, 0x33, 0x21, 0x13,   76, 0x00, 0xDE, 0xFD, 0xDD
    .byte   0xCE, 0xDD, 0xDE, 0xED, 0xEE, 0x1F, 0xE2, 0x12, 0x11, 0x21, 0x21, 0x11, 0x11, 0xF0, 0xEF, 0xFD
    .byte   0xEE, 0x0F, 0xEF, 0x23, 0xF2, 0x34, 0x20, 0x34, 0x32, 0x33, 0x32, 0x12,   78, 0x0E, 0xEE, 0xEE
    .byte   0xDD, 0xCE, 0xDD, 0xDD, 0xEE, 0xDE, 0x00, 0xF0, 0x02, 0x21, 0x22, 0x12, 0x1F, 0x11, 0x1F, 0xFF
    .byte   0xEE, 0xEE, 0xEE, 0xE0, 0xF0, 0x32, 0x03, 0x33, 0x21, 0x44, 0x22, 0x34, 0x20,   70, 0x02, 0x0F
    .byte   0xED, 0xFD, 0xDD, 0xCE, 0xDD, 0xDD, 0xFF, 0xDE, 0x11, 0x01, 0x22, 0x21, 0x22, 0x12, 0x11, 0x11
    .byte   0xFE, 0xFF, 0xEE, 0xEE, 0xDE, 0xF0, 0xEF, 0x32, 0x22, 0x33, 0x4E, 0x34, 0x32, 0x33,   67, 0x01
    .byte   0x02, 0x0F, 0xEE, 0xDE, 0xDD, 0xDC, 0xED, 0xDD, 0xEF, 0xEE, 0xF2, 0x0F, 0x22, 0x22, 0x22, 0x22
    .byte   0xF0, 0x10, 0xFE, 0xFE, 0xEE, 0xEE, 0xED, 0xFE, 0xFF, 0x01, 0x33, 0xF4, 0x33, 0x3F, 0x44,   46
    .byte   0x02, 0x33, 0x2F, 0xF2, 0xEE, 0xED, 0xDE, 0xDC, 0xDD, 0xED, 0xDE, 0xEF, 0xEF, 0x03, 0x11, 0x23
    .byte   0x22, 0x22, 0x2F, 0x0E, 0x00, 0xEE, 0xEE, 0xEE, 0xEE, 0xED, 0xFE, 0xFF, 0x01, 0x14, 0x32, 0x34
    .byte     14, 0x02, 0x24, 0x33, 0x12, 0x32, 0xEF, 0x0E, 0xED, 0xDD, 0xDD, 0xDC, 0xEE, 0xED, 0xEF, 0x20
    .byte   0xE2, 0x32, 0x21, 0x33, 0x02, 0x02, 0x1E, 0xFE, 0xEE, 0xED, 0x0D, 0xEE, 0xDF, 0xEF, 0xEE, 0x11
    .byte   0x21,  -42, 0x04, 0x32, 0x33, 0x43, 0x23, 0x33, 0x0E, 0x32, 0x1D, 0xEF, 0xED, 0xCE, 0xDE, 0xDC
    .byte   0xEF, 0xEE, 0xD2, 0x21, 0x2F, 0x33, 0x20, 0x32, 0x30, 0xE1, 0x0F, 0xED, 0xEE, 0xDE, 0xDE, 0xEE
    .byte   0xEE, 0x0E,  -50, 0x0F, 0xFF, 0x22, 0x22, 0x34, 0x32, 0x42, 0x42, 0xE4, 0x22, 0xEE, 0x30, 0xDE
    .byte   0xEE, 0xED, 0xC1, 0xDE, 0xDD, 0xF0, 0xE1, 0xE2, 0x22, 0x22, 0x32, 0x22, 0x12, 0x10, 0xEE, 0xFD
    .byte   0xEE, 0xDE, 0xDE,  -35, 0x0E, 0xEF, 0xF1, 0x00, 0x11, 0x11, 0x02, 0x22, 0x22, 0x43, 0x13, 0x34
    .byte   0xFE, 0x23, 0x20, 0xD2, 0x2F, 0xDE, 0xEF, 0xED, 0xDF, 0xEE, 0xDD, 0x20, 0x0E, 0x03, 0x21, 0x03
    .byte   0x22, 0x0F, 0x2E, 0x1E,    6, 0x0E, 0xEE, 0xED, 0xEE, 0xEE, 0xEF, 0xF0, 0x02, 0x02, 0x02, 0x11
    .byte   0x00, 0x21, 0x1F, 0x33, 0x31, 0x13, 0x33, 0xE1, 0x23, 0x2E, 0xF2, 0x0E, 0xEE, 0xE0, 0xDD, 0xFD
    .byte   0x1D, 0xD0, 0x01, 0xFF, 0x13,   -2, 0x01, 0x20, 0x30, 0x20, 0xEF, 0x0E, 0xED, 0x0E, 0xEE, 0xDF
    .byte   0xFF, 0xE0, 0xF0, 0x21, 0x20, 0x22, 0x11, 0xF1, 0xFE, 0xFF, 0x20, 0x13, 0x32, 0x03, 0x33, 0xEE
    .byte   0x43, 0xEE, 0x03, 0xFD, 0xE0, 0xFD,   14, 0x0E, 0x1D, 0xDE, 0xE2, 0xEF, 0x11, 0x22, 0x23, 0x12
    .byte   0x12, 0x21, 0xD1, 0x0E, 0xDD, 0xFF, 0xDE, 0xE0, 0x1E, 0x00, 0x20, 0x21, 0x12, 0x1F, 0x11, 0x1F
    .byte   0xEE, 0xFE, 0xFF, 0x0F, 0x22, 0x43, 0x12,   21, 0x04, 0x2E, 0x23, 0x20, 0xDF, 0x2F, 0xDD, 0xDF
    .byte   0xDD, 0xEE, 0xDF, 0xF0, 0xFF, 0x23, 0x21, 0x23, 0x32, 0xE1, 0x02, 0xED, 0xEE, 0xEE, 0xDE, 0xEE
    .byte   0xF0, 0xF0, 0x02, 0x22, 0x01, 0x22, 0x0E, 0x01,  -11, 0x0E, 0xEE, 0xFE, 0xEE, 0xEE, 0x22, 0x12
    .byte   0x34, 0x43, 0x23, 0x43, 0x00, 0x12, 0xFE, 0xDD, 0xFD, 0xDD, 0xDE, 0xD0, 0xED, 0xF0, 0x32, 0x01
    .byte   0x33, 0x31, 0x22, 0x11, 0x1E, 0xDE, 0xE0, 0xDC, 0xF0,  -21, 0x0E, 0xE1, 0x22, 0x21, 0x03, 0x22
    .byte   0xFF, 0x01, 0x0D, 0xEE, 0xEE, 0xDE, 0xEF, 0xEE, 0x11, 0x22, 0x22, 0x34, 0x23, 0x44, 0x22, 0x23
    .byte   0x2E, 0xDE, 0x2D, 0xDD, 0xDE, 0xEE, 0xED, 0xE2, 0x21, 0xE0,   -1, 0x03, 0x2F, 0x22, 0x22, 0xFF
    .byte   0xEE, 0x0E, 0xDE, 0xED, 0x0F, 0x0E, 0xF2, 0x22, 0x2F, 0x22, 0x2F, 0xFF, 0xFE, 0xFE, 0xED, 0xEF
    .byte   0xED, 0xEE, 0x11, 0xE0, 0x12, 0x23, 0x12, 0x23, 0x22, 0x22, 0x22,   23, 0x02, 0x2F, 0x02, 0x2E
    .byte   0xDF, 0x2F, 0xDE, 0x01, 0xFE, 0xF1, 0xFF, 0x20, 0x0E, 0x12, 0x1E, 0xF0, 0x20, 0xEE, 0x00, 0xFE
    .byte   0xF0, 0xFE, 0xF1, 0x3E, 0xE2, 0x32, 0xEE, 0x12, 0xFD, 0xE1, 0xEE, 0xE1,  -19, 0x0E, 0xF1, 0x0D
    .byte   0xF0, 0x2F, 0xE0, 0x22, 0x0F, 0x02, 0x02, 0x0F, 0xF0, 0x31, 0x12, 0x33, 0x33, 0x01, 0x23, 0x2E
    .byte   0xDE, 0x1F, 0xDE, 0xEF, 0xE1, 0xFF, 0xE0, 0x22, 0x0F, 0x01, 0x22, 0xFE, 0xE0,   12, 0x0F, 0xEE
    .byte   0xEE, 0xF0, 0x0E, 0x01, 0x22, 0xF0, 0x12, 0x2F, 0xEF, 0x01, 0xFE, 0xDF, 0x01, 0xEE, 0xE0, 0x20
    .byte   0xEE, 0x01, 0x2F, 0xE0, 0x12, 0x0F, 0x0F, 0x02, 0x11, 0xEF, 0x23, 0x11, 0x32, 0x33,   31, 0x02
    .byte   0x11, 0x12, 0xFD, 0xEE, 0xFE, 0xEE, 0xE0, 0x01, 0x2E, 0xF0, 0x32, 0x0E, 0xE0, 0x2F, 0xEE, 0xEE
    .byte   0xE1, 0x00, 0xDF, 0x22, 0x2E, 0x02, 0x30, 0xF1, 0x0F, 0xF0, 0x0E, 0xEE, 0x11, 0xEE, 0xE0,  -17
    .byte   0x0F, 0xFF, 0x00, 0x00, 0x10, 0xE0, 0x11, 0xEE, 0x01, 0x2F, 0xFF, 0x22, 0x12, 0x11, 0x22, 0x33
    .byte   0xF2, 0x33, 0x1F, 0x11, 0x0E, 0xEE, 0xEE, 0xE1, 0xF0, 0xE1, 0x20, 0xF0, 0x11, 0x1E, 0x01, 0xEE
    .byte      5, 0x01, 0xFE, 0xEF, 0xFF, 0xF0, 0xFF, 0x12, 0x21, 0xF0, 0x20, 0x21, 0x1E, 0xDE, 0xE3, 0x2D
    .byte   0xEF, 0x22, 0xFE, 0xEE, 0x10, 0x11, 0xEE, 0x02, 0x2F, 0xDE, 0x1F, 0xF1, 0x21, 0xEF, 0x23, 0x2F
    .byte   0xE1,   -6, 0x02, 0x20, 0x12, 0x32, 0x13, 0x10, 0xE1, 0x2E, 0xFE, 0x1D, 0x10, 0x11, 0xEF, 0x12
    .byte   0xFE, 0xFF, 0x0E, 0x0F, 0x0F, 0xEF, 0x01, 0x1E, 0xFF, 0xF0, 0x1F, 0xF1, 0xF2, 0x22, 0x0F, 0xE1
    .byte   0x2F, 0xFE,   -2, 0x0F, 0xEE, 0x13, 0x10, 0xDF, 0x01, 0x00, 0xED, 0x12, 0x21, 0xEE, 0xE2, 0x2F
    .byte   0xED, 0x21, 0x21, 0x20, 0x11, 0x22, 0x1E, 0xF1, 0x22, 0x22, 0x01, 0x13, 0x32, 0xEE, 0x01, 0x2F
    .byte   0xEE, 0xFE, 0xE2,   17, 0x00, 0xEF, 0x11, 0x2E, 0xEF, 0xEF, 0x02, 0x1F, 0xDE, 0x22, 0xFE, 0xF0
    .byte   0xE1, 0x12, 0x1E, 0xE2, 0x22, 0xFE, 0x02, 0xFF, 0xF1, 0xFF, 0xE0, 0x11, 0x0E, 0x0F, 0x01, 0x10
    .byte   0x0E, 0xEF, 0x2F, 0x0E,  -22, 0x00, 0x12, 0x2F, 0xE0, 0x10, 0x11, 0xE1, 0x01, 0x22, 0xFF, 0x12
    .byte   0x30, 0xF1, 0x22, 0x21, 0x13, 0x1E, 0xE0, 0x11, 0xFE, 0xFF, 0xF0, 0x20, 0x0F, 0xFF, 0x10, 0xFE
    .byte   0xEE, 0xF1, 0x2E, 0xFE, 0x01,   -1, 0x00, 0x11, 0xDF, 0x02, 0x21, 0xEF, 0x12, 0x0F, 0xF2, 0x20
    .byte   0xE0, 0x12, 0x1D, 0xE0, 0x10, 0xF0, 0x10, 0xEF, 0x22, 0x1D, 0xEF, 0x10, 0xE0, 0x0F, 0xEF, 0x22
    .byte   0x2F, 0xFE, 0x02, 0xE0, 0xF2, 0x21,  -10, 0x0E, 0x23, 0x2F, 0xE2, 0x22, 0x00, 0x23, 0x1E, 0xE0
    .byte   0x21, 0xEE, 0x02, 0xFE, 0x02, 0x0F, 0xE0, 0x10, 0xEE, 0x01, 0xFE, 0xE2, 0x21, 0xD1, 0x12, 0x1E
    .byte   0xE2, 0xFE, 0x01, 0x2F, 0xE1, 0x22, 0x2F,    7, 0x0F, 0x1F, 0xEF, 0x1F, 0x01, 0xFF, 0xFF, 0x01
    .byte   0x1E, 0xEE, 0x02, 0x0F, 0xFE, 0xFF, 0x01, 0x0F, 0xFF, 0x02, 0x11, 0xFF, 0xEF, 0x01, 0x21, 0x11
    .byte   0x20, 0x22, 0x10, 0x0F, 0x22, 0x1F, 0x22, 0x20,   21, 0x0F, 0xFE, 0x10, 0xFF, 0xE1, 0x02, 0x2E
    .byte   0x1E, 0x1E, 0x0F, 0x0E, 0xFE, 0xF1, 0x21, 0xF0, 0xE1, 0x11, 0x0F, 0xFF, 0xEE, 0x22, 0x10, 0xEF
    .byte   0x23, 0x21, 0xDE, 0x00, 0x2F, 0x0E, 0xEF, 0x02, 0x01,   -2, 0x0E, 0xFF, 0x11, 0xF0, 0xE0, 0xFF
    .byte   0x1E, 0x00, 0x10, 0x11, 0xF1, 0x01, 0x00, 0x00, 0xF0, 0xE2, 0x22, 0x1F, 0xF0, 0x31, 0x10, 0x01
    .byte   0x12, 0x03, 0xF0, 0xE0, 0x01, 0xFF, 0xF0, 0xFF, 0x02, 0x01,   15, 0x0E, 0x1F, 0x0F, 0xE0, 0xEF
    .byte   0x00, 0x10, 0xF0, 0xF1, 0x11, 0x0F, 0xEE, 0x10, 0xF0, 0x20, 0x20, 0xFF, 0x22, 0x11, 0xDE, 0x11
    .byte   0x1F, 0x10, 0xEF, 0x02, 0x1F, 0xEF, 0xE1, 0xF1, 0x1F, 0xEF, 0xF1,  -13, 0x0F, 0x00, 0x0F, 0x11
    .byte   0x10, 0x0F, 0x0F, 0x02, 0x11, 0x1F, 0x12, 0x10, 0x01, 0x21, 0x12, 0x10, 0x12, 0x21, 0xEF, 0xF1
    .byte   0x0F, 0xF0, 0xFF, 0xF1, 0x21, 0xFE, 0x0F, 0xF1, 0x0E, 0xE0, 0xF0, 0x0F,    1, 0x02, 0xFE, 0xF1
    .byte   0x20, 0xEF, 0xE0, 0xE2, 0x22, 0xFE, 0x02, 0x11, 0x01, 0xFE, 0xF0, 0x10, 0x0E, 0x00, 0x00, 0x01
    .byte   0x0F, 0xE0, 0xF0, 0xFF, 0xFF, 0xFF, 0x01, 0x11, 0x00, 0x00, 0x0F, 0x10, 0xFF,  -13, 0x01, 0x02
    .byte   0x12, 0x0F, 0x12, 0x10, 0xF0, 0x21, 0x02, 0x12, 0x2F, 0x0E, 0x00, 0xFF, 0x0E, 0x00, 0x01, 0x11
    .byte   0x10, 0xFF, 0xFF, 0x0E, 0xFE, 0xF0, 0x21, 0xF0, 0x10, 0x10, 0x0F, 0x0E, 0xEF, 0x11,    0, 0x01
    .byte   0x0F, 0xF2, 0x21, 0xEE, 0xE1, 0x10, 0xF0, 0x0F, 0xF1, 0x11, 0xF0, 0xEF, 0xF1, 0xF0, 0xFF, 0xF0
    .byte   0x10, 0xFF, 0x00, 0x11, 0x00, 0xF0, 0x02, 0xF0, 0x1F, 0x01, 0x12, 0x1F, 0x10, 0x20, 0x21,    7
    .byte   0x01, 0x0F, 0x22, 0x1F, 0xFF, 0xF1, 0x00, 0x0F, 0xEF, 0x02, 0x10, 0xFE, 0x1F, 0x00, 0xFF, 0xFE
    .byte   0xF0, 0x11, 0x11, 0xEF, 0x02, 0x01, 0xFE, 0xFE, 0x12, 0x2F, 0x0F, 0x00, 0x20, 0x1F, 0xEE, 0x01
    .byte     -1, 0x01, 0xFF, 0xF0, 0x01, 0x0F, 0x0E, 0xFF, 0xF1, 0x0F, 0xF0, 0xFF, 0x11, 0x01, 0x0F, 0x00
    .byte   0x00, 0x10, 0x00, 0xF2, 0x21, 0x11, 0xF1, 0x10, 0x00, 0x00, 0x21, 0x01, 0x12, 0x21, 0xE0, 0xF1
    .byte   0xF1,   12, 0x0F, 0xFE, 0x02, 0x10, 0xF0, 0x0E, 0x0F, 0x10, 0xFF, 0xE1, 0x10, 0x01, 0xFF, 0xF0
    .byte   0x11, 0xFF, 0x0E, 0x01, 0x21, 0x0F, 0xE0, 0x01, 0x10, 0xFF, 0xE0, 0x20, 0x1F, 0xFF, 0xF0, 0x01
    .byte   0xFF, 0xF0,   -8, 0x0F, 0x00, 0x00, 0xFF, 0x00, 0xF0, 0x11, 0x10, 0x00, 0x12, 0x0F, 0xFF, 0x01
    .byte   0x21, 0xF1, 0x01, 0x21, 0x20, 0x1E, 0x12, 0x20, 0xFF, 0xFF, 0xF1, 0x10, 0xFE, 0xF0, 0x21, 0x10
    .byte   0xFE, 0x0F, 0x11,    7, 0x0F, 0xEE, 0x11, 0x2F, 0x0E, 0x00, 0x12, 0x0E, 0xFF, 0x01, 0x10, 0xF0
    .byte   0xEF, 0x00, 0x21, 0x0E, 0xF1, 0xF2, 0xF0, 0xFF, 0xFF, 0x11, 0x1F, 0xFF, 0xFF, 0x11, 0x0F, 0xF0
    .byte   0x10, 0xF1, 0x0F, 0xFF,   -9, 0x00, 0x01, 0x01, 0x10, 0x22, 0x1F, 0xFF, 0x20, 0x0F, 0x11, 0xF1
    .byte   0x12, 0x2F, 0xFF, 0x00, 0xF1, 0x10, 0xFE, 0xF1, 0x00, 0x20, 0xFE, 0xF1, 0x10, 0xE1, 0x0F, 0xF0
    .byte   0x12, 0x0E, 0x11, 0x0E, 0xF1,    2, 0x00, 0xE1, 0x11, 0xFF, 0x01, 0x0F, 0xEF, 0x11, 0x1F, 0x00
    .byte   0xFE, 0x02, 0x0E, 0xF0, 0x10, 0x11, 0x00, 0xFF, 0xF0, 0x0F, 0x01, 0x01, 0x01, 0x20, 0xFF, 0x01
    .byte   0x1F, 0x02, 0x00, 0x11, 0x11, 0x1F,    3, 0x00, 0x10, 0x10, 0x11, 0x00, 0x10, 0x0E, 0xF2, 0x21
    .byte   0xFE, 0x0F, 0x00, 0x10, 0x0E, 0xF2, 0x21, 0x1F, 0xEF, 0xF1, 0x10, 0x1E, 0xEF, 0x11, 0x21, 0xFF
    .byte   0xE0, 0x02, 0x00, 0xEE, 0xE1, 0x11, 0x00,   -6, 0x0F, 0xF0, 0x2F, 0xFE, 0xFF, 0x00, 0x12, 0xFE
    .byte   0x11, 0x11, 0x1F, 0x1F, 0xF0, 0x21, 0xF0, 0x00, 0x11, 0x11, 0x1F, 0xFF, 0x00, 0x20, 0x11, 0x00
    .byte   0x12, 0x00, 0x00, 0x0F, 0x01, 0x11, 0x00, 0xFF,    6, 0x00, 0x01, 0x00, 0x20, 0x0F, 0x00, 0x0F
    .byte   0xF0, 0xFF, 0xF0, 0xE2, 0x01, 0x0F, 0xF0, 0xF0, 0x00, 0xEF, 0xE0, 0xFF, 0x00, 0x01, 0x10, 0xFF
    .byte   0xFF, 0xF0, 0xF0, 0x0F, 0x00, 0x11, 0x20, 0xFF, 0xF1,   -8, 0x00, 0x20, 0xFF, 0xF1, 0x22, 0x0F
    .byte   0x0F, 0xE1, 0x12, 0x11, 0xFF, 0x01, 0x22, 0x10, 0xFE, 0xF0, 0x0F, 0x00, 0x0F, 0x10, 0x21, 0x10
    .byte   0x1F, 0xFF, 0xF0, 0x0E, 0x00, 0x01, 0x11, 0x10, 0xE0, 0x10,    3, 0x0F, 0xFF, 0xFE, 0xF0, 0x10
    .byte   0xF1, 0x00, 0xF1, 0xFF, 0xFE, 0x10, 0xF0, 0xF1, 0x10, 0x12, 0xF0, 0xFF, 0xF0, 0x10, 0x11, 0x01
    .byte   0x02, 0x11, 0xFF, 0xF0, 0x12, 0x1F, 0xFF, 0x11, 0x22, 0x00, 0xEF,    5, 0x01, 0x01, 0x1F, 0xFF
    .byte   0xF2, 0x21, 0xF0, 0x0E, 0x01, 0x10, 0xEF, 0xF0, 0x21, 0x11, 0xEE, 0xFF, 0x2F, 0x00, 0x0E, 0xE1
    .byte   0x11, 0xFF, 0xF1, 0xF0, 0x1F, 0xFE, 0xF1, 0x10, 0x0F, 0x0F, 0xF1, 0x01,  -10, 0x00, 0x10, 0x01
    .byte   0x01, 0xFF, 0x01, 0x11, 0x11, 0x1F, 0x01, 0x21, 0xF0, 0xE1, 0x02, 0x11, 0x00, 0xF0, 0x01, 0x20
    .byte   0xFF, 0xF1, 0x12, 0x10, 0xFF, 0xFF, 0x11, 0x1F, 0x0E, 0x00, 0x12, 0x00, 0xFF,    6, 0x00, 0xFF
    .byte   0x1F, 0xFE, 0x0F, 0x00, 0x10, 0xFF, 0xF0, 0x0F, 0x1F, 0xFF, 0xF1, 0x00, 0xFF, 0x00, 0x00, 0xFF
    .byte   0x11, 0x11, 0x10, 0xFF, 0x00, 0x01, 0xF0, 0x01, 0x02, 0x11, 0x1F, 0xFF, 0x11, 0x11,    2, 0x00
    .byte   0x01, 0x11, 0x1F, 0xFF, 0xF0, 0x21, 0x11, 0xF1, 0x10, 0x11, 0x0F, 0xFF, 0x0F, 0x00, 0xF0, 0x10
    .byte   0x10, 0xF0, 0xFF, 0xFF, 0xFF, 0xFF, 0xF0, 0xF0, 0x0F, 0x10, 0xFF, 0xF1, 0x0F, 0xFF, 0x00,   -7
    .byte   0x00, 0x10, 0xF1, 0xFF, 0x01, 0x01, 0x1F, 0xF0, 0x00, 0x11, 0x10, 0x00, 0x0F, 0x10, 0x00, 0x10
    .byte   0x11, 0x10, 0xF1, 0x00, 0x01, 0xF1, 0xF1, 0x11, 0x00, 0xFF, 0x00, 0x20, 0x10, 0x10, 0x00, 0x11
    .byte     10, 0x0F, 0xFF, 0xFF, 0x11, 0xFF, 0x10, 0x11, 0x1F, 0x0E, 0xE0, 0x10, 0x10, 0xFF, 0xFF, 0x11
    .byte   0x1F, 0xF0, 0xE0, 0x01, 0x10, 0xF1, 0x0F, 0x01, 0xF0, 0xFF, 0xF0, 0x11, 0x11, 0x01, 0x10, 0xF0
    .byte   0x00,   -4, 0x0F, 0x00, 0x11, 0x11, 0x1F, 0x01, 0xFF, 0x0F, 0xF1, 0x11, 0x00, 0x01, 0x10, 0x10
    .byte   0xF0, 0xF0, 0x10, 0x10, 0xFF, 0x02, 0x01, 0x2F, 0xFE, 0xF1, 0x11, 0x1F, 0xFF, 0x01, 0x02, 0x0F
    .byte   0xEF, 0x00,    1, 0x01, 0x10, 0xFE, 0xF0, 0x21, 0x10, 0xFE, 0xF0, 0x01, 0x2F, 0x0E, 0x10, 0x00
    .byte   0x10, 0xF0, 0xFF, 0x11, 0x11, 0xFF, 0xFF, 0x01, 0x11, 0xFF, 0xF0, 0x11, 0x10, 0x1F, 0xFF, 0x10
    .byte   0x10, 0xFF, 0x01,    0, 0x01, 0x00, 0xFF, 0xF0, 0x20, 0x1E, 0x0F, 0x01, 0x11, 0x10, 0xFF, 0x10
    .byte   0x11, 0x0F, 0x0F, 0xF1, 0x10, 0x00, 0xFF, 0x10, 0x10, 0x10, 0x0F, 0x0F, 0x01, 0x00, 0x1F, 0x00
    .byte   0x00, 0xFF, 0xFF, 0x01,    1, 0x00, 0x1F, 0x00, 0x00, 0xF0, 0xFF, 0xF0, 0x11, 0x00, 0x00, 0x00
    .byte   0x10, 0x1F, 0x0F, 0x00, 0x00, 0x0F, 0x00, 0x01, 0x01, 0x10, 0x0F, 0xFF, 0x11, 0xF0, 0xFF, 0x01
    .byte   0x11, 0x10, 0xFF, 0x00, 0x11,    1, 0x0F, 0x00, 0xF1, 0x10, 0x01, 0xF0, 0x10, 0x00, 0xFF, 0xF0
    .byte   0x00, 0x20, 0x0F, 0xF1, 0xF0, 0x01, 0xFF, 0xFF, 0x11, 0x11, 0xF0, 0xF0, 0x1F, 0x10, 0xFF, 0x00
    .byte   0x11, 0x01, 0xF0, 0x0F, 0x11, 0x0F,    0, 0x00, 0x01, 0xF1, 0xF1, 0xFF, 0x00, 0x11, 0xF0, 0xFF
    .byte   0x10, 0x10, 0xF0, 0x01, 0x00, 0x01, 0x0F, 0xFF, 0xF1, 0x11, 0x10, 0xF0, 0xF0, 0x11, 0x0F, 0xFF
    .byte   0xF1, 0x11, 0x1F, 0xF0, 0xF1, 0x11, 0x0F,   -1, 0x0F, 0x01, 0x11, 0x10, 0xFF, 0xF0, 0x10, 0x11
    .byte   0x0F, 0x0F, 0x01, 0x10, 0x0F, 0xF0, 0x10, 0x00, 0x00, 0x0E, 0x00, 0x11, 0x10, 0x00, 0x00, 0x10
    .byte   0xF0, 0x0F, 0x0F, 0x01, 0x10, 0x11, 0x0F, 0xF1,    0, 0x01, 0xF0, 0x0F, 0x00, 0x01, 0x00, 0x00
    .byte   0x00, 0x00, 0x0F, 0xFF, 0x10, 0x11, 0x1F, 0x00, 0xF0, 0x1F, 0x00, 0x11, 0x00, 0x0F, 0x0F, 0xF1
    .byte   0x01, 0x10, 0x10, 0x0F, 0x00, 0xF0, 0x01, 0xF0, 0xF0,    0, 0x0F, 0x1F, 0x00, 0x11, 0x01, 0xF0
    .byte   0xFF, 0xFF, 0x11, 0x01, 0x00, 0x1F, 0x11, 0x0F, 0xFF, 0xF0, 0x10, 0x11, 0xF1, 0x0F, 0x10, 0xF0
    .byte   0xF0, 0x0F, 0x11, 0x10, 0x00, 0xFF, 0x10, 0x1F, 0x1F, 0xF1,   -2, 0x00, 0x11, 0x11, 0xF0, 0x00
    .byte   0xF0, 0x0F, 0x00, 0x00, 0x01, 0x00, 0x00, 0x00, 0x01, 0xFF, 0x1F, 0x10, 0x1F, 0x01, 0x0F, 0x00
    .byte   0x1F, 0x00, 0x0F, 0x00, 0x10, 0x11, 0x00, 0xFF, 0xF0, 0x11, 0xF0,    0, 0x00, 0xF0, 0x01, 0xF1
    .byte   0x0F, 0x10, 0x00, 0xF1, 0xF1, 0xF1, 0x00, 0x0F, 0x1F, 0x01, 0x01, 0x0F, 0x1F, 0x00, 0x00, 0x11
    .byte   0x0F, 0x00, 0xFF, 0xF0, 0x10, 0x01, 0x11, 0x0F, 0x00, 0xF0, 0xF0, 0x0F,   -1, 0x00, 0x01, 0x10
    .byte   0x00, 0x0F, 0x0F, 0xF0, 0x11, 0x01, 0x00, 0x00, 0xF0, 0x0F, 0x0F, 0x10, 0x01, 0x10, 0x1F, 0x0F
    .byte   0x00, 0xF0, 0x01, 0x00, 0x00, 0x1F, 0x01, 0x00, 0x00, 0xF0, 0xF0, 0x00, 0x10,    1, 0x00, 0x0F
    .byte   0x1F, 0xF0, 0x0F, 0x10, 0x1F, 0x10, 0x01, 0xF0, 0x0F, 0x1F, 0x01, 0x00, 0x11, 0xF0, 0xF1, 0xFF
    .byte   0x10, 0x01, 0x00, 0x00, 0xF0, 0xFF, 0x01, 0x10, 0x01, 0x00, 0x00, 0xF0, 0x00, 0xF1,   -1, 0x00
    .byte   0x01, 0xF1, 0x00, 0x01, 0x01, 0xF0, 0x0F, 0x0F, 0xF1, 0x1F, 0x11, 0x00, 0x0F, 0x00, 0x00, 0xF1
    .byte   0x00, 0x00, 0xF1, 0x00, 0x00, 0xF0, 0x10, 0x00, 0x00, 0xF0, 0x10, 0x10, 0x1F, 0xF1, 0xFF,    0
    .byte   0x0F, 0x01, 0x0F, 0x10, 0x1F, 0x10, 0xF0, 0x0F, 0x01, 0xF0, 0x01, 0x00, 0x10, 0xF0, 0x0F, 0x1F
    .byte   0x00, 0x10, 0x1F, 0x01, 0x00, 0xF0, 0xF1, 0xF1, 0x10, 0xF0, 0x10, 0x00, 0xF0, 0xF0, 0x01, 0x00
    .byte      0, 0x01, 0xF0, 0x1F, 0x0F, 0x0F, 0x01, 0x01, 0x00, 0x00, 0x1F, 0x00, 0x1F, 0x00, 0x01, 0xF0
    .byte   0x10, 0xF0, 0x00, 0x1F, 0x00, 0x00, 0x00, 0x0F, 0x00, 0x01, 0xF1, 0x00, 0x00, 0xF1, 0xF1, 0x00
    .byte   0x00,    0, 0x00, 0x01, 0xF0, 0x00, 0xF1, 0xF1, 0x1F, 0x00, 0x10, 0x0F, 0x00, 0x01, 0xF0, 0xF0
    .byte   0x1F, 0x10, 0x00, 0x00, 0x00, 0x00, 0xF1, 0x0F, 0x1F, 0x00, 0x10, 0x01, 0xF0, 0x1F, 0x1F, 0x00
    .byte   0x00, 0x01,    1, 0x0F, 0x10, 0x00, 0x0F, 0x00, 0x00, 0x00, 0x00, 0x00, 0x00, 0x00, 0x1F, 0x0F
    .byte   0x10, 0x00, 0xF0, 0x1F, 0x11, 0xF1, 0xF0, 0x0F, 0x10, 0x00, 0x10, 0xF1, 0x0F, 0xF0, 0x10, 0x00
    .byte   0x1F, 0x00, 0x00,   -1, 0x01, 0x0F, 0x00, 0x11, 0xF0, 0x00, 0xF1, 0x00, 0xF0, 0x01, 0x00, 0x00
    .byte   0x10, 0x0F, 0x00, 0x00, 0x00, 0x00, 0x00, 0x01, 0xF1, 0xF1, 0x0F, 0x1F, 0x0F, 0x01, 0x0F, 0x10
    .byte   0x0F, 0x01, 0x00, 0x00,    0, 0x00, 0x0F, 0x1F, 0x10, 0x01, 0xF0, 0x0F, 0x1F, 0x10, 0x00, 0x00
    .byte   0x00, 0x1F, 0x1F, 0xF1, 0x0F, 0x10, 0x00, 0x01, 0x0F, 0x00, 0x00, 0x00, 0x00, 0x1F, 0x00, 0x00
    .byte   0x01, 0xF1, 0xFF, 0x01, 0x00,    0, 0x00, 0x00, 0x1F, 0x01, 0xF0, 0x00, 0x00, 0x00, 0x00, 0x00
    .byte   0xF1, 0x00, 0x0F, 0x10, 0x10, 0xF0, 0x1F, 0x1F, 0x00, 0xF0, 0x1F, 0x01, 0x00, 0x00, 0x00, 0x01
    .byte   0xF0, 0x00, 0x0F, 0x10, 0x00, 0x00,    0, 0x00, 0x00, 0x0F, 0x10, 0xF1, 0x00, 0x00, 0x0F, 0x00
    .byte   0x10, 0x00, 0xF1, 0x00, 0xF1, 0x00, 0x00, 0x01, 0xFF, 0x10, 0x00, 0x0F, 0x10, 0x01, 0x0F, 0x00
    .byte   0x1F, 0x00, 0x00, 0xF1, 0x00, 0x1F, 0x00,    0, 0x00, 0x00, 0x00, 0x01, 0xF0, 0x00, 0x00, 0xF1
    .byte   0x1F, 0x00, 0x00, 0x00, 0x00, 0x0F, 0x01, 0x00, 0xF1, 0x00, 0x00, 0xF1, 0x00, 0xF1, 0x00, 0x0F
    .byte   0x10, 0x00, 0x00, 0x00, 0x00, 0x00, 0x00, 0x01,    1, 0x00, 0xF0, 0x1F, 0x00, 0x00, 0x00, 0x00
    .byte   0xF1, 0x00, 0x00, 0x01, 0xF0, 0x00, 0x00, 0x1F, 0x0F, 0x10, 0x00, 0x1F, 0x0F, 0x10, 0x00, 0x00
    .byte   0x0F, 0x10, 0x00, 0x10, 0xF1, 0x0F, 0x00, 0x0F, 0x10,    0, 0x00, 0x00, 0xF1, 0xF1, 0x00, 0x00
    .byte   0x00, 0xF0, 0x1F, 0x10, 0x00, 0x0F, 0x10, 0xF1, 0x00, 0x0F, 0x10, 0x00, 0x00, 0x00, 0x00, 0x00
    .byte   0x00, 0x10, 0xF0, 0x00, 0xF1, 0xF1, 0x1F, 0x01, 0xF0, 0x00,    0, 0x00, 0x1F, 0x1F, 0x00, 0x1F
    .byte   0x10, 0xF1, 0xF0, 0xF1, 0x00, 0x00, 0x00, 0x00, 0x00, 0xF1, 0xF1, 0x1F, 0x10, 0xF0, 0x00, 0x00
    .byte   0x00, 0x00, 0x1F, 0x00, 0x00, 0x00, 0x0F, 0x10, 0x0F, 0x00, 0x01,    0, 0x01, 0xF0, 0x00, 0x00
    .byte   0x00, 0x01, 0x0F, 0x1F, 0x00, 0xF1, 0x10, 0xF0, 0x00, 0x1F, 0xF1, 0xF1, 0x0F, 0x10, 0x00, 0x00
    .byte   0x00, 0x00, 0x01, 0xF1, 0xF0, 0x00, 0x01, 0x0F, 0x0F, 0x10, 0x0F, 0x01,    1, 0x00, 0xF0, 0x00
    .byte   0x0F, 0x10, 0x00, 0x00, 0x00, 0xF1, 0x00, 0x00, 0x00, 0x0F, 0x11, 0xF0, 0x1F, 0x00, 0x00, 0xF1
    .byte   0x00, 0x00, 0x00, 0xF1, 0xF1, 0x00, 0x0F, 0x10, 0x00, 0x0F, 0x10, 0x00, 0x00,    0, 0x00, 0x10
    .byte   0xF1, 0xF1, 0xF0, 0x00, 0x00, 0x0F, 0x10, 0x00, 0x0F, 0x10, 0x01, 0xF0, 0x01, 0xFF, 0x01, 0x00
    .byte   0x00, 0xF1, 0x00, 0xF1, 0x00, 0x00, 0x00, 0x01, 0xF0, 0x00, 0x0F, 0x10, 0x1F, 0xF1,    1, 0x0F
    .byte   0x00, 0x00, 0x0F, 0x10, 0x00, 0x1F, 0xF1, 0x00, 0x00, 0xF1, 0x00, 0x01, 0xFF, 0x10, 0xF1, 0x00
    .byte   0x00, 0xF1, 0xF1, 0x00, 0x0F, 0x01, 0x00, 0x1F, 0x01, 0xF0, 0xF0, 0x1F, 0x10, 0x01, 0x0F,    0
    .byte   0x01, 0x0F, 0x00, 0x1F, 0x1F, 0x10, 0x0F, 0x01, 0x00, 0x0F, 0xF0, 0x1F, 0x10, 0x01, 0x00, 0x00
    .byte   0xF0, 0x0F, 0x10, 0x10, 0x0F, 0x1F, 0x00, 0xF0, 0x0F, 0x10, 0x01, 0xF0, 0x00, 0xFF, 0x01, 0x00
    .byte     -1, 0x0F, 0x01, 0x00, 0x00, 0x01, 0xF0, 0x10, 0x01, 0x10, 0x02, 0x01, 0x01, 0x01, 0xF0, 0xF1
    .byte   0xF0, 0xF1, 0xFF, 0x0F, 0x0F, 0xFF, 0xFF, 0xF0, 0xFF, 0x0F, 0x00, 0x0E, 0x00, 0x0E, 0x0F, 0xFF
    .byte   0x0F,  -19, 0x0F, 0xF0, 0xF1, 0x10, 0x10, 0x10, 0x1F, 0x12, 0x33, 0x33, 0x33, 0x21, 0x0E, 0xFE
    .byte   0x00, 0x21, 0x1E, 0xED, 0xDC, 0xDE, 0xEF, 0xF2, 0x10, 0x0F, 0x11, 0x12, 0x23, 0x21, 0x11, 0xEF
    .byte   0xEE, 0xEF,   -8, 0x0E, 0xEE, 0xEE, 0xEE, 0xE1, 0x10, 0x20, 0x0F, 0x1F, 0x00, 0x22, 0x22, 0x43
    .byte   0x43, 0x22, 0x2F, 0xE0, 0x22, 0x22, 0x0F, 0xDD, 0xCE, 0xDE, 0xEE, 0xEE, 0xEE, 0xEF, 0x22, 0x32
    .byte   0x31, 0x21, 0x22,   21, 0x02, 0x21, 0xFE, 0xED, 0x0D, 0xEE, 0xEE, 0xEE, 0xE1, 0x12, 0x22, 0x21
    .byte   0x1F, 0x10, 0x21, 0x1E, 0xED, 0xED, 0xEE, 0xEE, 0xDE, 0xF1, 0x23, 0x44, 0x44, 0x33, 0x31, 0x03
    .byte   0x32, 0x10, 0xDE, 0xCD,   26, 0x0D, 0xED, 0xDC, 0xDD, 0xE2, 0x13, 0x22, 0x22, 0x33, 0x34, 0x22
    .byte   0x2E, 0xEF, 0xE0, 0xEE, 0xEC, 0xDD, 0xDE, 0x02, 0x10, 0xFF, 0xF2, 0x23, 0x22, 0x10, 0xEF, 0xE0
    .byte   0xEE, 0xED, 0xDD, 0xDE, 0x12,  -51, 0x03, 0x44, 0x44, 0x33, 0x32, 0x32, 0x33, 0xFD, 0xDD, 0xDD
    .byte   0xED, 0xCD, 0xCC, 0xD2, 0x02, 0x10, 0x20, 0x33, 0x44, 0x23, 0x00, 0x11, 0x11, 0xED, 0xDD, 0xDD
    .byte   0xEE, 0xDF, 0xEE, 0x11, 0x32, 0x32,   -5, 0x02, 0x12, 0x12, 0xFF, 0xED, 0xED, 0xDD, 0xDD, 0xDD
    .byte   0xFF, 0x22, 0x33, 0x45, 0x45, 0x23, 0x42, 0x33, 0x2F, 0xED, 0xDD, 0xDD, 0xCC, 0xCC, 0xED, 0xFF
    .byte   0xE0, 0xF3, 0x33, 0x43, 0x33, 0x32, 0x32,   50, 0x0E, 0xEE, 0xDD, 0xDD, 0xDD, 0xDE, 0xFE, 0xE1
    .byte   0x23, 0x23, 0x22, 0x30, 0x21, 0x10, 0xED, 0xED, 0xED, 0xDD, 0xDD, 0xED, 0xFF, 0x03, 0x34, 0x45
    .byte   0x53, 0x43, 0x43, 0x31, 0x0E, 0xDE, 0xCF, 0xDC,   16, 0x0C, 0xDD, 0xDD, 0xED, 0x02, 0x32, 0x33
    .byte   0x33, 0x44, 0x22, 0x11, 0x2E, 0xFD, 0xDD, 0xCE, 0xDE, 0xDE, 0xEE, 0x12, 0x22, 0x32, 0x22, 0x31
    .byte   0x2F, 0xFE, 0xEE, 0xDD, 0xDD, 0xEE, 0xDD, 0xDE, 0x0F,  -77, 0x03, 0x33, 0x44, 0x55, 0x42, 0x35
    .byte   0x03, 0xED, 0xFE, 0xDC, 0xEC, 0xCD, 0xCE, 0xDD, 0xC1, 0x22, 0x20, 0x33, 0x34, 0x33, 0x32, 0x22
    .byte   0x1E, 0xED, 0xED, 0xDD, 0xDD, 0xEE, 0xE0, 0xFF, 0x22, 0x32,   -5, 0x02, 0x23, 0x00, 0x0E, 0xEE
    .byte   0xDE, 0xDD, 0xDD, 0xED, 0xED, 0x11, 0x02, 0x24, 0x34, 0x35, 0x44, 0x33, 0x43, 0x2F, 0xDE, 0xEE
    .byte   0xCD, 0xDD, 0xCE, 0xDD, 0xCE, 0x11, 0x1E, 0x23, 0x43, 0x23, 0x23,   37, 0x02, 0x1F, 0xEE, 0xEE
    .byte   0xDD, 0xDD, 0xEE, 0xEE, 0x11, 0x11, 0x23, 0x21, 0x32, 0x20, 0xE0, 0x1E, 0xDD, 0xED, 0xDE, 0xDD
    .byte   0xEE, 0xEF, 0x10, 0x22, 0x23, 0x34, 0x24, 0x53, 0x40, 0x34, 0x3F, 0xDE,   64, 0x01, 0xDD, 0xDD
    .byte   0xDE, 0xDD, 0xDE, 0xE2, 0xEE, 0x00, 0x42, 0x22, 0x32, 0x33, 0xE0, 0xFE, 0x1D, 0x0D, 0xDE, 0xFE
    .byte   0xEE, 0xE2, 0x01, 0x12, 0x22, 0x03, 0x11, 0xF0, 0xFE, 0xED, 0xED, 0xDE, 0xDE,  -54, 0x0E, 0xEE
    .byte   0x01, 0x20, 0x02, 0x33, 0x33, 0x24, 0x53, 0x30, 0x44, 0x3D, 0xD1, 0x12, 0xCD, 0xDE, 0x0D, 0xDD
    .byte   0xDD, 0x21, 0xDE, 0x03, 0x32, 0xE2, 0x33, 0x20, 0x11, 0x2E, 0xFD, 0xFE, 0xDF, 0xEE,  -14, 0x01
    .byte   0xF2, 0xEE, 0x21, 0x3E, 0x02, 0x22, 0xE1, 0xEF, 0xEE, 0xED, 0xED, 0x0D, 0xEE, 0xE2, 0xE0, 0x02
    .byte   0x20, 0x23, 0x33, 0x23, 0x53, 0x22, 0x15, 0x21, 0xD1, 0x12, 0xFC, 0x2C, 0x2E, 0xDD, 0xDE,   -3
    .byte   0x02, 0xDE, 0xF1, 0x30, 0x1F, 0x32, 0x21, 0xF2, 0x11, 0x0E, 0xFE, 0xE0, 0x0E, 0xD0, 0xE2, 0xEE
    .byte   0x0F, 0x2F, 0x1F, 0x11, 0x12, 0xFF, 0xD1, 0x0F, 0xED, 0xEE, 0x1E, 0xEE, 0xF1, 0x02, 0x01, 0x02
    .byte    -36, 0x03, 0x22, 0x22, 0x44, 0x2E, 0x24, 0x40, 0xEF, 0x03, 0x1E, 0xED, 0x0E, 0x0D, 0xED, 0xD1
    .byte   0xEE, 0xDE, 0x12, 0xFF, 0x11, 0x22, 0x02, 0x02, 0x11, 0x1F, 0xFF, 0xF1, 0xE0, 0xE0, 0xEF, 0xFE
    .byte   0xFE,  -13, 0x00, 0xFF, 0xE0, 0xF2, 0xFF, 0xEF, 0x0F, 0x0F, 0xE0, 0xE2, 0x11, 0xEE, 0x02, 0x3E
    .byte   0x0F, 0x03, 0x12, 0x11, 0x02, 0x33, 0x2F, 0xF1, 0x32, 0x11, 0x11, 0x01, 0x21, 0xFE, 0xFF, 0xFF
    .byte   0xFE, 0xEF,   14, 0x01, 0xFF, 0xEF, 0xFF, 0x1F, 0x0E, 0x0F, 0x10, 0x0E, 0x00, 0x00, 0xF0, 0xF0
    .byte   0xFF, 0x1F, 0x0F, 0x1F, 0x1F, 0x00, 0x0F, 0xF0, 0x00, 0xFF, 0x0F, 0x1F, 0x1F, 0xF1, 0x00, 0xF0
    .byte   0x01, 0x00, 0x01,   -9, 0x00, 0x11, 0x10, 0x01, 0x01, 0x01, 0x10, 0x10, 0x11, 0x00, 0x10, 0x00
    .byte   0x11, 0x00, 0x01, 0x01, 0x01, 0x00, 0x00, 0x11, 0x0F, 0x00, 0x10, 0x00, 0x0F, 0x11, 0xF0, 0x0F
    .byte   0x00, 0x00, 0xFF, 0xF1,    5, 0x0F, 0xFF, 0x0F, 0x0F, 0x0F, 0xF0, 0xF0, 0x01, 0xF0, 0xF0, 0x1F
    .byte   0x00, 0x01, 0xF0, 0x00, 0x1F, 0x01, 0x0F, 0x10, 0x0F, 0x01, 0x00, 0xF1, 0x01, 0xF1, 0x00, 0xF0
    .byte   0x10, 0x10, 0x0F, 0x00, 0x0F,   -2, 0x00, 0x1F, 0x1F, 0x1F, 0x01, 0x01, 0xF1, 0x01, 0xF1, 0xF1
    .byte   0xF1, 0x10, 0x00, 0x10, 0x00, 0x1F, 0x00, 0x1F, 0x1F, 0x0F, 0x10, 0x0F, 0xF1, 0xF0, 0xF0, 0x1F
    .byte   0x00, 0x00, 0x00, 0x0F, 0x00, 0x01,    0, 0x01, 0xF0, 0x10, 0xF1, 0x10, 0xF1, 0x01, 0x0F, 0xF0
    .byte   0x1F, 0x10, 0x0F, 0xF1, 0x00, 0x0F, 0x00, 0xF0, 0x01, 0xFF, 0x1F, 0xF0, 0x00, 0x00, 0x10, 0xF1
    .byte   0x00, 0x1F, 0x00, 0x1F, 0x10, 0x00, 0x1F,    0, 0x00, 0xF1, 0x01, 0x0F, 0x00, 0x00, 0x00, 0x0F
    .byte   0x00, 0x10, 0x01, 0xFF, 0x01, 0x00, 0x00, 0x00, 0x01, 0x00, 0x00, 0x00, 0x01, 0x00, 0xF1, 0x0F
    .byte   0x10, 0x00, 0xF1, 0x0F, 0x01, 0x00, 0xF1, 0x10,    1, 0x00, 0x01, 0xF0, 0x0F, 0xF0, 0x10, 0xF1
    .byte   0x0F, 0xF1, 0x00, 0xFF, 0x11, 0x0F, 0x01, 0xF0, 0x1F, 0x00, 0x00, 0xF1, 0x01, 0x00, 0xF1, 0xF1
    .byte   0x0F, 0x01, 0x1F, 0x01, 0x0F, 0x01, 0x00, 0xE2, 0x2E,    0, 0x00, 0x1F, 0xF0, 0x10, 0x1F, 0x00
    .byte   0x10, 0x00, 0x0F, 0x02, 0xFF, 0xF0, 0x01, 0xF1, 0x00, 0xF1, 0x00, 0xF0, 0x1F, 0x00, 0x00, 0xF0
    .byte   0x10, 0xF0, 0xF0, 0x01, 0x00, 0xF0, 0x10, 0xF0, 0x0F, 0x10,   -1, 0x00, 0xF0, 0x11, 0xF0, 0x00
    .byte   0x11, 0xE1, 0x01, 0x01, 0x1F, 0x0F, 0x10, 0x0F, 0x11, 0xFF, 0x01, 0x10, 0xF0, 0x01, 0x0E, 0x2F
    .byte   0x00, 0xF1, 0x10, 0x01, 0xE1, 0x11, 0x00, 0x00, 0x00, 0x00, 0xF1,    2, 0x0F, 0x0F, 0x01, 0x00
    .byte   0xF0, 0x00, 0x00, 0x0F, 0x1F, 0xF1, 0x10, 0xFF, 0x10, 0x10, 0xF0, 0x10, 0xF0, 0x01, 0xF0, 0x10
    .byte   0x00, 0x0F, 0x10, 0x1F, 0xF1, 0x1F, 0xF0, 0x01, 0xF1, 0xF0, 0x11, 0xFF,    0, 0x0F, 0x01, 0x01
    .byte   0x10, 0xFF, 0x11, 0xF0, 0x10, 0x00, 0xF0, 0x11, 0xFF, 0x01, 0x0F, 0xF0, 0x00, 0x1F, 0x1F, 0x0F
    .byte   0x0F, 0x11, 0xFF, 0xF2, 0xFF, 0xF1, 0x11, 0x00, 0xE0, 0x02, 0x1E, 0x01, 0x02,    2, 0x0E, 0xF0
    .byte   0x12, 0x0F, 0xE1, 0x02, 0xE4, 0x3C, 0xCD, 0x34, 0x2D, 0xCD, 0x25, 0x3F, 0xBC, 0x34, 0x41, 0xDC
    .byte   0x24, 0x41, 0xCC, 0xD4, 0x30, 0xCC, 0xF4, 0x42, 0xFC, 0xC1, 0x43, 0xDD, 0xE2, 0x33,   18, 0x0E
    .byte   0xDD, 0x23, 0x1D, 0xDE, 0x03, 0x22, 0xED, 0x13, 0x3E, 0xDE, 0x02, 0x22, 0x0E, 0xE0, 0x33, 0xED
    .byte   0xDE, 0x13, 0x2F, 0xDD, 0x23, 0x3F, 0xED, 0xF1, 0x32, 0x0D, 0xF1, 0x32, 0xEE, 0xD1, 0x12,    3
    .byte   0x0E, 0xEF, 0x03, 0x21, 0xEE, 0x02, 0x2F, 0xEF, 0xF2, 0xF0, 0xE0, 0x1F, 0xEF, 0x12, 0x00, 0xE1
    .byte   0x11, 0x2F, 0xF1, 0x00, 0x2F, 0xFE, 0xE0, 0xF0, 0xF1, 0xF1, 0x12, 0x21, 0xFF, 0x2F, 0xF0, 0xFF
    .byte     -1, 0x00, 0x21, 0xEF, 0xFF, 0x20, 0x0E, 0xFE, 0x22, 0x2F, 0xD2, 0x23, 0xEE, 0xE1, 0x11, 0x1E
    .byte   0x0E, 0x21, 0x1F, 0xE0, 0x20, 0xF0, 0xF0, 0x10, 0x22, 0xEE, 0x02, 0x0E, 0x1F, 0xFF, 0x01, 0x10
    .byte   0xFF,    1, 0x00, 0x0E, 0xF2, 0x00, 0x20, 0xE0, 0x02, 0x1D, 0xF2, 0x2E, 0xFF, 0x21, 0xF0, 0xF2
    .byte   0xE1, 0xFF, 0xFF, 0x10, 0x20, 0x1F, 0xFF, 0x11, 0xFE, 0xF1, 0x21, 0xE1, 0x21, 0x1D, 0xF2, 0x20
    .byte   0xE1, 0x11,   -2, 0x01, 0x2F, 0xFE, 0xFE, 0x22, 0x21, 0xD0, 0x23, 0xFD, 0xE2, 0x3E, 0xED, 0x13
    .byte   0x12, 0xEE, 0x02, 0x20, 0xDE, 0x21, 0x2F, 0xEE, 0x21, 0x3E, 0xFE, 0xE2, 0x31, 0xDD, 0x13, 0x2F
    .byte   0xEF, 0x22, 0x2D,   -3, 0x0F, 0x23, 0xFD, 0xEE, 0x33, 0xFD, 0xF1, 0x2F, 0xEF, 0x01, 0x11, 0xFF
    .byte   0x02, 0x21, 0xDF, 0xF2, 0xF0, 0xF0, 0x10, 0x22, 0xED, 0x12, 0x2E, 0xD1, 0x31, 0xE1, 0x22, 0x10
    .byte   0x0E, 0xE0, 0x20, 0xDE,   -9, 0x03, 0x2E, 0xE2, 0x22, 0xEE, 0xEF, 0x12, 0xEE, 0x12, 0x32, 0xEE
    .byte   0x22, 0x1D, 0xD1, 0x2F, 0xEF, 0x12, 0xF0, 0x22, 0xF0, 0x20, 0xFE, 0x02, 0xED, 0x12, 0x2E, 0xE2
    .byte   0x3E, 0xE1, 0x2E, 0xE0, 0x2F,   -6, 0x0E, 0x3E, 0xEF, 0x43, 0xDE, 0x13, 0x0D, 0xD1, 0x1F, 0xEE
    .byte   0xE3, 0x23, 0x2E, 0xE3, 0x3F, 0xCD, 0x3F, 0xED, 0xF2, 0x23, 0xF1, 0xE0, 0x3E, 0xED, 0x12, 0x0E
    .byte   0x12, 0x20, 0x12, 0xFE, 0x22, 0xEE,   -3, 0x02, 0xFE, 0xE1, 0x2E, 0xFF, 0x3F, 0x02, 0x22, 0xEE
    .byte   0x22, 0xFD, 0xF1, 0x1E, 0xE1, 0x2E, 0xF2, 0x2F, 0xEF, 0x20, 0xE0, 0x2E, 0xEF, 0x32, 0xEE, 0x23
    .byte   0x1E, 0xE1, 0x0E, 0xEE, 0xF0, 0x20, 0x2E,   -1, 0x02, 0x2F, 0xE1, 0x10, 0xFF, 0xE1, 0x20, 0xFE
    .byte   0x12, 0xFE, 0x00, 0x0F, 0x01, 0xFF, 0x13, 0xFF, 0xE2, 0x1F, 0xFF, 0x0F, 0x1F, 0x2D, 0xF1, 0x3E
    .byte   0xEE, 0x12, 0x0F, 0xE2, 0x03, 0xFF, 0xE2, 0x3F,    4, 0x0D, 0x12, 0x0E, 0xFE, 0x22, 0x21, 0xEE
    .byte   0x22, 0xEF, 0xE2, 0x0E, 0xF1, 0x21, 0xF0, 0x21, 0x2F, 0xEF, 0x0F, 0x0E, 0xF0, 0xE2, 0x20, 0xF2
    .byte   0xF1, 0x00, 0xFE, 0xE2, 0x1E, 0x01, 0x12, 0x01, 0x20,    5, 0x0F, 0x0F, 0xE0, 0xF1, 0xE1, 0x21
    .byte   0xE0, 0x21, 0x0E, 0xF2, 0xFE, 0x02, 0x12, 0xF0, 0xEF, 0x22, 0xFD, 0xE2, 0x20, 0xDE, 0x23, 0x1E
    .byte   0x02, 0x3E, 0xFF, 0xFE, 0x11, 0xFE, 0x02, 0x2F, 0xE1, 0x3F,    2, 0x0F, 0x11, 0xFF, 0xE1, 0xFF
    .byte   0x2F, 0x20, 0x10, 0x00, 0xE1, 0xDF, 0x01, 0xFF, 0xF1, 0x31, 0x1F, 0xF0, 0x10, 0xD1, 0x01, 0x2E
    .byte   0xF2, 0x2F, 0xFF, 0x2F, 0xFF, 0x10, 0xFE, 0x11, 0x01, 0x21, 0xE2,    6, 0x02, 0xEE, 0x02, 0x2D
    .byte   0x0E, 0x32, 0xF1, 0xF2, 0x02, 0x0E, 0xE2, 0x2F, 0xED, 0x22, 0x1E, 0xF1, 0x1F, 0xE0, 0xEE, 0xF2
    .byte   0x0D, 0xF2, 0x2F, 0xD2, 0xF1, 0xEE, 0xF0, 0x01, 0x0F, 0x01, 0x21, 0xE1,  -12, 0x02, 0xEF, 0x10
    .byte   0x21, 0x10, 0x12, 0x10, 0xE2, 0x11, 0xE0, 0x31, 0xEE, 0x22, 0x1E, 0x21, 0x1E, 0x23, 0xEF, 0xE3
    .byte   0x2E, 0xE2, 0x20, 0xEE, 0x2F, 0xE0, 0x1E, 0xE0, 0x1F, 0xEE, 0xE2, 0xFF, 0xD1,   -6, 0x01, 0xFE
    .byte   0x01, 0x00, 0xE0, 0xFF, 0xFE, 0xFF, 0xF1, 0x0F, 0xF0, 0x20, 0x1F, 0x11, 0x10, 0x02, 0xF2, 0x12
    .byte   0x10, 0x12, 0x10, 0x10, 0x21, 0x12, 0x12, 0x01, 0x20, 0x20, 0xF2, 0xFF, 0x0E, 0x01,   24, 0x0E
    .byte   0xFF, 0x00, 0xD1, 0x1E, 0x1E, 0xE2, 0x0E, 0x10, 0xF1, 0xF1, 0x0E, 0x10, 0xEF, 0xFE, 0xFF, 0xE0
    .byte   0xE0, 0x0F, 0xFF, 0x01, 0x0F, 0xF1, 0xF0, 0x01, 0x10, 0x12, 0x00, 0x02, 0x10, 0xF2, 0x22,   -1
    .byte   0x01, 0x33, 0x21, 0x22, 0x30, 0x00, 0x2E, 0xEE, 0x1E, 0xEF, 0xEE, 0xEE, 0x1F, 0xFD, 0x02, 0x0E
    .byte   0xF2, 0x2F, 0x02, 0x10, 0x10, 0x20, 0xD0, 0x10, 0xEE, 0xE1, 0x1D, 0x00, 0xFE, 0x0F, 0x00, 0xE2
    .byte    -21, 0x0F, 0xFF, 0x0F, 0xEF, 0x0F, 0xFE, 0xF0, 0x21, 0x0E, 0x21, 0x22, 0x22, 0x23, 0x43, 0x21
    .byte   0x23, 0x4E, 0xE0, 0x21, 0xED, 0xEF, 0xEF, 0xED, 0xDE, 0x01, 0xDD, 0x22, 0x0E, 0xE2, 0x30, 0x12
    .byte   0x01,   11, 0x02, 0x1F, 0xE1, 0x1E, 0xFE, 0xE0, 0xE0, 0xEF, 0xFF, 0x1F, 0xF0, 0x11, 0x0E, 0x00
    .byte   0x0F, 0xEE, 0xFF, 0xEF, 0xEE, 0x1E, 0xF0, 0x01, 0x11, 0x22, 0x03, 0x31, 0x24, 0x42, 0x01, 0x43
    .byte   0x0E, 0x12,   56, 0x0E, 0xDE, 0xEE, 0x01, 0xCD, 0xE2, 0xED, 0xD2, 0x20, 0xEE, 0x13, 0x12, 0x21
    .byte   0x21, 0x21, 0x0F, 0x01, 0xF1, 0xD0, 0x1E, 0x0E, 0xE1, 0xF0, 0xFE, 0x01, 0x10, 0xFE, 0x01, 0x1E
    .byte   0xEE, 0x11, 0xED,  -36, 0x00, 0x1E, 0xE1, 0x0F, 0x01, 0x22, 0xF2, 0x32, 0x13, 0x43, 0x21, 0x34
    .byte   0x2F, 0xF2, 0x2E, 0xE0, 0x0D, 0xEF, 0xED, 0xDE, 0xFE, 0xDD, 0x2F, 0xFE, 0x02, 0x11, 0x13, 0x00
    .byte   0x22, 0x20, 0xF2, 0x11,   17, 0x0E, 0x0E, 0x0E, 0xFE, 0x0E, 0xF1, 0xE0, 0xE1, 0x1F, 0xE0, 0x1F
    .byte   0x0E, 0xF0, 0xE0, 0xEF, 0xFE, 0x0F, 0xF0, 0x0F, 0x02, 0x11, 0x02, 0x32, 0x22, 0x42, 0x20, 0x34
    .byte   0x1F, 0x03, 0xE2, 0xE0, 0x0D,   38, 0x0F, 0xED, 0xDF, 0x1E, 0xC0, 0xFF, 0xFE, 0x10, 0x01, 0x22
    .byte   0x0F, 0x13, 0x11, 0xF2, 0x20, 0x1E, 0x1E, 0x1F, 0xEF, 0xEE, 0x00, 0xEE, 0xF0, 0xFF, 0xEF, 0x00
    .byte   0xFE, 0x1F, 0x00, 0xEF, 0xFF, 0x0F,  -34, 0x01, 0x11, 0x02, 0x01, 0x20, 0x22, 0x12, 0x23, 0x30
    .byte   0x13, 0x23, 0x0F, 0x30, 0x01, 0x00, 0xFE, 0xFF, 0xDE, 0xEE, 0x0D, 0xEF, 0xEF, 0xFE, 0x00, 0xF1
    .byte   0x10, 0x01, 0x12, 0x20, 0x01, 0x21, 0x01,    8, 0x01, 0x0E, 0x0E, 0xF0, 0xE0, 0xEE, 0x0F, 0xE0
    .byte   0xEF, 0x0F, 0xFF, 0xF1, 0xFF, 0x10, 0xFF, 0x11, 0x0F, 0x11, 0x11, 0x02, 0x1F, 0x21, 0x20, 0x12
    .byte   0x22, 0x22, 0x03, 0x21, 0x21, 0x22, 0x11, 0x1F,   38, 0x01, 0x1E, 0xEE, 0xFF, 0xED, 0xFE, 0xFE
    .byte   0xFF, 0xEE, 0x11, 0x0F, 0xE2, 0x12, 0x00, 0x12, 0x01, 0x10, 0xFF, 0x00, 0xFE, 0xFF, 0xFE, 0x0E
    .byte   0x0E, 0x00, 0xFE, 0xF1, 0x10, 0xE1, 0x01, 0x00, 0x1E,  -20, 0x0F, 0x10, 0x10, 0xF2, 0xF2, 0xF2
    .byte   0x11, 0x11, 0x21, 0x11, 0x03, 0x01, 0x02, 0x12, 0x11, 0x10, 0x12, 0x1F, 0xF1, 0x11, 0xFE, 0xFF
    .byte   0xF0, 0xEE, 0xE0, 0x00, 0xEE, 0xFF, 0x0F, 0xFE, 0x10, 0x10,   -6, 0x00, 0x12, 0xE2, 0xE1, 0xF1
    .byte   0xF0, 0xF1, 0xE2, 0xE1, 0xE0, 0x2D, 0x5A, 0x4E, 0x21, 0xD2, 0xC6, 0xA6, 0xBF, 0x3D, 0x5B, 0x4B
    .byte   0x42, 0x3D, 0xE3, 0xD4, 0xD4, 0xB6, 0xA5, 0xEF, 0x3B, 0x6A, 0x6C,    5, 0x04, 0xB5, 0xC4, 0xDE
    .byte   0x4C, 0x5B, 0x4D, 0x12, 0xD4, 0xC3, 0xD3, 0xFE, 0x1E, 0x2E, 0xE1, 0xF2, 0xD1, 0x1E, 0x0F, 0x2E
    .byte   0xEF, 0x20, 0xEE, 0x02, 0x0F, 0x1E, 0x11, 0xD4, 0xDE, 0x2E, 0x21, 0xFD,   -2, 0x0C, 0x3F, 0x0E
    .byte   0x20, 0xF3, 0xD2, 0xE3, 0xE1, 0xF0, 0x2E, 0x12, 0xE3, 0xD2, 0x1D, 0x5B, 0x4D, 0xF3, 0xD3, 0xD1
    .byte   0xD5, 0xB5, 0xCC, 0x6A, 0x6C, 0xE3, 0xD2, 0x3E, 0xFE, 0x12, 0xF2, 0xEF, 0xE4,   -3, 0x05, 0xCD
    .byte   0x4C, 0x31, 0xD2, 0x1E, 0x3F, 0xFE, 0xFF, 0x3D, 0x2C, 0x4E, 0xD5, 0xB4, 0xDF, 0x13, 0xC3, 0xEE
    .byte   0x3D, 0x4C, 0x4C, 0x32, 0xD2, 0x0E, 0xE4, 0xC4, 0xC2, 0x12, 0xF2, 0xEE, 0x3C, 0x5B,    6, 0x0C
    .byte   0x4D, 0xF4, 0xB5, 0xB5, 0xB5, 0xCE, 0x4B, 0x5D, 0x1E, 0x2E, 0xE5, 0xA5, 0xEC, 0x5C, 0x3E, 0xFD
    .byte   0x4F, 0xC5, 0xB4, 0x0C, 0x5C, 0x01, 0xE3, 0xFE, 0x3C, 0x4D, 0xE4, 0xB5, 0xC2, 0x1F, 0x1F,    3
    .byte   0x0D, 0x4C, 0x4C, 0x3E, 0x20, 0xD4, 0xB5, 0xDF, 0x3C, 0x4C, 0x30, 0xE2, 0xE2, 0xE3, 0xD3, 0xD2
    .byte   0x2D, 0x4B, 0x4E, 0x02, 0xFF, 0xE3, 0xC3, 0x1D, 0x4C, 0x4D, 0x20, 0xE2, 0xD4, 0xB5, 0xC2, 0x2C
    .byte     12, 0x0B, 0x5C, 0x3D, 0x22, 0xD3, 0xD2, 0xE3, 0xC4, 0xD0, 0x3D, 0x3D, 0x3D, 0x3D, 0x3E, 0xE3
    .byte   0xC4, 0xD2, 0x1E, 0x2E, 0x12, 0xEF, 0x2E, 0x20, 0x2F, 0xD3, 0xE2, 0xEF, 0x11, 0x0F, 0x2D, 0x3D
    .byte   0x3E,   -2, 0x02, 0xD3, 0xE2, 0x01, 0xE1, 0x2D, 0x4C, 0x3F, 0xE2, 0xE2, 0xE1, 0xF2, 0xF1, 0xD3
    .byte   0xE0, 0x2D, 0x4C, 0x3E, 0x02, 0xE0, 0x0F, 0x02, 0xE2, 0xFE, 0x2F, 0xF1, 0x0E, 0x12, 0xE2, 0xE2
    .byte   0xFF, 0x1E,    3, 0x0D, 0x2F, 0x2F, 0xF1, 0xE2, 0xE2, 0x00, 0xF0, 0xF0, 0x2E, 0x2E, 0x11, 0x12
    .byte   0xEF, 0x1E, 0x2F, 0x01, 0xE2, 0xE3, 0xEF, 0x1E, 0x11, 0x02, 0xE1, 0x1E, 0x3D, 0x2F, 0xE3, 0xD2
    .byte   0x2D, 0x20, 0x01,    2, 0x0E, 0x2E, 0x2F, 0x10, 0xE1, 0xF2, 0xE2, 0xE1, 0xE3, 0xE0, 0x2D, 0x21
    .byte   0x01, 0xFE, 0x2E, 0x21, 0xE2, 0xE1, 0x11, 0xF1, 0xE2, 0xF1, 0x1E, 0x3C, 0x4D, 0x22, 0xD2, 0xE1
    .byte   0x11, 0xFF, 0x2E, 0x22,    0, 0x00, 0x0F, 0x02, 0xE2, 0xE2, 0x0E, 0x2E, 0x10, 0x0F, 0x10, 0x10
    .byte   0xF1, 0xF1, 0x01, 0xFF, 0x00, 0x2E, 0x2E, 0x0F, 0x2E, 0x10, 0xFF, 0x2E, 0x21, 0xE1, 0xE3, 0xD3
    .byte   0xD2, 0x0E, 0x3E, 0x1F, 0xE2,   -1, 0x01, 0x1E, 0x2E, 0x02, 0xE2, 0xFE, 0x3E, 0xF2, 0xD3, 0xD2
    .byte   0x10, 0x0F, 0x10, 0x1E, 0x2E, 0x2E, 0x11, 0x0F, 0x01, 0x1E, 0x3D, 0x03, 0xD3, 0xD3, 0xD2, 0x1E
    .byte   0x3D, 0x2F, 0xF2, 0xFE, 0x2E, 0xF3,   -5, 0x03, 0xD2, 0x2E, 0x3D, 0x2E, 0x1F, 0x2F, 0x1E, 0xF1
    .byte   0xF2, 0xE1, 0x00, 0x2E, 0x11, 0xE2, 0xFF, 0x2E, 0x10, 0xF0, 0x2E, 0x2E, 0x10, 0x01, 0xF1, 0xE1
    .byte   0x2F, 0xF1, 0xE2, 0xE2, 0xE2, 0xE1, 0x2E,    5, 0x0D, 0x20, 0xF0, 0x10, 0xE3, 0xD3, 0xE0, 0x1E
    .byte   0x2E, 0x11, 0xE2, 0x1E, 0x3D, 0x2F, 0x00, 0x00, 0x0E, 0x2F, 0x21, 0xD3, 0xD3, 0xE0, 0x2D, 0x20
    .byte   0x1F, 0x2E, 0x01, 0x01, 0x10, 0xE2, 0xE2, 0xE1,    1, 0x0F, 0x00, 0x10, 0x1E, 0x2E, 0x2F, 0x1E
    .byte   0x10, 0x01, 0xF2, 0xE1, 0xE3, 0xD2, 0x0D, 0x4D, 0x22, 0xD3, 0xEE, 0x2F, 0xE2, 0xD3, 0xE2, 0x0F
    .byte   0xF1, 0x0F, 0x2D, 0x3E, 0xF2, 0xE1, 0x01, 0x1E, 0x3E,    2, 0x0E, 0x01, 0xE2, 0xF1, 0x20, 0xE2
    .byte   0xD2, 0x1E, 0x3D, 0x22, 0xD4, 0xC3, 0x1D, 0x3D, 0x3F, 0xE2, 0xD3, 0xFE, 0x3D, 0xF3, 0xC4, 0xD0
    .byte   0x3C, 0x4E, 0xF2, 0xD2, 0x10, 0x1F, 0xFF, 0xF2, 0xF0, 0x2D,    1, 0x0E, 0x2F, 0x02, 0xD3, 0xE1
    .byte   0x2D, 0x2F, 0x1F, 0x11, 0xE1, 0x11, 0x01, 0xFF, 0x2E, 0x1F, 0x11, 0xE2, 0xE2, 0xF0, 0x1F, 0x11
    .byte   0xE2, 0xE1, 0x1E, 0x3D, 0x20, 0xF2, 0xE2, 0xEE, 0x3D, 0x3E, 0x0F,    0, 0x0E, 0x3E, 0xF2, 0xD3
    .byte   0xE0, 0x2E, 0xE2, 0xE2, 0x2E, 0x1F, 0xE3, 0xD2, 0x1D, 0x3D, 0x30, 0xF0, 0xF1, 0x02, 0xE0, 0x0E
    .byte   0x2F, 0x22, 0xD2, 0xE0, 0x02, 0xE1, 0x0E, 0x3D, 0x3E, 0x02, 0xD3, 0xD3,    1, 0x0E, 0x2F, 0x12
    .byte   0xE1, 0xE0, 0x1F, 0x2E, 0x2E, 0x2E, 0x2E, 0x11, 0xF1, 0xE2, 0xF1, 0xF1, 0x0F, 0x2F, 0x00, 0xE2
    .byte   0xE2, 0xE2, 0xE1, 0x01, 0x10, 0x1E, 0x00, 0x02, 0x01, 0x0E, 0x2D, 0x3F, 0xF0,   -5, 0x02, 0xF1
    .byte   0x2E, 0xE3, 0xD3, 0x0F, 0xFE, 0xF2, 0xE3, 0xD2, 0xE2, 0x0F, 0x3C, 0x3E, 0xE3, 0xE1, 0x2D, 0x21
    .byte   0x12, 0xE1, 0xE1, 0x1F, 0x2E, 0x10, 0xE3, 0xEF, 0x1E, 0xF2, 0xE3, 0xEE, 0x3D, 0x21,   -1, 0x02
    .byte   0xE2, 0xE2, 0xFE, 0x2E, 0x2E, 0x00, 0x01, 0x1E, 0x20, 0xF2, 0xE0, 0x1F, 0x11, 0x00, 0x0F, 0x01
    .byte   0xF1, 0xFF, 0x0F, 0x11, 0x00, 0xFF, 0x2F, 0x01, 0xE2, 0xE2, 0xF0, 0x0E, 0x2E, 0x21, 0xFF,    1
    .byte   0x0F, 0x11, 0xE1, 0x1E, 0x3D, 0x21, 0xFF, 0x01, 0xF1, 0xF0, 0xF1, 0x11, 0x01, 0xFF, 0x2E, 0x1E
    .byte   0x2F, 0xE3, 0xD2, 0x0E, 0x3D, 0x21, 0xE2, 0xF0, 0x11, 0xE2, 0xF0, 0xF0, 0x2D, 0x3E, 0x00, 0x0E
    .byte     -1, 0x00, 0x10, 0x11, 0xF0, 0xF0, 0xF1, 0xE2, 0xF1, 0x10, 0xF1, 0xE2, 0xF0, 0x1E, 0x2F, 0x01
    .byte   0x0E, 0x2E, 0x2F, 0x11, 0xF0, 0xF0, 0x10, 0xF1, 0xE2, 0xE2, 0xF0, 0x1E, 0x20, 0xF1, 0xE2, 0xE1
    .byte   0x2E,    2, 0x0F, 0x1F, 0xF0, 0xF0, 0x1F, 0x2E, 0x01, 0xF1, 0x1F, 0x0F, 0x01, 0xE2, 0x00, 0x0F
    .byte   0x2E, 0x2E, 0x1F, 0x01, 0x02, 0xEF, 0x01, 0x00, 0x1F, 0x00, 0x01, 0xF1, 0xE2, 0xE2, 0xF1, 0x1E
    .byte   0x2E, 0x2F,    0, 0x00, 0x0F, 0x01, 0x11, 0xE1, 0xF2, 0xF1, 0xFF, 0x0E, 0x2F, 0x1E, 0x2F, 0x02
    .byte   0xFF, 0x1E, 0x11, 0x01, 0x1F, 0x1E, 0x20, 0xE2, 0xE1, 0xF2, 0xFF, 0x0F, 0x01, 0x10, 0x1E, 0x2E
    .byte   0x2E, 0x10, 0xF2,    0, 0x0F, 0x2E, 0x11, 0xE2, 0xE2, 0x0F, 0x0F, 0x11, 0xF1, 0x0F, 0x00, 0x1E
    .byte   0x2F, 0x2E, 0x11, 0xE2, 0xE1, 0x1E, 0x2F, 0x01, 0x01, 0x1E, 0x2E, 0x02, 0xE1, 0x1F, 0x2F, 0xF1
    .byte   0xE2, 0xE1, 0x1F, 0x1E,    0, 0x01, 0xF2, 0xE0, 0xF1, 0x11, 0xF0, 0xFF, 0x01, 0xF1, 0x1E, 0x2F
    .byte   0x01, 0xF0, 0x1E, 0x2F, 0xF2, 0xE2, 0xE1, 0x01, 0xF1, 0xFF, 0x2E, 0x11, 0xE1, 0x2E, 0x20, 0xE2
    .byte   0x1D, 0x3E, 0x10, 0xF0, 0x11,   -1, 0x01, 0x00, 0x00, 0x00, 0xF0, 0xF1, 0xF2, 0xE2, 0xFF, 0x0F
    .byte   0x2E, 0x1F, 0x11, 0x00, 0x0E, 0x02, 0xE3, 0xD2, 0xF0, 0x2D, 0x3D, 0x20, 0x01, 0x00, 0xF2, 0xE2
    .byte   0xE2, 0xE1, 0xF0, 0xF0, 0x2E, 0x2E,    3, 0x0E, 0x2F, 0xE2, 0xE1, 0x01, 0xF1, 0xFF, 0x2F, 0x1F
    .byte   0x0E, 0x2E, 0x11, 0x01, 0xF1, 0x11, 0xE2, 0xFE, 0x2E, 0x21, 0xE2, 0xE1, 0x2E, 0x11, 0xFE, 0x2F
    .byte   0x00, 0x10, 0x2E, 0x2E, 0x1E, 0x12, 0xE2,   -4, 0x03, 0xD3, 0xD2, 0x2D, 0x3D, 0x22, 0xE2, 0x0E
    .byte   0x02, 0xE2, 0x2D, 0x02, 0xD3, 0xF0, 0x2D, 0x22, 0xE1, 0x2D, 0x2F, 0xE3, 0xD3, 0xEE, 0x3D, 0x3D
    .byte   0x3D, 0x2F, 0xF3, 0xD2, 0xE2, 0xD3, 0xE1, 0x2D,    5, 0x0D, 0x21, 0xE2, 0xFF, 0x2E, 0x11, 0xE3
    .byte   0xD3, 0xEE, 0x2E, 0x10, 0x1F, 0x1E, 0x3D, 0x3E, 0xE2, 0xE2, 0x02, 0xE1, 0xD3, 0xE0, 0x3D, 0x2D
    .byte   0x3D, 0x3F, 0xE3, 0xC4, 0xD3, 0xEF, 0x1D, 0x3F, 0x2D,    1, 0x0E, 0xF2, 0xE4, 0xDE, 0x2E, 0x2E
    .byte   0x2E, 0x2D, 0x21, 0xE4, 0xC4, 0xC2, 0x1F, 0x2E, 0x3C, 0x4C, 0x32, 0xD3, 0xC4, 0xD3, 0xEF, 0xFE
    .byte   0x3D, 0x3E, 0x3C, 0x3E, 0x12, 0xD4, 0xB5, 0xC2, 0x3C, 0x5B,    7, 0x0D, 0x02, 0xE3, 0xC4, 0xD0
    .byte   0x2F, 0xF1, 0xE1, 0x02, 0xE2, 0xFE, 0x3D, 0x3D, 0x3D, 0xF3, 0xC4, 0xED, 0x4D, 0xF2, 0xE0, 0x2E
    .byte   0x02, 0xE0, 0x22, 0xD3, 0xD2, 0x1E, 0x2D, 0x3E, 0xE3, 0xFE, 0x2E,   -2, 0x02, 0xE2, 0x2D, 0xF3
    .byte   0xD3, 0x3B, 0x4D, 0xF3, 0xE2, 0xE2, 0xC4, 0xD2, 0x3D, 0x00, 0x0E, 0x4C, 0x3E, 0xFF, 0x12, 0xE3
    .byte   0xC3, 0xF1, 0x2E, 0x1D, 0x3E, 0xF3, 0xD2, 0xFE, 0x3E, 0x2D, 0x2F, 0xE3,   -2, 0x02, 0xE1, 0xFF
    .byte   0x3D, 0x3E, 0xD2, 0x3D, 0x30, 0xD3, 0xD1, 0x22, 0xD3, 0xDE, 0x4B, 0x5C, 0x3E, 0xE4, 0xC4, 0xC4
    .byte   0xC3, 0x1C, 0x5C, 0x3D, 0xF1, 0x3D, 0x03, 0xC3, 0xE0, 0x23, 0xD1, 0x2D, 0x22,    6, 0x0D, 0x2D
    .byte   0x22, 0x11, 0x10, 0xE0, 0xF2, 0x2D, 0xE3, 0xD2, 0x20, 0x2E, 0xD1, 0x31, 0x00, 0xE1, 0xE0, 0x30
    .byte   0xEE, 0x0F, 0x21, 0x11, 0xEE, 0x12, 0x11, 0x0F, 0xFF, 0x20, 0x10, 0xEF, 0xF1, 0x00,    1, 0x0E
    .byte   0x1F, 0x20, 0x11, 0xE0, 0xF1, 0x11, 0x00, 0xFF, 0x2E, 0x20, 0xE0, 0xFF, 0x02, 0x0F, 0x0F, 0x01
    .byte   0xF2, 0x0E, 0xF0, 0x02, 0x1F, 0x1E, 0xF0, 0x11, 0x0F, 0xF0, 0xF0, 0x21, 0x1E, 0xF1, 0x11,    2
    .byte   0x01, 0xFE, 0x00, 0x12, 0xFF, 0xFF, 0x01, 0x11, 0xFF, 0xF1, 0x01, 0x0F, 0xF0, 0x01, 0x10, 0xF0
    .byte   0xF0, 0xF1, 0x11, 0x00, 0x00, 0x01, 0xF0, 0xFF, 0x00, 0x00, 0x10, 0x00, 0xF0, 0x11, 0x01, 0xF0
    .byte      0, 0x0F, 0x11, 0x1F, 0xFF, 0xF0, 0x01, 0x10, 0xFF, 0x02, 0x00, 0xFF, 0xF0, 0x11, 0x00, 0xF0
    .byte   0xF0, 0x11, 0x10, 0xE0, 0x01, 0x11, 0x00, 0xFF, 0x11, 0x1F, 0xFF, 0x00, 0x11, 0x1F, 0xFF, 0x01
    .byte   0x00,    0, 0x00, 0x00, 0x01, 0x10, 0x1F, 0xFF, 0xF0, 0x1F, 0xF0, 0xF0, 0x11, 0x00, 0x01, 0x0F
    .byte   0x11, 0x0F, 0x0F, 0x00, 0xF0, 0x00, 0x01, 0x01, 0x01, 0x01, 0x00, 0x00, 0x00, 0x01, 0xF0, 0x00
    .byte   0xF1, 0x01,    4, 0x0F, 0x00, 0x00, 0x00, 0xFF, 0xFF, 0x0F, 0x10, 0x0F, 0xFF, 0x0F, 0x1F, 0x0E
    .byte   0xFF, 0x11, 0x10, 0xEE, 0xF0, 0x12, 0xFF, 0xEF, 0x12, 0x22, 0x11, 0x22, 0x33, 0x33, 0x22, 0x00
    .byte   0x1F, 0xEE, 0xDD,   13, 0x0E, 0xD0, 0xFF, 0xF0, 0x20, 0x21, 0x10, 0xFE, 0xEE, 0xEE, 0xDE, 0xDE
    .byte   0xEE, 0xE0, 0x01, 0x10, 0xFF, 0x11, 0xF1, 0x23, 0x24, 0x56, 0x55, 0x31, 0xDD, 0xDE, 0xCC, 0xBC
    .byte   0xCD, 0xF3, 0x32, 0xF0,    1, 0x03, 0x34, 0x31, 0xDD, 0xEE, 0xEE, 0xDD, 0xCC, 0xF1, 0x22, 0x21
    .byte   0xF2, 0x23, 0x31, 0x2E, 0xEE, 0xDF, 0xED, 0xDE, 0xEE, 0xFF, 0x11, 0x22, 0x23, 0x34, 0x66, 0x53
    .byte   0xFD, 0xCB, 0xDD, 0xCB, 0xCD,  -41, 0x02, 0x45, 0x52, 0x20, 0x02, 0x22, 0xEC, 0xCB, 0xDD, 0x13
    .byte   0x20, 0x0E, 0x23, 0x33, 0x2D, 0xDD, 0x02, 0x12, 0xFE, 0xDE, 0xFF, 0xEE, 0xEE, 0xE1, 0x22, 0x10
    .byte   0xFE, 0xF0, 0x13, 0x35, 0x65, 0x43,   80, 0x0C, 0xBB, 0xCF, 0xED, 0xE0, 0x14, 0x55, 0x40, 0xFC
    .byte   0xDD, 0xDE, 0xEC, 0xCD, 0xE2, 0x34, 0x42, 0xEE, 0xE0, 0x0F, 0x0D, 0xDD, 0xE3, 0x13, 0x22, 0x0E
    .byte   0xEF, 0xEE, 0xEE, 0xEF, 0x02, 0x31, 0x1E,  -28, 0x0D, 0xDD, 0x11, 0x34, 0x57, 0x55, 0x2C, 0xBA
    .byte   0xBD, 0xE0, 0x12, 0x22, 0x44, 0x54, 0x1D, 0xCC, 0xBE, 0xEE, 0xEE, 0xEE, 0x23, 0x44, 0x2F, 0xDD
    .byte   0xCD, 0xF0, 0xFE, 0xF0, 0x12, 0x33, 0x3F, 0xED,  -15, 0x0D, 0xE0, 0xF0, 0xEF, 0x01, 0x21, 0x0E
    .byte   0xDD, 0xD0, 0x44, 0x55, 0x64, 0x2F, 0xCB, 0xBC, 0xD2, 0x22, 0x32, 0x23, 0x44, 0x32, 0xEC, 0xCB
    .byte   0xDE, 0xEE, 0xE0, 0x02, 0x34, 0x33, 0xEE, 0xCC, 0xCE,  -34, 0x02, 0x23, 0x23, 0x21, 0x2F, 0xFE
    .byte   0xDD, 0xDE, 0xF2, 0x20, 0x0F, 0x00, 0xFE, 0xED, 0xCE, 0x23, 0x45, 0x55, 0x52, 0x2D, 0xCB, 0xCD
    .byte   0xE2, 0x33, 0x21, 0x23, 0x33, 0x31, 0xDC, 0xCC, 0xDE, 0xEF,  -12, 0x0F, 0x13, 0x23, 0x32, 0xED
    .byte   0xDC, 0xDE, 0xF3, 0x13, 0x22, 0x21, 0x1F, 0xEE, 0xDD, 0xDF, 0x22, 0x22, 0xFE, 0xEE, 0xEE, 0xFD
    .byte   0xEF, 0xF2, 0x44, 0x55, 0x53, 0x1F, 0xCB, 0xCC, 0x12, 0x33, 0x32,   26, 0x02, 0x33, 0x22, 0xFD
    .byte   0xCC, 0xCE, 0xEE, 0x21, 0x02, 0x32, 0x22, 0xFE, 0xDD, 0xDD, 0xF1, 0x32, 0x32, 0x20, 0xFF, 0xEE
    .byte   0xED, 0xEE, 0xE2, 0x22, 0x11, 0xED, 0xEE, 0xEE, 0xEE, 0x02, 0x24, 0x44,   19, 0x05, 0x32, 0x1C
    .byte   0xCC, 0xDF, 0x23, 0x33, 0x2F, 0x02, 0x32, 0x2F, 0xDC, 0xCD, 0xDE, 0xF2, 0x1F, 0x21, 0x22, 0x11
    .byte   0x1D, 0xDD, 0xEE, 0xF3, 0x32, 0x30, 0x1E, 0xEF, 0xEE, 0xEE, 0xEF, 0x00, 0x11,  -23, 0x0E, 0xFD
    .byte   0xEE, 0xEF, 0x12, 0x12, 0x32, 0x43, 0x45, 0x32, 0x1D, 0xCC, 0xE1, 0x14, 0x32, 0x1F, 0x02, 0x12
    .byte   0x21, 0xDD, 0xCD, 0xCE, 0xF0, 0x12, 0x21, 0x02, 0x10, 0xEF, 0xFD, 0xEE, 0x0F, 0x23,   -1, 0x02
    .byte   0x2F, 0xEE, 0xEE, 0xEE, 0xE0, 0xF0, 0x11, 0xFF, 0xED, 0xED, 0xEF, 0x12, 0x21, 0x32, 0x33, 0x43
    .byte   0x44, 0x2F, 0xDD, 0xC0, 0x22, 0x33, 0x12, 0xE0, 0x20, 0x21, 0xFD, 0xDD, 0xCD, 0xD1, 0x11,   -9
    .byte   0x02, 0x12, 0x12, 0xFE, 0xEF, 0xDE, 0x01, 0x02, 0x32, 0x22, 0xFE, 0xEE, 0xEE, 0xFE, 0xFE, 0x01
    .byte   0x01, 0xEE, 0xEE, 0xDE, 0xF0, 0x12, 0x22, 0x23, 0x33, 0x43, 0x43, 0x11, 0xDD, 0xDF, 0x22, 0x33
    .byte     47, 0x0E, 0x0F, 0x2F, 0x21, 0xED, 0xDC, 0xDD, 0xEF, 0x00, 0x21, 0x21, 0x21, 0xE0, 0xEE, 0xFE
    .byte   0xF1, 0x01, 0x22, 0x21, 0x10, 0xEE, 0xEF, 0xEE, 0x0E, 0x00, 0xE1, 0x0E, 0xEE, 0xEE, 0xEF, 0x01
    .byte   0x23,  -32, 0x03, 0x32, 0x33, 0x43, 0x32, 0xFD, 0xDD, 0x22, 0x33, 0x21, 0x0E, 0x01, 0x11, 0x0E
    .byte   0xDD, 0xCD, 0xDE, 0x01, 0x10, 0x21, 0x02, 0x0F, 0xFF, 0xEF, 0xFF, 0x00, 0x21, 0x12, 0x2F, 0x0F
    .byte   0xFE, 0xEE,  -19, 0x0E, 0xFE, 0x1F, 0x1F, 0xFE, 0xED, 0xFE, 0x11, 0x22, 0x31, 0x22, 0x33, 0x33
    .byte   0x34, 0x11, 0x1E, 0xDF, 0x22, 0x13, 0x2E, 0xF1, 0xF0, 0xF2, 0xED, 0xED, 0xDD, 0xDF, 0xE0, 0x20
    .byte   0x02, 0x12, 0x00,    1, 0x0E, 0xFE, 0x1F, 0xF1, 0x01, 0x22, 0x11, 0x0F, 0xEE, 0xEF, 0xEE, 0xEF
    .byte   0xEF, 0x0F, 0xFF, 0x0E, 0xEE, 0xEF, 0xF2, 0x23, 0x32, 0x22, 0x32, 0x33, 0x42, 0x20, 0xED, 0xE2
    .byte   0x22, 0x32, 0xEE, 0x0F,   42, 0x00, 0x10, 0xDE, 0xDD, 0xDD, 0xFE, 0x01, 0x11, 0x12, 0x11, 0x11
    .byte   0xE0, 0xEF, 0xF0, 0x02, 0x11, 0x10, 0x11, 0x00, 0xEF, 0xEE, 0xEE, 0xE0, 0xE0, 0x00, 0xFF, 0x0F
    .byte   0xDE, 0xE0, 0x12, 0x23, 0x22,  -18, 0x02, 0x33, 0x33, 0x23, 0x11, 0x1D, 0xFF, 0x22, 0x23, 0xFE
    .byte   0x0F, 0xFF, 0xFF, 0xEE, 0xED, 0xDD, 0xFE, 0xE2, 0x01, 0x12, 0x21, 0x00, 0xEE, 0xEF, 0x0F, 0x10
    .byte   0x02, 0x11, 0x0F, 0xFF, 0xFF, 0x0E,  -15, 0x0E, 0xEE, 0x0E, 0x0F, 0x01, 0xFF, 0xF1, 0xEE, 0xFF
    .byte   0xF1, 0x32, 0x23, 0x22, 0x23, 0x32, 0x33, 0x11, 0x0E, 0xEF, 0x22, 0x23, 0xFE, 0xFF, 0xEF, 0x2F
    .byte   0xEE, 0xDE, 0xDE, 0xEE, 0xF0, 0x2F, 0x11,    2, 0x01, 0x11, 0xEF, 0xE0, 0xFF, 0x11, 0xF1, 0xF0
    .byte   0x11, 0xFF, 0xFE, 0xFF, 0xEF, 0xE0, 0xEE, 0xFF, 0xFF, 0x0F, 0xFF, 0xFE, 0xFE, 0xE2, 0x13, 0x33
    .byte   0x21, 0x12, 0x23, 0x33, 0x33, 0xE0, 0x0D, 0x02,   40, 0x01, 0x32, 0xDF, 0xF0, 0xE0, 0x2F, 0xDE
    .byte   0xDD, 0xD0, 0xFF, 0xF2, 0xFE, 0x12, 0x00, 0x20, 0xEE, 0xFE, 0x0F, 0x1F, 0xF2, 0x11, 0x11, 0x1E
    .byte   0xFE, 0xEE, 0xEF, 0xEF, 0x0F, 0x0E, 0x0F, 0xE0, 0xE0,  -41, 0x0F, 0x0E, 0xF0, 0x20, 0x23, 0x32
    .byte   0x22, 0x13, 0x33, 0x22, 0x32, 0x1E, 0xEE, 0x13, 0x22, 0x20, 0xDF, 0xFF, 0x11, 0x1D, 0xEE, 0xDD
    .byte   0xEF, 0xE0, 0x10, 0xF0, 0x11, 0x02, 0x0E, 0xE0, 0xE0, 0x01,   -6, 0x01, 0x02, 0x01, 0x11, 0xFF
    .byte   0xFF, 0xDE, 0xE0, 0xFF, 0x0E, 0xFF, 0xEE, 0xFF, 0xFF, 0xFF, 0xEF, 0xFF, 0x02, 0x13, 0x22, 0x31
    .byte   0x23, 0x33, 0x32, 0x23, 0x10, 0x1E, 0xEF, 0x31, 0x22, 0x0D, 0x01,   42, 0x00, 0x1F, 0xDE, 0xED
    .byte   0xDE, 0xEF, 0xFF, 0x0F, 0xF0, 0x21, 0x00, 0xFE, 0x0F, 0x01, 0x10, 0x10, 0x21, 0x11, 0xF0, 0x0F
    .byte   0xFF, 0xEF, 0xEE, 0xEE, 0xEF, 0x0E, 0x1E, 0xEE, 0xFF, 0x01, 0x00, 0xFE,  -49, 0x01, 0x13, 0x23
    .byte   0x12, 0x21, 0x33, 0x33, 0x32, 0x22, 0x01, 0x0E, 0xF2, 0x12, 0x11, 0xEE, 0x2E, 0x11, 0xEE, 0xED
    .byte   0xED, 0xEE, 0xFE, 0xFF, 0xFF, 0x01, 0x02, 0x00, 0xF1, 0x01, 0x00, 0xFF, 0xF0,   -2, 0x02, 0x11
    .byte   0x10, 0xE0, 0xFF, 0xEF, 0xEE, 0xEE, 0xFE, 0xE0, 0x0E, 0xFE, 0xFF, 0xF1, 0x10, 0xFF, 0x00, 0x12
    .byte   0x22, 0x22, 0x22, 0x23, 0x33, 0x23, 0x22, 0x3F, 0x0F, 0xEF, 0x12, 0x2F, 0xFE, 0xE1,   42, 0x00
    .byte   0xFE, 0xED, 0xEE, 0xEE, 0xEE, 0xFE, 0xEF, 0xF0, 0x02, 0x01, 0x0F, 0x00, 0x12, 0xF1, 0xF1, 0x00
    .byte   0x10, 0x01, 0x0F, 0xF0, 0x00, 0xFE, 0xEE, 0xEF, 0xEF, 0x0E, 0xFF, 0xEF, 0xE2, 0xF0, 0x0F,  -39
    .byte   0x00, 0x11, 0x12, 0x12, 0x22, 0x01, 0x22, 0x32, 0x31, 0x22, 0x23, 0x12, 0xF0, 0x02, 0x21, 0x0E
    .byte   0x0F, 0x10, 0xFE, 0xE0, 0xEE, 0xEE, 0xEF, 0xFE, 0xFE, 0xFE, 0xF0, 0xFF, 0xFF, 0xF1, 0x00, 0x10
    .byte     -6, 0x00, 0x10, 0x10, 0x0F, 0x00, 0x00, 0x00, 0xFF, 0x00, 0xE0, 0xE0, 0xFE, 0x0E, 0x00, 0xFF
    .byte   0xFF, 0xFF, 0xFF, 0x00, 0x10, 0x00, 0x20, 0x11, 0x11, 0x12, 0x21, 0x12, 0x22, 0x32, 0x22, 0x21
    .byte   0x22,   38, 0x02, 0x21, 0x11, 0x11, 0x11, 0xFF, 0xEE, 0xFE, 0xEE, 0xEE, 0xEE, 0xEE, 0xEE, 0xEF
    .byte   0xEF, 0xEE, 0x0F, 0xF1, 0xF0, 0xF1, 0x02, 0x11, 0x11, 0x01, 0x21, 0x10, 0x10, 0x1F, 0x10, 0xF0
    .byte   0x0F, 0xEF,  -13, 0x0E, 0x0F, 0xEF, 0xFE, 0xFE, 0x1F, 0x1F, 0x00, 0x02, 0x01, 0x10, 0x21, 0x22
    .byte   0x22, 0x13, 0x22, 0x23, 0x21, 0x22, 0x22, 0x22, 0xF0, 0x11, 0x00, 0xFF, 0xEE, 0xEE, 0xEE, 0xEE
    .byte   0xED, 0xFE, 0xEE,   -8, 0x0E, 0xFE, 0xE0, 0xFF, 0x00, 0x1F, 0x11, 0x02, 0x11, 0x10, 0x21, 0x11
    .byte   0x11, 0x00, 0x10, 0xF1, 0x00, 0xFE, 0xF0, 0xE0, 0xEF, 0xFE, 0xFF, 0xE0, 0xFF, 0xF0, 0xF1, 0x02
    .byte   0x11, 0x10, 0x12, 0x22,  -10, 0x02, 0x22, 0x22, 0x22, 0x31, 0x21, 0x22, 0x22, 0x2F, 0xF1, 0x11
    .byte   0x0F, 0xEE, 0xEE, 0xEE, 0xFE, 0xEE, 0xEE, 0xEE, 0xEE, 0xFE, 0xE0, 0xE0, 0x0F, 0x01, 0x00, 0x12
    .byte   0x11, 0x11, 0xF2, 0x01, 0x2F,   -5, 0x01, 0x01, 0x00, 0x1F, 0xFF, 0xFF, 0xFF, 0xE0, 0xEE, 0xFF
    .byte   0xFF, 0x0E, 0xFF, 0x00, 0x01, 0x10, 0x02, 0x01, 0x21, 0x22, 0x22, 0x22, 0x22, 0x22, 0x22, 0x12
    .byte   0x22, 0x22, 0xFF, 0xF2, 0xF1, 0x0E,   44, 0x0E, 0xEE, 0xFE, 0xEE, 0xEE, 0xEE, 0xEE, 0xEE, 0x0E
    .byte   0xEF, 0xF0, 0x10, 0x00, 0x00, 0x20, 0x21, 0x10, 0x02, 0x10, 0x20, 0x11, 0x1F, 0x00, 0x0F, 0xF0
    .byte   0x0E, 0x0E, 0x0F, 0xE0, 0xEE, 0x0F, 0xFF,  -29, 0x0F, 0x00, 0xF1, 0x00, 0x20, 0x20, 0x11, 0x22
    .byte   0x22, 0x12, 0x22, 0x22, 0x31, 0x12, 0x12, 0x22, 0x10, 0xF1, 0x11, 0xF1, 0xEE, 0xEE, 0xEF, 0xEE
    .byte   0xEE, 0xEE, 0xEE, 0xFE, 0xEF, 0xE0, 0xE1, 0x00,  -22, 0x00, 0x11, 0x02, 0x11, 0x10, 0x20, 0x20
    .byte   0x20, 0x10, 0x20, 0x0F, 0x0F, 0xF0, 0x0E, 0x0E, 0x0E, 0xFF, 0xEF, 0xEE, 0xFF, 0xFF, 0xF0, 0xF1
    .byte   0x01, 0x10, 0x20, 0x20, 0x2F, 0x22, 0x22, 0x21, 0x22,   16, 0x02, 0x22, 0x11, 0x22, 0x12, 0xF0
    .byte   0x01, 0x10, 0xFF, 0xEE, 0xFE, 0xEF, 0xEE, 0xEE, 0xEF, 0xEE, 0xFE, 0xFE, 0xFE, 0x01, 0x00, 0xF0
    .byte   0x02, 0x02, 0x01, 0x10, 0x20, 0x21, 0x11, 0x11, 0x11, 0x1F,    5, 0x0F, 0x0F, 0xE0, 0xFE, 0xFE
    .byte   0x0E, 0x0E, 0xE0, 0xE0, 0xFF, 0xF0, 0xF0, 0x10, 0x21, 0x10, 0x20, 0x22, 0x12, 0x21, 0x22, 0x22
    .byte   0x12, 0x22, 0x01, 0x22, 0x12, 0xF0, 0xE2, 0xF1, 0xFF, 0xFE, 0xEE,   24, 0x0E, 0xFE, 0xEE, 0xEF
    .byte   0xEE, 0x0F, 0xE0, 0xEF, 0xFF, 0x00, 0xF1, 0x00, 0x20, 0x20, 0x00, 0x20, 0x20, 0x11, 0x02, 0x01
    .byte   0x00, 0x0F, 0xFF, 0xF0, 0xE0, 0xEF, 0xFF, 0xEF, 0xEF, 0xEF, 0xFF, 0x0F,  -29, 0x00, 0x01, 0x02
    .byte   0x11, 0x10, 0x22, 0x02, 0x02, 0x22, 0x21, 0x21, 0x22, 0x21, 0x10, 0x22, 0x11, 0xFF, 0x01, 0x01
    .byte   0xFF, 0xEE, 0xFF, 0xEE, 0xFE, 0xEF, 0xEE, 0x0E, 0xFF, 0xE0, 0xE0, 0xF1, 0x0F,  -16, 0x00, 0x11
    .byte   0x12, 0x00, 0x11, 0x02, 0x10, 0x20, 0x01, 0x10, 0xF1, 0xF0, 0xFE, 0x1F, 0xFE, 0x0E, 0xFE, 0x0E
    .byte   0x0E, 0xFF, 0xF0, 0xFF, 0x01, 0x11, 0x11, 0x11, 0x21, 0x21, 0x12, 0x21, 0x22, 0x12,   12, 0x02
    .byte   0x22, 0x10, 0x12, 0x12, 0x10, 0xFE, 0x11, 0x10, 0xFF, 0xEF, 0xEF, 0xE0, 0xEE, 0xEF, 0x0E, 0x0E
    .byte   0xFE, 0xFF, 0xFF, 0x0F, 0x0F, 0x01, 0x11, 0x11, 0x02, 0x01, 0x02, 0x01, 0x00, 0x11, 0x10,    4
    .byte   0x0F, 0xFF, 0xF0, 0xE0, 0xEF, 0xFF, 0xFE, 0xE0, 0xE0, 0x00, 0xE0, 0xFF, 0x02, 0x10, 0x11, 0x11
    .byte   0x22, 0x01, 0x12, 0x22, 0x12, 0x12, 0x12, 0x22, 0x11, 0x02, 0x02, 0x00, 0xF0, 0x10, 0x00, 0x0E
    .byte     27, 0x0E, 0xF0, 0xE0, 0xEE, 0xE0, 0xE0, 0xE0, 0xEF, 0xEF, 0xF1, 0x0F, 0x0F, 0x00, 0x12, 0x01
    .byte   0x1F, 0x00, 0x22, 0x10, 0xF1, 0x10, 0x21, 0xE0, 0xFF, 0x00, 0x0F, 0xEE, 0xF0, 0xE0, 0x0E, 0xEF
    .byte   0xFF,  -25, 0x00, 0xFF, 0x01, 0x11, 0x01, 0x2F, 0x12, 0x11, 0x21, 0x21, 0x21, 0x21, 0x21, 0x22
    .byte   0x11, 0x11, 0x21, 0x2F, 0x0F, 0x01, 0x10, 0x0E, 0xFF, 0xE0, 0xE0, 0xEE, 0xFE, 0xFF, 0xE0, 0xE0
    .byte   0xEF, 0xFF,  -11, 0x0F, 0x0F, 0x00, 0x11, 0x10, 0x11, 0x10, 0x02, 0x01, 0x10, 0x11, 0x11, 0x0F
    .byte   0xFF, 0x0F, 0xFF, 0x0E, 0x00, 0xEF, 0xFF, 0xE0, 0xE0, 0xFF, 0x00, 0x01, 0x01, 0x01, 0x01, 0x21
    .byte   0x02, 0x02, 0x12,    0, 0x01, 0x21, 0x12, 0x12, 0x21, 0x10, 0x12, 0x12, 0x0E, 0x00, 0x11, 0x0F
    .byte   0xFE, 0xF0, 0xE0, 0xEF, 0xFE, 0xFE, 0x00, 0xE0, 0xEF, 0xF0, 0xFF, 0x0F, 0xF0, 0x00, 0x01, 0x00
    .byte   0x01, 0x11, 0x10, 0x1F,   -5, 0x02, 0xF1, 0x00, 0x0F, 0xF1, 0xFF, 0xF0, 0xEF, 0x00, 0xE0, 0xEF
    .byte   0x0F, 0xFF, 0xFF, 0x01, 0x01, 0x10, 0x02, 0x02, 0x02, 0x11, 0x21, 0x21, 0x20, 0x20, 0x21, 0x21
    .byte   0x10, 0x02, 0x01, 0x2E, 0xFF,   26, 0x02, 0x0F, 0xFE, 0xEF, 0x1F, 0xFE, 0xEF, 0xE0, 0x0F, 0x0E
    .byte   0xF0, 0xFF, 0xFF, 0xFF, 0xFF, 0xF1, 0x11, 0xFF, 0x01, 0x01, 0xF0, 0xF1, 0x12, 0x00, 0xFF, 0x11
    .byte   0x10, 0x0E, 0x0F, 0x0F, 0x0F, 0xEE,  -18, 0x0F, 0x1F, 0x0E, 0x0F, 0x01, 0x11, 0x00, 0x11, 0x22
    .byte   0x12, 0x01, 0x21, 0x22, 0xF1, 0x02, 0x02, 0x02, 0x00, 0x10, 0x00, 0x20, 0xF0, 0xFF, 0xF2, 0xF0
    .byte   0x0E, 0xFF, 0xF0, 0xFE, 0xE0, 0xFF, 0x01,    4, 0x0F, 0xFF, 0x1F, 0x10, 0xEF, 0x00, 0x1F, 0x00
    .byte   0x0E, 0x01, 0xF0, 0x0E, 0x0F, 0x10, 0x00, 0xFF, 0x11, 0x00, 0xFF, 0x0F, 0x1F, 0xFF, 0xF0, 0xFF
    .byte   0x01, 0x0F, 0x0F, 0x02, 0x11, 0x11, 0x02, 0x21,   -1, 0x02, 0x02, 0x02, 0x11, 0x11, 0x01, 0x00
    .byte   0x10, 0x00, 0x0F, 0xF0, 0xFF, 0x00, 0x0F, 0xF0, 0x11, 0x10, 0x0F, 0x01, 0x10, 0x0F, 0x00, 0x10
    .byte   0x0F, 0xFF, 0x00, 0xE0, 0xE0, 0xE0, 0x0E, 0x0E, 0xFF,  -13, 0x0F, 0xFE, 0xF0, 0xFF, 0x0E, 0xF1
    .byte   0x10, 0x0F, 0x01, 0x11, 0x11, 0x11, 0x11, 0x21, 0x2F, 0x02, 0x02, 0x11, 0x10, 0x00, 0x20, 0x2F
    .byte   0xFF, 0x11, 0x10, 0x1F, 0xFF, 0x10, 0x20, 0xF0, 0xFF, 0x11,   12, 0x00, 0xF0, 0xF0, 0x02, 0x11
    .byte   0xFF, 0x00, 0x20, 0x0E, 0xF0, 0x02, 0x0F, 0x0E, 0x0F, 0x0F, 0xE0, 0xEE, 0xFF, 0xFF, 0xEF, 0xE0
    .byte   0xE0, 0x00, 0xEF, 0xFF, 0x00, 0xF1, 0x00, 0xF0, 0x21, 0x10, 0x01,  -18, 0x01, 0x21, 0x20, 0x01
    .byte   0x21, 0x21, 0x11, 0x10, 0x20, 0x10, 0x0F, 0x01, 0x11, 0xFF, 0x00, 0x01, 0xF0, 0xF0, 0xF0, 0x10
    .byte   0xF1, 0xFF, 0x01, 0x00, 0x01, 0x01, 0x10, 0x01, 0x01, 0x00, 0xFF, 0x01,   14, 0x00, 0x0F, 0xE0
    .byte   0x0F, 0xFF, 0xEE, 0x0E, 0x0F, 0xFE, 0x0E, 0xFF, 0x0E, 0x0F, 0xFF, 0xF0, 0x01, 0x1F, 0x01, 0x11
    .byte   0x02, 0x00, 0x21, 0x21, 0x02, 0x02, 0x02, 0x10, 0x11, 0x01, 0x11, 0x1F, 0x01,   10, 0x00, 0xF0
    .byte   0xF1, 0xFF, 0xF1, 0x00, 0x0F, 0x0F, 0x11, 0x00, 0x0F, 0x11, 0x01, 0x0F, 0x01, 0x01, 0x11, 0x0F
    .byte   0x00, 0x10, 0x1F, 0xFF, 0x00, 0x1F, 0xF0, 0xE0, 0xF0, 0xFE, 0x0E, 0x0E, 0xF0, 0xFE,  -16, 0x0F
    .byte   0xFF, 0xFF, 0x0E, 0x01, 0x00, 0x10, 0x00, 0x02, 0x11, 0x10, 0x20, 0x12, 0x11, 0x11, 0x20, 0x20
    .byte   0x2F, 0x01, 0x11, 0x10, 0x1F, 0x00, 0x00, 0x0F, 0x00, 0x0F, 0xF0, 0xFF, 0xF1, 0x01, 0xFF,    5
    .byte   0x01, 0x10, 0x1F, 0x01, 0xFF, 0x11, 0xFF, 0xF0, 0x20, 0x10, 0x0F, 0x01, 0x0E, 0x1E, 0x01, 0x01
    .byte   0x1E, 0x0E, 0xF1, 0xFF, 0x0E, 0x0E, 0x0F, 0x0F, 0xE0, 0x01, 0x00, 0x0E, 0x11, 0x11, 0xFF, 0x01
    .byte    -16, 0x02, 0x11, 0x10, 0x02, 0x11, 0x11, 0x10, 0x21, 0x20, 0x00, 0xF0, 0x20, 0x0F, 0xF0, 0x01
    .byte   0x00, 0xFF, 0xF1, 0x0F, 0xF0, 0xE0, 0x11, 0x00, 0x00, 0xF0, 0x11, 0xFF, 0xF0, 0xF1, 0x00, 0xF0
    .byte   0x22,    9, 0x00, 0x1E, 0xF1, 0x00, 0xEF, 0x00, 0x01, 0x1F, 0x0F, 0x0E, 0x0F, 0x0E, 0xFF, 0xF0
    .byte   0x01, 0xF0, 0xE0, 0x01, 0x1F, 0x0F, 0x00, 0x12, 0x00, 0x00, 0x02, 0x11, 0x00, 0xF1, 0x12, 0x10
    .byte   0xF1, 0x11,    5, 0x01, 0x00, 0xF1, 0x00, 0x10, 0xF0, 0x00, 0x00, 0x01, 0xF0, 0xF0, 0x00, 0x00
    .byte   0xF1, 0xF0, 0x10, 0x01, 0xF0, 0xF1, 0x00, 0x10, 0xFF, 0x02, 0x00, 0xFF, 0xF0, 0xF0, 0x0F, 0xE1
    .byte   0x10, 0x01, 0x0E,   -2, 0x0F, 0x10, 0xFF, 0x0E, 0x0F, 0x11, 0xE0, 0x11, 0xFF, 0x01, 0x00, 0xF1
    .byte   0xF0, 0x01, 0x10, 0x11, 0x11, 0x11, 0x01, 0x01, 0x10, 0x01, 0x01, 0x01, 0x10, 0x01, 0x10, 0xFF
    .byte   0x01, 0x00, 0x0F, 0x00,    6, 0x01, 0x0F, 0x0F, 0x0F, 0x10, 0xFF, 0xF0, 0x02, 0x00, 0x0E, 0x00
    .byte   0x11, 0xFF, 0x00, 0x02, 0x00, 0xF0, 0xE0, 0x01, 0x0F, 0xFF, 0x01, 0x11, 0x00, 0xEF, 0x10, 0x00
    .byte   0xFE, 0x01, 0x11, 0xF0, 0xFF,   -5, 0x0F, 0x10, 0xFF, 0x00, 0x00, 0x1F, 0x11, 0x10, 0x0F, 0x01
    .byte   0x11, 0x01, 0x0F, 0x01, 0x10, 0x0F, 0x01, 0x11, 0x01, 0x00, 0x00, 0x1F, 0x0F, 0xF1, 0xF2, 0x0F
    .byte   0xFF, 0x01, 0x11, 0xF0, 0xFF, 0x01,    3, 0x0F, 0xF1, 0x00, 0x11, 0x0F, 0x01, 0x1F, 0x0F, 0xFF
    .byte   0x01, 0x10, 0xF0, 0x00, 0x00, 0xFF, 0xFF, 0x01, 0x0F, 0x00, 0xF0, 0x01, 0x0F, 0xFF, 0x00, 0x11
    .byte   0x10, 0xE0, 0x10, 0x11, 0x0F, 0xF0, 0x11,   -2, 0x0F, 0x00, 0x01, 0x10, 0x1F, 0x1F, 0x00, 0x10
    .byte   0x10, 0xF0, 0x00, 0x11, 0x0F, 0xE1, 0x11, 0x10, 0xF0, 0x00, 0x11, 0x1F, 0x0F, 0x00, 0x21, 0x0E
    .byte   0x0F, 0x01, 0x11, 0xF0, 0x01, 0x11, 0x0F, 0xF0,    2, 0x0F, 0xF0, 0x0F, 0x11, 0x00, 0x01, 0x0F
    .byte   0xFF, 0xFF, 0x01, 0x00, 0x0F, 0x10, 0x00, 0x00, 0xF0, 0x01, 0x1F, 0x10, 0xFF, 0x01, 0x01, 0x0F
    .byte   0x00, 0x10, 0x10, 0x0F, 0xF0, 0x1F, 0x10, 0xF0, 0x01,    0, 0x00, 0x00, 0xFF, 0x11, 0x0F, 0x00
    .byte   0x10, 0xF1, 0x10, 0xF1, 0x1F, 0x11, 0xF0, 0xF0, 0x01, 0xF1, 0x00, 0x00, 0x10, 0x00, 0xFF, 0x01
    .byte   0x00, 0x0F, 0x0F, 0x01, 0x01, 0xFF, 0xF1, 0x10, 0x00, 0xFF,    0, 0x00, 0x1F, 0x0F, 0xF1, 0x0F
    .byte   0x2F, 0xFF, 0xF1, 0x01, 0xF0, 0xF0, 0x11, 0xF1, 0x0F, 0xF0, 0x10, 0x10, 0x0F, 0x00, 0x00, 0x1F
    .byte   0x00, 0x01, 0x00, 0x01, 0xF0, 0x01, 0x0F, 0x00, 0x0F, 0x0F, 0x11,   -1, 0x01, 0x10, 0xF0, 0x01
    .byte   0xF0, 0x00, 0xF0, 0x01, 0x01, 0x0F, 0x10, 0x00, 0x00, 0x00, 0x00, 0x00, 0x0F, 0x1F, 0x00, 0x00
    .byte   0x01, 0x10, 0x0F, 0xF0, 0x0F, 0x10, 0x0F, 0x01, 0x01, 0x0F, 0xF0, 0x00,    0, 0x00, 0xFF, 0x10
    .byte   0x01, 0x1F, 0xF0, 0x01, 0x10, 0x0F, 0xFF, 0x10, 0x10, 0x1F, 0xF1, 0x10, 0xF0, 0xF0, 0xF1, 0x01
    .byte   0x00, 0x1F, 0x1F, 0x10, 0xFF, 0x00, 0x01, 0x10, 0x00, 0x0F, 0x00, 0x00, 0x00,    0, 0x0F, 0x10
    .byte   0x1F, 0x00, 0xF0, 0x00, 0x01, 0x00, 0x0F, 0x00, 0x00, 0x10, 0x10, 0x0F, 0x11, 0xF0, 0x0F, 0xF0
    .byte   0x10, 0x10, 0x1F, 0x00, 0xF1, 0x00, 0xFF, 0x00, 0x10, 0x01, 0xF0, 0xF0, 0x00, 0x1F,   -1, 0x00
    .byte   0x01, 0x01, 0x0F, 0x0F, 0x01, 0xF0, 0x00, 0x01, 0x11, 0xFF, 0x00, 0x01, 0x0F, 0x00, 0x00, 0x01
    .byte   0xF1, 0xF0, 0xF0, 0x11, 0x0F, 0x01, 0x00, 0x00, 0xFF, 0x10, 0xF0, 0x10, 0x00, 0x10, 0x00,    1
    .byte   0x00, 0x0F, 0x0F, 0x00, 0x00, 0x10, 0xF1, 0xF1, 0xF1, 0x00, 0x00, 0xF0, 0x01, 0x00, 0x1F, 0x00
    .byte   0x00, 0x10, 0x00, 0x00, 0x00, 0xF1, 0xFF, 0xF1, 0x01, 0x0F, 0x10, 0x1F, 0x00, 0x0F, 0x01, 0x0F
    .byte     -1, 0x0F, 0x11, 0xF0, 0x10, 0x00, 0x00, 0x10, 0xF0, 0xF1, 0x0F, 0x11, 0xF0, 0x01, 0x01, 0xF0
    .byte   0xFF, 0x01, 0x01, 0x0F, 0x00, 0x00, 0x00, 0x00, 0xF0, 0x01, 0x00, 0x10, 0xFF, 0x01, 0x01, 0xF1
    .byte   0xFF,    0, 0x0F, 0x10, 0x1F, 0x1F, 0x01, 0x00, 0x0F, 0x0F, 0x1F, 0x10, 0x00, 0xF0, 0x01, 0x01
    .byte   0xF0, 0xF0, 0x00, 0x1F, 0x10, 0x00, 0xF0, 0x11, 0xF0, 0x00, 0xF0, 0x10, 0x1F, 0x00, 0x00, 0x01
    .byte   0x00, 0x00,    0, 0x00, 0x00, 0x00, 0x0F, 0x10, 0x01, 0xF1, 0xF0, 0x0F, 0x10, 0x10, 0x0F, 0xF0
    .byte   0x01, 0x01, 0xF0, 0x00, 0xF1, 0x00, 0x1F, 0x0F, 0x10, 0x01, 0xF0, 0xF1, 0x01, 0xF1, 0xF1, 0x0F
    .byte   0x00, 0x00, 0xF1,   -1, 0x00, 0x00, 0x10, 0x00, 0x0F, 0x10, 0x0F, 0x01, 0x00, 0x00, 0x01, 0xF0
    .byte   0x00, 0xF0, 0x00, 0x10, 0xF1, 0x1F, 0x01, 0xF0, 0xF0, 0x00, 0x01, 0x01, 0xF0, 0xF1, 0x10, 0x00
    .byte   0xF0, 0x0F, 0x01, 0x00,   -1, 0x01, 0x00, 0x1F, 0x10, 0xFF, 0x1F, 0x01, 0x00, 0xF1, 0x00, 0x00
    .byte   0x00, 0x00, 0x00, 0x1F, 0x10, 0xF0, 0x10, 0xF0, 0xF1, 0xF1, 0x01, 0x00, 0xF0, 0xF0, 0x10, 0xF1
    .byte   0x01, 0xF0, 0x10, 0xF0, 0xF1,   -1, 0x00, 0x10, 0x00, 0x00, 0x01, 0x00, 0xF1, 0xF1, 0xFF, 0x10
    .byte   0x00, 0x0F, 0x10, 0x00, 0x00, 0x00, 0x01, 0xF0, 0xF1, 0xF1, 0x01, 0xFF, 0x01, 0x01, 0x0F, 0x1F
    .byte   0x0F, 0x10, 0x00, 0x1F, 0x1F, 0x00,    0, 0x00, 0x00, 0x00, 0x00, 0x00, 0x00, 0x1F, 0x0F, 0x10
    .byte   0x00, 0x00, 0x01, 0xF0, 0x00, 0x01, 0x0F, 0x00, 0x00, 0x00, 0x1F, 0x00, 0x00, 0x00, 0x00, 0xF1
    .byte   0x01, 0xF1, 0xF0, 0x00, 0xF1, 0x00, 0x0F,    0, 0x00, 0xF1, 0x10, 0xF0, 0x00, 0x0F, 0x00, 0x01
    .byte   0x01, 0x0F, 0x00, 0x01, 0xF0, 0xF0, 0x10, 0xF1, 0x00, 0x00, 0x10, 0xF0, 0x00, 0x1F, 0x0F, 0x1F
    .byte   0x00, 0x10, 0x00, 0xF1, 0xF0, 0x10, 0x00, 0x1F,    0, 0x00, 0x00, 0x01, 0xF0, 0x00, 0x00, 0x01
    .byte   0xF0, 0x1F, 0x00, 0xF1, 0x01, 0xF0, 0x00, 0x00, 0x00, 0x00, 0x1F, 0x0F, 0x10, 0xF1, 0x00, 0x00
    .byte   0x00, 0x1F, 0x00, 0x10, 0xF0, 0x00, 0xF1, 0xF1, 0x00,    0, 0x00, 0x01, 0xF1, 0xF1, 0xF0, 0x1F
    .byte   0x1F, 0xF1, 0x00, 0x1F, 0x1F, 0xF1, 0x0F, 0x11, 0xF0, 0x00, 0x00, 0x0F, 0x11, 0xF0, 0x0F, 0x10
    .byte   0x00, 0x1F, 0x00, 0x0F, 0x10, 0x00, 0x01, 0x0F, 0x00, 0x00,    0, 0x00, 0x1F, 0x00, 0xF1, 0x00
    .byte   0x00, 0x00, 0x1F, 0x00, 0x1F, 0x01, 0xF0, 0x00, 0xF1, 0x00, 0x00, 0x1F, 0x01, 0x0F, 0x00, 0xF1
    .byte   0x0F, 0x10, 0x01, 0xF1, 0xFF, 0x10, 0x00, 0x00, 0x00, 0x1F, 0x00,    0, 0x00, 0xF1, 0x00, 0x00
    .byte   0x00, 0x1F, 0x00, 0x00, 0x00, 0x00, 0x00, 0x00, 0x00, 0x0F, 0x01, 0x1F, 0x00, 0x00, 0xF0, 0x10
    .byte   0x00, 0x00, 0x00, 0x00, 0xF1, 0x1F, 0xF1, 0x00, 0x00, 0x00, 0x00, 0x00,    0, 0x00, 0x00, 0x0F
    .byte   0x10, 0x0F, 0x10, 0x00, 0x1F, 0x1F, 0x0F, 0x10, 0x00, 0x00, 0x00, 0x00, 0x0F, 0x10, 0x00, 0x00
    .byte   0x00, 0x00, 0x00, 0x00, 0x00, 0x00, 0x00, 0x00, 0x00, 0x00, 0x0F, 0x01, 0x00,    0, 0x00, 0x01
    .byte   0xF0, 0x00, 0x00, 0xF1, 0x00, 0xF1, 0x01, 0xF0, 0x00, 0x00, 0xF0, 0x10, 0x00, 0xF1, 0x00, 0x0F
    .byte   0x11, 0xFF, 0x10, 0x00, 0x00, 0x0F, 0x10, 0x00, 0x1F, 0x00, 0x0F, 0x10, 0x1F, 0x1F,    0, 0x00
    .byte   0x0F, 0x10, 0x00, 0x01, 0xF0, 0x1F, 0xF1, 0x00, 0x00, 0x01, 0xF1, 0xF0, 0x1F, 0x0F, 0x10, 0x00
    .byte   0x0F, 0x1F, 0x10, 0x00, 0x0F, 0x01, 0x1F, 0x00, 0x1F, 0x1F, 0x0F, 0x10, 0x00, 0x00, 0xF1,    1
    .byte   0x0F, 0x00, 0x00, 0x01, 0xF0, 0xF1, 0x00, 0x00, 0x01, 0xF0, 0x1F, 0xF1, 0x0F, 0x10, 0x00, 0x00
    .byte   0x0F, 0x10, 0x00, 0x00, 0x1F, 0x00, 0x1F, 0x01, 0xF0, 0x00, 0x00, 0x1F, 0x00, 0xF1, 0x01, 0xFF
    .byte      0, 0x0F, 0x10, 0x00, 0x00, 0x00, 0xF1, 0x00, 0x00, 0x00, 0x00, 0x00, 0xF1, 0x00, 0x00, 0x00
    .byte   0x1F, 0x01, 0xF0, 0x00, 0xF1, 0x00, 0xF1, 0x00, 0xF1, 0xF1, 0x00, 0x0F, 0x10, 0x00, 0x00, 0x00
    .byte   0x1F,    0, 0x00, 0x1F, 0x01, 0xF0, 0x00, 0x0F, 0x10, 0x00, 0x00, 0x00, 0x00, 0x00, 0x1F, 0x00
    .byte   0x00, 0x00, 0xF0, 0x10, 0x00, 0x00, 0x1F, 0x0F, 0x10, 0x10, 0xF0, 0x01, 0xFF, 0x00, 0x10, 0xF1
    .byte   0x00, 0x00,    0, 0x0F, 0x11, 0xF0, 0xF0, 0x01, 0x00, 0x00, 0x00, 0x00, 0x00, 0x00, 0x00, 0x00
    .byte   0x1F, 0x00, 0x01, 0x0F, 0x00, 0x0F, 0x10, 0xF1, 0x10, 0x0F, 0x00, 0x1F, 0x0F, 0x10, 0x00, 0x00
    .byte   0x00, 0x01, 0xF0,    0, 0x00, 0x00, 0x0F, 0x10, 0x00, 0x01, 0xF0, 0x00, 0x0F, 0x10, 0x00, 0x00
    .byte   0x00, 0x00, 0x0F, 0x10, 0x01, 0xF0, 0x00, 0x00, 0x1F, 0x1F, 0x1F, 0x00, 0x01, 0xF0, 0x00, 0x00
    .byte   0x1F, 0x0F, 0x11, 0xF0,    0, 0x00, 0x00, 0x1F, 0x1F, 0x00, 0x1F, 0x00, 0x01, 0xF0, 0x00, 0x00
    .byte   0x00, 0x00, 0x00, 0x00, 0x01, 0xF0, 0x00, 0x00, 0x1F, 0x00, 0x1F, 0x00, 0x00, 0x1F, 0x01, 0xF0
    .byte   0x00, 0x01, 0xF1, 0xF0, 0x1F,    0, 0x00, 0x00, 0x00, 0x00, 0x1F, 0x1F, 0x00, 0x00, 0x00, 0xF1
    .byte   0x00, 0x00, 0x01, 0xF0, 0x00, 0x1F, 0x00, 0x01, 0xF0, 0x00, 0xF1, 0x00, 0x00, 0x00, 0x00, 0x00
    .byte   0x00, 0x00, 0x00, 0x00, 0x0F, 0x10,    0, 0x00, 0xF1, 0x00, 0x00, 0x00, 0x00, 0x00, 0x00, 0x00
    .byte   0x00, 0x00, 0x0F, 0x10, 0x00, 0x1F, 0x0F, 0x10, 0x0F, 0x01, 0x00, 0x1F, 0x01, 0xF0, 0x00, 0x00
    .byte   0x1F, 0x00, 0x00, 0x00, 0x01, 0x0F, 0x0F,    0, 0x00, 0x10, 0x0F, 0x00, 0xF1, 0x01, 0xF0, 0x00
    .byte   0x00, 0x00, 0x00, 0x0F, 0x01, 0x00, 0x0F, 0x10, 0x00, 0xF1, 0x1F, 0x00, 0x1F, 0x00, 0xF0, 0x10
    .byte   0x00, 0x00, 0xF1, 0x00, 0x00, 0x00, 0x01, 0xF0,    0, 0x00, 0x00, 0x00, 0xF0, 0x10, 0x00, 0xF0
    .byte   0x10, 0x1F, 0x01, 0xFF, 0x10, 0x01, 0xF0, 0x00, 0x00, 0x00, 0x01, 0xF1, 0x0F, 0x00, 0x1F, 0x01
    .byte   0x0F, 0x0F, 0x10, 0x00, 0x0F, 0x01, 0x1F, 0x00, 0x00,   -1, 0x00, 0x11, 0xF0, 0x00, 0x00, 0x01
    .byte   0xF0, 0x1F, 0x00, 0xF1, 0xF1, 0x01, 0xF1, 0xF0, 0x0F, 0x10, 0xF1, 0x00, 0x00, 0x00, 0x00, 0x00
    .byte   0x00, 0x1F, 0x0F, 0x10, 0x00, 0x00, 0x00, 0x00, 0x01, 0x0F,    0, 0x01, 0xF0, 0x00, 0x00, 0x00
    .byte   0x01, 0xF0, 0x1F, 0x0F, 0x10, 0x00, 0x00, 0x0F, 0x11, 0xF0, 0x01, 0xF0, 0x00, 0x00, 0x00, 0x00
    .byte   0x00, 0x00, 0x00, 0x01, 0xF1, 0xF0, 0x01, 0xF0, 0xF1, 0x00, 0x01,   -1, 0x01, 0x01, 0xF0, 0x00
    .byte   0xF1, 0x00, 0x00, 0xF1, 0x00, 0x00, 0x0F, 0x10, 0x00, 0x0F, 0x10, 0x1F, 0x1F, 0x01, 0xF0, 0x00
    .byte   0x00, 0xF1, 0x00, 0x0F, 0x10, 0x00, 0xF0, 0x00, 0x10, 0xF1, 0x10, 0xF1,    0, 0x00, 0x01, 0xF0
    .byte   0x0F, 0x10, 0x10, 0xF0, 0x00, 0x00, 0x00, 0x01, 0xF0, 0x00, 0x00, 0x1F, 0x00, 0x01, 0x00, 0xFF
    .byte   0x11, 0x00, 0xF0, 0x00, 0x00, 0x00, 0x00, 0x0F, 0x10, 0x00, 0x1F, 0x00, 0x00,    0, 0x01, 0xF0
    .byte   0x00, 0x1F, 0x00, 0x0F, 0x11, 0x0F, 0x00, 0x00, 0x00, 0x10, 0x0F, 0x0F, 0x1F, 0x10, 0x00, 0x00
    .byte   0x00, 0xF1, 0x01, 0xF0, 0x00, 0x00, 0x00, 0x00, 0xF1, 0x00, 0x00, 0xF1, 0x00, 0x00,    0, 0x00
    .byte   0x0F, 0x10, 0x1F, 0x00, 0xF1, 0x00, 0x00, 0x00, 0x00, 0x0F, 0x10, 0xF1, 0x00, 0x00, 0xF1, 0x00
    .byte   0x1F, 0x00, 0x00, 0x00, 0x0F, 0x01, 0x0F, 0x10, 0x00, 0x00, 0xF0, 0x10, 0x00, 0x0F, 0x10,   -1
    .byte   0x01, 0x00, 0x00, 0x0F, 0x10, 0xF1, 0x00, 0x01, 0x0F, 0x10, 0x00, 0x00, 0x10, 0x1F, 0x00, 0x1F
    .byte   0x01, 0xFF, 0x00, 0xF1, 0xF0, 0x00, 0xF0, 0x00, 0xFF, 0x00, 0x0F, 0x1F, 0x01, 0xFF, 0x10, 0x00
    .byte     -4, 0x0F, 0x10, 0x00, 0x01, 0xF1, 0x00, 0x10, 0x01, 0x11, 0x02, 0x10, 0x21, 0x11, 0x11, 0x11
    .byte   0x01, 0x00, 0x00, 0x0F, 0x0E, 0x0E, 0xFE, 0x0E, 0xE0, 0xFE, 0xFF, 0xF0, 0xEF, 0xFF, 0x0E, 0x00
    .byte   0x00,  -24, 0x00, 0x11, 0x11, 0x10, 0x20, 0x11, 0xF1, 0x10, 0x11, 0x22, 0x23, 0x22, 0x12, 0x12
    .byte   0xF2, 0x01, 0x12, 0x12, 0x0E, 0xFF, 0xDE, 0xED, 0xEE, 0xEE, 0xEF, 0xF0, 0xE0, 0xE0, 0xE0, 0xF0
    .byte   0x10, 0x21,  -14, 0x01, 0x21, 0x20, 0xF1, 0x01, 0x11, 0x20, 0x20, 0x11, 0x0F, 0xFF, 0xF0, 0xE0
    .byte   0x00, 0xE0, 0xE0, 0xE0, 0xFE, 0x0E, 0x0F, 0x00, 0x0F, 0xF0, 0xFF, 0xF0, 0x22, 0x23, 0x23, 0x22
    .byte   0x21, 0x20, 0x11,   31, 0x02, 0x12, 0x21, 0xFF, 0xEE, 0xED, 0xEE, 0xD0, 0xE0, 0xE0, 0x1F, 0xFE
    .byte   0xFF, 0xEE, 0x0F, 0x11, 0x12, 0x11, 0x11, 0xF0, 0xE0, 0xF1, 0x11, 0x02, 0x01, 0x0F, 0x00, 0xFF
    .byte   0xFF, 0x0F, 0x00, 0x01,  -12, 0x00, 0xF0, 0xFF, 0x11, 0x22, 0x22, 0x22, 0x02, 0x12, 0x11, 0x21
    .byte   0x22, 0x20, 0x10, 0xEE, 0xEE, 0xED, 0xEE, 0xFE, 0x1F, 0xF1, 0xFF, 0xEF, 0xFF, 0xFF, 0x11, 0x12
    .byte   0x12, 0x0F, 0x0F, 0xEF, 0xEF,  -13, 0x00, 0x12, 0x02, 0x00, 0xEF, 0xF0, 0xE0, 0xF0, 0x01, 0x01
    .byte   0x00, 0xFF, 0x0E, 0x0F, 0x1F, 0x11, 0x22, 0x32, 0x22, 0x12, 0x11, 0x11, 0x22, 0x22, 0x22, 0x10
    .byte   0xEE, 0xED, 0xFD, 0xEE, 0xFE, 0xF1,    0, 0x0F, 0x00, 0xE0, 0xEF, 0xF0, 0x01, 0x21, 0x21, 0x00
    .byte   0xEF, 0xFE, 0xEF, 0xFF, 0x02, 0x11, 0x1F, 0x0F, 0xFF, 0xFF, 0xF1, 0x11, 0x11, 0x1F, 0x0F, 0xFF
    .byte   0xFF, 0xFF, 0x11, 0x23, 0x22, 0x22, 0x21,   18, 0x01, 0x21, 0x12, 0x23, 0x12, 0xFF, 0xEE, 0xDE
    .byte   0xED, 0xEE, 0xE0, 0xF0, 0x10, 0xE0, 0xFE, 0xF0, 0x01, 0x02, 0x02, 0x20, 0xFF, 0xFE, 0xFE, 0xFF
    .byte   0xE1, 0x01, 0x10, 0x00, 0xF0, 0xFF, 0x0F, 0x01,  -14, 0x01, 0x00, 0xFF, 0xFF, 0x00, 0xFF, 0xF0
    .byte   0x12, 0x23, 0x23, 0x12, 0x10, 0x20, 0x12, 0x22, 0x22, 0x22, 0xFE, 0xED, 0xED, 0xED, 0xFE, 0xF0
    .byte   0xFF, 0x0E, 0x0E, 0x0F, 0xF0, 0x12, 0x12, 0x20, 0x10,    1, 0x0E, 0x0E, 0x0E, 0x0F, 0x01, 0x10
    .byte   0xFF, 0xFF, 0xEF, 0xF0, 0x01, 0x02, 0x10, 0xFF, 0x0E, 0x00, 0xF0, 0xF1, 0x10, 0x20, 0x33, 0x22
    .byte   0x22, 0x21, 0x21, 0x20, 0x22, 0x22, 0x10, 0xFE, 0xED, 0xDD,    9, 0x0E, 0xEE, 0x1F, 0x0F, 0xEF
    .byte   0xEF, 0xF0, 0x11, 0x22, 0x22, 0x11, 0x00, 0xFE, 0xE0, 0xE0, 0xF0, 0x00, 0x0E, 0x0E, 0xFE, 0xFF
    .byte   0x01, 0x10, 0x20, 0x1F, 0xF0, 0x0F, 0xFF, 0x1F, 0x00, 0x11, 0x23,    1, 0x03, 0x32, 0x12, 0x02
    .byte   0x02, 0x21, 0x22, 0x22, 0xFE, 0xED, 0xDD, 0xDD, 0xEE, 0xE1, 0x01, 0xFF, 0xEE, 0xFF, 0x11, 0x22
    .byte   0x32, 0x32, 0xFE, 0xFE, 0xEE, 0xEF, 0xFF, 0x0F, 0xFF, 0xEE, 0xEE, 0xEF,  -32, 0x01, 0x12, 0x21
    .byte   0x11, 0xFE, 0xF0, 0xF0, 0x01, 0xF1, 0x11, 0x23, 0x42, 0x33, 0x20, 0x20, 0x20, 0x21, 0x22, 0x21
    .byte   0x0E, 0xDD, 0xCD, 0xDD, 0xEF, 0x11, 0x10, 0xFE, 0xEE, 0x11, 0x22, 0x33, 0x32,   26, 0x00, 0xFE
    .byte   0xDF, 0xEE, 0xEE, 0xF0, 0xEE, 0xEE, 0xEE, 0xEF, 0xF0, 0x12, 0x12, 0x10, 0xFF, 0x1F, 0x10, 0xFF
    .byte   0xF0, 0xF1, 0x12, 0x34, 0x34, 0x32, 0x21, 0x10, 0x12, 0x03, 0x22, 0x0F, 0xDD, 0xCC,    3, 0x0D
    .byte   0xDF, 0xFF, 0x2F, 0xFF, 0xEE, 0x11, 0x23, 0x33, 0x33, 0x22, 0xFE, 0xED, 0xEE, 0xFE, 0xEE, 0xEE
    .byte   0xDE, 0xEE, 0xEF, 0x02, 0x02, 0x11, 0xE0, 0xFE, 0x21, 0x21, 0xFF, 0x0E, 0xE1, 0x23, 0x44,   29
    .byte   0x04, 0x31, 0xFF, 0xFF, 0x12, 0x23, 0x20, 0xEC, 0xCC, 0xCC, 0xDE, 0xF0, 0x20, 0xFF, 0xEF, 0x12
    .byte   0x33, 0x43, 0x33, 0x2F, 0xEE, 0xEE, 0xEE, 0xED, 0xED, 0xDD, 0xEE, 0xE1, 0x11, 0x21, 0x11, 0x11
    .byte    -30, 0x0F, 0xFF, 0x10, 0x10, 0xEE, 0xEE, 0xE1, 0x23, 0x45, 0x54, 0x43, 0x2E, 0xFE, 0xE2, 0x12
    .byte   0x2E, 0xDC, 0xCC, 0xBD, 0xCF, 0xF2, 0x22, 0x11, 0x2F, 0x33, 0x34, 0x43, 0x22, 0x1D, 0xDD, 0xED
    .byte   0xEE,    0, 0x0D, 0xDD, 0xED, 0x0F, 0x22, 0x22, 0x21, 0x0E, 0x00, 0xF0, 0xFE, 0xFE, 0xED, 0xED
    .byte   0xEE, 0x12, 0x34, 0x55, 0x56, 0x34, 0xFE, 0xED, 0xEE, 0xFE, 0xED, 0xCC, 0xBC, 0xCD, 0xDE, 0x23
    .byte   0x42, 0x33,    1, 0x03, 0x34, 0x33, 0x22, 0xFE, 0xDC, 0xDD, 0xDD, 0xED, 0xDD, 0xFE, 0x11, 0x33
    .byte   0x32, 0x22, 0x0F, 0xEE, 0xEE, 0xEE, 0xDD, 0xDD, 0xDF, 0xEE, 0x01, 0x33, 0x45, 0x56, 0x64, 0x4F
    .byte   0xED, 0xDC, 0xED,   52, 0x0E, 0xDC, 0xCB, 0xCC, 0xCF, 0xF4, 0x44, 0x44, 0x33, 0x33, 0x32, 0x20
    .byte   0xEE, 0xCC, 0xCC, 0xDD, 0xED, 0xFF, 0xF0, 0x22, 0x33, 0x43, 0x31, 0x0E, 0xED, 0xDD, 0xDD, 0xDD
    .byte   0xCD, 0xEE, 0x00, 0x22,  -67, 0x03, 0x44, 0x56, 0x65, 0x41, 0x0D, 0xCC, 0xCC, 0xDE, 0xDD, 0xCC
    .byte   0xCC, 0xDF, 0x14, 0x55, 0x44, 0x42, 0x3E, 0x1E, 0xFE, 0xDD, 0xCC, 0xCC, 0xDE, 0xE1, 0x23, 0x32
    .byte   0x32, 0x33, 0x33, 0x22, 0xED,   12, 0x0C, 0xCC, 0xDD, 0xDE, 0xDE, 0xEF, 0x12, 0x34, 0x34, 0x44
    .byte   0x45, 0x55, 0x42, 0xED, 0xCB, 0xBC, 0xCD, 0xFE, 0xEE, 0xEE, 0xDE, 0x14, 0x45, 0x44, 0x42, 0x0D
    .byte   0xDC, 0xDD, 0xDD, 0xDD, 0xED, 0xDE,  -43, 0x02, 0x43, 0x34, 0x23, 0x02, 0xE1, 0xFF, 0xED, 0xCD
    .byte   0xCC, 0xCD, 0xFE, 0x00, 0x22, 0x32, 0x32, 0x33, 0x33, 0x34, 0x55, 0x43, 0x20, 0xCC, 0xBC, 0xCC
    .byte   0xE1, 0x11, 0x21, 0xFE, 0xE2, 0x33, 0x44,   51, 0x03, 0x1D, 0xDC, 0xDC, 0xDD, 0xFF, 0x1F, 0xFF
    .byte   0x02, 0x23, 0x32, 0x32, 0x1E, 0xEE, 0xED, 0xED, 0xED, 0xDD, 0xDE, 0xEE, 0x01, 0x12, 0x22, 0x23
    .byte   0x22, 0x32, 0x23, 0x44, 0x55, 0x40, 0xED, 0xCB,   17, 0x0C, 0xDE, 0x12, 0x32, 0x2E, 0xDF, 0x11
    .byte   0x33, 0x44, 0x3F, 0xDD, 0xCC, 0xDD, 0xD0, 0x22, 0x12, 0x10, 0x20, 0x13, 0x22, 0x2F, 0xFE, 0xDE
    .byte   0xDE, 0xFD, 0xED, 0xEE, 0xDE, 0xEF, 0x01, 0x22, 0x23,  -35, 0x02, 0x12, 0x21, 0x34, 0x55, 0x53
    .byte   0x3F, 0xDB, 0xBB, 0xCD, 0xE2, 0x33, 0x32, 0xEE, 0xDE, 0x12, 0x34, 0x43, 0x1D, 0xDC, 0xCC, 0xD0
    .byte   0x12, 0x22, 0x3F, 0x00, 0x02, 0x22, 0x21, 0x1E, 0xED, 0xEE,  -14, 0x0E, 0xEE, 0xEE, 0xDE, 0xEE
    .byte   0x00, 0x02, 0x02, 0x22, 0x12, 0x12, 0x23, 0x44, 0x55, 0x42, 0x2F, 0xCB, 0xBC, 0xCD, 0x13, 0x34
    .byte   0x20, 0xEE, 0xDE, 0xE3, 0x34, 0x32, 0x1E, 0xCD, 0xCC, 0xFF, 0x22,   -3, 0x02, 0x21, 0xE0, 0x11
    .byte   0x10, 0x21, 0x0E, 0xEE, 0xEE, 0xEE, 0xDE, 0xDE, 0xEF, 0xE1, 0x22, 0x22, 0x0E, 0xEE, 0xFF, 0x23
    .byte   0x43, 0x45, 0x54, 0x33, 0xED, 0xCC, 0xBC, 0xDD, 0x03, 0x33, 0x22, 0x1F,   15, 0x0E, 0xF2, 0x32
    .byte   0x22, 0xFE, 0xDC, 0xDD, 0xEE, 0x22, 0x32, 0x21, 0x11, 0x00, 0x21, 0x00, 0xEF, 0xED, 0xEE, 0xEE
    .byte   0xEE, 0xFE, 0xEE, 0xEF, 0x02, 0x22, 0x10, 0xEE, 0xEE, 0x23, 0x33, 0x44, 0x55,   72, 0x03, 0x2E
    .byte   0xDB, 0xCB, 0xDD, 0xE2, 0x33, 0x32, 0x21, 0xEE, 0xFF, 0x12, 0x22, 0x1F, 0xED, 0xDD, 0xDE, 0xF2
    .byte   0x31, 0x32, 0x10, 0xFF, 0xF0, 0x00, 0xFF, 0xEE, 0xEE, 0xFE, 0xEE, 0xEE, 0xED, 0x0F,  -47, 0x01
    .byte   0x22, 0x20, 0xFE, 0xEE, 0xF0, 0x33, 0x43, 0x44, 0x44, 0x23, 0xFD, 0xDC, 0xDC, 0xDD, 0xE2, 0x33
    .byte   0x23, 0x20, 0xEE, 0xFE, 0xF1, 0x12, 0x1F, 0xDE, 0xED, 0xDF, 0x12, 0x32, 0x31, 0x0F, 0xFE,    6
    .byte   0x0E, 0x01, 0xFF, 0xFE, 0xEF, 0xEE, 0xEF, 0xEE, 0xEE, 0xE0, 0x00, 0x12, 0x11, 0xE0, 0xEE, 0x11
    .byte   0x23, 0x42, 0x43, 0x43, 0x33, 0x21, 0xED, 0xDD, 0xCE, 0xDE, 0x22, 0x32, 0x22, 0x1E, 0x0E, 0xEF
    .byte     15, 0x01, 0x11, 0x0E, 0xEE, 0xDE, 0xE1, 0x22, 0x23, 0x12, 0xEF, 0xEE, 0xF0, 0x11, 0x01, 0xEE
    .byte   0xED, 0xEE, 0xEE, 0x11, 0x1F, 0xFF, 0xE0, 0xEF, 0x0F, 0x11, 0x10, 0x12, 0x02, 0x32, 0x33, 0x34
    .byte   0x33,   56, 0x02, 0xFE, 0xDD, 0xCD, 0xDD, 0x21, 0x33, 0x32, 0x2F, 0xFE, 0xD0, 0xE0, 0x10, 0x0F
    .byte   0xFE, 0xDE, 0xEE, 0x11, 0x32, 0x22, 0x2F, 0xEE, 0xEE, 0xF0, 0xE2, 0x10, 0x1D, 0xEE, 0xED, 0x00
    .byte   0x02, 0x02,  -24, 0x0F, 0xEE, 0xEF, 0xEF, 0x02, 0x22, 0x12, 0x11, 0x12, 0x31, 0x33, 0x34, 0x23
    .byte   0x3E, 0xFD, 0xDD, 0xDD, 0xE1, 0x22, 0x33, 0x20, 0x1E, 0xEE, 0xDE, 0x00, 0x02, 0x00, 0xFE, 0xEE
    .byte   0xEF, 0xF2, 0x21,    7, 0x01, 0x2F, 0xFE, 0xEE, 0xFF, 0xF1, 0xF1, 0xFE, 0xEE, 0xEF, 0x0F, 0xF1
    .byte   0x10, 0xE1, 0xEE, 0xFF, 0xE1, 0x11, 0x12, 0x11, 0x22, 0xF2, 0x21, 0x22, 0x23, 0x33, 0x23, 0x22
    .byte   0xEF, 0xDE, 0xDE, 0xEF,   15, 0x01, 0x23, 0x22, 0xFE, 0xED, 0xEE, 0xEF, 0x02, 0x11, 0x1F, 0xFE
    .byte   0xEE, 0xE0, 0x02, 0x12, 0x12, 0xE0, 0xFF, 0xEF, 0xFF, 0xFF, 0xFF, 0xFF, 0xEF, 0xFE, 0xFF, 0x0F
    .byte   0xEF, 0xFF, 0xEF, 0xEF, 0xF0,  -41, 0x02, 0x02, 0x22, 0x21, 0x12, 0x02, 0x22, 0x22, 0x23, 0x31
    .byte   0x31, 0x00, 0xFE, 0xD0, 0xEF, 0x20, 0x03, 0x2F, 0xFF, 0xEE, 0xDE, 0xE1, 0xF0, 0x21, 0x01, 0xE0
    .byte   0xEE, 0xFE, 0x0F, 0x02, 0x11, 0x10,    3, 0x00, 0x0E, 0x0F, 0xEF, 0x0E, 0xFF, 0xF0, 0x01, 0xFF
    .byte   0xFF, 0xEE, 0xEE, 0xE1, 0x0F, 0x02, 0x11, 0x10, 0x00, 0xF1, 0x02, 0x22, 0x22, 0x22, 0x21, 0x21
    .byte   0x32, 0x22, 0x31, 0xF0, 0x0E, 0xEF, 0xE1,   27, 0x00, 0x21, 0x00, 0xEF, 0xEE, 0xEE, 0xFF, 0x01
    .byte   0xF1, 0x0E, 0x0F, 0xE0, 0xEF, 0x0F, 0x01, 0x01, 0x01, 0x10, 0x10, 0x10, 0xF0, 0xFE, 0xE0, 0xE0
    .byte   0x00, 0x12, 0xFF, 0xFE, 0xED, 0xFE, 0xEF, 0x10,  -35, 0x01, 0x22, 0xF1, 0xF0, 0xF1, 0x02, 0x22
    .byte   0x22, 0x22, 0x02, 0x12, 0x22, 0x23, 0x21, 0x00, 0xFE, 0xFF, 0xFF, 0x02, 0x11, 0x1E, 0x0E, 0xEE
    .byte   0xEF, 0xFF, 0x0F, 0x00, 0xE0, 0xE0, 0xEF, 0xF0, 0xE1,   -8, 0x01, 0x10, 0x11, 0x01, 0xF0, 0x01
    .byte   0xFF, 0x01, 0xF0, 0xF1, 0x0E, 0x0F, 0xFE, 0xFE, 0xFF, 0xFF, 0xF0, 0xF0, 0xF0, 0x0F, 0x00, 0x0F
    .byte   0x01, 0x21, 0x22, 0x22, 0x22, 0x10, 0x11, 0x1F, 0x23, 0x12,   29, 0x02, 0x0F, 0x0F, 0xEF, 0x0F
    .byte   0x01, 0x11, 0x10, 0x0E, 0xFE, 0xE0, 0xEF, 0xE0, 0x1E, 0xF0, 0xE0, 0xEF, 0xF0, 0x01, 0x00, 0x00
    .byte   0xF1, 0x00, 0x12, 0x10, 0x10, 0x0E, 0xFF, 0xE0, 0x00, 0x01, 0x10,   -7, 0x00, 0xEF, 0x0E, 0xFF
    .byte   0x0E, 0xF0, 0xF0, 0x00, 0x20, 0x21, 0xF1, 0xFF, 0xF0, 0x12, 0x13, 0x21, 0x11, 0xF0, 0x01, 0x12
    .byte   0x31, 0x22, 0x2F, 0xE0, 0xEF, 0xFF, 0x01, 0x12, 0x01, 0x0F, 0xEE, 0xFE,   10, 0x0F, 0xFF, 0xF0
    .byte   0xF0, 0xEF, 0xEF, 0xFF, 0xF1, 0x01, 0x01, 0x10, 0x00, 0xF0, 0x00, 0x01, 0x11, 0x1F, 0xF1, 0xFF
    .byte   0xF0, 0x0F, 0x01, 0xFF, 0x0E, 0xFF, 0xFF, 0xFF, 0x00, 0xF1, 0x0F, 0xF0, 0xF0,  -20, 0x02, 0x12
    .byte   0x11, 0x10, 0x01, 0xF1, 0x10, 0x22, 0x10, 0x21, 0x00, 0x21, 0x12, 0x11, 0x0F, 0x1F, 0xF0, 0x00
    .byte   0x11, 0x11, 0xFF, 0x0E, 0x0E, 0xFF, 0xF0, 0xF1, 0xF0, 0xE0, 0x0E, 0xFF, 0xF0, 0x00,   -5, 0x01
    .byte   0x10, 0x00, 0xF0, 0x01, 0x11, 0x01, 0xF0, 0x0F, 0x0F, 0x00, 0x0F, 0xF0, 0x0E, 0x0F, 0x0E, 0x00
    .byte   0xF0, 0x0F, 0x00, 0x00, 0x01, 0x00, 0xF1, 0x0F, 0x00, 0x01, 0x12, 0x02, 0x11, 0x11, 0x10,    1
    .byte   0x01, 0x02, 0x11, 0x22, 0x10, 0x1F, 0x0E, 0x00, 0xF1, 0x10, 0x21, 0x10, 0x00, 0xE0, 0xE0, 0xE0
    .byte   0xFF, 0x00, 0x10, 0xFF, 0x0E, 0x0F, 0xFF, 0x01, 0x00, 0x20, 0xF0, 0x00, 0xE0, 0x00, 0xF1, 0x10
    .byte      0, 0x00, 0xF0, 0x0F, 0xE0, 0xFF, 0x00, 0xF1, 0xFF, 0xF0, 0xFF, 0xFF, 0x0F, 0x10, 0x00, 0xF1
    .byte   0xF0, 0x11, 0x11, 0x10, 0x11, 0x10, 0x11, 0x02, 0x00, 0x21, 0x11, 0x10, 0x01, 0x11, 0x12, 0x10
    .byte   0x01,   15, 0x0F, 0xFF, 0xFF, 0x10, 0x20, 0x1F, 0xF0, 0xFF, 0xEF, 0xFF, 0xFF, 0xF1, 0x10, 0x1F
    .byte   0x0F, 0x00, 0xF0, 0x10, 0xF0, 0xFF, 0x00, 0x11, 0xF0, 0x0F, 0xFF, 0xFF, 0x10, 0x11, 0x0F, 0x00
    .byte   0xEF, 0xFF,  -10, 0x00, 0x00, 0x00, 0x0F, 0xFF, 0x0F, 0x11, 0x00, 0x10, 0xFF, 0xFF, 0x01, 0x21
    .byte   0x20, 0x20, 0x10, 0xFE, 0xF1, 0x01, 0x22, 0x02, 0x1F, 0x00, 0x01, 0x11, 0x21, 0xFF, 0x0F, 0xEF
    .byte   0xF1, 0x02, 0x11,   15, 0x00, 0xFE, 0x0E, 0xFF, 0x00, 0x11, 0x11, 0x00, 0xE0, 0xE0, 0xFF, 0x01
    .byte   0x01, 0x10, 0x0F, 0x0E, 0x00, 0x00, 0x20, 0x0F, 0x0F, 0xEF, 0xF0, 0x10, 0x20, 0x0F, 0x0F, 0xEF
    .byte   0xF0, 0x01, 0x11, 0x10,   -8, 0x01, 0xFF, 0x0F, 0x00, 0x11, 0x10, 0x11, 0x0F, 0x10, 0x10, 0x11
    .byte   0x10, 0x11, 0x01, 0x11, 0x00, 0x10, 0x0F, 0x01, 0x01, 0x02, 0x00, 0x11, 0xFF, 0xFF, 0x0F, 0xF1
    .byte   0x10, 0x11, 0x00, 0x0F, 0xFF,    7, 0x0E, 0x1F, 0x00, 0x11, 0x10, 0xF0, 0xE0, 0x0E, 0x00, 0x01
    .byte   0x01, 0x10, 0xF1, 0xFF, 0xFF, 0xF0, 0xF1, 0x11, 0xF0, 0x0F, 0xFF, 0x0F, 0x10, 0x1F, 0x10, 0x0F
    .byte   0xF1, 0xF0, 0x11, 0x10, 0x10, 0x00,   -5, 0x01, 0xF1, 0x11, 0x10, 0x1F, 0x00, 0xF1, 0x01, 0x11
    .byte   0x11, 0x01, 0xF0, 0x0F, 0x01, 0xF0, 0x10, 0x10, 0x01, 0x01, 0xF0, 0x0F, 0x00, 0xF0, 0x01, 0x00
    .byte   0x10, 0xFF, 0xFF, 0xF0, 0x10, 0x10, 0x1F,    3, 0x0F, 0x0F, 0xE1, 0xF1, 0x10, 0x10, 0x00, 0xFF
    .byte   0xFF, 0x00, 0x01, 0x01, 0x1F, 0x00, 0xF0, 0x1F, 0xF1, 0x00, 0x1F, 0x00, 0x0F, 0xF1, 0x1F, 0x11
    .byte   0x11, 0x00, 0x0F, 0xFF, 0xF0, 0x00, 0x20, 0x01,    1, 0x00, 0xFF, 0xF0, 0x01, 0x10, 0x2F, 0x00
    .byte   0xF0, 0xFF, 0x10, 0x00, 0x10, 0xF1, 0x0F, 0x11, 0x10, 0xF1, 0xFF, 0x0F, 0x10, 0x10, 0xF0, 0xF0
    .byte   0x00, 0xF1, 0x10, 0xF0, 0xFF, 0xF1, 0x00, 0x01, 0x00,    0, 0x00, 0x00, 0x0F, 0xF0, 0x1F, 0x00
    .byte   0x1F, 0x01, 0x10, 0xFF, 0x0F, 0x01, 0x01, 0x00, 0x1F, 0x10, 0x0F, 0x00, 0x0F, 0x10, 0x10, 0x0F
    .byte   0x10, 0x11, 0x1F, 0xFF, 0xFF, 0xF1, 0x11, 0x10, 0x1F, 0x00,   -1, 0x01, 0x00, 0x10, 0x1F, 0x1F
    .byte   0xF0, 0x10, 0x00, 0x10, 0xFF, 0xFF, 0x01, 0x02, 0x00, 0x1F, 0x0E, 0x0F, 0x01, 0x10, 0x11, 0x10
    .byte   0xFE, 0x00, 0xF1, 0x00, 0x20, 0x0F, 0xFF, 0x0F, 0x11, 0x11, 0x0F,   -1, 0x0E, 0x10, 0x01, 0x2F
    .byte   0x10, 0xF0, 0xFF, 0xF0, 0x11, 0x11, 0x11, 0x00, 0xE0, 0xF0, 0x00, 0x10, 0x10, 0xF0, 0x0F, 0x02
    .byte   0x01, 0x1F, 0x0E, 0xFF, 0x01, 0x12, 0x10, 0x10, 0xE0, 0xEF, 0xF1, 0x12,    3, 0x01, 0x10, 0xEF
    .byte   0xFF, 0x11, 0x10, 0x00, 0x0F, 0xF0, 0x01, 0x10, 0x10, 0xFF, 0xFF, 0x00, 0x11, 0x1F, 0x0F, 0xFF
    .byte   0x01, 0x02, 0x01, 0xFF, 0x0E, 0x00, 0x11, 0x11, 0x01, 0xFF, 0xFF, 0x01, 0x11,    2, 0x0F, 0xF0
    .byte   0xF0, 0x01, 0x10, 0x0F, 0xF0, 0x00, 0x00, 0x1F, 0x1F, 0x01, 0x1F, 0x10, 0x00, 0x00, 0xF0, 0xF1
    .byte   0xF0, 0x01, 0x01, 0x01, 0x0F, 0xF0, 0x00, 0xFF, 0x10, 0x01, 0x11, 0x01, 0x0F, 0xFF,   -1, 0x00
    .byte   0x00, 0x01, 0xF1, 0x1F, 0x10, 0xFF, 0xF0, 0x10, 0x01, 0x10, 0x00, 0x00, 0x0F, 0x0F, 0x0F, 0x00
    .byte   0x01, 0x10, 0x10, 0x1F, 0x0F, 0xFF, 0x10, 0x01, 0x00, 0x1F, 0x11, 0xFF, 0xF0, 0x01, 0x00,    1
    .byte   0x00, 0x1F, 0xF0, 0x0F, 0x00, 0x0F, 0x01, 0x01, 0x11, 0xF0, 0x0F, 0xF0, 0x01, 0x10, 0x0F, 0x1F
    .byte   0x00, 0x00, 0x00, 0x01, 0xF0, 0xF1, 0x10, 0x0F, 0xFF, 0x00, 0x2F, 0x01, 0xFF, 0xF0, 0xF1, 0x0F
    .byte     -2, 0x01, 0x01, 0x1F, 0xF1, 0x0F, 0x01, 0x01, 0x0F, 0x11, 0xFF, 0x10, 0xE0, 0x10, 0x10, 0x01
    .byte   0x1F, 0x00, 0x1F, 0x01, 0x1F, 0x00, 0xF0, 0x12, 0xFF, 0xEE, 0x11, 0x01, 0x2F, 0xFF, 0x11, 0x00
    .byte   0x01,    4, 0x0E, 0xE1, 0x11, 0x21, 0xFF, 0xEF, 0x21, 0x01, 0xFE, 0xF0, 0x21, 0x1F, 0xE2, 0xEF
    .byte   0x2E, 0xF2, 0xF1, 0x20, 0xE0, 0x1F, 0x02, 0xE1, 0x0F, 0xE0, 0x2F, 0x12, 0xEE, 0x2E, 0xF3, 0xE0
    .byte   0x20, 0xE1,    1, 0x0E, 0x2F, 0xF2, 0xFF, 0xE1, 0xFF, 0x2F, 0x12, 0xE0, 0xE2, 0xF0, 0x20, 0xE0
    .byte   0x2D, 0x22, 0xE1, 0x2E, 0xF1, 0xE2, 0x11, 0x2D, 0x2E, 0xF3, 0xD3, 0x0E, 0x12, 0xD2, 0xFF, 0x2E
    .byte   0xE3, 0xD1, 0x3D,    1, 0x01, 0xE0, 0x1E, 0x2F, 0x02, 0xF2, 0xFE, 0xFE, 0x20, 0x1F, 0x2E, 0xF2
    .byte   0xD3, 0xFE, 0x2F, 0xF2, 0xE1, 0x2D, 0x3E, 0xE3, 0xD2, 0x2E, 0xFF, 0x02, 0x1E, 0x1E, 0x02, 0x21
    .byte   0xE2, 0xD2, 0xFE, 0x3E,    3, 0x0E, 0x1E, 0xE3, 0xE0, 0x3D, 0x22, 0xE2, 0xD2, 0x2D, 0x22, 0xE1
    .byte   0x2D, 0x31, 0xD1, 0x3C, 0x32, 0xD3, 0xEF, 0x20, 0x1F, 0x2E, 0xE2, 0xEE, 0x3F, 0xE3, 0xD0, 0x3D
    .byte   0x2F, 0xE2, 0xD1, 0x3D, 0x33,   -7, 0x04, 0x1C, 0x4D, 0xD4, 0xC2, 0x3D, 0x32, 0xD1, 0x1D, 0x3D
    .byte   0x23, 0xC4, 0xED, 0x5C, 0x03, 0xC0, 0x3C, 0x4F, 0xD4, 0xDE, 0x4C, 0x13, 0xDE, 0x3D, 0x03, 0xD3
    .byte   0x1F, 0x2D, 0x2E, 0xF1, 0x2F, 0xF3,   -7, 0x04, 0xED, 0x4C, 0x22, 0xD3, 0xD1, 0x2F, 0x11, 0x1F
    .byte   0xE3, 0xFD, 0x3E, 0xD4, 0xCE, 0x5B, 0x33, 0xC3, 0x0F, 0x02, 0xEE, 0x3D, 0x23, 0xD1, 0x2F, 0xD3
    .byte   0x1C, 0x4E, 0xD4, 0xDF, 0x3D, 0x21, 0xE1,    5, 0x0C, 0x4E, 0xD4, 0xD1, 0x2D, 0x3E, 0xE3, 0xC3
    .byte   0x2D, 0x4D, 0xE3, 0xDE, 0x4D, 0xF3, 0xC3, 0x1D, 0x4E, 0xF1, 0xD3, 0xDE, 0x4D, 0xF4, 0xC1, 0x3C
    .byte   0x4F, 0xD2, 0x2C, 0x33, 0xD2, 0x12, 0xC4, 0xFC,    9, 0x0D, 0xD4, 0xDD, 0x5C, 0xE4, 0xC1, 0x4C
    .byte   0x3E, 0x01, 0xF1, 0x02, 0xD3, 0xD1, 0x3C, 0x4E, 0xD4, 0xC1, 0x4C, 0x23, 0xC4, 0xED, 0x3F, 0xE1
    .byte   0x1E, 0x20, 0x02, 0xEE, 0x3D, 0x13, 0xD2, 0x0E, 0x2F,   -5, 0x03, 0xD2, 0x2D, 0x3D, 0x13, 0xD1
    .byte   0x3D, 0x20, 0xF2, 0xFF, 0xE3, 0xD1, 0x2D, 0x30, 0xD3, 0xFE, 0x13, 0xC3, 0x2D, 0x22, 0xEE, 0x3E
    .byte   0xF3, 0xDF, 0x3D, 0x02, 0x1D, 0x30, 0xD3, 0xEE, 0x3E, 0xE3,    0, 0x0E, 0x21, 0xD4, 0xDE, 0x4C
    .byte   0x13, 0xD1, 0x3D, 0xE4, 0xC2, 0x3D, 0x20, 0xFE, 0x20, 0xE3, 0xD2, 0x2D, 0x3F, 0xFE, 0x11, 0xE3
    .byte   0xD0, 0x4B, 0x42, 0xC5, 0xCD, 0x5B, 0x24, 0xC2, 0x4B, 0x4E, 0xD4,   -5, 0x03, 0xD2, 0x2D, 0x31
    .byte   0xD2, 0x3D, 0xF3, 0xD0, 0x3D, 0x2F, 0x2D, 0x3F, 0xD4, 0xC2, 0x3C, 0x4D, 0x02, 0xE1, 0x1E, 0x2F
    .byte   0x02, 0xD3, 0x0D, 0x31, 0xD3, 0xEF, 0x2E, 0x00, 0x1F, 0xF2, 0xE2, 0xFE,    6, 0x0D, 0x22, 0xD3
    .byte   0x1C, 0x4E, 0xD4, 0xDE, 0x4C, 0x22, 0xD3, 0xFE, 0x2E, 0x2E, 0xF2, 0xE1, 0x2D, 0x3E, 0xE4, 0xC3
    .byte   0xED, 0x4C, 0x14, 0xC2, 0x4B, 0x5D, 0xD4, 0xB4, 0x2C, 0x5B, 0x33, 0xC4, 0xDE,    6, 0x0D, 0x21
    .byte   0xE2, 0xD3, 0x0D, 0x4D, 0xE3, 0xD3, 0xEE, 0x2E, 0x3D, 0x03, 0xDF, 0x3D, 0x03, 0xDF, 0x3D, 0x21
    .byte   0xE3, 0xD2, 0xF1, 0x2D, 0x3E, 0xF2, 0xD3, 0xEE, 0x3D, 0x22, 0xD3, 0xFD, 0x4C, 0xF5,  -20, 0x05
    .byte   0xEC, 0x6A, 0x35, 0xA5, 0xFB, 0x6B, 0x14, 0xB4, 0x2C, 0x5C, 0xE4, 0xB5, 0xDD, 0x4C, 0x32, 0xD3
    .byte   0xD3, 0xEF, 0x0E, 0x3C, 0x4E, 0xD4, 0xDE, 0x4B, 0x43, 0xB5, 0xC1, 0x4B, 0x5C, 0xD5, 0xB4,    9
    .byte   0x0B, 0x5D, 0xD4, 0xC3, 0x2D, 0x3D, 0x3E, 0xE3, 0xD3, 0xD2, 0x2D, 0x3E, 0xE3, 0xEE, 0x3D, 0x12
    .byte   0xE2, 0xE2, 0xE2, 0xE0, 0x0E, 0x4C, 0x33, 0xB5, 0xC0, 0x3D, 0x3D, 0x2F, 0x02, 0xEF, 0x2F, 0xE3
    .byte     -6, 0x02, 0x2D, 0x4C, 0x31, 0xD3, 0xD2, 0x2E, 0x2E, 0x2E, 0x1F, 0xE4, 0xC4, 0xDD, 0x4C, 0x4D
    .byte   0xE4, 0xC2, 0x2D, 0x30, 0xD3, 0x0C, 0x5B, 0x42, 0xC4, 0xDF, 0x3D, 0xF3, 0xD3, 0xED, 0x4D, 0xE3
    .byte   0xC4,   -2, 0x0E, 0x4C, 0x23, 0xD1, 0x2E, 0x01, 0xE3, 0xD2, 0x3C, 0x4D, 0xE2, 0x1E, 0xF3, 0xC4
    .byte   0xD2, 0x2C, 0x5B, 0x4F, 0xC5, 0xC3, 0x1C, 0x5B, 0x33, 0xB5, 0xC2, 0x3D, 0x3E, 0xE2, 0xFE, 0x3D
    .byte   0x21, 0xE1,    1, 0x0E, 0x22, 0xD3, 0xEE, 0x2E, 0x2E, 0x3D, 0x2F, 0xE3, 0xD3, 0xD3, 0xD2, 0x1D
    .byte   0x4C, 0x31, 0xD4, 0xC3, 0x2C, 0x4D, 0xF3, 0xC4, 0xED, 0x4C, 0x32, 0xC4, 0xED, 0x4C, 0x4D, 0xE4
    .byte   0xC4, 0xC3, 0xED,   11, 0x0B, 0x41, 0xC5, 0xC2, 0x3C, 0x4C, 0x31, 0xD3, 0xE1, 0x2D, 0x3E, 0xE4
    .byte   0xB4, 0x3B, 0x5C, 0xE5, 0xA6, 0xCD, 0x5A, 0x5E, 0xE2, 0xE2, 0xE2, 0xE1, 0x2E, 0x02, 0xD3, 0xFE
    .byte   0x3D, 0x21, 0xD3, 0xE0,    4, 0x0E, 0x1F, 0x0F, 0x2E, 0x2F, 0xE2, 0xE1, 0x2E, 0x12, 0xD3, 0xEF
    .byte   0x3C, 0x30, 0xE3, 0xD3, 0xD2, 0x1D, 0x4D, 0xE3, 0xD2, 0x2D, 0x23, 0xC4, 0xD1, 0x2D, 0x3D, 0x3E
    .byte   0xF1, 0xF1, 0x1E, 0x20, 0x01,   -3, 0x03, 0xD2, 0x0E, 0x3C, 0x4D, 0xD5, 0xB4, 0xFD, 0x4C, 0x31
    .byte   0xD2, 0x3C, 0x4D, 0xF3, 0xC5, 0xB3, 0x3B, 0x5E, 0xC4, 0xC4, 0xFD, 0x4C, 0x3D, 0x21, 0x00, 0x1F
    .byte   0xE3, 0xED, 0x4C, 0x32, 0xC5, 0xB3,    8, 0x0C, 0x31, 0xC5, 0xC2, 0x3C, 0x4D, 0xE4, 0xC3, 0xFD
    .byte   0x4C, 0x3E, 0xF3, 0xC4, 0xC3, 0x1D, 0x4C, 0x32, 0xC5, 0xB4, 0xEE, 0x3C, 0x4D, 0xF4, 0xB4, 0x1C
    .byte   0x5B, 0x41, 0xC4, 0xD1, 0x3C, 0x4E, 0xD4,  -12, 0x05, 0xC1, 0x3C, 0x4D, 0x10, 0x20, 0xD3, 0xD2
    .byte   0x20, 0xFF, 0x2D, 0x3E, 0x00, 0x1E, 0x20, 0xE3, 0xC4, 0xED, 0x4C, 0x32, 0xD2, 0x1D, 0x3F, 0xE2
    .byte   0x1E, 0x2E, 0xF2, 0xE2, 0xE2, 0xE0, 0x3C, 0x4F,   -8, 0x04, 0xDF, 0x2E, 0x2F, 0xF1, 0xE2, 0x0E
    .byte   0x3D, 0x2E, 0x20, 0xF1, 0xE2, 0xE2, 0xE2, 0xF0, 0x1F, 0xFF, 0x2F, 0xF2, 0xD3, 0x0C, 0x5B, 0x33
    .byte   0xC4, 0xD2, 0x1D, 0x4C, 0x32, 0xC4, 0xC4, 0xD1, 0x2E,    3, 0x0D, 0x4C, 0x31, 0xC5, 0xB3, 0x4B
    .byte   0x4E, 0xE4, 0xB4, 0x1C, 0x5C, 0x04, 0xB4, 0x1C, 0x5B, 0x4F, 0xC5, 0xB4, 0xED, 0x5B, 0x4D, 0xE4
    .byte   0xC4, 0xDF, 0x3C, 0x3E, 0x02, 0xD4, 0xB5, 0xEC, 0x5C, 0x03,   -9, 0x03, 0x2C, 0x5B, 0x4E, 0xE3
    .byte   0xD3, 0xFE, 0xE3, 0xD1, 0x3D, 0xF3, 0xD1, 0x3D, 0x13, 0xC3, 0x1D, 0x4C, 0x3F, 0xE3, 0xD3, 0xEE
    .byte   0x3C, 0x4E, 0xC6, 0xA4, 0x2C, 0x4D, 0x2E, 0x3E, 0xD4, 0xC3, 0x2C,   10, 0x0C, 0x13, 0xD2, 0x10
    .byte   0x1F, 0x1E, 0x21, 0xD4, 0xC3, 0x1D, 0x4C, 0x3E, 0x12, 0xD3, 0xEE, 0x3E, 0xD4, 0xC3, 0x2D, 0x3D
    .byte   0x21, 0xD4, 0xDE, 0x4B, 0x41, 0xD4, 0xC4, 0xDE, 0x3C, 0x4D, 0x2F, 0xE3,   -8, 0x03, 0x2C, 0x5C
    .byte   0xE3, 0xD3, 0xE1, 0x1E, 0x2F, 0x10, 0x0F, 0xE3, 0xD2, 0x1E, 0x2D, 0x3F, 0x01, 0x1E, 0xF3, 0xC4
    .byte   0xFC, 0x5C, 0x04, 0xB4, 0x1C, 0x4D, 0xF3, 0xEE, 0x2E, 0x12, 0xE3, 0xC4, 0xDE,    9, 0x0C, 0x3F
    .byte   0xE3, 0xC4, 0xD2, 0x1D, 0x4C, 0x3F, 0xE3, 0xD1, 0x3D, 0xE3, 0xD3, 0xEF, 0x3C, 0x4D, 0xF4, 0xB4
    .byte   0x0C, 0x5C, 0x22, 0xD3, 0xD2, 0x1D, 0x4C, 0x31, 0xD4, 0xB5, 0xDD, 0x4D, 0x11, 0xF1,    1, 0x00
    .byte   0xF0, 0x1F, 0x02, 0xD3, 0xD2, 0x0F, 0x3C, 0x4E, 0xD4, 0xC3, 0x0E, 0xFF, 0x3C, 0x4E, 0xD4, 0xC3
    .byte   0x00, 0xFF, 0x0E, 0x3D, 0x21, 0xE1, 0x11, 0x01, 0x0E, 0x2E, 0x03, 0xD3, 0xD2, 0x1D, 0x4D,    3
    .byte   0x0E, 0xE3, 0xD3, 0xEF, 0x2E, 0xF1, 0x2D, 0x4C, 0x22, 0xD3, 0x1D, 0x3E, 0xF2, 0xE2, 0xE1, 0x2D
    .byte   0x22, 0xD4, 0xDF, 0x2D, 0x3E, 0x2E, 0x11, 0xE2, 0x1E, 0x2E, 0x2E, 0x2E, 0x1F, 0x2E, 0x13, 0xB5
    .byte     -7, 0x02, 0x3C, 0x4C, 0x4D, 0x03, 0xD2, 0x0D, 0x4D, 0x22, 0xC4, 0xC3, 0x00, 0x2D, 0x3D, 0x3D
    .byte   0x3E, 0x01, 0xE2, 0xF0, 0xE3, 0xD3, 0xEE, 0x3D, 0x2E, 0x3C, 0x4E, 0xD4, 0xC3, 0xE2, 0xE2, 0xFE
    .byte   0x3D,    3, 0x0E, 0x11, 0xE2, 0x1D, 0x4D, 0xE3, 0xC4, 0xD1, 0x3C, 0x4F, 0xD3, 0xED, 0x4C, 0x4D
    .byte   0x12, 0xD3, 0xD3, 0xD2, 0x3C, 0x3F, 0xE3, 0xEE, 0x3D, 0x21, 0xE2, 0xE2, 0xE2, 0x2D, 0x3D, 0x22
    .byte   0xD3, 0xED,    5, 0x0D, 0x14, 0xB5, 0xCF, 0x4B, 0x5C, 0x3E, 0xE3, 0xC4, 0xDF, 0x3D, 0x13, 0xC4
    .byte   0xED, 0x4C, 0x31, 0xC5, 0xB4, 0xFD, 0x4C, 0x4D, 0x11, 0xE2, 0xE2, 0xE0, 0x2E, 0x12, 0xD3, 0xFD
    .byte   0x4C, 0x3F, 0xE3,   -5, 0x03, 0xD2, 0x2D, 0x3F, 0xE3, 0xDF, 0x3D, 0x12, 0xD3, 0xE1, 0x2E, 0x1E
    .byte   0x3D, 0x21, 0xE2, 0xE2, 0xE2, 0xF2, 0xE1, 0x0F, 0x2D, 0x3C, 0x4E, 0xD5, 0xB4, 0xDE, 0x4C, 0x31
    .byte   0xD2, 0x1D, 0x4D, 0x21,   -7, 0x04, 0xC3, 0x2C, 0x4E, 0xD3, 0xE1, 0x2E, 0x2E, 0x2E, 0x2E, 0x1F
    .byte   0x02, 0xD3, 0xEF, 0x3C, 0x4E, 0xD4, 0xC2, 0x2D, 0x31, 0xD3, 0xEE, 0x3D, 0x3E, 0xE3, 0xD2, 0x2D
    .byte   0x3E, 0x0E, 0x3E, 0xE3, 0xD2,    1, 0x0D, 0x4C, 0x30, 0xD4, 0xC4, 0xD0, 0x2D, 0x4C, 0x23, 0xC4
    .byte   0xDE, 0x4C, 0x23, 0xC3, 0x1D, 0x4C, 0x4D, 0xF3, 0xC4, 0xD1, 0x2D, 0x3D, 0x3E, 0x2E, 0x02, 0xD3
    .byte   0xE2, 0xE1, 0x1E, 0x2F, 0x1F, 0x1E,    0, 0x01, 0xD4, 0xC4, 0xDF, 0x3D, 0xF3, 0xD1, 0x2D, 0x3F
    .byte   0xE3, 0xEE, 0x3D, 0x12, 0xD3, 0xD3, 0xEE, 0x3D, 0x31, 0xD3, 0xDF, 0x3D, 0x22, 0xE2, 0xD3, 0x1D
    .byte   0x3D, 0x20, 0x01, 0x01, 0xF0, 0xE3, 0xD3,    0, 0x00, 0x0E, 0x3D, 0x3D, 0x04, 0xB4, 0x1C, 0x5B
    .byte   0x33, 0xC4, 0xEE, 0x3D, 0x2F, 0xE3, 0xD2, 0xE1, 0xF2, 0xF0, 0x2D, 0x3D, 0x3F, 0xD4, 0xC2, 0x3C
    .byte   0x4D, 0x12, 0xD3, 0xFE, 0x2E, 0x02, 0xE2, 0x1D,    5, 0x0D, 0x3E, 0xE3, 0xC4, 0xDE, 0x4C, 0x30
    .byte   0xE2, 0xE2, 0xE1, 0x2E, 0x01, 0x00, 0xF2, 0xD2, 0x2D, 0x4D, 0xF3, 0xC3, 0x1D, 0x4C, 0x31, 0xD3
    .byte   0xFF, 0x11, 0xD3, 0xEF, 0x3D, 0xF2, 0xE1, 0x3D, 0x03,   -7, 0x03, 0xFF, 0x2D, 0x3D, 0x22, 0xD3
    .byte   0xE0, 0x2D, 0x3D, 0x22, 0xD3, 0xD4, 0xC3, 0xFD, 0x4C, 0x3F, 0x02, 0xD3, 0xD3, 0xD2, 0x3C, 0x4C
    .byte   0x31, 0xD4, 0xC3, 0xE0, 0x3C, 0x4D, 0x12, 0xE1, 0x1F, 0x1F,   -1, 0x0F, 0x10, 0x12, 0xD2, 0x12
    .byte   0xD3, 0xFD, 0x3E, 0x01, 0xF0, 0x2E, 0xF2, 0xE0, 0x2F, 0xE3, 0xD1, 0x3C, 0x4D, 0x11, 0x0F, 0x12
    .byte   0xD3, 0xE1, 0x2D, 0x3D, 0x13, 0xD2, 0xFE, 0x2E, 0x21, 0xE2, 0x0E,    5, 0x0D, 0x22, 0xD3, 0xD1
    .byte   0x3D, 0x3D, 0x20, 0xE3, 0xD3, 0xD2, 0x2D, 0x3E, 0xF1, 0x01, 0x1E, 0x10, 0xF1, 0x11, 0x1E, 0x2E
    .byte   0x2F, 0xE3, 0xD1, 0x2D, 0x4D, 0x12, 0xC4, 0xD2, 0x1E, 0x3D, 0x3D, 0x22,   -7, 0x03, 0xE0, 0x2D
    .byte   0x3F, 0xE3, 0xD1, 0x3C, 0x4D, 0x03, 0xC4, 0xDF, 0x3D, 0x3D, 0x2F, 0xE3, 0xD3, 0xDF, 0x3D, 0x22
    .byte   0xD3, 0xEE, 0x3D, 0x3E, 0x12, 0xC4, 0xD2, 0x3C, 0x3F, 0xE2, 0x1E, 0x2E, 0x11,   -1, 0x02, 0xE2
    .byte   0xE2, 0xE0, 0x1F, 0x01, 0xFF, 0x2F, 0x1E, 0x2F, 0xE3, 0xD2, 0xFE, 0x3C, 0x4E, 0xF2, 0xD3, 0xEE
    .byte   0x3E, 0xE3, 0xD2, 0x0E, 0x3C, 0x4E, 0xD4, 0xC3, 0x1D, 0x3E, 0x11, 0xE3, 0xD3, 0xEE,    5, 0x0D
    .byte   0x3D, 0x22, 0xD3, 0xD2, 0x2D, 0x4C, 0x23, 0xC4, 0xDF, 0x3D, 0x2F, 0xE3, 0xD2, 0x0F, 0x2E, 0x12
    .byte   0xD3, 0xD2, 0xF0, 0x3C, 0x4D, 0x12, 0xD3, 0xEF, 0x3C, 0x4D, 0x12, 0xD3, 0xD2, 0x2E, 0x2F,   -1
    .byte   0x00, 0xE3, 0xEE, 0x3D, 0x12, 0xE2, 0x0F, 0x2D, 0x3D, 0x22, 0xE2, 0xEF, 0x02, 0xF0, 0x0E, 0x11
    .byte   0xF1, 0x21, 0xD3, 0xD2, 0x2E, 0x2D, 0x3E, 0x01, 0xE3, 0xD1, 0x3D, 0x20, 0xF2, 0xD3, 0xFD, 0x3E
    .byte     -2, 0x02, 0xE2, 0xF1, 0x1D, 0x3D, 0x22, 0xE2, 0xE1, 0x2D, 0x3E, 0x12, 0xD3, 0xD2, 0x2E, 0x02
    .byte   0xEE, 0x3D, 0x3F, 0xD3, 0xD2, 0x3C, 0x4D, 0x12, 0xE2, 0x0E, 0x1F, 0x00, 0xE3, 0xEE, 0x3D, 0x20
    .byte   0xF2,   -5, 0x03, 0xD2, 0x2E, 0x2E, 0x10, 0xF1, 0x0F, 0x2E, 0x2E, 0xF2, 0xE2, 0xE2, 0x1D, 0x3E
    .byte   0xE3, 0xD3, 0xEF, 0x2D, 0x3E, 0x11, 0xE3, 0xD3, 0xEE, 0x3C, 0x4D, 0x03, 0xC4, 0xD2, 0x2C, 0x4D
    .byte   0x21, 0xD4,   -3, 0x02, 0x1E, 0x2E, 0x11, 0x1E, 0x2F, 0xE3, 0xD2, 0xF0, 0x1F, 0x2E, 0x02, 0xEF
    .byte   0x3D, 0x2E, 0x2F, 0xD4, 0xC3, 0x1D, 0x4C, 0x32, 0xC4, 0xDF, 0x3D, 0x3F, 0xD3, 0xD2, 0x2E, 0x1F
    .byte   0xE3, 0xEF, 0x2E,    0, 0x00, 0xF0, 0x2E, 0x02, 0xE1, 0x1E, 0x3D, 0x22, 0xC4, 0xED, 0x4C, 0x32
    .byte   0xC4, 0xD2, 0x2D, 0x3D, 0x22, 0xC5, 0xC2, 0x1E, 0x2E, 0x3D, 0x13, 0xC4, 0xED, 0x3D, 0x22, 0xE2
    .byte   0xE2, 0x2C, 0x4D, 0xF4,  -10, 0x04, 0xD1, 0x2D, 0x4C, 0x23, 0xC4, 0xED, 0x4D, 0xD4, 0xC3, 0x1E
    .byte   0x3D, 0x3D, 0x03, 0xD3, 0xD2, 0x0E, 0x3D, 0x3E, 0xD4, 0xC3, 0x2C, 0x4D, 0xF3, 0xD3, 0xEE, 0x3C
    .byte   0x4D, 0x03, 0xD2, 0xF0, 0xE3,   -1, 0x01, 0x2D, 0x3D, 0x22, 0xD3, 0xD3, 0xFE, 0x2E, 0x2F, 0xFF
    .byte   0x1E, 0x22, 0xE2, 0xEF, 0x2E, 0x01, 0xF0, 0xF2, 0xE1, 0x2D, 0x3F, 0xE2, 0xE2, 0xE1, 0x2D, 0x3E
    .byte   0xF2, 0xE2, 0xE2, 0xFE, 0x2E, 0x12,   -1, 0x01, 0x0F, 0x12, 0xD3, 0xD2, 0x2D, 0x4C, 0x30, 0xD3
    .byte   0xD3, 0xFD, 0x4C, 0x3E, 0x13, 0xC4, 0xDE, 0x3D, 0x22, 0xE0, 0x2D, 0x3E, 0x03, 0xC4, 0xC2, 0x3D
    .byte   0x3E, 0xE0, 0x2F, 0xE3, 0xD3, 0xEE, 0x3D,    4, 0x0E, 0xF2, 0xD4, 0xC2, 0x3C, 0x3E, 0x21, 0xD4
    .byte   0xDF, 0x3D, 0x12, 0xD3, 0xE0, 0x2E, 0x2E, 0x10, 0xE3, 0xD1, 0x2D, 0x3F, 0x02, 0xD3, 0xEF, 0x2D
    .byte   0x4D, 0xE2, 0xD4, 0xC3, 0x2C, 0x4D, 0x22, 0xD3,   -2, 0x01, 0x1E, 0x3E, 0x00, 0xE1, 0x11, 0x10
    .byte   0xF0, 0x1E, 0x20, 0xF2, 0xD3, 0xDF, 0x4C, 0x4D, 0xE3, 0xD2, 0x1E, 0x3C, 0x30, 0xD4, 0xDF, 0x3D
    .byte   0x2E, 0x12, 0xE3, 0xD2, 0xFE, 0x20, 0x0F, 0xF0, 0x01,    0, 0x00, 0x0F, 0x0E, 0x22, 0xE2, 0xFE
    .byte   0x2F, 0xF1, 0x00, 0xE0, 0x2E, 0x3F, 0xD3, 0xD2, 0x0F, 0x2E, 0x00, 0xF1, 0x2E, 0x11, 0xE2, 0xE1
    .byte   0x2E, 0x3D, 0x10, 0xF3, 0xD2, 0x1D, 0x3F, 0xE2, 0xE0, 0x1F,    1, 0x0E, 0x22, 0xD3, 0xD0, 0x3D
    .byte   0x3E, 0xF2, 0xD3, 0xD2, 0x2D, 0x3E, 0xF2, 0xE1, 0x2E, 0x01, 0xE2, 0xF1, 0x1F, 0x2D, 0x22, 0xD3
    .byte   0xE0, 0x2D, 0x3E, 0x11, 0xE2, 0xF0, 0x2D, 0x20, 0xF2, 0xE2, 0xF1,    1, 0x0E, 0x2E, 0x2F, 0x02
    .byte   0xD3, 0xE1, 0x2D, 0x2F, 0xE2, 0xF0, 0x2F, 0x0E, 0x21, 0xE3, 0xD0, 0x2E, 0x11, 0x1F, 0xF1, 0xE2
    .byte   0x0F, 0x2E, 0xF0, 0x10, 0x11, 0xE2, 0x0E, 0x20, 0x00, 0xFF, 0xF0, 0x2F,   -1, 0x02, 0xE0, 0x10
    .byte   0x10, 0xFF, 0xF2, 0xE2, 0x0E, 0x2F, 0xE1, 0x2E, 0x2F, 0xE2, 0x00, 0x1F, 0x0F, 0x0F, 0x11, 0xE2
    .byte   0xFF, 0x01, 0x00, 0x0F, 0xF2, 0xFF, 0x1F, 0x01, 0xF0, 0x2E, 0x1F, 0xF1, 0xF1,   -1, 0x00, 0x1E
    .byte   0x22, 0xE2, 0xEF, 0x1E, 0x21, 0x01, 0xE0, 0x10, 0x20, 0x0E, 0xF0, 0x02, 0x00, 0xE0, 0xF1, 0x12
    .byte   0xFF, 0xFF, 0xF2, 0xF0, 0x0E, 0x2F, 0x01, 0x0F, 0x0F, 0x1F, 0x11, 0x01, 0xE0, 0x10,    2, 0x00
    .byte   0xF1, 0xE0, 0x2F, 0xFF, 0xF1, 0x11, 0x0F, 0x1E, 0x02, 0xF1, 0xF0, 0x0F, 0x11, 0x1F, 0xFF, 0x01
    .byte   0x10, 0x0F, 0xFF, 0x01, 0x10, 0x0F, 0xF1, 0x02, 0x0F, 0x0F, 0xF0, 0xF1, 0x1F, 0xF0, 0x10,    0
    .byte   0x00, 0x1F, 0xF1, 0xF1, 0x10, 0xF1, 0xFF, 0x01, 0x10, 0x1F, 0x0F, 0xF0, 0x01, 0xFF, 0x1F, 0x01
    .byte   0x11, 0x0F, 0x01, 0x01, 0xF0, 0xFF, 0x00, 0x11, 0x0F, 0xE2, 0xF1, 0x10, 0xFF, 0xF1, 0x10, 0x11
    .byte      0, 0x00, 0x00, 0x11, 0x00, 0xE0, 0x01, 0x11, 0x0F, 0xF0, 0x1F, 0x10, 0xF0, 0x01, 0x11, 0xFF
    .byte   0xF1, 0x00, 0x0F, 0x1F, 0x01, 0x11, 0x0F, 0x0F, 0xF1, 0x00, 0xF0, 0x00, 0x10, 0x01, 0xF0, 0x00
    .byte   0x01,    0, 0x00, 0x1F, 0x01, 0xF0, 0x1F, 0x00, 0x00, 0x0F, 0xF1, 0x10, 0x10, 0xF0, 0x00, 0x1F
    .byte   0x10, 0xF0, 0x01, 0x0F, 0x0F, 0x01, 0xF1, 0x0F, 0x0F, 0x01, 0x11, 0x00, 0xF0, 0x01, 0x10, 0xFF
    .byte   0xF0, 0x01,    1, 0x0F, 0x0F, 0x00, 0x01, 0x00, 0xF0, 0x01, 0x01, 0x0F, 0x00, 0x01, 0x1F, 0xFF
    .byte   0x00, 0x11, 0x0F, 0xFF, 0x11, 0x01, 0x00, 0xFF, 0x11, 0x1F, 0xFF, 0xF1, 0x11, 0x0F, 0x00, 0xF1
    .byte   0x00, 0x10, 0xFF,    0, 0x00, 0x01, 0xF0, 0xF0, 0x10, 0x10, 0xF0, 0xF1, 0x00, 0x00, 0xF0, 0x10
    .byte   0x10, 0x00, 0xF0, 0x0F, 0x01, 0xF0, 0x00, 0x10, 0x01, 0xF0, 0x00, 0x1F, 0x01, 0xFF, 0x01, 0xF1
    .byte   0x00, 0x0F, 0x01, 0xF1,    0, 0x0F, 0x1F, 0x10, 0x10, 0xF0, 0x01, 0x00, 0x00, 0xFF, 0x10, 0x1F
    .byte   0xF0, 0x1F, 0x11, 0xF1, 0xF0, 0x10, 0x0F, 0x00, 0x00, 0x00, 0x1F, 0x0F, 0x10, 0x00, 0xF1, 0xF1
    .byte   0x1F, 0x01, 0x0F, 0x00, 0x01,    1, 0x00, 0xF0, 0xF1, 0x0F, 0x10, 0x00, 0x00, 0x1F, 0x00, 0xF1
    .byte   0x00, 0x01, 0xF1, 0xF0, 0x00, 0x0F, 0x1F, 0x00, 0x01, 0x01, 0xFF, 0x10, 0x1F, 0x1F, 0x00, 0x01
    .byte   0xF1, 0xF0, 0x00, 0x00, 0x00, 0xF0,    0, 0x00, 0x1F, 0x01, 0xFF, 0x10, 0x00, 0xF1, 0x00, 0x00
    .byte   0x00, 0x00, 0x1F, 0x01, 0xF0, 0x00, 0x00, 0x01, 0xF0, 0x00, 0x1F, 0xF1, 0xF1, 0x01, 0x0F, 0x00
    .byte   0x0F, 0x01, 0x0F, 0x10, 0x01, 0xF0, 0x00,    0, 0x00, 0x00, 0x0F, 0x01, 0x00, 0xF1, 0x0F, 0x10
    .byte   0x00, 0x00, 0x00, 0xF0, 0x01, 0xF1, 0x00, 0x00, 0x01, 0xFF, 0x1F, 0x00, 0x10, 0x00, 0x00, 0x00
    .byte   0x1F, 0x1F, 0x00, 0x0F, 0x10, 0x00, 0xF1, 0xF1,    0, 0x00, 0x00, 0x0F, 0x10, 0x00, 0xF1, 0x00
    .byte   0x00, 0x00, 0x01, 0xF0, 0x00, 0x0F, 0x10, 0x00, 0x00, 0x00, 0x00, 0x00, 0xF1, 0x0F, 0x01, 0x01
    .byte   0xFF, 0x10, 0x01, 0xF1, 0xF0, 0x00, 0x00, 0xF0, 0x10,   -1, 0x01, 0x00, 0xF1, 0x00, 0x00, 0x01
    .byte   0xF1, 0xF0, 0x10, 0xFF, 0x10, 0x00, 0x1F, 0xF0, 0x10, 0x00, 0x00, 0x0F, 0x11, 0xFF, 0x10, 0x01
    .byte   0xF0, 0x00, 0x0F, 0x10, 0x00, 0xF1, 0x00, 0x00, 0x00, 0x01,    0, 0x01, 0xFF, 0x10, 0x00, 0x00
    .byte   0x0F, 0x01, 0x0F, 0x1F, 0x10, 0x00, 0x00, 0x00, 0x00, 0x00, 0x00, 0x00, 0x00, 0x1F, 0x00, 0x1F
    .byte   0x00, 0xF1, 0x00, 0x00, 0x00, 0x01, 0x0F, 0x00, 0x00, 0x00, 0x1F,    1, 0x0F, 0x0F, 0x10, 0xF1
    .byte   0x00, 0x00, 0x00, 0x00, 0x00, 0x00, 0x00, 0x0F, 0x10, 0x00, 0x00, 0x10, 0xF0, 0xF1, 0x1F, 0x1F
    .byte   0x00, 0x1F, 0x00, 0x00, 0xF1, 0x00, 0x00, 0xF0, 0x10, 0xF1, 0x00, 0x00,    0, 0x01, 0xF0, 0x00
    .byte   0x00, 0x00, 0x01, 0xFF, 0x11, 0xF0, 0x00, 0x00, 0x00, 0x0F, 0x11, 0xF0, 0x0F, 0x10, 0x00, 0x0F
    .byte   0x11, 0xF0, 0x0F, 0x10, 0x00, 0x00, 0x01, 0xF1, 0xF1, 0x0F, 0x10, 0x0F, 0x00,    0, 0x00, 0x00
    .byte   0x00, 0x0F, 0x1F, 0x1F, 0x10, 0xF0, 0x10, 0x00, 0x00, 0x01, 0x0F, 0x1F, 0x00, 0x0F, 0x10, 0x1F
    .byte   0x00, 0xF1, 0x0F, 0x10, 0xF1, 0xF1, 0x00, 0x00, 0x00, 0x00, 0x00, 0x00, 0x0F, 0x11,    0, 0x00
    .byte   0x00, 0x1F, 0x00, 0x1F, 0x01, 0x0F, 0x1F, 0xF1, 0x1F, 0x0F, 0x10, 0x0F, 0x01, 0x00, 0x00, 0xF1
    .byte   0x00, 0x01, 0xF0, 0x01, 0xF0, 0x00, 0x00, 0x1F, 0x0F, 0x01, 0x00, 0x1F, 0x00, 0x0F, 0x1F,    0
    .byte   0x00, 0x1F, 0x00, 0xF0, 0x10, 0x10, 0x0F, 0x00, 0x00, 0x00, 0x00, 0x1F, 0x01, 0xF0, 0x00, 0x00
    .byte   0x00, 0x00, 0x0F, 0x10, 0x00, 0x00, 0x00, 0x01, 0xF0, 0xF1, 0xF1, 0x00, 0x00, 0x00, 0x00, 0x01
    .byte      0, 0x01, 0x00, 0xF0, 0x00, 0x0F, 0x10, 0x00, 0x00, 0x10, 0xF0, 0x00, 0x1F, 0xF1, 0x1F, 0x00
    .byte   0x01, 0xF0, 0x0F, 0x1F, 0x1F, 0x10, 0x00, 0xF1, 0x1F, 0x00, 0x01, 0xF0, 0x00, 0x00, 0x00, 0x00
    .byte   0x00,    0, 0x00, 0x00, 0x00, 0x1F, 0x00, 0x01, 0xF0, 0x0F, 0x10, 0x00, 0x01, 0x0F, 0x01, 0x0F
    .byte   0xF1, 0x00, 0x00, 0x0F, 0x11, 0xF0, 0x1F, 0x1F, 0x10, 0xF0, 0x01, 0xF0, 0x00, 0x00, 0x00, 0x00
    .byte   0x00, 0x01,    0, 0x00, 0x1F, 0x1F, 0x01, 0xF0, 0x1F, 0x01, 0xF0, 0x00, 0x1F, 0x00, 0x00, 0xF1
    .byte   0x00, 0x00, 0xF1, 0x0F, 0x10, 0x00, 0x00, 0x00, 0x0F, 0x11, 0xF0, 0xF1, 0xF1, 0x1F, 0x00, 0x1F
    .byte   0x00, 0x0F, 0x10,    1, 0x0F, 0x0F, 0x10, 0x00, 0xF1, 0x00, 0x10, 0xF0, 0x0F, 0x11, 0xF1, 0x0F
    .byte   0x00, 0x00, 0xF1, 0x01, 0xF0, 0x00, 0x0F, 0x01, 0xF1, 0x1F, 0x00, 0x0F, 0x11, 0x0F, 0x0F, 0x10
    .byte   0x00, 0x1F, 0x1F, 0x00,    1, 0x0F, 0x00, 0x00, 0x00, 0xF1, 0x01, 0xF0, 0x00, 0x00, 0x1F, 0x00
    .byte   0xF1, 0x1F, 0x00, 0x1F, 0xF0, 0x10, 0x00, 0x00, 0x00, 0x00, 0x1F, 0x10, 0xF0, 0x1F, 0x00, 0x00
    .byte   0xF0, 0x11, 0xF0, 0x00, 0x01,   -1, 0x01, 0x00, 0x00, 0x10, 0xFF, 0x10, 0x00, 0x1F, 0x1F, 0xF1
    .byte   0x00, 0x00, 0x01, 0xF0, 0x00, 0x00, 0x00, 0x0F, 0x10, 0x00, 0xF1, 0xF1, 0xF1, 0x00, 0x0F, 0x10
    .byte   0xF1, 0x00, 0x00, 0xF1, 0x00, 0x01,    0, 0x00, 0x00, 0x00, 0x1F, 0x00, 0x00, 0x01, 0xF0, 0x01
    .byte   0xF0, 0x00, 0x00, 0x00, 0x00, 0x00, 0x00, 0x1F, 0x00, 0x0F, 0x10, 0xF1, 0x00, 0x1F, 0xF1, 0x00
    .byte   0x00, 0xF1, 0x1F, 0x00, 0x1F, 0x00, 0x01,    0, 0x0F, 0x10, 0x1F, 0x00, 0x00, 0x01, 0x00, 0xF0
    .byte   0x00, 0x00, 0xF1, 0x00, 0x00, 0x00, 0x00, 0xF1, 0x00, 0xF1, 0x0F, 0x10, 0x01, 0xF0, 0x1F, 0x00
    .byte   0x00, 0x00, 0x0F, 0x10, 0x00, 0x00, 0xF0, 0x10,   -1, 0x01, 0x00, 0x00, 0xF1, 0x0F, 0x1F, 0x00
    .byte   0x10, 0x00, 0x00, 0x01, 0xF0, 0x00, 0x00, 0x00, 0x00, 0x00, 0x0F, 0x10, 0x01, 0xF0, 0x00, 0x0F
    .byte   0x10, 0x1F, 0x00, 0xF1, 0xF1, 0x00, 0x10, 0xF1, 0xF1,    0, 0x00, 0x00, 0x00, 0x01, 0xF0, 0x00
    .byte   0xF1, 0x01, 0xF0, 0xF1, 0x00, 0x00, 0x00, 0x00, 0x00, 0x00, 0x01, 0xF0, 0x0F, 0x10, 0x00, 0x00
    .byte   0x00, 0xF0, 0x10, 0x00, 0x00, 0x00, 0x1F, 0x00, 0x00, 0x00,    0, 0x00, 0x01, 0xF0, 0x00, 0x00
    .byte   0x0F, 0x10, 0x00, 0x1F, 0x00, 0x0F, 0x10, 0x00, 0x00, 0x0F, 0x10, 0x00, 0x0F, 0x11, 0xF0, 0x01
    .byte   0xF0, 0x00, 0x01, 0xF0, 0xF1, 0x1F, 0x01, 0xFF, 0x10, 0x0F, 0x10,    1, 0x00, 0xFF, 0x10, 0x00
    .byte   0x00, 0x1F, 0x01, 0xFF, 0x10, 0x00, 0x00, 0x00, 0x00, 0x00, 0x0F, 0x1F, 0x10, 0x00, 0xF1, 0x00
    .byte   0x00, 0x00, 0x00, 0x01, 0xF1, 0xF0, 0x00, 0x00, 0xF1, 0x00, 0x00, 0x00,    0, 0x00, 0x0F, 0x11
    .byte   0xF0, 0x1F, 0x01, 0x0F, 0x1F, 0x00, 0x00, 0x00, 0x01, 0x0F, 0x00, 0x00, 0x00, 0x01, 0xF0, 0x00
    .byte   0x00, 0x01, 0xF0, 0x00, 0x1F, 0x00, 0x00, 0x00, 0x10, 0xF0, 0x0F, 0x00, 0x10,    0, 0x00, 0x00
    .byte   0x00, 0x01, 0xF0, 0x1F, 0x00, 0xF1, 0xF0, 0x10, 0x0F, 0x10, 0x00, 0x00, 0x00, 0x00, 0x00, 0x00
    .byte   0xF1, 0x00, 0x00, 0x10, 0xF0, 0x01, 0xF0, 0x00, 0x00, 0x1F, 0x00, 0x00, 0x00, 0x01,    0, 0x00
    .byte   0x00, 0x00, 0xF1, 0x1F, 0x0F, 0x10, 0x00, 0x10, 0xF0, 0x00, 0x0F, 0x00, 0x11, 0xFF, 0x10, 0x00
    .byte   0x00, 0xF1, 0x00, 0x00, 0x00, 0x10, 0xF0, 0x01, 0x0F, 0x00, 0x01, 0xF0, 0x01, 0xF0, 0x00,    0
    .byte   0x00, 0x00, 0x00, 0x00, 0x01, 0xF0, 0x00, 0x00, 0x00, 0x00, 0x00, 0x00, 0x00, 0x01, 0xF0, 0x00
    .byte   0x00, 0x01, 0xF1, 0x0F, 0x00, 0x00, 0x1F, 0x0F, 0x11, 0xF0, 0x0F, 0x1F, 0x11, 0xF0, 0x00, 0xF1
    .byte      0, 0x01, 0xF0, 0x00, 0x1F, 0x00, 0x00, 0x00, 0x1F, 0x1F, 0x00, 0x00, 0xF1, 0x00, 0x1F, 0x00
    .byte   0xF1, 0x10, 0xF1, 0xF0, 0xF1, 0x1F, 0x00, 0x01, 0x0F, 0x00, 0x00, 0x00, 0x00, 0x1F, 0x00, 0x01
    .byte   0xF1,    1, 0x0F, 0x00, 0x00, 0x00, 0x00, 0x00, 0x0F, 0x10, 0x00, 0x00, 0x00, 0xF1, 0x00, 0x0F
    .byte   0x10, 0x00, 0x00, 0x00, 0xF0, 0x10, 0x01, 0xF0, 0xF1, 0x00, 0x00, 0x00, 0x1F, 0xF1, 0xF0, 0x10
    .byte   0x00, 0x00,    0, 0x00, 0x00, 0x01, 0xF0, 0x00, 0x00, 0x00, 0x00, 0x0F, 0x01, 0x00, 0x01, 0xF1
    .byte   0xF0, 0x00, 0x10, 0xF0, 0x01, 0x0F, 0x00, 0x00, 0x00, 0x00, 0x00, 0x00, 0x00, 0x00, 0x00, 0x00
    .byte   0xF1, 0x00, 0x00,    1, 0x0F, 0x00, 0x00, 0x01, 0xF1, 0x0F, 0x00, 0x01, 0xF0, 0xF1, 0x1F, 0x00
    .byte   0x00, 0x00, 0xF1, 0x01, 0xFF, 0x10, 0x00, 0x00, 0x00, 0xF1, 0xF1, 0x00, 0x0F, 0x10, 0x00, 0xF1
    .byte   0xF0, 0x10, 0x00, 0x00,    0, 0x00, 0x1F, 0x00, 0x00, 0x00, 0xF1, 0x00, 0x00, 0x00, 0x1F, 0x01
    .byte   0xF0, 0x1F, 0x01, 0x0F, 0x00, 0x00, 0x00, 0x00, 0x00, 0x00, 0x00, 0xF1, 0x00, 0x00, 0x00, 0x00
    .byte   0x0F, 0x00, 0x1F, 0x10, 0x00,    0, 0x00, 0x00, 0x01, 0xF1, 0xF0, 0x00, 0x00, 0x00, 0x0F, 0x10
    .byte   0x00, 0x1F, 0x0F, 0x1F, 0x10, 0x00, 0x00, 0xF1, 0xF1, 0x00, 0x1F, 0x00, 0x01, 0xF0, 0x00, 0x01
    .byte   0x0F, 0x00, 0x01, 0xF0, 0x00, 0x01,    1, 0x0F, 0x00, 0x00, 0x00, 0x00, 0x00, 0x00, 0x00, 0x00
    .byte   0x01, 0xF0, 0xF1, 0x00, 0x00, 0x00, 0x00, 0x00, 0x00, 0x1F, 0x00, 0x00, 0xF1, 0xF1, 0x01, 0xFF
    .byte   0x1F, 0x10, 0x00, 0x00, 0x00, 0x0F, 0x10,    0, 0x00, 0x00, 0x00, 0x01, 0xF0, 0xF1, 0x1F, 0x00
    .byte   0x00, 0x00, 0x00, 0x00, 0x00, 0x00, 0x00, 0x1F, 0x00, 0x00, 0x00, 0x00, 0xF1, 0x01, 0xF0, 0x00
    .byte   0x1F, 0x00, 0x00, 0x01, 0x0F, 0x01, 0xF0, 0x01,    0, 0x00, 0x00, 0x00, 0x0F, 0x10, 0x01, 0xF0
    .byte   0x01, 0xF0, 0x01, 0xF0, 0x00, 0x00, 0x00, 0x00, 0x00, 0x00, 0x01, 0xF0, 0x1F, 0x00, 0x00, 0x00
    .byte   0x01, 0xF1, 0xF0, 0x00, 0x00, 0x0F, 0x10, 0x00, 0x00,    0, 0x00, 0x0F, 0x10, 0xF1, 0xF1, 0x00
    .byte   0x00, 0x00, 0xF0, 0x10, 0x00, 0x00, 0x00, 0x00, 0x0F, 0x01, 0x00, 0x0F, 0x00, 0x10, 0x00, 0x0F
    .byte   0x10, 0x00, 0x00, 0x00, 0x0F, 0x11, 0xFF, 0x10, 0x00, 0x0F,    0, 0x00, 0x00, 0x00, 0x00, 0xF1
    .byte   0x00, 0x1F, 0x00, 0xF1, 0x00, 0x01, 0xF0, 0x00, 0x00, 0x00, 0x00, 0x00, 0x00, 0x00, 0x00, 0x00
    .byte   0x00, 0x00, 0x00, 0x00, 0x1F, 0x00, 0x00, 0x00, 0x00, 0xF1, 0x01,    0, 0x00, 0x00, 0x00, 0x00
    .byte   0x00, 0x00, 0x0F, 0x10, 0x00, 0xF1, 0x00, 0x00, 0x01, 0x0F, 0x00, 0x00, 0x00, 0x00, 0x1F, 0x01
    .byte   0xFF, 0x01, 0x00, 0x01, 0x0F, 0x01, 0xF0, 0xF1, 0x00, 0x00, 0x00, 0xF1,    0, 0x00, 0x00, 0xF1
    .byte   0x00, 0x01, 0xF0, 0xF1, 0x00, 0xF1, 0x00, 0x00, 0x0F, 0x10, 0x1F, 0x00, 0xF1, 0x00, 0x00, 0x00
    .byte   0x1F, 0x1F, 0x0F, 0x10, 0x1F, 0x00, 0x1F, 0x0F, 0x10, 0x00, 0x00, 0x0F, 0x10,    0, 0x00, 0x00
    .byte   0x0F, 0x10, 0x00, 0x00, 0x00, 0x00, 0x01, 0xF0, 0x00, 0x00, 0x0F, 0x11, 0xF0, 0x01, 0x00, 0xF0
    .byte   0x00, 0x00, 0x00, 0x01, 0xF0, 0x00, 0x1F, 0x00, 0x00, 0x00, 0xF1, 0x10, 0xF0, 0x00,    0, 0x00
    .byte   0xF1, 0xF0, 0x10, 0xF0, 0x10, 0xF1, 0x00, 0xF1, 0x01, 0xF1, 0xF0, 0x00, 0x00, 0x0F, 0x11, 0xFF
    .byte   0x11, 0xF0, 0x00, 0x00, 0x0F, 0x01, 0x00, 0xF0, 0x1F, 0x1F, 0x10, 0x00, 0x00, 0xF1, 0x00,    0
    .byte   0x01, 0xF0, 0x00, 0x00, 0x00, 0x1F, 0x1F, 0x1F, 0xF1, 0x0F, 0x10, 0x00, 0x00, 0x00, 0x00, 0x00
    .byte   0x00, 0x00, 0x00, 0x1F, 0x1F, 0x00, 0xF1, 0x00, 0x01, 0x0F, 0x00, 0x1F, 0x01, 0x0F, 0x01, 0xF0
    .byte      1, 0x0F, 0xF1, 0x0F, 0x10, 0x00, 0xF1, 0x00, 0xF1, 0xF1, 0x00, 0x00, 0x00, 0x00, 0x00, 0x00
    .byte   0xF0, 0x10, 0x00, 0x00, 0x00, 0x1F, 0x01, 0xF0, 0x00, 0x01, 0xF0, 0x00, 0x00, 0x00, 0x00, 0x00
    .byte   0x00,    1, 0x0F, 0xF1, 0x01, 0xF0, 0x00, 0x00, 0x00, 0xF1, 0x00, 0x00, 0x00, 0x00, 0x00, 0x00
    .byte   0x00, 0x00, 0x00, 0x00, 0x00, 0x00, 0x00, 0x00, 0x00, 0x00, 0x00, 0x00, 0x00, 0x00, 0x00, 0x00
    .byte   0x00, 0x00

    .end
