    .section .rodata
    .global Prologue_Line_0020_Compressed
    .align  2

Prologue_Line_0020_Compressed:

    .byte   0x1, 0x0, 0x0, 0x0
    .word   0x00D10C00  @ Mid-C ~13379.000000
    .word   0, 82123

    .byte      5, 0x04, 0x2A, 0x7C, 0x83, 0xC7, 0x79, 0x39, 0x77, 0x96, 0x98, 0x7D, 0x67, 0x8A, 0x67, 0x3B
    .byte   0x8D, 0x6D, 0x44, 0xF2, 0xD4, 0x3C, 0xBB, 0x53, 0xDF, 0x20, 0xF0, 0x3E, 0xED, 0xE6, 0xCC, 0x4D
    .byte   0x53,   -7, 0x05, 0xDF, 0x6A, 0x3C, 0xA7, 0x0C, 0x2A, 0x55, 0xB4, 0xCD, 0x2E, 0x6E, 0xA0, 0x25
    .byte   0x3D, 0xDC, 0x04, 0x43, 0xBB, 0x45, 0x3C, 0xDD, 0x24, 0xE4, 0xDB, 0x33, 0x5D, 0xB1, 0xD5, 0xFD
    .byte   0x3D, 0xEE,   10, 0x03, 0xDC, 0xF4, 0x01, 0xC2, 0x2E, 0x2F, 0xEE, 0xF2, 0x2E, 0xEE, 0x32, 0xFF
    .byte   0xFF, 0x02, 0x2E, 0xE0, 0x22, 0x2D, 0xF1, 0x02, 0x2D, 0xE1, 0x22, 0xE1, 0xF1, 0x20, 0x11, 0xE0
    .byte   0x2F, 0x1E, 0xE2,    1, 0x00, 0x0F, 0xF0, 0x1F, 0x2D, 0xF3, 0xE2, 0xEE, 0x3F, 0x00, 0xF0, 0x00
    .byte   0x10, 0xE0, 0x00, 0x2E, 0xFF, 0x10, 0x1F, 0xFF, 0xF2, 0xF0, 0x0F, 0x01, 0xF0, 0xFF, 0x00, 0x11
    .byte   0xF0, 0x10, 0x10, 0xE2,   -4, 0x00, 0x10, 0x11, 0x02, 0x10, 0x11, 0x01, 0x01, 0x01, 0x00, 0x20
    .byte   0x2E, 0x02, 0xE1, 0x2E, 0x2E, 0xE2, 0xFF, 0xEF, 0xFE, 0xE0, 0xFE, 0xFF, 0xE1, 0xEE, 0xFF, 0xEE
    .byte   0x0D, 0x10, 0x0F, 0xEE, 0x02,  -49, 0x0F, 0xF2, 0x33, 0x34, 0x04, 0x33, 0x42, 0x23, 0x13, 0x10
    .byte   0x10, 0xEF, 0xED, 0xDD, 0xDD, 0xDD, 0xD1, 0xEE, 0x00, 0x12, 0xF2, 0x11, 0x02, 0x00, 0xEE, 0x1D
    .byte   0xEE, 0xDD, 0xDE, 0xFE, 0xEE, 0xEE,  -79, 0x0E, 0xE2, 0xE3, 0x44, 0x44, 0x25, 0x43, 0x43, 0x23
    .byte   0x23, 0x2E, 0xE1, 0xE0, 0xCC, 0xDD, 0xCD, 0xDC, 0xDD, 0x21, 0xF1, 0x33, 0x33, 0x23, 0x22, 0x21
    .byte   0x1E, 0xDF, 0xEE, 0xDD, 0xED, 0xDF, 0xDE,  -48, 0x0E, 0x0F, 0xF0, 0xFF, 0x1F, 0x0F, 0xD0, 0x0E
    .byte   0x33, 0x44, 0x23, 0x44, 0x34, 0x23, 0x23, 0x32, 0x2E, 0x11, 0xED, 0xCD, 0xCD, 0xDC, 0xCD, 0xDF
    .byte   0xF0, 0xE2, 0x33, 0x41, 0x23, 0x23, 0x20, 0xFE,   23, 0x0E, 0x0D, 0xDD, 0xD0, 0xDD, 0xED, 0xEF
    .byte   0xF0, 0xEF, 0x20, 0x2E, 0xEF, 0xF1, 0xEE, 0xF4, 0x53, 0x31, 0x45, 0x33, 0x32, 0x30, 0x33, 0xE0
    .byte   0x02, 0xEE, 0xCC, 0xDC, 0xDD, 0xCD, 0xDE, 0x2E, 0x21,  -16, 0x03, 0x31, 0x32, 0x30, 0xF2, 0xEE
    .byte   0x2D, 0x1D, 0xDE, 0xDE, 0xDD, 0xFD, 0xFF, 0xE0, 0x01, 0x12, 0x0F, 0x0F, 0xEF, 0xE0, 0xEF, 0x34
    .byte   0x33, 0x24, 0x44, 0x33, 0x32, 0x32, 0x32, 0xFF, 0x10, 0xDD,   58, 0x0D, 0xDC, 0xCD, 0xDD, 0xEF
    .byte   0x00, 0xF3, 0x33, 0x22, 0x23, 0x21, 0x0E, 0xEE, 0x1D, 0xED, 0xDF, 0xDE, 0xDE, 0xFE, 0x0E, 0x0F
    .byte   0xF2, 0x21, 0x0F, 0x10, 0xE0, 0xD1, 0xFE, 0x33, 0x33, 0x14, 0x44,   33, 0x03, 0x41, 0x32, 0x33
    .byte   0xE1, 0xE2, 0xED, 0xDC, 0xEC, 0xDD, 0xCD, 0xEE, 0x3D, 0xE3, 0x24, 0x1F, 0x32, 0x23, 0xEE, 0xEE
    .byte   0x01, 0xDD, 0xDD, 0x0E, 0xDE, 0xEE, 0x2E, 0x10, 0xE2, 0x22, 0x2E, 0xE3,  -34, 0x01, 0xED, 0x2E
    .byte   0x11, 0xD4, 0x22, 0x4F, 0x44, 0x24, 0x21, 0x41, 0x33, 0xD2, 0xF1, 0x2D, 0xDC, 0x0D, 0xED, 0xCE
    .byte   0xD1, 0x2E, 0xFF, 0x13, 0x21, 0x21, 0x22, 0x10, 0xEE, 0xFF, 0xED, 0xED, 0xEF,  -25, 0x0E, 0xEE
    .byte   0x01, 0x2F, 0xE1, 0x02, 0x2E, 0x3E, 0xE3, 0xE3, 0xD1, 0x0E, 0x3D, 0x12, 0xC3, 0x04, 0x3D, 0x32
    .byte   0x43, 0xE2, 0x3F, 0x32, 0x22, 0xD1, 0x23, 0xEC, 0xF1, 0x0E, 0xDE, 0xDF, 0xF2, 0x0D,    0, 0x02
    .byte   0x22, 0x1D, 0x3F, 0x01, 0xFE, 0xEE, 0x11, 0x0C, 0xF2, 0xD3, 0xCF, 0x4B, 0x32, 0xC5, 0xCD, 0x5C
    .byte   0x32, 0xD3, 0xB6, 0xC4, 0xEA, 0x6C, 0x5D, 0xE2, 0xC5, 0xEF, 0x3B, 0x5C, 0x5F, 0xC4, 0xB5,   15
    .byte   0x0D, 0x3E, 0xF4, 0xC4, 0xD2, 0xF0, 0x3D, 0x1F, 0x22, 0xEF, 0xE2, 0x2C, 0x3E, 0xD4, 0xC3, 0x3B
    .byte   0x32, 0x2E, 0xC3, 0xEE, 0x5A, 0x5D, 0xA7, 0xCD, 0x3B, 0xD6, 0xC2, 0x1B, 0x4C, 0x5E, 0xE1, 0xC5
    .byte    -24, 0x04, 0x39, 0x7A, 0x36, 0xA4, 0xD3, 0xE0, 0x4E, 0xB6, 0xA5, 0x4B, 0x4D, 0xFF, 0x5B, 0x42
    .byte   0xA6, 0xD2, 0x3B, 0x5B, 0x6C, 0xD5, 0xA5, 0xD3, 0x0C, 0x4D, 0x23, 0xC5, 0xBF, 0x3E, 0x3D, 0x2C
    .byte   0x4D,   11, 0x03, 0xB4, 0xC2, 0x3E, 0xFE, 0x1E, 0x4C, 0x3D, 0xD5, 0xA6, 0xCC, 0x5B, 0x40, 0xED
    .byte   0x2E, 0x5B, 0x24, 0xA6, 0xC3, 0xFD, 0xD5, 0xD3, 0xC2, 0x2E, 0x2E, 0x4B, 0x5B, 0x52, 0xB4, 0xC3
    .byte   0x2F, 0x0E,   -2, 0x0F, 0x32, 0xE3, 0xB5, 0xD2, 0xDE, 0x4B, 0x6B, 0x33, 0xC2, 0x3C, 0x04, 0xB4
    .byte   0xE0, 0x31, 0xDE, 0x5B, 0x4D, 0xE2, 0xD4, 0xC4, 0xDC, 0x4E, 0x2E, 0x1D, 0xF4, 0xD3, 0xB5, 0xB5
    .byte   0xED, 0x4A, 0x6B,   15, 0x0C, 0xE1, 0xC5, 0xD4, 0xC0, 0x1C, 0x6B, 0x24, 0xA6, 0xB5, 0xCF, 0xEE
    .byte   0x4D, 0x5A, 0x6B, 0xE6, 0xA5, 0xB3, 0x22, 0xE1, 0x00, 0x2C, 0x5B, 0x4C, 0x3E, 0x3E, 0xF1, 0xD4
    .byte   0xC5, 0xB4, 0xD2, 0x1D,   11, 0x0B, 0x5C, 0x20, 0xE3, 0xD2, 0xFE, 0x2D, 0x13, 0xE2, 0x2D, 0x21
    .byte   0xE4, 0xC2, 0xFE, 0x31, 0xD2, 0xFE, 0x3E, 0xE2, 0xC4, 0x2C, 0x6A, 0x4F, 0xE2, 0xD3, 0xD4, 0xB5
    .byte   0xC4, 0xFC, 0x5B, 0x5C, 0x22,  -13, 0x04, 0xD2, 0x4B, 0x5B, 0x4E, 0x22, 0xC3, 0xC5, 0xC3, 0xFD
    .byte   0x4C, 0x33, 0xC3, 0xED, 0x31, 0xD3, 0xD2, 0x22, 0xEE, 0x2D, 0x4C, 0x4C, 0x31, 0xD4, 0xB5, 0xB5
    .byte   0xCF, 0x4B, 0x5C, 0x3E, 0x2E, 0x03,   -1, 0x02, 0xFE, 0x11, 0x2E, 0xFE, 0x11, 0x12, 0x0E, 0x20
    .byte   0xD4, 0xC3, 0x2E, 0xF2, 0xFF, 0xE2, 0xC4, 0xEF, 0x21, 0x1D, 0x4B, 0x5C, 0x3C, 0x4E, 0xE4, 0xB5
    .byte   0xB5, 0xB5, 0xDD, 0x3B, 0x6B, 0x4E, 0xEF,   -3, 0x03, 0xE2, 0xDE, 0x21, 0x12, 0xD1, 0x3D, 0x4E
    .byte   0xC4, 0xB5, 0xD1, 0x1D, 0x4C, 0x5B, 0x4E, 0xE1, 0xD4, 0xD3, 0xD2, 0xE1, 0x01, 0x1D, 0x4C, 0x4E
    .byte   0x0F, 0xD4, 0xB5, 0xB4, 0x3C, 0x4D, 0x2D, 0x2D,    0, 0x0D, 0x4C, 0x4C, 0x33, 0xC4, 0xD2, 0xD3
    .byte   0xD4, 0xB4, 0xED, 0x5A, 0x6B, 0x33, 0xC5, 0xB3, 0x0E, 0x3E, 0x2E, 0xF3, 0xC4, 0xDF, 0x01, 0xD3
    .byte   0xFE, 0x22, 0xE0, 0x3C, 0x4D, 0xFE, 0x22, 0x12, 0xD2,   -8, 0x05, 0xB4, 0xDD, 0x5A, 0x6B, 0x4E
    .byte   0xD4, 0xC4, 0xD2, 0xD3, 0xD2, 0x3E, 0x2D, 0xF2, 0xEF, 0x13, 0xB5, 0xC3, 0x4B, 0x5A, 0x5D, 0x22
    .byte   0xD3, 0xC4, 0xE2, 0x11, 0xD3, 0xD2, 0x2D, 0x1D, 0x3E, 0x31,    6, 0x0E, 0x0E, 0x3D, 0x01, 0xD3
    .byte   0x12, 0xD4, 0xDE, 0x20, 0xD3, 0xFE, 0x2E, 0x2E, 0x13, 0xD2, 0x2B, 0x5D, 0x3E, 0xE2, 0xD4, 0xC5
    .byte   0xBF, 0x4C, 0x4E, 0xFE, 0x0E, 0xE4, 0xDF, 0x3C, 0x31, 0x22, 0xC4,  -12, 0x04, 0x2C, 0x4D, 0xD4
    .byte   0xD3, 0xD1, 0x0D, 0x5C, 0x3F, 0xC4, 0xD2, 0x12, 0xDF, 0x3D, 0x24, 0xB3, 0xFE, 0x4C, 0x3E, 0x0D
    .byte   0x4D, 0x32, 0xB5, 0xB4, 0x1C, 0x5C, 0x3E, 0xE4, 0xB4, 0xC2, 0x3D, 0x4E,    0, 0x03, 0xC5, 0xB4
    .byte   0x2A, 0x78, 0x7F, 0xB7, 0x86, 0xCF, 0x69, 0x7A, 0xC7, 0xA6, 0xCC, 0x5A, 0x53, 0xB6, 0x94, 0x5A
    .byte   0x7A, 0xD6, 0x97, 0xCC, 0x78, 0x6D, 0xD6, 0x95, 0xFC, 0x6B, 0x33, 0x97, 0xB3,   25, 0x0A, 0x4F
    .byte   0xB6, 0xCF, 0x59, 0x6B, 0x5E, 0xC5, 0xA4, 0x3D, 0x5B, 0x20, 0xD5, 0xDD, 0x3C, 0x24, 0xC3, 0x2D
    .byte   0x3D, 0x2F, 0xF3, 0xB5, 0xDD, 0x4D, 0xD5, 0xB4, 0x1C, 0x5B, 0x4D, 0xD5, 0xB5, 0xDD,   17, 0x0A
    .byte   0x5D, 0x2E, 0x0F, 0xF4, 0xC3, 0x1C, 0x4F, 0xD4, 0xC2, 0xEF, 0x4D, 0x4C, 0xD0, 0xF3, 0x3E, 0xC3
    .byte   0xC4, 0x5C, 0x2C, 0xC5, 0xC6, 0xCC, 0x3A, 0x64, 0xC5, 0xAC, 0x6B, 0x7B, 0xC4, 0x97, 0x1C,   51
    .byte   0x08, 0x4C, 0xF7, 0x97, 0x8F, 0x79, 0x71, 0x97, 0x87, 0xB6, 0x58, 0x78, 0x67, 0x87, 0x91, 0x5B
    .byte   0x79, 0x78, 0x27, 0x97, 0xCB, 0x78, 0x7D, 0xC7, 0x86, 0xDB, 0x55, 0x90, 0x79, 0x55, 0x96, 0xCB
    .byte     17, 0x0A, 0x6C, 0xF3, 0xC5, 0xEA, 0x7D, 0x97, 0xBE, 0x41, 0xDC, 0x6C, 0xB6, 0xEC, 0x14, 0xCD
    .byte   0x51, 0xC4, 0xDC, 0x15, 0x39, 0x7D, 0x97, 0x59, 0x6E, 0x87, 0x3C, 0x2F, 0x3B, 0x27, 0xAE, 0x69
    .byte   0xD7,   -5, 0x0C, 0x7B, 0xC4, 0x3E, 0x1D, 0xDF, 0x30, 0xC5, 0xDC, 0x40, 0x3D, 0xF2, 0xC5, 0xCE
    .byte   0x5B, 0x3E, 0xF4, 0xCE, 0x3D, 0xE2, 0x21, 0x12, 0xFE, 0x3F, 0xD0, 0x3E, 0xC4, 0xDE, 0x4E, 0xC3
    .byte   0x1D, 0x4E,   -3, 0x01, 0xE3, 0xDE, 0x4D, 0xD4, 0xEE, 0x31, 0xD1, 0x1E, 0x22, 0xD2, 0x10, 0x20
    .byte   0x1E, 0xEF, 0x11, 0x21, 0xE1, 0x21, 0x21, 0x2E, 0x02, 0x21, 0x20, 0xE2, 0x0F, 0x01, 0xE1, 0x0E
    .byte   0x00, 0xE0, 0xEF,    4, 0x00, 0x0F, 0x1E, 0x01, 0x0F, 0x1F, 0xFF, 0x0F, 0x10, 0xF0, 0xF1, 0xF1
    .byte   0xF0, 0x0F, 0xF1, 0x11, 0xF0, 0xF0, 0x10, 0x0F, 0xF0, 0x1F, 0x1F, 0xF0, 0x01, 0xF1, 0xFF, 0x00
    .byte   0x10, 0x1F, 0x01, 0x01,   -6, 0x01, 0x00, 0x01, 0x10, 0x00, 0xF1, 0x1F, 0x10, 0x00, 0x01, 0x00
    .byte   0xFF, 0x10, 0x10, 0x0F, 0x01, 0x00, 0x1F, 0x00, 0x01, 0xF1, 0xFF, 0x1F, 0x10, 0x01, 0x00, 0x0F
    .byte   0x01, 0x00, 0x1F, 0x01, 0x00,    1, 0x00, 0x01, 0x00, 0x00, 0x01, 0xF0, 0x10, 0x00, 0x00, 0x1F
    .byte   0x00, 0x0F, 0x10, 0x1F, 0x01, 0xF0, 0x00, 0x00, 0x0F, 0x10, 0x00, 0xF1, 0xF0, 0xF1, 0xF1, 0xF1
    .byte   0xF0, 0x0F, 0x01, 0x1F, 0x1F, 0x1F,    2, 0x0F, 0x00, 0x00, 0x00, 0x0F, 0x10, 0x0F, 0x1F, 0x00
    .byte   0x00, 0xF1, 0xF1, 0x00, 0x00, 0xF0, 0x00, 0x0F, 0x10, 0x1F, 0x00, 0x00, 0x00, 0x00, 0x00, 0x10
    .byte   0xF1, 0x0F, 0x00, 0x0F, 0x10, 0x00, 0x00,   -1, 0x01, 0xF0, 0x01, 0xF0, 0x00, 0x00, 0x01, 0xF0
    .byte   0x01, 0xF1, 0xF1, 0xF1, 0x00, 0xF1, 0x00, 0x00, 0x00, 0xF0, 0x10, 0x0F, 0x10, 0x01, 0xF0, 0x00
    .byte   0x00, 0x00, 0x1F, 0x0F, 0x10, 0x00, 0x1F, 0x01,    0, 0x01, 0x00, 0xF0, 0x1F, 0xF1, 0x01, 0x0F
    .byte   0x10, 0x0F, 0x01, 0x0F, 0x00, 0x1F, 0x00, 0x10, 0x00, 0xF1, 0x0F, 0xF1, 0x00, 0x00, 0x0F, 0x10
    .byte   0x01, 0xF0, 0x00, 0x00, 0xF1, 0xF0, 0x01, 0xF0, 0x10,   -1, 0x01, 0x00, 0x00, 0x0F, 0x00, 0x10
    .byte   0x0F, 0x01, 0x0F, 0x10, 0x00, 0xF1, 0x00, 0x00, 0x00, 0x00, 0x0F, 0x01, 0x1F, 0x1F, 0x01, 0x00
    .byte   0xF0, 0x00, 0x1F, 0x1F, 0x0F, 0x01, 0xF1, 0xF1, 0x1F, 0x0F,    0, 0x00, 0x1F, 0x00, 0x00, 0x00
    .byte   0x00, 0x00, 0x01, 0xF0, 0x00, 0x10, 0xF0, 0x00, 0x00, 0x00, 0x00, 0x00, 0x00, 0x00, 0x00, 0x00
    .byte   0xF1, 0x01, 0xF1, 0xF0, 0x10, 0xF0, 0x0F, 0x01, 0x01, 0xF0, 0x00,    0, 0x00, 0x00, 0x00, 0x00
    .byte   0x01, 0xF0, 0x00, 0x0F, 0x01, 0x00, 0x00, 0x00, 0x0F, 0x10, 0x00, 0x01, 0xF0, 0xF1, 0x00, 0x00
    .byte   0x00, 0x00, 0x0F, 0x10, 0x0F, 0x1F, 0x10, 0xF1, 0x0F, 0x10, 0x00, 0x00,   -1, 0x01, 0x00, 0x00
    .byte   0x0F, 0x10, 0x00, 0x00, 0x00, 0x00, 0xF1, 0x1F, 0xF0, 0x10, 0x00, 0xF1, 0x00, 0x00, 0xF1, 0x1F
    .byte   0x00, 0x00, 0x00, 0x01, 0xFF, 0x01, 0x00, 0x1F, 0x1F, 0x0F, 0x10, 0x00, 0x00,    0, 0x0F, 0x10
    .byte   0x00, 0x00, 0xF1, 0x0F, 0x10, 0x1F, 0x00, 0x00, 0x1F, 0x00, 0x01, 0xF0, 0x00, 0x0F, 0x10, 0x00
    .byte   0xF1, 0xF1, 0x00, 0x00, 0x0F, 0x10, 0x00, 0x00, 0xF1, 0x00, 0x1F, 0x0F, 0x1F, 0x11,    0, 0x01
    .byte   0xF1, 0xF0, 0xF0, 0x1F, 0x1F, 0x1F, 0x01, 0x00, 0x00, 0x01, 0xF0, 0x00, 0x00, 0x00, 0xF1, 0x00
    .byte   0x00, 0x0F, 0x01, 0x01, 0xF0, 0x00, 0x0F, 0x1F, 0x1F, 0x11, 0xF0, 0x00, 0x00, 0x1F, 0x0F,    0
    .byte   0x00, 0x00, 0x1F, 0x00, 0x00, 0x00, 0x1F, 0x00, 0x00, 0x1F, 0x00, 0x00, 0x0F, 0x10, 0xF0, 0x10
    .byte   0x00, 0x00, 0x00, 0x10, 0xF0, 0xF0, 0x21, 0xEE, 0x2F, 0xE0, 0x30, 0xFE, 0xFE, 0xE4, 0x74, 0xBC
    .byte      4, 0x0E, 0x01, 0x0D, 0xFD, 0xE0, 0xFE, 0x02, 0x33, 0xFE, 0xD0, 0x33, 0x31, 0xEE, 0xF1, 0x1F
    .byte   0xEE, 0x01, 0x21, 0x0D, 0xF1, 0x22, 0x00, 0xFF, 0x2F, 0xEE, 0xE0, 0x22, 0x0F, 0xFF, 0x12, 0x22
    .byte   0x02,   12, 0x02, 0x10, 0xFF, 0xF0, 0x1F, 0x0E, 0xF1, 0x0F, 0xFE, 0x0E, 0x10, 0x01, 0x11, 0x00
    .byte   0x1F, 0x0F, 0xE0, 0xE0, 0xFE, 0x01, 0x00, 0xFE, 0xEE, 0x0E, 0x0E, 0xF0, 0x21, 0x22, 0x1F, 0x00
    .byte   0x12, 0x34,   25, 0x04, 0x44, 0x10, 0xDD, 0xCD, 0xDE, 0xF2, 0x11, 0x12, 0xF0, 0x11, 0xF0, 0xEE
    .byte   0xDE, 0xDE, 0xDF, 0xFE, 0xED, 0xDE, 0xEE, 0xE0, 0x0D, 0xDD, 0xDF, 0xEF, 0x13, 0x44, 0x66, 0x66
    .byte   0x54, 0xED, 0xCA,   40, 0x0B, 0xDF, 0xE0, 0xFF, 0x11, 0x23, 0x44, 0x32, 0xED, 0xDC, 0xDE, 0xD2
    .byte   0x01, 0x1D, 0x1E, 0xE1, 0xE2, 0x0F, 0xFE, 0x21, 0x22, 0x11, 0xDE, 0xDD, 0xED, 0xDD, 0xDD, 0x0E
    .byte   0xEE, 0x13, 0x34, 0x45,   24, 0x05, 0x65, 0x4E, 0xCB, 0xAB, 0xBD, 0xF3, 0x02, 0x32, 0x33, 0x34
    .byte   0x32, 0x1D, 0xDB, 0xCC, 0xDE, 0x02, 0x33, 0x02, 0x1E, 0xEE, 0xEE, 0x11, 0x23, 0x22, 0x2F, 0xED
    .byte   0xDD, 0xCD, 0xDC, 0xEE, 0xEF,  -83, 0x01, 0x2E, 0x22, 0x33, 0x56, 0x67, 0x53, 0x0C, 0xAA, 0xAB
    .byte   0xD3, 0x43, 0x43, 0x31, 0x33, 0x34, 0x3E, 0xDB, 0xBA, 0xCC, 0xF3, 0x44, 0x42, 0x1F, 0xDE, 0xDF
    .byte   0xFF, 0x01, 0x11, 0x23, 0x22, 0xED,   -8, 0x0C, 0xDC, 0xDE, 0xE2, 0x02, 0x2F, 0xFE, 0xDE, 0xE3
    .byte   0x25, 0x66, 0x66, 0x4E, 0xBA, 0xAB, 0xDE, 0x44, 0x43, 0x12, 0xFF, 0x34, 0x40, 0xEC, 0xBA, 0xBC
    .byte   0xE3, 0x43, 0x43, 0xFE, 0xEE, 0xEE, 0x0E,  -13, 0x0F, 0xE2, 0x33, 0x32, 0x2F, 0xCC, 0xCD, 0xCE
    .byte   0x01, 0x12, 0x12, 0x1D, 0xEE, 0xCE, 0xE2, 0x45, 0x66, 0x75, 0x2C, 0xAB, 0xAD, 0xF4, 0x54, 0x3F
    .byte   0xEE, 0xD3, 0x34, 0x4F, 0xEB, 0xAB, 0xBE, 0x14,    1, 0x04, 0x2F, 0xED, 0xDE, 0xD1, 0xFE, 0xEF
    .byte   0x22, 0x33, 0x22, 0x1D, 0xCD, 0xDD, 0xEE, 0x10, 0xF1, 0x01, 0x0E, 0xDD, 0xDD, 0x22, 0x56, 0x67
    .byte   0x54, 0xDB, 0xAA, 0xDE, 0x35, 0x43, 0x1F, 0xD0, 0x24,   76, 0x04, 0xFD, 0xBB, 0xAC, 0xD1, 0x34
    .byte   0x43, 0xFF, 0xDC, 0xDD, 0xFF, 0x02, 0x21, 0x22, 0x31, 0x1F, 0xED, 0xDE, 0xDD, 0xED, 0xE0, 0x32
    .byte   0x3E, 0xED, 0xCD, 0xD2, 0x05, 0x66, 0x66, 0x41, 0xAA, 0xAD,  -12, 0x03, 0x55, 0x3E, 0xDD, 0xE2
    .byte   0x54, 0x42, 0xDB, 0xBA, 0xBF, 0xF4, 0x43, 0x3F, 0xED, 0xDD, 0xDE, 0x0F, 0x02, 0x12, 0x23, 0x20
    .byte   0x2E, 0xDD, 0xDD, 0xCE, 0xEE, 0x23, 0x3F, 0x1D, 0xDC, 0xDE, 0x22,  -62, 0x06, 0x66, 0x63, 0xEB
    .byte   0xAB, 0xE2, 0x34, 0x51, 0xED, 0xDE, 0x35, 0x53, 0x2C, 0xBB, 0xAC, 0xE1, 0x44, 0x22, 0x1D, 0xED
    .byte   0xEE, 0xE0, 0xE0, 0x02, 0x13, 0x21, 0x1E, 0xED, 0xEE, 0xED, 0xEE, 0xDE,  -53, 0x02, 0x11, 0xFD
    .byte   0xDD, 0xE2, 0x05, 0x66, 0x56, 0x2D, 0xAB, 0xBF, 0x34, 0x54, 0xEE, 0xCD, 0x24, 0x55, 0x2E, 0xCB
    .byte   0xAB, 0xDF, 0x33, 0x33, 0xEE, 0xEE, 0xDE, 0x00, 0xDE, 0x11, 0x23, 0x32, 0xEE,  -11, 0x0E, 0xDE
    .byte   0x2E, 0xDE, 0xED, 0xE0, 0x22, 0x0E, 0xDD, 0xE1, 0x32, 0x56, 0x56, 0x42, 0xCA, 0xBD, 0x24, 0x45
    .byte   0x2D, 0xDD, 0xF3, 0x54, 0x4F, 0xDB, 0xBA, 0xDE, 0x13, 0x33, 0x00, 0xDF, 0xED, 0xE1,  -14, 0x0D
    .byte   0xE1, 0x31, 0x32, 0x2E, 0xDE, 0xDE, 0xF0, 0xDE, 0xED, 0x0F, 0xFF, 0x2F, 0xDE, 0xEF, 0x2F, 0x57
    .byte   0x55, 0x5F, 0xCA, 0xCD, 0x24, 0x44, 0x3C, 0xDE, 0x14, 0x45, 0x3D, 0xDB, 0xBC, 0xC1, 0x10,    7
    .byte   0x01, 0x12, 0x11, 0xED, 0xDD, 0xDE, 0xF2, 0x33, 0x22, 0xFD, 0xDE, 0xF2, 0x0D, 0xDD, 0xCF, 0x02
    .byte   0x20, 0x1E, 0xDD, 0x12, 0x23, 0x66, 0x55, 0x2E, 0xBB, 0xC1, 0x44, 0x43, 0xEC, 0xE2, 0x34, 0x54
    .byte    100, 0x0C, 0xCB, 0xCC, 0x0E, 0xEF, 0xF0, 0x23, 0x21, 0xEC, 0xDC, 0xD1, 0x33, 0x3F, 0x0E, 0xED
    .byte   0x22, 0x0F, 0xDD, 0xCC, 0x22, 0x20, 0xE0, 0xDD, 0xF3, 0x12, 0x36, 0x65, 0x50, 0xDB, 0xBD, 0x34
    .byte   0x43,   53, 0x0C, 0xDE, 0x35, 0x44, 0x3D, 0xCB, 0xDD, 0xDF, 0xDD, 0xDF, 0x33, 0x32, 0x1C, 0xCC
    .byte   0xD0, 0x23, 0x30, 0xED, 0xF0, 0xF3, 0x3F, 0xEC, 0xCC, 0xC1, 0x23, 0x3F, 0xFD, 0xB0, 0x43, 0x35
    .byte   0x65, 0x43,   52, 0x0E, 0xBC, 0x34, 0x3F, 0xFE, 0xD1, 0x35, 0x44, 0x0D, 0xCC, 0xDE, 0xED, 0xDD
    .byte   0xCE, 0x34, 0x22, 0xED, 0xCD, 0xF2, 0xF0, 0xEE, 0xEE, 0x33, 0x2F, 0xEE, 0xCD, 0xDD, 0xDE, 0x12
    .byte   0x21, 0xED, 0xD2,  -71, 0x04, 0x15, 0x74, 0x42, 0xFC, 0xCD, 0x34, 0x1D, 0x0F, 0xF3, 0x44, 0x4F
    .byte   0xEE, 0xDE, 0xED, 0xCC, 0xCD, 0x13, 0x33, 0x1D, 0xDD, 0xEE, 0xFE, 0xEE, 0xEF, 0x21, 0x32, 0xEE
    .byte   0xDD, 0xED, 0xDD, 0xEE,  -78, 0x02, 0x21, 0xDF, 0x31, 0x33, 0x66, 0x54, 0xDD, 0xCD, 0x33, 0x3D
    .byte   0xDE, 0xF4, 0x44, 0x3E, 0xFF, 0x2F, 0xDD, 0xCC, 0xCE, 0xF2, 0xF0, 0x21, 0xFE, 0xEC, 0xDE, 0xF0
    .byte   0xF1, 0x11, 0x12, 0x1E, 0xDD,  -44, 0x0D, 0xDE, 0xD0, 0x01, 0x1E, 0xD3, 0x42, 0x13, 0x66, 0x43
    .byte   0xFE, 0xDE, 0x31, 0xEC, 0xD1, 0x44, 0x42, 0x00, 0x32, 0x2E, 0xCD, 0xCC, 0xED, 0xEE, 0x12, 0x22
    .byte   0xEE, 0xDD, 0xEE, 0xFE, 0xEF, 0x12,  -22, 0x02, 0x0D, 0xDD, 0xED, 0xEE, 0xEF, 0xED, 0xE0, 0x34
    .byte   0x22, 0x46, 0x54, 0x3F, 0x2E, 0x01, 0xDD, 0xC2, 0x34, 0x32, 0x22, 0x33, 0xFD, 0xDE, 0xDE, 0xCC
    .byte   0xF0, 0x20, 0xDE, 0xFE, 0x0F, 0xEE, 0xDE,  -27, 0x00, 0x2E, 0xEE, 0x11, 0xFE, 0xDD, 0xEF, 0xFE
    .byte   0xDC, 0x12, 0x32, 0x33, 0x56, 0x44, 0x3E, 0x32, 0x2D, 0xCD, 0xF2, 0x22, 0x12, 0x43, 0x30, 0xDE
    .byte   0x0F, 0xDC, 0xCD, 0x21, 0xEE, 0xEF, 0x22, 0xDD,  -12, 0x0F, 0xFD, 0xEF, 0xFE, 0xE2, 0xFE, 0xDE
    .byte   0x0E, 0xED, 0xED, 0xEF, 0x03, 0x22, 0x35, 0x64, 0x32, 0x35, 0x0D, 0xDD, 0x0F, 0x0E, 0x20, 0x34
    .byte   0x22, 0xF1, 0x2E, 0xDC, 0xEE, 0xDE, 0xED, 0x00, 0x10,    3, 0x0E, 0xEF, 0xED, 0xDF, 0xFF, 0xEE
    .byte   0x1E, 0xE0, 0xFD, 0xEE, 0xDE, 0xDF, 0x12, 0x31, 0x34, 0x64, 0x33, 0x35, 0x1D, 0xF0, 0xFE, 0xEE
    .byte   0x30, 0x23, 0x22, 0x0F, 0x3E, 0xCD, 0xF1, 0xDC, 0xE1, 0x1E,    9, 0x0F, 0xEE, 0xDF, 0xEE, 0xDD
    .byte   0x11, 0xFD, 0xFF, 0xFF, 0xEE, 0xEE, 0xEE, 0xDE, 0x13, 0x11, 0x35, 0x53, 0x34, 0x53, 0xE1, 0x22
    .byte   0xED, 0xF2, 0x2F, 0xF2, 0x31, 0xFF, 0x1F, 0xDD, 0x0E, 0xDD, 0xE2,   17, 0x0D, 0xFF, 0xFD, 0xDF
    .byte   0xFD, 0xDE, 0xFE, 0xEE, 0x1E, 0x00, 0xE0, 0xFE, 0xEE, 0xEF, 0x21, 0x13, 0x45, 0x03, 0x45, 0x3E
    .byte   0xF4, 0x4D, 0xCF, 0x43, 0xCE, 0x34, 0x0C, 0xF3, 0x1D, 0xDE, 0xEF, 0xDD,   18, 0x0E, 0x0E, 0xFD
    .byte   0xEF, 0xED, 0xED, 0x1D, 0xEE, 0xFE, 0xEF, 0xF1, 0x0E, 0xFF, 0xFF, 0xE0, 0x22, 0x23, 0x43, 0x33
    .byte   0x44, 0x01, 0x42, 0x1E, 0x13, 0x2E, 0xF2, 0x22, 0xEE, 0x11, 0xED, 0xEF, 0xED,   22, 0x0F, 0xFE
    .byte   0xEE, 0xEE, 0xFE, 0xDD, 0xFF, 0xDD, 0xD2, 0x0D, 0xE0, 0x3E, 0xD1, 0x22, 0xDE, 0x23, 0xEF, 0x34
    .byte   0x32, 0x34, 0x41, 0x13, 0x42, 0xEE, 0x43, 0xDE, 0x24, 0xFD, 0xE3, 0xFD, 0xDE, 0x0E,   33, 0x0E
    .byte   0xD1, 0xEE, 0xEE, 0xEF, 0xED, 0xEE, 0xED, 0xDF, 0xFE, 0xDF, 0x11, 0x1E, 0xF2, 0x1E, 0xF1, 0x22
    .byte   0xE1, 0x43, 0x21, 0x44, 0x3F, 0x24, 0x31, 0xE2, 0x41, 0xEE, 0x33, 0xFD, 0xF2, 0x1D, 0xDF,   43
    .byte   0x0E, 0xDD, 0xE0, 0xEE, 0xDE, 0x1E, 0xDE, 0xEF, 0xED, 0xEE, 0x0E, 0xDF, 0x22, 0xEE, 0x03, 0x2D
    .byte   0xF3, 0x20, 0xE2, 0x42, 0x00, 0x44, 0x1F, 0x34, 0x3D, 0xF4, 0x4D, 0xE2, 0x32, 0xEE, 0x12, 0xED
    .byte     48, 0x0F, 0xED, 0xEE, 0xED, 0x0D, 0xEE, 0xEE, 0xEE, 0xEF, 0xDE, 0xEF, 0xFE, 0xFF, 0x11, 0x11
    .byte   0x0F, 0x12, 0x10, 0x02, 0x21, 0x02, 0x32, 0x22, 0x33, 0x22, 0x22, 0x32, 0x01, 0x22, 0x10, 0x12
    .byte   0x1E,   50, 0x01, 0xFE, 0xEE, 0xEF, 0xDE, 0xEE, 0xEE, 0xDE, 0xE0, 0xED, 0x0E, 0x0E, 0xEF, 0x0F
    .byte   0xE1, 0x00, 0x10, 0x20, 0xF3, 0x2E, 0x02, 0x31, 0xE2, 0x32, 0x11, 0x33, 0xFF, 0x32, 0x2E, 0xF3
    .byte   0x00, 0xF1,   39, 0x01, 0xF0, 0xFE, 0x0F, 0xEE, 0xEE, 0x1E, 0xDF, 0x1E, 0xDE, 0x2F, 0xDD, 0x33
    .byte   0xCD, 0x30, 0x1D, 0xF3, 0xEF, 0x12, 0x1E, 0x23, 0xFF, 0x04, 0x0D, 0x13, 0x20, 0xE2, 0x21, 0x02
    .byte   0x02, 0xF0, 0x2F,   19, 0x00, 0x01, 0x0E, 0x10, 0xFF, 0xF0, 0xEF, 0x00, 0xEF, 0x1F, 0xEF, 0xFF
    .byte   0xFE, 0xF0, 0x1E, 0xE2, 0x2F, 0xFF, 0x12, 0xF1, 0x12, 0x10, 0xFE, 0x25, 0xAD, 0x6C, 0x2E, 0xC5
    .byte   0x2B, 0x24, 0xDE, 0x2F,    1, 0x0D, 0x12, 0xF3, 0xC2, 0x3D, 0x20, 0xD4, 0xDD, 0x5B, 0x34, 0xB4
    .byte   0x4A, 0x43, 0xC4, 0xD2, 0x1F, 0xE3, 0xEF, 0x2F, 0xF1, 0xF2, 0xFE, 0x2F, 0xF0, 0xF1, 0x1E, 0x10
    .byte   0xF1, 0xE0, 0x2E, 0xFF, 0xF1,   -5, 0x0F, 0x0F, 0x00, 0x10, 0xF0, 0x10, 0xFF, 0x2F, 0x02, 0xFF
    .byte   0x2F, 0x11, 0x10, 0x10, 0x11, 0x01, 0x01, 0x00, 0x00, 0x00, 0xF1, 0x0F, 0xF0, 0x00, 0xFF, 0x0F
    .byte   0xF0, 0xFF, 0x0F, 0xFF, 0x0F, 0x00,   -5, 0x01, 0xFF, 0x1F, 0x01, 0xF0, 0x01, 0x00, 0x1F, 0x10
    .byte   0x10, 0x01, 0x10, 0x01, 0x01, 0x01, 0x00, 0x00, 0x10, 0x10, 0x0F, 0x10, 0x0F, 0x10, 0x0F, 0x00
    .byte   0xF0, 0x00, 0xF0, 0x0F, 0xF1, 0x0F, 0xF0,   -2, 0x00, 0xF0, 0x0F, 0x00, 0x00, 0x0F, 0x10, 0x00
    .byte   0x00, 0x00, 0x01, 0x01, 0x0F, 0x10, 0x01, 0x00, 0x00, 0x10, 0x00, 0x10, 0x01, 0xF0, 0x00, 0x1F
    .byte   0x00, 0x01, 0x0F, 0x0F, 0x00, 0x01, 0xF0, 0xF1,   -1, 0x00, 0x00, 0x00, 0x1F, 0x00, 0x00, 0xF1
    .byte   0x00, 0xF0, 0x01, 0x0F, 0x01, 0x00, 0x00, 0x01, 0x00, 0x00, 0x10, 0x00, 0x00, 0x00, 0x10, 0x01
    .byte   0xFF, 0x10, 0x00, 0x00, 0x00, 0x00, 0x0F, 0x00, 0x10,    2, 0x0F, 0x0F, 0x01, 0xF0, 0x0F, 0x10
    .byte   0xFF, 0x1F, 0x1F, 0x10, 0xF0, 0x10, 0x00, 0x00, 0x00, 0x10, 0xF1, 0x1F, 0x00, 0x10, 0x00, 0x01
    .byte   0x0F, 0x1F, 0x01, 0x0F, 0x1F, 0x1F, 0x00, 0x00, 0x00, 0xF0,    1, 0x00, 0x0F, 0x00, 0xF1, 0x00
    .byte   0xF0, 0x0F, 0x01, 0x00, 0xF1, 0x01, 0xFF, 0x11, 0xF0, 0x00, 0x01, 0xF0, 0x00, 0x1F, 0x10, 0x01
    .byte   0xF0, 0x00, 0x10, 0xF1, 0xF1, 0x00, 0xF1, 0x0F, 0x10, 0x00, 0xF1,    1, 0x00, 0x0F, 0x1F, 0x01
    .byte   0xF0, 0x00, 0x00, 0xF1, 0x00, 0xF1, 0x0F, 0x1F, 0x00, 0x00, 0x1F, 0x01, 0xF0, 0x01, 0xF1, 0x00
    .byte   0x00, 0x10, 0xF0, 0x10, 0x00, 0xF1, 0xF1, 0xF0, 0x01, 0x00, 0xF1, 0x0F,    2, 0x0F, 0x00, 0x00
    .byte   0x0F, 0x00, 0x0F, 0x10, 0x00, 0x01, 0xF0, 0x00, 0x0F, 0x10, 0xF1, 0x0F, 0x01, 0x00, 0x00, 0x00
    .byte   0x00, 0x00, 0x00, 0x00, 0xF1, 0x00, 0x01, 0xF0, 0x1F, 0x00, 0x00, 0x1F, 0x10,    1, 0x0F, 0x1F
    .byte   0x10, 0xF0, 0x1F, 0x00, 0x0F, 0x10, 0x00, 0x00, 0x00, 0x0F, 0x10, 0x00, 0xF0, 0x01, 0xF1, 0xF0
    .byte   0x10, 0x00, 0x00, 0x00, 0x00, 0x0F, 0x10, 0x00, 0xF1, 0x00, 0x00, 0x01, 0x0F, 0x10,    0, 0x00
    .byte   0x00, 0x01, 0x00, 0xF0, 0x00, 0x01, 0x0F, 0x0F, 0x10, 0x00, 0x01, 0x0F, 0xF1, 0x00, 0x00, 0x00
    .byte   0x00, 0x0F, 0x10, 0x00, 0x00, 0x00, 0x00, 0x00, 0x00, 0x00, 0x00, 0xF1, 0x01, 0xF0, 0x10,    0
    .byte   0x00, 0x00, 0x00, 0x00, 0x00, 0x00, 0x00, 0x00, 0x00, 0x1F, 0x00, 0x00, 0x1F, 0x01, 0xF0, 0x00
    .byte   0x00, 0x0F, 0x01, 0x0F, 0x10, 0x00, 0x00, 0x0F, 0x10, 0x1F, 0x00, 0x00, 0x00, 0x10, 0xF0, 0x00
    .byte      0, 0x00, 0x01, 0xF0, 0x01, 0xF0, 0x01, 0xF0, 0x00, 0xF1, 0x00, 0x1F, 0x01, 0x0F, 0x00, 0x00
    .byte   0x00, 0x0F, 0x1F, 0x11, 0xFF, 0x10, 0x1F, 0xF1, 0x00, 0x0F, 0x10, 0x00, 0x00, 0x00, 0xF1, 0x00
    .byte   0x00,    0, 0x01, 0x0F, 0x00, 0x1F, 0x1F, 0x01, 0xF0, 0x10, 0xF0, 0x00, 0x1F, 0x1F, 0x01, 0xF0
    .byte   0x00, 0xF1, 0xF1, 0xF1, 0xF1, 0x00, 0x00, 0x00, 0x0F, 0x10, 0x01, 0xF0, 0x00, 0x1F, 0xF1, 0x0F
    .byte   0x10, 0x00,    0, 0x00, 0x00, 0x01, 0xF0, 0x00, 0x0F, 0x10, 0x00, 0x00, 0x00, 0x00, 0x00, 0x01
    .byte   0xF0, 0x00, 0x00, 0x00, 0x00, 0x0F, 0x01, 0xF1, 0x00, 0x1F, 0x00, 0x00, 0xF0, 0x10, 0x00, 0x00
    .byte   0xF0, 0x10, 0x00,    0, 0x00, 0x00, 0x00, 0xF1, 0x01, 0xFE, 0x20, 0x10, 0xFF, 0x20, 0x2E, 0x3F
    .byte   0x53, 0x84, 0xC3, 0x2C, 0x3E, 0x40, 0x5D, 0xA4, 0x14, 0xDB, 0x32, 0x32, 0x11, 0xD2, 0x42, 0xDB
    .byte   0x41, 0x3E, 0xDF, 0xE2,   -2, 0x02, 0xFC, 0x06, 0xFB, 0xD0, 0x36, 0xB9, 0x5C, 0x64, 0xBC, 0xE6
    .byte   0x24, 0xBB, 0x42, 0x5C, 0xDC, 0x34, 0x12, 0xBD, 0x43, 0xEC, 0xD3, 0x42, 0xC0, 0xD5, 0x3D, 0xEC
    .byte   0x44, 0x1C, 0xEF, 0x34, 0xCE,  -16, 0x02, 0x51, 0xCC, 0xF4, 0x30, 0xC1, 0xD4, 0x5B, 0x2E, 0xF5
    .byte   0xC1, 0xDE, 0x5D, 0x1C, 0xF3, 0x31, 0xCE, 0xE5, 0x0E, 0xBD, 0x53, 0x2C, 0xC4, 0x15, 0xDB, 0x2D
    .byte   0x6E, 0xCD, 0xE3, 0x5D, 0xBF, 0x34,   14, 0x0F, 0xBE, 0x44, 0x0B, 0xD2, 0x60, 0xBE, 0xE3, 0x5D
    .byte   0xDB, 0x15, 0x5C, 0xA0, 0x36, 0xEC, 0xCD, 0x54, 0xEB, 0xC3, 0x54, 0xBC, 0x14, 0x4C, 0xDD, 0x35
    .byte   0xCE, 0xD2, 0x41, 0xEB, 0x43, 0x12, 0xB3,    5, 0x0D, 0x3D, 0xE2, 0x13, 0x0C, 0x13, 0x3D, 0xED
    .byte   0x34, 0xDE, 0x0D, 0x43, 0xDC, 0xF3, 0x4C, 0xC1, 0x34, 0xFC, 0xE2, 0x5E, 0xDC, 0xF4, 0x4D, 0xCE
    .byte   0x24, 0x3D, 0xCE, 0x42, 0xED, 0xD3, 0x31, 0x0C,   -9, 0x03, 0x31, 0xCE, 0x32, 0x2E, 0xD2, 0x23
    .byte   0xED, 0x10, 0x2F, 0xEF, 0x2F, 0x20, 0xD1, 0x30, 0xFD, 0xF3, 0xE0, 0xE2, 0x3D, 0x11, 0x02, 0x2D
    .byte   0xE0, 0x23, 0xDD, 0x13, 0x20, 0xDE, 0x23, 0x1E, 0xDF,    3, 0x02, 0xFD, 0xE3, 0x20, 0xED, 0x23
    .byte   0xFE, 0xED, 0x32, 0x1F, 0xD1, 0x32, 0x0D, 0xF2, 0x3E, 0x0E, 0xD3, 0x02, 0xED, 0x31, 0xFF, 0xE1
    .byte   0x11, 0xEF, 0x11, 0x20, 0xF0, 0x12, 0x1F, 0xF0, 0xE1, 0x11,    2, 0x0E, 0xE3, 0x11, 0xED, 0x21
    .byte   0x21, 0xED, 0x32, 0x2F, 0xD0, 0x30, 0x2D, 0xEF, 0x22, 0x0E, 0xE2, 0x22, 0xEE, 0xFF, 0x21, 0xEE
    .byte   0x02, 0x2F, 0xEF, 0x30, 0x0E, 0xE2, 0x2F, 0x0D, 0xF3, 0x11, 0xED,   -3, 0x02, 0x10, 0xEE, 0x22
    .byte   0x1F, 0xE0, 0x11, 0x10, 0xE2, 0x02, 0x1E, 0x11, 0xFF, 0xFE, 0x1F, 0x10, 0xFF, 0x12, 0x0F, 0xF0
    .byte   0x20, 0xEF, 0xF0, 0x21, 0x1E, 0x02, 0x11, 0xEE, 0x11, 0x10, 0xE0, 0x12,    4, 0x0E, 0xF0, 0x12
    .byte   0xFE, 0xFF, 0x20, 0x0F, 0x02, 0x00, 0xE0, 0x10, 0x0E, 0x01, 0x02, 0xFE, 0x11, 0x20, 0xEF, 0x01
    .byte   0x10, 0xFE, 0x11, 0x2F, 0xFF, 0x10, 0x11, 0x0E, 0x11, 0x21, 0xE0, 0x11, 0x1F,    2, 0x0E, 0x10
    .byte   0x2E, 0xE2, 0x01, 0xF1, 0xFF, 0x02, 0xFF, 0xF0, 0x20, 0x0E, 0x01, 0x11, 0x1E, 0xF1, 0x11, 0xEF
    .byte   0x01, 0x10, 0xFF, 0xF2, 0x2E, 0x0E, 0x22, 0xEF, 0xF0, 0x2F, 0x0F, 0x00, 0x12, 0xEF,   -2, 0x01
    .byte   0x2E, 0x00, 0x11, 0x11, 0xFF, 0x02, 0xFF, 0x01, 0x11, 0xF0, 0xF0, 0x10, 0x1E, 0x11, 0x00, 0xFF
    .byte   0xF0, 0x1E, 0x0F, 0xF1, 0xFF, 0xF0, 0x01, 0xEF, 0xF0, 0x1E, 0x00, 0x02, 0xFF, 0xF0, 0x21,   -9
    .byte   0x00, 0x01, 0x11, 0x1F, 0x22, 0x23, 0xE2, 0x13, 0x2F, 0xE2, 0x31, 0xFE, 0x12, 0x11, 0xDE, 0xF1
    .byte   0xFD, 0xEE, 0x01, 0xEE, 0xEF, 0x00, 0xEE, 0xEE, 0x1E, 0xEE, 0xE0, 0xFE, 0xEE, 0xEF, 0xEE, 0xFF
    .byte    -65, 0x02, 0xF3, 0x42, 0x33, 0x35, 0x12, 0x32, 0x41, 0x03, 0xF0, 0x22, 0xED, 0xD2, 0xEC, 0xDD
    .byte   0xEE, 0xDE, 0xEF, 0xE3, 0x0F, 0xF2, 0x31, 0x10, 0x11, 0x11, 0xEE, 0xE0, 0x1D, 0xEE, 0xE1, 0xFE
    .byte   0xFE,  -28, 0x02, 0xF0, 0xF1, 0x2E, 0x2E, 0xE0, 0xE1, 0x1D, 0x2E, 0x44, 0xD3, 0x14, 0x4E, 0x3F
    .byte   0x33, 0x11, 0x11, 0x02, 0xED, 0xDE, 0x1D, 0xDC, 0x0E, 0xEF, 0xD2, 0xD3, 0x3E, 0x2E, 0x24, 0xE2
    .byte   0x11, 0x21,   16, 0x0F, 0xD0, 0x1F, 0xED, 0x01, 0xE1, 0xEF, 0xF1, 0x2E, 0x0F, 0x12, 0x0F, 0xFF
    .byte   0x1F, 0xFE, 0xEF, 0xEE, 0xEE, 0x00, 0x14, 0x22, 0x31, 0x43, 0x13, 0x13, 0x22, 0x20, 0x01, 0xFF
    .byte   0xDD, 0xEE, 0xDD,    2, 0x0D, 0xEE, 0xF0, 0xE0, 0x21, 0x2E, 0x22, 0x22, 0x11, 0x20, 0x21, 0xE0
    .byte   0xF1, 0xEE, 0xFE, 0xEF, 0xF0, 0xE0, 0x00, 0xFF, 0x00, 0x10, 0xF2, 0xF1, 0x0E, 0x00, 0xEE, 0x0E
    .byte   0xF0, 0x33, 0x02, 0x03,   16, 0x0F, 0x22, 0x23, 0xF3, 0x10, 0x11, 0x1E, 0xDE, 0xFD, 0xDD, 0xEE
    .byte   0xDE, 0x0F, 0xEF, 0x22, 0xFF, 0x22, 0x20, 0x21, 0x22, 0x11, 0xF1, 0x00, 0x0E, 0xEF, 0x1E, 0x0E
    .byte   0xF1, 0xF0, 0xFF, 0x01, 0x11,   -9, 0x01, 0x11, 0x10, 0x0F, 0x11, 0x1E, 0xF0, 0x20, 0xFF, 0x01
    .byte   0x20, 0x1F, 0x21, 0x20, 0xF2, 0x11, 0x10, 0x11, 0x11, 0x0F, 0x0F, 0x0F, 0xE0, 0xEF, 0x0E, 0xFF
    .byte   0xE0, 0xFF, 0xFE, 0xF0, 0xF0, 0xFF,  -17, 0x00, 0xFF, 0xED, 0xEE, 0x01, 0xCE, 0xF5, 0x6C, 0xDD
    .byte   0x57, 0xC2, 0xDF, 0x53, 0x40, 0xB1, 0x44, 0xDB, 0xC2, 0xE1, 0xDB, 0xDC, 0x33, 0xCC, 0xE1, 0x42
    .byte   0xFE, 0xE3, 0x43, 0x1E, 0x14, 0x32, 0xFE,   18, 0x01, 0x22, 0xDE, 0xE0, 0x0F, 0xDF, 0xEF, 0x0F
    .byte   0x1E, 0x12, 0x02, 0x01, 0x2F, 0x11, 0x21, 0x0F, 0x0F, 0x10, 0xEF, 0xE0, 0xE0, 0xFE, 0x1E, 0x11
    .byte   0x00, 0xE0, 0x21, 0x10, 0xF1, 0x12, 0x10, 0x00,    2, 0x02, 0x0E, 0x0F, 0x2F, 0x0E, 0xF0, 0x11
    .byte   0xFE, 0xF1, 0x00, 0x0E, 0x11, 0x10, 0x0F, 0x02, 0xF2, 0xE0, 0x21, 0x11, 0xF1, 0x11, 0xF0, 0xF0
    .byte   0x01, 0xFF, 0xFF, 0x10, 0xFF, 0x1F, 0x00, 0x10, 0x0F,    0, 0x00, 0x10, 0xF0, 0x10, 0xF0, 0x00
    .byte   0x10, 0xF0, 0x00, 0x00, 0x00, 0xF0, 0x01, 0xF0, 0x0F, 0x10, 0x00, 0xF0, 0x10, 0x1F, 0x0F, 0x10
    .byte   0x11, 0xFF, 0x11, 0x1F, 0x00, 0x1F, 0x10, 0x0F, 0x00, 0x10,    1, 0x0F, 0x00, 0x0F, 0x1F, 0x00
    .byte   0x0F, 0x1F, 0x10, 0x0F, 0x00, 0x01, 0x1F, 0x00, 0x10, 0x11, 0xF0, 0x01, 0xF0, 0x1F, 0x00, 0x01
    .byte   0xF0, 0x00, 0x0F, 0xF1, 0x00, 0x00, 0xF1, 0x0F, 0x00, 0x01, 0x1F,    0, 0x00, 0x00, 0x00, 0x00
    .byte   0x1F, 0x01, 0xF0, 0x01, 0xF0, 0x1F, 0x00, 0xF1, 0x01, 0xF0, 0x1F, 0x00, 0x11, 0xF0, 0xF1, 0xF0
    .byte   0x10, 0xF0, 0x00, 0x00, 0x0F, 0x0F, 0x01, 0x00, 0xF0, 0x00, 0x10, 0xF1,   -1, 0x00, 0x01, 0x00
    .byte   0x00, 0x10, 0x00, 0x00, 0x01, 0xF0, 0xF0, 0x1F, 0x11, 0xF0, 0xF1, 0xF1, 0x00, 0xF0, 0x1F, 0x0F
    .byte   0x1F, 0x10, 0x00, 0x0F, 0x00, 0x00, 0x1F, 0x00, 0x01, 0x0F, 0x10, 0x0F, 0x10,    0, 0x01, 0xF1
    .byte   0x00, 0xF0, 0x01, 0xF1, 0xF0, 0x00, 0x00, 0xF0, 0x00, 0x00, 0x00, 0x00, 0x1F, 0x00, 0x00, 0x00
    .byte   0x1F, 0x10, 0x01, 0xF0, 0x01, 0x0F, 0x01, 0xF0, 0x1F, 0x1F, 0x00, 0x00, 0x01, 0xF0,    0, 0x00
    .byte   0x00, 0x1F, 0xF0, 0x1F, 0x10, 0x00, 0x0F, 0x1F, 0x01, 0x0F, 0x01, 0xF1, 0xF1, 0x00, 0x1F, 0x01
    .byte   0x0F, 0x1F, 0x1F, 0x00, 0x00, 0x00, 0x01, 0x0F, 0x00, 0x00, 0x01, 0xF0, 0x10, 0xF1, 0x0F,   -1
    .byte   0x01, 0xF1, 0x00, 0xF0, 0x00, 0x00, 0x1F, 0x00, 0x10, 0xF1, 0x0F, 0x10, 0x01, 0xF0, 0xF1, 0x00
    .byte   0x01, 0x0F, 0x01, 0xF1, 0xF0, 0x00, 0x1F, 0x00, 0x00, 0xF0, 0x10, 0x00, 0x0F, 0x10, 0x0F, 0x01
    .byte      0, 0x0F, 0x1F, 0x1F, 0x1F, 0x10, 0x00, 0x1F, 0x00, 0x00, 0x00, 0x1F, 0x00, 0x1F, 0x00, 0x00
    .byte   0x00, 0x0F, 0x01, 0x00, 0x00, 0x00, 0x0F, 0x10, 0x1F, 0x01, 0xF0, 0x0F, 0x10, 0xF1, 0x00, 0x1F
    .byte   0x01,    1, 0x0F, 0x00, 0xF1, 0x00, 0x00, 0x00, 0x00, 0x00, 0x1F, 0x01, 0xF0, 0x1F, 0x0F, 0x10
    .byte   0x00, 0x1F, 0x00, 0x00, 0x00, 0x00, 0x1F, 0x00, 0x00, 0xF1, 0x00, 0x01, 0xF0, 0x01, 0xF0, 0x00
    .byte   0x1F, 0x00,    1, 0x0F, 0x10, 0xF0, 0x0F, 0x10, 0x00, 0x01, 0xF0, 0x00, 0xF0, 0x01, 0xF0, 0x10
    .byte   0x0F, 0x10, 0x00, 0x01, 0xF0, 0x00, 0x00, 0x0F, 0x10, 0xF1, 0x1F, 0x00, 0x00, 0x01, 0x0F, 0x00
    .byte   0xF1, 0x00, 0x01,    0, 0x00, 0x01, 0xF0, 0x00, 0x00, 0x0F, 0x10, 0x00, 0x0F, 0x1F, 0x01, 0xF0
    .byte   0x1F, 0x10, 0x0F, 0x10, 0x00, 0x00, 0x00, 0xF0, 0x10, 0x00, 0x00, 0x00, 0x00, 0x01, 0xF1, 0xF0
    .byte   0x00, 0x01, 0xF0, 0x01,    0, 0x00, 0x1F, 0x00, 0x00, 0xF1, 0xF1, 0x00, 0x00, 0x00, 0x00, 0x00
    .byte   0x1F, 0x00, 0x00, 0x00, 0x00, 0x0F, 0x10, 0x1F, 0x00, 0x00, 0x0F, 0x01, 0x00, 0xF1, 0x00, 0x00
    .byte   0x1F, 0x00, 0x00, 0x00, 0x00,    1, 0x0F, 0x00, 0x10, 0x00, 0x0F, 0x1F, 0x00, 0x00, 0x00, 0x00
    .byte   0x1F, 0x00, 0x00, 0x00, 0x00, 0x00, 0x00, 0xF1, 0x00, 0x00, 0x00, 0xF1, 0x00, 0x0F, 0x10, 0x0F
    .byte   0x10, 0x00, 0x00, 0x0F, 0x01, 0x00,    0, 0x01, 0xFF, 0x10, 0x00, 0x00, 0x00, 0x00, 0x01, 0x0F
    .byte   0x0F, 0x10, 0x00, 0x00, 0x00, 0x1F, 0x00, 0xF1, 0x10, 0xF1, 0xF0, 0x00, 0xF1, 0x00, 0x00, 0x00
    .byte   0x00, 0xF1, 0x00, 0x00, 0x00, 0x00, 0x00,    0, 0x00, 0x00, 0x00, 0x00, 0x00, 0xF0, 0x00, 0x1F
    .byte   0x11, 0x00, 0x3F, 0xEE, 0xE0, 0x11, 0x01, 0xF1, 0x11, 0xE1, 0xF1, 0xF1, 0xF1, 0x00, 0x2E, 0x10
    .byte   0x00, 0x00, 0x10, 0x00, 0x00, 0x0F, 0x00, 0x1F,    0, 0x00, 0x00, 0xF1, 0x01, 0xF0, 0x0F, 0x1F
    .byte   0x10, 0xF0, 0x1F, 0x10, 0x10, 0xE2, 0xF1, 0xF0, 0xF1, 0x00, 0x1F, 0x01, 0xF0, 0x0F, 0x10, 0x1F
    .byte   0x00, 0xF1, 0x0F, 0x11, 0xF0, 0x11, 0xE1, 0x01, 0x0F,    0, 0x00, 0x1E, 0x2F, 0xF0, 0x10, 0x00
    .byte   0xE3, 0xD2, 0x00, 0x0F, 0x2E, 0x10, 0x00, 0xF1, 0x01, 0x0F, 0x0F, 0x1F, 0x10, 0x1F, 0x00, 0x1F
    .byte   0x00, 0x01, 0xF0, 0xF1, 0x0F, 0x11, 0xF0, 0xF1, 0x0F, 0x11,   -4, 0x02, 0xF2, 0xE1, 0x1F, 0x1F
    .byte   0x1E, 0x2E, 0x2F, 0x0F, 0x01, 0xF1, 0x1E, 0x2F, 0xE3, 0xD3, 0xEF, 0x2D, 0x3D, 0x3E, 0xE3, 0xD2
    .byte   0x0E, 0x3D, 0x3D, 0x21, 0xD4, 0xC4, 0xD1, 0x1E, 0x3D, 0x3D, 0x02,   -2, 0x02, 0xF0, 0x0F, 0x01
    .byte   0xF1, 0xE2, 0xE2, 0xE2, 0xF1, 0xF0, 0x0F, 0x2D, 0x3D, 0x3E, 0x2E, 0x2D, 0x3E, 0x20, 0xE1, 0xE3
    .byte   0xD3, 0xD2, 0xF2, 0xE3, 0xC3, 0xE3, 0xD2, 0xFF, 0x2D, 0x3D, 0x4C, 0x4C,    0, 0x01, 0xE3, 0xC4
    .byte   0xD2, 0x0E, 0x2E, 0x20, 0x11, 0xE2, 0xE2, 0xE0, 0x1E, 0x3D, 0x4D, 0xE2, 0xD1, 0x3C, 0x4D, 0x22
    .byte   0xD4, 0xC4, 0xC3, 0xE2, 0xE3, 0xC3, 0x1E, 0x3D, 0x2E, 0x01, 0x2D, 0x4B, 0x5B,    7, 0x0E, 0xE2
    .byte   0xE3, 0xC5, 0xB4, 0xC3, 0xE3, 0xD1, 0x1E, 0x3D, 0x4C, 0x3E, 0xD4, 0xD2, 0xFE, 0x3D, 0x3D, 0x21
    .byte   0xD3, 0x1C, 0x5B, 0x41, 0xD4, 0xC3, 0xEE, 0x2F, 0xE3, 0xE3, 0xD2, 0xEE, 0x3D, 0x3D,   -4, 0x02
    .byte   0xD4, 0xFC, 0x5B, 0x33, 0xC3, 0x3B, 0x41, 0xD4, 0xC4, 0xB5, 0xDE, 0x4D, 0xC5, 0xC2, 0x4B, 0x3E
    .byte   0x1E, 0x5B, 0x3D, 0x3E, 0x32, 0xB6, 0xA4, 0x2D, 0x21, 0xD3, 0x2D, 0x3C, 0x3D, 0x24, 0xB5,   -1
    .byte   0x0D, 0x6A, 0x5C, 0xC6, 0xA5, 0xEB, 0x79, 0x6D, 0xC5, 0xB5, 0xB4, 0xEE, 0xE3, 0xD3, 0x2C, 0x4D
    .byte   0xF4, 0xC1, 0x3B, 0x5E, 0xD4, 0xC3, 0xEE, 0x4C, 0x3F, 0xC5, 0xCF, 0x4C, 0x3E, 0xE3, 0xE1, 0xD2
    .byte     -2, 0x00, 0x3D, 0x21, 0xC4, 0xEF, 0x2E, 0xE3, 0xFE, 0x3F, 0xD0, 0x3D, 0x31, 0xC3, 0x1D, 0x4E
    .byte   0xEE, 0x11, 0x03, 0xDE, 0x2F, 0x13, 0xE0, 0xD2, 0x21, 0x2D, 0x02, 0xD3, 0x2E, 0x1D, 0x21, 0x20
    .byte   0xE0,   -5, 0x0F, 0x31, 0xFE, 0xE2, 0x02, 0x0F, 0xEF, 0xF2, 0x2E, 0x0F, 0xF2, 0x01, 0x0E, 0xFF
    .byte   0x22, 0xD2, 0xE1, 0x20, 0xE3, 0xD0, 0x2E, 0x3E, 0xE2, 0xE0, 0x10, 0x12, 0xEE, 0x20, 0x01, 0x0F
    .byte   0xE1, 0x12,    5, 0x0E, 0xE1, 0x01, 0x2E, 0x11, 0xE2, 0x2E, 0x1E, 0x1F, 0x02, 0xE1, 0x0E, 0x22
    .byte   0xE2, 0xE1, 0x1F, 0x11, 0xEF, 0xF2, 0x2F, 0xFF, 0xF1, 0xF2, 0xFE, 0x0E, 0x22, 0xE1, 0x00, 0xF1
    .byte   0x1F, 0x0F, 0xF2,    1, 0x0F, 0x00, 0x11, 0xF0, 0xFF, 0xF1, 0x10, 0x1F, 0x00, 0xF1, 0x00, 0x0F
    .byte   0x11, 0xFF, 0x1F, 0x1F, 0x01, 0x00, 0xF1, 0x1E, 0x2F, 0x01, 0xFF, 0x11, 0x10, 0xF0, 0xFF, 0x20
    .byte   0xEF, 0x00, 0x21, 0xFF,   -2, 0x00, 0x11, 0x2E, 0xFF, 0x01, 0x2F, 0x0E, 0x01, 0x02, 0xFE, 0x0F
    .byte   0x21, 0x0E, 0x1F, 0x11, 0x1F, 0x0F, 0x00, 0x11, 0x1E, 0x10, 0x01, 0x1F, 0xF0, 0x01, 0x01, 0xFF
    .byte   0xF0, 0x20, 0x0F, 0xF0, 0x00,    1, 0x00, 0x0F, 0x11, 0x0F, 0x00, 0x00, 0x00, 0x1F, 0xF0, 0x11
    .byte   0xF1, 0x0F, 0x00, 0x00, 0xF0, 0xF1, 0xF0, 0x10, 0x00, 0x0F, 0x1F, 0x0F, 0x0F, 0xF1, 0x10, 0x00
    .byte   0xF1, 0x0F, 0x00, 0x0F, 0x00, 0x11,   -1, 0x0F, 0x00, 0x01, 0x00, 0x0F, 0x11, 0x01, 0x00, 0x10
    .byte   0x10, 0x00, 0x00, 0x11, 0x0F, 0x10, 0x00, 0x0F, 0x10, 0xF0, 0x10, 0xF0, 0x00, 0x0F, 0x0F, 0x00
    .byte   0xF0, 0xFF, 0x00, 0x0F, 0xF0, 0xFF, 0x0F,   -5, 0x0F, 0x0F, 0x10, 0xF0, 0x0F, 0x00, 0x10, 0x00
    .byte   0x10, 0x01, 0x01, 0x00, 0x00, 0x20, 0xFF, 0x11, 0x11, 0x11, 0xF1, 0x10, 0x10, 0x10, 0x11, 0x10
    .byte   0x00, 0x01, 0xF1, 0xFF, 0x1F, 0xFF, 0x00, 0xF0,    5, 0x0F, 0xFF, 0x0F, 0xFF, 0xF0, 0xFF, 0xFF
    .byte   0x00, 0xF0, 0x0F, 0x01, 0x0F, 0x00, 0xF1, 0xF0, 0x00, 0x10, 0x01, 0x0F, 0x01, 0x11, 0x00, 0x10
    .byte   0x10, 0x01, 0x01, 0x11, 0x10, 0x01, 0x01, 0x11, 0x00,    7, 0x00, 0x11, 0x00, 0x10, 0x10, 0x00
    .byte   0x0F, 0x1F, 0x1F, 0xFF, 0x0F, 0xFF, 0xF0, 0xFF, 0xF0, 0xFF, 0xF0, 0xFF, 0x00, 0xF0, 0x0F, 0xF0
    .byte   0x1F, 0x10, 0xF0, 0x1F, 0x00, 0x1F, 0x01, 0x00, 0x01, 0xF0,   -6, 0x00, 0x11, 0xF0, 0xF1, 0x01
    .byte   0x00, 0x10, 0x00, 0x01, 0x00, 0x01, 0x01, 0x01, 0x10, 0x10, 0x11, 0x1F, 0x11, 0x10, 0x10, 0x10
    .byte   0x00, 0x1F, 0x01, 0x0F, 0x0F, 0x0F, 0x0F, 0xF0, 0xFF, 0xF0, 0xF0,    0, 0x0F, 0x0F, 0xFF, 0xF0
    .byte   0x0F, 0xF0, 0xF0, 0x00, 0x01, 0xF0, 0x00, 0x10, 0x0F, 0x01, 0x10, 0xF1, 0x10, 0x00, 0x10, 0x00
    .byte   0x01, 0x00, 0x1F, 0x10, 0x1F, 0x11, 0x00, 0x10, 0xF1, 0x01, 0x01, 0x01,    4, 0x01, 0x01, 0x00
    .byte   0x01, 0x10, 0x1F, 0x01, 0x0F, 0x1F, 0x0F, 0x1F, 0x00, 0xFF, 0x0F, 0xF0, 0x00, 0xFE, 0x11, 0x0F
    .byte   0xFF, 0xF0, 0xF1, 0xFF, 0x0F, 0xF1, 0x10, 0xF1, 0xF0, 0x10, 0x1F, 0xF1, 0x00,   -5, 0x00, 0x00
    .byte   0x01, 0x01, 0x00, 0x00, 0x11, 0xF0, 0x10, 0x01, 0x01, 0xF0, 0x01, 0x00, 0x10, 0x11, 0x1F, 0x1F
    .byte   0x10, 0x01, 0x1F, 0x11, 0xF1, 0x01, 0xFF, 0x1F, 0x0F, 0x01, 0x0F, 0xF0, 0xFF, 0xF0,    3, 0x00
    .byte   0xE0, 0x00, 0x0F, 0x0F, 0xFF, 0x00, 0xF0, 0xF0, 0xF1, 0x01, 0xFF, 0x00, 0x11, 0x00, 0x10, 0xF1
    .byte   0x00, 0x01, 0x00, 0x11, 0x10, 0xFF, 0x11, 0x01, 0x1F, 0x01, 0x11, 0xFF, 0xF1, 0x11, 0x11,    4
    .byte   0x0F, 0x2F, 0x00, 0xE0, 0x21, 0x2E, 0xFF, 0x10, 0x00, 0xF0, 0xF1, 0x01, 0xFF, 0xFF, 0xF0, 0xF0
    .byte   0x0F, 0x11, 0x0E, 0xF0, 0x11, 0x1E, 0xF0, 0x11, 0x10, 0xE0, 0x21, 0xFF, 0xE2, 0xFF, 0x11, 0x0F
    .byte     -6, 0x00, 0x20, 0xF0, 0x00, 0x10, 0xF0, 0x11, 0x01, 0x0F, 0x10, 0xF1, 0x00, 0x11, 0x01, 0xF0
    .byte   0x11, 0x01, 0x0F, 0xF2, 0x20, 0xEE, 0x00, 0x20, 0x10, 0xEF, 0x22, 0xEE, 0xE1, 0x2E, 0x10, 0x1F
    .byte   0xE2,   -3, 0x00, 0x0F, 0x01, 0x00, 0x00, 0x0E, 0x01, 0x0F, 0x02, 0x2E, 0xFD, 0x23, 0xFF, 0xEF
    .byte   0x12, 0x2E, 0xE0, 0xF1, 0x22, 0xFF, 0xE1, 0x21, 0xFF, 0xFF, 0x21, 0x22, 0xEE, 0x02, 0x20, 0xEE
    .byte   0x10, 0x22,   12, 0x0E, 0xF0, 0x20, 0xFE, 0xE0, 0xF2, 0x1F, 0xE0, 0x12, 0xFE, 0xEF, 0x11, 0x10
    .byte   0xF0, 0x01, 0x2E, 0xEE, 0x11, 0x10, 0xFF, 0x00, 0x11, 0xEE, 0x00, 0x20, 0xFF, 0xF2, 0x11, 0x1E
    .byte   0x00, 0x22, 0x0E,   -6, 0x01, 0x21, 0x0F, 0x00, 0x21, 0x20, 0x01, 0x22, 0x11, 0x00, 0x11, 0x11
    .byte   0x00, 0xE0, 0x10, 0xE0, 0xEF, 0x0F, 0xE1, 0xEF, 0xFF, 0xF0, 0x0E, 0x0F, 0xE1, 0xFE, 0xE0, 0xEE
    .byte   0x00, 0xE0, 0xF0, 0x11,  -29, 0x0F, 0xEF, 0xF1, 0x0E, 0xF2, 0x33, 0x23, 0x23, 0x33, 0x31, 0x20
    .byte   0x22, 0x2F, 0xFF, 0x0E, 0xEF, 0xDD, 0xDE, 0xEE, 0xDE, 0xF1, 0x00, 0x20, 0x21, 0x22, 0x3F, 0x02
    .byte   0x20, 0x0F, 0x0E, 0xEE, 0xFE,   -3, 0x0E, 0xFE, 0xEE, 0x10, 0xEE, 0xF1, 0xFE, 0xE2, 0x0E, 0xEE
    .byte   0xEF, 0xDE, 0x0F, 0xE1, 0x44, 0x33, 0x34, 0x43, 0x34, 0x22, 0x23, 0x2E, 0xEE, 0x1D, 0xDD, 0xDC
    .byte   0xDD, 0xDE, 0xDD, 0xE1, 0x10, 0x23,  -13, 0x03, 0x13, 0x32, 0x22, 0x30, 0xF0, 0xFE, 0xED, 0xEE
    .byte   0xDD, 0xFE, 0xFE, 0xF0, 0xF0, 0x01, 0x0F, 0x00, 0xEF, 0xEE, 0xED, 0xDE, 0xDD, 0xEE, 0xE3, 0x44
    .byte   0x34, 0x45, 0x43, 0x43, 0x33, 0x32, 0x1E,   92, 0x0F, 0xED, 0xCC, 0xDC, 0xCD, 0xDD, 0xCE, 0x02
    .byte   0x10, 0x33, 0x33, 0x23, 0x32, 0x23, 0x10, 0xEE, 0x1D, 0xDE, 0xED, 0xEE, 0xEE, 0x1E, 0x10, 0xF1
    .byte   0x01, 0x10, 0xF0, 0x0F, 0xDE, 0xDD, 0xEC, 0xDF,  -91, 0x0E, 0xE4, 0x43, 0x44, 0x55, 0x34, 0x44
    .byte   0x32, 0x32, 0xEE, 0x02, 0xCC, 0xCD, 0xCC, 0xCC, 0xDD, 0xD2, 0x1E, 0x23, 0x43, 0x13, 0x43, 0x22
    .byte   0x22, 0x0F, 0xEF, 0xDD, 0xED, 0xDD, 0xDF, 0xEE, 0xEF,  -32, 0x01, 0x12, 0x20, 0xF0, 0x11, 0xDE
    .byte   0xED, 0xEC, 0xDE, 0xEE, 0xE3, 0x43, 0x43, 0x55, 0x34, 0x44, 0x33, 0x23, 0xFE, 0xEF, 0xDC, 0xCD
    .byte   0xCC, 0xCD, 0xDC, 0xEF, 0x0F, 0x03, 0x42, 0x23, 0x43, 0x31,   39, 0x03, 0x1F, 0xEE, 0xED, 0xDE
    .byte   0xDC, 0xEE, 0xED, 0xFE, 0x21, 0xF2, 0x2F, 0x00, 0x2E, 0xEE, 0xED, 0xDD, 0xDF, 0xDE, 0x14, 0x33
    .byte   0x43, 0x55, 0x24, 0x44, 0x33, 0x22, 0x1E, 0x1E, 0xDC, 0xDC, 0xDC,    1, 0x0D, 0xDD, 0xDF, 0xFE
    .byte   0x23, 0x32, 0x23, 0x43, 0x22, 0x32, 0xF0, 0xFE, 0xED, 0xFD, 0xDD, 0xDF, 0xDD, 0xFF, 0xFF, 0x01
    .byte   0x11, 0x11, 0x0E, 0xEE, 0xED, 0xED, 0xDF, 0xEF, 0x34, 0x24, 0x34, 0x53,   33, 0x04, 0x43, 0x32
    .byte   0x31, 0x00, 0x0D, 0xCD, 0xEC, 0xCC, 0xCE, 0xDC, 0x1E, 0xE2, 0x22, 0x32, 0x33, 0x33, 0x23, 0x22
    .byte   0x1F, 0xFE, 0xEE, 0xDD, 0xDD, 0x0D, 0xDE, 0xEF, 0xFF, 0xF0, 0x11, 0x1F, 0xEF,  -46, 0x0F, 0xDD
    .byte   0xFD, 0xEF, 0x24, 0x23, 0x34, 0x53, 0x34, 0x44, 0x23, 0x3F, 0x22, 0x1D, 0xDD, 0xDD, 0xCC, 0xDD
    .byte   0xCD, 0xEE, 0xD1, 0x22, 0x21, 0x33, 0x32, 0x23, 0x32, 0x02, 0x0E, 0x0E, 0xED, 0xDE,   -2, 0x0D
    .byte   0xDE, 0xEE, 0xE0, 0xE0, 0x11, 0x1E, 0xEF, 0xEE, 0xED, 0xEE, 0xEE, 0x43, 0x33, 0x34, 0x5F, 0x44
    .byte   0x33, 0x33, 0x22, 0x22, 0x2D, 0xDE, 0xDC, 0xCD, 0xDC, 0xDD, 0xED, 0xE0, 0x21, 0x12, 0x33,    0
    .byte   0x02, 0x33, 0x30, 0x20, 0x01, 0xFE, 0xDD, 0xEE, 0xDD, 0xDE, 0xEE, 0xEE, 0x01, 0x01, 0xEE, 0x0F
    .byte   0xED, 0xEF, 0xEE, 0xF4, 0x3F, 0x42, 0x53, 0xF5, 0x24, 0x31, 0x42, 0x22, 0x3E, 0xEE, 0xEE, 0xCD
    .byte     34, 0x0D, 0xDC, 0xED, 0xC0, 0xF1, 0xF1, 0x13, 0x22, 0x32, 0x32, 0x22, 0x22, 0x0E, 0xFE, 0xED
    .byte   0xED, 0xED, 0xDF, 0xEE, 0xFE, 0x0F, 0xF0, 0xEE, 0xEE, 0xFE, 0x0D, 0x14, 0x31, 0x23, 0x43, 0x24
    .byte   0x33,   40, 0x02, 0x33, 0x13, 0x32, 0xEF, 0x0F, 0xDD, 0xDD, 0xCE, 0xDD, 0xCE, 0xFE, 0xED, 0x22
    .byte   0x12, 0x02, 0x32, 0x22, 0x22, 0x22, 0xFF, 0xFE, 0xFE, 0xED, 0xEE, 0xEE, 0xDE, 0xFE, 0xEE, 0xEF
    .byte   0xFE, 0xFF,  -53, 0x0E, 0x33, 0xF3, 0x12, 0x4F, 0x23, 0x23, 0x23, 0x22, 0x32, 0x32, 0xF2, 0xFF
    .byte   0x0D, 0xEE, 0xDE, 0xDE, 0xDD, 0xEE, 0xEE, 0xFE, 0x20, 0xF2, 0xF2, 0x01, 0x2E, 0x20, 0x12, 0xE2
    .byte   0xE1, 0x2D, 0x3D,    2, 0x0D, 0xE3, 0xC4, 0xDD, 0x4D, 0x21, 0xD3, 0xD2, 0x0E, 0x2E, 0x02, 0xF0
    .byte   0x1F, 0x10, 0x1F, 0x21, 0x02, 0x02, 0x12, 0x10, 0x21, 0x11, 0x00, 0x0F, 0x00, 0x00, 0xF0, 0x00
    .byte   0x1F, 0x10, 0x01, 0x10,   13, 0x01, 0xF1, 0x0F, 0x0F, 0xFF, 0xFF, 0xFF, 0x0E, 0x0F, 0x0E, 0xFF
    .byte   0xFF, 0xFF, 0xF0, 0xF0, 0xFF, 0x00, 0x0F, 0x00, 0xF1, 0xF0, 0x10, 0x10, 0x10, 0x10, 0x11, 0x11
    .byte   0x11, 0x11, 0x11, 0x11, 0x11,    4, 0x01, 0x11, 0x01, 0x01, 0x01, 0x01, 0x01, 0x01, 0x00, 0x1F
    .byte   0x1F, 0x00, 0x0F, 0xF0, 0xF0, 0xFF, 0x0E, 0x00, 0xFE, 0x0F, 0x0E, 0x0F, 0x0F, 0xFF, 0x0F, 0x1F
    .byte   0x01, 0xF1, 0x00, 0x11, 0xF1, 0x10,   -7, 0x01, 0x00, 0x10, 0x10, 0x00, 0x10, 0x1F, 0x01, 0x10
    .byte   0x10, 0x10, 0x01, 0x11, 0x00, 0x10, 0x10, 0x00, 0x1F, 0x01, 0x0F, 0x01, 0x0F, 0x00, 0xF0, 0xF0
    .byte   0xF0, 0xF0, 0xFF, 0x0F, 0x00, 0xF0, 0xFF,   -4, 0x0F, 0x1F, 0x00, 0x10, 0x00, 0x01, 0xF0, 0x1F
    .byte   0x10, 0x00, 0x01, 0xF0, 0x00, 0x00, 0x10, 0xF1, 0xF1, 0xF0, 0x10, 0x10, 0x01, 0x00, 0x10, 0xF1
    .byte   0x10, 0x11, 0xF1, 0x00, 0x00, 0x01, 0xF0, 0x00,    4, 0x00, 0xF0, 0x0F, 0x0F, 0x00, 0xF1, 0xF1
    .byte   0xF0, 0x00, 0x01, 0xF1, 0xF0, 0x00, 0x00, 0x1F, 0x00, 0x0F, 0x1F, 0x00, 0xF0, 0x00, 0xF1, 0x00
    .byte   0x00, 0xF1, 0xF1, 0xF0, 0x00, 0x10, 0x01, 0xF0, 0x01,   -1, 0x00, 0x11, 0xF0, 0x11, 0x01, 0xF0
    .byte   0x00, 0x10, 0xFF, 0x10, 0x1F, 0xF1, 0xF0, 0x01, 0xF0, 0x00, 0x0F, 0x01, 0x0F, 0x00, 0x0F, 0x10
    .byte   0x01, 0xF0, 0x00, 0xF1, 0xF0, 0x1F, 0x00, 0x00, 0x00, 0x00,   -1, 0x0F, 0x10, 0x0F, 0x1F, 0x00
    .byte   0x01, 0xF1, 0x0F, 0x00, 0x1F, 0x01, 0x00, 0x00, 0x10, 0x00, 0x01, 0x00, 0x00, 0x10, 0x00, 0x00
    .byte   0x00, 0xF1, 0x00, 0xF0, 0x00, 0x0F, 0x11, 0xF0, 0x00, 0xF0, 0x0F,    0, 0x00, 0x1F, 0x1F, 0x00
    .byte   0x00, 0x00, 0x00, 0x0F, 0x10, 0xF1, 0xF1, 0xF0, 0x00, 0x1F, 0x00, 0x00, 0x00, 0xF1, 0x00, 0x1F
    .byte   0x1F, 0x1F, 0x10, 0x00, 0x01, 0xF1, 0xF0, 0x01, 0x00, 0xF0, 0x00, 0x01,    0, 0x01, 0x00, 0x0F
    .byte   0x00, 0x00, 0x10, 0x00, 0x00, 0xF1, 0xF1, 0xF0, 0x00, 0x00, 0x1F, 0x1F, 0x00, 0x00, 0x00, 0xF1
    .byte   0x00, 0xF0, 0x00, 0x01, 0xF0, 0x1F, 0x10, 0x0F, 0x00, 0x00, 0x10, 0xF0, 0x01,    0, 0x00, 0xF1
    .byte   0x0F, 0x01, 0xF1, 0x00, 0x00, 0x1F, 0x00, 0x00, 0x10, 0x00, 0xF0, 0x01, 0xF1, 0xF0, 0x1F, 0x10
    .byte   0x0F, 0x00, 0x00, 0x1F, 0x00, 0x00, 0x01, 0xF0, 0x01, 0xF0, 0x00, 0x1F, 0x01, 0xF0,    0, 0x00
    .byte   0x01, 0x0F, 0x0F, 0x00, 0x1F, 0x00, 0x1F, 0x01, 0xF1, 0xF1, 0xF0, 0x00, 0x00, 0x0F, 0xF3, 0xD4
    .byte   0x69, 0xB5, 0xDD, 0x5D, 0xD4, 0x3C, 0xE3, 0xEE, 0x2E, 0xE3, 0x1E, 0x02, 0xF1, 0x1E, 0xE2,    2
    .byte   0x0E, 0x22, 0xEF, 0x2F, 0xE1, 0xFF, 0x1F, 0x11, 0x0F, 0x01, 0xFF, 0x00, 0x0F, 0x1F, 0x0F, 0x02
    .byte   0x1E, 0x02, 0xE2, 0xFF, 0xF0, 0xE2, 0x0E, 0x12, 0x01, 0x32, 0xDD, 0x22, 0xD2, 0xFF, 0x3E, 0xF3
    .byte      6, 0x0D, 0xE3, 0x2E, 0xD3, 0x0E, 0x23, 0xDE, 0x20, 0x02, 0xEE, 0x3E, 0xD2, 0x2F, 0x10, 0xD2
    .byte   0x2E, 0xE4, 0xC2, 0x3D, 0x12, 0xFE, 0x2D, 0x32, 0xD0, 0x03, 0x2C, 0x23, 0xD1, 0x12, 0xD2, 0x2E
    .byte   0x2F,   -2, 0x0F, 0x3D, 0xF3, 0xEE, 0x12, 0xE2, 0xFE, 0x3D, 0x22, 0x0D, 0x04, 0xCE, 0x31, 0x3B
    .byte   0x26, 0xAD, 0x6D, 0xC1, 0x4B, 0x45, 0x95, 0x59, 0x46, 0xAE, 0x41, 0xD3, 0x3A, 0x37, 0x9C, 0x63
    .byte   0xBC, 0x7C,  -20, 0x05, 0xFE, 0xE2, 0x4A, 0x45, 0xA3, 0x4E, 0xB5, 0x3A, 0x44, 0xCE, 0x4C, 0xF6
    .byte   0xBA, 0x7F, 0xA5, 0x4C, 0xC0, 0x46, 0x9F, 0x33, 0x1C, 0x4C, 0x31, 0xD4, 0x2B, 0x15, 0xDD, 0xD5
    .byte   0x2A, 0x36, 0xBD,   -6, 0x01, 0x5B, 0xD4, 0x4A, 0x17, 0xAC, 0x5E, 0x3D, 0xD3, 0x22, 0xCF, 0x5D
    .byte   0xA5, 0x5B, 0xB5, 0x30, 0x1B, 0x45, 0xBB, 0x7C, 0xDE, 0x15, 0xCC, 0xD6, 0x39, 0x45, 0xDF, 0xED
    .byte   0x4B, 0x36, 0xAE, 0x4C,   -4, 0x05, 0xCA, 0x64, 0xBD, 0x5D, 0xEE, 0xF5, 0xCE, 0xC4, 0x5A, 0x15
    .byte   0xDB, 0x52, 0xC4, 0x2A, 0x46, 0xBA, 0x63, 0xA5, 0x2D, 0x2C, 0x43, 0xED, 0xC6, 0xDB, 0x44, 0xDD
    .byte   0xF0, 0x3F, 0x2D, 0xC5, 0xFC,    5, 0x0F, 0xC4, 0x2C, 0x14, 0xDD, 0x4D, 0xE3, 0xEE, 0x4E, 0xB4
    .byte   0x5C, 0xB5, 0xDD, 0x4F, 0xE3, 0xCC, 0x63, 0xBB, 0x63, 0xB1, 0x4D, 0xED, 0x36, 0xBA, 0x46, 0xDB
    .byte   0x24, 0xDE, 0x03, 0x2C, 0xD5, 0x2B,  -20, 0x05, 0x4B, 0xC3, 0x51, 0xBF, 0x5E, 0xB2, 0x52, 0xBC
    .byte   0x54, 0xDC, 0x23, 0xEC, 0x44, 0xCC, 0x15, 0x1B, 0x14, 0x1D, 0xE2, 0x3E, 0xD1, 0x4D, 0xD3, 0x4C
    .byte   0xD2, 0x3F, 0xED, 0x23, 0x0D, 0x20, 0x22,   -7, 0x02, 0x20, 0x2D, 0xF3, 0xFD, 0x23, 0xFC, 0x14
    .byte   0x1D, 0xEF, 0x31, 0xD0, 0x4D, 0xC3, 0x4F, 0xCF, 0x32, 0x0E, 0xD4, 0xFD, 0x11, 0xEF, 0x22, 0xEE
    .byte   0xE2, 0x4E, 0xC0, 0x33, 0xDE, 0xF1, 0x11, 0x22,   -7, 0x0E, 0x34, 0xEC, 0xD4, 0x3D, 0xEE, 0x21
    .byte   0x22, 0xFD, 0xE2, 0x31, 0xDE, 0x22, 0x01, 0x00, 0xEF, 0x32, 0xDD, 0x23, 0x1E, 0xE0, 0x12, 0x1E
    .byte   0x1F, 0xF2, 0x0F, 0xE1, 0x21, 0xEE, 0x12, 0x1E, 0x21,   -2, 0x0F, 0x20, 0xFE, 0x21, 0xFF, 0xF2
    .byte   0x0E, 0xF2, 0xFE, 0xE2, 0x20, 0xEF, 0x11, 0x11, 0xFF, 0xFF, 0x3F, 0xEE, 0x13, 0xEE, 0x03, 0x1E
    .byte   0xE2, 0x01, 0x10, 0xFF, 0x11, 0x11, 0x0F, 0xF0, 0x2F, 0xFE,    5, 0x0F, 0xF0, 0xFF, 0xFF, 0x00
    .byte   0xE0, 0xFF, 0xF0, 0xFF, 0xF1, 0xFF, 0x0F, 0xF1, 0x01, 0xFF, 0x11, 0x1F, 0x02, 0x00, 0x12, 0x10
    .byte   0x22, 0x22, 0x11, 0x22, 0x20, 0x12, 0xF0, 0x10, 0xEF, 0xEF, 0xFE,   14, 0x0E, 0xEE, 0xFF, 0xEE
    .byte   0xFF, 0x10, 0xE1, 0x11, 0xFF, 0xFF, 0xFF, 0x1F, 0xEF, 0x0E, 0xFF, 0xEF, 0xFF, 0xEE, 0xFF, 0x22
    .byte   0xF0, 0x44, 0x31, 0x13, 0x34, 0x20, 0xF0, 0x23, 0x20, 0xCE, 0x10, 0xED,   15, 0x0D, 0xEE, 0xFE
    .byte   0xDE, 0xF2, 0x3E, 0xF1, 0x03, 0x31, 0x01, 0x03, 0x00, 0xFE, 0xEE, 0x2F, 0xED, 0xE1, 0x11, 0xFE
    .byte   0xEF, 0x22, 0xEE, 0xF0, 0x2F, 0xEE, 0xFE, 0xD0, 0xFD, 0xD1, 0x21, 0x02, 0x35,    3, 0x0F, 0x33
    .byte   0x34, 0x13, 0x1E, 0x02, 0x22, 0xCD, 0x0D, 0xED, 0xDD, 0xDD, 0x21, 0xEE, 0xE3, 0x32, 0x22, 0x01
    .byte   0x32, 0x3E, 0xD1, 0x10, 0xFE, 0xED, 0xEF, 0x0F, 0xEE, 0x22, 0x22, 0x11, 0x11, 0x11,    4, 0x0F
    .byte   0xDE, 0xFF, 0xED, 0xDF, 0xDE, 0xED, 0xEE, 0xE2, 0x23, 0x32, 0x44, 0x44, 0x33, 0x23, 0x23, 0xFE
    .byte   0xD0, 0x0F, 0xDD, 0xDD, 0xED, 0xEE, 0xED, 0x13, 0x20, 0x21, 0x22, 0x23, 0x1E, 0x01, 0x20,   18
    .byte   0x0E, 0xEE, 0xED, 0x0F, 0xEE, 0x22, 0x20, 0x13, 0x20, 0x22, 0x1F, 0xEF, 0xFE, 0xDE, 0xED, 0xED
    .byte   0xEE, 0xDD, 0xFF, 0xEF, 0x00, 0x12, 0x33, 0x33, 0x34, 0x43, 0x30, 0x32, 0x00, 0x10, 0xDE, 0xE1
    .byte     33, 0x0E, 0xDF, 0xDE, 0xFF, 0xFE, 0xE2, 0x22, 0x21, 0x11, 0x12, 0x11, 0xEE, 0xFF, 0x0F, 0xEE
    .byte   0xEE, 0xF0, 0x1F, 0x11, 0x22, 0x22, 0x2F, 0xFF, 0x0F, 0xEF, 0xDE, 0xEE, 0xEE, 0xDF, 0xEE, 0xF0
    .byte   0xEE,  -49, 0x02, 0xFF, 0x0F, 0x01, 0x23, 0x23, 0x33, 0x43, 0x32, 0x02, 0x11, 0x2F, 0xEE, 0xE1
    .byte   0x1F, 0xFE, 0xDE, 0xE2, 0xFE, 0xE0, 0x11, 0x23, 0xFE, 0xFF, 0x12, 0xEE, 0xFE, 0x0F, 0x01, 0xEE
    .byte   0xE1, 0x10,   -4, 0x02, 0x11, 0x12, 0x21, 0xEF, 0xFF, 0xEE, 0x0E, 0xDE, 0xFF, 0xEE, 0xEE, 0xFE
    .byte   0x01, 0x0F, 0x11, 0x0F, 0x01, 0x00, 0x12, 0x33, 0x23, 0x43, 0x22, 0x32, 0x10, 0x22, 0xEE, 0xF0
    .byte   0xFE, 0xFE, 0xED,   13, 0x01, 0x1E, 0xEF, 0x02, 0x12, 0x10, 0xFE, 0x12, 0x0E, 0xF0, 0xEF, 0x01
    .byte   0xFE, 0xEF, 0xFF, 0x01, 0x02, 0xF0, 0x31, 0xFE, 0xF0, 0xEF, 0xF0, 0xEE, 0xD1, 0x0E, 0xEE, 0xEE
    .byte   0xE0, 0x11, 0x1F, 0x01,  -40, 0x0F, 0x22, 0x0E, 0x01, 0x32, 0x33, 0x23, 0x32, 0x23, 0x20, 0x12
    .byte   0x1F, 0xF1, 0xF0, 0xEE, 0xFE, 0xDE, 0x0F, 0xEF, 0xE1, 0x1F, 0x20, 0x0F, 0xE1, 0x10, 0x11, 0xFF
    .byte   0xEF, 0xFF, 0x0E, 0xEF, 0xF0,   -6, 0x02, 0x2F, 0x11, 0x00, 0x20, 0xFE, 0xE0, 0x0E, 0xFF, 0xED
    .byte   0xFF, 0xFE, 0xE0, 0xFE, 0x02, 0x0F, 0x02, 0x11, 0x0E, 0x20, 0x01, 0x02, 0x11, 0x32, 0xF3, 0x42
    .byte   0xE1, 0x32, 0x02, 0x31, 0xEE, 0x12,   43, 0x0E, 0xFF, 0xDD, 0xE1, 0x1E, 0xEE, 0x0E, 0xF2, 0x2F
    .byte   0xEE, 0x11, 0x11, 0x20, 0xEF, 0xF1, 0x0F, 0xF1, 0xEE, 0xF2, 0x2F, 0xF2, 0xFF, 0x01, 0x2F, 0xEE
    .byte   0x2E, 0xE1, 0x1E, 0xEE, 0xFF, 0xFE, 0xEF,  -32, 0x00, 0xF0, 0x1F, 0x12, 0x10, 0xF0, 0x11, 0x02
    .byte   0x10, 0x02, 0x32, 0xF3, 0x32, 0x02, 0x31, 0x11, 0x31, 0x00, 0x10, 0xFE, 0xE0, 0xEE, 0xD0, 0xFE
    .byte   0xEF, 0x0D, 0x11, 0x11, 0xE1, 0x10, 0x00, 0x20,    4, 0x0F, 0x10, 0xFF, 0x00, 0xEF, 0x01, 0x0F
    .byte   0x00, 0x0E, 0x02, 0x1E, 0x01, 0x0E, 0x02, 0x0E, 0xFE, 0xFF, 0xEF, 0xFE, 0xFE, 0x10, 0x0E, 0x02
    .byte   0x11, 0x11, 0x00, 0x12, 0x21, 0x12, 0x22, 0x22, 0x23,   19, 0x02, 0x22, 0x11, 0x22, 0xFF, 0xF0
    .byte   0xFE, 0x1F, 0xEE, 0xD0, 0x0E, 0x0E, 0xEF, 0xE1, 0x11, 0xFF, 0xF1, 0x0F, 0x21, 0x11, 0xF0, 0x0F
    .byte   0xF1, 0x0E, 0xFF, 0xFF, 0x10, 0x1F, 0xF0, 0x01, 0x0F, 0x00,   -7, 0x0F, 0x01, 0x0E, 0xFE, 0x0E
    .byte   0xE1, 0xFE, 0xF1, 0x0E, 0x11, 0x02, 0x02, 0x11, 0xFF, 0x22, 0x2F, 0x22, 0x12, 0x22, 0x31, 0x12
    .byte   0x20, 0x02, 0x21, 0xE0, 0xF1, 0x0F, 0x0E, 0xEE, 0xEE, 0x0F, 0x0E,    6, 0x0E, 0xF1, 0x11, 0xE0
    .byte   0x0F, 0x00, 0x20, 0x00, 0xFF, 0x01, 0x00, 0xFE, 0xF0, 0x11, 0x10, 0xFF, 0xF1, 0x11, 0xFF, 0xFF
    .byte   0xE1, 0xFF, 0x0E, 0xFE, 0xF0, 0x0E, 0x0E, 0x00, 0x01, 0x1F, 0x11, 0x21,  -17, 0x01, 0x00, 0x20
    .byte   0x02, 0x10, 0x22, 0x12, 0x22, 0x20, 0x12, 0x11, 0x12, 0xF0, 0x1F, 0x10, 0xF0, 0xEF, 0xEE, 0xF0
    .byte   0xFE, 0xFE, 0xF0, 0x01, 0x0E, 0x0F, 0xF0, 0x01, 0x1F, 0xF0, 0xF0, 0x10, 0xFF,   -4, 0x0F, 0x01
    .byte   0x11, 0xF1, 0x0F, 0x00, 0x0F, 0xF0, 0xEF, 0x0F, 0x00, 0xF0, 0xEF, 0xFF, 0x01, 0x1F, 0xF1, 0xF1
    .byte   0x01, 0x20, 0xF0, 0x00, 0x02, 0x01, 0xF0, 0x11, 0x10, 0x21, 0x12, 0x21, 0x2F, 0x21,   17, 0x01
    .byte   0x11, 0x20, 0x01, 0x1F, 0x0F, 0xFF, 0xEF, 0x00, 0xEF, 0x0E, 0x0F, 0x10, 0xE0, 0xFE, 0x10, 0x00
    .byte   0x0F, 0xF0, 0xF1, 0xFF, 0x00, 0xE1, 0x11, 0x11, 0x01, 0xF1, 0x10, 0x10, 0xFF, 0xF0, 0x0F,   -6
    .byte   0x00, 0xFE, 0x0F, 0x0F, 0xFF, 0xFF, 0x11, 0x0F, 0xF0, 0x11, 0x11, 0x00, 0x10, 0x02, 0x00, 0xF1
    .byte   0x11, 0x02, 0xF0, 0x12, 0x12, 0x12, 0x11, 0x02, 0xF1, 0x20, 0x00, 0x00, 0x11, 0x0F, 0x0E, 0xF1
    .byte     18, 0x00, 0xE0, 0xE0, 0x0F, 0xF0, 0xFE, 0xEF, 0xF2, 0xFE, 0xFE, 0xE1, 0x22, 0x2E, 0xE1, 0x12
    .byte   0x2E, 0x4C, 0xA5, 0x3D, 0x42, 0xD2, 0xDE, 0x4D, 0xD2, 0xDD, 0x31, 0xF2, 0xEE, 0xE0, 0x21, 0x12
    .byte   0xDE,  -23, 0x01, 0xF3, 0xFF, 0x0E, 0x22, 0x10, 0x2E, 0x22, 0x23, 0x01, 0x22, 0x20, 0x11, 0xFF
    .byte   0x00, 0x20, 0x10, 0x02, 0xE0, 0x1E, 0xE0, 0xEF, 0x00, 0xFE, 0x11, 0x11, 0xEE, 0x0E, 0xF1, 0x10
    .byte   0xFF, 0x0F,    2, 0x02, 0xEF, 0xF0, 0x00, 0x12, 0x0F, 0x11, 0xFF, 0xF0, 0xEE, 0x0F, 0xE1, 0xF0
    .byte   0xE0, 0xE0, 0xEE, 0x0E, 0xEF, 0x0F, 0xE1, 0x20, 0x11, 0x12, 0xF1, 0x20, 0x12, 0x22, 0x12, 0x2F
    .byte   0x32, 0x22, 0x22,   25, 0x01, 0x11, 0x00, 0x20, 0x00, 0x10, 0xF0, 0x1E, 0xEE, 0x0F, 0xE1, 0x1E
    .byte   0xEF, 0xF0, 0x1F, 0xFE, 0xE1, 0x11, 0x10, 0xE1, 0xF1, 0x2F, 0x01, 0xEE, 0x22, 0x11, 0x10, 0xE1
    .byte   0xF1, 0xFE, 0xFE, 0xFF,   -8, 0x00, 0xFE, 0x0E, 0xEF, 0xFE, 0xEE, 0xF0, 0xF0, 0x11, 0x01, 0x01
    .byte   0x11, 0x21, 0x02, 0x12, 0x12, 0x22, 0x22, 0x22, 0x22, 0x21, 0x10, 0x01, 0x12, 0x10, 0xF1, 0xF1
    .byte   0x11, 0xFD, 0xEF, 0x0F, 0x01,   15, 0x0E, 0xF0, 0x10, 0x1E, 0xEE, 0x02, 0x01, 0xE0, 0xF0, 0x21
    .byte   0x1E, 0x0E, 0x02, 0x12, 0xFE, 0xF0, 0x20, 0x0F, 0xEE, 0xE0, 0x10, 0xFE, 0xEF, 0x00, 0xFE, 0xEE
    .byte   0xEF, 0xFF, 0x10, 0xF0, 0x10, 0x21,  -31, 0x01, 0x01, 0x22, 0x2F, 0x22, 0x22, 0x22, 0x2F, 0x31
    .byte   0x11, 0x01, 0x11, 0x22, 0xFF, 0x00, 0xF1, 0x1E, 0xEE, 0xF1, 0x00, 0xFE, 0xEF, 0x10, 0x1F, 0xEE
    .byte   0xE1, 0x20, 0xFF, 0x0F, 0x02, 0x10, 0xE0,   -1, 0x01, 0x22, 0xFF, 0xFF, 0x11, 0x20, 0xDF, 0xE0
    .byte   0x11, 0x0E, 0xEE, 0x10, 0xFF, 0xEE, 0xEE, 0x10, 0xFE, 0x0E, 0x02, 0x2F, 0xFF, 0xF1, 0x22, 0x2F
    .byte   0x11, 0x03, 0x12, 0x21, 0x22, 0x22, 0x3F, 0x01,   22, 0x01, 0x22, 0x11, 0xF1, 0x0F, 0x2F, 0xEE
    .byte   0xEF, 0xFF, 0x1F, 0xEE, 0xFF, 0x01, 0xFE, 0xEE, 0x02, 0x00, 0x0E, 0x01, 0x20, 0x10, 0xFF, 0xF1
    .byte   0x21, 0x0F, 0x0F, 0x02, 0x1F, 0xEE, 0xE0, 0xF1, 0x0E,  -10, 0x0F, 0xF0, 0xE0, 0xEE, 0xEF, 0xFF
    .byte   0xF0, 0x0E, 0x00, 0x2F, 0x01, 0x10, 0x11, 0x12, 0x02, 0x2F, 0x22, 0x22, 0x22, 0x20, 0x31, 0x01
    .byte   0x2F, 0x11, 0x21, 0xF1, 0x0F, 0x11, 0xFE, 0xEF, 0xFE, 0x11,   16, 0x0E, 0xF0, 0x0F, 0x1E, 0xEE
    .byte   0x11, 0x00, 0x1F, 0xF0, 0x12, 0x00, 0xF0, 0xE2, 0x01, 0x11, 0xFF, 0x20, 0xFF, 0xFE, 0x0E, 0x00
    .byte   0xE1, 0xEF, 0xF0, 0xEF, 0xEF, 0xE0, 0xEF, 0xFE, 0x11, 0xF0, 0x11,  -33, 0x00, 0x20, 0x01, 0x02
    .byte   0x01, 0x20, 0x22, 0x03, 0x22, 0x20, 0x13, 0x1F, 0x2E, 0x12, 0x12, 0x0F, 0x10, 0xF1, 0x2E, 0xEE
    .byte   0xE0, 0x01, 0x1E, 0xEE, 0x1F, 0x20, 0xEE, 0xEF, 0x02, 0x10, 0xFF, 0x02,    8, 0x01, 0x0E, 0x0F
    .byte   0x02, 0x10, 0xF0, 0xF1, 0x10, 0xFE, 0xEF, 0xFF, 0x0F, 0xEE, 0xFF, 0x00, 0xEE, 0xEF, 0xF0, 0xE0
    .byte   0x0E, 0x10, 0x01, 0x01, 0x00, 0x21, 0x11, 0x11, 0x12, 0x22, 0x12, 0x22, 0x22,   13, 0x0E, 0x32
    .byte   0xE2, 0x10, 0x12, 0x11, 0x00, 0x0F, 0x11, 0x0E, 0xEE, 0xFF, 0x2E, 0xFE, 0xE0, 0x10, 0x1F, 0xEE
    .byte   0xF1, 0x11, 0x10, 0xFF, 0x21, 0x11, 0x0E, 0x11, 0x01, 0x1F, 0x0F, 0x01, 0x0F, 0x0E,   -1, 0x0F
    .byte   0xEF, 0xF0, 0xE0, 0xE0, 0xF0, 0xEE, 0xFF, 0xEF, 0xFF, 0xF0, 0x10, 0x10, 0xF0, 0x20, 0x12, 0x00
    .byte   0x02, 0x21, 0x22, 0x11, 0x22, 0x3F, 0x12, 0x20, 0x11, 0x01, 0x21, 0x10, 0x00, 0xF0, 0x2F,   27
    .byte   0x0E, 0xFE, 0xF1, 0xFF, 0xEF, 0xF0, 0x01, 0x0E, 0xEF, 0x1F, 0x2F, 0xFF, 0x00, 0x21, 0x11, 0xE0
    .byte   0x01, 0x11, 0x10, 0xE0, 0x01, 0x00, 0xEE, 0xE0, 0xF0, 0xFE, 0x0E, 0xF0, 0x0E, 0xFE, 0xFF, 0xFF
    .byte    -31, 0x0F, 0xF0, 0x10, 0x12, 0xF0, 0x02, 0x11, 0x11, 0x11, 0x12, 0x20, 0x22, 0x12, 0x12, 0x20
    .byte   0x21, 0x10, 0x01, 0x21, 0x1F, 0x1F, 0x10, 0x2E, 0xFE, 0xFF, 0xF1, 0xFE, 0xFF, 0xF0, 0x10, 0xE0
    .byte   0xFF,    5, 0x00, 0x10, 0x00, 0x00, 0x11, 0x11, 0xF0, 0xF0, 0x11, 0x00, 0xE0, 0x00, 0xF0, 0xE0
    .byte   0xEF, 0xFF, 0x0E, 0x0E, 0x0E, 0x0F, 0xEF, 0x0F, 0xFF, 0xF0, 0xF0, 0x01, 0x00, 0x01, 0x11, 0x12
    .byte   0x11, 0x11,  -15, 0x01, 0x10, 0x21, 0x02, 0x12, 0x12, 0x12, 0x02, 0x10, 0x11, 0x10, 0x20, 0x01
    .byte   0x11, 0x11, 0xFF, 0x0E, 0xFF, 0xF0, 0xFE, 0x0F, 0x01, 0xFF, 0xFE, 0xFF, 0x01, 0xFF, 0xFF, 0x01
    .byte   0x01, 0xF0, 0xF0,    2, 0x00, 0x00, 0x0F, 0x0F, 0xF0, 0x01, 0xE0, 0x0E, 0x00, 0x0E, 0xF0, 0xE0
    .byte   0xFF, 0x0E, 0x0F, 0xFF, 0xF0, 0x0F, 0x0F, 0x11, 0x11, 0x11, 0x01, 0x11, 0x21, 0x11, 0x01, 0x21
    .byte   0x21, 0x21, 0x21, 0x22,   17, 0x01, 0x01, 0x11, 0x21, 0x01, 0x01, 0x2F, 0x0F, 0xFF, 0x0E, 0x00
    .byte   0xEF, 0xFF, 0xFF, 0x00, 0xE0, 0xE0, 0xFF, 0xFF, 0xFF, 0x00, 0x00, 0x0F, 0x0F, 0x01, 0xF1, 0x0F
    .byte   0x0F, 0x10, 0x00, 0xFF, 0xF1,   -5, 0x0F, 0xF0, 0xEF, 0x0E, 0x0F, 0x0E, 0xFF, 0xFF, 0xF0, 0xFF
    .byte   0xF0, 0x01, 0x10, 0x10, 0x12, 0x11, 0x11, 0x11, 0x21, 0x12, 0x12, 0x20, 0x22, 0x02, 0x02, 0x01
    .byte   0x20, 0x11, 0x10, 0x02, 0x00, 0xFF,   27, 0x0F, 0xFF, 0x0E, 0xFF, 0xFF, 0xF0, 0xEF, 0xEF, 0xFF
    .byte   0x00, 0xE0, 0xF0, 0x10, 0x00, 0xF0, 0x00, 0x10, 0x1F, 0x00, 0x10, 0x00, 0xFF, 0x0F, 0x0F, 0xFF
    .byte   0xF0, 0x0E, 0x0E, 0xFF, 0x0E, 0x00, 0xEF,  -26, 0x00, 0xF0, 0x00, 0xF0, 0x10, 0x02, 0x01, 0x11
    .byte   0x20, 0x21, 0x02, 0x11, 0x22, 0x11, 0x22, 0x11, 0x20, 0x2F, 0x21, 0x01, 0x01, 0x11, 0x0F, 0x0E
    .byte   0xF0, 0xFF, 0xE0, 0xE0, 0xFF, 0x0F, 0xE0, 0xEF,    3, 0x0F, 0xFF, 0xFF, 0x01, 0xF1, 0x0F, 0xF0
    .byte   0x11, 0x00, 0x0F, 0x11, 0x01, 0xF0, 0x0F, 0x00, 0xFF, 0xFF, 0xF0, 0xE0, 0x0E, 0xF0, 0xE0, 0x0E
    .byte   0x0F, 0xFF, 0xF1, 0x00, 0xF0, 0x11, 0x11, 0x11, 0x02,  -17, 0x02, 0x02, 0x01, 0x22, 0x12, 0x11
    .byte   0x22, 0x02, 0x00, 0x21, 0x11, 0x10, 0x10, 0x10, 0x0E, 0x0F, 0xF0, 0xE0, 0x0E, 0xF0, 0x0E, 0x0F
    .byte   0xEF, 0xF0, 0xFF, 0x0F, 0xF0, 0x0F, 0x1F, 0x1F, 0xF1, 0x11,    1, 0x00, 0x00, 0xF1, 0x01, 0xF0
    .byte   0xF1, 0xFF, 0x1F, 0xFF, 0xFF, 0x0E, 0x0E, 0xF0, 0xEF, 0xFF, 0x0F, 0xFF, 0xF0, 0xF0, 0xF1, 0x10
    .byte   0x00, 0x20, 0x20, 0x11, 0x12, 0x12, 0x10, 0x21, 0x21, 0x21, 0x20,   16, 0x01, 0x21, 0x01, 0x10
    .byte   0x10, 0x11, 0x0F, 0xEF, 0x00, 0x0E, 0xFF, 0xE0, 0x1F, 0x1E, 0x0E, 0xF0, 0x00, 0xFE, 0xF0, 0x11
    .byte   0x10, 0xFF, 0x00, 0x02, 0x1F, 0xFF, 0x00, 0x21, 0x0F, 0xE0, 0x02, 0x0F,    1, 0x0F, 0xFF, 0xFF
    .byte   0xFF, 0xEE, 0x0F, 0xFF, 0x0E, 0x0F, 0x0F, 0x00, 0xFF, 0x10, 0x11, 0x11, 0x10, 0x20, 0x20, 0x11
    .byte   0x12, 0x12, 0x11, 0x21, 0x21, 0x01, 0x02, 0x11, 0x1F, 0x10, 0x12, 0xF0, 0xFE,   20, 0x0F, 0xF0
    .byte   0x0E, 0xFF, 0xFF, 0x10, 0xE0, 0xE0, 0x0F, 0xF0, 0xFF, 0xF0, 0x01, 0x0F, 0xFF, 0x00, 0x20, 0x0F
    .byte   0x01, 0x11, 0x00, 0xF0, 0x10, 0x10, 0xF0, 0xFF, 0xFF, 0xFF, 0xFE, 0xF0, 0xFF, 0xFF,  -16, 0x0F
    .byte   0x00, 0xFF, 0x0F, 0x00, 0x10, 0x01, 0x11, 0x02, 0x11, 0x10, 0x20, 0x11, 0x02, 0x02, 0x11, 0x02
    .byte   0x01, 0x11, 0x00, 0x11, 0x00, 0x11, 0xF0, 0xF0, 0x00, 0xFF, 0xFF, 0xFF, 0x0F, 0xFF, 0xFF,    4
    .byte   0x0F, 0xFF, 0x0F, 0xF0, 0x00, 0x10, 0x00, 0x11, 0x0F, 0x10, 0x0F, 0x00, 0x1F, 0x00, 0xF0, 0xFE
    .byte   0xFF, 0xF0, 0xEF, 0xFF, 0xFF, 0x0F, 0x00, 0xE0, 0x02, 0x11, 0x00, 0x10, 0x12, 0x11, 0x02, 0x11
    .byte      2, 0x02, 0x11, 0x11, 0x01, 0x20, 0x00, 0x11, 0x11, 0x11, 0x0E, 0x0F, 0x0F, 0xFF, 0xFE, 0xF0
    .byte   0x1F, 0xFE, 0x0E, 0x00, 0x10, 0xE0, 0xF0, 0x10, 0x1F, 0xFF, 0x01, 0x11, 0x11, 0x00, 0x11, 0x11
    .byte   0x0F,    0, 0x01, 0x10, 0x11, 0xFF, 0xF1, 0x10, 0x0E, 0x0F, 0x00, 0x0F, 0x0F, 0xF1, 0x00, 0x0F
    .byte   0xFF, 0x00, 0x01, 0x00, 0xF0, 0x11, 0x11, 0xF0, 0xF0, 0x11, 0x10, 0x00, 0x11, 0x01, 0x0F, 0x00
    .byte   0x11, 0x10,    2, 0x00, 0xF1, 0x00, 0x0F, 0x00, 0x00, 0x1F, 0x0F, 0xF0, 0x01, 0x00, 0x0F, 0xF1
    .byte   0x10, 0x00, 0x0F, 0x00, 0x10, 0x01, 0xF0, 0x10, 0x01, 0xF1, 0x00, 0x10, 0x10, 0xF1, 0xF0, 0x11
    .byte   0x0F, 0x10, 0x0F,    3, 0x00, 0x01, 0x10, 0xE0, 0x01, 0x00, 0xFF, 0xFF, 0x01, 0xF0, 0xF0, 0xF0
    .byte   0x01, 0x0F, 0x0F, 0x0F, 0x11, 0x01, 0x00, 0x01, 0x11, 0x0F, 0x00, 0x11, 0x11, 0xF0, 0x01, 0x01
    .byte   0x0F, 0x0F, 0x1F, 0x10,    3, 0x0F, 0x00, 0x01, 0xF0, 0xFF, 0xF0, 0x00, 0x00, 0x0F, 0x00, 0x00
    .byte   0x00, 0xF0, 0x01, 0x00, 0x01, 0x00, 0x01, 0x1F, 0xF0, 0x01, 0x10, 0x1F, 0x0F, 0x10, 0x1F, 0xF0
    .byte   0x0F, 0x1F, 0x00, 0x0F, 0xF0,   -2, 0x0F, 0x00, 0xF0, 0x00, 0x10, 0x00, 0x00, 0x11, 0x1F, 0x11
    .byte   0x00, 0x20, 0x10, 0x11, 0x01, 0x11, 0x01, 0xF0, 0xF1, 0x10, 0xE0, 0xFE, 0x10, 0xE0, 0xE0, 0xF0
    .byte   0xEF, 0x0E, 0x0F, 0xF0, 0xF0, 0xF0,  -18, 0x00, 0x11, 0x11, 0x10, 0x20, 0x22, 0x02, 0x02, 0x02
    .byte   0x11, 0x10, 0x10, 0x21, 0x1F, 0xFF, 0xFF, 0x0E, 0xF0, 0xEF, 0xFF, 0xFF, 0x0E, 0xFF, 0xFF, 0xFF
    .byte   0xFF, 0xF1, 0x10, 0xF0, 0x01, 0x10, 0x11,   -5, 0x01, 0x11, 0x11, 0x10, 0x10, 0x10, 0x11, 0xF1
    .byte   0x0F, 0x1F, 0x0F, 0x0F, 0xFF, 0x00, 0x00, 0xF0, 0xF0, 0xF0, 0xF0, 0x0F, 0x1F, 0x11, 0x01, 0xF1
    .byte   0x00, 0x01, 0x01, 0x0F, 0x10, 0x10, 0x00, 0x00,    0, 0x01, 0x00, 0x00, 0x01, 0x0F, 0xF0, 0x1F
    .byte   0x00, 0xF0, 0x10, 0x01, 0x00, 0xF0, 0xF1, 0x01, 0x00, 0x00, 0x0F, 0x10, 0x00, 0x0F, 0x10, 0x10
    .byte   0x0F, 0x1F, 0x00, 0x00, 0xF0, 0x1F, 0x00, 0x10, 0xF1,    0, 0x0F, 0x10, 0xF0, 0x00, 0x00, 0xF1
    .byte   0xF1, 0x00, 0x01, 0xF0, 0x1F, 0x00, 0x10, 0x00, 0x00, 0x01, 0xF0, 0x11, 0xF0, 0x00, 0xF1, 0x00
    .byte   0x0F, 0x00, 0x1F, 0x00, 0xF1, 0xF0, 0x00, 0x00, 0x00, 0x00,    0, 0x00, 0xFF, 0x01, 0x00, 0x1F
    .byte   0x01, 0x00, 0x10, 0xF0, 0x00, 0x10, 0x0F, 0x00, 0x00, 0x01, 0x0F, 0x01, 0xF0, 0x00, 0x0F, 0x10
    .byte   0x1F, 0x00, 0xF1, 0xF0, 0x10, 0xF1, 0xF1, 0x00, 0x00, 0x01, 0xF0,   -1, 0x01, 0x00, 0x00, 0xF1
    .byte   0x00, 0x00, 0x01, 0xF0, 0x00, 0x10, 0x0F, 0x1F, 0x10, 0xF1, 0xF0, 0x00, 0x01, 0x00, 0xF0, 0x10
    .byte   0xFF, 0x1F, 0x10, 0x00, 0x0F, 0x1F, 0x01, 0xF1, 0x0F, 0x0F, 0x11, 0xF1,   -1, 0x00, 0x00, 0x10
    .byte   0x00, 0x00, 0x01, 0xF0, 0x00, 0x00, 0x01, 0xF0, 0xF1, 0x00, 0x0F, 0x01, 0x00, 0x01, 0x0F, 0x00
    .byte   0x00, 0x00, 0x01, 0xF0, 0x01, 0x0F, 0x1F, 0x01, 0xF0, 0x1F, 0x00, 0x01, 0x0F,    0, 0x00, 0x00
    .byte   0x00, 0x00, 0x00, 0x00, 0x00, 0x00, 0x00, 0x1F, 0x01, 0xF0, 0x1F, 0x01, 0x00, 0xF0, 0x1F, 0x1F
    .byte   0x00, 0x00, 0x1F, 0x1F, 0xF1, 0x00, 0x01, 0xF0, 0x00, 0x00, 0x00, 0x00, 0xF1, 0x0F,   -1, 0x00
    .byte   0x1F, 0x1F, 0x01, 0xF0, 0x01, 0x00, 0x00, 0x00, 0x00, 0x00, 0x01, 0x00, 0xF0, 0x01, 0xF0, 0x00
    .byte   0x0F, 0x10, 0x00, 0x00, 0x00, 0x00, 0x0F, 0x10, 0x00, 0xF0, 0x10, 0x00, 0x0F, 0x1F, 0x11,    0
    .byte   0x0F, 0x01, 0x00, 0x1F, 0x00, 0xF1, 0x1F, 0xF1, 0x10, 0xF0, 0x1F, 0x01, 0xF0, 0x00, 0x00, 0x1F
    .byte   0x00, 0x0F, 0x10, 0x0F, 0x01, 0x1F, 0x1F, 0xF1, 0x01, 0xF0, 0x1F, 0x0F, 0x01, 0x00, 0x00, 0x00
    .byte     -1, 0x01, 0x1F, 0x1F, 0x01, 0xF0, 0x00, 0x00, 0x00, 0x0F, 0x01, 0x00, 0x0F, 0x1F, 0x10, 0xF1
    .byte   0x00, 0x0F, 0x1F, 0x10, 0x00, 0x01, 0xF0, 0x00, 0x01, 0xF0, 0x00, 0x00, 0x1F, 0x00, 0x00, 0x1F
    .byte   0xF1,    0, 0x00, 0xF0, 0x10, 0x00, 0x0F, 0x1F, 0x10, 0x00, 0x00, 0x01, 0xF0, 0x00, 0x1F, 0xF0
    .byte   0x10, 0x0F, 0x10, 0xF0, 0x1F, 0x11, 0xF0, 0x0F, 0x10, 0x00, 0xF1, 0x00, 0x00, 0x0F, 0x10, 0x00
    .byte   0x00, 0x00,    0, 0x01, 0xF0, 0x1F, 0x0F, 0x01, 0x00, 0xF0, 0x10, 0x00, 0x00, 0x00, 0xF0, 0x10
    .byte   0x00, 0x00, 0x0F, 0xF2, 0xED, 0x21, 0x3F, 0x3F, 0xE2, 0xD3, 0xEF, 0x0D, 0x3D, 0x3E, 0x12, 0xD1
    .byte   0xE1, 0x01, 0x01,   -4, 0x0F, 0x2F, 0x2E, 0x1F, 0x01, 0x01, 0x11, 0x0F, 0x00, 0x10, 0xF0, 0xF1
    .byte   0x00, 0xF0, 0x1F, 0x1F, 0x01, 0xF1, 0xF1, 0x0F, 0x00, 0x1F, 0x00, 0x00, 0x1F, 0xF1, 0x0F, 0x01
    .byte   0x0F, 0x10, 0x0F, 0x01,   -1, 0x01, 0x00, 0x0F, 0x1F, 0x11, 0x0F, 0xF1, 0x00, 0x00, 0xF1, 0xF1
    .byte   0x01, 0xF0, 0x00, 0x01, 0xF0, 0xF1, 0x0F, 0x10, 0x1F, 0x0F, 0x10, 0xF1, 0xF1, 0x01, 0xFF, 0x10
    .byte   0x01, 0xF0, 0x0F, 0x1F, 0x10,    0, 0x00, 0x1F, 0x1F, 0x00, 0xF1, 0x1F, 0x00, 0x00, 0x0F, 0x10
    .byte   0x1F, 0x00, 0x01, 0xF1, 0xFF, 0x1F, 0x01, 0xF2, 0xE1, 0xF1, 0xF1, 0x0F, 0x10, 0x1F, 0x1E, 0x2F
    .byte   0x01, 0xF1, 0xF1, 0xF0, 0xF1, 0x01,    0, 0x00, 0x1F, 0x1F, 0x00, 0x10, 0xF1, 0xE2, 0xFF, 0x1F
    .byte   0x10, 0x0F, 0x1F, 0x2E, 0x01, 0x0F, 0x1F, 0x1F, 0xF2, 0xE2, 0xE2, 0xFF, 0x0F, 0x2E, 0x2D, 0x3E
    .byte   0x12, 0xD3, 0xE0, 0x1E, 0x2E, 0x21, 0xE2,   -5, 0x03, 0xD3, 0xEF, 0x2D, 0x3D, 0x3E, 0xF2, 0xE1
    .byte   0x1F, 0x2E, 0x11, 0xF1, 0xF0, 0xF2, 0xE1, 0x00, 0x00, 0xF0, 0x2D, 0x3E, 0x02, 0xD3, 0xE2, 0xE1
    .byte   0x01, 0x1E, 0x2E, 0x2D, 0x3F, 0xE3, 0xD3, 0xD1,    6, 0x0D, 0x3D, 0x3D, 0x20, 0xF1, 0xE3, 0xC4
    .byte   0xD2, 0xE2, 0xE2, 0x0E, 0x3C, 0x4C, 0x4C, 0x4D, 0x03, 0xC4, 0xC5, 0xB4, 0xD1, 0x3C, 0x4C, 0x4D
    .byte   0x03, 0xC4, 0xD2, 0xFF, 0x2D, 0x3D, 0x3D, 0x22, 0xD4,   -8, 0x04, 0xD1, 0x1E, 0x3C, 0x4C, 0x4D
    .byte   0x11, 0x2E, 0x02, 0xD3, 0xE1, 0x01, 0xE2, 0xFF, 0x10, 0xFF, 0x2D, 0x4C, 0x30, 0xD4, 0xC4, 0xC3
    .byte   0xEF, 0x2E, 0x20, 0x1D, 0x4C, 0x3E, 0x02, 0xE2, 0xE2, 0xE2,    2, 0x0E, 0x20, 0xE2, 0xF0, 0xF0
    .byte   0x0F, 0x2E, 0x2E, 0x11, 0xE2, 0xF1, 0xE2, 0xE1, 0x2F, 0x0F, 0xF2, 0xD3, 0xD3, 0xFE, 0x3C, 0x4C
    .byte   0x4D, 0xF3, 0xC5, 0xB4, 0xD2, 0x0E, 0x3C, 0x5B, 0x5B, 0x33, 0xC4,  -11, 0x05, 0xB4, 0xEE, 0x3C
    .byte   0x4C, 0x4C, 0x4D, 0x22, 0xD3, 0xD3, 0xD3, 0xD3, 0xD3, 0xEE, 0x3C, 0x5B, 0x4D, 0x2F, 0xF2, 0xD4
    .byte   0xC4, 0xC4, 0xDE, 0x3C, 0x4D, 0x3D, 0x3E, 0xE3, 0xC4, 0xD3, 0xC3, 0x1D,    7, 0x0C, 0x4D, 0x2F
    .byte   0xF2, 0xD3, 0xEE, 0x3D, 0x20, 0xF1, 0x00, 0x11, 0xFE, 0x3D, 0x20, 0xE3, 0xC4, 0xDF, 0x3D, 0x3E
    .byte   0xE2, 0xE2, 0x00, 0x0F, 0x0E, 0x3E, 0xE3, 0xD0, 0x2E, 0x20, 0x2D, 0x22, 0xD3,    3, 0x0E, 0x21
    .byte   0xD2, 0x2E, 0x2E, 0x0E, 0x3D, 0x23, 0xD1, 0xF2, 0xD3, 0xFD, 0x4C, 0x22, 0xF0, 0x11, 0xD3, 0xD3
    .byte   0x1E, 0x3C, 0x4C, 0x4E, 0xD4, 0xB5, 0xB4, 0xFD, 0x5B, 0x4D, 0xF2, 0xF2, 0xD3, 0xD3,   -2, 0x03
    .byte   0xD1, 0x2D, 0x3D, 0x3E, 0x11, 0xE2, 0x00, 0xF2, 0xEF, 0x10, 0x2D, 0x3D, 0x21, 0xE3, 0xD3, 0xD2
    .byte   0x1D, 0x4C, 0x4D, 0x02, 0xD4, 0xC4, 0xC2, 0x3C, 0x4C, 0x3E, 0x12, 0xD4, 0xC3, 0x1E, 0x2E,    5
    .byte   0x0C, 0x4D, 0x22, 0xE1, 0xF1, 0xE2, 0xE2, 0xE2, 0xE2, 0x2D, 0x3D, 0x20, 0xF1, 0xE3, 0xC4, 0xD2
    .byte   0x3C, 0x4C, 0x3F, 0xE3, 0xC4, 0xD1, 0x3C, 0x4C, 0x4D, 0x03, 0xC4, 0xC3, 0x2D, 0x4C, 0x3D, 0x22
    .byte     -7, 0x04, 0xDF, 0x2D, 0x3E, 0x03, 0xC4, 0xDF, 0x2E, 0x3C, 0x4D, 0x20, 0xE3, 0xC4, 0xC4, 0xD1
    .byte   0x3C, 0x4C, 0x3F, 0xF3, 0xC4, 0xDF, 0x3C, 0x4C, 0x4D, 0xD5, 0xB5, 0xC0, 0x3C, 0x4C, 0x3F, 0xF2
    .byte   0xE2,   -4, 0x03, 0xD2, 0xFF, 0x2E, 0x2E, 0x2F, 0xE3, 0xD2, 0x1E, 0x2E, 0x20, 0xE2, 0xE1, 0x1F
    .byte   0x2D, 0x3E, 0xF3, 0xC4, 0xD1, 0x2D, 0x3D, 0x3E, 0x2E, 0xE3, 0xD3, 0xEF, 0x2D, 0x3D, 0x3F, 0xD4
    .byte   0xC3, 0xEE,    6, 0x0D, 0x20, 0xE2, 0xFE, 0x3D, 0x21, 0xE2, 0xE2, 0x0E, 0x3D, 0x22, 0xD3, 0xD2
    .byte   0x0E, 0x3D, 0x22, 0xD3, 0xEF, 0x1F, 0x2E, 0x11, 0xE2, 0xFF, 0x10, 0x1E, 0x2F, 0xF2, 0xEF, 0x2E
    .byte   0x2E, 0x20, 0xE2,   -4, 0x02, 0x10, 0x0F, 0x0F, 0x10, 0xF2, 0xE2, 0xE0, 0x1F, 0x2E, 0x2E, 0xE3
    .byte   0xD3, 0xEE, 0x3D, 0x22, 0xD3, 0xEE, 0x3D, 0x21, 0xE2, 0xF0, 0x1E, 0x20, 0xE3, 0xD2, 0xFE, 0x3D
    .byte   0x3E, 0xF3, 0xC3, 0xE0,    4, 0x0D, 0x3D, 0x3E, 0x1F, 0x0F, 0x02, 0xD3, 0xE1, 0x2D, 0x3D, 0x22
    .byte   0xD4, 0xC3, 0xFD, 0x4C, 0x31, 0xD3, 0xE1, 0x2D, 0x3E, 0xF2, 0xD4, 0xC3, 0x0D, 0x3D, 0x3E, 0x11
    .byte   0xE2, 0x1E, 0x2E, 0x01, 0xF1,   -2, 0x02, 0xFE, 0x3D, 0x22, 0xD3, 0xD3, 0xD2, 0x2D, 0x3E, 0xF2
    .byte   0xD3, 0xE2, 0xE0, 0x1E, 0x3E, 0x1E, 0x2E, 0x11, 0xF2, 0xE1, 0xF0, 0x10, 0x12, 0xD2, 0xFF, 0x2E
    .byte   0x2E, 0x11, 0xE3, 0xD2, 0x1E, 0x10,    3, 0x0E, 0x2E, 0xF2, 0xE2, 0xFF, 0x0F, 0x1E, 0x2F, 0x10
    .byte   0xF0, 0xF2, 0xE2, 0xE1, 0x00, 0x0F, 0x3D, 0x2F, 0xE2, 0xF1, 0x00, 0x1E, 0x2E, 0x2E, 0x10, 0xF3
    .byte   0xC4, 0xD2, 0x0D, 0x4C, 0x4C, 0x30, 0xD4,   -3, 0x02, 0x2D, 0x3D, 0x21, 0xD4, 0xC4, 0xD1, 0x1E
    .byte   0x3D, 0x3D, 0x2F, 0xF1, 0x0F, 0x02, 0xD3, 0xD3, 0xE2, 0xFE, 0x3C, 0x4D, 0x11, 0xE3, 0xD3, 0xD3
    .byte   0xEE, 0x3D, 0x20, 0x0E, 0x20, 0x1E, 0x2E, 0x02,   -5, 0x03, 0xD3, 0xEF, 0x2E, 0x11, 0xFF, 0x2D
    .byte   0x3D, 0x30, 0xE2, 0xD4, 0xC3, 0xEE, 0x3D, 0x21, 0x1E, 0x20, 0x1F, 0xF0, 0xFF, 0x1F, 0x3D, 0x2E
    .byte   0x12, 0xD3, 0xE1, 0x00, 0xE3, 0xD3, 0xD1, 0x3C, 0x4C,   11, 0x0C, 0x13, 0xC5, 0xB4, 0xD2, 0x0E
    .byte   0x3D, 0x4C, 0x3D, 0x21, 0xD4, 0xC5, 0xB3, 0x2C, 0x5B, 0x4D, 0x21, 0xD4, 0xC3, 0xE1, 0x12, 0xE1
    .byte   0x2D, 0x3D, 0x3E, 0x02, 0xD3, 0xD2, 0x1E, 0x3D, 0x20, 0x0F,    1, 0x01, 0xE2, 0xD3, 0xE2, 0xFF
    .byte   0x2D, 0x3D, 0x3E, 0xF1, 0xE3, 0xD3, 0xE1, 0xE2, 0xFE, 0x3D, 0x3C, 0x4D, 0x13, 0xC4, 0xC3, 0x1E
    .byte   0x3D, 0x3D, 0x2E, 0x2F, 0x1E, 0x22, 0xD3, 0xE1, 0xE2, 0xD3, 0xFF,   -1, 0x02, 0x0E, 0x2E, 0x2D
    .byte   0x3D, 0x3E, 0xF3, 0xD2, 0xFE, 0x2F, 0x02, 0xD3, 0xE0, 0xF2, 0xE0, 0x0F, 0x2F, 0x10, 0xE2, 0xE1
    .byte   0x2E, 0x10, 0x1E, 0x3D, 0x2F, 0xE3, 0xD3, 0xEF, 0x1F, 0xF2, 0xD3, 0xE2,    0, 0x0E, 0x3D, 0x3D
    .byte   0x20, 0xF0, 0x1F, 0x12, 0xD2, 0x2D, 0x3D, 0x3E, 0xF3, 0xC5, 0xB4, 0xD2, 0xFE, 0x3C, 0x5B, 0x4D
    .byte   0x2F, 0xE4, 0xC3, 0xD2, 0xF1, 0x2D, 0x3D, 0x3D, 0x3E, 0xE3, 0xD3, 0xE0, 0xE3,   -4, 0x02, 0x1D
    .byte   0x4C, 0x3E, 0x3D, 0x3D, 0x12, 0xD4, 0xC4, 0xC2, 0x3D, 0x2F, 0x2D, 0x3D, 0x21, 0xE3, 0xD3, 0xD3
    .byte   0xEE, 0x3C, 0x4C, 0x4D, 0x22, 0xD3, 0xD3, 0xD3, 0xD2, 0x0E, 0x3C, 0x4D, 0x22, 0xD3,   -1, 0x01
    .byte   0x2D, 0x3E, 0xF1, 0x00, 0x1F, 0xF2, 0xE2, 0xD3, 0xD2, 0x10, 0x2E, 0x2E, 0x2D, 0x3E, 0xF3, 0xC4
    .byte   0xD0, 0x2E, 0x3D, 0x11, 0xF1, 0x00, 0xF2, 0xE1, 0x0F, 0x2D, 0x3E, 0x12, 0xD3, 0xD3, 0xFE,    3
    .byte   0x0E, 0x2D, 0x3F, 0x00, 0xF0, 0xE2, 0x0E, 0x20, 0xE2, 0xFF, 0x2E, 0x12, 0xD3, 0xEE, 0x3D, 0x3D
    .byte   0x2F, 0x02, 0xE2, 0xD3, 0xE0, 0x2E, 0xF2, 0xEF, 0x3D, 0x22, 0xD3, 0xD3, 0xEE, 0x3C, 0x4D, 0xF3
    .byte     -3, 0x02, 0xE1, 0x3C, 0x4D, 0x12, 0xD4, 0xC3, 0xEE, 0x3D, 0x3E, 0x12, 0xD3, 0xD3, 0xD2, 0x1D
    .byte   0x4C, 0x3F, 0x12, 0xD3, 0xD2, 0x1E, 0x3D, 0x11, 0x1F, 0x2F, 0xE2, 0xE0, 0x2E, 0x20, 0xE1, 0x12
    .byte   0xD3,    1, 0x0D, 0x3E, 0x20, 0xF0, 0xF0, 0x02, 0x0E, 0x10, 0xE3, 0xD2, 0x1E, 0x2E, 0x20, 0x1E
    .byte   0x12, 0xD3, 0xE1, 0x1E, 0x2E, 0x22, 0xD3, 0xEE, 0x2E, 0x2F, 0xE3, 0xD2, 0x2E, 0x1F, 0xE3, 0xD2
    .byte   0x1E, 0x3C,    5, 0x0D, 0x22, 0xD3, 0xD2, 0x2D, 0x31, 0xD3, 0xD2, 0x2D, 0x3E, 0xF2, 0xE3, 0xD1
    .byte   0x2D, 0x3E, 0xF3, 0xD0, 0x2D, 0x4D, 0x2E, 0xD4, 0xD2, 0xFF, 0x2D, 0x3D, 0x22, 0xD3, 0xE0, 0x10
    .byte   0x10, 0xF2, 0xD2,    3, 0x0D, 0x4C, 0x3F, 0xD4, 0xC3, 0x1D, 0x3D, 0x3E, 0x12, 0xD3, 0xEE, 0x3D
    .byte   0x22, 0xD3, 0xE1, 0x2D, 0x3D, 0x21, 0xD4, 0xD1, 0x1E, 0x2F, 0x01, 0x1E, 0x0F, 0x20, 0x10, 0xE2
    .byte   0xE2, 0xFF, 0x0F, 0x1E,   -1, 0x01, 0xF2, 0xE0, 0x2E, 0x2F, 0xE2, 0xE1, 0xFF, 0x3D, 0x2F, 0xE3
    .byte   0xE0, 0x2D, 0x21, 0xE2, 0xF1, 0x0E, 0x3D, 0x03, 0xD0, 0x2E, 0x2F, 0xF1, 0x11, 0xE2, 0xFF, 0x0F
    .byte   0x01, 0x1E, 0x21, 0xE2, 0xE1,    3, 0x0D, 0x3D, 0x22, 0xE3, 0xD2, 0xE0, 0x2E, 0x2F, 0xE2, 0xF0
    .byte   0x10, 0xFF, 0xF2, 0xFF, 0x1E, 0x2F, 0x00, 0xF2, 0xE0, 0x1E, 0x3D, 0x22, 0xE1, 0xE2, 0xF0, 0x1E
    .byte   0x11, 0x02, 0xFF, 0x0E, 0x11, 0x11,   -1, 0x02, 0xEF, 0x2E, 0x3D, 0x11, 0xE2, 0xF2, 0xFF, 0x0E
    .byte   0x2F, 0x10, 0x1F, 0xE2, 0xF1, 0xF1, 0xFF, 0x1F, 0x11, 0x0F, 0x1F, 0xF2, 0xE1, 0x0F, 0x01, 0x0F
    .byte   0x10, 0x01, 0x00, 0x0F, 0xF0, 0x00, 0xF1,   -2, 0x02, 0xF0, 0x0F, 0x00, 0xF1, 0x10, 0x1E, 0x2E
    .byte   0x12, 0xE2, 0xEF, 0x10, 0x2E, 0x2E, 0xF1, 0x11, 0x1F, 0xFF, 0x01, 0x01, 0xF0, 0x0F, 0x02, 0xE2
    .byte   0xEE, 0x20, 0x11, 0x0F, 0x0F, 0x10, 0x11, 0xE0,   -2, 0x00, 0x20, 0xF1, 0xE1, 0x1F, 0x2E, 0x2E
    .byte   0x11, 0xE2, 0x00, 0x0E, 0x2E, 0x20, 0x00, 0xF0, 0x01, 0x0F, 0x0F, 0x00, 0x10, 0xF1, 0x00, 0xF1
    .byte   0xF1, 0x00, 0x01, 0xF1, 0x0F, 0x00, 0x1F, 0x0F, 0x01,   -1, 0x01, 0x1E, 0x2F, 0x11, 0xE2, 0xE2
    .byte   0xFE, 0x2E, 0x2F, 0x00, 0x01, 0x0F, 0x0F, 0xF1, 0xF2, 0xFE, 0x2E, 0x21, 0xF0, 0xF0, 0x01, 0x0F
    .byte   0x00, 0xF0, 0x00, 0x10, 0xF0, 0x00, 0x10, 0x1F, 0x11, 0xE2,    1, 0x00, 0x0F, 0x0F, 0x10, 0xF2
    .byte   0xE0, 0xF1, 0x10, 0x2E, 0xF0, 0xF2, 0x0F, 0xFF, 0x01, 0x01, 0x10, 0xE0, 0x10, 0x20, 0xE0, 0x01
    .byte   0x11, 0xF0, 0xFF, 0x01, 0x00, 0x1F, 0xF0, 0x11, 0xF0, 0xF0, 0x10,    1, 0x0F, 0x1F, 0x01, 0xF0
    .byte   0x00, 0x0F, 0x01, 0x00, 0x1F, 0x01, 0xF0, 0x00, 0xF0, 0x01, 0x0F, 0x10, 0x10, 0x11, 0xE1, 0xF1
    .byte   0x01, 0x00, 0xF0, 0xF1, 0x10, 0xFF, 0x00, 0x11, 0x0F, 0x00, 0x01, 0x10,    0, 0x0F, 0x01, 0x01
    .byte   0x10, 0xE0, 0x11, 0x00, 0x0F, 0x00, 0x10, 0x1F, 0xFF, 0x11, 0x11, 0xFF, 0xF1, 0x1F, 0x0F, 0x0F
    .byte   0x10, 0x10, 0x00, 0xF1, 0x01, 0x0F, 0x00, 0x00, 0x10, 0x0F, 0xF0, 0x11, 0xFF,   -1, 0x0F, 0x10
    .byte   0x10, 0x00, 0x00, 0x11, 0x0F, 0xF0, 0x0F, 0x11, 0x0F, 0x0F, 0x10, 0x00, 0x00, 0xF0, 0x01, 0x10
    .byte   0xFF, 0x01, 0xF1, 0xF0, 0x10, 0x1F, 0x10, 0x00, 0xF0, 0x00, 0x1F, 0x0F, 0x11, 0x0F,    0, 0x00
    .byte   0xF0, 0x10, 0xF1, 0x00, 0x01, 0xF0, 0xF1, 0x1F, 0x00, 0xF1, 0xF1, 0xF1, 0x1F, 0xF0, 0x10, 0x01
    .byte   0xFF, 0x1F, 0x10, 0x00, 0x00, 0xF1, 0x1F, 0x00, 0x00, 0x00, 0x1F, 0x00, 0x00, 0x00, 0x00,    0
    .byte   0x0F, 0x01, 0x1F, 0x00, 0x0F, 0x11, 0x0F, 0x1F, 0xF0, 0x01, 0x00, 0x00, 0x1F, 0x1F, 0x00, 0x0F
    .byte   0x10, 0x00, 0x10, 0xFF, 0x01, 0x00, 0x00, 0x0F, 0x10, 0x01, 0xFF, 0x1F, 0x10, 0x1F, 0x00, 0xF1
    .byte      0, 0x0F, 0x10, 0x01, 0x0F, 0x01, 0xF0, 0x00, 0x00, 0x00, 0xF1, 0xF1, 0x1F, 0x00, 0xF1, 0xF1
    .byte   0x1F, 0x00, 0xF1, 0x1F, 0x00, 0x0F, 0x01, 0x00, 0x00, 0x1F, 0x00, 0x00, 0xF1, 0x1F, 0x1F, 0x00
    .byte   0x00,   -1, 0x01, 0x0F, 0x1F, 0x10, 0x00, 0x00, 0x00, 0x10, 0x0F, 0x00, 0x01, 0xF0, 0x10, 0xFF
    .byte   0x10, 0xF0, 0x01, 0x00, 0x1F, 0x00, 0x0F, 0x00, 0x1F, 0x1F, 0x01, 0x0F, 0x1F, 0x1F, 0x1F, 0x01
    .byte   0x00, 0x1F,    0, 0x00, 0x1F, 0x1F, 0x00, 0x1F, 0x00, 0x1F, 0x0F, 0x01, 0x00, 0xF1, 0x0F, 0x1F
    .byte   0x01, 0xF1, 0x00, 0x01, 0xF0, 0x1F, 0x1F, 0x01, 0xFF, 0x10, 0x00, 0x00, 0x1F, 0x10, 0xF1, 0xF0
    .byte   0x00, 0xF1, 0x1F,   -1, 0x01, 0x00, 0x00, 0x0F, 0x10, 0x00, 0x00, 0x00, 0x00, 0xF0, 0x10, 0x0F
    .byte   0x01, 0x00, 0x00, 0x1F, 0x00, 0x00, 0x1F, 0x01, 0x0F, 0x0F, 0x10, 0x00, 0x0F, 0x10, 0x00, 0x0F
    .byte   0x10, 0x00, 0x00, 0xF1,    0, 0x00, 0x00, 0x00, 0x00, 0x00, 0x00, 0x00, 0x00, 0x00, 0x00, 0x00
    .byte   0x00, 0x00, 0x00, 0x01, 0x0F, 0x00, 0x00, 0x00, 0x00, 0x00, 0x1F, 0x00, 0x00, 0x00, 0xF1, 0x00
    .byte   0xF1, 0x00, 0x00, 0x01, 0xF0,    0, 0x00, 0x00, 0x0F, 0x10, 0xF0, 0x10, 0xF0, 0x10, 0x00, 0xF1
    .byte   0x00, 0x00, 0x01, 0xF0, 0x00, 0x00, 0x00, 0x00, 0x1F, 0x00, 0x00, 0x0F, 0x10, 0x00, 0x1F, 0x00
    .byte   0x00, 0x01, 0x0F, 0x01, 0x0F, 0x01,   -1, 0x01, 0x00, 0xF1, 0x01, 0xF0, 0x00, 0x0F, 0x10, 0x00
    .byte   0x0F, 0x1F, 0x10, 0x0F, 0x10, 0x1F, 0x01, 0xF0, 0x0F, 0x10, 0x01, 0xF0, 0x00, 0x00, 0x00, 0x00
    .byte   0x00, 0x00, 0x00, 0x1F, 0x00, 0x00, 0x01,   -1, 0x01, 0x00, 0xF0, 0x10, 0xF1, 0x00, 0xF1, 0x00
    .byte   0x00, 0x00, 0x00, 0x01, 0xF0, 0x01, 0x0F, 0x10, 0xF0, 0x10, 0xF0, 0xF1, 0x00, 0x0F, 0x10, 0x00
    .byte   0x00, 0x00, 0x00, 0xF1, 0x01, 0xF0, 0x00, 0x0F,    0, 0x0F, 0x10, 0xF1, 0x00, 0x1F, 0x1F, 0x00
    .byte   0x1F, 0x00, 0x00, 0xF1, 0x00, 0xF0, 0x1F, 0x10, 0x00, 0x01, 0xF0, 0x00, 0x1F, 0x1F, 0x10, 0xF0
    .byte   0x00, 0x01, 0xF0, 0x00, 0x1F, 0x00, 0x01, 0xF0, 0xF1,    1, 0x0F, 0x01, 0x0F, 0xF1, 0x00, 0x00
    .byte   0x0F, 0x10, 0x00, 0x00, 0x1F, 0x1F, 0x01, 0xF0, 0x00, 0x00, 0x00, 0x00, 0x00, 0x0F, 0x10, 0x00
    .byte   0x00, 0x00, 0x00, 0x0F, 0x1F, 0x10, 0x00, 0xF0, 0x1F, 0x01,    0, 0x00, 0x00, 0x0F, 0x10, 0x00
    .byte   0x00, 0x00, 0x01, 0x0F, 0x0F, 0x10, 0x01, 0xFF, 0x11, 0x0F, 0x00, 0x00, 0x00, 0x00, 0x00, 0xF1
    .byte   0x00, 0x00, 0x01, 0xF0, 0x0F, 0x1F, 0x10, 0xF1, 0x01, 0xF0, 0x00,    0, 0x00, 0x00, 0x01, 0xF1
    .byte   0xF0, 0x00, 0x00, 0x0F, 0x01, 0x00, 0x00, 0x00, 0xF0, 0x10, 0x1F, 0x01, 0xF0, 0x00, 0x00, 0xF1
    .byte   0x1F, 0x1F, 0x00, 0x00, 0x0F, 0x01, 0x00, 0x00, 0x00, 0x10, 0xF0, 0x00,   -1, 0x01, 0x00, 0x00
    .byte   0xF1, 0x00, 0x00, 0xF1, 0x00, 0xF1, 0x00, 0x00, 0x00, 0x0F, 0x01, 0x00, 0x00, 0x01, 0xF0, 0x1F
    .byte   0xF0, 0x10, 0x00, 0x00, 0x00, 0x00, 0x00, 0x1F, 0x00, 0x00, 0x00, 0x0F, 0x10,    0, 0x01, 0xF0
    .byte   0x01, 0xF0, 0x01, 0xF0, 0x00, 0x00, 0x00, 0x10, 0xF0, 0x00, 0x0F, 0x10, 0x00, 0x00, 0x00, 0x00
    .byte   0x00, 0xF1, 0xF1, 0x00, 0x00, 0xF1, 0x00, 0x00, 0x00, 0x00, 0x1F, 0x01, 0xF0, 0x00,    0, 0x0F
    .byte   0x11, 0xF0, 0xF1, 0x00, 0x00, 0x00, 0x00, 0x00, 0x1F, 0x00, 0x00, 0x00, 0x00, 0x0F, 0x10, 0x00
    .byte   0x00, 0xF1, 0x00, 0x1F, 0x0F, 0x10, 0x00, 0x00, 0x00, 0x0F, 0x10, 0xF1, 0x01, 0xF0, 0x01,    0
    .byte   0x01, 0xF0, 0x00, 0xF1, 0x01, 0x0F, 0x00, 0xF1, 0x00, 0x00, 0x00, 0x0F, 0x10, 0x00, 0x00, 0x00
    .byte   0x01, 0xF0, 0xF1, 0x00, 0x00, 0x00, 0x00, 0x00, 0x00, 0x00, 0x01, 0xF0, 0x00, 0x00, 0x0F, 0x11
    .byte      1, 0x00, 0xF0, 0xF1, 0x00, 0xF0, 0x10, 0x00, 0x1F, 0x00, 0xF1, 0x0F, 0x10, 0x00, 0x00, 0x10
    .byte   0xFF, 0x10, 0x00, 0x00, 0x00, 0x1F, 0x0F, 0x01, 0x00, 0x00, 0x0F, 0x10, 0x1F, 0x00, 0x1F, 0x00
    .byte   0x1F,    1, 0x0F, 0x00, 0x00, 0x00, 0x00, 0x00, 0x00, 0x0F, 0x10, 0xF1, 0x00, 0x01, 0xF0, 0x00
    .byte   0xF1, 0x1F, 0x00, 0x0F, 0x10, 0x00, 0x0F, 0x10, 0x00, 0xF1, 0x0F, 0x10, 0x00, 0x01, 0xF0, 0xF1
    .byte   0x00, 0xF0,    0, 0x00, 0x00, 0x00, 0x00, 0x00, 0x00, 0x00, 0x10, 0xF0, 0x00, 0x00, 0x01, 0x0F
    .byte   0x00, 0x00, 0x00, 0x00, 0x00, 0xF0, 0x10, 0x00, 0x00, 0x00, 0x00, 0x00, 0x01, 0xFF, 0x1F, 0x1F
    .byte   0x10, 0x00, 0x0F,    0, 0x00, 0xF1, 0x00, 0x00, 0x1F, 0x00, 0x10, 0x0F, 0x0F, 0x11, 0xFF, 0x10
    .byte   0x00, 0x00, 0x00, 0x1F, 0xF1, 0x00, 0x00, 0x01, 0x0F, 0x00, 0x01, 0x00, 0xF0, 0x00, 0x01, 0xF0
    .byte   0x00, 0x0F, 0x10, 0xF0,    0, 0x00, 0x00, 0x00, 0x00, 0x01, 0xF0, 0x00, 0x00, 0x00, 0x00, 0x00
    .byte   0x00, 0x00, 0x00, 0x1F, 0x00, 0x00, 0x1F, 0xF1, 0x00, 0x00, 0xF1, 0x00, 0x00, 0x01, 0xFF, 0x10
    .byte   0x0F, 0x01, 0x00, 0x00, 0x00,    0, 0x0F, 0x01, 0x00, 0x1F, 0x1F, 0x0F, 0x10, 0x0F, 0x11, 0xFF
    .byte   0x11, 0xFF, 0x10, 0x00, 0x00, 0x0F, 0x10, 0x00, 0x1F, 0x00, 0x01, 0xF0, 0x00, 0xF1, 0x00, 0x00
    .byte   0x00, 0xF1, 0x00, 0x00, 0x0F, 0x1F,    0, 0x00, 0x00, 0x00, 0x00, 0x00, 0x00, 0x01, 0xF0, 0x00
    .byte   0x01, 0xF0, 0x00, 0x00, 0x00, 0x00, 0x00, 0x00, 0xF1, 0x00, 0x01, 0xF0, 0xF1, 0x00, 0xF1, 0x00
    .byte   0x10, 0xF0, 0x00, 0x00, 0x00, 0x01, 0xF0,    0, 0x00, 0x01, 0xFF, 0x10, 0x00, 0xF1, 0x00, 0x00
    .byte   0x00, 0x1F, 0xF1, 0x00, 0xF1, 0x00, 0x1F, 0x00, 0x00, 0x00, 0x00, 0xF1, 0x00, 0x01, 0xF0, 0x00
    .byte   0x00, 0x00, 0x00, 0x1F, 0x00, 0x00, 0x01, 0xF0,    0, 0x00, 0x00, 0x00, 0x00, 0x00, 0x01, 0xF0
    .byte   0x0F, 0x10, 0x00, 0x00, 0x00, 0x00, 0xF1, 0x0F, 0x10, 0x0F, 0x10, 0x1F, 0x01, 0xF0, 0x10, 0xF0
    .byte   0x1F, 0x00, 0xF1, 0x00, 0x01, 0xF0, 0x0F, 0x11, 0xFF,    0, 0x00, 0x00, 0x00, 0x00, 0x0F, 0x10
    .byte   0xF1, 0x00, 0x00, 0x1F, 0x00, 0xF1, 0x00, 0x0F, 0x10, 0x01, 0x0F, 0xF1, 0x01, 0x0F, 0x0F, 0x10
    .byte   0x1F, 0x00, 0x01, 0x0F, 0x01, 0xF0, 0x00, 0x00, 0x00, 0x00,    0, 0x00, 0xF1, 0x00, 0x10, 0xFF
    .byte   0x10, 0x1F, 0x00, 0x01, 0xF0, 0x0F, 0x10, 0x00, 0x00, 0x00, 0x00, 0xF1, 0x00, 0x00, 0x1F, 0x00
    .byte   0x00, 0x0F, 0x01, 0x0F, 0x1F, 0x01, 0x00, 0x00, 0x01, 0xF0, 0x0F,    0, 0x00, 0x00, 0x00, 0xF1
    .byte   0x00, 0x00, 0x00, 0x00, 0x01, 0xF0, 0xF1, 0x00, 0x00, 0x00, 0xF1, 0x00, 0xF1, 0x1F, 0x0F, 0x1F
    .byte   0x10, 0x00, 0x01, 0xF0, 0x0F, 0x1F, 0x10, 0x01, 0xF0, 0x00, 0x00, 0x1F,   -1, 0x01, 0xF1, 0x00
    .byte   0x0F, 0x10, 0x00, 0x00, 0x0F, 0x00, 0x10, 0x00, 0x1F, 0x00, 0x00, 0x0F, 0x11, 0xF0, 0x1F, 0x0F
    .byte   0x01, 0x00, 0x10, 0xF1, 0xF0, 0x00, 0x00, 0xF1, 0xF1, 0xF0, 0x10, 0x00, 0x0F,    0, 0x00, 0x00
    .byte   0x00, 0x00, 0x00, 0x00, 0x0F, 0x10, 0x00, 0x00, 0x0F, 0x10, 0x00, 0x10, 0xF0, 0xF1, 0x1F, 0x01
    .byte   0xF0, 0x00, 0xF0, 0x11, 0xF0, 0x00, 0x00, 0x00, 0x00, 0x00, 0x00, 0x0F, 0x10, 0x0F,    0, 0x00
    .byte   0x00, 0x00, 0x01, 0xF0, 0x01, 0xF0, 0x00, 0x01, 0x0F, 0x00, 0x00, 0x00, 0x01, 0xF0, 0x1F, 0x01
    .byte   0xF0, 0xF1, 0x0F, 0x01, 0xF1, 0x00, 0x00, 0x00, 0x0F, 0x10, 0x00, 0xF1, 0x00, 0x00, 0x00,    0
    .byte   0x01, 0xF0, 0x10, 0xF0, 0x00, 0x10, 0xF0, 0x00, 0x1F, 0x00, 0xF0, 0x10, 0x0F, 0x10, 0x00, 0x00
    .byte   0x00, 0x10, 0xF0, 0x10, 0x0F, 0x00, 0x00, 0xF1, 0x0F, 0x10, 0x00, 0x00, 0x00, 0x00, 0x00, 0x00
    .byte      0, 0x0F, 0x10, 0x00, 0x00, 0x00, 0x0F, 0x01, 0x00, 0x00, 0x0F, 0x10, 0x00, 0xF1, 0x00, 0x1F
    .byte   0x1F, 0x00, 0x1F, 0x00, 0x00, 0x01, 0xFF, 0x10, 0x0F, 0x10, 0x1F, 0x00, 0x00, 0x1F, 0x00, 0x0F
    .byte   0x10,   -1, 0x01, 0x01, 0xF0, 0x00, 0xF1, 0xF0, 0x11, 0xF0, 0x1F, 0x1F, 0x00, 0x00, 0x0F, 0x11
    .byte   0xF0, 0x01, 0xF1, 0xF0, 0x00, 0x0F, 0x01, 0x00, 0x00, 0x00, 0x00, 0x00, 0x0F, 0x01, 0x00, 0x00
    .byte   0x0F, 0x10,    0, 0x00, 0xF0, 0x10, 0xF1, 0x0F, 0x1F, 0x01, 0xF1, 0x0F, 0x10, 0x00, 0x00, 0x01
    .byte   0xF0, 0x1F, 0xF0, 0x11, 0xF0, 0x00, 0x00, 0x00, 0xF1, 0x1F, 0x00, 0x00, 0x00, 0xF1, 0x00, 0x10
    .byte   0xF0, 0x00, 0x1F,    0, 0x00, 0x1F, 0x01, 0xF0, 0x00, 0x1F, 0x10, 0xF0, 0x00, 0x00, 0x00, 0x00
    .byte   0xF1, 0x00, 0x01, 0xF0, 0x00, 0x00, 0x00, 0x00, 0x00, 0x01, 0xFF, 0x11, 0x0F, 0x00, 0x00, 0xF1
    .byte   0x00, 0x00, 0x01, 0x0F,    0, 0x0F, 0x10, 0x0F, 0x10, 0x00, 0x00, 0x00, 0x01, 0x0F, 0x01, 0xF0
    .byte   0xF1, 0x1F, 0x00, 0x00, 0x1F, 0x00, 0x00, 0x0F, 0x1F, 0x10, 0x0F, 0x01, 0x00, 0x00, 0x00, 0xF1
    .byte   0x00, 0x00, 0x00, 0x1F, 0x00,    1, 0x0F, 0x1F, 0xF1, 0x10, 0xF0, 0x00, 0x00, 0xF1, 0x00, 0x1F
    .byte   0x00, 0x00, 0x00, 0x10, 0xF0, 0xF1, 0x00, 0x01, 0xFF, 0x10, 0x00, 0x01, 0xF0, 0x00, 0x01, 0x00
    .byte   0xF0, 0x0F, 0x10, 0xF0, 0x11, 0xF0,    0, 0x00, 0x00, 0x0F, 0x1F, 0x1F, 0x10, 0x00, 0x01, 0xFF
    .byte   0x10, 0x00, 0xF0, 0x11, 0xF0, 0xF1, 0xF1, 0x1F, 0x00, 0xF1, 0xF1, 0x00, 0x00, 0xF1, 0x1F, 0xF1
    .byte   0x00, 0x0F, 0x10, 0x00, 0x00, 0xF1, 0x1F,    0, 0x00, 0xF1, 0x00, 0x00, 0x00, 0x00, 0x00, 0x00
    .byte   0x1F, 0x1F, 0x00, 0x00, 0x00, 0x00, 0x00, 0x00, 0x00, 0x0F, 0x10, 0x1F, 0x00, 0xF0, 0x10, 0x00
    .byte   0x1F, 0x00, 0x1F, 0x00, 0x01, 0x00, 0xF0, 0x00,    0, 0x0F, 0x01, 0x01, 0xF0, 0x00, 0x00, 0x1F
    .byte   0x00, 0x1F, 0x0F, 0x10, 0x00, 0x00, 0x1F, 0x0F, 0x11, 0xF0, 0x01, 0xF0, 0x00, 0x00, 0x00, 0x1F
    .byte   0x1F, 0xF1, 0x00, 0x00, 0x00, 0x1F, 0x00, 0xF1, 0xF1,    0, 0x00, 0x00, 0x00, 0x00, 0x00, 0x00
    .byte   0x00, 0x0F, 0x11, 0xF1, 0xFF, 0x11, 0x0F, 0x01, 0xF0, 0x00, 0x00, 0x00, 0x00, 0xF1, 0xF0, 0x01
    .byte   0x00, 0x00, 0x00, 0x00, 0x0F, 0x10, 0x00, 0xF0, 0x10, 0x00,   -1, 0x01, 0x0F, 0x10, 0x00, 0x00
    .byte   0x1F, 0xF1, 0x00, 0x00, 0x01, 0xF0, 0x00, 0x00, 0x1F, 0xF1, 0x00, 0x01, 0xF1, 0xF0, 0x00, 0x01
    .byte   0xFF, 0x10, 0x00, 0x0F, 0x10, 0x00, 0x0F, 0x10, 0x00, 0x00, 0xF1,    0, 0x0F, 0x10, 0x00, 0x00
    .byte   0x1F, 0x00, 0x00, 0x00, 0xF0, 0x00, 0x10, 0x00, 0x00, 0x10, 0xF1, 0xFF, 0x10, 0x0F, 0x10, 0x00
    .byte   0x01, 0x0F, 0x00, 0xF1, 0x00, 0xF1, 0x00, 0x1F, 0x0F, 0x10, 0x00, 0x1F,    0, 0x01, 0xF0, 0x00
    .byte   0x0F, 0x11, 0x0F, 0x01, 0xF0, 0x1F, 0x00, 0x1F, 0x00, 0x00, 0x00, 0x00, 0x00, 0x00, 0x00, 0x00
    .byte   0x00, 0x0F, 0x01, 0x00, 0x00, 0x00, 0x01, 0xF0, 0x00, 0xF1, 0x00, 0x00, 0xF1,    0, 0x00, 0x00
    .byte   0x00, 0x00, 0x01, 0xF0, 0x00, 0x00, 0x1F, 0x00, 0x00, 0x0F, 0x10, 0x1F, 0x01, 0xF0, 0x00, 0x10
    .byte   0xF0, 0x00, 0x00, 0xF1, 0x10, 0xF0, 0x00, 0x01, 0xF0, 0x00, 0x00, 0x00, 0x0F, 0x10,    0, 0x00
    .byte   0xF1, 0x00, 0xF1, 0x10, 0x0F, 0x0F, 0x1F, 0x10, 0x00, 0x01, 0xF0, 0x00, 0x01, 0x00, 0xF1, 0xF0
    .byte   0x00, 0x00, 0x00, 0x00, 0x00, 0x00, 0x01, 0xF0, 0x0F, 0x10, 0x1F, 0x0F, 0x1F, 0x01, 0x00,    0
    .byte   0x01, 0xFF, 0x10, 0x00, 0xF1, 0x00, 0x1F, 0x00, 0x00, 0x00, 0x00, 0x00, 0x00, 0xF1, 0x00, 0x00
    .byte   0x00, 0x00, 0x00, 0x1F, 0x10, 0xF0, 0x00, 0x00, 0x00, 0x00, 0x00, 0xF1, 0x00, 0x01, 0xF1, 0xF0
    .byte      0, 0x00, 0x00, 0xF1, 0x0F, 0x11, 0xF0, 0x01, 0xF0, 0xF1, 0x00, 0x00, 0x00, 0x00, 0x0F, 0x10
    .byte   0x00, 0x0F, 0x10, 0x00, 0x00, 0x01, 0xF0, 0x00, 0x00, 0x00, 0x00, 0x0F, 0x01, 0xF1, 0x10, 0x0F
    .byte   0x00,    0, 0x00, 0x00, 0xF1, 0x00, 0x00, 0x00, 0xF1, 0x00, 0xF1, 0x00, 0x01, 0xF0, 0xF1, 0x00
    .byte   0x00, 0x0F, 0x11, 0x0F, 0xF1, 0xF1, 0x00, 0x00, 0x00, 0x00, 0x1F, 0x00, 0xF0, 0x01, 0x00, 0x1F
    .byte   0x00, 0x00,    0, 0x00, 0x00, 0x0F, 0x10, 0x00, 0x01, 0xFF, 0x10, 0x1F, 0x10, 0xF0, 0x01, 0xF1
    .byte   0xF0, 0x00, 0x00, 0xF0, 0x10, 0x1F, 0x00, 0x01, 0xF0, 0x00, 0x00, 0xF1, 0x0F, 0x1F, 0x10, 0x0F
    .byte   0x10, 0x0F, 0x10,    0, 0x00, 0x00, 0x1F, 0x1F, 0x00, 0x1F, 0x0F, 0x10, 0x00, 0x00, 0xF1, 0xF1
    .byte   0x00, 0x00, 0x1F, 0x00, 0x00, 0x00, 0x00, 0x00, 0xF0, 0x10, 0x00, 0x00, 0x00, 0x0F, 0x1F, 0x1F
    .byte   0x1F, 0x10, 0x1F, 0x10,    0, 0x00, 0x00, 0x00, 0x00, 0xF1, 0x00, 0x00, 0x10, 0xF0, 0xF1, 0x1F
    .byte   0x00, 0x00, 0x01, 0x0F, 0x00, 0x1F, 0x00, 0x00, 0x00, 0x01, 0xF0, 0x01, 0x0F, 0xF1, 0x1F, 0x00
    .byte   0x01, 0xF0, 0x01, 0xF0, 0xF1,    0, 0x00, 0xF1, 0x00, 0x00, 0x00, 0x0F, 0x10, 0x1F, 0x00, 0x00
    .byte   0x00, 0x01, 0xF0, 0x1F, 0x00, 0xF1, 0x00, 0x1F, 0xF1, 0x01, 0x00, 0xF0, 0x0F, 0x1F, 0x10, 0x00
    .byte   0x00, 0x00, 0x00, 0x00, 0x00, 0x00,   -1, 0x00, 0x10, 0x01, 0xF1, 0xF1, 0x0F, 0xF1, 0x00, 0x00
    .byte   0x00, 0x00, 0x00, 0x00, 0x00, 0x00, 0xF1, 0x1F, 0xF1, 0x0F, 0x10, 0x1F, 0x00, 0xF1, 0x00, 0x00
    .byte   0x00, 0x00, 0x00, 0x00, 0x00, 0x00, 0x0F,    0, 0x00, 0x00, 0x00, 0x00, 0x00, 0x00, 0x00, 0x00
    .byte   0x00, 0x00, 0x00, 0xF0, 0x10, 0x00, 0x0F, 0x10, 0xF1, 0x00, 0xF1, 0xF1, 0x00, 0x1F, 0x00, 0xF1
    .byte   0x00, 0x00, 0x00, 0x00, 0x00, 0x00, 0x00, 0x00,    0, 0x00, 0x0F, 0x11, 0xFF, 0x10, 0x00, 0x00
    .byte   0x0F, 0x01, 0x00, 0x01, 0xF0, 0x00, 0x00, 0x00, 0x00, 0x00, 0x00, 0x00, 0x00, 0x01, 0xF0, 0x00
    .byte   0x0F, 0x1F, 0x10, 0x00, 0x01, 0x0F, 0x00, 0x0F, 0x10,    0, 0x01, 0xF0, 0xF1, 0xF0, 0x10, 0x0F
    .byte   0x10, 0x00, 0x0F, 0x10, 0x00, 0x0F, 0x01, 0x00, 0x00, 0x0F, 0x10, 0x00, 0x1F, 0x01, 0xF0, 0x00
    .byte   0x01, 0x0F, 0x01, 0xFF, 0x01, 0x01, 0xF0, 0x0F, 0x1F, 0x10,    0, 0x00, 0x00, 0x00, 0x0F, 0x10
    .byte   0x1F, 0xF1, 0xF1, 0x00, 0x00, 0x00, 0x00, 0xF1, 0xF0, 0x10, 0x00, 0x01, 0xF0, 0x00, 0x00, 0x00
    .byte   0x00, 0x00, 0xF1, 0x00, 0x00, 0xF1, 0x00, 0x1F, 0x0F, 0x1F, 0x10,    0, 0x00, 0x00, 0x00, 0x00
    .byte   0x00, 0x00, 0x00, 0xF1, 0x00, 0x0F, 0x10, 0x00, 0xF1, 0x00, 0x00, 0x1F, 0x00, 0xF1, 0x00, 0x00
    .byte   0x00, 0x01, 0x0F, 0x00, 0x01, 0xF0, 0x00, 0x00, 0x00, 0x00, 0x00, 0x1F,    0, 0x01, 0xF1, 0xF0
    .byte   0xF1, 0x00, 0x00, 0x01, 0xF0, 0x0F, 0x01, 0x00, 0xF1, 0x00, 0xF1, 0x00, 0x00, 0x00, 0xF1, 0x1F
    .byte   0x1F, 0x00, 0xF1, 0xF1, 0xF0, 0x10, 0x00, 0xF1, 0x00, 0x00, 0x00, 0x00, 0x00,    0, 0x00, 0x00
    .byte   0x00, 0x01, 0xF0, 0x1F, 0x00, 0x00, 0x00, 0x00, 0x00, 0x0F, 0x1F, 0x10, 0x00, 0x1F, 0xF1, 0x00
    .byte   0x00, 0x00, 0x00, 0x00, 0x0F, 0x10, 0x00, 0x1F, 0x00, 0x00, 0x00, 0x00, 0x0F, 0x10,    0, 0x00
    .byte   0xF1, 0x0F, 0x10, 0x00, 0x0F, 0x10, 0x01, 0xF0, 0x00, 0x00, 0x00, 0x00, 0x00, 0x00, 0x00, 0x00
    .byte   0x00, 0x01, 0xF0, 0x01, 0xF0, 0xF1, 0x00, 0x00, 0x00, 0x00, 0x00, 0x00, 0xF1, 0x1F, 0x00,   -1
    .byte   0x01, 0x00, 0x0F, 0x1F, 0x01, 0x1F, 0xF0, 0x10, 0x01, 0x0F, 0x00, 0x1F, 0x10, 0xFF, 0x1F, 0x10
    .byte   0xF0, 0x10, 0x00, 0x00, 0x00, 0x00, 0x0F, 0x1F, 0x10, 0x00, 0x1F, 0x00, 0x1F, 0xF1, 0x00, 0x01
    .byte     -1, 0x01, 0x01, 0xFF, 0x10, 0x00, 0xF1, 0x01, 0x0F, 0x00, 0x00, 0x1F, 0x1F, 0x00, 0xF1, 0x00
    .byte   0x00, 0x1F, 0x1F, 0x00, 0x01, 0x0F, 0x0F, 0x10, 0x00, 0x01, 0xF0, 0x00, 0x01, 0xF0, 0xF1, 0x00
    .byte   0x00,   -1, 0x00, 0x10, 0xF1, 0xF1, 0x01, 0xF0, 0x0F, 0x10, 0x0F, 0x10, 0x0F, 0x10, 0x00, 0x00
    .byte   0x01, 0xF0, 0x00, 0x00, 0x00, 0x00, 0x00, 0x00, 0xF1, 0x0F, 0x10, 0xF1, 0xF1, 0x01, 0x00, 0xF0
    .byte   0x1F, 0x0F,    1, 0x0F, 0x00, 0x00, 0x00, 0x00, 0x00, 0x01, 0xF0, 0xF1, 0x00, 0x0F, 0x11, 0xF0
    .byte   0x01, 0xF0, 0x00, 0xF1, 0x00, 0x00, 0x00, 0x01, 0xF0, 0x00, 0x00, 0x0F, 0x10, 0xF0, 0x10, 0x00
    .byte   0xF1, 0x1F, 0x00,    0, 0x00, 0x00, 0x00, 0x0F, 0x10, 0x00, 0x00, 0x01, 0xF0, 0x00, 0x0F, 0x10
    .byte   0x00, 0x0F, 0x11, 0xF0, 0x00, 0x10, 0xF1, 0xF1, 0xF0, 0xF0, 0x10, 0x00, 0xF1, 0x00, 0x00, 0x00
    .byte   0x00, 0x00, 0x00, 0x01,   -1, 0x01, 0x01, 0xF1, 0xF0, 0x1F, 0x00, 0xF1, 0x00, 0x1F, 0x00, 0x00
    .byte   0x1F, 0x00, 0x01, 0xF0, 0xF1, 0x00, 0x1F, 0x01, 0x0F, 0x00, 0x00, 0x01, 0xFF, 0x10, 0x00, 0x00
    .byte   0xF1, 0x00, 0x00, 0x00, 0x00,   -1, 0x01, 0xF1, 0x01, 0xF1, 0x01, 0x02, 0x4C, 0xED, 0xD2, 0x13
    .byte   0x4C, 0x13, 0x23, 0xCD, 0xD1, 0x01, 0x23, 0x32, 0xBE, 0x13, 0x3C, 0xE0, 0x24, 0x3E, 0xDC, 0x23
    .byte   0x3F, 0xED, 0xF3, 0x32, 0x1C, 0xE1,    1, 0x02, 0x1E, 0xEF, 0x03, 0x00, 0xEE, 0x02, 0x11, 0xEF
    .byte   0x00, 0x11, 0xF0, 0xF0, 0x10, 0x0F, 0xF1, 0x11, 0xFF, 0x00, 0x10, 0xFF, 0xF0, 0x20, 0x0F, 0x11
    .byte   0x22, 0xEE, 0xEE, 0x12, 0x10, 0xF0, 0x12,    7, 0x0F, 0xEE, 0x0F, 0x20, 0xF0, 0xE2, 0x10, 0x2E
    .byte   0x0F, 0xE2, 0xF1, 0xE1, 0x1F, 0x10, 0x10, 0xF0, 0x10, 0x10, 0x10, 0xF1, 0xF1, 0x1F, 0x00, 0xF0
    .byte   0x01, 0x00, 0xF1, 0x00, 0xF1, 0x00, 0xF0, 0x10,    0, 0x00, 0x10, 0xFF, 0x00, 0xF0, 0xF1, 0x00
    .byte   0x11, 0x0F, 0x1E, 0x10, 0x10, 0xF1, 0x01, 0x10, 0x0F, 0x00, 0xF1, 0x01, 0x00, 0x10, 0x20, 0xF1
    .byte   0xF0, 0x10, 0x10, 0xF2, 0xF1, 0x00, 0x0F, 0xFF, 0xFF,    2, 0x0F, 0x0F, 0x0F, 0xF1, 0xE0, 0x0E
    .byte   0xFE, 0xF0, 0xEF, 0xFF, 0xFF, 0xF0, 0x00, 0xF0, 0xFF, 0x12, 0x21, 0x23, 0x33, 0x23, 0x33, 0x22
    .byte   0x30, 0xFE, 0x00, 0xEE, 0xDE, 0xED, 0xFE, 0xDE, 0xD0, 0xEE,  -13, 0x00, 0x1F, 0x22, 0x10, 0xE1
    .byte   0xFE, 0xFD, 0xFD, 0xDE, 0xEE, 0xDE, 0xED, 0x0F, 0x22, 0x13, 0x44, 0x43, 0x44, 0x34, 0x34, 0x02
    .byte   0x0E, 0x3D, 0xED, 0xDE, 0xCD, 0xED, 0xCD, 0xED, 0x1F, 0x02, 0xE3,   -8, 0x03, 0x4E, 0x32, 0x22
    .byte   0x11, 0xDD, 0xFF, 0xED, 0xDD, 0xD1, 0xE2, 0xEE, 0xFF, 0x32, 0xF2, 0xE1, 0xFF, 0x0E, 0xED, 0xDD
    .byte   0xED, 0xFE, 0xF2, 0x34, 0x44, 0x44, 0x44, 0x34, 0x32, 0x11, 0x2E, 0xED,   66, 0x0D, 0xCD, 0xDC
    .byte   0xDC, 0xEE, 0xD2, 0xE2, 0x22, 0x43, 0x32, 0x23, 0x22, 0xF0, 0xEE, 0xEE, 0xED, 0xCE, 0xFE, 0xEE
    .byte   0xF0, 0x12, 0x21, 0x11, 0x11, 0xE0, 0xD0, 0xED, 0xED, 0xDE, 0xD1, 0xE1, 0x23,  -37, 0x03, 0x44
    .byte   0x35, 0x34, 0x41, 0x21, 0x22, 0xED, 0xED, 0xCD, 0xDD, 0xCC, 0xD1, 0xD0, 0xEF, 0x31, 0x33, 0x23
    .byte   0x13, 0x31, 0x2E, 0xF1, 0xEE, 0xEE, 0xDD, 0xEE, 0xED, 0xFF, 0xF1, 0x01, 0x2F, 0x02,  -21, 0x0E
    .byte   0xE0, 0xEE, 0xEE, 0xDE, 0xDD, 0x20, 0xE2, 0x25, 0x43, 0x43, 0x53, 0x35, 0x12, 0x12, 0x2F, 0xED
    .byte   0xFC, 0xDD, 0xCE, 0xCC, 0x1D, 0xFE, 0xE2, 0x23, 0x23, 0x22, 0x33, 0x2F, 0x11, 0xFF, 0xEF,   17
    .byte   0x0D, 0xEE, 0xED, 0xDF, 0x0E, 0xF0, 0x11, 0x02, 0x1F, 0x0E, 0xFF, 0xEE, 0xEE, 0xED, 0xFD, 0xF1
    .byte   0xE2, 0x13, 0x52, 0x43, 0x35, 0x34, 0x32, 0x22, 0x22, 0xEE, 0xED, 0xDE, 0xDD, 0xDC, 0xFD, 0xEE
    .byte    -17, 0x02, 0x02, 0x22, 0x30, 0x23, 0x21, 0x11, 0x00, 0xEF, 0xFD, 0xEE, 0xEE, 0xDD, 0x1E, 0xEF
    .byte   0x00, 0xFF, 0x20, 0xFF, 0xF0, 0xEF, 0xFE, 0xEE, 0xE0, 0xFD, 0xE2, 0x12, 0x24, 0x32, 0x43, 0x43
    .byte   0x24,   54, 0x02, 0x22, 0x21, 0xFE, 0xFF, 0xDF, 0xDD, 0xDD, 0xFD, 0xED, 0x01, 0x10, 0x22, 0x11
    .byte   0x32, 0x1F, 0x02, 0x10, 0xFE, 0xFE, 0xEE, 0xDE, 0xEE, 0xEE, 0xEE, 0xE0, 0x01, 0xFF, 0xF1, 0x0F
    .byte   0x00, 0xFF,  -37, 0x0F, 0xFF, 0xFF, 0x0E, 0x02, 0x00, 0x33, 0x31, 0x33, 0x33, 0x23, 0x3F, 0x13
    .byte   0x3E, 0xE0, 0x2E, 0xEE, 0xED, 0xDF, 0x1D, 0xD0, 0x1F, 0x00, 0x11, 0x02, 0x30, 0xE0, 0x22, 0xEF
    .byte   0xEF, 0xFF, 0x0E,    1, 0x0E, 0xE0, 0xED, 0xFD, 0xF1, 0x0F, 0xE0, 0x12, 0x0E, 0xF0, 0x12, 0x0E
    .byte   0x01, 0x11, 0x1F, 0xFF, 0x03, 0x0F, 0xF1, 0x41, 0x2F, 0x13, 0x23, 0x11, 0x11, 0x33, 0xFE, 0x10
    .byte   0x21, 0x0E, 0xDE, 0x31,   27, 0x0D, 0xF2, 0x1E, 0xE2, 0xEF, 0x3F, 0xEF, 0x02, 0x2D, 0xF2, 0xED
    .byte   0x11, 0xED, 0x10, 0xFE, 0xD2, 0x0D, 0x01, 0xFD, 0x03, 0x2E, 0xD2, 0x3E, 0xD4, 0x2D, 0xD2, 0x3F
    .byte   0xEE, 0x23, 0xD1, 0x3F, 0xD3,   -9, 0x01, 0xFD, 0x33, 0x2C, 0x24, 0xFF, 0x0E, 0x23, 0xE1, 0x1E
    .byte   0xE4, 0x4B, 0x02, 0x03, 0x2D, 0xE2, 0xE3, 0x2D, 0xC4, 0x2D, 0x4D, 0xC4, 0x2D, 0xD2, 0x01, 0x3F
    .byte   0xB1, 0x40, 0x3C, 0xC1, 0x33, 0x3B,  -33, 0x05, 0x4D, 0x1F, 0xC2, 0x02, 0x4E, 0xAE, 0x5E, 0x4C
    .byte   0xB4, 0x33, 0x0F, 0xDC, 0x53, 0xEC, 0xDE, 0x62, 0xA6, 0xCB, 0x64, 0xBD, 0xB5, 0x6D, 0xA2, 0x5F
    .byte   0x13, 0xDC, 0x4E, 0x5E, 0x95, 0x6B, 0xD2,    0, 0x03, 0x5B, 0xD4, 0xCD, 0x7E, 0x85, 0x4D, 0x5C
    .byte   0xB4, 0x4C, 0x25, 0xAC, 0x54, 0xD1, 0xB2, 0x5F, 0xC1, 0x0C, 0x41, 0x2E, 0xCC, 0x54, 0xDD, 0xE2
    .byte   0xD5, 0xC4, 0xE9, 0x47, 0x2A, 0xC3, 0x44, 0x3A,  -21, 0x04, 0xC7, 0xE8, 0x06, 0x44, 0xAA, 0x63
    .byte   0x40, 0xCB, 0x15, 0x52, 0x9B, 0x74, 0xDD, 0xCD, 0x35, 0xE1, 0xBB, 0x75, 0xBB, 0xD5, 0x32, 0xEB
    .byte   0x24, 0x34, 0xBA, 0x55, 0xE1, 0xAC, 0x7F, 0xE4, 0xAB,    8, 0x04, 0xB2, 0xA2, 0x7F, 0xBB, 0x7D
    .byte   0xF3, 0xB2, 0xD5, 0x4B, 0xBD, 0x75, 0xAB, 0xD6, 0xE4, 0xDB, 0xE2, 0x63, 0xBA, 0x36, 0x4B, 0xB4
    .byte   0x5A, 0x45, 0xAD, 0x5D, 0xE4, 0xC1, 0x6A, 0xB7, 0xEB, 0x22,  -18, 0x05, 0x4A, 0xE5, 0xC1, 0x78
    .byte   0xC7, 0xCE, 0x78, 0xD7, 0xDF, 0xF1, 0x97, 0x59, 0x34, 0xEB, 0x46, 0xAF, 0x01, 0x33, 0xB0, 0x6A
    .byte   0xE6, 0x0A, 0x16, 0xCC, 0x5A, 0x37, 0xAB, 0x7F, 0x86, 0x6E, 0x84,   -3, 0x05, 0x2A, 0xE5, 0xDD
    .byte   0x6B, 0x09, 0x77, 0x99, 0x71, 0xD6, 0xAC, 0x5C, 0x37, 0x99, 0x77, 0xAB, 0x31, 0x33, 0xCC, 0x6B
    .byte   0xC7, 0xE8, 0x66, 0xAC, 0x6C, 0x10, 0xB5, 0x78, 0xC7, 0xCD, 0x5B, 0x2F,  -22, 0x06, 0x4A, 0xB5
    .byte   0x5D, 0xDC, 0xF4, 0x4D, 0xC2, 0xE2, 0x5C, 0xA5, 0x30, 0x3D, 0xB4, 0x6A, 0x23, 0xCE, 0x6D, 0xBE
    .byte   0x33, 0x41, 0x86, 0x6B, 0x12, 0xBD, 0x64, 0xBD, 0x12, 0x42, 0xDA, 0x54, 0xDD,   21, 0x0A, 0x15
    .byte   0xED, 0xED, 0x45, 0xAE, 0x33, 0xD3, 0x0D, 0x2E, 0x34, 0xCA, 0x63, 0xC1, 0xE3, 0xD3, 0x1E, 0xE1
    .byte   0xF2, 0x4A, 0x43, 0x02, 0xEC, 0x24, 0xD3, 0xCE, 0x4E, 0x11, 0xE3, 0xC4, 0xDE, 0x4C,   -8, 0x04
    .byte   0xCE, 0x5D, 0xD1, 0x4B, 0x4F, 0xD4, 0xCE, 0x42, 0xC3, 0x2E, 0xE2, 0xE1, 0x02, 0xFE, 0x1C, 0x52
    .byte   0xC0, 0x2D, 0x4D, 0x32, 0xB0, 0x5D, 0x1C, 0x4D, 0x33, 0xA6, 0x2B, 0x15, 0xB1, 0x4D, 0x12,  -13
    .byte   0x03, 0x5C, 0xC3, 0x2D, 0x23, 0xE0, 0xD0, 0x4E, 0xD2, 0x4A, 0x45, 0xB1, 0x2D, 0x24, 0xDC, 0x3F
    .byte   0x42, 0xB3, 0xFF, 0x4C, 0x22, 0xB5, 0x4A, 0x25, 0xB4, 0x3B, 0x14, 0xFD, 0x2E, 0x2F, 0x12, 0x1C
    .byte     -7, 0x05, 0xA6, 0xCA, 0x74, 0xAC, 0x5F, 0x1F, 0xDD, 0x5C, 0x33, 0xC2, 0xE4, 0xED, 0xD4, 0xD3
    .byte   0xC3, 0x2D, 0x4C, 0x30, 0xE0, 0xFE, 0x22, 0x1F, 0x2C, 0xF6, 0xCB, 0x5C, 0x43, 0xA4, 0x4C, 0xC6
    .byte   0xBE,   17, 0x0B, 0xF7, 0x8E, 0x7C, 0xC3, 0x2E, 0x3B, 0x54, 0xBA, 0x73, 0xB3, 0xB5, 0x4A, 0x26
    .byte   0xA1, 0x34, 0xC0, 0x1C, 0x6C, 0xB6, 0xDE, 0xE2, 0x2C, 0x5D, 0xB5, 0xDE, 0x5B, 0x04, 0xD1, 0x03
    .byte   0xCF, 0x5B,   -2, 0x04, 0xA4, 0x5A, 0x4F, 0x5A, 0xF6, 0xB1, 0x1D, 0x43, 0xA6, 0xC2, 0xC3, 0x6A
    .byte   0xB6, 0xF0, 0x2B, 0xF6, 0xE9, 0x7C, 0xB6, 0x1B, 0x33, 0xD4, 0xDC, 0x34, 0xB4, 0x1C, 0x4E, 0xD6
    .byte   0xAC, 0x6D, 0xE3,    1, 0x0D, 0x31, 0xE2, 0x2D, 0xD4, 0x4A, 0x4F, 0x11, 0x0D, 0x34, 0xA5, 0x2C
    .byte   0xE5, 0xBF, 0x6B, 0xB6, 0xEB, 0x53, 0xCD, 0x13, 0x4C, 0xC3, 0x4E, 0xCE, 0x6B, 0xB7, 0xCD, 0xE2
    .byte   0x5A, 0x4D, 0x41, 0xB5,    1, 0x0E, 0x3B, 0x6F, 0x96, 0x3E, 0xCD, 0x52, 0xED, 0xC4, 0x5B, 0xF2
    .byte   0xC3, 0x5C, 0xD1, 0x3C, 0x53, 0x95, 0x3B, 0x6B, 0xC6, 0xDC, 0x42, 0xB3, 0x6A, 0xC5, 0x3D, 0x3C
    .byte   0xD4, 0xD4, 0xED, 0xE1, 0x34,   -7, 0x0F, 0x5C, 0xB5, 0xE4, 0xDA, 0x65, 0xAD, 0x6C, 0xDF, 0x4D
    .byte   0xD3, 0xD6, 0xBA, 0x65, 0xBB, 0x35, 0x1C, 0xD2, 0x4C, 0xD7, 0xC9, 0x56, 0xBC, 0x4C, 0x52, 0x97
    .byte   0x38, 0x57, 0xCA, 0x14, 0x4D, 0xB1,   18, 0x0E, 0xB3, 0x59, 0x56, 0x9D, 0x25, 0x4C, 0xBF, 0x6F
    .byte   0xB6, 0xAB, 0x74, 0xA1, 0xC3, 0x7A, 0xB6, 0xEC, 0x42, 0xBF, 0x35, 0xEA, 0xE6, 0x3B, 0xE3, 0xE3
    .byte   0xEB, 0x7B, 0xB5, 0x4B, 0xD4, 0x5C, 0xA4,    4, 0x04, 0xBC, 0x46, 0xAB, 0x64, 0xB1, 0xD4, 0x4A
    .byte   0x16, 0xCB, 0x45, 0xCB, 0x35, 0x39, 0xE7, 0x2A, 0xD3, 0x6C, 0xA5, 0x6A, 0xC6, 0xEB, 0xD6, 0x1C
    .byte   0xCF, 0x7C, 0x94, 0x54, 0xBC, 0x5E, 0xB4, 0x6C,  -35, 0x03, 0x7C, 0x1B, 0xE7, 0xC9, 0x71, 0xA6
    .byte   0x2A, 0x5C, 0x43, 0xBD, 0x55, 0xAE, 0x3D, 0x42, 0xA5, 0x2D, 0x4E, 0xB4, 0x5A, 0x25, 0xDB, 0x43
    .byte   0xD3, 0xEE, 0x1E, 0xC6, 0x48, 0x27, 0xB3, 0x2A, 0x55,   -8, 0x0C, 0x7B, 0xE1, 0x24, 0xCA, 0x57
    .byte   0xB9, 0x63, 0xC5, 0xA4, 0x2E, 0xD4, 0x3A, 0x52, 0xEE, 0xD0, 0x5D, 0xC1, 0x41, 0xC2, 0x4A, 0x55
    .byte   0x94, 0x5B, 0x05, 0xBF, 0x4C, 0x33, 0xBF, 0x6C, 0xC4, 0xD3,    8, 0x0C, 0xE5, 0xDC, 0x44, 0xA3
    .byte   0x32, 0x59, 0xC7, 0x58, 0x35, 0xEE, 0xF0, 0x2D, 0xC5, 0x5A, 0xC4, 0x35, 0x9D, 0x7D, 0xC0, 0xD6
    .byte   0xCC, 0x34, 0xCE, 0x2F, 0x3D, 0xD5, 0x2A, 0x35, 0x2A, 0x15, 0xFD,   -6, 0x0D, 0x51, 0xB3, 0x14
    .byte   0xC3, 0xCF, 0x6B, 0xC6, 0xBE, 0x5B, 0x25, 0xCC, 0x34, 0xED, 0xD2, 0x5B, 0xC7, 0xBC, 0x4D, 0x5D
    .byte   0xA3, 0x7C, 0xA3, 0x5E, 0x0D, 0xB6, 0x1C, 0xD5, 0xCD, 0x41, 0x0D, 0xE1,   33, 0x0A, 0xB6, 0x2C
    .byte   0xF0, 0x14, 0xEB, 0x53, 0xA3, 0x4E, 0x1D, 0xE4, 0xFE, 0xD4, 0xDD, 0x5B, 0xF4, 0xFE, 0x02, 0xDF
    .byte   0x41, 0xCE, 0x05, 0xEC, 0xD4, 0xFD, 0x6C, 0x95, 0x6C, 0xDC, 0x25, 0x2A, 0x44,   -7, 0x04, 0xC4
    .byte   0xDB, 0x63, 0xA2, 0x5C, 0x15, 0x93, 0x7B, 0xC4, 0xB4, 0x59, 0x37, 0xAB, 0x7D, 0xB4, 0xE2, 0x59
    .byte   0xF7, 0xBC, 0x4F, 0xE5, 0x95, 0x6A, 0xC6, 0x39, 0x35, 0x4C, 0x94, 0x72, 0x82, 0x64,   13, 0x0A
    .byte   0x35, 0xDD, 0x42, 0xA4, 0x5C, 0x3C, 0xC7, 0xCB, 0xF5, 0x2B, 0x23, 0xFC, 0x44, 0xCC, 0x15, 0x1C
    .byte   0xEF, 0x43, 0x96, 0x49, 0x47, 0xAB, 0x44, 0x5B, 0xA3, 0x7C, 0xB3, 0x2D, 0x34, 0xCC, 0x15,   16
    .byte   0x0E, 0xA3, 0x61, 0xAC, 0x63, 0xB4, 0xDC, 0x43, 0x23, 0xAC, 0x65, 0xBA, 0x64, 0xCE, 0xC4, 0x5C
    .byte   0xA6, 0xCE, 0x6A, 0x16, 0xAD, 0x6E, 0xB0, 0x5E, 0xCD, 0x54, 0xBB, 0x55, 0xCB, 0x44, 0xDB, 0x36
    .byte      2, 0x0B, 0x46, 0xAE, 0x3D, 0x6A, 0xC7, 0xEA, 0x06, 0xDB, 0x52, 0xB2, 0x14, 0x4A, 0xC6, 0x4A
    .byte   0xE5, 0xDD, 0x4C, 0x33, 0xA5, 0x69, 0xD6, 0x49, 0xD7, 0xDD, 0xDC, 0x63, 0xA4, 0x1D, 0xE4, 0x59
    .byte   0xB7,   39, 0x0A, 0xCD, 0x56, 0x9C, 0x7C, 0xA6, 0x4B, 0xB5, 0x5F, 0x9F, 0x72, 0x94, 0x4D, 0x3B
    .byte   0x37, 0x9B, 0x73, 0xAE, 0x44, 0xCB, 0x64, 0xAC, 0x46, 0xB9, 0x76, 0x9D, 0x33, 0x5C, 0xA6, 0x2B
    .byte   0x44, 0xAC,   29, 0x0E, 0x94, 0x4B, 0x62, 0xAD, 0x45, 0x3A, 0xC3, 0x6F, 0x94, 0x6B, 0xB6, 0x2C
    .byte   0xB6, 0x69, 0xC1, 0x7D, 0x94, 0x51, 0xBD, 0x7C, 0x96, 0x6C, 0x90, 0x66, 0xA9, 0x66, 0xEA, 0xC6
    .byte   0x3A, 0x46, 0x9D,    4, 0x03, 0x3B, 0xA7, 0x59, 0x03, 0x4F, 0xB3, 0x5B, 0xE4, 0x4A, 0xC7, 0x3A
    .byte   0xE3, 0x4D, 0xC3, 0x33, 0xA4, 0x5C, 0xB6, 0x3A, 0xC5, 0x5F, 0xAB, 0x75, 0x9E, 0x6D, 0xB3, 0x5D
    .byte   0xCF, 0x36, 0x9B, 0x76,  -15, 0x0C, 0x47, 0xD9, 0x25, 0x4A, 0xD7, 0xCA, 0x54, 0xDC, 0x14, 0x4B
    .byte   0xA7, 0x59, 0xE5, 0x3E, 0xBE, 0x51, 0xDE, 0x31, 0xD2, 0x2D, 0x3E, 0xD1, 0x23, 0xE2, 0xDC, 0x44
    .byte   0xE2, 0xA2, 0x6F, 0xBD, 0x35,   23, 0x09, 0x27, 0xDA, 0x34, 0xED, 0xF4, 0x1B, 0x15, 0x1B, 0xF5
    .byte   0x3B, 0xC4, 0x6A, 0xC5, 0x4D, 0xB1, 0x6C, 0xB1, 0x53, 0xA3, 0x50, 0xBD, 0x54, 0xB1, 0x03, 0xED
    .byte   0x34, 0xBC, 0x54, 0xCC, 0xF5, 0x1B,   -9, 0x04, 0x2D, 0xB3, 0x62, 0x92, 0x61, 0xB0, 0x32, 0xED
    .byte   0x34, 0xBD, 0x6D, 0xBD, 0x46, 0xBB, 0x24, 0x5C, 0xC4, 0xCE, 0x5D, 0xEC, 0x06, 0x0A, 0xE5, 0x4C
    .byte   0xB2, 0x52, 0xD0, 0xCD, 0x64, 0xAC, 0x15,   19, 0x0C, 0xB3, 0x5F, 0xDD, 0x24, 0x1C, 0xE2, 0xF0
    .byte   0x4D, 0xC2, 0x5D, 0xCE, 0x43, 0xEB, 0x14, 0x3E, 0xDF, 0x13, 0xEE, 0xF3, 0xED, 0x4F, 0xB3, 0x5F
    .byte   0xCC, 0x25, 0x2B, 0xD5, 0xEE, 0x2D, 0x12, 0x21,   -3, 0x0E, 0x14, 0x3A, 0xE5, 0x4D, 0xBE, 0x44
    .byte   0xEB, 0xF5, 0xFF, 0xFD, 0x13, 0xE0, 0x3C, 0xD4, 0x3C, 0xE2, 0x32, 0xCD, 0x43, 0xCE, 0x3F, 0xE2
    .byte   0x31, 0xDD, 0x34, 0xEC, 0x13, 0xFE, 0x1F, 0x2D, 0x14,    3, 0x0C, 0x34, 0xEC, 0xD4, 0x4D, 0xC0
    .byte   0x33, 0xEE, 0x01, 0x0E, 0x2D, 0x33, 0xDE, 0xF3, 0x2E, 0xD0, 0x30, 0xD1, 0xF2, 0x2E, 0xE0, 0x13
    .byte   0x2D, 0xD3, 0x30, 0xCD, 0x42, 0xEE, 0x03, 0xEE, 0x02, 0x0E,   -1, 0x01, 0xFE, 0x13, 0x0C, 0x14
    .byte   0x2C, 0x13, 0x2E, 0xD1, 0x32, 0xD0, 0xFE, 0x22, 0xFE, 0xE1, 0x31, 0xDE, 0x32, 0xEE, 0xF1, 0x21
    .byte   0xFF, 0x00, 0x10, 0x2F, 0xEE, 0x3E, 0xE0, 0x13, 0xDE, 0x22, 0x0E,   -5, 0x02, 0x1F, 0x01, 0x0F
    .byte   0x02, 0x1E, 0xE2, 0x3E, 0xDF, 0x30, 0xEF, 0xF2, 0xFE, 0x12, 0x1E, 0xF2, 0xFF, 0x11, 0x0E, 0xF2
    .byte   0x0F, 0xE2, 0x2E, 0x01, 0xFF, 0x01, 0x0F, 0xF2, 0x1E, 0xF1, 0x11, 0xEE,   -1, 0x02, 0xEF, 0x10
    .byte   0x02, 0x0E, 0x11, 0x10, 0xFF, 0x12, 0x0E, 0xE0, 0x3F, 0xEE, 0x11, 0x2E, 0xF0, 0x10, 0xFF, 0x10
    .byte   0x00, 0xF1, 0x1F, 0xFF, 0x01, 0xF0, 0x00, 0x2E, 0x11, 0x11, 0xE0, 0x21, 0xFF,    0, 0x02, 0x1F
    .byte   0x11, 0x11, 0x01, 0x11, 0x00, 0x10, 0x1F, 0xE1, 0x10, 0xFE, 0x10, 0xFE, 0xF1, 0xE0, 0xEF, 0xFF
    .byte   0xEE, 0x00, 0xFE, 0xF0, 0x0F, 0xFF, 0x1F, 0x00, 0x02, 0x03, 0x20, 0x31, 0x33, 0x21,   29, 0x03
    .byte   0x2F, 0x12, 0x3E, 0xF0, 0x2E, 0xED, 0xF1, 0xDD, 0xEE, 0xEE, 0xDF, 0xFE, 0xFE, 0x0E, 0x0E, 0x0F
    .byte   0xEF, 0xFE, 0xFF, 0xEE, 0xEE, 0xFE, 0xE1, 0x0F, 0x33, 0x23, 0x33, 0x42, 0x34, 0x33, 0x23,   69
    .byte   0x02, 0x20, 0x12, 0xEE, 0xDD, 0xED, 0xDD, 0xDE, 0xDD, 0x0D, 0x1E, 0x02, 0xF2, 0x11, 0x20, 0x20
    .byte   0xF0, 0xFE, 0xEE, 0xEE, 0xDF, 0xED, 0xEE, 0xED, 0xE0, 0xE1, 0x12, 0x41, 0x43, 0x44, 0x14, 0x43
    .byte     58, 0x02, 0x33, 0x20, 0xF2, 0xFE, 0xDD, 0xEC, 0xEC, 0xDE, 0xDD, 0xDE, 0x0E, 0x01, 0x12, 0x12
    .byte   0x32, 0x12, 0x02, 0x1E, 0x1E, 0xEE, 0xDF, 0xDE, 0xED, 0xEE, 0xDE, 0xED, 0x1E, 0x00, 0x43, 0x24
    .byte   0x34,    8, 0x01, 0x44, 0x33, 0x23, 0x31, 0x01, 0x2E, 0xDE, 0xDD, 0xDC, 0xDE, 0xDD, 0xDE, 0xEE
    .byte   0x2E, 0x02, 0x03, 0x11, 0x32, 0x21, 0x21, 0x0E, 0xEE, 0xEE, 0xDE, 0xED, 0xDE, 0xDF, 0xDE, 0xD2
    .byte   0xEF, 0x23,  -53, 0x02, 0x34, 0x45, 0xE4, 0x43, 0x30, 0x33, 0x2F, 0xF2, 0xEE, 0xDD, 0xDD, 0xCD
    .byte   0xDD, 0xDF, 0xDE, 0xF1, 0x0F, 0x22, 0x23, 0xF2, 0x30, 0x21, 0x00, 0xFE, 0xED, 0xFD, 0xDE, 0xED
    .byte   0xED, 0xED, 0xFD,  -78, 0x01, 0x0E, 0x34, 0x32, 0x44, 0x52, 0x24, 0x42, 0x23, 0x32, 0xFE, 0x11
    .byte   0xED, 0xDD, 0xDD, 0xCD, 0xED, 0xEE, 0xEE, 0x02, 0x01, 0x13, 0x22, 0x13, 0x20, 0xF0, 0x2E, 0xEE
    .byte   0xDE, 0xDE, 0xDD, 0xFD,  -53, 0x0E, 0xD0, 0xDE, 0x2F, 0x11, 0x34, 0x33, 0x44, 0x42, 0x34, 0x42
    .byte   0x02, 0x32, 0xEE, 0x2F, 0xDD, 0xDD, 0xDD, 0xCE, 0xED, 0xEE, 0xFE, 0x21, 0x02, 0x23, 0x12, 0x21
    .byte   0x3F, 0xE2, 0xEE, 0xED, 0xEE,  -21, 0x0D, 0xED, 0xEE, 0xDF, 0xEE, 0xEE, 0x2F, 0x00, 0x44, 0x23
    .byte   0x44, 0x5E, 0x34, 0x40, 0xF3, 0x23, 0xDE, 0x2F, 0xDD, 0xDE, 0xDC, 0xDD, 0xEE, 0xDE, 0x00, 0x21
    .byte   0x02, 0x22, 0x30, 0x22, 0x20, 0x0E,   15, 0x0E, 0xDD, 0xEE, 0xCE, 0xDE, 0xEE, 0xEE, 0xEE, 0xE0
    .byte   0x02, 0x02, 0x34, 0x33, 0x44, 0x5F, 0x14, 0x41, 0xF2, 0x32, 0xDE, 0x20, 0xDD, 0xDE, 0xEC, 0xDD
    .byte   0xEE, 0xD1, 0x0F, 0x12, 0x22, 0x03, 0x21,   15, 0x00, 0x20, 0xEE, 0xFF, 0xDD, 0xDE, 0xED, 0xDE
    .byte   0xFD, 0xEE, 0xF0, 0xEE, 0x22, 0x00, 0x34, 0x33, 0x34, 0x52, 0x04, 0x42, 0xE1, 0x32, 0xEE, 0x11
    .byte   0xDD, 0xDF, 0xEC, 0xDD, 0x0D, 0xEF, 0xE1, 0x12,   -3, 0x0F, 0x22, 0x3F, 0x01, 0x21, 0xEE, 0xEF
    .byte   0xED, 0xDE, 0xED, 0xDD, 0x1E, 0xEE, 0x0E, 0x0E, 0x02, 0x11, 0x24, 0x40, 0x44, 0x52, 0xF3, 0x43
    .byte   0xFE, 0x23, 0x0D, 0xE2, 0xFD, 0xDD, 0xFD, 0xDD, 0xEE,   -7, 0x0F, 0xFF, 0x02, 0x22, 0x11, 0x31
    .byte   0x0F, 0x12, 0xEE, 0xEE, 0xED, 0xDE, 0xEE, 0xDD, 0x0E, 0xEE, 0x0F, 0x0E, 0xF2, 0x10, 0x23, 0x43
    .byte   0x24, 0x44, 0x22, 0x43, 0x2E, 0x13, 0x2D, 0xE0, 0x1E, 0xDD,   35, 0x0E, 0xDD, 0xDE, 0xE0, 0xFE
    .byte   0x02, 0x22, 0xF1, 0x32, 0x0F, 0x01, 0xFE, 0xEE, 0xDF, 0xDD, 0xED, 0xEE, 0xEE, 0xFE, 0xFE, 0x1F
    .byte   0xF0, 0x20, 0x13, 0x43, 0x33, 0x45, 0x1F, 0x34, 0x20, 0xE2, 0x3E,   57, 0x0F, 0x00, 0xDD, 0xEE
    .byte   0xDD, 0xEE, 0xD1, 0x01, 0xE1, 0x32, 0x1F, 0x23, 0x1E, 0xE1, 0x2E, 0xDE, 0xEE, 0xDD, 0xED, 0xEE
    .byte   0xEF, 0xEF, 0xEF, 0x10, 0xE0, 0x22, 0xF1, 0x44, 0x23, 0x35, 0x3E, 0x43,   61, 0x01, 0xD2, 0x3F
    .byte   0xDF, 0xFF, 0xED, 0xDE, 0xED, 0xEE, 0xD0, 0x11, 0xE0, 0x23, 0x2E, 0x12, 0x3F, 0xD1, 0x1E, 0xED
    .byte   0xEF, 0xDD, 0xEE, 0xDF, 0xEE, 0xFE, 0x00, 0xFF, 0xE1, 0x21, 0xF2, 0x44, 0x13,   -3, 0x05, 0x3F
    .byte   0x24, 0x30, 0xEF, 0x31, 0xED, 0x00, 0xFD, 0xDE, 0xED, 0xEE, 0xD1, 0x10, 0xF0, 0x13, 0x2E, 0x12
    .byte   0x3F, 0xD0, 0xF0, 0xED, 0xEE, 0xDE, 0xED, 0xDF, 0xFF, 0xEE, 0x10, 0x0E, 0xF0, 0x20,  -57, 0x01
    .byte   0x44, 0x13, 0x35, 0x4D, 0x24, 0x32, 0xD1, 0x22, 0xEE, 0xEF, 0xFE, 0xED, 0xDE, 0x0E, 0xDE, 0x12
    .byte   0x1E, 0xF3, 0x21, 0xEF, 0x30, 0xFE, 0xE0, 0xEE, 0xDE, 0xDE, 0xFD, 0xDF, 0xF0, 0xEE, 0xF1,  -54
    .byte   0x0F, 0xFE, 0x21, 0x12, 0x34, 0x24, 0x25, 0x3E, 0x33, 0x31, 0xEE, 0x23, 0xDE, 0xEF, 0x1D, 0xFD
    .byte   0xDE, 0x1F, 0xDD, 0x23, 0x0D, 0x13, 0x3E, 0xE0, 0x31, 0xEE, 0xE0, 0xED, 0xED, 0xED, 0xEE, 0xEE
    .byte    -49, 0x02, 0x0E, 0xF0, 0x0F, 0xEF, 0x11, 0xF2, 0x43, 0x31, 0x45, 0x2F, 0x33, 0x30, 0xEF, 0x20
    .byte   0xEF, 0xEE, 0xEF, 0xEE, 0xC0, 0x10, 0xDE, 0x12, 0x2E, 0x02, 0x21, 0x00, 0x20, 0xEE, 0x1D, 0xEE
    .byte   0xED,  -27, 0x0E, 0xEE, 0xEE, 0x02, 0x0E, 0x0F, 0x1E, 0xE1, 0x0F, 0xF3, 0x43, 0x22, 0x45, 0x2F
    .byte   0x33, 0x3E, 0xE0, 0x20, 0xEF, 0xEE, 0xEE, 0xEE, 0xDE, 0x01, 0xDE, 0x13, 0x0E, 0x12, 0x20, 0xF2
    .byte   0xF0, 0xE1,   10, 0x0D, 0xEE, 0xED, 0xDE, 0xEF, 0xEE, 0xF2, 0xFF, 0xF0, 0x1E, 0xE1, 0xFF, 0xF3
    .byte   0x43, 0x23, 0x44, 0x3F, 0x32, 0x3E, 0xE1, 0x10, 0xFE, 0xEE, 0xEF, 0xFD, 0xDF, 0x1F, 0xEE, 0x12
    .byte   0x2F, 0x00, 0x20,   18, 0x0F, 0xE1, 0xE2, 0xED, 0xEE, 0xED, 0xDE, 0xFE, 0xEF, 0x01, 0x10, 0x00
    .byte   0xEE, 0xF0, 0xFE, 0xE4, 0x42, 0x33, 0x44, 0x22, 0x23, 0x01, 0xFF, 0x0F, 0xFF, 0xED, 0x0F, 0xEE
    .byte   0xDF, 0x00, 0xEE, 0x11,   12, 0x0F, 0x10, 0xF2, 0x11, 0xEE, 0x11, 0xED, 0xEE, 0xED, 0xDF, 0xEF
    .byte   0xEF, 0x11, 0x10, 0xF0, 0xEE, 0x0E, 0x0F, 0x03, 0x43, 0x32, 0x44, 0x30, 0x23, 0x11, 0xFF, 0xFF
    .byte   0xFF, 0xEE, 0xEE, 0xFE, 0xDE,    9, 0x02, 0xEE, 0xF2, 0x2F, 0x1F, 0x2F, 0xF0, 0xF0, 0xEF, 0xFE
    .byte   0xDE, 0xEE, 0xDE, 0xEF, 0xFF, 0xF2, 0xF0, 0x1F, 0xFE, 0xD1, 0x0E, 0xF2, 0x43, 0x33, 0x44, 0x22
    .byte   0x32, 0x20, 0xE0, 0x1F, 0xE0, 0xEE,   29, 0x0E, 0x0E, 0xDF, 0x0F, 0xFE, 0x02, 0x10, 0x21, 0xFF
    .byte   0xF1, 0x2E, 0xEE, 0xFF, 0xDE, 0xEE, 0xDE, 0xFE, 0xFF, 0xF2, 0x1F, 0x1F, 0xFE, 0xEF, 0xEE, 0xE2
    .byte   0x43, 0x33, 0x34, 0x33, 0x12, 0x3F, 0x1E,   44, 0x0E, 0xF1, 0xEE, 0xEF, 0xEF, 0xEE, 0xE0, 0x0F
    .byte   0x10, 0x11, 0x12, 0xFF, 0xF1, 0x1E, 0xEF, 0xFE, 0xEE, 0xDE, 0xDF, 0xFE, 0xE0, 0x02, 0x1F, 0x1F
    .byte   0xEF, 0xEE, 0x0E, 0xE1, 0x43, 0x33, 0x25, 0x23,   34, 0x03, 0x11, 0x1F, 0x0E, 0xE1, 0x0E, 0xD0
    .byte   0xFF, 0xED, 0x1F, 0x0F, 0x01, 0x1F, 0x22, 0xFE, 0x01, 0x11, 0xDF, 0x0E, 0xEE, 0xDF, 0xED, 0xFE
    .byte   0xE0, 0x02, 0x11, 0x0F, 0x0E, 0xEE, 0x0E, 0xFE, 0x34,  -23, 0x03, 0x24, 0x42, 0x32, 0x21, 0x11
    .byte   0xFE, 0xE0, 0x1E, 0xED, 0x1F, 0x0D, 0xF0, 0xF1, 0xF0, 0x2E, 0x21, 0x10, 0xE0, 0x1F, 0xFE, 0xEE
    .byte   0xEF, 0xED, 0xEE, 0xEF, 0xE0, 0x02, 0x11, 0x1F, 0xFE, 0xEE,  -44, 0x0E, 0xFE, 0x34, 0x14, 0x14
    .byte   0x42, 0x32, 0x21, 0x01, 0xFE, 0xEE, 0x2E, 0xEE, 0xE0, 0xEE, 0xF0, 0xE0, 0x20, 0x1F, 0x12, 0x1F
    .byte   0xF0, 0x0E, 0x0F, 0xEE, 0xEF, 0xED, 0xEE, 0xEE, 0xE1, 0x00, 0x12,  -29, 0x00, 0xEF, 0xEE, 0xE0
    .byte   0xEF, 0x24, 0x33, 0x14, 0x43, 0x23, 0x10, 0xF0, 0x00, 0xDE, 0x2F, 0xEE, 0xE0, 0xEE, 0x11, 0xEE
    .byte   0x22, 0x1F, 0xF2, 0x2E, 0xFF, 0xFF, 0xE0, 0xEE, 0xEE, 0xFD, 0xED, 0xFF,  -34, 0x0F, 0x0F, 0x20
    .byte   0x21, 0xEE, 0xEF, 0xFE, 0xEF, 0x04, 0x33, 0x32, 0x43, 0x33, 0x1F, 0xF1, 0x00, 0xED, 0x12, 0xEE
    .byte   0xEE, 0xFF, 0x00, 0xFE, 0x12, 0x2F, 0xF1, 0x1F, 0xFF, 0xFE, 0xFF, 0xEE, 0xEE,   -9, 0x0E, 0xD0
    .byte   0xEE, 0xFF, 0x00, 0x02, 0x11, 0x0E, 0xEF, 0xD1, 0xE0, 0xE2, 0x43, 0x33, 0x34, 0x13, 0x32, 0xFE
    .byte   0x01, 0x1D, 0xFF, 0xFE, 0xE0, 0xEE, 0xF0, 0x2E, 0xF0, 0x21, 0x10, 0x10, 0xE1, 0x0E,    7, 0x0F
    .byte   0xFE, 0xEE, 0xFE, 0xEE, 0xEE, 0xE0, 0x01, 0x10, 0x21, 0x00, 0xFE, 0xED, 0x1F, 0xE1, 0x23, 0x34
    .byte   0x23, 0x42, 0x23, 0x2E, 0xF0, 0x1F, 0xEE, 0x0F, 0xEF, 0xFE, 0xEF, 0x11, 0xFE, 0x2F, 0x2F,   16
    .byte   0x02, 0xEF, 0x00, 0xEE, 0xFE, 0xFE, 0xEF, 0xEE, 0xEF, 0xEF, 0xE1, 0x10, 0x02, 0x0F, 0x0E, 0xFE
    .byte   0xD1, 0xFF, 0xF0, 0x43, 0x33, 0x24, 0x22, 0x32, 0x0E, 0x01, 0x0E, 0xE2, 0xEE, 0xEF, 0x0E, 0xE2
    .byte     15, 0x00, 0xE2, 0x11, 0x0F, 0x2F, 0xE0, 0x1E, 0xEE, 0x0E, 0xEE, 0xFF, 0xD0, 0xE0, 0xE0, 0x1E
    .byte   0x10, 0x21, 0xF0, 0xFF, 0xEE, 0xE0, 0xE1, 0xE3, 0x42, 0x33, 0x33, 0x23, 0x21, 0xE0, 0x10, 0xFE
    .byte   0xFF,   24, 0x0F, 0x0E, 0xFE, 0xF2, 0xFF, 0x01, 0x1F, 0x12, 0x0E, 0xFF, 0x0E, 0xEE, 0xEE, 0xFF
    .byte   0xFE, 0xEE, 0xFE, 0xEF, 0x10, 0x10, 0x12, 0xF0, 0x1E, 0xEE, 0xEF, 0x00, 0x03, 0x32, 0x4F, 0x42
    .byte   0x13, 0x22,   33, 0x01, 0xFF, 0xFE, 0x1F, 0xFE, 0xF0, 0xEF, 0xF1, 0xFF, 0x02, 0x0F, 0x11, 0x00
    .byte   0xEF, 0xEF, 0xEF, 0xFE, 0xEE, 0x0E, 0xEF, 0xEE, 0xFF, 0x2F, 0x0F, 0xF0, 0x21, 0xFE, 0xEE, 0xF1
    .byte   0x0F, 0x00, 0x33,   -9, 0x03, 0x13, 0x23, 0x22, 0x1E, 0x20, 0x2E, 0xE1, 0xEF, 0x01, 0x1D, 0xEF
    .byte   0x3E, 0x01, 0xE1, 0x02, 0x2F, 0xDF, 0xF0, 0x0E, 0xEE, 0xEE, 0x11, 0xDE, 0xFF, 0x00, 0xFF, 0xFF
    .byte   0x12, 0x0E, 0x0F, 0xF0,  -30, 0x00, 0xE1, 0x2E, 0x03, 0x33, 0x02, 0x32, 0x22, 0x30, 0xEE, 0x23
    .byte   0xEF, 0xE1, 0x0E, 0x20, 0xFD, 0xF2, 0x01, 0xE1, 0x0F, 0x12, 0x0E, 0xE1, 0xFF, 0xEF, 0xEE, 0xEF
    .byte   0xFE, 0xEF, 0x0E, 0xFF, 0x1F,  -24, 0x0F, 0xF1, 0x02, 0x0E, 0x0F, 0x12, 0x0E, 0x0F, 0x02, 0x32
    .byte   0x21, 0x13, 0x22, 0x21, 0xF0, 0x12, 0x2F, 0xFF, 0x10, 0x1F, 0xEF, 0xE0, 0x10, 0x0E, 0xF0, 0x21
    .byte   0x0F, 0xEF, 0x00, 0xE0, 0xD0, 0xE1,   -5, 0x0E, 0xEF, 0xE2, 0xFF, 0xEE, 0xF2, 0x1F, 0x0F, 0x11
    .byte   0x02, 0x0F, 0xF0, 0x02, 0x00, 0xFF, 0x23, 0x21, 0xE1, 0x23, 0x11, 0x0E, 0x02, 0x3F, 0x1E, 0x01
    .byte   0x01, 0x0F, 0xEE, 0x01, 0x00, 0xFF, 0xFF,   12, 0x01, 0x0D, 0xFF, 0x02, 0xEE, 0xFE, 0xF2, 0xFE
    .byte   0xEF, 0x0F, 0x12, 0xE0, 0xE0, 0x21, 0x0F, 0x0F, 0x02, 0x02, 0xEE, 0x21, 0x12, 0x11, 0xEF, 0x30
    .byte   0x2F, 0xF0, 0xF2, 0x12, 0xFE, 0x01, 0x21, 0x10,   12, 0x0F, 0xF2, 0xFE, 0xF1, 0xF0, 0x0E, 0x2E
    .byte   0x1F, 0xFF, 0xF2, 0xFE, 0xF1, 0x01, 0x00, 0xEF, 0xF2, 0xFF, 0xEF, 0x0F, 0x21, 0x00, 0xEE, 0x32
    .byte   0xFE, 0xD0, 0x22, 0x22, 0xDF, 0x02, 0x30, 0xFE, 0xEE,   -7, 0x03, 0x2E, 0xEE, 0x23, 0x10, 0xED
    .byte   0x11, 0x31, 0xFE, 0xE2, 0xF3, 0x1F, 0xC3, 0xE1, 0x3E, 0xD0, 0xF1, 0x3F, 0x1E, 0xD2, 0x13, 0x2E
    .byte   0xD1, 0xF2, 0x3D, 0x2D, 0x1F, 0x3E, 0xE2, 0xD2, 0x30, 0x10,   -5, 0x02, 0x2F, 0x03, 0xB5, 0xB5
    .byte   0xED, 0xFE, 0x3D, 0x5B, 0x31, 0xC4, 0x2D, 0x2D, 0x22, 0xD4, 0xD2, 0xEC, 0x6B, 0x5B, 0xE3, 0xD4
    .byte   0xE1, 0xC3, 0xD5, 0xEF, 0xD0, 0xD3, 0x4C, 0x4C, 0xD4, 0xD4, 0xED,   -6, 0x0E, 0x30, 0x3F, 0xED
    .byte   0x3E, 0x32, 0xC3, 0xDF, 0x3F, 0x3E, 0xDE, 0x3F, 0xF2, 0xDE, 0xE3, 0x32, 0xD2, 0xC1, 0x5B, 0x4D
    .byte   0xE1, 0xD5, 0xC4, 0xC1, 0x1E, 0x4C, 0x4B, 0x31, 0x21, 0x3C, 0x03, 0xD4,    1, 0x02, 0xD0, 0xE4
    .byte   0xD2, 0x1D, 0x2E, 0x23, 0xEF, 0xD0, 0x22, 0xF2, 0xED, 0x30, 0x3D, 0x3C, 0x3D, 0x4D, 0x12, 0xC4
    .byte   0xD2, 0xE4, 0xCF, 0x2E, 0x31, 0xD2, 0x0E, 0x13, 0xD2, 0x1C, 0x4E, 0x10, 0x1D,   -2, 0x0F, 0x02
    .byte   0x1D, 0x3E, 0xE4, 0xB5, 0xC3, 0xEE, 0x4C, 0x3D, 0x2E, 0x23, 0xC5, 0xB4, 0xED, 0x3E, 0x1D, 0x4C
    .byte   0x4C, 0x4E, 0xE2, 0xD4, 0xC3, 0xD2, 0x2E, 0x3D, 0x2D, 0x3F, 0xE2, 0xE0, 0x01, 0x11,   -6, 0x03
    .byte   0xE1, 0x2E, 0x1F, 0x0F, 0x2D, 0x3D, 0x21, 0x1F, 0x10, 0x00, 0xE2, 0xF1, 0xF2, 0xD4, 0xC3, 0x0C
    .byte   0x5C, 0x23, 0xD2, 0xD3, 0xD3, 0xD2, 0x3C, 0x4D, 0x10, 0x0F, 0x1D, 0x4C, 0x4C, 0x4D, 0xF4,   -5
    .byte   0x03, 0xD3, 0xD3, 0xD2, 0x1D, 0x4C, 0x3E, 0x12, 0x0E, 0x2F, 0xF2, 0xFF, 0xF3, 0xC4, 0xC3, 0x1D
    .byte   0x3D, 0x3D, 0x3D, 0x04, 0xC3, 0x1D, 0x3D, 0x2E, 0x3D, 0x4D, 0xF2, 0xD3, 0xEE, 0x2E, 0x01, 0x10
    .byte      5, 0x0E, 0xF2, 0xD3, 0xEF, 0xF2, 0xD4, 0xD2, 0x2D, 0x10, 0xFE, 0x2F, 0xE3, 0xD2, 0x3C, 0x5B
    .byte   0x4C, 0x4D, 0x12, 0xC5, 0xB5, 0xDE, 0x3D, 0xF2, 0xD3, 0xEF, 0x1F, 0x13, 0xD3, 0xD0, 0x3C, 0x4C
    .byte   0x4C,    7, 0x0D, 0x13, 0xC4, 0xC4, 0xC3, 0x2D, 0x3D, 0x2F, 0xE4, 0xC3, 0xED, 0x4C, 0x5B, 0x5B
    .byte   0x31, 0xD5, 0xB4, 0xDE, 0x3E, 0x01, 0x1D, 0x3E, 0x11, 0xF2, 0xD3, 0xE3, 0xC4, 0xC3, 0x1F, 0x2D
    .byte   0x2D, 0x4D,    4, 0x0E, 0xE3, 0xD2, 0x2E, 0x10, 0xE2, 0x1F, 0x1F, 0xE2, 0xE3, 0xD2, 0xE1, 0x2E
    .byte   0x3D, 0x02, 0xFF, 0x10, 0xF0, 0x1E, 0x20, 0xE3, 0xD3, 0xD1, 0x2E, 0x2D, 0x4B, 0x5C, 0x31, 0xD4
    .byte   0xC4, 0xC3, 0xEF,   -1, 0x02, 0xD4, 0xC4, 0xC3, 0xE0, 0x2D, 0x3D, 0x3D, 0x4C, 0x4C, 0x31, 0xD4
    .byte   0xB4, 0xD4, 0xC3, 0x1C, 0x5B, 0x4E, 0x3C, 0x4C, 0x31, 0xD4, 0xC4, 0xB5, 0xC5, 0xB3, 0xE1, 0x2E
    .byte   0x2D, 0x3D, 0x4B, 0x5C,    9, 0x0C, 0x3F, 0xE4, 0xB5, 0xB4, 0x1C, 0x5C, 0x2E, 0x3D, 0x20, 0xD3
    .byte   0xE1, 0x2F, 0xE3, 0xC4, 0xC4, 0xD1, 0x0F, 0x2E, 0x12, 0xD3, 0xE2, 0xFD, 0x4B, 0x5C, 0x3F, 0x1D
    .byte   0x4D, 0xE3, 0xD2, 0xE2, 0xF2,    2, 0x00, 0xE3, 0xC4, 0xC4, 0xEE, 0x2D, 0x3E, 0x2E, 0x2D, 0x3D
    .byte   0x3F, 0xE3, 0xC3, 0x2E, 0x2E, 0xFF, 0x2E, 0x20, 0xE0, 0xF2, 0xE3, 0xD2, 0xD2, 0x11, 0x3C, 0x4D
    .byte   0x12, 0x00, 0xE2, 0xEE, 0x3D, 0x21,    0, 0x0E, 0x21, 0xE3, 0xD2, 0xEF, 0x3D, 0x3D, 0x3D, 0x21
    .byte   0x01, 0x1E, 0xF2, 0xD4, 0xC4, 0xC3, 0xE2, 0x1D, 0x4C, 0x21, 0x02, 0xE1, 0xFF, 0xF1, 0x3C, 0x5B
    .byte   0x4D, 0x02, 0x0E, 0x02, 0xD3, 0xE3, 0xD1,    1, 0x0F, 0xF3, 0xC3, 0xD2, 0x3D, 0x3D, 0x4C, 0x3E
    .byte   0xE3, 0xC4, 0xD2, 0x2E, 0x2E, 0x0E, 0x2F, 0xE3, 0xC4, 0xD3, 0x2C, 0x4B, 0x5C, 0x4D, 0xF1, 0xE3
    .byte   0xE2, 0xE2, 0xD3, 0xD3, 0xD3, 0xD2, 0xF1, 0x2D,    7, 0x0D, 0x2D, 0x3E, 0x2E, 0x02, 0xE2, 0xFF
    .byte   0x1F, 0x0E, 0x3D, 0x3E, 0xE2, 0xE3, 0xD3, 0xD3, 0xD1, 0x10, 0x20, 0xE2, 0xE2, 0x1E, 0x2D, 0x2D
    .byte   0x30, 0x2D, 0x3D, 0x31, 0xF0, 0xEE, 0x20, 0x2E, 0x1F,   -4, 0x03, 0xC5, 0xB4, 0xD0, 0x3D, 0x2F
    .byte   0x1E, 0x20, 0x2E, 0x1E, 0x2F, 0xF2, 0xE1, 0x2D, 0x3F, 0xE1, 0xFF, 0x2E, 0x11, 0xD4, 0xD1, 0x2D
    .byte   0x3D, 0x4C, 0x3E, 0xE4, 0xC3, 0xD3, 0xD3, 0xD3, 0xD3, 0xEF,    6, 0x0D, 0x2E, 0x2E, 0x20, 0xF0
    .byte   0x1E, 0x3D, 0x3E, 0xFF, 0xE2, 0x01, 0xE2, 0xE2, 0x0F, 0x2D, 0x3D, 0x3E, 0x12, 0xC4, 0xD2, 0x11
    .byte   0xE2, 0xE1, 0x3D, 0xE3, 0xC4, 0xD2, 0x2D, 0x3D, 0x4C, 0x4C, 0x20,   -3, 0x01, 0x12, 0xE2, 0xE3
    .byte   0xD2, 0xEE, 0x3C, 0x4D, 0x23, 0xC5, 0xB3, 0xFF, 0x3C, 0x4C, 0x4D, 0x12, 0xD4, 0xB5, 0xB4, 0xFE
    .byte   0x20, 0xE0, 0x2F, 0x00, 0x2D, 0x3D, 0x4C, 0x3C, 0x4E, 0xE3, 0xD2, 0xFF,   -1, 0x02, 0xD4, 0xC3
    .byte   0xE1, 0xF3, 0xC3, 0xE0, 0x3D, 0x3D, 0x3D, 0x21, 0x2D, 0x2E, 0x10, 0x03, 0xC4, 0xC4, 0xEE, 0x2C
    .byte   0x4D, 0x23, 0xD2, 0xD4, 0xDF, 0x3C, 0x3E, 0x22, 0xD2, 0x1E, 0x20, 0xE2, 0xFE,    3, 0x0E, 0xF2
    .byte   0xE3, 0xC4, 0xD2, 0x1D, 0x3C, 0x5B, 0x5C, 0x12, 0xD4, 0xC4, 0xC3, 0x1D, 0x4C, 0x4C, 0x21, 0xE4
    .byte   0xC4, 0xB5, 0xC3, 0x3C, 0x3D, 0x2E, 0x3D, 0x3D, 0x10, 0x3E, 0x20, 0xC4, 0xC4, 0xC4,  -12, 0x03
    .byte   0x3C, 0x5C, 0x2E, 0xF0, 0x12, 0xE2, 0xEF, 0x1E, 0x4C, 0x4B, 0x4E, 0x22, 0xD3, 0xC4, 0xC5, 0xB4
    .byte   0xD2, 0x0F, 0x2D, 0x3D, 0x3E, 0xF3, 0xDE, 0x4B, 0x4E, 0x12, 0xD2, 0x11, 0x2E, 0xF2, 0xD4,  -10
    .byte   0x05, 0xB4, 0xD1, 0x3C, 0x5B, 0x4D, 0x03, 0xC4, 0xD2, 0xE1, 0x2F, 0xE2, 0xE1, 0x2E, 0xF1, 0x1E
    .byte   0x4C, 0x3D, 0x21, 0xD5, 0xA5, 0xC3, 0x3C, 0x5B, 0x4C, 0x32, 0xE3, 0xC3, 0xD2, 0x3D, 0x21, 0xC4
    .byte     -3, 0x03, 0xE2, 0xDF, 0x3C, 0x5B, 0x5B, 0x4E, 0xE3, 0xD3, 0xC5, 0xB4, 0xD1, 0x2E, 0xD4, 0xEF
    .byte   0x3C, 0x23, 0xC4, 0xD1, 0x2D, 0x3D, 0x4C, 0x3E, 0x02, 0xFE, 0x3C, 0x3F, 0x11, 0xE3, 0xC5, 0xB4
    .byte   0xEE,    2, 0x0D, 0x32, 0xD2, 0xE2, 0xE0, 0x3C, 0x4C, 0x30, 0xE5, 0xA5, 0xC2, 0x3C, 0x4C, 0x4C
    .byte   0x5C, 0x3F, 0xD2, 0xD3, 0xD4, 0xC4, 0xB4, 0xF2, 0x2D, 0x3B, 0x5C, 0x33, 0xC3, 0xEF, 0x3D, 0x4C
    .byte   0x12, 0xC6,  -13, 0x05, 0xEB, 0x6A, 0x6B, 0x3F, 0xC5, 0xA6, 0xC2, 0x4A, 0x6C, 0xD5, 0xB5, 0xA5
    .byte   0xC4, 0x2C, 0x4B, 0x40, 0x14, 0xCF, 0xEE, 0x5B, 0x5A, 0x5C, 0x25, 0xA7, 0x95, 0xCF, 0x5B, 0x5B
    .byte   0x22, 0x23, 0xD3,   -2, 0x0C, 0x5C, 0x4F, 0xD2, 0xC4, 0x22, 0xEE, 0xC2, 0x4C, 0x5C, 0xF2, 0xC5
    .byte   0xC4, 0xDE, 0x2D, 0x4C, 0x5B, 0x3D, 0x13, 0xE3, 0xD2, 0xC4, 0xF3, 0xFC, 0x02, 0x14, 0xC2, 0xEE
    .byte   0x30, 0x2F, 0xDF, 0x01,    1, 0x02, 0xEE, 0xE2, 0xE4, 0xEE, 0x2C, 0x4D, 0x4D, 0xED, 0x32, 0xE4
    .byte   0xCE, 0x01, 0x32, 0xEC, 0x3D, 0x43, 0xD2, 0xB4, 0xE3, 0x2E, 0xDE, 0x13, 0x2F, 0x1D, 0xE1, 0x4D
    .byte   0x4B, 0x21, 0xE4, 0xD0, 0x2C,    5, 0x0E, 0xE3, 0xD3, 0xC4, 0xC4, 0xFD, 0x4B, 0x5B, 0x5D, 0xD3
    .byte   0xD3, 0xF0, 0xD2, 0x13, 0xD2, 0xEF, 0x21, 0x2C, 0x4D, 0x04, 0xB5, 0xB4, 0xED, 0x5B, 0x4C, 0x3F
    .byte   0xF3, 0x0D, 0xE1, 0x03, 0x1D, 0x4B,   -1, 0x02, 0xE4, 0xB4, 0xC3, 0x3C, 0x31, 0xC5, 0xC2, 0x2D
    .byte   0x4C, 0x4C, 0x11, 0xF3, 0x3C, 0x2D, 0xF4, 0xE4, 0xCD, 0x1D, 0x51, 0xD0, 0xC2, 0x33, 0x11, 0xB1
    .byte   0x23, 0x42, 0xB0, 0xD1, 0x5E, 0x4B, 0xFB,   -2, 0x02, 0x34, 0xAF, 0xD4, 0x42, 0xDE, 0xB3, 0x33
    .byte   0x4B, 0x2C, 0xE5, 0x03, 0xDB, 0x32, 0x15, 0xCE, 0xDD, 0x43, 0x22, 0xBE, 0x3F, 0x5D, 0xEC, 0xE3
    .byte   0x33, 0xDE, 0xDE, 0x33, 0x02, 0xEC, 0x3D, 0x42,    0, 0x02, 0xC2, 0x23, 0x2D, 0xEE, 0x20, 0x4C
    .byte   0x3E, 0xD3, 0xE2, 0xD4, 0xEF, 0xED, 0x04, 0x10, 0x2B, 0x30, 0x23, 0x01, 0xCF, 0xE3, 0x41, 0xDD
    .byte   0xD0, 0x44, 0xED, 0xCE, 0x33, 0x4D, 0xDC, 0xF3, 0x34,   12, 0x0E, 0xCD, 0x24, 0x4F, 0xEB, 0xEF
    .byte   0x44, 0x2D, 0xCD, 0xF3, 0x42, 0xFD, 0xCE, 0x33, 0x4D, 0xDD, 0xE3, 0x32, 0x1D, 0xD0, 0x13, 0x12
    .byte   0xDF, 0xEF, 0x21, 0x3E, 0x0E, 0xEF, 0x13, 0x21, 0xDE, 0xD3,    1, 0x02, 0x2D, 0xEE, 0x12, 0x21
    .byte   0xE0, 0xE0, 0x20, 0x20, 0x0E, 0xF0, 0x12, 0x00, 0x0E, 0x0F, 0x20, 0x11, 0xE0, 0xF1, 0x11, 0x1F
    .byte   0x1E, 0x10, 0x11, 0x11, 0x0E, 0x00, 0x11, 0x2F, 0xFF, 0xE1, 0x10,    3, 0x00, 0x1E, 0x0F, 0x11
    .byte   0x10, 0x0F, 0xF0, 0x01, 0x11, 0x0F, 0xFF, 0x10, 0x10, 0x0F, 0xF0, 0x11, 0x00, 0x0F, 0xF0, 0x01
    .byte   0x01, 0x0F, 0x0F, 0x01, 0x00, 0x0F, 0xF1, 0x00, 0x10, 0x0F, 0xF1, 0x00,    0, 0x01, 0xF0, 0x00
    .byte   0x10, 0xF0, 0x00, 0x1F, 0x00, 0x01, 0xFF, 0x01, 0x00, 0x00, 0x00, 0xF1, 0xF0, 0x01, 0xF0, 0x01
    .byte   0x00, 0x0F, 0x1F, 0x10, 0x0F, 0x10, 0x0F, 0x01, 0x00, 0x00, 0xF0, 0x1F, 0x01,   -1, 0x01, 0x00
    .byte   0x00, 0xF1, 0xF1, 0xF1, 0xF0, 0x00, 0x00, 0x10, 0x00, 0x00, 0x00, 0xF1, 0x00, 0x00, 0x00, 0x00
    .byte   0x00, 0x00, 0x00, 0x00, 0x00, 0x01, 0xF0, 0x00, 0x1F, 0x00, 0x0F, 0x10, 0x1F, 0x1F,    0, 0x01
    .byte   0x0F, 0x00, 0x00, 0x00, 0x00, 0x00, 0x01, 0xF0, 0x00, 0x00, 0x00, 0x00, 0xF0, 0x10, 0x00, 0x00
    .byte   0x00, 0xF1, 0xF1, 0xF1, 0xF1, 0x1F, 0xF1, 0x0F, 0x10, 0x00, 0x00, 0x1F, 0x00, 0x01, 0xF0,    0
    .byte   0x00, 0x1F, 0x00, 0x00, 0xF1, 0x01, 0xF0, 0x0F, 0x01, 0x01, 0xF1, 0xF0, 0x01, 0xFF, 0x10, 0x01
    .byte   0xF0, 0x00, 0x0F, 0x11, 0xF1, 0xF1, 0xF0, 0x00, 0x00, 0x1F, 0x00, 0x1F, 0x00, 0x01, 0xFF, 0x11
    .byte      0, 0x00, 0x00, 0x00, 0x00, 0x00, 0x1F, 0x00, 0xF1, 0x00, 0x1F, 0xF1, 0x0F, 0x10, 0x00, 0x0F
    .byte   0x10, 0x1F, 0x00, 0x1F, 0x0F, 0x10, 0x00, 0xF1, 0x00, 0x00, 0x1F, 0x00, 0x1F, 0x00, 0x1F, 0x00
    .byte   0xF0,    0, 0x00, 0x00, 0x00, 0x00, 0x00, 0x00, 0x00, 0x00, 0x1F, 0x00, 0x00, 0x00, 0x00, 0x01
    .byte   0xF0, 0x00, 0x00, 0x0F, 0x1F, 0x11, 0xF1, 0xF0, 0x00, 0x00, 0x00, 0x00, 0x0F, 0x01, 0x00, 0x00
    .byte   0x00, 0x0F,    0, 0x0F, 0x1F, 0x11, 0xF0, 0x1F, 0x00, 0x0F, 0x10, 0x1F, 0x01, 0xF1, 0xF0, 0xF1
    .byte   0x00, 0x0F, 0x10, 0x00, 0x1F, 0x00, 0x00, 0x00, 0x1F, 0x00, 0x00, 0x00, 0x00, 0x00, 0x00, 0x00
    .byte   0x1F, 0x1F, 0x00,    0, 0x01, 0xF0, 0x00, 0x00, 0x00, 0x00, 0x0F, 0x1F, 0x10, 0x00, 0x00, 0x00
    .byte   0x01, 0xF1, 0x0F, 0x00, 0x00, 0x01, 0xF0, 0x00, 0xF1, 0x0F, 0x10, 0xF1, 0xF0, 0x1F, 0x10, 0x00
    .byte   0x0F, 0x10, 0x00, 0x00,    1, 0x00, 0xF0, 0xF0, 0x1F, 0x10, 0x00, 0x00, 0x01, 0x0F, 0x00, 0x01
    .byte   0xF0, 0x01, 0xF0, 0x00, 0x01, 0xF0, 0x00, 0x01, 0xF0, 0x00, 0xF1, 0x00, 0x0F, 0x10, 0xF0, 0x10
    .byte   0x00, 0xF1, 0xF1, 0x00, 0x00,    0, 0x01, 0xF0, 0x00, 0xF1, 0x00, 0xF1, 0x00, 0x00, 0x00, 0x00
    .byte   0x1F, 0x0F, 0x10, 0x00, 0x00, 0x00, 0x00, 0x00, 0x00, 0x00, 0x00, 0x00, 0x00, 0x00, 0x00, 0x0F
    .byte   0x10, 0x01, 0xF0, 0x00, 0x00, 0x00,    1, 0x0F, 0xF1, 0x00, 0x0F, 0x10, 0xF1, 0x00, 0xF1, 0x10
    .byte   0xF1, 0xF0, 0xF1, 0xF1, 0x1F, 0x00, 0x01, 0xF0, 0x10, 0x0F, 0xF1, 0x00, 0x00, 0x00, 0x1F, 0x1F
    .byte   0x0F, 0x01, 0xF1, 0x00, 0x1F, 0x00, 0xF1,    0, 0x00, 0x00, 0x00, 0x00, 0x00, 0x01, 0xF0, 0x00
    .byte   0x1F, 0x10, 0xF0, 0x01, 0x0F, 0x00, 0x00, 0xF1, 0x00, 0x00, 0x00, 0x00, 0xF1, 0x00, 0x00, 0x00
    .byte   0xF1, 0x00, 0x1F, 0x01, 0x0F, 0x1F, 0x00, 0x01,    1, 0x0F, 0xF0, 0x1F, 0x01, 0xF0, 0xF2, 0x10
    .byte   0xD5, 0x69, 0x92, 0x76, 0xA8, 0x47, 0x5D, 0xBB, 0x34, 0x0E, 0xCD, 0x43, 0x2D, 0xD3, 0x43, 0xDC
    .byte   0x04, 0x3E, 0xCE, 0x30, 0x1E, 0x3E, 0xDF, 0x44, 0xCB,  -19, 0x04, 0x5C, 0xAF, 0x46, 0xF9, 0x16
    .byte   0x5D, 0xAD, 0x54, 0xCB, 0x24, 0x4D, 0xB3, 0x42, 0xED, 0x13, 0xEE, 0xE1, 0x3E, 0xE2, 0x31, 0xD1
    .byte   0x22, 0xFD, 0x01, 0x10, 0xE1, 0x02, 0xFE, 0x0F, 0x21, 0xD1,   -5, 0x02, 0x1E, 0x02, 0x1F, 0xF1
    .byte   0x11, 0xE0, 0x20, 0xFF, 0x02, 0x0E, 0xF0, 0x2F, 0xEF, 0x22, 0xEE, 0x12, 0x2E, 0xE1, 0x21, 0xEE
    .byte   0x22, 0x0E, 0xF1, 0x11, 0xE1, 0x11, 0xFE, 0x02, 0x0F, 0xF0, 0x2F,   -3, 0x0E, 0x22, 0x0E, 0x01
    .byte   0x21, 0xEF, 0x12, 0x0E, 0xF2, 0x10, 0xE1, 0x02, 0x0E, 0x11, 0x1F, 0x01, 0x00, 0xF1, 0xF0, 0xFF
    .byte   0x01, 0x0F, 0xE0, 0x2F, 0xFE, 0x02, 0xFE, 0xE1, 0x20, 0xEF, 0x02, 0x0E,  -11, 0x01, 0x12, 0xF0
    .byte   0x20, 0x01, 0x22, 0xF0, 0x12, 0x11, 0x00, 0x20, 0xFF, 0x01, 0xFF, 0xFE, 0x11, 0xEF, 0xF0, 0xEF
    .byte   0x00, 0xE0, 0xE1, 0xFE, 0xEF, 0x1E, 0xEE, 0x00, 0xEE, 0xEF, 0x0F, 0xF2, 0x13,  -18, 0x02, 0x43
    .byte   0x33, 0x32, 0x32, 0x10, 0x00, 0xEF, 0xEE, 0xEE, 0xED, 0xDF, 0xEE, 0xDE, 0x11, 0xF0, 0x22, 0x11
    .byte   0x12, 0xEE, 0xEF, 0xED, 0xED, 0xEE, 0xDD, 0xEE, 0xFD, 0xE2, 0x22, 0x33, 0x53, 0x43,   29, 0x04
    .byte   0x30, 0x32, 0x2D, 0xD1, 0x0D, 0xDE, 0xEE, 0xDD, 0xE0, 0xDE, 0x10, 0x20, 0x23, 0x23, 0x13, 0x2F
    .byte   0xEF, 0x1D, 0xDD, 0xFE, 0xDD, 0xFF, 0xFE, 0xF2, 0x0F, 0x01, 0xFF, 0xEF, 0xED, 0xED, 0xEE,  -64
    .byte   0x01, 0x13, 0x53, 0x44, 0x25, 0x32, 0x21, 0x3E, 0xDE, 0xEE, 0xDD, 0xEE, 0xDE, 0xEE, 0xDF, 0x2F
    .byte   0x21, 0x23, 0x31, 0x23, 0x2E, 0xE0, 0xFD, 0xDD, 0xDE, 0xED, 0xF1, 0x02, 0x12, 0x22, 0x2F, 0x2F
    .byte     -8, 0x0E, 0xEE, 0xDD, 0xDD, 0xED, 0xFE, 0x32, 0x45, 0x35, 0x34, 0x5E, 0x30, 0x02, 0xCD, 0xED
    .byte   0xEC, 0xFE, 0xDE, 0xE1, 0x0E, 0x02, 0x23, 0x12, 0x31, 0x22, 0x1E, 0xEE, 0xFD, 0xDD, 0xD0, 0xE0
    .byte   0xE2,  -18, 0x02, 0x22, 0x21, 0x11, 0x1F, 0xEE, 0xED, 0xEE, 0xDD, 0xDD, 0xDE, 0x02, 0x32, 0x55
    .byte   0x45, 0x34, 0x5D, 0x2E, 0xEE, 0xCD, 0xDD, 0xDD, 0xFF, 0xEE, 0x12, 0x2E, 0x22, 0x22, 0x13, 0x2E
    .byte   0x2E, 0x1E,    9, 0x0E, 0xEE, 0xDD, 0xFF, 0x1F, 0x12, 0x22, 0x30, 0x21, 0x01, 0x0E, 0xDE, 0xED
    .byte   0xDD, 0xED, 0xDD, 0x01, 0x03, 0x33, 0x55, 0x44, 0x43, 0x40, 0xEE, 0xDE, 0xCC, 0xED, 0xDD, 0x20
    .byte   0x10, 0x03, 0x11,   15, 0x02, 0x20, 0x21, 0x0E, 0xE1, 0xED, 0xED, 0xFE, 0xD0, 0x01, 0x12, 0x12
    .byte   0x21, 0x21, 0x2F, 0xE0, 0xEE, 0xDF, 0xDD, 0xED, 0xFD, 0xDE, 0xFF, 0x13, 0x33, 0x46, 0x44, 0x43
    .byte   0x42, 0xDD, 0xDE, 0xCC,   11, 0x0E, 0xED, 0x12, 0x12, 0x03, 0x12, 0x12, 0x01, 0x2E, 0xFF, 0xDF
    .byte   0x0E, 0xDD, 0x10, 0xEE, 0xF1, 0x21, 0x21, 0x22, 0x02, 0x0E, 0xFE, 0xEE, 0xED, 0xED, 0xEE, 0xED
    .byte   0xEE, 0x0E, 0x23, 0x33, 0x45,   27, 0x04, 0x41, 0x42, 0xDD, 0xDD, 0xDC, 0xDD, 0xFE, 0x22, 0x22
    .byte   0xF3, 0x21, 0xFF, 0x20, 0xFE, 0xE0, 0xDF, 0x0D, 0xFD, 0x00, 0xFE, 0xF2, 0x22, 0xF1, 0x21, 0x11
    .byte   0x0F, 0xEF, 0xEE, 0xED, 0xDE, 0xEE,  -51, 0x0E, 0xEE, 0xFE, 0xF4, 0x22, 0x35, 0x64, 0x33, 0x24
    .byte   0xED, 0xCD, 0xEC, 0xDD, 0xFE, 0x03, 0x22, 0x02, 0x32, 0xEE, 0x10, 0x0E, 0xEE, 0xEF, 0xEF, 0xED
    .byte   0x00, 0x1E, 0xE0, 0x31, 0x0F, 0x22, 0x01,    2, 0x01, 0xEE, 0x0E, 0xED, 0xD0, 0xED, 0xE0, 0xEE
    .byte   0xDE, 0x22, 0x23, 0x33, 0x56, 0x34, 0xF3, 0x4D, 0xDC, 0xDD, 0xDD, 0xD1, 0x02, 0x22, 0x21, 0x22
    .byte   0x2F, 0xE0, 0xFF, 0xEE, 0xEE, 0xD2, 0x1D, 0xEE,   -9, 0x02, 0xEF, 0xF2, 0x21, 0xF0, 0x20, 0x00
    .byte   0xE0, 0xEF, 0xEE, 0xED, 0xED, 0x0E, 0xEE, 0xEE, 0xFE, 0x24, 0x22, 0x35, 0x64, 0x20, 0x44, 0xDC
    .byte   0xCF, 0xDC, 0xDE, 0xFE, 0x23, 0x22, 0xE3, 0x30, 0xED,   25, 0x00, 0xFE, 0xD1, 0xD0, 0x1F, 0xED
    .byte   0xF2, 0x1E, 0xE1, 0x3F, 0x01, 0x02, 0xF0, 0x2E, 0xEE, 0xFE, 0xEE, 0xDE, 0xED, 0x1E, 0xEE, 0xE0
    .byte   0x21, 0x33, 0x33, 0x55, 0x43, 0xF4, 0x3C, 0xDC, 0xFE, 0xCD,    0, 0x02, 0x02, 0x21, 0x2F, 0x33
    .byte   0xFD, 0xF2, 0x0E, 0xDE, 0x1E, 0xEF, 0xFE, 0xEF, 0x11, 0xEE, 0x22, 0x2E, 0x02, 0x20, 0x0F, 0xE0
    .byte   0xE1, 0xDE, 0xDE, 0xEE, 0xEE, 0xEF, 0xE0, 0xEE, 0x33, 0x32, 0x35,   31, 0x03, 0x22, 0x43, 0xDD
    .byte   0xCF, 0xDD, 0xDE, 0xFE, 0x23, 0x11, 0x13, 0x20, 0xD0, 0x21, 0xED, 0x0E, 0x0E, 0xFF, 0xDF, 0xF0
    .byte   0x1D, 0x02, 0x20, 0xF1, 0x22, 0xF0, 0x1F, 0x0D, 0xFE, 0xED, 0xEE, 0xEE,  -47, 0x0E, 0xFE, 0xE0
    .byte   0xF1, 0x42, 0x23, 0x56, 0x22, 0x24, 0x4C, 0xDD, 0xEE, 0xCC, 0xE2, 0x10, 0x30, 0x2F, 0x33, 0xED
    .byte   0xE3, 0x2E, 0xDD, 0x3F, 0xED, 0xFE, 0xFF, 0xEF, 0xEF, 0x21, 0x1E, 0x03, 0x20,   -1, 0x0F, 0x10
    .byte   0xFD, 0xDF, 0xEE, 0xED, 0xEF, 0x0F, 0xDE, 0xF2, 0x12, 0x33, 0x35, 0x53, 0x33, 0x34, 0xDD, 0xC0
    .byte   0xFC, 0xDC, 0x3F, 0x01, 0xF3, 0x12, 0x21, 0xFE, 0x12, 0xFD, 0xE1, 0x1E, 0x0D, 0xF0,   -4, 0x01
    .byte   0xEE, 0xF0, 0x2E, 0x11, 0x22, 0xFF, 0x21, 0xFE, 0xEE, 0xEE, 0xED, 0xED, 0x00, 0xED, 0xF0, 0xFF
    .byte   0x33, 0x33, 0x36, 0x33, 0x33, 0x40, 0xCD, 0xFE, 0xDC, 0xD1, 0xF0, 0x02, 0x11, 0x23, 0x1E,   19
    .byte   0x02, 0x20, 0xDE, 0x12, 0xED, 0xFF, 0x0E, 0xEE, 0xE0, 0xF1, 0x0F, 0x22, 0x12, 0xF0, 0x2E, 0xEF
    .byte   0xEE, 0xED, 0xEF, 0xDE, 0xEE, 0x1E, 0xEF, 0xE3, 0x32, 0x33, 0x55, 0x33, 0x14, 0x4D, 0xCD, 0x2E
    .byte     29, 0x0C, 0xE2, 0xFE, 0x01, 0x22, 0x12, 0x2D, 0x22, 0x1F, 0xD0, 0x21, 0xDE, 0x0E, 0xFD, 0x0E
    .byte   0xE0, 0xF1, 0x00, 0x22, 0x2F, 0x01, 0x21, 0xDE, 0xEF, 0xEE, 0xDD, 0x0E, 0x0D, 0xEE, 0x2F, 0xE3
    .byte   0x33,  -30, 0x03, 0x64, 0x22, 0x35, 0x0C, 0xD2, 0xFC, 0xCD, 0x2E, 0xEF, 0x21, 0xF2, 0x31, 0xEF
    .byte   0x23, 0xFD, 0xE2, 0x2E, 0xD0, 0xEF, 0xEE, 0xEE, 0xEF, 0x1F, 0xF1, 0x22, 0x11, 0x12, 0x0E, 0xFE
    .byte   0xEE, 0xED,  -32, 0x0E, 0xD1, 0xD0, 0xEE, 0xFF, 0x13, 0x33, 0x24, 0x63, 0x23, 0x35, 0xDC, 0xFF
    .byte   0x0C, 0xCE, 0x1E, 0xE1, 0x10, 0x02, 0x3E, 0xE2, 0x3F, 0xEE, 0x12, 0x0D, 0xF1, 0xEE, 0xD1, 0xEE
    .byte   0xEF, 0x10, 0xE1,  -11, 0x02, 0x10, 0x21, 0x1F, 0xEE, 0xEE, 0xEE, 0xDD, 0x00, 0xED, 0xEF, 0x0F
    .byte   0xF2, 0x43, 0x34, 0x54, 0x22, 0x44, 0xDD, 0xE1, 0xFC, 0xC0, 0x1D, 0xF0, 0x1F, 0x02, 0x20, 0xD3
    .byte   0x23, 0xDE, 0x13, 0xED,   16, 0x0E, 0xFE, 0xD1, 0xDE, 0x0F, 0x0E, 0x22, 0x20, 0x20, 0x22, 0xEE
    .byte   0xFE, 0xEE, 0xDF, 0xED, 0xEE, 0xFE, 0xDE, 0x12, 0x21, 0x33, 0x44, 0x53, 0x31, 0x44, 0xDD, 0xD2
    .byte   0x2C, 0xCE, 0x2F, 0xED, 0x12,   13, 0x0F, 0x2F, 0xF2, 0x02, 0x0E, 0x12, 0x2D, 0xFF, 0xEE, 0xDF
    .byte   0xEE, 0xEE, 0x01, 0x01, 0x22, 0x10, 0x13, 0x1D, 0xE0, 0x1E, 0xDE, 0xDF, 0xEF, 0xDD, 0xF1, 0x0E
    .byte   0xE3, 0x42, 0x33, 0x55, 0x13, 0x15,   70, 0x0C, 0xEF, 0x2D, 0xCD, 0x10, 0xDF, 0xF2, 0xE0, 0x21
    .byte   0x1E, 0x23, 0xFE, 0xF3, 0xFE, 0xEF, 0x1D, 0xED, 0x1E, 0xDF, 0xF2, 0x0E, 0x22, 0x20, 0x20, 0x1F
    .byte   0xF0, 0xD0, 0xEF, 0xDE, 0xD0, 0xEE, 0xDD,  -62, 0x00, 0x10, 0x23, 0x43, 0x45, 0x33, 0x23, 0x4F
    .byte   0xDD, 0x3E, 0xDC, 0xE2, 0xED, 0xFF, 0x11, 0xE2, 0xF0, 0x11, 0x20, 0xF2, 0x21, 0xD1, 0xF2, 0xDD
    .byte   0xE1, 0xED, 0xEE, 0x3E, 0xE2, 0x22, 0x00, 0x22,   -1, 0x0E, 0x0F, 0xEE, 0xDF, 0xED, 0xED, 0xFE
    .byte   0xED, 0x01, 0x32, 0x33, 0x25, 0x53, 0x22, 0x44, 0xEC, 0x12, 0x2C, 0xCF, 0x2E, 0xDE, 0x01, 0x01
    .byte   0x1E, 0x12, 0x21, 0xE0, 0x32, 0xEE, 0x01, 0x0D, 0xDF,    2, 0x0E, 0xDD, 0x22, 0xEF, 0xE3, 0x20
    .byte   0x02, 0x11, 0x0E, 0x0E, 0xEE, 0xEE, 0xDE, 0xED, 0xEE, 0x0F, 0xE2, 0x32, 0x42, 0x45, 0x33, 0x33
    .byte   0x31, 0xEE, 0x2E, 0xDD, 0xE1, 0xDE, 0xEF, 0xFF, 0x02, 0xEF,   12, 0x02, 0x2E, 0x02, 0x21, 0xEF
    .byte   0xF0, 0xED, 0xD0, 0xFE, 0xDE, 0x20, 0xF0, 0x03, 0x0F, 0x22, 0x1F, 0xE1, 0x1E, 0xDF, 0xEE, 0xDD
    .byte   0xFE, 0xED, 0xE0, 0x3E, 0x23, 0x43, 0x44, 0x43, 0x23, 0x30, 0xEE,   51, 0x0E, 0xDD, 0xFF, 0xEE
    .byte   0xEF, 0x01, 0xE1, 0xF1, 0x11, 0x20, 0x02, 0x01, 0xE2, 0xE0, 0xDE, 0xFE, 0xED, 0xFF, 0xF0, 0xE2
    .byte   0x21, 0x11, 0x21, 0x1F, 0x1E, 0xE0, 0xEE, 0xDE, 0xFE, 0xDD, 0x00, 0xED,  -65, 0x03, 0x23, 0x14
    .byte   0x45, 0x23, 0x33, 0x31, 0xEE, 0x01, 0xDD, 0xD2, 0xFE, 0xEE, 0x10, 0x0F, 0xE0, 0x21, 0x01, 0x12
    .byte   0x1F, 0x0F, 0x1E, 0xEE, 0xEE, 0xEE, 0xEF, 0xF0, 0x1E, 0x22, 0x20, 0x02, 0x1F,   -3, 0x00, 0xE1
    .byte   0xDE, 0xFE, 0xED, 0xD0, 0xFE, 0xDE, 0x12, 0x12, 0x33, 0x34, 0x53, 0x22, 0x44, 0xED, 0xE2, 0x0D
    .byte   0xCE, 0x2E, 0xEE, 0xF1, 0xF0, 0x1F, 0xE1, 0x22, 0x0E, 0x22, 0x2E, 0xFE, 0x10, 0xDF,   -1, 0x0E
    .byte   0xEF, 0xEF, 0xFF, 0x21, 0x12, 0x12, 0x2F, 0xF1, 0x0E, 0xEE, 0xEE, 0xEE, 0xDE, 0xEE, 0x1D, 0xDF
    .byte   0x31, 0x12, 0x34, 0x34, 0x43, 0x41, 0x33, 0xED, 0xF2, 0xED, 0xC2, 0x2D, 0xFD, 0x22, 0xD1,   13
    .byte   0x00, 0xE0, 0x03, 0xEE, 0x22, 0x2E, 0xE1, 0xFF, 0xDE, 0xEF, 0xEE, 0x10, 0xE1, 0x22, 0x10, 0x22
    .byte   0x2E, 0x01, 0x1E, 0xEE, 0xEF, 0xDE, 0xED, 0xEE, 0xFE, 0xD2, 0x01, 0xF1, 0x43, 0x32, 0x45, 0x13
    .byte     34, 0x04, 0x3D, 0xEE, 0x3D, 0xDD, 0x02, 0xDE, 0xF1, 0x1E, 0x02, 0xEF, 0xF2, 0x2E, 0x02, 0x21
    .byte   0xD1, 0x2E, 0xED, 0x01, 0xDD, 0x11, 0x0E, 0xF3, 0x20, 0x10, 0x30, 0xE1, 0x00, 0xEE, 0xFE, 0xED
    .byte   0xFF,  -33, 0x0D, 0xE0, 0x1D, 0xE1, 0x12, 0xF2, 0x43, 0x33, 0x44, 0x22, 0x24, 0xFD, 0xE0, 0x2D
    .byte   0xDE, 0x10, 0xD1, 0xF2, 0xEF, 0x20, 0xFE, 0x12, 0x1E, 0x02, 0x0E, 0xFF, 0x2D, 0xEF, 0xE0, 0xDE
    .byte   0x20, 0x0F,  -11, 0x02, 0x22, 0x00, 0x21, 0xFE, 0xF0, 0xEE, 0xEF, 0xED, 0xE1, 0xED, 0xEF, 0x1E
    .byte   0xD2, 0x12, 0xF0, 0x43, 0x23, 0x45, 0x02, 0x23, 0x3D, 0xEE, 0x1F, 0xDE, 0xE2, 0xEE, 0x2F, 0x0E
    .byte   0x22, 0xFE, 0xE2,   18, 0x0F, 0xE2, 0x0E, 0x00, 0xFF, 0xDF, 0x0F, 0xDE, 0x21, 0xFE, 0x31, 0x02
    .byte   0x12, 0x0F, 0x11, 0xEE, 0x0E, 0x0D, 0xFE, 0xED, 0x10, 0xDE, 0xEF, 0x0E, 0xF0, 0x00, 0x23, 0x33
    .byte   0x24, 0x44, 0x12, 0x22,   47, 0x0E, 0xFE, 0xEE, 0xEF, 0xFE, 0xE1, 0x2F, 0x0E, 0x21, 0xE1, 0x00
    .byte   0xEF, 0x2F, 0xFE, 0x10, 0xEF, 0xE0, 0xFE, 0xEF, 0x0F, 0x02, 0x02, 0x12, 0x11, 0x11, 0x0E, 0xFF
    .byte   0xEE, 0xEF, 0xEE, 0xEE, 0xFE,  -35, 0x0E, 0xEE, 0xE1, 0xFF, 0xFF, 0x21, 0x23, 0x33, 0x34, 0x33
    .byte   0x31, 0x22, 0xEF, 0x0E, 0xEE, 0xE1, 0x0F, 0x01, 0xE1, 0xF1, 0x2E, 0xFF, 0x0F, 0xE1, 0xFF, 0xFF
    .byte   0x1E, 0xFE, 0x1F, 0xEF, 0xF0, 0xF0,   -3, 0x01, 0x2F, 0x21, 0x10, 0x10, 0xFE, 0xE1, 0xEE, 0xEF
    .byte   0xEE, 0xEE, 0x0E, 0xEE, 0xFE, 0xE1, 0xF0, 0xFF, 0x12, 0x23, 0x33, 0x24, 0x42, 0x31, 0x12, 0xE2
    .byte   0xFE, 0xED, 0x01, 0x2E, 0x1F, 0xF0, 0x12,   25, 0x0E, 0xFF, 0xFF, 0xF1, 0xEE, 0xF1, 0x0F, 0xEE
    .byte   0x1F, 0xE1, 0x0F, 0xFF, 0x22, 0x10, 0x2F, 0xF0, 0x20, 0xEE, 0xFE, 0x1E, 0xEE, 0xFE, 0xE0, 0xEE
    .byte   0xEF, 0xEE, 0xF1, 0x0E, 0xF0, 0xE2, 0x23, 0x32,  -13, 0x03, 0x34, 0x23, 0xF0, 0x2E, 0x11, 0x0D
    .byte   0xE1, 0x11, 0x01, 0x0E, 0x11, 0x21, 0xEE, 0x0F, 0x1E, 0x1E, 0xEF, 0x01, 0xFE, 0x0E, 0x0F, 0x00
    .byte   0x0E, 0x02, 0x21, 0x11, 0x00, 0xF1, 0x1F, 0xEE, 0xFE,   -6, 0x0E, 0xEF, 0xEE, 0xEF, 0xFE, 0xEE
    .byte   0x0F, 0xEF, 0xF0, 0xEF, 0x02, 0x02, 0x43, 0x42, 0x34, 0x13, 0x01, 0x2D, 0x2F, 0xEF, 0xD0, 0x2F
    .byte   0x02, 0x0F, 0x01, 0x2E, 0x0E, 0x0E, 0xF1, 0x1E, 0xEE, 0x1F,    5, 0x0F, 0xFF, 0xEF, 0x21, 0x00
    .byte   0x11, 0x12, 0x11, 0xEF, 0xF0, 0x1F, 0xFE, 0xEE, 0x00, 0xEF, 0xEE, 0xEE, 0x2F, 0xD0, 0xEE, 0x0F
    .byte   0x1E, 0xEF, 0xF0, 0x21, 0x33, 0x33, 0x34, 0x4F, 0x30, 0xF2, 0xD2,   36, 0x0D, 0xEE, 0x02, 0xE2
    .byte   0x2E, 0x10, 0x03, 0xEF, 0xFE, 0x0E, 0x11, 0xEE, 0xEF, 0x0E, 0x01, 0xEE, 0x01, 0x20, 0xF1, 0x20
    .byte   0x02, 0x1E, 0x0E, 0x11, 0xE0, 0xFE, 0xEE, 0x11, 0xEE, 0xFE, 0xFE, 0xFF,  -33, 0x0E, 0xF0, 0xE0
    .byte   0xEF, 0x0E, 0x00, 0x02, 0xF4, 0x33, 0x33, 0x43, 0x13, 0xE2, 0xFD, 0x3D, 0xEF, 0xE1, 0x00, 0x21
    .byte   0x0F, 0x12, 0x0F, 0x1F, 0xEE, 0x01, 0xFE, 0xEE, 0xFE, 0x00, 0xE0, 0xE0, 0x2F,    2, 0x01, 0x2F
    .byte   0x11, 0x11, 0x0E, 0x0F, 0xE1, 0xE0, 0xEF, 0xEF, 0x10, 0xEE, 0xFE, 0xFF, 0xEF, 0xEF, 0xFF, 0xEE
    .byte   0x00, 0xE0, 0xE1, 0x01, 0x33, 0x33, 0x33, 0x43, 0x23, 0xE1, 0xEE, 0x3D, 0xFE, 0xE1,   19, 0x02
    .byte   0x21, 0x0F, 0xF2, 0x0F, 0x3E, 0xFE, 0xEF, 0xFE, 0xFE, 0xEE, 0xE0, 0xE0, 0x1E, 0x01, 0x12, 0x11
    .byte   0x1F, 0x2F, 0x01, 0x0E, 0xF0, 0xFF, 0xFE, 0xFE, 0xE0, 0x1F, 0xFE, 0xFE, 0xFF, 0xEF, 0xFE,  -38
    .byte   0x0F, 0x0E, 0xEF, 0xE0, 0x02, 0x22, 0x23, 0x33, 0x34, 0x31, 0x32, 0xE0, 0xF0, 0x1E, 0xFE, 0xE0
    .byte   0x12, 0x2F, 0x00, 0xE0, 0x02, 0x0F, 0xFE, 0xFE, 0xF0, 0x1E, 0xEE, 0xEE, 0xFF, 0xF0, 0xFF, 0x0F
    .byte     -4, 0x00, 0x22, 0xE2, 0xF0, 0x10, 0x10, 0xE0, 0xEF, 0x0F, 0xFF, 0xEF, 0xEE, 0xFF, 0x0E, 0xFE
    .byte   0x0E, 0x0F, 0x1F, 0xEF, 0xFE, 0xF1, 0x10, 0x13, 0x22, 0x33, 0x34, 0x23, 0x2F, 0x2F, 0x22, 0xE0
    .byte   0xEF,   32, 0x0E, 0x2F, 0xF0, 0xE0, 0xFF, 0xF2, 0xF0, 0xFE, 0x0E, 0xF1, 0x0E, 0xEE, 0xEE, 0xF0
    .byte   0xFF, 0xFF, 0xF0, 0x01, 0x20, 0x21, 0x11, 0x10, 0x1F, 0xFF, 0xEF, 0xEF, 0x0F, 0xFE, 0xFE, 0xFF
    .byte   0xFF, 0xFF,  -29, 0x0F, 0xFF, 0xFF, 0x0E, 0xFF, 0xF1, 0x00, 0x12, 0x23, 0x23, 0x34, 0x03, 0x21
    .byte   0x22, 0x02, 0x00, 0xEF, 0xFE, 0x10, 0xE1, 0xE0, 0xEE, 0x12, 0xF0, 0xEF, 0xFF, 0x00, 0x0F, 0xEE
    .byte   0xEE, 0xF0, 0xF0,   -7, 0x00, 0xE0, 0x00, 0x20, 0x21, 0x11, 0x12, 0x11, 0x1F, 0xFF, 0xEF, 0xFE
    .byte   0x0E, 0xEE, 0xFE, 0xFF, 0x0E, 0xFE, 0x0F, 0xF0, 0x0F, 0xFF, 0xF0, 0x1F, 0x11, 0x12, 0x23, 0x33
    .byte   0x32, 0x23, 0x22, 0x22,   43, 0x00, 0x10, 0xE0, 0xEF, 0x0F, 0xEF, 0xEE, 0xEF, 0x01, 0x0F, 0xFF
    .byte   0x0E, 0x01, 0xFF, 0x0E, 0xEE, 0xFF, 0xFF, 0x0E, 0x0F, 0xF2, 0x02, 0x20, 0x2F, 0x01, 0x2F, 0x10
    .byte   0xFF, 0xEF, 0xEF, 0xFE, 0xFE,  -19, 0x0E, 0x0F, 0xFF, 0xFF, 0xE0, 0xF0, 0x1F, 0x0E, 0x00, 0x0F
    .byte   0x11, 0x11, 0x32, 0x23, 0x33, 0x23, 0x22, 0x21, 0x22, 0x00, 0xF0, 0xEF, 0x0E, 0x0E, 0xEE, 0xEF
    .byte   0xFF, 0xFF, 0xF0, 0xE0, 0x01, 0x00,    8, 0x0F, 0xEE, 0xFF, 0xFF, 0xFF, 0x0E, 0x01, 0x02, 0x12
    .byte   0x10, 0x12, 0xF2, 0xFF, 0x1E, 0x0E, 0x0E, 0x0E, 0xFF, 0xEE, 0xFE, 0xFF, 0x0E, 0xFF, 0x0F, 0x10
    .byte   0xFF, 0x0F, 0xF1, 0xF0, 0x02, 0x22, 0x23,   -4, 0x03, 0x23, 0x22, 0x22, 0x22, 0x01, 0xF0, 0x0E
    .byte   0x1F, 0xEF, 0xEE, 0xEE, 0x0E, 0x0F, 0xF0, 0xEF, 0x00, 0x1F, 0x0F, 0xE0, 0xEF, 0x0E, 0x00, 0xE0
    .byte   0xFF, 0x10, 0x12, 0x02, 0x01, 0x2F, 0x2F, 0xF1,    1, 0x0F, 0x0E, 0x1F, 0xFE, 0xFE, 0xFE, 0x0E
    .byte   0x0F, 0xE0, 0xFF, 0x01, 0x00, 0xF0, 0x0F, 0x1F, 0x10, 0x12, 0x22, 0x23, 0x31, 0x23, 0x22, 0x22
    .byte   0x12, 0x2F, 0x10, 0xFF, 0x1E, 0xFE, 0xEE, 0xEE, 0xFF,   13, 0x0E, 0x1E, 0xF0, 0xF1, 0x0F, 0x0F
    .byte   0xEF, 0xFF, 0xFF, 0xFF, 0xFF, 0x01, 0x10, 0x21, 0x11, 0x11, 0x02, 0xF1, 0xF0, 0x0E, 0x00, 0xFF
    .byte   0xEF, 0xE0, 0xEF, 0x0E, 0xFE, 0x0E, 0x1F, 0x01, 0xFF, 0x10,  -29, 0x01, 0x0F, 0x01, 0x02, 0x22
    .byte   0x23, 0x20, 0x32, 0x22, 0x22, 0x21, 0x21, 0x11, 0x01, 0x1E, 0x0E, 0xEE, 0xEF, 0xEE, 0xFF, 0xEF
    .byte   0xE0, 0x0F, 0x00, 0xE1, 0x0E, 0xFF, 0xFF, 0xFF, 0xF0, 0x00, 0x11,   -8, 0x01, 0x11, 0x20, 0x21
    .byte   0x00, 0xF1, 0x00, 0xFF, 0x0F, 0xEF, 0xE0, 0xE0, 0xFE, 0xFE, 0xFF, 0xFF, 0xF2, 0x0E, 0x10, 0xFF
    .byte   0x0F, 0x2F, 0x11, 0x20, 0x34, 0x2D, 0x42, 0xE3, 0x23, 0x0F, 0xFF, 0x2F,   37, 0x03, 0xED, 0xFE
    .byte   0xEF, 0xFF, 0xEE, 0xE1, 0xE0, 0x2F, 0x0F, 0xFF, 0xF1, 0x1E, 0x0E, 0xE0, 0x0F, 0x0F, 0x0E, 0x12
    .byte   0x02, 0x11, 0xFF, 0x22, 0xF1, 0xFE, 0xFE, 0x1F, 0x0E, 0xFE, 0xEE, 0x1F, 0x0E,  -27, 0x0E, 0xE2
    .byte   0x12, 0x1E, 0x0E, 0xF2, 0x0F, 0x0E, 0x12, 0x23, 0x14, 0x22, 0x32, 0x32, 0xF3, 0xFF, 0xFE, 0x2E
    .byte   0x10, 0xE1, 0xD1, 0xFF, 0xFE, 0xFE, 0xF1, 0x01, 0x0F, 0x0E, 0xF0, 0x0F, 0xEE, 0xEE,  -10, 0x00
    .byte   0x00, 0xE1, 0x10, 0x31, 0xF2, 0x00, 0x2F, 0x20, 0xEE, 0x0F, 0xF0, 0xE0, 0xEE, 0x10, 0xE0, 0xE0
    .byte   0xE0, 0x10, 0xFE, 0x10, 0x0F, 0x0E, 0xE0, 0xFF, 0x1F, 0x22, 0x23, 0x24, 0x31, 0x40, 0x23,   41
    .byte   0x02, 0x1E, 0xFE, 0xE1, 0xFF, 0xEE, 0xEF, 0x01, 0x0F, 0xFE, 0x02, 0xF1, 0x1E, 0x0E, 0x0F, 0xEF
    .byte   0xEE, 0xEE, 0x10, 0x00, 0xE2, 0x02, 0x22, 0x10, 0x20, 0x12, 0xE1, 0xEF, 0xFE, 0x0E, 0xFF, 0xEF
    .byte    -14, 0x00, 0x0E, 0x1E, 0x0F, 0xF0, 0xFF, 0x0F, 0xE0, 0xFE, 0x0E, 0x0F, 0xE2, 0x21, 0x32, 0x32
    .byte   0x43, 0x33, 0xF2, 0x20, 0x3E, 0xEE, 0xD2, 0xE1, 0xFE, 0xEE, 0x01, 0x02, 0xEE, 0x10, 0x21, 0x00
    .byte   0xD0,    6, 0x01, 0x1E, 0xEE, 0xEF, 0xE2, 0x1F, 0xFF, 0x02, 0x22, 0x20, 0x11, 0x02, 0x0F, 0xFE
    .byte   0xEF, 0xF0, 0xEF, 0xEE, 0xFF, 0x21, 0xEE, 0xFF, 0xF1, 0x0F, 0xEE, 0xE1, 0x1F, 0xE0, 0xEF, 0xF0
    .byte   0x20, 0x23,  -22, 0x02, 0x24, 0x33, 0x31, 0x30, 0x12, 0x2E, 0xDF, 0xEF, 0x10, 0x1E, 0xDF, 0x02
    .byte   0x11, 0xFE, 0xE1, 0x22, 0xFE, 0xEE, 0xEF, 0xF1, 0xED, 0x0E, 0xF0, 0x21, 0xE0, 0xF2, 0x23, 0x20
    .byte   0x1E, 0xF2, 0x21,   12, 0x0E, 0xEE, 0xFE, 0x1F, 0xEE, 0xE0, 0x12, 0x0F, 0xEE, 0xF1, 0x01, 0xEE
    .byte   0xEF, 0xF0, 0x1F, 0xEE, 0x01, 0x12, 0x22, 0x31, 0x24, 0x33, 0x32, 0x21, 0x12, 0x2E, 0xEE, 0xEE
    .byte   0x11, 0xFF, 0xDF, 0xFF,   19, 0x00, 0x1E, 0xE1, 0x12, 0x1E, 0x0E, 0xEE, 0xF0, 0xE0, 0xEE, 0xFE
    .byte   0x21, 0x11, 0xF1, 0x12, 0x22, 0x2F, 0xFF, 0x02, 0x01, 0xEE, 0xEE, 0xF0, 0x00, 0xEE, 0xF0, 0x11
    .byte   0x00, 0xEE, 0xFF, 0x0F, 0xFE,  -31, 0x00, 0xFF, 0x10, 0x0E, 0x00, 0x02, 0x23, 0x21, 0x43, 0x32
    .byte   0x32, 0x1F, 0x2F, 0xFF, 0xEF, 0xEF, 0xFF, 0xFE, 0xEE, 0x01, 0xF1, 0x0F, 0xF0, 0x10, 0x10, 0xFE
    .byte   0xEF, 0xFF, 0xFE, 0xFE, 0xFF, 0x01,   -8, 0x01, 0x11, 0x02, 0x12, 0x11, 0x00, 0x10, 0xF0, 0xFE
    .byte   0x0E, 0xFF, 0x0E, 0xF0, 0xFE, 0x10, 0x0E, 0xFF, 0xF1, 0xF0, 0xEF, 0x00, 0x11, 0x0E, 0x0F, 0x11
    .byte   0x21, 0x11, 0x22, 0x23, 0x23, 0x21, 0x21,   26, 0x01, 0x21, 0xF0, 0xFF, 0xFF, 0xF1, 0xFE, 0xE0
    .byte   0xEF, 0x00, 0xF0, 0xFE, 0x1F, 0x00, 0x0F, 0xFE, 0xF0, 0xF0, 0xE0, 0xF0, 0x10, 0x10, 0x01, 0x00
    .byte   0x01, 0x11, 0x10, 0x1F, 0x00, 0x10, 0xFF, 0xFF,   -3, 0x0F, 0xFF, 0xFF, 0xFF, 0x00, 0xFF, 0xFF
    .byte   0x0F, 0x0F, 0x00, 0xF1, 0x10, 0x00, 0x11, 0x11, 0x11, 0x01, 0x11, 0x11, 0x11, 0x10, 0x21, 0x21
    .byte   0x11, 0x11, 0x10, 0x20, 0x01, 0x0F, 0xF1, 0x00, 0xF0,   15, 0x0F, 0xE0, 0xF1, 0x0E, 0xFF, 0x0F
    .byte   0x0F, 0x00, 0xE0, 0xF0, 0x0F, 0x0F, 0xF0, 0x11, 0xF0, 0x1F, 0x01, 0x11, 0x10, 0x00, 0x1F, 0x10
    .byte   0x01, 0xFF, 0x00, 0xF0, 0x00, 0xFF, 0xF0, 0x1F, 0x1F, 0xF0,   -8, 0x01, 0x0F, 0x1F, 0x0F, 0x11
    .byte   0x10, 0x11, 0x00, 0xF0, 0x2F, 0xFF, 0x2F, 0xF1, 0x02, 0x1E, 0x1F, 0x02, 0xF2, 0xF0, 0xFE, 0x12
    .byte   0xF0, 0x00, 0xFF, 0x01, 0x0F, 0x01, 0xF0, 0x0F, 0x10, 0x00, 0x0F,    2, 0x01, 0xF1, 0x0F, 0x11
    .byte   0x0E, 0x2F, 0xF2, 0xEF, 0x0F, 0xF2, 0x0E, 0x11, 0x11, 0x0E, 0x10, 0xF0, 0x1F, 0xF1, 0x01, 0x10
    .byte   0xE1, 0x0F, 0x20, 0xEF, 0x01, 0x10, 0xF0, 0x00, 0x0F, 0x11, 0xF0, 0x1F,   -3, 0x0F, 0x11, 0x0F
    .byte   0x01, 0x01, 0xF1, 0x01, 0xE0, 0x20, 0x0F, 0xF1, 0x10, 0x01, 0x0F, 0x10, 0x00, 0xFF, 0x11, 0xF0
    .byte   0x10, 0x00, 0x10, 0x1F, 0x01, 0x0F, 0xF0, 0xF0, 0x20, 0xF0, 0xF0, 0x1F, 0x01,    2, 0x0F, 0x11
    .byte   0xF0, 0x1F, 0x10, 0xFF, 0xFF, 0x10, 0x00, 0xF0, 0x11, 0x0F, 0x0F, 0x00, 0xFF, 0x10, 0x01, 0x10
    .byte   0x0F, 0xF0, 0xF0, 0x11, 0xFF, 0x11, 0x0F, 0x11, 0xF0, 0x10, 0xF0, 0xF0, 0x10, 0x01,   -1, 0x01
    .byte   0xFF, 0x01, 0x11, 0xFF, 0xF1, 0x11, 0x0F, 0x00, 0x10, 0x01, 0x0F, 0x1F, 0x00, 0xF1, 0x00, 0xF1
    .byte   0x11, 0x10, 0xE1, 0xFF, 0x02, 0x00, 0xE0, 0x02, 0x0F, 0xF0, 0xF1, 0x10, 0x0E, 0x01, 0x10,    0
    .byte   0x01, 0xF0, 0x1F, 0x1F, 0xF0, 0x1F, 0x10, 0xFE, 0x20, 0x11, 0xF0, 0x0E, 0x11, 0x10, 0x1F, 0xF1
    .byte   0x01, 0x01, 0xFF, 0xF0, 0x12, 0xFE, 0xE2, 0x02, 0x0F, 0x0E, 0x02, 0x11, 0x0E, 0x0F, 0x11, 0x11
    .byte      3, 0x0F, 0xEF, 0x20, 0x11, 0xE0, 0x0E, 0x21, 0x12, 0xFE, 0x0E, 0x2F, 0x2F, 0x0F, 0xE1, 0x12
    .byte   0x1E, 0x1E, 0x12, 0x11, 0xE0, 0x0F, 0x10, 0xF1, 0x00, 0x1F, 0x00, 0x10, 0x1F, 0xF0, 0xF0, 0x1F
    .byte   0x0F,   -1, 0x01, 0x00, 0xFF, 0xF1, 0x11, 0x0F, 0x1F, 0x00, 0x01, 0xF1, 0xF1, 0x1F, 0x0F, 0x1F
    .byte   0x1F, 0xF1, 0x11, 0x1D, 0x30, 0xF1, 0xE0, 0x01, 0x11, 0x0F, 0x00, 0xF1, 0xF1, 0xF1, 0x0F, 0x10
    .byte   0x10, 0x10,    1, 0x0F, 0xF1, 0x01, 0x00, 0x00, 0x00, 0x1F, 0x0F, 0x01, 0xF0, 0x00, 0x10, 0x00
    .byte   0x00, 0xF1, 0x0F, 0x01, 0x00, 0x0F, 0x1F, 0x10, 0xF0, 0x00, 0x1F, 0x00, 0x00, 0x00, 0x0F, 0x01
    .byte   0x0F, 0x1F, 0x01,   -1, 0x01, 0xF1, 0x0F, 0x10, 0xF0, 0x00, 0x01, 0x0F, 0x00, 0x01, 0xF0, 0x01
    .byte   0x0F, 0x1F, 0x10, 0x0F, 0x01, 0x0F, 0x10, 0x00, 0x0F, 0x01, 0xF1, 0xF1, 0x0F, 0x10, 0x00, 0x1F
    .byte   0xF1, 0x01, 0xF0, 0x01,    0, 0x01, 0x0F, 0x01, 0xF0, 0x00, 0x00, 0x1F, 0x10, 0xF0, 0x1F, 0x01
    .byte   0xF0, 0x1F, 0x00, 0x1F, 0x00, 0x00, 0xF1, 0xF1, 0x0F, 0x1F, 0x1F, 0x00, 0x10, 0xF1, 0xF0, 0x10
    .byte   0x00, 0x00, 0xF1, 0x00, 0x00,    0, 0x00, 0xF0, 0x01, 0xF0, 0x10, 0x01, 0xF0, 0x00, 0x00, 0x00
    .byte   0x00, 0x00, 0x10, 0xF0, 0x1F, 0x01, 0xF1, 0xF1, 0xF0, 0x01, 0x0F, 0x00, 0x00, 0x00, 0x00, 0x00
    .byte   0x00, 0x01, 0xF0, 0x01, 0xF0, 0x00,    0, 0x00, 0x01, 0xF0, 0x00, 0x00, 0x0F, 0x10, 0x1F, 0x1F
    .byte   0x0F, 0x11, 0xF0, 0x00, 0x00, 0xF0, 0x11, 0x0F, 0x00, 0x00, 0x0F, 0x1F, 0x1F, 0x10, 0xF1, 0x00
    .byte   0x00, 0x0F, 0x1F, 0x00, 0x10, 0x00, 0xF1,    0, 0x00, 0xF1, 0x00, 0x00, 0x0F, 0x10, 0x00, 0x00
    .byte   0x00, 0x00, 0x00, 0xF1, 0xF1, 0x00, 0x00, 0x00, 0x00, 0x01, 0x0F, 0x00, 0x1F, 0x00, 0x01, 0xF0
    .byte   0x00, 0x00, 0xF0, 0x10, 0x1F, 0xF1, 0x01, 0xF0,    0, 0x00, 0x1F, 0xF1, 0xF0, 0x1F, 0x10, 0x00
    .byte   0x0F, 0x01, 0x1F, 0xF1, 0x0F, 0x10, 0x1F, 0x00, 0x01, 0xF0, 0x00, 0x00, 0x00, 0x00, 0x00, 0x00
    .byte   0x00, 0x00, 0x01, 0xF0, 0x00, 0x00, 0x0F, 0x10, 0x00,    0, 0x00, 0x0F, 0x10, 0x01, 0xF0, 0x00
    .byte   0x1F, 0x0F, 0x1F, 0x10, 0x0F, 0x10, 0x00, 0x1F, 0x00, 0x00, 0x01, 0x00, 0xF0, 0x1F, 0x00, 0x1F
    .byte   0x00, 0x10, 0x0F, 0x00, 0x10, 0x0F, 0x0F, 0x11, 0xF0, 0xF1,    0, 0x01, 0x0F, 0x0F, 0x1F, 0x10
    .byte   0x00, 0x0F, 0x0F, 0x0F, 0x2F, 0x0F, 0xF0, 0x11, 0xE4, 0x2D, 0xDD, 0x42, 0x2D, 0xDD, 0x03, 0x22
    .byte   0xEE, 0x01, 0x32, 0xFD, 0xD2, 0x33, 0xED, 0xEE, 0x22, 0x1E, 0xEE,  -10, 0x01, 0x32, 0xED, 0xF3
    .byte   0x20, 0xFE, 0x00, 0x22, 0x1F, 0xEE, 0x01, 0x2F, 0xEF, 0x11, 0x21, 0x1F, 0xE2, 0x10, 0xFF, 0xFF
    .byte   0x11, 0x1F, 0xFF, 0xF1, 0x00, 0xE0, 0xF0, 0x20, 0x0F, 0x11, 0x11, 0xF0,    0, 0x01, 0x10, 0x0F
    .byte   0xF0, 0x01, 0x0F, 0xF0, 0x10, 0x00, 0xF0, 0x01, 0x10, 0x0F, 0x10, 0x10, 0xFF, 0x11, 0x00, 0xF0
    .byte   0x01, 0xF0, 0xFF, 0x01, 0x0F, 0x00, 0xF1, 0x01, 0xFF, 0x10, 0x10, 0xF0, 0x10,    1, 0x0F, 0x0F
    .byte   0x10, 0x0F, 0x00, 0xF0, 0x0F, 0x1F, 0x01, 0xF0, 0x0F, 0x1F, 0x01, 0xF1, 0x01, 0x0F, 0x01, 0x11
    .byte   0x10, 0x01, 0x01, 0x10, 0x01, 0x01, 0x00, 0x10, 0xF0, 0xF0, 0x00, 0xF0, 0x0F, 0x0F,    3, 0x0F
    .byte   0x0F, 0x00, 0xF0, 0xFF, 0x0F, 0x0F, 0xFF, 0x01, 0x0E, 0x00, 0xFF, 0xFF, 0x0F, 0xFF, 0x00, 0xF0
    .byte   0x02, 0xF2, 0x02, 0x22, 0x2F, 0x23, 0x11, 0x12, 0x22, 0xF0, 0x11, 0x0E, 0xE0, 0xEF, 0xEE,   10
    .byte   0x0E, 0x0F, 0xEF, 0xFF, 0x10, 0xEF, 0x10, 0x1F, 0xFF, 0x10, 0xFE, 0xF0, 0x1E, 0xEF, 0xFF, 0xEE
    .byte   0xFF, 0xEE, 0x10, 0xE0, 0x21, 0x12, 0x24, 0x30, 0x20, 0x44, 0xD2, 0x24, 0x2D, 0x22, 0x21, 0xEE
    .byte     43, 0x0E, 0xEE, 0xDD, 0xEF, 0xED, 0xD1, 0x2F, 0xDF, 0x22, 0xFF, 0x20, 0x12, 0x2F, 0xF2, 0x21
    .byte   0xE1, 0x22, 0xFE, 0x02, 0xE1, 0xFF, 0x1F, 0x10, 0xFF, 0x01, 0x0E, 0xF0, 0x0E, 0xE1, 0xE0, 0xEE
    .byte   0x0E,  -23, 0x0E, 0xEF, 0xFE, 0xFF, 0xE0, 0xF1, 0x21, 0x2F, 0x43, 0xF3, 0xE5, 0x2D, 0x32, 0x42
    .byte   0xD3, 0x23, 0xDE, 0x2F, 0x1C, 0x0E, 0xD1, 0xDE, 0xDE, 0x2E, 0xED, 0x22, 0xEE, 0x03, 0x1E, 0x01
    .byte   0x22, 0xF0,   -1, 0x02, 0x11, 0xFF, 0x12, 0xFE, 0x00, 0x2F, 0xEF, 0x02, 0xEE, 0x10, 0x0E, 0x0E
    .byte   0x00, 0xEF, 0xEF, 0x0E, 0xEE, 0x0F, 0xEE, 0x01, 0xFF, 0x02, 0x2F, 0x33, 0x22, 0x13, 0x4E, 0x23
    .byte   0x32, 0xF2, 0x33,   52, 0x0F, 0x11, 0xFD, 0xEE, 0xEE, 0xDE, 0xDF, 0x1E, 0xDE, 0x21, 0xEE, 0xE3
    .byte   0x1F, 0xE2, 0x21, 0x00, 0x12, 0x10, 0x01, 0x11, 0x1E, 0x12, 0xFE, 0x01, 0x00, 0xE0, 0x10, 0xE0
    .byte   0xF0, 0xEF, 0xFF, 0x0E,  -17, 0x0E, 0xF0, 0xE0, 0xEF, 0xFE, 0x0F, 0x00, 0xE2, 0x21, 0x11, 0x41
    .byte   0x22, 0x24, 0xF1, 0x33, 0x3E, 0x13, 0x30, 0xD2, 0x2F, 0xDD, 0x01, 0xDD, 0xD1, 0xEF, 0xDE, 0xF1
    .byte   0xFE, 0xE2, 0x1F, 0xF0, 0x21,   -8, 0x00, 0x12, 0x2F, 0xF1, 0x02, 0x00, 0xF0, 0x10, 0x0E, 0x21
    .byte   0xEF, 0x01, 0x0E, 0xF0, 0x0F, 0xEE, 0x01, 0xFE, 0xFF, 0xFF, 0xEF, 0x0F, 0xEE, 0xF1, 0x0F, 0xE2
    .byte   0x22, 0xE2, 0x40, 0x22, 0x33, 0x02,   28, 0x02, 0x3E, 0x23, 0x2F, 0xE1, 0x1F, 0xDE, 0xEE, 0xEE
    .byte   0xDF, 0xEE, 0xEE, 0xE1, 0x1E, 0xE1, 0x21, 0xEF, 0x22, 0x0F, 0x12, 0x11, 0xF0, 0x21, 0x0F, 0x01
    .byte   0x11, 0xE0, 0x10, 0x0E, 0x01, 0xFF, 0xE1,   -5, 0x0F, 0xEE, 0x10, 0xFF, 0xE0, 0xF1, 0xEE, 0xFF
    .byte   0xFF, 0xE1, 0xF0, 0xE2, 0x21, 0x12, 0x4F, 0x22, 0x34, 0xD2, 0x33, 0x2F, 0x13, 0x3E, 0xE0, 0x11
    .byte   0xDD, 0x1E, 0xED, 0xEE, 0xEE, 0xFD, 0xF1, 0x0F,  -15, 0x0F, 0x22, 0xEE, 0x22, 0x10, 0x02, 0x20
    .byte   0xF0, 0x21, 0xF0, 0xF1, 0x10, 0xFF, 0x01, 0x0E, 0xFF, 0x10, 0xEF, 0x0F, 0xFE, 0xF0, 0x0E, 0xFE
    .byte   0x0F, 0xFE, 0xF0, 0xE0, 0xE0, 0x00, 0xF0, 0x22, 0x2F,  -18, 0x03, 0x12, 0x14, 0x3E, 0x23, 0x32
    .byte   0xE2, 0x23, 0xEE, 0xF1, 0xFD, 0xDE, 0xFE, 0xDD, 0x0F, 0x0E, 0xD0, 0x20, 0xFE, 0x02, 0x2F, 0xE2
    .byte   0x02, 0x00, 0x1F, 0x2F, 0x10, 0xF1, 0x1F, 0xF1, 0x1F, 0xFF,    3, 0x00, 0xFE, 0x02, 0xEF, 0x0E
    .byte   0xFF, 0xFF, 0xE0, 0xEF, 0x0E, 0x0E, 0xFF, 0xFF, 0xEF, 0x01, 0xFE, 0x31, 0x21, 0x24, 0x21, 0x23
    .byte   0x4F, 0xE2, 0x42, 0xFE, 0x23, 0x1D, 0xFE, 0x0E, 0xDE, 0xD1, 0xDF,    3, 0x0E, 0xE0, 0x0E, 0x1F
    .byte   0x21, 0xF0, 0x02, 0x0F, 0x00, 0x10, 0xF1, 0x01, 0x00, 0x0F, 0x10, 0x01, 0x01, 0x00, 0x10, 0x1F
    .byte   0xF0, 0xFF, 0x0E, 0xFF, 0xEF, 0xEF, 0xE0, 0xE0, 0xEE, 0xF1, 0xFE, 0xE1,  -38, 0x0F, 0x01, 0x22
    .byte   0x21, 0x33, 0x30, 0x32, 0x33, 0x01, 0x22, 0x20, 0x0F, 0xFF, 0xFF, 0xDE, 0xE1, 0xDE, 0xEE, 0x0F
    .byte   0xFE, 0xF1, 0x02, 0xFF, 0xF0, 0x2F, 0xFE, 0xF2, 0x0E, 0xE1, 0x10, 0x1F, 0x1F,   -3, 0x01, 0x11
    .byte   0x02, 0x11, 0x1F, 0x11, 0x0E, 0xF0, 0xEF, 0xEE, 0x0E, 0xEE, 0x0E, 0xEF, 0xFF, 0xFE, 0x01, 0x00
    .byte   0xF0, 0x02, 0x12, 0x22, 0x22, 0x43, 0x12, 0x23, 0x3E, 0x20, 0x2E, 0x02, 0x0E, 0xD1,   32, 0x0E
    .byte   0xED, 0x1E, 0xE1, 0xE1, 0xE0, 0x02, 0x0F, 0xF1, 0x11, 0xE0, 0x0E, 0xFE, 0xFF, 0xFF, 0x01, 0x01
    .byte   0x21, 0x20, 0x21, 0x11, 0x11, 0x01, 0xE1, 0x0E, 0xFE, 0x0E, 0xE0, 0xEE, 0xFF, 0xEF, 0xFF,  -27
    .byte   0x0F, 0xF0, 0xEF, 0x1F, 0x0E, 0x00, 0x21, 0x22, 0x23, 0x24, 0x32, 0x2F, 0x32, 0x12, 0x1E, 0xE1
    .byte   0x00, 0xEE, 0xEE, 0xFE, 0x0F, 0xEF, 0xE1, 0x11, 0xF1, 0xF0, 0x10, 0x1F, 0xEF, 0xE0, 0xE0, 0xEE
    .byte    -13, 0x0F, 0x12, 0x1F, 0x22, 0x12, 0x21, 0x2F, 0xFF, 0x0F, 0xFE, 0xFE, 0xE0, 0x0E, 0x0F, 0xE0
    .byte   0xFF, 0x0E, 0x00, 0xEF, 0x0E, 0x0F, 0xEF, 0xFE, 0x0E, 0x11, 0x22, 0x32, 0x33, 0x43, 0x23, 0x02
    .byte   0x11,   45, 0x0F, 0xEE, 0xDF, 0x0F, 0xFF, 0xEE, 0xE2, 0x11, 0x0F, 0xEF, 0x01, 0x10, 0xEF, 0xEE
    .byte   0x1F, 0xFE, 0xDF, 0xF1, 0x01, 0x01, 0x22, 0x12, 0x31, 0x11, 0x01, 0xF0, 0xFE, 0xEE, 0xFF, 0xFF
    .byte   0xFF, 0xF0,   -8, 0x00, 0x0E, 0x0E, 0xEE, 0xFE, 0xFF, 0xE0, 0x0F, 0xE0, 0xEE, 0xF1, 0x32, 0x33
    .byte   0x33, 0x34, 0x23, 0x00, 0x1E, 0x0F, 0x1E, 0xD0, 0xE1, 0xE2, 0x21, 0x0E, 0x2F, 0xF1, 0x0F, 0xEE
    .byte   0x0E, 0x0E, 0xFF,   -2, 0x0E, 0xFF, 0xEF, 0x00, 0x0F, 0x12, 0x22, 0x22, 0x21, 0xF0, 0x1F, 0xFE
    .byte   0x0E, 0xFE, 0xF0, 0xF0, 0x10, 0x00, 0x0F, 0x0E, 0xEF, 0xEE, 0xEE, 0xFF, 0xE0, 0x10, 0xE0, 0xEF
    .byte   0x10, 0x23, 0x23, 0x33,    8, 0x04, 0x31, 0x21, 0xFE, 0xEE, 0x0F, 0xE0, 0xFE, 0x11, 0x31, 0x10
    .byte   0xFF, 0xEF, 0xFF, 0xFD, 0x1E, 0xEE, 0xE2, 0xFF, 0xF0, 0xEE, 0xF0, 0x12, 0x02, 0x11, 0x11, 0x22
    .byte   0x11, 0x1F, 0xEE, 0xFF, 0xF0,   -2, 0x01, 0xFF, 0xF0, 0x11, 0x1F, 0xFE, 0xEE, 0xEE, 0xFE, 0xF0
    .byte   0xE0, 0xFF, 0xEF, 0xF0, 0x11, 0x22, 0x32, 0x33, 0x24, 0x32, 0x2F, 0xEE, 0xD0, 0x02, 0xE1, 0x2E
    .byte   0x10, 0x22, 0x02, 0x0F, 0xED, 0x0E,   12, 0x0E, 0x1F, 0xFE, 0xE0, 0xE1, 0x10, 0x2E, 0xFE, 0xFF
    .byte   0x02, 0x22, 0x10, 0x00, 0xFF, 0x20, 0x10, 0xE0, 0xEE, 0x01, 0x21, 0x0F, 0x1E, 0xEF, 0x0F, 0xEF
    .byte   0xEE, 0xEE, 0x01, 0x0F, 0xFF, 0xEF, 0xFF,  -38, 0x01, 0x22, 0x22, 0x23, 0x23, 0x42, 0x32, 0xE1
    .byte   0xDE, 0xE0, 0x20, 0x22, 0xF1, 0xE2, 0x1F, 0x20, 0x1E, 0xD1, 0xDE, 0xE0, 0x0F, 0x0E, 0x10, 0xE0
    .byte   0xF0, 0xFF, 0x0F, 0xFF, 0x02, 0x12, 0x11, 0x10,    4, 0x0F, 0xFF, 0x01, 0xF0, 0x0F, 0xFF, 0xF1
    .byte   0xFF, 0xFF, 0xFE, 0xEE, 0xE0, 0xE0, 0x00, 0x1F, 0x1E, 0xFF, 0xEF, 0xF0, 0x20, 0x12, 0x23, 0x23
    .byte   0x31, 0x42, 0x21, 0xE2, 0xDF, 0xFE, 0x3D, 0x32, 0xF2,   29, 0x02, 0xE1, 0x1F, 0xFE, 0xFE, 0xEE
    .byte   0xE0, 0xE0, 0xF0, 0x10, 0xFE, 0x0E, 0xFF, 0xF1, 0xF0, 0x20, 0x20, 0x12, 0xFF, 0x0F, 0xF0, 0xEF
    .byte   0x10, 0x11, 0x20, 0xFF, 0xFE, 0xEE, 0xFE, 0xFF, 0xF0, 0xFE,  -24, 0x0F, 0xFE, 0x01, 0xE1, 0x00
    .byte   0x0E, 0x20, 0x21, 0x22, 0x32, 0x31, 0x32, 0x22, 0x10, 0xFE, 0x1E, 0x11, 0x13, 0x12, 0x01, 0xFD
    .byte   0x1E, 0x0F, 0xE2, 0xEF, 0xEE, 0xFE, 0xFF, 0x10, 0x0F, 0x0E, 0xFF,   -8, 0x02, 0xE0, 0x22, 0x10
    .byte   0x20, 0xF1, 0x0E, 0xFF, 0xFF, 0x11, 0xF2, 0xF0, 0x0F, 0xFF, 0xEE, 0xFE, 0xEF, 0x0E, 0x00, 0xFE
    .byte   0x10, 0x01, 0x0F, 0x0E, 0xEE, 0x00, 0x23, 0x32, 0x33, 0x12, 0xF1, 0x31,   24, 0x01, 0x20, 0xE0
    .byte   0xD0, 0x20, 0x32, 0x30, 0x11, 0xDD, 0x0D, 0x01, 0x02, 0xFE, 0xFE, 0xFD, 0x01, 0xF2, 0xF1, 0xEE
    .byte   0xEE, 0x1F, 0x12, 0x22, 0x20, 0x0E, 0xEE, 0xEF, 0x11, 0x21, 0x11, 0x01, 0xFE,   -5, 0x0F, 0xE0
    .byte   0xEF, 0x0E, 0xFF, 0x0F, 0x01, 0x00, 0xEF, 0x00, 0xEF, 0x1F, 0xFF, 0x02, 0x21, 0x23, 0x21, 0x22
    .byte   0x2F, 0x13, 0x12, 0x22, 0xFE, 0xFE, 0x11, 0xF3, 0x22, 0x01, 0x2D, 0xEE, 0xD1, 0xF0,   17, 0x02
    .byte   0xFE, 0x1E, 0xEE, 0xFF, 0xF1, 0x01, 0xFE, 0xFF, 0xFE, 0x12, 0x12, 0x00, 0x0E, 0xEE, 0xF0, 0x01
    .byte   0x22, 0xF1, 0x1F, 0xEE, 0xFE, 0xFE, 0x12, 0x00, 0x10, 0x0E, 0xF0, 0xEF, 0x00, 0x1F, 0x11,  -20
    .byte   0x01, 0x11, 0x12, 0x02, 0x11, 0x0F, 0x01, 0x21, 0x23, 0x22, 0x22, 0xF0, 0xEE, 0xFE, 0x02, 0x12
    .byte   0x22, 0x11, 0xEE, 0xEE, 0xEE, 0x00, 0x21, 0x11, 0x1E, 0xEF, 0xEF, 0xE1, 0x1F, 0x1F, 0x0E, 0xF0
    .byte     -5, 0x01, 0x01, 0x1F, 0xFE, 0x0E, 0xF0, 0x02, 0x11, 0x10, 0x0E, 0xF0, 0xE0, 0x00, 0x00, 0x10
    .byte   0x0F, 0x00, 0x00, 0x11, 0x01, 0x02, 0x00, 0x0F, 0x0E, 0x11, 0x12, 0x22, 0x20, 0xFE, 0xEF, 0xE2
    .byte   0x22,    9, 0x03, 0x21, 0x0E, 0xFE, 0xEE, 0x00, 0x22, 0x22, 0x20, 0xFE, 0xEE, 0xEF, 0x11, 0x02
    .byte   0x1F, 0xFF, 0xFE, 0xFF, 0x1F, 0xFF, 0xF0, 0xEF, 0xF0, 0xF1, 0x00, 0x1E, 0x0F, 0xEF, 0x00, 0x20
    .byte   0x11, 0x10,   -7, 0x0E, 0x0F, 0xF0, 0x10, 0x20, 0x10, 0xFF, 0x0F, 0x00, 0x11, 0x01, 0x00, 0x01
    .byte   0x00, 0x00, 0x02, 0x01, 0xF0, 0x10, 0xF0, 0x11, 0x10, 0x20, 0x10, 0x01, 0x00, 0x00, 0x10, 0x11
    .byte   0x0F, 0x1F, 0x01,    8, 0x00, 0x00, 0x01, 0xF0, 0xF1, 0xFF, 0x10, 0x0F, 0xF0, 0xF0, 0xFF, 0x10
    .byte   0x0F, 0x0F, 0x0F, 0xFF, 0x0F, 0x00, 0x1F, 0x1F, 0x01, 0x00, 0xF0, 0x0F, 0xF0, 0x00, 0x10, 0xF1
    .byte   0x0F, 0x1F, 0xF0, 0x00,   -6, 0x0F, 0x1F, 0x10, 0x01, 0x01, 0x00, 0x1F, 0x00, 0x01, 0x00, 0x11
    .byte   0x00, 0x11, 0x00, 0x01, 0xFF, 0xF0, 0x2F, 0xF0, 0x01, 0x11, 0xF0, 0xF0, 0xF0, 0xF1, 0x10, 0x00
    .byte   0x01, 0xF1, 0x0F, 0x00, 0x10,    3, 0x00, 0xF1, 0xF1, 0x00, 0x01, 0xF0, 0x10, 0x0F, 0x1F, 0x00
    .byte   0x00, 0x1F, 0x10, 0xFF, 0x10, 0xF0, 0xF0, 0x0F, 0x10, 0x0F, 0x00, 0xF1, 0xF1, 0x0F, 0x00, 0x0F
    .byte   0x00, 0x00, 0x00, 0x00, 0x00, 0x00,   -1, 0x0F, 0x00, 0x00, 0x00, 0x0F, 0x11, 0x00, 0x0F, 0x10
    .byte   0x0F, 0x10, 0x00, 0x00, 0xF1, 0x00, 0x10, 0xF1, 0x00, 0x00, 0x00, 0x00, 0x01, 0x00, 0x00, 0x00
    .byte   0x1F, 0x10, 0x0F, 0x10, 0x0F, 0x01, 0xF0,    2, 0x0F, 0x00, 0x00, 0x0F, 0x01, 0xF1, 0x0F, 0x00
    .byte   0x0F, 0x10, 0x00, 0xF0, 0x01, 0xF1, 0xF1, 0x0F, 0x00, 0x00, 0x00, 0x00, 0x01, 0xF0, 0x00, 0xF1
    .byte   0x00, 0x10, 0xF0, 0x1F, 0x01, 0xF1, 0xF1, 0x00,    0, 0x00, 0x10, 0xF0, 0x00, 0x00, 0x00, 0x10
    .byte   0xF1, 0xF1, 0xF0, 0x00, 0x1F, 0x10, 0x00, 0xF1, 0x01, 0xF0, 0x00, 0x00, 0x00, 0x00, 0x1F, 0x00
    .byte   0x00, 0x00, 0xF1, 0x0F, 0x10, 0x0F, 0x01, 0x0F, 0x00,    0, 0x00, 0xF1, 0xF1, 0x00, 0x0F, 0x00
    .byte   0x00, 0x00, 0x0F, 0x01, 0x00, 0x1F, 0x00, 0x10, 0x0F, 0x1F, 0x01, 0x00, 0x00, 0x0F, 0x1F, 0x00
    .byte   0x01, 0xF1, 0x0F, 0x01, 0x1F, 0x1F, 0x00, 0x0F, 0x10, 0x1F,    1, 0x0F, 0x00, 0x00, 0x1F, 0x00
    .byte   0x10, 0xF1, 0x00, 0xF0, 0x1F, 0x10, 0xF1, 0x00, 0x0F, 0x01, 0xF1, 0xF1, 0xF0, 0x00, 0x1F, 0x01
    .byte   0xF0, 0x00, 0x00, 0x00, 0x00, 0x00, 0x00, 0xF0, 0x10, 0x0F, 0x10,    0, 0x00, 0x00, 0x00, 0x0F
    .byte   0x10, 0x00, 0x0F, 0x10, 0xF1, 0xF1, 0x0F, 0x01, 0xF0, 0x10, 0xF1, 0x00, 0xF1, 0x00, 0x00, 0x00
    .byte   0x00, 0x00, 0x1F, 0xF1, 0x00, 0xF1, 0x00, 0x1F, 0x00, 0x10, 0x0F, 0x00,    0, 0x01, 0x0F, 0x01
    .byte   0xF0, 0x00, 0x1F, 0x00, 0x1F, 0x01, 0xF1, 0x00, 0x0F, 0x00, 0x00, 0x00, 0x1F, 0x00, 0xF1, 0xF1
    .byte   0x00, 0xF0, 0x10, 0x00, 0x00, 0x1F, 0xF1, 0x00, 0x0F, 0x10, 0x00, 0x00, 0x00,    0, 0x00, 0x00
    .byte   0x00, 0x00, 0x00, 0x00, 0x01, 0xF0, 0xF1, 0x00, 0x00, 0x00, 0x1F, 0x00, 0x01, 0xF0, 0x00, 0x00
    .byte   0x00, 0x01, 0x00, 0xF0, 0x00, 0xF1, 0x00, 0x01, 0xF0, 0x10, 0xFF, 0x01, 0x1F, 0x01,    0, 0x00
    .byte   0x00, 0x1F, 0x00, 0x0F, 0x10, 0x00, 0x00, 0x00, 0x01, 0xF0, 0xF1, 0x00, 0x00, 0x0F, 0x01, 0xF1
    .byte   0xF1, 0x00, 0x1F, 0xF1, 0x00, 0x00, 0xF1, 0x00, 0x1F, 0x00, 0x0F, 0x10, 0xF1, 0x1F, 0x0F,    0
    .byte   0x00, 0x00, 0x0F, 0x10, 0x00, 0x00, 0x00, 0x00, 0x00, 0x00, 0x00, 0x00, 0x00, 0x00, 0x01, 0xF1
    .byte   0xF1, 0x0F, 0x0F, 0x10, 0x1F, 0xF1, 0x00, 0xF1, 0x01, 0xF0, 0x00, 0x1F, 0x00, 0x00, 0x00, 0x00
    .byte      0, 0x00, 0x0F, 0x10, 0xF0, 0x10, 0xF1, 0x0F, 0x10, 0x00, 0x00, 0x0F, 0x10, 0x1F, 0x1F, 0x0F
    .byte   0x10, 0x00, 0x01, 0xFF, 0x10, 0xF1, 0xF1, 0x00, 0x00, 0x00, 0x00, 0x0F, 0x10, 0x00, 0x00, 0x00
    .byte   0x1F,    0, 0x00, 0xF0, 0x10, 0x00, 0xF1, 0x1F, 0x0F, 0x1F, 0x1F, 0x10, 0x00, 0x00, 0xF1, 0x00
    .byte   0x01, 0x0F, 0x00, 0x1F, 0x00, 0x00, 0x00, 0x00, 0x01, 0x0F, 0x00, 0x00, 0x1F, 0x0F, 0x10, 0x10
    .byte   0x0F, 0x00,    1, 0x00, 0x1F, 0x0E, 0x2F, 0x35, 0xDC, 0xCC, 0x01, 0x44, 0x31, 0xCD, 0x30, 0xFF
    .byte   0xFE, 0xE2, 0x25, 0x4B, 0xBE, 0x22, 0x2E, 0xDF, 0x3E, 0xF0, 0xD0, 0x34, 0x21, 0xDD, 0xF2, 0x22
    .byte   0x00, 0xE1, 0x2E,   -2, 0x0F, 0xFF, 0xFF, 0x10, 0xEF, 0x12, 0x10, 0x0F, 0xE2, 0xF0, 0x01, 0x00
    .byte   0x10, 0xF1, 0x10, 0x21, 0x00, 0xFF, 0xFF, 0x00, 0x12, 0xF2, 0xF2, 0x0F, 0xFF, 0x01, 0x01, 0xFE
    .byte   0xFF, 0x10, 0x12, 0x10,    6, 0x0F, 0xFF, 0xF1, 0x1F, 0xFF, 0x10, 0x01, 0x01, 0xFF, 0xFF, 0xF0
    .byte   0x01, 0x11, 0x00, 0xF0, 0x10, 0x11, 0x0F, 0x0E, 0xFF, 0x11, 0x21, 0xFE, 0xF0, 0x10, 0x11, 0x11
    .byte   0xFF, 0x0E, 0x02, 0x10, 0xFF,   -2, 0x00, 0x11, 0x00, 0x00, 0xF1, 0x10, 0x1F, 0xF1, 0xFF, 0xF1
    .byte   0x10, 0x1F, 0xF0, 0xF1, 0x11, 0x0F, 0x1F, 0xF0, 0xFF, 0x11, 0x11, 0x01, 0xFF, 0x10, 0xFF, 0x0F
    .byte   0xF0, 0x11, 0x10, 0x11, 0x00, 0xF0,    0, 0x00, 0xF0, 0xF0, 0x0F, 0x01, 0x21, 0x00, 0xE0, 0xFF
    .byte   0x02, 0x01, 0xFF, 0xFF, 0x01, 0x2F, 0xFF, 0xFF, 0xF0, 0x01, 0x02, 0x10, 0xFF, 0xFF, 0xF0, 0x02
    .byte   0x1F, 0xF0, 0xE0, 0x01, 0x11, 0x10, 0x1F,   -1, 0x0F, 0x11, 0x10, 0x10, 0x0E, 0x0F, 0x00, 0x02
    .byte   0x10, 0xFF, 0x00, 0xFF, 0x01, 0x00, 0x11, 0x10, 0xF0, 0xF1, 0x00, 0xFF, 0x0E, 0x00, 0x20, 0x12
    .byte   0xF0, 0xFF, 0xFF, 0xF1, 0x00, 0xF1, 0x00, 0x01,    1, 0x01, 0x10, 0xE0, 0xF1, 0x01, 0xF0, 0x1F
    .byte   0x01, 0x11, 0x00, 0xFE, 0xF0, 0x02, 0x11, 0xF0, 0x0F, 0x01, 0x01, 0x0F, 0xFF, 0xF0, 0x02, 0x10
    .byte   0x0F, 0xFF, 0x01, 0x00, 0x00, 0x0F, 0xF0, 0x11, 0x01,    1, 0x00, 0xF0, 0xF0, 0x10, 0xFF, 0x11
    .byte   0x11, 0x10, 0x0E, 0xE0, 0x22, 0x0F, 0xFF, 0xFE, 0x12, 0x02, 0xFF, 0xFF, 0x0F, 0x02, 0x00, 0xEF
    .byte   0x00, 0x01, 0x01, 0x2E, 0x0F, 0x00, 0x1F, 0x11, 0x1E, 0xF1,    1, 0x00, 0x01, 0x10, 0xFE, 0x10
    .byte   0x0F, 0xF1, 0x2F, 0x01, 0x11, 0xEF, 0x00, 0x0F, 0x01, 0x2E, 0x00, 0x20, 0xE0, 0x02, 0xEF, 0xF2
    .byte   0x00, 0xE1, 0x11, 0x0F, 0x01, 0x1F, 0xF0, 0x11, 0xE1, 0x11, 0xFF,   -3, 0x02, 0xF0, 0x00, 0x10
    .byte   0xFF, 0x01, 0xFF, 0x01, 0x11, 0xF1, 0x11, 0xFF, 0xFF, 0x01, 0x02, 0x0F, 0xF0, 0x10, 0xFF, 0x11
    .byte   0x0F, 0xE1, 0x2F, 0x01, 0x11, 0xFE, 0x02, 0xFE, 0xF1, 0x21, 0xE0, 0x11,    1, 0x0E, 0xF1, 0x2F
    .byte   0xEF, 0x10, 0xFE, 0x02, 0x0F, 0xE1, 0x10, 0x00, 0x00, 0xF0, 0xF2, 0x11, 0x10, 0x0F, 0xFF, 0x21
    .byte   0x2F, 0x1F, 0x10, 0x22, 0x2F, 0xE1, 0xF0, 0x02, 0x12, 0xFF, 0xE1, 0x11, 0xFF,   11, 0x00, 0xE0
    .byte   0x11, 0x10, 0xEF, 0xF0, 0xFF, 0xFF, 0x0E, 0x0E, 0x0F, 0x0F, 0x0E, 0x0E, 0xE0, 0x00, 0x0E, 0xFF
    .byte   0xF0, 0x10, 0x22, 0xFF, 0xFF, 0x11, 0x22, 0x32, 0x22, 0x23, 0x3F, 0xF0, 0x01, 0xF0,   30, 0x01
    .byte   0xFE, 0xEF, 0x01, 0x0F, 0xEF, 0xEF, 0xF0, 0x11, 0x1F, 0xFE, 0xF0, 0x01, 0xFF, 0x0E, 0xE0, 0xF0
    .byte   0x00, 0xFF, 0x00, 0x10, 0xFE, 0x10, 0xE0, 0xFF, 0xF0, 0xEF, 0xFF, 0x0E, 0xEF, 0x10, 0x1F,  -34
    .byte   0x01, 0x10, 0x20, 0x23, 0x22, 0x32, 0x32, 0x32, 0x10, 0xF1, 0xFF, 0xF1, 0x0E, 0xEE, 0xE1, 0x10
    .byte   0xFE, 0xFF, 0xFF, 0x10, 0x21, 0xFF, 0xEF, 0x0F, 0x1F, 0xFE, 0xEF, 0xF0, 0x11, 0x0F, 0x00, 0x11
    .byte      2, 0x02, 0x2F, 0xEF, 0xF0, 0x00, 0xEF, 0xEE, 0xEE, 0xF0, 0xE0, 0xEF, 0xEF, 0xFF, 0x02, 0x10
    .byte   0xFE, 0x01, 0x02, 0x22, 0x22, 0x22, 0x33, 0x33, 0x3F, 0xFF, 0x10, 0x0F, 0x0F, 0xEE, 0xDF, 0x00
    .byte   0x2E,   12, 0x0E, 0xE2, 0x02, 0x01, 0x20, 0xFF, 0xFF, 0xF1, 0xFE, 0xEE, 0xFE, 0xFF, 0x11, 0xFF
    .byte   0xF1, 0x12, 0x20, 0x10, 0xF1, 0x10, 0xF0, 0xFE, 0xED, 0xFF, 0xE0, 0xEE, 0xFF, 0xFF, 0xF0, 0x11
    .byte   0x10, 0x01,  -29, 0x00, 0x10, 0x00, 0x12, 0x22, 0x23, 0x33, 0x33, 0x20, 0xF0, 0x11, 0x10, 0xFF
    .byte   0xEE, 0xDF, 0xF0, 0xFF, 0xDE, 0xE0, 0x12, 0x02, 0x01, 0x0F, 0x01, 0x11, 0x1E, 0xEE, 0xFF, 0xFF
    .byte   0xFF, 0x00, 0xFF,   -6, 0x01, 0x21, 0x1F, 0x11, 0x01, 0x0F, 0x0E, 0xEE, 0xFE, 0x0E, 0xFE, 0xEF
    .byte   0xE1, 0x01, 0x0F, 0xF0, 0x12, 0x02, 0x01, 0x1F, 0xF0, 0x22, 0x31, 0x32, 0x33, 0x32, 0x00, 0x12
    .byte   0x10, 0xE0, 0x0E, 0xEE,   24, 0x0E, 0xF0, 0xEE, 0xDF, 0x01, 0x2F, 0x01, 0xF0, 0x10, 0x10, 0x10
    .byte   0x0E, 0xEF, 0x10, 0xFF, 0xFF, 0x0F, 0x10, 0x11, 0x11, 0x1F, 0x11, 0x10, 0xFF, 0xEE, 0x0E, 0x0E
    .byte   0xEF, 0xEE, 0xFE, 0x01, 0xF0,  -33, 0x0F, 0x02, 0x02, 0x0F, 0x10, 0x10, 0x11, 0x22, 0x22, 0x33
    .byte   0x23, 0x32, 0x10, 0x11, 0x20, 0xFF, 0xFE, 0xEE, 0xEE, 0x0F, 0xEE, 0xDE, 0x02, 0x11, 0x0F, 0x01
    .byte   0xF1, 0x11, 0x10, 0xFF, 0xEF, 0xF0,   -1, 0x00, 0xFF, 0xFF, 0x01, 0x10, 0x21, 0x1F, 0x00, 0x10
    .byte   0x0E, 0xFF, 0xEF, 0xEE, 0xEF, 0x0E, 0xEF, 0xFF, 0xF0, 0x01, 0x01, 0x10, 0x21, 0x11, 0x10, 0xF1
    .byte   0x02, 0x22, 0x33, 0x23, 0x23, 0x21, 0x01,   43, 0x00, 0x0F, 0xFE, 0xFE, 0xEE, 0xFE, 0xFE, 0xED
    .byte   0x00, 0x10, 0x11, 0x00, 0x00, 0x00, 0x20, 0x1F, 0xEE, 0x0F, 0x00, 0xF0, 0xE0, 0x1F, 0x02, 0x11
    .byte   0x10, 0x0F, 0x11, 0x00, 0xEF, 0xFE, 0x0E, 0xEF,  -19, 0x0E, 0xFE, 0x0E, 0xF0, 0x00, 0xF1, 0x11
    .byte   0x21, 0x10, 0x10, 0x11, 0x02, 0x12, 0x22, 0x32, 0x33, 0x23, 0xFF, 0x11, 0x02, 0x0F, 0xEE, 0xEF
    .byte   0xEE, 0x0F, 0xEE, 0xEE, 0xE0, 0x01, 0x2F, 0xF0, 0x01,    5, 0x01, 0x01, 0x00, 0xEE, 0xF0, 0x10
    .byte   0x00, 0xE1, 0x01, 0x10, 0x02, 0xF0, 0xFF, 0x01, 0x1F, 0xFE, 0xE0, 0x0E, 0xFE, 0xFF, 0xEE, 0xFF
    .byte   0xF0, 0x01, 0xFF, 0x01, 0x21, 0x2F, 0x01, 0x10, 0x02, 0x22,   -5, 0x02, 0x23, 0x32, 0x31, 0x01
    .byte   0x02, 0x11, 0x00, 0xEE, 0xEE, 0xF0, 0xE1, 0xED, 0xEE, 0x01, 0x11, 0x0F, 0x0F, 0x11, 0x02, 0x00
    .byte   0xFE, 0x0E, 0x10, 0x10, 0xE0, 0xF1, 0x10, 0x11, 0x11, 0x1F, 0x0F,    3, 0x01, 0x0E, 0xEF, 0xFF
    .byte   0xEF, 0xEE, 0xFF, 0xEF, 0xFF, 0xE1, 0x1F, 0x10, 0x02, 0x02, 0x01, 0x10, 0xF0, 0x02, 0x22, 0x23
    .byte   0x22, 0x32, 0x31, 0x1F, 0x12, 0x01, 0x1F, 0xEE, 0xE0, 0xEF, 0xFF, 0xEE,    4, 0x0F, 0xF0, 0x20
    .byte   0x0F, 0xE1, 0x12, 0xF1, 0xF0, 0xEF, 0xFF, 0x00, 0x0F, 0xE1, 0x01, 0x10, 0x10, 0xF0, 0x10, 0x20
    .byte   0x00, 0xFE, 0x0E, 0x0F, 0xFE, 0xEF, 0xEF, 0xE0, 0xFF, 0xFF, 0x00, 0xF0, 0x12,  -24, 0x01, 0x0E
    .byte   0x10, 0x20, 0x20, 0x22, 0x23, 0x23, 0x23, 0x22, 0xFF, 0x12, 0x2F, 0x0E, 0xEE, 0xFE, 0x0E, 0x0E
    .byte   0xEE, 0xDF, 0x12, 0x10, 0xFE, 0x00, 0x21, 0x10, 0x0E, 0x0E, 0xF0, 0x10, 0x0E, 0xFF,   -6, 0x01
    .byte   0x21, 0x0F, 0x00, 0x00, 0x21, 0x0F, 0xE0, 0xE0, 0xF0, 0xEF, 0xEE, 0xEE, 0x10, 0xF0, 0xE0, 0xF1
    .byte   0x00, 0x02, 0x21, 0xFF, 0xEF, 0x22, 0x21, 0x21, 0x22, 0x32, 0x33, 0x30, 0xFE, 0x03, 0x12,   44
    .byte   0x0E, 0xEE, 0xEF, 0xFF, 0xFE, 0xED, 0xEE, 0x22, 0x2F, 0xEE, 0xF1, 0x22, 0x0F, 0xEE, 0xFF, 0x01
    .byte   0x00, 0xEE, 0xF0, 0x22, 0x00, 0xF0, 0x02, 0x12, 0x1F, 0xE0, 0xE0, 0x00, 0xFF, 0xDE, 0xE0, 0xF0
    .byte    -23, 0x0E, 0xFE, 0x11, 0x11, 0x0E, 0x01, 0x22, 0x10, 0xEF, 0x02, 0x21, 0x12, 0x23, 0x23, 0x32
    .byte   0x32, 0x0F, 0xE2, 0x21, 0x0F, 0xDE, 0xFF, 0xFF, 0xFE, 0xED, 0xEF, 0x22, 0x2E, 0xEE, 0x12, 0x21
    .byte   0xFE,    3, 0x0E, 0x01, 0x10, 0xFE, 0xEF, 0xF2, 0x22, 0xEE, 0xF2, 0x32, 0x1F, 0xEE, 0x01, 0x20
    .byte   0xEE, 0xDE, 0x10, 0x1E, 0xEE, 0xEF, 0x01, 0x2F, 0xEF, 0xF0, 0x20, 0xFF, 0x11, 0x1F, 0xF0, 0x12
    .byte   0x22, 0x22,    3, 0x03, 0x23, 0x32, 0x2F, 0xE1, 0x22, 0xEE, 0xEE, 0x0E, 0xFE, 0xEE, 0xFE, 0xE1
    .byte   0x12, 0x10, 0xEF, 0x12, 0x1F, 0xEE, 0xE0, 0x11, 0x0E, 0xEF, 0xF1, 0x02, 0x0F, 0x02, 0x11, 0x23
    .byte   0x1E, 0xD0, 0x22,    8, 0x0D, 0xEE, 0x10, 0xFE, 0xE0, 0xEF, 0xFF, 0x10, 0x0E, 0xFF, 0x02, 0x1F
    .byte   0xEE, 0x02, 0x11, 0x0F, 0xF0, 0x22, 0x32, 0x32, 0x33, 0x32, 0x22, 0xFE, 0x02, 0x0E, 0xED, 0x1E
    .byte   0x10, 0xEE, 0xEE, 0xF1,   11, 0x01, 0x0F, 0xE2, 0x02, 0x1E, 0xEE, 0xFF, 0xFF, 0xFE, 0xEF, 0x02
    .byte   0x0F, 0xF1, 0x12, 0x22, 0x01, 0x12, 0x1F, 0xEE, 0x0F, 0xED, 0x02, 0xEE, 0xEF, 0x1F, 0x00, 0xEF
    .byte   0x01, 0x00, 0xE0, 0xE0, 0x1F,  -31, 0x0F, 0x0F, 0x11, 0x21, 0x10, 0x23, 0x33, 0x32, 0x23, 0x23
    .byte   0x1D, 0xE2, 0x2E, 0xDE, 0xFF, 0xFF, 0x0E, 0x0E, 0xF1, 0x20, 0xFE, 0xE2, 0x2F, 0xFE, 0xE0, 0xE1
    .byte   0xFE, 0xEF, 0xF1, 0x10, 0x00, 0x11,   -2, 0x02, 0xF1, 0x02, 0x12, 0xEE, 0xF0, 0x1F, 0xEE, 0xEE
    .byte   0x01, 0x00, 0xEF, 0xF1, 0xF0, 0xE0, 0xE0, 0xF0, 0x0E, 0xF0, 0x21, 0xDE, 0x22, 0x30, 0xEF, 0x14
    .byte   0x33, 0xE2, 0x33, 0x33, 0x0E, 0xD1, 0x32,   35, 0x0D, 0xE0, 0x21, 0x0E, 0xEE, 0xF2, 0x2F, 0xED
    .byte   0x22, 0x1E, 0xF0, 0xEE, 0x02, 0xFE, 0xDE, 0x22, 0xFE, 0xE1, 0x22, 0x02, 0x2E, 0xF3, 0x3E, 0xDE
    .byte   0x20, 0xFE, 0xEE, 0x0F, 0xFF, 0x0F, 0xE0, 0x2F,  -17, 0x0E, 0x02, 0xEE, 0xE1, 0x1F, 0xFF, 0xF1
    .byte   0xFF, 0x02, 0xFE, 0x03, 0x21, 0x03, 0x33, 0x22, 0x32, 0x32, 0xED, 0x23, 0x0D, 0xDF, 0x2F, 0xFF
    .byte   0xFE, 0xE1, 0x12, 0xEE, 0xE1, 0x3F, 0xDF, 0x21, 0xEE,    5, 0x0F, 0xEE, 0xF1, 0x1E, 0xE0, 0x22
    .byte   0xEF, 0x22, 0x11, 0x02, 0x2E, 0xE1, 0x10, 0xEE, 0xF1, 0xFE, 0xE0, 0x2F, 0xEF, 0x2F, 0xEE, 0x12
    .byte   0xED, 0xF2, 0x2E, 0xD2, 0x11, 0xFE, 0x21, 0x0E, 0x23, 0x22,  -11, 0x02, 0x34, 0x21, 0x14, 0x2D
    .byte   0xD3, 0x3E, 0xC0, 0x21, 0xEE, 0x10, 0xEF, 0x01, 0x2E, 0xD2, 0x22, 0xDE, 0x22, 0xEE, 0xE1, 0xFE
    .byte   0xFF, 0xFE, 0xF0, 0x11, 0x0F, 0x12, 0x2F, 0xF2, 0x1F, 0x02, 0x0E,   -1, 0x02, 0x2E, 0xDF, 0x11
    .byte   0x0E, 0xEF, 0xF1, 0x0E, 0x0E, 0x00, 0xFF, 0xEF, 0x00, 0x0E, 0x12, 0xEF, 0x22, 0x0E, 0x12, 0x33
    .byte   0x11, 0x24, 0x31, 0x22, 0x0E, 0x22, 0x0D, 0xE0, 0x2F, 0xEE, 0x10, 0xFF,   19, 0x00, 0xEF, 0x01
    .byte   0x1E, 0xE1, 0x2F, 0xEE, 0xFF, 0xFF, 0xEE, 0xF0, 0x10, 0xFF, 0x02, 0x21, 0x1F, 0x03, 0x21, 0xCF
    .byte   0x42, 0xDD, 0xE2, 0x2E, 0xEE, 0x00, 0xF2, 0xED, 0xF2, 0x2E, 0xEE, 0x02, 0xEE,  -31, 0x01, 0x10
    .byte   0x1F, 0xEF, 0x23, 0xEE, 0x03, 0x33, 0xF1, 0x33, 0x33, 0x2D, 0xE3, 0x31, 0xCE, 0x22, 0x0D, 0xE1
    .byte   0x1F, 0xF0, 0xEE, 0x02, 0x1F, 0xEE, 0x22, 0x0D, 0xE2, 0x1F, 0xEE, 0xE1, 0x11, 0xEE,  -11, 0x02
    .byte   0x20, 0xE1, 0x22, 0x11, 0x00, 0x01, 0x21, 0xDE, 0x21, 0x0E, 0xD1, 0x21, 0xDF, 0x01, 0x0E, 0x0F
    .byte   0xFE, 0x01, 0xFE, 0xF1, 0x0F, 0x01, 0x01, 0x00, 0x22, 0x11, 0x23, 0x31, 0x22, 0x33, 0xFE,   29
    .byte   0x03, 0x2D, 0xD2, 0x21, 0xDE, 0x2E, 0xFF, 0xFF, 0xEE, 0x22, 0xFD, 0xE3, 0x2F, 0xDF, 0x21, 0xEE
    .byte   0xFF, 0xFF, 0x0F, 0xE0, 0x12, 0x0E, 0x12, 0x20, 0xE2, 0x20, 0xF0, 0x10, 0xE2, 0xFE, 0xEF, 0x11
    .byte    -10, 0x0E, 0x02, 0xEE, 0xF0, 0xE0, 0x0F, 0x0E, 0x02, 0x0E, 0xF1, 0x20, 0xE1, 0x12, 0x0F, 0x22
    .byte   0x22, 0x23, 0x13, 0x32, 0xE1, 0x32, 0x0D, 0x02, 0x1E, 0xD0, 0x2F, 0xEE, 0xF0, 0xEF, 0x10, 0xEE
    .byte   0x22,   11, 0x0D, 0x12, 0x2E, 0xE0, 0x00, 0xEF, 0xFE, 0xF2, 0x0E, 0xE1, 0x31, 0xEF, 0x23, 0xFE
    .byte   0xF2, 0x2F, 0xEF, 0x00, 0xEF, 0x0E, 0xEF, 0x0F, 0xEE, 0xF1, 0x0E, 0xF0, 0xFF, 0xF2, 0xFF, 0x01
    .byte   0x10, 0xF1,  -24, 0x01, 0x12, 0x12, 0x13, 0x22, 0x23, 0x3E, 0xE3, 0x31, 0xDE, 0x33, 0xDD, 0xF2
    .byte   0xFE, 0xEE, 0x1F, 0xEF, 0xFF, 0xE0, 0x2F, 0xE0, 0x21, 0xEE, 0x12, 0x0E, 0xE1, 0x1E, 0xFF, 0x00
    .byte   0x00, 0x1F, 0x11,   -2, 0x01, 0x0F, 0x22, 0xFF, 0xE1, 0x2F, 0xEE, 0xF2, 0xEE, 0xEF, 0x1E, 0xEE
    .byte   0x10, 0xFE, 0x11, 0x0F, 0x01, 0x2F, 0xF1, 0x12, 0xF0, 0x12, 0x21, 0x22, 0x22, 0x32, 0xFF, 0x24
    .byte   0x1D, 0xF2, 0x3F, 0xDE,   32, 0x01, 0xED, 0xF1, 0x0E, 0xEE, 0x01, 0xE1, 0x0E, 0x02, 0x1F, 0xE1
    .byte   0x20, 0xEE, 0x20, 0xFE, 0xF1, 0xFF, 0xF1, 0xFF, 0x12, 0x0E, 0x02, 0x2F, 0xE0, 0x21, 0xFE, 0xF1
    .byte   0xFF, 0xEE, 0x0F, 0xFE, 0xEF,  -23, 0x00, 0xEE, 0x20, 0xFF, 0x02, 0x0F, 0xF2, 0x02, 0x00, 0x22
    .byte   0x21, 0x22, 0x23, 0x2E, 0x03, 0x31, 0xD0, 0x33, 0xEC, 0x23, 0x1D, 0xD1, 0x20, 0xDE, 0x11, 0xEE
    .byte   0xF0, 0x0F, 0x01, 0xFE, 0x21, 0x0E,    0, 0x01, 0x1F, 0xE1, 0x2E, 0xFF, 0x02, 0xFE, 0xF2, 0x2E
    .byte   0xF0, 0x20, 0xFE, 0x21, 0x0E, 0x01, 0x0E, 0xE0, 0x0F, 0xEE, 0x00, 0xE0, 0xE1, 0x0F, 0x00, 0x11
    .byte   0x0F, 0x02, 0x11, 0x11, 0x22, 0x12, 0x21,    6, 0x03, 0x1E, 0x23, 0x20, 0xE1, 0x32, 0xDE, 0x23
    .byte   0xED, 0xE2, 0x1E, 0xDE, 0x11, 0xEE, 0xFF, 0x00, 0xFE, 0x11, 0x11, 0xE1, 0x11, 0xFF, 0x01, 0x0F
    .byte   0xF0, 0x10, 0x1E, 0x10, 0x2F, 0xE1, 0x21, 0x0E,   -3, 0x02, 0x0E, 0xF2, 0xFE, 0xFE, 0x1F, 0xEE
    .byte   0x00, 0xFE, 0xFF, 0x10, 0xE0, 0x2F, 0xF0, 0x12, 0x0F, 0x22, 0x10, 0x13, 0x20, 0x03, 0x3E, 0xE2
    .byte   0x41, 0xDF, 0x33, 0x0C, 0xF4, 0x0D, 0xD2, 0x2F, 0xDD,   13, 0x02, 0xED, 0xF1, 0x0F, 0xE1, 0xFF
    .byte   0x20, 0xE0, 0x12, 0xFE, 0xF2, 0x10, 0xE1, 0x10, 0xFF, 0x00, 0x01, 0x0F, 0xF1, 0x11, 0xE1, 0x10
    .byte   0xFF, 0xF1, 0x0F, 0xEF, 0x0F, 0xFE, 0x0E, 0x00, 0xE0, 0xF0,  -26, 0x00, 0x00, 0x11, 0x10, 0x21
    .byte   0x11, 0x22, 0x02, 0x22, 0x12, 0x21, 0x02, 0x22, 0xFE, 0x23, 0xEE, 0xF3, 0x1D, 0xE0, 0x20, 0xDE
    .byte   0x11, 0xEE, 0xE1, 0x1E, 0xF0, 0x0F, 0xFF, 0x00, 0x11, 0x10, 0xF0,    0, 0x01, 0x0F, 0xF1, 0x10
    .byte   0xE0, 0x20, 0x0E, 0x01, 0x2E, 0xE1, 0x2F, 0xE0, 0x10, 0xFE, 0x01, 0xFE, 0x1F, 0x0E, 0xF1, 0x0E
    .byte   0x00, 0x01, 0xF0, 0x11, 0x11, 0x02, 0x11, 0x12, 0x11, 0x20, 0x21, 0x22,   14, 0x00, 0x12, 0x2F
    .byte   0xE1, 0x30, 0xEF, 0x12, 0xFE, 0xE2, 0x0E, 0xEE, 0x2E, 0xFE, 0x0E, 0x00, 0xFF, 0xFF, 0x1F, 0xFF
    .byte   0x12, 0xF0, 0xE2, 0x10, 0x00, 0x00, 0x00, 0x0E, 0x01, 0x2E, 0xFF, 0x10, 0xFE,   -8, 0x02, 0xEF
    .byte   0xE1, 0x10, 0xE0, 0x10, 0xFF, 0x0F, 0xF0, 0x0F, 0x0F, 0x20, 0x0F, 0x02, 0x11, 0x00, 0x21, 0x10
    .byte   0x02, 0x20, 0x00, 0x22, 0x2E, 0x0F, 0x30, 0xFE, 0x22, 0x1F, 0xE2, 0x10, 0xEF, 0x01,   16, 0x0E
    .byte   0x10, 0xEF, 0xF0, 0xE0, 0x01, 0xFE, 0xF2, 0x0F, 0xF0, 0x11, 0x00, 0x1F, 0xF1, 0x0F, 0xE0, 0x20
    .byte   0xEF, 0xF1, 0x0F, 0xFF, 0xFF, 0xF1, 0xFF, 0x01, 0x0F, 0xF0, 0x10, 0xF1, 0x0F, 0x00, 0x11,  -13
    .byte   0x0F, 0x21, 0xFE, 0x12, 0x1F, 0xF0, 0x21, 0x0F, 0x11, 0x22, 0xEE, 0x22, 0x1E, 0xF2, 0x21, 0xF0
    .byte   0x11, 0x1F, 0x2F, 0xF0, 0x21, 0xEF, 0x12, 0x1E, 0xE1, 0x2E, 0xE0, 0x2F, 0xFF, 0xFF, 0xFF, 0x10
    .byte      2, 0x00, 0x11, 0xFF, 0xF0, 0x10, 0xE0, 0x0F, 0xF1, 0x0F, 0xF1, 0x0F, 0x0F, 0x00, 0x0F, 0x11
    .byte   0xE1, 0x11, 0x0F, 0x00, 0x0F, 0x01, 0x1F, 0xE1, 0x10, 0xF0, 0x12, 0xEF, 0x21, 0x1F, 0x0E, 0x03
    .byte   0x11,   -3, 0x0D, 0x24, 0x1D, 0xD2, 0x40, 0xDD, 0x23, 0x2E, 0xE0, 0x13, 0x1D, 0xE0, 0x33, 0xDD
    .byte   0xF4, 0x0D, 0xD2, 0x4F, 0xDD, 0x13, 0x2F, 0xDF, 0x13, 0x0E, 0xD2, 0x3F, 0xED, 0x13, 0x1E, 0xD0
    .byte   0x31, 0xEE,   -7, 0x02, 0x22, 0xFC, 0xE3, 0x40, 0xCD, 0x33, 0x1D, 0xE0, 0x13, 0xFD, 0x00, 0x23
    .byte   0xEC, 0xE4, 0x3D, 0xE0, 0xF2, 0x20, 0xE0, 0x01, 0x4D, 0xB3, 0x51, 0xDC, 0x12, 0x42, 0xCE, 0x4D
    .byte   0x03, 0xFC, 0x23,    9, 0x02, 0xDC, 0x25, 0x0C, 0x11, 0xE2, 0x3F, 0xCD, 0x53, 0xEB, 0xE4, 0x4E
    .byte   0xCE, 0x13, 0x3D, 0xFD, 0x04, 0x1C, 0xE3, 0x31, 0xDC, 0x35, 0xCC, 0x23, 0x20, 0xDE, 0x33, 0xDF
    .byte   0x1E, 0x22, 0x0D, 0xD2,   16, 0x0D, 0xC0, 0x23, 0x1D, 0xE1, 0xF3, 0x1E, 0xE1, 0x21, 0xFD, 0x32
    .byte   0x2D, 0xDF, 0x35, 0xCB, 0x14, 0x13, 0xED, 0xD2, 0x4F, 0xDE, 0x04, 0x0C, 0x03, 0x11, 0x3C, 0xD4
    .byte   0x2E, 0xFE, 0x22, 0xC2, 0x40,    2, 0x0D, 0x14, 0xED, 0x12, 0xFC, 0x34, 0x3B, 0xE4, 0x0D, 0xF4
    .byte   0x3A, 0xE6, 0x3A, 0xD6, 0x0C, 0xD0, 0x42, 0xC2, 0xFE, 0x13, 0x3D, 0xB3, 0x5E, 0xDD, 0x23, 0xFE
    .byte   0x1F, 0xE3, 0x1D, 0xE2, 0x3E, 0xD1,    4, 0x0F, 0xC3, 0x4D, 0xC3, 0x4F, 0xB3, 0x3E, 0xE3, 0x2D
    .byte   0xCE, 0x63, 0xBB, 0x26, 0xEB, 0x33, 0xDE, 0x34, 0xCB, 0x46, 0xCC, 0xC4, 0x6B, 0xC2, 0x4C, 0x25
    .byte   0xDA, 0xE5, 0x6C, 0x91, 0x65, 0xAE, 0x23,  -11, 0x03, 0x5C, 0xBE, 0x63, 0xD9, 0x47, 0x18, 0x36
    .byte   0x1D, 0xFD, 0xE3, 0x03, 0x4A, 0xC6, 0x4B, 0xC1, 0x53, 0xBD, 0x43, 0xC1, 0x4C, 0x0E, 0x34, 0xCC
    .byte   0x4F, 0x31, 0xC2, 0x32, 0xB3, 0x42, 0xCB, 0x55,   -4, 0x0E, 0x32, 0xDE, 0x15, 0xDB, 0x25, 0x2B
    .byte   0xF5, 0xCF, 0xEE, 0x5D, 0xB4, 0x5C, 0xB2, 0x6D, 0xA2, 0x6E, 0xB3, 0x23, 0xEC, 0x25, 0xCA, 0x65
    .byte   0xBB, 0x34, 0x3D, 0xE3, 0xDC, 0x52, 0xC2, 0xED, 0x43,   -4, 0x02, 0x2E, 0xE2, 0x3C, 0x03, 0x2E
    .byte   0xD0, 0xE5, 0x2B, 0xD4, 0xE2, 0x4C, 0xC3, 0x41, 0xDF, 0xEC, 0x55, 0xAD, 0x32, 0x31, 0xCE, 0x42
    .byte   0xC2, 0x4D, 0xC3, 0x4D, 0xC3, 0x31, 0xFC, 0xE6, 0xCC, 0x5F,  -15, 0x02, 0x5D, 0xC3, 0x0E, 0x5B
    .byte   0xC6, 0xEC, 0x03, 0xED, 0x43, 0xB1, 0x31, 0x13, 0xDC, 0x43, 0xC4, 0x0A, 0x45, 0xDC, 0xD4, 0x5C
    .byte   0xB3, 0x5C, 0xE3, 0x2D, 0xC3, 0x5F, 0xA2, 0x52, 0xCC, 0x51, 0xC2,    4, 0x01, 0xED, 0x24, 0xCD
    .byte   0x33, 0x2C, 0xF3, 0x3D, 0xE1, 0x20, 0xD0, 0x5C, 0xD2, 0x21, 0xD4, 0xED, 0xE3, 0xF2, 0x2C, 0x04
    .byte   0xFC, 0x22, 0x3D, 0xD3, 0x4B, 0xF5, 0xDD, 0x3E, 0xE2, 0xF1, 0x2E, 0xD1,   12, 0x02, 0xB2, 0x30
    .byte   0xC3, 0x6A, 0xB5, 0x4D, 0xEE, 0xE2, 0x5A, 0x26, 0xBB, 0x55, 0xA1, 0x33, 0x1C, 0xE4, 0x3D, 0xC3
    .byte   0x3D, 0x02, 0x3C, 0xD4, 0x20, 0xEE, 0xD3, 0x4C, 0x12, 0xDE, 0x43, 0xCC, 0x34,   16, 0x0C, 0xD0
    .byte   0x41, 0xC2, 0x4C, 0xD5, 0xEC, 0x30, 0xF3, 0xDC, 0x35, 0xDB, 0x43, 0xCE, 0x5E, 0xCE, 0x4D, 0xF5
    .byte   0xAD, 0x64, 0x93, 0x5C, 0xF3, 0xDE, 0x4D, 0xD4, 0x4B, 0xC5, 0x3C, 0xE2, 0x20, 0xD3,   -2, 0x03
    .byte   0xEC, 0x35, 0xCB, 0x44, 0xDC, 0x44, 0xBD, 0x25, 0xFC, 0xD3, 0x5C, 0xC3, 0x3D, 0xE2, 0x11, 0xFD
    .byte   0x5D, 0xB3, 0x42, 0xC0, 0x21, 0xE2, 0x4E, 0xBD, 0x64, 0xBB, 0x35, 0xEB, 0x42, 0xDE, 0x13,   14
    .byte   0x00, 0x95, 0x6B, 0xC4, 0x3D, 0xC5, 0x1C, 0x3C, 0x25, 0xDB, 0x35, 0xDB, 0x35, 0xCE, 0xD4, 0x4B
    .byte   0xD3, 0x32, 0xC1, 0x4F, 0xCD, 0x51, 0xDD, 0x32, 0x1D, 0x23, 0xDD, 0xE5, 0x3A, 0xD6, 0x0D, 0xEC
    .byte     -4, 0x05, 0xBD, 0x5E, 0xB4, 0x3D, 0x2D, 0x13, 0x2D, 0xD2, 0x4D, 0xE1, 0xE1, 0x40, 0xB2, 0x4F
    .byte   0xF0, 0xD1, 0x3E, 0xE3, 0x2B, 0xF6, 0xDB, 0xF4, 0x3C, 0xF4, 0xEC, 0x33, 0x2D, 0xC0, 0x53, 0xBD
    .byte   0x42,   -7, 0x02, 0x42, 0xAC, 0x74, 0xAD, 0x14, 0x4B, 0xD5, 0x2A, 0x27, 0xCA, 0x16, 0xEC, 0x21
    .byte   0x1D, 0x3E, 0x4E, 0xA5, 0x6B, 0xB2, 0x5E, 0xCD, 0x53, 0xBD, 0x45, 0xCB, 0x34, 0xEB, 0x51, 0x00
    .byte   0xB3, 0x6D,  -24, 0x04, 0x5C, 0xC3, 0x5B, 0xD4, 0x3E, 0xDF, 0x03, 0x2C, 0xF5, 0x1A, 0x15, 0x3B
    .byte   0xE4, 0xE0, 0xEE, 0x43, 0xCB, 0x45, 0xDB, 0x34, 0xEC, 0x25, 0x0B, 0xD5, 0x3C, 0xC2, 0x5E, 0xB1
    .byte   0x6D, 0xA3, 0x53,  -12, 0x02, 0x3F, 0x3C, 0xF5, 0xFA, 0x26, 0xEB, 0xF4, 0x2B, 0x34, 0xED, 0xD1
    .byte   0x53, 0xAD, 0x53, 0xCD, 0x51, 0xB1, 0x42, 0x2C, 0xC4, 0x5B, 0xD5, 0xCB, 0x55, 0xCC, 0xF4, 0x1E
    .byte   0xE2, 0xF2, 0xC2, 0x5D,  -13, 0x02, 0x5C, 0xC4, 0x3D, 0xD2, 0x3F, 0xE1, 0x2E, 0xE2, 0xE3, 0xED
    .byte   0x31, 0x1F, 0xD3, 0x3C, 0xE2, 0x3F, 0xC3, 0x4E, 0xB2, 0x50, 0xCF, 0x33, 0xCD, 0x45, 0xAC, 0x45
    .byte   0xCB, 0x44, 0xEB, 0x44, 0x0B,  -23, 0x05, 0x5B, 0xB4, 0x5D, 0xB4, 0x4D, 0xCE, 0x53, 0xBC, 0x44
    .byte   0xDB, 0x45, 0xCC, 0xF5, 0x2C, 0xD4, 0x2D, 0xC4, 0x4C, 0xC4, 0x2F, 0xED, 0x33, 0xCE, 0x43, 0xCD
    .byte   0x33, 0x1D, 0xE2, 0x1D, 0x24, 0xEC,   -4, 0x03, 0xE0, 0x21, 0xD0, 0x2F, 0x01, 0x0E, 0xF2, 0x2F
    .byte   0xD1, 0x31, 0xD1, 0x2F, 0x0F, 0x12, 0xEF, 0x01, 0x2E, 0xE2, 0x2E, 0xD2, 0x31, 0xEE, 0x01, 0x2F
    .byte   0x2E, 0xD1, 0x32, 0x1D, 0xE1, 0x30, 0xE1,    2, 0x0D, 0xF4, 0x0D, 0xE2, 0xE2, 0x3E, 0xD2, 0xF0
    .byte   0x32, 0xDD, 0x13, 0x2E, 0xFE, 0xE1, 0x30, 0xEF, 0xEF, 0x31, 0xEE, 0x1E, 0x23, 0x1E, 0xD2, 0x20
    .byte   0x2E, 0xD1, 0x22, 0x00, 0xEE, 0x13, 0x1E, 0xEF,   -2, 0x01, 0x12, 0xFF, 0xE0, 0x22, 0xEE, 0xF1
    .byte   0x20, 0xE0, 0x1F, 0x02, 0x1F, 0xE0, 0x20, 0x0E, 0x01, 0xF0, 0x21, 0xEE, 0x22, 0x0E, 0x11, 0xFF
    .byte   0x02, 0x0E, 0xF2, 0xFF, 0x01, 0x0F, 0xF1, 0x0F, 0xF1,    2, 0x01, 0xEE, 0x22, 0xEF, 0x20, 0xE2
    .byte   0x01, 0x0E, 0x01, 0x1F, 0xF0, 0x0F, 0x02, 0x0F, 0xE1, 0x20, 0xFF, 0xF0, 0x10, 0x10, 0xFF, 0x02
    .byte   0x0E, 0x01, 0xF0, 0x11, 0x0F, 0xF1, 0x11, 0x0E, 0x01, 0x11,    1, 0x00, 0xE1, 0x12, 0x0E, 0x01
    .byte   0xF1, 0x00, 0xFF, 0x11, 0x00, 0xF0, 0xF2, 0xFF, 0x00, 0xF0, 0x20, 0xEF, 0x01, 0x11, 0xFF, 0xF1
    .byte   0x10, 0xF1, 0x00, 0x10, 0x0F, 0x10, 0x00, 0x0F, 0xF1, 0x10, 0xF1,    0, 0x00, 0x11, 0x0F, 0xF0
    .byte   0xF1, 0x1F, 0xF1, 0xF0, 0x01, 0x0F, 0x0F, 0x01, 0x0F, 0xF0, 0x00, 0x01, 0xFF, 0x11, 0x11, 0xFF
    .byte   0x00, 0x01, 0x01, 0xF1, 0x11, 0x00, 0x0F, 0x01, 0x0F, 0x1F, 0x10, 0x11,    4, 0x0F, 0xF1, 0x1F
    .byte   0xF1, 0xF0, 0x00, 0x10, 0xF1, 0x00, 0x00, 0x10, 0xFE, 0x11, 0x00, 0xF1, 0xFF, 0x10, 0xFF, 0xF1
    .byte   0xFF, 0x10, 0xE0, 0xF0, 0xF0, 0xFF, 0x10, 0x0E, 0x00, 0x0F, 0x1F, 0xF0, 0x11,  -13, 0x00, 0x10
    .byte   0x02, 0x12, 0x21, 0x32, 0x12, 0x11, 0x2F, 0x10, 0xEE, 0x22, 0x00, 0x02, 0x00, 0x10, 0xED, 0xE1
    .byte   0xFE, 0xE0, 0xE0, 0x01, 0x0E, 0xE0, 0x1F, 0xEF, 0x0F, 0xF1, 0xFF, 0xEF, 0x00, 0xE0,  -23, 0x0F
    .byte   0xE1, 0x2F, 0xE1, 0x10, 0xFF, 0xFF, 0xEE, 0x11, 0x11, 0x12, 0x23, 0x22, 0x33, 0x22, 0x22, 0x10
    .byte   0x02, 0x0E, 0x03, 0x20, 0x02, 0x1E, 0x00, 0xED, 0xDE, 0xFF, 0xEE, 0xE1, 0xEF, 0x0E, 0xED,  -18
    .byte   0x01, 0x0F, 0x11, 0x10, 0x23, 0x10, 0xF2, 0x21, 0x11, 0x2F, 0x12, 0x20, 0xFE, 0xF0, 0xE0, 0xEF
    .byte   0xEE, 0x0F, 0xEE, 0xEE, 0xEE, 0xFE, 0xEE, 0x1F, 0x00, 0xFE, 0xFF, 0x01, 0x0F, 0x12, 0x23, 0x23
    .byte    -10, 0x03, 0x33, 0x22, 0x12, 0x12, 0x2F, 0x02, 0x21, 0x20, 0xFF, 0xEF, 0xEE, 0xEE, 0xDF, 0xEF
    .byte   0xEE, 0xEF, 0xFE, 0xFE, 0xEE, 0x00, 0x11, 0x10, 0x12, 0x21, 0x12, 0x00, 0x22, 0x11, 0x11, 0x10
    .byte   0x11,   14, 0x0F, 0xFF, 0xFE, 0xFE, 0xEE, 0xFE, 0xEE, 0xEE, 0xEE, 0x0E, 0xFF, 0xFF, 0xFF, 0x00
    .byte   0xE0, 0x11, 0x12, 0x23, 0x23, 0x23, 0x33, 0x22, 0x22, 0x21, 0x22, 0xF2, 0x21, 0x21, 0x00, 0xEF
    .byte   0xEE, 0xEE,   29, 0x0E, 0xEE, 0xFE, 0xEE, 0xFE, 0xEE, 0xEF, 0xEF, 0x11, 0xF0, 0x20, 0x12, 0x10
    .byte   0x11, 0x02, 0x11, 0x22, 0x00, 0x21, 0x0F, 0xFF, 0xE0, 0xFE, 0x0E, 0xE0, 0xEE, 0xEE, 0xEE, 0xEE
    .byte   0x0F, 0xEF, 0xFF,  -50, 0x00, 0x11, 0x01, 0x11, 0x12, 0x23, 0x22, 0x32, 0x33, 0x22, 0x22, 0x31
    .byte   0x22, 0x20, 0x22, 0x11, 0x00, 0xEE, 0xEF, 0xEE, 0xEE, 0xEE, 0xEE, 0xEF, 0xDE, 0xEE, 0xFE, 0xE0
    .byte   0xF1, 0x11, 0x01, 0x01,  -13, 0x01, 0x11, 0x12, 0x21, 0x22, 0x02, 0xF1, 0x1F, 0x00, 0xF0, 0xEE
    .byte   0xFF, 0xEE, 0xEE, 0xFE, 0xEE, 0xEE, 0xEE, 0x0E, 0x0F, 0xFF, 0x01, 0x21, 0x11, 0x02, 0x22, 0x32
    .byte   0x32, 0x33, 0x23, 0x12, 0x12,   41, 0x02, 0x22, 0x12, 0x21, 0xFF, 0xEE, 0xEE, 0xEE, 0xEE, 0xEE
    .byte   0xEE, 0x0D, 0xEE, 0xEE, 0xEF, 0xFE, 0x10, 0x11, 0x01, 0x11, 0x20, 0x21, 0x02, 0x21, 0x21, 0x11
    .byte   0x11, 0x11, 0x00, 0x0F, 0xEE, 0xFE,   -4, 0x0E, 0xEF, 0xEE, 0xEF, 0xEE, 0xEE, 0x0E, 0x0F, 0xFF
    .byte   0xF1, 0x10, 0x21, 0x12, 0x13, 0x22, 0x32, 0x32, 0x33, 0x22, 0x21, 0x22, 0x22, 0x02, 0x01, 0x2F
    .byte   0xEE, 0xEE, 0xEE, 0xEE, 0xEE, 0xEE, 0xEF,    2, 0x0E, 0xED, 0x0E, 0x0F, 0xFF, 0x01, 0x20, 0x10
    .byte   0x21, 0x12, 0x12, 0x12, 0x10, 0x20, 0x11, 0x10, 0x0F, 0x1E, 0x0E, 0xFE, 0xEE, 0x0E, 0xEF, 0xEE
    .byte   0xEF, 0xEE, 0xEF, 0xE1, 0xF1, 0x00, 0x10, 0x20,  -40, 0x02, 0x12, 0x22, 0x32, 0x32, 0x32, 0x32
    .byte   0x22, 0x12, 0x12, 0x22, 0xF2, 0xF1, 0x0E, 0x0D, 0xEE, 0xEF, 0xEE, 0xEE, 0xEE, 0xEE, 0xEE, 0xEE
    .byte   0xFF, 0xFF, 0x01, 0x11, 0x11, 0x12, 0x02, 0x02, 0x20,    4, 0x01, 0x20, 0x10, 0x20, 0x00, 0xF0
    .byte   0xEE, 0x0E, 0xEE, 0x0E, 0x0E, 0xEE, 0xEE, 0xEE, 0x0E, 0xFF, 0xF1, 0x11, 0x0F, 0x01, 0x11, 0x22
    .byte   0x22, 0x23, 0x22, 0x32, 0x23, 0x22, 0x22, 0x12, 0x22, 0x12,   55, 0x01, 0x11, 0x0E, 0xED, 0xEE
    .byte   0xEF, 0xEE, 0xEE, 0xEF, 0xEE, 0xEE, 0xEE, 0xF0, 0xF1, 0xF1, 0x11, 0x02, 0x01, 0x21, 0x21, 0x12
    .byte   0x21, 0x10, 0x20, 0x1F, 0xFF, 0x0F, 0xFF, 0xEE, 0xFE, 0xEE, 0xFE,  -21, 0x0E, 0xEE, 0xFE, 0xE0
    .byte   0xE0, 0xFF, 0x0F, 0x01, 0x11, 0x21, 0x22, 0x22, 0x23, 0x22, 0x32, 0x33, 0x22, 0x20, 0x21, 0x22
    .byte   0x12, 0x01, 0x10, 0xEE, 0xEE, 0xDF, 0xEE, 0xEE, 0xFE, 0xEE, 0xEE, 0xEE,  -17, 0x0F, 0xFF, 0x10
    .byte   0xF1, 0x10, 0x21, 0x11, 0x21, 0x21, 0x21, 0x12, 0x10, 0x11, 0x00, 0x0F, 0x0F, 0x0E, 0xFE, 0xEE
    .byte   0xEF, 0xEE, 0xFE, 0xEE, 0xEF, 0xE0, 0xE0, 0x00, 0x00, 0x10, 0x12, 0x11, 0x22,  -26, 0x02, 0x23
    .byte   0x23, 0x23, 0x22, 0x30, 0x12, 0x12, 0x21, 0x21, 0x11, 0x0F, 0xFE, 0xED, 0xFE, 0xEE, 0xFE, 0xEE
    .byte   0xEE, 0xEE, 0xEE, 0xFF, 0xE1, 0x10, 0x10, 0x10, 0x02, 0x02, 0x10, 0x22, 0x11, 0x21,    9, 0x01
    .byte   0x11, 0xF1, 0xFF, 0xF0, 0xE0, 0xEE, 0xFE, 0xEE, 0xFE, 0xEE, 0xFE, 0xE0, 0xE0, 0x0E, 0x0F, 0x10
    .byte   0x01, 0x21, 0x21, 0x22, 0x22, 0x32, 0x23, 0x23, 0x22, 0x12, 0x12, 0x22, 0x21, 0x20, 0x11,   55
    .byte   0x00, 0xEE, 0xEE, 0xEE, 0xEE, 0xFE, 0xEE, 0xEE, 0xEE, 0xEE, 0xFF, 0xF0, 0x01, 0xF1, 0x00, 0x02
    .byte   0x02, 0x12, 0x12, 0x10, 0x21, 0x11, 0x01, 0x0F, 0x1F, 0xFF, 0xFF, 0xEF, 0xEE, 0xEF, 0xEE, 0xEE
    .byte    -31, 0x0E, 0xFE, 0x0E, 0x0F, 0xFF, 0x10, 0x10, 0x20, 0x22, 0x22, 0x22, 0x32, 0x31, 0x32, 0x22
    .byte   0x21, 0x22, 0x22, 0x20, 0x20, 0x0F, 0x0E, 0xEE, 0xEE, 0xEF, 0xEE, 0xEE, 0xEE, 0xEE, 0xEE, 0xEF
    .byte   0xE0,  -19, 0x00, 0x01, 0x00, 0x01, 0x01, 0x21, 0x22, 0x12, 0x02, 0x02, 0x01, 0x10, 0xF1, 0x0F
    .byte   0x00, 0xE0, 0xEE, 0xFE, 0xEE, 0xEE, 0xEE, 0xFE, 0x0E, 0x0E, 0x00, 0xE0, 0x00, 0x21, 0x12, 0x22
    .byte   0x22, 0x22,   -6, 0x02, 0x32, 0x31, 0x22, 0x22, 0x22, 0x12, 0x12, 0x00, 0x0F, 0xEE, 0xEF, 0xEE
    .byte   0xEF, 0xEE, 0xEE, 0xEE, 0xEE, 0xEE, 0xE0, 0xFF, 0x00, 0x0F, 0x11, 0x01, 0x12, 0x12, 0x12, 0x12
    .byte   0x11, 0x02, 0x01,   11, 0x01, 0x00, 0x0F, 0xFE, 0xEF, 0xEF, 0xEE, 0xEE, 0xEE, 0xEE, 0xFF, 0xEF
    .byte   0xFF, 0xF0, 0x01, 0x00, 0x22, 0x12, 0x22, 0x23, 0x13, 0x23, 0x12, 0x21, 0x22, 0x22, 0x22, 0x02
    .byte   0x01, 0x00, 0xFE, 0xEF,   37, 0x0E, 0xFF, 0xEE, 0xEE, 0xEE, 0xEE, 0xEF, 0xEF, 0xFF, 0xFF, 0x0F
    .byte   0x10, 0x11, 0x02, 0x10, 0x21, 0x02, 0x02, 0x11, 0x11, 0x00, 0x1F, 0xF0, 0xE0, 0xE0, 0xFE, 0xFE
    .byte   0xEE, 0xEF, 0xEE, 0xFE, 0x0F,  -38, 0x0F, 0xF0, 0xF0, 0x21, 0x11, 0x22, 0x02, 0x31, 0x24, 0x3E
    .byte   0xE3, 0x20, 0x23, 0x21, 0x02, 0x20, 0x12, 0x0E, 0xEF, 0xED, 0xFF, 0xEE, 0xFE, 0xEE, 0xEE, 0xFE
    .byte   0xEF, 0xEF, 0xFF, 0x00, 0x00, 0x01,  -14, 0x01, 0x12, 0x02, 0x01, 0x20, 0x21, 0x10, 0x10, 0x11
    .byte   0xF0, 0xFE, 0xF0, 0xEF, 0xFE, 0xEF, 0xEE, 0xFE, 0xFF, 0xE0, 0xE0, 0x0F, 0x0F, 0x11, 0x11, 0x12
    .byte   0x21, 0x22, 0x22, 0x22, 0x22, 0x22, 0x22,   29, 0x01, 0x21, 0x21, 0x10, 0x20, 0xFF, 0xFF, 0xEE
    .byte   0xEF, 0xEE, 0xEE, 0x0E, 0xEF, 0xEF, 0xEE, 0xF0, 0xE0, 0x00, 0x01, 0x10, 0x11, 0x11, 0x10, 0x20
    .byte   0x20, 0x02, 0x00, 0x00, 0x1F, 0xF0, 0x0F, 0xFF,   -1, 0x0F, 0xE0, 0xEF, 0xFE, 0xFF, 0xE0, 0xE0
    .byte   0xFF, 0xF0, 0x01, 0x11, 0x11, 0x12, 0x12, 0x12, 0x21, 0x22, 0x22, 0x21, 0x02, 0x10, 0x02, 0x01
    .byte   0x20, 0x11, 0x1F, 0xFF, 0xFF, 0xEF, 0xEE, 0xFE, 0xFF,    7, 0x0F, 0xFE, 0x0E, 0xF0, 0xE0, 0xFF
    .byte   0xF0, 0x0F, 0x11, 0x00, 0x11, 0x11, 0x11, 0x01, 0x11, 0x01, 0x10, 0x0F, 0x1F, 0x0F, 0xFF, 0xFF
    .byte   0xFF, 0x0E, 0x0F, 0xF0, 0xF0, 0xF0, 0xF1, 0x00, 0x01, 0x02,  -11, 0x01, 0x11, 0x12, 0x00, 0x21
    .byte   0x11, 0x11, 0x11, 0x02, 0x00, 0x11, 0xF0, 0x1F, 0xF1, 0x0F, 0x00, 0xF0, 0x0F, 0xFF, 0x00, 0xE0
    .byte   0xFF, 0xF1, 0xFF, 0x1F, 0x1F, 0x0F, 0x0F, 0x0F, 0x00, 0x01, 0x00,   -1, 0x00, 0x00, 0x11, 0x00
    .byte   0x00, 0xF1, 0xF1, 0x00, 0x00, 0xF1, 0xF1, 0xF0, 0xFF, 0xF0, 0x00, 0xF0, 0x01, 0xF0, 0x00, 0xFF
    .byte   0x00, 0x10, 0x10, 0x01, 0x00, 0x10, 0x1F, 0x00, 0x00, 0x01, 0x01, 0x00,    1, 0x00, 0x00, 0xF0
    .byte   0x00, 0x00, 0x1F, 0x00, 0x10, 0xF0, 0xF1, 0x0F, 0x10, 0x00, 0x00, 0x0F, 0x1F, 0x11, 0xF1, 0x00
    .byte   0x10, 0x10, 0xFF, 0x01, 0x0F, 0x00, 0x01, 0xF1, 0xF1, 0xF0, 0x1F, 0xF0, 0xF1,    0, 0x01, 0x01
    .byte   0xF1, 0x1F, 0x01, 0xF0, 0x00, 0x00, 0x1F, 0x10, 0x0F, 0x0F, 0x1F, 0xF0, 0xF0, 0x1F, 0x00, 0x00
    .byte   0xF0, 0xF0, 0x1F, 0xF1, 0x00, 0x01, 0x10, 0x00, 0x00, 0x00, 0x00, 0x00, 0x10, 0x00,    2, 0x00
    .byte   0xF0, 0x00, 0x01, 0xFF, 0x00, 0x10, 0x0F, 0x00, 0x00, 0x0F, 0xF0, 0x01, 0x0F, 0x10, 0x00, 0x10
    .byte   0x00, 0x00, 0x00, 0x0F, 0x01, 0x10, 0x01, 0xF1, 0x01, 0xF0, 0x01, 0x0F, 0x00, 0x00, 0xF0,    1
    .byte   0x0F, 0x00, 0x0F, 0x00, 0xF1, 0xF0, 0x0F, 0x1F, 0x00, 0x00, 0x10, 0x1F, 0x10, 0xF0, 0x11, 0x00
    .byte   0x01, 0xF0, 0x01, 0x00, 0x00, 0x00, 0x1F, 0x01, 0x0F, 0x0F, 0x00, 0x10, 0x0F, 0xF0, 0x00, 0x1F
    .byte     -1, 0x0F, 0x10, 0x00, 0x00, 0x10, 0x0F, 0x10, 0x01, 0xF1, 0x0F, 0x1F, 0x10, 0x1F, 0x00, 0xF1
    .byte   0x00, 0x00, 0x00, 0x1F, 0x00, 0xF1, 0xF0, 0x1F, 0x0F, 0x11, 0xF0, 0x00, 0xF0, 0x00, 0x1F, 0x1F
    .byte   0x01,    0, 0x00, 0x00, 0x00, 0x00, 0x00, 0x0F, 0x1F, 0x11, 0x0F, 0x01, 0x0F, 0x01, 0x00, 0xF1
    .byte   0xF1, 0xF1, 0xF0, 0x00, 0x1F, 0x1F, 0x00, 0x00, 0x00, 0xF0, 0x00, 0x10, 0xF1, 0xF0, 0x10, 0xF1
    .byte   0xF0, 0x01,    0, 0x00, 0xF0, 0x00, 0x10, 0x01, 0xF0, 0xF1, 0x00, 0xF1, 0xF1, 0x00, 0x0F, 0x01
    .byte   0x00, 0x00, 0x00, 0x00, 0x00, 0x00, 0x00, 0x00, 0x00, 0x00, 0x1F, 0x0F, 0x10, 0x00, 0x0F, 0x01
    .byte   0x00, 0xF1, 0x01,    1, 0x0F, 0x01, 0xF0, 0x01, 0x00, 0xF0, 0x1F, 0x0F, 0x1F, 0x10, 0xF0, 0x10
    .byte   0xF0, 0x00, 0x10, 0x01, 0x10, 0x0F, 0x0F, 0x02, 0x0F, 0xEE, 0x02, 0xE7, 0x38, 0xA3, 0x77, 0xA8
    .byte   0xE7, 0x7B, 0x9C, 0x56,    6, 0x0A, 0x16, 0x5B, 0xB3, 0x43, 0xDC, 0x46, 0x4A, 0x83, 0x73, 0xBA
    .byte   0x46, 0x3C, 0xCC, 0x31, 0xFD, 0x43, 0xBE, 0x53, 0x4D, 0xB4, 0x3C, 0xE3, 0x12, 0x1D, 0xE0, 0x31
    .byte   0xDC, 0xD3, 0x41, 0xD1, 0x31,    1, 0x0E, 0xE3, 0xEF, 0x11, 0x30, 0xEE, 0x22, 0xEE, 0xFE, 0x02
    .byte   0xEE, 0x21, 0x10, 0x10, 0xF0, 0x01, 0x01, 0x2F, 0xE2, 0x22, 0xDD, 0x32, 0xED, 0x22, 0xE2, 0x01
    .byte   0x10, 0xFF, 0x22, 0xEF, 0xF1, 0x11,    1, 0x01, 0x2E, 0xF2, 0xEF, 0x11, 0x0E, 0x02, 0xFF, 0xE2
    .byte   0x2F, 0xE2, 0x10, 0xE1, 0x10, 0x10, 0xE0, 0x20, 0xFF, 0xF0, 0xE2, 0x0E, 0xF0, 0x21, 0x02, 0x1E
    .byte   0xE2, 0x2F, 0xEF, 0x02, 0x0E, 0x12, 0x1E,   -2, 0x0F, 0xFF, 0xF2, 0x0E, 0x02, 0x10, 0xE3, 0x1D
    .byte   0x12, 0x2E, 0xFE, 0x22, 0xFE, 0xE1, 0x20, 0x0E, 0xF2, 0x2F, 0xE1, 0x20, 0x0E, 0xF2, 0xFE, 0x21
    .byte   0xFE, 0x13, 0xEE, 0xE2, 0x20, 0xD1, 0x21, 0x10,   -3, 0x01, 0x2E, 0x00, 0xF0, 0x2F, 0xE2, 0xF2
    .byte   0x0E, 0x01, 0x2F, 0x0E, 0x01, 0x2E, 0xEF, 0x12, 0xFE, 0xF3, 0x01, 0xE0, 0x2F, 0xFE, 0x12, 0xEF
    .byte   0x21, 0x01, 0x01, 0x0E, 0xE0, 0x1E, 0x10, 0x12, 0x11,    7, 0x0E, 0xF1, 0x10, 0xEE, 0x11, 0x0F
    .byte   0x11, 0xF2, 0x0F, 0xE1, 0x10, 0xFF, 0x2F, 0x20, 0xE1, 0x22, 0xEF, 0xFE, 0xF0, 0x2E, 0xD0, 0x23
    .byte   0x2E, 0xE1, 0x22, 0xFE, 0xE0, 0x20, 0xFE, 0x12, 0xFE, 0x12,   -1, 0x0E, 0xE3, 0x0F, 0xEE, 0x33
    .byte   0xFE, 0xE2, 0x2F, 0xED, 0x11, 0x02, 0xFF, 0x01, 0x22, 0xEE, 0xF2, 0x2F, 0xDE, 0x23, 0x2E, 0xEE
    .byte   0x21, 0xEE, 0xEF, 0x32, 0xE0, 0x02, 0x3F, 0xED, 0x00, 0x0F, 0x01,    0, 0x01, 0x02, 0xF0, 0x2E
    .byte   0xDE, 0x23, 0x0D, 0xE3, 0x4F, 0xCE, 0x02, 0x2D, 0xE1, 0x22, 0x21, 0xF2, 0x2E, 0xED, 0x02, 0x0E
    .byte   0xF1, 0x23, 0x1E, 0x2F, 0xEE, 0xFE, 0x12, 0x21, 0xEE, 0x24, 0xFC, 0xD1,   -3, 0x0F, 0xEE, 0x33
    .byte   0xFE, 0xE2, 0x31, 0xDD, 0x02, 0x21, 0x10, 0x0D, 0xF3, 0x2E, 0xD2, 0x32, 0xDD, 0x12, 0x30, 0xDD
    .byte   0x24, 0x3E, 0xCF, 0x22, 0xFE, 0xEF, 0x2E, 0x12, 0x2F, 0x00, 0x10, 0xDE, 0x23,    4, 0x0E, 0xD3
    .byte   0x4E, 0xEE, 0xDF, 0x24, 0xEC, 0xC2, 0x53, 0xDC, 0x14, 0x4D, 0xCD, 0x23, 0x2D, 0xE0, 0xF1, 0x30
    .byte   0xFF, 0x10, 0xFD, 0xE2, 0x3E, 0x02, 0x22, 0xFE, 0xE0, 0xF0, 0x0E, 0xEF, 0x33, 0xFD,    5, 0x03
    .byte   0xFD, 0xD2, 0x2E, 0xD0, 0x22, 0x32, 0xFD, 0xD1, 0x41, 0xED, 0xDF, 0x33, 0x2E, 0xCE, 0x43, 0xDE
    .byte   0x13, 0x2E, 0xD0, 0xFF, 0xFF, 0xFF, 0x22, 0x31, 0xEF, 0x21, 0xED, 0xE1, 0x2F, 0xED, 0x13,   12
    .byte   0x03, 0xEC, 0xE3, 0x3D, 0xCD, 0xF3, 0x31, 0x11, 0x22, 0x21, 0xEC, 0xD3, 0x3E, 0xDD, 0x25, 0x3E
    .byte   0xE0, 0x2E, 0xBC, 0x34, 0x31, 0xE1, 0xFE, 0xE3, 0x32, 0xDD, 0xE1, 0xF0, 0x22, 0x2E, 0xD1, 0x32
    .byte      9, 0x0F, 0xE0, 0x0D, 0xD2, 0x34, 0xED, 0xE3, 0x2D, 0xDF, 0x20, 0xE0, 0x31, 0xEE, 0x34, 0x3C
    .byte   0xBF, 0x42, 0xDC, 0xD4, 0x51, 0xDE, 0x33, 0x2C, 0xCC, 0x03, 0x42, 0x11, 0x2E, 0x3E, 0xDC, 0xD3
    .byte   0x43,    6, 0x0E, 0xEE, 0x32, 0x0D, 0xEE, 0x22, 0x01, 0x3E, 0xD1, 0x33, 0xEC, 0xD3, 0x3E, 0xE2
    .byte   0x22, 0xDE, 0x43, 0xDD, 0xD2, 0x3F, 0xEF, 0x1D, 0xF2, 0x43, 0xDC, 0xE3, 0x31, 0xED, 0xDF, 0x02
    .byte   0x42, 0xFE,    2, 0x03, 0xFF, 0xCE, 0x11, 0x2F, 0x13, 0x22, 0xFE, 0xE1, 0xEE, 0xEF, 0x01, 0x11
    .byte   0x43, 0xCD, 0xF2, 0x2E, 0xD2, 0x31, 0x10, 0xEE, 0x1E, 0x03, 0x2E, 0x11, 0x20, 0xEE, 0xE0, 0x23
    .byte   0xDE, 0x33, 0x0D,    3, 0x02, 0x1D, 0x03, 0x3D, 0xDE, 0x22, 0x2F, 0x02, 0x1F, 0xEE, 0xDE, 0x12
    .byte   0x32, 0x0E, 0xD0, 0x22, 0xFD, 0xDF, 0x22, 0x12, 0x2F, 0xED, 0x12, 0x0F, 0x12, 0x0E, 0xF1, 0x20
    .byte   0xDF, 0x32, 0x21, 0xF0,    3, 0x00, 0x22, 0xEF, 0x02, 0x22, 0x0F, 0xEE, 0x22, 0x0E, 0x13, 0x0E
    .byte   0xE1, 0x2E, 0xF1, 0x1F, 0xEF, 0xFF, 0xD0, 0x1F, 0xEE, 0xD1, 0x22, 0x00, 0xEE, 0xEE, 0x12, 0x1D
    .byte   0xD1, 0x22, 0x0F, 0xEE, 0xD1,  -37, 0x03, 0x22, 0xED, 0x34, 0x53, 0xEE, 0x0F, 0xE0, 0x32, 0x1D
    .byte   0x13, 0x3E, 0xE2, 0x20, 0xEF, 0x11, 0xED, 0xEF, 0x0E, 0xEF, 0x0F, 0x00, 0xFE, 0xEF, 0x31, 0xFD
    .byte   0xEE, 0x12, 0x22, 0x0D, 0xE0, 0x32,   -2, 0x0D, 0xEE, 0xD2, 0x22, 0x1D, 0xED, 0x12, 0xF1, 0xDD
    .byte   0x01, 0x33, 0xF3, 0x54, 0x1E, 0xFF, 0xDE, 0x14, 0x2C, 0xE3, 0x43, 0x21, 0x10, 0xE1, 0x3E, 0xDD
    .byte   0xED, 0xD1, 0x22, 0xEE, 0x10, 0x10, 0xF0,    0, 0x0E, 0xE1, 0x1E, 0x02, 0x00, 0x13, 0x20, 0xF0
    .byte   0x0F, 0xEE, 0xEF, 0xFE, 0x12, 0x0E, 0xF1, 0xED, 0xED, 0xED, 0x1F, 0xF2, 0x12, 0x04, 0x64, 0x1D
    .byte   0xDD, 0xE0, 0x33, 0x0C, 0x13, 0x43, 0x31, 0xE0,   35, 0x02, 0x00, 0xED, 0xDD, 0xFE, 0x01, 0x01
    .byte   0x00, 0xFF, 0x0D, 0xEE, 0xE1, 0x12, 0xE0, 0x32, 0x22, 0x02, 0x11, 0xF1, 0xEE, 0xE1, 0x00, 0xEF
    .byte   0xF0, 0x22, 0xFD, 0xDD, 0xEE, 0xFE, 0xDC, 0xD4, 0x44,  -21, 0x04, 0x43, 0xED, 0x2F, 0xDD, 0x24
    .byte   0xEE, 0x23, 0x4F, 0x31, 0x2E, 0xD1, 0x2F, 0xED, 0xDD, 0xEE, 0x02, 0x00, 0x02, 0x0E, 0xED, 0xEE
    .byte   0xEF, 0xF1, 0x21, 0x33, 0x33, 0x2E, 0xEE, 0xD1, 0x12, 0xFE,    0, 0x02, 0x20, 0x00, 0x0E, 0xDF
    .byte   0x00, 0xDC, 0xFE, 0xDD, 0xE2, 0xE2, 0x23, 0x35, 0x54, 0x1C, 0xCD, 0xE1, 0x34, 0x2D, 0xF2, 0x44
    .byte   0x10, 0xEE, 0xE2, 0x2E, 0xEC, 0xDD, 0xE1, 0x22, 0x0F, 0x1F, 0x0E,   -4, 0x0E, 0xDE, 0xE0, 0x12
    .byte   0x20, 0x32, 0x22, 0x10, 0xFE, 0xFF, 0x02, 0x00, 0x21, 0x11, 0x22, 0xFE, 0xFD, 0xDD, 0xDE, 0xFE
    .byte   0xED, 0x0E, 0xF2, 0x22, 0x13, 0x56, 0x4E, 0xBC, 0xCD, 0x24, 0x5E, 0xCF,    8, 0x04, 0x33, 0x30
    .byte   0xDD, 0xE3, 0xFE, 0xCC, 0xDE, 0xF3, 0x32, 0x0F, 0xF0, 0xED, 0xEE, 0xD1, 0x12, 0x22, 0x11, 0x22
    .byte   0x02, 0x0F, 0xFE, 0x01, 0x0F, 0x02, 0x0F, 0x22, 0x20, 0xEE, 0xEE, 0xDF, 0x1F,  -16, 0x0E, 0xE1
    .byte   0x20, 0x11, 0xEF, 0xFF, 0x02, 0x00, 0x22, 0x33, 0x21, 0x10, 0xF0, 0x10, 0x0F, 0x02, 0x22, 0x01
    .byte   0x0F, 0x0E, 0x1E, 0xEE, 0xE0, 0xE0, 0xF1, 0x20, 0x00, 0x1F, 0xF0, 0xEF, 0xE1, 0x11,   -1, 0x0F
    .byte   0x01, 0xFE, 0x01, 0x2E, 0xEE, 0xFE, 0xE1, 0x1D, 0xDD, 0x10, 0x12, 0x2E, 0x47, 0x74, 0xB9, 0xBC
    .byte   0xD4, 0x65, 0xBB, 0xE4, 0x54, 0x3F, 0xDB, 0xD4, 0x40, 0xCB, 0xCD, 0xE3, 0x43, 0xFE, 0x12,   10
    .byte   0x0E, 0xED, 0xDD, 0x02, 0x32, 0xF0, 0x22, 0x31, 0x10, 0xEE, 0xEF, 0xE0, 0x12, 0xF3, 0x33, 0x21
    .byte   0xDE, 0xEE, 0xDE, 0xEE, 0x11, 0x22, 0x22, 0x01, 0x1F, 0xEE, 0xDE, 0xE0, 0x10, 0x20, 0x22, 0x23
    .byte      5, 0x0F, 0xEE, 0xF0, 0x21, 0x1F, 0xEF, 0x11, 0x21, 0x1F, 0xEF, 0x01, 0x0F, 0xEF, 0xE1, 0x11
    .byte   0x0F, 0x0F, 0x02, 0x11, 0x11, 0x22, 0x22, 0x11, 0x0F, 0x0E, 0x00, 0x1F, 0xFF, 0xE0, 0x21, 0x10
    .byte   0xF1,    9, 0x0F, 0x1F, 0xEE, 0xE0, 0x00, 0xE0, 0x10, 0x12, 0x10, 0xFD, 0xED, 0x02, 0x30, 0xEE
    .byte   0xFF, 0xDE, 0x20, 0xB3, 0x77, 0x7B, 0x9A, 0xCC, 0x46, 0x6A, 0x92, 0x66, 0x42, 0xEB, 0xA0, 0x66
    .byte   0xCA, 0xBC,  -44, 0x04, 0x54, 0xDB, 0xD5, 0x43, 0x0D, 0xCB, 0xE3, 0x42, 0xEE, 0x11, 0x33, 0x3F
    .byte   0xDD, 0x23, 0x1E, 0xDD, 0x02, 0x34, 0x0F, 0xFE, 0xFF, 0xED, 0xDE, 0xE2, 0x22, 0x20, 0x01, 0x11
    .byte   0x1E, 0xEE, 0x00,  -13, 0x00, 0x00, 0x12, 0x23, 0x10, 0xF0, 0xFF, 0x1F, 0xF0, 0xF0, 0x20, 0x01
    .byte   0x0F, 0xFF, 0xF0, 0x0F, 0x0F, 0xF1, 0x11, 0x0F, 0x0F, 0x01, 0xF0, 0xF1, 0x0F, 0x10, 0x11, 0xF0
    .byte   0x2F, 0x01, 0xFF, 0xF0,    2, 0x0F, 0x10, 0x10, 0x00, 0x10, 0xF0, 0x0F, 0x1E, 0x10, 0x10, 0x01
    .byte   0x0F, 0x00, 0xFF, 0x01, 0x0F, 0xF1, 0x00, 0xF1, 0x10, 0xF0, 0x00, 0x10, 0xF0, 0x01, 0x00, 0x00
    .byte   0x1F, 0x00, 0xF1, 0x0F, 0x10,   -1, 0x01, 0xF1, 0xF0, 0x1F, 0x10, 0x0F, 0x00, 0xF0, 0x10, 0xF0
    .byte   0x11, 0xF1, 0x01, 0xF0, 0xF0, 0x00, 0x01, 0x0F, 0x01, 0x1F, 0x1F, 0x10, 0xF1, 0x0F, 0xF0, 0x10
    .byte   0xF1, 0x10, 0xF0, 0x10, 0x00, 0xF0,    0, 0x00, 0x00, 0xF0, 0x00, 0x00, 0x10, 0x0F, 0x01, 0x1F
    .byte   0xF0, 0x01, 0x0F, 0x10, 0xF1, 0x1F, 0x01, 0x0F, 0xF0, 0x10, 0x00, 0x00, 0x01, 0x00, 0xF0, 0x10
    .byte   0xF0, 0x00, 0x00, 0x10, 0xF1, 0x0F, 0xF0,    1, 0x0F, 0x1F, 0x00, 0x00, 0xF0, 0x10, 0x00, 0xF0
    .byte   0x01, 0x0F, 0x10, 0x00, 0x0F, 0x10, 0x00, 0x00, 0x00, 0x00, 0xF1, 0xF1, 0x00, 0x00, 0x1F, 0x0F
    .byte   0x01, 0xF1, 0x0F, 0x10, 0x0F, 0x10, 0x0F, 0x1F,    0, 0x00, 0x00, 0x10, 0x0F, 0x10, 0xF0, 0x1F
    .byte   0x00, 0x10, 0xF1, 0xF0, 0x1F, 0x00, 0x00, 0x00, 0x0F, 0x10, 0x00, 0x0F, 0x10, 0x0F, 0x00, 0x01
    .byte   0x00, 0x0F, 0x1F, 0x01, 0x0F, 0x11, 0xF0, 0x10, 0x0F,    1, 0x0F, 0x01, 0x0F, 0x1F, 0x0F, 0x10
    .byte   0x00, 0x10, 0xF0, 0x00, 0x00, 0x1F, 0x0F, 0x11, 0xF0, 0x1F, 0x00, 0x01, 0xF1, 0xF1, 0xF0, 0x00
    .byte   0x01, 0xF0, 0x00, 0x00, 0x01, 0x00, 0xF0, 0x00, 0x1F, 0x1F,    0, 0x00, 0x00, 0x00, 0x00, 0xF1
    .byte   0x0F, 0x1F, 0x00, 0x01, 0x00, 0x00, 0xF1, 0x00, 0x00, 0x00, 0x01, 0xF0, 0x00, 0x00, 0x0F, 0x10
    .byte   0x00, 0xF1, 0x00, 0x00, 0x00, 0x00, 0x00, 0x00, 0x00, 0x00, 0x1F,    0, 0x00, 0xF1, 0x0F, 0x10
    .byte   0x00, 0x00, 0x0F, 0x11, 0xFF, 0x10, 0x00, 0xF1, 0x00, 0x00, 0x01, 0xF1, 0xF0, 0x01, 0xF0, 0x0F
    .byte   0x01, 0x00, 0x00, 0xF1, 0x1F, 0x00, 0x00, 0x1F, 0x00, 0x00, 0x00, 0x00,    0, 0x00, 0xF1, 0x00
    .byte   0x00, 0x00, 0x1F, 0x00, 0x00, 0x00, 0xF1, 0x01, 0xF0, 0x1F, 0x10, 0xF0, 0xF1, 0x00, 0x00, 0x00
    .byte   0xF1, 0x00, 0x0F, 0x1F, 0x10, 0x01, 0xF0, 0x00, 0x0F, 0x01, 0x00, 0x00, 0x0F,    0, 0x00, 0x00
    .byte   0x00, 0x00, 0x01, 0x0F, 0x1F, 0x00, 0xF1, 0x00, 0xF1, 0x01, 0xF0, 0x00, 0x00, 0x0F, 0x10, 0xF1
    .byte   0x0F, 0x10, 0x01, 0xF0, 0x00, 0x00, 0x0F, 0x10, 0x00, 0x00, 0xF1, 0x1F, 0x00, 0xF1,    0, 0x00
    .byte   0x01, 0xF0, 0x00, 0xF1, 0x1F, 0xF0, 0x10, 0x1F, 0x0F, 0x10, 0x00, 0xF1, 0x00, 0x00, 0x00, 0x00
    .byte   0xF1, 0x00, 0x0F, 0x10, 0x00, 0xF1, 0x01, 0xF0, 0x00, 0xF0, 0x10, 0x1F, 0x00, 0x01, 0xF1,    0
    .byte   0x00, 0x00, 0x01, 0x0F, 0x1F, 0x1F, 0x00, 0x00, 0x10, 0xF0, 0x00, 0x1F, 0x10, 0x0F, 0x00, 0xF0
    .byte   0x00, 0x10, 0xF0, 0x01, 0xF0, 0xF0, 0x01, 0x0F, 0x10, 0x1F, 0x10, 0x0F, 0x01, 0xF0, 0x11, 0x00
    .byte      2, 0x00, 0x10, 0x1F, 0x01, 0x0F, 0x01, 0xF1, 0x0F, 0x0F, 0x0F, 0xF0, 0x0F, 0x0F, 0x0F, 0x00
    .byte   0x00, 0x0F, 0x01, 0x01, 0xF0, 0x00, 0x10, 0x00, 0x01, 0x01, 0xF1, 0x00, 0x10, 0x00, 0x01, 0x00
    .byte   0x00,    2, 0x0F, 0x00, 0x1F, 0x0F, 0x10, 0x0F, 0x00, 0x1F, 0xF0, 0x00, 0x00, 0x00, 0x1F, 0x00
    .byte   0x00, 0x01, 0x00, 0x01, 0xF1, 0xF0, 0x01, 0xF0, 0x1F, 0x1F, 0x10, 0x00, 0x0F, 0x10, 0x00, 0x0F
    .byte   0x1F, 0x00,    0, 0x00, 0xF1, 0x00, 0x0F, 0x01, 0xF1, 0x0F, 0x01, 0x00, 0x00, 0xF1, 0x00, 0x00
    .byte   0x00, 0x01, 0xF1, 0xF1, 0xF1, 0xF0, 0x00, 0x00, 0x00, 0x10, 0xF1, 0x0F, 0x01, 0xFF, 0x10, 0x00
    .byte   0x00, 0xF0, 0x1F,   -1, 0x00, 0x10, 0xF0, 0x10, 0x00, 0x01, 0xF1, 0xF0, 0x0F, 0x11, 0x0F, 0x00
    .byte   0xF1, 0x00, 0x00, 0x00, 0x0F, 0x10, 0x0F, 0x1F, 0x1F, 0x10, 0x0F, 0x10, 0xF0, 0x10, 0xF1, 0x0F
    .byte   0x01, 0x00, 0x00, 0x00,    0, 0x01, 0xF0, 0x00, 0x00, 0x00, 0x00, 0x1F, 0x00, 0x1F, 0x00, 0x0F
    .byte   0x10, 0x0F, 0x1F, 0x10, 0xF1, 0x01, 0xF0, 0xF1, 0x1F, 0x00, 0x00, 0xF1, 0x00, 0x00, 0xF1, 0x00
    .byte   0x00, 0xF1, 0x00, 0x1F, 0x1F,    0, 0x00, 0x1F, 0x00, 0x0F, 0x10, 0x00, 0x00, 0x00, 0x00, 0x00
    .byte   0x00, 0x01, 0xF0, 0x00, 0x00, 0x00, 0x1F, 0x00, 0x00, 0x00, 0x00, 0x00, 0x00, 0x00, 0xF1, 0x00
    .byte   0x00, 0x0F, 0x01, 0x00, 0xF1, 0xF1,    0, 0x00, 0x01, 0xF1, 0xF0, 0x00, 0x10, 0xF0, 0x00, 0x00
    .byte   0x00, 0x00, 0x0F, 0x11, 0xF0, 0x00, 0x00, 0xF1, 0x00, 0x0F, 0x01, 0x00, 0x00, 0x00, 0x00, 0x00
    .byte   0xF1, 0x1F, 0x0F, 0x10, 0x00, 0x00, 0x00,    1, 0x0F, 0x00, 0x00, 0x00, 0x0F, 0x00, 0x10, 0x0F
    .byte   0x11, 0x0F, 0x00, 0x00, 0x00, 0x00, 0x00, 0xF0, 0x10, 0x1F, 0xF1, 0x00, 0x00, 0x00, 0x00, 0x00
    .byte   0x00, 0x0F, 0x10, 0x00, 0x00, 0x00, 0x1F, 0x00,    0, 0x00, 0x00, 0xF0, 0x11, 0xF0, 0x00, 0x00
    .byte   0x0F, 0x10, 0x01, 0xF0, 0x0F, 0x1F, 0x10, 0x0F, 0x01, 0x01, 0x1E, 0x02, 0x11, 0x1F, 0xB4, 0x6B
    .byte   0xB4, 0x3D, 0xE1, 0xF2, 0x2F, 0xD4, 0xEE, 0x3D, 0xD3,    4, 0x0C, 0x40, 0xD4, 0x2B, 0x44, 0xBE
    .byte   0xE4, 0xFC, 0x42, 0xC4, 0x1B, 0x32, 0xE3, 0x1D, 0xE5, 0xDC, 0x41, 0xC4, 0x2B, 0x42, 0xEE, 0x12
    .byte   0xFE, 0x10, 0x02, 0xE0, 0x1F, 0xF2, 0x0D, 0x31, 0xEF, 0x11,    3, 0x0E, 0x02, 0xE0, 0x10, 0x1F
    .byte   0xF2, 0x0E, 0xE3, 0xEE, 0x12, 0xF1, 0xFF, 0x2E, 0x10, 0x10, 0xFE, 0x22, 0xE0, 0xF0, 0x2F, 0xE2
    .byte   0x0D, 0x31, 0xD2, 0x3E, 0xD3, 0xEE, 0x4D, 0xD4, 0xDE, 0x22, 0xD3,    2, 0x0E, 0x11, 0x2D, 0x20
    .byte   0x1F, 0xF2, 0x0D, 0x3F, 0xD4, 0xFC, 0x32, 0xEE, 0x31, 0xC3, 0x2E, 0x21, 0xC3, 0x3E, 0xD3, 0x1E
    .byte   0x2D, 0x14, 0xDC, 0x42, 0xDF, 0x30, 0xD1, 0x20, 0x1E, 0x12, 0xEE, 0x3E,   -5, 0x03, 0xEE, 0x22
    .byte   0xD2, 0x2E, 0x2D, 0x23, 0xDF, 0x3D, 0x13, 0xDF, 0x30, 0xC3, 0x3F, 0xCE, 0x5E, 0xC1, 0x4D, 0xD3
    .byte   0x3D, 0xE2, 0x11, 0xEE, 0x4E, 0xC3, 0x3D, 0xF2, 0xF1, 0x1E, 0xE2, 0x3D, 0xD4,   11, 0x0C, 0xD4
    .byte   0x3E, 0xCF, 0x44, 0xAC, 0x73, 0x91, 0x6D, 0xCE, 0x44, 0xCC, 0x05, 0x1C, 0xC4, 0x5B, 0xB6, 0x4C
    .byte   0xA4, 0x6C, 0xC1, 0x32, 0x0B, 0x35, 0x1A, 0x35, 0xCF, 0x02, 0x2E, 0xD2, 0x42, 0xAF,   17, 0x03
    .byte   0xAD, 0x53, 0xB2, 0x4C, 0x12, 0x1E, 0x40, 0xA4, 0x6A, 0xD5, 0x2B, 0x23, 0x21, 0xCE, 0x52, 0xBE
    .byte   0x52, 0xBD, 0x61, 0xBD, 0x53, 0xCD, 0x21, 0x4B, 0xE6, 0xDC, 0xD3, 0x50, 0x94, 0x7A, 0xA7,   23
    .byte   0x0B, 0xED, 0x53, 0xBC, 0x54, 0xBD, 0x44, 0xCC, 0x44, 0xBD, 0x43, 0xED, 0x13, 0xEC, 0x44, 0xCE
    .byte   0xE2, 0x31, 0xC2, 0x2F, 0xF2, 0x3D, 0xC2, 0x6C, 0xB3, 0x5B, 0xF4, 0xDD, 0x4C, 0x44, 0xA0, 0x52
    .byte     -6, 0x0E, 0x25, 0xCC, 0x25, 0xDB, 0x44, 0xDD, 0xC5, 0x5A, 0xC5, 0x2D, 0x3D, 0xF3, 0xDC, 0x62
    .byte   0xAE, 0x45, 0xCB, 0x44, 0xCD, 0x52, 0xBE, 0x23, 0x4D, 0xA4, 0x5D, 0xD2, 0x3D, 0xC4, 0x4D, 0xCD
    .byte   0x52,    5, 0x0C, 0x25, 0xBD, 0x45, 0xCA, 0x45, 0xDC, 0x4E, 0xD2, 0x22, 0x2D, 0xC3, 0x6C, 0xA4
    .byte   0x4D, 0x23, 0xB2, 0x4E, 0xD4, 0xCC, 0x60, 0xCE, 0x3E, 0xE4, 0xDD, 0x3F, 0xE2, 0x2D, 0x12, 0xE1
    .byte   0x3E, 0xC3,    5, 0x00, 0xFD, 0x03, 0xE1, 0x3D, 0xC4, 0x2E, 0x0E, 0xE3, 0x2E, 0xD3, 0xE1, 0x21
    .byte   0xC2, 0x33, 0xEC, 0xF3, 0x4D, 0xD2, 0xEF, 0x30, 0x3C, 0xC3, 0x50, 0xCD, 0x04, 0x0E, 0xEE, 0x21
    .byte   0x13, 0xCE, 0x43,    4, 0x0D, 0x0E, 0x42, 0xDC, 0x33, 0x22, 0xDC, 0x33, 0x00, 0xDE, 0x23, 0x2D
    .byte   0xD3, 0x2F, 0xFE, 0xE3, 0xFE, 0x2F, 0xD2, 0x4E, 0xCE, 0x43, 0xEC, 0xF3, 0x0F, 0x11, 0xEE, 0x14
    .byte   0x2B, 0xD5, 0x3D, 0xC1,    6, 0x0F, 0xE1, 0x0E, 0xD3, 0x4E, 0xBE, 0x45, 0xDB, 0xE4, 0x30, 0xDE
    .byte   0xFE, 0x44, 0xCC, 0xF3, 0x42, 0xBD, 0x33, 0x02, 0xDD, 0x23, 0x2F, 0xDD, 0x34, 0xEC, 0x02, 0x30
    .byte   0xEE, 0x12, 0xF0, 0x2E, 0xD2,    7, 0x0E, 0xEF, 0x21, 0xEE, 0x22, 0xFE, 0x02, 0x0E, 0x02, 0xF0
    .byte   0xFF, 0xF1, 0x01, 0x1E, 0x02, 0x0F, 0x10, 0xFF, 0x21, 0x0E, 0xF0, 0x21, 0xEE, 0x12, 0x1F, 0xEF
    .byte   0x12, 0x1E, 0x01, 0x1F, 0x02, 0xE0,    3, 0x00, 0xE1, 0xF2, 0x0E, 0xE2, 0x2F, 0xE0, 0x11, 0x00
    .byte   0xFF, 0x01, 0x2F, 0xEF, 0x21, 0xFE, 0x12, 0x0E, 0x11, 0x0F, 0x01, 0x0E, 0x12, 0x2E, 0xE0, 0x21
    .byte   0xEF, 0x12, 0xFF, 0x10, 0xF1, 0x11, 0xEF,   -1, 0x02, 0xFF, 0xE1, 0x11, 0x0F, 0xF1, 0x11, 0xFF
    .byte   0xF0, 0x11, 0x1E, 0x11, 0x20, 0xE0, 0x11, 0x0F, 0xFF, 0x11, 0x10, 0xF0, 0x1F, 0x00, 0xF0, 0x01
    .byte   0x0F, 0x11, 0x0F, 0x01, 0x1F, 0xF0, 0x10, 0xF1,    2, 0x0F, 0xF0, 0x1F, 0xF0, 0x10, 0x1F, 0xF1
    .byte   0x1F, 0x10, 0xFF, 0x11, 0xFF, 0x01, 0x10, 0xF0, 0x10, 0xF0, 0x0F, 0x00, 0x10, 0xFF, 0x20, 0xE0
    .byte   0x01, 0x1F, 0x00, 0x00, 0x11, 0x0E, 0x02, 0x0F, 0xFF,    0, 0x01, 0x0F, 0x10, 0x10, 0x10, 0xFF
    .byte   0x20, 0xFF, 0x00, 0x20, 0xEF, 0xF2, 0xF0, 0xFF, 0x0F, 0x00, 0x0E, 0x01, 0x1F, 0xF1, 0x1F, 0xF0
    .byte   0x1F, 0x0F, 0xF0, 0xF0, 0x10, 0xE0, 0x00, 0xFF, 0x00, 0x10,  -10, 0x00, 0x11, 0x11, 0x1F, 0x12
    .byte   0x2F, 0x01, 0x22, 0x11, 0x02, 0x02, 0x1F, 0xF0, 0x21, 0xFE, 0x10, 0xFE, 0x0E, 0x0E, 0xFF, 0xEE
    .byte   0xF1, 0x0E, 0xE0, 0x10, 0xE0, 0xE0, 0x00, 0xEF, 0xF1, 0x0E, 0xFF,  -29, 0x0F, 0xEF, 0xFE, 0x02
    .byte   0x10, 0xF3, 0x43, 0x21, 0x33, 0x32, 0x21, 0x13, 0x01, 0xFE, 0xF1, 0x0D, 0xDE, 0xEE, 0xDE, 0xDF
    .byte   0xFF, 0x0E, 0xF1, 0x22, 0x01, 0x12, 0x21, 0x2E, 0x11, 0x0F, 0xFE, 0xFF,   -3, 0x00, 0xE0, 0x11
    .byte   0x11, 0x10, 0x21, 0x2F, 0x0F, 0x11, 0xFE, 0xEE, 0xEF, 0xEE, 0xDF, 0xEE, 0xEE, 0x00, 0xE0, 0x12
    .byte   0x12, 0x14, 0x42, 0x23, 0x34, 0xF2, 0x20, 0x20, 0x10, 0xEE, 0x0F, 0xED, 0xDE,   13, 0x0D, 0xEE
    .byte   0xFE, 0xF2, 0xFF, 0x00, 0x32, 0xF1, 0x12, 0x11, 0xF0, 0x0E, 0x0F, 0xEE, 0xE1, 0x0E, 0xEF, 0x20
    .byte   0x10, 0x21, 0x02, 0x2F, 0xFF, 0x11, 0xFE, 0xEF, 0xEE, 0xFE, 0xED, 0xF0, 0xEE, 0xFE,  -48, 0x00
    .byte   0x22, 0x12, 0x24, 0x4F, 0x32, 0x34, 0xE3, 0x11, 0x2E, 0x3E, 0xD0, 0xFF, 0xDE, 0xDE, 0xFD, 0xEE
    .byte   0xFE, 0xF2, 0x0F, 0x02, 0x22, 0x01, 0x20, 0x20, 0x10, 0xEF, 0x0F, 0xEE, 0xEF, 0x0E, 0x0E,  -11
    .byte   0x0F, 0x12, 0x00, 0x11, 0x20, 0xF0, 0xF0, 0xFF, 0xFE, 0xE0, 0xEF, 0xEE, 0xEE, 0x0F, 0xFE, 0xE0
    .byte   0x21, 0x12, 0x13, 0x42, 0x31, 0x24, 0x22, 0x2E, 0x30, 0x22, 0xEF, 0xE1, 0xFE, 0xDE, 0xEE, 0xED
    .byte      1, 0x0E, 0xE1, 0x2E, 0x10, 0x12, 0x2F, 0x02, 0x12, 0x0F, 0x0F, 0xF0, 0xEF, 0xEE, 0x1E, 0x0E
    .byte   0x11, 0xF0, 0x2F, 0x10, 0xF2, 0x1F, 0xFF, 0x10, 0xE0, 0xEF, 0xEF, 0xFE, 0xEE, 0xFE, 0x00, 0xE0
    .byte   0xFF,  -38, 0x02, 0x11, 0x24, 0x3F, 0x31, 0x42, 0x13, 0x11, 0x20, 0x3F, 0xEF, 0x1F, 0xED, 0xE0
    .byte   0xDE, 0xEE, 0xEE, 0xE1, 0x0F, 0xF1, 0x02, 0x00, 0x21, 0x10, 0x20, 0xE1, 0xFF, 0x0E, 0xFF, 0xE0
    .byte   0xFF, 0x0F,   -9, 0x00, 0x02, 0xF0, 0x10, 0x10, 0xF0, 0xFF, 0x0E, 0xFE, 0xF0, 0xEE, 0xFF, 0xEF
    .byte   0xFF, 0xFF, 0xF1, 0x02, 0x11, 0x23, 0x31, 0x32, 0x23, 0x23, 0x2F, 0x21, 0x22, 0xE1, 0x0F, 0xFE
    .byte   0xEE, 0xED, 0x0E,    9, 0x0E, 0xD2, 0x0E, 0x0F, 0x00, 0xF2, 0x2F, 0x10, 0x20, 0x00, 0xFF, 0xFF
    .byte   0xFF, 0xEF, 0x0F, 0x00, 0xFF, 0x0F, 0x11, 0x0F, 0xF1, 0x1F, 0x0F, 0xFF, 0x0E, 0x0E, 0x0E, 0x0F
    .byte   0x0E, 0x0F, 0xFF, 0x01,  -30, 0x01, 0x11, 0x21, 0x32, 0x22, 0x23, 0x20, 0x30, 0x22, 0x13, 0x1F
    .byte   0x1F, 0x0F, 0x0E, 0xFD, 0xEF, 0xEF, 0xDE, 0xFE, 0x0E, 0xF0, 0xE0, 0x21, 0xF0, 0x10, 0x20, 0x00
    .byte   0xFF, 0x11, 0xFF, 0xF0, 0x0F,   -4, 0x0F, 0xF0, 0xF1, 0x0F, 0x0F, 0x01, 0xFF, 0x0F, 0x0F, 0xF0
    .byte   0xEF, 0x0F, 0xFF, 0x0F, 0xF0, 0xF0, 0x1E, 0x12, 0xE2, 0x01, 0x22, 0x22, 0x12, 0x22, 0x22, 0x02
    .byte   0x22, 0x22, 0xF1, 0x10, 0x1F, 0x0E,   30, 0x0F, 0xEF, 0xEE, 0xEE, 0x0E, 0xFE, 0x0E, 0xF0, 0x10
    .byte   0xF1, 0x01, 0x01, 0x10, 0x00, 0x10, 0x0F, 0xF1, 0x01, 0x0F, 0x0F, 0x00, 0x1F, 0xFF, 0x01, 0xF0
    .byte   0xEF, 0x2E, 0xF1, 0xFD, 0x3D, 0x13, 0xC2,  -17, 0x00, 0xE3, 0xD0, 0x3D, 0x3E, 0xF2, 0xE2, 0x22
    .byte   0x01, 0x2E, 0x3F, 0x13, 0xF0, 0x20, 0x31, 0xF2, 0x01, 0x11, 0x0E, 0x0E, 0x1F, 0xEE, 0xE0, 0xEF
    .byte   0xFF, 0xEE, 0x0F, 0xFF, 0x10, 0xE2, 0xE2, 0xFF,   -6, 0x00, 0x10, 0x1F, 0x1F, 0xF1, 0x12, 0xD3
    .byte   0xEE, 0x3E, 0xE3, 0xDE, 0x3E, 0xD4, 0xDD, 0x4C, 0x31, 0xC4, 0x1B, 0x6B, 0xE6, 0x95, 0x4B, 0x24
    .byte   0xB4, 0x2C, 0x5C, 0x3E, 0xF3, 0xE2, 0x11, 0x10, 0x22,    9, 0x02, 0x0E, 0x4D, 0x13, 0xD3, 0x1D
    .byte   0x3E, 0xE2, 0xE1, 0x1D, 0x2E, 0xE2, 0xEE, 0x2D, 0x12, 0xD2, 0x0F, 0x0E, 0x3C, 0x4E, 0xC5, 0xCE
    .byte   0x4C, 0x24, 0xA6, 0xCC, 0x78, 0x7F, 0xA6, 0xCF, 0x4C, 0x2F,   -8, 0x03, 0xC4, 0x3A, 0x6C, 0xC7
    .byte   0x93, 0x68, 0x7F, 0xA7, 0x94, 0x68, 0x7C, 0xC7, 0x95, 0x2A, 0x7B, 0xD6, 0xA4, 0x3B, 0x44, 0xB4
    .byte   0x2C, 0x33, 0xB5, 0x1B, 0x6C, 0xE4, 0xC3, 0xFD, 0x4C, 0x32, 0xC4,    8, 0x00, 0x3C, 0x3D, 0x3E
    .byte   0xF2, 0xDF, 0x3D, 0x23, 0xB5, 0xC1, 0x2D, 0x3E, 0xF2, 0xFD, 0x4C, 0x32, 0xC4, 0xEC, 0x5C, 0xF3
    .byte   0xEE, 0x30, 0xC5, 0xCE, 0x4C, 0x3F, 0xE3, 0xC4, 0xED, 0x5A, 0x52, 0xA7,  -17, 0x04, 0x3B, 0x5C
    .byte   0xE5, 0xB3, 0x2C, 0x5C, 0x22, 0xE1, 0xF3, 0xC4, 0xEC, 0x5C, 0x14, 0xB5, 0xCF, 0x4C, 0x3F, 0xE3
    .byte   0xD3, 0xEE, 0x3D, 0x20, 0xE3, 0xEE, 0x12, 0xD3, 0xFD, 0x3D, 0x13, 0xD2, 0x1D,    4, 0x0F, 0xD4
    .byte   0xDE, 0x3D, 0x20, 0xE3, 0xDF, 0x3D, 0x23, 0xC3, 0x0D, 0x31, 0xD3, 0xFD, 0x30, 0xEF, 0x2E, 0x02
    .byte   0x0E, 0x11, 0xD3, 0x2D, 0x3E, 0xD3, 0xFF, 0x2F, 0xE0, 0x3D, 0x13, 0xD0, 0x2E, 0x12,   -1, 0x00
    .byte   0xE3, 0xEE, 0x4C, 0xF4, 0xB3, 0x5A, 0x5E, 0xC4, 0x1C, 0x4E, 0xD3, 0xF1, 0x2D, 0x2F, 0xD4, 0x0D
    .byte   0x03, 0xDE, 0x4D, 0xF2, 0x0D, 0x14, 0xCF, 0x4C, 0xF4, 0xDF, 0x3D, 0x1E, 0xE4, 0xDD, 0x4D,   -9
    .byte   0x03, 0x01, 0x2D, 0x1F, 0x3D, 0x04, 0xCF, 0x4C, 0xF4, 0xDE, 0x3D, 0xE3, 0xEF, 0x3D, 0xE3, 0xFE
    .byte   0x22, 0xDE, 0x4D, 0xD4, 0xEC, 0x4F, 0xD3, 0x10, 0xD3, 0xFD, 0x33, 0xC2, 0x3C, 0x23, 0x0D, 0x23
    .byte     -4, 0x0F, 0x4D, 0xE2, 0x1D, 0x13, 0x1D, 0x22, 0xEE, 0x21, 0xF2, 0xD2, 0x3D, 0xE4, 0xDD, 0x4E
    .byte   0xD2, 0x3D, 0xF2, 0xE1, 0x2F, 0xD3, 0x1D, 0x21, 0x0F, 0xE4, 0xCF, 0x4D, 0xE3, 0x1D, 0x21, 0xD1
    .byte   0x3E,   -1, 0x0F, 0xF0, 0x12, 0xE1, 0x3C, 0xE4, 0xFD, 0x32, 0xC1, 0x3F, 0xF3, 0xDE, 0x3E, 0xE3
    .byte   0x1D, 0xE2, 0x2E, 0x22, 0xDF, 0x1E, 0x40, 0xD1, 0x1D, 0x23, 0xFD, 0x2F, 0xF2, 0x11, 0x2E, 0xC4
    .byte   0x3C, 0xE5,   -3, 0x0C, 0x51, 0xC3, 0x4C, 0xD4, 0xEF, 0x3C, 0xF4, 0xEC, 0x42, 0xC0, 0x31, 0x01
    .byte   0xD0, 0x32, 0xC3, 0x4B, 0xF4, 0xDF, 0x3F, 0xC2, 0x3D, 0x03, 0xFD, 0x03, 0x2F, 0xE0, 0x0E, 0x20
    .byte   0xF1, 0xFD, 0x24,    0, 0x0F, 0x3D, 0xD4, 0x2C, 0x13, 0xDD, 0x42, 0xEF, 0xEE, 0x32, 0xEF, 0x2E
    .byte   0xD2, 0x11, 0x12, 0xEE, 0xF2, 0x31, 0xDD, 0x33, 0xDD, 0x43, 0xCD, 0x24, 0x0D, 0xE1, 0x2E, 0xF3
    .byte   0x2C, 0xE3, 0x1E, 0x13,   11, 0x0D, 0xD3, 0x30, 0xC1, 0x3F, 0xDD, 0x34, 0xEC, 0xF3, 0x3D, 0xFF
    .byte   0x3E, 0xD1, 0x22, 0x2E, 0x01, 0x0E, 0xF2, 0x1E, 0xE1, 0x22, 0xDF, 0x13, 0x1E, 0xF0, 0xFE, 0x03
    .byte   0x2F, 0xDD, 0x31, 0x01, 0x3F,   -2, 0x0D, 0x23, 0x2E, 0x00, 0xFE, 0xF2, 0x23, 0xEC, 0xE2, 0x32
    .byte   0x0E, 0xD1, 0x22, 0xF2, 0x1F, 0xDD, 0x33, 0x2E, 0xE0, 0xE0, 0x12, 0x3E, 0xDE, 0xF1, 0x32, 0x1D
    .byte   0xD1, 0x32, 0xF0, 0x11, 0xDE, 0x23,    6, 0x00, 0xED, 0xFF, 0x32, 0x2E, 0xDE, 0x22, 0x22, 0xE0
    .byte   0xEE, 0x01, 0x23, 0x1D, 0xDD, 0x34, 0x2E, 0xDD, 0x12, 0x31, 0x1E, 0xDE, 0x33, 0x2E, 0xCF, 0x23
    .byte   0x10, 0xE0, 0xE0, 0x21, 0x21, 0x0D, 0xEE,   -5, 0x03, 0x30, 0xCD, 0x03, 0x32, 0xFD, 0xEE, 0x12
    .byte   0x32, 0xED, 0xEF, 0x23, 0x1E, 0xFF, 0xEF, 0x23, 0x0F, 0xDE, 0x12, 0x30, 0xED, 0xE0, 0x32, 0x2E
    .byte   0xDE, 0xF3, 0x3F, 0x0E, 0xDF, 0x03, 0x22, 0xED,   -8, 0x00, 0x32, 0x10, 0xDE, 0x11, 0x22, 0xF1
    .byte   0x0E, 0xFF, 0x02, 0x21, 0xEE, 0xE1, 0x22, 0x00, 0xE0, 0x1F, 0xF0, 0xF2, 0x10, 0xE1, 0x10, 0xFF
    .byte   0x22, 0x1D, 0xE1, 0x22, 0x0F, 0xEF, 0x01, 0x22, 0x1E,   -4, 0x0E, 0xF3, 0x22, 0xFD, 0xEF, 0x13
    .byte   0x20, 0xEE, 0xEF, 0x22, 0x12, 0xEE, 0xEF, 0x22, 0x2F, 0xEE, 0xE1, 0x22, 0x2F, 0xEE, 0xE2, 0x22
    .byte   0x0F, 0xEE, 0xF2, 0x21, 0x0E, 0xFF, 0x01, 0x12, 0x1F, 0xEE,   -6, 0x02, 0x22, 0xEE, 0xEF, 0x22
    .byte   0x10, 0x0E, 0xF0, 0x10, 0x11, 0x0F, 0xFF, 0x02, 0x10, 0xFF, 0x00, 0x01, 0xF0, 0x0F, 0x00, 0x11
    .byte   0x10, 0xE0, 0x11, 0x11, 0xFF, 0xF1, 0xF0, 0x11, 0x10, 0xFF, 0xF1,    1, 0x01, 0xF0, 0x00, 0x00
    .byte   0x1F, 0x11, 0xFF, 0xFF, 0x00, 0x1F, 0xF0, 0x11, 0xF0, 0x01, 0x10, 0xFF, 0x01, 0xF1, 0xF0, 0x10
    .byte   0x0F, 0xFF, 0x00, 0x10, 0xF0, 0x10, 0x00, 0xF0, 0x20, 0x0F, 0x01, 0xF1,    0, 0x00, 0x11, 0x00
    .byte   0xF1, 0x01, 0x01, 0xF0, 0x11, 0x0F, 0x1F, 0x10, 0xF1, 0x00, 0x1F, 0xFF, 0x00, 0xF1, 0xFF, 0x0E
    .byte   0xF0, 0x00, 0x01, 0xFE, 0xE1, 0x02, 0x0F, 0xE0, 0xFF, 0x00, 0x2F, 0xFF, 0xF2,  -10, 0x01, 0x2F
    .byte   0x1F, 0x01, 0x12, 0x21, 0x01, 0x12, 0x22, 0x20, 0x01, 0x02, 0x01, 0x0F, 0xEE, 0xFF, 0x1F, 0xFE
    .byte   0xEE, 0xE0, 0x00, 0xEF, 0xEF, 0x00, 0x11, 0x1F, 0xEF, 0xF0, 0x1F, 0xEF, 0xEE, 0x00,  -26, 0x00
    .byte   0xFE, 0x01, 0x00, 0xF0, 0x22, 0xF0, 0x01, 0x23, 0x32, 0x33, 0x32, 0x2F, 0x12, 0x11, 0x0F, 0xEE
    .byte   0xEE, 0xEE, 0x2E, 0xED, 0xDE, 0x01, 0x10, 0xFF, 0x0F, 0x12, 0x23, 0x0F, 0xF0, 0x12, 0x1F,   12
    .byte   0x0E, 0xFE, 0xFE, 0x0F, 0xFE, 0x0E, 0x12, 0x22, 0xFF, 0xFF, 0xF1, 0x00, 0xFE, 0xED, 0xFF, 0xFF
    .byte   0xEE, 0xDF, 0x0F, 0xF0, 0x11, 0x22, 0x12, 0x33, 0x33, 0x32, 0x33, 0x21, 0xF1, 0x2F, 0x0F, 0xEE
    .byte     31, 0x0E, 0xEE, 0x0F, 0xED, 0xEF, 0x01, 0x11, 0x11, 0x00, 0x21, 0x22, 0xFE, 0xE1, 0x0F, 0x00
    .byte   0xEE, 0xEE, 0xFF, 0x21, 0xEE, 0x01, 0x22, 0x22, 0x1F, 0x1F, 0x00, 0x2E, 0xDE, 0xD0, 0xEF, 0xEE
    .byte   0xEE,  -42, 0x0E, 0xF1, 0x10, 0x1E, 0xF2, 0x22, 0x31, 0x23, 0x33, 0x23, 0x33, 0x31, 0xEE, 0x22
    .byte   0x0F, 0xFE, 0xED, 0xFE, 0x12, 0xED, 0xDD, 0x22, 0x20, 0x0E, 0x01, 0x12, 0x22, 0xFD, 0xE1, 0x20
    .byte   0xFF, 0xEE,   -5, 0x0F, 0x12, 0xFF, 0xEE, 0x03, 0x22, 0x1E, 0xFF, 0x12, 0x0F, 0xED, 0xEE, 0xF0
    .byte   0xEE, 0xDE, 0xE0, 0x11, 0xFE, 0xE2, 0x21, 0x10, 0x12, 0x22, 0x32, 0x33, 0x22, 0x24, 0x31, 0xEE
    .byte   0x22, 0x2F, 0xFE,   38, 0x0E, 0xEF, 0xF0, 0xED, 0xDF, 0x21, 0xFE, 0x00, 0x01, 0x22, 0x10, 0xEE
    .byte   0x20, 0x2E, 0xEE, 0xEF, 0xF0, 0x2F, 0xEE, 0xF2, 0x22, 0xFF, 0xF0, 0x12, 0x1F, 0xFD, 0xEF, 0xF0
    .byte   0xDE, 0xEE, 0xEF, 0xFF,  -42, 0x0E, 0xF0, 0x21, 0x1F, 0x02, 0x12, 0x22, 0x23, 0x23, 0x33, 0x13
    .byte   0x32, 0xE0, 0x22, 0x0E, 0xFF, 0xEE, 0xE1, 0x0E, 0xED, 0xFF, 0x10, 0xFF, 0xF0, 0xF2, 0x22, 0xEE
    .byte   0xE2, 0x01, 0xFE, 0xEE, 0x1F,   -1, 0x00, 0x0E, 0x00, 0x20, 0x1F, 0x02, 0x0F, 0x0F, 0x1E, 0xEF
    .byte   0xFE, 0xEE, 0xEE, 0xEE, 0xFE, 0xFF, 0xEF, 0x02, 0x0F, 0x02, 0x20, 0x11, 0x32, 0x32, 0x33, 0x23
    .byte   0x33, 0x3E, 0xE1, 0x22, 0xEE, 0xFE,   33, 0x0E, 0x22, 0xED, 0xEE, 0x12, 0x1E, 0xDF, 0x11, 0x12
    .byte   0x1E, 0xD1, 0x21, 0xEF, 0xEE, 0xE2, 0x1F, 0xF0, 0xF0, 0x22, 0x2E, 0xF1, 0x12, 0xFF, 0x0E, 0xE0
    .byte   0xFF, 0xDE, 0xEE, 0xEE, 0xFE, 0xEE, 0xE1,  -49, 0x01, 0x0E, 0xFF, 0x32, 0x2F, 0x11, 0x33, 0x42
    .byte   0x22, 0x24, 0x42, 0xDE, 0x13, 0x0E, 0x1F, 0xDD, 0x33, 0x0D, 0xDF, 0x20, 0x0E, 0xFE, 0xDF, 0x13
    .byte   0xFD, 0xD0, 0x20, 0xF0, 0xEE, 0xE0, 0x31, 0xEE,   -5, 0x02, 0x22, 0x2F, 0xEE, 0x20, 0x11, 0xDE
    .byte   0x02, 0x1F, 0xDE, 0xEF, 0x0E, 0xDE, 0xD0, 0xF0, 0x0F, 0xEF, 0xF0, 0x12, 0x20, 0xE2, 0x32, 0x23
    .byte   0x42, 0x23, 0x44, 0x2D, 0xE3, 0x20, 0xE1, 0xFD, 0xE2,   48, 0x0F, 0xDE, 0x00, 0xFF, 0xFE, 0xDE
    .byte   0xE2, 0x0E, 0xDE, 0x11, 0x0E, 0x1E, 0xE0, 0x22, 0xFE, 0x22, 0x22, 0x1F, 0xFF, 0x22, 0x1E, 0xDF
    .byte   0x11, 0x0F, 0xEE, 0xEF, 0x2E, 0xDD, 0xE0, 0xE0, 0xEE, 0xEE,  -49, 0x02, 0xED, 0x22, 0xFF, 0x23
    .byte   0x00, 0x34, 0x42, 0x23, 0x43, 0xFE, 0x33, 0xED, 0x13, 0xDD, 0x23, 0x1D, 0xE2, 0x0F, 0xE0, 0xED
    .byte   0xD0, 0x00, 0xED, 0xEF, 0x10, 0xFE, 0xFE, 0x12, 0x2F, 0xE1, 0x22,    3, 0x02, 0x2E, 0xF2, 0x2F
    .byte   0xEE, 0xE1, 0x00, 0xFF, 0xEE, 0xF1, 0xFD, 0xDE, 0xE0, 0xEE, 0xEF, 0xE1, 0x10, 0xEE, 0x12, 0x00
    .byte   0x12, 0x22, 0x43, 0x33, 0x24, 0x43, 0xD2, 0x30, 0xF1, 0x2E, 0xD2, 0x3F,   49, 0x0E, 0x2F, 0xD1
    .byte   0x2D, 0xDD, 0x02, 0xDE, 0xEE, 0xE0, 0x10, 0xED, 0x10, 0x20, 0xF1, 0xF0, 0x32, 0x2F, 0xF1, 0x22
    .byte   0x0F, 0x0E, 0xF1, 0x2E, 0xEF, 0xEF, 0xFF, 0xEE, 0xDE, 0xEF, 0xEE, 0xDF, 0x0F,  -52, 0x00, 0x11
    .byte   0xD1, 0x21, 0x02, 0x12, 0x23, 0x43, 0x23, 0x44, 0xE0, 0x33, 0xEF, 0x31, 0xDE, 0x32, 0xEE, 0xF2
    .byte   0xED, 0x2F, 0xDD, 0xD2, 0xFD, 0xFF, 0xDE, 0x11, 0xFD, 0xE1, 0x01, 0xF1, 0x1E, 0x23,   -2, 0x0F
    .byte   0xF2, 0x21, 0x12, 0x00, 0x00, 0x21, 0xEE, 0xF0, 0xEF, 0xFE, 0xDE, 0xEE, 0xEE, 0xEE, 0xEE, 0x00
    .byte   0xF1, 0x0E, 0xE2, 0x11, 0x1F, 0x12, 0x33, 0x32, 0x33, 0x43, 0x12, 0x32, 0x02, 0x21, 0xD2,   57
    .byte   0x01, 0x0E, 0x11, 0xD0, 0x0E, 0xDD, 0xF1, 0xDE, 0xFE, 0xEF, 0xF0, 0xED, 0x0F, 0xFF, 0xF0, 0xFF
    .byte   0x22, 0x11, 0x01, 0x21, 0x02, 0x02, 0x01, 0x2F, 0xFF, 0x00, 0xEE, 0xFE, 0xEE, 0xFE, 0xEE, 0xEE
    .byte    -38, 0x0E, 0xFE, 0xFF, 0x0F, 0xE1, 0x11, 0x01, 0x11, 0x22, 0x31, 0x32, 0x33, 0x32, 0x32, 0x22
    .byte   0x32, 0x12, 0x31, 0x21, 0x00, 0x0E, 0x0E, 0xEE, 0xDF, 0xEE, 0xEE, 0xDE, 0xFE, 0xED, 0xFE, 0xEF
    .byte   0xFE,  -21, 0x0F, 0x01, 0x10, 0x11, 0x02, 0x02, 0x01, 0x20, 0x20, 0x10, 0x01, 0x00, 0xF0, 0xE0
    .byte   0xEF, 0xEE, 0xEE, 0xFE, 0xEE, 0xFE, 0xFF, 0xE0, 0xE0, 0xF0, 0xF1, 0x21, 0x22, 0x32, 0x33, 0x32
    .byte   0x32, 0x32,   38, 0x02, 0x32, 0x23, 0x22, 0x11, 0x0F, 0x0E, 0xEE, 0xED, 0xFE, 0xED, 0xED, 0xEE
    .byte   0xDF, 0xDE, 0xEE, 0xEE, 0xEF, 0xFF, 0x11, 0xF0, 0x12, 0x12, 0x12, 0x12, 0x12, 0x11, 0x11, 0x11
    .byte   0x00, 0xFE, 0xFF,  -14, 0x0E, 0xEE, 0xEE, 0xE0, 0xEE, 0x0E, 0x0E, 0xF0, 0xF1, 0x12, 0x22, 0x23
    .byte   0x33, 0x32, 0x32, 0x33, 0x22, 0x32, 0x32, 0x22, 0x21, 0x0F, 0xEF, 0xEE, 0xDF, 0xED, 0xEE, 0xDE
    .byte   0xEE, 0xDE, 0xDE, 0xEE,  -22, 0x0E, 0xFE, 0x01, 0x00, 0x10, 0x12, 0x12, 0x11, 0x21, 0x21, 0x11
    .byte   0x20, 0x11, 0xF0, 0xFE, 0x0E, 0xEE, 0xEE, 0xEE, 0xEE, 0xE0, 0xE0, 0xE0, 0xEF, 0x01, 0x12, 0x22
    .byte   0x32, 0x33, 0x33, 0x23, 0x32,   39, 0x02, 0x32, 0x32, 0x22, 0x11, 0x0F, 0x0E, 0xEE, 0xEE, 0xEE
    .byte   0xDE, 0xDE, 0xED, 0xED, 0xEE, 0xEE, 0xEE, 0xEF, 0xFF, 0xF0, 0x10, 0x12, 0x12, 0x11, 0x22, 0x20
    .byte   0x20, 0x20, 0x12, 0xFF, 0xFF, 0xFE,   -8, 0x0E, 0xEE, 0xEE, 0xEE, 0xEE, 0xFE, 0xFE, 0xE1, 0xF0
    .byte   0x12, 0x22, 0x23, 0x33, 0x32, 0x33, 0x23, 0x23, 0x23, 0x23, 0x22, 0x12, 0x0F, 0xFE, 0xED, 0xFE
    .byte   0xEE, 0xDE, 0xDE, 0xED, 0xEE, 0xDE, 0xEF,  -19, 0x0E, 0xEF, 0xFE, 0x10, 0xF1, 0x12, 0x20, 0x21
    .byte   0x21, 0x12, 0x02, 0x10, 0x11, 0x1F, 0xFF, 0xFE, 0xEF, 0xEE, 0xEE, 0xEE, 0xFE, 0xEF, 0xEF, 0xE0
    .byte   0xF0, 0x12, 0x22, 0x23, 0x33, 0x32, 0x32, 0x33,   36, 0x02, 0x32, 0x32, 0x22, 0x21, 0x0F, 0x0E
    .byte   0xEE, 0xEE, 0xEE, 0xDE, 0xDE, 0xED, 0xED, 0xEF, 0xEE, 0xEE, 0xEF, 0xFF, 0xFF, 0x00, 0x20, 0x22
    .byte   0xF2, 0x21, 0x20, 0x21, 0x11, 0x11, 0x00, 0xF0, 0xEF,   -9, 0x0E, 0xEE, 0xEE, 0xEE, 0xEF, 0xEE
    .byte   0xFF, 0xEF, 0xF0, 0x12, 0x22, 0x23, 0x33, 0x23, 0x33, 0x23, 0x23, 0x23, 0x23, 0x22, 0x11, 0x10
    .byte   0xFE, 0xEE, 0xEF, 0xDE, 0xED, 0xED, 0xEE, 0xDE, 0xEE, 0xEE,  -19, 0x0E, 0xEF, 0xFF, 0xE0, 0x00
    .byte   0x12, 0x20, 0x22, 0x12, 0x12, 0x11, 0x12, 0x10, 0x01, 0xF0, 0xFE, 0xEE, 0xEE, 0xEE, 0xEE, 0xEE
    .byte   0xFE, 0xEE, 0xFF, 0xF0, 0x02, 0x22, 0x23, 0x32, 0x33, 0x32, 0x33,   32, 0x03, 0x23, 0x23, 0x22
    .byte   0x12, 0x00, 0xFE, 0xEE, 0xEE, 0xEE, 0xED, 0xED, 0xED, 0xEE, 0xDE, 0xEF, 0xEE, 0xEF, 0xEF, 0xFF
    .byte   0x0F, 0x12, 0x12, 0x20, 0x22, 0x21, 0x12, 0x10, 0x21, 0x0F, 0x00, 0xFF,   -5, 0x0E, 0xEF, 0xEE
    .byte   0xEE, 0xEE, 0xFE, 0xEE, 0xFE, 0xFF, 0x11, 0x22, 0x22, 0x33, 0x33, 0x23, 0x23, 0x33, 0x13, 0x23
    .byte   0x31, 0x21, 0x00, 0x0E, 0xFE, 0xEE, 0xEE, 0xED, 0xED, 0xDF, 0xDE, 0xDF, 0xEE,  -17, 0x0E, 0xEF
    .byte   0xE0, 0xE0, 0xF0, 0x21, 0x12, 0x21, 0x22, 0x12, 0x01, 0x20, 0x21, 0xF1, 0xF0, 0x0E, 0xEE, 0xEE
    .byte   0xEE, 0xEF, 0xEE, 0xEE, 0xEF, 0xEE, 0x00, 0x12, 0x13, 0x23, 0x32, 0x32, 0x33, 0x23,   33, 0x02
    .byte   0x33, 0x23, 0x22, 0x11, 0x1F, 0xFE, 0xEE, 0xFE, 0xED, 0xED, 0xED, 0xEE, 0xDE, 0xEE, 0xEE, 0xEE
    .byte   0xFE, 0xFE, 0xFF, 0x01, 0x12, 0x21, 0x12, 0x12, 0x12, 0x01, 0x21, 0x21, 0x00, 0x1E, 0xFF,   -9
    .byte   0x0E, 0xEE, 0xEE, 0xEF, 0xEE, 0xFE, 0xE0, 0xEF, 0xF1, 0x22, 0x22, 0x33, 0x23, 0x23, 0x23, 0x32
    .byte   0x32, 0x33, 0x22, 0x21, 0x10, 0x0E, 0x0E, 0xEE, 0xEE, 0xED, 0xED, 0xFD, 0xED, 0xEE, 0xEE, 0xEF
    .byte    -23, 0x0F, 0xEF, 0xFF, 0xF1, 0x00, 0x22, 0x11, 0x20, 0x22, 0x02, 0x01, 0x02, 0x01, 0xF0, 0xEF
    .byte   0x0E, 0xEE, 0xEE, 0xFE, 0xEE, 0xFE, 0xEF, 0xEF, 0xFF, 0x12, 0x13, 0x23, 0x32, 0x33, 0x13, 0x23
    .byte   0x32,   48, 0x03, 0x23, 0x21, 0x11, 0xF0, 0xEE, 0xEE, 0xFE, 0xEE, 0xDE, 0xDE, 0xED, 0xEE, 0xDE
    .byte   0xFF, 0xEE, 0xE0, 0xE0, 0xF0, 0x00, 0x12, 0x21, 0x21, 0x21, 0x21, 0x11, 0x20, 0x12, 0x00, 0xF1
    .byte   0xEE, 0xFE,  -14, 0x0E, 0xED, 0xFE, 0xEE, 0xEE, 0x0E, 0x01, 0x11, 0x01, 0x44, 0x40, 0x13, 0x32
    .byte   0x33, 0x12, 0x23, 0x32, 0x2E, 0xFF, 0x01, 0xFD, 0xED, 0xFF, 0x1D, 0xDE, 0xEE, 0xEE, 0xDE, 0xEE
    .byte   0x1F, 0xEE, 0xF1,  -22, 0x01, 0x1F, 0xF2, 0x22, 0x10, 0xF0, 0x22, 0x0F, 0x0E, 0x11, 0x0F, 0xEE
    .byte   0xFE, 0x0D, 0xEE, 0xEE, 0xFE, 0xE0, 0xE1, 0xF1, 0x12, 0x23, 0x33, 0x33, 0x43, 0x22, 0x22, 0x22
    .byte   0x0F, 0xE2, 0x31, 0x0E,   51, 0x01, 0x00, 0xEE, 0xDE, 0xFE, 0xED, 0xDE, 0x0E, 0x0E, 0xEF, 0xF1
    .byte   0x10, 0xF1, 0x12, 0x21, 0x12, 0x01, 0x2E, 0x11, 0x0F, 0x01, 0xF0, 0x12, 0x0E, 0xEE, 0x0E, 0xDD
    .byte   0xED, 0xFE, 0xEE, 0xEF, 0x11,  -56, 0x0E, 0xE1, 0x21, 0x22, 0x23, 0x43, 0x33, 0x43, 0xF3, 0x2F
    .byte   0x0F, 0x20, 0xF0, 0x22, 0xE2, 0x2F, 0xEF, 0xFE, 0xDE, 0xFD, 0xDE, 0xEE, 0xEF, 0x0E, 0xE1, 0x02
    .byte   0xFF, 0x00, 0x22, 0x01, 0x0F, 0x21,    6, 0x00, 0xE0, 0x02, 0xF1, 0x0E, 0xF2, 0xFF, 0xED, 0xEE
    .byte   0xEF, 0xED, 0xDF, 0x0E, 0x0E, 0xEF, 0x01, 0x2F, 0xE2, 0x14, 0x33, 0x23, 0x34, 0x4F, 0x01, 0x22
    .byte   0x0F, 0xFE, 0x13, 0x22, 0xEF, 0x2F, 0x0F,   43, 0x0E, 0xDE, 0x0D, 0xDE, 0xE1, 0xFE, 0xFE, 0xF2
    .byte   0x20, 0xEF, 0x12, 0x1F, 0x0F, 0x11, 0x22, 0xFE, 0xF2, 0x2F, 0x0F, 0xFF, 0xF0, 0xFD, 0xEE, 0xFE
    .byte   0xDE, 0xEE, 0xE0, 0xFE, 0xEF, 0x0E, 0x01, 0x2F,  -51, 0x03, 0x23, 0x33, 0x33, 0x43, 0x1E, 0x12
    .byte   0x3E, 0xFE, 0xFF, 0x33, 0xFE, 0xF2, 0x21, 0xEE, 0xDD, 0xF0, 0xDD, 0xEE, 0x2E, 0x0F, 0xE1, 0x12
    .byte   0xEE, 0x12, 0x10, 0x2E, 0xFF, 0x12, 0x1E, 0x02, 0x10,    7, 0x0F, 0xFF, 0x01, 0xEE, 0xEE, 0xEE
    .byte   0xEF, 0xEE, 0xEE, 0xEF, 0xEE, 0xEF, 0x22, 0x0F, 0x02, 0x33, 0xF2, 0x33, 0x33, 0x43, 0xE0, 0x12
    .byte   0x1E, 0x10, 0x11, 0x03, 0x11, 0x11, 0x1E, 0x1D, 0xEE, 0xEE,   14, 0x0E, 0xEE, 0x1F, 0xFF, 0xF1
    .byte   0xF0, 0x10, 0x11, 0xF0, 0xE0, 0x0F, 0x02, 0xFF, 0x12, 0x2F, 0xE1, 0x1F, 0xEE, 0xEE, 0xE1, 0x1D
    .byte   0xEE, 0xFE, 0xFF, 0xDE, 0x01, 0x1F, 0xE0, 0x22, 0x21, 0xF3, 0x43,   -6, 0x03, 0x34, 0x4C, 0x2F
    .byte   0x21, 0xE1, 0xE2, 0x2F, 0x3F, 0x12, 0x1F, 0xFE, 0xDE, 0xEE, 0xDE, 0xEE, 0x11, 0xEF, 0xE1, 0x22
    .byte   0xFE, 0xF1, 0x21, 0xEE, 0xF1, 0x21, 0xF0, 0xF1, 0x22, 0xFE, 0xFF, 0x0F,   -4, 0x0D, 0xE1, 0x1E
    .byte   0xED, 0xF1, 0xEE, 0xDF, 0x0F, 0xF0, 0xE1, 0x22, 0x1F, 0x13, 0x43, 0x32, 0x33, 0x5E, 0xDF, 0x03
    .byte   0xEE, 0xFF, 0x21, 0x32, 0xF0, 0x21, 0x0E, 0xDE, 0xDF, 0xFD, 0xED, 0x02, 0x0F,   -1, 0x00, 0x21
    .byte   0x1E, 0xE1, 0x20, 0x0E, 0x0F, 0x02, 0xF0, 0x0F, 0x12, 0x1E, 0x1F, 0xF0, 0xEE, 0xEE, 0xFE, 0xEE
    .byte   0xFE, 0xEF, 0xE1, 0x0D, 0xF1, 0x11, 0x00, 0x11, 0x23, 0x3F, 0x34, 0x32, 0x43, 0xD0,   29, 0x02
    .byte   0x2D, 0x11, 0x02, 0x13, 0x1F, 0x21, 0x1F, 0xEE, 0xDE, 0xED, 0xDF, 0x01, 0x0E, 0x02, 0x01, 0x1F
    .byte   0x0E, 0xFF, 0xFF, 0xE1, 0x0F, 0x20, 0x1F, 0x12, 0x1E, 0xE1, 0x2F, 0xEE, 0xEE, 0x0F, 0xDE,  -32
    .byte   0x00, 0xFE, 0xEF, 0xF0, 0xEE, 0xE2, 0x2F, 0xFE, 0x14, 0x32, 0x33, 0x23, 0x44, 0xDD, 0x12, 0x3E
    .byte   0xEF, 0xF2, 0x23, 0xF1, 0x12, 0x1F, 0xEE, 0xDE, 0xFE, 0xDD, 0xF0, 0x20, 0xE0, 0x12, 0x0F, 0xEF
    .byte      2, 0x00, 0xFF, 0xEE, 0x12, 0x2E, 0x01, 0x12, 0x2E, 0xEF, 0x21, 0xEE, 0xEE, 0xFF, 0xEE, 0xD0
    .byte   0xFE, 0xEF, 0x1E, 0xE1, 0x10, 0xE1, 0x0F, 0x13, 0x32, 0x33, 0x42, 0x35, 0xDD, 0x21, 0x2E, 0xE0
    .byte   0xF2,   33, 0x03, 0x1E, 0x23, 0x0E, 0xEF, 0xDD, 0x1E, 0xDD, 0x02, 0x1E, 0x0F, 0x02, 0x1E, 0xE0
    .byte   0x10, 0xE0, 0xE1, 0x11, 0x10, 0xF0, 0x21, 0xFF, 0xF1, 0xF1, 0xEE, 0xFE, 0x0E, 0xEE, 0xEE, 0xFE
    .byte   0xFE, 0x1F,  -46, 0x01, 0xEF, 0x1F, 0x1F, 0x12, 0x33, 0x33, 0x42, 0x34, 0xEE, 0xF0, 0x2F, 0xEF
    .byte   0x12, 0x22, 0x20, 0x22, 0x10, 0xDE, 0xEE, 0xFD, 0xDE, 0xFF, 0x2E, 0xE1, 0x12, 0x0E, 0xFF, 0x11
    .byte   0xEE, 0xF0, 0x12,   -1, 0x0E, 0x20, 0x20, 0xFE, 0xF2, 0xFF, 0xEF, 0xE0, 0xFE, 0xEE, 0xFE, 0xEF
    .byte   0xEE, 0xFF, 0xE1, 0xFF, 0xF1, 0x21, 0xF2, 0x32, 0x33, 0x33, 0x24, 0x1E, 0x2F, 0x21, 0xD2, 0xF2
    .byte   0x02, 0x3E, 0x13, 0x00,   42, 0x0F, 0xFD, 0xEE, 0xED, 0xE2, 0x1F, 0xD1, 0x22, 0xFE, 0xFE, 0x2F
    .byte   0xEF, 0xEF, 0x21, 0xF1, 0x01, 0x1F, 0x0F, 0x01, 0xF1, 0xFE, 0x0F, 0xEE, 0xEE, 0xEF, 0xEE, 0xEF
    .byte   0x0F, 0xFE, 0xF1, 0x01, 0x0E,  -48, 0x01, 0x33, 0x23, 0x33, 0x33, 0x4D, 0xE0, 0x23, 0xD1, 0x1E
    .byte   0x31, 0x3F, 0x02, 0x22, 0xDE, 0xEE, 0xEE, 0xED, 0xE1, 0x0E, 0x0E, 0x21, 0x0F, 0xE0, 0x11, 0xEE
    .byte   0xE1, 0x2F, 0xF0, 0x20, 0x00, 0x10,   -4, 0x02, 0x1F, 0xEF, 0x0F, 0xEF, 0x0E, 0xD0, 0x0E, 0xEE
    .byte   0x1F, 0xEE, 0x11, 0xE1, 0xFF, 0xF1, 0x30, 0x23, 0x42, 0x32, 0x34, 0xEE, 0x10, 0x2F, 0xF0, 0x12
    .byte   0x21, 0x2E, 0x31, 0x0F, 0xD0, 0xEE, 0xEE,   13, 0x0E, 0x00, 0x1E, 0xE2, 0x1F, 0xFE, 0x0F, 0x10
    .byte   0xEF, 0xF1, 0x2E, 0xE2, 0x22, 0xEF, 0xF2, 0xFF, 0x10, 0xE0, 0x10, 0xDE, 0xF0, 0xFD, 0xFF, 0xFE
    .byte   0xEE, 0x0E, 0x11, 0xEE, 0x12, 0x21, 0x12, 0x33,  -12, 0x02, 0x33, 0x33, 0xFF, 0x1E, 0x3E, 0x01
    .byte   0x03, 0xE2, 0x21, 0x2F, 0x0E, 0xFE, 0xEE, 0xDE, 0xEE, 0x1F, 0xFE, 0xF2, 0x1E, 0x0E, 0x2F, 0xE2
    .byte   0xEF, 0xFF, 0x00, 0xF0, 0x20, 0xFF, 0x12, 0x0E, 0x00,   -2, 0x0E, 0xE0, 0xFE, 0xEF, 0xEF, 0xFF
    .byte   0xEE, 0xEF, 0x1F, 0xEF, 0xF0, 0x02, 0x11, 0x12, 0x33, 0x23, 0x23, 0x34, 0xEE, 0x11, 0x2F, 0xE0
    .byte   0x22, 0xF2, 0x20, 0x21, 0xFE, 0xEF, 0xED, 0xFE, 0xED, 0x12,    7, 0x0E, 0xF0, 0x2F, 0xEE, 0xF2
    .byte   0x0F, 0xEE, 0x02, 0x20, 0xE1, 0x12, 0x1F, 0xF0, 0x10, 0x0E, 0xE1, 0x01, 0xEE, 0xE0, 0xFE, 0xEE
    .byte   0xE0, 0xFE, 0xFE, 0xF1, 0x2F, 0xFF, 0xF2, 0x21, 0x31, 0x24, 0x22,    8, 0x04, 0x3E, 0xE0, 0x30
    .byte   0xE0, 0xF2, 0x20, 0x2F, 0x12, 0x2F, 0xDE, 0xEF, 0xFD, 0xED, 0x21, 0xE0, 0xD2, 0x10, 0xFD, 0x02
    .byte   0x1F, 0xEF, 0x12, 0x0F, 0x1F, 0x02, 0x0F, 0xF0, 0x02, 0xEE, 0x11, 0xE1,  -10, 0x0E, 0xE1, 0xEE
    .byte   0xEE, 0x1E, 0x0F, 0xEF, 0xF1, 0x11, 0xE0, 0x22, 0x01, 0x22, 0x32, 0x33, 0x23, 0x32, 0xE1, 0x22
    .byte   0x0E, 0x11, 0x2F, 0xF3, 0xF0, 0x10, 0xFD, 0xE1, 0xEE, 0xED, 0x0F, 0x0F, 0xEE,    2, 0x02, 0xFD
    .byte   0xE2, 0x2F, 0xEF, 0x01, 0x21, 0x0E, 0x12, 0x2E, 0xE0, 0x11, 0x0F, 0xFF, 0x2F, 0xFD, 0xF0, 0xFE
    .byte   0xD0, 0xF0, 0xEE, 0xFF, 0xF0, 0x0E, 0xF0, 0x21, 0x01, 0x12, 0x23, 0x22, 0x32, 0x32,   30, 0x00
    .byte   0xE0, 0x23, 0xED, 0x13, 0x11, 0x01, 0x11, 0x20, 0xED, 0xFF, 0xEE, 0xDE, 0x10, 0xFE, 0xEF, 0x2F
    .byte   0xFD, 0xF2, 0x01, 0xEE, 0x22, 0x11, 0xE0, 0x12, 0x2E, 0xE1, 0x20, 0x0E, 0x01, 0x00, 0xE0,   -9
    .byte   0x0F, 0xFE, 0xEE, 0x0E, 0xEE, 0x10, 0xEF, 0x01, 0x0E, 0x21, 0x11, 0xF2, 0x22, 0x31, 0x23, 0x32
    .byte   0x24, 0xFE, 0x12, 0x21, 0xD2, 0x2F, 0x10, 0x11, 0xF3, 0xED, 0xFF, 0x1D, 0xEE, 0xE0, 0xE0, 0xFE
    .byte      1, 0x01, 0x1F, 0xDF, 0x2F, 0xFE, 0xF2, 0x02, 0x0F, 0x22, 0x00, 0xFF, 0x01, 0xFE, 0xF0, 0x20
    .byte   0xEF, 0x1E, 0xFE, 0xEE, 0xFF, 0xEE, 0xEF, 0xFF, 0x1E, 0xE1, 0x22, 0xFF, 0x12, 0x12, 0x21, 0x23
    .byte   0x32,   10, 0x02, 0x34, 0xEE, 0xF3, 0xFE, 0xEE, 0x30, 0x10, 0x11, 0x12, 0xED, 0xFF, 0xFE, 0xDE
    .byte   0xE2, 0xFE, 0xEF, 0x11, 0x1E, 0xD2, 0x2F, 0xEE, 0x03, 0xF0, 0x11, 0x21, 0x00, 0xE2, 0xFE, 0x0F
    .byte   0x00, 0x00,   -3, 0x01, 0xEF, 0xFE, 0xFE, 0xEE, 0xEF, 0x0E, 0xE0, 0x11, 0xE1, 0x22, 0x00, 0xF2
    .byte   0x10, 0x12, 0x12, 0x33, 0x22, 0x33, 0x3E, 0xE2, 0x22, 0xDE, 0x22, 0xE0, 0x21, 0x02, 0xFE, 0xEE
    .byte   0xFF, 0xDD, 0x11,    8, 0x0E, 0xE1, 0x11, 0x0E, 0xEF, 0x11, 0xEE, 0xF2, 0x20, 0x00, 0x22, 0x2E
    .byte   0xFF, 0x11, 0xEE, 0x11, 0x00, 0xF1, 0x01, 0xFE, 0xEE, 0xFE, 0xEE, 0xE1, 0x1F, 0xEF, 0x02, 0x0E
    .byte   0x12, 0x1F, 0x02, 0x10,  -23, 0x02, 0x22, 0x23, 0x31, 0x23, 0x4D, 0xE2, 0x21, 0xD0, 0x21, 0xFF
    .byte   0xF2, 0x11, 0xFE, 0xEF, 0xFE, 0xDE, 0x00, 0x0E, 0xE0, 0x02, 0xFD, 0xFF, 0x2E, 0xE1, 0x12, 0x10
    .byte   0x2F, 0x22, 0xF0, 0xE1, 0x2E,   -1, 0x00, 0x10, 0xE1, 0xF1, 0x0F, 0xFE, 0xFE, 0xFE, 0xEF, 0xE0
    .byte   0xE0, 0x0F, 0x1F, 0x10, 0xF1, 0x22, 0xEF, 0x22, 0x02, 0x03, 0x23, 0x21, 0x23, 0x4F, 0xD0, 0x23
    .byte   0xDD, 0x03, 0x2E, 0xD2, 0x22, 0xEE,   24, 0x0E, 0x21, 0xDD, 0xF2, 0xFF, 0xD0, 0x21, 0xFE, 0xE1
    .byte   0x10, 0xEE, 0x12, 0x2E, 0xF2, 0x22, 0xFF, 0x2F, 0xFF, 0xFE, 0xFF, 0x11, 0xE1, 0x11, 0xFE, 0xE0
    .byte   0xEE, 0xEE, 0xE0, 0x00, 0x0F, 0x12, 0x0E,  -34, 0x02, 0x20, 0xE0, 0x23, 0xEF, 0x23, 0x21, 0x04
    .byte   0x20, 0x23, 0x3D, 0xF2, 0x3E, 0xC2, 0x22, 0xED, 0x32, 0xFE, 0xF1, 0xEE, 0xFF, 0xDE, 0x11, 0x1D
    .byte   0xF2, 0x2E, 0xEE, 0x12, 0xEE, 0x00, 0x11, 0x01,   -4, 0x02, 0x11, 0x10, 0x10, 0xFE, 0xF0, 0xF1
    .byte   0xEF, 0x21, 0x1E, 0xE2, 0xFE, 0xDE, 0x0F, 0xEE, 0x1F, 0x11, 0x0F, 0xF2, 0x10, 0xE1, 0x20, 0x20
    .byte   0x11, 0x23, 0x12, 0x13, 0x31, 0xF3, 0x3F, 0xEF, 0x30,   29, 0x0E, 0x12, 0x0E, 0xF2, 0x2E, 0x0E
    .byte   0xE1, 0xE0, 0xDE, 0x11, 0x1D, 0xF2, 0x10, 0xDF, 0x21, 0x0D, 0x12, 0xF1, 0x01, 0xF2, 0x3E, 0x00
    .byte   0x22, 0xD1, 0x01, 0xFE, 0xF1, 0xF1, 0xE1, 0xE0, 0x0E, 0xEE,  -20, 0x01, 0xEE, 0xF1, 0x0F, 0xE0
    .byte   0x2F, 0x00, 0xF2, 0x02, 0x0F, 0x22, 0x1F, 0x03, 0x22, 0x22, 0x3E, 0x33, 0x1E, 0xE3, 0x2E, 0xDE
    .byte   0x30, 0xEE, 0xF3, 0xEE, 0xEF, 0x1F, 0xEE, 0xE1, 0x0F, 0xEE, 0x22,    5, 0x0D, 0x01, 0x2F, 0xEE
    .byte   0x21, 0x1E, 0x11, 0x21, 0x10, 0x11, 0x1F, 0xFE, 0x01, 0xFF, 0xE1, 0x10, 0xFE, 0x00, 0xFE, 0xEE
    .byte   0x10, 0xEE, 0x11, 0x0F, 0x01, 0xF1, 0x01, 0x0F, 0x21, 0x02, 0x11, 0x21,   -8, 0x02, 0x22, 0x22
    .byte   0x03, 0x13, 0x1E, 0x11, 0x2F, 0xD2, 0x11, 0xEE, 0x21, 0xFE, 0xF0, 0xFE, 0xEF, 0xEF, 0x00, 0xEE
    .byte   0x12, 0xFE, 0xE2, 0x0F, 0xEF, 0x20, 0xF0, 0x02, 0x11, 0x0F, 0x21, 0xF0, 0xE1,    1, 0x0F, 0xFF
    .byte   0x1F, 0x0F, 0x0F, 0xEF, 0x0F, 0xED, 0x20, 0xEF, 0xE2, 0x1E, 0xF0, 0x20, 0xE0, 0x12, 0x01, 0x11
    .byte   0x22, 0xFF, 0x23, 0x11, 0xE3, 0x31, 0x10, 0x40, 0xD1, 0x23, 0xDD, 0x31, 0x2C, 0x13,   29, 0x0E
    .byte   0xD2, 0x1E, 0xEE, 0x0F, 0xE0, 0xFE, 0x11, 0x0F, 0xEF, 0x2F, 0xEE, 0x21, 0x0F, 0xF2, 0x20, 0xFF
    .byte   0x22, 0x0E, 0xE2, 0x11, 0xD1, 0x21, 0xEE, 0x12, 0xEE, 0xE1, 0xFF, 0xEE, 0x01, 0xFE, 0xF0,  -25
    .byte   0x00, 0xE0, 0x20, 0xF0, 0x12, 0x11, 0x02, 0x02, 0x11, 0x22, 0x21, 0x13, 0x11, 0x23, 0x2E, 0xE1
    .byte   0x3E, 0xDF, 0x32, 0xDD, 0x32, 0x0D, 0xD3, 0x0E, 0xDE, 0x20, 0xFE, 0xE2, 0x20, 0xD0, 0x21, 0xEE
    .byte     -8, 0x02, 0x1F, 0xE2, 0x21, 0xF0, 0x02, 0x00, 0xFF, 0x02, 0xEE, 0x10, 0x2E, 0xE1, 0x2F, 0xDF
    .byte   0x10, 0xEE, 0xF1, 0x1E, 0xE0, 0x20, 0xEE, 0x21, 0x0F, 0xF2, 0x10, 0x02, 0x02, 0x10, 0x20, 0x12
    .byte   0x21,    4, 0x02, 0x22, 0xF2, 0x4D, 0xE2, 0x22, 0xDE, 0x32, 0xDD, 0x32, 0x0D, 0xE2, 0x1E, 0xDF
    .byte   0x11, 0xEE, 0x01, 0x10, 0xEF, 0x12, 0xED, 0x12, 0x2E, 0xE0, 0x31, 0xEF, 0x22, 0x2D, 0x02, 0x0F
    .byte   0xE0, 0x21,    0, 0x0E, 0x12, 0x1E, 0xD1, 0x2E, 0xEE, 0x12, 0xEE, 0xF2, 0xEF, 0xF0, 0x0F, 0xF0
    .byte   0x12, 0xFF, 0x12, 0x1F, 0x12, 0x21, 0xF2, 0x22, 0xF1, 0x31, 0x11, 0x33, 0xDE, 0x32, 0xFD, 0xF3
    .byte   0x2D, 0xD3, 0x2F,   17, 0x0E, 0x31, 0xDD, 0x02, 0x1E, 0xD2, 0x12, 0xED, 0x22, 0x2D, 0xE2, 0x10
    .byte   0xEF, 0x22, 0x0E, 0x12, 0x11, 0xFF, 0x11, 0x0E, 0xF2, 0xF1, 0xE1, 0x1F, 0x0E, 0xE1, 0x1E, 0xEF
    .byte   0x10, 0xE0, 0xE1, 0x0F,  -25, 0x0F, 0xF2, 0xFF, 0x11, 0x20, 0x01, 0x21, 0x11, 0x11, 0x12, 0x11
    .byte   0x22, 0x21, 0x13, 0x3D, 0x02, 0x3F, 0xDE, 0x32, 0xDE, 0x23, 0xED, 0xE2, 0x2D, 0xD0, 0x21, 0xDE
    .byte   0x21, 0x0E, 0xF1, 0x10, 0xE0,   -6, 0x01, 0x0F, 0x00, 0x20, 0xFF, 0x22, 0xFE, 0x02, 0x1F, 0xE1
    .byte   0x2F, 0x0E, 0x02, 0xEF, 0xE1, 0x0E, 0x0E, 0x01, 0xEF, 0xFF, 0xFF, 0xFF, 0x0F, 0x00, 0x01, 0x11
    .byte   0x11, 0x10, 0x02, 0x2E, 0x12, 0x22,   -4, 0x02, 0x31, 0x00, 0x33, 0xEE, 0x23, 0xEE, 0x02, 0x2D
    .byte   0xE3, 0x0F, 0xDF, 0x20, 0xDE, 0x01, 0xFE, 0xE1, 0x10, 0xEF, 0x12, 0xEF, 0xFF, 0x10, 0xE0, 0x20
    .byte   0x0F, 0x02, 0x01, 0xF0, 0x11, 0xF1, 0x0F,    1, 0x01, 0x0F, 0xFF, 0xF0, 0xE0, 0xFF, 0xEF, 0x00
    .byte   0xE0, 0xE1, 0x0F, 0xE1, 0x1F, 0x01, 0x11, 0x00, 0x20, 0x00, 0x20, 0x02, 0x02, 0x12, 0x21, 0x22
    .byte   0x30, 0xE2, 0x22, 0xEE, 0x22, 0x1E, 0xE2, 0x2E,   21, 0x0E, 0x21, 0xDE, 0x02, 0xEE, 0xE1, 0x1F
    .byte   0xFF, 0x1F, 0x0E, 0x1F, 0xF1, 0xFF, 0x11, 0x1F, 0x11, 0x11, 0xF1, 0x01, 0x00, 0x01, 0x00, 0x00
    .byte   0xFF, 0x0F, 0xFE, 0xF0, 0xE0, 0xE0, 0x0E, 0x0F, 0xFF,  -22, 0x00, 0xF0, 0x01, 0x00, 0x2F, 0xF2
    .byte   0x00, 0x00, 0x21, 0x11, 0x22, 0x21, 0x23, 0x1F, 0x03, 0x2E, 0xE1, 0x31, 0xDE, 0x32, 0xED, 0xF2
    .byte   0x0D, 0xE0, 0xFF, 0xFE, 0xF1, 0x10, 0xEF, 0x11, 0xFE, 0xF1,   -3, 0x0E, 0xF1, 0x01, 0x10, 0x11
    .byte   0x00, 0x11, 0x1F, 0x11, 0x10, 0x01, 0x00, 0xFF, 0x0E, 0xF0, 0xF0, 0xE0, 0xE0, 0x0E, 0x0F, 0x0E
    .byte   0x00, 0x00, 0xF1, 0x00, 0x11, 0x01, 0x11, 0x11, 0x12, 0x22, 0x2F,    7, 0x03, 0xFF, 0x22, 0x2F
    .byte   0xE2, 0x20, 0xE0, 0x20, 0x0D, 0x11, 0xFE, 0xEE, 0x00, 0xE0, 0xFF, 0x10, 0xE0, 0x01, 0xFE, 0xFF
    .byte   0x00, 0xE1, 0x11, 0x01, 0x01, 0x11, 0x10, 0x11, 0x01, 0x10, 0x11, 0x0F,    2, 0x0F, 0x00, 0xEF
    .byte   0x0E, 0x00, 0xEF, 0x0E, 0x0F, 0xE1, 0x10, 0xE0, 0x21, 0xFF, 0x01, 0x2F, 0xE2, 0x21, 0x12, 0x22
    .byte   0x23, 0x00, 0x12, 0x3E, 0xE1, 0x22, 0xEF, 0xF2, 0x1E, 0xF0, 0xE0, 0xE0, 0xEE,    8, 0x00, 0x0E
    .byte   0xF1, 0x1F, 0xEF, 0x00, 0xEE, 0x1F, 0x0F, 0x00, 0x11, 0x01, 0x11, 0x11, 0x11, 0x01, 0x2F, 0x00
    .byte   0x1F, 0xF0, 0x0E, 0x0F, 0xE0, 0xFE, 0x1F, 0xEF, 0xFF, 0xFF, 0xF1, 0x10, 0xFF, 0x01,  -20, 0x0F
    .byte   0x00, 0x21, 0x12, 0x22, 0x22, 0x32, 0xE0, 0x13, 0xEE, 0x12, 0x1E, 0x12, 0x0F, 0xF2, 0x1D, 0xFF
    .byte   0x2E, 0xEE, 0x21, 0xEF, 0x01, 0xEE, 0x1F, 0xFE, 0xFF, 0x0F, 0xF0, 0x11, 0x0F, 0x20, 0xF0,   -3
    .byte   0x02, 0x00, 0x11, 0x0F, 0x10, 0x0E, 0x01, 0x0E, 0x0F, 0x0F, 0xFF, 0xE0, 0xE0, 0x0E, 0x00, 0x02
    .byte   0xE1, 0x10, 0x1F, 0xF0, 0x12, 0x12, 0x12, 0x22, 0x32, 0x0E, 0x03, 0x1E, 0xE1, 0x10, 0x20, 0x0E
    .byte     17, 0x02, 0x2E, 0xEE, 0x10, 0xFF, 0xE0, 0xE1, 0x2E, 0xEE, 0x01, 0xFF, 0xEF, 0x10, 0x1F, 0x10
    .byte   0xF0, 0x22, 0xE0, 0x11, 0x2F, 0x00, 0x0F, 0x11, 0xFF, 0xE0, 0x10, 0xEF, 0xFF, 0x0E, 0x00, 0x1F
    .byte   0xFE,  -18, 0x00, 0x0F, 0xFF, 0x02, 0x22, 0x21, 0x13, 0x32, 0x0E, 0xE2, 0x1F, 0x0E, 0xF0, 0x13
    .byte   0x0E, 0xE2, 0x2F, 0x0E, 0xEE, 0x02, 0x0F, 0xD0, 0xF1, 0x1F, 0x0D, 0x10, 0x20, 0xE0, 0xF0, 0x12
    .byte   0xFF, 0xF0,   -4, 0x02, 0xF0, 0xF0, 0x12, 0xF0, 0xE0, 0xF1, 0x1F, 0x0E, 0x01, 0x0F, 0x0E, 0x0E
    .byte   0x00, 0x0F, 0xF0, 0x10, 0x10, 0x11, 0x11, 0x22, 0x21, 0x12, 0x22, 0x2F, 0xFF, 0x01, 0x1E, 0x1E
    .byte   0x10, 0x02, 0xFF,   12, 0x0F, 0xF0, 0x1E, 0xFE, 0xFF, 0xFF, 0x0F, 0xE0, 0x00, 0xF0, 0xEF, 0xF1
    .byte   0xFF, 0xFF, 0x00, 0x10, 0x0E, 0xF1, 0x21, 0x22, 0x22, 0x24, 0x3F, 0xFD, 0xED, 0xF2, 0x10, 0xD1
    .byte   0x22, 0x31, 0x1E, 0xEE,   10, 0x00, 0xFE, 0xEE, 0xE0, 0x20, 0xFE, 0xFF, 0xF0, 0x21, 0x1E, 0xF1
    .byte   0x11, 0x21, 0x0F, 0xE2, 0x21, 0x10, 0x1F, 0xF0, 0x02, 0x0F, 0x00, 0x01, 0x11, 0xF0, 0xEF, 0xFF
    .byte   0x00, 0x0F, 0xF0, 0xE0, 0x11,   -3, 0x0F, 0xFF, 0xF0, 0x11, 0xF1, 0x0F, 0x11, 0x11, 0xF0, 0xF0
    .byte   0x11, 0x10, 0x10, 0x01, 0x00, 0x0F, 0xF1, 0x01, 0x10, 0x00, 0x1F, 0x10, 0xFF, 0xFF, 0x01, 0x00
    .byte   0x01, 0x11, 0x10, 0x1F, 0xFF, 0xFF,   -1, 0x00, 0x01, 0x00, 0x11, 0x01, 0xF1, 0x1F, 0x00, 0x00
    .byte   0xF0, 0x0F, 0x1F, 0x0F, 0x00, 0x0F, 0x00, 0xF0, 0x10, 0xFF, 0xF0, 0xFF, 0xF1, 0xFF, 0x00, 0x00
    .byte   0x00, 0x00, 0x1F, 0x11, 0x00, 0x00, 0xF0,   -6, 0x01, 0x11, 0x02, 0x12, 0x22, 0x10, 0xFE, 0xE0
    .byte   0x01, 0x21, 0x0F, 0x1F, 0x11, 0x1F, 0xFF, 0xEE, 0x00, 0x00, 0xFF, 0xEF, 0x00, 0x11, 0x00, 0xE0
    .byte   0xFF, 0x11, 0x10, 0x0F, 0xFF, 0x01, 0x02, 0x10,   -3, 0x0F, 0xFF, 0x21, 0x11, 0x1F, 0xF1, 0x02
    .byte   0x11, 0x1F, 0x00, 0xF0, 0x0F, 0x0F, 0x01, 0x01, 0x1F, 0xFF, 0xF0, 0xF1, 0x01, 0xEF, 0x0F, 0x01
    .byte   0x0F, 0x0E, 0xEE, 0x0F, 0x11, 0x1F, 0xFE, 0xE0, 0xF1,  -22, 0x02, 0x01, 0x22, 0x23, 0x23, 0x3F
    .byte   0x2E, 0xCC, 0xEE, 0x13, 0x43, 0x3E, 0xEF, 0xED, 0x23, 0xFE, 0xED, 0xDE, 0xE2, 0x32, 0x12, 0xEE
    .byte   0xEF, 0xFF, 0x12, 0xFF, 0xFF, 0xF0, 0x22, 0x12, 0x0F, 0xFE,   -1, 0x00, 0x01, 0x20, 0xF0, 0xFF
    .byte   0xFF, 0x00, 0x20, 0x0F, 0xFF, 0xFF, 0x01, 0x00, 0x0F, 0x00, 0x00, 0x10, 0x01, 0x0F, 0x00, 0xFF
    .byte   0x01, 0x00, 0x11, 0x10, 0x0F, 0x00, 0x0F, 0x0F, 0xF0, 0x10, 0x01,    0, 0x00, 0x1F, 0x00, 0xF1
    .byte   0x00, 0xF1, 0x00, 0x00, 0x00, 0x01, 0x00, 0x11, 0x01, 0xF0, 0xF0, 0xF0, 0x10, 0x10, 0x1F, 0xF0
    .byte   0x00, 0xF0, 0x0F, 0x00, 0xF0, 0x00, 0x1F, 0x1F, 0x0F, 0x0F, 0x10, 0x10,    0, 0x0F, 0x1F, 0xF0
    .byte   0xF1, 0x11, 0x0F, 0x00, 0x1F, 0x01, 0x01, 0xF0, 0x1F, 0x10, 0x01, 0x00, 0xF1, 0xF1, 0xF0, 0xF0
    .byte   0x10, 0x00, 0x0F, 0xF1, 0xF1, 0x10, 0xF0, 0xF0, 0x00, 0x01, 0x00, 0x01, 0xF0,    0, 0x00, 0x00
    .byte   0x00, 0x00, 0x01, 0xF0, 0x1F, 0x01, 0xF0, 0x1F, 0x1F, 0x00, 0x0F, 0x01, 0x01, 0x00, 0xFF, 0x0F
    .byte   0x00, 0x10, 0x01, 0x00, 0x01, 0x0F, 0x00, 0xF1, 0x01, 0x01, 0x0F, 0x00, 0x0F, 0x10,    3, 0x0F
    .byte   0x00, 0xF0, 0xF1, 0xF0, 0x01, 0xFF, 0x0F, 0x0F, 0xF0, 0x00, 0x10, 0xF0, 0x00, 0xFF, 0x10, 0xF1
    .byte   0x0F, 0xF0, 0x1F, 0x11, 0x11, 0x11, 0xF1, 0x11, 0x12, 0x22, 0x12, 0xEE, 0xFF, 0xF1, 0x22,   19
    .byte   0x01, 0x00, 0xEE, 0x0E, 0xFF, 0x00, 0xE0, 0xFE, 0x0E, 0x00, 0xFF, 0x0E, 0x0E, 0xEE, 0xFF, 0x10
    .byte   0x21, 0x10, 0xEE, 0xFF, 0xF1, 0x21, 0x10, 0xF1, 0x12, 0x33, 0x34, 0x32, 0x2E, 0xDC, 0xEE, 0x13
    .byte     23, 0x03, 0x33, 0x0E, 0xED, 0xED, 0xF0, 0xE1, 0xEE, 0xED, 0xFE, 0x11, 0x22, 0x01, 0x1D, 0xEE
    .byte   0xEE, 0x12, 0x32, 0x31, 0x10, 0x0E, 0xF1, 0x10, 0x21, 0x11, 0xF0, 0xEE, 0xEF, 0xEF, 0xFE, 0xEE
    .byte   0xEE,  -32, 0x0E, 0x0F, 0x10, 0x0E, 0x0F, 0x01, 0x23, 0x23, 0x33, 0x23, 0x12, 0x0F, 0xE1, 0x12
    .byte   0x22, 0x22, 0x21, 0x2F, 0xEF, 0xEE, 0xEF, 0xEE, 0xFE, 0xEE, 0xEE, 0x0F, 0x01, 0x00, 0x0F, 0xE0
    .byte   0xFF, 0xF1,   -6, 0x01, 0x20, 0x10, 0x0F, 0x1F, 0x0F, 0x01, 0xF0, 0xFE, 0xFE, 0x0E, 0xEF, 0xFF
    .byte   0xEF, 0xE0, 0xE0, 0xE0, 0xFF, 0x00, 0x01, 0x12, 0x23, 0x23, 0x23, 0x23, 0x12, 0x10, 0xF1, 0x11
    .byte   0x22, 0x22, 0x22,   49, 0x01, 0x0E, 0xEF, 0xEE, 0xEE, 0xEE, 0xFE, 0xE0, 0xE0, 0x00, 0xFF, 0x0E
    .byte   0x0E, 0xFF, 0xF0, 0x11, 0x02, 0x00, 0x10, 0x11, 0x0E, 0x0F, 0xFF, 0xFF, 0x0E, 0xFE, 0x0E, 0xE0
    .byte   0xEF, 0xFF, 0xFF, 0xFF,  -38, 0x0E, 0x0F, 0x01, 0x11, 0x22, 0x23, 0x23, 0x23, 0x22, 0x30, 0x2E
    .byte   0x11, 0x12, 0x13, 0x12, 0x11, 0xFF, 0xFF, 0xEE, 0x0E, 0xEE, 0xFE, 0xEE, 0xEF, 0xFF, 0xF0, 0xFF
    .byte   0x0E, 0x0E, 0x0F, 0xF0, 0x01,   -9, 0x01, 0x10, 0x21, 0x00, 0xFE, 0x0E, 0xFE, 0x00, 0xF0, 0x0E
    .byte   0x0E, 0x0E, 0xEF, 0xFF, 0xF0, 0xF0, 0xF1, 0xF0, 0x00, 0x12, 0x12, 0x23, 0x23, 0x22, 0x23, 0x22
    .byte   0x00, 0x20, 0x22, 0x21, 0x21, 0x10,   49, 0x00, 0xE0, 0xE0, 0xFE, 0xFE, 0xEF, 0xEE, 0xEE, 0xFF
    .byte   0xE0, 0xFF, 0x0E, 0xFF, 0xFF, 0x0F, 0xF0, 0xF0, 0xF0, 0x00, 0x11, 0x0F, 0x0F, 0xFF, 0xF0, 0xEF
    .byte   0xFF, 0x0E, 0x0E, 0xFF, 0xF0, 0xFF, 0xFF,  -35, 0x0F, 0xF0, 0x01, 0x10, 0x20, 0x12, 0x12, 0x22
    .byte   0x12, 0x31, 0x32, 0x22, 0x01, 0x32, 0x13, 0x21, 0x11, 0x00, 0x11, 0xFF, 0x0E, 0xEE, 0xEE, 0xEE
    .byte   0xEE, 0xEE, 0xEE, 0xFE, 0xFE, 0x0E, 0x0E, 0x0F,  -18, 0x00, 0x10, 0x00, 0x10, 0x10, 0x10, 0x01
    .byte   0xFF, 0xF0, 0xFF, 0x0E, 0xFF, 0x0E, 0x0F, 0xF0, 0xEF, 0xFF, 0x1F, 0xF0, 0x11, 0x11, 0xF1, 0x12
    .byte   0x22, 0x22, 0x22, 0x32, 0x31, 0x22, 0x13, 0x22, 0x22,   57, 0x01, 0x11, 0xF0, 0xF1, 0xE0, 0xEE
    .byte   0xEE, 0xEE, 0xEE, 0xED, 0xFE, 0xEF, 0xFE, 0x0E, 0x0F, 0xE0, 0xF0, 0xF0, 0x00, 0x01, 0x10, 0xF1
    .byte   0x01, 0xF1, 0xFF, 0x00, 0x0E, 0xFF, 0x0E, 0xFF, 0xF0, 0xE0,  -33, 0x0F, 0xFF, 0x0F, 0x01, 0x1F
    .byte   0x1F, 0x10, 0x22, 0x22, 0x22, 0x22, 0x32, 0x32, 0x02, 0x13, 0x22, 0x22, 0x20, 0x11, 0x00, 0x00
    .byte   0xEF, 0xEE, 0xEE, 0xEE, 0xEE, 0xEE, 0xEE, 0xE0, 0xEE, 0xF0, 0xFE,  -12, 0x0E, 0x10, 0x00, 0x00
    .byte   0x00, 0xF1, 0x10, 0x00, 0x00, 0x00, 0xF0, 0x0E, 0xFF, 0xFF, 0x0F, 0xE0, 0xFE, 0xFF, 0xFF, 0xF0
    .byte   0xF1, 0xF1, 0x01, 0x02, 0x01, 0x22, 0x22, 0x23, 0x22, 0x30, 0x22, 0x23,   40, 0x02, 0x22, 0x2F
    .byte   0x21, 0x1F, 0x0F, 0xFE, 0xEE, 0xEF, 0xEE, 0xEE, 0xED, 0xEE, 0x0E, 0xFE, 0xFE, 0xFF, 0xFE, 0x0F
    .byte   0xF1, 0xF1, 0x11, 0x11, 0x00, 0x01, 0x10, 0x11, 0x0F, 0xFF, 0xFF, 0x0F, 0x0F,  -21, 0x0F, 0xE0
    .byte   0xFF, 0xEF, 0xFF, 0xFF, 0xF0, 0xF1, 0x10, 0x02, 0x12, 0x22, 0x22, 0x32, 0x31, 0x22, 0x22, 0x33
    .byte   0x12, 0x12, 0x11, 0x21, 0x0F, 0xEF, 0xEF, 0xEE, 0xEE, 0xEE, 0xED, 0xFE, 0xEE, 0xEE,   -8, 0x0E
    .byte   0xFF, 0xFE, 0x0F, 0x00, 0x0F, 0x02, 0x11, 0x11, 0x10, 0x2F, 0xF2, 0xFF, 0x00, 0x00, 0xF0, 0xE0
    .byte   0xE0, 0xE0, 0xEF, 0xFE, 0xEF, 0xFF, 0xF0, 0xFF, 0x00, 0x11, 0x02, 0x22, 0x22, 0x23, 0x23,   12
    .byte   0x02, 0x22, 0x23, 0x31, 0x21, 0x12, 0x12, 0x00, 0x0F, 0xEE, 0xEE, 0xFE, 0xEE, 0xEE, 0xDE, 0xEF
    .byte   0xEE, 0xEE, 0x0E, 0xF0, 0xE0, 0xF0, 0x00, 0x11, 0x01, 0x21, 0x11, 0x02, 0x01, 0x11, 0x00, 0x0F
    .byte     -5, 0x00, 0xF0, 0xE0, 0xEF, 0xEE, 0xFE, 0xFE, 0xE0, 0xE0, 0xFF, 0xFF, 0x00, 0x02, 0x11, 0x22
    .byte   0x22, 0x32, 0x32, 0x32, 0x22, 0x32, 0x31, 0x22, 0x12, 0x11, 0x10, 0xFE, 0xEE, 0xEF, 0xEE, 0xEE
    .byte   0xDE,   12, 0x0E, 0xEE, 0xEE, 0xEF, 0xEF, 0xFE, 0x1F, 0x10, 0x1F, 0x11, 0x12, 0x02, 0x02, 0x11
    .byte   0x12, 0x01, 0x11, 0xF0, 0xF0, 0xE0, 0xFE, 0xEF, 0xEE, 0xFE, 0xEE, 0xFE, 0x0F, 0xF0, 0xE0, 0x1F
    .byte   0x02, 0x11,  -34, 0x02, 0x22, 0x32, 0x32, 0x23, 0x23, 0x23, 0x12, 0x22, 0x12, 0x21, 0xFF, 0xFE
    .byte   0xEE, 0xEE, 0xEE, 0xEE, 0xDE, 0xEE, 0xEE, 0xEE, 0xEE, 0xFF, 0xE0, 0x0F, 0x00, 0x10, 0x11, 0x21
    .byte   0x12, 0x02, 0x21,    1, 0x01, 0x02, 0x00, 0x1F, 0x00, 0xEF, 0xFE, 0xFE, 0xEE, 0xEE, 0xEE, 0xE0
    .byte   0xFE, 0xFF, 0xFF, 0xF0, 0x02, 0x11, 0x22, 0x22, 0x32, 0x32, 0x32, 0x23, 0x23, 0x22, 0x21, 0x22
    .byte   0x21, 0x0F, 0xEF, 0xEE,   47, 0x0E, 0xEE, 0xEE, 0xDE, 0xEE, 0xEE, 0xEE, 0xEE, 0xEF, 0xE1, 0xF0
    .byte   0xF0, 0x10, 0x20, 0x21, 0x20, 0x20, 0x22, 0x21, 0x02, 0x00, 0x10, 0x00, 0xE0, 0xEE, 0xFE, 0xEE
    .byte   0xEF, 0xEE, 0xEE, 0xF0, 0xEF,  -46, 0x0F, 0x01, 0x00, 0x20, 0x22, 0x22, 0x23, 0x31, 0x32, 0x32
    .byte   0x32, 0x32, 0x22, 0x21, 0x12, 0xFF, 0xFE, 0xEE, 0xEE, 0xED, 0xEE, 0xEE, 0xDE, 0xEE, 0xEE, 0xEF
    .byte   0xEF, 0xFF, 0xF1, 0x00, 0x11, 0x11,  -20, 0x01, 0x21, 0x22, 0x21, 0x20, 0x20, 0x20, 0x0F, 0x00
    .byte   0xEF, 0x0E, 0xEF, 0xEE, 0xEE, 0xEE, 0xFE, 0x0E, 0xFF, 0xFF, 0xF0, 0x00, 0x12, 0x12, 0x22, 0x23
    .byte   0x23, 0x13, 0x23, 0x23, 0x22, 0x22, 0x21,   64, 0x01, 0x0F, 0xFE, 0xEE, 0xEE, 0xFD, 0xEE, 0xEE
    .byte   0xDE, 0xEE, 0xEE, 0xEE, 0xFE, 0xFF, 0x0F, 0x10, 0x11, 0x02, 0x01, 0x12, 0x22, 0x21, 0x22, 0x12
    .byte   0x01, 0x11, 0x0F, 0xEF, 0x0E, 0x0E, 0xEE, 0xEE,  -19, 0x0E, 0xEF, 0xEE, 0x0E, 0x0F, 0xF1, 0x00
    .byte   0x02, 0x11, 0x22, 0x32, 0x23, 0x22, 0x33, 0x23, 0x12, 0x31, 0x31, 0x12, 0x10, 0xEF, 0xEE, 0xEE
    .byte   0xDF, 0xDF, 0xDE, 0xED, 0xFE, 0xDD, 0x2D, 0xFF, 0xEF,  -36, 0x0E, 0x22, 0xF2, 0x11, 0x21, 0x32
    .byte   0x22, 0x22, 0x12, 0x20, 0x00, 0x10, 0xEF, 0x0E, 0xEE, 0xED, 0xFE, 0xED, 0xFE, 0xE0, 0xE1, 0x0E
    .byte   0x10, 0x01, 0x20, 0x22, 0x32, 0x33, 0x33, 0x13, 0x12, 0x22,   44, 0x0E, 0x1F, 0x12, 0x12, 0x1E
    .byte   0xEE, 0xFE, 0xFE, 0xEE, 0xEE, 0xFE, 0x1F, 0xEE, 0xEE, 0xFF, 0x0E, 0x0E, 0xFF, 0x12, 0x20, 0x10
    .byte   0x11, 0x22, 0x21, 0x11, 0x00, 0x22, 0xE1, 0xEE, 0x0F, 0xFF, 0xEE,  -10, 0x0D, 0xFF, 0xFE, 0xFE
    .byte   0xFE, 0xE1, 0x01, 0x00, 0x0F, 0xEF, 0x12, 0x23, 0x22, 0x33, 0x33, 0x23, 0x02, 0x12, 0xF0, 0xF0
    .byte   0xF0, 0x02, 0x0E, 0xFF, 0xEF, 0xFF, 0xE0, 0xDF, 0xFE, 0x1E, 0xFE, 0xEE,   -8, 0x0F, 0xF0, 0xFE
    .byte   0x0E, 0x21, 0x21, 0x11, 0x02, 0x12, 0x21, 0x00, 0xF1, 0x10, 0x2E, 0xEF, 0xFF, 0xFF, 0xFE, 0xD0
    .byte   0xEF, 0xFF, 0xEE, 0xEF, 0x00, 0x00, 0xFF, 0xFF, 0xF1, 0x11, 0x22, 0x23, 0x33,   12, 0x03, 0x22
    .byte   0x21, 0x22, 0xF0, 0xEF, 0xFF, 0x12, 0x1F, 0xEE, 0x0E, 0x01, 0xFE, 0xEE, 0xFE, 0xF1, 0xEE, 0xEE
    .byte   0xE0, 0x0F, 0x0F, 0xEF, 0x02, 0x12, 0x2F, 0x00, 0x22, 0x02, 0x0F, 0xF1, 0xF0, 0x0F,    2, 0x0E
    .byte   0xFE, 0x1F, 0xFF, 0xEE, 0xFE, 0xFF, 0xEE, 0x0E, 0xF0, 0xF0, 0x10, 0x0F, 0x00, 0x11, 0x23, 0x23
    .byte   0x32, 0x33, 0x22, 0x12, 0x12, 0x0F, 0x0F, 0xE1, 0x02, 0x0E, 0xFE, 0xE0, 0x01, 0xE0, 0xEE,   14
    .byte   0x0E, 0x1F, 0x0E, 0xEE, 0xFF, 0xFF, 0x0E, 0xFE, 0x01, 0x21, 0x20, 0x11, 0x02, 0x21, 0xF0, 0xFF
    .byte   0xFF, 0x1F, 0xFE, 0x0E, 0x00, 0xE0, 0xEF, 0xFE, 0xFF, 0xE0, 0xFF, 0xFF, 0x1F, 0x1F, 0xF0, 0xE2
    .byte    -34, 0x02, 0x22, 0x22, 0x33, 0x23, 0x22, 0x20, 0x22, 0x1F, 0x00, 0xFE, 0x20, 0x1E, 0xEF, 0xEE
    .byte   0xFF, 0xFF, 0xFE, 0x0E, 0x00, 0x00, 0xE0, 0xEF, 0xFF, 0x0F, 0x0E, 0x0F, 0x11, 0x01, 0x2F, 0x0F
    .byte   0x12,   -1, 0x02, 0x0F, 0xFF, 0x0F, 0xFF, 0x0E, 0x0E, 0xFF, 0xF0, 0xE0, 0xE0, 0xFE, 0x11, 0x0F
    .byte   0x10, 0x00, 0x11, 0x00, 0x01, 0x12, 0x21, 0x22, 0x22, 0x22, 0x21, 0x20, 0x20, 0x21, 0xF1, 0x1F
    .byte   0x1F, 0x0E,   25, 0x0F, 0xE0, 0xEF, 0x0E, 0x0F, 0xE0, 0x0F, 0xFF, 0xF0, 0xEF, 0x0F, 0xFF, 0xF0
    .byte   0xF0, 0xF0, 0xF1, 0x01, 0xF1, 0x01, 0x11, 0x01, 0x00, 0x01, 0x00, 0xF0, 0x0F, 0xF1, 0x0F, 0x00
    .byte   0xF1, 0xFF, 0x0F,   -8, 0x0F, 0x10, 0x0F, 0x00, 0x1F, 0x10, 0x10, 0x01, 0x11, 0x10, 0x12, 0x01
    .byte   0x11, 0x11, 0x11, 0x11, 0x11, 0x10, 0x10, 0x00, 0xF0, 0xF0, 0x00, 0xF0, 0xFF, 0xFF, 0x0F, 0xF0
    .byte   0xE0, 0xFF, 0xF0, 0xF0,   -2, 0x0F, 0xFF, 0xF0, 0x0F, 0x1F, 0x10, 0x0F, 0x10, 0x00, 0x11, 0xF1
    .byte   0x00, 0x00, 0x10, 0x00, 0x01, 0x00, 0xF1, 0xF1, 0xF0, 0x00, 0x00, 0xF1, 0x00, 0x0F, 0x10, 0xF0
    .byte   0x1F, 0x11, 0xF1, 0x00, 0x10,   -1, 0x01, 0x00, 0x01, 0x01, 0x10, 0x10, 0x10, 0x1F, 0x10, 0x00
    .byte   0x00, 0x00, 0x00, 0x0F, 0x00, 0xF0, 0x0F, 0xF0, 0xF0, 0xF0, 0xF1, 0xF0, 0x1F, 0x00, 0xF0, 0x00
    .byte   0xF1, 0x0F, 0x1F, 0x1F, 0x10, 0x10,   -1, 0x00, 0x1F, 0x00, 0x00, 0x10, 0x0F, 0x1F, 0x10, 0x00
    .byte   0xF0, 0x0F, 0x10, 0xF0, 0x00, 0x00, 0x00, 0x00, 0x00, 0x00, 0x00, 0x1F, 0x10, 0x10, 0x00, 0x10
    .byte   0x0F, 0x01, 0x10, 0x00, 0x00, 0x00, 0x00,    1, 0x01, 0x0F, 0x10, 0xF0, 0xF1, 0x0F, 0x10, 0x0F
    .byte   0x00, 0x10, 0xF0, 0x00, 0x00, 0x10, 0xF0, 0x1F, 0x1F, 0x10, 0xF1, 0xF1, 0x00, 0xF1, 0x0F, 0x10
    .byte   0x00, 0xF1, 0x0F, 0x01, 0xF0, 0x0F, 0x1F, 0x00,    0, 0x00, 0xF0, 0x00, 0x00, 0x00, 0xF1, 0x01
    .byte   0x0F, 0x00, 0x1F, 0x00, 0x1F, 0x00, 0x00, 0x00, 0x10, 0xF1, 0xF1, 0x00, 0xF0, 0x10, 0x00, 0xF0
    .byte   0x10, 0x0F, 0x10, 0x00, 0x00, 0x00, 0x00, 0x00, 0x01,    1, 0x0F, 0x01, 0xF0, 0x10, 0x00, 0x0F
    .byte   0x10, 0xF1, 0x00, 0x01, 0xF1, 0xF0, 0x00, 0x0F, 0x10, 0x0F, 0x10, 0xF1, 0xF0, 0x01, 0xF0, 0x00
    .byte   0xF0, 0x01, 0xF1, 0xF0, 0x00, 0x00, 0x00, 0x00, 0x00, 0x1F,   -1, 0x00, 0x00, 0x01, 0xF0, 0x00
    .byte   0x1F, 0x1F, 0x00, 0x00, 0x01, 0x0F, 0x01, 0x00, 0x00, 0x00, 0x01, 0xF1, 0x0F, 0x00, 0x01, 0xF0
    .byte   0x00, 0x00, 0x00, 0x00, 0x00, 0x10, 0x0F, 0x01, 0x00, 0x00, 0x1F,    1, 0x0F, 0x01, 0x00, 0x00
    .byte   0x00, 0x00, 0x0F, 0x01, 0x0F, 0x01, 0xF0, 0x00, 0xF1, 0x00, 0xF1, 0xF1, 0x0F, 0x1F, 0x01, 0x0F
    .byte   0x1F, 0x00, 0x01, 0xF1, 0x0F, 0x00, 0x00, 0x00, 0x01, 0x0F, 0x10, 0xF0,    0, 0x00, 0x00, 0xF0
    .byte   0x10, 0x00, 0x00, 0xF1, 0x00, 0x00, 0xF1, 0xF1, 0x01, 0xFF, 0x10, 0x00, 0x00, 0x00, 0x01, 0x00
    .byte   0x0F, 0x00, 0x01, 0x00, 0x0F, 0x01, 0xF1, 0x00, 0xF1, 0xF0, 0x1F, 0x1F, 0x00,    0, 0x00, 0x0F
    .byte   0x10, 0x0F, 0x1F, 0x10, 0x00, 0xF1, 0x00, 0x00, 0x00, 0x0F, 0x01, 0xF1, 0xF0, 0x10, 0x0F, 0x1F
    .byte   0x10, 0x00, 0x00, 0xF1, 0x00, 0x00, 0x00, 0x00, 0x00, 0xF1, 0x00, 0x00, 0x00, 0x00,    0, 0x00
    .byte   0x00, 0x00, 0x00, 0x0F, 0x01, 0xF1, 0x00, 0x00, 0x10, 0x0F, 0x00, 0x00, 0x01, 0xF0, 0x01, 0xF1
    .byte   0xF1, 0xF1, 0x0F, 0xF1, 0x1F, 0x00, 0x00, 0xF1, 0x00, 0x00, 0x0F, 0x10, 0x1F, 0x00, 0x00,   -1
    .byte   0x01, 0x00, 0x00, 0x00, 0xF1, 0x00, 0x00, 0x00, 0x00, 0x00, 0x00, 0xF1, 0x1F, 0x00, 0x00, 0x01
    .byte   0xF0, 0x0F, 0x10, 0x00, 0x00, 0x00, 0x0F, 0x10, 0x1F, 0x1F, 0x01, 0xF0, 0x00, 0x00, 0x01, 0xF0
    .byte      0, 0x00, 0x00, 0x00, 0x00, 0x00, 0x01, 0xF0, 0x00, 0x1F, 0x01, 0xF0, 0x1F, 0x00, 0x00, 0xF1
    .byte   0x00, 0x01, 0xFF, 0x1F, 0x10, 0x0F, 0x10, 0x0F, 0x10, 0xF1, 0x00, 0x0F, 0x1F, 0x1F, 0x10, 0x00
    .byte   0x00,    0, 0x00, 0x00, 0x1F, 0x00, 0x00, 0x00, 0x1F, 0x1F, 0xF1, 0x01, 0xF0, 0x0F, 0x10, 0x00
    .byte   0x01, 0x0F, 0x00, 0x10, 0xF1, 0xF0, 0x00, 0x00, 0x00, 0xF1, 0x00, 0x00, 0xF1, 0x00, 0x0F, 0x11
    .byte   0x0F, 0x1F,    1, 0x0F, 0x00, 0x00, 0x1F, 0x0F, 0x10, 0x00, 0x00, 0x00, 0xF1, 0x00, 0x00, 0x00
    .byte   0x00, 0x00, 0x00, 0xF1, 0x00, 0x0F, 0x10, 0x00, 0x00, 0xF1, 0x00, 0xF1, 0x01, 0xF0, 0x00, 0x00
    .byte   0x00, 0x00, 0x0F,    0, 0x0F, 0x10, 0x00, 0x00, 0x00, 0x01, 0xF0, 0x00, 0x0F, 0x01, 0x00, 0x10
    .byte   0x00, 0xF0, 0x20, 0x0F, 0x01, 0xF2, 0x42, 0xBC, 0xDE, 0x32, 0xF1, 0x22, 0x34, 0x2F, 0x2D, 0xED
    .byte   0xDF, 0xF2, 0x2F, 0xED,  -20, 0x01, 0x33, 0x10, 0xEF, 0xE2, 0x22, 0x22, 0xFF, 0x11, 0xFF, 0xFE
    .byte   0xEE, 0xE0, 0x10, 0x00, 0xFF, 0x12, 0x11, 0x11, 0xF1, 0xFF, 0x10, 0xEE, 0x0F, 0x02, 0x01, 0xFF
    .byte   0x12, 0x2F, 0xFF, 0x01, 0x12,    9, 0x02, 0x0F, 0x02, 0x11, 0x0F, 0xEF, 0xEF, 0x10, 0x00, 0x11
    .byte   0x10, 0x11, 0xFF, 0xFE, 0xFF, 0xFE, 0xF1, 0x11, 0x0F, 0x0F, 0xEE, 0xFE, 0xED, 0xDF, 0x02, 0x22
    .byte   0x20, 0xED, 0xDF, 0x12, 0x33, 0x32,    6, 0x05, 0x44, 0x2D, 0xCC, 0xCD, 0x20, 0xFF, 0xF2, 0x43
    .byte   0x43, 0xED, 0xCD, 0xDD, 0xFF, 0xEF, 0x11, 0x22, 0x32, 0xEF, 0xED, 0xFF, 0x01, 0x1F, 0xF1, 0x12
    .byte   0x22, 0x1F, 0xED, 0xEE, 0xEE, 0xEE, 0xED,  -40, 0x03, 0x1E, 0x1E, 0xDE, 0x12, 0x0E, 0xDD, 0x21
    .byte   0x55, 0x33, 0x44, 0xF0, 0x0E, 0xFB, 0xD3, 0x1E, 0x24, 0x23, 0x33, 0x4E, 0xCC, 0xDC, 0xDF, 0x0E
    .byte   0xD1, 0x24, 0x32, 0x3F, 0xCD, 0xC1, 0xFE, 0xEF,  -23, 0x0F, 0x24, 0x33, 0x31, 0x11, 0xD1, 0x0D
    .byte   0xDE, 0xEE, 0x32, 0x22, 0xFE, 0xEE, 0xDE, 0xDD, 0xEE, 0xD2, 0x1E, 0x02, 0xFF, 0xFE, 0xFE, 0x33
    .byte   0x44, 0x34, 0x13, 0x2F, 0xFE, 0xDD, 0x1F, 0x23, 0x33,   46, 0x02, 0x22, 0xED, 0xDD, 0xDE, 0xEE
    .byte   0x01, 0x02, 0x2F, 0x10, 0xEE, 0x0D, 0xE1, 0xFE, 0xEF, 0x22, 0x22, 0x22, 0xF1, 0x22, 0xFD, 0xDD
    .byte   0xF1, 0x32, 0x10, 0xEE, 0x02, 0xEE, 0xDD, 0xDF, 0x12, 0x0F,  -42, 0x0E, 0xE2, 0x2F, 0xEE, 0xEF
    .byte   0x44, 0x42, 0x33, 0x30, 0xF3, 0xFE, 0xD0, 0x31, 0xF2, 0x32, 0x22, 0x21, 0xDD, 0xD0, 0xEE, 0x0F
    .byte   0xFD, 0xE0, 0x11, 0xE0, 0x1D, 0x0E, 0x22, 0xFF, 0xEE, 0xE1, 0x33,    8, 0x0E, 0xFF, 0xE2, 0x22
    .byte   0xEE, 0xEE, 0x10, 0x21, 0xFD, 0xE1, 0xFF, 0xEE, 0xED, 0x01, 0x1E, 0xE1, 0x10, 0xFD, 0x20, 0xE3
    .byte   0x33, 0x22, 0x24, 0x42, 0x1E, 0xEE, 0xE3, 0x33, 0xEE, 0xF0, 0x33, 0x30,   48, 0x0C, 0x02, 0xE2
    .byte   0xEE, 0xDC, 0xE2, 0x32, 0xEE, 0xED, 0x22, 0x2F, 0xDD, 0xE2, 0x22, 0x21, 0xFF, 0x22, 0x3E, 0xDE
    .byte   0xE2, 0x23, 0xED, 0xEE, 0xE2, 0x2E, 0xED, 0xDF, 0x22, 0x1F, 0xEE, 0xDD, 0x23,  -39, 0x00, 0xFE
    .byte   0xF1, 0x23, 0x13, 0x22, 0x03, 0x52, 0x2E, 0xDF, 0x11, 0x33, 0xEE, 0x03, 0x21, 0x3E, 0x0E, 0xD0
    .byte   0x2F, 0xED, 0xDE, 0x02, 0xE0, 0x1E, 0x0F, 0xE2, 0x0E, 0xDE, 0xFF, 0x12, 0x11, 0x11,   -2, 0x02
    .byte   0x02, 0x1D, 0xD1, 0x32, 0x0E, 0xEF, 0xFE, 0x11, 0xED, 0xE0, 0x11, 0xFF, 0xEE, 0xE0, 0x2E, 0x01
    .byte   0x0E, 0xE1, 0x31, 0x11, 0x33, 0x21, 0x04, 0x41, 0xFE, 0xE1, 0x12, 0x32, 0xE0, 0x22, 0xF3,   45
    .byte   0x00, 0xED, 0xF0, 0x1E, 0xFE, 0xED, 0xF0, 0x10, 0xEE, 0x10, 0xF1, 0xFE, 0xEE, 0xF1, 0x22, 0x0E
    .byte   0x21, 0x02, 0x21, 0xEE, 0xFF, 0xFF, 0x12, 0xFD, 0xF2, 0x1E, 0xEE, 0xED, 0xF2, 0x2E, 0xE1, 0x1E
    .byte    -36, 0x01, 0x01, 0x11, 0x0F, 0xFF, 0x21, 0x23, 0x33, 0xD0, 0x44, 0x2E, 0xDF, 0xE2, 0x33, 0x3D
    .byte   0xEF, 0x31, 0x32, 0xDD, 0xEF, 0x11, 0xFE, 0xED, 0xE0, 0x22, 0xEE, 0xEF, 0xFF, 0x2F, 0xDE, 0x00
    .byte   0x02,    0, 0x00, 0xFF, 0x22, 0x1E, 0xEE, 0x11, 0x22, 0x0E, 0xEF, 0xE2, 0x11, 0xED, 0xDF, 0xF0
    .byte   0x11, 0x1E, 0xEF, 0xF2, 0x2F, 0xED, 0xF0, 0x23, 0x22, 0x2E, 0xD3, 0x43, 0xD3, 0x42, 0xD1, 0x2E
    .byte   0xE2, 0x32,   33, 0x0E, 0x02, 0xFF, 0x22, 0xED, 0x1E, 0x0E, 0xE1, 0x1E, 0xE1, 0x0E, 0x02, 0xED
    .byte   0x0F, 0x0E, 0x02, 0xFF, 0xE0, 0x32, 0x01, 0x0F, 0xEF, 0x11, 0x00, 0xF1, 0x00, 0x22, 0xEE, 0xEF
    .byte   0xEE, 0xF0, 0xEE,  -26, 0x0F, 0xF1, 0x12, 0xEE, 0x0F, 0xF1, 0x2F, 0xEF, 0x13, 0x22, 0xE1, 0x32
    .byte   0x22, 0x32, 0x2E, 0x11, 0xE1, 0x13, 0x2F, 0x01, 0x10, 0x20, 0x0F, 0xDE, 0xF1, 0xFE, 0xF1, 0x0E
    .byte   0xE1, 0x1E, 0xF0, 0xFE,   -4, 0x0F, 0x01, 0xFF, 0x00, 0xF0, 0x23, 0xFF, 0xFF, 0xEE, 0x12, 0x21
    .byte   0x0F, 0xFE, 0xE2, 0x0F, 0xFE, 0xDF, 0xF1, 0x10, 0xEE, 0x01, 0x11, 0x0F, 0xEF, 0x22, 0xFE, 0x0E
    .byte   0xF2, 0x32, 0x23, 0x10, 0xE3,   15, 0x02, 0xFF, 0xFF, 0x00, 0x31, 0x1F, 0x02, 0xF1, 0x1F, 0xFE
    .byte   0xE0, 0x0E, 0x02, 0xEE, 0xEE, 0x12, 0xF0, 0xEE, 0xE2, 0x1F, 0xFF, 0xFF, 0x11, 0x21, 0xE1, 0x11
    .byte   0xEF, 0x20, 0xFE, 0x12, 0x1F, 0xF0,   -3, 0x0E, 0x12, 0x0E, 0xEE, 0xFF, 0xF0, 0xEE, 0xF2, 0x21
    .byte   0x01, 0xED, 0xEF, 0x32, 0x11, 0x12, 0x02, 0x22, 0x1F, 0x14, 0x21, 0xFE, 0xDF, 0x23, 0x33, 0xED
    .byte   0xE1, 0x32, 0x0E, 0xED, 0xEF, 0x22, 0xFD,    5, 0x01, 0xE1, 0x22, 0xFD, 0xE2, 0x00, 0xE1, 0xED
    .byte   0x03, 0x20, 0xE2, 0x2F, 0xE0, 0x20, 0xE1, 0x22, 0xEE, 0xF2, 0xFF, 0x21, 0x0E, 0xFF, 0xFE, 0xFE
    .byte   0xEE, 0x11, 0x11, 0x22, 0x0E, 0xD0, 0x0E, 0xF2,  -19, 0x0F, 0xE1, 0x22, 0x3F, 0x12, 0x10, 0x12
    .byte   0x32, 0xFE, 0xF0, 0x11, 0x23, 0xFE, 0xE1, 0x22, 0xE0, 0xFE, 0xEE, 0x22, 0x1D, 0xD1, 0x2E, 0x12
    .byte   0x1E, 0xEF, 0x11, 0xEF, 0x0E, 0xEF, 0x32, 0x00, 0x02,   -1, 0x0D, 0x03, 0x1E, 0xF2, 0x21, 0xE0
    .byte   0x10, 0xE1, 0x30, 0xED, 0x11, 0x11, 0x3F, 0xDD, 0x12, 0x2F, 0xEE, 0xFE, 0xF3, 0x3E, 0xDE, 0x12
    .byte   0xF2, 0x3D, 0xDE, 0x23, 0x22, 0x11, 0xEE, 0x34, 0x2E, 0xCE,    1, 0x02, 0x22, 0x3E, 0xDE, 0x33
    .byte   0xFE, 0xFF, 0xEE, 0x02, 0x2E, 0xDE, 0x00, 0xFF, 0x22, 0xFF, 0x22, 0xDD, 0xE2, 0x22, 0xEF, 0xFF
    .byte   0x01, 0x22, 0xFE, 0xE2, 0x2F, 0xFE, 0xF0, 0x20, 0x01, 0x1F, 0xF1,    2, 0x00, 0x0F, 0xEF, 0x11
    .byte   0x11, 0xE1, 0x01, 0x11, 0x1F, 0xEE, 0xF2, 0x20, 0xFE, 0x01, 0x20, 0x01, 0x00, 0xFF, 0x10, 0xF1
    .byte   0x2F, 0xEE, 0x13, 0x2F, 0xDF, 0x10, 0x21, 0xFF, 0xFE, 0xF2, 0x21, 0xEE,   -4, 0x02, 0x10, 0x10
    .byte   0xFF, 0x00, 0x0F, 0xE0, 0x22, 0x2E, 0xFE, 0xF2, 0x01, 0x11, 0x00, 0xEE, 0xF3, 0x2F, 0xDE, 0x22
    .byte   0x11, 0x22, 0xEC, 0xE3, 0x4F, 0xDD, 0x12, 0x1E, 0x13, 0xFD, 0xE2, 0x31, 0xDD,   -6, 0x03, 0xEE
    .byte   0x22, 0x0E, 0xE2, 0x2F, 0xE1, 0x2F, 0xDF, 0x32, 0x0E, 0xE1, 0x20, 0x11, 0x1E, 0xE1, 0x21, 0xEE
    .byte   0x22, 0xFE, 0x12, 0x1E, 0xE1, 0x10, 0xE2, 0x3F, 0xDE, 0x22, 0x0F, 0x01, 0x0E, 0x02,    4, 0x0E
    .byte   0xEF, 0x22, 0x0E, 0x12, 0x0E, 0xF1, 0x2E, 0xE1, 0x22, 0xEE, 0xF3, 0x1E, 0xE1, 0x2F, 0xE1, 0x20
    .byte   0xEF, 0x11, 0x10, 0xE1, 0x11, 0x00, 0x10, 0xFF, 0xF1, 0x11, 0xF1, 0x0E, 0x01, 0x21, 0xFE,   -3
    .byte   0x02, 0x1F, 0x01, 0x0F, 0xE0, 0x20, 0xFF, 0x01, 0x11, 0x00, 0xFF, 0xF0, 0x10, 0x0F, 0xF0, 0x11
    .byte   0x10, 0x00, 0x10, 0xE0, 0x11, 0xE0, 0x12, 0x1F, 0xE2, 0x10, 0xE0, 0x20, 0xEF, 0x12, 0x2E, 0xE1
    .byte      1, 0x01, 0xF0, 0x10, 0xFE, 0x21, 0x0F, 0xF0, 0x10, 0x00, 0xFF, 0x01, 0x0F, 0x10, 0xFF, 0x11
    .byte   0x1F, 0xFF, 0x02, 0x0E, 0x11, 0x0F, 0x01, 0x00, 0x10, 0x0F, 0x00, 0x00, 0x00, 0xF1, 0x00, 0x0F
    .byte   0x0F,   -1, 0x01, 0x01, 0xF0, 0xF0, 0x11, 0xF0, 0xFF, 0x02, 0x0E, 0x01, 0x11, 0x0F, 0x0F, 0x00
    .byte   0x11, 0xFF, 0x10, 0x11, 0x0F, 0x00, 0xF0, 0xF0, 0x01, 0x1F, 0x00, 0x1F, 0x10, 0x0F, 0xF0, 0x01
    .byte   0x01, 0xF0,   -1, 0x01, 0x00, 0x00, 0x00, 0xFF, 0x11, 0x1F, 0xF0, 0x1F, 0x01, 0x1F, 0x0F, 0x01
    .byte   0x0F, 0x10, 0x0F, 0x01, 0x10, 0xF0, 0x1F, 0x0F, 0x10, 0x10, 0xF0, 0x10, 0xF0, 0x00, 0xF0, 0x10
    .byte   0x1F, 0x01, 0x00,    0, 0x0F, 0x0F, 0x11, 0x1F, 0x00, 0x01, 0x00, 0xF0, 0x00, 0xF1, 0x10, 0x0F
    .byte   0xF1, 0x00, 0x0F, 0x11, 0xF0, 0x10, 0xF0, 0x00, 0xF1, 0xF1, 0x10, 0xF0, 0x00, 0x00, 0x01, 0xFF
    .byte   0x01, 0x00, 0x00, 0x00,    0, 0x00, 0x10, 0xFF, 0x01, 0xF1, 0xF1, 0x00, 0x0F, 0x10, 0x00, 0x0F
    .byte   0x01, 0x00, 0x1F, 0x00, 0x00, 0x1F, 0x10, 0xF0, 0xF1, 0x00, 0x00, 0xF1, 0x01, 0xF1, 0x0F, 0x00
    .byte   0x10, 0xF0, 0x0F, 0x11, 0x00,    0, 0x00, 0x00, 0x00, 0x00, 0x00, 0x00, 0x01, 0x00, 0x0F, 0x1F
    .byte   0x0F, 0x10, 0x10, 0xF0, 0x00, 0x00, 0x00, 0x00, 0x0F, 0x10, 0x0F, 0x10, 0xF0, 0x1F, 0x10, 0x00
    .byte   0x00, 0x0F, 0x10, 0x1F, 0x00, 0x0F,    0, 0x00, 0x01, 0xF0, 0x01, 0x0F, 0x0F, 0x01, 0xF1, 0x0F
    .byte   0x10, 0x00, 0xF1, 0x00, 0xF1, 0x0F, 0x01, 0x00, 0x0F, 0x10, 0x1F, 0x00, 0x00, 0x0F, 0x11, 0xF0
    .byte   0x00, 0xF1, 0x00, 0x00, 0xF1, 0x00, 0x10,    0, 0x00, 0x0F, 0x10, 0x0F, 0x11, 0xF0, 0x00, 0x0F
    .byte   0x10, 0xF1, 0xF0, 0x1F, 0x01, 0x00, 0xF0, 0x00, 0x10, 0xF1, 0x00, 0x00, 0xF1, 0x01, 0xF0, 0x00
    .byte   0x00, 0x01, 0xF0, 0x10, 0x00, 0x0F, 0x1F, 0x00,    1, 0x0F, 0x00, 0x00, 0x1F, 0x00, 0xF1, 0x00
    .byte   0x01, 0xF0, 0xF0, 0x10, 0x0F, 0x1F, 0x1F, 0x10, 0xF1, 0x00, 0x00, 0x00, 0xF1, 0xF1, 0x00, 0x00
    .byte   0x00, 0x01, 0x0F, 0x1F, 0x01, 0x0F, 0x00, 0x01, 0xF1,    1, 0x0F, 0x00, 0x1F, 0x01, 0xF0, 0x1F
    .byte   0x1F, 0x10, 0x0F, 0x1F, 0x00, 0x00, 0x00, 0x00, 0xF0, 0x11, 0xF0, 0x1F, 0x00, 0x00, 0x00, 0x01
    .byte   0x00, 0xF1, 0xF0, 0x01, 0xF0, 0x00, 0x00, 0x00, 0x00, 0xF0,    0, 0x00, 0xF1, 0x0F, 0x01, 0xF1
    .byte   0xF1, 0xF1, 0x00, 0x0F, 0x10, 0xF1, 0x00, 0x0F, 0x10, 0x01, 0xF0, 0x00, 0x00, 0xF1, 0xF1, 0x01
    .byte   0x0F, 0x00, 0x00, 0x00, 0x00, 0xF1, 0x00, 0x00, 0x01, 0xF0, 0x00,    0, 0x00, 0x1F, 0x1F, 0x00
    .byte   0x1F, 0x00, 0x00, 0x00, 0x00, 0x00, 0x00, 0x01, 0xF0, 0x01, 0xF0, 0x1F, 0x00, 0x00, 0x00, 0x00
    .byte   0x10, 0xF0, 0xF1, 0x00, 0x00, 0x1F, 0x0F, 0x10, 0xF1, 0x00, 0x00, 0x00,   -1, 0x01, 0x00, 0x0F
    .byte   0x10, 0x00, 0x00, 0x1F, 0x01, 0xF0, 0x00, 0x00, 0xF1, 0x01, 0xF0, 0x00, 0x00, 0x00, 0x0F, 0x01
    .byte   0xF1, 0x00, 0xF1, 0x00, 0x00, 0xF0, 0x10, 0x00, 0x00, 0x00, 0x00, 0x01, 0xFF,    0, 0x00, 0x00
    .byte   0x10, 0xF0, 0x00, 0x1F, 0xF1, 0x00, 0x00, 0x0F, 0x1F, 0x10, 0x0F, 0x10, 0x00, 0x01, 0x0F, 0x00
    .byte   0x00, 0x01, 0xF0, 0x1F, 0x00, 0x00, 0x00, 0x10, 0xFF, 0x10, 0x01, 0xFF, 0x1F, 0x10,    0, 0x00
    .byte   0x00, 0x00, 0x00, 0x00, 0x00, 0x01, 0x0F, 0x00, 0x00, 0x0F, 0x10, 0x00, 0x01, 0xF0, 0x00, 0x00
    .byte   0x0F, 0x10, 0x00, 0x00, 0x00, 0x00, 0x01, 0xF0, 0x00, 0xF1, 0x10, 0xF0, 0x1F, 0x00, 0x1F,    0
    .byte   0x00, 0x0F, 0x10, 0x00, 0xF1, 0x01, 0xFF, 0x1F, 0x10, 0x01, 0xF0, 0x00, 0x00, 0x1F, 0x00, 0x00
    .byte   0x1F, 0x01, 0xF0, 0x1F, 0x01, 0xF0, 0xF1, 0x0F, 0x10, 0x1F, 0x00, 0x00, 0x00, 0xF1, 0xF1, 0x10
    .byte      0, 0x00, 0x00, 0xF1, 0x0F, 0x10, 0x00, 0x01, 0xF0, 0x00, 0xFF, 0x10, 0x11, 0x11, 0xF0, 0xF4
    .byte   0xFC, 0xEB, 0xD4, 0x35, 0x43, 0x2B, 0xCB, 0xC1, 0x25, 0x44, 0x3D, 0xDC, 0xC2, 0x33, 0x42, 0xED
    .byte   0xCE,  -21, 0x02, 0x34, 0x33, 0x1D, 0xCC, 0xCD, 0x14, 0x53, 0x4E, 0xDC, 0xCF, 0x23, 0x33, 0x2E
    .byte   0xDD, 0xD1, 0x12, 0x32, 0x2F, 0xDE, 0xD1, 0x13, 0x22, 0x1E, 0x0E, 0x00, 0x02, 0xF2, 0xF1, 0xFF
    .byte   0xFF, 0xFF,   -1, 0x01, 0x10, 0x10, 0xFF, 0xFF, 0x01, 0x01, 0x20, 0x10, 0x0E, 0xFF, 0x10, 0x11
    .byte   0x01, 0x0F, 0x0F, 0xE1, 0x0F, 0x10, 0x10, 0x11, 0x0F, 0x0F, 0x01, 0x11, 0x10, 0x00, 0xEF, 0xF1
    .byte   0x11, 0x10, 0x00,   -1, 0x0F, 0x00, 0x10, 0x11, 0x00, 0x00, 0x0F, 0xF0, 0xF1, 0x10, 0xF0, 0x00
    .byte   0x00, 0x10, 0x0F, 0x11, 0x00, 0x0F, 0xE0, 0x02, 0x11, 0x00, 0xF0, 0xE0, 0x00, 0x21, 0x10, 0xFE
    .byte   0x00, 0x1F, 0x11, 0x02,    4, 0x0E, 0x0F, 0x0E, 0x02, 0x21, 0x00, 0xEF, 0xF1, 0xF0, 0x12, 0x0F
    .byte   0x0E, 0x1E, 0x01, 0x21, 0x2F, 0xEF, 0xE2, 0x02, 0x01, 0x00, 0xEE, 0xE1, 0x32, 0x1D, 0xE0, 0x31
    .byte   0xFE, 0xE2, 0xF2, 0x00, 0xF0,    4, 0x00, 0xF0, 0xD0, 0xE3, 0x31, 0xDD, 0x12, 0x32, 0x0D, 0xE1
    .byte   0xE1, 0x13, 0x21, 0xDE, 0x1F, 0x01, 0x12, 0x0F, 0x1E, 0xE2, 0x22, 0x1D, 0x0E, 0x02, 0x13, 0x1E
    .byte   0xED, 0xE1, 0x33, 0x2D, 0xEE, 0x12,    5, 0x01, 0xEE, 0xD1, 0x42, 0x1C, 0xE2, 0x21, 0x1F, 0xF0
    .byte   0x01, 0x1E, 0x02, 0x12, 0x1D, 0xE1, 0x22, 0x0F, 0xEE, 0x31, 0xFE, 0xF1, 0x12, 0xEE, 0x03, 0x0E
    .byte   0x0F, 0xE1, 0x10, 0x12, 0xE1, 0x11, 0x1E,   -2, 0x00, 0x1F, 0x02, 0x01, 0xE2, 0xEF, 0x10, 0x00
    .byte   0xF1, 0x2F, 0x0F, 0xE2, 0x2E, 0x0E, 0x02, 0x21, 0xD0, 0xE2, 0x10, 0x02, 0x02, 0xEE, 0x0F, 0x11
    .byte   0x22, 0x0F, 0xDE, 0xE2, 0x32, 0x1F, 0xEE, 0xE1,   -3, 0x02, 0x20, 0xEF, 0xF2, 0x0E, 0x1E, 0xFE
    .byte   0x32, 0x20, 0xDE, 0xE1, 0x22, 0x12, 0x1E, 0xFF, 0x01, 0x0E, 0x11, 0x1F, 0x2E, 0xF1, 0xF1, 0x10
    .byte   0x11, 0x0E, 0x0F, 0x13, 0xE0, 0xEE, 0x21, 0x2F, 0xEF,   -4, 0x01, 0x12, 0x00, 0xFE, 0x02, 0x10
    .byte   0x0E, 0x0E, 0x22, 0x1F, 0xE1, 0x12, 0xFE, 0x11, 0xE1, 0x11, 0x2E, 0xE0, 0x22, 0x1E, 0xE0, 0x2E
    .byte   0x11, 0xF2, 0xF0, 0x2E, 0xFF, 0x02, 0x10, 0xE0, 0xF0, 0x0F,    0, 0x00, 0x00, 0x11, 0x00, 0xFF
    .byte   0xFF, 0x0F, 0x22, 0x0E, 0xE0, 0x02, 0x00, 0x00, 0xF0, 0x2E, 0xFE, 0x01, 0x22, 0x11, 0xEE, 0x1F
    .byte   0x00, 0x02, 0x02, 0xEE, 0xFE, 0x22, 0x11, 0xEF, 0x01, 0x2E, 0x11,    2, 0x00, 0xFF, 0xF0, 0x10
    .byte   0x10, 0xE1, 0x00, 0x11, 0x10, 0xFE, 0x11, 0x11, 0x2F, 0x0F, 0xE1, 0x20, 0xFE, 0xFF, 0x21, 0xF1
    .byte   0xE0, 0x21, 0x0F, 0x01, 0x0E, 0x01, 0x2E, 0x0F, 0x12, 0xFF, 0x10, 0xEF,   -5, 0x02, 0x20, 0xFE
    .byte   0x01, 0x20, 0xE0, 0x01, 0x10, 0x1E, 0xF1, 0x02, 0x0F, 0x0F, 0x01, 0x0F, 0x0F, 0xF1, 0x2F, 0xFF
    .byte   0x01, 0x0E, 0x11, 0x02, 0xEF, 0x01, 0x11, 0x10, 0x00, 0xEF, 0x12, 0x2F, 0x0D,   -3, 0x0F, 0xF2
    .byte   0x21, 0xEE, 0x02, 0xF2, 0xEF, 0x0F, 0x21, 0x0F, 0x1F, 0x00, 0x00, 0x00, 0xEF, 0x12, 0x1F, 0x0E
    .byte   0x01, 0x20, 0x10, 0xFE, 0xFF, 0x21, 0x00, 0xF0, 0x20, 0xEF, 0xF0, 0x11, 0xF1, 0x0F,    2, 0x0F
    .byte   0xF1, 0xE1, 0x02, 0x12, 0xEE, 0xE0, 0x12, 0x20, 0xEE, 0x11, 0x10, 0xF0, 0x21, 0x2E, 0xEF, 0x01
    .byte   0x02, 0x0E, 0x2E, 0x11, 0xFF, 0xE2, 0x2E, 0x11, 0x0E, 0x00, 0x22, 0x0E, 0x1E, 0xF2, 0xE2,    2
    .byte   0x0E, 0x2E, 0x02, 0xFF, 0xF1, 0xFE, 0x22, 0x11, 0xEE, 0xF2, 0x2F, 0x0E, 0x2F, 0xEF, 0x11, 0x0F
    .byte   0x01, 0x20, 0xF0, 0xEF, 0xF0, 0x21, 0x2E, 0x0F, 0xF1, 0xF1, 0x21, 0xFD, 0x01, 0x20, 0xFF, 0x11
    .byte      2, 0x01, 0x0E, 0xF0, 0x12, 0x1E, 0x0E, 0x02, 0x01, 0x2F, 0xE0, 0xFE, 0x2F, 0x02, 0xE2, 0xFF
    .byte   0x0F, 0x1F, 0x2E, 0x00, 0xF1, 0x20, 0x1E, 0x11, 0xF0, 0xE2, 0xFF, 0xFE, 0x22, 0x2F, 0xEE, 0xF0
    .byte   0x21,    1, 0x01, 0x1F, 0xEF, 0x00, 0x30, 0xE1, 0xEF, 0x2F, 0xEF, 0x01, 0x22, 0x1F, 0xEE, 0x00
    .byte   0x11, 0x11, 0x11, 0xFF, 0xE0, 0x11, 0x21, 0xE1, 0xE1, 0x2E, 0xF0, 0x01, 0x21, 0xF0, 0xF0, 0x1E
    .byte   0x01, 0x11,    2, 0x0E, 0x1F, 0xFF, 0xF3, 0x11, 0xEE, 0xE1, 0x20, 0x02, 0x12, 0xEE, 0x1E, 0x02
    .byte   0x10, 0xEF, 0x12, 0xFE, 0x11, 0x1F, 0xE2, 0x20, 0xFE, 0x11, 0x11, 0x1F, 0xEE, 0x03, 0x2E, 0xFE
    .byte   0xE2, 0x22, 0xFF,   -1, 0x01, 0xE0, 0x2E, 0x2F, 0xF1, 0x20, 0xFE, 0xE3, 0x0E, 0x2F, 0x0E, 0x11
    .byte   0x1F, 0xF1, 0x12, 0x2E, 0xED, 0xF2, 0x2F, 0x2F, 0xE2, 0x2E, 0x1F, 0xF1, 0xE1, 0x22, 0xFE, 0xE0
    .byte   0x00, 0x11, 0x10, 0x12,    3, 0x0E, 0xE1, 0x21, 0x01, 0x0F, 0x2E, 0xEF, 0xF3, 0x2E, 0xEF, 0xE2
    .byte   0x2E, 0x11, 0xE2, 0xFE, 0x31, 0xD2, 0xE1, 0x2F, 0xF1, 0xE2, 0x01, 0xF2, 0xFE, 0x1E, 0x10, 0xF2
    .byte   0xFF, 0xF2, 0x21, 0xDE, 0x12,    1, 0x00, 0x0F, 0x11, 0x01, 0xE1, 0x0F, 0x1F, 0x1E, 0x02, 0x12
    .byte   0xFE, 0xEF, 0x23, 0xFE, 0xFF, 0xFF, 0xE0, 0x20, 0xF0, 0x12, 0x2E, 0xEE, 0x22, 0xE1, 0x11, 0x2E
    .byte   0x1F, 0xEE, 0x22, 0x10, 0xFE, 0xEE,   -7, 0x03, 0x12, 0xFE, 0x1E, 0xE2, 0xE2, 0x21, 0xF2, 0xDE
    .byte   0x1F, 0x31, 0x0E, 0xFE, 0xF2, 0xF2, 0xF0, 0x20, 0x0E, 0xFF, 0x11, 0x02, 0x00, 0xEE, 0xF0, 0x22
    .byte   0xFE, 0xF2, 0x20, 0xEE, 0xE0, 0x23, 0x0F,    3, 0x0E, 0x0E, 0x12, 0x20, 0x0E, 0xE2, 0x0F, 0x00
    .byte   0x12, 0xFF, 0xF0, 0xE0, 0xF1, 0x20, 0x01, 0xFF, 0xF0, 0x20, 0x0F, 0xEF, 0xF1, 0x22, 0x1E, 0xEE
    .byte   0xF1, 0x23, 0x20, 0xDE, 0xD1, 0x23, 0x21, 0xFD,   -7, 0x00, 0xF2, 0x12, 0x30, 0xFD, 0xDF, 0x13
    .byte   0x22, 0x0E, 0xEE, 0x01, 0x22, 0x1F, 0xEE, 0x1E, 0xF1, 0x22, 0x21, 0xFE, 0xEF, 0xFF, 0x22, 0x2E
    .byte   0xFE, 0xFF, 0x01, 0x22, 0x0E, 0x0E, 0xF1, 0x11, 0x02,    7, 0x01, 0xEE, 0xEF, 0x11, 0x20, 0x1F
    .byte   0xE0, 0x01, 0x10, 0x20, 0x1F, 0xF0, 0xEE, 0x12, 0x12, 0x2F, 0xEE, 0xEF, 0x02, 0x11, 0x11, 0xF0
    .byte   0xE0, 0x10, 0x20, 0x12, 0xEF, 0xEF, 0xFF, 0x22, 0x10, 0xFE,   -4, 0x00, 0x01, 0x21, 0x01, 0x1E
    .byte   0xFE, 0x12, 0x00, 0x2F, 0x0E, 0xF0, 0x01, 0x12, 0x00, 0xE0, 0xE0, 0x12, 0x11, 0x00, 0xEF, 0xF1
    .byte   0x00, 0x20, 0x0F, 0xE1, 0x01, 0x11, 0x00, 0xFF, 0xFF, 0x01, 0x01,    2, 0x00, 0x1F, 0x0E, 0x00
    .byte   0x11, 0x10, 0x10, 0xFF, 0xFF, 0xF0, 0x20, 0x10, 0xF0, 0xE0, 0x01, 0x11, 0x11, 0xFF, 0xF0, 0x11
    .byte   0x11, 0xFF, 0x0E, 0x00, 0x10, 0x2F, 0x0F, 0x0F, 0x0F, 0x01, 0x10, 0x0F,    0, 0x00, 0xF1, 0x10
    .byte   0x0F, 0xF0, 0xF0, 0x10, 0x11, 0x00, 0xF0, 0xFF, 0x11, 0x10, 0xF0, 0x10, 0x10, 0x10, 0xF0, 0xFF
    .byte   0x10, 0x01, 0x10, 0x0F, 0x0F, 0xF0, 0xF0, 0x10, 0x00, 0xF0, 0xFF, 0x1F, 0x10,   -1, 0x0F, 0x00
    .byte   0xF1, 0xF0, 0x01, 0xF0, 0xF0, 0xFF, 0x10, 0x01, 0x1F, 0x0F, 0x00, 0x10, 0x21, 0x11, 0x1F, 0x10
    .byte   0x12, 0x11, 0x2F, 0xFF, 0xF0, 0x11, 0x01, 0x0F, 0xF0, 0xEF, 0x0F, 0xF0, 0xF0, 0xEF,   -2, 0x00
    .byte   0x00, 0x10, 0x0E, 0x0E, 0x0E, 0x0F, 0x0F, 0x00, 0xFF, 0x0F, 0xF1, 0x11, 0x0F, 0x0F, 0x0F, 0x10
    .byte   0x20, 0x11, 0x11, 0x21, 0x32, 0x22, 0x12, 0xFF, 0xF0, 0x00, 0x12, 0x10, 0xFE, 0xFE, 0xEF,    9
    .byte   0x0F, 0x00, 0xEF, 0xFF, 0x01, 0x11, 0x0F, 0xFE, 0xFF, 0xF0, 0x12, 0xFF, 0x0F, 0xF0, 0x11, 0x02
    .byte   0x11, 0x00, 0x10, 0x11, 0x11, 0x0F, 0xE0, 0xEF, 0xFF, 0x1F, 0x0F, 0xFE, 0xFF, 0xE0, 0xF1, 0x0F
    .byte    -18, 0x00, 0x0F, 0x00, 0x1F, 0x01, 0x01, 0x0F, 0x1F, 0x0F, 0x01, 0x02, 0x22, 0x11, 0x32, 0x22
    .byte   0x12, 0x00, 0xF1, 0x10, 0x20, 0xFF, 0xFE, 0xFF, 0xE1, 0xEF, 0x0F, 0x0E, 0x01, 0x10, 0x02, 0x0F
    .byte   0xEF,    4, 0x0E, 0x01, 0x00, 0x0F, 0x0E, 0x00, 0x10, 0x00, 0x00, 0x00, 0x11, 0x11, 0x10, 0xF0
    .byte   0xF0, 0xFF, 0x0F, 0xE0, 0xFE, 0xFF, 0xFF, 0xFF, 0xFE, 0x0F, 0xFF, 0x11, 0x11, 0x00, 0xF0, 0xF0
    .byte   0x21, 0x22,   -6, 0x02, 0x22, 0x22, 0x21, 0x2F, 0xFF, 0xF1, 0xF0, 0x20, 0x0F, 0xE0, 0xEF, 0xF1
    .byte   0xE1, 0x0F, 0xFF, 0x01, 0x01, 0x10, 0xEF, 0xE1, 0xF0, 0x10, 0xFF, 0xFF, 0xFF, 0x11, 0x01, 0x00
    .byte   0x0F, 0x02, 0x02,    8, 0x00, 0x1F, 0xFF, 0xEF, 0x0F, 0xF0, 0xE0, 0xFF, 0xF0, 0xFF, 0xFF, 0xFE
    .byte   0x00, 0xF0, 0x1F, 0x0F, 0x1F, 0xFF, 0x01, 0x01, 0x10, 0x0F, 0x1F, 0x02, 0x03, 0x03, 0x11, 0x30
    .byte   0x21, 0x12, 0xE1, 0xF1,   22, 0x0F, 0x2F, 0x00, 0xE0, 0xE0, 0xEF, 0xFF, 0xFF, 0xF0, 0xF2, 0xF1
    .byte   0x0F, 0xFE, 0xFF, 0xF0, 0x11, 0xFF, 0x0F, 0x00, 0x01, 0x0F, 0xF0, 0x1F, 0x12, 0x10, 0x10, 0xFF
    .byte   0xFF, 0xF0, 0xF0, 0xFE, 0xF0,   -8, 0x00, 0xF1, 0xE0, 0xE0, 0x0F, 0x11, 0x0F, 0xF0, 0xF0, 0xF0
    .byte   0x11, 0x01, 0x00, 0x00, 0x10, 0xF0, 0x20, 0x22, 0x22, 0x10, 0x22, 0x12, 0x01, 0x0F, 0x00, 0x1F
    .byte   0x20, 0xF0, 0xE0, 0x0E, 0x01, 0xFF,   10, 0x0F, 0xFF, 0x01, 0x2F, 0xF0, 0xE0, 0xEF, 0xF1, 0x00
    .byte   0xFF, 0xF0, 0xF0, 0x11, 0x1F, 0x1F, 0x0F, 0x11, 0x11, 0x10, 0xFF, 0xFF, 0x0F, 0x00, 0xE0, 0xFF
    .byte   0xF1, 0x0F, 0xFF, 0xF0, 0xE0, 0x00, 0x10,  -14, 0x0F, 0x0F, 0xF0, 0x00, 0x10, 0x11, 0x10, 0x1F
    .byte   0x11, 0x11, 0x11, 0x21, 0x22, 0x10, 0x22, 0xF2, 0xF0, 0x1E, 0x10, 0x10, 0x11, 0x0F, 0xFF, 0xFF
    .byte   0x0F, 0x0F, 0x0F, 0xFF, 0xF2, 0x1E, 0x1F, 0xFE,    3, 0x00, 0x00, 0xF0, 0xFF, 0xF0, 0x01, 0x10
    .byte   0xF0, 0xF0, 0x1F, 0x10, 0x01, 0x0F, 0xFF, 0x0F, 0x0F, 0x0E, 0x1F, 0x0F, 0x0F, 0x00, 0xF0, 0xFF
    .byte   0xF0, 0x00, 0x01, 0x0F, 0xF1, 0xF0, 0xF1, 0x10, 0x11,  -11, 0x00, 0x1F, 0x01, 0x02, 0x11, 0x21
    .byte   0x20, 0x11, 0x21, 0x12, 0xF0, 0xFF, 0x01, 0x10, 0x10, 0xFF, 0xF0, 0xFF, 0x01, 0x0E, 0x00, 0xFF
    .byte   0x02, 0x0F, 0xFF, 0x0E, 0x01, 0x10, 0xF0, 0xEF, 0x00, 0x00,    1, 0x01, 0x0F, 0xE1, 0x10, 0x1F
    .byte   0x0F, 0x0F, 0xF0, 0x0F, 0xF0, 0xFF, 0xFF, 0xF1, 0xF0, 0x0F, 0x0F, 0x00, 0x0F, 0x00, 0x00, 0x00
    .byte   0x10, 0xFF, 0x11, 0x11, 0x10, 0x11, 0x11, 0x01, 0x20, 0x10, 0x22,    8, 0x00, 0x12, 0x10, 0x1F
    .byte   0x0F, 0xE2, 0x00, 0x10, 0x1E, 0x01, 0x00, 0xE2, 0x0E, 0x1F, 0x1F, 0x01, 0x10, 0xE0, 0x1F, 0xFF
    .byte   0x11, 0xE0, 0xFF, 0xF0, 0x10, 0x10, 0xFF, 0xFF, 0x01, 0x10, 0x00, 0xFE,   -5, 0x01, 0xF0, 0x0F
    .byte   0xF0, 0xEF, 0x10, 0x10, 0xFF, 0xF0, 0x00, 0x11, 0x0F, 0xFF, 0x01, 0x11, 0x11, 0x0F, 0x01, 0x02
    .byte   0x02, 0x0F, 0xF0, 0xF1, 0x22, 0x10, 0x01, 0x00, 0x21, 0x02, 0xF0, 0xEF, 0x10,   13, 0x00, 0x10
    .byte   0xE0, 0xF0, 0x10, 0x0F, 0x0F, 0xF0, 0x01, 0x00, 0x1F, 0xFF, 0x0F, 0x0F, 0x0F, 0x0E, 0x0F, 0x11
    .byte   0x00, 0xFF, 0xFF, 0x11, 0x0F, 0x00, 0xFF, 0x00, 0xFF, 0x0F, 0xFF, 0x00, 0xFF, 0xF0,  -13, 0x0F
    .byte   0x01, 0x0F, 0xF1, 0x11, 0x11, 0x01, 0x01, 0x11, 0x11, 0x11, 0x00, 0x20, 0x00, 0x12, 0xF1, 0x02
    .byte   0x01, 0x00, 0xFF, 0xF1, 0x00, 0x00, 0x1E, 0x01, 0x11, 0xF0, 0xF0, 0xE0, 0x12, 0xFF, 0xFF,    2
    .byte   0x00, 0xF2, 0x0E, 0x0F, 0x0E, 0x02, 0xF0, 0xF1, 0x0F, 0xE2, 0x10, 0xF1, 0xF0, 0xFE, 0x20, 0x10
    .byte   0xF0, 0xFF, 0x01, 0x10, 0x10, 0x0F, 0x00, 0x11, 0x00, 0xFF, 0xF0, 0x00, 0x10, 0x1F, 0xFF, 0x00
    .byte     -4, 0x00, 0x00, 0xFF, 0x10, 0x02, 0x00, 0xFF, 0x00, 0x01, 0x10, 0xFF, 0xFF, 0x02, 0x01, 0x0F
    .byte   0x0F, 0x10, 0x20, 0xFF, 0x00, 0x00, 0x21, 0xFF, 0xF1, 0xF0, 0x20, 0xFF, 0xF1, 0xF1, 0x11, 0x0E
    .byte   0xF1,    4, 0x00, 0x01, 0x0F, 0xF0, 0x1F, 0x01, 0xF0, 0xF0, 0x00, 0x01, 0x0F, 0xFF, 0xF1, 0xF0
    .byte   0xF0, 0x0F, 0x10, 0x10, 0xF1, 0xFF, 0x00, 0x1F, 0x0F, 0x00, 0x01, 0x0F, 0xFF, 0xF1, 0xF0, 0x01
    .byte   0x1F, 0x01,   -5, 0x0F, 0x01, 0x00, 0xF0, 0x11, 0x02, 0x01, 0xE1, 0x0F, 0x02, 0x01, 0xF1, 0x11
    .byte   0x10, 0x20, 0x0E, 0x01, 0x11, 0x00, 0xFF, 0xF1, 0x10, 0xF0, 0x0E, 0x01, 0x11, 0xFF, 0x0F, 0xF0
    .byte   0x1F, 0xFF, 0x10,   -1, 0x00, 0x10, 0x0E, 0x00, 0x11, 0xF0, 0xF0, 0xF0, 0x21, 0x0F, 0x0F, 0x00
    .byte   0x01, 0x0F, 0x00, 0x01, 0x01, 0xFF, 0x00, 0x00, 0x00, 0x00, 0xF1, 0x10, 0x00, 0x10, 0x0F, 0x0F
    .byte   0x00, 0x01, 0xF0, 0x11,   -1, 0x00, 0x10, 0x1F, 0x01, 0xF0, 0x11, 0xFF, 0x10, 0x10, 0x00, 0x1F
    .byte   0xFF, 0x11, 0xF0, 0x0F, 0xF1, 0x11, 0xFF, 0x00, 0xF0, 0x11, 0x00, 0xF0, 0x0F, 0x11, 0x1F, 0xFF
    .byte   0x1F, 0x10, 0x10, 0xFF, 0x10,    1, 0x00, 0xF0, 0xF1, 0xF1, 0x00, 0x00, 0x00, 0x00, 0x1F, 0x00
    .byte   0x00, 0xF1, 0x00, 0x0F, 0x11, 0xF0, 0xF0, 0x0F, 0x10, 0x10, 0x00, 0x00, 0x0F, 0x00, 0x10, 0xF1
    .byte   0x0F, 0x01, 0x01, 0xF0, 0xF1, 0xF0,    0, 0x01, 0x1F, 0xF0, 0x00, 0x00, 0x10, 0xFF, 0x11, 0x00
    .byte   0xF0, 0x0F, 0x11, 0x0F, 0x0F, 0x10, 0x10, 0x0F, 0xF0, 0x11, 0x1F, 0xF0, 0xF1, 0x01, 0x1F, 0xFF
    .byte   0x00, 0x10, 0x1F, 0xF0, 0x01, 0x10, 0x0F,   -1, 0x00, 0x01, 0x01, 0xF0, 0x0F, 0x01, 0x1F, 0x00
    .byte   0xF0, 0x10, 0x00, 0x00, 0x00, 0x10, 0x0F, 0x00, 0x1F, 0x01, 0x0F, 0x00, 0x00, 0x01, 0xFF, 0x00
    .byte   0x11, 0x1F, 0x0F, 0x0F, 0x11, 0x0F, 0x0F, 0x01,    1, 0x0F, 0x00, 0xF0, 0x01, 0x1F, 0xF0, 0x01
    .byte   0x01, 0x0F, 0x0F, 0x11, 0xF0, 0x00, 0xF0, 0x10, 0x0F, 0x01, 0x00, 0x00, 0x00, 0xF1, 0xF1, 0xF1
    .byte   0x00, 0x0F, 0x10, 0x01, 0x0F, 0x00, 0x00, 0xF0, 0x10,    0, 0x00, 0x00, 0x00, 0x00, 0x0F, 0x1F
    .byte   0x10, 0x1F, 0x00, 0x00, 0x00, 0x10, 0xF0, 0x00, 0xF1, 0x01, 0xFF, 0x10, 0x00, 0x00, 0x1F, 0x00
    .byte   0x00, 0x00, 0x1F, 0x0F, 0x10, 0x0F, 0x10, 0x00, 0x00, 0xF1,    0, 0x01, 0xF0, 0x01, 0xFF, 0x1F
    .byte   0x10, 0x00, 0x1F, 0x00, 0x00, 0x00, 0x00, 0x00, 0x00, 0x00, 0x00, 0x00, 0x1F, 0xF1, 0x00, 0x00
    .byte   0x00, 0x00, 0x0F, 0x11, 0xF0, 0x0F, 0x10, 0x01, 0xF0, 0x1F, 0x01,    1, 0x0F, 0x0F, 0x01, 0x01
    .byte   0x0F, 0x00, 0x00, 0x00, 0x01, 0xF1, 0xF0, 0xF1, 0x00, 0x00, 0x00, 0x01, 0x0F, 0x00, 0xF1, 0x00
    .byte   0x00, 0x00, 0x1F, 0x00, 0x00, 0x1F, 0xF1, 0x00, 0x00, 0x1F, 0x0F, 0x1F,    0, 0x00, 0x00, 0x00
    .byte   0x00, 0x00, 0xF1, 0x00, 0x00, 0x00, 0x00, 0x00, 0x0F, 0x1F, 0x10, 0x00, 0x00, 0x10, 0xF0, 0x00
    .byte   0xF1, 0xF1, 0x10, 0x0F, 0x00, 0x01, 0xF0, 0x00, 0x0F, 0x1F, 0x01, 0x1F, 0x00,    0, 0x00, 0x00
    .byte   0x00, 0x01, 0xF1, 0xF0, 0x1F, 0x00, 0x00, 0x00, 0x00, 0x00, 0xF1, 0x00, 0x0F, 0x1F, 0x10, 0x0F
    .byte   0x10, 0x00, 0x0F, 0x01, 0x00, 0x00, 0x00, 0x00, 0x00, 0x00, 0x1F, 0x00, 0x00, 0xF1,    0, 0x00
    .byte   0x1F, 0x0F, 0x1F, 0x10, 0x0F, 0x1F, 0x10, 0x00, 0x00, 0x00, 0x1F, 0x00, 0x0F, 0x10, 0x1F, 0x1F
    .byte   0x00, 0x00, 0x01, 0xF0, 0xF1, 0x00, 0x01, 0xF0, 0xF1, 0x1F, 0x00, 0x00, 0x00, 0x1F, 0x01,    0
    .byte   0x00, 0x01, 0x0F, 0xF1, 0xF1, 0x01, 0xF0, 0x01, 0xF0, 0xF1, 0x1F, 0x00, 0x00, 0x0F, 0x10, 0x00
    .byte   0xF1, 0x00, 0x0F, 0x10, 0x00, 0xF0, 0x10, 0xF0, 0x1F, 0x11, 0xF0, 0x01, 0xF0, 0x00, 0x00, 0x0F
    .byte      0, 0x00, 0x00, 0x00, 0x00, 0x00, 0x1F, 0x00, 0x00, 0x00, 0xF1, 0x1F, 0x00, 0x00, 0x1F, 0x00
    .byte   0x1F, 0x1F, 0x00, 0x01, 0x0F, 0x00, 0x1F, 0x01, 0xF0, 0x00, 0x1F, 0x00, 0x00, 0x00, 0x1F, 0x00
    .byte   0x00,    0, 0x00, 0x00, 0x00, 0x00, 0x00, 0xF1, 0x00, 0x0F, 0x10, 0x00, 0x0F, 0x01, 0xF1, 0x1F
    .byte   0x00, 0xF1, 0x00, 0xF1, 0xF1, 0x01, 0xF0, 0x01, 0x0F, 0x00, 0x00, 0x00, 0x00, 0x00, 0x0F, 0x1F
    .byte   0x10, 0x0F,    0, 0x0F, 0x10, 0x01, 0xF0, 0x0F, 0x11, 0xF0, 0x00, 0x01, 0xF0, 0x00, 0x00, 0x00
    .byte   0x0F, 0x10, 0xF1, 0x00, 0x10, 0xF0, 0xF0, 0x1F, 0x10, 0x00, 0x00, 0xF1, 0x00, 0x00, 0x00, 0xF1
    .byte   0x00, 0x1F, 0x00,    1, 0x0F, 0x00, 0x01, 0xF0, 0x00, 0x0F, 0x11, 0xF0, 0x0F, 0x10, 0x00, 0x01
    .byte   0x0F, 0x00, 0x01, 0xF0, 0x00, 0x00, 0x00, 0x10, 0xFF, 0x10, 0x0F, 0x10, 0xF1, 0x00, 0x0F, 0x11
    .byte   0xF0, 0x00, 0x00, 0x00,    0, 0x00, 0x01, 0x0F, 0x1F, 0x0F, 0x10, 0x01, 0xF0, 0x00, 0x00, 0x00
    .byte   0x00, 0x1F, 0x1F, 0x00, 0x1F, 0x00, 0xF1, 0x00, 0x00, 0x00, 0x00, 0xF1, 0x00, 0x00, 0x00, 0x00
    .byte   0xF1, 0x00, 0xF1, 0x01, 0x0F,    1, 0x0F, 0x0F, 0x10, 0x00, 0x00, 0x00, 0x1F, 0x1F, 0x10, 0xF0
    .byte   0x00, 0x00, 0x00, 0x00, 0x00, 0x00, 0x01, 0xF0, 0x1F, 0x00, 0x0F, 0x1F, 0x10, 0x00, 0x0F, 0x1F
    .byte   0x10, 0x1F, 0x00, 0x00, 0x00, 0x00,    0, 0x00, 0x01, 0xF0, 0x00, 0x00, 0x0F, 0x10, 0x0F, 0x1F
    .byte   0x11, 0xF0, 0x00, 0x00, 0x00, 0x00, 0x01, 0xF0, 0x01, 0xF0, 0x0F, 0x10, 0xF1, 0x00, 0x01, 0xF0
    .byte   0x1F, 0x00, 0x00, 0x00, 0x00, 0x00, 0x00,    0, 0x01, 0xF0, 0x1F, 0x1F, 0xF1, 0x00, 0x00, 0x00
    .byte   0x1F, 0x00, 0x00, 0x00, 0x1F, 0x0F, 0x10, 0x0F, 0x11, 0xF0, 0x00, 0x0F, 0x11, 0xF0, 0x00, 0x1F
    .byte   0x00, 0xF0, 0x1F, 0x1F, 0x10, 0x00, 0x00, 0x01,    0, 0x00, 0x00, 0xF1, 0x00, 0x0F, 0x10, 0x1F
    .byte   0xF1, 0x00, 0x00, 0x00, 0x00, 0x00, 0x00, 0x00, 0x00, 0x00, 0x00, 0x00, 0xF1, 0x00, 0x00, 0x00
    .byte   0x00, 0x00, 0x00, 0x1F, 0x00, 0x00, 0x00, 0x00, 0x00,    0, 0x01, 0xF0, 0x1F, 0x1F, 0x00, 0x00
    .byte   0x00, 0xF1, 0xF1, 0x00, 0x1F, 0x0F, 0x10, 0xF1, 0x0F, 0x10, 0x00, 0x00, 0x00, 0x00, 0x0F, 0x10
    .byte   0x00, 0xF1, 0x00, 0x00, 0xF1, 0x01, 0xF0, 0x00, 0x01, 0xF0,    1, 0x0F, 0x00, 0x01, 0xF0, 0x00
    .byte   0x01, 0xF0, 0x00, 0x0F, 0x10, 0x01, 0xF0, 0xF1, 0x00, 0xF1, 0x00, 0x00, 0x00, 0x00, 0xF1, 0x0F
    .byte   0x11, 0xF0, 0xF1, 0x01, 0xF0, 0xF0, 0x10, 0x0F, 0x11, 0xF0, 0x00,    1, 0x0F, 0x00, 0x00, 0x10
    .byte   0xF0, 0xF1, 0xF1, 0x00, 0x00, 0x0F, 0x10, 0x00, 0x00, 0x1F, 0x00, 0x00, 0x01, 0xF0, 0x00, 0x01
    .byte   0xF0, 0x00, 0x00, 0x1F, 0x01, 0x0F, 0x00, 0x1F, 0x00, 0x00, 0x1F, 0x00,    0, 0x00, 0x00, 0x1F
    .byte   0x00, 0x1F, 0x01, 0xFF, 0x1F, 0x11, 0x0F, 0x00, 0x00, 0x00, 0x00, 0x00, 0x1F, 0x00, 0x1F, 0x00
    .byte   0xF1, 0x00, 0x0F, 0x11, 0x0F, 0xF1, 0x00, 0x00, 0x00, 0x00, 0x1F, 0xF1, 0x01,    0, 0x00, 0xF1
    .byte   0x00, 0x00, 0xF1, 0x01, 0x0F, 0x01, 0x0F, 0x00, 0xF1, 0x1F, 0x00, 0x00, 0x00, 0x1F, 0x00, 0xF1
    .byte   0x00, 0x01, 0xF0, 0x00, 0x00, 0x0F, 0x10, 0x00, 0x00, 0x00, 0xF1, 0x00, 0x00, 0x00,    0, 0x00
    .byte   0x00, 0x1F, 0x00, 0x00, 0x00, 0x0F, 0x10, 0x1F, 0x00, 0x00, 0x0F, 0x10, 0x1F, 0x01, 0x0F, 0x00
    .byte   0x1F, 0x0F, 0x1F, 0x1F, 0x10, 0xF1, 0x00, 0x00, 0x00, 0x00, 0x01, 0x00, 0xF0, 0x00, 0x00,    0
    .byte   0x00, 0x01, 0xF0, 0x00, 0x00, 0x00, 0x01, 0xF0, 0x00, 0x0F, 0x11, 0xF0, 0x1F, 0x00, 0x00, 0x00
    .byte   0x00, 0x1F, 0xF1, 0xF1, 0x00, 0x00, 0x00, 0x00, 0x01, 0xF0, 0xF1, 0x00, 0x01, 0x0F, 0xF1, 0x00
    .byte      0, 0x00, 0x1F, 0x00, 0x00, 0x00, 0x10, 0xF0, 0x01, 0xF0, 0x00, 0xF1, 0xF1, 0x00, 0x0F, 0x10
    .byte   0x00, 0x01, 0xF0, 0x1F, 0xF1, 0x01, 0xF0, 0x1F, 0x00, 0xF1, 0x00, 0xF1, 0x00, 0x00, 0x00, 0x00
    .byte   0x00,    0, 0x00, 0x10, 0xF0, 0x00, 0x01, 0xF0, 0x00, 0x1F, 0xF1, 0x00, 0x01, 0xF0, 0x00, 0x00
    .byte   0x00, 0x00, 0x00, 0x00, 0x00, 0x10, 0x00, 0x0F, 0x10, 0xF0, 0x00, 0x00, 0x10, 0xF0, 0x00, 0xF0
    .byte   0x1F, 0x00,    0, 0x00, 0x00, 0x01, 0xF0, 0x01, 0x0F, 0x00, 0x1F, 0x01, 0xF0, 0x1F, 0x00, 0x1F
    .byte   0x01, 0xF0, 0x00, 0x00, 0x00, 0x00, 0x00, 0x00, 0x00, 0x01, 0xF0, 0x00, 0xF0, 0x11, 0x0F, 0x00
    .byte   0x1F, 0x00, 0x00,    1, 0x0F, 0x00, 0x0F, 0x10, 0x01, 0x00, 0xF0, 0x00, 0x00, 0x00, 0x1F, 0x1F
    .byte   0x01, 0x0F, 0x00, 0x00, 0x00, 0x00, 0x00, 0x00, 0x01, 0x00, 0xFF, 0x10, 0x00, 0x01, 0xF0, 0x0F
    .byte   0x10, 0x00, 0x00, 0x01,    0, 0x00, 0x00, 0x00, 0x0F, 0x01, 0x01, 0xF0, 0x00, 0x00, 0x0F, 0x01
    .byte   0x00, 0x00, 0xF1, 0x01, 0xF0, 0xF1, 0x00, 0x1F, 0x00, 0xF1, 0xF0, 0x10, 0x00, 0x00, 0x00, 0x00
    .byte   0x1F, 0x10, 0xF0, 0x00, 0x00,   -1, 0x01, 0x00, 0x00, 0x00, 0x00, 0x01, 0xF0, 0x0F, 0x10, 0xF1
    .byte   0x00, 0x1F, 0x01, 0x0F, 0x00, 0x0F, 0x10, 0xF1, 0x00, 0x00, 0x10, 0xF0, 0x01, 0xF0, 0x1F, 0x00
    .byte   0x00, 0x00, 0x00, 0x00, 0x00, 0x1F,   -1, 0x00, 0x10, 0x00, 0x00, 0x0F, 0x10, 0x00, 0x00, 0x00
    .byte   0x00, 0x00, 0x00, 0xF1, 0x00, 0x00, 0x0F, 0x10, 0x01, 0xF0, 0x00, 0x1F, 0x00, 0x00, 0x1F, 0x1F
    .byte   0x00, 0x0F, 0x10, 0x00, 0x00, 0x00, 0x00,    0, 0x00, 0xF1, 0xF1, 0x00, 0x00, 0x00, 0x01, 0xFF
    .byte   0x0E, 0x32, 0xEE, 0xDD, 0x30, 0xDF, 0x65, 0xC2, 0xDB, 0x3D, 0xC3, 0x2D, 0x43, 0xD3, 0xFC, 0xE1
    .byte   0xD3, 0x31, 0x3E, 0xF0, 0xEF, 0x1F, 0x02, 0x00,    5, 0x0F, 0x00, 0xE0, 0x10, 0x00, 0xEF, 0x01
    .byte   0x02, 0x1F, 0x00, 0xE2, 0xFF, 0x0F, 0x01, 0x1F, 0x2F, 0xFF, 0x11, 0x00, 0xFF, 0x1F, 0x01, 0xF0
    .byte   0x10, 0x01, 0xF0, 0x0F, 0x01, 0x0F, 0x0F, 0x00, 0x01,    1, 0x0F, 0x12, 0xDF, 0x2F, 0x12, 0x1E
    .byte   0x10, 0xE0, 0xEF, 0x0D, 0x24, 0x32, 0xFF, 0xFD, 0x3D, 0xF3, 0xB1, 0x3D, 0x32, 0xE0, 0xEE, 0x2F
    .byte   0x2F, 0xE2, 0x01, 0x22, 0x1E, 0x20, 0xD3, 0x1D, 0x3E, 0xD4,   -1, 0x0E, 0x3D, 0xE3, 0xEE, 0x3E
    .byte   0xE3, 0xFE, 0x3E, 0xE2, 0xFE, 0x3E, 0xD3, 0xEF, 0x3E, 0xE2, 0xE0, 0x20, 0x01, 0xEE, 0x21, 0x12
    .byte   0xEE, 0x2E, 0x03, 0xEE, 0x2E, 0x02, 0xF0, 0x2D, 0x21, 0xE2, 0x1E,    0, 0x00, 0xF1, 0x2E, 0x11
    .byte   0xE1, 0x10, 0x11, 0xE1, 0xF0, 0x21, 0xE1, 0xF0, 0x10, 0x2E, 0x0F, 0x01, 0x10, 0x0F, 0xF0, 0x02
    .byte   0x0E, 0x2E, 0xF2, 0xFF, 0x1F, 0xE2, 0x0F, 0x20, 0xE0, 0x0F, 0x21, 0xE1,    2, 0x0E, 0x11, 0x01
    .byte   0x0F, 0xF1, 0xF1, 0x1F, 0x00, 0x01, 0x00, 0x0F, 0x01, 0xF0, 0x10, 0xFF, 0xF2, 0x0E, 0x2E, 0x02
    .byte   0xF1, 0x0E, 0xF2, 0xF0, 0x1F, 0x00, 0xF1, 0x1F, 0x00, 0xF0, 0x2E, 0x20, 0xE0,    0, 0x0F, 0x11
    .byte   0xF0, 0x1F, 0xF2, 0xE1, 0x1E, 0x02, 0x01, 0x0E, 0x11, 0x00, 0x1F, 0x00, 0xF1, 0x1F, 0x10, 0xF0
    .byte   0x0E, 0x20, 0xF0, 0x1F, 0xF2, 0xE2, 0x1E, 0x01, 0xE2, 0x1F, 0x1F, 0xF0, 0x10, 0x11,    0, 0x0F
    .byte   0xFF, 0x22, 0xE0, 0xFE, 0x20, 0x01, 0xFF, 0x01, 0x11, 0xFF, 0x0F, 0x02, 0xFF, 0x0E, 0x02, 0x01
    .byte   0x0E, 0xF2, 0xF2, 0x0E, 0xFF, 0xF2, 0x12, 0xEE, 0xF0, 0x22, 0xFF, 0xEE, 0x11, 0x22, 0xFE,   -2
    .byte   0x0E, 0x22, 0x11, 0xE0, 0xE1, 0x22, 0xFF, 0xEE, 0x12, 0x20, 0xFE, 0xE1, 0x22, 0x0E, 0xFE, 0x02
    .byte   0x22, 0xEE, 0x0E, 0x22, 0x10, 0xEE, 0x01, 0x22, 0x0E, 0xEF, 0x02, 0x11, 0x0E, 0x0F, 0x12, 0x11
    .byte      1, 0x0E, 0xF1, 0x21, 0x1F, 0xE0, 0x00, 0x21, 0xE0, 0x00, 0x11, 0x0F, 0x0F, 0x00, 0x11, 0xF0
    .byte   0xF0, 0x11, 0x0F, 0x0F, 0x01, 0x11, 0xFF, 0xF1, 0x01, 0xFF, 0xF0, 0x01, 0x2F, 0xE0, 0x10, 0x20
    .byte   0xE0,   -2, 0x00, 0x20, 0xFF, 0x0F, 0x11, 0x00, 0xFF, 0x01, 0x10, 0xFF, 0xF0, 0x02, 0x00, 0xFF
    .byte   0x00, 0x10, 0x00, 0xFF, 0x00, 0x10, 0xF1, 0xF1, 0xF0, 0x10, 0x10, 0x0F, 0x00, 0x01, 0x10, 0xFF
    .byte   0xF1, 0x10,    0, 0x0F, 0xF0, 0x11, 0x10, 0xFF, 0x00, 0x11, 0x0F, 0xF0, 0x10, 0x10, 0xFF, 0x00
    .byte   0x10, 0x1F, 0x00, 0xF0, 0x11, 0x00, 0x0F, 0x0F, 0x11, 0x1F, 0xFF, 0xF1, 0x11, 0x0F, 0x0F, 0x10
    .byte   0x10, 0xFF, 0x00,    1, 0x00, 0xF1, 0xF0, 0x00, 0x00, 0x0F, 0x01, 0xF1, 0x0F, 0x00, 0x01, 0x10
    .byte   0xFF, 0x00, 0x01, 0x10, 0x0F, 0x00, 0x11, 0xFF, 0xF0, 0xF1, 0x11, 0xFF, 0x00, 0x10, 0x10, 0xF0
    .byte   0xF1, 0x10, 0xF1, 0xFF,   -1, 0x01, 0xF1, 0x0F, 0x10, 0x01, 0x00, 0xFF, 0x01, 0x00, 0x0F, 0x10
    .byte   0x01, 0x00, 0xF0, 0x00, 0x00, 0x1F, 0xF0, 0x01, 0xF1, 0x01, 0xF0, 0xF1, 0x00, 0x10, 0x0F, 0x0F
    .byte   0x10, 0x01, 0xF0, 0x00, 0xF0,   -1, 0x01, 0x00, 0xF1, 0x00, 0x00, 0x00, 0x0F, 0x10, 0xF1, 0xF1
    .byte   0x01, 0xF0, 0x00, 0x00, 0x00, 0x00, 0x10, 0xF0, 0x00, 0xF1, 0x1F, 0x00, 0x0F, 0x10, 0x00, 0x00
    .byte   0xF1, 0x00, 0x00, 0x1F, 0x00, 0x00,    0, 0x00, 0x01, 0xF0, 0x00, 0x1F, 0x00, 0x0F, 0x11, 0x00
    .byte   0xF0, 0x1F, 0x1F, 0x00, 0xF1, 0x00, 0x00, 0x00, 0x00, 0x00, 0x00, 0x00, 0xF1, 0x00, 0x01, 0xF0
    .byte   0xF0, 0x00, 0x10, 0x00, 0x01, 0xFF, 0x10,   -1, 0x01, 0x00, 0xF1, 0x00, 0x00, 0xF1, 0x00, 0x00
    .byte   0x00, 0x00, 0x0F, 0x10, 0xF0, 0x10, 0x00, 0xF1, 0x00, 0x00, 0x00, 0x00, 0x0F, 0x10, 0x00, 0x00
    .byte   0x0F, 0x10, 0x01, 0xF0, 0x01, 0xF0, 0x10, 0xF1,   -1, 0x01, 0x00, 0x1F, 0x00, 0xF1, 0x0F, 0x10
    .byte   0x00, 0x0F, 0x11, 0x0F, 0x1F, 0x10, 0x00, 0xF0, 0x00, 0xF0, 0x10, 0x00, 0xF1, 0x00, 0x00, 0x00
    .byte   0xF0, 0x00, 0x11, 0x0F, 0x0F, 0x1F, 0x10, 0x0F, 0x01,    0, 0x00, 0x00, 0x00, 0x0F, 0x10, 0x00
    .byte   0x00, 0x00, 0x00, 0x00, 0x00, 0xF1, 0x00, 0x00, 0x10, 0xF0, 0x01, 0x00, 0x0F, 0xF1, 0x00, 0x00
    .byte   0x1F, 0x01, 0xF1, 0xF0, 0x1F, 0x00, 0x00, 0xF1, 0x0F, 0x10,    0, 0x00, 0x00, 0x1F, 0x1F, 0x1F
    .byte   0x00, 0x01, 0xF0, 0x00, 0x10, 0xF0, 0x1F, 0x10, 0xF0, 0x0F, 0x10, 0x0F, 0x10, 0x1F, 0xF1, 0x00
    .byte   0x00, 0x10, 0xF0, 0xF1, 0x00, 0x01, 0xF0, 0x00, 0x1F, 0x00, 0x00,    0, 0x00, 0x01, 0x0F, 0x00
    .byte   0x00, 0x01, 0xF0, 0x00, 0xF1, 0x0F, 0x10, 0x00, 0x00, 0x00, 0x00, 0x00, 0x00, 0x1F, 0x1F, 0x00
    .byte   0x00, 0x00, 0x0F, 0x10, 0x10, 0xF0, 0x01, 0xF0, 0x0F, 0x10, 0x00, 0x00,    0, 0x00, 0x01, 0x0F
    .byte   0x00, 0x00, 0x0F, 0x10, 0xF1, 0x00, 0x00, 0x00, 0x01, 0xF0, 0x00, 0x1F, 0x00, 0x00, 0x01, 0xF0
    .byte   0x10, 0x0F, 0x00, 0x0F, 0x10, 0x00, 0x00, 0x00, 0x00, 0x0F, 0x10, 0xF1, 0xF1,    0, 0x00, 0x10
    .byte   0xF0, 0x10, 0xFF, 0x10, 0x00, 0x00, 0x00, 0x00, 0xF1, 0x0F, 0x10, 0x01, 0x0F, 0x0F, 0x01, 0x00
    .byte   0x0F, 0x10, 0x00, 0x00, 0xF1, 0x00, 0xF1, 0x00, 0xF1, 0x00, 0x00, 0x00, 0xF0, 0x10,    0, 0x00
    .byte   0xF1, 0x1F, 0x00, 0x0F, 0x10, 0x00, 0x00, 0x0F, 0x11, 0xF0, 0x01, 0xF1, 0xF0, 0x0F, 0x10, 0x01
    .byte   0xF0, 0x01, 0xFF, 0x11, 0xF0, 0x00, 0x00, 0x00, 0xF1, 0x1F, 0x00, 0x1F, 0x00, 0x00, 0x00,    0
    .byte   0x00, 0xF1, 0x00, 0x00, 0x1F, 0x01, 0xF0, 0x00, 0x00, 0xF1, 0x00, 0x00, 0x00, 0x0F, 0x10, 0x00
    .byte   0x00, 0x00, 0x00, 0x1F, 0x00, 0x00, 0x01, 0xFF, 0x01, 0x00, 0x00, 0xF1, 0x00, 0x10, 0xF0, 0x1F
    .byte      0, 0x00, 0x1F, 0x00, 0x10, 0xF0, 0xF1, 0x00, 0x1F, 0x01, 0xF0, 0x00, 0x00, 0x1F, 0x00, 0x00
    .byte   0xF1, 0x00, 0x01, 0xF0, 0x01, 0xFF, 0x10, 0x00, 0x00, 0x00, 0x00, 0x00, 0x00, 0x00, 0x00, 0x1F
    .byte   0x1F,    0, 0x00, 0x00, 0x00, 0x1F, 0x00, 0x00, 0x00, 0x1F, 0x00, 0x00, 0x01, 0xF0, 0x00, 0x00
    .byte   0x00, 0x1F, 0x01, 0xF1, 0xF0, 0x1F, 0x0F, 0x11, 0xFF, 0x10, 0x1F, 0x1F, 0x00, 0x01, 0xF0, 0x0F
    .byte   0x1F, 0x10,    1, 0x0F, 0x00, 0x00, 0xF1, 0x00, 0xF1, 0x01, 0x00, 0x0F, 0x00, 0x00, 0x00, 0x00
    .byte   0x00, 0x00, 0x00, 0x00, 0x00, 0x00, 0x00, 0x0F, 0x10, 0x00, 0x00, 0x0F, 0x10, 0x0F, 0x10, 0x00
    .byte   0x00, 0x00, 0x00,    0, 0x00, 0x10, 0xF1, 0xF0, 0x0F, 0x01, 0x00, 0x00, 0x00, 0xF1, 0x00, 0x00
    .byte   0x1F, 0x00, 0x1F, 0x01, 0xF0, 0x00, 0x00, 0x00, 0x01, 0x0F, 0x0F, 0x11, 0xF0, 0x00, 0x00, 0x1F
    .byte   0x0F, 0x1F, 0x11, 0xF0,    1, 0x0F, 0x00, 0x00, 0x00, 0x00, 0x00, 0x00, 0xF1, 0x00, 0x00, 0x00
    .byte   0xF0, 0x10, 0xF1, 0x00, 0x0F, 0x01, 0x1F, 0x1F, 0x0F, 0x01, 0x00, 0x00, 0x00, 0x00, 0x01, 0x0F
    .byte   0xF0, 0x10, 0x01, 0x0F, 0x10,    0, 0x00, 0x00, 0x01, 0xF0, 0x00, 0x00, 0x1F, 0x00, 0x00, 0x00
    .byte   0x00, 0x01, 0xF0, 0x00, 0x00, 0x0F, 0x10, 0x00, 0xF1, 0x00, 0x01, 0xF0, 0x00, 0x00, 0x00, 0x01
    .byte   0xFF, 0x10, 0x00, 0x00, 0x00, 0x00,    0, 0x00, 0x01, 0xF0, 0x00, 0x00, 0x00, 0x00, 0x00, 0x00
    .byte   0x00, 0x01, 0xF0, 0x00, 0x0F, 0x10, 0x01, 0xF0, 0xF1, 0x00, 0x1F, 0x1F, 0xF1, 0x00, 0x00, 0x0F
    .byte   0x10, 0x0F, 0x10, 0x1F, 0x00, 0x01, 0x0F,   -1, 0x01, 0x01, 0xF0, 0xF0, 0x10, 0x00, 0x00, 0x00
    .byte   0x00, 0x01, 0xF0, 0x1F, 0x00, 0x00, 0x00, 0x00, 0x00, 0x00, 0xF1, 0x00, 0x1F, 0x0F, 0x10, 0x01
    .byte   0xF0, 0x1F, 0x00, 0x00, 0x00, 0x0F, 0x10, 0x0F,    0, 0x01, 0xF0, 0x00, 0x1F, 0xF1, 0x00, 0x00
    .byte   0x00, 0x00, 0x1F, 0x0F, 0x10, 0x00, 0x1F, 0x00, 0x1F, 0x00, 0x00, 0xF1, 0x00, 0x1F, 0x0F, 0x1F
    .byte   0x10, 0x00, 0x1F, 0x01, 0xF0, 0x00, 0x1F, 0x00, 0x01,    0, 0x00, 0x1F, 0x00, 0x00, 0x00, 0x00
    .byte   0x00, 0x1F, 0x00, 0x01, 0xF1, 0xF0, 0x00, 0x00, 0x10, 0xF0, 0x0F, 0x10, 0xF1, 0x0F, 0x10, 0xF1
    .byte   0x00, 0xF1, 0x1F, 0x00, 0x01, 0xF0, 0x00, 0x1F, 0x00, 0x0F,    0, 0x00, 0x00, 0xF1, 0x00, 0x00
    .byte   0x1F, 0x1F, 0x01, 0xF0, 0xF1, 0x00, 0x00, 0x00, 0xF1, 0xF1, 0x1F, 0x00, 0x01, 0xF0, 0x00, 0x00
    .byte   0x01, 0x0F, 0x00, 0x00, 0xF1, 0x00, 0xF0, 0x10, 0x0F, 0x10, 0x10,    0, 0x00, 0x00, 0x00, 0x00
    .byte   0x00, 0x0F, 0x10, 0xF1, 0x00, 0x1F, 0x00, 0x1F, 0x1F, 0xF1, 0x00, 0x0F, 0x00, 0x1F, 0x10, 0x00
    .byte   0x01, 0xF0, 0x00, 0x00, 0x00, 0x1F, 0xF0, 0x1F, 0x10, 0x00, 0x1F, 0x00,    0, 0x00, 0x0F, 0x10
    .byte   0x0F, 0x10, 0xF1, 0xF1, 0x00, 0x1F, 0x00, 0xF1, 0x00, 0x01, 0xF0, 0x00, 0x00, 0x00, 0x01, 0xF0
    .byte   0x00, 0x1F, 0x1F, 0x00, 0x01, 0xF1, 0x0F, 0x1F, 0x1F, 0x00, 0xF1, 0x1F, 0x00,    0, 0x00, 0x00
    .byte   0x01, 0xF0, 0x0F, 0x01, 0x00, 0xF1, 0x10, 0xF0, 0x1F, 0x00, 0x00, 0x00, 0x00, 0x00, 0x00, 0x1F
    .byte   0x1F, 0x00, 0x00, 0xF1, 0x00, 0x00, 0x00, 0x00, 0x00, 0x00, 0xF0, 0x10, 0x0F, 0x11,   -1, 0x01
    .byte   0x1F, 0xF1, 0x00, 0x10, 0xF0, 0x00, 0xF1, 0x00, 0x00, 0x00, 0x0F, 0x1F, 0x10, 0x00, 0x1F, 0x0F
    .byte   0x1F, 0x01, 0x01, 0xF0, 0x00, 0x00, 0x1F, 0x00, 0x00, 0x00, 0x00, 0x01, 0xF0, 0xF1, 0x00,    0
    .byte   0x0F, 0x10, 0x00, 0x00, 0x1F, 0xF1, 0x01, 0xF0, 0x1F, 0x00, 0x0F, 0x10, 0x00, 0x00, 0x00, 0x01
    .byte   0xF0, 0x1F, 0x01, 0xF1, 0xF1, 0xF0, 0x00, 0x00, 0x01, 0xF0, 0xF1, 0x0F, 0x10, 0x0F, 0x11, 0xF0
    .byte      0, 0x00, 0x00, 0x00, 0x1F, 0x00, 0x00, 0x1F, 0x00, 0x00, 0x00, 0x01, 0xF0, 0x1F, 0xF1, 0x01
    .byte   0xF0, 0x1F, 0x01, 0xF0, 0x01, 0xF0, 0x1F, 0x0F, 0x10, 0x01, 0xF0, 0x00, 0x1F, 0x0F, 0x10, 0x1F
    .byte   0x00,    1, 0x0F, 0x00, 0xF1, 0x00, 0x01, 0xF0, 0xF1, 0x00, 0x00, 0x00, 0x00, 0xF1, 0x1F, 0x10
    .byte   0xF0, 0x0F, 0x10, 0x00, 0x1F, 0x00, 0x00, 0x00, 0x01, 0xFF, 0x10, 0x00, 0x1F, 0x00, 0x00, 0x0F
    .byte   0x10, 0x00,    1, 0x0F, 0x00, 0xF1, 0x10, 0xF1, 0xF0, 0x00, 0x00, 0x00, 0x00, 0x00, 0x0F, 0x01
    .byte   0x00, 0x00, 0x0F, 0x11, 0xF0, 0x00, 0x00, 0x0F, 0x10, 0x01, 0xF0, 0x00, 0x0F, 0x10, 0x00, 0x0F
    .byte   0x10, 0x0F, 0x01,    1, 0x0F, 0x00, 0xF1, 0x1F, 0x00, 0x00, 0x00, 0x00, 0x00, 0x00, 0x00, 0x00
    .byte   0x0F, 0x10, 0x00, 0x1F, 0x00, 0x0F, 0x10, 0x0F, 0x10, 0x01, 0x0F, 0x00, 0x00, 0x1F, 0xF1, 0x00
    .byte   0x00, 0x1F, 0x01, 0xF0,    0, 0x00, 0x00, 0x00, 0x00, 0x00, 0xF1, 0x00, 0x00, 0x00, 0xF1, 0x00
    .byte   0x00, 0x00, 0x10, 0xF0, 0x1F, 0x10, 0xF0, 0x1F, 0x00, 0x00, 0x1F, 0x0F, 0x11, 0xF1, 0x0F, 0xF1
    .byte   0x00, 0x00, 0x01, 0xF1, 0xF0,    0, 0x00, 0x00, 0x00, 0x00, 0x0F, 0x1F, 0x01, 0x00, 0x00, 0x0F
    .byte   0x10, 0x00, 0x00, 0x00, 0x00, 0x00, 0xF1, 0x01, 0xF0, 0x00, 0x00, 0x00, 0x01, 0xF0, 0xF1, 0x00
    .byte   0x00, 0xF1, 0x00, 0x00, 0x01, 0x0F,    0, 0x00, 0x00, 0x00, 0x1F, 0x00, 0x00, 0x00, 0x00, 0x00
    .byte   0x00, 0x00, 0x00, 0x00, 0x0F, 0x10, 0x00, 0xF1, 0x10, 0xF0, 0x00, 0x1F, 0x00, 0x1F, 0x00, 0x00
    .byte   0x00, 0x10, 0xF0, 0x00, 0x01, 0xF0, 0x0F,    0, 0x00, 0x0F, 0x10, 0x00, 0x00, 0x1F, 0xF1, 0x00
    .byte   0xF1, 0x1F, 0x00, 0x0F, 0x10, 0xF1, 0x00, 0x1F, 0x1F, 0xF1, 0x00, 0x1F, 0x00, 0x0F, 0x10, 0x1F
    .byte   0x00, 0x00, 0x00, 0x00, 0x01, 0xF1, 0xF0, 0xF1,   -1, 0x01, 0x00, 0x00, 0x01, 0xF0, 0x0F, 0x10
    .byte   0x00, 0x00, 0x1F, 0xF0, 0x10, 0x00, 0x1F, 0x1F, 0x00, 0x1F, 0x00, 0x1F, 0x00, 0xF1, 0xF1, 0x01
    .byte   0xF1, 0xF0, 0x00, 0x1F, 0xF1, 0xF1, 0x1F, 0x1F, 0x00,    0, 0x00, 0x00, 0x0F, 0x10, 0x00, 0x10
    .byte   0xF1, 0xF0, 0x01, 0xF1, 0xF0, 0x00, 0x00, 0x00, 0x10, 0xF0, 0x00, 0x00, 0x10, 0xF1, 0xF0, 0x00
    .byte   0x00, 0x0F, 0x10, 0x00, 0x00, 0x0F, 0x10, 0x00, 0x0F, 0x10,    0, 0x00, 0x00, 0xF1, 0x0F, 0x11
    .byte   0xF0, 0x00, 0x0F, 0x10, 0x00, 0x00, 0x00, 0x00, 0x00, 0x00, 0x00, 0xF1, 0x1F, 0x1F, 0x00, 0xF1
    .byte   0x0F, 0x11, 0xF0, 0x00, 0xF1, 0xF1, 0x0F, 0x11, 0xF0, 0x0F, 0x10,   -1, 0x01, 0x00, 0x00, 0x00
    .byte   0x1F, 0x00, 0x01, 0xFF, 0x10, 0x00, 0x00, 0x00, 0x0F, 0x10, 0x00, 0x00, 0x1F, 0x00, 0x00, 0x1F
    .byte   0x00, 0x1F, 0x00, 0xF1, 0x10, 0xF0, 0x01, 0x0F, 0x0F, 0x11, 0xF0, 0xF1,   -1, 0x01, 0x0F, 0x1F
    .byte   0x10, 0x0F, 0x10, 0x00, 0x1F, 0x00, 0x01, 0xF0, 0x00, 0x00, 0x00, 0x00, 0x00, 0x00, 0x1F, 0x00
    .byte   0x0F, 0x10, 0xF1, 0x0F, 0x10, 0x00, 0x00, 0x00, 0x00, 0xF1, 0x00, 0x00, 0x1F,    0, 0x00, 0x0F
    .byte   0x01, 0x01, 0xF0, 0x10, 0xFF, 0x10, 0x01, 0xF0, 0x00, 0x00, 0x00, 0x00, 0x1F, 0x0F, 0x10, 0x00
    .byte   0x00, 0x01, 0x0F, 0x00, 0xF0, 0x10, 0x00, 0x00, 0x00, 0x00, 0x1F, 0x00, 0x0F, 0x10,    0, 0x00
    .byte   0x1F, 0x00, 0x00, 0x00, 0x1F, 0xF0, 0x10, 0x00, 0x01, 0xF0, 0x00, 0x1F, 0x00, 0x00, 0x00, 0x00
    .byte   0x00, 0x00, 0x00, 0x00, 0x00, 0x01, 0xF0, 0xF1, 0x0F, 0x01, 0x00, 0x00, 0x00, 0xF1, 0x01,    1
    .byte   0x0F, 0x00, 0x00, 0x00, 0x00, 0xF1, 0x1F, 0x00, 0x00, 0x00, 0x00, 0x00, 0x00, 0x00, 0xF1, 0x00
    .byte   0x00, 0x00, 0x00, 0x0F, 0x1F, 0x10, 0x00, 0x00, 0x00, 0x00, 0x00, 0x1F, 0x00, 0x00, 0x00, 0x01
    .byte      0, 0x00, 0x00, 0x0F, 0x1F, 0x10, 0x00, 0x01, 0x0F, 0x00, 0x1F, 0x1F, 0x1F, 0x00, 0x00, 0x00
    .byte   0x00, 0x1F, 0x00, 0x00, 0x00, 0x00, 0x00, 0x00, 0x00, 0x00, 0x00, 0x00, 0x00, 0x1F, 0x01, 0xF0
    .byte   0x00,    0, 0x00, 0x00, 0x01, 0xF0, 0xF1, 0x1F, 0xF1, 0x01, 0xF0, 0x00, 0xF1, 0x01, 0xF0, 0x00
    .byte   0x00, 0x00, 0x00, 0x0F, 0x10, 0x1F, 0xF1, 0x00, 0x1F, 0x00, 0x00, 0xF1, 0xF1, 0x00, 0xF1, 0x00
    .byte   0x00, 0x00,    0, 0x00, 0x00, 0x00, 0x00, 0x00, 0x00, 0x00, 0x00, 0x1F, 0x00, 0xF1, 0x10, 0xF1
    .byte   0xF0, 0x00, 0x00, 0x00, 0xF0, 0x10, 0xF1, 0x00, 0x00, 0x00, 0x00, 0x10, 0xF0, 0x00, 0x1F, 0x00
    .byte   0xF1, 0x10, 0xF0,    0, 0x00, 0x00, 0x10, 0x0F, 0x1F, 0xF1, 0x00, 0x00, 0x00, 0x00, 0x00, 0x00
    .byte   0x00, 0x00, 0x00, 0x00, 0x00, 0x00, 0x00, 0x00, 0x00, 0x00, 0x00, 0x00, 0x00, 0x00, 0x00, 0x00
    .byte   0x00, 0x00, 0x00, 0x00

    .end
