    .section .rodata
    .global Prologue_Line_0021_Compressed
    .align  2

Prologue_Line_0021_Compressed:

    .byte   0x1, 0x0, 0x0, 0x0
    .word   0x00D10C00  @ Mid-C ~13379.000000
    .word   0, 46000

    .byte    -11, 0x0D, 0x1E, 0xFE, 0xFE, 0x03, 0x13, 0x32, 0x23, 0x33, 0x32, 0x2F, 0x32, 0x32, 0x0F, 0xFF
    .byte   0xE1, 0xDD, 0xEC, 0xDE, 0xDE, 0xDD, 0xFD, 0xFE, 0xDF, 0xED, 0x0E, 0xE2, 0xED, 0xED, 0xF0, 0xFE
    .byte   0x1E,  -80, 0x06, 0xE1, 0x7A, 0x26, 0xB5, 0x5C, 0x53, 0x05, 0x40, 0x20, 0xEE, 0x22, 0xCF, 0xCC
    .byte   0xED, 0xDD, 0xDC, 0xDE, 0x0D, 0xFF, 0xC2, 0x1F, 0x32, 0xF2, 0x02, 0x33, 0x02, 0x22, 0xF3, 0x0E
    .byte   0x0E, 0xE0,   -7, 0x00, 0xDD, 0xDF, 0xDE, 0xED, 0xD3, 0x3E, 0x34, 0xD3, 0x4E, 0x43, 0x14, 0x31
    .byte   0x52, 0x34, 0xE1, 0x20, 0x1F, 0xDD, 0xCE, 0xDD, 0xED, 0xCE, 0xDE, 0xEE, 0xED, 0xEF, 0xF1, 0x22
    .byte   0xF1, 0x12, 0x22,  -15, 0x00, 0x01, 0x11, 0x01, 0xFE, 0xFE, 0xEF, 0xED, 0xEE, 0xF3, 0x00, 0x31
    .byte   0xF3, 0x22, 0x40, 0x33, 0x24, 0x33, 0x33, 0x02, 0x20, 0xFF, 0xDC, 0xED, 0xDE, 0xDD, 0xDE, 0xDE
    .byte   0xEE, 0xEE, 0xEE, 0x01,  -32, 0x00, 0xF2, 0xF2, 0x2F, 0x12, 0x01, 0x10, 0x10, 0xF0, 0xFE, 0xFE
    .byte   0xEE, 0xEE, 0xE1, 0x21, 0x23, 0x11, 0x31, 0x24, 0x13, 0x32, 0x43, 0x33, 0x12, 0x21, 0x10, 0xED
    .byte   0xDE, 0xDD, 0xED, 0xDE, 0xDE,   -7, 0x0D, 0xFE, 0xED, 0x0F, 0x01, 0x02, 0xF1, 0x20, 0x22, 0x00
    .byte   0x2F, 0x01, 0x00, 0x1E, 0xEE, 0xEE, 0xED, 0xFE, 0xE2, 0x21, 0x32, 0x03, 0x22, 0x42, 0x24, 0x14
    .byte   0x41, 0x42, 0x13, 0xF2, 0x0E, 0xED,   68, 0x0D, 0xDD, 0xDD, 0xDD, 0xDE, 0xED, 0xEE, 0xEE, 0xEF
    .byte   0x10, 0x11, 0x12, 0x22, 0x12, 0x2F, 0x21, 0xF2, 0xFE, 0x2E, 0xE0, 0xDF, 0xED, 0xEF, 0xD2, 0x3E
    .byte   0x32, 0xF3, 0x3F, 0x42, 0x24, 0x23, 0x42,   71, 0x02, 0x23, 0xE3, 0xEF, 0xED, 0xDE, 0xCE, 0xEC
    .byte   0xED, 0xDE, 0xDE, 0xED, 0xE0, 0xE0, 0x10, 0x11, 0x02, 0x02, 0x10, 0x2F, 0x21, 0x01, 0x00, 0x0F
    .byte   0xEF, 0xEE, 0xEE, 0xEF, 0xE2, 0x2E, 0x33, 0xD4,  -17, 0x01, 0x4F, 0x34, 0x04, 0x32, 0x42, 0x22
    .byte   0x22, 0xFE, 0xFD, 0xED, 0xDD, 0xDD, 0xDD, 0xDF, 0xDE, 0xED, 0xE0, 0xE0, 0x10, 0x11, 0x01, 0x12
    .byte   0x01, 0x2F, 0x11, 0x02, 0xFF, 0x1E, 0x0F, 0xEF, 0xEE,  -39, 0x0E, 0xF3, 0xE2, 0x3F, 0xF4, 0xE2
    .byte   0x4F, 0x33, 0x24, 0x33, 0x32, 0x22, 0x21, 0x1E, 0xEE, 0xDD, 0xED, 0xDD, 0xED, 0xDE, 0xDE, 0xED
    .byte   0xE1, 0xE1, 0x1E, 0x20, 0x11, 0x02, 0xFF, 0x2F, 0xF2, 0x01,  -22, 0x00, 0x1E, 0x0F, 0xEF, 0xEE
    .byte   0x0E, 0xF3, 0xF2, 0x3E, 0x23, 0xF3, 0x3F, 0x33, 0x14, 0x33, 0x23, 0x22, 0x21, 0x1E, 0xEE, 0xDE
    .byte   0xED, 0xDD, 0xDE, 0xDE, 0xED, 0x0D, 0xEF, 0xFF, 0x0E, 0x1F, 0x02,  -32, 0x00, 0x2F, 0x01, 0x11
    .byte   0x10, 0x2E, 0x11, 0xF0, 0xEF, 0xFE, 0x0F, 0xE3, 0x0E, 0x4E, 0xE4, 0xE2, 0x3F, 0x33, 0x14, 0x23
    .byte   0x32, 0x23, 0x22, 0xEF, 0xED, 0xEE, 0xDE, 0xDE, 0xDE, 0xD0, 0xDE, 0xEE,  -17, 0x0F, 0xEF, 0xEF
    .byte   0xF0, 0x01, 0xF0, 0xF0, 0xF0, 0x01, 0x10, 0x11, 0x12, 0x0E, 0xFE, 0xE0, 0xE1, 0xF2, 0x21, 0x22
    .byte   0x22, 0x21, 0x30, 0x33, 0x23, 0x32, 0x32, 0x13, 0x2F, 0x2F, 0xEE, 0xDE, 0xED,   29, 0x0E, 0xDE
    .byte   0xEE, 0xEE, 0xEF, 0xEE, 0xE0, 0xEF, 0x00, 0xFF, 0x0F, 0x01, 0x01, 0xFF, 0x11, 0x10, 0x12, 0xF1
    .byte   0xFE, 0xE0, 0xEF, 0xF2, 0x30, 0x03, 0xF2, 0x20, 0x31, 0xE3, 0x31, 0x33, 0x23, 0x22,   67, 0x01
    .byte   0x10, 0xEE, 0xDF, 0xED, 0xEE, 0xEE, 0xEE, 0xEE, 0xEE, 0xEF, 0xEE, 0xEE, 0xFF, 0x0E, 0xFF, 0xF1
    .byte   0xFF, 0x0F, 0x20, 0x11, 0x10, 0x1E, 0x2F, 0xEF, 0x1E, 0x22, 0x30, 0x10, 0x32, 0x02, 0xE2,    1
    .byte   0x01, 0x56, 0x93, 0x5C, 0x64, 0xC2, 0xCD, 0x6D, 0xBB, 0xCF, 0x41, 0xBE, 0xDE, 0x42, 0xFD, 0xCE
    .byte   0x44, 0xFE, 0xD0, 0x40, 0x2E, 0xCD, 0x11, 0x2C, 0xCE, 0x02, 0xEC, 0xDD, 0xFE, 0xFD, 0xEF, 0x36
    .byte    -38, 0x02, 0x44, 0x46, 0x2F, 0x42, 0x44, 0xE2, 0xFF, 0x30, 0xDC, 0xCD, 0xDD, 0xBB, 0xDD, 0xDD
    .byte   0xDE, 0x23, 0x33, 0x12, 0x43, 0x43, 0xE4, 0x30, 0x2D, 0xD3, 0xCC, 0xDC, 0xCD, 0xCD, 0xDE, 0xD1
    .byte   0xEE,  -88, 0x00, 0x2F, 0xEF, 0x02, 0x34, 0x45, 0x34, 0x54, 0x42, 0x33, 0x42, 0xEF, 0x23, 0xED
    .byte   0xDE, 0xEC, 0xCB, 0xCC, 0xDD, 0xCC, 0xE2, 0x3F, 0xF3, 0x43, 0x40, 0x33, 0x42, 0x2E, 0x03, 0xFD
    .byte   0xCD, 0xDD,  -19, 0x0C, 0xDD, 0xED, 0xDD, 0xEF, 0xDE, 0xFE, 0x03, 0x44, 0x44, 0x45, 0x53, 0x33
    .byte   0x45, 0x2E, 0x23, 0x3F, 0xDD, 0x1E, 0xCC, 0xCB, 0xDC, 0xBC, 0xDD, 0x0E, 0xE2, 0x33, 0x23, 0x24
    .byte   0x34, 0x12, 0x33,   39, 0x0E, 0xEE, 0xED, 0xDC, 0xDD, 0xDC, 0xDD, 0xCE, 0xDD, 0xEF, 0xF3, 0x44
    .byte   0x44, 0x55, 0x43, 0x44, 0x54, 0xF1, 0x33, 0xFE, 0xE0, 0x2D, 0xBC, 0xDC, 0xCB, 0xBD, 0xDD, 0xCE
    .byte   0x13, 0x10, 0x24, 0x33,  -14, 0x03, 0x42, 0x32, 0x11, 0x1E, 0xDE, 0xDC, 0xED, 0xCD, 0xDC, 0xCD
    .byte   0xDD, 0xE1, 0x34, 0x34, 0x45, 0x53, 0x44, 0x54, 0x33, 0x34, 0x2E, 0xF0, 0x11, 0xCC, 0xDD, 0xCB
    .byte   0xBC, 0xEC, 0xCC, 0xD2, 0x1F,  -69, 0x02, 0x34, 0x23, 0x34, 0x32, 0x12, 0x21, 0xEE, 0xED, 0xFC
    .byte   0xDC, 0xDD, 0xCD, 0xDD, 0xDE, 0x34, 0x14, 0x34, 0x53, 0x35, 0x54, 0x32, 0x54, 0x2F, 0x22, 0x0F
    .byte   0xCE, 0xEC, 0xCC, 0xCC, 0xCC, 0xCC,  -49, 0x0E, 0xDD, 0x23, 0xFF, 0x33, 0x33, 0x23, 0x33, 0xF0
    .byte   0x22, 0xFD, 0xEE, 0xDD, 0xCD, 0xDD, 0xCD, 0xEE, 0x24, 0xF3, 0x33, 0x51, 0x35, 0x45, 0x13, 0x55
    .byte   0x11, 0x32, 0x1E, 0xC2, 0xEC, 0xCC, 0xDC,   16, 0x0C, 0xCD, 0xDD, 0xDD, 0x22, 0xDF, 0x33, 0x31
    .byte   0x23, 0x32, 0x22, 0x22, 0xEE, 0xFF, 0xDD, 0xDD, 0xEC, 0xDD, 0xDD, 0x34, 0xE2, 0x33, 0x5D, 0x35
    .byte   0x53, 0x33, 0x55, 0x11, 0x43, 0x0D, 0xD2, 0xEC,   77, 0x0D, 0xDC, 0xCB, 0xED, 0xCD, 0xDE, 0x0E
    .byte   0xD2, 0x22, 0x20, 0x24, 0x21, 0x22, 0x32, 0xEF, 0x20, 0xDD, 0xED, 0xEC, 0xDE, 0xDD, 0x04, 0xE2
    .byte   0x22, 0x5F, 0xF5, 0x44, 0x33, 0x55, 0x21, 0x43, 0x2F,  110, 0x02, 0x0C, 0xCE, 0xDC, 0xCC, 0xCE
    .byte   0xDC, 0xDD, 0x0E, 0xDE, 0x22, 0x2F, 0x04, 0x21, 0x22, 0x32, 0xE2, 0x10, 0xED, 0xEE, 0xEC, 0xDE
    .byte   0xDD, 0xE3, 0x3E, 0x22, 0x43, 0xD4, 0x54, 0x33, 0x45, 0x4F,   99, 0x04, 0x3E, 0xEF, 0x1D, 0xCD
    .byte   0xDD, 0xCC, 0xCD, 0xDC, 0xDE, 0xD0, 0xDD, 0x21, 0xF2, 0xF3, 0x22, 0x12, 0x32, 0x02, 0x20, 0xFE
    .byte   0xFE, 0xDD, 0xDD, 0xDD, 0xD3, 0x3E, 0xF3, 0x34, 0xE1, 0x54, 0x33,   35, 0x05, 0x43, 0x24, 0x4E
    .byte   0xFE, 0x11, 0xCD, 0xDE, 0xCC, 0xCD, 0xDC, 0xCD, 0xEE, 0xED, 0xE1, 0x11, 0x11, 0x33, 0xF2, 0x23
    .byte   0x10, 0x12, 0x2E, 0xEE, 0xEE, 0xDD, 0xDE, 0xDD, 0x33, 0xD1, 0x34, 0x3D,  -33, 0x05, 0x42, 0x34
    .byte   0x54, 0x23, 0x43, 0x1E, 0xE3, 0xDC, 0xDE, 0xDC, 0xCC, 0xDE, 0xCD, 0xDD, 0xFD, 0xD1, 0xF1, 0x11
    .byte   0x13, 0x21, 0x22, 0x3F, 0x12, 0x01, 0x0E, 0x0D, 0xEE, 0xDD, 0xDD, 0xF3, 0x3D,  -58, 0x03, 0x33
    .byte   0xD4, 0x52, 0x33, 0x45, 0x31, 0x44, 0x3E, 0xFF, 0x2D, 0xCE, 0xDD, 0xCC, 0xDD, 0xDC, 0xDD, 0xEE
    .byte   0xDD, 0x2F, 0xF1, 0x11, 0x31, 0x22, 0x22, 0x2F, 0x22, 0x0E, 0x11, 0xDE, 0xED, 0xED,  -64, 0x0E
    .byte   0x33, 0xD1, 0x33, 0x3D, 0x35, 0x33, 0x34, 0x53, 0x23, 0x43, 0x0F, 0x02, 0xDD, 0xDD, 0xEC, 0xCC
    .byte   0xED, 0xCD, 0xDE, 0xDE, 0xD0, 0xF0, 0x10, 0x22, 0x21, 0x22, 0x22, 0x12, 0x11, 0x1E, 0xFE,  -27
    .byte   0x0E, 0xDD, 0xED, 0xD3, 0x3D, 0x13, 0x33, 0xD3, 0x53, 0x23, 0x45, 0x32, 0x44, 0x32, 0x1E, 0x2E
    .byte   0xCE, 0xED, 0xCC, 0xDD, 0xDC, 0xDD, 0xDD, 0xED, 0xF1, 0xE0, 0xF3, 0x21, 0x22, 0x30, 0x22, 0x21
    .byte     -9, 0x01, 0x0E, 0xED, 0xEE, 0xDD, 0xED, 0xD4, 0x0D, 0x32, 0x4F, 0xD5, 0x42, 0x34, 0x44, 0x33
    .byte   0x44, 0x13, 0xE0, 0x2C, 0xDE, 0xEC, 0xCD, 0xCF, 0xCC, 0xED, 0xDD, 0xED, 0x1F, 0xF0, 0xF3, 0x20
    .byte   0x23,  -23, 0x01, 0x22, 0x21, 0x02, 0xEF, 0xED, 0xFD, 0xDE, 0xDD, 0x03, 0xEE, 0x33, 0x3E, 0x15
    .byte   0x33, 0x33, 0x54, 0x23, 0x43, 0x30, 0xE3, 0xFC, 0xDE, 0xEC, 0xCC, 0xED, 0xCC, 0xED, 0xDE, 0xDE
    .byte   0x0E, 0xF1,  -52, 0x02, 0x21, 0x23, 0x22, 0x22, 0x22, 0xF0, 0xF0, 0xED, 0xED, 0xED, 0xDD, 0x04
    .byte   0xDE, 0x33, 0x3E, 0x15, 0x33, 0x24, 0x53, 0x33, 0x43, 0x3F, 0xE3, 0xEC, 0xDE, 0xFC, 0xBD, 0xED
    .byte   0xCC, 0xED, 0xDE,  -50, 0x0E, 0x1F, 0xF1, 0x13, 0x12, 0x23, 0x22, 0x12, 0x22, 0x00, 0x10, 0xDD
    .byte   0xEE, 0xDD, 0xDD, 0x23, 0xD1, 0x33, 0x3E, 0x25, 0x4E, 0x34, 0x53, 0x22, 0x53, 0x11, 0x02, 0x0C
    .byte   0xDE, 0x1B, 0xCD, 0xDD,   -4, 0x0C, 0x0D, 0xDE, 0xDE, 0x2F, 0xF0, 0x13, 0x22, 0x13, 0x32, 0x12
    .byte   0x22, 0x1F, 0xEE, 0xEE, 0xDD, 0xDE, 0xDD, 0xD4, 0x1D, 0x04, 0x41, 0xC5, 0x53, 0x13, 0x55, 0x1F
    .byte   0x45, 0xFE, 0xE2, 0x2D, 0xCC,   73, 0x0D, 0xBC, 0xDE, 0xDC, 0xCE, 0xEF, 0xDD, 0x22, 0x0E, 0x23
    .byte   0x32, 0xF3, 0x32, 0x2E, 0x32, 0xE1, 0x1D, 0xEE, 0xDE, 0xCD, 0xDF, 0xC1, 0x4F, 0xD3, 0x35, 0xED
    .byte   0x55, 0x3E, 0x45, 0x42, 0x14, 0x42,  111, 0x0E, 0x12, 0xCC, 0xDF, 0xCC, 0xBD, 0xED, 0xCC, 0x0E
    .byte   0x1D, 0xD3, 0x12, 0x10, 0x34, 0x10, 0x33, 0x22, 0xF2, 0x2E, 0xEF, 0xDE, 0xDD, 0xDD, 0xDD, 0xEC
    .byte   0x24, 0xEF, 0x33, 0x5E, 0xE5, 0x53, 0xF3,   56, 0x05, 0x2F, 0x34, 0x2F, 0xD1, 0x1D, 0xCC, 0xEC
    .byte   0xCC, 0xCD, 0xEC, 0xDD, 0xE2, 0xFD, 0x22, 0x32, 0x03, 0x33, 0x22, 0x32, 0x10, 0x02, 0xEE, 0xEE
    .byte   0xDD, 0xDD, 0xDD, 0xED, 0xDE, 0x43, 0xD1, 0x45,  -18, 0x0D, 0x44, 0x52, 0x13, 0x54, 0x21, 0x33
    .byte   0x1E, 0xD0, 0xDD, 0xCD, 0xCC, 0xDD, 0xCD, 0xDE, 0xDD, 0x02, 0xF0, 0x12, 0x32, 0x23, 0x32, 0x22
    .byte   0x31, 0x0E, 0x1F, 0xED, 0xEE, 0xED, 0xDD, 0xDE, 0xEE,  -74, 0x02, 0x33, 0x2E, 0x35, 0x3F, 0x34
    .byte   0x33, 0x33, 0x41, 0x24, 0x3E, 0xEE, 0x0E, 0xCD, 0xDD, 0xCD, 0xDD, 0xDD, 0xF0, 0xDD, 0x13, 0x0F
    .byte   0x13, 0x22, 0x13, 0x22, 0x0F, 0x2F, 0xED, 0xF0, 0xEE, 0xEE,  -23, 0x0F, 0xEE, 0xE1, 0x10, 0x0F
    .byte   0xF1, 0x33, 0x31, 0xF1, 0x31, 0x21, 0x01, 0x22, 0x30, 0x21, 0x32, 0xF0, 0xEF, 0xFE, 0xEE, 0xEE
    .byte   0xE0, 0xE0, 0xEF, 0x1F, 0xFF, 0xF0, 0x00, 0x00, 0xF0, 0xF0, 0xFF,   -6, 0x00, 0xFE, 0xFF, 0x0F
    .byte   0xFF, 0xF0, 0x11, 0x01, 0x00, 0x02, 0x00, 0xF0, 0x11, 0xE0, 0x1F, 0x1F, 0x00, 0x10, 0x12, 0x01
    .byte   0x12, 0x12, 0x12, 0x21, 0x21, 0x11, 0x20, 0xF0, 0xF0, 0x1E, 0xE0, 0x0F,   12, 0x0F, 0xF0, 0xFF
    .byte   0xFF, 0x0F, 0xEF, 0x00, 0xFE, 0xFF, 0xF1, 0x0F, 0xF0, 0xE0, 0x11, 0xF0, 0xF1, 0x02, 0x1F, 0x10
    .byte   0x11, 0x00, 0xFF, 0x11, 0xFF, 0x0E, 0x01, 0x11, 0xF1, 0xF0, 0x20, 0x12, 0x02,    3, 0x01, 0x12
    .byte   0x02, 0xF0, 0x10, 0x00, 0x00, 0x0F, 0x0F, 0x10, 0xFF, 0xF0, 0x0F, 0xF1, 0x00, 0xE0, 0xE1, 0x1E
    .byte   0x10, 0xE1, 0x0E, 0xF0, 0x2F, 0xFE, 0x12, 0xE1, 0x20, 0x0F, 0x00, 0xF0, 0x02, 0xFE,  -10, 0x00
    .byte   0x12, 0x0F, 0x1E, 0x02, 0xF1, 0x10, 0xF0, 0x21, 0x10, 0xF0, 0x2F, 0x12, 0xF0, 0x11, 0x12, 0xFF
    .byte   0xFF, 0xFF, 0x2F, 0xFE, 0x00, 0x10, 0xE0, 0x1F, 0x0F, 0x01, 0xFE, 0x10, 0xE2, 0x12, 0xEE,   -5
    .byte   0x02, 0x1F, 0xEF, 0xF0, 0x20, 0xE0, 0x2E, 0x2F, 0xF1, 0xFE, 0x12, 0x1E, 0x00, 0xF0, 0x21, 0xE1
    .byte   0x02, 0xFF, 0x02, 0x1E, 0x02, 0x2F, 0xE2, 0x2E, 0x0F, 0xF2, 0x2D, 0x22, 0xE0, 0x2E, 0xF0, 0x11
    .byte      5, 0x01, 0x0F, 0x0E, 0xF3, 0x0E, 0xEF, 0xF2, 0x2E, 0xD1, 0x01, 0x20, 0x1D, 0x11, 0x12, 0x2E
    .byte   0xD2, 0xFE, 0x3F, 0xFF, 0xF0, 0xE1, 0x22, 0xE1, 0x1E, 0x03, 0x1E, 0xE1, 0x2F, 0x12, 0x0E, 0xFE
    .byte   0x22,   11, 0x0E, 0xD1, 0x12, 0x2E, 0x12, 0xDF, 0xF3, 0x3D, 0xE0, 0x2D, 0x23, 0x0D, 0xED, 0x43
    .byte   0xDD, 0x13, 0x1E, 0xD2, 0x22, 0xEF, 0xEE, 0x02, 0x32, 0xDC, 0x03, 0x33, 0xDD, 0xE0, 0x32, 0x00
    .byte   0xCF, 0x31,    2, 0x02, 0xCE, 0x31, 0x3F, 0xED, 0x21, 0x21, 0xE1, 0x2E, 0x02, 0x12, 0xD2, 0x2E
    .byte   0x0E, 0x23, 0x2E, 0xC0, 0x33, 0x2D, 0xDF, 0x03, 0x12, 0xDD, 0xE3, 0x32, 0xDC, 0x32, 0x22, 0xED
    .byte   0x0F, 0x12, 0x3E,   -8, 0x01, 0xF2, 0x3E, 0xFE, 0xE0, 0x2F, 0x03, 0xED, 0x11, 0x23, 0xED, 0x0E
    .byte   0x23, 0x2D, 0xD2, 0x21, 0x3E, 0xDF, 0xF2, 0x32, 0xDD, 0x13, 0x22, 0xEE, 0x02, 0x11, 0x2E, 0x10
    .byte   0x12, 0x0D, 0xE2, 0x3E,    4, 0x02, 0xEE, 0x13, 0xFE, 0xE0, 0xF0, 0x20, 0xEE, 0xE1, 0x31, 0xED
    .byte   0xE2, 0x1F, 0x20, 0xED, 0xE3, 0x22, 0xEE, 0xE1, 0x30, 0xE1, 0x0D, 0x33, 0x1F, 0xE1, 0x23, 0x2E
    .byte   0x21, 0xE2, 0x32, 0x0E, 0x11,   30, 0x0F, 0x00, 0xFE, 0xEE, 0xE1, 0xF0, 0xEE, 0xD1, 0x3F, 0xED
    .byte   0xE0, 0x21, 0xFE, 0xDE, 0x13, 0xFE, 0xDE, 0x22, 0x1D, 0xE0, 0x0F, 0x3F, 0xEE, 0x34, 0x30, 0x12
    .byte   0x33, 0x31, 0x21, 0xE3, 0x32, 0xEE,   42, 0x01, 0x1E, 0xDE, 0xED, 0xEE, 0xED, 0xE0, 0x21, 0xE1
    .byte   0x32, 0x11, 0x20, 0xFF, 0x12, 0xFE, 0xE1, 0x0E, 0xDF, 0xED, 0xEF, 0xFE, 0xDD, 0x20, 0xFD, 0xD0
    .byte   0x02, 0x11, 0xF4, 0x44, 0x32, 0x44, 0x41,   54, 0x0F, 0x32, 0x11, 0xFE, 0xE0, 0x2D, 0xCD, 0xEE
    .byte   0xDD, 0xCE, 0x0E, 0x00, 0x12, 0x23, 0x22, 0x12, 0x32, 0xEF, 0x0F, 0x2D, 0xEE, 0xEE, 0xEE, 0xDE
    .byte   0xEE, 0xEE, 0xE0, 0xEE, 0xED, 0xEE, 0xE0, 0xEF,  -78, 0x05, 0x54, 0x33, 0x55, 0x41, 0xE2, 0x31
    .byte   0xED, 0xD2, 0x01, 0xEC, 0xDD, 0x2D, 0xCC, 0xD3, 0xFD, 0xE2, 0x33, 0x3F, 0x21, 0x23, 0xFD, 0xD2
    .byte   0x0F, 0xDD, 0x21, 0xEE, 0xEE, 0xEF, 0xED, 0xFE, 0x03,  -43, 0x0D, 0xFD, 0x0D, 0xDE, 0xE1, 0x25
    .byte   0x54, 0x44, 0x56, 0xEE, 0xF3, 0x2F, 0xCD, 0x12, 0xF0, 0xED, 0xEF, 0xFD, 0xCD, 0x11, 0xDD, 0x13
    .byte   0x21, 0xF0, 0x21, 0xF0, 0xEE, 0x01, 0xEE, 0xEF, 0x30, 0xDE,  -14, 0x02, 0xEE, 0xEE, 0x10, 0xE1
    .byte   0xDD, 0x1E, 0xDC, 0xDE, 0x10, 0xE3, 0x64, 0x44, 0x46, 0x4D, 0x22, 0x3E, 0xCE, 0xF3, 0xEE, 0x1E
    .byte   0xFF, 0xEE, 0xDC, 0xFF, 0xDD, 0xE3, 0xFE, 0xF2, 0x2F, 0xEF, 0x2F,   -5, 0x0E, 0x1F, 0xFE, 0x22
    .byte   0xE0, 0x13, 0x0D, 0xE1, 0x0E, 0xEE, 0xEE, 0xEE, 0xDC, 0xDD, 0xE0, 0xEF, 0x25, 0x54, 0x35, 0x55
    .byte   0xEE, 0x34, 0xDC, 0x01, 0x3D, 0xD3, 0x2E, 0xEE, 0x1D, 0xDE, 0xED, 0xCF,    4, 0x00, 0xDE, 0x24
    .byte   0xDD, 0x12, 0x2D, 0xE0, 0x0F, 0xE2, 0x2F, 0xF2, 0x2F, 0xEF, 0x1F, 0xED, 0xF0, 0xDE, 0xED, 0xED
    .byte   0xDE, 0xDE, 0x21, 0x14, 0x53, 0x54, 0x45, 0x1E, 0x33, 0xEE, 0xE1, 0x3F, 0xD3,   67, 0x0E, 0xED
    .byte   0x10, 0xDC, 0x0E, 0xDE, 0x0D, 0xE0, 0x11, 0xEE, 0x22, 0xEE, 0xE2, 0xFE, 0xE1, 0x20, 0xF2, 0x22
    .byte   0xEF, 0x10, 0xEE, 0xEE, 0xEE, 0xEE, 0xDE, 0xEE, 0xEC, 0xF2, 0x1F, 0x35, 0x43, 0x45,   46, 0x01
    .byte   0xD3, 0x30, 0xDE, 0x34, 0x0C, 0x34, 0xED, 0xDE, 0x2D, 0xCE, 0x1D, 0xDE, 0xFE, 0x0E, 0x10, 0xE2
    .byte   0x2F, 0xED, 0x21, 0xDE, 0xF3, 0x1E, 0x13, 0x2F, 0xE0, 0x2E, 0xDE, 0x0E, 0xED, 0x1E, 0xEE,  -52
    .byte   0x0E, 0xED, 0xF0, 0xEF, 0x35, 0x33, 0x44, 0x42, 0xF2, 0x30, 0xE2, 0x33, 0x3E, 0x23, 0xFE, 0xDD
    .byte   0x1D, 0xDD, 0x1E, 0xDE, 0xEF, 0xEE, 0xF1, 0x0E, 0x1F, 0xFE, 0xE0, 0x0E, 0xF2, 0x21, 0x00, 0x20
    .byte     -8, 0x0F, 0xFF, 0xEF, 0xEF, 0xEE, 0xEE, 0xEE, 0xED, 0x0E, 0xEE, 0x00, 0x23, 0x33, 0x43, 0x43
    .byte   0x22, 0x32, 0x23, 0x23, 0x32, 0x23, 0x0E, 0xFE, 0xED, 0xED, 0xED, 0xED, 0xEE, 0xDE, 0xFF, 0xE0
    .byte   0xEF,  -10, 0x0E, 0xFE, 0xFF, 0xFF, 0x11, 0x10, 0x12, 0x1F, 0x00, 0xF0, 0xEF, 0xFE, 0xEE, 0xEF
    .byte   0xEE, 0xEE, 0xEE, 0xEF, 0xF2, 0x34, 0x34, 0x33, 0x31, 0x32, 0x32, 0x23, 0x43, 0x12, 0x20, 0xEE
    .byte   0xEF, 0xDD,   50, 0x0E, 0xDD, 0xED, 0xFD, 0xFE, 0xFE, 0xEF, 0xEE, 0xEF, 0xE1, 0xF0, 0x02, 0x10
    .byte   0x02, 0x10, 0x01, 0x0F, 0x0E, 0x0E, 0xEE, 0xFE, 0xFE, 0xEF, 0xDE, 0xEF, 0xE2, 0x34, 0x34, 0x33
    .byte   0x32, 0x23, 0x22,   45, 0x03, 0x33, 0x22, 0x11, 0x0E, 0xEE, 0xED, 0xED, 0xED, 0xED, 0xEE, 0xEE
    .byte   0x0E, 0xEE, 0xFE, 0xEE, 0x0F, 0xF0, 0x01, 0x11, 0x11, 0x11, 0x11, 0x00, 0xFE, 0xFF, 0xEE, 0xFF
    .byte   0xEF, 0xEE, 0xED, 0x0E,  -65, 0x01, 0x33, 0x43, 0x33, 0x32, 0x23, 0x23, 0x23, 0x23, 0x32, 0x12
    .byte   0xFF, 0xEE, 0xEE, 0xDE, 0xED, 0xED, 0xEF, 0xEE, 0xEE, 0xEF, 0xEE, 0xE0, 0xFE, 0xFF, 0xFF, 0x10
    .byte   0xF0, 0x20, 0x10, 0x00, 0xE0,  -25, 0x0F, 0xE0, 0xEF, 0x0E, 0xEE, 0xEE, 0xEF, 0xF1, 0x13, 0x34
    .byte   0x33, 0x32, 0x23, 0x23, 0x23, 0x23, 0x31, 0x22, 0x10, 0xFF, 0xEE, 0xDE, 0xDD, 0xEE, 0xEE, 0xEE
    .byte   0xEE, 0xEE, 0xEE, 0xFE, 0xFF, 0x0E,  -24, 0x0F, 0x00, 0x01, 0x20, 0x10, 0xF0, 0x0E, 0x0F, 0xEF
    .byte   0x0E, 0x0F, 0xEF, 0xEE, 0xEE, 0xE0, 0xF2, 0x33, 0x43, 0x32, 0x31, 0x32, 0x32, 0x33, 0x32, 0x22
    .byte   0x22, 0xFE, 0xFE, 0xED, 0xDE, 0xDE, 0xEE,   22, 0x0D, 0xFE, 0xEE, 0xEE, 0xEE, 0x0E, 0x0F, 0x0E
    .byte   0x00, 0x11, 0x02, 0x01, 0x1F, 0x00, 0xEF, 0x0E, 0x0E, 0x00, 0xEF, 0xFE, 0xEE, 0xDF, 0xFF, 0x13
    .byte   0x33, 0x43, 0x23, 0x12, 0x33, 0x23, 0x32, 0x32,   75, 0x02, 0x2F, 0xFE, 0xEE, 0xDE, 0xDE, 0xED
    .byte   0xEE, 0xEE, 0xEE, 0xEE, 0xEE, 0xFE, 0xFE, 0xFF, 0xFF, 0x10, 0x01, 0x11, 0x10, 0x00, 0xFF, 0xFF
    .byte   0xFE, 0xFE, 0xFF, 0x0E, 0xEE, 0xEE, 0xEF, 0xF1, 0x23,  -35, 0x03, 0x42, 0x32, 0x22, 0x32, 0x32
    .byte   0x33, 0x31, 0x31, 0x10, 0xEE, 0xEE, 0xDE, 0xED, 0xEE, 0xDE, 0xEE, 0xEE, 0xEE, 0xFE, 0xE0, 0xE0
    .byte   0xFF, 0xF1, 0x11, 0x01, 0x11, 0x10, 0x00, 0x0F, 0x0F, 0xEF,  -29, 0x0E, 0x0E, 0x0E, 0xFE, 0xFE
    .byte   0xFE, 0xE1, 0x23, 0x33, 0x42, 0x32, 0x13, 0x23, 0x13, 0x33, 0x32, 0x30, 0x10, 0xE0, 0xED, 0xEE
    .byte   0xED, 0xEE, 0xDD, 0xEE, 0xED, 0xF2, 0xEE, 0x0F, 0x1E, 0xE2, 0xFF,  -16, 0x0E, 0x20, 0x10, 0xF1
    .byte   0x0F, 0xEF, 0xEE, 0xEE, 0xFE, 0x0E, 0x0E, 0xFF, 0xD0, 0x0F, 0xE1, 0x53, 0x14, 0x44, 0x2D, 0x43
    .byte   0x0E, 0x14, 0x3F, 0xE4, 0x21, 0xED, 0xFE, 0xDD, 0xDF, 0xED, 0xFE, 0xEE,    1, 0x01, 0xEF, 0x01
    .byte   0x2E, 0xE1, 0xFF, 0xD0, 0x12, 0xFF, 0x22, 0x10, 0x0E, 0x0E, 0xD0, 0xEE, 0xEE, 0xFF, 0xEE, 0x0E
    .byte   0xEE, 0xEF, 0x00, 0xFF, 0x44, 0x24, 0x34, 0x5D, 0x24, 0x0F, 0xF2, 0x31, 0x01,   70, 0x00, 0xEE
    .byte   0xE0, 0xDD, 0xED, 0xEE, 0xEE, 0xEF, 0xFF, 0xEF, 0xFF, 0xFF, 0xE1, 0x1E, 0xFF, 0x01, 0xFF, 0x22
    .byte   0xF0, 0x10, 0xFF, 0xEE, 0xEE, 0xEE, 0xEE, 0xFF, 0xEE, 0xEE, 0x1D, 0x01, 0x00, 0x14,  -29, 0x02
    .byte   0x44, 0x44, 0xE2, 0x32, 0xEE, 0x22, 0x2E, 0x23, 0xFF, 0xFE, 0x0D, 0xDE, 0xED, 0xEE, 0xEE, 0xFF
    .byte   0x0E, 0xEF, 0xFF, 0xEF, 0x0F, 0xEF, 0x11, 0x10, 0x12, 0x20, 0x21, 0x10, 0xE0, 0xDE, 0xEE,  -29
    .byte   0x0D, 0xFE, 0xF0, 0xD0, 0xFE, 0xEE, 0x00, 0xF1, 0x44, 0x34, 0x35, 0x4F, 0x03, 0x2E, 0xD1, 0x22
    .byte   0xF0, 0x31, 0x10, 0xF0, 0xDD, 0xED, 0xED, 0x00, 0xEE, 0x01, 0xFE, 0xE0, 0x1E, 0xE0, 0x10, 0xFF
    .byte    -11, 0x01, 0x10, 0x21, 0x12, 0x20, 0x1F, 0xFE, 0xDE, 0xDE, 0xDD, 0xEF, 0xFF, 0xE0, 0xE0, 0x0D
    .byte   0x02, 0xEE, 0x45, 0x24, 0x44, 0x5E, 0xE3, 0x2E, 0xEF, 0xE1, 0x20, 0x21, 0x21, 0x1F, 0xDF, 0xED
    .byte   0xED,   17, 0x0E, 0xFE, 0xE1, 0xFE, 0xEE, 0x01, 0x1E, 0x02, 0x02, 0xE0, 0x10, 0x11, 0x11, 0x22
    .byte   0xF0, 0x0E, 0xED, 0xED, 0xED, 0xEE, 0xF0, 0xFF, 0xEE, 0x2D, 0xE1, 0x0E, 0x25, 0x33, 0x44, 0x44
    .byte   0xF0, 0x31,   47, 0x0E, 0xEE, 0x20, 0x21, 0x01, 0x20, 0xEE, 0xEE, 0xFD, 0xDF, 0xFF, 0xEE, 0xFF
    .byte   0x0E, 0xEF, 0x00, 0xF1, 0xF2, 0x00, 0x10, 0x00, 0x21, 0x12, 0x01, 0x00, 0xFD, 0xED, 0xED, 0xEE
    .byte   0xEF, 0xEF, 0x0F,  -52, 0x0F, 0xEE, 0xFE, 0xF2, 0x44, 0x34, 0x44, 0x42, 0x21, 0x1F, 0xEE, 0xD0
    .byte   0x11, 0x1F, 0x12, 0x2E, 0xEE, 0x0E, 0xED, 0xEF, 0xEF, 0xE0, 0xE0, 0x10, 0xEF, 0x01, 0x0F, 0xE2
    .byte   0xF0, 0x1F, 0x12, 0x13,   10, 0x00, 0x20, 0x0E, 0xDE, 0xDE, 0xDD, 0xEF, 0xEF, 0x00, 0xFF, 0xEF
    .byte   0xDE, 0x0E, 0x00, 0x45, 0x33, 0x44, 0x51, 0xF1, 0x2F, 0xED, 0xEF, 0xE2, 0x2F, 0xE1, 0x31, 0xED
    .byte   0xF1, 0xEE, 0xDF, 0xEF, 0xFE,   -3, 0x01, 0x11, 0xFF, 0xE0, 0x20, 0xFE, 0x01, 0x20, 0x02, 0x22
    .byte   0x20, 0x0E, 0xFF, 0xED, 0xDE, 0xDF, 0xDE, 0xF1, 0x01, 0x0E, 0xF0, 0xFD, 0xEF, 0xFE, 0x14, 0x44
    .byte   0x23, 0x55, 0x0E, 0x23, 0xEE, 0xED,   35, 0x0F, 0x02, 0x1D, 0x13, 0x2E, 0xDE, 0x20, 0xDD, 0xFF
    .byte   0xEF, 0xFF, 0x1F, 0x12, 0xFE, 0x01, 0x1E, 0xEF, 0x2F, 0xF0, 0x11, 0x22, 0x0E, 0xFF, 0x1E, 0xDE
    .byte   0xED, 0xEE, 0xEE, 0x10, 0xE2, 0xEF, 0xFE,  -53, 0x0E, 0x01, 0x0E, 0x34, 0x42, 0x33, 0x53, 0x11
    .byte   0x32, 0xEF, 0xEF, 0xEF, 0x12, 0xDE, 0x11, 0x0E, 0xDF, 0xFE, 0xEE, 0xFF, 0xF1, 0x20, 0xF1, 0x22
    .byte   0x0F, 0xE1, 0x1E, 0xEE, 0xF0, 0x01, 0xFF, 0x02,    4, 0x0F, 0xE0, 0xE1, 0xED, 0xFD, 0xEF, 0xEF
    .byte   0xEE, 0x00, 0x1F, 0xE1, 0x01, 0x1E, 0x12, 0x43, 0x12, 0x34, 0x32, 0x22, 0x22, 0x12, 0xFE, 0x02
    .byte   0x2E, 0xEE, 0x11, 0xED, 0xEE, 0xFF, 0xFE, 0xEE, 0x22,   10, 0x00, 0xE2, 0x20, 0x11, 0xD1, 0x0F
    .byte   0x0E, 0xFE, 0x1F, 0xFF, 0xEF, 0x0E, 0x23, 0xB4, 0x2B, 0x5D, 0xC4, 0x1D, 0x3D, 0x02, 0xE2, 0x21
    .byte   0xD2, 0xE2, 0x2D, 0x3F, 0xD4, 0xEF, 0x2F, 0x21, 0x22, 0xE0,   11, 0x0C, 0x33, 0xD3, 0xEF, 0x20
    .byte   0x11, 0x00, 0xE2, 0xE0, 0x3D, 0x21, 0xD3, 0xFE, 0x2F, 0xE2, 0xFF, 0x0F, 0xF0, 0x00, 0xE0, 0x00
    .byte   0x00, 0xFF, 0x10, 0x10, 0xF0, 0x00, 0x00, 0xE0, 0x0F, 0x00, 0xFE,   -4, 0x00, 0xF0, 0xE0, 0x0F
    .byte   0x01, 0xF0, 0xF1, 0x11, 0x0F, 0x11, 0x01, 0x0F, 0x10, 0x01, 0x00, 0x10, 0xF0, 0x01, 0x00, 0x11
    .byte   0x01, 0x01, 0x10, 0x01, 0xF1, 0x01, 0x0F, 0x10, 0x00, 0x00, 0x01, 0x00,    4, 0x0F, 0x01, 0x0F
    .byte   0x00, 0x00, 0x0F, 0x0F, 0x1F, 0x00, 0xFF, 0x10, 0x0F, 0x0F, 0x00, 0x0F, 0x1F, 0x10, 0x0F, 0x10
    .byte   0x01, 0xF1, 0x01, 0x00, 0x0F, 0x1F, 0x10, 0x1F, 0x01, 0x00, 0xF0, 0x1F, 0x01,    1, 0x0F, 0x00
    .byte   0x00, 0x00, 0x00, 0x00, 0x00, 0x00, 0x00, 0x00, 0x1F, 0x01, 0x00, 0xF1, 0x00, 0x00, 0x00, 0x00
    .byte   0x00, 0x00, 0xF1, 0x0F, 0x01, 0x00, 0xF0, 0x00, 0x01, 0x0F, 0x00, 0x1F, 0x1F, 0x1F,    0, 0x01
    .byte   0xF1, 0xF0, 0x10, 0x0F, 0x00, 0x00, 0xF1, 0x0F, 0x00, 0x10, 0x00, 0xF1, 0x00, 0x00, 0xF1, 0x0F
    .byte   0x10, 0x0F, 0x10, 0x00, 0x00, 0x00, 0x00, 0x00, 0x00, 0x10, 0xF0, 0x01, 0xF0, 0x0F, 0x10,    0
    .byte   0x00, 0xF1, 0x00, 0xF1, 0xF1, 0xF1, 0x00, 0x0F, 0x10, 0x01, 0x0F, 0x00, 0x10, 0xF0, 0x1F, 0x00
    .byte   0x1F, 0x00, 0xF0, 0x1F, 0x00, 0x00, 0x00, 0x10, 0x10, 0x0F, 0x00, 0xF1, 0x0E, 0x20, 0xF1, 0xF1
    .byte      1, 0x0F, 0x00, 0xF0, 0x11, 0x02, 0x00, 0x31, 0xE3, 0xFB, 0xD4, 0xE3, 0x2D, 0x00, 0x50, 0xCC
    .byte   0xC2, 0x33, 0xEA, 0x65, 0xB6, 0x4C, 0xEB, 0xA4, 0x5B, 0x3E, 0xC7, 0xB2, 0x59, 0xE4, 0xD7, 0x28
    .byte   0x6B,  -18, 0x07, 0x1A, 0x0E, 0xC7, 0xA5, 0xE9, 0x6E, 0x26, 0x9B, 0x7B, 0xE7, 0x95, 0x39, 0x7D
    .byte   0x15, 0x86, 0xEC, 0x6C, 0xC4, 0xB6, 0xB5, 0xF9, 0x63, 0xA7, 0xE8, 0x73, 0xA6, 0x49, 0x6B, 0xE7
    .byte   0xA3, 0x49,    7, 0x0D, 0x23, 0xC3, 0xB6, 0xB5, 0x2B, 0x13, 0xB6, 0x39, 0x7B, 0xC5, 0xEC, 0x79
    .byte   0xE5, 0xD5, 0xA4, 0xC5, 0x2A, 0x53, 0xA6, 0xDA, 0x7B, 0xE3, 0xE2, 0x12, 0xC3, 0x5B, 0xD4, 0x12
    .byte   0x0D, 0xD0, 0x4F,   -2, 0x05, 0xAE, 0x4B, 0x64, 0xAE, 0xE1, 0x44, 0x4A, 0xC4, 0xB7, 0x3A, 0x2C
    .byte   0xF5, 0x5D, 0xBD, 0xDF, 0x72, 0xCC, 0xA4, 0x64, 0x1B, 0xBD, 0x35, 0x5D, 0xBB, 0xE6, 0x6C, 0xCB
    .byte   0xC5, 0x53, 0xEB, 0xB2,    9, 0x04, 0xED, 0xA1, 0x43, 0x42, 0xBC, 0x23, 0x52, 0xCC, 0xFF, 0x43
    .byte   0x1E, 0xBE, 0x44, 0x2D, 0xCD, 0x33, 0x30, 0xDD, 0xE3, 0x40, 0xEC, 0xD2, 0x34, 0x1C, 0xDE, 0x34
    .byte   0x0E, 0xEC, 0xF3, 0x33, 0xED,   -8, 0x01, 0x32, 0x2E, 0xDD, 0x22, 0x31, 0xED, 0x12, 0x03, 0x1E
    .byte   0xDE, 0x23, 0x2E, 0xDE, 0x12, 0x32, 0xED, 0xE2, 0x23, 0x1D, 0xDE, 0x13, 0x32, 0xDD, 0xE2, 0x33
    .byte   0x1D, 0xDE, 0x33, 0x2F, 0xDD, 0xE3,    5, 0x01, 0xEE, 0xD1, 0x33, 0x2D, 0xD0, 0x23, 0x0F, 0xEF
    .byte   0xE1, 0x31, 0xFE, 0xEE, 0x12, 0x1F, 0xEE, 0x12, 0x3F, 0xED, 0x02, 0x21, 0x01, 0xED, 0x11, 0x23
    .byte   0xED, 0xE2, 0x23, 0xFE, 0xEE, 0x12, 0x02,    5, 0x0E, 0xFE, 0xF3, 0x20, 0xED, 0x10, 0x32, 0x2E
    .byte   0xDF, 0x13, 0x20, 0xEE, 0x02, 0x10, 0x11, 0x2F, 0xEE, 0x2F, 0x01, 0x0E, 0xEE, 0x02, 0xEE, 0xDE
    .byte   0x13, 0x1E, 0xFE, 0x22, 0xED, 0xFE, 0xEF, 0x00,  -32, 0x0F, 0xE3, 0x3E, 0xF0, 0xDF, 0x22, 0x32
    .byte   0x44, 0x33, 0x3F, 0x33, 0xFE, 0xDB, 0xD2, 0x3F, 0xEE, 0xD2, 0x22, 0x2F, 0xDE, 0x11, 0x12, 0x2E
    .byte   0xE2, 0x1E, 0xEF, 0xFD, 0xDC, 0xF1, 0x12, 0x0E, 0xEF,  -23, 0x02, 0x0D, 0xDD, 0x21, 0x12, 0xED
    .byte   0xD1, 0x33, 0xED, 0xDF, 0x23, 0x54, 0x04, 0x52, 0x34, 0x3D, 0xED, 0xC0, 0xDC, 0xE1, 0x11, 0x23
    .byte   0xF2, 0x31, 0xFF, 0xFD, 0x11, 0xE0, 0xFD, 0x01, 0xF1, 0x0E,    6, 0x0F, 0xE0, 0x12, 0xEE, 0xEE
    .byte   0x22, 0x31, 0xED, 0xDE, 0x2E, 0xED, 0xDD, 0xE3, 0x21, 0xDD, 0xE2, 0x22, 0xE0, 0xFD, 0x44, 0x55
    .byte   0x63, 0x32, 0xDC, 0xEE, 0xCC, 0xCC, 0xE3, 0x34, 0x32, 0x22, 0x22,   42, 0x0E, 0xDD, 0xDE, 0xEE
    .byte   0x1F, 0xEE, 0xF2, 0x22, 0x21, 0x00, 0xF0, 0x3F, 0x1E, 0xEE, 0x11, 0x12, 0x1E, 0xDE, 0xDE, 0xEE
    .byte   0xFE, 0xDF, 0x03, 0x11, 0xFD, 0xDE, 0xE1, 0x0F, 0x03, 0x44, 0x56, 0x53,   78, 0x0E, 0xDC, 0xCC
    .byte   0xDC, 0xCC, 0x33, 0x44, 0x44, 0xEE, 0xF2, 0x2D, 0xDD, 0xDD, 0xD2, 0x30, 0xEF, 0xE2, 0x12, 0x32
    .byte   0xEE, 0xF0, 0x21, 0x22, 0xEE, 0xE0, 0x11, 0x1F, 0xED, 0xDF, 0xF0, 0xFE, 0xED,  -37, 0x01, 0x21
    .byte   0xED, 0xCD, 0xE0, 0x24, 0x32, 0x44, 0x66, 0x43, 0x2C, 0xBB, 0xDC, 0xDC, 0xDE, 0x23, 0x45, 0x44
    .byte   0xEF, 0xF0, 0xFE, 0xEC, 0xCC, 0xE1, 0x22, 0x10, 0xFE, 0x04, 0x33, 0x1F, 0xDE, 0xE2,   14, 0x02
    .byte   0xEC, 0xD0, 0x13, 0x23, 0xED, 0xEE, 0x01, 0x0E, 0xDD, 0xD2, 0x21, 0xED, 0xDC, 0xD1, 0x24, 0x33
    .byte   0x44, 0x56, 0x54, 0x0C, 0xBB, 0xCC, 0xCE, 0xDE, 0xF3, 0x45, 0x44, 0x0F, 0xFE, 0xEF, 0xED,   10
    .byte   0x0C, 0xDE, 0x01, 0x23, 0x0F, 0xE3, 0x33, 0x22, 0xFE, 0xDE, 0x01, 0xFE, 0xE0, 0xEF, 0x03, 0x2F
    .byte   0xF1, 0xDE, 0xE0, 0xEE, 0xEE, 0xEE, 0xD0, 0xFE, 0xDD, 0xEF, 0x14, 0x44, 0x55, 0x64, 0x30, 0xCB
    .byte     23, 0x0C, 0xDC, 0xEE, 0x11, 0x34, 0x44, 0x41, 0xEE, 0xDE, 0xEE, 0xED, 0xDC, 0xEF, 0xF3, 0x32
    .byte   0x11, 0x22, 0x13, 0x21, 0x0D, 0xEE, 0xEF, 0xE1, 0x10, 0xF0, 0x12, 0x11, 0x1E, 0xED, 0xFE, 0xEE
    .byte   0xEE,  -37, 0x0E, 0xE1, 0xED, 0xEE, 0xEF, 0x34, 0x44, 0x56, 0x53, 0x0D, 0xBB, 0xCD, 0xDE, 0xF1
    .byte   0x22, 0x43, 0x54, 0x1E, 0xDD, 0xCD, 0x10, 0xDE, 0xDC, 0xE2, 0x33, 0x33, 0x0E, 0x1E, 0x22, 0x0F
    .byte   0xED, 0xEF,   -4, 0x02, 0x22, 0xFE, 0x10, 0x02, 0x00, 0xE0, 0xED, 0xEE, 0xEE, 0xEF, 0xED, 0x0E
    .byte   0xFE, 0xDF, 0xEE, 0x34, 0x44, 0x46, 0x33, 0x2D, 0xCB, 0xD0, 0xD2, 0x23, 0x2F, 0x34, 0x43, 0xF0
    .byte   0xDC, 0xCE, 0xEE,    0, 0x00, 0xEC, 0x02, 0x33, 0x32, 0x1D, 0xEF, 0x01, 0xF0, 0xEE, 0xE1, 0x32
    .byte   0x23, 0x0E, 0xEE, 0x1F, 0x00, 0xE0, 0xED, 0xFF, 0xED, 0xFF, 0xEE, 0xEF, 0xED, 0xEE, 0xE0, 0x33
    .byte   0x34, 0x35, 0x43, 0x4E,   39, 0x0C, 0xC0, 0xE1, 0x32, 0x2F, 0x24, 0x33, 0x3E, 0xEC, 0xCE, 0xED
    .byte   0xEE, 0xEC, 0xE2, 0x24, 0x32, 0x0D, 0xED, 0x02, 0x11, 0xEE, 0xEF, 0x33, 0x32, 0x10, 0xDF, 0x01
    .byte   0xFE, 0xFE, 0xDE, 0xFE, 0xFF,  -27, 0x0E, 0xEE, 0xEE, 0xED, 0xFD, 0xE1, 0x33, 0x44, 0x45, 0x42
    .byte   0x3F, 0xDC, 0xC2, 0xE1, 0x32, 0x21, 0x24, 0x33, 0x20, 0xEC, 0xDD, 0xDD, 0xDF, 0xDD, 0x01, 0x33
    .byte   0x33, 0xED, 0xEE, 0x0F, 0x0E, 0xEF,  -13, 0x02, 0x33, 0x30, 0xFE, 0xEF, 0xFF, 0x2E, 0xDE, 0xEE
    .byte   0xE0, 0x0E, 0xED, 0xEF, 0xEF, 0xEE, 0xDD, 0xEE, 0x14, 0x44, 0x45, 0x52, 0x32, 0xDC, 0xDE, 0x01
    .byte   0x23, 0xFF, 0x33, 0x33, 0x21, 0xDD, 0xDD,   24, 0x0D, 0xED, 0xCE, 0xF2, 0x33, 0x30, 0xE0, 0xEF
    .byte   0x1F, 0xFE, 0xEE, 0x02, 0x22, 0x32, 0xFF, 0xFF, 0xFF, 0xF0, 0xDD, 0xEE, 0xEF, 0xEF, 0xEE, 0xEF
    .byte   0xEE, 0x0E, 0xDE, 0xDE, 0x04, 0x34, 0x44, 0x53,   41, 0x04, 0xDD, 0xCE, 0x11, 0x22, 0x2E, 0x03
    .byte   0x33, 0x32, 0x0C, 0xDE, 0xDE, 0xDD, 0xDC, 0xE0, 0x23, 0x23, 0x1F, 0xF1, 0x0F, 0x1E, 0xEE, 0xE0
    .byte   0x22, 0x22, 0x20, 0xE2, 0x0F, 0xFF, 0xED, 0xD0, 0xEE,  -28, 0x0E, 0xEE, 0xEF, 0x1F, 0xEF, 0xEE
    .byte   0xDE, 0x01, 0x34, 0x43, 0x45, 0x33, 0x3F, 0xDD, 0xE2, 0x02, 0x2E, 0xF0, 0x33, 0x32, 0xFE, 0xDE
    .byte   0xED, 0xED, 0xDC, 0xEE, 0xF2, 0x22, 0x22, 0xF0, 0x20, 0x0E,    4, 0x0D, 0xF0, 0x01, 0x11, 0x10
    .byte   0x20, 0x21, 0xF0, 0xFD, 0xED, 0xFE, 0xDF, 0xEE, 0xFE, 0x0E, 0xFF, 0xFE, 0xDE, 0xE0, 0x33, 0x43
    .byte   0x35, 0x34, 0x32, 0x0D, 0x02, 0x02, 0x10, 0xEF, 0x23, 0x22, 0xFF,   50, 0x0E, 0xEE, 0xDE, 0xED
    .byte   0xDE, 0xEF, 0x01, 0x2F, 0x10, 0x02, 0x11, 0x1E, 0xFF, 0xF1, 0x00, 0x2F, 0xF1, 0x1F, 0xFF, 0xF0
    .byte   0xEE, 0xFE, 0xEE, 0xEE, 0xEE, 0xE0, 0xEF, 0x1E, 0xEF, 0xEE, 0xE0, 0x22,  -55, 0x02, 0x34, 0x34
    .byte   0x33, 0x12, 0x23, 0x22, 0x22, 0x02, 0x22, 0x21, 0x1F, 0xEE, 0xEE, 0xED, 0xED, 0xEE, 0xDE, 0xFE
    .byte   0xEF, 0xE0, 0xF0, 0x11, 0xF1, 0x00, 0x11, 0x00, 0x0F, 0x0F, 0x11, 0x10, 0x0F,   -7, 0x0F, 0xEE
    .byte   0xEE, 0xEE, 0xEE, 0xEF, 0xEF, 0xEE, 0xEE, 0xE1, 0x02, 0x12, 0x33, 0x43, 0x42, 0x32, 0x33, 0x32
    .byte   0x23, 0x22, 0x22, 0x12, 0xFE, 0xEE, 0xEE, 0xDE, 0xDE, 0xDE, 0xDE, 0xEE, 0xEE, 0xEF,  -16, 0x00
    .byte   0x01, 0xF0, 0x01, 0x11, 0x01, 0x10, 0x11, 0x10, 0x20, 0x0F, 0x0E, 0xFE, 0xEE, 0xEE, 0xEF, 0xEE
    .byte   0xFE, 0xFE, 0xEE, 0xE0, 0x11, 0x22, 0x34, 0x33, 0x33, 0x32, 0x32, 0x33, 0x22, 0x22, 0x22,   78
    .byte   0x00, 0xEE, 0xEE, 0xEE, 0xDE, 0xED, 0xED, 0xEE, 0xEE, 0xEE, 0xFF, 0xFF, 0xF0, 0xF0, 0x01, 0x10
    .byte   0x0F, 0x01, 0x02, 0x01, 0x11, 0x00, 0x0E, 0xEE, 0xFE, 0xEE, 0xEE, 0xFE, 0xEF, 0xEE, 0xEF, 0xE1
    .byte    -64, 0x02, 0x23, 0x34, 0x23, 0x32, 0x33, 0x33, 0x23, 0x21, 0x32, 0x21, 0x0E, 0xFE, 0xEE, 0xED
    .byte   0xEE, 0xDE, 0xED, 0xEE, 0xEE, 0xEF, 0x0F, 0x00, 0xFF, 0x1F, 0xF1, 0xF0, 0xF1, 0x02, 0x0F, 0x10
    .byte   0xF0,  -11, 0x0F, 0x0E, 0xEF, 0xEE, 0xFE, 0xFE, 0xEF, 0xEE, 0xEF, 0xEF, 0xF0, 0x22, 0x33, 0x43
    .byte   0x32, 0x33, 0x33, 0x23, 0x22, 0x23, 0x22, 0x00, 0xEF, 0xEE, 0xED, 0xED, 0xED, 0xEE, 0xDE, 0xEE
    .byte   0xEE, 0xFF,  -12, 0x01, 0xFF, 0xFF, 0x01, 0x10, 0x00, 0x01, 0x02, 0x10, 0xFF, 0xFF, 0xFF, 0xEE
    .byte   0xEF, 0xE0, 0xEE, 0xEF, 0xEE, 0xFE, 0xEF, 0xFF, 0x02, 0x33, 0x33, 0x42, 0x33, 0x33, 0x32, 0x32
    .byte   0x22, 0x32, 0x11,   79, 0x0E, 0x0D, 0xEE, 0xDE, 0xDE, 0xDE, 0xED, 0xEE, 0xEE, 0xF0, 0xF0, 0xF0
    .byte   0xFF, 0x01, 0x00, 0xF0, 0x11, 0x12, 0x10, 0x00, 0x0F, 0x0F, 0xFE, 0xEE, 0xFE, 0xEE, 0xEE, 0xEE
    .byte   0xFF, 0xEF, 0xF0, 0x12,  -45, 0x03, 0x33, 0x23, 0x33, 0x33, 0x32, 0x32, 0x32, 0x21, 0x2F, 0xF0
    .byte   0xEE, 0xEE, 0xDD, 0xDF, 0xDD, 0xED, 0xD1, 0x1E, 0xEF, 0x2D, 0xE1, 0x11, 0x00, 0x10, 0x11, 0x21
    .byte   0x00, 0x01, 0x00, 0x1E, 0xEE,  -25, 0x0E, 0xEE, 0xD1, 0xEE, 0x0E, 0xEF, 0xF0, 0x22, 0x34, 0x44
    .byte   0x33, 0x33, 0x23, 0x0F, 0xDE, 0x22, 0x21, 0xFE, 0xF2, 0x2F, 0x0D, 0xDD, 0x0F, 0xEE, 0xDD, 0xF1
    .byte   0x21, 0xFE, 0xF2, 0x22, 0xFE, 0xD0,   -5, 0x01, 0x1E, 0xFF, 0x22, 0x30, 0xEE, 0xEF, 0xFE, 0xDD
    .byte   0xDE, 0xF0, 0xFE, 0xFE, 0x12, 0xFE, 0xDE, 0x02, 0x23, 0x35, 0x43, 0x43, 0x23, 0x11, 0xFD, 0xDE
    .byte   0x22, 0x11, 0x01, 0x22, 0x2E, 0xDE, 0xEE,   21, 0x0E, 0xDD, 0xE0, 0x1F, 0xFF, 0x22, 0x22, 0x1E
    .byte   0xEE, 0x11, 0xEE, 0xE1, 0x22, 0x22, 0xFF, 0xF0, 0x1D, 0xDD, 0xDF, 0xFE, 0xEE, 0xF1, 0x20, 0x1E
    .byte   0xDE, 0xFF, 0x22, 0x23, 0x55, 0x33, 0x33, 0x20,   51, 0x0F, 0xCD, 0x22, 0x11, 0x01, 0x22, 0x32
    .byte   0xDE, 0xDF, 0xFD, 0xDD, 0xEE, 0x0F, 0xEE, 0x23, 0x22, 0x10, 0xFE, 0x0E, 0xED, 0x01, 0x22, 0x00
    .byte   0x22, 0x1F, 0xEE, 0xDD, 0xFD, 0xEE, 0xD1, 0x1F, 0x10,  -47, 0x00, 0xEE, 0xEE, 0x02, 0x22, 0x36
    .byte   0x42, 0x34, 0x22, 0xFE, 0x1C, 0xD3, 0x2F, 0x11, 0x23, 0x21, 0x0E, 0xEE, 0x0D, 0xDD, 0xEE, 0xEF
    .byte   0xEE, 0x13, 0x22, 0x02, 0x0F, 0x1E, 0xED, 0xE0, 0x20, 0x0F,   -3, 0x03, 0x21, 0xED, 0xEE, 0xED
    .byte   0xDE, 0xEE, 0x02, 0xEF, 0xF0, 0x00, 0xED, 0xD0, 0x22, 0x33, 0x64, 0x33, 0x34, 0x1D, 0xFE, 0xDD
    .byte   0xF2, 0x2F, 0xF3, 0x32, 0x10, 0x0E, 0xEE, 0xDD, 0xDE, 0xE0, 0xDE,   -8, 0x02, 0x23, 0x12, 0x21
    .byte   0x1E, 0xED, 0xDF, 0xE0, 0xF1, 0x22, 0x31, 0x0F, 0xEE, 0xDD, 0xDE, 0xDE, 0x1F, 0xF1, 0x21, 0xE1
    .byte   0xEE, 0xDD, 0x3F, 0x12, 0x56, 0x32, 0x43, 0x4E, 0xDE, 0xED, 0xD0, 0x21,   22, 0x02, 0x42, 0x0F
    .byte   0x12, 0xEE, 0xDD, 0xDD, 0x1E, 0xED, 0xF3, 0x21, 0x12, 0x32, 0xEE, 0xEE, 0xED, 0x1E, 0xE1, 0x23
    .byte   0x20, 0x01, 0x0E, 0xDD, 0xDD, 0xEF, 0xFF, 0xE1, 0x22, 0xEF, 0x0D, 0xDD, 0x22,  -62, 0x02, 0x46
    .byte   0x51, 0x33, 0x51, 0xCF, 0xDE, 0xDE, 0x0E, 0x2F, 0x43, 0x1F, 0xF3, 0xEE, 0xDD, 0xEC, 0x0E, 0xED
    .byte   0xE3, 0x22, 0xF2, 0x32, 0xFE, 0xEE, 0xDF, 0xD0, 0xFF, 0x13, 0x22, 0x1F, 0x1E, 0xDD,  -24, 0x0D
    .byte   0xEE, 0xEF, 0xF0, 0x22, 0xEF, 0xFD, 0xEE, 0x01, 0x13, 0x46, 0x41, 0x41, 0x5F, 0xDF, 0xDE, 0xC2
    .byte   0x0E, 0x11, 0x42, 0x2E, 0x03, 0xEE, 0xDD, 0xED, 0xDF, 0xEE, 0xE2, 0x30, 0xF2, 0x32, 0xFD,    7
    .byte   0x0F, 0xEE, 0xD0, 0x11, 0x12, 0x2F, 0xF1, 0x1D, 0xDD, 0xD0, 0xDF, 0x00, 0xF2, 0x3E, 0xD1, 0xEF
    .byte   0xDD, 0x32, 0xF3, 0x74, 0x23, 0x35, 0x2C, 0xE0, 0xFC, 0xD0, 0xEF, 0xF4, 0x3E, 0xE3, 0x30, 0xDD
    .byte     29, 0x00, 0xDD, 0xDF, 0xEE, 0x22, 0x10, 0x23, 0x2E, 0xEE, 0x0E, 0xED, 0xF2, 0x11, 0x00, 0x2F
    .byte   0x1E, 0xDE, 0xDE, 0xED, 0xE1, 0x1F, 0xF2, 0xE0, 0xFE, 0xFD, 0x02, 0x31, 0x46, 0x33, 0x33, 0x50
    .byte   0xDE,   50, 0x0E, 0xCF, 0xEE, 0x02, 0x30, 0xF0, 0x32, 0xED, 0xFF, 0xED, 0xD0, 0xED, 0x12, 0x1F
    .byte   0xF2, 0x21, 0xEF, 0xF1, 0xEE, 0xE0, 0x02, 0x0F, 0xF0, 0xFF, 0xED, 0xD0, 0xDE, 0xEF, 0xF0, 0x11
    .byte   0x0F, 0xEF,  -55, 0x0D, 0x31, 0x12, 0x46, 0x41, 0x24, 0x5F, 0xDE, 0x1E, 0xCE, 0xEF, 0xE2, 0x31
    .byte   0xE1, 0x33, 0xED, 0xE2, 0xED, 0xDF, 0xFD, 0x02, 0x0E, 0x02, 0x2E, 0xEE, 0x20, 0xEE, 0xE2, 0x2E
    .byte   0x10, 0x1F, 0xFE,  -17, 0x0D, 0xFE, 0xDE, 0xE1, 0xFF, 0x1F, 0x00, 0x0E, 0xD1, 0x30, 0x21, 0x65
    .byte   0x13, 0x35, 0x3D, 0xEF, 0x0D, 0xDE, 0xEF, 0xE3, 0x1E, 0xF2, 0x31, 0xDE, 0xF2, 0xED, 0xE0, 0xFF
    .byte   0x00, 0xE0, 0x01, 0xEE,   -5, 0x01, 0x1E, 0xEF, 0x22, 0xFF, 0x01, 0x1E, 0xEE, 0xDE, 0xEE, 0xDF
    .byte   0xE1, 0x0F, 0xEF, 0x1E, 0x0E, 0x13, 0x2F, 0x46, 0x33, 0x24, 0x50, 0xDE, 0x20, 0xDD, 0xC2, 0x0F
    .byte   0x2F, 0xF0, 0x23, 0xED, 0xE2,   30, 0x0D, 0xEE, 0x20, 0xEF, 0x11, 0xE0, 0xEE, 0xEE, 0x0F, 0xEE
    .byte   0x23, 0x1E, 0xF2, 0x1F, 0xDE, 0xED, 0xEE, 0xEE, 0xE0, 0x1E, 0xD1, 0x2E, 0xED, 0x33, 0x0F, 0x46
    .byte   0x41, 0x34, 0x52, 0xDF, 0x30, 0xCD,   32, 0x01, 0xFE, 0xFF, 0xFF, 0x22, 0xED, 0x12, 0x1E, 0xD2
    .byte   0x2F, 0xEF, 0x12, 0xED, 0xFF, 0xEE, 0xEF, 0xEF, 0x12, 0x0F, 0x22, 0x0E, 0xEE, 0xEE, 0xED, 0xEE
    .byte   0xE0, 0xFE, 0xE0, 0xF0, 0xED, 0x32, 0x10,  -39, 0x06, 0x23, 0x35, 0x5E, 0xE0, 0x30, 0xCD, 0xE0
    .byte   0xDE, 0x0F, 0xE0, 0x10, 0xEE, 0xF2, 0xFE, 0xE3, 0x2E, 0xF1, 0x21, 0xDE, 0xFF, 0xDD, 0xE1, 0xEF
    .byte   0x01, 0x21, 0x12, 0xFE, 0xFF, 0xEE, 0xDE, 0xFE,  -43, 0x0F, 0xEE, 0xFE, 0xEE, 0xEF, 0x31, 0x12
    .byte   0x64, 0x33, 0x45, 0x3E, 0x03, 0x2D, 0xDD, 0x11, 0xDE, 0xEE, 0xFF, 0xED, 0xE1, 0x1E, 0xE0, 0x33
    .byte   0xEE, 0x33, 0xFD, 0xE1, 0xFD, 0xDD, 0x0E, 0xEF, 0x01,  -17, 0x01, 0x20, 0xE1, 0x0E, 0xEE, 0x1E
    .byte   0xEE, 0x0F, 0xEE, 0xEE, 0xEE, 0xEF, 0x02, 0x35, 0x43, 0x44, 0x52, 0x03, 0x32, 0xDD, 0xF0, 0xED
    .byte   0xEE, 0xEF, 0xDF, 0xDE, 0xFE, 0xEE, 0xF3, 0x2E, 0x23, 0x31,   23, 0x0F, 0x1F, 0xDD, 0xEF, 0xDE
    .byte   0xEF, 0x1F, 0xF0, 0x1F, 0x1E, 0xE0, 0xF0, 0xEE, 0x02, 0xEE, 0xD1, 0x1D, 0xDF, 0x2F, 0xF4, 0x52
    .byte   0x34, 0x54, 0x01, 0x43, 0x0D, 0xF2, 0xFD, 0xEE, 0xEF, 0xDE, 0xDE,   12, 0x0E, 0xDE, 0xE2, 0x2F
    .byte   0x03, 0x32, 0x00, 0x21, 0xED, 0xEF, 0xED, 0xD0, 0x0E, 0xFE, 0x01, 0xFE, 0xE1, 0x00, 0xEE, 0x21
    .byte   0xEE, 0xF0, 0xEE, 0xD1, 0x10, 0xE4, 0x42, 0x34, 0x54, 0xE2, 0x43, 0x0E,   62, 0x03, 0x0D, 0xE1
    .byte   0xFE, 0xDE, 0xDD, 0xED, 0xDE, 0xEF, 0x0E, 0x23, 0x22, 0x12, 0x22, 0xEE, 0xE1, 0xED, 0xEF, 0x0D
    .byte   0xEE, 0x1F, 0xEE, 0xF0, 0xEF, 0xF0, 0x11, 0xE0, 0xFF, 0xEE, 0xE1, 0xE0, 0x24,  -27, 0x02, 0x34
    .byte   0x52, 0xF3, 0x43, 0xEE, 0x33, 0xED, 0x21, 0x1D, 0xDE, 0xED, 0xCD, 0xEE, 0xDE, 0xF1, 0x20, 0x23
    .byte   0x12, 0x2F, 0x10, 0xEF, 0xEE, 0x0E, 0xEE, 0xFF, 0xEE, 0xE0, 0xEE, 0xFE, 0xF0, 0x1E,  -47, 0x01
    .byte   0x0E, 0xEF, 0x1F, 0xE2, 0x44, 0xF3, 0x44, 0x3E, 0x44, 0x2E, 0x13, 0x3E, 0xE2, 0x2E, 0xED, 0xEE
    .byte   0xCD, 0xDD, 0xED, 0xEE, 0x02, 0x02, 0x22, 0x22, 0xF0, 0x0F, 0xEE, 0x0F, 0xFE, 0xF1, 0xEE,  -18
    .byte   0x0E, 0xEE, 0xFE, 0xE0, 0xF0, 0xEF, 0x1E, 0xEF, 0x00, 0xFE, 0x24, 0x32, 0x34, 0x42, 0xF4, 0x42
    .byte   0xE2, 0x33, 0xEE, 0x23, 0xED, 0xD1, 0xFC, 0xDC, 0xFE, 0xCD, 0xF0, 0x0F, 0x03, 0x21, 0x11, 0x21
    .byte      0, 0x00, 0xFF, 0x0E, 0x00, 0xFF, 0xEE, 0xFE, 0xED, 0xFF, 0xEF, 0xE0, 0x0F, 0xEF, 0xF1, 0xFE
    .byte   0x12, 0x43, 0xE4, 0x44, 0x1F, 0x44, 0xFF, 0x24, 0x2E, 0xE3, 0x2F, 0xDE, 0xFE, 0xCD, 0xDF, 0xCC
    .byte   0xEF,  -16, 0x0E, 0xE2, 0x31, 0xF2, 0x22, 0xEF, 0x10, 0xFF, 0x01, 0x0E, 0x0E, 0x0E, 0xEE, 0xEE
    .byte   0xEE, 0x0E, 0x0E, 0x0F, 0xFE, 0x01, 0x0F, 0x24, 0x21, 0x44, 0x4E, 0x24, 0x4E, 0xF3, 0x40, 0xE1
    .byte   0x31, 0xEE,   65, 0x01, 0xDC, 0xDD, 0xEC, 0xDD, 0x0E, 0xEF, 0x22, 0x00, 0x22, 0x1E, 0x21, 0x11
    .byte   0x00, 0x2F, 0x0E, 0x0F, 0xEE, 0xDF, 0xEE, 0xEF, 0xEE, 0xE0, 0xFE, 0xE2, 0x0F, 0xE4, 0x40, 0x14
    .byte   0x44, 0xD2, 0x53,   46, 0x0E, 0x44, 0xED, 0x34, 0xED, 0xE1, 0x0C, 0xCE, 0xDD, 0xCD, 0xEE, 0xEE
    .byte   0xE3, 0x10, 0x02, 0x20, 0xE2, 0x21, 0xFF, 0x22, 0x0E, 0x00, 0xEE, 0xEE, 0xFD, 0xE1, 0xEE, 0xE0
    .byte   0xE0, 0xD1, 0x20, 0xE2,  -39, 0x03, 0x12, 0x44, 0x3D, 0x44, 0x3E, 0x24, 0x3E, 0xF3, 0x3E, 0xDF
    .byte   0x2D, 0xCD, 0xDF, 0xCC, 0xDE, 0xFE, 0xD1, 0x21, 0x00, 0x22, 0x0E, 0x22, 0x2E, 0x12, 0x2F, 0xE1
    .byte   0x0E, 0xEE, 0xEE, 0xFE, 0xEE,  -41, 0x0F, 0xEE, 0x0E, 0x11, 0xE0, 0x24, 0x3E, 0x34, 0x41, 0xE4
    .byte   0x42, 0xF2, 0x43, 0xE0, 0x33, 0xEE, 0xD2, 0xEC, 0xDD, 0xFC, 0xCD, 0xFE, 0xED, 0x12, 0xFF, 0x02
    .byte   0x2E, 0x02, 0x20, 0x11, 0x20, 0x10,   -4, 0x01, 0xEF, 0xEE, 0xFE, 0xEE, 0xEE, 0xEF, 0xEE, 0xFE
    .byte   0x2E, 0x01, 0x43, 0x11, 0x44, 0x3D, 0x44, 0x3F, 0xE4, 0x4E, 0xE3, 0x31, 0xDE, 0xFF, 0xDC, 0xDE
    .byte   0xDC, 0xDD, 0xEE, 0xDF, 0x20, 0x11, 0x02,  -20, 0x01, 0x21, 0x02, 0x22, 0xF0, 0x21, 0xFE, 0xFE
    .byte   0xEE, 0xEE, 0xEF, 0xDE, 0x0E, 0xFE, 0xE1, 0x0F, 0xF3, 0x41, 0x23, 0x44, 0xE1, 0x44, 0x11, 0x33
    .byte   0x3E, 0x23, 0x1E, 0xEE, 0xED, 0xDD, 0xDD, 0xCE,   -8, 0x0D, 0xEE, 0xFF, 0xE1, 0x22, 0xFE, 0x32
    .byte   0x11, 0x22, 0x20, 0x02, 0x1F, 0xEE, 0xFE, 0xEE, 0xEE, 0xEF, 0xDE, 0x0E, 0x0D, 0x02, 0x0E, 0x14
    .byte   0x32, 0x22, 0x53, 0xE3, 0x43, 0x2F, 0x33, 0x2F, 0x23,   81, 0x0E, 0xD1, 0xED, 0xCD, 0xEC, 0xDD
    .byte   0xED, 0xD0, 0x10, 0xE0, 0x32, 0xE0, 0x32, 0x1F, 0x13, 0x2F, 0x02, 0x0E, 0xFE, 0x0D, 0xEE, 0xEE
    .byte   0xEE, 0xEE, 0xEE, 0x1E, 0xF0, 0xFF, 0x14, 0x32, 0x32, 0x44,   17, 0x03, 0x33, 0x31, 0x32, 0x21
    .byte   0x22, 0xFE, 0xEE, 0xED, 0xDC, 0xED, 0xCD, 0xED, 0xEE, 0xF0, 0xF1, 0x22, 0x2F, 0x22, 0x21, 0x22
    .byte   0x21, 0xF1, 0x10, 0xEF, 0xEE, 0xED, 0xFE, 0xEE, 0xEE, 0xEE, 0xE0,  -52, 0x0F, 0xFF, 0xF2, 0x34
    .byte   0x23, 0x33, 0x33, 0x33, 0x22, 0x32, 0x32, 0x11, 0x1F, 0x0E, 0xDE, 0xDD, 0xDD, 0xCD, 0xDD, 0xEE
    .byte   0xEF, 0xF1, 0x12, 0x22, 0x12, 0x22, 0x12, 0x21, 0x11, 0x0F, 0xFE, 0xEE,  -11, 0x0E, 0xEE, 0xEE
    .byte   0xFE, 0x20, 0x2F, 0xF0, 0x00, 0x10, 0xF0, 0xE2, 0x23, 0x33, 0x22, 0x22, 0x22, 0x22, 0x22, 0x21
    .byte   0x02, 0x00, 0xEF, 0xEE, 0xED, 0xDE, 0xED, 0xEE, 0xFF, 0xF1, 0x11, 0x11, 0x11,   -6, 0x01, 0x11
    .byte   0x10, 0xE0, 0xFF, 0x10, 0x10, 0x11, 0x11, 0x10, 0x11, 0x10, 0x00, 0x1F, 0x0E, 0x0F, 0xE0, 0xE0
    .byte   0xE0, 0xE0, 0xFF, 0xFF, 0x1F, 0x10, 0x12, 0x11, 0x21, 0x21, 0x21, 0x22, 0x02, 0x11,   17, 0x01
    .byte   0x20, 0x10, 0x00, 0x01, 0x00, 0xF0, 0xFF, 0x00, 0xFF, 0xF0, 0xEF, 0x0E, 0x0E, 0x0E, 0xFF, 0xEF
    .byte   0xEF, 0xFF, 0xFF, 0xF0, 0x00, 0x01, 0x10, 0x11, 0x10, 0x10, 0x10, 0x01, 0xF0, 0xF1, 0xFF,  -11
    .byte   0x00, 0xF1, 0xF1, 0xF0, 0x11, 0x00, 0x10, 0x20, 0x11, 0x02, 0x02, 0x10, 0x20, 0x21, 0x01, 0x2F
    .byte   0x01, 0x10, 0xF0, 0xF0, 0xFF, 0xFF, 0xFF, 0xF0, 0xE0, 0xFF, 0x0E, 0xFF, 0xFF, 0xFF, 0xFF, 0xF0
    .byte     -8, 0x0F, 0x0F, 0x1F, 0x01, 0x01, 0x01, 0x01, 0x01, 0xF1, 0x00, 0x01, 0x0F, 0x00, 0xF1, 0x00
    .byte   0xF1, 0x0F, 0x01, 0x00, 0x01, 0x00, 0x00, 0x10, 0x01, 0x01, 0x10, 0x11, 0xF1, 0x11, 0x01, 0xF1
    .byte   0x10,    6, 0x01, 0x1F, 0x01, 0x00, 0x00, 0x00, 0xF1, 0xFF, 0xF1, 0xF0, 0xF0, 0xFF, 0xFF, 0x0F
    .byte   0xF0, 0xF0, 0x00, 0x0F, 0x01, 0xF1, 0xF1, 0x1F, 0x10, 0xF1, 0x0F, 0x1F, 0x00, 0x10, 0x0F, 0x10
    .byte   0xF1, 0x0F,   -3, 0x00, 0xF1, 0x0F, 0x10, 0x01, 0xF1, 0x01, 0x00, 0x00, 0x01, 0x10, 0x00, 0x01
    .byte   0x0F, 0x10, 0x01, 0x0F, 0x00, 0x11, 0xF0, 0x00, 0x1F, 0x10, 0xF1, 0x00, 0x00, 0x0F, 0x00, 0x00
    .byte   0xF0, 0x00, 0x00,    1, 0x0F, 0x0F, 0x1F, 0xF0, 0x0F, 0x00, 0x00, 0x0F, 0x10, 0x00, 0x01, 0xF0
    .byte   0x10, 0x00, 0x01, 0x10, 0x00, 0xF1, 0x00, 0xF1, 0xF1, 0x00, 0x0F, 0x00, 0x1F, 0x00, 0x00, 0x01
    .byte   0xF0, 0x00, 0x01, 0x00,    0, 0x01, 0x0F, 0x01, 0x01, 0xF1, 0x00, 0x00, 0x1F, 0x00, 0xF1, 0x00
    .byte   0x0F, 0x0F, 0x10, 0x0F, 0x00, 0x00, 0xF0, 0x00, 0xF1, 0xF0, 0x00, 0x10, 0x0F, 0x01, 0x00, 0xF1
    .byte   0x00, 0x01, 0x00, 0x0F, 0x10,   -1, 0x00, 0x10, 0x00, 0x1F, 0x01, 0xF1, 0xF1, 0xF0, 0x00, 0x00
    .byte   0x10, 0xF1, 0xF1, 0x00, 0x01, 0xF1, 0xF0, 0x00, 0x00, 0x1F, 0x00, 0x00, 0xF0, 0x00, 0x00, 0xF0
    .byte   0x10, 0x00, 0x0F, 0x00, 0x1F, 0x00,   -1, 0x0F, 0x10, 0x00, 0x00, 0x00, 0x00, 0x00, 0x00, 0x00
    .byte   0x00, 0x00, 0x1F, 0x01, 0xF0, 0x1F, 0x10, 0x00, 0x01, 0x0F, 0x01, 0x00, 0x00, 0x00, 0x00, 0x0F
    .byte   0x1F, 0x10, 0xF0, 0x01, 0xF0, 0x00, 0x00,    1, 0x0F, 0xF0, 0x1F, 0x1F, 0x10, 0x1F, 0x00, 0x00
    .byte   0xF1, 0x00, 0x00, 0x00, 0xF1, 0x00, 0x0F, 0x00, 0x01, 0xF0, 0x00, 0x10, 0xF0, 0x01, 0xF1, 0xF1
    .byte   0xF2, 0x3F, 0xED, 0xD0, 0x43, 0x1B, 0xE2, 0x44,   26, 0x0F, 0xCC, 0xD1, 0x32, 0x20, 0xEF, 0x0E
    .byte   0xEE, 0xE2, 0x32, 0x31, 0xFE, 0xE1, 0x1F, 0x0E, 0x01, 0x12, 0x2F, 0xEF, 0xF0, 0x00, 0x00, 0x20
    .byte   0xFF, 0xFF, 0x23, 0x3E, 0xDD, 0xDE, 0xF2, 0x32, 0x11,    2, 0x0E, 0xEE, 0xE1, 0x22, 0x22, 0x20
    .byte   0x0F, 0xEF, 0xEF, 0x11, 0x22, 0x2F, 0x0E, 0xEE, 0xEF, 0x11, 0x23, 0x12, 0xE0, 0xDE, 0xEF, 0x22
    .byte   0x22, 0x20, 0xFE, 0xDF, 0x00, 0x12, 0x22, 0x0E, 0x0E, 0xE0,   -6, 0x00, 0x12, 0x12, 0x11, 0x0E
    .byte   0xEF, 0xF0, 0x12, 0x02, 0x10, 0xEE, 0x0E, 0x10, 0x01, 0x12, 0x11, 0x1F, 0xE0, 0xE0, 0x01, 0x12
    .byte   0x11, 0x0F, 0xEE, 0xFF, 0x10, 0x21, 0x11, 0x10, 0xFE, 0x11, 0x11,    2, 0x01, 0x11, 0x10, 0x0E
    .byte   0x00, 0x01, 0x00, 0x10, 0x0F, 0xF0, 0x00, 0xF2, 0xF0, 0x0F, 0xF0, 0xEF, 0xFF, 0x00, 0x11, 0x10
    .byte   0x0F, 0xEF, 0x0E, 0x01, 0x10, 0x20, 0x10, 0x00, 0xEF, 0xFF, 0x01, 0xF1,  -10, 0x01, 0x01, 0x11
    .byte   0x21, 0x02, 0x00, 0x11, 0x02, 0x22, 0x22, 0x22, 0xFF, 0xFE, 0xFE, 0xFF, 0x01, 0x0F, 0xFF, 0xEE
    .byte   0xFE, 0xFE, 0x0F, 0x00, 0x0E, 0x0E, 0x0E, 0xF0, 0xF0, 0xEF, 0xFF, 0xEE, 0x0F,  -32, 0x01, 0x02
    .byte   0x00, 0x10, 0x00, 0x00, 0x11, 0x22, 0x21, 0x22, 0x23, 0x32, 0x33, 0x30, 0x0E, 0xEE, 0xDE, 0xF0
    .byte   0x10, 0xFF, 0xEE, 0xDE, 0xDE, 0xFF, 0x22, 0x12, 0x21, 0x10, 0x20, 0x12, 0x12, 0x10,   20, 0x0E
    .byte   0xEE, 0xEE, 0xE0, 0x01, 0x1F, 0x0F, 0xFE, 0x0E, 0x0F, 0xF1, 0x11, 0x0F, 0xEE, 0xEF, 0xEF, 0xE0
    .byte   0xFF, 0x0F, 0x0F, 0x02, 0x12, 0x22, 0x32, 0x33, 0x33, 0x32, 0x31, 0xF1, 0xDE, 0xEE, 0xE1,   28
    .byte   0x00, 0x0F, 0xEE, 0xDD, 0xED, 0xF1, 0x12, 0x22, 0x20, 0x00, 0x0F, 0x00, 0x20, 0x20, 0x0F, 0xFF
    .byte   0xEE, 0xFF, 0x11, 0x11, 0x11, 0x0F, 0xFF, 0xFF, 0x10, 0x11, 0xF0, 0xEE, 0xED, 0xEE, 0xEE, 0x00
    .byte    -35, 0x0F, 0x1F, 0xFF, 0xF0, 0x02, 0x12, 0x22, 0x12, 0x12, 0x12, 0x23, 0x23, 0x33, 0x30, 0x0E
    .byte   0xEE, 0xEE, 0x00, 0x20, 0x2E, 0x0E, 0xDE, 0xDE, 0xEE, 0x11, 0x22, 0x21, 0x1F, 0x0E, 0xF1, 0x01
    .byte   0x12,   10, 0x01, 0x0F, 0xEF, 0xFF, 0x01, 0x12, 0x11, 0x1F, 0xEF, 0xEF, 0xFF, 0x01, 0x0F, 0xFE
    .byte   0xEE, 0xED, 0xFE, 0xFF, 0xF1, 0x1F, 0xF0, 0xFF, 0xF0, 0x02, 0x22, 0x22, 0x11, 0x2E, 0x21, 0x13
    .byte   0x33, 0x33,   39, 0x02, 0x0F, 0xEE, 0xEE, 0xF1, 0x21, 0x20, 0xFE, 0xDE, 0xDD, 0xEF, 0xE2, 0x22
    .byte   0x21, 0x1F, 0xFE, 0xE0, 0x01, 0x21, 0x21, 0x10, 0xFE, 0xFF, 0xFF, 0x12, 0x02, 0x00, 0x0E, 0xFF
    .byte   0xE0, 0xF1, 0x00,   -1, 0x0F, 0xEE, 0xEE, 0xEE, 0xEF, 0x01, 0x0F, 0x10, 0xF0, 0xE0, 0x10, 0x21
    .byte   0x21, 0x21, 0x12, 0x01, 0x21, 0x23, 0x23, 0x32, 0x22, 0x0F, 0xEE, 0xFE, 0x01, 0x21, 0x1F, 0xFE
    .byte   0xDE, 0xDE, 0xEE, 0x02,   -2, 0x02, 0x20, 0x1F, 0x0E, 0xE0, 0x11, 0x21, 0x21, 0x01, 0x0E, 0x0E
    .byte   0xF0, 0x01, 0x20, 0x10, 0xFF, 0xEF, 0xFF, 0xF1, 0x00, 0x1F, 0xFE, 0xEE, 0xEE, 0xFF, 0xE1, 0x11
    .byte   0x0F, 0x0E, 0xFF, 0xF1, 0x10,  -27, 0x01, 0x22, 0x02, 0x00, 0x10, 0x21, 0x22, 0x32, 0x32, 0x22
    .byte   0xF0, 0xEE, 0x1E, 0x10, 0x12, 0x01, 0xFE, 0xED, 0xFD, 0xEF, 0xF1, 0x21, 0x21, 0x2F, 0xEF, 0xEF
    .byte   0xF0, 0x21, 0x21, 0x11, 0x00, 0xFE,    5, 0x0F, 0x01, 0x01, 0x10, 0x0F, 0x0F, 0xE0, 0xFF, 0x0F
    .byte   0x0F, 0xE0, 0xEF, 0xE0, 0xE0, 0xE0, 0xF1, 0xFF, 0x00, 0xF0, 0x0F, 0x11, 0x11, 0x02, 0x02, 0x10
    .byte   0x10, 0x02, 0x11, 0x22, 0x32, 0x32, 0x20,   30, 0x00, 0xE0, 0xE0, 0x02, 0x02, 0xF1, 0xFE, 0xED
    .byte   0xEE, 0xEF, 0xF0, 0x21, 0x21, 0x01, 0xEE, 0xFF, 0xFF, 0x02, 0x12, 0x2F, 0x10, 0xFE, 0x1F, 0xF1
    .byte   0x01, 0x10, 0x0F, 0x00, 0xE0, 0xE1, 0xFF, 0xFF,   -6, 0x0E, 0xFF, 0xE0, 0xEF, 0xFF, 0x00, 0xF0
    .byte   0xF0, 0x0F, 0x00, 0x11, 0x10, 0x20, 0x11, 0x1F, 0x11, 0x02, 0x11, 0x22, 0x22, 0x31, 0x22, 0x01
    .byte   0x0F, 0xFF, 0x01, 0x02, 0x1F, 0x1E, 0xEE, 0xEE, 0xD0,   -2, 0x00, 0x20, 0x20, 0x11, 0xFE, 0xF0
    .byte   0xE0, 0x11, 0x21, 0x12, 0x10, 0xF0, 0xE0, 0xF0, 0xF0, 0x11, 0x1F, 0x00, 0xE0, 0xE0, 0xFF, 0xFF
    .byte   0x0E, 0x0F, 0xFE, 0xFE, 0x0E, 0x10, 0x1F, 0x11, 0xF0, 0xFF,  -24, 0x00, 0x11, 0x02, 0x02, 0x01
    .byte   0x10, 0x10, 0x01, 0xF2, 0x22, 0x22, 0x30, 0x21, 0x00, 0xFF, 0x00, 0x02, 0x12, 0x00, 0x0E, 0xEE
    .byte   0xDE, 0xFE, 0x10, 0x20, 0x20, 0xF0, 0xFE, 0xFE, 0xF1, 0x02, 0x12,    9, 0x01, 0x1F, 0xFF, 0xF0
    .byte   0xE0, 0x11, 0x11, 0x0F, 0xF0, 0xE0, 0xFE, 0x0F, 0x0E, 0x0F, 0xF0, 0xE0, 0xEF, 0xFF, 0xF0, 0xF1
    .byte   0xF1, 0x01, 0x0F, 0x10, 0x11, 0x02, 0x01, 0x11, 0x01, 0x01, 0x10, 0x21,    0, 0x02, 0x22, 0x20
    .byte   0x2F, 0x10, 0xF0, 0xF0, 0x21, 0x20, 0x01, 0xEF, 0xED, 0xFE, 0xF0, 0x01, 0x02, 0x10, 0xFE, 0xFE
    .byte   0xFF, 0x02, 0x02, 0x02, 0x01, 0xF0, 0xFE, 0x1F, 0x00, 0x01, 0x1F, 0x0F, 0xFF,    0, 0x0F, 0x0E
    .byte   0x0F, 0x0F, 0xE0, 0xF0, 0xEF, 0xFF, 0xFF, 0xFF, 0x0F, 0x00, 0x10, 0x10, 0x11, 0x01, 0x01, 0x01
    .byte   0x11, 0x11, 0x21, 0x02, 0x02, 0x12, 0x12, 0x22, 0x01, 0x10, 0x00, 0x01, 0x02, 0x10,   26, 0x00
    .byte   0xFE, 0xEF, 0xEE, 0x00, 0x01, 0x1F, 0x0F, 0x0E, 0xFF, 0xFF, 0x02, 0x00, 0x20, 0x10, 0xF0, 0xFF
    .byte   0x0F, 0x0F, 0x11, 0xF0, 0xFF, 0xFE, 0xFF, 0xEF, 0xFF, 0x0F, 0xF0, 0x0E, 0x0F, 0xFF, 0xFF,  -23
    .byte   0x00, 0x10, 0x01, 0x00, 0x00, 0x01, 0x11, 0x11, 0x11, 0x01, 0x10, 0x21, 0x02, 0x11, 0x22, 0x20
    .byte   0x22, 0xF0, 0x1F, 0x11, 0xF2, 0x11, 0x1F, 0x0F, 0xE0, 0xEE, 0x0E, 0x01, 0x01, 0xF0, 0xF0, 0xEF
    .byte      2, 0x0F, 0xF0, 0x21, 0x11, 0x11, 0x1F, 0xFF, 0xFF, 0x00, 0xFF, 0x01, 0xF0, 0xF0, 0xFE, 0xFE
    .byte   0xF0, 0xE0, 0x00, 0x00, 0xF0, 0xEF, 0xFF, 0xF0, 0x00, 0x01, 0x11, 0x1F, 0x10, 0x11, 0xF1, 0x11
    .byte   0x11,  -10, 0x01, 0x11, 0x10, 0x11, 0x00, 0x22, 0x22, 0x11, 0x10, 0x00, 0x00, 0x12, 0x12, 0x11
    .byte   0xF0, 0xEE, 0xFE, 0xFF, 0x01, 0x10, 0x0F, 0xFE, 0xEF, 0xFF, 0x02, 0x00, 0x20, 0x0F, 0xFF, 0xFF
    .byte   0x01, 0x11,    6, 0x0F, 0xF0, 0xE0, 0xFF, 0xF0, 0xF0, 0xE0, 0xFE, 0x10, 0xE0, 0x0F, 0x0F, 0x00
    .byte   0xF0, 0xFF, 0x10, 0x01, 0x11, 0x00, 0x10, 0x01, 0x10, 0x21, 0x11, 0x10, 0x1F, 0x00, 0x02, 0x22
    .byte   0x21, 0x11, 0xFF,   10, 0x01, 0x12, 0x21, 0x20, 0x2E, 0x0E, 0xEF, 0xF0, 0x11, 0x10, 0xFE, 0x0E
    .byte   0xE0, 0xE0, 0x12, 0x11, 0x10, 0xEF, 0xFF, 0xF0, 0x21, 0x11, 0xFF, 0x0E, 0xEF, 0xF1, 0x11, 0x0F
    .byte   0x0E, 0xFE, 0xE0, 0xF0,  -14, 0x01, 0x1F, 0x0F, 0xF0, 0xEF, 0x01, 0x11, 0x11, 0xFF, 0x00, 0x01
    .byte   0x02, 0x00, 0x20, 0x10, 0x00, 0x01, 0x12, 0x01, 0x12, 0x12, 0xF1, 0x0F, 0x10, 0x12, 0x02, 0x11
    .byte   0x1F, 0xFF, 0x0F, 0x00, 0x00,   17, 0x00, 0xEF, 0x0E, 0xF0, 0xF0, 0x10, 0x00, 0xFF, 0xFF, 0x00
    .byte   0x01, 0x0F, 0x0F, 0x00, 0x0F, 0x0F, 0x1F, 0xF0, 0xEF, 0x0F, 0x1F, 0xFF, 0xF0, 0xEF, 0xFF, 0x10
    .byte   0x01, 0x02, 0xEF, 0xFF, 0x10, 0x11,  -12, 0x0F, 0xF2, 0x0E, 0x2F, 0x02, 0x01, 0x20, 0xF0, 0xF1
    .byte   0x11, 0x02, 0x01, 0xF0, 0x1E, 0x21, 0x02, 0xF1, 0x00, 0x11, 0x10, 0x02, 0x1F, 0x00, 0x00, 0x0F
    .byte   0x0F, 0x0F, 0xF0, 0xFF, 0x0F, 0xF0, 0xF0,    6, 0x01, 0x0E, 0xF1, 0x1F, 0xF0, 0xFF, 0xF0, 0x10
    .byte   0xFF, 0xE1, 0x10, 0xF0, 0xF0, 0xF0, 0x0F, 0x1F, 0x10, 0xF1, 0xE1, 0x3D, 0x21, 0xE2, 0xE0, 0x12
    .byte   0xF2, 0xD1, 0x11, 0x2F, 0x1E, 0xF0, 0x20, 0x01,   -6, 0x00, 0x10, 0x21, 0xFF, 0xF0, 0x10, 0x1F
    .byte   0x01, 0x11, 0x00, 0xF0, 0x11, 0x11, 0xF0, 0x0F, 0x11, 0x00, 0x00, 0x00, 0x1F, 0x1F, 0x1F, 0x00
    .byte   0x10, 0xF1, 0xF0, 0x10, 0x0F, 0x00, 0x00, 0xF0, 0x01,    3, 0x00, 0x00, 0x0F, 0x1F, 0xF0, 0x1F
    .byte   0xF1, 0xF0, 0xF0, 0xF1, 0xF1, 0xF1, 0xF0, 0x1F, 0x01, 0x0F, 0x01, 0x00, 0xF0, 0x0F, 0x10, 0x00
    .byte   0x00, 0xF1, 0x0F, 0x00, 0x01, 0x0F, 0x00, 0x1F, 0x1F, 0x01,   -2, 0x00, 0x00, 0x10, 0x01, 0x0F
    .byte   0x01, 0x00, 0x10, 0x00, 0x01, 0x0F, 0x10, 0x00, 0x1F, 0x1F, 0x00, 0x01, 0xF0, 0x0F, 0x10, 0x00
    .byte   0xF0, 0x01, 0x0F, 0x00, 0x00, 0x00, 0x00, 0x0F, 0x1F, 0x01, 0x0F,    0, 0x00, 0x00, 0x00, 0xF1
    .byte   0xF0, 0x00, 0x10, 0x0F, 0x00, 0x00, 0xF1, 0x00, 0xF1, 0x0F, 0x01, 0x00, 0xF1, 0x00, 0x00, 0x00
    .byte   0x00, 0x00, 0x00, 0x00, 0x01, 0x0F, 0x01, 0x0F, 0x11, 0x00, 0xF1, 0x00,    1, 0x0F, 0x01, 0x0F
    .byte   0x10, 0x1F, 0x0F, 0x10, 0x00, 0x00, 0xF0, 0x10, 0x00, 0x0F, 0x01, 0x00, 0xF1, 0xF1, 0x00, 0xF0
    .byte   0x01, 0xF0, 0xF1, 0x00, 0x0F, 0x1F, 0x10, 0x1F, 0xF1, 0x0F, 0x10, 0x00, 0x0F,    0, 0x0F, 0x01
    .byte   0x0F, 0x10, 0x00, 0x0F, 0x00, 0x01, 0xF0, 0x1F, 0x1F, 0x10, 0xF0, 0x10, 0xF1, 0xF1, 0x1F, 0x00
    .byte   0xF1, 0xF1, 0xF1, 0x00, 0x01, 0xF0, 0x00, 0x01, 0x00, 0x0F, 0x00, 0x1F, 0x10, 0xF1,    1, 0x0F
    .byte   0x01, 0x0F, 0x10, 0x0F, 0x00, 0x00, 0x00, 0x0F, 0x10, 0x00, 0x1F, 0x00, 0x00, 0x01, 0xF0, 0x00
    .byte   0x0F, 0x01, 0x00, 0x0F, 0x01, 0x00, 0xF1, 0xF1, 0xF0, 0x10, 0xF1, 0x1F, 0xF1, 0x0F, 0x11,    0
    .byte   0x0F, 0x10, 0xF1, 0x00, 0x00, 0xF1, 0x0F, 0x10, 0xF1, 0x00, 0x01, 0xF0, 0x1F, 0x1F, 0x0F, 0x10
    .byte   0x00, 0x1F, 0x00, 0x10, 0xF0, 0x00, 0x00, 0x01, 0xF1, 0xF0, 0x00, 0x00, 0x1F, 0x01, 0x0F, 0x00
    .byte      0, 0x00, 0x01, 0xF0, 0xF1, 0x00, 0x0F, 0x10, 0x00, 0x00, 0x00, 0x00, 0x0F, 0x10, 0x00, 0x0F
    .byte   0x01, 0x00, 0x0F, 0x10, 0x01, 0xF0, 0x00, 0xF1, 0xF1, 0x01, 0xFF, 0x00, 0x10, 0x00, 0x0F, 0x10
    .byte   0x1F,    0, 0x00, 0x00, 0x00, 0xF1, 0x00, 0x0F, 0x01, 0x1F, 0xF1, 0x00, 0x0F, 0x01, 0x00, 0xF1
    .byte   0x00, 0x01, 0xF0, 0x01, 0xF0, 0x00, 0x00, 0x0F, 0x10, 0x00, 0xF1, 0x00, 0x00, 0x00, 0x00, 0x00
    .byte   0x00, 0xF1,    0, 0x00, 0x01, 0xF0, 0x0F, 0x10, 0x1F, 0x1F, 0x00, 0x00, 0x00, 0x0F, 0x10, 0x0F
    .byte   0x10, 0xF1, 0x0F, 0x10, 0x00, 0xF1, 0x01, 0xE1, 0x01, 0x00, 0xF1, 0xF3, 0x13, 0x7A, 0xA3, 0xB0
    .byte   0x4D, 0x2E, 0x22,   -9, 0x04, 0xFC, 0x3D, 0x12, 0xD4, 0xF3, 0x2C, 0x5D, 0xD6, 0xB5, 0xC8, 0x6D
    .byte   0xB7, 0x95, 0x4A, 0x7C, 0x21, 0xB4, 0x1C, 0x5C, 0xD6, 0x97, 0xDC, 0x5B, 0x3D, 0x3D, 0x5B, 0x33
    .byte   0xA7, 0xA4, 0x2B, 0x4E,  -17, 0x04, 0x3C, 0x4D, 0xE3, 0xEE, 0x4C, 0x3E, 0xC5, 0xC4, 0xEE, 0x1C
    .byte   0x32, 0xF5, 0xA5, 0xEC, 0x5E, 0xD3, 0x1A, 0x5D, 0xE4, 0xDF, 0xFF, 0x02, 0xE4, 0xC3, 0xDD, 0x5B
    .byte   0x43, 0xC2, 0xFE, 0x4D, 0x4C,   -1, 0x02, 0xC4, 0x2C, 0x3E, 0xC5, 0xC3, 0x1E, 0x3C, 0x41, 0xC4
    .byte   0x1B, 0x6B, 0x32, 0xC4, 0xED, 0x4D, 0xE4, 0xB5, 0xB4, 0x3C, 0x3E, 0xC4, 0x3C, 0x4C, 0x2F, 0xF4
    .byte   0xD3, 0xDB, 0x6C, 0xE5, 0xCE, 0x3C,   -1, 0x01, 0x4D, 0xC4, 0xB4, 0x3C, 0x42, 0xB1, 0x4D, 0x24
    .byte   0xEB, 0x4F, 0xF4, 0xDD, 0xF2, 0x01, 0x2F, 0xE2, 0xC3, 0x4C, 0xE3, 0xEC, 0x5E, 0xD4, 0xCE, 0x31
    .byte   0xD4, 0x2D, 0xC3, 0x30, 0x32, 0xB3, 0xEC,   14, 0x0E, 0xC1, 0x3C, 0x34, 0xC1, 0x3B, 0x15, 0xEE
    .byte   0x3D, 0xD4, 0xC3, 0x3F, 0xE0, 0xEE, 0xE4, 0x1D, 0x3B, 0x23, 0xE3, 0x0E, 0x2C, 0x41, 0xE4, 0xC2
    .byte   0x0C, 0x33, 0x12, 0xDD, 0x21, 0x4D, 0x1F, 0xCE,  -12, 0x03, 0x31, 0xEE, 0xD3, 0x23, 0xFD, 0x0E
    .byte   0xD4, 0xEF, 0x10, 0x10, 0xFD, 0x21, 0x21, 0xEF, 0xE3, 0x0E, 0x2E, 0x23, 0xDF, 0xEE, 0x24, 0xED
    .byte   0xDD, 0x33, 0x3E, 0xDF, 0xE3, 0x3E, 0x2D, 0xD2, 0x22,   11, 0x0E, 0xDE, 0x11, 0x22, 0x2F, 0xFD
    .byte   0xD2, 0x23, 0x2C, 0x2E, 0x13, 0x22, 0xED, 0xD2, 0x33, 0xE0, 0xDD, 0xF2, 0x43, 0xFC, 0xDE, 0x23
    .byte   0x42, 0xDC, 0xC1, 0x34, 0x22, 0xDC, 0xE2, 0x44, 0xFD, 0xCD,  -18, 0x04, 0x41, 0xEC, 0xD1, 0x43
    .byte   0x2E, 0xCC, 0xE4, 0x43, 0xEC, 0xDF, 0x33, 0x3E, 0xDD, 0xE2, 0x42, 0xFD, 0xEE, 0x22, 0x3F, 0xDD
    .byte   0xE1, 0x32, 0x2E, 0xDF, 0x23, 0x20, 0xDD, 0xE3, 0x33, 0xDE, 0xD2,    7, 0x03, 0xED, 0xDD, 0x23
    .byte   0x30, 0xED, 0xE1, 0x42, 0x0D, 0xDE, 0x23, 0x32, 0xDD, 0xD1, 0x33, 0x2D, 0xED, 0x03, 0x31, 0xED
    .byte   0xD2, 0x33, 0x2F, 0xDD, 0x03, 0x22, 0xED, 0xDF, 0x23, 0x3F, 0xDE, 0xE2,    3, 0x02, 0xEE, 0xEE
    .byte   0x23, 0x3E, 0xED, 0x02, 0x22, 0x0D, 0xEE, 0x13, 0x2F, 0xEE, 0xF2, 0x22, 0x0D, 0xF0, 0x12, 0x1E
    .byte   0x00, 0x11, 0x02, 0xFE, 0xD2, 0x20, 0x11, 0x10, 0xEE, 0x31, 0x0E, 0xFF, 0xFF,   -1, 0x02, 0x0F
    .byte   0xE0, 0x12, 0x1E, 0x0F, 0xE2, 0x21, 0xFE, 0xE2, 0x11, 0x0F, 0x0F, 0xF2, 0x10, 0xFE, 0x0F, 0xF1
    .byte   0x21, 0x2E, 0xF1, 0xF2, 0x01, 0xEE, 0xD1, 0x22, 0x20, 0xEF, 0x12, 0x12, 0x0E, 0xEE,   -4, 0x00
    .byte   0x21, 0x11, 0x0E, 0x11, 0x21, 0xEE, 0xEF, 0x12, 0x20, 0xE1, 0x12, 0x1F, 0xFE, 0xFF, 0x20, 0x1F
    .byte   0xE1, 0x11, 0x11, 0x0E, 0xE2, 0x21, 0xFE, 0x01, 0x10, 0x10, 0x1E, 0x10, 0xF1, 0x00, 0x0F,   -4
    .byte   0x01, 0x02, 0x10, 0x0F, 0x1F, 0xFF, 0x10, 0x10, 0x00, 0x0F, 0xFF, 0x1F, 0x00, 0x10, 0xF1, 0x02
    .byte   0x11, 0xF0, 0x00, 0x11, 0x10, 0x0E, 0x0E, 0x01, 0x10, 0xFE, 0x12, 0xFF, 0x00, 0xE0, 0x11, 0x10
    .byte     -6, 0x01, 0x0F, 0xF0, 0x0E, 0xF1, 0x11, 0x00, 0x10, 0xFF, 0x20, 0x00, 0x10, 0x22, 0x01, 0x20
    .byte   0xF1, 0x10, 0x21, 0x11, 0x10, 0x12, 0x1E, 0xF0, 0x01, 0xF0, 0xFF, 0xEF, 0xF1, 0xEF, 0xE0, 0xE0
    .byte   0xFF,   -7, 0x0F, 0xEF, 0x0F, 0xEF, 0xFE, 0xF0, 0xEE, 0xFE, 0x21, 0x1F, 0xE1, 0x11, 0x22, 0xFD
    .byte   0xE2, 0x34, 0x33, 0x34, 0x23, 0x32, 0xFE, 0xE0, 0xFD, 0xDD, 0xFE, 0xFE, 0x1E, 0xED, 0x12, 0x1F
    .byte   0xF0, 0x21,    9, 0x02, 0x3E, 0x10, 0xF0, 0xEF, 0xEE, 0xEF, 0x00, 0xF0, 0xFF, 0xFE, 0x1F, 0xF0
    .byte   0xE2, 0x00, 0xE0, 0xEE, 0xEE, 0xEE, 0xEE, 0x0E, 0xFF, 0x10, 0x00, 0xF1, 0x23, 0x43, 0x33, 0x44
    .byte   0x22, 0x21, 0xEE,   43, 0x0F, 0xEE, 0xDE, 0xFF, 0x00, 0x1F, 0xEE, 0x20, 0x1E, 0xFF, 0x0E, 0x01
    .byte   0x1E, 0xEF, 0xFE, 0x01, 0x20, 0x01, 0x22, 0x22, 0x10, 0xFE, 0xEF, 0x0F, 0xFF, 0x0E, 0xF0, 0xEE
    .byte   0xED, 0xEE, 0xEE, 0xFE,  -45, 0x00, 0x1F, 0xFF, 0x0E, 0x0E, 0x11, 0x22, 0x33, 0x42, 0x43, 0x42
    .byte   0x31, 0xFF, 0xEF, 0x0F, 0xEE, 0xE2, 0xF0, 0x10, 0xEE, 0xEF, 0xFF, 0xFE, 0xEF, 0xEF, 0xE0, 0x0E
    .byte   0xEE, 0xFF, 0x02, 0x21, 0x21,    2, 0x01, 0x21, 0x11, 0xFF, 0xF1, 0x21, 0x1F, 0x0E, 0xF0, 0xFE
    .byte   0xEE, 0xDE, 0xEE, 0xDF, 0xEE, 0xEE, 0xFF, 0x10, 0xE0, 0xEF, 0x12, 0x33, 0x34, 0x24, 0x33, 0x33
    .byte   0x20, 0xFE, 0x1F, 0xFF, 0xFF, 0x01,   41, 0x01, 0x10, 0xED, 0xEE, 0xEE, 0xFE, 0xFE, 0xE1, 0xFF
    .byte   0xEE, 0xEE, 0xE1, 0x12, 0x12, 0x22, 0x22, 0x02, 0x0F, 0xFF, 0x11, 0x02, 0x01, 0x0F, 0x0E, 0x0D
    .byte   0xFE, 0xEE, 0xED, 0xFE, 0xEF, 0xEE, 0xFE,  -53, 0x0E, 0x0F, 0x0E, 0x00, 0x23, 0x23, 0x33, 0x33
    .byte   0x33, 0x22, 0x22, 0x22, 0x22, 0x11, 0x11, 0x11, 0x0F, 0xEE, 0xDE, 0xEE, 0xEE, 0xE0, 0xEE, 0xEF
    .byte   0xEE, 0xEE, 0x0E, 0xF0, 0x10, 0x20, 0x20, 0x20,   -6, 0x01, 0x12, 0x02, 0x02, 0x21, 0x11, 0xF0
    .byte   0xFE, 0xFE, 0x0E, 0xEE, 0xEE, 0xDF, 0xEE, 0xED, 0xEE, 0xFE, 0xFF, 0xFF, 0x11, 0x22, 0x23, 0x23
    .byte   0x33, 0x33, 0x23, 0x33, 0x23, 0x32, 0x22, 0x01, 0x2F,   74, 0x0F, 0xEE, 0xDE, 0xDE, 0xDE, 0xEE
    .byte   0xDE, 0xEE, 0xED, 0x0E, 0xEF, 0xFF, 0x10, 0x01, 0x21, 0x11, 0x20, 0x12, 0x21, 0x22, 0x02, 0x11
    .byte   0x0E, 0x0F, 0xEF, 0xEE, 0xEE, 0xEE, 0xEE, 0xEE, 0xDF, 0xEE,  -61, 0x0F, 0xF0, 0x02, 0x12, 0x23
    .byte   0x33, 0x33, 0x33, 0x22, 0x33, 0x23, 0x23, 0x12, 0x21, 0x00, 0xEF, 0xEE, 0xDE, 0xDE, 0xED, 0xFD
    .byte   0xEE, 0xEE, 0xEE, 0xEF, 0xE0, 0xFF, 0xF0, 0x00, 0x21, 0x11, 0x11,  -12, 0x02, 0x02, 0x10, 0x20
    .byte   0x11, 0xFF, 0xFF, 0xFE, 0xEE, 0x0E, 0xEE, 0xEF, 0xEE, 0xEE, 0xEE, 0xFF, 0xF0, 0x12, 0x12, 0x23
    .byte   0x33, 0x33, 0x32, 0x23, 0x33, 0x22, 0x31, 0x21, 0x22, 0xFE, 0xFE, 0xEE,   51, 0x0E, 0xDE, 0xDE
    .byte   0xEE, 0xEE, 0xEE, 0xEE, 0xEE, 0x10, 0xE0, 0xF0, 0x10, 0x20, 0x01, 0x20, 0x12, 0x10, 0x12, 0x01
    .byte   0xF0, 0x00, 0xE0, 0xE0, 0xEE, 0xFE, 0xEF, 0xEE, 0xFE, 0xEF, 0xEF, 0x0E, 0x01,  -51, 0x01, 0x22
    .byte   0x31, 0x33, 0x33, 0x32, 0x23, 0x23, 0x32, 0x22, 0x12, 0x2F, 0x0F, 0xFE, 0xEE, 0xDE, 0xED, 0xEE
    .byte   0xEE, 0xEE, 0xEE, 0xEE, 0xEE, 0xFF, 0xFF, 0x00, 0xF0, 0x20, 0x12, 0x00, 0x21, 0x11,   -4, 0x01
    .byte   0x10, 0x10, 0xF0, 0xEF, 0xFE, 0xFE, 0xEE, 0xEE, 0xEF, 0xEE, 0xFE, 0x00, 0xE0, 0xF1, 0x11, 0x22
    .byte   0x31, 0x32, 0x33, 0x33, 0x22, 0x33, 0x31, 0x30, 0x22, 0x12, 0x00, 0xEF, 0xEE, 0xFD, 0xEE,   34
    .byte   0x0E, 0xEE, 0xDF, 0xED, 0xFE, 0xEE, 0xF0, 0xE0, 0xFF, 0x00, 0x20, 0x01, 0x11, 0x02, 0x10, 0x12
    .byte   0x01, 0x0F, 0xF0, 0x0E, 0x0E, 0xFE, 0xFE, 0xEE, 0x0E, 0xEF, 0xE0, 0xEF, 0xFF, 0xF0, 0x11, 0x12
    .byte    -40, 0x02, 0x22, 0x33, 0x33, 0x22, 0x32, 0x32, 0x32, 0x21, 0x22, 0x12, 0xFE, 0xFE, 0xFD, 0xEE
    .byte   0xEE, 0xED, 0xEE, 0xEE, 0xEE, 0xEE, 0xE0, 0xE0, 0xFF, 0xF1, 0x00, 0x10, 0x10, 0x21, 0x01, 0x11
    .byte   0x11,   -6, 0x00, 0xF0, 0xF0, 0xEF, 0xFE, 0xFE, 0xEF, 0xEE, 0xFE, 0xFE, 0xFF, 0xFF, 0xFF, 0x10
    .byte   0x12, 0x22, 0x22, 0x33, 0x32, 0x32, 0x23, 0x23, 0x23, 0x12, 0x22, 0x20, 0x00, 0xEF, 0xEE, 0xED
    .byte   0xFE, 0xED,   24, 0x0D, 0xEE, 0xEE, 0xFE, 0xEF, 0xEF, 0x0F, 0x0F, 0x11, 0xF1, 0x11, 0x11, 0x11
    .byte   0x11, 0x11, 0x01, 0x0F, 0x00, 0xE0, 0xEF, 0xEE, 0xFE, 0xEF, 0xEE, 0xFE, 0xFF, 0x0E, 0x01, 0x00
    .byte   0x20, 0x22, 0x22,  -24, 0x03, 0x32, 0x31, 0x32, 0x32, 0x32, 0x22, 0x22, 0x11, 0x1F, 0x0E, 0xEE
    .byte   0xEE, 0xEE, 0xEE, 0xDE, 0xEE, 0xEE, 0xEF, 0xEF, 0xFF, 0xFF, 0x00, 0x01, 0x01, 0x11, 0x11, 0x11
    .byte   0x01, 0x1F, 0x00, 0xFF,   -9, 0x0F, 0xEF, 0xFE, 0xFE, 0xFE, 0xEF, 0xEF, 0xE0, 0xEF, 0xF0, 0xF1
    .byte   0x10, 0x22, 0x12, 0x31, 0x33, 0x23, 0x13, 0x23, 0x32, 0x31, 0x22, 0x22, 0x01, 0xF1, 0xEE, 0xEE
    .byte   0xEE, 0xEE, 0xDE, 0xED, 0xFE,    0, 0x0E, 0xFE, 0xFF, 0xFF, 0x00, 0x01, 0x11, 0x01, 0x10, 0x11
    .byte   0x11, 0x1F, 0xF0, 0xF0, 0xE0, 0xE0, 0xEF, 0xEF, 0xEE, 0xFE, 0xEF, 0xEF, 0x0F, 0xFF, 0x00, 0x12
    .byte   0x02, 0x12, 0x23, 0x32, 0x32, 0x22,   20, 0x03, 0x23, 0x22, 0x22, 0x21, 0x21, 0x0F, 0xEF, 0xEE
    .byte   0xEE, 0xED, 0xFD, 0xEE, 0xEE, 0xEE, 0xEF, 0xE0, 0xF0, 0xF0, 0x01, 0x01, 0x01, 0x11, 0x11, 0x01
    .byte   0x00, 0xFF, 0xFF, 0xE0, 0xEF, 0xEF, 0xEE,  -32, 0x0E, 0xFE, 0xFE, 0x0E, 0x0E, 0x00, 0x20, 0x20
    .byte   0x22, 0x23, 0x43, 0x23, 0x22, 0x33, 0x21, 0x22, 0xFF, 0x10, 0x12, 0xFE, 0xEE, 0xEF, 0xE0, 0xEF
    .byte   0xEE, 0xDF, 0xEF, 0x11, 0xEE, 0x10, 0xF0, 0x11,    1, 0x0F, 0xFE, 0x11, 0xF1, 0x0F, 0xEF, 0x10
    .byte   0x00, 0xEE, 0xDF, 0xEE, 0x0E, 0xEF, 0xFF, 0xFF, 0xFF, 0xFF, 0xF0, 0x12, 0x23, 0x22, 0x34, 0x43
    .byte   0x0F, 0x01, 0xF1, 0x31, 0xFD, 0xE3, 0x32, 0x11, 0x11,   42, 0x0F, 0x11, 0xEC, 0xDD, 0xFE, 0xFF
    .byte   0x1F, 0x02, 0x33, 0x0F, 0x0E, 0xEE, 0xF0, 0xFE, 0xE0, 0x13, 0x22, 0x0E, 0xDF, 0xFF, 0xED, 0xDD
    .byte   0xEF, 0x1F, 0xEE, 0x0F, 0xF2, 0x0E, 0xEE, 0x00, 0xE0, 0x12,  -46, 0x03, 0x34, 0x34, 0x50, 0xFE
    .byte   0xEE, 0xF1, 0x11, 0xEE, 0x04, 0x32, 0x02, 0x2E, 0xDF, 0xFD, 0xDC, 0xEE, 0xEE, 0xF2, 0x21, 0x23
    .byte   0x31, 0xFE, 0xEE, 0xEE, 0x1F, 0x1E, 0x03, 0x22, 0x20, 0xEE, 0xDE,   -5, 0x0E, 0xEE, 0xEF, 0xEF
    .byte   0xF0, 0xFE, 0xE0, 0xE0, 0xEE, 0xE1, 0xE1, 0x0F, 0x32, 0x23, 0x13, 0x24, 0x54, 0xED, 0xD0, 0xE0
    .byte   0x32, 0x1D, 0xD4, 0x43, 0xE1, 0x1D, 0xDF, 0x2F, 0xDC, 0xD0, 0x0E, 0x2F,    3, 0x01, 0xF2, 0x33
    .byte   0xED, 0xFD, 0xF0, 0x22, 0x0E, 0xE2, 0x33, 0x1F, 0xDD, 0xDF, 0xFF, 0xFD, 0xD1, 0x12, 0x1F, 0xED
    .byte   0xED, 0x02, 0xEE, 0xEE, 0x11, 0x21, 0x13, 0x12, 0x13, 0x33, 0x55, 0x1D, 0xDD,   12, 0x0E, 0x32
    .byte   0x2E, 0xD2, 0x43, 0x3E, 0x2E, 0xDE, 0xF3, 0xDC, 0xDE, 0xEE, 0xF3, 0x21, 0xE2, 0x32, 0x0F, 0xFD
    .byte   0xDE, 0x13, 0x3E, 0xEF, 0xFF, 0x22, 0x1E, 0xDE, 0xF2, 0x1F, 0xFE, 0xDE, 0x12, 0x1D,  -28, 0x0D
    .byte   0xF0, 0x1F, 0xFD, 0xDF, 0x23, 0x20, 0xEF, 0xF2, 0x43, 0x3F, 0x35, 0x2E, 0x0E, 0x0D, 0x03, 0x12
    .byte   0xD2, 0x32, 0x2F, 0x31, 0xDE, 0xF2, 0xDE, 0xDE, 0xED, 0x12, 0x11, 0x12, 0x22, 0x00, 0x0E,    7
    .byte   0x0E, 0xE2, 0x32, 0xEE, 0xEF, 0x22, 0x2E, 0xED, 0x0F, 0x10, 0x0E, 0xFE, 0xEF, 0x00, 0xED, 0xEF
    .byte   0xEE, 0xDF, 0xE1, 0x02, 0x22, 0x10, 0xF1, 0x23, 0x22, 0x23, 0x64, 0xEC, 0xD0, 0xD1, 0x33, 0x2D
    .byte     12, 0x03, 0x42, 0x12, 0x2D, 0xC2, 0x3E, 0xDD, 0xFD, 0xDE, 0x23, 0x1F, 0xF3, 0x1F, 0x21, 0xED
    .byte   0xD1, 0x23, 0x00, 0x10, 0xEF, 0x22, 0xEE, 0xEF, 0xF1, 0x0F, 0x0E, 0xEF, 0x0E, 0xEF, 0xDE, 0xEE
    .byte   0xFF,  -42, 0x0E, 0xEF, 0xE1, 0x22, 0x2F, 0x01, 0x12, 0x33, 0x22, 0x36, 0x3D, 0xED, 0xFD, 0x03
    .byte   0x32, 0xDD, 0x42, 0x20, 0x31, 0xDD, 0xF2, 0xFD, 0xED, 0xED, 0xE2, 0x21, 0x12, 0x1E, 0x02, 0x2F
    .byte   0xDE, 0xF1,    5, 0x02, 0x21, 0x0E, 0x00, 0xF0, 0xFF, 0xEE, 0x21, 0x0E, 0x0E, 0xEF, 0xFE, 0xED
    .byte   0xDE, 0xFF, 0x01, 0x1F, 0xEE, 0xFF, 0x12, 0x23, 0x1E, 0xE0, 0x33, 0x33, 0x15, 0x4D, 0xFF, 0xFD
    .byte   0xF3, 0x02, 0xEE,   27, 0x01, 0x21, 0x32, 0xD0, 0xE0, 0xFD, 0xFD, 0xDD, 0xF1, 0x22, 0x12, 0x02
    .byte   0x0F, 0xF0, 0xEE, 0xD2, 0x32, 0x1E, 0x22, 0x1E, 0x00, 0xEE, 0xD3, 0xFE, 0xE1, 0x0E, 0xEF, 0x20
    .byte   0xDD, 0xED, 0xEF, 0x22,  -40, 0x0D, 0x12, 0xFF, 0x22, 0x0E, 0xF2, 0x22, 0x13, 0x32, 0x24, 0x51
    .byte   0xDE, 0x0E, 0xD3, 0x32, 0xED, 0x02, 0x21, 0x33, 0xED, 0xD2, 0x1E, 0xDE, 0xED, 0xDF, 0x32, 0x11
    .byte   0x21, 0x0E, 0x21, 0x1D, 0xE1,    3, 0x01, 0x22, 0x2E, 0xF0, 0x11, 0xEE, 0xEF, 0xFE, 0xF2, 0xFE
    .byte   0xFF, 0x0E, 0xEE, 0xDE, 0xDF, 0xF2, 0xFF, 0xE2, 0x2E, 0xE2, 0x2F, 0xE2, 0x12, 0x22, 0x43, 0x21
    .byte   0x53, 0xEE, 0x11, 0xDF, 0x32, 0x1D,   21, 0x02, 0x21, 0x13, 0x3D, 0xD1, 0x0E, 0xDE, 0xED, 0xDF
    .byte   0x22, 0x02, 0x02, 0xFF, 0x22, 0xEE, 0xE0, 0xF2, 0x11, 0x11, 0xF1, 0x21, 0xFE, 0xEE, 0xE0, 0x2F
    .byte   0xFE, 0xEE, 0xFE, 0x0F, 0xED, 0xEF, 0xEF,  -38, 0x00, 0xE0, 0xE1, 0x21, 0x0E, 0xFE, 0x23, 0x22
    .byte   0x22, 0x32, 0x32, 0x44, 0xD0, 0xE1, 0xD1, 0x40, 0xFE, 0xE0, 0x22, 0x23, 0x1D, 0xDF, 0x1E, 0xE1
    .byte   0xDD, 0xDF, 0x22, 0x11, 0x20, 0xEF, 0x03, 0x1F,    8, 0x0E, 0xE0, 0x13, 0x2F, 0xE0, 0xFE, 0x00
    .byte   0x2E, 0xEE, 0x00, 0xF0, 0xFF, 0xDE, 0xE0, 0xEE, 0xFE, 0xEF, 0xF1, 0x0F, 0x00, 0x20, 0xFF, 0xEE
    .byte   0x23, 0x23, 0x22, 0x22, 0x23, 0x53, 0xDE, 0xFE, 0xD3,   40, 0x01, 0xED, 0xFF, 0x03, 0x32, 0x1C
    .byte   0xD1, 0xFF, 0x11, 0xDC, 0xD1, 0x22, 0x22, 0x0E, 0xEF, 0x22, 0x21, 0xEE, 0xEE, 0x23, 0x21, 0x1E
    .byte   0xEF, 0xF0, 0x12, 0xEE, 0xEE, 0xE1, 0x10, 0xEE, 0xED, 0x0E,  -35, 0x0F, 0xFE, 0xE0, 0xFE, 0x21
    .byte   0x20, 0xE0, 0xEF, 0x23, 0x32, 0x23, 0x12, 0x23, 0x43, 0x0F, 0xEE, 0xE2, 0x42, 0xEE, 0xEF, 0x02
    .byte   0x23, 0x2D, 0xDD, 0xFE, 0x12, 0xED, 0xDE, 0xE1, 0x32, 0x10, 0xEE,   -2, 0x02, 0x22, 0x0E, 0x0E
    .byte   0x10, 0x23, 0x0E, 0xFE, 0xEF, 0x21, 0xFE, 0xEE, 0xFE, 0xFF, 0xFE, 0xED, 0xFE, 0xFF, 0xFF, 0x1F
    .byte   0xE0, 0x10, 0x12, 0xFF, 0xEF, 0x12, 0x33, 0x22, 0x32, 0x22, 0x34, 0xE0,   31, 0x01, 0xD1, 0x33
    .byte   0xE1, 0x1E, 0xE2, 0x22, 0x1E, 0xDE, 0xED, 0x11, 0x1D, 0xFF, 0xDF, 0x22, 0x02, 0xFF, 0xEF, 0x02
    .byte   0x2F, 0x01, 0xEF, 0x12, 0xF1, 0x0F, 0xEE, 0x10, 0xF0, 0xFF, 0xED, 0xFF, 0xEE,  -25, 0x00, 0xED
    .byte   0xE1, 0xFF, 0x20, 0xEE, 0x00, 0x02, 0x00, 0xFE, 0x13, 0x23, 0x32, 0x22, 0x32, 0x33, 0x2F, 0x10
    .byte   0xE0, 0x32, 0xF2, 0x0E, 0xF0, 0x20, 0x0F, 0xEE, 0xED, 0xE0, 0xFE, 0x0E, 0xEE, 0x11,    2, 0x02
    .byte   0x0F, 0xFF, 0xF0, 0x10, 0x21, 0x00, 0xFF, 0x01, 0xFF, 0x0F, 0xFF, 0xFF, 0xFF, 0xEE, 0xEE, 0xEF
    .byte   0xEE, 0xFF, 0xEE, 0xF0, 0xFF, 0x01, 0x0E, 0x00, 0x01, 0x02, 0x12, 0x22, 0x32, 0x32, 0x22,   14
    .byte   0x03, 0x3F, 0x11, 0xE1, 0x22, 0x12, 0x0F, 0xE1, 0x11, 0x10, 0xEE, 0xED, 0xE0, 0xEF, 0xFF, 0xEE
    .byte   0xFF, 0x01, 0x2F, 0x00, 0xFF, 0x11, 0x01, 0x21, 0x00, 0x0E, 0xF0, 0x10, 0xFF, 0xFF, 0xEF, 0xEE
    .byte    -12, 0x0E, 0xEE, 0xFE, 0xEF, 0xFE, 0xE1, 0xFF, 0x01, 0x0E, 0x01, 0xF0, 0x12, 0x21, 0x22, 0x22
    .byte   0x33, 0x32, 0x23, 0x22, 0x20, 0xFE, 0x22, 0x21, 0x20, 0xE0, 0x00, 0xE0, 0xFE, 0xEE, 0xEE, 0xEE
    .byte   0xE0,    3, 0x0F, 0xE0, 0xF1, 0x11, 0x01, 0x00, 0x12, 0xF1, 0x11, 0x1F, 0x0F, 0x00, 0xF0, 0x0E
    .byte   0x00, 0x0E, 0xFE, 0xEE, 0xEE, 0xEF, 0xFE, 0xEF, 0xEF, 0x00, 0x10, 0x00, 0xEF, 0x10, 0x02, 0x11
    .byte   0x22, 0x22,  -16, 0x02, 0x32, 0x32, 0x33, 0x02, 0xFF, 0xF2, 0x21, 0x12, 0xFF, 0x10, 0xE0, 0x0E
    .byte   0xEE, 0xEE, 0xEE, 0xEF, 0xEF, 0xEF, 0x0F, 0x11, 0x0F, 0x11, 0x00, 0x20, 0x02, 0xF0, 0xF1, 0x0F
    .byte   0x0E, 0x1F, 0x1F,    3, 0x00, 0xEE, 0xEE, 0xEE, 0xFE, 0x0E, 0xEF, 0xEF, 0xFF, 0x00, 0x0F, 0xE1
    .byte   0xF1, 0x10, 0x21, 0x12, 0x12, 0x32, 0x32, 0x32, 0x23, 0x22, 0x20, 0x00, 0x12, 0x12, 0x2F, 0xFF
    .byte   0x0F, 0xFF, 0xEE, 0xEE,   22, 0x0E, 0xEF, 0xEE, 0xFE, 0xFF, 0x01, 0xF0, 0x00, 0x01, 0x02, 0x11
    .byte   0x11, 0x10, 0x0F, 0x00, 0xF0, 0x00, 0xFF, 0xEE, 0xFF, 0xEF, 0xEE, 0xEE, 0xE0, 0xEF, 0x0E, 0x0E
    .byte   0x01, 0x00, 0x00, 0xF0, 0x01,  -40, 0x02, 0x12, 0x22, 0x22, 0x32, 0x32, 0x23, 0x22, 0x00, 0x01
    .byte   0x22, 0x21, 0x10, 0xFF, 0x00, 0xEF, 0xEE, 0xEE, 0xEE, 0xEF, 0xEE, 0xEF, 0xFF, 0xF1, 0x1F, 0x10
    .byte   0x02, 0x02, 0xF1, 0x11, 0x11, 0x00,   10, 0x00, 0xEF, 0x0F, 0xFF, 0x0F, 0xFE, 0xEE, 0xEF, 0xEE
    .byte   0xFE, 0xEF, 0xFE, 0x0F, 0x1F, 0x0F, 0x1F, 0xFF, 0x11, 0x21, 0x21, 0x21, 0x22, 0x33, 0x23, 0x23
    .byte   0x21, 0x11, 0x11, 0x22, 0x12, 0x10, 0x0F,   48, 0x0F, 0xEF, 0xEE, 0xEE, 0xEE, 0xEE, 0xEF, 0xEE
    .byte   0xFF, 0x0F, 0x10, 0x00, 0x00, 0x02, 0x01, 0x10, 0x20, 0x11, 0x0F, 0x00, 0x00, 0xFF, 0xFF, 0xEF
    .byte   0xEF, 0xEE, 0xFE, 0xEE, 0x0E, 0x0E, 0x0E, 0x0F,  -42, 0x00, 0x00, 0xF0, 0x10, 0x20, 0x12, 0x12
    .byte   0x22, 0x32, 0x32, 0x23, 0x22, 0x20, 0x11, 0x22, 0x2F, 0x2F, 0xF1, 0x10, 0xEF, 0xEE, 0xEE, 0xEE
    .byte   0xFE, 0xEE, 0xEF, 0xFE, 0x00, 0xFF, 0xF0, 0x11, 0x01,   -3, 0x01, 0x02, 0xF2, 0x00, 0x1F, 0x1F
    .byte   0x1F, 0xF0, 0xF0, 0xEF, 0xEF, 0xEE, 0xFE, 0xFE, 0xFE, 0xFE, 0xFE, 0x10, 0xE1, 0xFF, 0x10, 0x20
    .byte   0x02, 0x01, 0x02, 0x22, 0x32, 0x22, 0x33, 0x22, 0x12, 0x11,   37, 0x02, 0x2F, 0x01, 0x10, 0x11
    .byte   0xFE, 0xFE, 0xEE, 0xE0, 0xEE, 0xEE, 0xEF, 0x00, 0xE0, 0xFE, 0x0F, 0x11, 0x10, 0xFF, 0x02, 0x01
    .byte   0x11, 0xF0, 0x01, 0x00, 0x00, 0xE0, 0xF0, 0xE0, 0xFE, 0xE0, 0xEF,  -22, 0x0F, 0xEF, 0xE0, 0xE0
    .byte   0xFF, 0xF0, 0x10, 0x10, 0x20, 0x10, 0x12, 0x12, 0x12, 0x22, 0x22, 0x32, 0x22, 0x12, 0x21, 0x21
    .byte   0x11, 0x21, 0x12, 0x00, 0xEF, 0xEF, 0xEF, 0xEF, 0xEE, 0x0E, 0xFF, 0xEF,    4, 0x0E, 0xFF, 0xFF
    .byte   0xF0, 0x0F, 0x00, 0x01, 0x11, 0xF1, 0x10, 0x10, 0xF1, 0x0F, 0xFF, 0xFF, 0xF0, 0xE0, 0xE0, 0x0E
    .byte   0xE0, 0xFE, 0x0E, 0xFF, 0xF0, 0x00, 0x11, 0x11, 0x11, 0x01, 0x12, 0x12, 0x21,   -8, 0x02, 0x32
    .byte   0x21, 0x22, 0x21, 0x21, 0x11, 0x12, 0x20, 0x10, 0xFF, 0xEF, 0xEF, 0xEF, 0xEE, 0xFF, 0xFE, 0x0E
    .byte   0xFE, 0x0E, 0x0F, 0xFF, 0x0F, 0xF1, 0xF1, 0x00, 0x00, 0x11, 0x10, 0xF1, 0x0F, 0xF0,   -5, 0x00
    .byte   0xF0, 0xE0, 0xFF, 0xFF, 0xE0, 0xE0, 0xFF, 0xFF, 0xFF, 0x00, 0xF1, 0x10, 0x10, 0x00, 0x20, 0x10
    .byte   0x22, 0x11, 0x22, 0x22, 0x21, 0x22, 0x12, 0x11, 0x02, 0x11, 0x11, 0x00, 0x0F, 0x0F, 0xEF,   24
    .byte   0x0F, 0xEF, 0xF0, 0xFF, 0x0E, 0x00, 0xE0, 0xEF, 0xFF, 0x0F, 0x00, 0xFF, 0xF0, 0xF0, 0xFF, 0x00
    .byte   0x01, 0x10, 0x00, 0x0F, 0x00, 0xFF, 0x10, 0x0F, 0x1F, 0xF0, 0x0F, 0xFF, 0x0F, 0xF0, 0xF0, 0xF0
    .byte    -17, 0x00, 0x00, 0x10, 0x11, 0x00, 0x10, 0x11, 0x01, 0x21, 0x12, 0x20, 0x20, 0x00, 0x1F, 0x11
    .byte   0xF1, 0x11, 0x11, 0x10, 0x00, 0xEF, 0xFF, 0xFF, 0xF0, 0x00, 0x10, 0xFF, 0xF1, 0x00, 0xF0, 0x01
    .byte   0x01,    7, 0x00, 0x0F, 0xF0, 0x10, 0x10, 0x00, 0x11, 0x10, 0xFF, 0xFF, 0xF0, 0xEF, 0x0F, 0x00
    .byte   0x00, 0xFF, 0xFF, 0x0F, 0x0E, 0xF1, 0xF0, 0xF1, 0x00, 0x01, 0x01, 0x10, 0x01, 0xF1, 0x01, 0x11
    .byte   0x00, 0x10,   -2, 0x00, 0x0F, 0x0F, 0x11, 0x10, 0x10, 0x10, 0x01, 0xF1, 0xFF, 0xFF, 0xF0, 0x10
    .byte   0x00, 0x01, 0x10, 0x11, 0x01, 0x00, 0x1F, 0x00, 0xF0, 0x1F, 0x11, 0x11, 0x11, 0x00, 0xF0, 0xF0
    .byte   0xFF, 0xF1, 0x01,    6, 0x0F, 0x00, 0x0F, 0x0F, 0x0F, 0xF0, 0x01, 0x00, 0xF1, 0xF1, 0x00, 0xF0
    .byte   0x00, 0x00, 0x01, 0xF0, 0x0F, 0x01, 0xF1, 0xFF, 0x01, 0x00, 0xF0, 0x01, 0xF0, 0xF0, 0x00, 0xF1
    .byte   0x00, 0x00, 0x00, 0xFF,   -3, 0x01, 0xF0, 0x00, 0x00, 0x00, 0x00, 0x00, 0x10, 0x1F, 0x11, 0xF1
    .byte   0xF1, 0xF1, 0x00, 0xF1, 0x10, 0x00, 0x0F, 0x10, 0x0F, 0x10, 0x0F, 0x01, 0x0F, 0x01, 0xF0, 0x0F
    .byte   0x10, 0x00, 0xF0, 0x01, 0x00,   -1, 0x01, 0x0F, 0x10, 0x00, 0x00, 0x1F, 0x01, 0x00, 0x00, 0x0F
    .byte   0x10, 0x1F, 0x00, 0x00, 0x00, 0x0F, 0x1F, 0x00, 0x01, 0xF0, 0x00, 0x00, 0x00, 0x0F, 0x10, 0x00
    .byte   0xF1, 0xF1, 0x01, 0xF0, 0xF1, 0x00,    0, 0x00, 0x01, 0x00, 0x00, 0x0F, 0x1F, 0x00, 0x01, 0x0F
    .byte   0x1F, 0x1F, 0x01, 0xF0, 0x1F, 0x00, 0x00, 0x00, 0xF1, 0x00, 0x1F, 0x1F, 0x00, 0x00, 0xF0, 0x10
    .byte   0x00, 0x0F, 0x10, 0xF1, 0x00, 0x0F, 0x10,    0, 0x0F, 0x01, 0x00, 0x0F, 0x10, 0xF1, 0x00, 0x00
    .byte   0xF0, 0x1F, 0x10, 0x00, 0x00, 0x0F, 0x10, 0x0F, 0x10, 0x00, 0x0F, 0x1F, 0x01, 0x0F, 0x10, 0x00
    .byte   0x0F, 0x1F, 0x10, 0x00, 0x01, 0xF0, 0x00, 0x00,    1, 0x0F, 0x1F, 0x01, 0xF1, 0xF1, 0xF0, 0x00
    .byte   0x00, 0x00, 0x1F, 0x01, 0xF0, 0x00, 0x00, 0x00, 0x00, 0x10, 0xFF, 0x10, 0xF1, 0xF1, 0xF1, 0x00
    .byte   0xF1, 0xF1, 0xF1, 0xFF, 0x11, 0xF1, 0x01, 0xF0, 0x10,    0, 0x0F, 0xFF, 0x2F, 0xF0, 0x10, 0x10
    .byte   0x2F, 0xFE, 0xFE, 0x2D, 0xB7, 0x3A, 0x45, 0xE3, 0xCC, 0x5F, 0x8B, 0x75, 0x0E, 0xB2, 0x72, 0xBD
    .byte   0xCE, 0x03, 0x5D, 0xB4, 0x4C, 0x41, 0xE0, 0xDB, 0xE5, 0x4E,   -7, 0x0D, 0x12, 0x15, 0x1C, 0x1A
    .byte   0x47, 0xA4, 0xFA, 0x41, 0xD6, 0xCD, 0xEC, 0x6E, 0xE2, 0xEE, 0x2C, 0x44, 0xD3, 0xA4, 0x30, 0x12
    .byte   0xB2, 0x03, 0x4B, 0x5B, 0xE6, 0xB0, 0x5B, 0x3D, 0xD5, 0xC3, 0x3A,   11, 0x01, 0xB5, 0xFE, 0xDE
    .byte   0x3F, 0x21, 0xB4, 0x4C, 0x23, 0xDE, 0xF0, 0x33, 0x0B, 0xE4, 0xF1, 0x4E, 0xB2, 0x3C, 0x6E, 0xBE
    .byte   0x12, 0x34, 0xCD, 0xFE, 0x24, 0x10, 0xD0, 0xD3, 0x4E, 0xEC, 0xED, 0x43,    9, 0x0E, 0xDD, 0x33
    .byte   0x13, 0xCD, 0xD3, 0x42, 0x1E, 0xCE, 0x33, 0x3F, 0xEB, 0x04, 0x13, 0x0C, 0xC3, 0x34, 0x3C, 0xC2
    .byte   0x12, 0x4E, 0xC2, 0xDF, 0x5E, 0xED, 0x00, 0xF3, 0x0E, 0x3D, 0xC4, 0x20, 0x2D,   -9, 0x01, 0x13
    .byte   0x3E, 0xDD, 0x13, 0x13, 0xED, 0xD1, 0x42, 0x0E, 0xDE, 0x3F, 0x23, 0xED, 0xD2, 0x22, 0x20, 0xDF
    .byte   0xE2, 0x30, 0xFE, 0xEE, 0x32, 0x2F, 0xDE, 0xE3, 0x3E, 0x0D, 0xD3, 0x23, 0x2D, 0xDE,  -10, 0x03
    .byte   0x4E, 0xDE, 0xD2, 0x32, 0xFE, 0xED, 0x24, 0x2E, 0x1C, 0xE3, 0x22, 0x2D, 0xC1, 0x4F, 0x30, 0xCE
    .byte   0x2F, 0x42, 0xDD, 0xF2, 0x22, 0xFE, 0xEF, 0xF3, 0x2E, 0xD0, 0xF3, 0x0E, 0x0E, 0xF2, 0x12,    5
    .byte   0x0D, 0x21, 0x20, 0xEE, 0xFF, 0x21, 0x11, 0xE1, 0x20, 0xFF, 0xEF, 0xF0, 0x22, 0x0E, 0x02, 0x11
    .byte   0x0E, 0xEE, 0x12, 0x2F, 0xEF, 0xF2, 0x22, 0xEE, 0xE0, 0x22, 0x1F, 0xEE, 0x12, 0x22, 0xEE, 0xE1
    .byte      0, 0x02, 0x10, 0xDE, 0x02, 0x22, 0xFE, 0xFF, 0x22, 0x2E, 0xEE, 0xF2, 0x11, 0xFF, 0xEF, 0x22
    .byte   0x00, 0xEE, 0x12, 0x12, 0xEE, 0x01, 0x2F, 0x1E, 0x01, 0x11, 0x0F, 0xFF, 0xF0, 0x2F, 0x1F, 0xF0
    .byte   0x02,    4, 0x00, 0x0E, 0xF0, 0x01, 0x0E, 0x1F, 0x02, 0x20, 0x0F, 0xFF, 0x0F, 0x00, 0xFF, 0x00
    .byte   0x20, 0x1F, 0x0E, 0x10, 0xF1, 0x0F, 0x01, 0x10, 0x11, 0x0F, 0xF0, 0x01, 0xF0, 0x1E, 0x11, 0x12
    .byte   0xFE, 0x00,   -1, 0x01, 0x01, 0xF0, 0xF0, 0x11, 0x0F, 0x01, 0xF0, 0x11, 0xF0, 0xF1, 0xF1, 0xF1
    .byte   0x0E, 0x10, 0x12, 0xFF, 0xE0, 0x12, 0xF0, 0xEF, 0xF2, 0x2F, 0xFF, 0xF0, 0x02, 0x0F, 0xEF, 0x02
    .byte   0x10, 0xFF, 0xF0,    2, 0x00, 0x2E, 0xFE, 0x02, 0x0F, 0x1E, 0x01, 0x02, 0x00, 0xF0, 0x01, 0xF0
    .byte   0x0F, 0x0F, 0x11, 0x10, 0x00, 0x1F, 0x01, 0x00, 0xEF, 0x20, 0x00, 0x10, 0x0F, 0x11, 0x0E, 0xF0
    .byte   0x10, 0xE0, 0x11, 0x00,   -2, 0x00, 0xEF, 0x10, 0xFE, 0xFF, 0x20, 0xFF, 0xFF, 0xF0, 0x21, 0x0E
    .byte   0x11, 0x20, 0x20, 0x1F, 0x12, 0x22, 0x11, 0x11, 0x12, 0x0F, 0xFF, 0x0F, 0x0F, 0x10, 0xF0, 0x10
    .byte   0x00, 0x00, 0xE0, 0x01, 0x0E,    7, 0x00, 0x0E, 0xF1, 0xFF, 0xEF, 0x0E, 0xFF, 0xF0, 0xFE, 0xFF
    .byte   0xFF, 0x00, 0x1E, 0xFF, 0x00, 0x11, 0x1E, 0xFF, 0x21, 0x11, 0x22, 0x21, 0x14, 0x31, 0x02, 0x21
    .byte   0xE0, 0x1F, 0xDE, 0xF2, 0x0F, 0xEE,    6, 0x0F, 0x01, 0x11, 0xEF, 0x12, 0x20, 0x0F, 0xFF, 0x11
    .byte   0x00, 0xEF, 0xFF, 0xFE, 0x20, 0xE0, 0x02, 0x11, 0x21, 0x2F, 0xEE, 0x0F, 0xEE, 0xEE, 0xEE, 0x10
    .byte   0xE0, 0xE1, 0xEF, 0xF0, 0x01, 0x0F, 0x20,  -25, 0x01, 0x22, 0x21, 0x22, 0x23, 0x22, 0x10, 0x21
    .byte   0xF1, 0xFE, 0xEE, 0x12, 0x0F, 0xEE, 0x11, 0x02, 0xFE, 0xE0, 0x22, 0x10, 0x0E, 0xF0, 0x21, 0x0E
    .byte   0xEE, 0x00, 0x10, 0xFF, 0xE0, 0x13, 0x12, 0x00,   11, 0x01, 0x20, 0xFE, 0xDF, 0xE0, 0xFE, 0xEE
    .byte   0xEF, 0xFE, 0xFE, 0xEF, 0x01, 0x01, 0x11, 0x02, 0x22, 0x00, 0x22, 0x22, 0x22, 0x30, 0x22, 0x20
    .byte   0x0E, 0x2F, 0xEE, 0x01, 0x0F, 0xE0, 0x1E, 0xF0, 0x1F,    4, 0x0F, 0x21, 0x10, 0x10, 0xFF, 0x01
    .byte   0x1F, 0xE0, 0x0F, 0xF0, 0x10, 0xEF, 0xF2, 0x0F, 0x22, 0x11, 0x12, 0x1E, 0xEE, 0x0E, 0xEE, 0xFE
    .byte   0xFE, 0x01, 0xEE, 0xE0, 0x1F, 0xEF, 0xF0, 0x12, 0x22, 0xF0,  -21, 0x02, 0x21, 0x2F, 0xF1, 0x23
    .byte   0x31, 0x01, 0x01, 0x22, 0x1E, 0xEE, 0x03, 0x10, 0xEE, 0xEF, 0x12, 0xFE, 0xEF, 0x02, 0x12, 0xEE
    .byte   0xF0, 0x21, 0x10, 0xE0, 0xF1, 0x02, 0xEE, 0xE0, 0x21, 0x10, 0xFF,    2, 0x02, 0x20, 0xEE, 0xFE
    .byte   0xFF, 0x0E, 0xEE, 0xF1, 0xFF, 0xFE, 0xFF, 0x01, 0x0F, 0xF1, 0x22, 0xF0, 0x10, 0x12, 0x10, 0xF0
    .byte   0x12, 0x2F, 0xF0, 0x12, 0x22, 0x01, 0x01, 0x32, 0x0F, 0xFF, 0x21, 0x10,   22, 0x0E, 0xF0, 0x2F
    .byte   0xEF, 0xEE, 0x02, 0x00, 0xEF, 0xE2, 0x02, 0x0E, 0xFF, 0x11, 0x1F, 0xE0, 0xE1, 0x11, 0x0F, 0xEF
    .byte   0x01, 0x11, 0x0E, 0xE1, 0x20, 0xFF, 0xEF, 0x11, 0x1F, 0xEE, 0x02, 0x02, 0xFE,  -18, 0x01, 0x22
    .byte   0x0E, 0xE0, 0x23, 0xE2, 0xEE, 0x21, 0x23, 0xEE, 0x1E, 0x22, 0xF2, 0xED, 0x22, 0x32, 0xEE, 0xF1
    .byte   0x22, 0x2E, 0xDF, 0x03, 0x00, 0x1E, 0xE0, 0x22, 0xFE, 0xEF, 0x22, 0x00, 0x2D, 0xE2,    9, 0x02
    .byte   0xEF, 0x0E, 0x01, 0x12, 0xED, 0x20, 0xE2, 0x2F, 0xED, 0xF3, 0x22, 0xC3, 0x1B, 0x43, 0xE1, 0xED
    .byte   0xF4, 0xD2, 0x3C, 0xE2, 0xF4, 0xD2, 0xD1, 0x1D, 0x4E, 0x2F, 0xC3, 0xFD, 0x6B, 0x22, 0xB5,   -5
    .byte   0x01, 0x3C, 0x3E, 0xE5, 0xDF, 0x2C, 0x23, 0xC5, 0xC2, 0xE1, 0x1E, 0x4D, 0x1E, 0xFD, 0x5D, 0x12
    .byte   0xC2, 0x04, 0xD0, 0x2C, 0x32, 0xD4, 0xC1, 0x0D, 0x40, 0xE2, 0xFD, 0x3F, 0x03, 0xC2, 0xE1, 0x4C
    .byte      9, 0x0D, 0xD4, 0xD3, 0x3B, 0x4D, 0xE5, 0xB3, 0x2C, 0x4C, 0x32, 0xC3, 0x2C, 0x4D, 0x22, 0xFE
    .byte   0x22, 0xD1, 0x2E, 0x21, 0xD4, 0xC3, 0xFD, 0x5B, 0x32, 0xD2, 0x2D, 0x13, 0xE0, 0x3C, 0x04, 0xB5
    .byte   0xFC,   16, 0x0A, 0x5E, 0xC6, 0xA5, 0xCD, 0x5B, 0x5E, 0xC4, 0xC3, 0x12, 0x3B, 0x4D, 0x03, 0x1E
    .byte   0x1F, 0xD4, 0xD3, 0xD1, 0xEE, 0x4D, 0x3E, 0xD3, 0xE2, 0x3C, 0x3E, 0xE1, 0x13, 0xC4, 0xC2, 0x3D
    .byte   0x3E, 0xE0,   -1, 0x0F, 0x3D, 0x4C, 0x22, 0xC5, 0xB4, 0x0C, 0x4C, 0x4F, 0xD4, 0xB4, 0xE0, 0x3D
    .byte   0xF2, 0xEF, 0x4B, 0x5B, 0x4E, 0xE3, 0xC5, 0xB4, 0xDE, 0x3D, 0x32, 0xD2, 0xE2, 0x02, 0xFD, 0x3C
    .byte   0x4E, 0x12, 0xDF,   -4, 0x0F, 0x3F, 0xFE, 0x2C, 0x5D, 0x12, 0xC3, 0xE2, 0x2E, 0x2E, 0xC5, 0xC3
    .byte   0x2D, 0x3D, 0x02, 0xE3, 0xEE, 0x3C, 0x5C, 0x22, 0xC4, 0xC4, 0xEE, 0x3C, 0x30, 0xD4, 0xC3, 0xFD
    .byte   0x4D, 0x13, 0xC3, 0x0D,   11, 0x0C, 0x3F, 0xD3, 0x1D, 0x22, 0xD3, 0xD2, 0x2C, 0x5C, 0x14, 0xB4
    .byte   0xEF, 0x1F, 0x01, 0xFE, 0x3D, 0x4D, 0x1E, 0xF2, 0xE3, 0xED, 0x2F, 0x13, 0xC5, 0xB4, 0xED, 0x4C
    .byte   0x4C, 0x3E, 0xE4, 0xC3, 0xFD,    8, 0x0C, 0x32, 0xC4, 0xD2, 0x2E, 0x2E, 0x20, 0xE2, 0xE2, 0xD3
    .byte   0xD3, 0xD3, 0xFD, 0x4B, 0x5D, 0x02, 0xC5, 0xB4, 0x0D, 0x3D, 0x3D, 0x3F, 0xD3, 0xD2, 0x10, 0xFF
    .byte   0x10, 0x12, 0xD4, 0xB4, 0x1D, 0x4C,    5, 0x0D, 0x20, 0xF0, 0x2D, 0x20, 0x02, 0x0F, 0xE3, 0xC3
    .byte   0x1E, 0x2F, 0xF1, 0xE3, 0xE1, 0x1D, 0x4C, 0x3F, 0xF2, 0xD3, 0xD3, 0xD2, 0x2D, 0x3E, 0xF2, 0xE1
    .byte   0x2D, 0x3F, 0xE4, 0xB4, 0xED, 0x4C, 0x31,   -6, 0x03, 0xD2, 0x2E, 0x3D, 0x12, 0xD3, 0xFE, 0x3C
    .byte   0x4D, 0x03, 0xC4, 0xDF, 0x3D, 0x20, 0xE2, 0xFE, 0x3D, 0x3E, 0xF1, 0xE1, 0x2E, 0x12, 0xD3, 0xD3
    .byte   0xE0, 0x2E, 0x01, 0xFF, 0x3C, 0x4C, 0x31, 0xD4,   -7, 0x03, 0x1D, 0x3F, 0xD4, 0xC3, 0x1D, 0x4C
    .byte   0x30, 0xE2, 0xE0, 0x1E, 0x20, 0xF0, 0x2D, 0x3E, 0xF2, 0xE2, 0xE1, 0x02, 0xE2, 0xE1, 0x01, 0x02
    .byte   0xD2, 0x0F, 0x2E, 0x2E, 0x10, 0x00, 0x1F, 0x0F, 0x02,    1, 0x01, 0xE1, 0x2D, 0x3F, 0xFF, 0x0E
    .byte   0x21, 0xF2, 0xD3, 0xD3, 0xEF, 0x2D, 0x3E, 0x12, 0xE2, 0xD2, 0x0E, 0x3E, 0xF0, 0xE2, 0x2D, 0x4C
    .byte   0x32, 0xC4, 0xC3, 0x0F, 0x1F, 0x11, 0x0E, 0x3C, 0x4D, 0x21,   -3, 0x02, 0xE1, 0x2E, 0x21, 0xD3
    .byte   0xE2, 0xF2, 0xD3, 0xD1, 0x3C, 0x4D, 0x12, 0xE1, 0x0F, 0xF2, 0xE2, 0xE3, 0xDF, 0x3D, 0x3D, 0x2E
    .byte   0x2F, 0x1F, 0x0F, 0x02, 0xE0, 0xF2, 0xFF, 0x10, 0x0F, 0xF1, 0x11,    0, 0x01, 0xFF, 0x1F, 0x2E
    .byte   0x2E, 0x12, 0xD3, 0xEF, 0x2E, 0xE3, 0xE0, 0x2D, 0x2F, 0xF2, 0xF2, 0xEE, 0x3D, 0x3D, 0x13, 0xC4
    .byte   0xD3, 0x0D, 0x3C, 0x4D, 0x03, 0xC4, 0xEC, 0x5B, 0x5C, 0x22, 0xD3, 0xEF,    0, 0x01, 0x02, 0xD3
    .byte   0xD3, 0xEE, 0x3C, 0x4D, 0x10, 0x2E, 0x02, 0xE1, 0x11, 0xE3, 0xC4, 0xD2, 0xF2, 0xEF, 0x10, 0x3C
    .byte   0x4C, 0x3E, 0x2E, 0x2E, 0x11, 0xE3, 0xD4, 0xB5, 0xB4, 0x1C, 0x5B, 0x41, 0xC5,   -4, 0x02, 0x2D
    .byte   0x3D, 0x21, 0xE3, 0xC4, 0xD0, 0x3D, 0x3D, 0x3E, 0xE3, 0xD2, 0x0D, 0x4C, 0x4D, 0x2E, 0xE3, 0xD3
    .byte   0xEE, 0x3E, 0xF3, 0xC3, 0xE2, 0xE1, 0x1E, 0x3D, 0x3D, 0x3D, 0x3E, 0xE3, 0xD1, 0x2D,    3, 0x0F
    .byte   0xE2, 0xD3, 0xD3, 0xEF, 0x3C, 0x4E, 0xF2, 0xD2, 0xF1, 0x10, 0x00, 0xE1, 0x2D, 0x4C, 0x3E, 0xF2
    .byte   0xE3, 0xD1, 0x2D, 0x3F, 0x01, 0xE2, 0xD3, 0xE2, 0xE2, 0xD3, 0xEE, 0x4C, 0x3D, 0x3F, 0xE3,   -5
    .byte   0x02, 0x1D, 0x4D, 0x13, 0xC4, 0xD1, 0x2D, 0x3D, 0x21, 0xF3, 0xC5, 0xB3, 0x2D, 0x4C, 0x3D, 0x2E
    .byte   0x22, 0xD3, 0xEF, 0x3D, 0x2E, 0x2D, 0x3E, 0xD5, 0xB4, 0xD2, 0x3C, 0x4C, 0x3E, 0xE3, 0xD1, 0x3C
    .byte     14, 0x0C, 0x30, 0xC4, 0xC4, 0xEF, 0x1E, 0x02, 0xD3, 0xD1, 0x3C, 0x4D, 0x31, 0xD3, 0xC3, 0x2E
    .byte   0x02, 0xD4, 0xD3, 0xEE, 0x3B, 0x5C, 0x04, 0xCF, 0x3D, 0x31, 0xE1, 0xD3, 0x1E, 0x3D, 0xF3, 0xC4
    .byte   0x0E,    8, 0x0C, 0x4D, 0x12, 0xD3, 0xDE, 0x3F, 0x01, 0xFE, 0x1E, 0x30, 0x22, 0xD3, 0xD2, 0xF2
    .byte   0xFC, 0x3D, 0xE4, 0xDE, 0x3D, 0x43, 0xD3, 0xC2, 0x00, 0xFE, 0x0E, 0xE3, 0x3E, 0x3D, 0xE2, 0xE2
    .byte   0x2C, 0x2D,  -10, 0x01, 0x40, 0xD2, 0xC4, 0x21, 0x2D, 0xD3, 0xD4, 0xEE, 0xFC, 0x3F, 0x30, 0x0E
    .byte   0x2E, 0x22, 0x12, 0xEE, 0xE2, 0xE3, 0xFD, 0xFD, 0x3E, 0x3E, 0xF0, 0x10, 0x32, 0xD2, 0xD2, 0x02
    .byte   0xF1, 0xFE, 0x2E,    6, 0x0E, 0xF1, 0xD1, 0x2E, 0x20, 0xE2, 0xE2, 0x12, 0x1F, 0x11, 0xE2, 0xE1
    .byte   0x1E, 0x01, 0x0E, 0x2E, 0x22, 0xEF, 0x0F, 0x21, 0xFF, 0xE1, 0x12, 0xFE, 0xF0, 0xF2, 0x2F, 0x0E
    .byte   0x12, 0x11, 0xFE, 0xEE,   -1, 0x01, 0x1F, 0xFE, 0x02, 0x12, 0xFE, 0xE1, 0x12, 0x01, 0xFE, 0x21
    .byte   0x21, 0xEE, 0xF0, 0x02, 0xFF, 0x0E, 0x11, 0x21, 0xFF, 0xE1, 0x11, 0x20, 0xE0, 0xE1, 0x21, 0x0F
    .byte   0xEF, 0x12, 0x10, 0x0E, 0xFF,   -1, 0x01, 0x20, 0xEF, 0x11, 0x10, 0x1E, 0x0F, 0xF2, 0xFF, 0x00
    .byte   0xF0, 0x11, 0x10, 0xFF, 0x01, 0x11, 0x0F, 0xF0, 0x11, 0x0F, 0xFF, 0x00, 0x01, 0x00, 0xF0, 0x00
    .byte   0x10, 0x01, 0x00, 0x0F, 0x01, 0xF1,    0, 0x0F, 0x01, 0x00, 0x0F, 0x0F, 0x11, 0x10, 0xF0, 0x0F
    .byte   0x11, 0x0F, 0x0F, 0x01, 0x00, 0x1F, 0x00, 0xF1, 0x01, 0x0F, 0x00, 0x01, 0x00, 0xFF, 0x10, 0xF1
    .byte   0x00, 0x1F, 0x00, 0x0F, 0x10, 0x10, 0xF0,    1, 0x00, 0x10, 0xFF, 0xFF, 0x10, 0x1F, 0xFF, 0x11
    .byte   0x11, 0x1F, 0x00, 0xF0, 0x10, 0x00, 0xFF, 0x10, 0x10, 0xF0, 0xFF, 0x11, 0x10, 0xFF, 0x01, 0x10
    .byte   0xF0, 0xF0, 0x11, 0xF0, 0xF0, 0x00, 0x11, 0x0F,   -1, 0x00, 0x11, 0x0F, 0xF0, 0xF1, 0x11, 0x10
    .byte   0xF0, 0xF1, 0x10, 0x0E, 0x01, 0x01, 0x11, 0xF0, 0x00, 0x10, 0xF0, 0x0F, 0x01, 0x1F, 0x0F, 0xF0
    .byte   0x10, 0x1F, 0xFF, 0x02, 0x01, 0xFF, 0xFF, 0x01, 0x10,   -1, 0x0F, 0xFF, 0x11, 0xFF, 0xFF, 0x00
    .byte   0x11, 0xF1, 0xF0, 0x00, 0x20, 0xFF, 0xF1, 0x11, 0x11, 0x0F, 0x00, 0x20, 0x01, 0x01, 0x01, 0x12
    .byte   0x00, 0xF1, 0x11, 0x01, 0xFF, 0xFF, 0x11, 0xFF, 0xFF, 0xFF,    5, 0x01, 0xFE, 0xFE, 0x1F, 0xFF
    .byte   0x0E, 0x0F, 0x0E, 0xFE, 0xFE, 0x10, 0xE0, 0xF1, 0x01, 0x20, 0x00, 0xF2, 0x20, 0xFF, 0x22, 0x22
    .byte   0x32, 0x30, 0x22, 0x20, 0x00, 0xFF, 0xDE, 0x00, 0x0E, 0x0E, 0xEF,    3, 0x02, 0x10, 0xE0, 0x12
    .byte   0x02, 0x20, 0xE0, 0x02, 0x01, 0xEF, 0xEE, 0xFF, 0x0E, 0xEE, 0xFF, 0x01, 0x11, 0xFF, 0x02, 0xF1
    .byte   0x0E, 0xEF, 0xEF, 0xFF, 0xEE, 0xF0, 0x11, 0x10, 0xE1, 0x12, 0x22, 0x11,  -12, 0x02, 0x13, 0x23
    .byte   0x12, 0x02, 0x02, 0x00, 0x1E, 0xEF, 0x01, 0x00, 0xE0, 0xE0, 0x01, 0x0F, 0xEF, 0xF0, 0x20, 0x0E
    .byte   0xFF, 0x01, 0x11, 0xFF, 0xE0, 0x11, 0x10, 0xEE, 0x1F, 0x01, 0x1F, 0xFF, 0x00,   -3, 0x00, 0xFE
    .byte   0xFE, 0x11, 0xFF, 0xEF, 0xF1, 0x11, 0x1F, 0xEF, 0x11, 0x10, 0x00, 0x11, 0x22, 0x0F, 0xF0, 0x12
    .byte   0x12, 0xFF, 0x02, 0x02, 0x21, 0x00, 0x11, 0x21, 0x1F, 0xF0, 0x11, 0x10, 0x0E, 0x0F,   13, 0x01
    .byte   0x00, 0xFE, 0xFF, 0x00, 0x00, 0xFF, 0xFF, 0x11, 0xFF, 0xFF, 0xFF, 0x1F, 0x0F, 0xE1, 0x11, 0x00
    .byte   0xFF, 0x00, 0x1F, 0xF0, 0xFF, 0x00, 0xF0, 0xF0, 0xF1, 0xF0, 0x11, 0xF0, 0xF0, 0x10, 0x11,   -8
    .byte   0x0F, 0x10, 0x1F, 0x2F, 0xF0, 0x02, 0x0F, 0x11, 0x10, 0x11, 0x0F, 0x01, 0x11, 0x00, 0x11, 0x10
    .byte   0x01, 0xF0, 0x10, 0xF0, 0x01, 0xF0, 0x01, 0x0F, 0xF0, 0x00, 0x0F, 0x01, 0xF0, 0x1F, 0xFF, 0x10
    .byte      3, 0x00, 0x0F, 0x0F, 0x10, 0x0F, 0x00, 0xFE, 0x12, 0xFF, 0xFF, 0x10, 0x11, 0x1E, 0xE1, 0x12
    .byte   0x00, 0xEF, 0x12, 0x11, 0xEE, 0x00, 0x21, 0xFF, 0xFF, 0x01, 0x20, 0xFE, 0xF0, 0x20, 0x10, 0xE0
    .byte   0x11,   -1, 0x01, 0x0E, 0x02, 0x00, 0x2F, 0xEF, 0x02, 0x01, 0x0F, 0xFF, 0x02, 0x2E, 0xFE, 0x11
    .byte   0x22, 0xEE, 0xF1, 0x02, 0x0F, 0xE0, 0x01, 0x11, 0xFE, 0x11, 0x12, 0xFE, 0xF2, 0x01, 0x0F, 0xEF
    .byte   0x20, 0x2F,    1, 0x0F, 0x01, 0x01, 0x1E, 0x01, 0xF1, 0x21, 0xEE, 0xF0, 0x12, 0x0F, 0xEF, 0x12
    .byte   0x00, 0x00, 0xFE, 0x11, 0x21, 0xEF, 0x02, 0x02, 0x1E, 0xD1, 0x22, 0x2E, 0xEF, 0xF2, 0x3E, 0xEE
    .byte   0xE2, 0x21, 0x0E,    0, 0x0E, 0xF1, 0x21, 0x00, 0xEF, 0x12, 0x2F, 0xED, 0x23, 0x0E, 0x0F, 0xE1
    .byte   0x22, 0x10, 0xD1, 0x22, 0x00, 0xED, 0x03, 0x21, 0xEE, 0xF2, 0x20, 0x0F, 0xDF, 0x22, 0x11, 0xEE
    .byte   0x2F, 0x12, 0xFE, 0xE0,   -5, 0x02, 0x21, 0x0E, 0xE1, 0x12, 0x2E, 0x0D, 0x03, 0x22, 0xDE, 0xE0
    .byte   0x32, 0x2E, 0xDE, 0x22, 0x22, 0xED, 0x01, 0x22, 0x11, 0xDF, 0xE1, 0x31, 0x0E, 0xEF, 0x03, 0x2E
    .byte   0xDE, 0x12, 0x31, 0xED, 0xE1,    2, 0x02, 0x1F, 0xDE, 0x13, 0x2F, 0xEE, 0xE1, 0x23, 0x0E, 0xDE
    .byte   0x23, 0x10, 0xEE, 0xFE, 0x32, 0x0E, 0xE0, 0x11, 0x3F, 0xFD, 0xE2, 0x21, 0x11, 0xEE, 0x02, 0x12
    .byte   0xEE, 0x0F, 0x22, 0xFF, 0xEF, 0x21,    4, 0x0D, 0xF3, 0xFE, 0x2F, 0xF1, 0xF0, 0xE0, 0x2F, 0x20
    .byte   0xEF, 0x12, 0xFE, 0xF1, 0x02, 0xEE, 0x31, 0xFF, 0xFE, 0xF3, 0xFE, 0xF0, 0xE2, 0x2F, 0x12, 0xDE
    .byte   0x30, 0x0E, 0x1E, 0x12, 0xF1, 0x0F, 0xF0,    0, 0x01, 0xF0, 0xE2, 0x1F, 0xE2, 0x2F, 0xF0, 0x1F
    .byte   0xE0, 0x2F, 0xFF, 0x11, 0xE1, 0x21, 0xFE, 0x10, 0x11, 0x0F, 0xE1, 0x12, 0x2E, 0xE0, 0xF2, 0x10
    .byte   0xE0, 0xE1, 0x21, 0x11, 0xFE, 0x02, 0x10, 0x0E,   -3, 0x00, 0x21, 0x0E, 0xF1, 0x01, 0x2E, 0x3E
    .byte   0xDF, 0x31, 0xE1, 0xFE, 0x12, 0x12, 0xEE, 0x10, 0x2E, 0xF1, 0x12, 0xFE, 0xF2, 0xFF, 0x2F, 0xEF
    .byte   0x12, 0xFE, 0x00, 0x12, 0xF0, 0x1E, 0xF2, 0xFF, 0xF0,    1, 0x00, 0xE1, 0x21, 0xE0, 0xF1, 0x2F
    .byte   0xE0, 0x2E, 0x12, 0xEF, 0x2F, 0x02, 0xEE, 0x02, 0xE1, 0x2E, 0xF2, 0xF0, 0x02, 0xED, 0x22, 0x02
    .byte   0x0E, 0x02, 0xE1, 0x2E, 0xE2, 0x2E, 0xF2, 0xE0, 0x20, 0xD2,    2, 0x0E, 0x21, 0xEE, 0x30, 0xE1
    .byte   0x0F, 0x01, 0x00, 0x1E, 0xE2, 0x20, 0xE0, 0x2E, 0x2E, 0x12, 0xFE, 0xE2, 0x2F, 0x11, 0xD2, 0x2F
    .byte   0xE2, 0xFF, 0x11, 0x00, 0x1F, 0xE1, 0x11, 0x10, 0xEF, 0x12, 0x2F,    0, 0x0F, 0x0E, 0x22, 0xFE
    .byte   0x0F, 0x12, 0x01, 0x0E, 0xE2, 0x02, 0xFE, 0x01, 0x11, 0x12, 0xEE, 0xF1, 0x10, 0x0F, 0x01, 0x21
    .byte   0xFF, 0xFF, 0xF0, 0xFF, 0x20, 0xE2, 0x10, 0x1E, 0x1F, 0xF0, 0x20, 0xE2,    0, 0x0F, 0x00, 0x11
    .byte   0xE0, 0x2F, 0x2F, 0x11, 0xD2, 0x0F, 0x1F, 0x01, 0x10, 0x10, 0xFE, 0x11, 0x11, 0x1E, 0x02, 0x00
    .byte   0x0E, 0x01, 0x2E, 0x11, 0xF0, 0x00, 0xFF, 0x10, 0x11, 0x11, 0xE1, 0xF1, 0x11,    1, 0x0E, 0xF1
    .byte   0x20, 0x2E, 0xFF, 0x10, 0x01, 0x1E, 0xF2, 0x01, 0x1E, 0x1E, 0x00, 0x22, 0xFF, 0xFF, 0x0F, 0x00
    .byte   0x00, 0xF2, 0x11, 0x10, 0xEE, 0x01, 0x01, 0x10, 0xF0, 0x2F, 0xFF, 0xF0, 0xFF, 0x02,    3, 0x01
    .byte   0xFF, 0xFF, 0xF2, 0x0E, 0xFF, 0x02, 0x1F, 0xFF, 0xF0, 0x21, 0x0F, 0xE0, 0x01, 0x10, 0x1F, 0xF2
    .byte   0x0F, 0x00, 0xE0, 0x11, 0x01, 0xE0, 0x12, 0x00, 0x0E, 0x01, 0x2F, 0xE0, 0x00, 0x12, 0x1E,   -1
    .byte   0x0F, 0x11, 0x0F, 0x0F, 0x11, 0x01, 0xFF, 0x00, 0x2F, 0xF0, 0x0F, 0xF0, 0x0F, 0x02, 0xFF, 0x10
    .byte   0xF0, 0x0F, 0x11, 0x10, 0x0E, 0x01, 0x0F, 0x11, 0xF1, 0x11, 0xF0, 0xFE, 0x21, 0x0F, 0x0F, 0x00
    .byte      2, 0x01, 0xEF, 0xF1, 0x12, 0xFE, 0x2F, 0xF2, 0xFF, 0x0E, 0x01, 0x2F, 0xF0, 0xE0, 0x21, 0x0F
    .byte   0xEF, 0x12, 0xF1, 0x0F, 0x01, 0x01, 0xFF, 0xF0, 0x0F, 0x02, 0x0F, 0xF0, 0x10, 0xF0, 0x10, 0xE1
    .byte   0x02,    3, 0x0E, 0x0F, 0x2F, 0x01, 0x0F, 0xE1, 0x2F, 0xF0, 0x0E, 0x21, 0x2E, 0xF0, 0xF0, 0x11
    .byte   0xFF, 0xF0, 0x21, 0xE1, 0x00, 0x01, 0x0F, 0x0F, 0x01, 0x1F, 0x01, 0xF1, 0x0F, 0xF0, 0x11, 0x0F
    .byte   0x0E, 0x22,    3, 0x0F, 0xFE, 0x02, 0xF1, 0x1F, 0xF0, 0x10, 0xF0, 0xF0, 0xF0, 0x2F, 0x01, 0xE1
    .byte   0x01, 0x1F, 0xFF, 0x11, 0x02, 0x0E, 0xF0, 0x10, 0x11, 0xE0, 0x11, 0x10, 0xFF, 0x01, 0xF0, 0x1F
    .byte   0x11, 0x0F, 0x01,    1, 0x00, 0x0F, 0x00, 0xF0, 0x11, 0xF0, 0x0F, 0x0F, 0x10, 0x01, 0x11, 0x00
    .byte   0xFF, 0x10, 0xF0, 0x0E, 0x21, 0xF1, 0xE1, 0x21, 0x0F, 0xE0, 0x02, 0x0F, 0xEF, 0x12, 0x2F, 0xEE
    .byte   0x02, 0x20, 0xEE, 0x10,    1, 0x01, 0x0E, 0x01, 0x11, 0x10, 0xE1, 0x01, 0x11, 0xFF, 0xF0, 0x11
    .byte   0x0E, 0x12, 0xE1, 0x1F, 0x02, 0xFF, 0xF0, 0x10, 0x1F, 0xFE, 0x11, 0x02, 0x1E, 0x10, 0x10, 0xFF
    .byte   0xF1, 0x12, 0xE0, 0x00, 0x11,    3, 0x0F, 0xE0, 0x11, 0x1E, 0x01, 0x01, 0x2F, 0xFE, 0x2F, 0x20
    .byte   0xEF, 0xFF, 0x12, 0x10, 0xEF, 0x12, 0x1F, 0xEF, 0xE2, 0x21, 0xFF, 0xE1, 0x20, 0xFF, 0x0E, 0x11
    .byte   0x2F, 0x0F, 0xF2, 0xF0, 0x00, 0xEF,   -1, 0x00, 0x01, 0x10, 0xFF, 0x01, 0x02, 0xE0, 0xF0, 0x01
    .byte   0x1F, 0xF1, 0x10, 0x01, 0x0E, 0xE2, 0x2F, 0x1F, 0xE2, 0xF1, 0x11, 0xEF, 0x10, 0x11, 0x0F, 0x0F
    .byte   0x11, 0x0F, 0x00, 0x01, 0xF1, 0x0E, 0x10,   -1, 0x00, 0x11, 0xF1, 0x0F, 0x20, 0xE0, 0x00, 0xF0
    .byte   0xF0, 0x20, 0xFF, 0xFF, 0x11, 0x0F, 0x10, 0x1F, 0x10, 0xF0, 0x10, 0xFF, 0xF0, 0x2F, 0x0F, 0x01
    .byte   0xE2, 0x0F, 0xFF, 0xF2, 0x01, 0xFF, 0xF0, 0x20,    2, 0x0F, 0xE0, 0x10, 0x20, 0xE0, 0x11, 0x20
    .byte   0xEF, 0xF0, 0x20, 0xF0, 0xFE, 0x12, 0x10, 0xFF, 0x01, 0x01, 0x0E, 0xFF, 0x21, 0x0F, 0xFF, 0x11
    .byte   0x2F, 0xEE, 0xF2, 0x21, 0x0E, 0x0E, 0x22, 0xF1, 0xFF,    2, 0x0F, 0x02, 0xFE, 0xEF, 0x12, 0x2E
    .byte   0xEF, 0x22, 0x2F, 0xEE, 0xF2, 0x21, 0xD0, 0x12, 0x0F, 0xF0, 0x00, 0x1F, 0x0E, 0xE2, 0x12, 0xFF
    .byte   0x01, 0x20, 0x10, 0xEE, 0x02, 0x21, 0xEE, 0x02, 0x20, 0xFD,   -7, 0x00, 0x22, 0x0F, 0xEF, 0xF2
    .byte   0x21, 0x0E, 0xE1, 0x22, 0x2E, 0xD0, 0x12, 0x21, 0xED, 0x12, 0x22, 0xEE, 0xF2, 0x21, 0x0E, 0x0F
    .byte   0x11, 0x0F, 0xEF, 0x11, 0x2F, 0xE1, 0x01, 0x11, 0x0F, 0xF0, 0x11,    2, 0x01, 0xF0, 0x0F, 0x00
    .byte   0xFF, 0x0F, 0xFF, 0x02, 0x0F, 0xF1, 0x11, 0xF1, 0x11, 0xFF, 0x00, 0x1F, 0xF0, 0xFF, 0x11, 0xF0
    .byte   0xF1, 0x1F, 0x10, 0x00, 0x1F, 0x1F, 0x00, 0x01, 0xF0, 0x1F, 0x0F, 0x11,   -1, 0x01, 0x01, 0xFF
    .byte   0xF0, 0x2F, 0xFF, 0x01, 0x1F, 0x0F, 0x1F, 0x11, 0x10, 0xF0, 0x10, 0xF0, 0x0F, 0xFF, 0x10, 0x00
    .byte   0x01, 0x00, 0x10, 0x00, 0xFF, 0x11, 0xF0, 0x1F, 0x0F, 0x11, 0xFF, 0xF1, 0x11,    1, 0x0F, 0x0F
    .byte   0x01, 0x1F, 0xF1, 0x01, 0xF0, 0xF0, 0x0F, 0x0F, 0xF1, 0x1F, 0xF0, 0x10, 0x10, 0x20, 0x0F, 0x01
    .byte   0x0F, 0xFF, 0x11, 0x00, 0xFF, 0x01, 0x11, 0xF0, 0x11, 0x11, 0x21, 0xFF, 0x12, 0xFE,    7, 0x01
    .byte   0x2F, 0xEF, 0x0F, 0xFF, 0xF0, 0xFF, 0xFF, 0x1F, 0xF0, 0xFE, 0xFF, 0xFE, 0xEE, 0x00, 0xEF, 0x1F
    .byte   0x00, 0x01, 0x10, 0xF2, 0x21, 0x12, 0x44, 0x21, 0x23, 0x31, 0xEF, 0xEE, 0xED, 0x0D, 0xEF,    4
    .byte   0x02, 0xFE, 0xF0, 0x21, 0xF2, 0x01, 0x22, 0x20, 0xF1, 0x0F, 0xDE, 0xEE, 0xED, 0xDF, 0xFF, 0xEE
    .byte   0x10, 0x00, 0x01, 0x0E, 0x01, 0xFF, 0xFE, 0x10, 0x21, 0xF3, 0x34, 0x43, 0x13, 0x33, 0xFE, 0xFF
    .byte     43, 0x0D, 0xEE, 0xDE, 0xE0, 0xEE, 0xDE, 0x31, 0x0D, 0x23, 0x31, 0xE2, 0x23, 0x1E, 0xEE, 0x0E
    .byte   0x1D, 0xDE, 0x01, 0xFE, 0xE0, 0x32, 0xFF, 0x22, 0x21, 0xEE, 0x11, 0xFD, 0xDE, 0xFE, 0xDE, 0xEE
    .byte   0xFF,  -49, 0x02, 0x22, 0x45, 0x33, 0x24, 0x41, 0xEE, 0x02, 0xDC, 0xED, 0xED, 0xEE, 0xDF, 0xE1
    .byte   0x2F, 0x12, 0x33, 0x21, 0x33, 0x21, 0xD0, 0x1E, 0xDD, 0xDF, 0xDE, 0xEE, 0xE0, 0x22, 0x00, 0x13
    .byte   0x3E, 0x01,    2, 0x01, 0xEE, 0xEF, 0xDE, 0xEE, 0xDD, 0x00, 0xFF, 0x22, 0x44, 0x32, 0x43, 0x43
    .byte   0x0F, 0xE2, 0x1D, 0xDD, 0x0E, 0xDD, 0xEE, 0x0E, 0xE1, 0x21, 0x22, 0x22, 0x30, 0x22, 0x0F, 0x1E
    .byte   0xEE, 0xED, 0xEE,   -9, 0x0E, 0xEE, 0x12, 0x1E, 0x13, 0x10, 0x21, 0x00, 0x11, 0xEE, 0xEE, 0xEE
    .byte   0xDE, 0xEF, 0xEE, 0x12, 0x32, 0x24, 0x34, 0x32, 0x32, 0x3F, 0xF1, 0xEE, 0xDF, 0xEE, 0xDE, 0xEE
    .byte   0x0F, 0x1E, 0x02, 0x22,    7, 0x01, 0x23, 0xF1, 0xF2, 0x0D, 0xF1, 0xED, 0xEF, 0xFE, 0xEE, 0x01
    .byte   0xFF, 0x21, 0x01, 0x22, 0x0E, 0x11, 0x0E, 0xE0, 0xEE, 0xEE, 0xFE, 0xEF, 0x01, 0x00, 0x22, 0x33
    .byte   0x32, 0x23, 0x42, 0x0E, 0x23,   41, 0x0D, 0xD2, 0x1E, 0xEE, 0xE0, 0xEF, 0x1E, 0xEF, 0x32, 0xEE
    .byte   0x23, 0x2E, 0x01, 0x2F, 0xEE, 0x1F, 0xEE, 0xEF, 0xEE, 0xEF, 0x0E, 0x01, 0x20, 0x00, 0x22, 0x0E
    .byte   0x00, 0xEF, 0xFE, 0xFE, 0xE0, 0xE0,  -34, 0x00, 0x10, 0x12, 0x20, 0x13, 0x33, 0xF1, 0x33, 0x2E
    .byte   0x12, 0x2D, 0x11, 0xF0, 0xE1, 0x0E, 0xFE, 0x12, 0xEE, 0x02, 0x2E, 0xE1, 0x22, 0xFF, 0x0E, 0x11
    .byte   0x0E, 0xEF, 0x00, 0xEF, 0xEF, 0xFF, 0xFF,  -13, 0x01, 0x10, 0xFF, 0x21, 0xFE, 0xF1, 0x0E, 0xEF
    .byte   0xF1, 0x0F, 0xE0, 0x22, 0xEE, 0x13, 0x20, 0xDF, 0x43, 0x1D, 0xF3, 0x40, 0xEE, 0x13, 0x2F, 0xEE
    .byte   0x23, 0xFE, 0xEF, 0x21, 0xFD, 0xE2, 0x2F, 0xDF,    8, 0x03, 0xEE, 0xF1, 0x12, 0xFE, 0xE1, 0x2F
    .byte   0x0D, 0xF1, 0x2E, 0xEE, 0x02, 0xFE, 0xEF, 0x02, 0x0E, 0xE2, 0x20, 0xEE, 0xF2, 0x1F, 0xD0, 0x32
    .byte   0x0D, 0x12, 0x30, 0xEE, 0x12, 0x21, 0xEE, 0x33, 0xED,  -13, 0x03, 0x4E, 0xDE, 0x33, 0xFE, 0x02
    .byte   0xF1, 0x10, 0x11, 0x02, 0xEE, 0x03, 0x1D, 0xD2, 0x22, 0xED, 0x22, 0xE2, 0x0E, 0xF1, 0x12, 0xFD
    .byte   0xD4, 0x3B, 0xF2, 0x32, 0xDD, 0xF3, 0x2E, 0xFD, 0xD3, 0x4F,  -14, 0x0D, 0x33, 0x2D, 0xD1, 0x32
    .byte   0xFD, 0x04, 0xFE, 0xDE, 0x35, 0xCB, 0xD4, 0x6D, 0xBD, 0x44, 0x1D, 0xED, 0x34, 0x0C, 0xD2, 0x52
    .byte   0xBD, 0x44, 0x1C, 0xEF, 0x33, 0xEE, 0xD2, 0x23, 0x0C, 0x23, 0x3C,    1, 0x0F, 0x34, 0xCB, 0x44
    .byte   0xD0, 0xFE, 0xE3, 0x1D, 0x2D, 0xE4, 0x3B, 0xF3, 0x3E, 0xDD, 0x25, 0xDB, 0x33, 0x31, 0xB2, 0x4E
    .byte   0xEF, 0xD3, 0x3D, 0x2D, 0x0E, 0x32, 0x2D, 0xE4, 0xD1, 0xE4, 0x1C, 0xC5,   20, 0x0C, 0xB3, 0x5D
    .byte   0xFC, 0x35, 0xCE, 0xC4, 0x3E, 0xE2, 0xC3, 0x3F, 0x2D, 0x1E, 0x3E, 0x3D, 0xC5, 0x1C, 0xF1, 0x31
    .byte   0xCF, 0x43, 0xCC, 0x5F, 0xC2, 0x42, 0xBD, 0x51, 0xDE, 0x14, 0xEB, 0x35, 0xEB,  -21, 0x05, 0x2C
    .byte   0x3E, 0xE2, 0x3C, 0x4E, 0xB5, 0x4B, 0xC5, 0x4B, 0x03, 0xE1, 0x03, 0x3B, 0xC5, 0x5C, 0xA4, 0x34
    .byte   0xCE, 0x3E, 0xED, 0x6C, 0xCE, 0x44, 0x19, 0x37, 0xE9, 0x06, 0x2D, 0xCE, 0x43, 0xCD,   26, 0x0B
    .byte   0xB6, 0x4B, 0xC1, 0x45, 0xBA, 0x56, 0xBC, 0x5C, 0xD4, 0xE2, 0x2C, 0x04, 0x1C, 0x23, 0x0E, 0xC3
    .byte   0x4F, 0xDB, 0x36, 0xCC, 0xE4, 0x3C, 0xD4, 0x3B, 0x33, 0x3C, 0x03, 0xD2, 0x3B, 0x35, 0xCD,   10
    .byte   0x00, 0xB2, 0x5E, 0xBD, 0x54, 0xDC, 0xF3, 0x4C, 0xC4, 0x59, 0x26, 0x2B, 0xEF, 0x44, 0xCB, 0x25
    .byte   0xDE, 0xE5, 0xCB, 0x46, 0xE9, 0x25, 0x5B, 0xB2, 0x5E, 0xD1, 0x3D, 0xC4, 0x43, 0xAD, 0x46, 0xCB
    .byte    -19, 0x04, 0x4C, 0x2F, 0x1C, 0x16, 0xFA, 0x12, 0x51, 0xBE, 0x24, 0x2C, 0x22, 0xEE, 0x04, 0xDC
    .byte   0x24, 0x1D, 0xE4, 0xDD, 0x4F, 0xDD, 0x41, 0xD2, 0x1D, 0x30, 0xD3, 0x2D, 0x11, 0xD4, 0xFD, 0xE3
    .byte   0x3E,   -7, 0x0F, 0x5C, 0xD3, 0xE3, 0x0B, 0x44, 0xDC, 0x33, 0x2E, 0xC1, 0x4E, 0xC3, 0x31, 0xC2
    .byte   0x40, 0xC0, 0x22, 0x2D, 0xD4, 0x2E, 0xC4, 0x2D, 0xD2, 0x4E, 0xDD, 0x5E, 0xC1, 0x23, 0x0C, 0x14
    .byte   0xEC, 0x34,    3, 0x00, 0xDF, 0x34, 0xCD, 0x13, 0x1D, 0x21, 0x2D, 0x31, 0xDE, 0x3F, 0x0F, 0xF0
    .byte   0xD5, 0xEB, 0x42, 0xD2, 0x02, 0xE1, 0xD3, 0x2F, 0xD1, 0x3E, 0xEE, 0x5C, 0xB5, 0x3C, 0x03, 0xEC
    .byte   0x5E, 0xC4, 0xEE,  -10, 0x05, 0xDD, 0xD4, 0x4B, 0xD4, 0x2E, 0xEF, 0x0F, 0x3E, 0xE3, 0xFC, 0x24
    .byte   0x3B, 0xD4, 0x4D, 0xC3, 0x1E, 0x22, 0xFD, 0xE3, 0x31, 0xCD, 0x43, 0xCE, 0x41, 0xD1, 0x02, 0x1C
    .byte   0x42, 0xDD, 0x14, 0x1C,   -4, 0x04, 0xCF, 0x4E, 0xC1, 0x4F, 0xC3, 0x1D, 0x24, 0xEC, 0x3D, 0x24
    .byte   0xEB, 0x33, 0x1F, 0xE4, 0xCD, 0x43, 0xCE, 0x13, 0x1E, 0xD2, 0x4C, 0xE3, 0x4B, 0xE4, 0x3D, 0xD2
    .byte   0x32, 0xB1, 0x53, 0xBC, 0x54,   -1, 0x0C, 0x43, 0xEC, 0x24, 0xFC, 0x05, 0xCD, 0x14, 0xFC, 0x22
    .byte   0x1E, 0x31, 0x1C, 0x23, 0x4C, 0xC1, 0x5D, 0xC2, 0x33, 0xCE, 0x34, 0xCB, 0x52, 0xFE, 0xE3, 0xEE
    .byte   0x3D, 0x3F, 0xC4, 0x3C, 0xC5, 0x0E,   -8, 0x03, 0x3D, 0xED, 0x5D, 0xC3, 0x3F, 0xDE, 0x4E, 0xFC
    .byte   0x33, 0x3C, 0xC5, 0x1D, 0xD4, 0x1D, 0xC4, 0x5B, 0xC3, 0x5E, 0xCD, 0x34, 0xDB, 0x6D, 0xD0, 0x3E
    .byte   0x2D, 0x03, 0xD3, 0xDF, 0x13, 0xDF, 0x21,   12, 0x0D, 0xD2, 0x3E, 0xE2, 0xEE, 0x3F, 0xE2, 0x2D
    .byte   0xD4, 0x2C, 0xD4, 0x3D, 0xD4, 0x2C, 0x21, 0x3E, 0xDD, 0x44, 0xBE, 0x23, 0xFF, 0xF2, 0xED, 0x24
    .byte   0x1B, 0x03, 0x5C, 0xB4, 0x4D, 0xC4, 0x2E, 0xC3,    7, 0x0E, 0x2C, 0x23, 0x1E, 0x11, 0xC3, 0x4C
    .byte   0x1F, 0x21, 0xFE, 0x32, 0xB4, 0x12, 0xFD, 0x30, 0xED, 0x41, 0xC3, 0xEE, 0x34, 0xBD, 0x5D, 0x0E
    .byte   0x3D, 0xE3, 0x2D, 0xF3, 0x1D, 0x20, 0xE3, 0x2D, 0xC3,   13, 0x0E, 0xB3, 0x3E, 0x2D, 0x32, 0x0C
    .byte   0xE5, 0x1B, 0xF4, 0x3D, 0xC4, 0x3D, 0xD1, 0x4D, 0xED, 0x42, 0xDD, 0x23, 0x2E, 0xC4, 0x1E, 0xFE
    .byte   0x21, 0xD4, 0x1C, 0xF4, 0x1C, 0x32, 0xED, 0x04, 0xFD, 0xD3,   10, 0x01, 0xCD, 0x41, 0x0E, 0x22
    .byte   0xC1, 0x4E, 0x2E, 0xCF, 0x43, 0xCF, 0xE0, 0x34, 0xC1, 0xD3, 0x10, 0x12, 0xCF, 0x4E, 0x2D, 0x0F
    .byte   0x4D, 0xC4, 0x2D, 0xE1, 0x31, 0xC3, 0x31, 0xCF, 0x34, 0xDB, 0x43,    7, 0x0C, 0xE5, 0x1B, 0xE4
    .byte   0x4C, 0xC2, 0x52, 0xCB, 0x54, 0xCD, 0x24, 0xCE, 0x15, 0xDB, 0x14, 0x4B, 0xE3, 0x4C, 0xE3, 0x21
    .byte   0xCF, 0x5F, 0xCC, 0x45, 0xBD, 0x33, 0xFD, 0xD4, 0x3C, 0xD3, 0x3D, 0xD4,   12, 0x0D, 0xC1, 0x43
    .byte   0xDD, 0x12, 0xE2, 0x3E, 0xDF, 0xF3, 0x4C, 0xC3, 0x3E, 0x1E, 0x3D, 0xEF, 0x5F, 0xBD, 0x42, 0xE2
    .byte   0xDE, 0x32, 0x1E, 0xE4, 0xCE, 0x33, 0xDC, 0x24, 0x01, 0xFC, 0x21, 0x4E, 0xDE,    3, 0x0D, 0xF4
    .byte   0xEE, 0xD3, 0xF3, 0xED, 0xE3, 0x3C, 0xEF, 0x4E, 0x2E, 0xC4, 0x2E, 0xF3, 0xCD, 0x5D, 0x20, 0xFD
    .byte   0xE5, 0xDD, 0xF1, 0xF1, 0x4C, 0xD4, 0xED, 0x24, 0xDC, 0x33, 0x2E, 0x2D, 0xE3, 0x2D,   -4, 0x03
    .byte   0xCD, 0x53, 0xCE, 0x2F, 0x22, 0xDE, 0x32, 0xC3, 0x4F, 0xB1, 0x5E, 0xDE, 0x12, 0xEE, 0x31, 0x2C
    .byte   0xE4, 0x3D, 0xC1, 0x40, 0xC3, 0x3E, 0xFD, 0x24, 0xDD, 0xE4, 0x1C, 0xE3, 0x3E, 0xD2, 0x31,   -1
    .byte   0x0E, 0x3F, 0x1D, 0xF3, 0xEF, 0x02, 0x2D, 0xF3, 0x2D, 0xF0, 0x12, 0xD2, 0x2F, 0x0E, 0x20, 0xFF
    .byte   0xF2, 0xE0, 0xFF, 0x00, 0x20, 0xFE, 0xF3, 0xFD, 0x32, 0xD1, 0x21, 0xFE, 0xF0, 0x11, 0xE0, 0x20
    .byte     -2, 0x02, 0x11, 0xD2, 0x2E, 0x1F, 0xF0, 0x2E, 0x22, 0xEE, 0xE3, 0x2E, 0xD1, 0x20, 0xF0, 0x11
    .byte   0xFF, 0x22, 0x0D, 0x01, 0x2F, 0xFF, 0x00, 0x20, 0x0F, 0xE0, 0x11, 0xF1, 0x1E, 0x21, 0x0F, 0xF0
    .byte   0xF2,    3, 0x0E, 0x01, 0xFF, 0x21, 0xEF, 0xF2, 0x01, 0xE0, 0x11, 0x0F, 0x01, 0x10, 0x10, 0xFF
    .byte   0x11, 0x1F, 0xEF, 0x01, 0x11, 0xFF, 0x01, 0x21, 0xEE, 0x12, 0xE0, 0x21, 0xE0, 0x20, 0xE2, 0xFF
    .byte   0x0E, 0x11,    0, 0x00, 0xF0, 0x01, 0x11, 0xFF, 0xF1, 0x20, 0xFE, 0x11, 0x01, 0xF0, 0xEF, 0x20
    .byte   0x0F, 0x11, 0xF0, 0x12, 0xEF, 0xFF, 0x1F, 0x01, 0x1F, 0x01, 0x10, 0x00, 0xFF, 0x00, 0x0F, 0x0F
    .byte   0x11, 0x01, 0x1E,   -2, 0x01, 0x1F, 0x0F, 0x0F, 0x02, 0x00, 0xF0, 0x11, 0x00, 0xF0, 0xE1, 0x11
    .byte   0x0F, 0x20, 0x1F, 0x01, 0x0F, 0xFF, 0x1F, 0x11, 0x01, 0xF0, 0x11, 0xFF, 0xFF, 0x00, 0x01, 0x0E
    .byte   0x10, 0x10, 0xFF, 0xF0,   -2, 0x01, 0xFF, 0x0F, 0x0F, 0x00, 0x0F, 0x00, 0xF0, 0x11, 0x0E, 0x0F
    .byte   0x10, 0x00, 0xE1, 0x20, 0x2F, 0xF0, 0xF2, 0x21, 0xFF, 0x22, 0x21, 0x11, 0xF1, 0x21, 0x0E, 0x01
    .byte   0x10, 0x10, 0x01, 0x00, 0xFF,   15, 0x0F, 0xFE, 0xEF, 0xFE, 0xF0, 0xFE, 0xFF, 0xF0, 0xEE, 0x1F
    .byte   0xEF, 0xFF, 0xEF, 0x00, 0xF0, 0x00, 0xF0, 0x10, 0x01, 0x21, 0x22, 0x22, 0x22, 0x33, 0x21, 0x22
    .byte   0x0F, 0x02, 0xE0, 0xF2, 0x1F, 0x01,   32, 0x0F, 0xF0, 0xEE, 0xEE, 0xEF, 0xEE, 0x00, 0xE0, 0xF0
    .byte   0xFF, 0xF1, 0xF1, 0x01, 0x11, 0x02, 0xF0, 0x10, 0x10, 0xE0, 0x0F, 0x00, 0x0E, 0x0E, 0xF0, 0xEE
    .byte   0xEE, 0xF0, 0xF0, 0xEF, 0xF0, 0x1F, 0x00,  -36, 0x02, 0x12, 0x32, 0x13, 0x33, 0x22, 0x22, 0x11
    .byte   0x02, 0x0E, 0x02, 0x11, 0x00, 0x0F, 0xEF, 0xFE, 0xEE, 0xEE, 0x0E, 0xEE, 0x0E, 0x00, 0xE0, 0x0F
    .byte   0x00, 0x2F, 0x02, 0x11, 0x00, 0x2F, 0x00, 0x00,    2, 0x00, 0xFF, 0xFF, 0x00, 0xF0, 0xE0, 0xEE
    .byte   0xFE, 0xEF, 0xEE, 0xF0, 0x10, 0xE0, 0x10, 0x1F, 0x11, 0x10, 0x22, 0x22, 0x22, 0x32, 0x31, 0x22
    .byte   0x21, 0x21, 0x11, 0x21, 0x11, 0x11, 0x0E, 0x0F, 0xEE,   28, 0x0E, 0xEE, 0x0E, 0xEF, 0xEF, 0xEF
    .byte   0xFF, 0xE0, 0xF0, 0x00, 0x00, 0x11, 0x02, 0x01, 0x11, 0x10, 0x11, 0x11, 0xF1, 0x0E, 0x0F, 0xFF
    .byte   0xFE, 0xEF, 0xFF, 0xEF, 0xEE, 0xF0, 0xEF, 0xFF, 0x0F, 0x11,  -34, 0x01, 0x10, 0x02, 0x12, 0x21
    .byte   0x22, 0x32, 0x32, 0x12, 0x21, 0x21, 0x21, 0x12, 0x12, 0x11, 0x00, 0xEF, 0xFE, 0xEE, 0xEE, 0xE0
    .byte   0xEF, 0xEE, 0xEF, 0xEF, 0xFE, 0xFF, 0xF0, 0x00, 0x00, 0x01, 0x11,   -8, 0x01, 0x11, 0x20, 0x20
    .byte   0x01, 0x0F, 0x00, 0xFF, 0x0E, 0x0F, 0xEF, 0xFE, 0xEF, 0xEF, 0xEF, 0xFF, 0x0E, 0x0F, 0xF1, 0x00
    .byte   0x11, 0x11, 0x21, 0x22, 0x12, 0x22, 0x23, 0x21, 0x22, 0x22, 0x12, 0x20,   39, 0x02, 0x12, 0x0F
    .byte   0xF0, 0xEF, 0xFE, 0xEE, 0xFE, 0xE1, 0xEE, 0xEF, 0xEE, 0x0F, 0xEF, 0xE0, 0x0F, 0x0F, 0x0F, 0x11
    .byte   0x10, 0x02, 0x02, 0x10, 0x10, 0x00, 0x01, 0x0F, 0x1F, 0x0F, 0x0F, 0xFE, 0xEF,  -16, 0x0E, 0xFF
    .byte   0xE0, 0xFF, 0xF0, 0xE0, 0xF1, 0x11, 0x01, 0x11, 0x21, 0x02, 0x21, 0x22, 0x22, 0x22, 0x22, 0x12
    .byte   0x21, 0x21, 0x20, 0x21, 0x20, 0x00, 0xE0, 0xFE, 0xFE, 0xEE, 0xFE, 0x0E, 0xEE, 0xFE,   -1, 0x0F
    .byte   0xEF, 0xFE, 0x0F, 0x00, 0x0F, 0x00, 0x02, 0x02, 0x10, 0x02, 0x00, 0x11, 0x10, 0x01, 0x0F, 0x0F
    .byte   0xFF, 0x0E, 0xFF, 0xEF, 0xEF, 0xE0, 0xE0, 0xE0, 0x0F, 0xFF, 0x01, 0xF1, 0x01, 0x10, 0x20,  -23
    .byte   0x01, 0x22, 0x21, 0x22, 0x22, 0x22, 0x12, 0x20, 0x22, 0x01, 0x12, 0x12, 0xFF, 0x0E, 0x00, 0xFE
    .byte   0xEF, 0xE0, 0xE1, 0xEE, 0xEE, 0x0E, 0x0E, 0x0E, 0xFF, 0xFF, 0x0F, 0xF0, 0x10, 0x20, 0x12, 0x01
    .byte     -1, 0x00, 0x20, 0x00, 0x01, 0x11, 0x00, 0xFE, 0x1F, 0xEF, 0xFE, 0xFE, 0xFE, 0xFE, 0x0E, 0xFF
    .byte   0x0F, 0x1F, 0x0F, 0x11, 0x11, 0x11, 0x11, 0x21, 0x12, 0x12, 0x22, 0x22, 0x20, 0x22, 0x12, 0x12
    .byte   0x01,   33, 0x02, 0x12, 0xF0, 0xE0, 0xF0, 0xFE, 0xFE, 0xEF, 0xF0, 0xEE, 0xEE, 0x0E, 0x0F, 0xFE
    .byte   0xFE, 0x10, 0x0F, 0xFF, 0x00, 0x21, 0x11, 0x01, 0x12, 0x20, 0x00, 0xE1, 0x12, 0x10, 0xE0, 0x00
    .byte   0x0F, 0xEE,   -9, 0x0E, 0xFF, 0xFE, 0x0E, 0xE1, 0x00, 0xFE, 0xFF, 0x01, 0x2F, 0x1F, 0x11, 0x22
    .byte   0x01, 0x21, 0x22, 0x22, 0x22, 0x12, 0x22, 0x02, 0x11, 0x12, 0x21, 0x10, 0xFF, 0xF0, 0xE0, 0xEF
    .byte   0xE0, 0xEF, 0xFE,   10, 0x0E, 0xFE, 0x0E, 0xFF, 0xEF, 0x0F, 0xFF, 0xFF, 0xF0, 0x20, 0x10, 0x21
    .byte   0x21, 0x01, 0x11, 0x10, 0x20, 0x01, 0x01, 0x10, 0xFE, 0xEF, 0xFE, 0xFE, 0xFE, 0xFF, 0x0E, 0x0E
    .byte   0xFE, 0x01, 0xFF, 0xF0,  -32, 0x02, 0x01, 0x11, 0x11, 0x22, 0x21, 0x22, 0x22, 0x22, 0x12, 0x11
    .byte   0x21, 0x20, 0x21, 0x11, 0x10, 0xF0, 0xE0, 0xEF, 0xFE, 0x0E, 0xFF, 0xEE, 0x0E, 0xE0, 0xFE, 0xFF
    .byte   0xE1, 0x0E, 0xFF, 0xF0, 0x11,  -12, 0x01, 0x10, 0x20, 0x20, 0x01, 0x2F, 0x02, 0x01, 0x10, 0x01
    .byte   0xF1, 0x0E, 0x0E, 0x0E, 0x0F, 0xEE, 0xEF, 0x0E, 0x0F, 0xE0, 0xE1, 0x10, 0x11, 0x00, 0x00, 0x21
    .byte   0x02, 0x11, 0x22, 0x32, 0x2F, 0x12,   17, 0x00, 0x20, 0x1F, 0x22, 0x22, 0xF0, 0xFF, 0xFF, 0xFE
    .byte   0xEE, 0xFF, 0xF0, 0xEE, 0xEE, 0xFF, 0x0E, 0xFE, 0xFF, 0x10, 0x0E, 0xF0, 0x02, 0x10, 0x01, 0x12
    .byte   0x22, 0x10, 0x01, 0x02, 0x20, 0xF0, 0x01,   14, 0x00, 0xFE, 0xEF, 0x0F, 0xFE, 0xEE, 0xFF, 0xFF
    .byte   0xEE, 0xE0, 0xF1, 0xF0, 0xE0, 0xF0, 0x20, 0x11, 0x12, 0x22, 0x23, 0x21, 0x22, 0x20, 0x21, 0x01
    .byte   0x21, 0x21, 0x10, 0xFF, 0xF0, 0xEF, 0xEE, 0xFF,   14, 0x0F, 0xEE, 0xE0, 0xEF, 0xFE, 0xE0, 0xFF
    .byte   0x00, 0xFF, 0x00, 0x10, 0x11, 0x02, 0x02, 0x21, 0x11, 0x10, 0x02, 0x00, 0x11, 0x11, 0x10, 0xF0
    .byte   0xEF, 0xF0, 0xEF, 0xFF, 0x0F, 0xF0, 0x0E, 0x00, 0x0F,  -11, 0x01, 0xF1, 0x10, 0x10, 0x11, 0x10
    .byte   0x20, 0x01, 0x10, 0x11, 0x11, 0xF1, 0x0F, 0x01, 0x0F, 0x0F, 0x0F, 0x00, 0x0F, 0x00, 0xF0, 0x0F
    .byte   0xF1, 0xF0, 0x00, 0x01, 0x00, 0x00, 0x11, 0x00, 0x01, 0x01,    3, 0x00, 0x00, 0x10, 0x1F, 0x1F
    .byte   0x00, 0x1F, 0x0F, 0x0F, 0x0F, 0x00, 0xF0, 0x00, 0x0F, 0xF0, 0xF0, 0x00, 0x0F, 0x01, 0x00, 0x00
    .byte   0x00, 0xF0, 0x10, 0x00, 0x00, 0x01, 0x10, 0x00, 0x10, 0x00, 0x10,    1, 0x00, 0x10, 0x00, 0x00
    .byte   0xF1, 0x00, 0x0F, 0x11, 0xF0, 0x0F, 0xF1, 0x00, 0xF0, 0x0F, 0x01, 0xF1, 0xF0, 0x00, 0x00, 0x00
    .byte   0x01, 0x0F, 0x1F, 0x00, 0x10, 0xF0, 0x00, 0x1F, 0x10, 0x00, 0xF0, 0x01,   -2, 0x01, 0x1F, 0x01
    .byte   0x00, 0x01, 0xF0, 0x10, 0x00, 0xF1, 0x00, 0x10, 0x00, 0x01, 0x1F, 0x00, 0x10, 0xF1, 0xF1, 0x0F
    .byte   0x00, 0x0F, 0x0F, 0x0F, 0xFF, 0x0F, 0xFF, 0xFF, 0x0F, 0x0F, 0x00, 0xF0, 0x00,  -10, 0x01, 0xF0
    .byte   0x20, 0x20, 0x10, 0x21, 0x01, 0x11, 0x1F, 0x2F, 0x11, 0x00, 0x10, 0xF0, 0xF0, 0xE0, 0x0F, 0x0E
    .byte   0x00, 0xFF, 0x0F, 0x0E, 0x00, 0x00, 0xFF, 0x01, 0xF0, 0x01, 0x01, 0x01, 0x00, 0x10,   -1, 0x00
    .byte   0x10, 0x01, 0x01, 0x10, 0x00, 0x10, 0xF1, 0xFF, 0x1F, 0x0F, 0x0F, 0x1F, 0x0F, 0x0F, 0xF0, 0x0F
    .byte   0x00, 0xF0, 0x10, 0x10, 0xF1, 0x01, 0x00, 0x10, 0x10, 0x1F, 0x11, 0x00, 0x01, 0xF0, 0x00,    2
    .byte   0x00, 0x1F, 0x00, 0xF0, 0x1F, 0x0F, 0x1F, 0x00, 0x00, 0xF0, 0x1F, 0x0F, 0x00, 0x1F, 0x0F, 0x10
    .byte   0x10, 0x00, 0x00, 0x10, 0x00, 0x01, 0x00, 0x1F, 0x01, 0x00, 0x00, 0xF1, 0x0F, 0x1F, 0x1F, 0x0F
    .byte      1, 0x00, 0xFF, 0x10, 0xF0, 0x0F, 0x00, 0x10, 0x0F, 0x01, 0x0F, 0x01, 0x01, 0xF0, 0x01, 0xF1
    .byte   0x01, 0xF1, 0x00, 0x00, 0x01, 0xF0, 0x10, 0xF0, 0x00, 0x00, 0xF1, 0xF1, 0x00, 0xF0, 0x00, 0xF1
    .byte   0xF0,    0, 0x00, 0xF0, 0x1F, 0x00, 0x10, 0x00, 0x0F, 0x01, 0x0F, 0x11, 0x0F, 0x10, 0x00, 0xF0
    .byte   0x01, 0xF1, 0xF1, 0xF1, 0xF0, 0x1F, 0x00, 0xF1, 0x00, 0x0F, 0x01, 0x00, 0x00, 0x0F, 0x00, 0x1F
    .byte   0x10, 0x0F,   -1, 0x01, 0x0F, 0x10, 0xF0, 0x00, 0x1F, 0x01, 0x00, 0xF1, 0xF0, 0x10, 0x0F, 0x1F
    .byte   0x10, 0x1F, 0x01, 0x0F, 0x01, 0x0F, 0x01, 0x00, 0xF1, 0xF0, 0x00, 0xF1, 0xF1, 0x1F, 0x00, 0x00
    .byte   0x00, 0x0F, 0x01,    0, 0x00, 0x00, 0x00, 0xF1, 0x01, 0xF0, 0x00, 0x00, 0x10, 0x00, 0x00, 0x00
    .byte   0x01, 0x0F, 0x00, 0x00, 0x0F, 0x10, 0xF0, 0x1F, 0xF0, 0x01, 0xF1, 0xF1, 0x0F, 0x01, 0x0F, 0x00
    .byte   0xF0, 0x01, 0xF0, 0xEF,   -8, 0x02, 0x23, 0x10, 0xED, 0xEE, 0x33, 0x20, 0xE0, 0x23, 0xFD, 0xCC
    .byte   0x03, 0x33, 0x2E, 0xEF, 0xF0, 0x2F, 0xFE, 0xFF, 0xF2, 0x2F, 0xFF, 0xE1, 0x22, 0x22, 0x0D, 0xDC
    .byte   0xF3, 0x43, 0xED, 0xF1, 0x22,    3, 0x0E, 0xF0, 0x11, 0x11, 0x0F, 0xFE, 0xF2, 0x22, 0xEE, 0xE1
    .byte   0x21, 0xFF, 0xF1, 0x12, 0xE1, 0xFE, 0x20, 0x02, 0xEE, 0x02, 0x1F, 0xF2, 0xE0, 0x11, 0xFF, 0x01
    .byte   0x11, 0x0E, 0x11, 0xE3, 0xE0, 0xEF,   -1, 0x02, 0xFF, 0xE0, 0x12, 0x1F, 0xFE, 0x03, 0xEE, 0x11
    .byte   0xF2, 0xFE, 0x2E, 0x12, 0x1E, 0xF0, 0x1F, 0x02, 0xE2, 0xFE, 0xF2, 0x2D, 0x02, 0x12, 0xFD, 0x12
    .byte   0x11, 0xFF, 0xE2, 0x11, 0xFE, 0x12, 0x0E,   -1, 0x01, 0x01, 0x2E, 0xEF, 0x32, 0xED, 0xE3, 0x10
    .byte   0xFF, 0xE0, 0x21, 0x11, 0x0E, 0xEF, 0x23, 0xFE, 0xEF, 0xE2, 0x31, 0xDF, 0x12, 0x2E, 0xD2, 0x20
    .byte   0x2F, 0xDE, 0x23, 0x2E, 0xDF, 0x3F, 0xE0, 0x21,    2, 0x0D, 0x03, 0x3D, 0xD1, 0x22, 0x0F, 0xEF
    .byte   0x31, 0x1D, 0xD2, 0x31, 0x1E, 0xE2, 0x10, 0x0E, 0xF2, 0x2F, 0xFE, 0xE2, 0x21, 0x1E, 0xE2, 0xF0
    .byte   0x11, 0xF0, 0x2F, 0xED, 0xF3, 0x32, 0xDD, 0xE3, 0x21,    4, 0x0F, 0xE1, 0x1E, 0x11, 0x11, 0x01
    .byte   0x1E, 0xE2, 0x21, 0xEE, 0x20, 0xE2, 0x2F, 0xEF, 0x12, 0x1E, 0x1F, 0x0E, 0x12, 0x20, 0xFD, 0xF2
    .byte   0x22, 0xEF, 0xFF, 0xF0, 0x1F, 0x20, 0xE2, 0x2E, 0xE1, 0x1F,   -2, 0x00, 0x10, 0x10, 0xF1, 0x20
    .byte   0xD1, 0x22, 0xF0, 0xEF, 0x10, 0x1F, 0xF1, 0x22, 0xFE, 0xEE, 0x02, 0x02, 0x0F, 0xF0, 0x10, 0xEE
    .byte   0x12, 0x22, 0xFE, 0xEE, 0x12, 0x22, 0x1E, 0xEE, 0x2F, 0xE0, 0x32,    6, 0x0D, 0xF0, 0x02, 0x01
    .byte   0x11, 0xE1, 0xF0, 0x10, 0x20, 0x0F, 0xEF, 0xE0, 0x21, 0x10, 0x00, 0xF1, 0xF1, 0x1F, 0x10, 0x0F
    .byte   0xF0, 0xF0, 0x02, 0xF2, 0x0E, 0xEE, 0x12, 0x21, 0xF0, 0xFF, 0xE0, 0x12,    6, 0x01, 0x1D, 0xEF
    .byte   0x12, 0x20, 0x0F, 0xF0, 0xE0, 0x02, 0x11, 0x0F, 0x1E, 0xE1, 0x12, 0x20, 0xEE, 0x00, 0x20, 0x0F
    .byte   0xFF, 0x21, 0xFF, 0xE1, 0x02, 0xF1, 0xFF, 0xF0, 0x0F, 0x11, 0x10, 0x01, 0xEF,   -1, 0x01, 0x1F
    .byte   0x0F, 0xF0, 0x21, 0xFF, 0xF0, 0x01, 0xF0, 0xF1, 0x00, 0xFF, 0xF1, 0x21, 0x1E, 0xF1, 0xFF, 0xF2
    .byte   0x11, 0x0E, 0x0F, 0x00, 0x12, 0x0F, 0x0E, 0xE1, 0x02, 0x22, 0xEF, 0xEF, 0x01, 0x11,    4, 0x00
    .byte   0xFE, 0xFF, 0x02, 0x10, 0x0F, 0xFF, 0x00, 0x01, 0x1F, 0x01, 0x0F, 0xF0, 0x11, 0xF0, 0xF0, 0x11
    .byte   0x1F, 0xFE, 0x02, 0x01, 0x10, 0x0E, 0xF0, 0x02, 0x11, 0x0F, 0xE0, 0xF1, 0x02, 0x11, 0xFE,   -3
    .byte   0x00, 0x02, 0x01, 0xF0, 0x0F, 0xFF, 0x10, 0x20, 0xF0, 0xEF, 0x02, 0x01, 0x00, 0xE0, 0x00, 0x12
    .byte   0x1F, 0x0E, 0xFF, 0x12, 0x1F, 0x1F, 0xEF, 0x11, 0x10, 0x20, 0xE0, 0xFF, 0xF0, 0x20, 0x11, 0xFF
    .byte     -2, 0x0F, 0x02, 0x10, 0x0F, 0xE0, 0x11, 0x11, 0x00, 0xF0, 0x00, 0x10, 0x00, 0xF0, 0x0F, 0xF1
    .byte   0x01, 0x10, 0xF0, 0x0F, 0x10, 0x1F, 0x01, 0x00, 0xF0, 0x01, 0x1F, 0xFF, 0xF1, 0x10, 0x0F, 0x00
    .byte   0x01,    1, 0x00, 0xF0, 0x00, 0x1F, 0x00, 0x00, 0x01, 0xF0, 0x00, 0x1F, 0x00, 0xF0, 0x10, 0x01
    .byte   0xFF, 0x00, 0x01, 0x10, 0x0F, 0x0F, 0x01, 0x00, 0x01, 0xFF, 0x00, 0x11, 0x00, 0x0F, 0x0F, 0x11
    .byte   0x00, 0xF0,   -1, 0x00, 0x00, 0x00, 0x01, 0x00, 0xF1, 0x00, 0x10, 0x00, 0xF0, 0xF1, 0x00, 0x01
    .byte   0xF0, 0x01, 0xF0, 0xFF, 0x01, 0x10, 0x00, 0x00, 0x00, 0x01, 0x1F, 0xF0, 0xF0, 0x10, 0xF1, 0x00
    .byte   0xF0, 0x00, 0x10,    1, 0x0F, 0xF1, 0x01, 0x0F, 0x00, 0x00, 0xF1, 0x01, 0xF0, 0xF0, 0x11, 0x0F
    .byte   0x00, 0xFF, 0x11, 0x0F, 0x10, 0x0F, 0x01, 0x10, 0x0F, 0xF0, 0x11, 0x10, 0xFF, 0x00, 0x00, 0x00
    .byte   0x00, 0xFF, 0x11, 0x10,    1, 0x00, 0xF0, 0x00, 0x01, 0x0F, 0xF0, 0x01, 0x1F, 0x00, 0x1F, 0x00
    .byte   0x10, 0xFF, 0x01, 0x00, 0x0F, 0x00, 0x1F, 0x10, 0x01, 0x0F, 0xF0, 0x10, 0x1F, 0xF0, 0x01, 0x1F
    .byte   0x10, 0xF0, 0xF0, 0x01, 0x01,    1, 0x0F, 0x01, 0xF0, 0x10, 0x00, 0xFF, 0x11, 0x10, 0x0E, 0x00
    .byte   0x11, 0x00, 0xF1, 0x1F, 0x01, 0x11, 0x0F, 0xFF, 0x00, 0x10, 0xF0, 0xFF, 0x01, 0xF1, 0x11, 0xE0
    .byte   0x02, 0x00, 0xFF, 0xF1, 0x1F, 0x1F,    1, 0x01, 0x0E, 0x10, 0x10, 0x0F, 0xF1, 0x11, 0xFF, 0x01
    .byte   0x11, 0xF0, 0x10, 0x0F, 0x0F, 0x02, 0x0E, 0x11, 0x10, 0x0F, 0xF0, 0x10, 0x00, 0x1F, 0x0F, 0x10
    .byte   0x01, 0x0E, 0x0F, 0x01, 0x00, 0xE0, 0x00,   -6, 0x0F, 0x01, 0x10, 0xEF, 0x11, 0x10, 0xE0, 0x00
    .byte   0x1F, 0x12, 0x10, 0x01, 0x02, 0x11, 0x01, 0x22, 0x02, 0x22, 0x0F, 0x01, 0x2F, 0xEF, 0xEF, 0x00
    .byte   0x0F, 0xEF, 0xE0, 0xFF, 0xFF, 0xEE, 0x11, 0x1E,   -7, 0x0F, 0xFF, 0xFE, 0xF0, 0xE1, 0xE1, 0x0F
    .byte   0xEF, 0x1F, 0x10, 0xF1, 0x21, 0x11, 0x11, 0x11, 0x12, 0x12, 0x23, 0x23, 0x31, 0xE0, 0x22, 0x0E
    .byte   0xED, 0x01, 0x1F, 0xEF, 0xEE, 0xE1, 0x2E, 0xEE, 0x12,    2, 0x02, 0x0E, 0x02, 0x2F, 0x0F, 0x0E
    .byte   0xF0, 0x11, 0x1F, 0xFF, 0x01, 0x0F, 0x0E, 0xF1, 0x21, 0xFF, 0xFF, 0xF0, 0xEF, 0xDE, 0xEF, 0xEF
    .byte   0xEE, 0xF1, 0x11, 0x11, 0x10, 0x21, 0x22, 0x01, 0x22, 0x32,    6, 0x02, 0x33, 0x2D, 0x03, 0x2F
    .byte   0xEE, 0xE0, 0x0F, 0xFE, 0xFE, 0xEF, 0x21, 0xDE, 0x12, 0x2F, 0xFF, 0x02, 0x10, 0xFF, 0x00, 0xF1
    .byte   0x10, 0xE0, 0x11, 0xFF, 0x0E, 0xF1, 0x1F, 0xE0, 0x12, 0x0E, 0xFF,   -5, 0x0F, 0xEE, 0xEE, 0xEE
    .byte   0x0E, 0xFF, 0xF1, 0x00, 0x01, 0x02, 0x21, 0x12, 0x12, 0x32, 0x30, 0x33, 0x3E, 0xE2, 0x3F, 0xEE
    .byte   0xFF, 0x0F, 0xE0, 0xEE, 0xEF, 0x11, 0xDE, 0x02, 0x2F, 0xE1, 0x12, 0x10,    9, 0x00, 0xF0, 0x11
    .byte   0x1F, 0xF0, 0x11, 0x0E, 0x0E, 0x00, 0xF0, 0xE0, 0x11, 0x1E, 0xFE, 0x00, 0xFE, 0xEE, 0x0E, 0x0E
    .byte   0xFE, 0x0F, 0x1F, 0x0E, 0x02, 0x20, 0x11, 0x22, 0x22, 0x31, 0x03, 0x33, 0x1E,   21, 0x03, 0x30
    .byte   0xD1, 0x0F, 0xFF, 0x0E, 0xEE, 0x00, 0xFD, 0xFF, 0x00, 0x0F, 0x01, 0x01, 0x02, 0xFF, 0x02, 0x0F
    .byte   0x01, 0x20, 0xE0, 0xFF, 0xEF, 0xFF, 0xEE, 0x12, 0x1F, 0xE0, 0x10, 0xEF, 0xFE, 0xFE,  -21, 0x0F
    .byte   0xEE, 0x00, 0xFE, 0xF0, 0x1F, 0x01, 0x20, 0x02, 0x02, 0x22, 0x21, 0x22, 0x33, 0x3E, 0xE3, 0x32
    .byte   0xEE, 0x00, 0xF0, 0x11, 0xDE, 0x01, 0x1D, 0xEF, 0x10, 0xE0, 0xF0, 0xE2, 0x20, 0xE1, 0x12,   11
    .byte   0x0F, 0x02, 0x1F, 0xFF, 0x0F, 0xEE, 0x00, 0xEF, 0xFF, 0xF0, 0xF0, 0x0F, 0x0E, 0x0F, 0xE0, 0xEF
    .byte   0xE0, 0xE0, 0xFF, 0xFE, 0x11, 0x0F, 0xF2, 0x21, 0x01, 0x12, 0x22, 0x21, 0x22, 0x33, 0x1E, 0x23
    .byte     32, 0x0F, 0x02, 0x0E, 0x00, 0x2E, 0xEE, 0x01, 0xEE, 0xE0, 0xFE, 0x11, 0xEE, 0x02, 0x1F, 0xF0
    .byte   0x12, 0xF0, 0x20, 0xF0, 0x11, 0xFE, 0xFE, 0xF0, 0xE0, 0xE0, 0xF0, 0x1F, 0xEE, 0x2F, 0xE0, 0xFE
    .byte   0xFF,  -24, 0x00, 0xE0, 0xF0, 0xF1, 0x0F, 0x0F, 0x01, 0x21, 0x01, 0x02, 0x20, 0x12, 0x12, 0x23
    .byte   0x21, 0xF2, 0x22, 0x20, 0x2E, 0x11, 0x21, 0xFE, 0xF1, 0xFF, 0xE0, 0xEE, 0xF1, 0xFE, 0xEF, 0xF0
    .byte   0x0E, 0x00,    0, 0x02, 0x01, 0x10, 0x02, 0x10, 0x0E, 0x01, 0x0E, 0xFF, 0xE0, 0xF0, 0xE0, 0xE0
    .byte   0xF0, 0xFE, 0xFF, 0x0F, 0xFF, 0xF0, 0x0F, 0xF1, 0xF1, 0x11, 0xFF, 0x12, 0x2E, 0x02, 0x01, 0x20
    .byte   0x11, 0x12, 0x03,    9, 0x0F, 0x02, 0x12, 0x21, 0x1F, 0x02, 0x12, 0xFE, 0x2F, 0x10, 0xFF, 0xEF
    .byte   0xE1, 0xFE, 0xEE, 0xF1, 0x0E, 0x0E, 0x01, 0x10, 0x1E, 0x11, 0x21, 0xE0, 0x10, 0x11, 0x0E, 0x00
    .byte   0xE2, 0x0E, 0xFE, 0xE2,   -7, 0x0D, 0x10, 0xE0, 0x2E, 0xE2, 0xEE, 0x33, 0xB4, 0x2C, 0x33, 0xC3
    .byte   0x3B, 0x5F, 0xF1, 0x12, 0xC5, 0xDF, 0x4C, 0x13, 0x1E, 0x4D, 0xE4, 0xC4, 0xE0, 0x2E, 0x20, 0x20
    .byte   0x0E, 0x2F, 0xF2, 0xE0, 0xEF,   18, 0x0E, 0x1E, 0xF0, 0xF0, 0x0E, 0xF1, 0xE2, 0xFF, 0xF0, 0xF0
    .byte   0x20, 0xD2, 0x2D, 0x23, 0xC1, 0x4B, 0x25, 0xBE, 0x4D, 0xC5, 0xDD, 0x3E, 0xD3, 0x3C, 0x31, 0xC5
    .byte   0xCF, 0x4C, 0x3C, 0x5C, 0xE6, 0x96,   -5, 0x0B, 0x79, 0x52, 0xB6, 0xB2, 0x68, 0x7D, 0xB7, 0xA3
    .byte   0x3C, 0x5C, 0x30, 0xD4, 0xC3, 0x2E, 0x2E, 0x02, 0x2D, 0x3E, 0xE3, 0xD1, 0x3C, 0x4D, 0xF3, 0xEE
    .byte   0xF2, 0xD3, 0xE0, 0xE2, 0xE1, 0x02, 0xC4,    5, 0x0C, 0x5B, 0x33, 0xC3, 0x1E, 0x1F, 0x3B, 0x5D
    .byte   0xD4, 0xC2, 0x4B, 0x4E, 0xC5, 0xC0, 0x4B, 0x41, 0xD2, 0xE4, 0xA7, 0xA3, 0x3D, 0xE3, 0x2B, 0x6A
    .byte   0x5E, 0xE3, 0xD2, 0x2D, 0x5A, 0x5F, 0xC5, 0xC0,   11, 0x0C, 0x14, 0xB6, 0xB1, 0x4B, 0x5E, 0xC5
    .byte   0xB4, 0x1C, 0x5B, 0x4F, 0xC5, 0xCF, 0x4B, 0x5C, 0x22, 0xD3, 0xEE, 0x3D, 0x2F, 0xF2, 0xD3, 0xFD
    .byte   0x4C, 0x23, 0xC4, 0xC3, 0xFD, 0x4C, 0x23, 0xC3, 0x0D,    7, 0x0C, 0x3F, 0xD4, 0xC3, 0x1D, 0x3D
    .byte   0x2E, 0x3E, 0xD4, 0xC2, 0x3D, 0x22, 0xC4, 0xED, 0x4D, 0xF0, 0x2F, 0xE4, 0xB4, 0xE1, 0x2E, 0x2D
    .byte   0x3F, 0x02, 0xEE, 0x3D, 0x3E, 0x2E, 0xE3, 0xD3, 0xEE, 0x3D,    4, 0x0F, 0xF3, 0xC4, 0xDF, 0x3D
    .byte   0x3D, 0x21, 0xE3, 0xD3, 0xD1, 0x2E, 0x20, 0xE2, 0x0E, 0x3D, 0x21, 0xD2, 0x2D, 0x3E, 0xE3, 0xD2
    .byte   0x0F, 0x2D, 0x2F, 0xF2, 0xEF, 0x10, 0xF2, 0xE1, 0x1D, 0x3E, 0x12,   -8, 0x02, 0x2E, 0x12, 0xEF
    .byte   0x01, 0xE3, 0xEE, 0x3C, 0x32, 0xD3, 0xEE, 0x21, 0xE3, 0xDF, 0x3D, 0x22, 0xE1, 0xE2, 0xF2, 0xF0
    .byte   0xE2, 0xE2, 0x1E, 0x3D, 0x20, 0x11, 0xFF, 0x2E, 0x2E, 0x2E, 0x2F, 0xE3,    1, 0x02, 0xE2, 0xD3
    .byte   0xFE, 0x3D, 0x20, 0xF0, 0x2D, 0x22, 0xE2, 0xE0, 0x0F, 0x2E, 0x2E, 0xF2, 0xE1, 0xFF, 0xF2, 0xFE
    .byte   0x3D, 0x12, 0xD3, 0xEF, 0x10, 0x10, 0x0F, 0x1F, 0xE3, 0xD2, 0x1E, 0x12, 0xE2,   -1, 0x0E, 0x2F
    .byte   0xF2, 0xE1, 0xE2, 0x0F, 0x3D, 0x2E, 0x2F, 0xF2, 0xD2, 0x1F, 0x2F, 0xE2, 0xE2, 0x0E, 0x2F, 0xF0
    .byte   0x2E, 0x12, 0xD3, 0xE0, 0x2E, 0x2E, 0x02, 0xE2, 0xF0, 0x1E, 0x02, 0xE2, 0xFE, 0x3D,    3, 0x00
    .byte   0x1E, 0x2E, 0x02, 0xE1, 0x0E, 0x21, 0xE3, 0xD1, 0x1F, 0x12, 0xEF, 0x0F, 0x2F, 0xFF, 0x0F, 0x02
    .byte   0x0E, 0x2D, 0x23, 0xD2, 0xE1, 0xF2, 0xE3, 0xD0, 0x10, 0x2F, 0x0E, 0x2E, 0x02, 0xF1, 0xE1,   -1
    .byte   0x01, 0x2D, 0x3D, 0x22, 0xD3, 0xD3, 0xD3, 0xFE, 0x3C, 0x32, 0xD3, 0xD2, 0x2D, 0x3E, 0x2E, 0x12
    .byte   0xD3, 0xEF, 0x3D, 0x21, 0xE1, 0x1F, 0x12, 0xD2, 0xF1, 0x01, 0xE2, 0xE1, 0x2E, 0x2E, 0x2D, 0x3E
    .byte      2, 0x0F, 0xE2, 0xE2, 0x10, 0xF0, 0xE2, 0xE3, 0xEE, 0x1E, 0x21, 0x11, 0xE1, 0xF2, 0x0F, 0x2D
    .byte   0x11, 0x20, 0xFE, 0xE2, 0x22, 0xE1, 0xD2, 0x21, 0x2D, 0x0E, 0x23, 0x0E, 0xED, 0x33, 0xE2, 0xDE
    .byte   0x03,    3, 0x01, 0xED, 0x21, 0x30, 0xEE, 0xE2, 0x30, 0xFD, 0xF0, 0x32, 0xFD, 0xE1, 0x23, 0xEE
    .byte   0xD2, 0x23, 0xFE, 0xEE, 0x22, 0x2E, 0xED, 0x30, 0x21, 0xEE, 0x03, 0xE3, 0xDE, 0x2F, 0x12, 0xED
    .byte   0x2F, 0x30,    2, 0x0D, 0x2F, 0x22, 0xD3, 0xD2, 0x20, 0xFE, 0xF1, 0x20, 0x0E, 0xF2, 0x20, 0x1D
    .byte   0x00, 0x22, 0xEE, 0xE2, 0x12, 0x1F, 0xFE, 0x22, 0xFF, 0xEE, 0x20, 0x21, 0xE0, 0xF1, 0x20, 0xFE
    .byte   0xF0, 0x12, 0xFE,   -4, 0x01, 0x12, 0x0F, 0xEF, 0x11, 0x1F, 0xFF, 0x02, 0x01, 0xFF, 0x01, 0x01
    .byte   0xFF, 0x11, 0x10, 0xF0, 0x02, 0x1F, 0xE0, 0x12, 0x00, 0xEF, 0x20, 0x2E, 0xF0, 0xF0, 0x10, 0xE0
    .byte   0x01, 0x0F, 0xF0, 0xE0,   -4, 0x01, 0x0E, 0xF0, 0x01, 0x10, 0xEF, 0x02, 0x01, 0xFE, 0xF2, 0x21
    .byte   0xFE, 0xF1, 0x22, 0xFF, 0xF0, 0x22, 0x20, 0xF0, 0x22, 0x21, 0xFE, 0x12, 0x20, 0xEE, 0xF1, 0x1F
    .byte   0xEE, 0xEF, 0x00, 0xEE, 0xE1,   -6, 0x01, 0xFE, 0xF1, 0x11, 0xFE, 0xFF, 0xFF, 0x0E, 0xFF, 0x01
    .byte   0x0E, 0xF0, 0x0F, 0x11, 0x02, 0x23, 0x30, 0x3F, 0x33, 0x20, 0x10, 0x01, 0x11, 0x0D, 0xFF, 0xFF
    .byte   0xDE, 0xEE, 0xEF, 0xEE, 0xFF, 0x21,   -7, 0x00, 0x12, 0x22, 0x21, 0x11, 0x22, 0x0F, 0xEF, 0xF1
    .byte   0xEE, 0xDE, 0x01, 0x0E, 0xFF, 0x12, 0x10, 0xFE, 0xF1, 0x0F, 0xEE, 0xE1, 0x0F, 0xEE, 0xE0, 0x0F
    .byte   0xFF, 0x12, 0x33, 0x32, 0x32, 0x33, 0x22,   38, 0x01, 0x11, 0xF0, 0xED, 0xFE, 0xEE, 0xDE, 0xEE
    .byte   0xFF, 0xFE, 0x10, 0x23, 0xF0, 0x22, 0x22, 0xF1, 0x02, 0x0F, 0x0E, 0x0F, 0xEE, 0xEE, 0xFE, 0xF0
    .byte   0xFF, 0x00, 0x11, 0x11, 0xE1, 0x0E, 0x0F, 0xEF,  -24, 0x0F, 0xEE, 0xFE, 0x0E, 0x02, 0x22, 0x14
    .byte   0x33, 0x13, 0x33, 0x21, 0x21, 0x00, 0xEF, 0xED, 0xEE, 0xEE, 0xDD, 0x0E, 0xF0, 0xF0, 0xF2, 0x32
    .byte   0x11, 0x22, 0x21, 0x2F, 0x0F, 0xF1, 0x0D, 0xE0, 0xFF,   -3, 0x0E, 0xFF, 0x00, 0x20, 0x00, 0x22
    .byte   0x0E, 0xFF, 0x1E, 0xEE, 0xEE, 0xEE, 0xFE, 0xEE, 0xE0, 0x12, 0x01, 0x23, 0x34, 0x23, 0x23, 0x42
    .byte   0x1F, 0x01, 0x0F, 0xED, 0xDF, 0xE0, 0xDD, 0xEE, 0x1F, 0x01,  -11, 0x01, 0x23, 0x20, 0x02, 0x31
    .byte   0x0E, 0x01, 0x1F, 0xEE, 0xE0, 0xE0, 0xDF, 0xFF, 0x2F, 0x0F, 0x21, 0x21, 0x10, 0xF1, 0x0E, 0xEE
    .byte   0xEF, 0xED, 0xEE, 0x1E, 0xEE, 0xF2, 0x10, 0x22, 0x23, 0x34, 0x22,   19, 0x03, 0x32, 0x00, 0xF0
    .byte   0xFE, 0xFD, 0xDF, 0x0E, 0xDE, 0xE1, 0x0F, 0x01, 0x11, 0x22, 0x20, 0x12, 0x21, 0xFF, 0x01, 0xFE
    .byte   0xFE, 0xEF, 0xFE, 0xEE, 0x02, 0x0F, 0x11, 0x21, 0x21, 0x0E, 0x01, 0x0E,  -11, 0x0E, 0x0E, 0xEE
    .byte   0xEE, 0xE0, 0x0F, 0xE0, 0x22, 0x01, 0x32, 0x32, 0x42, 0x21, 0x33, 0x1F, 0xFF, 0x10, 0xEE, 0xEE
    .byte   0xE1, 0xEE, 0xD1, 0x20, 0xE0, 0x02, 0x12, 0x20, 0xF1, 0x22, 0x1E, 0xF1, 0x1F,   12, 0x0E, 0xF0
    .byte   0xFE, 0xEF, 0xFF, 0x01, 0x0F, 0x12, 0x20, 0xEF, 0x2F, 0xEE, 0xFE, 0xEE, 0xFE, 0xEE, 0x01, 0xEE
    .byte   0x02, 0x00, 0xF2, 0x21, 0x22, 0x13, 0x33, 0x01, 0x23, 0x2F, 0xFF, 0x2F, 0xFF, 0xEE,   15, 0x02
    .byte   0xFE, 0xDE, 0x22, 0xEF, 0xE1, 0x21, 0x2F, 0xF0, 0x22, 0x1F, 0x00, 0x20, 0xEE, 0x0F, 0x0E, 0x0E
    .byte   0xE0, 0xF0, 0x0E, 0x01, 0x20, 0xEF, 0x01, 0x0F, 0xEE, 0xE1, 0xFF, 0xEE, 0x10, 0x0F, 0xEF,  -34
    .byte   0x01, 0x02, 0x0E, 0x13, 0x20, 0x13, 0x32, 0xF1, 0x33, 0x0E, 0x12, 0x2E, 0xE2, 0x0E, 0xF1, 0xFF
    .byte   0xEF, 0xFF, 0x0E, 0x00, 0xF1, 0x21, 0x00, 0x12, 0x11, 0xFF, 0xF2, 0x0E, 0xEF, 0x1F, 0xEE, 0xE0
    .byte     -1, 0x0F, 0xFF, 0xEF, 0x12, 0x1E, 0xF0, 0x11, 0xFE, 0xFF, 0xE1, 0x0E, 0xEF, 0x01, 0xFF, 0xE0
    .byte   0x12, 0xF0, 0x0F, 0x22, 0x20, 0xF0, 0x23, 0x3E, 0xE2, 0x23, 0x0E, 0xF0, 0x22, 0x11, 0xE0, 0x22
    .byte   0x1F,   18, 0x0F, 0x21, 0xFE, 0xE0, 0x20, 0x01, 0xE0, 0x11, 0x1F, 0xE0, 0xF1, 0x1F, 0xEE, 0x10
    .byte   0x0E, 0xE0, 0x01, 0xEF, 0x0F, 0x0F, 0x10, 0xFF, 0x01, 0x0F, 0xE1, 0xF0, 0xFF, 0xFF, 0xF1, 0x0E
    .byte   0x00, 0x01,  -21, 0x00, 0x02, 0x11, 0x10, 0x21, 0x10, 0x11, 0x02, 0x10, 0x02, 0xF2, 0xFF, 0x20
    .byte   0x20, 0xF2, 0x11, 0x12, 0xF0, 0x11, 0x11, 0xE1, 0xF0, 0x0E, 0xFF, 0xF0, 0x0E, 0x0E, 0x02, 0xFE
    .byte   0xFF, 0x00, 0xFF,   -2, 0x0F, 0xFF, 0x00, 0xEF, 0x10, 0xFF, 0xFF, 0x11, 0x0F, 0xF0, 0x21, 0x0F
    .byte   0x0F, 0x12, 0xF0, 0xEF, 0x02, 0x10, 0xEF, 0x20, 0x01, 0xE0, 0x1F, 0x21, 0xE1, 0x12, 0x20, 0xE1
    .byte   0x12, 0x0F, 0xEF, 0x22,    7, 0x0E, 0x02, 0x20, 0xEF, 0xF2, 0x10, 0x0F, 0x01, 0x21, 0x0F, 0xE1
    .byte   0x11, 0x0E, 0xE1, 0x02, 0x0E, 0xF0, 0x02, 0xEF, 0x0F, 0xF0, 0xE0, 0x00, 0x11, 0x0F, 0xE1, 0x1E
    .byte   0x1E, 0x12, 0x1F, 0xFF, 0xF2,   -2, 0x0E, 0x1D, 0x21, 0x20, 0xE0, 0x22, 0x02, 0xD0, 0x11, 0x22
    .byte   0xC1, 0x30, 0x3D, 0x1E, 0x3D, 0x23, 0xC3, 0xC2, 0x4E, 0xFF, 0xD3, 0x3E, 0x3E, 0xC3, 0x1E, 0x3E
    .byte   0xD3, 0x1D, 0x4D, 0x0F, 0xD3, 0x3E,    2, 0x0E, 0xD4, 0x13, 0xDD, 0xF0, 0x4E, 0xEF, 0xD4, 0xFE
    .byte   0x2D, 0x0E, 0x2E, 0x3D, 0xF3, 0x0E, 0x3E, 0xC5, 0xB3, 0x3D, 0xD3, 0xFE, 0x5C, 0xE1, 0xE3, 0x03
    .byte   0xCD, 0x22, 0x30, 0xDD, 0x30, 0x31, 0xD1,  -10, 0x02, 0x4E, 0xDF, 0xE3, 0x20, 0x0D, 0xE2, 0x23
    .byte   0x0B, 0x4E, 0x14, 0xDE, 0xE2, 0xF4, 0xCE, 0x3D, 0x3F, 0xD3, 0xFD, 0x4D, 0xE2, 0xE2, 0x3D, 0xD4
    .byte   0xC3, 0x3D, 0x01, 0xE2, 0x2E, 0xD2, 0xF2, 0x3C,   -2, 0x02, 0xC5, 0xEC, 0x4B, 0x43, 0xEF, 0xE3
    .byte   0xC5, 0xB2, 0x3C, 0x5C, 0x3E, 0xE2, 0xF1, 0xE2, 0xC4, 0xF1, 0x2D, 0xF0, 0x3D, 0x5B, 0xE2, 0xD5
    .byte   0x0D, 0xD2, 0xD4, 0x4B, 0x2D, 0x04, 0x2D, 0x2C, 0xF5,   -1, 0x04, 0xCE, 0x01, 0x3F, 0x0D, 0xD4
    .byte   0xE3, 0xED, 0x2E, 0x20, 0x3D, 0xF2, 0xD3, 0x3C, 0x3D, 0xD5, 0xC3, 0x0D, 0x11, 0x3D, 0x4B, 0x05
    .byte   0xB6, 0xCC, 0x3C, 0x4E, 0x3E, 0xE2, 0xD4, 0xE1, 0x1C, 0x31,    4, 0x00, 0x2C, 0x04, 0xD3, 0xDE
    .byte   0xF2, 0x3E, 0x1D, 0x12, 0x13, 0xDE, 0x2D, 0x4D, 0x20, 0xD2, 0x12, 0xE2, 0xED, 0x4E, 0x12, 0xC4
    .byte   0xD2, 0xE2, 0x0E, 0x2D, 0x4C, 0x4D, 0xE3, 0xD3, 0xD2, 0xE3, 0xD2,    0, 0x0E, 0x2E, 0x3D, 0x2E
    .byte   0x12, 0x02, 0xD1, 0x2E, 0x10, 0x2D, 0x4C, 0x33, 0xC4, 0xB5, 0xC3, 0x1C, 0x5B, 0x4E, 0xE4, 0xB4
    .byte   0xE0, 0x2D, 0x3D, 0x20, 0x20, 0xE2, 0xE2, 0x02, 0xC4, 0xC3, 0x2E, 0x2C,   11, 0x0C, 0x4D, 0xFF
    .byte   0xE3, 0xD3, 0xD2, 0x1D, 0x4C, 0x4D, 0xE2, 0x12, 0xE3, 0xB5, 0xDE, 0x4B, 0x4E, 0xF2, 0x2D, 0xF3
    .byte   0xC4, 0xEE, 0x2E, 0x10, 0x3D, 0x3C, 0x3F, 0xF3, 0xD2, 0xEF, 0x12, 0xFE, 0x2D,    6, 0x0D, 0x21
    .byte   0xE2, 0xE2, 0xD4, 0xC3, 0xE1, 0x10, 0x2D, 0x3E, 0x02, 0xEF, 0x1F, 0xF3, 0xD2, 0x2C, 0x5B, 0x32
    .byte   0xE0, 0x12, 0xE1, 0xFF, 0xF3, 0xC4, 0xC4, 0xEE, 0x3C, 0x4C, 0x3F, 0xE3, 0xD2, 0x2D,    6, 0x0D
    .byte   0x2E, 0x02, 0xE3, 0xD0, 0x2E, 0x23, 0xC4, 0xC3, 0xE1, 0x2D, 0x3D, 0x3D, 0x3E, 0xE3, 0xD2, 0x01
    .byte   0xF1, 0xE1, 0x2E, 0x2E, 0x2E, 0x2E, 0x3D, 0x12, 0xD3, 0xF0, 0xE2, 0xD4, 0xC4, 0xC3, 0xE0,    5
    .byte   0x0C, 0x5B, 0x4D, 0xE4, 0xC4, 0xDE, 0x4C, 0x4C, 0x3D, 0x22, 0xD4, 0xC3, 0x1D, 0x3E, 0xF2, 0xE0
    .byte   0x1F, 0x2E, 0x2D, 0x3F, 0xE3, 0xC4, 0xD1, 0x1F, 0x20, 0xE2, 0xE0, 0xF2, 0xE1, 0x0E, 0x3E, 0x1E
    .byte      5, 0x0D, 0x3D, 0x22, 0xD2, 0x00, 0x12, 0xD3, 0xD1, 0x2F, 0x01, 0x1D, 0x32, 0xD4, 0xC1, 0x2F
    .byte   0x02, 0xE0, 0x1D, 0x4C, 0x4D, 0x1F, 0xE3, 0xD4, 0xC1, 0x3D, 0x3E, 0x1F, 0xE3, 0xD3, 0xD1, 0x2D
    .byte   0x4C,    8, 0x0C, 0x31, 0xD4, 0xC4, 0xC4, 0xC3, 0x2C, 0x4C, 0x4E, 0xF0, 0x1E, 0x11, 0x0F, 0x1E
    .byte   0x22, 0xD4, 0xC2, 0x1E, 0x3D, 0x3C, 0x4D, 0x30, 0xC5, 0xB4, 0xD2, 0x1F, 0x2D, 0x3D, 0x3E, 0xF1
    .byte   0xD4, 0xD2,    2, 0x0E, 0x1E, 0x20, 0x1D, 0x4C, 0x32, 0xE2, 0xEF, 0xF2, 0xF1, 0x1E, 0x10, 0xF2
    .byte   0xEE, 0x2E, 0x2F, 0x22, 0xD3, 0xD2, 0xF1, 0xE2, 0xD3, 0x2D, 0x4B, 0x5B, 0x5C, 0x22, 0xC5, 0xB5
    .byte   0xC3, 0xD0, 0x2D,    8, 0x0C, 0x3F, 0xD4, 0xD3, 0xD0, 0x2E, 0x3D, 0x2E, 0x11, 0xE3, 0xD3, 0xD1
    .byte   0x3C, 0x4C, 0x32, 0xD4, 0xD1, 0xFF, 0x12, 0x1D, 0x1F, 0xE3, 0xE3, 0xC3, 0xE2, 0x3D, 0x2C, 0x4D
    .byte   0x3F, 0x1D, 0x11, 0x22,    0, 0x02, 0xC4, 0xD3, 0x1D, 0x2D, 0x4C, 0x4E, 0xD3, 0xD3, 0xFF, 0xF0
    .byte   0xE2, 0x11, 0x2D, 0x2E, 0x20, 0xFF, 0x0E, 0x23, 0xC4, 0xC3, 0xF1, 0x1F, 0x1D, 0x4C, 0x4D, 0xF0
    .byte   0xE3, 0xD3, 0xEE, 0x3D, 0x3D,   -3, 0x03, 0xC4, 0xD2, 0x2D, 0x3D, 0x30, 0xD3, 0xD3, 0xD2, 0x01
    .byte   0xD3, 0xFD, 0x5B, 0x4C, 0x4E, 0xE3, 0xC3, 0xE1, 0x2F, 0xE3, 0xC4, 0xC5, 0xCF, 0x4A, 0x6B, 0x4E
    .byte   0xD4, 0xB6, 0xB4, 0xC2, 0x0E, 0x4B,   16, 0x0B, 0x4D, 0x2F, 0x12, 0xC5, 0xB4, 0xDF, 0x4B, 0x5C
    .byte   0x22, 0xC5, 0xB5, 0xB4, 0xD2, 0x3C, 0x4D, 0x2D, 0x4C, 0x31, 0xD3, 0xEC, 0x6A, 0x50, 0xB6, 0x97
    .byte   0xBD, 0x69, 0x7B, 0x13, 0xC5, 0xB4, 0xD2,    0, 0x0F, 0x2E, 0x10, 0x2D, 0x3D, 0x3E, 0xF1, 0x1D
    .byte   0x4C, 0x32, 0xC4, 0xD2, 0x1E, 0xF3, 0xD3, 0xD4, 0xC2, 0x3B, 0x5D, 0xD5, 0xA5, 0x1C, 0x5A, 0x79
    .byte   0x6D, 0xB6, 0xB3, 0x2F, 0xC5, 0xB5, 0xB4, 0xD3,    2, 0x0C, 0x78, 0x7C, 0xB7, 0x96, 0xB4, 0xD0
    .byte   0x3C, 0x5B, 0x4C, 0x4D, 0x13, 0xC4, 0xD1, 0x11, 0xFE, 0x3D, 0x22, 0xC5, 0xB4, 0xFD, 0x4C, 0x3E
    .byte   0x02, 0xD3, 0xE1, 0x2D, 0x3E, 0x11, 0xE2, 0xE2, 0xFF,    3, 0x0E, 0x11, 0xE2, 0xFF, 0x11, 0xF1
    .byte   0xFF, 0x2E, 0x11, 0xE2, 0xF0, 0x0F, 0x1F, 0x11, 0xF1, 0xF0, 0x0F, 0x1F, 0x01, 0x00, 0x00, 0x01
    .byte   0xF0, 0xF1, 0x01, 0xFF, 0x10, 0x00, 0x0F, 0x01, 0xF1, 0x0F,    0, 0x0F, 0x10, 0x00, 0x00, 0x00
    .byte   0x00, 0x01, 0xF0, 0x00, 0x00, 0x00, 0x00, 0x00, 0x1F, 0x01, 0xF0, 0xF1, 0xF1, 0x00, 0x00, 0x00
    .byte   0x00, 0x1F, 0x1F, 0x00, 0x00, 0x00, 0x0F, 0x10, 0x00, 0x1F, 0x00,    0, 0x00, 0x00, 0x00, 0x00
    .byte   0x00, 0x00, 0x00, 0x01, 0x0F, 0x1F, 0x0F, 0x10, 0xF1, 0x00, 0x00, 0x0F, 0x11, 0xF1, 0xF0, 0x00
    .byte   0x00, 0xF0, 0x1F, 0x10, 0x00, 0x00, 0x00, 0x00, 0x01, 0xFF, 0x10, 0x0F,    0, 0x00, 0xF1, 0x00
    .byte   0x00, 0x00, 0x00, 0x01, 0xF0, 0x00, 0x00, 0x0F, 0x10, 0x01, 0xF0, 0xF0, 0x1F, 0x00, 0x10, 0x0F
    .byte   0x1F, 0x10, 0x10, 0xF0, 0x01, 0xF0, 0x00, 0x00, 0x0F, 0x10, 0x00, 0x0F, 0x01,    0, 0x00, 0x0F
    .byte   0x10, 0x01, 0xF0, 0x1F, 0x00, 0x0F, 0x10, 0x00, 0x00, 0x00, 0x00, 0x00, 0x00, 0x00, 0x00, 0xF1
    .byte   0x00, 0x01, 0x0F, 0x00, 0x10, 0xF0, 0x01, 0x0F, 0x00, 0x00, 0x00, 0x00, 0x00, 0x01,    0, 0x00
    .byte   0x10, 0xF0, 0x1F, 0x00, 0x00, 0x00, 0x01, 0x00, 0xF0, 0x0F, 0x1F, 0x10, 0x00, 0x0F, 0x10, 0x00
    .byte   0xF1, 0x00, 0x1F, 0x00, 0x00, 0x00, 0x00, 0x00, 0x1F, 0xF1, 0x10, 0xF0, 0x01, 0xFF, 0x10,    0
    .byte   0x00, 0x00, 0xF1, 0x01, 0xF0, 0x00, 0x0F, 0x1F, 0x10, 0x00, 0x01, 0xF0, 0x00, 0xF1, 0x01, 0xF0
    .byte   0x0F, 0x01, 0x00, 0x00, 0x00, 0x00, 0x00, 0x00, 0x00, 0xF1, 0x00, 0x0F, 0x10, 0x00, 0x00, 0x00
    .byte      0, 0x00, 0x1F, 0x1F, 0x00, 0xF1, 0x00, 0x01, 0xF0, 0x00, 0x0F, 0x10, 0xF0, 0x10, 0xF1, 0xF1
    .byte   0x00, 0x00, 0x00, 0x00, 0x0F, 0x10, 0x00, 0x01, 0xF0, 0x10, 0xF0, 0xF1, 0x00, 0x00, 0x00, 0xF1
    .byte   0xF0,    0, 0x01, 0xF0, 0x00, 0x00, 0xF1, 0x00, 0x00, 0x00, 0x0F, 0x01, 0x0F, 0x10, 0xF1, 0x00
    .byte   0xF1, 0xF0, 0x10, 0x00, 0x00, 0x10, 0xF1, 0xF0, 0xF1, 0x00, 0x00, 0x0F, 0x10, 0x00, 0xF1, 0x00
    .byte   0x1F, 0x1F,    0, 0x00, 0x00, 0x1F, 0x0F, 0x10, 0x00, 0xF1, 0x00, 0x01, 0x00, 0xF0, 0x0F, 0x1F
    .byte   0x11, 0xF0, 0xF1, 0x1F, 0x0F, 0x10, 0x00, 0x00, 0x01, 0xF0, 0x01, 0xF0, 0x1F, 0x1F, 0x01, 0xF0
    .byte   0x1F, 0x00, 0x00,    0, 0x0F, 0x10, 0x01, 0xF0, 0x01, 0xF1, 0xF0, 0x1F, 0x00, 0x00, 0x0F, 0x01
    .byte   0xF1, 0x0F, 0x10, 0x0F, 0x10, 0x00, 0x1F, 0x1F, 0x1F, 0x0F, 0x10, 0x1F, 0xF1, 0x0F, 0x01, 0x01
    .byte   0xF1, 0xF0, 0x1F, 0x00,   -1, 0x01, 0x00, 0x0F, 0x01, 0x01, 0xF0, 0xF0, 0x01, 0x00, 0x00, 0x00
    .byte   0x00, 0x00, 0x00, 0x00, 0x00, 0x00, 0x00, 0x00, 0x00, 0x00, 0xF1, 0x1F, 0x00, 0x1F, 0xF1, 0x0F
    .byte   0x1F, 0x11, 0x00, 0xFF, 0x0F,   -1, 0x03, 0xEB, 0x05, 0x22, 0x3C, 0xC5, 0xCB, 0x4C, 0x06, 0x04
    .byte   0x3C, 0x33, 0xAE, 0x3A, 0x41, 0xD3, 0x4F, 0x12, 0x3C, 0xB6, 0xCD, 0x6A, 0xB7, 0xCD, 0x7A, 0xB6
    .byte   0xEE, 0x5C, 0xB5, 0xCD, 0x6D, 0xA6,   -4, 0x0B, 0x7D, 0xC4, 0xCD, 0x52, 0xD2, 0xFC, 0x24, 0xD1
    .byte   0x3B, 0xE5, 0xD2, 0x3C, 0xC5, 0xDF, 0x4C, 0xD3, 0x12, 0x2F, 0xDF, 0x22, 0x11, 0xED, 0x30, 0xF2
    .byte   0xEE, 0x22, 0xE0, 0x0D, 0x42, 0xDF, 0xEF,    3, 0x02, 0xFE, 0xFD, 0x23, 0x10, 0xED, 0xF3, 0x2F
    .byte   0x2D, 0xD2, 0x12, 0x3F, 0xDE, 0xF2, 0x23, 0xED, 0xE0, 0x33, 0xFE, 0xDD, 0x23, 0x21, 0xED, 0xF2
    .byte   0x32, 0xFD, 0xDF, 0x32, 0x21, 0xDE, 0xF2, 0x31,    2, 0x0E, 0xE0, 0x23, 0xFE, 0xEE, 0x13, 0x00
    .byte   0xEE, 0x01, 0x22, 0xFE, 0xE1, 0x20, 0x2E, 0xFE, 0xF2, 0x21, 0xFE, 0xE1, 0x22, 0x1E, 0xEF, 0x02
    .byte   0x11, 0xEE, 0x12, 0x21, 0x0E, 0x0E, 0x21, 0x00, 0xFF,   -1, 0x01, 0x1F, 0x01, 0xF0, 0x01, 0x0F
    .byte   0x0F, 0x1F, 0x10, 0x00, 0x0F, 0x11, 0xF1, 0xF0, 0xF2, 0xFF, 0x0F, 0xF1, 0x1F, 0x0F, 0xF1, 0x01
    .byte   0x0F, 0xF1, 0x01, 0x1F, 0xF0, 0x01, 0x0F, 0x00, 0xF1, 0x00,   -1, 0x0F, 0x11, 0x0F, 0x10, 0x10
    .byte   0x0F, 0xFF, 0x02, 0x0F, 0xF0, 0x00, 0x11, 0xFF, 0xF0, 0x11, 0x0F, 0x00, 0xF1, 0x11, 0x0F, 0xF1
    .byte   0x10, 0x0F, 0x0F, 0xF0, 0x1F, 0x01, 0x0F, 0xF0, 0x10, 0xFF, 0x01,   -2, 0x0F, 0xF1, 0x00, 0x00
    .byte   0x10, 0xF1, 0xF1, 0x0F, 0x01, 0xF1, 0x02, 0xE0, 0xF1, 0x00, 0xF0, 0x00, 0x00, 0x21, 0x0F, 0x11
    .byte   0x10, 0x0F, 0x11, 0x11, 0x11, 0xF0, 0x02, 0x00, 0xFF, 0x0F, 0x1F, 0xFF,    6, 0x01, 0x11, 0xFF
    .byte   0xF0, 0xEF, 0xFF, 0xEF, 0x0F, 0xF0, 0xE0, 0xFF, 0xFF, 0xFE, 0x0F, 0x0F, 0x11, 0x10, 0xF1, 0x01
    .byte   0x10, 0x10, 0x11, 0x22, 0x22, 0x32, 0x21, 0x21, 0x10, 0x11, 0xFE, 0x01, 0xFF,   17, 0x0F, 0xEF
    .byte   0xF1, 0xFE, 0xEF, 0x21, 0x0F, 0xF1, 0x02, 0x2F, 0xFE, 0x00, 0x10, 0xEF, 0xEE, 0x11, 0x0F, 0xEF
    .byte   0x00, 0x01, 0x0E, 0xF0, 0x11, 0xEF, 0xEF, 0xF0, 0x0F, 0xEF, 0x01, 0x00, 0xF0, 0x02,  -22, 0x02
    .byte   0x22, 0x2F, 0x23, 0x32, 0x10, 0x12, 0x12, 0x01, 0xDE, 0x22, 0x1E, 0xEE, 0x0F, 0x0F, 0xFD, 0xE1
    .byte   0x22, 0xE0, 0xE0, 0x12, 0x2F, 0xEE, 0x12, 0x10, 0xFE, 0xF0, 0x20, 0xFF, 0xFF, 0xF1, 0x11,   -1
    .byte   0x0E, 0x11, 0x0F, 0xFF, 0xEF, 0xF0, 0xEE, 0xFE, 0xFF, 0xF0, 0x0E, 0x11, 0x01, 0x02, 0x11, 0x02
    .byte   0x02, 0x12, 0x22, 0x21, 0x33, 0x01, 0x12, 0x00, 0x10, 0xFE, 0x01, 0x0F, 0xEF, 0x0E, 0xF1, 0x0E
    .byte      5, 0x0F, 0x00, 0x1F, 0xF0, 0xF0, 0x2F, 0x10, 0xFF, 0x11, 0x1F, 0x0F, 0xF0, 0x11, 0xFF, 0xF1
    .byte   0x01, 0xE1, 0x01, 0xE1, 0x0E, 0xFE, 0x2E, 0xEE, 0xFF, 0xEF, 0x0F, 0xEE, 0x11, 0x2E, 0x10, 0x01
    .byte   0x22,  -20, 0x0F, 0xF1, 0x22, 0x12, 0x12, 0x12, 0x32, 0x2F, 0x10, 0x21, 0x11, 0xFF, 0xE2, 0x11
    .byte   0x0E, 0x0F, 0xE1, 0x0F, 0xEE, 0xFF, 0x0F, 0x00, 0xEF, 0x11, 0x10, 0x00, 0x0F, 0x11, 0x10, 0xE2
    .byte   0xF1, 0x01,    9, 0x0F, 0xE1, 0x11, 0xFF, 0xEF, 0xFF, 0xFF, 0xEE, 0x0E, 0xF0, 0xEF, 0xEE, 0x00
    .byte   0xFF, 0xFF, 0xF0, 0x12, 0x12, 0xF0, 0x11, 0x22, 0x2E, 0x11, 0x23, 0x21, 0x22, 0x21, 0x22, 0x01
    .byte   0x02, 0xF0, 0x0E,   28, 0x0F, 0x00, 0xF0, 0xEF, 0x0F, 0xFE, 0xEE, 0x1F, 0xFF, 0xFE, 0xF1, 0x02
    .byte   0xFF, 0xF1, 0x11, 0x10, 0x0F, 0x00, 0x2F, 0x0F, 0xE0, 0xFF, 0x11, 0xE0, 0xEF, 0xF0, 0x0F, 0xEE
    .byte   0xE1, 0x0F, 0xEF, 0xEF,  -31, 0x01, 0x0E, 0x1F, 0x00, 0x22, 0xF1, 0x01, 0x21, 0x22, 0x10, 0x22
    .byte   0x12, 0x22, 0x20, 0x22, 0x11, 0x11, 0x11, 0x01, 0x0E, 0x11, 0x01, 0x0F, 0xEF, 0xF1, 0x0E, 0xEF
    .byte   0xE0, 0xF1, 0x0E, 0xFF, 0x01,    5, 0x00, 0xFF, 0xF0, 0x11, 0x1F, 0xFF, 0x00, 0x2E, 0xF0, 0xF0
    .byte   0x11, 0x0E, 0xEF, 0xFF, 0xFF, 0xEE, 0x0F, 0x0F, 0xF0, 0xEF, 0x0F, 0x1F, 0xFE, 0x01, 0x22, 0x00
    .byte   0x1F, 0x22, 0x22, 0x0F, 0x02, 0x12,    4, 0x01, 0x11, 0x12, 0x22, 0x10, 0xE2, 0xF2, 0x1F, 0xFE
    .byte   0x00, 0x20, 0x2E, 0xFE, 0xF0, 0x10, 0xFE, 0xEF, 0xF0, 0x21, 0xEF, 0xE0, 0x12, 0xFF, 0xFF, 0xF1
    .byte   0x11, 0xFF, 0xFF, 0x11, 0x10, 0xFE, 0x0F,    0, 0x0F, 0xFF, 0xEE, 0xFF, 0x00, 0xFE, 0xFF, 0x00
    .byte   0x0E, 0xFF, 0xFF, 0x10, 0x01, 0x01, 0x11, 0x11, 0x11, 0x10, 0x21, 0x22, 0x11, 0x12, 0x12, 0x11
    .byte   0x10, 0x21, 0x21, 0x00, 0x00, 0x11, 0x00, 0xFF,   22, 0x0F, 0x0F, 0x0E, 0x00, 0x00, 0x0E, 0xF0
    .byte   0xF0, 0xF0, 0xF0, 0xF1, 0x11, 0x11, 0x0E, 0x0F, 0x11, 0x0F, 0xEF, 0x01, 0x11, 0xFE, 0xFE, 0x01
    .byte   0xFE, 0x0E, 0xE1, 0x0F, 0xF0, 0xEF, 0x00, 0xFF, 0x0F,  -25, 0x00, 0x10, 0x10, 0x00, 0x10, 0x20
    .byte   0x10, 0x20, 0x12, 0x11, 0x12, 0x11, 0x12, 0x10, 0x02, 0x01, 0x10, 0x11, 0x01, 0x11, 0x1F, 0x1F
    .byte   0x0F, 0xF0, 0x11, 0x00, 0xFE, 0x10, 0x10, 0xFE, 0xFF, 0x01,   11, 0x00, 0xFF, 0xF0, 0x01, 0x1F
    .byte   0x0E, 0xF0, 0x01, 0x1F, 0xF0, 0xE0, 0x10, 0x0E, 0xEF, 0xE0, 0x01, 0xE0, 0xEF, 0x01, 0x10, 0xEF
    .byte   0xFF, 0x11, 0x10, 0xF0, 0x00, 0x12, 0x10, 0x00, 0x01, 0x21, 0x20,   -7, 0x00, 0x02, 0x21, 0x00
    .byte   0x11, 0x12, 0x11, 0x1F, 0x11, 0x10, 0x01, 0x10, 0xFF, 0x00, 0x20, 0x0E, 0x1F, 0x11, 0xFF, 0x0E
    .byte   0x01, 0x01, 0x01, 0x1F, 0xFF, 0x00, 0x10, 0xFE, 0x00, 0x11, 0xF0, 0xFF,    4, 0x0F, 0x10, 0xFF
    .byte   0xEF, 0xFF, 0xF0, 0xE0, 0xEF, 0x1F, 0x1F, 0xEF, 0xFF, 0x00, 0x0F, 0x0E, 0x10, 0x21, 0x10, 0x00
    .byte   0x02, 0x11, 0x10, 0x02, 0x02, 0x01, 0x10, 0x20, 0x20, 0x20, 0x00, 0x12, 0x01,   15, 0x00, 0x01
    .byte   0x11, 0xF0, 0x00, 0x10, 0x0F, 0x0E, 0x00, 0x10, 0x0F, 0xFF, 0x00, 0x20, 0xFE, 0xF0, 0x11, 0x10
    .byte   0xEF, 0x01, 0x10, 0x0E, 0x0E, 0x01, 0x10, 0xEE, 0xF0, 0x00, 0xFF, 0xFE, 0xF0, 0x00,  -16, 0x0F
    .byte   0xEF, 0x00, 0x00, 0xFF, 0xF1, 0x01, 0x10, 0xF1, 0x11, 0x02, 0x10, 0x10, 0x21, 0x02, 0x10, 0x21
    .byte   0x01, 0x21, 0x11, 0x11, 0x02, 0x02, 0x0F, 0x00, 0x11, 0x10, 0x0F, 0xE1, 0x11, 0x10, 0xFE,   14
    .byte   0x01, 0x11, 0xFE, 0xFE, 0x11, 0x10, 0xEF, 0x0F, 0x11, 0x00, 0xEF, 0x00, 0x00, 0xFF, 0xFF, 0x00
    .byte   0x1F, 0x0F, 0xEF, 0x10, 0x0F, 0xEF, 0xF0, 0x00, 0x0E, 0xF0, 0x1F, 0x1F, 0xFF, 0x00, 0x11, 0xF0
    .byte    -20, 0x00, 0x21, 0x11, 0x00, 0x21, 0x02, 0x10, 0x02, 0x02, 0x02, 0x01, 0x11, 0x21, 0x01, 0x11
    .byte   0x11, 0x0F, 0xF1, 0x11, 0x0F, 0xFF, 0xFF, 0x00, 0xE0, 0x0E, 0xF0, 0x0F, 0x0E, 0x0F, 0xF0, 0x0F
    .byte   0xFF,   -2, 0x00, 0x00, 0x0F, 0x0F, 0x00, 0x00, 0x0F, 0x00, 0xF0, 0xF0, 0xF0, 0xFF, 0x0F, 0xF0
    .byte   0xFF, 0xF0, 0xFF, 0x0F, 0x0F, 0xF0, 0x00, 0x11, 0x10, 0x01, 0x10, 0x20, 0x10, 0x02, 0x12, 0x11
    .byte   0x02, 0x02,   12, 0x01, 0x10, 0x10, 0x21, 0x0F, 0x00, 0x11, 0x1F, 0x0F, 0x0F, 0x0F, 0xFF, 0xFF
    .byte   0xFF, 0xFF, 0xFF, 0x0E, 0xF0, 0x0F, 0x0F, 0xFF, 0xF0, 0x01, 0xFF, 0x00, 0x01, 0x00, 0xF0, 0x0F
    .byte   0x00, 0x00, 0x0F,   -6, 0x0F, 0x01, 0x0E, 0x0F, 0xFF, 0x0F, 0xF0, 0xE0, 0x00, 0x10, 0x00, 0x0F
    .byte   0x00, 0x20, 0x10, 0x01, 0x20, 0x21, 0x12, 0x11, 0x20, 0x20, 0x02, 0x11, 0x11, 0x10, 0x10, 0x2F
    .byte   0xFF, 0xFF, 0xF0, 0x0E,   16, 0x0F, 0xFE, 0x00, 0x0E, 0x10, 0xEF, 0x00, 0x0E, 0xFF, 0x0F, 0x11
    .byte   0xFF, 0xF1, 0x11, 0x00, 0x0F, 0x00, 0x11, 0x1F, 0xFF, 0x01, 0x10, 0xFF, 0xFF, 0xF0, 0xFF, 0xF0
    .byte   0xE0, 0xF0, 0x0F, 0x1F, 0xFF,  -18, 0x01, 0x01, 0x1F, 0x11, 0x02, 0x02, 0x00, 0x21, 0x12, 0x12
    .byte   0x01, 0x02, 0x11, 0x01, 0x01, 0x11, 0x10, 0xF0, 0x0F, 0x0F, 0xF0, 0xEF, 0xFF, 0xFF, 0x0F, 0xE1
    .byte   0xE1, 0xFF, 0xFF, 0xFF, 0x01, 0x0F,   -5, 0x00, 0xF1, 0x11, 0x1F, 0x00, 0x01, 0x10, 0x1F, 0xF1
    .byte   0x01, 0x0F, 0xFF, 0xF0, 0xFF, 0xF0, 0x0E, 0x00, 0xFF, 0x00, 0xFF, 0xF0, 0x01, 0x00, 0x00, 0x02
    .byte   0x11, 0x10, 0x21, 0x02, 0x21, 0x11, 0x11,   11, 0x01, 0x11, 0x00, 0x02, 0x01, 0xF0, 0xF0, 0xF1
    .byte   0x00, 0xE0, 0x0E, 0x00, 0x00, 0xEF, 0xFF, 0x0F, 0xFF, 0x0E, 0x0F, 0x11, 0xF0, 0xFF, 0x00, 0x11
    .byte   0xFF, 0x01, 0x01, 0x10, 0x1F, 0x01, 0x11, 0x00,   -1, 0x00, 0x00, 0x1F, 0x00, 0xFF, 0x11, 0x00
    .byte   0xFF, 0xF0, 0x1F, 0x00, 0xF0, 0x01, 0x10, 0xF0, 0x00, 0x11, 0x10, 0x1F, 0x01, 0x10, 0x10, 0xF0
    .byte   0x10, 0x00, 0x00, 0xFF, 0x10, 0x1F, 0x00, 0xF0, 0xFF,   -1, 0x00, 0x1F, 0x00, 0xF1, 0x01, 0xF1
    .byte   0x00, 0xF0, 0x11, 0x10, 0x00, 0x10, 0x10, 0x01, 0x00, 0x01, 0x01, 0xF1, 0x0F, 0x00, 0x10, 0x0E
    .byte   0x0F, 0x00, 0x0F, 0xE0, 0x0F, 0xF0, 0xFF, 0x0E, 0x01, 0x1F,  -11, 0x0F, 0x0F, 0x11, 0x10, 0x0F
    .byte   0x02, 0x01, 0x11, 0x11, 0x21, 0x11, 0x02, 0x01, 0x11, 0x10, 0x01, 0x01, 0x00, 0xFF, 0xFF, 0xF0
    .byte   0x0E, 0x0F, 0xF0, 0xFF, 0x0E, 0xFF, 0x00, 0xF0, 0xE0, 0x00, 0x00,   -9, 0x00, 0x0F, 0x11, 0x11
    .byte   0x01, 0x01, 0x11, 0x10, 0x10, 0x11, 0x10, 0x10, 0x00, 0xF1, 0x0F, 0x00, 0x00, 0x00, 0xFF, 0xFF
    .byte   0x10, 0xFF, 0x0F, 0x1F, 0x01, 0xFF, 0x1F, 0x10, 0x10, 0x0F, 0x11, 0x01,    1, 0x00, 0x00, 0x00
    .byte   0x10, 0x1F, 0x0F, 0x01, 0x10, 0x0F, 0xFF, 0x1F, 0x1F, 0x00, 0xFF, 0x01, 0xF0, 0x1F, 0xF1, 0x01
    .byte   0x01, 0xF0, 0x0F, 0x11, 0x00, 0x00, 0xF1, 0x01, 0x00, 0x0F, 0x10, 0x00, 0xF1,    0, 0x01, 0x01
    .byte   0x0F, 0x00, 0x0F, 0x00, 0x0F, 0x10, 0x00, 0xF1, 0x0F, 0x1F, 0x00, 0x10, 0x0F, 0x01, 0x1F, 0x10
    .byte   0xF0, 0x01, 0x00, 0x01, 0xFF, 0x01, 0x1F, 0x0F, 0x10, 0xF0, 0x01, 0xFF, 0x1F, 0x10,    0, 0x00
    .byte   0xF0, 0x01, 0x00, 0x0F, 0x00, 0x01, 0x00, 0x0F, 0x00, 0x10, 0x00, 0xF1, 0x00, 0x10, 0x00, 0xF0
    .byte   0x01, 0x00, 0xF0, 0x00, 0x10, 0xF0, 0x1F, 0x00, 0x00, 0xF0, 0x10, 0x00, 0x00, 0xF0, 0x10,   -1
    .byte   0x01, 0xF1, 0x0F, 0x1F, 0x10, 0xF1, 0x00, 0x01, 0x0F, 0xF1, 0xF0, 0x11, 0x0F, 0x00, 0x00, 0x00
    .byte   0x00, 0x0F, 0x10, 0x00, 0x0F, 0x10, 0x01, 0xF0, 0x00, 0x01, 0xF1, 0xFF, 0x10, 0x00, 0x1F, 0x00
    .byte     -1, 0x01, 0x00, 0x00, 0x00, 0x00, 0x01, 0xF0, 0x00, 0x00, 0x00, 0x00, 0x00, 0xF1, 0x01, 0xF0
    .byte   0x0F, 0x1F, 0x00, 0x10, 0x0F, 0x11, 0x0F, 0x0F, 0x1F, 0x10, 0x10, 0xF0, 0xF0, 0x10, 0x10, 0xFF
    .byte   0x10,    0, 0x01, 0x0F, 0x00, 0x01, 0x00, 0x0F, 0x00, 0x00, 0x10, 0xF0, 0xF1, 0x00, 0x0F, 0x00
    .byte   0x10, 0x00, 0x00, 0xF0, 0x1F, 0x1F, 0x1F, 0x10, 0x00, 0x1F, 0x00, 0x00, 0x00, 0x10, 0xF0, 0x10
    .byte   0xF1, 0xF0,    0, 0x00, 0x00, 0x10, 0x0F, 0xF1, 0x01, 0x00, 0x0F, 0x00, 0x00, 0xF1, 0x00, 0x00
    .byte   0xF1, 0x1F, 0x00, 0xF1, 0x1F, 0x00, 0x00, 0x1F, 0x00, 0x1F, 0x00, 0x0F, 0x11, 0xFF, 0x1F, 0x01
    .byte   0x01, 0xF1, 0xF0,    1, 0x0F, 0x00, 0x0F, 0x1F, 0x10, 0x00, 0x0F, 0x10, 0x00, 0x00, 0xF1, 0x10
    .byte   0xFF, 0x10, 0x00, 0xF0, 0x10, 0x00, 0x00, 0xF1, 0x1F, 0x00, 0xF1, 0x10, 0xF1, 0xFF, 0x11, 0xF0
    .byte   0x00, 0x00, 0xF1, 0x00,   -1, 0x01, 0x00, 0x01, 0xF0, 0x0F, 0x01, 0xF0, 0x10, 0xF1, 0x0F, 0x00
    .byte   0x01, 0x00, 0x00, 0x0F, 0x1F, 0x10, 0x00, 0x00, 0x00, 0x01, 0xF1, 0x0F, 0x01, 0xF0, 0x00, 0x00
    .byte   0x01, 0x0F, 0x00, 0x00, 0x00,    0, 0x00, 0x00, 0x0F, 0x10, 0x00, 0x00, 0x0F, 0x10, 0x00, 0x1F
    .byte   0x01, 0x0F, 0x00, 0x1F, 0x00, 0x10, 0xF0, 0x1F, 0x1F, 0x00, 0x01, 0x0F, 0x00, 0x00, 0x00, 0x00
    .byte   0x00, 0x00, 0x00, 0x0F, 0x10, 0xF1,    0, 0x00, 0x0F, 0x10, 0x0F, 0x10, 0x0F, 0x10, 0x0F, 0x10
    .byte   0x01, 0xF0, 0x00, 0x00, 0x01, 0xF1, 0x0F, 0x00, 0x00, 0x1F, 0x00, 0xF1, 0x00, 0x00, 0x01, 0xF1
    .byte   0xF0, 0x00, 0x00, 0x00, 0x00, 0x00, 0x00,    0, 0x01, 0xF0, 0x1F, 0x00, 0x00, 0xF1, 0x00, 0xF1
    .byte   0x00, 0xF1, 0x1F, 0x00, 0x00, 0x00, 0x0F, 0x10, 0x01, 0xF0, 0x00, 0x00, 0x00, 0x01, 0xF0, 0x0F
    .byte   0x10, 0xF1, 0xF1, 0x0F, 0x01, 0xF1, 0x00, 0x00,    0, 0x01, 0xF0, 0x00, 0x00, 0x0F, 0x01, 0x00
    .byte   0xF1, 0x0F, 0x1F, 0x10, 0x01, 0xF0, 0x00, 0x00, 0x1F, 0xF1, 0x00, 0x00, 0x00, 0x00, 0x0F, 0x10
    .byte   0x0F, 0x11, 0xF1, 0xF0, 0xF1, 0x00, 0x00, 0x01, 0x00,    0, 0x00, 0x01, 0xF0, 0x00, 0x00, 0x00
    .byte   0x00, 0x10, 0xF0, 0x00, 0x0F, 0x10, 0x00, 0x01, 0xF0, 0x10, 0xF0, 0x00, 0x01, 0xF0, 0x00, 0x00
    .byte   0x01, 0xF1, 0xF1, 0xF0, 0xF1, 0x00, 0x00, 0x00, 0x00, 0x00,   -1, 0x00, 0x10, 0xF1, 0xF1, 0x0F
    .byte   0x11, 0x0F, 0x00, 0x10, 0xF0, 0x00, 0x00, 0x00, 0x00, 0x0F, 0x01, 0x01, 0xF0, 0x00, 0x0F, 0x10
    .byte   0x0F, 0x01, 0x00, 0x00, 0x00, 0x00, 0x00, 0x0F, 0x10, 0x00, 0x00,    0, 0x00, 0x01, 0xFF, 0x10
    .byte   0x00, 0xF1, 0xF1, 0x00, 0x00, 0xF1, 0x01, 0xF0, 0xF1, 0x00, 0x00, 0x1F, 0x00, 0x00, 0x00, 0x00
    .byte   0x00, 0x00, 0x01, 0xF0, 0x00, 0x00, 0x0F, 0x10, 0x01, 0xF0, 0x00, 0x1F,    0, 0x00, 0x00, 0x01
    .byte   0xF0, 0x00, 0x01, 0xF0, 0x0F, 0x01, 0x00, 0x00, 0x00, 0x00, 0x1F, 0x00, 0x00, 0x01, 0x00, 0xF1
    .byte   0xF1, 0xF0, 0x10, 0xF0, 0x00, 0xF0, 0x10, 0x00, 0xF1, 0x00, 0xF0, 0x10, 0x0F,   -1, 0x01, 0xF1
    .byte   0x01, 0xF0, 0x00, 0x00, 0x1F, 0x01, 0xF0, 0x1F, 0x00, 0x00, 0x00, 0x00, 0x00, 0x10, 0x00, 0xF0
    .byte   0x00, 0x00, 0x00, 0x01, 0x0F, 0x00, 0x00, 0x00, 0x00, 0x00, 0xF1, 0x00, 0x00, 0x00,    0, 0x0F
    .byte   0x10, 0x00, 0x00, 0x00, 0xF1, 0x00, 0xF0, 0x10, 0x1F, 0x01, 0xF0, 0x0F, 0x10, 0x00, 0xF1, 0x00
    .byte   0x0F, 0x10, 0x1F, 0x00, 0x00, 0x00, 0x00, 0x00, 0x0F, 0x11, 0xF0, 0x00, 0x00, 0x0F, 0x10,    0
    .byte   0x00, 0xF1, 0x0F, 0x01, 0x00, 0x00, 0x00, 0xF1, 0xF1, 0x0E, 0xE2, 0x10, 0x22, 0x00, 0x0F, 0x0E
    .byte   0x00, 0x02, 0xE2, 0x12, 0xED, 0x0E, 0x1E, 0x2F, 0x3F, 0x00, 0x22, 0xEE, 0xF0, 0xFF, 0xF2, 0xF2
    .byte      2, 0x0F, 0xF0, 0x1F, 0x2F, 0x1E, 0xFF, 0x01, 0x02, 0xE1, 0xF0, 0x00, 0x11, 0x1F, 0xF1, 0xF0
    .byte   0x10, 0x01, 0xFF, 0x00, 0x10, 0xF0, 0x00, 0x00, 0x01, 0xF0, 0x00, 0x00, 0xF1, 0x00, 0x0F, 0x00
    .byte   0x01,    0, 0x00, 0xF1, 0xF1, 0x00, 0x01, 0xF0, 0x00, 0x00, 0x00, 0x00, 0x00, 0x01, 0xF0, 0x00
    .byte   0x0F, 0x1F, 0x1F, 0x1F, 0x10, 0x00, 0x00, 0x1F, 0xF1, 0x00, 0x00, 0x00, 0xF1, 0x00, 0x00, 0x00
    .byte   0x0F, 0x10,    1, 0x0F, 0x00, 0xF1, 0x00, 0x1F, 0x1F, 0x1F, 0xF1, 0xF1, 0x00, 0x1F, 0x1F, 0x1F
    .byte   0x1F, 0x1F, 0x00, 0x01, 0xE2, 0xF0, 0xF1, 0x00, 0x00, 0x1F, 0x1F, 0x00, 0x00, 0x00, 0x01, 0xF0
    .byte   0xF1, 0xF1, 0x0F,    0, 0x0F, 0x10, 0x0F, 0x11, 0xF1, 0xF0, 0x01, 0xF0, 0xF1, 0x00, 0x1F, 0x1F
    .byte   0x00, 0x1F, 0x01, 0x00, 0xF1, 0xF0, 0x00, 0x0F, 0x10, 0xF1, 0x01, 0xF0, 0x0F, 0x1F, 0x2E, 0x1F
    .byte   0x10, 0xF1, 0x01, 0xF0,   -1, 0x01, 0x00, 0x01, 0x0F, 0x0F, 0x10, 0x0F, 0x11, 0xF0, 0x0F, 0x11
    .byte   0xF0, 0xF1, 0x00, 0x1F, 0xF0, 0x1F, 0x10, 0x0F, 0x1F, 0x01, 0x00, 0x1F, 0xF1, 0x01, 0xE2, 0xF1
    .byte   0xF0, 0x1F, 0x0F, 0x2E, 0x2E,    0, 0x00, 0xFF, 0x2E, 0x02, 0xE2, 0xE1, 0x01, 0x00, 0xF1, 0x1E
    .byte   0x2F, 0x0F, 0x11, 0xF0, 0x00, 0xF0, 0x10, 0x1F, 0xF2, 0xE1, 0x0F, 0x10, 0xF1, 0xFF, 0x2E, 0x2E
    .byte   0x2E, 0x2F, 0xF0, 0x0F, 0x1F, 0x11,   -2, 0x02, 0xE2, 0xE2, 0xE2, 0xE2, 0xFF, 0x00, 0x00, 0xF1
    .byte   0x10, 0x0F, 0x1E, 0x2E, 0x2E, 0x2F, 0xF1, 0x1F, 0x10, 0xE2, 0xF1, 0xF1, 0xE2, 0xE2, 0xF0, 0xF1
    .byte   0x0F, 0x2E, 0x10, 0x0F, 0x01, 0x01, 0x00,   -1, 0x02, 0xE2, 0xE1, 0x1E, 0x2F, 0x00, 0xF1, 0x0F
    .byte   0x2E, 0x2E, 0x10, 0x1F, 0x00, 0xF1, 0xF1, 0xF0, 0x10, 0x01, 0x0E, 0x2F, 0xF2, 0xE2, 0xE0, 0x2E
    .byte   0x11, 0x1E, 0x2E, 0x2F, 0xF1, 0xE2, 0xE3, 0xD2,   -3, 0x02, 0xF0, 0x01, 0xF0, 0x2D, 0x3D, 0x3E
    .byte   0xF1, 0x1E, 0x2F, 0xF2, 0xE1, 0x01, 0x0F, 0xF2, 0xE2, 0xE0, 0x11, 0xE2, 0xE1, 0x2E, 0x2E, 0x2E
    .byte   0x10, 0x01, 0x01, 0x00, 0xF0, 0x1E, 0x2F, 0x01, 0x0F,    0, 0x00, 0xF0, 0xF2, 0xE1, 0xF2, 0xE2
    .byte   0xFE, 0x3D, 0x2F, 0x01, 0x0E, 0x2E, 0x20, 0xFF, 0x2E, 0x2E, 0x02, 0xE1, 0x0F, 0x11, 0xE2, 0xF0
    .byte   0xFF, 0x2F, 0xE2, 0x1E, 0x2E, 0x02, 0xE2, 0xE1, 0x10, 0xF1,    1, 0x0F, 0x1E, 0x3D, 0x20, 0xE2
    .byte   0xFF, 0x10, 0xF1, 0xF0, 0x10, 0xF1, 0x01, 0xE2, 0xE2, 0xF0, 0x1E, 0x2F, 0xF2, 0xE2, 0xEF, 0x2E
    .byte   0x2F, 0xFF, 0x2E, 0x10, 0x0F, 0x10, 0xF0, 0x1F, 0x02, 0xE1, 0xE3,   -2, 0x01, 0x11, 0xF0, 0x1F
    .byte   0x1E, 0x2F, 0x1F, 0xF1, 0x01, 0xFF, 0xF2, 0xE2, 0xFF, 0x00, 0x1E, 0x2E, 0x20, 0xE2, 0xF0, 0x01
    .byte   0xF1, 0x1E, 0x2F, 0x1E, 0x2E, 0x11, 0xF2, 0xE1, 0xF1, 0x01, 0xE3, 0xD2,    0, 0x00, 0x1F, 0xF2
    .byte   0xE1, 0x1E, 0x2E, 0x2E, 0x2E, 0x2F, 0x00, 0x1F, 0x00, 0x1E, 0x2E, 0x21, 0xE2, 0xE2, 0xE2, 0xE2
    .byte   0xE0, 0x2E, 0x2E, 0x12, 0xD2, 0x10, 0x10, 0xE3, 0xD2, 0x2D, 0x4C, 0x21, 0xE2,   -2, 0x02, 0xE2
    .byte   0xE2, 0xE1, 0x2D, 0x4C, 0x30, 0xD3, 0xEF, 0x2E, 0x2E, 0x2E, 0x2E, 0x2F, 0xE3, 0xC4, 0xD2, 0x1E
    .byte   0x20, 0xE2, 0xFF, 0x1E, 0x21, 0xE2, 0xE1, 0x1E, 0x3E, 0xFF, 0x2E, 0x2E, 0x2E, 0xF2,   -3, 0x03
    .byte   0xD3, 0xD2, 0xFF, 0xF2, 0xE1, 0x2E, 0x2E, 0xF2, 0xFE, 0x2F, 0x00, 0x1E, 0x2F, 0xF1, 0xF1, 0x01
    .byte   0xE2, 0xE2, 0xE2, 0xE2, 0x0E, 0x3D, 0x3D, 0x2F, 0x0F, 0x02, 0xD3, 0xD4, 0xC3, 0xE1, 0x1E,    2
    .byte   0x0E, 0x2E, 0x2D, 0x4C, 0x3E, 0x2E, 0x11, 0x01, 0xE3, 0xD3, 0xD3, 0xD2, 0xF0, 0x1E, 0x2F, 0x2D
    .byte   0x3D, 0x21, 0x01, 0xF2, 0xD3, 0xD3, 0xD3, 0xE0, 0x1E, 0x3D, 0x3D, 0x3D, 0x3D, 0x2F, 0xE3, 0xD3
    .byte     -7, 0x04, 0xC3, 0xE2, 0xEF, 0x3C, 0x5B, 0x4E, 0xE1, 0x2E, 0xF3, 0xC4, 0xC3, 0xF1, 0x00, 0x1E
    .byte   0x2E, 0x3D, 0x3D, 0x12, 0xE2, 0xF0, 0x1E, 0x2E, 0x2D, 0x3F, 0x01, 0xE2, 0xE3, 0xC4, 0xC3, 0xE2
    .byte   0xF1,    2, 0x0E, 0x2E, 0x2E, 0x3C, 0x4C, 0x4D, 0x10, 0x01, 0xE3, 0xC4, 0xC4, 0xD3, 0xEE, 0x3C
    .byte   0x4D, 0x3D, 0x3D, 0x3E, 0xE2, 0xE2, 0xE2, 0xE1, 0x1F, 0x1F, 0x01, 0x10, 0xF1, 0x1E, 0x2F, 0xF2
    .byte   0xEF, 0x01,   -1, 0x01, 0x00, 0xF1, 0x1E, 0x3D, 0x2F, 0x01, 0xE2, 0xE3, 0xC4, 0xD2, 0xF1, 0xFF
    .byte   0x1E, 0x3D, 0x3D, 0x2F, 0x01, 0xF2, 0xE0, 0x1F, 0x1F, 0x1F, 0x2D, 0x3F, 0xD4, 0xC4, 0xD1, 0xF0
    .byte   0xF1, 0x0E, 0x3D,    4, 0x0E, 0x10, 0xFF, 0x2D, 0x3E, 0x12, 0xD3, 0xE1, 0xE2, 0xE1, 0x2E, 0x2E
    .byte   0x21, 0xD3, 0xE1, 0xF1, 0x0E, 0x3C, 0x4C, 0x4D, 0xF3, 0xD4, 0xC3, 0xE2, 0xD3, 0xE2, 0xEF, 0x2D
    .byte   0x3D, 0x3E, 0x2E, 0x1E,    2, 0x0F, 0xE3, 0xC4, 0xD2, 0xE2, 0x0F, 0x2D, 0x3D, 0x3E, 0x00, 0xE3
    .byte   0xD3, 0xD2, 0xF1, 0x0F, 0x2D, 0x3D, 0x3E, 0x2E, 0x2D, 0x3E, 0x11, 0xE2, 0xE2, 0xE2, 0xF0, 0xF2
    .byte   0xE1, 0x0F, 0x10, 0xF2, 0xE2,   -1, 0x01, 0xF0, 0x2D, 0x4C, 0x3E, 0xF2, 0xE0, 0x2F, 0xE2, 0xE3
    .byte   0xD2, 0xFF, 0x2E, 0x2F, 0xE2, 0xE1, 0x1F, 0x1F, 0xF2, 0xE1, 0x2D, 0x3D, 0x22, 0xE2, 0xE3, 0xD2
    .byte   0xE0, 0x2E, 0x10, 0x2D, 0x3E, 0x2E,    0, 0x00, 0xF1, 0x00, 0x00, 0x10, 0x01, 0xE2, 0xE2, 0xE1
    .byte   0x1F, 0x0F, 0x2E, 0x2E, 0x2E, 0x11, 0xE3, 0xD2, 0xF2, 0xE0, 0x2D, 0x3E, 0x2E, 0x2E, 0x11, 0xE3
    .byte   0xD2, 0xFF, 0x2E, 0x2E, 0x10, 0x01, 0xE2,   -2, 0x02, 0xE2, 0xF0, 0x1E, 0x2E, 0x2E, 0x2F, 0xE3
    .byte   0xC4, 0xD2, 0x2D, 0x3D, 0x21, 0xF0, 0x1F, 0xF2, 0xD3, 0xE2, 0xFE, 0x3C, 0x4D, 0x01, 0x2D, 0x3E
    .byte   0x12, 0xD3, 0xE1, 0xF0, 0xF2, 0xD3, 0xE0, 0x2E,   -1, 0x02, 0xD3, 0xFE, 0x2D, 0x30, 0xE2, 0x1D
    .byte   0x3D, 0x3E, 0x11, 0xE2, 0xF0, 0xF2, 0xD3, 0xE2, 0xE1, 0x00, 0x1E, 0x3D, 0x2F, 0x00, 0xF0, 0x2D
    .byte   0x3E, 0x02, 0xD3, 0xE1, 0x2D, 0x3E, 0xE3, 0xD2, 0x2D,    4, 0x0E, 0xE3, 0xD2, 0x1E, 0x3C, 0x4D
    .byte   0x12, 0xEF, 0x2F, 0xF3, 0xC3, 0xE2, 0x0E, 0x3D, 0xF3, 0xD2, 0x0F, 0xE3, 0xD3, 0xEF, 0x3C, 0x4D
    .byte   0x2E, 0x1E, 0x3D, 0x22, 0xD3, 0xD3, 0xE2, 0xD3, 0xEF, 0x2D,    5, 0x0C, 0x4D, 0x03, 0xD2, 0x1E
    .byte   0x2F, 0xE3, 0xD2, 0x2D, 0x3D, 0x22, 0xD3, 0xD3, 0xE2, 0xFF, 0x1E, 0x2E, 0x2E, 0x2E, 0x2D, 0x3E
    .byte   0xF3, 0xD2, 0xFE, 0x3E, 0xD4, 0xC3, 0xFF, 0x2E, 0xF2, 0xE2, 0xFE,    7, 0x0C, 0x4D, 0x12, 0xE0
    .byte   0x2E, 0x12, 0xD3, 0xD2, 0x2D, 0x3F, 0xE2, 0xF1, 0x1D, 0x3E, 0xE3, 0xD3, 0xFE, 0x2E, 0x02, 0xD3
    .byte   0xE0, 0x2D, 0x3E, 0xF2, 0xE1, 0x10, 0x01, 0x00, 0xF1, 0xFF, 0x1F, 0x1E,    4, 0x0D, 0x3E, 0xF1
    .byte   0x0E, 0x2F, 0x12, 0xD3, 0xD3, 0xE1, 0x01, 0xE2, 0xFE, 0x3D, 0x20, 0xFE, 0x3D, 0x21, 0xE2, 0x1E
    .byte   0x2E, 0x20, 0xE2, 0xE0, 0x2E, 0x20, 0xE2, 0xE2, 0xE1, 0x11, 0xE2, 0xFF, 0x2E,    3, 0x0E, 0x2D
    .byte   0x3D, 0x3E, 0x10, 0xE3, 0xD3, 0xC4, 0xD3, 0xD2, 0x2D, 0x4B, 0x5C, 0x3E, 0x10, 0xF2, 0xD4, 0xC4
    .byte   0xC3, 0xEF, 0x2D, 0x3D, 0x3E, 0x2D, 0x3E, 0x02, 0xD3, 0xD3, 0xD3, 0xE0, 0x2E, 0x2E,    5, 0x0D
    .byte   0x3D, 0x20, 0xE3, 0xD3, 0xD3, 0xD3, 0xD1, 0x2E, 0x3D, 0x2F, 0x0F, 0x2E, 0x12, 0xD3, 0xD3, 0xEF
    .byte   0x2E, 0x11, 0xFF, 0x2D, 0x3E, 0x02, 0xE2, 0xD3, 0xD3, 0xE1, 0x1E, 0x2E, 0x2E, 0x3D, 0x3D,    1
    .byte   0x01, 0xE2, 0xE2, 0xE2, 0xFF, 0x01, 0xE2, 0xF0, 0x1E, 0x21, 0xE2, 0xFF, 0x0E, 0x3D, 0x2F, 0x2E
    .byte   0x12, 0xD3, 0xE0, 0x01, 0xE2, 0x00, 0x1E, 0x2E, 0x12, 0xE2, 0xFE, 0x2E, 0x2E, 0x2E, 0x02, 0xE3
    .byte     -4, 0x03, 0xD2, 0x0F, 0x10, 0x1E, 0x3D, 0x3D, 0x12, 0xE2, 0xE2, 0xE0, 0x2E, 0x20, 0xFE, 0x2E
    .byte   0x2F, 0xE3, 0xD2, 0xF0, 0x10, 0x0F, 0x2E, 0x2E, 0x2E, 0x00, 0xF2, 0xE2, 0xE2, 0xFE, 0x3D, 0x3D
    .byte   0x21,   -3, 0x03, 0xD3, 0xD1, 0x20, 0xE1, 0x2D, 0x3D, 0x3F, 0xE2, 0xE3, 0xD1, 0x2E, 0xF2, 0xE0
    .byte   0x2E, 0x2E, 0x2E, 0x2F, 0xF0, 0x1F, 0x01, 0xE2, 0x0E, 0x21, 0xE2, 0xE1, 0x1F, 0x2E, 0x02, 0xD3
    .byte   0xFE, 0x2E,    1, 0x0F, 0x01, 0x1E, 0x2E, 0x2E, 0x11, 0xF1, 0xE2, 0xF1, 0x1F, 0x10, 0xF1, 0xE2
    .byte   0xE2, 0x0F, 0x1E, 0x2F, 0x0E, 0x21, 0xF0, 0x11, 0xE2, 0xE1, 0x2E, 0x11, 0x0F, 0x00, 0x01, 0x0F
    .byte   0x00, 0xF0, 0x2E,    0, 0x01, 0xE1, 0x2E, 0x2F, 0xFE, 0x3D, 0x21, 0xF1, 0xE2, 0xD3, 0xE2, 0x0F
    .byte   0x1F, 0x1E, 0x20, 0x0E, 0x20, 0xE2, 0x1E, 0x2F, 0xF1, 0xFF, 0xF2, 0xE1, 0x2E, 0x01, 0xF1, 0x11
    .byte   0xE2, 0xE0, 0x2E, 0x11,    2, 0x0E, 0x2E, 0x12, 0xE2, 0xE1, 0x1E, 0x21, 0xE2, 0xE0, 0x20, 0xE2
    .byte   0xE1, 0x11, 0x1E, 0x2F, 0xE2, 0xE2, 0xF0, 0xF1, 0x1E, 0x20, 0x0F, 0x00, 0x01, 0xE2, 0x01, 0xE2
    .byte   0xFF, 0x1F, 0x0F, 0x2E, 0x01,    0, 0x0F, 0x1F, 0x2E, 0x10, 0xF2, 0xE1, 0x1F, 0x0F, 0x2E, 0x11
    .byte   0xE3, 0xD2, 0x1E, 0x2E, 0x2F, 0xE2, 0xF1, 0xF0, 0x0F, 0x10, 0x00, 0x0F, 0x11, 0xE2, 0xFF, 0x10
    .byte   0x1E, 0x2F, 0x00, 0x00, 0x1F, 0x01,    1, 0x0F, 0xF2, 0xD2, 0x2E, 0x2E, 0x11, 0x01, 0xFF, 0x1F
    .byte   0x01, 0x00, 0x1E, 0x2F, 0xF2, 0xE1, 0x1E, 0x2F, 0x01, 0xFF, 0x1F, 0xF2, 0xE1, 0x10, 0x1F, 0x01
    .byte   0xF0, 0xF0, 0x1F, 0x02, 0xE1, 0x1E, 0x2F,   -2, 0x02, 0xE2, 0xE2, 0xE1, 0x2D, 0x3E, 0x2E, 0x02
    .byte   0xE1, 0x0E, 0x2F, 0x11, 0xE2, 0x0F, 0x01, 0x01, 0xD4, 0xC3, 0x1D, 0x3D, 0x3E, 0xF2, 0xE2, 0x1D
    .byte   0x3E, 0xE3, 0xEF, 0x2D, 0x3E, 0x11, 0xE2, 0xE2,    1, 0x0F, 0x01, 0xF0, 0xF2, 0xE2, 0xFE, 0x2E
    .byte   0x2F, 0xE2, 0xFF, 0x2E, 0x10, 0x01, 0xE2, 0xF0, 0xF2, 0xE1, 0x00, 0x2D, 0x3E, 0xF2, 0xD3, 0xEF
    .byte   0x2E, 0x2E, 0x2E, 0x20, 0xF0, 0xE2, 0xE2, 0x1E, 0x2F,   -3, 0x03, 0xD2, 0xF0, 0xFF, 0x2E, 0x10
    .byte   0xF2, 0xE1, 0x10, 0x0F, 0x2E, 0x11, 0xE2, 0x1E, 0x2E, 0x2F, 0xE2, 0xE2, 0x01, 0xE1, 0xF2, 0xFF
    .byte   0x2D, 0x3E, 0x02, 0xD3, 0xE0, 0x0F, 0x2E, 0x02, 0xD3, 0xE0,    4, 0x0D, 0x3D, 0x13, 0xD2, 0x1E
    .byte   0x2F, 0xE3, 0xD3, 0xEF, 0x2D, 0x3F, 0xE2, 0xFE, 0x11, 0x00, 0x2D, 0x3E, 0x01, 0xE3, 0xD2, 0xF0
    .byte   0x2D, 0x22, 0xD3, 0xE0, 0x2D, 0x3E, 0x02, 0xE1, 0x2D, 0x3E, 0xF2,   -2, 0x02, 0xE2, 0xFE, 0x2E
    .byte   0x2F, 0xE3, 0xD2, 0x1E, 0x3D, 0x20, 0xE3, 0xD2, 0x0E, 0x3C, 0x4D, 0xF3, 0xD2, 0x0F, 0x2E, 0x10
    .byte   0xF2, 0xE2, 0xE1, 0x00, 0x1F, 0x1E, 0x2F, 0x01, 0xE2, 0xFE, 0x3D, 0x22,   -4, 0x03, 0xD2, 0x1E
    .byte   0x2F, 0x02, 0xD3, 0xEE, 0x3D, 0x21, 0xE2, 0xE2, 0x1E, 0x2E, 0x12, 0xE2, 0xE1, 0x1F, 0x00, 0x00
    .byte   0x0F, 0x1F, 0x01, 0x00, 0x11, 0xE2, 0xE2, 0xE1, 0x10, 0x10, 0xF1, 0xFF, 0x2E,    1, 0x0E, 0x2F
    .byte   0xF1, 0x00, 0x11, 0xE2, 0xFF, 0x1E, 0x2F, 0xF2, 0xE1, 0xF1, 0x1E, 0x2F, 0xE3, 0xD2, 0x00, 0x1F
    .byte   0x01, 0xE2, 0xFE, 0x3D, 0x21, 0xE2, 0xE2, 0x1E, 0x2E, 0x2F, 0x01, 0xE1, 0x2E, 0x11,   -1, 0x01
    .byte   0xF0, 0x2E, 0x2E, 0x12, 0xD3, 0xD2, 0x2D, 0x3E, 0x02, 0xE2, 0xEF, 0x2E, 0x21, 0xD3, 0xE1, 0x00
    .byte   0x1E, 0x3D, 0x20, 0xF1, 0xF1, 0xF0, 0x1E, 0x21, 0xE2, 0xEF, 0x2E, 0x11, 0x10, 0xF2, 0xFE,    4
    .byte   0x0D, 0x3E, 0xF1, 0x1F, 0x01, 0x0E, 0x2F, 0x10, 0xF0, 0x01, 0xF1, 0xFF, 0x1F, 0xF2, 0xF0, 0x0F
    .byte   0x0F, 0x01, 0x01, 0x1E, 0x2F, 0xE2, 0xF0, 0xF1, 0x1E, 0x20, 0xF0, 0xF0, 0x1F, 0xF2, 0xE2, 0x0E
    .byte      2, 0x0E, 0x12, 0xE1, 0x01, 0x0F, 0x00, 0x00, 0x0F, 0x10, 0xF0, 0x10, 0x10, 0xE2, 0xFF, 0x2E
    .byte   0x02, 0xE2, 0xE0, 0x2E, 0xF2, 0xE2, 0xFE, 0x2F, 0x01, 0xE2, 0xF0, 0x1F, 0x1F, 0x01, 0xF0, 0xF1
    .byte   0xF0,    0, 0x00, 0x10, 0xF0, 0xF0, 0x2E, 0x11, 0xE2, 0xF0, 0x0F, 0xF2, 0xE1, 0x10, 0x1F, 0xF1
    .byte   0xF1, 0x0F, 0x2E, 0x10, 0xF1, 0x00, 0x1F, 0x01, 0x00, 0xF0, 0x00, 0x10, 0xE2, 0xFF, 0x10, 0x0F
    .byte   0x10, 0xF1,    1, 0x0F, 0x10, 0xF1, 0xF0, 0x1F, 0x00, 0xF0, 0x1F, 0x01, 0xF1, 0x1F, 0x1F, 0x01
    .byte   0xF1, 0x0F, 0x01, 0xFF, 0x10, 0xF0, 0x01, 0x1F, 0x0F, 0x10, 0x00, 0x1F, 0x1F, 0xF1, 0x01, 0x00
    .byte   0x0F, 0xF1, 0x1E,    0, 0x0F, 0x00, 0x01, 0x1F, 0x1F, 0xF1, 0xF0, 0x2E, 0x10, 0xF1, 0x01, 0xFF
    .byte   0x1F, 0x11, 0xF1, 0xFF, 0x10, 0x01, 0x0F, 0x00, 0x01, 0x00, 0xF0, 0x0F, 0x11, 0xF0, 0x0F, 0x10
    .byte   0x01, 0xFF, 0x10, 0x11,    0, 0x01, 0xF0, 0x1F, 0x00, 0x00, 0xF1, 0x1F, 0x1F, 0x01, 0xF0, 0x0F
    .byte   0x1F, 0x01, 0xF1, 0x0F, 0x10, 0x10, 0xF1, 0x0E, 0x2F, 0xF1, 0xF1, 0x0F, 0x1F, 0x11, 0xF0, 0xFF
    .byte   0x11, 0x00, 0xF0, 0x1F, 0x10,    0, 0x01, 0xF0, 0x00, 0x01, 0xFF, 0x10, 0xF0, 0x10, 0x10, 0xFF
    .byte   0x10, 0x10, 0xF1, 0xFF, 0x11, 0x1F, 0xFF, 0x10, 0x01, 0xF0, 0x0F, 0x01, 0x00, 0x1F, 0x00, 0x01
    .byte   0xF1, 0xF0, 0xF0, 0x10, 0x00, 0xF0,    0, 0x00, 0x00, 0x0F, 0x01, 0x01, 0x0F, 0xF1, 0xF1, 0x10
    .byte   0xF0, 0xF0, 0x10, 0x10, 0x0F, 0xF0, 0x10, 0x10, 0x0F, 0xF1, 0x00, 0x00, 0xF0, 0x01, 0x00, 0x1F
    .byte   0x0F, 0x11, 0x0F, 0xF1, 0xF0, 0x10, 0x10,    1, 0x0F, 0x00, 0x00, 0x1F, 0x0F, 0x01, 0x01, 0x0F
    .byte   0x00, 0xF1, 0x00, 0x00, 0x01, 0xF0, 0x00, 0x00, 0x00, 0xF1, 0x00, 0x10, 0xF1, 0xF1, 0x0F, 0x1F
    .byte   0x00, 0x00, 0x10, 0xFF, 0x10, 0x00, 0x00, 0x1F,    1, 0x00, 0x0F, 0x1F, 0x01, 0xF0, 0xF1, 0x01
    .byte   0x00, 0x00, 0xF0, 0x1F, 0x0F, 0x10, 0x00, 0x01, 0x00, 0xF1, 0xF1, 0x00, 0xF0, 0x0F, 0x01, 0xF1
    .byte   0x1F, 0x00, 0x10, 0xF0, 0x00, 0xF1, 0x10, 0x01, 0xF0,    0, 0x01, 0xFF, 0x10, 0xF0, 0x01, 0x10
    .byte   0x00, 0xF0, 0x10, 0x0F, 0x00, 0x00, 0x01, 0xF0, 0x0F, 0x01, 0x00, 0x00, 0xF1, 0xF0, 0x00, 0x1F
    .byte   0x10, 0x00, 0x00, 0x0F, 0x00, 0x10, 0x00, 0x00, 0x01, 0xF0,    0, 0x00, 0x00, 0x00, 0x01, 0xF0
    .byte   0xF0, 0x01, 0x00, 0xF1, 0xF1, 0x00, 0x00, 0x00, 0x00, 0xF0, 0x10, 0x00, 0x00, 0x00, 0x00, 0xF1
    .byte   0x00, 0x0F, 0x00, 0x10, 0x1F, 0x0F, 0x01, 0x00, 0xF1, 0x0F, 0x10,    0, 0x00, 0x00, 0x00, 0x1F
    .byte   0x0F, 0x10, 0x00, 0x00, 0x00, 0x00, 0xF1, 0x1F, 0x00, 0x10, 0x0F, 0x00, 0x00, 0x00, 0x0F, 0x11
    .byte   0x0F, 0x01, 0xF0, 0xF1, 0x00, 0x1F, 0x00, 0x1F, 0x00, 0x00, 0x00, 0x10,    0, 0x00, 0x00, 0x1F
    .byte   0xF1, 0x00, 0x01, 0xF0, 0x00, 0x00, 0x00, 0x00, 0x00, 0x00, 0x1F, 0x00, 0x00, 0x1F, 0xF0, 0x1F
    .byte   0x1F, 0x10, 0x00, 0x00, 0x00, 0xF1, 0x00, 0x00, 0x01, 0x00, 0xF0, 0x01, 0xF0,    0, 0x00, 0x00
    .byte   0x00, 0x00, 0xF1, 0x00, 0x00, 0xF1, 0x00, 0x00, 0x00, 0x00, 0x01, 0xF1, 0xF0, 0xF1, 0x00, 0x10
    .byte   0xF0, 0x00, 0x00, 0x01, 0xF1, 0xF0, 0x00, 0x00, 0x1F, 0xF1, 0x00, 0xF0, 0x1F, 0x10,    0, 0x00
    .byte   0x00, 0x01, 0xF0, 0x1F, 0x10, 0x0F, 0xF1, 0x00, 0x0F, 0x1F, 0x10, 0x00, 0x00, 0x00, 0x01, 0xF0
    .byte   0x00, 0x0F, 0x01, 0x00, 0x00, 0x00, 0x00, 0x00, 0x00, 0x0F, 0x10, 0x1F, 0x01, 0xF0, 0x00,    0
    .byte   0x00, 0x00, 0x00, 0x00, 0x0F, 0x10, 0xF1, 0x00, 0x00, 0x0F, 0x11, 0xF0, 0xF0, 0x1F, 0x10, 0x00
    .byte   0x00, 0x00, 0x0F, 0x10, 0x00, 0x00, 0xF0, 0x10, 0x01, 0xF0, 0x1F, 0x00, 0x01, 0xFF, 0x10, 0xF0
    .byte      0, 0x00, 0xF1, 0x00, 0x1F, 0x01, 0xF0, 0x01, 0xF0, 0x1F, 0x0F, 0x10, 0xF1, 0x00, 0x00, 0x00
    .byte   0x1F, 0x00, 0x00, 0x00, 0x00, 0x00, 0x00, 0xF1, 0x00, 0x00, 0x01, 0xF0, 0x00, 0x00, 0x00, 0x00
    .byte   0x0F,    0, 0x00, 0x00, 0x00, 0xF1, 0x00, 0x1F, 0x0F, 0x10, 0x0F, 0x11, 0xF0, 0x00, 0xF1, 0x00
    .byte   0xF1, 0x00, 0x1F, 0x00, 0x01, 0xF0, 0x00, 0x00, 0x1F, 0x00, 0x00, 0x00, 0x0F, 0x10, 0x01, 0xF0
    .byte   0x00, 0x00,    0, 0x00, 0x01, 0xF1, 0xF0, 0xF1, 0x00, 0x00, 0x00, 0xF0, 0x10, 0xF1, 0x0F, 0x10
    .byte   0x00, 0x00, 0x00, 0x00, 0x00, 0x00, 0x00, 0x00, 0x00, 0x00, 0xF0, 0x10, 0x00, 0x00, 0x00, 0x01
    .byte   0xF0, 0x00, 0xF1,    0, 0x00, 0x00, 0x1F, 0x0F, 0x10, 0x00, 0x10, 0xF0, 0x00, 0x00, 0xF1, 0x00
    .byte   0x1F, 0x00, 0x1F, 0x00, 0x10, 0xF0, 0x01, 0xF0, 0xF1, 0x00, 0x00, 0x00, 0x00, 0x0F, 0x10, 0x00
    .byte   0x01, 0xF1, 0xF1, 0xF0,    0, 0x00, 0x01, 0xF0, 0x0F, 0x1F, 0x10, 0x1F, 0x0F, 0x10, 0x00, 0x00
    .byte   0xF1, 0x1F, 0x1F, 0x1F, 0x0F, 0x1F, 0x11, 0xF0, 0x01, 0x00, 0xF0, 0x00, 0x10, 0xF0, 0x00, 0x00
    .byte   0x00, 0x1F, 0x0F, 0x1F, 0x11,   -1, 0x01, 0x00, 0x00, 0x01, 0xF0, 0x00, 0x1F, 0x00, 0x00, 0x00
    .byte   0x00, 0x00, 0x00, 0x0F, 0x1F, 0x10, 0x01, 0xF0, 0x00, 0x01, 0xF1, 0xF1, 0xF0, 0x00, 0x00, 0x00
    .byte   0x1F, 0xF1, 0xF1, 0x01, 0xF1, 0x0F,   -1, 0x01, 0x00, 0x00, 0x00, 0x01, 0x0F, 0x00, 0x01, 0xF0
    .byte   0x00, 0x1F, 0xF0, 0x10, 0x00, 0x00, 0x00, 0x01, 0x0F, 0x1F, 0x00, 0x00, 0x00, 0x00, 0x00, 0x01
    .byte   0xF0, 0x0F, 0x01, 0x00, 0x00, 0x00, 0x00,    0, 0x00, 0x00, 0x00, 0x00, 0x00, 0x00, 0x00, 0x00
    .byte   0x00, 0x1F, 0x00, 0x01, 0xF0, 0x00, 0x00, 0x00, 0x00, 0x0F, 0x01, 0x00, 0xF1, 0x00, 0x00, 0xF1
    .byte   0x00, 0x00, 0x00, 0x00, 0x00, 0x00, 0x1F, 0x0F,    0, 0x01, 0xF0, 0x00, 0x0F, 0x1F, 0x10, 0x01
    .byte   0xF0, 0x01, 0xF0, 0x1F, 0x00, 0x00, 0x00, 0x00, 0xF1, 0x0F, 0x10, 0x01, 0xF0, 0x00, 0x1F, 0x1F
    .byte   0x01, 0xF0, 0x00, 0x0F, 0x01, 0xF1, 0x00, 0x00, 0xF1,    0, 0x0F, 0x10, 0x0F, 0x1F, 0x10, 0x00
    .byte   0x01, 0xF0, 0xF1, 0xF1, 0x00, 0x00, 0x00, 0x00, 0x00, 0x1F, 0x1F, 0x00, 0x1F, 0x00, 0x00, 0x0F
    .byte   0x10, 0x01, 0xF0, 0xF1, 0xF1, 0x01, 0xFF, 0x10, 0x00, 0x1F,    0, 0x00, 0x1F, 0xF1, 0x00, 0x1F
    .byte   0x1F, 0x00, 0x1F, 0x00, 0x00, 0x00, 0x00, 0x00, 0x10, 0xF0, 0x00, 0xF1, 0x0F, 0x10, 0x00, 0x00
    .byte   0x1F, 0x00, 0x1F, 0x00, 0x00, 0x00, 0x00, 0x00, 0xF1, 0x00, 0xF1,    0, 0x00, 0x00, 0x0F, 0x10
    .byte   0x00, 0x00, 0x00, 0xF1, 0x00, 0x01, 0xF0, 0x00, 0x1F, 0x00, 0x1F, 0x00, 0xF1, 0x00, 0x00, 0x00
    .byte   0x1F, 0x00, 0xF1, 0x1F, 0x1F, 0x0F, 0x10, 0x01, 0xF0, 0x00, 0x00, 0x00,    0, 0x00, 0x01, 0xF0
    .byte   0x00, 0x00, 0x00, 0xF1, 0x00, 0x00, 0x00, 0x00, 0x00, 0x00, 0x00, 0x0F, 0x01, 0x0F, 0x01, 0x00
    .byte   0x00, 0x00, 0x00, 0x00, 0x00, 0x00, 0xF1, 0x00, 0x1F, 0x0F, 0x10, 0x00, 0x00,    0, 0x00, 0x00
    .byte   0x00, 0xF1, 0xF1, 0x00, 0x00, 0x0F, 0x10, 0x1F, 0x00, 0x00, 0x00, 0x00, 0x00, 0x00, 0x01, 0xF0
    .byte   0xF0, 0x10, 0x00, 0x00, 0xF1, 0x00, 0x00, 0x00, 0x00, 0x00, 0x00, 0x01, 0xF0, 0x0F,    0, 0x00
    .byte   0x1F, 0x00, 0x0F, 0x11, 0x0F, 0x00, 0x00, 0x00, 0x00, 0x1F, 0xF1, 0x00, 0x0F, 0x10, 0x01, 0xF0
    .byte   0x00, 0x00, 0x0F, 0x10, 0xF1, 0x00, 0x00, 0x01, 0xFF, 0x01, 0x00, 0xF1, 0xF1, 0x00, 0x00,   -1
    .byte   0x01, 0x00, 0x0F, 0x10, 0x0F, 0x10, 0x0F, 0x11, 0xF0, 0x00, 0xF1, 0x00, 0x00, 0x01, 0xF0, 0x00
    .byte   0x00, 0xF1, 0x00, 0x1F, 0xF1, 0x00, 0x0F, 0x01, 0x00, 0x00, 0x0F, 0x01, 0x00, 0x0F, 0x1F, 0x1F
    .byte      1, 0x0F, 0x00, 0x00, 0x00, 0x1F, 0x00, 0x1F, 0x00, 0x00, 0x01, 0xF0, 0x10, 0xF0, 0x00, 0x1F
    .byte   0x01, 0xF0, 0x00, 0x00, 0x00, 0x00, 0x00, 0x1F, 0x01, 0xF1, 0xF0, 0xF1, 0x01, 0xF0, 0x1F, 0x1F
    .byte   0x00,    0, 0x01, 0xF0, 0x01, 0xF0, 0x00, 0x0F, 0x10, 0x00, 0x00, 0x00, 0x1F, 0x00, 0x1F, 0x00
    .byte   0xF0, 0x10, 0x1F, 0x00, 0x00, 0x00, 0x00, 0x00, 0x00, 0x00, 0x01, 0xF0, 0x0F, 0x10, 0xF1, 0x0F
    .byte   0x10, 0xF0,    0, 0x00, 0x00, 0x00, 0xF1, 0x00, 0x00, 0x01, 0xF0, 0x00, 0x00, 0xF0, 0x10, 0xF1
    .byte   0x01, 0xF1, 0xF0, 0x00, 0x1F, 0x0F, 0x10, 0x00, 0x00, 0x00, 0xF1, 0x00, 0x00, 0x00, 0x00, 0x1F
    .byte   0x01, 0xF0, 0x01,   -1, 0x01, 0x00, 0xF1, 0x00, 0x0F, 0x01, 0x01, 0xF0, 0x00, 0xF0, 0x11, 0xF0
    .byte   0x10, 0xFF, 0x1F, 0x01, 0x00, 0x00, 0x0F, 0x10, 0x00, 0x01, 0x0F, 0x00, 0x00, 0xF1, 0x00, 0x00
    .byte   0x00, 0x0F, 0x01, 0x1F,    0, 0x00, 0x00, 0x10, 0xF0, 0x1F, 0x00, 0x00, 0x00, 0xF1, 0x00, 0x01
    .byte   0xF0, 0x00, 0x00, 0x00, 0x1F, 0x00, 0x00, 0x00, 0xF1, 0x00, 0x00, 0x00, 0x00, 0x00, 0x00, 0x00
    .byte   0xF1, 0xF1, 0xF1, 0x00, 0x00,    0, 0x00, 0x1F, 0xF1, 0x00, 0x00, 0x01, 0x0F, 0x00, 0x00, 0x01
    .byte   0xF0, 0x00, 0x0F, 0x11, 0xF0, 0x00, 0x00, 0x00, 0x00, 0x00, 0x1F, 0x00, 0x00, 0x00, 0x00, 0x00
    .byte   0x00, 0x0F, 0x10, 0x10, 0xF0, 0x00,    0, 0x00, 0x00, 0xF1, 0x00, 0x01, 0xF0, 0x00, 0x00, 0x1F
    .byte   0x00, 0x0F, 0x10, 0x00, 0x00, 0x00, 0x00, 0x01, 0xF0, 0x00, 0x00, 0x0F, 0x1F, 0x10, 0x00, 0x1F
    .byte   0x00, 0x00, 0x00, 0x00, 0x00, 0x00, 0x00,    0, 0x0F, 0x10, 0xF1, 0x1F, 0x00, 0x00, 0x00, 0xF1
    .byte   0x00, 0x00, 0x00, 0xF1, 0x1F, 0xF1, 0x0F, 0x10, 0x00, 0xF1, 0x00, 0x00, 0x00, 0x0F, 0x10, 0x01
    .byte   0xF0, 0xF1, 0x0F, 0x10, 0x00, 0x00, 0x00, 0x00,    0, 0x00, 0x00, 0x01, 0xF0, 0x00, 0xF1, 0x1F
    .byte   0x00, 0x00, 0x01, 0x0F, 0xF0, 0x11, 0xF0, 0x00, 0x01, 0xFF, 0x10, 0x00, 0x00, 0xF1, 0x00, 0x00
    .byte   0x0F, 0x10, 0xF1, 0x0F, 0x1F, 0x10, 0xF1, 0x00, 0x01,    0, 0x00, 0x00, 0xF1, 0x01, 0xF0, 0x01
    .byte   0xFF, 0x00, 0x10, 0x00, 0x00, 0x00, 0x0F, 0x11, 0xF0, 0x10, 0x0F, 0xF1, 0x0F, 0x11, 0xF0, 0x1F
    .byte   0xF1, 0x00, 0x00, 0x00, 0xF1, 0xF1, 0xF1, 0x0F, 0x1F, 0x01,    0, 0x00, 0x1F, 0x1F, 0x00, 0x00
    .byte   0x1F, 0x00, 0x1F, 0x0F, 0x1F, 0x11, 0xF1, 0xF0, 0xF1, 0x00, 0x00, 0x0F, 0x10, 0x00, 0x00, 0x00
    .byte   0x0F, 0x10, 0xF1, 0x00, 0x00, 0x01, 0xF0, 0x10, 0xF0, 0x00, 0x00,    0, 0x00, 0x00, 0x01, 0xF0
    .byte   0x0F, 0x11, 0xF0, 0x00, 0x1F, 0x1F, 0x01, 0xF0, 0x00, 0xF1, 0xF1, 0x1F, 0x00, 0x1F, 0x00, 0x00
    .byte   0x00, 0xF0, 0x10, 0x00, 0x00, 0x0F, 0x10, 0x00, 0x00, 0x01, 0x0F, 0xF1,    1, 0x0F, 0x00, 0x00
    .byte   0x01, 0x00, 0xF0, 0x00, 0x1F, 0x00, 0x00, 0x00, 0x01, 0xF0, 0xF1, 0x0F, 0x10, 0x00, 0x1F, 0x00
    .byte   0x00, 0x00, 0x00, 0x00, 0x00, 0x00, 0x00, 0xF1, 0x01, 0xF0, 0x00, 0x1F, 0x00,    0, 0x00, 0x00
    .byte   0x00, 0x0F, 0x10, 0x00, 0x00, 0x00, 0x00, 0xF1, 0x00, 0x00, 0xF1, 0x00, 0x01, 0xF0, 0x10, 0xFF
    .byte   0x01, 0x1F, 0x00, 0x00, 0x1F, 0x00, 0x0F, 0x10, 0x01, 0xF0, 0x00, 0x00, 0x00, 0x01,    1, 0x0F
    .byte   0x1F, 0x01, 0xF0, 0x01, 0xF1, 0xF0, 0x00, 0x00, 0x0F, 0x10, 0x00, 0x00, 0x00, 0x01, 0xF0, 0x00
    .byte   0x00, 0x0F, 0x01, 0x01, 0xF1, 0x0F, 0xF0, 0x10, 0x00, 0x00, 0x00, 0x00, 0x00, 0x00, 0x00

    .end
