    .section .rodata
    .global Chapter_07_Line_0007_Compressed
    .align  2

Chapter_07_Line_0007_Compressed:

    .byte   0x1, 0x0, 0x0, 0x0
    .word   0x00D10C00  @ Mid-C ~13379.000000
    .word   0, 45044

    .byte      4, 0x01, 0xED, 0x23, 0x2E, 0xDF, 0x21, 0x21, 0xDE, 0x22, 0x3E, 0xDF, 0x22, 0x0F, 0xE0, 0xF0
    .byte   0x22, 0x0D, 0x02, 0x2F, 0xEF, 0x00, 0x20, 0xFE, 0x02, 0x1F, 0x0F, 0xF0, 0x13, 0xDE, 0x13, 0xDE
    .byte   0x33,   -5, 0x0E, 0x23, 0xED, 0x40, 0xCD, 0x52, 0xDE, 0x2E, 0xD4, 0x3C, 0x2F, 0xC4, 0x32, 0xBE
    .byte   0x31, 0x5C, 0xC1, 0x34, 0xED, 0xED, 0x35, 0xEB, 0xD4, 0x32, 0xDC, 0x24, 0xEC, 0x34, 0xCC, 0x44
    .byte   0xC2, 0x2D,   -8, 0x03, 0x32, 0xCD, 0x34, 0xB3, 0x3D, 0xE3, 0x1D, 0xD4, 0x2C, 0x31, 0x11, 0xEE
    .byte   0x33, 0xDC, 0x44, 0xCD, 0xF4, 0x3A, 0x25, 0xEC, 0xE4, 0x12, 0xB2, 0x5F, 0xEC, 0xE4, 0x4E, 0xA2
    .byte   0x6D, 0xDE, 0xEF,    7, 0x03, 0xBD, 0x26, 0xCC, 0x33, 0xC2, 0x4C, 0xD4, 0x3B, 0x43, 0xB2, 0x5C
    .byte   0xE2, 0x4B, 0x25, 0xBC, 0x53, 0xEC, 0x11, 0xD5, 0x3C, 0xB1, 0x54, 0xEB, 0xB5, 0x6C, 0xBE, 0x6E
    .byte   0xA0, 0x7E, 0x9E, 0x64,    0, 0x0D, 0x24, 0xFC, 0xE4, 0x2C, 0xF1, 0x25, 0xBB, 0x46, 0xCB, 0x43
    .byte   0xB2, 0x53, 0xBC, 0x42, 0x5C, 0xB2, 0x40, 0xC4, 0x5A, 0xA6, 0x7C, 0x84, 0x60, 0xB3, 0x11, 0x0D
    .byte   0x15, 0xEA, 0x16, 0x1C, 0xC1,   14, 0x02, 0xBF, 0x4D, 0xE2, 0x3C, 0x24, 0xDC, 0x34, 0xD0, 0xEF
    .byte   0x03, 0xCF, 0x6C, 0xA3, 0x6E, 0xC0, 0xEE, 0x4E, 0xD1, 0x3F, 0xD1, 0x4F, 0xB4, 0x2F, 0xC4, 0x4A
    .byte   0x25, 0xDD, 0x2D, 0x25, 0xDA, 0x35,   11, 0x0E, 0xDC, 0x44, 0xC1, 0xE2, 0xEE, 0x5E, 0xBE, 0x54
    .byte   0xBD, 0x3E, 0x4E, 0xC1, 0x5D, 0xA5, 0x5B, 0xC5, 0x2C, 0x31, 0xC5, 0xDC, 0x43, 0xB1, 0x5D, 0xB4
    .byte   0x4D, 0xEB, 0x56, 0xBA, 0x36, 0xCC, 0x5E,  -12, 0x04, 0xEE, 0x53, 0x83, 0x7F, 0x95, 0x4A, 0x54
    .byte   0xBC, 0x53, 0xCE, 0x31, 0xDE, 0x43, 0xCD, 0x15, 0x0C, 0xA6, 0x78, 0xB7, 0x68, 0xC7, 0xED, 0xDE
    .byte   0x35, 0xBD, 0x5E, 0x0C, 0xC6, 0x49, 0xE6, 0x3A,  -12, 0x05, 0x2A, 0x34, 0x10, 0xB5, 0xEE, 0x2C
    .byte   0x26, 0xBB, 0x46, 0xB9, 0x74, 0xBB, 0x55, 0xDA, 0x46, 0xBE, 0x1E, 0x23, 0xDE, 0x23, 0xB4, 0x5B
    .byte   0xC5, 0xD0, 0x23, 0xDC, 0x25, 0xCE, 0x2D, 0x23, 0x58,    5, 0x06, 0x8E, 0x73, 0x85, 0x5C, 0x0C
    .byte   0x26, 0xE9, 0x36, 0xEB, 0x04, 0x2D, 0xD4, 0x2D, 0xD3, 0xD3, 0x5A, 0xF5, 0xCC, 0x62, 0x93, 0x62
    .byte   0xBB, 0x61, 0xC3, 0x01, 0xFC, 0x44, 0xBD, 0x5D, 0xD4, 0xDE,    5, 0x0F, 0xC3, 0x5C, 0xB4, 0x5B
    .byte   0xE3, 0x2B, 0x54, 0x95, 0x6A, 0xA7, 0x49, 0x16, 0xCD, 0x42, 0xC3, 0x2B, 0x44, 0xDB, 0x50, 0xD2
    .byte   0x2E, 0xD4, 0xD2, 0xFE, 0x01, 0xE4, 0xDD, 0x32, 0xC3, 0x5C, 0xA5,   20, 0x0B, 0x2E, 0x22, 0x1C
    .byte   0x42, 0xDD, 0x24, 0x49, 0xD7, 0x1A, 0xE7, 0xBB, 0x56, 0xB9, 0x46, 0x3A, 0xC6, 0x4A, 0xD6, 0x58
    .byte   0xD7, 0x3A, 0xD5, 0xC4, 0x2B, 0x44, 0xBD, 0x62, 0x95, 0x4B, 0x25, 0xCC,    1, 0x02, 0xD1, 0x4C
    .byte   0xD4, 0x0D, 0x22, 0xEC, 0x45, 0xBC, 0x53, 0xBE, 0x6C, 0xB3, 0x5B, 0x30, 0x2D, 0xF3, 0xD4, 0xCB
    .byte   0x65, 0xAE, 0x23, 0x02, 0xB5, 0x3A, 0x35, 0xEA, 0x6E, 0xC3, 0x3C, 0x03, 0x2D,   -8, 0x03, 0x1F
    .byte   0x3D, 0xB6, 0x1C, 0xE4, 0xDD, 0x33, 0xDD, 0x22, 0x24, 0xA1, 0x5D, 0xE3, 0x0C, 0x4E, 0xE2, 0x1E
    .byte   0x1D, 0x35, 0xBB, 0x55, 0xA1, 0x6B, 0xB5, 0x5B, 0xB5, 0x3D, 0x11, 0xD3, 0x3A, 0x55,   -8, 0x0D
    .byte   0x53, 0xA4, 0x4C, 0xE3, 0x3C, 0x21, 0xD4, 0x2B, 0x34, 0xEB, 0x44, 0xDD, 0x01, 0x23, 0xDD, 0x23
    .byte   0xD2, 0x3C, 0x23, 0xC0, 0x6B, 0xB6, 0xFC, 0xD5, 0xFB, 0x44, 0xCC, 0x35, 0xCB, 0x54, 0xB0,   14
    .byte   0x0C, 0xD4, 0x4A, 0x35, 0xBD, 0x5D, 0xD6, 0xAC, 0x7D, 0xA3, 0x42, 0xDF, 0xC7, 0xAC, 0x45, 0xCB
    .byte   0x5C, 0x52, 0xAE, 0x7D, 0x93, 0x7C, 0xA5, 0xFF, 0x4B, 0x25, 0xBE, 0x43, 0xB2, 0x4D, 0x0C, 0x54
    .byte    -29, 0x05, 0x5E, 0xA4, 0x4B, 0x34, 0xCD, 0x51, 0xA5, 0x3B, 0x4E, 0xD4, 0x3B, 0x15, 0xBC, 0x7B
    .byte   0x2D, 0xF3, 0x3F, 0xA5, 0x44, 0x85, 0x7A, 0xA6, 0x59, 0x44, 0xC1, 0x12, 0xD3, 0xF2, 0xEC, 0x35
    .byte   0xA3,   14, 0x0B, 0x25, 0xCB, 0x62, 0xA1, 0x79, 0x44, 0xA2, 0x7C, 0x87, 0x78, 0x25, 0xDD, 0x12
    .byte   0xE6, 0x84, 0x7B, 0xA4, 0x7A, 0xA6, 0x4C, 0xC5, 0xA6, 0x58, 0x37, 0xD8, 0x74, 0xBC, 0x6B, 0x24
    .byte   0xA5, 0x3C,  -10, 0x03, 0x4B, 0x33, 0xB3, 0x52, 0xAE, 0x52, 0xC2, 0x1C, 0x6E, 0x97, 0x39, 0x36
    .byte   0xCC, 0x33, 0x2C, 0xE4, 0x3B, 0x05, 0xBF, 0x6A, 0xD6, 0xDD, 0xF1, 0x14, 0xBE, 0x6C, 0xB4, 0x5A
    .byte   0x43, 0xDC, 0x43,    2, 0x02, 0xCD, 0x6D, 0xB5, 0xFC, 0x15, 0xB3, 0x4C, 0xB5, 0x68, 0xF7, 0x38
    .byte   0x62, 0xC4, 0x58, 0x57, 0x83, 0x7B, 0xA6, 0x49, 0x52, 0xB5, 0x4A, 0xF6, 0xCC, 0x23, 0x0E, 0xFC
    .byte   0x53, 0xCD, 0x41, 0xD2,   -9, 0x05, 0xDA, 0x62, 0xB3, 0x4C, 0xF5, 0xBC, 0x51, 0xF1, 0xDC, 0x45
    .byte   0xFB, 0xA7, 0x6A, 0xA6, 0x1A, 0x65, 0x9D, 0x5B, 0x74, 0x8D, 0x72, 0xA4, 0x2D, 0x04, 0xEB, 0x5D
    .byte   0xC7, 0xF8, 0x27, 0xEB, 0x4D,  -11, 0x05, 0xCE, 0x6B, 0x97, 0x78, 0xB7, 0x2C, 0xDD, 0x34, 0x5A
    .byte   0xB6, 0xD1, 0x4C, 0xC3, 0x24, 0xEC, 0x3E, 0xC5, 0x68, 0xD6, 0x2C, 0x3D, 0xF5, 0xBC, 0x65, 0x82
    .byte   0x71, 0x94, 0x1E, 0x51, 0xAE, 0x51,    4, 0x0E, 0x2B, 0x35, 0x4A, 0xC4, 0x44, 0xBB, 0x45, 0xB4
    .byte   0x49, 0x27, 0xC0, 0x1A, 0xE7, 0x48, 0x25, 0x13, 0xDB, 0x46, 0xAC, 0x6D, 0xC3, 0x4B, 0x13, 0x24
    .byte   0xDA, 0x27, 0x19, 0xF5, 0xE4, 0x3B, 0xB3,    5, 0x05, 0xCA, 0x34, 0x4E, 0xA2, 0x6D, 0xB1, 0x5B
    .byte   0x35, 0xCC, 0xE4, 0x23, 0xCC, 0x45, 0xCC, 0x33, 0x1D, 0xD3, 0x3D, 0xC3, 0x5C, 0xC3, 0x32, 0xFC
    .byte   0xE4, 0x4B, 0xD5, 0xEC, 0x33, 0xDD, 0x33, 0xEE,   -7, 0x0E, 0x40, 0xD0, 0x2D, 0x40, 0xC2, 0x21
    .byte   0x10, 0xE0, 0x3E, 0xFE, 0xF3, 0x0D, 0xE3, 0xF0, 0x1E, 0x22, 0xD1, 0x4D, 0xD1, 0x32, 0xCF, 0x32
    .byte   0xEF, 0xD2, 0x4F, 0xC1, 0x3E, 0x12, 0xEE, 0x3D, 0x23,   -2, 0x0E, 0x32, 0xDE, 0x22, 0x0E, 0xD2
    .byte   0x31, 0xD2, 0x12, 0x2E, 0xE1, 0x11, 0x1E, 0xE2, 0x2F, 0xF0, 0xF0, 0x2F, 0xEF, 0x11, 0x00, 0xF2
    .byte   0x2E, 0xD2, 0x3D, 0xF1, 0xF2, 0x1D, 0x23, 0xDE, 0x30, 0xD2,   -2, 0x01, 0x1E, 0x03, 0xEF, 0xE2
    .byte   0x2E, 0xD2, 0x3F, 0xDF, 0x3F, 0xEF, 0x3F, 0xEF, 0xF0, 0x3D, 0xF3, 0x1D, 0x23, 0xDF, 0x21, 0x11
    .byte   0xE1, 0x3F, 0xD2, 0x3E, 0xDF, 0x12, 0xFD, 0xE2, 0x1E, 0xE2, 0xEE,  -14, 0x0F, 0x1E, 0xE2, 0xFE
    .byte   0xFF, 0x2F, 0xF0, 0x12, 0x0E, 0x32, 0x22, 0x23, 0x22, 0x33, 0x12, 0x13, 0x21, 0xE2, 0x2F, 0xDD
    .byte   0xFE, 0xDD, 0xDE, 0xDD, 0xED, 0xED, 0xED, 0xFE, 0xEF, 0xF0, 0x1E, 0x02,  -62, 0x0F, 0xFE, 0x21
    .byte   0x22, 0x43, 0x23, 0x44, 0x41, 0x34, 0x41, 0x22, 0x32, 0x20, 0xEF, 0xEE, 0xCC, 0xDF, 0xCC, 0xDE
    .byte   0xDE, 0xDE, 0x0E, 0xED, 0x02, 0x0E, 0x0E, 0x02, 0xDD, 0xFD, 0xCD, 0xE0, 0x22,  -69, 0x04, 0xD3
    .byte   0x64, 0x42, 0x05, 0x6E, 0xE4, 0x43, 0xFF, 0x11, 0xDD, 0xCD, 0xDC, 0xCC, 0xBD, 0xED, 0xC1, 0x22
    .byte   0x1E, 0xF4, 0x3E, 0xE0, 0x22, 0xDC, 0xFF, 0xCC, 0xCE, 0xFD, 0x05, 0x4C, 0x16, 0x54,   -5, 0x0E
    .byte   0x76, 0xED, 0x54, 0x30, 0xE0, 0x3E, 0xCD, 0xDD, 0xCC, 0xBB, 0xFD, 0xBD, 0x02, 0x21, 0xF2, 0x43
    .byte   0xFE, 0x13, 0x2C, 0xDE, 0xED, 0xBC, 0xDE, 0xD0, 0x45, 0xCC, 0x66, 0x41, 0xE6, 0x74, 0xC3,  101
    .byte   0x04, 0x1C, 0x14, 0x0C, 0xDD, 0xDD, 0xBB, 0xDD, 0xBB, 0xD3, 0xF0, 0x1F, 0x34, 0x32, 0x1E, 0x23
    .byte   0xEC, 0xD1, 0xDC, 0xBC, 0xFD, 0xD1, 0x54, 0xB0, 0x66, 0x4C, 0x37, 0x7E, 0xD4, 0x53, 0x0C, 0x33
    .byte    118, 0x0C, 0xCE, 0xDD, 0xBB, 0xB1, 0xCB, 0xD1, 0x23, 0x2E, 0x14, 0x5F, 0xDE, 0x24, 0xFB, 0xDE
    .byte   0x1B, 0xBC, 0xFE, 0xDE, 0x54, 0xCC, 0x66, 0x5D, 0xD7, 0x74, 0xC3, 0x54, 0x1C, 0x14, 0x2C, 0xCE
    .byte   0xED,   52, 0x0B, 0xBD, 0xDB, 0xCF, 0xF3, 0x3D, 0xE4, 0x52, 0xEE, 0x14, 0xEC, 0xD1, 0xEC, 0xBC
    .byte   0xED, 0xDD, 0x35, 0x3B, 0x06, 0x62, 0xD3, 0x77, 0x1F, 0x44, 0x41, 0xC0, 0x32, 0xDC, 0xDD, 0xEB
    .byte   0xAD, 0xFC,  -43, 0x0D, 0x22, 0x12, 0x13, 0x32, 0x33, 0xFC, 0xF2, 0x1C, 0xCE, 0xCC, 0xCD, 0xEE
    .byte   0xD3, 0x52, 0xB3, 0x65, 0x5D, 0x17, 0x70, 0xD3, 0x54, 0x1C, 0xE4, 0x2D, 0xCD, 0xEE, 0xBB, 0xB2
    .byte   0xCB, 0xD1, 0x12,  -41, 0x0F, 0x33, 0x22, 0x22, 0xFD, 0xD1, 0x1D, 0xCC, 0xCC, 0xFE, 0xDE, 0x15
    .byte   0x3C, 0xE6, 0x54, 0x0F, 0x67, 0x5D, 0xE4, 0x53, 0xCD, 0x43, 0xDC, 0xCF, 0x1C, 0xAC, 0x2D, 0xAC
    .byte   0x23, 0xED, 0xE4, 0x3E,  -28, 0x04, 0x2E, 0xCE, 0x32, 0xCB, 0xDF, 0xDC, 0xDD, 0x01, 0x34, 0x1D
    .byte   0x35, 0x55, 0xF2, 0x66, 0x42, 0xF4, 0x42, 0xDE, 0x31, 0xFC, 0xCD, 0xEC, 0xBC, 0xEC, 0xBC, 0x33
    .byte   0xEC, 0x24, 0x4D, 0xE3, 0x4E,  -25, 0x0D, 0x22, 0xDB, 0xCD, 0xED, 0xED, 0xEF, 0x44, 0x0D, 0x25
    .byte   0x65, 0x13, 0x56, 0x43, 0xF3, 0x33, 0xFE, 0xF1, 0xED, 0xDD, 0xCC, 0xBD, 0xDC, 0xBB, 0x34, 0x2C
    .byte   0xD3, 0x51, 0xEF, 0x32, 0xDC, 0xF2,  -37, 0x0C, 0xCC, 0xDD, 0xFE, 0xE0, 0x34, 0x3E, 0x14, 0x56
    .byte   0x40, 0x45, 0x54, 0x3F, 0x22, 0x22, 0xFE, 0xED, 0xEE, 0xCC, 0xBB, 0xEE, 0xCC, 0xC2, 0x31, 0xFF
    .byte   0x13, 0x21, 0xF1, 0xDD, 0xFF, 0xED, 0xCC,  -92, 0x0D, 0xEE, 0xEF, 0x24, 0x41, 0x23, 0x46, 0x53
    .byte   0x25, 0x44, 0x43, 0x21, 0xE0, 0x22, 0xED, 0xDC, 0xDD, 0xCC, 0xDC, 0xCC, 0xE1, 0x1F, 0xEF, 0x21
    .byte   0x03, 0x20, 0xDD, 0xE1, 0xED, 0xDD, 0xDC, 0xDD, -114, 0x00, 0x13, 0x44, 0x22, 0x34, 0x65, 0x43
    .byte   0x43, 0x43, 0x33, 0x1E, 0xE2, 0x0F, 0xDD, 0xCC, 0xCC, 0xDE, 0xCC, 0xCD, 0x02, 0x20, 0x20, 0x01
    .byte   0x13, 0x1E, 0xDD, 0xEE, 0xDE, 0xDD, 0xDC, 0xDE, 0x12, -103, 0x04, 0x42, 0x33, 0x45, 0x55, 0x44
    .byte   0x23, 0x33, 0x23, 0x1E, 0xEE, 0xDE, 0xEE, 0xCC, 0xBC, 0xCD, 0x0E, 0xDD, 0xEE, 0x13, 0x32, 0xE0
    .byte   0xFF, 0xEE, 0x0E, 0xDD, 0xDE, 0xDD, 0xCE, 0xDF, 0x13, 0x44,  -58, 0x03, 0x33, 0x45, 0x55, 0x43
    .byte   0x30, 0x32, 0x22, 0x2E, 0xDD, 0xDD, 0xFD, 0xDB, 0xCB, 0xDD, 0xFF, 0xEE, 0xEE, 0x02, 0x32, 0x22
    .byte   0xEE, 0xEE, 0xEE, 0xED, 0xED, 0xCD, 0xDD, 0xEF, 0x33, 0x44, 0x44,  -27, 0x03, 0x44, 0x55, 0x43
    .byte   0x31, 0x22, 0x21, 0x11, 0xDD, 0xDD, 0xCD, 0xCC, 0xDC, 0xCD, 0xE0, 0x11, 0x10, 0x11, 0x22, 0x2E
    .byte   0xEF, 0xDE, 0xEF, 0xEE, 0xED, 0xDC, 0xDD, 0xE0, 0x24, 0x44, 0x53, 0x33,    2, 0x04, 0x45, 0x43
    .byte   0x42, 0x20, 0x11, 0x1F, 0xEE, 0xDC, 0xDC, 0xCC, 0xCD, 0xDE, 0xEE, 0xEF, 0xF0, 0x12, 0x22, 0x11
    .byte   0xFE, 0xED, 0xFE, 0xEE, 0xFE, 0xED, 0xCD, 0xDE, 0xE3, 0x45, 0x44, 0x33, 0x23,   16, 0x04, 0x44
    .byte   0x44, 0x31, 0x2F, 0xFE, 0xFE, 0xED, 0xDC, 0xCC, 0xCD, 0xCE, 0xEE, 0x0F, 0x0F, 0xE0, 0x12, 0x22
    .byte   0x11, 0x0D, 0xEE, 0xDE, 0xFF, 0xEF, 0xEC, 0xDD, 0xDF, 0x14, 0x54, 0x44, 0x22, 0x23,   20, 0x04
    .byte   0x44, 0x44, 0x22, 0xEE, 0xEE, 0xE0, 0xFD, 0xDC, 0xCC, 0xCD, 0xDE, 0xE1, 0x01, 0xFF, 0x0F, 0x01
    .byte   0x00, 0x2F, 0xFF, 0xEE, 0xDE, 0xD1, 0xEE, 0xDD, 0xDE, 0xD1, 0x34, 0x44, 0x43, 0x33, 0x23,   26
    .byte   0x03, 0x44, 0x34, 0x22, 0x2E, 0xED, 0x1E, 0xDD, 0xDC, 0xDC, 0xDD, 0xDE, 0xFE, 0x01, 0x20, 0x0E
    .byte   0xF0, 0x01, 0x2F, 0x1E, 0xED, 0xDD, 0xFE, 0xFE, 0xDD, 0xED, 0xEF, 0x44, 0x54, 0x34, 0x21, 0x22
    .byte     26, 0x04, 0x34, 0x43, 0x22, 0xEE, 0xEE, 0xDE, 0xED, 0xDC, 0xDC, 0xDD, 0xD0, 0x02, 0x12, 0x10
    .byte   0x0E, 0x22, 0x11, 0x0E, 0xED, 0xCE, 0xDF, 0xE0, 0xEE, 0xED, 0xDD, 0xD1, 0x44, 0x54, 0x43, 0x32
    .byte   0x32,   33, 0x03, 0x44, 0x43, 0x2F, 0xEE, 0xDD, 0xEE, 0xDD, 0xDC, 0xDC, 0xDD, 0xE0, 0x22, 0x22
    .byte   0x0F, 0x1F, 0x11, 0x21, 0xFF, 0xED, 0xDC, 0xDE, 0xF1, 0xEE, 0xDD, 0xDD, 0xE1, 0x34, 0x55, 0x34
    .byte   0x33, 0x12,   35, 0x03, 0x44, 0x43, 0x2E, 0xED, 0xDF, 0xEE, 0xDD, 0xCC, 0xCD, 0xDE, 0xEF, 0x22
    .byte   0x22, 0x0E, 0x02, 0x22, 0x21, 0xEE, 0xDD, 0xDD, 0xED, 0xEE, 0xEE, 0xDD, 0xED, 0xE1, 0x34, 0x55
    .byte   0x44, 0x23, 0x23,   43, 0x04, 0x44, 0x32, 0x0E, 0xDE, 0xDF, 0xEE, 0xDC, 0xCC, 0xCD, 0xEE, 0x01
    .byte   0x12, 0x11, 0x01, 0x23, 0x22, 0x1E, 0xDE, 0xDD, 0xDD, 0xEE, 0xDF, 0xDD, 0xDE, 0xDF, 0xE2, 0x45
    .byte   0x54, 0x44, 0x32, 0x33,   57, 0x04, 0x44, 0x20, 0xED, 0xEE, 0xEE, 0xDD, 0xCC, 0xBD, 0xDD, 0x10
    .byte   0xFE, 0x11, 0x22, 0x23, 0x33, 0x20, 0xDE, 0xDE, 0xDD, 0xDD, 0xDD, 0xDE, 0xDE, 0xDD, 0xEF, 0x23
    .byte   0x45, 0x55, 0x43, 0x33, 0x43,   77, 0x04, 0x33, 0xFE, 0xDF, 0xFF, 0xDD, 0xCC, 0xBC, 0xCD, 0xF0
    .byte   0xEE, 0xE0, 0x23, 0x33, 0x42, 0x21, 0x0E, 0xEE, 0xED, 0xDC, 0xCC, 0xDD, 0xDD, 0xED, 0x00, 0x0F
    .byte   0x35, 0x56, 0x53, 0x34, 0x34, 0x44,  107, 0x03, 0x1E, 0xDE, 0x00, 0xFC, 0xCB, 0xCB, 0xCD, 0xE0
    .byte   0xEE, 0xEE, 0x13, 0x44, 0x43, 0x21, 0x1F, 0xEE, 0xED, 0xDC, 0xCB, 0xCD, 0xDE, 0xDF, 0xEF, 0xF0
    .byte   0x23, 0x56, 0x64, 0x44, 0x34, 0x44, 0x31,  115, 0x0F, 0xEE, 0xE2, 0xED, 0xCB, 0xBB, 0xCD, 0xDE
    .byte   0xEE, 0xDE, 0x14, 0x45, 0x43, 0x22, 0x22, 0xFE, 0xDC, 0xDC, 0xBC, 0xCD, 0xDD, 0xDE, 0xE0, 0x02
    .byte   0x11, 0x45, 0x66, 0x54, 0x44, 0x44, 0x12, 0xF0,  113, 0x0F, 0xEE, 0xFC, 0xCB, 0xBB, 0xCD, 0xED
    .byte   0xDD, 0xEF, 0x34, 0x54, 0x43, 0x13, 0x34, 0x1E, 0xCC, 0xCB, 0xCC, 0xCC, 0xCD, 0xDF, 0x01, 0x22
    .byte   0xEF, 0x24, 0x67, 0x65, 0x34, 0x43, 0x31, 0x0F, 0x0E,  108, 0x0F, 0xDD, 0xCB, 0xBB, 0xBE, 0xEC
    .byte   0xDC, 0xF2, 0x44, 0x54, 0x43, 0x24, 0x44, 0x2D, 0xCB, 0xCD, 0xCC, 0xBB, 0xCC, 0xEF, 0x12, 0x1F
    .byte   0xEF, 0x03, 0x56, 0x76, 0x44, 0x44, 0x23, 0x0E, 0xFF, 0xFE,  104, 0x0C, 0xCC, 0xBA, 0xBC, 0xEE
    .byte   0xCB, 0xD3, 0x55, 0x54, 0x43, 0x44, 0x44, 0x3D, 0xCC, 0xCC, 0xCB, 0xBB, 0xBE, 0xDE, 0xF1, 0x10
    .byte   0x0F, 0x11, 0x35, 0x67, 0x75, 0x33, 0x32, 0x20, 0xFE, 0xE1, 0xEE,   89, 0x0C, 0xBA, 0xAC, 0xCD
    .byte   0xCC, 0xC2, 0x45, 0x64, 0x44, 0x35, 0x45, 0x30, 0xDC, 0xCD, 0xDB, 0xBA, 0xAC, 0xEE, 0xEE, 0x00
    .byte   0xF1, 0x02, 0x12, 0x45, 0x77, 0x64, 0x33, 0x32, 0x11, 0xEE, 0xEE, 0xDD,   69, 0x0B, 0xAB, 0xBC
    .byte   0xCD, 0xCD, 0xF4, 0x65, 0x43, 0x44, 0x55, 0x43, 0x20, 0xDC, 0xDC, 0xBA, 0xAB, 0xBD, 0xEE, 0xEF
    .byte   0x21, 0x10, 0xE1, 0x14, 0x55, 0x77, 0x54, 0x33, 0x22, 0x10, 0xDE, 0xE0, 0xCC,   48, 0x0B, 0xAC
    .byte   0xDB, 0xBC, 0xE1, 0x45, 0x53, 0x35, 0x55, 0x44, 0x33, 0x22, 0xDC, 0xBB, 0xBB, 0xAB, 0xCC, 0xEE
    .byte   0xF2, 0x21, 0x0E, 0xE3, 0x34, 0x35, 0x77, 0x62, 0x33, 0x31, 0x11, 0xDE, 0x0E, 0xCC,   45, 0x0B
    .byte   0xAD, 0xDB, 0xBC, 0xF3, 0x34, 0x44, 0x45, 0x55, 0x44, 0x22, 0x32, 0xDC, 0xBB, 0xCA, 0xBA, 0xCD
    .byte   0xDF, 0xF1, 0x21, 0xE0, 0x22, 0x35, 0x33, 0x67, 0x74, 0xF3, 0x32, 0x2F, 0xDD, 0xDF, 0xEC,   40
    .byte   0x0A, 0xCD, 0xEC, 0xBB, 0xD4, 0x44, 0x22, 0x55, 0x64, 0x33, 0x34, 0x3F, 0xCC, 0xCC, 0xBB, 0xAB
    .byte   0xBD, 0xED, 0xF0, 0x12, 0x10, 0xE1, 0x24, 0x43, 0x46, 0x76, 0x23, 0x44, 0x11, 0x2D, 0xDD, 0x0D
    .byte     65, 0x0A, 0xBE, 0xDC, 0xBC, 0xC1, 0x24, 0x33, 0x24, 0x65, 0x42, 0x35, 0x32, 0xED, 0xCB, 0xCC
    .byte   0xBA, 0xBB, 0xED, 0xEE, 0xF0, 0x22, 0xFE, 0x13, 0x43, 0x34, 0x67, 0x60, 0x35, 0x32, 0x11, 0xEC
    .byte   0xE0,   86, 0x0B, 0xBB, 0xDD, 0xCC, 0xCD, 0xE2, 0x42, 0x13, 0x46, 0x44, 0x04, 0x44, 0x1E, 0xDC
    .byte   0xCC, 0xCB, 0xAB, 0xCC, 0xED, 0xEE, 0x22, 0x0F, 0xF2, 0x33, 0x33, 0x46, 0x76, 0xE3, 0x54, 0x22
    .byte   0x0D, 0xDE,  100, 0x0D, 0xBA, 0xCE, 0xEC, 0xCC, 0xCE, 0x34, 0x1E, 0xE4, 0x65, 0x21, 0x44, 0x42
    .byte   0x0E, 0xCC, 0xDC, 0xBB, 0xAC, 0xCD, 0xDE, 0xE0, 0x22, 0x1E, 0x02, 0x34, 0x34, 0x47, 0x63, 0x34
    .byte   0x52, 0x23, 0xED,   97, 0x0F, 0xDD, 0xBB, 0xDD, 0xCD, 0xDD, 0xCE, 0x33, 0xF1, 0x24, 0x44, 0x43
    .byte   0x43, 0x32, 0x2D, 0xCC, 0xDC, 0xBB, 0xBC, 0xCD, 0xDE, 0xE0, 0x13, 0x22, 0x12, 0x23, 0x44, 0x55
    .byte   0x53, 0x44, 0x44, 0x21,  110, 0x0D, 0xD0, 0xFD, 0xCC, 0xED, 0xDC, 0xED, 0xCD, 0x21, 0xEE, 0x23
    .byte   0x42, 0x33, 0x23, 0x23, 0x2D, 0xDD, 0xED, 0xBD, 0xCC, 0xCC, 0xDE, 0xEE, 0x21, 0x22, 0x21, 0x32
    .byte   0x34, 0x36, 0x5F, 0x44, 0x43,   80, 0x03, 0x2D, 0xF1, 0x2E, 0xDD, 0x1E, 0xDE, 0xDD, 0xCC, 0x2E
    .byte   0xDD, 0xF1, 0x21, 0x32, 0x11, 0x23, 0x2E, 0xE1, 0xED, 0xED, 0xDC, 0xCE, 0xFD, 0xD0, 0x1F, 0x22
    .byte   0x31, 0xF2, 0x22, 0xF4, 0x35, 0x22,   24, 0x01, 0x41, 0x33, 0xFE, 0x13, 0x21, 0x1E, 0x3D, 0xE3
    .byte   0xCE, 0xCD, 0xFD, 0xDD, 0xDF, 0xE1, 0x20, 0xEF, 0xF2, 0x1E, 0xF1, 0xD2, 0x2D, 0x3C, 0xE3, 0xDE
    .byte   0x3D, 0xD4, 0xDF, 0x3E, 0x2E, 0x3C, 0x4E,  -35, 0x04, 0xE4, 0xE4, 0xD4, 0xE2, 0x4D, 0x4E, 0x33
    .byte   0x04, 0xE3, 0xFD, 0x4B, 0x4C, 0xED, 0xC2, 0xDF, 0xCE, 0xEE, 0xFE, 0xE2, 0xD3, 0xD3, 0x1C, 0x5C
    .byte   0x32, 0xC5, 0xA5, 0xDD, 0x5A, 0x5B, 0x4E, 0xE2,  -31, 0x02, 0xD4, 0xB5, 0xC3, 0x12, 0x22, 0x3F
    .byte   0x30, 0x13, 0x21, 0x31, 0x23, 0xF3, 0x02, 0x2E, 0x2D, 0xFF, 0xD0, 0xDE, 0xEC, 0x4B, 0x4B, 0x31
    .byte   0xC5, 0xB4, 0xD3, 0xD1, 0x3C, 0x5B, 0x4F, 0xC5, 0xA6,  -28, 0x03, 0x2B, 0x6A, 0x40, 0xC5, 0xB4
    .byte   0xEE, 0x3D, 0x4C, 0x40, 0xD4, 0xE3, 0x11, 0x22, 0x10, 0x4D, 0x33, 0xD4, 0xEE, 0x4C, 0x20, 0xE0
    .byte   0x0D, 0x1E, 0xEF, 0x0E, 0x2E, 0xD3, 0xD3, 0xD3, 0xD2, 0xD2,    1, 0x0E, 0x2D, 0x10, 0xD3, 0xD0
    .byte   0x1D, 0x3D, 0x22, 0xC4, 0xC3, 0x2C, 0x5B, 0x5C, 0x32, 0xD4, 0xC4, 0xEF, 0x03, 0xD4, 0xD3, 0xF1
    .byte   0x10, 0x4C, 0x4E, 0x13, 0xC5, 0xC0, 0x2E, 0x2E, 0x2E, 0xE1, 0xE0,   20, 0x0C, 0x4C, 0x3E, 0xF3
    .byte   0xC4, 0xC3, 0xD0, 0x2D, 0x1F, 0xE0, 0xF1, 0xD3, 0xC3, 0xE1, 0x0E, 0x3C, 0x4C, 0x4D, 0x22, 0xD4
    .byte   0xC4, 0xD3, 0xD2, 0x3C, 0x5B, 0x4F, 0xE3, 0xD4, 0xD2, 0x20, 0x20, 0x10,   11, 0x02, 0xF2, 0x1E
    .byte   0x20, 0xD4, 0xC4, 0xC2, 0x2D, 0x4B, 0x5B, 0x4D, 0x02, 0xD1, 0xFF, 0xF2, 0xD3, 0xC3, 0xE0, 0x3B
    .byte   0x5B, 0x4E, 0xE3, 0xC4, 0xC4, 0xD0, 0x3C, 0x4D, 0x13, 0xD3, 0xFD, 0x4C, 0x4D,   -6, 0x02, 0xD4
    .byte   0xC4, 0xED, 0x5A, 0x6C, 0x14, 0xB5, 0xC4, 0xD2, 0x2E, 0x2E, 0xF2, 0xE1, 0xE1, 0x2D, 0x3D, 0x3D
    .byte   0x12, 0xD2, 0x2D, 0x3F, 0xD3, 0xC3, 0xE0, 0x1D, 0x4B, 0x40, 0xC5, 0xA6, 0xB3, 0x2C,    0, 0x0B
    .byte   0x5C, 0x13, 0xC4, 0xEE, 0x2F, 0x20, 0x2E, 0xF1, 0x00, 0x3C, 0x5B, 0x43, 0xB6, 0xA6, 0xB3, 0x2F
    .byte   0x3D, 0x3C, 0x4D, 0x3E, 0xF2, 0xE2, 0xE0, 0xF2, 0xE1, 0xD3, 0xC4, 0xDF, 0x3C, 0x4C, 0x3D,    0
    .byte   0x01, 0xD2, 0xEE, 0x3D, 0x3E, 0xE3, 0xC4, 0xDF, 0xFE, 0xF1, 0x2D, 0x4D, 0x22, 0xC5, 0xC3, 0xEE
    .byte   0x3D, 0x31, 0x13, 0xD2, 0x2D, 0x4C, 0x4D, 0x03, 0xD4, 0xD3, 0xD3, 0xC4, 0xD2, 0x1E, 0x2D, 0x22
    .byte      9, 0x02, 0xDF, 0x3C, 0x5B, 0x32, 0xB6, 0xA5, 0xCF, 0x3B, 0x6A, 0x6B, 0xD5, 0xA6, 0xB3, 0x3D
    .byte   0x2D, 0x21, 0x03, 0xD2, 0xD3, 0xF0, 0x3C, 0x4C, 0x31, 0x22, 0xD3, 0xD3, 0x2E, 0x3E, 0x21, 0xD4
    .byte   0xD3,   15, 0x00, 0xE2, 0xE1, 0x2D, 0x4B, 0x5C, 0x31, 0xC5, 0xB5, 0xB2, 0x2C, 0x5B, 0x4D, 0xD3
    .byte   0x01, 0x1C, 0x3C, 0x14, 0xC5, 0xB3, 0x1C, 0x5C, 0x13, 0xB5, 0xC4, 0xEE, 0x5A, 0x6A, 0x43, 0xB6
    .byte   0xB3, 0x2E,    8, 0x0F, 0x2F, 0xE3, 0xD3, 0xFE, 0x3D, 0x23, 0xD3, 0xEE, 0xFE, 0x3F, 0x2D, 0xFE
    .byte   0xE2, 0x2E, 0x1E, 0xD3, 0xD2, 0x2E, 0xFE, 0xE3, 0xD2, 0xFE, 0xED, 0x22, 0xE2, 0xEE, 0x2E, 0x3E
    .byte   0x3C, 0x13, 0xC5,  -23, 0x02, 0x3D, 0x4E, 0x22, 0xE3, 0xE4, 0xEF, 0x3D, 0x3F, 0x23, 0x0E, 0xF0
    .byte   0xE2, 0xEE, 0x2D, 0x0D, 0x2D, 0x3E, 0x12, 0xC3, 0xD3, 0xF0, 0xE1, 0xDE, 0x20, 0x0E, 0xDF, 0xFD
    .byte   0x3F, 0xF1, 0xD2, 0xE1,  -31, 0x02, 0xF0, 0x1D, 0x3E, 0x33, 0x4E, 0x21, 0xF4, 0xF3, 0x3F, 0xE1
    .byte   0xE3, 0x30, 0x02, 0xCE, 0xEE, 0x1D, 0xFE, 0xED, 0xF2, 0x12, 0x01, 0x1E, 0x12, 0x30, 0xEE, 0xDF
    .byte   0xD0, 0x2E, 0xCD, 0xEE, 0xFF,  -43, 0x0E, 0xDE, 0x12, 0x12, 0x2F, 0x2E, 0x55, 0x24, 0x03, 0x33
    .byte   0x33, 0x2C, 0x1F, 0xE3, 0xD0, 0xEC, 0xCD, 0xED, 0x1D, 0xFF, 0xDF, 0x33, 0x34, 0x13, 0x0F, 0x32
    .byte   0x2D, 0xDC, 0xDD, 0xCE, 0xDD, 0xCD,  -77, 0x0E, 0xF0, 0xF1, 0xEE, 0x22, 0x33, 0x56, 0x54, 0x42
    .byte   0x33, 0x34, 0x3D, 0xBE, 0xCE, 0xEE, 0xFC, 0xBB, 0xEE, 0x21, 0x23, 0xDE, 0x25, 0x44, 0x44, 0x2C
    .byte   0xF2, 0xFE, 0xCD, 0xBB, 0xBC, 0x1D, 0xDD,  -98, 0x0D, 0xF2, 0x31, 0xE2, 0x22, 0x43, 0x67, 0x55
    .byte   0x51, 0x11, 0x14, 0xEC, 0xBB, 0xBC, 0xEF, 0x2C, 0xCC, 0xC3, 0x25, 0x43, 0x11, 0x44, 0x45, 0x4E
    .byte   0xDB, 0xDD, 0xDD, 0xDC, 0xAB, 0xCD, 0xF1, 0xFE, -102, 0x0D, 0x03, 0x22, 0x32, 0x24, 0x45, 0x76
    .byte   0x45, 0x1F, 0xFD, 0x4F, 0xBB, 0xBB, 0xCD, 0xF3, 0xCC, 0xDD, 0x33, 0x55, 0x33, 0x23, 0x43, 0x34
    .byte   0x0C, 0xCC, 0xCC, 0xDD, 0xDB, 0xBC, 0xDF, 0x22, 0x0D, -100, 0x00, 0x22, 0x23, 0x21, 0x34, 0x57
    .byte   0x65, 0x51, 0xE1, 0xC2, 0x2C, 0xBB, 0xBB, 0xDD, 0x22, 0xCF, 0xD2, 0x43, 0x65, 0x42, 0x31, 0x22
    .byte   0x31, 0xDC, 0xBB, 0xCC, 0xDE, 0xCD, 0xCD, 0x0E, 0x32, 0x2F,  -76, 0x00, 0xE0, 0x1E, 0x22, 0x44
    .byte   0x67, 0x55, 0x5E, 0xFD, 0xD2, 0xDC, 0xBA, 0xCC, 0xCD, 0x4D, 0xEE, 0xE4, 0x35, 0x65, 0x41, 0x20
    .byte   0xEF, 0x11, 0xCB, 0xCB, 0xBC, 0xE1, 0xED, 0xDF, 0xDE, 0x33, 0x3F,  -63, 0x0E, 0xED, 0xDF, 0x31
    .byte   0x35, 0x67, 0x65, 0x40, 0xEC, 0xE2, 0xDB, 0xBB, 0xBB, 0xC2, 0x3F, 0xF0, 0x23, 0x36, 0x65, 0x42
    .byte   0x0D, 0xDD, 0xEF, 0xCB, 0xCB, 0xBC, 0x13, 0x0F, 0xED, 0xEF, 0x13, 0x41,  -43, 0x0F, 0xCC, 0xCD
    .byte   0xF3, 0x25, 0x67, 0x75, 0x52, 0xFC, 0xDE, 0xEB, 0xBB, 0xBB, 0xBE, 0x31, 0x32, 0x33, 0x26, 0x65
    .byte   0x44, 0x0D, 0xBC, 0xCE, 0xCD, 0xDC, 0xBC, 0xDE, 0xF3, 0x33, 0xFF, 0x0E, 0xE2,  -45, 0x01, 0xDC
    .byte   0xBD, 0xC0, 0x45, 0x67, 0x76, 0x52, 0x1E, 0xCD, 0xEE, 0xAB, 0xBB, 0xAC, 0x23, 0x34, 0x34, 0x34
    .byte   0x65, 0x54, 0x2F, 0xCB, 0xBB, 0xCC, 0xFE, 0xCC, 0xDD, 0xE2, 0x34, 0x4E, 0x1E, 0xDE,  -43, 0x00
    .byte   0xFE, 0xBC, 0xCC, 0xF4, 0x57, 0x77, 0x64, 0x3F, 0xDC, 0xDD, 0xDB, 0xBB, 0xAA, 0xC3, 0x24, 0x45
    .byte   0x53, 0x45, 0x54, 0x42, 0xEC, 0xBB, 0xAB, 0xC1, 0x2E, 0xDD, 0xDF, 0x13, 0x34, 0x22, 0xEC,  -38
    .byte   0x0E, 0xDD, 0xFC, 0xCB, 0xE1, 0x45, 0x77, 0x76, 0x42, 0x2C, 0xDC, 0xDC, 0xBB, 0xBB, 0xAD, 0x12
    .byte   0x45, 0x55, 0x45, 0x45, 0x31, 0x3E, 0xCB, 0xBA, 0xBB, 0xE2, 0x22, 0xFE, 0xEE, 0x23, 0x33, 0x3F
    .byte    -19, 0x0D, 0xCD, 0xDD, 0xCD, 0xCD, 0x23, 0x56, 0x77, 0x74, 0x3F, 0xEC, 0xCC, 0xCB, 0xCB, 0xBA
    .byte   0xDF, 0xE4, 0x55, 0x65, 0x45, 0x31, 0x22, 0x1C, 0xCC, 0xAB, 0xAD, 0x12, 0x33, 0x2F, 0xEF, 0xF0
    .byte   0x23,  -11, 0x01, 0xED, 0xDB, 0xCC, 0xCD, 0xEF, 0x34, 0x47, 0x77, 0x64, 0x21, 0xDC, 0xBB, 0xBC
    .byte   0xDC, 0xBB, 0xED, 0x04, 0x56, 0x55, 0x62, 0x20, 0x2E, 0xDE, 0xCB, 0xBB, 0xBD, 0xD2, 0x32, 0x12
    .byte   0x11, 0xE2,  -21, 0x02, 0x21, 0x0E, 0xBC, 0xCC, 0xCC, 0x03, 0x15, 0x57, 0x77, 0x54, 0xFF, 0xCC
    .byte   0xBB, 0xBC, 0xDC, 0xBD, 0xDC, 0x34, 0x56, 0x56, 0x43, 0x21, 0x1D, 0xDF, 0xCB, 0xBB, 0xCC, 0xD0
    .byte   0x30, 0x32, 0x20,  -30, 0x01, 0x32, 0x21, 0x0E, 0xCC, 0xBC, 0xCC, 0xE3, 0x45, 0x57, 0x76, 0x54
    .byte   0x1E, 0xCC, 0xBB, 0xBC, 0xEB, 0xCD, 0xDD, 0x23, 0x55, 0x66, 0x52, 0x11, 0xFD, 0xDD, 0xDC, 0xBC
    .byte   0xCB, 0xDD, 0x20, 0x33,  -32, 0x00, 0x22, 0x12, 0x22, 0x2D, 0xDC, 0xBB, 0xCD, 0xD2, 0x45, 0x57
    .byte   0x76, 0x63, 0x1E, 0xDC, 0xBB, 0xBD, 0xDC, 0xCD, 0xCD, 0xF3, 0x45, 0x56, 0x53, 0x31, 0xFD, 0xED
    .byte   0xDD, 0xCB, 0xCC, 0xBE, 0xEE,  -54, 0x03, 0x23, 0x22, 0x02, 0x20, 0x2E, 0xDD, 0xCB, 0xBD, 0xDE
    .byte   0x34, 0x56, 0x77, 0x64, 0x31, 0xEC, 0xCA, 0xCC, 0xDD, 0xBE, 0xDC, 0xD1, 0x34, 0x55, 0x55, 0x43
    .byte   0x1D, 0xED, 0xDD, 0xDD, 0xCB, 0xCC,  -51, 0x0D, 0x02, 0x32, 0x42, 0x21, 0x20, 0xF0, 0xED, 0xCD
    .byte   0xBC, 0xCD, 0x12, 0x35, 0x67, 0x76, 0x53, 0x0E, 0xCC, 0xBB, 0xCD, 0xDD, 0xDC, 0xDD, 0xEF, 0x35
    .byte   0x55, 0x54, 0x40, 0xEE, 0xDD, 0xDD, 0xDD,    3, 0x0C, 0xCB, 0xDE, 0xF2, 0x43, 0x43, 0x31, 0xFE
    .byte   0xDE, 0xDD, 0xDD, 0xBD, 0xCD, 0xF2, 0x36, 0x76, 0x76, 0x43, 0xFD, 0xCB, 0xBB, 0xEE, 0xCF, 0xDC
    .byte   0xCE, 0xD2, 0x35, 0x55, 0x54, 0x31, 0xED, 0xEC,   47, 0x0E, 0xDD, 0xDB, 0xCB, 0xDD, 0xE2, 0x44
    .byte   0x43, 0x30, 0xFD, 0xDD, 0xDD, 0xED, 0xCC, 0xCD, 0x03, 0x46, 0x76, 0x76, 0x32, 0xFC, 0xCB, 0xBC
    .byte   0xDE, 0xD0, 0xDC, 0xDC, 0xD0, 0x35, 0x55, 0x54, 0x32,   81, 0x0D, 0xDC, 0xEE, 0xDE, 0xDC, 0xBC
    .byte   0xCC, 0xD3, 0x44, 0x53, 0x31, 0xED, 0xDC, 0xDE, 0xDE, 0xDC, 0xCD, 0xE1, 0x46, 0x67, 0x76, 0x33
    .byte   0xED, 0xCB, 0xBB, 0xFE, 0xE1, 0xDC, 0xDC, 0xCE, 0x14, 0x55,   39, 0x05, 0x42, 0x1D, 0xDD, 0xDD
    .byte   0xEE, 0xDC, 0xCB, 0xCC, 0xC2, 0x34, 0x54, 0x32, 0x2D, 0xDC, 0xDD, 0xDD, 0xED, 0xDD, 0xD1, 0x04
    .byte   0x75, 0x77, 0x54, 0xFE, 0xCC, 0xBB, 0xCF, 0x02, 0xED, 0xDC, 0xBC,  -61, 0x02, 0x35, 0x56, 0x45
    .byte   0x2F, 0xED, 0xCD, 0xDE, 0x0D, 0xDD, 0xBB, 0xCC, 0xE3, 0x44, 0x54, 0x21, 0xEC, 0xCC, 0xDD, 0xEF
    .byte   0xDE, 0xED, 0xE0, 0x56, 0x67, 0x65, 0x42, 0xEC, 0xCB, 0xBC, 0xE2, 0x2E,   20, 0x0D, 0xBC, 0xBD
    .byte   0xF3, 0x55, 0x65, 0x43, 0x2E, 0xCD, 0xCE, 0xEE, 0xED, 0xCC, 0xBC, 0xCE, 0x24, 0x45, 0x43, 0x1D
    .byte   0xCD, 0xCD, 0xDE, 0xFF, 0xDE, 0xDE, 0xF4, 0x65, 0x76, 0x55, 0x2F, 0xCC, 0xBB,   26, 0x0D, 0x22
    .byte   0x11, 0xDC, 0xBC, 0xCE, 0x24, 0x55, 0x64, 0x4F, 0xED, 0xCC, 0xEF, 0xFF, 0xED, 0xCB, 0xCC, 0xC1
    .byte   0x34, 0x54, 0x31, 0xED, 0xCC, 0xDD, 0xE1, 0x1E, 0xFD, 0xEF, 0x25, 0x56, 0x75, 0x54,  121, 0x0D
    .byte   0xCB, 0xBC, 0xDE, 0x32, 0x0F, 0xCC, 0xBC, 0xCF, 0x35, 0x55, 0x54, 0x3F, 0xDD, 0xCD, 0xE1, 0x0F
    .byte   0xFC, 0xCC, 0xBC, 0xE1, 0x34, 0x44, 0x31, 0xDD, 0xCC, 0xED, 0xE1, 0x2E, 0xFE, 0xE1, 0x35,  -17
    .byte   0x06, 0x66, 0x44, 0xED, 0xBC, 0xBC, 0xD1, 0x31, 0x1E, 0xCC, 0xBD, 0xC2, 0x34, 0x55, 0x53, 0x31
    .byte   0xDD, 0xDD, 0xEE, 0x10, 0xED, 0xCC, 0xCC, 0xDF, 0x24, 0x34, 0x21, 0xFD, 0xCD, 0xCF, 0xEF, 0x1E
    .byte    -71, 0x0E, 0xE0, 0x45, 0x56, 0x65, 0x53, 0xFC, 0xCC, 0xBD, 0xD1, 0x21, 0x1E, 0xCC, 0xBC, 0xDE
    .byte   0x34, 0x55, 0x54, 0x31, 0xDD, 0xDD, 0xEF, 0xFF, 0xED, 0xCC, 0xCB, 0xE0, 0x23, 0x44, 0x31, 0xED
    .byte   0xCD,  -55, 0x0E, 0xEF, 0x1F, 0xEE, 0x0E, 0x35, 0x46, 0x66, 0x44, 0xFD, 0xCB, 0xCD, 0xD2, 0x21
    .byte   0x1E, 0xCC, 0xBC, 0xCE, 0x34, 0x45, 0x54, 0x32, 0xED, 0xDD, 0xE1, 0x11, 0x0D, 0xCD, 0xBC, 0xCF
    .byte   0x13, 0x43,  -15, 0x01, 0x1E, 0xCD, 0xDD, 0x1E, 0x2F, 0xEF, 0xEF, 0xF5, 0x45, 0x65, 0x63, 0x20
    .byte   0xCC, 0xCC, 0xDE, 0x31, 0x2E, 0xDC, 0xBC, 0xBE, 0x03, 0x45, 0x54, 0x42, 0xFE, 0xDD, 0xF0, 0x12
    .byte   0x0E, 0xDC, 0xBC,  -52, 0x0D, 0xE3, 0x34, 0x33, 0x1E, 0xDD, 0xDD, 0xE0, 0x11, 0x1E, 0xEE, 0xE3
    .byte   0x44, 0x56, 0x55, 0x42, 0xEC, 0xCC, 0xC0, 0x12, 0x22, 0xEC, 0xCB, 0xBC, 0xEF, 0x44, 0x54, 0x44
    .byte   0x11, 0xED, 0xE0, 0x12,   39, 0x00, 0xDD, 0xCB, 0xCC, 0xD1, 0x23, 0x34, 0x11, 0xED, 0xDD, 0xEF
    .byte   0x12, 0x10, 0xEE, 0xEE, 0x24, 0x46, 0x56, 0x53, 0x2D, 0xCC, 0xCC, 0xE3, 0x22, 0x3F, 0xCC, 0xBB
    .byte   0xCD, 0xF3, 0x45, 0x45, 0x31,   44, 0x0D, 0xEE, 0xF2, 0x23, 0xFE, 0xDC, 0xBB, 0xCD, 0xE2, 0x34
    .byte   0x42, 0x2E, 0xDD, 0xDD, 0xE1, 0x22, 0x2F, 0xDE, 0xDF, 0x43, 0x56, 0x56, 0x42, 0xFD, 0xCC, 0xCD
    .byte   0x03, 0x23, 0x1D, 0xDB, 0xBB, 0xCE,  -54, 0x04, 0x45, 0x44, 0x3F, 0xEE, 0xD1, 0xF3, 0x22, 0x0D
    .byte   0xCC, 0xBB, 0xDD, 0x13, 0x34, 0x33, 0xFE, 0xDC, 0xED, 0x02, 0x22, 0xFE, 0xED, 0xD3, 0x43, 0x65
    .byte   0x65, 0x32, 0xEC, 0xCC, 0xDE, 0x23, 0x23,   55, 0x0D, 0xCB, 0xBB, 0xDF, 0x24, 0x45, 0x43, 0x20
    .byte   0xEE, 0xE2, 0x22, 0x31, 0xED, 0xCB, 0xBC, 0xDE, 0x23, 0x34, 0x22, 0xFD, 0xDD, 0xDF, 0x22, 0x21
    .byte   0xFE, 0xDD, 0xE4, 0x35, 0x65, 0x55, 0x2F, 0xDC,   53, 0x0D, 0xDF, 0x33, 0x31, 0xDD, 0xBB, 0xBC
    .byte   0xDF, 0x34, 0x45, 0x33, 0x2E, 0xEF, 0x02, 0x33, 0x22, 0xDD, 0xBC, 0xBC, 0xCF, 0x23, 0x43, 0x30
    .byte   0xED, 0xDD, 0xE1, 0x22, 0x20, 0x0D, 0xDE, 0xF3, 0x45,   19, 0x05, 0x63, 0x3D, 0xDC, 0xCD, 0xEF
    .byte   0x33, 0x30, 0xEC, 0xBB, 0xBC, 0xC2, 0x34, 0x54, 0x43, 0x2E, 0xEE, 0x22, 0x33, 0x30, 0xDD, 0xBB
    .byte   0xCB, 0xDE, 0x23, 0x43, 0x31, 0xED, 0xDD, 0xD1, 0x22, 0x32,  -38, 0x0E, 0xDD, 0x23, 0x35, 0x65
    .byte   0x54, 0x11, 0xCC, 0xCD, 0xF2, 0x33, 0x31, 0xDC, 0xBB, 0xBC, 0xD1, 0x34, 0x45, 0x42, 0x2E, 0xFE
    .byte   0x12, 0x33, 0x3F, 0xEC, 0xCB, 0xBC, 0xC1, 0x23, 0x43, 0x22, 0xED,  -42, 0x0D, 0xEF, 0x23, 0x22
    .byte   0x0D, 0xED, 0x03, 0x35, 0x65, 0x54, 0x2F, 0xDC, 0xCD, 0xD2, 0x32, 0x32, 0xDD, 0xBB, 0xBC, 0xDE
    .byte   0x34, 0x45, 0x33, 0x20, 0xEF, 0xF2, 0x33, 0x20, 0xFC, 0xCB, 0xCB, 0xDE,  -60, 0x03, 0x34, 0x22
    .byte   0xFD, 0xDD, 0xEF, 0x12, 0x31, 0x1E, 0xDD, 0xE3, 0x34, 0x65, 0x55, 0x21, 0xDC, 0xCD, 0xD2, 0x33
    .byte   0x32, 0xEE, 0xBB, 0xBB, 0xCE, 0x33, 0x45, 0x43, 0x20, 0xEE, 0x12, 0x32, 0x32,   47, 0x0E, 0xCB
    .byte   0xCB, 0xCD, 0x22, 0x34, 0x32, 0x1D, 0xDD, 0xDF, 0x12, 0x23, 0x0F, 0xED, 0xD3, 0x33, 0x65, 0x55
    .byte   0x22, 0xEC, 0xCD, 0xDF, 0x33, 0x33, 0xFD, 0xCB, 0xBB, 0xCD, 0x13, 0x44, 0x52, 0x32,   22, 0x00
    .byte   0xF1, 0x33, 0x23, 0xFD, 0xCD, 0xBC, 0xCC, 0xE2, 0x23, 0x32, 0x10, 0xDE, 0xDF, 0xF2, 0x22, 0x2F
    .byte   0xEE, 0xDE, 0x33, 0x46, 0x45, 0x50, 0x2D, 0xCD, 0xDF, 0x13, 0x32, 0x3E, 0xCC, 0xBB, 0xCC,  -58
    .byte   0x02, 0x34, 0x44, 0x33, 0xFE, 0x0F, 0x23, 0x32, 0x31, 0xDD, 0xCB, 0xCC, 0xDE, 0x22, 0x32, 0x20
    .byte   0xED, 0xEE, 0xF0, 0x32, 0x32, 0xEE, 0xDD, 0xD2, 0x34, 0x55, 0x55, 0x2F, 0xEC, 0xDD, 0xE1, 0x43
    .byte     66, 0x03, 0xFD, 0xCB, 0xBB, 0xCD, 0x03, 0x44, 0x42, 0x2E, 0xDF, 0x01, 0x43, 0x43, 0x1E, 0xDC
    .byte   0xCB, 0xCD, 0xE1, 0x23, 0x23, 0x1D, 0xEE, 0xD1, 0x12, 0x32, 0x22, 0x0D, 0xDD, 0xD2, 0x33, 0x45
    .byte   0x44,   47, 0x01, 0x2D, 0xD1, 0xF2, 0x33, 0x33, 0xEE, 0xCC, 0xBC, 0xCD, 0xF1, 0x33, 0x32, 0x20
    .byte   0xEE, 0x02, 0x23, 0x32, 0x2F, 0xED, 0xCD, 0xDD, 0xF0, 0x22, 0x31, 0x11, 0xFE, 0xE0, 0xF1, 0x12
    .byte   0x01, 0x0F,  -17, 0x0E, 0xED, 0xEE, 0x22, 0x23, 0x33, 0x33, 0x20, 0x21, 0x12, 0x03, 0x30, 0x21
    .byte   0xED, 0xDD, 0xDD, 0xEE, 0x11, 0x22, 0x00, 0x0E, 0xF1, 0xF0, 0x21, 0x11, 0xFF, 0xEE, 0xEE, 0xFE
    .byte   0xF0, 0x12, 0x02,   -6, 0x0F, 0xFF, 0xFF, 0x11, 0xF1, 0xFF, 0x0E, 0x0E, 0xFF, 0xEF, 0xE1, 0x12
    .byte   0x22, 0x31, 0x22, 0x21, 0x02, 0x11, 0x22, 0x22, 0x21, 0xFF, 0xEE, 0xEE, 0xFF, 0x1F, 0x11, 0x00
    .byte   0x0F, 0xEE, 0x00, 0xE0,    3, 0x0E, 0x2F, 0xE0, 0xEE, 0xFF, 0xFF, 0x00, 0x00, 0x02, 0xE0, 0x1F
    .byte   0x11, 0x11, 0xF0, 0x0E, 0x0F, 0x00, 0xF1, 0x0F, 0x00, 0x11, 0x21, 0x21, 0x21, 0x20, 0x11, 0x11
    .byte   0x21, 0x20, 0x21, 0xF0, 0xF1,   18, 0x0F, 0xFF, 0x01, 0x11, 0x01, 0x0F, 0x0E, 0xF0, 0x0E, 0xFE
    .byte   0xFF, 0xE0, 0xEF, 0xFF, 0x01, 0xFF, 0x0E, 0xF0, 0x01, 0x01, 0x01, 0x11, 0x00, 0x11, 0xFF, 0xFF
    .byte   0x01, 0x0F, 0x00, 0x10, 0x10, 0xF1,   -8, 0x00, 0x12, 0x01, 0x10, 0x21, 0x11, 0x02, 0x01, 0x20
    .byte   0x01, 0x10, 0x11, 0x10, 0xFF, 0x1F, 0xFF, 0x1F, 0xFF, 0xFF, 0x0E, 0xE1, 0x0E, 0xFF, 0xE0, 0xE0
    .byte   0x1E, 0x01, 0xF0, 0xFF, 0x00, 0x1F, 0x11,  -11, 0x02, 0xE0, 0x11, 0x11, 0x0F, 0x01, 0x00, 0x10
    .byte   0x0F, 0x1F, 0x01, 0x11, 0x00, 0x1F, 0x11, 0x01, 0x11, 0x00, 0x12, 0x00, 0xF0, 0x20, 0x20, 0x1F
    .byte   0x10, 0x02, 0xE0, 0x10, 0x11, 0xEF, 0x00, 0xF1,    8, 0x0E, 0x1F, 0x0F, 0xFE, 0xF0, 0xE0, 0x01
    .byte   0x0E, 0xF0, 0xF1, 0xFF, 0x1F, 0xF2, 0xF1, 0x10, 0x00, 0x1F, 0x2F, 0xE1, 0x21, 0x11, 0x0F, 0x1E
    .byte   0x11, 0x02, 0xF0, 0x0F, 0x2F, 0x1E, 0x20, 0xE2, 0x1F,    2, 0x00, 0x2E, 0x2F, 0x01, 0x01, 0x2F
    .byte   0x00, 0x1F, 0x10, 0x00, 0xF0, 0x11, 0xFF, 0xF0, 0xEF, 0x01, 0x10, 0x0E, 0xEF, 0xF1, 0x00, 0xFE
    .byte   0x0F, 0x00, 0xF0, 0xF1, 0xF0, 0x10, 0xF2, 0x0E, 0x11, 0x02,   -7, 0x01, 0x2E, 0x0F, 0x1F, 0x22
    .byte   0xE1, 0x1E, 0x20, 0xF1, 0x00, 0x20, 0x00, 0x0E, 0x20, 0xE3, 0xEE, 0x3E, 0xF0, 0x12, 0xF0, 0xFE
    .byte   0x22, 0x13, 0xDF, 0xEF, 0x1F, 0x3E, 0x03, 0xC0, 0x2E, 0xF0, 0xEE,  -10, 0x03, 0x22, 0x2C, 0x3C
    .byte   0xD4, 0xB5, 0x3D, 0xEE, 0x1D, 0x5E, 0xD2, 0xDF, 0x32, 0xC3, 0x2D, 0x31, 0xD3, 0x2E, 0x22, 0xEF
    .byte   0x2F, 0x2E, 0xEF, 0x0F, 0x23, 0xEE, 0x1E, 0x02, 0xE2, 0x2E, 0x3F, 0xFE,   11, 0x02, 0xD1, 0xD2
    .byte   0x3F, 0x0E, 0x1D, 0x13, 0x2D, 0x01, 0xE2, 0x21, 0x1E, 0xEF, 0xE3, 0xFE, 0x3D, 0xFE, 0xD2, 0xF2
    .byte   0x3D, 0x1F, 0xC5, 0xED, 0x4D, 0x20, 0xD1, 0x22, 0xDF, 0xFE, 0x23, 0xD3, 0x2C,   -4, 0x0E, 0x03
    .byte   0xFE, 0xE1, 0x01, 0x22, 0xE3, 0xDF, 0x3C, 0x23, 0x2E, 0x2D, 0xD3, 0x22, 0x02, 0xC3, 0x0D, 0x5C
    .byte   0x3D, 0x3E, 0xD5, 0xB3, 0x3B, 0x32, 0xE1, 0x3D, 0xE4, 0xB5, 0xED, 0xF1, 0x3C, 0x4D,   -6, 0x04
    .byte   0xDD, 0x5C, 0xD5, 0xB4, 0xFC, 0x32, 0x3B, 0x3D, 0xD6, 0xB4, 0x1B, 0x3D, 0x4E, 0x33, 0xB4, 0xC3
    .byte   0x3E, 0x3D, 0xFD, 0x3D, 0x3D, 0x33, 0xC3, 0xCF, 0x4E, 0x4C, 0x2D, 0xD6, 0xB5, 0xDC, 0x4C,    4
    .byte   0x0C, 0x5C, 0x30, 0xC3, 0xD3, 0xD5, 0xC2, 0x2C, 0x5C, 0xE1, 0x3F, 0x30, 0xB4, 0xB3, 0x5B, 0x6A
    .byte   0x32, 0xA7, 0xC4, 0x3B, 0xED, 0xE5, 0xE4, 0xDD, 0xFC, 0x41, 0x22, 0x2B, 0xE3, 0xC4, 0x5B, 0x5D
    .byte    -21, 0x05, 0xC2, 0x50, 0xC3, 0xA4, 0x15, 0xD1, 0x39, 0x79, 0x54, 0xD2, 0x23, 0xA5, 0xCE, 0x7A
    .byte   0x41, 0xA4, 0xF4, 0xE5, 0xBB, 0x69, 0x45, 0xB6, 0xCE, 0xC2, 0x2F, 0x5C, 0x2D, 0x0D, 0x5E, 0x14
    .byte   0xB2,   -8, 0x0E, 0x4D, 0x3E, 0xD4, 0xB5, 0xC3, 0x3C, 0x5B, 0x11, 0xD4, 0x3E, 0x0E, 0xC3, 0x21
    .byte   0x3D, 0x0C, 0x3C, 0x42, 0x24, 0xB3, 0xB4, 0x2F, 0x69, 0x5B, 0xE6, 0xB7, 0x95, 0xBE, 0x4B, 0x7B
    .byte   0x20, 0xC2,   -3, 0x01, 0x23, 0xDC, 0x5A, 0x60, 0xD4, 0xB3, 0xC4, 0x2D, 0x3B, 0x4E, 0x24, 0xC4
    .byte   0xCD, 0x31, 0x14, 0xB4, 0xC3, 0x2E, 0x4B, 0x5B, 0x31, 0xD3, 0x2E, 0xF1, 0xD2, 0x3E, 0x3F, 0xC4
    .byte   0xC4, 0xC5, 0xB3,    0, 0x0D, 0x5B, 0x5B, 0x5A, 0x5C, 0x32, 0xE3, 0xC5, 0xA6, 0xB4, 0x3B, 0x5B
    .byte   0x22, 0xF3, 0xD4, 0xB4, 0x2B, 0x6A, 0x5D, 0xD4, 0xC4, 0xD2, 0x2D, 0x3D, 0x21, 0xE0, 0xE2, 0xE3
    .byte   0xFD, 0x4C, 0x31, 0xD3,   -9, 0x04, 0xC4, 0xEE, 0x3C, 0x4D, 0x12, 0xD2, 0xE2, 0x11, 0x1E, 0x2F
    .byte   0x0E, 0x3E, 0x2D, 0x2E, 0x21, 0xF2, 0xD3, 0xD3, 0xEF, 0x2D, 0x3D, 0x3E, 0xF3, 0xC4, 0xC3, 0x1E
    .byte   0x2E, 0x02, 0xE1, 0x1E, 0x3D,    1, 0x0F, 0xFF, 0x2E, 0x2E, 0x10, 0x10, 0xF2, 0xD3, 0xE2, 0xFE
    .byte   0x11, 0x01, 0xFF, 0x1F, 0xFF, 0x2E, 0x2F, 0x2D, 0x3E, 0xF2, 0xE2, 0xE2, 0xE1, 0x1F, 0x00, 0xF1
    .byte   0xF1, 0x1E, 0x2E, 0x2F, 0xF2, 0xE1,   -3, 0x02, 0xE2, 0x0E, 0x2F, 0x00, 0x2D, 0x3E, 0xE2, 0xF1
    .byte   0x11, 0xE1, 0x2D, 0x3E, 0xE3, 0xD2, 0x1E, 0x20, 0x1F, 0x00, 0xF1, 0x0E, 0x3D, 0x22, 0xD3, 0xEF
    .byte   0x2E, 0x1F, 0x11, 0xF0, 0xF1, 0x00, 0x01,   -2, 0x01, 0x2E, 0x2E, 0x10, 0xF1, 0x00, 0x01, 0xF0
    .byte   0x1E, 0x2F, 0x10, 0xF0, 0x00, 0x1F, 0xF1, 0x10, 0x00, 0xF0, 0x1F, 0x10, 0x0F, 0x10, 0x0F, 0x10
    .byte   0x00, 0x00, 0x00, 0xF1, 0xF1, 0x0F, 0x10, 0xF1,    1, 0x0F, 0x1F, 0x10, 0xF0, 0x00, 0x10, 0x00
    .byte   0x0F, 0x1F, 0x10, 0x00, 0x00, 0x00, 0xF0, 0x1F, 0x1F, 0x01, 0x00, 0xF1, 0x00, 0xF1, 0x00, 0x00
    .byte   0x0F, 0x01, 0x00, 0x0F, 0x10, 0x00, 0x00, 0x00, 0x00,    1, 0x00, 0x00, 0x01, 0xFF, 0x10, 0x00
    .byte   0x1F, 0xF1, 0xF1, 0x00, 0xF1, 0x00, 0xF0, 0x00, 0x10, 0x0F, 0x1F, 0x1F, 0x00, 0x01, 0xF1, 0x0F
    .byte   0x00, 0x00, 0x1F, 0x00, 0x00, 0x00, 0x1F, 0x00, 0xF1, 0x00,    0, 0x00, 0x0F, 0x01, 0x01, 0xF0
    .byte   0x0F, 0x01, 0x01, 0xF0, 0x00, 0xF0, 0x1F, 0x1F, 0x10, 0x01, 0xF1, 0x0F, 0x00, 0x00, 0xF1, 0x00
    .byte   0xF1, 0x0F, 0x10, 0xF1, 0x00, 0xF1, 0x00, 0x0F, 0x10, 0xF1, 0x00,    0, 0x0F, 0x10, 0x00, 0xF1
    .byte   0xF0, 0x10, 0x00, 0x00, 0x00, 0x00, 0x00, 0xF1, 0x00, 0xF1, 0x01, 0xF1, 0x0F, 0x1F, 0x1F, 0x00
    .byte   0x1F, 0x00, 0x00, 0x00, 0x10, 0xF1, 0xF0, 0x10, 0xF0, 0x01, 0x0F, 0x01,    0, 0x00, 0x00, 0xF1
    .byte   0x00, 0x00, 0xF0, 0x11, 0xF0, 0x00, 0x00, 0x1F, 0x1F, 0x0F, 0x10, 0x01, 0xF0, 0x00, 0x00, 0x1F
    .byte   0x01, 0xF0, 0x1F, 0x1F, 0xF1, 0x01, 0xFF, 0x10, 0x00, 0x00, 0x00, 0x00, 0x01,    0, 0x00, 0x01
    .byte   0xF0, 0x00, 0x00, 0x0F, 0x10, 0x00, 0x1F, 0x00, 0xF1, 0x0F, 0x1F, 0x10, 0x00, 0x01, 0xF0, 0x0F
    .byte   0x01, 0x00, 0x0F, 0x10, 0x1F, 0xF1, 0x00, 0x1F, 0x00, 0x1F, 0x1F, 0x00, 0xF1, 0x01,   -1, 0x00
    .byte   0x1F, 0x22, 0x04, 0xCC, 0xC5, 0x48, 0x76, 0x85, 0x78, 0x07, 0x9D, 0x7A, 0xD7, 0xDC, 0x5B, 0xA7
    .byte   0x2A, 0x5E, 0xB6, 0xED, 0xEC, 0x30, 0x34, 0xB0, 0x4B, 0x46, 0x95, 0xEB, 0x41, 0x3B, 0x5F,   -3
    .byte   0x06, 0xCE, 0x1C, 0xB4, 0x01, 0x10, 0x3C, 0x42, 0xD1, 0x4A, 0x53, 0xC3, 0x2D, 0xD6, 0xBF, 0x33
    .byte   0x96, 0x1A, 0x63, 0xA3, 0x59, 0x65, 0x97, 0x48, 0x7E, 0x97, 0xDA, 0x53, 0x1C, 0x34, 0x96, 0xEA
    .byte     18, 0x0E, 0x87, 0x49, 0x65, 0x92, 0x7A, 0xD7, 0xAB, 0x7C, 0xA7, 0x38, 0x65, 0x86, 0x59, 0x36
    .byte   0xAF, 0x7A, 0xD5, 0xDB, 0x61, 0xB3, 0x3E, 0xC6, 0xCB, 0x51, 0xA6, 0x1B, 0x34, 0xB3, 0x69, 0x34
    .byte   0xC2,   13, 0x0E, 0xB5, 0xDC, 0x6D, 0xC1, 0x2D, 0x33, 0xEC, 0x22, 0xE4, 0x0C, 0x2D, 0x24, 0xD2
    .byte   0xFC, 0x41, 0xF2, 0xEE, 0xC5, 0x1C, 0x4F, 0xB4, 0x4C, 0x31, 0xB2, 0x5C, 0x14, 0xBF, 0x4E, 0x24
    .byte   0xBD, 0x42,   -2, 0x04, 0xEB, 0x34, 0xC4, 0x2B, 0xE4, 0x1E, 0x4C, 0xD2, 0x3F, 0x13, 0xCD, 0x5E
    .byte   0xD4, 0xDB, 0x44, 0xD2, 0xFB, 0x35, 0xDD, 0x3C, 0xE4, 0x20, 0xFD, 0xD2, 0x5D, 0xD3, 0xCE, 0x41
    .byte   0xF1, 0xEC, 0x34,    2, 0x02, 0x0C, 0x04, 0xEE, 0x3D, 0xE3, 0xE0, 0x22, 0xC3, 0x3D, 0xE3, 0xEE
    .byte   0xFF, 0x23, 0xED, 0x3E, 0xE4, 0x2C, 0xFE, 0xD4, 0x3C, 0x01, 0xD1, 0x51, 0xDD, 0xD1, 0x43, 0xD0
    .byte   0xC1, 0x33, 0x22, 0xCD,   -7, 0x03, 0x21, 0xFC, 0x12, 0x32, 0xFD, 0xD2, 0x32, 0x2D, 0xDE, 0x33
    .byte   0x3E, 0xCD, 0x33, 0x2F, 0xDD, 0x03, 0x32, 0xDD, 0xE3, 0x30, 0xFD, 0xD3, 0x30, 0x2E, 0xC1, 0x32
    .byte   0x2E, 0xDF, 0x22, 0x0F, 0xEF,   -2, 0x02, 0x2E, 0xEE, 0x12, 0x21, 0xEF, 0x00, 0x20, 0x1F, 0xEF
    .byte   0xF2, 0x2F, 0xEE, 0x11, 0x12, 0x0E, 0xF1, 0x12, 0x1F, 0xEE, 0x03, 0x1E, 0xEF, 0x12, 0x1F, 0xEE
    .byte   0x12, 0x2E, 0xFF, 0xF1, 0x22, 0xEE,   -4, 0x02, 0x21, 0xEE, 0x10, 0x20, 0xFE, 0x00, 0x21, 0x0F
    .byte   0xE1, 0x12, 0x0E, 0xE1, 0x22, 0xFF, 0xFF, 0x02, 0x1E, 0xE0, 0x12, 0x2E, 0xEF, 0x12, 0x10, 0xEF
    .byte   0x01, 0x21, 0xFE, 0x01, 0x21, 0xEE, 0x11,    2, 0x0F, 0xFF, 0x01, 0x11, 0x00, 0xEF, 0x22, 0xFE
    .byte   0x00, 0x11, 0xFE, 0xFF, 0x11, 0x0F, 0xE0, 0x21, 0x1E, 0xE0, 0x12, 0x1F, 0xEE, 0x21, 0x20, 0xEF
    .byte   0x12, 0x21, 0xE0, 0x13, 0x21, 0x01, 0x22, 0x21,   26, 0x01, 0x12, 0xF1, 0xEE, 0x0F, 0x0F, 0xDE
    .byte   0x0F, 0xFE, 0xEE, 0x0E, 0xFF, 0xDF, 0xF1, 0xFE, 0xEE, 0x00, 0xEE, 0xEF, 0x12, 0xEF, 0x02, 0x23
    .byte   0x22, 0x34, 0x32, 0x33, 0x31, 0x11, 0x21, 0xFE, 0xF1,   42, 0x0D, 0xEF, 0xED, 0xDE, 0xFF, 0xEF
    .byte   0xF2, 0x12, 0x22, 0x22, 0x12, 0x20, 0xEF, 0xEF, 0xED, 0xDE, 0xEE, 0xED, 0x0E, 0xEE, 0xFE, 0xEF
    .byte   0xEF, 0x10, 0x10, 0xFF, 0x22, 0x32, 0x34, 0x43, 0x23, 0x34,   60, 0x0E, 0xE1, 0x23, 0xEE, 0xEE
    .byte   0xDE, 0xFD, 0xDC, 0xDF, 0x1E, 0xEE, 0x12, 0x22, 0x22, 0x22, 0x32, 0x22, 0xFF, 0x0F, 0xED, 0xDE
    .byte   0xFD, 0xEE, 0xEE, 0xEF, 0xFF, 0xEF, 0xFF, 0x0F, 0xE0, 0x0F, 0xFE,  -52, 0x01, 0x12, 0x13, 0x44
    .byte   0x30, 0x24, 0x44, 0xDF, 0xF3, 0x32, 0xEE, 0xED, 0xDF, 0xED, 0xCC, 0xE1, 0x0E, 0xEE, 0x11, 0x23
    .byte   0x22, 0x21, 0x33, 0x3F, 0xE1, 0x0F, 0xED, 0xEE, 0xDF, 0xEF, 0xEE, 0xE0,  -20, 0x00, 0xEF, 0xFF
    .byte   0x0F, 0x00, 0xEE, 0xE1, 0x0E, 0xEE, 0x02, 0x23, 0x43, 0x22, 0x33, 0x43, 0x12, 0x03, 0x22, 0x20
    .byte   0xDD, 0xDE, 0xFD, 0xDC, 0xDE, 0xEF, 0xEE, 0xE0, 0x12, 0x32, 0x12, 0x23, 0x32,   23, 0x01, 0x00
    .byte   0x0E, 0xEF, 0xDE, 0xEE, 0x1E, 0xEF, 0xE0, 0x1F, 0xF0, 0xFF, 0x1F, 0x10, 0xE0, 0x0E, 0xFF, 0xEF
    .byte   0xFF, 0x12, 0x32, 0x22, 0x22, 0x33, 0x22, 0x22, 0x23, 0x21, 0x1F, 0xEE, 0xEF, 0xED,   17, 0x0E
    .byte   0xDF, 0xEE, 0xEF, 0xEF, 0x01, 0x21, 0x11, 0x12, 0x21, 0x11, 0x1F, 0x10, 0x0F, 0xFF, 0xF0, 0xF1
    .byte   0x00, 0x0F, 0x01, 0x00, 0xFF, 0xFF, 0x00, 0x01, 0xFE, 0xE0, 0xF0, 0x0E, 0xFE, 0x0F, 0x01,  -20
    .byte   0x0F, 0xF1, 0x02, 0x10, 0x20, 0x02, 0x21, 0x21, 0x02, 0x02, 0x02, 0x02, 0x01, 0x11, 0x00, 0x1F
    .byte   0xF0, 0xFF, 0xFF, 0xF0, 0xE0, 0xF0, 0xEF, 0xFF, 0x0E, 0xF0, 0x0E, 0x0F, 0xFF, 0x0F, 0xF1, 0x00
    .byte    -11, 0x01, 0x11, 0x10, 0x11, 0x11, 0x11, 0x10, 0x10, 0x0F, 0x1F, 0x00, 0xF0, 0xFE, 0x10, 0xFF
    .byte   0x0F, 0xF0, 0xF0, 0x00, 0x00, 0x10, 0x11, 0x01, 0x10, 0x20, 0x11, 0x02, 0x01, 0x11, 0x11, 0x11
    .byte   0x1F,   13, 0x00, 0x0F, 0x0F, 0x0F, 0xFF, 0xF0, 0xFF, 0xFF, 0xFF, 0x0F, 0xFF, 0x00, 0xF0, 0xF0
    .byte   0x0F, 0x1F, 0x1F, 0x01, 0x00, 0x01, 0x11, 0xF1, 0xF1, 0x00, 0x10, 0x10, 0xF0, 0x00, 0x0F, 0x0F
    .byte   0x00, 0x0F,   -3, 0x00, 0xF0, 0x00, 0x00, 0x1F, 0x01, 0x00, 0x01, 0xF1, 0x01, 0x00, 0x10, 0x1F
    .byte   0x11, 0xF1, 0x10, 0x00, 0x00, 0x10, 0xF1, 0x00, 0xF0, 0xF0, 0x10, 0xF0, 0x0F, 0x00, 0x0F, 0x00
    .byte   0xF1, 0xF0, 0x10,   -1, 0x00, 0x00, 0x00, 0x0F, 0x10, 0xF1, 0x1F, 0x10, 0xF1, 0x0F, 0x10, 0x01
    .byte   0x0F, 0x1F, 0xF1, 0x00, 0x1F, 0x00, 0xF0, 0x10, 0xF0, 0x01, 0xF0, 0x00, 0x1F, 0x1F, 0x10, 0x00
    .byte   0x00, 0x01, 0xF1, 0xF1,    1, 0x00, 0x00, 0x00, 0x01, 0xF0, 0x00, 0x00, 0x00, 0xF1, 0xF0, 0x00
    .byte   0x00, 0x00, 0x0F, 0x01, 0x00, 0xF0, 0x00, 0x00, 0x0F, 0x10, 0x1F, 0x00, 0x10, 0xF0, 0x01, 0xF0
    .byte   0x10, 0x0F, 0x10, 0x01, 0xF0,    0, 0x00, 0x00, 0x0F, 0x10, 0x00, 0x00, 0x00, 0x00, 0x01, 0xF1
    .byte   0xF1, 0xF1, 0x00, 0x01, 0xF0, 0x00, 0xF1, 0xF1, 0xF1, 0x00, 0xF0, 0x0F, 0x10, 0x00, 0x0F, 0x00
    .byte   0x00, 0x01, 0xF0, 0x1F, 0xF1, 0x00,   -1, 0x00, 0x1F, 0x01, 0x0F, 0x10, 0x00, 0x1F, 0x00, 0x0F
    .byte   0x10, 0x0F, 0x01, 0x00, 0xF1, 0x00, 0xF1, 0x00, 0x00, 0x00, 0x10, 0xF1, 0x0F, 0x10, 0x00, 0xF1
    .byte   0x1F, 0x0F, 0x01, 0xF1, 0x00, 0xF1, 0x0F,    0, 0x00, 0x00, 0x0F, 0x00, 0x00, 0x00, 0x01, 0xF1
    .byte   0xF0, 0x00, 0x10, 0xF0, 0x01, 0xF1, 0x0F, 0x10, 0x00, 0x01, 0xF1, 0xF1, 0xF0, 0x1F, 0x1F, 0x1F
    .byte   0x00, 0x1F, 0x1F, 0x00, 0x01, 0x0F, 0x00, 0x00,    0, 0x00, 0x01, 0x0F, 0x01, 0xF1, 0xF1, 0xF0
    .byte   0x1F, 0x0F, 0x10, 0x10, 0xF0, 0x00, 0x0F, 0x10, 0x00, 0x00, 0x01, 0xF0, 0x01, 0xF0, 0x00, 0x00
    .byte   0x0F, 0x1F, 0x10, 0x1F, 0xF0, 0x00, 0x01, 0x00, 0x0F,    0, 0x0F, 0x01, 0x00, 0x01, 0x0F, 0x0F
    .byte   0x10, 0xFE, 0x13, 0x2F, 0x34, 0xCB, 0xBE, 0x45, 0x30, 0xEE, 0xE2, 0x31, 0xCD, 0xDD, 0x34, 0x34
    .byte   0x2D, 0xEE, 0xC3, 0xCB, 0x44, 0x56, 0xCE, 0xA9, 0xE3, 0x56,   32, 0x04, 0xDA, 0xCB, 0x16, 0x23
    .byte   0xEC, 0x34, 0x53, 0xBA, 0x9B, 0x66, 0x65, 0xFB, 0xAB, 0x35, 0x42, 0xDB, 0xC4, 0x65, 0x6C, 0x9B
    .byte   0xAC, 0x44, 0x65, 0x3B, 0xBC, 0x44, 0x41, 0xBB, 0xC4, 0x75, 0x3D,   17, 0x0B, 0xCE, 0x35, 0x2E
    .byte   0xDC, 0xF3, 0x43, 0x1D, 0xCC, 0xF4, 0x54, 0x2C, 0xCE, 0xF3, 0x21, 0xDB, 0xCD, 0x55, 0x42, 0xDC
    .byte   0xDE, 0x23, 0x32, 0xF0, 0x11, 0x2E, 0x1E, 0xD1, 0x20, 0xEF, 0x1E, 0x10,  -17, 0x0D, 0x0E, 0x03
    .byte   0x34, 0x43, 0x3E, 0xEC, 0xD2, 0x01, 0xEC, 0xEE, 0xE4, 0x2D, 0xDD, 0xF3, 0x43, 0x32, 0x20, 0xE0
    .byte   0xEF, 0x0F, 0xED, 0xE1, 0x22, 0xFE, 0xDD, 0xE2, 0x31, 0x22, 0xFF, 0x12, 0x42,   13, 0x0E, 0xDE
    .byte   0x33, 0x0E, 0xCC, 0x13, 0x32, 0x2F, 0xCD, 0x14, 0x42, 0xDD, 0xD2, 0x31, 0x3E, 0xED, 0xD4, 0x20
    .byte   0xFD, 0xF0, 0x30, 0xF0, 0xEE, 0x12, 0x31, 0xDE, 0x03, 0x2E, 0xD0, 0x21, 0x1E, 0xF0,   -3, 0x02
    .byte   0x2D, 0x1E, 0x12, 0x3E, 0xF0, 0xE0, 0x10, 0x10, 0x02, 0xFE, 0xEE, 0x02, 0x31, 0xDE, 0xF2, 0x31
    .byte   0xE1, 0xEE, 0x3F, 0x2E, 0xE1, 0xE2, 0xFF, 0x3F, 0xEE, 0x22, 0x1E, 0xDD, 0x32, 0x22, 0xEE,   -5
    .byte   0x02, 0x22, 0xFE, 0xF0, 0xF1, 0xFE, 0x01, 0x11, 0x11, 0xFF, 0xF1, 0x2E, 0x11, 0x1F, 0xF0, 0xF1
    .byte   0x20, 0xEE, 0x1F, 0x22, 0x2E, 0xCF, 0x24, 0x3D, 0xED, 0xE3, 0x22, 0x1D, 0xEE, 0x23, 0x10, 0xEE
    .byte     -9, 0x0F, 0x32, 0x21, 0xDD, 0x22, 0x22, 0xF0, 0xEE, 0x2F, 0xFF, 0xF2, 0x10, 0xFE, 0x11, 0x11
    .byte   0x1F, 0xF1, 0x10, 0xFF, 0x01, 0x2F, 0xFE, 0xE0, 0xF2, 0x2F, 0xE0, 0xFF, 0x31, 0x11, 0xED, 0xF2
    .byte   0x22,    5, 0x0E, 0x0E, 0xF2, 0x2F, 0xFE, 0xEE, 0x32, 0x2E, 0xD2, 0x02, 0xF0, 0x1F, 0x0E, 0xE2
    .byte   0x22, 0x1E, 0xEE, 0x12, 0x21, 0xFF, 0xEE, 0x20, 0x2F, 0x2F, 0xE0, 0xE0, 0x22, 0x1F, 0xEF, 0xF2
    .byte   0xF2, 0xFE,   -2, 0x0F, 0x10, 0x11, 0xF2, 0xFE, 0x2E, 0x1F, 0xF0, 0x12, 0x10, 0xEE, 0x00, 0x22
    .byte   0x2F, 0xDE, 0x21, 0x20, 0xFF, 0xE0, 0x12, 0x3D, 0x11, 0xE0, 0x10, 0x10, 0xEE, 0x11, 0x13, 0x0E
    .byte   0xFE, 0xF2, 0x2F,    0, 0x0F, 0xFF, 0x02, 0x20, 0xE0, 0xEF, 0x22, 0x1E, 0xDF, 0x22, 0x21, 0xF1
    .byte   0x1E, 0x01, 0xF0, 0xFF, 0xE1, 0x00, 0x31, 0x0D, 0x01, 0x21, 0xE0, 0x2E, 0x10, 0x12, 0xE0, 0x11
    .byte   0xEF, 0x1E, 0x21, 0x2F,   -1, 0x0F, 0xE3, 0xFF, 0x1E, 0x2E, 0x12, 0xE0, 0xF0, 0x10, 0x1E, 0x12
    .byte   0xEF, 0x22, 0x00, 0xFE, 0xEF, 0x12, 0x31, 0xED, 0x11, 0x21, 0x0E, 0xEE, 0xF2, 0x12, 0x00, 0xE1
    .byte   0x3E, 0x02, 0xFE, 0xEF, 0x11,    2, 0x00, 0x2F, 0xD0, 0x30, 0x2F, 0xDF, 0xEF, 0x32, 0x2D, 0x12
    .byte   0xE2, 0x10, 0xEE, 0xFE, 0x31, 0xE2, 0xEF, 0x11, 0x10, 0x1D, 0x13, 0xEE, 0x1E, 0x03, 0x1F, 0xF1
    .byte   0xDE, 0x3E, 0xF2, 0xFD, 0x01, 0x12,    1, 0x00, 0xE1, 0xDF, 0x3F, 0x02, 0x0E, 0xD1, 0x33, 0xFE
    .byte   0xEF, 0x20, 0x23, 0x2D, 0xE2, 0x21, 0x32, 0x0E, 0xEE, 0x23, 0x10, 0xEE, 0xEE, 0x22, 0x1E, 0xEE
    .byte   0x0E, 0x11, 0x1E, 0xEF, 0xFF, 0xFD, 0xE0,  -20, 0x0E, 0xFF, 0xFE, 0xFF, 0x01, 0xFE, 0x0E, 0xE0
    .byte   0x21, 0x11, 0x22, 0x12, 0x23, 0x0E, 0x12, 0x33, 0x23, 0x21, 0x22, 0x33, 0x11, 0x11, 0xFF, 0xF1
    .byte   0xFE, 0x10, 0x0F, 0xEE, 0xFF, 0xED, 0x0E, 0xDF,   13, 0x00, 0xED, 0xFE, 0xDF, 0xEE, 0xEE, 0xD1
    .byte   0x0E, 0xF0, 0x0F, 0xEE, 0x10, 0xEF, 0xF0, 0x11, 0x12, 0x2F, 0x02, 0x22, 0x33, 0x42, 0x33, 0x42
    .byte   0x32, 0x20, 0xFF, 0xFE, 0xEE, 0x12, 0x11, 0x0F, 0xEE,   36, 0x00, 0xEE, 0xDE, 0xEE, 0xE2, 0xF1
    .byte   0xEF, 0x0F, 0xF1, 0xFF, 0xED, 0xF0, 0xF0, 0x01, 0x0F, 0xF1, 0x01, 0xEE, 0xDE, 0xDE, 0xFE, 0xFE
    .byte   0xEE, 0xF0, 0x22, 0x11, 0x13, 0x34, 0x45, 0x43, 0x32, 0x21,   60, 0x00, 0x0F, 0xDD, 0x22, 0x22
    .byte   0xFF, 0xDD, 0xEE, 0xEE, 0xEE, 0xEE, 0xFE, 0x10, 0xEF, 0xFE, 0xEF, 0x01, 0x0F, 0xEF, 0xFE, 0x02
    .byte   0x20, 0x12, 0x12, 0x00, 0xFE, 0xDE, 0xDE, 0xEF, 0xEE, 0xFE, 0xFF,  -54, 0x00, 0xF0, 0xF1, 0x22
    .byte   0x33, 0x43, 0x43, 0x23, 0x22, 0x32, 0x21, 0x10, 0x21, 0x11, 0x1E, 0xED, 0xEE, 0xDF, 0xEE, 0xEE
    .byte   0xEF, 0xEF, 0xEF, 0x0E, 0x0F, 0xF1, 0xEF, 0xFE, 0xEF, 0xE0, 0xFF, 0xF0,  -24, 0x0F, 0xFF, 0xEE
    .byte   0xED, 0xEE, 0xEE, 0xFE, 0xFE, 0xFF, 0x22, 0x13, 0x33, 0x44, 0x43, 0x33, 0x23, 0x23, 0x3F, 0x22
    .byte   0x22, 0x21, 0xFD, 0xDD, 0xED, 0xD0, 0xED, 0xEE, 0xDE, 0xEE, 0xEF, 0xEF, 0x01,  -11, 0x01, 0x0E
    .byte   0xEE, 0xFF, 0x01, 0x02, 0x02, 0x11, 0xFE, 0xEE, 0xDF, 0xEE, 0xEE, 0xEE, 0xEE, 0xEF, 0xF0, 0x22
    .byte   0x23, 0x34, 0x44, 0x33, 0x33, 0x23, 0x32, 0x12, 0x22, 0x31, 0x11, 0xDD, 0xDD, 0xED,   41, 0x0E
    .byte   0xED, 0xEE, 0xDD, 0xFE, 0xEF, 0xF0, 0x11, 0x01, 0xEE, 0xEF, 0x0F, 0xF2, 0x02, 0x21, 0x11, 0xEE
    .byte   0xEE, 0xED, 0xEE, 0x0E, 0xEE, 0xEE, 0xFE, 0xF0, 0x12, 0x32, 0x44, 0x43, 0x43, 0x14, 0x03,   61
    .byte   0x01, 0x21, 0x32, 0x22, 0x1F, 0xDD, 0xED, 0xED, 0xEE, 0xEE, 0xDE, 0xDE, 0xEE, 0xEE, 0xFF, 0x20
    .byte   0x00, 0xEE, 0xEF, 0x00, 0x11, 0x22, 0x21, 0x11, 0xEE, 0xEE, 0xDF, 0xEE, 0xEE, 0xFE, 0xEE, 0xEF
    .byte    -72, 0x01, 0x02, 0x23, 0x44, 0x43, 0x33, 0x33, 0x23, 0x22, 0x22, 0x13, 0x22, 0x11, 0xDD, 0xED
    .byte   0xFD, 0xEE, 0xED, 0xEE, 0xDE, 0xDE, 0xEE, 0xF0, 0x21, 0x11, 0xEE, 0xEE, 0x00, 0x11, 0x22, 0x22
    .byte   0x21,   -5, 0x0E, 0xEE, 0xDE, 0xEE, 0xFE, 0xEE, 0xEE, 0xEE, 0xFE, 0xE1, 0x22, 0x33, 0x44, 0x34
    .byte   0x32, 0x33, 0x23, 0x22, 0x22, 0x32, 0x22, 0x1E, 0xDE, 0xDE, 0xED, 0xEE, 0xDE, 0xED, 0xEE, 0xEE
    .byte   0xEE, 0x01,  -10, 0x01, 0xFF, 0xEE, 0xE0, 0xF1, 0x02, 0x21, 0x21, 0x00, 0xFE, 0xEE, 0xEE, 0xEF
    .byte   0xEE, 0xEE, 0xEE, 0xEE, 0xFE, 0xF0, 0x22, 0x33, 0x44, 0x33, 0x41, 0x42, 0x32, 0x22, 0x22, 0x32
    .byte   0x22, 0x1D, 0xED,   64, 0x0D, 0xFD, 0xEE, 0xED, 0xEE, 0xDE, 0xEE, 0xEE, 0x01, 0x00, 0x0E, 0xEF
    .byte   0xEF, 0xF1, 0x11, 0x22, 0x21, 0x11, 0xFF, 0xEE, 0xEF, 0xEE, 0xEE, 0xEE, 0xEE, 0xFE, 0xFE, 0xEF
    .byte   0x11, 0x23, 0x34, 0x43,    6, 0x03, 0x33, 0x23, 0x31, 0x21, 0x32, 0x23, 0x01, 0xEE, 0xDE, 0xDE
    .byte   0xDE, 0xEE, 0xEE, 0xEE, 0xED, 0xEE, 0xEE, 0x01, 0x0F, 0xFE, 0xFE, 0x0E, 0xF1, 0x02, 0x22, 0x20
    .byte   0x1F, 0xFE, 0xEE, 0xEE, 0xFE,  -39, 0x0E, 0xEE, 0xEE, 0xEF, 0xFE, 0x01, 0x11, 0x23, 0x34, 0x34
    .byte   0x33, 0x33, 0x22, 0x32, 0x22, 0x23, 0x22, 0x21, 0xEE, 0xED, 0xDD, 0xED, 0xEE, 0xEE, 0xFE, 0xEE
    .byte   0xDE, 0xD0, 0xE0, 0x1F, 0xFF, 0xF1,  -23, 0x01, 0xF0, 0x10, 0x20, 0x20, 0x10, 0xFF, 0xE0, 0xEE
    .byte   0xFE, 0xEF, 0xEE, 0xEF, 0xEE, 0xE1, 0xF0, 0xF0, 0x21, 0x33, 0x43, 0x34, 0x23, 0x32, 0x23, 0x22
    .byte   0x23, 0x23, 0x11, 0x0E, 0xEE, 0xDD, 0xDE,   36, 0x0E, 0xEE, 0xEF, 0xEE, 0xED, 0xEE, 0xEF, 0xFF
    .byte   0xFF, 0x00, 0x01, 0x00, 0x00, 0x01, 0x00, 0x20, 0xF1, 0xF0, 0xEE, 0x0F, 0xE0, 0xEF, 0xEF, 0xEE
    .byte   0xE0, 0xEF, 0xF0, 0x00, 0x12, 0x13, 0x24, 0x23,    3, 0x03, 0x23, 0x23, 0x12, 0x22, 0x33, 0x22
    .byte   0x11, 0xFE, 0xED, 0xEE, 0xDE, 0xEE, 0xEF, 0xEE, 0xEE, 0xEE, 0xED, 0xF0, 0xEF, 0xFF, 0xF0, 0xF0
    .byte   0x01, 0x01, 0x01, 0x01, 0x00, 0x00, 0x11, 0xF0, 0x0F,  -17, 0x0F, 0xEF, 0xEF, 0xE0, 0xFE, 0x0F
    .byte   0x00, 0xFF, 0x0F, 0x10, 0x20, 0x22, 0x23, 0x32, 0x32, 0x22, 0x23, 0x22, 0x22, 0x23, 0x21, 0x20
    .byte   0xFE, 0xEF, 0xEE, 0xEE, 0xEE, 0xEE, 0xEE, 0xEE, 0xDF, 0xEE,   -9, 0x0F, 0xEE, 0xFE, 0x0F, 0xFF
    .byte   0x10, 0x01, 0x12, 0x1F, 0x12, 0x21, 0x10, 0xFF, 0x0E, 0x1F, 0x10, 0x00, 0xEE, 0x1F, 0xEE, 0xFE
    .byte   0x1F, 0xF0, 0x11, 0xF0, 0x11, 0x21, 0x12, 0x22, 0x32, 0x22, 0x21,   15, 0x02, 0x20, 0x32, 0x22
    .byte   0x20, 0x11, 0xF0, 0xE1, 0xE1, 0x0F, 0xEE, 0xEE, 0xEF, 0xF0, 0xED, 0xFE, 0xEE, 0xF1, 0xE0, 0xE0
    .byte   0xE0, 0x0E, 0x1F, 0xE1, 0x21, 0x2F, 0x0E, 0x12, 0x22, 0xFF, 0x1E, 0xF3,   -5, 0x00, 0x21, 0xED
    .byte   0xFD, 0x23, 0x2E, 0xD2, 0x01, 0x1F, 0xE0, 0x20, 0x2E, 0x1F, 0x21, 0x1F, 0x23, 0x12, 0x20, 0xFE
    .byte   0xF1, 0x32, 0x20, 0xFE, 0x02, 0xF0, 0x20, 0xE2, 0xEE, 0x11, 0xEF, 0xF0, 0x2E,    8, 0x0E, 0xE1
    .byte   0x21, 0x0E, 0x0D, 0xEF, 0x22, 0x21, 0x2D, 0xDD, 0x22, 0x01, 0x02, 0xFE, 0x03, 0xE1, 0x12, 0xE0
    .byte   0xEF, 0x32, 0x2F, 0xDD, 0x21, 0x13, 0x4E, 0xCF, 0xED, 0x13, 0xF3, 0x10, 0xEE, 0xEF,   -7, 0x03
    .byte   0x2E, 0xEE, 0x22, 0x20, 0xED, 0x23, 0x23, 0xE2, 0xDD, 0xE2, 0x23, 0x4E, 0xCD, 0x0F, 0xF2, 0x21
    .byte   0x11, 0xEE, 0xF2, 0x2D, 0xDF, 0x32, 0x2F, 0xEE, 0xD2, 0x23, 0xEF, 0xE0, 0x1E, 0xF0, 0x4F,    0
    .byte   0x02, 0x1C, 0x22, 0xF2, 0xE2, 0x1F, 0xED, 0xE3, 0x40, 0xEF, 0xDF, 0x21, 0xEF, 0x13, 0x11, 0xDE
    .byte   0x31, 0xFE, 0x32, 0x0D, 0xE2, 0x2E, 0xE1, 0x02, 0x00, 0x1E, 0x10, 0xF3, 0xED, 0x31, 0xDE, 0x02
    .byte     -4, 0x03, 0x02, 0xED, 0xD1, 0x22, 0x3E, 0x02, 0x2D, 0xEF, 0x23, 0xD1, 0x2F, 0xEE, 0x23, 0x1C
    .byte   0xE3, 0x21, 0x0F, 0x03, 0xDE, 0xFE, 0x31, 0xF2, 0x2C, 0x20, 0x30, 0xDD, 0x22, 0x32, 0xFE, 0xED
    .byte   0xD4,    4, 0x0F, 0xFE, 0x2E, 0xE2, 0xE2, 0xE3, 0x2E, 0x2F, 0xDE, 0x30, 0xDF, 0x4F, 0xEE, 0x21
    .byte   0xDE, 0x02, 0x21, 0x02, 0x1F, 0xCE, 0x32, 0x22, 0x11, 0x2D, 0xFD, 0xE2, 0x33, 0xFE, 0x10, 0xDD
    .byte   0x23, 0x02,   -2, 0x00, 0x3E, 0x1E, 0xF2, 0x10, 0xEF, 0x11, 0x31, 0xCE, 0x3F, 0x20, 0xF1, 0xD1
    .byte   0x1F, 0x32, 0xFF, 0xDD, 0xE4, 0x3F, 0xEE, 0xE3, 0x2E, 0xDF, 0x30, 0x11, 0xDE, 0x03, 0x11, 0x12
    .byte   0xDF, 0xD2, 0x21,   -4, 0x0E, 0x4E, 0xDE, 0xF2, 0x22, 0x1E, 0xEE, 0xE3, 0x22, 0xEE, 0x23, 0x1D
    .byte   0x0F, 0xFF, 0xE3, 0x2F, 0xEE, 0xE0, 0x13, 0x2E, 0xDF, 0x3F, 0x11, 0xE0, 0xE2, 0x0F, 0x2E, 0x12
    .byte   0xFD, 0xEF, 0x23, 0x21,    9, 0x0E, 0x0E, 0xD1, 0x13, 0x22, 0xED, 0xFF, 0xF0, 0x22, 0x10, 0xFF
    .byte   0x2D, 0x1F, 0xD3, 0x3F, 0xD2, 0xE0, 0x12, 0x02, 0xD0, 0x2E, 0x10, 0x32, 0xED, 0xD2, 0x33, 0xEF
    .byte   0xEE, 0xE1, 0x21, 0x1F, 0x2F,    3, 0x02, 0xEE, 0xFE, 0xF2, 0x22, 0x0E, 0xE1, 0x02, 0x2D, 0xE2
    .byte   0x32, 0xEE, 0xFF, 0x0D, 0x22, 0x13, 0x2E, 0xDE, 0xE1, 0x21, 0x21, 0x00, 0xE0, 0xE1, 0xE1, 0x1F
    .byte   0x42, 0xDE, 0xFF, 0x11, 0xF3, 0xEF,    2, 0x0F, 0xEE, 0x23, 0x0D, 0x1D, 0x14, 0x0E, 0xF0, 0xE1
    .byte   0x21, 0xE2, 0x00, 0xEE, 0x21, 0xFF, 0x0F, 0x20, 0xE2, 0x2D, 0x1F, 0x20, 0xE0, 0x22, 0xFE, 0xFF
    .byte   0xE3, 0x1E, 0x22, 0xEE, 0xF0, 0x20, 0x1F,   -1, 0x00, 0x10, 0xF0, 0xF2, 0x02, 0xFD, 0xE2, 0x3D
    .byte   0x3F, 0xEF, 0x1E, 0x23, 0xEF, 0xDF, 0x03, 0x1F, 0xEE, 0x3F, 0xF1, 0xF2, 0xDD, 0x32, 0x0F, 0x11
    .byte   0x0F, 0x10, 0xF0, 0x1E, 0xF0, 0xF3, 0x0F, 0xD3,    1, 0x0F, 0x1E, 0x2E, 0x10, 0x2E, 0x01, 0xF1
    .byte   0x10, 0x1E, 0xE3, 0x20, 0xEF, 0xF1, 0xD3, 0x0E, 0x21, 0x11, 0xEE, 0x1F, 0x02, 0x2E, 0x10, 0xF0
    .byte   0xF2, 0xE0, 0x02, 0x11, 0xEF, 0x0F, 0xE1, 0x02, 0x21,    6, 0x0D, 0x3E, 0x0E, 0x02, 0x11, 0xEE
    .byte   0xF1, 0x23, 0xFD, 0x20, 0xD2, 0x0E, 0x22, 0x0E, 0x13, 0xD0, 0xFE, 0x0F, 0x22, 0x31, 0xCF, 0x2E
    .byte   0x21, 0x12, 0xE2, 0x01, 0x1E, 0x0D, 0x01, 0x21, 0x12, 0x0E,   -1, 0x0F, 0xFF, 0x12, 0x1E, 0xE1
    .byte   0x32, 0xFE, 0xD2, 0x2F, 0xE2, 0xD1, 0x31, 0xE1, 0x1D, 0x23, 0xE1, 0x3D, 0xD1, 0xE2, 0x23, 0x2E
    .byte   0xED, 0x13, 0x1D, 0x3D, 0x20, 0x1E, 0xFF, 0x03, 0x2E, 0xD2, 0xF2,    0, 0x00, 0x1D, 0x22, 0x21
    .byte   0x10, 0xDE, 0x3E, 0x10, 0xE2, 0x3E, 0xEE, 0x01, 0x22, 0xFF, 0x0F, 0x0F, 0xDE, 0x23, 0x21, 0x0E
    .byte   0xEE, 0xF3, 0xFF, 0x3F, 0xFE, 0xED, 0xD4, 0x22, 0xEF, 0x02, 0xFE, 0x3E,   -3, 0x0E, 0x2F, 0x22
    .byte   0xD0, 0x2F, 0x22, 0xFD, 0xD0, 0x32, 0x30, 0x0E, 0x2E, 0xD2, 0xE3, 0xEF, 0xE2, 0x1E, 0xE2, 0x22
    .byte   0x3C, 0xDE, 0x24, 0x2F, 0xFF, 0x0E, 0xE2, 0x0F, 0xED, 0xE3, 0x23, 0x3F, 0xDC,  -11, 0x02, 0x4D
    .byte   0x03, 0xED, 0xE2, 0xE3, 0xF0, 0x21, 0x2E, 0xFD, 0xEE, 0x33, 0x21, 0xF0, 0xCF, 0x12, 0xE1, 0x23
    .byte   0x1E, 0x1D, 0xE1, 0x2F, 0xF3, 0x31, 0xED, 0xFD, 0xF2, 0x32, 0xF1, 0xD2, 0xF1, 0xEE,   -3, 0x0F
    .byte   0x1E, 0x22, 0xD4, 0x2F, 0x1C, 0xDF, 0x23, 0x42, 0xD1, 0xDD, 0xE1, 0x21, 0x23, 0xEE, 0x23, 0xDC
    .byte   0x02, 0xE3, 0x23, 0x00, 0xEE, 0x1C, 0xD4, 0x30, 0x20, 0x12, 0xDC, 0x21, 0x22, 0x21, 0xE3,    2
    .byte   0x0C, 0x30, 0x20, 0xF3, 0xEF, 0xF3, 0xFC, 0xE0, 0x31, 0x24, 0xEC, 0xD0, 0xE1, 0x33, 0x4F, 0xED
    .byte   0xCD, 0x13, 0x24, 0xFD, 0x3E, 0xC1, 0xEE, 0x34, 0x10, 0x2C, 0xE2, 0x1E, 0xF3, 0xEE, 0x23, 0x0F
    .byte      5, 0x0D, 0xD1, 0x33, 0xFE, 0x0E, 0x2F, 0x3F, 0xDE, 0x22, 0xE0, 0xF1, 0x20, 0xFF, 0xD0, 0x12
    .byte   0x30, 0xE0, 0x2E, 0xEE, 0xD2, 0x34, 0x1D, 0xEE, 0xF0, 0xE0, 0x20, 0x3F, 0xF0, 0x1E, 0xEE, 0x10
    .byte   0x32,    9, 0x0F, 0xDE, 0x01, 0x22, 0x00, 0xFF, 0xFE, 0xEF, 0x12, 0x31, 0xEE, 0x01, 0xFF, 0xF1
    .byte   0x32, 0xEE, 0xDF, 0x12, 0x11, 0x0F, 0x22, 0x1E, 0xDF, 0x10, 0x22, 0x1E, 0x2F, 0xEE, 0xEF, 0x23
    .byte   0x20, 0xFE,   -2, 0x0F, 0x10, 0x20, 0xFE, 0x01, 0x22, 0xE2, 0xFD, 0xE0, 0x22, 0x22, 0xFE, 0xEE
    .byte   0xF2, 0x02, 0x10, 0x10, 0xEF, 0xEE, 0x11, 0x22, 0x21, 0x1F, 0xEE, 0xEE, 0x22, 0x32, 0x2D, 0xDD
    .byte   0xF2, 0x32, 0x1F,    5, 0x00, 0xEE, 0xE1, 0x12, 0x21, 0x0E, 0xFF, 0x12, 0x2F, 0xEE, 0xF1, 0x11
    .byte   0xFF, 0xF2, 0x11, 0xEF, 0x00, 0x20, 0x0F, 0xFF, 0x01, 0x11, 0x0F, 0x0F, 0x0F, 0x00, 0x00, 0x11
    .byte   0x1F, 0xF1, 0xF1, 0xFF,   -2, 0x00, 0xF1, 0x02, 0x01, 0xFF, 0xF0, 0xF0, 0xE0, 0x10, 0x21, 0x00
    .byte   0xF1, 0xFF, 0xF0, 0x02, 0x11, 0x10, 0x0E, 0xFF, 0x0F, 0x0F, 0x20, 0x10, 0x00, 0xFF, 0x00, 0xF0
    .byte   0x01, 0x2F, 0x00, 0xF0, 0xEF,   -4, 0x00, 0x01, 0x11, 0x10, 0xFF, 0x00, 0xFF, 0xF0, 0xFF, 0xEF
    .byte   0xE1, 0x01, 0x00, 0xEF, 0x13, 0x21, 0x12, 0x12, 0x21, 0x22, 0x32, 0x32, 0x10, 0xED, 0xED, 0xFF
    .byte   0x0F, 0xFF, 0xEF, 0xFE, 0x11, 0x0F,    1, 0x0E, 0xEE, 0x00, 0x00, 0xEE, 0xED, 0xDE, 0xEF, 0xFE
    .byte   0xDF, 0xEF, 0x02, 0x32, 0x33, 0x33, 0x45, 0x65, 0x42, 0xDC, 0xBC, 0xBD, 0xF2, 0x2E, 0xEE, 0xEF
    .byte   0x33, 0x32, 0x22, 0xEF, 0xE0, 0x12, 0x0E,   19, 0x0D, 0xDD, 0xE1, 0x32, 0x20, 0xDD, 0xEE, 0xF0
    .byte   0x22, 0xFF, 0xEE, 0xED, 0xED, 0xCE, 0xDF, 0xF1, 0x22, 0x23, 0x45, 0x77, 0x62, 0xDC, 0xBB, 0xBB
    .byte   0xE1, 0x32, 0xDC, 0xE2, 0x44, 0x43, 0x31, 0x0D,   29, 0x0D, 0x02, 0xFE, 0xED, 0xDE, 0xE1, 0x33
    .byte   0x31, 0xDD, 0xDE, 0xEF, 0x12, 0x22, 0xFE, 0xFE, 0xEE, 0xDD, 0xCC, 0xDE, 0x13, 0x23, 0x23, 0x44
    .byte   0x67, 0x64, 0x0B, 0xBB, 0xAC, 0xDF, 0x33, 0x2E, 0xD1,    4, 0x04, 0x53, 0x3F, 0xEC, 0xCC, 0xF0
    .byte   0xED, 0xFF, 0xFF, 0x02, 0x34, 0x22, 0xDD, 0xCD, 0xDE, 0x13, 0x22, 0x21, 0xFF, 0xED, 0xED, 0xDC
    .byte   0xCD, 0xD2, 0x33, 0x23, 0x33, 0x45, 0x67, 0x52, 0xCB, 0xBA,  -13, 0x0C, 0x04, 0x43, 0x0E, 0x02
    .byte   0x44, 0x43, 0x1D, 0xCB, 0xCE, 0x0E, 0xEF, 0x00, 0xFF, 0x33, 0x43, 0x2E, 0xDC, 0xCC, 0xE1, 0x22
    .byte   0x23, 0x20, 0xFE, 0xEE, 0xDD, 0xDC, 0xCD, 0xEF, 0x33, 0x23, 0x23,  -30, 0x04, 0x67, 0x64, 0xCB
    .byte   0xAA, 0xBC, 0x24, 0x53, 0x10, 0xF2, 0x34, 0x33, 0x1E, 0xBB, 0xCE, 0xFE, 0x12, 0x1E, 0xD2, 0x33
    .byte   0x33, 0x3E, 0xCC, 0xCD, 0xE2, 0x32, 0x22, 0x1F, 0xEF, 0xFF, 0xDD, 0xCD,  -71, 0x0D, 0xE1, 0x23
    .byte   0x21, 0x21, 0x34, 0x57, 0x75, 0xEB, 0xBA, 0xAC, 0xF4, 0x53, 0x32, 0x00, 0x14, 0x44, 0x0D, 0xCB
    .byte   0xCC, 0xEF, 0xF2, 0x0E, 0x01, 0x23, 0x33, 0x3E, 0xDC, 0xCD, 0xEF, 0x12, 0x22,   -7, 0x01, 0x10
    .byte   0xFE, 0xED, 0xDD, 0xCE, 0xDD, 0xEE, 0x23, 0x21, 0x24, 0x44, 0x77, 0x52, 0xCB, 0xAA, 0xB0, 0x45
    .byte   0x33, 0x30, 0x02, 0x34, 0x30, 0xEC, 0xBC, 0xCE, 0xFE, 0x10, 0xF0, 0x23, 0x33, 0x31,   27, 0x0D
    .byte   0xCC, 0xDF, 0x12, 0x12, 0x22, 0x21, 0x0F, 0xDD, 0xDD, 0xDC, 0xED, 0xDE, 0x23, 0x21, 0x23, 0x22
    .byte   0x56, 0x77, 0x1C, 0xBB, 0xAA, 0x15, 0x44, 0x42, 0xFD, 0xF4, 0x43, 0xEE, 0xCB, 0xCC, 0xE1,   -6
    .byte   0x00, 0x0E, 0xFF, 0x34, 0x33, 0x01, 0xCC, 0xCE, 0xE1, 0x22, 0x21, 0x22, 0xF2, 0xFE, 0xDC, 0xED
    .byte   0xCD, 0xEE, 0xDE, 0x13, 0x20, 0x13, 0x42, 0x57, 0x75, 0x2C, 0xBA, 0xAC, 0x34, 0x44, 0x32, 0xED
    .byte     42, 0x04, 0x43, 0xED, 0xCB, 0xBD, 0x01, 0xF0, 0xEE, 0xF2, 0x43, 0x33, 0xFE, 0xCC, 0xDD, 0xFF
    .byte   0x22, 0x22, 0x02, 0x10, 0xFE, 0xED, 0xDD, 0xDD, 0xDD, 0xDE, 0x12, 0x30, 0x32, 0x23, 0x45, 0x77
    .byte   0x3D,   71, 0x0B, 0xAB, 0x34, 0x34, 0x32, 0xED, 0x34, 0x33, 0x2D, 0xCB, 0xCD, 0xEF, 0xEE, 0xEF
    .byte   0xF2, 0x34, 0x22, 0xEF, 0xDD, 0xDE, 0xFF, 0xF0, 0x11, 0x22, 0x21, 0x1E, 0xDD, 0xDE, 0xDD, 0xDD
    .byte   0xD0, 0xFE,  -82, 0x02, 0x2F, 0x14, 0x34, 0x56, 0x73, 0xED, 0xCA, 0xB3, 0x43, 0x34, 0xFD, 0xD3
    .byte   0x43, 0x30, 0xDD, 0xBD, 0xDE, 0xDE, 0xED, 0xD2, 0x33, 0x43, 0xEE, 0xD0, 0xEE, 0x0E, 0xDE, 0xF0
    .byte   0x13, 0x22, 0x2E,   -3, 0x0D, 0xED, 0xED, 0xDD, 0xDC, 0x1E, 0xF0, 0x12, 0x2F, 0x33, 0x44, 0x57
    .byte   0x6D, 0xFD, 0xBB, 0xD5, 0x31, 0x32, 0xDD, 0x15, 0x33, 0x1D, 0xDC, 0xCE, 0xEE, 0xDD, 0xDD, 0xE3
    .byte   0x34, 0x20, 0xFD, 0xE1,    1, 0x00, 0xEE, 0xDE, 0x12, 0x23, 0x21, 0x0E, 0xDE, 0xED, 0xED, 0xDD
    .byte   0xDF, 0xEE, 0xEF, 0xFE, 0xF2, 0x43, 0x34, 0x56, 0x61, 0x2F, 0xCC, 0xC4, 0x3F, 0x31, 0xDE, 0x04
    .byte   0x4F, 0x2E, 0xCD, 0xDE, 0xED,   19, 0x0D, 0xCD, 0xE3, 0x13, 0x3F, 0xFE, 0x02, 0xFE, 0xFD, 0xDE
    .byte   0xE2, 0x33, 0x20, 0x0E, 0xED, 0xEE, 0xEE, 0xDD, 0xDE, 0xED, 0x1E, 0xEE, 0x02, 0x32, 0x34, 0x46
    .byte   0x63, 0x00, 0xDE, 0xE2, 0x31, 0x0E,   43, 0x0F, 0x04, 0x31, 0xFE, 0xDD, 0xD0, 0x1D, 0xFD, 0xDD
    .byte   0xE1, 0x12, 0x21, 0xEF, 0xE1, 0x11, 0x0F, 0xEE, 0xE0, 0x21, 0x32, 0x0F, 0x00, 0xEF, 0xDE, 0xDD
    .byte   0xED, 0xEE, 0xEE, 0xFE, 0xEF, 0xE1, 0x0F,  -75, 0x02, 0x24, 0x54, 0x33, 0xE2, 0x23, 0x43, 0x22
    .byte   0x02, 0x23, 0x22, 0x2E, 0xED, 0xEE, 0xED, 0xFF, 0xDE, 0xDE, 0xFE, 0xFE, 0xEE, 0xFF, 0xF0, 0xFF
    .byte   0xEF, 0xEF, 0xF0, 0x11, 0x10, 0x0E, 0xFF, 0xEE,  -33, 0x0E, 0xED, 0xEE, 0xE0, 0xD0, 0xDE, 0xFF
    .byte   0x03, 0x34, 0x54, 0x33, 0x23, 0x23, 0x33, 0x22, 0x02, 0x33, 0x22, 0xEE, 0xDD, 0xED, 0x1D, 0xEE
    .byte   0xDE, 0xEE, 0xEF, 0xEE, 0xEE, 0xF0, 0x11, 0x0E, 0xEE,  -20, 0x0F, 0x10, 0x12, 0x12, 0x20, 0x0F
    .byte   0xEE, 0xDE, 0xEE, 0xEE, 0xEE, 0xED, 0xEE, 0xEF, 0xE0, 0x23, 0x45, 0x43, 0x31, 0x33, 0x24, 0x22
    .byte   0x12, 0x33, 0x23, 0x0E, 0xDD, 0xED, 0xFE, 0xED, 0xED, 0xEE,   13, 0x00, 0xEE, 0xED, 0xE1, 0x12
    .byte   0x2E, 0xEE, 0xEF, 0xFF, 0x10, 0x21, 0x23, 0x01, 0xEE, 0xDE, 0xEF, 0xEE, 0xFD, 0xEE, 0xEE, 0xEE
    .byte   0xEE, 0xE1, 0x34, 0x44, 0x42, 0x23, 0x33, 0x40, 0x00, 0x23, 0x43,   87, 0x0F, 0xED, 0xDE, 0xDE
    .byte   0xFE, 0xEE, 0xDE, 0xEE, 0xEE, 0xEE, 0xE0, 0x02, 0x21, 0xEE, 0xEE, 0x0F, 0xFF, 0xF2, 0x23, 0x3F
    .byte   0xFE, 0xEE, 0xDE, 0xFE, 0xFE, 0xED, 0xDE, 0xED, 0xFE, 0xEE, 0xF2, 0x34,  -32, 0x03, 0x42, 0x23
    .byte   0x33, 0x32, 0x00, 0x33, 0x43, 0xFF, 0xDD, 0xED, 0xEE, 0xEE, 0xEE, 0xEF, 0xEE, 0xED, 0xEE, 0xE1
    .byte   0x22, 0x10, 0xEE, 0xE0, 0x00, 0xEF, 0x11, 0x33, 0x32, 0x0E, 0xEE, 0xEE, 0xEF,  -15, 0x0E, 0xEE
    .byte   0xDE, 0xED, 0xDE, 0xED, 0xF0, 0x13, 0x44, 0x34, 0x23, 0x33, 0x33, 0xFE, 0x23, 0x34, 0x22, 0xFD
    .byte   0xDE, 0xEE, 0xED, 0xEE, 0xE1, 0x1E, 0xEE, 0xDD, 0x0E, 0x02, 0x01, 0x0E, 0xFF, 0x0E,  -18, 0x0E
    .byte   0xE2, 0x23, 0x33, 0x21, 0x10, 0x00, 0xEE, 0xEE, 0xEE, 0xFE, 0xED, 0xDD, 0xDD, 0xEE, 0xEE, 0xF2
    .byte   0x34, 0x44, 0x32, 0x33, 0x33, 0x2F, 0x00, 0x34, 0x32, 0x1E, 0xEE, 0xEE, 0xDE, 0xDE, 0xEE,   19
    .byte   0x01, 0xEE, 0xED, 0xEE, 0xE0, 0xFF, 0x0E, 0x01, 0x10, 0xFE, 0xEF, 0x13, 0x33, 0x33, 0x12, 0x21
    .byte   0x10, 0xEE, 0xEF, 0xFF, 0xEE, 0xDE, 0xDE, 0xDD, 0xDD, 0xDE, 0xEF, 0xFE, 0x12, 0x34, 0x33, 0x33
    .byte     -4, 0x03, 0x33, 0x2F, 0xF2, 0x34, 0x23, 0x0F, 0xFE, 0xFF, 0xDD, 0xDE, 0xEE, 0x10, 0xEE, 0xDE
    .byte   0xEE, 0xEF, 0xEE, 0xEF, 0x01, 0xF0, 0x0E, 0xF1, 0x22, 0x32, 0x22, 0x22, 0x23, 0x20, 0x20, 0x12
    .byte   0x12,   38, 0x0F, 0xEE, 0xED, 0xDE, 0xDD, 0xDE, 0xEE, 0xED, 0xEE, 0xED, 0x0E, 0x10, 0x23, 0x33
    .byte   0x34, 0x23, 0x32, 0x30, 0x12, 0x23, 0x33, 0x32, 0x2E, 0x1E, 0xDE, 0xCE, 0xDF, 0xFF, 0x0E, 0x0D
    .byte   0xFE, 0xDE,  -17, 0x0E, 0xEF, 0xF1, 0x10, 0x00, 0xEF, 0x00, 0x2F, 0x22, 0x23, 0x22, 0x22, 0x02
    .byte   0x22, 0x20, 0x22, 0x02, 0x01, 0xFF, 0xEE, 0xEF, 0xEE, 0xEE, 0xDE, 0xEE, 0xEE, 0xEE, 0xEF, 0xFF
    .byte   0xEE, 0xFE, 0xFF,  -52, 0x00, 0x11, 0x22, 0x23, 0x23, 0x22, 0x22, 0x31, 0x32, 0x32, 0x32, 0x22
    .byte   0x10, 0xFE, 0xEE, 0xEE, 0xEE, 0xEF, 0xEE, 0xEE, 0xEE, 0xEE, 0xEE, 0xEF, 0xFF, 0xFF, 0xFF, 0xF1
    .byte   0x00, 0x21, 0x12, 0x22,   -6, 0x01, 0x22, 0x02, 0x11, 0x22, 0x11, 0x11, 0x10, 0xFF, 0x0E, 0x0F
    .byte   0xEF, 0xEE, 0xFE, 0xEF, 0xEE, 0xFE, 0x0E, 0x00, 0xFF, 0x0E, 0xFF, 0xFF, 0x01, 0x22, 0x22, 0x22
    .byte   0x22, 0x02, 0x21, 0x22, 0x22,   28, 0x02, 0x20, 0x10, 0x0E, 0xFE, 0x0E, 0xFF, 0x0E, 0x0E, 0xEE
    .byte   0xEE, 0xFE, 0xFE, 0x0F, 0xF0, 0xFF, 0x0F, 0x00, 0x01, 0x02, 0x11, 0x21, 0x21, 0x11, 0x11, 0x02
    .byte   0x00, 0x20, 0x12, 0x00, 0x0E, 0x0E,    7, 0x0E, 0xFF, 0xF0, 0xFF, 0xFF, 0xFE, 0xFF, 0xEF, 0xFF
    .byte   0x00, 0x11, 0x00, 0x00, 0x11, 0x02, 0x21, 0x21, 0x21, 0x11, 0x01, 0xF1, 0xF1, 0xF1, 0xF1, 0x0F
    .byte   0xFF, 0x0E, 0x1F, 0xF0, 0xF0, 0x00, 0x0F,   -2, 0x00, 0xF0, 0x00, 0x1F, 0x11, 0x1F, 0x01, 0x10
    .byte   0x10, 0x01, 0x01, 0x01, 0x00, 0xF0, 0x0F, 0xF1, 0x0F, 0x00, 0xF0, 0x00, 0xF0, 0xF0, 0x00, 0xF0
    .byte   0x00, 0x00, 0x1F, 0x00, 0x10, 0xF1, 0x01, 0xF1,    0, 0x0F, 0x1F, 0x11, 0xF1, 0x10, 0xFF, 0x00
    .byte   0x00, 0x01, 0x2F, 0x01, 0xF0, 0x20, 0x43, 0x8C, 0x76, 0x9C, 0x72, 0xCC, 0x26, 0xC9, 0xC5, 0x42
    .byte   0x5D, 0xB4, 0x2C, 0x45, 0xAB, 0x55, 0x28, 0xF7, 0x58,  -35, 0x07, 0xBC, 0x7E, 0xB3, 0xCB, 0x74
    .byte   0x94, 0x4B, 0xD7, 0x2A, 0xE1, 0x12, 0xD6, 0x49, 0xF4, 0xC2, 0x53, 0xB1, 0xEC, 0x35, 0xEC, 0x5B
    .byte   0xB4, 0x43, 0xFE, 0xDD, 0xC4, 0x6C, 0xEE, 0xCC, 0x55, 0xFD,    1, 0x0C, 0xC4, 0x6F, 0xE0, 0xBB
    .byte   0x55, 0xDF, 0x4B, 0xC3, 0x32, 0x13, 0xEC, 0xF3, 0xF1, 0x41, 0xBD, 0x03, 0x34, 0x2B, 0xC1, 0x14
    .byte   0x52, 0xBB, 0xE2, 0x55, 0x3A, 0xCD, 0x24, 0x53, 0xCB, 0xC3, 0x45,   32, 0x0B, 0xBE, 0x04, 0x5F
    .byte   0xDD, 0xCE, 0x34, 0x20, 0xFD, 0xDE, 0x34, 0x21, 0xCC, 0xD4, 0x44, 0xEC, 0xCD, 0x25, 0x42, 0xCB
    .byte   0xC3, 0x54, 0x3C, 0xBD, 0xE5, 0x53, 0xCB, 0xB0, 0x55, 0x3E, 0xCB, 0xD3,    0, 0x04, 0x3D, 0xBC
    .byte   0x24, 0x43, 0x1C, 0xBD, 0x35, 0x41, 0xDB, 0xDF, 0x45, 0x2D, 0xCC, 0xE3, 0x53, 0xEC, 0xCD, 0x25
    .byte   0x42, 0xCC, 0xC0, 0x45, 0x3D, 0xBC, 0x14, 0x44, 0x1C, 0xBD, 0x34, 0x32, 0xDC,  -26, 0x02, 0x43
    .byte   0x4E, 0xCC, 0xE3, 0x43, 0xFD, 0xCD, 0x33, 0x42, 0xEC, 0xDF, 0x24, 0x4F, 0xDC, 0xC1, 0x44, 0x3E
    .byte   0xCC, 0xF3, 0x43, 0xED, 0xDD, 0x33, 0x10, 0xFD, 0xEF, 0x3E, 0xE0, 0xE2, 0x23, 0x1F,    2, 0x0E
    .byte   0x12, 0x23, 0xFE, 0xF0, 0x12, 0x10, 0xEE, 0x01, 0x01, 0x0F, 0xFF, 0xE0, 0x21, 0x01, 0xEE, 0x01
    .byte   0x00, 0x0E, 0x1F, 0x00, 0xF1, 0x0F, 0x0F, 0x0F, 0x02, 0x0F, 0x0F, 0xF1, 0x01, 0x10, 0xE1,   -4
    .byte   0x0F, 0x01, 0xFF, 0xFF, 0x00, 0x00, 0xFF, 0xF0, 0x1F, 0x11, 0x00, 0xFF, 0x10, 0x11, 0x00, 0xF1
    .byte   0x01, 0x10, 0x10, 0xF0, 0x01, 0x01, 0x00, 0xF0, 0x11, 0x1F, 0x00, 0x00, 0x10, 0x10, 0xF1, 0xF1
    .byte      0, 0x00, 0x10, 0xF1, 0xF1, 0x01, 0xF1, 0x0F, 0x00, 0x01, 0x0F, 0x1F, 0x00, 0x00, 0x1F, 0x10
    .byte   0x0F, 0x10, 0x0F, 0x10, 0x00, 0x01, 0xF0, 0x00, 0x11, 0xF1, 0x0F, 0x01, 0x00, 0x01, 0xF0, 0x00
    .byte   0x0F,    3, 0x00, 0x0F, 0x00, 0x00, 0x0F, 0x1F, 0x00, 0x00, 0x1F, 0x00, 0x00, 0x01, 0x00, 0x1F
    .byte   0x00, 0x00, 0x00, 0x00, 0x0F, 0x01, 0xF1, 0x00, 0x0F, 0x01, 0xF1, 0xFF, 0x1F, 0x1F, 0x01, 0xF0
    .byte   0x00, 0x01,    0, 0x00, 0x00, 0x01, 0xF0, 0x1F, 0x00, 0x00, 0x01, 0xF0, 0x00, 0x01, 0xF0, 0x1F
    .byte   0xF1, 0xF1, 0x00, 0x00, 0x00, 0x0F, 0x00, 0x10, 0x00, 0xF1, 0xF1, 0x00, 0x0F, 0x10, 0x00, 0x00
    .byte   0x00, 0x00, 0x00,    0, 0x00, 0x00, 0x1F, 0xF1, 0x0F, 0x10, 0xF0, 0x10, 0x00, 0x01, 0xF0, 0xF1
    .byte   0x00, 0x00, 0x0F, 0x10, 0x00, 0x00, 0x00, 0xF1, 0xF1, 0x00, 0x00, 0x1F, 0x01, 0xF0, 0xF1, 0x00
    .byte   0xF1, 0x00, 0x00, 0xF1,   -1, 0x01, 0xF1, 0x00, 0xF1, 0x0F, 0x10, 0x00, 0x00, 0x00, 0x01, 0xFF
    .byte   0x10, 0x0F, 0x01, 0xF0, 0x00, 0x00, 0x10, 0xF1, 0xF0, 0x00, 0x1F, 0x01, 0xF1, 0xF0, 0x00, 0x1F
    .byte   0x10, 0xF0, 0x1F, 0x00, 0x10,    0, 0x00, 0x00, 0x00, 0x00, 0xF1, 0xF0, 0x10, 0x00, 0x00, 0x0F
    .byte   0x11, 0x0F, 0x01, 0xF0, 0x0F, 0x11, 0xF0, 0xF1, 0x00, 0x00, 0x00, 0x01, 0xF0, 0x00, 0x1F, 0x00
    .byte   0x0F, 0x10, 0x00, 0x00, 0xF1, 0x0F,    0, 0x0F, 0x10, 0x00, 0x00, 0x10, 0xF0, 0x1F, 0x00, 0x00
    .byte   0x00, 0x00, 0x00, 0x00, 0x10, 0xFF, 0x10, 0x01, 0x0F, 0x10, 0xF1, 0xF0, 0x1F, 0x1F, 0x00, 0x00
    .byte   0x1F, 0x00, 0x01, 0x00, 0x0F, 0x10, 0x00,    1, 0x0F, 0x10, 0x00, 0x00, 0xF1, 0x00, 0xF1, 0x00
    .byte   0xF0, 0x10, 0xF1, 0x00, 0x0F, 0x1F, 0x1F, 0x10, 0xF1, 0x00, 0xF1, 0xF0, 0x00, 0x01, 0xF1, 0xF0
    .byte   0x00, 0x00, 0x10, 0xFF, 0x11, 0xF0, 0xF1, 0x10,    0, 0x00, 0x01, 0xF0, 0x1F, 0x00, 0x01, 0xF0
    .byte   0x00, 0x01, 0xFF, 0x10, 0x1F, 0x00, 0x0F, 0x10, 0x00, 0x00, 0x00, 0x01, 0xF0, 0xF1, 0x00, 0x00
    .byte   0x00, 0x00, 0xF1, 0x00, 0x00, 0x0F, 0x10, 0x0F, 0x10,    0, 0x00, 0xF0, 0x10, 0x00, 0x00, 0x00
    .byte   0x00, 0x00, 0x00, 0x1F, 0x00, 0x1F, 0x1F, 0x00, 0x0F, 0x01, 0x01, 0xF0, 0xF1, 0x00, 0x00, 0x00
    .byte   0x00, 0x1F, 0x1F, 0x00, 0x0F, 0x11, 0x0F, 0x00, 0x00, 0x1F,    0, 0x01, 0xF0, 0xF1, 0x01, 0xF1
    .byte   0xF0, 0x1F, 0x0F, 0x1F, 0x10, 0x00, 0x00, 0x00, 0x0F, 0x10, 0x00, 0x00, 0x01, 0xF1, 0xF1, 0x0F
    .byte   0x00, 0x1F, 0x01, 0xF0, 0x00, 0x1F, 0x1F, 0x01, 0x0F, 0xF0, 0x11,    1, 0x00, 0xF0, 0x00, 0xF1
    .byte   0xF1, 0x00, 0x00, 0x00, 0x1F, 0x00, 0x00, 0x0F, 0x01, 0x00, 0x1F, 0xF1, 0x00, 0x00, 0xF0, 0x10
    .byte   0x00, 0x00, 0x1F, 0x0F, 0x01, 0xF0, 0x10, 0x00, 0xF0, 0x10, 0x00, 0xF1,    0, 0x00, 0x00, 0x10
    .byte   0x0F, 0x1F, 0x10, 0x00, 0xF1, 0x01, 0x0F, 0x0F, 0xEE, 0x01, 0x22, 0x32, 0x3E, 0xEC, 0xCD, 0xE2
    .byte   0x34, 0x33, 0x21, 0xDC, 0xCD, 0x23, 0x44, 0x32, 0xDD, 0xCC, 0xD0, 0x33, 0x43,   25, 0x02, 0xFD
    .byte   0xCC, 0xD0, 0x13, 0x34, 0x22, 0xED, 0xDC, 0xEF, 0x33, 0x33, 0x42, 0xED, 0xCB, 0xCC, 0xF2, 0x56
    .byte   0x64, 0xFC, 0xAA, 0xBC, 0x25, 0x55, 0x54, 0xFC, 0xBA, 0xCD, 0x24, 0x54, 0x42, 0xEC,   -1, 0x0D
    .byte   0xDF, 0x23, 0x33, 0x20, 0xED, 0xDE, 0xF2, 0x23, 0x22, 0x0E, 0xED, 0xEF, 0x03, 0x33, 0x1E, 0xED
    .byte   0xDE, 0xF2, 0x23, 0x21, 0x0E, 0xDE, 0xE0, 0x22, 0x31, 0x1E, 0xEE, 0xE1, 0x12, 0x21, 0x10,    1
    .byte   0x00, 0xEF, 0xF0, 0x21, 0x10, 0x1F, 0xF0, 0x00, 0xFF, 0x00, 0x02, 0x00, 0xF0, 0xF0, 0xE0, 0x11
    .byte   0x02, 0x00, 0xFF, 0x0F, 0xFF, 0x00, 0x12, 0x00, 0x0F, 0xF0, 0xFE, 0x11, 0x01, 0x21, 0xFF, 0xF0
    .byte     -1, 0x0F, 0xF0, 0x11, 0x02, 0x20, 0xEE, 0x0F, 0x00, 0x02, 0x10, 0x0E, 0xFF, 0xFF, 0x00, 0x22
    .byte   0x11, 0xFE, 0xFE, 0x10, 0x02, 0x2F, 0x1F, 0xFE, 0xE1, 0x21, 0x0F, 0x11, 0x1F, 0xFF, 0xF0, 0x0F
    .byte   0x01,    0, 0x02, 0x11, 0xEE, 0xEF, 0x22, 0x2F, 0xFF, 0xF0, 0x0E, 0x01, 0x20, 0x20, 0x1F, 0xFF
    .byte   0xFF, 0xF0, 0x11, 0x10, 0x02, 0x0F, 0xEF, 0xFF, 0x02, 0x12, 0x1F, 0xFF, 0xEE, 0xEF, 0x12, 0x22
    .byte   0x1E, 0xED,  -16, 0x0E, 0x22, 0x12, 0x21, 0xEE, 0xDF, 0x11, 0x22, 0xE0, 0xFE, 0xFF, 0x22, 0x31
    .byte   0x0E, 0xE0, 0x02, 0x33, 0x32, 0x2F, 0x22, 0xE0, 0x01, 0x21, 0x1F, 0xEE, 0xDD, 0xED, 0xE1, 0x10
    .byte   0xE0, 0xF0, 0x0F,   -6, 0x02, 0x22, 0x11, 0x11, 0x0E, 0xE0, 0xEE, 0xEE, 0xEE, 0xEE, 0xFF, 0x00
    .byte   0x2E, 0xEE, 0xE0, 0x11, 0x23, 0x32, 0x2E, 0xEE, 0x11, 0x24, 0x54, 0x22, 0x02, 0xFE, 0xEE, 0x23
    .byte   0x10, 0xED, 0xDD, 0xDC,  -11, 0x0E, 0x22, 0x10, 0xFE, 0x01, 0x22, 0x33, 0x22, 0x21, 0x0E, 0x0E
    .byte   0xEE, 0xDF, 0xDE, 0xD0, 0xEF, 0x22, 0x21, 0xFE, 0xFE, 0xFE, 0x0F, 0xF0, 0xEE, 0xEE, 0xEE, 0x11
    .byte   0x0F, 0xEE, 0x14, 0x45, 0x55,   61, 0x02, 0x22, 0xEE, 0xD0, 0x10, 0x1D, 0xDD, 0xDC, 0xDD, 0xEF
    .byte   0x02, 0x11, 0x21, 0x23, 0x23, 0x22, 0x10, 0xFF, 0xEF, 0xEE, 0xED, 0xEE, 0xDE, 0xEF, 0x12, 0x22
    .byte   0x22, 0x0E, 0xEE, 0x0F, 0xFE, 0xED,  -40, 0x0E, 0xDE, 0xEF, 0x0F, 0xFF, 0x23, 0x45, 0x55, 0x44
    .byte   0x20, 0xEE, 0xDD, 0xF0, 0x1E, 0xDD, 0xDC, 0xDD, 0xD0, 0x22, 0x32, 0x20, 0x22, 0x33, 0x22, 0x20
    .byte   0xEE, 0xDE, 0xEE, 0xFE, 0xEE, 0xDD, 0xFF,  -24, 0x03, 0x23, 0x31, 0xFE, 0xEE, 0xDE, 0xEF, 0xEE
    .byte   0xDD, 0xDD, 0xDF, 0xF1, 0x22, 0x23, 0x44, 0x55, 0x55, 0x32, 0xFE, 0xDC, 0xDD, 0xEF, 0xED, 0xDC
    .byte   0xDE, 0xEE, 0x22, 0x33, 0x30, 0x22, 0x32, 0x21,   39, 0x0F, 0xED, 0xDE, 0xEE, 0xEE, 0xEE, 0xED
    .byte   0x01, 0x22, 0x32, 0x22, 0x0F, 0xEE, 0xED, 0xFD, 0xEE, 0xDD, 0xDD, 0xDE, 0x01, 0x33, 0x21, 0x44
    .byte   0x56, 0x55, 0x42, 0xED, 0xCC, 0xCC, 0xEF, 0xEE, 0xDD,  -16, 0x0E, 0x11, 0x33, 0x33, 0x22, 0x12
    .byte   0x32, 0xFF, 0xED, 0xDC, 0xDE, 0x02, 0x21, 0x1E, 0xDD, 0xFF, 0x33, 0x32, 0x2F, 0xFE, 0xED, 0xED
    .byte   0xEE, 0xDD, 0xDD, 0xEE, 0xED, 0x12, 0x33, 0x23, 0x33, 0x55,   59, 0x06, 0x32, 0xDD, 0xBB, 0xBD
    .byte   0xF0, 0xFE, 0x1E, 0xEE, 0x14, 0x33, 0x33, 0xFE, 0xD2, 0x02, 0xFE, 0xDD, 0xCC, 0xE1, 0x34, 0x32
    .byte   0xFD, 0xDD, 0xE1, 0x33, 0x31, 0xFE, 0xDE, 0xEF, 0xFD, 0xDD, 0xDE,  -57, 0x0E, 0xEF, 0xEF, 0x02
    .byte   0x22, 0x20, 0x34, 0x45, 0x66, 0x51, 0xDC, 0xCA, 0xBC, 0xE2, 0x2E, 0x01, 0x02, 0x34, 0x43, 0x30
    .byte   0xDD, 0xE0, 0xE0, 0xEE, 0xDC, 0xCD, 0x02, 0x44, 0x42, 0x0E, 0xED, 0xDE,   -2, 0x00, 0x0E, 0xF1
    .byte   0x10, 0x1F, 0xED, 0xDD, 0xDE, 0xE0, 0x1E, 0xEE, 0x11, 0x11, 0x11, 0x13, 0x35, 0x67, 0x62, 0xDD
    .byte   0xCA, 0xAC, 0xE3, 0x2F, 0xFF, 0x33, 0x34, 0x33, 0x2D, 0xDD, 0xD0, 0xEE, 0xE0,    2, 0x0C, 0xCE
    .byte   0x24, 0x45, 0x43, 0xDC, 0xCD, 0xDE, 0xF0, 0x20, 0xEE, 0x13, 0x32, 0xFD, 0xCC, 0xCD, 0x02, 0x22
    .byte   0xEE, 0xED, 0x21, 0x21, 0x13, 0x34, 0x67, 0x64, 0xDC, 0xCA, 0xAB, 0x03, 0x22, 0x33,   16, 0x02
    .byte   0x34, 0x42, 0xED, 0xCD, 0xDD, 0xEF, 0x2F, 0xDC, 0xDF, 0x24, 0x45, 0x5F, 0xCC, 0xCC, 0xDD, 0x23
    .byte   0x20, 0xE1, 0x23, 0x22, 0x1D, 0xCC, 0xCD, 0x02, 0x22, 0x1D, 0xDD, 0xE1, 0x22, 0x23, 0x34,   -4
    .byte   0x06, 0x74, 0x0D, 0xCB, 0xAA, 0xF2, 0x31, 0x44, 0x31, 0x33, 0x32, 0x0D, 0xDC, 0xDD, 0xD1, 0x21
    .byte   0xED, 0xE2, 0x11, 0x44, 0x4F, 0xED, 0xDC, 0xCD, 0xE2, 0x23, 0x22, 0x22, 0x20, 0xDE, 0xDC, 0xDC
    .byte    -51, 0x01, 0x02, 0x20, 0xED, 0xDD, 0xF1, 0x13, 0x34, 0x45, 0x66, 0x3F, 0xEC, 0xAA, 0xC2, 0x32
    .byte   0x44, 0x33, 0xF1, 0x43, 0xFE, 0xDD, 0xCC, 0xDE, 0x2E, 0x10, 0xFE, 0xE1, 0x34, 0x42, 0x2E, 0xDB
    .byte   0xCC,  -31, 0x02, 0x24, 0x33, 0x11, 0xFF, 0xED, 0xDE, 0xDD, 0xDD, 0x11, 0x22, 0x2E, 0xDD, 0xDE
    .byte   0xF1, 0x24, 0x44, 0x46, 0x62, 0xFE, 0xDA, 0xBD, 0xE1, 0x34, 0x43, 0x30, 0x23, 0x2E, 0xFD, 0xDD
    .byte   0xCD, 0xEF,    0, 0x0E, 0x01, 0x0E, 0x13, 0x44, 0x12, 0xED, 0xBB, 0xDE, 0x23, 0x44, 0x31, 0xFF
    .byte   0xED, 0xDD, 0xDE, 0xDE, 0xEF, 0x22, 0x1F, 0xDE, 0xDD, 0xE1, 0x12, 0x34, 0x54, 0x65, 0x32, 0xEB
    .byte   0xAB, 0xFF, 0x04,   18, 0x04, 0x22, 0x2F, 0x32, 0x0E, 0xED, 0xCD, 0xDD, 0xE0, 0x02, 0xFE, 0x22
    .byte   0x33, 0x33, 0x1D, 0xCC, 0xCD, 0xE0, 0x44, 0x32, 0x22, 0xED, 0xDD, 0xEE, 0xDE, 0xEE, 0xE1, 0x22
    .byte   0xED, 0xEE, 0xCE, 0x12,  -66, 0x04, 0x44, 0x56, 0x43, 0xFF, 0xBA, 0xCE, 0xE1, 0x45, 0x33, 0x21
    .byte   0x22, 0x2E, 0x1E, 0xDC, 0xDD, 0xDF, 0xE0, 0x20, 0x11, 0x13, 0x33, 0x22, 0xDC, 0xCD, 0xDD, 0x23
    .byte   0x43, 0x31, 0x2D, 0xEE, 0xDD,  -20, 0x0E, 0xED, 0x11, 0x2F, 0xEE, 0xED, 0xDD, 0xFF, 0x03, 0x34
    .byte   0x44, 0x64, 0x32, 0x1D, 0xAC, 0xFC, 0x33, 0x44, 0x23, 0xF3, 0x1E, 0x22, 0xFD, 0xCE, 0xDC, 0xDF
    .byte   0x00, 0x13, 0x22, 0xF3, 0x32, 0xEE,   19, 0x0C, 0xCD, 0xE0, 0x34, 0x32, 0x2F, 0xED, 0x0D, 0xEE
    .byte   0xED, 0xEF, 0xEF, 0x2F, 0xDF, 0xED, 0xEE, 0xEE, 0x32, 0x34, 0x46, 0x53, 0x41, 0xDA, 0xCD, 0xC2
    .byte   0x34, 0x42, 0x32, 0x21, 0x11, 0x21, 0xDE,   31, 0x0D, 0xCD, 0xFE, 0x02, 0x03, 0x12, 0x23, 0x22
    .byte   0xEE, 0xCC, 0xDD, 0x13, 0x33, 0x41, 0xEE, 0xED, 0xED, 0x1E, 0xD0, 0xEF, 0xF0, 0xFE, 0xEE, 0xD0
    .byte   0xED, 0xF3, 0xE1, 0x54, 0x65, 0x44, 0x1D, 0xAB,    0, 0x0C, 0xE4, 0x44, 0x23, 0x2F, 0x2F, 0x22
    .byte   0x1D, 0xDD, 0xEC, 0xDF, 0xEF, 0x12, 0x22, 0x23, 0x13, 0x1D, 0xED, 0xCC, 0xE2, 0x23, 0x42, 0x2E
    .byte   0xE1, 0xDD, 0xFE, 0xED, 0xFF, 0xF0, 0xF0, 0x1E, 0xDE,  -53, 0x0D, 0xC2, 0x20, 0x25, 0x46, 0x54
    .byte   0x33, 0xDA, 0xB0, 0xCF, 0x35, 0x33, 0x32, 0x01, 0x01, 0x3E, 0xDE, 0xDD, 0xCD, 0x1E, 0xFE, 0x30
    .byte   0xF3, 0x32, 0x30, 0xDE, 0xCC, 0xD1, 0x22, 0x34, 0x10, 0xDF,    0, 0x0D, 0xE1, 0xFE, 0xE0, 0xFE
    .byte   0xED, 0xEE, 0xDE, 0x32, 0xED, 0x11, 0xDF, 0x54, 0x65, 0x45, 0xED, 0xAB, 0x1C, 0xF4, 0x44, 0x03
    .byte   0x02, 0x12, 0x21, 0x2C, 0xED, 0xDD, 0xC2, 0xEE, 0x1F, 0x3F, 0x33,   23, 0x02, 0xED, 0xDD, 0xCD
    .byte   0x23, 0x23, 0x33, 0xDE, 0xE1, 0xDE, 0x10, 0xFE, 0xF0, 0xFD, 0xDE, 0xED, 0xF3, 0x2D, 0xEF, 0xDD
    .byte   0xF5, 0x45, 0x65, 0x42, 0xFB, 0xA1, 0xCD, 0x42, 0x43, 0x23, 0x03, 0x12,   59, 0x01, 0xDD, 0xDE
    .byte   0xDC, 0x0E, 0xDF, 0xF3, 0x22, 0x33, 0x2F, 0xDE, 0xCC, 0xD1, 0x23, 0x24, 0x3E, 0xD1, 0xED, 0xEF
    .byte   0xFF, 0xFF, 0x0F, 0xED, 0xED, 0xEF, 0x01, 0xFE, 0xEE, 0xEE, 0x15, 0x46, 0x64,   73, 0x02, 0xCA
    .byte   0xCE, 0xC1, 0x34, 0x32, 0x31, 0x33, 0xF3, 0x1E, 0xCD, 0xEC, 0xDE, 0xEE, 0xE0, 0x02, 0x32, 0x34
    .byte   0x2D, 0xCE, 0xCC, 0xE2, 0x32, 0x42, 0x2E, 0xEE, 0xF1, 0xDE, 0xFE, 0xE0, 0x20, 0xED,  -36, 0x0E
    .byte   0xDE, 0xF3, 0xDE, 0xFE, 0xDE, 0x44, 0x46, 0x64, 0x32, 0xDA, 0xB0, 0xC1, 0x34, 0x32, 0x31, 0x33
    .byte   0x22, 0x1E, 0xCD, 0xDD, 0xDF, 0xEE, 0xED, 0xE3, 0x33, 0x34, 0x3C, 0xDD, 0xDC, 0xE1, 0x31,   -5
    .byte   0x02, 0x22, 0x11, 0xFE, 0xEE, 0xDE, 0xDE, 0xFE, 0x0F, 0x00, 0xED, 0xE0, 0xEE, 0x01, 0x0E, 0x14
    .byte   0x35, 0x65, 0x43, 0xEB, 0xAE, 0xED, 0x33, 0x42, 0x02, 0x23, 0x32, 0x2F, 0xDC, 0xDE, 0xDD, 0x10
    .byte      1, 0x0E, 0xE1, 0x23, 0x33, 0x31, 0xDC, 0xDD, 0xD0, 0x31, 0x2F, 0x11, 0x12, 0x12, 0xEE, 0xED
    .byte   0xED, 0xFF, 0xFE, 0xEF, 0xEE, 0xE1, 0x0D, 0xFF, 0x0E, 0x13, 0x43, 0x56, 0x43, 0x22, 0xBB, 0xFE
    .byte   0xDF,    7, 0x03, 0x12, 0x33, 0x40, 0x2F, 0xED, 0xCE, 0xEE, 0xDE, 0xED, 0xEF, 0x23, 0x33, 0x32
    .byte   0xFD, 0xDD, 0xDE, 0xFE, 0x00, 0x23, 0x23, 0x2F, 0xEE, 0xDE, 0xEE, 0xFE, 0xED, 0xEF, 0xF0, 0x2F
    .byte   0xDE, 0xEE,  -68, 0x00, 0x32, 0x23, 0x44, 0x54, 0x43, 0x3E, 0xBC, 0x0D, 0xDE, 0x32, 0x02, 0x44
    .byte   0x32, 0x10, 0xDC, 0xEE, 0xED, 0xDE, 0xDE, 0xE0, 0x33, 0x32, 0x31, 0xDE, 0x10, 0xDE, 0xED, 0xE0
    .byte   0x13, 0x21, 0x21,    1, 0x0E, 0xE2, 0xEE, 0xDE, 0xDD, 0x02, 0x10, 0xEE, 0xEE, 0xD2, 0x30, 0x31
    .byte   0x23, 0x25, 0x44, 0x32, 0x1E, 0xDD, 0x21, 0xDD, 0xD2, 0x1F, 0x33, 0x40, 0xED, 0x13, 0xEE, 0x0F
    .byte   0xCC, 0xD1, 0x11, 0xE0,   -7, 0x01, 0x1F, 0x23, 0xFE, 0xE1, 0xEE, 0x01, 0x32, 0xE0, 0x20, 0xEF
    .byte   0x21, 0xFE, 0xE0, 0x0E, 0x10, 0xFE, 0x01, 0xFE, 0xF2, 0xFE, 0xE0, 0x1F, 0xE1, 0x11, 0xEE, 0x22
    .byte   0xF0, 0x22, 0x3E, 0x22, 0x3F,    5, 0x02, 0x20, 0xE0, 0x30, 0xF1, 0x22, 0x1F, 0x12, 0xFF, 0xF0
    .byte   0x0E, 0xFE, 0x0E, 0xFE, 0xFE, 0x0E, 0xE1, 0xFF, 0xFF, 0x01, 0xFF, 0xF0, 0xFF, 0x11, 0x10, 0x12
    .byte   0x00, 0x20, 0x00, 0xFF, 0xFF, 0x0E,   -5, 0x0F, 0xFF, 0xFF, 0xFF, 0x00, 0xFF, 0x0F, 0x00, 0xF1
    .byte   0x10, 0x10, 0x20, 0x21, 0x10, 0x20, 0x11, 0x02, 0x01, 0x10, 0x21, 0x11, 0x10, 0xF1, 0x00, 0x1F
    .byte   0xFF, 0xFF, 0xFF, 0x0E, 0x00, 0xEF, 0x0E,   -2, 0x00, 0xE0, 0xF0, 0xFF, 0x1F, 0x01, 0x00, 0x10
    .byte   0x02, 0x00, 0x1F, 0x11, 0x00, 0x00, 0x00, 0xF0, 0xFF, 0x00, 0xF1, 0xFF, 0x1F, 0x0F, 0x0F, 0x11
    .byte   0xF0, 0x10, 0x01, 0xF1, 0x10, 0x10, 0x10, 0x11,    1, 0x01, 0x10, 0x11, 0x11, 0x01, 0x01, 0x11
    .byte   0xF1, 0x0F, 0x1F, 0x0F, 0x0F, 0x00, 0xE0, 0xF0, 0xFF, 0xFF, 0xF1, 0xFF, 0x00, 0xFF, 0x01, 0x00
    .byte   0x10, 0xF1, 0x10, 0x1F, 0x01, 0x1F, 0x10, 0x00, 0x01,    1, 0x00, 0xFF, 0x00, 0x1F, 0x0F, 0x00
    .byte   0xF0, 0x01, 0xF1, 0xF1, 0x10, 0x10, 0x1F, 0x01, 0x01, 0x00, 0x00, 0x00, 0x00, 0xF0, 0x10, 0xFF
    .byte   0x1F, 0x0F, 0x01, 0x00, 0x00, 0x11, 0x10, 0xFF, 0x10, 0x01,    4, 0x0F, 0xFE, 0xF0, 0x10, 0xF1
    .byte   0x0F, 0x0F, 0xF1, 0x11, 0x01, 0xFF, 0x23, 0x32, 0x33, 0xB8, 0x36, 0xDE, 0x53, 0xDB, 0xD7, 0x18
    .byte   0x17, 0xCA, 0x73, 0x87, 0x79, 0xC7, 0xF8, 0x37, 0xBB, 0x61, 0xB3,    6, 0x0C, 0x25, 0xBA, 0x7E
    .byte   0xB7, 0xBB, 0x7B, 0xA7, 0x48, 0x65, 0x9C, 0x74, 0x95, 0x4A, 0x24, 0xA7, 0x38, 0x65, 0x86, 0x79
    .byte   0xD6, 0xF9, 0x56, 0xBA, 0x7D, 0xA6, 0xCE, 0x5C, 0xB5, 0x59, 0x27, 0xAB,   15, 0x0D, 0xA7, 0xDA
    .byte   0x63, 0xA4, 0x5C, 0xC2, 0x4C, 0xE4, 0xED, 0x31, 0xC3, 0x4B, 0x15, 0xB2, 0x4D, 0xE3, 0xEE, 0x22
    .byte   0x1D, 0x3E, 0xE2, 0x20, 0xE3, 0xC2, 0x3D, 0xD4, 0xEC, 0x40, 0xD3, 0x2D, 0xF2,    2, 0x0E, 0x2F
    .byte   0xE2, 0xE0, 0x3E, 0xE2, 0x0D, 0x30, 0xD2, 0x2D, 0x23, 0xDE, 0x4E, 0xC3, 0x3D, 0x22, 0xD1, 0x3E
    .byte   0xD3, 0x2D, 0xF3, 0xEF, 0x1F, 0x21, 0xEF, 0x22, 0xEE, 0x22, 0xEE, 0x12, 0x0E, 0x0F,    4, 0x01
    .byte   0xD2, 0x3D, 0xE2, 0x1F, 0xFF, 0x01, 0xFE, 0x21, 0xF0, 0xE2, 0x2E, 0xE1, 0x10, 0xF0, 0x1F, 0xFF
    .byte   0xF0, 0xFF, 0x10, 0xF0, 0x10, 0x01, 0xFF, 0x21, 0xF0, 0x2F, 0xF2, 0x10, 0x11, 0x22, 0x01,   16
    .byte   0x01, 0x12, 0x10, 0x12, 0xEF, 0x0F, 0xF0, 0xFE, 0xFF, 0xFE, 0x0F, 0xFE, 0xFF, 0x0E, 0x0E, 0xFE
    .byte   0xF0, 0x0E, 0xFE, 0x0F, 0xFF, 0xFF, 0xEF, 0x01, 0x10, 0x0F, 0x1F, 0x13, 0x0F, 0x02, 0x01, 0x33
    .byte      8, 0x03, 0x22, 0x32, 0x21, 0x2F, 0xEE, 0xDF, 0x1E, 0xEE, 0xFF, 0xE2, 0x1F, 0x0E, 0xF2, 0x10
    .byte   0x10, 0xE1, 0x2F, 0xFE, 0xFE, 0xFE, 0xE1, 0xDE, 0xEE, 0x0F, 0xF0, 0x10, 0x22, 0x2F, 0xFE, 0xEE
    .byte   0xFE,  -34, 0x0E, 0xD1, 0x11, 0x12, 0x10, 0x12, 0x23, 0x43, 0x43, 0x32, 0x22, 0x2F, 0xED, 0xDD
    .byte   0xD1, 0x1E, 0xEE, 0x11, 0x21, 0x1F, 0xE2, 0x22, 0x0E, 0x0F, 0xFF, 0xF0, 0xED, 0x00, 0x2E, 0xF1
    .byte   0xF0, 0x01,    1, 0x01, 0xFF, 0x11, 0x01, 0x0F, 0xEE, 0xDE, 0xFD, 0xEE, 0xEE, 0xFF, 0x21, 0xE0
    .byte   0x22, 0x22, 0xFF, 0x23, 0x23, 0x35, 0x21, 0x31, 0x22, 0xEE, 0xDE, 0xCE, 0x22, 0xED, 0x02, 0x21
    .byte   0x11, 0x1E, 0xF2,   20, 0x00, 0xEE, 0xF0, 0xFF, 0x1E, 0xEE, 0x12, 0x2E, 0xFF, 0x0F, 0x11, 0x1F
    .byte   0xFF, 0x22, 0xFE, 0x0E, 0xFE, 0xEE, 0xDE, 0xDF, 0x1E, 0xEF, 0x22, 0x02, 0xFF, 0x20, 0x10, 0xE2
    .byte   0x23, 0x33, 0x52, 0x23,   45, 0x02, 0xFE, 0xDE, 0xDD, 0xE2, 0xFE, 0xE0, 0x32, 0xE1, 0x2E, 0xEF
    .byte   0x22, 0xFE, 0xE2, 0x1F, 0xE1, 0xEE, 0x00, 0x20, 0x0E, 0x02, 0x0E, 0x1F, 0x12, 0x01, 0xF0, 0x0E
    .byte   0x0E, 0xEE, 0xDE, 0xEE, 0xEE,  -38, 0x0E, 0xF2, 0x02, 0x00, 0xF0, 0x21, 0xFE, 0x23, 0x22, 0x35
    .byte   0x4F, 0x21, 0x32, 0xDF, 0xDD, 0xDE, 0x22, 0xEE, 0xE2, 0x30, 0xE0, 0xF0, 0xE1, 0x21, 0xEE, 0x02
    .byte   0x0F, 0xEE, 0xFE, 0x11, 0x2E, 0xE1,    0, 0x02, 0x00, 0xE0, 0x2F, 0x22, 0xFF, 0xEF, 0x0E, 0xFD
    .byte   0xD0, 0xDE, 0xEE, 0x0F, 0x01, 0x12, 0x01, 0x00, 0x0F, 0x1F, 0x02, 0x23, 0x34, 0x43, 0x21, 0x32
    .byte   0xFE, 0xDE, 0xDD, 0xF1, 0x1E, 0xEF, 0x32,   20, 0x0E, 0xEF, 0x12, 0x10, 0xFE, 0xF0, 0x21, 0xFD
    .byte   0xEF, 0x01, 0x0F, 0xE0, 0x02, 0x10, 0x2E, 0xF2, 0x22, 0xEF, 0xF1, 0x0E, 0xEE, 0xED, 0xDF, 0xE0
    .byte   0xDE, 0xF2, 0x21, 0x0E, 0x10, 0x12, 0x1F, 0xEE,  -34, 0x03, 0x33, 0x25, 0x23, 0x12, 0x3F, 0xFD
    .byte   0xEE, 0xDF, 0x01, 0xEE, 0xE2, 0x2F, 0xEE, 0x11, 0x01, 0x02, 0x0F, 0x12, 0x00, 0xED, 0x10, 0xEE
    .byte   0xF1, 0xFF, 0x11, 0x20, 0xF0, 0x22, 0x1E, 0x01, 0x2E,    4, 0x0E, 0xEE, 0xED, 0xEE, 0xED, 0xE2
    .byte   0xE2, 0x0F, 0x1F, 0x2E, 0x20, 0xE3, 0xF3, 0x03, 0x34, 0x40, 0x21, 0x33, 0xFF, 0xD0, 0xED, 0x20
    .byte   0x0D, 0xE0, 0x12, 0xED, 0xF1, 0x10, 0x20, 0x1E, 0x03, 0x21,   18, 0x0E, 0xE0, 0x0E, 0xFE, 0xE0
    .byte   0xF1, 0x10, 0xF0, 0x12, 0x22, 0x0F, 0x1F, 0x1F, 0xEE, 0xDE, 0xDF, 0xEE, 0xDE, 0xFF, 0x11, 0x0E
    .byte   0x01, 0x02, 0x11, 0x21, 0x31, 0x32, 0x44, 0x22, 0x22, 0x32, 0xEE,   37, 0x0E, 0xE0, 0x2E, 0xED
    .byte   0xE3, 0xFE, 0xDE, 0x1F, 0x02, 0x11, 0xE0, 0x32, 0x2E, 0xE0, 0xFE, 0x0E, 0x0E, 0xE0, 0x11, 0x0E
    .byte   0x11, 0x21, 0x21, 0x11, 0x01, 0x1E, 0xEE, 0xEE, 0xFD, 0xEE, 0xDF, 0xEF,  -48, 0x0F, 0xF0, 0xFF
    .byte   0xF2, 0x22, 0x12, 0x33, 0x23, 0x43, 0x30, 0x23, 0x3E, 0x0E, 0xFE, 0xE1, 0x0E, 0xED, 0x01, 0xFD
    .byte   0xEF, 0xEE, 0x12, 0x2F, 0x01, 0x22, 0x1F, 0x0F, 0x0E, 0x00, 0xFE, 0xE0, 0x00,   -3, 0x0F, 0xF0
    .byte   0x20, 0x20, 0x21, 0x01, 0xFF, 0xEE, 0xEE, 0xEE, 0xDF, 0xEF, 0xEE, 0xEF, 0xEF, 0xE0, 0x02, 0x22
    .byte   0x22, 0x23, 0x24, 0x42, 0x31, 0x23, 0x22, 0x0E, 0xFE, 0x01, 0xFE, 0xDE, 0xFF, 0xED,    6, 0x0E
    .byte   0xEF, 0x01, 0x0F, 0x02, 0x22, 0x01, 0x01, 0xF0, 0x10, 0xFF, 0xE1, 0xFE, 0x0E, 0xFF, 0x02, 0x01
    .byte   0x10, 0x11, 0x10, 0xEE, 0xEF, 0xEF, 0xED, 0xEF, 0xEE, 0xEE, 0xFE, 0xFF, 0x20, 0x20, 0x22,  -30
    .byte   0x03, 0x33, 0x42, 0x31, 0x33, 0x21, 0x00, 0xFF, 0x01, 0xEE, 0xDE, 0x1E, 0xED, 0xDF, 0xEF, 0xFF
    .byte   0xFF, 0x02, 0x21, 0x11, 0x10, 0x21, 0x11, 0x0F, 0xF1, 0x0E, 0xEF, 0xFF, 0xF0, 0xF0, 0x10, 0x10
    .byte      1, 0x00, 0xEF, 0xEF, 0xEF, 0xEE, 0xEE, 0xEE, 0xFE, 0xEE, 0xFF, 0x02, 0xF1, 0x22, 0x32, 0x34
    .byte   0x32, 0x23, 0x33, 0x21, 0x12, 0xF1, 0x2F, 0xEE, 0xDF, 0xFE, 0xDD, 0xED, 0xF0, 0xEF, 0xEE, 0x21
    .byte   0x21,   -4, 0x00, 0x21, 0x21, 0x11, 0x11, 0x11, 0x0E, 0xFF, 0xFF, 0x10, 0xE0, 0x01, 0x1F, 0xFE
    .byte   0x00, 0xEE, 0x0E, 0xEE, 0xEF, 0xEE, 0xEE, 0xFE, 0xE1, 0x11, 0x0F, 0x22, 0x33, 0x14, 0x33, 0x23
    .byte   0x33, 0x12,   49, 0x01, 0x2F, 0x12, 0xEE, 0xEE, 0xFE, 0xDD, 0xDE, 0xEE, 0xFE, 0xEF, 0xF1, 0x21
    .byte   0xF0, 0x20, 0x22, 0x12, 0x10, 0x10, 0x2F, 0xEF, 0x00, 0xFE, 0x10, 0x0E, 0x01, 0x0E, 0xEF, 0x0E
    .byte   0xFE, 0xEE, 0xFE,  -31, 0x0E, 0xFE, 0xEF, 0xEF, 0xF1, 0x10, 0x02, 0x23, 0x13, 0x42, 0x33, 0x23
    .byte   0x31, 0x22, 0x21, 0x12, 0x1E, 0xEE, 0x1E, 0xED, 0xDE, 0xED, 0xEF, 0xEE, 0xE0, 0x2F, 0xFF, 0x21
    .byte   0x12, 0x21, 0x20, 0x12,   15, 0x00, 0xEF, 0x00, 0x0E, 0x00, 0xE0, 0x10, 0x0E, 0xEF, 0x00, 0xEF
    .byte   0xEE, 0xFE, 0x1E, 0xEE, 0xE0, 0xFE, 0xFE, 0x11, 0x00, 0x22, 0x22, 0x33, 0x23, 0x23, 0x32, 0x32
    .byte   0x22, 0x11, 0x22, 0x0E, 0xFF,   48, 0x0E, 0xDE, 0xED, 0xED, 0xFE, 0xED, 0x11, 0x0F, 0xF0, 0x02
    .byte   0x02, 0x21, 0x02, 0x22, 0x00, 0xF0, 0x00, 0x01, 0xEF, 0xF0, 0x1F, 0xEE, 0xE0, 0xF0, 0xEE, 0xEE
    .byte   0x10, 0xEF, 0xEE, 0xEF, 0xFF, 0x0E,  -46, 0x00, 0x10, 0x22, 0x12, 0x23, 0x33, 0x22, 0x33, 0x22
    .byte   0x30, 0x12, 0x22, 0x0F, 0xE0, 0xFE, 0xED, 0xED, 0xEE, 0xEE, 0xDE, 0xE1, 0xFF, 0x0F, 0x00, 0x22
    .byte   0x21, 0x02, 0x22, 0x11, 0x1F, 0x11, 0x11,   13, 0x0E, 0x0F, 0x0F, 0xFE, 0xEF, 0xE1, 0xEE, 0xFE
    .byte   0xFE, 0xFF, 0xFE, 0xFE, 0xFF, 0xFF, 0xF0, 0x01, 0x10, 0x22, 0x12, 0x32, 0x32, 0x23, 0x23, 0x22
    .byte   0x21, 0x22, 0x21, 0x0E, 0x0F, 0xFE, 0xEE, 0xDE,   16, 0x0E, 0xFD, 0xEE, 0x0E, 0x0F, 0x0F, 0xE2
    .byte   0x21, 0x20, 0x12, 0x11, 0x20, 0xF0, 0x02, 0x1F, 0xF0, 0xE1, 0x0E, 0x0E, 0xFE, 0x00, 0xEF, 0xFE
    .byte   0xFE, 0x0F, 0xEE, 0xF0, 0xFF, 0xF0, 0xF1, 0x10, 0x11,  -31, 0x02, 0x02, 0x20, 0x23, 0x12, 0x22
    .byte   0x23, 0x12, 0x21, 0x12, 0x21, 0x10, 0xFF, 0x0F, 0xEF, 0xED, 0x00, 0xEE, 0xEE, 0xF0, 0xE0, 0x0E
    .byte   0xF1, 0x01, 0x11, 0xF1, 0x11, 0x11, 0x10, 0x10, 0x02, 0xE0,    5, 0x0F, 0x10, 0xFF, 0x0E, 0xF1
    .byte   0x0E, 0xE0, 0xE0, 0xFE, 0xFF, 0xEF, 0xFF, 0x01, 0xE0, 0x1E, 0x21, 0x01, 0xF1, 0x2F, 0x21, 0x02
    .byte   0x21, 0x22, 0x12, 0x22, 0x22, 0x11, 0x21, 0x12, 0x01, 0x00, 0x00,   33, 0x0E, 0x0E, 0x0E, 0x0E
    .byte   0xEF, 0xEF, 0xFE, 0x0E, 0x00, 0x00, 0x01, 0x00, 0x10, 0xF0, 0x1F, 0x20, 0xF0, 0x00, 0x11, 0x00
    .byte   0xE1, 0xFF, 0x1F, 0xD3, 0xD1, 0x20, 0xD2, 0x2C, 0x34, 0xB2, 0x59, 0x46,  -41, 0x05, 0x59, 0x46
    .byte   0x94, 0x69, 0x46, 0x94, 0x69, 0x36, 0xA3, 0x6A, 0x15, 0xB0, 0x6B, 0xD6, 0xBD, 0x6B, 0xD5, 0xCE
    .byte   0x5C, 0xD4, 0xDE, 0x4E, 0xD3, 0xDD, 0x5C, 0xF3, 0xC2, 0x3D, 0xF3, 0xDD, 0x4E,    3, 0x03, 0xC2
    .byte   0x2E, 0x13, 0xC3, 0x2C, 0x34, 0xB3, 0x4A, 0x45, 0x95, 0x4A, 0x36, 0xAD, 0x7A, 0xB7, 0xBB, 0x7C
    .byte   0xA7, 0xE9, 0x74, 0x87, 0x38, 0x74, 0x87, 0x58, 0x65, 0x86, 0x68, 0x56, 0x85, 0x78,    3, 0x05
    .byte   0x86, 0x49, 0x73, 0x87, 0xFA, 0x71, 0x96, 0x29, 0x74, 0x87, 0x09, 0x74, 0x95, 0x48, 0x75, 0x95
    .byte   0x49, 0x56, 0x95, 0x49, 0x45, 0xA4, 0x5A, 0x25, 0xA4, 0x5B, 0xE4, 0xDD, 0x5C, 0xD4, 0xD0,    3
    .byte   0x03, 0xCF, 0x4C, 0x14, 0xDC, 0x41, 0xC5, 0xDB, 0x6B, 0xE6, 0xA4, 0xFC, 0x5B, 0x5C, 0x13, 0xB6
    .byte   0xCD, 0x5A, 0x34, 0xC4, 0xD1, 0xED, 0x5C, 0x3F, 0xD0, 0x3D, 0x33, 0xCF, 0xF2, 0xD5, 0xCE, 0x4B
    .byte     -2, 0x03, 0xB5, 0xEB, 0x5D, 0xE4, 0xFC, 0x34, 0xA6, 0xEB, 0x5D, 0xC5, 0xDD, 0x4D, 0x10, 0x3C
    .byte   0x34, 0xA6, 0xCD, 0x4D, 0x12, 0x0D, 0x23, 0xC4, 0x0C, 0x4E, 0xC5, 0xCE, 0x5B, 0x31, 0xFE, 0x3E
    .byte   0xD4,   -2, 0x01, 0x3D, 0x22, 0xD3, 0xEE, 0x21, 0xD3, 0xEE, 0x4C, 0x21, 0xD2, 0x3D, 0x3E, 0xD3
    .byte   0xEE, 0x4C, 0x3D, 0x22, 0xE3, 0xDE, 0x3C, 0x41, 0xD3, 0xC3, 0x11, 0x1E, 0x12, 0xD4, 0xDF, 0x4B
    .byte   0x4D, 0x03,   -4, 0x03, 0xD2, 0xF1, 0x2D, 0x20, 0xD4, 0xD2, 0x3C, 0x31, 0xD4, 0xDE, 0x3C, 0x4F
    .byte   0xE3, 0xDE, 0x3D, 0x21, 0xD3, 0xEF, 0x4C, 0x3F, 0xD3, 0xD1, 0x20, 0xE2, 0xE2, 0x11, 0xFE, 0x2D
    .byte   0x3F, 0xE2, 0xD1,    5, 0x0D, 0x3F, 0xD3, 0xD3, 0xE1, 0xFE, 0x2E, 0x3D, 0x21, 0xD3, 0xE1, 0x3C
    .byte   0x3E, 0xE3, 0xFF, 0x1E, 0x21, 0x1E, 0x2E, 0xF2, 0xE2, 0xFF, 0xE3, 0xD3, 0xEE, 0x3C, 0x30, 0x20
    .byte   0xFF, 0xE3, 0xD3, 0x1C,   11, 0x0B, 0x42, 0xD3, 0xC3, 0x1F, 0x4B, 0x5C, 0xE5, 0xA5, 0xDF, 0x3C
    .byte   0x4C, 0x4D, 0xF3, 0xC3, 0x2E, 0x2E, 0x3C, 0x4D, 0xD4, 0xDE, 0x21, 0x12, 0xE2, 0xD3, 0xD2, 0x3C
    .byte   0x4C, 0x32, 0xD3, 0xC4, 0xD2,    5, 0x0C, 0x4D, 0xE4, 0xC3, 0xFD, 0x5B, 0x33, 0xB5, 0xC2, 0x3C
    .byte   0x4C, 0x24, 0xB5, 0xCF, 0x4C, 0x31, 0xD4, 0xC3, 0xFD, 0x5B, 0x4D, 0xE4, 0xC4, 0xC2, 0xE1, 0x3C
    .byte   0x5B, 0x4E, 0xD4, 0xC4, 0xC1, 0x4B,   13, 0x0C, 0xE4, 0xC4, 0xDF, 0x2E, 0xE3, 0xD3, 0x0C, 0x5B
    .byte   0x4D, 0xF4, 0xB5, 0xDD, 0x4C, 0x31, 0xE3, 0xC4, 0xD1, 0x3C, 0x4C, 0x22, 0xE3, 0xC5, 0xB3, 0x4B
    .byte   0x5C, 0x10, 0xE3, 0xD3, 0xEF, 0xF2, 0xE3,    5, 0x0C, 0x4D, 0x13, 0xD3, 0xED, 0x3E, 0x2F, 0x1E
    .byte   0xE3, 0xE3, 0xEF, 0xFE, 0xE3, 0x1D, 0x22, 0xC4, 0x3B, 0x6A, 0x4D, 0xE5, 0xA7, 0x94, 0x4A, 0x7B
    .byte   0x22, 0xB6, 0xB3, 0x3B, 0x5B, 0x35, 0xA6, 0xBE,   14, 0x0A, 0x6B, 0x33, 0xB5, 0xC4, 0xD2, 0xE2
    .byte   0xEE, 0x4B, 0x5C, 0x22, 0xD4, 0xC3, 0x0C, 0x5B, 0x41, 0xE2, 0xD3, 0xD4, 0xC3, 0xFD, 0x3E, 0x13
    .byte   0xDE, 0x3D, 0x21, 0x2E, 0xD4, 0xC4, 0xED, 0x3E, 0x1F,    4, 0x0E, 0x1E, 0x2E, 0x21, 0xD4, 0xC2
    .byte   0x3C, 0x4D, 0x12, 0xE1, 0x21, 0xD3, 0xD3, 0xE0, 0x3C, 0x3E, 0xE4, 0xC3, 0x0D, 0x4C, 0x24, 0xB4
    .byte   0xEC, 0x5C, 0x31, 0xD4, 0xCF, 0x4B, 0x5B, 0x43, 0xB6, 0xB4,    4, 0x0D, 0x4B, 0x4D, 0x23, 0xC4
    .byte   0xD2, 0x3C, 0x4C, 0x21, 0xD4, 0xDF, 0x4C, 0x3E, 0xE3, 0xD3, 0xC3, 0x0E, 0x3E, 0x01, 0xE0, 0x21
    .byte   0xF0, 0x1D, 0x21, 0xF3, 0xD2, 0xF1, 0x1E, 0x3D, 0x2E, 0x01, 0xF2,    4, 0x0D, 0x3D, 0x3F, 0xF2
    .byte   0xD2, 0xD3, 0xD3, 0x1C, 0x5B, 0x5E, 0xC5, 0xB4, 0xDE, 0x3D, 0x3D, 0x3F, 0xE3, 0xD2, 0xFE, 0x3D
    .byte   0x3D, 0x12, 0xE2, 0xE2, 0x2D, 0x3D, 0x11, 0x00, 0xF2, 0x0E, 0x3D, 0x12,  -10, 0x04, 0xD0, 0x2E
    .byte   0x2F, 0x12, 0xD3, 0xDF, 0x3D, 0x3E, 0xE3, 0xE0, 0x2D, 0x3D, 0x02, 0xE3, 0xD3, 0xFD, 0x4C, 0x32
    .byte   0xC3, 0xFE, 0x3E, 0xFF, 0xE3, 0xE1, 0x1D, 0x3D, 0x30, 0xE3, 0xD2, 0xFE, 0x3D,    3, 0x0E, 0x0E
    .byte   0x13, 0xD3, 0xEF, 0x01, 0x1E, 0x3C, 0x3E, 0x21, 0xE3, 0xD2, 0x0E, 0x3D, 0x3E, 0xD3, 0xD3, 0xFF
    .byte   0x2D, 0x2F, 0x2F, 0xF1, 0xE2, 0xE1, 0x2F, 0xFE, 0x2E, 0x3D, 0x3F, 0xD3, 0xD3, 0xE1,   -3, 0x02
    .byte   0xFE, 0x3E, 0x01, 0xE2, 0xE1, 0x0E, 0x3D, 0x3E, 0xE3, 0xD3, 0xE0, 0xE2, 0x0E, 0x3E, 0x2E, 0x0E
    .byte   0x01, 0xE3, 0xD3, 0xEE, 0x4C, 0x4C, 0x2E, 0xE4, 0xC3, 0xFE, 0x3E, 0x13, 0xC3, 0xD1, 0x2E,    4
    .byte   0x0D, 0x21, 0xE2, 0x2E, 0x2D, 0x02, 0xE3, 0xD3, 0xE1, 0x1E, 0x3D, 0x2F, 0xE0, 0x02, 0xE2, 0x00
    .byte   0x1F, 0x01, 0xEF, 0x1F, 0x21, 0xF2, 0x0D, 0x3E, 0x01, 0xE1, 0xE2, 0x00, 0x2E, 0x11, 0xE3, 0xEE
    .byte      3, 0x0D, 0x3E, 0x12, 0xD4, 0xC3, 0xFD, 0x4B, 0x5C, 0x23, 0xC4, 0xDF, 0x3D, 0x3D, 0x12, 0xD3
    .byte   0xE2, 0x2D, 0x2F, 0xF2, 0xE1, 0xFF, 0x11, 0xE3, 0xEE, 0x3C, 0x4D, 0x12, 0xE3, 0xC4, 0xD1, 0x3C
    .byte   0x3F,   -7, 0x03, 0xE2, 0x00, 0x1D, 0x3D, 0x22, 0xE2, 0xE2, 0xFF, 0x2E, 0x10, 0xE2, 0xE1, 0x00
    .byte   0x2E, 0x10, 0x10, 0x1F, 0x00, 0xF2, 0xE2, 0xE1, 0xE1, 0x3D, 0x3E, 0xE2, 0xE2, 0xE2, 0xD3, 0xFE
    .byte   0x3D, 0x21,   -1, 0x02, 0xE2, 0xD2, 0x1E, 0x3D, 0x23, 0xD3, 0xD1, 0x2D, 0x3D, 0x22, 0xD4, 0xC3
    .byte   0xFD, 0x4C, 0x3E, 0x12, 0xE2, 0xD3, 0xD3, 0xE2, 0xFE, 0x3C, 0x4D, 0xE3, 0xD2, 0x2D, 0x4D, 0x20
    .byte   0xD3, 0xD2, 0x1E,    1, 0x01, 0xE2, 0x0E, 0x11, 0xE3, 0xD2, 0x1E, 0x3D, 0xF3, 0xD2, 0x1E, 0x3D
    .byte   0x20, 0xE3, 0xD1, 0x3C, 0x4D, 0xF3, 0xC4, 0xD1, 0x3C, 0x4D, 0xF3, 0xC4, 0xD0, 0x4B, 0x5C, 0x13
    .byte   0xC4, 0xD0, 0x3C, 0x4D,   -2, 0x03, 0xC4, 0xD1, 0x2D, 0x3E, 0x11, 0xE3, 0xD2, 0x2D, 0x2F, 0xF2
    .byte   0xF0, 0xF2, 0xD2, 0x10, 0x2E, 0x1E, 0x3D, 0x22, 0xC4, 0xD2, 0xF1, 0x10, 0x2C, 0x4D, 0x31, 0xC4
    .byte   0xDF, 0x3D, 0x3E, 0xFF, 0x21,   -3, 0x03, 0xC3, 0xFF, 0x2E, 0x3C, 0x4E, 0xD5, 0xB3, 0x1C, 0x5C
    .byte   0x3F, 0xEF, 0xF1, 0xF2, 0xE1, 0x1E, 0x22, 0xD3, 0xD2, 0x10, 0x10, 0xFF, 0x01, 0x1E, 0x3D, 0x22
    .byte   0xD2, 0x3C, 0x30, 0xC5, 0xC2, 0x3C,    8, 0x0C, 0x4D, 0xE4, 0xB4, 0xEE, 0x3D, 0x3E, 0x2E, 0xF3
    .byte   0xC4, 0xDE, 0x4B, 0x41, 0xD4, 0xC3, 0xFD, 0x4C, 0x32, 0xC4, 0xEE, 0x4C, 0x3E, 0xD4, 0xC3, 0xEF
    .byte   0x3C, 0x4D, 0x13, 0xC4, 0xD2, 0x2D, 0x3D,    0, 0x0F, 0x02, 0xD2, 0x3C, 0x4F, 0xC5, 0xCE, 0x4B
    .byte   0x5C, 0x22, 0xD4, 0xC3, 0x1D, 0x3E, 0x01, 0xFF, 0xE3, 0xC3, 0x4B, 0x43, 0xA6, 0xDC, 0x5C, 0xF3
    .byte   0xED, 0x4C, 0x23, 0xD3, 0xD2, 0xE1, 0x3C, 0x4D,   -4, 0x03, 0xC4, 0xEF, 0x0E, 0x3D, 0x3E, 0xF2
    .byte   0xD3, 0xEE, 0x3D, 0x22, 0xC4, 0xE2, 0x1C, 0x4D, 0xF4, 0xC3, 0x2C, 0x4D, 0x3E, 0xE3, 0xB5, 0xDD
    .byte   0x5C, 0xE2, 0xE2, 0x2D, 0x3D, 0x22, 0xC5, 0xDE, 0x4B,    3, 0x00, 0xD4, 0xC4, 0xC2, 0x2C, 0x5C
    .byte   0x22, 0xD1, 0x2F, 0x13, 0xC3, 0xFE, 0x4C, 0x32, 0xC3, 0xEF, 0xE3, 0xED, 0x5B, 0x05, 0xB5, 0xEC
    .byte   0x4B, 0x5C, 0x3F, 0xC5, 0xC1, 0x3F, 0xF0, 0x1C, 0x4E, 0xD4,  -11, 0x02, 0x3E, 0x23, 0xFC, 0x4C
    .byte   0x33, 0xC3, 0xED, 0x3D, 0x3F, 0xF1, 0xC4, 0xD3, 0x3D, 0x3D, 0xE0, 0x31, 0x20, 0xDD, 0x3E, 0x31
    .byte   0xDE, 0xD3, 0xF3, 0x2E, 0x1D, 0xE3, 0x20, 0x3D, 0xEE, 0xF2, 0x4E,    9, 0x0D, 0xD3, 0xE3, 0x1D
    .byte   0xFD, 0xF3, 0x22, 0x2D, 0xFE, 0x23, 0x22, 0xFC, 0xFE, 0xF4, 0xFF, 0xED, 0xF1, 0x32, 0x2D, 0xD0
    .byte   0x13, 0x3F, 0xFD, 0xE0, 0x12, 0xF2, 0x2D, 0x00, 0xF3, 0x2F, 0xEE, 0xDF,   -6, 0x02, 0x02, 0xEE
    .byte   0x12, 0x21, 0x2E, 0xFE, 0xE2, 0xE3, 0xFF, 0x2D, 0x01, 0x02, 0x2E, 0xEF, 0xEF, 0x30, 0x21, 0xD1
    .byte   0x00, 0x22, 0xFE, 0x2D, 0x12, 0xE2, 0x1E, 0x00, 0xF1, 0x11, 0x01, 0xF0, 0x10,    1, 0x00, 0x00
    .byte   0xFF, 0x00, 0x11, 0x01, 0x0F, 0xFF, 0xF0, 0xF2, 0x01, 0x0E, 0x00, 0x21, 0x0F, 0xFE, 0xF0, 0x22
    .byte   0xFF, 0xFE, 0x10, 0x21, 0xFF, 0xEF, 0x01, 0x22, 0xFE, 0xFF, 0x02, 0x01, 0x1E, 0x0E,   -3, 0x02
    .byte   0x11, 0xFF, 0xEE, 0x21, 0x22, 0xE0, 0xEF, 0x12, 0x2F, 0xEE, 0xFF, 0x02, 0x20, 0x0E, 0xF0, 0x11
    .byte   0x10, 0x0E, 0x01, 0x11, 0x11, 0x1F, 0x0F, 0xF1, 0xF0, 0x0F, 0xF0, 0x11, 0x10, 0xF1, 0x0F,    0
    .byte   0x01, 0x00, 0xF0, 0x0F, 0x00, 0x11, 0xFF, 0x01, 0x0F, 0x10, 0x01, 0xF1, 0x01, 0x01, 0x00, 0x0E
    .byte   0x00, 0xF0, 0x10, 0x00, 0xF1, 0x10, 0x10, 0xF0, 0xF0, 0x11, 0xF1, 0x0F, 0x0F, 0xF0, 0x0F, 0xF1
    .byte     -3, 0x0F, 0x2F, 0x00, 0x11, 0x01, 0x01, 0x00, 0xF0, 0xF1, 0xF1, 0x1F, 0x00, 0xF0, 0x1F, 0x11
    .byte   0x11, 0x00, 0xFF, 0x10, 0xFF, 0x00, 0xE0, 0xF0, 0x10, 0x11, 0x00, 0xE0, 0xF1, 0xFF, 0x0F, 0xFE
    .byte   0xFF,  -12, 0x00, 0xF0, 0xFF, 0x01, 0x21, 0x22, 0x12, 0xF0, 0x02, 0x22, 0x22, 0x21, 0x11, 0x10
    .byte   0xFF, 0xEE, 0xEF, 0xFF, 0xF1, 0x0E, 0xFE, 0x0E, 0xFF, 0x0E, 0xEF, 0xE0, 0xE0, 0xEE, 0xED, 0xEF
    .byte   0xEF, 0x11,  -45, 0x01, 0x20, 0x2F, 0x02, 0x23, 0x33, 0x54, 0x43, 0x21, 0xDD, 0xDD, 0xED, 0xDE
    .byte   0xDE, 0x12, 0x33, 0x22, 0x1E, 0xF1, 0x21, 0x1E, 0xED, 0xDE, 0x10, 0xF1, 0xFE, 0xEE, 0xE1, 0x20
    .byte   0x12, 0xEE, 0x0E,  -18, 0x0F, 0xFE, 0xED, 0xDD, 0xEE, 0x10, 0x22, 0x23, 0x34, 0x45, 0x54, 0x40
    .byte   0xED, 0xCC, 0xDD, 0xED, 0xED, 0xD1, 0x13, 0x33, 0x32, 0x11, 0x11, 0x00, 0x0E, 0xED, 0xDF, 0xEE
    .byte   0x20, 0xFE, 0xE0, 0xEF,  -13, 0x02, 0x21, 0x01, 0xFE, 0xE1, 0x0F, 0xDD, 0xDD, 0xDD, 0x1F, 0xF2
    .byte   0x03, 0x33, 0x45, 0x64, 0x44, 0x2D, 0xCB, 0xDC, 0xDD, 0xEE, 0xDF, 0x12, 0x33, 0x34, 0x22, 0x11
    .byte   0xEE, 0x0E, 0xED, 0xDD, 0xED,  -20, 0x02, 0x22, 0xF0, 0x0E, 0xF0, 0x22, 0x22, 0x22, 0xDE, 0xEE
    .byte   0xEE, 0xEE, 0xCD, 0xDD, 0xFE, 0x23, 0x23, 0x33, 0x44, 0x65, 0x44, 0x1D, 0xCB, 0xCC, 0xDD, 0xFF
    .byte   0xEE, 0x1F, 0x33, 0x34, 0x31, 0x0F,   31, 0x0E, 0xEF, 0x0E, 0xED, 0x0D, 0xD0, 0x01, 0x21, 0xF0
    .byte   0xEE, 0x02, 0x22, 0x31, 0xEE, 0xEE, 0xED, 0xEE, 0xDD, 0xDD, 0xEE, 0x12, 0x43, 0x34, 0x35, 0x63
    .byte   0x54, 0xEE, 0xBB, 0xCC, 0xCF, 0x01, 0xE1,  -11, 0x01, 0x22, 0x43, 0x33, 0x21, 0xED, 0xED, 0xEE
    .byte   0xE1, 0xED, 0xEE, 0xEE, 0x12, 0x11, 0x10, 0x11, 0x22, 0x22, 0x10, 0xED, 0xDD, 0xED, 0xED, 0xDD
    .byte   0xDF, 0x12, 0x34, 0x34, 0x45, 0x54, 0x54, 0xED,   69, 0x0C, 0xBC, 0xCE, 0x00, 0xE2, 0xE0, 0x21
    .byte   0x33, 0x34, 0x31, 0xFD, 0xED, 0xD0, 0xF1, 0x0E, 0xED, 0xDE, 0xEF, 0x02, 0x21, 0x20, 0x20, 0x21
    .byte   0x11, 0x0E, 0xDE, 0xDC, 0xDD, 0xDE, 0xE0, 0x22, 0x24,  -38, 0x03, 0x45, 0x55, 0x44, 0x2D, 0xCC
    .byte   0xBC, 0xDC, 0x21, 0xE2, 0xFE, 0xFE, 0x23, 0x34, 0x33, 0x1E, 0xED, 0xDF, 0xF1, 0x2E, 0x0D, 0xDC
    .byte   0xEE, 0xE1, 0x31, 0x32, 0x01, 0x10, 0x21, 0x10, 0xFD, 0xDD,  -43, 0x0D, 0xCE, 0xF0, 0x13, 0x23
    .byte   0x33, 0x35, 0x54, 0x55, 0x2F, 0xCC, 0xCB, 0xDC, 0x2F, 0xE2, 0xEE, 0xFD, 0x12, 0x24, 0x43, 0x3F
    .byte   0xEE, 0xDE, 0xE2, 0x20, 0xFF, 0xCD, 0xCD, 0xD1, 0x13, 0x33, 0x22,   -1, 0x00, 0xF0, 0x01, 0x1E
    .byte   0xED, 0xCD, 0xCD, 0xD0, 0x02, 0x32, 0x33, 0x44, 0x54, 0x55, 0x33, 0xDC, 0xCC, 0xCC, 0xEE, 0xE2
    .byte   0xEE, 0x0D, 0x00, 0x03, 0x43, 0x33, 0x0F, 0xED, 0x0E, 0x01, 0x11, 0xDD,   -5, 0x0C, 0xDD, 0x01
    .byte   0x33, 0x33, 0x2F, 0x0E, 0xF1, 0x1F, 0xFE, 0xDC, 0xDC, 0xDE, 0xE1, 0x22, 0x33, 0x34, 0x54, 0x55
    .byte   0x34, 0x0D, 0xDC, 0xCC, 0xED, 0xE1, 0xEE, 0xED, 0xEE, 0xE2, 0x32, 0x43, 0x31,   31, 0x0F, 0xFE
    .byte   0x01, 0x10, 0xEE, 0xDC, 0xDC, 0xED, 0x22, 0x33, 0x23, 0x10, 0x0F, 0xE0, 0xFF, 0xEE, 0xDD, 0xDD
    .byte   0xDE, 0xF0, 0x32, 0x34, 0x54, 0x45, 0x43, 0x2F, 0xFC, 0xDD, 0xDE, 0xD1, 0xED, 0xFD,   -7, 0x0D
    .byte   0xD1, 0x22, 0x33, 0x33, 0x12, 0x00, 0xF1, 0x20, 0xFF, 0xED, 0xCD, 0xCD, 0xEF, 0x22, 0x32, 0x31
    .byte   0x10, 0x0E, 0x0F, 0xFE, 0xEE, 0xDE, 0xDE, 0xEE, 0xF2, 0x23, 0x54, 0x45, 0x44, 0x21, 0xFD,   55
    .byte   0x0D, 0xEF, 0xEF, 0xFE, 0xDD, 0xDD, 0xCE, 0x01, 0x23, 0x33, 0x22, 0x21, 0x00, 0x22, 0x11, 0x0D
    .byte   0xEC, 0xDC, 0xDE, 0xE2, 0x22, 0x32, 0x11, 0x0E, 0xFF, 0xFE, 0x1F, 0xEF, 0xEE, 0xED, 0xEE, 0x11
    .byte    -42, 0x04, 0x45, 0x54, 0x4E, 0x2E, 0xDE, 0xD0, 0xE0, 0x1F, 0xFD, 0xDD, 0xCC, 0xEE, 0x02, 0x33
    .byte   0x32, 0x21, 0x10, 0x12, 0x22, 0x2F, 0xFD, 0xDC, 0xDC, 0xEE, 0xF2, 0x23, 0x22, 0xFE, 0xEE, 0xEF
    .byte   0xF0,  -30, 0x01, 0x1F, 0xEE, 0xDE, 0xEE, 0x24, 0x45, 0x54, 0x43, 0x00, 0xDD, 0xDE, 0x11, 0x22
    .byte   0xFF, 0xDD, 0xCC, 0xCE, 0xE2, 0x23, 0x33, 0x21, 0x1F, 0xE2, 0x12, 0x22, 0x2F, 0xED, 0xCD, 0xCE
    .byte   0xD1, 0x22,  -21, 0x02, 0x20, 0xEE, 0xED, 0xFF, 0x12, 0x21, 0x1F, 0xDE, 0xDE, 0x01, 0x44, 0x45
    .byte   0x44, 0x32, 0xED, 0xDE, 0xE0, 0x13, 0x12, 0xEE, 0xDC, 0xCD, 0xCE, 0xF2, 0x33, 0x23, 0x20, 0xEF
    .byte   0xF0, 0x22, 0x22,   24, 0x0E, 0xED, 0xDC, 0xDE, 0xE1, 0x22, 0x31, 0x0F, 0xEE, 0xDE, 0xFF, 0x22
    .byte   0x21, 0x1E, 0xED, 0xFF, 0x23, 0x44, 0x53, 0x43, 0x2F, 0xDD, 0xEE, 0x01, 0x31, 0x20, 0xED, 0xCC
    .byte   0xDC, 0xEF, 0x12, 0x33,    3, 0x02, 0x11, 0x0E, 0x01, 0x22, 0x11, 0x0F, 0xDE, 0xDD, 0xDE, 0xF0
    .byte   0x21, 0x21, 0x1F, 0xEE, 0xEE, 0xE0, 0x20, 0x21, 0xFF, 0xEF, 0xF1, 0x33, 0x44, 0x43, 0x33, 0x1E
    .byte   0x0D, 0xE0, 0xF2, 0x12, 0x1F,   44, 0x0D, 0xCD, 0xCD, 0xEE, 0x22, 0x32, 0x22, 0x20, 0xFE, 0x10
    .byte   0x21, 0x20, 0x1E, 0xED, 0xED, 0xDE, 0xE0, 0x20, 0x20, 0x0F, 0xEE, 0xEF, 0xF0, 0x12, 0x02, 0xE0
    .byte   0xFE, 0x13, 0x14, 0x43, 0x44, 0x22,   53, 0x0F, 0xEE, 0xEF, 0x12, 0x02, 0xFE, 0xDD, 0xDC, 0xDD
    .byte   0xE1, 0x13, 0x22, 0x30, 0x10, 0xF0, 0x01, 0x20, 0x20, 0xFE, 0xED, 0xDE, 0xED, 0x11, 0x11, 0x11
    .byte   0x0E, 0xEF, 0xEF, 0xF1, 0x12, 0x12, 0xFE,  -33, 0x0F, 0x13, 0x14, 0x43, 0x43, 0x32, 0xEE, 0xEE
    .byte   0x0E, 0x22, 0x12, 0xEF, 0xDD, 0xDC, 0xDD, 0xE1, 0x22, 0x32, 0x20, 0x00, 0xFF, 0x11, 0x22, 0x11
    .byte   0xFE, 0xED, 0xDE, 0xDF, 0x00, 0x02, 0x00, 0xFE,  -32, 0x0E, 0xEF, 0x11, 0x22, 0x12, 0xFF, 0xEF
    .byte   0xF3, 0x14, 0x43, 0x43, 0x32, 0xEE, 0xEE, 0xFF, 0x21, 0x22, 0x1E, 0xDD, 0xCD, 0xCE, 0xE1, 0x22
    .byte   0x23, 0x00, 0x0F, 0xE1, 0x21, 0x22, 0x21, 0x0F, 0xDD,  -10, 0x0D, 0xEE, 0xF2, 0x02, 0x1F, 0xFE
    .byte   0xED, 0xFF, 0xF1, 0x22, 0x21, 0x0F, 0xEF, 0xE2, 0x33, 0x34, 0x43, 0x32, 0x1E, 0xFE, 0xEF, 0x22
    .byte   0x22, 0x0F, 0xED, 0xDC, 0xCE, 0xD0, 0x12, 0x22, 0x22, 0xFF,   -2, 0x0F, 0x11, 0x22, 0x31, 0x10
    .byte   0xEE, 0xDD, 0xDE, 0xF0, 0x12, 0x00, 0xFE, 0xED, 0xEF, 0xE2, 0x02, 0x22, 0x1F, 0xEE, 0xE1, 0x23
    .byte   0x34, 0x43, 0x41, 0x3E, 0xFE, 0xE0, 0x01, 0x32, 0x20, 0xEE, 0xCD,   11, 0x0D, 0xDE, 0xE2, 0x12
    .byte   0x21, 0xFE, 0xFF, 0xF2, 0x22, 0x32, 0x2F, 0x0E, 0xDD, 0xED, 0x0F, 0x11, 0x10, 0xEF, 0xED, 0xEE
    .byte   0xF0, 0x20, 0x22, 0x11, 0xFF, 0xEE, 0xF0, 0x33, 0x34, 0x43, 0x32, 0x0E,   38, 0x0E, 0xF2, 0x03
    .byte   0x22, 0x2E, 0xED, 0xDC, 0xDD, 0xEE, 0x02, 0x20, 0x0F, 0xEE, 0xFF, 0x13, 0x23, 0x31, 0x10, 0xDE
    .byte   0xDE, 0xEE, 0x11, 0x11, 0xEF, 0xEE, 0xDE, 0xFF, 0xF2, 0x11, 0x11, 0x00, 0xE0,  -36, 0x00, 0x01
    .byte   0x32, 0x34, 0x33, 0x31, 0x21, 0x10, 0x02, 0x12, 0x22, 0x1E, 0xFD, 0xDD, 0xDD, 0xEE, 0xFF, 0xF1
    .byte   0xE0, 0xEF, 0xF1, 0x22, 0x32, 0x22, 0x00, 0xFE, 0xEE, 0xE0, 0xE1, 0xEF, 0xFE, 0xEE,  -25, 0x0F
    .byte   0xEF, 0xFF, 0x10, 0xF0, 0x0F, 0x10, 0x0F, 0x10, 0x12, 0x23, 0x33, 0x33, 0x32, 0x10, 0x11, 0x12
    .byte   0x22, 0x22, 0xFE, 0xDE, 0xDD, 0xDE, 0xEE, 0x0E, 0xF0, 0xEE, 0xFE, 0x20, 0x23, 0x22, 0x21,   14
    .byte   0x0E, 0xFE, 0xEF, 0xE1, 0xFF, 0xFE, 0xFE, 0xEE, 0xFE, 0xFF, 0xFF, 0xFF, 0x00, 0xF1, 0x1F, 0x0F
    .byte   0xF1, 0x12, 0x33, 0x33, 0x42, 0x12, 0x11, 0x10, 0x30, 0x32, 0x12, 0xEE, 0xDD, 0xDE, 0xDE, 0xFE
    .byte      1, 0x0E, 0xEF, 0xEE, 0x00, 0x12, 0x23, 0x12, 0x11, 0x1E, 0x00, 0xE1, 0xFE, 0x0E, 0xFE, 0xEF
    .byte   0xEF, 0xEF, 0xF0, 0xE0, 0xFF, 0xF0, 0x11, 0x11, 0x00, 0xEF, 0x02, 0x33, 0x33, 0x33, 0x12, 0xF0
    .byte   0x12,   36, 0x03, 0x13, 0x20, 0xFE, 0xDD, 0xDE, 0xEE, 0x0E, 0xEE, 0xFD, 0xEE, 0xF0, 0x12, 0x22
    .byte   0x22, 0xFF, 0x0F, 0x1F, 0x1F, 0xFF, 0xFE, 0xEF, 0xEE, 0x00, 0xE0, 0xE0, 0xEF, 0xFF, 0x00, 0x20
    .byte   0x10, 0x0F,  -32, 0x0F, 0xF0, 0x32, 0x33, 0x33, 0x12, 0x2F, 0x12, 0x23, 0x22, 0x3F, 0x0E, 0xEE
    .byte   0xDF, 0xEE, 0xEE, 0xED, 0xFD, 0xEE, 0xE1, 0x11, 0x20, 0x21, 0x02, 0x01, 0x11, 0x0F, 0x0E, 0xFF
    .byte   0xEF, 0x00, 0xE0,  -16, 0x0E, 0xEF, 0xEF, 0xF0, 0x11, 0x1F, 0x1F, 0xFF, 0xFF, 0x00, 0x13, 0x22
    .byte   0x33, 0x12, 0x12, 0x22, 0x22, 0x32, 0x22, 0x11, 0x0E, 0xFE, 0xEE, 0xEE, 0xEE, 0xED, 0xEE, 0xFE
    .byte   0xE1, 0x00, 0x00, 0x20,   -6, 0x02, 0xF1, 0x00, 0xFF, 0xF0, 0xF0, 0xFF, 0xFF, 0x0E, 0xEF, 0xEF
    .byte   0xFF, 0xF0, 0x11, 0xF0, 0x00, 0x0F, 0xFF, 0x0F, 0x23, 0x22, 0x32, 0x11, 0x22, 0x12, 0x23, 0x22
    .byte   0x21, 0x2F, 0xFF, 0xFE, 0x0E,   32, 0x0E, 0xEE, 0xED, 0xEF, 0xEE, 0x0E, 0x01, 0xF1, 0x10, 0x20
    .byte   0x01, 0xFF, 0xFF, 0x00, 0xFF, 0x1F, 0xF0, 0xE0, 0xEF, 0xFF, 0xF0, 0x00, 0x01, 0x0F, 0x00, 0xF0
    .byte   0x0F, 0x1F, 0x22, 0x12, 0x22, 0x11,    2, 0x02, 0x12, 0x22, 0x31, 0x22, 0x11, 0x11, 0x0F, 0xFE
    .byte   0xFE, 0xFE, 0xEE, 0xEE, 0xEE, 0x0E, 0xFF, 0xFF, 0x01, 0x00, 0x0F, 0x00, 0xF0, 0xF0, 0xFF, 0xF1
    .byte   0x10, 0x00, 0xFE, 0x10, 0x0F, 0x00, 0xF0,  -16, 0x0F, 0x10, 0x01, 0x01, 0x0E, 0x11, 0xF2, 0x21
    .byte   0x02, 0x11, 0x11, 0x12, 0x21, 0x22, 0x11, 0x20, 0x21, 0x11, 0xFF, 0xFF, 0xF0, 0xEF, 0x0E, 0xEF
    .byte   0xFE, 0xFF, 0x0E, 0x00, 0xE1, 0xFF, 0xFF, 0xFF,   -9, 0x00, 0x0F, 0x01, 0x0E, 0xF2, 0xF1, 0x01
    .byte   0x10, 0xEF, 0x02, 0x1F, 0x00, 0xE0, 0x01, 0x01, 0x0F, 0x0F, 0x0F, 0x2F, 0x11, 0x00, 0x10, 0x20
    .byte   0x12, 0x11, 0x12, 0x02, 0x02, 0x02, 0x00, 0x10, 0x11,   24, 0x0F, 0x0F, 0xFF, 0xF0, 0x0E, 0x0F
    .byte   0xEF, 0xFF, 0x0E, 0x0E, 0x0F, 0xE0, 0xFF, 0xFF, 0xFF, 0xF0, 0x0F, 0x10, 0x00, 0x01, 0x01, 0x11
    .byte   0x01, 0x01, 0x00, 0x10, 0x11, 0xF1, 0xF0, 0x00, 0xF1, 0x0F,   -6, 0x0F, 0x10, 0x00, 0xF1, 0x01
    .byte   0x01, 0x11, 0x11, 0x02, 0x01, 0x20, 0x10, 0x20, 0x10, 0x11, 0x1F, 0x10, 0xF1, 0xF0, 0xFF, 0x0E
    .byte   0x00, 0xE0, 0x0E, 0x00, 0xE0, 0xFF, 0xFF, 0xFF, 0xFF, 0xFF, 0x1F,  -12, 0x01, 0x1F, 0x01, 0x00
    .byte   0x01, 0x11, 0x00, 0x11, 0x01, 0x1F, 0x10, 0x01, 0x00, 0x0F, 0x0F, 0x00, 0x10, 0xF0, 0x00, 0x01
    .byte   0x00, 0x1F, 0x10, 0x11, 0x11, 0x10, 0x11, 0x01, 0x11, 0x11, 0x01, 0x00,   11, 0x00, 0x01, 0xF0
    .byte   0xF0, 0x0F, 0x0F, 0xFF, 0xFF, 0x0F, 0x0E, 0x0F, 0xF0, 0xFF, 0xF1, 0xFF, 0x00, 0x0F, 0x01, 0xF1
    .byte   0x00, 0x11, 0xF1, 0x00, 0x10, 0x11, 0x00, 0x01, 0x01, 0x00, 0x00, 0xF1, 0x00,    0, 0x00, 0x0F
    .byte   0xF1, 0x00, 0xF1, 0xF1, 0x01, 0x0F, 0x10, 0x1F, 0x11, 0x00, 0x01, 0x10, 0x01, 0x00, 0x01, 0xF1
    .byte   0x0F, 0x1F, 0x00, 0xF0, 0x0F, 0xFF, 0x0F, 0x0F, 0x10, 0xF0, 0xF0, 0xF0, 0xF0, 0x00,   -5, 0x01
    .byte   0x00, 0xF1, 0x01, 0x01, 0x00, 0x01, 0x00, 0x00, 0x01, 0x01, 0xF1, 0xF1, 0x0F, 0x10, 0xF0, 0x10
    .byte   0xF1, 0xF0, 0x00, 0x00, 0x00, 0x0F, 0x01, 0xF0, 0x00, 0x00, 0x10, 0x00, 0x10, 0x01, 0x00,    2
    .byte   0x00, 0x00, 0x01, 0xF0, 0x0F, 0x10, 0x1F, 0xF0, 0x01, 0xF0, 0x0F, 0x00, 0xF0, 0x01, 0x00, 0xF0
    .byte   0x00, 0x0F, 0x01, 0xF0, 0x00, 0x01, 0xF1, 0x00, 0x01, 0xF0, 0x1F, 0x01, 0x00, 0x00, 0x00, 0x00
    .byte      1, 0x0F, 0x00, 0x00, 0xF1, 0x00, 0x00, 0x01, 0x0F, 0x01, 0xF0, 0x01, 0x00, 0xF1, 0x00, 0xF1
    .byte   0xF0, 0x10, 0x00, 0xF1, 0xF0, 0x1F, 0xF1, 0x00, 0x00, 0x00, 0xF1, 0x10, 0x01, 0x2E, 0xD2, 0x21
    .byte   0xDF,   -1, 0x02, 0xFD, 0x13, 0x0D, 0xF3, 0xFE, 0xE2, 0x2F, 0xF1, 0x21, 0x23, 0x3C, 0xA0, 0x62
    .byte   0xBD, 0x44, 0x1C, 0xF3, 0x0C, 0x12, 0x2E, 0xE1, 0x32, 0x1D, 0xF2, 0x2E, 0xDF, 0x34, 0xDD, 0x13
    .byte   0xED, 0xF3,    7, 0x0E, 0xD1, 0x4D, 0xD3, 0x4D, 0xCD, 0x34, 0xDD, 0x14, 0xC2, 0x41, 0xDD, 0xE2
    .byte   0x3F, 0x2D, 0xD3, 0x33, 0xDC, 0x33, 0xDD, 0x05, 0xBE, 0x33, 0xE0, 0xFD, 0x3E, 0x3F, 0xFD, 0x23
    .byte   0x2C, 0x24, 0xCC,    5, 0x04, 0xBD, 0x34, 0xCF, 0x3F, 0xDC, 0x54, 0xA1, 0x6C, 0xB4, 0x5B, 0x03
    .byte   0xEE, 0x22, 0xF0, 0xE3, 0xD2, 0x3C, 0xEE, 0x43, 0xB2, 0x33, 0xB1, 0x6C, 0xC1, 0x4F, 0xD0, 0x1D
    .byte   0x41, 0xC3, 0x4D, 0xB4,   19, 0x0B, 0xF4, 0xC2, 0x3E, 0xD4, 0xDC, 0x5E, 0xDE, 0x5D, 0xB4, 0x5C
    .byte   0xA4, 0x51, 0xCF, 0x11, 0xF2, 0xF0, 0x2D, 0xE3, 0x3D, 0xE0, 0x0E, 0x41, 0xB3, 0x3F, 0x3C, 0x22
    .byte   0xFC, 0x45, 0xAE, 0x5D, 0xD2,    9, 0x0D, 0xD3, 0x13, 0xDC, 0x35, 0xDB, 0x25, 0xDC, 0x32, 0x20
    .byte   0xC2, 0x42, 0xCC, 0x44, 0xDC, 0x05, 0xFA, 0x44, 0x3B, 0xD4, 0x20, 0x01, 0xB5, 0x1C, 0x35, 0xBA
    .byte   0x65, 0xBD, 0x4E, 0xD1, 0x42, 0xB2,   -6, 0x04, 0xDD, 0x4F, 0xC1, 0x42, 0xC2, 0x2B, 0x54, 0xBD
    .byte   0x51, 0xB0, 0x53, 0xBB, 0x64, 0xBC, 0x36, 0xBB, 0x54, 0xCB, 0x44, 0xFD, 0x2C, 0x25, 0xCC, 0x43
    .byte   0xDE, 0x2E, 0x22, 0xE1, 0x0D, 0x03, 0x31,   -9, 0x0E, 0x34, 0x1C, 0xD4, 0xED, 0x43, 0xCC, 0x33
    .byte   0x32, 0xBC, 0x63, 0xB2, 0x4C, 0xC4, 0x5F, 0xAD, 0x52, 0xF2, 0x1B, 0xE5, 0x20, 0xEC, 0xE3, 0x31
    .byte   0x2E, 0xCD, 0x45, 0xEB, 0xD4, 0x2E, 0x30, 0xDD,  -12, 0x04, 0x4E, 0xBD, 0x52, 0xDE, 0x3D, 0xC4
    .byte   0x4F, 0xCD, 0x32, 0x3E, 0xDE, 0xF3, 0x11, 0x3C, 0xC3, 0x50, 0xCE, 0x02, 0x20, 0x2E, 0xDE, 0x33
    .byte   0x2D, 0xC3, 0x32, 0xFD, 0xFF, 0x03, 0x2E, 0xDD, 0x34,   11, 0x0C, 0xD3, 0x3F, 0xF1, 0x2C, 0xE4
    .byte   0x4C, 0xC3, 0x3D, 0x23, 0xEC, 0x13, 0x3E, 0xED, 0x13, 0x2E, 0xF2, 0xEC, 0x44, 0xDC, 0x13, 0x1E
    .byte   0x22, 0xDE, 0x13, 0x3F, 0xCD, 0x42, 0xEF, 0x0F, 0xD0, 0x42,    3, 0x0D, 0x11, 0x22, 0xFE, 0x0E
    .byte   0x13, 0x2D, 0xD2, 0x21, 0x01, 0xFE, 0xF3, 0x0F, 0xEE, 0x22, 0x10, 0xEE, 0x12, 0x21, 0xED, 0x12
    .byte   0x2F, 0x0E, 0x0F, 0x22, 0x1D, 0x12, 0x11, 0xE1, 0x0F, 0x11, 0x0F,   -3, 0x0F, 0x03, 0xEE, 0x11
    .byte   0x01, 0x1F, 0xFF, 0xF0, 0x21, 0xEE, 0x22, 0xE0, 0x21, 0xD1, 0x12, 0x10, 0xE0, 0x10, 0x20, 0x1E
    .byte   0xF2, 0x21, 0x0E, 0x01, 0x11, 0x1F, 0xEF, 0x22, 0xEF, 0xF1, 0xFF, 0x20,    3, 0x0E, 0x02, 0x0E
    .byte   0xFF, 0xFF, 0x01, 0x0E, 0xE1, 0x10, 0xFF, 0x00, 0xF1, 0x1F, 0xF0, 0x11, 0x11, 0x1F, 0x01, 0x20
    .byte   0xF0, 0x20, 0xF1, 0x2F, 0xF1, 0x22, 0x20, 0x01, 0x22, 0x02, 0x1E, 0xE2, 0x2F,   23, 0x0E, 0xE0
    .byte   0x0F, 0xEE, 0xEE, 0x02, 0x0E, 0xE0, 0x12, 0x10, 0x1F, 0x02, 0x21, 0xFE, 0x11, 0x0E, 0xFE, 0xEF
    .byte   0xF0, 0xEE, 0xE0, 0x11, 0xEF, 0xF0, 0x01, 0x0F, 0xF0, 0x12, 0x0F, 0x2F, 0x02, 0x01,  -17, 0x01
    .byte   0x31, 0x1E, 0x23, 0x20, 0x13, 0x22, 0xE3, 0x2F, 0xE1, 0x2F, 0xD0, 0x20, 0xDD, 0x02, 0xEE, 0xEF
    .byte   0xEE, 0x12, 0x1E, 0xE2, 0x3F, 0x00, 0x11, 0x12, 0x20, 0xEF, 0x02, 0xFF, 0xEF, 0xE1, 0x2F,    4
    .byte   0x0E, 0xF2, 0xFE, 0xEF, 0xFE, 0xF0, 0xFD, 0xE0, 0x0F, 0xEE, 0xFE, 0x00, 0x2F, 0x01, 0x22, 0x20
    .byte   0x22, 0x13, 0x12, 0x12, 0x22, 0x2F, 0x33, 0x0E, 0x12, 0x2E, 0xE2, 0xFD, 0x02, 0x0E, 0xDF, 0x00
    .byte      7, 0x0E, 0x1E, 0xE0, 0x22, 0xEE, 0x02, 0x11, 0x10, 0xF0, 0x22, 0x10, 0xE1, 0x10, 0x0F, 0xFF
    .byte   0x00, 0x11, 0x0E, 0x0F, 0x0F, 0xEE, 0xFE, 0xFF, 0xEE, 0xEF, 0xE0, 0xEE, 0xFF, 0xF1, 0xF2, 0x01
    .byte   0x22,  -27, 0x01, 0x22, 0x21, 0x22, 0x21, 0x22, 0x21, 0x12, 0x31, 0x00, 0x21, 0x01, 0x1E, 0xEE
    .byte   0x12, 0xFD, 0xEF, 0xFE, 0xF0, 0xEE, 0xF1, 0x2F, 0xE0, 0x10, 0x11, 0x10, 0xF1, 0x21, 0x00, 0x00
    .byte   0x01, 0x11,    7, 0x00, 0x11, 0x10, 0x10, 0xE0, 0x0F, 0xEE, 0xEF, 0xEF, 0xEF, 0xFD, 0xEF, 0x0F
    .byte   0xE1, 0xFE, 0x12, 0x3F, 0xE2, 0x21, 0x22, 0x2F, 0xF1, 0x32, 0x00, 0x21, 0x20, 0x33, 0xFE, 0x12
    .byte   0x3E, 0x01, 0xFE,   25, 0x00, 0x2F, 0xDE, 0xE1, 0xEE, 0x2E, 0xEF, 0xF2, 0x0E, 0xF1, 0x10, 0x12
    .byte   0xFF, 0x01, 0x22, 0xEF, 0xF0, 0x11, 0x11, 0xE0, 0x12, 0x2E, 0xF0, 0x0F, 0xFF, 0xEE, 0xE0, 0xFE
    .byte   0xEE, 0xFE, 0xEF, 0x0E,  -34, 0x0E, 0x01, 0x11, 0x02, 0x12, 0x12, 0x02, 0x12, 0x20, 0x12, 0x12
    .byte   0x11, 0x20, 0x22, 0x32, 0xE1, 0x21, 0x2E, 0x11, 0xEE, 0xF0, 0x2D, 0xEE, 0xFF, 0xEF, 0x0E, 0xEF
    .byte   0x22, 0xEF, 0x01, 0x00, 0x21,    2, 0x0F, 0x12, 0x1F, 0xFF, 0xF0, 0x02, 0x0E, 0xFF, 0x22, 0xE0
    .byte   0x10, 0xEF, 0x20, 0xED, 0xF1, 0xE0, 0xEE, 0xEE, 0x0E, 0x2E, 0xEF, 0x11, 0x02, 0x02, 0x0F, 0x30
    .byte   0x2F, 0x22, 0x02, 0x02, 0x2E, 0x22,   10, 0x01, 0xF2, 0x31, 0x02, 0x02, 0x00, 0x11, 0xEE, 0xF1
    .byte   0xFE, 0xEE, 0xFE, 0xE2, 0xEE, 0xE1, 0x21, 0xEF, 0x1F, 0x10, 0x20, 0x0E, 0x12, 0x10, 0xF1, 0x0F
    .byte   0x02, 0x0E, 0xFF, 0x22, 0xEF, 0x10, 0x01,    4, 0x01, 0xEE, 0xFF, 0xEE, 0x0E, 0x1D, 0xE2, 0xE0
    .byte   0xEF, 0x1F, 0x2E, 0x22, 0x20, 0xF3, 0xF1, 0x21, 0x2E, 0x21, 0x3E, 0xF2, 0xF3, 0xE2, 0x23, 0xFE
    .byte   0x3E, 0x3E, 0xF2, 0xE0, 0xE1, 0x0E, 0xFD, 0x1E,    7, 0x0F, 0xF1, 0xD1, 0x11, 0x1E, 0x1F, 0x01
    .byte   0x12, 0xFF, 0xF0, 0x21, 0x1E, 0x1E, 0x12, 0x01, 0xE1, 0xF1, 0x2F, 0x0F, 0xF0, 0x11, 0xEF, 0xEF
    .byte   0xFF, 0xEE, 0xEE, 0xF0, 0xE0, 0xFE, 0x00, 0x11, 0x11,  -26, 0x01, 0x12, 0x21, 0x02, 0x20, 0x2F
    .byte   0x20, 0x02, 0xE3, 0xF1, 0x12, 0x3F, 0x10, 0x21, 0x02, 0x01, 0xEE, 0x00, 0x2D, 0xEE, 0x1E, 0xF1
    .byte   0xEE, 0xE0, 0x20, 0xFF, 0x00, 0x10, 0x21, 0xE0, 0x02, 0x10,    6, 0x0E, 0x1E, 0x02, 0x0F, 0xEF
    .byte   0x12, 0x01, 0x1E, 0x01, 0x02, 0xEE, 0xEF, 0x0E, 0x0E, 0x0D, 0xF0, 0x0F, 0xE0, 0xFF, 0x10, 0x21
    .byte   0x10, 0x22, 0x12, 0x02, 0x12, 0x02, 0x0F, 0x2E, 0x3F, 0x11, 0x23,   18, 0x02, 0xF2, 0x2F, 0x20
    .byte   0x2D, 0x10, 0x01, 0xEE, 0xEF, 0xEF, 0x0E, 0x0D, 0x11, 0x1F, 0xF0, 0xE0, 0x02, 0x1F, 0xF0, 0x11
    .byte   0x11, 0x00, 0xFE, 0x21, 0x1E, 0xF1, 0xF3, 0xE1, 0xFE, 0x2E, 0x3D, 0x2E,   -6, 0x02, 0xD2, 0xE0
    .byte   0xED, 0x1E, 0x2E, 0xF0, 0xE2, 0xE2, 0x10, 0x2F, 0x3F, 0x2F, 0x22, 0x02, 0xF2, 0x01, 0x2F, 0x2E
    .byte   0x21, 0x03, 0xE2, 0x01, 0x21, 0x2E, 0x2E, 0x10, 0xF0, 0xE1, 0xEE, 0xFE, 0x0E,    3, 0x0E, 0x00
    .byte   0xF0, 0xFE, 0x1F, 0x20, 0x10, 0x01, 0x02, 0xF0, 0x0F, 0x0F, 0x2E, 0x00, 0x01, 0xF1, 0x01, 0xF0
    .byte   0x00, 0x0F, 0x0E, 0xF0, 0xFE, 0xFF, 0xEE, 0xFF, 0x0E, 0xFF, 0xF1, 0x11, 0x10, 0x20,  -16, 0x02
    .byte   0xF2, 0x01, 0x21, 0x20, 0x10, 0x21, 0x02, 0xE2, 0x21, 0x02, 0x0F, 0x20, 0x2F, 0xFF, 0xF2, 0xE0
    .byte   0xE1, 0xEE, 0x0F, 0xFD, 0x1F, 0xF1, 0xE0, 0xF0, 0xF1, 0x11, 0x1F, 0x10, 0x2F, 0x1F, 0x0F,    1
    .byte   0x01, 0x00, 0xE2, 0xFF, 0x11, 0x1E, 0x10, 0x10, 0xF0, 0xE0, 0xEF, 0xF0, 0xEE, 0xFF, 0xE0, 0xF0
    .byte   0xFE, 0x02, 0x11, 0x1E, 0x3F, 0x12, 0x21, 0x02, 0x12, 0x02, 0x11, 0x10, 0x11, 0x20, 0x2F, 0x10
    .byte     19, 0x02, 0xF2, 0xE1, 0xE2, 0x11, 0xFE, 0xFE, 0x1F, 0x0F, 0xDE, 0x01, 0xF0, 0xEF, 0xEF, 0x20
    .byte   0x2E, 0xF1, 0x02, 0xF2, 0xFE, 0x1F, 0x21, 0x1E, 0x2E, 0x21, 0x12, 0xD2, 0xE2, 0x1F, 0x0E, 0x0E
    .byte   0x1F,   -6, 0x0F, 0xD0, 0xE0, 0xF0, 0xFE, 0xF0, 0x10, 0x11, 0x11, 0x12, 0x21, 0x01, 0x21, 0x12
    .byte   0x02, 0xF1, 0x10, 0x2F, 0x2F, 0x2F, 0x02, 0x11, 0x11, 0x11, 0x01, 0x0F, 0x0F, 0x0E, 0x0E, 0x0F
    .byte   0xEF, 0xEF,    2, 0x0F, 0x0F, 0xEF, 0x10, 0x11, 0xF0, 0xF2, 0x01, 0xFE, 0x2E, 0x20, 0x00, 0x0F
    .byte   0x01, 0x10, 0xF1, 0xF0, 0xF1, 0xFF, 0xFF, 0xFF, 0xFE, 0x0E, 0x0F, 0xE0, 0xE1, 0xF1, 0xF0, 0x11
    .byte   0x11, 0x02, 0x11,  -13, 0x02, 0x20, 0x11, 0x21, 0xF2, 0xF2, 0xFF, 0x20, 0x10, 0x20, 0xF2, 0xF2
    .byte   0x01, 0xF0, 0x1F, 0x2E, 0x1E, 0xFF, 0xFF, 0xEF, 0xEE, 0x10, 0x0F, 0xEF, 0x11, 0x1F, 0x00, 0xF2
    .byte   0x01, 0xFF, 0xF0, 0x01,    0, 0x00, 0xE0, 0x00, 0x10, 0x0F, 0xF0, 0x11, 0x0F, 0xFF, 0x00, 0x0F
    .byte   0xFE, 0xF0, 0x00, 0xEF, 0xF0, 0x01, 0xF0, 0x0F, 0x21, 0x2F, 0x01, 0x12, 0x12, 0x1F, 0x02, 0x21
    .byte   0xF1, 0xF0, 0x12, 0x11, 0xF1,   14, 0x00, 0x20, 0xF1, 0xF0, 0x2E, 0x2F, 0xFF, 0xF0, 0xF1, 0xEE
    .byte   0x0E, 0x1F, 0xF0, 0xE0, 0xF0, 0x1F, 0x0F, 0x01, 0x01, 0x00, 0x0E, 0x1F, 0x1F, 0x0F, 0xF0, 0x00
    .byte   0x10, 0xF1, 0xF1, 0xF0, 0x01, 0x0F,   -4, 0x0F, 0xFF, 0x0E, 0xFE, 0x21, 0xE0, 0xE2, 0xE2, 0x2E
    .byte   0x3D, 0x12, 0x13, 0xD2, 0xFF, 0x3E, 0x3D, 0x22, 0xD4, 0xD2, 0x1D, 0x3D, 0x30, 0xF2, 0xE2, 0xF2
    .byte   0x1E, 0x3C, 0x4D, 0x12, 0xE1, 0xE2, 0xE2,   12, 0x0E, 0x2D, 0x10, 0xF0, 0x0F, 0xE1, 0x01, 0x1F
    .byte   0x0E, 0x21, 0x01, 0xE2, 0xD2, 0x2F, 0x0F, 0xEF, 0x2E, 0x10, 0xFE, 0x11, 0xF3, 0xD0, 0x2E, 0xF3
    .byte   0xEE, 0x0E, 0x3D, 0x3F, 0xD1, 0x20, 0x1F, 0xE3,  -21, 0x04, 0xFD, 0x4D, 0xF3, 0x0D, 0x4D, 0xD4
    .byte   0xEE, 0x22, 0xD4, 0xC3, 0x1D, 0x4C, 0x3E, 0x3E, 0xF3, 0xC4, 0xD0, 0x3C, 0x4D, 0x12, 0xD3, 0xD2
    .byte   0x1E, 0x2F, 0xE2, 0xFE, 0x2F, 0xF1, 0x1E, 0x21, 0xE2,    2, 0x0E, 0x3E, 0xE2, 0xFE, 0x21, 0xD3
    .byte   0xEF, 0x1F, 0xE3, 0xEE, 0x3D, 0x21, 0xE1, 0x2D, 0x20, 0x0E, 0x22, 0xD3, 0xD0, 0x3D, 0x12, 0xD3
    .byte   0x0E, 0x21, 0xE2, 0x01, 0xD4, 0xC3, 0x0E, 0x2F, 0xF1, 0xF2,   -3, 0x00, 0x2E, 0x2D, 0x3E, 0x3D
    .byte   0x3C, 0x4D, 0x21, 0xF3, 0xC4, 0xC4, 0xC3, 0x1E, 0x3E, 0xF2, 0xD3, 0xD4, 0xC1, 0x3C, 0x4D, 0x3E
    .byte   0xE2, 0xE3, 0xD2, 0x1D, 0x4C, 0x4D, 0xE3, 0xD2, 0x1E, 0x3D, 0x2E,   -4, 0x04, 0xC4, 0xC2, 0x1E
    .byte   0x20, 0xE2, 0xE2, 0x1E, 0x2E, 0x1E, 0x03, 0xD2, 0xFE, 0x3D, 0x3D, 0x10, 0xF1, 0x2E, 0x2F, 0xF2
    .byte   0xD3, 0xEE, 0x3D, 0x22, 0xE2, 0xFE, 0xF2, 0xE2, 0x1D, 0x3D, 0x32, 0xE1,    0, 0x00, 0xE3, 0xC4
    .byte   0xEE, 0x2E, 0x3F, 0xF1, 0xD3, 0xE2, 0xEE, 0x2D, 0x32, 0xE3, 0xC3, 0xE1, 0x2E, 0x2E, 0x1F, 0x21
    .byte   0xE1, 0xFF, 0x2E, 0x3D, 0x01, 0xE3, 0xE0, 0x0F, 0x10, 0x2E, 0x11, 0xD3, 0xD3,    0, 0x01, 0xFE
    .byte   0x20, 0x2D, 0x3D, 0x02, 0xF1, 0x2E, 0x00, 0xF2, 0xFF, 0xFF, 0xF2, 0x0F, 0xFE, 0x02, 0x11, 0x1E
    .byte   0xE2, 0x0F, 0x3D, 0x12, 0xE2, 0xFF, 0xFE, 0x11, 0x22, 0xD2, 0xFF, 0x2F, 0xF0, 0xFE,    1, 0x00
    .byte   0xF2, 0xE1, 0x0E, 0x3D, 0x2E, 0x02, 0x02, 0xE1, 0xE2, 0xE3, 0xEE, 0x1E, 0x21, 0x01, 0xE2, 0xE2
    .byte   0x2E, 0x1D, 0x3D, 0x3E, 0x2E, 0x01, 0xE3, 0xD3, 0xE0, 0xE2, 0xF2, 0xEE, 0x2E, 0x22, 0xD3,   -4
    .byte   0x02, 0x11, 0x2D, 0x1F, 0x10, 0x2E, 0x2E, 0x10, 0x2D, 0x3E, 0xF0, 0xF2, 0xF1, 0x01, 0xE1, 0x10
    .byte   0x00, 0xF0, 0xF1, 0x12, 0xE1, 0xEF, 0x2F, 0x2E, 0x0F, 0xE3, 0x01, 0x0D, 0x3D, 0x3E, 0x11, 0xD2
    .byte     -2, 0x02, 0x1F, 0xEF, 0x2F, 0x12, 0xFD, 0x2E, 0x32, 0xD2, 0xD2, 0x12, 0x2D, 0x2D, 0x23, 0xD4
    .byte   0xC1, 0xE2, 0x22, 0xEE, 0xEF, 0x32, 0x12, 0xC1, 0x01, 0x3E, 0xEE, 0x2D, 0x40, 0xE2, 0xC3, 0xF1
    .byte   0x3E,   -1, 0x0F, 0xE2, 0x3F, 0xEE, 0x0E, 0x22, 0xF1, 0xDF, 0x23, 0xE2, 0xEE, 0x1E, 0x32, 0xD1
    .byte   0xF1, 0x12, 0xE2, 0xEE, 0x2E, 0x3D, 0x3E, 0x1E, 0x10, 0xF2, 0x0E, 0x2E, 0x03, 0xE2, 0xD1, 0x10
    .byte   0x2E, 0x2E,   -6, 0x03, 0xE3, 0xEE, 0xE1, 0xFF, 0x4D, 0xFF, 0xF2, 0x1F, 0xEF, 0xF1, 0x22, 0xED
    .byte   0x21, 0x21, 0xD2, 0x1F, 0x21, 0xE2, 0xE0, 0x3D, 0x10, 0xE2, 0xE3, 0xEF, 0xFD, 0x4E, 0x0F, 0xD3
    .byte   0xF2, 0x0F, 0xEF,   -2, 0x01, 0x2F, 0xE1, 0xE2, 0x3E, 0xFE, 0xF0, 0xF2, 0xF0, 0x0E, 0x30, 0xE2
    .byte   0xEF, 0x0E, 0x20, 0xF0, 0xF0, 0x2F, 0xFF, 0xFF, 0xF2, 0x00, 0x20, 0xE1, 0x11, 0x2E, 0xEF, 0xE1
    .byte   0x21, 0xEF, 0x10, 0x30,    4, 0x00, 0xE0, 0x12, 0xEE, 0xF0, 0x21, 0x00, 0x1F, 0xE2, 0x01, 0xEE
    .byte   0x11, 0x2F, 0x10, 0x11, 0xF0, 0xFF, 0xFF, 0x1F, 0x21, 0x11, 0xE1, 0x0F, 0x0E, 0xF0, 0x12, 0x2F
    .byte   0xF0, 0xF1, 0xFF, 0xFF, 0xF0,    2, 0x01, 0x1F, 0x01, 0x0E, 0xFE, 0xE1, 0x32, 0x10, 0xF1, 0xFE
    .byte   0x0D, 0x1F, 0x02, 0x22, 0x21, 0xF0, 0xE0, 0xEE, 0xE0, 0x01, 0x22, 0x10, 0x10, 0xEE, 0xF1, 0x11
    .byte   0x12, 0x22, 0x0F, 0xEE, 0xEF, 0xEE,  -11, 0x02, 0x22, 0x12, 0xFE, 0xE0, 0xF0, 0xF0, 0x2F, 0x32
    .byte   0x1F, 0xEE, 0x0D, 0xEE, 0x12, 0x12, 0x22, 0x22, 0xFF, 0xEE, 0x2E, 0xED, 0x01, 0x22, 0x20, 0x10
    .byte   0x22, 0x0E, 0xEE, 0xEF, 0xF0, 0x10, 0x02,    3, 0x02, 0x1F, 0xFE, 0x0F, 0xE1, 0x0F, 0x11, 0x12
    .byte   0x1F, 0xEE, 0xF0, 0x21, 0x1E, 0x11, 0x32, 0xEE, 0xDE, 0x22, 0xEE, 0x02, 0x32, 0x11, 0x0D, 0xE1
    .byte   0x1F, 0xDF, 0x22, 0x21, 0x3E, 0xEE, 0x13, 0xEF,   -2, 0x0F, 0xFF, 0x22, 0xEE, 0xE2, 0x32, 0xEF
    .byte   0xFF, 0x00, 0xFE, 0xF1, 0x12, 0x2E, 0x12, 0xFE, 0xE1, 0xFE, 0xF1, 0x32, 0x1E, 0xF2, 0x0E, 0xED
    .byte   0x00, 0x22, 0x13, 0x0F, 0x2E, 0xEE, 0xD2, 0x20, 0x22,    3, 0x0E, 0x12, 0x20, 0xDD, 0xFF, 0x30
    .byte   0x20, 0xE3, 0x32, 0xDD, 0xC0, 0x32, 0xEF, 0x13, 0x2F, 0x1F, 0x0D, 0xF1, 0x22, 0xEE, 0xE2, 0x3F
    .byte   0x1D, 0xD2, 0x23, 0x0F, 0xD1, 0x32, 0xFD, 0xEE, 0xE2, 0x32,    5, 0x0F, 0xEF, 0x2E, 0xFF, 0xD2
    .byte   0x34, 0xEE, 0xEF, 0x2D, 0xD1, 0xFE, 0xF3, 0x42, 0xDF, 0x32, 0xDC, 0xE1, 0x21, 0x02, 0x3F, 0x2E
    .byte   0xE0, 0x0E, 0xED, 0x13, 0x31, 0x21, 0xEF, 0x0E, 0xED, 0x13, 0x0F,   -6, 0x02, 0x32, 0xEE, 0xF0
    .byte   0xEE, 0x21, 0xE1, 0x11, 0x21, 0x12, 0xED, 0x22, 0x1C, 0xE3, 0x31, 0x10, 0x22, 0xFE, 0xEE, 0xDE
    .byte   0x03, 0xF2, 0x12, 0x22, 0x1E, 0xFE, 0xED, 0xD2, 0x43, 0xE0, 0x12, 0xDD,  -12, 0x00, 0x21, 0x13
    .byte   0x20, 0xF3, 0xFD, 0xED, 0xD0, 0x23, 0x21, 0x23, 0x2D, 0xFE, 0xDD, 0xD4, 0x3F, 0xF2, 0x33, 0xEC
    .byte   0xDE, 0xD2, 0x32, 0x0F, 0x44, 0xEC, 0xDD, 0x20, 0xDF, 0x12, 0x43, 0x1F, 0xDE,    7, 0x01, 0xCD
    .byte   0xF3, 0x32, 0x02, 0x20, 0xED, 0xED, 0x22, 0x3E, 0xD2, 0x34, 0x0C, 0xEF, 0x20, 0xDE, 0x0F, 0x33
    .byte   0x2F, 0xDE, 0x33, 0xED, 0xE2, 0xDD, 0xF4, 0x31, 0x10, 0xFE, 0x11, 0xDD, 0xE3, 0x21,    0, 0x02
    .byte   0x2F, 0x12, 0x2D, 0xCC, 0x33, 0x20, 0xE3, 0x32, 0x2F, 0xDC, 0xC2, 0x32, 0xE2, 0x3F, 0x33, 0x3E
    .byte   0xBC, 0xE3, 0x2E, 0xE3, 0x43, 0xFF, 0xED, 0xCE, 0xF1, 0x13, 0x33, 0xFF, 0xF3, 0xEC, 0xC1,   -8
    .byte   0x02, 0xED, 0x24, 0x5F, 0xDC, 0xEF, 0xEE, 0xD2, 0x32, 0x33, 0x1D, 0x0E, 0xE1, 0xDE, 0xF0, 0x34
    .byte   0x0F, 0xE0, 0x2F, 0xDE, 0xEE, 0x3F, 0xD2, 0x34, 0x2E, 0xCC, 0x23, 0x31, 0xDD, 0x23, 0x2E, 0x11
    .byte      0, 0x0F, 0xEF, 0xF3, 0x3E, 0xFF, 0xFE, 0xFE, 0x02, 0x20, 0xE2, 0x0E, 0x1F, 0xE1, 0xF1, 0x31
    .byte   0xD0, 0x33, 0xDD, 0xFE, 0xE0, 0x23, 0x02, 0x02, 0x1E, 0xE1, 0xEE, 0xD1, 0x12, 0x23, 0x3F, 0xE1
    .byte   0xEE,    2, 0x0C, 0x21, 0x03, 0x2E, 0x2F, 0xF3, 0x0D, 0xDE, 0x03, 0xF2, 0x21, 0x0F, 0xE3, 0xFC
    .byte   0xF1, 0x12, 0xF0, 0x3E, 0xE2, 0x22, 0xDD, 0x13, 0x3E, 0xED, 0xD1, 0x33, 0x2E, 0x0E, 0x02, 0x12
    .byte   0xFD, 0xDF,  -16, 0x02, 0x4E, 0x20, 0x03, 0x3D, 0xCC, 0xF4, 0xEE, 0x23, 0x33, 0xEF, 0xFD, 0xDE
    .byte   0xD3, 0x1E, 0x21, 0x44, 0xDF, 0xDD, 0xED, 0xE3, 0xF3, 0x42, 0xED, 0xF3, 0xDD, 0xDE, 0x33, 0xE0
    .byte   0x32, 0x32, 0xED,  -12, 0x0D, 0x23, 0x1E, 0x24, 0x3E, 0xDE, 0x3F, 0xDD, 0xD1, 0x33, 0x2F, 0xE2
    .byte   0x32, 0xDC, 0xF2, 0x1F, 0x02, 0x02, 0x10, 0x1F, 0xFE, 0xFE, 0x02, 0x10, 0x2F, 0x21, 0xD1, 0x11
    .byte   0x02, 0xEE, 0xE2, 0x0E,   -7, 0x02, 0x20, 0x10, 0x22, 0xED, 0x2F, 0xEE, 0xE1, 0x22, 0x31, 0x20
    .byte   0xFD, 0xDE, 0x02, 0xF0, 0x14, 0x03, 0x0E, 0xEE, 0xDE, 0xD0, 0x32, 0x32, 0x11, 0x0E, 0xD1, 0x0E
    .byte   0xD2, 0x31, 0x2F, 0xE2, 0x2F,    3, 0x0D, 0xD3, 0x22, 0xEE, 0x22, 0x30, 0xDE, 0x2F, 0x01, 0xEE
    .byte   0xFF, 0x30, 0xF2, 0xF0, 0x3E, 0xDE, 0x01, 0x00, 0xF1, 0x1F, 0x33, 0xFD, 0xEF, 0x0E, 0xE0, 0x21
    .byte   0x20, 0x3F, 0xEF, 0xF2, 0xFD, 0xE0,   -8, 0x02, 0x22, 0x2F, 0x10, 0xED, 0x01, 0x10, 0xE0, 0x32
    .byte   0x0E, 0x00, 0xFE, 0x10, 0x21, 0xE2, 0xF0, 0xEE, 0x10, 0xF0, 0x11, 0x20, 0x22, 0xEE, 0xE1, 0x0E
    .byte   0x01, 0x21, 0x02, 0x02, 0xFE, 0x01, 0xDE,   -7, 0x00, 0x3F, 0x00, 0x22, 0x02, 0xEE, 0xDE, 0x23
    .byte   0x0E, 0xE1, 0x22, 0x21, 0xDE, 0xE2, 0x2F, 0xDE, 0x23, 0x3F, 0xEE, 0xE1, 0x1F, 0xEE, 0x02, 0x32
    .byte   0x0D, 0x02, 0xFE, 0xDE, 0xF3, 0x21, 0x00, 0x22,    4, 0x0F, 0x0E, 0xDE, 0x23, 0x1D, 0x11, 0x23
    .byte   0x1E, 0xDD, 0x04, 0x20, 0xD2, 0x32, 0x3E, 0x0E, 0x2F, 0x11, 0xD0, 0x23, 0xDF, 0xF1, 0x2F, 0x0E
    .byte   0xEE, 0x02, 0xEE, 0xD1, 0x02, 0xEE, 0x00, 0x2F, 0x0E,  -17, 0x0E, 0xF1, 0xEE, 0xE1, 0x22, 0xEE
    .byte   0x22, 0xEF, 0x13, 0xF3, 0x12, 0x22, 0x43, 0x2E, 0xE0, 0x01, 0xE1, 0xDF, 0xF2, 0x3E, 0x1E, 0x42
    .byte   0xEE, 0xD2, 0xFD, 0xEE, 0x11, 0x11, 0x21, 0x0E, 0xFE, 0xEE,   -8, 0x0F, 0xF1, 0x21, 0x10, 0xFE
    .byte   0x0E, 0xEE, 0xEE, 0x2F, 0x0F, 0x0E, 0xFF, 0xF2, 0xD1, 0xE2, 0x32, 0x21, 0x23, 0x43, 0x4E, 0xFF
    .byte   0xF2, 0xDD, 0xCE, 0x03, 0x3F, 0x3D, 0x44, 0x2F, 0xCD, 0xD2, 0xDD,   -7, 0x0E, 0x32, 0x32, 0x20
    .byte   0xE2, 0xEE, 0xDE, 0x00, 0x0F, 0x12, 0x12, 0xE0, 0x2E, 0xEE, 0xFF, 0xFF, 0xEE, 0xE2, 0xFE, 0xEE
    .byte   0xEE, 0xF0, 0x0E, 0x12, 0x11, 0xF1, 0x42, 0x24, 0x54, 0x1D, 0xF3, 0xDD,   10, 0x0C, 0xEE, 0x23
    .byte   0x31, 0x34, 0x43, 0xCD, 0xD0, 0xDC, 0xDE, 0xE1, 0x33, 0x31, 0x13, 0x2F, 0xDD, 0xFF, 0xEE, 0xFE
    .byte   0x21, 0x22, 0xFF, 0xFF, 0xF0, 0xE0, 0xFE, 0xEF, 0x1E, 0xED, 0xE0, 0xEF, 0xEF,  -41, 0x02, 0x2E
    .byte   0xDE, 0x43, 0x22, 0x25, 0x63, 0xFC, 0xF3, 0xDC, 0xBC, 0xD3, 0x33, 0x21, 0x45, 0x41, 0xCC, 0xE1
    .byte   0xDB, 0xCE, 0x22, 0x32, 0x32, 0x33, 0x2E, 0xDE, 0xEE, 0xED, 0xE1, 0x20, 0x22, 0x21,   10, 0x00
    .byte   0xEF, 0xE1, 0xEE, 0xDE, 0x0E, 0xEE, 0x0E, 0xFE, 0x2F, 0xEF, 0x12, 0xED, 0x24, 0x32, 0x26, 0x53
    .byte   0xFD, 0x21, 0xCB, 0xCC, 0xFF, 0x24, 0x13, 0x45, 0x4E, 0xDD, 0xFD, 0xCB, 0xED, 0x12, 0x22,   -2
    .byte   0x03, 0x33, 0x10, 0xEE, 0xEE, 0xDE, 0xEF, 0x00, 0x12, 0x22, 0x01, 0x1F, 0x0E, 0xFE, 0xED, 0x0D
    .byte   0xEE, 0xE1, 0xFF, 0xFF, 0x11, 0x0F, 0xEE, 0x12, 0x32, 0x44, 0x63, 0x3E, 0xE3, 0xDC, 0xCB, 0xDE
    .byte    -15, 0x02, 0x31, 0x44, 0x43, 0xEE, 0xDF, 0xDC, 0xCD, 0xE0, 0x20, 0x22, 0x33, 0x22, 0xFF, 0x20
    .byte   0xDD, 0xDF, 0x0E, 0xFE, 0x22, 0x03, 0x10, 0x1F, 0x1F, 0xDE, 0xDE, 0xFD, 0xEE, 0xFF, 0x11, 0x2F
    .byte   0xEF,  -38, 0x00, 0x0D, 0x03, 0x43, 0x45, 0x43, 0x1F, 0x2D, 0xDB, 0xCD, 0xEF, 0x23, 0x04, 0x35
    .byte   0x2F, 0xEE, 0x1C, 0xDC, 0xDE, 0xE0, 0x12, 0x03, 0x32, 0x3E, 0x22, 0xEE, 0xDF, 0xFD, 0xEE, 0x11
    .byte   0xF2, 0x21,    0, 0x02, 0x21, 0xED, 0xFE, 0xDD, 0xEE, 0xEE, 0x00, 0x01, 0x12, 0x0F, 0x0D, 0x22
    .byte   0x23, 0x34, 0x54, 0x31, 0xE3, 0x2C, 0xCB, 0xDF, 0x11, 0x1F, 0x25, 0x43, 0xFD, 0x31, 0xEC, 0xCD
    .byte   0xD0, 0xEE, 0x00,   -8, 0x03, 0x31, 0x02, 0x23, 0xED, 0xEE, 0xFE, 0xDD, 0x12, 0x12, 0x02, 0x12
    .byte   0x21, 0xED, 0xEE, 0xED, 0xDD, 0x00, 0x2E, 0xE2, 0x12, 0xF0, 0xE0, 0x12, 0x33, 0x34, 0x54, 0x2E
    .byte   0x23, 0xFC, 0xCC, 0xD0,   -4, 0x00, 0xF0, 0x34, 0x43, 0xDF, 0x32, 0xDD, 0xCD, 0xEE, 0xEE, 0xFE
    .byte   0x32, 0x20, 0xE4, 0x22, 0xFD, 0x2F, 0x1D, 0xDF, 0xE0, 0x1F, 0xFF, 0x23, 0xE0, 0xE0, 0xE0, 0xDE
    .byte   0xDE, 0x0E, 0xFD, 0x12, 0x1F,  -46, 0x03, 0xE0, 0x12, 0x32, 0x23, 0x55, 0xF0, 0xF4, 0x2D, 0xCD
    .byte   0xED, 0xEE, 0xFF, 0xF4, 0x33, 0xE1, 0x32, 0xED, 0xEE, 0xDE, 0xDF, 0xDE, 0x22, 0x1E, 0x22, 0x32
    .byte   0x21, 0xF1, 0xE2, 0xDD, 0xFF, 0xEE,  -13, 0x02, 0x10, 0x10, 0x2E, 0xE1, 0xFE, 0xDE, 0x1E, 0xDE
    .byte   0x11, 0xE0, 0x12, 0x00, 0x1F, 0x22, 0x23, 0x14, 0x44, 0x21, 0x33, 0x2C, 0xEE, 0xDD, 0xE1, 0xEE
    .byte   0xF4, 0x3E, 0xE2, 0x41, 0xDE, 0xF0, 0xDE,    8, 0x0F, 0xED, 0x00, 0x0F, 0xF2, 0x21, 0x23, 0x01
    .byte   0xF0, 0x1E, 0xEE, 0xEE, 0xFE, 0x01, 0xF1, 0xF1, 0x0E, 0xFE, 0xED, 0x1E, 0xE0, 0xEF, 0xE2, 0x20
    .byte   0xE0, 0x21, 0xF0, 0x32, 0x22, 0x54, 0x11, 0x25,   59, 0x0D, 0xD1, 0xFD, 0xDF, 0xFD, 0xD3, 0x3F
    .byte   0xDF, 0x42, 0xEE, 0x02, 0xEF, 0xFE, 0xED, 0x11, 0xEE, 0xD2, 0x02, 0xF2, 0x01, 0x32, 0x2E, 0xE2
    .byte   0x1F, 0xDE, 0x00, 0xEF, 0xE0, 0xE0, 0x1E, 0xED, 0x11,  -31, 0x0D, 0xF2, 0x1F, 0xE1, 0x20, 0xF0
    .byte   0xFF, 0xF0, 0x22, 0x22, 0x43, 0x22, 0x43, 0x30, 0x01, 0x2E, 0xFF, 0xED, 0xF0, 0x0E, 0xDF, 0x10
    .byte   0xFE, 0x10, 0x02, 0x10, 0xEF, 0x21, 0xFE, 0xEF, 0xF1, 0x0E,    1, 0x00, 0x21, 0x1E, 0x00, 0x2F
    .byte   0xFE, 0xF2, 0xFE, 0xFE, 0x0F, 0xEF, 0xEE, 0xD0, 0xFE, 0xEE, 0x20, 0xF0, 0xF1, 0x2E, 0x22, 0xEE
    .byte   0x22, 0x3E, 0x04, 0x23, 0xF3, 0x33, 0x01, 0x32, 0xFF, 0x21, 0xFE,   36, 0x02, 0xFD, 0xEE, 0x0E
    .byte   0xD1, 0x0E, 0xE1, 0x00, 0x0E, 0x02, 0xEF, 0x22, 0xEF, 0xF2, 0x2E, 0xEE, 0x3F, 0xD1, 0x1F, 0xEF
    .byte   0x31, 0xD1, 0x20, 0x10, 0xE2, 0xEE, 0x11, 0xED, 0x2F, 0xFE, 0xE2, 0xFE,  -29, 0x02, 0x2E, 0xE3
    .byte   0x01, 0x11, 0x22, 0x00, 0x22, 0x0F, 0x21, 0x02, 0x1F, 0x02, 0x01, 0x01, 0x2F, 0x01, 0x10, 0xF0
    .byte   0x10, 0xF0, 0x1F, 0xFF, 0x00, 0x0F, 0x00, 0xF0, 0xF0, 0xFF, 0x0F, 0xFF, 0xF0,    5, 0x0F, 0xF0
    .byte   0xFF, 0xF0, 0xF0, 0xFF, 0x00, 0xF0, 0x0F, 0x11, 0xFF, 0xF0, 0x00, 0x1F, 0xF0, 0x00, 0x01, 0xF0
    .byte   0x00, 0xF0, 0x0F, 0x00, 0x00, 0x0F, 0x1F, 0x10, 0x01, 0x01, 0x11, 0x10, 0x10, 0x01,   -2, 0x01
    .byte   0x10, 0x00, 0x10, 0x10, 0x00, 0x01, 0x0F, 0x11, 0xF0, 0x01, 0x0F, 0xF1, 0x1F, 0x1F, 0x00, 0x00
    .byte   0xF0, 0x1F, 0x10, 0x00, 0x01, 0x00, 0xF0, 0x10, 0x01, 0x0F, 0x00, 0xF0, 0x1F, 0x1F, 0x00,    3
    .byte   0x0F, 0xF0, 0x0F, 0x10, 0xFF, 0x1F, 0xF1, 0xF0, 0x00, 0x00, 0x0F, 0x00, 0x00, 0x01, 0x00, 0x00
    .byte   0x00, 0x00, 0x0F, 0x10, 0x00, 0x1F, 0x01, 0xF0, 0x00, 0x1F, 0x10, 0x00, 0x1F, 0x10, 0x0F, 0x00
    .byte     -1, 0x01, 0x00, 0x01, 0xF0, 0x10, 0x01, 0xF0, 0x00, 0x1F, 0x1F, 0x1F, 0x00, 0x01, 0x0F, 0x00
    .byte   0x00, 0x1F, 0x0F, 0x01, 0xF1, 0x0F, 0x01, 0xF0, 0xF0, 0x10, 0xF1, 0x0F, 0xF1, 0xF1, 0x00, 0xF1
    .byte   0x0F,   -2, 0x01, 0x0F, 0x10, 0x0F, 0x01, 0x00, 0x00, 0x00, 0x10, 0x00, 0x00, 0x00, 0x1F, 0x1F
    .byte   0x11, 0xF0, 0x1F, 0x01, 0xF0, 0x0F, 0x10, 0x0F, 0x01, 0x0F, 0x00, 0x00, 0x0F, 0x10, 0xF0, 0xF1
    .byte   0x0F, 0x01,   -1, 0x00, 0x00, 0x0F, 0x10, 0x00, 0x1F, 0x01, 0x0F, 0x11, 0xE2, 0xFE, 0x20, 0xE2
    .byte   0x10, 0x1E, 0xE2, 0x2F, 0xD2, 0x32, 0x2D, 0xE2, 0xC3, 0x3F, 0x2D, 0x14, 0xDB, 0x5D, 0x86, 0x75
    .byte   0x85, 0x58, 0x46,  -30, 0x06, 0x38, 0x57, 0x39, 0x34, 0xE9, 0x47, 0xBC, 0xD4, 0x33, 0x3A, 0x35
    .byte   0xBE, 0x61, 0xB1, 0x2E, 0x42, 0xC0, 0x0D, 0x24, 0x1C, 0xD2, 0x3D, 0x32, 0xDD, 0xF4, 0x21, 0xEE
    .byte   0x02, 0x01, 0x2D, 0xD2,    2, 0x01, 0xF0, 0xE1, 0x2D, 0x23, 0xFF, 0x21, 0xE1, 0x22, 0xEE, 0x13
    .byte   0xFD, 0x12, 0x1E, 0xE0, 0x2F, 0xD2, 0x2D, 0xF0, 0x22, 0xFD, 0x02, 0x01, 0x0F, 0xEE, 0x02, 0x2E
    .byte   0xE1, 0x00, 0x2F, 0xFF, 0x00,   -6, 0x01, 0x0E, 0xF1, 0x11, 0x1F, 0x00, 0xE1, 0x22, 0xFE, 0xF2
    .byte   0x22, 0x22, 0xF1, 0x23, 0x11, 0xE0, 0x20, 0xF1, 0xEE, 0x0F, 0x00, 0xEF, 0xFE, 0x1F, 0x0F, 0xFF
    .byte   0xF1, 0x01, 0xE1, 0xF1, 0xE1, 0x0F,   -6, 0x0F, 0x0E, 0xFE, 0xF0, 0xE0, 0xF0, 0x0E, 0xF2, 0xFF
    .byte   0x20, 0xEF, 0x2F, 0x20, 0xE0, 0x1F, 0xF3, 0x21, 0x23, 0x24, 0x33, 0xF1, 0x00, 0x11, 0xEE, 0xDD
    .byte   0x01, 0xFE, 0xED, 0x10, 0x02, 0xEE, 0x02,    6, 0x02, 0x11, 0xF0, 0x02, 0x10, 0xEE, 0xE1, 0x00
    .byte   0x1F, 0xEE, 0x1F, 0x00, 0xE0, 0x01, 0x00, 0x1F, 0xEF, 0x0F, 0xEE, 0xEE, 0xEE, 0xD1, 0x1F, 0xE0
    .byte   0x21, 0x20, 0x22, 0x00, 0x23, 0x2F, 0x23, 0x32,   19, 0x04, 0x4E, 0xD0, 0x32, 0xEE, 0xFD, 0xDD
    .byte   0x23, 0xED, 0xC2, 0x21, 0xF2, 0x2E, 0xEF, 0x33, 0xEE, 0xE0, 0xEE, 0x12, 0x0D, 0xE2, 0x11, 0x22
    .byte   0x1F, 0xE2, 0x21, 0xF0, 0xEE, 0xEF, 0x0E, 0xED, 0xED,  -30, 0x0F, 0x0E, 0xDE, 0xF0, 0x12, 0x0F
    .byte   0xFF, 0x13, 0x22, 0x1E, 0xE1, 0x33, 0x22, 0x22, 0x32, 0x34, 0x4E, 0xEE, 0x01, 0x1F, 0xED, 0xCE
    .byte   0xF2, 0x2E, 0xEE, 0xF1, 0x23, 0x20, 0xEE, 0x02, 0x2F, 0xEE,    4, 0x0E, 0xE0, 0x20, 0xFF, 0x12
    .byte   0x23, 0x22, 0x0E, 0xE0, 0x11, 0xEE, 0xED, 0xEE, 0x2F, 0xED, 0xDF, 0xF0, 0xE1, 0xEE, 0xEF, 0x22
    .byte   0xFF, 0xF1, 0x22, 0x12, 0xEF, 0xF3, 0x32, 0x23, 0x32, 0x24, 0x43,   54, 0x0D, 0xE1, 0xEE, 0xE1
    .byte   0xEC, 0xDF, 0x32, 0xE0, 0x2F, 0xEF, 0x33, 0x1D, 0xEF, 0xFE, 0xE2, 0x0D, 0xDE, 0x22, 0x22, 0x32
    .byte   0xFF, 0x23, 0x2E, 0xED, 0xEE, 0xE1, 0x1F, 0xEE, 0xEE, 0xF0, 0xFE, 0xDE,  -38, 0x0E, 0xF0, 0x2E
    .byte   0xE1, 0x11, 0x10, 0x22, 0x01, 0xFF, 0xF1, 0x33, 0x32, 0x23, 0x31, 0x44, 0x3F, 0xDD, 0xEE, 0xEF
    .byte   0x1D, 0xDD, 0xF2, 0x32, 0x22, 0x1D, 0xE0, 0x32, 0xEE, 0xED, 0xDE, 0x22, 0xFE,   -9, 0x01, 0x02
    .byte   0x33, 0x4F, 0xEE, 0x11, 0x0F, 0xFE, 0xDD, 0xD2, 0x22, 0xEF, 0xEE, 0xEE, 0x2F, 0xED, 0xDF, 0xFE
    .byte   0x11, 0x2E, 0xD0, 0x23, 0x11, 0x22, 0x0D, 0x24, 0x33, 0x03, 0x22, 0x23, 0x43, 0x0D,   40, 0x0E
    .byte   0xDD, 0x12, 0x1D, 0xDE, 0x21, 0x22, 0x32, 0xED, 0xE2, 0x0F, 0xFF, 0xED, 0xD2, 0x12, 0x02, 0x1F
    .byte   0x12, 0x23, 0x22, 0x0E, 0xEE, 0xEE, 0xEE, 0xFE, 0xFF, 0x20, 0x01, 0xEE, 0xED, 0xEF, 0xDE,  -42
    .byte   0x01, 0xEF, 0x12, 0x1F, 0xF0, 0x22, 0xE1, 0x22, 0x12, 0x32, 0x32, 0x13, 0x23, 0x34, 0x22, 0xED
    .byte   0xDC, 0xEF, 0x02, 0xEF, 0xEF, 0xF0, 0x32, 0x2E, 0xEE, 0xEE, 0xF1, 0x1E, 0x1D, 0x10, 0x02, 0x22
    .byte     12, 0x00, 0x22, 0x11, 0xF2, 0xFE, 0xEE, 0xEE, 0xEE, 0x02, 0xFF, 0x00, 0xEF, 0xED, 0xEF, 0xEE
    .byte   0xEE, 0xFF, 0x10, 0x11, 0x10, 0x01, 0x21, 0x20, 0x02, 0x23, 0x23, 0x22, 0xF2, 0x23, 0x43, 0x3F
    .byte   0xDD,   24, 0x0D, 0xE0, 0x3F, 0x11, 0xEE, 0xE1, 0x31, 0x1E, 0x0E, 0xDE, 0xF2, 0xE1, 0x10, 0x0F
    .byte   0xF2, 0x22, 0x02, 0x22, 0xFF, 0x1E, 0xEE, 0xE1, 0xEF, 0xE1, 0x0F, 0x0F, 0x1E, 0xEE, 0xDF, 0xDE
    .byte   0xE1, 0xF1,  -40, 0x0F, 0x1E, 0x01, 0x11, 0x22, 0x21, 0x21, 0x12, 0x23, 0x21, 0x20, 0x22, 0x34
    .byte   0x33, 0x0E, 0xDC, 0xDD, 0xF3, 0xF3, 0x2E, 0xEE, 0x0F, 0xF2, 0x11, 0xFD, 0xEE, 0xEE, 0x02, 0x21
    .byte   0x21, 0x1F, 0x02,   14, 0x01, 0x22, 0xFF, 0xEE, 0xEE, 0xEF, 0xF1, 0xF2, 0x0E, 0x0E, 0x0E, 0xEE
    .byte   0xED, 0xD0, 0xE1, 0x10, 0x20, 0xFE, 0xF1, 0xE0, 0x32, 0x31, 0x20, 0x20, 0xE2, 0x23, 0x23, 0x32
    .byte   0x33, 0x12, 0xFD, 0xDD,   17, 0x0E, 0x21, 0x22, 0x10, 0xEF, 0xEE, 0xF0, 0xF0, 0xEF, 0xFE, 0xE0
    .byte   0xE1, 0x22, 0x20, 0x20, 0x10, 0xF0, 0x10, 0x21, 0x0F, 0xEE, 0xE0, 0xE1, 0x11, 0x1F, 0xEE, 0xED
    .byte   0xEE, 0xEF, 0xFE, 0xE0, 0xFE,  -45, 0x01, 0x00, 0x11, 0x22, 0xF2, 0x22, 0x12, 0x3F, 0x22, 0x12
    .byte   0x03, 0x24, 0x30, 0x30, 0xDD, 0xDE, 0x0E, 0x22, 0x23, 0xE0, 0xEE, 0xDD, 0x2F, 0xF1, 0x11, 0xEE
    .byte   0xEF, 0xFF, 0x03, 0x21, 0x02, 0x0E,    8, 0x02, 0x01, 0x11, 0x1E, 0x0E, 0xEF, 0xFF, 0x00, 0xE0
    .byte   0xFE, 0xEE, 0xED, 0xE1, 0xE0, 0xE0, 0xFF, 0x1E, 0x11, 0x11, 0x22, 0xF1, 0x21, 0x12, 0x32, 0x13
    .byte   0x22, 0x13, 0x33, 0x22, 0x0E, 0xD0, 0xEE,   23, 0x01, 0x21, 0x12, 0xF0, 0xEE, 0xEE, 0xEF, 0xFF
    .byte   0x0E, 0x0E, 0xEE, 0x01, 0x22, 0x21, 0x20, 0x10, 0xF1, 0xE1, 0x00, 0x1F, 0x0F, 0xEF, 0xEF, 0xFF
    .byte   0x0F, 0xE0, 0xFD, 0xEE, 0xDE, 0xE1, 0x00, 0x11,  -40, 0x01, 0x0F, 0xE1, 0x0F, 0x22, 0x22, 0x32
    .byte   0x23, 0xF0, 0x22, 0x23, 0x33, 0x32, 0xEE, 0xEE, 0xEE, 0x12, 0x12, 0x11, 0x1E, 0xED, 0xEE, 0xE0
    .byte   0x11, 0x00, 0xEE, 0xEE, 0xFF, 0x12, 0x22, 0x22, 0x0F,   11, 0x0F, 0xE2, 0xF1, 0x11, 0x0F, 0xFE
    .byte   0xFF, 0xEE, 0xF0, 0xFE, 0x1E, 0xED, 0xEE, 0xEE, 0xFF, 0x10, 0x00, 0x1F, 0xF1, 0x00, 0x12, 0x12
    .byte   0x32, 0x23, 0x21, 0x22, 0x03, 0x33, 0x23, 0x2E, 0xEE, 0xEE,   29, 0x02, 0x01, 0x21, 0x2F, 0xDE
    .byte   0xDE, 0xD0, 0x1F, 0x10, 0x0F, 0xEE, 0xEF, 0xE2, 0x22, 0x22, 0x20, 0xF0, 0xE0, 0xF0, 0x20, 0x2F
    .byte   0x00, 0xEE, 0xEE, 0xEE, 0x1F, 0xF1, 0xEE, 0xED, 0xDF, 0xEE, 0x12,  -42, 0x00, 0x11, 0x0E, 0xFF
    .byte   0x01, 0x22, 0x23, 0x22, 0x21, 0x22, 0x22, 0x34, 0x23, 0x20, 0xEE, 0x1E, 0xF1, 0xE2, 0x02, 0x1F
    .byte   0x1D, 0xED, 0xEE, 0xE0, 0xFF, 0x0F, 0xEF, 0xEF, 0xFF, 0x02, 0x22, 0x21,   11, 0x00, 0xF0, 0xF0
    .byte   0x20, 0x2E, 0x2E, 0x1F, 0xEE, 0xEE, 0xFF, 0xFE, 0x0E, 0xEE, 0xDF, 0xEE, 0xFE, 0x11, 0x1F, 0x01
    .byte   0xE1, 0x00, 0x21, 0x22, 0x32, 0x12, 0x20, 0x22, 0x23, 0x43, 0x22, 0x2E, 0xEF,   35, 0x0E, 0x02
    .byte   0xF1, 0x3F, 0x0F, 0xED, 0xDE, 0xD1, 0xF0, 0xFF, 0x0E, 0xFE, 0xFE, 0x01, 0x12, 0x22, 0x2F, 0x00
    .byte   0x11, 0x11, 0x10, 0x20, 0x1F, 0xFE, 0xEE, 0xEE, 0x1E, 0x11, 0xEF, 0xDF, 0xED, 0xEE,  -43, 0x0F
    .byte   0x00, 0x01, 0x0F, 0x0F, 0x01, 0x12, 0x22, 0x22, 0x22, 0x22, 0x12, 0x23, 0x33, 0x31, 0x2E, 0xF0
    .byte   0xEF, 0x02, 0xE2, 0x21, 0x1E, 0xFD, 0xED, 0xEF, 0xFF, 0xFF, 0xFE, 0xFE, 0xE0, 0xE2, 0x01,   -1
    .byte   0x01, 0x21, 0x11, 0x11, 0x02, 0x11, 0x11, 0x10, 0xEF, 0xEE, 0xEF, 0xFF, 0xFF, 0xEE, 0xED, 0xFE
    .byte   0xEE, 0x0E, 0x00, 0xF0, 0xFF, 0x1F, 0x01, 0x02, 0x12, 0x22, 0x22, 0x21, 0x22, 0x22, 0x33, 0x32
    .byte     36, 0x00, 0x2E, 0x01, 0xF1, 0xF2, 0xE2, 0x0F, 0x0D, 0x0D, 0xFE, 0xE0, 0xE1, 0xEF, 0xEE, 0xFE
    .byte   0x1F, 0x12, 0x12, 0x02, 0x0F, 0x10, 0x20, 0x22, 0x02, 0xF1, 0xEE, 0xFE, 0xFF, 0xF0, 0xFF, 0xEE
    .byte   0xEE,  -18, 0x0E, 0xEE, 0xFE, 0xE1, 0xFE, 0x0F, 0xF2, 0x01, 0xF1, 0x01, 0x20, 0x20, 0x31, 0x23
    .byte   0xF3, 0x12, 0x23, 0x30, 0x3F, 0x2E, 0xF2, 0xD2, 0x12, 0xF0, 0x2E, 0x1E, 0xED, 0x0E, 0xEF, 0x0F
    .byte   0xEF, 0xEE,   -7, 0x00, 0xFF, 0x20, 0x12, 0x11, 0x00, 0xF1, 0x12, 0x22, 0x20, 0x1F, 0xFE, 0x0E
    .byte   0xFF, 0xF0, 0xF1, 0xEE, 0xEE, 0xEE, 0xEE, 0xEE, 0xFE, 0x1E, 0x0F, 0xF0, 0xF2, 0xF1, 0x10, 0x10
    .byte   0x22, 0x22, 0x12,  -12, 0x01, 0x22, 0x22, 0x23, 0x30, 0x3E, 0x1E, 0x2F, 0xE2, 0x02, 0xF2, 0x0E
    .byte   0x0E, 0xEE, 0xEE, 0xF0, 0x0E, 0xFE, 0xEE, 0xE0, 0xF1, 0x02, 0x10, 0x2F, 0x0F, 0x01, 0x13, 0x22
    .byte   0x2F, 0xFE, 0xE0, 0xE0,    9, 0x00, 0x1F, 0xFE, 0xEE, 0xD0, 0xEF, 0xEF, 0x0E, 0xFE, 0xEE, 0xE0
    .byte   0xE2, 0x2F, 0x3E, 0x20, 0xF0, 0xE2, 0x20, 0x32, 0x22, 0x12, 0x03, 0xF3, 0x32, 0x12, 0x0F, 0xF2
    .byte   0xF0, 0x11, 0x0F, 0x10, 0xEF,   27, 0x0E, 0xFF, 0xEE, 0x1E, 0xEE, 0xEF, 0xEF, 0x10, 0x02, 0x01
    .byte   0x01, 0x10, 0x2F, 0x12, 0x21, 0x22, 0x1F, 0xEE, 0xE1, 0x1F, 0x0E, 0xFE, 0xFE, 0xE0, 0xEE, 0xFE
    .byte   0xEE, 0xFE, 0xEF, 0xFF, 0xF0, 0x21,  -35, 0x00, 0xF0, 0x01, 0x12, 0x21, 0x02, 0x02, 0x22, 0x13
    .byte   0x22, 0x23, 0x30, 0x21, 0x0E, 0xF2, 0xE0, 0x20, 0xF0, 0x0F, 0xEF, 0xFE, 0x0E, 0xEE, 0xFE, 0xEE
    .byte   0xEF, 0xE0, 0x10, 0x20, 0xF1, 0x11, 0x12,    2, 0x02, 0x02, 0x11, 0x21, 0x1F, 0xFF, 0xF1, 0x0F
    .byte   0xEF, 0xEF, 0xEF, 0xE0, 0xEE, 0xEE, 0xEE, 0xEF, 0xEF, 0xF0, 0xF0, 0xE1, 0x11, 0x20, 0x20, 0x20
    .byte   0x11, 0x02, 0x12, 0x31, 0x22, 0x23, 0xF2, 0x32,   30, 0x00, 0x2F, 0xD3, 0xFF, 0x01, 0x0E, 0x2E
    .byte   0xF1, 0x1E, 0xE0, 0xEE, 0xE0, 0xEF, 0xEE, 0xE1, 0x10, 0x20, 0x00, 0x01, 0x12, 0x21, 0x02, 0xE2
    .byte   0x12, 0x0F, 0x00, 0xE0, 0x0F, 0xFF, 0xFE, 0xEE, 0x0E,  -11, 0x0E, 0xEF, 0xE0, 0xEE, 0x0E, 0x0E
    .byte   0x00, 0x11, 0x00, 0x10, 0x10, 0x21, 0x11, 0x12, 0x21, 0x22, 0x12, 0x22, 0x12, 0x21, 0x32, 0x01
    .byte   0x00, 0xF2, 0x11, 0x11, 0xEF, 0x1F, 0x0F, 0xFF, 0xEE, 0x0F,   13, 0x0E, 0x0E, 0x0E, 0xF0, 0x10
    .byte   0xF1, 0xF0, 0x00, 0x21, 0x11, 0x00, 0x11, 0x11, 0xF1, 0x11, 0x10, 0x0E, 0x0F, 0xFE, 0xFF, 0xEE
    .byte   0xFE, 0xFE, 0xFF, 0xEF, 0xEE, 0x0F, 0x0F, 0xEF, 0xFF, 0x11, 0x11,  -35, 0x01, 0x12, 0x02, 0x11
    .byte   0x21, 0x22, 0x11, 0x22, 0x22, 0x22, 0x20, 0x21, 0x11, 0x22, 0x01, 0x10, 0xF1, 0x00, 0xFE, 0xFF
    .byte   0xEE, 0xFE, 0xFE, 0x0E, 0xEF, 0xFE, 0x00, 0xE0, 0xFF, 0x10, 0x11, 0x01,   -4, 0x00, 0x21, 0x11
    .byte   0x01, 0x00, 0x21, 0x00, 0xFF, 0x0E, 0x00, 0xEF, 0xFE, 0xEE, 0x0E, 0xFE, 0x0E, 0xEF, 0xEF, 0xF0
    .byte   0xF1, 0x00, 0x02, 0x00, 0x21, 0x21, 0x21, 0x22, 0x22, 0x12, 0x12, 0x22, 0x22,   23, 0x01, 0x12
    .byte   0x21, 0x20, 0xF1, 0x0F, 0x0F, 0xFF, 0xEF, 0xEF, 0xFE, 0xFE, 0xFE, 0xE0, 0xE1, 0xF0, 0xE0, 0xFF
    .byte   0x01, 0x00, 0x10, 0x10, 0x21, 0x11, 0x0F, 0x02, 0x00, 0x00, 0xFF, 0xFF, 0x0E, 0x0E,   -6, 0x0F
    .byte   0xEF, 0xEE, 0xFF, 0xEF, 0xEF, 0xE0, 0xEF, 0x10, 0x11, 0x11, 0x10, 0x22, 0x11, 0x21, 0x22, 0x22
    .byte   0x22, 0x21, 0x22, 0x22, 0x11, 0x12, 0x12, 0x0F, 0x1F, 0x1F, 0x00, 0xFF, 0xEE, 0xFE, 0xFF,   15
    .byte   0x0F, 0xEE, 0x0E, 0x00, 0xE0, 0xF0, 0xE1, 0x02, 0x01, 0x0F, 0xF0, 0x2F, 0x01, 0xF0, 0xF2, 0x11
    .byte   0xF0, 0x0E, 0xE1, 0x0E, 0x0E, 0xFE, 0xF0, 0xFE, 0xFF, 0xEE, 0xFF, 0xFF, 0xF0, 0xF1, 0x02, 0x01
    .byte    -30, 0x02, 0x12, 0x12, 0x12, 0x21, 0x22, 0x12, 0x12, 0x22, 0x21, 0x12, 0xF1, 0x21, 0x10, 0xF0
    .byte   0xF0, 0x1F, 0xFE, 0x0E, 0xEF, 0xF0, 0xEE, 0x0E, 0xEF, 0x0F, 0x0E, 0xF0, 0xF0, 0x01, 0x01, 0xF0
    .byte   0x00,   -3, 0x01, 0x10, 0xE0, 0x21, 0x11, 0x1F, 0xEF, 0xFF, 0xFF, 0xFE, 0xEF, 0xFF, 0x00, 0xEF
    .byte   0xEF, 0xFF, 0xFF, 0x0F, 0x00, 0x20, 0x21, 0x12, 0x02, 0x12, 0x20, 0x22, 0x12, 0x2F, 0x21, 0x22
    .byte   0x11, 0x01,   29, 0x01, 0x11, 0x10, 0xF0, 0x10, 0x00, 0xEF, 0xEF, 0xFF, 0x0E, 0xEF, 0xE0, 0xE0
    .byte   0xF0, 0xE0, 0xFF, 0x00, 0x1F, 0xFF, 0x00, 0x11, 0x0F, 0xF0, 0xF0, 0x20, 0xFF, 0xFF, 0xF0, 0xF0
    .byte   0xE0, 0xFE, 0xFF,  -19, 0x0F, 0xFE, 0xFF, 0xF0, 0xFF, 0xF0, 0x10, 0x11, 0x1F, 0x22, 0x12, 0x21
    .byte   0x12, 0x22, 0x21, 0x21, 0x01, 0x21, 0x22, 0xFF, 0x11, 0x12, 0x10, 0xFE, 0x10, 0x10, 0xFE, 0x0E
    .byte   0xF0, 0xFF, 0xEF, 0x0E,    8, 0x0F, 0xF0, 0xEF, 0xFF, 0xFF, 0xF0, 0xF1, 0xFF, 0x00, 0xFF, 0x00
    .byte   0x01, 0xF0, 0xFE, 0x11, 0x00, 0xFE, 0xF0, 0xF0, 0x00, 0xEF, 0xF0, 0x00, 0xF0, 0xFF, 0x00, 0x20
    .byte   0x11, 0x01, 0x20, 0x21, 0x21,   -3, 0x01, 0x20, 0x12, 0x20, 0x12, 0x00, 0x02, 0x21, 0x11, 0xF1
    .byte   0x02, 0x0F, 0xFF, 0xF1, 0x00, 0xFF, 0xFF, 0xE0, 0xE0, 0x0E, 0xFF, 0xEF, 0x0F, 0xFF, 0xE0, 0xEF
    .byte   0x0F, 0x00, 0xFE, 0xF0, 0x02, 0x0F,  -14, 0x0E, 0x00, 0x12, 0x00, 0xEF, 0xF1, 0x11, 0x0F, 0xFF
    .byte   0xF1, 0x11, 0x0F, 0x0F, 0x01, 0x11, 0x11, 0x00, 0x02, 0x11, 0x21, 0x11, 0x20, 0x21, 0x11, 0x00
    .byte   0x20, 0x20, 0x01, 0x11, 0x02, 0x10, 0x0F,   24, 0x01, 0x11, 0x00, 0xE0, 0x10, 0x1F, 0xEF, 0xF0
    .byte   0xE0, 0x0E, 0x0E, 0xFE, 0x0F, 0x0E, 0xFF, 0xEF, 0xE0, 0xFF, 0x0E, 0x00, 0x1F, 0x0F, 0xFF, 0xF1
    .byte   0x11, 0x1F, 0x10, 0x02, 0x10, 0x10, 0xF0, 0x12,  -11, 0x00, 0xF1, 0x11, 0x11, 0x11, 0x11, 0x02
    .byte   0x11, 0x10, 0x10, 0x21, 0x11, 0x0F, 0x10, 0x21, 0x01, 0x0F, 0x10, 0x21, 0x10, 0xF0, 0x01, 0x10
    .byte   0xF0, 0xE0, 0x01, 0x10, 0xE0, 0xE0, 0xEF, 0xFF, 0xEE,   -3, 0x0E, 0xFF, 0x0F, 0xEF, 0xEE, 0x11
    .byte   0xFF, 0xFE, 0xFF, 0x12, 0xF0, 0xFF, 0xF1, 0x22, 0x01, 0x10, 0x11, 0x21, 0x11, 0x11, 0x11, 0x21
    .byte   0x01, 0x10, 0x11, 0x10, 0xF2, 0xF1, 0x11, 0xF0, 0x12, 0xF0,   14, 0x0F, 0x10, 0x11, 0x01, 0x0F
    .byte   0x00, 0x21, 0x1F, 0xFF, 0x01, 0x0F, 0xFF, 0xFF, 0x00, 0x0F, 0x0E, 0x0E, 0x0F, 0x0E, 0xE0, 0xEF
    .byte   0xF0, 0xE0, 0xEF, 0x0E, 0x1F, 0x0F, 0xFF, 0xF0, 0x10, 0x10, 0x00,  -24, 0x01, 0x20, 0x11, 0x11
    .byte   0x12, 0x11, 0x11, 0x11, 0x12, 0x11, 0x10, 0x01, 0x11, 0x01, 0x00, 0x10, 0x11, 0x00, 0xF1, 0x11
    .byte   0x0F, 0x00, 0x10, 0x10, 0x00, 0x00, 0x11, 0x10, 0xFF, 0xF1, 0x01, 0x0F,   13, 0x0F, 0xF0, 0x01
    .byte   0xE0, 0xFE, 0x0F, 0xFF, 0xFF, 0xEE, 0xFF, 0x00, 0x0E, 0xFF, 0xFF, 0x00, 0xF0, 0x01, 0x0F, 0x01
    .byte   0x11, 0x01, 0x10, 0x21, 0x02, 0xF0, 0x11, 0x02, 0x01, 0x01, 0x11, 0x11, 0x00,    5, 0x0F, 0x00
    .byte   0x11, 0x10, 0x00, 0x01, 0x10, 0x00, 0xF0, 0x10, 0x11, 0x1F, 0x00, 0x01, 0x0F, 0x11, 0x00, 0xF0
    .byte   0x00, 0x00, 0xFF, 0xF1, 0xE1, 0x0F, 0x0F, 0xFF, 0xFF, 0xFF, 0x0E, 0x0E, 0x10, 0xFF,  -11, 0x0F
    .byte   0xFF, 0x0F, 0x1F, 0xF0, 0xF0, 0x10, 0x10, 0x11, 0x01, 0x10, 0x10, 0x11, 0x01, 0x01, 0x11, 0x10
    .byte   0x01, 0x02, 0xF1, 0x0F, 0x00, 0x10, 0x12, 0xFF, 0x00, 0x11, 0x10, 0x0F, 0x0F, 0x11, 0x11,   10
    .byte   0x0F, 0xF0, 0x10, 0x1F, 0x0F, 0xF0, 0x11, 0x11, 0x0E, 0x01, 0x11, 0xF0, 0xEF, 0x01, 0x00, 0xF0
    .byte   0xFF, 0x0F, 0xFF, 0x0E, 0x0F, 0x00, 0x01, 0x0E, 0x0F, 0x01, 0x1F, 0x0F, 0xFF, 0x11, 0x10, 0xFF
    .byte    -12, 0x00, 0x21, 0x00, 0xF1, 0x01, 0x10, 0x10, 0x01, 0x11, 0x01, 0x00, 0x00, 0x11, 0x0F, 0x00
    .byte   0x11, 0xF0, 0x00, 0x01, 0x11, 0x10, 0xFF, 0xF0, 0x00, 0x11, 0x00, 0x10, 0x10, 0x1F, 0xFF, 0x00
    .byte   0x11,    7, 0x00, 0xF0, 0x00, 0x10, 0xF0, 0xFF, 0x00, 0x00, 0xFF, 0xFF, 0x00, 0x00, 0xF0, 0xFF
    .byte   0x10, 0xFF, 0xFF, 0xF0, 0x02, 0x0F, 0xFF, 0x01, 0x01, 0x0F, 0xFF, 0x10, 0x11, 0x1F, 0xF0, 0x01
    .byte   0x01, 0x0F,   -6, 0x01, 0x11, 0x10, 0xFF, 0xF1, 0x01, 0x10, 0xF0, 0x01, 0x11, 0x00, 0x00, 0x11
    .byte   0x11, 0xFF, 0x01, 0xF1, 0x11, 0x0F, 0x01, 0x10, 0x0F, 0x0F, 0x00, 0x00, 0xF0, 0x00, 0x10, 0x00
    .byte   0x0F, 0xF0, 0x00,    3, 0x00, 0xFF, 0x01, 0x00, 0x00, 0xF0, 0x00, 0x00, 0xFF, 0xFF, 0x11, 0x11
    .byte   0xFF, 0xF0, 0x10, 0xF0, 0x0F, 0x0F, 0x11, 0x00, 0x0F, 0xF1, 0x10, 0x00, 0xF0, 0x00, 0x1F, 0x01
    .byte   0xF1, 0x00, 0x00, 0x00,   -2, 0x00, 0x10, 0x1F, 0x00, 0x01, 0x00, 0x01, 0x0F, 0x01, 0x00, 0x10
    .byte   0xF0, 0x00, 0x1F, 0x10, 0x00, 0x1F, 0x00, 0x00, 0xF1, 0x0F, 0x10, 0xF0, 0x11, 0x1F, 0xFF, 0xF1
    .byte   0x11, 0x0F, 0xF0, 0x01, 0xF1,    1, 0x0F, 0x10, 0x00, 0x00, 0xFF, 0xF1, 0x00, 0x00, 0x01, 0xF0
    .byte   0x0F, 0x10, 0xF1, 0x00, 0x1F, 0xF1, 0x00, 0x00, 0x10, 0x00, 0xF0, 0x00, 0x0F, 0x01, 0x00, 0x11
    .byte   0xFF, 0x0F, 0x0F, 0x01, 0x00, 0x10,   -1, 0x01, 0x01, 0xFF, 0x01, 0x1F, 0x10, 0x00, 0x00, 0xF1
    .byte   0xF0, 0x01, 0x1F, 0x10, 0x00, 0xF0, 0x1F, 0x1F, 0x00, 0x1F, 0x00, 0x00, 0xF0, 0x01, 0x00, 0xF0
    .byte   0x0F, 0x01, 0x01, 0x0F, 0x01, 0x00, 0xF0,   -1, 0x0F, 0x10, 0x1F, 0x10, 0x00, 0x10, 0xF0, 0xF0
    .byte   0xF0, 0x00, 0x10, 0x10, 0xF1, 0x0F, 0x00, 0xF1, 0xF0, 0x10, 0x00, 0x10, 0x00, 0x01, 0xF0, 0x0F
    .byte   0x00, 0x1F, 0x00, 0x10, 0x10, 0x00, 0x0F, 0x0F,    0, 0x0F, 0x01, 0x00, 0x1F, 0x10, 0x01, 0xFF
    .byte   0x0F, 0x00, 0x11, 0x00, 0xF1, 0x0F, 0x10, 0x00, 0x0F, 0x1F, 0x01, 0xF0, 0x0F, 0x10, 0x00, 0x00
    .byte   0x00, 0x00, 0x1F, 0x00, 0x1F, 0x1F, 0xF0, 0x1F, 0x10,    0, 0x00, 0xF1, 0x00, 0x00, 0xF1, 0xF1
    .byte   0x1F, 0x10, 0xF0, 0xF1, 0xF1, 0xF1, 0xF1, 0x00, 0x0F, 0x10, 0x00, 0xF1, 0x00, 0x10, 0xFF, 0x1F
    .byte   0x10, 0x00, 0x01, 0xF1, 0xF1, 0xF0, 0x01, 0x00, 0x00, 0x0F,    0, 0x00, 0x00, 0x00, 0x01, 0xF0
    .byte   0x00, 0x0F, 0x10, 0xF1, 0x00, 0x1F, 0x01, 0x0F, 0x00, 0xF0, 0x01, 0xF1, 0x00, 0x1F, 0x00, 0x1F
    .byte   0x00, 0x00, 0x1F, 0x0F, 0x10, 0x00, 0x00, 0x00, 0xF1, 0x0F, 0x10,   -1, 0x01, 0xF1, 0x00, 0x00
    .byte   0x00, 0x0F, 0x10, 0x00, 0x00, 0x01, 0xF0, 0x00, 0x00, 0x00, 0xF1, 0x00, 0x00, 0xF1, 0x10, 0xF1
    .byte   0xF0, 0xF1, 0x1F, 0x00, 0x00, 0x00, 0x1F, 0x00, 0x01, 0xF0, 0x00, 0x00,    0, 0x01, 0xFF, 0x10
    .byte   0x00, 0x00, 0x00, 0x0F, 0x10, 0x00, 0xF1, 0x1F, 0x0F, 0x10, 0x1F, 0x00, 0x00, 0x00, 0x10, 0xF0
    .byte   0x00, 0xF1, 0x01, 0xF0, 0x00, 0x0F, 0x10, 0xF1, 0x00, 0x0F, 0x01, 0x00, 0x1F,    0, 0x00, 0xF1
    .byte   0x0F, 0x10, 0x00, 0x01, 0xF0, 0x1F, 0x01, 0xF0, 0x00, 0x0F, 0x10, 0x00, 0x00, 0x1F, 0x0F, 0x10
    .byte   0x0F, 0x10, 0xF1, 0x00, 0x00, 0x00, 0x1F, 0x1F, 0x00, 0x01, 0xF0, 0x10, 0x0F, 0x0F,    0, 0x00
    .byte   0x00, 0x00, 0x00, 0x00, 0xF1, 0x00, 0x00, 0xF1, 0x00, 0xF1, 0x1F, 0xF1, 0x00, 0x00, 0x00, 0x00
    .byte   0x00, 0x00, 0x00, 0x10, 0x0F, 0xF1, 0x0F, 0x10, 0xF1, 0x0F, 0x00, 0x10, 0x00, 0x01, 0xF0,    0
    .byte   0x00, 0x00, 0x00, 0x00, 0x10, 0x0F, 0x00, 0x00, 0x1F, 0x1F, 0xF1, 0x10, 0x0F, 0x01, 0xF0, 0x00
    .byte   0x0F, 0x11, 0xF0, 0x00, 0x00, 0x00, 0xF1, 0x00, 0x00, 0x00, 0x00, 0x00, 0x0F, 0x11, 0xF1, 0xF0
    .byte      0, 0x00, 0x01, 0xF1, 0xF0, 0x00, 0x00, 0x00, 0x00, 0x1F, 0x00, 0x1F, 0x00, 0x00, 0x01, 0xF0
    .byte   0xF0, 0x10, 0x00, 0x00, 0x00, 0xF1, 0x0F, 0x01, 0x00, 0x00, 0x01, 0xF0, 0x10, 0xF0, 0x1F, 0xF1
    .byte   0x00,    0, 0x00, 0x00, 0x00, 0x0F, 0x10, 0x00, 0x00, 0x01, 0xF0, 0x00, 0x1F, 0x10, 0xF0, 0xF1
    .byte   0x00, 0x00, 0x00, 0x00, 0x00, 0x00, 0xF0, 0x10, 0x1F, 0x00, 0x00, 0x1F, 0x00, 0x0F, 0x1F, 0x10
    .byte   0x00, 0xF1,    0, 0x00, 0x00, 0xF1, 0x00, 0x00, 0x00, 0xF1, 0x0F, 0x01, 0x00, 0x1F, 0x01, 0xF0
    .byte   0x00, 0x1F, 0x00, 0x00, 0x00, 0x00, 0x01, 0xF0, 0x01, 0xF0, 0xF1, 0x0F, 0x01, 0x00, 0xF1, 0x00
    .byte   0xF1, 0x00, 0x00,    0, 0x01, 0xF0, 0x0F, 0x10, 0x00, 0x00, 0x00, 0xF1, 0x0F, 0x01, 0x00, 0x00
    .byte   0x00, 0x01, 0xF1, 0xF0, 0x01, 0xF0, 0x00, 0x00, 0x00, 0x00, 0x0F, 0x10, 0x00, 0x00, 0x01, 0xF0
    .byte   0x00, 0xF1, 0x1F, 0x00,    0, 0x00, 0x00, 0x0F, 0x10, 0xF1, 0x00, 0xF1, 0xF1, 0x1F, 0x00, 0x00
    .byte   0x1F, 0x0F, 0x10, 0x00, 0x0F, 0x10, 0xF1, 0x00, 0xF1, 0x1F, 0x00, 0x00, 0x1F, 0x00, 0x1F, 0x00
    .byte   0xF1, 0x01, 0xF0, 0xF1, 0x00,    1, 0x00, 0xF1, 0xF0, 0x00, 0xF1, 0xF1, 0xF1, 0x00, 0x00, 0x1F
    .byte   0x0F, 0x10, 0x00, 0x00, 0x1F, 0x01, 0xF0, 0x00, 0x00, 0x0F, 0x10, 0x00, 0x00, 0x00, 0xF1, 0x00
    .byte   0x01, 0xF1, 0x0F, 0x00, 0x00, 0x10,    0, 0x01, 0xFF, 0x01, 0x01, 0xF0, 0x00, 0x00, 0x0F, 0x1F
    .byte   0x1F, 0x10, 0x10, 0xFF, 0x10, 0x00, 0x00, 0xF1, 0x00, 0x00, 0x00, 0x00, 0x00, 0x01, 0xF0, 0x00
    .byte   0x0F, 0x01, 0x00, 0x00, 0xF1, 0x0F, 0x10,    0, 0x00, 0x00, 0x00, 0x00, 0x00, 0x01, 0xF1, 0xF0
    .byte   0x00, 0x00, 0x00, 0x00, 0x00, 0x00, 0x01, 0xFF, 0x10, 0x00, 0x00, 0x00, 0x00, 0x00, 0x00, 0xF0
    .byte   0x10, 0x00, 0x0F, 0x10, 0x0F, 0x10, 0xF1, 0x00,    0, 0x00, 0x1F, 0x1F, 0x1F, 0x00, 0x00, 0x00
    .byte   0x10, 0xF0, 0x1F, 0x0F, 0x10, 0x00, 0x00, 0x00, 0xF0, 0x1F, 0x10, 0x1F, 0x00, 0x00, 0x00, 0xF1
    .byte   0x00, 0x00, 0x00, 0x01, 0xF0, 0x00, 0x00, 0xF0, 0x10,    0, 0x00, 0x0F, 0x10, 0x01, 0xF0, 0x00
    .byte   0x00, 0x00, 0x1F, 0x00, 0x0F, 0x10, 0x00, 0x0F, 0x10, 0x00, 0x0F, 0x10, 0x1F, 0x00, 0x00, 0x00
    .byte   0x0F, 0x10, 0x00, 0xF1, 0xF1, 0x00, 0x1F, 0x00, 0x00, 0x0F,    0, 0x00, 0x00, 0x00, 0x00, 0x0F
    .byte   0x10, 0x0F, 0x10, 0x00, 0x00, 0xF1, 0x00, 0x00, 0x00, 0x00, 0x00, 0x00, 0x00, 0x00, 0xF1, 0x1F
    .byte   0x00, 0x00, 0x1F, 0x10, 0xF1, 0xFF, 0x1F, 0x10, 0x0F, 0x11, 0xF0,    0, 0x00, 0x00, 0x00, 0x00
    .byte   0x00, 0x00, 0x00, 0x00, 0x00, 0xF1, 0x00, 0xF1, 0x0F, 0x1F, 0x10, 0x0F, 0x10, 0x00, 0x00, 0x1F
    .byte   0x0F, 0x10, 0x00, 0x1F, 0x00, 0x00, 0x00, 0x00, 0x00, 0x00, 0x00, 0x00,   -1, 0x01, 0xF0, 0x10
    .byte   0x00, 0x00, 0xF0, 0x10, 0x10, 0xF1, 0xF0, 0x1F, 0x0F, 0x10, 0x00, 0x00, 0x01, 0x0F, 0x00, 0x00
    .byte   0xF1, 0x0F, 0x11, 0xF1, 0x0F, 0xF1, 0x0F, 0x10, 0x01, 0xF1, 0xFF, 0x01, 0x00,    1, 0x0F, 0x00
    .byte   0x00, 0x00, 0x00, 0x00, 0x00, 0xF1, 0x00, 0x01, 0xF0, 0x00, 0x00, 0x00, 0x00, 0x00, 0x01, 0xF1
    .byte   0xF0, 0x1F, 0x01, 0xF0, 0x00, 0x01, 0x0F, 0x00, 0xF1, 0x00, 0x1F, 0xF1, 0x00, 0x00,    0, 0x01
    .byte   0xF0, 0x00, 0xF1, 0x1F, 0x00, 0x00, 0x00, 0x0F, 0x01, 0x00, 0x1F, 0x00, 0x1F, 0x00, 0x00, 0x0F
    .byte   0x10, 0x00, 0x0F, 0x01, 0x1F, 0x01, 0xF0, 0x1F, 0x00, 0x00, 0x1F, 0x00, 0x0F, 0x10, 0x01,    0
    .byte   0x00, 0x0F, 0x10, 0x1F, 0x00, 0x00, 0x01, 0xF0, 0x00, 0xF1, 0x00, 0xF1, 0x00, 0x00, 0x00, 0x00
    .byte   0x01, 0x0F, 0x0F, 0x1F, 0x01, 0x00, 0x0F, 0x10, 0x00, 0x00, 0x00, 0x00, 0xF1, 0x00, 0x01, 0xF0
    .byte     -1, 0x00, 0x1F, 0x1F, 0x10, 0x00, 0x00, 0x00, 0x00, 0x00, 0x00, 0x00, 0x01, 0xF1, 0xF0, 0x00
    .byte   0x00, 0xF1, 0x00, 0x00, 0xF1, 0x01, 0xF0, 0xF1, 0x00, 0xF1, 0x00, 0xF1, 0x01, 0x0F, 0xF1, 0x00
    .byte   0x0F,    0, 0x00, 0x00, 0x01, 0xF0, 0x0F, 0x11, 0xF0, 0x01, 0x0F, 0x00, 0x00, 0x00, 0x01, 0xF0
    .byte   0x00, 0x00, 0x00, 0x00, 0x0F, 0x10, 0x00, 0x00, 0x00, 0x1F, 0x1F, 0x00, 0x00, 0x0F, 0x00, 0x10
    .byte   0x00, 0x00,    0, 0x0F, 0x10, 0x00, 0x1F, 0x00, 0x01, 0x0F, 0x00, 0x0F, 0x10, 0x00, 0x00, 0x0F
    .byte   0x01, 0x00, 0x0F, 0x10, 0x00, 0x00, 0xF0, 0x11, 0xF1, 0xF0, 0x00, 0x00, 0x00, 0x00, 0x1F, 0x00
    .byte   0x00, 0x00, 0x10,    0, 0x00, 0x00, 0x00, 0x00, 0xF1, 0x1F, 0x00, 0x1F, 0x00, 0x00, 0x00, 0x00
    .byte   0x1F, 0x00, 0x0F, 0x10, 0x0F, 0x01, 0x10, 0xF0, 0x00, 0x00, 0x1F, 0x00, 0x00, 0x01, 0x0F, 0x00
    .byte   0x00, 0x00, 0x00, 0xF0,    1, 0x0F, 0x00, 0x01, 0xF0, 0x01, 0xF0, 0x1F, 0x0F, 0x10, 0x00, 0x00
    .byte   0x0F, 0x10, 0xF0, 0x1F, 0x1F, 0x10, 0x1F, 0x00, 0x00, 0xF1, 0x00, 0x0F, 0x1F, 0x10, 0xF1, 0x00
    .byte   0x1F, 0xF1, 0x0F, 0x01, 0x00,    1, 0x0F, 0x00, 0x00, 0x00, 0x00, 0x00, 0x00, 0x00, 0x00, 0x00
    .byte   0x00, 0x1F, 0x00, 0x00, 0x00, 0x00, 0x01, 0x0F, 0x00, 0x00, 0x00, 0x00, 0x00, 0xF1, 0x00, 0x00
    .byte   0x00, 0x00, 0x1F, 0x1F, 0x00, 0x00,    0, 0x0F, 0x10, 0x00, 0x0F, 0x10, 0x00, 0x01, 0xF0, 0x00
    .byte   0x00, 0x0F, 0x1F, 0x10, 0x00, 0x00, 0x1F, 0x00, 0x00, 0x00, 0x00, 0xF0, 0x10, 0xF1, 0xF1, 0x00
    .byte   0x01, 0xF0, 0xF1, 0x00, 0x00, 0x00, 0x0F,    0, 0x00, 0xF0, 0x10, 0x00, 0xF1, 0x00, 0x1F, 0x00
    .byte   0x01, 0xF0, 0xF1, 0xF1, 0x00, 0x00, 0x01, 0xF0, 0xF0, 0x10, 0xF1, 0x01, 0xF1, 0xF0, 0x00, 0x01
    .byte   0xF0, 0x0F, 0x10, 0x00, 0x00, 0x01, 0xF1, 0xF0,    0, 0x00, 0x0F, 0x11, 0xF1, 0xF1, 0xF0, 0xF0
    .byte   0x1F, 0x10, 0x00, 0x0F, 0x10, 0x00, 0x00, 0x01, 0xF0, 0x00, 0xF1, 0x00, 0x0F, 0x11, 0xF0, 0x00
    .byte   0x00, 0xF1, 0x10, 0xF0, 0x00, 0x1F, 0x00, 0x00, 0x1F,    0, 0x00, 0x00, 0x00, 0x00, 0x0F, 0x01
    .byte   0x00, 0x1F, 0xF1, 0x00, 0x00, 0x00, 0x00, 0x1F, 0x0F, 0x01, 0x00, 0x00, 0x00, 0x00, 0x00, 0x00
    .byte   0x00, 0x00, 0x00, 0x0F, 0x1F, 0x10, 0xF1, 0x00, 0x00, 0xF0,    0, 0x00, 0xF1, 0x00, 0x00, 0x01
    .byte   0xF0, 0x00, 0x0F, 0x10, 0x00, 0x00, 0xF1, 0x0F, 0x10, 0x0F, 0x10, 0xF1, 0x00, 0x00, 0x00, 0x1F
    .byte   0x01, 0xFF, 0x10, 0x00, 0x1F, 0x00, 0x0F, 0x10, 0x0F, 0x01, 0x00,   -1, 0x01, 0x00, 0x00, 0x00
    .byte   0x01, 0xF0, 0xF1, 0x00, 0x1F, 0x00, 0x1F, 0xF0, 0x10, 0x0F, 0x10, 0x00, 0x00, 0x1F, 0x00, 0x00
    .byte   0x00, 0x00, 0xF1, 0x00, 0x10, 0x0F, 0xF1, 0x10, 0xF0, 0xF1, 0x00, 0x00,    0, 0x00, 0x0F, 0x01
    .byte   0xF0, 0x10, 0x0F, 0x11, 0xF0, 0xF1, 0x00, 0x01, 0xF0, 0x0F, 0x10, 0x00, 0x00, 0x00, 0x00, 0x00
    .byte   0x00, 0x00, 0x00, 0x00, 0x00, 0x1F, 0x00, 0x00, 0x01, 0xF0, 0x00, 0x00, 0x1F,    0, 0x00, 0x00
    .byte   0x00, 0x00, 0x00, 0x00, 0x00, 0x00, 0x1F, 0x00, 0x00, 0x00, 0x1F, 0x00, 0x00, 0x01, 0xF0, 0xF1
    .byte   0x00, 0x00, 0x00, 0x00, 0x0F, 0x10, 0xF1, 0x00, 0x00, 0x00, 0xF1, 0x1F, 0x00, 0x00,    0, 0x00
    .byte   0x1F, 0x00, 0x00, 0x00, 0x1F, 0x00, 0x1F, 0x0F, 0x00, 0x1F, 0x10, 0x00, 0x00, 0x00, 0x00, 0x0F
    .byte   0x10, 0x1F, 0x00, 0xF0, 0x10, 0x00, 0x00, 0xF1, 0x00, 0x00, 0x0F, 0x1F, 0x10, 0x00, 0x00,   -1
    .byte   0x01, 0x00, 0x00, 0x0F, 0x01, 0x00, 0x00, 0x00, 0x0F, 0x01, 0x00, 0x00, 0x01, 0xF0, 0x00, 0xF1
    .byte   0x00, 0xF1, 0x00, 0x00, 0x00, 0x00, 0x01, 0xF0, 0x00, 0x00, 0x01, 0xF1, 0xF0, 0x01, 0x00, 0xF0
    .byte      0, 0x01, 0xF0, 0x00, 0x00, 0x00, 0x00, 0x00, 0x00, 0x1F, 0x00, 0x00, 0xF0, 0x10, 0x00, 0x01
    .byte   0xF0, 0x0F, 0x1F, 0x10, 0x0F, 0x10, 0x00, 0xF1, 0x00, 0x00, 0x00, 0x00, 0x00, 0x00, 0x00, 0x01
    .byte   0xF0,    0, 0x00, 0x01, 0xF0, 0x00, 0xF1, 0x00, 0x1F, 0x00, 0x00, 0x00, 0x0F, 0x10, 0x1F, 0x1F
    .byte   0x1F, 0x00, 0xF1, 0x0F, 0x10, 0x00, 0x00, 0x1F, 0x1F, 0x00, 0x00, 0x1F, 0xF1, 0x00, 0x00, 0x00
    .byte   0x00, 0x00,    1, 0x0F, 0xF1, 0x00, 0x00, 0x00, 0x0F, 0x10, 0xF0, 0x10, 0x1F, 0x00, 0xF1, 0x0F
    .byte   0x01, 0x00, 0xF1, 0x00, 0x01, 0xF0, 0x00, 0x01, 0xF0, 0x01, 0xF0, 0x00, 0x01, 0x0F, 0x00, 0x00
    .byte   0x0F, 0x1F, 0x10,    0, 0x00, 0x00, 0x10, 0xF0, 0x00, 0x00, 0x00, 0x0F, 0x10, 0x01, 0xF0, 0xF1
    .byte   0x00, 0xF1, 0x0F, 0x01, 0x1F, 0x00, 0x0F, 0x10, 0xF1, 0x00, 0x00, 0x00, 0xF1, 0xF1, 0x00, 0x00
    .byte   0x0F, 0x10, 0x00, 0x00,    0, 0x00, 0x00, 0xF1, 0x00, 0x00, 0x0F, 0x10, 0x0F, 0x10, 0x01, 0xF0
    .byte   0x01, 0xF0, 0x00, 0x00, 0x0F, 0x1F, 0x10, 0x0F, 0x10, 0x0F, 0x10, 0x1F, 0x0F, 0x01, 0x00, 0x00
    .byte   0x00, 0x1F, 0x0F, 0x01, 0x00,    0, 0x0F, 0x10, 0x00, 0x00, 0x00, 0x1F, 0x1F, 0x0F, 0x10, 0x00
    .byte   0x00, 0x0F, 0x10, 0x0F, 0x10, 0x00, 0x00, 0x00, 0x1F, 0x00, 0x00, 0x00, 0xF1, 0xF1, 0x00, 0x00
    .byte   0x1F, 0x1F, 0x00, 0x00, 0xF1, 0x00,    0, 0x00, 0x00, 0x01, 0xF0, 0x1F, 0x00, 0xF1, 0x01, 0xF1
    .byte   0xF0, 0x00, 0x1F, 0x00, 0x01, 0xF0, 0x1F, 0x0F, 0x10, 0x00, 0x0F, 0x10, 0xF1, 0x00, 0xF1, 0x00
    .byte   0x00, 0x00, 0x0F, 0x11, 0xF0, 0x00, 0x00,    0, 0x00, 0x0F, 0x10, 0x00, 0x0F, 0x10, 0x00, 0x00
    .byte   0x00, 0x00, 0x0F, 0x10, 0x1F, 0x00, 0x0F, 0x10, 0x00, 0x1F, 0x1F, 0x1F, 0x00, 0xF1, 0x00, 0x01
    .byte   0xF0, 0x00, 0x10, 0xF0, 0x00, 0x0F, 0x10, 0xF1,    0, 0x00, 0x1F, 0x00, 0x00, 0x00, 0x00, 0x00
    .byte   0x00, 0x0F, 0x10, 0x1F, 0x1F, 0x00, 0x00, 0x1F, 0x0F, 0x11, 0x0F, 0x00, 0xF1, 0x00, 0x0F, 0x10
    .byte   0x01, 0xF0, 0x1F, 0x00, 0x00, 0x00, 0x00, 0xF1, 0x01,   -1, 0x01, 0x00, 0x1F, 0x0F, 0x01, 0x1F
    .byte   0x00, 0x00, 0x00, 0x1F, 0x00, 0x00, 0x01, 0xFF, 0x10, 0x00, 0x0F, 0x10, 0xF1, 0x01, 0xF0, 0x00
    .byte   0x0F, 0x10, 0x00, 0x0F, 0x10, 0x0F, 0x01, 0x00, 0x1F, 0x00,    0, 0x00, 0xF1, 0x1F, 0x1F, 0x00
    .byte   0x1F, 0xF1, 0x10, 0x0F, 0x00, 0x00, 0x00, 0x01, 0xF0, 0x00, 0x00, 0x00, 0x00, 0x01, 0xF1, 0xF0
    .byte   0x00, 0x00, 0x00, 0x00, 0x00, 0x1F, 0x10, 0xF0, 0x00, 0x00, 0x00,   -1, 0x00, 0x10, 0x00, 0x01
    .byte   0xF0, 0x01, 0xF0, 0x00, 0x00, 0x01, 0xFF, 0x10, 0x1F, 0x00, 0xF0, 0x10, 0x00, 0xF1, 0x00, 0xF0
    .byte   0x10, 0x0F, 0x10, 0x00, 0x00, 0x01, 0xF0, 0xF1, 0x00, 0x10, 0xF0, 0x0F,    0, 0x00, 0x00, 0x00
    .byte   0x00, 0x00, 0x00, 0x00, 0x00, 0x00, 0x00, 0x00, 0x1F, 0x1F, 0x00, 0xF0, 0x11, 0xF0, 0x1F, 0x00
    .byte   0x1F, 0x00, 0xF1, 0x01, 0xF0, 0x1F, 0x0F, 0x1F, 0x11, 0xFF, 0x10, 0x00, 0x1F,    0, 0x00, 0x01
    .byte   0xF0, 0x00, 0xF1, 0x0F, 0x01, 0x00, 0x01, 0xFF, 0x10, 0x00, 0x00, 0xF1, 0xF1, 0x00, 0x00, 0x00
    .byte   0x01, 0xF0, 0xF1, 0xF1, 0x00, 0x00, 0x00, 0x00, 0x00, 0xF1, 0xF1, 0x1F, 0x00, 0x1F,    1, 0x0F
    .byte   0x1F, 0x00, 0xF1, 0x00, 0xF1, 0x1F, 0x00, 0x10, 0xF0, 0x0F, 0x01, 0x0F, 0x01, 0x0F, 0x1F, 0x11
    .byte   0xF0, 0x00, 0x00, 0xF1, 0x00, 0x00, 0x00, 0x01, 0xFF, 0x01, 0x00, 0x1F, 0x00, 0x00, 0x00,    0
    .byte   0x00, 0x1F, 0x00, 0x01, 0x0F, 0x00, 0x1F, 0x00, 0x00, 0xF1, 0x00, 0x00, 0x00, 0x00, 0x00, 0x01
    .byte   0xF0, 0x01, 0xF1, 0x00, 0xF0, 0x01, 0xF0, 0x0F, 0x10, 0x00, 0x00, 0x01, 0x0F, 0xF1, 0x1F, 0x00
    .byte     -1, 0x01, 0xF1, 0x0F, 0x10, 0x00, 0x1F, 0x00, 0x1F, 0x00, 0x0F, 0x10, 0xF1, 0x00, 0x1F, 0x00
    .byte   0x00, 0x00, 0x00, 0xF1, 0xF1, 0x00, 0x00, 0x00, 0x00, 0x00, 0x00, 0x00, 0x00, 0x00, 0x00, 0x00
    .byte   0x00,    0, 0x00, 0x00, 0x0F, 0x10, 0x1F, 0x0F, 0x10, 0x00, 0x00, 0xF1, 0x00, 0x00, 0x00, 0x0F
    .byte   0x10, 0x00, 0x0F, 0x10, 0x00, 0x00, 0x00, 0x00, 0x00, 0x01, 0xF0, 0x00, 0x00, 0x00, 0x01, 0xF0
    .byte   0x00, 0x1F,    0, 0x00, 0x01, 0x0F, 0x00, 0x00, 0x0F, 0x11, 0xF0, 0x0F, 0x10, 0x00, 0x01, 0xF0
    .byte   0x00, 0x00, 0x00, 0x01, 0xF0, 0x00, 0x00, 0x00, 0x00, 0x00, 0x00, 0x00, 0x10, 0xF0, 0x10, 0xF1
    .byte   0xF0, 0x00, 0x00,    0, 0x0F, 0x10, 0x00, 0xF1, 0x00, 0x00, 0x01, 0xF1, 0xFF, 0x10, 0x10, 0xF0
    .byte   0xF0, 0x10, 0x00, 0x00, 0x00, 0x0F, 0x10, 0x01, 0xF0, 0x00, 0xF1, 0x00, 0xF1, 0xF1, 0x00, 0x00
    .byte   0x10, 0xF0, 0x01, 0x0F,    0, 0x00, 0x00, 0x0F, 0x10, 0x00, 0xF1, 0x1F, 0x0F, 0x10, 0x01, 0xF0
    .byte   0xF1, 0xF1, 0xF1, 0x00, 0x00, 0x00, 0x00, 0xF0, 0x10, 0x0F, 0x10, 0x01, 0xF0, 0x01, 0xF0, 0x0F
    .byte   0x10, 0xF1, 0x1F, 0xF1, 0x00,    1, 0x0F, 0x01, 0xF0, 0xF1, 0x00, 0x00, 0x00, 0x00, 0x1F, 0x00
    .byte   0x1F, 0x00, 0x00, 0x00, 0x00, 0xF0, 0x01, 0x00, 0x00, 0x1F, 0x00, 0x00, 0xF1, 0x00, 0x00, 0x00
    .byte   0x1F, 0x00, 0x01, 0xF0, 0x1F, 0x01,    0, 0x00, 0x01, 0xFF, 0x10, 0x00, 0x01, 0xF0, 0x00, 0x0F
    .byte   0x10, 0x00, 0x00, 0x00, 0x00, 0x00, 0x00, 0x00, 0x1F, 0x00, 0x00, 0xF1, 0x00, 0x00, 0x00, 0x1F
    .byte   0x0F, 0x11, 0xF0, 0x00, 0x00, 0xF0, 0x10,    0, 0x00, 0x00, 0x01, 0xF0, 0xF1, 0x0F, 0x10, 0x00
    .byte   0x00, 0x00, 0x01, 0xF0, 0xF1, 0xF1, 0x00, 0xF1, 0xF1, 0x00, 0x01, 0xF0, 0x01, 0xF0, 0x00, 0x1F
    .byte   0x00, 0x1F, 0xF1, 0x1F, 0x00, 0x00, 0xF1, 0x00,   -1, 0x01, 0x00, 0x00, 0x00, 0x00, 0x01, 0xF0
    .byte   0x00, 0x00, 0x1F, 0x1F, 0x01, 0xF0, 0x01, 0xF0, 0xF1, 0x1F, 0x00, 0x00, 0x00, 0x00, 0x00, 0xF1
    .byte   0x00, 0x0F, 0x10, 0x00, 0x00, 0x00, 0xF1, 0x10, 0x0F,    0, 0x0F, 0x10, 0x00, 0x00, 0x1F, 0x0F
    .byte   0x10, 0x00, 0x0F, 0x10, 0x0F, 0x10, 0x0F, 0x10, 0x00, 0xF1, 0x1F, 0x1F, 0x01, 0xFF, 0x10, 0xF1
    .byte   0x0F, 0x10, 0x1F, 0x01, 0xFF, 0x10, 0x1F, 0x10, 0xF1, 0xF1,    0, 0x0F, 0x10, 0x00, 0x00, 0x00
    .byte   0x00, 0x00, 0x00, 0x0F, 0x01, 0x01, 0xF0, 0x00, 0x00, 0x00, 0xF1, 0x00, 0x1F, 0x00, 0x01, 0xF0
    .byte   0xF1, 0x1F, 0x1F, 0x00, 0x00, 0x01, 0x0F, 0x01, 0xFF, 0x1F, 0x11,    0, 0x0F, 0x01, 0x00, 0x00
    .byte   0xF1, 0x00, 0x00, 0x00, 0xF1, 0x00, 0x00, 0x01, 0x0F, 0x00, 0x1F, 0x00, 0x0F, 0x01, 0x00, 0x00
    .byte   0x00, 0x00, 0x01, 0xF0, 0x00, 0x00, 0x00, 0x00, 0x00, 0x00, 0x01, 0x0F,   -1, 0x01, 0x00, 0x0F
    .byte   0x10, 0x00, 0x0F, 0x11, 0xF0, 0x00, 0x0F, 0x10, 0x00, 0x1F, 0x00, 0x1F, 0x1F, 0x00, 0x01, 0xF1
    .byte   0xF0, 0x00, 0x00, 0x01, 0xF1, 0xF0, 0x0F, 0x10, 0x00, 0x0F, 0x11, 0xF0, 0x1F,    0, 0x00, 0x00
    .byte   0x01, 0x0F, 0xF1, 0x00, 0x00, 0x00, 0x00, 0xF1, 0xF1, 0x00, 0x00, 0x00, 0x00, 0xF1, 0x00, 0x00
    .byte   0xF1, 0x00, 0x01, 0xF1, 0xF0, 0x00, 0x0F, 0x10, 0x0F, 0x01, 0x00, 0x00, 0x0F, 0x01,    0, 0x0F
    .byte   0x11, 0xFF, 0x10, 0x00, 0x00, 0x00, 0x00, 0x00, 0x00, 0xF0, 0x10, 0x00, 0x0F, 0x1F, 0x01, 0xF1
    .byte   0x00, 0x00, 0xF0, 0x10, 0x0F, 0x10, 0x00, 0x1F, 0x00, 0x00, 0x00, 0x00, 0x00, 0x1F, 0x00,   -1
    .byte   0x01, 0x0F, 0x10, 0x00, 0xF1, 0xF1, 0x0F, 0x01, 0x00, 0xF1, 0x00, 0xF1, 0x00, 0x00, 0x00, 0x00
    .byte   0x00, 0x01, 0x0F, 0x0F, 0x10, 0x1F, 0x1F, 0x0F, 0x10, 0x00, 0x00, 0x00, 0x00, 0x00, 0x00, 0x00

    .end
