    .section .rodata
    .global Chapter_01_Line_0002_Compressed
    .align  2

Chapter_01_Line_0002_Compressed:

    .byte   0x1, 0x0, 0x0, 0x0
    .word   0x00D10C00  @ Mid-C ~13379.000000
    .word   0, 81333

    .byte    -11, 0x03, 0x5F, 0x62, 0xBB, 0xB5, 0x5C, 0xD3, 0x25, 0x31, 0xC9, 0xCB, 0xCC, 0x67, 0x7E, 0x89
    .byte   0xDD, 0xF1, 0xDC, 0xC7, 0x77, 0x77, 0x88, 0x89, 0x57, 0x77, 0x50, 0xCB, 0x35, 0x49, 0x88, 0xB7
    .byte   0x77,  116, 0x01, 0x98, 0x9E, 0x76, 0x3F, 0xBD, 0x23, 0x6F, 0xB9, 0x9D, 0x57, 0x63, 0xBA, 0x9B
    .byte   0xD1, 0x4D, 0xDE, 0xD6, 0x77, 0x77, 0x08, 0x88, 0xA4, 0x77, 0x71, 0xC5, 0x43, 0x3A, 0x99, 0xA5
    .byte   0x66, 0x72,   61, 0x0B, 0xBE, 0xE3, 0x3F, 0x0E, 0xF1, 0x1D, 0xDC, 0xCD, 0x14, 0x32, 0xF0, 0xDC
    .byte   0xBD, 0xCD, 0xCD, 0x55, 0x67, 0x77, 0x4B, 0x98, 0x8B, 0x57, 0x73, 0x13, 0x34, 0x4E, 0xBA, 0x9C
    .byte   0x47, 0x65, 0xFA,   22, 0x0B, 0x34, 0x42, 0xFE, 0xAC, 0xF1, 0x3C, 0xDE, 0xDD, 0xD1, 0x53, 0xCB
    .byte   0xBD, 0xCF, 0x04, 0x57, 0x77, 0x73, 0xC9, 0x98, 0x96, 0x77, 0xE4, 0x33, 0x33, 0xCC, 0xBA, 0xE4
    .byte   0x64, 0x3D, 0xA2, 0x12,   41, 0x0E, 0xCE, 0x30, 0xDF, 0xCB, 0xCC, 0x22, 0xE1, 0xD2, 0x3F, 0xCC
    .byte   0xCC, 0xE1, 0x01, 0x47, 0x77, 0x75, 0xD9, 0x88, 0xA7, 0x76, 0x24, 0x25, 0x4F, 0xCA, 0x9C, 0x36
    .byte   0x63, 0xCA, 0x22, 0x41, 0xDD,   27, 0x0D, 0xF3, 0xDC, 0xBC, 0xEE, 0xEE, 0xE2, 0xE3, 0x2D, 0xBC
    .byte   0xDD, 0x1F, 0x2F, 0x37, 0x77, 0x75, 0xEB, 0x88, 0xC5, 0x73, 0xE4, 0x56, 0x32, 0xB9, 0xAD, 0x45
    .byte   0x5D, 0xFB, 0xF3, 0x44, 0xBC, 0xB3,   39, 0x0E, 0xFB, 0xAB, 0xC3, 0x3F, 0xCE, 0xEE, 0xDD, 0x0D
    .byte   0xE0, 0xE2, 0x02, 0x27, 0x77, 0x75, 0x2B, 0x99, 0xB4, 0x43, 0x25, 0x45, 0x6D, 0xC9, 0xD1, 0x0E
    .byte   0xD4, 0xED, 0x33, 0x4B, 0xC2, 0x22, 0xDC,   20, 0x0C, 0xAB, 0xE4, 0xBC, 0xFF, 0xDE, 0xF3, 0x3B
    .byte   0x1E, 0x20, 0xE1, 0x47, 0x77, 0x75, 0xDB, 0xA9, 0x34, 0xDB, 0x35, 0x56, 0x50, 0xBB, 0xAD, 0x43
    .byte   0xED, 0xEE, 0x53, 0x2D, 0xBC, 0xC2, 0x3F, 0xCA,  -57, 0x03, 0x22, 0xDC, 0xDC, 0xD0, 0x2F, 0xDE
    .byte   0xE0, 0x3F, 0xE1, 0x67, 0x77, 0x63, 0xEB, 0xAD, 0x2E, 0xAD, 0x45, 0x55, 0x4D, 0xDB, 0xB3, 0x10
    .byte   0xCD, 0xD4, 0x50, 0x4C, 0xBC, 0xED, 0xFE, 0xAD, 0x10,  -51, 0x0E, 0xCC, 0x0D, 0xEF, 0xEF, 0xFF
    .byte   0xE1, 0x2F, 0x21, 0x77, 0x77, 0x51, 0x0B, 0xBD, 0xDB, 0xB1, 0x54, 0x55, 0x2F, 0xDC, 0x3F, 0xBC
    .byte   0xDD, 0x24, 0x43, 0xDC, 0xEE, 0xDD, 0xCB, 0xBC, 0x32, 0xFD,  -82, 0x0D, 0xFE, 0x1E, 0xDF, 0xF0
    .byte   0xE4, 0xED, 0x26, 0x77, 0x76, 0x3E, 0xDC, 0xDF, 0x9B, 0xD4, 0x46, 0x53, 0xFC, 0xF2, 0xEC, 0xCB
    .byte   0xDF, 0x55, 0xFC, 0xD1, 0xDE, 0xCC, 0xBB, 0xD2, 0x3E, 0xCD, 0xDD,  -96, 0x0F, 0xED, 0xF1, 0x10
    .byte   0xF4, 0xDE, 0x37, 0x77, 0x73, 0x3E, 0xDE, 0x2A, 0x9E, 0xE3, 0x55, 0x50, 0xFF, 0x3C, 0xDD, 0xBC
    .byte   0xE3, 0x42, 0xCE, 0x3F, 0xCD, 0xDA, 0xCC, 0xF2, 0xDC, 0xEE, 0xDE, 0x01, -107, 0x01, 0x1E, 0x2E
    .byte   0xF3, 0x25, 0x77, 0x75, 0x31, 0x2D, 0xFC, 0xAC, 0xDE, 0x55, 0x34, 0xE1, 0x22, 0xDC, 0xBC, 0xD1
    .byte   0x33, 0x2C, 0xF2, 0xFD, 0xBB, 0xBD, 0xF2, 0xDC, 0xDD, 0xED, 0x3E, 0xE1, 0x00, -108, 0x00, 0x11
    .byte   0x13, 0x77, 0x76, 0x43, 0x1E, 0xEE, 0xBA, 0xDE, 0x23, 0x54, 0x3F, 0x03, 0xFD, 0xDC, 0xBE, 0x32
    .byte   0x2D, 0xEE, 0xED, 0xCD, 0xBB, 0xEF, 0xED, 0xDD, 0xDE, 0xFE, 0x01, 0x11, 0xE0, 0x10, -106, 0x03
    .byte   0x67, 0x76, 0x53, 0x21, 0x0E, 0xBB, 0xCD, 0x22, 0x34, 0x3E, 0x43, 0xFD, 0xFC, 0xCE, 0xF3, 0xDD
    .byte   0xFE, 0xFD, 0xCC, 0xBC, 0xDE, 0xDD, 0xDE, 0xDF, 0x1E, 0xF0, 0x1F, 0x0F, 0x10, 0x23, 0x66,   30
    .byte   0x06, 0x53, 0x32, 0x2E, 0xCA, 0xDD, 0x12, 0x23, 0x12, 0x44, 0xFD, 0xCD, 0xED, 0x22, 0xDD, 0xD1
    .byte   0x2D, 0xCB, 0xCC, 0xDE, 0xDD, 0xDD, 0xD1, 0x0F, 0x1E, 0x01, 0x0F, 0x01, 0x23, 0x66, 0x76, 0x44
    .byte    105, 0x02, 0x3F, 0xCB, 0xDD, 0xE0, 0x01, 0x22, 0x34, 0xFD, 0xDE, 0x0E, 0xEE, 0x1C, 0xE2, 0x1C
    .byte   0xCB, 0xCC, 0xDD, 0xED, 0xDF, 0xD0, 0xEE, 0x10, 0x00, 0x1F, 0x01, 0x34, 0x65, 0x66, 0x54, 0x33
    .byte   0x2F,  100, 0x0C, 0xDE, 0x0D, 0x12, 0x03, 0x13, 0xED, 0xEE, 0xFF, 0xDD, 0xFE, 0xEE, 0xEC, 0xCC
    .byte   0xBD, 0xDD, 0xCF, 0xEE, 0xF0, 0xEE, 0xF0, 0x1E, 0x02, 0x02, 0x15, 0x65, 0x55, 0x44, 0x44, 0x3D
    .byte   0xDD, 0x22,   85, 0x0F, 0xFE, 0xE3, 0x21, 0xDC, 0xEE, 0x01, 0xDE, 0xDF, 0x2F, 0xDC, 0xBC, 0xCD
    .byte   0xDD, 0xCE, 0xE1, 0x0E, 0xEE, 0xF0, 0x01, 0x10, 0x12, 0x34, 0x55, 0x55, 0x44, 0x43, 0x4F, 0xF1
    .byte   0x00, 0xF1, 0x0E,   85, 0x01, 0x0D, 0xED, 0xFE, 0xEE, 0xEE, 0xDF, 0xFE, 0xDD, 0xCC, 0xDC, 0xDD
    .byte   0xCD, 0xE1, 0xEE, 0xE1, 0xFF, 0xF2, 0xF0, 0x22, 0x24, 0x45, 0x44, 0x44, 0x43, 0x43, 0x22, 0x13
    .byte   0x0E, 0x3D, 0xE0, 0xE2,   79, 0x0D, 0x0D, 0xFE, 0xEE, 0xDE, 0xFF, 0xDE, 0xDC, 0xDE, 0xCD, 0xEC
    .byte   0xEC, 0xE0, 0xD1, 0xE1, 0x1D, 0x41, 0xF3, 0xE4, 0x3E, 0x52, 0x33, 0x35, 0x24, 0x32, 0x3E, 0x43
    .byte   0x21, 0xD0, 0x22, 0xF2, 0xCE,   65, 0x0D, 0x22, 0xCD, 0xFD, 0x2E, 0xDC, 0xD2, 0xFC, 0x0E, 0xBD
    .byte   0x03, 0xEC, 0xEE, 0x2E, 0x25, 0xBF, 0x22, 0x5B, 0x15, 0xC2, 0x43, 0x3C, 0x42, 0x45, 0xA6, 0x4B
    .byte   0x6E, 0x32, 0xCF, 0x44, 0xA4, 0x4A,   56, 0x0E, 0x21, 0xBE, 0x4D, 0xF2, 0xA5, 0xEB, 0x24, 0xBB
    .byte   0x5F, 0xB5, 0xA3, 0x49, 0x6E, 0xC3, 0xB4, 0x59, 0x55, 0x97, 0xDB, 0x7A, 0x45, 0xB5, 0x2E, 0x26
    .byte   0x96, 0x2B, 0x7B, 0x05, 0xCD, 0x6A, 0x34,   38, 0x02, 0xFD, 0x23, 0xDD, 0xF5, 0x96, 0xB0, 0x58
    .byte   0x7E, 0xA4, 0xCF, 0x4B, 0x3E, 0xB7, 0x92, 0x78, 0x27, 0x94, 0x5A, 0x45, 0xBD, 0x7B, 0xB7, 0xB2
    .byte   0x6A, 0xD7, 0xB2, 0x5B, 0x43, 0xA6, 0x59, 0x45,   -5, 0x07, 0xDB, 0x7A, 0xC6, 0xCE, 0x59, 0xF7
    .byte   0x9C, 0x7C, 0x97, 0xEA, 0x78, 0x37, 0x93, 0x02, 0x3B, 0x26, 0x87, 0xEA, 0x7E, 0x97, 0x39, 0x7C
    .byte   0xD7, 0x86, 0x59, 0x7B, 0xF5, 0xB4, 0x1C, 0x5B, 0x54,   10, 0x0E, 0x5D, 0xF3, 0xA6, 0xCB, 0x63
    .byte   0x91, 0x78, 0x72, 0x86, 0x49, 0x64, 0x95, 0xD2, 0xE3, 0x2B, 0x5A, 0x46, 0xAC, 0x6D, 0xC7, 0xAE
    .byte   0x79, 0x17, 0xBB, 0x79, 0x47, 0x84, 0x78, 0x47, 0x86, 0x48,   25, 0x03, 0x96, 0xDF, 0xD4, 0xCE
    .byte   0x68, 0x55, 0xBD, 0x4E, 0xE4, 0xB2, 0x5C, 0xB4, 0x5B, 0xD4, 0xEE, 0x31, 0xC4, 0x39, 0x74, 0x87
    .byte   0xDC, 0x5E, 0xC5, 0xDD, 0x3D, 0x5C, 0xC4, 0x4C, 0x1E, 0x23, 0xC5,   -8, 0x04, 0x2B, 0x6C, 0xEE
    .byte   0x2E, 0x33, 0xA3, 0x6A, 0xD5, 0xEC, 0x32, 0xC4, 0x4A, 0xD7, 0xCA, 0x6E, 0xB6, 0xCE, 0x04, 0xFA
    .byte   0x7F, 0x94, 0x7A, 0xC7, 0xBA, 0x7E, 0xA7, 0xBB, 0x7B, 0xF2, 0x3E, 0xEC,   13, 0x02, 0xB3, 0x32
    .byte   0xA6, 0x3A, 0x4E, 0xC5, 0x3A, 0x33, 0x1D, 0x4E, 0xB4, 0x3C, 0x5C, 0xC3, 0x5B, 0x24, 0xB3, 0x21
    .byte   0xF4, 0xB1, 0x42, 0xDE, 0x2E, 0x4C, 0xD6, 0xCB, 0x53, 0xB3, 0x5A, 0x27, 0x8F,   50, 0x09, 0xA7
    .byte   0x48, 0x66, 0x85, 0x68, 0x37, 0x92, 0x6B, 0xB6, 0x1C, 0x14, 0xB3, 0x5A, 0x43, 0xEC, 0x43, 0xCD
    .byte   0x5F, 0xC2, 0xD3, 0x31, 0xB4, 0x2E, 0x11, 0x3C, 0x31, 0xD4, 0xEC, 0x33, 0xD1, 0x3D,  -11, 0x04
    .byte   0x2D, 0xD3, 0x2C, 0x5D, 0xD4, 0xB5, 0xDD, 0x3E, 0xE4, 0xDB, 0x6D, 0xC4, 0x1D, 0xE4, 0xDE, 0x3D
    .byte   0xE5, 0xCD, 0x4E, 0xD4, 0xD0, 0xD4, 0xEF, 0x3B, 0x5C, 0x4E, 0xB6, 0xEB, 0x34, 0xB2, 0x5A,   -4
    .byte   0x04, 0xDD, 0x4F, 0xB5, 0xFC, 0x32, 0xC4, 0x0E, 0xD2, 0x3C, 0x5B, 0x33, 0xC4, 0xC2, 0x4B, 0x34
    .byte   0xC1, 0xE5, 0xBF, 0x32, 0x2B, 0x43, 0xD0, 0x2D, 0x33, 0xB4, 0x2D, 0x12, 0x1D, 0x32, 0xC3, 0x3B
    .byte      1, 0x03, 0xCE, 0x5D, 0xC1, 0x42, 0xB4, 0xE4, 0xB3, 0x02, 0x1D, 0xF3, 0x49, 0x62, 0xDF, 0xD4
    .byte   0xE0, 0xD3, 0x3B, 0x42, 0xC3, 0x2F, 0xD4, 0xD0, 0x03, 0xC1, 0x5B, 0xD5, 0xEC, 0x34, 0xBF, 0x5D
    .byte   0xD3,   -4, 0x0D, 0x5F, 0xB4, 0x3D, 0xC5, 0x1A, 0x45, 0xCD, 0x4D, 0xD5, 0xDB, 0x44, 0xBE, 0x6C
    .byte   0xC3, 0x4C, 0xD4, 0xDF, 0x4E, 0xA7, 0xF9, 0x64, 0xAE, 0x6D, 0xC1, 0x4B, 0x6E, 0x96, 0x4B, 0xC6
    .byte   0xFA, 0x54,   -9, 0x0F, 0x5C, 0xE4, 0xDD, 0x34, 0xA4, 0x5A, 0xF5, 0xDE, 0xFD, 0x5E, 0xC1, 0x4C
    .byte   0xE4, 0xE1, 0xDF, 0x34, 0xBC, 0x6D, 0xDF, 0x23, 0xC4, 0xD0, 0x23, 0xB4, 0x3B, 0x5C, 0x31, 0xEE
    .byte   0x13, 0xEE, 0xD4,    5, 0x0C, 0x32, 0x3C, 0x13, 0xC4, 0xD1, 0x3F, 0xB5, 0x4B, 0xD4, 0x4B, 0x11
    .byte   0x31, 0xB3, 0x5E, 0xA6, 0x3B, 0xD5, 0x1B, 0x33, 0xE3, 0xEB, 0x54, 0xBE, 0x33, 0xCC, 0x61, 0xA3
    .byte   0x5D, 0xDF, 0x3C, 0x6A,  -35, 0x07, 0xFA, 0x46, 0xAD, 0x5E, 0x0D, 0xFE, 0x5D, 0xB4, 0x4C, 0xC4
    .byte   0x4C, 0xB6, 0xED, 0xF4, 0xDC, 0x5D, 0xF2, 0xEC, 0x44, 0xCD, 0x21, 0x30, 0xDE, 0x24, 0xCE, 0x5B
    .byte   0xE5, 0x0A, 0x53, 0xC3, 0xFF,  -11, 0x04, 0x3B, 0x33, 0xEC, 0x5E, 0xCF, 0x5C, 0xB7, 0xAD, 0x55
    .byte   0xAC, 0x6D, 0xE2, 0xDD, 0x5C, 0x1F, 0x5B, 0xE4, 0xFD, 0xF3, 0xD4, 0xB5, 0xC3, 0x1B, 0x5E, 0x1C
    .byte   0x4E, 0x00, 0xE4, 0xDD, 0xF5, 0xCD,    1, 0x0D, 0x5B, 0xE4, 0x4A, 0x34, 0xC4, 0xDC, 0x54, 0x95
    .byte   0x3E, 0xC3, 0x3E, 0xDD, 0x53, 0xBB, 0x7F, 0xCC, 0x35, 0xCB, 0x53, 0xB1, 0x42, 0xC3, 0xC4, 0x4B
    .byte   0xE3, 0x4C, 0xD5, 0xDC, 0x5E, 0xB4, 0xF2,    1, 0x0E, 0xF1, 0x3E, 0xE2, 0xE2, 0xFE, 0x30, 0xB5
    .byte   0x2B, 0x34, 0x2A, 0x52, 0xE1, 0xDF, 0x4D, 0xE4, 0xC3, 0xB5, 0x59, 0xE6, 0xDE, 0x1D, 0xF5, 0xCB
    .byte   0x7B, 0xC4, 0x4A, 0x44, 0xDE, 0xE3, 0xD2, 0xE3,   -2, 0x02, 0xED, 0x53, 0x95, 0x4B, 0x33, 0xDF
    .byte   0x3D, 0xE3, 0x3C, 0xC6, 0xDB, 0x42, 0x0D, 0x3D, 0x4D, 0xE3, 0x0E, 0xD4, 0xC3, 0x3C, 0xF4, 0xDD
    .byte   0x43, 0xCC, 0x44, 0xDC, 0x21, 0x3F, 0xC3, 0x5A, 0x25,   -3, 0x01, 0xC6, 0xCD, 0x4C, 0x4C, 0x3E
    .byte   0x13, 0xC2, 0x4C, 0xC5, 0x3D, 0xC1, 0x40, 0xEE, 0xC5, 0x2C, 0x13, 0xDD, 0x6C, 0xB5, 0xFB, 0x6F
    .byte   0xA5, 0xD3, 0x0C, 0x41, 0xC2, 0x4D, 0xC4, 0x5A, 0xF4, 0xE0,   14, 0x0C, 0xE1, 0x30, 0xD4, 0xCD
    .byte   0x5E, 0xB5, 0x3A, 0x25, 0xD4, 0xBC, 0x64, 0x94, 0x6A, 0xE4, 0x4A, 0x5B, 0x27, 0x9B, 0x65, 0xBC
    .byte   0x06, 0xCD, 0x1D, 0x5B, 0xE7, 0xBA, 0x54, 0xDE, 0xDF, 0x6A, 0xD7,    5, 0x0A, 0x55, 0xCD, 0x00
    .byte   0x3F, 0xED, 0x44, 0xA4, 0x3B, 0x53, 0xBB, 0x54, 0xD2, 0xDC, 0x5F, 0x05, 0x9F, 0x55, 0xBC, 0xC6
    .byte   0x58, 0x62, 0xCE, 0x6C, 0xB2, 0x36, 0xAC, 0x26, 0xCD, 0x3D, 0xF4, 0xC0,   22, 0x0A, 0x24, 0x2D
    .byte   0xC5, 0x2B, 0x31, 0xE5, 0xAE, 0x55, 0xAB, 0x62, 0xD1, 0xC5, 0x1C, 0xC7, 0xBA, 0x62, 0x3A, 0x35
    .byte   0x2A, 0x16, 0xDE, 0xA4, 0x7B, 0xA4, 0x6B, 0xD3, 0x3C, 0xD5, 0x1F, 0xA5, 0x5B,   -7, 0x0C, 0x55
    .byte   0xA2, 0x3C, 0x15, 0x2C, 0xB5, 0x31, 0x29, 0x57, 0x9D, 0x6B, 0xE5, 0xB2, 0x2D, 0x5E, 0xBF, 0x6D
    .byte   0xB3, 0x2C, 0x53, 0xA4, 0xD4, 0x4B, 0xC5, 0x4B, 0x23, 0xDC, 0x5E, 0xC4, 0xF0, 0xED,   -8, 0x05
    .byte   0x0A, 0x25, 0xD2, 0xED, 0xF4, 0xD3, 0xDD, 0x4C, 0x6D, 0x93, 0x7D, 0xCC, 0x34, 0x2D, 0xB6, 0xB2
    .byte   0x5C, 0xDD, 0x5E, 0xEE, 0xD4, 0x2D, 0xC5, 0x1C, 0x22, 0xD2, 0x3D, 0x0D, 0x34, 0xDD, 0xF4,   -5
    .byte   0x01, 0x5B, 0xE4, 0xEE, 0xFD, 0x35, 0xBC, 0x42, 0xE2, 0x0D, 0xC3, 0x63, 0x9B, 0x76, 0xB9, 0x53
    .byte   0xE2, 0x3D, 0xCC, 0x57, 0x9A, 0x65, 0x0A, 0xC6, 0x5A, 0x03, 0xD4, 0xB4, 0x4C, 0xC4, 0x3C, 0xE2
    .byte     17, 0x0D, 0xC1, 0x43, 0xCB, 0x63, 0xA1, 0x34, 0xEB, 0x33, 0x13, 0xC1, 0xFD, 0x54, 0xAC, 0x45
    .byte   0x1B, 0xD4, 0x4C, 0xE3, 0xE1, 0xE2, 0xD0, 0x43, 0xCB, 0x27, 0x18, 0x36, 0x4D, 0xAE, 0x6E, 0xEF
    .byte   0xCF,    2, 0x03, 0x2B, 0xC5, 0x5D, 0xA2, 0x53, 0xCC, 0x42, 0xDD, 0x50, 0xB1, 0x42, 0x2D, 0xC2
    .byte   0x5C, 0x2E, 0xC4, 0x3D, 0xE3, 0xED, 0x3E, 0xF3, 0xFE, 0xEE, 0x15, 0xFB, 0xC4, 0x6D, 0xAE, 0x44
    .byte   0x1C, 0x2F,  -21, 0x04, 0x5C, 0xCF, 0x52, 0xBD, 0x54, 0xBB, 0x54, 0xCE, 0x23, 0xDC, 0x44, 0xCC
    .byte   0x35, 0xFB, 0x14, 0x3D, 0xB4, 0x3F, 0xDD, 0x32, 0xF1, 0x0C, 0x25, 0xFB, 0xE5, 0x1D, 0xC2, 0x5E
    .byte   0xCE, 0x23, 0x3D,   -3, 0x0F, 0x03, 0x2D, 0xEE, 0x33, 0xCE, 0x30, 0x2E, 0xD3, 0x3D, 0x2E, 0xE3
    .byte   0x1E, 0xD1, 0x31, 0xEE, 0x13, 0x0D, 0x20, 0x1F, 0xE3, 0xED, 0x30, 0xF1, 0xF1, 0xF0, 0x2E, 0xE2
    .byte   0x2F, 0xFD, 0x32, 0xEF,   -2, 0x01, 0x2E, 0x01, 0xF2, 0xE1, 0x1D, 0x23, 0xEE, 0x2F, 0x2F, 0xE2
    .byte   0xFE, 0x2F, 0xE1, 0x11, 0x00, 0x00, 0xF1, 0x1E, 0x02, 0x0F, 0xE1, 0x22, 0xEE, 0x21, 0xFF, 0xF1
    .byte   0x2E, 0x02, 0xEF, 0x11, 0xFF,   -1, 0x02, 0xFF, 0xE2, 0x0F, 0x0F, 0x02, 0xEE, 0x21, 0x0E, 0xF1
    .byte   0x1F, 0xF0, 0x10, 0xFE, 0x21, 0xF0, 0x11, 0x11, 0xF0, 0x20, 0x01, 0x11, 0x21, 0xF0, 0x21, 0x0F
    .byte   0x11, 0x1F, 0xFF, 0x0F, 0x0E, 0xFF,    5, 0x0E, 0xFE, 0xE0, 0xEE, 0xEE, 0xFE, 0xEE, 0xEF, 0xEE
    .byte   0xF1, 0x21, 0x13, 0x33, 0x34, 0x33, 0x24, 0x33, 0x31, 0x22, 0x2F, 0xE0, 0xED, 0xDC, 0xED, 0xCD
    .byte   0xCD, 0xDD, 0xDE, 0xDE, 0xDD, 0xEE, 0xD1,  -99, 0x0F, 0x12, 0x42, 0x24, 0x53, 0x40, 0x55, 0x31
    .byte   0x53, 0x32, 0x02, 0x0F, 0xFF, 0xDD, 0xDD, 0xCC, 0xC0, 0xDC, 0xC1, 0x2C, 0xCE, 0xFE, 0xDD, 0xEE
    .byte   0xDE, 0xEF, 0xEE, 0x34, 0xE1, 0x45, 0x43, 0x25,   41, 0x03, 0x24, 0x44, 0x2E, 0x23, 0xFE, 0xED
    .byte   0xDD, 0xCC, 0xCD, 0xDB, 0xDE, 0xDE, 0xDD, 0x22, 0xEF, 0x1E, 0xED, 0xDD, 0xDD, 0x0F, 0xE5, 0x2C
    .byte   0x54, 0x35, 0xD2, 0x73, 0xF5, 0x44, 0x4E, 0x23, 0x1F,  110, 0x0D, 0xEE, 0xCC, 0xDC, 0xCD, 0xBD
    .byte   0xED, 0xED, 0x03, 0xEF, 0x30, 0xD1, 0x0D, 0xED, 0xCF, 0xEC, 0xE5, 0x4B, 0x16, 0x43, 0xB4, 0x75
    .byte   0xC4, 0x56, 0x2D, 0x24, 0x2E, 0xDD, 0x2F, 0xCC, 0xCD, 0xEB,  -19, 0x0E, 0x1D, 0xCD, 0x34, 0xEC
    .byte   0x15, 0x2C, 0xC2, 0x3E, 0xBC, 0x2E, 0xCD, 0x63, 0xA4, 0x55, 0x2B, 0x57, 0x4C, 0x55, 0x53, 0xD3
    .byte   0x31, 0xFE, 0xD2, 0xEC, 0xCC, 0xDE, 0xBB, 0xDF, 0xDC, 0xD2, 0x41,  -54, 0x02, 0x52, 0xDB, 0x14
    .byte   0xEB, 0xC3, 0x1C, 0xC5, 0x5B, 0xD5, 0x53, 0xC0, 0x75, 0xD3, 0x55, 0x5D, 0x23, 0x31, 0xDC, 0x22
    .byte   0xDB, 0xCD, 0xFC, 0xAC, 0x3D, 0xCD, 0xD4, 0x4C, 0xE4, 0x33, 0xCC, 0x33,  -47, 0x0C, 0xDE, 0xFC
    .byte   0xC6, 0x4B, 0xE5, 0x45, 0xBD, 0x76, 0xD3, 0x46, 0x5C, 0x14, 0x21, 0xEC, 0xF3, 0xCC, 0xDC, 0xDD
    .byte   0xAC, 0x1E, 0xDC, 0xD4, 0x3E, 0xE0, 0x34, 0xEC, 0xE3, 0x0C, 0xCD, 0x2C, 0xC4,  -59, 0x0C, 0xD5
    .byte   0x44, 0xDC, 0x67, 0xEF, 0x35, 0x60, 0xC4, 0x41, 0xEC, 0xD3, 0x2B, 0xCC, 0xD0, 0xCA, 0xDE, 0x0E
    .byte   0xCE, 0x42, 0x1E, 0xF4, 0x2D, 0xD0, 0x1E, 0xCD, 0xED, 0xCE, 0x62, 0xB1, 0x64, 0x2B,  -49, 0x07
    .byte   0x6D, 0xF3, 0x75, 0xCE, 0x43, 0x2D, 0xCE, 0x3D, 0xCD, 0xBD, 0x1B, 0xBD, 0xE1, 0xDC, 0x04, 0x2F
    .byte   0xE0, 0x42, 0xDD, 0xF1, 0xED, 0xCE, 0xED, 0xD5, 0x3C, 0x33, 0x44, 0xCE, 0x74, 0x31, 0x36,   98
    .byte   0x0E, 0xF3, 0x32, 0xEC, 0xE1, 0xDD, 0xEB, 0xC2, 0xCB, 0xDD, 0x2E, 0xCE, 0x13, 0x2D, 0xF3, 0x2F
    .byte   0xEE, 0xEE, 0xEE, 0xDD, 0xDE, 0x14, 0x3C, 0x34, 0x44, 0xCE, 0x65, 0x31, 0x06, 0x50, 0x12, 0x23
    .byte    110, 0x0C, 0xEE, 0xDD, 0xEC, 0xB0, 0xCD, 0xDC, 0xF2, 0xE1, 0xED, 0x33, 0xD1, 0x0F, 0x3F, 0xDF
    .byte   0xED, 0x1E, 0xDE, 0xDE, 0x34, 0x2D, 0x23, 0x43, 0xC3, 0x53, 0x43, 0xE5, 0x41, 0x41, 0xD2, 0xFF
    .byte   0xFC,   48, 0x0E, 0x2D, 0xCD, 0xD2, 0xFC, 0x3D, 0xE3, 0xEE, 0xFD, 0x21, 0xDF, 0xE2, 0x0E, 0xEE
    .byte   0x0E, 0xD2, 0xEE, 0xDE, 0x34, 0xDF, 0x4E, 0x41, 0xB5, 0x32, 0x42, 0x5E, 0x42, 0x34, 0xD2, 0x3E
    .byte   0xE0, 0x2D,   62, 0x0D, 0x2D, 0xD0, 0xD1, 0xEC, 0xEF, 0xD1, 0xCD, 0x22, 0xDC, 0x2F, 0xFD, 0x1F
    .byte   0xDE, 0x11, 0xCE, 0x11, 0x6D, 0xC5, 0xE2, 0x4C, 0x44, 0x14, 0x41, 0x43, 0x25, 0x21, 0x12, 0xFE
    .byte   0x0D, 0xFE, 0xDE,   52, 0x0D, 0xDE, 0xE1, 0xDD, 0xFE, 0xEE, 0xEF, 0x1D, 0xEF, 0xEE, 0xEE, 0xEE
    .byte   0xEE, 0x0D, 0xF1, 0xD2, 0xE0, 0xE3, 0x2E, 0x4E, 0x04, 0xF2, 0x43, 0x24, 0x44, 0x24, 0x34, 0x3F
    .byte   0x2F, 0x2D, 0xEE, 0xEE,   67, 0x0E, 0xED, 0xDD, 0xFE, 0xCF, 0xED, 0xEE, 0xEE, 0xED, 0xFE, 0xEE
    .byte   0xEE, 0xEF, 0xDE, 0xEE, 0xEE, 0xEF, 0x4E, 0xE4, 0xF2, 0x31, 0x44, 0x34, 0x53, 0x44, 0x34, 0x32
    .byte   0x12, 0xFE, 0x0E, 0xFE, 0xDD,   77, 0x0D, 0xCD, 0xDC, 0xDC, 0xEE, 0xDD, 0xEE, 0xDE, 0xEF, 0xFE
    .byte   0xE1, 0xDD, 0x1E, 0xEE, 0xEE, 0x34, 0xC4, 0x3E, 0x42, 0x35, 0x34, 0x54, 0x44, 0x33, 0x31, 0x21
    .byte   0xFF, 0xEF, 0xEE, 0xDC, 0xFD, 0xCD,   22, 0x0D, 0xDC, 0xDE, 0xDD, 0xE1, 0xEE, 0xFF, 0x10, 0xD0
    .byte   0xFD, 0xEE, 0xEF, 0xEE, 0x34, 0xC3, 0x3E, 0x40, 0x36, 0x23, 0x54, 0x44, 0x34, 0x21, 0x22, 0xFE
    .byte   0xEF, 0xED, 0xDD, 0xEE, 0xBD, 0xDC, 0xDC,  -26, 0x01, 0xCE, 0x10, 0xEE, 0x11, 0xFE, 0xE0, 0xED
    .byte   0xFE, 0xEE, 0xEE, 0x42, 0xC4, 0x2F, 0x4D, 0x55, 0x14, 0x64, 0x34, 0x34, 0x1E, 0x32, 0xD0, 0xEF
    .byte   0xDD, 0xDE, 0xDC, 0xCD, 0xDC, 0xCE, 0xED, 0xDE,  -44, 0x0E, 0xF0, 0x20, 0xD1, 0xF1, 0xDD, 0x2E
    .byte   0xDF, 0xEE, 0x40, 0xC4, 0x2F, 0x3F, 0x55, 0xE4, 0x64, 0x43, 0x43, 0x3D, 0x32, 0xEE, 0xE0, 0xDD
    .byte   0xDD, 0xEC, 0xCD, 0xCD, 0xCD, 0x0D, 0xDF, 0x11, 0xE0,  -46, 0x01, 0xEE, 0x2F, 0xDE, 0xE1, 0xED
    .byte   0x0E, 0x13, 0xDE, 0x5D, 0x13, 0x25, 0x41, 0x65, 0x43, 0x43, 0x30, 0xF3, 0xEE, 0xFF, 0xED, 0xDD
    .byte   0xDD, 0xCC, 0xEC, 0xCD, 0xD0, 0xDD, 0x02, 0xEF, 0x12, 0xFE,  -51, 0x0F, 0xEE, 0xD2, 0xEE, 0xD1
    .byte   0xD3, 0x3C, 0x34, 0xD3, 0x23, 0x61, 0x36, 0x44, 0x44, 0x32, 0xE2, 0x2E, 0xFF, 0x0D, 0xDD, 0xDE
    .byte   0xCC, 0xEC, 0xCC, 0xDE, 0xDD, 0x00, 0x0E, 0xF2, 0x2E, 0xE2, 0xFE,  -60, 0x0F, 0xFF, 0xDE, 0x1E
    .byte   0x03, 0xD0, 0x4D, 0x33, 0xE6, 0x32, 0x55, 0x44, 0x43, 0x3E, 0x22, 0x0F, 0xEF, 0xED, 0xDD, 0xDD
    .byte   0xCD, 0xDC, 0xCD, 0xDE, 0xDE, 0xF1, 0xD1, 0x21, 0x1E, 0x12, 0xDF, 0xEE,  -64, 0x0E, 0xEF, 0xED
    .byte   0x33, 0xC4, 0x2F, 0x30, 0x45, 0x24, 0x55, 0x34, 0x34, 0x1F, 0x22, 0xEF, 0xEF, 0xEC, 0xDE, 0xDC
    .byte   0xCF, 0xCC, 0xDD, 0xED, 0xD0, 0x2D, 0x01, 0x21, 0xEF, 0x2E, 0xEE, 0xEF, 0xEE,  -71, 0x0E, 0x0D
    .byte   0x32, 0xD3, 0x3F, 0x31, 0x45, 0x24, 0x54, 0x43, 0x43, 0x21, 0x22, 0xFE, 0xE1, 0xDD, 0xDD, 0xFC
    .byte   0xCD, 0xDC, 0xCE, 0xFD, 0xDF, 0x1E, 0xE0, 0x2F, 0xE0, 0x11, 0xDE, 0x1E, 0xEF, 0xE1,  -73, 0x0E
    .byte   0x03, 0xFE, 0x32, 0x03, 0x15, 0x42, 0x45, 0x44, 0x34, 0x32, 0xE3, 0x00, 0xEE, 0x1D, 0xDD, 0xDF
    .byte   0xCC, 0xDD, 0xCD, 0xDE, 0xDD, 0x10, 0xEE, 0xF2, 0xEE, 0x00, 0x2D, 0xE2, 0xEE, 0xFE, 0x2E,  -74
    .byte   0x02, 0x30, 0xD3, 0x30, 0x22, 0x45, 0xE4, 0x54, 0x42, 0x34, 0x3E, 0x23, 0xEE, 0xEF, 0xDD, 0xDE
    .byte   0xEC, 0xCD, 0xDD, 0xCE, 0xEE, 0xDE, 0x1F, 0xEE, 0x10, 0xEE, 0x02, 0xEE, 0xF1, 0x0D, 0xF0, 0x0E
    .byte    -71, 0x01, 0x31, 0xE2, 0x31, 0x21, 0x44, 0x24, 0x44, 0x43, 0x34, 0x22, 0x22, 0x3D, 0xEF, 0xDE
    .byte   0xDE, 0xEC, 0xED, 0xCD, 0xDD, 0xDE, 0xDF, 0xEE, 0xEE, 0x0F, 0xE0, 0xF0, 0x0E, 0xFE, 0x0E, 0xFF
    .byte   0xEF,  -68, 0x00, 0x02, 0x20, 0x22, 0x13, 0x23, 0x34, 0x34, 0x34, 0x42, 0x42, 0x31, 0x21, 0x0F
    .byte   0xEE, 0xED, 0xED, 0xDD, 0xDD, 0xDD, 0xDE, 0xDD, 0xFE, 0xEE, 0xFE, 0xFF, 0xEF, 0x0F, 0xFF, 0xEF
    .byte   0x0E, 0x1E,  -58, 0x0F, 0x1F, 0x03, 0xE2, 0x21, 0x3F, 0x14, 0x23, 0x34, 0x33, 0x43, 0x34, 0x2F
    .byte   0x31, 0xFF, 0x1E, 0xEE, 0xED, 0xDE, 0xDD, 0xDD, 0xDC, 0xEF, 0xDD, 0xEE, 0xFF, 0xE2, 0x0E, 0xCE
    .byte   0x44, 0x28, 0x33,  -97, 0x04, 0xCD, 0xFD, 0x35, 0x4C, 0x24, 0x46, 0x03, 0x61, 0x54, 0x04, 0x20
    .byte   0x41, 0xFE, 0xD1, 0xDC, 0xCC, 0xDC, 0xBC, 0xCD, 0xD1, 0x32, 0xE3, 0x33, 0x31, 0x34, 0x1F, 0x0F
    .byte   0xED, 0xDE, 0xDC, 0xCC,  -82, 0x0D, 0xED, 0xEE, 0x00, 0x12, 0x34, 0x35, 0x45, 0x64, 0x45, 0x33
    .byte   0x11, 0x21, 0x12, 0xEE, 0xDD, 0xCC, 0xDC, 0xCC, 0xBC, 0xCE, 0x10, 0x23, 0x14, 0x33, 0x32, 0x30
    .byte   0x2F, 0xFE, 0xDD, 0xDD, 0xED,  -60, 0x0C, 0xDD, 0xDE, 0xEF, 0x0F, 0x24, 0x33, 0x53, 0x66, 0x45
    .byte   0x44, 0x2E, 0x02, 0x20, 0x2E, 0xFE, 0xDD, 0xCC, 0xCD, 0xBB, 0xBD, 0xDE, 0xE2, 0x33, 0x42, 0x34
    .byte   0x33, 0x2F, 0x11, 0xDD, 0xED, 0xCD,  -51, 0x0C, 0xCD, 0xDE, 0xEE, 0xE1, 0x34, 0x23, 0x45, 0x65
    .byte   0x35, 0x54, 0x20, 0x21, 0x22, 0xEF, 0x1E, 0xDD, 0xCC, 0xDC, 0xBA, 0xDC, 0xDD, 0x03, 0x22, 0x34
    .byte   0x33, 0x33, 0x20, 0x2F, 0xEE, 0xDD, 0xEC,  -44, 0x0C, 0xCC, 0xED, 0xFD, 0x01, 0x43, 0x24, 0x45
    .byte   0x54, 0x55, 0x53, 0x22, 0x20, 0x02, 0x01, 0xFD, 0xDD, 0xCD, 0xCC, 0xBB, 0xCC, 0x0C, 0xF3, 0x22
    .byte   0x33, 0x43, 0x23, 0x12, 0x2F, 0xEE, 0xDD, 0xDD,  -49, 0x0C, 0xCD, 0xDD, 0xEE, 0x03, 0x42, 0x34
    .byte   0x46, 0x44, 0x64, 0x43, 0x22, 0x2F, 0x02, 0x11, 0xDE, 0xDD, 0xCD, 0xCC, 0xBB, 0xCD, 0xCD, 0x30
    .byte   0xF3, 0x24, 0x40, 0x33, 0x22, 0xFF, 0xEE, 0xDD, 0xDC,  -58, 0x0C, 0xDC, 0xDF, 0xEF, 0x24, 0x21
    .byte   0x44, 0x55, 0x45, 0x63, 0x41, 0x32, 0x01, 0x11, 0x1F, 0xDE, 0xDD, 0xCD, 0xCB, 0xCB, 0xCC, 0xEF
    .byte   0x10, 0x13, 0x33, 0x33, 0x32, 0xF2, 0x0E, 0xDE, 0xED, 0xDC,  -66, 0x0C, 0xDD, 0xEE, 0xEF, 0x43
    .byte   0x03, 0x45, 0x53, 0x56, 0x43, 0x33, 0x30, 0x01, 0x20, 0xFE, 0xED, 0xDD, 0xCD, 0xCB, 0xCB, 0xDC
    .byte   0x01, 0xE0, 0x32, 0x22, 0x33, 0x22, 0x22, 0xED, 0x1E, 0xDD, 0xDD,  -65, 0x0C, 0xDD, 0xED, 0xF3
    .byte   0x4F, 0x14, 0x54, 0x44, 0x65, 0x33, 0x43, 0x2E, 0x22, 0x10, 0xE1, 0xDD, 0xDD, 0xCD, 0xCB, 0xCB
    .byte   0xED, 0xDE, 0x03, 0x02, 0x23, 0x31, 0x23, 0x1E, 0xE1, 0xFD, 0xDE, 0xEC,  -73, 0x0C, 0xED, 0xDE
    .byte   0x34, 0x00, 0x35, 0x52, 0x36, 0x63, 0x34, 0x42, 0xF0, 0x22, 0xF0, 0xEE, 0xDD, 0xDD, 0xCD, 0xCB
    .byte   0xBD, 0xDD, 0xDE, 0x32, 0x00, 0x33, 0x22, 0x23, 0x0E, 0x00, 0xDE, 0xDE, 0xDC,  -76, 0x0D, 0xDD
    .byte   0xDF, 0x43, 0xE2, 0x45, 0x41, 0x56, 0x52, 0x44, 0x32, 0xF2, 0x21, 0x0E, 0x1E, 0xDD, 0xDD, 0xCC
    .byte   0xBC, 0xCD, 0xCD, 0x11, 0x1F, 0x13, 0x22, 0x22, 0x31, 0x10, 0x1E, 0xFD, 0xDE, 0xDC,  -75, 0x0D
    .byte   0xDD, 0xD1, 0x43, 0xE0, 0x55, 0x3F, 0x56, 0x51, 0x35, 0x4E, 0x12, 0x3F, 0xE0, 0x0F, 0xCD, 0xED
    .byte   0xCC, 0xCC, 0xCC, 0xDD, 0xE0, 0x1E, 0x22, 0x22, 0x02, 0x30, 0xE0, 0x1E, 0xEE, 0xEE, 0xDD,  -71
    .byte   0x0D, 0xDD, 0xEE, 0x42, 0xD3, 0x54, 0x32, 0x56, 0x42, 0x44, 0x42, 0xF3, 0x20, 0xFE, 0x1E, 0xDD
    .byte   0xDD, 0xDC, 0xCC, 0xCC, 0xCE, 0xEF, 0x2D, 0xF3, 0x21, 0x21, 0x32, 0xE0, 0xFF, 0xFD, 0xEE, 0xED
    .byte    -68, 0x0D, 0xEC, 0xEE, 0x33, 0xE2, 0x44, 0x42, 0x46, 0x43, 0x44, 0x50, 0x03, 0x20, 0xF0, 0x1E
    .byte   0xDE, 0xDD, 0xDC, 0xCC, 0xCC, 0xDC, 0xEE, 0x0E, 0xE1, 0x22, 0x12, 0x31, 0x11, 0x0F, 0xFE, 0xE0
    .byte   0xDE,  -58, 0x0D, 0xDE, 0xDD, 0x14, 0xFF, 0x34, 0x43, 0x16, 0x53, 0x34, 0x53, 0x02, 0x31, 0xF0
    .byte   0x11, 0xDD, 0xED, 0xDC, 0xDC, 0xBD, 0xCD, 0xDD, 0x1E, 0xEF, 0x22, 0x21, 0x23, 0x0F, 0x20, 0x1E
    .byte   0xEF, 0xED,  -50, 0x0D, 0xDE, 0xDD, 0xD3, 0x4D, 0x14, 0x43, 0x33, 0x64, 0x34, 0x35, 0x3E, 0x33
    .byte   0xFF, 0xF2, 0xFD, 0xDE, 0xDD, 0xCC, 0xCC, 0xCC, 0xED, 0xE1, 0xDF, 0x11, 0x2F, 0x23, 0x10, 0x12
    .byte   0x00, 0xEE, 0xFE,  -46, 0x0D, 0xDE, 0xED, 0xDF, 0x32, 0xE2, 0x44, 0x23, 0x46, 0x33, 0x44, 0x42
    .byte   0x23, 0x3F, 0xF0, 0x2E, 0xDD, 0xFD, 0xCD, 0xCC, 0xCC, 0xCE, 0xD0, 0xED, 0xF2, 0x11, 0x12, 0x31
    .byte   0xF1, 0x20, 0xFE, 0xEF,  -39, 0x0D, 0xED, 0xDF, 0xDD, 0xE3, 0x3D, 0x34, 0x34, 0x04, 0x63, 0x34
    .byte   0x44, 0x31, 0x33, 0xFF, 0x00, 0xFD, 0xED, 0xDD, 0xCD, 0xCC, 0xCC, 0xDD, 0xF1, 0xDE, 0x21, 0x10
    .byte   0x22, 0x20, 0x12, 0x00, 0xEF,  -34, 0x0E, 0xDE, 0xDE, 0xED, 0xED, 0x33, 0xD1, 0x44, 0x32, 0x45
    .byte   0x43, 0x44, 0x43, 0x23, 0x31, 0x0E, 0x2E, 0xDE, 0xDE, 0xDC, 0xCC, 0xCD, 0xCC, 0x1E, 0x0D, 0xD3
    .byte   0x1E, 0x02, 0x31, 0xE2, 0x22, 0xFE,  -30, 0x00, 0xDE, 0xEE, 0xDD, 0xEE, 0xD1, 0x30, 0xF3, 0x43
    .byte   0x32, 0x55, 0x34, 0x35, 0x32, 0x23, 0x21, 0xF1, 0xFE, 0xDD, 0xFD, 0xCD, 0xCC, 0xCC, 0xDD, 0xD1
    .byte   0xED, 0x20, 0xF1, 0x03, 0x20, 0xF2, 0x20,  -28, 0x0E, 0x1F, 0xED, 0xEE, 0xDE, 0xDE, 0xE2, 0x2F
    .byte   0x14, 0x43, 0x24, 0x54, 0x34, 0x34, 0x32, 0x33, 0x11, 0xE2, 0xFD, 0xED, 0xDD, 0xCD, 0xBD, 0xDC
    .byte   0xCE, 0xEF, 0xDE, 0x12, 0xE1, 0x13, 0x2E, 0x22,  -28, 0x0F, 0x01, 0xFE, 0xEE, 0xDE, 0xDF, 0xDE
    .byte   0x02, 0x2E, 0x24, 0x42, 0x34, 0x53, 0x43, 0x44, 0x13, 0x33, 0xFE, 0x02, 0xED, 0xED, 0xDD, 0xCC
    .byte   0xCD, 0xCD, 0xCE, 0xF0, 0xDE, 0x12, 0x1E, 0x23, 0x2E,  -34, 0x02, 0x2F, 0xEF, 0xFE, 0xED, 0xFD
    .byte   0xED, 0xEE, 0xF3, 0x01, 0x34, 0x42, 0x25, 0x53, 0x24, 0x44, 0xF3, 0x32, 0x1E, 0x11, 0xED, 0xDD
    .byte   0xFC, 0xCC, 0xCD, 0xCC, 0xED, 0x2E, 0xD0, 0x22, 0xFE, 0x33,  -33, 0x00, 0x22, 0x1E, 0x00, 0xEE
    .byte   0xEE, 0xDD, 0x0D, 0xDE, 0x23, 0xE0, 0x44, 0x33, 0x35, 0x51, 0x34, 0x44, 0xE3, 0x32, 0x0E, 0xF2
    .byte   0xDE, 0xDD, 0xDC, 0xCC, 0xCD, 0xDC, 0xDE, 0x1F, 0xC1, 0x30, 0xFF,  -42, 0x03, 0x00, 0x22, 0x1F
    .byte   0xE2, 0xEE, 0xED, 0xED, 0xFD, 0xDE, 0x23, 0xFF, 0x44, 0x32, 0x35, 0x52, 0x34, 0x43, 0x13, 0x32
    .byte   0xFE, 0x2F, 0xDD, 0xED, 0xDC, 0xCC, 0xCC, 0xDD, 0xDE, 0x1E, 0xD1, 0x22,  -46, 0x0F, 0x33, 0xFE
    .byte   0x23, 0xFE, 0xF1, 0xFD, 0xEE, 0xDE, 0xDE, 0xDE, 0x23, 0xE1, 0x44, 0x41, 0x26, 0x43, 0x33, 0x53
    .byte   0xE3, 0x32, 0xFE, 0x2F, 0xDD, 0xDF, 0xCC, 0xCC, 0xDC, 0xCD, 0xDE, 0xFE, 0xE1,  -51, 0x02, 0xF0
    .byte   0x32, 0x11, 0x22, 0x2F, 0xE1, 0x1D, 0xEE, 0xDE, 0xDD, 0xED, 0x33, 0xD2, 0x44, 0x32, 0x36, 0x42
    .byte   0x33, 0x53, 0x03, 0x31, 0x0E, 0x2F, 0xDD, 0xDF, 0xCC, 0xCC, 0xDC, 0xCD, 0xEE, 0x0D,  -55, 0x03
    .byte   0x10, 0x12, 0x32, 0x01, 0x22, 0x0F, 0xEF, 0xFE, 0xDE, 0xDD, 0xED, 0xDE, 0x04, 0xEF, 0x44, 0x42
    .byte   0x26, 0x42, 0x43, 0x44, 0xE3, 0x32, 0xFE, 0x1F, 0xDE, 0xDD, 0xDC, 0xCB, 0xDD, 0xCC, 0xEE,  -45
    .byte   0x0E, 0xD2, 0x3F, 0x11, 0x33, 0x01, 0x22, 0x00, 0xFF, 0xEE, 0xED, 0xDD, 0xED, 0xDE, 0xF4, 0xEE
    .byte   0x44, 0x42, 0x25, 0x53, 0x33, 0x53, 0x03, 0x31, 0x1E, 0x02, 0xDD, 0xDD, 0xDC, 0xCC, 0xCD, 0xCC
    .byte    -47, 0x0E, 0x2E, 0xD1, 0x32, 0x01, 0x24, 0x0F, 0x22, 0x20, 0xEF, 0xFE, 0xED, 0xDD, 0xED, 0xDD
    .byte   0xF4, 0xFD, 0x44, 0x43, 0x25, 0x53, 0x33, 0x44, 0x22, 0x32, 0x0F, 0xE1, 0xED, 0xDD, 0xDC, 0xCC
    .byte   0xCC,  -19, 0x0C, 0xCE, 0x22, 0xDE, 0x33, 0x1E, 0x24, 0x20, 0x12, 0x21, 0xE0, 0xFD, 0xFD, 0xDD
    .byte   0xDE, 0xDD, 0xE3, 0x3D, 0x34, 0x44, 0x23, 0x64, 0x32, 0x44, 0x3E, 0x33, 0xF0, 0xE0, 0x1D, 0xDD
    .byte   0xCD, 0xCC,    2, 0x0C, 0xDD, 0xCD, 0x13, 0xEE, 0x03, 0x32, 0x02, 0x32, 0x11, 0x11, 0x1E, 0xED
    .byte   0xEE, 0xDD, 0xDE, 0xDD, 0xD1, 0x4F, 0x13, 0x54, 0x32, 0x55, 0x41, 0x35, 0x4E, 0x12, 0x22, 0xEE
    .byte   0xEE, 0xED, 0xCC,   40, 0x0C, 0xCB, 0xDD, 0xFC, 0xD1, 0x3F, 0xF1, 0x33, 0x22, 0x23, 0x22, 0xFF
    .byte   0x00, 0xED, 0xED, 0xED, 0xCD, 0xFD, 0xC0, 0x33, 0xE2, 0x54, 0x42, 0x45, 0x53, 0x24, 0x43, 0xF2
    .byte   0x12, 0x1E, 0x0D, 0xEE,   75, 0x0C, 0xCD, 0xCC, 0xBD, 0xDD, 0xDE, 0x22, 0xF1, 0x23, 0x32, 0x22
    .byte   0x32, 0x2F, 0xFF, 0xFE, 0xDE, 0xDE, 0xCD, 0xED, 0xDD, 0x23, 0x11, 0x44, 0x53, 0x15, 0x54, 0x32
    .byte   0x44, 0x21, 0x12, 0x2E, 0xEE,   95, 0x0D, 0xDC, 0xCC, 0xCC, 0xCC, 0xDD, 0xFD, 0x11, 0x23, 0x02
    .byte   0x33, 0x22, 0x23, 0x21, 0xFE, 0xFE, 0xED, 0xDE, 0xDC, 0xED, 0xDD, 0xE3, 0x31, 0x24, 0x54, 0x33
    .byte   0x54, 0x43, 0x33, 0x41, 0x2F, 0x12,  108, 0x0F, 0xDD, 0xDC, 0xEC, 0xBC, 0xCD, 0xCC, 0xE0, 0x02
    .byte   0xFF, 0x33, 0x22, 0x13, 0x32, 0x21, 0x10, 0x0E, 0xDE, 0xDD, 0xDE, 0xDD, 0xDD, 0xD1, 0x32, 0x23
    .byte   0x44, 0x44, 0x35, 0x44, 0x33, 0x33, 0x30,  105, 0x0F, 0xEF, 0xFE, 0xDC, 0xDC, 0xCD, 0xCC, 0xDD
    .byte   0xDD, 0xEF, 0x22, 0x21, 0x23, 0x23, 0xF2, 0x22, 0x10, 0xEE, 0xFE, 0xDE, 0xDE, 0xDD, 0xED, 0xED
    .byte   0xF4, 0x31, 0x33, 0x44, 0x33, 0x44, 0x33, 0x43,   89, 0x00, 0x32, 0x1E, 0xEF, 0xDD, 0xDC, 0xDC
    .byte   0xDC, 0xDD, 0xDD, 0xEF, 0x00, 0x12, 0x22, 0x22, 0x22, 0x01, 0x11, 0xEF, 0xFE, 0xEF, 0xEE, 0xEE
    .byte   0xEE, 0x0E, 0xFE, 0xF2, 0x33, 0x23, 0x23, 0x32, 0x33,   29, 0x02, 0x33, 0x32, 0x22, 0x20, 0xF0
    .byte   0xED, 0xDE, 0xDD, 0xDD, 0xED, 0xEE, 0xEE, 0x0E, 0x11, 0x10, 0x11, 0x01, 0x1F, 0x0F, 0xFF, 0xFF
    .byte   0xFF, 0x01, 0xF0, 0x10, 0xE0, 0x0F, 0x1E, 0x1E, 0x02, 0x22,  -17, 0x01, 0x21, 0x22, 0x23, 0x12
    .byte   0x23, 0x22, 0x22, 0x21, 0x10, 0x0E, 0xEE, 0xEE, 0xDE, 0xEE, 0xEE, 0xFF, 0xF0, 0xFF, 0xFF, 0x0F
    .byte   0xF0, 0x01, 0xFF, 0xFF, 0xFF, 0x0F, 0x0E, 0x01, 0x11, 0xF0, 0xE0,  -19, 0x0F, 0xFE, 0x0F, 0x02
    .byte   0x01, 0x21, 0x12, 0x21, 0x22, 0x03, 0x12, 0x22, 0x22, 0x11, 0x00, 0x0F, 0xFE, 0x0E, 0x0E, 0xEE
    .byte   0x0F, 0xFF, 0xFF, 0x0F, 0x0F, 0xFF, 0xFF, 0xF0, 0xE0, 0x0E, 0x1E, 0x1E,  -16, 0x01, 0x01, 0xEF
    .byte   0x1E, 0x10, 0x00, 0xFE, 0x11, 0x10, 0xE1, 0x12, 0x10, 0x22, 0x02, 0x22, 0x21, 0x21, 0x22, 0x21
    .byte   0x20, 0x10, 0x00, 0x0F, 0xFE, 0xFF, 0xFF, 0x0E, 0x0F, 0x0F, 0x0F, 0xFF, 0xFE,    5, 0x00, 0xEF
    .byte   0xF1, 0x0E, 0xFF, 0x0E, 0xFF, 0xFF, 0x0E, 0x11, 0xE1, 0x01, 0x1E, 0x01, 0x01, 0x0F, 0xF0, 0x21
    .byte   0x11, 0x12, 0x11, 0x22, 0x2F, 0x02, 0x12, 0x20, 0x11, 0x11, 0x11, 0x0F, 0x00, 0xFF,   19, 0x0F
    .byte   0xFF, 0x0E, 0xFF, 0xF0, 0xFF, 0xF0, 0xE0, 0xFF, 0x0E, 0x0F, 0xFF, 0x1F, 0xEF, 0x00, 0xF2, 0xFE
    .byte   0x0F, 0x11, 0xFF, 0x1F, 0x10, 0xF1, 0x11, 0xE1, 0x02, 0x10, 0x01, 0x01, 0x21, 0x11, 0x12,    6
    .byte   0x02, 0x11, 0x10, 0x21, 0x11, 0xFF, 0x00, 0x11, 0xEE, 0x00, 0x1F, 0x0E, 0x0E, 0x10, 0x0E, 0x00
    .byte   0x01, 0xE0, 0x0F, 0xF0, 0x1F, 0xE0, 0x02, 0xEF, 0x01, 0xFF, 0x0F, 0x10, 0x10, 0xE0, 0x11, 0x1F
    .byte    -12, 0x00, 0xE2, 0x20, 0xFF, 0xF2, 0x12, 0x1F, 0x02, 0x12, 0x02, 0x0F, 0x20, 0x11, 0x01, 0xFF
    .byte   0x10, 0xFF, 0x0F, 0xF0, 0xF0, 0xFF, 0xF1, 0xEF, 0x00, 0xFF, 0xE0, 0x1E, 0x12, 0xEE, 0x2E, 0x00
    .byte   0xF1,   -8, 0x0F, 0xF0, 0x11, 0xF0, 0xF0, 0x11, 0x00, 0xE0, 0x21, 0xFE, 0xE1, 0x22, 0x10, 0x0E
    .byte   0x22, 0x21, 0x0E, 0x12, 0x22, 0x2E, 0xE2, 0x22, 0x1F, 0xEE, 0x02, 0x2E, 0xEF, 0xEF, 0x20, 0xE0
    .byte   0xE0, 0x12,    3, 0x00, 0xFE, 0x01, 0xFF, 0x0E, 0x01, 0xFF, 0x20, 0xE1, 0xEE, 0x21, 0x01, 0xFE
    .byte   0xF2, 0x2E, 0x1E, 0xE2, 0x1F, 0xEF, 0x22, 0x20, 0xE1, 0x13, 0x2F, 0x1E, 0x13, 0x03, 0x0E, 0x02
    .byte   0x21, 0x2E, 0xD2,   18, 0x01, 0x1E, 0xEE, 0x00, 0x21, 0xD0, 0x1E, 0x22, 0xDE, 0x10, 0xF3, 0xEE
    .byte   0x0E, 0x02, 0x1E, 0x0D, 0xF2, 0x0F, 0x10, 0xD2, 0x2F, 0x12, 0xC2, 0x3D, 0x30, 0xDE, 0x23, 0x03
    .byte   0xED, 0x32, 0xF4, 0xED,    6, 0x0F, 0x33, 0xE0, 0x11, 0x22, 0x1F, 0xEE, 0x02, 0xE0, 0xFD, 0xF1
    .byte   0x10, 0xEE, 0xEF, 0x3E, 0x1E, 0xD2, 0x2F, 0x2F, 0xD2, 0xE2, 0x1D, 0xFE, 0x2F, 0xE3, 0xDD, 0x4C
    .byte   0x33, 0xC3, 0xEE, 0x22, 0xFD,  -13, 0x0C, 0xD6, 0xC3, 0x3B, 0x43, 0xF3, 0x2D, 0xF3, 0x30, 0x2F
    .byte   0xE1, 0x30, 0x2F, 0xD1, 0xE2, 0x1E, 0xEE, 0xE1, 0x2F, 0xED, 0x12, 0xF2, 0xED, 0x3D, 0x32, 0xDE
    .byte   0x2D, 0x32, 0xED, 0xF0, 0xF2, 0x1C,  -13, 0x0E, 0xC5, 0xC2, 0x2D, 0x2F, 0x3C, 0x4D, 0xF3, 0xC3
    .byte   0x12, 0x21, 0x2E, 0x30, 0x22, 0x10, 0xD5, 0xD1, 0x4B, 0x5D, 0xF4, 0xD2, 0xD2, 0x0D, 0x4C, 0xD3
    .byte   0xD1, 0x3C, 0x22, 0xC4, 0xEF, 0xFD, 0x2E,    5, 0x01, 0xD1, 0xD3, 0xD4, 0xDC, 0x5B, 0xE6, 0xAE
    .byte   0x69, 0x6F, 0xB4, 0xFD, 0x24, 0xB4, 0x1C, 0x4E, 0x0E, 0x3E, 0x31, 0x00, 0x21, 0xD5, 0xC3, 0x3B
    .byte   0x6B, 0x42, 0xD3, 0xD4, 0xD3, 0xFC, 0x4D, 0xE3,   11, 0x02, 0xFD, 0x3D, 0x2F, 0xD3, 0xEE, 0x4C
    .byte   0xF3, 0xC3, 0x2D, 0x02, 0xD2, 0x3B, 0x5C, 0x04, 0xA6, 0xB1, 0x4B, 0x42, 0xC4, 0xEC, 0x5C, 0x33
    .byte   0xC3, 0xD3, 0xFE, 0x4B, 0x5D, 0xF4, 0xC4, 0xC4, 0xD1,   21, 0x0A, 0x6C, 0x14, 0xC4, 0xD2, 0x01
    .byte   0x2D, 0x3C, 0x4D, 0x22, 0xC3, 0xD2, 0xF3, 0xC3, 0xEC, 0x6A, 0x43, 0xA6, 0xCE, 0x5A, 0x41, 0xB6
    .byte   0xA4, 0x3A, 0x79, 0x54, 0xA6, 0xA5, 0xC4, 0xDD, 0x5A, 0x6C,  -20, 0x05, 0xA5, 0xE1, 0x3C, 0x4C
    .byte   0x4F, 0xD3, 0xEE, 0x3E, 0x3F, 0xE3, 0xD2, 0x3E, 0x12, 0xD3, 0x0E, 0x3D, 0xF3, 0xD1, 0x1E, 0x3D
    .byte   0x3D, 0x2D, 0x3E, 0x0F, 0xD4, 0xC4, 0xC3, 0xC4, 0xC4, 0xDF, 0x3C,    7, 0x0C, 0x4C, 0x2D, 0x22
    .byte   0xD4, 0xC3, 0x1D, 0x31, 0xC5, 0xB4, 0xED, 0x4C, 0x5B, 0x4D, 0x22, 0xD4, 0xB5, 0xB5, 0xC4, 0xD1
    .byte   0x3C, 0x5B, 0x5C, 0x3E, 0xE3, 0xD4, 0xC4, 0xC3, 0xF0, 0x1E, 0x2E, 0x3D,    6, 0x02, 0xD3, 0xE1
    .byte   0xF1, 0xFF, 0x2D, 0x3D, 0x2F, 0x00, 0xF1, 0xE1, 0x0E, 0x2E, 0xF2, 0xD3, 0xE0, 0xFF, 0xE3, 0xEF
    .byte   0x3C, 0x3F, 0xE3, 0xD2, 0x01, 0xE3, 0xE1, 0x1E, 0x12, 0xE1, 0x2D, 0x4C, 0x3D,    2, 0x0D, 0x31
    .byte   0xD4, 0xC4, 0xC3, 0xFE, 0x3D, 0x4C, 0x3E, 0xF3, 0xD2, 0xFE, 0x2F, 0xF2, 0xFE, 0x2F, 0x01, 0xE2
    .byte   0xFE, 0x3E, 0x01, 0xD3, 0xD2, 0x0E, 0x1F, 0x1F, 0x3D, 0x3D, 0x0F, 0x00, 0x01, 0xE2,   -9, 0x04
    .byte   0xD2, 0xEF, 0x1F, 0x2E, 0x0E, 0x10, 0x21, 0x1E, 0x2E, 0x2E, 0x2E, 0xE3, 0xD3, 0xFF, 0x2D, 0x21
    .byte   0x02, 0xFE, 0x2E, 0x12, 0xD3, 0xE2, 0xE3, 0xD2, 0x1D, 0x3D, 0x3E, 0x2E, 0x2E, 0x12, 0xE2,   -3
    .byte   0x03, 0xD3, 0xD2, 0x1E, 0x20, 0x10, 0x1E, 0x2E, 0x11, 0xE0, 0xF1, 0x02, 0xE2, 0xE1, 0xF0, 0x01
    .byte   0x2E, 0x2E, 0x1F, 0x1F, 0x01, 0xE1, 0x20, 0xF1, 0xE1, 0x10, 0xFF, 0x1F, 0x02, 0x1E, 0x2E, 0x11
    .byte     -3, 0x02, 0xEF, 0x2F, 0x3D, 0x1E, 0x21, 0x2E, 0xFF, 0xF1, 0x12, 0xE1, 0xE2, 0x21, 0xE2, 0xD2
    .byte   0x01, 0xE2, 0xE2, 0x0E, 0x3D, 0x3D, 0x2E, 0x2F, 0xF2, 0xE1, 0xE1, 0x10, 0x01, 0x01, 0x1F, 0x1E
    .byte   0x11,   -5, 0x02, 0xF2, 0xFF, 0x0F, 0x10, 0xE1, 0x10, 0x11, 0x01, 0xF0, 0x00, 0xF0, 0x10, 0x0F
    .byte   0x01, 0x02, 0xEF, 0xF0, 0x12, 0xE1, 0xE2, 0x11, 0x1E, 0x2E, 0x2F, 0xF0, 0x0F, 0xF1, 0x10, 0x11
    .byte   0xE1, 0xE2,    3, 0x0F, 0x0E, 0xF2, 0x02, 0xEF, 0xFE, 0x21, 0x02, 0xEF, 0x00, 0x10, 0x10, 0xE1
    .byte   0x01, 0x1F, 0xF0, 0x10, 0x2F, 0xFF, 0xF0, 0x00, 0xF1, 0xF1, 0xF2, 0xF0, 0x1E, 0x10, 0x10, 0xF1
    .byte   0xF1, 0x2E, 0x11,   -2, 0x01, 0x11, 0xE2, 0xE2, 0x01, 0xFF, 0x01, 0xF1, 0x0F, 0x00, 0x1F, 0x1F
    .byte   0x00, 0xF0, 0x11, 0x00, 0x00, 0xF0, 0xF0, 0x01, 0xE2, 0xF2, 0x0E, 0x2E, 0x10, 0x1F, 0xFF, 0x1F
    .byte   0x20, 0xFF, 0xF0, 0xF2,    1, 0x0F, 0x0F, 0x01, 0x01, 0xFF, 0x00, 0x2E, 0x01, 0x0F, 0xF1, 0x10
    .byte   0x2E, 0x1F, 0x10, 0x0F, 0xF1, 0xF1, 0xF2, 0x0F, 0xE0, 0x01, 0x11, 0x00, 0x10, 0xFE, 0x11, 0x00
    .byte   0x10, 0x10, 0x00, 0xFF, 0x10,    1, 0x0F, 0xF1, 0x00, 0xF0, 0x10, 0x0F, 0xF0, 0x10, 0x0F, 0x11
    .byte   0x00, 0x10, 0xF0, 0x0F, 0x10, 0x01, 0xF1, 0x00, 0x0F, 0x1F, 0x0F, 0x01, 0x00, 0x1F, 0x00, 0xF1
    .byte   0x0F, 0x10, 0x00, 0xF1, 0x00, 0x01,    0, 0x01, 0x0F, 0x0F, 0x1F, 0x10, 0x01, 0x0F, 0xF1, 0x00
    .byte   0x1F, 0xF1, 0x0F, 0x00, 0x01, 0x1F, 0x00, 0x00, 0x0F, 0x01, 0xF1, 0x00, 0x00, 0x1F, 0xF1, 0x00
    .byte   0x00, 0x1F, 0x00, 0x1F, 0x10, 0xF0, 0xF1,    0, 0x00, 0x00, 0x00, 0x0F, 0x01, 0xF1, 0x1F, 0x01
    .byte   0x0F, 0x1F, 0xF1, 0x00, 0x00, 0x01, 0xF0, 0x0F, 0x10, 0x00, 0xF1, 0x00, 0x01, 0xF0, 0x00, 0x1F
    .byte   0x01, 0xF0, 0xF1, 0x1F, 0x00, 0x00, 0x00, 0xF1,    0, 0x01, 0xF0, 0x00, 0x1F, 0x10, 0xF0, 0x00
    .byte   0x00, 0x00, 0x0F, 0x00, 0x00, 0x10, 0x0F, 0x10, 0xF1, 0x1F, 0x0F, 0x10, 0x01, 0x0F, 0x00, 0xF1
    .byte   0x10, 0xF0, 0x00, 0x1F, 0x0F, 0x01, 0xF1, 0x12, 0xED,  -13, 0x02, 0x32, 0x3F, 0xDE, 0xF1, 0x2E
    .byte   0xEE, 0x33, 0x2E, 0xEE, 0xD2, 0x02, 0x1E, 0x1F, 0x02, 0x1E, 0x02, 0x00, 0xE1, 0x01, 0xFF, 0x03
    .byte   0xFE, 0xD2, 0x32, 0x1F, 0xDD, 0x12, 0x31, 0xED, 0xF1, 0x22,    2, 0x0E, 0xE0, 0x22, 0x0F, 0xEE
    .byte   0x22, 0x10, 0xFE, 0x11, 0x20, 0xEF, 0xF2, 0x01, 0x00, 0xE0, 0x20, 0x0F, 0xF0, 0xF1, 0x11, 0x0E
    .byte   0x1F, 0x11, 0x10, 0xF0, 0x0F, 0x11, 0x0F, 0x10, 0x01, 0x01, 0xF1,    3, 0x01, 0x0F, 0x0F, 0xF1
    .byte   0x11, 0x0F, 0xFF, 0xFE, 0xFF, 0x01, 0xF0, 0xF0, 0x02, 0x21, 0xEF, 0x33, 0x1E, 0xDD, 0xF2, 0x30
    .byte   0xED, 0xF3, 0x23, 0x20, 0xBC, 0x13, 0x40, 0xDC, 0xE3, 0x43, 0xDD, 0xD2,   -6, 0x03, 0x2F, 0xDE
    .byte   0x23, 0x22, 0xED, 0xF2, 0x31, 0xED, 0xE1, 0x22, 0x1E, 0xEF, 0x22, 0x0F, 0xEE, 0xF2, 0x2F, 0xED
    .byte   0x21, 0x22, 0xEE, 0xF1, 0x22, 0xEF, 0xF1, 0x21, 0x0E, 0x00, 0x20, 0xFF, 0xFF,    2, 0x00, 0xFF
    .byte   0xF0, 0x2F, 0x1E, 0x00, 0x20, 0x0E, 0x10, 0x20, 0x0E, 0x02, 0x00, 0x0E, 0x0F, 0x20, 0xFE, 0xF0
    .byte   0x00, 0xFE, 0xE1, 0x1F, 0xFE, 0xEF, 0x01, 0x1E, 0xF0, 0x22, 0x21, 0x22, 0x32, 0x22,   28, 0x03
    .byte   0x31, 0x22, 0x10, 0x11, 0x0E, 0xDD, 0xEE, 0xED, 0xDD, 0x0E, 0xDE, 0xEF, 0xEE, 0xFE, 0xEF, 0x1F
    .byte   0xFF, 0x00, 0xEE, 0xDE, 0xEF, 0xEE, 0x01, 0x45, 0x34, 0x25, 0x53, 0x33, 0x34, 0x31, 0xE1,  103
    .byte   0x02, 0xFD, 0xCD, 0xCD, 0xCB, 0xCD, 0xDD, 0xDE, 0x02, 0x33, 0x32, 0x34, 0x32, 0x02, 0x22, 0xED
    .byte   0xDE, 0xDD, 0xCC, 0xDE, 0xCD, 0xDD, 0xEE, 0xFF, 0xE2, 0x34, 0x54, 0x44, 0x56, 0x33, 0x34, 0x32
    .byte    103, 0x01, 0x21, 0x2D, 0xDD, 0xCE, 0xCB, 0xBC, 0xED, 0xCC, 0xF3, 0x22, 0x23, 0x44, 0x33, 0x14
    .byte   0x32, 0x1E, 0xEF, 0xED, 0xCD, 0xDE, 0xCD, 0xCE, 0xEE, 0xED, 0xDF, 0x0E, 0xEF, 0x02, 0x34, 0x53
    .byte   0x34,   23, 0x04, 0x23, 0x44, 0x3F, 0x13, 0x20, 0xFD, 0xFD, 0xDD, 0xBC, 0xCD, 0xCC, 0xCF, 0x0E
    .byte   0xE2, 0x33, 0x32, 0x33, 0x43, 0x22, 0x22, 0x2E, 0xED, 0xEE, 0xDC, 0xDD, 0xDE, 0xDD, 0xEE, 0xDD
    .byte   0xFD, 0xFE,  -97, 0x02, 0x14, 0x44, 0x33, 0x55, 0x13, 0x44, 0x42, 0x13, 0x3F, 0x2E, 0xEE, 0xDD
    .byte   0xCC, 0xCC, 0xCC, 0xCD, 0xEE, 0xDE, 0x33, 0x31, 0x34, 0x33, 0x23, 0x23, 0x12, 0x0E, 0x1D, 0xDD
    .byte   0xDF, 0xDC, 0xED,  -44, 0x0D, 0xDE, 0xED, 0xDE, 0xF0, 0xFF, 0x44, 0x33, 0x35, 0x5F, 0x35, 0x43
    .byte   0x22, 0x43, 0xF1, 0x0E, 0x2D, 0xCD, 0xCD, 0xCB, 0xCD, 0xDD, 0xCD, 0x30, 0x2F, 0x04, 0x33, 0x13
    .byte   0x43, 0x13, 0x22, 0x1E,   29, 0x0E, 0xED, 0xED, 0xDD, 0xDE, 0xDD, 0xED, 0xCF, 0xDE, 0xE0, 0xFF
    .byte   0x53, 0x24, 0x45, 0x4D, 0x55, 0x33, 0x23, 0x42, 0xF0, 0x2F, 0x0C, 0xCE, 0xDC, 0xBC, 0xDC, 0xCD
    .byte   0xD0, 0xFF, 0xF2, 0x33, 0x23,  -16, 0x04, 0x32, 0x32, 0x23, 0x0D, 0x1E, 0xED, 0xDE, 0xDD, 0xDE
    .byte   0xDD, 0xDD, 0xDE, 0xDE, 0xF1, 0x12, 0x43, 0x34, 0x35, 0x31, 0x54, 0x33, 0x24, 0x4F, 0x12, 0x1E
    .byte   0xEC, 0xEC, 0xDC, 0xCB, 0xDD, 0xDC,  -55, 0x01, 0x2E, 0xE2, 0x33, 0x13, 0x34, 0x30, 0x33, 0x22
    .byte   0xEE, 0x1E, 0xED, 0xEE, 0xDE, 0xDD, 0xDF, 0xCD, 0xED, 0xDE, 0x01, 0xF4, 0x4F, 0x43, 0x45, 0xD4
    .byte   0x53, 0x4F, 0x25, 0x3E, 0x03, 0xFE, 0xDC,   75, 0x0D, 0xCC, 0xBD, 0xDC, 0xDC, 0xFF, 0x0E, 0xF3
    .byte   0x32, 0x23, 0x34, 0x12, 0x33, 0x21, 0xD2, 0x1E, 0xDD, 0xE0, 0xDC, 0xEE, 0xEC, 0xDE, 0xFD, 0xDF
    .byte   0x10, 0x35, 0xF3, 0x34, 0x5D, 0x25, 0x43, 0x03,   84, 0x04, 0xD1, 0x3E, 0xFD, 0xDE, 0xCC, 0xDB
    .byte   0xDD, 0xDD, 0xCD, 0x22, 0xDF, 0x33, 0x21, 0x24, 0x33, 0xF2, 0x42, 0xEE, 0x22, 0xED, 0xEE, 0xED
    .byte   0xDF, 0xED, 0xCE, 0xDE, 0xDD, 0x0F, 0xD4, 0x6D, 0xE3,  -13, 0x06, 0xBC, 0x66, 0x3C, 0xF6, 0x5C
    .byte   0xD4, 0x2F, 0xCB, 0x1E, 0xCC, 0xBC, 0xFE, 0xCC, 0xE3, 0x3C, 0xF3, 0x43, 0xE2, 0x44, 0x3E, 0x24
    .byte   0x3F, 0xC0, 0x3F, 0xCD, 0xEE, 0xDD, 0xDD, 0xED, 0xDD, 0xDE,  -78, 0x0E, 0xFD, 0x57, 0xCD, 0x26
    .byte   0x7A, 0xB7, 0x62, 0xBF, 0x65, 0xBD, 0x4F, 0x1B, 0xB0, 0xDD, 0xCB, 0xC1, 0x1D, 0xCE, 0x44, 0xCD
    .byte   0x45, 0x4C, 0x14, 0x52, 0xDF, 0x43, 0xDC, 0xF1, 0xED, 0xCE, 0xEE,  -26, 0x0D, 0xDE, 0xEF, 0xDD
    .byte   0x22, 0x1C, 0x47, 0x2B, 0x25, 0x7D, 0x96, 0x64, 0xCB, 0x56, 0xDB, 0x20, 0x2E, 0xAD, 0x2C, 0x1B
    .byte   0xB2, 0x3E, 0xDC, 0x35, 0x1C, 0x24, 0x51, 0xD2, 0x54, 0xEC, 0x24, 0x1C,   12, 0x01, 0x3D, 0xCC
    .byte   0xF1, 0xFC, 0xC0, 0x3E, 0xCE, 0x33, 0xED, 0x17, 0x4D, 0xE1, 0x72, 0xBE, 0x56, 0xDB, 0xF5, 0x4B
    .byte   0xC1, 0xF2, 0xCB, 0xEE, 0x1D, 0xBE, 0x33, 0xFC, 0xF5, 0x3E, 0xE3, 0x52, 0xFE,   27, 0x03, 0x2E
    .byte   0xCE, 0x3E, 0xCC, 0xDF, 0xED, 0xDE, 0xEE, 0xEF, 0xFD, 0x01, 0x1D, 0x67, 0x2B, 0xD7, 0x7B, 0x96
    .byte   0x73, 0xAA, 0x57, 0xBA, 0xD0, 0x3C, 0xAD, 0x1F, 0xEC, 0xC3, 0x43, 0x0D, 0x34, 0x51,    9, 0x02
    .byte   0x44, 0x2C, 0xF3, 0x3D, 0xBD, 0x20, 0xCC, 0xDE, 0x0E, 0xFE, 0x23, 0x32, 0xE3, 0x33, 0x1F, 0x13
    .byte   0x1E, 0xDE, 0x11, 0xDD, 0xD3, 0x2E, 0xE1, 0x32, 0x22, 0x33, 0xF3, 0x22, 0x0F, 0x10, 0xED,   18
    .byte   0x0E, 0xFD, 0xDE, 0x10, 0xEF, 0x12, 0x2E, 0x12, 0x2F, 0xFF, 0x10, 0x0E, 0x0E, 0xFF, 0x0E, 0xEE
    .byte   0xFF, 0x0D, 0xE2, 0x22, 0x32, 0x21, 0x24, 0x2E, 0x23, 0x32, 0xDF, 0x32, 0xDE, 0xDE, 0xFD, 0xDE
    .byte    -17, 0x02, 0xFF, 0xEF, 0x33, 0x20, 0x13, 0x30, 0xE0, 0x20, 0xFE, 0xD0, 0xEE, 0xEE, 0xDF, 0xFE
    .byte   0x0F, 0x23, 0x22, 0x22, 0x21, 0x20, 0x01, 0x0F, 0xEE, 0xE1, 0xDE, 0xEF, 0xFF, 0xE1, 0x21, 0x21
    .byte   0x13,    2, 0x02, 0xF2, 0x10, 0xFF, 0xFF, 0x0E, 0xFE, 0xE2, 0xE2, 0x12, 0x21, 0x22, 0x21, 0x02
    .byte   0xFE, 0xDE, 0xFE, 0xEE, 0xE2, 0xEF, 0xF2, 0x21, 0x12, 0x11, 0x0E, 0x0E, 0x0E, 0xDD, 0xED, 0xDD
    .byte   0xEE, 0xCD,  -58, 0x07, 0x6C, 0xB6, 0x75, 0xAB, 0x56, 0xE9, 0xA3, 0xED, 0xEA, 0xCD, 0x35, 0xEB
    .byte   0x27, 0x62, 0xC3, 0x64, 0xDB, 0xDF, 0xEC, 0xCC, 0xBD, 0xE2, 0x1C, 0xF4, 0x53, 0xF4, 0x54, 0x31
    .byte   0x01, 0x1D, 0xDC,    0, 0x0D, 0xED, 0xCC, 0xF4, 0x31, 0xF3, 0x54, 0x20, 0x14, 0x3E, 0xCD, 0xE0
    .byte   0xCC, 0xDE, 0xFE, 0xEE, 0x33, 0x33, 0x22, 0x34, 0x2F, 0xD0, 0x1E, 0xDC, 0xEE, 0xFD, 0xEE, 0x12
    .byte   0x22, 0x32, 0x33, 0x12,   22, 0x02, 0x0F, 0xEE, 0x0E, 0xED, 0xE1, 0xEE, 0xE0, 0x21, 0x11, 0x13
    .byte   0x21, 0x02, 0x21, 0x0E, 0xE0, 0xFF, 0xEE, 0xE1, 0x10, 0xE1, 0x22, 0x11, 0x01, 0x20, 0xF0, 0xFF
    .byte   0xEE, 0xEF, 0xE1, 0xED, 0xFD,  -41, 0x0D, 0xDF, 0xDD, 0x57, 0x7E, 0xC1, 0x75, 0xCA, 0xD3, 0x1B
    .byte   0xAC, 0xDE, 0x20, 0xDD, 0x36, 0x60, 0xD2, 0x65, 0xEB, 0xC0, 0xDD, 0xBB, 0xCC, 0x32, 0xED, 0x35
    .byte   0x54, 0x33, 0x44, 0x1E, 0xCD, 0xDD,   -3, 0x0C, 0xDD, 0xE2, 0x32, 0x23, 0x44, 0x21, 0x02, 0xFE
    .byte   0xDC, 0xED, 0xDE, 0xDE, 0x01, 0x32, 0x33, 0x33, 0x22, 0x21, 0x1E, 0xEE, 0xED, 0xEE, 0xFE, 0xF1
    .byte   0x22, 0x21, 0x22, 0x21, 0x11, 0xEE, 0xE1,    0, 0x0E, 0xE0, 0x00, 0xF1, 0x02, 0x21, 0x11, 0x11
    .byte   0x10, 0xF0, 0xE0, 0x0E, 0xEF, 0xF0, 0xF0, 0x02, 0x12, 0x11, 0x21, 0x11, 0x0F, 0xE0, 0xFE, 0xEF
    .byte   0xFF, 0x01, 0x10, 0x20, 0x22, 0xF1, 0x10, 0x1F,    5, 0x0F, 0xFF, 0x0E, 0x01, 0x12, 0x0F, 0x01
    .byte   0x10, 0x1E, 0x00, 0x10, 0xFF, 0x02, 0x10, 0xEE, 0xEF, 0xEE, 0xEE, 0x12, 0x12, 0x12, 0x11, 0x11
    .byte   0xFD, 0xDD, 0xED, 0xD1, 0x24, 0x77, 0x2D, 0xD4, 0x4C,   33, 0x0B, 0xCF, 0xDD, 0xDD, 0x04, 0x54
    .byte   0x30, 0x45, 0x3E, 0xBC, 0xCE, 0xEC, 0xCC, 0xD4, 0x42, 0xFF, 0x45, 0x32, 0xEF, 0x0E, 0xED, 0xCC
    .byte   0xD2, 0x21, 0xE2, 0x34, 0x42, 0x1E, 0xEF, 0xED, 0xCC, 0xE0,  -32, 0x0E, 0x01, 0x33, 0x43, 0x31
    .byte   0x11, 0x2E, 0xDC, 0xDD, 0x02, 0x21, 0x24, 0x43, 0x1E, 0xFE, 0x0E, 0xDD, 0xC2, 0x12, 0x01, 0x13
    .byte   0x31, 0x1D, 0x01, 0x1D, 0xDE, 0xE2, 0xF0, 0xEE, 0x02, 0x0D, 0xEF,  -30, 0x00, 0xFD, 0xE2, 0x23
    .byte   0xDC, 0x37, 0x77, 0xDB, 0xD5, 0x2A, 0x9B, 0xAE, 0x44, 0x4D, 0xE6, 0x74, 0xDC, 0xD4, 0xFC, 0xAB
    .byte   0xCF, 0x31, 0x0C, 0x35, 0x54, 0xDF, 0xE0, 0xF1, 0xDD, 0xCE, 0x34, 0x2D,   -3, 0x03, 0x44, 0xDC
    .byte   0xDF, 0xF0, 0xDC, 0xE0, 0x40, 0xED, 0x23, 0x0E, 0xDE, 0x00, 0xFE, 0xEE, 0xF2, 0x2F, 0x13, 0x76
    .byte   0x3F, 0xD0, 0xFD, 0xBB, 0xBB, 0x23, 0x43, 0x24, 0x64, 0x3D, 0xDD, 0xDC, 0xDC,  -26, 0x0D, 0x14
    .byte   0x42, 0x12, 0x44, 0xED, 0xDC, 0xEE, 0xEE, 0xDE, 0x33, 0x3E, 0xEE, 0x20, 0xDD, 0xC1, 0x21, 0xFE
    .byte   0xDF, 0x12, 0x3F, 0x25, 0x66, 0x32, 0xD1, 0x0C, 0xBB, 0xBC, 0xF2, 0x43, 0x25, 0x55,   72, 0x0D
    .byte   0xED, 0xCD, 0xCC, 0xCD, 0x23, 0x32, 0x32, 0x43, 0xFE, 0xDD, 0xEF, 0xDE, 0xE0, 0x33, 0x2F, 0xFE
    .byte   0x10, 0xDC, 0xEE, 0x01, 0x00, 0x11, 0x22, 0x2D, 0xED, 0xDE, 0xE0, 0x12, 0x44, 0x65, 0x43,   74
    .byte   0x0D, 0xFC, 0xCB, 0xBC, 0xD0, 0x34, 0x34, 0x55, 0x32, 0xDD, 0xDC, 0xCC, 0xCC, 0x13, 0x43, 0x33
    .byte   0x33, 0x2D, 0xDD, 0xDD, 0xEE, 0xE2, 0x23, 0x31, 0xF0, 0xED, 0xDD, 0xD0, 0xDE, 0xE2, 0x21, 0x1E
    .byte    -47, 0x0D, 0xEF, 0x23, 0x24, 0x67, 0x44, 0x0E, 0x2B, 0xBB, 0xBB, 0xC2, 0x34, 0x44, 0x65, 0x4F
    .byte   0xEC, 0xCC, 0xBC, 0xBE, 0x03, 0x34, 0x33, 0x42, 0x1D, 0xDD, 0xDD, 0xEF, 0x03, 0x22, 0x30, 0xEE
    .byte   0xDE,  -19, 0x0D, 0xDE, 0xE1, 0xF2, 0x22, 0x0E, 0xED, 0xDE, 0xE3, 0x33, 0x56, 0x55, 0x4E, 0x2D
    .byte   0xCB, 0xBB, 0xBD, 0x04, 0x33, 0x55, 0x62, 0x2D, 0xDC, 0xCC, 0xBD, 0xDE, 0x33, 0x33, 0x34, 0x3F
    .byte   0xDD, 0xDD,   -7, 0x0D, 0x0F, 0x32, 0x32, 0xFE, 0xE0, 0xCD, 0xDD, 0x0F, 0x0F, 0x22, 0x2F, 0xED
    .byte   0xDD, 0xE3, 0x22, 0x46, 0x74, 0x42, 0x21, 0xCB, 0xBB, 0xAD, 0xE3, 0x42, 0x55, 0x64, 0x1F, 0xDD
    .byte   0xBC, 0xBC, 0xDD,  -31, 0x03, 0x43, 0x44, 0x21, 0xDD, 0xDD, 0xCD, 0x1F, 0x32, 0x33, 0x0F, 0xFE
    .byte   0xDC, 0xDD, 0xEF, 0xFF, 0x22, 0x22, 0xEE, 0xCD, 0xD2, 0x2F, 0x44, 0x76, 0x44, 0x23, 0xDC, 0xBB
    .byte   0xAC, 0xCE, 0x41, 0x45,   38, 0x06, 0x32, 0xED, 0xCC, 0xBB, 0xCD, 0xE2, 0x43, 0x43, 0x43, 0xFE
    .byte   0xDC, 0xDC, 0xEF, 0xE1, 0x33, 0x31, 0x1E, 0xEE, 0xCD, 0xDE, 0xEF, 0x02, 0x21, 0x0E, 0xED, 0xDD
    .byte   0xE3, 0x14, 0x57, 0x55, 0x42,  104, 0x0D, 0xBB, 0xBB, 0xAD, 0x04, 0x24, 0x56, 0x53, 0x2E, 0xDC
    .byte   0xCB, 0xBD, 0xCF, 0x33, 0x33, 0x44, 0x3E, 0xED, 0xDD, 0xCF, 0x0F, 0xF3, 0x32, 0x1D, 0x0E, 0xDC
    .byte   0xDE, 0xEF, 0xE2, 0x12, 0x2F, 0xFD,  -60, 0x0C, 0xF1, 0x22, 0x45, 0x76, 0x44, 0x33, 0xDB, 0xBB
    .byte   0xAB, 0xC1, 0x42, 0x45, 0x66, 0x12, 0xED, 0xCC, 0xBB, 0xCC, 0x23, 0x33, 0x34, 0x44, 0xED, 0xDC
    .byte   0xDD, 0xEF, 0x11, 0x24, 0x3F, 0xED, 0xED,  -25, 0x0D, 0xC0, 0xE0, 0x22, 0x32, 0x0F, 0xDD, 0xCC
    .byte   0x13, 0xE4, 0x57, 0x64, 0x52, 0x4E, 0xBB, 0xBA, 0xAD, 0xF3, 0x14, 0x56, 0x64, 0x2E, 0xEC, 0xBC
    .byte   0xBB, 0xDD, 0x24, 0x33, 0x44, 0x41, 0xEC, 0xEC,   -7, 0x0E, 0xE0, 0x20, 0x43, 0x1E, 0xE0, 0xCD
    .byte   0xCD, 0xED, 0xF2, 0x24, 0x2E, 0xEE, 0xEC, 0xCD, 0x23, 0x15, 0x76, 0x54, 0x43, 0x2B, 0xBB, 0xAB
    .byte   0xB0, 0x33, 0x25, 0x66, 0x42, 0xF0, 0xCC, 0xBB, 0xCB,  -41, 0x00, 0x43, 0x34, 0x53, 0x3F, 0xCD
    .byte   0xDC, 0xED, 0x0E, 0x23, 0x23, 0x1E, 0xEE, 0xCD, 0xCD, 0xE2, 0x12, 0x23, 0x2E, 0xED, 0xDC, 0xCE
    .byte   0x24, 0x46, 0x75, 0x45, 0x23, 0xDB, 0xBA, 0xAC, 0xC2, 0x33,  -19, 0x05, 0x65, 0x42, 0xDE, 0xDB
    .byte   0xCB, 0xBD, 0xF2, 0x32, 0x44, 0x44, 0x0E, 0xDD, 0xDD, 0xEE, 0xEF, 0x23, 0x3E, 0xDF, 0xEE, 0xCC
    .byte   0xDF, 0x11, 0x22, 0x22, 0x1E, 0xED, 0xCC, 0xDE, 0x43, 0x46, 0x76,   84, 0x04, 0x23, 0xCB, 0xBA
    .byte   0xAB, 0xF1, 0x23, 0x46, 0x64, 0x4F, 0xEE, 0xCC, 0xBC, 0xBD, 0xF2, 0x32, 0x35, 0x43, 0x2D, 0xDD
    .byte   0xDE, 0xDE, 0xE1, 0x33, 0x3E, 0xEE, 0xDD, 0xCC, 0xED, 0x11, 0x32, 0x23,  -29, 0x0F, 0xEC, 0xCD
    .byte   0xC1, 0x24, 0x57, 0x65, 0x53, 0x23, 0xCB, 0xAA, 0xBC, 0xD2, 0x13, 0x56, 0x65, 0x2E, 0xEE, 0xCB
    .byte   0xBB, 0xCD, 0x23, 0x22, 0x44, 0x51, 0x0D, 0xED, 0xDD, 0xED, 0xF2, 0x43, 0xFE,    4, 0x01, 0xEC
    .byte   0xCC, 0xD0, 0xE2, 0x22, 0x32, 0x2E, 0xDC, 0xDD, 0xE0, 0x44, 0x67, 0x54, 0x43, 0x2D, 0xBA, 0xAB
    .byte   0xCE, 0x12, 0x24, 0x66, 0x53, 0xEE, 0xED, 0xDA, 0xBC, 0xC2, 0x23, 0x23, 0x54, 0x32,   37, 0x0D
    .byte   0xDE, 0xED, 0xDF, 0x03, 0x3F, 0xFE, 0xEE, 0xDD, 0xCD, 0xEE, 0x21, 0x13, 0x21, 0x0D, 0xDC, 0xED
    .byte   0xF3, 0x45, 0x76, 0x53, 0x33, 0xFD, 0xAA, 0xAB, 0xD0, 0x12, 0x35, 0x66, 0x42, 0xEE, 0xED,   39
    .byte   0x0B, 0xBC, 0xDF, 0x32, 0x24, 0x44, 0x4F, 0xED, 0xED, 0xEE, 0xED, 0xE3, 0x31, 0xDE, 0xEE, 0xEC
    .byte   0xDD, 0x0F, 0x01, 0x22, 0x20, 0xFD, 0xDC, 0xDE, 0x13, 0x46, 0x76, 0x44, 0x23, 0xEC, 0xAA, 0xAC
    .byte    -48, 0x00, 0x02, 0x45, 0x66, 0x32, 0xE0, 0xEC, 0xBB, 0xCB, 0xF0, 0x22, 0x24, 0x45, 0x3E, 0xDF
    .byte   0xFE, 0xDD, 0xED, 0x12, 0x31, 0xDD, 0x11, 0xDC, 0xDE, 0xE0, 0xF0, 0x23, 0x21, 0xED, 0xDD, 0xCE
    .byte   0x12,  -58, 0x06, 0x76, 0x43, 0x33, 0x0C, 0xAA, 0xAC, 0xC1, 0x21, 0x35, 0x66, 0x42, 0x0E, 0xFD
    .byte   0xBB, 0xBB, 0xEF, 0x12, 0x24, 0x44, 0x42, 0xFE, 0xE0, 0xDD, 0xDE, 0xE0, 0x2F, 0xEE, 0x0F, 0xED
    .byte   0xDD, 0xFE,  -46, 0x0F, 0x12, 0x21, 0xFD, 0xDC, 0xD1, 0x13, 0x45, 0x76, 0x53, 0x33, 0x0C, 0xAA
    .byte   0xBB, 0xCE, 0x22, 0x35, 0x56, 0x43, 0x11, 0xED, 0xBB, 0xBC, 0xDE, 0x12, 0x04, 0x44, 0x42, 0x02
    .byte   0x1E, 0xDD, 0xDE,    0, 0x0E, 0xFF, 0xEE, 0xF0, 0xFD, 0xDF, 0xF0, 0xFE, 0xF0, 0x12, 0xFD, 0xDC
    .byte   0xED, 0x13, 0x45, 0x66, 0x63, 0x33, 0x2E, 0xBA, 0xAB, 0xCD, 0xE1, 0x34, 0x56, 0x53, 0x20, 0x1E
    .byte   0xDB, 0xBC, 0xCE, 0xDD,  -38, 0x03, 0x43, 0x43, 0x33, 0x11, 0x1E, 0xDD, 0xD0, 0xDD, 0xDE, 0xFF
    .byte   0xEE, 0x00, 0xF1, 0x00, 0xEF, 0xF0, 0x0E, 0xDD, 0xCD, 0xE2, 0x43, 0x66, 0x74, 0x33, 0x3F, 0xCB
    .byte   0xAA, 0xCC, 0xDE, 0x33, 0x45,   32, 0x05, 0x32, 0x22, 0xFC, 0xBB, 0xCE, 0xDC, 0xE2, 0x33, 0x33
    .byte   0x43, 0x31, 0x2F, 0xED, 0xDF, 0xED, 0xCD, 0x1F, 0xFD, 0xE0, 0x11, 0x01, 0x0E, 0x11, 0x0E, 0xED
    .byte   0xDD, 0xDF, 0x23, 0x46, 0x66, 0x43,   92, 0x03, 0x2C, 0xBA, 0xBC, 0xCC, 0xF2, 0x34, 0x54, 0x54
    .byte   0x22, 0x0F, 0xDC, 0xBC, 0xDC, 0xED, 0x12, 0x23, 0x34, 0x32, 0x22, 0x3E, 0xED, 0xEE, 0xDD, 0xCF
    .byte   0xEE, 0xEE, 0x10, 0xFF, 0x12, 0xFE, 0xE1,  -39, 0x0F, 0xDD, 0xCE, 0xE3, 0x34, 0x56, 0x64, 0x43
    .byte   0x32, 0xDB, 0xAB, 0xCC, 0xDD, 0x13, 0x44, 0x45, 0x42, 0x22, 0xFE, 0xCC, 0xCD, 0xCD, 0xDF, 0x12
    .byte   0x23, 0x33, 0x33, 0x22, 0x10, 0xEE, 0xDD, 0xDD,  -16, 0x0E, 0xDE, 0xDF, 0x11, 0x10, 0x02, 0x11
    .byte   0xFE, 0xFE, 0xDC, 0xCE, 0x34, 0x44, 0x65, 0x63, 0x33, 0x2F, 0xCB, 0xAC, 0xDC, 0xDD, 0x33, 0x43
    .byte   0x44, 0x43, 0x11, 0xFF, 0xDC, 0xCD, 0xDD, 0xDD, 0x12,  -17, 0x01, 0x33, 0x43, 0x12, 0x21, 0xEE
    .byte   0xDE, 0xDD, 0xCE, 0xDE, 0xEE, 0x11, 0x1F, 0x11, 0x21, 0x0D, 0xEE, 0xDD, 0xC2, 0x34, 0x44, 0x66
    .byte   0x44, 0x12, 0x3E, 0xCB, 0xBB, 0xDD, 0xDE, 0x23, 0x33, 0x44,   42, 0x03, 0x11, 0x11, 0xEC, 0xCE
    .byte   0xDD, 0xDD, 0xE1, 0x22, 0x23, 0x42, 0x22, 0x22, 0x00, 0xDD, 0xED, 0xDD, 0xDE, 0xDE, 0xFF, 0xE0
    .byte   0x20, 0x21, 0xFE, 0xEE, 0xED, 0xE1, 0x23, 0x45, 0x56, 0x43, 0x12,   84, 0x01, 0xDB, 0xBC, 0xDD
    .byte   0xDE, 0x22, 0x22, 0x34, 0x33, 0x21, 0x12, 0x0E, 0xDD, 0xDD, 0xDD, 0xD0, 0xFF, 0x02, 0x43, 0x31
    .byte   0x22, 0x20, 0xFE, 0xDE, 0xDD, 0xDD, 0xED, 0xEE, 0xEF, 0xF0, 0x21, 0x10,  -49, 0x0E, 0xDE, 0x01
    .byte   0x22, 0x35, 0x56, 0x43, 0x22, 0x21, 0xFC, 0xCC, 0xCD, 0xDE, 0x02, 0xF1, 0x13, 0x34, 0x22, 0x12
    .byte   0x2F, 0xEE, 0xDD, 0xDD, 0xDE, 0xEF, 0x00, 0x23, 0x23, 0x22, 0x22, 0x01, 0x0F,   18, 0x0D, 0xDD
    .byte   0xDE, 0xDE, 0xDD, 0xE0, 0x12, 0xFF, 0xFE, 0xEE, 0xF0, 0x33, 0x34, 0x45, 0x54, 0x31, 0x02, 0x0E
    .byte   0xDC, 0xCD, 0xCE, 0xF0, 0x11, 0x0E, 0x23, 0x33, 0x12, 0x22, 0x01, 0x0D, 0xED, 0xDD,   -8, 0x0F
    .byte   0x0F, 0xE0, 0xF2, 0x23, 0x22, 0x22, 0x10, 0xFF, 0x0D, 0xDD, 0xDD, 0xED, 0xED, 0xFF, 0x01, 0x0F
    .byte   0xED, 0xF1, 0x23, 0x33, 0x34, 0x55, 0x44, 0xFF, 0xF1, 0xFE, 0xDC, 0xDC, 0xDF, 0x0F, 0xFE,   -8
    .byte   0x0E, 0x23, 0x32, 0x32, 0x21, 0x20, 0xFF, 0xED, 0xDD, 0xEF, 0xFE, 0xFE, 0xF0, 0x22, 0x22, 0x22
    .byte   0x11, 0x0F, 0xFE, 0xED, 0xDD, 0xDD, 0xEE, 0xEF, 0xE0, 0x0E, 0xEF, 0xF2, 0x23, 0x34, 0x45, 0x45
    .byte     60, 0x02, 0x11, 0x10, 0xED, 0xDD, 0xDD, 0xDE, 0x1E, 0xED, 0x0E, 0x23, 0x23, 0x32, 0x2F, 0x21
    .byte   0x2F, 0xED, 0xDD, 0xFE, 0xEF, 0xFE, 0xF0, 0x02, 0x22, 0x22, 0x02, 0xF0, 0xFE, 0xDF, 0xDD, 0xDE
    .byte   0xDE,  -52, 0x0E, 0x0E, 0xEF, 0xEE, 0x22, 0x23, 0x34, 0x45, 0x54, 0x32, 0xF1, 0x0F, 0xEE, 0xDD
    .byte   0xCD, 0xEE, 0x1E, 0xED, 0xEE, 0x22, 0x32, 0x32, 0x22, 0x12, 0x11, 0xED, 0xED, 0xEE, 0xEF, 0xFF
    .byte   0xFE, 0xF0,   -9, 0x02, 0x31, 0x21, 0x11, 0xFF, 0xEE, 0xDD, 0xDD, 0xEE, 0xEE, 0xDE, 0xEE, 0x00
    .byte   0x02, 0x23, 0x34, 0x45, 0x54, 0x32, 0x12, 0x11, 0xEE, 0xDD, 0xCD, 0xDF, 0xEE, 0xDD, 0xDF, 0x21
    .byte   0x33, 0x32, 0x22,   25, 0x02, 0x22, 0xFE, 0xDE, 0xDE, 0xEF, 0xEE, 0xEE, 0xF1, 0x13, 0x22, 0x21
    .byte   0x11, 0x10, 0xEE, 0xDD, 0xDE, 0xED, 0xFE, 0xDE, 0xDE, 0xF1, 0xF1, 0x23, 0x33, 0x54, 0x55, 0x32
    .byte   0x22, 0x20, 0xFE, 0xDD,   39, 0x0D, 0xDD, 0xFE, 0xDD, 0xDD, 0x22, 0x23, 0x33, 0x22, 0x32, 0x22
    .byte   0x0D, 0xEE, 0xEE, 0xDF, 0xED, 0xEE, 0x10, 0x21, 0x22, 0x22, 0x21, 0x11, 0xFD, 0xED, 0xED, 0xED
    .byte   0xED, 0xEE, 0xDE, 0xEE, 0xF1,  -74, 0x03, 0x33, 0x54, 0x55, 0x42, 0x22, 0x22, 0x1D, 0xDD, 0xDC
    .byte   0xED, 0xFD, 0xDC, 0xEE, 0x22, 0x12, 0x33, 0x32, 0x33, 0x22, 0xED, 0xFE, 0xE0, 0xDD, 0xED, 0xEE
    .byte   0x11, 0x11, 0x12, 0x23, 0x22, 0x0F,    7, 0x0E, 0xFE, 0xED, 0xDD, 0xDE, 0xEE, 0xDD, 0xEE, 0xF1
    .byte   0x23, 0x33, 0x45, 0x45, 0x44, 0x13, 0x22, 0x1D, 0xDD, 0xCD, 0xDE, 0xED, 0xDD, 0xDE, 0x02, 0x11
    .byte   0x33, 0x33, 0x33, 0x21, 0xFF, 0xEF, 0xED,   11, 0x0D, 0xEE, 0xEE, 0xFF, 0xF1, 0x21, 0x32, 0x21
    .byte   0x20, 0xFF, 0xEE, 0xED, 0xED, 0xDD, 0xDE, 0xDE, 0xD0, 0xE0, 0x02, 0x34, 0x34, 0x55, 0x44, 0x33
    .byte   0x32, 0x2D, 0xDD, 0xDD, 0xDD, 0xDD, 0xDD, 0xDF,  -21, 0x0F, 0xE1, 0x33, 0x33, 0x33, 0x22, 0x01
    .byte   0xFE, 0xED, 0xDF, 0xEE, 0xDE, 0xE1, 0xF0, 0x22, 0x22, 0x21, 0x22, 0x0F, 0xEE, 0xED, 0xED, 0xDD
    .byte   0xDE, 0xDE, 0xEE, 0xEE, 0xF2, 0x23, 0x43, 0x54, 0x54,   51, 0x03, 0x43, 0x2E, 0xDD, 0xED, 0xDD
    .byte   0xDD, 0xCE, 0xDE, 0xEE, 0xE0, 0x23, 0x33, 0x23, 0x33, 0x11, 0x0F, 0xEE, 0xDE, 0xED, 0xED, 0xFF
    .byte   0xFF, 0xF2, 0x22, 0x12, 0x22, 0x2F, 0xFF, 0xEE, 0xDE, 0xDD,  -39, 0x0D, 0xDE, 0xDE, 0xFE, 0xE1
    .byte   0x23, 0x33, 0x45, 0x54, 0x34, 0x34, 0x3F, 0xDD, 0xFE, 0xDC, 0xDD, 0xDD, 0xDD, 0xED, 0xFE, 0x22
    .byte   0x32, 0x24, 0x42, 0x21, 0x22, 0x1D, 0xDE, 0xEE, 0xDD, 0xE0, 0xEE,  -18, 0x02, 0x21, 0x21, 0x23
    .byte   0xF1, 0x10, 0xFE, 0xEE, 0xDD, 0xDD, 0xED, 0xDD, 0xD0, 0xFE, 0xF2, 0x34, 0x34, 0x54, 0x44, 0x44
    .byte   0x32, 0xEE, 0xF1, 0xDC, 0xCD, 0xED, 0xDC, 0xED, 0xEE, 0xE2, 0x22, 0x33,    8, 0x03, 0x22, 0x32
    .byte   0x2E, 0xD0, 0xFE, 0xDD, 0xEE, 0xFD, 0xEF, 0x02, 0x11, 0x13, 0x22, 0x01, 0x10, 0xEE, 0xED, 0xED
    .byte   0xDD, 0xDD, 0xDE, 0xEF, 0xE1, 0x23, 0x34, 0x45, 0x44, 0x34, 0x53, 0xEF, 0xF0,   81, 0x0D, 0xCD
    .byte   0xDE, 0xCC, 0xDD, 0xED, 0xD0, 0x22, 0x23, 0x42, 0x32, 0x33, 0x20, 0xE0, 0x1F, 0xDD, 0xD0, 0xFD
    .byte   0xDE, 0x12, 0xFE, 0x22, 0x22, 0x11, 0x21, 0x1E, 0xEE, 0xED, 0xDD, 0xDE, 0xDD, 0xED,  -82, 0x01
    .byte   0x21, 0x23, 0x44, 0x54, 0x34, 0x45, 0x3E, 0xF2, 0x2F, 0xCC, 0xEF, 0xDC, 0xCD, 0xDD, 0xDD, 0xE2
    .byte   0x22, 0x32, 0x33, 0x33, 0x31, 0x11, 0x20, 0xED, 0xEF, 0xED, 0xDE, 0xFF, 0xEE, 0x02, 0x22,   -3
    .byte   0x00, 0x22, 0x10, 0xE0, 0xE0, 0xDD, 0xDD, 0xED, 0xDD, 0xEF, 0xEF, 0xF3, 0x32, 0x45, 0x44, 0x34
    .byte   0x53, 0x21, 0x22, 0x1D, 0xCE, 0xED, 0xCC, 0xDE, 0xDC, 0xDE, 0x20, 0xF2, 0x33, 0x33, 0x33, 0x21
    .byte     32, 0x03, 0x1D, 0xEE, 0x1D, 0xDD, 0xEE, 0xEE, 0xF0, 0x21, 0x20, 0x22, 0x21, 0x1F, 0xFE, 0xFE
    .byte   0xDD, 0xED, 0xED, 0xDD, 0xEF, 0xFE, 0xF3, 0x33, 0x45, 0x33, 0x54, 0x43, 0x12, 0x31, 0xEC, 0xFE
    .byte   0xDD,   26, 0x0C, 0xED, 0xDC, 0xEE, 0xF1, 0x12, 0x33, 0x33, 0x33, 0x22, 0x22, 0xFE, 0x0E, 0xED
    .byte   0xDF, 0xDE, 0xDF, 0x01, 0x11, 0x12, 0x22, 0x02, 0x00, 0xFE, 0xEE, 0xED, 0xDD, 0xEE, 0xDD, 0xDF
    .byte   0x0E, 0x12,  -61, 0x03, 0x45, 0x34, 0x54, 0x43, 0xE2, 0x3F, 0xEC, 0xEE, 0xDC, 0xCD, 0xEC, 0xDD
    .byte   0xD0, 0xF1, 0x22, 0x33, 0x33, 0x32, 0x32, 0x21, 0x0E, 0x0E, 0xDD, 0xED, 0xFD, 0xEF, 0xF1, 0xF2
    .byte   0x21, 0x22, 0x12,    5, 0x01, 0xFE, 0xEE, 0xED, 0xDD, 0xDE, 0xDD, 0xEE, 0xF0, 0x22, 0x33, 0x55
    .byte   0x24, 0x54, 0x42, 0xE3, 0x2F, 0xEC, 0xEE, 0xDC, 0xCD, 0xDD, 0xCD, 0xE1, 0x0F, 0x23, 0x33, 0x33
    .byte   0x32, 0x33, 0xFF, 0xFE,   34, 0x0D, 0xDE, 0xDE, 0xDD, 0x00, 0x00, 0x12, 0x22, 0x22, 0x20, 0x20
    .byte   0xFE, 0xDE, 0xED, 0xDD, 0xDE, 0xDD, 0xD1, 0xE1, 0x03, 0x33, 0x46, 0x33, 0x54, 0x43, 0xE3, 0x20
    .byte   0xDC, 0xDF, 0xDC, 0xCD, 0xDD,  -26, 0x0D, 0xE0, 0x11, 0x23, 0x32, 0x43, 0x32, 0x32, 0x20, 0xDF
    .byte   0x0D, 0xDD, 0xEF, 0xDD, 0xE1, 0x2F, 0x12, 0x22, 0x22, 0x21, 0x10, 0x0D, 0xED, 0xED, 0xDD, 0xDE
    .byte   0xDD, 0xEE, 0x11, 0x02, 0x43, 0x45,   14, 0x02, 0x54, 0x44, 0xEF, 0x2E, 0xEC, 0xCE, 0xDD, 0xCC
    .byte   0xED, 0xDD, 0xE1, 0x21, 0x33, 0x33, 0x34, 0x13, 0x21, 0x1E, 0xED, 0xFD, 0xDD, 0xED, 0xFE, 0xE2
    .byte   0x10, 0x33, 0x12, 0x30, 0x30, 0xEE, 0xFE,    0, 0x0D, 0xDD, 0xDD, 0xDD, 0xEE, 0xD1, 0x10, 0xF2
    .byte   0x43, 0x34, 0x64, 0x34, 0x34, 0x4D, 0xEF, 0xFD, 0xCC, 0xDE, 0xDC, 0xC1, 0xDE, 0xFE, 0x22, 0x24
    .byte   0x33, 0x23, 0x33, 0x2E, 0xE1, 0xDD, 0xDD, 0xED,  -18, 0x0E, 0xE1, 0x02, 0x22, 0x33, 0x23, 0x22
    .byte   0x20, 0xFE, 0xDE, 0xDD, 0xDD, 0xCD, 0xDE, 0xEE, 0xEE, 0x20, 0x20, 0x23, 0x43, 0x34, 0x64, 0xF4
    .byte   0x34, 0x2C, 0xEE, 0xFC, 0xCC, 0xEE, 0xDD, 0xDF, 0xE1,  -20, 0x0F, 0x32, 0x24, 0x33, 0x02, 0x31
    .byte   0xFD, 0xDE, 0xDE, 0xCE, 0xDE, 0x1E, 0x12, 0x23, 0x32, 0x23, 0x33, 0xFF, 0x0E, 0xED, 0xDD, 0xDC
    .byte   0xED, 0xDD, 0xEE, 0xFF, 0xE1, 0x22, 0x12, 0x14, 0x33, 0x35,   33, 0x03, 0x23, 0x34, 0xEC, 0xDE
    .byte   0xFD, 0xCD, 0xEE, 0xED, 0xFF, 0xE0, 0x32, 0x21, 0x33, 0x32, 0x11, 0x11, 0xED, 0xDE, 0xDD, 0xED
    .byte   0xEE, 0x21, 0x22, 0x23, 0x33, 0x31, 0x22, 0x0E, 0xED, 0xDD, 0xDD,  -27, 0x0D, 0xDE, 0xEE, 0xFF
    .byte   0xE0, 0x20, 0xFF, 0x03, 0x23, 0x23, 0x44, 0x53, 0xF4, 0xF4, 0x2C, 0xDE, 0xEE, 0xCD, 0xEE, 0xEE
    .byte   0xFF, 0xE1, 0x23, 0x20, 0x23, 0x41, 0xEF, 0x11, 0xED, 0xDD, 0xED, 0xEE,  -21, 0x0E, 0xF3, 0x32
    .byte   0x12, 0x34, 0x2F, 0x20, 0x1E, 0xDE, 0xDD, 0xDD, 0xDD, 0xDE, 0x10, 0xFD, 0xE3, 0x2E, 0xE0, 0x12
    .byte   0x2E, 0x43, 0x33, 0x55, 0x22, 0xF3, 0x4D, 0xDC, 0xE2, 0xDD, 0xCF, 0xFE, 0xF0,   -4, 0x0F, 0x12
    .byte   0x33, 0x0F, 0x33, 0x20, 0xED, 0x1E, 0xDD, 0xDD, 0xEF, 0xE0, 0xF1, 0x33, 0x32, 0x32, 0x32, 0x0E
    .byte   0x0E, 0xDE, 0xDD, 0xDD, 0xDE, 0xEE, 0xE0, 0x01, 0xFE, 0xF2, 0xFE, 0xEE, 0x22, 0x22,  -35, 0x04
    .byte   0x35, 0x52, 0x3F, 0x24, 0xDD, 0xDC, 0x2D, 0xDD, 0xEE, 0xFF, 0x21, 0x11, 0x03, 0x41, 0x00, 0x13
    .byte   0x0E, 0xDD, 0xED, 0xED, 0xDE, 0xE0, 0x22, 0x23, 0x23, 0x33, 0x22, 0x10, 0xFE, 0xED, 0xDD,  -12
    .byte   0x0D, 0xEE, 0xDE, 0xFF, 0x21, 0xF0, 0xEF, 0xFF, 0xEF, 0xD0, 0x11, 0x43, 0x33, 0x55, 0x33, 0x1F
    .byte   0x4F, 0xDD, 0xCE, 0xDD, 0xEE, 0xEE, 0xE2, 0x23, 0x0F, 0x33, 0x30, 0x11, 0x00, 0xED, 0xED, 0xDD
    .byte    -16, 0x0E, 0x0F, 0xE1, 0x23, 0x33, 0x23, 0x30, 0x31, 0xFE, 0xDE, 0xDD, 0xDD, 0xDF, 0xDE, 0xF0
    .byte   0x02, 0x00, 0x0F, 0xEF, 0x1D, 0xDE, 0xE2, 0x22, 0x33, 0x44, 0x55, 0x23, 0xD3, 0x3D, 0xFC, 0xDD
    .byte   0xCF,    3, 0x00, 0xFD, 0xF0, 0x33, 0x21, 0x23, 0x22, 0x20, 0xEE, 0xDE, 0xFD, 0xDC, 0xED, 0x22
    .byte   0xF2, 0x22, 0x33, 0x43, 0x11, 0xE1, 0xFE, 0xED, 0xDD, 0xDE, 0xEE, 0xEE, 0xFF, 0x02, 0xF0, 0xEF
    .byte   0x00, 0xED,  -56, 0x0E, 0xE0, 0x03, 0x33, 0x44, 0x55, 0x33, 0xE1, 0xFE, 0xFD, 0xDC, 0xDD, 0xE2
    .byte   0x2E, 0xEE, 0x23, 0x33, 0x22, 0xFF, 0x13, 0x0F, 0xCD, 0xDD, 0xFE, 0xED, 0xEE, 0x13, 0x33, 0x22
    .byte   0x33, 0x23, 0xFF,   26, 0x0D, 0x0D, 0xFD, 0xDD, 0xEE, 0xFF, 0xEF, 0x10, 0xFF, 0xF0, 0xFE, 0xDE
    .byte   0xED, 0x01, 0x04, 0x33, 0x44, 0x55, 0x32, 0xE2, 0xEE, 0xEE, 0xDD, 0xCD, 0xE2, 0x00, 0x0E, 0xF2
    .byte   0x23, 0x42, 0x20, 0xEF,   31, 0x0E, 0xEF, 0xDD, 0xDD, 0xEE, 0x10, 0x21, 0x22, 0x33, 0x32, 0x22
    .byte   0x1F, 0xEE, 0xDF, 0xDE, 0xDE, 0xED, 0xE0, 0xE0, 0xEF, 0xF0, 0x11, 0xF0, 0xDD, 0xEE, 0xF1, 0x23
    .byte   0x34, 0x34, 0x54, 0x42, 0xF1,   52, 0x0D, 0x1F, 0xEE, 0xDD, 0xDE, 0x11, 0x20, 0xFE, 0xF2, 0x33
    .byte   0x31, 0x1E, 0xED, 0xE1, 0xFE, 0xED, 0xDD, 0xEF, 0x03, 0x33, 0x21, 0x11, 0x23, 0x22, 0x1E, 0xDD
    .byte   0xDE, 0xFE, 0xFE, 0xDD, 0xED, 0x12,  -36, 0x01, 0x0E, 0xEE, 0xDF, 0x0E, 0x21, 0x03, 0x13, 0x34
    .byte   0x54, 0x44, 0xEF, 0xED, 0xF1, 0x11, 0xED, 0xDC, 0xEE, 0x22, 0x21, 0xFE, 0xFF, 0x23, 0x33, 0x1F
    .byte   0xDE, 0xDE, 0xEF, 0xFE, 0xED, 0xEE, 0xF2,  -10, 0x03, 0x32, 0x11, 0xF1, 0x12, 0x2F, 0xEE, 0xDD
    .byte   0xED, 0xE0, 0xEE, 0xEE, 0xEE, 0x10, 0x1F, 0xEE, 0xEE, 0x02, 0x12, 0x33, 0x33, 0x44, 0x43, 0x33
    .byte   0x1D, 0xED, 0xFF, 0xFF, 0xFE, 0xED, 0xDE, 0xE0,    2, 0x01, 0x22, 0x11, 0x20, 0x12, 0x11, 0x0F
    .byte   0xEE, 0xDE, 0xEE, 0xFE, 0x10, 0x02, 0x11, 0x22, 0x22, 0x2F, 0x00, 0xEF, 0xFE, 0xEE, 0xED, 0xEE
    .byte   0xEE, 0xEE, 0xEE, 0xEE, 0xFE, 0x01, 0x11, 0x22, 0x23,  -32, 0x03, 0x24, 0x44, 0x34, 0x21, 0xFE
    .byte   0xDE, 0xE0, 0x01, 0x10, 0xEE, 0xDC, 0xED, 0xF0, 0x13, 0x23, 0x20, 0xFE, 0xEF, 0xF0, 0x22, 0x11
    .byte   0xEE, 0xED, 0xEE, 0x11, 0x22, 0x31, 0x11, 0x0E, 0xEF, 0xE0,   -2, 0x00, 0x0F, 0xEE, 0xDE, 0xDE
    .byte   0xEE, 0xE0, 0xF1, 0x00, 0x0F, 0x00, 0x12, 0x23, 0x33, 0x34, 0x33, 0x33, 0x12, 0x0E, 0x0E, 0xE0
    .byte   0xFF, 0x10, 0xEE, 0xED, 0xDE, 0xDE, 0xE0, 0x12, 0x22, 0x31, 0x10,   11, 0x00, 0xEF, 0x00, 0x02
    .byte   0x00, 0x00, 0xE0, 0xEE, 0xFF, 0xF1, 0x10, 0x20, 0x1F, 0xFE, 0xFE, 0xE0, 0xE0, 0xEF, 0xFF, 0xEF
    .byte   0xE0, 0xEF, 0xFF, 0x11, 0x10, 0x22, 0x12, 0x32, 0x23, 0x23, 0x23, 0x21,   37, 0x01, 0x00, 0xFF
    .byte   0xF0, 0xFF, 0x0E, 0x0E, 0xEE, 0xED, 0xE0, 0xEF, 0x02, 0x12, 0x11, 0x11, 0x00, 0xEF, 0xFF, 0x01
    .byte   0x11, 0x11, 0xF0, 0xE0, 0xEF, 0xFF, 0x10, 0x11, 0x00, 0xFF, 0xFF, 0xEF, 0xFF,  -17, 0x00, 0xFF
    .byte   0x00, 0x00, 0x00, 0xF0, 0x00, 0x10, 0x10, 0x21, 0x11, 0x02, 0x11, 0x22, 0x12, 0x12, 0x11, 0x21
    .byte   0x01, 0x11, 0x00, 0x01, 0x00, 0xE0, 0xE0, 0xE0, 0xE0, 0x00, 0x0F, 0x00, 0x0F, 0x0F,    3, 0x00
    .byte   0x00, 0xFF, 0x00, 0xFF, 0x0F, 0x0F, 0x00, 0xF0, 0x10, 0xF0, 0xF0, 0xF1, 0xF0, 0x0F, 0x0F, 0xE0
    .byte   0x0F, 0xFF, 0x10, 0x00, 0x1F, 0x10, 0x00, 0x00, 0x01, 0x00, 0x01, 0x11, 0x11, 0x10, 0x21,    1
    .byte   0x01, 0x20, 0x20, 0x20, 0x01, 0x11, 0x11, 0x01, 0xFF, 0xFF, 0x00, 0xEF, 0xFF, 0xFF, 0x00, 0x00
    .byte   0x0F, 0x0F, 0xFF, 0xFF, 0xFF, 0xF0, 0x00, 0x00, 0x1F, 0x0F, 0xFF, 0xFF, 0xFF, 0x01, 0x10, 0x00
    .byte     -6, 0x0F, 0x0F, 0x0E, 0x1F, 0x00, 0x00, 0x10, 0x10, 0x10, 0x01, 0x00, 0xF0, 0x01, 0xF1, 0x11
    .byte   0x10, 0x21, 0x21, 0x02, 0x01, 0x11, 0x01, 0x01, 0x02, 0x00, 0x00, 0x00, 0xE0, 0xE0, 0xFE, 0x00
    .byte   0x00,    6, 0x00, 0x00, 0x00, 0x0E, 0xFF, 0xFF, 0xF0, 0x01, 0x00, 0x10, 0xFF, 0x0E, 0x0F, 0xFF
    .byte   0xF0, 0x10, 0x11, 0x00, 0xFF, 0xFF, 0xF0, 0xF1, 0x00, 0x01, 0x11, 0xF0, 0x0F, 0xF0, 0x10, 0x02
    .byte   0x21, 0x22,    9, 0x01, 0x22, 0xF0, 0x10, 0xF0, 0x11, 0x01, 0x11, 0xF0, 0xEF, 0xEE, 0xE0, 0xE1
    .byte   0x10, 0x12, 0x00, 0x10, 0x0E, 0x0E, 0x0F, 0xF1, 0x11, 0x11, 0xFF, 0x0E, 0xE0, 0xEF, 0x0F, 0x11
    .byte   0x10, 0x0F, 0xFF,  -15, 0x0E, 0x1F, 0xF0, 0x00, 0x10, 0xF0, 0xFF, 0x0F, 0x00, 0x10, 0x22, 0x22
    .byte   0x32, 0x32, 0x22, 0x10, 0xF0, 0x01, 0x02, 0x12, 0x10, 0xEE, 0xED, 0xDE, 0xDF, 0x00, 0x21, 0x22
    .byte   0x0F, 0xFF, 0xEE, 0x00,   -2, 0x01, 0x22, 0x11, 0x0F, 0xEE, 0xEE, 0xE0, 0x02, 0x12, 0x10, 0xFE
    .byte   0xEE, 0xEE, 0xFF, 0x00, 0x01, 0xF0, 0xFE, 0xEF, 0xEE, 0x11, 0x12, 0x23, 0x33, 0x42, 0x33, 0x21
    .byte   0x20, 0x01, 0x02, 0x22, 0x1F,   51, 0x0D, 0xDD, 0xCD, 0xDF, 0xE2, 0x22, 0x11, 0xFF, 0xEF, 0xF1
    .byte   0x23, 0x23, 0x21, 0x1E, 0xEE, 0xDF, 0xFF, 0x11, 0x1F, 0x0E, 0xEE, 0xEF, 0xFF, 0x01, 0x2F, 0x0E
    .byte   0xEE, 0xDE, 0xDF, 0xE1, 0x10, 0x1F,  -50, 0x01, 0x22, 0x33, 0x44, 0x43, 0x42, 0x21, 0x00, 0x11
    .byte   0x22, 0xFE, 0xDD, 0xCD, 0xCE, 0xEE, 0xEE, 0x00, 0xE0, 0x12, 0x22, 0x32, 0x31, 0x11, 0x0F, 0xF1
    .byte   0x00, 0x0E, 0xEE, 0xDE, 0xEF, 0xF0, 0x21,   -8, 0x00, 0xFE, 0xFF, 0xE0, 0x00, 0xEE, 0xED, 0xDF
    .byte   0xEF, 0x0E, 0x0E, 0x11, 0x23, 0x34, 0x44, 0x44, 0x32, 0x30, 0x21, 0x21, 0x1F, 0xED, 0xCD, 0xDD
    .byte   0xDE, 0xDE, 0xDD, 0xFF, 0x22, 0x33, 0x23, 0x11,   15, 0x02, 0x22, 0x20, 0xEE, 0xDE, 0xEF, 0xEF
    .byte   0x0E, 0xEE, 0xE1, 0x13, 0x22, 0x0F, 0xE0, 0xEF, 0xFE, 0xEE, 0xDD, 0xDD, 0xEE, 0xFE, 0xEF, 0xF1
    .byte   0x33, 0x34, 0x44, 0x53, 0x43, 0x32, 0x10, 0x10, 0x0E,   62, 0x0D, 0xCD, 0xDD, 0xDF, 0xDD, 0xDE
    .byte   0x02, 0x33, 0x32, 0x21, 0x23, 0x23, 0x20, 0xED, 0xDE, 0xEE, 0x1E, 0xED, 0xDF, 0xF2, 0x23, 0x21
    .byte   0x01, 0x02, 0x21, 0x0E, 0xED, 0xDD, 0xED, 0xED, 0xED, 0xED,  -79, 0x0F, 0x22, 0x32, 0x33, 0x44
    .byte   0x35, 0x44, 0x32, 0x20, 0xF1, 0x0E, 0xDD, 0xCD, 0xDD, 0xED, 0xED, 0xDE, 0x22, 0x33, 0x22, 0x22
    .byte   0x33, 0x31, 0x0E, 0xDF, 0xDF, 0xED, 0xED, 0xDE, 0x02, 0x11, 0x22,   -8, 0x02, 0x33, 0x21, 0x00
    .byte   0xEE, 0xED, 0xDE, 0xDD, 0xDE, 0xDD, 0xEE, 0xFF, 0xF1, 0x21, 0x33, 0x43, 0x44, 0x44, 0x42, 0x30
    .byte   0x21, 0xFE, 0xED, 0xDD, 0xDD, 0xED, 0xDD, 0xEE, 0x0F, 0x23, 0x12, 0x32,   19, 0x02, 0x22, 0x11
    .byte   0xEE, 0xEF, 0xDD, 0xEE, 0xEE, 0xEE, 0x21, 0x22, 0x23, 0x12, 0x23, 0x10, 0xFE, 0xEE, 0xDD, 0xDE
    .byte   0xDD, 0xDE, 0xED, 0xEE, 0xF2, 0x20, 0x20, 0x43, 0x33, 0x34, 0x34, 0x42, 0x3D,   60, 0x02, 0x0E
    .byte   0xDE, 0xDE, 0xDE, 0xED, 0xED, 0xFF, 0xEF, 0x12, 0x23, 0x12, 0x32, 0x21, 0x20, 0xE0, 0xDF, 0xED
    .byte   0xED, 0x1E, 0xE0, 0x11, 0x22, 0x22, 0x22, 0x22, 0x11, 0xEF, 0xED, 0xFD, 0xDD, 0xDD,  -45, 0x0E
    .byte   0xD1, 0xDE, 0x01, 0x22, 0x12, 0x23, 0x32, 0x41, 0x42, 0x44, 0x22, 0xE3, 0x3E, 0xED, 0xE2, 0xDE
    .byte   0xDE, 0xDF, 0xFE, 0x0D, 0xF2, 0x22, 0xE0, 0x33, 0x11, 0x10, 0x2E, 0x1E, 0xD0, 0xD0, 0xFE,   -8
    .byte   0x0E, 0x21, 0x11, 0x03, 0x02, 0x11, 0x2F, 0x2F, 0xFE, 0xED, 0xEE, 0xDD, 0xDE, 0xED, 0xEF, 0xEF
    .byte   0xFF, 0x22, 0x22, 0x13, 0x33, 0x32, 0x33, 0x43, 0x23, 0xE3, 0x2F, 0xFD, 0xF0, 0xEE, 0xDF, 0xD0
    .byte     13, 0x0E, 0xFD, 0x02, 0x10, 0xE2, 0x23, 0xE2, 0x01, 0x20, 0xFE, 0xEF, 0xE0, 0xEE, 0xE1, 0x10
    .byte   0xFF, 0x22, 0x11, 0x10, 0x2F, 0x1F, 0xEE, 0xE0, 0xED, 0xDE, 0xDF, 0xDE, 0xEE, 0xE0, 0x1F, 0x10
    .byte   0x22,  -52, 0x03, 0x31, 0x32, 0x33, 0x34, 0x32, 0x20, 0x32, 0x1E, 0xE1, 0x1F, 0xDE, 0xFD, 0xFE
    .byte   0x1D, 0xDF, 0x02, 0xED, 0x21, 0x31, 0x02, 0x02, 0x12, 0x0E, 0xFF, 0x2F, 0xDF, 0xE2, 0xFE, 0xFF
    .byte   0x0F, 0x11,   -1, 0x01, 0xE2, 0x1F, 0xEE, 0x1E, 0xEE, 0xEE, 0xEE, 0xEE, 0xEE, 0x10, 0xF0, 0xE2
    .byte   0x21, 0x22, 0x23, 0x03, 0x22, 0x32, 0x33, 0x30, 0xF3, 0x22, 0xEF, 0x0F, 0x2E, 0x0E, 0xD1, 0xE0
    .byte   0xED, 0xFE, 0xFF,    0, 0x0F, 0x01, 0x02, 0x10, 0x1F, 0x22, 0xE1, 0xF1, 0x1F, 0xFF, 0xF0, 0xF0
    .byte   0xEF, 0xFF, 0xF0, 0xEF, 0xF0, 0xF0, 0xE0, 0xF0, 0xE0, 0xE0, 0xE0, 0xFE, 0x0F, 0x01, 0x0F, 0xF2
    .byte   0x20, 0x10, 0x22, 0x21,  -10, 0x02, 0x02, 0x21, 0x20, 0x02, 0x20, 0x00, 0x21, 0x10, 0x01, 0x20
    .byte   0x0F, 0x00, 0x0F, 0x0F, 0xFE, 0xFF, 0xF0, 0xE0, 0xE0, 0x0E, 0x0F, 0x0F, 0x00, 0xFF, 0xF1, 0x00
    .byte   0x0F, 0x01, 0xFF, 0x0F, 0xFF,   -5, 0x0F, 0xF1, 0xF0, 0xFF, 0xF0, 0xE2, 0xE1, 0x0F, 0x1F, 0x2F
    .byte   0x0F, 0x01, 0x11, 0x10, 0x01, 0x11, 0x11, 0x10, 0x11, 0x1F, 0x11, 0x01, 0x00, 0x1F, 0x2E, 0x11
    .byte   0xF0, 0xF2, 0xE1, 0x01, 0x10, 0x1E,    5, 0x0F, 0x10, 0xF0, 0xF1, 0x01, 0x00, 0x0F, 0x00, 0xF2
    .byte   0xE0, 0x01, 0x1F, 0xFF, 0x01, 0x1F, 0xFF, 0x10, 0x0F, 0x00, 0x0F, 0x0F, 0x10, 0x0F, 0xFF, 0x1F
    .byte   0x0F, 0x01, 0x00, 0x01, 0xF1, 0x00, 0x10,   -1, 0x0F, 0x01, 0xF1, 0xF1, 0x0F, 0x00, 0x10, 0xF1
    .byte   0xFF, 0x00, 0x1F, 0x00, 0xF1, 0x01, 0x00, 0x01, 0xF1, 0x10, 0xF1, 0x01, 0x01, 0xF0, 0x01, 0xFF
    .byte   0x0F, 0x01, 0x00, 0x0F, 0x00, 0x1F, 0x01, 0xF1,   -2, 0x01, 0x01, 0x1F, 0x01, 0x1F, 0xF1, 0xF0
    .byte   0x00, 0x00, 0x00, 0x11, 0xF1, 0xF1, 0xF1, 0x1F, 0x1F, 0x10, 0xF0, 0xF1, 0x1F, 0x00, 0x0F, 0x0F
    .byte   0x10, 0x01, 0xFF, 0x10, 0x1F, 0x0F, 0x01, 0xF1, 0xF1,   -1, 0x01, 0x1F, 0x0F, 0x01, 0x1F, 0x0F
    .byte   0x00, 0xF1, 0xF0, 0xF1, 0x00, 0x2E, 0x1F, 0x10, 0x00, 0xF0, 0xF1, 0x10, 0x0F, 0x00, 0x10, 0x00
    .byte   0xF0, 0x10, 0x1F, 0xF1, 0x01, 0xF1, 0xF0, 0x00, 0x10, 0x00,   -1, 0x01, 0x10, 0x1F, 0x0F, 0x11
    .byte   0xF0, 0xF1, 0x01, 0x1E, 0x2F, 0x01, 0xE2, 0xF0, 0xF0, 0x1F, 0x00, 0x0F, 0x10, 0x1F, 0xFF, 0x01
    .byte   0x1F, 0x00, 0xF1, 0x01, 0xF0, 0x00, 0xF1, 0x1E, 0x2E, 0x2F, 0x00,   -2, 0x02, 0xE1, 0x00, 0x1F
    .byte   0x1F, 0x1F, 0x0F, 0x02, 0xE1, 0xF1, 0x01, 0xF1, 0x00, 0x0F, 0x10, 0x1F, 0x00, 0x01, 0xF0, 0x00
    .byte   0x10, 0xF0, 0x10, 0x10, 0xF0, 0x01, 0xF0, 0x0F, 0x10, 0xF1, 0x1F, 0x00,    1, 0x0F, 0x0F, 0x2E
    .byte   0x01, 0x0F, 0xF2, 0xF0, 0xF0, 0x0F, 0x10, 0x10, 0xFF, 0x02, 0xF0, 0xEF, 0x2F, 0xF0, 0xF2, 0xE1
    .byte   0x00, 0x2E, 0x1F, 0x11, 0xFF, 0x00, 0x2E, 0x1F, 0xF2, 0xE2, 0xFF, 0x0F, 0x10,    3, 0x0F, 0xFF
    .byte   0x01, 0x01, 0x0F, 0xF1, 0x0F, 0x01, 0x0F, 0x01, 0x0F, 0xF1, 0x01, 0xF0, 0x10, 0xF1, 0xE2, 0xF1
    .byte   0x0F, 0x00, 0xFF, 0x2F, 0xFF, 0x01, 0x01, 0x00, 0xFF, 0x10, 0x0F, 0xF1, 0x01, 0x1F,   -3, 0x00
    .byte   0x23, 0xF0, 0xDD, 0x23, 0x30, 0xCE, 0x23, 0x12, 0xDD, 0xD1, 0x33, 0xDC, 0xD4, 0x55, 0xDC, 0xCF
    .byte   0x54, 0xDB, 0xBE, 0x45, 0x2C, 0xBD, 0x35, 0x4E, 0xCC, 0xD5, 0x52, 0xCB, 0x33, 0x43, 0xDC,   -8
    .byte   0x01, 0x23, 0xED, 0xCE, 0x33, 0x30, 0xFE, 0x13, 0x32, 0xDD, 0xF2, 0x31, 0xED, 0xD1, 0x22, 0xFE
    .byte   0xEE, 0x22, 0x2F, 0x02, 0xF1, 0x0F, 0x2F, 0x0F, 0xF1, 0x00, 0xFE, 0xE1, 0x21, 0x01, 0xF0, 0x11
    .byte      5, 0x01, 0xFE, 0xE1, 0x22, 0xFE, 0x01, 0xE2, 0x21, 0xFE, 0x0E, 0xF2, 0xF0, 0xE0, 0x21, 0x10
    .byte   0x01, 0x0F, 0xF1, 0xFE, 0x00, 0x02, 0x12, 0xEE, 0x12, 0x1E, 0xEF, 0xE1, 0x12, 0x10, 0xF0, 0x21
    .byte   0x11,    5, 0x0E, 0xFE, 0xF1, 0x1F, 0xFF, 0x0F, 0x10, 0x01, 0xE0, 0x20, 0xFF, 0x00, 0x12, 0xF2
    .byte   0xEE, 0x3E, 0x1E, 0xE2, 0xE2, 0x12, 0x1E, 0x12, 0x0E, 0x12, 0x22, 0xE1, 0xE1, 0x31, 0x2E, 0xFE
    .byte   0xE3, 0x11,   16, 0x0E, 0xF1, 0x22, 0xFE, 0xFF, 0xF1, 0x1F, 0xEE, 0xF0, 0x00, 0xE0, 0xF0, 0xFF
    .byte   0xFF, 0x00, 0xF0, 0xF0, 0xF0, 0x11, 0x00, 0xFF, 0x11, 0x10, 0x0F, 0x11, 0x01, 0xF0, 0xF0, 0x01
    .byte   0x0F, 0xF0, 0x00,   -6, 0x00, 0xF0, 0x01, 0xF1, 0xF1, 0x00, 0x1F, 0x1F, 0x01, 0x11, 0x01, 0x0F
    .byte   0x01, 0x10, 0xF0, 0x11, 0x01, 0x01, 0x01, 0xF0, 0x0F, 0x1F, 0x01, 0x1F, 0x00, 0xF1, 0x1F, 0xFF
    .byte   0x10, 0x01, 0xF0, 0x00,    1, 0x00, 0x1F, 0x00, 0x00, 0x01, 0xF0, 0x00, 0x00, 0x00, 0x00, 0x01
    .byte   0xFF, 0x10, 0x0F, 0x10, 0xF0, 0x00, 0x0F, 0x10, 0x00, 0x10, 0xF0, 0x10, 0x01, 0xF0, 0x01, 0x00
    .byte   0xF1, 0x00, 0x1F, 0x00, 0x0F,    1, 0x01, 0x0F, 0xF1, 0x00, 0x00, 0x0F, 0x1F, 0x0F, 0x1F, 0x01
    .byte   0xF0, 0x00, 0x00, 0x00, 0xF1, 0xF0, 0x1F, 0x11, 0xF1, 0xF0, 0x00, 0x00, 0x01, 0xF1, 0x00, 0xF1
    .byte   0x1F, 0x01, 0x0F, 0x00, 0xF1, 0xF1,   -1, 0x01, 0x00, 0xF0, 0x1F, 0x01, 0xF1, 0x01, 0xF0, 0xF1
    .byte   0xF1, 0x00, 0x00, 0x0F, 0x11, 0xF0, 0x00, 0x00, 0x1F, 0x01, 0xF1, 0xF0, 0x00, 0x00, 0x00, 0x01
    .byte   0xF1, 0xF0, 0xF1, 0x00, 0xF1, 0x10, 0xF1,    0, 0x00, 0x00, 0x00, 0x1F, 0x00, 0xF1, 0x00, 0x00
    .byte   0x1F, 0xF1, 0x00, 0x0F, 0x10, 0xF1, 0x1F, 0xF1, 0x00, 0x00, 0x0F, 0x01, 0x00, 0x00, 0x00, 0xF1
    .byte   0x01, 0xF0, 0x00, 0x00, 0x1F, 0x00, 0x00, 0x00,    0, 0x01, 0xF0, 0x0F, 0x11, 0xF0, 0x00, 0x01
    .byte   0x0F, 0x00, 0x01, 0xF0, 0x10, 0xF1, 0xF0, 0x00, 0x00, 0x00, 0x00, 0x01, 0xF0, 0x1F, 0x1F, 0x0F
    .byte   0x1F, 0x10, 0xF0, 0x10, 0x00, 0x00, 0x0F, 0x10, 0xF1,    0, 0x0F, 0x10, 0x0F, 0x10, 0x00, 0x00
    .byte   0x00, 0x0F, 0x10, 0x00, 0x00, 0x00, 0x0F, 0x00, 0x00, 0x10, 0x00, 0x00, 0x00, 0xF1, 0x01, 0xF0
    .byte   0x01, 0x0F, 0x00, 0x00, 0x00, 0x0F, 0x10, 0x00, 0x00, 0x1F,    0, 0x00, 0x00, 0x1F, 0x1F, 0x00
    .byte   0x00, 0x0F, 0x10, 0x00, 0x01, 0xF0, 0x1F, 0x00, 0x1F, 0x01, 0xF0, 0x00, 0x00, 0x00, 0x1F, 0x01
    .byte   0xF1, 0x0F, 0x00, 0x00, 0x00, 0xF1, 0x00, 0x00, 0x00, 0x00, 0x00,    0, 0x00, 0x00, 0xF0, 0x10
    .byte   0xF0, 0x10, 0x01, 0x0F, 0x1F, 0x0F, 0x1F, 0x10, 0x00, 0x00, 0x0F, 0x11, 0xF0, 0x01, 0xF0, 0x01
    .byte   0xF0, 0x1F, 0x1F, 0xF1, 0x00, 0x00, 0x1F, 0x01, 0x0F, 0x00, 0x00, 0x00,   -1, 0x01, 0x1F, 0x00
    .byte   0x01, 0x0F, 0xF1, 0x00, 0x00, 0x00, 0xF1, 0x1F, 0x00, 0x1F, 0x00, 0xF1, 0x01, 0xF0, 0x00, 0x00
    .byte   0x1F, 0xF1, 0x00, 0x0F, 0x10, 0x1F, 0x00, 0x00, 0x01, 0xF0, 0x00, 0x00, 0x00,    0, 0x00, 0x00
    .byte   0xF1, 0x1F, 0x00, 0x00, 0x00, 0x01, 0xF0, 0x00, 0x0F, 0x10, 0x00, 0x1F, 0x0F, 0x10, 0x00, 0x1F
    .byte   0x00, 0x00, 0x00, 0x00, 0x00, 0x00, 0x00, 0x00, 0x00, 0x00, 0x00, 0x00, 0x00, 0x00,    0, 0x0F
    .byte   0x10, 0x01, 0xF0, 0x1F, 0x00, 0x00, 0x00, 0x00, 0x00, 0x00, 0x00, 0x00, 0x00, 0xF1, 0x01, 0xF0
    .byte   0x00, 0x1F, 0x00, 0x00, 0x0F, 0x1F, 0x10, 0x00, 0x00, 0x1F, 0x0F, 0x10, 0x1F, 0x1F, 0x00,    0
    .byte   0x01, 0xF0, 0x00, 0x01, 0xF0, 0x00, 0x00, 0x00, 0x01, 0xF0, 0x00, 0xF1, 0x01, 0xF0, 0x1F, 0x00
    .byte   0x00, 0x00, 0x1F, 0x01, 0xF0, 0x00, 0x00, 0x0F, 0x01, 0x01, 0xF0, 0xF0, 0x00, 0x10, 0x0F, 0x1F
    .byte      0, 0x00, 0x00, 0x00, 0x01, 0xF0, 0x00, 0x00, 0x00, 0xF1, 0x00, 0x00, 0x0F, 0x10, 0x00, 0x00
    .byte   0x00, 0x01, 0xFF, 0x11, 0xF0, 0x01, 0xF0, 0x0F, 0x11, 0xF0, 0x00, 0x00, 0x1F, 0x01, 0xF0, 0x00
    .byte   0x1F,    0, 0x00, 0x0F, 0x10, 0xF1, 0x00, 0xF1, 0x00, 0x1F, 0xF1, 0x01, 0xF1, 0xF0, 0x1F, 0x00
    .byte   0xF1, 0x00, 0x00, 0xF1, 0x0F, 0x10, 0x00, 0xF1, 0x01, 0xFF, 0x1F, 0x01, 0x00, 0x00, 0xF1, 0x00
    .byte   0x00, 0xF1,    1, 0x0F, 0x00, 0x00, 0x00, 0x00, 0x00, 0x1F, 0x00, 0x1F, 0x0F, 0x10, 0x00, 0x1F
    .byte   0x00, 0x1F, 0x1F, 0x10, 0xF0, 0x10, 0xF0, 0x1F, 0x00, 0x00, 0xF1, 0x1F, 0x00, 0x0F, 0x10, 0x0F
    .byte   0x00, 0x12, 0x0F,   -1, 0x00, 0xE0, 0x01, 0x23, 0x30, 0xEE, 0xEF, 0xDD, 0xF2, 0x23, 0x12, 0x1D
    .byte   0xD1, 0x11, 0x22, 0x1F, 0xDE, 0xEC, 0x66, 0xFB, 0xDF, 0xED, 0xC0, 0x33, 0x13, 0x12, 0x2F, 0x0E
    .byte   0xED, 0xEE, 0x22, 0x33,   11, 0x0C, 0xD2, 0x33, 0x1F, 0xDD, 0xDD, 0xE4, 0x4E, 0x14, 0x54, 0xDB
    .byte   0xBC, 0xF3, 0x31, 0x12, 0x1D, 0xDD, 0xF3, 0x44, 0x2E, 0xCC, 0xE2, 0x23, 0x43, 0x3E, 0xFC, 0xCD
    .byte   0x0F, 0xF2, 0x21, 0xF1, 0x12,    2, 0x03, 0x32, 0xFE, 0xDD, 0xDE, 0x23, 0x32, 0xEC, 0xCE, 0x14
    .byte   0x44, 0xEC, 0xCD, 0x13, 0x44, 0xFE, 0xDF, 0xEE, 0xE0, 0x21, 0x1E, 0x10, 0x11, 0x01, 0x10, 0x20
    .byte   0x0F, 0xE0, 0x11, 0x01, 0x11, 0xEF,   -3, 0x0F, 0x10, 0x21, 0x0E, 0xE0, 0x22, 0x11, 0x1E, 0xDF
    .byte   0x23, 0x20, 0xFE, 0xEE, 0x02, 0x21, 0x0E, 0xEE, 0x02, 0x22, 0x1F, 0xF0, 0xE1, 0x02, 0x0E, 0x00
    .byte   0xFF, 0xF0, 0xF0, 0x12, 0x12, 0xEF, 0xEF,   -4, 0x02, 0x3F, 0xEE, 0xEE, 0x00, 0x22, 0x30, 0xFD
    .byte   0xDF, 0x13, 0x22, 0x2E, 0xDE, 0x01, 0x22, 0x20, 0xEE, 0xFE, 0x11, 0x11, 0x22, 0x1E, 0xEE, 0xF0
    .byte   0x23, 0x1E, 0xEE, 0xEF, 0x23, 0x20, 0xED, 0xF0,   -1, 0x02, 0xF0, 0x0E, 0x11, 0xF0, 0x21, 0xF1
    .byte   0xFE, 0xE1, 0x11, 0x11, 0x00, 0xF0, 0x32, 0xDD, 0xD3, 0x33, 0x1D, 0xDD, 0x22, 0x22, 0x21, 0xEE
    .byte   0xDE, 0x12, 0x33, 0x3F, 0xED, 0xEE, 0xE0, 0x32, 0x2E,   -3, 0x0D, 0xE2, 0x23, 0x22, 0x00, 0xED
    .byte   0xEF, 0x23, 0x23, 0x2E, 0xDC, 0xC0, 0x33, 0x42, 0x2E, 0xCC, 0x02, 0x32, 0x33, 0x0D, 0xDE, 0xF0
    .byte   0x12, 0x32, 0xED, 0xDE, 0x12, 0x23, 0x21, 0xEE, 0xEF, 0xF1,   -3, 0x02, 0x22, 0xFE, 0xEE, 0xFF
    .byte   0x23, 0x1E, 0xED, 0xF2, 0x32, 0xEE, 0xF1, 0x12, 0x10, 0x0F, 0xEF, 0xDE, 0x23, 0x32, 0xEF, 0xDD
    .byte   0xF2, 0x33, 0x2E, 0xDD, 0xE0, 0x33, 0x22, 0xEF, 0xDD, 0xD1, 0x23,    7, 0x03, 0x2D, 0xDD, 0xD2
    .byte   0x33, 0x20, 0xFE, 0xDD, 0x12, 0x33, 0x2F, 0xDC, 0xD0, 0x34, 0x32, 0xED, 0xDE, 0x13, 0x22, 0x0D
    .byte   0xDF, 0x12, 0x32, 0xFE, 0xEE, 0x02, 0x10, 0x11, 0x00, 0xE0, 0x11, 0x0E,   -2, 0x00, 0x20, 0xF0
    .byte   0x1F, 0x0E, 0x00, 0x22, 0x1E, 0xE0, 0xF0, 0x10, 0x12, 0x20, 0xED, 0xE2, 0x22, 0x20, 0x0E, 0xEE
    .byte   0x02, 0x11, 0x11, 0x0E, 0xFF, 0x22, 0x10, 0xEE, 0xE1, 0x22, 0x21, 0x11, 0xDD,  -13, 0x02, 0x33
    .byte   0x3E, 0xDC, 0xE2, 0x23, 0x2E, 0xEE, 0xF3, 0x32, 0xED, 0xDE, 0x23, 0x32, 0xFC, 0xCD, 0x24, 0x53
    .byte   0xEC, 0xCC, 0x24, 0x43, 0x1C, 0xCE, 0x23, 0x32, 0xFD, 0xEF, 0x11, 0xFF, 0x10, 0x11,    2, 0x02
    .byte   0x21, 0xDD, 0xE1, 0x23, 0x3E, 0xED, 0xFF, 0x23, 0x1E, 0xED, 0x02, 0x31, 0x2E, 0xEF, 0xF1, 0x22
    .byte   0xEE, 0xEE, 0x02, 0x31, 0x0E, 0xE0, 0x12, 0x2F, 0xEE, 0xF0, 0x12, 0x2F, 0xEE, 0x0F, 0x22,    5
    .byte   0x0F, 0xEF, 0xE1, 0x20, 0xF0, 0x00, 0x20, 0xFF, 0xF1, 0x2F, 0xEE, 0xE0, 0x22, 0x2F, 0x0E, 0xE2
    .byte   0x22, 0x0F, 0xEE, 0xFE, 0x02, 0x22, 0x2F, 0xDE, 0xE2, 0x32, 0xFE, 0xDE, 0x03, 0x31, 0xFE, 0xD0
    .byte     -4, 0x02, 0x21, 0xFD, 0xE0, 0x23, 0x21, 0xED, 0xE0, 0x22, 0x22, 0x0D, 0xDE, 0x23, 0x32, 0xEE
    .byte   0xDF, 0x02, 0x22, 0xFE, 0xDF, 0x23, 0x21, 0xEE, 0xEE, 0x12, 0x22, 0x0E, 0xEE, 0x22, 0x21, 0xED
    .byte   0xEF,   -5, 0x03, 0x20, 0xDD, 0xF3, 0x32, 0x0E, 0xDE, 0x01, 0x32, 0x1E, 0xDD, 0x13, 0x31, 0xEE
    .byte   0xE1, 0x21, 0x0E, 0x00, 0x02, 0x21, 0x1E, 0xFE, 0x01, 0x00, 0xFE, 0x10, 0x22, 0xF1, 0x01, 0x1F
    .byte   0xEF, 0x11,    4, 0x00, 0xEF, 0xF2, 0x2F, 0xEE, 0xF0, 0x12, 0xFE, 0x0E, 0xF2, 0x20, 0xFE, 0xFF
    .byte   0x20, 0xFF, 0xFF, 0x10, 0x0F, 0xF1, 0x12, 0x20, 0xFF, 0x11, 0x20, 0x0E, 0x01, 0x22, 0x20, 0xEF
    .byte   0x01, 0x21, 0xFE,    7, 0x01, 0x22, 0x2E, 0xEE, 0x20, 0x1F, 0xEE, 0xE1, 0x21, 0xFE, 0xEE, 0x0F
    .byte   0xFE, 0xEE, 0xE0, 0xFE, 0xE1, 0x21, 0xEE, 0x11, 0x02, 0xFF, 0xEF, 0x13, 0x22, 0x13, 0x35, 0x32
    .byte   0x01, 0x34, 0x3E, 0xCD,   48, 0x03, 0xFD, 0xCD, 0xF2, 0x1E, 0xDD, 0xE2, 0x23, 0x0E, 0xE2, 0x32
    .byte   0xFD, 0xDF, 0xFE, 0xDD, 0xEF, 0xEF, 0xEF, 0xEE, 0x0F, 0x00, 0x0E, 0xF0, 0x00, 0xE0, 0xEE, 0xE1
    .byte   0x22, 0x23, 0x34, 0x54, 0x32,   52, 0x04, 0x40, 0xED, 0x12, 0xFD, 0xCD, 0xEE, 0xDD, 0xCE, 0xFE
    .byte   0xE0, 0x12, 0x32, 0x32, 0x22, 0x01, 0xFE, 0xED, 0xEE, 0xEE, 0xEE, 0xFF, 0xFF, 0xF0, 0x01, 0x11
    .byte   0x10, 0x01, 0x1F, 0xEE, 0xEE, 0xDD,  -56, 0x0E, 0xED, 0xE1, 0x23, 0x33, 0x45, 0x44, 0x33, 0x44
    .byte   0x30, 0xDF, 0x00, 0xDC, 0xDD, 0xDD, 0xDD, 0xDD, 0xF0, 0x11, 0x12, 0x33, 0x32, 0x22, 0x22, 0xFD
    .byte   0xEE, 0xEE, 0xED, 0xFE, 0x00, 0xEE, 0x12,  -11, 0x0F, 0x0E, 0x21, 0x1E, 0xFE, 0xFD, 0xEE, 0xEC
    .byte   0xDE, 0xF0, 0xE1, 0x23, 0x44, 0x55, 0x42, 0x35, 0x41, 0xDD, 0xF0, 0xEC, 0xCD, 0xEE, 0xED, 0xDE
    .byte   0xE1, 0x20, 0xF1, 0x33, 0x21, 0x12, 0x21, 0xFD,   10, 0x0E, 0xFE, 0xED, 0xE0, 0x22, 0xFF, 0x03
    .byte   0x10, 0xFE, 0xF1, 0xFE, 0xDE, 0xE1, 0xDD, 0xEE, 0xEE, 0xD0, 0xF0, 0x23, 0x33, 0x35, 0x63, 0x02
    .byte   0x44, 0x1D, 0xDE, 0xEE, 0xDD, 0xEE, 0xF1, 0x10, 0xEE,   17, 0x03, 0xED, 0xE2, 0x2E, 0xEE, 0xEF
    .byte   0xFF, 0xEE, 0xE0, 0x20, 0x0F, 0x13, 0x21, 0x10, 0x02, 0x0E, 0xEE, 0xEF, 0xEE, 0xED, 0xFF, 0x1E
    .byte   0xDE, 0x0E, 0xEE, 0xFE, 0xF1, 0x33, 0x31, 0x55, 0x41, 0x24,   63, 0x0F, 0xDF, 0xED, 0x00, 0xFE
    .byte   0xF1, 0x22, 0x1E, 0xEF, 0x0E, 0xDE, 0xEE, 0xD1, 0x1D, 0xE2, 0x2E, 0xD1, 0x11, 0x11, 0x01, 0x22
    .byte   0x21, 0x11, 0xF1, 0x0E, 0xEE, 0xE0, 0xEE, 0xED, 0x00, 0xEE, 0xDF,  -49, 0x0E, 0xEE, 0xF1, 0x12
    .byte   0x03, 0x34, 0x44, 0x23, 0x43, 0x2F, 0xF1, 0xE0, 0x20, 0xE0, 0x22, 0x1E, 0xEE, 0xEF, 0xED, 0xED
    .byte   0xF0, 0x1E, 0xED, 0x22, 0xEE, 0xDE, 0x11, 0x11, 0x00, 0x12, 0x22, 0xFF,   -2, 0x00, 0x1F, 0xFE
    .byte   0xF0, 0x1E, 0xEE, 0xEF, 0xEE, 0xDF, 0xEE, 0xEF, 0xEE, 0x20, 0x22, 0x23, 0x44, 0x04, 0x33, 0x3E
    .byte   0x22, 0xF2, 0x22, 0x11, 0x22, 0x1E, 0xEE, 0xED, 0xEF, 0xED, 0xEF, 0xFF, 0xEE,    5, 0x0E, 0xFE
    .byte   0xEE, 0xEF, 0x02, 0x00, 0x20, 0x2F, 0x0F, 0xFF, 0x02, 0x00, 0xF0, 0x1F, 0xFE, 0xEE, 0xDE, 0xFE
    .byte   0xEE, 0xEF, 0xEE, 0xFE, 0x0F, 0x22, 0x33, 0x33, 0x33, 0x33, 0x32, 0x33, 0x23, 0x23,   76, 0x02
    .byte   0x00, 0xFE, 0xED, 0xED, 0xEE, 0xED, 0xFE, 0xD0, 0xED, 0xEE, 0xEE, 0xEF, 0xE1, 0x01, 0x00, 0xF0
    .byte   0xF0, 0x01, 0x01, 0x12, 0x11, 0x1F, 0x0F, 0x0E, 0xEF, 0xEE, 0xFE, 0xEE, 0xEE, 0xFE, 0x01,  -54
    .byte   0x03, 0x33, 0x43, 0x33, 0x32, 0x32, 0x23, 0x23, 0x22, 0x20, 0xFF, 0xED, 0xED, 0xED, 0xEE, 0xEE
    .byte   0xEE, 0xFD, 0xEE, 0xDF, 0xFE, 0xFF, 0xE1, 0xFF, 0x0F, 0xFF, 0x11, 0x12, 0x12, 0x12, 0x00, 0xFF
    .byte    -14, 0x00, 0xE0, 0xEF, 0x0E, 0xEE, 0xEE, 0xDE, 0xE0, 0x11, 0x33, 0x33, 0x33, 0x32, 0x32, 0x22
    .byte   0x33, 0x33, 0x31, 0x20, 0xFE, 0xED, 0xED, 0xEE, 0xEE, 0xEE, 0xED, 0x0D, 0xEE, 0xE0, 0xEF, 0xFF
    .byte   0xEF,  -24, 0x0F, 0xFF, 0xF1, 0x02, 0x02, 0x01, 0x10, 0x01, 0x01, 0x00, 0x0E, 0x0E, 0xEE, 0xEE
    .byte   0xEE, 0xEE, 0xF0, 0x22, 0x33, 0x33, 0x33, 0x22, 0x32, 0x23, 0x33, 0x32, 0x22, 0x0E, 0x1D, 0xEE
    .byte   0xDE, 0xEE,   33, 0x0E, 0xEE, 0xDE, 0xEE, 0xEE, 0xFE, 0xFE, 0xE0, 0xEE, 0x1F, 0x01, 0x02, 0x12
    .byte   0x01, 0x11, 0x10, 0x01, 0x01, 0x0F, 0xFF, 0xEE, 0xFE, 0xED, 0xEE, 0xFF, 0x11, 0x33, 0x33, 0x32
    .byte   0x32, 0x23, 0x03,   39, 0x03, 0x33, 0x21, 0x20, 0xFE, 0xDF, 0xDE, 0xEE, 0xEE, 0xEE, 0xEE, 0xED
    .byte   0xFE, 0xEE, 0xFF, 0xEE, 0xFF, 0xE0, 0xF0, 0x02, 0xF2, 0xF1, 0x11, 0x11, 0x00, 0x11, 0x00, 0xFF
    .byte   0xFE, 0xE0, 0xDE, 0xEF,  -48, 0x0F, 0x11, 0x23, 0x33, 0x23, 0x31, 0x32, 0x22, 0x23, 0x33, 0x30
    .byte   0x2F, 0x1E, 0xEE, 0xDE, 0xEE, 0xED, 0xFE, 0xD0, 0xEE, 0xEE, 0xEE, 0xEF, 0xEE, 0xFF, 0xF0, 0x00
    .byte   0x11, 0x21, 0x11, 0x11, 0x11,  -15, 0x01, 0x00, 0x10, 0x0E, 0x0F, 0xEE, 0xEE, 0xEF, 0xEF, 0xF1
    .byte   0x23, 0x33, 0x23, 0x23, 0x22, 0x21, 0x23, 0x33, 0x20, 0x2F, 0xFF, 0xEE, 0xDE, 0xEE, 0xFE, 0xEE
    .byte   0xEE, 0xEE, 0xEE, 0xDF, 0xFF, 0x0E,  -24, 0x0F, 0xFF, 0xFF, 0xF0, 0x20, 0x21, 0x10, 0x20, 0x10
    .byte   0x1F, 0x01, 0x00, 0xFF, 0xFF, 0xEE, 0xFF, 0xEF, 0x12, 0x33, 0x23, 0x12, 0x31, 0x21, 0xF2, 0x32
    .byte   0x32, 0x12, 0xF0, 0x0E, 0xDE, 0xED, 0x0E,   20, 0x0F, 0xEE, 0xFE, 0xEE, 0xEE, 0xEE, 0x0E, 0x0F
    .byte   0xF0, 0x0F, 0xF0, 0x11, 0x11, 0x00, 0x21, 0x1F, 0xF0, 0x10, 0x1E, 0xE0, 0xEF, 0xEE, 0xE1, 0x34
    .byte   0x23, 0x12, 0x32, 0x22, 0xE0, 0x23, 0x33, 0x20,   58, 0x01, 0x00, 0xDD, 0xDD, 0xF0, 0xFE, 0xEF
    .byte   0xFF, 0xEE, 0xDD, 0xEF, 0xF0, 0xE0, 0xF0, 0x10, 0xE0, 0xFF, 0x21, 0x12, 0x22, 0x22, 0x21, 0x12
    .byte   0x11, 0x11, 0x02, 0x01, 0x00, 0xE0, 0xEE, 0xEE, 0x0E,  -12, 0x0F, 0xFF, 0xF0, 0x00, 0x20, 0x21
    .byte   0x22, 0x22, 0x22, 0x12, 0x21, 0x21, 0x11, 0x11, 0x1F, 0xFE, 0xFE, 0xFE, 0xFE, 0xEE, 0xE0, 0xDE
    .byte   0xED, 0xEE, 0xFD, 0xEE, 0xEF, 0xEE, 0x0E, 0x00, 0xF0, 0x22,  -49, 0x03, 0x42, 0x33, 0x33, 0x32
    .byte   0x23, 0x22, 0x33, 0x02, 0x0F, 0x0F, 0xDE, 0xDD, 0xED, 0xFE, 0xEE, 0xEE, 0xEE, 0xDD, 0xEE, 0xFF
    .byte   0xEF, 0x00, 0x01, 0x00, 0xF1, 0x02, 0x02, 0x22, 0x32, 0x22, 0x21,   11, 0x02, 0x02, 0x01, 0x21
    .byte   0x00, 0xFF, 0xFF, 0xFE, 0xEF, 0xEF, 0x0F, 0xFE, 0xFF, 0xE0, 0xEE, 0x0F, 0xF0, 0x11, 0x10, 0x11
    .byte   0x01, 0x02, 0x01, 0x20, 0x20, 0x20, 0x10, 0xFF, 0x0F, 0x0F, 0xFF, 0xF0,    1, 0x0F, 0x0F, 0xFF
    .byte   0x0E, 0x00, 0x0F, 0x00, 0x01, 0x10, 0x11, 0x01, 0x11, 0x10, 0x20, 0x12, 0x02, 0x10, 0x20, 0x11
    .byte   0x00, 0x1E, 0x10, 0xE0, 0x0E, 0xFE, 0xFF, 0xEE, 0xEF, 0xEF, 0xEF, 0xEF, 0xF0,  -29, 0x00, 0xEF
    .byte   0x0F, 0x00, 0xF1, 0x22, 0x32, 0x22, 0x23, 0x22, 0x3F, 0x2F, 0x23, 0x21, 0x1F, 0x0F, 0x0E, 0xEE
    .byte   0xDE, 0xFE, 0x0E, 0xFE, 0xFE, 0x0E, 0xEE, 0xEF, 0xE1, 0xF0, 0x1F, 0x01, 0x11, 0x00,  -19, 0x01
    .byte   0x21, 0x21, 0x20, 0x21, 0x11, 0x10, 0x01, 0x01, 0x0F, 0x00, 0x00, 0xF1, 0xF0, 0xF0, 0x00, 0x0F
    .byte   0x00, 0xF1, 0xFF, 0x00, 0xFF, 0x01, 0x00, 0x00, 0x0F, 0x00, 0xF1, 0xF0, 0x1F, 0x00, 0x10,   -2
    .byte   0x00, 0x0F, 0x10, 0xF1, 0x01, 0x00, 0x11, 0x10, 0x10, 0x01, 0x01, 0x10, 0xF1, 0x00, 0x0F, 0x10
    .byte   0xFF, 0xF0, 0xFF, 0x0F, 0xFF, 0x0F, 0x0F, 0x00, 0xF0, 0x01, 0x00, 0x0F, 0x01, 0x00, 0x00, 0x01
    .byte     -2, 0x01, 0x10, 0x01, 0x00, 0x00, 0x01, 0x00, 0x10, 0x10, 0x0F, 0x0F, 0x00, 0xF0, 0x00, 0x00
    .byte   0x0F, 0x0F, 0xFF, 0xF0, 0x00, 0x00, 0x00, 0x1F, 0x01, 0xF1, 0x01, 0x00, 0x01, 0x10, 0x00, 0x10
    .byte   0xF1,    0, 0x01, 0x00, 0x00, 0x00, 0x0F, 0x1F, 0x10, 0xF1, 0x0F, 0x1F, 0x00, 0xF0, 0x1F, 0x1F
    .byte   0x10, 0x00, 0x10, 0x10, 0x20, 0x0F, 0xE3, 0xD0, 0xE2, 0x11, 0xFE, 0x2E, 0x01, 0xE1, 0xD3, 0xD6
    .byte   0xFC, 0xEC,   -3, 0x00, 0x3D, 0x0D, 0x21, 0x2E, 0x1E, 0xF1, 0x13, 0xE3, 0xC3, 0xF3, 0xFF, 0xFE
    .byte   0x2D, 0x4D, 0x31, 0xD2, 0xE2, 0xE0, 0xEF, 0x1F, 0x22, 0xD3, 0xD1, 0x2D, 0x4C, 0x3E, 0x0F, 0x22
    .byte   0xE1, 0xE2, 0xF2,    2, 0x0E, 0x10, 0x02, 0x01, 0xEF, 0x11, 0x20, 0x1D, 0x2F, 0x02, 0xE2, 0xEE
    .byte   0x2E, 0x20, 0xE1, 0xF0, 0x20, 0xE3, 0xD2, 0xF1, 0x2E, 0x2D, 0x3D, 0x21, 0xF1, 0xE2, 0x1F, 0x2E
    .byte   0x00, 0xF1, 0xF2, 0xD3,   -5, 0x03, 0xE2, 0xE0, 0x2D, 0x3D, 0x3E, 0x01, 0x0F, 0x10, 0xF1, 0x1F
    .byte   0x00, 0xF0, 0x0F, 0x10, 0x1F, 0x10, 0x0F, 0xF1, 0xE2, 0xE2, 0xE2, 0xE3, 0xD2, 0x1E, 0x2D, 0x4C
    .byte   0x3F, 0xF2, 0xE1, 0x10, 0xE2,    0, 0x01, 0x1E, 0x2E, 0x2E, 0x2F, 0xF2, 0xD3, 0xD3, 0xD2, 0x2D
    .byte   0x3D, 0x3D, 0x3D, 0x3E, 0x2E, 0x12, 0xD3, 0xD3, 0xE1, 0xF1, 0x1E, 0x10, 0x10, 0xF2, 0xE1, 0xE3
    .byte   0xD2, 0x1E, 0x3D, 0x3D, 0x2F, 0xF1,   -2, 0x02, 0x0E, 0x2E, 0x2F, 0x0F, 0xF2, 0xD3, 0xD3, 0xE1
    .byte   0x0E, 0x3D, 0x3D, 0x3D, 0x21, 0xF2, 0xD4, 0xC3, 0xD3, 0xEF, 0x2D, 0x3D, 0x3E, 0x1F, 0x1F, 0x10
    .byte   0xF1, 0x1E, 0x21, 0xF0, 0xF0, 0xE3, 0xD3,    0, 0x0F, 0x2E, 0x2E, 0x2F, 0xE1, 0x01, 0xF1, 0x1E
    .byte   0x2E, 0x3E, 0x00, 0xE2, 0xD3, 0xE2, 0xE1, 0x10, 0x2D, 0x3D, 0x21, 0xE3, 0xE1, 0xE1, 0xF1, 0x2D
    .byte   0x3D, 0x21, 0x11, 0xF2, 0xD3, 0xD3, 0xEF, 0x2E,    3, 0x0E, 0x2E, 0x2E, 0xE3, 0xD3, 0xD3, 0xEE
    .byte   0x21, 0x1E, 0x3D, 0x2F, 0xF0, 0xF0, 0x01, 0xF2, 0xE1, 0x1F, 0x1F, 0x0F, 0x2E, 0x11, 0xF1, 0xF1
    .byte   0xE2, 0xF0, 0x1F, 0x10, 0xF1, 0xF0, 0x1F, 0xF2, 0xE1,    3, 0x0D, 0x3E, 0x0E, 0x3E, 0x2E, 0x0F
    .byte   0x00, 0xE3, 0xD3, 0xE2, 0xF1, 0xFE, 0x2E, 0x00, 0xF0, 0x2E, 0x2E, 0x2E, 0x2F, 0xF0, 0xF0, 0x01
    .byte   0x12, 0xD3, 0xD3, 0xE1, 0x1D, 0x3E, 0x1F, 0x2E, 0xF2, 0xE2,   -1, 0x02, 0xE0, 0xF1, 0xF0, 0x2F
    .byte   0x1E, 0x2D, 0x4C, 0x4C, 0x3E, 0x12, 0xE2, 0xD3, 0xD4, 0xC4, 0xC3, 0xD2, 0x3C, 0x4C, 0x4D, 0x22
    .byte   0xEE, 0x2E, 0x2F, 0xFF, 0xF2, 0xE3, 0xD2, 0xE1, 0x2E, 0x2F, 0xFF,    3, 0x0D, 0x3D, 0x3E, 0x2F
    .byte   0xF2, 0xD3, 0xD3, 0xD2, 0x11, 0xF2, 0xD2, 0xF1, 0xF1, 0xF1, 0x01, 0x1F, 0x2D, 0x3D, 0x3D, 0x20
    .byte   0xE2, 0x01, 0x11, 0xD3, 0xD3, 0xD3, 0x0D, 0x3E, 0x22, 0xD2, 0xE2, 0xE2,    0, 0x00, 0x0F, 0x1F
    .byte   0x2E, 0x2D, 0x3E, 0x02, 0xD3, 0xFE, 0x2E, 0x20, 0xF0, 0xE2, 0xE1, 0x1F, 0x2E, 0x2E, 0x2E, 0x11
    .byte   0xF2, 0xD3, 0xD3, 0xE1, 0x00, 0x11, 0xFF, 0x2D, 0x3D, 0x3D, 0x3E, 0x10, 0xE3,   -4, 0x03, 0xD2
    .byte   0x01, 0x1E, 0x2D, 0x3E, 0x12, 0xD3, 0xE1, 0xF2, 0xEF, 0x1E, 0x3E, 0x12, 0xD3, 0xE1, 0xFE, 0x1E
    .byte   0x20, 0x1F, 0x3D, 0x3E, 0xE1, 0xFF, 0xF2, 0xE3, 0xE1, 0xE2, 0xE1, 0xE1, 0x2D, 0x4C,    8, 0x0E
    .byte   0xF1, 0xD3, 0xD3, 0xC4, 0xC4, 0xE2, 0x1D, 0x4B, 0x5B, 0x5B, 0x4E, 0x02, 0xE3, 0xC4, 0xC4, 0xC3
    .byte   0xE1, 0xF2, 0x0F, 0x2E, 0x2E, 0x2E, 0x2D, 0x2F, 0x02, 0xE2, 0xE2, 0xE1, 0xFF, 0x02, 0xE3,    5
    .byte   0x0E, 0x3C, 0x3E, 0x3C, 0x3E, 0xF2, 0xD4, 0xB5, 0xC4, 0xE2, 0xEE, 0x1D, 0x4C, 0x4D, 0x2D, 0x4D
    .byte   0x3D, 0xD3, 0xD4, 0xD1, 0xE2, 0x01, 0x3D, 0x2F, 0xE1, 0x1E, 0x2F, 0xD4, 0xD3, 0xEE, 0x2D, 0x3D
    .byte      1, 0x0D, 0x3D, 0x33, 0xC4, 0xC3, 0xD4, 0xC3, 0xEF, 0x3D, 0x3C, 0x4B, 0x5D, 0x20, 0x00, 0xF3
    .byte   0xC3, 0xC4, 0xD4, 0xD2, 0xEE, 0x3D, 0x3D, 0x2E, 0xF0, 0x20, 0x10, 0xD4, 0xC4, 0xEE, 0x1D, 0x4D
    .byte   0x3E,   -6, 0x01, 0x11, 0x3F, 0xE1, 0xD3, 0xF3, 0xDE, 0x2C, 0x5D, 0x2E, 0xF0, 0xE4, 0xD0, 0xD1
    .byte   0xE3, 0xFF, 0x3D, 0x2F, 0x2E, 0x2D, 0x11, 0xE3, 0xEF, 0x2E, 0x2E, 0x10, 0x00, 0x2F, 0xD4, 0xC3
    .byte   0xFE, 0x3D,    4, 0x0E, 0x2E, 0xF1, 0xE2, 0xD2, 0x4C, 0x3E, 0xE4, 0xC3, 0xD1, 0x11, 0x2E, 0x2E
    .byte   0x12, 0xE1, 0xF1, 0xE2, 0xE2, 0x02, 0xD1, 0xF0, 0x3D, 0x3E, 0x0F, 0x2F, 0x2D, 0xF3, 0xD2, 0x1D
    .byte   0x22, 0xD4, 0xEF,   -1, 0x0D, 0x23, 0xE1, 0xEF, 0x31, 0x2E, 0xEE, 0x2E, 0x3E, 0xEE, 0xF2, 0x3E
    .byte   0xE2, 0xD3, 0xE2, 0x1E, 0xE1, 0x22, 0x1E, 0xE1, 0xF2, 0x20, 0xED, 0x01, 0x3F, 0x2D, 0xE2, 0x32
    .byte   0xFD, 0xE2, 0xE3, 0xFF,   -3, 0x0F, 0xF0, 0x30, 0x2D, 0xFF, 0x22, 0xE1, 0xEE, 0x22, 0x22, 0xDF
    .byte   0xE0, 0x22, 0xEE, 0xEE, 0x4F, 0x2E, 0xD2, 0xF2, 0x20, 0xEF, 0xF2, 0x2F, 0xFF, 0xD0, 0x01, 0x2F
    .byte   0xE0, 0xF3, 0x2F, 0xFE, 0xFF,    2, 0x01, 0xFE, 0xE2, 0x22, 0xEF, 0xF0, 0xF2, 0xEE, 0x0E, 0x22
    .byte   0x2F, 0x0F, 0x10, 0x02, 0xEE, 0xE1, 0x22, 0xFF, 0xFF, 0x22, 0xE0, 0xDF, 0x22, 0x11, 0xE0, 0x10
    .byte   0x21, 0xFE, 0xEF, 0x2F, 0x20, 0xE0,   -4, 0x02, 0x12, 0xEF, 0xEE, 0x22, 0x1F, 0xFE, 0x22, 0x21
    .byte   0xEF, 0xEF, 0x11, 0x0E, 0xE0, 0x23, 0x00, 0xEF, 0xF0, 0x10, 0xFE, 0x12, 0x21, 0x00, 0xEF, 0x11
    .byte   0x0E, 0xE1, 0x11, 0x11, 0xF2, 0xEF, 0x20,    1, 0x0F, 0x02, 0x1E, 0x00, 0xF0, 0xF1, 0xFE, 0xF0
    .byte   0x20, 0x2F, 0x10, 0xF1, 0x11, 0x0E, 0xF0, 0x10, 0x10, 0x0F, 0xF1, 0x11, 0xFF, 0xFF, 0x00, 0x01
    .byte   0xFF, 0x11, 0x0F, 0x0F, 0x10, 0xF0, 0x2E, 0xE1,   -3, 0x02, 0x1F, 0x1F, 0x01, 0x1F, 0xFE, 0xE1
    .byte   0x21, 0x11, 0x02, 0xE2, 0x2E, 0xFE, 0x02, 0x10, 0x00, 0xE0, 0xF1, 0x10, 0xE0, 0x01, 0x2F, 0x1F
    .byte   0x0F, 0x00, 0x11, 0xF0, 0xF1, 0x0F, 0x1F, 0x0F, 0xEF,   -4, 0x0F, 0xFF, 0xF0, 0x11, 0x11, 0x0E
    .byte   0xE0, 0x1F, 0xEE, 0xE1, 0x12, 0x30, 0xEE, 0x03, 0xF1, 0xF2, 0x12, 0x33, 0x32, 0x22, 0x22, 0xEF
    .byte   0xFE, 0xDD, 0xE2, 0xEE, 0x20, 0x12, 0xF2, 0x1D, 0xEF, 0xFE,   -1, 0x0E, 0xEF, 0xEE, 0x0E, 0xEE
    .byte   0xE0, 0xEF, 0xFE, 0xFF, 0x00, 0x1F, 0xFE, 0xE1, 0x33, 0x23, 0x45, 0x34, 0x23, 0x3D, 0x0E, 0xED
    .byte   0xCD, 0xDE, 0xEF, 0x03, 0x21, 0x23, 0x2F, 0x01, 0xFE, 0xDE, 0xEE,   -3, 0x0F, 0xFF, 0xEF, 0x12
    .byte   0x11, 0x12, 0x11, 0x22, 0x1F, 0xEE, 0x00, 0xFE, 0xFF, 0xEE, 0xF1, 0xFE, 0xFE, 0x10, 0xE0, 0x10
    .byte   0xEE, 0xEE, 0xFF, 0xDE, 0x01, 0x43, 0x45, 0x34, 0x33, 0x3E, 0xED, 0xDC,   11, 0x0C, 0xD2, 0xF0
    .byte   0x21, 0x33, 0x32, 0x22, 0x01, 0xEF, 0xDD, 0xED, 0x0E, 0xEF, 0x0F, 0x22, 0x21, 0x02, 0x22, 0xF2
    .byte   0x1F, 0xEE, 0xFE, 0xFD, 0xEF, 0xFF, 0xF0, 0x2F, 0xFF, 0xF1, 0xEE, 0xEE, 0xD1,  -39, 0x0E, 0xED
    .byte   0xE2, 0x33, 0x34, 0x54, 0x44, 0x22, 0xFD, 0xDC, 0xCC, 0xCE, 0xF2, 0x11, 0x33, 0x43, 0x30, 0x2E
    .byte   0xEE, 0xED, 0xDD, 0xDE, 0x1F, 0x01, 0x22, 0x21, 0x21, 0x20, 0x21, 0x0E, 0xF0, 0x0E,    2, 0x0E
    .byte   0xEE, 0xF2, 0xFE, 0x01, 0x12, 0x1F, 0xEE, 0xE0, 0xEE, 0xEE, 0xEE, 0x1E, 0xDE, 0x23, 0x32, 0x45
    .byte   0x54, 0x31, 0x11, 0xDD, 0xCC, 0xCC, 0xF2, 0x20, 0x23, 0x44, 0x23, 0xFE, 0xEF, 0xED, 0xDC,  -11
    .byte   0x0F, 0x00, 0x00, 0x12, 0x23, 0x2E, 0x10, 0x21, 0xF0, 0xEF, 0xF0, 0x11, 0xDE, 0xE1, 0x1E, 0x10
    .byte   0x1F, 0x22, 0xFE, 0xEF, 0x1E, 0xEE, 0xEE, 0xEE, 0x1E, 0xDE, 0x02, 0x42, 0x34, 0x45, 0x42, 0x20
    .byte     55, 0x0D, 0xDC, 0xDC, 0xDE, 0x22, 0x22, 0x33, 0x42, 0x2F, 0xFE, 0xEE, 0xDD, 0xDE, 0xE0, 0x1F
    .byte   0x01, 0x22, 0x21, 0x0E, 0x02, 0x11, 0xF0, 0x2F, 0xEE, 0x01, 0xEE, 0xE2, 0xFE, 0x00, 0x2F, 0xE0
    .byte   0x11,  -13, 0x0E, 0xFE, 0xEE, 0xE0, 0xDE, 0xE1, 0x00, 0x21, 0x43, 0x34, 0x53, 0x21, 0x12, 0xDE
    .byte   0xDD, 0xDC, 0x02, 0x21, 0x12, 0x33, 0x13, 0x1F, 0xFE, 0xF0, 0xDD, 0xDE, 0xFF, 0xF0, 0xF0, 0x21
    .byte   0x22, 0xFF,    2, 0x02, 0x0F, 0x20, 0x01, 0xFE, 0x1D, 0xEE, 0xE2, 0xFE, 0x2F, 0x11, 0x01, 0x0E
    .byte   0xEE, 0xEF, 0xEF, 0xFE, 0xEE, 0xF2, 0x2F, 0xE2, 0x34, 0x33, 0x33, 0x32, 0x21, 0xEE, 0xEE, 0xED
    .byte   0xFE, 0x2F, 0x02,   18, 0x02, 0x0F, 0x12, 0xFF, 0xFF, 0xEE, 0xD1, 0x0E, 0xFF, 0xF1, 0xE0, 0x21
    .byte   0x10, 0xE2, 0x12, 0x21, 0x1E, 0xEF, 0x0F, 0xEE, 0xDF, 0x01, 0x21, 0xFE, 0x02, 0x1E, 0xEE, 0xEE
    .byte   0xEF, 0xFE, 0xE1, 0x11,  -39, 0x0F, 0x32, 0x22, 0x23, 0x03, 0x42, 0x2F, 0x02, 0xF0, 0xF0, 0xED
    .byte   0x00, 0x3E, 0xFE, 0x02, 0x01, 0x1E, 0xEF, 0x22, 0xEE, 0xE0, 0x0F, 0xF2, 0xEE, 0xF1, 0x02, 0xE1
    .byte   0x2F, 0x11, 0x12, 0xEF, 0xFF,    2, 0x0E, 0xFF, 0xEE, 0xF1, 0x0F, 0xF1, 0x0E, 0x0F, 0xFE, 0xDE
    .byte   0x01, 0x0E, 0x00, 0x21, 0x11, 0x2F, 0x12, 0x02, 0x22, 0x23, 0x33, 0x20, 0x02, 0x2F, 0xF0, 0xEF
    .byte   0xE1, 0x2E, 0xFF, 0x02, 0x0E, 0x2E,   17, 0x01, 0x02, 0xEF, 0xFE, 0xF1, 0xF0, 0xEF, 0xE0, 0x1F
    .byte   0x1F, 0x01, 0x21, 0x00, 0x10, 0xEE, 0xFF, 0xEE, 0x00, 0xEF, 0x10, 0xFE, 0xFF, 0x00, 0xE0, 0xFE
    .byte   0x0F, 0x00, 0xE0, 0x11, 0x2F, 0x01, 0x12,  -18, 0x00, 0x20, 0x13, 0x12, 0x02, 0x33, 0x0E, 0xFF
    .byte   0x21, 0x21, 0xEE, 0xE3, 0x11, 0xFF, 0x0F, 0xF0, 0x1F, 0xE0, 0x10, 0xFE, 0x00, 0x1F, 0xF0, 0xE0
    .byte   0xE0, 0xFF, 0x01, 0xFF, 0xF0, 0x20, 0xFE, 0xFE,   -5, 0x0F, 0xFF, 0xEE, 0x11, 0x00, 0xEF, 0x00
    .byte   0x0F, 0xFE, 0xF1, 0x1F, 0xFF, 0xF0, 0x22, 0x1E, 0xE1, 0x32, 0x01, 0xFF, 0x13, 0x30, 0xDE, 0x23
    .byte   0x32, 0xEF, 0xE1, 0x33, 0xEE, 0xD1, 0x22, 0x30, 0xFD,   14, 0x02, 0x21, 0xFE, 0xE0, 0x22, 0x1E
    .byte   0xDF, 0x22, 0xEE, 0xE0, 0xE2, 0x21, 0xEE, 0xF1, 0x1F, 0xFE, 0xFF, 0x01, 0x0E, 0x0E, 0x00, 0xF0
    .byte   0xFE, 0xF1, 0x2F, 0x0E, 0x0F, 0x01, 0x00, 0xF0, 0x01, 0x10,  -17, 0x01, 0x2F, 0xF1, 0x10, 0x21
    .byte   0xF1, 0x01, 0x11, 0x21, 0x1F, 0x01, 0x21, 0x01, 0x01, 0x22, 0xE0, 0x01, 0x11, 0x0E, 0xFF, 0x20
    .byte   0xF0, 0xFF, 0x10, 0x20, 0x1E, 0xE1, 0x01, 0xED, 0x21, 0x11, 0x0E,    6, 0x0F, 0x0F, 0xFF, 0xFE
    .byte   0xEF, 0x22, 0x0F, 0x01, 0x10, 0x1D, 0xFF, 0xF2, 0x11, 0x1F, 0xF0, 0x22, 0xDE, 0x0E, 0x12, 0x10
    .byte   0xEF, 0x22, 0x21, 0xEE, 0x0E, 0x31, 0xEF, 0xFE, 0x3E, 0x32, 0xD0, 0xD3,   -6, 0x02, 0x1E, 0x20
    .byte   0x03, 0x01, 0xD1, 0xE2, 0x2E, 0x3C, 0x3E, 0x11, 0x3E, 0x12, 0xD3, 0xEE, 0x30, 0xC3, 0xD3, 0x0E
    .byte   0x3D, 0x3C, 0x31, 0xD4, 0xB4, 0xE1, 0x21, 0xE2, 0xFE, 0x3D, 0x3D, 0x2D, 0x20,   -9, 0x04, 0xC3
    .byte   0x0E, 0x3E, 0xE2, 0xE0, 0x2E, 0x3E, 0xF2, 0xD3, 0xEE, 0x2D, 0x12, 0xD4, 0xEE, 0x2E, 0xF2, 0x1D
    .byte   0x3D, 0x30, 0x0F, 0x3C, 0x23, 0xB5, 0xD1, 0x1E, 0x20, 0x3D, 0x3D, 0x02, 0xE3, 0xC2,   -2, 0x0E
    .byte   0x04, 0xC3, 0x1D, 0x3D, 0x30, 0xEF, 0x2E, 0x21, 0xF0, 0xE0, 0x20, 0xE2, 0xD2, 0x1F, 0x3D, 0x3E
    .byte   0x10, 0xF2, 0xE1, 0xD2, 0x11, 0x0F, 0x01, 0xF0, 0x3D, 0x2E, 0x10, 0x2E, 0x21, 0xD3, 0xFE,    9
    .byte   0x0D, 0xF0, 0xF1, 0xFF, 0x01, 0xE3, 0xE2, 0xE3, 0xDE, 0x3C, 0x5C, 0x3D, 0x22, 0xD2, 0xD2, 0xE3
    .byte   0xE1, 0x2E, 0x2D, 0x2F, 0x2E, 0x10, 0xF3, 0xD3, 0xD3, 0xD2, 0x2D, 0x3D, 0x3D, 0x30, 0xD3, 0xD3
    .byte     -2, 0x02, 0xF1, 0xE0, 0x2E, 0x2E, 0x20, 0x12, 0xE1, 0xFE, 0x1F, 0x10, 0xE3, 0xE2, 0xF1, 0xF1
    .byte   0xEE, 0x3E, 0x10, 0x1E, 0x2D, 0x3F, 0xD4, 0xC4, 0xEE, 0x0F, 0xEE, 0x3D, 0x3F, 0x02, 0xE1, 0xEF
    .byte   0xFF,   -7, 0x03, 0xE2, 0xF2, 0xE0, 0xFE, 0x2E, 0x11, 0x2D, 0x2F, 0x12, 0xE1, 0xE2, 0x10, 0xF1
    .byte   0xE2, 0xF2, 0xE2, 0x2D, 0x3D, 0x2F, 0xE2, 0xE1, 0xF2, 0xF2, 0x2D, 0x3E, 0xE2, 0xEF, 0x01, 0xF3
    .byte   0xE1, 0xFE,    6, 0x0D, 0x20, 0xFF, 0x01, 0x12, 0xE2, 0xEF, 0x1F, 0x0F, 0x0E, 0x3F, 0x20, 0xD2
    .byte   0xEF, 0xF2, 0x0E, 0x2D, 0x4E, 0x01, 0xD2, 0xD3, 0xE2, 0xFE, 0x3D, 0x4D, 0x1F, 0xEF, 0xF1, 0xF0
    .byte   0xF2, 0x02, 0x2E,    7, 0x0D, 0x2E, 0xE1, 0xE3, 0xE3, 0xE0, 0x2E, 0x1E, 0x2D, 0x21, 0xF2, 0x00
    .byte   0xE2, 0x1E, 0x3D, 0xF2, 0xF2, 0xE3, 0xD2, 0xEF, 0x3D, 0x3D, 0x20, 0x1E, 0x11, 0xD3, 0xD3, 0xE2
    .byte   0x1E, 0x2F, 0x2D, 0x3D,    1, 0x01, 0xF0, 0xE1, 0xE2, 0xF2, 0xE2, 0x1E, 0x2F, 0x1E, 0x2F, 0x11
    .byte   0xE1, 0xE0, 0xF2, 0x1E, 0x3D, 0x22, 0xE1, 0xE1, 0x2F, 0xE3, 0xD1, 0x2D, 0x21, 0xE2, 0x2E, 0x3D
    .byte   0x2E, 0xF2, 0xE2, 0xE3, 0xE3,    1, 0x02, 0x1D, 0x2E, 0x2E, 0xF2, 0x0E, 0x3E, 0x00, 0xF0, 0x11
    .byte   0xE2, 0xE3, 0xE2, 0xE1, 0xE2, 0xE0, 0x1D, 0x3E, 0x2E, 0x3D, 0x21, 0xE2, 0x01, 0xE2, 0xD2, 0xF0
    .byte   0x20, 0x0F, 0x1F, 0x2D, 0x3E, 0xE2,   -1, 0x0E, 0x2F, 0xF2, 0xE3, 0xE0, 0xE2, 0xD3, 0x1D, 0x3D
    .byte   0x3F, 0xE3, 0xD1, 0x10, 0x02, 0xD2, 0x2D, 0x3F, 0xE2, 0xFE, 0x3D, 0x22, 0xD3, 0xEE, 0x2E, 0x20
    .byte   0x1F, 0x2D, 0x20, 0xE3, 0xD2, 0x11, 0x11,   -4, 0x01, 0x10, 0x10, 0x02, 0xE2, 0xF1, 0x1D, 0x3D
    .byte   0x3E, 0xF0, 0xF0, 0x02, 0xF0, 0xE0, 0xF2, 0xF1, 0xFE, 0x3E, 0x20, 0xE0, 0xF2, 0xE2, 0xE0, 0xFE
    .byte   0x3E, 0x2E, 0x1E, 0x02, 0xF2, 0xE2, 0xF1, 0x1E,    5, 0x0E, 0xFF, 0xE2, 0xF1, 0x01, 0xE2, 0x0F
    .byte   0x3D, 0x10, 0x1F, 0x00, 0xF1, 0xF1, 0x11, 0x11, 0xE1, 0xFE, 0x2E, 0x21, 0x0F, 0x1F, 0xF3, 0xD1
    .byte   0xFF, 0x2E, 0x2E, 0x2D, 0x3F, 0xF2, 0xD3, 0xE1, 0x01,   -2, 0x00, 0x1F, 0x20, 0xE2, 0xE2, 0x1F
    .byte   0x0E, 0xF0, 0x11, 0x01, 0x1E, 0x3D, 0x2F, 0xF0, 0xF2, 0xF2, 0xE2, 0xEF, 0x0F, 0x0F, 0x1E, 0x21
    .byte   0x21, 0xD3, 0xD2, 0xF0, 0xF2, 0xE2, 0x2E, 0x1E, 0x1D, 0x4C,    3, 0x0E, 0x11, 0xE2, 0xF2, 0xD3
    .byte   0xD2, 0x2E, 0x00, 0xF2, 0xF0, 0x0F, 0x1F, 0x2E, 0x1E, 0x01, 0x11, 0x0F, 0x01, 0x00, 0x0E, 0x21
    .byte   0xF2, 0xE0, 0xF1, 0x02, 0x0D, 0x3D, 0x2F, 0x1F, 0xF1, 0xF3, 0xE2,   -4, 0x02, 0x1E, 0x20, 0x1E
    .byte   0x2E, 0x3D, 0x20, 0xE2, 0xE2, 0xFE, 0x2E, 0x2E, 0x3F, 0xE2, 0xD3, 0xEE, 0x12, 0xD3, 0xE2, 0x1D
    .byte   0x3D, 0x3D, 0x3D, 0x3D, 0x31, 0xD3, 0xC5, 0xB5, 0xB4, 0xEE, 0x4B, 0x5B,    8, 0x0C, 0x4C, 0x30
    .byte   0xD4, 0xC4, 0xC4, 0xC3, 0xFE, 0x3D, 0x3C, 0x5B, 0x5C, 0xF3, 0xC4, 0xD2, 0xE3, 0xD3, 0xD2, 0x2D
    .byte   0x3C, 0x5C, 0x20, 0xE0, 0x2E, 0x2E, 0x2F, 0xE3, 0xC5, 0xB3, 0x3C, 0x31, 0xE1,    3, 0x0D, 0x3F
    .byte   0xE2, 0xE2, 0xE1, 0x2E, 0x3C, 0x3F, 0xF2, 0xE2, 0xE1, 0x02, 0xD3, 0xEF, 0x2E, 0x10, 0xF1, 0x00
    .byte   0x01, 0xF0, 0x1E, 0x2F, 0x00, 0x1E, 0x2F, 0xF2, 0xE1, 0xFF, 0x2E, 0x11, 0xF2, 0xE1,    0, 0x00
    .byte   0x1F, 0x01, 0xF0, 0xF0, 0x10, 0x10, 0xF0, 0x00, 0xF1, 0x0F, 0x1F, 0x10, 0x00, 0x1F, 0x1F, 0x01
    .byte   0xF0, 0x10, 0xF0, 0x00, 0x01, 0xF0, 0x00, 0x01, 0x0F, 0x00, 0x00, 0x00, 0xF1, 0xF1, 0x1F,    0
    .byte   0x00, 0x00, 0x1F, 0x00, 0x01, 0xF0, 0x00, 0x00, 0x00, 0x0F, 0x10, 0x0F, 0x10, 0x0F, 0x11, 0xF0
    .byte   0x00, 0x00, 0x00, 0x00, 0x00, 0x00, 0x00, 0xF1, 0x00, 0x00, 0x1F, 0x00, 0x0F, 0x11, 0xF0, 0x00
    .byte      0, 0x00, 0x00, 0x00, 0x0F, 0x10, 0x00, 0x0F, 0x10, 0x01, 0xF1, 0xF0, 0xF1, 0x01, 0xF0, 0x00
    .byte   0x1F, 0xF1, 0x00, 0x1F, 0x01, 0xF0, 0x1F, 0x00, 0x00, 0x00, 0x01, 0xF0, 0x00, 0x00, 0x0F, 0x11
    .byte   0xF1,    0, 0x00, 0x00, 0xF1, 0x00, 0x00, 0x00, 0x00, 0x00, 0x00, 0x01, 0x00, 0xF0, 0x00, 0x00
    .byte   0x00, 0x00, 0x00, 0xF1, 0x01, 0xF1, 0x00, 0xF0, 0x00, 0x01, 0xF0, 0x00, 0x00, 0x1F, 0x10, 0xF0
    .byte   0xF1, 0x01,    0, 0x00, 0x0F, 0x10, 0xF1, 0x00, 0x00, 0x1F, 0x1F, 0x1F, 0x01, 0xF0, 0x1F, 0x00
    .byte   0xF1, 0x01, 0xF0, 0x00, 0x00, 0x00, 0x00, 0x00, 0x1F, 0x10, 0xF0, 0x0F, 0x10, 0x00, 0x00, 0x1F
    .byte   0x00, 0x00, 0x00,    0, 0x01, 0xF1, 0xFF, 0x10, 0x00, 0x00, 0x00, 0x00, 0x0F, 0x1F, 0x10, 0xF1
    .byte   0xF1, 0x10, 0xF1, 0xF0, 0x00, 0x01, 0x0F, 0x00, 0x00, 0x00, 0x0F, 0x11, 0xF1, 0xF1, 0xF0, 0x00
    .byte   0x0F, 0x11, 0x0F, 0x01,    0, 0x00, 0x00, 0x00, 0x00, 0x00, 0x1F, 0x0F, 0x11, 0xF0, 0x00, 0xF1
    .byte   0x00, 0x1F, 0x00, 0x1F, 0x00, 0x0F, 0x10, 0x01, 0xF0, 0x01, 0xF0, 0x00, 0x1F, 0x00, 0x00, 0xF1
    .byte   0x00, 0x1F, 0x1F, 0xF1, 0x01,    0, 0x00, 0x00, 0xF1, 0x00, 0x00, 0x00, 0x00, 0x1F, 0x00, 0x00
    .byte   0xF1, 0x00, 0x1F, 0x00, 0x00, 0x1F, 0x00, 0x00, 0x0F, 0x1F, 0x10, 0x00, 0x00, 0x01, 0xF0, 0x1F
    .byte   0x00, 0x00, 0x00, 0x00, 0x01, 0xFF,    0, 0x00, 0x1F, 0x00, 0x00, 0x1F, 0x00, 0x00, 0x00, 0x00
    .byte   0x00, 0x00, 0x00, 0x00, 0x1F, 0x00, 0x0F, 0x10, 0x00, 0x00, 0xF1, 0x00, 0x00, 0x0F, 0x10, 0x01
    .byte   0x0F, 0x00, 0x00, 0x00, 0x01, 0xFF, 0x1F,    1, 0x0F, 0x00, 0x00, 0x00, 0x00, 0x01, 0xF0, 0x00
    .byte   0xF1, 0x00, 0xF1, 0xF1, 0x1F, 0xF1, 0x00, 0x00, 0x1F, 0x00, 0x00, 0x1F, 0x00, 0x00, 0x1F, 0xF1
    .byte   0xF1, 0xF1, 0x00, 0x1F, 0x1F, 0x00, 0x00, 0x00,    0, 0x01, 0xF0, 0x00, 0x1F, 0x1F, 0x00, 0x01
    .byte   0xF1, 0xF0, 0xF1, 0x00, 0x0F, 0x00, 0x10, 0x00, 0xF1, 0x00, 0x00, 0x00, 0x00, 0x0F, 0x1F, 0x01
    .byte   0x00, 0x00, 0x00, 0x0F, 0x10, 0x00, 0xF1, 0x1F, 0x00,    0, 0x01, 0xFF, 0x01, 0x00, 0x01, 0xF0
    .byte   0x00, 0x00, 0xFF, 0x11, 0x11, 0x11, 0x22, 0x1D, 0xDD, 0xF2, 0x22, 0x12, 0x13, 0x2D, 0xDC, 0x02
    .byte   0x23, 0x03, 0x42, 0x2E, 0xDE, 0xBD, 0xD3, 0x12, 0x3F, 0x4E,    6, 0x01, 0xC1, 0xDE, 0x42, 0xE2
    .byte   0x32, 0xD5, 0xDB, 0x59, 0x6B, 0xE5, 0xA6, 0xB5, 0xFD, 0x4C, 0x5A, 0x5E, 0xD5, 0xB6, 0xA4, 0x59
    .byte   0x6B, 0xD4, 0xA6, 0xCD, 0x6A, 0x5F, 0xC5, 0xB5, 0xD2, 0x2A, 0x7B,  -12, 0x07, 0x95, 0xCC, 0x79
    .byte   0x53, 0xA5, 0xC5, 0xCD, 0x6A, 0x50, 0xC5, 0xDB, 0x4C, 0x35, 0x97, 0xCD, 0x3E, 0x23, 0xDE, 0x0C
    .byte   0x6B, 0x3E, 0x4D, 0xD4, 0xA5, 0xD1, 0xC3, 0x3D, 0x4E, 0x1E, 0x00, 0x22,    7, 0x0D, 0xFF, 0x22
    .byte   0x11, 0xD1, 0xFE, 0x3E, 0xEE, 0xD4, 0x30, 0x00, 0xE1, 0xFF, 0x4B, 0xE1, 0x23, 0xF2, 0xEE, 0xE2
    .byte   0x21, 0xFD, 0xF2, 0x23, 0xE1, 0xD1, 0x20, 0x00, 0xDE, 0xE3, 0x41, 0xDE, 0x02,    1, 0x01, 0x0E
    .byte   0xEF, 0x12, 0x3E, 0xF0, 0xE1, 0x00, 0xF1, 0xE0, 0x22, 0x2F, 0xEF, 0x1E, 0x11, 0xF0, 0xE2, 0x2F
    .byte   0x1F, 0xEF, 0x01, 0x11, 0xF2, 0xF0, 0x12, 0x0D, 0xFE, 0x21, 0x11, 0x10, 0xF2, 0x02,    5, 0x0E
    .byte   0xEE, 0x10, 0x21, 0x21, 0x00, 0xF0, 0xFF, 0x1E, 0xE0, 0x02, 0x11, 0x2F, 0x01, 0x0E, 0xFF, 0xE1
    .byte   0x12, 0x0F, 0x2F, 0x2F, 0x0F, 0xFF, 0xEE, 0xE1, 0x30, 0xE1, 0x13, 0x2E, 0x1D, 0xEF, 0x10,   -2
    .byte   0x02, 0xF0, 0x11, 0x2E, 0xE1, 0x0F, 0xEE, 0x12, 0x22, 0x0F, 0x00, 0x01, 0xE0, 0x0E, 0x1E, 0x02
    .byte   0x12, 0x11, 0xE1, 0x12, 0xFE, 0xEF, 0x02, 0xE2, 0x22, 0x0E, 0x0E, 0xFF, 0xEF, 0xEF, 0x33, 0x11
    .byte      9, 0x01, 0x1E, 0xED, 0xFE, 0x01, 0x22, 0x21, 0x12, 0x11, 0xED, 0xDE, 0x23, 0x30, 0x02, 0x01
    .byte   0xDE, 0xED, 0xFF, 0x13, 0x33, 0x20, 0xEF, 0xFD, 0xDD, 0xE3, 0x21, 0x33, 0x12, 0xFF, 0xED, 0xCF
    .byte   0x01,   -6, 0x03, 0x32, 0xED, 0x11, 0xED, 0xDF, 0x02, 0x43, 0x22, 0xEF, 0xED, 0xDD, 0xEE, 0x43
    .byte   0x23, 0x21, 0xED, 0xD1, 0xEE, 0xF3, 0x32, 0x10, 0xEC, 0xE1, 0x30, 0x01, 0x32, 0xFF, 0xED, 0xEF
    .byte   0x01, 0xFF,    0, 0x03, 0x2E, 0xD0, 0x2E, 0xDD, 0x23, 0x22, 0x23, 0x3C, 0xED, 0xDD, 0x34, 0x2D
    .byte   0xC2, 0x53, 0x0D, 0xC2, 0x2F, 0xFE, 0xD1, 0x32, 0x3E, 0xC2, 0x32, 0x21, 0xDD, 0xDC, 0x34, 0x33
    .byte   0x2E, 0xF1, 0xED,   -8, 0x0C, 0xE3, 0x43, 0x0E, 0xF2, 0x22, 0x2D, 0xCD, 0x13, 0x20, 0x11, 0x22
    .byte   0x30, 0xEC, 0xC1, 0x23, 0x31, 0xD0, 0x14, 0x4E, 0xBC, 0xF2, 0x22, 0x23, 0xEE, 0x30, 0xFD, 0xD0
    .byte   0x20, 0x33, 0x20, 0xCD,   -6, 0x02, 0x11, 0x1F, 0x1F, 0xFE, 0xF3, 0x3F, 0xDD, 0x12, 0x30, 0xEE
    .byte   0xD2, 0x32, 0x21, 0xCE, 0xF2, 0x3F, 0xD0, 0x3F, 0x2F, 0xE2, 0xF0, 0x1E, 0xEF, 0xED, 0x23, 0x43
    .byte   0xEC, 0xDD, 0x23, 0x43, 0xCC,  -10, 0x0F, 0x23, 0x31, 0xDD, 0xD2, 0x33, 0x2E, 0xD0, 0x20, 0xE1
    .byte   0x21, 0x10, 0x0E, 0xED, 0x02, 0x22, 0x22, 0xEE, 0xD2, 0x32, 0x3D, 0xDD, 0xE3, 0x32, 0xED, 0x1F
    .byte   0xF3, 0x32, 0xEC, 0xC1, 0x24, 0x42,    7, 0x0D, 0xEE, 0x42, 0xFD, 0xCF, 0x43, 0x2F, 0xDD, 0x12
    .byte   0x31, 0xDD, 0x02, 0x23, 0x2D, 0xC1, 0x43, 0xED, 0xFF, 0xFD, 0x24, 0x1E, 0xD1, 0x30, 0xEF, 0xD1
    .byte   0x43, 0xFC, 0xCF, 0x33, 0x42, 0xCD, 0xDF,   -1, 0x03, 0x2E, 0xCD, 0x22, 0x43, 0x1C, 0xDE, 0x32
    .byte   0x03, 0xFC, 0xD1, 0x33, 0x31, 0xED, 0xD2, 0x22, 0x1D, 0xEF, 0xE4, 0x41, 0xDC, 0xD0, 0x13, 0x33
    .byte   0x2E, 0xDE, 0xDE, 0x23, 0x20, 0xE0, 0x02, 0x0F,    0, 0x0E, 0x12, 0x1E, 0xD2, 0x32, 0xFD, 0xF2
    .byte   0xE0, 0x13, 0x20, 0xED, 0xD0, 0x33, 0x1E, 0xF3, 0x2E, 0xCD, 0xE2, 0x34, 0x3F, 0xDD, 0xD2, 0x32
    .byte   0xDE, 0xE0, 0x23, 0x32, 0xDC, 0xD2, 0x23, 0x33, 0x0D,    1, 0x0F, 0x1E, 0xEF, 0xFE, 0x23, 0x40
    .byte   0xED, 0xDF, 0x03, 0x20, 0xDD, 0xF3, 0x33, 0xFE, 0xDC, 0xE4, 0x32, 0xED, 0xEF, 0x24, 0x1F, 0xDE
    .byte   0x02, 0x02, 0x3D, 0xDE, 0xF2, 0x02, 0x22, 0x10, 0x00, 0xFD,   -4, 0x0E, 0xE3, 0x33, 0xFD, 0xEE
    .byte   0xE1, 0x12, 0x21, 0x21, 0xEE, 0xDF, 0x31, 0xEE, 0xE0, 0x12, 0x3F, 0xEE, 0xDE, 0xE2, 0x23, 0x21
    .byte   0x0D, 0xEE, 0x12, 0x2F, 0x21, 0xFF, 0x13, 0x32, 0x03, 0xFF, 0x0F,   28, 0x0F, 0xEE, 0xD1, 0x23
    .byte   0x32, 0xFD, 0xDD, 0xE2, 0x31, 0xED, 0xDE, 0x02, 0x31, 0xED, 0xED, 0xFF, 0x02, 0x0F, 0x20, 0xEE
    .byte   0xEF, 0xDE, 0xF0, 0x20, 0x21, 0x1E, 0xE2, 0x12, 0x23, 0x14, 0x33, 0x33,   41, 0x0E, 0xDE, 0xE2
    .byte   0xF0, 0x0F, 0xF0, 0x33, 0x21, 0xED, 0xEF, 0xFF, 0xFE, 0xED, 0xD1, 0x33, 0x1E, 0xDD, 0xEE, 0x13
    .byte   0x2E, 0xEE, 0xF1, 0x1E, 0x0E, 0xDE, 0xD2, 0x12, 0xF0, 0x0E, 0xE1, 0xFE, 0xEE,  -53, 0x03, 0x33
    .byte   0x43, 0x42, 0x33, 0x2E, 0xED, 0xEE, 0xEF, 0x12, 0x21, 0x23, 0x20, 0x0E, 0x1D, 0xE1, 0xEE, 0xDE
    .byte   0x0F, 0x02, 0x22, 0x0F, 0xEE, 0xEE, 0xEF, 0x21, 0x22, 0xEE, 0xEE, 0xEF, 0xEE, 0xEF,  -33, 0x00
    .byte   0x22, 0x10, 0xED, 0xDE, 0x0F, 0x23, 0x1F, 0x12, 0x45, 0x54, 0x3F, 0xCC, 0xC1, 0x12, 0x21, 0x2F
    .byte   0x12, 0x32, 0xEE, 0xFE, 0xEF, 0x12, 0xEC, 0xDD, 0x01, 0x33, 0x3E, 0xED, 0xDE, 0xE0, 0x31,   -1
    .byte   0x01, 0x01, 0xEE, 0x0E, 0xEE, 0xEF, 0xEE, 0xFF, 0x23, 0x1E, 0xED, 0xDD, 0x12, 0x21, 0x0F, 0x35
    .byte   0x55, 0x43, 0xEC, 0xBD, 0xF2, 0x22, 0x21, 0xE1, 0x23, 0x2F, 0xFE, 0xEF, 0xE1, 0x0D, 0xDD, 0xEF
    .byte     -4, 0x03, 0x32, 0xED, 0xDF, 0xE0, 0x2F, 0x00, 0x02, 0x21, 0x1E, 0xDE, 0xD1, 0xF0, 0x1E, 0xE0
    .byte   0x00, 0xF0, 0x0E, 0xDE, 0xEE, 0x0F, 0x33, 0x55, 0x54, 0x3F, 0xCB, 0xDE, 0x12, 0x23, 0x1D, 0x03
    .byte   0x32,   45, 0x0E, 0x2D, 0xDE, 0x1F, 0xDD, 0xDD, 0x13, 0x34, 0x2E, 0xCD, 0xDE, 0x02, 0x3F, 0x00
    .byte   0x22, 0x11, 0xED, 0xDD, 0xE0, 0x21, 0x10, 0xEF, 0xEF, 0xEE, 0x1F, 0xEE, 0xD1, 0x02, 0x45, 0x65
    .byte   0x42, 0xCC,   15, 0x0D, 0x12, 0x32, 0x2E, 0xEF, 0x33, 0x21, 0x10, 0xED, 0xE0, 0xDD, 0xDE, 0xE2
    .byte   0x33, 0x3E, 0xED, 0xDD, 0xFF, 0x20, 0x21, 0x03, 0x21, 0x2D, 0xDC, 0xDF, 0x02, 0x2F, 0x0F, 0xE0
    .byte   0xFE, 0xEF, 0xED,  -58, 0x01, 0xF1, 0x34, 0x65, 0x45, 0xEC, 0xBC, 0x01, 0x23, 0x02, 0xED, 0x32
    .byte   0x33, 0x11, 0x0D, 0xDE, 0xFD, 0xDD, 0x0E, 0x23, 0x33, 0xED, 0xDD, 0xDF, 0x22, 0xE2, 0x02, 0x22
    .byte   0x21, 0xEC, 0xDE, 0xD0,  -28, 0x02, 0x0F, 0xEF, 0xEF, 0xFF, 0xEE, 0xDE, 0xF1, 0x33, 0x55, 0x54
    .byte   0x3E, 0xCC, 0xC0, 0x23, 0x21, 0x0E, 0xE3, 0x23, 0x20, 0x0E, 0xEE, 0xED, 0xDD, 0x00, 0x12, 0x22
    .byte   0xFE, 0xEE, 0xEE, 0xEE, 0x12,   -8, 0x02, 0x22, 0x0F, 0xFE, 0xDD, 0xEF, 0xF1, 0x0E, 0xFF, 0x01
    .byte   0x1E, 0xED, 0xDE, 0xF2, 0x13, 0x34, 0x64, 0x43, 0xFC, 0xCE, 0xE1, 0x22, 0x1F, 0xE0, 0x31, 0x23
    .byte   0x2F, 0xED, 0xFD, 0xCE, 0x0F, 0xE2,    8, 0x01, 0xF2, 0xFE, 0xEE, 0xDF, 0xEF, 0x22, 0x22, 0x30
    .byte   0xFE, 0xDD, 0xDE, 0xE2, 0x10, 0x2F, 0x0D, 0xFF, 0xEE, 0xEE, 0xEF, 0xF0, 0x24, 0x56, 0x44, 0x1D
    .byte   0xCC, 0xE0, 0x23, 0xF1, 0xFE, 0x22, 0x13,   47, 0x00, 0x1E, 0xDD, 0xDD, 0xEE, 0x10, 0x22, 0xF1
    .byte   0x1E, 0x0E, 0xEE, 0xEE, 0x1F, 0x23, 0x22, 0x1E, 0xED, 0xDD, 0xE1, 0x12, 0x2E, 0x0E, 0xFE, 0xFE
    .byte   0xEE, 0xDE, 0x00, 0x23, 0x45, 0x64, 0x4E, 0xCC,   16, 0x0F, 0x12, 0x22, 0xFF, 0xE2, 0x22, 0x32
    .byte   0x00, 0xED, 0xDD, 0xDE, 0xF1, 0x01, 0x20, 0xFF, 0xFF, 0xFE, 0xEE, 0xDF, 0x12, 0x33, 0x22, 0xDD
    .byte   0xDE, 0xDF, 0x02, 0xF0, 0x01, 0x0D, 0x1E, 0xED, 0xEF,  -58, 0x0E, 0x22, 0x34, 0x56, 0x34, 0xFC
    .byte   0xCD, 0xF1, 0x32, 0x10, 0xE0, 0x12, 0x23, 0x21, 0xFD, 0xEC, 0xEE, 0xEE, 0x12, 0xF0, 0x00, 0xF0
    .byte   0xFE, 0xFE, 0xEE, 0xF2, 0x23, 0x12, 0xFD, 0xED, 0xEE, 0xE1,  -24, 0x01, 0xFE, 0x0E, 0x0F, 0x1F
    .byte   0xED, 0xCD, 0x02, 0x34, 0x45, 0x53, 0x42, 0xDC, 0xDE, 0x12, 0x22, 0x0E, 0x02, 0x22, 0x32, 0x00
    .byte   0xDE, 0xDD, 0xDE, 0xFF, 0x02, 0xF1, 0x11, 0x0E, 0xFE, 0xED, 0xFF,  -11, 0x03, 0x22, 0x2E, 0xDE
    .byte   0xEE, 0xDF, 0x0F, 0x01, 0x0F, 0xEE, 0xE0, 0xFF, 0xED, 0xDD, 0x31, 0x34, 0x56, 0x34, 0x3D, 0xCC
    .byte   0x00, 0x22, 0x12, 0xE0, 0x12, 0x22, 0x30, 0xFE, 0xDE, 0xDD, 0xEF, 0xEE,    3, 0x01, 0x12, 0x01
    .byte   0xFE, 0xEE, 0xED, 0x10, 0x23, 0x23, 0xFE, 0xDD, 0xED, 0xE1, 0x10, 0x11, 0xE0, 0xFE, 0xFE, 0xEE
    .byte   0xED, 0xE1, 0x22, 0x44, 0x55, 0x34, 0x0C, 0xCD, 0x22, 0x22, 0x20, 0xE0, 0x22,   41, 0x03, 0x0F
    .byte   0xED, 0xED, 0xED, 0xFE, 0x0F, 0x01, 0x02, 0x2F, 0xEE, 0xDE, 0xEE, 0x21, 0x32, 0x21, 0xFE, 0xDE
    .byte   0xEE, 0xE1, 0xE0, 0x1E, 0x1F, 0xFE, 0xFE, 0xEF, 0xDD, 0xE3, 0x03, 0x44, 0x54, 0x43,   47, 0x0D
    .byte   0xCD, 0x12, 0x22, 0x20, 0xE0, 0x32, 0x22, 0x20, 0xDD, 0xFD, 0xDF, 0xFE, 0xD2, 0x12, 0x12, 0x2E
    .byte   0xDE, 0xFE, 0xEF, 0x20, 0x03, 0x21, 0xEE, 0xED, 0xDF, 0xFE, 0x12, 0x1E, 0xEE, 0xED, 0x21,  -38
    .byte   0x0E, 0xDE, 0xDE, 0x34, 0x23, 0x56, 0x23, 0x2E, 0xCC, 0x22, 0x20, 0x21, 0xE1, 0x32, 0x22, 0x2F
    .byte   0xDE, 0xEE, 0xDE, 0xEE, 0xD0, 0x22, 0x22, 0x2E, 0xDE, 0xFD, 0xE0, 0x2E, 0x22, 0x31, 0x0F, 0xED
    .byte    -16, 0x0E, 0xEE, 0xF1, 0x2F, 0xFE, 0xDE, 0xE2, 0x1F, 0xFD, 0xDE, 0x23, 0x34, 0x35, 0x52, 0x31
    .byte   0xDD, 0xD2, 0xF1, 0x21, 0x11, 0x13, 0x22, 0x12, 0xEE, 0xEE, 0xDD, 0xEE, 0xED, 0x12, 0x22, 0x22
    .byte   0xFD,    3, 0x0E, 0xEE, 0xE0, 0x22, 0x32, 0x1E, 0xEE, 0xDE, 0xED, 0xFF, 0x11, 0x2F, 0xEE, 0xDE
    .byte   0xF2, 0xFF, 0xDD, 0xE2, 0x34, 0x32, 0x45, 0x42, 0x3E, 0xDD, 0x02, 0x11, 0x11, 0x0F, 0x33, 0x02
    .byte   0x1F, 0xEE,   38, 0x0E, 0xDD, 0xED, 0xEE, 0x22, 0x23, 0x1F, 0xED, 0x0D, 0xEF, 0x02, 0x12, 0x21
    .byte   0xFE, 0xFE, 0xDF, 0xEE, 0xE0, 0x10, 0xFF, 0xEE, 0xEF, 0x00, 0xEE, 0xFD, 0x12, 0x32, 0x23, 0x45
    .byte   0x44, 0x2E, 0xDD,   23, 0x02, 0x22, 0xEF, 0xE1, 0x33, 0x22, 0x10, 0xDE, 0xEF, 0xDE, 0xDD, 0xEE
    .byte   0xF3, 0x22, 0x11, 0xDE, 0xF0, 0x0F, 0xEE, 0xE1, 0x22, 0x11, 0xEE, 0xF0, 0xEE, 0xFE, 0xD0, 0x00
    .byte   0xEE, 0xEE, 0xF1, 0x1F,  -50, 0x0F, 0xDE, 0x03, 0x43, 0x44, 0x43, 0x23, 0x1D, 0xE1, 0x2F, 0xF2
    .byte   0x0E, 0x13, 0x30, 0x22, 0xED, 0xFE, 0xDD, 0xEE, 0xDE, 0x0F, 0x21, 0x21, 0xEE, 0xF0, 0xE1, 0x0E
    .byte   0x01, 0x10, 0xFF, 0x00, 0xE2,   -8, 0x0E, 0xEF, 0xED, 0x1E, 0x11, 0x0D, 0x0E, 0x0F, 0xEE, 0xEE
    .byte   0xF2, 0x23, 0x23, 0x35, 0x43, 0x30, 0xEE, 0xF3, 0x20, 0xEF, 0xEF, 0x23, 0x22, 0x0E, 0xED, 0xFF
    .byte   0xED, 0xEE, 0xDE, 0x02, 0x10, 0x20,    4, 0x0E, 0x01, 0xE0, 0xEF, 0xFF, 0x22, 0x11, 0x20, 0xFF
    .byte   0xFF, 0xE0, 0xFE, 0xEE, 0x0F, 0xEF, 0xFE, 0xEE, 0xEE, 0x0F, 0xEE, 0xEE, 0x12, 0x12, 0x10, 0x33
    .byte   0x33, 0x33, 0x23, 0x33, 0x32, 0x22, 0x22,   68, 0x01, 0x2F, 0xE0, 0xEE, 0xE0, 0xDE, 0xEE, 0xED
    .byte   0xEF, 0xEE, 0xEF, 0xEE, 0xEF, 0xFF, 0xFE, 0xFF, 0xFF, 0xF1, 0xF0, 0xFF, 0xFF, 0x1F, 0xFF, 0xFF
    .byte   0x0E, 0xFF, 0xEE, 0x0F, 0xE0, 0xE0, 0xF0, 0x02,  -45, 0x02, 0x23, 0x33, 0x32, 0x32, 0x33, 0x23
    .byte   0xF2, 0x22, 0x22, 0x11, 0xFF, 0xEE, 0xEE, 0xEE, 0xDE, 0xEE, 0xEE, 0x0E, 0xEE, 0xEF, 0xEF, 0xFE
    .byte   0x0E, 0xF0, 0x1F, 0x1F, 0x00, 0x11, 0x01, 0xFF, 0xFF,  -21, 0x0F, 0xFF, 0xE0, 0xE0, 0xEE, 0xEE
    .byte   0xFE, 0xF0, 0x01, 0x12, 0x32, 0x33, 0x32, 0x32, 0x33, 0x32, 0x22, 0x22, 0x23, 0x00, 0x0E, 0xFE
    .byte   0xEE, 0xEE, 0xDE, 0xEE, 0xEE, 0x0E, 0xEE, 0xEE, 0xFE, 0xFE,  -16, 0x0F, 0xFF, 0x01, 0x01, 0xFF
    .byte   0x01, 0xF1, 0x01, 0xFF, 0xFF, 0x0E, 0x00, 0xEF, 0xFE, 0xEF, 0xEF, 0xEF, 0xFF, 0x11, 0x22, 0x33
    .byte   0x32, 0x32, 0x33, 0x33, 0x22, 0x22, 0x13, 0x21, 0x10, 0xEF, 0xEE,   53, 0x0E, 0xDE, 0xED, 0xFE
    .byte   0xE0, 0xEE, 0xEE, 0xEE, 0xFE, 0x0E, 0xFF, 0x11, 0x11, 0xF0, 0x10, 0x10, 0x01, 0xF0, 0x1F, 0xFF
    .byte   0xFF, 0xFE, 0xFE, 0xFF, 0xEE, 0xEE, 0xEF, 0xF1, 0x11, 0x22, 0x33, 0x32,   -2, 0x03, 0x23, 0x33
    .byte   0x22, 0x22, 0x22, 0x21, 0x10, 0xFE, 0xEE, 0xEE, 0xED, 0xEE, 0xEE, 0xFE, 0xEE, 0xEE, 0xEF, 0xEE
    .byte   0x0E, 0xFF, 0x00, 0x20, 0x10, 0xF1, 0x11, 0x11, 0x10, 0x0F, 0x0F, 0x0E, 0xEF,  -27, 0x0E, 0x0E
    .byte   0xFE, 0xEF, 0xFE, 0xFF, 0xF0, 0x22, 0x23, 0x32, 0x33, 0x23, 0x33, 0x31, 0x22, 0x23, 0x2F, 0x2F
    .byte   0x0F, 0xEE, 0xEE, 0xED, 0xEE, 0xEE, 0xEE, 0xEF, 0xEE, 0xEE, 0xFF, 0xEF, 0xFF, 0xF0,  -18, 0x01
    .byte   0x11, 0xF0, 0x11, 0x11, 0x11, 0xF0, 0x0F, 0x00, 0xE0, 0xEE, 0xEF, 0xEF, 0x0E, 0xEE, 0xE0, 0xE0
    .byte   0x01, 0x22, 0x23, 0x33, 0x32, 0x33, 0x33, 0x22, 0x22, 0x32, 0x21, 0x10, 0xFF, 0xEE, 0xDF,   44
    .byte   0x0E, 0xDE, 0xEE, 0xEF, 0xEE, 0xEE, 0xEF, 0xEF, 0xEF, 0x0E, 0x01, 0x10, 0x21, 0xFF, 0x02, 0x11
    .byte   0x11, 0x1F, 0xF1, 0xF0, 0xFE, 0xFE, 0xEE, 0xEF, 0xFE, 0xEE, 0x0E, 0x00, 0xF0, 0x11, 0x22, 0x33
    .byte    -17, 0x03, 0x32, 0x33, 0x33, 0x12, 0x23, 0x12, 0x20, 0x00, 0xFE, 0xEE, 0xEE, 0xED, 0xEE, 0xEE
    .byte   0xEE, 0xEE, 0xEE, 0xEF, 0xFE, 0xF0, 0x0F, 0x00, 0x22, 0xE0, 0x2F, 0x20, 0x0E, 0xF0, 0x10, 0xF1
    .byte   0x0E,  -19, 0x0E, 0x0E, 0xEE, 0xED, 0xEF, 0xFE, 0xD0, 0x3D, 0x35, 0xF0, 0x45, 0x31, 0x41, 0x1F
    .byte   0x12, 0x1E, 0x01, 0xE1, 0x22, 0x2E, 0x0F, 0xEE, 0x02, 0xFD, 0xDE, 0xEE, 0x01, 0xFD, 0xFF, 0xF2
    .byte   0x11, 0x1E,   -6, 0x02, 0x12, 0x12, 0x2E, 0xE2, 0x00, 0x0F, 0xFE, 0xEE, 0x11, 0xEE, 0xDF, 0xEE
    .byte   0xFE, 0xEE, 0xEF, 0xEF, 0x1E, 0x11, 0x02, 0x01, 0x23, 0x33, 0x24, 0x42, 0x23, 0xFF, 0x12, 0x2F
    .byte   0xEF, 0x1E, 0x03,   46, 0x00, 0xFE, 0x0E, 0xE0, 0xFD, 0xDE, 0xEE, 0xE1, 0x1E, 0xE0, 0x01, 0x21
    .byte   0x2F, 0xE1, 0x12, 0x12, 0x1F, 0xFF, 0x20, 0x10, 0xFE, 0xEE, 0xF0, 0xEE, 0xEE, 0xEE, 0xFE, 0xEE
    .byte   0xEE, 0xFF, 0x0E, 0xF1,  -48, 0x0F, 0x01, 0x20, 0x24, 0x32, 0x34, 0x23, 0x22, 0xFF, 0x12, 0x20
    .byte   0xE0, 0xFF, 0x22, 0x1F, 0xEE, 0x0E, 0x0F, 0xED, 0xED, 0xF1, 0xFF, 0xFE, 0xFF, 0x21, 0x11, 0x0E
    .byte   0xF0, 0x22, 0x00, 0xF1, 0x11,   10, 0x01, 0x0E, 0xE0, 0xE0, 0xFE, 0xEE, 0xFE, 0x0E, 0xEE, 0xEE
    .byte   0x0E, 0xEF, 0xE0, 0xF2, 0x2F, 0xFF, 0x12, 0x33, 0x31, 0x33, 0x43, 0x22, 0xFE, 0x12, 0x31, 0xEE
    .byte   0xF0, 0xF3, 0x2F, 0xDE, 0xE1, 0x10,   31, 0x0D, 0xDD, 0x01, 0xF0, 0xFE, 0xEF, 0x21, 0x12, 0xEF
    .byte   0xE2, 0x12, 0x10, 0xFF, 0xF2, 0x21, 0xFE, 0xFF, 0xEF, 0xFE, 0xEE, 0x0F, 0xEE, 0xFF, 0xED, 0x1F
    .byte   0xEE, 0x00, 0xEE, 0x01, 0x22, 0x30, 0xFE,  -38, 0x04, 0x33, 0x24, 0x30, 0x21, 0x21, 0xF2, 0x2F
    .byte   0xEF, 0x11, 0x10, 0x21, 0xDF, 0x1F, 0xEE, 0xEE, 0xDE, 0x01, 0xE0, 0xE0, 0x0F, 0x21, 0x0E, 0xF2
    .byte   0xF0, 0x12, 0xEF, 0x12, 0x2F, 0x01, 0xEF, 0xFF,    2, 0x0E, 0xFE, 0xEE, 0x0F, 0x0E, 0xE0, 0xEE
    .byte   0xFE, 0x0E, 0x0E, 0xEF, 0xF1, 0x22, 0x11, 0xF1, 0x22, 0x42, 0x31, 0x44, 0x21, 0x00, 0xE0, 0x32
    .byte   0x2D, 0xEF, 0x21, 0x21, 0xFD, 0xE0, 0x1F, 0xEE, 0xDE,    5, 0x00, 0x1F, 0xEF, 0xF0, 0x01, 0x11
    .byte   0xEF, 0x11, 0x00, 0x20, 0xFF, 0x11, 0x21, 0x11, 0xEE, 0xE1, 0x1E, 0xEE, 0xEE, 0x12, 0x0F, 0xEE
    .byte   0xEE, 0xE1, 0xFE, 0xEE, 0xFF, 0x12, 0x32, 0xEE, 0x11, 0x23,   -7, 0x02, 0x2F, 0x44, 0x20, 0x2E
    .byte   0xEE, 0x33, 0x1D, 0xD1, 0x22, 0x22, 0xED, 0xD0, 0x21, 0xEE, 0xDD, 0xE2, 0x20, 0xEF, 0xEF, 0xF2
    .byte   0x2F, 0xEF, 0xF0, 0x21, 0x10, 0xFF, 0x12, 0x2F, 0xFE, 0xEF, 0xFF,   -2, 0x0E, 0xEE, 0xF0, 0x01
    .byte   0xFE, 0xEE, 0x0E, 0xEE, 0xEF, 0x01, 0x02, 0x0E, 0x13, 0x21, 0x10, 0x00, 0x33, 0x42, 0x14, 0x3F
    .byte   0x0F, 0x2D, 0x12, 0x2F, 0xD0, 0x11, 0x22, 0x2E, 0xDD, 0x20, 0x0E, 0xED,   -3, 0x01, 0x22, 0xFF
    .byte   0x0E, 0xE1, 0x22, 0xFE, 0xFF, 0xF0, 0x22, 0x0F, 0x0F, 0xF0, 0x20, 0xFE, 0xEF, 0xE0, 0x1F, 0xEE
    .byte   0xEF, 0x02, 0xFF, 0xDE, 0xEE, 0x2F, 0x0F, 0xEF, 0x22, 0x21, 0x10, 0xE1, 0x22,  -18, 0x03, 0x32
    .byte   0x23, 0x43, 0xFF, 0xEE, 0xE0, 0x32, 0xED, 0xE2, 0x12, 0x31, 0xDD, 0xE1, 0xF0, 0xFE, 0xDD, 0x02
    .byte   0x2F, 0x10, 0xEE, 0x02, 0x10, 0xFE, 0x0E, 0x22, 0x12, 0xF0, 0xEF, 0x02, 0x10, 0xEE,   -7, 0x0F
    .byte   0xE1, 0x1F, 0xEE, 0x0F, 0x02, 0xEE, 0xD0, 0xE0, 0xE1, 0x10, 0x12, 0x0F, 0x12, 0x2F, 0x01, 0x20
    .byte   0x34, 0x32, 0x14, 0x3E, 0x2E, 0xFD, 0xF2, 0x20, 0xD0, 0x10, 0x22, 0x2E, 0xDD, 0x2E, 0xE1,   14
    .byte   0x0E, 0xDE, 0x22, 0x00, 0x1F, 0xEE, 0x21, 0x0E, 0x0F, 0xFF, 0x22, 0x11, 0xFF, 0xF0, 0x11, 0xFE
    .byte   0x1E, 0xEE, 0x12, 0xEE, 0xFF, 0xFF, 0x11, 0xDE, 0xFF, 0xEF, 0x01, 0xE1, 0x12, 0x21, 0x12, 0xEF
    .byte    -26, 0x02, 0x22, 0x33, 0x22, 0x34, 0x2F, 0xFE, 0xED, 0x22, 0x20, 0xDF, 0x11, 0x22, 0x2E, 0xDD
    .byte   0xFF, 0x10, 0xEE, 0xD0, 0x12, 0x20, 0xFE, 0xE0, 0x12, 0x11, 0xEE, 0xE1, 0x22, 0x21, 0x0E, 0xE1
    .byte   0x20,    6, 0x0E, 0xEE, 0xE0, 0x01, 0xFF, 0xEE, 0xE2, 0x1F, 0xEE, 0xEE, 0xF0, 0x20, 0x0F, 0xF0
    .byte   0x21, 0x12, 0x21, 0x21, 0x22, 0x32, 0x31, 0x43, 0x0E, 0x0D, 0xEE, 0x23, 0xFD, 0xE1, 0x12, 0x23
    .byte   0xED, 0xDE,   14, 0x0F, 0x10, 0xED, 0xE1, 0x22, 0xF1, 0x0E, 0xE0, 0x20, 0xF0, 0xFE, 0xE0, 0x23
    .byte   0x10, 0x0E, 0x0F, 0x11, 0x0E, 0xEE, 0xFE, 0x20, 0x0E, 0xEF, 0xFF, 0xFF, 0xEE, 0xEE, 0x21, 0x00
    .byte   0x01, 0x12, 0x12,  -26, 0x01, 0x13, 0x22, 0x23, 0x12, 0x24, 0x30, 0xFE, 0xED, 0xF2, 0x3F, 0xDE
    .byte   0x02, 0x22, 0x2E, 0xDE, 0xE0, 0xE0, 0x0F, 0xDE, 0x12, 0x11, 0x01, 0xEE, 0x21, 0xFF, 0xFF, 0xFF
    .byte   0xF2, 0x22, 0xF0, 0xFF,    1, 0x01, 0x0F, 0xEE, 0xFE, 0xF0, 0x10, 0xEF, 0xFF, 0x01, 0xFE, 0xDE
    .byte   0xF0, 0x20, 0x10, 0xF0, 0x32, 0x10, 0xF0, 0xF0, 0x33, 0x30, 0x22, 0x34, 0x10, 0xFD, 0xEE, 0x22
    .byte   0x0E, 0xEF, 0x12, 0x22, 0x1D,   20, 0x0E, 0xFF, 0xE1, 0xFD, 0xE0, 0x12, 0x2F, 0x0E, 0xEF, 0x22
    .byte   0x0F, 0xEE, 0xE1, 0x23, 0x10, 0xFE, 0xE2, 0x20, 0xFE, 0xED, 0x01, 0x1F, 0xFE, 0xFE, 0x21, 0x0F
    .byte   0xEE, 0xEE, 0xFF, 0x02, 0x02, 0x20,  -26, 0x01, 0x22, 0x22, 0x0E, 0xF1, 0x43, 0x31, 0x33, 0xEF
    .byte   0x00, 0xDE, 0x21, 0x0D, 0x12, 0x2F, 0x12, 0xFD, 0xE2, 0xEE, 0xE0, 0x0D, 0xF1, 0x2F, 0xF1, 0x1E
    .byte   0xE2, 0x2F, 0xEF, 0x0F, 0xE1, 0x31, 0x0F,    2, 0x01, 0xF0, 0x1F, 0xEE, 0xEF, 0xFF, 0x0F, 0xFF
    .byte   0xE1, 0x1F, 0x0E, 0xEE, 0xFF, 0x00, 0xF0, 0x21, 0x22, 0x21, 0x0F, 0x02, 0x12, 0x22, 0x22, 0x13
    .byte   0x43, 0xEF, 0xED, 0xE1, 0x31, 0xED, 0xE2, 0x12,   32, 0x02, 0xDD, 0xE0, 0x0F, 0x0F, 0xDE, 0xE2
    .byte   0x2F, 0x1F, 0xFE, 0x11, 0x2F, 0x0E, 0x0E, 0xF1, 0x31, 0x10, 0xEF, 0xF1, 0x2F, 0xEE, 0xEE, 0xF1
    .byte   0x10, 0xEF, 0xE0, 0x11, 0x1E, 0xEE, 0xFF, 0x1F, 0x01,  -31, 0x02, 0x22, 0x11, 0x11, 0x21, 0x20
    .byte   0x12, 0x32, 0x13, 0x32, 0x2E, 0xEE, 0xE0, 0x22, 0xED, 0x11, 0x12, 0x21, 0xED, 0xE1, 0x0F, 0x1E
    .byte   0xEE, 0xE1, 0x11, 0x11, 0x0E, 0xF0, 0x2F, 0x10, 0xEE, 0xF2,   -1, 0x02, 0x10, 0xFE, 0xF1, 0x0F
    .byte   0xFF, 0xEE, 0xF1, 0x0F, 0xFE, 0xFE, 0x12, 0x1E, 0xEE, 0xFF, 0x11, 0x0F, 0x02, 0x21, 0x02, 0x11
    .byte   0x22, 0x20, 0xF0, 0x32, 0x31, 0x32, 0xFF, 0x10, 0xEF, 0x10, 0xEF,   20, 0x02, 0xFF, 0x02, 0xEE
    .byte   0x11, 0xEE, 0xF1, 0xEE, 0xE1, 0x0F, 0x01, 0x1F, 0xF1, 0x11, 0xF0, 0x1E, 0xFE, 0x20, 0x02, 0x10
    .byte   0xEF, 0xF1, 0xFF, 0x0E, 0xEE, 0xE1, 0x11, 0x1F, 0xEF, 0xF1, 0x10, 0xEE,  -32, 0x0E, 0x03, 0x22
    .byte   0x00, 0xF0, 0x22, 0x3F, 0xFF, 0xF2, 0x33, 0x12, 0x22, 0x01, 0x1F, 0xEF, 0x0F, 0xFF, 0x10, 0xFF
    .byte   0x21, 0xFE, 0xFE, 0x0E, 0x01, 0xEE, 0xE0, 0x1F, 0x02, 0x0F, 0xF0, 0x10, 0xF0,    2, 0x0E, 0xFF
    .byte   0x21, 0x10, 0x2E, 0xFE, 0x01, 0xE0, 0xFF, 0xEE, 0x01, 0x0F, 0xF0, 0xEF, 0xFF, 0xFE, 0xF1, 0xF0
    .byte   0x12, 0x10, 0x22, 0x11, 0x11, 0x11, 0x21, 0x22, 0x21, 0x13, 0x31, 0x10, 0xEE, 0xE2,   26, 0x00
    .byte   0xFE, 0xFF, 0x02, 0x20, 0xEE, 0xEF, 0xF0, 0x1F, 0xED, 0x11, 0x01, 0x20, 0xFE, 0x01, 0x10, 0x00
    .byte   0xEE, 0xE2, 0x21, 0x10, 0xEE, 0xF0, 0x2F, 0xFE, 0xEE, 0xF0, 0x20, 0xEF, 0xE1, 0xF0, 0x20,  -23
    .byte   0x0E, 0xF0, 0x02, 0x21, 0xFF, 0xF1, 0x22, 0x22, 0x00, 0x12, 0x22, 0x22, 0x21, 0x12, 0xFE, 0xF1
    .byte   0x11, 0xFE, 0x2F, 0xF0, 0x21, 0xFE, 0xFF, 0xE0, 0xFF, 0xEF, 0xFF, 0x10, 0x01, 0xF0, 0xF0, 0x0F
    .byte      5, 0x0E, 0x0E, 0x0F, 0x02, 0x01, 0xEF, 0xFF, 0xF0, 0x01, 0xEE, 0xFF, 0xFF, 0xF0, 0xFF, 0x01
    .byte   0xFF, 0xFF, 0x00, 0x11, 0x0F, 0x02, 0x10, 0x22, 0x1F, 0x02, 0x12, 0x22, 0x1F, 0x23, 0x21, 0x1E
    .byte   0xEF,   18, 0x02, 0x2F, 0xEF, 0xFF, 0x22, 0x1E, 0xEF, 0xFF, 0xF0, 0xFE, 0x0E, 0x01, 0x0F, 0x00
    .byte   0xFF, 0xF1, 0x00, 0xE0, 0xE0, 0x00, 0x11, 0x00, 0x0F, 0xEF, 0x0F, 0x0E, 0x0E, 0xFF, 0xF2, 0xFF
    .byte   0xF0, 0x0F,  -23, 0x00, 0x10, 0xF0, 0x01, 0x12, 0x21, 0x1E, 0x12, 0x12, 0x20, 0xE0, 0x22, 0x21
    .byte   0x22, 0x1F, 0x22, 0x1F, 0xE2, 0x0F, 0xF1, 0x0F, 0xE2, 0x1F, 0xE0, 0x10, 0xEF, 0x00, 0xEF, 0x00
    .byte   0xE0, 0x00, 0xFF,    1, 0x00, 0x0F, 0xFF, 0xFF, 0xF1, 0x1F, 0xFF, 0xE0, 0xE0, 0x00, 0xFF, 0x0F
    .byte   0x0F, 0x10, 0xE0, 0xFF, 0x00, 0x11, 0x10, 0x02, 0x00, 0x21, 0x1F, 0x01, 0x21, 0x22, 0x2F, 0xE2
    .byte   0x11, 0x11, 0x22, 0xF1,   23, 0x0F, 0xFF, 0x02, 0xE0, 0x0F, 0xE0, 0x02, 0x0F, 0x0F, 0xEF, 0x20
    .byte   0x0E, 0xEF, 0xEF, 0x11, 0x1E, 0xFF, 0xF1, 0x00, 0x0E, 0xFE, 0x11, 0x01, 0x0E, 0xEE, 0x02, 0x00
    .byte   0x0E, 0xFF, 0x11, 0x10, 0xF0,  -21, 0x01, 0x12, 0x10, 0xF0, 0x11, 0x21, 0x10, 0xFF, 0x22, 0x21
    .byte   0x11, 0x01, 0x02, 0x10, 0xEF, 0x22, 0x21, 0x2F, 0xEF, 0x12, 0xFE, 0xF0, 0xE0, 0x12, 0x1E, 0xF0
    .byte   0x1E, 0x01, 0xFE, 0xE0, 0xF1, 0xF1,    4, 0x0E, 0xEF, 0xF0, 0x00, 0xFF, 0xE0, 0x11, 0x1F, 0xEE
    .byte   0xFF, 0x21, 0x00, 0xEF, 0x02, 0x11, 0x00, 0xEF, 0x12, 0x22, 0xFF, 0xF0, 0x12, 0x11, 0x00, 0x11
    .byte   0x12, 0x12, 0xF0, 0x01, 0xFF, 0x11, 0x11,   12, 0x00, 0xE2, 0x12, 0x00, 0xFF, 0xF1, 0x2F, 0xFF
    .byte   0xFF, 0x01, 0x0F, 0xFE, 0x0F, 0x01, 0x0F, 0xEE, 0x0F, 0xFF, 0x00, 0xEE, 0x11, 0x00, 0xFE, 0xE0
    .byte   0x02, 0x10, 0xF0, 0xE1, 0x11, 0x00, 0xE0, 0x11,  -12, 0x01, 0x01, 0x00, 0x02, 0x00, 0xFF, 0x11
    .byte   0x21, 0x20, 0x01, 0x20, 0x0F, 0xF0, 0x12, 0x11, 0x10, 0xE0, 0x20, 0xFE, 0xEF, 0x21, 0x22, 0xEE
    .byte   0x00, 0x21, 0x1E, 0xFE, 0x01, 0x20, 0xFE, 0xFF, 0x11,    9, 0x0F, 0xEE, 0xE1, 0x11, 0x0E, 0xEE
    .byte   0x12, 0x2F, 0xEE, 0xEF, 0x21, 0x2E, 0xEF, 0x01, 0x22, 0xFF, 0xEF, 0x20, 0x21, 0x0E, 0xF2, 0x22
    .byte   0xFF, 0xFF, 0x02, 0x21, 0xFF, 0x00, 0x12, 0x2F, 0xEF, 0x01,    9, 0x02, 0x10, 0xEE, 0x21, 0x10
    .byte   0x1E, 0xD0, 0x22, 0x2F, 0x1E, 0xF0, 0x12, 0x1E, 0xEF, 0xE2, 0x02, 0xFE, 0xFF, 0x02, 0x00, 0xEE
    .byte   0xE1, 0x11, 0x1E, 0x0E, 0x01, 0x2F, 0x0E, 0xFF, 0x10, 0x0F, 0xF0,  -13, 0x00, 0x20, 0x00, 0x11
    .byte   0xF0, 0x12, 0xFF, 0x01, 0x10, 0x20, 0x1F, 0x01, 0x11, 0x11, 0xFF, 0x01, 0x11, 0x10, 0x0E, 0xF2
    .byte   0x21, 0x00, 0xEE, 0xF1, 0x2F, 0xEF, 0xF1, 0x22, 0x1F, 0xEE, 0x12, 0x01,    6, 0x0E, 0x00, 0x11
    .byte   0x1E, 0x0F, 0xF0, 0x21, 0xEE, 0x00, 0x10, 0x0E, 0xFF, 0x01, 0x20, 0xFF, 0xFE, 0xF1, 0x11, 0xF0
    .byte   0x00, 0x21, 0x0F, 0xF0, 0x10, 0x20, 0xF0, 0x01, 0x02, 0x1F, 0x0F, 0x10, 0x00,    4, 0x0F, 0xF1
    .byte   0x10, 0x01, 0x10, 0x01, 0xF0, 0xFF, 0x11, 0x0F, 0x01, 0xF0, 0x00, 0xEF, 0xF0, 0x21, 0x11, 0x0E
    .byte   0x01, 0x11, 0xF0, 0xFF, 0xF1, 0x10, 0xFF, 0x00, 0xF0, 0x2E, 0xFF, 0x0F, 0xFF, 0x01,   -4, 0x00
    .byte   0x10, 0xFF, 0xFF, 0x0F, 0xF1, 0x11, 0xF1, 0x11, 0x00, 0x00, 0xF1, 0x01, 0x00, 0x11, 0x10, 0x02
    .byte   0x0F, 0x0F, 0xF0, 0x01, 0x1F, 0x01, 0x01, 0x11, 0x0F, 0xFF, 0x01, 0xF0, 0xFF, 0xF1, 0x21,    8
    .byte   0x0E, 0x00, 0xE0, 0x00, 0x1F, 0x01, 0x02, 0x00, 0xF0, 0xF0, 0xFF, 0x00, 0xF0, 0x0F, 0x10, 0x00
    .byte   0x00, 0x0F, 0xF0, 0xFF, 0x01, 0xFF, 0x01, 0x01, 0x00, 0xFF, 0xF1, 0x00, 0xFF, 0x01, 0x21, 0x10
    .byte     -1, 0x0F, 0xF1, 0x1F, 0xFF, 0x02, 0x12, 0x1F, 0xEF, 0xF2, 0x01, 0x0F, 0xF0, 0x20, 0x0E, 0xE1
    .byte   0x11, 0x02, 0x0F, 0xEF, 0x21, 0x0F, 0xF0, 0xE1, 0x21, 0xFF, 0xFF, 0x00, 0x12, 0xFE, 0xF0, 0xF1
    .byte   0x11,    3, 0x00, 0xF1, 0x0F, 0x0F, 0x00, 0xEF, 0xF0, 0x11, 0x20, 0x1E, 0x10, 0x00, 0xF0, 0xFF
    .byte   0x01, 0x11, 0xFF, 0xFF, 0xF2, 0x01, 0xF0, 0x00, 0x02, 0x0F, 0xFF, 0x00, 0x11, 0x1F, 0xF0, 0x02
    .byte   0x0F, 0x0F,   -1, 0x0F, 0x21, 0x10, 0xFF, 0xF0, 0x11, 0xFF, 0xFF, 0xF1, 0x11, 0x0F, 0xF0, 0x20
    .byte   0x00, 0xFF, 0xF0, 0x10, 0xFF, 0xF1, 0x11, 0x12, 0x0E, 0xFF, 0xF1, 0xFF, 0xFF, 0x01, 0x21, 0x10
    .byte   0xFF, 0xFF, 0xFF,   -5, 0x0F, 0x02, 0x11, 0xF1, 0x11, 0xF0, 0xFE, 0xF0, 0x10, 0x20, 0x10, 0x00
    .byte   0x00, 0xFF, 0x00, 0x10, 0x01, 0x00, 0x00, 0x10, 0xF0, 0x0F, 0xE1, 0x11, 0x11, 0x01, 0xF0, 0x01
    .byte   0xFF, 0xF0, 0x00, 0x11,    3, 0x0F, 0x11, 0xFF, 0xF0, 0xFE, 0x10, 0x11, 0x11, 0x11, 0x10, 0x0F
    .byte   0xEF, 0xF0, 0x00, 0x10, 0x01, 0x11, 0x00, 0xFF, 0xFF, 0x11, 0x01, 0xFF, 0x10, 0x10, 0xFF, 0x00
    .byte   0x01, 0x11, 0x0F, 0x00, 0x10,    2, 0x00, 0xFF, 0xF1, 0x20, 0x0E, 0x0F, 0x1F, 0x00, 0x00, 0x11
    .byte   0x11, 0xFF, 0xF0, 0xF0, 0x0F, 0x10, 0x11, 0x11, 0xFF, 0xFF, 0x00, 0x10, 0xF1, 0x11, 0x00, 0x00
    .byte   0x0F, 0x1F, 0xEF, 0x11, 0x11, 0x1F,   -1, 0x01, 0x11, 0x0F, 0xFF, 0xF0, 0x00, 0x1F, 0x10, 0x10
    .byte   0x10, 0x0F, 0xF1, 0x01, 0x00, 0x00, 0xFF, 0x1F, 0x00, 0x01, 0x11, 0x0F, 0xFF, 0x00, 0x10, 0xFF
    .byte   0x01, 0x21, 0xF0, 0xE0, 0x00, 0x10, 0xF0,   -1, 0x01, 0x01, 0x10, 0xFF, 0x10, 0x10, 0xF0, 0xE1
    .byte   0x00, 0x02, 0x0F, 0xF0, 0x10, 0xF0, 0x0E, 0x1F, 0x02, 0xF1, 0x11, 0xF0, 0x00, 0xFF, 0xF0, 0x01
    .byte   0x10, 0x10, 0x1F, 0x01, 0xF0, 0xFF, 0x10, 0x0F,    0, 0x00, 0x00, 0x1F, 0x00, 0x01, 0x00, 0x0F
    .byte   0xF0, 0x1F, 0x01, 0x00, 0x11, 0xF1, 0xFF, 0x0F, 0x0F, 0x10, 0x11, 0x00, 0xFF, 0x11, 0xF0, 0x0F
    .byte   0xF1, 0x10, 0xF1, 0x01, 0xFF, 0x10, 0x00, 0xF1, 0xF1,    0, 0x00, 0x1F, 0x1F, 0x1F, 0xF0, 0x00
    .byte   0x01, 0x10, 0xFF, 0x01, 0x01, 0x1F, 0xFF, 0x11, 0x10, 0xFF, 0xF0, 0x00, 0x10, 0x00, 0x00, 0x11
    .byte   0x0F, 0x00, 0xFF, 0x00, 0x01, 0x01, 0x01, 0xF0, 0xF1, 0xF0,   -1, 0x00, 0xF1, 0xF1, 0x11, 0x0F
    .byte   0x00, 0x0F, 0x10, 0x1F, 0xF0, 0x10, 0x1F, 0x0F, 0x10, 0x0F, 0x1F, 0x10, 0x11, 0xFF, 0x01, 0xF0
    .byte   0x0F, 0x0F, 0x01, 0x10, 0x1F, 0x0F, 0x10, 0x00, 0x00, 0x0F, 0x01,    1, 0x0F, 0xF0, 0x01, 0x01
    .byte   0x10, 0x0E, 0x01, 0x01, 0x10, 0xF1, 0x01, 0x00, 0xFF, 0xF0, 0x01, 0xF0, 0x11, 0x1F, 0x0F, 0x0F
    .byte   0x01, 0x0F, 0x01, 0x0F, 0x10, 0x0F, 0x01, 0x00, 0x01, 0x0F, 0x0F, 0x00,    0, 0x00, 0xF1, 0x1F
    .byte   0x10, 0x00, 0xF0, 0xF1, 0x0F, 0x1F, 0x11, 0x0F, 0x1F, 0x01, 0xF0, 0xF1, 0x0F, 0x11, 0x0F, 0xFF
    .byte   0x10, 0x11, 0x0F, 0xF1, 0x00, 0x1F, 0x00, 0x01, 0xF0, 0x10, 0x01, 0xFF, 0x00,    0, 0x00, 0xF0
    .byte   0x10, 0xF1, 0x00, 0x01, 0xF0, 0x00, 0x00, 0x0F, 0x10, 0x01, 0xF1, 0x0F, 0x0F, 0x01, 0x0F, 0x1F
    .byte   0x10, 0x10, 0xF0, 0x00, 0x00, 0xFF, 0x10, 0x11, 0xF0, 0x1F, 0x1F, 0x00, 0x00, 0x00,   -1, 0x01
    .byte   0x10, 0x00, 0x0F, 0x0F, 0x01, 0x0F, 0x10, 0x10, 0x01, 0xF0, 0xFF, 0x10, 0xF1, 0x0F, 0x10, 0x1F
    .byte   0x1F, 0x0F, 0x1F, 0x10, 0x00, 0x00, 0xF1, 0x10, 0x00, 0xF0, 0x10, 0x0F, 0xF1, 0xF0, 0x11,    1
    .byte   0x0F, 0x00, 0x00, 0xF0, 0x00, 0x01, 0x10, 0xF0, 0xF1, 0x00, 0x1F, 0x00, 0x01, 0x0F, 0x1F, 0x01
    .byte   0x0F, 0xF1, 0x01, 0xF1, 0x00, 0xFF, 0x00, 0x10, 0xF1, 0x00, 0x00, 0x10, 0xF0, 0x00, 0x00, 0x10
    .byte      0, 0x0F, 0x01, 0xF1, 0x1F, 0x1F, 0x01, 0x0F, 0x0F, 0x10, 0x00, 0x0F, 0x11, 0xF0, 0x1F, 0x0F
    .byte   0x10, 0x0F, 0x01, 0x01, 0x0F, 0x0F, 0x01, 0x1F, 0xF0, 0x00, 0x11, 0xF0, 0x00, 0x00, 0x00, 0x0F
    .byte   0x10,   -1, 0x01, 0x0F, 0x10, 0x00, 0x00, 0x00, 0x01, 0x0F, 0x00, 0x00, 0x01, 0x0F, 0xF0, 0x10
    .byte   0x00, 0x0F, 0x10, 0x01, 0xF0, 0xF0, 0x00, 0x00, 0x10, 0xF1, 0x00, 0x00, 0x10, 0xF0, 0x1F, 0x00
    .byte   0xF1, 0x00,    0, 0x00, 0x01, 0x0F, 0x00, 0x00, 0x00, 0x01, 0x0F, 0x00, 0x1F, 0x00, 0x1F, 0x0F
    .byte   0x10, 0x0F, 0x10, 0x01, 0xF0, 0x00, 0x1F, 0x00, 0xF1, 0x00, 0x0F, 0x10, 0x00, 0x00, 0x01, 0xF1
    .byte   0xFF, 0x10, 0xF1,   -1, 0x01, 0x00, 0x10, 0xF0, 0x00, 0x00, 0x1F, 0x01, 0xF0, 0xF1, 0x1F, 0x00
    .byte   0x00, 0xF1, 0x1F, 0x0F, 0x10, 0x01, 0xF0, 0x0F, 0x01, 0x00, 0xF1, 0xF1, 0x01, 0xF0, 0xF0, 0x10
    .byte   0x00, 0x00, 0x00, 0x00,    0, 0x00, 0x00, 0x00, 0x1F, 0x1F, 0xF1, 0x00, 0x00, 0x00, 0x01, 0xF1
    .byte   0xF0, 0x00, 0x0F, 0x01, 0x1F, 0x1F, 0x1F, 0x00, 0x00, 0x10, 0xF0, 0x00, 0x0F, 0x11, 0x0F, 0x00
    .byte   0xF1, 0x00, 0xF1, 0x00, 0x1F,    0, 0x01, 0xF0, 0xF0, 0x1F, 0x10, 0x00, 0x01, 0x0F, 0x0F, 0x01
    .byte   0x01, 0xF0, 0xF0, 0x10, 0x00, 0x00, 0x00, 0x1F, 0x0F, 0x10, 0xF0, 0x01, 0x00, 0x00, 0x00, 0xF1
    .byte   0xF0, 0x11, 0xF0, 0x00, 0x00, 0x00,   -1, 0x01, 0x0F, 0x10, 0x0F, 0x10, 0x00, 0x00, 0x1F, 0xF1
    .byte   0x1F, 0x00, 0x00, 0x1F, 0x1F, 0x1F, 0x00, 0x10, 0xF0, 0x1F, 0x00, 0x01, 0x0F, 0xF1, 0x00, 0x0F
    .byte   0x1F, 0x01, 0x1F, 0x00, 0x00, 0xF1, 0x01,    0, 0x00, 0x00, 0x00, 0x00, 0x1F, 0x1F, 0x00, 0x00
    .byte   0x0F, 0x01, 0xF1, 0x00, 0x00, 0x00, 0x00, 0xF1, 0x00, 0x01, 0xF0, 0xF1, 0x00, 0x00, 0xF0, 0x10
    .byte   0x00, 0x01, 0xF0, 0x00, 0x00, 0x00, 0x00, 0x00,    1, 0x0F, 0x00, 0x00, 0xF1, 0xF1, 0x00, 0x00
    .byte   0x1F, 0x00, 0x0F, 0x10, 0x00, 0x01, 0xF0, 0xF1, 0x1F, 0x01, 0xF1, 0x0F, 0x0F, 0x10, 0x01, 0x0F
    .byte   0x0F, 0x01, 0x00, 0x00, 0x00, 0x00, 0x00, 0x00, 0x00,    0, 0x00, 0xF1, 0x01, 0xF1, 0x0F, 0x00
    .byte   0x00, 0x10, 0xFF, 0x10, 0x01, 0xF0, 0x01, 0x0F, 0x01, 0xF0, 0x0F, 0x10, 0x00, 0x1F, 0x1F, 0x10
    .byte   0xF0, 0xF0, 0x10, 0x00, 0xF1, 0x00, 0x01, 0xF0, 0x00, 0x00,    1, 0x0F, 0xF1, 0x00, 0x01, 0xF0
    .byte   0x00, 0x1F, 0x00, 0x00, 0x0F, 0x10, 0x00, 0x00, 0x01, 0xF0, 0x00, 0x00, 0x00, 0x0F, 0x10, 0x00
    .byte   0x00, 0x00, 0xF1, 0xF1, 0x00, 0x1F, 0xF1, 0xF1, 0x00, 0xF1, 0x01,    0, 0x01, 0xF0, 0x01, 0xF0
    .byte   0x00, 0x1F, 0x00, 0xF1, 0x00, 0x0F, 0x10, 0x00, 0x00, 0x00, 0x1F, 0x0F, 0x10, 0x0F, 0x1F, 0x11
    .byte   0xF0, 0x0F, 0x10, 0x1F, 0x00, 0x00, 0x00, 0x00, 0x00, 0x00, 0x00, 0x00,    0, 0x01, 0xF1, 0xF0
    .byte   0x00, 0x1F, 0x01, 0xF0, 0x00, 0x00, 0x0F, 0x01, 0x01, 0xF0, 0x1F, 0x00, 0x00, 0x0F, 0x1F, 0x01
    .byte   0x00, 0x00, 0x1F, 0xF0, 0x10, 0x00, 0x1F, 0xF1, 0x00, 0x01, 0xFF, 0x10, 0x1F,   -1, 0x01, 0x00
    .byte   0x01, 0xF0, 0x00, 0x01, 0xF0, 0x00, 0x00, 0xF0, 0x10, 0xF1, 0x00, 0x00, 0x00, 0x00, 0xF0, 0x10
    .byte   0xF1, 0x00, 0x00, 0x00, 0x00, 0x00, 0xF0, 0x00, 0x1F, 0x10, 0xF1, 0xF0, 0x10, 0x00,    0, 0x00
    .byte   0x1F, 0x00, 0x1F, 0x1F, 0x1F, 0x01, 0xFF, 0x10, 0x0F, 0x10, 0x1F, 0x00, 0x00, 0x00, 0x00, 0x01
    .byte   0xF0, 0x0F, 0x10, 0x00, 0x1F, 0x01, 0xF0, 0x00, 0xF1, 0x1F, 0x00, 0x00, 0x00, 0x0F, 0x10,    0
    .byte   0x00, 0xF1, 0x00, 0x01, 0xF0, 0x1F, 0x00, 0x1F, 0x01, 0xF0, 0x01, 0xF0, 0x00, 0x00, 0x00, 0xF1
    .byte   0x00, 0x1F, 0x00, 0xF1, 0x00, 0x0F, 0x10, 0x00, 0x00, 0x00, 0xF1, 0x1F, 0x0F, 0x10, 0x00, 0x00
    .byte      0, 0x00, 0x01, 0xF0, 0x00, 0x00, 0x00, 0x00, 0x1F, 0x00, 0x00, 0x01, 0xF1, 0xF0, 0x1F, 0x01
    .byte   0xF0, 0x00, 0xF1, 0x00, 0x00, 0x01, 0xF0, 0x00, 0x00, 0x00, 0xF1, 0x00, 0x00, 0x00, 0x00, 0x1F
    .byte   0x00,    0, 0x00, 0x00, 0x00, 0x01, 0xF0, 0x00, 0x1F, 0x0F, 0x1F, 0x01, 0x00, 0x00, 0x00, 0x00
    .byte   0xF1, 0x00, 0x00, 0x00, 0x0F, 0x10, 0x0F, 0x01, 0x00, 0x0F, 0x01, 0x1F, 0x01, 0xF0, 0x01, 0xF0
    .byte   0xF1, 0x00,    0, 0x00, 0x00, 0xF1, 0x00, 0x00, 0x00, 0x00, 0xF1, 0x00, 0x00, 0x00, 0x0F, 0x10
    .byte   0x00, 0x00, 0x00, 0x00, 0x00, 0x00, 0x10, 0xFF, 0x10, 0x1F, 0x00, 0x00, 0x00, 0x00, 0x00, 0xF1
    .byte   0x00, 0xF0, 0x01,   -1, 0x01, 0x00, 0x1F, 0x00, 0x00, 0x00, 0xF1, 0x00, 0x00, 0xF1, 0x00, 0x00
    .byte   0x00, 0x00, 0x00, 0x00, 0x1F, 0x00, 0x00, 0x00, 0x0F, 0x11, 0xF0, 0x00, 0x00, 0x00, 0x01, 0xF0
    .byte   0x1F, 0x1F, 0x00, 0x01,    0, 0x00, 0x00, 0x00, 0x1F, 0x00, 0x1F, 0xF1, 0x00, 0x00, 0x01, 0xF1
    .byte   0xFF, 0x10, 0x00, 0x1F, 0x00, 0x00, 0x00, 0x01, 0x0F, 0x00, 0xF0, 0x10, 0xF1, 0x00, 0x0F, 0x10
    .byte   0x01, 0xF0, 0x00, 0x0F, 0x10,   -1, 0x01, 0x00, 0x00, 0xF1, 0x1F, 0xF1, 0x00, 0xF0, 0x01, 0x0F
    .byte   0x10, 0x00, 0x00, 0x00, 0xF1, 0x1F, 0x00, 0x00, 0x00, 0xF1, 0x00, 0x00, 0x00, 0x00, 0x00, 0x00
    .byte   0x01, 0xF0, 0x1F, 0x00, 0x00, 0x00,    0, 0x00, 0x00, 0x00, 0x1F, 0x00, 0x01, 0xFF, 0x01, 0xF0
    .byte   0x10, 0x00, 0x00, 0x00, 0x00, 0x00, 0x1F, 0x00, 0xF1, 0x00, 0x00, 0x10, 0xFF, 0x10, 0x0F, 0x10
    .byte   0xF1, 0x00, 0x1F, 0x00, 0x00, 0x00, 0x1F,    0, 0x01, 0x0F, 0x00, 0x01, 0xF1, 0xF0, 0x00, 0x00
    .byte   0xF1, 0x00, 0x00, 0x0F, 0x10, 0x0F, 0x10, 0x00, 0x00, 0x0F, 0x10, 0x01, 0xF0, 0x00, 0x00, 0x00
    .byte   0x00, 0x0F, 0x11, 0xF1, 0xF0, 0x00, 0x00, 0x00,    1, 0x0F, 0x1F, 0x00, 0x00, 0xF1, 0x0F, 0x10
    .byte   0xF0, 0x10, 0x00, 0x00, 0x0F, 0x10, 0x1F, 0xF1, 0x00, 0xF0, 0x01, 0x00, 0x0F, 0x10, 0x0F, 0x01
    .byte   0x00, 0x00, 0x0F, 0x10, 0x00, 0x00, 0x1F, 0xF1, 0x1F,    0, 0x00, 0xF1, 0x00, 0x00, 0x00, 0x10
    .byte   0xF0, 0xF1, 0x01, 0xFF, 0x1F, 0x10, 0xF1, 0x00, 0x0F, 0x10, 0x00, 0x0F, 0x10, 0x0F, 0x10, 0x00
    .byte   0xF1, 0x01, 0xF0, 0x0F, 0x10, 0xF1, 0x00, 0x0F, 0x10, 0x00,   -1, 0x01, 0x1F, 0x00, 0x0F, 0x01
    .byte   0xF1, 0x00, 0x00, 0x01, 0xF0, 0x1F, 0x00, 0x00, 0xF1, 0x00, 0x00, 0xF1, 0x00, 0x1F, 0x1F, 0x01
    .byte   0xF0, 0x01, 0xF0, 0x00, 0x1F, 0x00, 0x00, 0x1F, 0x00, 0x00, 0xF0,    0, 0x00, 0x00, 0xF1, 0x00
    .byte   0x00, 0x00, 0x0F, 0x10, 0x1F, 0x00, 0x00, 0x01, 0x0F, 0x1F, 0x0F, 0x10, 0x00, 0x00, 0x00, 0x01
    .byte   0x0F, 0x1F, 0x00, 0xF1, 0x00, 0x01, 0xFF, 0x10, 0x00, 0x00, 0x01, 0xFF,   -1, 0x01, 0xF1, 0x00
    .byte   0x00, 0x00, 0x1F, 0x00, 0x0F, 0x10, 0x00, 0xF1, 0x00, 0x0F, 0x11, 0xF0, 0x00, 0x00, 0xF0, 0x10
    .byte   0x10, 0xFF, 0x10, 0x0F, 0x10, 0x00, 0x00, 0x00, 0x00, 0x1F, 0x00, 0x00, 0x01,   -1, 0x01, 0x1F
    .byte   0x1F, 0xF1, 0x0F, 0x10, 0xF1, 0x00, 0x00, 0x1F, 0x00, 0x0F, 0x10, 0x00, 0x00, 0x1F, 0x01, 0xF0
    .byte   0x00, 0x00, 0x00, 0x00, 0x00, 0x00, 0x10, 0xF0, 0x00, 0x1F, 0x00, 0x00, 0x00, 0x00,    0, 0x00
    .byte   0x01, 0xF0, 0x00, 0xF0, 0x01, 0x0F, 0x10, 0x1F, 0xF1, 0xF1, 0x01, 0xF0, 0x01, 0x00, 0xF0, 0x00
    .byte   0x1F, 0x1F, 0x1F, 0x00, 0x01, 0xF0, 0x01, 0xF0, 0x00, 0x00, 0x1F, 0x00, 0x00, 0x0F, 0x1F,    0
    .byte   0x01, 0xF1, 0xF0, 0x00, 0x00, 0x1F, 0xF1, 0x0F, 0x10, 0x00, 0x0F, 0x1F, 0x11, 0xF0, 0x00, 0x00
    .byte   0x0F, 0x10, 0xF0, 0x10, 0x00, 0x00, 0x00, 0x00, 0x00, 0xF1, 0x1F, 0x01, 0xF1, 0xFF, 0x1F, 0x10
    .byte      0, 0x00, 0x00, 0x00, 0x00, 0x0F, 0x10, 0x10, 0xF0, 0x00, 0xF1, 0x00, 0x00, 0x00, 0x01, 0x00
    .byte   0xF0, 0x10, 0x0F, 0xF0, 0x1F, 0x10, 0x0F, 0x1F, 0x1F, 0x1F, 0x11, 0xF0, 0x00, 0x00, 0x00, 0x00
    .byte   0xF1,    0, 0x00, 0xF0, 0x10, 0x00, 0x1F, 0x00, 0x1F, 0x01, 0xF1, 0xF0, 0xF1, 0x00, 0x00, 0xF1
    .byte   0x00, 0xF0, 0x10, 0x00, 0x00, 0xF0, 0x10, 0x00, 0x00, 0x00, 0x00, 0x00, 0x01, 0xF0, 0xF1, 0x00
    .byte   0x0F, 0x10,    0, 0x00, 0x1F, 0xF1, 0x01, 0xFF, 0x10, 0x00, 0x1F, 0xF0, 0x01, 0x0F, 0x01, 0x00
    .byte   0x0F, 0x01, 0x00, 0x00, 0x01, 0x00, 0x0F, 0x01, 0x00, 0xF0, 0x01, 0x0F, 0x00, 0x0F, 0x01, 0x0F
    .byte   0x01, 0x00, 0x10,   -1, 0x0F, 0x20, 0xFF, 0xF1, 0x10, 0xFF, 0xF2, 0xFF, 0xF0, 0x11, 0x0E, 0x12
    .byte   0x1E, 0xF1, 0x2F, 0xE0, 0x12, 0xFE, 0xF2, 0x1E, 0x11, 0x2E, 0xE2, 0x2E, 0xE2, 0x20, 0xD1, 0x22
    .byte   0xEE, 0x22, 0xFE, 0xE3,    3, 0x0D, 0x23, 0xED, 0x22, 0xFE, 0x3D, 0xE3, 0x1D, 0x30, 0xEE, 0x23
    .byte   0xD1, 0xEF, 0x4D, 0xD2, 0x20, 0xE3, 0xDD, 0x34, 0xDD, 0xE3, 0x3D, 0x0E, 0x03, 0xEE, 0x11, 0x00
    .byte   0x2E, 0xE2, 0x11, 0x2E, 0xD2,    9, 0x0D, 0x00, 0xD4, 0xFD, 0xF2, 0x3E, 0xB5, 0x2D, 0x2D, 0xF4
    .byte   0xEB, 0x44, 0xDC, 0x34, 0xDE, 0xD2, 0x5C, 0xC2, 0x42, 0xCC, 0x54, 0xAD, 0x62, 0xCD, 0x13, 0x4C
    .byte   0xA6, 0x6A, 0xB5, 0x5B, 0xC4, 0x4C,  -20, 0x04, 0x23, 0xFB, 0xF6, 0x2A, 0xE5, 0x0E, 0xEE, 0xF4
    .byte   0xDD, 0x33, 0xFA, 0x65, 0x9D, 0x54, 0x0A, 0x25, 0xFC, 0xC6, 0x2A, 0x15, 0x3D, 0xB3, 0x41, 0xEB
    .byte   0x55, 0xAC, 0x62, 0xBE, 0x34, 0xEC, 0xC5,   31, 0x0A, 0xB5, 0x6A, 0xDF, 0x54, 0xAC, 0x65, 0xAB
    .byte   0x46, 0xCA, 0x37, 0xCA, 0x14, 0x6A, 0xC4, 0x5C, 0xA5, 0x6C, 0x93, 0x72, 0x9D, 0x64, 0xCB, 0x26
    .byte   0xCC, 0xC7, 0x29, 0x25, 0x30, 0xA2, 0x6E, 0xBE,   13, 0x00, 0xB2, 0x5C, 0xDF, 0x41, 0xDD, 0x24
    .byte   0xD1, 0xC6, 0xAD, 0x7D, 0xBD, 0x43, 0x1D, 0xD2, 0x3E, 0x2D, 0x2F, 0x00, 0x3E, 0xD2, 0x14, 0xA6
    .byte   0xEA, 0x6F, 0xC1, 0x5A, 0xD7, 0xEB, 0xC4, 0x35, 0xAB,   10, 0x0D, 0x2D, 0x14, 0xBC, 0x73, 0xAB
    .byte   0x55, 0xDD, 0xC2, 0x52, 0xBD, 0x6C, 0xA6, 0x5A, 0xB6, 0x4C, 0xFB, 0x37, 0xAC, 0x5F, 0xB4, 0x4E
    .byte   0xBE, 0x53, 0x38, 0x56, 0xDB, 0xD6, 0xDC, 0x32, 0x2D, 0xE0,   12, 0x02, 0xA1, 0x62, 0x96, 0xDD
    .byte   0x4E, 0xD3, 0xDF, 0x5D, 0xCD, 0x5E, 0x2D, 0xD4, 0xFD, 0x34, 0x95, 0x4C, 0x1D, 0x5B, 0x40, 0xEE
    .byte   0x2E, 0xD6, 0xA3, 0x3D, 0x3F, 0xC3, 0x4C, 0x2D, 0x05, 0xB1, 0x3F,   13, 0x0A, 0x6C, 0xD5, 0xB3
    .byte   0x4C, 0xC6, 0xEC, 0xC6, 0xDC, 0x21, 0x5A, 0xE5, 0x59, 0x34, 0xEF, 0xFE, 0xE3, 0x0D, 0x34, 0x95
    .byte   0x6A, 0xE2, 0x3F, 0xC5, 0xEC, 0xF4, 0xD4, 0xB3, 0xE3, 0x48, 0x75, 0xAC,   13, 0x0D, 0xC4, 0xD3
    .byte   0x3B, 0xC7, 0xEB, 0xE4, 0x2D, 0xE2, 0x4B, 0x23, 0xE2, 0xD4, 0xB4, 0x4C, 0xE3, 0xEC, 0x50, 0xCD
    .byte   0x26, 0xCA, 0x52, 0xF0, 0xC5, 0x1A, 0x55, 0xA1, 0x4C, 0x41, 0xCF, 0x43, 0xB1,    5, 0x01, 0xC4
    .byte   0xFC, 0x42, 0xDB, 0x7C, 0x96, 0x6C, 0x95, 0x5F, 0xBE, 0x44, 0xBE, 0x35, 0xCA, 0x65, 0xAB, 0x63
    .byte   0xCC, 0x50, 0xC4, 0xB5, 0x1C, 0x12, 0x3C, 0x13, 0x3E, 0xB3, 0x6C, 0x97, 0xEE, 0xDD,    7, 0x02
    .byte   0xDB, 0x6D, 0xE2, 0xC2, 0x6A, 0xC6, 0x0C, 0xC5, 0x4A, 0xD6, 0x4B, 0xA6, 0x6A, 0xB4, 0x5E, 0xA3
    .byte   0x6B, 0xC3, 0x6B, 0xC3, 0x14, 0xCC, 0x53, 0xCC, 0x51, 0xB5, 0x2B, 0x24, 0xE0, 0xD0, 0x22,    7
    .byte   0x0C, 0x41, 0xC3, 0xD4, 0x39, 0x56, 0xAE, 0x26, 0xAB, 0x7D, 0xDD, 0x24, 0xFB, 0x5D, 0x1D, 0xE7
    .byte   0xAA, 0x65, 0xBE, 0xD3, 0x5C, 0xA7, 0xEA, 0x45, 0xCB, 0x51, 0x2C, 0x13, 0x1C, 0x40, 0xE0, 0xC4
    .byte     32, 0x09, 0xD6, 0x2C, 0xD4, 0x3C, 0xD3, 0x4D, 0xDC, 0x55, 0x92, 0x51, 0xB3, 0x23, 0xEC, 0x4F
    .byte   0x0D, 0x4C, 0xD6, 0xCB, 0x53, 0xA3, 0x6C, 0xB0, 0x62, 0xA2, 0x33, 0x0B, 0x26, 0xCA, 0x64, 0xBB
    .byte   0x64,  -11, 0x03, 0xD5, 0xEB, 0x42, 0x2C, 0xD6, 0xDA, 0x36, 0x0A, 0xF4, 0x5C, 0xB2, 0x52, 0xB1
    .byte   0x42, 0xA5, 0x69, 0x14, 0xD3, 0x2B, 0x43, 0xC3, 0xD4, 0xEB, 0x44, 0xCE, 0x24, 0xDB, 0x53, 0xC3
    .byte   0xDF, 0x3E,   -1, 0x01, 0x3C, 0xF3, 0x3C, 0x14, 0xCE, 0x31, 0x20, 0xB4, 0x4D, 0xC5, 0xEC, 0x34
    .byte   0xB0, 0x4B, 0x7B, 0xA5, 0x6B, 0xB3, 0x5E, 0xB4, 0xD3, 0x0B, 0x62, 0xA2, 0x5F, 0xDD, 0x05, 0xCB
    .byte   0x7D, 0xA3, 0x5E,   -1, 0x0E, 0xD5, 0xEC, 0x04, 0x3B, 0x23, 0xE2, 0x2C, 0xF4, 0xFC, 0x43, 0xA3
    .byte   0x5C, 0x5B, 0xB5, 0x5B, 0xE2, 0x15, 0x95, 0x5B, 0xC4, 0x4C, 0xD0, 0x51, 0xAE, 0x63, 0xBC, 0x53
    .byte   0xDB, 0x46, 0xBB, 0x36,   12, 0x0A, 0x36, 0xEA, 0x15, 0x4A, 0xC7, 0x2A, 0xB7, 0x5A, 0xCF, 0x62
    .byte   0xAC, 0x72, 0x85, 0x60, 0xAC, 0x64, 0xAC, 0x64, 0xCA, 0x37, 0x28, 0x37, 0xF9, 0x44, 0x2C, 0xD4
    .byte   0x69, 0xB7, 0x3B, 0x97, 0x7A,  -31, 0x04, 0x50, 0xDE, 0x5A, 0xC7, 0x3D, 0x91, 0x74, 0x9C, 0x55
    .byte   0xDB, 0x04, 0xE2, 0x4C, 0xB1, 0x70, 0xAB, 0x55, 0x2A, 0xF4, 0xF2, 0x22, 0xCD, 0x45, 0xCA, 0x26
    .byte   0x1B, 0x03, 0x3C, 0x02, 0x23, 0xCE,   -2, 0x02, 0x0E, 0x21, 0xED, 0x41, 0x1D, 0xB6, 0x49, 0xF6
    .byte   0x2D, 0xB2, 0x6F, 0xAC, 0x7D, 0xC2, 0x23, 0xCE, 0x43, 0xCD, 0x25, 0xEA, 0x26, 0xFB, 0xD3, 0x5E
    .byte   0xA3, 0x6B, 0xD4, 0x3D, 0xCF, 0x46, 0xA9,   -8, 0x06, 0xDA, 0x05, 0x2C, 0xD4, 0x3B, 0x15, 0xEB
    .byte   0x25, 0x3B, 0xB4, 0x6F, 0xBC, 0x42, 0x13, 0xEC, 0xD3, 0x6D, 0xAF, 0x54, 0xCB, 0xF6, 0xFC, 0xC2
    .byte   0x42, 0x1D, 0xD0, 0x34, 0xCC, 0x33, 0x3D, 0xD2,    5, 0x0F, 0xFF, 0xEF, 0x30, 0xED, 0x21, 0x3D
    .byte   0xE3, 0xEF, 0x12, 0x1E, 0xD3, 0x2E, 0x1F, 0x2D, 0x22, 0x2D, 0xE2, 0x21, 0xD2, 0x3F, 0xC1, 0x40
    .byte   0xDD, 0x41, 0xEE, 0xF3, 0xFD, 0x22, 0xEF, 0x02, 0xEE,   -4, 0x02, 0x2D, 0x02, 0x22, 0xDE, 0x22
    .byte   0x1E, 0xE1, 0x21, 0x2E, 0xFF, 0x03, 0xFD, 0xF2, 0x3D, 0xD3, 0x2E, 0xEE, 0x30, 0xEF, 0x2F, 0xF1
    .byte   0x21, 0xDE, 0x33, 0xDD, 0xF4, 0x0D, 0xFF, 0x2F, 0xF0, 0x10,   -4, 0x01, 0x2E, 0xE2, 0x2E, 0xD1
    .byte   0x31, 0xEE, 0x22, 0xE1, 0x2F, 0xF0, 0x22, 0xE1, 0x22, 0xEE, 0x03, 0x1E, 0xD3, 0x3D, 0x02, 0xE0
    .byte   0x20, 0xEE, 0x11, 0x1E, 0xE2, 0x1F, 0xDE, 0xF2, 0x0D, 0xEF, 0x1F,  -26, 0x0F, 0x0F, 0x1F, 0xE1
    .byte   0x10, 0x2F, 0xD3, 0x33, 0xFE, 0x34, 0x2F, 0x24, 0x32, 0x22, 0x30, 0x22, 0xEE, 0x0E, 0xED, 0xCE
    .byte   0xFD, 0xCD, 0xD1, 0xEC, 0xE0, 0x0E, 0xEE, 0x21, 0xF1, 0x00, 0x21, 0xDF,  -50, 0x0E, 0xFE, 0x0F
    .byte   0x33, 0x12, 0x34, 0x42, 0x24, 0x52, 0x13, 0x43, 0x20, 0x12, 0xEE, 0xEC, 0xDD, 0xDC, 0xCD, 0xED
    .byte   0xDC, 0x02, 0xFE, 0xD3, 0x3F, 0xE1, 0x32, 0xFD, 0x12, 0xFE, 0xEE, 0xEE, 0xDE,  -61, 0x0E, 0xDE
    .byte   0xE2, 0x41, 0x23, 0x45, 0x32, 0x45, 0x33, 0x33, 0x41, 0x02, 0x2E, 0xFD, 0xDD, 0xDC, 0xDC, 0xCD
    .byte   0xDD, 0xDD, 0xF2, 0xED, 0x23, 0x20, 0x02, 0x3F, 0xE1, 0x1F, 0xEE, 0xFE, 0xDE, 0xDE,  -64, 0x0D
    .byte   0x0E, 0xD2, 0x42, 0xF4, 0x44, 0x42, 0x45, 0x33, 0x34, 0x31, 0x11, 0x21, 0xED, 0xEE, 0xCC, 0xDC
    .byte   0xCD, 0xEC, 0xDD, 0xF0, 0xEE, 0x23, 0xE1, 0x23, 0x2F, 0x02, 0x0E, 0xE0, 0x0E, 0xDE, 0x1D,  -53
    .byte   0x0E, 0xED, 0x1E, 0xE2, 0x33, 0x23, 0x44, 0x32, 0x45, 0x33, 0x14, 0x41, 0xE2, 0x3F, 0xDE, 0xED
    .byte   0xDC, 0xCE, 0xCD, 0xDD, 0xDE, 0xE0, 0xDE, 0x32, 0xFF, 0x13, 0x2F, 0xE2, 0x1F, 0xEE, 0xE2, 0xDE
    .byte    -43, 0x0E, 0xFE, 0xDF, 0x0F, 0xFE, 0x43, 0xE3, 0x43, 0x41, 0x25, 0x32, 0x33, 0x42, 0xF1, 0x30
    .byte   0xEE, 0xED, 0x1C, 0xCF, 0xEC, 0xDD, 0xEE, 0xDD, 0x0E, 0xE2, 0xEE, 0x30, 0x12, 0xE1, 0x3D, 0xF1
    .byte   0xF0,  -30, 0x0D, 0x22, 0xDE, 0x2E, 0xFF, 0xE2, 0x1E, 0x42, 0xF3, 0x32, 0x3F, 0x24, 0x3E, 0x24
    .byte   0x03, 0x2E, 0x32, 0xE2, 0xDE, 0x3C, 0xD2, 0xDD, 0xED, 0xFE, 0xDE, 0xFE, 0xEE, 0x2E, 0x2F, 0xD3
    .byte   0x1D, 0x21,  -28, 0x03, 0xEF, 0x2D, 0x4E, 0xD1, 0x3F, 0xD4, 0xEE, 0x3D, 0x22, 0xE2, 0x2F, 0x2F
    .byte   0x02, 0xF0, 0x20, 0x20, 0x02, 0x11, 0x1E, 0x3E, 0x2F, 0xF1, 0x00, 0xE0, 0x02, 0xEE, 0x10, 0x1E
    .byte   0xE2, 0x0E, 0xE0,    3, 0x0E, 0xFF, 0x00, 0xEF, 0x20, 0x0E, 0xF2, 0x1E, 0x11, 0x12, 0xE1, 0x21
    .byte   0xF0, 0xF0, 0x2F, 0xE1, 0x10, 0xFF, 0x00, 0xFF, 0x1F, 0x0F, 0xF1, 0x0F, 0x10, 0x10, 0x01, 0x1F
    .byte   0x11, 0x00, 0x10, 0x01,    3, 0x0F, 0x10, 0x1F, 0x10, 0x10, 0xF1, 0x00, 0xFF, 0x1F, 0x0F, 0x0F
    .byte   0x1F, 0x00, 0x00, 0x0F, 0xF1, 0x10, 0xF1, 0xF0, 0xF0, 0x10, 0xF0, 0xF1, 0xFF, 0x00, 0xF0, 0x00
    .byte   0x01, 0x0F, 0x10, 0x01, 0x10,    0, 0x00, 0x11, 0x01, 0x01, 0xF1, 0x00, 0x01, 0xF0, 0x0F, 0xF1
    .byte   0xF0, 0x0F, 0x0F, 0x1F, 0x01, 0xFF, 0x10, 0x0F, 0x10, 0xF0, 0xF1, 0x1F, 0xF0, 0x0F, 0x1F, 0xF0
    .byte   0x0F, 0x1F, 0x10, 0x00, 0x01, 0x00,   -2, 0x00, 0x01, 0x10, 0x10, 0x01, 0x10, 0x00, 0x01, 0x1F
    .byte   0x00, 0x00, 0x00, 0x00, 0xFF, 0x00, 0xF0, 0x00, 0xFF, 0x10, 0x0F, 0x00, 0x0F, 0x00, 0xF1, 0x00
    .byte   0x00, 0x00, 0x00, 0xF0, 0x10, 0x0F, 0x11,   -1, 0x00, 0x00, 0x10, 0x00, 0x01, 0x00, 0x01, 0x00
    .byte   0x00, 0x01, 0xF1, 0x01, 0xF0, 0x01, 0xF0, 0x00, 0x0F, 0x00, 0x0F, 0x00, 0xF0, 0x0F, 0x00, 0x0F
    .byte   0x0F, 0x10, 0xF0, 0x01, 0x0F, 0x1F, 0x11, 0xF0,   -2, 0x00, 0x01, 0x1F, 0x0F, 0x11, 0x00, 0x00
    .byte   0x00, 0x10, 0x1F, 0x01, 0x1F, 0x01, 0x00, 0x1F, 0x00, 0x00, 0xF0, 0x0F, 0x00, 0x1F, 0xF0, 0xF0
    .byte   0x00, 0xF0, 0x00, 0x00, 0x0F, 0x10, 0x00, 0x00, 0x01,   -2, 0x00, 0x00, 0x10, 0x00, 0x00, 0x00
    .byte   0x1F, 0x1F, 0x01, 0x00, 0x00, 0x1F, 0x10, 0xF1, 0x00, 0x00, 0x1F, 0x00, 0x1F, 0x1F, 0xF1, 0x0F
    .byte   0x00, 0x1F, 0x00, 0x0F, 0x1F, 0x0F, 0x01, 0x00, 0x00, 0x00,   -1, 0x00, 0x10, 0x00, 0xF0, 0x00
    .byte   0x10, 0xF1, 0x0F, 0x10, 0x00, 0x00, 0x00, 0x1F, 0x01, 0x0F, 0x10, 0x00, 0x10, 0xF0, 0xF1, 0x00
    .byte   0x00, 0xF0, 0x1F, 0x00, 0xF0, 0x1F, 0x1F, 0x00, 0xF1, 0x0F, 0x10,    0, 0x0F, 0x00, 0x00, 0x01
    .byte   0x00, 0x00, 0x00, 0xF1, 0x0F, 0x10, 0x00, 0x00, 0xF1, 0x00, 0x00, 0x00, 0x01, 0x0F, 0x01, 0xF1
    .byte   0xF0, 0x01, 0x0F, 0x00, 0x00, 0x1F, 0x00, 0x00, 0x00, 0x00, 0xF1, 0x00,   -1, 0x01, 0x1F, 0x00
    .byte   0xF1, 0x0F, 0x1F, 0x01, 0x1F, 0x1F, 0x1F, 0x00, 0x01, 0xF0, 0x00, 0xF1, 0x00, 0x00, 0x00, 0x01
    .byte   0xF0, 0x1F, 0xF1, 0x00, 0x00, 0x00, 0x1F, 0x00, 0x0F, 0x10, 0x00, 0x00, 0x0F,    0, 0x0F, 0x1F
    .byte   0x10, 0x00, 0x01, 0xFF, 0x10, 0x00, 0xF1, 0x00, 0x00, 0x00, 0x00, 0x00, 0x01, 0x00, 0xF0, 0x10
    .byte   0xF1, 0x0F, 0x10, 0xF0, 0x01, 0xF1, 0xF0, 0x0F, 0x11, 0xF0, 0x00, 0x00, 0x00, 0x00,    1, 0x0F
    .byte   0x00, 0x00, 0x00, 0x00, 0x01, 0xF0, 0x01, 0x00, 0xF0, 0x01, 0xF0, 0x00, 0x00, 0xF1, 0x00, 0x1F
    .byte   0x01, 0xF0, 0x00, 0x1F, 0x00, 0x1F, 0x0F, 0x10, 0x1F, 0x0F, 0x11, 0x0F, 0xF0, 0x02, 0xE0,    0
    .byte   0x00, 0xF1, 0x1E, 0x12, 0xF0, 0xE2, 0xFF, 0x33, 0xDB, 0x24, 0x5D, 0xAC, 0x45, 0x5D, 0xB8, 0x77
    .byte   0x68, 0x86, 0x75, 0x89, 0x77, 0xE8, 0x27, 0x5A, 0x84, 0x74, 0xBB, 0x44, 0x44, 0xAF, 0x7C, 0xC8
    .byte    -65, 0x07, 0x6B, 0xEE, 0x60, 0x8D, 0x55, 0x4B, 0x12, 0x54, 0xB1, 0x3E, 0x5B, 0xB5, 0x03, 0xA9
    .byte   0x35, 0x2C, 0xD5, 0x50, 0xDD, 0x24, 0x02, 0xD2, 0x5E, 0xDF, 0xE4, 0xEB, 0xF0, 0xC1, 0xEF, 0x3E
    .byte   0x23,   -6, 0x01, 0x23, 0xFE, 0x23, 0x30, 0xC2, 0x3E, 0xEC, 0x02, 0xDC, 0x32, 0xE1, 0xE3, 0x1E
    .byte   0x23, 0xE0, 0x21, 0x03, 0x12, 0xFD, 0xD2, 0xDD, 0x1E, 0x22, 0xD2, 0x31, 0x2E, 0xC4, 0x4D, 0xF2
    .byte   0x3E, 0x12,   11, 0x0E, 0xEF, 0x1E, 0xFE, 0xD4, 0xEE, 0xFF, 0x22, 0xFF, 0x30, 0xE1, 0x20, 0xE1
    .byte   0x10, 0xFD, 0x30, 0xD2, 0xF2, 0xDE, 0x30, 0x12, 0x00, 0x20, 0x0F, 0x2F, 0xEE, 0x2F, 0xEE, 0xF3
    .byte   0xEF, 0x12, 0xED,   -1, 0x02, 0xE2, 0x01, 0x2D, 0xF3, 0x1F, 0xDE, 0x11, 0xDE, 0x4F, 0x0E, 0xE2
    .byte   0x23, 0xFE, 0xE1, 0x22, 0xEF, 0xE1, 0x2F, 0xEE, 0x03, 0xEF, 0x10, 0x11, 0x0E, 0x13, 0xEF, 0xEF
    .byte   0x2E, 0xF2, 0x2E, 0xE1,    7, 0x0F, 0xD1, 0x02, 0x2D, 0xF2, 0xF2, 0xFE, 0x12, 0xFE, 0xFE, 0x32
    .byte   0xD0, 0x12, 0x11, 0xDF, 0x3F, 0x0F, 0xE1, 0x00, 0x2D, 0x12, 0x21, 0xDF, 0x31, 0x1D, 0x20, 0x01
    .byte   0xE0, 0x2F, 0xF2, 0xF1, 0x12,    8, 0x0E, 0xFD, 0x02, 0xEF, 0x02, 0x30, 0xF0, 0x01, 0x1E, 0xE1
    .byte   0x0F, 0xFE, 0x13, 0xF0, 0x2F, 0xEE, 0x2F, 0xEE, 0x21, 0x23, 0xFD, 0xF2, 0x3E, 0xDE, 0xE1, 0x23
    .byte   0xDD, 0x12, 0x4F, 0xEF, 0x12, 0x3D,   -5, 0x0D, 0x33, 0xEE, 0xE3, 0x21, 0xEE, 0x2F, 0xD0, 0x30
    .byte   0xFF, 0xE3, 0x2F, 0x0C, 0x33, 0xEE, 0xD1, 0x11, 0x11, 0xE2, 0x22, 0x2D, 0xE1, 0x3F, 0xFD, 0x23
    .byte   0x1C, 0x12, 0xF0, 0xEF, 0x01, 0x23, 0x2D,    1, 0x02, 0x13, 0xDD, 0xE1, 0x2E, 0xE1, 0x23, 0x2E
    .byte   0xFE, 0x23, 0xEC, 0xD4, 0x4E, 0xCE, 0x43, 0xFB, 0xD2, 0x34, 0xCD, 0x33, 0x4F, 0xDD, 0x02, 0x0E
    .byte   0xC1, 0x4D, 0x1F, 0x23, 0x11, 0x02, 0xED, 0xEE,   -7, 0x02, 0x13, 0x11, 0xDF, 0x2F, 0xDE, 0x21
    .byte   0x03, 0xF2, 0x3D, 0x2E, 0xE1, 0xDD, 0x03, 0x21, 0x31, 0xED, 0x21, 0x1E, 0xEE, 0x34, 0xFD, 0xD1
    .byte   0xE4, 0xFC, 0xE1, 0x44, 0xFC, 0x1D, 0xE3, 0x3D, 0xCE,  -21, 0x03, 0x54, 0xCD, 0xD4, 0x2C, 0xCD
    .byte   0x43, 0x2F, 0x33, 0xC0, 0x2E, 0xEE, 0x3C, 0xC2, 0x45, 0x0C, 0xF2, 0x43, 0xBC, 0xDF, 0x43, 0xEF
    .byte   0xFD, 0x35, 0x2C, 0xB1, 0x32, 0xCD, 0x34, 0x33, 0x4E, 0xCC,   -7, 0x02, 0xCC, 0x34, 0x23, 0x33
    .byte   0xEE, 0xE3, 0xDB, 0xDF, 0x44, 0xD1, 0x13, 0x32, 0xEC, 0xCD, 0x23, 0x30, 0xE3, 0x42, 0x2E, 0xCB
    .byte   0xB4, 0x53, 0xED, 0x34, 0x3E, 0xCC, 0xDF, 0x03, 0x22, 0xF2, 0x31,   13, 0x0F, 0xCD, 0x12, 0x32
    .byte   0xDD, 0xF4, 0x40, 0xDC, 0xD2, 0x32, 0xED, 0x32, 0x32, 0xEE, 0xDE, 0x22, 0x2E, 0xEE, 0x32, 0xE0
    .byte   0xE2, 0x32, 0xED, 0xD0, 0x1F, 0xD3, 0x44, 0xFC, 0xDE, 0x20, 0x02, 0x2E,   -2, 0x0F, 0xEE, 0x33
    .byte   0xEC, 0x03, 0x32, 0xEE, 0xEF, 0x21, 0xDD, 0x24, 0x2D, 0x00, 0x0E, 0xDE, 0x31, 0xE2, 0x21, 0x31
    .byte   0x0D, 0xF2, 0xE2, 0x3F, 0xDE, 0x33, 0x32, 0xFC, 0xD2, 0x32, 0x0E, 0xE2, 0x31,   21, 0x0D, 0xDE
    .byte   0xE1, 0x31, 0xEF, 0x21, 0xEC, 0xEE, 0xF2, 0x21, 0xFE, 0xEE, 0x2F, 0x0E, 0xD0, 0x22, 0x13, 0xFF
    .byte   0x22, 0xE1, 0x33, 0x21, 0x33, 0x1E, 0x23, 0x3E, 0xD1, 0x31, 0xE3, 0x21, 0xCC, 0x33,   36, 0x0D
    .byte   0xD2, 0xED, 0xDF, 0x1F, 0xDE, 0xDE, 0xE0, 0x1F, 0x0E, 0xED, 0xEE, 0xEE, 0xF1, 0x43, 0xFF, 0x20
    .byte   0xF1, 0x1F, 0x35, 0x54, 0x0F, 0x2D, 0xE2, 0x42, 0xFD, 0xF2, 0x33, 0x2F, 0xCC, 0x02, 0x20,   37
    .byte   0x0D, 0xDE, 0xE0, 0xEE, 0xEE, 0xEE, 0xDE, 0xD0, 0x2F, 0xED, 0xDE, 0xEF, 0xF0, 0xEE, 0x23, 0x32
    .byte   0xFE, 0xD1, 0x56, 0x64, 0xDD, 0xCC, 0x25, 0x42, 0xDD, 0xE3, 0x42, 0x2D, 0xDD, 0x13, 0x30, 0xDC
    .byte     19, 0x0D, 0xE2, 0x3F, 0xEE, 0xDF, 0x1F, 0xDD, 0xCC, 0x03, 0x22, 0xEE, 0xDD, 0x01, 0xED, 0x11
    .byte   0xE1, 0x21, 0x22, 0x46, 0x74, 0xEE, 0xDC, 0xC0, 0x44, 0x1D, 0xE2, 0x32, 0x23, 0x0D, 0xD2, 0x3F
    .byte   0xDD,   27, 0x0D, 0xC1, 0x32, 0x1D, 0xEE, 0x0E, 0x1D, 0xDD, 0xCE, 0x23, 0x20, 0xDF, 0x1D, 0xDE
    .byte   0xED, 0xDE, 0x24, 0x32, 0x46, 0x55, 0x22, 0xEC, 0xCD, 0x34, 0x2E, 0xE2, 0x21, 0x33, 0x3E, 0xEF
    .byte   0x20, 0xDD,   33, 0x0C, 0xCD, 0x23, 0x3E, 0xFE, 0xDD, 0xDF, 0x2D, 0xDF, 0x22, 0xED, 0xDF, 0x02
    .byte   0x2F, 0xCC, 0xCE, 0xF4, 0x54, 0x35, 0x64, 0x41, 0xFC, 0xBE, 0x22, 0x00, 0x22, 0xF2, 0x44, 0x2E
    .byte   0xFE, 0xEE, 0xED,   29, 0x0C, 0xDC, 0x14, 0x32, 0xEE, 0xDC, 0xD1, 0x1E, 0xDE, 0x10, 0xD0, 0x22
    .byte   0xDE, 0xED, 0xCD, 0xEF, 0x33, 0x44, 0x56, 0x63, 0x32, 0xBB, 0xC2, 0x22, 0x22, 0x2F, 0x12, 0x53
    .byte   0x00, 0xFD, 0xDE, 0xED,   22, 0x0D, 0xCE, 0x33, 0x12, 0x2D, 0xCD, 0xEF, 0xDE, 0xEE, 0xFE, 0xE2
    .byte   0x1F, 0xED, 0xDD, 0xDD, 0xD3, 0x43, 0x45, 0x66, 0x43, 0x2D, 0xAC, 0x22, 0xF0, 0x23, 0x1E, 0x05
    .byte   0x41, 0x22, 0xEC, 0xCF, 0xEC,   10, 0x0D, 0xE1, 0x32, 0x22, 0xFC, 0xDD, 0xDD, 0xEE, 0x2F, 0xEE
    .byte   0x11, 0xED, 0xFD, 0xDD, 0xDD, 0x24, 0x43, 0x47, 0x64, 0x42, 0xDA, 0xC1, 0x1E, 0x23, 0x2F, 0xE2
    .byte   0x54, 0x22, 0x3D, 0xCD, 0xDD, 0xCD,    8, 0x0D, 0x01, 0x32, 0x11, 0xEC, 0xDD, 0xDD, 0xE2, 0x1D
    .byte   0xF1, 0x0F, 0xDE, 0xDC, 0xDE, 0xE2, 0x43, 0x46, 0x75, 0x34, 0x2B, 0xBC, 0x3F, 0x02, 0x32, 0xEF
    .byte   0x45, 0x32, 0x2F, 0xDC, 0xCD, 0xDC, 0xE1,   10, 0x0E, 0xE2, 0x2F, 0xEF, 0xDD, 0xDD, 0xDD, 0xFE
    .byte   0xF0, 0x11, 0xFE, 0xDD, 0xDC, 0xE2, 0x33, 0x45, 0x66, 0x44, 0x5E, 0xBB, 0xFF, 0xDD, 0x42, 0xFE
    .byte   0x45, 0x21, 0x43, 0xDC, 0xDD, 0xBC, 0xFF, 0xEE,    4, 0x02, 0xFF, 0x11, 0xDD, 0xDD, 0xCD, 0xE0
    .byte   0x2F, 0x02, 0xDD, 0xDE, 0xDD, 0xEE, 0x33, 0x34, 0x67, 0x54, 0x51, 0xCB, 0xD0, 0xDD, 0x23, 0x0D
    .byte   0x34, 0x42, 0x34, 0x1D, 0xCD, 0xCC, 0xCE, 0xFE, 0xE1,    3, 0x0E, 0xE1, 0x2D, 0xDD, 0xDC, 0xD2
    .byte   0x2E, 0xFF, 0xEE, 0xDD, 0xED, 0xEF, 0x32, 0x34, 0x66, 0x54, 0x53, 0xDB, 0xE0, 0xED, 0x03, 0xFE
    .byte   0x23, 0x33, 0x33, 0x1E, 0xDD, 0xCC, 0xDD, 0xDE, 0xEE, 0x0F,  -10, 0x00, 0xFE, 0xEE, 0xEE, 0xDE
    .byte   0xFE, 0xFF, 0x0F, 0xEE, 0xEE, 0xDE, 0xEF, 0x02, 0x33, 0x44, 0x44, 0x43, 0x23, 0x22, 0x10, 0x20
    .byte   0x01, 0x22, 0x23, 0x11, 0xFE, 0xEE, 0xED, 0xEE, 0xED, 0xFE, 0xEE,   11, 0x0E, 0xEE, 0xEE, 0xFD
    .byte   0xED, 0xEE, 0xDE, 0xED, 0xDD, 0xDE, 0xE0, 0xE1, 0x02, 0x22, 0x34, 0x44, 0x34, 0x43, 0x43, 0x43
    .byte   0x33, 0x22, 0x3F, 0x22, 0xF0, 0xEE, 0xE0, 0xDE, 0xDD, 0xDD, 0xDD, 0xDD,    0, 0x0E, 0xDC, 0xED
    .byte   0xDE, 0xDD, 0xEE, 0xDF, 0xFE, 0xEF, 0xEF, 0x00, 0x12, 0x23, 0x44, 0x44, 0x42, 0x43, 0x44, 0x33
    .byte   0x23, 0x22, 0x3F, 0x22, 0x0E, 0xED, 0xEE, 0xDE, 0xDD, 0xDD, 0xDD, 0xDE, 0xDE,  -20, 0x0D, 0xEE
    .byte   0xDE, 0xDD, 0xEE, 0xD0, 0xEE, 0xEF, 0xEF, 0xFF, 0x12, 0x23, 0x43, 0x44, 0x33, 0x44, 0x44, 0x33
    .byte   0x32, 0x23, 0x20, 0x22, 0xF0, 0xDE, 0xED, 0xED, 0xEC, 0xDD, 0xDE, 0xDE, 0xDE, 0xDD,  -32, 0x0D
    .byte   0xEE, 0xDD, 0xEE, 0xEE, 0xEE, 0xEF, 0xEF, 0xE0, 0x02, 0x23, 0x44, 0x34, 0x34, 0x43, 0x44, 0x33
    .byte   0x33, 0x22, 0x22, 0x20, 0xFF, 0xDE, 0xEE, 0xDE, 0xDD, 0xDC, 0xDE, 0xDE, 0xED, 0xDE, 0xDD,  -48
    .byte   0x0E, 0xDE, 0xDE, 0xEE, 0xEE, 0xFE, 0xEF, 0xFF, 0x12, 0x33, 0x43, 0x43, 0x34, 0x44, 0x44, 0x33
    .byte   0x32, 0x23, 0x02, 0x11, 0xFE, 0xEE, 0xED, 0xED, 0xDD, 0xDD, 0xDD, 0xEE, 0xDD, 0xED, 0xED, 0xDE
    .byte    -64, 0x0E, 0xDE, 0xEE, 0xEF, 0xEE, 0xEF, 0x12, 0x22, 0x34, 0x34, 0x34, 0x34, 0x34, 0x43, 0x43
    .byte   0x23, 0x22, 0x12, 0xF1, 0xEE, 0xED, 0xED, 0xDD, 0xDD, 0xDE, 0xDD, 0xEE, 0xED, 0xED, 0xDD, 0xED
    .byte   0xEE,  -72, 0x0E, 0xDF, 0xEF, 0xEE, 0xEF, 0x01, 0x23, 0x34, 0x34, 0x34, 0x44, 0x34, 0x33, 0x43
    .byte   0x30, 0x22, 0x21, 0xFF, 0xED, 0xEE, 0xED, 0xDD, 0xDD, 0xDD, 0xED, 0xEE, 0xDE, 0xDD, 0xDE, 0xDE
    .byte   0xED, 0xFE,  -83, 0x0E, 0xEE, 0xEE, 0xF0, 0x12, 0x34, 0x34, 0x34, 0x34, 0x44, 0x34, 0x33, 0x32
    .byte   0x22, 0x22, 0x11, 0xEE, 0xEE, 0xDD, 0xED, 0xED, 0xDD, 0xED, 0xDE, 0xED, 0xDD, 0xED, 0xDE, 0xDE
    .byte   0xEE, 0xDE, 0xFE,  -96, 0x0E, 0xF0, 0xEF, 0x33, 0x43, 0x34, 0x34, 0x44, 0x43, 0x43, 0x33, 0x22
    .byte   0x22, 0x20, 0x0E, 0xED, 0xEE, 0xDD, 0xDD, 0xDD, 0xED, 0xFD, 0xDE, 0x2F, 0xAB, 0x42, 0xCC, 0x20
    .byte   0xDD, 0x0E, 0xDE, 0x12, -104, 0x01, 0x45, 0x53, 0x45, 0x33, 0x13, 0x4F, 0xE2, 0x31, 0xF3, 0x33
    .byte   0x20, 0xED, 0xDD, 0xDD, 0xDE, 0xDF, 0xEE, 0xEE, 0xFE, 0xED, 0xDD, 0xDD, 0xDE, 0xD0, 0x00, 0xEE
    .byte   0xED, 0xEE, 0x01, 0x23, 0x45,  -18, 0x04, 0x44, 0x21, 0x03, 0x3E, 0x13, 0x2E, 0xE2, 0x23, 0x30
    .byte   0xED, 0xDC, 0xDE, 0xFF, 0xEE, 0xEE, 0xEE, 0x00, 0xED, 0xDD, 0xDC, 0xDF, 0x00, 0x0E, 0x1D, 0xDF
    .byte   0xFF, 0x11, 0x14, 0x55, 0x45, 0x31,   29, 0x00, 0x02, 0x23, 0x32, 0x0E, 0x13, 0x22, 0x21, 0xDD
    .byte   0xCD, 0xDE, 0xEE, 0x20, 0xEE, 0x1E, 0xED, 0xED, 0xDD, 0xCE, 0xEE, 0xF1, 0xFF, 0xED, 0xED, 0xFF
    .byte   0x24, 0x45, 0x54, 0x52, 0xEE, 0x00, 0x03,   45, 0x03, 0x11, 0x21, 0x12, 0x22, 0xFE, 0xDC, 0xDD
    .byte   0xDF, 0xFF, 0x0F, 0x0E, 0xEE, 0xDE, 0xDD, 0xDD, 0xDE, 0xF0, 0xF0, 0xEE, 0xDE, 0xDF, 0x13, 0x35
    .byte   0x55, 0x54, 0x1D, 0xEF, 0xF0, 0x33, 0x32, 0x21,   63, 0x01, 0x22, 0x2F, 0xDD, 0xCD, 0xCE, 0xE0
    .byte   0x12, 0x1F, 0xEE, 0xDE, 0xDD, 0xDD, 0xDE, 0xEE, 0x1F, 0x0F, 0xEE, 0xED, 0xF2, 0x34, 0x55, 0x55
    .byte   0x1E, 0xDD, 0xF1, 0x33, 0x33, 0x21, 0x00, 0x11, 0x22,   66, 0x0D, 0xDC, 0xDD, 0xDF, 0x02, 0x11
    .byte   0x0E, 0xDE, 0xDD, 0xDE, 0xED, 0xEE, 0xE1, 0x2E, 0x0E, 0xDE, 0xD1, 0x34, 0x56, 0x54, 0x3D, 0xCD
    .byte   0xFF, 0x34, 0x33, 0x20, 0xFF, 0xF2, 0x20, 0xFE, 0xDC, 0xDD,    5, 0x0F, 0x10, 0x21, 0xFE, 0xED
    .byte   0xDE, 0xDE, 0xEE, 0xE0, 0xFF, 0xEF, 0xFD, 0xDE, 0xDF, 0x34, 0x55, 0x64, 0x3E, 0xCD, 0xD0, 0x13
    .byte   0x34, 0x22, 0x3E, 0xFE, 0x10, 0xEE, 0xED, 0xDD, 0xDE, 0xE2, 0x12,    9, 0x01, 0xDD, 0xDD, 0xED
    .byte   0x10, 0xE1, 0xE0, 0x0E, 0xFD, 0xDE, 0xDE, 0x24, 0x56, 0x55, 0x30, 0xCC, 0xC0, 0x13, 0x34, 0x33
    .byte   0x0F, 0xEE, 0xFF, 0xF0, 0xED, 0xDD, 0xDD, 0xF1, 0x22, 0x1F, 0xED, 0xDC,  -34, 0x0E, 0xE1, 0x11
    .byte   0x2F, 0xEF, 0xED, 0xDD, 0xDE, 0x24, 0x56, 0x65, 0x3D, 0xCB, 0xDE, 0x03, 0x44, 0x23, 0x0F, 0xDE
    .byte   0xF0, 0x0F, 0x1D, 0xDD, 0xDD, 0x01, 0x13, 0x11, 0xED, 0xDC, 0xEE, 0xE1, 0x21,  -33, 0x01, 0x0E
    .byte   0xFD, 0xDD, 0xDD, 0x13, 0x56, 0x56, 0x4F, 0xCC, 0xCC, 0xF3, 0x33, 0x42, 0x3F, 0xDD, 0xE0, 0x22
    .byte   0x0E, 0xDD, 0xDD, 0xEE, 0x12, 0x32, 0xFD, 0xDD, 0xDD, 0xF0, 0x11, 0x21, 0x1F, 0xEE,  -46, 0x0D
    .byte   0xED, 0xE1, 0x36, 0x65, 0x53, 0xCC, 0xBD, 0xE2, 0x42, 0x43, 0x1F, 0xDD, 0xD0, 0x32, 0x12, 0xED
    .byte   0xDD, 0xDE, 0x01, 0x12, 0x2E, 0xEE, 0xDD, 0xFE, 0xE1, 0x01, 0x20, 0x11, 0x0F, 0xEE, 0xDD,  -59
    .byte   0x0E, 0xF4, 0x66, 0x45, 0x3C, 0xBC, 0xCD, 0x24, 0x34, 0x2F, 0x0C, 0xDE, 0x04, 0x22, 0x2E, 0xCD
    .byte   0xDD, 0xE1, 0x32, 0x3E, 0xED, 0xDD, 0xD1, 0x10, 0x23, 0x20, 0xFF, 0xEE, 0xDD, 0xDC, 0xDD, 0x16
    .byte     16, 0x05, 0x65, 0xBA, 0xBC, 0xCD, 0x45, 0x43, 0x2D, 0xDC, 0xDE, 0x54, 0x23, 0x0C, 0xBD, 0xDE
    .byte   0xF4, 0x32, 0xDD, 0xDC, 0xC1, 0x34, 0x32, 0x3E, 0xDC, 0xD2, 0x23, 0x33, 0x2D, 0xEE, 0xE0, 0x13
    .byte   0x42,   16, 0x02, 0xED, 0xDF, 0x10, 0x23, 0x0F, 0xDE, 0x0E, 0x02, 0x32, 0x1F, 0x1E, 0xEF, 0xF2
    .byte   0xFF, 0x10, 0xE0, 0x01, 0x1F, 0x01, 0x0F, 0xF1, 0xFF, 0x00, 0x0E, 0x00, 0xF0, 0x0F, 0x1F, 0x1F
    .byte   0x0F, 0xF1,   -5, 0x00, 0x12, 0x02, 0x11, 0x10, 0x01, 0x11, 0x11, 0x01, 0x20, 0x10, 0xFF, 0xFE
    .byte   0xE1, 0x1F, 0x01, 0x0F, 0xE0, 0xEE, 0xE1, 0x1E, 0xEF, 0xEE, 0xFF, 0xEE, 0xDD, 0xCC, 0xCE, 0x67
    .byte   0x66, 0x72, 0xAA,   12, 0x0C, 0xC2, 0x55, 0x3C, 0xDC, 0xCE, 0x46, 0x63, 0x11, 0xBA, 0xBD, 0x00
    .byte   0x34, 0x1D, 0xBC, 0xDE, 0x24, 0x53, 0x3E, 0xDD, 0xCE, 0x34, 0x33, 0x1F, 0xDC, 0x01, 0x23, 0x32
    .byte   0x2F, 0xEE, 0x01, 0x11,   15, 0x0E, 0xED, 0xEE, 0xE1, 0x20, 0x20, 0x00, 0x10, 0x00, 0x0F, 0xFF
    .byte   0x01, 0x10, 0x0E, 0x0E, 0x11, 0x23, 0x22, 0xEF, 0xEE, 0x00, 0x20, 0x10, 0xFE, 0xE1, 0x02, 0x12
    .byte   0x10, 0xEF, 0x00, 0x21, 0x21,    9, 0x0E, 0xFE, 0xFF, 0x02, 0x20, 0x1F, 0xEF, 0x01, 0x12, 0xF0
    .byte   0xE0, 0xE0, 0x02, 0x21, 0x1F, 0xEE, 0xEF, 0xF1, 0x11, 0x11, 0x01, 0x10, 0x21, 0x10, 0xE0, 0xEF
    .byte   0xF0, 0x11, 0x10, 0xFF, 0xF0, 0x11,    0, 0x01, 0x1F, 0x0F, 0x01, 0x1F, 0x0F, 0xFF, 0xF1, 0x11
    .byte   0x10, 0x00, 0x00, 0x11, 0x01, 0x00, 0xEF, 0x0F, 0xF3, 0xD2, 0x1F, 0x1E, 0x2F, 0x01, 0xF1, 0xFE
    .byte   0x1F, 0x01, 0x01, 0x0F, 0xFF, 0x01, 0xF2,   -2, 0x00, 0xF1, 0x10, 0x11, 0xF2, 0x0E, 0x0F, 0x1F
    .byte   0xF2, 0xF0, 0xF1, 0x10, 0x11, 0x10, 0xF0, 0xFF, 0x01, 0xF0, 0x10, 0x00, 0xFF, 0x00, 0x10, 0x00
    .byte   0x0F, 0xF0, 0xF0, 0x00, 0x0E, 0x0F, 0xFF, 0xF1,   -6, 0x01, 0x01, 0x01, 0x11, 0x11, 0x11, 0x11
    .byte   0x00, 0x00, 0x10, 0x00, 0x00, 0x10, 0x10, 0xF0, 0x0F, 0x0F, 0x0F, 0xFF, 0x0E, 0x00, 0xFF, 0xFF
    .byte   0x00, 0xF0, 0x10, 0x10, 0x10, 0x00, 0x1F, 0x01, 0x1F,   -1, 0x00, 0x00, 0x11, 0x11, 0x01, 0x1F
    .byte   0x00, 0x01, 0xF0, 0x0F, 0xF0, 0xF0, 0xF0, 0xF0, 0xF0, 0xF0, 0x0F, 0x00, 0x0F, 0x01, 0xF0, 0x00
    .byte   0x11, 0x01, 0x10, 0x11, 0x01, 0x01, 0x1F, 0x10, 0x01, 0x0F,    4, 0x01, 0x00, 0x0F, 0xF1, 0xFF
    .byte   0x1F, 0x00, 0xF0, 0xF0, 0xFF, 0x0F, 0x1F, 0x00, 0xF1, 0xF1, 0x1F, 0x00, 0x1F, 0x01, 0x1F, 0x11
    .byte   0x00, 0x10, 0x1F, 0x10, 0x00, 0x00, 0xF1, 0x00, 0xF1, 0x0F, 0x00,    1, 0x00, 0xF1, 0x0F, 0x00
    .byte   0xF0, 0xF1, 0x0F, 0x1F, 0x00, 0x01, 0x00, 0x00, 0x1F, 0x10, 0x0F, 0x11, 0xF0, 0x10, 0x0F, 0x10
    .byte   0x0F, 0x10, 0x0F, 0x10, 0xFF, 0x1F, 0x01, 0xF0, 0x01, 0xF0, 0x1F, 0x00,    0, 0x00, 0x00, 0x10
    .byte   0xF0, 0x01, 0x0F, 0x10, 0xF0, 0x1F, 0x00, 0x01, 0xF1, 0xF0, 0x00, 0x00, 0x1F, 0x0F, 0x01, 0x0F
    .byte   0x1F, 0x01, 0x00, 0x00, 0x1F, 0x00, 0x00, 0x00, 0x00, 0xF1, 0x00, 0x1F, 0x00,   -1, 0x01, 0x00
    .byte   0xF1, 0x01, 0xFF, 0x10, 0x01, 0xF0, 0x00, 0x00, 0x00, 0x00, 0x00, 0x00, 0xF1, 0x01, 0xF0, 0x00
    .byte   0x00, 0xF1, 0x00, 0x00, 0x01, 0xF0, 0xF1, 0xF1, 0x00, 0x00, 0x00, 0xF0, 0x11, 0xF0,    0, 0x00
    .byte   0x1F, 0x00, 0x00, 0x00, 0x00, 0x1F, 0xF1, 0x00, 0x00, 0x00, 0x00, 0x00, 0x10, 0xF0, 0x01, 0xF0
    .byte   0x0F, 0x10, 0x00, 0x00, 0x00, 0x0F, 0x10, 0x00, 0xF0, 0x10, 0x00, 0x1F, 0x00, 0x00, 0x01,    0
    .byte   0x01, 0xF0, 0x00, 0x00, 0x00, 0x1F, 0x1F, 0x1F, 0xF1, 0x00, 0x00, 0x00, 0xF1, 0x00, 0x00, 0x00
    .byte   0xF0, 0x01, 0x00, 0x0F, 0x10, 0x00, 0x00, 0x00, 0x10, 0xF1, 0x0F, 0x00, 0x00, 0x1F, 0x00, 0x00
    .byte      0, 0x00, 0x00, 0x00, 0x00, 0xF1, 0x00, 0xF1, 0x00, 0x1F, 0x0F, 0x10, 0x00, 0x10, 0x00, 0x01
    .byte   0xFF, 0x4D, 0xDF, 0x2F, 0xB3, 0x5C, 0x34, 0xCD, 0x2E, 0x12, 0xDF, 0x32, 0x27, 0xB9, 0x7A, 0xD5
    .byte   0xA4,    2, 0x0A, 0x73, 0x87, 0xDB, 0x7C, 0xC5, 0x96, 0x4A, 0x7C, 0xA6, 0xAE, 0x50, 0xC5, 0xCE
    .byte   0x4C, 0x5B, 0xD2, 0xF0, 0x4F, 0xE4, 0xC2, 0x2F, 0xEE, 0xE2, 0xE1, 0x3F, 0x3D, 0x2F, 0xFE, 0x0E
    .byte   0xD2, 0xFF,   -8, 0x02, 0x13, 0xE0, 0x3E, 0xE2, 0xDE, 0x3F, 0x02, 0x0F, 0xFF, 0x2E, 0xFE, 0xF0
    .byte   0xE2, 0x21, 0x2F, 0xE2, 0xFF, 0x1F, 0x10, 0xE1, 0x1E, 0x11, 0x02, 0xF0, 0x1E, 0x02, 0x00, 0x11
    .byte   0xEF, 0x12, 0xEE,    0, 0x00, 0xF1, 0x00, 0x1E, 0x02, 0xF1, 0xFF, 0x11, 0x00, 0x1F, 0xFF, 0xFF
    .byte   0x2F, 0xF1, 0xFF, 0xF0, 0x02, 0xFF, 0x10, 0x10, 0xF1, 0xFF, 0xFF, 0xF0, 0x11, 0x11, 0x02, 0xE1
    .byte   0x00, 0xEF, 0xF1, 0x01,    1, 0x01, 0x0F, 0x1F, 0xFF, 0xFF, 0xF0, 0x11, 0x11, 0x10, 0x00, 0xF1
    .byte   0xF0, 0xF1, 0x01, 0xFF, 0xF0, 0x11, 0x0F, 0x00, 0x11, 0xF1, 0xF0, 0x10, 0x11, 0xF0, 0x10, 0x0F
    .byte   0xEF, 0xFF, 0x00, 0x12, 0x12,    6, 0x02, 0xEE, 0xE0, 0xFF, 0x21, 0x02, 0xE1, 0x0E, 0xF1, 0xFF
    .byte   0x10, 0x20, 0x10, 0x11, 0x0F, 0xFF, 0xF0, 0x00, 0xEF, 0x00, 0x12, 0x11, 0x11, 0x01, 0xFF, 0xEF
    .byte   0xF0, 0x02, 0x01, 0x01, 0x0F, 0xFE,   -5, 0x0F, 0x01, 0x22, 0x02, 0x01, 0x0E, 0xEE, 0xE1, 0x11
    .byte   0x21, 0x0F, 0x11, 0x21, 0xEE, 0xEF, 0x23, 0x21, 0xDE, 0xF0, 0x12, 0xFE, 0xE0, 0x22, 0x22, 0x0E
    .byte   0xD2, 0x01, 0xFE, 0x00, 0xF2, 0x21, 0xFF,    1, 0x0F, 0x1E, 0x01, 0x01, 0x22, 0x1E, 0xDF, 0x22
    .byte   0x10, 0xEE, 0xE2, 0x30, 0x0E, 0x0F, 0xF2, 0x11, 0xFE, 0xE1, 0x11, 0x1E, 0x11, 0x22, 0x2E, 0xEF
    .byte   0x01, 0x0E, 0x0E, 0x02, 0x22, 0x2E, 0xEF, 0x2F,   -3, 0x0F, 0x0E, 0x02, 0x32, 0xE0, 0x2E, 0xDE
    .byte   0x2F, 0xFF, 0x22, 0x12, 0x31, 0xDD, 0xE0, 0xFE, 0x32, 0x0F, 0x12, 0xEE, 0x11, 0x0F, 0x00, 0xFE
    .byte   0x23, 0x3D, 0xCF, 0x12, 0x12, 0x30, 0xEF, 0x1E, 0xDE,   -7, 0x03, 0x0E, 0x22, 0x2F, 0x01, 0xEC
    .byte   0xDF, 0x33, 0xF1, 0x33, 0x2F, 0xFC, 0xCD, 0x33, 0x0E, 0x23, 0x22, 0x3D, 0xDD, 0xDF, 0x22, 0x3E
    .byte   0xF3, 0x30, 0x2D, 0xDD, 0xD2, 0x32, 0xE0, 0x23, 0x31, 0xDD,  -10, 0x00, 0x21, 0x01, 0xE3, 0x32
    .byte   0x2E, 0xCE, 0xE0, 0x2F, 0x02, 0x12, 0x32, 0xEE, 0xDF, 0x0E, 0x0F, 0x11, 0x33, 0x2F, 0xEC, 0xE1
    .byte   0x01, 0x2F, 0x12, 0x22, 0xFE, 0xE0, 0x12, 0xED, 0xDE, 0x34, 0x3F,   10, 0x0D, 0xD2, 0x32, 0xDD
    .byte   0x12, 0xF2, 0x31, 0xEE, 0xE2, 0x2E, 0xFE, 0xE0, 0x22, 0x20, 0xE2, 0x31, 0xDD, 0xFE, 0x01, 0x22
    .byte   0x2F, 0x11, 0xE1, 0x2E, 0x0E, 0xEF, 0x12, 0x22, 0xEF, 0x11, 0xF0, 0xEE,   -7, 0x01, 0x22, 0x20
    .byte   0xED, 0x22, 0x22, 0xFE, 0xDE, 0x03, 0x2F, 0xEE, 0x23, 0x1E, 0xEE, 0xE0, 0x32, 0xED, 0xE3, 0x32
    .byte   0x00, 0xCD, 0x23, 0x3F, 0xCE, 0x23, 0x32, 0xED, 0x0F, 0xD2, 0x30, 0xEE, 0xF3,    4, 0x0F, 0x20
    .byte   0xD1, 0x1E, 0xD1, 0x32, 0x3F, 0xD0, 0x1F, 0x2E, 0xD1, 0x23, 0x2E, 0xD2, 0x11, 0x1E, 0xD0, 0x32
    .byte   0xFF, 0xFF, 0x11, 0x22, 0xED, 0xEF, 0x23, 0x11, 0xEE, 0x21, 0xED, 0x13, 0x2F, 0xFF,   -2, 0x0F
    .byte   0x13, 0x20, 0xDD, 0xF2, 0x10, 0x2E, 0x03, 0x10, 0xFD, 0xE1, 0x21, 0x1E, 0x11, 0x22, 0x0E, 0xE0
    .byte   0xFF, 0x0F, 0x10, 0x21, 0x10, 0x22, 0xFE, 0xDD, 0x12, 0x12, 0x31, 0x0E, 0x01, 0xFE, 0xEE,   -9
    .byte   0x02, 0x31, 0x0E, 0xE1, 0x22, 0x1D, 0xD0, 0x23, 0x31, 0xED, 0xD1, 0x32, 0x0F, 0xDE, 0x23, 0x2E
    .byte   0xED, 0x14, 0x3F, 0xCC, 0x04, 0x32, 0xEC, 0xE2, 0x34, 0xED, 0xC1, 0x23, 0x2E, 0xFE, 0xE4, 0x1D
    .byte     -5, 0x0E, 0x22, 0xF1, 0x20, 0xE2, 0x31, 0xDC, 0xE3, 0x3F, 0x0F, 0x00, 0x21, 0x1E, 0xE2, 0xFD
    .byte   0xE0, 0x24, 0x1F, 0x1F, 0xEF, 0xDD, 0x23, 0x2F, 0xE2, 0x10, 0x30, 0xDE, 0xDE, 0x22, 0x33, 0x0D
    .byte   0xFE,   -6, 0x02, 0x10, 0xEE, 0x33, 0x2F, 0xDD, 0xEF, 0x33, 0xED, 0xF2, 0x32, 0xEE, 0xED, 0x13
    .byte   0x20, 0xE1, 0x21, 0x10, 0xFD, 0xD0, 0x33, 0x20, 0xED, 0x02, 0x21, 0xED, 0x12, 0x02, 0x12, 0x2F
    .byte   0xED, 0xD2,    2, 0x00, 0xE0, 0x01, 0x2F, 0x0F, 0xE0, 0x31, 0xEC, 0xF4, 0x31, 0xDE, 0xED, 0x14
    .byte   0x20, 0xFD, 0xFF, 0x12, 0x22, 0xDD, 0x33, 0x1E, 0xDD, 0x24, 0xEE, 0xEE, 0x23, 0x3F, 0xDE, 0xE2
    .byte   0x02, 0xEE, 0xE2,    0, 0x02, 0x12, 0x0D, 0xDF, 0x32, 0xFF, 0xF0, 0x11, 0xF0, 0x3E, 0xC2, 0x11
    .byte   0x20, 0xE2, 0x2F, 0x2E, 0xEE, 0x13, 0x1D, 0xEE, 0x23, 0x22, 0x2D, 0xDE, 0xE2, 0x23, 0x2E, 0xD2
    .byte   0x2E, 0x2D, 0xE1, 0x02,   -2, 0x02, 0x33, 0xDD, 0xD0, 0x2F, 0xE2, 0x02, 0x31, 0xED, 0xE2, 0x3E
    .byte   0xDE, 0x23, 0x21, 0x0F, 0xF2, 0xDD, 0xF1, 0x23, 0x00, 0x0F, 0x12, 0xDD, 0xF2, 0x21, 0xE0, 0x32
    .byte   0x2E, 0x0F, 0xDE, 0x00, 0x21,    2, 0x03, 0xED, 0xD2, 0x33, 0xEE, 0xEE, 0x13, 0x3E, 0xDE, 0x02
    .byte   0xFD, 0x12, 0x22, 0x1E, 0xEE, 0x13, 0x22, 0xFD, 0xDF, 0x33, 0xDD, 0x11, 0x14, 0x1D, 0xDE, 0x33
    .byte   0xEE, 0x2E, 0xF3, 0x20, 0xDC, 0xF3,   -2, 0x02, 0x2E, 0xEF, 0x20, 0x10, 0xFF, 0xE0, 0x32, 0xFD
    .byte   0xD2, 0x32, 0xFD, 0xDF, 0x44, 0xEC, 0xC2, 0x32, 0x21, 0x11, 0xE0, 0xF0, 0xDD, 0x33, 0x21, 0xEE
    .byte   0xE0, 0x33, 0xDD, 0xE0, 0x13, 0x33, 0xDC,  -18, 0x01, 0x44, 0xED, 0xDD, 0x24, 0x3D, 0xDE, 0x31
    .byte   0x12, 0x1D, 0xF1, 0x21, 0xFE, 0x2E, 0xD2, 0x32, 0x2D, 0xEF, 0x13, 0x3E, 0xCC, 0x25, 0x31, 0xCC
    .byte   0xE2, 0x53, 0xDB, 0xC4, 0x53, 0xDE, 0xDD, 0x13,   15, 0x0E, 0xDD, 0x12, 0x20, 0xFE, 0xD2, 0x42
    .byte   0xED, 0xD3, 0x30, 0x2F, 0xCC, 0xE4, 0x41, 0xE0, 0xFE, 0x12, 0x3D, 0xCE, 0x14, 0x4E, 0xDE, 0xEE
    .byte   0x23, 0x2D, 0xD2, 0x4F, 0xEE, 0xD0, 0xF0, 0x32, 0xEE,   -1, 0x02, 0x32, 0xDC, 0xDE, 0x44, 0x2E
    .byte   0xCE, 0x32, 0xFD, 0xF3, 0x3E, 0xDF, 0x33, 0xDC, 0xE4, 0x22, 0xDD, 0x03, 0x43, 0xDB, 0xCE, 0x44
    .byte   0x4F, 0xDD, 0x13, 0xED, 0xDE, 0xE4, 0x34, 0x0C, 0xC1, 0x33,    4, 0x0D, 0x1D, 0xF2, 0x43, 0x2D
    .byte   0xDE, 0x21, 0xEE, 0xE0, 0x22, 0x21, 0x10, 0xFE, 0x13, 0x3D, 0xCE, 0x02, 0x21, 0x20, 0xF1, 0x22
    .byte   0xDD, 0x0D, 0x13, 0x34, 0x0D, 0x01, 0xDD, 0xEE, 0x1F, 0x34, 0x30,   14, 0x0E, 0xCD, 0xF3, 0x4D
    .byte   0xD1, 0x34, 0x1D, 0xCC, 0xF4, 0x41, 0xED, 0x34, 0x0D, 0xCB, 0x04, 0x33, 0x2E, 0xE3, 0x2E, 0xDD
    .byte   0x12, 0xEE, 0x13, 0x33, 0xDF, 0x3D, 0xDC, 0xD3, 0x43, 0x2D, 0xE3, 0x22,   10, 0x0C, 0xEF, 0x12
    .byte   0x20, 0xFE, 0x23, 0x32, 0xCC, 0x21, 0x23, 0x2E, 0xDE, 0x23, 0x12, 0xFE, 0xDE, 0x23, 0xFD, 0xDF
    .byte   0x33, 0x3F, 0xFE, 0xE2, 0xEE, 0xDE, 0x32, 0x11, 0x2E, 0x12, 0x24, 0xDB, 0xCE,  -17, 0x04, 0x3F
    .byte   0xEE, 0x44, 0xEB, 0xBD, 0x43, 0x2E, 0x03, 0x42, 0x1D, 0xCC, 0xD2, 0x33, 0x33, 0x2F, 0xEE, 0xED
    .byte   0xED, 0x13, 0x33, 0xED, 0xE3, 0x41, 0xDB, 0xD4, 0x33, 0x1C, 0xD2, 0x04, 0x4E, 0xDC,  -22, 0x04
    .byte   0x4F, 0xDC, 0xE5, 0x41, 0xDC, 0xD2, 0x31, 0x0D, 0xDF, 0x25, 0x32, 0xEC, 0xCC, 0x34, 0x4D, 0xCE
    .byte   0x44, 0xFE, 0xDC, 0xE1, 0x43, 0xDD, 0x14, 0x41, 0xCB, 0xD3, 0x43, 0xFE, 0xDF, 0x32, 0xFD,  -13
    .byte   0x01, 0x32, 0x02, 0x22, 0xFD, 0x1E, 0xDF, 0x03, 0x2E, 0xEE, 0x23, 0x30, 0xEE, 0xDF, 0xEF, 0xFF
    .byte   0x23, 0x23, 0x2E, 0xED, 0xCF, 0x32, 0x20, 0xE2, 0x1F, 0x31, 0x1C, 0xCF, 0x33, 0x42, 0xDD, 0xD2
    .byte     16, 0x00, 0xCC, 0xE2, 0x43, 0x02, 0xDC, 0x03, 0x4E, 0xDD, 0xE3, 0x43, 0x1B, 0xB2, 0x44, 0x31
    .byte   0xCC, 0x03, 0x43, 0xDC, 0xDE, 0x34, 0x31, 0xDC, 0x03, 0x31, 0xCD, 0x12, 0x23, 0x1F, 0xFE, 0x32
    .byte   0xED,  -14, 0x0E, 0x32, 0x30, 0xEF, 0x31, 0x1E, 0xDF, 0xD1, 0x23, 0x32, 0x2D, 0xCE, 0x22, 0x2E
    .byte   0xEF, 0x13, 0x31, 0xED, 0xF3, 0x1D, 0xCE, 0x43, 0x0F, 0x21, 0xED, 0x23, 0x2E, 0xDD, 0xEE, 0x44
    .byte   0x0C, 0xD3,   13, 0x02, 0xDD, 0xEE, 0xE2, 0x32, 0xEE, 0x23, 0x1F, 0xDF, 0xDE, 0x23, 0x3F, 0xE0
    .byte   0x1F, 0xEF, 0x10, 0xFF, 0x22, 0x2D, 0xD0, 0x2F, 0xF2, 0x22, 0xE2, 0x2F, 0xE0, 0x0D, 0xDE, 0x33
    .byte   0x22, 0x11, 0xED,  -11, 0x02, 0x21, 0xEF, 0x12, 0x33, 0xFD, 0xDE, 0x21, 0x0F, 0x12, 0xF0, 0x10
    .byte   0xFE, 0x02, 0x2E, 0xF1, 0x02, 0x0E, 0xEE, 0x23, 0x1D, 0xF0, 0x2E, 0xDF, 0x33, 0x21, 0xEE, 0xE1
    .byte   0x32, 0xEC, 0xC1, 0x33,   11, 0x02, 0xFE, 0xED, 0xF0, 0x12, 0x0E, 0xEE, 0x13, 0x32, 0xDD, 0xE2
    .byte   0x22, 0x0E, 0xFE, 0x02, 0x03, 0xFF, 0x02, 0x0F, 0xED, 0x12, 0x22, 0x12, 0xEE, 0xE2, 0x22, 0xEE
    .byte   0xDF, 0x23, 0xF0, 0xEE, 0xEF,   -7, 0x02, 0x22, 0xEE, 0xFF, 0xFE, 0xEE, 0x12, 0x11, 0x10, 0x12
    .byte   0xFF, 0xEF, 0xF1, 0x13, 0x12, 0xEF, 0x23, 0x2E, 0x21, 0xFF, 0xE3, 0x3E, 0xDE, 0x02, 0xF2, 0x3E
    .byte   0xDC, 0x33, 0xEE, 0xF1, 0xFF, 0xE2,    3, 0x0C, 0xEF, 0xFE, 0xE0, 0x21, 0x22, 0x0D, 0xDC, 0xE1
    .byte   0x13, 0x22, 0x02, 0x22, 0x23, 0x11, 0x1F, 0x45, 0x43, 0xFC, 0xDC, 0xE2, 0x21, 0xED, 0x33, 0x54
    .byte   0x2D, 0xCB, 0xCE, 0xF2, 0x20, 0xFE, 0xF2,   11, 0x00, 0xED, 0xCC, 0xDE, 0x03, 0x32, 0x1D, 0xEE
    .byte   0x1D, 0xDD, 0xD2, 0x31, 0x33, 0x34, 0x34, 0x44, 0x32, 0x1D, 0xEC, 0xDF, 0xD1, 0x12, 0x34, 0x24
    .byte   0x31, 0xFD, 0xDC, 0xDD, 0x0E, 0x02, 0x02, 0x00,   14, 0x0E, 0xDD, 0xDC, 0xEE, 0xF0, 0x23, 0x31
    .byte   0xEE, 0xDC, 0xCD, 0xD2, 0x03, 0x45, 0x43, 0x24, 0x54, 0x22, 0xDD, 0xCB, 0x10, 0xF1, 0x23, 0x33
    .byte   0x44, 0x10, 0xCD, 0xDC, 0xEF, 0x1E, 0xE0, 0x0F, 0x20,   10, 0x0E, 0xDD, 0xDD, 0x02, 0x21, 0x0E
    .byte   0xEE, 0xE1, 0xEE, 0xEC, 0xDD, 0xFF, 0x35, 0x44, 0x25, 0x64, 0x41, 0xDB, 0xAC, 0x1E, 0xE4, 0xE3
    .byte   0x23, 0x64, 0x3E, 0xDB, 0xCB, 0x22, 0x11, 0xEE, 0xF2, 0x33,   22, 0x0C, 0xCC, 0xC0, 0x32, 0x31
    .byte   0x1E, 0xE1, 0x02, 0xED, 0xCC, 0xCD, 0xF3, 0x44, 0x44, 0x35, 0x64, 0x5F, 0xCB, 0xAC, 0xDE, 0x13
    .byte   0x12, 0x34, 0x55, 0x30, 0xCB, 0xCB, 0x02, 0x02, 0x0F, 0xE2, 0x33,   23, 0x0D, 0xCC, 0xBE, 0x33
    .byte   0x22, 0x0F, 0xE1, 0x22, 0xDC, 0xCC, 0xCD, 0x33, 0x44, 0x44, 0x36, 0x64, 0x4E, 0xBA, 0xAD, 0xF1
    .byte   0x32, 0x12, 0x25, 0x54, 0x3F, 0xCB, 0xCC, 0xFF, 0x32, 0xEE, 0xF0, 0x22,   19, 0x0D, 0xCC, 0xCE
    .byte   0x13, 0x32, 0x2F, 0xEF, 0x0E, 0xEC, 0xCC, 0xCE, 0x14, 0x44, 0x44, 0x46, 0x45, 0x4D, 0xCA, 0xBD
    .byte   0xDE, 0x31, 0xF3, 0x05, 0x54, 0x4F, 0xCC, 0xBD, 0xE0, 0x21, 0xEE, 0xEF, 0x23,   19, 0x0E, 0xCC
    .byte   0xCD, 0x21, 0x32, 0x20, 0xEF, 0x1E, 0xDD, 0xCC, 0xDD, 0x32, 0x44, 0x44, 0x55, 0x54, 0x3D, 0xCB
    .byte   0xCC, 0xEF, 0x20, 0x22, 0x24, 0x54, 0x30, 0xDD, 0xBD, 0xEE, 0x11, 0xEE, 0x0E, 0x23,   16, 0x00
    .byte   0xCC, 0xDC, 0xEF, 0x32, 0x32, 0x0F, 0xFE, 0xED, 0xDC, 0xDC, 0xF2, 0x34, 0x54, 0x55, 0x44, 0x4E
    .byte   0xEC, 0xCC, 0xCF, 0xE0, 0x00, 0x33, 0x43, 0x43, 0xEE, 0xDC, 0xDE, 0xD0, 0x0E, 0xFF, 0x02,   10
    .byte   0x01, 0xED, 0xDC, 0xDD, 0x12, 0x22, 0x30, 0x20, 0xDF, 0xCE, 0xCD, 0xD0, 0x23, 0x34, 0x44, 0x64
    .byte   0x53, 0x1E, 0xCC, 0xCD, 0xE0, 0xE1, 0xF0, 0x33, 0x43, 0x4F, 0xED, 0xDD, 0xDE, 0x1D, 0x2E, 0xE0
    .byte      5, 0x01, 0xF1, 0xDD, 0xDD, 0xEE, 0x12, 0x12, 0x2F, 0x0E, 0xEE, 0xDD, 0xDD, 0xF1, 0x23, 0x34
    .byte   0x35, 0x54, 0x51, 0x2E, 0xCD, 0xCE, 0xEF, 0xE0, 0xE0, 0x23, 0x44, 0x22, 0xED, 0xDD, 0xDF, 0x1E
    .byte   0x0E,    5, 0x0F, 0xD1, 0x1E, 0x2D, 0x0D, 0xCF, 0xE1, 0x22, 0x31, 0x0E, 0xED, 0xED, 0xEE, 0xE0
    .byte   0xF2, 0x33, 0x44, 0x54, 0x44, 0x3E, 0xDD, 0xDD, 0xD0, 0xEE, 0x1E, 0x12, 0x33, 0x33, 0x2F, 0xDD
    .byte   0xDD, 0xE0,   14, 0x0F, 0xEF, 0xDE, 0xFE, 0x0E, 0xFE, 0xED, 0x0F, 0xE3, 0x21, 0x1F, 0xEE, 0xDF
    .byte   0xEE, 0xFE, 0xE0, 0x01, 0x33, 0x44, 0x44, 0x44, 0x20, 0xDE, 0xDE, 0xD0, 0xEF, 0xFE, 0xF0, 0x13
    .byte   0x23, 0x20, 0xFD,   29, 0x0D, 0xEE, 0xF1, 0x0F, 0xEE, 0xDF, 0xD0, 0xFF, 0x0E, 0x0E, 0xF1, 0x02
    .byte   0x11, 0x0E, 0xED, 0xEE, 0xFF, 0x0F, 0x11, 0xF3, 0xF4, 0x43, 0x54, 0x33, 0xFE, 0xDD, 0xEE, 0xEF
    .byte   0x1D, 0x1E, 0x01, 0x13,   31, 0x02, 0x2F, 0xEE, 0xDE, 0xEF, 0xE2, 0xEF, 0xEE, 0xEE, 0xEE, 0xE0
    .byte   0xEE, 0x11, 0x02, 0x22, 0x2E, 0x1E, 0xDE, 0xDE, 0x0E, 0x21, 0xE2, 0xF2, 0x22, 0x53, 0x45, 0x23
    .byte   0x0F, 0xED, 0xEE, 0xEF, 0xEF,   20, 0x0E, 0xE1, 0xF2, 0x21, 0x3F, 0x2E, 0xEE, 0xD0, 0xEF, 0x1E
    .byte   0x1E, 0xEE, 0xEE, 0xEF, 0xE1, 0xF1, 0x11, 0x02, 0x10, 0x2F, 0xEE, 0xED, 0xEE, 0xE2, 0xF2, 0x01
    .byte   0x02, 0x23, 0x44, 0x44, 0x33, 0xEE,   46, 0x0D, 0xEE, 0x0F, 0xF1, 0xDE, 0xFE, 0xE2, 0x12, 0x30
    .byte   0x2E, 0xFE, 0xEE, 0xFF, 0xFF, 0x0E, 0xEE, 0xDF, 0xEE, 0xF0, 0x10, 0x20, 0x21, 0x01, 0x00, 0x0E
    .byte   0xEE, 0xEE, 0xEE, 0x00, 0xF0, 0x02, 0x22,  -22, 0x04, 0x34, 0x43, 0x32, 0xEF, 0xDE, 0xED, 0x1E
    .byte   0x0E, 0xEF, 0xEF, 0xF1, 0x12, 0x21, 0x2F, 0x0F, 0xEE, 0xFE, 0x0E, 0x1F, 0xEE, 0xDE, 0xEE, 0x01
    .byte   0x02, 0x21, 0x11, 0x00, 0xFF, 0xFF, 0xFE, 0xFE,  -31, 0x0E, 0xEF, 0xFF, 0x0F, 0x22, 0x23, 0x43
    .byte   0x44, 0x33, 0x21, 0xDE, 0xDE, 0xFE, 0xF1, 0xEE, 0xEE, 0xEE, 0x01, 0x22, 0x22, 0x11, 0x0E, 0x0E
    .byte   0x0E, 0x0F, 0xFE, 0xED, 0xEE, 0xEE, 0x01, 0x22, 0x12,  -10, 0x00, 0xFF, 0x00, 0xFF, 0x0E, 0xEE
    .byte   0xEE, 0xFF, 0xFF, 0xF1, 0x01, 0x12, 0x33, 0x44, 0x43, 0x32, 0x2D, 0xED, 0xEE, 0xE0, 0x0F, 0xEF
    .byte   0xDE, 0xDF, 0x01, 0x22, 0x32, 0x01, 0xFE, 0x0E, 0xFF, 0xFF,    4, 0x0E, 0xFD, 0xED, 0xFF, 0x01
    .byte   0x22, 0x22, 0x11, 0xF0, 0xF1, 0x0F, 0x0E, 0xFE, 0xEE, 0xEE, 0xFF, 0xF1, 0x01, 0xF1, 0x20, 0x43
    .byte   0x44, 0x34, 0x21, 0xFD, 0xDE, 0xD0, 0xF0, 0x0F, 0xEE, 0xDE, 0xEE,   -6, 0x01, 0x22, 0x32, 0x2F
    .byte   0xFE, 0xFE, 0xF0, 0xFF, 0xFE, 0xED, 0xEE, 0xEF, 0x11, 0x22, 0x22, 0x12, 0xFF, 0x00, 0x11, 0xFF
    .byte   0xFE, 0xEE, 0xDF, 0xEF, 0x01, 0x1F, 0x10, 0xE2, 0x12, 0x33, 0x44, 0x34,   53, 0x01, 0xED, 0xED
    .byte   0xEE, 0x11, 0x01, 0xFD, 0xED, 0xEE, 0xF1, 0x22, 0x32, 0x21, 0x0E, 0xEF, 0xFF, 0x01, 0x0E, 0xEE
    .byte   0xDE, 0xEE, 0xF2, 0x23, 0x12, 0x20, 0x1F, 0x00, 0xF2, 0x00, 0xFE, 0xEE, 0xDE,  -28, 0x0E, 0x00
    .byte   0x21, 0x2F, 0x1F, 0xEF, 0xF1, 0x23, 0x43, 0x44, 0x22, 0x0E, 0xDD, 0xEE, 0xF0, 0x20, 0xFF, 0xED
    .byte   0xDE, 0xEF, 0x12, 0x32, 0x31, 0x0F, 0xEE, 0x0F, 0x02, 0x10, 0xFE, 0xDE, 0xDD, 0x01,  -20, 0x02
    .byte   0x23, 0x12, 0xFF, 0xFF, 0xF0, 0x12, 0x01, 0xFE, 0xEE, 0xEE, 0xEE, 0x00, 0x02, 0x11, 0x10, 0x0E
    .byte   0x0F, 0xF2, 0x03, 0x33, 0x43, 0x32, 0xE1, 0xDE, 0xDE, 0x10, 0x22, 0x1F, 0xED, 0xDD, 0xEE,  -12
    .byte   0x01, 0x32, 0x32, 0xF0, 0xEE, 0xFF, 0x11, 0x22, 0xE1, 0xED, 0xED, 0xEE, 0x22, 0x22, 0x22, 0x10
    .byte   0xFE, 0xF0, 0xF0, 0x21, 0x00, 0xFE, 0xEE, 0xFE, 0xFF, 0xF1, 0x11, 0x00, 0x0F, 0x11, 0x01, 0x01
    .byte    -10, 0x0F, 0x32, 0x33, 0x23, 0x12, 0xFD, 0xFD, 0xE1, 0x12, 0x11, 0xFF, 0xDE, 0xDE, 0xE0, 0x20
    .byte   0x31, 0x21, 0x00, 0xE0, 0xE0, 0x10, 0x20, 0x1F, 0xEE, 0xEE, 0xFE, 0x20, 0x21, 0x11, 0x00, 0xFE
    .byte   0xF0,   -8, 0x00, 0x21, 0x1F, 0xFE, 0xEE, 0xEE, 0xE1, 0x12, 0x22, 0x1F, 0xFE, 0xEF, 0x01, 0x33
    .byte   0x43, 0x42, 0x2F, 0xFD, 0xDE, 0xE0, 0x02, 0x20, 0x1E, 0xDE, 0xDD, 0xEE, 0x20, 0x33, 0x22, 0x1F
    .byte   0xFE, 0xEF,    2, 0x02, 0x22, 0x00, 0xEE, 0xDE, 0xDE, 0xE1, 0x22, 0x23, 0x11, 0x0F, 0xFF, 0xF1
    .byte   0x02, 0x21, 0x1F, 0xFE, 0xED, 0xFF, 0xE0, 0x21, 0x11, 0x10, 0xF0, 0x01, 0x12, 0x22, 0x22, 0x12
    .byte   0xF0, 0xE0, 0xE1,    6, 0x0F, 0x10, 0x0F, 0xFF, 0xFF, 0xF0, 0x01, 0x1F, 0x1F, 0x1F, 0x01, 0x00
    .byte   0x10, 0x10, 0xF0, 0xF0, 0xEF, 0xFF, 0x0E, 0xFF, 0xF0, 0xF0, 0x01, 0x1F, 0x10, 0x11, 0x10, 0x21
    .byte   0x12, 0x12, 0x22, 0x22,   26, 0x02, 0x10, 0x0E, 0xFE, 0xEE, 0xEF, 0xEF, 0x0E, 0xFE, 0xF0, 0xE0
    .byte   0xFF, 0x10, 0x20, 0x01, 0x0F, 0xFE, 0x0E, 0x0E, 0x0F, 0xF0, 0x00, 0x00, 0xFF, 0xFF, 0x12, 0x23
    .byte   0x34, 0x23, 0x32, 0xFE, 0xED,   21, 0x0E, 0xE0, 0x11, 0x10, 0xFE, 0xED, 0xDE, 0xEE, 0x22, 0x32
    .byte   0x23, 0x01, 0x0E, 0xEF, 0xE0, 0x02, 0x11, 0x10, 0xEE, 0xEE, 0xE0, 0x11, 0x22, 0x21, 0x21, 0x10
    .byte   0xFF, 0x00, 0x01, 0x10, 0x0F, 0xFF,    2, 0x0E, 0xFE, 0x0E, 0x01, 0x10, 0x10, 0x11, 0x00, 0x01
    .byte   0x10, 0x01, 0x01, 0x01, 0x10, 0xF0, 0xFF, 0x00, 0x01, 0x00, 0x10, 0x10, 0x10, 0x11, 0x01, 0x01
    .byte   0x1F, 0x00, 0x0F, 0xF0, 0x0F, 0xF0, 0xF0,    0, 0x0F, 0xF0, 0x00, 0xF1, 0xF0, 0x10, 0x10, 0x01
    .byte   0x11, 0xF0, 0x01, 0x01, 0x00, 0x00, 0x00, 0x00, 0x1F, 0x00, 0x10, 0x0F, 0x00, 0x0F, 0x10, 0x00
    .byte   0xF0, 0x00, 0x00, 0x0F, 0x1F, 0x1F, 0x0F, 0x1F,    0, 0x0F, 0x00, 0x00, 0x00, 0x0F, 0x1F, 0x00
    .byte   0xFF, 0xF0, 0x00, 0xF0, 0x0F, 0x1F, 0x01, 0xF0, 0x10, 0x10, 0x10, 0x10, 0x10, 0x11, 0x10, 0x02
    .byte   0x01, 0x10, 0x01, 0xF0, 0x1F, 0x1F, 0x00, 0x0F, 0x0F,    4, 0x00, 0xFE, 0x00, 0xFF, 0xF0, 0x10
    .byte   0xFF, 0x00, 0x0F, 0x0F, 0xF1, 0xF0, 0x01, 0x01, 0x00, 0x01, 0xF0, 0x11, 0x11, 0x02, 0x02, 0x10
    .byte   0x11, 0x10, 0xF0, 0x10, 0xF0, 0x00, 0xFF, 0x0E, 0x00, 0xEF,   -3, 0x0F, 0x0F, 0x00, 0x11, 0x10
    .byte   0x00, 0x10, 0x00, 0x01, 0xF1, 0x00, 0x10, 0x01, 0xF0, 0xF0, 0x0F, 0x11, 0xF1, 0x0F, 0x10, 0xF1
    .byte   0xF1, 0x0F, 0xF0, 0x1F, 0x1F, 0x10, 0x00, 0x00, 0x00, 0xF1, 0xF1,    0, 0x00, 0xF1, 0xF1, 0xF0
    .byte   0x1F, 0x10, 0xF0, 0xF0, 0x10, 0x01, 0xF1, 0xF0, 0x00, 0x1F, 0x01, 0xF1, 0x01, 0xF0, 0x00, 0xF1
    .byte   0x00, 0x00, 0x01, 0xF0, 0x10, 0xF0, 0x10, 0x0F, 0x1F, 0x10, 0xF1, 0x0F,    1, 0x00, 0xF0, 0xF1
    .byte   0x00, 0xF1, 0xF0, 0x1F, 0x00, 0xF1, 0x01, 0x00, 0xF1, 0x00, 0xF1, 0xF0, 0x11, 0x0F, 0x00, 0x01
    .byte   0xF1, 0xF0, 0x01, 0xF0, 0x10, 0x0F, 0x10, 0x0F, 0x00, 0x00, 0x1F, 0x00, 0x00,    0, 0x00, 0x00
    .byte   0x00, 0x00, 0xF1, 0xF1, 0x00, 0x00, 0x00, 0x01, 0xF0, 0x00, 0xF1, 0x00, 0x00, 0x01, 0x0F, 0x00
    .byte   0x00, 0x01, 0xF1, 0x0F, 0x10, 0x00, 0x0F, 0x10, 0x00, 0xF0, 0x01, 0x00, 0xF1, 0x0F,    0, 0x0F
    .byte   0x1F, 0x1F, 0x00, 0x01, 0xF0, 0x00, 0x01, 0xF1, 0x0F, 0x10, 0x00, 0xF0, 0x10, 0x01, 0x00, 0x0F
    .byte   0x00, 0x00, 0x00, 0x1F, 0x01, 0xF0, 0x00, 0x1F, 0x00, 0x10, 0xF0, 0x1F, 0x0F, 0x10, 0x00,    1
    .byte   0x0F, 0x00, 0xF1, 0x00, 0x00, 0x00, 0xF1, 0x00, 0x00, 0x10, 0xF0, 0x00, 0xF0, 0x1F, 0x10, 0x0F
    .byte   0x10, 0x00, 0x1F, 0x01, 0xF0, 0x00, 0x00, 0x00, 0x01, 0xF0, 0x00, 0x00, 0x01, 0xFF, 0x10, 0x01
    .byte      0, 0x00, 0x00, 0x0F, 0x00, 0x10, 0xF0, 0x10, 0x00, 0xF0, 0x10, 0x00, 0x00, 0x00, 0xF1, 0x00
    .byte   0x00, 0x00, 0x00, 0x00, 0x00, 0x1F, 0x1F, 0x01, 0xF0, 0x0F, 0x11, 0xF0, 0x00, 0x00, 0xF1, 0x0F
    .byte   0x1F,   -1, 0x01, 0x00, 0xF1, 0xF1, 0xF1, 0x0F, 0x1F, 0x01, 0xF0, 0x10, 0x10, 0xF0, 0x00, 0x01
    .byte   0xF0, 0x1F, 0x00, 0x00, 0x00, 0x00, 0x0F, 0x11, 0xF0, 0x1F, 0x00, 0x01, 0xF0, 0x00, 0x00, 0x00
    .byte   0x1F, 0xF1,    1, 0x0F, 0x00, 0x1F, 0x00, 0x00, 0x00, 0x00, 0x00, 0x00, 0x00, 0xF1, 0x00, 0x00
    .byte   0x01, 0x0F, 0x00, 0x00, 0x00, 0x01, 0xF0, 0x0F, 0x10, 0x00, 0x00, 0x00, 0x01, 0xF0, 0xF1, 0x00
    .byte   0x01, 0xFF, 0x10,    0, 0x00, 0x1F, 0xF1, 0x01, 0xF1, 0xF0, 0x00, 0x1F, 0x0F, 0x10, 0x00, 0x00
    .byte   0x00, 0xF1, 0x00, 0x00, 0x00, 0x00, 0x00, 0x00, 0x00, 0x00, 0x0F, 0x10, 0x00, 0x00, 0x00, 0x00
    .byte   0xF1, 0x00, 0x1F, 0x1F,    0, 0x00, 0x00, 0x01, 0xF0, 0x00, 0x00, 0x00, 0x00, 0x00, 0x00, 0x00
    .byte   0x00, 0x0F, 0x10, 0xF0, 0x1F, 0x10, 0x0F, 0x10, 0x00, 0x00, 0x00, 0x00, 0x00, 0x00, 0x1F, 0x1F
    .byte   0x00, 0x0F, 0x10, 0x00, 0x00,    0, 0x00, 0xF1, 0xF1, 0x00, 0x01, 0xF0, 0x0F, 0x10, 0x01, 0xF0
    .byte   0x01, 0xF0, 0x00, 0x01, 0xFF, 0x01, 0x00, 0x00, 0xF0, 0x10, 0x1F, 0x00, 0x00, 0x01, 0xF1, 0x0F
    .byte   0x00, 0x00, 0x1F, 0x00, 0xF1, 0x1F,   -1, 0x01, 0x1F, 0x1F, 0x1F, 0x00, 0xF1, 0x00, 0x1F, 0x00
    .byte   0x00, 0x00, 0x1F, 0x00, 0x00, 0x00, 0x01, 0xFF, 0x01, 0x0F, 0x11, 0xF1, 0x0F, 0x00, 0xF1, 0x00
    .byte   0x0F, 0x10, 0x0F, 0x11, 0xF0, 0x01, 0xFF,    0, 0x00, 0x0F, 0x00, 0x1F, 0x10, 0x0F, 0x10, 0x01
    .byte   0xF0, 0x0F, 0x10, 0x00, 0x00, 0x00, 0x1F, 0x00, 0x00, 0x1F, 0xF0, 0x10, 0x00, 0xF1, 0x0F, 0x10
    .byte   0x00, 0x00, 0x00, 0x00, 0x00, 0x00, 0x0F, 0x11,    0, 0x00, 0xF0, 0x10, 0x00, 0x1F, 0x00, 0x00
    .byte   0x00, 0xF1, 0x00, 0x00, 0x1F, 0x00, 0x00, 0x1F, 0x00, 0x00, 0x00, 0x00, 0x01, 0xFF, 0x10, 0x00
    .byte   0x0F, 0x10, 0xF1, 0x00, 0xF1, 0x0F, 0x11, 0xF0, 0x00,   -1, 0x00, 0x10, 0xF1, 0x00, 0x00, 0xF1
    .byte   0x00, 0x00, 0x00, 0xF1, 0x00, 0x0F, 0x10, 0x0F, 0x10, 0x00, 0x00, 0xF1, 0x0F, 0x10, 0xF1, 0x01
    .byte   0xF0, 0x01, 0xF0, 0x0F, 0x10, 0x01, 0xF0, 0x00, 0x00, 0x00,    0, 0x00, 0x00, 0x00, 0x00, 0xF1
    .byte   0xF1, 0x0F, 0x10, 0x0F, 0x10, 0x00, 0xF1, 0x00, 0x00, 0x00, 0x0F, 0x10, 0x1F, 0x00, 0x1F, 0x00
    .byte   0x1F, 0x1F, 0x0F, 0x10, 0x00, 0x01, 0xF0, 0x00, 0x01, 0xF0, 0x00,    0, 0x0F, 0x01, 0x00, 0xF1
    .byte   0x00, 0x00, 0x1F, 0x00, 0x1F, 0x00, 0xF1, 0x0F, 0x10, 0x00, 0x00, 0x00, 0x00, 0x00, 0x0F, 0x10
    .byte   0x0F, 0x11, 0x0F, 0x00, 0x00, 0x00, 0x00, 0x00, 0x01, 0xF0, 0x00, 0x00,    0, 0x00, 0x0F, 0x01
    .byte   0xF1, 0xF1, 0x00, 0xF1, 0xF0, 0x11, 0x0F, 0xFF, 0x10, 0x1E, 0x0E, 0x1C, 0x55, 0xBD, 0xC3, 0x76
    .byte   0xDB, 0xAB, 0xEF, 0xF2, 0x21, 0x53, 0xCD, 0xD2, 0x33, 0x33, 0xDC, 0xEF, 0x04,   24, 0x02, 0x0E
    .byte   0xDD, 0xDD, 0xE2, 0xF1, 0x20, 0x22, 0x2E, 0xF0, 0x21, 0x11, 0x0F, 0xEF, 0x01, 0xF1, 0x10, 0xEF
    .byte   0xFF, 0xF0, 0x22, 0x01, 0xFF, 0xFF, 0x21, 0x10, 0x0F, 0xF1, 0xEF, 0x00, 0x0E, 0x10,   -2, 0x02
    .byte   0x33, 0x30, 0xDD, 0xDD, 0xE0, 0x20, 0x00, 0xFE, 0x02, 0x10, 0x20, 0x1E, 0x1F, 0x22, 0x22, 0x2E
    .byte   0xFF, 0xEE, 0xE0, 0xEF, 0xF1, 0x11, 0x22, 0x2F, 0xFF, 0xF0, 0x20, 0xFE, 0xFF, 0x02, 0x1F,    2
    .byte   0x0E, 0xFF, 0xFF, 0x11, 0x21, 0x11, 0xFF, 0x01, 0x1F, 0x0E, 0x10, 0x00, 0x10, 0x1F, 0x1F, 0xF0
    .byte   0xF2, 0xF0, 0x0F, 0x01, 0x10, 0x00, 0xFF, 0xF1, 0x00, 0x00, 0x1F, 0x01, 0x00, 0x0F, 0xFF, 0x1F
    .byte      0, 0x0F, 0x10, 0xF1, 0x00, 0x00, 0xF1, 0xF1, 0x0F, 0x01, 0xF1, 0x00, 0x00, 0x00, 0x00, 0x0F
    .byte   0x1F, 0x00, 0x00, 0x00, 0x00, 0x00, 0x10, 0x0F, 0x00, 0x1F, 0x10, 0x01, 0xF0, 0xF0, 0x00, 0x01
    .byte   0x0F,   -1, 0x00, 0x00, 0x01, 0x1F, 0x1F, 0xF0, 0x00, 0x10, 0x1F, 0xF1, 0x0F, 0x10, 0xF1, 0xF0
    .byte   0x00, 0x01, 0x01, 0xFF, 0x00, 0x0F, 0x01, 0x01, 0x1F, 0xF0, 0x0F, 0x01, 0xF1, 0x01, 0x01, 0x00
    .byte   0xF0, 0x00,    0, 0x00, 0x0F, 0xF1, 0x10, 0x00, 0x0F, 0x00, 0x00, 0x00, 0x01, 0x10, 0xF1, 0x00
    .byte   0x00, 0xF0, 0xFF, 0x10, 0x01, 0x00, 0x00, 0x10, 0x10, 0xF0, 0x0F, 0xFF, 0x11, 0x01, 0x10, 0xFF
    .byte   0xF1, 0xF1, 0x11,    1, 0x0F, 0x00, 0x01, 0x11, 0x00, 0xE0, 0x00, 0x01, 0x01, 0x00, 0x0F, 0x11
    .byte   0x00, 0x00, 0x0F, 0x00, 0x00, 0x01, 0x0F, 0x10, 0x00, 0xF0, 0xF1, 0xF0, 0x10, 0xF1, 0x0F, 0x10
    .byte   0x00, 0x01, 0x0F, 0xFF,   -2, 0x01, 0x10, 0x00, 0x00, 0x00, 0x01, 0x00, 0xFF, 0xFF, 0x10, 0x11
    .byte   0x01, 0x0F, 0x0F, 0x00, 0xF0, 0x1F, 0xF0, 0x02, 0x00, 0x1F, 0xF0, 0xFF, 0xFF, 0x00, 0x11, 0x11
    .byte   0x11, 0x0F, 0xFF, 0xFF, 0x00,   -3, 0x00, 0x01, 0x02, 0x01, 0x0E, 0x0F, 0x01, 0x0F, 0x10, 0x01
    .byte   0xF1, 0x11, 0x0F, 0xFF, 0xFF, 0x01, 0x11, 0x11, 0xF0, 0x0F, 0x00, 0x10, 0xF0, 0x1F, 0x01, 0x0F
    .byte   0x00, 0x00, 0x01, 0xF0, 0x10, 0x1F,    3, 0x00, 0x00, 0xFF, 0xFF, 0x10, 0xF1, 0x1F, 0x10, 0x00
    .byte   0x11, 0xF0, 0xF0, 0xF0, 0x11, 0x10, 0x1F, 0xFF, 0x00, 0x0F, 0xFF, 0x01, 0x11, 0x11, 0x10, 0xFF
    .byte   0xFF, 0x00, 0x00, 0xF1, 0x00, 0x11, 0x01,    2, 0x0F, 0xFF, 0xF0, 0x11, 0x11, 0x1F, 0x00, 0xFF
    .byte   0x0F, 0xF1, 0xF0, 0x10, 0x11, 0x1F, 0x00, 0xFF, 0x00, 0x0F, 0x11, 0x00, 0xF0, 0x00, 0x00, 0x01
    .byte   0xF1, 0xF0, 0x0F, 0x10, 0x01, 0xF0, 0xF1, 0x0F,    0, 0x01, 0x00, 0xFF, 0x0F, 0xF1, 0x11, 0x10
    .byte   0xF0, 0xF0, 0x00, 0x1F, 0x1F, 0x0F, 0x01, 0x01, 0x00, 0x0F, 0xF1, 0x01, 0xF0, 0x1F, 0x0F, 0x10
    .byte   0x10, 0x10, 0x0F, 0x0F, 0x01, 0xF1, 0xF0, 0x01, 0x01,    1, 0x01, 0xFF, 0x0F, 0xF0, 0x00, 0x11
    .byte   0xF1, 0xF1, 0x0F, 0x10, 0xF0, 0x10, 0x00, 0x11, 0x0F, 0xFF, 0xF0, 0x01, 0x10, 0x0F, 0xF0, 0x02
    .byte   0x01, 0x0F, 0xFF, 0xFF, 0x11, 0x11, 0xFF, 0xF0, 0x01, 0x10,    1, 0x0F, 0xF0, 0x11, 0x11, 0xF0
    .byte   0xFF, 0x00, 0x00, 0x00, 0xFF, 0xF0, 0x20, 0x11, 0x0F, 0xFF, 0xF1, 0x10, 0x00, 0xF0, 0xF1, 0x01
    .byte   0x0F, 0x0F, 0xF0, 0x01, 0x2F, 0x00, 0xF0, 0x00, 0x0F, 0x0F, 0xFF,   -2, 0x00, 0x11, 0x01, 0xF0
    .byte   0xF0, 0x01, 0x11, 0x0F, 0x0F, 0xF1, 0x00, 0x00, 0x0F, 0x0F, 0x01, 0x11, 0xF0, 0x00, 0xF1, 0x01
    .byte   0x00, 0xF0, 0xF0, 0x00, 0x1F, 0x1F, 0x0F, 0x10, 0x11, 0x10, 0xFF, 0xF0,   -2, 0x01, 0x10, 0x00
    .byte   0x1F, 0x11, 0x0F, 0x0F, 0xFF, 0x00, 0x11, 0x10, 0x00, 0xF0, 0x10, 0xF0, 0xF1, 0xF0, 0x2F, 0x0F
    .byte   0xFF, 0xFF, 0x11, 0x01, 0xF0, 0x00, 0x11, 0x00, 0x00, 0xFF, 0x00, 0x11, 0x0F,    0, 0x0F, 0x00
    .byte   0x10, 0x00, 0xFF, 0x10, 0x11, 0x0F, 0x00, 0x00, 0x10, 0xFF, 0xF0, 0x11, 0x00, 0x10, 0xF0, 0xF1
    .byte   0x1F, 0x0F, 0x00, 0x10, 0x10, 0x00, 0xF0, 0xF0, 0x00, 0x10, 0x00, 0x1F, 0x10, 0xF1,    0, 0x00
    .byte   0x00, 0x00, 0xF0, 0x01, 0x01, 0x00, 0xF0, 0x01, 0x0F, 0x00, 0x00, 0x01, 0xF0, 0x10, 0xF0, 0x01
    .byte   0x1F, 0xFF, 0x1F, 0x11, 0xF0, 0x1F, 0x00, 0x00, 0x1F, 0x00, 0x1F, 0x1F, 0x00, 0x01, 0xFF,    0
    .byte   0x00, 0x10, 0x0F, 0xF0, 0x11, 0xF1, 0x0F, 0x00, 0x00, 0x00, 0x1F, 0x00, 0x0F, 0x10, 0x10, 0x0F
    .byte   0x00, 0xF1, 0x00, 0x1F, 0x00, 0x0F, 0x1F, 0x01, 0xF0, 0x10, 0x01, 0xF0, 0x01, 0xF1, 0xF1, 0x0F
    .byte      1, 0x00, 0xF0, 0x0F, 0x10, 0x00, 0x00, 0x01, 0xF0, 0x01, 0x0F, 0x01, 0xF1, 0xF0, 0x1F, 0x10
    .byte   0x00, 0x00, 0xF0, 0x01, 0xF1, 0xF1, 0x00, 0x0F, 0x1F, 0x10, 0xF0, 0x00, 0xF1, 0x01, 0xF0, 0x1F
    .byte   0x00,    0, 0x00, 0x00, 0x01, 0xF0, 0x01, 0xF1, 0xF0, 0x01, 0x00, 0xF1, 0xF0, 0x10, 0xF0, 0x1F
    .byte   0x00, 0x00, 0x00, 0x1F, 0x00, 0x1F, 0x00, 0x10, 0x0F, 0x01, 0xF0, 0x00, 0x00, 0x00, 0x10, 0xF1
    .byte   0xF0, 0x01,    0, 0x00, 0x1F, 0x00, 0x1F, 0x00, 0x00, 0x00, 0x00, 0x01, 0xF1, 0xFF, 0x11, 0x00
    .byte   0xFF, 0x10, 0x01, 0xF0, 0x00, 0x01, 0xF0, 0xF1, 0x00, 0x1F, 0x0F, 0x10, 0xF1, 0x0F, 0x01, 0x00
    .byte   0x00, 0x00, 0x0F,   -1, 0x00, 0x10, 0x00, 0x00, 0x00, 0x00, 0x0F, 0x10, 0xF1, 0x00, 0x00, 0x00
    .byte   0x00, 0xF1, 0x00, 0x00, 0x00, 0x0F, 0x11, 0xF1, 0xF0, 0xF0, 0x10, 0xF1, 0xF1, 0x0F, 0x00, 0x01
    .byte   0x00, 0xF1, 0x00, 0xF0,   -1, 0x01, 0x0F, 0x01, 0xF0, 0x01, 0x0F, 0x10, 0xF1, 0x00, 0xF1, 0x00
    .byte   0x00, 0xF0, 0x10, 0x00, 0x00, 0xF1, 0x0F, 0x10, 0x00, 0x00, 0x0F, 0x1F, 0x10, 0x00, 0x00, 0xF1
    .byte   0x00, 0x00, 0x0F, 0x10, 0xF1,    0, 0x00, 0x00, 0x00, 0xF1, 0x00, 0xF1, 0x01, 0xF0, 0x00, 0x00
    .byte   0x0F, 0x01, 0x00, 0x00, 0x00, 0x1F, 0x00, 0x00, 0x00, 0x00, 0x00, 0x0F, 0x11, 0xF1, 0xF0, 0xF1
    .byte   0x0F, 0x1F, 0x10, 0xF1, 0x00, 0x00,    0, 0x00, 0x01, 0xF0, 0x00, 0x0F, 0x1F, 0x10, 0x1F, 0x00
    .byte   0x00, 0x00, 0x00, 0x0F, 0x10, 0x00, 0x01, 0xF0, 0x00, 0x1F, 0x00, 0xF0, 0x11, 0xF0, 0x00, 0x1F
    .byte   0x00, 0x00, 0x00, 0x00, 0x01, 0xF0, 0x1F,    1, 0x00, 0xF0, 0x01, 0xF0, 0x00, 0x01, 0xF0, 0x00
    .byte   0x00, 0x01, 0xF0, 0x00, 0x00, 0x10, 0xFF, 0x01, 0x00, 0x00, 0x00, 0x00, 0x00, 0x00, 0x00, 0x00
    .byte   0x00, 0x00, 0x00, 0x1F, 0x00, 0x00, 0x00, 0x1F,    0, 0x00, 0x10, 0xF1, 0xF0, 0x00, 0x00, 0x00
    .byte   0x00, 0x00, 0x01, 0xF0, 0x00, 0x01, 0xF0, 0x00, 0x00, 0x00, 0x00, 0x00, 0x00, 0x00, 0xF1, 0x1F
    .byte   0x00, 0x00, 0x00, 0x00, 0x00, 0x00, 0x00, 0xF1, 0x00,   -1, 0x01, 0xF1, 0x00, 0xF1, 0x00, 0xF1
    .byte   0x00, 0x1F, 0x00, 0x00, 0xF1, 0x00, 0x00, 0x01, 0xF0, 0xF1, 0x00, 0x1F, 0x1F, 0x00, 0x00, 0x00
    .byte   0x1F, 0x00, 0xF0, 0x10, 0x00, 0x1F, 0xF1, 0x00, 0xF0, 0x10,    0, 0x00, 0x00, 0x00, 0x00, 0x00
    .byte   0x00, 0x00, 0xF1, 0x00, 0x00, 0x00, 0x1F, 0x1F, 0x00, 0x00, 0x01, 0xF1, 0xF0, 0x00, 0x00, 0x00
    .byte   0x01, 0xF0, 0x0F, 0x10, 0x01, 0x0F, 0x1F, 0x00, 0x0F, 0x01, 0x00,    0, 0x00, 0x00, 0x00, 0x0F
    .byte   0x10, 0x1F, 0x00, 0x00, 0x1F, 0x00, 0x00, 0x00, 0x1F, 0x1F, 0x1F, 0x00, 0x00, 0x00, 0x0F, 0x11
    .byte   0xF0, 0x00, 0x00, 0x00, 0x1F, 0x0F, 0x10, 0x00, 0x00, 0x00, 0x1F, 0x1F,    0, 0x00, 0x00, 0x00
    .byte   0x00, 0x00, 0xF1, 0x00, 0x00, 0x00, 0xF1, 0x00, 0x0F, 0x10, 0xF1, 0x01, 0x0F, 0x00, 0x00, 0x00
    .byte   0x00, 0x00, 0x00, 0x1F, 0x00, 0x00, 0x1F, 0x0F, 0x10, 0x00, 0x01, 0xF0, 0x00,    0, 0x00, 0x00
    .byte   0x00, 0x00, 0x0F, 0x10, 0x0F, 0x1F, 0x10, 0x10, 0xF0, 0x1F, 0x00, 0x00, 0x01, 0xF0, 0xF0, 0x1F
    .byte   0x10, 0x00, 0x00, 0x10, 0xFF, 0x10, 0x0F, 0x10, 0x00, 0x00, 0x00, 0xF1, 0x1F, 0x01,    0, 0x01
    .byte   0x0F, 0xF0, 0x11, 0xF0, 0x00, 0x00, 0x00, 0x00, 0x00, 0x1F, 0x00, 0x0F, 0x10, 0x00, 0x00, 0x00
    .byte   0x00, 0x00, 0x0F, 0x01, 0xF1, 0x00, 0xF1, 0x00, 0x00, 0x00, 0xF1, 0xF1, 0x00, 0x00, 0x00,    0
    .byte   0x00, 0x00, 0x00, 0x0F, 0x10, 0x01, 0xF0, 0x00, 0x01, 0xF0, 0x00, 0x1F, 0xF1, 0x00, 0x00, 0x00
    .byte   0x00, 0x00, 0xF1, 0x00, 0x0F, 0x10, 0x01, 0xF0, 0x1F, 0x00, 0x01, 0xF0, 0x00, 0x1F, 0x00, 0x01
    .byte      0, 0x00, 0xF1, 0x01, 0xF0, 0x00, 0x00, 0x00, 0x0F, 0x10, 0x00, 0x00, 0x00, 0x1F, 0x00, 0x01
    .byte   0xF0, 0x00, 0x00, 0x00, 0x00, 0x01, 0xF0, 0x00, 0x0F, 0x1F, 0x10, 0x1F, 0xF1, 0x1F, 0x00, 0x00
    .byte   0xF1,    0, 0x01, 0xF0, 0x00, 0x00, 0x1F, 0x00, 0x01, 0xF1, 0xF0, 0x00, 0x1F, 0x00, 0x0F, 0x10
    .byte   0x10, 0x0F, 0x00, 0x00, 0x00, 0x00, 0x1F, 0x1F, 0xF0, 0x10, 0x00, 0xF1, 0x00, 0x1F, 0x00, 0x00
    .byte   0x1F, 0x01,    0, 0x00, 0x00, 0xF1, 0x00, 0xF1, 0x01, 0xF0, 0x00, 0x00, 0x00, 0x1F, 0x0F, 0x11
    .byte   0xF0, 0x00, 0x00, 0x00, 0x00, 0x00, 0x00, 0x00, 0x1F, 0x00, 0x00, 0x00, 0x0F, 0x00, 0x1F, 0x10
    .byte   0x00, 0x00, 0x00,    0, 0x00, 0x00, 0x00, 0x01, 0x0F, 0xF1, 0x1F, 0x00, 0xF1, 0x00, 0x00, 0x00
    .byte   0x01, 0xF0, 0x10, 0xF0, 0x0F, 0x10, 0x01, 0xF0, 0xF1, 0x00, 0x00, 0x00, 0x00, 0x00, 0x00, 0x00
    .byte   0x00, 0x00, 0x1F, 0x01,    0, 0x00, 0xF1, 0x00, 0x00, 0x00, 0x00, 0xF1, 0x00, 0x01, 0xF0, 0xF1
    .byte   0x00, 0x00, 0x00, 0xF1, 0x00, 0x00, 0xF1, 0x1F, 0xF0, 0x10, 0x00, 0x00, 0x00, 0x1F, 0x00, 0x01
    .byte   0xF0, 0x00, 0x00, 0x00, 0x00,    0, 0x00, 0x01, 0x00, 0xF0, 0x00, 0x0F, 0x10, 0x1F, 0x01, 0xF1
    .byte   0xFF, 0x11, 0xF0, 0x00, 0x10, 0xF0, 0x0F, 0x10, 0x1F, 0x00, 0x00, 0x01, 0xFF, 0x10, 0x01, 0xF0
    .byte   0xF0, 0x1F, 0x10, 0x00, 0xF0, 0x11,    2, 0x0E, 0xFF, 0x1F, 0x44, 0xDC, 0xCE, 0x33, 0x2F, 0xEE
    .byte   0xEF, 0x12, 0x33, 0x1E, 0xDC, 0xE2, 0x45, 0x33, 0xAA, 0xB1, 0x44, 0x53, 0x1D, 0xDD, 0xFF, 0x44
    .byte   0x21, 0xBD, 0x02, 0x32, 0x21, 0x21, 0xCC,  -18, 0x01, 0x32, 0x23, 0xEE, 0x01, 0x2F, 0xF0, 0x01
    .byte   0xEE, 0x0E, 0x12, 0x22, 0x1E, 0xEE, 0x11, 0x11, 0x10, 0x21, 0xFE, 0xF1, 0x12, 0x0E, 0xFE, 0xF1
    .byte   0x12, 0x11, 0x0F, 0x0F, 0xE1, 0x11, 0x1F, 0x01,    0, 0x00, 0x10, 0x10, 0x11, 0xFF, 0xF0, 0x10
    .byte   0x01, 0xFF, 0xFF, 0xFF, 0x01, 0x1F, 0xFF, 0xF1, 0x02, 0x0F, 0x0F, 0xF0, 0x01, 0xF1, 0x0F, 0x0F
    .byte   0x01, 0x01, 0x01, 0xF1, 0x01, 0x10, 0x02, 0x0F, 0x0F,    5, 0x00, 0x10, 0x11, 0x0F, 0x0F, 0xF1
    .byte   0x00, 0x00, 0xE0, 0xFF, 0xF0, 0xFF, 0xFF, 0x0E, 0x1F, 0xFF, 0x0F, 0xF0, 0xF1, 0xF0, 0x1F, 0x00
    .byte   0xF2, 0x00, 0x20, 0x10, 0x20, 0x22, 0x12, 0x12, 0x2F, 0x02,   23, 0x01, 0xFF, 0xEF, 0x0E, 0xF0
    .byte   0xEF, 0x0F, 0xFF, 0xF0, 0x10, 0x01, 0x2F, 0xFF, 0xFF, 0x0E, 0xFF, 0x0E, 0x00, 0xFF, 0x0E, 0xE0
    .byte   0xEF, 0xFF, 0xF1, 0x0F, 0xEF, 0xFF, 0x0F, 0xFE, 0xEE, 0xF2, 0x33,  -12, 0x03, 0x53, 0x43, 0x12
    .byte   0xFD, 0xEE, 0x1D, 0xDD, 0xED, 0xED, 0x11, 0xFE, 0xEF, 0x13, 0x23, 0x32, 0x21, 0x10, 0x10, 0xFE
    .byte   0xED, 0xDD, 0xEE, 0x1F, 0x01, 0x02, 0x22, 0x32, 0x32, 0x21, 0xF0, 0xDE,    6, 0x0D, 0xDE, 0xDD
    .byte   0xEF, 0xE0, 0x10, 0x02, 0x10, 0x22, 0x01, 0x11, 0x22, 0x32, 0x44, 0x43, 0x2E, 0xED, 0xD0, 0x01
    .byte   0xDD, 0xDD, 0xE2, 0x23, 0xFD, 0xEE, 0x12, 0x34, 0x22, 0xDF, 0xFE, 0x22, 0xF0,   10, 0x0D, 0xDD
    .byte   0x02, 0x22, 0x0F, 0xE1, 0x22, 0x33, 0x11, 0xFD, 0xEE, 0xE1, 0xED, 0xDE, 0xDE, 0xE0, 0x12, 0x0E
    .byte   0x11, 0xE2, 0x22, 0x34, 0x31, 0x54, 0x33, 0xEF, 0xED, 0xDE, 0x2D, 0xDD, 0xDE, 0xF1,    0, 0x01
    .byte   0xED, 0x01, 0x24, 0x23, 0x2E, 0xEF, 0x3E, 0x2F, 0xDE, 0xCD, 0xF0, 0x2E, 0x2E, 0xE2, 0x13, 0x32
    .byte   0x22, 0x1F, 0x01, 0xE1, 0xDC, 0xED, 0xD0, 0xEF, 0xFF, 0xE0, 0x22, 0x22, 0x1F, 0xF0, 0x12,  -17
    .byte   0x03, 0x24, 0x44, 0x2F, 0xEE, 0xDE, 0x21, 0x0D, 0xDD, 0xEF, 0x22, 0xFF, 0xCE, 0x22, 0x42, 0x22
    .byte   0xD1, 0xF3, 0x20, 0x1D, 0xDD, 0xD1, 0x11, 0xEF, 0xEF, 0xE2, 0x33, 0x21, 0x12, 0x00, 0x21, 0xED
    .byte     -3, 0x0E, 0xDF, 0xEE, 0xFE, 0xEF, 0x02, 0x22, 0x1E, 0x1E, 0x12, 0x22, 0x12, 0x25, 0x50, 0x3E
    .byte   0xDF, 0xD2, 0x20, 0xDC, 0xDD, 0x03, 0x11, 0xEC, 0xD1, 0x33, 0x42, 0xEE, 0x01, 0x33, 0x11, 0xEC
    .byte   0xEE,   -1, 0x02, 0x1D, 0xDF, 0xEF, 0x23, 0x3F, 0xFF, 0x21, 0x12, 0x2E, 0xED, 0xFF, 0xEE, 0xEE
    .byte   0xED, 0x01, 0x22, 0xFF, 0x11, 0x22, 0x32, 0x0F, 0x22, 0x23, 0x23, 0x2F, 0xFE, 0x0E, 0xF0, 0xE0
    .byte   0xD0, 0xE0,    5, 0x0F, 0x0F, 0xEF, 0x11, 0x12, 0x2F, 0x10, 0x21, 0x10, 0xE1, 0xEE, 0xEF, 0xEF
    .byte   0xEF, 0x10, 0xFF, 0x00, 0xF1, 0x02, 0x10, 0xFE, 0x0E, 0x0E, 0x0E, 0xDE, 0xFF, 0x12, 0x21, 0x13
    .byte   0x45, 0x52, 0x1E,   45, 0x0E, 0xE3, 0x2E, 0xCC, 0xDE, 0x02, 0x0E, 0xCC, 0xE3, 0x33, 0x32, 0xE1
    .byte   0x23, 0x43, 0xFD, 0xDD, 0xE1, 0x0E, 0xEC, 0xDF, 0xF2, 0x21, 0xFE, 0xF3, 0x33, 0x31, 0x1F, 0x02
    .byte   0x02, 0xED, 0xDD, 0xEF,  -13, 0x0E, 0xED, 0xEF, 0x22, 0x30, 0xF2, 0x22, 0x33, 0x12, 0x11, 0x22
    .byte   0x2F, 0xEE, 0xFF, 0xFF, 0xFE, 0xEE, 0xE1, 0x0E, 0x1E, 0xEF, 0x01, 0x10, 0xEE, 0xFF, 0x00, 0xFE
    .byte   0xEE, 0xE1, 0x11, 0x0F, 0xFF,  -34, 0x02, 0x21, 0x32, 0x32, 0x34, 0x31, 0xE1, 0x20, 0xE2, 0x30
    .byte   0xDD, 0x11, 0xEF, 0x00, 0xDC, 0xE0, 0x21, 0xF0, 0x0F, 0xE1, 0x22, 0x0E, 0x00, 0x00, 0x01, 0x1E
    .byte   0xEF, 0x10, 0xFF, 0x0F, 0x00, 0x22,   -1, 0x00, 0xF1, 0x10, 0x02, 0x0F, 0xFF, 0x11, 0x1F, 0x00
    .byte   0xE0, 0x0F, 0x1F, 0xFF, 0x00, 0x11, 0xF1, 0xF1, 0x00, 0x01, 0x1F, 0x1F, 0xF0, 0x01, 0xF0, 0xE0
    .byte   0xF1, 0x0F, 0x0F, 0x00, 0x11, 0x01, 0x10,   -4, 0x01, 0x01, 0x10, 0x00, 0x0F, 0x10, 0x1F, 0x00
    .byte   0x10, 0x10, 0x00, 0x1F, 0x10, 0x01, 0x00, 0x00, 0xF1, 0x0F, 0x00, 0xF0, 0x10, 0xFF, 0x00, 0x10
    .byte   0xFF, 0x01, 0xF0, 0x00, 0x00, 0xF0, 0x10, 0xF1,   -2, 0x00, 0x10, 0x10, 0x10, 0x01, 0xF1, 0x10
    .byte   0xF1, 0x01, 0x00, 0x0F, 0x00, 0x00, 0x00, 0xF0, 0xF0, 0x0F, 0x00, 0x1F, 0x00, 0xF1, 0x00, 0xF1
    .byte   0x00, 0x00, 0x10, 0x0F, 0x00, 0x00, 0xF0, 0x10, 0xF1,    0, 0x0F, 0x00, 0x10, 0xF1, 0x1F, 0x1F
    .byte   0x11, 0xF0, 0x00, 0xF0, 0x00, 0xF0, 0x1F, 0x00, 0xF0, 0x1F, 0x0F, 0x1F, 0x10, 0x00, 0x10, 0x00
    .byte   0x10, 0xF0, 0x10, 0x0F, 0x10, 0x1F, 0x1F, 0x10, 0xF0, 0x1F,    0, 0x0F, 0x10, 0xF0, 0x11, 0xF0
    .byte   0x00, 0x00, 0x00, 0x00, 0x1F, 0x1F, 0x1F, 0x00, 0x00, 0x01, 0xF0, 0xF1, 0x00, 0x00, 0xF1, 0x00
    .byte   0x00, 0x00, 0x10, 0x00, 0x00, 0xF0, 0x00, 0x10, 0x0F, 0x01, 0xF0,    1, 0x00, 0xF1, 0x0F, 0xF0
    .byte   0x10, 0x00, 0x01, 0xF0, 0xF1, 0x00, 0xF0, 0x1F, 0x1F, 0x1F, 0x10, 0x00, 0x1F, 0x01, 0x0F, 0x00
    .byte   0xF1, 0x01, 0xF0, 0x00, 0x1F, 0x01, 0xFF, 0x1F, 0x10, 0x00, 0x00, 0xF1,    0, 0x00, 0x00, 0x00
    .byte   0x01, 0x00, 0xF0, 0x10, 0xF1, 0xF0, 0x00, 0x00, 0x00, 0x00, 0xF1, 0xF1, 0x0F, 0x10, 0xF0, 0x01
    .byte   0x0F, 0xF1, 0x01, 0xF1, 0xF0, 0x10, 0x00, 0xF1, 0x00, 0xF1, 0x00, 0x01, 0x0F,    1, 0x00, 0x00
    .byte   0xF1, 0xF0, 0x01, 0xF0, 0x00, 0x0F, 0x01, 0x0F, 0x1F, 0x10, 0x00, 0x1F, 0x01, 0xFF, 0x10, 0xF1
    .byte   0x00, 0x00, 0x00, 0x00, 0x1F, 0x00, 0x00, 0xF1, 0x00, 0x01, 0xF1, 0xF0, 0x00, 0x1F,    0, 0x00
    .byte   0x00, 0x01, 0xF0, 0x0F, 0x1F, 0x1F, 0x01, 0x01, 0xF0, 0xF1, 0x0F, 0x10, 0x0F, 0x10, 0x01, 0xF0
    .byte   0x00, 0x0F, 0x10, 0x01, 0x0F, 0x00, 0x00, 0x10, 0xF0, 0x1F, 0x00, 0x00, 0x00, 0x00, 0x00,    0
    .byte   0x00, 0x00, 0x00, 0x1F, 0x01, 0x0F, 0x00, 0x00, 0x00, 0xF1, 0x01, 0x00, 0xFF, 0x01, 0x00, 0x00
    .byte   0xF0, 0x00, 0x10, 0xF1, 0x0F, 0x10, 0x00, 0xF0, 0x00, 0x00, 0x10, 0x00, 0xF1, 0x0F, 0xF0, 0x1F
    .byte     -2, 0x01, 0x22, 0x11, 0x23, 0xFC, 0x9B, 0x57, 0x6D, 0xAE, 0x54, 0xBA, 0x04, 0x4F, 0x22, 0xED
    .byte   0x22, 0xFE, 0xCF, 0x43, 0xFC, 0x33, 0x1C, 0x35, 0xD9, 0xE7, 0xDC, 0x03, 0x42, 0xFD, 0xE3, 0xCC
    .byte   0xE1,  -10, 0x0C, 0x25, 0x1E, 0xE3, 0x0E, 0x22, 0xCE, 0x22, 0xE3, 0x3D, 0xF3, 0xEE, 0x32, 0xC1
    .byte   0x01, 0xED, 0xE4, 0x2D, 0x12, 0xEF, 0x30, 0xEF, 0xF0, 0x20, 0xE1, 0x21, 0xF0, 0xE2, 0x10, 0xE2
    .byte   0xEE, 0x12,    3, 0x0D, 0x31, 0xDE, 0x30, 0xF0, 0x02, 0xEE, 0x23, 0xEE, 0x21, 0xE1, 0x0E, 0xF2
    .byte   0x0E, 0xF1, 0x0E, 0x03, 0x2E, 0xD2, 0x0E, 0x32, 0xFF, 0xFF, 0xEE, 0x32, 0xEE, 0x2E, 0xF0, 0x23
    .byte   0xDD, 0x22, 0xDF,    8, 0x03, 0xCD, 0x32, 0xD1, 0x32, 0xDE, 0xFF, 0x23, 0xD0, 0x32, 0xC2, 0x3D
    .byte   0xE3, 0x1E, 0xEE, 0x02, 0x22, 0xD2, 0x2E, 0xE3, 0x2E, 0xEE, 0x1F, 0xF2, 0x2E, 0xE2, 0x11, 0x02
    .byte   0x0D, 0xD2, 0x1E, 0x02,   -2, 0x00, 0x32, 0xF0, 0xFF, 0xE1, 0x2D, 0xD1, 0x2E, 0x12, 0x2E, 0xE1
    .byte   0x1E, 0xE0, 0xFE, 0x22, 0x22, 0x2E, 0x12, 0x10, 0xFF, 0xEE, 0x20, 0x1F, 0x2F, 0x01, 0x0F, 0xF1
    .byte   0x0E, 0x02, 0xFF, 0x11, 0x21,    6, 0x01, 0x0E, 0x0F, 0xFE, 0x01, 0x11, 0x11, 0xF0, 0x00, 0xF1
    .byte   0x10, 0x0F, 0x1F, 0x02, 0x00, 0xFE, 0x0F, 0x11, 0x10, 0xFF, 0xF1, 0x00, 0x01, 0x0F, 0xF0, 0x11
    .byte   0x11, 0xFF, 0xFF, 0xF1, 0x1F, 0x0F,   -1, 0x00, 0x11, 0x11, 0xF0, 0xEF, 0xFF, 0x1F, 0x01, 0x11
    .byte   0x11, 0x00, 0x0F, 0xFF, 0xF0, 0x10, 0x12, 0xF1, 0xF1, 0xFF, 0x0F, 0xF0, 0x00, 0x10, 0x01, 0x11
    .byte   0x00, 0x00, 0xF0, 0xF0, 0x10, 0x11, 0x00,    3, 0x00, 0x01, 0xF0, 0xFF, 0xF0, 0x10, 0x0F, 0x00
    .byte   0xF0, 0x01, 0xFF, 0x0F, 0xFF, 0xF1, 0xF1, 0x00, 0xF0, 0x0F, 0x00, 0x10, 0xF1, 0xF1, 0x11, 0x11
    .byte   0x11, 0xF0, 0x00, 0x11, 0x11, 0x01, 0xF2, 0xF1,    9, 0x0F, 0x00, 0x01, 0xF1, 0x00, 0x1F, 0x10
    .byte   0x0F, 0x00, 0x1F, 0x00, 0xFF, 0xF1, 0xF0, 0x00, 0xFF, 0xF1, 0xF0, 0xFF, 0xFF, 0x0E, 0x0F, 0x0E
    .byte   0x0F, 0xF0, 0xFF, 0x00, 0xFF, 0xF0, 0xF1, 0xF0, 0x11,  -15, 0x00, 0x10, 0x10, 0x11, 0x11, 0x11
    .byte   0x11, 0x02, 0x01, 0x11, 0x11, 0x11, 0x02, 0x10, 0x02, 0x01, 0x11, 0x11, 0x12, 0x10, 0x00, 0x1F
    .byte   0x01, 0xFF, 0x0F, 0x00, 0x0F, 0x0F, 0xFE, 0xEE, 0xFE, 0xFE,   -2, 0x0E, 0xEE, 0xFE, 0x0F, 0xEF
    .byte   0xE0, 0xEF, 0x0F, 0x00, 0xFF, 0x10, 0x10, 0x12, 0xF1, 0x11, 0x12, 0x02, 0x02, 0x11, 0x21, 0x12
    .byte   0x12, 0x21, 0x12, 0x12, 0x00, 0x22, 0x22, 0x11, 0x10, 0x02, 0x11,   43, 0x00, 0x10, 0x0F, 0xE0
    .byte   0xF0, 0xEE, 0xEE, 0xEE, 0xEF, 0xEF, 0xEE, 0xFE, 0xFE, 0xEF, 0xE0, 0xE0, 0xE0, 0xF0, 0x0E, 0x0F
    .byte   0x0F, 0xFF, 0x00, 0x10, 0x1F, 0x02, 0x10, 0x20, 0x20, 0x20, 0x22, 0x21,   -7, 0x02, 0x02, 0x02
    .byte   0x22, 0x31, 0x20, 0x12, 0x22, 0x22, 0x21, 0x10, 0x0F, 0x1F, 0x0F, 0xEE, 0xEE, 0xEE, 0xEE, 0xEE
    .byte   0xFE, 0xEE, 0xFE, 0xFE, 0x0E, 0xFF, 0xFF, 0xF0, 0x0F, 0xFF, 0xF0, 0xEF, 0xFF,  -33, 0x0F, 0xFF
    .byte   0xF0, 0xFF, 0x1F, 0x01, 0x01, 0x11, 0x10, 0x22, 0x12, 0x11, 0x22, 0x12, 0x32, 0x31, 0x22, 0x22
    .byte   0x31, 0x22, 0x22, 0x01, 0x1F, 0x0F, 0xFF, 0xEE, 0xED, 0xFE, 0xEE, 0xEE, 0xEE, 0xFE,   -1, 0x0E
    .byte   0x0E, 0x0F, 0xEF, 0xFF, 0xFF, 0x0F, 0x0F, 0xFF, 0xFE, 0xFF, 0xFF, 0xF0, 0xE0, 0xFF, 0xFF, 0xFF
    .byte   0xF0, 0x01, 0x10, 0x12, 0x11, 0x21, 0x22, 0x22, 0x33, 0x23, 0x22, 0x13, 0x22, 0x32, 0x22,   65
    .byte   0x01, 0x10, 0x00, 0xFE, 0xFE, 0xED, 0xFE, 0xED, 0xEE, 0xEE, 0xEE, 0xEF, 0xFE, 0xFF, 0xE0, 0xE1
    .byte   0x0F, 0xF0, 0x00, 0xFE, 0x0F, 0x0E, 0xFF, 0x0E, 0xF0, 0xE0, 0xFF, 0x0F, 0x0E, 0x01, 0x01, 0x11
    .byte    -40, 0x00, 0x21, 0x22, 0x22, 0x33, 0x23, 0x22, 0x31, 0x32, 0x23, 0x12, 0x21, 0x11, 0x10, 0xFE
    .byte   0xFE, 0xEE, 0xEE, 0xD0, 0xDE, 0xEE, 0xEE, 0xEF, 0xEE, 0xFF, 0xEF, 0xFF, 0xFF, 0x00, 0xFF, 0x00
    .byte   0xFF,  -24, 0x0F, 0x0E, 0xF0, 0x0E, 0xFF, 0x0E, 0xF0, 0xE0, 0xFF, 0x00, 0x10, 0x10, 0x12, 0x11
    .byte   0x22, 0x33, 0x32, 0x32, 0x23, 0x23, 0x22, 0x32, 0x22, 0x11, 0x10, 0x0E, 0xEF, 0xEE, 0xED, 0xFE
    .byte   0xDE, 0xEE,   13, 0x0E, 0xEF, 0xEE, 0xEF, 0xEF, 0xFF, 0xF1, 0x1F, 0x0F, 0xFF, 0xFF, 0xFF, 0xFF
    .byte   0xFF, 0x0E, 0xF0, 0xE0, 0xEF, 0xFE, 0x0F, 0xF0, 0x11, 0x10, 0x10, 0x10, 0x22, 0x33, 0x33, 0x23
    .byte   0x22, 0x23, 0x23,   52, 0x03, 0x22, 0x21, 0x2F, 0xEF, 0xEE, 0xEE, 0xEE, 0xEE, 0xDE, 0xED, 0xEE
    .byte   0xFE, 0xEF, 0xEE, 0xFE, 0xFF, 0xF0, 0x01, 0x10, 0x0F, 0xFF, 0xFF, 0xFF, 0x0F, 0xFF, 0xF0, 0xEF
    .byte   0xEF, 0xE0, 0xE0, 0xF1,  -47, 0x01, 0x0F, 0x00, 0x02, 0xF3, 0x33, 0x33, 0x23, 0x22, 0x23, 0x23
    .byte   0x23, 0x31, 0x21, 0x2F, 0xEE, 0xEE, 0xEE, 0xEE, 0xEE, 0xDE, 0xED, 0xEE, 0xEE, 0xE0, 0xE0, 0xEE
    .byte   0xF0, 0xFF, 0x11, 0x11, 0x10,  -18, 0x0F, 0xFF, 0xFF, 0xF1, 0xF0, 0xFF, 0xE0, 0xEE, 0xE0, 0xEF
    .byte   0xF0, 0x10, 0xF0, 0x00, 0x01, 0x22, 0x34, 0x23, 0x32, 0x31, 0x32, 0x23, 0x23, 0x32, 0x21, 0x1F
    .byte   0xEE, 0xEE, 0xEE, 0xEE, 0xFE, 0xED,   25, 0x0D, 0xED, 0xEE, 0xE0, 0xE0, 0xFE, 0x0E, 0xF0, 0x10
    .byte   0x11, 0x11, 0x0F, 0xFF, 0xFF, 0x00, 0x0F, 0x0F, 0xFE, 0xEE, 0xEE, 0xFF, 0xF0, 0x11, 0x0F, 0x0F
    .byte   0xF1, 0x13, 0x33, 0x42, 0x33, 0x12, 0x22,   36, 0x03, 0x32, 0x33, 0x22, 0x1F, 0xEE, 0xED, 0xEE
    .byte   0xEE, 0xEE, 0xED, 0xEE, 0xDE, 0xED, 0xFE, 0xE0, 0xFF, 0xFF, 0x0F, 0x10, 0x01, 0x00, 0xF0, 0xF0
    .byte   0x0F, 0xF1, 0xF1, 0xFF, 0xEF, 0xEE, 0xEF, 0xE1,  -47, 0x00, 0x10, 0xFF, 0xFF, 0xF2, 0x23, 0x33
    .byte   0x33, 0x32, 0x22, 0x23, 0x13, 0x33, 0x33, 0x21, 0x0E, 0xEE, 0xDE, 0xDE, 0xEF, 0xEE, 0xEE, 0xDE
    .byte   0xED, 0xDE, 0xEE, 0x00, 0xF0, 0xF0, 0xFF, 0x0F, 0xF0,  -25, 0x00, 0x01, 0x01, 0x00, 0x00, 0xFF
    .byte   0xFE, 0xFF, 0xEE, 0xFF, 0xFF, 0x0F, 0xFF, 0xFF, 0x00, 0x13, 0x33, 0x33, 0x23, 0x23, 0x22, 0x22
    .byte   0x33, 0x32, 0x32, 0x21, 0xEE, 0xED, 0xED, 0xEE, 0xEE, 0xEE,   27, 0x0E, 0xDE, 0xDE, 0xDF, 0xEE
    .byte   0x0F, 0x11, 0x0F, 0xFF, 0xFF, 0xFF, 0x11, 0x11, 0x01, 0x00, 0x0F, 0xEF, 0xEF, 0xE0, 0xEF, 0x0F
    .byte   0xFF, 0x0E, 0xF0, 0xE1, 0x12, 0x33, 0x33, 0x33, 0x32, 0x22, 0x22,   42, 0x03, 0x33, 0x32, 0x30
    .byte   0xFE, 0xED, 0xED, 0xDE, 0xEE, 0xE0, 0xEE, 0xED, 0xED, 0xDE, 0xD0, 0xEF, 0x11, 0x10, 0x1F, 0x00
    .byte   0xEF, 0xF1, 0x00, 0x11, 0x1F, 0x2F, 0xFF, 0xEF, 0xE0, 0xEE, 0x0F, 0x0F,  -45, 0x00, 0xFE, 0xF1
    .byte   0x12, 0x32, 0x33, 0x33, 0x32, 0x22, 0x22, 0x33, 0x23, 0x33, 0x22, 0x1E, 0xED, 0xDE, 0xDE, 0xDE
    .byte   0xFE, 0x0E, 0xEE, 0xDE, 0xDD, 0xED, 0xFF, 0xF0, 0x20, 0x1F, 0x1F, 0xFF, 0xFF,  -30, 0x01, 0x01
    .byte   0x11, 0x10, 0x0E, 0xFE, 0x0E, 0xFF, 0xF0, 0xF0, 0xFF, 0xEF, 0xFF, 0x23, 0x23, 0x33, 0x33, 0x31
    .byte   0x22, 0x22, 0x23, 0x33, 0x33, 0x22, 0xFE, 0xDE, 0xDD, 0xDD, 0xEE, 0xE1, 0x0F, 0xEE,   11, 0x0D
    .byte   0xDD, 0xDE, 0xE0, 0x11, 0x12, 0x11, 0x1F, 0xFF, 0xE0, 0xE0, 0x11, 0x21, 0x2F, 0x0F, 0xEF, 0xEE
    .byte   0x0E, 0xFF, 0xFF, 0xFF, 0xF1, 0x02, 0x32, 0x33, 0x33, 0x31, 0x22, 0x22, 0x32, 0x33, 0x33,   87
    .byte   0x02, 0x1F, 0xED, 0xED, 0xDD, 0xDE, 0xEF, 0xFF, 0xFE, 0xED, 0xED, 0xDD, 0xDE, 0x01, 0x02, 0x02
    .byte   0x11, 0x0E, 0xFF, 0xFF, 0xF1, 0x01, 0xF1, 0xF1, 0x00, 0xFF, 0xFF, 0xFE, 0xFE, 0xFE, 0xF0, 0x12
    .byte    -39, 0x03, 0x33, 0x32, 0x32, 0x21, 0x22, 0x32, 0x33, 0x43, 0x23, 0x0E, 0xED, 0xED, 0xDD, 0xDE
    .byte   0xEF, 0xEF, 0xFE, 0xED, 0xED, 0xDE, 0xDE, 0xFF, 0x11, 0x21, 0x11, 0x1F, 0xFF, 0xFF, 0xFF, 0xF0
    .byte   0x00,  -31, 0x00, 0x11, 0xF0, 0xF0, 0xE0, 0xEE, 0xEF, 0xE0, 0x22, 0x33, 0x33, 0x32, 0x32, 0x12
    .byte   0x22, 0x23, 0x33, 0x34, 0x22, 0x00, 0xDD, 0xDD, 0xDD, 0xEE, 0xEF, 0xFF, 0xFE, 0xDD, 0xED, 0xDD
    .byte   0xEF, 0xE1,  -34, 0x02, 0x02, 0x10, 0xFF, 0xF0, 0xE0, 0x00, 0x10, 0x10, 0x10, 0x00, 0x0F, 0xEF
    .byte   0xFE, 0xEF, 0xEE, 0x01, 0x23, 0x33, 0x33, 0x32, 0x31, 0x22, 0x12, 0x33, 0x33, 0x42, 0x3F, 0xFE
    .byte   0xDD, 0xDD, 0xCE,   29, 0x0E, 0x00, 0xE1, 0xEE, 0xED, 0xDD, 0xDD, 0xFE, 0x01, 0x12, 0x22, 0x11
    .byte   0x00, 0xFF, 0xF0, 0x10, 0x11, 0x11, 0x1F, 0xFF, 0xFE, 0xFE, 0xEF, 0xEF, 0xEE, 0x12, 0x33, 0x43
    .byte   0x32, 0x22, 0x0F, 0x01,   21, 0x03, 0x33, 0x43, 0x43, 0xD0, 0x1E, 0xCC, 0xCE, 0xF1, 0x1F, 0xEC
    .byte   0xD1, 0x0F, 0xEE, 0xDD, 0xEF, 0xDD, 0xE2, 0x20, 0x22, 0x21, 0x01, 0x2F, 0xFF, 0x0F, 0xEE, 0xEE
    .byte   0xD1, 0x00, 0x2F, 0x00, 0xFE,  -58, 0x0E, 0x23, 0x45, 0x44, 0x44, 0x32, 0x0D, 0xEE, 0xE1, 0x12
    .byte   0x32, 0x22, 0x0D, 0xDD, 0xCC, 0xDD, 0xEE, 0x22, 0x32, 0x30, 0x1E, 0xED, 0xDE, 0xDE, 0xEF, 0x01
    .byte   0x22, 0x22, 0x21, 0x1E, 0xED, 0xEE,  -35, 0x0F, 0xEF, 0x01, 0xF0, 0xFF, 0xEE, 0xEF, 0xFE, 0x02
    .byte   0x03, 0x34, 0x44, 0x45, 0x33, 0x32, 0xFE, 0xDE, 0xEE, 0xEF, 0x01, 0x10, 0xEE, 0xDD, 0xDD, 0xDE
    .byte   0xD1, 0x12, 0x23, 0x22, 0x21, 0xEE, 0xED,  -11, 0x0D, 0xEE, 0xF1, 0x22, 0x22, 0x21, 0x1F, 0xDE
    .byte   0xED, 0xEE, 0xFE, 0x1F, 0x11, 0x0F, 0x0F, 0xE0, 0xE0, 0x11, 0x33, 0x44, 0x54, 0x44, 0x32, 0x1E
    .byte   0xDD, 0xED, 0xEF, 0x10, 0x21, 0x0E, 0xED, 0xDD,    4, 0x0D, 0xDF, 0x02, 0x23, 0x32, 0x3F, 0x1E
    .byte   0xDD, 0xDD, 0xDD, 0xF0, 0x22, 0x23, 0x22, 0x00, 0xED, 0xED, 0xED, 0xEF, 0xE1, 0x02, 0x11, 0x1F
    .byte   0xFF, 0xEE, 0x12, 0x33, 0x45, 0x45, 0x44, 0x22, 0xFE,   73, 0x0D, 0xDE, 0xD1, 0x12, 0x21, 0x0E
    .byte   0xED, 0xDC, 0xDD, 0xDE, 0x00, 0x33, 0x33, 0x22, 0x2E, 0xDD, 0xDC, 0xDE, 0xEF, 0x13, 0x23, 0x32
    .byte   0x2E, 0xED, 0xDD, 0xDD, 0xEE, 0xE1, 0x22, 0x22, 0x1F, 0xFE,  -53, 0x0E, 0x02, 0x34, 0x44, 0x55
    .byte   0x44, 0x30, 0xED, 0xDC, 0xDD, 0xE1, 0x12, 0x31, 0x10, 0xED, 0xDC, 0xCD, 0xDE, 0x13, 0x23, 0x34
    .byte   0x12, 0xEE, 0xDD, 0xCD, 0xDE, 0xE1, 0x23, 0x33, 0x23, 0xFE, 0xED,  -23, 0x0D, 0xDD, 0xDF, 0x11
    .byte   0x22, 0x21, 0x10, 0xEE, 0xEF, 0x13, 0x34, 0x54, 0x55, 0x43, 0x2F, 0xDD, 0xCD, 0xCE, 0xE1, 0x22
    .byte   0x30, 0x0F, 0xDD, 0xCD, 0xCE, 0xEE, 0x23, 0x33, 0x32, 0x20, 0xFD, 0xDD,  -17, 0x0D, 0xDE, 0x12
    .byte   0x23, 0x32, 0x31, 0x0F, 0xDD, 0xDD, 0xDD, 0xEF, 0xF1, 0x22, 0x21, 0xFF, 0xFE, 0xF0, 0x23, 0x44
    .byte   0x54, 0x54, 0x43, 0xFE, 0xDC, 0xDC, 0xDD, 0x02, 0x22, 0x31, 0x1E, 0xDD, 0xCD,  -13, 0x0D, 0xE0
    .byte   0x23, 0x33, 0x33, 0x21, 0xED, 0xDC, 0xDD, 0xDE, 0x12, 0x33, 0x33, 0x21, 0xFE, 0xDD, 0xCD, 0xDE
    .byte   0xEE, 0x22, 0x22, 0x21, 0x0E, 0xFE, 0xF2, 0x33, 0x45, 0x54, 0x53, 0x4F, 0xED, 0xCD,   46, 0x0D
    .byte   0xDF, 0x12, 0x32, 0x21, 0xED, 0xDC, 0xDC, 0xDE, 0x01, 0x33, 0x33, 0x32, 0x2F, 0xDD, 0xDC, 0xDD
    .byte   0xEF, 0x12, 0x33, 0x33, 0x20, 0xFD, 0xDC, 0xDD, 0xDD, 0xF0, 0x22, 0x23, 0x11, 0x1F, 0xEF,  -48
    .byte   0x02, 0x43, 0x54, 0x54, 0x44, 0x2F, 0xDD, 0xCD, 0xCD, 0xEF, 0x12, 0x22, 0x21, 0xFD, 0xDC, 0xDD
    .byte   0xDE, 0x02, 0x33, 0x33, 0x30, 0xFE, 0xDD, 0xCD, 0xDD, 0x01, 0x23, 0x33, 0x32, 0x1F, 0xDD, 0xDC
    .byte    -46, 0x0D, 0xDF, 0xF1, 0x32, 0x22, 0x21, 0xFE, 0xFF, 0x23, 0x35, 0x45, 0x44, 0x43, 0xFE, 0xDC
    .byte   0xCD, 0xCE, 0xF0, 0x22, 0x23, 0xF1, 0xDD, 0xDC, 0xDD, 0xEE, 0x13, 0x33, 0x42, 0x21, 0xFD, 0xDC
    .byte   0xDC,  -38, 0x0E, 0x11, 0x33, 0x33, 0x22, 0xFE, 0xDD, 0xCD, 0xDE, 0xD1, 0x22, 0x22, 0x22, 0x1F
    .byte   0xE0, 0x01, 0x33, 0x45, 0x45, 0x44, 0x30, 0x0D, 0xCD, 0xCC, 0xED, 0x12, 0x22, 0x22, 0x0E, 0xDD
    .byte   0xDC, 0xED,  -22, 0x01, 0x23, 0x33, 0x33, 0xF0, 0xDD, 0xDC, 0xDD, 0xDF, 0x22, 0x33, 0x33, 0x2F
    .byte   0xED, 0xDD, 0xCE, 0xDE, 0xE1, 0x22, 0x22, 0x21, 0x0F, 0xF0, 0x23, 0x34, 0x54, 0x54, 0x43, 0x0E
    .byte   0xDD, 0xCD, 0xCD,   23, 0x0F, 0x02, 0x22, 0x10, 0xED, 0xDD, 0xDD, 0xE1, 0x12, 0x33, 0x32, 0x30
    .byte   0xED, 0xDD, 0xDC, 0xED, 0x12, 0x23, 0x33, 0x22, 0x1E, 0xDD, 0xDD, 0xCE, 0xEE, 0xF2, 0x22, 0x21
    .byte   0x20, 0xE1, 0x12, 0x33,   -5, 0x04, 0x54, 0x53, 0x31, 0xFD, 0xDC, 0xDC, 0xDE, 0xE2, 0x12, 0x21
    .byte   0xFF, 0xDD, 0xDD, 0xEE, 0xE2, 0x23, 0x23, 0x31, 0x1E, 0xED, 0xDC, 0xED, 0xE1, 0x12, 0x32, 0x32
    .byte   0x20, 0xED, 0xDD, 0xDD, 0xED,  -62, 0x0F, 0x21, 0x22, 0x20, 0x1F, 0x1F, 0x23, 0x34, 0x45, 0x45
    .byte   0x33, 0x3E, 0xEC, 0xDC, 0xCD, 0xEE, 0x02, 0x22, 0x2F, 0xEE, 0xDD, 0xDD, 0xEE, 0x12, 0x33, 0x33
    .byte   0x20, 0xEE, 0xDD, 0xCD, 0xDE, 0xF2,  -30, 0x03, 0x32, 0x31, 0x0E, 0xDD, 0xDD, 0xDD, 0xFE, 0x00
    .byte   0x22, 0x21, 0x10, 0x0F, 0xF1, 0x33, 0x44, 0x54, 0x54, 0x33, 0xEE, 0xDC, 0xDC, 0xCE, 0xEF, 0x12
    .byte   0x22, 0x2E, 0xED, 0xDD, 0xDD, 0xFF, 0x23,    2, 0x03, 0x32, 0x2E, 0xED, 0xDD, 0xCD, 0xEF, 0x12
    .byte   0x23, 0x32, 0x21, 0xFD, 0xED, 0xDD, 0xDE, 0xFF, 0xF1, 0x21, 0x12, 0xF0, 0xFF, 0x12, 0x34, 0x45
    .byte   0x45, 0x43, 0x4F, 0xED, 0xCD, 0xCC, 0xDE, 0x01,   23, 0x02, 0x22, 0x0E, 0xDD, 0xDD, 0xDF, 0xF0
    .byte   0x33, 0x33, 0x31, 0xFE, 0xDD, 0xCD, 0xDD, 0xF0, 0x23, 0x33, 0x22, 0x2E, 0xED, 0xDD, 0xCE, 0xEE
    .byte   0xE2, 0x02, 0x21, 0x10, 0x0E, 0xFF, 0x13, 0x34, 0x45,   42, 0x05, 0x34, 0x21, 0xED, 0xCD, 0xCC
    .byte   0xEE, 0x12, 0x22, 0x2F, 0xFE, 0xDD, 0xDD, 0xDF, 0x02, 0x33, 0x32, 0x3F, 0xEE, 0xDD, 0xCE, 0xDE
    .byte   0xE2, 0x23, 0x23, 0x22, 0xFE, 0xED, 0xDD, 0xDE, 0xD0, 0x01,  -53, 0x02, 0x21, 0x10, 0xFE, 0xE0
    .byte   0xF3, 0x34, 0x45, 0x45, 0x43, 0x30, 0xDD, 0xCD, 0xCD, 0xD0, 0x12, 0x23, 0x2F, 0xFD, 0xDD, 0xDC
    .byte   0xEE, 0x22, 0x33, 0x33, 0x21, 0x0D, 0xDD, 0xCD, 0xDE, 0x01, 0x32,  -10, 0x03, 0x21, 0x0E, 0xDD
    .byte   0xDD, 0xDD, 0xF0, 0x11, 0x22, 0x20, 0x0F, 0xEE, 0xFE, 0x03, 0x34, 0x45, 0x45, 0x44, 0x2E, 0xED
    .byte   0xCD, 0xCD, 0xD0, 0x12, 0x23, 0x20, 0xEE, 0xDC, 0xDD, 0xDF, 0x02, 0x33,   13, 0x03, 0x3F, 0xFD
    .byte   0xDD, 0xCD, 0xDE, 0xFF, 0x33, 0x33, 0x22, 0xFE, 0xDD, 0xDD, 0xDE, 0xEE, 0x12, 0x12, 0x21, 0x10
    .byte   0xEE, 0xEE, 0x02, 0x34, 0x45, 0x45, 0x44, 0x21, 0xED, 0xDC, 0xCD, 0xEF, 0x22,   37, 0x02, 0x2F
    .byte   0xFD, 0xDD, 0xCD, 0xEE, 0xF2, 0x33, 0x33, 0x31, 0xFD, 0xDD, 0xCD, 0xDE, 0xF2, 0x23, 0x33, 0x22
    .byte   0xFE, 0xDD, 0xDD, 0xDE, 0xE0, 0x12, 0x02, 0x10, 0xFE, 0xEE, 0xEE, 0x00, 0x33, 0x45,   17, 0x05
    .byte   0x44, 0x33, 0xFE, 0xDC, 0xDC, 0xEE, 0x02, 0x22, 0x21, 0x0D, 0xDD, 0xDC, 0xDE, 0x12, 0x23, 0x33
    .byte   0x32, 0xFE, 0xDD, 0xCD, 0xDE, 0xE2, 0x23, 0x32, 0x32, 0x0E, 0xED, 0xDD, 0xDE, 0xEE, 0x01,  -44
    .byte   0x01, 0x21, 0x0E, 0xEE, 0xEE, 0xE1, 0x02, 0x44, 0x45, 0x45, 0x43, 0x20, 0xED, 0xDC, 0xDD, 0xE1
    .byte   0x22, 0x31, 0x11, 0xDD, 0xDC, 0xDD, 0xE0, 0x13, 0x33, 0x33, 0x2F, 0xED, 0xCD, 0xDD, 0xEE, 0x22
    .byte    -17, 0x03, 0x31, 0x21, 0xEE, 0xDD, 0xDE, 0xEE, 0xF0, 0x02, 0x10, 0x0E, 0xFE, 0xEE, 0xEE, 0x0F
    .byte   0x23, 0x34, 0x54, 0x45, 0x34, 0x2F, 0xED, 0xCD, 0xDE, 0xE0, 0x22, 0x22, 0x0F, 0xDD, 0xDC, 0xDD
    .byte   0xE0,  -15, 0x03, 0x33, 0x33, 0x11, 0xDD, 0xDC, 0xDD, 0xE0, 0x22, 0x33, 0x32, 0x2F, 0xEE, 0xDD
    .byte   0xDE, 0xEF, 0xF1, 0x11, 0x1F, 0xFE, 0xEE, 0xDE, 0xEE, 0x11, 0x23, 0x34, 0x44, 0x45, 0x33, 0x31
    .byte   0xFE, 0xED,   51, 0x0E, 0xEF, 0x02, 0x11, 0x1E, 0xED, 0xDC, 0xDE, 0xD1, 0x22, 0x33, 0x32, 0x2F
    .byte   0xED, 0xDD, 0xDD, 0xEE, 0x12, 0x32, 0x32, 0x21, 0xEE, 0xED, 0xEE, 0xEE, 0x00, 0x11, 0xFF, 0xEE
    .byte   0xDE, 0xED, 0xE0,  -68, 0x02, 0x13, 0x33, 0x44, 0x44, 0x34, 0x32, 0x22, 0xEE, 0xED, 0xEE, 0xE0
    .byte   0x11, 0xFF, 0xEE, 0xDE, 0xDD, 0xEE, 0x01, 0x22, 0x32, 0x22, 0xEE, 0xED, 0xDD, 0xEE, 0xF0, 0x22
    .byte   0x23, 0x12, 0x1F, 0xEE,  -11, 0x0E, 0xEE, 0xFF, 0x0F, 0xFF, 0xEE, 0xED, 0xEE, 0xEF, 0xF0, 0x21
    .byte   0x23, 0x23, 0x43, 0x44, 0x43, 0x33, 0x21, 0xFD, 0xED, 0xEE, 0xE0, 0x11, 0x01, 0xEE, 0xED, 0xDE
    .byte   0xDE, 0x01, 0x22, 0x32, 0x22,   24, 0x0E, 0xDD, 0xDE, 0xDE, 0xF0, 0x22, 0x23, 0x21, 0x11, 0xEE
    .byte   0xEE, 0xEE, 0xF0, 0x00, 0x1E, 0xEE, 0xED, 0xED, 0xEE, 0xF1, 0x22, 0x23, 0x23, 0x34, 0x34, 0x43
    .byte   0x42, 0x31, 0x0E, 0xED, 0xED, 0xFE,   37, 0x00, 0x11, 0x0E, 0xEE, 0xDD, 0xEE, 0xEE, 0x12, 0x31
    .byte   0x22, 0x10, 0xED, 0xED, 0xDE, 0xF0, 0x12, 0x23, 0x22, 0x11, 0x0E, 0xEE, 0xFE, 0xFF, 0xFF, 0xFE
    .byte   0xED, 0xED, 0xEE, 0xD0, 0xF0, 0x21, 0x22,  -47, 0x02, 0x33, 0x34, 0x34, 0x43, 0x33, 0x2F, 0xEE
    .byte   0xDE, 0xDF, 0xE0, 0x01, 0x11, 0xFE, 0xED, 0xED, 0xDF, 0x00, 0x22, 0x22, 0x21, 0x0E, 0xDD, 0xDE
    .byte   0xD0, 0x01, 0x22, 0x33, 0x21, 0x10, 0xEE, 0xEF,   -9, 0x0E, 0x00, 0x0E, 0xFE, 0xED, 0xED, 0xDE
    .byte   0xEE, 0x12, 0x22, 0x22, 0x32, 0x23, 0x33, 0x44, 0x34, 0x32, 0x21, 0xEE, 0xDD, 0xEE, 0xE0, 0x10
    .byte   0x20, 0xFE, 0xED, 0xED, 0xEE, 0xF0, 0x22, 0x22, 0x20,   16, 0x0E, 0xDD, 0xDE, 0xEE, 0x12, 0x23
    .byte   0x23, 0x21, 0x0F, 0xEE, 0xFE, 0xEF, 0x0F, 0xFF, 0xEE, 0xED, 0xED, 0xDE, 0xEE, 0x12, 0x22, 0x22
    .byte   0x22, 0x22, 0x33, 0x44, 0x34, 0x33, 0x30, 0xEF, 0xDD, 0xED,   32, 0x00, 0x01, 0x22, 0x0F, 0xFD
    .byte   0xDD, 0xED, 0xE1, 0x12, 0x23, 0x21, 0xFE, 0xED, 0xDD, 0xDF, 0x01, 0x32, 0x33, 0x22, 0xFE, 0xEE
    .byte   0xEE, 0xFF, 0x01, 0x11, 0xFE, 0xED, 0xDD, 0xDD, 0xEF, 0xF2, 0x22,  -49, 0x02, 0x21, 0x12, 0x12
    .byte   0x33, 0x44, 0x44, 0x33, 0x2E, 0xED, 0xDD, 0xDF, 0x01, 0x23, 0x20, 0x1E, 0xDD, 0xDD, 0xDE, 0xF2
    .byte   0x23, 0x22, 0x2F, 0xED, 0xDD, 0xDD, 0xFF, 0x23, 0x33, 0x23, 0xFF, 0xEE,   -2, 0x0E, 0xEF, 0x12
    .byte   0x12, 0x0F, 0xED, 0xDD, 0xDC, 0xEE, 0xF1, 0x13, 0x22, 0x22, 0x11, 0x01, 0xF3, 0x33, 0x45, 0x34
    .byte   0x32, 0x2E, 0xDD, 0xDE, 0xD1, 0x12, 0x32, 0x21, 0xEE, 0xDD, 0xCD, 0xEE, 0x02,    3, 0x03, 0x22
    .byte   0x2E, 0xED, 0xDC, 0xDE, 0x00, 0x33, 0x33, 0x32, 0x0E, 0xED, 0xEE, 0xE0, 0x12, 0x22, 0x1E, 0xED
    .byte   0xDD, 0xCD, 0xEE, 0xF2, 0x22, 0x31, 0x2F, 0x1F, 0xF1, 0x12, 0x34, 0x44, 0x44, 0x32,   65, 0x0E
    .byte   0xDD, 0xDE, 0xFF, 0x22, 0x23, 0x2F, 0xEE, 0xDD, 0xCE, 0xEE, 0x11, 0x32, 0x20, 0x0E, 0xDD, 0xDE
    .byte   0xEE, 0x22, 0x23, 0x32, 0x21, 0xFE, 0xEE, 0xEF, 0xF2, 0x20, 0x20, 0xFE, 0xDD, 0xDD, 0xDE,  -53
    .byte   0x0E, 0x11, 0x22, 0x01, 0x00, 0xFF, 0x00, 0x22, 0x33, 0x44, 0x43, 0x42, 0x20, 0xFD, 0xED, 0xEF
    .byte   0x02, 0x22, 0x31, 0x00, 0xDD, 0xDD, 0xDE, 0xE0, 0x22, 0x22, 0x1E, 0xED, 0xED, 0xEE, 0x01, 0x23
    .byte     -2, 0x02, 0x22, 0x1E, 0xFE, 0xE0, 0x01, 0x12, 0x11, 0xFE, 0xED, 0xED, 0xDE, 0xEE, 0xFE, 0x1F
    .byte   0x00, 0xF0, 0x00, 0x10, 0x22, 0x22, 0x33, 0x34, 0x43, 0x33, 0x12, 0xEE, 0xD0, 0xE0, 0x12, 0x22
    .byte   0x21,   51, 0x0E, 0xDD, 0xDE, 0xEE, 0x00, 0x12, 0x10, 0xEE, 0xED, 0xEE, 0xFE, 0x22, 0x22, 0x22
    .byte   0x10, 0xFF, 0xFF, 0xF0, 0x20, 0x21, 0x0F, 0xEE, 0xED, 0xED, 0xEE, 0xEF, 0xE0, 0xE0, 0xE0, 0xE0
    .byte   0x01, 0x12,  -46, 0x01, 0x22, 0x22, 0x33, 0x44, 0x33, 0x33, 0x0E, 0xEE, 0xEE, 0xF1, 0x22, 0x22
    .byte   0x1F, 0xDE, 0xDD, 0xED, 0x10, 0x10, 0x20, 0xEE, 0xED, 0xEE, 0xEF, 0x12, 0x22, 0x22, 0x10, 0xFF
    .byte   0x00, 0x12, 0x02,    9, 0x01, 0x00, 0xEE, 0xEE, 0xEE, 0xEE, 0xEE, 0xEE, 0xEE, 0xEE, 0xFE, 0x12
    .byte   0x12, 0x11, 0x21, 0x02, 0xF3, 0x33, 0x44, 0x43, 0x31, 0x1E, 0xED, 0xEF, 0x12, 0x23, 0x21, 0x0F
    .byte   0xDD, 0xDD, 0xEE, 0x11,   15, 0x01, 0x0E, 0xED, 0xDE, 0xEE, 0x21, 0x22, 0x22, 0x0F, 0xFF, 0xF2
    .byte   0x22, 0x22, 0x2F, 0xEE, 0xEE, 0xEF, 0xF0, 0xF0, 0xEE, 0xDE, 0xDE, 0xDE, 0xEF, 0xF1, 0x11, 0x20
    .byte   0x20, 0x02, 0x01, 0x22, 0x33,   -1, 0x04, 0x34, 0x32, 0x1E, 0xED, 0xF0, 0x22, 0x22, 0x11, 0xEE
    .byte   0xED, 0xDE, 0xFE, 0x11, 0x0F, 0xEE, 0xED, 0xEE, 0xF0, 0x12, 0x12, 0xF0, 0xF1, 0x12, 0x22, 0x21
    .byte   0x00, 0xEE, 0xF0, 0xF1, 0x1F, 0x0F,    0, 0x0E, 0xED, 0xEE, 0xEE, 0xFE, 0xEE, 0xEE, 0x0E, 0x12
    .byte   0x22, 0x10, 0x20, 0x22, 0x23, 0x14, 0x34, 0x33, 0x22, 0xFF, 0xEF, 0xF0, 0x20, 0x21, 0xFF, 0xEE
    .byte   0xEE, 0xEE, 0x0E, 0xEF, 0xEE, 0xEE, 0x0E,   -5, 0x0F, 0xF0, 0xEF, 0xFF, 0xF1, 0x32, 0x32, 0x10
    .byte   0xFE, 0xEF, 0xF1, 0x22, 0x00, 0xEE, 0xEE, 0xF0, 0xE0, 0xEE, 0xDD, 0xDE, 0xEF, 0x00, 0x11, 0x01
    .byte   0xF1, 0x11, 0x22, 0x22, 0x22, 0x23, 0x44, 0x33,   48, 0x01, 0xFE, 0x0F, 0x02, 0x21, 0x2E, 0x0D
    .byte   0xFE, 0xFF, 0xFF, 0xEE, 0xDE, 0xED, 0x10, 0xF0, 0x0E, 0xEE, 0xEF, 0xF0, 0x22, 0x22, 0x21, 0x11
    .byte   0x12, 0x01, 0x10, 0xFE, 0x0F, 0xE0, 0xF0, 0xFF, 0xEE,  -12, 0x0D, 0xED, 0xFE, 0xEF, 0xEF, 0xEF
    .byte   0xF1, 0x11, 0x10, 0x20, 0x22, 0x23, 0x30, 0x34, 0x33, 0x33, 0x0F, 0x0F, 0x02, 0x21, 0x2E, 0xFE
    .byte   0xEF, 0x1F, 0x0E, 0xEE, 0xDE, 0xEE, 0xFE, 0x0E, 0xEF, 0xEE,  -13, 0x0E, 0x21, 0xF0, 0x02, 0x12
    .byte   0x22, 0x22, 0xF0, 0xFE, 0x20, 0x12, 0xFE, 0xFE, 0xEF, 0xEE, 0x0E, 0xEE, 0xED, 0xEF, 0xEF, 0xFE
    .byte   0xEE, 0xF1, 0x22, 0x22, 0x0F, 0x11, 0x23, 0x23, 0x34, 0x33, 0x22,   42, 0x00, 0x12, 0x12, 0x11
    .byte   0xFE, 0x0E, 0xF1, 0x00, 0xFD, 0xFD, 0xDF, 0xEE, 0x0E, 0xFE, 0xEF, 0xEF, 0xF1, 0x1E, 0x01, 0xF2
    .byte   0x22, 0x21, 0x2F, 0xF0, 0xF2, 0xF0, 0x2E, 0x1F, 0xE1, 0xE1, 0xEF, 0x0D,  -16, 0x0E, 0xD1, 0xD1
    .byte   0x0E, 0xFE, 0xFE, 0xE1, 0x12, 0x2F, 0x2F, 0x12, 0x03, 0x23, 0x33, 0x42, 0x23, 0x02, 0x12, 0x30
    .byte   0x2F, 0x0E, 0xE0, 0xF0, 0x0F, 0xFD, 0xED, 0xEE, 0xE0, 0xEE, 0xEE, 0xE0, 0xF0,  -10, 0x00, 0x0E
    .byte   0xE0, 0x02, 0x12, 0x21, 0x12, 0xF1, 0x12, 0x1F, 0x10, 0xF0, 0xF1, 0x0E, 0xEF, 0xEE, 0xFF, 0xEF
    .byte   0xEE, 0xEE, 0xE0, 0xE0, 0xE0, 0xF0, 0x02, 0x01, 0x01, 0x12, 0x32, 0x30, 0x33, 0x23,   22, 0x02
    .byte   0x22, 0x23, 0x02, 0x11, 0x01, 0x0F, 0xFF, 0xFE, 0xEE, 0xEE, 0xEE, 0xEE, 0xEE, 0xFE, 0xFE, 0xF0
    .byte   0xEF, 0xFF, 0x10, 0x01, 0x11, 0x11, 0x11, 0x01, 0x01, 0x11, 0x11, 0x11, 0xF0, 0xE0, 0xE0,   -8
    .byte   0x0F, 0x0E, 0xFF, 0xEF, 0xE0, 0xEF, 0xEF, 0xF0, 0xE0, 0xF0, 0xF0, 0x01, 0x20, 0x21, 0x21, 0x22
    .byte   0x23, 0x23, 0x22, 0x22, 0x32, 0x22, 0x22, 0x00, 0x21, 0x11, 0xFF, 0xEE, 0xEE, 0xEE, 0xEE, 0xEE
    .byte     12, 0x0E, 0xEE, 0xFE, 0xEF, 0xEE, 0xFF, 0xFF, 0x01, 0x10, 0x20, 0xF2, 0x01, 0x21, 0x11, 0x11
    .byte   0x10, 0x10, 0x00, 0xFE, 0x0F, 0xEF, 0xFE, 0xEE, 0xFE, 0xFE, 0xFF, 0xEF, 0x0F, 0x01, 0x02, 0xF2
    .byte   0x22,  -22, 0x02, 0x32, 0x32, 0x23, 0x22, 0x32, 0x22, 0x21, 0x12, 0x02, 0x0F, 0xFE, 0xED, 0xFE
    .byte   0xEE, 0xDE, 0xEE, 0xEE, 0xEE, 0xFE, 0xEF, 0xE0, 0xE0, 0x0F, 0x10, 0x20, 0x10, 0x22, 0x01, 0x20
    .byte   0x02, 0x01,    2, 0x01, 0xF0, 0x0F, 0x0E, 0x0E, 0xFE, 0xFE, 0xEE, 0xFE, 0xEF, 0xE0, 0xE0, 0xFF
    .byte   0x10, 0x21, 0x02, 0x22, 0x13, 0x23, 0x31, 0x32, 0x23, 0x23, 0x21, 0x20, 0x21, 0x02, 0x00, 0xEE
    .byte   0xEE, 0xEE, 0xEE,   26, 0x0E, 0xEE, 0xEE, 0xEE, 0xEE, 0xEF, 0xE0, 0xE0, 0xF1, 0x01, 0x20, 0x11
    .byte   0x21, 0x20, 0x10, 0x21, 0x11, 0x10, 0x10, 0xF0, 0xE0, 0xFE, 0xFE, 0xEE, 0xFE, 0xEE, 0xFE, 0xFE
    .byte   0xFF, 0xF1, 0x10, 0x02,  -39, 0x02, 0x12, 0x31, 0x33, 0x23, 0x22, 0x23, 0x23, 0x21, 0x20, 0x20
    .byte   0x21, 0x0F, 0xEF, 0xED, 0xFE, 0xEE, 0xEE, 0xDE, 0xEF, 0xEE, 0xEE, 0xFE, 0xE0, 0xE0, 0x00, 0x11
    .byte   0x11, 0x11, 0x21, 0x12, 0x11,   -4, 0x01, 0x21, 0x10, 0x1F, 0x0F, 0x0E, 0xFF, 0xFE, 0xEE, 0xEF
    .byte   0xEE, 0xFE, 0xFE, 0x0F, 0xF0, 0xF1, 0x11, 0x20, 0x22, 0x13, 0x23, 0x32, 0x22, 0x23, 0x32, 0x22
    .byte   0x12, 0x02, 0x02, 0x0F, 0xFE, 0xEE,   44, 0x0E, 0xEE, 0xED, 0xFE, 0xEE, 0xEE, 0xEE, 0xEE, 0xEF
    .byte   0xFF, 0x0F, 0x11, 0x10, 0x21, 0x12, 0x02, 0x02, 0x02, 0x11, 0x11, 0x11, 0x00, 0xE0, 0x0E, 0xFE
    .byte   0x0E, 0xEE, 0xFE, 0xEE, 0x0E, 0xF0, 0xE0,  -43, 0x00, 0x10, 0x20, 0x21, 0x22, 0x23, 0x23, 0x32
    .byte   0x22, 0x23, 0x22, 0x22, 0x02, 0x02, 0x02, 0xFF, 0xEE, 0xEE, 0xEE, 0xEE, 0xEE, 0xDF, 0xEE, 0xEE
    .byte   0xFE, 0xEE, 0xFF, 0xE0, 0x00, 0x01, 0x02, 0x02,  -14, 0x02, 0x02, 0x01, 0x21, 0x02, 0x01, 0x1F
    .byte   0xF0, 0x0E, 0x0E, 0x0E, 0xEF, 0xEE, 0xEF, 0xEE, 0x0E, 0x0E, 0x0F, 0x10, 0x00, 0x21, 0x12, 0x22
    .byte   0x31, 0x33, 0x22, 0x22, 0x32, 0x32, 0x20, 0x12, 0x12,   61, 0x01, 0x0E, 0xEE, 0xEE, 0xEE, 0xEE
    .byte   0xED, 0xFE, 0xEE, 0xEF, 0xEE, 0xEF, 0xE0, 0xFF, 0x10, 0x01, 0x11, 0x12, 0x20, 0x02, 0x11, 0x21
    .byte   0x21, 0xF1, 0x01, 0xFF, 0x0E, 0xFF, 0xEF, 0xEE, 0xFE, 0xEF,  -30, 0x0F, 0xE0, 0xE0, 0x0F, 0x0F
    .byte   0x02, 0x01, 0x22, 0x22, 0x22, 0x32, 0x31, 0x23, 0x13, 0x31, 0x20, 0x12, 0x21, 0x12, 0xEF, 0xEE
    .byte   0xEE, 0xEE, 0xEE, 0xED, 0xEE, 0xFE, 0xEE, 0xEF, 0xEE, 0xFF, 0xFF,  -24, 0x00, 0x01, 0x20, 0x11
    .byte   0x21, 0x21, 0x12, 0x12, 0x11, 0x01, 0x10, 0x10, 0xEF, 0xEF, 0x0E, 0xEF, 0xEE, 0xEF, 0xEE, 0xFF
    .byte   0xE0, 0xFF, 0x0F, 0x11, 0x02, 0x11, 0x22, 0x22, 0x32, 0x32, 0x22, 0x23,   35, 0x02, 0x22, 0x02
    .byte   0x12, 0x11, 0x10, 0xEE, 0xEE, 0xFE, 0xEE, 0xDE, 0xEE, 0xEF, 0xEE, 0xEE, 0xE0, 0xEF, 0x0F, 0xF0
    .byte   0x10, 0x02, 0x01, 0x21, 0x21, 0x11, 0x20, 0x21, 0x01, 0x1F, 0x10, 0xF0, 0xEF,   -3, 0x0F, 0xEF
    .byte   0xEE, 0xEF, 0xEE, 0xFF, 0xEF, 0xFF, 0x0F, 0x10, 0x10, 0x20, 0x22, 0x22, 0x22, 0x32, 0x31, 0x22
    .byte   0x32, 0x22, 0x12, 0x12, 0x12, 0x10, 0xFE, 0xEE, 0xEE, 0xFE, 0xEE, 0xDF, 0xEE, 0xEE,   -4, 0x0E
    .byte   0xEE, 0x0E, 0xF0, 0xFF, 0xF0, 0x12, 0x11, 0x12, 0x02, 0x11, 0x21, 0x21, 0x10, 0x11, 0x1F, 0x0F
    .byte   0x0F, 0xEF, 0xFE, 0xEF, 0xEE, 0xEE, 0x0E, 0x0E, 0xFF, 0xFF, 0x0F, 0x11, 0x10, 0x20, 0x22,  -19
    .byte   0x01, 0x32, 0x32, 0x22, 0x23, 0x22, 0x21, 0x21, 0x21, 0x21, 0x0F, 0xEF, 0xEE, 0xEE, 0xEE, 0xEE
    .byte   0xEE, 0xEE, 0xEE, 0xEF, 0xEE, 0x0E, 0x0F, 0x00, 0x01, 0x10, 0x20, 0x21, 0x11, 0x22, 0x02, 0x11
    .byte      5, 0x01, 0xF2, 0xF1, 0xF0, 0xEF, 0x0E, 0xE0, 0xEE, 0xFE, 0xEF, 0xEF, 0xE0, 0xE0, 0x0F, 0x00
    .byte   0x01, 0x02, 0x02, 0x12, 0x22, 0x32, 0x22, 0x23, 0x22, 0x22, 0x22, 0x12, 0x20, 0x2F, 0x0F, 0xEE
    .byte   0xFE,   37, 0x0E, 0xEE, 0xEE, 0xEE, 0xEF, 0xEE, 0xEE, 0xFE, 0xFF, 0xFF, 0xF1, 0x00, 0x02, 0x01
    .byte   0x20, 0x21, 0x02, 0x20, 0x12, 0x01, 0x01, 0x00, 0x0F, 0xF0, 0xEE, 0xFE, 0xFE, 0xEE, 0xE0, 0xE0
    .byte   0xEF, 0x0F,  -36, 0x0F, 0x00, 0x11, 0x02, 0x20, 0x22, 0x22, 0x23, 0x22, 0x22, 0x22, 0x22, 0x22
    .byte   0x02, 0x02, 0x11, 0x0E, 0x0E, 0xEF, 0xEF, 0xED, 0xFE, 0xEE, 0xFE, 0xEE, 0xEE, 0x0E, 0xFF, 0xF0
    .byte   0x00, 0xF1, 0x11,  -15, 0x01, 0x12, 0x01, 0x12, 0x12, 0x11, 0x10, 0x10, 0x01, 0xFF, 0xFE, 0x0E
    .byte   0x0E, 0xE0, 0xEE, 0xFE, 0xEF, 0xFF, 0xF0, 0xFF, 0x10, 0x11, 0x11, 0x21, 0x22, 0x22, 0x22, 0x23
    .byte   0x12, 0x22, 0x22, 0x22,   43, 0x01, 0x20, 0x01, 0x0E, 0x0E, 0xEE, 0xFE, 0xEE, 0xEE, 0xFE, 0xEF
    .byte   0xEE, 0xFE, 0xFE, 0xF0, 0xF0, 0x10, 0xF1, 0x10, 0x20, 0x02, 0x11, 0x11, 0x21, 0x11, 0x01, 0x00
    .byte   0x00, 0xFF, 0xF0, 0xEF, 0xEF,  -11, 0x0F, 0xEE, 0xFE, 0xFF, 0xFF, 0x0F, 0xF1, 0xF1, 0x10, 0x12
    .byte   0x11, 0x22, 0x22, 0x22, 0x22, 0x22, 0x22, 0x22, 0x12, 0x02, 0x11, 0x1F, 0xFF, 0xEE, 0xFE, 0xFE
    .byte   0xEE, 0xEF, 0xEF, 0xEE, 0x0E, 0xEF,  -13, 0x0F, 0xFF, 0xF1, 0xFF, 0x00, 0x21, 0x11, 0x02, 0x00
    .byte   0x21, 0x02, 0x00, 0x10, 0x00, 0xF0, 0xFF, 0x0E, 0x0E, 0xF0, 0xEE, 0x0E, 0x0E, 0x00, 0xFF, 0x00
    .byte   0x00, 0x10, 0x12, 0x02, 0x02, 0x12, 0x22,    4, 0x02, 0x12, 0x12, 0x12, 0x12, 0x12, 0x11, 0x10
    .byte   0x0F, 0x00, 0xEE, 0xFF, 0xEF, 0xEF, 0xEE, 0x0E, 0xFE, 0x0E, 0x0E, 0x0E, 0x01, 0xFF, 0x1F, 0x10
    .byte   0x01, 0x11, 0x10, 0x21, 0x02, 0x00, 0x20, 0x00,    4, 0x00, 0xF0, 0xF0, 0xE0, 0xFF, 0xF0, 0xEF
    .byte   0xF0, 0xFE, 0x0F, 0x0F, 0x00, 0x00, 0x01, 0x11, 0x00, 0x11, 0x10, 0x21, 0x12, 0x12, 0x20, 0x12
    .byte   0x12, 0x21, 0x02, 0xF0, 0x00, 0xF1, 0x00, 0xEF, 0xEF,   28, 0x00, 0x42, 0xCB, 0xC1, 0xF2, 0x33
    .byte   0xDB, 0xD4, 0x11, 0xCD, 0x23, 0x32, 0x0E, 0x32, 0x1E, 0xF0, 0x12, 0x02, 0xF2, 0xEE, 0xF1, 0x2F
    .byte   0xEE, 0xEE, 0x22, 0x11, 0x0E, 0xE0, 0x11, 0x00, 0xEF, 0xE2,  -14, 0x02, 0x10, 0x10, 0xF0, 0x22
    .byte   0x11, 0x11, 0x22, 0x12, 0x0F, 0x00, 0x01, 0x0F, 0xFF, 0x00, 0x10, 0x00, 0xE0, 0x00, 0x00, 0xFF
    .byte   0xFF, 0x01, 0x0F, 0xFF, 0x0F, 0x00, 0x00, 0xF0, 0xF1, 0x01, 0xFF,   -2, 0x0F, 0xF0, 0x11, 0xFF
    .byte   0xFF, 0x00, 0x10, 0x0F, 0xEF, 0xFF, 0xF0, 0x0F, 0xE0, 0x0F, 0x00, 0x1F, 0xF0, 0x11, 0x12, 0x12
    .byte   0x22, 0x22, 0x21, 0x32, 0x11, 0x00, 0xEF, 0x00, 0x0E, 0x0E, 0x01, 0x01,   16, 0x0F, 0x00, 0xE0
    .byte   0x1F, 0x1F, 0xF0, 0xEF, 0xF1, 0xE0, 0xFF, 0xFF, 0xF2, 0x1F, 0x0F, 0xF1, 0x01, 0x2F, 0xEF, 0xFE
    .byte   0x10, 0x0E, 0x0E, 0x0F, 0xE2, 0xFF, 0xEF, 0x0F, 0x0F, 0xEF, 0xE0, 0x20, 0x2F,  -27, 0x00, 0x02
    .byte   0x22, 0x22, 0x31, 0x32, 0x23, 0x22, 0xE0, 0xEE, 0xEE, 0x2E, 0xEE, 0x11, 0x12, 0x13, 0xEF, 0xE1
    .byte   0xFF, 0x2F, 0xEE, 0xDF, 0xEF, 0xF2, 0xED, 0x1F, 0x13, 0x22, 0x2F, 0xE2, 0x01, 0x2F,    9, 0x0E
    .byte   0xED, 0x11, 0x01, 0xF0, 0xE0, 0x02, 0x01, 0xFE, 0xDF, 0xEF, 0x1E, 0xEE, 0xE0, 0x02, 0x2F, 0x00
    .byte   0x02, 0x22, 0x23, 0x23, 0x33, 0x23, 0x30, 0x1D, 0xED, 0xEF, 0xE2, 0xD0, 0xFF, 0x22, 0x32,   32
    .byte   0x0E, 0xEE, 0xE1, 0x2F, 0xED, 0xD0, 0xE0, 0x12, 0xEE, 0xE0, 0x20, 0x32, 0x2F, 0xF0, 0x11, 0x12
    .byte   0xEE, 0xDE, 0xEF, 0x12, 0x2E, 0x10, 0xF1, 0x21, 0xFE, 0xDE, 0xEF, 0xF1, 0xEE, 0xEF, 0x20, 0x21
    .byte    -29, 0x0E, 0xE2, 0x22, 0x03, 0x21, 0x33, 0x33, 0x14, 0x2F, 0xEE, 0xED, 0xEE, 0x2F, 0xD0, 0x01
    .byte   0x23, 0x22, 0xEE, 0xEE, 0xE1, 0x20, 0xDE, 0xEF, 0xFF, 0x00, 0xEE, 0xF0, 0x21, 0x32, 0x0F, 0xF2
    .byte   0x01,   11, 0x00, 0xFD, 0xEE, 0x01, 0x11, 0x00, 0xEF, 0x00, 0x1F, 0x0D, 0xEF, 0xFE, 0x1F, 0xEE
    .byte   0xEF, 0x01, 0x22, 0x10, 0xE3, 0x11, 0x33, 0x22, 0x33, 0x23, 0x4F, 0x2D, 0xDE, 0xDF, 0x0E, 0xEF
    .byte   0xF0, 0x22,   25, 0x02, 0x0E, 0x1E, 0xFF, 0x0E, 0xEE, 0xEF, 0x0E, 0xF0, 0xEF, 0xEF, 0x22, 0x12
    .byte   0x21, 0x21, 0x10, 0x10, 0xEE, 0xFE, 0xEF, 0x01, 0xE1, 0xE1, 0xFF, 0x2E, 0x1F, 0xEF, 0xEE, 0x00
    .byte   0x1D, 0xFF, 0xE2,  -36, 0x02, 0x2F, 0xEF, 0x03, 0x22, 0x32, 0x22, 0x32, 0x44, 0xE1, 0xDE, 0xFE
    .byte   0x22, 0xDD, 0xD0, 0x01, 0x22, 0x2D, 0xE0, 0x01, 0x22, 0x2E, 0xDF, 0x0F, 0x1F, 0x0E, 0xDE, 0xF1
    .byte   0x10, 0x21, 0x1F, 0x13,    7, 0x00, 0x1F, 0xF0, 0xE1, 0xF1, 0xEF, 0xFE, 0xFF, 0x0F, 0xFF, 0xFF
    .byte   0xFF, 0x00, 0xF0, 0xEF, 0xFF, 0xF0, 0xFE, 0x01, 0x10, 0x02, 0x01, 0x12, 0x23, 0x12, 0x32, 0x22
    .byte   0x22, 0x22, 0x21, 0x11, 0x10,   44, 0x0E, 0xEE, 0xEE, 0xEE, 0xEF, 0xEE, 0x1F, 0xF0, 0x0F, 0xF1
    .byte   0x0F, 0x0F, 0xFF, 0x1F, 0x1F, 0xF0, 0x0F, 0x00, 0x00, 0xF1, 0x10, 0x11, 0x1F, 0xFF, 0x0E, 0x0F
    .byte   0xF0, 0xEF, 0xFF, 0xEF, 0x0E, 0x0F,  -29, 0x0F, 0xFF, 0xFF, 0x00, 0x10, 0x10, 0x22, 0x22, 0x32
    .byte   0x32, 0x22, 0x32, 0x21, 0x31, 0x01, 0x11, 0xEF, 0x1E, 0xDE, 0xEE, 0xDE, 0xFE, 0xEE, 0xF0, 0xFF
    .byte   0x01, 0x1F, 0x01, 0x11, 0x11, 0x01, 0xF0,   -2, 0x00, 0x00, 0x00, 0xF0, 0x01, 0x0F, 0x10, 0xFF
    .byte   0xFF, 0x0F, 0xF0, 0xEE, 0xFF, 0xFE, 0xF0, 0xFE, 0xFF, 0x0E, 0xF0, 0x11, 0xF1, 0x02, 0x22, 0x23
    .byte   0x23, 0x32, 0xF3, 0x32, 0x02, 0x3F, 0xE2, 0x10,   47, 0x0F, 0xFE, 0xDE, 0xED, 0xEE, 0xFE, 0xDF
    .byte   0xFF, 0xF0, 0x11, 0xF0, 0x02, 0x00, 0x12, 0x0F, 0x02, 0x0F, 0x01, 0x0E, 0x01, 0x0F, 0x00, 0x0F
    .byte   0xFF, 0x0F, 0xFF, 0x0E, 0xF0, 0xE0, 0xE0, 0xE0, 0xFE,  -29, 0x0F, 0xFE, 0x01, 0xF1, 0x01, 0x10
    .byte   0x23, 0x23, 0x13, 0x32, 0x22, 0x32, 0x13, 0x2F, 0xF2, 0x1E, 0xFF, 0xFE, 0xDD, 0xFE, 0xDF, 0xEE
    .byte   0xDF, 0x00, 0xE1, 0x1F, 0xFF, 0x21, 0x10, 0x12, 0xF0, 0x20,    2, 0x0F, 0x10, 0xFF, 0x01, 0x0F
    .byte   0xF0, 0xF0, 0xF0, 0xFF, 0xFF, 0x0E, 0xFF, 0xFE, 0xE0, 0xEF, 0x0E, 0x0F, 0xFF, 0xFF, 0xF1, 0xF1
    .byte   0x12, 0x22, 0x23, 0x23, 0x32, 0x22, 0x32, 0x13, 0x20, 0xF2, 0x0F,   51, 0x00, 0x1D, 0xDE, 0xEE
    .byte   0xDE, 0xFD, 0xEF, 0xFE, 0x0F, 0x10, 0xF0, 0x20, 0x11, 0x20, 0xF0, 0x20, 0x01, 0x00, 0x0F, 0x11
    .byte   0xF0, 0xF0, 0xE0, 0x0F, 0xF0, 0xE0, 0x0E, 0xFF, 0xFE, 0xF0, 0xE0, 0xE0,  -31, 0x0F, 0xFF, 0x0F
    .byte   0x01, 0x00, 0x02, 0x22, 0x13, 0x23, 0x23, 0x13, 0x22, 0x22, 0x30, 0x02, 0x1F, 0x0F, 0xFE, 0xDE
    .byte   0xEE, 0xDE, 0xEE, 0xDE, 0x0E, 0x0F, 0xF0, 0xF1, 0x11, 0x10, 0x21, 0x10, 0x21,    0, 0x01, 0x11
    .byte   0xF1, 0x00, 0xFF, 0x0F, 0xFF, 0xF0, 0xFE, 0xFF, 0xFF, 0xFE, 0xF0, 0xE0, 0xE0, 0xFF, 0x0E, 0x00
    .byte   0xF0, 0x10, 0xFF, 0x21, 0x12, 0x22, 0x23, 0x23, 0x13, 0x22, 0x22, 0x31, 0x12, 0x2F,   52, 0x01
    .byte   0xFE, 0xED, 0xFE, 0xDE, 0xEE, 0xDE, 0xEF, 0xFE, 0x0F, 0x0F, 0x02, 0x00, 0x12, 0x00, 0x22, 0x00
    .byte   0x11, 0x10, 0x01, 0xFF, 0xF1, 0xFF, 0xE0, 0x0E, 0xFF, 0xFE, 0xFF, 0xFE, 0x0E, 0xF0, 0xE0,  -30
    .byte   0x0F, 0xFF, 0xF0, 0xF1, 0x10, 0x02, 0x12, 0x22, 0x32, 0x23, 0x03, 0x22, 0x23, 0x21, 0x12, 0x2F
    .byte   0x00, 0xFE, 0xDF, 0xEE, 0xDE, 0xDE, 0xEE, 0xFE, 0xEF, 0xFF, 0xF1, 0x11, 0x01, 0x20, 0x11, 0x21
    .byte     -1, 0x00, 0x20, 0x10, 0x00, 0x0F, 0x00, 0x0E, 0x00, 0xE0, 0xFE, 0x0F, 0xE0, 0xE0, 0xEF, 0xFF
    .byte   0x0E, 0xFF, 0xFF, 0x01, 0xFF, 0x11, 0x11, 0x22, 0x23, 0x13, 0x22, 0x32, 0x22, 0x23, 0x20, 0x22
    .byte   0xF1,   52, 0x01, 0xEE, 0xD0, 0xED, 0xEE, 0xED, 0xEE, 0xFE, 0xFF, 0xFF, 0x01, 0x11, 0x10, 0x21
    .byte   0x10, 0x21, 0x11, 0x11, 0x1F, 0x1F, 0x0F, 0x0F, 0xF0, 0xE0, 0xFE, 0xFF, 0xFE, 0xFE, 0xFE, 0xF0
    .byte   0xEF, 0xF0,  -32, 0x0F, 0xFF, 0x10, 0xF1, 0x02, 0x02, 0x22, 0x31, 0x32, 0x22, 0x32, 0x22, 0x22
    .byte   0x21, 0x21, 0x10, 0x00, 0xDE, 0xEE, 0xDE, 0xEE, 0xDE, 0xFE, 0xEF, 0xFF, 0xFF, 0x11, 0x01, 0x21
    .byte   0x11, 0x12, 0x11,    3, 0x01, 0x11, 0xF0, 0x0F, 0xFF, 0xFF, 0x0E, 0x0E, 0x0E, 0xFE, 0x0E, 0x0F
    .byte   0xE0, 0xFE, 0x0F, 0x1F, 0xFF, 0x10, 0xF1, 0x11, 0x11, 0x22, 0x23, 0x23, 0x12, 0x32, 0x22, 0x32
    .byte   0x12, 0x12, 0x0F, 0x0F,   47, 0x0E, 0xED, 0xED, 0xEE, 0xED, 0xEF, 0xEF, 0xFF, 0xF0, 0x10, 0x21
    .byte   0x12, 0x02, 0x01, 0x21, 0x2F, 0x10, 0x0F, 0xF0, 0x0E, 0x0E, 0x0E, 0x0E, 0x0E, 0xFE, 0xF0, 0xFE
    .byte   0x0F, 0x0E, 0x01, 0x0F, 0xF0,  -31, 0x00, 0x0F, 0x10, 0x11, 0x22, 0x22, 0x32, 0x22, 0x32, 0x22
    .byte   0x32, 0x12, 0x22, 0x1F, 0x1F, 0xEE, 0xDE, 0xED, 0xDF, 0xDE, 0xEE, 0xFE, 0x0F, 0x0F, 0x11, 0x21
    .byte   0x11, 0x21, 0x20, 0x21, 0x11, 0x11,    9, 0x0F, 0xF0, 0xEF, 0xFF, 0xFE, 0xE0, 0xE0, 0xEF, 0xFE
    .byte   0xEF, 0x1E, 0x01, 0x00, 0x00, 0x01, 0xFF, 0x00, 0x00, 0x22, 0x21, 0x33, 0x22, 0x32, 0x22, 0x33
    .byte   0x02, 0x12, 0x10, 0xF0, 0xED, 0xED, 0xED,   10, 0x0E, 0xDE, 0xEE, 0xEF, 0x02, 0x01, 0x22, 0x11
    .byte   0x22, 0x20, 0x22, 0x0E, 0x01, 0x0E, 0xEE, 0xFF, 0xEE, 0x2E, 0xFF, 0x0F, 0xEF, 0x0F, 0xEF, 0xEE
    .byte   0x0E, 0x01, 0xFF, 0xEE, 0x0E, 0x01, 0x22, 0x32,  -15, 0x04, 0x34, 0x42, 0x32, 0x1E, 0xEF, 0xED
    .byte   0xDD, 0xED, 0xF0, 0x0F, 0xF1, 0x12, 0x22, 0x22, 0x20, 0xFF, 0xFE, 0xEE, 0xED, 0xED, 0xEE, 0xE1
    .byte   0x12, 0x21, 0x33, 0x23, 0x22, 0x1E, 0xEE, 0xED, 0xED,  -15, 0x0E, 0xDE, 0x0E, 0x0F, 0x00, 0xE0
    .byte   0xF0, 0x20, 0x01, 0x0F, 0xEF, 0xE1, 0x23, 0x43, 0x43, 0x52, 0x23, 0xE1, 0xCF, 0xED, 0xDD, 0xFE
    .byte   0x0F, 0x24, 0xF3, 0xE3, 0x1F, 0x10, 0x0E, 0xDE, 0xDD, 0xEE,  -10, 0x01, 0xE1, 0x12, 0x02, 0x23
    .byte   0x22, 0x20, 0x0F, 0xE0, 0xEE, 0xED, 0xDD, 0xE1, 0x02, 0x2E, 0x1E, 0x10, 0xFE, 0x0E, 0xEE, 0xEF
    .byte   0xFE, 0x0F, 0x1E, 0x03, 0x24, 0x34, 0x44, 0x51, 0x3F, 0xED, 0xCD,   13, 0x0E, 0xDD, 0x1E, 0x3F
    .byte   0x44, 0x23, 0x02, 0x0D, 0xFE, 0xFD, 0xDD, 0xED, 0xDF, 0x22, 0x22, 0x22, 0x10, 0x23, 0x02, 0x20
    .byte   0xFD, 0xEE, 0xEE, 0xEE, 0xEE, 0xEE, 0x22, 0x21, 0x00, 0xED, 0xEF, 0xEE,  -38, 0x0F, 0xED, 0xF0
    .byte   0xFE, 0x2F, 0x31, 0x34, 0x35, 0x34, 0x52, 0x20, 0xCD, 0xBD, 0xDD, 0xDF, 0x31, 0x32, 0x44, 0x23
    .byte   0xFF, 0xEC, 0xDD, 0xFD, 0xE1, 0xEE, 0xEF, 0x12, 0x23, 0x22, 0xE1, 0xF0, 0x20,   19, 0x00, 0x0E
    .byte   0xEE, 0xEE, 0xE0, 0xEE, 0xFE, 0x10, 0x20, 0x00, 0xEE, 0xED, 0x0E, 0x0E, 0x0E, 0xEE, 0x0F, 0xE3
    .byte   0x22, 0x34, 0x34, 0x34, 0x53, 0xFF, 0xDD, 0xBC, 0xDE, 0xD1, 0x33, 0x32, 0x34, 0x3E,   49, 0x0F
    .byte   0xFC, 0xDD, 0xDF, 0xD2, 0x0F, 0xFE, 0x3E, 0x12, 0x23, 0xE2, 0xE1, 0x0F, 0x11, 0x2E, 0x21, 0xEE
    .byte   0xEE, 0xDE, 0xEE, 0x11, 0x2F, 0x21, 0xE1, 0xDE, 0xED, 0xED, 0x0E, 0xE2, 0x20, 0x22, 0x11,  -34
    .byte   0x03, 0x43, 0x43, 0x35, 0xD2, 0x0D, 0xDB, 0xEC, 0xEE, 0x04, 0x33, 0x24, 0x3F, 0x0F, 0x0D, 0xDD
    .byte   0xDE, 0xD0, 0x12, 0xFF, 0x21, 0x10, 0x12, 0x00, 0xE2, 0x0F, 0xF1, 0x21, 0x01, 0x2E, 0xEE, 0xEE
    .byte    -13, 0x0E, 0x1F, 0x11, 0x21, 0xFE, 0xEF, 0xDD, 0xEE, 0xFE, 0x00, 0x20, 0xE2, 0x2F, 0x13, 0x34
    .byte   0x34, 0x34, 0x4E, 0x2F, 0xDC, 0xCC, 0xDE, 0xE2, 0x43, 0x33, 0x41, 0xFE, 0xFE, 0xDD, 0xEE, 0xDE
    .byte   0xF1,   -1, 0x0F, 0x12, 0x2F, 0x02, 0x0F, 0xE0, 0x1F, 0xF1, 0x22, 0xE2, 0x2F, 0xEE, 0xEE, 0xDE
    .byte   0xE1, 0x11, 0x12, 0x0F, 0xEE, 0xED, 0xEE, 0xEE, 0xE0, 0x10, 0xFF, 0x32, 0x12, 0x34, 0x33, 0x33
    .byte   0x42, 0x02,   48, 0x0D, 0xCC, 0xED, 0xEF, 0x33, 0x33, 0x33, 0x0E, 0xEE, 0xED, 0xEE, 0xFE, 0xE0
    .byte   0x1F, 0x01, 0x21, 0x01, 0x20, 0xEF, 0x10, 0xFF, 0x22, 0x1F, 0x11, 0xED, 0xEE, 0xEE, 0x10, 0x11
    .byte   0x11, 0x1E, 0xEE,  -25, 0x0D, 0xEE, 0x0F, 0x01, 0x20, 0xEE, 0xF1, 0x10, 0x33, 0x33, 0x43, 0x24
    .byte   0x22, 0x1F, 0xED, 0xCF, 0xDD, 0x12, 0x32, 0x33, 0x21, 0xEF, 0x0E, 0xDE, 0x1E, 0xEF, 0xFF, 0xE1
    .byte   0xF2, 0x1F, 0x21, 0xFF,    5, 0x0F, 0x0F, 0x12, 0x21, 0x12, 0x0D, 0xED, 0xEE, 0xE0, 0x10, 0x21
    .byte   0x1F, 0xFF, 0xEE, 0xEE, 0xEE, 0xFF, 0x1F, 0xF0, 0x0E, 0x12, 0x20, 0x32, 0x22, 0x23, 0x13, 0x42
    .byte   0x32, 0x0F, 0xCE, 0xDE, 0xE0,   12, 0x02, 0x22, 0x22, 0xEE, 0xFF, 0xEF, 0x10, 0x0F, 0x0E, 0xFE
    .byte   0xE0, 0x10, 0x11, 0x0E, 0xF0, 0x0F, 0x02, 0x22, 0x11, 0x0F, 0xDE, 0xEE, 0xD0, 0x11, 0x11, 0x21
    .byte   0xF0, 0xEF, 0xFD, 0xEE, 0xEE, 0xF1,  -37, 0x01, 0x22, 0x2F, 0x10, 0xF0, 0x11, 0x22, 0x22, 0x23
    .byte   0x30, 0x32, 0xF0, 0xE0, 0xFE, 0xF0, 0x21, 0xF2, 0x00, 0xEF, 0xFE, 0xF1, 0x11, 0x01, 0x00, 0xEF
    .byte   0x0F, 0xE0, 0x00, 0xE0, 0x0F, 0x0E, 0x22,   10, 0x01, 0x10, 0xEE, 0xEE, 0xEF, 0xF0, 0x01, 0xF1
    .byte   0x0E, 0x0F, 0x0F, 0xEF, 0xFE, 0xE0, 0x0F, 0x01, 0x02, 0x00, 0x02, 0xFF, 0x12, 0xFF, 0x22, 0x12
    .byte   0x23, 0x21, 0x22, 0x1E, 0x02, 0xE0, 0x11, 0x11,   21, 0x02, 0x0F, 0xE2, 0x0E, 0xE2, 0x0E, 0x11
    .byte   0x0E, 0x00, 0x0F, 0xFF, 0xFF, 0xEF, 0xFF, 0xF1, 0x22, 0x1F, 0x0E, 0xEE, 0xEF, 0xE1, 0xF1, 0x00
    .byte   0xF1, 0xFF, 0xFF, 0xEE, 0xE1, 0xF0, 0x12, 0x12, 0x01,  -16, 0x0F, 0xE0, 0x10, 0x11, 0x20, 0x21
    .byte   0x10, 0xF0, 0x2F, 0x02, 0x12, 0x12, 0x20, 0x20, 0xE2, 0x0E, 0x11, 0x01, 0x12, 0xF0, 0x1F, 0xF0
    .byte   0xF0, 0x1E, 0x11, 0xFF, 0x01, 0x0F, 0x0F, 0xEE, 0xFF, 0xFF,    1, 0x01, 0x2E, 0x20, 0xFE, 0xFF
    .byte   0xEE, 0xFF, 0xFE, 0x11, 0x11, 0x12, 0x0F, 0xFF, 0xEE, 0xE1, 0x00, 0x22, 0x2F, 0x10, 0xEF, 0xE2
    .byte   0x11, 0x22, 0x2E, 0x11, 0x1E, 0xF2, 0x10, 0x12, 0x0F, 0xF0, 0x20,    7, 0x02, 0x0F, 0xE0, 0x0E
    .byte   0x21, 0x21, 0x02, 0xFE, 0xEF, 0xFE, 0x02, 0x21, 0x02, 0xFF, 0xFF, 0xEE, 0xFF, 0x00, 0x21, 0x20
    .byte   0xF1, 0xEE, 0xE0, 0xE0, 0x12, 0x20, 0x10, 0xFE, 0xEF, 0x0F, 0x0F, 0x2F,   -7, 0x00, 0x10, 0x02
    .byte   0x1F, 0xFF, 0xEF, 0xE1, 0x12, 0x21, 0x2F, 0xFE, 0xFE, 0xF1, 0x12, 0x12, 0x0E, 0x11, 0x11, 0x22
    .byte   0xE0, 0xFE, 0xE0, 0x01, 0x23, 0xFF, 0xFE, 0xEE, 0x12, 0x12, 0x20, 0xFE, 0xFF,   -2, 0x00, 0x12
    .byte   0xF0, 0x1F, 0xFF, 0x02, 0x02, 0xF0, 0xEF, 0xE0, 0x01, 0x22, 0x02, 0x0E, 0xEE, 0xEF, 0x12, 0x22
    .byte   0x10, 0xE0, 0xE0, 0x10, 0xF0, 0xEE, 0x01, 0x11, 0x22, 0x21, 0x0D, 0x0D, 0xE1, 0x12,   -4, 0x02
    .byte   0x2E, 0x0F, 0xF1, 0x00, 0x1F, 0xF0, 0xE0, 0x12, 0x10, 0x2F, 0xE0, 0xEF, 0x01, 0x11, 0x21, 0x11
    .byte   0x0F, 0x0F, 0xE0, 0x11, 0x01, 0x01, 0x11, 0x0E, 0xFF, 0xF2, 0x02, 0x00, 0x1F, 0xF0, 0x0F,    3
    .byte   0x0F, 0xF2, 0xF0, 0xFF, 0xEF, 0x2F, 0xF1, 0xFF, 0x11, 0x12, 0x0E, 0xFF, 0xE0, 0x21, 0x11, 0x10
    .byte   0xF1, 0xEE, 0xF1, 0x11, 0x02, 0xF0, 0x01, 0x10, 0x2F, 0xEF, 0xEF, 0xFF, 0x12, 0x22, 0x10, 0xEE
    .byte     -2, 0x0E, 0xEF, 0x21, 0x23, 0x00, 0x0E, 0xEE, 0xF0, 0x12, 0x0F, 0x11, 0x02, 0xFF, 0x0F, 0x01
    .byte   0xF0, 0xFE, 0x10, 0x22, 0x10, 0x0E, 0xEE, 0x01, 0xF2, 0x22, 0x11, 0xEE, 0xFF, 0xFF, 0x20, 0x21
    .byte   0xFE,   -3, 0x00, 0x01, 0x3E, 0x10, 0xEE, 0x02, 0x12, 0x2E, 0x0E, 0xD1, 0xF0, 0x31, 0x10, 0xFE
    .byte   0xE2, 0xE2, 0x2F, 0x2E, 0x1E, 0x02, 0x01, 0x0F, 0xEE, 0xFF, 0x03, 0x12, 0x1E, 0xFF, 0x0E, 0xE0
    .byte   0x02, 0x01,    5, 0x0F, 0x02, 0xFE, 0x0E, 0xFF, 0xEE, 0x3E, 0x13, 0xE3, 0xFF, 0xED, 0x1E, 0x21
    .byte   0x22, 0x20, 0x1D, 0xF0, 0xF2, 0x0F, 0xEE, 0xF0, 0x32, 0x11, 0xE2, 0xEE, 0x0E, 0xF0, 0x22, 0x2F
    .byte   0x1E, 0xFE, 0x02,    1, 0x01, 0xDF, 0x01, 0x42, 0xEE, 0xED, 0x22, 0x10, 0xE2, 0xE1, 0x1E, 0x1E
    .byte   0x23, 0xF3, 0xDE, 0xED, 0x4E, 0x22, 0xFE, 0xD2, 0xF2, 0x3C, 0x22, 0xD4, 0xDE, 0x1E, 0x31, 0x20
    .byte   0xE2, 0xD0, 0x3C, 0x3E,   -3, 0x03, 0xE2, 0xEF, 0xE0, 0x20, 0xE2, 0xE1, 0xF1, 0x3D, 0x3E, 0xE3
    .byte   0xD1, 0xEE, 0x0F, 0x4F, 0x20, 0xC2, 0xE3, 0xE1, 0xFD, 0x4D, 0x31, 0xEE, 0x2D, 0xF4, 0xC4, 0xDE
    .byte   0x2E, 0x3E, 0x2D, 0x3F, 0xFF,   -3, 0x0E, 0x02, 0x04, 0xD2, 0xEE, 0x0E, 0x02, 0xE2, 0x2D, 0x4C
    .byte   0x20, 0xD4, 0xE3, 0xDE, 0xEF, 0x22, 0xF1, 0x1E, 0x4C, 0x22, 0xC3, 0xFE, 0x23, 0xD2, 0xFD, 0x12
    .byte   0x3D, 0x4C, 0xE4, 0xB5, 0xEE, 0x2F,    4, 0x0D, 0x4C, 0xE4, 0xC3, 0x3B, 0x5C, 0xF3, 0x21, 0xE3
    .byte   0xB4, 0xDD, 0x6B, 0x4E, 0xD3, 0xC4, 0xCF, 0x4C, 0x4E, 0x03, 0xC3, 0xC3, 0x3C, 0x5C, 0xF3, 0xC4
    .byte   0xE2, 0xEE, 0x2C, 0x4D, 0x23, 0x1D, 0x1E,   -8, 0x04, 0xEE, 0x1F, 0xC4, 0xE0, 0x3D, 0x3E, 0x3D
    .byte   0x03, 0xC2, 0x3B, 0x5D, 0xD5, 0xB4, 0xFF, 0x2E, 0xEE, 0xF3, 0xD4, 0x2B, 0x5B, 0x42, 0xB6, 0xB4
    .byte   0x1B, 0x4C, 0x31, 0xE3, 0x10, 0x1E, 0x3C, 0x21,   -8, 0x03, 0xE2, 0x2F, 0xD4, 0xC3, 0x2D, 0x3D
    .byte   0x10, 0x1C, 0x4D, 0x32, 0xD4, 0xB4, 0xEF, 0x2D, 0x3E, 0x22, 0xE2, 0x0D, 0x4B, 0x4E, 0xD4, 0xC2
    .byte   0xF2, 0xD4, 0xED, 0x5B, 0x4E, 0xEE, 0x12, 0xD4, 0xEE,    9, 0x0C, 0x3F, 0xD4, 0xC3, 0xD2, 0x3D
    .byte   0x21, 0xE2, 0x0F, 0xE3, 0xD1, 0x3D, 0x3F, 0xD2, 0x2D, 0x23, 0xC3, 0x2B, 0x6B, 0x4F, 0xC5, 0xA6
    .byte   0xB3, 0x4A, 0x6B, 0x33, 0xC5, 0xB3, 0xEE, 0x4C, 0x23, 0xB6,   -1, 0x0D, 0x69, 0x6C, 0xF3, 0xC4
    .byte   0xC5, 0xC2, 0x0E, 0x2F, 0x2C, 0x5B, 0x33, 0xC4, 0xC3, 0x1D, 0x5B, 0x3F, 0xE4, 0xB5, 0xB4, 0xED
    .byte   0x5A, 0x6C, 0xE4, 0xB4, 0x2C, 0x3E, 0xF3, 0xD4, 0xC2, 0x3C, 0x4D,    0, 0x00, 0x2E, 0x2E, 0xFF
    .byte   0x02, 0xD3, 0xD3, 0x2D, 0x2F, 0xE3, 0xEE, 0x3D, 0x22, 0xD1, 0x20, 0x2E, 0x1E, 0x2E, 0xF3, 0xD0
    .byte   0x3D, 0x22, 0xD3, 0xEE, 0xF1, 0xE3, 0x2E, 0x3C, 0x2E, 0x1F, 0x20, 0xE4,   -8, 0x05, 0xC3, 0xFC
    .byte   0x4C, 0x13, 0xC5, 0xCE, 0x5A, 0x6B, 0x31, 0xD3, 0xD2, 0x2E, 0x4D, 0xD4, 0xB5, 0xDF, 0x3B, 0x4D
    .byte   0x22, 0x1E, 0x21, 0xE1, 0x20, 0xE3, 0xB5, 0xC2, 0x3E, 0x2D, 0x3D, 0x3D, 0x3E,   -2, 0x00, 0x0F
    .byte   0x2E, 0x2E, 0xE4, 0xC4, 0xD2, 0xD2, 0x2C, 0x5B, 0x5E, 0xC5, 0xB3, 0x3C, 0x3F, 0xD3, 0xE2, 0xE3
    .byte   0xD2, 0xFE, 0x3D, 0x3D, 0x21, 0xD3, 0xD2, 0x3D, 0x4C, 0x2E, 0x11, 0xE3, 0xD2, 0x2F,   -1, 0x04
    .byte   0xB4, 0xD1, 0x2D, 0x3E, 0x22, 0xD3, 0xED, 0x4B, 0x5D, 0xE3, 0xD2, 0x00, 0x10, 0xE2, 0xD4, 0xC3
    .byte   0x1D, 0x4C, 0x31, 0xD3, 0xFF, 0x01, 0xE2, 0xE1, 0x0F, 0x2E, 0x2D, 0x20, 0xF3, 0xD3, 0xFE,    7
    .byte   0x0D, 0x3D, 0x2F, 0xE2, 0xD3, 0xF0, 0x1F, 0xF1, 0x2D, 0x3D, 0x21, 0xE3, 0xD3, 0xD2, 0x0F, 0x2F
    .byte   0xE3, 0xC3, 0xFE, 0x4C, 0x4C, 0x3E, 0xE4, 0xB4, 0xEE, 0x3D, 0x21, 0x1D, 0x4C, 0x33, 0xB6, 0xB2
    .byte      6, 0x0D, 0x20, 0xFE, 0x3D, 0x3E, 0xE4, 0xB4, 0xFC, 0x5B, 0x4F, 0xD3, 0xE2, 0x02, 0xD3, 0xD0
    .byte   0x3C, 0x4E, 0xE3, 0xC3, 0xE2, 0xE3, 0xED, 0x4C, 0x4D, 0x22, 0xC4, 0xC3, 0x0F, 0x02, 0xE2, 0xF1
    .byte   0x2C,    5, 0x0C, 0x32, 0xE3, 0xD1, 0x2D, 0x30, 0xE2, 0xEF, 0xF1, 0xE3, 0xFF, 0x3C, 0x3E, 0x11
    .byte   0xE3, 0xC4, 0xD1, 0x2F, 0x1F, 0x1D, 0x3D, 0x31, 0xD4, 0xD1, 0x2C, 0x4E, 0xF2, 0xD1, 0xE2, 0x11
    .byte   0x11, 0xF2,    3, 0x0F, 0x0E, 0x01, 0xF2, 0xE2, 0xE2, 0x1D, 0x4C, 0x3F, 0xD4, 0xC3, 0x1D, 0x3D
    .byte   0x3E, 0x02, 0xD3, 0xD0, 0x4C, 0x31, 0xD3, 0xE1, 0x2D, 0x03, 0xC4, 0xED, 0x5B, 0x4D, 0xD4, 0xD3
    .byte   0xD3, 0xD2, 0x2D,    4, 0x0E, 0xF0, 0xFF, 0x2F, 0x2F, 0xFE, 0x1E, 0x3E, 0xF3, 0xC3, 0xFF, 0x3D
    .byte   0x2E, 0xF2, 0xD2, 0x2F, 0x1E, 0x2E, 0x12, 0xF0, 0xF0, 0xE3, 0xE1, 0x0D, 0x4C, 0x30, 0xE3, 0xD1
    .byte   0xF2, 0xD3, 0xE0, 0x3C,    8, 0x0D, 0x12, 0xD3, 0xD2, 0x1E, 0x20, 0xE3, 0xE0, 0x00, 0x1F, 0x2D
    .byte   0x2F, 0xD4, 0xC4, 0xFC, 0x5B, 0x4E, 0xE3, 0xD2, 0xD4, 0xC4, 0xC3, 0x2C, 0x5B, 0x5C, 0xF4, 0xB4
    .byte   0xD1, 0x3C, 0x4D, 0x13, 0xC4,   -5, 0x02, 0x2D, 0x4B, 0x5D, 0xE4, 0xB5, 0xB4, 0x0C, 0x5C, 0x21
    .byte   0xEF, 0x2E, 0x22, 0xD3, 0xEE, 0x3D, 0x3D, 0x13, 0xC4, 0xC3, 0x3B, 0x5D, 0xF3, 0xC3, 0xFE, 0x3D
    .byte   0x3E, 0xE3, 0xD3, 0xD1, 0x3C, 0x4D,   -3, 0x03, 0xC4, 0xD1, 0x2E, 0x2E, 0x2E, 0x2E, 0x02, 0xE1
    .byte   0x12, 0xD3, 0xD2, 0x10, 0x11, 0xFE, 0x2D, 0x30, 0x0F, 0x2D, 0x3F, 0xD4, 0xC3, 0xD2, 0x2D, 0x4C
    .byte   0x4D, 0xE4, 0xB4, 0xEE, 0x3D, 0x3E, 0x1E,    1, 0x01, 0xD4, 0xC3, 0x0E, 0x2D, 0x3D, 0x31, 0xD4
    .byte   0xC3, 0x0D, 0x3D, 0x3F, 0xF0, 0xFF, 0xF2, 0x0E, 0x2E, 0x10, 0xF3, 0xC4, 0xD1, 0x1E, 0x3E, 0x0F
    .byte   0x0E, 0x21, 0xE3, 0xED, 0x4C, 0x14, 0xC3, 0xEE,    5, 0x0C, 0x4D, 0x22, 0xC5, 0xC2, 0x2C, 0x5B
    .byte   0x32, 0xE2, 0xE3, 0xD1, 0x2E, 0x02, 0xD3, 0xEE, 0x4C, 0x4C, 0x22, 0xD4, 0xB5, 0xDD, 0x4C, 0x4D
    .byte   0xF3, 0xC3, 0x1D, 0x4D, 0x12, 0xD2, 0x1F, 0x2E, 0x03,  -16, 0x06, 0xBD, 0x6A, 0x5C, 0xE5, 0xA7
    .byte   0x95, 0x3A, 0x79, 0x52, 0xB6, 0xA5, 0xED, 0x5A, 0x5E, 0xD4, 0xC3, 0xD3, 0xED, 0x5B, 0x25, 0xA5
    .byte   0x2A, 0x6C, 0xE4, 0xDD, 0x4D, 0xE4, 0xB5, 0xC2, 0x3C, 0x31,   -3, 0x0E, 0x4C, 0x23, 0xC4, 0xED
    .byte   0x4C, 0x32, 0xD3, 0xD2, 0xFF, 0x2E, 0x02, 0xD3, 0xEF, 0x3C, 0x31, 0xE2, 0xE2, 0xE3, 0xDE, 0x4C
    .byte   0x24, 0xB4, 0x3A, 0x6D, 0xD4, 0xC2, 0x3C, 0x4E, 0xC5, 0xB3, 0x3C,    5, 0x0F, 0xD4, 0xCC, 0x7A
    .byte   0xD7, 0x94, 0x4A, 0x6C, 0xD5, 0xB3, 0x0D, 0x5B, 0x34, 0xB4, 0x1C, 0x4D, 0xD5, 0xCD, 0x5C, 0xF4
    .byte   0xB3, 0x3D, 0x21, 0xE1, 0x02, 0xEF, 0x20, 0xF0, 0x0F, 0x1F, 0x10, 0xF1,    0, 0x00, 0x00, 0x0F
    .byte   0x10, 0x01, 0xF0, 0x00, 0x00, 0x0F, 0x10, 0x01, 0xFF, 0x01, 0x01, 0xF0, 0xF1, 0xF1, 0x00, 0x00
    .byte   0x00, 0xF1, 0x00, 0xF1, 0x00, 0x00, 0x1F, 0x00, 0x1F, 0x00, 0x00, 0x00, 0x00,   -1, 0x01, 0x00
    .byte   0x10, 0xFF, 0x10, 0x0F, 0x10, 0x00, 0x00, 0x00, 0x00, 0x00, 0x00, 0x01, 0xF0, 0x00, 0x01, 0x0F
    .byte   0x01, 0xF0, 0xF1, 0x00, 0x1F, 0x1F, 0x1F, 0x00, 0x10, 0x0F, 0x00, 0x0F, 0x10, 0x10,    0, 0x00
    .byte   0x01, 0xF0, 0x00, 0x00, 0x0F, 0x11, 0x0F, 0x01, 0xF0, 0x00, 0x00, 0x00, 0x00, 0x00, 0x00, 0x10
    .byte   0xF0, 0x00, 0x00, 0xF0, 0x10, 0x00, 0x1F, 0x00, 0x00, 0x00, 0x0F, 0x10, 0xF1, 0x00, 0xF1,    0
    .byte   0x00, 0x00, 0x00, 0x10, 0xF0, 0x00, 0x00, 0x1F, 0xF0, 0x10, 0xF1, 0x00, 0x1F, 0x01, 0xF0, 0x00
    .byte   0xF0, 0x00, 0x01, 0x1F, 0x00, 0x1F, 0x00, 0x00, 0x0F, 0x1F, 0x01, 0x0F, 0x01, 0xF0, 0x10, 0x00
    .byte      1, 0x0F, 0x00, 0x00, 0x00, 0x01, 0xF0, 0x00, 0xF1, 0x00, 0xF1, 0x00, 0x1F, 0x01, 0xF1, 0xF0
    .byte   0x00, 0x1F, 0xF1, 0x00, 0x00, 0x00, 0x00, 0x01, 0xF1, 0xF1, 0xF0, 0x00, 0x00, 0x1F, 0xF1, 0x00
    .byte   0xF1,    1, 0x0F, 0x10, 0xF1, 0xF1, 0xF0, 0x1F, 0x00, 0x01, 0xF0, 0x01, 0xF0, 0x00, 0x00, 0x00
    .byte   0x00, 0x01, 0xF0, 0x1F, 0x01, 0xF0, 0x00, 0x00, 0x00, 0x00, 0x1F, 0x01, 0xF0, 0x00, 0x1F, 0x00
    .byte   0x00, 0x00,    1, 0x0F, 0xF1, 0x00, 0x1F, 0x00, 0x00, 0x00, 0xF1, 0xF1, 0x00, 0x01, 0xF1, 0x0F
    .byte   0x00, 0x00, 0x00, 0x00, 0x00, 0x00, 0x0F, 0x1F, 0x01, 0x00, 0x00, 0x00, 0x00, 0x00, 0x00, 0x00
    .byte   0x01, 0xF1, 0xF0,   -1, 0x01, 0x00, 0x00, 0x00, 0xF1, 0xF1, 0x00, 0x1F, 0x1F, 0x00, 0x00, 0x00
    .byte   0x0F, 0x10, 0x00, 0x10, 0xF0, 0xF1, 0x00, 0x1F, 0xF1, 0xF1, 0x1F, 0x1F, 0x00, 0x1F, 0x00, 0x00
    .byte   0x00, 0xF1, 0x00, 0xF0,    0, 0x00, 0x0F, 0x10, 0x00, 0x00, 0x00, 0x00, 0x00, 0x1F, 0x00, 0x00
    .byte   0x00, 0x00, 0x00, 0x00, 0x00, 0x00, 0x00, 0x00, 0x0F, 0x10, 0x00, 0x00, 0x1F, 0x00, 0x10, 0xF0
    .byte   0x10, 0xF1, 0xF0, 0x00, 0x00,   -1, 0x01, 0xF1, 0x00, 0x00, 0xF1, 0x1F, 0x10, 0xF0, 0x00, 0x00
    .byte   0x00, 0x01, 0xF1, 0xF0, 0x01, 0xF0, 0x00, 0x1F, 0x00, 0x00, 0xF1, 0x00, 0x1F, 0x00, 0x10, 0xF0
    .byte   0x0F, 0x1F, 0x10, 0x00, 0x00, 0x01,   -1, 0x00, 0x10, 0x00, 0x00, 0x0F, 0x10, 0x00, 0x01, 0xF0
    .byte   0x00, 0x0F, 0x10, 0x01, 0xF0, 0x00, 0x00, 0x00, 0x01, 0xF0, 0x00, 0x00, 0x00, 0x0F, 0x10, 0xF1
    .byte   0x01, 0xF1, 0xF0, 0x00, 0x0F, 0x11, 0xF0,    0, 0x00, 0xF0, 0x01, 0x00, 0x0F, 0x11, 0x0E, 0x5E
    .byte   0xA4, 0x2C, 0x40, 0xC4, 0x1F, 0x2D, 0xD4, 0x2C, 0x22, 0x2E, 0xF1, 0x01, 0x3D, 0xE1, 0xE3, 0xED
    .byte   0x21, 0x3C, 0x23, 0xC4, 0x3D, 0x2E, 0xC4, 0x2E,    0, 0x0E, 0x02, 0x2E, 0xF2, 0xE1, 0x1E, 0x2E
    .byte   0x23, 0xC3, 0xE0, 0x3E, 0xD2, 0x03, 0x0D, 0xD2, 0x4D, 0x1D, 0x04, 0xD1, 0xFE, 0x22, 0xEF, 0x01
    .byte   0x1F, 0xE2, 0x1E, 0x2F, 0xE3, 0xD2, 0x2E, 0x1F, 0xF2,    0, 0x01, 0xFE, 0x3E, 0x0F, 0xE3, 0xEF
    .byte   0x01, 0xFF, 0x2F, 0xFE, 0x22, 0xD2, 0x0E, 0x3E, 0xD3, 0xE2, 0x2D, 0x20, 0x02, 0xEE, 0x3E, 0xE2
    .byte   0x1F, 0x1E, 0x12, 0xE1, 0xE0, 0x3E, 0xF0, 0xE2, 0x1E, 0x12,   -1, 0x01, 0xF0, 0x10, 0x0E, 0x21
    .byte   0xF0, 0xF0, 0x01, 0x00, 0x1F, 0xF0, 0x10, 0xF1, 0xF1, 0x0F, 0x00, 0x10, 0x01, 0xF1, 0x1F, 0x00
    .byte   0x1F, 0xF0, 0x01, 0x0F, 0x10, 0xF0, 0x00, 0x1F, 0x00, 0x10, 0xF0,    0, 0x01, 0x00, 0xF0, 0x00
    .byte   0x1F, 0x00, 0x00, 0x01, 0xFF, 0x01, 0xF0, 0x0F, 0x1F, 0x00, 0x00, 0x00, 0xF1, 0x01, 0xF0, 0x10
    .byte   0x00, 0x10, 0x1F, 0x01, 0x11, 0x0F, 0x10, 0x1F, 0x11, 0xF0, 0x1F, 0x00,    4, 0x00, 0xF0, 0xF1
    .byte   0x0F, 0x00, 0xFF, 0x0F, 0x00, 0xF0, 0x0F, 0x00, 0xF0, 0xF0, 0xF0, 0x00, 0x0F, 0x00, 0x0F, 0x1F
    .byte   0x1F, 0xF1, 0xF0, 0x00, 0x00, 0x1F, 0x11, 0x12, 0x12, 0x12, 0x12, 0x20, 0x22,   26, 0x00, 0x11
    .byte   0x10, 0xF0, 0xEF, 0xEE, 0xFE, 0xEF, 0xEF, 0xEF, 0xEF, 0x0F, 0xFF, 0xF0, 0x0F, 0xFF, 0x1F, 0x0F
    .byte   0x00, 0xFF, 0xFF, 0xF0, 0xFF, 0xFF, 0xF0, 0x01, 0x21, 0x23, 0x22, 0x31, 0x23, 0xF3,   36, 0x00
    .byte   0x22, 0x11, 0x11, 0x0E, 0xEE, 0xD0, 0xDD, 0xEE, 0xDF, 0xEE, 0x0F, 0x01, 0x00, 0x21, 0x21, 0x22
    .byte   0x02, 0x11, 0x11, 0x1F, 0x0E, 0x0F, 0xEF, 0x0E, 0xFF, 0x0E, 0x0F, 0x0F, 0xF1, 0xF0, 0x0F,  -15
    .byte   0x00, 0x0E, 0x00, 0xEF, 0x0E, 0x0F, 0xF1, 0x10, 0x23, 0x21, 0x32, 0x22, 0x23, 0x22, 0x22, 0x20
    .byte   0x20, 0x1E, 0xEE, 0xDF, 0xDE, 0xEE, 0xDE, 0xFE, 0x0F, 0x01, 0x00, 0x12, 0x12, 0x12, 0x11, 0x01
    .byte      8, 0x01, 0xF0, 0xFE, 0xFF, 0xF0, 0xEE, 0x0E, 0x0E, 0xF0, 0x0F, 0xF0, 0x01, 0xF0, 0xFF, 0xFF
    .byte   0x0E, 0x0E, 0x00, 0x00, 0x22, 0x31, 0x23, 0x22, 0x30, 0x33, 0x12, 0x21, 0x20, 0x12, 0xED, 0xFD
    .byte   0xEE,   14, 0x0E, 0xED, 0xEE, 0xFF, 0x01, 0x1F, 0x11, 0x21, 0x22, 0x10, 0x11, 0xF2, 0xF0, 0x0E
    .byte   0xFE, 0xF0, 0xFE, 0x0E, 0x0F, 0xFF, 0x1F, 0xFF, 0x1F, 0x0F, 0xFF, 0xFF, 0xFE, 0xFF, 0xE0, 0xE0
    .byte   0x11, 0x12,  -23, 0x02, 0x23, 0x22, 0x32, 0x33, 0x13, 0x21, 0x21, 0x11, 0xEE, 0xFD, 0xDE, 0xDF
    .byte   0xDE, 0xEE, 0xEF, 0xF1, 0x10, 0x02, 0x02, 0x12, 0x12, 0x01, 0x11, 0xF0, 0xFE, 0xFE, 0xFE, 0x0E
    .byte   0xF0, 0xEF, 0xF0,  -17, 0x0F, 0x0F, 0x00, 0x1F, 0x0F, 0x0E, 0xFF, 0xFE, 0x0E, 0x10, 0x10, 0x23
    .byte   0x12, 0x32, 0x32, 0x23, 0x32, 0x22, 0x22, 0x11, 0x1E, 0xEE, 0xDE, 0xED, 0xED, 0xED, 0xFE, 0xF0
    .byte   0x11, 0x10, 0x21, 0x12,    1, 0x02, 0x12, 0x00, 0x10, 0xFF, 0xEF, 0xEE, 0xE0, 0xE0, 0xEF, 0xFF
    .byte   0xF0, 0x01, 0xF0, 0x00, 0x00, 0x00, 0xEF, 0x0E, 0xFF, 0xF0, 0x11, 0x12, 0x22, 0x32, 0x23, 0x23
    .byte   0x32, 0x23, 0x02, 0x11, 0x1F,   48, 0x0E, 0xED, 0xED, 0xED, 0xEE, 0xEE, 0xFF, 0x01, 0x01, 0x21
    .byte   0x21, 0x21, 0x21, 0x11, 0x1F, 0xFF, 0xEE, 0xEE, 0xFE, 0xFF, 0xEF, 0xFE, 0x10, 0x01, 0x00, 0x11
    .byte   0x00, 0xFF, 0x0F, 0xE0, 0xEF, 0x1E,  -33, 0x02, 0xF2, 0x30, 0x33, 0x13, 0x23, 0x32, 0x23, 0x12
    .byte   0x10, 0x1E, 0xEE, 0xDE, 0xDD, 0xED, 0xEE, 0xEF, 0xFF, 0x11, 0x12, 0x02, 0x12, 0x02, 0x02, 0xFF
    .byte   0x0F, 0x0F, 0xEF, 0xEF, 0xEE, 0xFF, 0xFF,  -19, 0x01, 0xFF, 0xF0, 0x1F, 0xF0, 0xFF, 0xFF, 0xF0
    .byte   0xE0, 0xE0, 0x01, 0x11, 0x32, 0x23, 0x23, 0x32, 0x33, 0x23, 0x21, 0x2E, 0xF1, 0xEE, 0xED, 0xDD
    .byte   0xED, 0xDF, 0xDE, 0xFF, 0x01, 0x22, 0x32, 0x22,   14, 0x02, 0x21, 0x1E, 0xFE, 0xED, 0xEE, 0xE0
    .byte   0xFD, 0xEF, 0xE1, 0xF0, 0x10, 0x10, 0x21, 0x1F, 0xEE, 0xEF, 0xE0, 0xE0, 0xF0, 0x12, 0x24, 0x54
    .byte   0x34, 0x22, 0x1E, 0x1E, 0xDD, 0xDD, 0xDD, 0xF2, 0x11,    6, 0x02, 0x21, 0x22, 0x31, 0x0F, 0xEE
    .byte   0xED, 0x0E, 0xEE, 0xEE, 0xEE, 0x22, 0x22, 0x32, 0x11, 0x10, 0x0D, 0xEE, 0xDE, 0xD0, 0x0F, 0xEF
    .byte   0xFF, 0xE0, 0x11, 0xFE, 0x10, 0x20, 0xFE, 0xEE, 0x03, 0x33,   -4, 0x05, 0x33, 0x33, 0xFF, 0xCE
    .byte   0xDD, 0xDE, 0xE0, 0xF2, 0x43, 0x23, 0x11, 0x0D, 0xEF, 0xDD, 0xDE, 0xEF, 0x12, 0x22, 0x1F, 0x0F
    .byte   0xF1, 0x11, 0xE0, 0x10, 0xF1, 0xFF, 0xFD, 0xEE, 0xEE, 0x11, 0x11,  -21, 0x00, 0xFE, 0xE0, 0xEE
    .byte   0xFE, 0x01, 0xF0, 0x10, 0x21, 0x13, 0x34, 0x55, 0x33, 0xEE, 0xCC, 0xDD, 0xDF, 0xD1, 0x21, 0x44
    .byte   0x43, 0x11, 0xDD, 0xDD, 0xED, 0xED, 0x1E, 0x22, 0x33, 0x01, 0x1E, 0xEE,    3, 0x0F, 0xE2, 0x10
    .byte   0x21, 0x11, 0xEE, 0xDF, 0xDE, 0x0F, 0x1F, 0x10, 0xFF, 0xEF, 0xFD, 0xEF, 0xF0, 0xE2, 0x1D, 0x1F
    .byte   0x34, 0xF4, 0x35, 0x52, 0x4E, 0xDD, 0xBD, 0xDD, 0xFF, 0x23, 0x14, 0x43, 0x30,   55, 0x0D, 0xCD
    .byte   0xDD, 0xFD, 0x21, 0x02, 0x23, 0x21, 0x2E, 0xED, 0xDE, 0xF0, 0x32, 0x22, 0x11, 0xEE, 0xED, 0xDE
    .byte   0xEF, 0x10, 0x22, 0xFE, 0x1E, 0xED, 0xD1, 0xD1, 0x21, 0x2E, 0x01, 0xE1, 0x33, 0x43,   22, 0x05
    .byte   0x33, 0xED, 0xDB, 0xDD, 0xD0, 0x12, 0x33, 0x34, 0x32, 0x0E, 0xDC, 0xDD, 0xE0, 0x10, 0x21, 0x10
    .byte   0x13, 0xE1, 0x0D, 0x0D, 0xF0, 0x23, 0x22, 0x1F, 0xEE, 0xDE, 0xEE, 0xD2, 0xF0, 0x10, 0x2F,  -17
    .byte   0x0E, 0xEE, 0xDE, 0xEF, 0xFF, 0x20, 0xF2, 0xF1, 0x21, 0x23, 0x25, 0x54, 0x42, 0xDD, 0xCB, 0xEE
    .byte   0x01, 0x23, 0x12, 0x33, 0x31, 0x1D, 0xDD, 0xC1, 0xFE, 0x32, 0xF1, 0xE0, 0x11, 0x2F, 0xEE, 0xEE
    .byte     -4, 0x01, 0x33, 0x21, 0x1D, 0xDD, 0xEE, 0x0E, 0x01, 0x2F, 0x12, 0xFE, 0xDD, 0xDE, 0xE0, 0x31
    .byte   0x10, 0x2E, 0xE1, 0xE1, 0x1F, 0x33, 0x45, 0x54, 0x4F, 0xCC, 0xBC, 0xD1, 0x03, 0x33, 0x23, 0x33
    .byte   0x2F,   48, 0x0C, 0xDC, 0xD0, 0x12, 0x33, 0x1E, 0xEE, 0xFE, 0x2F, 0x1E, 0xEE, 0xF2, 0x34, 0x22
    .byte   0xEC, 0xCC, 0xEF, 0x02, 0x32, 0x20, 0xEF, 0xED, 0xFC, 0xEE, 0xD2, 0x32, 0x12, 0x20, 0xDE, 0xEE
    .byte   0x01, 0x43,   -6, 0x06, 0x44, 0x4D, 0xDB, 0xBC, 0xDE, 0x32, 0x42, 0x34, 0x23, 0xFE, 0xEC, 0xDC
    .byte   0xEE, 0x23, 0x32, 0x11, 0xEE, 0xDF, 0x1E, 0x10, 0xF1, 0x01, 0x33, 0x3F, 0xED, 0xCC, 0xDE, 0x22
    .byte   0x33, 0x20, 0xEE,  -15, 0x0D, 0xDD, 0xEF, 0xE2, 0x31, 0x22, 0x2E, 0xDD, 0xE0, 0xE3, 0x34, 0x45
    .byte   0x54, 0x4D, 0xDB, 0xBC, 0xDE, 0x23, 0x43, 0x33, 0x31, 0x1F, 0xFC, 0xCD, 0xD1, 0xF3, 0x33, 0x2F
    .byte   0xED, 0xED, 0xE1, 0x12,    4, 0x01, 0x12, 0x22, 0x21, 0x0D, 0xDC, 0xDD, 0x12, 0x34, 0xF2, 0xFD
    .byte   0xCE, 0xDE, 0xDF, 0x22, 0x22, 0x22, 0x0E, 0xDE, 0xDD, 0x23, 0x34, 0x45, 0x54, 0x3F, 0xEB, 0xBC
    .byte   0xDD, 0x03, 0x44, 0x23, 0x4F,   45, 0x0F, 0xED, 0xDC, 0xEE, 0x02, 0x33, 0x22, 0xEE, 0xDD, 0xDF
    .byte   0x03, 0x22, 0x31, 0xE1, 0x11, 0xFD, 0xED, 0xDD, 0xF3, 0x22, 0x21, 0xFE, 0xDD, 0xDE, 0xEF, 0x2F
    .byte   0x22, 0x10, 0xFE, 0xFD, 0xEE, 0x23,  -37, 0x04, 0x45, 0x53, 0x42, 0xDB, 0xBC, 0xCD, 0xF4, 0x44
    .byte   0x33, 0x3F, 0x0D, 0xED, 0xDD, 0xEF, 0x01, 0x33, 0x11, 0xE0, 0xDD, 0xEF, 0x21, 0x22, 0x20, 0xF2
    .byte   0x2E, 0xFE, 0xED, 0xC1, 0xE1, 0x21, 0x31,   -5, 0x0F, 0xEE, 0xDD, 0xDF, 0xFF, 0x22, 0x2E, 0x2F
    .byte   0xED, 0xE1, 0x12, 0x24, 0x44, 0x54, 0x43, 0xDC, 0xBC, 0xBD, 0x13, 0x44, 0x34, 0x2F, 0xFE, 0xEE
    .byte   0xDE, 0xDE, 0xF0, 0x22, 0x30, 0xFE, 0xDD, 0xEE,   -4, 0x02, 0x32, 0x21, 0xE0, 0xFF, 0x0F, 0xEE
    .byte   0xDE, 0xEF, 0x02, 0x20, 0x1E, 0xED, 0xEE, 0xEF, 0x00, 0xF1, 0xE0, 0x10, 0x1E, 0x0E, 0xE3, 0x22
    .byte   0x34, 0x54, 0x44, 0x0E, 0xCB, 0xCC, 0xD1, 0x34, 0x43,   43, 0x02, 0xFE, 0xEF, 0xDD, 0xEE, 0xEE
    .byte   0x22, 0x22, 0x1F, 0xED, 0xDE, 0xF2, 0x23, 0x22, 0xFF, 0xFE, 0xF2, 0xFE, 0xD0, 0xDD, 0x02, 0x21
    .byte   0x21, 0x1E, 0xDE, 0xDE, 0xEE, 0xF0, 0x21, 0x12, 0xFF, 0xEE,  -47, 0x0E, 0x03, 0x23, 0x44, 0x54
    .byte   0x42, 0xED, 0xBC, 0xCC, 0xF3, 0x44, 0x34, 0x20, 0xEE, 0xEE, 0xDE, 0xDF, 0xE0, 0x32, 0x12, 0xEE
    .byte   0xDD, 0xEF, 0x13, 0x33, 0x10, 0xEE, 0xEF, 0x01, 0xEE, 0xEE, 0xEE,  -12, 0x02, 0x21, 0x11, 0xEE
    .byte   0xDE, 0xEE, 0xEF, 0x0E, 0x11, 0xF0, 0xE0, 0x00, 0xF1, 0x22, 0x23, 0x35, 0x43, 0x43, 0xDD, 0xBD
    .byte   0xCD, 0x03, 0x43, 0x33, 0x2E, 0xEF, 0xFE, 0xEE, 0xFE, 0xE0, 0x12, 0xFF,   15, 0x0D, 0xFD, 0xE2
    .byte   0x22, 0x32, 0x1E, 0xFE, 0xEE, 0x2F, 0x0E, 0xEF, 0xEE, 0x02, 0x2F, 0x01, 0x0E, 0xED, 0xFE, 0xEE
    .byte   0x11, 0x00, 0xFE, 0xFE, 0x12, 0xFF, 0x12, 0x22, 0x34, 0x44, 0x43, 0xED, 0xCD,    2, 0x0D, 0x12
    .byte   0x43, 0x23, 0x2F, 0xEF, 0xEF, 0xEF, 0x0D, 0x0F, 0x01, 0xF0, 0xFE, 0xEE, 0xF1, 0xF2, 0x22, 0xFE
    .byte   0xF0, 0xE0, 0x1F, 0x0E, 0xFF, 0xE1, 0x10, 0xEF, 0x00, 0xE1, 0x20, 0xFD, 0xFE, 0xDE,  -36, 0x02
    .byte   0xFF, 0x10, 0xEF, 0xF1, 0xF0, 0x22, 0x22, 0x44, 0x44, 0x20, 0xDC, 0xDD, 0xE1, 0x34, 0x23, 0x00
    .byte   0xFE, 0xF0, 0x0F, 0xEF, 0xFD, 0xF0, 0x10, 0xE0, 0xEF, 0xD1, 0x21, 0x22, 0x1E, 0xEF, 0xE1,   -3
    .byte   0x01, 0x3E, 0xE0, 0x2E, 0xD2, 0x1F, 0xEF, 0x20, 0xEE, 0x2E, 0xDF, 0x01, 0x0F, 0xFE, 0xED, 0xE2
    .byte   0x22, 0x3F, 0xEF, 0xE0, 0x13, 0x45, 0x24, 0x1E, 0xDC, 0x0E, 0xF4, 0x23, 0x20, 0x2F, 0xE1, 0x02
    .byte     37, 0x0E, 0x0E, 0xEE, 0xEE, 0xFF, 0x00, 0x0E, 0x1F, 0x0F, 0xE2, 0xEE, 0x0F, 0x10, 0xE3, 0xFE
    .byte   0x10, 0xFE, 0xE0, 0x00, 0xE2, 0x10, 0xFF, 0xFE, 0xE0, 0xEF, 0xEF, 0xFE, 0xEE, 0x23, 0xFF, 0xFF
    .byte   0xEE,  -36, 0x03, 0x23, 0x43, 0x03, 0x00, 0xFE, 0x1F, 0x02, 0x13, 0x20, 0x22, 0xE0, 0x10, 0xEF
    .byte   0xFE, 0xEE, 0xE0, 0xEE, 0xF0, 0xF0, 0x10, 0x0F, 0xFF, 0xEE, 0xE1, 0x21, 0x22, 0x0E, 0x0E, 0xFE
    .byte   0xF0, 0xF1,   -9, 0x02, 0x1F, 0x1F, 0xEE, 0xED, 0x0E, 0x01, 0x22, 0xEE, 0xDE, 0xF2, 0x02, 0x21
    .byte   0xF2, 0x01, 0x34, 0x33, 0x21, 0xED, 0x00, 0x32, 0x23, 0xFF, 0xE2, 0x0F, 0x3F, 0x10, 0xD0, 0xD0
    .byte   0xEE, 0x1E, 0xFF,    6, 0x01, 0x0F, 0x10, 0xFF, 0xEE, 0x10, 0xF0, 0x3F, 0x0F, 0xFE, 0xEF, 0xF1
    .byte   0x0F, 0x2E, 0x0E, 0x12, 0xE0, 0xEE, 0xEE, 0x00, 0x1F, 0xEF, 0xEE, 0xF0, 0x31, 0xFF, 0xEE, 0x12
    .byte   0x32, 0x43, 0x21, 0x3F,   18, 0x00, 0xE2, 0x12, 0xF2, 0x3D, 0x21, 0x02, 0x02, 0x0F, 0xED, 0xFE
    .byte   0xE1, 0x0E, 0xE0, 0xEF, 0x1F, 0x20, 0xFE, 0x11, 0xF0, 0xF0, 0x0E, 0x10, 0x10, 0xF0, 0x0E, 0x00
    .byte   0xE0, 0xFF, 0xF0, 0xFF, 0x0E,  -18, 0x0E, 0xE0, 0x1F, 0x10, 0xDE, 0xE1, 0x2F, 0x31, 0xFE, 0xF2
    .byte   0x02, 0x33, 0x33, 0x13, 0x0F, 0xE0, 0x21, 0x22, 0x02, 0x0E, 0x20, 0xF2, 0x2E, 0xE1, 0xEE, 0xFE
    .byte   0xFE, 0xEE, 0xF0, 0xF2, 0x10, 0xFE,    4, 0x0E, 0xF1, 0x21, 0x0E, 0x00, 0xE0, 0x22, 0xE0, 0xFE
    .byte   0xEF, 0xFF, 0x2D, 0x12, 0xEE, 0xFF, 0xFE, 0x0F, 0x0E, 0xFE, 0x0F, 0xFF, 0x21, 0x02, 0x0E, 0x12
    .byte   0x22, 0x33, 0x33, 0x22, 0x1D, 0xE2, 0x22,   29, 0x01, 0x2E, 0xE1, 0x22, 0x01, 0x2E, 0xEE, 0xEF
    .byte   0x0E, 0x0F, 0xDE, 0xE2, 0x10, 0x2F, 0xEF, 0xE1, 0x02, 0x0E, 0xF0, 0x1E, 0x22, 0x1F, 0xEF, 0xEE
    .byte   0xF1, 0x2E, 0xE1, 0x00, 0xE0, 0xEE, 0xEE, 0x12,  -27, 0x0F, 0xFF, 0xDE, 0x21, 0x21, 0x2F, 0xE0
    .byte   0x03, 0x21, 0x23, 0x33, 0x23, 0xF1, 0xDF, 0x21, 0x31, 0x22, 0xD0, 0x12, 0x12, 0xFE, 0xEE, 0xEF
    .byte   0x2E, 0xE0, 0xD0, 0xE1, 0x21, 0x0F, 0xFE, 0xE1, 0x20,    8, 0x00, 0xFF, 0xE0, 0x00, 0x20, 0xEE
    .byte   0xE0, 0xF2, 0x10, 0xFD, 0x0E, 0xF0, 0x0E, 0xFE, 0xEF, 0xF1, 0xF2, 0xFE, 0xEE, 0x12, 0x23, 0x00
    .byte   0xDE, 0x23, 0x33, 0x24, 0x1E, 0x30, 0x1F, 0xF1, 0x21, 0xF0,   31, 0x01, 0xE2, 0x02, 0xFE, 0x1E
    .byte   0xFE, 0xF0, 0xE0, 0xD1, 0x0E, 0x11, 0x10, 0x0E, 0x01, 0x0E, 0x12, 0xEF, 0xE2, 0x20, 0x0F, 0xE0
    .byte   0xEF, 0x2F, 0xFE, 0xEF, 0xEE, 0x22, 0xFE, 0xE0, 0xED, 0x02, 0xEE,  -36, 0x01, 0x02, 0xF1, 0x2E
    .byte   0xF1, 0x00, 0x02, 0x22, 0x31, 0x34, 0x12, 0x2F, 0xE0, 0x02, 0x20, 0xE1, 0x2F, 0x22, 0x0F, 0xEF
    .byte   0xFE, 0xFF, 0x1E, 0xEE, 0xE0, 0x2E, 0x2F, 0xFE, 0xE1, 0x11, 0xEF, 0x11,    0, 0x02, 0x02, 0x1D
    .byte   0x0F, 0xFE, 0x12, 0xFF, 0xF0, 0x2E, 0xD1, 0x0D, 0x00, 0x10, 0xE0, 0x0F, 0xEE, 0x2F, 0xE1, 0x11
    .byte   0x11, 0x1F, 0xF0, 0x02, 0x32, 0x2F, 0x33, 0x31, 0x22, 0x0E, 0xE2, 0x21, 0xEF,   25, 0x02, 0x2F
    .byte   0x20, 0xDF, 0xF1, 0x0E, 0xFE, 0xEE, 0x12, 0xEF, 0xFF, 0x0F, 0xE2, 0xFF, 0xE0, 0x2E, 0x11, 0xF0
    .byte   0xE2, 0x2E, 0xF1, 0x0E, 0xF0, 0x10, 0xFE, 0x0E, 0xE0, 0x20, 0xFD, 0xE1, 0xFE, 0xF2,  -26, 0x0E
    .byte   0xFE, 0x11, 0x22, 0x0F, 0xE2, 0x2E, 0x11, 0x32, 0x22, 0x34, 0x2F, 0xE1, 0x00, 0x12, 0x1E, 0xD2
    .byte   0x32, 0x2F, 0xFE, 0xEF, 0x2F, 0xED, 0xD2, 0x20, 0xFF, 0xEE, 0xF2, 0x21, 0xDE, 0x0F, 0x02,    5
    .byte   0x00, 0xFD, 0x23, 0x0E, 0xEE, 0xEF, 0x13, 0x2D, 0xD2, 0x21, 0xEE, 0xEE, 0xE0, 0x20, 0xFE, 0xF1
    .byte   0x0F, 0xEF, 0xF0, 0xF2, 0x11, 0xF2, 0x21, 0xFE, 0xF2, 0x33, 0x21, 0x42, 0x10, 0x22, 0xED, 0x20
    .byte     26, 0x0E, 0x12, 0x21, 0xF1, 0x0F, 0xEE, 0x0E, 0xEE, 0x12, 0xEF, 0xE1, 0xFF, 0x0F, 0xFF, 0xE0
    .byte   0x21, 0x0E, 0x12, 0xFE, 0x12, 0x1E, 0xE0, 0x1F, 0xFF, 0x2F, 0xEE, 0x20, 0xEE, 0xE0, 0x0F, 0xFF
    .byte   0xEE,  -31, 0x02, 0x00, 0x0D, 0x20, 0x12, 0x2F, 0xFF, 0xF2, 0x1E, 0x23, 0x32, 0xF3, 0x42, 0xEE
    .byte   0x21, 0xF1, 0x01, 0xEE, 0x23, 0x20, 0xD1, 0x12, 0xEE, 0xEF, 0xEE, 0x22, 0xEE, 0xD2, 0x20, 0xEE
    .byte   0xFF, 0x01,    5, 0x01, 0xEE, 0x02, 0x20, 0xFE, 0xFF, 0x00, 0x2E, 0xE0, 0x12, 0xFE, 0xEF, 0xFF
    .byte   0xEE, 0xE0, 0xF1, 0xFF, 0xE0, 0x11, 0xFF, 0x01, 0x20, 0xEF, 0x20, 0x20, 0x12, 0x02, 0x33, 0xF2
    .byte   0x40, 0x0E, 0x02,   26, 0x0F, 0x00, 0xF0, 0x02, 0x11, 0xE0, 0x1F, 0xE0, 0xEF, 0x0F, 0x1E, 0xEF
    .byte   0xF1, 0x1E, 0xEF, 0x21, 0x0F, 0x00, 0xF1, 0xF1, 0xFE, 0x11, 0xFF, 0x01, 0x00, 0x11, 0xEF, 0xE1
    .byte   0x0E, 0xEF, 0xFF, 0xE0,  -21, 0x00, 0xEE, 0x20, 0x0E, 0x01, 0x10, 0xFF, 0x10, 0x12, 0x2F, 0xE2
    .byte   0x32, 0x2F, 0x13, 0x33, 0x0E, 0xE2, 0x30, 0xFE, 0xE1, 0x22, 0x0F, 0xE0, 0x10, 0xFE, 0xFE, 0x11
    .byte   0xFE, 0xEF, 0x02, 0xFD, 0x01,    3, 0x01, 0xF0, 0xFF, 0x11, 0x0F, 0xF0, 0x2F, 0xEE, 0x22, 0xF0
    .byte   0xFF, 0x0E, 0x10, 0xEE, 0xE0, 0x1F, 0xEF, 0xF0, 0x1E, 0xEF, 0xE2, 0x0F, 0x0E, 0x20, 0x21, 0xE1
    .byte   0x01, 0x31, 0xE1, 0x33, 0x3E, 0x23,   24, 0x00, 0xE1, 0x22, 0xEF, 0x2E, 0x0F, 0x20, 0xE1, 0x02
    .byte   0xEE, 0xE1, 0x1F, 0xFE, 0x0E, 0x11, 0xE0, 0xE1, 0x10, 0x0F, 0xF1, 0x10, 0x0F, 0xF0, 0x10, 0xF0
    .byte   0xFF, 0x20, 0xFE, 0x01, 0x1E, 0xFE, 0x0F,  -13, 0x0E, 0x1E, 0x0F, 0x0E, 0xFF, 0x01, 0xFE, 0x00
    .byte   0x20, 0xF0, 0x02, 0x20, 0x11, 0x12, 0x11, 0x32, 0x2F, 0x33, 0xFF, 0xE3, 0x2E, 0xFF, 0x2E, 0x00
    .byte   0x1F, 0xF0, 0x01, 0xEF, 0xE0, 0x2E, 0xEF, 0x0F,   10, 0x0E, 0xFF, 0xF1, 0x0F, 0x00, 0x11, 0xFF
    .byte   0xF1, 0xFF, 0x00, 0xFF, 0x10, 0x1F, 0x00, 0xF0, 0xFF, 0xE0, 0xE0, 0xFE, 0x0E, 0x01, 0xF0, 0xEE
    .byte   0x11, 0x0F, 0xE1, 0x20, 0xF0, 0x20, 0x02, 0x02, 0x01,  -11, 0x02, 0x31, 0x12, 0x32, 0xF1, 0x12
    .byte   0x2E, 0xF0, 0x1F, 0xFF, 0x00, 0xFF, 0x1F, 0xEF, 0xF1, 0xFF, 0xEF, 0x00, 0x0E, 0xFF, 0x01, 0xF1
    .byte   0xE1, 0x11, 0x10, 0xEF, 0x12, 0x1E, 0xE0, 0x22, 0xEF, 0x01,    2, 0x0F, 0xEE, 0x1F, 0xF0, 0xEE
    .byte   0x01, 0x0F, 0xEF, 0xFF, 0xFF, 0xF0, 0xE1, 0x2F, 0x01, 0x00, 0x12, 0x2F, 0x10, 0x21, 0x23, 0x11
    .byte   0x23, 0x3E, 0xE1, 0x32, 0xFD, 0x21, 0xF0, 0xF0, 0xFE, 0x2F, 0xFD,   13, 0x02, 0x2E, 0xDF, 0x21
    .byte   0x0E, 0xE0, 0x11, 0x1E, 0xE1, 0x02, 0x0E, 0xE1, 0x21, 0xFE, 0x20, 0x0F, 0x1F, 0x01, 0xF2, 0xEE
    .byte   0x0F, 0x1E, 0xEF, 0x0F, 0xFF, 0xFF, 0xFF, 0xF0, 0xEF, 0x00, 0xFF, 0x01,  -27, 0x02, 0x11, 0x01
    .byte   0x22, 0xF1, 0x12, 0x22, 0x12, 0x32, 0x2E, 0xF2, 0x3E, 0xE1, 0x02, 0xEF, 0x0E, 0x11, 0x1E, 0xEF
    .byte   0x21, 0xE0, 0xE1, 0x00, 0xFE, 0xF0, 0x02, 0xEE, 0xF1, 0x20, 0xEE, 0x11, 0x2F,    2, 0x0E, 0x02
    .byte   0x1F, 0xEF, 0x20, 0x0E, 0xE1, 0x10, 0xEF, 0xE1, 0x10, 0xEE, 0x00, 0x00, 0xEF, 0x01, 0x00, 0xFF
    .byte   0x12, 0x00, 0x11, 0x21, 0x01, 0x12, 0x02, 0x22, 0x12, 0x32, 0xE0, 0x03, 0x1E, 0xE1,   28, 0x0E
    .byte   0xFF, 0xFF, 0xFF, 0x01, 0xD1, 0x20, 0xEE, 0x11, 0x1F, 0xFF, 0xF0, 0xF1, 0xFE, 0xF1, 0x2E, 0xFF
    .byte   0x11, 0xFF, 0x11, 0xF1, 0x11, 0x1E, 0x01, 0x0E, 0xFF, 0x10, 0xEF, 0xE1, 0x0E, 0xF0, 0xE0,  -21
    .byte   0x00, 0xFE, 0x01, 0x2F, 0xEF, 0x22, 0xFF, 0xF0, 0x22, 0x01, 0xF2, 0x21, 0x21, 0x12, 0x32, 0x0F
    .byte   0xF2, 0x3E, 0xE1, 0x11, 0x1E, 0xFF, 0xF1, 0xF1, 0xD0, 0x2F, 0xFE, 0x01, 0x1F, 0x0F, 0xFF, 0x10
    .byte      3, 0x00, 0xE2, 0x1E, 0x0F, 0x11, 0xFF, 0x01, 0x01, 0xF0, 0x10, 0x01, 0x0E, 0x00, 0xFF, 0xEF
    .byte   0x1F, 0xFE, 0xFF, 0xF0, 0xFF, 0xE0, 0x10, 0xFF, 0xF2, 0xFF, 0xF2, 0x2F, 0xE2, 0x22, 0xE2, 0x12
    .byte   0x01,    2, 0x02, 0x01, 0x32, 0x2D, 0x03, 0x2E, 0xD2, 0x21, 0xEE, 0x11, 0xFF, 0xF0, 0xEF, 0x20
    .byte   0xEE, 0x02, 0x2E, 0xE0, 0x10, 0x00, 0xE0, 0x01, 0x0E, 0xF0, 0x2F, 0xEF, 0xF2, 0x1E, 0x00, 0x21
    .byte   0xFE, 0x11,   -2, 0x0F, 0xFE, 0x0F, 0xFF, 0xFE, 0x00, 0x0E, 0xF0, 0x1F, 0xF0, 0x02, 0x0F, 0xF2
    .byte   0xF2, 0xFF, 0xF2, 0x20, 0xE2, 0x22, 0xE1, 0x13, 0x01, 0x22, 0x1F, 0x02, 0x2E, 0xF1, 0x11, 0xEF
    .byte   0x02, 0xEE, 0x1F,   12, 0x0F, 0x10, 0xE0, 0xF2, 0xFF, 0xE1, 0x1F, 0xFF, 0x0F, 0xF0, 0x1F, 0xF0
    .byte   0xF0, 0xFE, 0x20, 0xFF, 0xF0, 0x20, 0xE0, 0x11, 0xFE, 0xF1, 0xF0, 0xE0, 0x0F, 0xF0, 0xE0, 0xF1
    .byte   0x0F, 0xE1, 0x21, 0xE1,  -18, 0x02, 0x0F, 0x01, 0x2F, 0x11, 0x11, 0x12, 0x11, 0x12, 0x20, 0x22
    .byte   0x01, 0x01, 0x2F, 0xE1, 0x20, 0xEE, 0x20, 0xFE, 0x1F, 0x0E, 0xF1, 0x0E, 0x00, 0x2F, 0xE0, 0x11
    .byte   0x0E, 0x01, 0x0F, 0xF0, 0x1E,    0, 0x00, 0x0F, 0xE2, 0xFF, 0xF0, 0x20, 0xE0, 0x11, 0x0E, 0x00
    .byte   0xF0, 0xEF, 0xFF, 0xF0, 0xFF, 0xFF, 0x00, 0xFF, 0x10, 0x01, 0x01, 0x2F, 0x02, 0x11, 0x10, 0x20
    .byte   0x20, 0x11, 0x12, 0x1F, 0x13, 0x10,   14, 0x01, 0x22, 0xEE, 0x12, 0x1E, 0xE2, 0x0F, 0xF0, 0xEF
    .byte   0x01, 0x1E, 0xFF, 0x20, 0xE0, 0x01, 0xF0, 0xFF, 0xF1, 0x00, 0xE0, 0x0F, 0x00, 0xE0, 0x1F, 0x00
    .byte   0x00, 0x01, 0xF0, 0x0F, 0x0F, 0xFF, 0xFF,  -12, 0x00, 0xFF, 0x0F, 0xF0, 0xFF, 0xF0, 0x11, 0x00
    .byte   0x12, 0x1F, 0x11, 0x21, 0xF0, 0x12, 0x1F, 0x02, 0x01, 0x10, 0x21, 0x21, 0xF0, 0x02, 0x1E, 0x10
    .byte   0x2F, 0xE0, 0x10, 0x0F, 0xE1, 0xFF, 0xFF, 0xFF,    6, 0x00, 0x1F, 0xFF, 0xF1, 0x1F, 0xE1, 0x01
    .byte   0x0E, 0x01, 0x00, 0xEF, 0x10, 0x11, 0xE1, 0x01, 0x1F, 0x0E, 0x2F, 0x0E, 0x00, 0x10, 0xE0, 0xF1
    .byte   0x00, 0xEF, 0x11, 0x0F, 0xF1, 0x21, 0x0F, 0x02, 0x20,   -5, 0x0F, 0x02, 0x2F, 0xFF, 0x22, 0x0F
    .byte   0x00, 0x23, 0xEF, 0xE2, 0x20, 0xEF, 0x12, 0xFE, 0x00, 0x10, 0x0E, 0xF0, 0x10, 0xFE, 0x01, 0x1F
    .byte   0x0E, 0x02, 0x00, 0xEF, 0x02, 0x0E, 0xF0, 0x11, 0xEF, 0xF1,   -3, 0x00, 0xFF, 0x01, 0x10, 0xE1
    .byte   0x11, 0x0E, 0xF0, 0x10, 0xFE, 0x00, 0x10, 0x0E, 0x10, 0x10, 0xFF, 0x11, 0x11, 0x10, 0x21, 0x11
    .byte   0x01, 0x12, 0x10, 0xE2, 0x11, 0x00, 0x11, 0x22, 0xFF, 0xE2, 0x20,   12, 0x00, 0x12, 0xFE, 0xFF
    .byte   0x20, 0xEF, 0xFF, 0x11, 0xFE, 0x01, 0x11, 0xEE, 0x21, 0x0F, 0xFF, 0x10, 0xFF, 0xF0, 0x1F, 0xFF
    .byte   0xF0, 0x1F, 0xFF, 0x10, 0x0F, 0x00, 0xFF, 0x00, 0x0F, 0xF0, 0x1F, 0x0F,  -12, 0x00, 0xF0, 0x1F
    .byte   0xFF, 0x02, 0x00, 0xF0, 0x20, 0x02, 0x00, 0x12, 0x1F, 0x00, 0x21, 0xE1, 0x21, 0x10, 0x20, 0xFE
    .byte   0x22, 0xFE, 0x01, 0x2F, 0xEF, 0x11, 0xFF, 0xFF, 0xF0, 0x1F, 0xE0, 0x01, 0x1E,    2, 0x00, 0x01
    .byte   0xF0, 0xF0, 0x10, 0xFF, 0xF0, 0x1F, 0xFF, 0xF0, 0x00, 0xF0, 0xF0, 0x10, 0x0F, 0x0F, 0x0F, 0x0F
    .byte   0xF1, 0x00, 0xFF, 0x00, 0x1F, 0xFF, 0x01, 0x1F, 0x11, 0x11, 0x01, 0x02, 0x10, 0x01,    0, 0x02
    .byte   0xFF, 0x11, 0x10, 0x00, 0x12, 0x2E, 0xF0, 0x21, 0x0E, 0x01, 0x20, 0xE0, 0xF1, 0x00, 0x0E, 0xF0
    .byte   0x11, 0xEF, 0xF1, 0x11, 0xE0, 0xF2, 0xF0, 0x0E, 0xF2, 0xF0, 0xFE, 0x2F, 0xFF, 0xF0, 0x01,   -3
    .byte   0x0F, 0xF0, 0x00, 0x0F, 0xF0, 0x00, 0x0F, 0xF1, 0x00, 0xFF, 0x01, 0xFF, 0xF0, 0x11, 0xF0, 0x02
    .byte   0x1F, 0x1F, 0x21, 0xF0, 0x01, 0x20, 0x10, 0x01, 0x01, 0x10, 0x01, 0x21, 0xEF, 0x02, 0x1F, 0xFF
    .byte     11, 0x00, 0xF0, 0x00, 0x0F, 0x00, 0x0E, 0x01, 0x0F, 0xFF, 0x01, 0x0F, 0xFF, 0x10, 0xF1, 0xF0
    .byte   0xFF, 0x1F, 0x0E, 0x2F, 0xFF, 0xFF, 0x10, 0x00, 0xF0, 0x00, 0x00, 0xF0, 0x1F, 0x00, 0x00, 0x0F
    .byte   0x11,   -8, 0x00, 0x00, 0x1F, 0x00, 0x11, 0xF1, 0x10, 0x11, 0x00, 0x11, 0x01, 0x10, 0x01, 0x11
    .byte   0x0F, 0x00, 0x20, 0x1F, 0x00, 0x02, 0x0F, 0xFF, 0x11, 0xF1, 0xFF, 0x01, 0x00, 0xE0, 0x00, 0x1F
    .byte   0xFF, 0xF0,    2, 0x00, 0xFF, 0x00, 0x00, 0xFF, 0x00, 0x1F, 0xFF, 0x00, 0x00, 0x00, 0xFF, 0x10
    .byte   0x00, 0xF1, 0xF0, 0x00, 0x01, 0xF0, 0x00, 0x1F, 0x01, 0x01, 0xF0, 0x00, 0x10, 0x1F, 0x1F, 0x02
    .byte   0x0F, 0x01, 0x11,    2, 0x0F, 0x01, 0x01, 0x01, 0xF0, 0x10, 0x11, 0x0F, 0x01, 0x10, 0x00, 0xF1
    .byte   0x00, 0x00, 0xFF, 0x10, 0x00, 0xF0, 0xF0, 0x00, 0xFF, 0x0F, 0x0F, 0x0F, 0x00, 0x1F, 0x0F, 0x00
    .byte   0x00, 0xF0, 0x0F, 0xF0,   -4, 0x00, 0x00, 0x0F, 0x00, 0x01, 0xF0, 0x01, 0x00, 0x00, 0x01, 0xF1
    .byte   0xF1, 0x1F, 0x00, 0x10, 0x01, 0x0F, 0x11, 0xF1, 0xF1, 0x01, 0x10, 0xF1, 0x00, 0x00, 0x11, 0xF0
    .byte   0x00, 0x10, 0x01, 0x0F, 0x00,    5, 0x00, 0xF0, 0x00, 0xF0, 0x1F, 0x00, 0xF0, 0x00, 0xFF, 0x1F
    .byte   0x0F, 0x01, 0x0F, 0x0F, 0x1F, 0x10, 0xFF, 0x00, 0x11, 0xFF, 0x00, 0x01, 0x0F, 0xF0, 0x11, 0x1F
    .byte   0x0F, 0x10, 0x00, 0x1F, 0xF1, 0x01,   -1, 0x00, 0x00, 0x00, 0x11, 0xF0, 0xF1, 0x10, 0x1F, 0xF0
    .byte   0x11, 0x01, 0xF0, 0xF1, 0x00, 0x01, 0xF0, 0x00, 0x1F, 0x1F, 0xF0, 0x01, 0x10, 0xFF, 0x00, 0x10
    .byte   0xF0, 0xF1, 0xF0, 0x00, 0xF0, 0x1F, 0x1F,   -1, 0x00, 0xF1, 0xF1, 0xF1, 0xF1, 0xF1, 0x00, 0xF0
    .byte   0x01, 0x0F, 0x1F, 0x01, 0x1F, 0x00, 0x10, 0x00, 0x00, 0xF1, 0x00, 0x00, 0x0F, 0x10, 0x01, 0xF0
    .byte   0x00, 0x1F, 0x10, 0xF1, 0xF1, 0x00, 0x0F, 0x10,    2, 0x0F, 0x01, 0xFF, 0x00, 0x1F, 0x10, 0x00
    .byte   0x00, 0x00, 0xF1, 0xF0, 0x1F, 0x00, 0x00, 0x00, 0x1F, 0x0F, 0x10, 0xF0, 0x01, 0xF0, 0x10, 0xF0
    .byte   0x00, 0x01, 0xF1, 0x00, 0x0F, 0x01, 0x00, 0xF0, 0x1F,    0, 0x00, 0x0F, 0x10, 0x1F, 0x0F, 0x1F
    .byte   0x1F, 0x10, 0x1F, 0x0F, 0x01, 0x01, 0xF0, 0x00, 0x01, 0xF0, 0xF1, 0x00, 0x10, 0xF1, 0xF0, 0x1F
    .byte   0x00, 0x1F, 0x00, 0x00, 0x00, 0x1F, 0x00, 0x10, 0x0F, 0x00,    0, 0x00, 0x00, 0x00, 0x00, 0x1F
    .byte   0x00, 0x01, 0xF0, 0xF1, 0x00, 0xF1, 0x00, 0x00, 0xF1, 0x00, 0xF1, 0x00, 0xF1, 0x00, 0x00, 0xF0
    .byte   0x10, 0x00, 0xF1, 0x0F, 0x10, 0xF1, 0x01, 0x0F, 0x00, 0x00, 0x00,    0, 0x00, 0x01, 0xF0, 0x1F
    .byte   0x00, 0xF1, 0xF1, 0x00, 0x01, 0xF0, 0x00, 0x01, 0xF0, 0x00, 0x10, 0x0F, 0x00, 0x10, 0xF0, 0x01
    .byte   0x0F, 0x01, 0xF0, 0x10, 0xF0, 0x00, 0x00, 0xF0, 0x01, 0x00, 0x00, 0x00,    0, 0x00, 0x0F, 0x00
    .byte   0x10, 0x00, 0x00, 0x1F, 0x00, 0xF1, 0x00, 0x00, 0xF1, 0xF1, 0x00, 0x00, 0x00, 0x00, 0x0F, 0x10
    .byte   0x0F, 0x10, 0x00, 0xF1, 0x01, 0xF0, 0x00, 0xF1, 0x1F, 0x01, 0xF0, 0x00, 0x1F,    0, 0x00, 0x00
    .byte   0x00, 0x1F, 0x1F, 0x00, 0x00, 0x01, 0xF1, 0xF0, 0xF0, 0x10, 0x00, 0x01, 0xF0, 0xF1, 0x00, 0x00
    .byte   0xF1, 0x00, 0x01, 0x0F, 0x00, 0x1F, 0x00, 0x00, 0x0F, 0x10, 0xF1, 0x00, 0x00, 0xF1,    0, 0x00
    .byte   0x0F, 0x10, 0x00, 0x00, 0xF1, 0x00, 0xF1, 0x00, 0x00, 0x00, 0x00, 0x00, 0x0F, 0x11, 0xF0, 0xF1
    .byte   0xF0, 0x10, 0x00, 0x00, 0x00, 0x0F, 0x10, 0x00, 0x10, 0xF0, 0x00, 0x1F, 0x00, 0x00, 0x01,    0
    .byte   0x00, 0x00, 0xF1, 0x00, 0x1F, 0x01, 0xF0, 0x00, 0x01, 0xF0, 0xF1, 0x00, 0x1F, 0xF1, 0x00, 0x1F
    .byte   0x00, 0x00, 0x00, 0x00, 0x00, 0x00, 0x00, 0x00, 0x01, 0x0F, 0x00, 0x00, 0x1F, 0x00, 0x00, 0x0F
    .byte      0, 0x00, 0x00, 0xF1, 0x01, 0xF0, 0x00, 0x0F, 0x11, 0x0F, 0x1F, 0x10, 0x0F, 0x00, 0x01, 0xFF
    .byte   0x10, 0x0F, 0x01, 0x00, 0x01, 0xF0, 0x01, 0xF0, 0x00, 0x00, 0x00, 0x00, 0x00, 0x00, 0x00, 0x01
    .byte   0x0F,    0, 0x00, 0x00, 0x1F, 0x00, 0x1F, 0x01, 0xFF, 0x10, 0x00, 0x0F, 0x10, 0xF0, 0x10, 0x00
    .byte   0xF1, 0x0F, 0x10, 0x00, 0x00, 0xF1, 0x01, 0xF0, 0x00, 0x00, 0xF1, 0xF1, 0x00, 0x1F, 0x00, 0x00
    .byte   0xF0, 0x1F,    0, 0x01, 0xF0, 0x00, 0x00, 0x0F, 0x10, 0x00, 0x1F, 0x00, 0x01, 0xF0, 0x01, 0x00
    .byte   0xFF, 0x10, 0x0F, 0x10, 0x00, 0xF1, 0x00, 0x00, 0x00, 0x00, 0x0F, 0x10, 0x0F, 0x11, 0xF1, 0xF0
    .byte   0x1F, 0x00, 0x00,    0, 0x0F, 0x10, 0x00, 0x00, 0x01, 0xF0, 0xF1, 0x00, 0x00, 0x00, 0x00, 0x00
    .byte   0x00, 0x00, 0x00, 0x00, 0x1F, 0x00, 0x00, 0x01, 0xF1, 0xF0, 0x00, 0x1F, 0x00, 0x0F, 0x10, 0x1F
    .byte   0x00, 0x00, 0x1F, 0x00,    0, 0x00, 0x00, 0x00, 0xF0, 0x10, 0x00, 0x01, 0xF0, 0x01, 0x0F, 0x00
    .byte   0x00, 0x0F, 0x10, 0x00, 0x00, 0x00, 0x00, 0xF1, 0x0F, 0x10, 0x00, 0x00, 0x00, 0x1F, 0x01, 0xFF
    .byte   0x10, 0x00, 0x00, 0x00, 0x00,   -1, 0x01, 0x10, 0x0F, 0x00, 0xF0, 0x10, 0xF1, 0x00, 0x00, 0xF1
    .byte   0x00, 0x1F, 0x0F, 0x11, 0xF0, 0x00, 0x00, 0xF1, 0x10, 0xF0, 0x10, 0xF0, 0x01, 0xFF, 0x10, 0x1F
    .byte   0x0F, 0x01, 0xF1, 0x1F, 0x00, 0x00,    0, 0x00, 0x1F, 0x0F, 0x10, 0x01, 0xF1, 0xF0, 0x00, 0x1F
    .byte   0x00, 0x00, 0x00, 0x00, 0x00, 0x01, 0xF0, 0x00, 0x00, 0x00, 0xF1, 0x00, 0x1F, 0x0F, 0x10, 0x00
    .byte   0x00, 0x00, 0x00, 0x00, 0x00, 0x10, 0xF0,    0, 0x00, 0x00, 0x00, 0xF1, 0xF1, 0x10, 0xF0, 0xF0
    .byte   0x11, 0x0F, 0xF1, 0x1F, 0x10, 0xF0, 0x0F, 0x11, 0x0F, 0x00, 0x01, 0xF0, 0x00, 0xF1, 0x00, 0x00
    .byte   0x0F, 0x1F, 0x11, 0xFF, 0x01, 0x00, 0x0F, 0x1F,    0, 0x01, 0x1F, 0xFF, 0x11, 0x00, 0xFF, 0x01
    .byte   0x01, 0x0F, 0xF0, 0x11, 0x10, 0xEF, 0x11, 0x11, 0xFF, 0xF1, 0x2F, 0xFF, 0xF1, 0x1F, 0x10, 0xE1
    .byte   0x11, 0x0F, 0xF0, 0x11, 0x01, 0xF0, 0x01, 0x1F, 0xF0,    0, 0x00, 0x10, 0xF0, 0x0F, 0x10, 0xF0
    .byte   0x1F, 0x10, 0x0F, 0x01, 0x0F, 0x01, 0x01, 0x0F, 0xF2, 0xFF, 0xFF, 0xF0, 0x22, 0xEE, 0x10, 0x12
    .byte   0xEF, 0xFF, 0x02, 0xFF, 0x0E, 0x12, 0x11, 0x0E, 0x2E, 0x22,   -1, 0x01, 0x0E, 0x3E, 0x10, 0xFE
    .byte   0x12, 0xFF, 0xFE, 0x12, 0xF0, 0xFF, 0x10, 0x20, 0x1F, 0xE1, 0x11, 0x10, 0xE1, 0xF2, 0x0E, 0x2E
    .byte   0xF2, 0xFF, 0x2D, 0x22, 0xE2, 0x0E, 0x10, 0x11, 0x01, 0xE2, 0xE1,   -1, 0x02, 0xEE, 0x3D, 0x21
    .byte   0xE3, 0xEE, 0x3E, 0xE3, 0xD0, 0x2E, 0x20, 0xF0, 0xFF, 0x22, 0xD2, 0x0D, 0x3F, 0xE3, 0xDF, 0x20
    .byte   0x2F, 0xD2, 0x0E, 0x4C, 0x3F, 0xC5, 0xC3, 0x1C, 0x4D, 0x13, 0xD3, 0xED,    3, 0x0E, 0x23, 0xC2
    .byte   0x2C, 0x5D, 0xC5, 0xB2, 0x4C, 0x3F, 0xFE, 0x22, 0xD3, 0xEE, 0x4C, 0x23, 0xD2, 0xE2, 0xD3, 0x0C
    .byte   0x5C, 0xE4, 0xB5, 0xED, 0x21, 0xFE, 0x4C, 0x3E, 0xD4, 0xD3, 0xED, 0x3C, 0x42,   -3, 0x03, 0xC3
    .byte   0xF2, 0x2E, 0x1C, 0x32, 0x13, 0xC2, 0x1E, 0x4C, 0x4C, 0xD4, 0xD3, 0x3D, 0xD3, 0xD3, 0x3D, 0xD3
    .byte   0xC3, 0x4D, 0xFE, 0xFE, 0x42, 0xC3, 0xEC, 0x5E, 0xD3, 0xCF, 0x4E, 0x13, 0xC2, 0xF2,    4, 0x01
    .byte   0x1C, 0x3E, 0x23, 0xD3, 0xC3, 0x1E, 0x4C, 0xF2, 0xD3, 0x2D, 0x20, 0xE2, 0x12, 0xD3, 0xD0, 0x2F
    .byte   0x2F, 0xE2, 0x0E, 0x3D, 0x2F, 0xE2, 0xF0, 0x0F, 0x01, 0xE3, 0xEE, 0x20, 0xE2, 0xE1, 0x2E,    5
    .byte   0x0D, 0x3D, 0x3F, 0xD4, 0xC2, 0xFE, 0x3E, 0x2D, 0x3E, 0x13, 0xDF, 0x01, 0xD4, 0xED, 0x3D, 0xF4
    .byte   0xEF, 0xFE, 0xE1, 0x3D, 0x3E, 0xD3, 0x0F, 0x3D, 0xEF, 0x2E, 0x33, 0xB4, 0xDF, 0x4D, 0x1E, 0x0E
    .byte     -3, 0x04, 0xC4, 0xCE, 0x3E, 0x3D, 0x3C, 0x3F, 0xE4, 0xD0, 0xE1, 0x01, 0x2E, 0xF0, 0xD4, 0xD0
    .byte   0x4B, 0x5C, 0xE5, 0xB3, 0xEF, 0x02, 0x1F, 0x2D, 0x3D, 0x3D, 0x22, 0xC4, 0xEE, 0x3D, 0x2F, 0x1F
    .byte   0xE4,   -6, 0x04, 0xC2, 0x2D, 0x4C, 0x4D, 0xD4, 0xC4, 0xDF, 0x3C, 0x31, 0xF2, 0x0D, 0x3D, 0x3F
    .byte   0xE2, 0xFE, 0x12, 0xF0, 0xFE, 0x12, 0xE2, 0xFF, 0x10, 0x02, 0xEF, 0x0F, 0xF3, 0xED, 0x4C, 0x32
    .byte   0xC5, 0xB3,    1, 0x0F, 0x11, 0x1D, 0x3E, 0x03, 0xC4, 0xC3, 0x2C, 0x5B, 0x4E, 0xE4, 0xB4, 0x1C
    .byte   0x4D, 0x04, 0xB5, 0xDD, 0x4C, 0x4D, 0xE3, 0xC3, 0x3B, 0x6B, 0x23, 0xC4, 0xC4, 0xDE, 0x3E, 0x03
    .byte   0xC4, 0xDE, 0x4C,    9, 0x0C, 0x31, 0xD3, 0xE2, 0xD3, 0xE1, 0x12, 0xD2, 0xFF, 0x3C, 0x4C, 0x4D
    .byte   0x20, 0xF1, 0xE0, 0x2E, 0x20, 0xD3, 0xD3, 0xE3, 0xD1, 0xF1, 0x2D, 0x4C, 0x22, 0xD4, 0xD0, 0x3C
    .byte   0x04, 0xC4, 0xDE, 0x3D,    1, 0x0F, 0x00, 0x2D, 0x3D, 0x3F, 0xD4, 0xC3, 0xEE, 0x4C, 0x3F, 0xD4
    .byte   0xB5, 0xC3, 0xFE, 0x2F, 0xE3, 0xD0, 0x3C, 0x4D, 0xF3, 0xD3, 0xFC, 0x5B, 0x41, 0xC5, 0xB3, 0x2D
    .byte   0x4D, 0xE3, 0xC4, 0xD1, 0x3C,   10, 0x0C, 0x31, 0xD3, 0xD2, 0x02, 0x1E, 0x2D, 0x21, 0xF2, 0xE0
    .byte   0x0E, 0x20, 0x12, 0xD2, 0x2D, 0x4D, 0x01, 0xE2, 0xD4, 0xC3, 0x1D, 0x3E, 0x10, 0x0F, 0x00, 0x12
    .byte   0xD3, 0xD3, 0xD1, 0x3D, 0x21, 0xFF,    2, 0x0D, 0x4C, 0x4D, 0xE3, 0xC4, 0xEE, 0x3C, 0x4D, 0x13
    .byte   0xC4, 0xD1, 0xF3, 0xC4, 0xDF, 0x3D, 0x22, 0xD2, 0x1E, 0x2E, 0x3D, 0x22, 0xD2, 0x3C, 0x4C, 0x23
    .byte   0xC4, 0xD3, 0xED, 0x4C, 0x23, 0xC4, 0xD3,    4, 0x0D, 0x3E, 0xE3, 0xD2, 0x3B, 0x5C, 0x33, 0xB5
    .byte   0xB4, 0x0D, 0x4C, 0x30, 0xD4, 0xDE, 0x4B, 0x5B, 0x4E, 0xF3, 0xC4, 0xC4, 0xD2, 0xE0, 0x2E, 0x2E
    .byte   0x1E, 0x3D, 0x22, 0xE2, 0xE2, 0xD4, 0xC2, 0x2D,    5, 0x0D, 0x3D, 0x3D, 0x13, 0xC4, 0xEE, 0x3D
    .byte   0x02, 0xD4, 0xC4, 0xDD, 0x4C, 0x4E, 0xC5, 0xB4, 0x1D, 0x4C, 0x23, 0xC4, 0xDE, 0x4B, 0x5C, 0x30
    .byte   0xC5, 0xB3, 0x3C, 0x4E, 0xD4, 0xC4, 0xDF, 0x3C, 0x4D,   -6, 0x04, 0xC3, 0xFD, 0x4C, 0x32, 0xC4
    .byte   0xD1, 0x3C, 0x4D, 0xE4, 0xB5, 0xC3, 0x1C, 0x5B, 0x4F, 0xD3, 0xEE, 0x3D, 0x3F, 0xD4, 0xC4, 0xDD
    .byte   0x4C, 0x4D, 0xE4, 0xB5, 0xC1, 0x3D, 0x3D, 0x12, 0xE3, 0xDF,    5, 0x0D, 0x13, 0xC4, 0xD2, 0x1D
    .byte   0x4C, 0x4C, 0x23, 0xD2, 0x2D, 0x3E, 0xE3, 0xD1, 0x2D, 0x3E, 0x22, 0xD3, 0xC4, 0xDF, 0x3D, 0x3D
    .byte   0x20, 0x00, 0x2D, 0x3E, 0xE4, 0xB5, 0xB4, 0x2B, 0x6A, 0x5D, 0xD5,   -7, 0x03, 0x1E, 0x1F, 0xF2
    .byte   0xE2, 0x0D, 0x4C, 0x31, 0xD3, 0xEF, 0x10, 0x1F, 0xF3, 0xC4, 0xC4, 0xD0, 0x2D, 0x4C, 0x31, 0xD4
    .byte   0xC2, 0x3C, 0x5B, 0x30, 0xE3, 0xD3, 0xD2, 0xF1, 0x2E, 0x1F, 0x11, 0xE3,   -2, 0x02, 0xE2, 0xE0
    .byte   0x3C, 0x4D, 0x12, 0xD3, 0xD3, 0xFD, 0x4C, 0x3F, 0xE3, 0xC4, 0xD2, 0x1E, 0x2E, 0x12, 0xE1, 0x1E
    .byte   0x11, 0xE3, 0xD2, 0x1E, 0x3D, 0x3D, 0x22, 0xD3, 0xD3, 0xD3, 0xEE, 0x3D, 0x2F,    3, 0x0E, 0x01
    .byte   0xE3, 0xD2, 0xE2, 0xF0, 0x2D, 0x4C, 0x3E, 0xE3, 0xD3, 0xE0, 0xF1, 0x1F, 0xF1, 0xE3, 0xD3, 0xFD
    .byte   0x3D, 0x3D, 0x22, 0xD3, 0xD3, 0x0E, 0x2E, 0x01, 0x01, 0x0F, 0x1E, 0x22, 0xD3, 0xD3,   -3, 0x02
    .byte   0x0F, 0x2D, 0x3D, 0x3E, 0x01, 0xE2, 0xE2, 0xE2, 0xFF, 0x2D, 0x31, 0xD3, 0xD2, 0x2E, 0x2E, 0x2E
    .byte   0x02, 0xE0, 0x2E, 0x2D, 0x3E, 0x02, 0xE3, 0xC4, 0xD1, 0x2D, 0x3D, 0x21, 0xF2, 0xE2, 0xFE,    1
    .byte   0x0F, 0x1F, 0x1F, 0x01, 0xE3, 0xE0, 0xE2, 0xFE, 0x3D, 0x3D, 0x03, 0xD2, 0xF0, 0x2D, 0x3E, 0x11
    .byte   0xE1, 0x01, 0x0F, 0x2D, 0x3E, 0x02, 0xE1, 0x1E, 0x20, 0xE3, 0xD2, 0xFF, 0x2E, 0x2E, 0x2E, 0x11
    .byte     -5, 0x03, 0xD1, 0x2F, 0x11, 0x1E, 0x2E, 0x2F, 0xF2, 0xD3, 0xD3, 0xE0, 0x1E, 0x2E, 0x2E, 0x3C
    .byte   0x4D, 0x03, 0xD3, 0xD2, 0xE2, 0x0E, 0x3D, 0x2F, 0xF1, 0xF0, 0xF2, 0xE2, 0xE2, 0xE2, 0x0E, 0x3C
    .byte   0x4D,    1, 0x00, 0xE3, 0xC4, 0xC4, 0xEE, 0x3D, 0x2D, 0x4C, 0x3F, 0xE3, 0xD3, 0xD2, 0x1E, 0x2F
    .byte   0x01, 0x0E, 0x2E, 0x2D, 0x3E, 0x12, 0xD3, 0xD3, 0xE1, 0x1E, 0x20, 0xF0, 0x1E, 0x2F, 0x00, 0xF1
    .byte   0x0F, 0x2E,    2, 0x0E, 0x2E, 0x20, 0xE2, 0xE1, 0xE3, 0xD3, 0xEF, 0x2D, 0x3D, 0x3E, 0xF3, 0xD2
    .byte   0x0F, 0xE3, 0xD2, 0x1E, 0x2E, 0x2E, 0x2E, 0x11, 0x1E, 0x20, 0xD4, 0xC3, 0x0E, 0x3C, 0x4D, 0x3E
    .byte   0xD4, 0xC4, 0xC3,   -1, 0x01, 0x2D, 0x3D, 0x3D, 0x21, 0xE3, 0xD3, 0xEE, 0x3D, 0x2F, 0xF2, 0xE2
    .byte   0xE0, 0x1F, 0xF2, 0xE2, 0xE1, 0x1E, 0x3D, 0x3E, 0x00, 0xE3, 0xD3, 0xD2, 0x0F, 0x0F, 0x2E, 0x2E
    .byte   0x0F, 0xF2, 0xE3, 0xD2,    4, 0x0D, 0x3D, 0x3E, 0x00, 0xE3, 0xD3, 0xEE, 0x2E, 0x2E, 0x2F, 0x01
    .byte   0xE2, 0xE2, 0xF0, 0xF0, 0x2E, 0x2E, 0x1F, 0x10, 0x1E, 0x2E, 0x12, 0xE2, 0xF0, 0xF0, 0x1E, 0x20
    .byte   0xF0, 0xF1, 0xF2, 0xE2, 0xEF,    3, 0x0E, 0x2E, 0x02, 0xE1, 0xF1, 0x0F, 0x1F, 0x1F, 0x2E, 0x2E
    .byte   0x00, 0xF2, 0xE2, 0xE1, 0x10, 0x10, 0xF0, 0xF2, 0xE1, 0xFF, 0x10, 0x2D, 0x3D, 0x3E, 0xE3, 0xD3
    .byte   0xD2, 0x1E, 0x3D, 0x20, 0xF2, 0xE1,    2, 0x0D, 0x3D, 0x3E, 0x12, 0xD3, 0xD3, 0xD3, 0xFE, 0x2E
    .byte   0x2E, 0x2E, 0x2E, 0x2F, 0xF2, 0xD3, 0xD3, 0xD2, 0x2D, 0x3D, 0x3E, 0x2E, 0x1F, 0xE3, 0xE1, 0xF0
    .byte   0x0F, 0x02, 0xE2, 0xEE, 0x3D, 0x3E, 0xF2,   -2, 0x00, 0x2F, 0x11, 0xD3, 0xD3, 0xE0, 0x2D, 0x3D
    .byte   0x3E, 0x02, 0xD3, 0xE1, 0x11, 0xE2, 0xE1, 0x2E, 0x2E, 0x1F, 0x02, 0xE1, 0x0E, 0x3D, 0x20, 0xFF
    .byte   0x1F, 0x2E, 0x21, 0xD3, 0xD3, 0xE2, 0x1D, 0x3D,    6, 0x0D, 0x12, 0xE1, 0xF2, 0xE3, 0xD2, 0xE0
    .byte   0x3C, 0x4D, 0x3E, 0xD4, 0xC4, 0xC2, 0x2D, 0x4C, 0x3E, 0xF3, 0xD2, 0xF0, 0xF2, 0xE1, 0xFF, 0x3D
    .byte   0x3D, 0x11, 0xE3, 0xD3, 0xEF, 0x00, 0x01, 0x1E, 0x2E,    1, 0x0F, 0x11, 0xE2, 0xE2, 0xE2, 0x0E
    .byte   0x0F, 0x2F, 0x11, 0xE1, 0x01, 0xF2, 0xE2, 0xD2, 0x0F, 0x3D, 0x2E, 0x03, 0xD2, 0x1E, 0x02, 0xE2
    .byte   0xFF, 0x1E, 0x3D, 0x12, 0xE0, 0x2E, 0x10, 0x01, 0xF2, 0xE1,    0, 0x01, 0xFE, 0x21, 0x1E, 0x21
    .byte   0xE2, 0xD3, 0xFE, 0x2D, 0x3F, 0xE2, 0xF1, 0xE2, 0x1E, 0x2F, 0x0F, 0x1F, 0xF2, 0xE1, 0xE2, 0x0F
    .byte   0x2E, 0x1F, 0x01, 0xF2, 0xE1, 0x0E, 0x3D, 0x3E, 0xF1, 0xE2, 0x01,    2, 0x0E, 0x1E, 0x22, 0xF0
    .byte   0xFE, 0x11, 0x02, 0xE2, 0xEF, 0x20, 0x2D, 0x11, 0x01, 0xE3, 0xE0, 0x0E, 0x2F, 0x10, 0x10, 0xE1
    .byte   0x01, 0x01, 0xFF, 0x00, 0x1F, 0x2E, 0x1F, 0x02, 0xE2, 0xE0, 0xF0, 0x2F,    0, 0x00, 0x01, 0xF1
    .byte   0xF0, 0xF0, 0x00, 0x1F, 0x11, 0x00, 0xF1, 0xF1, 0xFF, 0x10, 0x1F, 0x0F, 0x11, 0xE2, 0xE1, 0x10
    .byte   0x2E, 0x1F, 0xF1, 0x11, 0x1F, 0xFF, 0x10, 0x11, 0xFF, 0xFF, 0x12, 0xE2, 0xEE,    0, 0x0F, 0x11
    .byte   0x00, 0xFF, 0x02, 0xE1, 0xFF, 0x10, 0x11, 0x00, 0xF0, 0xF0, 0x2E, 0x2E, 0x00, 0x02, 0xE2, 0xEF
    .byte   0x1F, 0x2F, 0x0F, 0xF0, 0xF2, 0xF0, 0xFF, 0x10, 0x1F, 0x1F, 0x00, 0x01, 0xF0, 0x00,    0, 0x01
    .byte   0x0F, 0x0F, 0x01, 0x0F, 0x0F, 0x01, 0x11, 0x0F, 0x1F, 0x11, 0xF1, 0xE1, 0x01, 0x10, 0x1F, 0xFF
    .byte   0xF2, 0x00, 0xFE, 0x11, 0x11, 0x0F, 0x0F, 0x11, 0x01, 0xFF, 0x01, 0x0F, 0x01, 0xFF, 0x00,    0
    .byte   0x0F, 0x00, 0x00, 0x11, 0x0F, 0x0F, 0x11, 0x10, 0x0F, 0xFF, 0x10, 0x10, 0xFF, 0xF0, 0x20, 0xFF
    .byte   0xF0, 0x01, 0x10, 0x0F, 0xF1, 0x01, 0x10, 0xEF, 0x10, 0x20, 0x0E, 0x01, 0x11, 0x11, 0xE0, 0x0F
    .byte      0, 0x01, 0x00, 0xFF, 0x00, 0x11, 0x0F, 0xFF, 0x11, 0x1F, 0x1F, 0xF0, 0x01, 0x10, 0x0F, 0x1F
    .byte   0x10, 0x00, 0xFF, 0xF1, 0x01, 0x01, 0xFF, 0x01, 0x11, 0x0F, 0xFF, 0x00, 0x11, 0x1F, 0xFF, 0xF1
    .byte   0x11,    1, 0x0E, 0x00, 0x12, 0x0F, 0x0F, 0x00, 0x1F, 0x00, 0xFF, 0x11, 0x00, 0x0F, 0x00, 0x01
    .byte   0x00, 0x00, 0x00, 0x00, 0x00, 0x01, 0x10, 0xF0, 0xFF, 0x00, 0x1F, 0xFF, 0x11, 0x10, 0x0F, 0x10
    .byte   0xF2, 0xFF,    0, 0x0F, 0x01, 0x11, 0x0E, 0x00, 0x11, 0x10, 0xE0, 0x11, 0x11, 0x0F, 0x0F, 0x01
    .byte   0x11, 0xFF, 0xFF, 0x11, 0x10, 0xFF, 0xF0, 0x11, 0x00, 0x0F, 0x11, 0x1F, 0xF0, 0xF0, 0x01, 0x0F
    .byte   0x01, 0x01, 0x00,    1, 0x0F, 0x00, 0x10, 0xF0, 0x00, 0x00, 0x00, 0x00, 0x0F, 0x10, 0xF0, 0x01
    .byte   0x01, 0x0F, 0x00, 0x01, 0x0F, 0x00, 0x00, 0x01, 0xF1, 0xE1, 0x11, 0x10, 0x0F, 0xF0, 0x02, 0xFF
    .byte   0xFF, 0x01, 0x10, 0x0F,   -1, 0x00, 0x01, 0x00, 0x0F, 0x00, 0x11, 0x01, 0xFF, 0xF0, 0x11, 0x00
    .byte   0xFF, 0x01, 0x01, 0x0F, 0xF0, 0x00, 0x11, 0xF0, 0xF0, 0x11, 0x00, 0xF0, 0x00, 0x00, 0xF1, 0xF0
    .byte   0x10, 0x1F, 0x1F, 0x1F, 0x00,    0, 0x00, 0x00, 0x1F, 0x00, 0x00, 0xF1, 0x0F, 0x10, 0x00, 0x01
    .byte   0x0F, 0x1F, 0xF1, 0x00, 0x10, 0xF0, 0x1F, 0x00, 0x1F, 0x0F, 0x1F, 0x01, 0x00, 0x1F, 0x00, 0x00
    .byte   0x1F, 0x0F, 0x01, 0x01, 0xF0, 0x00,    0, 0x00, 0x1F, 0x1F, 0x00, 0x1F, 0x0F, 0x1F, 0x01, 0x00
    .byte   0x00, 0x00, 0x00, 0x00, 0x01, 0xF0, 0x00, 0x00, 0x00, 0x00, 0x0F, 0x10, 0x00, 0x00, 0x00, 0x00
    .byte   0x0F, 0x1F, 0x10, 0x0F, 0x11, 0x0F, 0x10,    0, 0x00, 0x00, 0x00, 0x00, 0x00, 0x00, 0x00, 0x0F
    .byte   0x10, 0x00, 0xF1, 0x00, 0x00, 0x00, 0x00, 0xF1, 0x00, 0x00, 0x01, 0xF0, 0x1F, 0x00, 0x00, 0x00
    .byte   0x00, 0xF1, 0x01, 0xF0, 0x01, 0x0F, 0x1F, 0x1F,    0, 0x00, 0x1F, 0x01, 0xF0, 0x00, 0x10, 0xF0
    .byte   0x00, 0x0F, 0x11, 0xF0, 0x00, 0xF1, 0xF1, 0x1F, 0x00, 0x00, 0x00, 0x00, 0x00, 0x00, 0x01, 0xF0
    .byte   0x00, 0x00, 0x10, 0x0F, 0x01, 0xFF, 0x10, 0x00, 0xF1,    0, 0x00, 0x1F, 0x00, 0xF1, 0x0F, 0x1F
    .byte   0x1F, 0x10, 0x01, 0xF1, 0xF0, 0xF1, 0x00, 0x1F, 0x00, 0xF1, 0x01, 0xF0, 0x00, 0x00, 0x0F, 0x10
    .byte   0x00, 0x00, 0x10, 0xF0, 0x00, 0x1F, 0xF1, 0x00, 0x00, 0x00,    0, 0x00, 0x1F, 0x00, 0x01, 0xF0
    .byte   0x01, 0xF1, 0xF0, 0x1F, 0xF1, 0xF0, 0x10, 0x00, 0x00, 0x01, 0xF0, 0xF1, 0x00, 0x00, 0x00, 0x00
    .byte   0x1F, 0x00, 0x1F, 0x00, 0x00, 0x00, 0x00, 0x00, 0x1F, 0x00, 0x0F,    0, 0x00, 0x00, 0x00, 0x10
    .byte   0xF0, 0x00, 0xF1, 0x1F, 0x0F, 0x11, 0xF1, 0xF0, 0x00, 0x01, 0xF0, 0x1F, 0x10, 0xF0, 0x00, 0x1F
    .byte   0x01, 0xF0, 0xF1, 0x0F, 0x01, 0x0F, 0x10, 0x1F, 0xF1, 0x00, 0x00, 0x1F,   -1, 0x01, 0x00, 0x00
    .byte   0x01, 0x0F, 0x1F, 0x00, 0x0F, 0x10, 0x0F, 0x10, 0x00, 0x01, 0xF1, 0x0F, 0x00, 0x00, 0x00, 0x01
    .byte   0x0F, 0x00, 0x0F, 0x10, 0x00, 0x01, 0x0F, 0xF1, 0x0F, 0x10, 0xF1, 0x00, 0x00,    0, 0x00, 0xF1
    .byte   0x00, 0xF1, 0x00, 0x00, 0x1F, 0xF1, 0x00, 0x01, 0xF0, 0x1F, 0x00, 0x01, 0xF0, 0x00, 0x00, 0x00
    .byte   0x00, 0x0F, 0x01, 0x00, 0x1F, 0x01, 0xF1, 0xFF, 0x10, 0x00, 0xF0, 0x01, 0x00, 0x1F,    0, 0x0F
    .byte   0x10, 0x00, 0xF1, 0x00, 0xF1, 0xF0, 0x01, 0x0F, 0x10, 0x01, 0xF0, 0x00, 0x00, 0x00, 0x00, 0x00
    .byte   0x00, 0x00, 0x00, 0xF1, 0x00, 0xF1, 0x00, 0x01, 0xF0, 0x00, 0x00, 0x00, 0xF1, 0x00, 0x00,    0
    .byte   0x00, 0x00, 0x1F, 0xF0, 0x10, 0xF1, 0x00, 0x00, 0xF0, 0x10, 0xF1, 0x0F, 0x10, 0xF1, 0x00, 0x01
    .byte   0xFF, 0x10, 0x0F, 0x1F, 0x11, 0xF0, 0x00, 0x00, 0x00, 0x00, 0x00, 0xF0, 0x10, 0x0F, 0x10, 0x0F
    .byte     -1, 0x01, 0x00, 0x00, 0x00, 0x00, 0x1F, 0x00, 0x00, 0x01, 0xF0, 0x0F, 0x10, 0x00, 0x1F, 0x00
    .byte   0x00, 0x00, 0xF1, 0x00, 0x00, 0x0F, 0x01, 0x00, 0x00, 0x00, 0x1F, 0x00, 0xF0, 0x10, 0xF1, 0xF0
    .byte   0x10,    0, 0x00, 0x00, 0x00, 0x00, 0x0F, 0x10, 0x00, 0x00, 0x1F, 0x00, 0x1F, 0x00, 0x00, 0x1F
    .byte   0x00, 0x1F, 0x00, 0x00, 0x00, 0xF1, 0x00, 0x1F, 0x01, 0xF0, 0x00, 0x00, 0x1F, 0x00, 0x00, 0x00
    .byte   0x00, 0x1F,    0, 0x01, 0x0F, 0x00, 0x00, 0x00, 0x00, 0x00, 0x01, 0xF0, 0x1F, 0x0F, 0x01, 0x1F
    .byte   0x0F, 0x10, 0xF1, 0x00, 0x00, 0x00, 0x0F, 0x1F, 0x10, 0x00, 0x00, 0x00, 0x01, 0xF1, 0xF1, 0x0F
    .byte   0x10, 0xF1, 0xF0,    0, 0x00, 0xF1, 0x01, 0xF0, 0x00, 0x00, 0x00, 0x00, 0x00, 0x01, 0xF0, 0xF1
    .byte   0x00, 0x1F, 0x00, 0xF0, 0x10, 0xF1, 0x00, 0x00, 0x1F, 0x00, 0xF0, 0x10, 0x01, 0xF0, 0x00, 0xF1
    .byte   0x0F, 0x01, 0x01, 0xF0,    0, 0x01, 0xF0, 0x00, 0x0F, 0x10, 0x00, 0x00, 0x0F, 0x10, 0x1F, 0x00
    .byte   0x00, 0x00, 0x00, 0x00, 0x00, 0x00, 0x00, 0x01, 0xF0, 0x0F, 0x10, 0x00, 0xF1, 0xF1, 0x00, 0x00
    .byte   0xF1, 0x00, 0x1F, 0x00, 0x00,   -1, 0x01, 0x00, 0x00, 0x1F, 0x00, 0x00, 0x00, 0x00, 0x00, 0x00
    .byte   0x0F, 0x10, 0x1F, 0x1F, 0x10, 0xF0, 0x00, 0x00, 0x00, 0x01, 0xF0, 0x01, 0xFF, 0x01, 0x10, 0xF0
    .byte   0x00, 0x00, 0x0F, 0x10, 0x00, 0x00,    0, 0x00, 0x00, 0x0F, 0x1F, 0x1F, 0x10, 0x00, 0x00, 0x01
    .byte   0xF0, 0x00, 0x01, 0xF0, 0xF1, 0x0F, 0x11, 0xFF, 0x11, 0xF1, 0xF0, 0x1F, 0xF1, 0xF1, 0x00, 0x00
    .byte   0xF1, 0x00, 0x00, 0x0F, 0x10, 0x00, 0x00,    0, 0x00, 0x00, 0x0F, 0x10, 0x01, 0xF0, 0x01, 0xF0
    .byte   0x10, 0xF0, 0x00, 0x00, 0x00, 0x00, 0x1F, 0x01, 0xF0, 0x00, 0x0F, 0x10, 0x01, 0x00, 0xF0, 0x1F
    .byte   0x0F, 0x11, 0xF0, 0x1F, 0x01, 0xF0, 0x00, 0x00,   -1, 0x00, 0x01, 0xF1, 0x1F, 0x00, 0xF1, 0x01
    .byte   0x0F, 0x00, 0x00, 0x00, 0x00, 0xF0, 0x10, 0xF1, 0x0F, 0x10, 0x01, 0xF0, 0x0F, 0x1F, 0x11, 0xF0
    .byte   0x1F, 0x00, 0x01, 0x0F, 0x00, 0x0F, 0x10, 0x00, 0x00,    0, 0x00, 0x00, 0x00, 0x00, 0x01, 0xF0
    .byte   0x00, 0x00, 0x00, 0x00, 0x00, 0xF1, 0xF1, 0x00, 0x00, 0x10, 0xF0, 0x00, 0x1F, 0x00, 0x01, 0xF0
    .byte   0x00, 0x00, 0x00, 0x00, 0x00, 0x00, 0x00, 0x00, 0x1F, 0x00,    0, 0x01, 0xF0, 0x00, 0x00, 0x00
    .byte   0x00, 0x00, 0x01, 0xFF, 0x11, 0xF0, 0x0F, 0x10, 0x00, 0x1F, 0x00, 0x00, 0xF0, 0x1F, 0x11, 0xF0
    .byte   0x01, 0xF0, 0x00, 0xF1, 0x0F, 0x10, 0xF1, 0x00, 0x00, 0x00, 0x00,    0, 0x00, 0x10, 0xF0, 0x01
    .byte   0xF0, 0x00, 0x00, 0x00, 0x00, 0x00, 0x00, 0x00, 0x1F, 0x00, 0xF0, 0x10, 0x00, 0x00, 0x00, 0x00
    .byte   0xF1, 0x00, 0x00, 0xF1, 0x1F, 0x00, 0xF0, 0x10, 0x00, 0x00, 0xF1, 0x0F,    0, 0x01, 0xF0, 0x00
    .byte   0x00, 0xF1, 0x01, 0xF1, 0xF0, 0x00, 0x01, 0x0F, 0x00, 0x0F, 0x10, 0x00, 0x00, 0x00, 0x00, 0x00
    .byte   0x00, 0x00, 0x00, 0x00, 0x0F, 0x10, 0x00, 0x00, 0xF1, 0x00, 0x00, 0x1F, 0x00,    0, 0x00, 0x00
    .byte   0x00, 0x00, 0x00, 0x00, 0x10, 0x0F, 0x00, 0xF0, 0x10, 0x00, 0x1F, 0x01, 0xF0, 0x00, 0x01, 0xF0
    .byte   0x01, 0xFF, 0x10, 0xF1, 0x0F, 0x11, 0xF0, 0xF1, 0x0F, 0x01, 0x1F, 0xF0, 0x10, 0xF0,    0, 0x00
    .byte   0xF1, 0x1F, 0x0F, 0x1F, 0x10, 0x0F, 0x10, 0x00, 0x10, 0xF1, 0xF1, 0xF0, 0x00, 0xF0, 0x10, 0x00
    .byte   0x00, 0x00, 0x00, 0x1F, 0xF1, 0x00, 0xF0, 0x10, 0xF1, 0x00, 0x00, 0x01, 0xF0, 0x0F, 0x01,    0
    .byte   0x00, 0x0F, 0x10, 0xF1, 0x00, 0x01, 0xF0, 0x00, 0xF1, 0x00, 0xF0, 0x10, 0x00, 0x1F, 0x10, 0xFF
    .byte   0x10, 0x00, 0x00, 0x00, 0x10, 0xF0, 0x00, 0x00, 0x00, 0x00, 0xF1, 0xF1, 0x00, 0x00, 0x00, 0x00
    .byte      0, 0x00, 0xF1, 0x10, 0xF1, 0xF0, 0x00, 0x00, 0x1F, 0x00, 0x00, 0x00, 0xF1, 0x00, 0x00, 0x00
    .byte   0x0F, 0x01, 0x00, 0x00, 0x00, 0xF1, 0x00, 0x0F, 0x11, 0xF0, 0x01, 0xF0, 0x00, 0x00, 0xF1, 0xF1
    .byte   0x0F,    0, 0x00, 0x00, 0x0F, 0x1F, 0x10, 0x00, 0x01, 0xF0, 0x1F, 0x00, 0x10, 0xF0, 0x00, 0x00
    .byte   0x00, 0x1F, 0x00, 0x00, 0x0F, 0x10, 0x1F, 0x00, 0x1F, 0x00, 0xF1, 0x00, 0x01, 0xF0, 0x00, 0x00
    .byte   0x00, 0xF1,    0, 0x01, 0x0F, 0x00, 0x10, 0x0F, 0xF1, 0x00, 0x01, 0xF0, 0x1F, 0x0F, 0x10, 0x00
    .byte   0x00, 0x00, 0x01, 0xF0, 0x0F, 0x10, 0x0F, 0x10, 0x01, 0xF1, 0x00, 0xF0, 0x0F, 0x10, 0x00, 0x01
    .byte   0x00, 0xF0, 0x0F,    0, 0x00, 0x1F, 0x00, 0x00, 0x00, 0xF1, 0x0F, 0x10, 0x10, 0x0F, 0x0F, 0x10
    .byte   0x00, 0x01, 0xFF, 0x10, 0xF1, 0x00, 0x1F, 0x00, 0x00, 0x10, 0xF1, 0xF0, 0x0F, 0x01, 0x00, 0x00
    .byte   0x00, 0x00, 0x10, 0xF0,   -1, 0x01, 0x00, 0x01, 0xF0, 0x1F, 0x00, 0x01, 0x0F, 0x00, 0xF1, 0x00
    .byte   0x00, 0x1F, 0x00, 0x00, 0x00, 0x0F, 0x10, 0xF1, 0x00, 0xF1, 0x00, 0x00, 0x1F, 0x00, 0x0F, 0x1F
    .byte   0x10, 0x1F, 0x0F, 0x10, 0xF1,    0, 0x0F, 0x11, 0xFF, 0x10, 0x00, 0x00, 0x00, 0xF1, 0x00, 0x0F
    .byte   0x11, 0xF0, 0x00, 0x00, 0x00, 0x01, 0x0F, 0xF1, 0x01, 0xF0, 0x00, 0x00, 0x00, 0xF1, 0x00, 0x00
    .byte   0x00, 0x00, 0x0F, 0x10, 0xF1, 0x0F,    0, 0x00, 0x01, 0xF0, 0x00, 0x00, 0x00, 0x01, 0xFF, 0x10
    .byte   0x00, 0xF1, 0x00, 0x01, 0xF0, 0x00, 0x01, 0xF1, 0xF1, 0xF1, 0xF0, 0x00, 0x00, 0x00, 0x1F, 0x00
    .byte   0xF1, 0xF1, 0x00, 0x00, 0x00, 0x00, 0x00

    .end
