    .section .rodata
    .global Chapter_02_Line_0002_Compressed
    .align  2

Chapter_02_Line_0002_Compressed:

    .byte   0x1, 0x0, 0x0, 0x0
    .word   0x00D10C00  @ Mid-C ~13379.000000
    .word   0, 68531

    .byte      4, 0x01, 0xEE, 0xE2, 0x21, 0x2E, 0xEE, 0xF1, 0x33, 0xEE, 0xED, 0x02, 0x32, 0x0E, 0xEE, 0xEF
    .byte   0x22, 0x22, 0x11, 0xDE, 0x1E, 0x23, 0xFE, 0xEE, 0x02, 0x1F, 0x22, 0x12, 0xEF, 0x0E, 0xDE, 0x13
    .byte   0x32,    3, 0x0E, 0xE0, 0x21, 0x12, 0x11, 0x1F, 0xDD, 0xD2, 0x43, 0x2D, 0xDE, 0x23, 0x2E, 0xDE
    .byte   0x42, 0xFD, 0xDE, 0x22, 0x24, 0xFE, 0xDD, 0xE1, 0x4F, 0xDD, 0x14, 0x3E, 0xE1, 0xDD, 0x12, 0x33
    .byte   0x1D, 0xFD,  -17, 0x00, 0x23, 0x42, 0x1E, 0xDD, 0xDE, 0x14, 0x30, 0xDE, 0x0F, 0x43, 0xDC, 0xE2
    .byte   0x33, 0xEE, 0xEC, 0xF4, 0x4E, 0xCD, 0xF4, 0x12, 0x4E, 0xCC, 0xF1, 0x34, 0xDE, 0x2E, 0x12, 0xE0
    .byte   0x11, 0xE3, 0x22,   10, 0x0B, 0xE3, 0x32, 0x10, 0x0E, 0xDE, 0x43, 0x3E, 0xDC, 0xDE, 0xF5, 0x5D
    .byte   0xCC, 0xE2, 0x33, 0x23, 0xCE, 0x32, 0xDC, 0xE0, 0x33, 0x33, 0x1C, 0xDE, 0x11, 0x33, 0x2E, 0xED
    .byte   0xCF, 0x32, 0x32, 0x33,   15, 0x0B, 0xC4, 0x52, 0xCC, 0xD2, 0x33, 0x32, 0xFD, 0x3C, 0xD3, 0xFE
    .byte   0x22, 0x3F, 0xCE, 0x34, 0xEE, 0xF1, 0x3E, 0xDF, 0xDD, 0x14, 0x31, 0x2D, 0xE3, 0xE1, 0x2D, 0xDD
    .byte   0x22, 0x54, 0xBC, 0xCE, 0x55,   26, 0x0F, 0xFD, 0xCC, 0xCD, 0x46, 0x30, 0xFD, 0xED, 0xD3, 0x33
    .byte   0xCC, 0x34, 0x1D, 0xD0, 0x3F, 0x33, 0x2D, 0xCD, 0x32, 0x1F, 0xDE, 0x14, 0x2D, 0x33, 0x3D, 0xBC
    .byte   0xE4, 0x54, 0xDA, 0xC2, 0x55, 0x2E,   13, 0x0D, 0xCC, 0x44, 0x4E, 0xBE, 0xF3, 0x42, 0xFC, 0xDE
    .byte   0x15, 0x4E, 0xDB, 0xB0, 0x35, 0x63, 0xDB, 0xBC, 0x24, 0x54, 0x1C, 0xBC, 0xC3, 0x65, 0x3C, 0xCD
    .byte   0xED, 0x05, 0x4D, 0x0C, 0xBE, 0xF5, 0x54,   21, 0x0C, 0x0B, 0xD4, 0x55, 0xEA, 0xBE, 0x33, 0x44
    .byte   0x2E, 0xCD, 0x3F, 0x32, 0xDB, 0x24, 0x2F, 0xC1, 0x52, 0xCB, 0x35, 0x13, 0xCD, 0xFE, 0xE2, 0x5F
    .byte   0xDD, 0xD2, 0x24, 0x3D, 0xDB, 0xE2, 0x65, 0xDC,  -23, 0x0C, 0x34, 0x55, 0xFB, 0xAD, 0x35, 0x62
    .byte   0xBB, 0xDC, 0x26, 0x54, 0xBA, 0xC4, 0x43, 0x3D, 0xCD, 0x05, 0x5E, 0xBA, 0xE4, 0x55, 0xFC, 0xCC
    .byte   0xEF, 0x43, 0x32, 0xCD, 0x33, 0x1E, 0xDE, 0xD1, 0x35,   24, 0x0C, 0xCD, 0xE4, 0x54, 0xCC, 0xBF
    .byte   0x32, 0x42, 0x1D, 0xB1, 0x54, 0xFE, 0xDD, 0xDD, 0x45, 0xDD, 0xC2, 0x22, 0x32, 0x3F, 0xCC, 0xF4
    .byte   0x2F, 0xCD, 0xF2, 0x45, 0x4D, 0xAB, 0xE4, 0x42, 0x4F, 0xDC,  -15, 0x04, 0x2F, 0xEE, 0xD3, 0x31
    .byte   0x1D, 0x02, 0x1F, 0xE3, 0xED, 0x11, 0x41, 0xCF, 0xFF, 0x02, 0x41, 0xDC, 0xE3, 0x21, 0x13, 0x0D
    .byte   0xF0, 0x1D, 0xD1, 0x44, 0x1E, 0xFD, 0xCD, 0x34, 0x3E, 0xDD, 0x12,    2, 0x03, 0xEC, 0x31, 0xD2
    .byte   0x33, 0xEC, 0xC1, 0x43, 0x32, 0xED, 0xCE, 0x33, 0x2F, 0xEE, 0xE0, 0x20, 0x20, 0x2F, 0x12, 0x0D
    .byte   0xDD, 0x33, 0x32, 0xEE, 0xED, 0x23, 0x2E, 0xD1, 0x21, 0x10, 0xE1, 0x0E,   -4, 0x03, 0x2E, 0xEC
    .byte   0xE3, 0x32, 0xDE, 0x1E, 0x23, 0x32, 0xDC, 0xD2, 0x22, 0x44, 0xEC, 0xD2, 0x32, 0xEE, 0x11, 0xD3
    .byte   0x3F, 0xEE, 0xE1, 0x42, 0xEF, 0xED, 0xE1, 0x32, 0x0E, 0xDD, 0xD1, 0x33, 0x2D,   -8, 0x0E, 0xEE
    .byte   0xDE, 0xDE, 0xEF, 0x21, 0x32, 0x10, 0xE0, 0x22, 0x34, 0x43, 0x44, 0x31, 0x1D, 0xDD, 0xD2, 0x31
    .byte   0x1F, 0x13, 0x11, 0x0E, 0xDC, 0xCD, 0x10, 0xFE, 0xEF, 0xED, 0xDE, 0xDC, 0xCD, 0x03,  -64, 0x01
    .byte   0xFD, 0xCC, 0xE4, 0x44, 0x57, 0x76, 0x5D, 0xBA, 0x8B, 0xE5, 0x54, 0x44, 0x44, 0x40, 0xDB, 0xAA
    .byte   0xD2, 0x54, 0x3F, 0xDC, 0xE2, 0x31, 0xDC, 0xCB, 0xCC, 0xD1, 0x0E, 0x23, 0x32, 0xED, 0xDC, -100
    .byte   0x0E, 0x13, 0x57, 0x77, 0x63, 0xCA, 0x98, 0xC4, 0x65, 0x54, 0x33, 0x32, 0xED, 0xCA, 0xCE, 0x23
    .byte   0x32, 0x1E, 0xD0, 0x23, 0x2E, 0xCB, 0xCC, 0xCF, 0xF0, 0xEE, 0x00, 0x23, 0x3C, 0xCC, 0xCE, 0xF4
    .byte    -67, 0x07, 0x77, 0x62, 0xCA, 0x88, 0xC5, 0x66, 0x53, 0x43, 0x20, 0xEE, 0xBB, 0xCE, 0x13, 0x34
    .byte   0xED, 0xEE, 0x31, 0x21, 0xEC, 0xBC, 0xCD, 0xDD, 0xE2, 0x31, 0x22, 0xEC, 0xDD, 0xDC, 0xE3, 0x57
    .byte   0x77,  119, 0x02, 0xEB, 0x88, 0x83, 0x76, 0x66, 0x33, 0x00, 0xEF, 0xCB, 0xCC, 0xE0, 0x43, 0x21
    .byte   0xEE, 0x0F, 0x33, 0x2D, 0xBB, 0xAC, 0xCB, 0x34, 0x53, 0x32, 0xDC, 0xCD, 0xCC, 0xE2, 0x57, 0x77
    .byte   0x74, 0x0A,   35, 0x08, 0x8E, 0x57, 0x76, 0x5F, 0x01, 0xF1, 0xDC, 0xBB, 0xBE, 0x45, 0x54, 0xFC
    .byte   0xCC, 0xD2, 0x43, 0xFC, 0xBA, 0xBC, 0xD3, 0x44, 0x3F, 0xDD, 0xCC, 0xCD, 0x10, 0x45, 0x77, 0x77
    .byte   0x2F, 0xB9, 0x88,  -96, 0x05, 0x67, 0x66, 0xE0, 0x2F, 0x1C, 0xCC, 0xBC, 0xD3, 0x54, 0x32, 0xDE
    .byte   0xCD, 0x33, 0x3D, 0xDB, 0xAB, 0xBF, 0x34, 0x44, 0x2C, 0xCC, 0xCD, 0xC0, 0x33, 0x47, 0x77, 0x73
    .byte   0x2C, 0x98, 0x8A, 0x55,    3, 0x06, 0x62, 0x02, 0x11, 0xED, 0xCB, 0xBC, 0x13, 0x44, 0x41, 0xDD
    .byte   0xDE, 0x22, 0xFD, 0xCB, 0xBB, 0xDF, 0x44, 0x31, 0xED, 0xCC, 0xCD, 0xD3, 0x34, 0x77, 0x77, 0x41
    .byte   0xDA, 0x98, 0x83, 0x57, 0x76,   84, 0x00, 0x0D, 0x0E, 0xEE, 0xCC, 0xCC, 0x13, 0x34, 0x30, 0xED
    .byte   0xEE, 0x20, 0xDD, 0xCB, 0xBC, 0xD1, 0x43, 0x4F, 0xDC, 0xCC, 0xDC, 0x34, 0x24, 0x77, 0x77, 0x31
    .byte   0xCA, 0x98, 0xA0, 0x47, 0x66, 0x4F,   75, 0x0E, 0xEE, 0x21, 0xDD, 0xCC, 0xDE, 0x13, 0x33, 0xEF
    .byte   0x11, 0xFE, 0xDD, 0xBB, 0xBC, 0x22, 0x44, 0x2D, 0xCC, 0xCE, 0xC1, 0x3E, 0x34, 0x67, 0x77, 0x52
    .byte   0xEA, 0x99, 0x9B, 0x57, 0x75, 0x43, 0xEC,   58, 0x0D, 0x13, 0xFE, 0xFD, 0xCC, 0xE1, 0x33, 0x22
    .byte   0x1E, 0xCD, 0xCD, 0xCC, 0xDE, 0xF2, 0x1F, 0xEE, 0xCE, 0xDD, 0x0E, 0xE3, 0x33, 0x67, 0x77, 0x52
    .byte   0x0B, 0x9A, 0x9A, 0x46, 0x66, 0x43, 0xFD, 0xCD,   42, 0x04, 0x23, 0x2D, 0xDB, 0xCD, 0xD3, 0x34
    .byte   0x30, 0xDC, 0xCB, 0xCD, 0xE0, 0x22, 0xED, 0xDD, 0xCE, 0xE2, 0x0E, 0xEE, 0xF3, 0x37, 0x77, 0x74
    .byte   0x21, 0xBA, 0xA9, 0xA0, 0x66, 0x55, 0x4E, 0xDC, 0xC0,   46, 0x03, 0x43, 0x0E, 0xBC, 0xCB, 0xF1
    .byte   0x44, 0x20, 0xEB, 0xCB, 0xCC, 0x14, 0x41, 0xDC, 0xCC, 0xDE, 0xF2, 0x01, 0xFF, 0x24, 0x77, 0x76
    .byte   0x52, 0xEC, 0xAA, 0x9A, 0x35, 0x55, 0x54, 0xFD, 0xCC, 0xE2,   43, 0x05, 0x33, 0x1C, 0xCC, 0xBC
    .byte   0xD3, 0x33, 0x3D, 0xCC, 0xCB, 0xCE, 0x34, 0x32, 0xDC, 0xCC, 0xC1, 0x00, 0x22, 0x12, 0x45, 0x77
    .byte   0x75, 0x22, 0xEC, 0xAA, 0x9C, 0x25, 0x55, 0x53, 0xEC, 0xBD, 0xD2,   36, 0x04, 0x53, 0x2E, 0xCC
    .byte   0xBB, 0xCE, 0x23, 0x3F, 0xDC, 0xCC, 0xCC, 0x03, 0x33, 0x1D, 0xDC, 0xDE, 0xDF, 0xF1, 0x33, 0x46
    .byte   0x77, 0x73, 0x31, 0xDC, 0xAA, 0xBC, 0x44, 0x54, 0x43, 0xDC, 0xCB, 0xB1,    0, 0x04, 0x55, 0x53
    .byte   0xDC, 0xCB, 0xBB, 0xDF, 0x20, 0x1E, 0xDC, 0xDD, 0xCC, 0x11, 0x43, 0x32, 0xEC, 0xCD, 0xDE, 0x24
    .byte   0x46, 0x77, 0x65, 0x3F, 0xEC, 0xBA, 0xBD, 0x34, 0x44, 0x4F, 0xDC, 0xBB, 0xBE,  -17, 0x04, 0x65
    .byte   0x54, 0xFD, 0xCC, 0xBB, 0xBC, 0xF0, 0x02, 0xED, 0xDD, 0xCC, 0xDE, 0x33, 0x43, 0xFE, 0xDC, 0xDD
    .byte   0xE2, 0x45, 0x66, 0x76, 0x53, 0x1D, 0xCB, 0xBB, 0xE3, 0x34, 0x43, 0x1C, 0xCB, 0xBB,  -35, 0x03
    .byte   0x45, 0x65, 0x42, 0xFC, 0xCB, 0xBC, 0xBE, 0xEF, 0xFE, 0xED, 0xCD, 0xCD, 0xF2, 0x34, 0x22, 0xED
    .byte   0xDD, 0xEE, 0x35, 0x56, 0x76, 0x54, 0x3F, 0xDB, 0xBB, 0xC2, 0x33, 0x44, 0x2E, 0xCB, 0xBB,  -32
    .byte   0x0E, 0x25, 0x55, 0x63, 0x3F, 0xCC, 0xBC, 0xBC, 0xCE, 0xEF, 0xED, 0xDC, 0xDC, 0xE2, 0x13, 0x32
    .byte   0x2E, 0xFE, 0xDF, 0x23, 0x55, 0x67, 0x64, 0x41, 0xFC, 0xBB, 0xCD, 0x23, 0x44, 0x21, 0xDC, 0xBB
    .byte    -19, 0x0C, 0x23, 0x55, 0x55, 0x41, 0xEC, 0xCB, 0xCB, 0xCD, 0xED, 0xFE, 0xDD, 0xCD, 0xDE, 0xF0
    .byte   0x23, 0x23, 0xFE, 0xEE, 0xF2, 0x45, 0x56, 0x66, 0x53, 0x2E, 0xCC, 0xBC, 0xD1, 0x33, 0x42, 0x0D
    .byte   0xCB,   -1, 0x0B, 0xD1, 0x44, 0x55, 0x44, 0x2E, 0xDC, 0xCC, 0xBD, 0xCD, 0xED, 0xDD, 0xDD, 0xCE
    .byte   0xF0, 0x12, 0x23, 0x11, 0xEE, 0xE2, 0x25, 0x56, 0x67, 0x44, 0x22, 0xEB, 0xCB, 0xBF, 0x24, 0x43
    .byte   0x3E, 0xCB,   10, 0x0A, 0xCD, 0x25, 0x56, 0x64, 0x3F, 0xDC, 0xBB, 0xCB, 0xDD, 0xEE, 0xED, 0xCC
    .byte   0xDD, 0xDF, 0x33, 0x33, 0x3E, 0xDE, 0xDE, 0x04, 0x65, 0x77, 0x54, 0x22, 0xEB, 0xBA, 0xB1, 0x44
    .byte   0x53, 0x31, 0xBB,    5, 0x0A, 0xBD, 0x35, 0x66, 0x65, 0x3E, 0xCC, 0xBB, 0xBD, 0xE1, 0xED, 0xCC
    .byte   0xCC, 0xCD, 0xE2, 0x45, 0x33, 0x1C, 0xCC, 0xDD, 0x24, 0x67, 0x77, 0x53, 0x20, 0xDB, 0xAA, 0xC4
    .byte   0x55, 0x34, 0xEC, 0xAB,  -29, 0x0A, 0xE4, 0x56, 0x66, 0x5F, 0xDC, 0xCB, 0xDE, 0x23, 0xFC, 0xBB
    .byte   0xAC, 0xCC, 0xE2, 0x45, 0x44, 0x2C, 0xCB, 0xDC, 0xF2, 0x34, 0x46, 0x77, 0x64, 0x22, 0xFD, 0xBB
    .byte   0xCD, 0x33, 0x23, 0xDC, 0xBB,  -29, 0x0D, 0x14, 0x45, 0x55, 0x31, 0xED, 0xDE, 0x02, 0x11, 0xCB
    .byte   0xBA, 0xBB, 0xCF, 0x04, 0x44, 0x2F, 0xDD, 0xCD, 0xFE, 0xE2, 0x13, 0x15, 0x66, 0x76, 0x53, 0x1E
    .byte   0xCC, 0xBC, 0x02, 0x1E, 0xDC, 0xBC,  -42, 0x0D, 0x34, 0x55, 0x44, 0x2E, 0x1F, 0x02, 0x33, 0x1D
    .byte   0xCB, 0xBA, 0xAC, 0xD0, 0x33, 0x30, 0xEE, 0x00, 0x20, 0x0E, 0xCC, 0xED, 0x12, 0x67, 0x77, 0x64
    .byte   0x20, 0xCC, 0xCB, 0xD3, 0x32, 0xCB, 0xBA,  -53, 0x0D, 0x25, 0x55, 0x53, 0x30, 0xEF, 0x23, 0x33
    .byte   0x1D, 0xBB, 0xAA, 0xBC, 0x22, 0x23, 0x0D, 0xEF, 0x23, 0x42, 0x2D, 0xCB, 0xCD, 0xD1, 0x37, 0x77
    .byte   0x76, 0x3F, 0xCB, 0xBC, 0x33, 0x32, 0xBA, 0x9A,  -82, 0x03, 0x46, 0x66, 0x3D, 0xD1, 0x24, 0x45
    .byte   0x3D, 0xBA, 0xAA, 0xCD, 0x31, 0xFD, 0xCB, 0xE3, 0x45, 0x55, 0x2C, 0xAB, 0xDC, 0xDD, 0x1F, 0xE3
    .byte   0x77, 0x77, 0x53, 0x2D, 0xBC, 0xDF, 0xDD, 0xCA, 0xAA,  -83, 0x03, 0x55, 0x55, 0x43, 0x23, 0x44
    .byte   0x32, 0xCC, 0xBB, 0xAC, 0xFE, 0xED, 0xDC, 0xD1, 0x24, 0x44, 0x32, 0xDF, 0xDC, 0xDD, 0xCD, 0xCC
    .byte   0xFF, 0x27, 0x77, 0x76, 0x31, 0xEC, 0xCC, 0xED, 0xBB, 0xAB,  -83, 0x0F, 0x45, 0x54, 0x55, 0x43
    .byte   0x45, 0x2D, 0xBC, 0xBB, 0xAC, 0x22, 0xDC, 0xD2, 0x33, 0x33, 0x4E, 0xDD, 0xE3, 0x2F, 0xDC, 0xBC
    .byte   0xCC, 0xD1, 0x23, 0x47, 0x77, 0x74, 0x3E, 0xCC, 0xBD, 0xDA, 0xAA,  -93, 0x0D, 0x35, 0x76, 0x42
    .byte   0x34, 0x44, 0x51, 0xDB, 0xAB, 0xAB, 0xE0, 0x2E, 0xCD, 0x35, 0x55, 0x2F, 0xEB, 0xCD, 0x12, 0x2D
    .byte   0xCB, 0xCC, 0xDE, 0xE2, 0x34, 0x67, 0x77, 0x60, 0xEE, 0xCB, 0xAB, 0xDA,  -67, 0x0B, 0xE3, 0x56
    .byte   0x65, 0x43, 0x44, 0x42, 0x1C, 0xBB, 0xAB, 0xCE, 0xEE, 0xE0, 0x34, 0x45, 0x32, 0xEC, 0xCD, 0xCE
    .byte   0xEE, 0xDE, 0xDD, 0xDC, 0xCD, 0xE4, 0x45, 0x57, 0x77, 0x33, 0x1E, 0xCB, 0x9B,  -16, 0x0B, 0xAC
    .byte   0x24, 0x56, 0x65, 0x43, 0x44, 0x3E, 0xCB, 0xBA, 0xBB, 0xF0, 0xF0, 0x23, 0x45, 0x44, 0x0D, 0xCD
    .byte   0xC0, 0xDC, 0xCC, 0x22, 0x21, 0xDC, 0xBC, 0xE3, 0x44, 0x45, 0x77, 0x74, 0x1E, 0xCC,   51, 0x0A
    .byte   0xBC, 0xAB, 0xD3, 0x56, 0x75, 0x54, 0x32, 0x3F, 0xCB, 0xBA, 0xAC, 0xD2, 0x11, 0x34, 0x55, 0x43
    .byte   0x1D, 0xCD, 0xCD, 0xCC, 0xCC, 0xD2, 0x24, 0x2D, 0xCC, 0xEE, 0xF2, 0x43, 0x57, 0x77, 0x5F,  122
    .byte   0x0C, 0xCA, 0xAC, 0xBA, 0xAE, 0x56, 0x66, 0x64, 0x21, 0x23, 0xEB, 0xBB, 0xBB, 0xC0, 0x12, 0x13
    .byte   0x54, 0x44, 0x2E, 0xDD, 0xCD, 0xDC, 0xCC, 0xDE, 0xEF, 0x23, 0x2D, 0xDC, 0xCC, 0x24, 0x55, 0x67
    .byte     97, 0x05, 0x2F, 0xDD, 0xAA, 0xBB, 0xAA, 0xD4, 0x66, 0x56, 0x53, 0x22, 0x2F, 0xCB, 0xAB, 0xCC
    .byte   0xF1, 0xF0, 0x35, 0x63, 0x3F, 0xDD, 0xDE, 0xDD, 0xCB, 0xDD, 0xEE, 0xFF, 0xF0, 0x22, 0xDB, 0xCD
    .byte   0x34,  -72, 0x05, 0x77, 0x74, 0x3E, 0xEC, 0xAA, 0xCA, 0xAA, 0x15, 0x66, 0x56, 0x43, 0x32, 0x0D
    .byte   0xBA, 0xCB, 0xCC, 0x11, 0x13, 0x46, 0x42, 0x3E, 0xEC, 0xDE, 0xDC, 0xCC, 0xEE, 0xED, 0xEE, 0xEF
    .byte   0x42, 0xDB, -109, 0x0E, 0xE4, 0x55, 0x67, 0x76, 0x2F, 0xDD, 0xBA, 0xBB, 0xAA, 0xD4, 0x65, 0x56
    .byte   0x54, 0x23, 0x1E, 0xBB, 0xBB, 0xCC, 0xDE, 0x12, 0x45, 0x62, 0x2F, 0xEF, 0xDD, 0xEC, 0xBB, 0xE0
    .byte   0x1D, 0xDD, 0xE2,  -67, 0x03, 0x1C, 0xBC, 0xE2, 0x45, 0x56, 0x77, 0x53, 0x0E, 0xCB, 0xBB, 0xAA
    .byte   0xAF, 0x46, 0x55, 0x56, 0x33, 0x40, 0xCB, 0xBB, 0xBC, 0xCD, 0x22, 0x24, 0x55, 0x3E, 0xEE, 0xFE
    .byte   0xD0, 0xCC, 0xCD, 0xED,  -61, 0x0C, 0xDF, 0x24, 0x31, 0xEB, 0xCD, 0x24, 0x33, 0x57, 0x77, 0x42
    .byte   0xFD, 0xCB, 0xCB, 0xA9, 0xB2, 0x56, 0x55, 0x54, 0x33, 0x4E, 0xCB, 0xBB, 0xCC, 0xEF, 0x2D, 0x34
    .byte   0x54, 0x11, 0xED, 0xEE, 0x2E,    1, 0x0C, 0xCE, 0xED, 0xDD, 0xDD, 0xF3, 0x30, 0xDB, 0xDE, 0xF4
    .byte   0x35, 0x47, 0x77, 0x43, 0xED, 0xCC, 0xBB, 0xAA, 0xB0, 0x46, 0x44, 0x54, 0x52, 0x31, 0xDC, 0xBB
    .byte   0xDC, 0xDD, 0xF0, 0x14, 0x44, 0xF1,   24, 0x0F, 0xFE, 0x1E, 0xDC, 0xDE, 0xEC, 0xDD, 0xCD, 0xE4
    .byte   0x3F, 0xEC, 0xCD, 0xE2, 0x44, 0x45, 0x77, 0x73, 0x11, 0xDC, 0xCB, 0xBA, 0xAB, 0x24, 0x54, 0x54
    .byte   0x44, 0x44, 0x2D, 0xBB, 0xCC, 0xDE, 0xDD,  -31, 0x0E, 0x44, 0x43, 0x1E, 0xE1, 0x22, 0x1C, 0xCD
    .byte   0xEF, 0xDD, 0xCC, 0xCD, 0x33, 0x0F, 0xDC, 0xDF, 0x24, 0x34, 0x47, 0x77, 0x43, 0x00, 0xCC, 0xBD
    .byte   0xB9, 0xBC, 0x44, 0x35, 0x54, 0x33, 0x44, 0x2C,   66, 0x0C, 0xCC, 0xCE, 0xDD, 0xDF, 0x35, 0x30
    .byte   0x1E, 0x12, 0x22, 0x1C, 0xCD, 0xEF, 0xFC, 0xCC, 0xCD, 0x23, 0xFE, 0xDE, 0xE0, 0x02, 0x45, 0x55
    .byte   0x77, 0x44, 0xFD, 0xDC, 0xDC, 0xBA, 0xBC, 0xD5, 0x45,   29, 0x03, 0x32, 0x43, 0x31, 0xCC, 0xCC
    .byte   0xC1, 0xED, 0xDD, 0x13, 0x33, 0x10, 0xDF, 0xE2, 0x3E, 0x1D, 0xED, 0xD0, 0xE0, 0xCC, 0xDD, 0xFE
    .byte   0x02, 0x1D, 0xDF, 0x44, 0x44, 0x46, 0x65, 0x53, 0x2E, 0xCC,   67, 0x0D, 0xBB, 0xCD, 0x10, 0x44
    .byte   0x33, 0xF2, 0x33, 0x11, 0x1E, 0xCD, 0xC1, 0xEE, 0xD1, 0xEF, 0x12, 0x0E, 0xDE, 0x11, 0x22, 0x1F
    .byte   0xFE, 0xF0, 0xFD, 0xDC, 0xCE, 0xEE, 0x21, 0x1F, 0x00, 0x33, 0x32,  -32, 0x04, 0x35, 0x44, 0x43
    .byte   0xFE, 0xDE, 0xEE, 0xDD, 0xED, 0x11, 0x32, 0x1D, 0xE1, 0x1F, 0x00, 0x10, 0xEF, 0x01, 0x1E, 0xEF
    .byte   0xEE, 0xEF, 0xEE, 0xEF, 0x01, 0x10, 0x20, 0x1F, 0x12, 0xFE, 0xDF, 0xEF,  -28, 0x0D, 0xEE, 0xE0
    .byte   0x21, 0x02, 0x10, 0x23, 0x22, 0x22, 0x22, 0x22, 0x31, 0x20, 0x12, 0x2F, 0x00, 0x11, 0x20, 0x11
    .byte   0xEE, 0xE0, 0xFD, 0x00, 0xFD, 0xE1, 0x12, 0x2F, 0x10, 0xFE, 0xF1, 0x0E, 0xEF,   -4, 0x01, 0x02
    .byte   0x02, 0xEF, 0x10, 0x0F, 0xFF, 0xEF, 0xE0, 0xEE, 0x0E, 0x0F, 0x00, 0x20, 0xF0, 0xF1, 0xFF, 0x02
    .byte   0x2F, 0x00, 0x12, 0x22, 0x00, 0x20, 0x12, 0xF2, 0x01, 0x12, 0x12, 0x01, 0x01, 0x0F,   24, 0x0E
    .byte   0xF0, 0x10, 0xFF, 0x0F, 0xFF, 0xFF, 0x0E, 0x01, 0x0F, 0xFF, 0xFF, 0xFF, 0xFE, 0xE1, 0xF0, 0xFF
    .byte   0x0F, 0x0E, 0x1F, 0x02, 0xF0, 0xF0, 0x0F, 0x01, 0x10, 0xE2, 0xE0, 0x01, 0x10, 0xFF, 0x11,   -7
    .byte   0x00, 0x1F, 0xF2, 0x11, 0x10, 0x10, 0xF2, 0x02, 0x0E, 0x20, 0x11, 0xF2, 0xF1, 0x10, 0x01, 0x01
    .byte   0xF2, 0xEE, 0x2F, 0xF0, 0xE0, 0x10, 0x1E, 0x00, 0xE2, 0x0E, 0xFF, 0x0F, 0x02, 0xF0, 0xEE, 0x1F
    .byte     -1, 0x0F, 0xE0, 0xE0, 0x2F, 0xE2, 0xF0, 0x1F, 0x2E, 0xD2, 0x21, 0xF1, 0xE2, 0x1E, 0x10, 0x12
    .byte   0x01, 0x0E, 0x12, 0x2F, 0x00, 0x0F, 0x11, 0x20, 0x10, 0xE1, 0x11, 0x01, 0x0F, 0xE2, 0x21, 0xFF
    .byte   0x0F,    6, 0x0F, 0xF3, 0x1D, 0xE1, 0x21, 0x00, 0xE0, 0x01, 0x2E, 0xE1, 0xF1, 0x1F, 0xF2, 0xEE
    .byte   0x20, 0xE1, 0x01, 0x00, 0xF0, 0xFE, 0x22, 0xE0, 0xE0, 0x12, 0xFF, 0xF0, 0x20, 0xE0, 0x20, 0x0E
    .byte   0xF2, 0x10,   -1, 0x0F, 0xFE, 0xF3, 0x2D, 0x02, 0xD3, 0x11, 0x2E, 0xFE, 0x22, 0xE3, 0xD1, 0x2E
    .byte   0x0E, 0x22, 0xFE, 0x10, 0xF2, 0xFF, 0x1E, 0x3F, 0xE0, 0x01, 0xE0, 0x0F, 0x2E, 0x03, 0xD0, 0x00
    .byte   0x2F, 0xEF, 0x0F,   -1, 0x0F, 0x20, 0xEE, 0x22, 0xEE, 0xF1, 0x22, 0xEE, 0x01, 0x22, 0xFE, 0xF1
    .byte   0xF1, 0x10, 0x0E, 0x12, 0x20, 0xD0, 0x21, 0x10, 0xE0, 0x20, 0x1E, 0x12, 0xF0, 0xF1, 0x0F, 0xE2
    .byte   0x2F, 0xFE, 0x1F, 0x12,    3, 0x02, 0xEE, 0x0F, 0x2F, 0xE1, 0x20, 0x21, 0xDF, 0xFE, 0x3E, 0x22
    .byte   0xD1, 0xF2, 0x22, 0xDF, 0x01, 0x2F, 0xD1, 0x31, 0x0F, 0xEE, 0x21, 0x20, 0xEE, 0x12, 0x21, 0xD2
    .byte   0x01, 0x1F, 0x1D, 0x2F, 0x22,    2, 0x0E, 0xF1, 0x2F, 0xF1, 0x1E, 0xE3, 0xF0, 0x10, 0x1D, 0x02
    .byte   0xF1, 0x02, 0x0D, 0x11, 0x22, 0x1E, 0xEE, 0x21, 0x12, 0xFE, 0xF2, 0xFF, 0x11, 0x1E, 0xFF, 0xF3
    .byte   0xFE, 0x2E, 0x2F, 0xE2, 0x1E, 0x1F,   -2, 0x01, 0x20, 0xE0, 0x0E, 0x22, 0x01, 0xD1, 0x22, 0x1E
    .byte   0xEF, 0x2F, 0x2F, 0xFF, 0x02, 0xE2, 0xE1, 0xFE, 0x2F, 0x0F, 0x12, 0x1E, 0xE2, 0xE1, 0x2E, 0x2E
    .byte   0x10, 0x20, 0xF1, 0xE1, 0x0E, 0x2F, 0x11,   -2, 0x01, 0xF1, 0x01, 0x2E, 0x2E, 0xE1, 0x12, 0x2E
    .byte   0xFE, 0x12, 0x1F, 0xE1, 0x00, 0xF0, 0x2F, 0x0F, 0xF2, 0xFF, 0xE2, 0xFF, 0x0F, 0x20, 0xFF, 0xF0
    .byte   0x02, 0xE0, 0x10, 0x11, 0xE1, 0x11, 0xF0, 0x2F,    3, 0x0F, 0xF2, 0xEF, 0x11, 0xFF, 0xEF, 0x12
    .byte   0x2F, 0x0E, 0xFF, 0xF2, 0x11, 0xFE, 0xF2, 0x2E, 0x01, 0x10, 0xE1, 0x10, 0xFE, 0x12, 0xFF, 0xF2
    .byte   0x01, 0xFF, 0xFF, 0x21, 0xE0, 0xF1, 0x02, 0x0F, 0x0F,   -1, 0x00, 0x00, 0x2F, 0xF0, 0x11, 0xF0
    .byte   0x1F, 0x0F, 0xE1, 0x02, 0x0F, 0x00, 0x1F, 0x10, 0xF0, 0xF0, 0x0F, 0x0F, 0x00, 0x1F, 0x00, 0xF0
    .byte   0x0F, 0x20, 0x0F, 0xF1, 0xFF, 0xF1, 0x20, 0x0F, 0xF0, 0x0F,   -2, 0x01, 0x0E, 0xFF, 0x20, 0x11
    .byte   0x02, 0x1F, 0x01, 0x1F, 0xFF, 0x11, 0xF0, 0x10, 0x0F, 0x01, 0x01, 0xF0, 0x00, 0x0F, 0x01, 0x10
    .byte   0x00, 0xF0, 0xE0, 0x00, 0xF0, 0xF0, 0x11, 0xE1, 0xF0, 0xE0, 0x01,   -8, 0x0E, 0xE0, 0x11, 0x00
    .byte   0x12, 0x0E, 0xF0, 0x21, 0x11, 0x00, 0xF0, 0x22, 0x11, 0x11, 0x10, 0x11, 0x22, 0x00, 0x21, 0x11
    .byte   0x01, 0x00, 0xFF, 0xFF, 0xFF, 0x0F, 0xFF, 0xF0, 0xFE, 0xFF, 0x0F, 0x0E,   -2, 0x0F, 0xE0, 0x00
    .byte   0xFF, 0xFF, 0xEF, 0xEF, 0xFE, 0xF0, 0xE0, 0xEF, 0xF1, 0x01, 0x02, 0x02, 0x22, 0x21, 0x2E, 0x10
    .byte   0x23, 0x23, 0x43, 0x32, 0xFE, 0xED, 0xED, 0x1E, 0xED, 0xF0, 0x12, 0x23, 0x0F,   17, 0x00, 0xF0
    .byte   0x11, 0x0F, 0xDE, 0xE1, 0x10, 0xF0, 0xEF, 0x00, 0x22, 0x12, 0x00, 0xE0, 0x01, 0xEE, 0xED, 0xFD
    .byte   0xE1, 0xF1, 0x00, 0xFE, 0xEE, 0x0F, 0xFF, 0xF0, 0x11, 0x22, 0x32, 0x33, 0x11, 0x33,   30, 0x04
    .byte   0x32, 0xFD, 0xDC, 0xED, 0x0E, 0xEE, 0xEF, 0x23, 0x33, 0x3F, 0xEE, 0xFF, 0x0E, 0xFE, 0xDD, 0xD1
    .byte   0x02, 0x22, 0x2F, 0x01, 0x22, 0x32, 0xFE, 0xEE, 0xFF, 0xEF, 0xED, 0xED, 0x11, 0x22, 0x11,  -11
    .byte   0x0E, 0xEE, 0xDF, 0xDE, 0xEE, 0xF1, 0x12, 0x22, 0x20, 0x22, 0x33, 0x33, 0x33, 0x34, 0x3F, 0xFD
    .byte   0xCD, 0xCF, 0xE2, 0xEF, 0x1E, 0x33, 0x33, 0x20, 0xDE, 0xD1, 0xF0, 0xFD, 0xED, 0xD0, 0x23, 0x22
    .byte      1, 0x00, 0x21, 0x23, 0x22, 0xEE, 0xDE, 0xF1, 0x11, 0xFD, 0xEE, 0xE2, 0x22, 0x1F, 0xED, 0xFE
    .byte   0xFE, 0xDD, 0xEE, 0xE0, 0x22, 0x01, 0x21, 0x22, 0x22, 0x32, 0x23, 0x32, 0x32, 0x33, 0x2E, 0xDD
    .byte   0xDD,    7, 0x0F, 0x2F, 0xF0, 0x12, 0x23, 0x31, 0x0E, 0xDE, 0xEE, 0x2E, 0xED, 0xD0, 0x00, 0x22
    .byte   0x20, 0x11, 0x22, 0x22, 0x11, 0xFE, 0xFF, 0x11, 0xEE, 0xEE, 0xE0, 0x21, 0x1F, 0xEE, 0x0F, 0x0E
    .byte   0xED, 0xDD,  -49, 0x0F, 0xFF, 0xFF, 0x12, 0x03, 0x22, 0x22, 0x13, 0x22, 0x23, 0x33, 0x24, 0x2F
    .byte   0xED, 0xDD, 0xEE, 0x11, 0xFF, 0x12, 0x23, 0x23, 0x0E, 0xDE, 0xEE, 0xFF, 0xEE, 0xDE, 0xE1, 0x22
    .byte   0x20, 0x01, 0x12,   12, 0x02, 0x20, 0xEE, 0x1F, 0x0F, 0x1F, 0xDE, 0xE0, 0x02, 0x0F, 0xFE, 0xE1
    .byte   0x1F, 0xEE, 0xDE, 0xDE, 0xFF, 0xEE, 0xE1, 0x22, 0x32, 0x20, 0x21, 0x33, 0x32, 0x22, 0x23, 0x34
    .byte   0x1E, 0xDD, 0xDE, 0xE1,   17, 0x00, 0xE0, 0x22, 0x22, 0x31, 0xED, 0xDE, 0xFF, 0xFF, 0xEE, 0xDF
    .byte   0x02, 0x22, 0x1F, 0xF0, 0x13, 0x20, 0x2E, 0xEE, 0xF2, 0x21, 0xEE, 0xEE, 0xE0, 0x21, 0xE0, 0xEF
    .byte   0xF0, 0x1E, 0xED, 0xED, 0xEE,  -48, 0x00, 0xFE, 0xFF, 0x22, 0x23, 0x21, 0x01, 0x32, 0x32, 0x23
    .byte   0x22, 0x33, 0x30, 0xFD, 0xDE, 0xD1, 0x22, 0xEE, 0x11, 0x22, 0x23, 0xEE, 0xCF, 0xFE, 0x11, 0xEE
    .byte   0xDE, 0x12, 0x12, 0x2F, 0xE0, 0x13,   12, 0x01, 0x2F, 0xEE, 0x02, 0x11, 0x0E, 0xEE, 0xF0, 0x2F
    .byte   0xFE, 0x0E, 0x0E, 0x1E, 0xED, 0xDF, 0xFF, 0xFE, 0xEE, 0xEF, 0x22, 0x22, 0x12, 0x20, 0x32, 0x22
    .byte   0x22, 0x23, 0x33, 0x33, 0xEF, 0xDE, 0xDE,   15, 0x01, 0x1E, 0x12, 0x22, 0x22, 0x20, 0xDD, 0xFE
    .byte   0xEE, 0xFE, 0xEE, 0xE0, 0x22, 0x20, 0x10, 0x11, 0x12, 0x21, 0xEE, 0x00, 0x00, 0x2F, 0xEE, 0xE2
    .byte   0x01, 0xFF, 0x0D, 0xFE, 0x2F, 0xEE, 0xEE, 0xDF,  -36, 0x0F, 0xFE, 0xEE, 0xF2, 0x13, 0x21, 0xF0
    .byte   0x20, 0x32, 0x32, 0x12, 0x23, 0x34, 0x31, 0xED, 0xDE, 0xD2, 0xF2, 0xEE, 0x2F, 0x32, 0x23, 0xEE
    .byte   0xDD, 0xEE, 0x1E, 0xFE, 0xDF, 0xE3, 0x12, 0x21, 0xFF,    6, 0x01, 0x21, 0xF0, 0xEE, 0x11, 0x21
    .byte   0x1E, 0xF0, 0xE1, 0x11, 0x1E, 0xDE, 0x10, 0xEF, 0xFE, 0xED, 0x01, 0xEE, 0xD1, 0x0E, 0x12, 0x31
    .byte   0xF1, 0x32, 0xF1, 0x32, 0x12, 0x23, 0x23, 0x33, 0x2E, 0xEE,   26, 0x0D, 0x12, 0x1F, 0xEF, 0x22
    .byte   0x22, 0x2E, 0xED, 0xEF, 0xEF, 0xEF, 0xEE, 0xEF, 0x22, 0x21, 0x00, 0xF1, 0x12, 0x11, 0xEF, 0xFF
    .byte   0xF2, 0x21, 0xEE, 0x11, 0xF1, 0x0F, 0xED, 0xE0, 0x1F, 0xEF, 0xED,  -30, 0x0F, 0x1E, 0xEE, 0xEE
    .byte   0x02, 0x21, 0x00, 0x12, 0x23, 0x11, 0x01, 0x13, 0x33, 0x32, 0x31, 0x11, 0x00, 0xEE, 0xEF, 0x1F
    .byte   0x02, 0x22, 0xF2, 0xF1, 0xED, 0x2D, 0xEE, 0xEF, 0xEE, 0xF0, 0x21, 0x22,    7, 0x01, 0x11, 0xE0
    .byte   0x0F, 0xE0, 0x22, 0x10, 0xF1, 0x0F, 0xF0, 0x1E, 0xEE, 0xF1, 0x0E, 0x01, 0xFD, 0xEE, 0xEE, 0xEE
    .byte   0x00, 0xE0, 0x11, 0x2F, 0x02, 0x2F, 0x01, 0x22, 0xF2, 0x23, 0x23, 0x23, 0x32,   32, 0x00, 0x0E
    .byte   0xEF, 0x10, 0x0F, 0xF2, 0x11, 0x20, 0x2E, 0xEE, 0xEE, 0xEF, 0xEF, 0xEE, 0x1F, 0x12, 0x02, 0xFF
    .byte   0xF0, 0x10, 0x1F, 0xFF, 0x10, 0x20, 0x11, 0x20, 0xEF, 0xFE, 0xEE, 0xF0, 0x1E, 0x0F,  -11, 0x0E
    .byte   0x0F, 0xEE, 0xDE, 0xEE, 0x01, 0x10, 0xF2, 0x12, 0x2F, 0x1F, 0xF1, 0x32, 0x23, 0x12, 0x23, 0x41
    .byte   0x10, 0xEF, 0xE2, 0x20, 0x0E, 0xF0, 0x22, 0x22, 0xEE, 0xDE, 0x1F, 0x1E, 0xEE, 0xD0, 0x02,    6
    .byte   0x0F, 0x1F, 0xFF, 0xF2, 0x10, 0xFE, 0x0F, 0x02, 0x22, 0x10, 0xE0, 0xFE, 0xFF, 0xFE, 0xFF, 0xEF
    .byte   0xFF, 0x00, 0xEE, 0xEF, 0xEE, 0xEF, 0xFE, 0xE2, 0x11, 0x11, 0x22, 0x1F, 0x12, 0xF1, 0x32, 0x32
    .byte      7, 0x03, 0x21, 0x12, 0x1F, 0xF0, 0x2E, 0xE2, 0x22, 0xF1, 0x30, 0xED, 0xF0, 0xEE, 0xEF, 0xED
    .byte   0xE2, 0x01, 0x11, 0x0F, 0xF1, 0x11, 0x0E, 0xE0, 0x0F, 0x22, 0x22, 0xE1, 0x00, 0xE0, 0x2E, 0xEE
    .byte   0xFF,   -8, 0x0F, 0x11, 0xFE, 0xFF, 0xDE, 0xE0, 0xEE, 0xE1, 0x01, 0x12, 0x2F, 0x01, 0x02, 0x01
    .byte   0x22, 0x20, 0x33, 0x23, 0x02, 0x00, 0x11, 0x20, 0x1F, 0x02, 0x01, 0x21, 0xFF, 0xEF, 0xFE, 0xFE
    .byte   0xFE, 0xEE,    4, 0x01, 0x00, 0x2F, 0xFF, 0xF1, 0x0F, 0xEE, 0x01, 0x01, 0x22, 0x10, 0x12, 0xEE
    .byte   0xF0, 0x0E, 0xEF, 0xF0, 0xE1, 0x10, 0xFE, 0x0E, 0xEE, 0x0E, 0xEE, 0xE1, 0x10, 0x22, 0x0F, 0x11
    .byte   0x01, 0x11, 0x22,  -17, 0x02, 0x32, 0x31, 0x21, 0x11, 0xF2, 0x2F, 0x1E, 0x22, 0x12, 0x02, 0xEE
    .byte   0x0E, 0x0F, 0x0E, 0xEE, 0xFE, 0x12, 0xFF, 0xFF, 0xFF, 0x01, 0x1F, 0xEE, 0x11, 0xE2, 0x21, 0xF0
    .byte   0x02, 0x0F, 0x0F, 0xEE,   -6, 0x00, 0xFF, 0x01, 0x0F, 0xEF, 0x0E, 0xFE, 0xEE, 0xEE, 0xF1, 0x11
    .byte   0x21, 0xF1, 0x12, 0x11, 0x11, 0x22, 0x12, 0x32, 0x21, 0x02, 0xF2, 0x02, 0x1F, 0x0F, 0x22, 0x02
    .byte   0x11, 0xEE, 0x00, 0xF0, 0xFE,   13, 0x0D, 0x02, 0x12, 0x10, 0xFE, 0x00, 0x11, 0xFE, 0xEE, 0xE2
    .byte   0x22, 0x11, 0x0F, 0x0E, 0x11, 0xFE, 0xEE, 0xFF, 0xF1, 0x1F, 0xF0, 0xE0, 0xEF, 0xFF, 0xEF, 0xEF
    .byte   0xFF, 0x21, 0x01, 0x11, 0x11, 0x11,  -21, 0x02, 0xF2, 0x21, 0x32, 0x21, 0x12, 0x01, 0x10, 0x2F
    .byte   0x11, 0x02, 0x10, 0x20, 0xE0, 0xFF, 0xFF, 0x1E, 0xEE, 0xF0, 0xF1, 0x11, 0x0F, 0xE1, 0x1F, 0xEF
    .byte   0x0E, 0xE1, 0x22, 0x20, 0x1F, 0xEF, 0xE2,    2, 0x0E, 0xFE, 0xEF, 0x01, 0x21, 0x0E, 0xE0, 0xE0
    .byte   0xEF, 0xFE, 0xFF, 0x01, 0x22, 0x10, 0xEE, 0x21, 0x02, 0x02, 0x01, 0x12, 0x23, 0x11, 0x20, 0xFF
    .byte   0x22, 0x00, 0x1F, 0x02, 0x02, 0x0F, 0xF0, 0xFF,   19, 0x02, 0x0E, 0xFE, 0x0E, 0xF1, 0x11, 0xE1
    .byte   0x10, 0x10, 0x0F, 0xEE, 0xF1, 0x10, 0x21, 0xFF, 0xEF, 0x1F, 0x0F, 0x0E, 0xE0, 0xF1, 0xF0, 0xEF
    .byte   0x0E, 0x1F, 0xFF, 0xFF, 0xF0, 0xF0, 0x0F, 0x00, 0x21,  -19, 0x00, 0x00, 0x11, 0x22, 0x00, 0x12
    .byte   0x22, 0x02, 0x2F, 0xF0, 0x02, 0xF1, 0x1F, 0xE1, 0x22, 0x21, 0xFF, 0xEF, 0x12, 0x10, 0xDE, 0xFF
    .byte   0x12, 0x2F, 0xEF, 0x0F, 0x01, 0x1F, 0xEE, 0x1F, 0x0F, 0x11,    2, 0x0E, 0x02, 0x0E, 0x10, 0xEE
    .byte   0xF1, 0xFF, 0x0F, 0x0E, 0xF1, 0x0F, 0xE1, 0x0F, 0x11, 0x11, 0xF1, 0x1F, 0x01, 0x0E, 0x11, 0x22
    .byte   0x01, 0x0F, 0x02, 0x20, 0x12, 0xF1, 0x02, 0x21, 0xFF, 0xF1, 0xF2,   15, 0x00, 0x0F, 0x01, 0x11
    .byte   0x10, 0xFF, 0x0E, 0x11, 0x11, 0x0E, 0xEE, 0x11, 0x21, 0xFF, 0x0F, 0xF1, 0x0F, 0xFE, 0xEE, 0x01
    .byte   0x22, 0x0E, 0x0E, 0x01, 0x1F, 0xFE, 0xE0, 0x12, 0x10, 0xFE, 0xE1, 0x01,  -13, 0x00, 0xFF, 0xF0
    .byte   0x20, 0x10, 0xF1, 0x1F, 0x10, 0x01, 0x1F, 0x02, 0x00, 0x12, 0xF1, 0x02, 0xFF, 0x10, 0x12, 0x01
    .byte   0x0E, 0x02, 0x10, 0x01, 0x10, 0xF1, 0x2F, 0xEE, 0xFF, 0x01, 0x21, 0xF0, 0x1F,   10, 0x0F, 0xF0
    .byte   0xEF, 0xF0, 0x20, 0x1F, 0x0E, 0xF1, 0x10, 0x0E, 0x0E, 0x01, 0x10, 0x0F, 0xE1, 0x00, 0x20, 0x0E
    .byte   0x00, 0x00, 0x00, 0x0E, 0x00, 0x12, 0x01, 0x0E, 0x00, 0x02, 0x01, 0x0E, 0x01, 0x11,   -3, 0x00
    .byte   0x0E, 0x01, 0x22, 0x0F, 0xFF, 0x01, 0x22, 0xFE, 0xF0, 0x10, 0x21, 0xFF, 0xF0, 0x02, 0x0F, 0xFF
    .byte   0xF1, 0x21, 0xFF, 0xEE, 0x00, 0x2F, 0x0F, 0x01, 0x12, 0x1F, 0xEE, 0x0E, 0x01, 0x00, 0x01,   -1
    .byte   0x00, 0x12, 0x0F, 0xEE, 0x00, 0x02, 0x0E, 0x0F, 0x10, 0x21, 0x0F, 0xEF, 0x10, 0x11, 0x0E, 0xF0
    .byte   0x12, 0x10, 0xF0, 0xEF, 0x2F, 0x20, 0xE0, 0x01, 0x12, 0xFF, 0xE0, 0x02, 0x11, 0x0F, 0xF0, 0x12
    .byte      4, 0x00, 0xFF, 0xF0, 0x11, 0x10, 0xF1, 0x11, 0x10, 0x1E, 0xFF, 0x01, 0x00, 0x0F, 0xF1, 0x11
    .byte   0x0F, 0xFF, 0x01, 0x0F, 0xFF, 0xF0, 0x02, 0xFF, 0xF0, 0x1F, 0x11, 0x0F, 0xE1, 0x11, 0x10, 0x0F
    .byte   0xF0,    0, 0x01, 0x1F, 0x0E, 0xF1, 0x11, 0x0F, 0x0F, 0x02, 0x0F, 0xFF, 0xF0, 0xF1, 0x10, 0x00
    .byte   0x10, 0x0F, 0x0F, 0x01, 0x11, 0x1F, 0xF0, 0x1F, 0x11, 0x01, 0x0F, 0x1E, 0x00, 0x11, 0x01, 0x1F
    .byte   0x11, 0x10,    3, 0x0F, 0x0E, 0xF1, 0x11, 0x1F, 0x01, 0x11, 0x1F, 0xFF, 0x01, 0xF1, 0x0F, 0x0F
    .byte   0xE2, 0xFF, 0x11, 0x11, 0x1F, 0xFF, 0xF0, 0xF1, 0xF0, 0xF0, 0x12, 0x00, 0xFF, 0xF0, 0x11, 0xFF
    .byte   0xFF, 0x11, 0x11,    2, 0x0F, 0xF0, 0x02, 0x00, 0xEF, 0xF0, 0x11, 0x10, 0xFF, 0x02, 0x00, 0xFE
    .byte   0xFF, 0x00, 0x20, 0xF0, 0x11, 0xF1, 0x10, 0xE0, 0x00, 0x10, 0x11, 0xFF, 0x11, 0x00, 0x1F, 0xF0
    .byte   0x10, 0x1F, 0x0F, 0xF0,    0, 0x01, 0xF0, 0x11, 0xF0, 0xFF, 0x0F, 0x11, 0x01, 0x01, 0xF0, 0x01
    .byte   0x0F, 0xFF, 0xF1, 0x11, 0x10, 0x0F, 0xF0, 0x11, 0xF0, 0xFF, 0xF1, 0x11, 0xFF, 0x00, 0x11, 0x10
    .byte   0xFF, 0xF0, 0x01, 0x01, 0xFF,   -1, 0x01, 0x1F, 0x0F, 0xF1, 0x11, 0x0F, 0xF0, 0xF1, 0x11, 0x0F
    .byte   0xFF, 0x11, 0x10, 0xFF, 0xF0, 0x11, 0x1F, 0xF0, 0x11, 0x10, 0xF0, 0xFF, 0x00, 0x10, 0x10, 0x00
    .byte   0x10, 0x0F, 0x0F, 0x00, 0x00, 0xF0,   -1, 0x00, 0x10, 0x0F, 0x10, 0x10, 0x00, 0xFF, 0x00, 0x10
    .byte   0x10, 0xF1, 0xF1, 0x0F, 0x01, 0xF0, 0x10, 0x0F, 0x00, 0x0F, 0x00, 0x00, 0x10, 0x10, 0xF0, 0xF1
    .byte   0x00, 0x00, 0xF0, 0xF0, 0x01, 0x01, 0xF1,    0, 0x01, 0x00, 0xF0, 0xFF, 0x10, 0x00, 0x10, 0xF1
    .byte   0x10, 0x1F, 0xF0, 0xF1, 0x00, 0xF1, 0x1F, 0x10, 0x00, 0xFF, 0x01, 0x00, 0x00, 0xF1, 0x1F, 0x0F
    .byte   0x1F, 0x10, 0x10, 0x0F, 0xF0, 0x10, 0x01, 0x0F,    1, 0x01, 0x00, 0xFF, 0x0F, 0x1F, 0x10, 0x0F
    .byte   0x11, 0xF1, 0xF0, 0x00, 0xF1, 0x0F, 0x10, 0x00, 0xF1, 0xF0, 0x10, 0x10, 0xFF, 0x1F, 0x01, 0x00
    .byte   0x00, 0xF1, 0x00, 0x01, 0xFF, 0x10, 0xF1, 0x0F, 0x1F,   -1, 0x00, 0x01, 0x00, 0x01, 0xF1, 0xF0
    .byte   0x0F, 0x10, 0x0F, 0x10, 0x01, 0xF0, 0x1F, 0x00, 0x00, 0x1F, 0x01, 0x0F, 0x10, 0xF0, 0xF1, 0x00
    .byte   0x1F, 0x10, 0x0F, 0x10, 0xF0, 0x00, 0x00, 0x00, 0x1F, 0x00,    0, 0x00, 0x00, 0x00, 0x00, 0x0F
    .byte   0x00, 0x10, 0x10, 0xFF, 0x00, 0x01, 0x0F, 0x1F, 0x10, 0x1F, 0xF0, 0x00, 0x10, 0x00, 0x00, 0xF1
    .byte   0x1F, 0x10, 0xF0, 0x01, 0x0F, 0xF1, 0xF0, 0x10, 0x1F, 0x10, 0x0F,    0, 0x0F, 0x00, 0x10, 0x01
    .byte   0xF0, 0x00, 0xF1, 0x10, 0xF0, 0xF1, 0x01, 0xF0, 0x00, 0xF1, 0x00, 0xF1, 0xF1, 0x10, 0xF0, 0x00
    .byte   0x0F, 0x10, 0x0F, 0x10, 0x1F, 0x00, 0xF1, 0x00, 0x1F, 0x1F, 0x01, 0x0F,    0, 0x00, 0x00, 0x1F
    .byte   0x1F, 0x00, 0x00, 0xF1, 0xF1, 0xF1, 0x0F, 0x1F, 0x10, 0x0F, 0x10, 0x0F, 0x1F, 0x01, 0xF0, 0x01
    .byte   0x00, 0x01, 0xF0, 0xF1, 0xF1, 0x01, 0x0F, 0x00, 0xF1, 0x00, 0x01, 0xF0, 0x01,    0, 0x00, 0x1F
    .byte   0xF1, 0x01, 0xF0, 0x00, 0x0F, 0x10, 0x01, 0xF0, 0x01, 0xFF, 0x10, 0x0F, 0x10, 0x00, 0xF1, 0x00
    .byte   0x1F, 0x00, 0x00, 0x1F, 0x01, 0x0F, 0x00, 0x1F, 0x00, 0x00, 0x00, 0x1F, 0x01, 0x00,    0, 0x0F
    .byte   0x10, 0x00, 0x00, 0x00, 0xF0, 0x1F, 0x01, 0x00, 0x01, 0xF0, 0x00, 0x00, 0x00, 0x10, 0xF1, 0xF1
    .byte   0xF0, 0x00, 0xF1, 0x00, 0x01, 0xF0, 0x00, 0x00, 0xF1, 0x0F, 0x1F, 0x10, 0x01, 0xFF, 0x00,    0
    .byte   0x00, 0x00, 0x00, 0x00, 0x01, 0x0F, 0x00, 0x00, 0x1F, 0x00, 0x01, 0xF1, 0xF0, 0xF1, 0x1F, 0x1F
    .byte   0x10, 0xF0, 0x00, 0x00, 0x00, 0xF1, 0x00, 0x1F, 0x1F, 0x00, 0xF1, 0x00, 0xF1, 0x00, 0x00, 0x01
    .byte      0, 0x00, 0x00, 0x00, 0x0F, 0x10, 0x00, 0x00, 0x00, 0x0F, 0x01, 0x00, 0x0F, 0x10, 0x01, 0x0F
    .byte   0x00, 0xF1, 0x00, 0xF1, 0x00, 0xF1, 0x00, 0x00, 0x0F, 0x10, 0x01, 0xF0, 0x0F, 0x01, 0x00, 0x01
    .byte   0xF0,    0, 0x00, 0xF0, 0x11, 0xF0, 0x00, 0x00, 0x00, 0xF1, 0x0F, 0x11, 0xF0, 0x0F, 0x10, 0x00
    .byte   0x00, 0xF0, 0x10, 0x1F, 0x00, 0x0F, 0x10, 0x00, 0xF0, 0x10, 0x01, 0xF0, 0xF1, 0xF1, 0x00, 0x00
    .byte   0x10, 0x0F,    0, 0x00, 0x1F, 0x00, 0x1F, 0xF1, 0x0F, 0x01, 0x0F, 0x10, 0x00, 0x00, 0x0F, 0x10
    .byte   0x00, 0x1F, 0x0F, 0x01, 0x00, 0xF1, 0x00, 0x1F, 0x00, 0x00, 0x00, 0x01, 0xF0, 0xF1, 0x00, 0x1F
    .byte   0x0F, 0x10, 0x01,   -1, 0x01, 0x00, 0x00, 0x01, 0xF0, 0x1F, 0x00, 0xF1, 0x00, 0xF0, 0x10, 0x00
    .byte   0x00, 0x00, 0x00, 0x0F, 0x1F, 0x10, 0x01, 0x0F, 0x00, 0xF1, 0x0F, 0x10, 0x1F, 0x00, 0x00, 0x1F
    .byte   0x00, 0x00, 0x1F, 0x0F,    1, 0x0F, 0x10, 0xF0, 0x00, 0xF1, 0x00, 0x00, 0x00, 0x00, 0x00, 0x00
    .byte   0x00, 0x00, 0x0F, 0x10, 0x00, 0x1F, 0x00, 0x0F, 0x11, 0xF0, 0x00, 0x00, 0xF1, 0x00, 0xF1, 0x00
    .byte   0x00, 0x0F, 0x01, 0x00, 0x0F,    0, 0x00, 0x01, 0xFF, 0x1F, 0x01, 0x01, 0xFF, 0x10, 0x00, 0xF1
    .byte   0x00, 0x01, 0xF1, 0xF0, 0x00, 0x00, 0x01, 0xFF, 0x01, 0x0F, 0x11, 0x0F, 0x00, 0x00, 0x1F, 0x0F
    .byte   0x01, 0x01, 0xF0, 0x00, 0x00, 0x00,    0, 0x01, 0xF0, 0x1F, 0x00, 0x00, 0x00, 0xF1, 0x1F, 0x0F
    .byte   0x10, 0xF1, 0x1F, 0x00, 0xF1, 0xF1, 0x00, 0x1F, 0x00, 0x00, 0x01, 0xF1, 0xF0, 0x00, 0x00, 0x00
    .byte   0x00, 0xF1, 0x1F, 0x00, 0x00, 0x1F, 0x00,    0, 0x01, 0xF0, 0x00, 0x0F, 0x10, 0x0F, 0x10, 0x0F
    .byte   0x10, 0x01, 0xF0, 0x00, 0x00, 0x00, 0x00, 0x1F, 0x00, 0x01, 0xFF, 0x10, 0x01, 0xF1, 0xF1, 0xF0
    .byte   0xF1, 0x0F, 0x10, 0x00, 0x00, 0x00, 0x00, 0x0F,    1, 0x0F, 0x1F, 0x00, 0x1F, 0x00, 0x1F, 0x00
    .byte   0x00, 0x0F, 0x00, 0x10, 0x0F, 0x10, 0x00, 0x00, 0x00, 0x1F, 0x0F, 0x10, 0x00, 0x00, 0x1F, 0x0F
    .byte   0x10, 0x00, 0x0F, 0x10, 0xF1, 0x00, 0x00, 0x01, 0x0F,    0, 0x00, 0x00, 0x0F, 0x10, 0x00, 0x00
    .byte   0xF1, 0x0F, 0x10, 0x10, 0x0F, 0x01, 0xF0, 0x0F, 0x10, 0x00, 0x00, 0x00, 0x01, 0x0F, 0x00, 0x00
    .byte   0x00, 0x00, 0x1F, 0x00, 0x00, 0x00, 0x0F, 0x10, 0x00, 0x00,    1, 0x0F, 0xF1, 0x00, 0xF1, 0x1F
    .byte   0x00, 0x00, 0x0F, 0x10, 0x00, 0x01, 0xF0, 0x00, 0xF1, 0x00, 0x01, 0xFF, 0x10, 0xF1, 0x00, 0x00
    .byte   0x00, 0x00, 0xF1, 0x01, 0xF0, 0xF1, 0x0F, 0x1F, 0x10, 0x00, 0x0F,    0, 0x00, 0x00, 0x0F, 0x10
    .byte   0x00, 0x00, 0x00, 0x00, 0x1F, 0x00, 0x00, 0x00, 0x00, 0xF1, 0x00, 0x00, 0x1F, 0x00, 0x00, 0x00
    .byte   0xF1, 0x1F, 0x00, 0x1F, 0x00, 0x00, 0x00, 0x01, 0xF1, 0x0F, 0x00, 0x00,    0, 0x0F, 0x1F, 0x11
    .byte   0xF0, 0x00, 0x01, 0x0F, 0x0F, 0x10, 0x00, 0x01, 0xF0, 0x01, 0x0F, 0x01, 0xF1, 0xF0, 0x00, 0x00
    .byte   0x1F, 0x00, 0xF1, 0x00, 0x00, 0x00, 0x1F, 0x00, 0xF1, 0xF1, 0x00, 0x01, 0xF0,    0, 0x00, 0x00
    .byte   0x00, 0x01, 0x0F, 0x01, 0xF0, 0x1F, 0x10, 0xF0, 0xF1, 0xF1, 0x01, 0xFF, 0x10, 0x00, 0x10, 0xF1
    .byte   0xF1, 0xF0, 0xF1, 0x00, 0xF1, 0xF1, 0x00, 0x1F, 0x00, 0x00, 0x1F, 0xF1, 0x1F, 0x00,    0, 0x01
    .byte   0xF0, 0x0F, 0x01, 0x00, 0x00, 0x00, 0x0F, 0x11, 0xF0, 0x00, 0x1F, 0x01, 0xF0, 0x0F, 0x10, 0x00
    .byte   0x01, 0x00, 0xF0, 0x00, 0x0F, 0x01, 0x00, 0x01, 0xF0, 0x00, 0xF1, 0x00, 0xF1, 0x1F, 0x00,   -1
    .byte   0x00, 0x10, 0x00, 0x00, 0x00, 0x1F, 0x00, 0x10, 0xF1, 0xF0, 0xF1, 0x0F, 0x10, 0x00, 0x0F, 0x10
    .byte   0x00, 0x01, 0xF0, 0x00, 0xF0, 0x10, 0x00, 0x00, 0x00, 0x01, 0xF0, 0x0F, 0x10, 0x00, 0x00, 0x0F
    .byte      0, 0x00, 0x00, 0x00, 0x00, 0xF1, 0x0F, 0x10, 0x00, 0x00, 0x0F, 0x10, 0x00, 0x0F, 0x10, 0x00
    .byte   0x00, 0x00, 0x00, 0x1F, 0x00, 0x00, 0x00, 0x0F, 0x10, 0x00, 0x1F, 0x00, 0x0F, 0x11, 0xF0, 0x00
    .byte   0x10,    0, 0x01, 0x0F, 0x00, 0x01, 0xF0, 0x00, 0x0F, 0x01, 0x00, 0x1F, 0x0F, 0x10, 0x0F, 0x10
    .byte   0x1F, 0x0F, 0x10, 0x0F, 0x10, 0x00, 0x00, 0x1F, 0x01, 0xF0, 0x00, 0x00, 0x00, 0xF1, 0x00, 0x0F
    .byte   0x10, 0x00,    0, 0x00, 0xF1, 0x0F, 0x10, 0x00, 0x0F, 0x11, 0xFF, 0x10, 0xF1, 0x00, 0x0F, 0x10
    .byte   0xF1, 0x00, 0x00, 0xF0, 0x11, 0xF0, 0x00, 0x00, 0x00, 0xF1, 0x10, 0xF0, 0x01, 0x0F, 0x00, 0x1F
    .byte   0x0F, 0x11, 0x0F,    0, 0x00, 0x00, 0x1F, 0x00, 0x00, 0xF1, 0x00, 0xF1, 0x00, 0xF1, 0x0F, 0x10
    .byte   0xF1, 0xF0, 0x11, 0xF0, 0x01, 0xF0, 0x01, 0xF1, 0x0F, 0x1F, 0x00, 0x1F, 0x00, 0x1F, 0xF1, 0x00
    .byte   0xF1, 0x00, 0x00, 0x00,    0, 0x00, 0x00, 0x00, 0x00, 0x00, 0x00, 0x1F, 0x1F, 0x00, 0x1F, 0x01
    .byte   0xF0, 0x01, 0xF0, 0x0F, 0x10, 0x01, 0xF1, 0x0F, 0x00, 0xF1, 0x1F, 0xF1, 0x00, 0x00, 0x1F, 0x00
    .byte   0x1F, 0x00, 0x00, 0x00, 0x10,    0, 0x00, 0x00, 0x01, 0xF1, 0xF0, 0x00, 0x00, 0x00, 0x00, 0x00
    .byte   0x00, 0x00, 0x0F, 0x10, 0x1F, 0x00, 0x00, 0xF1, 0x00, 0xF1, 0x00, 0x1F, 0x1F, 0x00, 0x1F, 0x00
    .byte   0x01, 0xF1, 0xF0, 0x00, 0x00, 0x1F,    0, 0x01, 0xF1, 0xF0, 0xF0, 0x10, 0x00, 0x00, 0x00, 0x00
    .byte   0x01, 0xF1, 0xF1, 0xF0, 0x00, 0x00, 0x1F, 0x0F, 0x10, 0x00, 0x00, 0x00, 0x10, 0xF0, 0x1F, 0x1F
    .byte   0x00, 0x00, 0x00, 0x00, 0x00, 0xF1, 0xF0,   -1, 0x01, 0xF1, 0xF1, 0x0F, 0x1F, 0x1F, 0x01, 0x00
    .byte   0x00, 0x00, 0x00, 0x00, 0xF1, 0x00, 0x1F, 0x01, 0x00, 0xF0, 0x00, 0xF1, 0x00, 0x00, 0x0F, 0x10
    .byte   0x00, 0xF1, 0x00, 0x00, 0x0F, 0x01, 0x00, 0x01,    0, 0x00, 0xF1, 0x00, 0x1F, 0x1F, 0x1F, 0x00
    .byte   0x00, 0x00, 0x00, 0x01, 0xF0, 0x00, 0x00, 0x01, 0x0F, 0x00, 0x00, 0x0F, 0x10, 0x00, 0xF1, 0x00
    .byte   0x0F, 0x1F, 0x01, 0x00, 0xF1, 0x00, 0xF1, 0xF1, 0x00,    0, 0x00, 0xF1, 0x10, 0xF0, 0xF0, 0x01
    .byte   0x00, 0x00, 0x0F, 0x10, 0x0F, 0x10, 0x1F, 0x00, 0x00, 0x00, 0xF1, 0x00, 0x00, 0x01, 0xFF, 0x01
    .byte   0xF0, 0x10, 0x01, 0xF0, 0x10, 0xF0, 0x00, 0x1F, 0x00, 0x01,    0, 0x00, 0x01, 0xF0, 0x00, 0xF1
    .byte   0x00, 0x01, 0xF0, 0x00, 0x00, 0x00, 0x00, 0x00, 0x00, 0x0F, 0x10, 0x00, 0x00, 0x00, 0x1F, 0x1F
    .byte   0x00, 0x00, 0x0F, 0x10, 0x00, 0x0F, 0x10, 0x00, 0x1F, 0x00, 0x00,    0, 0x00, 0x00, 0x00, 0x00
    .byte   0x1F, 0x1F, 0x00, 0x00, 0x00, 0x0F, 0x10, 0x0F, 0x10, 0x00, 0x00, 0x00, 0xF1, 0x00, 0xF1, 0x0F
    .byte   0x01, 0x1F, 0x00, 0x1F, 0x00, 0xF1, 0x10, 0x0F, 0x00, 0x00, 0x0F, 0x10,   -1, 0x00, 0x1F, 0x01
    .byte   0x00, 0x1F, 0x01, 0xFF, 0x10, 0x1F, 0x0F, 0x10, 0x1F, 0xF1, 0x0F, 0x10, 0x00, 0x00, 0xF0, 0x10
    .byte   0x00, 0x0F, 0x1F, 0x10, 0xF1, 0xF1, 0x01, 0xF0, 0xF1, 0x00, 0xF1, 0x00, 0x00,    0, 0x00, 0x00
    .byte   0xF1, 0x0F, 0x10, 0x01, 0xF0, 0x00, 0x01, 0xF0, 0x0F, 0x10, 0x00, 0x00, 0x1F, 0x00, 0x00, 0xF1
    .byte   0x1F, 0x00, 0x0F, 0x10, 0x01, 0xF0, 0x0F, 0x11, 0xF0, 0x00, 0x00, 0x00, 0x0F, 0x1F,    0, 0x00
    .byte   0x1F, 0xF1, 0x00, 0x1F, 0x00, 0x01, 0xF0, 0xF1, 0x01, 0xF0, 0x00, 0x00, 0x00, 0x1F, 0x00, 0x10
    .byte   0xF0, 0x0F, 0x10, 0x00, 0x0F, 0x10, 0x00, 0x10, 0xF0, 0x00, 0x00, 0x00, 0x00, 0x00, 0x01,    0
    .byte   0x00, 0x01, 0xF0, 0x00, 0x01, 0xFF, 0x01, 0x00, 0x10, 0xF0, 0xF1, 0x00, 0x00, 0x00, 0x00, 0x1F
    .byte   0x00, 0x00, 0x0F, 0x11, 0xF0, 0x00, 0x00, 0x0F, 0x10, 0x00, 0x01, 0xF1, 0x0F, 0x00, 0x00, 0x00
    .byte      0, 0x00, 0x0F, 0x10, 0x00, 0x00, 0x10, 0xF0, 0x00, 0x01, 0xF0, 0x00, 0x00, 0x00, 0x00, 0x01
    .byte   0xF1, 0x0F, 0x01, 0xF0, 0x00, 0x01, 0xF0, 0x00, 0x0F, 0x10, 0x00, 0x00, 0xF1, 0x0F, 0x10, 0x00
    .byte   0xF1,    0, 0x00, 0x00, 0x0F, 0x10, 0xF1, 0x10, 0xF0, 0x00, 0x00, 0xF1, 0x00, 0x00, 0x00, 0x00
    .byte   0x00, 0x00, 0x00, 0x1F, 0x00, 0x00, 0x00, 0x10, 0xFF, 0x10, 0x01, 0xF0, 0x0F, 0x10, 0x10, 0xF0
    .byte   0x00, 0x00,    0, 0x00, 0x00, 0x00, 0x00, 0x1F, 0x01, 0xF0, 0x00, 0x00, 0xF1, 0x00, 0x00, 0x00
    .byte   0x00, 0x00, 0x0F, 0x10, 0x00, 0x00, 0x00, 0x0F, 0x10, 0x00, 0x1F, 0x00, 0x00, 0xF1, 0x00, 0x0F
    .byte   0x10, 0x00, 0xF1,    0, 0x00, 0x1F, 0xF0, 0x10, 0x1F, 0x00, 0x00, 0xF1, 0x00, 0x0F, 0x10, 0xF1
    .byte   0x00, 0x00, 0x00, 0x01, 0xF0, 0x1F, 0x00, 0x0F, 0x10, 0x0F, 0x10, 0x00, 0x00, 0xF1, 0x00, 0x00
    .byte   0x00, 0x00, 0x0F, 0x11,    0, 0x00, 0x1F, 0x00, 0x00, 0x00, 0x1F, 0x00, 0x1F, 0x00, 0x1F, 0xF0
    .byte   0x10, 0x0F, 0x1F, 0x1F, 0x01, 0x1F, 0xF1, 0x00, 0x1F, 0x00, 0x00, 0x01, 0x0F, 0x00, 0x00, 0x00
    .byte   0x00, 0x1F, 0x00, 0x00, 0x00,    0, 0x01, 0x0F, 0x1F, 0xF0, 0x10, 0x0F, 0x10, 0x00, 0x00, 0x00
    .byte   0x1F, 0x00, 0x00, 0x00, 0xF1, 0xF1, 0x00, 0x00, 0x00, 0x00, 0x00, 0x0F, 0x11, 0xF0, 0x00, 0x00
    .byte   0x00, 0x10, 0xF1, 0xF0, 0x01, 0xF0,    0, 0x00, 0x00, 0x00, 0x0F, 0x01, 0x00, 0xF1, 0x00, 0x01
    .byte   0xF0, 0x0F, 0x10, 0x10, 0xF0, 0xF1, 0x00, 0x10, 0xF1, 0xF1, 0xFF, 0x10, 0x1F, 0x00, 0xF1, 0x00
    .byte   0x0F, 0x10, 0x1F, 0x1F, 0x00, 0x00, 0x00,    0, 0x00, 0x00, 0x0F, 0x10, 0x0F, 0x01, 0x00, 0x00
    .byte   0xF1, 0xF1, 0x00, 0x01, 0xF0, 0x00, 0x00, 0x1F, 0x01, 0x0F, 0x0F, 0x1F, 0x1F, 0x11, 0xF1, 0x0F
    .byte   0x00, 0x00, 0x00, 0x00, 0x1F, 0x0F, 0x10, 0x1F,    0, 0x00, 0x00, 0x01, 0xF1, 0xF0, 0x00, 0x00
    .byte   0x00, 0x1F, 0x0F, 0x1F, 0x10, 0x01, 0xF0, 0x01, 0x0F, 0x00, 0x00, 0x00, 0x00, 0x1F, 0x00, 0xF1
    .byte   0x00, 0x00, 0xF0, 0x10, 0x00, 0xF1, 0xF1, 0xF1, 0x00,    0, 0x00, 0xF0, 0x10, 0x1F, 0x00, 0x00
    .byte   0x10, 0xF0, 0x00, 0x00, 0x0F, 0x11, 0xF0, 0x00, 0x00, 0x01, 0xF0, 0xF1, 0x00, 0x00, 0x1F, 0x00
    .byte   0xF1, 0x00, 0x00, 0x00, 0x00, 0x1F, 0xF1, 0x01, 0xF1, 0xF1,    0, 0x00, 0xF1, 0x00, 0x0F, 0x10
    .byte   0x00, 0xF1, 0x0F, 0x10, 0x00, 0x00, 0xF1, 0x1F, 0x00, 0x1F, 0x0F, 0x10, 0xF1, 0x01, 0xF1, 0xF0
    .byte   0x00, 0x00, 0x00, 0x01, 0xF1, 0xF0, 0x00, 0x00, 0x0F, 0x10, 0x00,    0, 0x0F, 0x01, 0x00, 0x00
    .byte   0x1F, 0x0F, 0x10, 0xF1, 0x00, 0x00, 0xF1, 0x00, 0x01, 0xF0, 0xF1, 0x00, 0x00, 0x1F, 0x00, 0x1F
    .byte   0xF0, 0x10, 0x01, 0xF1, 0xF1, 0xF0, 0x00, 0x00, 0x1F, 0x00, 0x0F, 0x10,    1, 0x0F, 0x00, 0x00
    .byte   0xF0, 0x10, 0x00, 0xF0, 0x10, 0x00, 0x0F, 0x1F, 0x10, 0x00, 0x00, 0x0F, 0x10, 0xF1, 0x0F, 0x10
    .byte   0x00, 0xF1, 0x00, 0x00, 0x10, 0xF0, 0x1F, 0x0F, 0x10, 0x1F, 0xF0, 0x10, 0x00,    1, 0x0F, 0xF1
    .byte   0x1F, 0x00, 0x00, 0x00, 0xF1, 0x00, 0x00, 0x10, 0xF0, 0x00, 0x00, 0x1F, 0x1F, 0x00, 0x01, 0xF0
    .byte   0x00, 0x00, 0x00, 0x00, 0x00, 0x00, 0x01, 0xF0, 0x1F, 0x00, 0x00, 0x1F, 0x00, 0x01,    0, 0x00
    .byte   0xF1, 0x00, 0x00, 0x00, 0xF1, 0x0F, 0x10, 0xF0, 0x10, 0x0F, 0x10, 0x00, 0x0F, 0x10, 0x00, 0x0F
    .byte   0x10, 0x00, 0x1F, 0xF1, 0x0F, 0x10, 0x00, 0x00, 0x00, 0x01, 0xF0, 0xF1, 0x00, 0x00, 0x0F,    0
    .byte   0x00, 0x00, 0x00, 0xF0, 0x10, 0xF1, 0x00, 0xF1, 0x00, 0x01, 0x0F, 0x0F, 0x10, 0x00, 0x1F, 0x1F
    .byte   0x00, 0x01, 0xF0, 0x00, 0x00, 0x00, 0x00, 0x0F, 0x10, 0x00, 0x00, 0x00, 0x00, 0x1F, 0x00, 0x00
    .byte     -1, 0x00, 0x10, 0x00, 0x01, 0xF1, 0xF0, 0x00, 0xF1, 0x1F, 0xF1, 0x10, 0xF0, 0x10, 0xF0, 0x00
    .byte   0x00, 0xF0, 0x10, 0x0F, 0x10, 0x00, 0x00, 0x00, 0x1F, 0x00, 0x00, 0x00, 0x1F, 0xF1, 0x00, 0x00
    .byte   0x00,    0, 0x00, 0x1F, 0x00, 0x00, 0x00, 0x00, 0x00, 0x00, 0x00, 0x00, 0xF1, 0x00, 0x00, 0x00
    .byte   0x00, 0x1F, 0x00, 0x00, 0x00, 0xF1, 0x00, 0x00, 0x00, 0xF1, 0x00, 0x01, 0xF0, 0x00, 0x00, 0x01
    .byte   0xFF, 0x10,    0, 0x00, 0x00, 0x00, 0x00, 0xF1, 0x00, 0x00, 0x00, 0x00, 0xF1, 0x00, 0x00, 0x00
    .byte   0xF1, 0x00, 0x00, 0x00, 0x00, 0x00, 0x1F, 0x0F, 0x10, 0x00, 0x00, 0x01, 0xF0, 0x0F, 0x11, 0xF0
    .byte   0x00, 0x00, 0x01,    0, 0x00, 0x00, 0x00, 0x01, 0xF0, 0x00, 0x1F, 0x00, 0x00, 0x00, 0x01, 0xF0
    .byte   0xF1, 0x00, 0x10, 0xF0, 0x00, 0x10, 0xF0, 0x1F, 0x1F, 0x0F, 0x10, 0x00, 0x00, 0x1F, 0x0F, 0x1F
    .byte   0x10, 0x01, 0x0F, 0x00,    1, 0x0F, 0x00, 0x00, 0x00, 0x00, 0x00, 0x00, 0x00, 0x00, 0x00, 0x00
    .byte   0x00, 0x00, 0x00, 0x10, 0xFF, 0x10, 0x00, 0x1F, 0x01, 0xF0, 0x01, 0xF0, 0xF1, 0x00, 0x1F, 0x01
    .byte   0xF0, 0x01, 0xFF, 0x1F, 0x11,    0, 0x00, 0x00, 0x00, 0x1F, 0x00, 0x0F, 0x10, 0x00, 0x00, 0x00
    .byte   0x0F, 0x10, 0x1F, 0x0F, 0x01, 0x00, 0x00, 0x00, 0x00, 0x00, 0x0F, 0x10, 0x00, 0x0F, 0x1F, 0x10
    .byte   0x00, 0x00, 0x0F, 0x01, 0x00, 0x00,    1, 0x0F, 0x0F, 0x10, 0x00, 0x00, 0xF1, 0x00, 0x00, 0x00
    .byte   0x1F, 0x00, 0x0F, 0x10, 0x00, 0x0F, 0x10, 0x1F, 0x1F, 0x01, 0xF0, 0x00, 0x00, 0x00, 0x00, 0x00
    .byte   0x01, 0xF0, 0xF1, 0x00, 0x00, 0x00, 0x01,    0, 0x00, 0x00, 0x00, 0x00, 0x00, 0x00, 0x1F, 0x00
    .byte   0x00, 0x00, 0x0F, 0x10, 0x00, 0x00, 0x00, 0xF1, 0x0F, 0x10, 0x01, 0xF1, 0x00, 0xFF, 0x00, 0x10
    .byte   0x00, 0x1F, 0x1F, 0x00, 0x00, 0x00, 0xF1, 0x00,    0, 0x00, 0x0F, 0x10, 0x00, 0x01, 0xF0, 0x1F
    .byte   0x00, 0xF1, 0x00, 0x00, 0x00, 0x01, 0xF1, 0xF0, 0x00, 0x00, 0x1F, 0x0F, 0x01, 0xF1, 0xF0, 0x10
    .byte   0x1F, 0x00, 0x0F, 0x10, 0xF1, 0x00, 0x01, 0xF0, 0x00,    0, 0x00, 0x01, 0xF0, 0x01, 0x0F, 0x00
    .byte   0x00, 0x00, 0x01, 0xF1, 0xF0, 0x1F, 0x00, 0x00, 0x00, 0x00, 0x0F, 0x10, 0x00, 0x01, 0xF0, 0x00
    .byte   0x00, 0x0F, 0x10, 0x01, 0xF1, 0xF0, 0x00, 0x00, 0x01, 0xF0,   -1, 0x01, 0x00, 0x00, 0x00, 0x00
    .byte   0x1F, 0x1F, 0x1F, 0x1F, 0x1F, 0x00, 0xF0, 0x1F, 0x10, 0x0F, 0x11, 0xF0, 0x1F, 0x1F, 0x00, 0x00
    .byte   0x00, 0x00, 0x00, 0x1F, 0x00, 0x00, 0xF1, 0x00, 0x00, 0xF1, 0x0F,    0, 0x01, 0xF0, 0xF1, 0x1F
    .byte   0x00, 0x00, 0x00, 0x0F, 0x10, 0x00, 0xF1, 0x01, 0x0F, 0x00, 0x00, 0x10, 0xF0, 0x00, 0x00, 0x0F
    .byte   0x10, 0x01, 0x0F, 0x00, 0xF0, 0x10, 0x00, 0x00, 0xF1, 0x00, 0x00, 0x0F,    0, 0x00, 0x00, 0x1F
    .byte   0x00, 0x1F, 0xF1, 0x00, 0x00, 0x1F, 0x00, 0xF1, 0x00, 0x0F, 0x10, 0x00, 0x00, 0x0F, 0x10, 0x00
    .byte   0x00, 0x01, 0xF0, 0xF1, 0x00, 0x1F, 0x0F, 0x10, 0x00, 0x00, 0x1F, 0xF1, 0xF1,    1, 0x0F, 0x1F
    .byte   0x01, 0xF0, 0xF1, 0x00, 0x00, 0x00, 0x01, 0x0F, 0x00, 0x00, 0x1F, 0x00, 0x1F, 0x1F, 0x00, 0x00
    .byte   0x00, 0x00, 0x01, 0xF0, 0x0F, 0x10, 0xF0, 0x10, 0x00, 0x1F, 0x1F, 0x01, 0xF0, 0xF1,    0, 0x00
    .byte   0x00, 0x00, 0x00, 0x01, 0xF0, 0xF1, 0x00, 0x00, 0x00, 0x00, 0x00, 0x00, 0x00, 0x00, 0x01, 0xF1
    .byte   0xF0, 0x00, 0x1F, 0x0F, 0x10, 0x1F, 0x01, 0xF0, 0x1F, 0x1F, 0xF1, 0x01, 0xF0, 0x00, 0x1F,    0
    .byte   0x0F, 0x11, 0xF0, 0x1F, 0x00, 0x00, 0xF0, 0x01, 0x0F, 0x1F, 0x10, 0x00, 0xF1, 0x00, 0x00, 0x00
    .byte   0x00, 0x00, 0x00, 0x00, 0xF1, 0x00, 0x00, 0x01, 0xF0, 0x00, 0x00, 0x00, 0x00, 0x00, 0x00, 0x01
    .byte      0, 0x0F, 0x10, 0x00, 0xF1, 0x00, 0x00, 0x00, 0xF0, 0x01, 0xF1, 0x00, 0x00, 0x00, 0x00, 0x00
    .byte   0x01, 0xF0, 0x01, 0xF0, 0xF1, 0x00, 0x00, 0x00, 0x1F, 0x1F, 0x00, 0x1F, 0x00, 0x10, 0xF0, 0x0F
    .byte   0x10,    0, 0x01, 0xF0, 0x00, 0xF1, 0x01, 0xF0, 0x01, 0xF0, 0x01, 0x0F, 0x0F, 0x10, 0x1F, 0x01
    .byte   0x0F, 0x01, 0xF0, 0x00, 0x00, 0x0F, 0x01, 0xF1, 0x01, 0xF0, 0x00, 0x00, 0x0F, 0x10, 0x1F, 0x10
    .byte   0x0F, 0xF0,    0, 0x00, 0x0F, 0x10, 0x00, 0x00, 0x01, 0x0F, 0x00, 0x00, 0x00, 0x00, 0x00, 0x00
    .byte   0x01, 0xF0, 0xF1, 0x1F, 0x0F, 0x11, 0xF0, 0x00, 0xF0, 0x01, 0x00, 0x00, 0x00, 0x00, 0x00, 0x00
    .byte   0x1F, 0x01, 0xF0,    0, 0x00, 0x10, 0xF0, 0x10, 0xF0, 0xF1, 0x00, 0x00, 0x00, 0x00, 0x00, 0x01
    .byte   0xF0, 0x0F, 0x10, 0x01, 0xF0, 0x00, 0x1F, 0x01, 0xFF, 0x1F, 0x11, 0xF0, 0x0F, 0x1F, 0x11, 0xF1
    .byte   0xF0, 0x00, 0xF0, 0x10,    0, 0x01, 0xF0, 0x00, 0x00, 0x00, 0x00, 0x00, 0x00, 0x00, 0xF1, 0x00
    .byte   0x00, 0x00, 0x00, 0x00, 0x00, 0x00, 0x01, 0xF0, 0x0F, 0x10, 0x00, 0x00, 0x00, 0x00, 0xF1, 0x00
    .byte   0x00, 0x00, 0x00, 0xF0, 0x10,    0, 0x00, 0x00, 0x00, 0x01, 0xF0, 0x00, 0x00, 0x00, 0xF1, 0x01
    .byte   0xF0, 0x00, 0x00, 0x00, 0x00, 0x1F, 0x01, 0xF0, 0xF1, 0xF0, 0x10, 0x00, 0x1F, 0x0F, 0x10, 0xF1
    .byte   0x00, 0x1F, 0xF1, 0x01, 0xF0, 0x01,    0, 0x00, 0x0F, 0x01, 0x0F, 0x10, 0x00, 0x0F, 0x1F, 0x10
    .byte   0xF1, 0xF1, 0x10, 0xF0, 0x00, 0x00, 0x00, 0x01, 0x0F, 0x00, 0xF1, 0x01, 0xF0, 0x00, 0x0F, 0x10
    .byte   0x00, 0x01, 0xF0, 0x0F, 0x10, 0x00, 0x01,    0, 0x00, 0x0F, 0x1F, 0x10, 0x0F, 0x11, 0xF0, 0xF1
    .byte   0x01, 0xF0, 0x00, 0x1F, 0x00, 0x1F, 0xF1, 0x00, 0x0F, 0x10, 0x10, 0xF0, 0x01, 0xF0, 0x00, 0xF1
    .byte   0x1F, 0xF0, 0x11, 0x0F, 0x00, 0x01, 0xFF, 0x10,    1, 0x0F, 0x1F, 0xF1, 0x10, 0xFF, 0x11, 0x0F
    .byte   0xF1, 0x01, 0xF0, 0x00, 0x01, 0xFF, 0x1F, 0x02, 0x0E, 0xF1, 0x10, 0x0E, 0x21, 0x1F, 0xF0, 0x10
    .byte   0x0F, 0xE1, 0x20, 0xE0, 0x02, 0x0F, 0xF0, 0x11, 0x0F,   -2, 0x01, 0x1F, 0x02, 0xE1, 0x10, 0x0F
    .byte   0x00, 0x10, 0xF0, 0xF0, 0x20, 0xE0, 0x10, 0x10, 0xE1, 0x2F, 0xFF, 0xF2, 0x0E, 0x11, 0x10, 0xE1
    .byte   0x2F, 0x00, 0xFF, 0x20, 0xEF, 0x11, 0x0F, 0xE2, 0x2F, 0xE0,    2, 0x01, 0xE0, 0xF2, 0x1E, 0x11
    .byte   0x1F, 0xE2, 0x1E, 0x01, 0x10, 0xE2, 0xF0, 0xF0, 0x20, 0xE1, 0x2F, 0xE0, 0x20, 0xFF, 0x12, 0xEE
    .byte   0xF3, 0x0E, 0xE0, 0x21, 0xFE, 0x11, 0x22, 0xDF, 0x31, 0xD0, 0x11,    3, 0x0E, 0xE2, 0x2F, 0xFE
    .byte   0x12, 0xF0, 0xFF, 0xF2, 0xFF, 0xFF, 0x2E, 0xF1, 0x21, 0xD2, 0x21, 0xFE, 0x12, 0x1E, 0x01, 0x0F
    .byte   0xFF, 0x21, 0xE0, 0x02, 0xEF, 0xF2, 0x0E, 0xF3, 0xFE, 0x12, 0xFE, 0xE1,    6, 0x0E, 0xD2, 0x3F
    .byte   0xEE, 0x11, 0x0E, 0x2F, 0x00, 0xF2, 0x10, 0x01, 0xF0, 0x0F, 0xEF, 0x3E, 0xD1, 0x33, 0xCD, 0x34
    .byte   0xDD, 0x13, 0x2D, 0x2E, 0x02, 0x11, 0xD2, 0x3D, 0xFF, 0x31, 0xCE, 0x41, 0xDE,   -2, 0x03, 0xED
    .byte   0x22, 0x00, 0xE2, 0x0F, 0x01, 0xFE, 0x00, 0x2E, 0x10, 0x12, 0xFE, 0x12, 0x1F, 0xE0, 0x20, 0xEE
    .byte   0x21, 0x2E, 0xD3, 0x1F, 0xE0, 0x3E, 0xEF, 0x23, 0xDF, 0x2F, 0x11, 0x1E, 0xEF, 0x3F,   -8, 0x0F
    .byte   0x33, 0xDD, 0x33, 0xED, 0x12, 0x20, 0xEE, 0x13, 0x0D, 0xE3, 0x2E, 0xD2, 0x12, 0xEE, 0x21, 0x1E
    .byte   0x12, 0xD2, 0x20, 0xE0, 0x21, 0xEE, 0x32, 0xDF, 0x12, 0x1D, 0x12, 0x10, 0x11, 0xE0, 0x12,    2
    .byte   0x0E, 0x11, 0xF0, 0x20, 0xEF, 0x21, 0xFE, 0x02, 0x0E, 0x02, 0xFE, 0x20, 0xF0, 0x0F, 0x01, 0xE2
    .byte   0x2E, 0xFF, 0x3F, 0xDE, 0x32, 0xEE, 0xE3, 0x1E, 0xEE, 0x32, 0xDF, 0xE3, 0x2E, 0xEF, 0x32, 0xED
    .byte     -1, 0x03, 0xFE, 0xD2, 0x3E, 0xEE, 0x13, 0xEF, 0xE1, 0x20, 0x1D, 0x22, 0x00, 0xE2, 0x02, 0xE1
    .byte   0x0E, 0x3E, 0xE2, 0xF1, 0xE2, 0x1E, 0x0F, 0x11, 0xEE, 0x22, 0xEE, 0x03, 0x1D, 0x12, 0x12, 0xD0
    .byte   0x22,    0, 0x0D, 0x21, 0x21, 0xD1, 0x23, 0xDD, 0x14, 0x2C, 0xE3, 0x30, 0xD2, 0x23, 0xED, 0x22
    .byte   0x2E, 0xF2, 0x22, 0xE0, 0x13, 0x0E, 0xFF, 0x2F, 0xDE, 0xFF, 0xEE, 0xEE, 0xFF, 0xED, 0xFF, 0xED
    .byte   0xE1, 0xFE,  -49, 0x0E, 0x30, 0xE2, 0x12, 0xFF, 0x20, 0x22, 0x33, 0x04, 0x43, 0x33, 0x33, 0x2F
    .byte   0x13, 0x10, 0xDE, 0x3F, 0xCD, 0x11, 0xDB, 0xE2, 0xEC, 0xC1, 0x3D, 0xDF, 0x21, 0xDE, 0xEF, 0xED
    .byte   0xEE, 0xEE, 0xED,  -87, 0x02, 0xED, 0xF2, 0x34, 0xF1, 0x54, 0x43, 0x16, 0x50, 0xE4, 0x44, 0xDE
    .byte   0x31, 0x1D, 0xD1, 0xDD, 0xCC, 0xDD, 0xDC, 0xEE, 0xEF, 0xE3, 0x12, 0x20, 0x3F, 0x0E, 0x0E, 0xED
    .byte   0xDF, 0xED, 0xDD, 0x0D,  -81, 0x0D, 0xDE, 0xF0, 0x34, 0xE4, 0x44, 0x51, 0x46, 0x32, 0x34, 0x42
    .byte   0x02, 0x3F, 0xED, 0xED, 0xDC, 0xCE, 0xCC, 0xCD, 0xEE, 0xD0, 0x11, 0xF1, 0x22, 0x20, 0x02, 0x2F
    .byte   0xEE, 0x0F, 0xDD, 0xEF, 0xDC,  -75, 0x0E, 0xDD, 0xD2, 0x43, 0xD4, 0x53, 0x4E, 0x56, 0x30, 0x35
    .byte   0x42, 0xE3, 0x31, 0xDE, 0x1D, 0xDC, 0xCE, 0xDB, 0xBD, 0x0E, 0xCD, 0x32, 0xFE, 0xF3, 0x3F, 0xE1
    .byte   0x4F, 0xED, 0x23, 0xDC, 0xE2, 0x2B,  -73, 0x02, 0x0C, 0xC1, 0x45, 0xBE, 0x64, 0x4C, 0x37, 0x5D
    .byte   0x05, 0x54, 0xD1, 0x43, 0xDC, 0x21, 0xDC, 0xC1, 0xDB, 0xBE, 0xDE, 0xCD, 0x22, 0xEF, 0xF2, 0x31
    .byte   0xFE, 0x33, 0xFD, 0xE2, 0x3C, 0xC2, 0x2E,  -61, 0x0C, 0x3F, 0xCC, 0x15, 0x4A, 0x36, 0x41, 0xC5
    .byte   0x74, 0xC3, 0x65, 0x2D, 0x34, 0x1D, 0xD2, 0x1D, 0xCC, 0x1E, 0xBB, 0xDF, 0xEB, 0xD2, 0x3E, 0xCE
    .byte   0x43, 0xED, 0x14, 0x2D, 0xD2, 0x4E, 0xCD, 0x31,  -41, 0x0B, 0xF2, 0xEC, 0xDF, 0x44, 0xB2, 0x53
    .byte   0x4C, 0x37, 0x4E, 0x35, 0x54, 0xD3, 0x42, 0xDD, 0x22, 0xDC, 0xC2, 0xEB, 0xBD, 0xEF, 0xBC, 0x23
    .byte   0xED, 0xD4, 0x3E, 0xD3, 0x22, 0xFE, 0xE2, 0x2D, 0xDF,  -42, 0x01, 0xDD, 0xED, 0xED, 0xED, 0x53
    .byte   0xB2, 0x55, 0x2B, 0x57, 0x4C, 0x36, 0x6E, 0xD4, 0x41, 0xCE, 0x3F, 0xDC, 0xC1, 0xEB, 0xBE, 0xFC
    .byte   0xCD, 0x21, 0xDD, 0x13, 0x21, 0xE2, 0x31, 0x0E, 0xF2, 0xFE,  -34, 0x0D, 0x11, 0xDD, 0xDD, 0xFE
    .byte   0xDF, 0x5D, 0xC5, 0x35, 0xED, 0x66, 0xE0, 0x46, 0x5C, 0x24, 0x4D, 0xD1, 0x3D, 0xDC, 0xEF, 0xCB
    .byte   0xCE, 0xDC, 0xCE, 0x3E, 0xDE, 0xF3, 0x1E, 0x22, 0x22, 0xFD, 0x12,  -25, 0x0D, 0xEE, 0x0E, 0xDD
    .byte   0xDE, 0xED, 0xD3, 0x5B, 0x15, 0x43, 0xC4, 0x75, 0xCF, 0x66, 0x2D, 0x34, 0x3D, 0xD2, 0x1E, 0xCC
    .byte   0xE1, 0xCB, 0xCE, 0xDD, 0xBE, 0x32, 0xCD, 0x24, 0x2D, 0x03, 0x30, 0xDF,  -25, 0x01, 0xFD, 0xEE
    .byte   0xFE, 0xEC, 0xDE, 0xED, 0xD5, 0x2C, 0x34, 0x52, 0xB6, 0x72, 0xD3, 0x66, 0xED, 0x44, 0xED, 0xE1
    .byte   0x2D, 0xCC, 0x1D, 0xCC, 0xBD, 0x0D, 0xBE, 0x22, 0xEC, 0x24, 0x3D, 0xE3, 0x42,  -25, 0x0D, 0x33
    .byte   0xED, 0xD0, 0x1E, 0xDC, 0xEE, 0xDD, 0xE4, 0x2C, 0x44, 0x43, 0xC5, 0x73, 0xE2, 0x56, 0x3D, 0x24
    .byte   0x2E, 0xD0, 0xE1, 0xCC, 0xED, 0xCC, 0xBD, 0xFC, 0xDD, 0xD3, 0xFE, 0x12, 0x33, 0xE2,  -25, 0x03
    .byte   0x2D, 0xEE, 0x3F, 0xCE, 0xE2, 0xEC, 0xCE, 0xED, 0xF4, 0x4D, 0x15, 0x33, 0xF2, 0x64, 0x12, 0x55
    .byte   0x22, 0x32, 0x2F, 0xEE, 0xDD, 0xFD, 0xCC, 0xDD, 0xDC, 0xDF, 0xFD, 0xE0, 0x12, 0xD2, 0x20,  -25
    .byte   0x0F, 0xF0, 0x10, 0x10, 0x12, 0x2E, 0x11, 0x22, 0xEE, 0x21, 0xE0, 0xE0, 0x2E, 0xE0, 0x0F, 0xF1
    .byte   0x10, 0x22, 0x22, 0x22, 0x31, 0x22, 0x22, 0x10, 0x21, 0x0F, 0xF2, 0x10, 0x01, 0xF1, 0x11, 0x1E
    .byte     33, 0x01, 0x1E, 0xEF, 0xF0, 0xED, 0x0E, 0xEE, 0xDE, 0xEE, 0xEE, 0xDF, 0xFF, 0xEE, 0x01, 0xFF
    .byte   0x01, 0x01, 0x01, 0x22, 0x01, 0x23, 0x12, 0x23, 0x23, 0x12, 0x33, 0x12, 0x22, 0x20, 0x10, 0x11
    .byte   0xE1,   45, 0x01, 0x0E, 0xFF, 0xF0, 0xEE, 0xEF, 0xEE, 0xEE, 0x0D, 0xFE, 0xED, 0xFE, 0xEE, 0xE0
    .byte   0xEF, 0x00, 0x11, 0x10, 0x20, 0x02, 0xF1, 0x11, 0x11, 0x00, 0x21, 0x12, 0x11, 0x22, 0x21, 0x22
    .byte   0x22, 0x21,   26, 0x02, 0x11, 0x12, 0xF1, 0x0F, 0x00, 0xFE, 0xF0, 0xEF, 0xEF, 0xEF, 0xEE, 0xFE
    .byte   0xEF, 0xEF, 0xE0, 0xEF, 0x0E, 0x0F, 0xF0, 0xF1, 0x10, 0x10, 0x10, 0x11, 0x11, 0x10, 0x11, 0x01
    .byte   0x01, 0x11, 0x11,   -6, 0x01, 0x02, 0x00, 0x21, 0x10, 0x20, 0x01, 0x02, 0x00, 0x10, 0x11, 0x00
    .byte   0x00, 0xF0, 0x0F, 0xFF, 0x0F, 0xF0, 0xEF, 0xFF, 0xF0, 0xEF, 0x0F, 0xF0, 0xFF, 0x1F, 0xF0, 0xF0
    .byte   0x0F, 0x00, 0x00, 0x10,   -8, 0x01, 0x10, 0x10, 0xF2, 0xF1, 0x10, 0xF1, 0x0F, 0x1F, 0x10, 0x00
    .byte   0x00, 0x10, 0xF1, 0x01, 0x00, 0x01, 0xF1, 0x0F, 0x10, 0x00, 0x01, 0x00, 0x01, 0xF0, 0x01, 0x00
    .byte   0xF0, 0x00, 0xF0, 0x0F, 0x00,    0, 0x00, 0xF1, 0xFF, 0x1F, 0x10, 0x0F, 0x01, 0x00, 0x10, 0xF1
    .byte   0x01, 0x00, 0x00, 0x00, 0x00, 0x01, 0xFF, 0x10, 0xF0, 0x0F, 0x0F, 0x10, 0xF1, 0xF0, 0x0F, 0x01
    .byte   0xF0, 0x10, 0x01, 0x00, 0x10, 0x00,    1, 0x0F, 0x00, 0x00, 0x1F, 0x01, 0xF0, 0x10, 0xF0, 0x00
    .byte   0x00, 0x00, 0x00, 0x00, 0x00, 0x00, 0x00, 0x1F, 0x1F, 0x00, 0x01, 0x00, 0xF1, 0xF0, 0x1F, 0x1F
    .byte   0x00, 0x00, 0xF1, 0x00, 0xF0, 0x1F, 0x00,   -2, 0x01, 0x00, 0xF1, 0xF1, 0xF0, 0x00, 0x1F, 0x00
    .byte   0x00, 0x00, 0x00, 0x00, 0x00, 0x1F, 0x01, 0x00, 0x1F, 0x10, 0x01, 0x00, 0xF1, 0x1F, 0xF2, 0xE1
    .byte   0x10, 0xE2, 0xF0, 0xF1, 0x2E, 0xD1, 0xF1, 0x5D,   13, 0x0C, 0x02, 0x4B, 0xDD, 0x47, 0x28, 0x7A
    .byte   0x5F, 0xC6, 0x8C, 0x52, 0x5F, 0xB5, 0x1C, 0x58, 0x35, 0xB7, 0x22, 0x48, 0x65, 0x94, 0xB1, 0x34
    .byte   0x5F, 0xDA, 0x27, 0x87, 0x9E, 0x79, 0x7D, 0xB6, 0xB4,   39, 0x08, 0x7C, 0xA7, 0x87, 0x19, 0x7C
    .byte   0xE6, 0x87, 0xEA, 0x7B, 0xC5, 0xC3, 0x4C, 0x4E, 0x02, 0x1D, 0x2D, 0xF4, 0xC3, 0xEF, 0x42, 0xFE
    .byte   0xCE, 0x40, 0x3C, 0xD2, 0x25, 0xD2, 0xBB, 0x6B, 0x6C, 0xA5,  -37, 0x06, 0x1C, 0x4C, 0xB7, 0xC3
    .byte   0x3A, 0x4E, 0x34, 0xCE, 0xD2, 0x4D, 0x4D, 0xC2, 0x4F, 0x10, 0xC3, 0x24, 0x1D, 0xEE, 0x25, 0xED
    .byte   0xED, 0x41, 0x3D, 0xC2, 0xE3, 0xE0, 0xDD, 0x23, 0xEF, 0xEE, 0x12,   -6, 0x0D, 0x2E, 0xEE, 0xE0
    .byte   0x2E, 0xFD, 0xD2, 0x33, 0x0E, 0xE1, 0x45, 0x4F, 0xF2, 0x45, 0x32, 0x0C, 0x23, 0x22, 0xCB, 0xEC
    .byte   0x3E, 0xCC, 0xCD, 0x03, 0xEC, 0xD3, 0x43, 0x1D, 0xDF, 0x23, 0x0C, 0xCB,  -85, 0x0E, 0xEE, 0xEE
    .byte   0x11, 0x23, 0x45, 0x64, 0x45, 0x45, 0x43, 0x20, 0xD0, 0xE1, 0xDB, 0xBC, 0xDC, 0xDC, 0xCD, 0xD3
    .byte   0x53, 0x24, 0x45, 0x53, 0x3D, 0xCC, 0xEC, 0xCB, 0xAE, 0xCC, 0xDD, 0x1E, 0xEF, -113, 0x00, 0x13
    .byte   0x31, 0x45, 0x67, 0x64, 0x42, 0x32, 0x1F, 0xDB, 0xBC, 0xFE, 0xBC, 0xDC, 0x12, 0x0E, 0xEE, 0x34
    .byte   0x54, 0x43, 0x43, 0x40, 0xDC, 0xCB, 0xCB, 0xCB, 0xCC, 0xDD, 0xEF, 0x02, 0x12, 0xF1,  -92, 0x02
    .byte   0x22, 0x24, 0x56, 0x66, 0x44, 0x22, 0x21, 0xDB, 0xBB, 0xC2, 0xDD, 0xCC, 0xF2, 0x33, 0x1E, 0xF2
    .byte   0x55, 0x53, 0xFF, 0x22, 0x0D, 0xBB, 0xBB, 0xCD, 0xCD, 0xCD, 0xE2, 0x33, 0x3E, 0xD0, 0x01,  -82
    .byte   0x0E, 0xE3, 0x46, 0x66, 0x64, 0x32, 0x21, 0xEC, 0xBA, 0xCE, 0x0E, 0xDD, 0xDD, 0x33, 0x42, 0x0E
    .byte   0x44, 0x54, 0x1E, 0xEF, 0xEF, 0xCB, 0xBB, 0xDD, 0xDD, 0xDC, 0xE3, 0x22, 0x22, 0xFD, 0xED, 0xDF
    .byte   -108, 0x01, 0x35, 0x66, 0x76, 0x43, 0x21, 0xFE, 0xCA, 0xAC, 0xDF, 0x0F, 0xEE, 0xD2, 0x44, 0x40
    .byte   0x13, 0x44, 0x32, 0xEC, 0xDE, 0xDC, 0xCB, 0xCC, 0xD2, 0x0E, 0xDD, 0xE2, 0x23, 0x1F, 0xDD, 0xCD
    .byte   0xFE, -112, 0x02, 0x46, 0x77, 0x75, 0x01, 0x1E, 0xEC, 0xB9, 0xAB, 0xF3, 0x33, 0xFE, 0x34, 0x55
    .byte   0x4F, 0xE2, 0x23, 0x2D, 0xCC, 0xBD, 0xDC, 0xDC, 0xDE, 0x02, 0xFF, 0xEE, 0x22, 0x22, 0xEC, 0xCC
    .byte   0xCE, 0xEE, -113, 0x04, 0x67, 0x77, 0x53, 0x1F, 0xDE, 0xDA, 0x99, 0xBF, 0x44, 0x43, 0x14, 0x45
    .byte   0x53, 0x0D, 0xDE, 0xF1, 0xDC, 0xCB, 0xCE, 0xE0, 0x1F, 0xEF, 0xE1, 0xFE, 0xE2, 0xF0, 0xED, 0xCC
    .byte   0xCC, 0xF0, 0xF2,  -99, 0x07, 0x77, 0x74, 0x3E, 0xFD, 0xCD, 0xA9, 0x9B, 0xE5, 0x55, 0x43, 0x34
    .byte   0x45, 0x4E, 0xCC, 0xCC, 0x1E, 0xDD, 0xBC, 0xD2, 0x43, 0x2E, 0xEC, 0xD1, 0x01, 0x2E, 0xDD, 0xDE
    .byte   0xCC, 0xCD, 0x22, 0x35,  -31, 0x07, 0x77, 0x22, 0xED, 0xCB, 0xBA, 0x9A, 0xD3, 0x56, 0x55, 0x33
    .byte   0x43, 0x42, 0xFC, 0xBB, 0xCD, 0xFE, 0xDD, 0xED, 0x33, 0x41, 0xED, 0xCD, 0xD0, 0x32, 0xDE, 0xCC
    .byte   0xDD, 0xDD, 0xC2, 0x44, 0x67,   71, 0x06, 0x33, 0xFD, 0xCB, 0xAB, 0xAA, 0xBE, 0x55, 0x66, 0x53
    .byte   0x13, 0x33, 0xED, 0xCB, 0xBB, 0xDF, 0x3F, 0x2F, 0xD2, 0x32, 0x1E, 0xDC, 0xDC, 0x14, 0x2E, 0xDC
    .byte   0xCC, 0xCD, 0x12, 0xE4, 0x67, 0x77,  116, 0x03, 0x1D, 0xCB, 0xAC, 0xAB, 0xBC, 0xE5, 0x76, 0x65
    .byte   0x0F, 0xDE, 0x22, 0xEB, 0xBA, 0xCD, 0x24, 0x31, 0xFE, 0x12, 0x11, 0xEC, 0xCC, 0xE3, 0x22, 0x0C
    .byte   0xCC, 0xCD, 0xD0, 0x43, 0x57, 0x77, 0x63,  127, 0x0D, 0xBB, 0xAB, 0xBB, 0xCD, 0xF4, 0x77, 0x55
    .byte   0x2E, 0xCD, 0x11, 0xDC, 0xBB, 0xBD, 0x34, 0x42, 0x11, 0xDE, 0xFF, 0xDD, 0xCD, 0x02, 0x12, 0xDD
    .byte   0xBC, 0xDD, 0xD3, 0x33, 0x77, 0x77, 0x51, 0x1C,   83, 0x0A, 0xAB, 0xBD, 0xCE, 0xE6, 0x76, 0x65
    .byte   0xEC, 0xBF, 0xFF, 0xEC, 0xCA, 0xBD, 0x35, 0x44, 0xFD, 0xDD, 0xDD, 0xFE, 0xDF, 0x0D, 0xEE, 0x0C
    .byte   0xCC, 0xDD, 0x14, 0x46, 0x77, 0x75, 0x22, 0xCB, 0x9B,  -14, 0x0C, 0xDC, 0xDF, 0x57, 0x75, 0x50
    .byte   0xCB, 0xDE, 0x11, 0xEC, 0xAB, 0xC2, 0x45, 0x42, 0xDC, 0xCD, 0xD0, 0x2F, 0xFE, 0xED, 0xDD, 0xDC
    .byte   0xDC, 0xE4, 0x24, 0x77, 0x77, 0x32, 0x0B, 0xAA, 0xBB, 0xDE,  -51, 0x0D, 0x06, 0x76, 0x64, 0xDB
    .byte   0xCE, 0xD0, 0x3D, 0xBA, 0xAE, 0x35, 0x55, 0xFC, 0xBC, 0xDD, 0x32, 0x21, 0xCC, 0xCD, 0xEC, 0xED
    .byte   0xF2, 0x24, 0x77, 0x77, 0x42, 0xEC, 0xAA, 0xAD, 0xCE, 0xCD, 0xF6,   24, 0x06, 0x63, 0x0C, 0xBD
    .byte   0xE0, 0x21, 0xBB, 0xAD, 0xF4, 0x55, 0xFD, 0xCB, 0xCE, 0x23, 0x3E, 0xCB, 0xCC, 0xE0, 0xEE, 0xF2
    .byte   0x24, 0x77, 0x77, 0x41, 0xDB, 0xAA, 0xCB, 0xEE, 0xCD, 0x37, 0x66, 0x44,   96, 0x0B, 0xED, 0xDF
    .byte   0x4D, 0xBB, 0xBC, 0xE4, 0x54, 0x2D, 0xCB, 0xCE, 0x24, 0x1D, 0xCB, 0xCC, 0x00, 0x2D, 0x22, 0x36
    .byte   0x77, 0x76, 0x20, 0xBA, 0xAC, 0xCC, 0x0C, 0xC1, 0x57, 0x65, 0x42, 0xBC, 0x0D,   58, 0x01, 0xFC
    .byte   0xBA, 0xDE, 0x25, 0x42, 0xDD, 0xBD, 0xD1, 0x33, 0xDB, 0xBC, 0xDF, 0x00, 0x12, 0xE3, 0x67, 0x77
    .byte   0x62, 0xFC, 0xAA, 0xCC, 0xCE, 0xCC, 0xE5, 0x75, 0x65, 0x1B, 0xCE, 0xE1, 0x32, 0xBB,  -18, 0x0C
    .byte   0xD4, 0x54, 0x2D, 0xBC, 0xDE, 0x14, 0xFC, 0xBC, 0xCD, 0xE1, 0x22, 0xE3, 0x47, 0x77, 0x73, 0x2D
    .byte   0xBA, 0xBC, 0xBE, 0xDC, 0xD2, 0x66, 0x56, 0x3E, 0xCE, 0x0E, 0x21, 0xDB, 0xAB, 0xD0, 0x44,   11
    .byte   0x0E, 0xCC, 0xDD, 0xF3, 0x1D, 0xCB, 0xCD, 0xEF, 0x12, 0x02, 0x46, 0x77, 0x75, 0x21, 0xBB, 0xAC
    .byte   0xBC, 0xEC, 0xDF, 0x66, 0x55, 0x42, 0xCD, 0x2F, 0x0F, 0xEB, 0xBB, 0xC2, 0x24, 0x2E, 0xCD, 0xDC
    .byte    -49, 0x01, 0x0E, 0xCC, 0xDD, 0xDE, 0xE2, 0x32, 0x56, 0x77, 0x74, 0x0E, 0xCB, 0xBB, 0xBD, 0xDB
    .byte   0xF2, 0x56, 0x45, 0x4F, 0xD1, 0x21, 0x10, 0xEB, 0xAD, 0xDC, 0x33, 0x2D, 0xDD, 0xDC, 0xF2, 0xEC
    .byte   0xDD,  -99, 0x0D, 0xD1, 0x22, 0x34, 0x57, 0x76, 0x63, 0xFD, 0xBB, 0xDB, 0xBE, 0xBC, 0x03, 0x55
    .byte   0x54, 0x31, 0xF3, 0x03, 0x2E, 0xCB, 0xBC, 0xCF, 0x32, 0xDD, 0xDD, 0xDD, 0x0F, 0xED, 0xCD, 0xCE
    .byte   0xE2, 0x33,  -81, 0x05, 0x76, 0x75, 0x41, 0xCC, 0xCC, 0xBC, 0xCB, 0xDD, 0x35, 0x44, 0x52, 0xF3
    .byte   0x40, 0x30, 0x0C, 0xBD, 0xCC, 0xE2, 0xDD, 0xDC, 0xED, 0xEE, 0xFE, 0xDC, 0xDD, 0xD1, 0x23, 0x44
    .byte   0x67, 0x66, 0x52,  115, 0x0C, 0xCD, 0xCB, 0xCB, 0xCD, 0xD4, 0x43, 0x44, 0x32, 0x43, 0x32, 0x1E
    .byte   0xDB, 0xDD, 0xCF, 0xED, 0xCD, 0xDC, 0xED, 0xFE, 0xDD, 0xDE, 0xDE, 0xF3, 0x34, 0x46, 0x76, 0x63
    .byte   0x4D, 0xDD, 0xCB, 0xCC,   -4, 0x0C, 0xD1, 0x33, 0x34, 0x33, 0x33, 0x33, 0x31, 0xEC, 0xDD, 0xCE
    .byte   0xED, 0xCC, 0xDD, 0xDD, 0x0E, 0xDC, 0xDD, 0xEE, 0x12, 0x14, 0x46, 0x66, 0x65, 0x31, 0xEF, 0xED
    .byte   0xCD, 0xBB, 0xDD, 0x12, 0x23,   11, 0x0F, 0x12, 0x33, 0x43, 0x2E, 0xDE, 0xEE, 0xEE, 0xCC, 0xCD
    .byte   0xCD, 0xDD, 0xDD, 0xDE, 0xDE, 0x02, 0x13, 0x45, 0x66, 0x65, 0x43, 0x1F, 0x0D, 0xDD, 0xCC, 0xBD
    .byte   0xEE, 0x12, 0x11, 0xF1, 0x32, 0x33,   44, 0x02, 0x10, 0x0F, 0xEE, 0xDC, 0xCC, 0xDC, 0xCC, 0xDD
    .byte   0xDE, 0xEE, 0x01, 0x23, 0x35, 0x56, 0x65, 0x53, 0x30, 0x11, 0xDD, 0xCC, 0xCC, 0xDF, 0xEF, 0xFE
    .byte   0xF0, 0x12, 0x33, 0x23, 0x12, 0x20, 0x0F,   33, 0x0D, 0xCD, 0xCC, 0xCD, 0xCD, 0xDD, 0xEE, 0xF1
    .byte   0x13, 0x34, 0x56, 0x55, 0x44, 0x33, 0x31, 0xEE, 0xDC, 0xCD, 0xED, 0xFF, 0xDE, 0xDD, 0x10, 0x23
    .byte   0x13, 0x12, 0x31, 0x23, 0xEE, 0xDC, 0xCC, 0xDD,  -53, 0x0C, 0xDD, 0xDE, 0xE0, 0x12, 0x23, 0x54
    .byte   0x55, 0x44, 0x43, 0x33, 0xF0, 0xFD, 0xDD, 0xFE, 0xEE, 0xDE, 0xDD, 0xEE, 0xF2, 0xF2, 0x11, 0x22
    .byte   0x13, 0x10, 0xED, 0xDD, 0xDD, 0xDC, 0xED, 0xDE, 0xE0,  -79, 0x0F, 0x11, 0x24, 0x44, 0x43, 0x33
    .byte   0x34, 0x32, 0x21, 0x1E, 0x0F, 0xFF, 0xDF, 0xDD, 0xFC, 0x1E, 0xFF, 0xE2, 0xE3, 0x01, 0x3E, 0x2E
    .byte   0x1D, 0xEE, 0xC2, 0xDD, 0xED, 0xFD, 0xFE, 0xFE, 0xF0, 0x21,  -47, 0x03, 0x33, 0x23, 0x33, 0x24
    .byte   0x03, 0x03, 0xF2, 0x2E, 0x2E, 0xEE, 0xDE, 0xED, 0x0D, 0x2E, 0x0E, 0x10, 0x3C, 0x4D, 0x21, 0xB6
    .byte   0x95, 0xDD, 0x3B, 0x4C, 0xE2, 0xDE, 0x3C, 0x3C, 0x4E, 0x42, 0x33,  -22, 0x04, 0xE4, 0x22, 0x13
    .byte   0xE3, 0x12, 0x21, 0x2E, 0x2D, 0x2D, 0x0E, 0x1D, 0x1E, 0xEF, 0x3D, 0x21, 0x0E, 0x20, 0xC4, 0xB4
    .byte   0xCF, 0x1C, 0x3C, 0x4D, 0xD4, 0xC1, 0x3C, 0x4D, 0x3E, 0x13, 0xF3, 0x02,   -4, 0x01, 0x21, 0x21
    .byte   0x21, 0x10, 0x20, 0x2F, 0xF2, 0xE3, 0xE1, 0xFE, 0x1E, 0x2E, 0x21, 0xEF, 0x0F, 0xEE, 0x1E, 0xE1
    .byte   0xEF, 0xD3, 0xD2, 0xED, 0x3D, 0x1E, 0x2D, 0x3E, 0x2F, 0xF1, 0x12, 0x11, 0x2E,   -5, 0x0D, 0x23
    .byte   0xC5, 0xC3, 0x2E, 0x3E, 0x22, 0xE2, 0x11, 0x2E, 0x3E, 0x2E, 0x11, 0xD4, 0xC3, 0xED, 0x3C, 0x3E
    .byte   0xE2, 0xD2, 0xEE, 0xF0, 0xE0, 0xFE, 0x1F, 0x10, 0x10, 0x1E, 0xF0, 0x2E, 0x21, 0xF1,  -16, 0x03
    .byte   0xD3, 0xE2, 0x10, 0x2F, 0x22, 0xE3, 0xE1, 0x1E, 0x4B, 0x5D, 0x03, 0xC4, 0xD2, 0xF0, 0xF2, 0xEF
    .byte   0x0E, 0x11, 0xE0, 0xE0, 0x2C, 0x4C, 0x4C, 0xF3, 0xC5, 0xB3, 0xEF, 0x3C, 0x4C, 0x30, 0xE3,  -15
    .byte   0x03, 0xD3, 0x1E, 0x3D, 0x4C, 0x3F, 0xF3, 0xD3, 0x2D, 0x3F, 0xD4, 0xC3, 0x3C, 0x4D, 0xF3, 0xC4
    .byte   0xC4, 0xDE, 0x3C, 0x3E, 0x2E, 0x0D, 0x3D, 0xE4, 0xC3, 0xED, 0x4C, 0x4C, 0x4C, 0x22, 0xE3, 0xD4
    .byte    -18, 0x05, 0xB4, 0x0D, 0x5B, 0x4D, 0xF4, 0xC4, 0xDE, 0x4B, 0x5D, 0xD4, 0xC3, 0x2D, 0x21, 0xD4
    .byte   0xC1, 0x4B, 0x4E, 0xF2, 0xEE, 0x4C, 0x4C, 0xE5, 0xA6, 0xB2, 0x3C, 0x31, 0xE3, 0xD2, 0x3C, 0x4D
    .byte   0x20,   -7, 0x04, 0xC3, 0x0E, 0x3C, 0x4D, 0xF3, 0xD2, 0x0E, 0x21, 0xE3, 0xC4, 0xDF, 0x3C, 0x4D
    .byte   0xF3, 0x1C, 0x31, 0xD4, 0xC2, 0x3C, 0x4E, 0x11, 0xE2, 0xD4, 0xC2, 0x3C, 0x4C, 0x5B, 0x5C, 0xF3
    .byte   0xC5, 0xB4,    5, 0x0D, 0x3E, 0xF3, 0xD2, 0xE1, 0xF1, 0x2D, 0x3D, 0x22, 0xC5, 0xC1, 0x3B, 0x6B
    .byte   0xF5, 0xA5, 0xDE, 0x3E, 0x2D, 0x4C, 0x3E, 0xF3, 0xC3, 0xF2, 0xE2, 0xEE, 0x3C, 0x5F, 0xA7, 0xA1
    .byte   0x69, 0x7B, 0xC6,  -11, 0x05, 0xDD, 0x4B, 0x41, 0xD2, 0x10, 0x2D, 0x04, 0xB4, 0x3B, 0x5D, 0xC5
    .byte   0xEC, 0x4E, 0xEE, 0x4C, 0x14, 0xB4, 0x3B, 0x40, 0xC5, 0xCE, 0x4C, 0x32, 0xC4, 0xFC, 0x5C, 0x20
    .byte   0xD3, 0x2D, 0x31, 0xC4,   -1, 0x03, 0xC5, 0xB2, 0x4B, 0x42, 0xDF, 0x3D, 0x22, 0xEE, 0x21, 0xEF
    .byte   0x4B, 0x5D, 0xC5, 0xC1, 0x4B, 0x25, 0xA4, 0x4A, 0x52, 0xB5, 0xEE, 0xF2, 0x2C, 0x5C, 0xD4, 0xDD
    .byte   0x5C, 0xE6, 0x94, 0x59, 0x6F,  -15, 0x03, 0x23, 0xC3, 0x4B, 0x34, 0xCD, 0x5B, 0x23, 0xEE, 0x31
    .byte   0xD2, 0x1E, 0xE3, 0xED, 0x3E, 0xE5, 0xC3, 0xD0, 0x2D, 0x5B, 0xE5, 0xA1, 0x7A, 0x04, 0xB3, 0x23
    .byte   0xDF, 0x4B, 0xE6, 0xCC, 0x6C, 0xC3,    1, 0x02, 0x0E, 0xDF, 0x3E, 0xE5, 0xEB, 0x4E, 0xD4, 0xD2
    .byte   0xFD, 0x22, 0x33, 0xC0, 0x2C, 0x23, 0xD1, 0x1E, 0x21, 0x30, 0xE4, 0xBE, 0x5C, 0xD5, 0xDC, 0x5D
    .byte   0xC4, 0x3B, 0x23, 0xD0, 0x3D, 0x42, 0xC2,    5, 0x0E, 0xF2, 0x0F, 0xD2, 0x20, 0x31, 0xC3, 0xFB
    .byte   0x43, 0xEF, 0x2D, 0x12, 0xE3, 0x0C, 0x22, 0xF3, 0x2D, 0x22, 0xDF, 0x32, 0xDD, 0x02, 0xE3, 0x2D
    .byte   0xE2, 0x1F, 0x4E, 0xC1, 0x12, 0x3F, 0x2D, 0xD3,   -1, 0x02, 0x3C, 0xD3, 0xEE, 0x33, 0x2D, 0xC2
    .byte   0x33, 0xED, 0x20, 0xE2, 0x22, 0x2E, 0xFD, 0xE4, 0x2D, 0xF3, 0xED, 0x23, 0x0D, 0x21, 0xD2, 0x30
    .byte   0xD2, 0x2F, 0xD1, 0x2F, 0xFE, 0xE1, 0x22, 0xFE, 0x00,   -5, 0x00, 0x10, 0x20, 0xD1, 0x22, 0x0F
    .byte   0xFF, 0x0F, 0x01, 0x11, 0xEF, 0x01, 0x01, 0x11, 0xEF, 0x1F, 0x02, 0x1E, 0xF1, 0x00, 0x20, 0xFF
    .byte   0xF0, 0x10, 0x11, 0xF1, 0x10, 0x11, 0xF0, 0x10, 0x01, 0x00,    2, 0x00, 0x0F, 0x11, 0x10, 0xFF
    .byte   0x01, 0xF0, 0x11, 0xFF, 0x10, 0x10, 0x0F, 0x0F, 0x00, 0x10, 0xF0, 0x00, 0x00, 0x01, 0xF0, 0x0F
    .byte   0x11, 0x00, 0xF0, 0xF0, 0x00, 0x00, 0xF0, 0x00, 0x00, 0x00, 0x10,    0, 0x00, 0x1F, 0x10, 0x00
    .byte   0xF0, 0x01, 0xF0, 0x00, 0xF1, 0x00, 0x00, 0xF0, 0x01, 0xF1, 0x0F, 0x00, 0x00, 0x00, 0xF1, 0x00
    .byte   0x00, 0x00, 0x1F, 0x1F, 0x00, 0x00, 0x00, 0x01, 0x0F, 0x01, 0x0F, 0x1F,   -1, 0x00, 0x00, 0x1F
    .byte   0x00, 0x10, 0xF0, 0x00, 0x00, 0x00, 0x00, 0x0F, 0x10, 0x00, 0xF1, 0x1F, 0x1F, 0x01, 0xF0, 0xF1
    .byte   0x00, 0x1F, 0x00, 0x00, 0x00, 0x1F, 0x10, 0x01, 0xF0, 0x00, 0x00, 0x00, 0x00,    0, 0x00, 0x01
    .byte   0xFF, 0x01, 0x01, 0xF1, 0xF0, 0x01, 0x0F, 0x00, 0x01, 0x0F, 0x01, 0xF1, 0xF0, 0x00, 0x00, 0x00
    .byte   0x00, 0x00, 0xF1, 0x00, 0x00, 0x0F, 0x10, 0x10, 0xF0, 0x01, 0xF0, 0x00, 0x01, 0xF0,    0, 0x01
    .byte   0x0F, 0x01, 0x0F, 0x10, 0xF1, 0x0F, 0x01, 0xF0, 0x1F, 0x1F, 0x00, 0x00, 0xF1, 0xF1, 0x00, 0x01
    .byte   0xF0, 0x01, 0xF0, 0x00, 0x1F, 0x00, 0x1F, 0x00, 0x00, 0x01, 0xF0, 0x01, 0xF0, 0x01, 0x00,    1
    .byte   0x0F, 0x01, 0xF1, 0xF1, 0x0F, 0x00, 0x00, 0x00, 0x00, 0x00, 0xF1, 0xF1, 0x00, 0xF1, 0x00, 0x00
    .byte   0x00, 0xF1, 0xF0, 0x01, 0xF1, 0x00, 0x00, 0x00, 0x00, 0x00, 0x00, 0xF1, 0x00, 0x00, 0x01, 0xF0
    .byte      0, 0x0F, 0x10, 0x00, 0xF0, 0x10, 0xF0, 0x10, 0xF1, 0xF1, 0x00, 0x00, 0x00, 0x00, 0x00, 0x0F
    .byte   0x10, 0x00, 0xF1, 0xF1, 0x00, 0x00, 0x01, 0xF0, 0x01, 0xF1, 0x0F, 0x1F, 0x00, 0x01, 0xF0, 0x00
    .byte   0xF1,    1, 0x0F, 0x00, 0x1F, 0x00, 0x01, 0xF0, 0x00, 0x01, 0x0F, 0xF1, 0x00, 0x1F, 0x1F, 0x00
    .byte   0x0F, 0x10, 0xF1, 0x00, 0x01, 0xF0, 0xF1, 0x1F, 0x00, 0xF1, 0x00, 0x00, 0x1F, 0x00, 0x01, 0xF0
    .byte   0x1F, 0xF1,    0, 0x00, 0x00, 0x01, 0x0F, 0xF1, 0x00, 0xF1, 0xF1, 0x0F, 0x10, 0x00, 0x10, 0xF0
    .byte   0x0F, 0x10, 0xF1, 0xF1, 0x00, 0x1F, 0x00, 0x1F, 0x01, 0x0F, 0x00, 0x0F, 0x11, 0xF0, 0x00, 0x0F
    .byte   0x1F, 0x10, 0x00,   -1, 0x01, 0x0F, 0x10, 0x1F, 0x0F, 0x10, 0x00, 0x00, 0x1F, 0x00, 0x1F, 0x00
    .byte   0x00, 0x00, 0xF1, 0x00, 0x00, 0x00, 0x00, 0x00, 0x00, 0x00, 0x00, 0x10, 0xF0, 0x00, 0x00, 0x00
    .byte   0x1F, 0x1F, 0x00, 0x0F,    0, 0x0F, 0x10, 0x00, 0x00, 0x00, 0x00, 0x00, 0x00, 0x00, 0x00, 0x00
    .byte   0x00, 0x1F, 0x00, 0x00, 0x10, 0xF0, 0x00, 0x00, 0x01, 0xF0, 0x00, 0x1F, 0x00, 0x00, 0x00, 0x10
    .byte   0x0F, 0xF1, 0x0F, 0x10, 0x00,    0, 0x00, 0x01, 0xF0, 0x1F, 0x0F, 0x11, 0xF0, 0x00, 0x00, 0x00
    .byte   0x00, 0x00, 0x1F, 0x0F, 0x01, 0x00, 0x00, 0xF1, 0xF1, 0x00, 0x00, 0x00, 0xF1, 0x00, 0x1F, 0xF1
    .byte   0x00, 0x0F, 0x10, 0x00, 0xF1, 0x00,    0, 0x01, 0xF0, 0x00, 0x00, 0x00, 0x00, 0x00, 0x0F, 0x10
    .byte   0x01, 0xF0, 0x00, 0x00, 0x1F, 0x00, 0x00, 0x1F, 0x0F, 0x10, 0x00, 0x00, 0x00, 0xF1, 0x1F, 0xF1
    .byte   0x0F, 0x10, 0x00, 0x0F, 0x10, 0x0F, 0x1F,    0, 0x01, 0xF1, 0xF0, 0x00, 0x00, 0x00, 0xF1, 0x00
    .byte   0x00, 0x00, 0x0F, 0x10, 0xF1, 0xF1, 0xF1, 0x00, 0x00, 0x10, 0xF0, 0x1E, 0xF3, 0x3F, 0xCD, 0xE2
    .byte   0x20, 0xF0, 0x23, 0x23, 0xFE, 0x10, 0x0D, 0xEE,   -6, 0x02, 0x2E, 0x12, 0x2D, 0xCE, 0x13, 0x3F
    .byte   0x21, 0x00, 0xEF, 0x22, 0x32, 0x2F, 0xCD, 0xE1, 0x32, 0x0E, 0xD0, 0x31, 0x0E, 0xE2, 0x11, 0x00
    .byte   0xF0, 0x11, 0x10, 0xFE, 0xE1, 0x21, 0x0F, 0x02, 0x00,   -1, 0x01, 0xF0, 0x02, 0x01, 0xFE, 0xF2
    .byte   0x1E, 0xF0, 0x2F, 0xFF, 0xF1, 0x11, 0x10, 0x0E, 0x11, 0x10, 0x0E, 0x02, 0x10, 0x0E, 0xFF, 0xFF
    .byte   0xFF, 0x33, 0x32, 0x0C, 0xDD, 0x03, 0x30, 0xFD, 0xEE, 0xE2,   -7, 0x01, 0x32, 0xFE, 0xDE, 0xE3
    .byte   0x32, 0x2F, 0xEF, 0x0F, 0xE1, 0xFF, 0xFF, 0xEE, 0x12, 0x22, 0x11, 0xEE, 0x01, 0x21, 0x11, 0x11
    .byte   0xEF, 0xEF, 0xE2, 0x21, 0x00, 0xDD, 0x23, 0x23, 0x1F, 0xDE, 0xF1,   -1, 0x03, 0xFF, 0xE0, 0x1F
    .byte   0x0E, 0x22, 0xEF, 0x10, 0xDE, 0x23, 0x20, 0xED, 0xE2, 0x33, 0x1E, 0xDE, 0xE1, 0x32, 0x1E, 0xEE
    .byte   0x12, 0x1F, 0xF0, 0x0E, 0x12, 0x21, 0x1D, 0x01, 0x21, 0xF1, 0x2E, 0xD1,   -3, 0x02, 0x2E, 0xE2
    .byte   0xFF, 0xE1, 0x32, 0xEE, 0xFF, 0xFE, 0xF2, 0x30, 0x1E, 0xDF, 0xF2, 0x22, 0x2F, 0xDE, 0xF2, 0x21
    .byte   0x12, 0x0E, 0xD0, 0x12, 0x20, 0xFE, 0xFF, 0xF2, 0x20, 0x0F, 0x00, 0xE0, 0x12,    3, 0x0F, 0xEE
    .byte   0x12, 0x22, 0x0F, 0xEE, 0xEE, 0x22, 0x22, 0xFF, 0xEE, 0xF2, 0x22, 0xF1, 0xDE, 0xEF, 0x12, 0x22
    .byte   0x2F, 0x0E, 0xE0, 0x21, 0x11, 0x1E, 0xE0, 0x0F, 0x22, 0x0E, 0xF0, 0x02, 0x11, 0xDD,  -14, 0x03
    .byte   0x33, 0x2E, 0xDD, 0xE1, 0x23, 0x2F, 0xED, 0xE0, 0x21, 0x2F, 0x00, 0x22, 0xFE, 0xE0, 0x02, 0x12
    .byte   0x0F, 0xFD, 0xEE, 0xF2, 0x33, 0x10, 0xDE, 0xE0, 0x22, 0x21, 0x2F, 0xED, 0xE0, 0x23, 0x21,    2
    .byte   0x0D, 0xDE, 0x33, 0x31, 0x0E, 0xFF, 0x02, 0x10, 0xEE, 0xFF, 0xFF, 0x12, 0x11, 0x1F, 0xEE, 0x01
    .byte   0x22, 0x2F, 0xEE, 0x11, 0x21, 0x00, 0xEE, 0xEF, 0x12, 0x21, 0x1F, 0xE0, 0xF2, 0x11, 0x1E, 0xFE
    .byte     -5, 0x01, 0x12, 0x20, 0xEF, 0xE1, 0x12, 0x11, 0xFE, 0xE0, 0x02, 0x20, 0xFE, 0xE0, 0x12, 0x22
    .byte   0xFE, 0xEE, 0xF1, 0x32, 0x2F, 0xED, 0xEF, 0x23, 0x21, 0xDD, 0xE1, 0x13, 0x22, 0x0E, 0xE0, 0x01
    .byte   0x21,    6, 0x0E, 0xFE, 0xE1, 0x02, 0x11, 0x0F, 0xFF, 0x2F, 0x1F, 0xFF, 0x01, 0x20, 0xFF, 0x10
    .byte   0x21, 0xFF, 0xEF, 0xE0, 0x00, 0x01, 0x10, 0x21, 0x10, 0xE0, 0xF0, 0x00, 0x0F, 0xF0, 0x11, 0x00
    .byte   0xF1, 0x00,   -2, 0x0F, 0xF1, 0x11, 0x11, 0xF0, 0x00, 0x21, 0x0F, 0x00, 0x00, 0x0F, 0xFF, 0x11
    .byte   0x10, 0x01, 0x00, 0x0F, 0xFF, 0xF1, 0x0F, 0xE0, 0x02, 0x21, 0x0E, 0xEE, 0xF0, 0x12, 0x02, 0xEF
    .byte   0xE0, 0x11, 0x0F,   -9, 0x0E, 0xFF, 0x11, 0x20, 0x11, 0x21, 0x0F, 0xF0, 0x20, 0x11, 0x11, 0x01
    .byte   0x00, 0xF0, 0x12, 0x21, 0x0E, 0xF0, 0x21, 0x11, 0xFF, 0x11, 0x11, 0xF0, 0x0F, 0xFF, 0xEE, 0xFF
    .byte   0xFF, 0xEE, 0xEE, 0x01,  -13, 0x0E, 0xFE, 0x01, 0x0E, 0xEE, 0xEE, 0x11, 0x11, 0x11, 0x10, 0xEF
    .byte   0x23, 0x22, 0x22, 0x13, 0x34, 0x43, 0x22, 0x01, 0x10, 0x1E, 0xEE, 0xDE, 0xEF, 0xE1, 0xEE, 0xEE
    .byte   0xD1, 0x12, 0x22, 0x1E, 0xEF,    7, 0x0F, 0xEE, 0xDE, 0xED, 0xFE, 0xEE, 0xFE, 0xFD, 0xEE, 0xE1
    .byte   0x02, 0x11, 0xEF, 0x12, 0x34, 0x44, 0x45, 0x53, 0x3E, 0xE1, 0x1F, 0xDD, 0xCD, 0xEE, 0xEE, 0xFF
    .byte   0x1D, 0xDD, 0x03, 0x34, 0x20, 0xF0,   27, 0x02, 0x2F, 0xEE, 0xDD, 0xDD, 0xF0, 0x10, 0xFD, 0xFF
    .byte   0x21, 0x2E, 0xFE, 0x1E, 0xDE, 0xDE, 0xDD, 0xED, 0x0F, 0xEE, 0x23, 0x44, 0x55, 0x55, 0x63, 0x2F
    .byte   0xFE, 0xED, 0xCC, 0xCC, 0xDD, 0xEE, 0xE1,  -12, 0x0E, 0xD0, 0x14, 0x44, 0x31, 0x22, 0x10, 0xEE
    .byte   0xDE, 0xDC, 0xDD, 0xE1, 0x21, 0x10, 0x23, 0x22, 0x02, 0x0F, 0xED, 0xCD, 0xEE, 0xDC, 0xCD, 0xE0
    .byte   0x20, 0xFF, 0x34, 0x45, 0x56, 0x56, 0x33, 0xEE,   99, 0x0E, 0xDC, 0xCB, 0xDC, 0xDD, 0xE1, 0x2F
    .byte   0xDE, 0xF2, 0x44, 0x44, 0x32, 0x2E, 0xDE, 0xED, 0xDD, 0xCC, 0xDF, 0x12, 0x22, 0x32, 0x22, 0x33
    .byte   0x22, 0xED, 0xDD, 0xCD, 0xCD, 0xDD, 0xCD, 0xEF, 0x22,  -92, 0x00, 0x24, 0x44, 0x55, 0x65, 0x54
    .byte   0x2E, 0xDE, 0xDC, 0xCC, 0xCC, 0xCC, 0xE0, 0x31, 0x1D, 0xE0, 0x34, 0x44, 0x43, 0x3D, 0xED, 0xED
    .byte   0xDD, 0xCD, 0xCE, 0xF1, 0x33, 0x33, 0x23, 0x33, 0x31, 0x2E,   36, 0x0D, 0xCC, 0xCD, 0xCC, 0xCD
    .byte   0xD1, 0x0E, 0xE1, 0x23, 0x14, 0x44, 0x45, 0x56, 0x54, 0x30, 0xEE, 0xDC, 0xCC, 0xCC, 0xCC, 0xDF
    .byte   0x22, 0x1F, 0x12, 0x23, 0x34, 0x43, 0x3F, 0xEE, 0xED, 0xDD, 0xDD,   -9, 0x0D, 0xEE, 0x22, 0x22
    .byte   0x32, 0x32, 0x33, 0x21, 0xDD, 0xCD, 0xCC, 0xDC, 0xDD, 0xDE, 0x02, 0x2F, 0x02, 0x12, 0x33, 0x43
    .byte   0x45, 0x55, 0x63, 0x3E, 0xED, 0xCC, 0xDC, 0xDC, 0xCC, 0xE2, 0x22, 0x11,   -9, 0x00, 0xF2, 0x34
    .byte   0x43, 0x10, 0xEE, 0xED, 0xEE, 0xDD, 0xDD, 0xFF, 0x23, 0x23, 0x22, 0x12, 0x32, 0x21, 0xDD, 0xDC
    .byte   0xCD, 0xDD, 0xDD, 0xDD, 0xF2, 0x22, 0x11, 0x21, 0xF3, 0x34, 0x43, 0x55, 0x55,  102, 0x02, 0xEE
    .byte   0xDC, 0xCD, 0xDC, 0xCD, 0xDF, 0xF1, 0x01, 0x0F, 0xF1, 0x23, 0x34, 0x23, 0x10, 0xFE, 0xEE, 0xED
    .byte   0xDD, 0xEE, 0xF1, 0x22, 0x22, 0x22, 0x22, 0x11, 0xFE, 0xDD, 0xDD, 0xDD, 0xDD, 0xED,  -76, 0x0E
    .byte   0x12, 0x22, 0x02, 0x20, 0x12, 0x33, 0x43, 0x45, 0x44, 0x42, 0x2F, 0xEC, 0xED, 0xDD, 0xDC, 0xEE
    .byte   0xFF, 0xEF, 0x0E, 0xEF, 0x13, 0x23, 0x33, 0x21, 0x11, 0x11, 0xED, 0xDE, 0xDF, 0xE0, 0x21,    3
    .byte   0x00, 0x12, 0x12, 0x00, 0xFE, 0xED, 0xEE, 0xDE, 0xDE, 0xED, 0xEE, 0xF0, 0x01, 0x10, 0x20, 0x22
    .byte   0x21, 0x22, 0x23, 0x34, 0x34, 0x33, 0x22, 0x00, 0xE0, 0xEF, 0xED, 0xEE, 0xEE, 0xEF, 0xEE, 0xEE
    .byte     -8, 0x00, 0x12, 0x22, 0x32, 0x22, 0x21, 0x1E, 0xEE, 0xEE, 0xEE, 0xEF, 0x10, 0x02, 0x11, 0x2F
    .byte   0xFE, 0xFE, 0xEF, 0xEF, 0xEE, 0xEE, 0xE0, 0xEE, 0xEF, 0x0E, 0xF0, 0x22, 0x10, 0x22, 0x2F, 0x01
    .byte   0x22,  -17, 0x02, 0x33, 0x42, 0x22, 0x22, 0x01, 0x01, 0x0E, 0xE0, 0xEE, 0x0E, 0xEE, 0xEE, 0xEF
    .byte   0x00, 0x02, 0x12, 0x12, 0x12, 0xF0, 0xEF, 0xEF, 0xEF, 0xF0, 0x0F, 0xF0, 0x10, 0x1F, 0x0F, 0xEF
    .byte   0xF1, 0xF0,   -6, 0x0F, 0xEE, 0xE1, 0x00, 0xEE, 0xFE, 0xEF, 0x11, 0x02, 0xE1, 0x20, 0xEF, 0x20
    .byte   0x21, 0x02, 0x20, 0x22, 0x42, 0x22, 0x21, 0x22, 0x12, 0x11, 0xEF, 0x0F, 0xF0, 0xEF, 0xEE, 0xEE
    .byte   0x0F, 0xF1, 0x00,   10, 0x01, 0x21, 0x11, 0xEF, 0xEF, 0xFF, 0xFF, 0xEF, 0xF0, 0x10, 0x20, 0x0F
    .byte   0xE1, 0xFF, 0x2E, 0x0F, 0xFF, 0xF0, 0xFF, 0xEE, 0xEF, 0xE1, 0x0F, 0xFE, 0x21, 0xFF, 0xF0, 0x0E
    .byte   0x22, 0xF2, 0x11, 0x11,  -16, 0x01, 0x21, 0x32, 0x22, 0x12, 0x11, 0x22, 0xF2, 0x10, 0x00, 0x10
    .byte   0x00, 0x0E, 0xFE, 0xEE, 0x00, 0xE0, 0x10, 0xF0, 0x11, 0x1E, 0xFF, 0x00, 0xE0, 0x10, 0xFF, 0xF1
    .byte   0xFF, 0x10, 0xFF, 0xFF, 0xFF,   -3, 0x00, 0xE1, 0x0E, 0x1F, 0x1F, 0xEF, 0xF1, 0xFE, 0xF1, 0x0E
    .byte   0x02, 0x2E, 0xE1, 0x2F, 0xF0, 0x12, 0x11, 0x01, 0x12, 0x2F, 0x02, 0xF2, 0x31, 0x0E, 0xF2, 0x21
    .byte   0x20, 0xFF, 0x22, 0xEF, 0x00, 0x2F,   23, 0x01, 0xDF, 0x1F, 0x0F, 0x0F, 0xE0, 0x10, 0x00, 0xE0
    .byte   0xE2, 0xEF, 0x0F, 0xF0, 0x00, 0x20, 0xEF, 0xFF, 0x1E, 0x20, 0xF0, 0xEF, 0x22, 0xEF, 0xEE, 0x2F
    .byte   0xF0, 0xE2, 0x1E, 0x1F, 0x0F, 0x02, 0x1F,  -13, 0x01, 0x20, 0xEF, 0x2F, 0x01, 0x22, 0x0E, 0xF1
    .byte   0x22, 0x2F, 0x1F, 0x00, 0x10, 0x21, 0x01, 0xF0, 0x20, 0x10, 0x0F, 0xFF, 0x00, 0xFF, 0x01, 0xE1
    .byte   0x2F, 0x1E, 0xEF, 0xF1, 0x10, 0xF0, 0xFF, 0xE2,    2, 0x0E, 0x1F, 0xF0, 0xFE, 0x10, 0x10, 0x11
    .byte   0xEE, 0x1E, 0x22, 0xE1, 0xEF, 0x20, 0x00, 0xE2, 0xF0, 0x0E, 0x22, 0x0F, 0xF2, 0x1E, 0x01, 0x2F
    .byte   0x2F, 0x11, 0x1F, 0x10, 0x01, 0x12, 0x10, 0x10, 0xFF,    6, 0x02, 0x11, 0x00, 0x01, 0x0F, 0x10
    .byte   0xE2, 0x2E, 0xE1, 0x02, 0x2E, 0xEE, 0xE2, 0x02, 0xFE, 0xF0, 0xF1, 0xFE, 0xEF, 0x22, 0xFF, 0xEE
    .byte   0xF1, 0x1F, 0xF1, 0x10, 0xFF, 0xF1, 0xFF, 0x1F, 0xE0, 0xF2,  -11, 0x00, 0x2E, 0xE0, 0x22, 0x01
    .byte   0xFE, 0x11, 0x21, 0x2F, 0xE2, 0x10, 0xF0, 0x22, 0xE0, 0x22, 0xFE, 0x21, 0x01, 0x01, 0x0F, 0x01
    .byte   0x01, 0x10, 0xFF, 0x0F, 0x1F, 0xF1, 0x1E, 0x11, 0xE2, 0xE1, 0xFF,    5, 0x0F, 0xEF, 0x02, 0xEE
    .byte   0xE0, 0x2F, 0x00, 0x0F, 0xEF, 0x01, 0x0E, 0x12, 0xEE, 0x21, 0x00, 0xF1, 0xE1, 0x2F, 0x11, 0xFF
    .byte   0x02, 0xF1, 0x02, 0xF1, 0x20, 0x1F, 0x20, 0x20, 0x10, 0xF2, 0x11, 0x11,   15, 0x00, 0xF1, 0x02
    .byte   0x00, 0xE1, 0x0F, 0x01, 0x0F, 0x1F, 0xF0, 0xE0, 0x1F, 0xFE, 0xE0, 0x01, 0xFF, 0x1F, 0x00, 0xEF
    .byte   0xEE, 0xF2, 0x01, 0xFE, 0x00, 0xFF, 0xEF, 0x2F, 0xFF, 0xF0, 0xF0, 0x1F, 0x0F,  -24, 0x02, 0x11
    .byte   0x11, 0x02, 0x21, 0x22, 0x12, 0x22, 0x12, 0x0F, 0x12, 0x11, 0x0F, 0x0F, 0x0E, 0xF1, 0xF0, 0xF0
    .byte   0xE0, 0xE0, 0x10, 0xF1, 0x1F, 0xFF, 0x00, 0x0E, 0x01, 0x10, 0x0E, 0x0E, 0x00, 0xEF,   -8, 0x00
    .byte   0xEE, 0x00, 0xE0, 0xEF, 0xE0, 0xE0, 0x0E, 0x01, 0xFF, 0x12, 0x0F, 0x0F, 0x22, 0x23, 0x24, 0x34
    .byte   0x23, 0x22, 0x0E, 0xED, 0xFD, 0xEE, 0xEF, 0xEF, 0x02, 0x10, 0x1F, 0x10, 0xF1, 0x12, 0x11,   21
    .byte   0x01, 0xFE, 0xEE, 0xEE, 0x0F, 0x12, 0x2F, 0x0F, 0xFF, 0xE0, 0xFF, 0xEE, 0xEE, 0xED, 0xE1, 0xE0
    .byte   0x0E, 0xEF, 0xED, 0xE1, 0x12, 0x22, 0x21, 0x12, 0x23, 0x44, 0x54, 0x44, 0x2F, 0xDC, 0xDC, 0xDD
    .byte      5, 0x0F, 0xEE, 0x0F, 0x12, 0x23, 0x32, 0x21, 0x10, 0xEE, 0xE1, 0xF1, 0xEE, 0xED, 0xEE, 0x12
    .byte   0x23, 0x23, 0x11, 0x1F, 0xFE, 0xDF, 0xDD, 0xDD, 0xFE, 0xF1, 0x0E, 0xFE, 0xDE, 0xDE, 0xEE, 0xFE
    .byte   0x22,  -70, 0x02, 0x23, 0x34, 0x45, 0x65, 0x44, 0x0D, 0xCB, 0xBB, 0xCD, 0xE2, 0x23, 0x23, 0x42
    .byte   0x32, 0x2F, 0xFD, 0xDE, 0xDE, 0xEF, 0x20, 0x2F, 0xFE, 0xEE, 0x12, 0x23, 0x23, 0x12, 0x01, 0x1E
    .byte   0xEC, 0xDD,  -23, 0x0D, 0x02, 0x22, 0x21, 0x0D, 0xED, 0xDF, 0xDD, 0xED, 0xFF, 0xF0, 0x23, 0x33
    .byte   0x43, 0x56, 0x64, 0x41, 0xDB, 0xAA, 0xCC, 0xD0, 0x44, 0x43, 0x43, 0x31, 0x21, 0xFE, 0xCC, 0xDD
    .byte   0xC1, 0x23, 0x32,   14, 0x0F, 0xED, 0xEF, 0x2F, 0x33, 0x22, 0x12, 0xF1, 0xFD, 0xED, 0xDD, 0xDE
    .byte   0x03, 0x02, 0x2E, 0xED, 0xDD, 0xED, 0xEE, 0xEE, 0xFF, 0x11, 0x23, 0x34, 0x34, 0x46, 0x53, 0x4F
    .byte   0xCB, 0xAB, 0xBE, 0x12,   -5, 0x05, 0x44, 0x23, 0xED, 0xDE, 0xFD, 0xCD, 0xEE, 0xD2, 0x34, 0x22
    .byte   0x2E, 0xDD, 0xDE, 0xF0, 0x22, 0x32, 0x22, 0x11, 0x1E, 0xED, 0xDD, 0xDE, 0xF2, 0x13, 0x21, 0xED
    .byte   0xCD, 0xED, 0xEF, 0x0F, 0xE1,  -65, 0x00, 0x02, 0x33, 0x33, 0x45, 0x54, 0x43, 0xEB, 0xBB, 0xBD
    .byte   0x13, 0x45, 0x53, 0x32, 0xED, 0xDD, 0xED, 0xEE, 0xDE, 0xF1, 0x22, 0x32, 0x2F, 0xDD, 0xDD, 0xD0
    .byte   0x21, 0x32, 0x23, 0x21, 0x21, 0x2D,    9, 0x0E, 0xCD, 0xE1, 0x23, 0x30, 0x2E, 0xCD, 0xDD, 0xCE
    .byte   0x0F, 0x20, 0x01, 0x00, 0xE2, 0x32, 0x34, 0x45, 0x54, 0x41, 0xCB, 0xBC, 0xB0, 0x34, 0x55, 0x42
    .byte   0x2E, 0xDD, 0xDD, 0xEE, 0xEE, 0x0F, 0xE0,   13, 0x02, 0x22, 0xEE, 0xDD, 0xDD, 0x10, 0x22, 0x22
    .byte   0x22, 0x12, 0x20, 0x11, 0xED, 0xDD, 0xEE, 0x22, 0x32, 0x2F, 0xED, 0xCD, 0xDD, 0xDE, 0xF1, 0x22
    .byte   0x20, 0x0E, 0x13, 0x33, 0x45, 0x54, 0x40, 0xEB,   14, 0x0C, 0xDD, 0x24, 0x54, 0x43, 0x2F, 0xCD
    .byte   0xEF, 0xDE, 0x1E, 0xEE, 0x0E, 0xEF, 0x12, 0x10, 0xFE, 0xDE, 0xDF, 0xEE, 0x22, 0x33, 0x23, 0x23
    .byte   0xFF, 0xDC, 0xCD, 0xD2, 0x24, 0x33, 0x01, 0xDD, 0xDD,  -40, 0x0D, 0xDE, 0xE2, 0xF2, 0x1F, 0x00
    .byte   0x00, 0x34, 0x44, 0x55, 0x32, 0xEC, 0xCB, 0xEE, 0x13, 0x45, 0x33, 0x2F, 0xDD, 0xEF, 0xEE, 0xE1
    .byte   0xDE, 0xEE, 0xEE, 0x12, 0x20, 0xFE, 0xED, 0xEE, 0xEF, 0x02,  -11, 0x03, 0x13, 0x22, 0x30, 0x0D
    .byte   0xCD, 0xCE, 0xF3, 0x43, 0x22, 0x1D, 0xCD, 0xED, 0xCE, 0xDF, 0xF0, 0x31, 0xF0, 0x10, 0xF3, 0x33
    .byte   0x45, 0x54, 0x2F, 0xDB, 0xCD, 0xE0, 0x44, 0x44, 0x21, 0x0D, 0xD0,   47, 0x0E, 0xEF, 0xED, 0xDE
    .byte   0xEE, 0xE2, 0x21, 0x11, 0xEE, 0xDE, 0xFD, 0xE1, 0x31, 0x23, 0x22, 0x32, 0x2E, 0xDD, 0xCD, 0xD1
    .byte   0x33, 0x43, 0x1E, 0xDD, 0xDD, 0xCE, 0xDD, 0xF1, 0x22, 0xF0, 0xFE, 0x02,  -45, 0x03, 0x34, 0x44
    .byte   0x43, 0x2E, 0xCC, 0xCF, 0x03, 0x44, 0x33, 0x2E, 0xED, 0x01, 0x11, 0xDF, 0xDD, 0xDE, 0xE0, 0x23
    .byte   0x21, 0xDE, 0xDD, 0xE0, 0x2E, 0xFF, 0x02, 0xF3, 0x42, 0x32, 0x0D, 0xCD, 0xDE,  -21, 0x03, 0x32
    .byte   0x31, 0x1E, 0xDD, 0xDD, 0xDD, 0xDE, 0xFF, 0x12, 0x1E, 0xFF, 0x11, 0x34, 0x33, 0x44, 0x51, 0x21
    .byte   0xCC, 0xC2, 0xF2, 0x44, 0x41, 0x11, 0xFD, 0xE1, 0x10, 0xDE, 0xFC, 0xDF, 0x2F, 0xE3,   17, 0x0E
    .byte   0xEE, 0xEE, 0xEE, 0xFE, 0xD0, 0x13, 0x33, 0x33, 0x10, 0xEE, 0xDD, 0xDF, 0xE1, 0x33, 0x30, 0x0F
    .byte   0xDD, 0xDD, 0xCE, 0xDF, 0xE0, 0x11, 0x10, 0xFF, 0x11, 0x24, 0x33, 0x34, 0x53, 0x31, 0xDC,    3
    .byte   0x0F, 0x10, 0x43, 0x43, 0x02, 0x1E, 0xD0, 0x2F, 0xDE, 0xED, 0xDE, 0xF2, 0xE2, 0x2E, 0xEE, 0x0E
    .byte   0xDF, 0xEE, 0xDF, 0x03, 0x33, 0x42, 0x0F, 0xFE, 0xDD, 0x0E, 0xE0, 0x22, 0x22, 0x31, 0xEE, 0xDE
    .byte    -24, 0x0C, 0xED, 0xDE, 0x22, 0x11, 0x0F, 0xEF, 0x23, 0x33, 0x34, 0x34, 0x51, 0x2E, 0xCC, 0xC2
    .byte   0x23, 0x44, 0x30, 0xF1, 0xFE, 0xF1, 0xEE, 0xDD, 0xED, 0xE1, 0x12, 0xFF, 0xFE, 0xEF, 0xFF, 0xEE
    .byte   0xDF,  -26, 0x0F, 0x33, 0x33, 0x31, 0xEF, 0xFE, 0xEF, 0x0D, 0xE1, 0x22, 0x23, 0x1F, 0xDD, 0xCD
    .byte   0xDD, 0x1E, 0xED, 0xEE, 0x03, 0x22, 0x22, 0xD3, 0x33, 0x24, 0x46, 0x3F, 0x0D, 0xCB, 0x13, 0x24
    .byte   0x23, 0x3F,   51, 0x02, 0x1E, 0xE1, 0xED, 0xCE, 0xEE, 0xF2, 0x1F, 0xE0, 0x1F, 0xEF, 0xFE, 0xDD
    .byte   0xEF, 0x12, 0x34, 0x31, 0x21, 0x1F, 0xDE, 0xED, 0xEF, 0x32, 0x22, 0x2F, 0xED, 0xDE, 0xCE, 0xED
    .byte   0xFD, 0xFE, 0xD0,  -65, 0x02, 0x20, 0x20, 0xE1, 0x44, 0x43, 0x54, 0x3E, 0xFD, 0xCC, 0x13, 0x23
    .byte   0x23, 0x32, 0xF3, 0x1E, 0xED, 0xDD, 0xDE, 0xE0, 0xE1, 0x1E, 0xE1, 0x21, 0x0F, 0xDE, 0xDD, 0xE2
    .byte   0x22, 0x33, 0x22, 0x32,   20, 0x0E, 0xFD, 0xDD, 0x01, 0x22, 0x33, 0x2E, 0xED, 0xEC, 0xED, 0xDE
    .byte   0xDE, 0xE1, 0xEE, 0x11, 0x10, 0x33, 0xE2, 0x33, 0x24, 0x45, 0x5E, 0xED, 0xCD, 0xD3, 0x42, 0x00
    .byte   0x33, 0x13, 0x3E, 0xDC, 0xEE,   28, 0x0D, 0xE0, 0xDE, 0x11, 0x0E, 0x12, 0x1E, 0xDE, 0xDE, 0xD2
    .byte   0x22, 0x23, 0x33, 0x23, 0x12, 0xED, 0xCF, 0xDE, 0x23, 0x32, 0x2F, 0xF0, 0xDD, 0xDD, 0xCD, 0xEF
    .byte   0xFD, 0xE2, 0x11, 0x00, 0xE2, 0x22,  -50, 0x02, 0x34, 0x44, 0x55, 0xDE, 0xCD, 0xED, 0x33, 0x21
    .byte   0xD4, 0x43, 0x2E, 0xED, 0xDC, 0xFE, 0xED, 0xD0, 0x12, 0x12, 0x2D, 0xEE, 0xF0, 0xDF, 0xDE, 0xF1
    .byte   0x34, 0x30, 0x22, 0x33, 0x1D, 0xCD, 0xDD,   -7, 0x02, 0x31, 0x03, 0x11, 0xED, 0xFC, 0xCC, 0xE0
    .byte   0xEF, 0xDD, 0x22, 0x12, 0x1E, 0xE2, 0x23, 0x22, 0x34, 0x44, 0x63, 0xDE, 0xCF, 0xEE, 0xF0, 0x3D
    .byte   0x34, 0x42, 0xEE, 0xEF, 0xDC, 0xED, 0xDD, 0xE2,    5, 0x00, 0xE2, 0x2F, 0xFE, 0xDF, 0xDD, 0x2F
    .byte   0x20, 0x23, 0x31, 0x33, 0x33, 0xDD, 0xCC, 0x01, 0x20, 0x01, 0x24, 0x22, 0xEC, 0xDC, 0xDD, 0xDE
    .byte   0xD1, 0xFE, 0x11, 0x21, 0x1E, 0xD3, 0x32, 0x31, 0x43,    3, 0x04, 0x54, 0xDE, 0xDF, 0x0D, 0x0D
    .byte   0x2E, 0x25, 0x33, 0xDE, 0x12, 0xEC, 0xDC, 0xED, 0xD3, 0xF1, 0xE1, 0x30, 0x3D, 0xDE, 0xDF, 0xE2
    .byte   0x0F, 0x12, 0x33, 0x32, 0x23, 0xEE, 0xDD, 0xDE, 0x2E, 0x01,    0, 0x03, 0x10, 0x00, 0xDC, 0xCE
    .byte   0xDD, 0xDF, 0x01, 0xD2, 0x43, 0xEC, 0x13, 0x02, 0xE3, 0x43, 0x44, 0x63, 0x0D, 0xD2, 0x1D, 0xDD
    .byte   0xE2, 0x24, 0x33, 0x0D, 0x32, 0xFC, 0xBE, 0xDF, 0xFD, 0xE0, 0x22,    2, 0x02, 0x2D, 0xDD, 0x22
    .byte   0xED, 0xF2, 0x32, 0x22, 0x33, 0x31, 0xFE, 0xDD, 0xE1, 0x1E, 0xD0, 0x33, 0x2E, 0xED, 0xFE, 0xDC
    .byte   0xDD, 0xDE, 0xF0, 0xE0, 0x13, 0x3E, 0xF0, 0x3F, 0x12, 0x44, 0x43, 0x54,   58, 0x0D, 0xE1, 0x3C
    .byte   0xDD, 0xE2, 0x13, 0x33, 0x1F, 0x22, 0x1D, 0xCD, 0xEE, 0xEC, 0xD1, 0x22, 0x00, 0x2E, 0xE0, 0x2F
    .byte   0xED, 0x02, 0x31, 0x01, 0x23, 0x32, 0x2E, 0xEE, 0xEE, 0xEE, 0x0E, 0x22, 0x00,    1, 0x0E, 0xEE
    .byte   0xDD, 0xDD, 0xDD, 0x1E, 0x11, 0xF1, 0x03, 0x21, 0xFE, 0x34, 0x41, 0x34, 0x55, 0xEE, 0xE1, 0x3D
    .byte   0xDC, 0xF1, 0x12, 0x30, 0x2F, 0x23, 0x1E, 0xCE, 0xFE, 0xDC, 0xD1, 0x00, 0xFF, 0xE0,  -12, 0x01
    .byte   0x2E, 0xE0, 0x12, 0x20, 0x12, 0x33, 0x22, 0x10, 0x0E, 0xED, 0xFD, 0x11, 0x11, 0xE1, 0x22, 0xED
    .byte   0xDD, 0xDE, 0xCD, 0xEF, 0xEE, 0xF1, 0x31, 0x12, 0x20, 0x13, 0x34, 0x23, 0x55, 0x4E, 0xE2,   64
    .byte   0x02, 0xCC, 0xD2, 0x0E, 0x01, 0x20, 0x23, 0x2E, 0xDF, 0xF1, 0xDD, 0xC2, 0x1E, 0xDD, 0x02, 0xFE
    .byte   0x0E, 0xF2, 0x22, 0x2E, 0x23, 0x33, 0xE2, 0x33, 0x1E, 0xEE, 0xD0, 0xED, 0xDE, 0xF0, 0x01, 0xEF
    .byte    -14, 0x0F, 0xED, 0xDD, 0xFD, 0xDE, 0xE0, 0xEE, 0x22, 0x22, 0x12, 0x33, 0x34, 0x44, 0x53, 0x22
    .byte   0x22, 0x2D, 0xCE, 0xF0, 0xDE, 0x10, 0x20, 0x02, 0xEE, 0x10, 0x1E, 0xDF, 0x01, 0xED, 0xE0, 0xEE
    .byte   0xDE,  -23, 0x0F, 0xF0, 0x20, 0x23, 0x32, 0x31, 0x33, 0x30, 0xEF, 0xEE, 0xFD, 0xED, 0xD1, 0xFE
    .byte   0xEE, 0xF1, 0xEE, 0xED, 0xED, 0xEE, 0xEE, 0xEE, 0xF0, 0x02, 0x01, 0x13, 0x33, 0x34, 0x35, 0x51
    .byte   0x04, 0x33,   72, 0x0D, 0xD0, 0xFD, 0xDE, 0xEF, 0xEE, 0xFF, 0xD2, 0x20, 0xFE, 0x12, 0x2E, 0xE1
    .byte   0x1F, 0xED, 0xEF, 0xEE, 0xEE, 0xE2, 0x12, 0x22, 0x13, 0x42, 0x21, 0x23, 0x1E, 0xDE, 0xEF, 0xDD
    .byte   0xEE, 0xEE, 0xEE,  -28, 0x0E, 0xE0, 0xED, 0xEE, 0x10, 0xED, 0x13, 0x1E, 0xF1, 0x22, 0x32, 0x32
    .byte   0x35, 0x43, 0xE4, 0x44, 0xED, 0x13, 0x0E, 0xDE, 0xEE, 0xED, 0xED, 0xDE, 0x0E, 0xDE, 0x22, 0x0F
    .byte   0x12, 0x20, 0x20, 0x0E,    5, 0x01, 0x0E, 0xE0, 0x12, 0xEF, 0x02, 0x2F, 0x11, 0x2E, 0xE3, 0x2D
    .byte   0xE0, 0x22, 0xDD, 0xE3, 0x1C, 0xE2, 0xED, 0xE2, 0xED, 0xE2, 0x1E, 0xF1, 0x11, 0xF1, 0x21, 0x12
    .byte   0x23, 0x12, 0x33, 0x21, 0x23,   25, 0x01, 0x22, 0x21, 0x10, 0x21, 0xEF, 0x01, 0xEE, 0xEF, 0xFE
    .byte   0xEE, 0xFF, 0xEF, 0xFF, 0xEE, 0xFF, 0x0E, 0xF0, 0x00, 0x00, 0x10, 0x00, 0x11, 0xF1, 0x11, 0x01
    .byte   0x21, 0xF1, 0x21, 0xF0, 0x11, 0xF0,    7, 0x00, 0xFE, 0x1F, 0xEF, 0xEF, 0xFF, 0xEF, 0xF0, 0xE0
    .byte   0x0F, 0xF0, 0x00, 0x00, 0x11, 0x02, 0x00, 0x20, 0x02, 0x10, 0x12, 0x11, 0x10, 0x21, 0x10, 0x20
    .byte   0x11, 0x11, 0x11, 0x11, 0x1F, 0x10, 0x1F,   19, 0x0F, 0x0F, 0x0E, 0x00, 0xEF, 0xFF, 0xF0, 0xEF
    .byte   0xFF, 0x0E, 0xFF, 0xFF, 0xF0, 0x0F, 0x00, 0x01, 0x01, 0x11, 0x10, 0x10, 0x11, 0x11, 0x10, 0x01
    .byte   0x01, 0x00, 0x11, 0xF0, 0x10, 0x10, 0x00, 0x10,    6, 0x0F, 0x00, 0x00, 0x00, 0x00, 0xF0, 0x01
    .byte   0xF0, 0x00, 0xF1, 0xF0, 0x0F, 0x0F, 0x00, 0x0F, 0xF0, 0xF0, 0xF1, 0xFF, 0x1F, 0x1F, 0x00, 0x0F
    .byte   0x10, 0x00, 0x10, 0x00, 0x10, 0x00, 0x01, 0x00, 0x01,   -1, 0x01, 0xF1, 0x01, 0xF0, 0xF1, 0x00
    .byte   0x00, 0xF1, 0x00, 0x0F, 0x11, 0x0F, 0x10, 0x10, 0x00, 0x00, 0x10, 0xF1, 0x00, 0x1F, 0x00, 0x00
    .byte   0x00, 0x0F, 0x00, 0xF1, 0xF0, 0x00, 0x0F, 0x0F, 0x0F, 0x1F,   -2, 0x00, 0xF1, 0xF0, 0x00, 0x00
    .byte   0x1F, 0x01, 0xF0, 0x1F, 0x10, 0x0F, 0x11, 0xF1, 0xF1, 0x00, 0x0F, 0x11, 0xF0, 0x01, 0xF1, 0xF1
    .byte   0xF1, 0x00, 0x00, 0x01, 0x00, 0xF0, 0x00, 0x1F, 0x11, 0xF0, 0x10,    2, 0x0F, 0x10, 0x0F, 0x01
    .byte   0xF0, 0x00, 0x00, 0x00, 0x0F, 0x1F, 0x00, 0x00, 0x0F, 0x1F, 0x01, 0xF0, 0x00, 0x1F, 0x00, 0x00
    .byte   0x10, 0x01, 0xF1, 0x00, 0x0F, 0xF1, 0xF1, 0x00, 0x00, 0x01, 0xF0, 0xF1,    0, 0x00, 0x00, 0xF0
    .byte   0x1F, 0x01, 0xF0, 0x0F, 0x1F, 0x11, 0x11, 0x1F, 0x11, 0x22, 0x34, 0x38, 0xC7, 0x58, 0xB7, 0x0C
    .byte   0x45, 0xB9, 0x72, 0xE7, 0xA8, 0x75, 0x2F, 0xB5, 0x9C, 0x7D, 0xC0, 0x33, 0x6F,   24, 0x0E, 0xBC
    .byte   0xE5, 0xCC, 0xE3, 0xF6, 0x4B, 0xF3, 0xB3, 0x5C, 0xDB, 0x45, 0x53, 0xAB, 0x6D, 0xC5, 0xBC, 0x16
    .byte   0xB1, 0x6A, 0xF4, 0x11, 0x3B, 0xC6, 0xED, 0x4C, 0xD4, 0x3C, 0x31, 0xB3, 0x32, 0xFE,   -8, 0x0E
    .byte   0x50, 0xC2, 0xEE, 0x4E, 0xD2, 0xDF, 0x32, 0x2D, 0xDF, 0x33, 0xED, 0x10, 0x03, 0x1E, 0x0F, 0xF3
    .byte   0x1D, 0x12, 0x01, 0x1E, 0xF2, 0xFF, 0x2E, 0xD2, 0x22, 0xEE, 0x03, 0xFF, 0x00, 0x01, 0x02,    8
    .byte   0x0E, 0xF2, 0x10, 0xEF, 0xF0, 0x01, 0xFF, 0xF0, 0x11, 0x1E, 0xE1, 0x1F, 0xEF, 0xF0, 0xF0, 0x1F
    .byte   0xEF, 0x12, 0x0E, 0xF1, 0x22, 0x32, 0x12, 0x23, 0x30, 0x0F, 0x02, 0x11, 0xED, 0xDF, 0xFF, 0xDD
    .byte    -11, 0x00, 0x11, 0xFF, 0x01, 0x32, 0x1E, 0xE3, 0x10, 0xDD, 0xEE, 0xED, 0xDE, 0xDE, 0xED, 0xE2
    .byte   0x46, 0x5D, 0xF4, 0x65, 0xEC, 0xF3, 0x2F, 0xDD, 0xCB, 0xE1, 0x2B, 0xBD, 0x34, 0xEE, 0x23, 0x44
    .byte   0x43,   33, 0x01, 0x24, 0x3D, 0xCC, 0xEF, 0xDC, 0xCC, 0xE1, 0x21, 0xD1, 0x35, 0x42, 0x23, 0x33
    .byte   0x20, 0xED, 0xEE, 0xED, 0xCD, 0xD0, 0xEE, 0xEE, 0x23, 0x42, 0x31, 0x33, 0x31, 0xFE, 0xEF, 0xED
    .byte   0xED, 0xDE,  -21, 0x0E, 0xEE, 0x12, 0x32, 0x22, 0x23, 0x32, 0x2E, 0xE1, 0xFF, 0xED, 0xEE, 0xFE
    .byte   0x0E, 0x01, 0x22, 0x21, 0x12, 0x22, 0x10, 0x10, 0x1F, 0xFE, 0xE0, 0xE0, 0xEE, 0xE1, 0x10, 0xFE
    .byte   0x12, 0x12, 0x00,   -4, 0x01, 0x21, 0x0F, 0x01, 0x11, 0xEF, 0x10, 0x21, 0x00, 0x11, 0x11, 0x10
    .byte   0xEF, 0x02, 0xEF, 0xE1, 0xFE, 0xF1, 0x1F, 0xF2, 0x22, 0x12, 0x02, 0x00, 0xE0, 0xEE, 0xE0, 0xFE
    .byte   0xD0, 0x2F, 0xED, 0xFF,  -30, 0x0E, 0xDE, 0xDF, 0x57, 0x5A, 0xE3, 0x75, 0xBA, 0xE1, 0x2E, 0xCD
    .byte   0xCC, 0xF4, 0x3B, 0xC0, 0x65, 0x2C, 0x14, 0x54, 0xEE, 0xCD, 0xE2, 0x0B, 0xBD, 0x23, 0x0D, 0xD3
    .byte   0x44, 0x33, 0xF1, 0x24, 0x3E,   25, 0x0C, 0xFF, 0xED, 0xCD, 0xF1, 0x32, 0x01, 0x33, 0x33, 0x1E
    .byte   0x11, 0x1E, 0xDD, 0xDF, 0xE1, 0x1E, 0xE2, 0x33, 0x20, 0xF2, 0x31, 0xFE, 0xFE, 0xF1, 0xFE, 0xEE
    .byte   0x02, 0x0E, 0xE2, 0x12, 0x01, 0xF2,    2, 0x01, 0x01, 0xFF, 0x11, 0x0F, 0x0F, 0x00, 0xEF, 0xFF
    .byte   0xFF, 0x00, 0x11, 0x12, 0x12, 0x11, 0x21, 0xFF, 0xFF, 0xEF, 0xEE, 0xFF, 0x00, 0xF1, 0x11, 0x21
    .byte   0x12, 0x01, 0x0F, 0xF0, 0x0E, 0x0F, 0xFF,   -5, 0x01, 0x00, 0x11, 0x11, 0x11, 0x01, 0x00, 0x0F
    .byte   0xFF, 0xF0, 0xFF, 0x00, 0x1F, 0x01, 0x11, 0x00, 0x11, 0xF0, 0x00, 0xFF, 0xF0, 0x00, 0x00, 0x10
    .byte   0x11, 0x10, 0x10, 0xF1, 0xFF, 0xFF, 0x0F, 0xF0,   -3, 0x00, 0x01, 0x11, 0x10, 0x11, 0x1F, 0x0F
    .byte   0x00, 0xE0, 0xF0, 0x00, 0x00, 0x11, 0x11, 0x11, 0x00, 0x0F, 0xFF, 0x10, 0xE1, 0xF1, 0x0F, 0x11
    .byte   0x11, 0x10, 0x10, 0x1F, 0xF0, 0xFF, 0xFF, 0x0F, 0xF0,   -3, 0x01, 0x01, 0x11, 0x10, 0x01, 0xF0
    .byte   0x0F, 0xFF, 0x0F, 0x0F, 0x0F, 0x11, 0x01, 0x00, 0x20, 0xF0, 0x10, 0xF0, 0xFF, 0x0F, 0xF0, 0x01
    .byte   0x01, 0x00, 0x1F, 0x11, 0xF0, 0x0F, 0x1F, 0xF0, 0x00, 0x00,   -2, 0x01, 0x01, 0x00, 0x00, 0x00
    .byte   0x10, 0xF0, 0x00, 0x0F, 0x10, 0x00, 0x00, 0x00, 0x00, 0x00, 0x1F, 0x00, 0x0F, 0x1F, 0x10, 0x00
    .byte   0x10, 0x0F, 0x1F, 0x00, 0xF0, 0x0F, 0x00, 0x10, 0x00, 0x1F, 0x10,    0, 0x01, 0x00, 0xF1, 0x0F
    .byte   0x00, 0xF0, 0x10, 0x00, 0x1F, 0x1F, 0x01, 0x1F, 0xF1, 0xF0, 0x00, 0x1F, 0x0F, 0x10, 0x00, 0xF1
    .byte   0x00, 0x00, 0xF1, 0x00, 0xF0, 0x10, 0x00, 0x01, 0xF0, 0xF1, 0x1F, 0x00,    0, 0x01, 0x0F, 0x00
    .byte   0x1F, 0x01, 0x00, 0x0F, 0x1F, 0x00, 0x00, 0xF1, 0x0F, 0x01, 0xF0, 0x1F, 0x1F, 0x01, 0x00, 0x00
    .byte   0xF1, 0x0F, 0x01, 0x1F, 0x00, 0x1F, 0x10, 0x0F, 0x10, 0x00, 0x00, 0x00, 0xF0,    0, 0x00, 0x00
    .byte   0x10, 0x00, 0x0F, 0x01, 0x1E, 0x01, 0x11, 0x0E, 0x01, 0x10, 0x01, 0xFF, 0x01, 0x1F, 0x0F, 0x01
    .byte   0x2E, 0x00, 0x11, 0xF0, 0x01, 0x01, 0x00, 0xF1, 0xFF, 0x11, 0x0F, 0x0F, 0x10, 0xFF,    0, 0x01
    .byte   0x0F, 0x01, 0x00, 0xF0, 0xF0, 0x00, 0x00, 0x00, 0x0F, 0x0F, 0xFF, 0xF0, 0x0F, 0xF0, 0x10, 0x20
    .byte   0x11, 0x10, 0x20, 0x10, 0x02, 0x10, 0x1F, 0x11, 0x0F, 0xFF, 0xF1, 0xF1, 0x0F, 0x01, 0x21,   11
    .byte   0x0E, 0x01, 0x1F, 0xDE, 0xF0, 0xDE, 0xEF, 0xEF, 0xE1, 0x02, 0x00, 0x2E, 0x10, 0xE0, 0x03, 0x37
    .byte   0x7E, 0xBB, 0x25, 0x0A, 0x9B, 0x12, 0x34, 0x32, 0x14, 0x66, 0xCB, 0xB1, 0x2F, 0xBB, 0xE2, 0x23
    .byte     -6, 0x02, 0xEF, 0x34, 0x3D, 0xCD, 0x22, 0x1D, 0xDF, 0x33, 0x3F, 0xEF, 0x03, 0x0D, 0xDD, 0xE2
    .byte   0x2E, 0xDF, 0x23, 0x3E, 0xEF, 0x01, 0x0F, 0x0E, 0xFF, 0xF1, 0x32, 0x23, 0x42, 0x20, 0xEF, 0xEE
    .byte   0xED,    2, 0x0E, 0xF1, 0x22, 0x11, 0x32, 0x2F, 0xEE, 0xF1, 0xED, 0xEE, 0x10, 0x10, 0xF0, 0xF1
    .byte   0x10, 0xEE, 0xEE, 0x0E, 0xEE, 0x11, 0x1F, 0xEE, 0x1F, 0xFF, 0xE1, 0x23, 0x36, 0x77, 0xCA, 0xB2
    .byte   0x4D, 0x89,  -74, 0x04, 0x45, 0x54, 0xF2, 0x45, 0x3C, 0xAB, 0xD2, 0xEC, 0xCE, 0x44, 0x34, 0xFF
    .byte   0x23, 0x2D, 0xDC, 0xDF, 0x13, 0xFD, 0x04, 0x44, 0xDD, 0xE1, 0x2D, 0xCD, 0xE2, 0x12, 0x10, 0xFE
    .byte   0xE2, 0x1D, 0xDE,  -32, 0x02, 0xED, 0xF2, 0x30, 0xE2, 0x14, 0x67, 0x6B, 0xAB, 0x43, 0xBA, 0xAE
    .byte   0x34, 0x56, 0x2C, 0x14, 0x53, 0xBA, 0xB3, 0x2E, 0xDD, 0xF2, 0x45, 0x3E, 0xDD, 0x23, 0x2C, 0xBD
    .byte   0x24, 0x3E, 0xD0, 0x33,   12, 0x0E, 0xDC, 0xE1, 0x2E, 0xDD, 0xE2, 0x31, 0xDD, 0x00, 0x20, 0xEF
    .byte   0x02, 0x32, 0x45, 0x67, 0x3B, 0xBC, 0xFE, 0xBA, 0xB2, 0x44, 0x55, 0x3F, 0x24, 0x3D, 0xBA, 0xC1
    .byte   0x2F, 0xDE, 0x14, 0x44, 0x2E,   19, 0x0E, 0xE0, 0xEC, 0xDF, 0x33, 0x2F, 0x12, 0x22, 0xFE, 0xDC
    .byte   0xEF, 0x1D, 0xD0, 0x22, 0x2E, 0xF0, 0xDD, 0xD0, 0xEF, 0xFE, 0x24, 0x45, 0x55, 0x65, 0xEC, 0xBC
    .byte   0xDB, 0xBA, 0xD4, 0x35, 0x64, 0x40,   66, 0x03, 0xEC, 0xAB, 0xDE, 0xDE, 0x13, 0x44, 0x34, 0x2E
    .byte   0xCD, 0xD1, 0xFD, 0xDF, 0x33, 0x23, 0x30, 0x0E, 0xFD, 0xDD, 0xDE, 0xF0, 0xE2, 0x21, 0xFF, 0xDD
    .byte   0xCE, 0xEE, 0xDF, 0x24, 0x3F, 0x25, 0x44,   35, 0x04, 0x63, 0xDB, 0xBE, 0xDB, 0xBC, 0x34, 0x35
    .byte   0x54, 0x2E, 0x11, 0xEC, 0xAC, 0xD1, 0x11, 0x23, 0x33, 0x33, 0x2D, 0xCD, 0x0F, 0xDD, 0xE3, 0x33
    .byte   0x23, 0x3F, 0xED, 0xED, 0xDC, 0xD2, 0x22, 0xF2,  -14, 0x01, 0xED, 0xDD, 0xDC, 0xEF, 0x22, 0xE0
    .byte   0x34, 0x42, 0x34, 0x45, 0x44, 0x3D, 0xCC, 0xDC, 0xCC, 0xC2, 0x44, 0x45, 0x32, 0x00, 0x1E, 0xBB
    .byte   0xBF, 0x02, 0x22, 0x24, 0x33, 0x3F, 0xDC, 0xDD, 0xFE,  -17, 0x0F, 0x23, 0x42, 0x33, 0x0C, 0xDE
    .byte   0xFC, 0xCE, 0x12, 0x20, 0x22, 0x2E, 0xDD, 0xDD, 0xCD, 0xF3, 0x11, 0xF2, 0x44, 0x42, 0x33, 0x44
    .byte   0x55, 0xEC, 0xBC, 0x0D, 0xCC, 0xD3, 0x34, 0x54, 0x31, 0xD1,   55, 0x0E, 0xBB, 0xCF, 0x02, 0x13
    .byte   0x32, 0x23, 0x3F, 0xDC, 0xC1, 0x20, 0xD1, 0x23, 0x32, 0x32, 0xED, 0xDE, 0x1D, 0xCD, 0x13, 0x22
    .byte   0x2F, 0xFD, 0xDD, 0xED, 0xDC, 0xE2, 0x33, 0x31, 0xD2, 0x44, 0x31,   -6, 0x03, 0x55, 0x52, 0xCC
    .byte   0xCD, 0xFD, 0xCC, 0xF3, 0x45, 0x43, 0xED, 0x12, 0xFD, 0xBB, 0xD1, 0x33, 0x31, 0x10, 0x33, 0x10
    .byte   0xCC, 0xD1, 0x31, 0xEE, 0x13, 0x33, 0x3E, 0xED, 0xDE, 0x0E, 0xDE, 0xD1,  -21, 0x03, 0x0E, 0xED
    .byte   0xED, 0xED, 0xDD, 0xE2, 0x33, 0xE0, 0x23, 0x44, 0x23, 0x44, 0x45, 0x4D, 0xBC, 0xDD, 0xED, 0xCD
    .byte   0x34, 0x35, 0x32, 0xED, 0xF2, 0xED, 0xBC, 0xE3, 0x31, 0x10, 0x21, 0x22, 0x20,   11, 0x0C, 0xF2
    .byte   0x20, 0xE0, 0x12, 0x32, 0x31, 0xDD, 0xD1, 0x1D, 0xDD, 0x12, 0xE1, 0x12, 0xED, 0xDE, 0xEE, 0xDC
    .byte   0x23, 0x3D, 0xD3, 0x44, 0x20, 0x44, 0x43, 0x45, 0x4E, 0xBB, 0xEE, 0xFC, 0xCE, 0x24,   20, 0x04
    .byte   0x32, 0xEE, 0xE0, 0x2D, 0xCC, 0xD2, 0x31, 0xFF, 0x02, 0x22, 0x10, 0xED, 0xD2, 0x22, 0xFE, 0x02
    .byte   0x22, 0x20, 0xFE, 0xDD, 0x0F, 0xFE, 0xDF, 0x12, 0x0E, 0xED, 0xEE, 0xED, 0xED, 0xD2, 0x32,  -65
    .byte   0x0E, 0x04, 0x44, 0x33, 0x34, 0x45, 0x42, 0xCB, 0xC0, 0x2E, 0xCC, 0xD2, 0x44, 0x43, 0x1D, 0xE1
    .byte   0x32, 0xDC, 0xBD, 0x33, 0x2E, 0xEE, 0xF2, 0x33, 0x0D, 0xCF, 0x23, 0x2F, 0xEE, 0x12, 0x33, 0xEE
    .byte      7, 0x0D, 0xE1, 0x2E, 0xDD, 0xE2, 0x21, 0xEE, 0xED, 0xEE, 0xFD, 0xDE, 0x12, 0xFE, 0x03, 0x32
    .byte   0x33, 0x44, 0x44, 0x34, 0x42, 0xCB, 0xDF, 0x0D, 0xDC, 0xE2, 0x44, 0x23, 0x2F, 0xD1, 0x21, 0xED
    .byte   0xCD,    0, 0x03, 0x2E, 0xEF, 0xF0, 0x22, 0x1E, 0xEE, 0xE0, 0x33, 0xFE, 0x02, 0x22, 0xFE, 0xDD
    .byte   0xDE, 0x01, 0x0F, 0xD0, 0x12, 0x1E, 0xDE, 0xDE, 0xEE, 0xD1, 0x1E, 0xEF, 0x23, 0x23, 0x34, 0x34
    .byte   0x44, 0x34,   78, 0x0E, 0xCC, 0xD1, 0xFE, 0xCC, 0xE3, 0x33, 0x22, 0x2E, 0xF0, 0x31, 0xFE, 0xCD
    .byte   0x03, 0x2E, 0xDE, 0xE0, 0x22, 0xFE, 0xE0, 0xFF, 0x23, 0x22, 0x1E, 0x12, 0x21, 0xDD, 0xCD, 0x02
    .byte   0x0E, 0xEF, 0x12,  -19, 0x0F, 0xED, 0xDD, 0xEE, 0xE0, 0x2E, 0xDE, 0x43, 0x20, 0x24, 0x44, 0x44
    .byte   0x34, 0x4D, 0xDC, 0xEF, 0x0D, 0xCD, 0xD2, 0x31, 0x22, 0x3F, 0x01, 0x02, 0x21, 0xDD, 0xE1, 0x20
    .byte   0xEE, 0xDE, 0x00, 0xF0,   -1, 0x0F, 0xEE, 0x23, 0x33, 0x20, 0xF0, 0x11, 0xDD, 0xDD, 0xDF, 0x00
    .byte   0x11, 0xF0, 0xEF, 0xFE, 0xDD, 0xDE, 0xE0, 0x0F, 0xEE, 0x02, 0x32, 0x33, 0x43, 0x44, 0x54, 0x41
    .byte   0xDC, 0xEE, 0x1E, 0xDC, 0xCD,   -4, 0x03, 0x22, 0xF2, 0xF1, 0x22, 0x22, 0x2E, 0xEE, 0xF1, 0x11
    .byte   0xDD, 0xDE, 0xF0, 0xFE, 0xF0, 0xF1, 0x33, 0x33, 0x22, 0xEF, 0xEF, 0xED, 0xDD, 0xDF, 0xF0, 0xFE
    .byte   0xFE, 0xFE, 0x0E, 0xEE, 0xDE, 0xF0,  -62, 0x00, 0xFE, 0x21, 0x33, 0x43, 0x33, 0x44, 0x44, 0x30
    .byte   0xDD, 0xEF, 0xEE, 0xDC, 0xDE, 0x12, 0x20, 0x10, 0xF2, 0x12, 0x03, 0x11, 0xEE, 0x11, 0xFF, 0xED
    .byte   0xDD, 0x0E, 0x0F, 0x0E, 0x02, 0x23, 0x33,   27, 0x02, 0x0E, 0xEE, 0xDE, 0xEE, 0xDD, 0xEE, 0xF1
    .byte   0x0F, 0xEE, 0xD0, 0xEF, 0xE0, 0xE0, 0x0F, 0x00, 0x02, 0x33, 0x33, 0x33, 0x44, 0x44, 0x20, 0xDE
    .byte   0xF1, 0xFD, 0xDC, 0xEE, 0x01, 0x0F, 0xF0, 0x00,   10, 0x01, 0x23, 0x22, 0x0E, 0xFF, 0x11, 0xED
    .byte   0xDD, 0xEE, 0xFF, 0xFF, 0x01, 0x22, 0x33, 0x42, 0x2F, 0xED, 0xDE, 0xEE, 0xED, 0xDE, 0xEF, 0x00
    .byte   0xFD, 0xEE, 0xFF, 0xFE, 0x00, 0x1F, 0xFF, 0x01, 0x23,  -33, 0x03, 0x31, 0x34, 0x44, 0x42, 0x1D
    .byte   0xE0, 0x11, 0xED, 0xCE, 0xEF, 0x0F, 0xFE, 0xEF, 0xF1, 0x02, 0x32, 0x22, 0xEF, 0x11, 0x2E, 0xED
    .byte   0xDE, 0xEE, 0xFF, 0xFF, 0x01, 0x22, 0x33, 0x32, 0x1E, 0xEE,   13, 0x0E, 0x0E, 0xDD, 0xEE, 0xEE
    .byte   0xFE, 0xED, 0xFE, 0xFF, 0x0F, 0x12, 0x10, 0xEF, 0xF2, 0x23, 0x23, 0x32, 0x44, 0x44, 0x30, 0x0E
    .byte   0xE1, 0xFE, 0xED, 0xDE, 0xEF, 0xEF, 0xEE, 0x0E, 0x01, 0x12, 0x23,   24, 0x01, 0x11, 0x00, 0x1E
    .byte   0xED, 0xEE, 0xEE, 0xFF, 0xE0, 0x22, 0x22, 0x22, 0x31, 0x0E, 0xED, 0xFF, 0xEE, 0xED, 0xEE, 0x0E
    .byte   0xEE, 0xEE, 0xEE, 0xFF, 0x02, 0x21, 0xE0, 0xE1, 0x22, 0x31, 0x22, 0x34,   13, 0x04, 0x43, 0x3F
    .byte   0xEE, 0xF0, 0xFE, 0xED, 0xDF, 0xEE, 0x0E, 0xEF, 0xEE, 0x0F, 0x03, 0x33, 0xF1, 0xFF, 0xF1, 0x1E
    .byte   0xED, 0xED, 0x0E, 0xE1, 0x02, 0x22, 0x12, 0x23, 0x22, 0xFE, 0xDE, 0xEE, 0x1E,   -7, 0x0D, 0xEE
    .byte   0xEF, 0xEE, 0xED, 0xFE, 0xE1, 0x12, 0x22, 0xFE, 0x01, 0x22, 0x32, 0x22, 0x34, 0x34, 0x44, 0x0F
    .byte   0xEE, 0x0F, 0xFE, 0xED, 0xDE, 0xFF, 0xEF, 0xEE, 0xEF, 0xFF, 0x23, 0x32, 0x2F, 0xFE,   22, 0x0F
    .byte   0xFE, 0xED, 0xEE, 0xEE, 0xF1, 0x22, 0x22, 0x21, 0x33, 0x22, 0xFD, 0xDE, 0xEE, 0xEE, 0xDE, 0xEF
    .byte   0xEE, 0xDE, 0xEE, 0xEF, 0x12, 0x10, 0xFE, 0x01, 0x22, 0x0F, 0xF2, 0x33, 0x44, 0x24, 0x43,   60
    .byte   0x00, 0xEF, 0xE0, 0x0E, 0xED, 0xDE, 0x1E, 0xEE, 0xEF, 0xE1, 0x10, 0x22, 0x32, 0x20, 0xFF, 0xE0
    .byte   0xFF, 0xDD, 0xDF, 0xEF, 0x10, 0x21, 0x22, 0x22, 0x23, 0x32, 0xFE, 0xDD, 0xDF, 0xFE, 0xED, 0xEE
    .byte    -28, 0x0F, 0xEE, 0xEE, 0xEF, 0xEE, 0xF1, 0x22, 0x21, 0xEE, 0xEF, 0x23, 0x33, 0x23, 0x34, 0x45
    .byte   0x33, 0xED, 0xEF, 0x00, 0xFD, 0xDD, 0xD0, 0x0E, 0xFE, 0xEF, 0x11, 0x12, 0x32, 0x30, 0xFF, 0xEF
    .byte   0xFF,   16, 0x0D, 0xDD, 0xEF, 0x1F, 0x11, 0x13, 0x22, 0x33, 0x33, 0x1E, 0xDD, 0xDF, 0xEE, 0xDD
    .byte   0xEF, 0xF1, 0xED, 0xEE, 0xFF, 0x0E, 0xFE, 0xF0, 0x02, 0x01, 0x1E, 0xEF, 0x23, 0x42, 0x33, 0x44
    .byte   0x54, 0x2F,   60, 0x0E, 0xE0, 0x0E, 0xDD, 0xCF, 0x0F, 0x0F, 0xEE, 0xF0, 0x22, 0x23, 0x22, 0x1F
    .byte   0xEF, 0xFE, 0xEE, 0xCD, 0xD2, 0x10, 0xF1, 0x12, 0x33, 0x33, 0x33, 0x2E, 0xDD, 0xDF, 0xEE, 0xDC
    .byte   0xEE, 0xF2, 0x0E,  -32, 0x0E, 0xE1, 0x1F, 0xFE, 0xFE, 0x0E, 0xFE, 0xFF, 0xFF, 0x02, 0x23, 0x34
    .byte   0x34, 0x45, 0x43, 0x0D, 0xEE, 0x0F, 0xDD, 0xDD, 0xEF, 0xEE, 0x02, 0x1E, 0x1F, 0x33, 0x33, 0x0D
    .byte   0xE0, 0x10, 0xDD, 0xCD,  -19, 0x0F, 0xF0, 0x11, 0x22, 0x32, 0x34, 0x33, 0x1E, 0xED, 0xEF, 0xED
    .byte   0xDC, 0xDF, 0x02, 0x1F, 0xEE, 0xE1, 0x02, 0x00, 0xDD, 0xDE, 0x02, 0x0F, 0xDE, 0xF2, 0x33, 0x32
    .byte   0x33, 0x34, 0x55, 0x41, 0xCD,   48, 0x02, 0x2F, 0xCC, 0xDE, 0x02, 0xEF, 0x22, 0xEE, 0xF2, 0x43
    .byte   0x2E, 0xDE, 0x02, 0xFD, 0xDD, 0xCE, 0xFF, 0x12, 0x11, 0x01, 0x34, 0x44, 0x10, 0x1E, 0xED, 0xDE
    .byte   0xFD, 0xCD, 0xD2, 0x31, 0x0E, 0xF1,  -20, 0x0E, 0xF0, 0x10, 0xDC, 0xDE, 0x02, 0x0F, 0xEE, 0xF0
    .byte   0x14, 0x33, 0x22, 0x34, 0x45, 0x52, 0xDD, 0xD2, 0x2E, 0xEC, 0xDE, 0xE1, 0x22, 0x20, 0xED, 0x03
    .byte   0x33, 0x1D, 0xEF, 0x10, 0xED, 0xED, 0xED,  -19, 0x00, 0x22, 0x00, 0x12, 0x34, 0x32, 0x12, 0x0E
    .byte   0x0E, 0xEE, 0xCD, 0xD1, 0x21, 0xEE, 0xF0, 0x22, 0x1E, 0xED, 0xDF, 0x01, 0xED, 0xCD, 0x03, 0x22
    .byte   0xEE, 0x02, 0x23, 0x33, 0x23, 0x33, 0x44, 0x33,   47, 0x0E, 0xE0, 0x1F, 0xEE, 0xEE, 0xF1, 0x22
    .byte   0xFE, 0xDF, 0x22, 0x2F, 0xEE, 0x01, 0x0F, 0xFE, 0xDE, 0xEF, 0x00, 0x2F, 0xF1, 0x13, 0x23, 0x10
    .byte   0x02, 0x11, 0xFD, 0xDE, 0x12, 0xEE, 0xEE, 0xFE, 0xE0,  -12, 0x00, 0xED, 0xE1, 0x10, 0xDD, 0xDF
    .byte   0xEE, 0xFE, 0x22, 0x10, 0x33, 0x2E, 0xEF, 0x44, 0x32, 0x33, 0x42, 0x1F, 0x02, 0x1E, 0xEE, 0x02
    .byte   0xEF, 0x03, 0x1E, 0xDE, 0x12, 0x2D, 0xEF, 0x20, 0xEF, 0x11,   16, 0x0D, 0xE0, 0x21, 0x0E, 0xF1
    .byte   0x11, 0x22, 0x31, 0xFE, 0x01, 0xFE, 0xD0, 0x0E, 0xFE, 0xE0, 0xEE, 0xE0, 0x1F, 0xDE, 0xE2, 0x0F
    .byte   0xED, 0xFE, 0xFF, 0x0F, 0xE2, 0x33, 0xEE, 0x23, 0x1E, 0x23, 0x32,   -9, 0x0F, 0x44, 0x3F, 0xD0
    .byte   0x23, 0x1E, 0x02, 0x0D, 0x02, 0x41, 0xDC, 0xE3, 0x3E, 0xDD, 0x22, 0xEE, 0x02, 0x2E, 0xDE, 0x32
    .byte   0x1D, 0xF1, 0x1F, 0xE0, 0x32, 0xED, 0x12, 0x2E, 0xED, 0x1F, 0xEE, 0x01,   -8, 0x0E, 0xEF, 0x1E
    .byte   0xED, 0x01, 0xEE, 0x11, 0x20, 0x0E, 0xE2, 0xFE, 0x12, 0x11, 0x2F, 0x23, 0x3E, 0xE0, 0x02, 0x32
    .byte   0x12, 0x22, 0x12, 0x21, 0x11, 0x02, 0x20, 0xE0, 0x01, 0x20, 0xE0, 0x10, 0xF1,   27, 0x0F, 0x0F
    .byte   0x00, 0xF1, 0x12, 0x2F, 0xFD, 0xE1, 0x10, 0xED, 0xEF, 0xF2, 0x00, 0xFE, 0xEE, 0xF2, 0x0E, 0xED
    .byte   0xF0, 0x10, 0x1E, 0xEF, 0x00, 0x1F, 0xEF, 0xEF, 0x21, 0x0E, 0x01, 0x21, 0x2F, 0x21,  -23, 0x00
    .byte   0x21, 0x11, 0x22, 0x20, 0xF0, 0x22, 0x1F, 0xE2, 0x31, 0x22, 0x11, 0x10, 0x31, 0x10, 0xEE, 0x11
    .byte   0x02, 0x0E, 0xE0, 0x21, 0x10, 0xDF, 0xF0, 0xF1, 0xFE, 0xE2, 0x21, 0x1D, 0xE1, 0xF1, 0xDE,   -5
    .byte   0x0F, 0x0F, 0x10, 0xEE, 0xEF, 0x22, 0xED, 0x21, 0x10, 0xF1, 0xFE, 0xEF, 0x12, 0x0E, 0xE1, 0x22
    .byte   0x00, 0x0F, 0x01, 0x22, 0x2E, 0xF0, 0x22, 0x2E, 0xF1, 0x22, 0x11, 0xF0, 0x11, 0x20, 0xF0, 0x01
    .byte     13, 0x01, 0x11, 0x01, 0x11, 0x20, 0xEF, 0xF0, 0x12, 0xFE, 0xFF, 0x22, 0x1E, 0xDF, 0x22, 0xFE
    .byte   0xE0, 0x02, 0x1F, 0x1E, 0xEE, 0xF1, 0x1E, 0xEE, 0x12, 0x0E, 0x01, 0x0E, 0x00, 0x10, 0xFF, 0x11
    .byte   0x10,   -9, 0x00, 0x2F, 0x00, 0x11, 0xF0, 0x0F, 0x10, 0xF1, 0xFF, 0x01, 0x00, 0x1F, 0x01, 0x00
    .byte   0x00, 0x01, 0x00, 0x11, 0x0F, 0x01, 0x10, 0x0F, 0x11, 0x01, 0x11, 0x0F, 0x01, 0x1F, 0x1F, 0x01
    .byte   0x0F, 0x01,    3, 0x00, 0xF0, 0x00, 0xF0, 0x00, 0x10, 0xF0, 0x00, 0x00, 0x0F, 0xF1, 0x10, 0x0F
    .byte   0x00, 0x01, 0x00, 0x00, 0x10, 0x00, 0x00, 0x00, 0x01, 0x00, 0x0F, 0x00, 0x1F, 0xF0, 0xFF, 0x11
    .byte   0xF0, 0xF0, 0x01,    0, 0x0F, 0x00, 0xF1, 0x00, 0x00, 0x00, 0x00, 0x01, 0xF1, 0xF0, 0x10, 0x1F
    .byte   0x1F, 0x00, 0x1F, 0x00, 0x00, 0x00, 0xF1, 0x00, 0xF0, 0xF0, 0x00, 0x01, 0xF1, 0xF1, 0xF1, 0x00
    .byte   0xF1, 0x00, 0x1F, 0x00,   -1, 0x01, 0xF1, 0x00, 0xF1, 0x00, 0x10, 0xF1, 0x00, 0x00, 0x00, 0x01
    .byte   0xF1, 0xF0, 0x01, 0xF1, 0xF1, 0x00, 0xF1, 0xF1, 0x0F, 0x10, 0x0F, 0x10, 0x0F, 0x00, 0x1F, 0x00
    .byte   0x00, 0x00, 0x00, 0x00, 0x00,    2, 0x0F, 0x00, 0xF0, 0x00, 0xF1, 0x00, 0x00, 0x00, 0x00, 0xFF
    .byte   0x10, 0x00, 0x00, 0xF1, 0xF0, 0x10, 0xF0, 0x01, 0xF0, 0x10, 0x00, 0x01, 0xF1, 0xF0, 0x10, 0x00
    .byte   0x0F, 0x10, 0x01, 0x00, 0xF0, 0x10,    2, 0x0F, 0x1F, 0x1F, 0x00, 0xF1, 0x00, 0x00, 0x00, 0x00
    .byte   0xF0, 0x1F, 0x10, 0xF1, 0xF0, 0x01, 0x00, 0x00, 0xF0, 0xF0, 0x10, 0x00, 0x00, 0x01, 0xFF, 0x1F
    .byte   0x01, 0x00, 0xF0, 0x00, 0x00, 0x10, 0xF0,   -1, 0x00, 0x00, 0x01, 0xF0, 0x01, 0x00, 0xF0, 0x00
    .byte   0x10, 0x0F, 0x1F, 0x00, 0x01, 0x01, 0xF1, 0xF0, 0x00, 0x1F, 0x01, 0x0F, 0x00, 0x10, 0x0F, 0x1F
    .byte   0x01, 0x00, 0xF1, 0xF0, 0x10, 0x00, 0xF1, 0xF1,    1, 0x00, 0xF1, 0x0F, 0x1F, 0x00, 0x01, 0x0F
    .byte   0x1F, 0x00, 0x00, 0x00, 0x00, 0x00, 0x0F, 0x10, 0x00, 0xF1, 0x1F, 0x0F, 0x10, 0x00, 0xF0, 0x00
    .byte   0x1F, 0x00, 0x01, 0x00, 0x00, 0x00, 0xF0, 0x01, 0x00,   -1, 0x01, 0x00, 0xF0, 0x10, 0x00, 0xF1
    .byte   0x0F, 0x10, 0x00, 0x0F, 0x10, 0x01, 0x0F, 0x00, 0x1F, 0x1F, 0x1F, 0x00, 0x00, 0x1F, 0x01, 0x0F
    .byte   0x1F, 0x1F, 0x10, 0xF0, 0x01, 0xF0, 0x00, 0x00, 0x0F, 0x10,    0, 0x01, 0xF0, 0x00, 0x1F, 0xF1
    .byte   0xF1, 0x00, 0xF1, 0x0F, 0x1F, 0x00, 0x00, 0x10, 0xF1, 0xF1, 0x00, 0x00, 0x00, 0x0F, 0x1F, 0x1F
    .byte   0x10, 0xF1, 0x00, 0x00, 0x00, 0x1F, 0x00, 0xF0, 0x10, 0x00, 0x00,    0, 0x00, 0x00, 0x01, 0x0F
    .byte   0x00, 0x01, 0x00, 0xF0, 0x00, 0x00, 0x1F, 0x00, 0x1F, 0x00, 0x00, 0x01, 0x0F, 0x00, 0x01, 0xF0
    .byte   0x00, 0x00, 0x00, 0x01, 0x00, 0xF0, 0x00, 0x01, 0x0F, 0x00, 0x00, 0x00,   -1, 0x01, 0xF1, 0x00
    .byte   0xF0, 0x1F, 0x10, 0x0F, 0x10, 0x00, 0xF0, 0x1F, 0x1F, 0x01, 0x00, 0x0F, 0x10, 0x00, 0xF1, 0x11
    .byte   0x11, 0xFE, 0xD2, 0x7E, 0xAA, 0xB3, 0x64, 0x04, 0x44, 0xBA, 0xDF, 0x54, 0xDB,  -32, 0x0E, 0x66
    .byte   0x3A, 0xAE, 0x56, 0xEB, 0xBC, 0x66, 0x3C, 0x9C, 0x55, 0x50, 0x9D, 0x14, 0x52, 0xBC, 0xF4, 0x3F
    .byte   0xED, 0x13, 0x2F, 0xEE, 0x11, 0x33, 0xDD, 0xDF, 0x43, 0xDD, 0xD3, 0x5E, 0xCC, 0x04,    7, 0x0D
    .byte   0xAC, 0x36, 0x56, 0x4A, 0xBB, 0x27, 0x3B, 0xAA, 0x36, 0x54, 0xBA, 0xC4, 0x64, 0xEB, 0xB3, 0x55
    .byte   0x3C, 0xBD, 0x44, 0x1C, 0xCC, 0x34, 0x4D, 0xDC, 0x14, 0x4E, 0xDC, 0x03, 0x43, 0xDC, 0xE3,   14
    .byte   0x03, 0x0C, 0xCE, 0x24, 0x2D, 0xCD, 0x34, 0x3D, 0xDD, 0x33, 0x3F, 0xEE, 0x22, 0x01, 0xFE, 0xEF
    .byte   0xEE, 0x01, 0x0F, 0x0F, 0x02, 0x3E, 0x0E, 0x22, 0x20, 0xFE, 0x01, 0xFE, 0xFF, 0x01, 0x00, 0xFE
    .byte    -10, 0x00, 0x32, 0x0E, 0x01, 0x20, 0xFF, 0x01, 0xFF, 0x0F, 0x01, 0xF0, 0x0E, 0xF1, 0x11, 0x10
    .byte   0xF1, 0x00, 0x20, 0x01, 0x0F, 0xEF, 0x02, 0x0E, 0x0E, 0x02, 0xF2, 0x1F, 0xF0, 0x10, 0x0E, 0xF2
    .byte   0x2F,   -2, 0x0E, 0x21, 0x2F, 0xF1, 0x00, 0xFE, 0x12, 0x1E, 0xEF, 0x22, 0xFE, 0xF0, 0x23, 0xDF
    .byte   0xE1, 0x22, 0x2F, 0xEE, 0x12, 0x2E, 0xDE, 0x32, 0xFE, 0xEF, 0x22, 0x2D, 0xE0, 0x13, 0x2F, 0xEE
    .byte   0x11, 0x30,    1, 0x0E, 0xE2, 0x2F, 0xE0, 0x21, 0x01, 0x01, 0x0D, 0x12, 0x21, 0xEE, 0x22, 0x1F
    .byte   0xEE, 0x12, 0x0F, 0xEE, 0x12, 0x12, 0x0E, 0x11, 0x02, 0x00, 0xEF, 0x01, 0x10, 0x1E, 0xF0, 0x21
    .byte   0xFF, 0xF0, 0x10,    0, 0x0E, 0xE2, 0x32, 0xEE, 0xE1, 0x22, 0x0D, 0xF0, 0x22, 0xFE, 0xEF, 0x21
    .byte   0x1F, 0xF0, 0x21, 0x01, 0xFE, 0x10, 0x2F, 0xEF, 0xF1, 0xFF, 0x20, 0x1F, 0xF1, 0x11, 0xFF, 0x11
    .byte   0xF0, 0x1F, 0xF0, 0x02,    4, 0x0E, 0xE0, 0x02, 0x0F, 0xFE, 0x22, 0x21, 0xEE, 0x11, 0x0F, 0xFF
    .byte   0xF0, 0x11, 0x2F, 0x0F, 0xFF, 0xFF, 0x02, 0xF0, 0xF1, 0x20, 0xFE, 0xE2, 0x2F, 0x0D, 0x12, 0x21
    .byte   0x1E, 0x0E, 0x12, 0x2E, 0xEF,   -3, 0x02, 0x2E, 0xEF, 0x22, 0x0E, 0xE1, 0x12, 0x20, 0xEE, 0xFF
    .byte   0x22, 0xFE, 0xE0, 0x22, 0x1E, 0x0F, 0x02, 0x1F, 0xEE, 0xF2, 0x22, 0xEE, 0xF0, 0x01, 0x21, 0xEE
    .byte   0xE2, 0x22, 0xEE, 0x11, 0x22, 0xF1,    2, 0x0E, 0x1F, 0x12, 0xEE, 0xF1, 0x22, 0xFF, 0x01, 0x2E
    .byte   0xFF, 0x00, 0xF0, 0xF2, 0x0E, 0x12, 0x10, 0xE0, 0x21, 0xFE, 0xFF, 0x00, 0x12, 0x01, 0x11, 0x1E
    .byte   0xE1, 0x10, 0xFE, 0x10, 0x20, 0x21, 0xEE,   -4, 0x02, 0x11, 0xDE, 0x12, 0x2F, 0xFF, 0x02, 0xF0
    .byte   0x20, 0xEE, 0xE2, 0x2E, 0xEF, 0x11, 0x02, 0x22, 0xFE, 0xF1, 0x22, 0xEE, 0xF1, 0x01, 0x12, 0xF0
    .byte   0xF0, 0x21, 0xFF, 0xF0, 0x20, 0x2F, 0xFF, 0x02,   15, 0x0F, 0xF0, 0xE0, 0x00, 0x1F, 0xFE, 0x12
    .byte   0x11, 0xE0, 0xFF, 0xEF, 0x11, 0xEE, 0xE0, 0x1E, 0xEF, 0xF1, 0x0E, 0xFF, 0x2F, 0xF0, 0xFF, 0xF0
    .byte   0x22, 0x1E, 0xD3, 0x2F, 0xEF, 0x33, 0x21, 0xF2, 0x30,   17, 0x03, 0x31, 0xDF, 0x02, 0x2E, 0xEF
    .byte   0xFF, 0xE2, 0x11, 0x2D, 0xF2, 0x0E, 0xFF, 0xF0, 0xEE, 0x2F, 0xFE, 0xEF, 0x10, 0xEF, 0xEF, 0x00
    .byte   0xF0, 0x0F, 0xFF, 0x00, 0xEE, 0xE0, 0xFE, 0xFE, 0xF1, 0x11,  -31, 0x01, 0x00, 0x2E, 0x00, 0xF2
    .byte   0x02, 0x13, 0x21, 0x32, 0x33, 0x33, 0x01, 0xDF, 0xFF, 0xED, 0x1D, 0xE1, 0x23, 0x20, 0xD1, 0x12
    .byte   0x2F, 0xEE, 0xEF, 0x22, 0xFF, 0xDD, 0x12, 0x00, 0xE0, 0x0E, 0x23,   17, 0x02, 0xFE, 0xEF, 0xFE
    .byte   0xEE, 0xED, 0xE0, 0x22, 0xEF, 0xE0, 0x1F, 0xFE, 0xED, 0xEF, 0x01, 0xFE, 0xE0, 0x33, 0x20, 0x12
    .byte   0x22, 0x13, 0x33, 0x31, 0x34, 0x2E, 0xED, 0xEE, 0xEE, 0xEE, 0xDF, 0x23,   20, 0x01, 0xFF, 0x1F
    .byte   0x2F, 0x1E, 0xEE, 0xE2, 0xF0, 0xDE, 0xE0, 0xF0, 0x02, 0x11, 0x13, 0x23, 0x21, 0xFE, 0xEF, 0xFD
    .byte   0xED, 0xE1, 0x12, 0x0F, 0xFF, 0x00, 0x0E, 0xEE, 0xDE, 0xEF, 0xFF, 0xEE, 0x0F,  -47, 0x02, 0x22
    .byte   0x2E, 0xF3, 0x23, 0x22, 0x32, 0x23, 0x44, 0x2D, 0xDD, 0xF1, 0xEE, 0x0D, 0xDE, 0x23, 0x33, 0xDF
    .byte   0xE1, 0x03, 0x20, 0xDD, 0xD2, 0x21, 0xEE, 0xDD, 0xE1, 0x23, 0x2F, 0xE2, 0x33, 0x22,   26, 0x0E
    .byte   0xEE, 0x01, 0xED, 0xDE, 0xF0, 0x21, 0x10, 0xEE, 0x20, 0xFF, 0xED, 0xEE, 0xE1, 0x0E, 0xEE, 0xF0
    .byte   0x11, 0x32, 0x2E, 0xE2, 0x32, 0x33, 0x12, 0x13, 0x45, 0x3E, 0xCD, 0xE1, 0xE0, 0xFE, 0xDD,    0
    .byte   0x03, 0x32, 0x0E, 0xFE, 0x01, 0x32, 0x1D, 0xDE, 0xF1, 0x00, 0xEE, 0xDD, 0x03, 0x22, 0xFF, 0x22
    .byte   0x23, 0x32, 0x0D, 0xF0, 0xEE, 0xEF, 0xFE, 0xDF, 0x02, 0x0F, 0xE0, 0xFF, 0xFF, 0xFE, 0xDE, 0xEF
    .byte    -37, 0x0E, 0xE0, 0xE0, 0x03, 0x22, 0x1E, 0x12, 0x32, 0x23, 0x12, 0x33, 0x54, 0xEE, 0xDD, 0x1E
    .byte   0x01, 0xFD, 0xCF, 0xF3, 0x3F, 0xEF, 0xEE, 0xF3, 0x32, 0xDD, 0xE0, 0x01, 0x11, 0xED, 0xDD, 0x13
    .byte   0x21,   -5, 0x01, 0x22, 0x23, 0x32, 0xEE, 0xE0, 0xFF, 0xEF, 0xED, 0xEE, 0x21, 0x0F, 0xEF, 0xFE
    .byte   0x10, 0xF0, 0xDE, 0xEE, 0x0F, 0xFE, 0xEF, 0xF2, 0x31, 0x11, 0xEF, 0x32, 0x32, 0x22, 0x23, 0x45
    .byte   0x3E, 0xED,   37, 0x00, 0xE0, 0x2E, 0xDD, 0xD1, 0x22, 0x11, 0x0E, 0xE0, 0x13, 0x2F, 0xEE, 0xFE
    .byte   0xE1, 0x11, 0xDD, 0xEE, 0x11, 0x22, 0x31, 0x10, 0x13, 0x31, 0x21, 0xEE, 0xEE, 0xEF, 0xFE, 0xEE
    .byte   0xEF, 0x00, 0x00,  -13, 0x0E, 0x0E, 0xF0, 0x0E, 0xEE, 0xEE, 0xF0, 0x21, 0xE0, 0x20, 0x11, 0x22
    .byte   0x21, 0x12, 0x32, 0x33, 0x44, 0x3E, 0x0E, 0xEE, 0xEF, 0x20, 0xDD, 0xEE, 0xF1, 0x01, 0x20, 0xDF
    .byte   0xF1, 0x12, 0x22, 0x0E,   10, 0x0E, 0x1F, 0xEF, 0xFE, 0xEE, 0xE2, 0x22, 0x22, 0x21, 0x12, 0x22
    .byte   0x11, 0xFE, 0xEE, 0xEE, 0xF0, 0xEE, 0xFE, 0xFF, 0xE0, 0xE0, 0xFE, 0xFF, 0xFE, 0x0E, 0x0F, 0xF0
    .byte   0x01, 0x1F, 0xF0, 0x21, 0x22,  -22, 0x02, 0x21, 0x23, 0x34, 0x42, 0x20, 0xFE, 0xEE, 0x02, 0x0E
    .byte   0xEE, 0xDE, 0xD0, 0x11, 0x10, 0xE0, 0xFE, 0x12, 0x22, 0x11, 0x1E, 0xEE, 0xEE, 0x0F, 0xFF, 0x01
    .byte   0x11, 0x12, 0x22, 0x22, 0x21, 0xF0,   19, 0x0E, 0xFE, 0xFF, 0xEE, 0xFE, 0xEE, 0xFE, 0x0E, 0xFF
    .byte   0x0E, 0x0E, 0x0F, 0xE1, 0x00, 0x10, 0x1F, 0x00, 0x02, 0x02, 0x21, 0x20, 0x22, 0x23, 0x34, 0x32
    .byte   0x30, 0xEE, 0xEF, 0xF1, 0x0F, 0x1E, 0xED,   13, 0x0E, 0xEE, 0xF0, 0x11, 0x10, 0xFF, 0x10, 0x12
    .byte   0x20, 0x0F, 0xFE, 0xEE, 0xE1, 0x11, 0x22, 0x11, 0x00, 0x02, 0x11, 0x02, 0x00, 0xE1, 0xEE, 0xEF
    .byte   0xEF, 0xE0, 0xEE, 0xEE, 0xEF, 0xFE, 0x10, 0x00,  -35, 0x00, 0xF1, 0xF1, 0x01, 0x2F, 0x2F, 0x20
    .byte   0x20, 0x12, 0x22, 0x23, 0x33, 0x32, 0x30, 0x1E, 0x0E, 0x0E, 0x00, 0x0F, 0xFE, 0xEE, 0xDD, 0xEE
    .byte   0xE0, 0x11, 0x21, 0x20, 0x0F, 0x1F, 0x10, 0x11, 0x10,    6, 0x00, 0x0F, 0x00, 0x00, 0x02, 0x10
    .byte   0x00, 0xF0, 0xE0, 0xF0, 0xF0, 0xFF, 0xFE, 0xFE, 0xEE, 0xEE, 0xE0, 0xEF, 0x10, 0x00, 0x01, 0xF0
    .byte   0x00, 0x00, 0x21, 0x22, 0x12, 0x11, 0x20, 0x02, 0x23, 0x32,   28, 0x02, 0x31, 0x0F, 0x0E, 0xFF
    .byte   0x00, 0x00, 0x0E, 0xFD, 0xED, 0xED, 0xFE, 0x11, 0x02, 0x21, 0x11, 0xF0, 0xE0, 0x0F, 0x02, 0x11
    .byte   0x21, 0x2F, 0x0F, 0x0F, 0xF0, 0xF1, 0xF0, 0x1F, 0xF0, 0xE0, 0xFE,   -3, 0x0E, 0xFE, 0xEF, 0xE0
    .byte   0xE0, 0xE0, 0xFF, 0xF0, 0x00, 0x01, 0x11, 0x02, 0x00, 0x21, 0x12, 0x02, 0x11, 0x22, 0x22, 0x22
    .byte   0x32, 0x22, 0x11, 0x00, 0xE0, 0xF0, 0xFF, 0x00, 0xEE, 0xEF, 0xDE, 0xEE,   -6, 0x00, 0x00, 0x12
    .byte   0x11, 0x1F, 0xF0, 0xFE, 0x10, 0x11, 0x22, 0x11, 0x2F, 0x1F, 0xFF, 0x0E, 0x0F, 0x01, 0x00, 0xF0
    .byte   0xFE, 0xEF, 0xEF, 0xEE, 0xFF, 0xFE, 0x0F, 0x00, 0xFF, 0xFF, 0x01, 0x01, 0x20,  -24, 0x02, 0xF2
    .byte   0x20, 0x12, 0x02, 0x12, 0x12, 0x22, 0x22, 0x22, 0x11, 0x2F, 0xFF, 0xFF, 0xE0, 0xFF, 0x0E, 0xFE
    .byte   0xEE, 0xEE, 0xEE, 0x00, 0x11, 0x10, 0x20, 0x10, 0x0F, 0xF1, 0xF1, 0x01, 0x21, 0x21,   11, 0x01
    .byte   0x00, 0x0E, 0xF0, 0xEF, 0xFF, 0x0F, 0x0F, 0xFF, 0xFF, 0xEF, 0xEF, 0xE0, 0xEF, 0xF1, 0x00, 0x10
    .byte   0x10, 0x01, 0x10, 0x00, 0x20, 0x12, 0x02, 0x11, 0x02, 0x02, 0x02, 0x22, 0x21, 0x21, 0x20,   29
    .byte   0x00, 0x00, 0xFF, 0xF0, 0xEF, 0xFE, 0xFE, 0xEF, 0xEF, 0xEF, 0xFF, 0x01, 0x01, 0x01, 0x01, 0xF1
    .byte   0x10, 0x01, 0x11, 0x10, 0x21, 0x10, 0x00, 0xFF, 0x0E, 0xFF, 0xFF, 0xF0, 0x0F, 0x00, 0xE0, 0xFE
    .byte    -13, 0x0E, 0xFF, 0xFF, 0x00, 0x01, 0x01, 0x01, 0x00, 0x11, 0x01, 0x11, 0x02, 0x00, 0x21, 0x10
    .byte   0x21, 0x12, 0x12, 0x12, 0x21, 0x11, 0x10, 0x00, 0xF0, 0xFF, 0x0E, 0x0E, 0xFE, 0x0E, 0x0E, 0x0E
    .byte   0x00,   -4, 0x01, 0xF0, 0x01, 0x00, 0x10, 0x11, 0x01, 0x01, 0x01, 0x11, 0x11, 0xF0, 0x0F, 0xFF
    .byte   0xFF, 0xFF, 0xFF, 0x0F, 0x0F, 0xF0, 0xEF, 0x0E, 0x0F, 0xFF, 0xFF, 0x00, 0x11, 0x01, 0x01, 0x10
    .byte   0x11, 0x02,   -9, 0x01, 0x10, 0x21, 0x11, 0x02, 0x02, 0x12, 0x02, 0x02, 0x01, 0x00, 0x00, 0x0F
    .byte   0x0F, 0xFF, 0xFF, 0xE0, 0xEE, 0xFF, 0xFF, 0xFF, 0xF0, 0x00, 0x00, 0x10, 0x00, 0x01, 0x00, 0x11
    .byte   0x10, 0x10, 0x10,    4, 0x0F, 0x1F, 0x0F, 0x0F, 0x0F, 0xFF, 0xFF, 0xF0, 0xE0, 0xFE, 0x0F, 0xFF
    .byte   0xFF, 0x00, 0x01, 0x01, 0x01, 0x1F, 0x11, 0x11, 0x01, 0x20, 0x11, 0x02, 0x12, 0x12, 0x21, 0x21
    .byte   0x20, 0x1F, 0x0F, 0x00,   21, 0x0F, 0xF0, 0xF0, 0xE0, 0xE0, 0xEF, 0xEF, 0xFF, 0xF0, 0x00, 0x01
    .byte   0x11, 0x00, 0x00, 0xF0, 0xF1, 0x11, 0x11, 0x11, 0x10, 0xF0, 0xF0, 0xE0, 0xFF, 0xF0, 0x0F, 0x0F
    .byte   0xFF, 0x0E, 0xEF, 0xE0, 0xFF,  -23, 0x00, 0x00, 0x10, 0x11, 0x11, 0x11, 0x11, 0x11, 0x02, 0x02
    .byte   0xF2, 0x22, 0x22, 0x22, 0x22, 0xFF, 0xF0, 0xE0, 0xF0, 0x00, 0xF0, 0x0E, 0xFE, 0xED, 0xEE, 0xFF
    .byte   0xF0, 0x22, 0x02, 0x11, 0x0E, 0x0F,   -4, 0x00, 0x11, 0x22, 0x21, 0x21, 0xFF, 0xFE, 0xEE, 0xFF
    .byte   0xF0, 0x10, 0x00, 0x0E, 0xEE, 0xEE, 0xEF, 0xE0, 0x10, 0x01, 0x0F, 0x1F, 0x11, 0x02, 0x01, 0x20
    .byte   0x21, 0x12, 0x22, 0x32, 0x32, 0x22, 0x2F,   36, 0x0F, 0x0E, 0x0F, 0x10, 0x10, 0xEE, 0xED, 0xDE
    .byte   0xDF, 0xE1, 0x12, 0x21, 0x2F, 0xFF, 0xE1, 0x11, 0x22, 0x22, 0x21, 0x11, 0xFE, 0xEF, 0xFF, 0x01
    .byte   0x10, 0xFF, 0xEE, 0xEF, 0xEF, 0xFF, 0xE1, 0xFE,  -23, 0x0E, 0xEF, 0xEF, 0xFF, 0x11, 0x11, 0x12
    .byte   0x10, 0x12, 0x12, 0x23, 0x23, 0x32, 0x32, 0x22, 0x11, 0x1F, 0xFF, 0xFF, 0x0F, 0xEE, 0xDE, 0xDE
    .byte   0xDF, 0xE0, 0x10, 0x12, 0xF0, 0x1F, 0x11, 0x12, 0x22,   12, 0x01, 0x2F, 0xFF, 0xFF, 0xF0, 0xFF
    .byte   0x10, 0xFE, 0x0E, 0x0E, 0xFF, 0x0F, 0x0F, 0xEF, 0xEE, 0xDE, 0xEE, 0x10, 0x10, 0x0E, 0xE0, 0xE1
    .byte   0x22, 0x32, 0x31, 0x22, 0x23, 0x24, 0x33, 0x31, 0x11, 0xEE,   44, 0x00, 0xF1, 0x1E, 0xED, 0xDD
    .byte   0xDE, 0xE0, 0x11, 0x00, 0xEF, 0x0F, 0x23, 0x23, 0x20, 0x1E, 0xEF, 0xE0, 0x20, 0x21, 0xFE, 0xED
    .byte   0xF0, 0x12, 0x21, 0x00, 0xEE, 0xE0, 0x01, 0x11, 0xEE, 0xDD, 0xED,  -46, 0x0F, 0x02, 0x0F, 0xEE
    .byte   0xEF, 0xF2, 0x23, 0x22, 0x33, 0x33, 0x33, 0x33, 0x32, 0x20, 0xFE, 0x0F, 0x1E, 0xEE, 0xDE, 0xDD
    .byte   0x0E, 0xEE, 0xEE, 0x00, 0x12, 0x22, 0x22, 0x11, 0x10, 0x00, 0x1E, 0x0E,    4, 0x0F, 0xEF, 0x11
    .byte   0x1F, 0x11, 0x12, 0x22, 0x21, 0xFE, 0xEF, 0xEE, 0xFE, 0xFD, 0xDD, 0xEE, 0xEE, 0xFE, 0xEE, 0xE2
    .byte   0x02, 0x21, 0x22, 0x23, 0x23, 0xF3, 0x33, 0x32, 0x34, 0x21, 0x1F, 0x10, 0xFE,   46, 0x0E, 0xED
    .byte   0xEF, 0x0D, 0xEE, 0xED, 0x0E, 0x22, 0x10, 0x21, 0x12, 0x22, 0x1F, 0xEE, 0xEF, 0xFF, 0x10, 0xFE
    .byte   0xF0, 0x13, 0x22, 0x0E, 0x20, 0x22, 0xEF, 0xED, 0xFE, 0xEE, 0xEE, 0xDE, 0xDE, 0xEE,  -54, 0x0E
    .byte   0xEF, 0x12, 0x12, 0x22, 0x11, 0x33, 0x23, 0x12, 0x33, 0x33, 0x33, 0x2F, 0xF1, 0x21, 0xEE, 0xEE
    .byte   0xEE, 0xFE, 0xED, 0xDF, 0xE1, 0xFE, 0x0F, 0x11, 0x22, 0x21, 0x11, 0x10, 0xF0, 0xEF, 0xEE,   -1
    .byte   0x01, 0x02, 0xE0, 0x20, 0x3F, 0x21, 0xF0, 0xF0, 0x0F, 0xEE, 0xDE, 0xEE, 0xFD, 0xED, 0xEE, 0xEF
    .byte   0xEE, 0xE0, 0x12, 0x12, 0x21, 0x31, 0x32, 0x22, 0x33, 0x33, 0x23, 0x41, 0xF1, 0x03, 0x1D, 0xEE
    .byte     40, 0x0E, 0xEF, 0xEE, 0xDD, 0x10, 0xEE, 0xD2, 0x22, 0xF1, 0x22, 0x2F, 0x21, 0xFE, 0xE0, 0xE0
    .byte   0xEF, 0x1F, 0xF1, 0x12, 0x2F, 0x02, 0x20, 0xF0, 0x10, 0xED, 0xFF, 0xEE, 0xDD, 0xFE, 0xED, 0xEE
    .byte   0xEE,  -63, 0x00, 0x00, 0xF1, 0x22, 0x23, 0x22, 0x32, 0x23, 0x33, 0x33, 0x23, 0x3F, 0x21, 0x22
    .byte   0xDE, 0xEE, 0x0F, 0xDE, 0xED, 0xFE, 0xEE, 0xEE, 0x20, 0xF2, 0x02, 0x12, 0x12, 0x0E, 0x00, 0x10
    .byte   0xDE, 0x2F,    3, 0x0E, 0xF2, 0x22, 0x02, 0xF0, 0x10, 0x10, 0xEE, 0xE0, 0xFE, 0xDE, 0xEE, 0xED
    .byte   0x0D, 0xEE, 0xF0, 0xEF, 0x0F, 0x02, 0x22, 0x12, 0x33, 0x12, 0x23, 0x33, 0x32, 0x43, 0x0F, 0x23
    .byte   0x1F, 0xC1, 0x01,   43, 0x0D, 0xEE, 0xEE, 0xD1, 0xDE, 0xF0, 0x2E, 0xF1, 0x32, 0x02, 0x01, 0x1E
    .byte   0x2F, 0xEF, 0xD2, 0x1F, 0xF0, 0x20, 0x21, 0x11, 0x0E, 0x20, 0x1E, 0xD2, 0xF0, 0xED, 0xEE, 0xFD
    .byte   0xEE, 0xDE, 0xEF, 0xFE,  -58, 0x0E, 0x12, 0x21, 0x02, 0x22, 0x31, 0x10, 0x34, 0x13, 0x23, 0x42
    .byte   0x20, 0x23, 0x2D, 0xE0, 0x11, 0xEE, 0xE0, 0xDE, 0xFD, 0xEE, 0xD2, 0x0F, 0xE0, 0x31, 0x21, 0x02
    .byte   0xE2, 0xFF, 0xFE, 0x01, 0xFF,    6, 0x00, 0x21, 0x00, 0x0F, 0xFF, 0xF0, 0xFE, 0x0E, 0x1E, 0xEF
    .byte   0xEE, 0xEF, 0xDE, 0xEE, 0xFE, 0xEF, 0x10, 0x1F, 0x02, 0x22, 0x11, 0x03, 0x22, 0x21, 0x23, 0x32
    .byte   0x32, 0x22, 0x22, 0x30, 0xEF, 0x12,   51, 0x0F, 0xEE, 0xD1, 0x0F, 0xED, 0xDE, 0x12, 0xEF, 0xD0
    .byte   0x22, 0x1F, 0xE0, 0x12, 0x2E, 0x0E, 0x02, 0x20, 0xEF, 0x01, 0x20, 0xFE, 0xFE, 0x11, 0x1E, 0xEF
    .byte   0xE2, 0x0E, 0xEE, 0xFE, 0x1E, 0xEE, 0xFF,  -34, 0x0F, 0xFF, 0xE1, 0x22, 0x0E, 0xE2, 0x23, 0x1E
    .byte   0x12, 0x22, 0x21, 0x12, 0x13, 0x22, 0x1E, 0x13, 0x22, 0x0E, 0x10, 0x21, 0x2E, 0xEE, 0x10, 0x20
    .byte   0xDE, 0xE1, 0x21, 0xFE, 0xD2, 0x21, 0x1E, 0xEE,    3, 0x01, 0x2F, 0xEE, 0x01, 0x21, 0xE0, 0xEF
    .byte   0x20, 0xFF, 0xEE, 0x12, 0x11, 0xEE, 0x01, 0x11, 0xEF, 0xE0, 0x10, 0xFF, 0xFF, 0xF1, 0x01, 0x0F
    .byte   0xF1, 0x01, 0x10, 0x21, 0x00, 0x12, 0x11, 0x01, 0xF1,   -3, 0x02, 0xF1, 0xF0, 0x21, 0x10, 0x10
    .byte   0x11, 0x20, 0xF0, 0xF0, 0x21, 0x0F, 0xE1, 0x11, 0x00, 0xFF, 0xF1, 0x11, 0x0E, 0xF1, 0x01, 0x0F
    .byte   0xE0, 0xF0, 0xF0, 0xFF, 0xF1, 0x00, 0xFF, 0xF0, 0xF1, 0x00,   -2, 0x0F, 0x01, 0x0F, 0xF0, 0x1F
    .byte   0x00, 0x01, 0xFF, 0x01, 0xF0, 0xF1, 0xFF, 0x01, 0xF0, 0xF0, 0x01, 0xFF, 0x01, 0x00, 0x01, 0x00
    .byte   0x00, 0x11, 0x1F, 0x00, 0x11, 0x00, 0x10, 0x11, 0xF0, 0x11, 0x00,    0, 0x01, 0x10, 0x01, 0x00
    .byte   0xF1, 0x01, 0x01, 0xFF, 0x00, 0x10, 0x0F, 0x01, 0x00, 0xF0, 0x10, 0x00, 0x00, 0xFF, 0x01, 0x0F
    .byte   0x0F, 0x01, 0x1F, 0xF0, 0xF0, 0x10, 0xF1, 0xF1, 0xF0, 0x10, 0x00, 0x1F,    0, 0x01, 0x00, 0xF0
    .byte   0x01, 0x00, 0x00, 0x0F, 0x01, 0xF0, 0xFF, 0x01, 0x11, 0xFF, 0xF1, 0x00, 0x1F, 0xF0, 0x11, 0x0F
    .byte   0x0F, 0x01, 0x10, 0xFE, 0x12, 0xFF, 0x1F, 0xF0, 0x11, 0xF1, 0x0F, 0x01, 0x01,   -1, 0x0F, 0x11
    .byte   0x0F, 0x10, 0xF1, 0x00, 0x00, 0x01, 0xF0, 0xF1, 0x10, 0xF0, 0x11, 0xF1, 0xF1, 0xFF, 0xF1, 0x10
    .byte   0x01, 0xFF, 0x00, 0x01, 0xF0, 0xF1, 0x10, 0x00, 0xF0, 0x01, 0x1E, 0x10, 0x10, 0xF1,    1, 0x0F
    .byte   0xFF, 0x02, 0xFF, 0xE0, 0x21, 0x0F, 0xF0, 0x10, 0xFF, 0x01, 0xF0, 0x10, 0x01, 0xF0, 0x10, 0x0F
    .byte   0x00, 0x01, 0x10, 0x0F, 0xE1, 0x22, 0xFF, 0xEE, 0x22, 0x0F, 0xE0, 0x02, 0x11, 0xEF, 0xF0,    3
    .byte   0x0F, 0x1E, 0x1F, 0x12, 0x1E, 0xE0, 0x12, 0x01, 0x0E, 0x10, 0x02, 0xFE, 0x01, 0x12, 0xEF, 0x01
    .byte   0x10, 0xFE, 0x02, 0x10, 0xEF, 0x2F, 0xF1, 0x0F, 0x0F, 0x02, 0x01, 0x0E, 0x10, 0xF1, 0x1E, 0x11
    .byte      0, 0x01, 0xEF, 0x21, 0x0F, 0x0E, 0xFE, 0x23, 0xE2, 0xFE, 0x13, 0x3D, 0xCF, 0x1F, 0x12, 0x02
    .byte   0xDF, 0x33, 0xED, 0xD1, 0x43, 0x3E, 0xFE, 0xE3, 0x1D, 0xCD, 0xE2, 0x33, 0xED, 0xF1, 0x32, 0x1D
    .byte   0xF2,    6, 0x01, 0x2E, 0xEE, 0x21, 0x0E, 0xDF, 0xF1, 0x22, 0x1E, 0xE1, 0x31, 0x11, 0xEF, 0x11
    .byte   0x00, 0xEE, 0x00, 0x2F, 0xE0, 0x21, 0x20, 0xF0, 0x20, 0xE2, 0xE1, 0xEE, 0x03, 0x2E, 0xFE, 0x12
    .byte   0xF1, 0x1E,   -3, 0x01, 0x03, 0xFE, 0xFF, 0x12, 0x1E, 0x0F, 0xE1, 0x22, 0x1E, 0xD2, 0x22, 0xFE
    .byte   0xE0, 0x02, 0x3E, 0xEE, 0x12, 0x2E, 0xEE, 0x12, 0x2F, 0xF0, 0xF1, 0xF0, 0x2E, 0xFE, 0x11, 0x2F
    .byte   0xF1, 0xF0, 0x11,    1, 0x0F, 0xF0, 0x10, 0x00, 0xE2, 0x11, 0x0F, 0xFE, 0xF0, 0x21, 0xEF, 0xF1
    .byte   0x22, 0x0F, 0xD0, 0x23, 0xEE, 0xEE, 0x22, 0x21, 0x0D, 0xF2, 0x31, 0xED, 0xF2, 0x32, 0xEE, 0xD2
    .byte   0x22, 0x1D, 0xEE, 0x32,    5, 0x0E, 0xE0, 0x21, 0x10, 0xEF, 0x11, 0x21, 0xEE, 0x01, 0x21, 0xEF
    .byte   0xF0, 0x20, 0xF0, 0x10, 0x2F, 0xE2, 0x20, 0xEE, 0xE2, 0x01, 0xEE, 0x22, 0x10, 0x10, 0x11, 0x0E
    .byte   0xEF, 0x02, 0x1E, 0x10, 0x22,    9, 0x0E, 0x1D, 0xE1, 0x22, 0xED, 0x23, 0x22, 0xDF, 0x11, 0xFF
    .byte   0xEF, 0xF0, 0x12, 0x01, 0xFE, 0x22, 0x0F, 0xEE, 0x21, 0xF0, 0xF1, 0x12, 0x21, 0x0D, 0x10, 0x22
    .byte   0xDD, 0x02, 0x31, 0xEE, 0x21, 0x31,    3, 0x0E, 0xE1, 0x21, 0xEE, 0x12, 0x3F, 0xED, 0xE2, 0x41
    .byte   0xDD, 0xE4, 0x30, 0xDE, 0xE2, 0x2F, 0xFE, 0xE1, 0x22, 0x2E, 0xDF, 0x32, 0xFD, 0xD2, 0x40, 0x1E
    .byte   0xD3, 0x02, 0xFD, 0xD1, 0x12, 0x2E, 0xEF,    1, 0x03, 0x3D, 0xDF, 0x12, 0x1D, 0xD0, 0x33, 0x0E
    .byte   0xE1, 0x30, 0xEE, 0xD0, 0x12, 0x20, 0xF0, 0x3F, 0x2E, 0xE0, 0xFE, 0xFF, 0xE0, 0x12, 0x11, 0x11
    .byte   0x20, 0x0F, 0x0E, 0x0E, 0x11, 0x2F, 0xEE, 0x23,    7, 0x0E, 0xEE, 0x22, 0xEE, 0xF1, 0x22, 0xFF
    .byte   0x1F, 0x22, 0xEE, 0xD0, 0x31, 0xEE, 0xE2, 0x32, 0xEE, 0xF2, 0x11, 0xFE, 0xEE, 0x22, 0x2E, 0x0F
    .byte   0x31, 0xFE, 0xE1, 0x01, 0xEE, 0xF0, 0x33, 0xEE, 0xE1,    7, 0x01, 0xDD, 0xF2, 0x31, 0xEF, 0xF3
    .byte   0x20, 0xED, 0xF2, 0x2F, 0xED, 0xF3, 0x30, 0xDD, 0x34, 0xED, 0xD1, 0x32, 0xEE, 0xFF, 0x20, 0x11
    .byte   0xFE, 0x21, 0x0F, 0xFF, 0x10, 0x00, 0x1F, 0x1E, 0x02, 0x0F,   -3, 0x00, 0x20, 0x2E, 0xE0, 0xF3
    .byte   0xFE, 0xEF, 0x32, 0x1D, 0xE0, 0x32, 0xED, 0xE1, 0x30, 0xEE, 0xF3, 0x20, 0xEE, 0xEF, 0x41, 0xDE
    .byte   0xF1, 0x30, 0xEE, 0xE2, 0x3E, 0xEF, 0xE1, 0x31, 0xEF, 0xD3, 0x3E,   -3, 0x0E, 0x22, 0x1E, 0x11
    .byte   0x11, 0x21, 0xEE, 0xF2, 0x0E, 0xE0, 0x22, 0xFE, 0x22, 0x1E, 0xE0, 0x20, 0xEF, 0xE3, 0xE0, 0xF2
    .byte   0x2E, 0x02, 0x1E, 0xE0, 0x11, 0x1D, 0x12, 0x21, 0xFF, 0x02, 0xF0, 0xFE,   -2, 0x00, 0x12, 0xFE
    .byte   0xE3, 0x11, 0x0D, 0x22, 0x1E, 0xEE, 0x22, 0x0E, 0xFF, 0x32, 0xEE, 0xE2, 0x21, 0xDF, 0x02, 0x2E
    .byte   0xE1, 0x12, 0x2F, 0xED, 0x31, 0x3D, 0xEF, 0x23, 0xFD, 0xE2, 0x21, 0xEE, 0x02,    1, 0x01, 0xEE
    .byte   0x01, 0x31, 0xED, 0x13, 0x3E, 0xDE, 0x23, 0x1D, 0xEE, 0x32, 0x1E, 0xD1, 0x33, 0x0D, 0xD0, 0x33
    .byte   0xDD, 0xF2, 0x22, 0x0D, 0x11, 0x30, 0xFD, 0xF2, 0x3E, 0xED, 0x23, 0xFF, 0xE0, 0x12,    4, 0x00
    .byte   0xEE, 0xF2, 0x2F, 0xDF, 0x32, 0x0E, 0xE2, 0x21, 0xEE, 0x12, 0xFF, 0x0E, 0x02, 0x00, 0xE0, 0x20
    .byte   0xE0, 0x2F, 0xFF, 0x22, 0xEE, 0x03, 0x0E, 0xD1, 0x31, 0xDE, 0x22, 0x1E, 0xF2, 0x2F, 0xE0,    2
    .byte   0x01, 0xE1, 0xF2, 0xFE, 0x12, 0x1F, 0xEF, 0x2F, 0xEF, 0x11, 0x1F, 0xF2, 0x0F, 0xF1, 0x11, 0xE0
    .byte   0x01, 0x10, 0xF1, 0x10, 0xFF, 0x02, 0xEE, 0x20, 0x2F, 0xEF, 0x22, 0xEE, 0x02, 0x2F, 0xFE, 0x01
    .byte      4, 0x0F, 0xFE, 0x01, 0x2F, 0xFE, 0xF3, 0xFF, 0xEE, 0x12, 0x2E, 0xEF, 0x22, 0x1E, 0xE1, 0x30
    .byte   0xEE, 0xF1, 0x21, 0xEE, 0xF2, 0x3F, 0xDE, 0x32, 0x1D, 0xFF, 0x22, 0xEE, 0xF2, 0x11, 0x1E, 0xF1
    .byte   0x21,    2, 0x0E, 0xF2, 0x2F, 0xE1, 0x12, 0x0E, 0xFF, 0x00, 0x1E, 0xE0, 0x22, 0xEE, 0x22, 0x2F
    .byte   0xEE, 0x22, 0x0E, 0xFF, 0x22, 0x0E, 0xE1, 0x21, 0xFD, 0x02, 0x21, 0xEE, 0x22, 0x2E, 0xE1, 0x22
    .byte   0xFE, 0xF0,    5, 0x00, 0xF0, 0xE1, 0x02, 0xFE, 0xFF, 0x01, 0x10, 0xEF, 0x22, 0xFE, 0xE1, 0x22
    .byte   0xEE, 0xF2, 0x2E, 0xE1, 0x10, 0xEF, 0x00, 0x0F, 0x10, 0x1F, 0xF2, 0xFF, 0x11, 0x0F, 0xF2, 0x20
    .byte   0xFE, 0x03, 0x2F,   -1, 0x0F, 0x32, 0x0E, 0xE3, 0x02, 0xFF, 0x00, 0x21, 0x1E, 0x11, 0x11, 0xE0
    .byte   0xF1, 0xFF, 0xFE, 0x1E, 0x1F, 0xEE, 0x00, 0xEF, 0xEF, 0xFF, 0xFE, 0xFF, 0x0F, 0xF0, 0xE1, 0x0F
    .byte   0xEF, 0x01, 0x2F, 0xF2,  -24, 0x02, 0x11, 0x22, 0x11, 0x21, 0x22, 0x23, 0x22, 0x20, 0x32, 0x2E
    .byte   0xFF, 0x11, 0xDE, 0xFF, 0xFE, 0xEE, 0xEF, 0x1E, 0xEF, 0x01, 0x1F, 0xF1, 0x22, 0xF0, 0xF1, 0x01
    .byte   0xEE, 0xFF, 0xFE, 0xEE, 0xFF,  -14, 0x0E, 0xE0, 0xFF, 0xF0, 0xEF, 0xFF, 0x0F, 0xEF, 0x10, 0xEF
    .byte   0x13, 0xFE, 0x12, 0x31, 0x11, 0x43, 0x43, 0xE3, 0x24, 0x3D, 0xD0, 0x3F, 0xEC, 0xE2, 0xED, 0xDE
    .byte   0xEF, 0xD0, 0xEE, 0xF1, 0x21, 0x01,   -2, 0x03, 0x12, 0xE2, 0x22, 0xFE, 0xE2, 0xFE, 0xFE, 0xE1
    .byte   0x0E, 0x0E, 0xF2, 0xFF, 0xFF, 0x01, 0x0E, 0xFE, 0xFF, 0xEE, 0xEE, 0xEE, 0xEE, 0xE2, 0x0F, 0xE1
    .byte   0x32, 0x22, 0x33, 0x44, 0x4E, 0x23, 0x44,   56, 0x0E, 0x13, 0x1D, 0xCE, 0x2D, 0xEC, 0xEE, 0xDF
    .byte   0xEE, 0xDE, 0x32, 0x2E, 0xF3, 0x33, 0xEF, 0x23, 0x2E, 0xFF, 0x2F, 0xE0, 0xEF, 0xE1, 0x1E, 0xFE
    .byte   0x22, 0xEE, 0x11, 0x2F, 0xEE, 0x1F, 0xFE, 0xEE,  -22, 0x0E, 0xEE, 0xEE, 0xEE, 0xE2, 0xE1, 0xE2
    .byte   0x22, 0x22, 0x32, 0x33, 0x53, 0xE3, 0x25, 0x3C, 0xE2, 0x4E, 0xDC, 0x2F, 0xED, 0xDD, 0xDD, 0xEF
    .byte   0xDD, 0xE2, 0x3F, 0xEF, 0x33, 0x21, 0xE3, 0x32, 0xE1,   19, 0x01, 0x11, 0x01, 0xDF, 0x1F, 0xFD
    .byte   0x01, 0x2D, 0x01, 0x01, 0xE1, 0xFF, 0xE0, 0x0E, 0xEE, 0xFE, 0xEF, 0xEE, 0xEE, 0xE0, 0x1F, 0xFE
    .byte   0x13, 0x22, 0xF3, 0x33, 0x44, 0x00, 0x43, 0x4E, 0xD2, 0x32,   65, 0x0D, 0xD2, 0xEE, 0xDD, 0xDD
    .byte   0xEE, 0xEC, 0xE2, 0x02, 0xEE, 0x23, 0x21, 0x11, 0x22, 0x22, 0xF1, 0x02, 0x21, 0xEE, 0x12, 0x1E
    .byte   0xD2, 0x10, 0xFE, 0xFF, 0x01, 0xEE, 0xEF, 0xFF, 0xEE, 0xEF, 0xFE,  -34, 0x0E, 0x0F, 0xEE, 0xE0
    .byte   0x2F, 0xFF, 0x22, 0x22, 0x22, 0x33, 0x43, 0xF3, 0x24, 0x3F, 0xE1, 0x32, 0xFD, 0xFF, 0xEF, 0xDE
    .byte   0xDD, 0xDF, 0x0C, 0xEE, 0x21, 0xFE, 0xF2, 0x12, 0x11, 0x10, 0x22, 0x2F,    4, 0x00, 0x32, 0xFE
    .byte   0x12, 0x11, 0xFE, 0x2E, 0x00, 0xE0, 0xE0, 0x1E, 0xEE, 0xFE, 0xEE, 0xEF, 0xEE, 0xE0, 0xEF, 0xE0
    .byte   0x0E, 0xF0, 0x02, 0x00, 0x22, 0x12, 0x23, 0x22, 0x42, 0x22, 0x33, 0x31, 0xE2,   51, 0x02, 0x0F
    .byte   0xFE, 0xE1, 0x0D, 0xDD, 0xE0, 0xED, 0xDE, 0x00, 0xFE, 0xE1, 0x02, 0x00, 0xF0, 0x22, 0x20, 0x02
    .byte   0x22, 0x21, 0x02, 0x11, 0x2F, 0x0E, 0x00, 0x1E, 0xEF, 0xFF, 0xEE, 0xEE, 0x0E, 0xEE,  -24, 0x0F
    .byte   0xEE, 0xFF, 0xFF, 0x00, 0xF0, 0xF0, 0x21, 0x0F, 0x22, 0x11, 0x22, 0x22, 0x23, 0x22, 0x21, 0x32
    .byte   0x21, 0x21, 0x21, 0x02, 0x0E, 0xE0, 0xFE, 0xED, 0xFE, 0xED, 0xFE, 0xEF, 0xE1, 0xEE, 0x01,  -14
    .byte   0x00, 0xE0, 0x21, 0x21, 0x02, 0x22, 0x21, 0x11, 0x22, 0x00, 0xE1, 0x0F, 0xF0, 0xE0, 0xEF, 0xEF
    .byte   0xEE, 0xEE, 0xEE, 0xE0, 0x00, 0x0E, 0x0F, 0x1F, 0x10, 0xF0, 0x02, 0x20, 0x10, 0x22, 0x02, 0x01
    .byte    -10, 0x02, 0x22, 0x21, 0x22, 0xF3, 0x11, 0x2F, 0x21, 0x12, 0xF0, 0xF0, 0x1E, 0x1E, 0xEF, 0xE0
    .byte   0xD0, 0xEE, 0x0E, 0xFF, 0xEF, 0xF1, 0x0E, 0x00, 0xF2, 0xF0, 0x2F, 0x12, 0x11, 0x11, 0x11, 0x10
    .byte   0xFF,    6, 0x0F, 0xF0, 0xFF, 0xF0, 0xE0, 0xFE, 0x0E, 0xF0, 0xEF, 0x1E, 0x00, 0xF0, 0x1E, 0x12
    .byte   0xD3, 0xE2, 0xF0, 0x3C, 0x4E, 0xE5, 0xB4, 0xEF, 0x3E, 0x13, 0xD1, 0x3E, 0x21, 0x1E, 0x31, 0x02
    .byte   0xE0, 0x20,   17, 0x02, 0xE2, 0xE1, 0x20, 0xE0, 0xFF, 0x2E, 0xF0, 0xE1, 0x00, 0x0E, 0x0F, 0xF0
    .byte   0xF0, 0xFF, 0xFE, 0x3D, 0x1F, 0xF1, 0xE3, 0xD1, 0xF2, 0xE2, 0xE2, 0xFE, 0x2E, 0x11, 0xD3, 0xE1
    .byte   0x1E, 0x3D, 0x3D,  -14, 0x03, 0xD0, 0x3C, 0x3F, 0x1F, 0x1F, 0xE3, 0xE1, 0x01, 0xE1, 0x22, 0xE3
    .byte   0xD1, 0x3E, 0x3D, 0x03, 0xC4, 0xE2, 0xFE, 0x3D, 0x4D, 0xF3, 0xC3, 0x2E, 0x3C, 0x31, 0xF2, 0xE2
    .byte   0xEE, 0x3D, 0x3E, 0xE0,    5, 0x03, 0xD2, 0xFE, 0x02, 0xD3, 0xEE, 0x10, 0x2E, 0x2E, 0xE2, 0xE1
    .byte   0x2D, 0x3D, 0x3F, 0xE2, 0xE1, 0x0F, 0x2F, 0xE3, 0xED, 0x3F, 0xD4, 0xC4, 0xC3, 0xD0, 0x4B, 0x5C
    .byte   0x20, 0xE2, 0x0E, 0x11, 0xE3,  -10, 0x02, 0x2D, 0x4C, 0x3F, 0xE3, 0xD1, 0x21, 0x01, 0x0E, 0x21
    .byte   0x02, 0xD3, 0xD2, 0x2F, 0x0E, 0x1E, 0x23, 0xD2, 0xFD, 0x31, 0xE3, 0xC3, 0xFE, 0x4C, 0x21, 0xD3
    .byte   0x1F, 0x1E, 0x2E, 0x22, 0xE0, 0xFE,    4, 0x01, 0xF2, 0xC4, 0xD2, 0x3C, 0x4C, 0xE4, 0xD2, 0x0E
    .byte   0x11, 0x2E, 0xF1, 0xE0, 0x3D, 0x21, 0xD3, 0xE2, 0xE1, 0x0E, 0x3D, 0x3D, 0x21, 0xE3, 0xD2, 0xE2
    .byte   0xFE, 0x3E, 0xE2, 0x1E, 0x2F, 0xE3, 0xD3,   -7, 0x02, 0x2D, 0x4C, 0x3F, 0xE2, 0x2D, 0x3D, 0x03
    .byte   0xD1, 0xF3, 0xC4, 0xEE, 0x3D, 0x02, 0xE1, 0x3C, 0x4D, 0x22, 0xD3, 0xC4, 0xD2, 0x2D, 0x3D, 0x3E
    .byte   0xE4, 0xB5, 0xCF, 0x4C, 0x30, 0xE2, 0x2C, 0x4D,    0, 0x03, 0xC4, 0xC4, 0xD2, 0xED, 0x4D, 0x23
    .byte   0xDE, 0x2F, 0x02, 0xE2, 0xEE, 0x2F, 0x00, 0xE2, 0xD4, 0xEE, 0x3C, 0x4C, 0x4F, 0xC4, 0xD2, 0x1D
    .byte   0x4C, 0x23, 0xB6, 0xB2, 0x3C, 0x4E, 0xE2, 0xD3, 0xEF,    5, 0x0D, 0x3E, 0xD4, 0xC4, 0xDE, 0x3C
    .byte   0x4D, 0x21, 0xE2, 0xE1, 0x2E, 0x3D, 0xE4, 0xC3, 0x1D, 0x3D, 0x13, 0xD3, 0x0D, 0x13, 0xD2, 0x3B
    .byte   0x5B, 0x44, 0xB5, 0xCD, 0x4E, 0xE3, 0xDE, 0x3D, 0x33, 0xC3,    1, 0x0E, 0x4E, 0xDF, 0x1D, 0x32
    .byte   0xE3, 0xDE, 0x3F, 0x10, 0xD0, 0x3D, 0x4D, 0xE3, 0xC3, 0xF0, 0x3C, 0x3E, 0xE4, 0xDE, 0x1E, 0x3E
    .byte   0x21, 0xD2, 0xF1, 0xF2, 0xE1, 0x0E, 0x3D, 0x3D, 0x22, 0xC5, 0xC2,    5, 0x0C, 0x4D, 0xE4, 0xD0
    .byte   0x10, 0xFE, 0x4B, 0x41, 0xC4, 0xEE, 0x3E, 0xD3, 0x3C, 0x32, 0xC4, 0xED, 0x4D, 0x1D, 0x30, 0xF3
    .byte   0xC3, 0x2C, 0x40, 0xD2, 0xEE, 0x31, 0xE1, 0x2D, 0x30, 0xE2, 0xD2, 0xE3,    5, 0x0E, 0x3C, 0x24
    .byte   0xB4, 0x0C, 0x4D, 0x12, 0x1E, 0xE4, 0xC3, 0x3C, 0x3D, 0x12, 0xFF, 0xF0, 0xE3, 0xE1, 0xF2, 0xD2
    .byte   0x2E, 0x2E, 0x1D, 0x4E, 0xD3, 0xD2, 0xF3, 0x1D, 0x2E, 0xE3, 0xEF, 0x2D, 0x23,    3, 0x0E, 0x3D
    .byte   0xD4, 0xC4, 0xEE, 0x11, 0x11, 0x2D, 0x22, 0xD3, 0x1C, 0x4D, 0x04, 0xB4, 0xED, 0x4C, 0x4D, 0xF4
    .byte   0xA6, 0xEB, 0x6A, 0x42, 0xE3, 0xD3, 0xCE, 0x5B, 0x4F, 0xC4, 0xD2, 0x3D, 0x2D, 0x22,   -1, 0x03
    .byte   0xDF, 0x2E, 0x13, 0xD1, 0x2D, 0x22, 0xE2, 0xFD, 0x3E, 0x22, 0xC3, 0x0D, 0x4D, 0x03, 0xDE, 0x3E
    .byte   0x12, 0xD1, 0xF3, 0xE1, 0x2D, 0x21, 0x01, 0x21, 0xB5, 0xDE, 0x5B, 0x2F, 0x3D, 0x14, 0xB3,    5
    .byte   0x0B, 0x53, 0xB3, 0x0F, 0x14, 0xB3, 0x4A, 0x53, 0xC2, 0x4A, 0x54, 0x97, 0xCB, 0x5F, 0xD3, 0x0C
    .byte   0x33, 0xD0, 0x3D, 0x04, 0xC2, 0x4B, 0x4D, 0xF4, 0xB5, 0xB4, 0xFC, 0x5C, 0x12, 0xF0, 0xD4, 0xDE
    .byte      8, 0x0C, 0x3F, 0x2E, 0xE2, 0x3D, 0xC6, 0xCB, 0x52, 0xC4, 0xC0, 0x4D, 0xE2, 0x4A, 0x45, 0xA4
    .byte   0x2D, 0x3D, 0x2D, 0x5C, 0xC5, 0xDF, 0xF2, 0x3B, 0x34, 0xEC, 0x24, 0xDE, 0xF4, 0xDC, 0x43, 0xCE
    .byte   0x4F,  -11, 0x04, 0x1D, 0x2F, 0x2E, 0xFF, 0x20, 0xD3, 0x2D, 0x21, 0x0E, 0x12, 0xE1, 0x0F, 0x2E
    .byte   0x02, 0xEE, 0x30, 0xD1, 0x3D, 0xF2, 0x2E, 0xE3, 0xEE, 0x21, 0x0E, 0x20, 0x0E, 0x12, 0xE1, 0x1F
    .byte   0x01, 0x1E,   -2, 0x02, 0xFE, 0x11, 0x1F, 0xF2, 0xFE, 0x22, 0xD1, 0x20, 0xE0, 0x2F, 0xF0, 0x11
    .byte   0xF1, 0x0F, 0x1F, 0x1F, 0x00, 0x1F, 0xF2, 0xE0, 0x11, 0xF1, 0x0F, 0x0F, 0x02, 0xE1, 0x00, 0x00
    .byte   0x1F, 0x00, 0x0F,    0, 0x01, 0x0F, 0x01, 0xFF, 0x10, 0xF0, 0x11, 0x0F, 0x01, 0xFF, 0x10, 0x00
    .byte   0x00, 0x00, 0x00, 0x00, 0x00, 0xF0, 0x10, 0xF0, 0x1F, 0x10, 0x0F, 0x01, 0x00, 0x00, 0xF1, 0x00
    .byte   0x00, 0x00, 0xF0, 0x10,    0, 0x00, 0xF1, 0x00, 0x00, 0xF1, 0x00, 0x01, 0xFF, 0x11, 0xF0, 0x00
    .byte   0x01, 0xFF, 0x10, 0x01, 0xF1, 0xF0, 0x00, 0x00, 0x00, 0x01, 0xF1, 0xF0, 0x01, 0xF0, 0x00, 0xF1
    .byte   0x00, 0x00, 0x00, 0x00, 0x00,    0, 0x00, 0x00, 0x00, 0xF1, 0x00, 0x01, 0xF0, 0x1F, 0xF1, 0xF1
    .byte   0x00, 0x00, 0x00, 0xF1, 0x01, 0x00, 0xF1, 0xF1, 0xFF, 0x01, 0x00, 0x00, 0x1F, 0x00, 0x0F, 0x1F
    .byte   0x1F, 0x10, 0x00, 0x0F, 0x10, 0x00,    0, 0x00, 0x01, 0xF1, 0x0F, 0x00, 0x00, 0x01, 0xF0, 0x1F
    .byte   0x00, 0x00, 0xF1, 0x00, 0x00, 0x00, 0x00, 0x00, 0x1F, 0x00, 0x00, 0x00, 0x00, 0x01, 0xF0, 0xF0
    .byte   0x01, 0x00, 0x01, 0xF0, 0xF1, 0x00, 0x00,    0, 0x00, 0x00, 0x00, 0x00, 0x01, 0xF0, 0x00, 0x0F
    .byte   0x1F, 0x10, 0x0F, 0x10, 0x00, 0xF1, 0x00, 0x00, 0xF1, 0x00, 0x00, 0x01, 0xF0, 0x1F, 0x00, 0x1F
    .byte   0x00, 0x00, 0x01, 0xF0, 0x1F, 0x00, 0x00, 0xF0,    0, 0x01, 0x0F, 0x0F, 0x00, 0x10, 0x00, 0x00
    .byte   0x00, 0x00, 0x00, 0x0F, 0x10, 0xF1, 0x00, 0x00, 0x00, 0x00, 0x00, 0xF1, 0x00, 0x0F, 0x10, 0x0F
    .byte   0x1F, 0x10, 0x00, 0xF1, 0x01, 0xF0, 0xF1, 0x00, 0x10,    0, 0x00, 0x00, 0x01, 0x00, 0xFF, 0x01
    .byte   0x00, 0x0F, 0x00, 0x1F, 0x10, 0x00, 0x0F, 0x10, 0x00, 0x00, 0x00, 0x00, 0x00, 0x00, 0x00, 0x01
    .byte   0xF0, 0x00, 0x00, 0x00, 0x0F, 0x10, 0x00, 0x00, 0x00, 0x00,   -1, 0x01, 0x0F, 0x10, 0x1F, 0x01
    .byte   0x0F, 0x00, 0x00, 0x1F, 0x1F, 0x00, 0x00, 0x00, 0xF1, 0x0F, 0x10, 0x00, 0xF1, 0xF1, 0x00, 0xF1
    .byte   0xF0, 0x10, 0x01, 0xF0, 0x00, 0x00, 0x00, 0x0F, 0x10, 0xF1, 0x1F,    0, 0x00, 0x0F, 0x10, 0x00
    .byte   0x1F, 0x00, 0xF1, 0x00, 0x00, 0x00, 0x01, 0xF0, 0x00, 0x00, 0x1F, 0x00, 0x00, 0x00, 0x01, 0xFF
    .byte   0x10, 0x00, 0x01, 0x0F, 0x00, 0x01, 0xF0, 0x00, 0x00, 0x00, 0x01, 0xF0,   -1, 0x01, 0x00, 0x00
    .byte   0x00, 0x00, 0x00, 0x00, 0x00, 0x1F, 0x00, 0x01, 0xF0, 0x00, 0x1F, 0x00, 0x0F, 0x01, 0x00, 0x0F
    .byte   0x10, 0x00, 0xF1, 0x00, 0x10, 0xF0, 0x00, 0x00, 0xF0, 0x10, 0x01, 0x0F, 0xFF,   -1, 0x01, 0x01
    .byte   0xF0, 0x12, 0x21, 0xED, 0xE0, 0xDC, 0xC5, 0x67, 0x0A, 0xAE, 0x45, 0xDB, 0xB1, 0x65, 0xDA, 0xC4
    .byte   0x54, 0xBB, 0xD4, 0x53, 0xCB, 0xF5, 0x50, 0xBB, 0x35, 0x5F, 0xBB, 0x15, 0x4C, 0xBD,   -3, 0x05
    .byte   0xDB, 0xDF, 0x54, 0xEB, 0xD3, 0x50, 0xDC, 0xF4, 0x3E, 0xDD, 0xF4, 0x3F, 0xCD, 0x13, 0x2E, 0xD0
    .byte   0x32, 0xEE, 0xE2, 0x31, 0xCE, 0x43, 0xFD, 0xDF, 0x34, 0x1D, 0xBD, 0x36, 0x3D, 0xBC, 0xF4,   21
    .byte   0x03, 0xEB, 0xBE, 0x45, 0x5D, 0xAB, 0x14, 0x64, 0xCA, 0xB4, 0x64, 0xCB, 0xC4, 0x54, 0xEB, 0xC0
    .byte   0x34, 0x2D, 0xED, 0x13, 0x21, 0x0D, 0xD1, 0x34, 0x1C, 0xE1, 0x1D, 0x24, 0x4C, 0xCE, 0x03, 0x53
    .byte     12, 0x0A, 0xC6, 0x53, 0xDA, 0xC3, 0x45, 0x4D, 0x9C, 0x45, 0x52, 0xCB, 0xCE, 0x55, 0x3D, 0xAD
    .byte   0x32, 0x45, 0xFC, 0x9D, 0x67, 0x49, 0xAE, 0x44, 0x43, 0xCD, 0xCD, 0x35, 0x6E, 0xA8, 0x47, 0x7E
    .byte   0x9A,  -56, 0x07, 0x61, 0xDB, 0xEE, 0xC3, 0x55, 0xFA, 0xBF, 0x56, 0x2B, 0xBD, 0x26, 0x4E, 0xBC
    .byte   0xD4, 0x51, 0xCF, 0xEC, 0x15, 0x3D, 0xC1, 0x3E, 0x23, 0x1D, 0xC1, 0x24, 0x5C, 0xAC, 0x56, 0xFB
    .byte   0xB4, 0x41,   -1, 0x03, 0xFD, 0x11, 0xEE, 0x34, 0xEB, 0xE4, 0x4D, 0xB0, 0x54, 0xFC, 0xCE, 0xE4
    .byte   0x60, 0xAA, 0x35, 0x43, 0x1B, 0xA1, 0x67, 0xE9, 0xCE, 0x15, 0x65, 0x98, 0xD6, 0x75, 0xC9, 0xBF
    .byte   0x67, 0xFC, 0xAA,  -43, 0x05, 0x76, 0xA8, 0xB3, 0x67, 0x4B, 0xAA, 0x25, 0x76, 0xA9, 0xA3, 0x76
    .byte   0x3B, 0xBA, 0xB6, 0x74, 0xB9, 0xD4, 0x44, 0x5E, 0xDC, 0xC2, 0x34, 0x3D, 0xCD, 0x30, 0xFD, 0x22
    .byte   0xE0, 0x22, 0xFD, 0xE4,    4, 0x01, 0x23, 0xDC, 0xE1, 0x44, 0xFD, 0xCC, 0xD2, 0x65, 0xCB, 0xCD
    .byte   0x53, 0x4D, 0xDC, 0xF4, 0x14, 0x0B, 0xC2, 0x45, 0x1D, 0xCC, 0xF3, 0x42, 0x3D, 0xDD, 0xD3, 0x43
    .byte   0xFC, 0xDC, 0xE3, 0x53, 0x3D,    5, 0x0C, 0xD3, 0x55, 0xDD, 0xBB, 0xD5, 0x54, 0x1B, 0xCC, 0xF4
    .byte   0x43, 0x2D, 0xBE, 0x34, 0x41, 0xD0, 0xEE, 0xDF, 0x4F, 0xED, 0xDF, 0x31, 0x3E, 0xDF, 0x23, 0xE2
    .byte   0xFF, 0x12, 0x2E, 0xF2, 0xFD, 0xD1,   -2, 0x02, 0xF2, 0xFC, 0xD1, 0x44, 0x2E, 0xDD, 0xE2, 0x43
    .byte   0x1E, 0xCC, 0xF2, 0x44, 0xED, 0xCD, 0xE4, 0x43, 0xFE, 0xCD, 0xF1, 0x43, 0x10, 0xDD, 0xDE, 0x24
    .byte   0x31, 0xED, 0xDD, 0x33, 0x32, 0x1D, 0xDE,  -10, 0x03, 0x30, 0x0E, 0xDD, 0xF1, 0x33, 0x3E, 0xED
    .byte   0xD2, 0x34, 0x3D, 0xCC, 0xE2, 0x43, 0x2F, 0xDD, 0xE1, 0x22, 0x21, 0xEF, 0x0F, 0x02, 0x22, 0xFD
    .byte   0xD1, 0x22, 0x2F, 0xF1, 0x0F, 0x0E, 0xF1, 0x02,    1, 0x0F, 0x0E, 0xE2, 0x11, 0x22, 0x1E, 0xEE
    .byte   0xE2, 0x33, 0x1E, 0xDD, 0x01, 0x32, 0x1E, 0xDD, 0xF1, 0x33, 0x32, 0xFD, 0xDE, 0x12, 0x22, 0xFF
    .byte   0xEE, 0x01, 0x02, 0x10, 0x0E, 0xF0, 0x10, 0x11, 0x01,    3, 0x00, 0xE0, 0x12, 0x0F, 0x0E, 0xF0
    .byte   0x10, 0xFF, 0x01, 0x21, 0x1F, 0xEF, 0xFF, 0x02, 0x10, 0x00, 0x10, 0x01, 0xFF, 0xF0, 0xF0, 0x0E
    .byte   0xF1, 0x21, 0x11, 0x01, 0x0F, 0x0E, 0x01, 0x1F, 0xF0, 0x11,    1, 0x01, 0xFE, 0xF0, 0x10, 0x02
    .byte   0x11, 0xFF, 0x00, 0x20, 0xFE, 0xE1, 0xF0, 0x2F, 0x2F, 0x00, 0xFF, 0x10, 0x11, 0x10, 0xEF, 0xFF
    .byte   0x02, 0x0F, 0x0E, 0x00, 0x20, 0x20, 0xFE, 0x0E, 0x01, 0x22, 0x11,    5, 0x0E, 0xF0, 0x01, 0xFF
    .byte   0xEE, 0x11, 0x22, 0x10, 0x10, 0x0F, 0xF0, 0xFF, 0xFF, 0x02, 0x11, 0x00, 0xE0, 0x01, 0x10, 0x0F
    .byte   0xFF, 0x11, 0x21, 0x00, 0xEF, 0xFF, 0xF0, 0x00, 0x20, 0x0F, 0x10, 0x11,    1, 0x0F, 0xE0, 0xF1
    .byte   0x00, 0xF1, 0x11, 0x21, 0x10, 0xEE, 0xFF, 0x11, 0x10, 0x10, 0x10, 0x21, 0x1F, 0xEE, 0xF1, 0x12
    .byte   0x21, 0x10, 0x0F, 0x01, 0xFF, 0xF1, 0xFF, 0x02, 0x12, 0x22, 0xFE, 0xED, 0xFF,    1, 0x0F, 0x0E
    .byte   0xFE, 0xE2, 0x22, 0x1E, 0x0E, 0xFE, 0xFE, 0xEE, 0xEE, 0xFE, 0x22, 0x21, 0x22, 0x11, 0x0F, 0x11
    .byte   0x22, 0x33, 0x33, 0x32, 0x21, 0xFF, 0xFE, 0xEE, 0xF0, 0xEF, 0xF2, 0x22, 0xFE, 0xEF,   21, 0x0E
    .byte   0xEE, 0xEF, 0xFE, 0xFF, 0xFE, 0xEE, 0xEF, 0xEE, 0xFF, 0x10, 0xFE, 0xFF, 0xEF, 0xEE, 0xEF, 0xF0
    .byte   0x12, 0x21, 0x01, 0x22, 0x33, 0x33, 0x44, 0x44, 0x21, 0xEE, 0xED, 0xDD, 0xDE, 0xEE, 0x02,   20
    .byte   0x03, 0x33, 0xFE, 0xDD, 0xEF, 0xFE, 0xFE, 0xEE, 0xE2, 0x20, 0x20, 0x1E, 0x00, 0x0F, 0x02, 0xEE
    .byte   0xEE, 0xFE, 0xEE, 0xEE, 0xEE, 0xF0, 0xFE, 0xEE, 0xFF, 0xEE, 0xEF, 0xF0, 0x23, 0x33, 0x42, 0x44
    .byte     50, 0x05, 0x42, 0xDD, 0xBC, 0xCC, 0xDE, 0xE0, 0x03, 0x44, 0x33, 0x3E, 0xDC, 0xEC, 0xEF, 0xFE
    .byte   0xEE, 0xF1, 0x23, 0x23, 0x02, 0xEE, 0xF0, 0x21, 0x11, 0xFE, 0xE1, 0x0F, 0x1D, 0xDD, 0xEF, 0x00
    .byte   0x10,  -27, 0x0E, 0xDE, 0xEE, 0xFD, 0xDF, 0xFF, 0x13, 0x34, 0x44, 0x35, 0x56, 0x30, 0xDC, 0xBA
    .byte   0xCC, 0xD2, 0x23, 0x34, 0x44, 0x42, 0x2E, 0xBB, 0xCC, 0xE0, 0x32, 0x31, 0xF0, 0x12, 0x32, 0xFE
    .byte   0xED, 0xEF,   -4, 0x03, 0x32, 0x00, 0xEE, 0xE0, 0x10, 0xFE, 0xED, 0xEF, 0x22, 0x11, 0xDD, 0xCE
    .byte   0xDE, 0x02, 0x0D, 0xDF, 0xF0, 0x44, 0x43, 0x14, 0x56, 0x54, 0xED, 0xBA, 0xAB, 0xD2, 0x23, 0x45
    .byte   0x34, 0x44, 0x2F,   58, 0x0B, 0xAC, 0xCD, 0x35, 0x44, 0x21, 0x0E, 0xDF, 0x0E, 0xDD, 0xDE, 0x22
    .byte   0x34, 0x42, 0xFE, 0xED, 0xDE, 0xFF, 0xDE, 0x10, 0x22, 0x21, 0x0E, 0xDD, 0xDD, 0xED, 0x0F, 0xFE
    .byte   0xE0, 0x11, 0x33, 0x33,  -17, 0x03, 0x45, 0x55, 0x3F, 0xCB, 0xAA, 0xC0, 0x24, 0x45, 0x43, 0x32
    .byte   0x2E, 0xCC, 0xCB, 0xCD, 0x34, 0x44, 0x42, 0xFD, 0xCD, 0xEE, 0xE0, 0x11, 0xE0, 0x23, 0x23, 0x10
    .byte   0xEE, 0xEE, 0x0E, 0xF0, 0xFE,  -10, 0x01, 0x0F, 0xFF, 0xEF, 0xED, 0xFE, 0xDD, 0xEE, 0x0E, 0x12
    .byte   0x22, 0x22, 0x33, 0x43, 0x45, 0x34, 0x3F, 0xCC, 0xBB, 0xDE, 0x14, 0x54, 0x43, 0x2F, 0xED, 0xCC
    .byte   0xDC, 0xD1, 0x33, 0x43, 0x31, 0xED,   13, 0x0D, 0xED, 0x12, 0x20, 0xF2, 0x0F, 0x02, 0x2E, 0xEF
    .byte   0xFE, 0xF1, 0x10, 0xEF, 0x1E, 0xE0, 0x1F, 0xEE, 0xEE, 0xDE, 0xEE, 0xEE, 0xFE, 0x12, 0x22, 0x33
    .byte   0x11, 0x22, 0x33, 0x45, 0x33, 0x2D, 0xCC,    4, 0x0D, 0x02, 0x44, 0x43, 0x11, 0xEE, 0xDE, 0xEF
    .byte   0xDE, 0xFF, 0x11, 0x23, 0x1E, 0xDE, 0xED, 0xD2, 0x3F, 0xEE, 0x1E, 0xD0, 0x02, 0x22, 0x32, 0x1E
    .byte   0xDD, 0xFE, 0xE2, 0x21, 0x00, 0xEE, 0xED, 0xEF,  -39, 0x0E, 0x0F, 0xFE, 0xD0, 0xFF, 0x12, 0x21
    .byte   0x12, 0x22, 0x34, 0x23, 0x43, 0x22, 0x32, 0xDE, 0x1E, 0xD2, 0x32, 0x32, 0x3F, 0xE0, 0xEE, 0xE0
    .byte   0xDE, 0xFF, 0x0E, 0x01, 0xEE, 0xED, 0xEE, 0xE0, 0x2F,   -5, 0x0F, 0xEE, 0xE1, 0x02, 0x22, 0x2E
    .byte   0xEF, 0xEE, 0x0F, 0xE1, 0x0F, 0x01, 0x22, 0x00, 0xED, 0xDC, 0xE1, 0x13, 0x23, 0xFE, 0xDD, 0x01
    .byte   0x23, 0x33, 0x12, 0x31, 0x22, 0x33, 0x32, 0x22, 0xEE, 0x21,   38, 0x01, 0x30, 0x21, 0xE3, 0xFE
    .byte   0xEE, 0x1D, 0xEF, 0x2E, 0xEF, 0x0D, 0xD0, 0xEE, 0xEE, 0x2E, 0xFF, 0x0E, 0x0F, 0x01, 0x00, 0xFF
    .byte   0x0F, 0x02, 0x1F, 0xFF, 0xFE, 0xFF, 0xD1, 0x11, 0x01, 0x22, 0xF0,  -23, 0x0D, 0xDD, 0xF1, 0x33
    .byte   0x33, 0x2E, 0xD2, 0xEE, 0xF3, 0x2F, 0x33, 0x12, 0xE0, 0x10, 0x22, 0x33, 0xF1, 0xF1, 0x0F, 0x12
    .byte   0x00, 0x22, 0xF0, 0x12, 0xEE, 0xEE, 0xEE, 0xF3, 0x10, 0xF0, 0xED, 0xDE,    1, 0x0F, 0xF2, 0x20
    .byte   0xD1, 0xFE, 0xEF, 0xFF, 0xEE, 0x12, 0xFF, 0x11, 0xEE, 0x10, 0xDF, 0xFF, 0xF1, 0x13, 0x10, 0x12
    .byte   0xEE, 0xE2, 0xFE, 0x22, 0x22, 0x22, 0x2E, 0x22, 0x1E, 0xE1, 0x20, 0x13, 0x30,   13, 0x01, 0x1E
    .byte   0xD2, 0x20, 0xF2, 0x32, 0x22, 0x0E, 0xDE, 0xEF, 0x00, 0x22, 0x21, 0xF2, 0x21, 0xEE, 0xDE, 0xEE
    .byte   0x22, 0x22, 0x0F, 0xFE, 0xEE, 0x0E, 0xF1, 0x10, 0x11, 0xEE, 0xEE, 0xEE, 0xF0, 0x21,  -13, 0x02
    .byte   0x10, 0xFE, 0xEE, 0xEE, 0x12, 0x11, 0x21, 0x00, 0x1F, 0x0F, 0x02, 0x21, 0xF1, 0xFE, 0xF2, 0x10
    .byte   0x01, 0x12, 0x22, 0x2F, 0xFE, 0xEE, 0x03, 0x22, 0x2F, 0xE0, 0xEF, 0x20, 0x10, 0x0F, 0xE2,   14
    .byte   0x00, 0xFF, 0x2E, 0xFE, 0xEF, 0x02, 0x22, 0xE0, 0xFE, 0xF0, 0x31, 0xFD, 0xEE, 0xE1, 0x33, 0x11
    .byte   0xFE, 0xEE, 0xE1, 0x21, 0x12, 0xEF, 0xFE, 0xF0, 0x20, 0x02, 0xEE, 0x1F, 0x22, 0x0F, 0xED, 0xD0
    .byte    -19, 0x01, 0x32, 0xF0, 0x20, 0x10, 0xFF, 0xEE, 0xE1, 0x23, 0x21, 0xEE, 0xE1, 0x12, 0x21, 0xE0
    .byte   0xE0, 0x22, 0x01, 0xFE, 0xE0, 0x20, 0xF1, 0x21, 0xF1, 0xFE, 0xF1, 0xE2, 0x01, 0x10, 0x10, 0x02
    .byte   0x0F,    6, 0x0E, 0xF0, 0xE2, 0xF1, 0x22, 0x0F, 0xE1, 0x2E, 0xFE, 0xE1, 0xF0, 0x31, 0x11, 0x11
    .byte   0x01, 0xDF, 0xDE, 0x22, 0x03, 0xF1, 0x1E, 0x00, 0xEF, 0x21, 0x02, 0x0E, 0x1D, 0x13, 0xFF, 0x0E
    .byte   0xE1, 0x21,    2, 0x00, 0xD1, 0x12, 0x3E, 0xE0, 0xFF, 0x2F, 0x0E, 0xFE, 0x22, 0x12, 0xD0, 0xD0
    .byte   0x23, 0x32, 0xFD, 0xDF, 0xF3, 0xFE, 0x0E, 0x1E, 0x3E, 0xF2, 0x02, 0x20, 0xE1, 0xFE, 0x4F, 0xC0
    .byte   0xEF, 0xF1, 0x4E,    6, 0x0D, 0xC6, 0xB5, 0xCC, 0x5B, 0x41, 0xE3, 0xD3, 0xFE, 0x4B, 0x22, 0xD5
    .byte   0xB5, 0xDC, 0x4C, 0x30, 0x0F, 0x10, 0x1E, 0x32, 0xC5, 0xB3, 0x2B, 0x5B, 0x41, 0xE5, 0xB3, 0xD2
    .byte   0xD3, 0xFD, 0x3B, 0x6C,    7, 0x01, 0x0D, 0xD4, 0xB5, 0xD1, 0x0E, 0x3C, 0x6B, 0xF3, 0xC4, 0xEF
    .byte   0xEE, 0x02, 0xE4, 0xDF, 0x2D, 0x12, 0x12, 0xED, 0x5B, 0x31, 0xF2, 0xC3, 0x3D, 0x1F, 0xE3, 0xE1
    .byte   0x3C, 0x4D, 0x30, 0xC5, 0xCF,   -6, 0x02, 0xE3, 0x0D, 0x3D, 0x3D, 0x4D, 0xE3, 0xD3, 0xEF, 0x3E
    .byte   0xEF, 0x3D, 0xF3, 0xC3, 0x0E, 0xF2, 0xD2, 0x21, 0xE4, 0xB4, 0x2B, 0x6A, 0x6C, 0xE2, 0xD4, 0xC1
    .byte   0x3C, 0x32, 0xF1, 0x12, 0xD2, 0xD2,    7, 0x0D, 0xF2, 0xD3, 0xF0, 0x2F, 0xFD, 0x4C, 0x22, 0xF3
    .byte   0xD1, 0xD3, 0xE2, 0x3C, 0x22, 0xD2, 0x2F, 0xFF, 0x2E, 0x22, 0xEF, 0xFE, 0x02, 0xE3, 0xD2, 0x1E
    .byte   0x2F, 0x2E, 0xF0, 0xE3, 0xFE, 0x3C, 0x3E,   -6, 0x04, 0xC4, 0xED, 0x4C, 0x2F, 0x0F, 0x2F, 0xD4
    .byte   0xD1, 0x2D, 0x2F, 0x0F, 0x13, 0xD3, 0xD2, 0x1D, 0x3E, 0x10, 0x0D, 0x4C, 0x23, 0xC4, 0xC3, 0x0F
    .byte   0x3D, 0x12, 0xE2, 0xF2, 0x1D, 0x3D, 0x3D, 0x12,   -4, 0x01, 0x0F, 0x02, 0x0E, 0x3D, 0x13, 0xD1
    .byte   0x2E, 0xE3, 0xD3, 0xEF, 0x2E, 0x11, 0xE3, 0xD2, 0xFF, 0x21, 0xE1, 0x2D, 0x3E, 0xFF, 0x3C, 0x4E
    .byte   0xE3, 0xDF, 0x2E, 0xE3, 0xEE, 0x3D, 0x14, 0xC4, 0xC3,   -7, 0x03, 0x1D, 0x4C, 0x3F, 0xF2, 0x0E
    .byte   0x0D, 0x3E, 0x2F, 0xE3, 0xD2, 0x3D, 0x3E, 0xD3, 0xC4, 0xD3, 0xE1, 0x1D, 0x4C, 0x3D, 0x3D, 0x22
    .byte   0xD3, 0xE0, 0x1E, 0x3D, 0x21, 0xD4, 0xD3, 0xD3, 0xD2, 0x0D,    7, 0x0D, 0x02, 0xE1, 0x2D, 0x22
    .byte   0xD2, 0x20, 0xE2, 0x1D, 0x4D, 0x2E, 0x10, 0xE3, 0xD2, 0xE2, 0xF1, 0xE1, 0x2E, 0x3D, 0x20, 0xE2
    .byte   0xE2, 0x00, 0xE2, 0xE1, 0x2D, 0x4C, 0x22, 0xD3, 0xFF, 0x2E, 0xE4,   -8, 0x04, 0xFC, 0x4C, 0x32
    .byte   0xD3, 0xEF, 0x2D, 0x22, 0xE2, 0xD3, 0xEF, 0x3E, 0x2D, 0x3D, 0x21, 0xD4, 0xC2, 0x3C, 0x4E, 0xE3
    .byte   0xC3, 0xE1, 0x2F, 0xF3, 0xD1, 0x1F, 0x11, 0xFF, 0x1D, 0x3F, 0x1F, 0x00,   -4, 0x02, 0x00, 0x02
    .byte   0xD2, 0xF0, 0x2F, 0x1F, 0x0E, 0x2E, 0x3D, 0x2F, 0xFF, 0x20, 0xE2, 0xE1, 0xE3, 0xD3, 0xD2, 0x2D
    .byte   0x4C, 0x30, 0xD4, 0xC3, 0x1D, 0x3E, 0xF1, 0x0F, 0x2E, 0x11, 0xE2, 0xE2, 0x2D,    5, 0x0E, 0xE3
    .byte   0xD1, 0x2E, 0x3D, 0x20, 0xE2, 0xE2, 0xEF, 0x3D, 0x3E, 0xD4, 0xC2, 0x20, 0xE2, 0xE2, 0x1E, 0x2E
    .byte   0x2E, 0x12, 0xD3, 0xEE, 0x3E, 0xF2, 0xE0, 0xF1, 0x01, 0x1E, 0x3C, 0x4F, 0xD3, 0xD2,   -2, 0x02
    .byte   0xFF, 0x00, 0x0E, 0x3D, 0x3E, 0xE2, 0xD4, 0xC3, 0x1D, 0x4C, 0x4D, 0xF3, 0xC3, 0xE2, 0x1F, 0xE3
    .byte   0xC3, 0x3C, 0x5B, 0x31, 0xD4, 0xC3, 0xFD, 0x4C, 0x33, 0xC3, 0xEE, 0x3E, 0xF2, 0xE1, 0xE2,    0
    .byte   0x02, 0xD3, 0xED, 0x4C, 0x4D, 0x1F, 0x2D, 0x31, 0xD3, 0xFE, 0x11, 0xFF, 0x2E, 0xF3, 0xC5, 0xB4
    .byte   0x0C, 0x5B, 0x4D, 0x03, 0xC4, 0xDF, 0x4B, 0x5C, 0xF4, 0xB5, 0xC3, 0xFD, 0x4C, 0x3F, 0xE2, 0x1D
    .byte      3, 0x0D, 0x22, 0xF2, 0xD3, 0xD1, 0xE4, 0xC3, 0x2C, 0x4F, 0xD2, 0x3B, 0x5D, 0xD4, 0xED, 0x3E
    .byte   0xE4, 0xC3, 0xFD, 0x4C, 0x31, 0xD3, 0xD2, 0x1F, 0x2D, 0x3E, 0xF3, 0xC4, 0xDE, 0x4C, 0x30, 0xE0
    .byte   0x2D,    1, 0x01, 0xE2, 0xF2, 0xD3, 0xD1, 0x3C, 0x33, 0xC3, 0x2D, 0x22, 0xD2, 0x11, 0xE1, 0x2E
    .byte   0xF2, 0x1E, 0x10, 0x2D, 0x3E, 0xF2, 0xE0, 0x2E, 0x11, 0x1F, 0x12, 0xD3, 0xD1, 0x2E, 0x21, 0xE2
    .byte   0xE0, 0x2E,    2, 0x0E, 0x2F, 0xE2, 0x0E, 0x2F, 0xF2, 0xE2, 0xE1, 0xF1, 0x2D, 0x3E, 0x00, 0xF0
    .byte   0x02, 0xE1, 0x0F, 0x12, 0xD2, 0x2E, 0x2E, 0xF2, 0xE0, 0x2E, 0x2F, 0xF1, 0xF0, 0x10, 0xE2, 0xF0
    .byte   0x00, 0x1F, 0x0F,    0, 0x01, 0xF1, 0x0E, 0x2F, 0x00, 0x00, 0x01, 0xF1, 0xF0, 0x1F, 0x01, 0xF0
    .byte   0x00, 0x00, 0x0F, 0x10, 0x00, 0x1F, 0x00, 0xF1, 0x00, 0x01, 0x0F, 0x00, 0xF1, 0x01, 0xF0, 0x00
    .byte   0x00, 0x00, 0x1F, 0x00,    0, 0x00, 0x00, 0xF1, 0x0F, 0x01, 0xF1, 0x00, 0x0F, 0x10, 0x00, 0x00
    .byte   0x00, 0x00, 0x01, 0xFF, 0x10, 0x00, 0x1F, 0x00, 0x01, 0xF0, 0xF1, 0x1F, 0x00, 0x0F, 0x10, 0x00
    .byte   0x00, 0x00, 0x00, 0xF1, 0xF1,    0, 0x00, 0x0F, 0x1F, 0x11, 0xF0, 0x00, 0xF1, 0x00, 0x00, 0x1F
    .byte   0x00, 0x00, 0x00, 0x01, 0xF0, 0x1F, 0x00, 0x00, 0x00, 0x00, 0x00, 0x00, 0x1F, 0x00, 0xF1, 0x00
    .byte   0x00, 0x01, 0xF0, 0x0F, 0x10, 0x0F,    0, 0x00, 0x00, 0x00, 0xF1, 0x01, 0xF0, 0x00, 0x01, 0xF0
    .byte   0x00, 0x10, 0xF0, 0x00, 0x00, 0x00, 0x1F, 0xF1, 0x00, 0x00, 0x00, 0x1F, 0xF1, 0xF1, 0x00, 0x00
    .byte   0x00, 0x10, 0xF0, 0x00, 0x00, 0x00, 0x00,    0, 0x00, 0x10, 0xF0, 0x01, 0xF0, 0x00, 0x01, 0xF0
    .byte   0x1F, 0x00, 0x00, 0x0F, 0x10, 0x00, 0x0F, 0x1F, 0x10, 0x00, 0xF1, 0x0F, 0x1F, 0x10, 0xF1, 0x00
    .byte   0x00, 0x00, 0x00, 0x00, 0x1F, 0x1F, 0x00, 0x0F,    0, 0x00, 0x00, 0x00, 0x00, 0x00, 0x00, 0x00
    .byte   0x00, 0x00, 0xF1, 0x1F, 0x00, 0x1F, 0x00, 0x00, 0x00, 0x00, 0xF1, 0x00, 0x0F, 0x10, 0x00, 0x1F
    .byte   0x00, 0x00, 0x01, 0xF0, 0x00, 0x00, 0x00, 0xF1, 0x00,    0, 0x00, 0x00, 0xF1, 0x00, 0xF1, 0x0F
    .byte   0x10, 0x01, 0xF1, 0xF0, 0x10, 0xF0, 0x00, 0x00, 0x00, 0x00, 0x00, 0x01, 0x0F, 0x01, 0xF0, 0x00
    .byte   0x00, 0x00, 0x1F, 0x00, 0x00, 0x1F, 0x0F, 0x10, 0x00, 0x00,    0, 0x00, 0x00, 0x00, 0x1F, 0x01
    .byte   0xF0, 0x00, 0x00, 0x00, 0x00, 0xF0, 0x11, 0xF0, 0x00, 0x00, 0x0F, 0x00, 0x01, 0x00, 0xF1, 0x00
    .byte   0x1F, 0x01, 0xF0, 0x00, 0x00, 0x01, 0xF1, 0xF0, 0x0F, 0x11, 0xFF,    0, 0x00, 0x00, 0xF1, 0x00
    .byte   0x01, 0xF1, 0xF1, 0xF0, 0x00, 0x0F, 0x10, 0x00, 0x0F, 0x00, 0x00, 0x11, 0x0F, 0x02, 0x02, 0x23
    .byte   0x12, 0xF9, 0xA5, 0x50, 0x32, 0xE2, 0x41, 0xCC, 0x1D, 0xE5, 0xDE, 0x4C,   -5, 0x06, 0xCE, 0x3C
    .byte   0x01, 0xE2, 0xD2, 0x2C, 0x55, 0x93, 0x3C, 0xE2, 0x1C, 0x24, 0xD1, 0x5C, 0xC5, 0xDF, 0x4B, 0x41
    .byte   0xD5, 0xC2, 0x4C, 0xE3, 0xD1, 0xEC, 0x24, 0xC1, 0x4C, 0xE4, 0xDF, 0x3E, 0xD2,    5, 0x0E, 0x23
    .byte   0xB4, 0x2D, 0x32, 0xC1, 0x2E, 0x3D, 0x12, 0xD1, 0x4C, 0xD5, 0xDC, 0x42, 0xC3, 0x2D, 0x31, 0xC4
    .byte   0x2D, 0x22, 0xC3, 0x3D, 0x01, 0xEF, 0x3D, 0x03, 0xED, 0x22, 0x11, 0x0E, 0xF3, 0xE0,   10, 0x0C
    .byte   0x22, 0xE3, 0xEE, 0xE2, 0x1E, 0x3F, 0xFD, 0x13, 0xE2, 0xEE, 0x12, 0xF0, 0x2E, 0xE2, 0xF1, 0x3D
    .byte   0xD4, 0xDF, 0x3D, 0x12, 0xD2, 0x3E, 0xD2, 0x21, 0x2D, 0xF3, 0xEE, 0x21, 0xE2, 0xD2, 0x3D,    1
    .byte   0x01, 0xD3, 0x0E, 0x2E, 0xE2, 0x10, 0x2E, 0xFF, 0x21, 0xF1, 0x0E, 0x12, 0xE2, 0xE1, 0x1E, 0x22
    .byte   0xE0, 0x1E, 0x20, 0xF1, 0x1E, 0x11, 0x01, 0x1E, 0x12, 0xEF, 0x2E, 0xF2, 0xE1, 0x2E, 0x01, 0x01
    .byte      1, 0x0E, 0x12, 0xE1, 0x10, 0xF0, 0x10, 0x00, 0xF0, 0x0E, 0x20, 0xF0, 0x0F, 0x02, 0xE2, 0xFF
    .byte   0x1F, 0x10, 0x0F, 0x11, 0x10, 0xF1, 0x10, 0xF1, 0x0F, 0x0F, 0x2F, 0x0F, 0x00, 0x2F, 0xF0, 0x01
    .byte   0x01,    7, 0x0F, 0xF0, 0x10, 0xFF, 0xF1, 0xFF, 0xFF, 0xFF, 0x01, 0xF0, 0xE0, 0x00, 0x0E, 0x00
    .byte   0x0F, 0xFF, 0xFF, 0xF0, 0x1F, 0xFF, 0x02, 0x0F, 0x11, 0x02, 0x11, 0x21, 0x22, 0x32, 0x12, 0x22
    .byte   0x2F, 0x00,   34, 0x0F, 0x01, 0xEE, 0xEF, 0x0E, 0xED, 0xFF, 0x0E, 0xFF, 0xFF, 0x21, 0x11, 0xF1
    .byte   0x20, 0xF0, 0xEF, 0x1E, 0xEE, 0xFE, 0xFE, 0xFE, 0xEF, 0xFF, 0xFE, 0xF1, 0xF0, 0x11, 0x10, 0x12
    .byte   0x22, 0x02, 0x32,    2, 0x03, 0x43, 0xE1, 0x33, 0x2E, 0xD2, 0x0F, 0xEF, 0xED, 0xD1, 0x0D, 0xDD
    .byte   0x10, 0xEE, 0xE2, 0x11, 0x22, 0x11, 0x23, 0x2F, 0x01, 0x21, 0xEF, 0xF0, 0xEF, 0xFF, 0xEE, 0x20
    .byte   0xEE, 0x01, 0x1E, 0xF0,  -10, 0x0E, 0x10, 0xFE, 0xE1, 0xEE, 0xEE, 0xFE, 0xEE, 0x00, 0x1F, 0x21
    .byte   0x22, 0x23, 0x31, 0x34, 0x43, 0x01, 0x33, 0x2E, 0xE1, 0x0E, 0xFE, 0xED, 0xDE, 0x0D, 0xDD, 0x0F
    .byte   0xEE, 0xE2, 0x02, 0x22, 0x11,    1, 0x03, 0x2F, 0xF1, 0x22, 0xEF, 0xFF, 0xFF, 0x1E, 0xFE, 0x10
    .byte   0x0E, 0xE0, 0x10, 0x0E, 0xF0, 0x00, 0xFE, 0xFE, 0xFE, 0xEE, 0xEE, 0xFF, 0xEE, 0xEE, 0x20, 0x1F
    .byte   0x22, 0x32, 0x22, 0x33, 0x45, 0x2E,   38, 0x04, 0x33, 0xCE, 0x21, 0xFE, 0xDE, 0xDD, 0x2E, 0xDC
    .byte   0xD2, 0x2D, 0xDE, 0x22, 0x02, 0x21, 0x22, 0x32, 0xEF, 0x32, 0x1E, 0xE1, 0x20, 0xFE, 0xFF, 0xF0
    .byte   0xFE, 0xFF, 0x00, 0xE0, 0xE0, 0x1F, 0xFE,  -15, 0x01, 0x1E, 0xEE, 0xF0, 0xDF, 0xEE, 0xFE, 0xFF
    .byte   0xE0, 0x12, 0x0F, 0x23, 0x22, 0x23, 0x34, 0x43, 0xF2, 0x33, 0x3E, 0xE0, 0x21, 0xFE, 0xDE, 0xDF
    .byte   0xFD, 0xCD, 0xE1, 0xED, 0xD1, 0x11, 0x22, 0xE2,  -14, 0x03, 0x22, 0xE2, 0x23, 0x01, 0x02, 0x10
    .byte   0x10, 0xFF, 0xFF, 0x0F, 0xEF, 0xFF, 0xEE, 0x0E, 0xFE, 0xFF, 0xEF, 0xEE, 0xFE, 0xEE, 0xEF, 0xEF
    .byte   0xE1, 0xFE, 0x02, 0x01, 0x11, 0x22, 0x22, 0x32, 0x23,    3, 0x03, 0x43, 0xD3, 0x33, 0x1E, 0x01
    .byte   0x11, 0x0E, 0x1D, 0xD2, 0x0D, 0xCE, 0xE1, 0xDD, 0xEE, 0x0F, 0x01, 0x0E, 0x22, 0x21, 0xF1, 0x22
    .byte   0x30, 0x12, 0x12, 0x21, 0x00, 0x12, 0xFE, 0xFF, 0x0E, 0xEE,    6, 0x0F, 0xEE, 0xEE, 0xEE, 0xFF
    .byte   0xEE, 0x0F, 0xFE, 0xE2, 0xFE, 0xE2, 0x2F, 0xF0, 0x22, 0x01, 0x12, 0x11, 0x22, 0x2F, 0x12, 0x22
    .byte   0x23, 0x11, 0x22, 0x22, 0x0F, 0x22, 0xF0, 0x10, 0xFE, 0xFF, 0x0D,   20, 0x0F, 0xFE, 0xD1, 0x0E
    .byte   0xEF, 0xF0, 0x0E, 0xF1, 0x00, 0xF1, 0x11, 0x01, 0x20, 0x10, 0x20, 0x10, 0x11, 0x01, 0x01, 0x0F
    .byte   0xF0, 0xFF, 0xF0, 0xE0, 0x0E, 0xFF, 0xEF, 0xF0, 0xEF, 0x0E, 0x00, 0xFF,  -24, 0x0F, 0x10, 0x00
    .byte   0x01, 0x11, 0x01, 0x01, 0x10, 0x20, 0x10, 0x2F, 0x20, 0x11, 0x20, 0x20, 0x22, 0x11, 0x22, 0x12
    .byte   0x12, 0x10, 0x11, 0xFF, 0x0F, 0xF0, 0xEF, 0x0E, 0x0E, 0x0E, 0xFF, 0xEE, 0x0E,   -2, 0x0F, 0xE0
    .byte   0xEF, 0xFF, 0xF0, 0xF0, 0x01, 0x11, 0x11, 0x12, 0x11, 0x10, 0x20, 0x10, 0x10, 0x1F, 0xF0, 0x0E
    .byte   0x00, 0xE0, 0xFE, 0xF0, 0xEF, 0xFF, 0x0E, 0xFF, 0x0F, 0x00, 0x01, 0x11, 0x02, 0x11,  -15, 0x02
    .byte   0x01, 0x21, 0x21, 0x21, 0x22, 0x11, 0x22, 0x11, 0x20, 0x12, 0x0F, 0x1F, 0x0F, 0x0E, 0x0E, 0x0E
    .byte   0x0E, 0x0E, 0xFE, 0x0E, 0xFE, 0xF0, 0xEF, 0xF0, 0xEF, 0xF1, 0x0F, 0x01, 0x01, 0x10, 0x20,   -7
    .byte   0x01, 0x02, 0x01, 0x02, 0x01, 0x10, 0x01, 0xFF, 0x1F, 0xF0, 0x0E, 0xF0, 0xE0, 0xEF, 0x0E, 0x0F
    .byte   0xFF, 0xF0, 0xF0, 0x00, 0x11, 0x11, 0x11, 0x02, 0x02, 0x10, 0x21, 0x02, 0x11, 0x11, 0x10, 0x20
    .byte     13, 0x00, 0x10, 0x10, 0x01, 0x0F, 0x01, 0xF0, 0xF0, 0x0F, 0xFF, 0xF0, 0xFF, 0xF0, 0x0E, 0x00
    .byte   0x0E, 0x00, 0xF0, 0xFF, 0x0F, 0x1F, 0x00, 0x01, 0x00, 0x10, 0x01, 0x01, 0xF1, 0x11, 0x01, 0x00
    .byte   0x00,    2, 0x01, 0xF0, 0x0F, 0x1F, 0xFF, 0x0F, 0xFF, 0x0F, 0x0F, 0xF0, 0x0F, 0x1F, 0x1F, 0x1F
    .byte   0x10, 0x00, 0x11, 0x01, 0x01, 0x00, 0x11, 0x10, 0x01, 0xF1, 0x10, 0x01, 0x00, 0x01, 0x00, 0x0F
    .byte   0x10, 0x00,    4, 0x00, 0x10, 0xF0, 0x10, 0xF0, 0x00, 0xF0, 0x10, 0x00, 0xF1, 0xFF, 0x10, 0xF0
    .byte   0x0F, 0x0F, 0x10, 0xF0, 0x00, 0x0F, 0x00, 0x00, 0xF0, 0x00, 0x00, 0x0F, 0x01, 0x00, 0xF1, 0x00
    .byte   0x0F, 0x01, 0x1F,   -2, 0x01, 0x1F, 0x00, 0x00, 0x00, 0x00, 0x00, 0x00, 0x00, 0x10, 0xF1, 0xF0
    .byte   0x00, 0x0F, 0x1F, 0x1F, 0x01, 0x0F, 0x00, 0x01, 0xF1, 0xF1, 0xF0, 0x1F, 0x10, 0xF1, 0x01, 0xF0
    .byte   0x00, 0x10, 0x00, 0x10,    0, 0x01, 0x10, 0x0F, 0x01, 0x00, 0xF0, 0x01, 0x01, 0x00, 0xF0, 0x1F
    .byte   0x01, 0x01, 0x00, 0x01, 0x12, 0x14, 0x3A, 0xA3, 0x63, 0xCB, 0x25, 0x42, 0xDC, 0xCE, 0x34, 0x2F
    .byte   0xCD, 0x25, 0x3C, 0xAD, 0x34,  -10, 0x0E, 0x22, 0xF3, 0x31, 0xCD, 0xF2, 0x30, 0x20, 0xE1, 0x32
    .byte   0xFD, 0xEF, 0xF2, 0x2E, 0xEF, 0x22, 0xFF, 0xEE, 0xE3, 0x0E, 0x0F, 0xE2, 0x2F, 0x10, 0xE1, 0x11
    .byte   0x0F, 0x10, 0x00, 0x21, 0xFE, 0x13,    5, 0x0E, 0xFF, 0x21, 0x12, 0x10, 0xFF, 0xFF, 0x22, 0xFD
    .byte   0x12, 0x10, 0xE2, 0x0E, 0xE1, 0x21, 0xFE, 0xF0, 0x21, 0xEE, 0x11, 0x0F, 0x10, 0xFE, 0xF1, 0x11
    .byte   0x0F, 0xF0, 0x1F, 0xF1, 0x11, 0xE0, 0x11,   -4, 0x0E, 0x12, 0xFF, 0xE0, 0x02, 0xE0, 0x01, 0x0F
    .byte   0xF2, 0x2E, 0xE2, 0x02, 0xFE, 0x10, 0x20, 0x00, 0x00, 0xF1, 0x22, 0x1E, 0x10, 0x21, 0x01, 0x10
    .byte   0xF1, 0x11, 0x11, 0xFF, 0xF1, 0xFF, 0x10, 0xE0,    8, 0x00, 0x10, 0xEF, 0x1F, 0xF0, 0xFF, 0xFF
    .byte   0x1F, 0x1F, 0xFF, 0xF0, 0x0F, 0x0F, 0xF0, 0xE0, 0x01, 0x0F, 0x0F, 0x00, 0xF1, 0x01, 0x0F, 0xF1
    .byte   0x10, 0xF0, 0x20, 0xF0, 0x11, 0x10, 0x10, 0x11, 0x01,    2, 0x01, 0x10, 0x02, 0x11, 0x11, 0x00
    .byte   0x11, 0x11, 0x1F, 0xF1, 0x00, 0xFF, 0xFF, 0xFF, 0xF0, 0xFF, 0x0F, 0xFF, 0x0F, 0x0F, 0xFF, 0xFF
    .byte   0x0F, 0x1F, 0x00, 0xF1, 0x0F, 0x00, 0xF0, 0x01, 0xF1, 0x0F,   -6, 0x0F, 0x10, 0xF0, 0xF0, 0x0F
    .byte   0x00, 0x0F, 0xF0, 0xF1, 0x01, 0x0F, 0x00, 0x11, 0x10, 0x01, 0x01, 0x11, 0x00, 0x02, 0x10, 0x11
    .byte   0x11, 0x10, 0x02, 0x1F, 0x10, 0x20, 0x1F, 0x00, 0x00, 0x0F, 0x00,   12, 0x01, 0xFF, 0xF0, 0x0E
    .byte   0x0F, 0xFF, 0xFF, 0xFF, 0xF0, 0x0F, 0x0F, 0xF0, 0xF1, 0xF0, 0x01, 0x00, 0x00, 0x01, 0x01, 0xF0
    .byte   0x01, 0xF0, 0x00, 0xF0, 0xF1, 0xF0, 0x0F, 0xFF, 0x01, 0xF0, 0x0F, 0x00,   -9, 0x00, 0x01, 0x01
    .byte   0x01, 0x01, 0x01, 0x00, 0x02, 0x11, 0x01, 0x11, 0x11, 0x11, 0x10, 0x11, 0x11, 0x10, 0xF1, 0x00
    .byte   0x0F, 0xFF, 0x00, 0xFF, 0xFF, 0xFF, 0x0F, 0xFF, 0xFF, 0xFF, 0xF0, 0xFF, 0xF0,   -5, 0x0F, 0x00
    .byte   0xF1, 0x0F, 0x10, 0x00, 0x11, 0xF0, 0x01, 0x00, 0x00, 0x0F, 0x10, 0x00, 0xF1, 0xF0, 0x0F, 0x0F
    .byte   0x10, 0x0F, 0x01, 0x0F, 0x11, 0x00, 0x01, 0x10, 0xF1, 0x11, 0x01, 0x11, 0x11, 0x01,    5, 0x01
    .byte   0x11, 0x01, 0x11, 0x01, 0x00, 0x00, 0x10, 0xFF, 0xF0, 0x00, 0xFF, 0xFF, 0xF0, 0xFF, 0xFF, 0x0F
    .byte   0x0F, 0xFF, 0xFF, 0x01, 0xF0, 0xF0, 0x01, 0x0F, 0x0F, 0x10, 0x01, 0x0F, 0x10, 0x11, 0xF0,   -4
    .byte   0x00, 0x00, 0x01, 0xF0, 0x00, 0xF1, 0x00, 0xF1, 0xF0, 0x10, 0x01, 0xF1, 0x01, 0x1F, 0x00, 0x11
    .byte   0x01, 0x00, 0x11, 0x01, 0x11, 0x1F, 0x11, 0x01, 0x01, 0xF0, 0x10, 0xF0, 0x00, 0x0F, 0xF0, 0x0F
    .byte      6, 0x0F, 0xFF, 0x00, 0xF0, 0xFF, 0xF0, 0xFF, 0x0F, 0x0F, 0x0F, 0x10, 0xF0, 0xF0, 0x10, 0xF0
    .byte   0x10, 0x00, 0x01, 0x00, 0x00, 0x10, 0x00, 0x01, 0x01, 0x0F, 0xF1, 0x10, 0x00, 0xF1, 0x01, 0x00
    .byte   0xF1,   -1, 0x01, 0x01, 0x1F, 0xF0, 0x00, 0x20, 0x01, 0x00, 0x00, 0x01, 0x10, 0xF1, 0x01, 0x00
    .byte   0xF0, 0x1F, 0x0F, 0xFF, 0x0F, 0x10, 0xF0, 0x0F, 0xF0, 0x10, 0xE0, 0x00, 0xFF, 0x00, 0x11, 0xFF
    .byte   0xF1, 0xF1,   -5, 0x0F, 0x01, 0x01, 0x00, 0x00, 0x00, 0x10, 0x1E, 0x11, 0x10, 0xF0, 0x10, 0x01
    .byte   0x00, 0xF0, 0x01, 0x1F, 0x0F, 0x11, 0x01, 0x00, 0x1F, 0x10, 0x00, 0x11, 0x10, 0xF1, 0x10, 0x00
    .byte   0x1F, 0x11, 0xF1,    6, 0x00, 0x01, 0xF1, 0xFF, 0x0F, 0x01, 0xFF, 0xF0, 0x00, 0x1F, 0xFF, 0xF0
    .byte   0xF1, 0x0F, 0xE2, 0xF0, 0x0F, 0x00, 0x01, 0xE1, 0x00, 0x10, 0x0F, 0x11, 0x11, 0xFE, 0x01, 0x11
    .byte   0x2E, 0xF1, 0xF2, 0xF0,   -3, 0x01, 0x10, 0x01, 0x00, 0x01, 0x01, 0xF1, 0x01, 0x01, 0x00, 0x10
    .byte   0xF1, 0x1F, 0xF0, 0x10, 0xF0, 0x10, 0x0F, 0xF0, 0x01, 0x20, 0xE0, 0xF0, 0xF0, 0x1F, 0xFF, 0x0F
    .byte   0x10, 0xF0, 0xF0, 0xF1, 0x00,   -2, 0x0F, 0x0F, 0xF0, 0x0F, 0x02, 0xE1, 0x10, 0xF0, 0xF1, 0x3D
    .byte   0xF1, 0x0F, 0x11, 0x01, 0x0F, 0x12, 0xFF, 0xFF, 0x10, 0x11, 0x1F, 0x2F, 0x1F, 0x10, 0x11, 0xF1
    .byte   0x0F, 0x10, 0x01, 0x0F, 0x00, 0x1F,    7, 0x00, 0xF0, 0x10, 0xFF, 0xFF, 0xFF, 0x00, 0x0F, 0x0F
    .byte   0xF0, 0x01, 0xFF, 0x0F, 0xF0, 0x00, 0x01, 0x1F, 0xFF, 0x01, 0x20, 0xEE, 0xF1, 0x20, 0xE0, 0x01
    .byte   0x20, 0xFE, 0xE0, 0x12, 0xFE, 0xF0, 0x22,   -2, 0x0E, 0xF0, 0x12, 0x20, 0x21, 0x12, 0x1F, 0x12
    .byte   0x03, 0x1F, 0xE0, 0xE0, 0x10, 0xFF, 0xEE, 0xEF, 0x11, 0x00, 0x00, 0xEF, 0x00, 0x20, 0x0E, 0xE0
    .byte   0x11, 0x00, 0xEE, 0x00, 0xF0, 0x10, 0xEE, 0xF0,  -15, 0x00, 0xFE, 0xEF, 0xEF, 0x01, 0x11, 0xEE
    .byte   0xFF, 0x22, 0x11, 0xF2, 0x34, 0x44, 0x32, 0x21, 0x01, 0xFE, 0xDD, 0xDC, 0xFE, 0x10, 0xF0, 0x12
    .byte   0x22, 0x32, 0x21, 0xEE, 0xFE, 0xEE, 0xDE, 0xEE, 0x11,   -9, 0x01, 0x21, 0x22, 0x23, 0x22, 0x11
    .byte   0x0F, 0xEE, 0xDD, 0xDE, 0xDE, 0x00, 0x12, 0x11, 0x01, 0x1F, 0xDC, 0xDD, 0xFE, 0xEF, 0xE2, 0x23
    .byte   0x43, 0x44, 0x45, 0x54, 0xFC, 0xDD, 0xDC, 0xCD, 0xCC, 0xE3,   -4, 0x05, 0x42, 0x22, 0x22, 0x1F
    .byte   0xDC, 0xBD, 0xDE, 0xF0, 0x11, 0x13, 0x34, 0x21, 0xDD, 0xDE, 0xF0, 0xEE, 0x13, 0x44, 0x21, 0x0F
    .byte   0xDC, 0xDE, 0xED, 0xDE, 0x23, 0x31, 0x20, 0xED, 0xDC, 0xDC, 0xDE,  -80, 0x02, 0x22, 0x23, 0x43
    .byte   0x33, 0x43, 0x55, 0x30, 0xCC, 0xCC, 0xDC, 0xE0, 0xE3, 0x46, 0x54, 0x1F, 0xED, 0xCC, 0xCC, 0xCC
    .byte   0x03, 0x44, 0x32, 0x3F, 0xED, 0xED, 0xDC, 0xCE, 0x13, 0x43, 0x23, 0x34,   44, 0x03, 0x1D, 0xBB
    .byte   0xCD, 0x21, 0x11, 0x13, 0x34, 0x4F, 0xDC, 0xBC, 0xBC, 0xDF, 0x33, 0x33, 0x32, 0x22, 0x23, 0x12
    .byte   0x36, 0x63, 0xDC, 0xCD, 0xBD, 0xDE, 0x2E, 0x35, 0x66, 0x3E, 0xCD, 0xBB, 0xCD,  -20, 0x0D, 0xD3
    .byte   0x55, 0x44, 0x0D, 0xDB, 0xCC, 0xEE, 0xCE, 0x24, 0x54, 0x22, 0x03, 0x33, 0x0C, 0xCB, 0xCE, 0xF3
    .byte   0x22, 0x22, 0x43, 0x30, 0xCC, 0xCC, 0xBC, 0xEE, 0x33, 0x34, 0x33, 0xEE, 0xF0, 0x21,  -21, 0x05
    .byte   0x65, 0x3D, 0xCC, 0xBD, 0xCE, 0x21, 0x04, 0x66, 0x5E, 0xCC, 0xCB, 0xBD, 0x0E, 0xE1, 0x45, 0x43
    .byte   0xEF, 0xDC, 0xCC, 0xED, 0xED, 0xE3, 0x44, 0x42, 0x23, 0x22, 0x20, 0xDB, 0xBD, 0x13, 0x3F,   -7
    .byte   0x03, 0x24, 0x33, 0xDC, 0xBB, 0xCC, 0xDE, 0x23, 0x33, 0x42, 0x2D, 0xDD, 0x13, 0x24, 0x56, 0x61
    .byte   0xCB, 0xCC, 0xCD, 0x14, 0x12, 0x45, 0x64, 0xFB, 0xCC, 0xBB, 0xE3, 0x3F, 0x02, 0x54, 0x1E, 0xDD
    .byte      5, 0x0C, 0xCE, 0x2E, 0xE1, 0x44, 0x40, 0xE2, 0x22, 0xF1, 0x3C, 0xBB, 0xF4, 0x40, 0x02, 0x41
    .byte   0x03, 0x2D, 0xBB, 0xCD, 0xEE, 0xD2, 0x33, 0x32, 0x22, 0xDC, 0xE1, 0x34, 0x44, 0x66, 0x3D, 0xBB
    .byte   0xBC,  -24, 0x0F, 0x43, 0x14, 0x46, 0x42, 0xCC, 0xBB, 0xCD, 0x23, 0x21, 0x24, 0x32, 0xFD, 0xEC
    .byte   0xDC, 0xE0, 0x11, 0xE2, 0x43, 0x32, 0x22, 0x20, 0xEF, 0xCC, 0xCD, 0x34, 0x30, 0x33, 0x20, 0xFF
    .byte   0xFC, 0xBC,  -51, 0x0E, 0xDF, 0x13, 0x4D, 0xF2, 0x12, 0xED, 0x04, 0x33, 0x46, 0x64, 0xDA, 0xBC
    .byte   0xCE, 0x24, 0x41, 0x24, 0x55, 0x2C, 0xBC, 0xBC, 0xD3, 0x42, 0xEE, 0x33, 0x20, 0xED, 0xDC, 0xC2
    .byte   0x22, 0xEE, 0x03,   -1, 0x03, 0x22, 0x22, 0x01, 0xFD, 0xDC, 0xC0, 0x33, 0x32, 0x32, 0xFE, 0xE0
    .byte   0xDC, 0xCC, 0xFF, 0xEF, 0xEE, 0xF3, 0x33, 0x1F, 0xEE, 0x02, 0x44, 0x25, 0x63, 0xDC, 0xBC, 0xDE
    .byte   0x34, 0x4E, 0x14, 0x53,   76, 0x0D, 0xDB, 0xBD, 0xE2, 0x32, 0x0E, 0x22, 0xF1, 0x0E, 0xDC, 0xE0
    .byte   0xF1, 0xEE, 0x13, 0x34, 0x23, 0x22, 0x1E, 0xDC, 0xCC, 0xE3, 0x43, 0x23, 0x12, 0x10, 0xDE, 0xCC
    .byte   0xCC, 0x22, 0x2F, 0xEE, 0xEE,  -57, 0x01, 0x23, 0x20, 0x20, 0x33, 0x45, 0x63, 0xDB, 0xBC, 0xD2
    .byte   0x44, 0x3E, 0x14, 0x44, 0xED, 0xCD, 0xBC, 0x22, 0x21, 0x0E, 0x22, 0xF2, 0xFE, 0xED, 0xDE, 0x1E
    .byte   0xEE, 0x13, 0x34, 0x32, 0x10, 0x23,   28, 0x0B, 0xBD, 0x03, 0x34, 0x3F, 0xFF, 0x22, 0xED, 0xDC
    .byte   0xCC, 0xE2, 0x1F, 0xEF, 0xF2, 0x3E, 0xF1, 0x23, 0x22, 0x22, 0x35, 0x65, 0xDB, 0xBD, 0xC2, 0x44
    .byte   0x3E, 0xD4, 0x44, 0x2F, 0xCC, 0xBD, 0xF2,    9, 0x0E, 0xFE, 0xF0, 0x33, 0x2E, 0xED, 0xED, 0xEE
    .byte   0xEE, 0xE1, 0x34, 0x43, 0xF1, 0x22, 0xEC, 0xCC, 0xDE, 0x34, 0x42, 0x0F, 0x22, 0xED, 0xDC, 0xCC
    .byte   0xF3, 0x1D, 0xEF, 0x20, 0x13, 0xEF, 0xE0, 0x33,  -24, 0x03, 0x34, 0x54, 0xFD, 0xDD, 0xCD, 0x44
    .byte   0x2E, 0xE3, 0x40, 0x32, 0xEC, 0xBF, 0xFE, 0xFF, 0xFD, 0xD2, 0x33, 0x11, 0xED, 0xEE, 0x02, 0xED
    .byte   0xDD, 0x34, 0x44, 0x20, 0xDD, 0xE2, 0x2D, 0xCC, 0x23,   -5, 0x03, 0x21, 0xDD, 0xF0, 0xFD, 0xDD
    .byte   0xDE, 0xEE, 0x12, 0x11, 0x10, 0xEE, 0x24, 0x21, 0x33, 0x31, 0x55, 0x2D, 0xDD, 0xEC, 0x44, 0x20
    .byte   0xD3, 0x33, 0x12, 0x1D, 0xCD, 0xFE, 0xEE, 0xEE, 0x0E, 0x12,   13, 0x0E, 0xE1, 0xEE, 0xD2, 0x2E
    .byte   0xDD, 0x23, 0x23, 0x43, 0x1D, 0xE1, 0xDC, 0xD2, 0x3E, 0x11, 0x21, 0x21, 0x1D, 0xCD, 0xDE, 0xEF
    .byte   0x2E, 0xE1, 0x11, 0xEF, 0x1F, 0x02, 0x23, 0x33, 0x22, 0x34, 0x43,   37, 0x0E, 0xED, 0xD2, 0x42
    .byte   0x1E, 0x33, 0x02, 0x2F, 0xDD, 0xEE, 0xED, 0xE2, 0x0D, 0xE2, 0x11, 0xF0, 0x0F, 0xED, 0x2F, 0xDE
    .byte   0xE3, 0x22, 0x03, 0x2F, 0xE1, 0x3E, 0xCD, 0xFF, 0xF2, 0x31, 0xDE, 0x01,  -18, 0x0F, 0x11, 0xDC
    .byte   0xDE, 0xE1, 0x23, 0x0E, 0x12, 0xFD, 0x12, 0x31, 0x34, 0xF0, 0x03, 0x54, 0xFF, 0xFE, 0xC2, 0x44
    .byte   0xFD, 0xF0, 0x21, 0x33, 0xED, 0xDE, 0xFE, 0x1F, 0xEE, 0xD0, 0x02, 0x11, 0xFF,   11, 0x0D, 0x02
    .byte   0xFD, 0xF2, 0xFF, 0x2F, 0x01, 0x12, 0xF2, 0xFC, 0xD0, 0x21, 0x12, 0x0D, 0xDE, 0x11, 0x31, 0xED
    .byte   0xCD, 0x12, 0x23, 0xF0, 0xDD, 0x20, 0x02, 0x33, 0xE1, 0x23, 0x33, 0x31, 0x33, 0xE2,   32, 0x0E
    .byte   0xD2, 0x32, 0x20, 0x21, 0x00, 0x12, 0x0D, 0xEE, 0x1D, 0xE1, 0xFE, 0xE1, 0x21, 0xEE, 0x22, 0xED
    .byte   0xE1, 0xFD, 0xE0, 0x20, 0x04, 0x1D, 0xDF, 0x32, 0xFE, 0xED, 0xDE, 0x33, 0x1E, 0xEE, 0xDE,  -32
    .byte   0x03, 0xFF, 0xED, 0xEE, 0x01, 0x0F, 0x01, 0x10, 0x42, 0x1C, 0xE1, 0x23, 0x34, 0x2D, 0x02, 0x24
    .byte   0x43, 0x0D, 0xDD, 0x14, 0x41, 0x1D, 0xFF, 0x23, 0x21, 0xDD, 0x1E, 0xEE, 0x01, 0xDE, 0x20, 0x20
    .byte     19, 0x00, 0xEE, 0xD0, 0x11, 0x0D, 0xEF, 0xEF, 0x32, 0xFF, 0x22, 0xDE, 0x0E, 0xDD, 0x32, 0x22
    .byte   0xEE, 0xFD, 0xE2, 0x2E, 0xE0, 0x2E, 0xFF, 0x2E, 0xEE, 0x2E, 0xF2, 0x32, 0x33, 0xED, 0xDE, 0x23
    .byte   0x34,    6, 0x0E, 0xE0, 0x14, 0x42, 0xE0, 0xDD, 0x04, 0x42, 0xDD, 0xF0, 0x13, 0x31, 0xDD, 0xEF
    .byte   0x20, 0xF0, 0xFD, 0xE2, 0x1F, 0xFE, 0xFE, 0xF0, 0xFE, 0xD1, 0xEE, 0x12, 0x12, 0x31, 0xCD, 0x1E
    .byte   0xF2, 0x21,  -12, 0x0E, 0xE0, 0xE0, 0x11, 0x10, 0xEF, 0x0E, 0xEF, 0x21, 0x02, 0xFE, 0xE3, 0x32
    .byte   0xEE, 0x11, 0xE1, 0x32, 0xDD, 0x34, 0x12, 0x33, 0xEC, 0xF4, 0xDD, 0x54, 0x1C, 0xD3, 0xEE, 0x25
    .byte   0x2C, 0xD2, 0x1D,   29, 0x04, 0x0D, 0xC3, 0x3D, 0xD2, 0x1D, 0xD3, 0x3E, 0xD0, 0x2E, 0xE2, 0x1E
    .byte   0xCF, 0xFE, 0xD3, 0x31, 0xEF, 0xFE, 0xDF, 0x32, 0xDE, 0x1E, 0xE2, 0x22, 0x2E, 0xE1, 0xEE, 0x32
    .byte   0xDD, 0x32, 0x20, 0x31,  -14, 0x0C, 0xF2, 0xE2, 0x44, 0x2C, 0xD0, 0x33, 0x32, 0xEC, 0xD2, 0x33
    .byte   0x23, 0x0D, 0xD1, 0x33, 0x32, 0xDD, 0xD2, 0x32, 0x2F, 0xDD, 0xE4, 0x31, 0x0F, 0xDC, 0x13, 0x30
    .byte   0xDF, 0xDD, 0x24, 0x2E, 0xDE,    5, 0x01, 0x22, 0xED, 0xC2, 0x2E, 0xE2, 0x3F, 0xE0, 0x30, 0xCD
    .byte   0x2E, 0xF2, 0x32, 0xFD, 0xF0, 0x1F, 0x22, 0xED, 0xF0, 0x02, 0x22, 0x3D, 0xE4, 0x2D, 0xC1, 0x21
    .byte   0x33, 0x0E, 0xCD, 0x44, 0xEF, 0x31,   -3, 0x0D, 0x34, 0xFD, 0xF4, 0xDC, 0x24, 0x1E, 0x22, 0xED
    .byte   0xE3, 0x30, 0x00, 0xED, 0x12, 0x20, 0xEE, 0xFD, 0x04, 0x3F, 0xEF, 0xDC, 0xE3, 0x32, 0x1E, 0xEE
    .byte   0xF3, 0x3F, 0xDD, 0xFF, 0x02, 0x2F, 0xD2,    1, 0x00, 0x30, 0xFD, 0xDD, 0x23, 0x1F, 0xFD, 0x23
    .byte   0x12, 0x2E, 0xED, 0xD2, 0x22, 0xEF, 0x01, 0x23, 0x20, 0xED, 0xEE, 0x13, 0x23, 0xDE, 0x10, 0x12
    .byte   0x21, 0xFE, 0xE2, 0xFE, 0xF3, 0xED, 0x22, 0x32,   13, 0x0E, 0xFE, 0xDF, 0x21, 0x11, 0xFE, 0x02
    .byte   0x32, 0xFD, 0xE1, 0xE2, 0x30, 0xEF, 0xD2, 0x10, 0xF2, 0x0F, 0x02, 0x21, 0xEE, 0x1F, 0xF2, 0x0F
    .byte   0xDF, 0x22, 0x20, 0x00, 0xEE, 0xF1, 0x2E, 0xE2, 0x0F,    0, 0x02, 0xE2, 0xEE, 0x1E, 0xF2, 0x01
    .byte   0x21, 0x11, 0xFD, 0x11, 0x01, 0x0D, 0x22, 0x32, 0xEF, 0xEE, 0xE1, 0x22, 0x02, 0xFF, 0x0E, 0x10
    .byte   0xDE, 0x22, 0x12, 0x21, 0x0D, 0x22, 0xEE, 0x1E, 0x02, 0x12,    1, 0x0F, 0xF1, 0xE0, 0x32, 0xFD
    .byte   0xEF, 0x02, 0xE3, 0xFE, 0x22, 0x1F, 0xF1, 0xEE, 0xEF, 0xE3, 0x3E, 0x3D, 0xF1, 0xE2, 0x2E, 0x11
    .byte   0xD2, 0x21, 0x2E, 0xED, 0x03, 0xD2, 0x3E, 0x12, 0x11, 0x2D, 0xEE,   -7, 0x0E, 0x23, 0xE3, 0xD2
    .byte   0xEF, 0x4C, 0x31, 0xB4, 0x2C, 0x5F, 0xC3, 0x11, 0xDE, 0xFE, 0x3E, 0x3F, 0x1F, 0xE2, 0xC3, 0x3D
    .byte   0x4C, 0x02, 0xD5, 0xD2, 0xEF, 0x0D, 0x4B, 0x23, 0xFF, 0x31, 0xD4, 0xB5,    5, 0x0E, 0x3A, 0x6B
    .byte   0x43, 0xC5, 0xC2, 0x1E, 0x11, 0xC3, 0xEF, 0xE4, 0xD3, 0x1D, 0x4B, 0x4C, 0x3D, 0x33, 0xE3, 0xD4
    .byte   0xB4, 0xC1, 0x4B, 0x5C, 0x3D, 0xF4, 0xC5, 0xB2, 0xF0, 0x3E, 0x2D, 0x4B, 0x4E,   -2, 0x04, 0xB4
    .byte   0xC4, 0xC3, 0x2D, 0x3C, 0x4D, 0x24, 0xD2, 0xC3, 0xFE, 0x3E, 0xEF, 0x0E, 0x3E, 0x3D, 0xF0, 0x3D
    .byte   0x3E, 0x2E, 0xD4, 0xC4, 0xC4, 0xC2, 0x2E, 0x3D, 0xFE, 0x4C, 0x30, 0xE3, 0xD2, 0xF1,    6, 0x0D
    .byte   0x3D, 0x23, 0xC3, 0xD3, 0xE0, 0x2D, 0x3E, 0x1F, 0xF1, 0x01, 0x2D, 0x31, 0xD3, 0xFE, 0x3D, 0xF2
    .byte   0xD3, 0xE3, 0xE1, 0xD2, 0xFF, 0x3C, 0x4C, 0x24, 0xC4, 0xD0, 0x1E, 0xE1, 0x20, 0x2D, 0x22,    0
    .byte   0x02, 0x0E, 0x01, 0xE1, 0xF2, 0xE0, 0x12, 0xE2, 0x0D, 0x4C, 0x3E, 0x2F, 0xE3, 0xC4, 0xD2, 0x0D
    .byte   0x4D, 0x0F, 0xF2, 0xE2, 0xF0, 0x0F, 0x21, 0xE0, 0x00, 0xE1, 0x11, 0x2D, 0x3E, 0xF2, 0xF2, 0xD3
    .byte     -5, 0x02, 0x0F, 0x3E, 0x0E, 0x2F, 0xE3, 0xDE, 0x3E, 0x1F, 0xE3, 0xD3, 0xE2, 0xEF, 0x3C, 0x4C
    .byte   0x4E, 0xE2, 0xD3, 0xD2, 0xE2, 0xE3, 0xE2, 0xE2, 0xFE, 0x2D, 0x3E, 0x0F, 0x1F, 0x2F, 0x2E, 0x1E
    .byte   0x02,   -5, 0x02, 0xE3, 0xE2, 0xE0, 0x1E, 0x3D, 0x2E, 0x0F, 0x20, 0x1F, 0x10, 0xF2, 0xE0, 0xF1
    .byte   0xE2, 0xE2, 0xFF, 0x2E, 0x2E, 0x2E, 0x1E, 0x2F, 0x2F, 0xF2, 0xD3, 0xD3, 0xEE, 0x3D, 0x3D, 0x10
    .byte   0x2E, 0x21,   -2, 0x02, 0xF1, 0xE2, 0xE1, 0xE3, 0xD3, 0xFE, 0x2D, 0x4C, 0x4D, 0x2D, 0x21, 0xD4
    .byte   0xC4, 0xC4, 0xD0, 0x2D, 0x3E, 0x2E, 0x2E, 0x2E, 0x2E, 0x10, 0xE3, 0xD3, 0xD2, 0x0E, 0x2E, 0x3D
    .byte   0x3E, 0xE2, 0xE2,   -3, 0x02, 0xE1, 0x20, 0xE2, 0xE0, 0x11, 0x1E, 0x3C, 0x4D, 0x20, 0xF0, 0x01
    .byte   0xE2, 0xE1, 0x20, 0xE2, 0xE1, 0x1E, 0x21, 0xE2, 0x0F, 0xE3, 0xD3, 0xEF, 0x0E, 0x3D, 0x3E, 0xF2
    .byte   0xD3, 0xD3, 0xFE, 0x2D,    4, 0x0D, 0x3E, 0x0E, 0x3D, 0x31, 0xC5, 0xB5, 0xB3, 0xFF, 0x3D, 0x4B
    .byte   0x5C, 0x3D, 0x22, 0xC4, 0xD2, 0xF1, 0x0F, 0x21, 0xD3, 0xD2, 0x11, 0x1D, 0x4C, 0x4C, 0x31, 0xD3
    .byte   0xE0, 0x10, 0xE3, 0xD2, 0x0F,    3, 0x0D, 0x3D, 0x3F, 0xFF, 0xF2, 0xD3, 0xE2, 0xD3, 0xE0, 0x2D
    .byte   0x3D, 0x30, 0xD3, 0xE0, 0x10, 0x01, 0x0E, 0x2E, 0x21, 0xE2, 0xE1, 0x00, 0x2E, 0x2E, 0xF3, 0xD1
    .byte   0x2E, 0x11, 0xE2, 0x0E, 0x3E, 0xE2,   -7, 0x03, 0xE2, 0xE1, 0x2D, 0x4C, 0x4D, 0xF2, 0xD3, 0xD2
    .byte   0x2D, 0x3E, 0xF3, 0xC4, 0xD2, 0xFE, 0x2F, 0xE3, 0xD3, 0xEE, 0x3C, 0x4D, 0x12, 0xD3, 0xE1, 0x11
    .byte   0xE1, 0x2E, 0x12, 0xE0, 0x0E, 0x3D, 0x3E,    1, 0x01, 0xE2, 0xE3, 0xD2, 0xFF, 0x02, 0xD3, 0xE0
    .byte   0xF1, 0x2D, 0x3D, 0x3D, 0x30, 0xC5, 0xB4, 0xFD, 0x4C, 0x22, 0xE1, 0x1E, 0x3D, 0x3D, 0x20, 0x1F
    .byte   0x11, 0xE2, 0xE1, 0x1E, 0x2F, 0x2F, 0xE3, 0xD2,   -4, 0x03, 0xEE, 0x2F, 0xF2, 0xFE, 0x3C, 0x4D
    .byte   0xF2, 0xE2, 0x0F, 0x2D, 0x3F, 0xD4, 0xC3, 0xEE, 0x2F, 0x02, 0xE2, 0xEE, 0x3D, 0x3E, 0x11, 0xD4
    .byte   0xDF, 0x3D, 0x2F, 0x00, 0xE2, 0xFF, 0x10, 0xF2, 0xE1,   -6, 0x03, 0xE0, 0x2E, 0x2E, 0xF2, 0xE3
    .byte   0xD2, 0xEF, 0x2E, 0x3E, 0x0E, 0x2F, 0xE3, 0xD2, 0xE1, 0x2D, 0x3E, 0x02, 0xE2, 0xF2, 0xFD, 0x3D
    .byte   0x3E, 0xF3, 0xC4, 0xC3, 0x0E, 0x4B, 0x4E, 0x02, 0xD3, 0xD3,  -10, 0x04, 0xDE, 0x5A, 0x6B, 0x31
    .byte   0xD3, 0xD4, 0xC3, 0xFE, 0x2D, 0x4C, 0x3F, 0xD4, 0xC3, 0x1D, 0x31, 0xE2, 0xFE, 0x11, 0xE3, 0xE2
    .byte   0xFD, 0x2E, 0x2E, 0x4C, 0x21, 0xD4, 0xC4, 0xD0, 0x3C, 0x3F, 0x02,    2, 0x0E, 0x3D, 0x3D, 0x2F
    .byte   0xD4, 0xB5, 0xD1, 0x1E, 0xF2, 0x2D, 0x4C, 0x22, 0xC4, 0xE0, 0x3D, 0xF2, 0xE2, 0xF2, 0xD1, 0x1E
    .byte   0x3D, 0x3E, 0x2D, 0x30, 0xC5, 0xB4, 0x2C, 0x5B, 0x32, 0xD4, 0xD1, 0xC4,  -11, 0x02, 0x4B, 0x5D
    .byte   0xF4, 0xC3, 0xDE, 0x3D, 0x3D, 0x3D, 0x13, 0xD4, 0xB5, 0xCE, 0x4B, 0x5C, 0x14, 0xC3, 0x03, 0xC3
    .byte   0xFC, 0x5C, 0x14, 0xB4, 0xED, 0x5B, 0x3F, 0xEF, 0x3D, 0x23, 0xC5, 0xB3, 0xFE,   16, 0x0C, 0x3C
    .byte   0x3D, 0x4D, 0x0F, 0xD3, 0xD4, 0xEE, 0x20, 0x00, 0x1D, 0x13, 0xE2, 0xEE, 0x2D, 0x4F, 0xE2, 0xDF
    .byte   0x0E, 0x30, 0xE2, 0xD3, 0x1E, 0x3D, 0xF1, 0x03, 0x0D, 0x1D, 0x14, 0xD4, 0xC1, 0xFF,   -1, 0x00
    .byte   0x3B, 0x40, 0xE4, 0xC3, 0xE1, 0x2E, 0x1E, 0xD2, 0x3E, 0x3D, 0x20, 0xE3, 0x1D, 0x00, 0xE0, 0x10
    .byte   0x2E, 0x31, 0xD2, 0xD3, 0xF2, 0xF0, 0xDE, 0x4C, 0x5D, 0xE1, 0xD2, 0xF3, 0xE1, 0x0C, 0x3E,    4
    .byte   0x03, 0xC3, 0xD2, 0xFF, 0x3C, 0x31, 0xD4, 0xC3, 0xFE, 0x3D, 0x21, 0xD2, 0x12, 0x11, 0xED, 0x21
    .byte   0x23, 0xD1, 0x10, 0x11, 0xEF, 0xF2, 0x1E, 0xEE, 0xF3, 0x13, 0x2C, 0x0E, 0x03, 0xF2, 0xE0, 0x2E
    .byte      7, 0x0D, 0x1F, 0xF3, 0xE1, 0xED, 0x2F, 0x33, 0xD2, 0xDF, 0x0F, 0x21, 0x10, 0x21, 0xE0, 0xD0
    .byte   0x22, 0x30, 0xED, 0xDF, 0x23, 0x23, 0xEE, 0xED, 0xF2, 0x23, 0x11, 0xDD, 0xFE, 0x32, 0x31, 0xFE
    .byte   0xDE,  -11, 0x02, 0x21, 0x3F, 0xFE, 0xD2, 0xF2, 0x20, 0x2E, 0xED, 0x12, 0x23, 0x0F, 0xDE, 0xF0
    .byte   0x32, 0x1F, 0xFE, 0xFF, 0xE2, 0x02, 0x0E, 0x0E, 0xE2, 0x23, 0x2E, 0xFD, 0xFE, 0x12, 0x12, 0x01
    .byte   0xFE, 0xEE,   -4, 0x02, 0x3E, 0x0D, 0xFF, 0x02, 0x21, 0x1F, 0xF0, 0xE0, 0xF0, 0x20, 0x20, 0xFE
    .byte   0xFF, 0xF0, 0x21, 0x1F, 0xFF, 0xE1, 0x02, 0x2F, 0xFE, 0x0F, 0x01, 0x01, 0x01, 0x10, 0xFF, 0x0E
    .byte   0x11, 0x20, 0x01,    1, 0x0E, 0x00, 0x21, 0x11, 0x0E, 0xFF, 0xF1, 0xF2, 0x01, 0x0F, 0xFF, 0x01
    .byte   0x11, 0x00, 0xEF, 0x10, 0x20, 0x00, 0xFF, 0x0F, 0xFF, 0x01, 0x11, 0x10, 0xF0, 0xE0, 0x1F, 0x12
    .byte   0x01, 0x1E, 0x0F, 0xF1,   -1, 0x01, 0x10, 0xFF, 0xFF, 0x00, 0x20, 0x0F, 0x1E, 0x10, 0x02, 0x10
    .byte   0x0F, 0xFF, 0x00, 0x01, 0x10, 0x1F, 0xFF, 0xF1, 0x11, 0x10, 0xF0, 0xF0, 0xF1, 0x00, 0x0F, 0xF0
    .byte   0x01, 0x01, 0x0F, 0xFF, 0xFF,   -4, 0x0F, 0x10, 0x10, 0xFF, 0xFF, 0xFF, 0x00, 0x1F, 0x0F, 0x0F
    .byte   0xF1, 0x11, 0x11, 0x10, 0x12, 0x11, 0x20, 0x21, 0x11, 0x11, 0x22, 0x12, 0x2F, 0xF0, 0xEF, 0xF0
    .byte   0xEF, 0x0E, 0xFE, 0xFE, 0xF0, 0xEE,   -5, 0x0E, 0xFE, 0xFF, 0x0E, 0x00, 0xE0, 0xFE, 0xFF, 0x00
    .byte   0x01, 0x10, 0xF0, 0xF1, 0x02, 0x12, 0x21, 0x12, 0x12, 0x23, 0x34, 0x33, 0x11, 0xEE, 0xDF, 0xEE
    .byte   0x00, 0xEF, 0xED, 0xED, 0xEE, 0xFF, 0x21,   -8, 0x01, 0x21, 0x12, 0x12, 0x12, 0x11, 0xFE, 0xFE
    .byte   0xFF, 0xF0, 0x00, 0xF0, 0xFE, 0x00, 0x02, 0x02, 0x00, 0xFF, 0xEE, 0xEF, 0xFE, 0xEF, 0xEE, 0xFE
    .byte   0xEF, 0xFF, 0xF1, 0x11, 0x21, 0x21, 0x21, 0x22,  -10, 0x03, 0x43, 0x42, 0x32, 0xEE, 0xED, 0xEE
    .byte   0xFF, 0xF0, 0xEE, 0xDD, 0xED, 0xEF, 0x12, 0x22, 0x22, 0x11, 0xF1, 0x01, 0x12, 0x20, 0x0F, 0xEE
    .byte   0xEF, 0xE2, 0x11, 0x2F, 0x0F, 0xF0, 0x01, 0x02, 0x00,    7, 0x0E, 0xFE, 0xEE, 0xEF, 0xEE, 0xEE
    .byte   0xEE, 0xFE, 0xFF, 0xF0, 0x11, 0x22, 0x22, 0x22, 0x22, 0x23, 0x33, 0x43, 0x32, 0x1E, 0xDE, 0xDE
    .byte   0xFF, 0x11, 0xFE, 0xED, 0xDD, 0xDE, 0x01, 0x32, 0x32, 0x11,    6, 0x0F, 0xF0, 0x12, 0x20, 0x20
    .byte   0xEE, 0xEE, 0xE0, 0x11, 0x22, 0x2F, 0x00, 0xFF, 0xF1, 0x11, 0xF1, 0x0E, 0xEE, 0xFE, 0xEE, 0x0E
    .byte   0xFF, 0xEE, 0xFE, 0xEF, 0xE1, 0x10, 0x20, 0x02, 0x12, 0x02, 0x11,  -19, 0x02, 0x13, 0x33, 0x43
    .byte   0x32, 0x1E, 0xFD, 0xEE, 0xF1, 0x11, 0x1F, 0xDE, 0xDD, 0xCE, 0xF1, 0x22, 0x32, 0x10, 0x0E, 0x0E
    .byte   0x11, 0x22, 0x22, 0x10, 0xEF, 0xEE, 0xF0, 0x11, 0x22, 0x11, 0x00, 0xFF,    9, 0x0F, 0xFF, 0xFF
    .byte   0x0F, 0xEE, 0xFE, 0xEE, 0xE0, 0xE0, 0xF0, 0xE0, 0xEF, 0xFF, 0x01, 0x11, 0x21, 0x21, 0x21, 0x21
    .byte   0x11, 0x12, 0x33, 0x33, 0x33, 0x11, 0xEE, 0xEE, 0xFF, 0x02, 0x01, 0xEE, 0xDD,   -1, 0x0D, 0xEE
    .byte   0xF2, 0x22, 0x22, 0x0F, 0xEF, 0xF0, 0x12, 0x22, 0x3F, 0x1F, 0xE0, 0xEE, 0x1F, 0x02, 0x12, 0x2F
    .byte   0x1F, 0xE0, 0xEE, 0xFF, 0xF1, 0xFF, 0xFE, 0xEE, 0xEE, 0xFE, 0xE1, 0xF1, 0xF0, 0xFF,  -34, 0x0F
    .byte   0x00, 0x10, 0x21, 0x22, 0x21, 0x11, 0x00, 0x21, 0x23, 0x33, 0x33, 0x21, 0xFF, 0xEE, 0xEF, 0xF0
    .byte   0x11, 0xFE, 0xED, 0xDD, 0xED, 0xFF, 0x22, 0x22, 0x21, 0xFF, 0x0E, 0x01, 0x12, 0x22, 0x22,   17
    .byte   0x0E, 0x0E, 0xE0, 0x01, 0x11, 0x21, 0x2F, 0xFE, 0xEF, 0xEF, 0xFF, 0x0F, 0xF0, 0xEE, 0xEE, 0xEE
    .byte   0x0E, 0x01, 0xF1, 0xF1, 0xF0, 0xF0, 0x1F, 0x20, 0x21, 0x21, 0x21, 0x11, 0x11, 0x21, 0x33, 0x33
    .byte     38, 0x01, 0x20, 0xFE, 0xEE, 0xFF, 0xF0, 0x11, 0xEE, 0xED, 0xDE, 0xDF, 0xFF, 0x22, 0x22, 0x11
    .byte   0x0F, 0xE1, 0x01, 0x02, 0x22, 0x02, 0x0F, 0x0E, 0xFF, 0x0F, 0x02, 0x11, 0x10, 0xFF, 0xEF, 0xEF
    .byte   0xE0,   -3, 0x0E, 0x1E, 0xFF, 0xEE, 0xEF, 0xEF, 0xFF, 0xF0, 0x00, 0x11, 0xF0, 0x20, 0x02, 0x12
    .byte   0x12, 0x02, 0x02, 0x02, 0x12, 0x23, 0x32, 0x31, 0x2F, 0xFE, 0xEE, 0xFF, 0xF0, 0x01, 0xEE, 0xED
    .byte   0xED, 0xEE,  -15, 0x0F, 0x22, 0x21, 0x21, 0xFF, 0xFF, 0xF0, 0x20, 0x22, 0x21, 0x11, 0xFF, 0xEF
    .byte   0xFF, 0x00, 0x21, 0x10, 0x0F, 0xEF, 0xEE, 0xFE, 0x0F, 0xF0, 0xEF, 0xFE, 0xEF, 0xEE, 0xFF, 0x0F
    .byte   0x11, 0x10, 0x10,  -30, 0x01, 0x02, 0x22, 0x12, 0x20, 0x11, 0x10, 0x21, 0x23, 0x23, 0x32, 0x10
    .byte   0xFF, 0xEE, 0xEF, 0xF0, 0x11, 0x1E, 0xEE, 0xDE, 0xDE, 0xEF, 0xF2, 0x22, 0x20, 0x10, 0xFF, 0xF0
    .byte   0x1F, 0x22, 0x22, 0x11,   17, 0x00, 0xEF, 0xFF, 0xF0, 0x11, 0x10, 0x1F, 0xFF, 0xEE, 0xFE, 0xFF
    .byte   0xEF, 0xF0, 0xEF, 0xEF, 0xEE, 0xFF, 0xFF, 0x00, 0x11, 0x10, 0x10, 0x20, 0x21, 0x21, 0x20, 0x21
    .byte   0x01, 0x02, 0x12, 0x32, 0x33,   37, 0x02, 0x0E, 0x0E, 0xEF, 0xE0, 0x10, 0x10, 0xEF, 0xDE, 0xDE
    .byte   0xD0, 0xF0, 0x22, 0x21, 0x02, 0xF0, 0xE0, 0x1F, 0x11, 0x22, 0x21, 0x12, 0xFF, 0xFE, 0xFF, 0xF0
    .byte   0x11, 0x10, 0x1F, 0xFE, 0xFE, 0xEF,   -7, 0x0F, 0xEF, 0xF0, 0xE0, 0xEE, 0xFE, 0xFF, 0xF0, 0x11
    .byte   0x11, 0x10, 0x21, 0x02, 0x12, 0x12, 0x20, 0x11, 0x10, 0x22, 0x32, 0x23, 0x22, 0x0F, 0xFE, 0xEF
    .byte   0xEF, 0x11, 0x10, 0xFE, 0xED, 0xEE, 0xDE,  -16, 0x01, 0x12, 0x22, 0x21, 0x0F, 0xFF, 0xFF, 0x01
    .byte   0x22, 0x22, 0x11, 0x0F, 0xFE, 0xFF, 0xE1, 0x10, 0x20, 0x10, 0xE0, 0xEE, 0xEF, 0xE0, 0xE0, 0x0E
    .byte   0xFE, 0xFE, 0xEF, 0xFF, 0x00, 0x01, 0x10, 0x11,  -28, 0x01, 0x22, 0x12, 0x12, 0x11, 0x10, 0x12
    .byte   0x13, 0x23, 0x32, 0x21, 0xF0, 0xEE, 0xE0, 0xFF, 0x10, 0x1F, 0xFE, 0xDE, 0xDE, 0xDF, 0x01, 0x12
    .byte   0x22, 0x02, 0xFF, 0xFF, 0xFF, 0x11, 0x22, 0x22, 0x11,   16, 0x0F, 0xEF, 0xE0, 0x01, 0x02, 0x01
    .byte   0xF0, 0xEF, 0xEE, 0xE0, 0xFE, 0xF0, 0xEF, 0xFE, 0xEF, 0xEF, 0xFE, 0x11, 0x01, 0x20, 0x12, 0x01
    .byte   0x20, 0x21, 0x21, 0x02, 0x00, 0x20, 0x32, 0x33, 0x31, 0x2F,   40, 0x0E, 0xEE, 0xFF, 0x01, 0x11
    .byte   0xFF, 0xED, 0xED, 0xDE, 0xE0, 0x12, 0x22, 0x12, 0x00, 0xFE, 0xF1, 0xF1, 0x21, 0x22, 0x21, 0x0F
    .byte   0xFF, 0xEF, 0xFF, 0x02, 0x02, 0xF0, 0x0E, 0xFE, 0xEE, 0xFE, 0xF0,  -13, 0x0F, 0xFE, 0xFE, 0xEE
    .byte   0xFF, 0xE0, 0x00, 0x12, 0x02, 0x10, 0x20, 0x22, 0x02, 0x12, 0x10, 0x20, 0x23, 0x32, 0x32, 0x22
    .byte   0xEF, 0xEE, 0xEF, 0xF0, 0x20, 0x0F, 0xEE, 0xDD, 0xED, 0xEF, 0x11, 0x22,   -2, 0x02, 0x00, 0xFF
    .byte   0xEF, 0x01, 0x12, 0x22, 0x21, 0x11, 0xE0, 0xEE, 0x01, 0x02, 0x02, 0x10, 0x0E, 0xFE, 0xEE, 0xFE
    .byte   0xFF, 0x0E, 0x0E, 0xEF, 0xEE, 0xFE, 0xFF, 0x11, 0x11, 0x11, 0x10, 0x21, 0x22,  -16, 0x02, 0x12
    .byte   0x02, 0x01, 0x22, 0x32, 0x33, 0x12, 0xFF, 0xFE, 0xEF, 0x0F, 0x10, 0x1F, 0xEE, 0xDE, 0xDE, 0xDF
    .byte   0xF1, 0x12, 0x21, 0x11, 0x0F, 0xE0, 0x02, 0xF2, 0x21, 0x22, 0x1F, 0x0F, 0xE0, 0xFF,    7, 0x01
    .byte   0x21, 0x1F, 0xFF, 0xEE, 0xFE, 0xFE, 0x00, 0xE0, 0xFE, 0xEE, 0xEF, 0xEF, 0xFF, 0x11, 0x01, 0x11
    .byte   0x10, 0x11, 0x22, 0x12, 0x22, 0x11, 0x11, 0x12, 0x23, 0x32, 0x32, 0x0F, 0x0E, 0xEF, 0xFF,   29
    .byte   0x01, 0x10, 0xFE, 0xED, 0xDE, 0xDE, 0xF0, 0x12, 0x12, 0x11, 0xF0, 0xEF, 0x01, 0x12, 0x22, 0x12
    .byte   0x10, 0x0E, 0xFF, 0xF0, 0x02, 0x02, 0x1F, 0x0E, 0xEF, 0xEF, 0xFF, 0xE0, 0x0E, 0x0E, 0xEE, 0xEF
    .byte    -32, 0x0F, 0xF0, 0x1F, 0x10, 0x11, 0x01, 0x01, 0x21, 0x22, 0x22, 0x20, 0x11, 0x02, 0x22, 0x23
    .byte   0x22, 0x22, 0xFF, 0xEF, 0xE0, 0x01, 0x11, 0xFE, 0x1D, 0xED, 0xED, 0xFF, 0x01, 0x02, 0x10, 0x0F
    .byte   0xFF,   -8, 0x00, 0x02, 0x12, 0x12, 0x2F, 0x0F, 0xFF, 0xFF, 0x10, 0x20, 0x10, 0x0F, 0xFE, 0xEF
    .byte   0xE0, 0xF0, 0xF0, 0xFE, 0xFE, 0xEF, 0xEF, 0xF0, 0xF0, 0x10, 0x1F, 0x11, 0x00, 0x12, 0x12, 0x22
    .byte   0x12, 0x02,    1, 0x01, 0x02, 0x12, 0x31, 0x22, 0x11, 0x0F, 0xFF, 0x0F, 0x01, 0x10, 0x0E, 0x0D
    .byte   0x1D, 0xEE, 0xEF, 0xF1, 0x10, 0xF1, 0xFF, 0xFF, 0x0F, 0x20, 0x21, 0x12, 0x01, 0x0F, 0x00, 0x00
    .byte   0x11, 0x01, 0xF0,    5, 0x0F, 0xEF, 0xFF, 0xE0, 0x00, 0xE0, 0xF0, 0xE0, 0xEF, 0xFF, 0x0F, 0x00
    .byte   0xF1, 0x01, 0x00, 0x2F, 0x21, 0xE3, 0xE2, 0x21, 0x20, 0x20, 0xF2, 0x02, 0x22, 0x2F, 0x11, 0x01
    .byte   0x0E, 0x20, 0x11, 0x11,   26, 0x0F, 0xEE, 0x0E, 0xEF, 0xE0, 0xF0, 0x0F, 0xFE, 0x0E, 0x00, 0x01
    .byte   0x10, 0x20, 0x00, 0x1F, 0x10, 0x01, 0x02, 0xE2, 0xFF, 0x00, 0xEF, 0xF0, 0xF0, 0xF0, 0xFF, 0x0E
    .byte   0x1E, 0xE1, 0xF2, 0xE0, 0x10,  -20, 0x0F, 0x0F, 0x00, 0x3D, 0x30, 0xE3, 0xE2, 0xF1, 0xF2, 0x10
    .byte   0x3F, 0x01, 0xF1, 0x21, 0x21, 0x1F, 0x10, 0xF2, 0xFF, 0x2F, 0x00, 0x00, 0xE1, 0xEF, 0x1E, 0x2E
    .byte   0x01, 0xE1, 0x1D, 0x02, 0xE1, 0x2D,   -1, 0x01, 0x01, 0xE0, 0xF1, 0xF1, 0x2E, 0x10, 0xE2, 0x0E
    .byte   0x11, 0xE3, 0xEE, 0x3D, 0x2F, 0xE2, 0xE2, 0xE0, 0x2D, 0x23, 0xC3, 0x1D, 0x3D, 0xE4, 0xC3, 0x2D
    .byte   0x3E, 0x1E, 0x3D, 0x32, 0xD3, 0xE1, 0x11,    2, 0x0E, 0x2E, 0x22, 0xD4, 0xD0, 0x3D, 0x22, 0xEF
    .byte   0x2F, 0xF2, 0xF1, 0x1E, 0x1F, 0x2D, 0x3D, 0x22, 0xE2, 0xD3, 0xC3, 0x1D, 0x4C, 0x21, 0xE2, 0xD3
    .byte   0xD3, 0xFE, 0x2D, 0x2F, 0x2F, 0xD3, 0xEE, 0x4C,   -2, 0x01, 0xC5, 0xB4, 0xEE, 0x4B, 0x5C, 0xF3
    .byte   0xD2, 0x01, 0xE2, 0x0F, 0x11, 0xD3, 0x2C, 0x5C, 0x03, 0xC4, 0xC4, 0xD0, 0x3D, 0x3E, 0x2E, 0x2E
    .byte   0x2F, 0xF2, 0xE3, 0xD3, 0x0D, 0x3D, 0x2F, 0x2E, 0x12,    5, 0x03, 0xD1, 0x00, 0xE1, 0x2E, 0x3E
    .byte   0xFE, 0x10, 0xE3, 0xD2, 0xE3, 0xD3, 0xDE, 0x3D, 0x20, 0x2D, 0x3E, 0xE2, 0xE2, 0xD3, 0xFE, 0x3D
    .byte   0x2E, 0x10, 0x21, 0xD3, 0xD2, 0x1E, 0x3D, 0x22, 0xE3, 0xC4,   -6, 0x0E, 0x4B, 0x5D, 0xF3, 0xC4
    .byte   0xD0, 0x2E, 0x1D, 0x5B, 0x42, 0xB6, 0xB2, 0x3C, 0x4D, 0x20, 0xE3, 0xD3, 0xC4, 0xFD, 0x3E, 0x2D
    .byte   0x3D, 0xE5, 0xB3, 0x3C, 0x3E, 0x1E, 0x03, 0xD2, 0x3C, 0x4D, 0xF1,   -2, 0x02, 0xF0, 0xF2, 0xE2
    .byte   0xEE, 0x3D, 0x11, 0x2F, 0xF1, 0x2E, 0x02, 0xC4, 0xD2, 0x2D, 0x4B, 0x5C, 0x03, 0xD2, 0x0E, 0x3E
    .byte   0x2D, 0x22, 0xD2, 0x1F, 0x03, 0xD1, 0x1E, 0x3D, 0x3D, 0x12, 0xE2, 0xE3,   -9, 0x03, 0xFE, 0x3D
    .byte   0x3D, 0x3F, 0xD3, 0xD2, 0x02, 0xFE, 0x4B, 0x4F, 0xC5, 0xB5, 0xB4, 0x3B, 0x5C, 0x21, 0x01, 0xD4
    .byte   0xC3, 0x0E, 0xF3, 0xFD, 0x3E, 0xE1, 0x2E, 0x12, 0xD2, 0x2E, 0x3C, 0x4D, 0x13,  -11, 0x05, 0xB3
    .byte   0x2E, 0x2E, 0x2E, 0xF3, 0xD1, 0x3D, 0x3C, 0x4D, 0xE5, 0xA5, 0xC2, 0x3C, 0x5C, 0x22, 0xC3, 0x2E
    .byte   0x21, 0xD2, 0xE3, 0xEE, 0x3D, 0x3D, 0x22, 0xD3, 0xD3, 0xEE, 0x2D, 0x4D, 0x03, 0xC4,    2, 0x0D
    .byte   0x3F, 0x0E, 0x3D, 0xF3, 0xD2, 0xE2, 0x0E, 0x4B, 0x4F, 0xC5, 0xC3, 0xD2, 0x0F, 0x22, 0xD3, 0xD0
    .byte   0x4B, 0x5C, 0x22, 0xC5, 0xB4, 0xEE, 0x3C, 0x4C, 0x4D, 0xF4, 0xB5, 0xC3, 0xED, 0x5A, 0x5E,   -5
    .byte   0x04, 0xB5, 0xCE, 0x5A, 0x6B, 0x4E, 0xC6, 0xA4, 0x0C, 0x5C, 0x3E, 0xF2, 0xD3, 0xE2, 0xEF, 0x1F
    .byte   0xF2, 0xD4, 0xD0, 0x2D, 0x3E, 0x2D, 0x3E, 0xE3, 0xD2, 0x2E, 0xF2, 0xD3, 0xE1, 0x1E, 0x3D, 0x3D
    .byte     -6, 0x03, 0xD3, 0xE2, 0xE1, 0x2D, 0x4D, 0xE3, 0xEF, 0xE1, 0xE2, 0x2F, 0x00, 0xE0, 0x0F, 0x2F
    .byte   0x2D, 0x3D, 0x22, 0xE1, 0x12, 0xD3, 0xEF, 0x00, 0xE3, 0xEE, 0x2E, 0x2E, 0x2F, 0xF2, 0xD4, 0xDE
    .byte   0x2D,    7, 0x0C, 0x4E, 0xD3, 0xD3, 0xD2, 0x1E, 0x3E, 0xE2, 0xE2, 0x11, 0x1D, 0x4C, 0x3E, 0xF3
    .byte   0xD2, 0xD4, 0xC3, 0x0D, 0x4D, 0xE3, 0xD2, 0xF0, 0x2E, 0x2D, 0x3E, 0xF3, 0xC4, 0xEE, 0x1F, 0x1E
    .byte   0x2F, 0x02,    1, 0x02, 0xE1, 0xE1, 0x3C, 0x4D, 0xF2, 0xD3, 0xD3, 0xEF, 0x3D, 0x21, 0xE3, 0xEF
    .byte   0xFE, 0x2D, 0x4E, 0xE1, 0xE0, 0x2F, 0x02, 0xEF, 0xF1, 0xE2, 0xF2, 0x1F, 0xFF, 0x2D, 0x2F, 0x02
    .byte   0xE2, 0xE2, 0xE0,   -1, 0x01, 0x10, 0xF0, 0x0E, 0x21, 0xFF, 0x1F, 0x21, 0x0E, 0xFF, 0xE3, 0x00
    .byte   0x0D, 0x2E, 0x21, 0x12, 0xE1, 0xE0, 0x10, 0x21, 0xFF, 0xF1, 0x00, 0x10, 0x1F, 0xE2, 0xE1, 0xF1
    .byte   0x10, 0x0F, 0x00, 0x00,    0, 0x01, 0x1F, 0xFF, 0x0F, 0x01, 0xF0, 0xFE, 0x00, 0x01, 0x0F, 0x0F
    .byte   0x11, 0x11, 0x21, 0x10, 0xF1, 0x10, 0x12, 0x11, 0x01, 0x21, 0x10, 0x1F, 0xEF, 0xEF, 0xEF, 0xF1
    .byte   0xF0, 0xF1, 0x02, 0x01, 0xFF,    1, 0x0E, 0xED, 0xFD, 0xFE, 0xE0, 0xEF, 0xFE, 0xE0, 0x33, 0x55
    .byte   0x44, 0x2E, 0xEE, 0xE2, 0x1D, 0xCC, 0xCE, 0xEF, 0x3F, 0xEE, 0xE2, 0x33, 0x44, 0x20, 0xEF, 0xF0
    .byte   0x11, 0xDD, 0xCD, 0xDE, 0x01, 0x1F,  -29, 0x00, 0x22, 0x34, 0x33, 0x2F, 0x0F, 0xF1, 0x1D, 0xDD
    .byte   0xDD, 0xE0, 0x21, 0x11, 0x12, 0x23, 0x33, 0x21, 0xEF, 0xEE, 0x0E, 0xEE, 0xDE, 0xEF, 0xF2, 0x20
    .byte   0x22, 0x22, 0x22, 0x21, 0x1E, 0xEE, 0xFE,   -2, 0x0F, 0xEE, 0xFF, 0xF1, 0x22, 0x21, 0x12, 0x12
    .byte   0x11, 0x1F, 0xFE, 0xEE, 0x0E, 0x0F, 0x1F, 0x01, 0x11, 0x02, 0x01, 0x00, 0x0F, 0x10, 0x00, 0xE0
    .byte   0x0F, 0x0F, 0x00, 0x00, 0x01, 0x10, 0x11, 0x11,    3, 0x0F, 0x0F, 0xFF, 0x00, 0xFF, 0xF0, 0xF0
    .byte   0x10, 0x11, 0xF0, 0xFF, 0x01, 0x10, 0x0E, 0x0F, 0xF0, 0xF0, 0xE1, 0x12, 0x33, 0x31, 0x1E, 0x0F
    .byte   0xF0, 0xFE, 0xDE, 0xE1, 0x22, 0x20, 0x0E, 0x22, 0x22,   15, 0x00, 0xDE, 0xE1, 0x10, 0xFE, 0xEE
    .byte   0x03, 0x22, 0xFE, 0xEF, 0x22, 0x20, 0xEE, 0xF0, 0x20, 0x10, 0xEE, 0x11, 0x21, 0x00, 0xE0, 0xF2
    .byte   0x21, 0xF0, 0xEF, 0x11, 0x20, 0xFE, 0xFF, 0x10, 0x1F, 0x0E,   -5, 0x01, 0x2F, 0x0F, 0xF0, 0x11
    .byte   0x11, 0xFF, 0xF1, 0x11, 0x01, 0x1F, 0xF0, 0x10, 0x01, 0x0F, 0xE0, 0xF1, 0xFE, 0xFE, 0x0E, 0xF0
    .byte   0xFE, 0xE0, 0x23, 0x36, 0x5D, 0xDB, 0xE0, 0xDE, 0x1C, 0xBE, 0x45,   16, 0x01, 0x22, 0xEE, 0x14
    .byte   0xFC, 0xBD, 0xE0, 0x24, 0x2E, 0xD2, 0x34, 0x1E, 0xFD, 0xCD, 0x22, 0x2E, 0xE1, 0x22, 0x33, 0x2F
    .byte   0xDE, 0x11, 0xEE, 0xEE, 0x01, 0x23, 0x20, 0x0F, 0x11, 0x10, 0xFD, 0xEE,   -8, 0x02, 0x10, 0x10
    .byte   0x02, 0x12, 0x1F, 0xEE, 0xF0, 0xF1, 0x00, 0xE1, 0x12, 0x11, 0x00, 0xFF, 0x00, 0x0F, 0xE0, 0xF1
    .byte   0x10, 0x20, 0x11, 0x10, 0x1F, 0xFF, 0xFF, 0xFF, 0x10, 0x10, 0x20, 0x00, 0x10,    4, 0x00, 0xFE
    .byte   0x1F, 0xF0, 0x11, 0x01, 0x01, 0x10, 0x0F, 0x0F, 0xFF, 0x00, 0x1F, 0x00, 0x1F, 0x11, 0x00, 0x0F
    .byte   0xF1, 0x10, 0xFF, 0xF0, 0x10, 0x10, 0x0F, 0x01, 0x11, 0xF0, 0x0F, 0x10, 0x00, 0xF0,    0, 0x00
    .byte   0x00, 0x00, 0x00, 0x00, 0x00, 0x0F, 0x00, 0x00, 0x0F, 0x10, 0xF1, 0x10, 0x00, 0xF0, 0xF1, 0xF1
    .byte   0xF1, 0x01, 0x0F, 0x10, 0xF0, 0x01, 0x00, 0x10, 0x00, 0x01, 0x0F, 0xF0, 0x01, 0xF0, 0x0F,    0
    .byte   0x00, 0x01, 0x00, 0x00, 0x10, 0x1F, 0xF0, 0xF0, 0x1F, 0x00, 0xF2, 0xFF, 0x10, 0x10, 0xFF, 0xFF
    .byte   0xF0, 0x02, 0xF1, 0x2F, 0xFE, 0xF1, 0x0F, 0xEF, 0x11, 0x11, 0x0F, 0x0E, 0x0F, 0x0F, 0xEF, 0xF0
    .byte    -14, 0x01, 0x11, 0x01, 0x22, 0x11, 0x12, 0x23, 0x3E, 0xED, 0xFF, 0x00, 0x00, 0xEF, 0x33, 0x30
    .byte   0xED, 0xEE, 0x01, 0xFE, 0xEF, 0x22, 0x22, 0xEE, 0xDE, 0xF0, 0xEE, 0xE0, 0x10, 0x10, 0xFE, 0xEE
    .byte   0xF1,  -28, 0x0F, 0xF0, 0x1F, 0xF3, 0x45, 0x64, 0xDB, 0xAD, 0xEE, 0x20, 0xEF, 0x15, 0x64, 0x2C
    .byte   0xBC, 0xE1, 0x2E, 0xDD, 0xE3, 0x43, 0x2D, 0xDD, 0x22, 0x21, 0xDE, 0xDE, 0x13, 0x22, 0xF0, 0x12
    .byte   0x22, 0xFE,   -5, 0x0D, 0xE1, 0x20, 0x00, 0x13, 0x22, 0x2F, 0xDE, 0xEF, 0x10, 0xFE, 0xE0, 0x13
    .byte   0x22, 0xF0, 0x11, 0x22, 0x00, 0xF0, 0x10, 0x01, 0xFF, 0x11, 0x12, 0x21, 0x11, 0x0E, 0xFE, 0xEE
    .byte   0xDE, 0x0E, 0xF2,   -6, 0x0F, 0xFD, 0xFE, 0xEE, 0x11, 0xE0, 0x22, 0x2E, 0xF0, 0xFF, 0x23, 0x33
    .byte   0x45, 0x2D, 0xCD, 0xEF, 0xF2, 0x20, 0xD2, 0x44, 0x3D, 0xDD, 0xEF, 0x11, 0xDD, 0xDF, 0x22, 0x1F
    .byte   0xEE, 0x22, 0x21, 0xED,  -10, 0x00, 0x11, 0x11, 0x0F, 0x22, 0x20, 0xEF, 0xEF, 0xEF, 0xFE, 0xED
    .byte   0x0E, 0xEE, 0xFF, 0xE1, 0x12, 0x0E, 0xEE, 0x02, 0x34, 0x34, 0x56, 0x3B, 0xBD, 0x1E, 0x12, 0x2D
    .byte   0xD3, 0x65, 0xDD, 0xCD, 0xF2,   37, 0x0F, 0xBC, 0xDE, 0x23, 0x3D, 0xDF, 0x34, 0x3E, 0xDC, 0xC0
    .byte   0x21, 0xF1, 0x10, 0x05, 0x50, 0xF1, 0x21, 0xDD, 0xDD, 0xDE, 0x23, 0x1F, 0x0F, 0xED, 0xEE, 0xDC
    .byte   0xDE, 0xFF, 0x12, 0x1D, 0xF2, 0x33,  -39, 0x02, 0x34, 0x45, 0x60, 0xBC, 0xF1, 0x10, 0x1F, 0xDE
    .byte   0x55, 0x3D, 0xDD, 0xE2, 0x2F, 0xCC, 0xCE, 0x10, 0x1F, 0xEE, 0x23, 0x3F, 0xED, 0xEE, 0xFF, 0xEF
    .byte   0xF0, 0x23, 0x33, 0x11, 0x02, 0xFE, 0xED,   -6, 0x0E, 0xFF, 0xF1, 0xEE, 0xFE, 0x1D, 0xDE, 0xED
    .byte   0xE0, 0x1E, 0xE1, 0x02, 0x33, 0x33, 0x34, 0x45, 0x4F, 0xDD, 0xD1, 0x12, 0x2E, 0xF3, 0x33, 0x22
    .byte   0xED, 0xFE, 0x0F, 0xCD, 0xDD, 0xF0, 0x0F, 0xDE,   -4, 0x03, 0x20, 0xEE, 0xD0, 0x10, 0xE0, 0xEF
    .byte   0x13, 0x32, 0x12, 0x22, 0xEE, 0xDD, 0xEE, 0xEF, 0xEF, 0xF0, 0xE0, 0xDD, 0xFF, 0xEE, 0xED, 0xE2
    .byte   0x23, 0x2F, 0xE1, 0x35, 0x53, 0x33, 0x3E, 0x23, 0xFE,   37, 0x01, 0x22, 0x12, 0x22, 0x11, 0x0E
    .byte   0xEE, 0xED, 0xDE, 0xDE, 0xEF, 0x0E, 0xD1, 0x31, 0x13, 0xFD, 0xEF, 0xFF, 0xEE, 0x0F, 0x13, 0x22
    .byte   0x32, 0x1F, 0xEE, 0xED, 0xDD, 0xFD, 0x11, 0x0E, 0xE0, 0xDE,  -50, 0x00, 0xDD, 0x01, 0x11, 0x20
    .byte   0xFF, 0x34, 0x23, 0x23, 0x34, 0x43, 0x0E, 0x21, 0x22, 0x20, 0xE0, 0x23, 0x11, 0xEE, 0xEE, 0x1E
    .byte   0xED, 0xDE, 0xE1, 0xFE, 0xEE, 0x12, 0x12, 0x0E, 0xFF, 0xFE, 0xFE,  -11, 0x01, 0x00, 0x22, 0x12
    .byte   0xF1, 0x1F, 0xED, 0xED, 0x1D, 0x10, 0xEE, 0x0F, 0xEE, 0xEE, 0xE0, 0xFE, 0xFF, 0x22, 0x12, 0x12
    .byte   0x23, 0x32, 0x33, 0x32, 0x43, 0x21, 0x12, 0x23, 0x2F, 0xE1, 0x12, 0x22,   67, 0x0D, 0xEE, 0xFE
    .byte   0xED, 0xEE, 0xDF, 0xFF, 0xDE, 0x01, 0x20, 0x10, 0xDF, 0x12, 0x1E, 0xEF, 0xF0, 0x22, 0x1F, 0xF2
    .byte   0x0E, 0x2E, 0xDD, 0xEE, 0xFF, 0xFE, 0xEE, 0x00, 0xFE, 0xED, 0xEE, 0x12, 0xF0,  -65, 0x02, 0x13
    .byte   0x32, 0x32, 0x23, 0x33, 0x34, 0x31, 0x10, 0x22, 0x32, 0xFE, 0xF0, 0x13, 0x10, 0xDD, 0xEE, 0x11
    .byte   0xDD, 0xDE, 0xE2, 0xFE, 0xEE, 0xFF, 0x22, 0x0E, 0xEF, 0x02, 0x1E, 0xEE, 0xFF, 0x32,    3, 0x01
    .byte   0x10, 0xE0, 0xFE, 0xDE, 0xDE, 0xE1, 0x0E, 0xE0, 0xEE, 0x0F, 0xEE, 0xEE, 0xEF, 0xF1, 0x12, 0x22
    .byte   0x21, 0x32, 0x33, 0x23, 0x33, 0x44, 0x31, 0xF1, 0x23, 0x22, 0xED, 0x11, 0x32, 0x0F, 0xCE,   47
    .byte   0x00, 0xFE, 0xDD, 0xDE, 0xE1, 0x0E, 0xEE, 0xE0, 0x21, 0x10, 0xEF, 0xE0, 0x22, 0x00, 0xEE, 0x12
    .byte   0x32, 0x1E, 0xED, 0x21, 0x1E, 0xDD, 0xEF, 0x02, 0xEE, 0xEE, 0xEF, 0x1E, 0xDE, 0xEF, 0x01, 0x11
    .byte    -63, 0x00, 0x22, 0x21, 0x22, 0x23, 0x33, 0x33, 0x43, 0x32, 0x23, 0x22, 0x22, 0xE1, 0x22, 0x2F
    .byte   0xFE, 0xED, 0xEE, 0xEE, 0xDE, 0xDE, 0xEE, 0xEE, 0xEE, 0xEE, 0xF0, 0xF0, 0xE0, 0xF0, 0x11, 0x0F
    .byte   0x0F,  -13, 0x02, 0x12, 0x0F, 0x00, 0xF0, 0xEF, 0xEE, 0xFE, 0xFE, 0xFE, 0xEE, 0xEE, 0xFE, 0xEE
    .byte   0xEF, 0xF0, 0x10, 0x11, 0x22, 0x22, 0x23, 0x23, 0x33, 0x43, 0x33, 0x23, 0x32, 0x32, 0x00, 0x22
    .byte   0x21, 0x0E,   81, 0x0D, 0xEE, 0xDE, 0xED, 0xDD, 0xEE, 0xEE, 0xEE, 0xDE, 0xFF, 0x00, 0xFF, 0xF0
    .byte   0x12, 0x20, 0x20, 0x02, 0x22, 0x2F, 0x0E, 0x0F, 0x00, 0xFE, 0xEE, 0xE0, 0xEF, 0xDE, 0xDF, 0xEE
    .byte   0xEE, 0xEE, 0xFF,  -70, 0x01, 0x10, 0x11, 0x22, 0x22, 0x13, 0x33, 0x34, 0x42, 0x33, 0x33, 0x32
    .byte   0x22, 0x11, 0x22, 0x1F, 0x0E, 0xDE, 0xED, 0xED, 0xDE, 0xDD, 0xFE, 0xEE, 0xDE, 0xDF, 0x0E, 0x0F
    .byte   0x00, 0x02, 0x02, 0x12,  -13, 0x02, 0x12, 0x22, 0x2F, 0x10, 0x11, 0xFF, 0xEE, 0xEF, 0xFE, 0xFD
    .byte   0xEE, 0xDE, 0xEE, 0xED, 0xEF, 0xFF, 0x10, 0xF0, 0x11, 0x22, 0x20, 0x32, 0x34, 0x24, 0x34, 0x33
    .byte   0x33, 0x32, 0x20, 0x11, 0x21,   91, 0x0F, 0xFE, 0xEE, 0xDD, 0xED, 0xDE, 0xDE, 0xED, 0xFE, 0xED
    .byte   0xEE, 0xE0, 0xEF, 0x0F, 0x12, 0x12, 0x12, 0x12, 0x21, 0x22, 0x11, 0x21, 0x11, 0x0F, 0xEF, 0xEF
    .byte   0xEE, 0x0D, 0xEE, 0xED, 0xEE, 0xDE,  -61, 0x0E, 0xFE, 0xFF, 0x00, 0x12, 0x02, 0x22, 0x22, 0x33
    .byte   0x33, 0x34, 0x33, 0x42, 0x33, 0x22, 0x02, 0xF2, 0x21, 0xFF, 0xEE, 0xEE, 0xDD, 0xDD, 0xDE, 0xED
    .byte   0xFE, 0xED, 0xEE, 0xEE, 0xEE, 0xF1, 0x11,  -27, 0x01, 0x22, 0x02, 0x22, 0x22, 0x21, 0x22, 0x21
    .byte   0x0F, 0x0E, 0xFF, 0xEE, 0xEE, 0xEE, 0xEE, 0xDE, 0xDE, 0xED, 0xEE, 0xFF, 0xE1, 0x10, 0x20, 0x20
    .byte   0x22, 0x22, 0x32, 0x34, 0x33, 0x42, 0x33, 0x33,   69, 0x01, 0x12, 0x12, 0x21, 0xF0, 0xEE, 0xEE
    .byte   0xDD, 0xDD, 0xDE, 0xED, 0xEE, 0xEE, 0xFE, 0xEE, 0xEE, 0xFF, 0x01, 0x21, 0x22, 0x12, 0x22, 0x22
    .byte   0x21, 0x22, 0x20, 0x10, 0xF0, 0xE0, 0xEE, 0xEE, 0xEF,  -12, 0x0E, 0xDE, 0xDE, 0xED, 0xEE, 0xFE
    .byte   0x00, 0x00, 0x11, 0x01, 0x21, 0x22, 0x33, 0x33, 0x33, 0x43, 0x32, 0x33, 0x22, 0x12, 0x22, 0x20
    .byte   0x00, 0xEE, 0xEE, 0xDD, 0xDD, 0xED, 0xED, 0xEE, 0xEE, 0xEE,  -23, 0x0E, 0xE0, 0xFF, 0x11, 0x11
    .byte   0x22, 0x12, 0x22, 0x22, 0x22, 0x12, 0x20, 0x10, 0x1F, 0xF0, 0xFE, 0xFE, 0x0E, 0xEE, 0xED, 0xED
    .byte   0xEE, 0xDE, 0xEF, 0xFE, 0x00, 0xFF, 0x11, 0x11, 0x12, 0x23, 0x23,  -18, 0x03, 0x33, 0x33, 0x23
    .byte   0x23, 0x12, 0x22, 0x22, 0x2F, 0x00, 0xEE, 0xED, 0xDE, 0xDD, 0xED, 0xEE, 0xEE, 0xFE, 0xFE, 0xEE
    .byte   0x0E, 0xF0, 0x10, 0x12, 0x02, 0x21, 0x22, 0x02, 0x11, 0x21, 0x02, 0x10,   14, 0x0F, 0x0F, 0xFF
    .byte   0xEE, 0xEE, 0xEE, 0xEE, 0xFE, 0xEF, 0xFE, 0xFF, 0xFF, 0xF0, 0xF1, 0x11, 0x10, 0x21, 0x20, 0x22
    .byte   0x22, 0x21, 0x32, 0x22, 0x22, 0x22, 0x22, 0x02, 0x12, 0x11, 0x11, 0xFF, 0xFE,   38, 0x0E, 0xEE
    .byte   0xEE, 0xFE, 0xFE, 0xFE, 0xFE, 0xEF, 0xE0, 0xEF, 0x0F, 0x00, 0x01, 0x01, 0x10, 0x11, 0x02, 0x01
    .byte   0x20, 0x10, 0x20, 0x11, 0x01, 0x0F, 0x1F, 0x0F, 0xF0, 0xE0, 0xF0, 0xE0, 0xFE, 0x0F,  -14, 0x00
    .byte   0xFF, 0xFF, 0x00, 0x0F, 0x10, 0x10, 0x21, 0x12, 0x12, 0x11, 0x21, 0x11, 0x11, 0x01, 0x10, 0xF0
    .byte   0x00, 0xFF, 0xFF, 0x0E, 0x0F, 0xFF, 0xFF, 0x1F, 0xF0, 0xF0, 0x10, 0xF0, 0x00, 0x10, 0x11,   -2
    .byte   0x00, 0x20, 0x01, 0x10, 0x10, 0x10, 0x00, 0xF1, 0x00, 0x0F, 0x0F, 0x1F, 0x0F, 0x0F, 0x00, 0x00
    .byte   0xF0, 0x0F, 0x0F, 0x10, 0xF0, 0x1F, 0x00, 0x01, 0x10, 0x10, 0x00, 0x01, 0x01, 0x1E, 0x21, 0xF1
    .byte      4, 0x0F, 0x0F, 0x02, 0xE1, 0x0F, 0x02, 0xF0, 0xEF, 0x1F, 0x01, 0xFE, 0x00, 0xF0, 0x0F, 0x0E
    .byte   0x2F, 0x12, 0xEC, 0x42, 0xE7, 0xBA, 0x72, 0xD4, 0xAA, 0x4C, 0xD6, 0x2C, 0x31, 0x44, 0xDB, 0xB4
    .byte   0x24,   23, 0x0D, 0xD2, 0x03, 0x5C, 0xA1, 0xDE, 0x6D, 0xA3, 0xF0, 0x5F, 0xCF, 0xF3, 0x31, 0x4C
    .byte   0xD3, 0xF4, 0x3C, 0xB3, 0xE4, 0x1D, 0xFD, 0xD3, 0x32, 0x1C, 0xE3, 0x41, 0xFE, 0xD1, 0x3E, 0x2F
    .byte   0xDE, 0x3E,   -2, 0x00, 0xEE, 0x3E, 0x03, 0xEE, 0xF1, 0x32, 0xED, 0x3E, 0x23, 0xC2, 0x0D, 0x31
    .byte   0x1E, 0xE2, 0x20, 0x2D, 0x12, 0x20, 0xFF, 0xE0, 0x20, 0x20, 0xDE, 0x22, 0x12, 0xDD, 0x3D, 0x23
    .byte   0x0D, 0xEF, 0x33,   12, 0x0D, 0xE0, 0x23, 0x1D, 0xDE, 0x23, 0x1E, 0xED, 0x32, 0x21, 0xDE, 0x13
    .byte   0x21, 0xDD, 0x22, 0x31, 0xED, 0xE2, 0x31, 0xED, 0xE1, 0x32, 0xEE, 0xEF, 0x42, 0x1C, 0xF0, 0x33
    .byte   0xDD, 0xEE, 0x33, 0x2E,   -5, 0x0D, 0x14, 0x2E, 0xDE, 0x22, 0x4F, 0xDD, 0xE2, 0x32, 0xFD, 0xD1
    .byte   0x33, 0xEE, 0xD2, 0x13, 0x1E, 0xED, 0x33, 0x0F, 0xDE, 0x3F, 0x2F, 0xEE, 0x02, 0x1E, 0xE3, 0xFE
    .byte   0xE2, 0x30, 0x0E, 0xF1, 0xE2,    7, 0x0D, 0xE2, 0x03, 0x0D, 0xE3, 0x21, 0xEE, 0xE2, 0x2F, 0xFE
    .byte   0x10, 0xF2, 0x2F, 0xD0, 0x32, 0xED, 0xE3, 0x3D, 0xE0, 0x12, 0xFE, 0x11, 0xF2, 0x1F, 0xEF, 0xF2
    .byte   0x2E, 0xF0, 0x12, 0x2D, 0xE1, 0x23,    4, 0x0D, 0xE2, 0x21, 0x1E, 0xE1, 0x22, 0x0E, 0x01, 0x21
    .byte   0xFE, 0xFF, 0x2F, 0xF0, 0x11, 0x01, 0x01, 0x1F, 0xFE, 0xD1, 0x22, 0xF1, 0x12, 0x2F, 0x0F, 0xF0
    .byte   0xEF, 0xFF, 0xE1, 0x22, 0x10, 0xE2, 0x1F,    0, 0x0E, 0x2F, 0xFF, 0x21, 0x10, 0x01, 0x2F, 0xEE
    .byte   0xE1, 0x11, 0x0E, 0xE2, 0x32, 0x0D, 0xF2, 0x20, 0xED, 0x11, 0x31, 0x0D, 0xF2, 0x31, 0xED, 0xE1
    .byte   0x31, 0x0D, 0x02, 0x32, 0xEE, 0xF1, 0x2E, 0xEE,   -5, 0x01, 0x21, 0x0E, 0x02, 0x2F, 0xEE, 0x03
    .byte   0xFE, 0xEF, 0x32, 0xEE, 0xE1, 0x21, 0xEE, 0x20, 0x12, 0xFE, 0x02, 0x2F, 0xEE, 0x01, 0x20, 0xFF
    .byte   0x02, 0x0F, 0xFE, 0x2F, 0xEE, 0x22, 0x1E, 0xF2, 0x1F,   -5, 0x00, 0x20, 0xF2, 0xF2, 0x0F, 0x10
    .byte   0xEE, 0x10, 0xF1, 0xE2, 0x11, 0x11, 0x02, 0xFF, 0xEE, 0xE2, 0x20, 0xF0, 0x21, 0x0F, 0x01, 0xEE
    .byte   0x02, 0xEF, 0xF1, 0x31, 0xD2, 0x21, 0xFE, 0xF0, 0x0F, 0x12,    1, 0x0E, 0x12, 0x10, 0xEF, 0x21
    .byte   0xFE, 0xF0, 0x2E, 0x21, 0xEF, 0x22, 0x10, 0xDF, 0x3E, 0x01, 0xD1, 0x2F, 0x22, 0xEE, 0x12, 0x10
    .byte   0xDE, 0x32, 0xE0, 0xF2, 0x2F, 0xE1, 0xFF, 0x11, 0xEE, 0xF2, 0x31,   -2, 0x0E, 0x23, 0x2D, 0xD2
    .byte   0x21, 0x0E, 0xE2, 0x10, 0x3E, 0xD2, 0x21, 0xED, 0x03, 0x2E, 0x02, 0x00, 0xE1, 0x2E, 0xD2, 0x20
    .byte   0xE1, 0x22, 0xEE, 0x22, 0xEE, 0x12, 0x1D, 0x03, 0x1F, 0xE0, 0x20, 0xEE,    1, 0x01, 0xEE, 0x03
    .byte   0x1E, 0xF0, 0x10, 0xFF, 0x12, 0xF0, 0x02, 0xEE, 0x11, 0x0E, 0xE1, 0x22, 0xFF, 0x12, 0x2E, 0xE0
    .byte   0x11, 0xFE, 0xF1, 0x12, 0x21, 0xDF, 0x22, 0x1D, 0xD2, 0x22, 0xFF, 0x12, 0x11,    6, 0x0E, 0xFE
    .byte   0x12, 0x0D, 0x03, 0x11, 0xFE, 0x12, 0xFE, 0xEE, 0x23, 0xE0, 0xE1, 0x22, 0xE1, 0x0F, 0x10, 0xEE
    .byte   0x02, 0x20, 0xD1, 0x22, 0x2E, 0xE0, 0x20, 0x1E, 0xF2, 0x02, 0x0E, 0x11, 0x0E, 0xFF,   -4, 0x0F
    .byte   0x00, 0x2E, 0x22, 0x1F, 0x0E, 0x02, 0xFE, 0xF1, 0x12, 0x01, 0xEE, 0x22, 0xFE, 0xD1, 0x31, 0xEE
    .byte   0x12, 0x2F, 0xE1, 0x10, 0x22, 0xEF, 0xE3, 0x0E, 0xE0, 0x31, 0xDE, 0x23, 0xFE, 0xFF, 0x12,    5
    .byte   0x00, 0xEF, 0x22, 0xFD, 0x02, 0x21, 0xD0, 0x22, 0xEE, 0xE2, 0x1E, 0x11, 0x0F, 0xF2, 0x1E, 0xE2
    .byte   0x2E, 0xEE, 0x21, 0xEE, 0x22, 0x0F, 0x01, 0x0E, 0x01, 0x0F, 0xFF, 0x22, 0xE1, 0x21, 0x1F, 0x11
    .byte     -1, 0x0F, 0x12, 0x1E, 0x12, 0x21, 0xE1, 0x32, 0xEF, 0x12, 0x2E, 0x12, 0xFF, 0xF2, 0x1E, 0xEF
    .byte   0x20, 0xEE, 0xFF, 0xFE, 0xE0, 0xEE, 0x0F, 0xE0, 0xE1, 0x0E, 0xFF, 0xFE, 0x0E, 0x1F, 0x01, 0x0F
    .byte   0xF2,  -26, 0x00, 0xE1, 0x22, 0xFF, 0x02, 0x2F, 0x2F, 0xF2, 0x21, 0x1F, 0x13, 0x22, 0x21, 0x13
    .byte   0x21, 0xF0, 0x22, 0x1E, 0xFF, 0x11, 0xEE, 0xEF, 0xFE, 0xEE, 0xEF, 0x1F, 0x1E, 0x11, 0x21, 0x00
    .byte   0xF2, 0xFF,    8, 0x0F, 0xEF, 0xEF, 0xEE, 0x0E, 0xFE, 0xE0, 0x0E, 0xFF, 0x00, 0x1F, 0xFF, 0x01
    .byte   0xF0, 0xE0, 0x10, 0x00, 0x00, 0x20, 0x11, 0x22, 0x22, 0x33, 0x32, 0x23, 0x32, 0x11, 0x12, 0xFF
    .byte   0xFF, 0xEE, 0x0E,   29, 0x0E, 0xDF, 0xEE, 0xDE, 0x10, 0xFE, 0x21, 0x21, 0x20, 0x21, 0x12, 0x10
    .byte   0xF0, 0x10, 0xFD, 0x11, 0xEE, 0xE1, 0x0E, 0xFF, 0xFF, 0xF1, 0xFF, 0xE0, 0x1F, 0xEE, 0xFE, 0x0E
    .byte   0xE0, 0xE1, 0xFF, 0x0F,  -40, 0x00, 0x2F, 0x22, 0x32, 0x14, 0x33, 0x13, 0x33, 0x11, 0x20, 0x2E
    .byte   0xF0, 0xEE, 0xEF, 0xED, 0xDE, 0xEE, 0xED, 0xFE, 0x1F, 0x11, 0x02, 0x20, 0x21, 0x02, 0x21, 0x1F
    .byte   0x21, 0x0F, 0xFE, 0x1F, 0xEF,    3, 0x0E, 0x2E, 0x0E, 0xF0, 0xF0, 0xEE, 0xFE, 0xFF, 0xEE, 0x0E
    .byte   0x0E, 0xE1, 0xFE, 0x1F, 0x2F, 0x00, 0x21, 0x22, 0x13, 0x23, 0x42, 0x22, 0x34, 0x2F, 0x02, 0x12
    .byte   0xFF, 0xEE, 0xFF, 0xED, 0xDD, 0xFE,    3, 0x0D, 0xD1, 0x00, 0xFE, 0x1F, 0x32, 0xF1, 0x02, 0x32
    .byte   0xE0, 0x22, 0x20, 0xFF, 0xF2, 0x0F, 0xED, 0x2F, 0xFF, 0xD0, 0xE2, 0xEF, 0xDE, 0x00, 0xFD, 0xEE
    .byte   0x2F, 0xFE, 0xE1, 0x11, 0x00, 0xE1, 0x22,  -34, 0x01, 0xF2, 0x22, 0x31, 0x32, 0x32, 0x32, 0x32
    .byte   0x22, 0x20, 0xF2, 0x00, 0xEE, 0x1D, 0xED, 0xEE, 0xEE, 0xDE, 0xEF, 0xEF, 0x1E, 0xFF, 0x21, 0x11
    .byte   0x12, 0x22, 0x02, 0x12, 0x10, 0x20, 0x01, 0xFF,   16, 0x0E, 0xFE, 0xFF, 0xEF, 0xFE, 0xEF, 0xEF
    .byte   0xEE, 0xE0, 0xFE, 0xFE, 0x01, 0xE1, 0xF0, 0x00, 0x01, 0x10, 0x22, 0xF2, 0x02, 0x22, 0x23, 0x22
    .byte   0x22, 0x23, 0x22, 0x21, 0x22, 0x11, 0x1E, 0x1F, 0x0E,   38, 0x0E, 0xEE, 0xDF, 0xED, 0xE0, 0xE0
    .byte   0xEE, 0xFF, 0xF1, 0xF1, 0x01, 0x22, 0x12, 0x11, 0x22, 0x20, 0x10, 0x2F, 0x1F, 0x00, 0xE0, 0xFF
    .byte   0xEE, 0xEF, 0xEE, 0xEF, 0xEF, 0xEE, 0x0E, 0x0E, 0x10, 0x0F,  -37, 0x01, 0x02, 0x01, 0x00, 0x21
    .byte   0x21, 0xF3, 0xE2, 0x22, 0x30, 0x22, 0x22, 0x22, 0x20, 0x20, 0x22, 0xF0, 0xF1, 0x10, 0xEE, 0xEF
    .byte   0xEE, 0xFE, 0xEE, 0xE0, 0xEE, 0xEE, 0x0F, 0xF0, 0xFF, 0x00, 0x21,   -7, 0x01, 0x11, 0x22, 0x11
    .byte   0x10, 0x20, 0x11, 0xF1, 0xFF, 0xF0, 0xE0, 0xEE, 0x0E, 0xFE, 0xEE, 0xFF, 0xEF, 0xE1, 0xF0, 0xFF
    .byte   0x1E, 0x2F, 0x2F, 0x03, 0xD3, 0xE3, 0xFF, 0x3D, 0x4D, 0x32, 0xF3, 0xE1,   14, 0x01, 0x21, 0x11
    .byte   0x12, 0x12, 0xF1, 0x0F, 0x2F, 0xF0, 0xE0, 0xE0, 0xFE, 0xEE, 0xFF, 0xFE, 0x0E, 0xE1, 0x0E, 0x2D
    .byte   0x21, 0xE3, 0xE0, 0xF2, 0xE3, 0x1D, 0x3E, 0x2E, 0x20, 0xE3, 0xD2, 0xE1, 0x1E,   -1, 0x0D, 0x3E
    .byte   0xD3, 0xDF, 0x2D, 0x20, 0xE1, 0xE0, 0x3C, 0x30, 0xD4, 0xC4, 0xC5, 0xC1, 0x3C, 0x4D, 0x3F, 0x3D
    .byte   0x23, 0xD3, 0xE1, 0x3F, 0xF3, 0xD3, 0xF0, 0x3D, 0x3E, 0x2F, 0x2E, 0x02, 0xF0, 0xFF,   20, 0x02
    .byte   0xD3, 0xD0, 0x1E, 0x10, 0xEF, 0x1E, 0x2E, 0x2E, 0xF1, 0xD3, 0xEF, 0x2E, 0xF3, 0xC4, 0xD0, 0x2D
    .byte   0x3D, 0x21, 0xD4, 0xC3, 0xFD, 0x3D, 0x3D, 0x2E, 0x2E, 0xE3, 0xD0, 0x2D, 0x3E, 0xE2, 0xE2,  -18
    .byte   0x01, 0xE3, 0xFD, 0x4D, 0xF3, 0xD2, 0x2E, 0xE4, 0xD2, 0x2D, 0x4D, 0x3E, 0x12, 0xD4, 0xD3, 0xEE
    .byte   0x3D, 0x3E, 0x11, 0xE3, 0xE0, 0x2E, 0x00, 0x1F, 0xF2, 0xE0, 0x0F, 0x11, 0xE1, 0xE3, 0xD1, 0x1E
    .byte      9, 0x0E, 0x1F, 0xF1, 0xE2, 0xD3, 0x1C, 0x4C, 0x3E, 0x2E, 0xF2, 0xD3, 0xD3, 0xD2, 0xF0, 0x0F
    .byte   0xFE, 0x3D, 0x3E, 0xE3, 0xD2, 0xF0, 0x1E, 0x10, 0x2E, 0x21, 0xD3, 0x0E, 0x3E, 0xF2, 0xD3, 0x2D
    .byte   0x3E,   -6, 0x02, 0x11, 0xF2, 0xD3, 0x1E, 0x3D, 0x20, 0xF2, 0xF0, 0xF0, 0x02, 0x0E, 0x2E, 0x12
    .byte   0xF2, 0xD2, 0xF2, 0xFF, 0x2D, 0x3D, 0x22, 0xD3, 0xD2, 0xFF, 0x0F, 0x1E, 0x20, 0xE1, 0xF0, 0xF0
    .byte   0x0F, 0x0E,   -1, 0x00, 0x1E, 0x2E, 0x12, 0xD3, 0xD2, 0x1E, 0x20, 0x0F, 0x0F, 0xF2, 0xFE, 0x12
    .byte   0xD3, 0xFD, 0x4C, 0x22, 0xE2, 0xFF, 0xF2, 0xE2, 0xE2, 0xFF, 0x1E, 0x2F, 0xF1, 0x2D, 0x4D, 0xE3
    .byte   0xD0, 0x3D, 0x22,   -9, 0x04, 0xD1, 0x10, 0x0F, 0x2E, 0x2E, 0x12, 0xD4, 0xDF, 0x3C, 0x4D, 0xF3
    .byte   0xD2, 0x0F, 0x12, 0xD3, 0xEF, 0x2D, 0x3D, 0x3E, 0x11, 0xE2, 0xFF, 0x2E, 0xF2, 0xE1, 0x1E, 0x21
    .byte   0xD3, 0xE2, 0xEF, 0x2D,    8, 0x0D, 0x2F, 0xD4, 0xC4, 0xDE, 0x3D, 0x21, 0xD4, 0xC1, 0x4B, 0x6B
    .byte   0x03, 0xC4, 0xDF, 0x3D, 0x21, 0xE3, 0xEE, 0x1E, 0x3D, 0x3D, 0x22, 0xC5, 0xC3, 0xED, 0x3E, 0x22
    .byte   0xD3, 0xEE, 0x3D, 0x31, 0xC4,   -6, 0x02, 0x3D, 0x3D, 0x0E, 0x4C, 0x30, 0xC5, 0xC3, 0x1D, 0x3D
    .byte   0x20, 0x3C, 0x31, 0xC5, 0xC4, 0xEC, 0x3E, 0x22, 0x0D, 0x2F, 0xF2, 0x2D, 0x3D, 0x13, 0xD3, 0xDF
    .byte   0xF3, 0xD3, 0xFD, 0x3D, 0x3E, 0x02,   -8, 0x03, 0x1D, 0x4D, 0x01, 0xD4, 0xD2, 0x1C, 0x4D, 0x22
    .byte   0xFE, 0xF2, 0xD4, 0xD1, 0xEF, 0x3C, 0x5C, 0x13, 0xB5, 0xD1, 0x3C, 0x3E, 0x11, 0xF2, 0xD3, 0xEF
    .byte   0x3D, 0x3D, 0x2E, 0x04, 0xB4, 0xEE, 0x3D,    2, 0x0F, 0xFF, 0xE3, 0xE2, 0xFE, 0x02, 0xE2, 0x1D
    .byte   0x20, 0xE3, 0x1D, 0x22, 0xD4, 0xDE, 0x2D, 0x3D, 0x40, 0xC4, 0xC3, 0x3C, 0x3E, 0xE2, 0xF3, 0xD2
    .byte   0xFD, 0x4D, 0x2F, 0xE1, 0xE3, 0xEF, 0x1D, 0x30,    1, 0x01, 0x1D, 0x3D, 0x3F, 0xE3, 0xC4, 0xC4
    .byte   0xFC, 0x4C, 0x4F, 0xE3, 0xB4, 0xEE, 0x4C, 0x2F, 0xE3, 0x12, 0xD1, 0x0D, 0x4E, 0x0F, 0xE1, 0x13
    .byte   0xE0, 0xEF, 0x2E, 0x21, 0xD1, 0x01, 0x4C, 0x2E, 0xD5,   -5, 0x04, 0xEB, 0x5B, 0x53, 0xB5, 0xA5
    .byte   0xFE, 0x4B, 0x3D, 0x14, 0xD2, 0xED, 0x31, 0x3E, 0x0D, 0xE2, 0x31, 0x0D, 0x01, 0x21, 0x2E, 0xD2
    .byte   0xD4, 0xFE, 0x2D, 0x20, 0x21, 0x0D, 0x02, 0xE4, 0xD1, 0x2C,   -1, 0x01, 0x21, 0xDF, 0xD3, 0x30
    .byte   0x3C, 0xE0, 0x32, 0x1E, 0xDC, 0x5E, 0x24, 0xB1, 0xD4, 0x12, 0x2B, 0x2F, 0x34, 0x0C, 0xDF, 0x33
    .byte   0x3C, 0x1D, 0xF4, 0x22, 0xC1, 0xC4, 0x4B, 0x5B, 0x22, 0x12, 0x1E,  -11, 0x02, 0x23, 0xE1, 0xE0
    .byte   0x3D, 0x22, 0xC3, 0xD3, 0x1D, 0x4B, 0x5D, 0x04, 0xB4, 0xD2, 0xFD, 0x4C, 0x33, 0xC4, 0xC3, 0xF1
    .byte   0x2D, 0xF0, 0x2E, 0x3D, 0x13, 0xD2, 0x2E, 0xFF, 0xE3, 0xFD, 0x4C, 0x23,   -2, 0x02, 0xF2, 0xC4
    .byte   0xD1, 0x3C, 0x33, 0xB5, 0xDD, 0x4E, 0xD3, 0xFE, 0x4B, 0x4E, 0xE3, 0xD3, 0xD0, 0x0E, 0x4D, 0x12
    .byte   0xC4, 0xC4, 0xFD, 0x3C, 0x41, 0xE3, 0xC2, 0x3D, 0x3D, 0x22, 0xC4, 0xFD, 0x4C,   -7, 0x03, 0xFF
    .byte   0x2D, 0x2F, 0xE3, 0x2C, 0x32, 0xC5, 0xCF, 0x3D, 0x20, 0xE2, 0x3C, 0x3F, 0xF2, 0x0E, 0x1E, 0x12
    .byte   0xE1, 0xF2, 0xD2, 0x3C, 0x40, 0xC4, 0xD1, 0x3C, 0x14, 0xC3, 0x2D, 0x3E, 0xE3, 0xC4,    1, 0x0D
    .byte   0x3E, 0xE3, 0xEF, 0x3D, 0xF3, 0xD2, 0x3C, 0x32, 0xC4, 0x0C, 0x4D, 0x21, 0xE2, 0xE2, 0x0E, 0x2E
    .byte   0x02, 0xE2, 0x0F, 0x10, 0x1E, 0x21, 0xE2, 0xFE, 0x2E, 0xE3, 0xEE, 0x2E, 0x21, 0xFE, 0x20,   -2
    .byte   0x02, 0xE0, 0x10, 0x1F, 0x02, 0xE2, 0xFF, 0x00, 0x0F, 0x01, 0x0F, 0x10, 0xF1, 0xF0, 0x10, 0xF0
    .byte   0xF0, 0x2E, 0x00, 0xF1, 0x1F, 0x10, 0x0F, 0x10, 0xF1, 0xF0, 0x10, 0x01, 0xFF, 0x10, 0x01, 0xF0
    .byte      0, 0x0F, 0x10, 0xF1, 0x01, 0xF1, 0xF0, 0x01, 0xF0, 0x00, 0xF1, 0x00, 0x01, 0xF0, 0x1F, 0x1F
    .byte   0x0F, 0x1F, 0x10, 0x01, 0xF0, 0x1F, 0x01, 0xF0, 0xF1, 0x00, 0x01, 0xF0, 0x0F, 0x10, 0x00, 0x10
    .byte   0xF0,    1, 0x0F, 0x10, 0x0F, 0x00, 0x0F, 0x10, 0x0F, 0x01, 0x00, 0x1F, 0x00, 0x01, 0xFF, 0x10
    .byte   0x00, 0xF1, 0x0F, 0x01, 0xF1, 0x00, 0x00, 0x00, 0x01, 0x0F, 0x00, 0xF1, 0x10, 0xF0, 0x0F, 0x01
    .byte   0x00, 0x00,    1, 0x0F, 0x0F, 0x10, 0x00, 0x00, 0x1F, 0xF1, 0x00, 0x00, 0x00, 0x00, 0xF0, 0x10
    .byte   0x00, 0x01, 0xF0, 0x00, 0x00, 0x00, 0x1F, 0x00, 0x00, 0x00, 0xF1, 0x1F, 0x1F, 0x00, 0x0F, 0x10
    .byte   0x00, 0x00, 0x00,    0, 0x00, 0x1F, 0x01, 0x00, 0xF0, 0x00, 0x00, 0x1F, 0x01, 0xFF, 0x10, 0x0F
    .byte   0x10, 0x1F, 0xF1, 0x0F, 0x10, 0x0F, 0x10, 0x00, 0x00, 0x00, 0x00, 0x1F, 0x1F, 0x00, 0x10, 0x0F
    .byte   0x00, 0x1F, 0xF1, 0x01,   -1, 0x01, 0x00, 0x00, 0xF1, 0x00, 0x1F, 0x00, 0xF1, 0x00, 0x01, 0xF0
    .byte   0x01, 0xF0, 0x00, 0x1F, 0x00, 0x1F, 0x00, 0x00, 0x01, 0xF1, 0x00, 0xF0, 0x0F, 0x00, 0x00, 0x10
    .byte   0x00, 0x01, 0xF0, 0x00, 0xF1,    0, 0x01, 0xF0, 0x00, 0x0F, 0x10, 0xF1, 0x10, 0x0F, 0x01, 0xF0
    .byte   0xF1, 0x00, 0x00, 0xF1, 0x00, 0x1F, 0x00, 0x0F, 0x10, 0x01, 0xF0, 0x00, 0x00, 0x00, 0x00, 0x1F
    .byte   0x00, 0x00, 0xF1, 0x00, 0x00, 0x00,    1, 0x0F, 0x10, 0xF1, 0xF0, 0x1F, 0x00, 0x0F, 0x10, 0x1F
    .byte   0x0F, 0x10, 0x1F, 0x01, 0xF0, 0x00, 0xF1, 0x00, 0x00, 0x0F, 0x10, 0x00, 0x0F, 0x01, 0x00, 0x1F
    .byte   0x00, 0x00, 0x00, 0x00, 0x0F, 0x1F, 0x10,    0, 0x00, 0x00, 0x00, 0x00, 0x0F, 0x01, 0x00, 0x1F
    .byte   0xF1, 0x10, 0xF0, 0x00, 0x1F, 0x00, 0x0F, 0x10, 0x0F, 0x10, 0x00, 0x00, 0xF1, 0x00, 0x00, 0x00
    .byte   0x00, 0x01, 0xF0, 0x00, 0x00, 0x00, 0x0F, 0x10,    1, 0x0F, 0x00, 0x00, 0xF1, 0x00, 0x00, 0x00
    .byte   0x00, 0x0F, 0x1F, 0x10, 0x0F, 0x11, 0xF0, 0x0F, 0x10, 0x00, 0x00, 0x1F, 0x0F, 0x11, 0xF0, 0x00
    .byte   0x00, 0x00, 0x01, 0x0F, 0x0F, 0x10, 0x1F, 0x0F, 0x10,    0, 0x00, 0x00, 0x00, 0x00, 0x00, 0x00
    .byte   0x0F, 0x11, 0xF1, 0xF0, 0x1F, 0xF1, 0x00, 0x00, 0x00, 0x00, 0x00, 0x1F, 0x00, 0x00, 0x01, 0xF0
    .byte   0x10, 0xF1, 0xFF, 0x10, 0xF0, 0x10, 0x00, 0x1F, 0x00, 0x1F,    0, 0x00, 0x00, 0x01, 0xF0, 0x1F
    .byte   0x0F, 0x10, 0x00, 0x00, 0xF1, 0x0F, 0x10, 0x00, 0x00, 0x00, 0x00, 0x00, 0xF1, 0x0F, 0x01, 0x10
    .byte   0xF0, 0x00, 0x00, 0x00, 0xF1, 0x00, 0x00, 0x00, 0x00, 0x01, 0xF0,    0, 0x00, 0x00, 0x01, 0xF0
    .byte   0x01, 0xFF, 0x10, 0xF1, 0x0F, 0x10, 0xF0, 0x10, 0x00, 0x00, 0x00, 0x0F, 0x10, 0x1F, 0x01, 0xFF
    .byte   0x01, 0xF0, 0x10, 0xF1, 0x0F, 0x11, 0xF1, 0xE1, 0x1F, 0x20, 0xE0, 0x11,    3, 0x0F, 0xFE, 0x2E
    .byte   0xF0, 0x6F, 0xC6, 0xD8, 0xB7, 0x79, 0x95, 0x6E, 0xD5, 0x59, 0x9E, 0x76, 0xE9, 0x96, 0x73, 0xA6
    .byte   0x28, 0xC7, 0x5D, 0xCF, 0xDD, 0x04, 0x3E, 0xFC, 0xC5, 0x3F, 0x4E, 0xBD, 0x42,    3, 0x04, 0xFB
    .byte   0xD3, 0x32, 0x30, 0xDD, 0x01, 0x43, 0xCE, 0x2D, 0xE4, 0x4E, 0xBD, 0x33, 0xE2, 0x1F, 0xDE, 0x12
    .byte   0x3D, 0x12, 0xDE, 0x32, 0x0E, 0xE2, 0x1E, 0xE1, 0x21, 0x1E, 0xEF, 0xF0, 0x21, 0xFE,  -15, 0x01
    .byte   0x12, 0x31, 0xFD, 0xF3, 0x12, 0x22, 0x1E, 0xE2, 0x31, 0x11, 0xE2, 0x22, 0xEF, 0x01, 0x2E, 0xFF
    .byte   0xFD, 0xF0, 0x20, 0xDD, 0xE0, 0x11, 0xEC, 0xE2, 0xEF, 0x22, 0xFC, 0xD0, 0x33, 0xFF, 0xED,  -49
    .byte   0x01, 0x32, 0x23, 0xE0, 0x24, 0x42, 0x23, 0x21, 0x23, 0x32, 0x1E, 0xEE, 0x11, 0xFD, 0xED, 0xDD
    .byte   0xEF, 0x1E, 0xDD, 0xF0, 0x03, 0x31, 0x10, 0x02, 0x23, 0x22, 0x10, 0xE1, 0x0E, 0x10, 0xDD, 0xEF
    .byte     -8, 0x0E, 0xE0, 0xDE, 0xED, 0xDF, 0x0E, 0xFF, 0x0E, 0xF0, 0x10, 0x12, 0x20, 0x23, 0x34, 0x44
    .byte   0x33, 0x32, 0x23, 0x33, 0x1E, 0xED, 0x0E, 0xEE, 0xDD, 0xCC, 0xCE, 0xFF, 0xFE, 0xEE, 0xE0, 0x34
    .byte   0x33,    9, 0x02, 0x01, 0x12, 0x32, 0x31, 0xFE, 0xEE, 0xEE, 0x1E, 0xED, 0xED, 0xED, 0x01, 0xEE
    .byte   0xDD, 0xED, 0xFF, 0x0F, 0xF0, 0x00, 0xFF, 0x11, 0x13, 0x34, 0x54, 0x44, 0x32, 0x21, 0x32, 0x21
    .byte   0xFE, 0xED,   54, 0x0D, 0xDD, 0xDD, 0xCD, 0xDD, 0xEE, 0x12, 0x32, 0x22, 0x32, 0x33, 0x23, 0x12
    .byte   0x11, 0x11, 0x00, 0x0F, 0xEE, 0xED, 0xEE, 0xD0, 0xEE, 0xEE, 0xFE, 0xEE, 0xFE, 0xED, 0xEF, 0xEE
    .byte   0xE0, 0x20, 0x11,  -59, 0x01, 0xF0, 0x24, 0x45, 0x44, 0x44, 0x0F, 0x01, 0x22, 0x2F, 0xFE, 0xDC
    .byte   0xDC, 0xDC, 0xED, 0xED, 0xDE, 0xEF, 0x23, 0x33, 0x33, 0x31, 0x32, 0x22, 0x21, 0x11, 0x11, 0xEE
    .byte   0xDE, 0xDE, 0xEE, 0xEE,  -10, 0x00, 0xEF, 0x0E, 0xFF, 0xEF, 0xEE, 0xFE, 0xED, 0xFD, 0xEF, 0x01
    .byte   0x21, 0x10, 0x12, 0x23, 0x54, 0x54, 0x44, 0x1F, 0x1F, 0xFF, 0x20, 0xFE, 0xDD, 0xCC, 0xCD, 0xCE
    .byte   0xDF, 0x01, 0x21, 0x22, 0x23,    0, 0x03, 0x33, 0x32, 0x11, 0x0F, 0xEF, 0xFF, 0xEF, 0xED, 0xED
    .byte   0xED, 0xFE, 0x10, 0x20, 0xFF, 0xEE, 0xEE, 0xFE, 0xFE, 0xEE, 0xED, 0xFE, 0xF1, 0x01, 0x20, 0x12
    .byte   0x23, 0x44, 0x45, 0x44, 0x31, 0x2E,   71, 0x0E, 0xE1, 0xFF, 0xED, 0xDD, 0xCC, 0xDC, 0xDE, 0xF1
    .byte   0x32, 0x32, 0x32, 0x12, 0x32, 0x23, 0x22, 0x21, 0xEE, 0xEE, 0xDE, 0xEF, 0xEF, 0xEF, 0xEE, 0xFF
    .byte   0xF1, 0x10, 0xF0, 0xEE, 0xEE, 0xEE, 0xEE,  -47, 0x0E, 0xEE, 0x0E, 0x1F, 0xF0, 0x11, 0x22, 0x44
    .byte   0x44, 0x54, 0x42, 0x22, 0xEE, 0xEE, 0xEF, 0xEF, 0xEE, 0xDC, 0xDC, 0xDC, 0xDF, 0x02, 0x33, 0x33
    .byte   0x22, 0x30, 0x11, 0x11, 0x22, 0x20, 0x20, 0xEE,   23, 0x0D, 0xED, 0xEF, 0xE0, 0x21, 0x01, 0x00
    .byte   0xEF, 0xEE, 0xEE, 0xEF, 0xEE, 0xEE, 0xED, 0xEF, 0xFE, 0x20, 0x01, 0x11, 0x23, 0x34, 0x45, 0x44
    .byte   0x33, 0x22, 0xEE, 0xED, 0xFE, 0xF0, 0xFE, 0xDD, 0xDC,  -13, 0x0C, 0xED, 0xF2, 0x33, 0x33, 0x33
    .byte   0x11, 0x0F, 0x01, 0x12, 0x22, 0x22, 0xFF, 0xED, 0xDD, 0xDE, 0xE1, 0x02, 0x22, 0x11, 0x0E, 0xEE
    .byte   0xDD, 0xED, 0xFE, 0xFF, 0xFF, 0xFE, 0x0E, 0xEF, 0xFF, 0x11,  -56, 0x03, 0x34, 0x44, 0x54, 0x33
    .byte   0x30, 0xEE, 0xED, 0xEE, 0xFF, 0x1F, 0xEE, 0xDC, 0xDC, 0xCD, 0xEF, 0x13, 0x34, 0x33, 0x32, 0x1F
    .byte   0xEE, 0xE1, 0x11, 0x22, 0x23, 0xFE, 0xED, 0xDD, 0xDE, 0xE1, 0x12,   -5, 0x02, 0x22, 0xEE, 0xDD
    .byte   0xCE, 0xDE, 0xEF, 0x02, 0x12, 0x0F, 0xFE, 0xEE, 0xE0, 0x23, 0x34, 0x45, 0x44, 0x43, 0x22, 0xEE
    .byte   0xDE, 0xEE, 0xEF, 0xF1, 0xEF, 0xDD, 0xDC, 0xDC, 0xEE, 0xF2, 0x33, 0x33,   14, 0x03, 0x20, 0xFE
    .byte   0xEE, 0xFF, 0xF2, 0x22, 0x22, 0xFF, 0xED, 0xDD, 0xDE, 0xFF, 0x22, 0x23, 0xF0, 0xFD, 0xDD, 0xDD
    .byte   0xDE, 0xF0, 0x12, 0x02, 0x0E, 0xFE, 0xFE, 0x02, 0x33, 0x44, 0x44, 0x44, 0x32,   73, 0x0F, 0xEE
    .byte   0xDF, 0xEE, 0x0E, 0x0E, 0xED, 0xDD, 0xDD, 0xDD, 0xFF, 0x02, 0x33, 0x23, 0x32, 0x21, 0x0F, 0x0E
    .byte   0xE1, 0x02, 0x11, 0x21, 0x10, 0xEF, 0xDE, 0xDE, 0xEE, 0x02, 0x12, 0x10, 0xFF, 0xDD,  -33, 0x0D
    .byte   0xDE, 0xEE, 0x02, 0x22, 0x22, 0xFF, 0xFF, 0xE1, 0x22, 0x43, 0x45, 0x34, 0x42, 0x11, 0xEE, 0xDE
    .byte   0xDF, 0xE0, 0x1F, 0x1E, 0xED, 0xDD, 0xDC, 0xEE, 0xE2, 0x23, 0x33, 0x33, 0x22, 0xFE, 0xEE,   10
    .byte   0x0E, 0x00, 0x22, 0x22, 0x21, 0xFE, 0xED, 0xDE, 0xDF, 0xFF, 0x22, 0x12, 0xFE, 0xED, 0xDD, 0xDE
    .byte   0xEE, 0x01, 0x22, 0x22, 0x2F, 0x0E, 0xFF, 0x02, 0x33, 0x44, 0x44, 0x34, 0x21, 0x0E, 0xED, 0xED
    .byte     38, 0x0F, 0xF0, 0xE0, 0xEF, 0xDD, 0xDD, 0xDD, 0xE1, 0x22, 0x32, 0x33, 0x32, 0x1F, 0xFE, 0xEE
    .byte   0xEE, 0x12, 0x22, 0x22, 0x20, 0x0E, 0xDE, 0xDD, 0xFE, 0x01, 0x22, 0x11, 0xFE, 0xDE, 0xDD, 0xDD
    .byte   0xFE,  -60, 0x02, 0x22, 0x22, 0x00, 0xFE, 0xF1, 0x02, 0x33, 0x44, 0x44, 0x33, 0x31, 0x1E, 0xED
    .byte   0xEE, 0xEE, 0xF0, 0x00, 0xEE, 0xED, 0xDD, 0xDD, 0xEE, 0x12, 0x33, 0x32, 0x32, 0x20, 0xEE, 0xEE
    .byte   0xEE, 0xF1,    4, 0x02, 0x32, 0x21, 0x0E, 0xED, 0xED, 0xEE, 0xF0, 0x12, 0x11, 0x1E, 0xED, 0xDD
    .byte   0xDE, 0xEE, 0x01, 0x22, 0x23, 0x11, 0xFF, 0xEF, 0x01, 0x23, 0x34, 0x44, 0x43, 0x32, 0x2F, 0xEE
    .byte   0xDE, 0xEE, 0xFE,   36, 0x0F, 0x0F, 0xDE, 0xDD, 0xDD, 0xDE, 0xF1, 0x22, 0x33, 0x32, 0x30, 0x1F
    .byte   0xEE, 0xEE, 0xEF, 0x02, 0x22, 0x32, 0x10, 0xFE, 0xED, 0xED, 0xEE, 0x10, 0x21, 0x21, 0xFE, 0xEE
    .byte   0xDD, 0xDD, 0xEF, 0x01,  -52, 0x02, 0x22, 0x2F, 0x1F, 0xE0, 0x01, 0x23, 0x33, 0x44, 0x43, 0x32
    .byte   0x21, 0xEE, 0xED, 0xEE, 0xFE, 0x00, 0xFF, 0xEE, 0xDD, 0xDE, 0xDE, 0xE0, 0x12, 0x32, 0x32, 0x32
    .byte   0x00, 0xFE, 0xEE, 0xFE, 0x02,    8, 0x02, 0x31, 0x21, 0x0E, 0xED, 0xED, 0xEE, 0xFF, 0x12, 0x02
    .byte   0x0F, 0xEE, 0xDD, 0xDE, 0xDE, 0xF0, 0x22, 0x22, 0x22, 0xF0, 0xFE, 0xF0, 0x12, 0x23, 0x34, 0x43
    .byte   0x43, 0x32, 0x0E, 0xFE, 0xDE, 0xEE,   33, 0x00, 0x1F, 0x0F, 0xEE, 0xDD, 0xDD, 0xDE, 0xFF, 0x22
    .byte   0x33, 0x23, 0x21, 0x10, 0xEE, 0xEE, 0xEF, 0x12, 0x22, 0x32, 0x21, 0x0E, 0xED, 0xEE, 0xDE, 0xF0
    .byte   0x02, 0x11, 0x1F, 0xEE, 0xDD, 0xDE, 0xDE,  -59, 0x00, 0x12, 0x22, 0x22, 0xF0, 0xFF, 0xF0, 0x12
    .byte   0x23, 0x33, 0x43, 0x33, 0x33, 0x2F, 0x0E, 0xEE, 0xEF, 0xE0, 0x0F, 0x0F, 0xEE, 0xDE, 0xDD, 0xED
    .byte   0xE0, 0x02, 0x22, 0x32, 0x31, 0x11, 0xFE, 0xEF,    2, 0x0F, 0x01, 0x22, 0x22, 0x22, 0x1F, 0xEE
    .byte   0xED, 0xDF, 0xEE, 0x11, 0x11, 0x11, 0x0E, 0xED, 0xED, 0xED, 0xEF, 0xF1, 0x22, 0x22, 0x20, 0x1F
    .byte   0x00, 0x10, 0x22, 0x23, 0x33, 0x34, 0x23, 0x22, 0x2F,   53, 0x0E, 0xFE, 0xE0, 0xEF, 0xFF, 0x0E
    .byte   0xEE, 0xDE, 0xDE, 0xD0, 0xE1, 0x12, 0x22, 0x22, 0x22, 0x00, 0xE0, 0xFE, 0x00, 0x02, 0x22, 0x22
    .byte   0x11, 0xFF, 0xEE, 0xDE, 0xEE, 0xFF, 0x01, 0x11, 0xF1, 0xEE,  -20, 0x0E, 0xDD, 0xEE, 0xE0, 0x12
    .byte   0x22, 0x21, 0x11, 0x0F, 0x00, 0x02, 0x12, 0x23, 0x32, 0x33, 0x23, 0x22, 0x22, 0x0F, 0xF0, 0xEF
    .byte   0xFF, 0xF0, 0xEF, 0xEE, 0xEE, 0xDE, 0xED, 0xFF, 0x01, 0x12, 0x21,    1, 0x01, 0x10, 0x00, 0xFF
    .byte   0x01, 0x12, 0x12, 0x12, 0x20, 0x1F, 0xFF, 0xEE, 0xEE, 0xFE, 0x0F, 0xFF, 0xFF, 0xFE, 0xFD, 0xEE
    .byte   0xDF, 0xEF, 0xF1, 0x02, 0x12, 0x11, 0x2E, 0x11, 0x11, 0x02, 0x22, 0x22,   -3, 0x02, 0x32, 0x22
    .byte   0x22, 0x21, 0x21, 0x1F, 0x10, 0xF0, 0x0E, 0x0F, 0xEF, 0xEE, 0xEE, 0xEE, 0xEE, 0xFF, 0xF0, 0x11
    .byte   0x11, 0x11, 0xF0, 0x0F, 0xF1, 0x10, 0x21, 0x21, 0x21, 0x10, 0xF0, 0xEE, 0xFF,    1, 0x0F, 0x1F
    .byte   0x0F, 0xFE, 0xFE, 0xED, 0xEE, 0xEE, 0xFF, 0x00, 0x11, 0x00, 0x10, 0x01, 0x11, 0x12, 0x22, 0x22
    .byte   0x22, 0x20, 0x22, 0x22, 0x22, 0x22, 0x22, 0x11, 0x11, 0xFF, 0xF0, 0xFF, 0x0F, 0xFF,   30, 0x0E
    .byte   0xED, 0xFE, 0xEE, 0xF0, 0x10, 0x11, 0x1F, 0xFF, 0xFF, 0xE0, 0xF0, 0x12, 0x12, 0x22, 0x11, 0xF0
    .byte   0xFE, 0xFE, 0x0F, 0x01, 0x01, 0xF0, 0xEE, 0xEE, 0xDE, 0xEE, 0xFF, 0xF0, 0x10, 0x10, 0xF0,  -39
    .byte   0x00, 0xF1, 0x22, 0x22, 0x31, 0x20, 0x20, 0x10, 0x02, 0x22, 0x22, 0x22, 0x21, 0x10, 0xF1, 0xF0
    .byte   0x12, 0x12, 0x00, 0xFF, 0xEE, 0xDF, 0xEE, 0xE1, 0x11, 0x11, 0x10, 0xEE, 0xEE, 0xFE, 0x01, 0x11
    .byte     -1, 0x02, 0x11, 0x00, 0xFE, 0xFF, 0x00, 0x10, 0x21, 0x10, 0xFF, 0xEE, 0xED, 0x0F, 0xEF, 0xFF
    .byte   0x1F, 0x0F, 0x0E, 0xFE, 0xF0, 0xF1, 0x02, 0x22, 0x22, 0x12, 0x01, 0x10, 0x12, 0x12, 0x22, 0x22
    .byte   0x21,   22, 0x01, 0x0F, 0xF0, 0x12, 0x21, 0x21, 0x2F, 0xEE, 0xEE, 0xEE, 0xFF, 0x11, 0x02, 0x0E
    .byte   0x0E, 0xEE, 0x0F, 0x10, 0x21, 0x1F, 0xF0, 0xEE, 0xFF, 0x00, 0x11, 0x10, 0xF0, 0xE0, 0xE0, 0x0F
    .byte   0xFF, 0x1F,  -13, 0x0F, 0xE0, 0xEE, 0xEF, 0x0F, 0x01, 0x0F, 0xF0, 0xE0, 0x00, 0x12, 0x22, 0x22
    .byte   0x21, 0x11, 0x01, 0x11, 0x22, 0x22, 0x22, 0x12, 0x01, 0xF1, 0xF1, 0x11, 0x11, 0x11, 0x0F, 0x0F
    .byte   0xEE, 0xFE, 0xFF,   12, 0x01, 0x10, 0xFF, 0xFF, 0xF0, 0x0F, 0x10, 0x0F, 0x0F, 0x0F, 0x0F, 0x10
    .byte   0x0F, 0x0E, 0x0E, 0xFF, 0x0F, 0x01, 0x0F, 0x0F, 0xFE, 0xFF, 0xEF, 0xF0, 0xF0, 0xE0, 0x0E, 0x0F
    .byte   0xFF, 0xF0, 0x20, 0x02,  -23, 0x01, 0x22, 0x21, 0x00, 0x11, 0x01, 0x22, 0x22, 0x21, 0x10, 0xE0
    .byte   0xEF, 0x12, 0x21, 0x22, 0x10, 0xFE, 0xFE, 0xE0, 0x02, 0x02, 0x10, 0xFE, 0xFE, 0xF1, 0x02, 0x01
    .byte   0x0F, 0x0E, 0xFF, 0x01, 0x02,   14, 0x01, 0xEE, 0x0E, 0xE0, 0x00, 0x10, 0xFF, 0xEE, 0xFF, 0x1F
    .byte   0x11, 0xFF, 0x0E, 0x0E, 0xF0, 0x01, 0x0F, 0xFF, 0x1E, 0x11, 0x11, 0x11, 0x11, 0x01, 0x00, 0x20
    .byte   0x21, 0x11, 0x11, 0x10, 0x20, 0x11,    4, 0x00, 0x01, 0x01, 0x02, 0x11, 0x01, 0x0F, 0xF0, 0x00
    .byte   0xF2, 0x02, 0x00, 0x10, 0xEF, 0xFF, 0xFE, 0x11, 0x12, 0x02, 0x0E, 0x0E, 0x0E, 0x0F, 0x11, 0x00
    .byte   0x0F, 0x0F, 0x11, 0x00, 0xFE, 0xEE, 0xFF,   -7, 0x02, 0x02, 0x2F, 0xE1, 0xDE, 0xEF, 0xF0, 0x22
    .byte   0x11, 0x00, 0xFE, 0xFF, 0xE0, 0x00, 0x21, 0x21, 0x10, 0xE0, 0xFF, 0x02, 0x02, 0x10, 0x10, 0x10
    .byte   0x10, 0x1F, 0x01, 0x01, 0x10, 0x21, 0x01, 0xF0,    5, 0x0F, 0xF0, 0x10, 0x11, 0x10, 0x1F, 0x00
    .byte   0xFF, 0xFF, 0xF0, 0x11, 0x12, 0x11, 0x0F, 0xE1, 0x00, 0x12, 0x11, 0x0E, 0xFE, 0xFF, 0x12, 0x21
    .byte   0xFE, 0x00, 0xEF, 0x11, 0xF0, 0xEF, 0x0F, 0xFF, 0x11,   -2, 0x0F, 0xE1, 0xFE, 0x20, 0x01, 0x0E
    .byte   0xFF, 0xF0, 0x01, 0xF1, 0x0F, 0x11, 0x0F, 0x10, 0xF2, 0xF1, 0x10, 0xF2, 0xE0, 0x3F, 0xE0, 0xF2
    .byte   0x1E, 0x3E, 0x01, 0x22, 0x6A, 0x94, 0x53, 0xEC, 0x35, 0xCC,  -11, 0x04, 0x4E, 0xC0, 0x30, 0x1E
    .byte   0x22, 0x2F, 0xEE, 0x22, 0xEE, 0xE1, 0x01, 0xEF, 0x2F, 0xE0, 0x02, 0xFE, 0xF0, 0x1F, 0xF0, 0x10
    .byte   0xE0, 0x10, 0x10, 0x1E, 0xE1, 0x21, 0x00, 0x10, 0xE0, 0x21, 0xFF,   -3, 0x0F, 0x00, 0x11, 0xE1
    .byte   0x1F, 0x01, 0x0F, 0xF0, 0x10, 0x0F, 0x00, 0x11, 0x0F, 0x10, 0x01, 0xF1, 0x01, 0xF1, 0x00, 0xF0
    .byte   0x10, 0x01, 0x00, 0x01, 0xF0, 0x01, 0x01, 0xF1, 0x01, 0xF0, 0x1F, 0x1F,    1, 0x0F, 0x10, 0x10
    .byte   0xF0, 0x01, 0x00, 0x00, 0xF0, 0x10, 0xF0, 0x10, 0xF1, 0x0F, 0x1F, 0x1F, 0x10, 0xF0, 0x10, 0xF1
    .byte   0x00, 0x00, 0x00, 0x0F, 0x1F, 0x10, 0x01, 0x0F, 0xF0, 0x00, 0x00, 0x00, 0x01,    1, 0x01, 0xFF
    .byte   0x10, 0xF1, 0xF1, 0xF0, 0x01, 0xF1, 0xF0, 0x00, 0x00, 0xF1, 0x0F, 0x10, 0x00, 0x0F, 0x01, 0xF0
    .byte   0x00, 0x1F, 0x1F, 0x00, 0x10, 0xF0, 0x10, 0x0F, 0x1F, 0x10, 0xF0, 0x10, 0x00, 0x00,    1, 0x0F
    .byte   0x1F, 0x10, 0xF0, 0x01, 0xFF, 0x1F, 0x10, 0x00, 0x00, 0x1F, 0x01, 0xF0, 0x1F, 0x1F, 0x00, 0x10
    .byte   0x00, 0xF0, 0x00, 0x01, 0xFF, 0x10, 0x00, 0x1F, 0x0F, 0x10, 0x00, 0x00, 0xF0, 0x00, 0x10,    0
    .byte   0x0F, 0x00, 0x1F, 0x1F, 0x1F, 0x1F, 0x1F, 0x01, 0xF0, 0x01, 0xF0, 0x01, 0xF0, 0x01, 0xF1, 0x00
    .byte   0xF0, 0x11, 0xFF, 0x10, 0x1F, 0x00, 0x1F, 0x00, 0x00, 0x00, 0x0F, 0x1F, 0x10, 0x01, 0xF0, 0xF1
    .byte      0, 0x00, 0x1F, 0x01, 0x0F, 0x01, 0x00, 0xF0, 0x00, 0x01, 0xF0, 0x00, 0x00, 0x00, 0xF1, 0x0F
    .byte   0x10, 0x00, 0xF1, 0xF1, 0xF1, 0xF1, 0x0F, 0x10, 0xF1, 0xF1, 0x00, 0xF1, 0x00, 0xF0, 0x10, 0x0F
    .byte   0x1F,   -1, 0x01, 0x00, 0xF1, 0x00, 0x00, 0x00, 0x01, 0xFF, 0x10, 0xF1, 0x00, 0x00, 0xF1, 0x1F
    .byte   0x01, 0xF0, 0x01, 0xF1, 0x0F, 0x00, 0x0F, 0x10, 0x1F, 0x01, 0xF0, 0x1F, 0x01, 0xF0, 0x00, 0xF1
    .byte   0x00, 0xF1,    0, 0x00, 0x00, 0x00, 0x1F, 0x00, 0x00, 0x00, 0x0F, 0x01, 0x0F, 0x1F, 0x00, 0x01
    .byte   0xF0, 0x1F, 0x10, 0xF1, 0x00, 0x00, 0x00, 0xF1, 0x0F, 0x01, 0x00, 0x00, 0x00, 0x00, 0x00, 0xF1
    .byte   0x00, 0xF1, 0x00,   -1, 0x01, 0x0F, 0x10, 0x00, 0x1F, 0x01, 0x0F, 0x00, 0x00, 0x00, 0x00, 0x00
    .byte   0x1F, 0x00, 0x00, 0x00, 0x01, 0x00, 0xF0, 0x00, 0x01, 0xF0, 0x01, 0xF0, 0x00, 0x01, 0xF1, 0xF0
    .byte   0x00, 0x00, 0x00, 0x10,    0, 0x00, 0x00, 0x00, 0x1F, 0x1F, 0x0F, 0x10, 0x00, 0x1F, 0x00, 0x00
    .byte   0x0F, 0x10, 0xF0, 0x11, 0xF1, 0x00, 0x0F, 0x10, 0xF0, 0x10, 0x1F, 0x12, 0xE2, 0x0D, 0x03, 0xDE
    .byte   0x22, 0xDE, 0x3F, 0x22, 0xEF,    0, 0x01, 0xDC, 0x5E, 0xB7, 0xDA, 0x74, 0xA5, 0x2B, 0xEB, 0xB5
    .byte   0x5C, 0xD6, 0xC2, 0x4C, 0xE1, 0xD2, 0x23, 0x3D, 0x05, 0xDB, 0x51, 0xBC, 0x3C, 0xD5, 0x0D, 0x21
    .byte   0x1D, 0x35, 0xCC, 0x5B, 0x35, 0xB4,   10, 0x0B, 0x4D, 0x24, 0xB4, 0xDD, 0x4E, 0x3C, 0x4D, 0xE1
    .byte   0x5C, 0xD5, 0xA4, 0x3C, 0x4E, 0xC4, 0xC4, 0xFC, 0x5C, 0xF4, 0xB4, 0x3C, 0x4C, 0x33, 0xB4, 0x49
    .byte   0x7F, 0x97, 0xFA, 0x5C, 0x4D, 0xC6, 0xB2,   17, 0x0C, 0xD5, 0xB3, 0x2E, 0x3E, 0x1D, 0xF5, 0xBF
    .byte   0x5B, 0xC6, 0xCC, 0x7A, 0xD4, 0xEF, 0xD5, 0xB2, 0x4B, 0x43, 0xC5, 0xCC, 0x4F, 0x11, 0xDD, 0x4C
    .byte   0x42, 0x0D, 0x1E, 0xF3, 0x23, 0xB3, 0xE2, 0x2F,   12, 0x0D, 0xC3, 0x22, 0x1F, 0xFC, 0x33, 0xD3
    .byte   0x1B, 0x43, 0xC4, 0x3A, 0x44, 0xCF, 0x4D, 0xC5, 0xCF, 0x6A, 0xD5, 0xCE, 0x33, 0xEC, 0x5C, 0xF4
    .byte   0xED, 0x2E, 0xD4, 0xD3, 0x1D, 0xEF, 0x4E, 0x22, 0xB3,  -10, 0x02, 0x5C, 0xD4, 0xB1, 0x5D, 0x23
    .byte   0xCC, 0x34, 0xD2, 0x0E, 0xEF, 0xE4, 0x3C, 0x1D, 0x23, 0xF2, 0x3C, 0xD2, 0x13, 0x2D, 0xE1, 0xF1
    .byte   0x33, 0xCD, 0x11, 0x30, 0x4C, 0xD2, 0xF0, 0x31, 0xE2, 0xEC,  -12, 0x05, 0x3B, 0x3E, 0xB5, 0xFE
    .byte   0x4C, 0xC3, 0x4D, 0x33, 0xB1, 0x3D, 0x43, 0xCE, 0x3D, 0xF4, 0xD2, 0x0C, 0x22, 0x2E, 0x22, 0xC2
    .byte   0x2D, 0x4E, 0xD3, 0xF1, 0x20, 0x2E, 0xEE, 0xF3, 0xDF, 0x3E, 0xF2,    1, 0x02, 0xFE, 0xEF, 0xFE
    .byte   0x03, 0x22, 0xEF, 0x2F, 0x21, 0xED, 0xEE, 0x22, 0x21, 0xEF, 0xF3, 0x2E, 0xED, 0x02, 0x22, 0xF0
    .byte   0xE0, 0x12, 0x3E, 0xDE, 0xFE, 0x23, 0x2F, 0xCE, 0x23, 0x3E, 0x0D, 0xE1,   -2, 0x03, 0x3D, 0xDE
    .byte   0x03, 0x11, 0x0D, 0xE1, 0x22, 0x21, 0xED, 0x2F, 0x23, 0xEE, 0xFE, 0x20, 0x20, 0xFE, 0xE2, 0x20
    .byte   0xFF, 0xEE, 0x11, 0x23, 0xEE, 0xEF, 0x22, 0x11, 0xFD, 0xEF, 0x13, 0x20, 0xFF,   -2, 0x01, 0x22
    .byte   0x1F, 0xDE, 0xF2, 0x12, 0x1F, 0xE0, 0x12, 0x2E, 0xE0, 0xDF, 0x32, 0x11, 0xEE, 0x21, 0x10, 0xFE
    .byte   0xE2, 0x12, 0x2E, 0xF0, 0xF0, 0x10, 0xEF, 0x01, 0x02, 0x11, 0x0F, 0x00, 0x10, 0xEE,   -4, 0x01
    .byte   0x21, 0xF0, 0x00, 0x10, 0xFE, 0xE1, 0x21, 0x2F, 0xF0, 0xF0, 0x20, 0x0E, 0xEF, 0x12, 0x21, 0xFE
    .byte   0xFF, 0x12, 0x0F, 0xEE, 0x12, 0x21, 0x0F, 0xEE, 0x12, 0x21, 0xFE, 0xE1, 0x11, 0x11, 0xEF,   -7
    .byte   0x02, 0x22, 0xF0, 0xEF, 0x11, 0x0F, 0x0F, 0xF0, 0x12, 0x10, 0xE0, 0xF1, 0x01, 0xFF, 0xEF, 0x12
    .byte   0x20, 0xF0, 0xF0, 0xF1, 0x00, 0xEF, 0x11, 0xF0, 0x21, 0x0F, 0xF1, 0x0E, 0x01, 0x11, 0x10, 0x11
    .byte      2, 0x00, 0x1F, 0xEF, 0x10, 0x00, 0x20, 0xF0, 0x02, 0xEF, 0xFF, 0x0F, 0x12, 0x1E, 0x00, 0x11
    .byte   0x0F, 0xF0, 0x0F, 0x12, 0x1F, 0xEF, 0xFF, 0x02, 0x12, 0xE0, 0xF2, 0x01, 0xFE, 0xEE, 0x01, 0x22
    .byte   0x0F,    0, 0x00, 0x21, 0xFF, 0xFE, 0xEF, 0x02, 0x11, 0x11, 0xF0, 0x20, 0x1F, 0xEE, 0xF0, 0x20
    .byte   0x10, 0x01, 0x11, 0x10, 0xEF, 0xF1, 0x11, 0x1F, 0x01, 0x01, 0x10, 0xFE, 0x01, 0x1F, 0xF0, 0x10
    .byte   0x11, 0x10,    1, 0x0E, 0x01, 0x00, 0xFF, 0xF0, 0x21, 0x11, 0x0F, 0xE1, 0x00, 0x10, 0xE0, 0x01
    .byte   0x21, 0x0E, 0x0F, 0x01, 0x12, 0xFF, 0xF0, 0x21, 0x10, 0x0E, 0xFF, 0x22, 0x0F, 0xE2, 0xF1, 0x01
    .byte   0x00, 0xE0, 0x2F,    7, 0x0F, 0xFF, 0xFF, 0x01, 0x0E, 0x0E, 0x0F, 0x0F, 0x01, 0xF0, 0xF1, 0x0F
    .byte   0xF0, 0xEF, 0xF0, 0x10, 0x11, 0x20, 0x10, 0x1F, 0xEF, 0xF2, 0xF0, 0x02, 0x11, 0x22, 0x0E, 0x00
    .byte   0x11, 0x21, 0x22, 0x22,   28, 0x01, 0x0F, 0x0E, 0xEF, 0xEE, 0xEE, 0x22, 0x20, 0x01, 0xF0, 0x01
    .byte   0x1E, 0xED, 0xF1, 0xF0, 0x11, 0xEE, 0x02, 0x10, 0xFE, 0xEE, 0xE1, 0x12, 0xEE, 0x01, 0x11, 0x11
    .byte   0xFE, 0xE0, 0x2F, 0x10, 0x0F,  -20, 0x02, 0x12, 0x10, 0xF1, 0x02, 0x20, 0x01, 0x21, 0x12, 0x24
    .byte   0x3E, 0xFE, 0xFE, 0xEE, 0xEE, 0xDD, 0x23, 0x23, 0x02, 0x0D, 0xF1, 0x2F, 0xED, 0xEF, 0xFF, 0x23
    .byte   0xED, 0x11, 0x22, 0x22, 0x0F, 0xD0,    8, 0x02, 0x1E, 0xF1, 0x1E, 0x12, 0x2E, 0xDE, 0x01, 0xEF
    .byte   0x02, 0xEE, 0xF0, 0x2E, 0xEE, 0xEE, 0xEE, 0x12, 0xFF, 0x22, 0x12, 0xF2, 0x11, 0x0F, 0x01, 0xF2
    .byte   0x32, 0x21, 0xF1, 0xF1, 0x14, 0x4E, 0xED,   21, 0x0F, 0xEE, 0x21, 0xDD, 0xD3, 0x41, 0x10, 0xFD
    .byte   0xD1, 0x23, 0xFD, 0xEE, 0xF1, 0x13, 0x2E, 0xDE, 0x13, 0x21, 0x1F, 0xEE, 0xF3, 0x21, 0x0E, 0xF0
    .byte   0x11, 0x22, 0xED, 0xF0, 0x11, 0x0F, 0xE0, 0xEF,   -4, 0x01, 0xFD, 0xEE, 0xEF, 0x01, 0x1F, 0xFF
    .byte   0x11, 0x02, 0x1F, 0xFE, 0xF3, 0x22, 0x02, 0x1F, 0x30, 0x2F, 0xEF, 0x03, 0x43, 0x2E, 0xDF, 0xDE
    .byte   0x10, 0x1D, 0xC0, 0x33, 0x30, 0x21, 0xDE, 0xE2, 0x3D,    3, 0x0D, 0xE1, 0x02, 0x22, 0x0D, 0x12
    .byte   0x22, 0x0F, 0xFE, 0xE2, 0x22, 0x1F, 0xEF, 0x12, 0x01, 0x10, 0xEE, 0x02, 0x1F, 0xEF, 0xEF, 0xE2
    .byte   0x2E, 0xEE, 0xEF, 0xFE, 0x10, 0x0E, 0xE1, 0x22, 0x1E, 0x02,  -19, 0x01, 0x00, 0x20, 0x22, 0xF1
    .byte   0xF1, 0x30, 0x20, 0xF0, 0xF4, 0x40, 0xFD, 0xEE, 0xEE, 0x10, 0xED, 0xD3, 0x22, 0x21, 0x11, 0xDE
    .byte   0x22, 0x1E, 0xDE, 0x00, 0x02, 0x22, 0xEE, 0xF2, 0x3F, 0xFE, 0xE1,   -2, 0x01, 0x22, 0x1E, 0xF0
    .byte   0x21, 0x11, 0x0F, 0xEF, 0xF2, 0x2E, 0xEF, 0x01, 0xE1, 0xFF, 0xED, 0x01, 0x00, 0xEF, 0x0F, 0xE1
    .byte   0x12, 0xEF, 0xF0, 0x21, 0x11, 0x11, 0x12, 0x22, 0x1E, 0x10, 0x22, 0x02,    9, 0x00, 0xF1, 0x42
    .byte   0x10, 0xEE, 0xEE, 0xFF, 0xFE, 0xDF, 0x02, 0x22, 0x11, 0xEE, 0x02, 0x2E, 0xEF, 0xEF, 0x01, 0x21
    .byte   0x1E, 0x00, 0x20, 0x20, 0xFE, 0xFE, 0x21, 0x2F, 0xFF, 0xF0, 0x21, 0x1F, 0xFE,    0, 0x01, 0x2F
    .byte   0xF0, 0xE0, 0xFF, 0x00, 0xFF, 0xEF, 0xEF, 0xF0, 0xF0, 0xE0, 0x0F, 0x01, 0x20, 0x0F, 0x00, 0x00
    .byte   0x12, 0x10, 0x21, 0x02, 0x2F, 0x3F, 0xF0, 0x01, 0x13, 0x21, 0x1E, 0xF1, 0xEF, 0x0F,   11, 0x0E
    .byte   0xFF, 0x12, 0xF2, 0xFF, 0xEF, 0x20, 0xFF, 0xEE, 0xFF, 0x01, 0x2F, 0xFF, 0x01, 0x21, 0x0F, 0xE0
    .byte   0xE0, 0x20, 0x1F, 0xF0, 0x02, 0x01, 0x0F, 0x0E, 0xF1, 0x0F, 0xF1, 0xE2, 0xF0, 0x11, 0xEE,  -12
    .byte   0x0F, 0xF0, 0x0E, 0x0F, 0x10, 0x12, 0xFF, 0xF0, 0x10, 0x00, 0x1F, 0x12, 0x22, 0x00, 0x02, 0x02
    .byte   0x11, 0x00, 0xEF, 0x32, 0x20, 0xFF, 0xFF, 0xF1, 0x0F, 0xEF, 0xFF, 0x10, 0x20, 0xFE, 0xF0, 0x11
    .byte      9, 0x00, 0xEE, 0xE0, 0x11, 0x10, 0xF0, 0x00, 0x01, 0x2F, 0xEE, 0xF1, 0x1F, 0x12, 0xF0, 0xF1
    .byte   0x21, 0x0E, 0xFF, 0xEF, 0x01, 0x2F, 0x00, 0x10, 0x00, 0xF0, 0xEE, 0xFF, 0xF0, 0x00, 0x10, 0x01
    .byte   0xF0,  -15, 0x00, 0x10, 0x21, 0x11, 0x01, 0x12, 0x11, 0x1F, 0x01, 0x10, 0x21, 0xF0, 0x01, 0x22
    .byte   0x2F, 0xF0, 0xFF, 0x00, 0x1F, 0xEF, 0xF0, 0x11, 0x10, 0xE1, 0xF1, 0x00, 0x0E, 0xFE, 0xFF, 0x00
    .byte   0x10, 0xFE,   -4, 0x00, 0x11, 0xF0, 0xE0, 0xFF, 0x10, 0xFF, 0xF1, 0x11, 0x11, 0x0F, 0x11, 0xF0
    .byte   0xE0, 0x10, 0x00, 0x21, 0xFF, 0x01, 0x21, 0xF1, 0xEE, 0xE0, 0x21, 0x1F, 0xF1, 0xF0, 0x31, 0x2E
    .byte   0xEE, 0xF0, 0x22,    4, 0x0F, 0xFE, 0x22, 0x20, 0xF0, 0xEF, 0xF2, 0x21, 0x11, 0x10, 0x10, 0x01
    .byte   0x0F, 0xEF, 0xF1, 0x1F, 0x11, 0x0F, 0xF0, 0x00, 0xE0, 0xFE, 0xEF, 0xF1, 0x1F, 0x10, 0xFE, 0xF1
    .byte   0xF0, 0xEF, 0xFF, 0xF1,  -13, 0x01, 0x1F, 0xF1, 0x00, 0x02, 0x0F, 0xF0, 0x10, 0x11, 0x11, 0xE1
    .byte   0x02, 0x00, 0x21, 0xF0, 0x02, 0x0E, 0x0E, 0x00, 0xE1, 0x22, 0xF1, 0x22, 0xFE, 0xFF, 0x00, 0xF1
    .byte   0x2F, 0xE0, 0x12, 0x12, 0x0F,    7, 0x0E, 0x11, 0x30, 0xFF, 0x0F, 0x00, 0x21, 0xFE, 0xF0, 0x11
    .byte   0x01, 0x0E, 0xEF, 0x20, 0x00, 0xEF, 0xEF, 0x01, 0xFF, 0x0E, 0xF0, 0xF1, 0x1F, 0xE0, 0xE1, 0x11
    .byte   0x00, 0x0F, 0xF0, 0x21, 0xF0, 0x0F,  -13, 0x00, 0x21, 0x0F, 0xF0, 0x02, 0x12, 0x0F, 0xF0, 0x12
    .byte   0x10, 0xFF, 0xF0, 0x12, 0x1F, 0xFF, 0x11, 0x02, 0x2E, 0xEE, 0x11, 0x12, 0x01, 0x0E, 0x02, 0x1F
    .byte   0xEF, 0xFF, 0x02, 0x21, 0x0F, 0x00, 0x0F,   10, 0x02, 0xEE, 0xF0, 0x11, 0x12, 0x0E, 0xE0, 0x11
    .byte   0x10, 0xEF, 0xEF, 0xF1, 0x11, 0x0F, 0xE1, 0xFF, 0x0E, 0x0F, 0xE0, 0x21, 0x10, 0xFF, 0xF0, 0xF1
    .byte   0xF0, 0x00, 0x01, 0x02, 0x01, 0x0F, 0xF0, 0x20,   -3, 0x01, 0x00, 0x01, 0x12, 0x0E, 0x01, 0xF0
    .byte   0x22, 0x00, 0xF0, 0x01, 0x01, 0x2E, 0xFE, 0x01, 0x11, 0x01, 0x0F, 0xF1, 0x11, 0x0E, 0x0F, 0x10
    .byte   0x20, 0x10, 0xFF, 0x00, 0x1F, 0x00, 0xE0, 0x11, 0x1F,    7, 0x00, 0xFE, 0x20, 0xE0, 0xFF, 0x0E
    .byte   0x01, 0x10, 0xFF, 0xFF, 0x0E, 0x20, 0xFE, 0xF0, 0xFF, 0x01, 0x1F, 0xF0, 0x00, 0x00, 0x01, 0x10
    .byte   0x12, 0xFF, 0xF1, 0x11, 0xF1, 0x01, 0x10, 0x22, 0x00, 0xE0,    0, 0x00, 0x01, 0x21, 0x11, 0x11
    .byte   0x10, 0x11, 0x0E, 0xFF, 0x00, 0x20, 0x0F, 0x01, 0xF1, 0xF0, 0xEF, 0xF0, 0x12, 0xFF, 0x00, 0x10
    .byte   0x02, 0x0E, 0xEF, 0x00, 0x20, 0x0F, 0xEF, 0x12, 0x10, 0xEF, 0xEF,   -4, 0x01, 0x2F, 0x0E, 0xE1
    .byte   0x11, 0x0F, 0xEF, 0xE1, 0x12, 0xFF, 0x0E, 0x01, 0x00, 0x0E, 0x00, 0x11, 0x22, 0x10, 0xF0, 0x0F
    .byte   0xF0, 0x00, 0x02, 0x20, 0x20, 0x11, 0xF0, 0x00, 0x20, 0x20, 0xFF, 0x01,   10, 0x00, 0x11, 0xFE
    .byte   0x01, 0x21, 0x11, 0xFF, 0xE0, 0x02, 0xFF, 0xEE, 0xF1, 0x22, 0x10, 0xEE, 0x12, 0x11, 0x0D, 0xEF
    .byte   0x02, 0x11, 0x0E, 0xFF, 0x22, 0xF0, 0xEE, 0xEF, 0x02, 0x00, 0xEF, 0x11, 0x11,   -5, 0x0F, 0xFE
    .byte   0xFF, 0xF1, 0xFF, 0x0F, 0x20, 0x11, 0x01, 0xF0, 0x00, 0x1F, 0x0F, 0x01, 0x22, 0x20, 0xF0, 0xE0
    .byte   0x02, 0x2E, 0x0F, 0x22, 0x12, 0x21, 0xEE, 0xFF, 0xF0, 0x21, 0x0E, 0x10, 0x21, 0xF0,   10, 0x0F
    .byte   0xE0, 0x12, 0x0E, 0xFF, 0xF0, 0x21, 0x00, 0xEF, 0xF0, 0x21, 0xEE, 0x0E, 0x01, 0x21, 0x1F, 0xFF
    .byte   0xFF, 0x10, 0x0F, 0xE0, 0x01, 0x11, 0xFF, 0x0E, 0xF1, 0x02, 0x1F, 0xF0, 0xEF, 0x01, 0x0F,  -13
    .byte   0x01, 0x01, 0x22, 0x1F, 0xFE, 0xFF, 0x00, 0x21, 0x0F, 0x02, 0x22, 0x0F, 0xEE, 0xF2, 0x22, 0x21
    .byte   0xFE, 0xF0, 0x02, 0x1E, 0x0F, 0xF2, 0x02, 0x0F, 0xEE, 0xFF, 0x11, 0x10, 0x10, 0x0F, 0x00, 0xF0
    .byte      4, 0x00, 0x1F, 0xFF, 0x00, 0x00, 0x00, 0xE0, 0x00, 0x21, 0xFF, 0xEF, 0x11, 0x1F, 0xF0, 0xEF
    .byte   0x01, 0x21, 0x0E, 0x0F, 0x00, 0x00, 0xFF, 0xF0, 0x01, 0x02, 0x10, 0x01, 0xF0, 0xE0, 0x00, 0xF1
    .byte   0x02,   -3, 0x02, 0x2F, 0x0E, 0xF0, 0xF0, 0x11, 0xF1, 0x01, 0x21, 0x2F, 0x1E, 0x1F, 0x0F, 0xFF
    .byte   0xF0, 0x11, 0x12, 0x11, 0xFF, 0xEF, 0x00, 0x0E, 0xFF, 0x01, 0x22, 0x20, 0xEE, 0x0F, 0x01, 0x0F
    .byte   0xEE, 0x11,    0, 0x02, 0x20, 0xFE, 0xE1, 0x00, 0x1F, 0xFE, 0xF0, 0x21, 0x02, 0xFF, 0xE0, 0x1F
    .byte   0xFF, 0xFF, 0xF0, 0x12, 0x01, 0xFF, 0xFF, 0xF0, 0x0F, 0x02, 0x00, 0x12, 0x0F, 0xEF, 0x0F, 0x01
    .byte   0x12, 0x01, 0x11,    3, 0x00, 0x01, 0x0F, 0xF0, 0x1F, 0xFF, 0x00, 0x02, 0x11, 0x1F, 0x1F, 0xFF
    .byte   0x00, 0xE0, 0x00, 0x10, 0x21, 0xFF, 0xFF, 0x0F, 0x11, 0x0E, 0xFF, 0x10, 0x20, 0x11, 0xF0, 0x0F
    .byte   0x00, 0xFE, 0xFF, 0xF2,    0, 0x02, 0x0F, 0xFF, 0xF1, 0x10, 0x0E, 0xEF, 0x01, 0x21, 0x1F, 0xFF
    .byte   0x00, 0x20, 0x0E, 0x0F, 0xF0, 0x20, 0x0F, 0x0F, 0x00, 0x11, 0x00, 0x11, 0x00, 0xFF, 0xFF, 0x11
    .byte   0x10, 0x00, 0xF1, 0x10, 0x10,    1, 0x0F, 0x0F, 0x01, 0x00, 0x10, 0x10, 0x01, 0xF0, 0x0F, 0xF0
    .byte   0x0F, 0x11, 0x11, 0x11, 0x00, 0xEF, 0x0F, 0x00, 0x10, 0xF1, 0x12, 0x1F, 0xFF, 0xFE, 0xF0, 0x00
    .byte   0x00, 0x10, 0x2F, 0x2F, 0xE0, 0xE0,   -3, 0x01, 0x10, 0xFF, 0x02, 0x00, 0x01, 0xE0, 0xF2, 0x01
    .byte   0xFF, 0xFF, 0x01, 0x20, 0x0E, 0xFF, 0x01, 0x21, 0xFF, 0x00, 0xFF, 0x01, 0x0E, 0x10, 0x02, 0x01
    .byte   0x0F, 0x0F, 0x00, 0xF0, 0xFF, 0xF0, 0x12,    3, 0x00, 0x1F, 0x00, 0x00, 0xE0, 0xFF, 0x00, 0x02
    .byte   0x02, 0x00, 0x0E, 0xF1, 0xFF, 0x1F, 0xFF, 0x10, 0x12, 0x0F, 0xFF, 0xF1, 0x1F, 0xF0, 0xFF, 0x10
    .byte   0x21, 0xFF, 0xFF, 0xF1, 0x20, 0xFE, 0xFF, 0x11,    0, 0x01, 0x00, 0xF0, 0x00, 0x1F, 0xFF, 0xF1
    .byte   0x11, 0x11, 0x0F, 0xF0, 0x0F, 0x00, 0x00, 0x10, 0x11, 0x0F, 0x00, 0x00, 0x00, 0x0E, 0xF0, 0x12
    .byte   0x1F, 0xFF, 0x00, 0x11, 0x10, 0xE0, 0xF0, 0x02, 0x00,    0, 0x01, 0xF1, 0x11, 0xFF, 0xFF, 0xF0
    .byte   0x20, 0x00, 0xFE, 0x11, 0x02, 0x0F, 0x0F, 0xF1, 0xF1, 0x0F, 0x00, 0xF0, 0x11, 0x10, 0xFF, 0xF0
    .byte   0xF1, 0x01, 0xFF, 0x01, 0x11, 0x00, 0x0F, 0x01, 0x00, 0x0F,   -2, 0x0F, 0x01, 0x21, 0x0F, 0xFF
    .byte   0xF1, 0x10, 0x0E, 0x00, 0x02, 0x01, 0x0F, 0xFF, 0x01, 0x00, 0xFF, 0xF0, 0x21, 0xF1, 0xF0, 0xF1
    .byte   0xF1, 0xF0, 0xF0, 0x00, 0x11, 0x00, 0xFF, 0x10, 0x11, 0xFF, 0xF0,   -1, 0x00, 0x10, 0x1F, 0x01
    .byte   0x00, 0x1F, 0x0F, 0x0F, 0x00, 0x10, 0x11, 0x0F, 0x0F, 0x10, 0x1F, 0xFF, 0xF0, 0x11, 0xF1, 0xF0
    .byte   0x01, 0x10, 0xF0, 0x0F, 0x0F, 0x11, 0x01, 0xF0, 0x00, 0x00, 0x00, 0x00,    1, 0x00, 0xF0, 0xF1
    .byte   0x01, 0x1F, 0x0F, 0xF1, 0x10, 0x0F, 0xFF, 0x10, 0x11, 0xF1, 0xF0, 0x01, 0x00, 0xFF, 0x0F, 0x10
    .byte   0x10, 0x1F, 0x11, 0xF0, 0xF0, 0xF0, 0x1F, 0x1F, 0x01, 0x01, 0x00, 0x0F, 0xF1,   -1, 0x00, 0x10
    .byte   0x0F, 0x10, 0x01, 0x00, 0x0F, 0xF0, 0x00, 0x01, 0x10, 0xF1, 0x0F, 0x0F, 0x00, 0xF0, 0x10, 0x11
    .byte   0xF1, 0x00, 0xF1, 0xF0, 0x0F, 0x1F, 0x1F, 0x11, 0xF0, 0x11, 0x0F, 0x0F, 0xFF, 0x00,    0, 0x0F
    .byte   0x11, 0x00, 0x01, 0xF0, 0xF0, 0xF0, 0xF1, 0x01, 0x10, 0xF1, 0xF0, 0x0F, 0x00, 0xF0, 0x11, 0x00
    .byte   0x00, 0x1F, 0x00, 0x10, 0x00, 0x0F, 0xF0, 0x00, 0x01, 0x01, 0x00, 0x1F, 0x00, 0xF0, 0xFF,   -1
    .byte   0x01, 0x00, 0x01, 0xF0, 0xF1, 0x1F, 0x0F, 0xF1, 0x00, 0x01, 0xF0, 0x10, 0x00, 0x01, 0x0F, 0xF0
    .byte   0x01, 0x00, 0x1F, 0x10, 0x01, 0xF0, 0x1F, 0x0F, 0x00, 0x00, 0xF1, 0xF1, 0x01, 0xF0, 0x1F, 0xF1
    .byte     -1, 0x01, 0xF1, 0x00, 0xF0, 0x10, 0x01, 0x0F, 0x01, 0xF0, 0x00, 0x00, 0x00, 0x10, 0x0F, 0x00
    .byte   0xF1, 0xF1, 0x1F, 0x11, 0xFF, 0x1F, 0xF1, 0x0F, 0x1F, 0x10, 0x00, 0x00, 0x1F, 0x00, 0xF1, 0x0F
    .byte   0x10,   -1, 0x01, 0xF1, 0x01, 0xF0, 0x0F, 0x01, 0x00, 0xF1, 0x00, 0x01, 0x0F, 0x00, 0x00, 0x00
    .byte   0x1F, 0xF0, 0x01, 0x01, 0x00, 0xF0, 0x00, 0xF0, 0x10, 0x00, 0x00, 0x1F, 0x0F, 0x10, 0xF1, 0xF1
    .byte   0xF0, 0x10,   -1, 0x00, 0x11, 0xF0, 0x01, 0xF1, 0xF1, 0x00, 0xF1, 0xF0, 0x00, 0xF1, 0x10, 0xF1
    .byte   0xF0, 0xF0, 0x01, 0x00, 0x00, 0xF1, 0xF1, 0x00, 0x0F, 0x10, 0x01, 0xF0, 0x1F, 0x0F, 0x01, 0x01
    .byte   0x00, 0xF0, 0xF1,   -1, 0x00, 0x1F, 0x10, 0x00, 0x00, 0x00, 0x0F, 0x1F, 0x10, 0x00, 0xF1, 0x00
    .byte   0x00, 0xF1, 0x00, 0x00, 0x00, 0x00, 0x00, 0x10, 0xF1, 0xF1, 0xF0, 0x00, 0x0F, 0x10, 0x00, 0x00
    .byte   0x0F, 0x10, 0x00, 0x01,    0, 0x0F, 0x1F, 0x1F, 0x10, 0x00, 0x00, 0xF1, 0xF1, 0x01, 0xF0, 0x0F
    .byte   0x10, 0x00, 0x00, 0x1F, 0x00, 0x00, 0x00, 0x01, 0xF0, 0x00, 0xF1, 0x1F, 0x1F, 0x00, 0x0F, 0x10
    .byte   0x0F, 0x10, 0x00, 0x0F, 0x1F,    0, 0x00, 0x00, 0xF1, 0xF1, 0x00, 0x00, 0x00, 0x00, 0x00, 0x00
    .byte   0x00, 0x00, 0xF1, 0x00, 0x00, 0x01, 0xF0, 0x0F, 0x10, 0xF1, 0xF1, 0x00, 0x00, 0x00, 0xF1, 0x1F
    .byte   0xF1, 0x1F, 0x01, 0xFF, 0x00, 0x01,    1, 0x0F, 0x00, 0x00, 0x01, 0xF0, 0x00, 0x00, 0x01, 0x00
    .byte   0xF0, 0x00, 0x00, 0x00, 0x00, 0x01, 0x00, 0x0F, 0x00, 0x01, 0x0F, 0x0F, 0x10, 0xF0, 0x10, 0x00
    .byte   0x01, 0xF0, 0x0F, 0x1F, 0x00, 0x10, 0x00,    1, 0x0F, 0x0F, 0x1F, 0x11, 0xF0, 0x01, 0xF0, 0x00
    .byte   0x0F, 0x1F, 0x10, 0x00, 0x01, 0xF1, 0xF0, 0x01, 0xF0, 0x01, 0xF0, 0x01, 0xFF, 0x10, 0x01, 0x00
    .byte   0xF0, 0xF1, 0x00, 0x00, 0x01, 0xF0, 0x00, 0x00,    0, 0x00, 0x00, 0x0F, 0x11, 0x0F, 0x00, 0x1F
    .byte   0x0F, 0x10, 0x0F, 0x10, 0x01, 0x0F, 0x00, 0x0F, 0x01, 0xF1, 0x00, 0x00, 0x00, 0x1F, 0x00, 0x10
    .byte   0xF0, 0xF1, 0x00, 0x1F, 0x01, 0xF0, 0x1F, 0x00, 0xF0,    0, 0x00, 0x01, 0x0F, 0xF1, 0x00, 0x00
    .byte   0x01, 0xF1, 0xF0, 0x1F, 0x00, 0x00, 0x00, 0x01, 0xF0, 0x0F, 0x10, 0xF1, 0x1F, 0xF0, 0x1F, 0x10
    .byte   0x00, 0x00, 0x00, 0x00, 0x00, 0x00, 0x00, 0x1F, 0xF1, 0x00,    0, 0x00, 0x0F, 0x1F, 0x10, 0x00
    .byte   0x00, 0x00, 0x01, 0xF0, 0xF1, 0x00, 0x00, 0x00, 0x00, 0x01, 0xF0, 0xF1, 0x00, 0x1F, 0x00, 0x00
    .byte   0x00, 0x00, 0x01, 0xF0, 0xF1, 0x00, 0x1F, 0x00, 0x00, 0x00, 0x1F,    1, 0x0F, 0x0F, 0x10, 0xF1
    .byte   0x0F, 0x11, 0xF0, 0x00, 0x00, 0x00, 0x00, 0x00, 0x1F, 0x1F, 0xF1, 0x0F, 0x10, 0x00, 0x00, 0x01
    .byte   0xF0, 0x00, 0x00, 0x1F, 0x00, 0x00, 0x0F, 0x00, 0x10, 0x0F, 0x10, 0x00,    0, 0x00, 0x00, 0x01
    .byte   0xFF, 0x10, 0x00, 0x01, 0xF0, 0x0F, 0x10, 0x1F, 0x1F, 0x00, 0x00, 0xF1, 0x00, 0x00, 0x1F, 0x01
    .byte   0xF0, 0x0F, 0x10, 0x00, 0x00, 0x1F, 0x00, 0x00, 0x00, 0x00, 0x00, 0x1F, 0x00,    0, 0x00, 0x00
    .byte   0x1F, 0x00, 0x00, 0x00, 0x00, 0x1F, 0x0F, 0x11, 0xF0, 0x00, 0x00, 0xF1, 0x1F, 0x1F, 0x1F, 0x00
    .byte   0x00, 0x00, 0xF1, 0xF1, 0x00, 0x00, 0x01, 0xF0, 0x00, 0x00, 0x01, 0xF0, 0x1F, 0x00,    0, 0x00
    .byte   0xF0, 0x11, 0x0F, 0x00, 0x01, 0x0F, 0x00, 0x00, 0x00, 0x0F, 0x10, 0x00, 0x00, 0x01, 0xFF, 0x10
    .byte   0x00, 0x00, 0x1F, 0x00, 0x01, 0xF0, 0x00, 0x00, 0x00, 0x00, 0x00, 0x00, 0x00, 0x00, 0x01,    1
    .byte   0x0F, 0x00, 0x00, 0x0F, 0x01, 0x1F, 0x00, 0x1F, 0x01, 0xF0, 0x0F, 0x10, 0x00, 0xF1, 0x01, 0xF0
    .byte   0x1F, 0x00, 0x00, 0x1F, 0x0F, 0x10, 0x00, 0x00, 0x00, 0x00, 0xF1, 0x00, 0x00, 0x0F, 0x10, 0x00
    .byte      1, 0x0F, 0x00, 0x00, 0x00, 0x00, 0x00, 0x00, 0x0F, 0x1F, 0x10, 0x01, 0xF0, 0x00, 0x01, 0x0F
    .byte   0x1F, 0x00, 0x1F, 0xF1, 0x0F, 0x1F, 0x1F, 0x01, 0xF1, 0x00, 0x00, 0x01, 0xF0, 0x0F, 0x1F, 0x01
    .byte   0x1F,    1, 0x0F, 0x00, 0x00, 0x00, 0x1F, 0x1F, 0x0F, 0x1F, 0x01, 0x00, 0xF1, 0x1F, 0x1F, 0x00
    .byte   0x01, 0xFF, 0x10, 0x00, 0x00, 0x00, 0x00, 0x00, 0xF1, 0x00, 0x00, 0x0F, 0x1F, 0x10, 0x00, 0x00
    .byte   0x00, 0xF1,   -1, 0x01, 0xF1, 0x00, 0x00, 0x0F, 0x01, 0xF0, 0x10, 0x00, 0x00, 0x00, 0x00, 0x00
    .byte   0x00, 0x0F, 0x10, 0x00, 0x00, 0x00, 0x01, 0xFF, 0x01, 0xF1, 0x00, 0x00, 0x0F, 0x1F, 0x10, 0x00
    .byte   0x00, 0x00, 0x00,    0, 0x00, 0x00, 0x0F, 0x10, 0x00, 0x00, 0x01, 0xF0, 0xF1, 0x01, 0xF0, 0x10
    .byte   0xF0, 0x00, 0x0F, 0x11, 0xF0, 0x00, 0x00, 0x0F, 0x1F, 0x10, 0x00, 0x00, 0x00, 0x00, 0x00, 0x00
    .byte   0x01, 0xFF, 0x10, 0x00,   -1, 0x00, 0x10, 0x00, 0x01, 0xFF, 0x10, 0x00, 0x00, 0x00, 0x00, 0x00
    .byte   0x00, 0x10, 0xF0, 0x00, 0xF1, 0x1F, 0x00, 0x1F, 0x01, 0xF1, 0xF0, 0x00, 0x00, 0x0F, 0x1F, 0x10
    .byte   0x00, 0xF1, 0x00, 0x00, 0x00,    0, 0x01, 0xF0, 0x1F, 0xF1, 0x0F, 0x10, 0x00, 0x00, 0xF1, 0xF1
    .byte   0x01, 0xF0, 0x0F, 0x10, 0x10, 0x0F, 0x01, 0xF0, 0x00, 0x0F, 0x01, 0x1F, 0x1F, 0x0F, 0x1F, 0x10
    .byte   0x1F, 0x00, 0xF1, 0x01, 0xF0, 0x00,    0, 0x00, 0x00, 0x00, 0x00, 0x1F, 0x00, 0x00, 0x00, 0x00
    .byte   0x00, 0x10, 0xF0, 0x01, 0xF1, 0xF0, 0x01, 0xF0, 0x00, 0x00, 0x01, 0xF0, 0x01, 0xFF, 0x10, 0x1F
    .byte   0x00, 0x00, 0x0F, 0x10, 0x01, 0xF0, 0x1F,    0, 0x00, 0x0F, 0x10, 0x00, 0x00, 0x0F, 0x01, 0x00
    .byte   0x00, 0x00, 0xF1, 0xF1, 0x00, 0x00, 0x0F, 0x10, 0x01, 0xF0, 0x00, 0x01, 0xF0, 0x1F, 0x00, 0x00
    .byte   0x00, 0x1F, 0x1F, 0xF1, 0x00, 0x01, 0xF0, 0xF0,    0, 0x0F, 0x10, 0x01, 0xF0, 0x1F, 0x00, 0x00
    .byte   0x00, 0x01, 0xF0, 0x00, 0x0F, 0x10, 0x00, 0x10, 0xF0, 0xF0, 0x01, 0x00, 0xF1, 0x00, 0xF1, 0x00
    .byte   0x00, 0x00, 0x01, 0xFF, 0x10, 0x00, 0xF1, 0x00, 0x10,    0, 0x0F, 0x10, 0x1F, 0x00, 0x01, 0xF0
    .byte   0x1F, 0x01, 0xF0, 0x00, 0x00, 0x01, 0x0F, 0x00, 0xF1, 0x00, 0x00, 0x00, 0x0F, 0x10, 0x00, 0x00
    .byte   0x01, 0xF0, 0xF1, 0x01, 0xF0, 0x00, 0xF1, 0x10, 0xF1, 0xF0,    0, 0x00, 0xF1, 0x00, 0x1F, 0x00
    .byte   0x00, 0x1F, 0x00, 0x00, 0x0F, 0x10, 0x00, 0x00, 0x00, 0x0F, 0x00, 0x01, 0x0F, 0x1F, 0x10, 0xF1
    .byte   0xF1, 0x00, 0x00, 0x01, 0xFF, 0x10, 0xF1, 0x00, 0xF1, 0x00, 0x00,    0, 0x00, 0x00, 0x00, 0x10
    .byte   0xFF, 0x10, 0x01, 0xF0, 0x00, 0x1F, 0xF1, 0x01, 0xF0, 0x0F, 0x10, 0x00, 0x00, 0x00, 0x01, 0xF0
    .byte   0x00, 0x00, 0x00, 0x00, 0x00, 0x00, 0x0F, 0x11, 0xF1, 0xF0, 0x00, 0x1F,    1, 0x0F, 0x00, 0xF1
    .byte   0x01, 0xF0, 0x00, 0xF0, 0x10, 0x00, 0x00, 0x00, 0x00, 0x1F, 0x10, 0xF0, 0x00, 0x00, 0x0F, 0x10
    .byte   0x00, 0x00, 0x00, 0x00, 0x00, 0x00, 0x0F, 0x01, 0x10, 0xF0, 0x00, 0x10, 0xF0,    0, 0x01, 0xFF
    .byte   0x10, 0x00, 0x01, 0xF0, 0xF1, 0x00, 0x00, 0x00, 0x00, 0x00, 0x10, 0xF0, 0x00, 0x1F, 0x00, 0x0F
    .byte   0x10, 0x00, 0x00, 0x00, 0x0F, 0x10, 0x00, 0x1F, 0x1F, 0x00, 0x00, 0x1F, 0x1F, 0x0F,    0, 0x00
    .byte   0x0F, 0x01, 0x1F, 0x1F, 0x00, 0x0F, 0x10, 0x00, 0xF1, 0x1F, 0xF1, 0x00, 0xF1, 0x1F, 0x00, 0x00
    .byte   0x01, 0xFF, 0x1F, 0x1F, 0x01, 0x0F, 0x10, 0x00, 0x00, 0x01, 0xF0, 0x00, 0x00, 0x00, 0x00,   -1
    .byte   0x01, 0x01, 0xF0, 0x01, 0xF0, 0x00, 0x00, 0x01, 0xF1, 0xF0, 0xF1, 0x00, 0xF1, 0xF0, 0x1F, 0x1F
    .byte   0x10, 0x01, 0xF0, 0x0F, 0x10, 0x00, 0xF1, 0x00, 0xF1, 0x00, 0x1F, 0x00, 0x00, 0xF0, 0x01, 0x00
    .byte      0, 0x00, 0x1F, 0x01, 0xF1, 0xF0, 0x01, 0x0F, 0x01, 0xFF, 0x10, 0x0F, 0x10, 0x00, 0x00, 0x00
    .byte   0x00, 0x00, 0x00, 0x0F, 0x1F, 0x10, 0x00, 0x01, 0x0F, 0xF1, 0x10, 0x0F, 0x0F, 0x10, 0x00, 0x00
    .byte   0x01,    0, 0x00, 0x1F, 0x1F, 0x00, 0x01, 0xF0, 0x00, 0x00, 0x00, 0x0F, 0x10, 0xF1, 0xF1, 0xF1
    .byte   0x00, 0x00, 0x00, 0x00, 0x0F, 0x10, 0x0F, 0x10, 0x00, 0x00, 0x1F, 0x00, 0x00, 0x00, 0x00, 0x0F
    .byte   0x10, 0x00,    0, 0x00, 0x00, 0x00, 0x00, 0x00, 0x0F, 0x11, 0x0F, 0x1F, 0x00, 0x0F, 0x11, 0x0F
    .byte   0x00, 0x00, 0xF1, 0xF1, 0xF0, 0x10, 0x00, 0x0F, 0x01, 0xF0, 0x10, 0x1F, 0x00, 0x00, 0x01, 0x00
    .byte   0xF0, 0x00, 0x00,   -1, 0x01, 0x00, 0x00, 0x00, 0x0F, 0x10, 0xF1, 0x00, 0x1F, 0x0F, 0x10, 0x0F
    .byte   0x11, 0xF0, 0x0F, 0x10, 0x00, 0xF1, 0x10, 0xFF, 0x10, 0x1F, 0x00, 0x00, 0x00, 0x0F, 0x00, 0x11
    .byte   0xF0, 0x00, 0x00, 0x01,    0, 0x00, 0x00, 0xF1, 0x0F, 0x10, 0x00, 0x00, 0x00, 0x00, 0x0F, 0x10
    .byte   0x00, 0x00, 0x1F, 0x00, 0x00, 0x00, 0x00, 0x01, 0xF0, 0x00, 0x0F, 0x01, 0x00, 0x1F, 0x0F, 0x1F
    .byte   0x10, 0x1F, 0x00, 0x00, 0x00,    0, 0x00, 0x00, 0x10, 0xF0, 0x00, 0x00, 0x00, 0x00, 0xF1, 0xF1
    .byte   0x10, 0xF0, 0x00, 0x00, 0x00, 0x00, 0x0F, 0x10, 0x00, 0x0F, 0x10, 0x00, 0x00, 0x00, 0xF0, 0x10
    .byte   0x00, 0x00, 0x00, 0x00, 0x01, 0x0F,    0, 0x00, 0x00, 0x00, 0x01, 0x0F, 0x00, 0x00, 0x00, 0x00
    .byte   0x10, 0xF0, 0x00, 0x0F, 0x01, 0x00, 0xF1, 0x00, 0x0F, 0x10, 0x00, 0x00, 0x00, 0x00, 0x00, 0x01
    .byte   0xF0, 0x01, 0xF0, 0x00, 0x00, 0x00, 0x00,    0, 0x00, 0x1F, 0x10, 0xF0, 0x01, 0xF0, 0x1F, 0x00
    .byte   0x1F, 0x00, 0x00, 0x00, 0x01, 0xF0, 0x01, 0xF0, 0x1F, 0x00, 0x00, 0x00, 0x00, 0x1F, 0x00, 0x00
    .byte   0x00, 0xF1, 0x00, 0x00, 0x00, 0x10, 0xF0, 0xF1,    0, 0x00, 0x00, 0x00, 0x1F, 0x00, 0x1F, 0x00
    .byte   0x00, 0x00, 0x00, 0x00, 0x0F, 0x10, 0x00, 0x0F, 0x01, 0x00, 0xF1, 0x00, 0x01, 0xF0, 0x1F, 0x00
    .byte   0xF1, 0x00, 0x1F, 0xF1, 0x01, 0xFF, 0x11, 0xF0, 0x00,    0, 0x00, 0x00, 0x01, 0x00, 0xF1, 0xF0
    .byte   0x00, 0x1F, 0x1F, 0x00, 0x01, 0xF0, 0x00, 0x00, 0x00, 0xF1, 0x00, 0x00, 0x00, 0x00, 0x00, 0x01
    .byte   0xF0, 0x00, 0x01, 0xF0, 0x00, 0x00, 0x1F, 0x00, 0x00, 0x00,    0, 0x00, 0x00, 0x00, 0x1F, 0x1F
    .byte   0x0F, 0x10, 0x00, 0x00, 0x00, 0x0F, 0x10, 0x0F, 0x10, 0x00, 0xF1, 0x01, 0xF1, 0xFF, 0x01, 0x00
    .byte   0x00, 0x00, 0x01, 0xF0, 0x00, 0x00, 0x00, 0x00, 0x00, 0x00, 0x01,    0, 0x00, 0x01, 0xF0, 0x00
    .byte   0x00, 0x00, 0x00, 0x00, 0x00, 0x00, 0xF1, 0x00, 0x0F, 0x10, 0xF1, 0x00, 0xF1, 0x00, 0x00, 0x1F
    .byte   0x00, 0x00, 0x0F, 0x11, 0xF0, 0x00, 0x00, 0x1F, 0x01, 0xF0, 0xF1, 0x00,    0, 0x00, 0x1F, 0x00
    .byte   0x1F, 0x00, 0x0F, 0x11, 0x0F, 0x00, 0x0F, 0x10, 0x00, 0xF1, 0x00, 0x0F, 0x10, 0xF1, 0x00, 0x0F
    .byte   0x10, 0x00, 0x1F, 0x00, 0x0F, 0x10, 0x01, 0xF0, 0x00, 0x00, 0x00, 0x0F, 0x10,    0, 0x01, 0xF0
    .byte   0x00, 0x00, 0x1F, 0xF1, 0xF1, 0x00, 0x0F, 0x11, 0xF0, 0xF1, 0x00, 0x00, 0x0F, 0x1F, 0x1F, 0x10
    .byte   0x01, 0xF0, 0x00, 0x00, 0x1F, 0xF1, 0x00, 0x00, 0x00, 0x0F, 0x10, 0x00, 0x00, 0xF1,    0, 0x01
    .byte   0xF0, 0x00, 0x0F, 0x01, 0x00, 0x00, 0x00, 0x00, 0x00, 0x00, 0xF1, 0x0F, 0x1F, 0x1F, 0x10, 0x00
    .byte   0x01, 0xF0, 0x01, 0x00, 0xF0, 0x00, 0x00, 0x00, 0xF1, 0x00, 0x00, 0x00, 0x00, 0x00, 0x00

    .end
