    .section .rodata
    .global Chapter_02_Line_0006_Compressed
    .align  2

Chapter_02_Line_0006_Compressed:

    .byte   0x1, 0x0, 0x0, 0x0
    .word   0x00D10C00  @ Mid-C ~13379.000000
    .word   0, 46515

    .byte     -9, 0x0D, 0x0F, 0x00, 0xE1, 0xEE, 0xEE, 0x23, 0x54, 0x43, 0x22, 0x22, 0x22, 0xFF, 0xFF, 0x00
    .byte   0xF1, 0xFF, 0xDD, 0xDD, 0xFE, 0xDD, 0xDC, 0xDC, 0xCD, 0xDD, 0xEE, 0xE0, 0x12, 0x11, 0x0F, 0xFE
    .byte   0x24,  -63, 0x05, 0x55, 0x44, 0x34, 0x33, 0x32, 0xF0, 0x10, 0xE0, 0xFF, 0xEE, 0xDD, 0xDE, 0xED
    .byte   0xED, 0xDD, 0xDD, 0xDE, 0xDD, 0xED, 0xEE, 0xEF, 0xF0, 0x11, 0x22, 0x22, 0x22, 0x0F, 0xF0, 0xEE
    .byte   0xEE, 0x11,  -48, 0x03, 0x34, 0x44, 0x34, 0x33, 0x42, 0x22, 0x20, 0xEF, 0xFE, 0xED, 0xED, 0xDE
    .byte   0xDD, 0xDE, 0xDE, 0xDE, 0xED, 0xFE, 0xEE, 0xEF, 0xEF, 0xEF, 0xE1, 0x0F, 0x10, 0x01, 0xFF, 0x0F
    .byte   0x1F, 0x0F, 0x11,  -54, 0x02, 0x33, 0x43, 0x44, 0x43, 0x43, 0x33, 0x22, 0x11, 0x1F, 0xFE, 0xED
    .byte   0xDD, 0xDD, 0xDD, 0xDD, 0xDD, 0xDE, 0xDE, 0xEE, 0xFE, 0xEE, 0xEE, 0xEF, 0xF0, 0x20, 0x20, 0x20
    .byte   0x0F, 0x0E, 0xEF, 0xEF,  -68, 0x02, 0x23, 0x34, 0x44, 0x44, 0x34, 0x33, 0x33, 0x22, 0x21, 0x1F
    .byte   0xFF, 0xEE, 0xDD, 0xDC, 0xCC, 0xCD, 0xCD, 0xDF, 0xEF, 0xEF, 0xFE, 0xEE, 0xEE, 0xF0, 0xF2, 0x10
    .byte   0x20, 0x01, 0x0E, 0xFE, 0xEE,  -78, 0x0F, 0xFF, 0x33, 0x44, 0x45, 0x44, 0x44, 0x43, 0x22, 0x20
    .byte   0x1F, 0x02, 0x0F, 0xEE, 0xDD, 0xCD, 0xCB, 0xCB, 0xDC, 0xEF, 0x21, 0x11, 0xFE, 0xED, 0xED, 0xFE
    .byte   0x11, 0x12, 0x22, 0x22, 0x11, 0xED,  -71, 0x0E, 0xEF, 0x23, 0x44, 0x45, 0x45, 0x44, 0x33, 0x02
    .byte   0x10, 0x02, 0x22, 0x21, 0xFD, 0xDD, 0xCC, 0xBC, 0xBC, 0xCD, 0x21, 0x32, 0x1E, 0xED, 0xDD, 0xDE
    .byte   0x01, 0x22, 0x31, 0x12, 0x0F, 0xE0, 0xDE,  -76, 0x0E, 0xEF, 0x13, 0x34, 0x45, 0x55, 0x44, 0x43
    .byte   0x2F, 0x00, 0x02, 0x22, 0x22, 0xEF, 0xDC, 0xCC, 0xBA, 0xBD, 0xD0, 0x13, 0x21, 0xED, 0xCD, 0xCE
    .byte   0xF0, 0x33, 0x33, 0x3F, 0x1D, 0xDE, 0xDE, 0x01,  -76, 0x01, 0x10, 0x12, 0x34, 0x44, 0x54, 0x55
    .byte   0x43, 0x1F, 0xF0, 0x12, 0x13, 0x20, 0xED, 0xDC, 0xBC, 0xBB, 0xCE, 0xF0, 0xEE, 0xDD, 0xCD, 0xD1
    .byte   0x13, 0x33, 0x33, 0x21, 0xEE, 0xED, 0xEF, 0xF1, 0x00,  -67, 0x0E, 0xDD, 0xF2, 0x44, 0x55, 0x56
    .byte   0x44, 0x22, 0x11, 0x12, 0x23, 0x21, 0xFE, 0xDD, 0xCC, 0xBC, 0xCC, 0xDE, 0xDD, 0xCD, 0xDD, 0xE1
    .byte   0x23, 0x33, 0x32, 0x20, 0xDE, 0xED, 0x0E, 0x11, 0xFE, 0xED,  -90, 0x0D, 0xF2, 0x45, 0x46, 0x55
    .byte   0x44, 0x32, 0x23, 0x12, 0x22, 0x2F, 0xEE, 0xDD, 0xDC, 0xDC, 0xCC, 0xBD, 0xCC, 0xDD, 0xEF, 0x13
    .byte   0x22, 0x30, 0x11, 0x0F, 0x0E, 0xF0, 0xDF, 0xDE, 0xED, 0xDF, 0xD0, -106, 0x04, 0x45, 0x56, 0x55
    .byte   0x33, 0x32, 0x32, 0x22, 0x22, 0xEE, 0xEE, 0xDD, 0xCE, 0xCB, 0xBC, 0xCC, 0xED, 0xED, 0xE1, 0x22
    .byte   0x33, 0x32, 0x2E, 0xEE, 0xDF, 0xEE, 0xDD, 0xDC, 0xEE, 0xE0, 0x23, 0x45,  -42, 0x05, 0x56, 0x43
    .byte   0x44, 0x22, 0x22, 0x11, 0x0E, 0xFF, 0xDD, 0xCD, 0xCB, 0xBC, 0xCE, 0xCE, 0xDD, 0xEE, 0x33, 0x34
    .byte   0x21, 0xED, 0x0E, 0x00, 0xDE, 0xCD, 0xDD, 0xEE, 0xE1, 0x34, 0x55, 0x55, 0x55,   71, 0x04, 0x42
    .byte   0x21, 0x02, 0xF1, 0x01, 0xEC, 0xDC, 0xCC, 0xBC, 0xDC, 0xDC, 0xEF, 0xF2, 0x14, 0x33, 0x21, 0x0E
    .byte   0xDF, 0xEE, 0xEC, 0xDD, 0xCD, 0xDE, 0xEE, 0x03, 0x55, 0x55, 0x45, 0x44, 0x54, 0x3F,  113, 0x01
    .byte   0x02, 0xF0, 0x0C, 0xCC, 0xCD, 0xBC, 0xBC, 0xCD, 0xF3, 0x13, 0x13, 0x40, 0x31, 0xF0, 0xEE, 0xEF
    .byte   0xDD, 0xCD, 0xCD, 0xCD, 0xEF, 0x34, 0x54, 0x45, 0x46, 0x45, 0x43, 0x20, 0x22, 0x20, 0xEE,  102
    .byte   0x0C, 0xCD, 0xCC, 0xAC, 0xCC, 0xED, 0x02, 0x23, 0x43, 0x41, 0x23, 0x11, 0xEE, 0xED, 0xDD, 0xCC
    .byte   0xCC, 0xCE, 0xE1, 0x44, 0x44, 0x55, 0x55, 0x45, 0x33, 0x20, 0x30, 0x2E, 0xDE, 0xDC, 0xDB, 0xCB
    .byte    -24, 0x0D, 0xCD, 0xDE, 0x13, 0x43, 0x24, 0x32, 0x33, 0x2F, 0xDE, 0xED, 0xDC, 0xCB, 0xBD, 0xDE
    .byte   0x13, 0x44, 0x35, 0x55, 0x63, 0x44, 0x33, 0x33, 0x1F, 0xED, 0x1E, 0xBC, 0xCB, 0xCB, 0xBD, 0xDC
    .byte   0xE3,  -64, 0x04, 0x01, 0x54, 0x40, 0x33, 0x1E, 0xEF, 0xFC, 0xCC, 0xBA, 0xCD, 0xFE, 0xE4, 0x53
    .byte   0xF5, 0x66, 0x5D, 0x55, 0x41, 0x03, 0x2F, 0xDF, 0x2C, 0xBB, 0xCF, 0xB9, 0xC0, 0x2C, 0xC3, 0x52
    .byte   0x23, 0x54,    4, 0x02, 0x54, 0xFB, 0x14, 0xDB, 0xCF, 0xEB, 0xAB, 0xDD, 0xF2, 0x34, 0x34, 0x46
    .byte   0x56, 0xF3, 0x54, 0x30, 0x12, 0x12, 0xFE, 0xCB, 0xBC, 0xCB, 0xBB, 0xDE, 0xDE, 0x23, 0x33, 0x44
    .byte   0x44, 0x34, 0x42,   58, 0x01, 0xED, 0xED, 0xCC, 0xDD, 0xCB, 0xBC, 0xDD, 0xD1, 0x46, 0x3A, 0x67
    .byte   0x77, 0x8F, 0x77, 0xEA, 0x26, 0x3D, 0xBF, 0x4B, 0xAC, 0xBC, 0xBB, 0xF2, 0xBC, 0x44, 0x22, 0xD3
    .byte   0x63, 0xD4, 0x45, 0x3F,   44, 0x03, 0x3F, 0xED, 0xD3, 0x1C, 0xCD, 0xF1, 0xDC, 0xE2, 0x0D, 0xDF
    .byte   0x3F, 0xCC, 0xEE, 0xCC, 0xD1, 0x77, 0xA9, 0x77, 0x7B, 0x97, 0x75, 0x8C, 0x77, 0x29, 0x97, 0x59
    .byte   0xCB, 0xB3, 0xCC, 0xEB, 0xD4,  -25, 0x0B, 0xB5, 0x34, 0xFB, 0x65, 0x1F, 0xD4, 0x53, 0xDC, 0x43
    .byte   0xEF, 0xCD, 0x0E, 0x3D, 0xB0, 0x22, 0xDB, 0x23, 0xFD, 0xD3, 0x4C, 0xF1, 0x34, 0xDF, 0x22, 0x30
    .byte   0x12, 0x32, 0x12, 0x30, 0x30, 0xD3,   42, 0x0E, 0x0D, 0xDE, 0xDE, 0xDC, 0xDC, 0xCD, 0xBC, 0x37
    .byte   0x68, 0xB7, 0x77, 0x8A, 0x77, 0x48, 0x37, 0x74, 0x9C, 0x70, 0xB4, 0xAA, 0x53, 0xCA, 0xB3, 0x6D
    .byte   0x8B, 0x74, 0xBA, 0xC6, 0x7B, 0xA1, 0x55,    2, 0x0F, 0xA4, 0x63, 0x4B, 0xB6, 0x6F, 0xBC, 0x25
    .byte   0x4B, 0xA4, 0x3E, 0xEB, 0xB4, 0x4C, 0xCC, 0xE4, 0x4C, 0xD2, 0x35, 0x3B, 0xE5, 0x41, 0xDD, 0x34
    .byte   0xFC, 0xE0, 0x02, 0xEC, 0xE2, 0x31, 0xCD, 0x34,   -1, 0x0C, 0x03, 0x31, 0xE0, 0x23, 0x00, 0xFF
    .byte   0x11, 0x0E, 0xE0, 0x2F, 0xED, 0x22, 0xFE, 0xF0, 0x20, 0x0E, 0x22, 0x0F, 0xF0, 0x11, 0xFE, 0x10
    .byte   0xFF, 0xE1, 0x0E, 0x01, 0x00, 0xF0, 0x10, 0x20, 0x11,   -1, 0x01, 0x21, 0x10, 0x21, 0xF0, 0x01
    .byte   0x0E, 0x0F, 0x0F, 0xEF, 0x0F, 0xFF, 0xF1, 0xFF, 0x00, 0x10, 0x11, 0x01, 0x11, 0x00, 0x01, 0x01
    .byte   0xF0, 0x10, 0xFF, 0xF1, 0x0F, 0xFF, 0x10, 0xFF, 0x00, 0x11,   -2, 0x00, 0x11, 0x10, 0x00, 0x2F
    .byte   0x0F, 0x10, 0x0F, 0x0F, 0x00, 0xF1, 0xFF, 0x0F, 0xF0, 0xF0, 0x00, 0x00, 0x00, 0x10, 0x10, 0x11
    .byte   0x11, 0x00, 0x01, 0x0F, 0x00, 0xF0, 0x0F, 0xFF, 0xFF, 0x0E, 0x10,   -6, 0x00, 0xF0, 0x11, 0x10
    .byte   0x11, 0x11, 0x10, 0x11, 0x10, 0x10, 0x00, 0x0F, 0x0F, 0x0F, 0xFF, 0x0F, 0x1F, 0x00, 0x10, 0x1F
    .byte   0x01, 0x11, 0xF1, 0xFF, 0x1F, 0x1F, 0x0F, 0x0F, 0xFF, 0x0F, 0x0F, 0x00,   -4, 0x0F, 0x01, 0x01
    .byte   0x01, 0x1F, 0x11, 0x11, 0x01, 0xF1, 0x00, 0x01, 0x0F, 0x00, 0x0F, 0x10, 0xF0, 0xF0, 0x00, 0xF0
    .byte   0xF1, 0xF0, 0xF0, 0x00, 0xF0, 0x0F, 0x00, 0x00, 0x01, 0x01, 0x00, 0x10, 0x10,    1, 0x00, 0x10
    .byte   0x1F, 0x01, 0x10, 0x00, 0xF0, 0x0F, 0x00, 0x00, 0xF0, 0xF0, 0x0F, 0x0F, 0x10, 0xF0, 0x00, 0x1F
    .byte   0x01, 0xF0, 0x11, 0x01, 0xF0, 0x00, 0x01, 0x00, 0x0F, 0x10, 0xF1, 0xF0, 0x01, 0x0F,    1, 0x00
    .byte   0xF0, 0x00, 0x10, 0x00, 0x0F, 0x00, 0x00, 0xF1, 0xF1, 0xF1, 0xF0, 0x00, 0x01, 0xF0, 0x01, 0x00
    .byte   0x00, 0x00, 0x1F, 0x00, 0x01, 0x0F, 0x01, 0x0F, 0x00, 0x00, 0x10, 0xF0, 0x01, 0x00, 0x00,    1
    .byte   0x00, 0x00, 0xF1, 0x0F, 0x00, 0x00, 0x00, 0x00, 0xF1, 0xF1, 0x00, 0xF0, 0x10, 0x00, 0xF1, 0x0F
    .byte   0x01, 0x0F, 0x10, 0xF0, 0xF1, 0x00, 0x1F, 0x10, 0x00, 0x01, 0xF1, 0x00, 0x00, 0x01, 0xFF, 0x10
    .byte      0, 0x01, 0x0F, 0x00, 0x0F, 0x01, 0xF1, 0x0F, 0x00, 0x00, 0x00, 0x01, 0x00, 0x00, 0xF1, 0x1F
    .byte   0x01, 0x0F, 0x00, 0x1F, 0x01, 0x00, 0xF0, 0x10, 0xF0, 0xF1, 0x0F, 0x10, 0xF1, 0xF1, 0x00, 0x1F
    .byte   0x00,    0, 0x0F, 0x10, 0x00, 0xF0, 0x01, 0x00, 0x0F, 0x10, 0x00, 0x0F, 0x01, 0x0F, 0x11, 0x0F
    .byte   0x00, 0x00, 0x00, 0x10, 0xF0, 0x10, 0xF1, 0xF0, 0x00, 0x01, 0xF1, 0xFF, 0x01, 0xF0, 0x00, 0x00
    .byte   0x1F, 0x1F,   -1, 0x01, 0x00, 0x1F, 0xF1, 0x00, 0x01, 0x0F, 0x10, 0x00, 0x00, 0x00, 0x0F, 0x01
    .byte   0xF0, 0x00, 0x00, 0x00, 0x00, 0x0F, 0x1F, 0x1F, 0x01, 0xF0, 0x10, 0xF0, 0x10, 0x00, 0x00, 0x01
    .byte   0xF0, 0x1F, 0x01,    1, 0x00, 0x00, 0x1F, 0xF0, 0x01, 0xF0, 0x00, 0x0F, 0x10, 0xF0, 0xF1, 0xFF
    .byte   0xFF, 0x11, 0x20, 0x43, 0xCB, 0xF4, 0xEC, 0x54, 0xB2, 0x4B, 0x04, 0x0C, 0x02, 0xF2, 0x34, 0x1A
    .byte   0xD5, 0xFC, 0x43, 0xCF,    3, 0x0C, 0x04, 0xEE, 0x31, 0xD2, 0x2D, 0x13, 0xEE, 0x20, 0xD3, 0x2D
    .byte   0x13, 0xD1, 0x2F, 0xF1, 0xFF, 0x20, 0xFE, 0x20, 0xE2, 0xFE, 0x21, 0xE1, 0x11, 0xF1, 0x1E, 0x02
    .byte   0xF0, 0xFF, 0x0F, 0x13, 0xC2,    6, 0x0D, 0xE2, 0x3F, 0xD2, 0x1E, 0x20, 0xE2, 0x0E, 0x32, 0xDD
    .byte   0x4D, 0xB7, 0x28, 0x56, 0xCA, 0x6F, 0xD3, 0xEB, 0x37, 0x9E, 0x53, 0xCB, 0x56, 0xAA, 0x47, 0xC9
    .byte   0x55, 0xEC, 0xD2, 0x7B, 0x9F, 0x76,  -19, 0x0C, 0x7E, 0xA6, 0x4B, 0xB6, 0xDE, 0x3C, 0xC7, 0xD9
    .byte   0x63, 0xC3, 0x1A, 0x62, 0xB5, 0xDD, 0x32, 0x3B, 0xD6, 0x29, 0x56, 0x84, 0x7D, 0x86, 0x5B, 0xD6
    .byte   0xBB, 0x64, 0x94, 0x6A, 0xC6, 0xEB, 0x43,   -7, 0x04, 0x2A, 0x44, 0x1B, 0x06, 0xE9, 0x56, 0xBC
    .byte   0x05, 0xED, 0xEE, 0x43, 0xA2, 0x53, 0xA3, 0x5B, 0x23, 0xC5, 0xF9, 0x67, 0x8E, 0x7B, 0xB7, 0xBA
    .byte   0x72, 0xA2, 0x41, 0xC3, 0x5A, 0x15, 0xC1, 0xF3,   -6, 0x0F, 0x5B, 0xC7, 0xAD, 0x7B, 0xB3, 0x5C
    .byte   0xF0, 0x21, 0xD4, 0xC4, 0xDD, 0x32, 0x3D, 0xA6, 0x4C, 0x1C, 0x3D, 0x51, 0xBC, 0x61, 0xA6, 0x3A
    .byte   0x25, 0xED, 0xC4, 0xF4, 0xDC, 0xD5, 0x4A, 0x15, 0xEB,   19, 0x0E, 0xBE, 0x32, 0x5B, 0xB5, 0x22
    .byte   0xED, 0x04, 0xC2, 0x41, 0x96, 0x4B, 0xFF, 0x5F, 0xA2, 0x6C, 0xD3, 0xC1, 0x6C, 0xB5, 0x4A, 0x15
    .byte   0xCC, 0x5D, 0x23, 0xDB, 0x46, 0xAE, 0x32, 0xDE, 0x5D, 0xC4,  -11, 0x02, 0x6B, 0xC3, 0x6A, 0xA7
    .byte   0x2B, 0xE3, 0x41, 0xCD, 0x23, 0x4B, 0xE6, 0xBD, 0x53, 0xA2, 0x4D, 0x23, 0xB2, 0x5D, 0xD4, 0xDB
    .byte   0x55, 0xB9, 0x65, 0xCE, 0x3E, 0xF4, 0xBE, 0x6E, 0x86, 0x7C, 0x95,    2, 0x03, 0x3C, 0xC3, 0xEE
    .byte   0x4E, 0x3C, 0xC5, 0x6A, 0xB4, 0x32, 0x2E, 0xB1, 0x4E, 0x24, 0xBB, 0x56, 0xDA, 0x33, 0x34, 0xCB
    .byte   0x4F, 0xE4, 0x2D, 0xB2, 0x61, 0xCC, 0xE4, 0x4C, 0xD1, 0x2D, 0x44, 0xCB,  -24, 0x04, 0x5D, 0xDD
    .byte   0xF5, 0xED, 0x4D, 0xB5, 0x4B, 0xF2, 0xDF, 0x32, 0xEF, 0xDC, 0x54, 0xCD, 0xD4, 0x31, 0xEE, 0x02
    .byte   0x02, 0x2E, 0xCE, 0x33, 0xFE, 0xB3, 0x5D, 0x01, 0xD3, 0x3C, 0xF4, 0xDC, 0x51,    1, 0x0D, 0x04
    .byte   0x3D, 0xC2, 0x2F, 0xE2, 0x3E, 0xDE, 0x33, 0xDC, 0x33, 0xE3, 0x2E, 0xEC, 0x24, 0x3E, 0xBD, 0x34
    .byte   0x13, 0xEC, 0xD2, 0x43, 0x2C, 0xC1, 0x43, 0x20, 0xBD, 0x44, 0xEC, 0xE1, 0x22, 0x20,   -7, 0x0D
    .byte   0x52, 0xD3, 0xCC, 0x34, 0x12, 0xDC, 0x04, 0x4E, 0xCD, 0xD4, 0x42, 0xDB, 0xD4, 0x43, 0x0B, 0xC4
    .byte   0x43, 0x4C, 0xBD, 0x53, 0x0E, 0xCD, 0x24, 0x3E, 0xDC, 0xE3, 0x42, 0xED, 0xDE, 0x44, 0xE1,   -4
    .byte   0x0C, 0x24, 0x43, 0xEB, 0xCF, 0x34, 0x3F, 0x0E, 0xDD, 0xD1, 0x44, 0x31, 0xCC, 0xCE, 0x35, 0x50
    .byte   0xCB, 0xB1, 0x55, 0x4D, 0xCB, 0xE3, 0x44, 0x2C, 0xCC, 0x23, 0x44, 0x1D, 0xCC, 0xD4, 0x53, 0xDD
    .byte    -10, 0x0D, 0x43, 0x32, 0xDC, 0xD2, 0x33, 0x2D, 0xDE, 0xE4, 0x31, 0xFD, 0xCD, 0x34, 0x43, 0xEB
    .byte   0xCD, 0x25, 0x52, 0xDB, 0xCD, 0x34, 0x52, 0xDC, 0xCE, 0x34, 0x30, 0xDD, 0xDF, 0x24, 0x3E, 0xFE
    .byte   0xDD,  -10, 0x03, 0x23, 0xFC, 0xEE, 0x13, 0x33, 0x2D, 0xCD, 0x11, 0x43, 0xFF, 0xDD, 0x01, 0x41
    .byte   0xFE, 0xDD, 0xF3, 0x32, 0x0E, 0xEE, 0xF2, 0x20, 0xFF, 0xEE, 0x20, 0x22, 0x12, 0xFE, 0xDD, 0x11
    .byte   0x33, 0x0F,    8, 0x0F, 0xED, 0xEF, 0x13, 0x21, 0x2F, 0xEE, 0xF1, 0x21, 0x0E, 0xFE, 0x10, 0xE3
    .byte   0x22, 0x0E, 0xDD, 0xF2, 0x33, 0x2E, 0xEF, 0xEF, 0x02, 0x11, 0x1E, 0xE0, 0xE1, 0x23, 0x0D, 0xFE
    .byte   0xE1, 0x22, 0x32,   10, 0x0F, 0xE0, 0xED, 0x1E, 0x13, 0x30, 0xFD, 0xE2, 0x2F, 0xFF, 0xE2, 0x2E
    .byte   0xFF, 0x12, 0x2F, 0xEF, 0xFF, 0x20, 0xE0, 0x10, 0x11, 0x1E, 0xE2, 0x11, 0xFF, 0xF3, 0x20, 0xDE
    .byte   0xE0, 0x12, 0x21, 0x0F,    3, 0x01, 0x0E, 0xEE, 0x22, 0x21, 0x0E, 0x01, 0x1F, 0xE1, 0x0E, 0x01
    .byte   0x12, 0x21, 0x0F, 0xEE, 0xE0, 0x12, 0x23, 0x1F, 0xDE, 0xEE, 0x12, 0x21, 0x22, 0x1F, 0xDD, 0x01
    .byte   0x12, 0x30, 0x21, 0xEE, 0xFE,   -2, 0x0F, 0xE0, 0x22, 0x2F, 0x0F, 0x1F, 0xEE, 0xF1, 0x2F, 0x01
    .byte   0x20, 0x10, 0xFE, 0xFF, 0xF2, 0x01, 0x00, 0x10, 0x0F, 0xFF, 0x00, 0xF0, 0x10, 0x21, 0xFF, 0xFF
    .byte   0xF0, 0x10, 0x01, 0x0F, 0xFF, 0xF1,    0, 0x01, 0x0F, 0xFF, 0x11, 0xF1, 0x10, 0xFF, 0x11, 0x00
    .byte   0x0F, 0x00, 0x00, 0xFF, 0x02, 0x01, 0x0F, 0x0E, 0x0F, 0x10, 0x20, 0x00, 0xFF, 0xFF, 0xF1, 0x11
    .byte   0x10, 0x1F, 0xFF, 0x01, 0x01, 0x1F, 0xF0,    0, 0x00, 0x0F, 0x10, 0x00, 0x1F, 0x00, 0x00, 0x00
    .byte   0xF1, 0x00, 0x0F, 0x10, 0x10, 0xFF, 0x01, 0xF0, 0x01, 0x01, 0x0F, 0x0F, 0x1F, 0x00, 0x10, 0x01
    .byte   0x0F, 0x00, 0x01, 0x0F, 0x00, 0x00, 0x1F, 0x1F,    0, 0x00, 0x00, 0x00, 0xF1, 0x1F, 0xF0, 0x10
    .byte   0xF1, 0x00, 0x00, 0x1F, 0x10, 0xFF, 0x11, 0x00, 0x00, 0xFF, 0x01, 0x00, 0x1F, 0x0F, 0x10, 0x0F
    .byte   0x10, 0x0F, 0x10, 0x00, 0x0F, 0x10, 0x01, 0xF0, 0x0F,    0, 0x0F, 0x11, 0xFF, 0x10, 0x1F, 0x0F
    .byte   0x10, 0xF1, 0x00, 0x00, 0x00, 0x00, 0xF0, 0x10, 0x1F, 0x0F, 0x01, 0x0F, 0x10, 0xF1, 0x0F, 0x10
    .byte   0x00, 0x01, 0xF0, 0x0F, 0x10, 0xF0, 0x10, 0x00, 0x00, 0x1F,   -1, 0x01, 0x1F, 0x00, 0x00, 0x10
    .byte   0xF0, 0x10, 0x00, 0xFF, 0x10, 0x1F, 0x00, 0x00, 0x00, 0x1F, 0x00, 0x00, 0x00, 0x0F, 0x11, 0xF0
    .byte   0x00, 0xF1, 0x0F, 0x10, 0x00, 0x0F, 0x10, 0x01, 0xF0, 0x00, 0xF1,   -1, 0x00, 0x11, 0xF0, 0x1F
    .byte   0x0F, 0x01, 0x0F, 0x10, 0x1F, 0x10, 0xF0, 0x1F, 0x01, 0x00, 0x00, 0x10, 0xF0, 0xF0, 0x0F, 0x00
    .byte   0x10, 0x00, 0x01, 0x0F, 0x01, 0xF1, 0x00, 0x0F, 0x00, 0x00, 0x00, 0xF1,    0, 0x00, 0xF0, 0x00
    .byte   0x01, 0x0F, 0x1F, 0x00, 0xF1, 0xF0, 0xF1, 0x10, 0x00, 0x10, 0x10, 0x0F, 0x00, 0x01, 0x01, 0x00
    .byte   0x10, 0x0F, 0x10, 0x00, 0x00, 0x00, 0x10, 0x00, 0x00, 0xF0, 0xF0, 0xFF, 0xFF,   -2, 0x0F, 0xF0
    .byte   0xFF, 0x0F, 0x0F, 0xFF, 0xFF, 0xFF, 0xFF, 0x00, 0x10, 0x10, 0x02, 0x02, 0x12, 0x22, 0x23, 0x23
    .byte   0x22, 0x11, 0x00, 0xFE, 0xFE, 0x0E, 0xEE, 0xFE, 0xEE, 0xDE, 0xEE, 0xEE, 0xEF, 0xE1,  -31, 0x0F
    .byte   0x0E, 0x0E, 0x0F, 0xFF, 0xFF, 0xF0, 0xEF, 0xF0, 0x13, 0x34, 0x44, 0x44, 0x44, 0x32, 0xFE, 0xDD
    .byte   0xDC, 0xED, 0xEE, 0xEE, 0xFE, 0xEE, 0xDE, 0xDE, 0xE0, 0x22, 0x33, 0x34, 0x32, 0x21, 0xED,   20
    .byte   0x0C, 0xDC, 0xDE, 0xE0, 0x22, 0x31, 0x20, 0xEE, 0xDD, 0xED, 0xEE, 0xFF, 0x00, 0x21, 0x33, 0x44
    .byte   0x44, 0x44, 0x44, 0x33, 0x0E, 0xDD, 0xCD, 0xCD, 0xDD, 0xED, 0xEE, 0xEE, 0xDE, 0xDF, 0xFF, 0x23
    .byte    -16, 0x04, 0x44, 0x43, 0x32, 0xFD, 0xCC, 0xCC, 0xCC, 0xEE, 0x12, 0x33, 0x21, 0x0E, 0xED, 0xED
    .byte   0xDE, 0xEF, 0xFF, 0xF1, 0x12, 0x34, 0x44, 0x54, 0x54, 0x43, 0x3E, 0xFD, 0xCC, 0xCD, 0xDD, 0xDD
    .byte   0xFE,   -4, 0x0E, 0xDE, 0xDD, 0xDF, 0x12, 0x34, 0x44, 0x45, 0x34, 0x0F, 0xDC, 0xCB, 0xCB, 0xDD
    .byte   0xE1, 0x33, 0x34, 0x20, 0xFD, 0xDC, 0xDD, 0xED, 0x11, 0x20, 0xFE, 0xFF, 0xF3, 0x44, 0x55, 0x54
    .byte   0x54, 0x32,  114, 0x0D, 0xDC, 0xCC, 0xCD, 0xDE, 0xFE, 0xFE, 0xED, 0xDC, 0xDE, 0xE0, 0x34, 0x45
    .byte   0x55, 0x43, 0x2E, 0xCC, 0xBC, 0xBC, 0xCE, 0xF3, 0x33, 0x42, 0x21, 0xDD, 0xDD, 0xCE, 0xEF, 0x12
    .byte   0x21, 0xEE, 0xDD,  -81, 0x0E, 0x14, 0x45, 0x65, 0x65, 0x43, 0x1D, 0xDC, 0xBC, 0xCC, 0xEF, 0x12
    .byte   0x11, 0xED, 0xCC, 0xCD, 0xDF, 0x33, 0x55, 0x55, 0x53, 0x2F, 0xDC, 0xBB, 0xCB, 0xDD, 0xE2, 0x33
    .byte   0x33, 0x2F, 0xEE, 0xDD,  -34, 0x0D, 0xFF, 0x02, 0x11, 0xEE, 0xDD, 0xCD, 0xD2, 0x34, 0x56, 0x66
    .byte   0x55, 0x22, 0xED, 0xCC, 0xBC, 0xCD, 0xF0, 0x01, 0x1E, 0xDC, 0xDC, 0xCE, 0x03, 0x44, 0x65, 0x54
    .byte   0x32, 0xED, 0xBC, 0xBC, 0xCC,  -38, 0x0F, 0x13, 0x32, 0x31, 0xFF, 0xEE, 0xFE, 0xEF, 0x0F, 0xFE
    .byte   0xEE, 0xDD, 0xCD, 0xDE, 0xF1, 0x35, 0x55, 0x66, 0x55, 0x32, 0xFD, 0xCC, 0xBC, 0xCC, 0xFE, 0xFF
    .byte   0x0E, 0xDD, 0xCD, 0xDE, 0x23, 0x45,   17, 0x05, 0x54, 0x2F, 0xEC, 0xCB, 0xCC, 0xCD, 0xF1, 0x22
    .byte   0x32, 0x2F, 0x0F, 0xFF, 0x00, 0x10, 0x1E, 0xED, 0xDD, 0xDD, 0xDD, 0xED, 0x0F, 0x22, 0x45, 0x55
    .byte   0x66, 0x54, 0x20, 0xEC, 0xCB, 0xCB, 0xCE,   -5, 0x0F, 0x01, 0x1E, 0xDD, 0xDD, 0xE0, 0x34, 0x54
    .byte   0x55, 0x32, 0xED, 0xCC, 0xBC, 0xDD, 0xE3, 0x23, 0x22, 0x1F, 0xEE, 0xF0, 0xE2, 0x31, 0x1F, 0xED
    .byte   0xCC, 0xCD, 0xCE, 0xE0, 0x22, 0x10, 0x22, 0x24,  -31, 0x05, 0x56, 0x64, 0x41, 0xEC, 0xCB, 0xAB
    .byte   0xDD, 0x03, 0x23, 0x21, 0xEC, 0xCC, 0xEE, 0x34, 0x55, 0x54, 0x42, 0xDC, 0xBB, 0xCB, 0xE0, 0x23
    .byte   0x44, 0x22, 0x1D, 0xDD, 0xD0, 0x22, 0x33, 0x22, 0xED,  -12, 0x0C, 0xBC, 0xCD, 0x02, 0x33, 0x33
    .byte   0x0E, 0xFF, 0xF3, 0x45, 0x66, 0x55, 0x31, 0xDC, 0xBA, 0xAC, 0xDE, 0x34, 0x43, 0x31, 0xCC, 0xCC
    .byte   0xDF, 0x35, 0x55, 0x53, 0x3F, 0xBB, 0xBB, 0xCD, 0x03, 0x44,   19, 0x04, 0x2E, 0xDD, 0xCC, 0xFF
    .byte   0x33, 0x33, 0x3E, 0xDC, 0xCB, 0xCC, 0xDE, 0xF3, 0x33, 0x32, 0x20, 0xDD, 0xEF, 0x23, 0x65, 0x66
    .byte   0x53, 0x2D, 0xCB, 0xAB, 0xCD, 0xE3, 0x44, 0x43, 0x1D, 0xCB, 0xCD,  -34, 0x01, 0x45, 0x54, 0x42
    .byte   0xEC, 0xBB, 0xBD, 0xD2, 0x35, 0x44, 0x42, 0xDD, 0xCC, 0xCE, 0x23, 0x34, 0x32, 0xED, 0xCC, 0xBC
    .byte   0xDE, 0x01, 0x23, 0x32, 0x10, 0xFF, 0xDE, 0xE1, 0x23, 0x55, 0x56, 0x54,  111, 0x0E, 0xCB, 0xBB
    .byte   0xBD, 0xF2, 0x44, 0x42, 0x2D, 0xCC, 0xCD, 0xE2, 0x44, 0x54, 0x40, 0xEC, 0xCB, 0xCC, 0xD2, 0x34
    .byte   0x44, 0x42, 0x0D, 0xDC, 0xDD, 0xF2, 0x33, 0x22, 0x1D, 0xCC, 0xCC, 0xCE, 0x02,  -59, 0x03, 0x23
    .byte   0x1F, 0xED, 0xDE, 0xDF, 0x13, 0x35, 0x55, 0x65, 0x42, 0xEC, 0xCB, 0xBC, 0xD1, 0x33, 0x43, 0x3E
    .byte   0xDC, 0xCC, 0xDF, 0x24, 0x45, 0x43, 0xEE, 0xCC, 0xBC, 0xDF, 0x14, 0x44, 0x43, 0x1E,   32, 0x0D
    .byte   0xDD, 0xD1, 0x22, 0x23, 0xFE, 0xEC, 0xCD, 0xCD, 0xFF, 0x22, 0x31, 0x22, 0xED, 0xED, 0xDE, 0xE2
    .byte   0x23, 0x44, 0x55, 0x45, 0x43, 0x1D, 0xCC, 0xCC, 0xDF, 0x02, 0x33, 0x2E, 0xED, 0xCD, 0xD1,  -11
    .byte   0x03, 0x44, 0x33, 0x1D, 0xDC, 0xCD, 0xDE, 0x13, 0x33, 0x32, 0x22, 0xE0, 0xE0, 0xEF, 0xFF, 0xFF
    .byte   0xEF, 0xED, 0xFD, 0xDE, 0xDE, 0xEE, 0x00, 0x02, 0x21, 0x11, 0xFE, 0xEE, 0xEE, 0xF2, 0x34, 0x55
    .byte     38, 0x05, 0x43, 0x0D, 0xCC, 0xBD, 0xD0, 0x23, 0x33, 0x2F, 0xDD, 0xCD, 0xD2, 0x23, 0x44, 0x33
    .byte   0xFD, 0xDC, 0xCC, 0xEE, 0x23, 0x33, 0x32, 0x2E, 0x0E, 0xE1, 0xF0, 0x10, 0x0E, 0xEE, 0xEE, 0xDE
    .byte   0xDD,  -40, 0x0E, 0xD0, 0x01, 0x22, 0x21, 0xFF, 0xED, 0xEF, 0xEE, 0x12, 0x33, 0x45, 0x45, 0x53
    .byte   0x31, 0xDC, 0xCC, 0xDE, 0xE2, 0x33, 0x22, 0xFD, 0xDC, 0xD0, 0xF3, 0x34, 0x33, 0x2E, 0xDD, 0xCC
    .byte   0xDF, 0x02,   -5, 0x03, 0x21, 0x20, 0x00, 0x22, 0x12, 0x0F, 0xED, 0xED, 0xED, 0x10, 0xFF, 0xED
    .byte   0xED, 0xDE, 0xF0, 0x23, 0x22, 0x1E, 0xED, 0xDD, 0xEF, 0x23, 0x34, 0x45, 0x45, 0x43, 0x3E, 0xDC
    .byte   0xDC, 0xDE, 0xF2,   23, 0x02, 0x20, 0xEE, 0xDD, 0xD1, 0x13, 0x33, 0x42, 0xFE, 0xDD, 0xDC, 0xFE
    .byte   0xF2, 0x22, 0x12, 0x11, 0x12, 0x22, 0x10, 0x1E, 0xDE, 0xDE, 0xEF, 0x11, 0xFF, 0xED, 0xDD, 0xDE
    .byte   0xE2, 0x23, 0x23, 0xFE,  -43, 0x0D, 0xDD, 0xEF, 0x23, 0x43, 0x44, 0x53, 0x44, 0x30, 0xFD, 0xDD
    .byte   0xCD, 0xFF, 0x03, 0x21, 0x0E, 0xED, 0xDF, 0x02, 0x33, 0x33, 0x2F, 0xED, 0xDC, 0xED, 0xF0, 0x12
    .byte   0x20, 0x20, 0x21, 0x22, 0x21,   26, 0x0F, 0xED, 0xDD, 0xEE, 0x01, 0x20, 0x1E, 0xDD, 0xDD, 0xEE
    .byte   0x21, 0x32, 0x20, 0xFE, 0xDD, 0xEE, 0xF0, 0x23, 0x33, 0x44, 0x44, 0x53, 0x21, 0xED, 0xDC, 0xDE
    .byte   0xE2, 0x22, 0x21, 0xEE, 0xDD, 0xF0,    5, 0x03, 0x33, 0x32, 0x0E, 0xDD, 0xDC, 0xEE, 0x11, 0x22
    .byte   0x01, 0x00, 0x02, 0x23, 0x22, 0x2F, 0xED, 0xDD, 0xED, 0xF1, 0x11, 0xF0, 0xED, 0xED, 0xEE, 0x02
    .byte   0x22, 0x20, 0xFE, 0xDE, 0xDE, 0xF1, 0x22,  -45, 0x03, 0x33, 0x45, 0x34, 0x42, 0x1E, 0xDD, 0xCD
    .byte   0xEF, 0xF2, 0x31, 0x2E, 0xEE, 0xDD, 0x02, 0x23, 0x33, 0x21, 0xED, 0xDD, 0xDE, 0xD1, 0x10, 0x2F
    .byte   0xFF, 0x02, 0x23, 0x23, 0x21, 0xFD, 0xDD, 0xDE,  -15, 0x01, 0x22, 0x11, 0xED, 0xDD, 0xDE, 0xE1
    .byte   0x23, 0x22, 0xFF, 0xED, 0xDE, 0xEF, 0x13, 0x23, 0x23, 0x33, 0x44, 0x34, 0x33, 0x1D, 0xDD, 0xDD
    .byte   0xE0, 0x12, 0x22, 0xFE, 0xEE, 0xDE, 0x22, 0x23, 0x23,   42, 0x0F, 0xED, 0xDE, 0xDE, 0xEE, 0x0F
    .byte   0xFF, 0xE1, 0x12, 0x33, 0x32, 0x20, 0xED, 0xDD, 0xEE, 0x11, 0x22, 0xEE, 0xFD, 0xED, 0xEE, 0x00
    .byte   0x22, 0x11, 0x0E, 0xEE, 0xDF, 0xEF, 0x22, 0x22, 0x03, 0x23,  -11, 0x04, 0x44, 0x34, 0x2F, 0xED
    .byte   0xDD, 0xDE, 0x02, 0x12, 0x0F, 0xEE, 0xED, 0x01, 0x22, 0x32, 0x31, 0xEE, 0xED, 0xED, 0x0E, 0xEF
    .byte   0xEE, 0xFE, 0x11, 0x23, 0x23, 0x31, 0x1E, 0xDE, 0xDF, 0xF0, 0x02,    1, 0x0F, 0xEE, 0xED, 0xED
    .byte   0xF0, 0xF0, 0x11, 0x01, 0xFE, 0xEE, 0xE1, 0xF0, 0x21, 0x22, 0x22, 0x23, 0x24, 0x43, 0x43, 0x02
    .byte   0xEE, 0xED, 0xDF, 0x00, 0x01, 0xF0, 0xEE, 0xFE, 0xE2, 0x02, 0x22, 0x12,   29, 0x0E, 0xFE, 0xDE
    .byte   0xEE, 0xDE, 0xFE, 0xFE, 0x13, 0x23, 0x32, 0x22, 0x0F, 0xDE, 0xEE, 0xE1, 0x02, 0x0E, 0xFE, 0xEE
    .byte   0xDF, 0xFE, 0x01, 0x02, 0x10, 0xFE, 0xEE, 0xEE, 0xF0, 0x12, 0x22, 0x21, 0x22,  -15, 0x03, 0x44
    .byte   0x34, 0x30, 0x1D, 0xED, 0xDF, 0xE1, 0x10, 0x2F, 0xE0, 0xDF, 0xEE, 0x22, 0x22, 0x12, 0x1E, 0xEE
    .byte   0xED, 0x0E, 0xEE, 0xEE, 0xEE, 0x00, 0x23, 0x23, 0x32, 0x11, 0xEE, 0xEE, 0xFE, 0x2F,    1, 0x00
    .byte   0xEF, 0xEE, 0xDF, 0xEF, 0xFF, 0x00, 0x1F, 0x0E, 0x0F, 0xEE, 0x0E, 0x0F, 0x10, 0x22, 0x22, 0x23
    .byte   0x33, 0x44, 0x33, 0x22, 0xED, 0xFD, 0xEE, 0xF1, 0xF0, 0x0E, 0xFE, 0x0E, 0xF0, 0x21, 0x21,   25
    .byte   0x01, 0xEF, 0xEE, 0xEE, 0xEE, 0xDF, 0xEE, 0xE1, 0x12, 0x23, 0x23, 0x21, 0x1F, 0xEE, 0xFF, 0x00
    .byte   0x00, 0x0E, 0xEE, 0xEE, 0xEF, 0x0F, 0x0F, 0x0E, 0x00, 0xF0, 0xEF, 0xFE, 0xEF, 0x00, 0x12, 0x22
    .byte    -30, 0x02, 0x23, 0x33, 0x44, 0x23, 0x11, 0xFD, 0x0D, 0xFF, 0xF1, 0xFF, 0x0E, 0xFE, 0xE0, 0xF0
    .byte   0x20, 0x21, 0xF1, 0xEE, 0xFE, 0xEE, 0xEF, 0xEE, 0xED, 0x0F, 0x12, 0x31, 0x32, 0x21, 0x1F, 0xF0
    .byte   0xF0,    9, 0x0E, 0x1F, 0xE0, 0xEE, 0x0E, 0x1E, 0xFF, 0xE0, 0xE0, 0xFF, 0xFF, 0x0E, 0xFF, 0xEF
    .byte   0xFF, 0x01, 0x12, 0x22, 0x22, 0x33, 0x24, 0x33, 0x3F, 0x20, 0xD2, 0xD1, 0xFE, 0x2E, 0xFE, 0xF0
    .byte   0xD1, 0x0E,   17, 0x0E, 0x12, 0xE2, 0xFF, 0x0E, 0x0E, 0xEE, 0xEE, 0xEE, 0xEF, 0x02, 0x13, 0x02
    .byte   0x20, 0x21, 0x01, 0x11, 0x0F, 0x0E, 0x0F, 0xEF, 0xFE, 0xFE, 0xE0, 0xFE, 0xFF, 0xFF, 0xF0, 0xE0
    .byte   0xE0, 0xFF, 0x0F,  -38, 0x00, 0x01, 0x12, 0x21, 0x32, 0x33, 0x34, 0x03, 0x2E, 0x3D, 0x20, 0xE1
    .byte   0xEF, 0x0D, 0x1E, 0xF0, 0xE2, 0xEE, 0x2E, 0x1F, 0xF2, 0xF0, 0xFE, 0x0E, 0xEE, 0xEF, 0xD1, 0x1E
    .byte   0x11, 0x20, 0x21, 0x22,    3, 0x00, 0x11, 0x00, 0x00, 0x1F, 0xFF, 0xEF, 0xEE, 0xEF, 0xFF, 0xEF
    .byte   0xFF, 0x0E, 0x0F, 0xFF, 0xFF, 0xFF, 0x0F, 0x00, 0x11, 0x12, 0x11, 0x32, 0x32, 0x34, 0x13, 0x2E
    .byte   0x3E, 0x02, 0xE1, 0xEF, 0xFD,   28, 0x0E, 0xE1, 0xE1, 0xEF, 0x0E, 0x02, 0x01, 0x0F, 0xFE, 0x0E
    .byte   0x0E, 0x0E, 0xEE, 0xFF, 0xF2, 0xF2, 0x10, 0x21, 0x21, 0x21, 0x10, 0xFF, 0xFF, 0xF0, 0xFE, 0xFE
    .byte   0xFE, 0xFF, 0xE0, 0xE0, 0xEF, 0xFF,  -28, 0x0F, 0xFF, 0x0F, 0x0F, 0x0F, 0x11, 0x12, 0x02, 0x21
    .byte   0x23, 0x33, 0x31, 0x32, 0xE3, 0xE1, 0x2F, 0x0E, 0xEE, 0xE0, 0xF1, 0xEE, 0x1D, 0x0F, 0xF2, 0x00
    .byte   0xFF, 0xFF, 0x0F, 0x0F, 0xEE, 0xEE, 0xFF,  -13, 0x01, 0x11, 0x01, 0x02, 0x02, 0x21, 0x1F, 0x1F
    .byte   0x11, 0x01, 0xE1, 0xEE, 0x0E, 0x1E, 0xE0, 0xEF, 0xFE, 0x1F, 0x0E, 0xF1, 0xE1, 0x1F, 0x1F, 0x1F
    .byte   0x02, 0x02, 0x02, 0x22, 0x23, 0xF4, 0x12, 0x3E,   35, 0x0F, 0xF3, 0xD3, 0xD0, 0x1D, 0x2E, 0xF1
    .byte   0xD1, 0xEE, 0x2D, 0x21, 0xE2, 0xE1, 0x1E, 0x2E, 0x11, 0xD2, 0xEF, 0xFE, 0x2E, 0x2F, 0x01, 0x02
    .byte   0x11, 0x11, 0xF2, 0xF0, 0x2E, 0x2E, 0xF0, 0xE0, 0xEF,   -7, 0x0E, 0xFE, 0xFF, 0xE0, 0x0E, 0x0F
    .byte   0xFF, 0x1F, 0x1F, 0x01, 0x00, 0x10, 0x21, 0x12, 0x13, 0x02, 0x32, 0x31, 0x22, 0xF3, 0xE2, 0x2E
    .byte   0x1E, 0xF1, 0xEF, 0xFF, 0xFD, 0x1E, 0xE1, 0xE1, 0x2D, 0x10,    2, 0x02, 0xE1, 0x10, 0xEE, 0x1F
    .byte   0xF1, 0xE2, 0xFE, 0x21, 0xF2, 0x01, 0x2E, 0x2F, 0x10, 0x01, 0xF0, 0x0E, 0x10, 0xE0, 0x0E, 0xE0
    .byte   0xEF, 0x0E, 0x00, 0xE0, 0x0F, 0x00, 0xF0, 0xF0, 0x11, 0x01, 0x11,  -20, 0x02, 0x02, 0x12, 0x22
    .byte   0x13, 0x21, 0x3E, 0x22, 0xE3, 0x0F, 0x10, 0xE1, 0xFF, 0xFF, 0xEE, 0xEE, 0x1E, 0xF1, 0xEF, 0x0F
    .byte   0x0F, 0xF1, 0xFF, 0x0F, 0xFF, 0x1F, 0x01, 0xF0, 0x11, 0x10, 0x11, 0x0F,    2, 0x00, 0x00, 0x01
    .byte   0xF0, 0x0F, 0x00, 0xE0, 0xE0, 0xFE, 0x0E, 0xFF, 0xF0, 0xE0, 0xF0, 0xF0, 0xF0, 0x00, 0x10, 0x02
    .byte   0x11, 0x12, 0x02, 0x02, 0x21, 0x23, 0x02, 0x2E, 0x30, 0x12, 0xF2, 0xE2, 0xE1,   31, 0x0E, 0x1E
    .byte   0xE1, 0xEF, 0xFE, 0x0E, 0x0E, 0xF1, 0xE2, 0xFF, 0x1E, 0x11, 0xE2, 0xE0, 0x2E, 0x2F, 0xF1, 0x01
    .byte   0xF1, 0xF0, 0x10, 0x10, 0xF0, 0x0F, 0x00, 0x00, 0xEF, 0xFF, 0xF0, 0xEF, 0xF0, 0xEF,  -20, 0x0F
    .byte   0x0F, 0xF0, 0xF1, 0x10, 0x11, 0x00, 0x20, 0x12, 0x02, 0x01, 0x22, 0x12, 0x21, 0x2F, 0x22, 0x01
    .byte   0x2F, 0xF0, 0xF1, 0x10, 0xF0, 0xEE, 0x0E, 0x00, 0xE0, 0xEF, 0xE0, 0x1F, 0x1E, 0x01, 0xFF,   -1
    .byte   0x00, 0x1F, 0xF0, 0xF1, 0x11, 0x0F, 0x10, 0xF0, 0xF1, 0x0F, 0xFF, 0xF0, 0x10, 0xF0, 0x0E, 0x0F
    .byte   0x01, 0xE1, 0xFF, 0xFF, 0xF0, 0xF1, 0xFF, 0x00, 0x01, 0x01, 0x01, 0x02, 0x00, 0x2F, 0x2F, 0x21
    .byte      3, 0x01, 0x22, 0x02, 0xE2, 0x20, 0x20, 0xF1, 0x01, 0xF1, 0xF0, 0xFE, 0x0F, 0xE1, 0xEF, 0xFE
    .byte   0x0F, 0x0F, 0x0F, 0xFF, 0xF0, 0x0F, 0x1F, 0x00, 0x00, 0x10, 0x10, 0xFF, 0x0F, 0x11, 0xE1, 0x0F
    .byte   0x1F,   -4, 0x0F, 0x0F, 0xFF, 0x1F, 0xFF, 0xF0, 0xF0, 0xE2, 0xFF, 0x00, 0xF0, 0xFF, 0x2E, 0x11
    .byte   0x01, 0xF2, 0x01, 0x2E, 0x22, 0xE2, 0x2F, 0x30, 0xE3, 0xE0, 0x3E, 0x13, 0xD2, 0x1E, 0x22, 0xE0
    .byte   0x0E, 0x01,   14, 0x01, 0x0E, 0xF0, 0xE0, 0x0F, 0x00, 0xE0, 0x0F, 0x10, 0xF1, 0xEF, 0x2E, 0x2F
    .byte   0xF0, 0xE2, 0xFF, 0x2E, 0xF1, 0x0E, 0x03, 0xD2, 0x1D, 0x3E, 0xE2, 0x1E, 0xF1, 0xE1, 0x2D, 0x31
    .byte   0xC4, 0xD2, 0x1D,    5, 0x0A, 0x6C, 0xC6, 0xA5, 0x2B, 0x5D, 0xD5, 0xB4, 0x3C, 0x4E, 0xE3, 0xD3
    .byte   0x1F, 0x2F, 0x02, 0xE2, 0x1E, 0x3D, 0x21, 0xD3, 0xFD, 0x4C, 0xD5, 0xB3, 0x3B, 0x41, 0xC4, 0xDF
    .byte   0x3C, 0x4C, 0x22, 0xE2,    2, 0x0D, 0x22, 0xC5, 0xB3, 0x2D, 0x3E, 0xD4, 0xDF, 0x4A, 0x6B, 0x25
    .byte   0xA4, 0x3A, 0x7B, 0xD6, 0x96, 0xEB, 0x6B, 0xE5, 0xB2, 0x5A, 0x50, 0xC5, 0xC1, 0x12, 0xF2, 0x0E
    .byte   0x20, 0xE3, 0x2D, 0x3F, 0xD4,    6, 0x02, 0x2D, 0x4B, 0x5D, 0xD5, 0xB4, 0xFC, 0x5B, 0x33, 0xC4
    .byte   0xC2, 0x2C, 0x5B, 0x41, 0xB6, 0xA4, 0x2B, 0x6B, 0xF5, 0xA5, 0x1B, 0x5C, 0xE4, 0xC3, 0xD5, 0xBF
    .byte   0x59, 0x7B, 0xD7, 0x86, 0x1A, 0x7A,   -4, 0x01, 0xC5, 0xA6, 0xCC, 0x79, 0x6C, 0xB7, 0xA4, 0xFF
    .byte   0xEF, 0x3C, 0x5E, 0xC4, 0x1A, 0x7C, 0xB7, 0xA1, 0x5B, 0x4E, 0x4B, 0x5C, 0xD5, 0xB5, 0xC2, 0x3B
    .byte   0x5D, 0xC7, 0x94, 0x59, 0x6D, 0xB7, 0xA3,   19, 0x0B, 0x5C, 0xE5, 0xB2, 0x3B, 0x43, 0xB5, 0xDD
    .byte   0x4B, 0x5C, 0x04, 0xA6, 0xCD, 0x5B, 0x4F, 0xC5, 0xB4, 0x3A, 0x6C, 0xB7, 0xBE, 0x69, 0x45, 0xA5
    .byte   0xEC, 0x5B, 0x33, 0xC4, 0x1C, 0x5B, 0x05, 0xA7,  -20, 0x05, 0xEB, 0x79, 0x6F, 0xA7, 0xA0, 0x69
    .byte   0x63, 0x97, 0xCB, 0x79, 0x54, 0xA5, 0xDE, 0x4C, 0x34, 0xA6, 0xB2, 0x4A, 0x7B, 0xE5, 0xA4, 0x2C
    .byte   0x4E, 0xFE, 0xF3, 0xC4, 0xDF, 0x3D, 0x2E, 0x2E, 0x2F,   -5, 0x01, 0x1E, 0x3D, 0x4C, 0x23, 0xB6
    .byte   0xB3, 0xFD, 0x4C, 0x33, 0xB5, 0xDB, 0x79, 0x55, 0x97, 0xAD, 0x78, 0x7B, 0xE6, 0x97, 0xA4, 0x49
    .byte   0x7B, 0x05, 0xA6, 0xB2, 0x2E, 0x3E, 0x3C, 0x3E, 0xE4, 0xC3,    4, 0x0D, 0x4C, 0x23, 0xC4, 0xFC
    .byte   0x4C, 0x24, 0xB6, 0xA5, 0xEB, 0x79, 0x50, 0xB6, 0xB2, 0x4B, 0x5C, 0x22, 0xC5, 0xC2, 0x2C, 0x4D
    .byte   0x04, 0xB5, 0xCE, 0x4C, 0x4D, 0x01, 0xE2, 0x1E, 0x3D, 0x02, 0xD3,   -3, 0x02, 0x2D, 0x3D, 0x21
    .byte   0xE3, 0xD2, 0xE0, 0x2E, 0x3D, 0x3E, 0xD3, 0xD3, 0xE2, 0x0E, 0x0F, 0x20, 0x01, 0xE1, 0xE2, 0xFF
    .byte   0x3D, 0x11, 0xD4, 0xEE, 0x4B, 0x4D, 0xE4, 0xC4, 0xD1, 0xF0, 0x02, 0xE2,    4, 0x0D, 0x3E, 0xE4
    .byte   0xC3, 0xED, 0x3E, 0x3D, 0x3E, 0xE2, 0xF2, 0xD3, 0xD2, 0x1D, 0x4D, 0x12, 0xD3, 0xFD, 0x3F, 0xD4
    .byte   0xC3, 0x1D, 0x4C, 0x3E, 0xE3, 0xD2, 0x1E, 0x3D, 0x2F, 0x01, 0x01, 0x0F, 0xF2,   -4, 0x03, 0xEF
    .byte   0x2E, 0xE2, 0xE2, 0x10, 0x1D, 0x3E, 0x12, 0xD4, 0xC3, 0xED, 0x5B, 0x4D, 0xE4, 0xB5, 0xC4, 0xED
    .byte   0x3C, 0x4D, 0x3E, 0xFE, 0x12, 0xE4, 0xC3, 0xFC, 0x4C, 0x42, 0xC4, 0xC2, 0x3C, 0x5C,   -2, 0x02
    .byte   0xC4, 0xE1, 0x4B, 0x5B, 0x24, 0xB6, 0xB2, 0x2C, 0x4D, 0x32, 0xD2, 0xD1, 0x3D, 0x4D, 0xD4, 0xB5
    .byte   0xD0, 0x3C, 0x3D, 0x23, 0xE2, 0xEE, 0xFF, 0x21, 0x1E, 0x2D, 0x3E, 0x13, 0xC4, 0xC3, 0xED,   20
    .byte   0x0A, 0x5E, 0xC5, 0xB4, 0x2C, 0x4C, 0x3F, 0xE3, 0xD2, 0xE1, 0x11, 0x1E, 0x3C, 0x32, 0xD4, 0xC3
    .byte   0xFE, 0x3C, 0x4C, 0x4E, 0xE3, 0xC3, 0x00, 0x2E, 0xE1, 0xFF, 0x3D, 0x3E, 0xE3, 0xC4, 0xDF, 0x4B
    .byte     12, 0x0C, 0x04, 0xB4, 0xFD, 0x4C, 0x3F, 0xE4, 0xB4, 0xD1, 0x4B, 0x5C, 0x20, 0xE3, 0xD3, 0xD2
    .byte   0xF1, 0xF2, 0xEF, 0x2D, 0x3E, 0x12, 0xD4, 0xC3, 0x0D, 0x4C, 0x3D, 0x22, 0xE3, 0xD2, 0xD3, 0xE1
    .byte   0x3C,    6, 0x0C, 0x32, 0xD4, 0xDF, 0x1E, 0x21, 0x10, 0xE1, 0xE2, 0x0F, 0x3D, 0x2E, 0x02, 0xE3
    .byte   0xC3, 0xEE, 0x3F, 0x1F, 0xFD, 0x4C, 0x33, 0xC4, 0xC3, 0xFE, 0x3C, 0x4C, 0x4E, 0xE3, 0xC4, 0xC4
    .byte   0xDF, 0x3C,    4, 0x0E, 0xE3, 0xEF, 0x2E, 0x0F, 0xF2, 0xE3, 0xEE, 0x2D, 0x3F, 0xD4, 0xC3, 0xEE
    .byte   0x4C, 0x4C, 0x32, 0xC4, 0xD1, 0x2D, 0x22, 0xD4, 0xC4, 0xDE, 0x3C, 0x5C, 0x2F, 0xE0, 0x03, 0xD4
    .byte   0xC2, 0xFD, 0x4C,    6, 0x0E, 0xE2, 0xD3, 0x1E, 0x3C, 0x3E, 0xE3, 0xE2, 0xE2, 0xE2, 0xE1, 0x2D
    .byte   0x3D, 0x31, 0xD4, 0xC2, 0x2E, 0x3C, 0x3D, 0x23, 0xC4, 0xDF, 0x4C, 0x4D, 0xE2, 0xD4, 0xC4, 0xDF
    .byte   0x3C, 0x4C, 0x4C, 0x14,  -19, 0x06, 0xB2, 0x3C, 0x5B, 0x5C, 0x13, 0xB5, 0xD0, 0x3C, 0x4D, 0xF3
    .byte   0xD3, 0xD1, 0x1D, 0x31, 0xE3, 0xED, 0x4C, 0x4E, 0xE3, 0xC3, 0xC5, 0xC2, 0x2C, 0x3E, 0x3D, 0x4D
    .byte   0xE3, 0xC4, 0xD3, 0xFD, 0x3D,    0, 0x02, 0xD4, 0xC2, 0x2C, 0x4F, 0xE3, 0xC3, 0xEF, 0x3D, 0x3F
    .byte   0xD3, 0xD1, 0x3F, 0xF0, 0xD2, 0x11, 0x3D, 0x2D, 0x21, 0x13, 0xC3, 0xD2, 0x20, 0x3C, 0x3D, 0x3E
    .byte   0x1E, 0x02, 0xD5, 0xB3, 0x2D, 0x4D,    6, 0x0E, 0xE0, 0xE3, 0xD2, 0x10, 0x2E, 0x2E, 0x22, 0xD1
    .byte   0x1D, 0x4D, 0x14, 0xB4, 0xC4, 0x0F, 0x2C, 0x3D, 0xD5, 0xC4, 0xEC, 0x4C, 0x41, 0x01, 0xC3, 0xD2
    .byte   0x4C, 0x3E, 0xD4, 0xD2, 0x2D, 0xF0, 0x2E,    8, 0x0E, 0xD3, 0xD0, 0x3F, 0xE2, 0xFE, 0x3E, 0xD3
    .byte   0xFE, 0x2E, 0xE2, 0x0F, 0x31, 0xC4, 0xC0, 0x4D, 0x01, 0xE1, 0x32, 0xD2, 0x0D, 0x3E, 0xF0, 0xE2
    .byte   0x02, 0xFD, 0x3E, 0x23, 0xD1, 0xDE, 0x23, 0x2F,    8, 0x0C, 0x22, 0x13, 0xEF, 0xC2, 0xD3, 0x4C
    .byte   0x4D, 0xD3, 0xE3, 0x3E, 0xED, 0xEE, 0x24, 0xE2, 0xDD, 0x13, 0x22, 0x1C, 0x2D, 0xF5, 0xDF, 0x2C
    .byte   0x3F, 0x02, 0x11, 0xD2, 0xD1, 0x3E, 0x3E, 0xED, 0x22,    4, 0x03, 0xDE, 0xE0, 0x13, 0x2D, 0x2D
    .byte   0xD3, 0xE4, 0xFD, 0x0D, 0x32, 0x22, 0xD2, 0xED, 0x3E, 0x22, 0xF1, 0xDF, 0xF2, 0x3F, 0xEE, 0xD0
    .byte   0x32, 0x3E, 0xDE, 0x12, 0x31, 0xFD, 0xEE, 0x23, 0x01, 0xEE,   -4, 0x01, 0x22, 0xFF, 0xEF, 0xF1
    .byte   0x20, 0x10, 0xE0, 0xE2, 0x12, 0xFE, 0xFF, 0x12, 0x10, 0xEF, 0x01, 0x20, 0xEF, 0xFF, 0x21, 0x00
    .byte   0xE0, 0x21, 0x10, 0xFE, 0x00, 0x12, 0x0F, 0xEF, 0x01, 0x20, 0x0F,   -3, 0x0F, 0x02, 0x20, 0xFE
    .byte   0x1E, 0x21, 0x00, 0xEF, 0x00, 0x20, 0x0F, 0xFF, 0x02, 0x01, 0x0E, 0x11, 0x02, 0x0E, 0x0F, 0x01
    .byte   0x01, 0x01, 0x0F, 0x00, 0x10, 0x10, 0xFF, 0x00, 0x10, 0x0F, 0x0F, 0x01,    0, 0x01, 0xFF, 0x0F
    .byte   0xFF, 0x01, 0xF0, 0xFF, 0x0F, 0x11, 0xF0, 0x0F, 0x10, 0x11, 0x00, 0xFF, 0x10, 0x11, 0x11, 0x21
    .byte   0x22, 0x21, 0x20, 0x20, 0xFF, 0xFF, 0x0E, 0xEE, 0x0E, 0xF0, 0xFE, 0x0F, 0xFF,   -4, 0x01, 0x0E
    .byte   0x1E, 0x00, 0xEF, 0xEE, 0xEE, 0xFF, 0xEE, 0xED, 0x21, 0x46, 0xF4, 0xFE, 0x52, 0x24, 0xDD, 0xDC
    .byte   0x24, 0xDE, 0xDC, 0xC0, 0x13, 0x2D, 0xDF, 0xF2, 0x43, 0x3E, 0xEF, 0x22, 0x20, 0xED,   -8, 0x0D
    .byte   0x12, 0xFE, 0xEE, 0xD0, 0x33, 0x32, 0xF2, 0x12, 0x23, 0x21, 0xEE, 0xE1, 0xEF, 0xFE, 0xDE, 0xF2
    .byte   0x10, 0xFF, 0x11, 0x22, 0x20, 0xFF, 0x01, 0x10, 0xFE, 0xFE, 0x10, 0x00, 0xE0, 0x00, 0x02,   -1
    .byte   0x01, 0x00, 0x11, 0x02, 0x0F, 0xFF, 0xF0, 0x00, 0x1F, 0xFF, 0xF0, 0x11, 0x11, 0xFF, 0xF1, 0x11
    .byte   0x0F, 0xFF, 0xF1, 0x01, 0x0F, 0xFF, 0x01, 0x00, 0x1F, 0xFF, 0x00, 0x10, 0x00, 0xFF, 0x01, 0x2F
    .byte      0, 0x01, 0x01, 0x11, 0x10, 0x00, 0xFF, 0x00, 0xFF, 0x0F, 0xF0, 0xF0, 0x10, 0xF1, 0x00, 0x11
    .byte   0x00, 0xF0, 0x00, 0x1F, 0x00, 0xFF, 0x00, 0x00, 0x00, 0x00, 0x01, 0x01, 0x00, 0x10, 0x10, 0x00
    .byte   0x00,    1, 0x00, 0x00, 0x00, 0xF0, 0x0F, 0x01, 0x1F, 0x00, 0x00, 0x10, 0xF1, 0xF0, 0x0F, 0x01
    .byte   0xF0, 0xF1, 0xF0, 0x00, 0x10, 0x11, 0x00, 0x1F, 0x1F, 0x10, 0xF0, 0xF0, 0x00, 0xF1, 0x00, 0x00
    .byte   0x01, 0x01,    1, 0x00, 0xF1, 0xF0, 0x00, 0x0F, 0x00, 0x1F, 0x01, 0xF0, 0x01, 0x10, 0x0F, 0x10
    .byte   0xF1, 0x0F, 0x00, 0x00, 0xF0, 0x10, 0x1F, 0x01, 0x0F, 0x10, 0xF0, 0x0F, 0x11, 0xF0, 0xF0, 0x00
    .byte   0x01, 0xF0, 0xF1,    0, 0x00, 0x00, 0x0F, 0x10, 0x1F, 0x1F, 0x01, 0xFF, 0x10, 0x0F, 0x00, 0x00
    .byte   0xF1, 0xF1, 0x01, 0xF0, 0x10, 0x01, 0xF0, 0x00, 0x00, 0x10, 0xF0, 0x0F, 0x00, 0x10, 0x00, 0x00
    .byte   0x0F, 0x10, 0x1F, 0x00,    0, 0x0F, 0x10, 0x1F, 0x00, 0x01, 0x0F, 0xF0, 0x00, 0x00, 0x00, 0x00
    .byte   0x00, 0x00, 0xF0, 0x00, 0x10, 0x0F, 0x10, 0x10, 0x00, 0x00, 0x1F, 0x20, 0x12, 0x00, 0x0F, 0xFF
    .byte   0xF0, 0xFF, 0xF0, 0x10, 0x20,   10, 0x03, 0xEE, 0x3D, 0xC2, 0xDE, 0x0E, 0xE1, 0x12, 0x2E, 0xFE
    .byte   0xDC, 0xEF, 0xF3, 0x35, 0x7C, 0xF4, 0xCF, 0x2E, 0x4C, 0xBC, 0x33, 0xD4, 0x4D, 0x1C, 0x35, 0x11
    .byte   0x3D, 0xCC, 0x23, 0x1F, 0xCE, 0xDC,  -30, 0x03, 0x31, 0xE1, 0x0E, 0x23, 0x41, 0xDE, 0xEE, 0x12
    .byte   0x10, 0xDD, 0xF2, 0x22, 0x32, 0xF0, 0x22, 0x32, 0x1E, 0xDE, 0xFE, 0xFE, 0xEE, 0xE2, 0x22, 0x2F
    .byte   0x22, 0x12, 0x21, 0xEE, 0xEF, 0x00, 0xFF,   -4, 0x0E, 0x00, 0x20, 0x22, 0xFF, 0x11, 0x1E, 0xEE
    .byte   0xED, 0xE1, 0xFE, 0xE1, 0xEE, 0x2F, 0xEE, 0xF0, 0xF3, 0x26, 0x61, 0xE3, 0xCE, 0x20, 0x31, 0xBC
    .byte   0x14, 0x04, 0x4E, 0xDD, 0xE4, 0x3E, 0x2E, 0xBC,   -5, 0x03, 0x2E, 0xED, 0xDC, 0x04, 0x32, 0xEE
    .byte   0x0E, 0x24, 0x31, 0xCD, 0x1F, 0x23, 0x22, 0xDC, 0x23, 0x33, 0x31, 0xEE, 0x22, 0x3E, 0xEE, 0xCD
    .byte   0xF0, 0x2D, 0xDF, 0xDE, 0x02, 0xFE, 0xDE, 0xEE, 0xDE,  -68, 0x0F, 0xE2, 0x33, 0x35, 0x65, 0xF2
    .byte   0xDD, 0x1E, 0x22, 0xCD, 0xE2, 0x43, 0x42, 0xFD, 0xD3, 0x31, 0x1E, 0xCC, 0xC1, 0x11, 0x0D, 0xDD
    .byte   0xE3, 0x30, 0x2E, 0xEE, 0xF3, 0x22, 0xED, 0x0E, 0x03, 0x30,  -10, 0x01, 0x1E, 0x32, 0x2E, 0xDD
    .byte   0xFF, 0xE1, 0xFD, 0xDF, 0x22, 0x21, 0x2E, 0x12, 0x33, 0x34, 0x2F, 0x2F, 0xEE, 0x23, 0xD0, 0x21
    .byte   0x32, 0x31, 0xEF, 0xEE, 0x2D, 0xF1, 0xCE, 0xEE, 0xF1, 0xF0, 0xFE,   -4, 0x01, 0x2F, 0x2E, 0xEE
    .byte   0xEF, 0xEF, 0x0F, 0xF1, 0x12, 0x0E, 0xEE, 0xEE, 0xFE, 0xEF, 0xFF, 0x02, 0x0F, 0x10, 0x02, 0x23
    .byte   0x33, 0x54, 0xE3, 0xED, 0x21, 0x2E, 0xE2, 0x13, 0x32, 0x3E, 0xDE, 0xEF,   35, 0x01, 0xFC, 0xDE
    .byte   0xFF, 0xFF, 0xFE, 0xF0, 0x2F, 0x1F, 0xFE, 0xFE, 0xFF, 0xF1, 0xEF, 0x00, 0x11, 0xFF, 0xDE, 0xFE
    .byte   0xEE, 0xFF, 0xEF, 0x20, 0xF0, 0xE0, 0x12, 0x33, 0x33, 0x55, 0xE3, 0x1D, 0x2F,   43, 0x0F, 0xD1
    .byte   0x13, 0x33, 0x3E, 0xDE, 0xEF, 0xDE, 0xED, 0xDE, 0xF0, 0xE1, 0xEE, 0xF0, 0x2F, 0xFF, 0xEE, 0xFE
    .byte   0x1F, 0xF0, 0xE1, 0x12, 0x0F, 0x0D, 0xEE, 0xEE, 0xEF, 0xFE, 0x11, 0x10, 0xFF, 0xEE,  -60, 0x02
    .byte   0x22, 0x43, 0x34, 0x43, 0x31, 0x22, 0x10, 0x0F, 0xF1, 0x32, 0x23, 0xFE, 0xFD, 0xFE, 0xDF, 0xDD
    .byte   0xEE, 0xFF, 0xEE, 0xFE, 0xFF, 0xFF, 0xEE, 0xEE, 0x0F, 0x02, 0xE0, 0x1E, 0x2F, 0x20, 0xDF,  -29
    .byte   0x0F, 0xEF, 0xEE, 0xE0, 0x10, 0x0F, 0xE0, 0xFE, 0x00, 0x22, 0x33, 0x34, 0x43, 0x32, 0x22, 0x12
    .byte   0x2E, 0x22, 0x23, 0x22, 0x1E, 0xEE, 0xDE, 0xED, 0xDE, 0xDF, 0x0E, 0x0E, 0xEE, 0x2F, 0xEE, 0xEF
    .byte    -15, 0x0E, 0x0F, 0x01, 0x20, 0x11, 0x01, 0x0F, 0xEE, 0xFF, 0x0E, 0xFE, 0xEE, 0x0E, 0x0E, 0xEE
    .byte   0xE0, 0xE0, 0xEF, 0x02, 0x23, 0x24, 0x33, 0x43, 0x24, 0x23, 0x30, 0x33, 0x23, 0x22, 0x21, 0xFE
    .byte   0xED,   73, 0x0E, 0xDD, 0xDE, 0xDE, 0xEE, 0xDE, 0xDF, 0xEE, 0xFE, 0x0E, 0xEE, 0x0F, 0x00, 0x0F
    .byte   0x11, 0x11, 0x0F, 0xFF, 0xFF, 0x0E, 0xFE, 0xFF, 0xFE, 0xFE, 0xFE, 0xFF, 0xE0, 0x11, 0x23, 0x34
    .byte   0x43, 0x33,   29, 0x03, 0x32, 0x31, 0x32, 0x32, 0x31, 0xFF, 0xFE, 0xDD, 0xED, 0xDD, 0xED, 0xFE
    .byte   0xED, 0xFD, 0xEE, 0xD1, 0xE1, 0xFF, 0x0E, 0xF1, 0x1F, 0xF0, 0xF1, 0x10, 0xFF, 0xF0, 0xF1, 0xFF
    .byte   0xFE, 0x0E, 0xFE,  -47, 0x0E, 0xEF, 0xEF, 0xEF, 0xF0, 0x11, 0x33, 0x43, 0x43, 0x33, 0x33, 0x33
    .byte   0x12, 0x32, 0x32, 0x21, 0x11, 0xEF, 0xDD, 0xDD, 0xED, 0xDF, 0xDE, 0xEE, 0xED, 0xFD, 0xFF, 0xF0
    .byte   0xFF, 0xFF, 0xF1, 0xFF,  -21, 0x00, 0x10, 0x11, 0xF0, 0xE0, 0xE0, 0xFE, 0x0E, 0xFF, 0xEE, 0xEE
    .byte   0xEE, 0xFF, 0xFE, 0x1F, 0xF2, 0x23, 0x43, 0x43, 0x34, 0x33, 0x32, 0x23, 0x13, 0x32, 0x22, 0x1F
    .byte   0xFE, 0xDD, 0xDD, 0xDE, 0xDE,   24, 0x0E, 0xEE, 0xEE, 0xDE, 0xEE, 0x1F, 0xFF, 0xF0, 0x11, 0x1F
    .byte   0xF1, 0x11, 0x11, 0xFF, 0x0E, 0x0E, 0xFF, 0xEE, 0xFE, 0xEF, 0xEE, 0xEE, 0xEF, 0xEF, 0x0E, 0xF2
    .byte   0x23, 0x34, 0x34, 0x34, 0x42, 0x33,   57, 0x02, 0x32, 0x32, 0x22, 0x2F, 0xFF, 0xDD, 0xDD, 0xDD
    .byte   0xDE, 0xDE, 0xEE, 0xEE, 0xEE, 0xEE, 0x0E, 0xFF, 0x00, 0x20, 0x10, 0x10, 0x00, 0xF1, 0xFF, 0x00
    .byte   0x0E, 0x0F, 0xFE, 0xEF, 0xEE, 0xEE, 0xEE,  -59, 0x0F, 0xEF, 0x0E, 0x00, 0x11, 0x33, 0x43, 0x43
    .byte   0x34, 0x33, 0x32, 0x32, 0x23, 0x22, 0x21, 0x1F, 0x0D, 0xDD, 0xDD, 0xDD, 0xED, 0xEE, 0xEE, 0xFE
    .byte   0xEE, 0xEF, 0xFE, 0xF0, 0x11, 0x11, 0x11, 0x11,  -12, 0x00, 0xF0, 0x00, 0x1F, 0x0E, 0x0E, 0xFE
    .byte   0xEE, 0xEE, 0xE0, 0xEE, 0xFE, 0x0E, 0x0F, 0xE0, 0x11, 0x33, 0x33, 0x33, 0x43, 0x34, 0x23, 0x23
    .byte   0x32, 0x32, 0x21, 0x11, 0xEE, 0xDE, 0xDD, 0xDE, 0xDD,   21, 0x0E, 0xEE, 0xDE, 0xEF, 0xEF, 0xE0
    .byte   0xE0, 0x11, 0x11, 0x11, 0x10, 0x00, 0xF1, 0xFF, 0x0F, 0x0F, 0xF0, 0xE0, 0xFE, 0xEE, 0xEE, 0x0E
    .byte   0x0E, 0x00, 0xFF, 0xFF, 0x0F, 0x12, 0x23, 0x33, 0x33, 0x33,   25, 0x03, 0x23, 0x23, 0x22, 0x32
    .byte   0x22, 0x1F, 0xEE, 0xED, 0xDD, 0xDE, 0xDE, 0xEE, 0xEE, 0xED, 0xFE, 0xEE, 0x0E, 0x00, 0x20, 0x10
    .byte   0x20, 0x11, 0x1F, 0xFF, 0x11, 0xF0, 0xFF, 0x01, 0xF0, 0xF0, 0xEF,  -20, 0x0F, 0xEF, 0xFF, 0xF0
    .byte   0x00, 0x11, 0x01, 0x01, 0x10, 0x00, 0x11, 0x22, 0x22, 0x22, 0x22, 0x12, 0x02, 0x11, 0x22, 0x22
    .byte   0x02, 0x10, 0x0F, 0x0E, 0xFE, 0x0E, 0x00, 0xEF, 0xEF, 0xFF, 0xEE, 0xEF,    1, 0x0F, 0xFF, 0xEF
    .byte   0xFF, 0x0E, 0x0F, 0x0F, 0xFF, 0x00, 0x01, 0xFF, 0x10, 0x01, 0x01, 0x11, 0x11, 0xF1, 0x01, 0x01
    .byte   0x10, 0x10, 0x10, 0x11, 0x10, 0x00, 0x01, 0x10, 0x10, 0x00, 0x01, 0x1F, 0x01,    1, 0x01, 0x10
    .byte   0x01, 0x00, 0x11, 0x00, 0x10, 0x10, 0x10, 0x10, 0x10, 0x00, 0x00, 0x00, 0xF0, 0xFF, 0x00, 0xFF
    .byte   0x0F, 0x0F, 0xF0, 0xFF, 0x0F, 0x00, 0xFF, 0x0F, 0xF1, 0x0F, 0x00, 0xF0, 0x00, 0xF1,   -6, 0x01
    .byte   0x00, 0x00, 0x01, 0x1F, 0x1F, 0x00, 0x00, 0x00, 0x10, 0xF1, 0x00, 0x00, 0x10, 0x01, 0xF0, 0x00
    .byte   0x10, 0x00, 0x01, 0xFF, 0x10, 0x1F, 0x1F, 0x01, 0xF0, 0x01, 0x0F, 0x10, 0x00, 0x00, 0x10,    1
    .byte   0x00, 0x00, 0x1F, 0x10, 0xF1, 0xF0, 0x1F, 0x1F, 0x00, 0x01, 0xFF, 0x01, 0x00, 0xF1, 0x00, 0x0F
    .byte   0x1F, 0x01, 0xF1, 0xF0, 0x01, 0x1F, 0x01, 0x00, 0x0F, 0x10, 0x1F, 0x00, 0x00, 0x01, 0xF0, 0x00
    .byte      1, 0x01, 0xF0, 0x0F, 0x0F, 0x1F, 0x00, 0x00, 0x0F, 0xF1, 0x00, 0x0F, 0x01, 0xFF, 0x1F, 0x01
    .byte   0xF1, 0x0F, 0xFF, 0x22, 0x25, 0xAD, 0x23, 0x4C, 0x2C, 0x33, 0x21, 0xC1, 0x20, 0x4D, 0xD0, 0xE2
    .byte   0x31,   23, 0x0B, 0xEE, 0xF5, 0xB5, 0xB4, 0x4B, 0x6B, 0x1B, 0x02, 0xE4, 0xD2, 0xFE, 0x4C, 0x41
    .byte   0xA6, 0xB4, 0xD3, 0x3C, 0x6B, 0x3E, 0x3C, 0x21, 0xC3, 0x3E, 0x13, 0xB4, 0xE2, 0x2F, 0xDE, 0x12
    .byte   0x3E, 0x0E,   -9, 0x05, 0xB4, 0xDC, 0x5B, 0x4E, 0x1E, 0x2E, 0x04, 0xB5, 0xB4, 0xFE, 0x5B, 0x4D
    .byte   0xF0, 0x03, 0xFF, 0xEC, 0x4F, 0xF2, 0xEC, 0x5E, 0x14, 0xB4, 0xB5, 0xB5, 0xEB, 0x5B, 0x53, 0xDD
    .byte   0x2B, 0x6B, 0x5C,   -5, 0x03, 0xB7, 0x96, 0xBF, 0x4C, 0x5C, 0x4B, 0x4D, 0x32, 0xD3, 0xB4, 0x03
    .byte   0x3B, 0x3C, 0x34, 0xB5, 0xBC, 0x6B, 0x51, 0xB5, 0xB5, 0xE2, 0x1B, 0x5B, 0x5F, 0x1C, 0x30, 0x14
    .byte   0xC2, 0xCE, 0x4E, 0x2E,   -3, 0x01, 0xD5, 0xC3, 0x1C, 0x3F, 0x22, 0xC2, 0x01, 0x4D, 0x0D, 0xD4
    .byte   0xD4, 0xEC, 0x2E, 0x4E, 0x3D, 0xC5, 0xB6, 0xDC, 0x2D, 0x30, 0x4B, 0x3C, 0x33, 0x3E, 0xC3, 0xD5
    .byte   0xD0, 0xDD, 0x23, 0x20, 0xED,   -3, 0x0E, 0x4D, 0x2D, 0xC6, 0xC3, 0x0C, 0x2D, 0x5D, 0x11, 0xB5
    .byte   0xFE, 0x4B, 0xF3, 0xE4, 0xDD, 0xE3, 0x21, 0x3C, 0xF2, 0xE3, 0x3C, 0x0F, 0xE5, 0xDD, 0xED, 0x32
    .byte   0x3F, 0xC3, 0xC5, 0x2E, 0xDD, 0x21,   21, 0x0B, 0x3C, 0xE5, 0xF3, 0xB3, 0xC4, 0x3D, 0x2C, 0x3E
    .byte   0x4E, 0xFD, 0xD3, 0xE4, 0xDE, 0xD2, 0x40, 0x2F, 0xB3, 0x31, 0x3D, 0xCE, 0x42, 0x12, 0xB3, 0x23
    .byte   0x4B, 0x1D, 0x14, 0x02, 0xC0, 0x13, 0x30,    1, 0x0C, 0x4E, 0x3D, 0xD2, 0x33, 0xDF, 0xD3, 0x14
    .byte   0xCD, 0x2D, 0x50, 0xEC, 0xE3, 0x33, 0xDC, 0xE2, 0x43, 0xDF, 0xA4, 0x52, 0xDC, 0xD2, 0x60, 0xDC
    .byte   0xC3, 0x60, 0xBD, 0xB5, 0x6E, 0xCB, 0xF3, 0x52,   -1, 0x0D, 0xDF, 0x53, 0xD1, 0xCE, 0x44, 0x3C
    .byte   0xCC, 0x34, 0x32, 0xCB, 0xF5, 0x43, 0xBB, 0x14, 0x51, 0xDA, 0x14, 0x55, 0xAC, 0xE4, 0x5E, 0xDA
    .byte   0x24, 0x35, 0xBC, 0x13, 0x43, 0xCB, 0xE4, 0x13, 0xEC,  -10, 0x0E, 0x44, 0x1C, 0xD1, 0x25, 0xCD
    .byte   0xC2, 0x44, 0xEB, 0xE2, 0x44, 0xCC, 0xC1, 0x54, 0xFC, 0xCF, 0x45, 0x1B, 0xDE, 0x45, 0xEC, 0xCD
    .byte   0x34, 0x3C, 0xCD, 0x44, 0x2D, 0xC2, 0x24, 0x1E, 0xEE, 0xF2,    3, 0x00, 0x3E, 0xED, 0xE2, 0x42
    .byte   0xCC, 0x12, 0x43, 0xCD, 0xE3, 0x43, 0xEC, 0xDF, 0x43, 0xED, 0xDE, 0x44, 0xED, 0xCE, 0x42, 0xFD
    .byte   0xEF, 0x33, 0xEE, 0xDF, 0x33, 0x2E, 0xCE, 0x30, 0x30, 0xED, 0xE3,   -2, 0x03, 0xFD, 0x0E, 0x22
    .byte   0x1E, 0xF0, 0x32, 0xE0, 0xD2, 0x01, 0x0D, 0xEE, 0x33, 0x2F, 0xC1, 0x24, 0x2D, 0xDE, 0x13, 0x30
    .byte   0xDD, 0xF2, 0x23, 0xEE, 0xED, 0x03, 0x31, 0xDD, 0x03, 0x22, 0xFD, 0xFE,    4, 0x03, 0xED, 0xD2
    .byte   0x23, 0x0D, 0xED, 0x32, 0x3D, 0xEE, 0xF3, 0x22, 0xFD, 0xE2, 0x30, 0xFD, 0x12, 0xF1, 0x01, 0xFE
    .byte   0x2F, 0x2F, 0x0F, 0xE0, 0xE2, 0x21, 0xED, 0x12, 0x32, 0xED, 0xE1, 0x32, 0xFE,   -5, 0x01, 0x22
    .byte   0x3E, 0xDE, 0x02, 0x10, 0xEE, 0x03, 0x2E, 0xFF, 0x21, 0x0E, 0xEF, 0x11, 0x21, 0x0D, 0x12, 0x21
    .byte   0xED, 0x12, 0x22, 0xEE, 0x02, 0x21, 0xEE, 0x11, 0x11, 0x1E, 0x1F, 0x1F, 0xEF, 0x03,   -1, 0x0E
    .byte   0xE1, 0x3F, 0xF0, 0x12, 0xEF, 0x12, 0x1F, 0xFE, 0x22, 0x2E, 0xED, 0x23, 0x1F, 0xEE, 0x11, 0x23
    .byte   0x1D, 0xD1, 0x22, 0x1D, 0x1E, 0x12, 0x12, 0xFF, 0xF1, 0xF0, 0x2E, 0x0D, 0x11, 0xFF, 0xEE,  -15
    .byte   0x02, 0x21, 0xFE, 0x02, 0x10, 0xEE, 0xE0, 0x22, 0xEF, 0xE2, 0x00, 0x2F, 0x10, 0x03, 0x13, 0xFF
    .byte   0xE1, 0x33, 0x3F, 0x02, 0x03, 0xF2, 0x1D, 0xDE, 0x13, 0x2E, 0xDE, 0xE2, 0x0E, 0xED, 0xDF, 0xFF
    .byte     -9, 0x0E, 0x0E, 0xFF, 0xFE, 0xDF, 0x0E, 0xF0, 0x10, 0xEE, 0xE1, 0x11, 0x22, 0xF1, 0x01, 0x21
    .byte   0x33, 0x02, 0xD1, 0x22, 0x43, 0x44, 0x12, 0x22, 0x30, 0x1D, 0xDE, 0xE2, 0x2E, 0xED, 0xDD, 0x12
    .byte   0xEF,    2, 0x0F, 0x20, 0x21, 0x1F, 0xE2, 0x01, 0xED, 0xFE, 0xFD, 0xF1, 0xDE, 0xD0, 0x11, 0x22
    .byte   0xFF, 0xE0, 0x11, 0x10, 0xEF, 0xFF, 0x0F, 0xEF, 0xFF, 0x22, 0x12, 0x44, 0x53, 0x43, 0x32, 0x33
    .byte   0xFD, 0xDC,   51, 0x0D, 0xF0, 0xDD, 0xCE, 0xEE, 0x2E, 0xEF, 0xD4, 0x23, 0x31, 0x3F, 0xFF, 0xE2
    .byte   0xDE, 0xDD, 0xDD, 0xFE, 0xEE, 0xE1, 0x02, 0x12, 0x3F, 0x11, 0x10, 0xE0, 0xE0, 0xDD, 0xED, 0xF0
    .byte   0x31, 0xE1, 0x24,   -8, 0x05, 0x53, 0x42, 0x23, 0x23, 0xEC, 0xDC, 0xDE, 0xD0, 0xCD, 0xCD, 0xFE
    .byte   0x22, 0xF2, 0xE3, 0x42, 0x42, 0x3E, 0xE1, 0xE2, 0xDD, 0xDC, 0xDE, 0xE1, 0xEF, 0xEE, 0x12, 0x32
    .byte   0x3F, 0xE1, 0xE1, 0xFE,  -27, 0x0D, 0xDD, 0xD2, 0xFF, 0x0E, 0x12, 0x45, 0x56, 0x34, 0x32, 0x30
    .byte   0x30, 0xDE, 0xBD, 0xCD, 0x0C, 0xEC, 0xCD, 0xD2, 0x24, 0x1F, 0x3F, 0x44, 0x44, 0xEF, 0xDE, 0xEE
    .byte   0x1D, 0xEC, 0xCD, 0xD1, 0x12,  -27, 0x0E, 0xF0, 0x23, 0x33, 0xFF, 0xDD, 0xEE, 0xFD, 0xED, 0xDE
    .byte   0xD3, 0xFE, 0x1E, 0x45, 0x56, 0x55, 0x31, 0x2F, 0x30, 0x1D, 0xCC, 0xBC, 0xDE, 0xED, 0xDC, 0xB1
    .byte   0x03, 0x43, 0x42, 0x23, 0x34, 0x43,   63, 0x0D, 0xDC, 0xDE, 0xEF, 0xED, 0xDC, 0xEE, 0x12, 0x22
    .byte   0x22, 0x21, 0x12, 0x1F, 0xED, 0xDD, 0xDC, 0xEE, 0xE1, 0x1F, 0xEE, 0x03, 0x55, 0x66, 0x45, 0xFE
    .byte   0x2E, 0x32, 0xEE, 0xCB, 0xCB, 0xED, 0xED,  -27, 0x0C, 0xCF, 0xF3, 0x53, 0x43, 0x13, 0x23, 0x42
    .byte   0x3F, 0xDD, 0xCD, 0xEE, 0xEF, 0xDD, 0xDD, 0xF1, 0x32, 0x31, 0x20, 0xE2, 0x01, 0xFD, 0xEC, 0xCD
    .byte   0xD1, 0x00, 0x0E, 0xFE, 0xF3, 0x55, 0x65, 0x55,   90, 0x0F, 0xFE, 0x30, 0x11, 0xCC, 0xBC, 0xBD
    .byte   0xEE, 0xED, 0xDD, 0xE2, 0x24, 0x44, 0x33, 0x32, 0x23, 0x12, 0xEE, 0xDD, 0xDD, 0xDF, 0xEE, 0xEE
    .byte   0xEF, 0x12, 0x22, 0x22, 0x11, 0xFF, 0xFD, 0xED, 0xCD,  -60, 0x0D, 0x01, 0x11, 0xEE, 0x1F, 0x34
    .byte   0x56, 0x64, 0x52, 0x0E, 0xD2, 0xE1, 0x2D, 0xDC, 0xBB, 0xCD, 0xDF, 0xEF, 0xFE, 0x21, 0x33, 0x44
    .byte   0x33, 0x41, 0x21, 0xFE, 0xED, 0xDE, 0xDE, 0xDE, 0xDE, 0xEF,  -24, 0x01, 0x22, 0x12, 0x20, 0x20
    .byte   0xFF, 0xFE, 0xDD, 0xCD, 0xEE, 0xE0, 0xF0, 0xEF, 0xE1, 0x24, 0x55, 0x65, 0x53, 0x2F, 0xDE, 0xEE
    .byte   0x2E, 0xEC, 0xCC, 0xBC, 0xDE, 0xDF, 0x2E, 0x12, 0x23, 0x34, 0x43,   40, 0x03, 0x11, 0xEE, 0xEE
    .byte   0xEE, 0xEE, 0xDD, 0xED, 0xEE, 0xF1, 0x22, 0x22, 0x02, 0xE0, 0xFF, 0xEE, 0xDD, 0xDD, 0xDE, 0xE1
    .byte   0xF2, 0x0F, 0xEE, 0x02, 0x44, 0x65, 0x64, 0x40, 0xFD, 0xDF, 0xD2, 0x0E,   59, 0x0C, 0xCC, 0xBC
    .byte   0xDE, 0xF2, 0x12, 0x3F, 0x32, 0x24, 0x33, 0x41, 0x32, 0xEE, 0xDD, 0xED, 0xFF, 0xEF, 0xFD, 0xED
    .byte   0xFF, 0x01, 0x22, 0x22, 0xE1, 0xED, 0xEE, 0xDE, 0xDE, 0xEE, 0xFF, 0xF2, 0xEF,  -66, 0x0E, 0x13
    .byte   0x35, 0x55, 0x55, 0x42, 0xFD, 0xDD, 0xE1, 0xF2, 0xED, 0xCC, 0xBC, 0xCD, 0xE1, 0x32, 0x32, 0x23
    .byte   0x03, 0x23, 0x42, 0x32, 0x2F, 0xDE, 0xDD, 0xEE, 0x0F, 0xE1, 0xDF, 0xEE, 0x0E, 0x22,   -7, 0x02
    .byte   0x00, 0xEE, 0xED, 0xED, 0xDE, 0xEE, 0xF0, 0x1F, 0x0F, 0xEF, 0xE2, 0x34, 0x55, 0x55, 0x43, 0x3D
    .byte   0xED, 0xC1, 0x00, 0x11, 0xDD, 0xCC, 0xCB, 0xDE, 0xE2, 0x33, 0x32, 0x13, 0x12, 0x32, 0x42,   41
    .byte   0x02, 0x0F, 0xED, 0xDE, 0xEE, 0x0E, 0xFF, 0xE0, 0xEE, 0x0F, 0x10, 0x01, 0x0E, 0x0D, 0xEE, 0xDE
    .byte   0xED, 0xFF, 0x01, 0x1F, 0x0E, 0xEF, 0xD3, 0x34, 0x55, 0x55, 0x33, 0x2D, 0xFD, 0xD1, 0xF2, 0x20
    .byte     58, 0x0D, 0xCC, 0xCB, 0xDD, 0xD3, 0x32, 0x40, 0x23, 0xD3, 0x21, 0x42, 0x33, 0x12, 0xFD, 0xED
    .byte   0xDE, 0xEE, 0x1E, 0x00, 0xE0, 0xEF, 0xFF, 0xF1, 0xF0, 0xEE, 0xEE, 0xDE, 0xED, 0x1E, 0x12, 0x02
    .byte   0x0E,  -54, 0x0D, 0x0E, 0x33, 0x55, 0x45, 0x52, 0x3E, 0xDE, 0xDE, 0x11, 0x31, 0x1F, 0xCD, 0xBB
    .byte   0xDC, 0xEF, 0x23, 0x33, 0x23, 0xFF, 0x00, 0x13, 0x14, 0x32, 0x3E, 0xEE, 0xDE, 0xDD, 0x0E, 0x1F
    .byte   0x10, 0xE0,   -5, 0x0E, 0xE0, 0xEE, 0x1F, 0xFF, 0xEE, 0xED, 0xEE, 0xFF, 0x12, 0x2F, 0x1E, 0xEE
    .byte   0xE2, 0x24, 0x54, 0x55, 0x33, 0x2D, 0xFD, 0xD1, 0x12, 0x30, 0x1E, 0xCC, 0xCB, 0xDC, 0xF0, 0x23
    .byte   0x33, 0x22, 0x1E,   -1, 0x0F, 0xF3, 0x23, 0x33, 0x22, 0xEE, 0xDD, 0xDE, 0xEF, 0x01, 0x20, 0x00
    .byte   0xDE, 0xED, 0xFE, 0xE2, 0xE2, 0xE0, 0xED, 0xFD, 0xE0, 0x02, 0x22, 0x2F, 0xE0, 0xD0, 0x30, 0x54
    .byte   0x45, 0x34, 0x1E, 0x1D,   47, 0x00, 0xE2, 0x31, 0x1F, 0xED, 0xCC, 0xCD, 0xCF, 0xF2, 0x32, 0x33
    .byte   0xF1, 0xEF, 0xF1, 0x22, 0x33, 0x32, 0x01, 0xDE, 0xDD, 0xEE, 0x01, 0x02, 0xFF, 0x0E, 0xEE, 0xEE
    .byte   0xEF, 0xFE, 0x0F, 0xEF, 0xEF,  -42, 0x00, 0xE0, 0x10, 0x11, 0xF1, 0xEF, 0xF0, 0x33, 0x34, 0x44
    .byte   0x42, 0x22, 0xEF, 0x0E, 0x11, 0x22, 0x11, 0xED, 0xDC, 0xDC, 0xDE, 0xE2, 0x22, 0x32, 0x21, 0xF0
    .byte   0xE2, 0x01, 0x22, 0x22, 0x11, 0x0E,   16, 0x0E, 0xDE, 0x0E, 0x02, 0xE2, 0x0E, 0x1E, 0xE0, 0xEF
    .byte   0xEF, 0xFF, 0x0E, 0xFF, 0xEF, 0xE0, 0x11, 0x10, 0x21, 0xFF, 0xEE, 0xE2, 0x33, 0x33, 0x43, 0x32
    .byte   0x2F, 0xFF, 0xF2, 0xF2, 0x32, 0x2F, 0xED,   34, 0x0D, 0xCF, 0xDE, 0x12, 0x21, 0x22, 0x00, 0xE1
    .byte   0xEF, 0xF1, 0x02, 0x11, 0x01, 0xFE, 0xFE, 0xE0, 0xEF, 0xF0, 0xF0, 0x1F, 0x01, 0xF1, 0xE1, 0x0E
    .byte   0xEF, 0xEF, 0xFF, 0xFF, 0xF0, 0xF0, 0xFF, 0x2F,  -29, 0x00, 0xFE, 0x01, 0x22, 0x23, 0x23, 0x32
    .byte   0x22, 0x02, 0x10, 0x31, 0x22, 0x21, 0xFE, 0xEE, 0xDE, 0xEE, 0x0F, 0x11, 0x00, 0x0E, 0x0E, 0xF0
    .byte   0xFF, 0x1F, 0x0F, 0xFF, 0xFE, 0x0F, 0xF0, 0xFF, 0x0E,  -11, 0x01, 0x01, 0x20, 0xFE, 0xEE, 0xFF
    .byte   0xF0, 0x10, 0x1F, 0x0F, 0x1E, 0x1F, 0xF0, 0x11, 0x01, 0xFF, 0x0E, 0xFF, 0x22, 0x22, 0x23, 0x22
    .byte   0x12, 0x21, 0x22, 0x12, 0x22, 0x11, 0x1F, 0xEF, 0xEE, 0x1E,   23, 0x0F, 0xFF, 0xFF, 0xFF, 0x0F
    .byte   0x0E, 0x0E, 0xFF, 0xEF, 0x0E, 0x00, 0x0E, 0x0E, 0x1F, 0x11, 0x10, 0xFF, 0xFF, 0xFF, 0x10, 0x11
    .byte   0xF0, 0xF0, 0x1E, 0x11, 0x0E, 0x00, 0xF0, 0x10, 0x00, 0x00, 0xE0,  -24, 0x0F, 0x11, 0x22, 0x22
    .byte   0x22, 0x01, 0x21, 0x22, 0x12, 0x12, 0x22, 0x10, 0x0F, 0xFF, 0xFF, 0xFF, 0xFF, 0xF0, 0xFE, 0x1F
    .byte   0xFF, 0xFE, 0xFE, 0x0E, 0xE0, 0x0E, 0xFF, 0xF1, 0xF0, 0xF0, 0xEF, 0x0F,  -16, 0x00, 0x10, 0x11
    .byte   0x11, 0x0F, 0xFF, 0xF0, 0x11, 0x10, 0xF1, 0x10, 0xF0, 0xE0, 0x00, 0xF1, 0x1F, 0x10, 0xFF, 0x02
    .byte   0x02, 0x11, 0x20, 0x20, 0x12, 0x2F, 0x22, 0x21, 0x20, 0x10, 0xF1, 0x10, 0xFF,   26, 0x00, 0x00
    .byte   0xF0, 0xEF, 0xEF, 0xFE, 0x00, 0xFF, 0xEF, 0xEF, 0x0E, 0x1E, 0x10, 0xF0, 0xF0, 0xFF, 0xFF, 0x11
    .byte   0x01, 0x1F, 0x11, 0x10, 0xF0, 0x00, 0x0F, 0x10, 0x10, 0xE2, 0xF0, 0xE0, 0x0F, 0x11,  -13, 0x00
    .byte   0xF0, 0x00, 0xF0, 0x12, 0x02, 0x11, 0x11, 0x11, 0x12, 0x21, 0x20, 0x20, 0x11, 0x11, 0x11, 0x00
    .byte   0x0F, 0xFF, 0x0F, 0x0F, 0x0E, 0xFF, 0x0F, 0x0E, 0x0E, 0xFF, 0xF0, 0xE0, 0x1E, 0x10, 0xE0,   -8
    .byte   0x0F, 0xF1, 0x0F, 0x01, 0x00, 0x1F, 0x11, 0xF1, 0x0F, 0x01, 0x1F, 0xFF, 0x1F, 0x0F, 0x10, 0x0F
    .byte   0x0F, 0x0F, 0x01, 0x00, 0xF1, 0x10, 0xFF, 0x12, 0x01, 0x20, 0x11, 0x11, 0x02, 0x12, 0x11, 0x11
    .byte     17, 0x01, 0x00, 0x11, 0x01, 0x1F, 0xFF, 0x0F, 0xF1, 0xFF, 0xEF, 0xF0, 0xFE, 0xFF, 0x00, 0xEF
    .byte   0xFF, 0xFF, 0x10, 0xFE, 0x11, 0x0F, 0xF1, 0x01, 0x00, 0x01, 0x00, 0x10, 0xF1, 0x00, 0xF0, 0x01
    .byte   0xF0,   -6, 0x0F, 0xF0, 0x0F, 0x0F, 0x1F, 0x2E, 0xF1, 0x01, 0xF1, 0x10, 0xF0, 0x21, 0x11, 0x11
    .byte   0x10, 0x20, 0x01, 0x12, 0x10, 0x10, 0x12, 0xF0, 0xF1, 0xF0, 0x1F, 0x00, 0xE0, 0x01, 0xF0, 0xE0
    .byte   0xE0, 0x0F,    2, 0x0F, 0x01, 0xEF, 0x1E, 0x00, 0xF1, 0x0E, 0x02, 0xFF, 0x1F, 0x2F, 0xFF, 0xF1
    .byte   0x10, 0x1F, 0x00, 0x01, 0xFF, 0x00, 0x2E, 0xE2, 0x1F, 0x0F, 0x10, 0x0F, 0x10, 0x01, 0x01, 0x01
    .byte   0x11, 0x0F, 0x21,    4, 0x00, 0xF1, 0x02, 0x01, 0x00, 0x11, 0x11, 0x00, 0x00, 0xFF, 0x22, 0xEE
    .byte   0x01, 0x11, 0xEE, 0xFF, 0x01, 0xFE, 0xF0, 0x10, 0xFE, 0xFF, 0xF1, 0x21, 0xEE, 0x01, 0x01, 0xF0
    .byte   0xE2, 0x30, 0xEE, 0xE3,    0, 0x0E, 0xE0, 0x1F, 0x12, 0xF0, 0x24, 0x3B, 0xCE, 0x14, 0x2F, 0xDD
    .byte   0x21, 0x32, 0xEF, 0xF0, 0x1E, 0x20, 0x31, 0xFE, 0x02, 0x23, 0xFE, 0xEE, 0xF2, 0x21, 0x2E, 0x02
    .byte   0x2E, 0xEF, 0xE1, 0x21, 0xEE,    5, 0x02, 0x22, 0xDE, 0xF0, 0x10, 0xFE, 0x0E, 0xEF, 0x22, 0xFF
    .byte   0xFE, 0x01, 0x12, 0xEF, 0x2E, 0xEE, 0x12, 0x23, 0xDE, 0xEE, 0x42, 0xD0, 0xDE, 0x13, 0x0F, 0x1D
    .byte   0x13, 0x02, 0x0E, 0x21, 0x11, 0x22,    6, 0x01, 0xF2, 0x2E, 0x2F, 0x21, 0x00, 0x12, 0xEF, 0x11
    .byte   0x2E, 0xE1, 0x0F, 0xEE, 0x2E, 0xFE, 0x11, 0x00, 0x1F, 0xFF, 0xE3, 0xED, 0xEF, 0x31, 0x01, 0xEE
    .byte   0x0E, 0x11, 0x01, 0x11, 0xDF, 0x2F, 0xEF,  -21, 0x0E, 0xED, 0x02, 0x1E, 0x0E, 0x20, 0xF2, 0x34
    .byte   0x23, 0x21, 0x31, 0x13, 0x21, 0xEF, 0xF1, 0x0F, 0x0F, 0xEE, 0xE0, 0x10, 0x0E, 0xFF, 0x00, 0x22
    .byte   0x0E, 0xF0, 0xE0, 0x00, 0x0F, 0x0E, 0x11, 0x1E,    2, 0x0F, 0xE0, 0xE0, 0x0F, 0x0E, 0xE0, 0x0E
    .byte   0xFE, 0xED, 0xEE, 0x12, 0xFF, 0xEE, 0xE0, 0x2F, 0x2F, 0x14, 0x44, 0x44, 0x42, 0x3F, 0x02, 0x1D
    .byte   0xCE, 0xDF, 0xEE, 0xEF, 0xED, 0xD1, 0x23, 0x22, 0x02,   18, 0x00, 0x33, 0x2E, 0xDE, 0xD0, 0xFE
    .byte   0xFE, 0xEE, 0xF2, 0x01, 0x10, 0xFE, 0x01, 0x11, 0xEE, 0xD0, 0xED, 0xDE, 0xDD, 0xDE, 0xEF, 0xFE
    .byte   0xF1, 0x13, 0x34, 0x55, 0x64, 0x54, 0x31, 0xEE, 0xED, 0xCB,   23, 0x0C, 0xDE, 0xEE, 0xEF, 0xD1
    .byte   0x34, 0x43, 0x32, 0x32, 0x13, 0x2D, 0xCD, 0xCC, 0xED, 0xFF, 0xFE, 0x23, 0x33, 0x33, 0x20, 0xEE
    .byte   0x2E, 0xDD, 0xCD, 0xDD, 0xDC, 0xDD, 0xD1, 0x0F, 0x11, 0xDE, 0x44,  -53, 0x04, 0x46, 0x75, 0x42
    .byte   0x2E, 0xDD, 0xCD, 0xBA, 0xCC, 0xE0, 0x20, 0xF2, 0x13, 0x55, 0x33, 0x11, 0x12, 0x0E, 0xEB, 0xBC
    .byte   0xDD, 0xE1, 0x2F, 0xF3, 0x45, 0x53, 0x22, 0xED, 0xFE, 0xEC, 0xBB, 0xCF,  -49, 0x0E, 0xED, 0xDC
    .byte   0x12, 0x4F, 0xE0, 0xF1, 0x23, 0x33, 0x34, 0x67, 0x53, 0x1E, 0xED, 0xDC, 0xCB, 0xBB, 0xF3, 0x31
    .byte   0xEE, 0x44, 0x34, 0x41, 0xE0, 0xE3, 0x1D, 0xCC, 0xCC, 0xDE, 0x21, 0xE2, 0x34,   20, 0x04, 0x42
    .byte   0x2E, 0xDE, 0xDC, 0xCC, 0xDD, 0xED, 0xE0, 0x2E, 0xE0, 0xEF, 0x2E, 0xDF, 0xEE, 0xEF, 0x33, 0x34
    .byte   0x57, 0x74, 0x21, 0xEF, 0xEB, 0xBC, 0xBA, 0xD2, 0x33, 0xEE, 0x35, 0x43, 0x43, 0xFE,   51, 0x0F
    .byte   0xFF, 0xBB, 0xDD, 0xDD, 0xFF, 0x33, 0x34, 0x54, 0x33, 0x11, 0xFC, 0xCB, 0xDD, 0xCD, 0xDE, 0x22
    .byte   0x10, 0x22, 0xDC, 0x22, 0xFD, 0xCC, 0x13, 0x22, 0x44, 0x57, 0x75, 0x21, 0xDE, 0xFB, 0xBB,  -12
    .byte   0x0B, 0xCF, 0x44, 0x1F, 0x26, 0x54, 0x03, 0xED, 0xEE, 0xED, 0xBA, 0xD2, 0xEE, 0xE2, 0x34, 0x44
    .byte   0x54, 0x1E, 0x03, 0xEC, 0xBB, 0xDF, 0xDD, 0xEF, 0xFF, 0x33, 0xFE, 0xDD, 0x11, 0xDD, 0xDC, 0xD2
    .byte    -83, 0x03, 0x24, 0x57, 0x77, 0x0E, 0xDE, 0xDC, 0xAA, 0xBA, 0xD3, 0x44, 0x32, 0x26, 0x64, 0xED
    .byte   0xDD, 0xEC, 0xDE, 0xBB, 0xD3, 0x22, 0x0F, 0x35, 0x43, 0x33, 0xFF, 0xFE, 0x0D, 0xBB, 0xD2, 0x2F
    .byte   0xCD,  -34, 0x03, 0x12, 0x20, 0xDC, 0xD2, 0x2C, 0xCC, 0xE1, 0x0F, 0x36, 0x65, 0x77, 0x4D, 0xDD
    .byte   0xDD, 0xAA, 0x9B, 0xC2, 0x55, 0x52, 0x34, 0x65, 0x3D, 0xBC, 0xCD, 0xDC, 0xCB, 0xDE, 0x44, 0x33
    .byte   0x24, 0x44,   50, 0x0F, 0xEE, 0xEE, 0xFE, 0xDC, 0xCF, 0x2E, 0xDD, 0xE3, 0x21, 0x11, 0x1D, 0xDD
    .byte   0x20, 0xCB, 0xD2, 0x2D, 0x04, 0x66, 0x67, 0x62, 0xDD, 0xDC, 0xCA, 0x9B, 0xCD, 0x35, 0x54, 0x34
    .byte   0x56, 0x4D, 0xBB,   32, 0x0D, 0xCD, 0xCB, 0xD0, 0x34, 0x42, 0x33, 0x34, 0x4F, 0xDD, 0xF0, 0xED
    .byte   0xDD, 0xED, 0xF1, 0xFE, 0xEE, 0xF2, 0x10, 0xEF, 0xFE, 0xEE, 0xDD, 0xCD, 0xDE, 0xE2, 0x56, 0x66
    .byte   0x76, 0xED, 0xDD, 0xCB,    7, 0x0A, 0xBC, 0xE4, 0x55, 0x43, 0x45, 0x63, 0xCB, 0xCC, 0xDC, 0xCC
    .byte   0xDD, 0x03, 0x34, 0x33, 0x14, 0x42, 0xEE, 0xFF, 0xED, 0xDE, 0xED, 0xDF, 0x20, 0xED, 0x02, 0x0E
    .byte   0xEF, 0x21, 0xED, 0xED, 0xDD,  -77, 0x0D, 0xDE, 0x35, 0x56, 0x67, 0x6E, 0xDD, 0xEC, 0xBA, 0xAB
    .byte   0xCF, 0x35, 0x53, 0x43, 0x56, 0x2D, 0xBC, 0xDD, 0xCC, 0xDC, 0xD0, 0x33, 0x42, 0x22, 0x34, 0x32
    .byte   0xED, 0xF0, 0xEE, 0xDD, 0xDD, 0xFF,  -16, 0x0F, 0xEE, 0xF2, 0x21, 0xED, 0xF0, 0x2D, 0xDC, 0xED
    .byte   0xDC, 0xE2, 0x55, 0x46, 0x77, 0x4C, 0xD0, 0xEC, 0xAA, 0xBB, 0xDF, 0x45, 0x44, 0x24, 0x56, 0xEC
    .byte   0xCC, 0xDD, 0xCC, 0xCD, 0xD0, 0x23, 0x44,    3, 0x02, 0x44, 0x31, 0xDE, 0xEE, 0xDD, 0xFD, 0xDD
    .byte   0x00, 0x20, 0xFE, 0x01, 0x1E, 0xDE, 0x10, 0xEE, 0xDD, 0xDC, 0xED, 0x13, 0x55, 0x56, 0x76, 0xED
    .byte   0xD0, 0xEB, 0xAB, 0xBC, 0xD2, 0x44, 0x43, 0x25,   63, 0x04, 0x0C, 0xCE, 0xED, 0xCC, 0xCC, 0xEF
    .byte   0x23, 0x33, 0x13, 0x45, 0x20, 0xDF, 0xFE, 0xDD, 0xDE, 0xDD, 0x02, 0x0F, 0xDE, 0x13, 0xFD, 0xD0
    .byte   0x22, 0x0D, 0xDC, 0xDD, 0xDF, 0x13, 0x45, 0x57, 0x65,  103, 0x0D, 0xEE, 0xEC, 0xAB, 0xAD, 0xE2
    .byte   0x34, 0x33, 0x34, 0x54, 0x2D, 0xCD, 0x00, 0xCC, 0xBD, 0xD1, 0x13, 0x32, 0x22, 0x44, 0x41, 0xEE
    .byte   0xEF, 0xED, 0xDD, 0xDE, 0xDE, 0x22, 0xFE, 0xE0, 0x2E, 0xEE,  -31, 0x02, 0xFE, 0xDC, 0xDD, 0xDE
    .byte   0xF2, 0x44, 0x66, 0x66, 0x3D, 0xE1, 0x0C, 0xBA, 0xBC, 0xD2, 0x32, 0x32, 0x34, 0x45, 0x2F, 0xDD
    .byte   0xF1, 0xEC, 0xCB, 0xDD, 0x21, 0x32, 0x12, 0x34, 0x44, 0x10, 0xED,   26, 0x0F, 0xFE, 0xCC, 0xDF
    .byte   0x22, 0xFD, 0xDF, 0x01, 0x0E, 0xF0, 0x11, 0x0D, 0xDC, 0xDE, 0x02, 0x34, 0x56, 0x66, 0x3F, 0xD0
    .byte   0x20, 0xCB, 0xAC, 0xDE, 0x21, 0x22, 0x23, 0x34, 0x43, 0xEE, 0x1F, 0xEE,   22, 0x0C, 0xCD, 0xDF
    .byte   0x02, 0x22, 0x33, 0x44, 0x32, 0x0E, 0xDE, 0xEE, 0xDD, 0xCE, 0xE2, 0xFF, 0xDE, 0xF0, 0xFF, 0xF0
    .byte   0x1F, 0x0F, 0xDD, 0xCE, 0xD2, 0x14, 0x44, 0x66, 0x54, 0xEF, 0xF0, 0xED, 0xBB,   -4, 0x0D, 0xEF
    .byte   0x02, 0x22, 0x03, 0x44, 0x22, 0x0F, 0x0F, 0xED, 0xCD, 0xCD, 0xEE, 0x22, 0x22, 0x33, 0x43, 0x41
    .byte   0xDD, 0xE0, 0x0E, 0xDC, 0xDE, 0x20, 0x0D, 0xDF, 0xEE, 0xE1, 0x21, 0x0E, 0x0E, 0xDD,  -74, 0x0E
    .byte   0x12, 0x34, 0x45, 0x66, 0x30, 0xF0, 0x1F, 0xDC, 0xBC, 0xDE, 0xD1, 0x22, 0x2F, 0x02, 0x43, 0x32
    .byte   0xFF, 0xF1, 0xFD, 0xDC, 0xCE, 0xE0, 0x02, 0x12, 0x33, 0x33, 0x41, 0x0D, 0xED, 0x0F, 0xED,   -5
    .byte   0x0D, 0xFF, 0xED, 0xEE, 0xEE, 0xE1, 0x22, 0x11, 0x0E, 0xDD, 0xDE, 0xF3, 0x33, 0x45, 0x65, 0x32
    .byte   0xE1, 0x1F, 0xEC, 0xCD, 0xCE, 0xD1, 0x22, 0xFE, 0xE2, 0x33, 0x32, 0x21, 0x12, 0x1E, 0xDD, 0xDD
    .byte    -10, 0x0E, 0x01, 0x11, 0x22, 0x33, 0x32, 0xFF, 0xF1, 0xFE, 0xEE, 0xED, 0xED, 0xDF, 0xEE, 0xDE
    .byte   0xE2, 0x1F, 0xFE, 0x0F, 0x0E, 0xDD, 0x22, 0x33, 0x34, 0x55, 0x44, 0x01, 0x20, 0xFD, 0xDC, 0xDD
    .byte   0xDE,   -3, 0x0F, 0x1F, 0xE0, 0x23, 0x22, 0x32, 0x22, 0x10, 0xEE, 0xED, 0xDD, 0xEF, 0x02, 0x10
    .byte   0x12, 0x33, 0x11, 0xE0, 0x1F, 0xFF, 0xEE, 0xEE, 0xDE, 0xED, 0xEE, 0xDE, 0x10, 0x01, 0x00, 0xFE
    .byte   0xED, 0xF0,  -59, 0x03, 0x23, 0x45, 0x54, 0x32, 0x02, 0x0F, 0xED, 0xDC, 0xED, 0xFE, 0x0F, 0xEE
    .byte   0xF0, 0x22, 0x22, 0x22, 0x22, 0x10, 0xFE, 0xDE, 0xDF, 0x00, 0xFF, 0xF2, 0x22, 0x2F, 0x1F, 0xFF
    .byte   0x12, 0x0E, 0xEF,    4, 0x0E, 0xED, 0xDE, 0xDE, 0xEE, 0xEF, 0x1F, 0x20, 0xEE, 0xEE, 0x13, 0x22
    .byte   0x34, 0x45, 0x52, 0x12, 0x22, 0x0E, 0xDD, 0xDE, 0xEE, 0xEE, 0xEE, 0xEF, 0xF1, 0x11, 0x22, 0x22
    .byte   0x22, 0x11, 0xFE, 0xEE,   11, 0x00, 0xFE, 0xE0, 0x11, 0x22, 0x1E, 0xE0, 0x12, 0x22, 0xEE, 0xFF
    .byte   0xFE, 0xDD, 0xDE, 0xDD, 0xEE, 0x2F, 0x0F, 0xFF, 0xFF, 0xEE, 0xF2, 0x33, 0x34, 0x45, 0x42, 0x13
    .byte   0x22, 0xFE, 0xDD, 0xEE, 0xED,   15, 0x0F, 0xDE, 0xEF, 0x01, 0xF1, 0x22, 0x32, 0x21, 0x20, 0xFF
    .byte   0xEF, 0xEF, 0xEE, 0xE1, 0x10, 0xFF, 0x02, 0x20, 0xE2, 0x12, 0x0F, 0xFE, 0xEE, 0xED, 0xDE, 0xDE
    .byte   0xDE, 0xE2, 0x0F, 0xE0, 0x11, 0xEE,  -66, 0x02, 0x33, 0x33, 0x45, 0x43, 0x22, 0x33, 0x0D, 0xDE
    .byte   0xEE, 0xED, 0xEE, 0xED, 0xE0, 0xFE, 0xF1, 0x13, 0x22, 0x20, 0x23, 0x2E, 0xEF, 0xFE, 0xEF, 0xEF
    .byte   0xF0, 0xFF, 0xF1, 0x00, 0x12, 0x1F, 0x02,   17, 0x0E, 0xED, 0xFE, 0xED, 0xDD, 0xDF, 0xEF, 0xFF
    .byte   0xF0, 0x11, 0x0D, 0xE1, 0x23, 0x23, 0x35, 0x54, 0x02, 0x34, 0x2E, 0xDD, 0xFF, 0xED, 0xDE, 0xEE
    .byte   0xDE, 0x0E, 0xFE, 0x12, 0x31, 0x12, 0x23, 0x3F,   26, 0x0E, 0x20, 0xEE, 0xEF, 0xEE, 0xF0, 0x1F
    .byte   0xFF, 0x22, 0x2F, 0xE1, 0x32, 0xED, 0xD0, 0xEE, 0xCD, 0xEE, 0xED, 0xE0, 0x1F, 0xE0, 0x20, 0xEE
    .byte   0xF3, 0x33, 0x03, 0x55, 0x4F, 0xF4, 0x43, 0xCD, 0xD2,   50, 0x0E, 0xCD, 0xFF, 0xED, 0xD2, 0x0E
    .byte   0xD2, 0x32, 0xFE, 0x24, 0x30, 0xEE, 0x22, 0x1D, 0xD0, 0x00, 0xEE, 0x0F, 0x0F, 0x22, 0xFE, 0x12
    .byte   0x21, 0xEE, 0x01, 0xFD, 0xDD, 0xEE, 0xDE, 0xEE, 0xDF, 0x01,  -56, 0x0E, 0xEE, 0x21, 0x21, 0x23
    .byte   0x44, 0x44, 0x33, 0x34, 0x3E, 0xDD, 0x22, 0xEC, 0xDE, 0x1E, 0xDD, 0xEF, 0xEE, 0x12, 0x10, 0x13
    .byte   0x33, 0x0F, 0x23, 0x0E, 0xDE, 0xF1, 0xED, 0xF0, 0x1F, 0xF0, 0x00,    5, 0x02, 0x10, 0xF0, 0x10
    .byte   0x0E, 0xDE, 0xEE, 0xDD, 0xEE, 0xEE, 0xDF, 0x01, 0x0E, 0xEE, 0x22, 0x12, 0x23, 0x35, 0x43, 0x33
    .byte   0x44, 0x1D, 0xE2, 0x3E, 0xCD, 0xE2, 0xEC, 0xDE, 0x0E, 0xDE, 0xF1, 0xF2,   -4, 0x03, 0x21, 0x23
    .byte   0x40, 0xDE, 0x12, 0xFD, 0xDE, 0x21, 0xEE, 0xE0, 0x12, 0x0F, 0xF1, 0x21, 0x0F, 0xEF, 0x1E, 0xDD
    .byte   0xEE, 0xED, 0xDE, 0xE1, 0xEE, 0xEF, 0x21, 0xEE, 0x23, 0x32, 0x34, 0x53, 0x23,   51, 0x03, 0x2E
    .byte   0xF2, 0x2E, 0xCE, 0xF1, 0xEC, 0xC2, 0x1D, 0xCE, 0x12, 0xF0, 0x22, 0x33, 0x22, 0x22, 0x10, 0x11
    .byte   0xED, 0x01, 0xFD, 0xE0, 0x0E, 0xE2, 0xFE, 0x12, 0x2F, 0xE1, 0x22, 0xED, 0xEE, 0xFD,  -30, 0x0D
    .byte   0xFF, 0xDD, 0x02, 0xED, 0xF2, 0x1F, 0xE1, 0x33, 0x34, 0x44, 0x23, 0x44, 0x3E, 0xE3, 0x31, 0xCD
    .byte   0x22, 0xFC, 0xCE, 0x0E, 0xCC, 0x11, 0x1E, 0xF2, 0x32, 0x32, 0x31, 0x22, 0x2F, 0xEE, 0x21,   22
    .byte   0x0D, 0x01, 0xFE, 0xEE, 0x00, 0xEF, 0x01, 0x2F, 0xF0, 0x12, 0xEE, 0xEE, 0xED, 0xEE, 0xEE, 0xDE
    .byte   0x1E, 0xEE, 0xE2, 0x1E, 0x02, 0x43, 0x44, 0x33, 0x44, 0x32, 0x2F, 0x32, 0xED, 0xE1, 0x2D, 0xCC
    .byte     21, 0x00, 0xDC, 0xC2, 0x10, 0xDF, 0x24, 0x22, 0x22, 0x33, 0x0F, 0x11, 0x10, 0xFE, 0xD1, 0x1E
    .byte   0xEE, 0xE0, 0xFE, 0xE0, 0x12, 0xEF, 0x12, 0x0E, 0xE0, 0xEE, 0xDE, 0xFE, 0xED, 0xE1, 0xED, 0xF0
    .byte   0xFE,  -72, 0x01, 0x33, 0x33, 0x53, 0x24, 0x44, 0x11, 0x23, 0x3E, 0xDE, 0x22, 0xDC, 0xD1, 0xFC
    .byte   0xCD, 0x1E, 0xED, 0xE2, 0x32, 0x21, 0x33, 0x22, 0x21, 0x22, 0x1F, 0xEE, 0x20, 0xED, 0xE0, 0xFE
    .byte   0xDE, 0x12,   -6, 0x0E, 0xE1, 0x30, 0xDE, 0x22, 0xED, 0xD2, 0xFE, 0xDE, 0xF0, 0xDD, 0x01, 0xEE
    .byte   0x02, 0x32, 0x34, 0x43, 0x24, 0x44, 0x0F, 0x34, 0x1D, 0xE2, 0x3F, 0xCC, 0xF2, 0xEB, 0xCE, 0x2D
    .byte   0xDD, 0x13, 0x2F,  -14, 0x03, 0x22, 0x22, 0x30, 0x12, 0x22, 0xEF, 0x11, 0x0D, 0xD2, 0x2D, 0xDD
    .byte   0x21, 0xFD, 0xE2, 0x2E, 0xD0, 0x02, 0xEE, 0xE1, 0x1E, 0xDF, 0x0F, 0xED, 0xE2, 0xFD, 0xE1, 0x33
    .byte   0x13, 0x44, 0x13, 0x43,   37, 0x02, 0x23, 0x32, 0xE0, 0x32, 0xEC, 0xEF, 0xFC, 0xCD, 0xEE, 0xDD
    .byte   0xE0, 0x20, 0xF2, 0x22, 0x12, 0x32, 0x11, 0x32, 0x1F, 0x02, 0x1E, 0xDF, 0x10, 0xDD, 0xE1, 0x1E
    .byte   0xDF, 0x2F, 0xEE, 0xE1, 0x0E,  -30, 0x0F, 0xFF, 0x00, 0xE0, 0xEE, 0xFE, 0xFE, 0xE0, 0x12, 0x21
    .byte   0x34, 0x31, 0x34, 0x42, 0x20, 0x43, 0x2F, 0xF3, 0x3E, 0xCE, 0xEF, 0xDC, 0xCF, 0xFD, 0xDD, 0x02
    .byte   0xFE, 0x12, 0x22, 0x22, 0x20, 0x23,   25, 0x01, 0xE0, 0x32, 0xFD, 0xD1, 0x2E, 0xDD, 0xF2, 0x0D
    .byte   0xDF, 0x2F, 0xED, 0x01, 0x0F, 0xEF, 0x11, 0x0E, 0xE0, 0x0E, 0xEE, 0xEF, 0x0F, 0x02, 0x33, 0x33
    .byte   0x13, 0x44, 0x21, 0x23, 0x42, 0x0F, 0x23,   77, 0x0D, 0xDE, 0xFE, 0xCC, 0xDE, 0xFD, 0xDE, 0x0F
    .byte   0x2F, 0x01, 0x12, 0x31, 0x02, 0x13, 0x31, 0xF1, 0x22, 0xFD, 0xFF, 0x0E, 0xDE, 0x01, 0xED, 0xFF
    .byte   0xFE, 0xEE, 0xE0, 0x0E, 0xFF, 0xF1, 0x0E, 0xEF,  -47, 0x00, 0x0E, 0xEE, 0x12, 0x22, 0x23, 0x43
    .byte   0x02, 0x34, 0x32, 0x22, 0x43, 0x1E, 0x13, 0x2E, 0xCE, 0xEE, 0xDC, 0xED, 0xEE, 0xDF, 0xF0, 0xEF
    .byte   0xF2, 0x2F, 0xF1, 0x32, 0x02, 0x22, 0x21, 0x11, 0x1F,   18, 0x0E, 0x11, 0xDE, 0x00, 0x0E, 0xDF
    .byte   0xFF, 0xED, 0xE1, 0x0E, 0xE0, 0x2F, 0xFE, 0x00, 0xFE, 0xE0, 0x0F, 0xEF, 0x23, 0x23, 0x33, 0x22
    .byte   0x34, 0x32, 0x02, 0x34, 0x2F, 0xF1, 0x10, 0xED, 0xDF, 0xDD,   18, 0x0E, 0xDF, 0xDE, 0xEF, 0x20
    .byte   0x0E, 0x02, 0x22, 0xF0, 0x22, 0x21, 0x22, 0x11, 0xF0, 0xFF, 0xEE, 0xFF, 0xFE, 0xEF, 0xFF, 0xEE
    .byte   0xD1, 0xEE, 0xEF, 0x0F, 0xFF, 0x10, 0x10, 0xEF, 0xEF, 0x00, 0xFE,  -51, 0x01, 0x33, 0x33, 0x22
    .byte   0x33, 0x33, 0x23, 0x02, 0x32, 0x22, 0x1E, 0xEE, 0xDF, 0xED, 0xDD, 0xDE, 0xFE, 0xFE, 0xFE, 0x10
    .byte   0x12, 0x10, 0x01, 0x21, 0x22, 0x12, 0x11, 0xF0, 0x00, 0xEF, 0xEF, 0xFF,    3, 0x0E, 0xFE, 0xEF
    .byte   0xEE, 0xFE, 0xEF, 0xFF, 0x00, 0x0F, 0xF0, 0x0F, 0x0E, 0xFF, 0x0E, 0x0F, 0x02, 0x23, 0x23, 0x22
    .byte   0x32, 0x33, 0x23, 0x22, 0x31, 0x22, 0x2F, 0xEE, 0xDD, 0xFE, 0xEE, 0xDE, 0xDD,   -5, 0x00, 0x11
    .byte   0x0E, 0xEF, 0x01, 0x22, 0x11, 0x11, 0x12, 0x21, 0x0F, 0x0E, 0xF0, 0xEF, 0x00, 0x0E, 0x0E, 0x0F
    .byte   0xEF, 0xFF, 0xFE, 0xFF, 0xF0, 0x01, 0x01, 0x0F, 0xEF, 0xFF, 0xFF, 0xE0, 0x0F, 0x11,  -33, 0x02
    .byte   0x32, 0x31, 0x22, 0x23, 0x23, 0x32, 0x22, 0x02, 0x12, 0x1F, 0xEE, 0xDD, 0xFE, 0xEE, 0xFD, 0xEE
    .byte   0xFF, 0x0E, 0x00, 0xEF, 0x11, 0x10, 0x21, 0x02, 0x01, 0x00, 0xFF, 0xF0, 0xEF, 0x0F, 0xFF,   -9
    .byte   0x00, 0x00, 0x0F, 0xE0, 0xF0, 0x0F, 0x0F, 0xF1, 0x11, 0xFF, 0xFF, 0xEF, 0x11, 0xF0, 0xFE, 0x1F
    .byte   0x10, 0x22, 0x23, 0x11, 0x02, 0xF2, 0x23, 0x23, 0x21, 0x11, 0x02, 0x20, 0xF0, 0xEE, 0xEE, 0xEE
    .byte     18, 0x00, 0x0E, 0xEF, 0xEE, 0xF0, 0x0F, 0xE0, 0x0F, 0x01, 0x10, 0x10, 0x0E, 0x0F, 0xE0, 0x02
    .byte   0x01, 0x1F, 0x00, 0xEF, 0x01, 0x11, 0x11, 0x0F, 0xE1, 0x10, 0x00, 0xE0, 0x1F, 0xFF, 0xF1, 0x11
    .byte   0x0E,  -17, 0x00, 0x00, 0xF0, 0x12, 0x22, 0x20, 0x1F, 0xF1, 0x13, 0x22, 0x22, 0x11, 0x10, 0x12
    .byte   0xFF, 0xFF, 0xFE, 0xF0, 0xEF, 0x0E, 0x00, 0xFF, 0xEE, 0xE0, 0xE1, 0x00, 0x00, 0xFF, 0xF0, 0xF0
    .byte   0xEF, 0xF0,  -11, 0x00, 0x20, 0xFF, 0xF1, 0x1F, 0x10, 0x02, 0x1F, 0xFF, 0xF0, 0x0F, 0x01, 0x11
    .byte   0x0F, 0xEF, 0xF0, 0xF0, 0x02, 0x00, 0x0F, 0x0E, 0x00, 0x20, 0x22, 0x20, 0xF0, 0xF0, 0xF2, 0x22
    .byte   0x22, 0x11, 0xFF,   20, 0x0F, 0xF1, 0x11, 0x10, 0x0E, 0xFF, 0xE1, 0x00, 0x0F, 0xFF, 0xEE, 0xE0
    .byte   0x20, 0xEF, 0x10, 0xFE, 0xF0, 0x00, 0x00, 0x01, 0xF1, 0x01, 0x10, 0xE0, 0x12, 0x00, 0x01, 0x00
    .byte   0xEF, 0xFF, 0x2F, 0xFF,   -6, 0x01, 0x0E, 0xEF, 0xF1, 0x02, 0x02, 0x00, 0xEF, 0xF1, 0x02, 0x12
    .byte   0x21, 0x0E, 0xF1, 0x10, 0x22, 0x21, 0x11, 0x00, 0x0F, 0x00, 0x20, 0x0F, 0x00, 0xFF, 0xF0, 0xF0
    .byte   0xFF, 0x00, 0xFE, 0xE0, 0xE1,    0, 0x01, 0x10, 0xFE, 0xEF, 0x11, 0x0F, 0x20, 0x0F, 0xEF, 0x21
    .byte   0xE0, 0x02, 0x0F, 0xF1, 0x0E, 0x0F, 0x02, 0x01, 0xE0, 0x0F, 0x01, 0x00, 0xF1, 0x02, 0x0E, 0x0F
    .byte   0x11, 0x10, 0x10, 0x11, 0x11, 0x10,    0, 0x01, 0x10, 0x21, 0x10, 0x21, 0x11, 0xF0, 0x01, 0x11
    .byte   0xFF, 0xF1, 0x00, 0xFF, 0xFF, 0xF0, 0xFF, 0x00, 0x0E, 0xFE, 0xF2, 0x0F, 0xFF, 0xFF, 0x0E, 0x00
    .byte   0x10, 0x00, 0xF1, 0x0F, 0x00, 0x01, 0x2F,   -7, 0x0F, 0x00, 0x10, 0xFF, 0x11, 0x00, 0x11, 0xEF
    .byte   0x02, 0x20, 0xD0, 0x10, 0xE2, 0xFF, 0x10, 0x20, 0x10, 0x21, 0xF0, 0x20, 0x11, 0x21, 0x22, 0xF1
    .byte   0xFF, 0x01, 0x11, 0x1F, 0xF0, 0xEF, 0xFF, 0x1F,   12, 0x01, 0x0F, 0xE0, 0xEF, 0x00, 0x1F, 0x0F
    .byte   0x0E, 0x00, 0xEF, 0x11, 0x10, 0x0F, 0x10, 0xEF, 0x0F, 0x11, 0x21, 0x0F, 0xEF, 0xE0, 0x22, 0x2E
    .byte   0xEE, 0xE0, 0x13, 0x0E, 0xE1, 0x1F, 0xFE, 0xE2, 0x12,   -7, 0x02, 0x02, 0x0F, 0x11, 0x12, 0x12
    .byte   0x22, 0x11, 0xFF, 0xF0, 0x21, 0x1F, 0xEF, 0xEF, 0xEF, 0xE0, 0x21, 0x0F, 0xFF, 0xFE, 0xFF, 0x10
    .byte   0x21, 0x0F, 0xEE, 0xFE, 0x01, 0x21, 0x0E, 0x0F, 0x00, 0xEE,  -16, 0x01, 0x21, 0x2F, 0xFE, 0xFF
    .byte   0xE0, 0x11, 0x01, 0x0E, 0x0E, 0xF0, 0x0E, 0x01, 0x22, 0x33, 0x21, 0x00, 0x11, 0x32, 0x23, 0x11
    .byte   0x2E, 0x11, 0x0F, 0xE0, 0xEE, 0xEE, 0xEE, 0xEF, 0xE0, 0x11, 0x10,    1, 0x0F, 0x01, 0x02, 0x12
    .byte   0x10, 0xFE, 0x0F, 0x00, 0xFF, 0xEE, 0xEE, 0xEF, 0x01, 0x00, 0xE0, 0xFF, 0xF0, 0x0F, 0x11, 0x1F
    .byte   0x01, 0x01, 0xEE, 0xEE, 0xF1, 0x23, 0x33, 0x32, 0x21, 0x22, 0x23, 0x33,   53, 0x0F, 0x0E, 0xF0
    .byte   0x01, 0x0E, 0xDD, 0xCE, 0xDE, 0xF0, 0xF0, 0xEF, 0x11, 0x22, 0x22, 0x11, 0x21, 0x22, 0x12, 0xFE
    .byte   0xED, 0xEF, 0xFE, 0xDF, 0xEE, 0xFE, 0xFF, 0xEF, 0xFE, 0xF0, 0x11, 0x02, 0x00,  -34, 0x0E, 0xFF
    .byte   0xF1, 0x31, 0x43, 0x33, 0x13, 0x23, 0x13, 0x32, 0x10, 0xE0, 0x01, 0xFE, 0xDE, 0xCD, 0xDD, 0xEF
    .byte   0xEE, 0xEE, 0x01, 0x23, 0x23, 0x00, 0x21, 0x32, 0x32, 0xFE, 0xDF, 0xE0, 0xFE, 0xDE,  -15, 0x0D
    .byte   0xFF, 0x00, 0xED, 0xDF, 0x02, 0x12, 0xFF, 0xF0, 0xF0, 0x11, 0x0F, 0x03, 0x44, 0x33, 0x13, 0x32
    .byte   0x32, 0x32, 0x1F, 0xE1, 0x21, 0xED, 0xDD, 0xDC, 0xDE, 0xEE, 0xDD, 0xD2, 0x22, 0x32, 0x22,   -4
    .byte   0x02, 0x34, 0x22, 0xE1, 0x10, 0xFE, 0x00, 0xDC, 0xDD, 0x1F, 0xEE, 0xDD, 0xED, 0x12, 0x21, 0xDF
    .byte   0x03, 0x1E, 0xE0, 0x22, 0xFF, 0x35, 0x43, 0xE2, 0x44, 0x22, 0x23, 0x3E, 0xE1, 0x23, 0xEC, 0xCE
    .byte     34, 0x0D, 0xDC, 0xDE, 0xDD, 0xD1, 0x32, 0x10, 0x13, 0x33, 0x32, 0x31, 0x12, 0x20, 0xEE, 0xFF
    .byte   0xDD, 0xED, 0xED, 0xDE, 0xEE, 0xEE, 0xEF, 0x02, 0x01, 0x0E, 0x01, 0x2F, 0xE0, 0x23, 0x44, 0x40
    .byte   0x03,   35, 0x04, 0x21, 0x02, 0x22, 0x22, 0xEE, 0xDE, 0x0E, 0xCC, 0xCD, 0x0D, 0xDC, 0xF0, 0x22
    .byte   0x31, 0x22, 0x34, 0x33, 0xF0, 0x22, 0x2E, 0xEE, 0xEE, 0xDE, 0xDD, 0xDE, 0xDE, 0xEE, 0xEE, 0xE2
    .byte   0x2F, 0xEF,  -54, 0x02, 0x1F, 0xE0, 0x22, 0x34, 0x43, 0x13, 0x44, 0x21, 0x23, 0x22, 0x2F, 0x0F
    .byte   0xED, 0xEE, 0xCC, 0xDE, 0xDC, 0xCE, 0xF0, 0xFF, 0x03, 0x32, 0x33, 0x42, 0x22, 0x32, 0x0E, 0xFE
    .byte   0xFD, 0xDD, 0xDE,  -16, 0x0D, 0xCF, 0xED, 0xEF, 0x00, 0xFF, 0x11, 0x21, 0xEF, 0x23, 0x23, 0x44
    .byte   0x32, 0x44, 0x31, 0x23, 0x31, 0x1F, 0x12, 0xFD, 0xDE, 0xEC, 0xCD, 0xDD, 0xCD, 0xEF, 0xEE, 0x03
    .byte   0x22, 0x23, 0x43, 0x23,   33, 0x03, 0xFE, 0x10, 0xED, 0xDD, 0xED, 0xDC, 0xEE, 0xDD, 0xEF, 0x0E
    .byte   0xE0, 0x21, 0x00, 0x02, 0x31, 0x24, 0x52, 0x23, 0x54, 0x0F, 0x34, 0x2F, 0xE1, 0x30, 0xDD, 0xFF
    .byte   0xCC, 0xDD, 0xDC, 0xCF, 0x0D,  -46, 0x0F, 0x33, 0xFF, 0x34, 0x41, 0x03, 0x32, 0x0F, 0x2F, 0xDE
    .byte   0xDE, 0xDD, 0xDD, 0xDD, 0xED, 0xEE, 0xEE, 0x0F, 0xF0, 0x12, 0x12, 0x34, 0x44, 0x24, 0x44, 0x30
    .byte   0x34, 0x22, 0xFF, 0x31, 0xEE, 0xD0,   68, 0x0C, 0xCD, 0xDC, 0xCD, 0xDD, 0xDF, 0x12, 0x12, 0x33
    .byte   0x33, 0x33, 0x32, 0x22, 0x0F, 0xFE, 0xDE, 0xDD, 0xDD, 0xDE, 0xDD, 0xEE, 0xEE, 0xEE, 0x00, 0xFF
    .byte   0x22, 0x34, 0x43, 0x35, 0x44, 0x02, 0x44,   82, 0x0E, 0x23, 0x3D, 0xFF, 0x0E, 0xCC, 0xFC, 0xCC
    .byte   0xCE, 0xCD, 0xEE, 0x1F, 0x13, 0x22, 0x33, 0x33, 0x23, 0x21, 0x11, 0xFE, 0xED, 0xED, 0xED, 0xDD
    .byte   0xED, 0xDE, 0xFD, 0xEE, 0xF1, 0x11, 0x34, 0x5F,  -20, 0x05, 0x43, 0x22, 0x53, 0x12, 0x24, 0x1D
    .byte   0x22, 0x0D, 0xCD, 0xFC, 0xCC, 0xCF, 0xCD, 0xCE, 0x20, 0xD2, 0x32, 0x31, 0x33, 0x32, 0x22, 0x20
    .byte   0xFF, 0xEE, 0xEE, 0xDD, 0xEF, 0xDC, 0xEE, 0xED, 0xDE,  -80, 0x0F, 0xFF, 0x54, 0x13, 0x54, 0x4E
    .byte   0x35, 0x32, 0x23, 0x4F, 0xE2, 0x21, 0xDC, 0x0E, 0xCC, 0xCD, 0xDC, 0xDC, 0xE0, 0xDE, 0x21, 0x22
    .byte   0x23, 0x32, 0x22, 0x22, 0x0F, 0x10, 0x0E, 0xEE, 0xEE, 0xDE,  -35, 0x0D, 0xDD, 0xEF, 0xDE, 0x00
    .byte   0x44, 0xD4, 0x52, 0x42, 0x36, 0xE2, 0x43, 0x4E, 0xE4, 0x1E, 0xED, 0x2D, 0xCD, 0xCE, 0xDB, 0xDF
    .byte   0xCE, 0xCF, 0x3D, 0xF0, 0x04, 0xEE, 0x23, 0x2F, 0xF2, 0x20, 0xFE,  -18, 0x02, 0xEE, 0xD2, 0x0D
    .byte   0xDD, 0x01, 0xDE, 0x13, 0x4D, 0x25, 0x24, 0x11, 0x60, 0xF4, 0x34, 0x2E, 0x42, 0xF0, 0xD1, 0xFC
    .byte   0xDD, 0xDD, 0xCD, 0xDD, 0xDD, 0xD1, 0xFD, 0x0F, 0x22, 0xD2, 0x30, 0x1F,  -29, 0x03, 0xFE, 0x12
    .byte   0x1F, 0xE0, 0x0E, 0xEE, 0xEE, 0xEE, 0x01, 0x23, 0xF2, 0x40, 0x42, 0x05, 0x21, 0x43, 0x33, 0xF4
    .byte   0x2E, 0x2E, 0xFF, 0xCD, 0xFD, 0xDC, 0xDE, 0xCE, 0xDD, 0xFE, 0xDF, 0xE1, 0x0E,  -43, 0x02, 0x12
    .byte   0xE2, 0x22, 0x0F, 0x22, 0xE0, 0x11, 0xFE, 0xEF, 0xEE, 0xE0, 0xF0, 0x30, 0x04, 0x13, 0x21, 0x43
    .byte   0xE4, 0x34, 0x2F, 0x43, 0xFF, 0x01, 0x1D, 0xDE, 0xDE, 0xCD, 0xED, 0xDD, 0xDF, 0xED,  -32, 0x0E
    .byte   0x10, 0xD1, 0x21, 0xFF, 0x22, 0x11, 0x02, 0x11, 0x11, 0xF0, 0xFF, 0xFE, 0xE1, 0xEF, 0xF0, 0x31
    .byte   0xE4, 0x12, 0x3E, 0x43, 0x13, 0x33, 0x30, 0x34, 0xE0, 0x1F, 0x0D, 0xD1, 0xED, 0xDD, 0xED,    4
    .byte   0x0E, 0xFD, 0xED, 0xFF, 0xDF, 0xFE, 0x1F, 0x00, 0xF2, 0x10, 0x2F, 0x21, 0x11, 0x21, 0x0F, 0x11
    .byte   0x0E, 0xE2, 0x0D, 0x23, 0xFF, 0x23, 0x20, 0x04, 0x3E, 0x14, 0x30, 0xE4, 0x30, 0xE3, 0x2E, 0xEE
    .byte     60, 0x0E, 0xDD, 0xEE, 0xDD, 0xDE, 0x0D, 0xDF, 0xEF, 0xDE, 0x2E, 0x1E, 0x12, 0x1F, 0xF2, 0x22
    .byte   0xFE, 0x30, 0x1F, 0x02, 0xF0, 0xFF, 0x1E, 0x10, 0xF2, 0x2F, 0x12, 0x22, 0x12, 0x32, 0x10, 0x34
    .byte   0xE1,   45, 0x03, 0x2E, 0x20, 0x2E, 0xD0, 0x0E, 0xCD, 0x2E, 0xDD, 0xE1, 0xED, 0xD0, 0x2D, 0xE0
    .byte   0x11, 0xE1, 0x12, 0x0F, 0x11, 0x20, 0xF1, 0x12, 0x1F, 0x12, 0x0F, 0x1F, 0x00, 0xF0, 0xF1, 0x20
    .byte   0xF2, 0x22,   -1, 0x00, 0x32, 0xF2, 0x22, 0x21, 0x22, 0x20, 0x12, 0xFE, 0x01, 0xEE, 0xEE, 0x0D
    .byte   0xEF, 0xEE, 0xDF, 0x1E, 0xEE, 0xE1, 0x1F, 0xEE, 0x12, 0x1E, 0x00, 0x3F, 0xD2, 0x21, 0x10, 0x03
    .byte   0xE1, 0x20, 0x2E,   -8, 0x03, 0xEF, 0xF0, 0x01, 0x1F, 0x20, 0xE3, 0xE1, 0x2E, 0x3E, 0xF4, 0xE0
    .byte   0x12, 0x2E, 0x02, 0x2E, 0xD2, 0x1F, 0xEE, 0x2F, 0xD0, 0xFE, 0xE1, 0x0E, 0xEF, 0x20, 0xD1, 0x02
    .byte   0x1D, 0x1E, 0x13, 0x0E,  -19, 0x0E, 0x33, 0xE1, 0xEF, 0x3E, 0x11, 0xE3, 0xF0, 0x11, 0x13, 0xDD
    .byte   0xF3, 0x3E, 0xC1, 0x23, 0x3D, 0xEF, 0x31, 0x0D, 0xF3, 0x4D, 0xC2, 0x34, 0x0B, 0xE3, 0x42, 0xCC
    .byte   0x14, 0x3E, 0xB2, 0x41, 0xFC,   -4, 0x02, 0x31, 0xCC, 0x34, 0x2E, 0xBE, 0x54, 0xDC, 0xD2, 0x42
    .byte   0xCD, 0x04, 0x3D, 0xCE, 0x44, 0xED, 0xDF, 0x44, 0xCE, 0xE1, 0x43, 0xCF, 0xDD, 0x61, 0xCB, 0xF4
    .byte   0x7B, 0xBD, 0xD7, 0xF4, 0x99, 0x66,   74, 0x08, 0x83, 0x77, 0x08, 0x87, 0x77, 0x88, 0x37, 0x7D
    .byte   0x8A, 0x57, 0x79, 0x8E, 0x77, 0xEA, 0x85, 0x75, 0x18, 0xA6, 0x75, 0xB9, 0xB5, 0x75, 0xA9, 0xC7
    .byte   0x55, 0x98, 0x75, 0x7A, 0x83, 0x57, 0xDA,  -49, 0x04, 0x73, 0x48, 0xC5, 0x63, 0xBB, 0xB7, 0x30
    .byte   0xCA, 0x7C, 0x41, 0xA5, 0xE5, 0xDA, 0x14, 0x6B, 0xDC, 0xD7, 0x2D, 0xBB, 0x56, 0x3A, 0xCC, 0x65
    .byte   0xDB, 0xB5, 0x5F, 0xDB, 0x14, 0x4C, 0xEC, 0x52,   14, 0x0D, 0xC4, 0xD3, 0xFD, 0x3D, 0x3C, 0x33
    .byte   0xEF, 0xEE, 0xF4, 0xDF, 0x3B, 0x43, 0xF3, 0xB1, 0x33, 0x2B, 0x4B, 0x6C, 0x22, 0xB6, 0x97, 0xB4
    .byte   0xEB, 0x79, 0x7B, 0xC5, 0xB6, 0xA3, 0x3C, 0x5D, 0xEE,   11, 0x0B, 0x42, 0xD2, 0xC2, 0x33, 0xD5
    .byte   0x96, 0xFC, 0x59, 0x6B, 0x45, 0xA6, 0xBC, 0x6C, 0x21, 0xB4, 0xE5, 0xB2, 0x0D, 0x5E, 0xFD, 0xF1
    .byte   0x22, 0xDE, 0x2D, 0x4E, 0xE3, 0xC4, 0xE2, 0x1C, 0x30, 0x4C,   -2, 0x02, 0xD4, 0x0C, 0x30, 0xC6
    .byte   0xCD, 0x4A, 0x6C, 0x2E, 0xD4, 0xC5, 0xC1, 0x0C, 0x5D, 0x10, 0xD3, 0xE4, 0xEF, 0xFB, 0x6C, 0x31
    .byte   0xB4, 0xE0, 0x4C, 0x1E, 0xE4, 0xEF, 0xFC, 0x33, 0xF4, 0xB3, 0xF1,   22, 0x0B, 0x4C, 0xE4, 0xC3
    .byte   0x0C, 0x4D, 0x31, 0xE2, 0xD4, 0xDE, 0x3C, 0x33, 0xC4, 0xD1, 0x2D, 0x3D, 0x3D, 0x2E, 0x03, 0xE1
    .byte   0xE2, 0xE2, 0x0E, 0x2D, 0x4D, 0x20, 0xE2, 0xD3, 0xEF, 0x1F, 0x1E, 0x3E,    0, 0x02, 0xD3, 0xE2
    .byte   0xEF, 0xFF, 0x3E, 0x1E, 0xE3, 0x0F, 0xFD, 0x21, 0xF3, 0xD1, 0xE3, 0x3C, 0x4C, 0x03, 0xC5, 0xC1
    .byte   0xE1, 0x22, 0x2D, 0x1D, 0x31, 0x2F, 0xC3, 0x01, 0x3D, 0x2C, 0x4F, 0xF4, 0xB4,   -8, 0x03, 0x2E
    .byte   0x2C, 0x4D, 0x32, 0xC3, 0xD2, 0x2F, 0x1F, 0xD3, 0xF1, 0x3C, 0x3E, 0x02, 0x11, 0xE0, 0xE2, 0x11
    .byte   0x1E, 0xE0, 0x3E, 0x2E, 0xD3, 0xE3, 0x0E, 0x0E, 0xF2, 0x2E, 0x1E, 0x02, 0xE2, 0x0E,   -3, 0x02
    .byte   0x0F, 0x3C, 0x3E, 0xD5, 0xB4, 0xC3, 0x1E, 0x4C, 0x4C, 0x12, 0xFF, 0x10, 0xE4, 0xD2, 0xFE, 0x2E
    .byte   0x01, 0xD3, 0xD3, 0x1D, 0x4C, 0x3E, 0x02, 0xD2, 0xE2, 0x3E, 0x11, 0xC4, 0xD3, 0x1D, 0x2D,    1
    .byte   0x01, 0x1E, 0x1D, 0x23, 0xF2, 0xD3, 0xB5, 0xD1, 0x3C, 0x3D, 0x32, 0x2F, 0xDF, 0xF2, 0x2F, 0xED
    .byte   0x2F, 0x32, 0xD3, 0xC3, 0xF2, 0x0D, 0x3C, 0x4F, 0x03, 0xC2, 0x2D, 0x4E, 0xD2, 0xE1, 0x12, 0xE1
    .byte     -1, 0x0E, 0x3E, 0x2E, 0xFF, 0xE3, 0xD3, 0xEE, 0x3D, 0x4C, 0x3E, 0xE3, 0xD3, 0xE0, 0xF1, 0xE2
    .byte   0xE0, 0x2D, 0x3F, 0xF3, 0xD2, 0xE1, 0x2D, 0x4C, 0x22, 0xD3, 0xFF, 0x1E, 0x0F, 0xF3, 0xD3, 0xDF
    .byte   0x3D,   11, 0x0D, 0xFF, 0xE2, 0xF3, 0xD1, 0xE0, 0x22, 0xFE, 0x0D, 0x3E, 0x22, 0xE2, 0xD3, 0xF2
    .byte   0x1D, 0x2D, 0x3E, 0x03, 0xC3, 0xE2, 0x10, 0x2D, 0x3D, 0x20, 0xE3, 0xD1, 0x03, 0xD3, 0xEF, 0x0F
    .byte   0xE2, 0x0E,    4, 0x0D, 0x2F, 0x20, 0x01, 0xE1, 0xE1, 0x2E, 0x2E, 0x1F, 0x2F, 0x20, 0xD3, 0xD3
    .byte   0x1E, 0x1E, 0xE2, 0x2F, 0x2E, 0xE2, 0xE3, 0xEF, 0xFC, 0x5C, 0x4D, 0xF2, 0xD3, 0xE3, 0xED, 0x3D
    .byte   0x30, 0x12, 0xC3,  -10, 0x03, 0xF1, 0x1D, 0x4C, 0x5C, 0x3E, 0xC4, 0xC4, 0xD2, 0x1D, 0x31, 0x23
    .byte   0xC2, 0xDE, 0x4C, 0x5B, 0x4D, 0x13, 0xD4, 0xC2, 0xD2, 0x2E, 0x2E, 0xE1, 0x3E, 0x3E, 0xFE, 0x0F
    .byte   0xF4, 0xB4, 0xD1, 0x3D,   10, 0x0C, 0x3C, 0x31, 0x14, 0xC3, 0xDD, 0x4D, 0x4D, 0xEF, 0xD3, 0x21
    .byte   0x0D, 0xF3, 0xF3, 0xFD, 0xE0, 0xE4, 0xD3, 0xC2, 0x2E, 0x4C, 0x4C, 0xE3, 0xD4, 0xEE, 0x0E, 0x03
    .byte   0x10, 0xED, 0x11, 0x3E, 0x2E,   -8, 0x03, 0xE3, 0x0E, 0xEE, 0xF3, 0x0F, 0x2C, 0x4D, 0x23, 0xC4
    .byte   0xC4, 0xC4, 0xED, 0x3C, 0x30, 0x11, 0xFF, 0x21, 0x02, 0xD1, 0x0E, 0x3E, 0x2E, 0x10, 0xE3, 0xE1
    .byte   0xE0, 0x1D, 0x3F, 0x20, 0xEE, 0x21,    1, 0x02, 0xD3, 0xC4, 0xE1, 0x1D, 0x3D, 0x31, 0xE2, 0xD1
    .byte   0x3E, 0x11, 0xDF, 0x3D, 0x4D, 0x1E, 0xF2, 0xF3, 0xD0, 0xEE, 0x31, 0x2F, 0xFE, 0x0F, 0x3E, 0xFF
    .byte   0xD3, 0xD4, 0xD2, 0x1C, 0x4D, 0x31, 0xE0,   -5, 0x02, 0xE4, 0xC3, 0xDF, 0x3E, 0x4C, 0x2D, 0xFF
    .byte   0x3E, 0x20, 0xF1, 0xF3, 0xD3, 0xDE, 0x2D, 0x4D, 0x3E, 0xE2, 0xC5, 0xB5, 0xDC, 0x4C, 0x40, 0xFF
    .byte   0xFD, 0x23, 0xF2, 0xFD, 0x2F, 0x3F, 0xEF, 0xD1,  -10, 0x03, 0x0E, 0x3C, 0x33, 0xD4, 0xDD, 0x2D
    .byte   0x3F, 0x3E, 0x11, 0xD3, 0xE1, 0x3C, 0x2D, 0xF3, 0x03, 0xFE, 0xEE, 0x3F, 0x2E, 0xE1, 0xD3, 0x3F
    .byte   0x2C, 0xF1, 0x13, 0xE2, 0xC2, 0x00, 0x5C, 0x2D, 0xFE,   10, 0x0F, 0xE2, 0xA5, 0xD4, 0x1E, 0xEC
    .byte   0x4D, 0x6C, 0xD2, 0xB4, 0x31, 0x1E, 0xDE, 0x4E, 0x42, 0xB2, 0xC3, 0x30, 0x0E, 0xDE, 0x43, 0xE3
    .byte   0xB2, 0x2E, 0x4D, 0x3D, 0xEE, 0x3E, 0x22, 0xC3, 0xD2, 0x32,   -3, 0x03, 0xC4, 0xE1, 0x2D, 0x11
    .byte   0xFF, 0x3D, 0x03, 0xC3, 0x2C, 0x5D, 0xC5, 0xB2, 0x4C, 0x4E, 0xED, 0x3E, 0x33, 0xC1, 0xDD, 0x5E
    .byte   0x3F, 0xC2, 0xD5, 0xC4, 0xCC, 0x3E, 0x42, 0x2E, 0xDE, 0x22, 0x3E,    0, 0x0D, 0xE3, 0x4F, 0xFD
    .byte   0xC3, 0x04, 0x0D, 0xEC, 0x4E, 0x5D, 0xED, 0xD4, 0xE4, 0xD3, 0xB3, 0x0D, 0x4C, 0x3D, 0x21, 0xF5
    .byte   0xC2, 0xED, 0x4C, 0x4C, 0x03, 0xD3, 0xE2, 0x02, 0xD3, 0xED, 0x2D, 0x22,   -6, 0x02, 0xF1, 0xE4
    .byte   0xE1, 0x2B, 0x4D, 0x33, 0xED, 0xD3, 0xD5, 0xED, 0xEC, 0x32, 0x4E, 0xDD, 0xD5, 0xE5, 0xEB, 0x0D
    .byte   0x43, 0x1D, 0xDE, 0xD4, 0x30, 0x1C, 0xEF, 0x34, 0x2D, 0xCE, 0x14, 0x3E, 0xEC,  -14, 0x04, 0x23
    .byte   0x0C, 0xD1, 0x03, 0x3E, 0xEE, 0xD3, 0x40, 0x1C, 0xDF, 0x33, 0x2D, 0xD0, 0x13, 0x3E, 0xEE, 0xD3
    .byte   0x2F, 0x2E, 0xEF, 0x11, 0x2F, 0xEF, 0xE2, 0x31, 0x2E, 0xED, 0x21, 0x22, 0xCF, 0xF2,    5, 0x01
    .byte   0x0D, 0xE2, 0x32, 0xDE, 0xD2, 0x31, 0x0E, 0xF0, 0x12, 0x21, 0xFE, 0xEE, 0x13, 0x0F, 0xDE, 0x23
    .byte   0x3E, 0xED, 0xF2, 0x22, 0xEE, 0xEF, 0x30, 0x2E, 0xEF, 0xF2, 0x02, 0x0E, 0xFF, 0x11, 0x21,    3
    .byte   0x00, 0xE1, 0x2F, 0xFE, 0xE1, 0x11, 0x2F, 0x0F, 0x10, 0x20, 0x0E, 0xE0, 0xF2, 0x2F, 0x0F, 0xF0
    .byte   0x10, 0x00, 0xEF, 0x01, 0x02, 0x00, 0xFF, 0x01, 0x2F, 0x0E, 0x00, 0x21, 0xFF, 0xE0, 0x11, 0x10
    .byte      0, 0x0F, 0x1F, 0x02, 0xF0, 0x0E, 0x01, 0x10, 0xFF, 0x10, 0x11, 0x10, 0xF0, 0x00, 0x0F, 0xFF
    .byte   0xF1, 0x02, 0xF0, 0x01, 0x00, 0x00, 0xFF, 0xF0, 0x11, 0x10, 0x00, 0xF0, 0x1F, 0x00, 0xE0, 0x20
    .byte   0x10,    1, 0x0F, 0x00, 0x1F, 0x0E, 0x01, 0x11, 0x11, 0xFF, 0xF0, 0x10, 0xF0, 0xE0, 0x11, 0x10
    .byte   0x0F, 0xF0, 0xF1, 0x10, 0x0F, 0x11, 0x02, 0x00, 0x00, 0x02, 0x01, 0x00, 0x12, 0x11, 0x10, 0x10
    .byte   0x11, 0xF0,   16, 0x0F, 0xFF, 0xFF, 0xFF, 0x0E, 0xF0, 0xFE, 0x0F, 0xE0, 0xE0, 0xFE, 0xFF, 0xE0
    .byte   0xE0, 0xE0, 0xFF, 0xFF, 0xF0, 0x11, 0x11, 0x11, 0x00, 0x12, 0x22, 0x33, 0x33, 0x33, 0x21, 0x10
    .byte   0xFF, 0xEE, 0x00,   36, 0x02, 0x22, 0x0E, 0x0E, 0xDE, 0xED, 0xDE, 0xE0, 0xFE, 0x1E, 0xFE, 0xF1
    .byte   0xF0, 0x10, 0x02, 0x12, 0x11, 0x10, 0x00, 0x00, 0x1F, 0x11, 0x00, 0x00, 0xEF, 0xEE, 0xFE, 0xEE
    .byte   0xFE, 0xFE, 0xFE, 0xFF,  -46, 0x0F, 0xFF, 0x01, 0x13, 0x23, 0x33, 0x34, 0x22, 0x22, 0x22, 0x0F
    .byte   0x00, 0x22, 0x22, 0x0F, 0xFF, 0xEE, 0xEE, 0xED, 0xEE, 0xFE, 0xEE, 0xEE, 0xEE, 0xEF, 0xE0, 0x00
    .byte   0x01, 0x11, 0x11, 0x11, 0x11,   -7, 0x01, 0x22, 0x11, 0x11, 0x11, 0x00, 0x0F, 0xFF, 0xFF, 0xE0
    .byte   0xEE, 0xEE, 0xEE, 0xEE, 0xFE, 0xE0, 0xFE, 0xEF, 0xEF, 0xFF, 0x02, 0x12, 0x33, 0x33, 0x33, 0x23
    .byte   0x23, 0x23, 0x02, 0x22, 0x23, 0x11,   70, 0x0F, 0xEE, 0xEF, 0xFD, 0xEE, 0xDF, 0xEE, 0xED, 0xEE
    .byte   0xDE, 0xEE, 0xFE, 0xEF, 0xFF, 0x00, 0x02, 0x01, 0x22, 0x23, 0x12, 0x22, 0x12, 0x12, 0x10, 0x11
    .byte   0x10, 0xFF, 0xFE, 0xEE, 0xED, 0xEE, 0xDE,  -35, 0x0E, 0xEE, 0xEE, 0xEE, 0x0F, 0x01, 0x12, 0x23
    .byte   0x33, 0x33, 0x32, 0x33, 0x33, 0x12, 0x22, 0x32, 0x31, 0x10, 0xFE, 0xEE, 0xEE, 0xDE, 0xED, 0xEE
    .byte   0xEE, 0xED, 0xED, 0xEE, 0xED, 0xFF, 0xEF, 0xF0,  -39, 0x01, 0x11, 0x12, 0x22, 0x32, 0x22, 0x22
    .byte   0x22, 0x20, 0x20, 0x01, 0x01, 0x0F, 0xFE, 0xEE, 0xEE, 0xED, 0xED, 0xEE, 0xEE, 0xEE, 0xEE, 0xEF
    .byte   0xE1, 0x11, 0x12, 0x23, 0x33, 0x33, 0x33, 0x23, 0x33,   47, 0x02, 0x22, 0x23, 0x21, 0x10, 0xEE
    .byte   0xEE, 0xEE, 0xDE, 0xDE, 0xEE, 0xEE, 0xDD, 0xED, 0xEE, 0xFE, 0xEE, 0x0E, 0x11, 0x02, 0x01, 0x12
    .byte   0x22, 0x32, 0x23, 0x12, 0x22, 0x21, 0x20, 0x11, 0x11, 0x1F,   26, 0x0E, 0xEE, 0xEE, 0xEE, 0xED
    .byte   0xED, 0xEE, 0xEE, 0xEE, 0xEE, 0xF0, 0xF0, 0x02, 0x12, 0x23, 0x33, 0x33, 0x23, 0x33, 0x23, 0x22
    .byte   0x12, 0x23, 0x22, 0x10, 0xE0, 0xDF, 0xEE, 0xEE, 0xDD, 0xFE, 0xEE,    6, 0x0E, 0xDD, 0xEE, 0xEE
    .byte   0xEF, 0xEF, 0xF1, 0x10, 0x21, 0x02, 0x22, 0x23, 0x12, 0x22, 0x22, 0x22, 0x21, 0x12, 0x01, 0x00
    .byte   0xF0, 0xE0, 0xEE, 0xEE, 0xEE, 0xEE, 0xDE, 0xEE, 0xED, 0xFE, 0xFF, 0xEF,  -54, 0x0F, 0x02, 0x02
    .byte   0x21, 0x23, 0x33, 0x32, 0x32, 0x23, 0x32, 0x12, 0x20, 0x23, 0x21, 0x0E, 0xEE, 0xEE, 0xEE, 0xEE
    .byte   0xDE, 0xEE, 0xEE, 0xED, 0xED, 0xE0, 0xEF, 0x0E, 0x0F, 0x02, 0x02, 0x02, 0x12,  -16, 0x02, 0x22
    .byte   0x22, 0x21, 0x22, 0x12, 0x20, 0x01, 0x11, 0xF0, 0x0E, 0xFE, 0xEE, 0xEE, 0xEE, 0xED, 0xEE, 0xEE
    .byte   0xEF, 0xEE, 0xFF, 0xF0, 0xF0, 0x02, 0x01, 0x22, 0x23, 0x33, 0x32, 0x23, 0x13, 0x23,   40, 0x00
    .byte   0x21, 0x22, 0x3F, 0xFE, 0xEE, 0xD0, 0xEF, 0xEE, 0xED, 0xEF, 0xEE, 0xDF, 0xED, 0x0F, 0xE0, 0xFF
    .byte   0xFF, 0x01, 0x02, 0x02, 0x20, 0x22, 0x21, 0x22, 0x12, 0x11, 0x21, 0x21, 0x10, 0x0F, 0xFF,   15
    .byte   0x0F, 0xFE, 0xFE, 0xFF, 0xFE, 0x0E, 0x0E, 0x0E, 0x0F, 0xF0, 0xF0, 0x00, 0x11, 0x11, 0x00, 0x12
    .byte   0x00, 0x12, 0xF1, 0x10, 0x20, 0x11, 0x11, 0x11, 0x11, 0x0F, 0xF0, 0x01, 0x00, 0x1F, 0xFF, 0x00
    .byte      6, 0x00, 0xE0, 0xFF, 0x01, 0x00, 0xF0, 0x0F, 0x00, 0x1F, 0x00, 0xF1, 0x11, 0x01, 0x11, 0xFF
    .byte   0x11, 0x1F, 0x10, 0x0F, 0x01, 0x00, 0x0F, 0x0F, 0x00, 0x00, 0xF0, 0x0F, 0xFF, 0x0F, 0x00, 0x0F
    .byte   0xFF,   -4, 0x00, 0x01, 0x01, 0x01, 0x10, 0x10, 0x01, 0x10, 0x11, 0x10, 0x10, 0x0F, 0x0F, 0x0E
    .byte   0x0E, 0x0E, 0x0E, 0xFE, 0xFF, 0xEE, 0xFE, 0xFF, 0xFF, 0x00, 0x03, 0x33, 0x21, 0x01, 0x22, 0x31
    .byte   0x0F, 0x12,   25, 0x02, 0x22, 0x2F, 0xEE, 0xEE, 0x01, 0xFF, 0xEE, 0xFF, 0x0F, 0xEE, 0xEE, 0xEF
    .byte   0xFF, 0xFE, 0xFF, 0xFF, 0xF1, 0x11, 0xF0, 0x12, 0x11, 0x22, 0x00, 0x20, 0x21, 0x02, 0x01, 0x00
    .byte   0x10, 0x1F, 0xFF,    8, 0x0F, 0xE0, 0xFF, 0xFF, 0xFF, 0xFF, 0xF0, 0xF0, 0xF0, 0x0F, 0x01, 0x10
    .byte   0x10, 0x12, 0xF1, 0x11, 0x10, 0x01, 0x10, 0x10, 0x1F, 0x10, 0x01, 0xF0, 0xFF, 0x00, 0xF0, 0xFF
    .byte   0x0F, 0x00, 0x00, 0xF0,   -1, 0x00, 0xFF, 0x10, 0x00, 0x01, 0x00, 0x00, 0x10, 0x00, 0x00, 0x00
    .byte   0x00, 0x10, 0x00, 0x00, 0xF0, 0x00, 0x01, 0xF0, 0x00, 0x00, 0x01, 0xF0, 0x00, 0x00, 0x10, 0xF0
    .byte   0x01, 0xF1, 0x00, 0x1F, 0xF1,    0, 0x00, 0x00, 0x0F, 0x00, 0xF1, 0x00, 0xF0, 0x10, 0xF1, 0xF0
    .byte   0x00, 0x01, 0xF0, 0x10, 0x01, 0x00, 0x00, 0x1F, 0x10, 0x00, 0x10, 0xF1, 0x0F, 0x00, 0x01, 0x0F
    .byte   0x01, 0x00, 0xF0, 0xF1, 0x0F, 0x00,   -1, 0x00, 0xF1, 0x00, 0x00, 0x00, 0x00, 0x0F, 0x10, 0xF0
    .byte   0x01, 0x01, 0x0F, 0x10, 0x01, 0xF0, 0x10, 0x00, 0x00, 0x01, 0xF1, 0xF1, 0xF0, 0xF1, 0xF0, 0x1F
    .byte   0x00, 0x00, 0xF0, 0x10, 0xF1, 0x0F, 0x00,   -1, 0x00, 0x00, 0x01, 0xF0, 0x01, 0x00, 0x00, 0x1F
    .byte   0x1F, 0x00, 0x00, 0x10, 0xF0, 0x1F, 0x10, 0x00, 0x0F, 0x1F, 0x11, 0xF0, 0x00, 0xF1, 0x0F, 0x10
    .byte   0xF0, 0x00, 0x00, 0x0F, 0x1F, 0x00, 0x00, 0x00,   -1, 0x00, 0x1F, 0x1F, 0x10, 0x00, 0x00, 0x0F
    .byte   0x10, 0xF1, 0x1F, 0x00, 0x00, 0x00, 0x1F, 0x1F, 0x00, 0x00, 0x00, 0x00, 0x00, 0x00, 0x00, 0x0F
    .byte   0x10, 0x00, 0x00, 0xF1, 0x00, 0x00, 0x00, 0x00, 0x00,    0, 0x01, 0xF1, 0xF0, 0x00, 0x00, 0x1F
    .byte   0x00, 0x00, 0x00, 0x0F, 0x1F, 0x01, 0x00, 0x0F, 0x00, 0x10, 0x00, 0xF1, 0x00, 0x00, 0x00, 0x1F
    .byte   0x00, 0x01, 0xF0, 0x1F, 0x10, 0xF0, 0x00, 0x00, 0x1F, 0xF1,    0, 0x0F, 0x01, 0x0F, 0x01, 0xF1
    .byte   0x00, 0x00, 0x00, 0xF1, 0xF0, 0x10, 0x01, 0x00, 0xF0, 0xF0, 0x10, 0xF1, 0x00, 0x00, 0x00, 0x10
    .byte   0xF0, 0xF1, 0x01, 0x0F, 0x10, 0x0F, 0x00, 0x00, 0x00, 0x01, 0xF1,    0, 0x00, 0x00, 0x1F, 0xF1
    .byte   0x0F, 0x01, 0x1F, 0x00, 0x0F, 0x10, 0x01, 0xF0, 0x1F, 0x00, 0x01, 0x0F, 0x00, 0x0F, 0x10, 0x0F
    .byte   0x01, 0x00, 0x00, 0x00, 0x00, 0x00, 0x0F, 0x10, 0x00, 0x00, 0xF1, 0x00,    1, 0x0F, 0x00, 0x00
    .byte   0x0F, 0x10, 0x00, 0xF1, 0xF0, 0x10, 0x00, 0x1F, 0xF1, 0xF1, 0xF1, 0x11, 0xF2, 0xEE, 0x21, 0xFE
    .byte   0x12, 0x00, 0xE0, 0xF2, 0x03, 0x59, 0xB3, 0x37, 0x2A, 0x4B, 0x15, 0xBE, 0x45,    7, 0x02, 0xCD
    .byte   0x62, 0xAC, 0xD4, 0x4E, 0x13, 0x3F, 0xDE, 0xEE, 0x4E, 0xD2, 0x03, 0x33, 0x42, 0xBA, 0x0E, 0x30
    .byte   0xE4, 0x20, 0xEE, 0x12, 0xEF, 0xEF, 0x01, 0x32, 0x2F, 0xEF, 0xFE, 0xE1, 0x01, 0x2F,   -2, 0x02
    .byte   0xFF, 0x0E, 0x13, 0xEE, 0x01, 0x3F, 0xEF, 0xF2, 0xDD, 0x42, 0xEF, 0xD2, 0x3D, 0x12, 0xF1, 0x1E
    .byte   0xE3, 0x1D, 0x20, 0x21, 0xD1, 0x21, 0x1E, 0x01, 0xF0, 0xF2, 0x2E, 0xEF, 0x22, 0xEF, 0xE2,    5
    .byte   0x0E, 0xF1, 0x11, 0x0E, 0x02, 0xEF, 0x2F, 0x00, 0xE2, 0x0E, 0x2F, 0xF0, 0xF0, 0x2E, 0x2F, 0x02
    .byte   0xE0, 0xFF, 0x2E, 0x01, 0xF2, 0xFD, 0x30, 0xE1, 0x0F, 0x01, 0xE3, 0xFF, 0xFE, 0x12, 0xFE, 0x21
    .byte      2, 0x0F, 0xFF, 0x10, 0xF0, 0x11, 0x0E, 0x02, 0x1E, 0x11, 0x00, 0xF0, 0x10, 0x01, 0xF1, 0x0F
    .byte   0xFF, 0x20, 0xEF, 0x12, 0x0E, 0x11, 0x0F, 0xF0, 0x12, 0xFF, 0x00, 0xF0, 0x00, 0x1E, 0x11, 0x11
    .byte   0xFF,    0, 0x00, 0x0F, 0xF2, 0x1E, 0x10, 0xF1, 0xFF, 0x2F, 0xFF, 0x11, 0x1E, 0x11, 0x0F, 0x10
    .byte   0x00, 0x01, 0x0F, 0x01, 0x00, 0xFF, 0x0F, 0x01, 0x1F, 0x10, 0xF0, 0x10, 0x1F, 0x01, 0x0F, 0x10
    .byte   0xF0, 0x10,    1, 0x00, 0xFF, 0x10, 0x01, 0xF0, 0x00, 0x1F, 0x01, 0xF0, 0x0F, 0x01, 0xF1, 0x1F
    .byte   0xF1, 0xF1, 0x00, 0x0F, 0x01, 0x1F, 0xF1, 0xF1, 0x00, 0xF1, 0xF1, 0x01, 0xFF, 0x1F, 0x00, 0x01
    .byte   0x00, 0x00, 0xF0,    0, 0x0F, 0x10, 0xF1, 0x0F, 0x11, 0x10, 0xFF, 0x1F, 0xF2, 0xF0, 0xFF, 0x11
    .byte   0x00, 0x1F, 0xF0, 0x01, 0x0F, 0x01, 0xFF, 0x11, 0xF0, 0xF0, 0x1F, 0x01, 0xF1, 0x0E, 0x11, 0x10
    .byte   0x0F, 0x00, 0xFF, 0x2F,   -1, 0x00, 0x0F, 0x10, 0x00, 0xF0, 0xF0, 0x11, 0xF0, 0x11, 0xE1, 0x10
    .byte   0x00, 0xF1, 0x00, 0x10, 0x10, 0xF0, 0x11, 0xF0, 0x1F, 0x00, 0x01, 0x0F, 0x11, 0xF0, 0x12, 0xFF
    .byte   0x10, 0xF0, 0x01, 0x00, 0x1F,    6, 0x01, 0xF1, 0xF0, 0xFF, 0x01, 0x0F, 0xF0, 0x10, 0xE1, 0x10
    .byte   0xFF, 0xF0, 0xE1, 0x1F, 0x0F, 0xF0, 0xFF, 0x00, 0xF0, 0xF1, 0xF0, 0x11, 0x0F, 0x10, 0x01, 0x11
    .byte   0x0E, 0xF2, 0xF1, 0x12, 0xFE, 0x11,   -1, 0x01, 0xF1, 0xFE, 0x22, 0xF2, 0xFF, 0x00, 0x21, 0x21
    .byte   0x2E, 0x00, 0x02, 0xF0, 0xFE, 0x01, 0x01, 0x0F, 0x0E, 0xF1, 0x11, 0x0E, 0x0F, 0xF0, 0x10, 0xFE
    .byte   0xF0, 0x1F, 0x10, 0xEF, 0xF0, 0x01, 0xE0,  -10, 0x01, 0x11, 0x01, 0x0E, 0x00, 0x0F, 0xFF, 0xEF
    .byte   0xF0, 0x11, 0xF0, 0x01, 0x01, 0x0F, 0x01, 0x0F, 0x11, 0x21, 0x12, 0xF0, 0x21, 0x21, 0x12, 0x22
    .byte   0x23, 0xFE, 0x0F, 0x2F, 0xFF, 0xEE, 0xF0, 0x20,   16, 0x0F, 0xE0, 0x21, 0x0E, 0xFE, 0xF2, 0x1E
    .byte   0xFE, 0xFF, 0x11, 0x0F, 0xEF, 0x11, 0x10, 0xFF, 0xFF, 0x20, 0x00, 0xF0, 0xF1, 0x10, 0xFE, 0xFF
    .byte   0xE1, 0x00, 0xEF, 0x00, 0xF0, 0xFE, 0xFF, 0xF1, 0x0E,  -28, 0x00, 0x02, 0x11, 0x10, 0x12, 0x21
    .byte   0x10, 0x22, 0x22, 0x01, 0x22, 0x30, 0x22, 0x0F, 0x0F, 0x0F, 0xE1, 0xEE, 0x00, 0x20, 0xEE, 0x11
    .byte   0x10, 0xFF, 0xEE, 0x20, 0xEE, 0xF0, 0x0E, 0x11, 0xFE, 0xF2,   -1, 0x00, 0xFE, 0x20, 0xF0, 0x10
    .byte   0xF1, 0x21, 0xEF, 0x02, 0x0E, 0xFF, 0xEF, 0xF0, 0xFE, 0xFF, 0x0F, 0xF0, 0xEF, 0xF0, 0x0E, 0xFF
    .byte   0x11, 0x11, 0x01, 0x12, 0x20, 0x12, 0x22, 0x22, 0x10, 0x32, 0x22,   24, 0x03, 0x2F, 0xEF, 0xF2
    .byte   0xEE, 0xFE, 0xE1, 0x20, 0xEE, 0xF2, 0x1E, 0xFE, 0xF0, 0xFF, 0xFE, 0xE1, 0x2F, 0xEF, 0x00, 0x00
    .byte   0x10, 0xFF, 0x02, 0x0F, 0x01, 0x11, 0x10, 0xFF, 0x01, 0x0F, 0x0E, 0xE0,   -8, 0x01, 0xEE, 0xFF
    .byte   0x00, 0xFF, 0xEF, 0xF0, 0xFE, 0x0F, 0x11, 0x10, 0x12, 0x12, 0x1F, 0x21, 0x22, 0x12, 0x21, 0x22
    .byte   0x23, 0x02, 0x30, 0xDF, 0x12, 0xFD, 0xEF, 0x01, 0x0F, 0xE0, 0x02, 0x0E, 0xE0,    9, 0x00, 0xFF
    .byte   0xEE, 0x11, 0x1F, 0xE1, 0x11, 0xFE, 0x1F, 0x11, 0xFF, 0x11, 0x21, 0x1F, 0x10, 0x00, 0xFF, 0xEF
    .byte   0x01, 0xFE, 0xFF, 0x10, 0xEF, 0xFF, 0xF0, 0xE0, 0xEF, 0x0F, 0xFF, 0x11, 0x10, 0x01,  -21, 0x01
    .byte   0x2F, 0x02, 0x22, 0x10, 0x13, 0x3E, 0x12, 0x31, 0x31, 0xEE, 0xF2, 0x2E, 0xDE, 0x01, 0x2E, 0xEE
    .byte   0x12, 0x2E, 0xDF, 0x13, 0xED, 0xFF, 0x11, 0x1E, 0x0E, 0x12, 0x0E, 0xE0, 0x12, 0xFE, 0x11,   -2
    .byte   0x02, 0x10, 0x01, 0x11, 0xFF, 0xEF, 0x00, 0xFE, 0xE0, 0x20, 0xEF, 0xF0, 0xFF, 0xEE, 0xFF, 0xF0
    .byte   0xE0, 0xF0, 0x11, 0x10, 0x02, 0x21, 0x10, 0x12, 0x30, 0x01, 0x32, 0x22, 0x22, 0x23, 0xFD, 0xF0
    .byte     34, 0x00, 0xDE, 0xF1, 0x1E, 0xE0, 0x01, 0x1F, 0xEE, 0x21, 0xFE, 0xE1, 0x10, 0xFE, 0xF1, 0x00
    .byte   0xEF, 0xFF, 0x2F, 0xE1, 0x02, 0x2F, 0xF1, 0x20, 0x0E, 0x2F, 0x0E, 0x0F, 0xE2, 0xE0, 0xFE, 0x2F
    .byte   0xEF,  -15, 0x00, 0xEF, 0xFF, 0x0E, 0x00, 0xFF, 0x00, 0x11, 0xF0, 0x21, 0x10, 0x21, 0x22, 0x02
    .byte   0x22, 0x22, 0x22, 0x20, 0x32, 0xFD, 0x12, 0x2E, 0xC0, 0x30, 0xEE, 0xE1, 0x2F, 0xEE, 0xF0, 0x2F
    .byte   0xEE, 0x02,   10, 0x0D, 0xFF, 0x02, 0xEF, 0xE0, 0x10, 0x0E, 0x02, 0x11, 0xF0, 0x12, 0x20, 0xE0
    .byte   0x02, 0xFE, 0xE1, 0x11, 0xEE, 0x10, 0xF0, 0xE0, 0x10, 0xEF, 0x0E, 0x00, 0xFF, 0xF0, 0x00, 0x00
    .byte   0xF0, 0x12, 0x0F,  -19, 0x02, 0x12, 0x12, 0x22, 0x12, 0x23, 0x11, 0x23, 0xEE, 0x01, 0x2E, 0xD1
    .byte   0x11, 0xEE, 0xF1, 0x1F, 0xEF, 0xFF, 0x00, 0xFE, 0x02, 0xFE, 0xE1, 0x2F, 0xEF, 0xFF, 0xF0, 0xF0
    .byte   0xF0, 0x20, 0x10, 0x12,    3, 0x0F, 0xF0, 0x20, 0xEF, 0x01, 0xFE, 0xFF, 0x1F, 0x0E, 0xF0, 0xF0
    .byte   0xFE, 0x01, 0x1E, 0xEF, 0x2F, 0xFE, 0x10, 0x11, 0xF0, 0x21, 0x10, 0x2F, 0x22, 0x21, 0x10, 0x33
    .byte   0x01, 0xF3, 0x3E, 0xEE, 0x32,   28, 0x0D, 0xF3, 0x1D, 0xE0, 0x20, 0xEE, 0xFF, 0x01, 0xFE, 0xF2
    .byte   0x1E, 0xE0, 0x2F, 0xFE, 0xF0, 0xFF, 0xF0, 0x1F, 0xF1, 0x01, 0x11, 0x0F, 0x12, 0x0F, 0xF0, 0x2E
    .byte   0x0E, 0x1F, 0xF0, 0xE0, 0x0F, 0xFF,  -15, 0x0F, 0x10, 0xEF, 0x0F, 0xF0, 0xF0, 0x1F, 0x10, 0x2E
    .byte   0x11, 0x22, 0xFE, 0x22, 0x20, 0xF2, 0x31, 0x20, 0x22, 0x22, 0xFE, 0x21, 0x2E, 0xD2, 0x20, 0xDF
    .byte   0x11, 0x0E, 0xE0, 0xF0, 0xFF, 0xE0, 0x21,    6, 0x0E, 0x12, 0xFE, 0xE1, 0x2F, 0xEE, 0x2F, 0x0F
    .byte   0xF1, 0x10, 0xF1, 0x11, 0x01, 0xF1, 0x0F, 0x00, 0x0E, 0x11, 0xFE, 0xF0, 0x1F, 0xE0, 0xFF, 0xFF
    .byte   0xFF, 0xF0, 0x0F, 0xF1, 0x10, 0xF0, 0x12, 0xFF,  -15, 0x01, 0x11, 0x12, 0x02, 0x12, 0x2F, 0x22
    .byte   0x20, 0x22, 0xE1, 0x12, 0x0E, 0xF2, 0x0E, 0xE0, 0x11, 0xEE, 0x01, 0xFE, 0x0F, 0xF0, 0x1F, 0xE0
    .byte   0x12, 0xEE, 0x02, 0xFE, 0xF1, 0x1F, 0xE1, 0x11, 0x0F,   -4, 0x00, 0x02, 0x1E, 0x02, 0x0F, 0xE1
    .byte   0x11, 0xEF, 0x01, 0xFF, 0xE1, 0x0F, 0xE0, 0xF0, 0xF0, 0xE0, 0x11, 0x0F, 0xF2, 0x0F, 0xE2, 0x12
    .byte   0xF0, 0x02, 0x02, 0x11, 0x12, 0x20, 0x20, 0x22, 0x20, 0xE1,   24, 0x02, 0xFD, 0x22, 0xFE, 0xE1
    .byte   0x21, 0xDF, 0x10, 0xFE, 0x1E, 0x02, 0xEF, 0xE1, 0x2F, 0xEF, 0x11, 0x0E, 0x11, 0x1E, 0xF1, 0x1F
    .byte   0x0F, 0x11, 0xF0, 0xF0, 0x11, 0x0F, 0x01, 0xFF, 0xFF, 0xFF, 0xF0,  -10, 0x0F, 0xF0, 0x0E, 0x0F
    .byte   0x0F, 0xF0, 0x00, 0xF0, 0x11, 0x00, 0x11, 0x11, 0x02, 0x00, 0x20, 0x02, 0x20, 0x21, 0x12, 0x12
    .byte   0x2E, 0x12, 0x2E, 0xF0, 0x21, 0xEE, 0x12, 0x0D, 0xF0, 0x2E, 0xEF, 0x01,    8, 0x0E, 0xF1, 0x10
    .byte   0xFE, 0x12, 0xFE, 0x01, 0x1F, 0xE0, 0x2F, 0xE0, 0x11, 0x00, 0xFF, 0x11, 0x0E, 0x02, 0x0F, 0xE1
    .byte   0x10, 0xFE, 0x11, 0x0E, 0x01, 0x0E, 0x00, 0xFF, 0xF0, 0x1F, 0x00, 0x11, 0xF0,  -15, 0x01, 0x11
    .byte   0x10, 0x21, 0x01, 0x22, 0x1F, 0x22, 0x01, 0x21, 0x02, 0x00, 0x00, 0x11, 0x0E, 0xF2, 0xFF, 0xE0
    .byte   0x1E, 0xEF, 0x00, 0x0E, 0x01, 0xFF, 0x0F, 0x0F, 0x1F, 0x0F, 0x1F, 0xFF, 0x11, 0xFF,   -3, 0x01
    .byte   0x0F, 0x10, 0xF1, 0xF0, 0x0F, 0x0F, 0x00, 0x0F, 0xFF, 0x1F, 0xFF, 0xF0, 0x0E, 0xF0, 0x0F, 0xF0
    .byte   0x1F, 0x01, 0x10, 0xF1, 0x11, 0x01, 0x21, 0xF0, 0x22, 0x11, 0x02, 0x2F, 0x12, 0x21, 0xF1,   21
    .byte   0x01, 0x0E, 0x21, 0x0E, 0xF2, 0xFF, 0xE0, 0x0F, 0xEF, 0xF0, 0x0E, 0xF1, 0xFF, 0x00, 0x00, 0x0F
    .byte   0xFF, 0x10, 0xFF, 0x00, 0x0F, 0xF1, 0xF0, 0xF0, 0x1F, 0xF0, 0x00, 0xFF, 0x01, 0x0F, 0x0F, 0x0F
    .byte    -11, 0x01, 0x0F, 0xFF, 0xF0, 0xFF, 0x0F, 0x00, 0x1F, 0x01, 0x01, 0x10, 0x02, 0x01, 0x02, 0x10
    .byte   0x12, 0x11, 0x12, 0x12, 0x10, 0x12, 0x10, 0xE1, 0x21, 0xEF, 0x20, 0xFE, 0xF2, 0xEE, 0xFF, 0x10
    .byte   0xEE,    5, 0x00, 0xF0, 0xE2, 0xF0, 0xFF, 0x01, 0xFF, 0x01, 0xFF, 0xFF, 0x10, 0xFF, 0x10, 0xFF
    .byte   0x01, 0xFF, 0xF1, 0x00, 0x0F, 0x00, 0xF0, 0xFF, 0x00, 0xF0, 0xE1, 0x0F, 0x0F, 0x01, 0x0F, 0x01
    .byte   0x10, 0x01,  -10, 0x01, 0xF0, 0x21, 0x11, 0x12, 0x2F, 0x12, 0x12, 0xF0, 0x21, 0x0F, 0x02, 0x1E
    .byte   0x11, 0x0F, 0xE0, 0x10, 0xEE, 0x10, 0xFE, 0x00, 0xFF, 0xFF, 0x00, 0x0F, 0x00, 0x00, 0xF0, 0x01
    .byte   0xFF, 0x01, 0x00,   -4, 0x01, 0x00, 0x0F, 0x00, 0xF0, 0xFF, 0x10, 0xF0, 0x0F, 0x0F, 0x0F, 0x0F
    .byte   0xFF, 0x00, 0xFF, 0xF1, 0x1F, 0x00, 0x10, 0x1F, 0x02, 0x01, 0x10, 0x21, 0x01, 0x21, 0x11, 0x22
    .byte   0xFF, 0x21, 0x2E, 0x02,   21, 0x0F, 0xE2, 0x10, 0xEF, 0x10, 0xEF, 0xF1, 0xE1, 0xEF, 0x2E, 0x0F
    .byte   0xF0, 0x00, 0xE2, 0xF0, 0x0E, 0x2F, 0xFF, 0x1F, 0x00, 0xF0, 0x0F, 0x1F, 0xF0, 0x00, 0xFF, 0x01
    .byte   0x0E, 0x10, 0xF0, 0xF0, 0xF0,  -13, 0x00, 0xFF, 0x01, 0xFF, 0x01, 0x10, 0x10, 0x11, 0x01, 0x11
    .byte   0x02, 0x10, 0x12, 0x02, 0xF2, 0x11, 0xF2, 0x20, 0xE0, 0x22, 0xEF, 0x02, 0xFE, 0xF1, 0x0F, 0xE0
    .byte   0xFF, 0xF0, 0xE0, 0x00, 0xFF, 0x01,    1, 0x0F, 0xF1, 0x00, 0xF0, 0x00, 0xF1, 0x0F, 0x00, 0xF0
    .byte   0x01, 0x0E, 0x10, 0x10, 0xEF, 0x20, 0xE0, 0x11, 0x0E, 0x00, 0xFF, 0xF0, 0x1F, 0xFF, 0x11, 0x0F
    .byte   0x02, 0x00, 0xF1, 0x20, 0x00, 0x22, 0xF1,    2, 0x02, 0x02, 0x1F, 0xF2, 0x20, 0xE0, 0x22, 0xEE
    .byte   0x22, 0xFE, 0xE2, 0x1E, 0xFF, 0x00, 0xE0, 0xF0, 0xF0, 0xFE, 0x20, 0xE0, 0xF1, 0x1F, 0xE0, 0x2F
    .byte   0xFF, 0x00, 0xFF, 0x1F, 0x00, 0x0F, 0xF1, 0x1F,   -8, 0x00, 0x1F, 0xFF, 0x01, 0xFF, 0xFF, 0x1F
    .byte   0xF0, 0x00, 0x0F, 0x0F, 0x20, 0xF1, 0x11, 0x11, 0x02, 0x11, 0x02, 0xF2, 0x01, 0x21, 0xF0, 0x22
    .byte   0xFE, 0x22, 0x0E, 0x01, 0x11, 0xE0, 0x10, 0xFE, 0x0F,   11, 0x0F, 0xFF, 0xFF, 0xFF, 0xFF, 0x00
    .byte   0xE1, 0x10, 0xFF, 0xF1, 0x0F, 0xFF, 0x1F, 0xF0, 0xF1, 0x0F, 0x0F, 0x1F, 0xFF, 0x10, 0xFF, 0x01
    .byte   0xFF, 0xF0, 0x0F, 0xF0, 0x0F, 0x01, 0x10, 0x11, 0x11, 0x01,   -8, 0x01, 0x20, 0x10, 0x21, 0x10
    .byte   0x22, 0xF0, 0x12, 0x10, 0xE2, 0x20, 0xE0, 0x2F, 0xFF, 0xF0, 0x1E, 0xFF, 0xFF, 0xF0, 0xE0, 0xF0
    .byte   0x0E, 0x01, 0xFF, 0x01, 0x0E, 0xF1, 0x10, 0xEF, 0x2F, 0xFF, 0x10,   -6, 0x00, 0xF1, 0xF0, 0xF0
    .byte   0xF0, 0x0F, 0xFF, 0x10, 0xE1, 0x01, 0x0E, 0x02, 0xF0, 0xF2, 0x01, 0x01, 0x11, 0x02, 0x10, 0x11
    .byte   0x20, 0x21, 0x01, 0x12, 0x0F, 0x02, 0x1F, 0x01, 0x01, 0x0F, 0x0F, 0xFF,   14, 0x0F, 0xFF, 0xF0
    .byte   0xE0, 0x1F, 0xEF, 0x10, 0xE0, 0xF1, 0xFF, 0xFF, 0x0F, 0xFF, 0x01, 0x0F, 0x01, 0x1F, 0x1F, 0x1F
    .byte   0xFF, 0x1F, 0x0F, 0x0F, 0x11, 0x0F, 0x00, 0xFF, 0x01, 0x10, 0x11, 0x10, 0x11,   -4, 0x00, 0x11
    .byte   0x11, 0x02, 0x2F, 0x02, 0x11, 0xF0, 0x12, 0x0F, 0x01, 0x2E, 0x10, 0x00, 0xE0, 0xF0, 0xFF, 0xFF
    .byte   0xFF, 0xFF, 0xFF, 0x0E, 0x0F, 0x0F, 0xFF, 0x00, 0xFF, 0xF0, 0x00, 0xF0, 0x10, 0x00,   -7, 0x00
    .byte   0xFF, 0x00, 0xFF, 0x01, 0xF0, 0xF1, 0xF1, 0xF1, 0x1F, 0x10, 0x01, 0x11, 0x00, 0x20, 0x02, 0x12
    .byte   0x00, 0x12, 0x0F, 0x01, 0x10, 0x01, 0x10, 0x10, 0x1F, 0x10, 0x0F, 0xE1, 0x2E, 0xE1, 0x0F,    6
    .byte   0x00, 0xF0, 0xEF, 0x0F, 0xFF, 0x0F, 0xFF, 0xF0, 0xFF, 0x00, 0x0F, 0x01, 0x10, 0x00, 0x0F, 0xF1
    .byte   0x0F, 0xF0, 0x1F, 0x00, 0x00, 0x1F, 0xF2, 0x1F, 0x00, 0x21, 0x01, 0x21, 0x11, 0x11, 0x11, 0x01
    .byte     12, 0x0F, 0x10, 0xF2, 0xF0, 0xF1, 0x10, 0xFE, 0x11, 0x0E, 0xF1, 0x0E, 0x00, 0x0E, 0x0F, 0xFF
    .byte   0xF1, 0x0F, 0xF0, 0xF0, 0xF0, 0x0F, 0x01, 0x10, 0xF0, 0x01, 0x0F, 0x0F, 0xFF, 0x1F, 0xF0, 0x01
    .byte   0x0F,  -11, 0x02, 0xE0, 0x20, 0x01, 0x22, 0xF2, 0x02, 0x0E, 0x20, 0x1F, 0xF0, 0x20, 0x11, 0x1F
    .byte   0x11, 0x0E, 0xF2, 0x0E, 0xE1, 0x1F, 0xEF, 0x00, 0xEF, 0x0F, 0xF0, 0x1E, 0x1F, 0x0F, 0xF0, 0x00
    .byte   0xF0, 0x10,   -7, 0x0F, 0x01, 0x0F, 0x01, 0xFF, 0x10, 0x00, 0x01, 0x01, 0x00, 0x10, 0x10, 0x20
    .byte   0x10, 0x12, 0x00, 0x11, 0x20, 0xFF, 0x11, 0x01, 0xFF, 0x10, 0x00, 0xFF, 0x1F, 0xFF, 0xFF, 0x0F
    .byte   0xEF, 0x0F, 0x0F,   -4, 0x01, 0xF0, 0x00, 0xE0, 0xF0, 0xE0, 0x01, 0x1F, 0xF0, 0xFF, 0xFE, 0x0E
    .byte   0xFF, 0x00, 0x34, 0x22, 0x21, 0x30, 0xEE, 0xE0, 0xE1, 0x0F, 0x12, 0x23, 0xEE, 0x22, 0x0E, 0xEE
    .byte   0x11, 0xEE, 0xFE, 0x0F,   -1, 0x0E, 0xEF, 0xF2, 0xFE, 0xF0, 0x21, 0x0F, 0x01, 0x11, 0x1F, 0xF0
    .byte   0x20, 0x0F, 0x01, 0x22, 0xF0, 0x00, 0x20, 0x0F, 0xF1, 0x01, 0xFE, 0xF2, 0xFF, 0x0F, 0xFF, 0x00
    .byte   0xF0, 0xE0, 0x10, 0xFF, 0x01,   -3, 0x0F, 0xF0, 0xF1, 0x10, 0x00, 0xF0, 0x2F, 0x1F, 0x1F, 0x10
    .byte   0x00, 0xF0, 0x1F, 0x01, 0x01, 0xF0, 0x00, 0x10, 0xF0, 0x0F, 0x10, 0x11, 0x00, 0xF1, 0x1F, 0x0F
    .byte   0x00, 0x10, 0xF1, 0x00, 0x1F, 0x10,    1, 0x00, 0xF0, 0x1F, 0x00, 0x0F, 0x01, 0x00, 0xFF, 0x10
    .byte   0x1F, 0x1F, 0x01, 0x00, 0x1F, 0x00, 0x01, 0xFF, 0x10, 0x01, 0x0F, 0x11, 0xF0, 0x1F, 0x00, 0x01
    .byte   0xF0, 0x00, 0xF1, 0x0F, 0x1F, 0x10, 0xFF,   -1, 0x00, 0x1F, 0x00, 0x01, 0xF0, 0x01, 0xF1, 0xF0
    .byte   0x1F, 0x10, 0x0F, 0x01, 0x1F, 0x00, 0x1F, 0x10, 0x0F, 0x10, 0xF0, 0xF1, 0x01, 0x00, 0xF0, 0x00
    .byte   0x00, 0x0F, 0x10, 0xF1, 0x00, 0xF0, 0x10, 0xF1,    0, 0x0F, 0x10, 0x00, 0x01, 0xF1, 0x0F, 0x00
    .byte   0x00, 0x00, 0x0F, 0x10, 0x0F, 0x10, 0x00, 0x01, 0xF1, 0xF1, 0xF1, 0xF0, 0x0F, 0x10, 0x00, 0x00
    .byte   0x00, 0x00, 0x1F, 0x01, 0xF0, 0x00, 0x10, 0xF1, 0xF0,    0, 0x00, 0xF1, 0xF1, 0xF1, 0x0F, 0x01
    .byte   0x01, 0xF1, 0xF0, 0x00, 0x00, 0x00, 0xF1, 0x00, 0x00, 0x00, 0xF1, 0x00, 0x10, 0x0F, 0x00, 0xF0
    .byte   0x11, 0xF0, 0x01, 0xF0, 0x00, 0x1F, 0x01, 0xF0, 0xF1, 0xF1,    0, 0x00, 0x00, 0x00, 0x00, 0x0F
    .byte   0x0F, 0x20, 0x10, 0xEE, 0x02, 0x12, 0x1E, 0xFE, 0x02, 0x11, 0x0E, 0x01, 0x1F, 0x2F, 0xFF, 0xF1
    .byte   0x10, 0xFF, 0x11, 0xF0, 0x00, 0x00, 0x11, 0xFF, 0x0F, 0x10, 0x00,    0, 0x0F, 0x10, 0x1F, 0x1F
    .byte   0x1F, 0x0F, 0x11, 0x00, 0xF0, 0x01, 0xF1, 0x0F, 0x00, 0x1F, 0x00, 0x0F, 0x10, 0x01, 0x0F, 0x00
    .byte   0x00, 0x01, 0xF0, 0xF1, 0xF1, 0x00, 0x00, 0x00, 0x00, 0x00, 0x00, 0xF1,    1, 0x0F, 0xF1, 0x01
    .byte   0xFF, 0x10, 0x00, 0x0F, 0x11, 0xF0, 0x00, 0x00, 0x00, 0x1F, 0x00, 0x00, 0xF1, 0x00, 0x00, 0x00
    .byte   0x0F, 0x10, 0x1F, 0xF1, 0x1F, 0x10, 0xF1, 0xF0, 0x00, 0x00, 0x00, 0x00, 0x0F,    0, 0x01, 0xF0
    .byte   0x00, 0xF1, 0x00, 0x0F, 0x01, 0x00, 0x1F, 0x00, 0x00, 0x00, 0x00, 0x00, 0x0F, 0x1F, 0x10, 0x00
    .byte   0x00, 0x1F, 0x00, 0x1F, 0x00, 0x0F, 0x10, 0x00, 0x01, 0xF0, 0x00, 0xF1, 0x00, 0x01,    1, 0x0F
    .byte   0x1F, 0x01, 0xF1, 0xF1, 0xF0, 0x01, 0x00, 0xF0, 0x01, 0xF1, 0xF0, 0x10, 0xF0, 0x00, 0x1F, 0x01
    .byte   0xF1, 0xF1, 0xF0, 0x00, 0x00, 0x00, 0x00, 0xF1, 0x00, 0x00, 0xF1, 0x00, 0xF1, 0xF1, 0x00,   -1
    .byte   0x01, 0x00, 0x00, 0x00, 0x0F, 0x10, 0x00, 0x10, 0xF0, 0x1F, 0x00, 0x00, 0xF0, 0x10, 0x00, 0x00
    .byte   0x00, 0x00, 0x1F, 0x00, 0x00, 0x0F, 0x10, 0x00, 0x0F, 0x10, 0x00, 0x00, 0x00, 0x00, 0x00, 0x00
    .byte      0, 0x00, 0xF1, 0x0F, 0x11, 0xF0, 0x00, 0x00, 0x1F, 0x00, 0x00, 0x1F, 0xF1, 0x00, 0x00, 0x1F
    .byte   0x00, 0x00, 0x00, 0x00, 0x00, 0x00, 0x10, 0xFF, 0x10, 0x0F, 0x10, 0x00, 0x00, 0x1F, 0x00, 0x00
    .byte   0x01,   -1, 0x01, 0x00, 0x00, 0x00, 0x00, 0x00, 0x00, 0x00, 0x00, 0x00, 0x00, 0xF1, 0x00, 0x0F
    .byte   0x1F, 0x10, 0x0F, 0x1F, 0x01, 0xF1, 0x00, 0x00, 0x00, 0x1F, 0x1F, 0x1F, 0x0F, 0x11, 0x02, 0x0E
    .byte   0xFE, 0xDC,  -27, 0x05, 0x53, 0x3F, 0xDC, 0xAC, 0x33, 0x0E, 0x23, 0xEE, 0x34, 0x5F, 0xCD, 0x1D
    .byte   0xC3, 0x30, 0xFC, 0x12, 0x21, 0x44, 0xED, 0xDD, 0xF0, 0xE2, 0x31, 0xEE, 0x12, 0x21, 0x02, 0xFD
    .byte   0x0E, 0x12, 0xF2,    5, 0x00, 0x1E, 0x02, 0x20, 0xE0, 0xFE, 0x0E, 0x02, 0xEF, 0x11, 0x21, 0x10
    .byte   0x2E, 0xFF, 0x02, 0xFF, 0xFF, 0xFF, 0x00, 0x20, 0x10, 0xFF, 0x1F, 0x10, 0xF1, 0xFE, 0xFE, 0xFF
    .byte   0xF0, 0xF2, 0xFF, 0x10,  -11, 0x0E, 0x0F, 0xF0, 0xFF, 0x1F, 0x01, 0x22, 0x22, 0xE0, 0x21, 0x23
    .byte   0x34, 0x32, 0x2F, 0xED, 0xCD, 0xEF, 0xEE, 0x21, 0x12, 0x23, 0x3E, 0xFE, 0xDD, 0xDE, 0xEF, 0xFE
    .byte   0x1F, 0xF2, 0x22, 0xFE, 0xEE,  -26, 0x0E, 0xE0, 0x00, 0xF0, 0x20, 0x11, 0x1F, 0xEE, 0xD2, 0xF1
    .byte   0x30, 0x32, 0x14, 0x45, 0x45, 0x2D, 0xDC, 0xBD, 0xDE, 0x02, 0x12, 0x22, 0x24, 0x20, 0xFD, 0xDD
    .byte   0xDE, 0xEF, 0xEF, 0x0E, 0x12, 0x22,    5, 0x0F, 0xFE, 0xDE, 0x02, 0x10, 0x21, 0x10, 0xFF, 0x0F
    .byte   0xEE, 0xEE, 0xE1, 0x02, 0x20, 0x20, 0xFE, 0xFE, 0xEE, 0xEF, 0xF0, 0xE1, 0x21, 0x23, 0x23, 0x11
    .byte   0x21, 0xF2, 0x44, 0x43, 0x3D, 0x0C, 0xCF,   13, 0x0F, 0x00, 0x3F, 0xF2, 0x13, 0x1F, 0x3D, 0xED
    .byte   0xDF, 0xDF, 0x21, 0x2E, 0x02, 0xE2, 0x1E, 0x1D, 0xEE, 0xE0, 0xF2, 0x21, 0x2E, 0xFE, 0xEF, 0xEE
    .byte   0xED, 0xF0, 0x02, 0x02, 0x11, 0x0F, 0xFE, 0xFF,  -37, 0x01, 0x02, 0x21, 0x20, 0x31, 0x23, 0x22
    .byte   0x23, 0x31, 0x32, 0x12, 0xDE, 0xFD, 0x0E, 0x11, 0xE2, 0xFF, 0x2E, 0x20, 0xFF, 0xEE, 0xFF, 0xFF
    .byte   0x11, 0x01, 0xFF, 0xFE, 0xEE, 0xE0, 0xDF, 0x0E, 0x21,  -10, 0x01, 0x01, 0xEE, 0xEE, 0xFE, 0xE0
    .byte   0xF1, 0x01, 0x11, 0x20, 0x0F, 0xF0, 0xE0, 0x02, 0x11, 0x21, 0x22, 0x12, 0x22, 0x21, 0x20, 0x22
    .byte   0x22, 0x21, 0x11, 0x1F, 0xF0, 0xFF, 0x0E, 0x0E, 0x00, 0xF0,   20, 0x0F, 0x1E, 0x1F, 0x1F, 0xF0
    .byte   0xFF, 0xF0, 0xEF, 0xFF, 0xEE, 0xEF, 0xEE, 0x00, 0x00, 0x11, 0x01, 0x10, 0xFF, 0xF0, 0xE0, 0xFF
    .byte   0x11, 0x02, 0x10, 0x11, 0x10, 0xE0, 0xF0, 0x10, 0x02, 0x11, 0x11,   -5, 0x01, 0x11, 0x10, 0x01
    .byte   0x00, 0x21, 0x11, 0x11, 0x02, 0x0F, 0x10, 0x10, 0x00, 0x1F, 0x00, 0x01, 0xF0, 0x1F, 0xF0, 0xFF
    .byte   0x0F, 0xFF, 0xFF, 0x0F, 0x0F, 0x1F, 0xFF, 0xFF, 0xFF, 0x00, 0xF0, 0xF0,   -4, 0x01, 0xF0, 0x00
    .byte   0xF1, 0xF0, 0xF1, 0x00, 0x00, 0xF1, 0x00, 0x00, 0x00, 0x0F, 0x1F, 0x00, 0x00, 0x00, 0x00, 0x00
    .byte   0x00, 0x00, 0x10, 0x0F, 0x11, 0x1F, 0x11, 0x01, 0x00, 0x11, 0x00, 0x01, 0x01,    2, 0x01, 0x10
    .byte   0x10, 0x00, 0x01, 0x0F, 0x10, 0x0F, 0x01, 0xF0, 0x0F, 0x0F, 0x00, 0xF0, 0x00, 0x0F, 0xF0, 0x00
    .byte   0xF0, 0x01, 0xF0, 0xF1, 0xF0, 0x01, 0x0F, 0x01, 0x10, 0x01, 0xF1, 0x00, 0x00, 0x1F,    1, 0x00
    .byte   0x00, 0x00, 0x00, 0x0F, 0x10, 0x00, 0xF1, 0x0F, 0x00, 0xF1, 0xF0, 0x1F, 0x00, 0x0F, 0x00, 0x1F
    .byte   0x00, 0x00, 0x01, 0xF1, 0x01, 0xF1, 0x00, 0x01, 0xF1, 0x00, 0xF0, 0x10, 0xF1, 0x00, 0xF1,    1
    .byte   0x0F, 0x00, 0x00, 0x0F, 0x10, 0x0F, 0x10, 0x00, 0x00, 0x00, 0x01, 0xF1, 0x0F, 0x01, 0x00, 0x01
    .byte   0xF0, 0x00, 0x10, 0x00, 0x00, 0xF0, 0x1F, 0x00, 0x00, 0x1F, 0x00, 0xF0, 0x00, 0x0F, 0x01, 0x00
    .byte     -1, 0x01, 0xF0, 0x1F, 0x00, 0xF1, 0xF1, 0x00, 0x0F, 0x1F, 0x01, 0x0F, 0x01, 0x00, 0x01, 0xF0
    .byte   0x10, 0xF0, 0x1F, 0x10, 0xF0, 0x01, 0xF1, 0x00, 0x0F, 0x00, 0x01, 0x00, 0x0F, 0x10, 0x1F, 0x1F
    .byte   0x01,    0, 0x00, 0x01, 0x0F, 0x10, 0x00, 0x0F, 0x10, 0xF1, 0x00, 0x0F, 0x10, 0x00, 0xF1, 0xF1
    .byte   0x0F, 0x0F, 0x1F, 0x10, 0x00, 0xF1, 0xF1, 0x0F, 0x01, 0x0F, 0x00, 0x01, 0xF1, 0xF0, 0x00, 0x01
    .byte   0xF0, 0x01,    0, 0x00, 0x0F, 0x01, 0x00, 0x0F, 0x10, 0x00, 0x00, 0x00, 0x00, 0x01, 0x0F, 0x10
    .byte   0x00, 0x00, 0x00, 0xF0, 0x00, 0x00, 0x1F, 0x1F, 0x10, 0xF1, 0xF1, 0x0F, 0x00, 0x00, 0x10, 0x0F
    .byte   0x1F, 0x00, 0x01,    0, 0x00, 0x1F, 0xF1, 0xF1, 0x0F, 0x1F, 0x1F, 0x00, 0x1F, 0x00, 0x00, 0x00
    .byte   0x01, 0xF0, 0x00, 0x00, 0x01, 0x0F, 0x01, 0x00, 0xF0, 0x00, 0x1F, 0x10, 0x1F, 0x10, 0xF0, 0x00
    .byte   0x00, 0x1F, 0x01, 0xF0,    1, 0x00, 0x0F, 0x00, 0x01, 0x0F, 0x01, 0xF1, 0x00, 0xF0, 0x01, 0x0F
    .byte   0x10, 0xF0, 0x10, 0x0F, 0x01, 0x0F, 0x01, 0xF0, 0x00, 0x0F, 0x10, 0x1F, 0xF1, 0x0F, 0x00, 0x10
    .byte   0x00, 0x00, 0xF0, 0x10, 0x00,   -1, 0x01, 0x0F, 0x10, 0xF0, 0x10, 0x00, 0xF0, 0x00, 0x01, 0x00
    .byte   0xF1, 0x00, 0x0F, 0x10, 0x00, 0x00, 0x00, 0x00, 0x00, 0x00, 0x01, 0xF0, 0x00, 0x1F, 0x00, 0x10
    .byte   0xF0, 0x1F, 0x00, 0x10, 0xF1, 0xF1,    0, 0x00, 0x1F, 0x10, 0xF0, 0x1F, 0x0F, 0x10, 0xF1, 0x00
    .byte   0xF0, 0x10, 0xF1, 0x0F, 0x1F, 0x10, 0xF1, 0xF0, 0x10, 0x00, 0x0F, 0x10, 0x00, 0x1F, 0x00, 0x00
    .byte   0xF1, 0x00, 0x00, 0xF1, 0x00, 0xF1, 0x0F,    0, 0x00, 0x00, 0xF0, 0x10, 0xF1, 0x00, 0x00, 0x00
    .byte   0x00, 0x00, 0xF1, 0x00, 0x01, 0xF0, 0x10, 0xF0, 0x10, 0x0F, 0x01, 0xF0, 0x00, 0x0F, 0x01, 0xF1
    .byte   0x00, 0xF1, 0xF1, 0x00, 0x00, 0xF1, 0x1F, 0x00,    0, 0x00, 0x0F, 0x11, 0xF0, 0x00, 0x00, 0xF1
    .byte   0x00, 0xF1, 0x00, 0xF1, 0x00, 0x00, 0x00, 0x00, 0xF1, 0xF0, 0x01, 0x00, 0xF1, 0x01, 0xF0, 0x00
    .byte   0x00, 0x00, 0x00, 0x0F, 0x10, 0x00, 0x00, 0x01, 0xF0,    1, 0x0F, 0x00, 0xF1, 0x0F, 0x00, 0x10
    .byte   0x00, 0x00, 0x00, 0xF1, 0x01, 0xF0, 0x1F, 0x1F, 0x1F, 0xF1, 0x1F, 0x01, 0xF0, 0x00, 0x00, 0x00
    .byte   0x00, 0x0F, 0x10, 0x00, 0x00, 0xF1, 0xF1, 0x00, 0x0F, 0x01,    0, 0x00, 0x00, 0x01, 0xF0, 0x00
    .byte   0x00, 0x01, 0xF1, 0xFF, 0x10, 0x00, 0x00, 0x00, 0x10, 0xF0, 0xF1, 0x0F, 0x11, 0xF0, 0x0F, 0x01
    .byte   0xF1, 0x0F, 0x10, 0x00, 0x00, 0x0F, 0x10, 0x00, 0x01, 0x0F, 0x01,    0, 0x0F, 0x11, 0xF1, 0xF0
    .byte   0x00, 0x1F, 0x10, 0xF0, 0x0F, 0x1F, 0x1F, 0x00, 0x1F, 0x01, 0x0F, 0x00, 0xF1, 0x0F, 0x10, 0x11
    .byte   0x00, 0xF0, 0xE0, 0xF3, 0x3D, 0xE2, 0x3D, 0xEF, 0x23, 0x0D, 0x10, 0xDD,  -17, 0x0E, 0x1C, 0xB5
    .byte   0x77, 0x5D, 0xB9, 0xD4, 0xD3, 0x4F, 0xDD, 0xCB, 0xE2, 0xCE, 0x2F, 0x34, 0x01, 0x32, 0xD3, 0x64
    .byte   0x44, 0xDC, 0xDB, 0xDF, 0xFD, 0xDF, 0xDE, 0x12, 0x0F, 0x12, 0x33, 0x01, 0x1E,   -5, 0x02, 0x32
    .byte   0x11, 0x0E, 0xDF, 0xFE, 0xDE, 0xE2, 0x23, 0x32, 0x0E, 0x1F, 0xFF, 0x11, 0x11, 0x1F, 0xF0, 0x01
    .byte   0x0F, 0xF0, 0xEF, 0x00, 0xFF, 0x10, 0x02, 0x11, 0x10, 0x0F, 0x10, 0xFF, 0x1F, 0x01,    4, 0x00
    .byte   0x0E, 0x00, 0xFF, 0xF1, 0x00, 0x12, 0x01, 0x00, 0xFF, 0x0F, 0x00, 0x01, 0xFF, 0x0F, 0x11, 0x11
    .byte   0x00, 0xE0, 0xF0, 0x01, 0x02, 0x10, 0x11, 0x0E, 0x0E, 0x00, 0x00, 0x00, 0x1F, 0x10, 0x01,    1
    .byte   0x00, 0x0F, 0x0E, 0x0F, 0x12, 0x20, 0x20, 0xED, 0xFE, 0xF0, 0x21, 0x22, 0x0F, 0xF1, 0x11, 0x00
    .byte   0xFE, 0xFE, 0x01, 0x11, 0x22, 0x10, 0x1E, 0xFF, 0xEE, 0x12, 0x21, 0x00, 0xFF, 0xFF, 0x00, 0xF1
    .byte     -4, 0x0F, 0x00, 0x21, 0x2F, 0x11, 0x0E, 0x0E, 0x01, 0x10, 0x20, 0xFE, 0x0E, 0x01, 0xF2, 0x20
    .byte   0x11, 0xFF, 0x01, 0xE0, 0xE0, 0x0F, 0x02, 0x02, 0x22, 0xFF, 0xFD, 0xEF, 0xEE, 0x32, 0x22, 0x2F
    .byte   0xF0,    5, 0x0E, 0xFE, 0xE0, 0x21, 0x02, 0x0F, 0x02, 0xE1, 0x1E, 0x10, 0xF0, 0x22, 0xE0, 0x20
    .byte   0xEF, 0x00, 0xEE, 0x11, 0x11, 0x21, 0xF1, 0x02, 0x00, 0xF1, 0x1D, 0xE2, 0xDD, 0x42, 0x23, 0x20
    .byte   0xED, 0xCE,  -12, 0x0E, 0x24, 0x21, 0x2E, 0xDF, 0xF1, 0x21, 0x1E, 0xEE, 0xD1, 0x24, 0x22, 0x3E
    .byte   0xCD, 0xED, 0x03, 0x33, 0x32, 0xDF, 0xEC, 0xE0, 0x02, 0x33, 0x11, 0xEE, 0xFF, 0xF2, 0x3E, 0xDF
    .byte   0xEE, 0xF2, 0x23,   15, 0x00, 0xF0, 0xDC, 0xFF, 0xE2, 0x42, 0x32, 0xDE, 0xEC, 0xD2, 0x31, 0x34
    .byte   0xEE, 0x1D, 0xD2, 0xEE, 0x32, 0xE1, 0x2E, 0xF2, 0x2F, 0x20, 0xEE, 0xDF, 0xF2, 0x31, 0x23, 0xED
    .byte   0xED, 0xE1, 0x22, 0x23,    8, 0x0E, 0x2E, 0xD2, 0xFE, 0xF1, 0x11, 0x2F, 0x13, 0x0E, 0x1E, 0xDE
    .byte   0x02, 0x23, 0x22, 0x1D, 0xDE, 0xFE, 0x13, 0x21, 0x21, 0xE2, 0xEF, 0xFE, 0xEF, 0xFE, 0xF3, 0x12
    .byte   0x33, 0xD0, 0xFC, 0xEF, 0x02,   -3, 0x02, 0x22, 0xFE, 0xF0, 0xF0, 0x01, 0xED, 0xFE, 0x13, 0x33
    .byte   0x30, 0xDD, 0xDD, 0xE1, 0x32, 0x23, 0x1E, 0x00, 0xEF, 0x0D, 0xF2, 0xEF, 0x41, 0x22, 0xEE, 0xEF
    .byte   0xDE, 0x21, 0xE2, 0x22, 0x32, 0x0E,   12, 0x0D, 0xDD, 0x0E, 0x24, 0x03, 0x31, 0xDF, 0xEC, 0xE0
    .byte   0xE2, 0x33, 0x13, 0x3E, 0xED, 0xCD, 0x01, 0x04, 0x4F, 0x20, 0xDD, 0xEE, 0xF1, 0x10, 0x23, 0x0F
    .byte   0x21, 0xFF, 0xEE, 0xEF, 0xEE, 0x22, 0x24,   20, 0x0F, 0xEE, 0xCD, 0xE1, 0x13, 0x32, 0x30, 0xEE
    .byte   0xFE, 0xDF, 0xFE, 0x23, 0x01, 0x21, 0xF2, 0x1F, 0xFD, 0xDE, 0xE0, 0x34, 0x30, 0x1E, 0xCE, 0xFF
    .byte   0x23, 0x11, 0x0D, 0xD0, 0x21, 0x23, 0x22, 0xED,   -2, 0x0E, 0xDF, 0x23, 0x13, 0x32, 0xED, 0xDE
    .byte   0xDF, 0x23, 0x01, 0x12, 0x01, 0x12, 0x3E, 0xDD, 0xDD, 0xF2, 0x33, 0x33, 0x22, 0xDC, 0xED, 0xD2
    .byte   0x23, 0x33, 0x11, 0x0E, 0xDD, 0xEE, 0x12, 0x23, 0x21,    6, 0x0E, 0xEE, 0x21, 0x20, 0x2E, 0xDE
    .byte   0xFF, 0x23, 0x31, 0x0E, 0xDD, 0xF1, 0x13, 0x32, 0x1F, 0xDD, 0xEF, 0xF2, 0x32, 0x01, 0xEE, 0x00
    .byte   0xF1, 0x2F, 0xF2, 0xFF, 0x22, 0xE1, 0xEE, 0xF1, 0x02, 0x22,    5, 0x00, 0xEE, 0xEE, 0x22, 0x32
    .byte   0x20, 0xFD, 0xDE, 0xEE, 0x23, 0x22, 0x22, 0x0D, 0xEE, 0xD1, 0x12, 0x03, 0x00, 0x10, 0xE0, 0xFE
    .byte   0xE1, 0xFF, 0x22, 0x21, 0x10, 0xF0, 0xFE, 0x11, 0xFF, 0x20, 0x02,    8, 0x01, 0xF1, 0xF0, 0x1E
    .byte   0xE0, 0x20, 0x23, 0x2F, 0xEE, 0xDE, 0xE1, 0x32, 0x21, 0x1E, 0xDE, 0xFE, 0xF2, 0x22, 0x11, 0x0F
    .byte   0xEE, 0xD0, 0x0E, 0x11, 0x10, 0xF0, 0xEF, 0xE0, 0x01, 0x10, 0x0E, 0xFD,  -38, 0x01, 0x23, 0x32
    .byte   0x12, 0x1E, 0xF3, 0x34, 0x43, 0x22, 0xED, 0xCC, 0xDE, 0x13, 0x45, 0x33, 0xFE, 0xCC, 0xCC, 0xF0
    .byte   0x23, 0x22, 0x1F, 0xED, 0xEE, 0xEE, 0x0F, 0xEF, 0x00, 0x02, 0x0F, 0xED, 0xED,  -44, 0x0E, 0x02
    .byte   0x21, 0x11, 0xFE, 0xEF, 0x01, 0x12, 0x22, 0x34, 0x45, 0x54, 0x30, 0xCB, 0xAB, 0xCD, 0x24, 0x56
    .byte   0x54, 0x1E, 0xCB, 0xCB, 0xDE, 0x23, 0x33, 0x22, 0xFF, 0xEE, 0x10, 0xE0, 0xEE, 0xF1,   -1, 0x00
    .byte   0x32, 0x21, 0xED, 0xDD, 0xDE, 0x12, 0x23, 0x3E, 0xFD, 0xDD, 0xDE, 0xF0, 0x00, 0xF0, 0xE0, 0x12
    .byte   0x22, 0x33, 0x44, 0x55, 0x43, 0x1D, 0xAA, 0xBA, 0xD0, 0x55, 0x66, 0x54, 0xEC, 0xBB, 0xBB,  -27
    .byte   0x01, 0xF2, 0x33, 0x42, 0x32, 0x21, 0xED, 0xDD, 0xDD, 0xF1, 0x24, 0x33, 0x21, 0xDC, 0xDC, 0xDE
    .byte   0x21, 0x33, 0x32, 0x0E, 0xDD, 0xDD, 0xDE, 0xD1, 0x12, 0x33, 0x32, 0x20, 0xEF, 0x33, 0x46, 0x54
    .byte     98, 0x0D, 0xB9, 0xAB, 0xB2, 0x46, 0x66, 0x54, 0xEB, 0xBB, 0xBC, 0xE2, 0x13, 0x32, 0x22, 0x12
    .byte   0x23, 0x11, 0xED, 0xCD, 0xDE, 0x33, 0x43, 0x31, 0xDD, 0xCC, 0xED, 0xF2, 0x23, 0x23, 0x2E, 0xED
    .byte   0xDD,  -43, 0x0D, 0xEF, 0xF1, 0x23, 0x21, 0x32, 0x01, 0xE2, 0x22, 0x56, 0x54, 0x3F, 0xBA, 0xAA
    .byte   0xCD, 0x45, 0x66, 0x54, 0xFC, 0xBB, 0xCC, 0xD2, 0x23, 0x13, 0x1E, 0x01, 0x22, 0x23, 0x0E, 0xDD
    .byte   0xDE, 0xF2,    5, 0x03, 0x22, 0xFE, 0xCD, 0xDE, 0xE1, 0x32, 0x22, 0x1E, 0xEE, 0xDE, 0xED, 0xFE
    .byte   0xFF, 0xFF, 0x1F, 0x22, 0x21, 0x02, 0x00, 0x33, 0x36, 0x54, 0x4E, 0xCB, 0xAB, 0xBD, 0x05, 0x56
    .byte   0x54, 0x3E, 0xCB,   23, 0x0C, 0xCE, 0x12, 0x23, 0x2E, 0x00, 0x12, 0x33, 0x20, 0xED, 0xCD, 0xDE
    .byte   0x13, 0x33, 0x3F, 0xED, 0xDD, 0xD1, 0x23, 0x22, 0x1E, 0xED, 0xEE, 0xEF, 0xE0, 0xF0, 0xEF, 0xFE
    .byte   0xF1, 0x02, 0x22, 0xFF,  -32, 0x01, 0x23, 0x45, 0x54, 0x41, 0xDB, 0xAC, 0xBC, 0x24, 0x55, 0x64
    .byte   0x3E, 0xCC, 0xBC, 0xCE, 0x22, 0x23, 0x1F, 0xEF, 0x00, 0x33, 0x22, 0xED, 0xDC, 0xDD, 0x23, 0x33
    .byte   0x32, 0xFD, 0xDD, 0xD0, 0x12,   -8, 0x02, 0x1F, 0xEE, 0xED, 0x0E, 0x00, 0xE0, 0xE0, 0xFF, 0xEF
    .byte   0x10, 0x2F, 0x2F, 0xF0, 0x02, 0x23, 0x45, 0x63, 0x4F, 0xCB, 0xBB, 0xCD, 0x35, 0x56, 0x44, 0x1D
    .byte   0xBC, 0xBC, 0xC2, 0x32, 0x32, 0x2E,   11, 0x0E, 0xF1, 0x23, 0x2E, 0xED, 0xDD, 0xDF, 0x23, 0x33
    .byte   0x3F, 0xED, 0xDD, 0xE0, 0x02, 0x32, 0x1E, 0x1D, 0xDE, 0x0F, 0xE1, 0xFE, 0x0E, 0xFF, 0xEF, 0x00
    .byte   0x10, 0x12, 0xFE, 0x21, 0xF3, 0x34, 0x55,   59, 0x03, 0x2C, 0xBB, 0xCC, 0xF3, 0x55, 0x55, 0x3F
    .byte   0xCC, 0xBC, 0xCE, 0x23, 0x33, 0x11, 0xDD, 0xDD, 0x12, 0x22, 0x21, 0xDD, 0xDD, 0xF1, 0x33, 0x33
    .byte   0x2E, 0xDD, 0xDF, 0xE2, 0x23, 0x32, 0x0E, 0xDE,  -15, 0x0E, 0xE0, 0x11, 0x10, 0xEF, 0xEE, 0xEF
    .byte   0xEE, 0xEE, 0xF1, 0x22, 0x33, 0x12, 0x12, 0x14, 0x53, 0x42, 0xFC, 0xCD, 0xDD, 0x34, 0x44, 0x53
    .byte   0xED, 0xDB, 0xCD, 0xE1, 0x33, 0x22, 0xED, 0xDD, 0xDF,   -1, 0x02, 0x31, 0xFE, 0xDD, 0xDD, 0x22
    .byte   0x33, 0x32, 0xFE, 0xDE, 0xEE, 0x12, 0x23, 0x00, 0xFE, 0xEE, 0xEE, 0xF0, 0xFF, 0xEF, 0xEE, 0xF0
    .byte   0x0E, 0x0E, 0xEE, 0xEF, 0x11, 0x33, 0x31, 0x32, 0x13, 0x43,   31, 0x03, 0x2E, 0xDD, 0xED, 0x13
    .byte   0x34, 0x44, 0x00, 0xDC, 0xDC, 0xD0, 0x12, 0x22, 0x0E, 0xDD, 0xDE, 0x02, 0x12, 0x2E, 0xFD, 0xDD
    .byte   0xF0, 0x23, 0x23, 0x11, 0xFE, 0xDF, 0xF1, 0x22, 0x22, 0x0F, 0xEE,  -11, 0x0E, 0xFF, 0x10, 0x0F
    .byte   0xFE, 0xDF, 0xEE, 0xFF, 0x0F, 0xEF, 0xFF, 0x02, 0x23, 0x23, 0x23, 0x04, 0x32, 0x33, 0xE0, 0xD0
    .byte   0xD1, 0x22, 0x34, 0x33, 0x1F, 0xDD, 0xCE, 0xDF, 0xF1, 0x11, 0xEE, 0xED,   -4, 0x00, 0xF0, 0x20
    .byte   0x2F, 0xEE, 0xED, 0xE1, 0x20, 0x32, 0x22, 0xFE, 0xFE, 0x00, 0x21, 0x21, 0x0F, 0xFE, 0xEE, 0xEE
    .byte   0x0E, 0xFF, 0xFE, 0xFF, 0xEE, 0xEF, 0x0F, 0x0F, 0x1F, 0x02, 0x22, 0x23, 0x23,   -7, 0x02, 0x42
    .byte   0x33, 0x1F, 0xE1, 0xEE, 0x22, 0x23, 0x32, 0x2F, 0xEE, 0xDE, 0xDE, 0xFE, 0x0F, 0xFE, 0xEE, 0xED
    .byte   0x11, 0xF0, 0x11, 0xEE, 0xEE, 0xE0, 0x22, 0x22, 0x20, 0xFE, 0x10, 0x10, 0x22, 0x00,    5, 0x0E
    .byte   0xFE, 0xE0, 0xEF, 0x0E, 0x0F, 0xFE, 0xEF, 0xEE, 0xFE, 0x0F, 0x01, 0x00, 0xF1, 0x11, 0x22, 0x22
    .byte   0x32, 0x22, 0x43, 0x13, 0x3E, 0xEE, 0x0D, 0x13, 0x23, 0x32, 0x2F, 0xEE, 0xDE, 0xDE, 0x1E,   22
    .byte   0x00, 0xEF, 0xDE, 0xFD, 0x12, 0x00, 0x1F, 0xEE, 0xDF, 0xE1, 0x22, 0x22, 0x2F, 0xF1, 0xE0, 0x21
    .byte   0x12, 0x1F, 0xF0, 0xEE, 0x00, 0xE1, 0xFE, 0xFF, 0xEE, 0xFE, 0xFE, 0xFE, 0x0F, 0xF0, 0x10, 0x0F
    .byte    -40, 0x00, 0x12, 0x23, 0x32, 0x22, 0x12, 0x41, 0x33, 0xFF, 0xEE, 0xEE, 0x32, 0x33, 0x02, 0xFE
    .byte   0xED, 0xFE, 0xEF, 0xFE, 0xEF, 0xED, 0xE0, 0xEF, 0x20, 0xF0, 0xFE, 0xEE, 0xFE, 0x11, 0x22, 0x21
    .byte   0x11,   -3, 0x0F, 0x02, 0xF0, 0x11, 0xEF, 0x0E, 0x0F, 0x00, 0xFF, 0xEF, 0xEE, 0xFF, 0xEE, 0xF1
    .byte   0x01, 0x10, 0xFE, 0xEE, 0x10, 0x32, 0x22, 0x22, 0x12, 0x31, 0x20, 0x43, 0xE3, 0x1F, 0x0D, 0x3D
    .byte   0x23, 0x13,   50, 0x01, 0xE0, 0xEE, 0xEE, 0xFE, 0xF0, 0xD0, 0xEE, 0x0E, 0x10, 0xF0, 0xE0, 0xEE
    .byte   0xFE, 0x2E, 0x11, 0x01, 0x02, 0xE0, 0x11, 0x20, 0x0F, 0xFE, 0xE2, 0xF0, 0x20, 0x0E, 0xEE, 0xE0
    .byte   0x00, 0xFE, 0x0E,  -31, 0x00, 0xF1, 0x00, 0xE0, 0x00, 0x20, 0x21, 0x02, 0x12, 0x32, 0x31, 0xF0
    .byte   0x01, 0x42, 0x23, 0xE0, 0xDF, 0x20, 0x32, 0x20, 0xEF, 0xEF, 0x01, 0xFF, 0xED, 0xEE, 0xF1, 0x01
    .byte   0xFE, 0xFD, 0xFF, 0x01,   -2, 0x0F, 0xEE, 0xE0, 0x10, 0x20, 0x0F, 0xFF, 0xF2, 0x12, 0xFE, 0xEE
    .byte   0xE0, 0x22, 0x11, 0xFE, 0xEE, 0x12, 0x10, 0xEF, 0xDE, 0xF2, 0x21, 0x21, 0x0F, 0x01, 0x22, 0x22
    .byte   0xF0, 0xE1, 0x13, 0x22, 0x21,    7, 0x00, 0x23, 0x32, 0x2F, 0xEE, 0xE2, 0x22, 0x20, 0xFD, 0xF1
    .byte   0x22, 0x01, 0xDD, 0xDF, 0x20, 0x20, 0xED, 0xED, 0x12, 0x2F, 0x0E, 0xDE, 0xF0, 0x12, 0xF0, 0xFE
    .byte   0x01, 0x20, 0xFF, 0x0E, 0x01, 0x21,  -14, 0x00, 0xEE, 0x00, 0x21, 0xFF, 0xF0, 0x0E, 0x22, 0xFE
    .byte   0xE0, 0x12, 0x32, 0x2E, 0xEE, 0xF1, 0x32, 0x22, 0xFF, 0xF3, 0x20, 0xFE, 0xE1, 0x12, 0x33, 0x2F
    .byte   0xEE, 0x0E, 0x11, 0x20, 0xEE, 0xE2, 0x22,   31, 0x00, 0xFD, 0xD1, 0x11, 0x1E, 0xEE, 0xDF, 0x22
    .byte   0x2E, 0xEE, 0xEE, 0x12, 0x0F, 0xEE, 0xF1, 0x22, 0x20, 0xEE, 0xEF, 0x12, 0x10, 0x0E, 0x00, 0x12
    .byte   0x0E, 0xEF, 0x01, 0x11, 0x22, 0xED, 0x22, 0x1F,  -17, 0x02, 0xFE, 0x23, 0x3D, 0xE3, 0x20, 0xE2
    .byte   0x2F, 0xEE, 0x32, 0x21, 0x10, 0xFE, 0x01, 0x2F, 0xF0, 0x21, 0x11, 0x11, 0xEE, 0xF1, 0x1F, 0x0F
    .byte   0x1F, 0x02, 0x2E, 0xEE, 0xFF, 0xEE, 0xE1, 0x10, 0xF1,    0, 0x00, 0xE1, 0xE1, 0xFE, 0xFF, 0xE1
    .byte   0x11, 0x00, 0xE0, 0x10, 0x10, 0xE0, 0xE2, 0x10, 0x20, 0x02, 0x10, 0xFF, 0xF2, 0xEE, 0x02, 0x02
    .byte   0x22, 0x3D, 0x02, 0x1E, 0xE1, 0x4D, 0xB4, 0x43, 0xC3, 0x22,   14, 0x0D, 0x23, 0x2D, 0xE0, 0x3E
    .byte   0x01, 0x3E, 0xDE, 0x22, 0xFF, 0xF1, 0xEF, 0xF2, 0x2E, 0x0F, 0xEF, 0x01, 0x20, 0xEE, 0x20, 0xF1
    .byte   0x0F, 0xEF, 0xFF, 0x12, 0xED, 0x01, 0x21, 0x1F, 0x0F, 0xE0, 0x12,   -3, 0x0E, 0xFF, 0xFF, 0x02
    .byte   0x0E, 0xF0, 0x11, 0x11, 0xFF, 0xF0, 0x02, 0x00, 0xF0, 0x01, 0x11, 0x01, 0xFF, 0x00, 0x20, 0x00
    .byte   0x01, 0x10, 0x1F, 0x01, 0x0F, 0x10, 0x1F, 0x01, 0x00, 0x01, 0x00, 0x1F,    4, 0x00, 0x0F, 0x01
    .byte   0x00, 0x10, 0xFF, 0x11, 0x1F, 0xF0, 0xF0, 0x10, 0xF0, 0xF1, 0x00, 0xF0, 0x1F, 0x01, 0x0F, 0x10
    .byte   0x0F, 0x1F, 0x01, 0x00, 0xF0, 0x00, 0x01, 0x00, 0x0F, 0x0F, 0x01, 0x0F, 0x00,    1, 0x00, 0x1F
    .byte   0x00, 0x00, 0x00, 0x00, 0x0F, 0x00, 0x00, 0x00, 0x00, 0x0F, 0x1F, 0x10, 0xF0, 0x00, 0x00, 0x00
    .byte   0x1F, 0xF0, 0x00, 0x00, 0x00, 0x00, 0x1F, 0x00, 0x0F, 0x10, 0x00, 0xF1, 0x0F, 0x1F,   -3, 0x01
    .byte   0x1F, 0x10, 0x0F, 0x10, 0x00, 0x00, 0x00, 0x00, 0x1F, 0x00, 0x10, 0xF1, 0x00, 0x00, 0x00, 0x1F
    .byte   0x1F, 0x10, 0x01, 0xF1, 0x0F, 0x00, 0x01, 0xF0, 0x01, 0xF0, 0x00, 0x10, 0xF0, 0x00, 0x00,    0
    .byte   0x01, 0x0F, 0x10, 0xF1, 0xF0, 0x10, 0x0F, 0xF1, 0x00, 0xF0, 0x10, 0xF1, 0x0F, 0x00, 0x00, 0x10
    .byte   0xF0, 0x00, 0x01, 0x00, 0x0F, 0x1F, 0x01, 0xF1, 0x00, 0x00, 0x0F, 0x10, 0x00, 0x00, 0xF1, 0x1F
    .byte      0, 0x00, 0x00, 0x00, 0x1F, 0xF1, 0x10, 0xF1, 0x0F, 0x01, 0x00, 0xF1, 0x00, 0xF1, 0xF1, 0xF0
    .byte   0x1F, 0x01, 0xF0, 0x10, 0xF1, 0x00, 0x0F, 0x1F, 0x1F, 0x01, 0x00, 0xF0, 0x01, 0x00, 0xF0, 0x00
    .byte   0x00,    0, 0x00, 0x00, 0x00, 0x00, 0x00, 0x00, 0x00, 0x00, 0xF1, 0x00, 0x0F, 0x10, 0x0F, 0x10
    .byte   0x00, 0x00, 0x00, 0xF1, 0x00, 0x00, 0x00, 0xF1, 0x0F, 0x00, 0x10, 0x0F, 0x00, 0x1F, 0x1F, 0x1F
    .byte   0x1F, 0x00,   -1, 0x01, 0x1F, 0xF1, 0x1F, 0x1F, 0x00, 0x1F, 0x0F, 0x01, 0x00, 0x00, 0x00, 0x00
    .byte   0x1F, 0x00, 0x00, 0x1F, 0x01, 0xF1, 0x0F, 0x1F, 0x1F, 0x00, 0x1F, 0x01, 0x0F, 0x00, 0x00, 0x00
    .byte   0xF1, 0x1F, 0x01,    0, 0x00, 0xF1, 0x01, 0xF0, 0x00, 0x01, 0x0F, 0x01, 0xFF, 0x10, 0x0F, 0xF2
    .byte   0x1E, 0xF1, 0x11, 0x02, 0x2F, 0xF5, 0x29, 0xB5, 0x3C, 0x24, 0xDF, 0x44, 0xCC, 0x04, 0xCD, 0x33
    .byte   0x12, 0x24, 0xEB, 0x4D,  -10, 0x01, 0x3D, 0x3F, 0xE3, 0xC2, 0x4C, 0xF4, 0xC1, 0x30, 0xE3, 0xEF
    .byte   0xE2, 0xF1, 0x4B, 0x14, 0xB4, 0x4A, 0x26, 0xA3, 0x6B, 0xA7, 0xEA, 0x7D, 0x97, 0xEA, 0x56, 0x92
    .byte   0x5A, 0x26, 0xBE, 0x4B, 0x44,  -13, 0x06, 0xCC, 0x4C, 0x35, 0xBD, 0x69, 0x55, 0xA2, 0x5A, 0xE6
    .byte   0xCD, 0x5D, 0xA7, 0xCC, 0x5B, 0x2E, 0x5D, 0xD3, 0xFB, 0x61, 0xB4, 0xEC, 0x35, 0xB2, 0x2B, 0x43
    .byte   0xF4, 0xA1, 0x5B, 0x54, 0xA3, 0x3C,   -7, 0x05, 0x2A, 0x33, 0xB5, 0x59, 0x44, 0xB3, 0x4D, 0xD4
    .byte   0xBF, 0x6C, 0xE3, 0xB4, 0x4C, 0xF3, 0xDD, 0x42, 0xC2, 0x3C, 0xF5, 0xDC, 0x31, 0xD3, 0x2E, 0xD4
    .byte   0xDD, 0x41, 0xC4, 0xFC, 0x42, 0xC0, 0x4D,   -3, 0x03, 0xDD, 0x41, 0xD3, 0xFD, 0x2E, 0x22, 0x1D
    .byte   0xE3, 0x2F, 0x2D, 0xF0, 0x00, 0x22, 0xDF, 0x21, 0x21, 0xDF, 0x3E, 0x02, 0xEE, 0x10, 0x22, 0xFD
    .byte   0x12, 0x12, 0xFE, 0xEE, 0x23, 0x01, 0xEE, 0x2E,    6, 0x03, 0xDE, 0xED, 0x23, 0xE0, 0x0E, 0x03
    .byte   0x20, 0xFD, 0xE2, 0x22, 0x1D, 0x02, 0xE2, 0x3E, 0xEE, 0x0E, 0x32, 0xD0, 0x1E, 0x22, 0x0F, 0xE0
    .byte   0xF2, 0x2E, 0xF0, 0xE2, 0x20, 0xE1, 0xFE, 0x20, 0xF0,   -3, 0x0F, 0x22, 0xE0, 0x0F, 0xF2, 0xFE
    .byte   0x02, 0xE1, 0x2F, 0xF1, 0x00, 0x10, 0xE0, 0x10, 0xF1, 0xF0, 0xF2, 0x1F, 0x0E, 0xF2, 0x10, 0xFF
    .byte   0x00, 0x02, 0x0F, 0xFE, 0x02, 0x10, 0xE0, 0x00, 0x02, 0x1E,    1, 0x0F, 0x01, 0x10, 0x0F, 0x0F
    .byte   0x01, 0xF1, 0xFF, 0x0F, 0x01, 0x00, 0xF1, 0x1F, 0x1F, 0x02, 0xE1, 0x10, 0x2F, 0xE1, 0xF1, 0x0E
    .byte   0x11, 0xF1, 0x02, 0xFF, 0x00, 0x1F, 0xFF, 0x10, 0x10, 0x01, 0xFF,    1, 0x00, 0xFF, 0x0F, 0x01
    .byte   0x10, 0x0F, 0xF2, 0xFF, 0x01, 0xF0, 0x11, 0xFF, 0x0F, 0x01, 0x00, 0x10, 0x00, 0x10, 0x00, 0xF1
    .byte   0xFF, 0xF1, 0x10, 0xF0, 0x2F, 0x0F, 0xF0, 0xEF, 0x11, 0x10, 0xE2, 0x01,    1, 0x01, 0xE0, 0xE0
    .byte   0x1F, 0x0F, 0xF0, 0x12, 0x0F, 0x01, 0xFF, 0xF0, 0x0F, 0x10, 0x20, 0x00, 0x02, 0x10, 0x11, 0x00
    .byte   0x00, 0x22, 0x0F, 0x01, 0x20, 0x11, 0x0E, 0xF0, 0x01, 0x0E, 0x0E, 0xFF, 0x10,    5, 0x0E, 0xFF
    .byte   0xF0, 0xF0, 0xF0, 0xEE, 0x11, 0xFE, 0x0E, 0xEF, 0xF0, 0x00, 0xE0, 0x0F, 0xE0, 0x1F, 0xFE, 0x22
    .byte   0x23, 0x23, 0x43, 0x32, 0x22, 0x2F, 0x0F, 0xFD, 0xE1, 0x1E, 0xEE, 0xEE, 0xEE, 0xFF,   -2, 0x0E
    .byte   0x02, 0x22, 0xF1, 0x11, 0x01, 0x0F, 0xFE, 0xFE, 0x20, 0xEF, 0xFF, 0xF0, 0x22, 0x00, 0x02, 0x21
    .byte   0x0F, 0xEF, 0xEE, 0xE0, 0xEE, 0xDF, 0xFE, 0x0E, 0xFF, 0xF1, 0x10, 0x10, 0x01, 0x12, 0x22,  -16
    .byte   0x03, 0x33, 0x32, 0x12, 0x12, 0x11, 0x0E, 0xEE, 0x00, 0xFE, 0xDE, 0x0E, 0xF0, 0xFF, 0xF0, 0x22
    .byte   0x22, 0x01, 0x11, 0x11, 0xFF, 0xEE, 0xEE, 0x01, 0xEE, 0xFF, 0x02, 0x22, 0x10, 0x02, 0x11, 0xFF
    .byte      5, 0x0E, 0xFE, 0xEF, 0xEE, 0xDF, 0x0F, 0xEF, 0xFF, 0x11, 0x01, 0x0F, 0xE1, 0x12, 0x22, 0x23
    .byte   0x34, 0x22, 0x22, 0x01, 0x21, 0xFE, 0xEE, 0x11, 0xFE, 0xDE, 0xEE, 0xF0, 0xFF, 0xF0, 0x22, 0x22
    .byte   0x20,   16, 0x0F, 0x01, 0x01, 0xEF, 0xEE, 0xEF, 0x1F, 0xEF, 0xFF, 0x21, 0x12, 0x11, 0x00, 0x00
    .byte   0xF0, 0xEF, 0xFE, 0xEF, 0xEF, 0xEF, 0xFF, 0xEF, 0xE2, 0x00, 0x0F, 0x0F, 0x11, 0x12, 0x22, 0x23
    .byte   0x33, 0x12,   22, 0x02, 0x12, 0x12, 0x0E, 0x0F, 0xF0, 0xEE, 0xDE, 0xEE, 0x0F, 0x00, 0xFF, 0x11
    .byte   0x22, 0x11, 0x0F, 0x01, 0x0F, 0x0F, 0xEF, 0x0E, 0xFF, 0xFF, 0xFF, 0x02, 0x01, 0x21, 0xF0, 0x00
    .byte   0x10, 0x0E, 0x0E,   -7, 0x0F, 0x0E, 0xF0, 0xE0, 0xE0, 0xE0, 0x0E, 0x00, 0x11, 0x11, 0x10, 0xFF
    .byte   0x12, 0x22, 0x22, 0x31, 0x22, 0x22, 0x12, 0x02, 0x11, 0x00, 0x0F, 0xE0, 0xEE, 0xFE, 0xEF, 0xF0
    .byte   0xFF, 0xF1, 0xF1, 0x00,    5, 0x00, 0x1F, 0x10, 0xE0, 0xFE, 0xF0, 0x1F, 0x0F, 0xF0, 0x00, 0x11
    .byte   0x11, 0x1F, 0x01, 0x01, 0x00, 0x11, 0xF0, 0xEF, 0xF0, 0xEF, 0x0F, 0x0E, 0xFF, 0xFF, 0x00, 0xFF
    .byte   0xFF, 0x01, 0x20, 0x00, 0xF1,  -16, 0x02, 0x02, 0x30, 0x21, 0x12, 0x12, 0x12, 0x21, 0x11, 0x01
    .byte   0x00, 0xFE, 0x0E, 0xF0, 0x0E, 0x0F, 0xFF, 0x0E, 0x0E, 0xFF, 0xFF, 0xFF, 0xFF, 0xFF, 0x0F, 0x0F
    .byte   0x0F, 0x1F, 0x00, 0x20, 0x10, 0x11,   -2, 0x0F, 0x10, 0x11, 0xF1, 0x01, 0x0F, 0x00, 0xFF, 0xEF
    .byte   0xF1, 0x0F, 0xEF, 0x00, 0x00, 0xE0, 0xF1, 0x11, 0x10, 0x0F, 0xF0, 0x20, 0x11, 0x11, 0x22, 0x11
    .byte   0x20, 0x20, 0x10, 0x21, 0x21, 0x01, 0x01,   24, 0x00, 0xF0, 0xE0, 0xFF, 0x1F, 0xFF, 0xEF, 0xF0
    .byte   0xEF, 0xF0, 0xEF, 0xF0, 0x10, 0xE0, 0xFF, 0x10, 0x10, 0x0F, 0xF0, 0x11, 0x11, 0x10, 0x01, 0x10
    .byte   0x01, 0x00, 0x0F, 0x02, 0xF0, 0xEF, 0x00, 0xFF,   -6, 0x00, 0x11, 0xFE, 0xE1, 0xF1, 0x10, 0xF0
    .byte   0xF1, 0xF1, 0x11, 0x00, 0x10, 0x21, 0xF0, 0x11, 0x02, 0x02, 0x11, 0x11, 0x00, 0x20, 0x11, 0x00
    .byte   0x0F, 0x11, 0x01, 0xF0, 0xF0, 0xFE, 0x0F, 0x1F, 0x0E,    6, 0x0F, 0xFF, 0xE1, 0x10, 0xFE, 0x01
    .byte   0x00, 0xF0, 0xF0, 0x00, 0x1F, 0x1F, 0x01, 0x01, 0x10, 0xFF, 0x11, 0x2E, 0x0F, 0x0F, 0x01, 0x11
    .byte   0x0F, 0xEF, 0xF0, 0x1F, 0x11, 0xE1, 0xF1, 0x0E, 0x21, 0x1F,   -7, 0x0F, 0xF0, 0x02, 0x0F, 0x02
    .byte   0x01, 0x02, 0x01, 0xE0, 0x21, 0x2F, 0x00, 0xF1, 0x11, 0x01, 0x00, 0x0F, 0x1F, 0x0F, 0x1F, 0x10
    .byte   0xF0, 0x0E, 0x01, 0x1F, 0x0F, 0xE1, 0x1F, 0xF0, 0x1F, 0xFF, 0xFF,   -3, 0x02, 0x1E, 0xE1, 0x10
    .byte   0x02, 0xE0, 0x11, 0xF0, 0x1F, 0xFF, 0x0E, 0x22, 0x0E, 0xE2, 0x02, 0x0E, 0xF1, 0x11, 0x0E, 0x0F
    .byte   0x02, 0x0F, 0x0F, 0xF1, 0x01, 0xF1, 0x01, 0x1F, 0x00, 0xF0, 0x3F, 0xFF,    0, 0x00, 0x11, 0x11
    .byte   0x11, 0x0F, 0xF2, 0xFF, 0xFF, 0x12, 0x00, 0xEF, 0x00, 0x21, 0xEF, 0x1F, 0x01, 0x00, 0xF0, 0xF0
    .byte   0x1F, 0x0F, 0x11, 0x0D, 0xF2, 0x22, 0xE0, 0xFE, 0x10, 0x01, 0x00, 0x2E, 0xF0,   -2, 0x0F, 0xF0
    .byte   0x12, 0x0E, 0x11, 0xE0, 0xF2, 0x00, 0xE2, 0xE2, 0xE0, 0x2F, 0xF0, 0x1F, 0xFF, 0x12, 0x10, 0xEE
    .byte   0x21, 0x20, 0xFF, 0xF0, 0x00, 0x20, 0xFE, 0x21, 0x1F, 0xF0, 0xF1, 0x10, 0xF2, 0xFF,    0, 0x00
    .byte   0x2F, 0xFF, 0x02, 0x0E, 0x02, 0x0F, 0xEF, 0x11, 0x21, 0xFF, 0xEF, 0x01, 0x2F, 0xE1, 0x21, 0x0E
    .byte   0xE0, 0xE2, 0x20, 0x2E, 0xFE, 0x2F, 0x20, 0xEF, 0x12, 0xFE, 0xE2, 0x21, 0xFE, 0xFE, 0x22,    2
    .byte   0x0F, 0xEF, 0x12, 0x10, 0xE1, 0xF0, 0x02, 0xFE, 0xF0, 0x12, 0xFE, 0x2F, 0xFF, 0x02, 0xFE, 0x11
    .byte   0x12, 0x10, 0xEE, 0x01, 0x22, 0x01, 0xED, 0x22, 0x21, 0xFE, 0xE1, 0x1F, 0x20, 0x11, 0x00, 0xEF
    .byte     -1, 0x02, 0xE1, 0xF0, 0x12, 0xE1, 0x10, 0xFE, 0x02, 0x11, 0x0E, 0xF2, 0x0F, 0xF0, 0xF1, 0x11
    .byte   0x1E, 0xE2, 0x20, 0x0F, 0xE1, 0x10, 0x1F, 0x11, 0x1E, 0x1F, 0x01, 0xF0, 0x1F, 0x10, 0x10, 0xFE
    .byte   0x0F,   -5, 0x02, 0x11, 0x1F, 0xFF, 0x0F, 0x10, 0xF1, 0x0F, 0x00, 0x2E, 0x10, 0xF0, 0x12, 0x0E
    .byte   0x1E, 0x11, 0x02, 0x0F, 0xE1, 0x20, 0x0E, 0x01, 0x1F, 0x01, 0x10, 0x1F, 0x01, 0xFF, 0x01, 0xF1
    .byte   0x01, 0x00,    3, 0x0F, 0xE1, 0x01, 0x11, 0x01, 0x1E, 0xE2, 0x11, 0x10, 0x02, 0x1D, 0x0F, 0xE3
    .byte   0x21, 0xEE, 0xEE, 0x32, 0x10, 0xEE, 0x0F, 0x1F, 0x10, 0x10, 0x13, 0xED, 0xE2, 0x22, 0x0D, 0x00
    .byte   0x21, 0x1E, 0xE1,    2, 0x02, 0x1E, 0xDE, 0x03, 0x20, 0xEE, 0x02, 0x12, 0xEE, 0x11, 0x01, 0xF0
    .byte   0x12, 0x01, 0xFE, 0xF0, 0x10, 0x21, 0xE1, 0xF2, 0xEF, 0xF2, 0x02, 0x0F, 0xFF, 0xE1, 0x11, 0x2E
    .byte   0x01, 0x2E, 0xFE, 0x20,    0, 0x02, 0xFF, 0x02, 0xFE, 0xFE, 0x11, 0x32, 0xEE, 0xEE, 0x00, 0x10
    .byte   0xFF, 0x02, 0x1E, 0xEE, 0x32, 0x1E, 0xE1, 0x10, 0xE0, 0x00, 0x22, 0xF0, 0x1E, 0x1F, 0x00, 0x20
    .byte   0x01, 0xF0, 0x01, 0x11, 0x01,    3, 0x0F, 0xF0, 0x10, 0x20, 0x11, 0x10, 0xF0, 0x1F, 0x02, 0x10
    .byte   0x0E, 0x0F, 0x1F, 0x11, 0x21, 0xEE, 0xEE, 0x00, 0x20, 0x20, 0xEF, 0xE1, 0xEE, 0x10, 0x12, 0x11
    .byte   0x0E, 0xEF, 0xFE, 0xF1, 0x20, 0xFF,  -16, 0x01, 0x00, 0xF1, 0x21, 0xFF, 0xFF, 0xFF, 0xF1, 0x22
    .byte   0x11, 0x1F, 0xF1, 0x21, 0x23, 0x22, 0x10, 0xE0, 0x0F, 0x00, 0x22, 0x1F, 0xEE, 0xEE, 0xFF, 0xE1
    .byte   0x11, 0x11, 0x0F, 0xFF, 0x01, 0x1F, 0xFF,    3, 0x00, 0x10, 0x0F, 0xF0, 0x00, 0xFF, 0x0F, 0xE1
    .byte   0x00, 0xF1, 0x11, 0x1E, 0xEE, 0x0F, 0xF1, 0x11, 0xFE, 0xFE, 0xFF, 0xF1, 0xF0, 0xFF, 0x0F, 0xF0
    .byte   0x12, 0x22, 0x20, 0x22, 0x31, 0x33, 0x32, 0x2F,   37, 0x0E, 0xEF, 0x01, 0x10, 0xFE, 0xED, 0xE0
    .byte   0xE1, 0x00, 0x11, 0x10, 0x01, 0x01, 0xF1, 0x10, 0xFE, 0x0E, 0xEF, 0xF1, 0x12, 0x10, 0x0E, 0x0F
    .byte   0x11, 0x10, 0x00, 0xEF, 0xEF, 0x00, 0xFF, 0xEE, 0xFE,  -26, 0x0F, 0xFE, 0x1F, 0x0F, 0xFF, 0x01
    .byte   0x0F, 0x11, 0x22, 0x12, 0x02, 0x33, 0x34, 0x33, 0x11, 0x0E, 0xEF, 0x00, 0x11, 0xEE, 0xDE, 0xEE
    .byte   0xEF, 0xEF, 0xF1, 0x10, 0x20, 0x22, 0x22, 0x11, 0xEE, 0xDF,    1, 0x0F, 0x0E, 0x00, 0xF0, 0xFF
    .byte   0x12, 0x31, 0x10, 0xEE, 0xE0, 0xFF, 0xF1, 0xFF, 0xEE, 0xDE, 0xEE, 0xFF, 0xF0, 0xFE, 0x10, 0x21
    .byte   0x00, 0xE1, 0x12, 0x22, 0x22, 0x33, 0x44, 0x43, 0x2E, 0xEE, 0xFF,   44, 0x00, 0x1F, 0xED, 0xDD
    .byte   0xEF, 0x01, 0xEE, 0xEE, 0x12, 0x23, 0x23, 0x10, 0xFE, 0xEF, 0xF0, 0xEE, 0xEE, 0xDE, 0x01, 0x22
    .byte   0x22, 0x11, 0x1F, 0xF0, 0x10, 0xFE, 0xFE, 0xFE, 0xEE, 0xEE, 0xEE, 0xEE,  -45, 0x0F, 0xE0, 0x01
    .byte   0x01, 0x12, 0x11, 0x11, 0x22, 0x23, 0x34, 0x45, 0x43, 0xEC, 0xD0, 0x22, 0x2F, 0xDD, 0xCD, 0xD2
    .byte   0x23, 0xFD, 0xCD, 0x03, 0x34, 0x22, 0xFE, 0x01, 0x22, 0x1E, 0xDC, 0xCD, 0xF2,  -17, 0x01, 0x10
    .byte   0xF0, 0x23, 0x33, 0x3E, 0xCD, 0xE2, 0x3F, 0xFD, 0xED, 0xEE, 0x01, 0x0E, 0xED, 0xDF, 0xF3, 0x2F
    .byte   0xFE, 0xFF, 0x12, 0x10, 0x31, 0x33, 0x34, 0x45, 0x43, 0xDD, 0xD1, 0x22, 0xED, 0xDC,   14, 0x0E
    .byte   0xF0, 0x22, 0xED, 0xDE, 0x24, 0x33, 0x0D, 0xF0, 0x33, 0x1E, 0xDC, 0xCD, 0xE2, 0x2E, 0xDE, 0xE3
    .byte   0x34, 0x43, 0xFE, 0xDD, 0x01, 0x2F, 0xEC, 0xDE, 0x22, 0x2E, 0xED, 0xEE, 0xF1, 0x2F, 0xED,  -54
    .byte   0x01, 0x22, 0x20, 0xDE, 0xEF, 0x33, 0x33, 0x33, 0x45, 0x55, 0xEC, 0xCE, 0x33, 0x0D, 0xBC, 0xD1
    .byte   0x32, 0x00, 0xED, 0xDE, 0x44, 0x4F, 0xCD, 0xE3, 0x43, 0xFC, 0xCC, 0xDD, 0x22, 0x0D, 0xDE, 0x14
    .byte      1, 0x04, 0x3F, 0xDE, 0x22, 0x2D, 0xDC, 0xDF, 0x22, 0x2E, 0xDD, 0xE2, 0x32, 0xDD, 0xC1, 0x23
    .byte   0x2E, 0xDF, 0xF0, 0xED, 0xEF, 0x12, 0x34, 0x34, 0x44, 0x45, 0x52, 0xCC, 0xD3, 0x3D, 0xCB, 0xC0
    .byte   0x32,   19, 0x0E, 0xE0, 0xFF, 0x23, 0x40, 0xDE, 0xF2, 0x32, 0x1D, 0xBC, 0xFE, 0xFE, 0xDE, 0xDF
    .byte   0x34, 0x44, 0x22, 0x10, 0x21, 0xED, 0xCC, 0xD1, 0x32, 0xEE, 0xF2, 0x22, 0xFD, 0xDE, 0xEE, 0x00
    .byte   0x10, 0xEE,  -47, 0x01, 0x2E, 0xDD, 0xE1, 0x13, 0x32, 0x54, 0x44, 0x44, 0x52, 0xCB, 0xE4, 0x1D
    .byte   0xBC, 0xD1, 0x33, 0x2D, 0xE2, 0x12, 0x23, 0x2D, 0xD1, 0x32, 0xFE, 0xDD, 0xCE, 0xFE, 0xDE, 0xFE
    .byte   0x13, 0x34, 0x21,   16, 0x02, 0x31, 0xFD, 0xDC, 0xEF, 0xEF, 0xEF, 0x11, 0x33, 0x1E, 0xDD, 0xF0
    .byte   0xFE, 0xED, 0xE0, 0x21, 0xDF, 0xEE, 0xDF, 0x02, 0xE1, 0x44, 0x44, 0x24, 0x45, 0x44, 0xDB, 0xC3
    .byte   0x3E, 0xCB, 0xC2, 0x34,   35, 0x0E, 0xDF, 0x23, 0x32, 0x1C, 0xCE, 0x34, 0xEC, 0xDD, 0xEE, 0x10
    .byte   0xDD, 0xF0, 0x22, 0x33, 0x22, 0x33, 0x10, 0xED, 0xDD, 0xFE, 0xEE, 0xFE, 0x22, 0x32, 0xF0, 0xFF
    .byte   0xDE, 0xEE, 0xDE, 0xDF, 0x01,  -51, 0x0E, 0xF0, 0x0E, 0xEF, 0x12, 0x33, 0x34, 0x34, 0x44, 0x44
    .byte   0x1D, 0xCE, 0x3F, 0xDC, 0xC0, 0x33, 0x32, 0xED, 0x13, 0x23, 0xEC, 0xDD, 0x23, 0xED, 0xDD, 0xE0
    .byte   0x2F, 0xDD, 0xF1, 0x22, 0x31, 0x02,    7, 0x03, 0x10, 0xFE, 0xDE, 0xE0, 0xFE, 0x00, 0x12, 0x22
    .byte   0x00, 0xFE, 0xED, 0xED, 0xEE, 0xEE, 0xEF, 0x1E, 0xEE, 0x02, 0x0E, 0xE1, 0x33, 0x33, 0x24, 0x44
    .byte   0x44, 0x40, 0xCC, 0x23, 0xFC, 0xDE, 0x11,   36, 0x04, 0x1E, 0xD1, 0x22, 0xFE, 0xCC, 0x02, 0x1D
    .byte   0xEE, 0xEE, 0x00, 0xFD, 0xE1, 0x02, 0x22, 0x2F, 0x23, 0x20, 0x1F, 0xEE, 0xEF, 0xEE, 0x02, 0x11
    .byte   0x22, 0x1F, 0xFE, 0xED, 0xED, 0xED, 0x0E, 0xEE,  -51, 0x0F, 0xFE, 0x11, 0xFF, 0xEF, 0x04, 0x32
    .byte   0x23, 0x54, 0x33, 0x44, 0xDC, 0xD4, 0x2C, 0xD1, 0x2F, 0x04, 0x3E, 0xDF, 0x20, 0xEE, 0xDC, 0xC3
    .byte   0x2D, 0xDF, 0xEE, 0xF2, 0xFD, 0xD2, 0x21, 0x12, 0x2F,   -9, 0x03, 0x4E, 0xD0, 0x10, 0xFF, 0xED
    .byte   0x03, 0x3F, 0xE1, 0x20, 0xFF, 0xFD, 0xCE, 0xEF, 0xDD, 0xEF, 0x01, 0x1F, 0xEE, 0xF3, 0x2E, 0xDD
    .byte   0x44, 0x30, 0x24, 0x54, 0x34, 0x2D, 0xD3, 0x3E, 0xDE, 0x2D,   40, 0x04, 0x4D, 0xDE, 0x30, 0xD0
    .byte   0xDC, 0xC0, 0x4F, 0xCC, 0xF0, 0xF2, 0x0D, 0xCE, 0x32, 0xFE, 0x22, 0x22, 0x42, 0xDE, 0x23, 0x0F
    .byte   0xEE, 0xE2, 0x33, 0xFE, 0xF1, 0x00, 0xFD, 0xCD, 0xFE, 0xEE, 0xDE,  -50, 0x00, 0x0F, 0xEE, 0xF0
    .byte   0x1F, 0xE0, 0x12, 0x33, 0x33, 0x34, 0x44, 0x42, 0xC2, 0x43, 0xDD, 0x22, 0xD2, 0x42, 0xDD, 0x22
    .byte   0xDE, 0x1D, 0xCD, 0x02, 0xED, 0xEE, 0xDF, 0x20, 0xCD, 0xE2, 0x1E, 0x22,  -27, 0x00, 0x34, 0x0F
    .byte   0xF2, 0x2F, 0x21, 0xEE, 0x23, 0x2E, 0x11, 0x0E, 0x01, 0xDD, 0xEE, 0xEE, 0xEE, 0xDE, 0x10, 0xEE
    .byte   0xFF, 0xFF, 0xFF, 0xE0, 0x22, 0x21, 0x23, 0x33, 0x43, 0x4F, 0xE2, 0x33, 0x22,   54, 0x01, 0x13
    .byte   0x31, 0x0F, 0xEE, 0xEF, 0xED, 0xDE, 0xE0, 0xEE, 0xFE, 0xDE, 0xED, 0xDE, 0xEE, 0xFF, 0x11, 0x10
    .byte   0x12, 0x01, 0x10, 0x20, 0x22, 0x12, 0x23, 0x11, 0x11, 0xF1, 0xF0, 0xE0, 0xE0, 0xEF,   -4, 0x0E
    .byte   0xDE, 0xED, 0xED, 0xEF, 0xEE, 0xFF, 0x0E, 0x11, 0x10, 0x11, 0x23, 0x33, 0x33, 0x33, 0x33, 0x33
    .byte   0x33, 0x23, 0x23, 0x21, 0x00, 0x0F, 0xFE, 0xDE, 0xDE, 0xED, 0xFD, 0xDD, 0xED, 0xDE, 0xDD,  -30
    .byte   0x0E, 0xE0, 0xEE, 0x0F, 0xFF, 0xF0, 0x22, 0x22, 0x32, 0x22, 0x22, 0x22, 0x02, 0x02, 0x11, 0x01
    .byte   0xE0, 0xEE, 0xED, 0xEE, 0xDE, 0xDF, 0xEE, 0xEE, 0xEE, 0x00, 0x11, 0x22, 0x33, 0x34, 0x22, 0x33
    .byte     22, 0x03, 0x23, 0x33, 0x33, 0x23, 0xFF, 0xFE, 0xFE, 0xED, 0xEE, 0xEE, 0xEE, 0xDD, 0xDE, 0xDE
    .byte   0xDD, 0xED, 0xFF, 0xFE, 0xFE, 0xF0, 0x01, 0x02, 0x22, 0x22, 0x22, 0x22, 0x21, 0x20, 0x21, 0x10
    .byte   0x00,    7, 0x0E, 0xFE, 0xEE, 0xEE, 0xDE, 0xEE, 0xEE, 0xEE, 0xEF, 0xFF, 0xF1, 0x22, 0x33, 0x33
    .byte   0x33, 0x23, 0x33, 0x23, 0x23, 0x33, 0x32, 0x0F, 0x0E, 0xFF, 0xDE, 0xED, 0x0E, 0xEE, 0xDD, 0xED
    .byte   0xED, 0xDE,  -24, 0x0E, 0xFE, 0xFF, 0xEF, 0xFF, 0x11, 0xF2, 0x22, 0x22, 0x22, 0x12, 0x12, 0x12
    .byte   0x11, 0x11, 0x1F, 0x0E, 0xEE, 0xEE, 0xEE, 0xEE, 0xD0, 0xEE, 0xEE, 0xEE, 0x01, 0x02, 0x13, 0x33
    .byte   0x33, 0x32, 0x33,   25, 0x03, 0x31, 0x33, 0x33, 0x22, 0xFF, 0xE0, 0xEE, 0xED, 0xFE, 0xEE, 0xFD
    .byte   0xDD, 0xED, 0xED, 0xDE, 0xEE, 0xFF, 0xEF, 0xEF, 0xF0, 0x01, 0x01, 0x22, 0x22, 0x12, 0x21, 0x22
    .byte   0x12, 0x10, 0x10, 0x10,    1, 0x0E, 0xEE, 0xEF, 0xEE, 0xDF, 0xEE, 0xEF, 0xEE, 0xE0, 0xF2, 0x12
    .byte   0x23, 0x33, 0x33, 0x13, 0x32, 0x33, 0x13, 0x33, 0x32, 0x02, 0xEF, 0x1E, 0xED, 0xEE, 0xFE, 0xFE
    .byte   0xDD, 0xED, 0xED, 0xED, 0xEE,  -21, 0x0F, 0xEE, 0xEF, 0xFF, 0x00, 0x00, 0x22, 0x22, 0x02, 0xF2
    .byte   0x21, 0x21, 0x10, 0x20, 0x1F, 0xFE, 0xEF, 0xEE, 0xEE, 0xEE, 0xEE, 0xFE, 0xEE, 0xFF, 0x0F, 0x22
    .byte   0x23, 0x33, 0x32, 0x23, 0x32, 0x32,   39, 0x03, 0x33, 0x31, 0x20, 0xE1, 0x0E, 0xEE, 0xEE, 0xEE
    .byte   0xFE, 0xDE, 0xDE, 0xEE, 0xDD, 0xEE, 0xFF, 0xEE, 0xEE, 0xF1, 0x00, 0xF1, 0x12, 0x22, 0x11, 0x12
    .byte   0x12, 0x02, 0x00, 0x01, 0x1F, 0xFE, 0xEF,  -17, 0x0E, 0xEE, 0xEE, 0xFF, 0xEE, 0xEE, 0x01, 0x11
    .byte   0x22, 0x33, 0x33, 0x22, 0x33, 0x23, 0x21, 0x33, 0x33, 0x02, 0x0F, 0xF1, 0xEE, 0xED, 0xFE, 0xFF
    .byte   0xED, 0xED, 0xEE, 0xED, 0xED, 0xFF, 0x0E, 0xEE,  -30, 0x0F, 0x1F, 0x0F, 0x01, 0x21, 0x21, 0x12
    .byte   0x02, 0x11, 0x02, 0x00, 0x0F, 0xFF, 0xEE, 0xEE, 0xFF, 0xEF, 0xEE, 0xFE, 0xFE, 0xFF, 0x01, 0x12
    .byte   0x33, 0x32, 0x31, 0x33, 0x23, 0x22, 0x23, 0x33, 0x21,   70, 0x00, 0x01, 0xEE, 0xEE, 0xEE, 0x0E
    .byte   0x0D, 0xEE, 0xED, 0xFE, 0xDE, 0xEE, 0x0E, 0x0E, 0xEF, 0xFF, 0x00, 0x01, 0x11, 0x21, 0x12, 0x00
    .byte   0x02, 0x11, 0x1F, 0xF0, 0xF0, 0xFE, 0xEE, 0x0E, 0xFF, 0xEE,  -39, 0x0E, 0x0E, 0x0E, 0x11, 0x22
    .byte   0x33, 0x32, 0x22, 0x33, 0x13, 0x21, 0x33, 0x32, 0x21, 0x2E, 0x1F, 0xFE, 0xEE, 0xEE, 0x0E, 0x1D
    .byte   0xEE, 0xDE, 0xEE, 0xFD, 0xEF, 0xEF, 0xFE, 0xFE, 0xFF, 0x00, 0x11,  -24, 0x01, 0x10, 0x21, 0x00
    .byte   0x01, 0x11, 0x10, 0xF0, 0xE0, 0x0E, 0x0E, 0x0E, 0x0E, 0xEF, 0xEF, 0xFE, 0x00, 0x12, 0x23, 0x33
    .byte   0x22, 0x23, 0x32, 0x3F, 0x23, 0x32, 0x31, 0x2F, 0xE1, 0x1E, 0xFE, 0xEE,   46, 0x0F, 0xFE, 0xED
    .byte   0xEE, 0xEE, 0xEE, 0xEE, 0xEE, 0xFF, 0xEF, 0xEF, 0xF1, 0x01, 0x11, 0x11, 0x01, 0x11, 0xF1, 0x01
    .byte   0x11, 0xFF, 0xFF, 0x0E, 0xFE, 0xFF, 0xEF, 0xFE, 0xEF, 0xFF, 0xF1, 0x12, 0x24,  -18, 0x02, 0x22
    .byte   0x23, 0x32, 0x3F, 0x23, 0x23, 0x3F, 0x10, 0xF1, 0xFE, 0xFE, 0xEF, 0xFE, 0xEF, 0xDE, 0xED, 0xFE
    .byte   0xEE, 0xEE, 0xE0, 0xF1, 0xEF, 0xFF, 0x01, 0xF0, 0x0E, 0x00, 0x22, 0x2F, 0x22, 0xD0,  -11, 0x0E
    .byte   0xDF, 0xE0, 0xE0, 0x2F, 0xFF, 0xEE, 0xFF, 0xED, 0x1F, 0x23, 0x13, 0x52, 0x23, 0x23, 0x21, 0x3E
    .byte   0xE3, 0x02, 0x32, 0x1F, 0xEF, 0x2E, 0xFF, 0xED, 0xE1, 0x0E, 0xEE, 0xDE, 0xEF, 0xEE, 0xFE,   -9
    .byte   0x02, 0x02, 0x0E, 0xFF, 0x01, 0x0F, 0x1E, 0x12, 0x2F, 0x1E, 0xE0, 0x0E, 0xFE, 0xDE, 0xFF, 0xEF
    .byte   0xEE, 0xE1, 0x2E, 0xEE, 0x12, 0x02, 0x33, 0x24, 0x52, 0x13, 0x12, 0x21, 0xFE, 0xD2, 0x22, 0x31
    .byte     44, 0x0E, 0x03, 0x2D, 0xEF, 0xDE, 0xE0, 0xED, 0xDE, 0xFF, 0x11, 0xEE, 0x22, 0x22, 0x0F, 0xFE
    .byte   0x20, 0xFF, 0xFE, 0x11, 0x22, 0xFF, 0xFF, 0x00, 0xED, 0xFD, 0xEF, 0xE0, 0xEE, 0xE1, 0x0F, 0xEF
    .byte   0xEE,  -59, 0x02, 0x21, 0x22, 0x33, 0x54, 0x32, 0x30, 0x12, 0x0E, 0xDD, 0x22, 0x23, 0x1F, 0x01
    .byte   0x23, 0xDD, 0xFD, 0xD1, 0xFD, 0xDD, 0xF1, 0xF1, 0x2E, 0x02, 0x13, 0x1E, 0x1E, 0xF2, 0x1F, 0xEE
    .byte   0x11, 0x12,    6, 0x0E, 0x01, 0x00, 0xEE, 0xDE, 0xED, 0x1E, 0xEE, 0xF1, 0xF0, 0x0F, 0xEF, 0xEF
    .byte   0xE1, 0x23, 0x33, 0x45, 0x32, 0x20, 0x22, 0xE0, 0xED, 0xF1, 0x23, 0x20, 0xF2, 0x22, 0x0E, 0xDD
    .byte   0xED, 0xFE, 0xDD,  -10, 0x01, 0x22, 0x0F, 0x02, 0x22, 0x1F, 0xEF, 0xE1, 0x0F, 0x0E, 0x01, 0x22
    .byte   0x1F, 0x10, 0xE0, 0xEE, 0xDD, 0xEF, 0xFE, 0xEE, 0xF1, 0x10, 0xEF, 0xFE, 0xEE, 0x12, 0x23, 0x14
    .byte   0x55, 0x12, 0x10, 0x21,   37, 0x0F, 0xDD, 0x11, 0x33, 0x10, 0x02, 0x22, 0x0D, 0xDE, 0xD0, 0xDE
    .byte   0xDE, 0xE2, 0x21, 0x11, 0x02, 0x13, 0xEE, 0xE0, 0xFF, 0xFF, 0xFF, 0xF2, 0x21, 0x10, 0xF0, 0x0E
    .byte   0xED, 0xDE, 0x0E, 0xED, 0x11,  -37, 0x00, 0xF0, 0xDF, 0x0F, 0xED, 0x13, 0x33, 0x44, 0x52, 0x12
    .byte   0x11, 0x0F, 0xFE, 0xD0, 0x12, 0x33, 0x00, 0x12, 0x10, 0xED, 0xDE, 0xEE, 0xDE, 0xD0, 0x12, 0x22
    .byte   0xF1, 0xF2, 0x21, 0xEE, 0xFE, 0x10,   -1, 0x00, 0xE1, 0x22, 0x12, 0x0E, 0x10, 0xEE, 0xDD, 0xEE
    .byte   0x0D, 0x0E, 0xF1, 0x01, 0x1D, 0x0E, 0xE0, 0xF2, 0x32, 0x33, 0x55, 0x01, 0xF1, 0x2E, 0xF2, 0xDE
    .byte   0xE2, 0x33, 0x20, 0xF1, 0x22, 0xFD, 0xDD,   15, 0x0E, 0xEE, 0xED, 0x12, 0x23, 0xFF, 0xF1, 0x22
    .byte   0xFE, 0xEE, 0x01, 0x1F, 0xEE, 0x03, 0x20, 0x1F, 0x0F, 0xEF, 0xED, 0xDE, 0xEE, 0xE1, 0x1F, 0xFE
    .byte   0xEF, 0x01, 0x0E, 0xEE, 0x12, 0x44, 0x25, 0x32,   31, 0x0E, 0x02, 0xDF, 0x0E, 0x0F, 0x22, 0x33
    .byte   0x12, 0x10, 0x2D, 0xED, 0xDE, 0xEE, 0xED, 0xE2, 0x22, 0x21, 0x0F, 0x12, 0x0F, 0xEE, 0x0E, 0x2E
    .byte   0xF1, 0x0E, 0x20, 0x22, 0x10, 0xE1, 0xDE, 0xED, 0xEE,  -32, 0x00, 0xFE, 0xFF, 0xF1, 0x0E, 0xEE
    .byte   0xEF, 0x13, 0x23, 0x13, 0x63, 0x3F, 0xD1, 0x11, 0x2E, 0xED, 0xF3, 0x33, 0x2F, 0x12, 0x11, 0xED
    .byte   0xDE, 0xED, 0x0D, 0xEF, 0xF3, 0x12, 0x1F, 0xF1, 0x2F, 0x1E,    3, 0x0F, 0xF1, 0x0F, 0xFE, 0x22
    .byte   0x01, 0x11, 0x11, 0xDE, 0xFD, 0xEE, 0xEE, 0xEF, 0x01, 0xFE, 0x1E, 0xFE, 0xE1, 0xEE, 0x33, 0x33
    .byte   0x35, 0x32, 0x2E, 0x2E, 0xE2, 0xEE, 0x1E, 0x23, 0x22, 0x22, 0x2F,   45, 0x0E, 0xDE, 0xDE, 0xED
    .byte   0xFE, 0xF1, 0xF3, 0x2F, 0xF1, 0x00, 0xF1, 0xF0, 0xEE, 0x11, 0x0F, 0x00, 0xF0, 0x22, 0x0F, 0xFE
    .byte   0xEE, 0xDF, 0xDE, 0xEF, 0x01, 0x10, 0xFE, 0xFF, 0xEF, 0xFE, 0xEF, 0x34,  -23, 0x03, 0x44, 0x22
    .byte   0xF1, 0x0E, 0x11, 0xDF, 0x02, 0x23, 0x22, 0x21, 0x11, 0xED, 0xED, 0xFD, 0xED, 0xFF, 0x02, 0x22
    .byte   0x2F, 0xF1, 0x11, 0xEE, 0xE0, 0xFF, 0xF0, 0x11, 0xF1, 0x11, 0x11, 0x10, 0xEE,  -10, 0x0E, 0xEF
    .byte   0xFE, 0xDE, 0x12, 0x2F, 0xEF, 0xDF, 0x12, 0xFD, 0xE0, 0x34, 0x33, 0x43, 0x31, 0xF2, 0xFE, 0x11
    .byte   0xED, 0x21, 0x23, 0x23, 0x1F, 0x12, 0xED, 0xED, 0xED, 0xEE, 0xEE, 0x02, 0x31, 0x11,   10, 0x00
    .byte   0xF0, 0x1E, 0xEE, 0xF0, 0xF1, 0x01, 0x21, 0xF0, 0x20, 0x0E, 0xFE, 0xDF, 0xEE, 0xEE, 0xFE, 0x10
    .byte   0xFF, 0xF0, 0x1E, 0xEE, 0xEF, 0x32, 0x22, 0x23, 0x54, 0x21, 0xDE, 0x31, 0x20, 0xCE, 0x12,   27
    .byte   0x03, 0x0F, 0x2F, 0x32, 0xED, 0xDD, 0xEE, 0x0D, 0xDF, 0x13, 0x21, 0x2E, 0x10, 0x02, 0xDE, 0xE2
    .byte   0x11, 0xE1, 0xE0, 0x22, 0x10, 0x1F, 0x1F, 0x0E, 0xED, 0x0E, 0xEE, 0xDF, 0x00, 0x20, 0xEF, 0xFF
    .byte    -39, 0x0F, 0xEE, 0x01, 0x33, 0x21, 0x44, 0x4F, 0x0E, 0x12, 0x11, 0xED, 0x02, 0x23, 0x3F, 0x00
    .byte   0x12, 0x2D, 0xDD, 0xEF, 0xEE, 0xEE, 0xE2, 0x22, 0xF0, 0xF0, 0x01, 0x2E, 0xEE, 0xF0, 0x20, 0x1F
    .byte   0xE1,    2, 0x02, 0xFF, 0xEF, 0xFF, 0x0E, 0xEE, 0xD0, 0xFE, 0x00, 0xEF, 0x11, 0x1E, 0xEF, 0xF0
    .byte   0x11, 0xFF, 0x33, 0x33, 0x43, 0x2F, 0xE1, 0x21, 0x1F, 0xDE, 0x22, 0x32, 0x12, 0x11, 0x2F, 0xED
    .byte   0xEE, 0xDE,    5, 0x0F, 0xEE, 0x22, 0x22, 0xF0, 0x0F, 0x01, 0xEE, 0xEF, 0x0F, 0xE2, 0x10, 0x21
    .byte   0x0F, 0xFF, 0xFF, 0xEE, 0xFE, 0xEF, 0xEE, 0x00, 0xFF, 0xE0, 0x02, 0x0E, 0xEE, 0x03, 0x1E, 0xE2
    .byte   0x33, 0x33, 0x41,   19, 0x0F, 0x03, 0xFF, 0xFE, 0xE1, 0x22, 0x22, 0x02, 0x10, 0x2E, 0xED, 0xE0
    .byte   0xDE, 0xE1, 0xE1, 0x02, 0x20, 0xFF, 0xF2, 0x0E, 0xEE, 0xE2, 0x11, 0xEF, 0x12, 0x11, 0x0E, 0xFF
    .byte   0xFF, 0xFE, 0xEE, 0x00,  -23, 0x0E, 0xFF, 0x0F, 0x0E, 0x00, 0xFF, 0xF0, 0x1F, 0x01, 0x13, 0x32
    .byte   0x23, 0x42, 0x0F, 0xF3, 0xFE, 0x0F, 0xE2, 0x22, 0x11, 0x02, 0x2F, 0x1E, 0xDE, 0x1E, 0xEE, 0xD1
    .byte   0x10, 0x20, 0xF1, 0x10, 0x00,    6, 0x0E, 0xF0, 0x1F, 0xF1, 0xF1, 0x01, 0x2E, 0xE0, 0x11, 0xEF
    .byte   0xEF, 0x0E, 0xFE, 0xEE, 0xF0, 0xEF, 0xFF, 0x10, 0x00, 0xFF, 0xF1, 0x20, 0xE1, 0x33, 0x31, 0x24
    .byte   0x3F, 0x0F, 0x22, 0xEF, 0xEF, 0x02,   29, 0x01, 0x01, 0x22, 0x2E, 0xEE, 0xED, 0xFE, 0x0D, 0xE0
    .byte   0x22, 0x2E, 0xFF, 0x20, 0xEF, 0xE0, 0xEF, 0x01, 0x0F, 0x01, 0x2F, 0x0F, 0xFE, 0x0F, 0xFF, 0xEF
    .byte   0xFF, 0xF0, 0xE0, 0xEE, 0x2F, 0xEF, 0xEF,  -36, 0x02, 0x2E, 0xE0, 0x23, 0x0E, 0xF3, 0x32, 0x33
    .byte   0x31, 0x1E, 0x22, 0x0E, 0xFF, 0x10, 0x22, 0xF1, 0x21, 0x1E, 0x1E, 0xEE, 0xEE, 0xEE, 0xFF, 0x21
    .byte   0xF0, 0x10, 0xFF, 0xFF, 0xEE, 0x12, 0x1D, 0xF2,   -1, 0x02, 0xEF, 0xFF, 0x01, 0x1E, 0xEE, 0x2F
    .byte   0x0F, 0xEE, 0xF1, 0x00, 0xED, 0x12, 0x00, 0xFE, 0xF0, 0x22, 0xFE, 0xE2, 0x32, 0x21, 0x03, 0x34
    .byte   0x2E, 0xE1, 0x32, 0x0D, 0xE1, 0x32, 0x0F, 0xE1, 0x31,   37, 0x0E, 0xEE, 0xF0, 0xEE, 0xDE, 0x02
    .byte   0x10, 0xE1, 0x10, 0xF0, 0xE0, 0xEF, 0x0F, 0x1F, 0xF0, 0x12, 0x2E, 0xEF, 0x01, 0x0F, 0xEE, 0x10
    .byte   0x20, 0xEE, 0x0F, 0x0E, 0x1E, 0xEE, 0x12, 0x0E, 0x11, 0x0F,  -29, 0x03, 0xEE, 0x01, 0x32, 0x12
    .byte   0x23, 0x42, 0xFE, 0xF3, 0x21, 0xEE, 0x11, 0x21, 0x1E, 0x02, 0x20, 0xFD, 0xE0, 0xF0, 0xDE, 0xE0
    .byte   0x10, 0x1E, 0x10, 0xE2, 0xFF, 0xFE, 0xFF, 0x0F, 0x1F, 0xF1, 0x20,   -4, 0x0E, 0x12, 0x1F, 0xEE
    .byte   0x01, 0x1F, 0xEF, 0xF2, 0xFE, 0xFF, 0x1F, 0xFF, 0xEE, 0x01, 0x2F, 0xFE, 0x12, 0x22, 0x0F, 0xE2
    .byte   0x33, 0x0F, 0x33, 0x12, 0xF2, 0x2F, 0x1F, 0xF0, 0x01, 0x1F, 0x11, 0x11,   30, 0x0F, 0x0E, 0xEF
    .byte   0xFD, 0xE0, 0x0F, 0xE0, 0x11, 0xE0, 0x10, 0xEF, 0xF1, 0x1E, 0xFF, 0xF2, 0x11, 0x0E, 0x2F, 0x02
    .byte   0xEF, 0xF0, 0x10, 0xEF, 0xF1, 0x10, 0xFE, 0x00, 0x0F, 0xEE, 0xF1, 0x0E, 0x21,  -24, 0x0E, 0x20
    .byte   0x12, 0x01, 0x10, 0x22, 0x30, 0x13, 0x31, 0x0E, 0x32, 0x10, 0xE0, 0x02, 0x10, 0x0E, 0x22, 0x0E
    .byte   0xEE, 0xFF, 0xFE, 0xEE, 0xE0, 0x0F, 0xE0, 0x01, 0xF1, 0xE0, 0xE0, 0xFF, 0x1F, 0x01,   -9, 0x02
    .byte   0x1F, 0x0F, 0x11, 0x1F, 0xFE, 0xF0, 0x20, 0xEF, 0x01, 0x11, 0x0E, 0xEF, 0x00, 0xEF, 0xE0, 0x11
    .byte   0x10, 0xFF, 0x22, 0xFE, 0x22, 0x00, 0x12, 0x22, 0x13, 0x32, 0x0E, 0x13, 0x2F, 0xEF, 0xF1,   31
    .byte   0x01, 0xFE, 0x02, 0x1F, 0xEE, 0xFF, 0xFE, 0xEE, 0xEF, 0xFF, 0x0E, 0x01, 0x2E, 0xFF, 0xF1, 0xE0
    .byte   0xF1, 0x0F, 0x02, 0x11, 0x01, 0x1F, 0x01, 0x1E, 0xE1, 0x11, 0x0E, 0xFF, 0x10, 0xFE, 0xFF, 0x0F
    .byte    -19, 0x0E, 0xFF, 0x01, 0x10, 0xF1, 0x02, 0x11, 0x1F, 0xE2, 0x32, 0xEE, 0x23, 0x31, 0x13, 0x10
    .byte   0x11, 0x20, 0xFF, 0xF0, 0x00, 0x2F, 0xF1, 0xF1, 0xEF, 0x0E, 0xEF, 0xEE, 0xE0, 0xFF, 0xFF, 0x1F
    .byte   0xF0,   -2, 0x0F, 0xFE, 0x10, 0xFF, 0x02, 0xE0, 0x12, 0x2F, 0xF0, 0x11, 0x0F, 0xFE, 0x01, 0x0F
    .byte   0x00, 0x10, 0xE0, 0x0F, 0xEF, 0xFE, 0xF0, 0x00, 0xE2, 0x20, 0xEF, 0x11, 0x21, 0xFF, 0xF2, 0x22
    .byte   0x10, 0x12,    6, 0x01, 0x22, 0x21, 0x01, 0x02, 0x11, 0xE1, 0xF1, 0x10, 0xFF, 0xF1, 0x0F, 0xEF
    .byte   0xFE, 0xFE, 0xFE, 0x0E, 0x01, 0xFF, 0x01, 0x0F, 0xFF, 0x10, 0xE2, 0xF0, 0xF0, 0x20, 0x00, 0x11
    .byte   0x1F, 0x1E, 0x01,   -4, 0x01, 0xFE, 0x11, 0x0F, 0xE0, 0x01, 0xFE, 0xE0, 0x11, 0xF0, 0xE1, 0x11
    .byte   0x0F, 0xF1, 0x22, 0x0E, 0x02, 0x20, 0xF1, 0x12, 0x22, 0x11, 0x12, 0x31, 0xE0, 0x12, 0x2E, 0xFF
    .byte   0x10, 0x10, 0xFF, 0xF0,   21, 0x0F, 0xEE, 0xFF, 0xFE, 0x0E, 0xFF, 0xF1, 0x1F, 0xF0, 0x11, 0xFF
    .byte   0xF1, 0xF0, 0x11, 0x0F, 0xF0, 0x11, 0xF0, 0x10, 0x00, 0xF0, 0xE0, 0x00, 0x00, 0xE0, 0x01, 0x00
    .byte   0xEF, 0xF0, 0x10, 0xE0, 0x1F,  -17, 0x01, 0x11, 0x0F, 0x11, 0x0F, 0x02, 0x01, 0x02, 0x02, 0x21
    .byte   0xF2, 0x01, 0x2E, 0x32, 0xFE, 0x01, 0x21, 0xFE, 0x01, 0x10, 0xFF, 0x00, 0x1F, 0xEF, 0xF0, 0xE0
    .byte   0xEF, 0x1E, 0x10, 0x00, 0x0F, 0x01,   -1, 0x0F, 0x10, 0xFE, 0x11, 0x11, 0x00, 0x10, 0x0E, 0x12
    .byte   0x00, 0xE0, 0x11, 0xFE, 0xF0, 0x10, 0xE0, 0x2F, 0xF0, 0xFF, 0xFF, 0xFF, 0x0F, 0x11, 0x0F, 0x01
    .byte   0x2F, 0x0F, 0x01, 0x21, 0x0E, 0x12, 0x21,   -1, 0x01, 0x12, 0x20, 0x0F, 0x23, 0xFE, 0xF0, 0x21
    .byte   0xE0, 0x01, 0x00, 0x0F, 0xF1, 0x00, 0xEE, 0x1F, 0xF0, 0xFE, 0xF1, 0x0F, 0xFF, 0x10, 0xF0, 0xF1
    .byte   0xFF, 0xF1, 0x1F, 0x01, 0x01, 0x00, 0x1F, 0xF1,   -2, 0x0F, 0x10, 0xFF, 0xF0, 0x10, 0xFE, 0x10
    .byte   0x11, 0xEF, 0x00, 0x10, 0xE0, 0xF1, 0x1F, 0x0F, 0x02, 0x10, 0xF0, 0x01, 0x11, 0x00, 0x01, 0x2F
    .byte   0x12, 0x11, 0x11, 0x21, 0x11, 0x22, 0xEF, 0xF2, 0x0F,   12, 0x00, 0x12, 0x0E, 0x01, 0x11, 0x0E
    .byte   0xFF, 0x01, 0xEE, 0xF1, 0x0F, 0xFF, 0x11, 0x0F, 0xFF, 0x10, 0xFF, 0xFF, 0x11, 0xF1, 0x10, 0x0F
    .byte   0xF1, 0x0F, 0xFF, 0x01, 0xFF, 0x0F, 0x01, 0xFF, 0x00, 0xF1,   -9, 0x0F, 0x1F, 0xF0, 0xF0, 0x11
    .byte   0x0E, 0x11, 0x2F, 0xF0, 0x02, 0x0F, 0xF0, 0x02, 0x0F, 0x00, 0x21, 0x11, 0x10, 0x12, 0x1F, 0x02
    .byte   0x20, 0xEF, 0x21, 0x0E, 0x01, 0x11, 0xE0, 0x20, 0xF0, 0xFE, 0x01,    9, 0x0F, 0xEF, 0x1F, 0xFF
    .byte   0x0F, 0x10, 0x0F, 0xF0, 0x1F, 0xFF, 0x01, 0x00, 0x00, 0xF1, 0x11, 0xEF, 0x01, 0x1F, 0xF0, 0x11
    .byte   0x1E, 0x00, 0x10, 0xEF, 0x11, 0x1F, 0xF0, 0x10, 0xFF, 0xFF, 0x11, 0xF1,  -12, 0x01, 0x20, 0x0F
    .byte   0x1F, 0x2F, 0x01, 0xF0, 0x20, 0x0F, 0x12, 0x2F, 0xF0, 0x20, 0x22, 0xEF, 0xF2, 0x2E, 0xEF, 0x22
    .byte   0xEF, 0x01, 0x10, 0xF0, 0xEF, 0x11, 0xEE, 0xF2, 0x0F, 0xE0, 0x11, 0x0F, 0xE1,   -1, 0x00, 0x0E
    .byte   0x1F, 0x20, 0xFF, 0xF1, 0x2F, 0xE0, 0x11, 0x0E, 0xF1, 0x11, 0xFF, 0x00, 0x10, 0xFE, 0x11, 0x0F
    .byte   0x00, 0x10, 0xFF, 0xF0, 0x0F, 0x11, 0x01, 0x01, 0x10, 0x11, 0x00, 0xF0, 0x21, 0x0E,   -3, 0x02
    .byte   0x20, 0xE0, 0x22, 0x0E, 0x22, 0x1F, 0xFF, 0x2F, 0xE0, 0x12, 0xFE, 0x01, 0x20, 0xEF, 0x00, 0xFF
    .byte   0xE0, 0x1F, 0xFF, 0xF0, 0x10, 0xFF, 0x1F, 0x0E, 0x01, 0x00, 0xF0, 0x1F, 0x10, 0xE2, 0x00,   -5
    .byte   0x0F, 0x11, 0x1E, 0x11, 0x10, 0xE0, 0x11, 0xF0, 0x0F, 0x10, 0x0F, 0x0F, 0x00, 0x0F, 0x00, 0x10
    .byte   0x01, 0x01, 0x11, 0xFF, 0x01, 0x2F, 0xF0, 0x12, 0x00, 0x00, 0x21, 0xF1, 0x02, 0x20, 0xE1, 0x11
    .byte     15, 0x0E, 0xF1, 0x10, 0xF0, 0x02, 0x0E, 0xF1, 0xF0, 0xE0, 0xFF, 0xFF, 0x00, 0x00, 0x1F, 0xFF
    .byte   0xFF, 0xF0, 0x00, 0x0F, 0x01, 0x1F, 0xF1, 0x1F, 0xFF, 0x11, 0x0F, 0xF1, 0x1F, 0xFF, 0x00, 0x1F
    .byte   0xF0,   -7, 0x00, 0xF0, 0x01, 0x0F, 0xFF, 0x00, 0x0F, 0x10, 0x01, 0x11, 0x01, 0x10, 0x11, 0x01
    .byte   0x11, 0x11, 0x01, 0x12, 0xFF, 0x22, 0x0E, 0xF2, 0x10, 0xEF, 0x12, 0xFE, 0x02, 0x2E, 0x0E, 0x11
    .byte   0x0E, 0xE1,    6, 0x0F, 0xFE, 0x02, 0x0F, 0xE1, 0x01, 0xE0, 0x00, 0x0F, 0xF0, 0x11, 0xF0, 0xF1
    .byte   0x0F, 0xF0, 0x10, 0xF0, 0x01, 0x1F, 0xFF, 0x01, 0xFF, 0x0F, 0x10, 0xFF, 0x1F, 0xF0, 0x1F, 0x00
    .byte   0x01, 0x11, 0x10,   -7, 0x00, 0x01, 0x11, 0x10, 0x20, 0x00, 0x21, 0x10, 0x01, 0x21, 0xFF, 0x11
    .byte   0x1F, 0xE2, 0x10, 0xFE, 0x21, 0x1E, 0xF0, 0x10, 0xEF, 0xF0, 0x0F, 0xE1, 0x11, 0x0F, 0xF0, 0xFF
    .byte   0x0F, 0xFF, 0x11, 0x0F,   -4, 0x01, 0x10, 0xFF, 0x01, 0xF0, 0xF1, 0x11, 0xFF, 0x00, 0xF0, 0xE1
    .byte   0x11, 0xFF, 0x01, 0x1F, 0xFF, 0x00, 0xE1, 0xF2, 0xF0, 0x11, 0x1F, 0x01, 0x11, 0x0F, 0x12, 0x10
    .byte   0x00, 0x21, 0xF1, 0x02, 0x12,   13, 0x0E, 0x21, 0x10, 0xE0, 0x20, 0xEF, 0x21, 0x0E, 0x01, 0x1E
    .byte   0xE1, 0xFF, 0xFF, 0x00, 0xFF, 0x1F, 0xF0, 0xF0, 0xF0, 0x00, 0x0F, 0x01, 0x0F, 0xF1, 0x1F, 0x00
    .byte   0x01, 0xF1, 0xF1, 0x01, 0xFF, 0xF1,   -4, 0x0F, 0xFE, 0x2F, 0x1F, 0x01, 0xFF, 0xFF, 0x01, 0xE1
    .byte   0x02, 0xF0, 0x11, 0x00, 0x01, 0x10, 0x11, 0x10, 0x21, 0xF0, 0x20, 0x10, 0x21, 0x1F, 0x02, 0x0E
    .byte   0xF0, 0x2F, 0xE0, 0x21, 0xFE, 0x11, 0x0E,    6, 0x00, 0x10, 0xEF, 0x00, 0x0F, 0xF1, 0xF0, 0xFF
    .byte   0xF0, 0xF0, 0x01, 0x1F, 0xF0, 0x11, 0xF0, 0xF0, 0x1F, 0x00, 0x10, 0xFF, 0x00, 0x0F, 0x0F, 0x00
    .byte   0xF0, 0x00, 0xF0, 0xF0, 0xF1, 0xF0, 0x00, 0x10,  -10, 0x00, 0x11, 0x01, 0x11, 0x10, 0x02, 0x01
    .byte   0x00, 0x20, 0x01, 0x11, 0x20, 0xF1, 0x11, 0x0E, 0x02, 0x0E, 0x00, 0x20, 0xE0, 0x10, 0x0E, 0xF0
    .byte   0x0F, 0xE0, 0x10, 0xFF, 0x01, 0xFF, 0xF0, 0x10, 0xE0,   -3, 0x01, 0xF0, 0x02, 0xFF, 0xFF, 0x1F
    .byte   0xFF, 0x11, 0xF1, 0xF1, 0x00, 0xFF, 0xFF, 0x1F, 0xF1, 0x00, 0x00, 0xFF, 0x00, 0x00, 0x00, 0x1F
    .byte   0x11, 0x00, 0x01, 0x10, 0x00, 0x12, 0xF0, 0x02, 0x0F, 0x02,    6, 0x01, 0xF1, 0x12, 0x1E, 0x02
    .byte   0x10, 0xE0, 0x01, 0xFF, 0x01, 0x0F, 0xF1, 0x1F, 0xFE, 0x00, 0xFF, 0xF0, 0x00, 0x00, 0xF1, 0x0F
    .byte   0xFF, 0x00, 0xFF, 0x11, 0x0F, 0x01, 0x10, 0xF0, 0x0F, 0xFF, 0x01,   -3, 0x0F, 0xF1, 0x10, 0xFF
    .byte   0x00, 0x0E, 0x01, 0x00, 0xF0, 0x20, 0x0F, 0x10, 0x0F, 0xE1, 0x11, 0xF1, 0x02, 0x00, 0x11, 0x0F
    .byte   0x1F, 0x10, 0x01, 0x02, 0x10, 0x10, 0x1F, 0x00, 0x00, 0x0F, 0x11, 0x10,    9, 0x00, 0x1F, 0x00
    .byte   0x0F, 0xFF, 0x1F, 0x00, 0x11, 0xFF, 0x10, 0xFF, 0x0F, 0xFF, 0xF0, 0x00, 0x00, 0x1F, 0x00, 0x00
    .byte   0xE0, 0x10, 0xF0, 0x1F, 0xFF, 0x01, 0x0F, 0xF1, 0x1E, 0x10, 0x10, 0xF0, 0x11,   -7, 0x01, 0x1F
    .byte   0x00, 0x00, 0xF0, 0x10, 0x00, 0x11, 0x1F, 0x11, 0x00, 0xF0, 0x00, 0x00, 0x11, 0x11, 0x00, 0x11
    .byte   0x0F, 0x01, 0x0F, 0xF1, 0x1F, 0x01, 0x2F, 0xF1, 0x01, 0x0E, 0x11, 0x0F, 0x01, 0x11,    7, 0x00
    .byte   0x10, 0xFE, 0x10, 0xF0, 0x01, 0x1F, 0xF1, 0x1F, 0xFF, 0x00, 0xFF, 0xF1, 0x1F, 0xF0, 0x1F, 0xFF
    .byte   0x11, 0x1E, 0x11, 0x1F, 0xE0, 0x10, 0xFF, 0x21, 0x0F, 0xF1, 0xF0, 0xE0, 0x11, 0x00, 0x12,   -2
    .byte   0x00, 0x00, 0xFF, 0xF0, 0x01, 0x01, 0x11, 0x11, 0x0F, 0x00, 0xFF, 0x01, 0x11, 0xF0, 0x11, 0xFF
    .byte   0x01, 0x00, 0x11, 0x10, 0xF0, 0x0F, 0x0F, 0x10, 0x01, 0x11, 0x11, 0xFF, 0x01, 0x0E, 0xF0, 0x11
    .byte      2, 0x00, 0x20, 0xF0, 0x00, 0xFE, 0xF1, 0x0F, 0x00, 0x20, 0xF0, 0x10, 0xFE, 0x00, 0x0F, 0xF0
    .byte   0x2F, 0xFF, 0x01, 0x0F, 0xF0, 0x10, 0xF0, 0x20, 0xFF, 0xF1, 0xFF, 0x01, 0x10, 0xF1, 0x10, 0x0F
    .byte   0xF1,   -1, 0x00, 0xF0, 0x11, 0xFF, 0x11, 0xFF, 0xF2, 0xF0, 0xFF, 0x20, 0xE1, 0x10, 0x0F, 0xF0
    .byte   0x20, 0xF0, 0x10, 0xFF, 0x10, 0x0F, 0x11, 0x10, 0x1F, 0x00, 0xFF, 0x0F, 0x00, 0x10, 0x11, 0x10
    .byte   0x10, 0xE0,   -2, 0x00, 0x1F, 0x00, 0x20, 0x00, 0x01, 0x0E, 0xF0, 0x1F, 0x00, 0x20, 0xF0, 0x00
    .byte   0x0F, 0xF0, 0x1F, 0x10, 0x10, 0xFF, 0x11, 0xFF, 0x00, 0x10, 0xF0, 0x10, 0x0F, 0x10, 0x0F, 0x00
    .byte   0x1F, 0xF0, 0x11,   -1, 0x0F, 0x11, 0x0F, 0x10, 0x0F, 0xF0, 0x10, 0xF0, 0x11, 0x10, 0x01, 0xFF
    .byte   0x00, 0x0F, 0xF1, 0x01, 0x00, 0x11, 0x00, 0xFF, 0x10, 0xFF, 0x01, 0x1F, 0x01, 0x1F, 0x0F, 0x11
    .byte   0xFF, 0x01, 0x0F, 0xF1,    1, 0x01, 0xE0, 0x2F, 0xFF, 0x11, 0x1E, 0x10, 0x2E, 0xF0, 0x12, 0xE0
    .byte   0x11, 0xFF, 0xF1, 0x1F, 0xF0, 0x20, 0xFF, 0x01, 0x0F, 0xF0, 0x10, 0xF0, 0x11, 0x1F, 0x0F, 0x11
    .byte   0xE0, 0x11, 0xFF, 0xF1, 0x10,   -1, 0x01, 0x01, 0x00, 0xF0, 0x0F, 0xFF, 0x11, 0x0F, 0xF2, 0x0F
    .byte   0xF1, 0x10, 0xF0, 0x11, 0xFF, 0x01, 0x0F, 0xF1, 0x00, 0x10, 0x10, 0xF0, 0x0F, 0x0F, 0x01, 0xF1
    .byte   0x01, 0x10, 0xFF, 0xF1, 0xFF, 0x01,    1, 0x0F, 0x00, 0x1F, 0x0F, 0x10, 0x00, 0x00, 0x10, 0xF0
    .byte   0xF0, 0x00, 0x01, 0x10, 0x1F, 0x0F, 0x00, 0xF0, 0x01, 0x0F, 0x11, 0x1F, 0xF0, 0x1F, 0xFF, 0x11
    .byte   0x0F, 0x11, 0xFF, 0xF1, 0x1F, 0x00, 0x11,    0, 0x0F, 0x10, 0x0F, 0x01, 0xF0, 0x01, 0x01, 0xF0
    .byte   0x00, 0x0F, 0x01, 0x01, 0x10, 0x0F, 0x1F, 0xFF, 0x01, 0x0F, 0x01, 0x10, 0x0F, 0x01, 0x0F, 0x00
    .byte   0xF1, 0xF0, 0x10, 0x00, 0x00, 0xF1, 0x00, 0xF1,    1, 0x0F, 0xF1, 0x10, 0xFF, 0x10, 0x0F, 0x01
    .byte   0x01, 0xF0, 0x10, 0xF0, 0x00, 0xF1, 0x1F, 0x01, 0x00, 0xFF, 0x10, 0xFF, 0x01, 0x1F, 0x01, 0x10
    .byte   0xFF, 0x11, 0xFF, 0xF1, 0x10, 0xF1, 0x01, 0x1F, 0xF0,    0, 0x00, 0x0F, 0x10, 0x00, 0xF1, 0x00
    .byte   0x00, 0xF1, 0x00, 0x00, 0xF1, 0x01, 0xF1, 0x0F, 0x0F, 0x01, 0x0F, 0x01, 0x10, 0xF0, 0x10, 0xF0
    .byte   0x0F, 0x10, 0xF0, 0x10, 0x1F, 0x00, 0x1F, 0x0F, 0x10, 0xF1,   -1, 0x01, 0x0F, 0x10, 0x00, 0x1F
    .byte   0x1F, 0x00, 0x0F, 0x00, 0x00, 0x01, 0x01, 0x00, 0x0F, 0x00, 0x0F, 0x10, 0xF1, 0x01, 0xFF, 0x10
    .byte   0x00, 0x00, 0x01, 0xF0, 0x00, 0x01, 0xF0, 0x00, 0x00, 0x10, 0xF0,    0, 0x00, 0x00, 0xF1, 0x10
    .byte   0xF0, 0x1F, 0x0F, 0x01, 0x1F, 0xF1, 0xF1, 0x00, 0x00, 0x00, 0x0F, 0x10, 0x00, 0x00, 0x10, 0xF0
    .byte   0x01, 0xFF, 0x01, 0x1F, 0x1F, 0x00, 0x1F, 0x00, 0x00, 0x1F, 0x00, 0xF1,    0, 0x00, 0x0F, 0x10
    .byte   0x0F, 0x00, 0x11, 0xFF, 0x00, 0x10, 0x00, 0x00, 0x0F, 0x10, 0x10, 0xF1, 0xF0, 0x0F, 0x10, 0xF1
    .byte   0x00, 0x01, 0xF0, 0x1F, 0xF0, 0x10, 0xF1, 0x1F, 0x1F, 0x00, 0x00, 0xF0, 0x10,    0, 0x00, 0x00
    .byte   0x1F, 0x1F, 0x00, 0x00, 0x00, 0x00, 0x1F, 0x1F, 0x00, 0x0F, 0x1F, 0x10, 0x01, 0xF0, 0x00, 0x00
    .byte   0x0F, 0x10, 0x01, 0xFF, 0x10, 0xF1, 0x00, 0xF1, 0x00, 0x00, 0x00, 0x0F, 0x10, 0x00,    0, 0x00
    .byte   0x00, 0xF1, 0x00, 0x00, 0x00, 0x00, 0x00, 0x00, 0x1F, 0x1F, 0x00, 0x10, 0x0F, 0x00, 0x00, 0x00
    .byte   0x0F, 0x10, 0x00, 0xF1, 0x00, 0x01, 0x0F, 0x00, 0x00, 0x00, 0x00, 0xF0, 0x1F, 0x1F, 0x10,    0
    .byte   0x00, 0x00, 0x0F, 0x1F, 0x10, 0x10, 0xF0, 0x00, 0x00, 0x00, 0x00, 0x00, 0x00, 0x00, 0x00, 0x00
    .byte   0x0F, 0x10, 0x00, 0x00, 0xF1, 0x00, 0x00, 0x00, 0x00, 0x00, 0x00, 0x00, 0x01, 0xF0, 0x10, 0xF0
    .byte      0, 0x00, 0x00, 0x00, 0x01, 0xF0, 0x1F, 0xF1, 0x00, 0x00, 0x1F, 0x00, 0x00, 0x01, 0xFF, 0x10
    .byte   0x00, 0x0F, 0x10, 0x00, 0x00, 0x00, 0x01, 0x0F, 0x01, 0xF0, 0x00, 0x1F, 0x1F, 0x00, 0x01, 0xF0
    .byte   0x0F,    0, 0x00, 0x0F, 0x01, 0x00, 0xF1, 0x00, 0x0F, 0x10, 0x0F, 0x10, 0x01, 0xF0, 0x00, 0x00
    .byte   0x00, 0x00, 0x10, 0xFF, 0x10, 0x0F, 0x01, 0x00, 0x00, 0x00, 0x1F, 0x00, 0x00, 0x00, 0x00, 0xF1
    .byte   0x00, 0x00,    0, 0x00, 0x01, 0xF0, 0x00, 0x00, 0x00, 0x00, 0x00, 0x00, 0xF1, 0x00, 0x1F, 0x0F
    .byte   0x10, 0x00, 0x00, 0x1F, 0x10, 0xF1, 0xF0, 0x00, 0x00, 0x0F, 0x1F, 0x10, 0xF1, 0x0F, 0x01, 0x00
    .byte   0x00, 0x00, 0x00,    1, 0x0F, 0x00, 0x01, 0xF0, 0x00, 0x00, 0xF1, 0x10, 0xF0, 0xF1, 0x01, 0xF0
    .byte   0xF0, 0x10, 0x01, 0xF0, 0x00, 0x0F, 0x11, 0xF0, 0x1F, 0x00, 0x01, 0xF0, 0x1F, 0x00, 0x1F, 0x00
    .byte   0x1F, 0x00, 0x01, 0xF0,    0, 0x00, 0x00, 0x00, 0x10, 0xF0, 0x00, 0x00, 0x0F, 0x10, 0xF0, 0x10
    .byte   0xF0, 0x10, 0x0F, 0x10, 0x00, 0xF1, 0x00, 0x00, 0x00, 0x10, 0xF0, 0x00, 0x00, 0x00, 0x0F, 0x10
    .byte   0x00, 0x00, 0x1F, 0x00, 0x01,    0, 0x00, 0xF1, 0x00, 0x01, 0xF0, 0x1F, 0x00, 0x00, 0x1F, 0x00
    .byte   0x10, 0xF0, 0x00, 0xF1, 0x00, 0x00, 0x0F, 0x10, 0x01, 0xF0, 0x1F, 0x00, 0x00, 0xF0, 0x10, 0x00
    .byte   0x1F, 0x00, 0x00, 0x00, 0x0F, 0x1F,    0, 0x00, 0x00, 0x01, 0xF0, 0x01, 0xF0, 0xF1, 0x01, 0xF0
    .byte   0x10, 0xF0, 0x00, 0x00, 0xF1, 0x00, 0x00, 0x00, 0x00, 0x00, 0x0F, 0x1F, 0x10, 0x0F, 0x10, 0x00
    .byte   0x01, 0xF0, 0x01, 0xF0, 0xF1, 0xF1, 0x00,    0, 0x00, 0x00, 0x1F, 0xF1, 0x00, 0x01, 0xF0, 0x00
    .byte   0x00, 0x00, 0x0F, 0x10, 0x00, 0x00, 0x1F, 0x1F, 0xF1, 0x00, 0x00, 0x00, 0x00, 0x00, 0x01, 0xF0
    .byte   0x00, 0x00, 0x00, 0x00, 0x1F, 0x1F, 0x00, 0x00,    0, 0x00, 0xF0, 0x10, 0x1F, 0x00, 0x00, 0x1F
    .byte   0x00, 0x0F, 0x11, 0xF0, 0x00, 0x00, 0xF1, 0x00, 0x00, 0x1F, 0x00, 0x00, 0x00, 0x01, 0xF0, 0x00
    .byte   0xF1, 0x00, 0x00, 0x1F, 0xF1, 0x00, 0x1F, 0x00, 0x00,    0, 0x00, 0x1F, 0x00, 0x00, 0x00, 0x00
    .byte   0x00, 0x00, 0x00, 0x0F, 0x10, 0x01, 0xF0, 0x0F, 0x01, 0x00, 0x1F, 0x00, 0x00, 0x1F, 0x00, 0x00
    .byte   0xF1, 0x00, 0x00, 0x1F, 0xF1, 0x00, 0x00, 0x00, 0x0F, 0x10,    0, 0x0F, 0x01, 0x00, 0x00, 0x01
    .byte   0xF0, 0x00, 0x00, 0x01, 0xF0, 0x00, 0x01, 0xF0, 0xF1, 0x10, 0x0F, 0x01, 0xF0, 0x00, 0x00, 0x1F
    .byte   0x00, 0xF0, 0x10, 0x0F, 0x10, 0xF1, 0x0F, 0x10, 0x00, 0xF1, 0x00,    0, 0x00, 0x00, 0x00, 0x00
    .byte   0xF1, 0x00, 0xF1, 0x0F, 0x10, 0x00, 0x1F, 0x01, 0x0F, 0x00, 0x00, 0x00, 0x00, 0x0F, 0x01, 0x00
    .byte   0x00, 0x1F, 0x00, 0x0F, 0x10, 0x00, 0x00, 0xF1, 0x00, 0x00, 0x00, 0x01,    0, 0x00, 0x01, 0xF0
    .byte   0x0F, 0x10, 0x00, 0x00, 0x00, 0x00, 0x0F, 0x10, 0x00, 0x0F, 0x11, 0xF0, 0x00, 0x00, 0x1F, 0xF1
    .byte   0x00, 0x00, 0x1F, 0x00, 0x00, 0x10, 0xF1, 0xF0, 0x00, 0x00, 0x00, 0x00, 0x00,    0, 0x00, 0xF1
    .byte   0x01, 0x0F, 0x1F, 0x00, 0x0F, 0x00, 0x11, 0xF0, 0x00, 0x00, 0x0F, 0x10, 0x01, 0xF0, 0x00, 0x0F
    .byte   0x10, 0x00, 0x00, 0x00, 0x00, 0x0F, 0x10, 0x00, 0x01, 0xF0, 0x10, 0xF0, 0x00, 0x00,   -1, 0x00
    .byte   0x1F, 0x10, 0xF1, 0x0F, 0x10, 0x00, 0x00, 0x00, 0x00, 0xF1, 0x0F, 0x1F, 0x10, 0x01, 0xF1, 0x0F
    .byte   0x0F, 0x10, 0x0F, 0x10, 0x0F, 0x10, 0x00, 0xF1, 0x10, 0xF0, 0x00, 0x00, 0x00, 0x00, 0x00,    0
    .byte   0x00, 0x00, 0x00, 0x00, 0x00, 0xF1, 0x00, 0x01, 0xF0, 0x00, 0x00, 0x01, 0xF0, 0x00, 0x00, 0x00
    .byte   0x00, 0x00, 0x10, 0xF0, 0x1F, 0x0F, 0x10, 0x00, 0xF0, 0x11, 0xF0, 0xF1, 0x01, 0xFF, 0x10, 0x00
    .byte      0, 0x00, 0x00, 0x0F, 0x10, 0x10, 0xF0, 0xF1, 0x00, 0x00, 0x01, 0xF0, 0x10, 0xF1, 0xF1, 0xF0
    .byte   0x00, 0x0F, 0x10, 0x1F, 0x01, 0xF0, 0x00, 0x00, 0x00, 0xF1, 0x00, 0x01, 0xF0, 0x00, 0x01, 0xF0
    .byte   0x01,    0, 0x00, 0x1F, 0x00, 0x0F, 0x10, 0x1F, 0x00, 0x01, 0x0F, 0x01, 0xF0, 0x00, 0x01, 0xF1
    .byte   0x0F, 0x00, 0x1F, 0x01, 0xF0, 0x00, 0x1F, 0x00, 0x00, 0xF1, 0xF1, 0xF1, 0x00, 0x00, 0x00, 0x00
    .byte   0x00, 0x01,    1, 0x0F, 0x00, 0x0F, 0x10, 0x00, 0x00, 0xF1, 0x0F, 0x10, 0xF1, 0x00, 0x00, 0x0F
    .byte   0x11, 0xF0, 0x00, 0x01, 0x0F, 0xF1, 0x00, 0x0F, 0x10, 0x00, 0x0F, 0x10, 0x01, 0xF0, 0x01, 0xFF
    .byte   0x10, 0x00, 0x00,   -1, 0x01, 0xF1, 0x00, 0xF1, 0x00, 0x00, 0x00, 0x00, 0x00, 0x00, 0x00, 0x00
    .byte   0x00, 0x00, 0x00, 0xF1, 0x00, 0x00, 0x10, 0xF0, 0x00, 0x00, 0x1F, 0x01, 0xF1, 0xF0, 0x1F, 0x01
    .byte   0xF0, 0xF1, 0x00, 0x00,    0, 0x00, 0x00, 0x00, 0x00, 0x00, 0x00, 0x00, 0x00, 0x0F, 0x00, 0x10
    .byte   0x00, 0x00, 0x0F, 0x10, 0x00, 0x1F, 0x00, 0x00, 0x1F, 0x00, 0x00, 0x00, 0xF1, 0x1F, 0xF1, 0xF1
    .byte   0x0F, 0x10, 0x1F, 0x01, 0xF0,    0, 0x00, 0x00, 0x00, 0xF1, 0xF1, 0xF1, 0x00, 0x10, 0xF0, 0x00
    .byte   0x00, 0x01, 0xF0, 0x00, 0x00, 0x00, 0x00, 0x00, 0x00, 0x00, 0x00, 0xF1, 0x01, 0xFF, 0x10, 0x1F
    .byte   0x1F, 0x00, 0x1F, 0x00, 0x00, 0x01,   -1, 0x01, 0x01, 0xF0, 0x00, 0x00, 0xF1, 0x00, 0x0F, 0x10
    .byte   0x00, 0x00, 0x00, 0x0F, 0x11, 0xF0, 0x00, 0x00, 0x00, 0x0F, 0x10, 0x01, 0xF0, 0x00, 0xF1, 0x00
    .byte   0x00, 0x00, 0x1F, 0x00, 0x00, 0x00, 0xF1,    0, 0x0F, 0x10, 0x1F, 0x00, 0x10, 0xF0, 0x1F, 0x1F
    .byte   0x01, 0xF0, 0xF0, 0x10, 0x1F, 0x00, 0x01, 0xF0, 0x0F, 0x01, 0x00, 0x00, 0x01, 0x0F, 0xF1, 0x00
    .byte   0x1F, 0x00, 0x00, 0xF1, 0x1F, 0x00, 0x1F, 0x00,    0, 0x00, 0x00, 0x00, 0x00, 0x00, 0x00, 0x00
    .byte   0xF1, 0x1F, 0x00, 0x1F, 0x00, 0x1F, 0x00, 0x00, 0x1F, 0x00, 0x00, 0x00, 0x00, 0x0F, 0x11, 0xF0
    .byte   0x00, 0x1F, 0x0F, 0x10, 0x00, 0x00, 0x00, 0x00, 0x1F,    0, 0x00, 0xF1, 0x0F, 0x10, 0x1F, 0x00
    .byte   0x1F, 0x00, 0x00, 0x10, 0xF0, 0x00, 0x00, 0x00, 0x1F, 0x00, 0x00, 0xF1, 0x00, 0x00, 0x0F, 0x11
    .byte   0xF0, 0x1F, 0x0F, 0x10, 0x00, 0x00, 0x0F, 0x01, 0x00, 0x00,    0, 0x00, 0xF1, 0x1F, 0x00, 0x00
    .byte   0x0F, 0x10, 0x00, 0xF1, 0x01, 0xFF, 0x10, 0x00, 0x1F, 0x00, 0x00, 0x00, 0x00, 0xF1, 0x01, 0xF0
    .byte   0x0F, 0x10, 0x00, 0xF1, 0x0F, 0x01, 0x01, 0xF0, 0x1F, 0x01, 0xF1,   -1, 0x01, 0x00, 0x00, 0x00
    .byte   0x00, 0x00, 0x1F, 0x00, 0xF0, 0x10, 0x00, 0xF1, 0xF1, 0x00, 0x00, 0x1F, 0x1F, 0x00, 0x00, 0x1F
    .byte   0x01, 0xF0, 0xF1, 0x00, 0x00, 0x10, 0xF0, 0xF1, 0x00, 0x0F, 0x10, 0x0F,    0, 0x00, 0x0F, 0x10
    .byte   0x00, 0x00, 0x00, 0x00, 0x00, 0x1F, 0x00, 0x01, 0xF0, 0x0F, 0x10, 0x00, 0x00, 0x1F, 0x00, 0x1F
    .byte   0x00, 0x00, 0x1F, 0x00, 0x00, 0x01, 0xF0, 0x00, 0x0F, 0x10, 0xF1, 0x01, 0xF0,    0, 0x0F, 0x10
    .byte   0x01, 0xF0, 0x00, 0x00, 0x01, 0xF0, 0x10, 0xF0, 0x00, 0x00, 0x00, 0x00, 0x00, 0x00, 0x00, 0x00
    .byte   0x00, 0x0F, 0x11, 0xF0, 0x00, 0xF1, 0x00, 0x00, 0x01, 0xF0, 0x00, 0xF1, 0x00, 0x10,    0, 0x00
    .byte   0x10, 0xFF, 0x10, 0x00, 0x00, 0x00, 0x01, 0x0F, 0x00, 0x0F, 0x10, 0x00, 0x00, 0x0F, 0x01, 0x01
    .byte   0xF0, 0xF1, 0x00, 0x00, 0x00, 0x0F, 0x01, 0x00, 0xF1, 0x00, 0x00, 0x00, 0x00, 0x0F, 0x11,   -1
    .byte   0x01, 0x10, 0xF0, 0x01, 0xF0, 0x01, 0xF0, 0x00, 0x00, 0x00, 0x00, 0x00, 0x0F, 0x1F, 0x10, 0x1F
    .byte   0x1F, 0xF0, 0x10, 0x01, 0xF1, 0xF0, 0x00, 0x01, 0xF1, 0x0F, 0x00, 0x00, 0x0F, 0x10, 0x00, 0x0F
    .byte     -1, 0x01, 0x00, 0x00, 0x10, 0xF0, 0x01, 0xF1, 0xF0, 0xF1, 0x00, 0x1F, 0x00, 0x00, 0x00, 0xF1
    .byte   0x00, 0x00, 0x00, 0x1F, 0x00, 0x00, 0x00, 0x1F, 0x00, 0x0F, 0x01, 0x1F, 0x1F, 0xF1, 0xF1, 0x00
    .byte   0x0F,    0, 0x00, 0x00, 0x10, 0xF0, 0x00, 0x01, 0xF0, 0x00, 0x1F, 0x00, 0x00, 0x00, 0x00, 0xF1
    .byte   0x1F, 0x1F, 0xF1, 0x00, 0xF0, 0x1F, 0x11, 0xF0, 0x00, 0xF1, 0x1F, 0x01, 0xF0, 0x00, 0x00, 0x01
    .byte   0xF0, 0x00,    0, 0x00, 0x00, 0x10, 0xF0, 0x1F, 0x0F, 0x10, 0x0F, 0x10, 0x1F, 0x1F, 0x00, 0x00
    .byte   0x0F, 0x11, 0xF0, 0x00, 0x00, 0x0F, 0x10, 0x1F, 0x00, 0x00, 0xF1, 0x1F, 0x00, 0x00, 0x00, 0xF0
    .byte   0x10, 0x00, 0x00,    0, 0x00, 0x00, 0x00, 0x0F, 0x11, 0xFF, 0x10, 0xF1, 0x1F, 0x00, 0xF0, 0x10
    .byte   0x1F, 0x01, 0xF1, 0xF0, 0x00, 0x00, 0x00, 0x1F, 0x01, 0xF0, 0x01, 0xF0, 0x0F, 0x10, 0x1F, 0xF1
    .byte   0xF1, 0x00, 0x00, 0x00,    0, 0x00, 0x0F, 0x10, 0x00, 0x10, 0xF0, 0xF1, 0x00, 0x00, 0xF1, 0x00
    .byte   0x0F, 0x10, 0x0F, 0x01, 0x00, 0x0F, 0x10, 0x00, 0x00, 0x0F, 0x01, 0x10, 0xF0, 0xF1, 0xF1, 0x1F
    .byte   0x01, 0xF0, 0x0F, 0x10, 0x00,    0, 0x00, 0x00, 0x0F, 0x10, 0x1F, 0x00, 0xF1, 0x0F, 0x10, 0x00
    .byte   0x0F, 0x10, 0x0F, 0x10, 0x00, 0x0F, 0x01, 0x00, 0x0F, 0x11, 0xF0, 0x00, 0x00, 0x00, 0x00, 0x00
    .byte   0x10, 0xF0, 0x00, 0x00, 0x00, 0x0F,    0, 0x00, 0x1F, 0x00, 0x01, 0xF0, 0x00, 0x00, 0x00, 0xF1
    .byte   0x00, 0x01, 0xF0, 0x00, 0x00, 0x0F, 0x10, 0x00, 0x00, 0x1F, 0x00, 0x1F, 0x00, 0x00, 0x1F, 0x00
    .byte   0xF1, 0x00, 0x00, 0x00, 0x00, 0x00, 0x00

    .end
