    .section .rodata
    .global Chapter_02_Line_0007_Compressed
    .align  2

Chapter_02_Line_0007_Compressed:

    .byte   0x1, 0x0, 0x0, 0x0
    .word   0x00D10C00  @ Mid-C ~13379.000000
    .word   0, 65995

    .byte     -5, 0x01, 0x31, 0xD0, 0x12, 0x11, 0xEE, 0x3E, 0xF0, 0x0E, 0xF3, 0xEE, 0x12, 0x1E, 0x10, 0x02
    .byte   0xFE, 0x12, 0xE2, 0xEE, 0x3F, 0xE1, 0xF1, 0x2D, 0x20, 0x02, 0xEE, 0x22, 0x00, 0xDF, 0x4E, 0xC2
    .byte   0x32,    1, 0x0E, 0x13, 0xED, 0x22, 0xFE, 0xF1, 0x3E, 0xD3, 0xFF, 0x2E, 0xE1, 0x3E, 0xD3, 0x02
    .byte   0xEE, 0x2F, 0x2D, 0x1E, 0x14, 0xC0, 0x23, 0xEE, 0xE2, 0x3D, 0xE1, 0x30, 0xD0, 0x23, 0xDE, 0x3E
    .byte   0x0F, 0xFF,    3, 0x0F, 0xE1, 0x2E, 0xE1, 0x3F, 0xD0, 0x23, 0xFC, 0x14, 0xED, 0x11, 0x4D, 0xC3
    .byte   0x4D, 0xDF, 0x32, 0xDE, 0x32, 0xDE, 0x22, 0x1D, 0x11, 0x3E, 0xD3, 0x2E, 0xE0, 0x3E, 0xD1, 0x32
    .byte   0xD2, 0xE3, 0x1D,    0, 0x00, 0x2D, 0x12, 0x2E, 0xC4, 0x2D, 0x2F, 0x1F, 0x2F, 0x01, 0x02, 0xD3
    .byte   0x1D, 0x10, 0x2E, 0xE2, 0x2E, 0xE3, 0xFE, 0xE3, 0x1C, 0x24, 0xDD, 0x33, 0xDD, 0x33, 0xDE, 0x22
    .byte   0xFD, 0x32, 0xC2, 0x4C,   -4, 0x02, 0xF1, 0xD2, 0x4D, 0xC4, 0x3C, 0xF4, 0xED, 0x03, 0xEE, 0xE3
    .byte   0xFD, 0x21, 0x12, 0x1D, 0x20, 0x21, 0xEE, 0x2F, 0x21, 0xD3, 0xD2, 0x3E, 0xE1, 0xF1, 0x1E, 0xE2
    .byte   0x3D, 0xD4, 0x2C, 0xF3, 0x1D,    1, 0x02, 0xEE, 0x21, 0x2E, 0xD4, 0xDF, 0xF3, 0xED, 0x11, 0x3D
    .byte   0xE2, 0x2E, 0xF3, 0xD2, 0xF0, 0x3D, 0x22, 0xFD, 0x32, 0xC4, 0xEC, 0x31, 0xEE, 0x30, 0xEE, 0x33
    .byte   0xDC, 0x35, 0xBD, 0x52, 0xEB, 0x44,    3, 0x0C, 0x44, 0xBE, 0x32, 0xED, 0x4D, 0x02, 0xFD, 0x32
    .byte   0xD3, 0xE3, 0xED, 0x32, 0xC0, 0x4E, 0xDE, 0x24, 0xB1, 0x5C, 0xE1, 0x4D, 0xD3, 0x2D, 0x04, 0xDC
    .byte   0x44, 0xBE, 0x40, 0xCE, 0x50, 0xB0, 0x6B,  -11, 0x05, 0xDD, 0xE2, 0x4D, 0xD3, 0xFE, 0x2E, 0x21
    .byte   0xD1, 0x23, 0xDD, 0x30, 0xE2, 0x2D, 0x23, 0xC3, 0x3E, 0xED, 0x4F, 0xDE, 0x40, 0xB4, 0x2E, 0xFE
    .byte   0x3D, 0xF3, 0x1C, 0x33, 0xDF, 0x23, 0xDD, 0x33,   -1, 0x0E, 0x4D, 0xD3, 0x10, 0xDE, 0x40, 0xC3
    .byte   0x11, 0x1D, 0x32, 0xDF, 0x4D, 0xC4, 0x2D, 0xE3, 0x1D, 0x03, 0xD2, 0x2E, 0x02, 0x1D, 0x21, 0x1E
    .byte   0x03, 0xC3, 0x3D, 0xF0, 0x11, 0xFE, 0xF4, 0xC1, 0x32,    4, 0x0D, 0x32, 0xC3, 0x2E, 0xFE, 0x3D
    .byte   0x13, 0xC0, 0x42, 0xB1, 0x5D, 0xD3, 0x3C, 0x13, 0x1D, 0x13, 0xED, 0x14, 0xCE, 0x31, 0xFE, 0xF2
    .byte   0xF3, 0xED, 0x31, 0xED, 0x33, 0xDC, 0x53, 0xCD, 0x41, 0xC3,    0, 0x0E, 0x22, 0xD0, 0x22, 0xEF
    .byte   0x2E, 0x3C, 0x22, 0xE3, 0xE1, 0xD3, 0x3C, 0x14, 0x0B, 0x44, 0xB2, 0x3F, 0xDE, 0x4D, 0xD3, 0x2E
    .byte   0xD3, 0x2E, 0x0F, 0x02, 0x3D, 0xC4, 0x2E, 0xE2, 0x1D, 0x33, 0xDD,    2, 0x0F, 0xD3, 0xED, 0x33
    .byte   0x0C, 0x33, 0xEC, 0x34, 0xB3, 0x4D, 0xC4, 0x2C, 0x04, 0xEC, 0x05, 0xDB, 0x52, 0xC2, 0x4D, 0xC5
    .byte   0xFC, 0xF4, 0xFC, 0x23, 0xD1, 0x1E, 0xE3, 0x1D, 0x23, 0xEF, 0xF2, 0x12,    3, 0x0E, 0x2F, 0xEF
    .byte   0x31, 0xC2, 0x20, 0xF1, 0x3C, 0x04, 0xFC, 0x24, 0xC0, 0x3F, 0xE1, 0x2D, 0x32, 0xC3, 0x2E, 0xD2
    .byte   0x4C, 0xD4, 0x2D, 0xE2, 0x3D, 0x03, 0xDF, 0x3D, 0xD4, 0x2C, 0x23, 0xE2, 0xD3,    2, 0x0E, 0x21
    .byte   0xE2, 0x2D, 0x03, 0x0D, 0xE4, 0xEC, 0x04, 0xED, 0x3E, 0xE3, 0xFD, 0x23, 0xEE, 0xE4, 0x1C, 0x13
    .byte   0xEF, 0xE2, 0x2D, 0x22, 0x0E, 0xE2, 0x2D, 0x23, 0xDD, 0x4F, 0xD2, 0x3E, 0xD2, 0x20,   -6, 0x02
    .byte   0x3D, 0xE4, 0xED, 0x02, 0x1F, 0xE2, 0xFE, 0x21, 0xF2, 0xEE, 0x3D, 0x20, 0xE2, 0x1E, 0x20, 0xF0
    .byte   0x1F, 0xF0, 0x1F, 0xE3, 0x0F, 0xE2, 0x2D, 0x12, 0xFE, 0x02, 0xFE, 0x20, 0xE1, 0x2F, 0xE0,    2
    .byte   0x00, 0xD2, 0x2F, 0xFF, 0x02, 0x1E, 0xF3, 0xED, 0x23, 0xED, 0x13, 0xEF, 0x21, 0xE0, 0x00, 0x01
    .byte   0x0E, 0x02, 0x0E, 0x02, 0x2D, 0xF3, 0xEE, 0x12, 0xFF, 0x0F, 0x11, 0x11, 0xE2, 0x2E, 0xE0, 0x3E
    .byte     -7, 0x02, 0x2F, 0xE1, 0x21, 0xD2, 0x2E, 0x02, 0xE1, 0x20, 0xE0, 0x30, 0xD0, 0x3E, 0xEF, 0x2F
    .byte   0xE1, 0x2E, 0x02, 0xEE, 0x22, 0xE0, 0x2F, 0xF0, 0x10, 0xF1, 0x2E, 0xF2, 0x1E, 0xF2, 0xFE, 0xF2
    .byte   0x2D,   -4, 0x03, 0xEE, 0xE1, 0x2F, 0xF0, 0x10, 0x10, 0x02, 0x0E, 0x01, 0x2E, 0xE3, 0x0E, 0x12
    .byte   0xFE, 0x22, 0xEE, 0x21, 0xEF, 0x20, 0xE0, 0x20, 0xE1, 0x1F, 0xE2, 0xFE, 0x11, 0x1E, 0x00, 0x2E
    .byte   0xF1, 0xFF,   -6, 0x00, 0xF0, 0x1F, 0x1E, 0x22, 0xEF, 0x12, 0xE1, 0x21, 0x10, 0x21, 0xF2, 0x11
    .byte   0x12, 0x10, 0x02, 0x0F, 0x01, 0xFF, 0x0F, 0xF0, 0xE0, 0xE0, 0xEE, 0xEF, 0xEE, 0xEE, 0x0E, 0xEE
    .byte   0x00, 0xEE, 0xF2,  -42, 0x0E, 0x02, 0xFF, 0x22, 0x31, 0x33, 0x23, 0x40, 0x33, 0x23, 0x13, 0x3F
    .byte   0x13, 0x0E, 0xEF, 0xFC, 0xDE, 0xDD, 0xDD, 0xED, 0xEE, 0xD0, 0xFE, 0xFF, 0x0F, 0xE0, 0x2F, 0xE1
    .byte   0xFE, 0xDE, 0xED, 0xEF,  -79, 0x02, 0x3F, 0x24, 0x33, 0x14, 0x53, 0xF5, 0x43, 0x23, 0x32, 0x22
    .byte   0xEE, 0xED, 0xDC, 0xEC, 0xCD, 0xDD, 0xDD, 0x11, 0xD2, 0x2F, 0x11, 0x21, 0x12, 0x1E, 0x01, 0xFD
    .byte   0xEE, 0xDC, 0xDD, 0xDD, 0xD2,  -89, 0x0D, 0x44, 0x33, 0x34, 0x54, 0x25, 0x44, 0x33, 0x32, 0xF1
    .byte   0xFE, 0xFD, 0xCD, 0xCC, 0xCC, 0x0C, 0xCE, 0xE0, 0xEF, 0x32, 0xE3, 0x22, 0x21, 0x20, 0xF1, 0x0E
    .byte   0xDE, 0xDC, 0xDD, 0xCD, 0xC1, 0x21,  -97, 0x04, 0x24, 0x32, 0x64, 0x34, 0x54, 0x43, 0x32, 0x02
    .byte   0xFF, 0xED, 0xFC, 0xCD, 0xBD, 0xCC, 0xDD, 0xD2, 0xD0, 0x30, 0x22, 0x13, 0x22, 0x21, 0x11, 0x0D
    .byte   0xEE, 0xDC, 0xCD, 0xDD, 0xCD, 0x4D, 0x14,  -79, 0x04, 0x14, 0x54, 0x35, 0x45, 0x34, 0x32, 0x22
    .byte   0xFE, 0x0D, 0xDD, 0xDD, 0xBC, 0xDC, 0xCC, 0x0F, 0xD0, 0x22, 0x22, 0x13, 0x23, 0x11, 0x21, 0xFD
    .byte   0xEE, 0xCC, 0xEC, 0xCD, 0xCF, 0x3D, 0x24, 0x33,  -65, 0x04, 0x54, 0x35, 0x54, 0x43, 0x33, 0x12
    .byte   0xFE, 0xFD, 0xDD, 0xDC, 0xCC, 0xCD, 0xCC, 0x0E, 0xE0, 0x22, 0x21, 0x23, 0x23, 0x11, 0x20, 0xEE
    .byte   0xED, 0xCD, 0xDC, 0xCD, 0xDD, 0x3D, 0x34, 0xE4, 0x33,  -23, 0x03, 0x45, 0x54, 0x43, 0x33, 0x02
    .byte   0xFF, 0xED, 0xDD, 0xDD, 0xBC, 0xDC, 0xCD, 0xD1, 0xEE, 0x31, 0x13, 0x03, 0x31, 0x12, 0x20, 0xFD
    .byte   0xED, 0xCD, 0xCC, 0xDD, 0xC2, 0x1E, 0x42, 0x24, 0x25, 0x53,   11, 0x05, 0x45, 0x33, 0x40, 0x12
    .byte   0xE1, 0xDD, 0xDD, 0xDC, 0xBC, 0xEC, 0xCE, 0xEE, 0xE1, 0x31, 0x23, 0x13, 0x21, 0x21, 0x2F, 0xDE
    .byte   0xDD, 0xCD, 0xCC, 0xDC, 0xE3, 0xE0, 0x40, 0x43, 0x35, 0x53, 0x45,   62, 0x04, 0x43, 0x3F, 0x12
    .byte   0xEE, 0xDD, 0xDD, 0xDB, 0xCD, 0xCC, 0xDE, 0xFE, 0xE3, 0x3F, 0x22, 0x33, 0xF2, 0x10, 0x1E, 0xDD
    .byte   0xEC, 0xDC, 0xCD, 0xDC, 0x13, 0xD3, 0x41, 0x43, 0x45, 0x34, 0x55, 0x43,   96, 0x03, 0x22, 0x1F
    .byte   0xEE, 0xDC, 0xDD, 0xDB, 0xCE, 0xCD, 0xDE, 0x1E, 0xF3, 0x21, 0x23, 0x22, 0x21, 0x10, 0xFE, 0xDD
    .byte   0xDC, 0xCD, 0xCD, 0xDD, 0x3E, 0xE4, 0x24, 0x33, 0x55, 0x34, 0x54, 0x43, 0x33,  111, 0x01, 0x1E
    .byte   0xED, 0xDC, 0xED, 0xBC, 0xDD, 0xCD, 0xD2, 0xFE, 0x23, 0x22, 0x23, 0x22, 0x11, 0x11, 0xED, 0xDD
    .byte   0xDC, 0xCD, 0xCD, 0xDF, 0x3D, 0x14, 0x34, 0x14, 0x63, 0x35, 0x54, 0x33, 0x42, 0x01,  111, 0x0E
    .byte   0xED, 0xCE, 0xDC, 0xBC, 0x0C, 0xCD, 0xF2, 0xEE, 0x33, 0x12, 0x23, 0x3F, 0x11, 0x0F, 0xED, 0xEC
    .byte   0xDC, 0xCD, 0xCE, 0xC3, 0x2D, 0x43, 0x34, 0x25, 0x53, 0x44, 0x54, 0x33, 0x32, 0x01, 0xEE,   97
    .byte   0x0D, 0xCD, 0xDC, 0xBD, 0xDD, 0xCE, 0x12, 0xE0, 0x33, 0x22, 0x23, 0x3E, 0x00, 0x1E, 0xDD, 0xDD
    .byte   0xCC, 0xDD, 0xCD, 0xD3, 0x0E, 0x43, 0x34, 0x35, 0x53, 0x45, 0x43, 0x33, 0x33, 0xEF, 0xEE, 0xEC
    .byte     66, 0x0D, 0xDC, 0xBD, 0xEC, 0xDE, 0x12, 0x11, 0x33, 0x31, 0x23, 0x21, 0x0E, 0xEE, 0xDD, 0xDC
    .byte   0xDD, 0xBD, 0xDE, 0xD1, 0x3E, 0x34, 0x34, 0x34, 0x63, 0x35, 0x44, 0x33, 0x32, 0xE1, 0xDE, 0xEC
    .byte   0xDC,   40, 0x0D, 0xBD, 0xDD, 0xDE, 0x12, 0x11, 0x33, 0x32, 0x13, 0x22, 0xFE, 0x0E, 0xCD, 0xED
    .byte   0xCC, 0xCE, 0xCD, 0xED, 0x4F, 0x14, 0x34, 0x43, 0x55, 0x34, 0x44, 0x41, 0x33, 0xF0, 0xDF, 0xDD
    .byte   0xDC, 0xCD,   17, 0x0C, 0xCE, 0xDE, 0xD3, 0x22, 0x13, 0x33, 0x22, 0x31, 0x1F, 0xEE, 0xDD, 0xEC
    .byte   0xDC, 0xCD, 0xDC, 0xEE, 0xE3, 0x21, 0x44, 0x44, 0x35, 0x53, 0x44, 0x34, 0x30, 0x22, 0xEE, 0xCE
    .byte   0xDD, 0xCB, 0xEE,   -4, 0x0C, 0xEE, 0x1D, 0x03, 0x32, 0x23, 0x33, 0x20, 0x22, 0xFD, 0xED, 0xDD
    .byte   0xCD, 0xDC, 0xCD, 0xDE, 0xDE, 0x14, 0x13, 0x44, 0x54, 0x35, 0x53, 0x34, 0x42, 0x10, 0x2E, 0xED
    .byte   0xCE, 0xDC, 0xCC, 0xDE,  -18, 0x0D, 0xFE, 0x2F, 0xF4, 0x23, 0x30, 0x43, 0xE2, 0xF1, 0xFC, 0xDD
    .byte   0xDC, 0xCD, 0xEC, 0xCE, 0xDE, 0xEE, 0x33, 0x33, 0x44, 0x54, 0x44, 0x53, 0x33, 0x33, 0x2E, 0xE0
    .byte   0xED, 0xCC, 0x0C, 0xDC, 0xC2,  -14, 0x0D, 0xEF, 0x32, 0xF3, 0x33, 0x23, 0x22, 0x12, 0x0D, 0xDE
    .byte   0xDD, 0xBE, 0xEC, 0xCC, 0x0E, 0xDD, 0x22, 0xEE, 0x35, 0x33, 0x45, 0x53, 0x26, 0x41, 0x22, 0x40
    .byte   0xC1, 0x1E, 0xCC, 0x1D, 0xCD, 0xCE,   -7, 0x0D, 0xEF, 0xF3, 0x12, 0x33, 0x23, 0x23, 0x2E, 0x2E
    .byte   0xDD, 0xDD, 0xCC, 0xDE, 0xCC, 0xDE, 0xED, 0x11, 0xF2, 0x13, 0x44, 0x34, 0x45, 0x5E, 0x45, 0x32
    .byte   0xD2, 0x4E, 0xCE, 0x0E, 0xCD, 0xED, 0xCE,    2, 0x0E, 0xEE, 0x10, 0x12, 0x32, 0x23, 0x31, 0x12
    .byte   0x0F, 0xED, 0xED, 0xCD, 0xDC, 0xCD, 0xFD, 0xDE, 0xE1, 0x1E, 0x03, 0x21, 0x25, 0x42, 0x44, 0x54
    .byte   0xF3, 0x52, 0xEE, 0x23, 0xDC, 0x10, 0xDD, 0xEE,   25, 0x0C, 0x2E, 0xED, 0xE3, 0x2E, 0x13, 0x32
    .byte   0xF2, 0x30, 0xEE, 0xE1, 0xCD, 0xED, 0xDC, 0xDE, 0xDD, 0xD2, 0xEE, 0x11, 0x20, 0xF3, 0x22, 0x34
    .byte   0x43, 0x34, 0x51, 0xF3, 0x42, 0xED, 0x23, 0xDD, 0xFE,   44, 0x0D, 0xFE, 0xDE, 0xF1, 0xDD, 0x23
    .byte   0xEE, 0x23, 0x2E, 0x23, 0xE0, 0xE0, 0xED, 0xED, 0xDD, 0xDD, 0xFD, 0xDE, 0x1F, 0x0E, 0x02, 0x01
    .byte   0x21, 0x12, 0x13, 0x43, 0x23, 0x35, 0x2E, 0x33, 0x30, 0xE1,   59, 0x0F, 0xEF, 0xFE, 0xD2, 0xED
    .byte   0xED, 0x3E, 0xC1, 0x22, 0xEE, 0x22, 0x2E, 0x2E, 0x10, 0xD0, 0xDE, 0xFD, 0xDE, 0xEE, 0xEE, 0xEF
    .byte   0xF0, 0x1F, 0xE2, 0x20, 0x0E, 0x23, 0xFE, 0x44, 0x02, 0x15, 0x4D,   27, 0x04, 0x30, 0xD2, 0x31
    .byte   0xD0, 0x2E, 0xEE, 0x10, 0xCE, 0x2E, 0xDD, 0x21, 0xEE, 0x23, 0xEF, 0x22, 0xEF, 0xFE, 0xED, 0xF1
    .byte   0xDD, 0xE0, 0xFE, 0xD0, 0x10, 0xE0, 0x0F, 0x01, 0x1E, 0xE2, 0x3E, 0xE2,  -20, 0x03, 0x01, 0x35
    .byte   0x3D, 0x24, 0x31, 0xEF, 0x32, 0xD2, 0xEE, 0xEE, 0xFE, 0xCE, 0xF0, 0xEC, 0x03, 0x00, 0xE1, 0x32
    .byte   0xF1, 0xEF, 0x2E, 0xED, 0xEF, 0xFD, 0xDF, 0x10, 0xDE, 0xF2, 0x0E, 0xE1, 0x21,  -41, 0x0E, 0xE2
    .byte   0x11, 0xF1, 0x24, 0x4E, 0x31, 0x54, 0xD1, 0x34, 0x2E, 0xE1, 0x3D, 0xEE, 0xD1, 0xD1, 0xDD, 0xEE
    .byte   0x3D, 0xDF, 0x23, 0xE1, 0x12, 0x3F, 0x1E, 0xE2, 0x0E, 0xCE, 0x11, 0xEC, 0x01, 0x2F,  -33, 0x0F
    .byte   0xF3, 0xEE, 0xEF, 0x3E, 0xFE, 0xE2, 0xD1, 0x2E, 0x01, 0x44, 0x3E, 0x35, 0x41, 0xE2, 0x42, 0xFE
    .byte   0xE2, 0xE1, 0xDD, 0xDE, 0x2D, 0xDC, 0x23, 0x1D, 0xE2, 0x32, 0x01, 0x21, 0x22, 0x1E, 0xC2,   14
    .byte   0x0E, 0xCD, 0xF2, 0xEC, 0x02, 0x10, 0xEF, 0x21, 0xF0, 0xFE, 0xFF, 0x3D, 0xDE, 0x02, 0xED, 0x23
    .byte   0x23, 0x43, 0x33, 0x35, 0x10, 0x23, 0x2E, 0xD0, 0x1D, 0xEE, 0xDE, 0xDF, 0xFE, 0xDF, 0x22, 0x2E
    .byte      7, 0x03, 0x30, 0x01, 0x20, 0xEF, 0xFD, 0xDD, 0x0E, 0xDD, 0xE2, 0x1E, 0xF1, 0x21, 0x11, 0x00
    .byte   0xF1, 0x0D, 0xE0, 0xEE, 0xED, 0x1E, 0xE2, 0x13, 0x22, 0x54, 0x34, 0x24, 0x4F, 0xE2, 0x1E, 0xED
    .byte   0xEE,   28, 0x0F, 0xDE, 0xEE, 0x01, 0xEF, 0x22, 0x31, 0xF2, 0x22, 0x2F, 0xEE, 0xE0, 0xED, 0xDD
    .byte   0xFF, 0xEE, 0xD2, 0x12, 0x0E, 0x22, 0x21, 0xE0, 0xE1, 0x0E, 0xDD, 0xEF, 0x0D, 0xDF, 0x03, 0xFD
    .byte   0x33, 0x42,  -13, 0x04, 0x43, 0x24, 0x32, 0xEE, 0x1E, 0xED, 0xD1, 0xDE, 0x1F, 0xEF, 0xE3, 0x2E
    .byte   0x11, 0x23, 0xE1, 0x1E, 0xE2, 0xFE, 0xDD, 0x02, 0xDE, 0xD2, 0x0E, 0x21, 0x1F, 0x21, 0x2F, 0xEF
    .byte   0x0E, 0xE1, 0xDE,  -34, 0x0F, 0x1D, 0xEE, 0xF0, 0x10, 0x01, 0x12, 0x33, 0x21, 0x44, 0x33, 0x12
    .byte   0x33, 0xEF, 0xDF, 0xFE, 0xFD, 0xEF, 0x12, 0xFE, 0xE3, 0x20, 0x0E, 0x1F, 0x12, 0xE0, 0xD1, 0x2F
    .byte   0xDE, 0xF1, 0xEE, 0xE1,   -9, 0x01, 0x21, 0x00, 0xE3, 0x1E, 0xFF, 0xF1, 0xDE, 0x0D, 0xFE, 0xEE
    .byte   0xEE, 0x11, 0x0E, 0xF2, 0x21, 0x2F, 0x11, 0x33, 0x22, 0x43, 0x3F, 0x13, 0x3E, 0xE1, 0xD0, 0xE0
    .byte   0xFF, 0xE2, 0x2E, 0x2F, 0x2F,   25, 0x00, 0xF0, 0xEF, 0xFF, 0xFE, 0xF2, 0x0E, 0xEF, 0x10, 0xE0
    .byte   0xE1, 0x10, 0xF1, 0x0F, 0x01, 0xFE, 0xE0, 0x0E, 0xEE, 0xFF, 0xEE, 0xFE, 0xFE, 0x12, 0xE0, 0xF1
    .byte   0x21, 0x1F, 0xE2, 0x22, 0x3E, 0x33,   17, 0x00, 0x21, 0x33, 0xE1, 0xE1, 0xD1, 0xE1, 0x1D, 0x22
    .byte   0x10, 0xE2, 0x2E, 0xE1, 0x1F, 0xEE, 0x11, 0xEF, 0x0E, 0x2F, 0xE1, 0x0F, 0x01, 0x0E, 0xFF, 0x2F
    .byte   0xFE, 0xE2, 0xFE, 0xF0, 0xEF, 0xFE, 0xFE,  -28, 0x01, 0xE0, 0xEE, 0xF2, 0xFF, 0xF1, 0x02, 0xE1
    .byte   0x2E, 0x21, 0x33, 0x02, 0x44, 0x01, 0xF3, 0x3E, 0xEF, 0x0E, 0xE0, 0x11, 0xD2, 0x22, 0xEE, 0x22
    .byte   0x1D, 0x2F, 0xFE, 0xE2, 0xEE, 0xE2, 0xF0, 0xFF,    9, 0x0F, 0x01, 0x0F, 0x0E, 0x2F, 0xF0, 0xE1
    .byte   0xEF, 0x0E, 0xFE, 0xFF, 0xFE, 0xEE, 0xE0, 0xFF, 0xEE, 0x21, 0x10, 0xFF, 0x1F, 0xF0, 0x11, 0x0E
    .byte   0x24, 0x23, 0xE4, 0x41, 0x1F, 0x33, 0xED, 0xF1, 0xE0,   21, 0x01, 0x1E, 0x13, 0x1E, 0xF0, 0x2F
    .byte   0xE0, 0x2E, 0xDF, 0x12, 0xDE, 0x02, 0xFE, 0x02, 0x1E, 0x01, 0x1F, 0xE1, 0x0F, 0xEF, 0x11, 0xEE
    .byte   0x11, 0xFE, 0xE0, 0x0E, 0x0E, 0xFE, 0xF0, 0xFE, 0x01, 0x0F,  -37, 0x00, 0x20, 0xEF, 0xF3, 0xFF
    .byte   0xF2, 0x33, 0x31, 0x33, 0x22, 0xE2, 0x3E, 0xFE, 0xEE, 0x20, 0x20, 0xE2, 0x11, 0x0F, 0x0F, 0x0F
    .byte   0x01, 0xEE, 0xF1, 0x0E, 0xFE, 0x1F, 0x20, 0xE0, 0x12, 0xFE, 0xFF,    6, 0x0E, 0xF0, 0xFE, 0xF0
    .byte   0x10, 0xEF, 0x0F, 0xFE, 0xFE, 0xE0, 0x0F, 0xEE, 0x02, 0x0F, 0xFE, 0xE1, 0x12, 0x1E, 0xE1, 0x33
    .byte   0x0E, 0x13, 0x32, 0x23, 0x30, 0x00, 0x22, 0xFE, 0x10, 0x0F, 0x02, 0x2E,   22, 0x02, 0x11, 0xE1
    .byte   0x0E, 0xF1, 0x2E, 0xEE, 0xF2, 0xFF, 0x0E, 0xE0, 0x21, 0x0E, 0xF0, 0x01, 0x1F, 0xFE, 0xE1, 0xF0
    .byte   0xFE, 0xF0, 0x11, 0x0F, 0xEE, 0x0E, 0xE0, 0xFF, 0xEE, 0x21, 0xEF, 0xF1, 0x0E,  -35, 0x02, 0xF0
    .byte   0x11, 0x2F, 0xF3, 0x02, 0x12, 0x32, 0x23, 0x30, 0xE1, 0x13, 0xEE, 0xEF, 0x0E, 0x32, 0x0D, 0xF2
    .byte   0x22, 0xEF, 0xEE, 0x02, 0x2E, 0xED, 0x21, 0xF0, 0x00, 0xE0, 0x12, 0x1E, 0xEF, 0x01,    6, 0x0F
    .byte   0xFE, 0xE0, 0x21, 0xFE, 0xE0, 0x0F, 0xFF, 0xEE, 0xFF, 0x1F, 0x1E, 0xEF, 0x00, 0xFF, 0x01, 0xE1
    .byte   0x01, 0x20, 0x12, 0xFE, 0x22, 0x30, 0xF2, 0x31, 0x24, 0x3F, 0xDE, 0x13, 0x0E, 0x0E, 0xEF,   19
    .byte   0x03, 0x2D, 0xE2, 0x12, 0xE2, 0xFD, 0xE0, 0x30, 0xED, 0xF1, 0x01, 0x11, 0xEE, 0x02, 0x2E, 0xEF
    .byte   0xFE, 0x11, 0x2E, 0xEE, 0x12, 0x2E, 0x0E, 0xEE, 0x22, 0xEE, 0xEE, 0x21, 0xFF, 0xEE, 0xE1, 0x21
    .byte    -27, 0x0E, 0xE1, 0x22, 0x1F, 0x1E, 0x12, 0x21, 0x01, 0x12, 0x23, 0x20, 0x33, 0x20, 0xEF, 0x10
    .byte   0xF1, 0xFE, 0xE2, 0x23, 0xEE, 0x00, 0x1F, 0x0F, 0xEE, 0xF1, 0x12, 0xEE, 0xFE, 0x12, 0x01, 0xEE
    .byte   0x21,   10, 0x01, 0xEE, 0xE1, 0x11, 0xF0, 0xEE, 0x21, 0x20, 0xEE, 0xFF, 0x0F, 0xFE, 0xEF, 0x02
    .byte   0x00, 0xEF, 0xFF, 0x1F, 0xEE, 0xF0, 0x12, 0x10, 0xF1, 0x22, 0x0F, 0xE2, 0x02, 0x32, 0x2F, 0x04
    .byte   0x3F, 0xEE,   16, 0x02, 0xF0, 0x2E, 0xEE, 0x23, 0x2E, 0xEE, 0x2F, 0x02, 0xEE, 0xD1, 0x22, 0x0E
    .byte   0xFE, 0xE1, 0x32, 0xFD, 0xE1, 0x22, 0xFE, 0xEE, 0x12, 0x20, 0xEE, 0xE1, 0x22, 0xFE, 0xEE, 0x02
    .byte   0x0F, 0xEE, 0xE1,  -16, 0x0F, 0x0E, 0x0E, 0xE2, 0x10, 0xFF, 0x01, 0xF1, 0x02, 0x0F, 0x01, 0x12
    .byte   0x21, 0xF0, 0x23, 0x21, 0x23, 0x1E, 0x10, 0x2F, 0xE1, 0x2E, 0xE1, 0x22, 0x0E, 0x02, 0xEF, 0x01
    .byte   0x0D, 0xF1, 0x2F, 0xE1,   10, 0x0E, 0xE2, 0x21, 0xEE, 0x11, 0xF0, 0x12, 0xEE, 0xF2, 0xFF, 0xF1
    .byte   0x0F, 0xE2, 0x10, 0xEE, 0xF1, 0x1F, 0x0F, 0xEE, 0x01, 0x0E, 0xF0, 0xFE, 0x0F, 0x01, 0x00, 0x1F
    .byte   0x00, 0x21, 0x2F, 0xFF, 0xF2,  -13, 0x02, 0x20, 0x21, 0x13, 0x32, 0xEE, 0xE2, 0xF1, 0x2F, 0xEE
    .byte   0x12, 0x30, 0xEF, 0xE0, 0x02, 0x1E, 0xEE, 0x12, 0x1F, 0xFE, 0xEF, 0x22, 0x1F, 0xEE, 0x02, 0x10
    .byte   0xFF, 0xEF, 0xF2, 0x2F, 0xEE, 0x01,    2, 0x01, 0xFE, 0xEE, 0x02, 0x1F, 0xEE, 0x11, 0x0F, 0xFE
    .byte   0xEF, 0x11, 0xFE, 0xF2, 0x01, 0x10, 0xFE, 0x23, 0x00, 0xE0, 0x12, 0x12, 0x22, 0xF0, 0x23, 0x20
    .byte   0x0E, 0x0F, 0x12, 0x1F, 0xEF, 0x12, 0x2F,   17, 0x0F, 0xFF, 0x02, 0xFE, 0xEF, 0x11, 0x20, 0x1E
    .byte   0xD1, 0x22, 0x1F, 0xEF, 0xFF, 0x22, 0x1D, 0xEF, 0x20, 0x21, 0xEE, 0xE0, 0x12, 0xFE, 0xEF, 0x01
    .byte   0x21, 0xEE, 0xEE, 0x10, 0xF0, 0xEF, 0xF2, 0x10,  -21, 0x00, 0xE0, 0x10, 0x10, 0x20, 0x21, 0x21
    .byte   0x11, 0xE2, 0x22, 0x11, 0x32, 0xFF, 0x00, 0x2E, 0xF1, 0x2E, 0xF0, 0x3F, 0xFE, 0xF2, 0xEE, 0x21
    .byte   0x0E, 0xF0, 0x20, 0xE0, 0xFF, 0xE1, 0x20, 0xFE, 0x01,    7, 0x0F, 0x02, 0xFE, 0xE1, 0x11, 0xE1
    .byte   0x00, 0xE1, 0x11, 0xFE, 0xF1, 0xF0, 0xFF, 0xFE, 0xFF, 0xFF, 0xFF, 0xF1, 0x10, 0xE0, 0x0E, 0x01
    .byte   0x21, 0xFF, 0x22, 0x0F, 0x02, 0x0F, 0xF2, 0x30, 0x11, 0x32,   12, 0x01, 0xF2, 0xEF, 0x12, 0x1E
    .byte   0x02, 0x20, 0xFF, 0x1E, 0xE0, 0x21, 0xEF, 0x01, 0x0F, 0x1F, 0xFE, 0xE2, 0x11, 0x0E, 0x0F, 0xF1
    .byte   0x2F, 0xFE, 0xF0, 0xF2, 0x00, 0xFE, 0xE2, 0x00, 0x0E, 0xFF, 0xF1,   -7, 0x01, 0xFE, 0x0E, 0x00
    .byte   0x0F, 0x0E, 0xFF, 0xF0, 0x21, 0xFE, 0xF1, 0x12, 0x22, 0x0D, 0xF0, 0x32, 0x21, 0x11, 0xF2, 0x32
    .byte   0xFE, 0xE1, 0x01, 0x22, 0x0E, 0xE2, 0x22, 0xF0, 0xEE, 0xE0, 0x31, 0xEE,    9, 0x01, 0x01, 0x21
    .byte   0xED, 0x01, 0x21, 0x1F, 0xFE, 0xE2, 0x22, 0xEE, 0xEF, 0x02, 0x21, 0xED, 0x02, 0x11, 0xFF, 0xEE
    .byte   0x01, 0x20, 0xEE, 0xEF, 0x00, 0x20, 0xEE, 0xF0, 0x10, 0x21, 0xEE, 0xE0, 0x32,  -10, 0x00, 0xFE
    .byte   0xE2, 0x22, 0x21, 0x00, 0x12, 0x32, 0xFE, 0xE1, 0x11, 0x22, 0xEE, 0x02, 0x22, 0xF0, 0xFD, 0xE2
    .byte   0x22, 0xEE, 0xF0, 0xF1, 0x21, 0xFD, 0xF0, 0x20, 0x10, 0xFE, 0xF1, 0x22, 0xEE, 0xEF,   -1, 0x01
    .byte   0x20, 0xFE, 0xE1, 0x22, 0x0E, 0xEE, 0xFF, 0x2F, 0xFE, 0xE0, 0x11, 0x10, 0xEF, 0xEF, 0x11, 0x0E
    .byte   0x02, 0x2F, 0x02, 0x0F, 0x0E, 0x21, 0x02, 0x12, 0x21, 0x12, 0x3E, 0x00, 0x1F, 0xF0, 0x22,   12
    .byte   0x01, 0x12, 0x00, 0x10, 0xFE, 0xE1, 0x2F, 0xF0, 0x0F, 0xE1, 0x20, 0xEE, 0x10, 0x00, 0x10, 0xFE
    .byte   0x12, 0x11, 0xFF, 0xEE, 0x02, 0x10, 0xEF, 0x0F, 0x01, 0x2E, 0xEE, 0xF0, 0x11, 0x0F, 0xEE, 0x12
    .byte    -11, 0x0F, 0xFE, 0xEF, 0x11, 0x20, 0xEF, 0x02, 0x20, 0x1F, 0xEF, 0x12, 0x22, 0x01, 0x11, 0x02
    .byte   0x21, 0x00, 0x1F, 0x1F, 0x22, 0x0E, 0x10, 0x21, 0x00, 0x0E, 0xF1, 0x11, 0xF0, 0x0E, 0x01, 0x1F
    .byte   0xFF,    7, 0x00, 0x02, 0x00, 0xEF, 0x01, 0x2F, 0xFF, 0xEE, 0x02, 0x10, 0xEF, 0xE1, 0x11, 0x10
    .byte   0xEE, 0xFF, 0x11, 0x0F, 0xEF, 0xF0, 0x00, 0xF0, 0xEF, 0x02, 0x00, 0x00, 0x10, 0x00, 0xFF, 0xF0
    .byte   0x12, 0x21,  -10, 0x01, 0xF2, 0x22, 0xF1, 0x21, 0x10, 0x10, 0x2E, 0x02, 0x00, 0xF0, 0x21, 0x0F
    .byte   0x10, 0xFE, 0x02, 0x0F, 0xE1, 0xF0, 0xF0, 0x10, 0xE0, 0x01, 0x11, 0x0F, 0xEF, 0x02, 0x0E, 0xF0
    .byte   0xE0, 0xF2, 0xF1,    1, 0x0F, 0xFF, 0x00, 0xFF, 0xFE, 0x00, 0x11, 0xEF, 0xFF, 0x10, 0x0F, 0x0E
    .byte   0xF1, 0x11, 0x0F, 0xF1, 0x11, 0x10, 0xFF, 0x02, 0x11, 0x11, 0xFF, 0x11, 0x22, 0x1F, 0x11, 0x22
    .byte   0x2F, 0xFE, 0xE2, 0x12,   14, 0x0F, 0xFF, 0xF2, 0x22, 0xFE, 0xEF, 0xF1, 0x21, 0x1E, 0xE0, 0x02
    .byte   0x10, 0xE0, 0xF0, 0x02, 0x0E, 0xEE, 0x01, 0x11, 0x1E, 0x0E, 0x02, 0x00, 0xFE, 0xFF, 0xF1, 0x0F
    .byte   0xFF, 0xF0, 0x00, 0xF0, 0xEF,  -15, 0x00, 0x10, 0x0F, 0xFF, 0xF1, 0x11, 0x0F, 0x00, 0x02, 0x10
    .byte   0x1F, 0xF1, 0x22, 0x00, 0xE0, 0x02, 0x22, 0x0E, 0xF1, 0x22, 0x21, 0xFE, 0xE1, 0x12, 0x2F, 0xEE
    .byte   0x12, 0x22, 0x1E, 0xEE, 0x12, 0x21,   16, 0x0E, 0xEE, 0x23, 0x2F, 0xEE, 0xE1, 0x12, 0x1E, 0xEE
    .byte   0xF1, 0x20, 0x0E, 0xEF, 0xF1, 0x11, 0xEE, 0xEF, 0x02, 0x10, 0xFE, 0xE2, 0x00, 0x00, 0xEF, 0xF0
    .byte   0x21, 0x00, 0xFF, 0x01, 0x11, 0x0F, 0xF0,  -14, 0x02, 0x12, 0x10, 0xEF, 0x21, 0x01, 0xFF, 0xF1
    .byte   0x22, 0x22, 0xEE, 0x0E, 0x22, 0x21, 0xEE, 0xF0, 0x22, 0x1F, 0xFE, 0xF2, 0x22, 0x1F, 0xEE, 0x11
    .byte   0x12, 0x1F, 0xEF, 0x01, 0x21, 0x10, 0xEE, 0xF2,   12, 0x0F, 0x0F, 0xEE, 0x00, 0x10, 0x0E, 0xF0
    .byte   0xE1, 0x1F, 0xFE, 0xFF, 0xF1, 0x01, 0xFF, 0xE0, 0x20, 0xFF, 0x0F, 0xF1, 0x11, 0x00, 0x01, 0x10
    .byte   0x10, 0x1F, 0x10, 0x2F, 0x00, 0x10, 0x12, 0x10, 0xFF,   -2, 0x00, 0x20, 0x0F, 0x00, 0x11, 0x21
    .byte   0x1F, 0x00, 0x1F, 0xFF, 0x1F, 0x00, 0x20, 0xF0, 0x21, 0x01, 0xF0, 0xFF, 0x01, 0x1F, 0xF1, 0x11
    .byte   0x01, 0x1F, 0xEF, 0x00, 0xFF, 0xF0, 0xFE, 0xF1, 0x0F, 0xFF,   -1, 0x0E, 0x00, 0x00, 0xEF, 0xFF
    .byte   0xF0, 0x00, 0xFF, 0x01, 0x00, 0x00, 0x0F, 0xF1, 0x01, 0x00, 0x11, 0x01, 0x11, 0x10, 0x01, 0x10
    .byte   0x0F, 0x01, 0x11, 0x11, 0x00, 0x02, 0x1F, 0x0F, 0xFF, 0x01, 0x21,    5, 0x0F, 0xFF, 0x02, 0x21
    .byte   0xFF, 0xE0, 0x00, 0x20, 0x0F, 0xF1, 0x12, 0x11, 0x0E, 0xF1, 0x11, 0x10, 0xE0, 0x01, 0x21, 0x0F
    .byte   0xEF, 0xF0, 0x00, 0xFE, 0xFE, 0x11, 0x10, 0xFE, 0xE1, 0x01, 0x00, 0xEE,  -14, 0x00, 0x11, 0x0F
    .byte   0x0F, 0xF0, 0x11, 0x10, 0xF0, 0x01, 0x10, 0xF1, 0xF1, 0x02, 0x1F, 0x11, 0x00, 0x11, 0x1F, 0xF1
    .byte   0x00, 0x11, 0x0F, 0x02, 0x00, 0x0F, 0xFF, 0x02, 0x01, 0x00, 0xF0, 0x11, 0x02,   10, 0x0F, 0x0E
    .byte   0xF0, 0x11, 0x10, 0x0F, 0x01, 0x21, 0x1F, 0xFF, 0xFF, 0x11, 0x1F, 0xFF, 0x00, 0x20, 0x10, 0xEE
    .byte   0x0F, 0x10, 0xFF, 0xEF, 0x11, 0x10, 0xFF, 0xEF, 0xF1, 0x10, 0x0E, 0xFF, 0x10, 0x10,  -10, 0x0F
    .byte   0xF1, 0x02, 0x11, 0xFE, 0xF0, 0x11, 0x10, 0xF0, 0x12, 0x02, 0x00, 0xEE, 0x10, 0x20, 0xF0, 0xF0
    .byte   0x02, 0x11, 0xFF, 0xFF, 0x02, 0x01, 0x0F, 0xFF, 0x02, 0x10, 0xF0, 0x00, 0x21, 0x1E, 0xFF,    2
    .byte   0x01, 0x12, 0x00, 0x01, 0x01, 0x00, 0x0E, 0x1F, 0x02, 0x0F, 0xFF, 0x00, 0x10, 0x0E, 0x0F, 0x01
    .byte   0x10, 0xF0, 0xEF, 0x11, 0x10, 0xEF, 0xF0, 0x11, 0x10, 0xE0, 0x01, 0x0F, 0xFF, 0xFF, 0x02, 0xF1
    .byte     -7, 0x01, 0x11, 0xF1, 0x0E, 0x0F, 0x10, 0x11, 0x11, 0x10, 0x01, 0xFF, 0xF0, 0x01, 0x01, 0x00
    .byte   0x01, 0x11, 0x10, 0xFF, 0x01, 0x00, 0x00, 0x00, 0x10, 0x20, 0x00, 0xFF, 0x0F, 0x11, 0x00, 0x00
    .byte   0x01,    6, 0x01, 0x00, 0xFF, 0xF0, 0x01, 0x0F, 0x0F, 0x01, 0x11, 0x1F, 0x0E, 0xF0, 0x01, 0x10
    .byte   0xFF, 0xF0, 0x01, 0x00, 0xFF, 0x01, 0x00, 0xFF, 0x0F, 0x10, 0x10, 0x00, 0xF0, 0x0F, 0xF0, 0x1F
    .byte   0x10, 0x11,   -2, 0x00, 0xFF, 0xF0, 0x10, 0x00, 0x01, 0x11, 0xF0, 0x0F, 0x0F, 0x11, 0x10, 0x0F
    .byte   0x01, 0xF1, 0x01, 0x00, 0xF1, 0x00, 0x11, 0xF0, 0xF1, 0x00, 0x1F, 0x1F, 0x01, 0x01, 0x00, 0x01
    .byte   0x0F, 0xF0, 0xF0,    0, 0x01, 0x10, 0x10, 0x00, 0xF1, 0xFF, 0xF0, 0x01, 0x01, 0x10, 0xFF, 0x0F
    .byte   0x10, 0x00, 0xFF, 0x1F, 0x11, 0x0F, 0xF0, 0x01, 0x00, 0x00, 0xFF, 0x10, 0x00, 0xF0, 0x01, 0x01
    .byte   0x0F, 0x00, 0x00, 0x10,    0, 0x0F, 0xFF, 0x02, 0x00, 0xFF, 0xF0, 0x11, 0x10, 0xFF, 0xF1, 0x01
    .byte   0x00, 0xF0, 0x01, 0x01, 0x0F, 0xF0, 0x10, 0x00, 0xF0, 0x11, 0x10, 0x00, 0xFF, 0xF0, 0x01, 0x00
    .byte   0x00, 0x11, 0x1F, 0x0F, 0x0F,   -1, 0x00, 0x01, 0x00, 0x01, 0x01, 0x00, 0xFF, 0x0F, 0x10, 0x10
    .byte   0xF0, 0x01, 0x00, 0xF0, 0x0F, 0x11, 0x00, 0xFF, 0x0F, 0x11, 0x11, 0xFF, 0xFF, 0x10, 0x11, 0xF0
    .byte   0xF0, 0x01, 0x0F, 0x00, 0xF1, 0x01,    1, 0x00, 0x0F, 0x0F, 0x1F, 0x00, 0x00, 0x00, 0x10, 0x1F
    .byte   0x1F, 0x10, 0x0F, 0xF0, 0xF0, 0x10, 0x10, 0x0F, 0x01, 0x01, 0xFF, 0x0F, 0x10, 0x01, 0x00, 0x0F
    .byte   0x11, 0x00, 0xFF, 0x00, 0x10, 0x01, 0x00,    1, 0x00, 0x1F, 0x0F, 0xF1, 0x10, 0xF1, 0xF0, 0x00
    .byte   0x11, 0x0F, 0x0F, 0x0F, 0x10, 0x00, 0xF1, 0x1F, 0x10, 0x00, 0x00, 0xF0, 0x0F, 0x01, 0x01, 0xF0
    .byte   0x10, 0x0F, 0x10, 0xF0, 0xF0, 0x00, 0x01, 0x00,    1, 0x0F, 0x1F, 0x00, 0x1F, 0xF0, 0xF0, 0x11
    .byte   0x00, 0x00, 0x00, 0x0F, 0x01, 0x00, 0xF0, 0x1F, 0x10, 0x0F, 0x00, 0x01, 0x01, 0x00, 0xF0, 0x00
    .byte   0xF1, 0x00, 0x01, 0xF0, 0x1F, 0x00, 0x00, 0x0F, 0x10,    1, 0x0F, 0x00, 0xF0, 0x11, 0x00, 0xF1
    .byte   0xF0, 0x1F, 0x00, 0x0F, 0x10, 0x10, 0x01, 0xFF, 0x00, 0x00, 0x00, 0xF1, 0xF1, 0x01, 0x0F, 0x0F
    .byte   0x1F, 0x10, 0x0F, 0x1F, 0x10, 0x1F, 0x1F, 0xF1, 0x00, 0x0F,    0, 0x0F, 0x00, 0x10, 0x00, 0xF1
    .byte   0x00, 0x1F, 0x1F, 0xF0, 0x01, 0x00, 0x00, 0x00, 0xF1, 0x1F, 0x0F, 0x01, 0x00, 0x10, 0xF1, 0xF0
    .byte   0x10, 0xF1, 0xF0, 0x00, 0x00, 0x00, 0x1F, 0x00, 0x00, 0x01, 0xF0,    0, 0x00, 0x00, 0x1F, 0x01
    .byte   0xF0, 0xF0, 0x11, 0xF1, 0x00, 0xF0, 0x01, 0xF0, 0x1F, 0x1F, 0x00, 0x01, 0xFF, 0x00, 0x10, 0x00
    .byte   0x00, 0xF0, 0x1F, 0x10, 0xF1, 0x00, 0xF0, 0x10, 0x00, 0x00, 0xF1, 0xF1,    0, 0x0F, 0x1F, 0x10
    .byte   0x01, 0xF0, 0x0F, 0x10, 0x1F, 0xF0, 0x10, 0x1F, 0x00, 0x10, 0xF0, 0xF0, 0x00, 0x1F, 0x10, 0x10
    .byte   0xF1, 0x0F, 0x00, 0xF1, 0x0F, 0x10, 0x00, 0x11, 0x0F, 0xF0, 0x00, 0x00, 0x00,    0, 0x00, 0x00
    .byte   0x00, 0x10, 0x0F, 0x1F, 0x00, 0x00, 0x01, 0xF0, 0xF1, 0x10, 0xF0, 0x0F, 0x10, 0x0F, 0x10, 0x00
    .byte   0x00, 0x10, 0xF0, 0x1F, 0xF1, 0xF1, 0xF1, 0x1F, 0x00, 0x0F, 0x10, 0x00, 0xF1, 0x00,    0, 0x0F
    .byte   0x00, 0x10, 0xF0, 0x01, 0x00, 0x00, 0xF1, 0x00, 0x00, 0x0F, 0x10, 0x00, 0x00, 0x00, 0x00, 0x00
    .byte   0x1F, 0x00, 0x01, 0xF1, 0xF0, 0x00, 0x00, 0x00, 0x00, 0x01, 0xF0, 0x00, 0xF1, 0x01, 0x0F,    0
    .byte   0x00, 0x10, 0x0F, 0xF1, 0x00, 0x00, 0x01, 0xF0, 0x1F, 0x00, 0x10, 0xF0, 0x01, 0x0F, 0x1F, 0x00
    .byte   0xF0, 0x10, 0xF1, 0xF0, 0x1F, 0x10, 0xF1, 0x00, 0xF0, 0x10, 0x00, 0xF1, 0x00, 0x00, 0xF1, 0xF1
    .byte     -1, 0x00, 0x10, 0x1F, 0x00, 0x0F, 0x01, 0xF1, 0x00, 0x00, 0x00, 0x00, 0x00, 0x0F, 0x01, 0x00
    .byte   0x0F, 0x01, 0xF0, 0x10, 0x01, 0xFF, 0x10, 0x00, 0x1F, 0xF1, 0xF1, 0x1F, 0x00, 0x01, 0x00, 0x0F
    .byte   0x00,    0, 0x00, 0x00, 0x1F, 0x00, 0x00, 0xF1, 0x00, 0x00, 0xF1, 0x1F, 0xF1, 0xF1, 0xF1, 0x00
    .byte   0x1F, 0xF1, 0xF1, 0x00, 0x00, 0xF0, 0x11, 0xF1, 0xFF, 0x10, 0x00, 0xF1, 0xF0, 0x10, 0x0F, 0x10
    .byte   0xF0, 0x1F,   -1, 0x01, 0x00, 0x00, 0x0F, 0x01, 0x00, 0x00, 0x0F, 0x10, 0x00, 0x00, 0x00, 0x1F
    .byte   0x01, 0xF0, 0x00, 0x00, 0x00, 0x00, 0x1F, 0x00, 0x00, 0x00, 0x1F, 0x00, 0x00, 0x00, 0x00, 0x1F
    .byte   0xF1, 0x00, 0x00,    0, 0x00, 0x00, 0x1F, 0x00, 0x00, 0x00, 0x1F, 0x00, 0xF0, 0x00, 0x10, 0x00
    .byte   0x0F, 0x11, 0xF1, 0x0F, 0x00, 0x00, 0x00, 0x00, 0x0F, 0x00, 0x1F, 0x10, 0x00, 0x01, 0xF0, 0x0F
    .byte   0x10, 0x00, 0x00, 0x00,    0, 0x00, 0x1F, 0x10, 0xF1, 0xF0, 0x00, 0x00, 0x00, 0x00, 0x00, 0x00
    .byte   0x1F, 0x00, 0x00, 0x00, 0x0F, 0x10, 0x0F, 0x11, 0xF0, 0x10, 0xF1, 0x0F, 0x00, 0x01, 0xF0, 0x1F
    .byte   0x00, 0x01, 0xF0, 0x00, 0x00,    0, 0x00, 0x00, 0xF1, 0x00, 0x00, 0x01, 0xF0, 0x1F, 0x0F, 0x10
    .byte   0x00, 0x00, 0xF1, 0x1F, 0xF1, 0x00, 0xF1, 0x00, 0x00, 0x1F, 0x00, 0x01, 0xF0, 0x00, 0x0F, 0x10
    .byte   0x00, 0x0F, 0x01, 0x00, 0x00, 0x00,    0, 0x00, 0x00, 0x00, 0xF1, 0xF1, 0x00, 0x00, 0x00, 0x0F
    .byte   0x11, 0xF0, 0x10, 0xF0, 0x00, 0x00, 0xF1, 0x00, 0x00, 0xF1, 0x01, 0xFF, 0x10, 0x0F, 0x00, 0x10
    .byte   0x01, 0x0F, 0x00, 0xF1, 0x00, 0x0F, 0x10,    0, 0x0F, 0x10, 0x00, 0x0F, 0x1F, 0x10, 0x00, 0x0F
    .byte   0x11, 0xF0, 0x1F, 0x00, 0x00, 0x00, 0x00, 0x00, 0x00, 0x00, 0x00, 0x00, 0x00, 0x10, 0xF0, 0x01
    .byte   0xF0, 0x00, 0x00, 0xF1, 0xF1, 0x00, 0x00, 0x1F,    0, 0x00, 0x0F, 0x11, 0xF1, 0xF1, 0xF0, 0x00
    .byte   0x00, 0x00, 0x00, 0x00, 0x00, 0x01, 0xF1, 0xF0, 0x00, 0x00, 0x1F, 0x0F, 0x01, 0x1F, 0x00, 0x00
    .byte   0xF0, 0x11, 0xF0, 0x00, 0x00, 0x00, 0x1F, 0xF0, 0x10,    0, 0x00, 0x00, 0x00, 0x00, 0xF0, 0x10
    .byte   0x1F, 0x00, 0x1F, 0x00, 0x00, 0x01, 0xF0, 0x00, 0x10, 0xF0, 0xF1, 0x00, 0x0F, 0x10, 0x00, 0x1F
    .byte   0x00, 0x01, 0xF0, 0x00, 0x1F, 0x00, 0xF1, 0x00, 0x01, 0xFF,    0, 0x00, 0x1F, 0x0F, 0x10, 0x00
    .byte   0x01, 0xF0, 0x00, 0x1F, 0xF1, 0x00, 0x0F, 0x1F, 0x10, 0x00, 0x1F, 0x00, 0x00, 0xF1, 0x00, 0xF1
    .byte   0x00, 0x01, 0xF0, 0x0F, 0x10, 0x00, 0x1F, 0x1F, 0x00, 0x00, 0x00,    0, 0x00, 0x00, 0x00, 0x00
    .byte   0x00, 0xF0, 0x1F, 0x10, 0x00, 0xF1, 0x00, 0x1F, 0x01, 0xF0, 0x00, 0xF1, 0x00, 0x00, 0x01, 0x0F
    .byte   0xF1, 0xF1, 0x00, 0x00, 0xF1, 0x00, 0x00, 0x1F, 0x00, 0x1F, 0x00, 0x0F,    0, 0x00, 0x1F, 0x00
    .byte   0x00, 0x00, 0x00, 0x00, 0x1F, 0x00, 0x00, 0xF1, 0x00, 0x00, 0x01, 0xF0, 0x00, 0x01, 0xF0, 0x00
    .byte   0x00, 0x00, 0xF0, 0x10, 0x00, 0x00, 0x1F, 0x00, 0x00, 0x00, 0x0F, 0x10, 0xF1,    0, 0x00, 0x00
    .byte   0x00, 0x1F, 0x00, 0x00, 0x00, 0x0F, 0x00, 0x10, 0x00, 0x00, 0xF0, 0x10, 0x00, 0x01, 0x0F, 0x01
    .byte   0xF0, 0x00, 0x00, 0x01, 0xF0, 0x00, 0x00, 0x01, 0x0F, 0x01, 0x0F, 0x00, 0x01, 0xF0,    0, 0x00
    .byte   0x1F, 0x01, 0xFF, 0x11, 0xFF, 0x10, 0x00, 0x00, 0x1F, 0x00, 0x00, 0x00, 0xF0, 0x10, 0x00, 0x00
    .byte   0xF1, 0x01, 0xF0, 0x0F, 0x10, 0x0F, 0x10, 0x0F, 0x01, 0x00, 0x00, 0x00, 0x00, 0x00, 0xF1,    0
    .byte   0x0F, 0x10, 0x00, 0x00, 0x00, 0x00, 0x01, 0xF0, 0x01, 0xF0, 0xF1, 0x00, 0x1F, 0xF1, 0x00, 0x00
    .byte   0x00, 0x00, 0x00, 0x1F, 0x00, 0x00, 0x1F, 0x00, 0x10, 0xF0, 0xF1, 0x01, 0xF0, 0x00, 0xF1, 0x10
    .byte     -1, 0x01, 0x00, 0x00, 0x1F, 0x10, 0xF0, 0x00, 0x00, 0x00, 0x00, 0x01, 0xF0, 0x00, 0x00, 0xF1
    .byte   0x00, 0x00, 0x00, 0x00, 0x01, 0xF0, 0xF1, 0x00, 0x00, 0x00, 0x00, 0x00, 0x00, 0x0F, 0x10, 0x00
    .byte   0x00,    1, 0x0F, 0x00, 0x00, 0x00, 0x01, 0xF1, 0xF0, 0x00, 0x00, 0xF0, 0x11, 0xF1, 0x0F, 0x00
    .byte   0x00, 0x00, 0x0F, 0x1F, 0x10, 0xF1, 0x01, 0x0F, 0x00, 0x1F, 0x01, 0xF1, 0x0F, 0x1F, 0x00, 0x00
    .byte   0x00, 0x00,    0, 0x00, 0x1F, 0x00, 0x00, 0x00, 0x00, 0x00, 0x00, 0x00, 0x00, 0x00, 0x1F, 0xF1
    .byte   0x1F, 0x00, 0x00, 0x01, 0xF0, 0x00, 0x00, 0x00, 0x00, 0x1F, 0x00, 0x0F, 0x11, 0xFF, 0x10, 0x00
    .byte   0x00, 0x00, 0x0F,    0, 0x00, 0x00, 0x00, 0x1F, 0x00, 0x1F, 0x00, 0x00, 0x01, 0xF0, 0xF1, 0x00
    .byte   0x00, 0x00, 0xF1, 0x1F, 0x1F, 0x00, 0x00, 0x0F, 0x10, 0x00, 0x0F, 0x10, 0x0F, 0x10, 0x00, 0xF1
    .byte   0x1F, 0xF1, 0x1F, 0x00,    0, 0x00, 0x00, 0x00, 0x00, 0x00, 0x00, 0x0F, 0x10, 0x00, 0x01, 0xF1
    .byte   0xF0, 0x00, 0x00, 0x00, 0x00, 0x01, 0xF0, 0x00, 0x00, 0x00, 0xF1, 0x00, 0xF1, 0x01, 0xF0, 0x01
    .byte   0xF0, 0x00, 0xF0, 0x10, 0x1F,    1, 0x0F, 0x0F, 0x10, 0x00, 0xF0, 0x10, 0x00, 0x1F, 0x01, 0xF0
    .byte   0x00, 0xF1, 0x00, 0x0F, 0x10, 0x00, 0x00, 0x00, 0x0F, 0x10, 0x0F, 0x11, 0xF0, 0x01, 0xF0, 0x0F
    .byte   0x10, 0x00, 0x1F, 0x00, 0xF1, 0x00,    0, 0x0F, 0x10, 0x00, 0x00, 0xF1, 0x01, 0xF1, 0xFF, 0x10
    .byte   0x00, 0x1F, 0x00, 0x00, 0x00, 0x1F, 0x1F, 0x00, 0xF1, 0x01, 0xF1, 0xF0, 0x01, 0xF1, 0xF0, 0x00
    .byte   0x00, 0x00, 0x1F, 0x01, 0xF0, 0x0F, 0x01,    0, 0x0F, 0x10, 0x1F, 0x0F, 0x10, 0x00, 0x00, 0x01
    .byte   0xF0, 0x00, 0x0F, 0x10, 0x1F, 0xF1, 0x1F, 0x0F, 0x10, 0x00, 0x00, 0x01, 0xF1, 0xFF, 0x10, 0x00
    .byte   0x01, 0xF0, 0x00, 0x00, 0x00, 0x0F, 0x01, 0x0F,    0, 0x00, 0x1F, 0x00, 0x00, 0x0F, 0x11, 0xF0
    .byte   0x01, 0x0F, 0x1F, 0x00, 0x00, 0x01, 0xF1, 0x0F, 0x01, 0xF0, 0x00, 0xF1, 0x00, 0x00, 0xF1, 0x1F
    .byte   0xF1, 0x1F, 0x00, 0x00, 0x1F, 0x1F, 0x01, 0xF0, 0x00,    0, 0x00, 0x0F, 0x10, 0x00, 0x00, 0x00
    .byte   0x0F, 0x10, 0x1F, 0x01, 0xF0, 0x00, 0x00, 0x00, 0x00, 0x00, 0x01, 0xF0, 0x0F, 0x10, 0x00, 0x00
    .byte   0x00, 0x1F, 0x1F, 0x1F, 0xF1, 0xF1, 0x01, 0x0F, 0x01, 0xF0,   -1, 0x01, 0x00, 0x00, 0xF1, 0x00
    .byte   0x00, 0x00, 0x01, 0xF0, 0x00, 0x0F, 0x10, 0x1F, 0x01, 0xF0, 0x00, 0x10, 0xF1, 0xF0, 0x00, 0x00
    .byte   0x00, 0x00, 0x0F, 0x10, 0x1F, 0x00, 0x00, 0x00, 0x1F, 0x00, 0x1F,    0, 0x00, 0xF1, 0x0F, 0x10
    .byte   0x01, 0xF0, 0x00, 0x1F, 0x00, 0x00, 0x00, 0x00, 0x00, 0x01, 0xF0, 0x00, 0x0F, 0x1F, 0x10, 0x0F
    .byte   0x01, 0x00, 0x00, 0x00, 0x00, 0x00, 0x00, 0x00, 0x00, 0x00, 0x00, 0x01,    0, 0x00, 0x1F, 0x00
    .byte   0x1F, 0x00, 0xF0, 0x11, 0xF0, 0xF1, 0x1F, 0x01, 0xF0, 0x00, 0x1F, 0x00, 0x00, 0x00, 0xF1, 0x00
    .byte   0x00, 0x1F, 0x00, 0x01, 0xF0, 0xF1, 0x00, 0x00, 0x00, 0xF1, 0x01, 0xF1, 0xF0,    0, 0x00, 0x00
    .byte   0x00, 0x00, 0x0F, 0x10, 0x0F, 0x11, 0xF0, 0x0F, 0x1F, 0x10, 0x00, 0x00, 0xF1, 0xF1, 0x0F, 0x1F
    .byte   0x10, 0x10, 0xF0, 0x00, 0x1F, 0x00, 0x0F, 0x10, 0x00, 0x01, 0xF0, 0x00, 0xF1, 0x00,    0, 0x00
    .byte   0xF1, 0x01, 0x0F, 0x00, 0x0F, 0x10, 0x00, 0x1F, 0x01, 0xF0, 0x0F, 0x01, 0x0F, 0x11, 0xF0, 0x1F
    .byte   0x00, 0x00, 0x00, 0x01, 0xF0, 0xF1, 0x01, 0x0F, 0x0F, 0x10, 0x1F, 0x0F, 0x10, 0x00, 0x00,    0
    .byte   0x00, 0x00, 0x1F, 0x00, 0x00, 0x00, 0x00, 0xF1, 0x1F, 0x1F, 0x00, 0xF0, 0x10, 0x00, 0x00, 0x00
    .byte   0x00, 0xF0, 0x11, 0xF0, 0x00, 0x00, 0x1F, 0x00, 0x1F, 0x0F, 0x10, 0x00, 0x10, 0xF0, 0x00, 0x00
    .byte      1, 0x00, 0xF0, 0x00, 0x00, 0x1F, 0xF1, 0x1F, 0x00, 0xF1, 0x0F, 0x10, 0x10, 0xF0, 0x00, 0x10
    .byte   0xF0, 0x00, 0x1F, 0x00, 0x00, 0x0F, 0x10, 0x01, 0xF0, 0x00, 0x1F, 0x0F, 0x01, 0x00, 0x00, 0x0F
    .byte   0x10,   -1, 0x01, 0xF0, 0x1F, 0x1F, 0x10, 0x01, 0x0F, 0x00, 0x01, 0x0F, 0x00, 0x0F, 0x10, 0x00
    .byte   0xF1, 0x00, 0x01, 0xF0, 0x00, 0x00, 0x1F, 0x00, 0x00, 0x00, 0x00, 0x00, 0x01, 0xF0, 0x00, 0x00
    .byte   0x1F, 0x00,   -1, 0x01, 0x00, 0x00, 0x0F, 0x10, 0x00, 0x0F, 0x10, 0x1F, 0x00, 0x00, 0x00, 0x00
    .byte   0x00, 0x0F, 0x1F, 0x10, 0x01, 0xFF, 0x10, 0x00, 0x01, 0xF0, 0x00, 0xF1, 0x10, 0x0F, 0x00, 0x00
    .byte   0x00, 0x0F, 0x10,    0, 0x00, 0x00, 0x00, 0x01, 0xF0, 0x1F, 0x00, 0x00, 0xF1, 0x00, 0x00, 0x1F
    .byte   0x0F, 0x10, 0xF1, 0x10, 0x0F, 0x00, 0x00, 0x1F, 0x00, 0x00, 0x00, 0x00, 0x00, 0x00, 0x0F, 0x10
    .byte   0xF0, 0x10, 0xF1, 0x00,    0, 0x01, 0xF0, 0xF1, 0x00, 0x00, 0x1F, 0xF1, 0x0F, 0x11, 0xF1, 0xF1
    .byte   0xF0, 0x00, 0x00, 0x00, 0x00, 0x00, 0xF0, 0x10, 0x1F, 0x0F, 0x10, 0x00, 0x00, 0x00, 0x00, 0x1F
    .byte   0x00, 0x00, 0x00, 0xF1, 0x00,    0, 0x00, 0x00, 0x00, 0x00, 0x00, 0x00, 0x00, 0xF1, 0x0F, 0x10
    .byte   0x00, 0x00, 0x01, 0xFF, 0x10, 0x00, 0x10, 0xF0, 0x00, 0x00, 0x00, 0x00, 0x00, 0x00, 0x00, 0x01
    .byte   0xF0, 0xF1, 0x00, 0xF1, 0x1F, 0x1F,    0, 0x0F, 0x01, 0x00, 0x00, 0x01, 0xF0, 0x00, 0x00, 0x1F
    .byte   0xF1, 0x00, 0x00, 0x00, 0x00, 0xF1, 0x00, 0x00, 0x00, 0x00, 0x00, 0x00, 0x0F, 0x10, 0x00, 0x00
    .byte   0x00, 0x01, 0xF0, 0x0F, 0x10, 0xF1, 0x00,    0, 0x00, 0x00, 0xF1, 0x00, 0xF0, 0x10, 0xF1, 0x0F
    .byte   0x10, 0x00, 0x00, 0x00, 0x1F, 0x00, 0x00, 0xF1, 0x1F, 0x00, 0x00, 0xF1, 0x00, 0x10, 0xF0, 0xF1
    .byte   0xF1, 0x00, 0x00, 0x00, 0xF1, 0x00, 0xF1, 0x00,   -1, 0x01, 0x0F, 0x00, 0x10, 0x00, 0x10, 0x0F
    .byte   0x00, 0x00, 0x0F, 0x11, 0xF0, 0x0F, 0x10, 0x00, 0x01, 0x0F, 0x10, 0xF0, 0x1F, 0xF1, 0x00, 0xF1
    .byte   0x00, 0xF1, 0x1F, 0x0F, 0x01, 0xF1, 0x00, 0x0F, 0x1F,    0, 0x00, 0x00, 0x01, 0xF0, 0x00, 0x00
    .byte   0x01, 0xF0, 0x00, 0xF1, 0x00, 0x00, 0x00, 0x1F, 0x00, 0x00, 0x1F, 0x00, 0x1F, 0x0F, 0x10, 0xF1
    .byte   0x00, 0x00, 0x00, 0x00, 0x01, 0x0F, 0x00, 0x1F, 0x00, 0x10,    0, 0x01, 0xF0, 0x0F, 0x10, 0x0F
    .byte   0x10, 0x1F, 0x00, 0xF1, 0x00, 0x00, 0x00, 0x00, 0x01, 0xFF, 0x1F, 0x10, 0x0F, 0x10, 0x00, 0x00
    .byte   0x00, 0x00, 0x01, 0xF0, 0x00, 0x00, 0x1F, 0x00, 0x00, 0x1F, 0x00,    0, 0x00, 0x1F, 0x01, 0xF0
    .byte   0x00, 0x1F, 0x00, 0x00, 0x00, 0x00, 0x00, 0xF1, 0xF1, 0x00, 0xF1, 0x00, 0xF1, 0x00, 0x1F, 0x00
    .byte   0x1F, 0x00, 0x00, 0xF1, 0x1F, 0x00, 0x00, 0x0F, 0x10, 0x00, 0x00, 0x00,    0, 0x01, 0xF0, 0x0F
    .byte   0x1F, 0x10, 0x00, 0x00, 0x00, 0x00, 0xF1, 0x00, 0xF1, 0x1F, 0x01, 0xF0, 0x00, 0x1F, 0x1F, 0x00
    .byte   0x1F, 0x00, 0x0F, 0x10, 0x0F, 0x10, 0xF1, 0x00, 0x00, 0xF1, 0x1F, 0x00, 0xF1,    0, 0x00, 0x1F
    .byte   0x00, 0xF1, 0x00, 0x0F, 0x10, 0x00, 0x00, 0x00, 0x00, 0x00, 0x00, 0x00, 0x00, 0x0F, 0x11, 0xF0
    .byte   0x0F, 0x10, 0x00, 0xF0, 0x1F, 0x10, 0x00, 0x0F, 0x01, 0x00, 0xF1, 0xF1, 0x00, 0x00,    0, 0x00
    .byte   0x00, 0xF1, 0xF1, 0x00, 0x1F, 0x00, 0x00, 0x00, 0xF1, 0xF1, 0x00, 0x00, 0x00, 0x10, 0xF1, 0xF0
    .byte   0x1F, 0x00, 0x00, 0x01, 0xF0, 0x00, 0x00, 0x00, 0x00, 0xF1, 0x1F, 0x00, 0x00, 0x00, 0x00,    0
    .byte   0x00, 0x00, 0x00, 0x00, 0x10, 0xF0, 0x00, 0x00, 0x00, 0x01, 0xF0, 0x1F, 0x0F, 0x11, 0x0F, 0x00
    .byte   0xF0, 0x10, 0xF1, 0x00, 0x1F, 0x00, 0xF1, 0x00, 0x00, 0x00, 0x01, 0xF0, 0x00, 0x00, 0x0F, 0x10
    .byte      0, 0x00, 0x00, 0x10, 0xF0, 0x00, 0xF1, 0x00, 0x00, 0xF1, 0x00, 0x00, 0x00, 0x1F, 0x00, 0x00
    .byte   0x0F, 0x10, 0x00, 0x01, 0xF1, 0xFF, 0x10, 0x00, 0x01, 0xF1, 0xF1, 0x0F, 0x0F, 0x10, 0x00, 0xF0
    .byte   0x10,    0, 0x01, 0xF0, 0x00, 0x00, 0x00, 0x00, 0x00, 0x00, 0x1F, 0xF1, 0x00, 0x00, 0x00, 0x00
    .byte   0x01, 0xFF, 0x1F, 0x1F, 0x10, 0x00, 0xF1, 0x0F, 0x10, 0x1F, 0x1F, 0x01, 0xF0, 0x00, 0x00, 0x00
    .byte   0x0F, 0x1F,    0, 0x00, 0x00, 0x00, 0x00, 0x00, 0xF0, 0x10, 0x00, 0x00, 0xF1, 0x01, 0xF0, 0x00
    .byte   0x00, 0x01, 0xF0, 0x00, 0x00, 0x01, 0xF0, 0x00, 0x01, 0xF0, 0x00, 0x01, 0x0F, 0x00, 0x1F, 0x00
    .byte   0x00, 0x1F, 0x0F,    0, 0x00, 0x00, 0x00, 0x00, 0xF1, 0x00, 0x1F, 0x00, 0x0F, 0x1F, 0x10, 0xF1
    .byte   0x00, 0x0F, 0x10, 0x00, 0x01, 0xF0, 0x00, 0x00, 0x01, 0xF0, 0x00, 0x1F, 0x01, 0xF0, 0xF1, 0x01
    .byte   0xF0, 0x00, 0x0F, 0x10,    0, 0x00, 0x10, 0xF0, 0x1F, 0x00, 0x00, 0x10, 0xF0, 0x00, 0x00, 0x01
    .byte   0x0F, 0x00, 0xF1, 0x00, 0x00, 0x01, 0x00, 0xFF, 0x11, 0xF0, 0x00, 0x00, 0x00, 0x00, 0x01, 0xF0
    .byte   0x0F, 0x10, 0x00, 0xF1, 0x00,    0, 0x00, 0x00, 0x00, 0x00, 0x01, 0xF1, 0xF0, 0x01, 0xF0, 0x00
    .byte   0xF1, 0x00, 0xF1, 0x1F, 0x00, 0x0F, 0x10, 0x00, 0x00, 0x0F, 0x1F, 0x10, 0x00, 0x00, 0x1F, 0xF1
    .byte   0x00, 0x00, 0x00, 0x1F, 0x0F, 0x01,    0, 0x01, 0xF0, 0x00, 0x00, 0x00, 0x00, 0x00, 0x00, 0x00
    .byte   0x0F, 0x10, 0x00, 0x00, 0x0F, 0x00, 0x10, 0x0F, 0x11, 0x0F, 0x00, 0x00, 0x0F, 0x10, 0x01, 0xF0
    .byte   0x00, 0xF1, 0x00, 0x00, 0x00, 0x00, 0x00,    0, 0x00, 0x00, 0x1F, 0x00, 0x00, 0x00, 0x01, 0xF1
    .byte   0xF0, 0x01, 0xF0, 0x00, 0x1F, 0x00, 0x1F, 0x1F, 0x0F, 0x01, 0xF0, 0x11, 0xF0, 0x00, 0x0F, 0x1F
    .byte   0x10, 0x1F, 0x1F, 0x00, 0x00, 0x00, 0x10, 0xF0,    0, 0x01, 0xF0, 0x00, 0xF1, 0x0F, 0x10, 0x01
    .byte   0x0F, 0x00, 0x00, 0x1F, 0x00, 0x00, 0x00, 0x00, 0x00, 0xF0, 0x10, 0x00, 0x00, 0x01, 0xF0, 0x00
    .byte   0x0F, 0x10, 0x00, 0x00, 0x01, 0xF0, 0xF0, 0x10, 0x00,    0, 0x00, 0x00, 0x00, 0xF1, 0x1F, 0x00
    .byte   0xF0, 0x00, 0x11, 0xF1, 0xF0, 0x0F, 0x1F, 0x10, 0xF1, 0x00, 0x0F, 0x01, 0x0F, 0x10, 0x00, 0x01
    .byte   0x0F, 0x00, 0xF1, 0xF1, 0x1F, 0x0F, 0x10, 0x01, 0xF0, 0x0F,    0, 0x01, 0xF0, 0x00, 0x1F, 0x00
    .byte   0x00, 0x00, 0x00, 0x1F, 0x00, 0x00, 0x00, 0x0F, 0x1F, 0x10, 0xF0, 0x01, 0x00, 0x00, 0x00, 0x0F
    .byte   0x10, 0x00, 0x00, 0x00, 0x00, 0x00, 0x00, 0x01, 0xF0, 0x00, 0x1F,    0, 0x00, 0x00, 0x00, 0x00
    .byte   0x00, 0x00, 0xF0, 0x10, 0x00, 0x0F, 0x1F, 0x11, 0xF0, 0x0F, 0x10, 0x00, 0x00, 0x01, 0xF0, 0x00
    .byte   0x00, 0x0F, 0x11, 0xF0, 0xF1, 0x00, 0x00, 0xF1, 0xF1, 0x00, 0x00, 0x00,    0, 0x01, 0x0F, 0x1F
    .byte   0x00, 0x00, 0x1F, 0x00, 0x00, 0x00, 0xF1, 0x1F, 0x00, 0x0F, 0x10, 0x00, 0x00, 0x00, 0x01, 0xF0
    .byte   0x00, 0x0F, 0x10, 0x00, 0x00, 0x01, 0xF0, 0xF1, 0x1F, 0x00, 0x00, 0x0F, 0x01,    0, 0x00, 0x00
    .byte   0x00, 0x10, 0xF0, 0xF0, 0x01, 0x10, 0xF0, 0xF1, 0x00, 0x00, 0x00, 0x00, 0xF1, 0xF1, 0x00, 0x00
    .byte   0x01, 0xF0, 0x0F, 0x1F, 0x11, 0xF0, 0x01, 0xF0, 0x00, 0x01, 0xF0, 0x01, 0xF0, 0x00,    0, 0x0F
    .byte   0x10, 0x01, 0xF1, 0x0F, 0x00, 0x00, 0x00, 0x00, 0x00, 0x00, 0x1F, 0x0F, 0x10, 0x00, 0x1F, 0x0F
    .byte   0x10, 0x00, 0x00, 0x00, 0x00, 0x01, 0xF0, 0x00, 0x1F, 0x00, 0x1F, 0x10, 0xF0, 0x0F, 0x10,    0
    .byte   0x00, 0x0F, 0x1F, 0x10, 0x00, 0x01, 0xF0, 0xF1, 0x00, 0x00, 0x00, 0x1F, 0x00, 0xF1, 0x00, 0x00
    .byte   0x00, 0x00, 0xF1, 0x01, 0xF0, 0x00, 0x0F, 0x10, 0x1F, 0x01, 0x0F, 0x00, 0x00, 0x00, 0x00, 0x1F
    .byte      1, 0x00, 0xF0, 0x00, 0x0F, 0x1F, 0x10, 0x00, 0x00, 0x1F, 0x00, 0x01, 0xF0, 0xF1, 0x00, 0x00
    .byte   0x00, 0x00, 0x00, 0x00, 0x00, 0x00, 0x1F, 0xF1, 0x00, 0x00, 0x00, 0x00, 0x00, 0x00, 0x0F, 0x11
    .byte   0xF0,    0, 0x00, 0x00, 0x00, 0x00, 0x0F, 0x1F, 0x10, 0x0F, 0x11, 0xF0, 0xF0, 0x10, 0xF1, 0x0F
    .byte   0x10, 0x1F, 0x00, 0xF1, 0x00, 0x00, 0x1F, 0x00, 0x0F, 0x10, 0x00, 0x1F, 0x01, 0xF0, 0x00, 0x00
    .byte   0x00, 0x0F,   -1, 0x01, 0x10, 0xF0, 0x00, 0x00, 0x00, 0x01, 0xF0, 0x00, 0x01, 0xF0, 0x01, 0x0F
    .byte   0xF1, 0x00, 0x00, 0x00, 0xF1, 0x01, 0xF0, 0x00, 0x00, 0x00, 0x00, 0x00, 0x00, 0x00, 0x00, 0xF1
    .byte   0x00, 0x1F, 0x0F,    0, 0x00, 0xF1, 0x00, 0x1F, 0x0F, 0x10, 0x01, 0xF0, 0x0F, 0x10, 0x00, 0x00
    .byte   0xF1, 0xF1, 0x00, 0x0F, 0x11, 0xFF, 0x10, 0x00, 0x00, 0x01, 0xFF, 0x10, 0x00, 0x00, 0x00, 0x1F
    .byte   0x00, 0x00, 0x00, 0x01,   -1, 0x01, 0x00, 0x00, 0x00, 0x00, 0x1F, 0x00, 0x00, 0x0F, 0x10, 0x00
    .byte   0x00, 0x01, 0xFF, 0x01, 0x00, 0x00, 0x00, 0x1F, 0xF1, 0x0F, 0x10, 0x00, 0x00, 0x00, 0x1F, 0x00
    .byte   0x0F, 0x10, 0x00, 0x00, 0x10,    0, 0x00, 0x00, 0x00, 0x00, 0x00, 0x01, 0xF1, 0xF0, 0xF1, 0x00
    .byte   0x00, 0x00, 0x00, 0x00, 0x00, 0x00, 0x1F, 0x00, 0x00, 0xF1, 0x0F, 0x10, 0xF1, 0x1F, 0x00, 0x1F
    .byte   0xF1, 0x00, 0x10, 0xF0, 0xF1, 0x00,    0, 0x00, 0x00, 0x00, 0x00, 0x1F, 0x00, 0xF1, 0x00, 0x0F
    .byte   0x10, 0x00, 0x00, 0x00, 0x00, 0xF1, 0x10, 0xF0, 0x00, 0x0F, 0x00, 0x10, 0x00, 0x00, 0x00, 0x00
    .byte   0x00, 0xF1, 0x00, 0xF1, 0x00, 0x01, 0xF0,    0, 0x00, 0x00, 0x00, 0x00, 0x00, 0x00, 0xF1, 0x00
    .byte   0x1F, 0x01, 0xF0, 0xF1, 0xF1, 0x00, 0x01, 0xF0, 0x00, 0x1F, 0x00, 0x0F, 0x10, 0xF0, 0x10, 0x00
    .byte   0x1F, 0x00, 0x00, 0xF1, 0x00, 0x00, 0x00, 0x00,    0, 0x00, 0x0F, 0x11, 0xF0, 0x1F, 0x0F, 0x10
    .byte   0x01, 0xF0, 0x00, 0x00, 0x01, 0xF0, 0x0F, 0x01, 0x01, 0xF1, 0x0F, 0x00, 0x00, 0x00, 0x01, 0xF0
    .byte   0x00, 0x00, 0x00, 0x01, 0xF0, 0x00, 0x00, 0x00, 0x1F,    0, 0x00, 0x01, 0xF0, 0x00, 0x00, 0x00
    .byte   0xF1, 0x00, 0x00, 0xF1, 0x00, 0x00, 0x00, 0xF1, 0x00, 0x0F, 0x10, 0x00, 0x00, 0x00, 0x10, 0xF0
    .byte   0x0F, 0x10, 0x00, 0xF1, 0xF1, 0x00, 0x0F, 0x10, 0x1F, 0x00,    0, 0x00, 0x00, 0x00, 0x1F, 0x00
    .byte   0x0F, 0x10, 0xF1, 0xF1, 0xF1, 0x01, 0xF0, 0x01, 0x0F, 0x1F, 0xF1, 0x1F, 0x00, 0x10, 0xF0, 0x01
    .byte   0xF0, 0x0F, 0x10, 0x00, 0x01, 0xF0, 0x00, 0x1F, 0x10, 0xF0, 0x00,    0, 0x01, 0xF0, 0x00, 0x1F
    .byte   0x00, 0x0F, 0x10, 0x1F, 0x1F, 0x00, 0xF1, 0x01, 0xF1, 0x0F, 0x01, 0xF0, 0x00, 0xF1, 0x00, 0x00
    .byte   0x00, 0x1F, 0x01, 0xF0, 0x00, 0xF1, 0x00, 0x00, 0x00, 0x00, 0x00, 0x00,    1, 0x00, 0x0F, 0x1F
    .byte   0x00, 0x00, 0x00, 0xF1, 0x00, 0x00, 0x01, 0xF0, 0xF1, 0x1F, 0x1F, 0x1F, 0x10, 0xF0, 0x00, 0x00
    .byte   0xF0, 0x11, 0xFF, 0x11, 0x0F, 0x01, 0xF0, 0x01, 0xFF, 0x11, 0xFF, 0x10, 0x00,    0, 0x0F, 0x1F
    .byte   0x10, 0x00, 0x00, 0x01, 0xF1, 0xF0, 0x01, 0xF0, 0x00, 0xF1, 0xF0, 0x10, 0x00, 0x00, 0x00, 0x0F
    .byte   0x10, 0x00, 0xF1, 0x00, 0x0F, 0x10, 0xF1, 0x01, 0xF0, 0x0F, 0x10, 0x00, 0xF1, 0x00,    1, 0x0F
    .byte   0x01, 0xF0, 0x00, 0x00, 0x10, 0x00, 0x0F, 0x00, 0x00, 0xF1, 0xF0, 0x11, 0xF1, 0xF1, 0xF0, 0x1F
    .byte   0x0F, 0x1F, 0x10, 0x01, 0xF0, 0x00, 0x00, 0x00, 0x1F, 0x00, 0x00, 0x00, 0x00, 0x01, 0xF0,   -1
    .byte   0x01, 0x0F, 0x10, 0x0F, 0x10, 0x1F, 0x01, 0xF0, 0x00, 0x00, 0x00, 0x00, 0x00, 0x1F, 0x00, 0x00
    .byte   0x00, 0x00, 0x00, 0x00, 0x01, 0xFF, 0x10, 0x1F, 0x00, 0x01, 0xF0, 0xF1, 0x00, 0x1F, 0x00, 0x01
    .byte     -1, 0x01, 0x1F, 0x00, 0x00, 0x10, 0xF0, 0x0F, 0x10, 0x00, 0x00, 0x00, 0x00, 0x00, 0x00, 0x0F
    .byte   0x10, 0x00, 0x10, 0xFF, 0x10, 0x00, 0x01, 0xF0, 0x00, 0x00, 0x01, 0xF0, 0x01, 0xF0, 0x00, 0x00
    .byte   0x00,    0, 0x00, 0x00, 0x00, 0x00, 0x1F, 0x00, 0xF0, 0x1F, 0x10, 0x1F, 0x00, 0x01, 0xF0, 0x00
    .byte   0x00, 0x00, 0x0F, 0x10, 0x1F, 0xF0, 0x10, 0x00, 0xF1, 0x1F, 0x00, 0x00, 0x01, 0xF0, 0xF1, 0x00
    .byte   0x00, 0x00,    0, 0x0F, 0x10, 0x01, 0xF1, 0xFF, 0x01, 0xF0, 0x00, 0x01, 0x0F, 0x10, 0x10, 0xF0
    .byte   0x00, 0x00, 0x1F, 0x1F, 0xF1, 0x01, 0xF0, 0xF1, 0x00, 0x01, 0xF0, 0x00, 0x00, 0x00, 0x01, 0xF0
    .byte   0xF1, 0x00, 0x10,    0, 0x0F, 0x10, 0x00, 0xF1, 0x1F, 0x00, 0x00, 0xF1, 0x00, 0x00, 0xF0, 0x10
    .byte   0x10, 0x0F, 0x0F, 0x10, 0x00, 0x00, 0x00, 0x01, 0xF0, 0x00, 0x1F, 0x00, 0x00, 0x01, 0xF1, 0xF0
    .byte   0xF1, 0x00, 0x1F, 0x00,   -1, 0x01, 0x0F, 0x1F, 0x01, 0x00, 0x00, 0x00, 0x01, 0xF0, 0x00, 0x0F
    .byte   0x1F, 0x10, 0x00, 0x0F, 0x10, 0x00, 0x00, 0xF1, 0x1F, 0x01, 0xFF, 0x10, 0x10, 0xF0, 0x10, 0xF0
    .byte   0x00, 0x00, 0x00, 0x00, 0x01,    1, 0x0F, 0x00, 0x00, 0xF0, 0x10, 0x00, 0x00, 0xF1, 0x0F, 0x10
    .byte   0x0F, 0x10, 0x00, 0x00, 0x00, 0x00, 0x00, 0x00, 0x00, 0xF1, 0x0F, 0x10, 0x00, 0x00, 0xF1, 0x0F
    .byte   0x10, 0x01, 0xF0, 0x00, 0x1F, 0x01,    0, 0x0F, 0x10, 0x00, 0x00, 0xF1, 0x00, 0x00, 0x01, 0xF0
    .byte   0xF1, 0xF0, 0x10, 0x00, 0x0F, 0x11, 0xF0, 0x00, 0x00, 0x00, 0x00, 0xF1, 0x00, 0x00, 0x00, 0x00
    .byte   0x0F, 0x10, 0x00, 0x00, 0x00, 0x00, 0xF1,    0, 0x00, 0xF1, 0xF1, 0x1F, 0x1F, 0x00, 0x00, 0x1F
    .byte   0x00, 0x1F, 0x00, 0x00, 0x00, 0x0F, 0x10, 0xF1, 0x00, 0x1F, 0x01, 0xF0, 0x00, 0x00, 0x00, 0x00
    .byte   0x00, 0x00, 0x00, 0x00, 0x00, 0x00, 0x0F, 0x10,    0, 0x00, 0x00, 0x00, 0x00, 0x00, 0x00, 0x00
    .byte   0xF1, 0x1F, 0x00, 0x00, 0x00, 0x01, 0xF0, 0xF1, 0x01, 0xF0, 0x1F, 0x00, 0x00, 0x00, 0x00, 0x01
    .byte   0xF0, 0x00, 0x01, 0xF0, 0x01, 0xF0, 0x01, 0xF0, 0x00,    0, 0x01, 0xF0, 0xF1, 0x00, 0x00, 0x00
    .byte   0x00, 0x00, 0x1F, 0x00, 0x00, 0x00, 0x00, 0x10, 0xFF, 0x10, 0x0F, 0x11, 0xF0, 0x00, 0x01, 0xF0
    .byte   0x1F, 0x00, 0xF1, 0x00, 0x01, 0xF0, 0x00, 0x00, 0x1F, 0x00,    0, 0x00, 0x0F, 0x1F, 0x00, 0x10
    .byte   0x00, 0x10, 0x1F, 0x0F, 0x10, 0x0F, 0xF1, 0xF1, 0xFF, 0x10, 0x2E, 0x00, 0x10, 0x1F, 0xF0, 0x21
    .byte   0xED, 0x32, 0xEE, 0x12, 0x29, 0x47, 0x79, 0x94, 0x75, 0x99, 0x6C,  -32, 0x04, 0x50, 0xAD, 0x56
    .byte   0xF8, 0x46, 0xD4, 0x1C, 0x42, 0xBE, 0x0F, 0x3F, 0xDC, 0x23, 0x23, 0xDC, 0x45, 0xEC, 0x3E, 0xF3
    .byte   0xDD, 0x2D, 0x23, 0xEF, 0xDD, 0x43, 0xEE, 0x21, 0x21, 0x22, 0x3C, 0xC0,   -2, 0x04, 0xEB, 0xC3
    .byte   0x43, 0xDD, 0x30, 0x23, 0x3F, 0xEE, 0x13, 0xEF, 0xEE, 0x12, 0xED, 0x3E, 0xF2, 0x2F, 0x02, 0xE0
    .byte   0xED, 0x33, 0xED, 0xE2, 0x21, 0xED, 0xED, 0xE3, 0x2D, 0xD1, 0x33, 0x3D, 0xC2,  -20, 0x0E, 0x2E
    .byte   0xE3, 0x65, 0x4C, 0xCF, 0x52, 0xBB, 0xDE, 0x12, 0x1E, 0xF0, 0x44, 0x2D, 0xC4, 0x44, 0xFB, 0xCD
    .byte   0x22, 0xEC, 0xC1, 0x34, 0x40, 0xD2, 0x43, 0x1C, 0xBD, 0x01, 0xDC, 0xBC, 0x44, 0xEB, -103, 0x0E
    .byte   0xE0, 0x32, 0x77, 0x77, 0x3D, 0x24, 0xEA, 0x99, 0xAE, 0x32, 0x0C, 0x16, 0x75, 0x2D, 0x25, 0x60
    .byte   0xB9, 0xAE, 0xFD, 0xBB, 0xD4, 0x55, 0x30, 0x23, 0x45, 0x1B, 0xCE, 0x24, 0xEC, 0xBC, 0xF3,  -14
    .byte   0x0C, 0xCD, 0x24, 0x2C, 0xBC, 0xE2, 0x1C, 0xC3, 0x77, 0x77, 0x5C, 0x34, 0x0B, 0x88, 0x8D, 0x66
    .byte   0xCA, 0x47, 0x77, 0xED, 0xC4, 0x73, 0xB8, 0x80, 0x43, 0xBA, 0xD2, 0x66, 0x40, 0xEF, 0x45, 0x2B
    .byte      8, 0x0E, 0x34, 0x0B, 0xBD, 0x33, 0xDB, 0xCE, 0x1F, 0xDC, 0xDE, 0x14, 0x21, 0x57, 0x77, 0x6D
    .byte   0xD2, 0x0C, 0xA9, 0x9A, 0xD5, 0x4C, 0xD5, 0x77, 0x42, 0x02, 0x34, 0xEA, 0x9A, 0xD0, 0xED, 0xDE
    .byte   0x35,    5, 0x03, 0x0F, 0x34, 0x2D, 0xCE, 0x10, 0x2D, 0xCC, 0xF2, 0x1C, 0xCD, 0xE0, 0x1C, 0xDD
    .byte   0xF1, 0x32, 0x43, 0x77, 0x76, 0xED, 0xF2, 0xCA, 0xA9, 0xAC, 0x34, 0x01, 0x36, 0x75, 0x30, 0xE2
    .byte   0x40, 0xB9,  -12, 0x0C, 0xFF, 0xDD, 0xF3, 0x54, 0x33, 0x10, 0x32, 0xFD, 0xCF, 0x23, 0xDC, 0xCE
    .byte   0x2F, 0xDC, 0xCD, 0x23, 0xDD, 0xDF, 0xE0, 0x44, 0xD3, 0x77, 0x76, 0xCD, 0x4F, 0xBB, 0xA8, 0xBD
    .byte   0x55, 0xDC, 0x37,   54, 0x04, 0x1E, 0xF3, 0x32, 0xA9, 0xA2, 0x2F, 0xDE, 0x13, 0x54, 0x4E, 0xD2
    .byte   0x33, 0xDC, 0xD1, 0x22, 0xEC, 0xCF, 0xFE, 0xDC, 0xCE, 0x33, 0xEC, 0xC2, 0x32, 0xDF, 0xF6, 0x77
    .byte   0x75, 0xDD, 0x31, 0xCA,   15, 0x09, 0xA0, 0x44, 0x0E, 0x46, 0x65, 0x32, 0xD2, 0x21, 0xB9, 0xBC
    .byte   0xE2, 0xEF, 0x02, 0x55, 0x43, 0xDD, 0x22, 0x1D, 0xCC, 0x23, 0x2C, 0xCC, 0xF1, 0xEE, 0xCD, 0xD4
    .byte   0x4E, 0xCC, 0xD3, 0xD1, 0x33,  -47, 0x07, 0x77, 0x4D, 0x22, 0xEA, 0xA9, 0xAB, 0x34, 0x3F, 0x35
    .byte   0x65, 0x43, 0xDF, 0x13, 0xCA, 0xAB, 0xD3, 0xEE, 0x22, 0x45, 0x54, 0xDD, 0xEF, 0x3D, 0xCC, 0xD3
    .byte   0x3E, 0xCD, 0xDE, 0xFE, 0xCC, 0xC3,  -55, 0x03, 0xDD, 0xC0, 0xDE, 0x3F, 0x47, 0x77, 0x7D, 0xC3
    .byte   0xFD, 0xAA, 0x9A, 0xD3, 0x50, 0xF2, 0x66, 0x54, 0xED, 0xF0, 0x1B, 0xAA, 0xCE, 0x32, 0x20, 0x24
    .byte   0x55, 0x2D, 0xDE, 0x13, 0xEC, 0xBE, 0x34,    7, 0x0C, 0xCC, 0xF0, 0xDD, 0xCE, 0x34, 0x3E, 0xCE
    .byte   0xCD, 0x21, 0x14, 0x77, 0x77, 0xDE, 0x21, 0xCA, 0xA9, 0xAC, 0x45, 0x3E, 0x35, 0x75, 0x2E, 0xDE
    .byte   0xFE, 0xBB, 0xAC, 0xD3, 0x33, 0x22, 0x45, 0x42,   38, 0x0D, 0xDE, 0x2E, 0xDC, 0xD4, 0x42, 0xBC
    .byte   0xDD, 0xFD, 0xDD, 0xD1, 0x44, 0xEC, 0xCE, 0x2D, 0xD2, 0x47, 0x77, 0x71, 0xC3, 0x2D, 0xA9, 0xAA
    .byte   0xC2, 0x54, 0x21, 0x47, 0x64, 0xCB, 0xF0, 0x1C, 0xAB,  -44, 0x0E, 0x43, 0x32, 0x13, 0x44, 0x5D
    .byte   0xCC, 0xE3, 0x1D, 0xCD, 0x24, 0x1E, 0xDB, 0xCD, 0x1D, 0xDD, 0x33, 0x31, 0xDC, 0xEC, 0xE1, 0x35
    .byte   0x77, 0x76, 0x2C, 0x13, 0xDB, 0x99, 0xAB, 0x36, 0x43, 0xF3,   42, 0x06, 0x4E, 0xBC, 0xFF, 0xDA
    .byte   0xBC, 0xC3, 0x54, 0x3E, 0x24, 0x54, 0xDC, 0xBD, 0xF3, 0x0F, 0xCF, 0x33, 0x0C, 0xBD, 0xDD, 0xDF
    .byte   0x12, 0x21, 0xFD, 0xDC, 0xF2, 0xF1, 0x57, 0x77, 0x60, 0xC2, 0x0C,   58, 0x09, 0xAA, 0xC4, 0x65
    .byte   0x2E, 0x46, 0x64, 0xCB, 0xCF, 0xEC, 0xBC, 0xBD, 0x34, 0x53, 0xE2, 0x44, 0x3D, 0xCC, 0xD2, 0x22
    .byte   0xED, 0xE2, 0x3F, 0xCC, 0xCC, 0xD1, 0x1F, 0x21, 0x1E, 0xDD, 0xE2, 0xEE,  -78, 0x07, 0x77, 0x72
    .byte   0xCD, 0x2D, 0xBA, 0xAA, 0xBD, 0x56, 0x4E, 0x05, 0x75, 0x1C, 0xBD, 0xDD, 0xCC, 0xBC, 0xC4, 0x55
    .byte   0x2E, 0x23, 0x42, 0xEC, 0xDC, 0x13, 0x12, 0xED, 0x01, 0x1C, 0xCC, 0xCD, 0x23,  -54, 0x01, 0xDD
    .byte   0xFF, 0xEE, 0xFE, 0x25, 0x77, 0x76, 0xDC, 0x0F, 0xBB, 0xAA, 0xBA, 0x46, 0x62, 0xD3, 0x66, 0x4E
    .byte   0xBD, 0xCC, 0xCE, 0xEB, 0xB0, 0x45, 0x41, 0x02, 0x32, 0x11, 0xFC, 0xCD, 0x33, 0x2D,   -9, 0x0E
    .byte   0xFE, 0xCD, 0xDC, 0xD2, 0x43, 0xEC, 0xDE, 0xED, 0xE3, 0x45, 0x77, 0x75, 0xDD, 0xFE, 0xBB, 0xAA
    .byte   0xBB, 0x25, 0x64, 0x02, 0x55, 0x43, 0xFD, 0xBB, 0xB2, 0xFC, 0xBC, 0x35, 0x42, 0x32, 0x2F,   20
    .byte   0x03, 0x3D, 0xCC, 0x03, 0x10, 0xDD, 0xDC, 0xDD, 0xDE, 0xD1, 0x33, 0x2C, 0xCE, 0x2F, 0xD2, 0x47
    .byte   0x77, 0x71, 0xCF, 0xEC, 0xCB, 0xBA, 0xAC, 0x26, 0x62, 0xE1, 0x55, 0x52, 0x1D, 0xAB, 0xD3, 0x1C
    .byte    -23, 0x0C, 0xE4, 0x44, 0x22, 0x0D, 0x23, 0x40, 0xCD, 0x01, 0x1F, 0xDD, 0xDC, 0xCD, 0xED, 0x12
    .byte   0x20, 0xDE, 0xED, 0xDF, 0x43, 0x47, 0x77, 0x6E, 0xC0, 0xFC, 0xBB, 0xCA, 0xBB, 0x25, 0x63, 0xDF
    .byte   0x55,   68, 0x03, 0x3E, 0xBB, 0xC3, 0x2C, 0xBB, 0xF3, 0x33, 0x23, 0xFE, 0xF4, 0x43, 0xDD, 0xE2
    .byte   0x0D, 0xDC, 0xDC, 0xBE, 0x12, 0xED, 0x01, 0x1D, 0xDF, 0x22, 0x04, 0x67, 0x77, 0x3D, 0xEE, 0xDC
    .byte   0xCB, 0xBA,  -51, 0x0D, 0x45, 0x41, 0xE2, 0x55, 0x44, 0x2D, 0xBC, 0xE3, 0xEC, 0xBC, 0xD2, 0x32
    .byte   0x0F, 0x10, 0x33, 0x44, 0x0E, 0xDE, 0xFD, 0xDD, 0xCC, 0xCD, 0x11, 0xDD, 0xD0, 0xED, 0xE3, 0x44
    .byte   0x34, 0x67, 0x75,  114, 0x0D, 0xEE, 0xDB, 0xEC, 0xBA, 0xB0, 0x45, 0x3C, 0xE2, 0x54, 0x44, 0x31
    .byte   0xCC, 0xE2, 0x2D, 0xBB, 0xC1, 0x0F, 0x03, 0x21, 0x23, 0x44, 0x2E, 0xDD, 0x0D, 0xED, 0xCC, 0xBE
    .byte   0xFF, 0xED, 0xDD, 0xEE, -107, 0x04, 0x44, 0x36, 0x77, 0x6E, 0xDE, 0xEE, 0xCC, 0xDB, 0xAB, 0xD3
    .byte   0x53, 0xDC, 0x14, 0x45, 0x44, 0x2D, 0xDD, 0x23, 0x1B, 0xBB, 0xE0, 0xEE, 0x01, 0x1F, 0x34, 0x44
    .byte   0x1D, 0xD0, 0xFE, 0xDC, 0xCC,  -64, 0x0E, 0xED, 0xDD, 0xED, 0x12, 0x34, 0x34, 0x67, 0x76, 0x1D
    .byte   0xF1, 0x2D, 0xCC, 0xBB, 0xAD, 0xF4, 0x3D, 0xCC, 0x25, 0x55, 0x40, 0xEF, 0x03, 0x34, 0xDB, 0xAB
    .byte   0x01, 0x1D, 0xDD, 0xE2, 0x35, 0x43,   18, 0x0D, 0xEF, 0x0E, 0xDD, 0xCC, 0xDD, 0xED, 0xDD, 0xDE
    .byte   0xF4, 0x34, 0x46, 0x77, 0x52, 0xF1, 0x21, 0xEC, 0xCB, 0xBB, 0xEE, 0x20, 0xCC, 0xD0, 0x45, 0x44
    .byte   0x1F, 0x34, 0x33, 0x2E, 0xCB, 0xBE, 0xD0,  -16, 0x0C, 0xDD, 0x23, 0x43, 0x21, 0x02, 0x2F, 0x0D
    .byte   0xDD, 0xDD, 0xDE, 0xDC, 0xDD, 0xD2, 0x33, 0x44, 0x67, 0x65, 0x30, 0x02, 0x22, 0xEC, 0xBB, 0xCD
    .byte   0xDE, 0xEC, 0xCC, 0xF3, 0x54, 0x32, 0x13, 0x44,   73, 0x02, 0xEC, 0xCC, 0xDE, 0xED, 0xCC, 0xC1
    .byte   0x33, 0x32, 0xFE, 0xE1, 0x23, 0xFE, 0xDC, 0xEE, 0xEE, 0xCC, 0xDE, 0x23, 0x34, 0x56, 0x66, 0x42
    .byte   0x02, 0x33, 0x0D, 0xCB, 0xCC, 0xED, 0xEC, 0xCC, 0xDF,  -36, 0x04, 0x43, 0x01, 0x34, 0x54, 0x1E
    .byte   0xCC, 0xDD, 0xFE, 0xDC, 0xCC, 0xF2, 0x33, 0xFE, 0xEE, 0x03, 0x22, 0xED, 0xDE, 0xFF, 0xDD, 0xCD
    .byte   0xE2, 0x23, 0x36, 0x66, 0x52, 0x21, 0x34, 0x32, 0xDB, 0xCC,   38, 0x0E, 0xFC, 0xCC, 0xBD, 0x23
    .byte   0x44, 0x2E, 0x13, 0x45, 0x51, 0xDC, 0xCE, 0xEF, 0xED, 0xCC, 0xCE, 0x23, 0x2E, 0xED, 0xF2, 0x33
    .byte   0x1E, 0xDD, 0xF0, 0x1D, 0xDC, 0xDE, 0x13, 0x34, 0x56, 0x64, 0x12,   70, 0x04, 0x43, 0xEC, 0xCC
    .byte   0xDE, 0xFD, 0xCC, 0xBD, 0xD0, 0x34, 0x31, 0xE0, 0x35, 0x54, 0x2C, 0xCD, 0xE2, 0x1D, 0xCB, 0xDD
    .byte   0x12, 0x22, 0xED, 0xDF, 0x33, 0x30, 0xDD, 0xD0, 0x10, 0xDD, 0xCE, 0xF2,  -74, 0x03, 0x55, 0x65
    .byte   0x32, 0x13, 0x44, 0x3E, 0xCC, 0xCE, 0xFE, 0xDB, 0xCB, 0xC2, 0x23, 0x32, 0x10, 0x24, 0x55, 0x2E
    .byte   0xCD, 0xE2, 0x0F, 0xCC, 0xCD, 0xD2, 0x2F, 0xEE, 0xD0, 0x23, 0x21, 0xED, 0xD1,  -41, 0x00, 0xDD
    .byte   0xCD, 0xF1, 0x32, 0x34, 0x66, 0x52, 0x22, 0x34, 0x42, 0xDC, 0xCD, 0xFF, 0xDC, 0xCB, 0xCD, 0x02
    .byte   0x33, 0x21, 0xF3, 0x45, 0x42, 0xEC, 0xDE, 0x21, 0xEC, 0xCC, 0xDE, 0x22, 0xEE, 0xDF,  -43, 0x02
    .byte   0x22, 0xFF, 0xDE, 0x00, 0xFD, 0xDD, 0xD1, 0x13, 0x24, 0x66, 0x54, 0xF1, 0x24, 0x43, 0x1C, 0xCC
    .byte   0xD1, 0x0D, 0xCB, 0xBD, 0xE3, 0x33, 0x2F, 0xE2, 0x45, 0x43, 0x0C, 0xDE, 0x12, 0x0C, 0xCC,  -29
    .byte   0x0E, 0x23, 0x0D, 0xDD, 0x12, 0x32, 0x0E, 0xDE, 0xF1, 0xFE, 0xDD, 0xDE, 0x03, 0x32, 0x56, 0x64
    .byte   0x3F, 0x23, 0x43, 0x2D, 0xCC, 0xDE, 0x1D, 0xEB, 0xBB, 0xF2, 0x43, 0x20, 0xEF, 0x45, 0x53, 0xED
    .byte     36, 0x0D, 0xF2, 0x2D, 0xCB, 0xDD, 0x23, 0x2D, 0xDD, 0xE3, 0x33, 0xED, 0xDD, 0x21, 0x0E, 0xDD
    .byte   0xDE, 0x12, 0x33, 0x55, 0x65, 0x32, 0x13, 0x34, 0x2E, 0xCB, 0xDD, 0x1F, 0xDC, 0xBC, 0xC3, 0x43
    .byte   0x1E,  -13, 0x01, 0x45, 0x44, 0xEC, 0xDE, 0xF1, 0x0D, 0xCC, 0xCE, 0x32, 0x11, 0xDE, 0x02, 0x21
    .byte   0xED, 0xEE, 0x10, 0x0D, 0xCD, 0xDE, 0x23, 0x21, 0x46, 0x66, 0x32, 0x23, 0x42, 0x1E, 0xCC, 0xDC
    .byte   0x11, 0xDC,   -9, 0x0B, 0xE2, 0x43, 0x20, 0xF1, 0x35, 0x53, 0xFD, 0xCE, 0xE1, 0xED, 0xCC, 0xCE
    .byte   0x23, 0x20, 0xDE, 0xF2, 0x32, 0x1D, 0xDD, 0xF0, 0x1D, 0xCC, 0xDE, 0xF3, 0x32, 0x45, 0x66, 0x52
    .byte   0x23, 0x42, 0xEE,   84, 0x0C, 0xDC, 0xEE, 0xDD, 0xBC, 0xD1, 0x33, 0x23, 0x12, 0x34, 0x44, 0x1D
    .byte   0xCE, 0xEE, 0x0C, 0xDC, 0xCE, 0x23, 0x2F, 0xEE, 0x23, 0x22, 0xFD, 0xDD, 0xF0, 0xFD, 0xCC, 0xDE
    .byte   0xEF, 0x33, 0x34, 0x66,   47, 0x04, 0x23, 0x43, 0xFE, 0xFC, 0xCC, 0xDE, 0xED, 0xCB, 0xD0, 0x13
    .byte   0x23, 0x22, 0x24, 0x44, 0x1E, 0xDE, 0xEE, 0xDD, 0xDC, 0xDD, 0xF3, 0x10, 0xF1, 0x23, 0x22, 0xEE
    .byte   0xDE, 0xEF, 0xDD, 0xCD, 0xDF,  -86, 0x0D, 0x21, 0x34, 0x45, 0x66, 0x33, 0x43, 0x3E, 0xDE, 0xDC
    .byte   0xCD, 0xFF, 0xCC, 0xCD, 0x21, 0x22, 0x33, 0x12, 0x44, 0x31, 0xDF, 0xEE, 0xDD, 0xDD, 0xDD, 0xE1
    .byte   0x2F, 0xF0, 0x23, 0x11, 0x21, 0xED,  -20, 0x0F, 0xED, 0xCD, 0xDF, 0xDD, 0xDF, 0x23, 0x34, 0x55
    .byte   0x55, 0x44, 0x43, 0xFE, 0xED, 0xDC, 0xDD, 0xED, 0xCC, 0xEE, 0x11, 0x12, 0x22, 0x34, 0x33, 0x2F
    .byte   0xEF, 0xEE, 0xDC, 0xED, 0xDE, 0xE2, 0xFE,  -23, 0x02, 0x32, 0x2F, 0xFF, 0xFE, 0xED, 0xDD, 0xDD
    .byte   0xEF, 0xDD, 0xCF, 0x33, 0x43, 0x45, 0x55, 0x34, 0x44, 0xEE, 0xEE, 0xDD, 0xDD, 0xED, 0xCD, 0xDF
    .byte   0xE0, 0x11, 0x32, 0x33, 0x33, 0x11, 0x1F, 0xEE,   27, 0x0D, 0xDD, 0xDE, 0xEE, 0xEF, 0x12, 0x32
    .byte   0x0F, 0xF0, 0x01, 0xFD, 0xDD, 0xDE, 0xFE, 0xDD, 0xC0, 0x23, 0x33, 0x35, 0x54, 0x43, 0x44, 0x2F
    .byte   0xE1, 0xDD, 0xED, 0x1D, 0xDC, 0xEE, 0x0E, 0xE0, 0x21,    4, 0x03, 0x32, 0x22, 0xF0, 0x1F, 0xEE
    .byte   0xDD, 0xEE, 0xEE, 0xDE, 0x02, 0x11, 0x11, 0x10, 0x01, 0x0E, 0xDD, 0xEF, 0xFD, 0xED, 0xFE, 0xE0
    .byte   0x22, 0x32, 0x44, 0x53, 0x24, 0x43, 0x20, 0x1F, 0xED, 0xE0,   46, 0x0E, 0xCD, 0xE1, 0xED, 0xFF
    .byte   0x02, 0x23, 0x20, 0x12, 0x22, 0x0E, 0xEE, 0xEE, 0xED, 0xEE, 0xDE, 0xF2, 0x0F, 0xE0, 0x12, 0x1E
    .byte   0xF1, 0xFE, 0xEF, 0x0E, 0xDD, 0x01, 0x0E, 0xE1, 0x33, 0x23, 0x43,    8, 0x03, 0x33, 0x33, 0xFF
    .byte   0x10, 0x0F, 0xEE, 0xDD, 0xFF, 0xEE, 0xDE, 0x03, 0x12, 0xE1, 0x22, 0x22, 0x1F, 0xE0, 0xEE, 0x0E
    .byte   0xDD, 0xD1, 0xFE, 0xED, 0x02, 0x01, 0x20, 0xFF, 0xF1, 0x10, 0xEE, 0xFF,  -35, 0x0E, 0xF0, 0xFF
    .byte   0xF2, 0x22, 0x23, 0x33, 0x12, 0x33, 0x31, 0x10, 0x12, 0x21, 0xEE, 0xEE, 0xE2, 0xEE, 0xDF, 0x02
    .byte   0x2F, 0xEF, 0x12, 0x21, 0x10, 0xDF, 0x2F, 0xFD, 0xDE, 0xF0, 0xEE, 0xFF, 0xFE,  -21, 0x02, 0x00
    .byte   0xE1, 0x22, 0xEE, 0x12, 0xEE, 0xF2, 0x10, 0xEF, 0x12, 0x2E, 0xF2, 0x21, 0x12, 0x21, 0x21, 0x22
    .byte   0x2F, 0x01, 0x22, 0xF0, 0x00, 0x1E, 0x00, 0x0F, 0xEF, 0x10, 0xE0, 0x11, 0xFE, 0xF2,   12, 0x0E
    .byte   0xD0, 0x21, 0xED, 0x01, 0x11, 0xEF, 0x10, 0xEE, 0x32, 0xED, 0x13, 0x20, 0xEE, 0x22, 0x2E, 0xE1
    .byte   0x10, 0xF1, 0x1F, 0xFF, 0xF2, 0x2F, 0xEF, 0x22, 0x10, 0xF1, 0x0F, 0x12, 0x1F, 0xE1, 0x20,    5
    .byte   0x01, 0x00, 0xF0, 0xF1, 0x10, 0xFE, 0x21, 0x0F, 0xF0, 0xF1, 0xF1, 0xFF, 0xF0, 0x11, 0xFF, 0xF1
    .byte   0x00, 0x0F, 0x11, 0xE1, 0x11, 0xFF, 0x01, 0x0F, 0x0F, 0x11, 0xF0, 0x00, 0x0F, 0x10, 0xF0, 0x00
    .byte     -2, 0x00, 0x00, 0xF1, 0xF0, 0x01, 0xF0, 0x00, 0x11, 0x00, 0x0F, 0x11, 0xF0, 0x01, 0xF1, 0x00
    .byte   0x0F, 0x00, 0x1F, 0x00, 0x00, 0x01, 0x00, 0x00, 0x01, 0xF1, 0x00, 0x00, 0x01, 0x00, 0x00, 0x00
    .byte   0x0F,    1, 0x01, 0xF0, 0x00, 0x0F, 0x00, 0x00, 0x0F, 0xF1, 0x00, 0xF0, 0x00, 0x00, 0x00, 0x00
    .byte   0x1F, 0x10, 0x00, 0x00, 0x01, 0x00, 0x00, 0x00, 0x01, 0xF0, 0x1F, 0x01, 0x0F, 0x11, 0xF0, 0xF1
    .byte   0x1F, 0x01,    1, 0x00, 0x00, 0x00, 0x1F, 0x10, 0xF1, 0xF0, 0x00, 0x00, 0x00, 0x0F, 0x00, 0x00
    .byte   0xF0, 0x00, 0x1F, 0x1F, 0x0F, 0x10, 0x00, 0x01, 0xF0, 0x00, 0x1F, 0x00, 0x10, 0xF0, 0x10, 0x00
    .byte   0x0F, 0x10, 0x00,    0, 0x00, 0x10, 0x0F, 0x00, 0x10, 0xF1, 0x00, 0x0F, 0x00, 0x1F, 0x01, 0x0F
    .byte   0x00, 0x00, 0x00, 0xF1, 0x1F, 0x00, 0x00, 0xF1, 0x0F, 0x00, 0x01, 0x0F, 0x10, 0xF0, 0x10, 0xF1
    .byte   0x0F, 0x11, 0xF0, 0x00,    0, 0x00, 0x10, 0xF1, 0xF0, 0x1F, 0x00, 0x00, 0x1F, 0x00, 0x01, 0xF0
    .byte   0x00, 0x00, 0x00, 0xF1, 0x00, 0xF1, 0x0F, 0x00, 0x1F, 0x1F, 0x01, 0x00, 0x0F, 0x1F, 0x1F, 0x1F
    .byte   0x00, 0x10, 0x00, 0x00, 0x00,   -1, 0x00, 0x1F, 0x10, 0x00, 0x1F, 0x1F, 0xF1, 0x00, 0x10, 0xF0
    .byte   0x10, 0xF1, 0x1F, 0x01, 0xFF, 0x1F, 0x11, 0xFF, 0x1F, 0x1F, 0x00, 0x00, 0x00, 0x00, 0xF1, 0x0F
    .byte   0x1F, 0x00, 0x00, 0x00, 0x00, 0xF1,   -1, 0x0F, 0x10, 0xF1, 0x00, 0x1F, 0x1F, 0x00, 0x1F, 0x00
    .byte   0x10, 0x00, 0x00, 0x01, 0x0F, 0x1F, 0x10, 0x00, 0x1F, 0x01, 0xF1, 0x0F, 0x00, 0x1F, 0x00, 0x00
    .byte   0x00, 0x00, 0xF0, 0x1F, 0xF1, 0x0F, 0x01,    0, 0x00, 0x00, 0x0F, 0x00, 0x00, 0x1F, 0x00, 0x00
    .byte   0x10, 0xF1, 0xF1, 0x00, 0x00, 0xF0, 0x01, 0x0F, 0x01, 0x10, 0xFF, 0x00, 0x20, 0x0E, 0xE1, 0x05
    .byte   0x5A, 0xAB, 0x47, 0x7E, 0x98, 0xE7, 0x75, 0x98,  -59, 0x06, 0x74, 0xCA, 0xB2, 0x66, 0xD9, 0xB1
    .byte   0x57, 0x4B, 0x9C, 0x46, 0x4C, 0xBC, 0x45, 0x4E, 0xCC, 0xE2, 0x31, 0xE0, 0x12, 0x2E, 0xEF, 0x21
    .byte   0x0E, 0xE1, 0x33, 0x0D, 0xDE, 0x13, 0x1E, 0xD0, 0x34,   23, 0x0D, 0xCC, 0xD4, 0x43, 0xDE, 0xE1
    .byte   0x32, 0xED, 0xD1, 0x32, 0x2E, 0xD1, 0x03, 0x3D, 0xDE, 0xF4, 0x2C, 0xED, 0xC4, 0x66, 0x2A, 0x9B
    .byte   0x47, 0x4C, 0xBC, 0x46, 0x4E, 0xAA, 0xE5, 0x64, 0xB9, 0xD6,   38, 0x05, 0xA9, 0xB3, 0x75, 0xCA
    .byte   0xC4, 0x55, 0xDA, 0xC3, 0x55, 0xDB, 0xCF, 0x54, 0xDC, 0xC1, 0x54, 0xEC, 0xCD, 0x43, 0x1D, 0xCE
    .byte   0x55, 0x2F, 0xBD, 0x23, 0x2D, 0xDD, 0x33, 0x2E, 0xEE, 0xF2, 0x22,   -2, 0x0D, 0x02, 0x32, 0xFF
    .byte   0x13, 0x0E, 0xFE, 0xDE, 0xF2, 0x01, 0x0E, 0x20, 0x12, 0xF2, 0xEE, 0x20, 0x21, 0xE0, 0x2E, 0xF1
    .byte   0x12, 0x1E, 0xDE, 0x30, 0xF0, 0x00, 0x0F, 0xE3, 0x22, 0xED, 0xF2, 0x11,    4, 0x00, 0xEF, 0xF2
    .byte   0x2E, 0xEE, 0x12, 0x0F, 0x01, 0x11, 0x11, 0x0F, 0xE1, 0x11, 0x0F, 0x0E, 0xF2, 0x01, 0x0F, 0x10
    .byte   0xF2, 0x2E, 0xEE, 0xF3, 0x10, 0xEF, 0xF0, 0x20, 0x2D, 0xE0, 0xF2, 0x21, 0x2E,    2, 0x01, 0x20
    .byte   0x0E, 0xDE, 0x32, 0xFF, 0xE1, 0x12, 0x00, 0xEF, 0xE1, 0x21, 0x2F, 0xFF, 0x0F, 0x01, 0x0F, 0x1F
    .byte   0xFF, 0x0F, 0x22, 0xEE, 0xF1, 0x20, 0xFE, 0x12, 0x1F, 0xE0, 0x12, 0x0E, 0x01, 0x01,    2, 0x0F
    .byte   0x11, 0xF0, 0xF0, 0x1F, 0xEF, 0x02, 0x2F, 0xFE, 0x01, 0x20, 0xFE, 0x00, 0x10, 0x12, 0x0F, 0xEE
    .byte   0x12, 0x2F, 0xEE, 0x12, 0x2E, 0xFF, 0x02, 0xF0, 0x10, 0x11, 0xFF, 0xFE, 0x12, 0xEF, 0xFF,   -2
    .byte   0x01, 0x21, 0xEF, 0xE2, 0x2F, 0xFF, 0x1F, 0xF2, 0x00, 0xFE, 0x02, 0x0F, 0x0E, 0x0E, 0x12, 0x2F
    .byte   0xE0, 0x3F, 0x1E, 0xE2, 0xF0, 0x1F, 0xE0, 0x12, 0x2F, 0xDF, 0x12, 0xFE, 0xF2, 0x21, 0x10, 0xE0
    .byte      2, 0x00, 0x10, 0xEE, 0x1F, 0x30, 0xFE, 0xE2, 0x02, 0xE0, 0x10, 0x2E, 0x01, 0x01, 0x0F, 0xFE
    .byte   0xF1, 0x21, 0x0F, 0xF0, 0x21, 0xEE, 0xE1, 0x32, 0x0E, 0xF1, 0x12, 0xFE, 0xED, 0x20, 0x22, 0xFF
    .byte   0xE2,    5, 0x01, 0xFE, 0x02, 0xEE, 0xF0, 0x12, 0x10, 0x1E, 0xE1, 0x22, 0x0D, 0xE2, 0x22, 0xFE
    .byte   0x22, 0xFE, 0xF1, 0x10, 0xEF, 0x1F, 0x11, 0x02, 0xEE, 0x23, 0x1D, 0xEF, 0x23, 0xEE, 0xEE, 0x23
    .byte   0x20, 0xEE,   -1, 0x01, 0x12, 0x0D, 0xE1, 0x22, 0x2E, 0x1F, 0xF0, 0x0F, 0x0E, 0x12, 0x20, 0x1E
    .byte   0xF0, 0xFF, 0x0E, 0x01, 0x02, 0xE1, 0x11, 0x2E, 0xF1, 0xE0, 0x12, 0x2F, 0xE1, 0x1E, 0xF1, 0x22
    .byte   0xEE, 0x02, 0x30,    6, 0x01, 0x00, 0x20, 0x21, 0xE0, 0x11, 0x1E, 0xEF, 0xEF, 0x21, 0x11, 0xE0
    .byte   0xF0, 0x1E, 0xE0, 0xEF, 0x20, 0x10, 0xEF, 0xEF, 0xEE, 0xDF, 0x00, 0x02, 0x21, 0x11, 0x23, 0xFD
    .byte   0xE1, 0x33, 0xF0, 0x42,   21, 0x02, 0x23, 0x1E, 0xE1, 0x1E, 0xEF, 0x22, 0xDF, 0x01, 0xFE, 0x00
    .byte   0xFE, 0xF2, 0x2F, 0xE0, 0xE0, 0xE0, 0x0E, 0xDD, 0xEF, 0xEE, 0xE1, 0xDE, 0xF2, 0xFE, 0xE0, 0x22
    .byte   0x01, 0x10, 0x00, 0x23, 0x22,  -16, 0x04, 0x43, 0x1E, 0x23, 0x13, 0xEF, 0xED, 0xF0, 0x32, 0xED
    .byte   0xC2, 0x13, 0x2E, 0xDE, 0x11, 0x32, 0xE1, 0xC2, 0x32, 0x2D, 0xDD, 0xEF, 0xF2, 0xDE, 0xDE, 0x31
    .byte   0x10, 0xE0, 0xE1, 0x0E, 0xED, 0xFF,  -44, 0x0E, 0xDF, 0xF1, 0x23, 0x23, 0x24, 0x54, 0x3E, 0x14
    .byte   0xE3, 0xF0, 0xDC, 0xEE, 0x3E, 0xED, 0xD0, 0xE2, 0x22, 0xFD, 0x21, 0x42, 0xF0, 0xD0, 0x12, 0x2D
    .byte   0xDC, 0xEE, 0x30, 0xEE, 0xD0, 0x33, 0x2E,  -11, 0x0D, 0x21, 0x21, 0xDD, 0xDE, 0x0E, 0xEE, 0xDD
    .byte   0x22, 0x34, 0x23, 0x45, 0x34, 0x23, 0x20, 0x2E, 0xFD, 0xCE, 0xE0, 0xED, 0xEE, 0xEF, 0x22, 0x10
    .byte   0xF2, 0x32, 0x21, 0xEE, 0xFF, 0x10, 0xDE, 0xC0,  -12, 0x00, 0x10, 0xFE, 0xF0, 0x32, 0x11, 0xFE
    .byte   0x01, 0xFD, 0xDD, 0xDE, 0x1D, 0xED, 0xD2, 0x24, 0x42, 0x34, 0x54, 0x42, 0x33, 0xD2, 0xFD, 0xDC
    .byte   0xDE, 0xFD, 0xFD, 0xEF, 0xE3, 0x22, 0x0F, 0x33, 0x22,   33, 0x0E, 0xEE, 0xF2, 0xEC, 0xED, 0xD1
    .byte   0xF0, 0x0E, 0xF2, 0x23, 0x30, 0x1E, 0xF0, 0x1E, 0xDC, 0xDD, 0xFE, 0xED, 0xDF, 0x12, 0x44, 0x23
    .byte   0x54, 0x44, 0x33, 0x3D, 0x2E, 0xDD, 0xCD, 0xEE, 0xDE, 0xEE,  -10, 0x0E, 0x32, 0x20, 0x13, 0x23
    .byte   0x21, 0xEE, 0xF1, 0x1E, 0xDD, 0xDE, 0xE0, 0x0F, 0xEF, 0x22, 0x22, 0x22, 0x0E, 0x11, 0xED, 0xCE
    .byte   0xED, 0xED, 0xFD, 0xDF, 0x33, 0x33, 0x34, 0x54, 0x44, 0x33, 0xFF,   71, 0x0D, 0xEC, 0xCE, 0xED
    .byte   0xEE, 0xDE, 0xE2, 0x30, 0x11, 0x32, 0x33, 0x10, 0xEF, 0x01, 0x0D, 0xDD, 0xDE, 0xFF, 0xEE, 0xE1
    .byte   0x32, 0x22, 0x21, 0x11, 0x01, 0xDD, 0xDD, 0xEE, 0xDD, 0xED, 0xF1, 0x23,  -51, 0x03, 0x35, 0x54
    .byte   0x33, 0x42, 0xF2, 0x0D, 0xCD, 0xDE, 0xED, 0xDD, 0xEE, 0x02, 0x2F, 0xF2, 0x32, 0x33, 0x1F, 0xF0
    .byte   0x10, 0xED, 0xED, 0xDE, 0xEE, 0xEE, 0x02, 0x22, 0x12, 0x21, 0x22, 0xFE, 0xDE,  -20, 0x0E, 0xDD
    .byte   0xED, 0xEE, 0xEF, 0x12, 0x33, 0x35, 0x44, 0x42, 0x43, 0x02, 0x1E, 0xDD, 0xDE, 0xDD, 0xFD, 0xDE
    .byte   0xE1, 0x2E, 0x12, 0x13, 0x32, 0x21, 0x01, 0x2F, 0xEE, 0xDE, 0xDE, 0xEE, 0xED, 0x11,  -21, 0x01
    .byte   0x20, 0x22, 0x12, 0x1F, 0xEE, 0xEE, 0xED, 0xED, 0xEE, 0xEE, 0xFF, 0x23, 0x33, 0x44, 0x44, 0x24
    .byte   0x22, 0x21, 0xFE, 0xDD, 0x0D, 0xDE, 0xDE, 0xDE, 0x2E, 0x00, 0x12, 0x23, 0x21, 0x02, 0x21,   27
    .byte   0x0E, 0xFD, 0xEE, 0xEE, 0xDE, 0xEF, 0xF0, 0x2F, 0xF2, 0x21, 0x20, 0xFF, 0xE0, 0xEE, 0xED, 0xEE
    .byte   0xEE, 0xEE, 0x01, 0x32, 0x33, 0x43, 0x34, 0x33, 0x31, 0x21, 0x1E, 0xEF, 0xDE, 0xEE, 0xDD, 0xFE
    .byte      3, 0x0E, 0x00, 0x02, 0x12, 0x21, 0x20, 0x21, 0xF0, 0xEE, 0xEE, 0xEE, 0xEE, 0xEF, 0xF1, 0xE0
    .byte   0x01, 0x21, 0x10, 0xFF, 0x0E, 0x0F, 0xEE, 0xEE, 0xFF, 0x1D, 0xE2, 0x12, 0x23, 0x33, 0x23, 0x34
    .byte   0x22,   41, 0x03, 0xF0, 0x0E, 0x0E, 0xEE, 0xEE, 0xD0, 0xE0, 0xEE, 0x1E, 0x22, 0x12, 0xE2, 0x12
    .byte   0x0F, 0x0E, 0xE0, 0xEE, 0xEE, 0xEE, 0x0F, 0x1E, 0xE0, 0xF1, 0x12, 0x0F, 0xF0, 0x11, 0x0F, 0xEE
    .byte   0xFE, 0x11,  -30, 0x0E, 0xFE, 0x22, 0x21, 0x22, 0x32, 0x23, 0x32, 0x12, 0x22, 0x11, 0x10, 0xFF
    .byte   0xFE, 0xFE, 0xF0, 0xEE, 0xFE, 0x10, 0xF1, 0xF1, 0x00, 0x11, 0x1E, 0x0E, 0x00, 0xE0, 0xEE, 0x1E
    .byte   0xFF, 0x0E, 0x0F,  -16, 0x01, 0xFF, 0xFF, 0x11, 0xFF, 0x0F, 0xFF, 0x01, 0xE0, 0x00, 0x20, 0xF0
    .byte   0x01, 0x20, 0x21, 0x21, 0x22, 0x22, 0xF2, 0x20, 0x20, 0x00, 0x22, 0xF0, 0xFF, 0xF0, 0x10, 0xEF
    .byte   0xE0, 0x1F, 0x00, 0xEF,   12, 0x00, 0x10, 0xE0, 0xE0, 0x1F, 0x1E, 0xDF, 0x11, 0x10, 0xEE, 0x01
    .byte   0x21, 0xEE, 0xFF, 0x21, 0x1F, 0xEF, 0xF2, 0x2F, 0xEE, 0xE2, 0x22, 0x1E, 0xE1, 0x22, 0x22, 0xEE
    .byte   0xFF, 0x33, 0xEE, 0x1D, 0x32,   10, 0x02, 0xD0, 0x11, 0x22, 0x0E, 0xEE, 0x32, 0x11, 0xE0, 0xEF
    .byte   0x23, 0xEC, 0x1E, 0x31, 0x13, 0xCE, 0xF2, 0x4D, 0xD2, 0xD2, 0x00, 0x4D, 0xDD, 0x23, 0xE2, 0xFE
    .byte   0xDE, 0x33, 0x1F, 0xD3, 0xC0, 0x3F,    2, 0x0D, 0x0E, 0xE2, 0x23, 0xEE, 0xC2, 0x32, 0x3D, 0x1D
    .byte   0x23, 0xF2, 0xE1, 0xD3, 0x3D, 0x3C, 0x21, 0xD4, 0xD3, 0x1B, 0x43, 0xF2, 0xED, 0x1D, 0x35, 0xEC
    .byte   0xDF, 0x4E, 0x33, 0xCF, 0xDE, 0x6D, 0xDD,  -14, 0x03, 0x32, 0x3E, 0xC2, 0xF3, 0x4D, 0xDF, 0xCE
    .byte   0x34, 0x2C, 0xD1, 0x40, 0x22, 0xBD, 0x04, 0x3E, 0x0D, 0xE3, 0xE4, 0x3A, 0x14, 0xC4, 0x2D, 0xED
    .byte   0x32, 0x3E, 0xFD, 0xE4, 0xD4, 0x2B, 0x04, 0xC5,   -3, 0x02, 0xFE, 0x2C, 0x6B, 0x21, 0xD3, 0x3D
    .byte   0x4D, 0xDF, 0x4B, 0x42, 0xC5, 0xA5, 0x0D, 0x22, 0xD3, 0x1C, 0x5E, 0xB6, 0xBE, 0x4C, 0x4D, 0x12
    .byte   0xD4, 0xCF, 0x4C, 0x4B, 0x31, 0x03, 0xEE, 0x1F, 0x03,    5, 0x01, 0xE0, 0xC4, 0xEE, 0x4B, 0x32
    .byte   0xD5, 0xC1, 0xEE, 0x3F, 0x13, 0xDD, 0x4C, 0x5D, 0xC4, 0xC2, 0x3D, 0x4E, 0xC3, 0xE1, 0x21, 0xD2
    .byte   0xD3, 0x3F, 0x2F, 0xC3, 0x2C, 0x5C, 0x1E, 0x03, 0xE3, 0xD1,   -7, 0x03, 0x1E, 0x3D, 0xD4, 0xD1
    .byte   0x4B, 0x4D, 0x13, 0xD3, 0xED, 0x23, 0xD3, 0xFD, 0x3D, 0x04, 0xC3, 0xDF, 0x12, 0xE3, 0xDF, 0x3F
    .byte   0xF2, 0xFD, 0x3C, 0x4E, 0x0F, 0xE1, 0x2E, 0x13, 0xC3, 0xE2, 0x2F,    3, 0x0E, 0x2D, 0x32, 0xD3
    .byte   0xC3, 0x1E, 0x3D, 0x2E, 0x10, 0xE4, 0xDE, 0x4B, 0x5C, 0x23, 0xD2, 0xD3, 0xE1, 0xFE, 0x1E, 0x30
    .byte   0xD4, 0xC3, 0xE1, 0xF2, 0xEE, 0x3D, 0x2F, 0x1E, 0x3D, 0x20, 0xF2, 0xD3,   -2, 0x00, 0x2E, 0x2E
    .byte   0x2F, 0xF2, 0xD3, 0xD2, 0x0F, 0xF2, 0xE2, 0x3C, 0x3D, 0x3E, 0xF1, 0xFF, 0x2E, 0x2F, 0x02, 0xE1
    .byte   0xF2, 0xE0, 0x2E, 0xF3, 0xC4, 0xD2, 0x1E, 0x2E, 0x2E, 0x2E, 0xF2, 0xD3, 0xE1,    3, 0x0E, 0x1E
    .byte   0x21, 0xD3, 0xFF, 0x2D, 0x4C, 0x3E, 0x02, 0xE1, 0xF2, 0xD3, 0xD3, 0xEF, 0x1E, 0x3D, 0x3D, 0x3D
    .byte   0x20, 0x2E, 0x11, 0xE3, 0xD2, 0xFF, 0xF1, 0xF0, 0x2E, 0xF3, 0xD3, 0xD2, 0x2D, 0x3D,    4, 0x0E
    .byte   0x2E, 0x2D, 0x22, 0xD3, 0xE1, 0x00, 0xF2, 0xFF, 0x0F, 0x11, 0xF1, 0xFE, 0x2E, 0x3E, 0x0E, 0x01
    .byte   0xE3, 0xE1, 0xE2, 0xD4, 0xD2, 0x0E, 0x1D, 0x4C, 0x4D, 0xE3, 0xD3, 0xE0, 0x3C, 0x3E, 0x2F,    1
    .byte   0x0F, 0xE2, 0xE3, 0xE2, 0xD3, 0xD2, 0x0E, 0x3D, 0x3D, 0x3E, 0x11, 0xD3, 0xD3, 0xE2, 0xE1, 0x1E
    .byte   0x20, 0xE3, 0xD2, 0xE2, 0x1E, 0x3C, 0x4C, 0x4E, 0xE3, 0xD1, 0x1F, 0x02, 0xD2, 0x1E, 0x2E, 0x3D
    .byte      2, 0x0E, 0x2F, 0xE3, 0xC4, 0xD2, 0xF0, 0xF1, 0xFF, 0x2E, 0x2F, 0xE2, 0xF1, 0x1E, 0x11, 0x1F
    .byte   0x1E, 0x2E, 0x21, 0xE2, 0xE1, 0xF2, 0xF1, 0xE2, 0xFE, 0x3D, 0x20, 0xE2, 0xE1, 0x02, 0xF0, 0xF0
    .byte   0x01,   -4, 0x02, 0x0E, 0x3D, 0x3E, 0x21, 0xD2, 0xE2, 0xFE, 0x2F, 0x1F, 0x12, 0xD3, 0xD2, 0x0F
    .byte   0x02, 0xE2, 0x0F, 0x2D, 0x3D, 0x3D, 0x12, 0xE1, 0x12, 0xD2, 0x2E, 0x2F, 0xF0, 0x0E, 0x2F, 0x02
    .byte   0xE1, 0x01,    0, 0x02, 0xD3, 0xE0, 0x1F, 0x01, 0xE0, 0x2E, 0x3D, 0x2E, 0x3D, 0x2F, 0xE3, 0xD3
    .byte   0xEE, 0x3D, 0x2F, 0xF1, 0xF1, 0xE2, 0xE2, 0x1E, 0x3D, 0x22, 0xD3, 0xEF, 0x00, 0xF1, 0x00, 0xF2
    .byte   0xE1, 0xE2, 0x1E,    2, 0x0E, 0x11, 0x10, 0x2D, 0x20, 0x00, 0xF0, 0x10, 0x1F, 0x1F, 0x01, 0xE2
    .byte   0xE2, 0xE1, 0x11, 0xF2, 0xE0, 0x0E, 0x3D, 0x3E, 0xE3, 0xE1, 0x2D, 0x20, 0xF1, 0x1E, 0x2E, 0x2E
    .byte   0x12, 0xE1, 0xE2, 0xE2,    2, 0x0E, 0x3D, 0x12, 0xE2, 0xE2, 0xE0, 0x1F, 0x01, 0x0F, 0xF2, 0xE3
    .byte   0xD2, 0xE2, 0xFE, 0x3D, 0x3D, 0x2F, 0xF2, 0xFE, 0x2E, 0x01, 0xF2, 0xE1, 0xE3, 0xD3, 0xFE, 0x1E
    .byte   0x20, 0xF2, 0xE1, 0xE3, 0xD3,    2, 0x0D, 0x3E, 0x2F, 0x2D, 0x3D, 0x20, 0xE3, 0xD2, 0x0F, 0x2E
    .byte   0xF2, 0xE2, 0xFE, 0x20, 0xF1, 0x2D, 0x3E, 0xE3, 0xD2, 0x1F, 0xF0, 0xF1, 0x2D, 0x3E, 0xE2, 0xE3
    .byte   0xD2, 0xF0, 0x01, 0x2D, 0x3D, 0x3D,    6, 0x0E, 0x1E, 0x11, 0xE3, 0xD2, 0xE1, 0x11, 0xF2, 0xE1
    .byte   0xFF, 0x2E, 0x2E, 0x11, 0xF2, 0xE2, 0xF1, 0xE0, 0x2E, 0x10, 0xF0, 0x1F, 0x2E, 0x01, 0xE2, 0x0F
    .byte   0x2F, 0xE2, 0xE2, 0xF0, 0xF0, 0xFF, 0x11,   -1, 0x0F, 0x1E, 0x3E, 0x1F, 0x1E, 0x20, 0x10, 0x1D
    .byte   0x3E, 0x12, 0xD3, 0xD2, 0x10, 0xF0, 0xF1, 0x11, 0xF2, 0xE0, 0x0F, 0x02, 0xE1, 0x1E, 0x3D, 0x2F
    .byte   0x0E, 0x2E, 0x3E, 0xE3, 0xD1, 0x12, 0xD3, 0xEF,    4, 0x0D, 0x3E, 0x0F, 0x1F, 0xE3, 0xD2, 0x02
    .byte   0xE1, 0x01, 0xE1, 0x2E, 0x2E, 0x2E, 0x2E, 0x2F, 0xF1, 0xFF, 0x0F, 0x11, 0xE2, 0x1E, 0x2F, 0x1F
    .byte   0x01, 0x01, 0xF0, 0xE2, 0xE2, 0xF1, 0xF1, 0xE2, 0x1E,    3, 0x0E, 0xF2, 0xE2, 0xF0, 0xE1, 0x2E
    .byte   0x2E, 0x1F, 0x01, 0x11, 0x1E, 0x11, 0x11, 0xE2, 0xEE, 0x3E, 0x02, 0xE2, 0xD3, 0xE2, 0xE0, 0x2D
    .byte   0x3D, 0x3E, 0x02, 0xD4, 0xC3, 0xE1, 0xF0, 0xF0, 0x02, 0xFF,    4, 0x0D, 0x3E, 0x00, 0xFF, 0x2E
    .byte   0x12, 0xE1, 0x1E, 0x2E, 0x20, 0xE2, 0x1E, 0x21, 0xD2, 0xF2, 0xF2, 0xEF, 0x2E, 0x2F, 0x00, 0xFE
    .byte   0x2E, 0x2E, 0xF2, 0xE2, 0x2E, 0xF1, 0xE2, 0x01, 0xE2, 0x1E, 0x3D,    3, 0x0F, 0xE3, 0xD2, 0xEE
    .byte   0x21, 0x2F, 0xFE, 0x2F, 0x02, 0xE1, 0xE1, 0x2F, 0x3C, 0x3D, 0x22, 0x0F, 0xFE, 0x02, 0xF2, 0x0E
    .byte   0xE3, 0xE3, 0xFC, 0x3D, 0x23, 0xFE, 0xE3, 0xC5, 0xC3, 0x2B, 0x4E, 0x12,    2, 0x0D, 0x20, 0xF4
    .byte   0xDF, 0x2C, 0x32, 0xFF, 0xEE, 0xF3, 0x12, 0x2C, 0x02, 0xE4, 0xD1, 0xEF, 0xF4, 0xD1, 0xFC, 0x31
    .byte   0x22, 0xED, 0x3D, 0x32, 0xFE, 0xEE, 0x32, 0xE3, 0xC1, 0x21, 0x3F, 0xC4, 0xC2,   12, 0x0C, 0x20
    .byte   0xD3, 0xF2, 0xF2, 0xC3, 0x2D, 0x4C, 0x22, 0xD3, 0x1E, 0x20, 0xE0, 0x2E, 0x2E, 0xEE, 0x3E, 0x3F
    .byte   0xE2, 0xD3, 0xE1, 0x0D, 0x30, 0x12, 0x0E, 0xD1, 0x30, 0x1E, 0xDF, 0x23, 0x21, 0xDD,   -9, 0x03
    .byte   0x31, 0x1B, 0x30, 0x33, 0xDE, 0xC3, 0x23, 0x3D, 0xDD, 0x24, 0xE3, 0xB0, 0x22, 0x42, 0xCE, 0x0D
    .byte   0x5E, 0xFD, 0xEF, 0x3F, 0xE3, 0xDD, 0x5C, 0x32, 0xA5, 0x1E, 0x4E, 0xB4, 0x0E, 0x6B, 0xC2,  -14
    .byte   0x03, 0x5C, 0xC3, 0xC4, 0x5A, 0x5D, 0xB5, 0x3D, 0x3E, 0xB5, 0x1D, 0x4B, 0x04, 0xC4, 0x2B, 0x33
    .byte   0xD4, 0xFB, 0x40, 0xF4, 0xCC, 0x4E, 0x34, 0xBD, 0x4C, 0x53, 0xA3, 0x2C, 0x6E, 0xB5, 0xBE, 0x6C
    .byte     -4, 0x03, 0xB4, 0x5B, 0x3D, 0xC5, 0x3D, 0x3B, 0xD5, 0x22, 0xFB, 0xE4, 0x23, 0x2B, 0xD3, 0x34
    .byte   0x1C, 0xC2, 0x25, 0xEC, 0xED, 0x35, 0xDD, 0xDD, 0x44, 0x0D, 0xCD, 0x44, 0xFD, 0xCF, 0x43, 0xFD
    .byte   0xC1,    4, 0x03, 0xED, 0xC2, 0x41, 0x1D, 0xE1, 0x32, 0x1D, 0xE1, 0x22, 0x0D, 0xF2, 0x22, 0xED
    .byte   0x11, 0x31, 0xD0, 0x12, 0x2D, 0xE1, 0x33, 0xED, 0xD3, 0x33, 0xDC, 0xF2, 0x42, 0xCD, 0x12, 0x42
    .byte   0xCE, 0xE2,   10, 0x0E, 0xDE, 0xF3, 0x3E, 0xED, 0x03, 0x3E, 0xDD, 0x23, 0x3E, 0xDE, 0x13, 0x2E
    .byte   0xDE, 0x23, 0x2E, 0xEE, 0x22, 0x1E, 0xEE, 0x23, 0xFE, 0xEE, 0x23, 0xF1, 0xDE, 0x22, 0x2F, 0xDF
    .byte   0x22, 0x2E, 0xD1,   -1, 0x02, 0x2E, 0xD1, 0x13, 0x1D, 0xF0, 0x23, 0xEE, 0xE0, 0x22, 0xEE, 0x00
    .byte   0x12, 0x2E, 0xEF, 0x21, 0x1E, 0xE1, 0x12, 0x0E, 0x10, 0x12, 0xE0, 0xF1, 0x11, 0xFF, 0x00, 0x2F
    .byte   0xFF, 0xF0, 0x2F, 0xEF,   -2, 0x02, 0x10, 0xE0, 0x12, 0x0F, 0xE0, 0x21, 0x0E, 0x01, 0x2F, 0xFF
    .byte   0x01, 0x1F, 0x0E, 0x12, 0x0E, 0x0F, 0x11, 0xFF, 0xF0, 0x10, 0xFF, 0x00, 0x0F, 0x0F, 0x01, 0xF0
    .byte   0x00, 0x10, 0xF0, 0xFF, 0x10,   -8, 0x00, 0x11, 0x10, 0x02, 0x12, 0x10, 0x12, 0x21, 0xFF, 0x22
    .byte   0xF0, 0xF0, 0x10, 0xFE, 0xFF, 0x0E, 0x0E, 0xE1, 0x0E, 0xFF, 0xF0, 0x0F, 0xEF, 0xF1, 0xFE, 0xFE
    .byte   0x00, 0xEE, 0x0E, 0xFF, 0xEF, 0xFF,  -41, 0x02, 0x32, 0x23, 0x43, 0x22, 0x33, 0x32, 0x12, 0x22
    .byte   0x0F, 0xDE, 0x0E, 0xCD, 0xDE, 0xDD, 0xDD, 0x10, 0xFF, 0x11, 0x31, 0x21, 0x22, 0x21, 0x11, 0x1F
    .byte   0xFE, 0xFE, 0xEF, 0xDE, 0xEE, 0xEE, 0xED,  -52, 0x0F, 0xF0, 0xF3, 0x33, 0x22, 0x44, 0x20, 0x34
    .byte   0x31, 0x13, 0x30, 0x1F, 0xEF, 0xED, 0xDC, 0xDF, 0xDC, 0xDE, 0xFE, 0xDE, 0x22, 0x21, 0x12, 0x33
    .byte   0x2F, 0x23, 0x20, 0xFF, 0x11, 0xEE, 0xE0, 0xEE,   -8, 0x0E, 0xEE, 0xEE, 0xEE, 0xEE, 0xFF, 0xEE
    .byte   0xF1, 0x33, 0x12, 0x33, 0x41, 0x23, 0x43, 0x20, 0x34, 0x2F, 0xF1, 0xFE, 0xDD, 0xDE, 0xCC, 0xDD
    .byte   0xED, 0xDE, 0xF1, 0xF0, 0x12, 0x32, 0x22, 0x23, 0x22,   12, 0x01, 0x21, 0x0F, 0x00, 0xEE, 0xEF
    .byte   0xEE, 0xEE, 0xFE, 0xEE, 0xEE, 0xD0, 0xEE, 0xEE, 0x23, 0x3E, 0x24, 0x40, 0xE4, 0x43, 0x22, 0x34
    .byte   0x2F, 0x12, 0x2E, 0xDD, 0xED, 0xDC, 0xCF, 0xDD, 0xDD, 0x01,  -37, 0x0E, 0xF2, 0x31, 0x12, 0x33
    .byte   0x21, 0x22, 0x22, 0xF1, 0x11, 0xFE, 0xE0, 0xEE, 0xEE, 0xFF, 0xDE, 0xEE, 0xED, 0xE0, 0xEE, 0xE2
    .byte   0x32, 0xF3, 0x33, 0x3F, 0x34, 0x32, 0x33, 0x42, 0x02, 0x22, 0xED,   64, 0x0E, 0xDD, 0xCD, 0xDD
    .byte   0xDD, 0xDF, 0xFE, 0xEE, 0x23, 0xFF, 0x23, 0x22, 0x13, 0x22, 0x11, 0x12, 0x0F, 0xEF, 0x0E, 0xEE
    .byte   0xFE, 0x0D, 0xFE, 0xEF, 0xDE, 0xEF, 0xEE, 0xE2, 0x32, 0xF3, 0x33, 0x2F,    4, 0x04, 0x22, 0x34
    .byte   0x32, 0xF3, 0x21, 0xDE, 0xFE, 0xDC, 0xDD, 0xDD, 0xDD, 0xEE, 0xFD, 0xFF, 0x20, 0x11, 0x23, 0x21
    .byte   0x23, 0x12, 0x11, 0x22, 0x0E, 0xF1, 0xFE, 0xE0, 0xEF, 0xEE, 0xEE, 0xEE, 0xEE,  -41, 0x0F, 0xEE
    .byte   0xE2, 0x31, 0xE3, 0x33, 0x11, 0x34, 0x31, 0x34, 0x32, 0x23, 0x3F, 0xEE, 0xFE, 0xDD, 0xCE, 0xDD
    .byte   0xDD, 0xD0, 0xED, 0xE0, 0x11, 0xE0, 0x32, 0x20, 0x23, 0x20, 0x12, 0x21, 0x01, 0x10,    9, 0x00
    .byte   0xEF, 0xEF, 0xEE, 0xFE, 0xEE, 0xEE, 0xDF, 0xEE, 0xEF, 0x13, 0x0F, 0x33, 0x3F, 0x04, 0x41, 0x23
    .byte   0x44, 0xF0, 0x42, 0xFE, 0xEF, 0xED, 0xDD, 0xDE, 0xCE, 0xDD, 0x0D, 0xEE, 0x0F, 0xFE, 0x22,  -26
    .byte   0x01, 0x22, 0x3F, 0x12, 0x22, 0xF0, 0x22, 0xFF, 0xF0, 0x0E, 0xFE, 0xFE, 0xEE, 0xEE, 0xED, 0xEF
    .byte   0xEE, 0xEE, 0x32, 0xF1, 0x33, 0x21, 0x24, 0x32, 0x24, 0x42, 0x13, 0x32, 0xFE, 0xF1, 0xDD, 0xDE
    .byte     34, 0x0D, 0xCE, 0xED, 0xED, 0xE0, 0xEF, 0xEF, 0x22, 0xF0, 0x23, 0x10, 0x22, 0x21, 0xF2, 0x21
    .byte   0x00, 0x10, 0x0E, 0xE0, 0xEF, 0xEE, 0xEE, 0xEE, 0xDE, 0x0E, 0xEE, 0x23, 0x0E, 0x33, 0x3E, 0x24
    .byte   0x4F,   18, 0x04, 0x42, 0x03, 0x32, 0xFE, 0x11, 0xDD, 0xED, 0xDE, 0xDD, 0xDE, 0xDE, 0xDF, 0x1E
    .byte   0xEE, 0x22, 0xF1, 0x13, 0x20, 0x02, 0x30, 0x00, 0x22, 0xFF, 0x01, 0xFF, 0xEF, 0xFE, 0xEE, 0xEF
    .byte   0xEE, 0xDF,  -41, 0x0E, 0xEE, 0x03, 0x1E, 0x23, 0x32, 0xF3, 0x42, 0x23, 0x44, 0x1F, 0x43, 0x0E
    .byte   0x01, 0xFD, 0xDE, 0xDF, 0xCD, 0xED, 0xED, 0xEE, 0xEE, 0x0E, 0xF2, 0xF1, 0x12, 0x21, 0x12, 0x22
    .byte   0x11, 0x22, 0x1F,    6, 0x01, 0xFF, 0x0E, 0x0E, 0xEF, 0xEE, 0xDF, 0xED, 0xEE, 0x0E, 0xEF, 0x32
    .byte   0xE2, 0x33, 0x20, 0x34, 0x3F, 0x34, 0x41, 0x04, 0x30, 0xE0, 0x0F, 0xDD, 0xEE, 0xDC, 0xDF, 0xDE
    .byte   0xDD, 0x0E, 0xEF, 0xEF,  -28, 0x0F, 0xF1, 0x22, 0x11, 0x23, 0x11, 0x12, 0x21, 0xF1, 0x11, 0xFE
    .byte   0x0F, 0xEE, 0xEE, 0xEE, 0xEE, 0xED, 0xEF, 0xFE, 0xE2, 0x3F, 0x13, 0x33, 0xE2, 0x43, 0x22, 0x44
    .byte   0x3E, 0x34, 0x2E, 0xE0, 0x2D,   59, 0x0E, 0xDE, 0xDC, 0xEE, 0xDE, 0xDD, 0x1E, 0xEE, 0x01, 0x2E
    .byte   0x12, 0x22, 0x11, 0x32, 0x10, 0x22, 0x1F, 0x11, 0x1F, 0xEF, 0x1E, 0xEE, 0xFE, 0xED, 0xEE, 0xEE
    .byte   0xEE, 0xFE, 0x13, 0x11, 0x23, 0x32,  -19, 0x04, 0x33, 0x13, 0x44, 0x02, 0x33, 0x0E, 0xF1, 0xFD
    .byte   0xDD, 0xEE, 0xCD, 0xED, 0xED, 0xD0, 0xEF, 0xEE, 0x10, 0x20, 0xF2, 0x31, 0x01, 0x32, 0x11, 0x22
    .byte   0x0F, 0x11, 0x0E, 0xFE, 0xFE, 0xEF, 0xEE,  -26, 0x0E, 0xFE, 0xDF, 0xE0, 0xEE, 0x23, 0x10, 0x23
    .byte   0x4E, 0xF4, 0x42, 0x22, 0x44, 0x10, 0x34, 0x1D, 0xE2, 0x0D, 0xDD, 0xEE, 0xCD, 0xDE, 0xED, 0xDE
    .byte   0xE1, 0x0E, 0xF1, 0x22, 0xF0, 0x23, 0x01, 0x13,    3, 0x0F, 0x12, 0x2F, 0xEF, 0x2E, 0xEE, 0x0E
    .byte   0xEE, 0xEE, 0xEE, 0xEE, 0xEE, 0xFF, 0xEE, 0x23, 0x11, 0x23, 0x41, 0xE3, 0x43, 0x21, 0x44, 0x3F
    .byte   0x23, 0x3E, 0xD0, 0x0F, 0xCD, 0xEF, 0xCD, 0xDE, 0xDE,  -17, 0x0E, 0xEE, 0x1E, 0xF0, 0x22, 0x10
    .byte   0x22, 0x20, 0x22, 0x21, 0x02, 0x2F, 0xFF, 0x1F, 0xEE, 0xF0, 0xDE, 0x0E, 0xED, 0xFF, 0xFD, 0xFF
    .byte   0xEF, 0xF2, 0x30, 0xF3, 0x33, 0x11, 0x43, 0x32, 0x14, 0x42,   63, 0x02, 0x32, 0xFD, 0xFF, 0xED
    .byte   0xDD, 0xED, 0xDD, 0xDE, 0xEE, 0xED, 0x01, 0x0E, 0x12, 0x20, 0xF2, 0x3F, 0x20, 0x22, 0x0F, 0x21
    .byte   0x1F, 0xF0, 0xFE, 0xFE, 0xFE, 0xEE, 0xEE, 0xEF, 0xEF, 0xEE, 0xFF,  -49, 0x0F, 0x13, 0x20, 0x23
    .byte   0x32, 0x13, 0x34, 0x11, 0x34, 0x32, 0x12, 0x21, 0xEE, 0xEE, 0xED, 0xDD, 0xDE, 0xED, 0xDE, 0xE0
    .byte   0xDF, 0xF0, 0x0F, 0x02, 0x11, 0x22, 0x12, 0x12, 0x12, 0x10, 0x10, 0x10,    3, 0x0F, 0xEF, 0xEF
    .byte   0xEE, 0xEF, 0x0E, 0xEF, 0xEF, 0x0E, 0xEF, 0xFF, 0x22, 0x22, 0x03, 0x32, 0x21, 0x33, 0x32, 0x23
    .byte   0x32, 0x30, 0x20, 0x10, 0xED, 0xEE, 0xED, 0xDD, 0xEE, 0xED, 0xEE, 0xEF, 0xEF,  -25, 0x00, 0x20
    .byte   0x2F, 0x22, 0x20, 0x11, 0x22, 0xFF, 0x11, 0x10, 0xFE, 0xF1, 0xEE, 0xEE, 0xFE, 0xE0, 0x0E, 0xFF
    .byte   0xF0, 0x0E, 0x01, 0xE1, 0x23, 0xF2, 0xF2, 0x4F, 0x11, 0x33, 0x22, 0x23, 0x23, 0x21,   57, 0x00
    .byte   0x10, 0xEE, 0xDF, 0xEE, 0xDE, 0xD0, 0xEE, 0xED, 0x10, 0xEF, 0xFE, 0x22, 0xF2, 0xE1, 0x31, 0xF0
    .byte   0xF1, 0x20, 0xFF, 0x01, 0x11, 0xEE, 0x10, 0xEE, 0xEE, 0x1E, 0x10, 0xE0, 0xF1, 0xE2, 0xFE,  -28
    .byte   0x0E, 0xE3, 0x3E, 0x1F, 0x22, 0x4E, 0x13, 0xD4, 0x23, 0x2D, 0x33, 0x30, 0xE2, 0xD3, 0xED, 0x2D
    .byte   0xD2, 0xEE, 0xDE, 0xF1, 0x1D, 0xE2, 0xE1, 0x2E, 0xD2, 0x23, 0xEF, 0xE0, 0x13, 0xEE, 0x0E, 0x03
    .byte     -3, 0x0D, 0x1E, 0x2F, 0x2C, 0x3F, 0xC5, 0xB3, 0x1C, 0x5D, 0xE1, 0x02, 0xD4, 0xC1, 0x4B, 0x43
    .byte   0xE0, 0x2E, 0x33, 0xD4, 0xE0, 0x22, 0x3F, 0x3D, 0x33, 0xE2, 0xE1, 0x1F, 0xE2, 0x1C, 0x21, 0xD0
    .byte   0xFE,    8, 0x02, 0xD0, 0x2F, 0xFE, 0x01, 0x02, 0xEE, 0x3D, 0xF3, 0xD1, 0x2D, 0x3F, 0xDF, 0x21
    .byte   0xD3, 0xDD, 0x33, 0xC3, 0x1B, 0x6B, 0x33, 0xB4, 0x3A, 0x6D, 0xB6, 0xCC, 0x6C, 0xC5, 0xB3, 0x5B
    .byte   0x40, 0xC5,   -3, 0x03, 0xFF, 0xFE, 0x5E, 0x02, 0xD3, 0x3F, 0x0D, 0x2E, 0x31, 0xC2, 0xEE, 0x3E
    .byte   0xD2, 0xD2, 0x00, 0xFE, 0x2D, 0x4D, 0xD4, 0xC3, 0x2D, 0x2E, 0x2D, 0x32, 0xA6, 0xCE, 0x68, 0x6E
    .byte   0xE4, 0xA7, 0x94,   17, 0x08, 0x7B, 0xF4, 0xB7, 0x87, 0xEA, 0x79, 0x54, 0xA6, 0xB5, 0xB3, 0x4A
    .byte   0x7A, 0x34, 0xB6, 0xCD, 0x5B, 0x42, 0xD4, 0xC3, 0x2F, 0x3D, 0x02, 0x21, 0xE1, 0xE0, 0x3D, 0x2F
    .byte   0xC5, 0xB4, 0x2B, 0x3F,   13, 0x0D, 0x2F, 0xD2, 0x3D, 0xF3, 0xC3, 0x1D, 0x4B, 0x23, 0xC5, 0xC2
    .byte   0xD3, 0xED, 0x42, 0xB4, 0x3A, 0x7B, 0xB7, 0xBB, 0x6D, 0xC5, 0xCE, 0x30, 0xFE, 0x4B, 0x44, 0xA6
    .byte   0xB3, 0x20, 0xEF, 0x4B, 0x5D,  -11, 0x04, 0x0D, 0x22, 0x01, 0x3C, 0x23, 0xD4, 0xE0, 0xEF, 0x22
    .byte   0x1E, 0xFD, 0x4D, 0x12, 0xD2, 0xE2, 0xE0, 0x1E, 0x2D, 0x3D, 0x2E, 0x3D, 0xF3, 0xC3, 0x12, 0xC4
    .byte   0xC2, 0x3D, 0x2D, 0x3D, 0x4C, 0x4C,   -3, 0x0E, 0xD4, 0xD3, 0xC4, 0xC4, 0xD2, 0xFD, 0x4C, 0x4E
    .byte   0xE1, 0x1F, 0x02, 0xFD, 0x4D, 0xD5, 0xC2, 0x2D, 0x23, 0xC3, 0x0E, 0x3D, 0x4B, 0x5C, 0x23, 0xC5
    .byte   0xC3, 0xD3, 0xEF, 0x1E, 0x3D, 0x3D, 0x12,    2, 0x03, 0xD3, 0xD1, 0x2E, 0x3C, 0x4C, 0x4D, 0xE2
    .byte   0xD3, 0xD3, 0xD3, 0xEE, 0x3D, 0x22, 0xC4, 0xC3, 0x2D, 0x2E, 0x2F, 0x3C, 0x4D, 0xF3, 0xD3, 0xEE
    .byte   0x12, 0xFF, 0x2F, 0xF1, 0x1E, 0x3C, 0x4D, 0x20,   -1, 0x02, 0xE2, 0xD4, 0xC4, 0xC3, 0x1D, 0x4C
    .byte   0x4C, 0x30, 0xD4, 0xC3, 0xFE, 0x3D, 0x2F, 0xF1, 0x00, 0xF1, 0xF1, 0xFF, 0xFF, 0x21, 0xE2, 0xE1
    .byte   0x10, 0x1E, 0x0F, 0x2E, 0x3D, 0x2E, 0x2F, 0xE3, 0xC4,   -6, 0x02, 0x01, 0x2E, 0x1E, 0x2F, 0x2E
    .byte   0x00, 0xF0, 0x2F, 0x1E, 0x2E, 0x12, 0xE3, 0xC3, 0xE2, 0x2D, 0x3D, 0x21, 0x00, 0x2D, 0x21, 0xE3
    .byte   0xD2, 0xF1, 0x00, 0x0E, 0x3D, 0x2E, 0x2F, 0x0F, 0x01, 0xE3,   -1, 0x01, 0xF1, 0xF1, 0xFF, 0x2E
    .byte   0x2F, 0xF0, 0xF1, 0xE2, 0xF2, 0xE0, 0xF1, 0x00, 0x10, 0x1E, 0x2E, 0x2F, 0x1F, 0x1F, 0x10, 0x1F
    .byte   0xE2, 0xE2, 0x00, 0x01, 0xF1, 0xE2, 0xE2, 0xFF, 0xF1, 0x1F, 0x2E,    0, 0x00, 0x00, 0x1E, 0x2F
    .byte   0x2E, 0x1E, 0x2F, 0x1F, 0x10, 0xE2, 0xF1, 0xF0, 0xF0, 0x01, 0x11, 0xE1, 0x01, 0x00, 0x00, 0x1E
    .byte   0x2F, 0x0F, 0x0F, 0x11, 0x01, 0x0F, 0x0F, 0x10, 0x10, 0xF1, 0xF0, 0x01,   -1, 0x01, 0xF0, 0x11
    .byte   0x1F, 0x1F, 0xF0, 0xF0, 0x10, 0x01, 0x0F, 0x01, 0x00, 0xF0, 0x00, 0x00, 0x00, 0x00, 0x0F, 0x10
    .byte   0xF1, 0x10, 0xF0, 0x0F, 0x10, 0x1F, 0xF1, 0xF1, 0x00, 0xF1, 0x1F, 0x00, 0xF1,   -1, 0x01, 0x1F
    .byte   0x00, 0x00, 0x01, 0x0F, 0x0F, 0x00, 0x11, 0xF0, 0xF1, 0x00, 0x00, 0x00, 0x0F, 0x10, 0xF1, 0xF1
    .byte   0x10, 0x0F, 0x0F, 0x01, 0x01, 0xF0, 0x00, 0x00, 0x00, 0x1F, 0x01, 0xF0, 0x0F, 0x11,    0, 0x01
    .byte   0xFF, 0x01, 0x0F, 0x00, 0x10, 0x00, 0xF1, 0xF1, 0x0F, 0x10, 0x00, 0x00, 0x00, 0x0F, 0x10, 0x00
    .byte   0x00, 0x00, 0x00, 0x01, 0xF0, 0x00, 0x1F, 0x01, 0xF1, 0x00, 0x00, 0xF0, 0x1F, 0x01, 0xF1,    0
    .byte   0x00, 0xF1, 0x00, 0x00, 0x1F, 0xF1, 0x1F, 0x00, 0x00, 0x00, 0xF1, 0x1F, 0x01, 0xF0, 0x0F, 0x1F
    .byte   0x10, 0x0F, 0x10, 0xF0, 0x10, 0x0F, 0x01, 0x00, 0x00, 0x00, 0xF0, 0x10, 0x0F, 0x10, 0xF1, 0x00
    .byte      0, 0x0F, 0x01, 0xF1, 0x00, 0x00, 0x00, 0x00, 0x1F, 0x01, 0xF0, 0x00, 0x01, 0xF0, 0x00, 0x01
    .byte   0xF0, 0x00, 0x1F, 0x01, 0xF1, 0x0F, 0x01, 0xF0, 0x00, 0xF1, 0xF1, 0x00, 0x1F, 0x01, 0xFF, 0x10
    .byte   0x00,    1, 0x0F, 0x0F, 0x10, 0x01, 0xF0, 0x0F, 0x10, 0x00, 0x0F, 0x10, 0x00, 0x00, 0x00, 0xF1
    .byte   0x00, 0x00, 0x00, 0x00, 0x00, 0x1F, 0x00, 0x00, 0x10, 0xF0, 0x00, 0x00, 0x00, 0x00, 0x01, 0xF1
    .byte   0x0F, 0x01,    0, 0x00, 0x01, 0xF0, 0x01, 0x0F, 0x01, 0xF0, 0x0F, 0x10, 0x00, 0x1F, 0x00, 0x1F
    .byte   0x0F, 0x10, 0xF0, 0x10, 0x00, 0xF1, 0x00, 0x0F, 0x10, 0x0F, 0x10, 0x0F, 0x10, 0x00, 0x00, 0x00
    .byte   0x00, 0x00, 0xF1,    0, 0x01, 0xF0, 0x00, 0xF1, 0x00, 0x00, 0x00, 0x01, 0xF0, 0x00, 0xF1, 0xF1
    .byte   0x00, 0xF1, 0x0F, 0x01, 0x00, 0x01, 0x0F, 0x02, 0x2E, 0xEE, 0xF0, 0x21, 0x11, 0xF0, 0x11, 0x0F
    .byte   0xEF, 0xE1, 0x21, 0x11,    0, 0x00, 0x00, 0x11, 0xFF, 0xF0, 0x10, 0x10, 0xE0, 0x02, 0x11, 0x1F
    .byte   0xEE, 0x12, 0x11, 0xEF, 0x01, 0x21, 0x00, 0xE0, 0x01, 0x01, 0xF0, 0xF0, 0x11, 0x00, 0xF0, 0xF1
    .byte   0x10, 0xF1, 0xFF, 0x10, 0x10,    0, 0x0F, 0x01, 0x00, 0x1F, 0x0F, 0x00, 0x11, 0xFF, 0x10, 0x01
    .byte   0x0F, 0x00, 0x0F, 0x01, 0x1F, 0xF1, 0x01, 0x0F, 0xF0, 0x00, 0x10, 0x10, 0x0F, 0x01, 0xF0, 0x01
    .byte   0xFF, 0x00, 0x1F, 0x01, 0x01, 0x0F,    1, 0x0F, 0x0F, 0x10, 0x01, 0xF1, 0x00, 0x11, 0x0F, 0xFF
    .byte   0xFF, 0x10, 0x1F, 0x00, 0xF0, 0x20, 0xFE, 0xF1, 0x21, 0xFF, 0xEF, 0x11, 0x20, 0x00, 0x11, 0x12
    .byte   0x3D, 0xCE, 0xE3, 0x22, 0x1E, 0x12, 0x21,    4, 0x0D, 0xE1, 0x12, 0x21, 0xFE, 0x12, 0x10, 0xFE
    .byte   0xF0, 0x02, 0x1F, 0x0F, 0x01, 0x10, 0xFF, 0xF0, 0x20, 0xF0, 0xFF, 0xF1, 0x00, 0xFF, 0x01, 0x11
    .byte   0x00, 0xF0, 0x01, 0x00, 0xFF, 0x00, 0x10, 0x0F,   -1, 0x00, 0x10, 0xF1, 0x01, 0x00, 0xF0, 0x00
    .byte   0x10, 0xF0, 0x00, 0x01, 0xF0, 0xF1, 0x00, 0x00, 0xF1, 0xF0, 0x10, 0x00, 0xF1, 0x10, 0x01, 0xFF
    .byte   0x00, 0xF1, 0xF0, 0x00, 0x01, 0x00, 0xF0, 0x1F, 0x1F,   -2, 0x01, 0x10, 0x01, 0x00, 0xF0, 0x00
    .byte   0xF1, 0xF0, 0x00, 0x01, 0x0F, 0x01, 0x00, 0xF1, 0x10, 0x0F, 0x1F, 0x01, 0xF0, 0x10, 0xF0, 0x00
    .byte   0x01, 0x00, 0xF0, 0x10, 0xF0, 0x00, 0x0F, 0x0F, 0x1F, 0xF1,   -2, 0x0F, 0x10, 0x01, 0x00, 0x00
    .byte   0xF0, 0x01, 0x01, 0x00, 0x00, 0x10, 0x1F, 0x00, 0x10, 0x10, 0x01, 0x1F, 0x11, 0x00, 0xF1, 0x01
    .byte   0x0F, 0x00, 0x00, 0x00, 0xFF, 0xF0, 0x0F, 0xFF, 0xFE, 0xFF, 0x0E,  -13, 0x0E, 0x00, 0xE0, 0xF0
    .byte   0xFF, 0xFF, 0xF0, 0x00, 0x21, 0x23, 0x33, 0x22, 0x32, 0x22, 0x21, 0x0E, 0x11, 0xFE, 0xED, 0xD0
    .byte   0xD1, 0xDD, 0xEE, 0x12, 0x11, 0x10, 0x33, 0x22, 0x11, 0x20, 0x2F, 0xEE,    9, 0x0E, 0xEE, 0xDE
    .byte   0xDE, 0xEF, 0xEE, 0xFE, 0x11, 0x10, 0xFF, 0xE2, 0x22, 0x22, 0x44, 0x33, 0x32, 0x32, 0x32, 0x10
    .byte   0xE1, 0x10, 0xDD, 0xDD, 0xDD, 0xED, 0xCE, 0xEF, 0x2F, 0xF1, 0x23, 0x43, 0x22,   17, 0x03, 0x22
    .byte   0x2E, 0xEE, 0xE0, 0xED, 0xDD, 0xFE, 0x00, 0xE1, 0x12, 0x22, 0x20, 0x21, 0x11, 0xFE, 0xED, 0xEE
    .byte   0xED, 0xDD, 0xDD, 0xEF, 0x1F, 0x23, 0x45, 0x44, 0x33, 0x43, 0x42, 0x1F, 0xF1, 0x2E,   61, 0x0C
    .byte   0xCD, 0xDD, 0xDC, 0xCD, 0x12, 0x10, 0xF3, 0x34, 0x43, 0x22, 0x23, 0x31, 0xFD, 0xEF, 0xEE, 0xDC
    .byte   0xDE, 0x0F, 0xED, 0x12, 0x23, 0x21, 0x12, 0x22, 0x2E, 0xDE, 0xFF, 0xDD, 0xDD, 0xDE, 0xDD,  -80
    .byte   0x0F, 0x22, 0x33, 0x54, 0x44, 0x34, 0x42, 0x42, 0x0F, 0xE2, 0xFE, 0xCD, 0xCC, 0xDD, 0xCC, 0xDD
    .byte   0xF1, 0x11, 0x13, 0x34, 0x43, 0x22, 0x33, 0x30, 0xEE, 0xEE, 0xFD, 0xDD, 0xCF, 0xFE, 0xEE, 0xE1
    .byte    -21, 0x03, 0x21, 0x12, 0x23, 0x1E, 0xEE, 0xEE, 0xED, 0xDD, 0xDE, 0xED, 0xDE, 0xF2, 0x22, 0x34
    .byte   0x44, 0x52, 0x44, 0x24, 0x31, 0x2E, 0x20, 0xED, 0xDC, 0xCE, 0xCD, 0xCC, 0xEE, 0xE0, 0xF0, 0x22
    .byte   0x43,   -1, 0x03, 0x23, 0x33, 0x10, 0xFF, 0xF0, 0xED, 0xDD, 0xEE, 0xED, 0xEE, 0xF0, 0x20, 0x1F
    .byte   0x22, 0x21, 0x0F, 0x0E, 0xF0, 0xED, 0xED, 0x0E, 0xEE, 0xEE, 0xF1, 0x20, 0x23, 0x44, 0x34, 0x04
    .byte   0x33, 0x40,   66, 0x00, 0x13, 0x1F, 0xDE, 0xDD, 0xED, 0xDC, 0xC0, 0xD0, 0xED, 0xF1, 0x13, 0x22
    .byte   0x22, 0x33, 0x32, 0xF0, 0x11, 0x1E, 0xFC, 0x3E, 0xC4, 0xCC, 0x30, 0xDE, 0x4C, 0xE5, 0xCE, 0x4D
    .byte   0xE3, 0xFD, 0x4D,  -28, 0x04, 0xCE, 0x4C, 0x23, 0xC1, 0x3D, 0xD4, 0xED, 0x4E, 0x03, 0x3F, 0x14
    .byte   0xE1, 0x4E, 0x03, 0x2E, 0x32, 0xE3, 0x0E, 0x2F, 0xEF, 0xEE, 0xEF, 0xE1, 0xEE, 0x1F, 0xE0, 0x0F
    .byte   0xF1, 0xFF, 0x1F, 0xFF,    1, 0x0E, 0x0F, 0xF0, 0xEF, 0x00, 0x00, 0x01, 0x01, 0x11, 0x10, 0x01
    .byte   0x1F, 0x00, 0xFF, 0x0F, 0x0F, 0xFF, 0xFF, 0xFF, 0x1F, 0x00, 0xF1, 0x00, 0x0F, 0x11, 0x01, 0x00
    .byte   0x01, 0xF1, 0x11, 0x01, 0x11,   -4, 0x00, 0x21, 0x12, 0x12, 0x02, 0x02, 0x10, 0x20, 0x11, 0x11
    .byte   0xF0, 0x00, 0x0F, 0x0F, 0x0E, 0x0E, 0xF0, 0xE0, 0xEF, 0xFE, 0xFE, 0xFE, 0x0E, 0xFF, 0xFF, 0x0F
    .byte   0x0F, 0x11, 0x00, 0x11, 0x01, 0x11,  -11, 0x01, 0x01, 0x00, 0x10, 0x00, 0x00, 0x00, 0x00, 0x00
    .byte   0x10, 0xF1, 0x00, 0x10, 0x10, 0x10, 0x01, 0x10, 0x2F, 0x02, 0x01, 0x10, 0x20, 0x11, 0x11, 0x1F
    .byte   0x11, 0x0F, 0x10, 0xF0, 0x0F, 0x0F, 0x0F,   12, 0x0F, 0x0E, 0x10, 0xEF, 0x00, 0xEF, 0xFF, 0xF0
    .byte   0xE0, 0xF0, 0xF0, 0xF1, 0x00, 0x01, 0x10, 0x11, 0x01, 0x01, 0x10, 0x01, 0x1F, 0x10, 0x00, 0x10
    .byte   0xF1, 0xFF, 0x00, 0x0F, 0x00, 0x00, 0x0F, 0x1F,   -6, 0x01, 0x01, 0xF1, 0x01, 0x10, 0x01, 0x11
    .byte   0x01, 0x11, 0x00, 0x11, 0x00, 0x11, 0x10, 0xF0, 0x01, 0xFF, 0x01, 0xF0, 0xFF, 0xFF, 0x00, 0x0F
    .byte   0xF0, 0x0F, 0x0F, 0x1F, 0x0F, 0x00, 0x0F, 0x01, 0x00,   -3, 0x01, 0xF1, 0x00, 0x00, 0x1F, 0x11
    .byte   0xF0, 0x00, 0x01, 0x00, 0x00, 0x10, 0xF0, 0x00, 0xF1, 0x00, 0xF1, 0xF0, 0x00, 0x00, 0xF1, 0x00
    .byte   0x00, 0xF1, 0xF1, 0x0F, 0x00, 0x01, 0x01, 0xF0, 0x10, 0xF0,    0, 0x00, 0x10, 0xF0, 0x1F, 0x1F
    .byte   0x1F, 0x1F, 0x10, 0xF1, 0x00, 0x00, 0xF0, 0x00, 0xF1, 0x0F, 0x1F, 0x01, 0x00, 0xF0, 0x1F, 0x01
    .byte   0x00, 0x00, 0x10, 0x0F, 0x10, 0x00, 0x1F, 0x1F, 0x10, 0x0F, 0x1F,    2, 0x0F, 0x1F, 0x1F, 0x10
    .byte   0xF0, 0x00, 0x00, 0x1F, 0xF1, 0x0F, 0x00, 0xF1, 0x00, 0xF0, 0x00, 0x00, 0xF0, 0x1F, 0x1F, 0x1F
    .byte   0x01, 0xF0, 0x10, 0x00, 0x00, 0xF1, 0x00, 0x00, 0x1F, 0x00, 0x00, 0x00,   -1, 0x00, 0x1F, 0x10
    .byte   0x0F, 0x1F, 0x10, 0x00, 0x00, 0x01, 0x00, 0x0F, 0x01, 0x1F, 0x1F, 0x00, 0x0F, 0x10, 0x00, 0x01
    .byte   0x00, 0xF1, 0x00, 0x0F, 0x01, 0xF1, 0xF1, 0xF0, 0x0F, 0x10, 0x00, 0x0F, 0xF1,    0, 0x0F, 0x1F
    .byte   0x00, 0x10, 0xFF, 0x01, 0xF1, 0xF0, 0x1F, 0x00, 0x01, 0x0F, 0x00, 0x1F, 0x00, 0x1F, 0x01, 0x00
    .byte   0x00, 0x00, 0x10, 0xF1, 0x0F, 0x10, 0x00, 0x1F, 0x01, 0xF1, 0xF1, 0x00, 0x00, 0x00,    1, 0x00
    .byte   0x00, 0x00, 0x0F, 0x10, 0x1F, 0x00, 0x00, 0x00, 0x1F, 0x00, 0x0F, 0x10, 0x00, 0x00, 0x0F, 0x1F
    .byte   0x01, 0xF1, 0x0F, 0x1F, 0x00, 0x00, 0x00, 0x0F, 0x10, 0x0F, 0x00, 0x00, 0x1F, 0x00, 0xF1,   -1
    .byte   0x01, 0xF0, 0x01, 0xF0, 0xF1, 0x00, 0x00, 0x00, 0x01, 0x00, 0xF0, 0x10, 0xF0, 0x1F, 0x00, 0x01
    .byte   0x00, 0x00, 0x00, 0x00, 0xF1, 0x1F, 0x1F, 0x10, 0xF1, 0x00, 0xF1, 0x0F, 0x10, 0x00, 0x00, 0x0F
    .byte      1, 0x00, 0x00, 0x0F, 0x1F, 0x00, 0x10, 0x0F, 0x1F, 0x01, 0x00, 0xF0, 0x1F, 0x00, 0x00, 0x0F
    .byte   0x1F, 0x10, 0x01, 0xF0, 0x0F, 0x01, 0x00, 0xF0, 0x01, 0xF0, 0x1F, 0x01, 0x0F, 0x00, 0x10, 0x00
    .byte   0x0F,    0, 0x00, 0xF1, 0xF1, 0x00, 0x1F, 0x00, 0x00, 0x1F, 0x00, 0x00, 0x1F, 0x00, 0xF1, 0x0F
    .byte   0x10, 0x00, 0x0F, 0x11, 0xF0, 0x00, 0x01, 0xF0, 0xF1, 0xF1, 0x00, 0x1F, 0x1F, 0x1F, 0x01, 0x0F
    .byte   0x10, 0x0F,    1, 0x00, 0xF0, 0x1F, 0x00, 0x10, 0xF1, 0x0F, 0x00, 0x0F, 0x10, 0xF1, 0x00, 0x00
    .byte   0x00, 0x0F, 0x01, 0x00, 0x0F, 0x01, 0x00, 0xF1, 0x00, 0xF0, 0x01, 0x00, 0x01, 0x0F, 0x1F, 0x00
    .byte   0x01, 0xF0, 0x00,    0, 0x01, 0xFF, 0x01, 0x0F, 0x10, 0xF1, 0x00, 0x0F, 0x1F, 0x10, 0x10, 0xFF
    .byte   0x01, 0x1F, 0x1F, 0x00, 0x00, 0x00, 0xF1, 0x01, 0x0F, 0xF1, 0x01, 0xE2, 0x1F, 0x10, 0xF2, 0x01
    .byte   0x4C, 0x79, 0x87, 0x97,   35, 0x08, 0x7B, 0x07, 0xA1, 0xAE, 0xF3, 0x6B, 0x4D, 0xC6, 0xD2, 0x2C
    .byte   0xD2, 0x13, 0xE3, 0x3B, 0x54, 0xB3, 0xCF, 0x21, 0x2C, 0x4B, 0x23, 0x22, 0xDE, 0xD3, 0x3C, 0x4D
    .byte   0xD5, 0xD2, 0x2E, 0xE0, 0x31,   10, 0x0C, 0x21, 0x13, 0xC3, 0xFE, 0x3E, 0xF1, 0xD1, 0x3E, 0x21
    .byte   0xC3, 0x02, 0x2E, 0xFE, 0x21, 0x2E, 0xE1, 0x2E, 0x3E, 0xE2, 0xE2, 0x2E, 0xFF, 0x02, 0xF1, 0xEF
    .byte   0x10, 0x02, 0xEE, 0x11, 0x12, 0xEF,   -2, 0x00, 0x20, 0x1F, 0xEF, 0x02, 0x2E, 0x0F, 0xF2, 0xE1
    .byte   0x0E, 0xE2, 0xF1, 0xFE, 0x02, 0xE2, 0x2E, 0x0F, 0x03, 0xE1, 0x1F, 0x11, 0x01, 0x0F, 0x11, 0x11
    .byte   0x02, 0xE1, 0x1F, 0x1F, 0x01, 0x01, 0x01,   10, 0x01, 0x1E, 0x1F, 0xF0, 0xE0, 0x1F, 0x0F, 0xFF
    .byte   0xFF, 0x1E, 0xFF, 0xEF, 0xFE, 0x0E, 0xEF, 0xFF, 0xFF, 0xEF, 0xF0, 0x10, 0xE2, 0x03, 0x43, 0x23
    .byte   0x04, 0x32, 0x31, 0xE1, 0xF2, 0x2D, 0xDD, 0xEF,   20, 0x0D, 0xDD, 0xD1, 0xFF, 0x0E, 0x12, 0x33
    .byte   0x22, 0x22, 0x32, 0x10, 0xDF, 0xFE, 0xED, 0xDD, 0xEE, 0xFE, 0xDE, 0xE2, 0x2F, 0xFF, 0xF2, 0x21
    .byte   0xFD, 0xD2, 0x2E, 0x00, 0x14, 0x44, 0x41, 0x24, 0x42,   70, 0x0F, 0xEE, 0xF1, 0xED, 0xCD, 0xDE
    .byte   0xED, 0xDC, 0xE2, 0x31, 0x10, 0x24, 0x34, 0x22, 0x02, 0x22, 0xED, 0xDD, 0xDE, 0xED, 0xDC, 0x12
    .byte   0x22, 0x12, 0x23, 0x23, 0x1E, 0xE0, 0xEF, 0xDD, 0xCD, 0xDD,  -69, 0x0D, 0xDE, 0x02, 0x34, 0x55
    .byte   0x55, 0x43, 0x44, 0x21, 0xDD, 0xCD, 0xDC, 0xCC, 0xCC, 0xEF, 0xEE, 0xE1, 0x44, 0x43, 0x33, 0x44
    .byte   0x30, 0xDD, 0xDD, 0xFC, 0xDC, 0xCE, 0xEF, 0xFF, 0x13, 0x34, 0x42,   28, 0x02, 0x03, 0xEE, 0xDC
    .byte   0xCD, 0xDC, 0xCC, 0xDF, 0xE0, 0xE0, 0x12, 0x54, 0x44, 0x56, 0x54, 0x23, 0x1D, 0xED, 0xBB, 0xBD
    .byte   0xDD, 0xCF, 0xEF, 0x33, 0x43, 0x24, 0x44, 0x32, 0x0F, 0xDD, 0xEC, 0xCC,  -24, 0x0E, 0xD0, 0xF2
    .byte   0x22, 0x43, 0x33, 0x23, 0x33, 0xEE, 0xED, 0xDD, 0xCD, 0xCC, 0xDE, 0xD0, 0xEF, 0x22, 0x33, 0x02
    .byte   0x12, 0x34, 0x33, 0x45, 0x33, 0xFE, 0x1D, 0xDF, 0xCC, 0xCD, 0x23, 0xE2, 0x12,    7, 0x03, 0x32
    .byte   0x0F, 0x21, 0x1F, 0xDE, 0xDD, 0xEF, 0xED, 0xE2, 0x23, 0x33, 0x01, 0x23, 0x2E, 0xDF, 0xDE, 0xF1
    .byte   0xDD, 0xD0, 0x1E, 0xFE, 0xED, 0xFF, 0x0E, 0xE2, 0x11, 0x2E, 0x10, 0xF2, 0x33, 0x44,   35, 0x04
    .byte   0x21, 0x2E, 0xEE, 0xEC, 0xCC, 0xE1, 0x21, 0x2E, 0x13, 0x33, 0x20, 0xF0, 0x02, 0xFD, 0xDC, 0xE1
    .byte   0xFE, 0xEE, 0x23, 0x34, 0x1F, 0x11, 0x21, 0xDD, 0xED, 0xE1, 0x0E, 0xEE, 0x11, 0x1E, 0xED,  -38
    .byte   0x00, 0xFE, 0xDF, 0x11, 0x21, 0x0E, 0xD2, 0x44, 0x42, 0x55, 0x43, 0xFE, 0xEC, 0xDD, 0xCC, 0xCE
    .byte   0x32, 0x13, 0x31, 0x33, 0x42, 0xDE, 0xFF, 0xEE, 0xDC, 0xDD, 0x02, 0x02, 0x12, 0x23, 0x42, 0x2E
    .byte     22, 0x0E, 0x0D, 0xED, 0xEE, 0x02, 0x1F, 0xFF, 0xFF, 0xFD, 0xDD, 0xDE, 0x00, 0x10, 0x21, 0x10
    .byte   0xFF, 0xE2, 0x44, 0x44, 0x54, 0x30, 0xEF, 0xDD, 0xCE, 0xCB, 0xE0, 0x41, 0x33, 0x33, 0x23, 0x20
    .byte   0xDD,   30, 0x0D, 0xDE, 0xDE, 0xC0, 0x22, 0x22, 0x32, 0x23, 0x33, 0xDD, 0xDF, 0xDE, 0xEE, 0xEF
    .byte   0x32, 0x2E, 0xEE, 0xFE, 0xDE, 0xDD, 0xDF, 0x20, 0x12, 0x11, 0x10, 0xEE, 0x23, 0x43, 0x46, 0x43
    .byte   0x2E, 0x0E,   46, 0x0D, 0xDC, 0xCC, 0x23, 0x32, 0x32, 0x32, 0x24, 0x0D, 0xCF, 0xED, 0xEE, 0xDC
    .byte   0xE2, 0x32, 0x22, 0x31, 0x23, 0x3E, 0xDD, 0xED, 0xF0, 0xEE, 0xF2, 0x23, 0xEF, 0xED, 0xEE, 0xED
    .byte   0xDD, 0xF1, 0xF1,  -43, 0x0F, 0x0E, 0x21, 0xDD, 0x44, 0x43, 0x46, 0x40, 0xE2, 0x2C, 0xCD, 0x1B
    .byte   0xCD, 0x34, 0xE3, 0x42, 0x21, 0x33, 0xDD, 0xD0, 0xDD, 0xFE, 0xDC, 0x23, 0x31, 0x13, 0x22, 0x13
    .byte   0x1E, 0xDD, 0xEE, 0xEE,  -12, 0x0F, 0x12, 0x31, 0xFE, 0xDE, 0xED, 0xEE, 0xCE, 0x21, 0x21, 0x20
    .byte   0xE1, 0xD3, 0xE2, 0x43, 0x43, 0x64, 0x32, 0xC2, 0xED, 0xDD, 0xCB, 0xD2, 0x44, 0xE3, 0x02, 0x33
    .byte   0x4D, 0x0C, 0xD2, 0xC1, 0xDD,  -13, 0x0D, 0x32, 0x31, 0x22, 0x04, 0x02, 0xFC, 0xED, 0x1E, 0x10
    .byte   0xD1, 0xF3, 0x2F, 0xFE, 0xED, 0xDE, 0xEE, 0xD0, 0x0E, 0x12, 0x22, 0xED, 0xFE, 0x24, 0x44, 0xF5
    .byte   0x53, 0x3E, 0x0F, 0xDD, 0xDE, 0xBD,  -13, 0x02, 0x32, 0x32, 0x22, 0x32, 0x32, 0xCE, 0xDF, 0xD0
    .byte   0xEC, 0xEE, 0x32, 0x22, 0x13, 0xE3, 0x21, 0xFD, 0xDE, 0xEE, 0x0E, 0x01, 0x11, 0x31, 0xEE, 0xDD
    .byte   0xDE, 0xEF, 0xDE, 0x2E, 0x3F, 0x12, 0xDE,  -58, 0x03, 0x33, 0x41, 0x45, 0x43, 0x3D, 0x1E, 0xED
    .byte   0xFC, 0xCD, 0xE3, 0x12, 0x30, 0x22, 0x33, 0x2E, 0xDE, 0xEE, 0xF1, 0xDD, 0xD0, 0x12, 0x21, 0x2F
    .byte   0x12, 0x3F, 0xFE, 0xDE, 0xFF, 0xF1, 0xF0, 0x20,    2, 0x0F, 0xED, 0xED, 0xEE, 0xDE, 0xEF, 0xF2
    .byte   0x11, 0xFE, 0xE1, 0x03, 0x33, 0x23, 0x55, 0x33, 0x11, 0xEE, 0xEF, 0xEC, 0xCD, 0x02, 0x22, 0x2E
    .byte   0xE1, 0x34, 0x10, 0xEF, 0xE0, 0x21, 0xDD, 0xDE, 0x12,    3, 0x0F, 0xFF, 0xE3, 0x12, 0xFE, 0xE0
    .byte   0x1F, 0x21, 0xEF, 0xFF, 0xFF, 0xEE, 0xDD, 0xFF, 0xE1, 0xED, 0x10, 0x20, 0xFF, 0xFF, 0x02, 0x33
    .byte   0x13, 0x34, 0x33, 0x31, 0x0F, 0x02, 0x0F, 0xDE, 0xDE, 0x01,   18, 0x00, 0xED, 0xF1, 0x20, 0x21
    .byte   0xE0, 0x02, 0x11, 0xFE, 0xE0, 0xFF, 0x0F, 0xEE, 0xF1, 0x0F, 0x01, 0x01, 0x11, 0x20, 0x01, 0x00
    .byte   0xEF, 0xFE, 0x0E, 0x0E, 0x0F, 0xFF, 0xFE, 0xE1, 0x11, 0x11, 0x01,  -22, 0x01, 0x20, 0xF0, 0x11
    .byte   0x12, 0x21, 0x20, 0x20, 0x20, 0x20, 0x02, 0x11, 0x00, 0x11, 0x11, 0x1F, 0xF0, 0xF0, 0x0F, 0xF0
    .byte   0xFF, 0x0F, 0x0F, 0xF0, 0xFF, 0xFF, 0xFF, 0xFF, 0x0F, 0xFF, 0xFF, 0x10,   -3, 0x0F, 0x1F, 0x0F
    .byte   0x1F, 0xFF, 0x00, 0x0F, 0xFF, 0x00, 0xF0, 0xFF, 0x00, 0xF0, 0x10, 0xF1, 0x0F, 0x00, 0x10, 0x00
    .byte   0x11, 0x02, 0x00, 0x11, 0x11, 0x11, 0x11, 0x10, 0x21, 0x11, 0x00, 0x20, 0x01,   14, 0x00, 0x01
    .byte   0x10, 0x10, 0xFF, 0x0F, 0x00, 0xF0, 0xEF, 0x0F, 0xFF, 0xFF, 0xF0, 0x0F, 0x0F, 0xFF, 0x00, 0x0F
    .byte   0xF0, 0x0F, 0x00, 0xFF, 0xF0, 0xF0, 0x01, 0x0F, 0xF1, 0x00, 0x0F, 0x01, 0x0F, 0x10,   -9, 0x01
    .byte   0xF1, 0x01, 0x10, 0x11, 0x1F, 0x2F, 0x11, 0x11, 0x01, 0x10, 0x01, 0x11, 0x10, 0x0F, 0x00, 0x10
    .byte   0x00, 0xF0, 0x1F, 0xF1, 0xF0, 0x00, 0x0F, 0xFF, 0xF1, 0xFF, 0xF1, 0xF0, 0xFF, 0xF0, 0x0F,   -3
    .byte   0x0F, 0x1F, 0x0F, 0x01, 0x0F, 0x00, 0x0F, 0x10, 0x01, 0xF1, 0xF0, 0xF1, 0x10, 0xF1, 0xF1, 0x00
    .byte   0x10, 0xF0, 0x20, 0x0F, 0x00, 0x10, 0x10, 0x1F, 0xF2, 0xF1, 0x1F, 0x00, 0x0F, 0x10, 0x11, 0xF1
    .byte      7, 0x0E, 0x11, 0x0F, 0x0F, 0x1F, 0xF1, 0x00, 0xF0, 0x0F, 0x0F, 0x1F, 0xF1, 0xFF, 0xF2, 0xFE
    .byte   0x2F, 0xF0, 0xFF, 0xF1, 0x2E, 0x01, 0x02, 0xEF, 0x12, 0xE0, 0xF1, 0xF2, 0x1E, 0x11, 0x0F, 0x01
    .byte   0x0F,   -3, 0x01, 0x2F, 0x0F, 0x11, 0x00, 0xFF, 0xF2, 0x0F, 0x0F, 0x11, 0xF0, 0x10, 0xE2, 0xFF
    .byte   0x2E, 0x10, 0x01, 0xF1, 0x1D, 0x11, 0x03, 0xE1, 0xFF, 0xFE, 0x12, 0xF0, 0xE1, 0x02, 0x1F, 0xE2
    .byte   0xEF, 0x3D,   -3, 0x01, 0x01, 0xFF, 0x20, 0xEF, 0x21, 0xFE, 0xF4, 0x1C, 0x2E, 0x00, 0xF1, 0x3F
    .byte   0xE0, 0x02, 0xFE, 0xE2, 0x10, 0x02, 0x2E, 0xE1, 0x10, 0xE0, 0x3E, 0xEF, 0xF2, 0x21, 0xED, 0x31
    .byte   0x01, 0x2D, 0xEF,   -9, 0x03, 0x2F, 0xE0, 0x11, 0x0E, 0x1F, 0x01, 0x01, 0x2E, 0x1E, 0x2F, 0x11
    .byte   0x01, 0xE0, 0x0F, 0x20, 0x0E, 0x01, 0x22, 0xEF, 0xEF, 0x13, 0xFE, 0xFE, 0x0F, 0xF1, 0x42, 0xCE
    .byte   0x21, 0x32, 0xDD, 0xDD,  -10, 0x04, 0x2D, 0x1D, 0x13, 0xF1, 0x2D, 0xD3, 0x30, 0x1E, 0xD1, 0x2E
    .byte   0x31, 0xD0, 0x10, 0x22, 0x0E, 0x2D, 0xE2, 0x11, 0x1E, 0x02, 0xF0, 0x20, 0xEF, 0xFF, 0x02, 0xE2
    .byte   0x1E, 0x12, 0xFF, 0x0E, 0x11,   -2, 0x00, 0x1F, 0x00, 0x11, 0x1F, 0xF1, 0x0F, 0x10, 0x01, 0x1F
    .byte   0x10, 0xF0, 0x11, 0x0F, 0x00, 0x10, 0x01, 0xF0, 0x01, 0x11, 0xF0, 0x10, 0xEF, 0xF0, 0x10, 0x1F
    .byte   0x1F, 0x01, 0x2F, 0xEE, 0x10, 0x20,    3, 0x0F, 0xFE, 0x11, 0x10, 0xFE, 0xF1, 0x02, 0x0E, 0xE0
    .byte   0x01, 0x10, 0xF0, 0xEF, 0x22, 0x0F, 0xEE, 0x12, 0x12, 0x1E, 0x12, 0x22, 0x22, 0x01, 0xF2, 0x21
    .byte   0x0F, 0xFF, 0x10, 0xF1, 0xEF, 0xFE, 0xF1,    9, 0x0E, 0xFF, 0xFF, 0x11, 0xF1, 0xE1, 0x0E, 0xF0
    .byte   0xE0, 0xE0, 0xEF, 0xEE, 0xFE, 0x0F, 0xEF, 0xEF, 0xF0, 0x11, 0x22, 0x23, 0x34, 0x33, 0x32, 0x22
    .byte   0x11, 0x0E, 0xEE, 0xEF, 0xEF, 0xEE, 0xDF, 0xEF,    0, 0x0E, 0x0F, 0x12, 0x22, 0x2E, 0x11, 0x21
    .byte   0xF0, 0xEE, 0xE0, 0x10, 0xFE, 0xEF, 0x00, 0x2F, 0xFF, 0xF1, 0x22, 0xEF, 0xEE, 0x0E, 0xFD, 0xED
    .byte   0xEF, 0xEF, 0xEE, 0xE1, 0x13, 0x33, 0x14, 0x53, 0x51,   54, 0x03, 0xD3, 0xE1, 0xDD, 0xDD, 0x1D
    .byte   0xFE, 0xDD, 0xD2, 0x2F, 0x1E, 0x31, 0x33, 0x32, 0x0E, 0x02, 0x0E, 0xED, 0xDE, 0xE1, 0x0F, 0xDF
    .byte   0x01, 0x21, 0x20, 0x12, 0x22, 0x2F, 0xEE, 0xEE, 0xFE, 0xDD,  -41, 0x0E, 0xD1, 0xEE, 0xFE, 0xF1
    .byte   0x33, 0x33, 0x34, 0x53, 0x43, 0x23, 0xD2, 0xFE, 0xEC, 0xDD, 0xFE, 0xDF, 0xDE, 0xD1, 0x2F, 0x2F
    .byte   0x23, 0x24, 0x12, 0x1E, 0x2E, 0x2E, 0xED, 0xDF, 0xE1, 0xEE, 0x0E,   -9, 0x00, 0x22, 0xE2, 0xF3
    .byte   0x30, 0x1E, 0xFE, 0xEE, 0xED, 0xDD, 0xED, 0x1D, 0xEF, 0xE0, 0x2E, 0x21, 0x23, 0x34, 0x33, 0x52
    .byte   0x42, 0x23, 0xD2, 0xFE, 0xEC, 0xFD, 0x1E, 0xD1, 0xC0, 0xE0, 0x2D, 0x10,   -8, 0x03, 0x33, 0x10
    .byte   0x11, 0x21, 0xFE, 0xDF, 0xD1, 0x1F, 0xED, 0x11, 0x22, 0xE1, 0xEF, 0x32, 0x3E, 0xFE, 0x00, 0x0E
    .byte   0xDD, 0xDE, 0xFE, 0xED, 0xDF, 0x01, 0x1F, 0xF1, 0x13, 0x33, 0x31, 0x44, 0x33,   39, 0x01, 0x21
    .byte   0x13, 0xEE, 0xDD, 0x2E, 0xFE, 0xDE, 0xD1, 0xF1, 0xED, 0x2F, 0x32, 0x22, 0xD3, 0x03, 0x2E, 0xFD
    .byte   0x01, 0x02, 0xDE, 0xE0, 0x10, 0xFE, 0xE1, 0x03, 0x1E, 0x0E, 0x20, 0x1E, 0xEE, 0xDF,  -22, 0x0E
    .byte   0xEE, 0xEE, 0xEF, 0xFF, 0xE1, 0x02, 0x21, 0x32, 0x33, 0x33, 0x33, 0x23, 0x21, 0x21, 0xFF, 0xEF
    .byte   0xE0, 0xDF, 0xFD, 0x0D, 0x1E, 0xE0, 0xE2, 0xF2, 0x2E, 0x21, 0x22, 0x01, 0x0F, 0x01, 0x1F,   15
    .byte   0x0E, 0x00, 0xE0, 0xEE, 0xFE, 0x2E, 0x1F, 0xF0, 0x11, 0x0F, 0xEE, 0xFE, 0xFE, 0xEE, 0xEF, 0xE0
    .byte   0xE0, 0x00, 0x20, 0xF0, 0x21, 0x32, 0x22, 0x33, 0x33, 0x03, 0x12, 0x22, 0xFE, 0xF0, 0xF2, 0xD1
    .byte     26, 0x0D, 0x2E, 0x1D, 0xE1, 0xE2, 0x12, 0x0E, 0x11, 0x30, 0x1F, 0xE1, 0x02, 0x1E, 0xFE, 0x00
    .byte   0xFE, 0xFD, 0xFF, 0xF0, 0xEF, 0xFF, 0x21, 0x0F, 0xEF, 0x00, 0xEF, 0xEE, 0xE1, 0x10, 0xE0, 0xFF
    .byte   0x02,  -31, 0x0F, 0x2E, 0x22, 0x13, 0x2F, 0x12, 0x33, 0x02, 0xE2, 0x22, 0x3D, 0xFE, 0x03, 0xF0
    .byte   0xEE, 0xF1, 0x2E, 0x2D, 0xE2, 0xE3, 0xFE, 0x1E, 0x30, 0x10, 0xEF, 0x02, 0x10, 0xEE, 0xE0, 0xF1
    .byte   0xEE, 0xEF,   -3, 0x0F, 0x0F, 0xEF, 0xE1, 0x11, 0xF1, 0xE1, 0x11, 0x2E, 0xE1, 0xD0, 0x31, 0xEE
    .byte   0xD1, 0x23, 0x1D, 0xE0, 0x22, 0x3D, 0x12, 0xD4, 0x02, 0x1D, 0x11, 0x13, 0x0E, 0x2E, 0x32, 0xE2
    .byte   0x3D, 0x20, 0x13,   18, 0x01, 0x2D, 0x22, 0x21, 0xFD, 0x11, 0x02, 0xFE, 0xE0, 0x03, 0xD0, 0x1E
    .byte   0x21, 0xE0, 0xE0, 0x2E, 0xE2, 0xEE, 0x2E, 0xF0, 0xD3, 0xFC, 0x4C, 0x30, 0xEF, 0x3D, 0x14, 0xCD
    .byte   0x33, 0xD4, 0xA4, 0x3E,    2, 0x0C, 0x2D, 0x02, 0x23, 0xB5, 0xB2, 0x5B, 0x6C, 0xB5, 0xD3, 0x4C
    .byte   0x00, 0x1D, 0x5E, 0xD3, 0xB4, 0x2D, 0x5C, 0xE1, 0xC6, 0xDE, 0x1C, 0x31, 0x24, 0xEC, 0x02, 0xE4
    .byte   0xC3, 0x2B, 0x4E, 0x4C, 0x12,    2, 0x01, 0xF2, 0x2E, 0xE2, 0xE2, 0xD4, 0x2B, 0x4D, 0x23, 0xC4
    .byte   0xCE, 0xF2, 0x4C, 0x4A, 0x51, 0xC6, 0xB2, 0xDF, 0x2F, 0x5B, 0x3E, 0xB6, 0xC4, 0x2A, 0x42, 0xC6
    .byte   0xDB, 0x5B, 0x42, 0xD4, 0xB1, 0x3F,   -2, 0x03, 0xC2, 0x2E, 0x24, 0xCF, 0xE2, 0x21, 0x1F, 0xD2
    .byte   0x3D, 0x4D, 0xC4, 0xD1, 0x3E, 0xEE, 0x21, 0x3D, 0x3C, 0x22, 0xF2, 0x2D, 0xD4, 0xC4, 0x0D, 0x3C
    .byte   0x4F, 0xD4, 0xC2, 0x1F, 0x03, 0xED, 0x21,   -1, 0x02, 0x1F, 0xE2, 0xE2, 0x11, 0xFC, 0x4C, 0x40
    .byte   0xD3, 0xFE, 0x3E, 0x11, 0xC4, 0xD1, 0xE4, 0xC3, 0x2C, 0x5C, 0x11, 0xD1, 0x3D, 0x3F, 0xE3, 0xD4
    .byte   0xC3, 0xD0, 0x2D, 0x4C, 0x31, 0xC5, 0xC2, 0x2C,    5, 0x0D, 0x20, 0x2D, 0x3D, 0x13, 0xC5, 0xB4
    .byte   0xD2, 0x1E, 0x3C, 0x3E, 0x13, 0xEF, 0x2D, 0x21, 0x0F, 0x2D, 0x2F, 0x02, 0xE2, 0xD3, 0xF0, 0x3C
    .byte   0x4C, 0x24, 0xB5, 0xC2, 0x00, 0x02, 0xD3, 0xC3, 0x3D,    8, 0x0C, 0x3F, 0x12, 0xE1, 0xE0, 0x20
    .byte   0x2E, 0x1E, 0xE3, 0xE2, 0xFD, 0x3D, 0x23, 0xD2, 0xEE, 0x3D, 0x30, 0xE1, 0xFF, 0x3E, 0xE1, 0xD3
    .byte   0xF0, 0x20, 0xD2, 0x0E, 0x4C, 0x3D, 0xE4, 0xD3, 0xEE, 0x01,   -2, 0x02, 0x2C, 0x4C, 0x33, 0xD3
    .byte   0xDF, 0xF3, 0xE0, 0xFD, 0x3E, 0x13, 0xD2, 0x0D, 0x4D, 0x2D, 0x3D, 0x23, 0xC5, 0xB3, 0x1D, 0x4D
    .byte   0x2E, 0xE2, 0x11, 0x0F, 0x0E, 0x22, 0xE1, 0x0F, 0xE2, 0xFF, 0x2D,    5, 0x0D, 0x22, 0xD4, 0xC3
    .byte   0xD2, 0x3C, 0x4D, 0x2E, 0x12, 0xD3, 0xDF, 0x3D, 0x3E, 0xE2, 0xE2, 0x11, 0xE2, 0xFD, 0x4C, 0x32
    .byte   0xD3, 0xD2, 0x3D, 0x00, 0xE2, 0x1F, 0x21, 0xD3, 0xEF, 0x2E, 0xF2, 0xD3,    3, 0x0E, 0x2E, 0x2E
    .byte   0x20, 0xE0, 0xF2, 0x01, 0x0E, 0x1F, 0x2E, 0x10, 0xE1, 0x2F, 0x2E, 0x10, 0xE3, 0xEF, 0x1F, 0xE2
    .byte   0xE1, 0x1E, 0x21, 0xE3, 0xD2, 0x1E, 0x2F, 0x3C, 0x4C, 0x23, 0xD3, 0xD1, 0x2D,    6, 0x0E, 0xE1
    .byte   0x1E, 0x2F, 0xE3, 0xD3, 0xE1, 0xE2, 0xE1, 0x1E, 0x3E, 0xF1, 0x2D, 0x3E, 0x11, 0xE2, 0xFF, 0xF0
    .byte   0xE3, 0xEF, 0x2D, 0x22, 0xE2, 0xFE, 0x3D, 0x3E, 0x1F, 0xE2, 0xD4, 0xC2, 0x2D, 0x3E,    0, 0x0E
    .byte   0x21, 0xE3, 0xD3, 0xD2, 0xE0, 0x2F, 0x2E, 0x0E, 0x21, 0xE2, 0xFE, 0x2E, 0x2F, 0x2E, 0x10, 0x01
    .byte   0xFE, 0x2E, 0x13, 0xD3, 0xEE, 0x11, 0xF2, 0xEF, 0xF2, 0xD4, 0xD0, 0x1E, 0x3D, 0x3E, 0xFF,   -1
    .byte   0x02, 0xE2, 0xE0, 0x1E, 0x3D, 0x21, 0xD3, 0x0E, 0x3D, 0x22, 0xD3, 0xEE, 0x10, 0xF2, 0x2D, 0x4C
    .byte   0x3E, 0xE2, 0xD3, 0xE2, 0xE1, 0x1E, 0x3E, 0xE3, 0xC4, 0xD3, 0xEF, 0x2D, 0x4C, 0x3F, 0xD4, 0xC3
    .byte      3, 0x0D, 0x3D, 0x2E, 0x3D, 0x3E, 0x02, 0xD4, 0xDE, 0x20, 0xE3, 0xE0, 0x0E, 0xE3, 0xD3, 0x0D
    .byte   0x3E, 0x02, 0x0E, 0x2E, 0x12, 0x1D, 0x3C, 0x33, 0xD3, 0xD1, 0xE3, 0xEF, 0x3C, 0x30, 0xE3, 0xD2
    .byte   0xE1,   -3, 0x01, 0x2D, 0x4C, 0x32, 0xC4, 0xD0, 0xE3, 0xD3, 0x2C, 0x5B, 0x4F, 0xD3, 0xD1, 0x1E
    .byte   0x3E, 0x2F, 0xFE, 0xF3, 0xC5, 0xB3, 0x2E, 0x22, 0xFE, 0x1D, 0x31, 0xF1, 0xEE, 0x3E, 0x21, 0xD1
    .byte   0x2D, 0x32,   -3, 0x02, 0x0D, 0x4D, 0x2F, 0xE0, 0x21, 0xE3, 0xC3, 0x1E, 0x3D, 0xE3, 0xC4, 0xE2
    .byte   0xFF, 0xE1, 0x3C, 0x4C, 0x04, 0xC4, 0xEE, 0x3C, 0x23, 0xFD, 0x3D, 0x03, 0xD2, 0x3C, 0x4C, 0x23
    .byte   0xD3, 0xD1, 0x11,    2, 0x0F, 0x2D, 0x22, 0xD4, 0xB5, 0xC2, 0x2D, 0x4C, 0x3E, 0x2D, 0x21, 0xE2
    .byte   0x11, 0x2E, 0x2E, 0x2E, 0xE3, 0xD2, 0xF0, 0xF2, 0xE2, 0x0E, 0x0E, 0x02, 0x1E, 0x3D, 0x22, 0xE3
    .byte   0xDF, 0x01, 0xF2, 0x1D,    2, 0x0E, 0x12, 0xE1, 0xEF, 0xF2, 0x12, 0xEF, 0x3D, 0x30, 0xD2, 0xE1
    .byte   0xF2, 0xE0, 0x2D, 0x3E, 0x2E, 0x02, 0xD3, 0xF1, 0x1D, 0x3E, 0x11, 0x01, 0xE2, 0xF1, 0x1D, 0x3D
    .byte   0x21, 0xE3, 0xD3, 0xE2, 0x2C,    6, 0x0D, 0x20, 0xE3, 0xD3, 0xC4, 0xD2, 0x2C, 0x4D, 0x3F, 0xE0
    .byte   0xE3, 0xD3, 0xEE, 0x3C, 0x5C, 0x3D, 0xE2, 0xD4, 0xD3, 0xD2, 0xE2, 0x02, 0xEE, 0xF2, 0x12, 0x0E
    .byte   0xF0, 0xE2, 0x1D, 0x3E, 0x03, 0xD3,    1, 0x0D, 0x3D, 0x3F, 0xFF, 0x2D, 0x32, 0xE0, 0x0D, 0x30
    .byte   0xD4, 0xC3, 0x0F, 0x02, 0xD2, 0x2D, 0x3F, 0xD3, 0xDF, 0x4D, 0xF2, 0xEF, 0x3D, 0x21, 0xD2, 0x10
    .byte   0x2E, 0xF0, 0x2E, 0x21, 0xD3, 0xE2, 0x1E,    1, 0x0F, 0xF0, 0x2E, 0xF2, 0xD3, 0xFF, 0x1E, 0x12
    .byte   0x01, 0x0E, 0x1F, 0x2F, 0x2D, 0x2E, 0xF3, 0xD4, 0xC1, 0x2D, 0x4D, 0x02, 0xD3, 0xF2, 0xD2, 0x0D
    .byte   0x4C, 0x31, 0xD3, 0xFE, 0x3E, 0xE2, 0xEE, 0x3E,   -3, 0x02, 0xE2, 0x01, 0xE2, 0xE2, 0x2D, 0x3D
    .byte   0x2F, 0xF0, 0x0F, 0xE3, 0xD3, 0xE2, 0xFE, 0x3D, 0x2F, 0xE3, 0xE0, 0x0E, 0x02, 0xE2, 0xE1, 0xF1
    .byte   0xF2, 0xFE, 0x2E, 0x20, 0x2D, 0x2E, 0x21, 0x10, 0xFF,   -4, 0x03, 0xD3, 0xEE, 0x20, 0xF2, 0xFD
    .byte   0x3E, 0xE4, 0xC3, 0xD2, 0x11, 0x11, 0xD0, 0x3E, 0x2F, 0xE3, 0xD1, 0x3D, 0x3D, 0x01, 0xE3, 0xD2
    .byte   0x0F, 0x10, 0x1E, 0x2E, 0xF4, 0xB5, 0xDD, 0x4C, 0x4C, 0x3E,    2, 0x0F, 0xE3, 0xDF, 0x3C, 0x4E
    .byte   0xE3, 0xC4, 0xC4, 0xED, 0x3E, 0x03, 0xC4, 0xD2, 0xEF, 0x3C, 0x4D, 0x20, 0xE2, 0x1D, 0x3E, 0x2E
    .byte   0x10, 0x20, 0xD4, 0xC3, 0xE0, 0x2E, 0x11, 0xE2, 0xF1, 0xF0, 0x1E,    3, 0x0D, 0x3D, 0x22, 0xE2
    .byte   0xF0, 0x1E, 0x2E, 0x12, 0xE2, 0xE1, 0x01, 0xF0, 0x1F, 0xE3, 0xD3, 0xE0, 0x1E, 0x2F, 0xF1, 0xFF
    .byte   0x2E, 0x2E, 0x2E, 0x10, 0xF2, 0xE1, 0xF1, 0x1F, 0x0F, 0x01, 0x01, 0xF1,   -1, 0x01, 0x1F, 0x01
    .byte   0xF0, 0xF1, 0x01, 0xFF, 0x2E, 0x1F, 0x10, 0x00, 0x0F, 0x10, 0x00, 0x0F, 0x01, 0x00, 0x00, 0x01
    .byte   0xF0, 0x00, 0x1F, 0x10, 0xF0, 0xF1, 0xF0, 0x11, 0xF0, 0x00, 0x00, 0xF1, 0x1F,    1, 0x0F, 0x0F
    .byte   0x11, 0xF0, 0x00, 0x00, 0x00, 0xF1, 0x1F, 0x1F, 0x00, 0x00, 0x00, 0x01, 0xFF, 0x10, 0x01, 0x00
    .byte   0x0F, 0x1F, 0x1F, 0x01, 0xF0, 0x00, 0x00, 0x00, 0x00, 0x1F, 0x01, 0xF0, 0x10, 0xF0,    0, 0x00
    .byte   0x00, 0x00, 0x00, 0xF1, 0xF1, 0x00, 0xF1, 0x00, 0x1F, 0xF1, 0x01, 0xF0, 0x00, 0x0F, 0x10, 0x00
    .byte   0x01, 0x0F, 0x00, 0x00, 0x00, 0x00, 0x01, 0xFF, 0x1F, 0x10, 0x00, 0xF1, 0x00, 0x00, 0x00,    0
    .byte   0x00, 0x00, 0x1F, 0xF1, 0x00, 0x10, 0x0F, 0x1F, 0x00, 0x0F, 0x10, 0x00, 0x00, 0xF1, 0xF1, 0x00
    .byte   0x0F, 0x10, 0xF1, 0x00, 0x00, 0x1F, 0x1F, 0x00, 0x00, 0x00, 0x00, 0x0F, 0x11, 0xF0, 0x00, 0x00
    .byte      0, 0x01, 0xF1, 0xF1, 0xFF, 0x10, 0x01, 0xF0, 0x00, 0x00, 0x00, 0x00, 0x01, 0xF0, 0x1F, 0x00
    .byte   0xF1, 0x00, 0x00, 0x00, 0x00, 0x00, 0xF1, 0x00, 0x00, 0x00, 0x0F, 0x01, 0x00, 0x00, 0x00, 0x00
    .byte   0x00,    0, 0x0F, 0x10, 0xF1, 0x1F, 0xF1, 0x00, 0x00, 0x0F, 0x10, 0xF1, 0x00, 0x00, 0x00, 0x1F
    .byte   0x00, 0x0F, 0x1F, 0x10, 0xF1, 0x0F, 0x1F, 0x10, 0xF1, 0x00, 0x1F, 0x00, 0x00, 0x00, 0x00, 0x00
    .byte   0x00, 0x1F,    0, 0x00, 0x00, 0x0F, 0x01, 0x00, 0x01, 0xF0, 0x00, 0x00, 0x00, 0x0F, 0x11, 0xF0
    .byte   0x00, 0xF1, 0x00, 0x00, 0xF1, 0x00, 0x00, 0x00, 0x00, 0x1F, 0x1F, 0x00, 0xF0, 0x01, 0x00, 0x0F
    .byte   0x00, 0x10, 0x01,    0, 0x00, 0x00, 0x00, 0x00, 0x00, 0x0F, 0x01, 0x00, 0x1F, 0x00, 0x1F, 0x00
    .byte   0x0F, 0x1F, 0x10, 0x00, 0xF0, 0x10, 0x00, 0x00, 0x00, 0x00, 0xF1, 0x00, 0x00, 0x1F, 0x00, 0x1F
    .byte   0x00, 0x1F, 0x0F, 0x01,    0, 0x00, 0x0F, 0x1F, 0x01, 0x00, 0x00, 0x00, 0x01, 0xF0, 0x00, 0x00
    .byte   0x00, 0x0F, 0x10, 0x1F, 0x00, 0x00, 0x00, 0x00, 0x01, 0xF0, 0x0F, 0x10, 0x00, 0x1F, 0xF1, 0x0F
    .byte   0x10, 0xF1, 0xF1, 0x00, 0x00,    0, 0x01, 0xF1, 0xF1, 0xF0, 0xF1, 0x00, 0x00, 0x00, 0x0F, 0x01
    .byte   0x1F, 0xFF, 0x2E, 0x11, 0x1F, 0x0E, 0x11, 0x01, 0xF0, 0x21, 0x23, 0xE3, 0x4A, 0xC1, 0x02, 0x02
    .byte   0xD4, 0x3D, 0x5B, 0xC3, 0xD5, 0xDD,   11, 0x08, 0x77, 0x83, 0x78, 0x46, 0xB4, 0xFA, 0x51, 0xC5
    .byte   0xBE, 0x5A, 0x36, 0xB4, 0x3A, 0x5D, 0xD5, 0xCD, 0x2D, 0x53, 0xB3, 0x1B, 0x44, 0xC3, 0xDB, 0x60
    .byte   0xC5, 0xB2, 0x4C, 0x6C, 0xC2, 0xB5, 0x3C,   -3, 0x0D, 0x22, 0x03, 0xED, 0xE1, 0x4F, 0xE0, 0xD3
    .byte   0x20, 0x2E, 0xD2, 0x30, 0xFE, 0xF0, 0x1E, 0x1E, 0xE1, 0x22, 0x0E, 0x01, 0x12, 0x0E, 0x0F, 0x22
    .byte   0xFF, 0xE0, 0x21, 0x0F, 0xEF, 0xF2, 0x0E, 0x0F,   -6, 0x01, 0x2F, 0xE0, 0x01, 0x21, 0x00, 0xF0
    .byte   0x11, 0x10, 0xFF, 0xF1, 0x11, 0x1F, 0xE0, 0x01, 0xFF, 0xF0, 0x11, 0x02, 0xFF, 0x1F, 0x22, 0xFE
    .byte   0x01, 0x1F, 0xFF, 0xFE, 0x22, 0xFE, 0x2F, 0x1F, 0x02,    5, 0x0E, 0x10, 0x10, 0xF0, 0xFE, 0x10
    .byte   0x1F, 0xEE, 0x10, 0xEF, 0x00, 0xE0, 0x00, 0x0E, 0x00, 0x2F, 0x22, 0x13, 0x23, 0x22, 0x23, 0x02
    .byte   0x0E, 0x0F, 0xE1, 0xDE, 0xFE, 0x0E, 0xEF, 0xFF, 0x0F, 0x02,    1, 0x01, 0x22, 0x11, 0xF1, 0x1E
    .byte   0xFE, 0xDE, 0xED, 0x0D, 0xDE, 0xE0, 0xFD, 0xFE, 0x21, 0x22, 0x33, 0x45, 0x43, 0x31, 0x33, 0x0E
    .byte   0xDC, 0xEE, 0x1D, 0xDC, 0xE0, 0x10, 0xEE, 0x02, 0x33, 0x20, 0x23,   31, 0x03, 0x1E, 0xEE, 0x0E
    .byte   0xDD, 0xCE, 0xFE, 0xEE, 0xF0, 0x23, 0x22, 0x12, 0x22, 0x1E, 0xDD, 0xED, 0xDD, 0xDC, 0xE1, 0x23
    .byte   0x33, 0x55, 0x53, 0x42, 0x33, 0xFD, 0xDC, 0xCE, 0xDD, 0xCC, 0xFF, 0xF1,  -28, 0x00, 0x23, 0x34
    .byte   0x22, 0x33, 0x33, 0xEE, 0xDE, 0xDD, 0xCD, 0xCE, 0xFE, 0xF0, 0x13, 0x33, 0x33, 0x22, 0x3F, 0xEE
    .byte   0xDD, 0xDC, 0xDC, 0xDC, 0xE0, 0xE2, 0x34, 0x44, 0x55, 0x53, 0x32, 0x3E, 0xDD,   47, 0x0C, 0xCC
    .byte   0xED, 0xCD, 0x21, 0x22, 0x23, 0x33, 0x34, 0x22, 0x22, 0x0F, 0xDD, 0xDD, 0xDD, 0xDD, 0xD1, 0x21
    .byte   0x02, 0x33, 0x33, 0x23, 0x22, 0x1F, 0xDD, 0xED, 0xCD, 0xCD, 0xDD, 0xEF, 0xEF, 0x33,  -45, 0x04
    .byte   0x44, 0x55, 0x43, 0x11, 0xFD, 0xCC, 0xCC, 0xCD, 0xED, 0xE0, 0x23, 0x23, 0x33, 0x33, 0x32, 0x2F
    .byte   0x20, 0xDD, 0xDD, 0xDD, 0xED, 0xDF, 0x02, 0x12, 0x23, 0x33, 0x31, 0x22, 0x1F, 0xED, 0xDD,  -10
    .byte   0x0D, 0xDC, 0xDE, 0xE0, 0xFE, 0xF1, 0x33, 0x34, 0x44, 0x54, 0x42, 0x00, 0x2C, 0xDC, 0xCC, 0xDD
    .byte   0xED, 0x12, 0x32, 0x22, 0x33, 0x32, 0x3F, 0x02, 0x1E, 0xDD, 0xEE, 0xDD, 0xED, 0xF1, 0x11, 0xF2
    .byte     -9, 0x03, 0x31, 0x21, 0x21, 0x1E, 0xED, 0xEE, 0xDD, 0xDD, 0xEE, 0xEE, 0xEF, 0x01, 0x21, 0x34
    .byte   0x34, 0x45, 0x43, 0x22, 0x1F, 0xCD, 0xCC, 0xDD, 0xED, 0xEF, 0x32, 0x22, 0x13, 0x32, 0x31, 0x12
    .byte   0x11,   32, 0x0D, 0xEE, 0xED, 0xDE, 0xEF, 0xE1, 0x00, 0x23, 0x22, 0x03, 0x21, 0x1F, 0xEE, 0xEE
    .byte   0xDD, 0xDE, 0xDD, 0xFE, 0xEF, 0xE1, 0x22, 0x13, 0x43, 0x45, 0x44, 0x32, 0x12, 0xDC, 0xDD, 0xDC
    .byte   0xDE, 0xDF,  -19, 0x02, 0x20, 0x13, 0x33, 0x12, 0x22, 0x21, 0x0E, 0xEE, 0x0D, 0xDD, 0xEF, 0xFD
    .byte   0xE0, 0x22, 0x12, 0x22, 0x32, 0x21, 0x00, 0xEE, 0xDE, 0xDD, 0xDE, 0xDD, 0xEE, 0xFE, 0x01, 0x32
    .byte   0x33, 0x44, 0x54,   51, 0x03, 0x30, 0x2D, 0xDD, 0xDD, 0xDD, 0xCE, 0xFF, 0x0E, 0x21, 0x23, 0x22
    .byte   0x22, 0x32, 0x2F, 0xFE, 0xFF, 0xDD, 0xDE, 0xEF, 0xDE, 0x01, 0x21, 0x12, 0x23, 0x22, 0x01, 0x11
    .byte   0xED, 0xDE, 0xED, 0xDD,  -50, 0x0E, 0xDE, 0xFF, 0xF2, 0x33, 0x34, 0x44, 0x53, 0x34, 0x03, 0xED
    .byte   0xDD, 0xEC, 0xDD, 0xED, 0xEE, 0xEF, 0x12, 0x22, 0x13, 0x23, 0x31, 0x11, 0x21, 0xEE, 0xDE, 0xED
    .byte   0xED, 0xEE, 0xE0, 0x01, 0x22,  -10, 0x02, 0x13, 0x20, 0x10, 0xEE, 0xED, 0xED, 0xDE, 0xDD, 0xEE
    .byte   0xFE, 0xE2, 0x43, 0x33, 0x55, 0x33, 0x43, 0x30, 0xD0, 0xED, 0xDC, 0xEE, 0xDD, 0xED, 0xEF, 0xF0
    .byte   0x01, 0x23, 0x23, 0x22, 0x23, 0x10,   31, 0x0E, 0xF0, 0xDD, 0xEE, 0xED, 0xDF, 0x0F, 0x00, 0x22
    .byte   0x21, 0x22, 0x1F, 0x1F, 0xFD, 0xEF, 0xDD, 0xDE, 0xED, 0xEF, 0x03, 0x32, 0x34, 0x54, 0x23, 0x44
    .byte   0x0E, 0x02, 0xFD, 0xDE, 0xED, 0xED, 0xDD,   -5, 0x0E, 0xEE, 0xE2, 0x12, 0x12, 0x32, 0x32, 0x22
    .byte   0x21, 0xFE, 0xFE, 0xED, 0xDF, 0xEE, 0xDE, 0x00, 0x1E, 0x11, 0x21, 0x00, 0x11, 0x1E, 0xEE, 0xFE
    .byte   0xDE, 0xE1, 0xED, 0x23, 0x22, 0x35, 0x32, 0x43,   49, 0x01, 0xE3, 0x30, 0xEE, 0xFF, 0xEE, 0xDC
    .byte   0x0E, 0xDD, 0xC2, 0x2E, 0xD1, 0x33, 0x11, 0x23, 0x31, 0x10, 0x2F, 0xFE, 0xEE, 0xEE, 0xEE, 0xEE
    .byte   0xEF, 0xEE, 0x11, 0x0E, 0x01, 0x20, 0xEE, 0x00, 0xFD,  -45, 0x00, 0x2E, 0xD0, 0x33, 0x12, 0x44
    .byte   0x03, 0x24, 0x3E, 0x33, 0x21, 0xE1, 0x2F, 0xED, 0xEE, 0xEC, 0xED, 0xEF, 0xDE, 0xE2, 0x2F, 0xF2
    .byte   0x32, 0x11, 0x22, 0x20, 0xF0, 0x1E, 0xEF, 0xEE, 0xEE, 0xEE,  -15, 0x0E, 0xE0, 0xEF, 0x00, 0x0F
    .byte   0xE1, 0x0F, 0xEE, 0xF1, 0x0E, 0x02, 0x21, 0x23, 0x40, 0x23, 0x33, 0x11, 0x42, 0x11, 0x13, 0x1E
    .byte   0xFE, 0xEF, 0xDD, 0xDE, 0xEE, 0xDE, 0x0F, 0xFE, 0xF3, 0x00, 0x12,    7, 0x01, 0x02, 0x11, 0x1F
    .byte   0x0F, 0xEF, 0xEE, 0xEE, 0xEE, 0xEF, 0xEE, 0xFF, 0xFE, 0xF1, 0xFF, 0xEF, 0x11, 0xE0, 0x22, 0x20
    .byte   0x24, 0x20, 0x33, 0x32, 0xE4, 0x31, 0x1F, 0x33, 0xEE, 0xFF, 0x0D, 0xDE,   27, 0x0D, 0xED, 0xEE
    .byte   0xFE, 0xFE, 0x11, 0x21, 0xF2, 0x22, 0x1F, 0x13, 0xF0, 0xE0, 0x1F, 0xEE, 0xEF, 0xFD, 0xEE, 0xFE
    .byte   0xEE, 0x0F, 0xFE, 0xF0, 0xFF, 0xF0, 0x10, 0xF2, 0x22, 0x33, 0xF3, 0x32, 0x32,   18, 0x03, 0x32
    .byte   0x12, 0x23, 0x0E, 0x10, 0xEE, 0xDE, 0xED, 0xDE, 0xFF, 0xDE, 0x1E, 0x00, 0x02, 0xFF, 0x31, 0xFF
    .byte   0x23, 0xEE, 0x02, 0x1E, 0xEE, 0x2E, 0xED, 0x01, 0xED, 0xFF, 0xFE, 0xE0, 0x1F, 0xEF,  -41, 0x01
    .byte   0xE1, 0x22, 0x20, 0x33, 0x12, 0x33, 0x3D, 0x24, 0x21, 0xF3, 0x32, 0xEF, 0x21, 0xED, 0xEF, 0xED
    .byte   0xDE, 0x0E, 0xDF, 0xFE, 0x00, 0x10, 0xE2, 0x20, 0xF0, 0x31, 0xE1, 0x02, 0x0E, 0xE1, 0x0E,   -9
    .byte   0x0E, 0xFE, 0xEE, 0xE1, 0xEE, 0x01, 0x0E, 0xF1, 0x00, 0xF1, 0x20, 0x21, 0x33, 0xF2, 0x33, 0x21
    .byte   0x13, 0x3F, 0x22, 0x32, 0xE0, 0x22, 0xED, 0xE0, 0xFD, 0xDE, 0x1E, 0xDE, 0x00, 0xFE, 0x00, 0x11
    .byte     -5, 0x01, 0x20, 0x11, 0x11, 0x1F, 0x10, 0xE0, 0xE0, 0xEE, 0xEF, 0xEE, 0xFE, 0xFE, 0xFF, 0xFF
    .byte   0xFF, 0x01, 0x00, 0x21, 0x12, 0x23, 0x20, 0x23, 0x22, 0x02, 0x32, 0x00, 0x33, 0x1E, 0x22, 0x2E
    .byte   0xDF,   41, 0x0E, 0xDE, 0xEF, 0xEE, 0xE0, 0xEF, 0xEF, 0x01, 0xF0, 0xF0, 0x21, 0xFF, 0x21, 0xFF
    .byte   0x00, 0x0E, 0xEF, 0xFE, 0xEE, 0xFE, 0x0E, 0xFF, 0xFF, 0x00, 0xE1, 0x11, 0x0F, 0xF2, 0x2F, 0x22
    .byte   0x30, 0x03,    2, 0x02, 0x1F, 0x33, 0xF0, 0x23, 0x20, 0xF2, 0x3E, 0xD0, 0x00, 0xED, 0xFF, 0xEE
    .byte   0xEE, 0xF1, 0xEE, 0x10, 0xF0, 0x0E, 0x21, 0x11, 0xF1, 0x00, 0xFE, 0x10, 0xFE, 0xE0, 0xFE, 0xEF
    .byte   0xFE, 0xE1, 0x0F,  -33, 0x01, 0x10, 0xFF, 0x12, 0xE1, 0x12, 0x2F, 0xF3, 0x3E, 0xF3, 0x22, 0xFE
    .byte   0x33, 0x1E, 0x23, 0x21, 0xE2, 0x3E, 0xE0, 0x11, 0xED, 0xF1, 0xFE, 0xD2, 0x0E, 0xEF, 0x1F, 0xE0
    .byte   0x10, 0xFF, 0x01, 0x00,    1, 0x0F, 0x1F, 0xFE, 0xF0, 0xFE, 0x0E, 0xF0, 0xEF, 0xF0, 0x0F, 0xE0
    .byte   0x00, 0x02, 0xE0, 0x12, 0x1E, 0x02, 0x20, 0xFF, 0x32, 0xF0, 0x12, 0x30, 0xE2, 0x30, 0xE2, 0x13
    .byte   0x2E, 0x12, 0x1F, 0xFF, 0xF2,   27, 0x0E, 0x00, 0xEF, 0xFE, 0x1F, 0xE1, 0xFE, 0x01, 0x0E, 0xE2
    .byte   0x1F, 0xE0, 0x11, 0x0E, 0x00, 0x0F, 0xE0, 0x1F, 0xE0, 0xFF, 0xE2, 0x2E, 0xEE, 0x23, 0xDD, 0x23
    .byte   0x2D, 0xE0, 0x32, 0xFD, 0xF4, 0x0D,  -15, 0x02, 0x21, 0x12, 0x10, 0x21, 0x11, 0x02, 0x2F, 0xF1
    .byte   0x13, 0xFD, 0x22, 0x2E, 0xD0, 0x3F, 0xFD, 0xE3, 0x2D, 0xFF, 0x21, 0xEE, 0x1F, 0x11, 0xEE, 0x22
    .byte   0xEE, 0xF2, 0x2E, 0xDE, 0x31, 0xDD, 0x33,   -8, 0x0D, 0xF3, 0x3D, 0xDF, 0x32, 0xC1, 0x3F, 0xD2
    .byte   0x2F, 0x21, 0xE3, 0xFC, 0x34, 0xDF, 0xEE, 0x33, 0xED, 0xE3, 0x3E, 0xE2, 0x20, 0x2D, 0x13, 0xFE
    .byte   0x22, 0xF1, 0xE2, 0x31, 0xCE, 0x42, 0xD1, 0x1F,   15, 0x0D, 0x13, 0x3D, 0xDE, 0x13, 0x1D, 0x10
    .byte   0xE1, 0xE3, 0x2E, 0xDE, 0xE3, 0x3D, 0xE1, 0xDE, 0x33, 0xDD, 0x2E, 0x22, 0xEE, 0x22, 0x0E, 0x02
    .byte   0xF0, 0x2E, 0xE2, 0x2F, 0x22, 0xDF, 0x0E, 0x43, 0xCD,  -13, 0x02, 0x42, 0xCE, 0x13, 0x3E, 0xC1
    .byte   0x43, 0xEC, 0xD4, 0x4E, 0xCE, 0x14, 0x3D, 0xC1, 0x23, 0x4C, 0xB2, 0x53, 0xEC, 0xC2, 0x53, 0xBE
    .byte   0x20, 0x4E, 0xC1, 0x23, 0x2D, 0xCF, 0x42, 0xED, 0xEE, 0x43,    0, 0x0D, 0xF2, 0x4F, 0xBC, 0x54
    .byte   0xED, 0xDD, 0x45, 0xCC, 0x3D, 0x35, 0xCB, 0x32, 0x34, 0xEB, 0xC5, 0x4D, 0x3C, 0xC4, 0x4E, 0xB0
    .byte   0x44, 0xFC, 0xB3, 0x6F, 0x1B, 0xB3, 0x64, 0xCB, 0xB5, 0x6E, 0xBD,   -6, 0x03, 0x3D, 0xD4, 0x2A
    .byte   0xF6, 0x3B, 0xDF, 0x34, 0xED, 0xD2, 0x3D, 0x33, 0xBD, 0x63, 0xA2, 0x0F, 0x6F, 0x91, 0x51, 0x31
    .byte   0xCC, 0x35, 0x0B, 0xF3, 0x34, 0xCA, 0x37, 0x58, 0xB3, 0x46, 0x49, 0xB3,    6, 0x03, 0x3B, 0xA4
    .byte   0x7D, 0xBC, 0x24, 0x6C, 0x93, 0x53, 0x0E, 0xC1, 0xD5, 0x4C, 0xBE, 0x54, 0xCC, 0x24, 0xFB, 0x33
    .byte   0x22, 0x0B, 0xF5, 0xF1, 0x3B, 0xA6, 0x7A, 0xA5, 0x03, 0x5A, 0xB6, 0x4E, 0xCC,  -18, 0x05, 0x4D
    .byte   0xA2, 0x42, 0x4D, 0xBD, 0x55, 0xDB, 0xD1, 0x62, 0xBC, 0x15, 0x3E, 0xB2, 0x2F, 0x5D, 0xCD, 0x25
    .byte   0xFD, 0xCB, 0x66, 0xCB, 0xCE, 0x56, 0x09, 0xA6, 0x7B, 0xEE, 0xB4, 0x5F, 0xBC, 0x34,   14, 0x03
    .byte   0xAA, 0x76, 0xAD, 0x3B, 0x47, 0xC9, 0x23, 0x56, 0xA8, 0x57, 0xD1, 0x09, 0xE7, 0x6A, 0xBB, 0x56
    .byte   0x58, 0xB7, 0x68, 0x35, 0xA6, 0x68, 0xB7, 0x0E, 0x5B, 0x96, 0x6B, 0xEF, 0xB6, 0x69, 0x97,   29
    .byte   0x0C, 0xCC, 0x44, 0xB5, 0x4A, 0xDC, 0x75, 0xAA, 0x47, 0xBA, 0x46, 0xF8, 0x47, 0xCA, 0x54, 0xCE
    .byte   0xE4, 0x4B, 0xC3, 0x5D, 0xD2, 0xC3, 0x5A, 0x35, 0xCC, 0x51, 0xBD, 0x63, 0xAD, 0x44, 0xD1, 0x1D
    .byte     -4, 0x02, 0x23, 0xF8, 0x77, 0xBA, 0x22, 0xE5, 0x3C, 0xBD, 0x64, 0xB1, 0xDD, 0x45, 0xCC, 0x04
    .byte   0xDF, 0x5B, 0xB5, 0x5B, 0xE1, 0xC3, 0x7B, 0xB2, 0xD4, 0x6B, 0xB2, 0x15, 0xED, 0x2A, 0x47, 0xCB
    .byte   0x1D,   -5, 0x05, 0xDB, 0x04, 0x0E, 0x33, 0xBB, 0x64, 0xB2, 0x3C, 0x43, 0xA5, 0x4A, 0x36, 0xAD
    .byte   0x44, 0xCC, 0x41, 0x4C, 0xA6, 0x4D, 0xC1, 0x2D, 0x26, 0xBC, 0x32, 0xF5, 0xF9, 0xF7, 0xCC, 0x69
    .byte   0xD7, 0xEC,   -2, 0x0C, 0x45, 0xBE, 0x2D, 0x05, 0x2C, 0xCD, 0x56, 0xAA, 0x63, 0xC0, 0x4F, 0xB2
    .byte   0x5D, 0xD3, 0xC0, 0x4D, 0x4C, 0x14, 0xDC, 0x43, 0xCE, 0x23, 0xDD, 0x42, 0x0E, 0xC4, 0xC4, 0x4B
    .byte   0x03, 0xB4, 0x6B,  -22, 0x04, 0x5B, 0x12, 0x2F, 0xB4, 0x6B, 0xB5, 0x2D, 0x32, 0xB3, 0x12, 0x31
    .byte   0xBC, 0x65, 0xA2, 0xED, 0x33, 0x5C, 0x94, 0x6E, 0xFC, 0xDC, 0x7E, 0xA6, 0xEA, 0x37, 0xBC, 0x20
    .byte   0x4F, 0xB2, 0x42, 0xC2,    3, 0x0D, 0x03, 0x3D, 0xC3, 0x21, 0x32, 0xCB, 0x54, 0xDF, 0x0B, 0x36
    .byte   0xDB, 0xC5, 0x5D, 0xB2, 0xD3, 0x32, 0x3B, 0xC5, 0x4C, 0x2D, 0xC5, 0x2E, 0xD2, 0x1C, 0x45, 0xCA
    .byte   0x53, 0xEF, 0x3C, 0xB7, 0xCB,    7, 0x05, 0xAA, 0x73, 0xCE, 0xED, 0x34, 0xED, 0x4C, 0xD4, 0x3D
    .byte   0xDF, 0xF3, 0x14, 0xBD, 0x31, 0x42, 0xDB, 0xE5, 0x4C, 0xF2, 0xCC, 0x65, 0xBB, 0x3E, 0x51, 0xCD
    .byte   0x2F, 0x34, 0xCD, 0xE0, 0x61, 0x92,   -1, 0x02, 0xF3, 0xEC, 0xC3, 0x7E, 0xAB, 0x55, 0xED, 0xDF
    .byte   0xDF, 0x63, 0xAC, 0x35, 0x23, 0x9E, 0x6D, 0x32, 0xDC, 0xE6, 0x2B, 0x2D, 0xC5, 0x5B, 0xC2, 0x32
    .byte   0x22, 0xCD, 0x23, 0x4D, 0xDD, 0xE5, 0x3C,  -12, 0x04, 0x3A, 0x46, 0xBB, 0x34, 0x3C, 0x14, 0xB2
    .byte   0xD4, 0x69, 0xB6, 0x41, 0xEB, 0xD6, 0xCD, 0x6B, 0xB4, 0x6B, 0x21, 0xC1, 0x34, 0xCC, 0x34, 0xFD
    .byte   0xED, 0x53, 0xA2, 0x4D, 0x14, 0xEC, 0x13, 0x21,   17, 0x0B, 0xB7, 0x3A, 0x14, 0xDC, 0x54, 0xBD
    .byte   0x24, 0xE2, 0xEB, 0x26, 0x3A, 0xF3, 0xD2, 0x52, 0xAB, 0x65, 0xDC, 0xDC, 0x54, 0xC2, 0x3A, 0x17
    .byte   0xEB, 0xB5, 0x2F, 0x4D, 0xCD, 0x44, 0x11, 0xAE, 0x61,   -4, 0x01, 0x21, 0xC2, 0x50, 0xCD, 0xD5
    .byte   0x3C, 0xF2, 0xDE, 0x5E, 0xC3, 0x1B, 0x55, 0xAD, 0x43, 0xC2, 0x5B, 0xB5, 0x5C, 0xD2, 0x2C, 0x34
    .byte   0xDC, 0x5E, 0xB3, 0x5C, 0xB5, 0x2C, 0x23, 0xD3, 0x3B, 0xD5,    6, 0x0E, 0xD3, 0x0E, 0xF3, 0x1D
    .byte   0x11, 0xFE, 0x4C, 0xD5, 0x1B, 0x05, 0xEC, 0xE5, 0xCF, 0x3D, 0x1F, 0xE4, 0x3B, 0xF4, 0xEE, 0x11
    .byte   0x3B, 0xE7, 0xBB, 0x34, 0x0E, 0x3C, 0xC5, 0x4B, 0x25, 0xAF, 0x5E,    9, 0x0D, 0xC0, 0x50, 0xD3
    .byte   0xCB, 0x64, 0xC0, 0xDD, 0x35, 0xDC, 0xC5, 0x3B, 0x50, 0xBF, 0x5F, 0xC1, 0x2E, 0xD5, 0x1B, 0xD5
    .byte   0x4C, 0xD3, 0xD2, 0x4C, 0xF2, 0x2D, 0xF4, 0x1A, 0x44, 0xC3, 0x1C, 0xF6,   10, 0x0A, 0x53, 0xC3
    .byte   0x31, 0xB2, 0x44, 0xBD, 0x23, 0x0E, 0x22, 0xDD, 0x43, 0xEF, 0xBF, 0x62, 0xA2, 0x5D, 0xD2, 0x3E
    .byte   0xD2, 0xF3, 0xD0, 0x1F, 0xFE, 0x23, 0xD2, 0xED, 0x25, 0xEB, 0x43, 0xA4, 0x6A,  -24, 0x07, 0xBC
    .byte   0x7C, 0xA4, 0x2D, 0x31, 0x0D, 0x20, 0x4E, 0xB3, 0x3D, 0x32, 0xC2, 0x04, 0x2C, 0xD4, 0x2C, 0x32
    .byte   0xFB, 0x44, 0xC2, 0x3D, 0xC3, 0x43, 0xBC, 0x53, 0xC3, 0x3B, 0x15, 0xDD, 0x4C, 0xC4,   22, 0x0C
    .byte   0xB1, 0x42, 0x4D, 0xBE, 0x51, 0xE4, 0xBC, 0x53, 0xFE, 0x2B, 0xD6, 0x2C, 0xE2, 0xC2, 0x6D, 0xB3
    .byte   0xDD, 0x63, 0xAD, 0x42, 0x14, 0x1B, 0xC4, 0x4E, 0x22, 0xAD, 0x64, 0xCF, 0xDD, 0x34, 0x0C,   -1
    .byte   0x0F, 0xC3, 0x6F, 0xAD, 0x5F, 0xE3, 0x2B, 0xD4, 0x32, 0x3B, 0xC4, 0x5D, 0xC0, 0x4C, 0xE4, 0x2D
    .byte   0x1C, 0x16, 0xDB, 0xE5, 0x0C, 0x03, 0x3C, 0xE3, 0x3D, 0xE1, 0x3E, 0xEF, 0x02, 0xE0, 0x12, 0x1C
    .byte     -1, 0x04, 0xDC, 0x04, 0x2C, 0xE3, 0x1F, 0xF2, 0x3F, 0xC0, 0x33, 0xDC, 0x24, 0xDE, 0x33, 0xCD
    .byte   0x24, 0x3C, 0xD2, 0x3F, 0x02, 0x0C, 0x21, 0x14, 0xEB, 0x24, 0x1E, 0x12, 0xC1, 0x32, 0x3D, 0xC2
    .byte   0x4D,    0, 0x03, 0xDE, 0xE1, 0x43, 0xCC, 0x22, 0x40, 0xCE, 0x3E, 0xF4, 0x2C, 0xD2, 0x32, 0x2C
    .byte   0xE3, 0x2F, 0x21, 0xCF, 0x4D, 0xF4, 0xDB, 0x44, 0xED, 0x2E, 0xE2, 0x4D, 0xD3, 0xED, 0x42, 0xCD
    .byte   0x33, 0xD3,    4, 0x0C, 0x24, 0xD2, 0x2D, 0xD3, 0x4D, 0xD2, 0xF1, 0x20, 0xEE, 0xFF, 0x23, 0x1D
    .byte   0xD2, 0x23, 0x1D, 0xD3, 0xF1, 0x30, 0xDE, 0x2F, 0x23, 0xDE, 0xF0, 0x20, 0xFE, 0x2F, 0xE2, 0x2E
    .byte   0x0F, 0x0F, 0x3F,   -1, 0x00, 0x21, 0xD2, 0x3D, 0xD3, 0x3D, 0xE2, 0x1F, 0x1E, 0x13, 0x0D, 0xE4
    .byte   0xFD, 0x02, 0x0E, 0x01, 0x12, 0xED, 0x23, 0xEE, 0x21, 0xEF, 0x02, 0x10, 0xEF, 0x21, 0x0E, 0x2F
    .byte   0xFF, 0x02, 0xFE, 0xF2,    1, 0x0F, 0x10, 0xFE, 0x12, 0xFF, 0x01, 0xE2, 0x2E, 0xF0, 0x1F, 0x12
    .byte   0xEF, 0xF2, 0xF1, 0x1E, 0xF1, 0x10, 0xF1, 0xFF, 0x12, 0x0E, 0x10, 0x01, 0xF0, 0xFF, 0x02, 0x0F
    .byte   0xFF, 0x11, 0xFF, 0x01, 0xFF,    0, 0x01, 0xFF, 0x01, 0x1F, 0xF0, 0x10, 0xF1, 0x1F, 0xE2, 0x10
    .byte   0xF0, 0xF0, 0x01, 0x01, 0x0E, 0x12, 0x1E, 0x10, 0x1F, 0x01, 0x0F, 0xF0, 0x12, 0xFE, 0x11, 0x01
    .byte   0x10, 0xFF, 0x00, 0x10, 0xFE, 0x11,   -1, 0x01, 0x10, 0xFF, 0x11, 0x0F, 0xF0, 0x10, 0x11, 0xFF
    .byte   0xF0, 0x10, 0xFF, 0xF0, 0x01, 0x0F, 0xF1, 0x11, 0x00, 0xF0, 0x11, 0x10, 0x0F, 0xF1, 0x11, 0xFF
    .byte   0xF1, 0x11, 0x0F, 0xF0, 0x12, 0xFF, 0xF1,    3, 0x00, 0x20, 0xFF, 0x01, 0x1F, 0x0F, 0xFF, 0x00
    .byte   0xFF, 0xFF, 0x10, 0x0E, 0x0F, 0x00, 0x0E, 0x0F, 0xEF, 0x1F, 0x0E, 0xF1, 0x10, 0x10, 0x10, 0x21
    .byte   0x02, 0x02, 0x12, 0x22, 0x22, 0x21, 0x22, 0x00,   30, 0x0F, 0xFF, 0xFF, 0xEF, 0x0F, 0xF0, 0xF0
    .byte   0xEF, 0x0E, 0x0E, 0x0E, 0x0F, 0x0F, 0x0E, 0xEF, 0xFE, 0xFE, 0xFE, 0xFE, 0x10, 0xE0, 0xE0, 0xFE
    .byte   0xFE, 0xF1, 0x22, 0x33, 0x33, 0x44, 0x23, 0x10, 0xFF,   42, 0x0E, 0xDE, 0xF2, 0x01, 0x2F, 0xEE
    .byte   0x12, 0xEE, 0xDE, 0xF0, 0x0F, 0xED, 0xE1, 0x10, 0xEE, 0xF0, 0x12, 0x2F, 0xE1, 0x22, 0x11, 0x11
    .byte   0x02, 0x22, 0x10, 0x11, 0x2F, 0x0E, 0xEE, 0xEF, 0xEE, 0xEE,  -20, 0x0E, 0x1E, 0xED, 0xEE, 0x0F
    .byte   0xE0, 0x32, 0x33, 0x34, 0x32, 0x31, 0x10, 0xE2, 0x1E, 0xE0, 0x22, 0x21, 0x2F, 0xE0, 0x1F, 0xEE
    .byte   0xEE, 0xEE, 0xFE, 0xED, 0xFF, 0x0F, 0xE1, 0x1F, 0x12, 0x20, 0xF0,   -6, 0x02, 0x00, 0x10, 0xFF
    .byte   0x22, 0x10, 0x10, 0xFF, 0xFF, 0xEE, 0xEF, 0xFE, 0xEE, 0xFE, 0xD0, 0xEE, 0xEF, 0x11, 0x32, 0x33
    .byte   0x43, 0x32, 0x11, 0xFF, 0x02, 0xFE, 0x22, 0x22, 0x21, 0xFE, 0xE1, 0x0E,   26, 0x0E, 0xEE, 0xF0
    .byte   0xEE, 0xEE, 0xEF, 0x0F, 0xE0, 0x00, 0x21, 0x00, 0x10, 0x00, 0x01, 0x00, 0x01, 0x11, 0x1F, 0x10
    .byte   0x01, 0x1F, 0xF0, 0xFE, 0x0E, 0x0E, 0xFF, 0x0E, 0xFE, 0x0E, 0xE0, 0xF0, 0x12,  -27, 0x03, 0x33
    .byte   0x22, 0x11, 0x02, 0x12, 0x11, 0x22, 0x31, 0x21, 0x0E, 0xE0, 0xE0, 0xEE, 0xEF, 0xEF, 0xFE, 0x0E
    .byte   0xEF, 0xF0, 0x0F, 0xFF, 0xFF, 0x0F, 0x0F, 0xF1, 0x02, 0x01, 0x00, 0xFF, 0xF0, 0xF1,   -5, 0x01
    .byte   0x1F, 0xFF, 0xEE, 0xED, 0xEE, 0xFE, 0xFE, 0xFE, 0xE0, 0x02, 0x02, 0x23, 0x23, 0x32, 0x23, 0x23
    .byte   0x22, 0x31, 0x33, 0x22, 0x21, 0x0F, 0x0E, 0xEF, 0xEE, 0xEE, 0xED, 0xFE, 0xED, 0xEE, 0xEE,   -9
    .byte   0x0E, 0x0E, 0xFE, 0x0F, 0xFF, 0xF0, 0x10, 0x21, 0x10, 0x11, 0x11, 0x1F, 0x00, 0x0E, 0x0F, 0xEE
    .byte   0xFE, 0xEE, 0xEE, 0xFE, 0xE0, 0x12, 0x22, 0x33, 0x33, 0x33, 0x23, 0x22, 0x32, 0x32, 0x23, 0x22
    .byte     79, 0x00, 0xFE, 0xEE, 0xFD, 0xED, 0xED, 0xEE, 0xED, 0xEE, 0xDF, 0xEE, 0xEF, 0xE0, 0xE0, 0xF1
    .byte   0x11, 0x02, 0x12, 0x22, 0x12, 0x02, 0x02, 0x20, 0x01, 0x11, 0x01, 0xFE, 0xEE, 0xEE, 0xED, 0xED
    .byte   0xEE,  -49, 0x0E, 0xEE, 0xFF, 0xF1, 0x22, 0x12, 0x33, 0x34, 0x31, 0x32, 0x33, 0x33, 0x12, 0x32
    .byte   0x31, 0x10, 0xEE, 0xEE, 0xEE, 0xED, 0xED, 0xEE, 0xED, 0xED, 0xEE, 0xFE, 0xEF, 0xEF, 0xFF, 0x00
    .byte   0x11, 0x01,  -23, 0x02, 0x22, 0x21, 0x11, 0x12, 0x11, 0x0F, 0xFF, 0xF0, 0xEE, 0xEE, 0xEE, 0xEF
    .byte   0xDE, 0xEE, 0xEF, 0xFE, 0x00, 0x12, 0x22, 0x23, 0x24, 0x33, 0x33, 0x23, 0x23, 0x22, 0x21, 0x23
    .byte   0x22, 0xFF, 0xEE,   64, 0x0F, 0xDE, 0xED, 0xDE, 0xEE, 0xED, 0xEE, 0xDF, 0xE0, 0xE0, 0xEF, 0xF1
    .byte   0x02, 0x11, 0x02, 0x12, 0x22, 0x21, 0x10, 0x20, 0x00, 0x0E, 0x0E, 0xFF, 0xEE, 0xEE, 0xEE, 0xEE
    .byte   0xEE, 0xEE, 0xF0, 0xFE,  -58, 0x00, 0x21, 0x22, 0x31, 0x33, 0x43, 0x32, 0x23, 0x22, 0x32, 0x21
    .byte   0x22, 0x31, 0x1F, 0xFD, 0xEE, 0xEE, 0xED, 0xDE, 0xEE, 0xEE, 0xDE, 0xDE, 0xFE, 0x1F, 0xEF, 0xF0
    .byte   0x02, 0x10, 0x11, 0x12, 0x22,   -2, 0x01, 0x01, 0x02, 0x0F, 0xFF, 0xEF, 0xF0, 0xEE, 0xEE, 0xEE
    .byte   0xEF, 0xEE, 0xEE, 0xFF, 0x0F, 0x00, 0x11, 0x20, 0x32, 0x23, 0x33, 0x33, 0x32, 0x22, 0x23, 0x22
    .byte   0x12, 0x22, 0x21, 0x0E, 0xEE, 0xEE,   48, 0x0D, 0xFD, 0xED, 0xFE, 0xED, 0xED, 0xEF, 0xF0, 0xE0
    .byte   0xFF, 0x02, 0x11, 0x1F, 0x11, 0x12, 0x22, 0x11, 0x02, 0x01, 0x0E, 0xFE, 0xFF, 0x0E, 0xFE, 0xEF
    .byte   0xEF, 0xFE, 0xEE, 0xE0, 0x11, 0x00, 0xF0,  -44, 0x02, 0x12, 0x22, 0x23, 0x33, 0x32, 0x23, 0x12
    .byte   0x32, 0x22, 0x12, 0x22, 0x11, 0x0E, 0xEE, 0xDF, 0xEE, 0xDE, 0xDF, 0xEE, 0xED, 0xFE, 0xEE, 0xFF
    .byte   0x00, 0xFF, 0xF0, 0x11, 0x11, 0x11, 0x02, 0x22,   -1, 0x00, 0x01, 0x00, 0x0F, 0xE0, 0xEF, 0x0F
    .byte   0xFE, 0xEE, 0xEE, 0xFE, 0xEF, 0xEF, 0xF1, 0x02, 0x01, 0x02, 0x12, 0x22, 0x22, 0x33, 0x33, 0x22
    .byte   0x22, 0x32, 0x22, 0x02, 0x12, 0x22, 0x0E, 0xEE, 0xEE,   47, 0x0E, 0xEE, 0xDD, 0xFE, 0xEE, 0xDE
    .byte   0xEE, 0xF0, 0xFF, 0x00, 0xE0, 0x11, 0x01, 0x21, 0x11, 0x22, 0x30, 0x22, 0xDC, 0x33, 0xEE, 0xFE
    .byte   0xDF, 0x21, 0xED, 0xEE, 0xD0, 0x11, 0xEE, 0xF0, 0x12, 0x22,  -38, 0x0F, 0x23, 0x33, 0x41, 0x34
    .byte   0x31, 0x12, 0xEF, 0x02, 0x1E, 0xE2, 0x21, 0x21, 0xED, 0xEE, 0xEE, 0xEE, 0xDE, 0xE0, 0x0F, 0xEE
    .byte   0xEE, 0x22, 0x11, 0x00, 0xE1, 0x21, 0x10, 0xF0, 0x22, 0x22, 0xF0,   10, 0x0F, 0xF0, 0xEE, 0xDE
    .byte   0xFE, 0x01, 0x0E, 0xDE, 0xFF, 0x0E, 0xEE, 0xFE, 0x22, 0x10, 0x01, 0x12, 0x22, 0x22, 0x33, 0x33
    .byte   0x23, 0x32, 0xF1, 0x1E, 0x12, 0x20, 0xE1, 0x12, 0x10, 0x1D, 0xDF, 0xEF,   22, 0x0E, 0xDE, 0xD0
    .byte   0x10, 0xFE, 0xFE, 0x12, 0x21, 0x0F, 0xFF, 0x10, 0x20, 0xF0, 0x01, 0x32, 0x10, 0xE0, 0xEE, 0x1E
    .byte   0xEE, 0xEE, 0xFF, 0xFE, 0xEE, 0xEF, 0xF0, 0xEE, 0xF1, 0x11, 0x10, 0x12, 0x12,  -29, 0x01, 0x22
    .byte   0x33, 0x33, 0x23, 0x32, 0xF1, 0x0E, 0xF2, 0x20, 0xEF, 0x11, 0x21, 0x0E, 0xDD, 0xF1, 0xFD, 0xED
    .byte   0xEF, 0x01, 0xFF, 0xEE, 0x02, 0x22, 0x1F, 0xEF, 0x12, 0x11, 0x1E, 0x02, 0x22, 0x20,   13, 0x0E
    .byte   0xEF, 0xEF, 0xEE, 0xEE, 0xFF, 0x00, 0xEE, 0xEE, 0xFF, 0x0E, 0xEF, 0xF1, 0x21, 0x10, 0x21, 0x22
    .byte   0x22, 0x33, 0x23, 0x23, 0x33, 0x1F, 0x0F, 0xE0, 0x22, 0xFE, 0xE0, 0x22, 0x10, 0xDD, 0xD0,   20
    .byte   0x0F, 0xED, 0xDE, 0xF2, 0x10, 0xEE, 0xE2, 0x21, 0x21, 0xEF, 0xF1, 0x20, 0x2F, 0xFF, 0x22, 0x22
    .byte   0xFE, 0xEE, 0xF0, 0xFE, 0xED, 0xFE, 0x01, 0xFE, 0xEE, 0xEF, 0xFF, 0x0E, 0xF1, 0x21, 0x20, 0x20
    .byte    -32, 0x01, 0x32, 0x22, 0x33, 0x23, 0x24, 0x2F, 0xE0, 0xFE, 0x03, 0x1E, 0xE0, 0x12, 0x2F, 0xED
    .byte   0xDD, 0xF2, 0xFE, 0xDD, 0xE1, 0x22, 0x1E, 0xEE, 0x12, 0x12, 0x0F, 0xEF, 0x12, 0x22, 0xFE, 0x11
    .byte   0x22,   13, 0x00, 0xEE, 0xFE, 0xFF, 0xFE, 0xDE, 0xF0, 0x01, 0xEE, 0xEE, 0xF0, 0xF0, 0xFE, 0x00
    .byte   0x22, 0x11, 0x11, 0x13, 0x23, 0x13, 0x23, 0x23, 0x33, 0xFE, 0xFF, 0xE0, 0x22, 0xEE, 0xF0, 0x21
    .byte   0x1F, 0xED,   16, 0x0E, 0x11, 0xEE, 0xDE, 0x00, 0x21, 0x0E, 0xE0, 0x11, 0x21, 0x0F, 0xE0, 0x12
    .byte   0x21, 0x1F, 0x00, 0x22, 0x10, 0xEE, 0xEF, 0xFF, 0xFE, 0xEE, 0xE0, 0x0F, 0xEE, 0xEE, 0x00, 0xF0
    .byte   0xFF, 0x01, 0x21,  -32, 0x0F, 0xF2, 0x22, 0x32, 0x33, 0x22, 0x33, 0x3F, 0xFE, 0xFF, 0x02, 0x10
    .byte   0xEE, 0x01, 0x21, 0x0E, 0xDD, 0xEF, 0x00, 0xEE, 0xDF, 0xF0, 0x21, 0x0E, 0xE1, 0x01, 0x20, 0x0F
    .byte   0x0F, 0x02, 0x12, 0x10,    3, 0x01, 0x01, 0x2F, 0xFE, 0xEF, 0xEF, 0x0E, 0x0E, 0xEE, 0x0F, 0xE0
    .byte   0xEE, 0xE0, 0x00, 0x02, 0x00, 0x21, 0x10, 0x20, 0x22, 0x23, 0x23, 0x13, 0x33, 0x21, 0xFF, 0xF0
    .byte   0x10, 0xF0, 0x0E, 0xF1, 0x11,   34, 0x0E, 0xEE, 0xED, 0x00, 0xFE, 0xEE, 0xFE, 0x21, 0x11, 0xFE
    .byte   0xFF, 0x01, 0x20, 0x00, 0x01, 0x20, 0x21, 0x0F, 0xFF, 0xFF, 0x00, 0x0E, 0x0E, 0x0E, 0x00, 0xEE
    .byte   0x0E, 0xEE, 0x1F, 0xF0, 0xE0, 0x01,  -34, 0x01, 0x21, 0x00, 0x2F, 0x12, 0x22, 0x32, 0x32, 0x32
    .byte   0x22, 0x01, 0xF1, 0xF1, 0x01, 0x0F, 0xFF, 0x00, 0xFE, 0xEE, 0xEE, 0xEF, 0xFF, 0xEF, 0xEF, 0xF0
    .byte   0x1F, 0x00, 0xEF, 0x01, 0x11, 0x11, 0x11,   -4, 0x01, 0x21, 0x11, 0xF0, 0xF0, 0x1F, 0x00, 0xFE
    .byte   0x0E, 0xFF, 0x0E, 0x0E, 0xE0, 0xEF, 0xFF, 0xFF, 0xF1, 0x00, 0x20, 0x11, 0x11, 0x11, 0xF2, 0x22
    .byte   0x23, 0x13, 0x22, 0x22, 0x01, 0x10, 0x10, 0x10,   35, 0x0F, 0xF0, 0xF0, 0xEF, 0xEE, 0xEE, 0xEF
    .byte   0xF0, 0xE0, 0xEF, 0x0F, 0xF0, 0xFF, 0xFF, 0x00, 0x1F, 0x10, 0x20, 0x01, 0x2F, 0x10, 0x10, 0x10
    .byte   0xF0, 0x0F, 0xFF, 0xFF, 0xF0, 0xEF, 0xF0, 0xEF, 0xFF,  -20, 0x0F, 0xFF, 0x00, 0x01, 0x01, 0x11
    .byte   0x01, 0x10, 0x10, 0x12, 0x21, 0x22, 0x22, 0x22, 0x2F, 0x02, 0x11, 0x11, 0x10, 0x00, 0xFF, 0x0F
    .byte   0xFE, 0xFE, 0xE0, 0xE0, 0x0E, 0x0E, 0x0E, 0xFF, 0xFF, 0x0F,   -9, 0x0F, 0x10, 0x10, 0x00, 0x11
    .byte   0x01, 0x10, 0x11, 0x01, 0x00, 0x10, 0x01, 0xF0, 0x0F, 0x0F, 0xFF, 0x0F, 0xFF, 0xFF, 0x0E, 0x10
    .byte   0xF0, 0xF1, 0x0F, 0xF1, 0xF1, 0x11, 0x10, 0x20, 0xF0, 0x21, 0x11,    1, 0x01, 0x12, 0x11, 0x11
    .byte   0x10, 0x11, 0x11, 0x10, 0x01, 0x0F, 0x0F, 0xF0, 0xE0, 0xFF, 0xF0, 0x0E, 0xFF, 0xFF, 0x0F, 0xFF
    .byte   0x0F, 0xF0, 0x1F, 0x00, 0x1F, 0x1F, 0x01, 0x00, 0x11, 0x00, 0x11, 0x1F,    0, 0x00, 0x00, 0xF1
    .byte   0x0F, 0x00, 0x0F, 0x00, 0x0F, 0x0F, 0x0F, 0x0F, 0x00, 0xF0, 0x10, 0x00, 0xF0, 0x01, 0x01, 0xF1
    .byte   0x01, 0x10, 0x10, 0x11, 0x00, 0x02, 0x0F, 0x10, 0xF0, 0x11, 0x00, 0x00, 0x11,    6, 0x0F, 0x01
    .byte   0xEF, 0x12, 0x00, 0xE0, 0x01, 0x1F, 0xFF, 0x01, 0x00, 0xFF, 0xF1, 0x10, 0x0F, 0x00, 0x10, 0xFF
    .byte   0x10, 0x10, 0x00, 0xF0, 0x00, 0x11, 0xFF, 0x01, 0x0F, 0x11, 0x1E, 0x01, 0x10, 0xFE,   -4, 0x01
    .byte   0x11, 0x00, 0xFE, 0x2F, 0x01, 0xFF, 0x1F, 0x11, 0x00, 0xF0, 0x01, 0xFF, 0x02, 0x1E, 0xE2, 0x01
    .byte   0x10, 0xF2, 0x0E, 0x10, 0x12, 0x0F, 0xE2, 0x0F, 0x00, 0x10, 0xFF, 0x20, 0x00, 0xE1, 0x01,    3
    .byte   0x0F, 0x10, 0xE1, 0x11, 0xF0, 0x10, 0xF0, 0xFF, 0x21, 0x0E, 0x00, 0xF1, 0x11, 0x00, 0xE0, 0x11
    .byte   0x2E, 0x01, 0x0F, 0x0F, 0x01, 0x0E, 0x02, 0x10, 0xE0, 0x20, 0x0E, 0x02, 0x0E, 0x01, 0x2E, 0x0F
    .byte     -3, 0x02, 0xE1, 0x12, 0xEF, 0xF2, 0x0E, 0x2E, 0xF2, 0x10, 0xE0, 0x2E, 0xF2, 0x01, 0x10, 0xE1
    .byte   0x01, 0x1E, 0x21, 0x1E, 0x01, 0x02, 0x00, 0xE1, 0xF0, 0x12, 0xE0, 0xF2, 0xFE, 0x22, 0xEE, 0x2F
    .byte   0x00,    2, 0x0F, 0x11, 0xE0, 0x20, 0xFE, 0x12, 0xFF, 0xFF, 0x1F, 0x12, 0xEF, 0xFF, 0x1E, 0x32
    .byte   0xEF, 0xEF, 0xF2, 0x2E, 0x00, 0xEF, 0x20, 0x01, 0x11, 0xFE, 0x1F, 0x11, 0xE0, 0x20, 0xFF, 0x12
    .byte   0x1E, 0xE1,   -3, 0x02, 0x0F, 0x01, 0xEF, 0x20, 0x2E, 0xE2, 0x2E, 0xFF, 0x12, 0xF0, 0xFE, 0x22
    .byte   0xE0, 0xF2, 0xE2, 0xE0, 0x2F, 0xF0, 0xE2, 0xE1, 0x21, 0xF0, 0xEE, 0x2F, 0xF2, 0x2F, 0xE1, 0xF0
    .byte   0xF1, 0xF0, 0x2E,   -4, 0x01, 0x12, 0x10, 0xEE, 0x2F, 0x02, 0xFF, 0x0E, 0x02, 0xF2, 0xEE, 0x22
    .byte   0xFF, 0xE2, 0xEF, 0x01, 0x12, 0xFF, 0xF0, 0x0F, 0x00, 0x0F, 0x11, 0x12, 0x0F, 0xEE, 0x2F, 0x10
    .byte   0xF3, 0xFE, 0xEF, 0x11,   -1, 0x00, 0x20, 0xF0, 0x2E, 0xEF, 0x2F, 0x2F, 0x0E, 0xF0, 0x22, 0xFF
    .byte   0xEE, 0xF2, 0x02, 0x0E, 0x12, 0xFE, 0x2D, 0x21, 0x11, 0x0F, 0xF2, 0xFF, 0xE0, 0x11, 0x21, 0xFE
    .byte   0xE0, 0x21, 0x1F, 0xFE, 0x20,    0, 0x00, 0x1F, 0xE0, 0xF1, 0x21, 0x01, 0xE1, 0x0F, 0x01, 0x10
    .byte   0xE2, 0x2F, 0xFE, 0x10, 0x11, 0x11, 0x1E, 0x10, 0xF0, 0x10, 0x01, 0x01, 0xF0, 0x1E, 0x02, 0xE0
    .byte   0x12, 0xFF, 0x1F, 0xE0, 0x20, 0x21,    7, 0x0E, 0xEF, 0x01, 0x2E, 0x0F, 0x12, 0xEE, 0x21, 0x0E
    .byte   0x11, 0x11, 0xFF, 0xE0, 0x12, 0x1F, 0xEF, 0x2F, 0x0F, 0x01, 0x00, 0x0E, 0x20, 0x01, 0x10, 0xF0
    .byte   0xFF, 0x10, 0x10, 0x12, 0x0F, 0x0F, 0x01,    2, 0x01, 0x10, 0x20, 0x0F, 0x00, 0xFF, 0x22, 0xFF
    .byte   0xFE, 0x01, 0xF0, 0xF0, 0x0F, 0x10, 0xF0, 0xF0, 0xEF, 0x02, 0x11, 0xEF, 0x00, 0xFE, 0x00, 0xFE
    .byte   0x11, 0x20, 0xFF, 0xFE, 0x11, 0xF1, 0x0F, 0xFF,  -13, 0x01, 0x2F, 0x0E, 0xF2, 0x00, 0x01, 0x12
    .byte   0x22, 0x21, 0x10, 0x01, 0x10, 0x20, 0x21, 0x0F, 0xFF, 0xE0, 0xE0, 0xEF, 0xF0, 0xFF, 0xFF, 0xF0
    .byte   0x1F, 0x0F, 0x11, 0x02, 0x11, 0x0E, 0x01, 0x10, 0xFF,    1, 0x01, 0xFF, 0x00, 0x0F, 0xFF, 0xE0
    .byte   0xF1, 0x11, 0xE0, 0xEF, 0x01, 0x00, 0x0E, 0xFF, 0xF0, 0xF0, 0x01, 0x11, 0xF1, 0x12, 0x23, 0x23
    .byte   0x12, 0x11, 0x00, 0x01, 0x21, 0x11, 0x00, 0xEE, 0xED, 0x0E,    2, 0x01, 0xF0, 0xFE, 0x0F, 0xF0
    .byte   0x10, 0x02, 0x12, 0x11, 0x0F, 0xF0, 0x11, 0xFF, 0xFF, 0x00, 0xF1, 0xF0, 0xEF, 0x0F, 0xF1, 0xF0
    .byte   0x00, 0xEE, 0xFE, 0x01, 0x0F, 0x0E, 0x0F, 0xEF, 0x01, 0x02, 0x0F,  -25, 0x0F, 0x22, 0x23, 0x34
    .byte   0x22, 0x2F, 0xF0, 0xF1, 0x20, 0x21, 0xFE, 0xED, 0xDE, 0xD1, 0xE0, 0xEF, 0x0F, 0x10, 0x11, 0x12
    .byte   0x22, 0x22, 0xF1, 0xF1, 0x10, 0x0F, 0xE1, 0xEE, 0xFE, 0xF0, 0x01, 0x00,   -3, 0x0F, 0x00, 0x00
    .byte   0xE0, 0xE0, 0xFE, 0xFE, 0xFF, 0xEF, 0x0E, 0x0E, 0xFE, 0x01, 0x12, 0x22, 0x33, 0x43, 0x42, 0x3F
    .byte   0xFE, 0x00, 0x02, 0x01, 0xEE, 0xDE, 0xDD, 0xEE, 0xEF, 0xEE, 0xF1, 0x12, 0x23,    6, 0x02, 0x11
    .byte   0x01, 0x12, 0x20, 0x1F, 0xEE, 0xEE, 0xEF, 0xF0, 0x0F, 0x0F, 0xE0, 0x21, 0x22, 0x1F, 0xEE, 0xEE
    .byte   0xEF, 0xEE, 0xED, 0xEE, 0x0E, 0xF1, 0x11, 0x0F, 0x11, 0x23, 0x33, 0x43, 0x44, 0x31,   51, 0x0D
    .byte   0xFF, 0x12, 0x0E, 0xED, 0xDD, 0xDF, 0xFF, 0xEE, 0xDE, 0x02, 0x33, 0x32, 0x22, 0x10, 0x02, 0x12
    .byte   0x1E, 0xDD, 0xEE, 0xF0, 0xFE, 0xFE, 0x01, 0x12, 0x22, 0x20, 0x01, 0x11, 0xFE, 0xED, 0xED,  -25
    .byte   0x0E, 0xEF, 0xDE, 0xEE, 0x01, 0x02, 0x21, 0x1F, 0x22, 0x33, 0x43, 0x34, 0x43, 0x2F, 0xDD, 0xE1
    .byte   0x20, 0xED, 0xDD, 0xEE, 0x11, 0xFE, 0xDD, 0xE0, 0x34, 0x32, 0x1E, 0xF1, 0x23, 0x2F, 0xED, 0xDE
    .byte     -2, 0x01, 0x21, 0x0D, 0xDE, 0x13, 0x33, 0x2F, 0xEF, 0xF2, 0x32, 0xED, 0xDC, 0xEE, 0x0F, 0xEE
    .byte   0xDD, 0xD0, 0x12, 0x21, 0xF1, 0x23, 0x22, 0x00, 0x23, 0x32, 0x33, 0x44, 0x2F, 0xDD, 0xE2, 0x22
    .byte   0xFD,   22, 0x0D, 0xEE, 0x23, 0x1E, 0xCD, 0xD2, 0x43, 0x31, 0xED, 0x12, 0x33, 0x1E, 0xDC, 0xD2
    .byte   0x23, 0x0E, 0xCD, 0x03, 0x33, 0x2E, 0xEE, 0x13, 0x33, 0xFD, 0xCD, 0xE0, 0x0F, 0xDD, 0xCE, 0x11
    .byte   0x10, 0xEE,  -56, 0x02, 0x23, 0x2F, 0x01, 0x22, 0x12, 0x33, 0x33, 0x44, 0x3E, 0xDE, 0x22, 0x0F
    .byte   0xDD, 0xDF, 0xE0, 0x22, 0xEC, 0xDE, 0x33, 0x22, 0x0E, 0xF1, 0x23, 0x22, 0xEC, 0xDE, 0x22, 0x2E
    .byte   0xED, 0xFF, 0x12,    5, 0x02, 0xEE, 0x02, 0x32, 0x2E, 0xDD, 0xE0, 0x0F, 0xDD, 0xDD, 0xFF, 0x00
    .byte   0xEF, 0xEF, 0x23, 0x20, 0xFF, 0x02, 0x22, 0xE0, 0x33, 0x43, 0x34, 0x42, 0xDD, 0x22, 0x0E, 0xDE
    .byte   0xDE, 0xFE, 0x12, 0x1D,   -1, 0x0E, 0x33, 0x01, 0x01, 0x01, 0x12, 0x22, 0xDD, 0xD1, 0x2F, 0xEE
    .byte   0x0E, 0xF1, 0x22, 0x21, 0xE0, 0x13, 0x2F, 0x00, 0xDE, 0xE1, 0xFD, 0xDD, 0xDE, 0x11, 0xEE, 0xE0
    .byte   0x22, 0x20, 0xEF, 0x11, 0x32,  -32, 0x0D, 0xFF, 0x54, 0x32, 0x34, 0x43, 0xDD, 0x21, 0xFD, 0xDE
    .byte   0xDE, 0x12, 0x22, 0xED, 0xD3, 0x32, 0xEE, 0xFF, 0xF2, 0x20, 0xFD, 0xDE, 0x23, 0xED, 0xE2, 0x1F
    .byte   0x22, 0x11, 0xFF, 0xF2, 0x2F, 0xEF,    8, 0x0F, 0xEF, 0xEE, 0xED, 0xEE, 0xEE, 0xEE, 0xE0, 0x11
    .byte   0x0F, 0xE0, 0x21, 0x1F, 0x0F, 0x03, 0x22, 0x24, 0x33, 0x45, 0x3E, 0xCD, 0x32, 0x1D, 0xDD, 0xD2
    .byte   0x33, 0x2E, 0xCF, 0x34, 0xFD, 0xDF, 0xFE,   13, 0x02, 0xFE, 0xDD, 0x12, 0x3E, 0xDE, 0x22, 0x12
    .byte   0x21, 0xEE, 0x12, 0x21, 0xFE, 0xF1, 0x21, 0x0D, 0xDE, 0x10, 0xED, 0xDE, 0xF0, 0xE0, 0xE0, 0x10
    .byte   0x10, 0xEF, 0x1F, 0xFF, 0x22, 0x32, 0x33, 0x33,   21, 0x05, 0x4D, 0xCE, 0x32, 0xDE, 0xEE, 0xD1
    .byte   0x43, 0x2D, 0xDF, 0x32, 0xFD, 0xDD, 0xEF, 0x22, 0xEC, 0xE2, 0x31, 0xFE, 0xFE, 0x23, 0x2F, 0xEE
    .byte   0x02, 0x20, 0xEF, 0xF1, 0x21, 0x10, 0xD1, 0xEF, 0xEE,  -15, 0x0E, 0xDF, 0xEE, 0xEE, 0x11, 0xF0
    .byte   0x01, 0xEE, 0x00, 0xF0, 0x11, 0x22, 0x34, 0x23, 0x44, 0x52, 0xDC, 0x23, 0xFD, 0xFD, 0xD2, 0x34
    .byte   0x1E, 0xDF, 0x33, 0xED, 0xCE, 0xDF, 0xF2, 0xEC, 0xF3, 0x21,   -1, 0x01, 0x0E, 0x23, 0x1E, 0xEF
    .byte   0x12, 0x11, 0xEE, 0x22, 0x2F, 0xE0, 0xF1, 0x0F, 0xDD, 0xFE, 0xEE, 0xED, 0xFF, 0x10, 0xFE, 0x10
    .byte   0xFE, 0xEF, 0xE2, 0x11, 0xF0, 0x34, 0x33, 0x42, 0x54, 0xFD, 0xE3,   45, 0x0D, 0xFE, 0xDF, 0x24
    .byte   0x2E, 0xE1, 0x22, 0x2D, 0xDD, 0xDE, 0xF0, 0xED, 0xD3, 0x21, 0xFF, 0x11, 0x02, 0x2F, 0xEF, 0x20
    .byte   0xFE, 0xF1, 0x12, 0x20, 0xE0, 0x21, 0x0E, 0xED, 0xEE, 0xEE, 0xED, 0xEE,  -39, 0x00, 0xFD, 0xE0
    .byte   0x2F, 0x1E, 0xEE, 0x13, 0x2F, 0x13, 0x34, 0x33, 0x45, 0x1D, 0x12, 0x2E, 0xD2, 0xDD, 0x33, 0x3F
    .byte   0xD2, 0x2F, 0x11, 0xDC, 0xEF, 0xFE, 0xDE, 0xE1, 0x21, 0x00, 0xEF, 0x31, 0x10,    4, 0x00, 0x12
    .byte   0x1E, 0xE1, 0x03, 0x10, 0xE1, 0x2F, 0xFF, 0xED, 0xD0, 0xEE, 0xDD, 0xE0, 0x01, 0xFE, 0xEF, 0x21
    .byte   0xEE, 0xE0, 0x01, 0x2F, 0x22, 0x34, 0x33, 0x45, 0x3E, 0xF2, 0x2E, 0xE1, 0xEC, 0x23,   45, 0x00
    .byte   0xE0, 0x21, 0x02, 0xEC, 0xDF, 0x1E, 0xDD, 0xEE, 0x22, 0xFF, 0xEE, 0x32, 0x10, 0xFF, 0x12, 0x21
    .byte   0xEE, 0x02, 0x20, 0xE0, 0x11, 0x02, 0xED, 0xEE, 0xFE, 0xDD, 0xD1, 0xF0, 0xFE, 0xEF, 0x21,  -49
    .byte   0x0E, 0xE1, 0x11, 0x00, 0x13, 0x34, 0x23, 0x35, 0x4E, 0x12, 0x21, 0xE2, 0xED, 0xF2, 0x30, 0xE0
    .byte   0xF0, 0x12, 0x0C, 0xDE, 0x0F, 0xDE, 0xED, 0xF2, 0x1E, 0xEF, 0x12, 0x21, 0x0F, 0x12, 0x22, 0x0E
    .byte      8, 0x00, 0x20, 0xFF, 0x0F, 0x01, 0x0E, 0xDE, 0xE0, 0xDE, 0xED, 0xE0, 0xEF, 0xEF, 0x0F, 0xF0
    .byte   0x00, 0xE0, 0x02, 0x12, 0x23, 0x33, 0x35, 0x32, 0x23, 0x22, 0xF1, 0x1D, 0x01, 0x21, 0xF0, 0x1F
    .byte   0xE1,   47, 0x0E, 0xDE, 0xEE, 0xDF, 0xED, 0xE1, 0x10, 0xEF, 0xFF, 0x02, 0x2F, 0xE2, 0x12, 0x11
    .byte   0x0E, 0x02, 0x10, 0x10, 0xF0, 0x11, 0x0E, 0xDE, 0xEF, 0xEE, 0xEE, 0xEE, 0x1F, 0x0E, 0xFF, 0x00
    .byte   0x10, 0xE0,  -49, 0x01, 0x22, 0x22, 0x23, 0x43, 0x23, 0x22, 0x21, 0x22, 0x01, 0x22, 0x22, 0x00
    .byte   0xEF, 0x0E, 0xEE, 0xDE, 0xEE, 0x00, 0xDF, 0xFE, 0x0E, 0x0E, 0xEF, 0x11, 0xF1, 0x00, 0x10, 0x10
    .byte   0xFF, 0x00, 0x21,   -1, 0x01, 0x11, 0x1F, 0x0F, 0xE0, 0x0E, 0x0E, 0xEF, 0xEE, 0xED, 0x0E, 0xEE
    .byte   0xFE, 0xFE, 0x00, 0xFF, 0x11, 0x22, 0x33, 0x33, 0x33, 0x23, 0x23, 0x32, 0x32, 0x32, 0x22, 0x11
    .byte   0x01, 0xFF, 0xEE, 0xDF,   54, 0x0E, 0xED, 0xED, 0xDE, 0xED, 0xEE, 0xDF, 0xE0, 0xE0, 0xFF, 0x00
    .byte   0x10, 0x20, 0x12, 0x21, 0x21, 0x21, 0x21, 0x01, 0x0F, 0x0E, 0xEE, 0xEE, 0xEE, 0xEE, 0xEE, 0xEE
    .byte   0xEE, 0xFF, 0x00, 0x21, 0x23,  -34, 0x03, 0x33, 0x32, 0x33, 0x23, 0x23, 0x22, 0x32, 0x20, 0x01
    .byte   0xFF, 0xFE, 0xEE, 0xDE, 0xEE, 0xDE, 0xDD, 0xEE, 0xEE, 0xEE, 0xFE, 0x0F, 0xEF, 0xFF, 0x11, 0x00
    .byte   0x02, 0x22, 0x21, 0x20, 0x21, 0x11,    1, 0x0F, 0xFF, 0xFE, 0xFE, 0xDF, 0xED, 0xFE, 0xEE, 0xEE
    .byte   0xEE, 0xF0, 0x02, 0x23, 0x33, 0x33, 0x32, 0x32, 0x33, 0x22, 0x33, 0x23, 0x22, 0x0F, 0xE0, 0xFE
    .byte   0xEE, 0xDE, 0xEE, 0xDE, 0xDE, 0xEE, 0xEE,   -9, 0x0E, 0xE0, 0xEF, 0xFE, 0xF1, 0x02, 0xF0, 0x01
    .byte   0x22, 0x20, 0x21, 0x11, 0x21, 0x0F, 0x0E, 0xF0, 0xEE, 0xEE, 0xEE, 0xEE, 0xEE, 0xEE, 0xEE, 0xE1
    .byte   0x11, 0x22, 0x34, 0x33, 0x32, 0x23, 0x32, 0x32,   48, 0x03, 0x23, 0x22, 0xFF, 0xFF, 0xFE, 0xED
    .byte   0xEE, 0xEE, 0xED, 0xDE, 0xEE, 0xEE, 0xED, 0x0E, 0x00, 0xEE, 0x0F, 0x11, 0x11, 0x00, 0x21, 0x22
    .byte   0x12, 0x12, 0x11, 0x10, 0xFE, 0xF0, 0xEE, 0xFE, 0xEE,  -30, 0x0E, 0xEE, 0xED, 0xFE, 0xFE, 0x11
    .byte   0x22, 0x33, 0x43, 0x31, 0x32, 0x33, 0x23, 0x23, 0x23, 0x30, 0x0F, 0xFF, 0xFE, 0xEE, 0xED, 0xEF
    .byte   0xED, 0xDD, 0xFE, 0xEE, 0xEE, 0xEE, 0x0F, 0xEE, 0xFF, 0x11,  -25, 0x00, 0x10, 0x22, 0x22, 0x10
    .byte   0x20, 0x21, 0x1F, 0xF0, 0xE0, 0xFE, 0xDF, 0xEE, 0xEE, 0xEE, 0xDF, 0xEE, 0xEF, 0xF1, 0x12, 0x24
    .byte   0x33, 0x32, 0x32, 0x33, 0x23, 0x23, 0x33, 0x32, 0x01, 0xFF, 0xFF,   71, 0x0E, 0xED, 0xEE, 0xEE
    .byte   0xDD, 0xED, 0xFE, 0xEE, 0xDE, 0x0F, 0xEF, 0xEF, 0x11, 0x11, 0x10, 0x22, 0x22, 0x12, 0x00, 0x21
    .byte   0x10, 0x00, 0xE0, 0xEF, 0xEE, 0xEE, 0xEE, 0xEE, 0xEE, 0xEE, 0xEE, 0xFF,  -64, 0x02, 0x23, 0x43
    .byte   0x32, 0x32, 0x23, 0x32, 0x32, 0x33, 0x32, 0x20, 0xF0, 0xF0, 0xEE, 0xED, 0xEF, 0xED, 0xED, 0xDE
    .byte   0xEE, 0xEE, 0xDF, 0xFF, 0xEF, 0xEE, 0x00, 0x21, 0x11, 0x12, 0x22, 0x20, 0x11,   -2, 0x01, 0x11
    .byte   0xF0, 0xEF, 0xFF, 0xEE, 0xEE, 0xEE, 0xEE, 0xEE, 0xED, 0xFE, 0xF0, 0x02, 0x33, 0x34, 0x32, 0x23
    .byte   0x23, 0x32, 0x32, 0x33, 0x32, 0x2F, 0xF0, 0xE0, 0xEE, 0xED, 0xEE, 0xEE, 0xDD, 0xED,    5, 0x0E
    .byte   0xEE, 0xEE, 0xFF, 0xFE, 0xEE, 0x10, 0x20, 0x00, 0x22, 0x21, 0x20, 0x00, 0x20, 0x20, 0xF0, 0x0E
    .byte   0xFF, 0xED, 0xFE, 0xEE, 0xEE, 0xEE, 0xDE, 0xEF, 0xF0, 0x22, 0x33, 0x33, 0x32, 0x32, 0x33,   24
    .byte   0x03, 0x33, 0x33, 0x22, 0x11, 0xFF, 0xFE, 0xEE, 0xDE, 0xEE, 0xED, 0xDE, 0xED, 0xEE, 0xEE, 0xEF
    .byte   0xFF, 0xEF, 0xEF, 0xF1, 0x10, 0x12, 0x21, 0x21, 0x11, 0x10, 0x20, 0x1F, 0x10, 0xFF, 0xEE, 0xEE
    .byte    -25, 0x0E, 0xEE, 0xEE, 0xFE, 0xEE, 0xFE, 0x12, 0x23, 0x33, 0x33, 0x23, 0x32, 0x32, 0x33, 0x23
    .byte   0x32, 0x3F, 0x0E, 0x1E, 0xEE, 0xDE, 0xEE, 0xEE, 0xDE, 0xDE, 0xDE, 0xEE, 0xEE, 0xF0, 0xEF, 0xFE
    .byte   0xF1,  -28, 0x00, 0x20, 0x22, 0x12, 0x20, 0x10, 0x20, 0x11, 0x10, 0x0F, 0xEF, 0xEE, 0xDE, 0xEF
    .byte   0xEE, 0xEE, 0xFE, 0xEF, 0xEF, 0x12, 0x33, 0x33, 0x22, 0x33, 0x23, 0x23, 0x33, 0x43, 0x23, 0x10
    .byte   0x00, 0xEE,   75, 0x0E, 0xD0, 0xED, 0xDD, 0xDD, 0xDE, 0xDD, 0xEF, 0xE2, 0x1E, 0xFE, 0x04, 0xCB
    .byte   0x51, 0x03, 0x23, 0xFF, 0x31, 0xE0, 0xFD, 0xF0, 0x1E, 0xDE, 0xED, 0xEF, 0xED, 0xE1, 0x11, 0x02
    .byte   0x33, 0x34, 0x51,   18, 0x03, 0x32, 0x1F, 0x1E, 0x02, 0x22, 0x2F, 0x10, 0x12, 0xED, 0xED, 0xEF
    .byte   0xEE, 0xDE, 0xD2, 0x0E, 0xEF, 0xEF, 0x22, 0xFE, 0x0F, 0x02, 0x02, 0xFF, 0x22, 0x22, 0x20, 0xF1
    .byte   0xF2, 0xED, 0xFD, 0xFE,  -13, 0x0E, 0xED, 0xE0, 0xFD, 0xFE, 0xDF, 0xF0, 0xEE, 0x23, 0x33, 0x33
    .byte   0x53, 0x14, 0x10, 0x10, 0x21, 0xDF, 0x23, 0x31, 0x22, 0xFF, 0x2F, 0xDC, 0xED, 0xED, 0xEE, 0xDE
    .byte   0x02, 0xFF, 0xF0, 0x10, 0x22,   -4, 0x0E, 0x12, 0x11, 0xE1, 0x11, 0x22, 0x11, 0xF1, 0x2E, 0xEE
    .byte   0xED, 0xEE, 0xED, 0xEE, 0xFF, 0xEE, 0xEE, 0x0E, 0xE2, 0xF0, 0x43, 0x33, 0x45, 0x22, 0x3E, 0x1E
    .byte   0xF3, 0xDD, 0x32, 0x33, 0x12, 0x10,   60, 0x02, 0xDD, 0xDD, 0xED, 0xD0, 0xDD, 0x11, 0x20, 0xF1
    .byte   0xFF, 0x22, 0xFE, 0xE1, 0x2F, 0xF0, 0x20, 0xF2, 0x21, 0x10, 0x2F, 0xEE, 0xEE, 0xED, 0xEE, 0xEE
    .byte   0xFE, 0xEE, 0xFE, 0xFF, 0xEE, 0x01, 0x42,  -32, 0x03, 0x35, 0x4F, 0x3E, 0xF1, 0xE2, 0xFD, 0xE3
    .byte   0x33, 0x23, 0xE1, 0x22, 0xFD, 0xDD, 0xDD, 0xFD, 0xED, 0xE2, 0x11, 0x0F, 0x01, 0x02, 0x1E, 0xE0
    .byte   0x11, 0xFF, 0x11, 0x12, 0x21, 0x21, 0x11, 0xEE,   -1, 0x0D, 0xFE, 0xED, 0xEE, 0xFE, 0xFE, 0xEE
    .byte   0xF0, 0xEF, 0xE2, 0x33, 0x33, 0x45, 0x31, 0x3D, 0xF2, 0xE2, 0xFC, 0x23, 0x33, 0x22, 0x20, 0x22
    .byte   0xFC, 0xDD, 0xDE, 0xDD, 0xED, 0xF3, 0x20, 0x11, 0x11,    2, 0x01, 0x1E, 0xD1, 0x1F, 0xFF, 0x12
    .byte   0x12, 0x22, 0x20, 0xF1, 0xEE, 0xED, 0xDE, 0xEE, 0xEF, 0xEF, 0x1D, 0xFF, 0xE0, 0xEE, 0xE1, 0x34
    .byte   0x33, 0x36, 0x21, 0x3E, 0x0E, 0xE2, 0xED, 0x03, 0x33, 0x22,   57, 0x02, 0xF2, 0x1C, 0xCF, 0xDD
    .byte   0xDE, 0xED, 0xF2, 0x30, 0x02, 0x0F, 0xF2, 0x1D, 0xD1, 0x1F, 0xF1, 0x02, 0x03, 0x22, 0x2F, 0x01
    .byte   0xDF, 0xED, 0xDE, 0xEE, 0xEF, 0xEF, 0xFE, 0xFE, 0xFF, 0xDE, 0xE3,  -46, 0x02, 0x33, 0x55, 0xF3
    .byte   0xEF, 0x1E, 0x2E, 0xDD, 0x24, 0x32, 0x30, 0x3F, 0x23, 0xCC, 0xED, 0xDE, 0xDE, 0xDE, 0x13, 0x2F
    .byte   0x02, 0x00, 0x2E, 0xED, 0xE1, 0xF0, 0x01, 0x21, 0x23, 0x2F, 0x2F, 0xFE,    2, 0x0E, 0xED, 0xD1
    .byte   0xEE, 0xFE, 0x0E, 0xF0, 0xED, 0xFE, 0xF0, 0x14, 0x23, 0x35, 0x5F, 0x2E, 0x11, 0xD2, 0xFD, 0xD2
    .byte   0x43, 0x23, 0x13, 0xF3, 0x2C, 0xDD, 0xDD, 0xDD, 0xFD, 0x01, 0x32, 0x00, 0x21,    6, 0x01, 0xFD
    .byte   0xD0, 0xF0, 0xE0, 0x22, 0x22, 0x32, 0xFF, 0x2E, 0xEE, 0xDE, 0xED, 0x0E, 0xEF, 0xF0, 0xEF, 0xEE
    .byte   0xFE, 0xFE, 0xD3, 0x34, 0x23, 0x62, 0x03, 0xFF, 0xEE, 0x2F, 0xCF, 0x34, 0xF3, 0x32,   56, 0x01
    .byte   0x30, 0xCD, 0xDD, 0xED, 0xDE, 0xEE, 0x32, 0x11, 0x11, 0x00, 0xFE, 0xDE, 0x1F, 0xFF, 0x01, 0x20
    .byte   0x32, 0x12, 0x0F, 0xE1, 0xDE, 0xED, 0xEE, 0xFF, 0x1E, 0xEE, 0x0F, 0x0E, 0xED, 0xE2, 0x42,  -29
    .byte   0x02, 0x55, 0xE3, 0x00, 0xEF, 0x0E, 0xDD, 0x33, 0x32, 0x32, 0x30, 0x32, 0xDC, 0xED, 0xDD, 0xDE
    .byte   0xEE, 0x13, 0x2F, 0x02, 0x1E, 0xFF, 0xED, 0xE0, 0xF0, 0xF0, 0x22, 0x13, 0x2F, 0x11, 0x0F, 0xDE
    .byte     -9, 0x0D, 0xEE, 0xEF, 0xEF, 0x0F, 0xEF, 0xFE, 0xEE, 0xE0, 0x33, 0x31, 0x55, 0x22, 0x2E, 0x2D
    .byte   0x01, 0xDD, 0x04, 0x23, 0x32, 0x22, 0x23, 0xDD, 0xDD, 0xDD, 0xDE, 0xEE, 0x12, 0x3F, 0x12, 0x1E
    .byte   0x0F,    1, 0x0D, 0xE1, 0xE0, 0x10, 0x20, 0x23, 0x12, 0x11, 0xE0, 0xEE, 0xED, 0xED, 0xFE, 0x1E
    .byte   0xFE, 0xF2, 0xEE, 0xED, 0xFF, 0x33, 0x31, 0x26, 0x4E, 0x3F, 0x11, 0xD2, 0xFC, 0x02, 0x42, 0x23
    .byte   0x23, 0x13,   69, 0x0C, 0xDD, 0xDE, 0xCD, 0x1D, 0x03, 0x21, 0x12, 0x21, 0xEE, 0x1D, 0xD2, 0xFE
    .byte   0xEF, 0x31, 0x02, 0x30, 0x11, 0x2E, 0xEE, 0xEE, 0xDE, 0xEE, 0xFE, 0x00, 0xE0, 0xEE, 0xEF, 0x0E
    .byte   0xD4, 0x23, 0x34,   16, 0x03, 0x02, 0x02, 0xDE, 0x2D, 0xD1, 0x33, 0x23, 0x33, 0x12, 0x2F, 0xCD
    .byte   0xDE, 0xDC, 0xEF, 0xE1, 0x31, 0x2F, 0x22, 0xEF, 0xFE, 0xDE, 0x0E, 0xFE, 0x12, 0x21, 0x23, 0x12
    .byte   0x0F, 0x0E, 0xDE, 0xED,  -26, 0x0E, 0xE0, 0xFF, 0xE0, 0xF1, 0xEE, 0xED, 0xF3, 0x31, 0x23, 0x55
    .byte   0x23, 0xE0, 0x1E, 0x1E, 0xCD, 0x24, 0x31, 0x32, 0x42, 0x12, 0xDC, 0xFE, 0xDC, 0xDE, 0xFE, 0x21
    .byte   0x21, 0x22, 0x1E, 0xFF, 0xEE,   -9, 0x0E, 0x00, 0xE2, 0x11, 0x13, 0x22, 0xFF, 0x2F, 0xEE, 0xDE
    .byte   0xD0, 0xEE, 0xEE, 0x12, 0xE0, 0xEF, 0xEE, 0xFD, 0xE4, 0x22, 0x33, 0x62, 0x23, 0x12, 0xDE, 0x1D
    .byte   0xD0, 0x33, 0xF3, 0x33, 0x3F, 0x3E,   50, 0x0E, 0xDD, 0xDC, 0xE0, 0xE0, 0x12, 0x21, 0x22, 0xEE
    .byte   0x1E, 0xEE, 0xEF, 0xEF, 0x20, 0xF1, 0x23, 0x12, 0xF1, 0x2E, 0xEE, 0xDE, 0xDF, 0xEF, 0xEE, 0x2F
    .byte   0xE1, 0xFE, 0xDE, 0xFE, 0x23, 0x22, 0x45,   20, 0x00, 0x22, 0x3E, 0xDF, 0xED, 0xE3, 0x32, 0x13
    .byte   0x33, 0x21, 0x0D, 0xED, 0xFC, 0xCD, 0x11, 0xEF, 0x12, 0x22, 0x2F, 0xE0, 0xFF, 0xDE, 0xFE, 0xF1
    .byte   0x2F, 0xF2, 0x32, 0xF1, 0x10, 0xFE, 0xFD, 0xDE,  -22, 0x0E, 0xD1, 0xFF, 0xF0, 0x0F, 0xDF, 0xFF
    .byte   0xED, 0x24, 0x23, 0x45, 0x31, 0x30, 0x3D, 0xEE, 0xED, 0x12, 0x31, 0x23, 0x42, 0x02, 0xEE, 0xED
    .byte   0xDD, 0xCD, 0x2F, 0xEF, 0xF3, 0x21, 0x2F, 0xF0, 0xFE,   -3, 0x0E, 0xEF, 0xE0, 0x21, 0xE3, 0x31
    .byte   0x2F, 0x02, 0xEE, 0xED, 0xED, 0x0E, 0xD1, 0xF1, 0xF0, 0x1E, 0xEE, 0xFF, 0xDE, 0x33, 0x22, 0x45
    .byte   0x4F, 0x31, 0x3E, 0xDE, 0xDF, 0xF2, 0x3E, 0x23, 0x43, 0xF2,   55, 0x0F, 0xED, 0xEC, 0xCF, 0xFE
    .byte   0xEE, 0x22, 0x30, 0x0F, 0x02, 0xFD, 0xEE, 0xE1, 0x0E, 0x11, 0x13, 0x20, 0x10, 0x20, 0xFE, 0xED
    .byte   0xFF, 0xDD, 0xFF, 0x1F, 0xE0, 0xF1, 0xE0, 0xED, 0xE2, 0x22, 0x13,  -27, 0x05, 0x5F, 0x12, 0x23
    .byte   0xED, 0xED, 0xF1, 0x31, 0x12, 0x34, 0x2F, 0x2F, 0xD0, 0xDC, 0xDD, 0xE0, 0xDE, 0x03, 0x21, 0x11
    .byte   0x11, 0xFF, 0xDE, 0xFE, 0x1E, 0x02, 0x00, 0x32, 0x00, 0x02, 0x2D, 0xE0,   -8, 0x0D, 0xFE, 0xEE
    .byte   0xEF, 0xFF, 0x0F, 0xEE, 0x10, 0xFD, 0xF2, 0x32, 0x32, 0x45, 0x12, 0x22, 0x3F, 0xDE, 0xEE, 0x03
    .byte   0x11, 0x23, 0x41, 0xE1, 0x0E, 0xED, 0xDD, 0xDE, 0xFE, 0xDF, 0x32, 0x0F, 0x11,    7, 0x0F, 0xEF
    .byte   0xEF, 0xE0, 0xFE, 0x12, 0x21, 0x12, 0x20, 0x1F, 0xFE, 0xEE, 0xEE, 0xDF, 0xEE, 0xFE, 0x01, 0xFE
    .byte   0xF0, 0xFE, 0xEE, 0x23, 0x12, 0x24, 0x53, 0x22, 0x23, 0x2D, 0xDF, 0xE0, 0x22, 0xE2,   35, 0x03
    .byte   0x3F, 0xF1, 0x0E, 0xEC, 0xDE, 0xDF, 0xED, 0x02, 0x20, 0xFF, 0x22, 0xFF, 0xEE, 0xF1, 0x1E, 0xD2
    .byte   0x3F, 0x01, 0x21, 0x21, 0x1E, 0xEF, 0x1E, 0xDD, 0xFE, 0xFE, 0xE0, 0xEF, 0x02, 0x0D, 0xE1,  -49
    .byte   0x0F, 0x01, 0x33, 0x14, 0x53, 0x12, 0x24, 0xED, 0xD1, 0xFF, 0x01, 0x02, 0x33, 0x3E, 0x02, 0x0E
    .byte   0xCE, 0xDE, 0xDE, 0xEE, 0xE2, 0x21, 0xFE, 0x23, 0xEE, 0xE1, 0x11, 0xFE, 0xE1, 0x20, 0xF0, 0x22
    .byte      7, 0x0F, 0xF1, 0x0E, 0x0D, 0xED, 0xEE, 0x0D, 0xFF, 0x02, 0xEE, 0x00, 0xEF, 0xEE, 0x02, 0x33
    .byte   0x22, 0x55, 0xF1, 0x23, 0x3D, 0xDE, 0xFF, 0x02, 0x01, 0x23, 0x4E, 0xE2, 0xFF, 0xDD, 0xDD, 0xEE
    .byte   0xEE,   -9, 0x00, 0x22, 0xFE, 0xF3, 0x2E, 0xEF, 0x21, 0xE0, 0xE1, 0x11, 0x10, 0x12, 0x12, 0x0F
    .byte   0xFF, 0x0E, 0xDE, 0xEE, 0xED, 0xE0, 0xF1, 0xFE, 0xF2, 0xFE, 0xDF, 0x22, 0xEF, 0x42, 0x24, 0x53
    .byte   0xF2, 0x33,   45, 0x0C, 0xF0, 0xFE, 0x01, 0x22, 0xF4, 0x2E, 0x02, 0xFE, 0xCD, 0x0E, 0xDD, 0x0E
    .byte   0xF0, 0x12, 0xEF, 0x23, 0x0D, 0xF2, 0x2E, 0xEF, 0xF2, 0xF0, 0xFF, 0x21, 0x2F, 0xF0, 0x11, 0xED
    .byte   0xFE, 0xED, 0xEE,  -35, 0x0E, 0x10, 0xF0, 0xF1, 0x0D, 0xF1, 0x0E, 0x13, 0x32, 0x34, 0x50, 0x23
    .byte   0x22, 0x0D, 0xE1, 0xD1, 0x11, 0x03, 0x13, 0x2E, 0x11, 0x1D, 0xDD, 0x1D, 0xEE, 0xEE, 0x0F, 0x20
    .byte   0xD2, 0x22, 0xFE, 0x02,    5, 0x0E, 0x0F, 0xF2, 0x0E, 0xF1, 0x21, 0x00, 0x11, 0xFF, 0xEE, 0xEE
    .byte   0xED, 0xEE, 0xFF, 0xEF, 0x11, 0xFE, 0x0E, 0x0F, 0xE1, 0x03, 0x32, 0x33, 0x44, 0x21, 0x32, 0x2F
    .byte   0xDE, 0x1E, 0xF0, 0xF2, 0x22,   45, 0x00, 0xE1, 0x2F, 0xDD, 0xD2, 0xDD, 0xEF, 0xFE, 0x11, 0x1E
    .byte   0x12, 0x2E, 0xF0, 0x22, 0xE0, 0x01, 0x2E, 0xE1, 0x02, 0x0F, 0xF2, 0x0F, 0x0E, 0xDF, 0xEE, 0xDE
    .byte   0xEF, 0xFE, 0x0F, 0x10, 0xE2, 0xFE,  -49, 0x00, 0x22, 0xE3, 0x33, 0x33, 0x43, 0x22, 0x13, 0xED
    .byte   0x00, 0xFE, 0x01, 0x20, 0x23, 0x0E, 0x01, 0x1D, 0xDE, 0xEF, 0xDE, 0xFE, 0xF0, 0x10, 0xEF, 0x32
    .byte   0xEE, 0x13, 0x1E, 0x00, 0x1F, 0xFF, 0x1F,    1, 0x02, 0x0F, 0xF1, 0x10, 0xD0, 0xEE, 0xED, 0xFE
    .byte   0xEE, 0x0F, 0xF0, 0x10, 0xE1, 0x1F, 0xE0, 0x12, 0x22, 0x33, 0x24, 0x43, 0x02, 0x23, 0xED, 0xE2
    .byte   0xFD, 0xF1, 0x21, 0x22, 0x1E, 0x12, 0xEE, 0xDE,   19, 0x0D, 0xEE, 0xFF, 0xEF, 0x0F, 0xF2, 0x00
    .byte   0xF2, 0x20, 0x1F, 0x02, 0xE1, 0x0E, 0x02, 0x1E, 0x10, 0x20, 0xEE, 0xFF, 0xED, 0xEE, 0xEE, 0xE0
    .byte   0xE1, 0x01, 0x0F, 0xE0, 0x2E, 0xE0, 0x12, 0x20, 0x42,   -9, 0x03, 0x44, 0xF0, 0x24, 0xED, 0xD2
    .byte   0x2D, 0xE1, 0x12, 0xF3, 0x1E, 0xF2, 0x2D, 0xDD, 0x2F, 0xDD, 0x10, 0x0E, 0xFF, 0xFF, 0x20, 0xE0
    .byte   0x22, 0x2E, 0x02, 0x2F, 0xEF, 0xF2, 0x0E, 0xFF, 0x22, 0xEE,   -1, 0x01, 0xEE, 0xDE, 0xEE, 0xEE
    .byte   0xFE, 0x21, 0xFF, 0x0F, 0x0E, 0xF0, 0xFF, 0x22, 0x33, 0x23, 0x34, 0x4E, 0x02, 0x32, 0xED, 0xF2
    .byte   0xEE, 0xE1, 0x22, 0x00, 0xFF, 0x21, 0xDD, 0xE2, 0xFD, 0xD1, 0x2F,   -4, 0x0E, 0x2F, 0xF1, 0x11
    .byte   0x01, 0x22, 0xE0, 0x20, 0x00, 0xF0, 0x1F, 0x00, 0xF0, 0x2E, 0xEF, 0xFE, 0xED, 0xFF, 0xEE, 0xEF
    .byte   0x10, 0xE1, 0x00, 0xFE, 0xF2, 0x0E, 0x12, 0x23, 0x12, 0x33, 0x33, 0x32,   33, 0x02, 0x22, 0xED
    .byte   0x12, 0xED, 0x02, 0x12, 0xE2, 0x0E, 0x11, 0xED, 0xE1, 0x0E, 0xDF, 0x20, 0xEE, 0x0F, 0x01, 0xFF
    .byte   0xF2, 0x21, 0xE2, 0x20, 0xFE, 0xF2, 0x00, 0xE0, 0x20, 0x0E, 0xF0, 0xEF, 0xDE,  -20, 0x0E, 0xEE
    .byte   0xE0, 0xF0, 0x0F, 0x01, 0x1F, 0xE1, 0x1F, 0xF0, 0x31, 0x03, 0x33, 0x23, 0x43, 0xF1, 0x23, 0xFD
    .byte   0xE2, 0x1D, 0xE1, 0x20, 0xF0, 0x2E, 0xF2, 0xED, 0xE0, 0x1E, 0xDF, 0x20, 0xEE, 0xF1,   -2, 0x0E
    .byte   0xF0, 0x11, 0x02, 0xF1, 0x22, 0xFF, 0xF1, 0x1F, 0xFF, 0xF2, 0x0E, 0x0E, 0x10, 0xDE, 0xEF, 0xEE
    .byte   0xEF, 0x0E, 0x00, 0xFF, 0x00, 0x1F, 0xF1, 0x10, 0x12, 0x22, 0x23, 0x32, 0x33, 0x4F, 0xF2,   44
    .byte   0x02, 0xDE, 0x12, 0xED, 0x02, 0x0F, 0x00, 0xFF, 0xFF, 0xED, 0xF1, 0x1D, 0xE1, 0x21, 0xDE, 0x22
    .byte   0xED, 0x12, 0x1F, 0x12, 0x2F, 0xF2, 0x2E, 0xF0, 0x2E, 0xEF, 0x22, 0xEE, 0x1F, 0xFE, 0xDF, 0xEE
    .byte    -29, 0x00, 0xE0, 0xE0, 0x10, 0xE0, 0x2F, 0xF0, 0x12, 0xF0, 0x22, 0x22, 0x23, 0x22, 0x24, 0x3F
    .byte   0x03, 0x22, 0xDD, 0x32, 0xDE, 0xF0, 0x1F, 0xE2, 0xFE, 0xF1, 0xED, 0xF0, 0x2D, 0xD2, 0x3E, 0xDE
    .byte   0x22,   -5, 0x0E, 0x12, 0x0E, 0x22, 0x2E, 0x22, 0xFE, 0x02, 0x1E, 0xE2, 0x2F, 0xD0, 0x10, 0xEE
    .byte   0xEE, 0xFE, 0xEE, 0xFF, 0xF0, 0xEF, 0xF2, 0x0F, 0xE2, 0x2F, 0xF0, 0x22, 0x21, 0x23, 0x32, 0x24
    .byte   0x3F, 0x12,   47, 0x00, 0xDE, 0x22, 0xDD, 0x21, 0x2E, 0xE1, 0x1E, 0x0E, 0xEE, 0xF0, 0x0D, 0x01
    .byte   0x2F, 0xD1, 0x2F, 0xEE, 0x12, 0x0E, 0x12, 0x11, 0x21, 0x00, 0x11, 0x1E, 0x01, 0x1F, 0xEF, 0x10
    .byte   0xEE, 0xEE, 0x0E,  -24, 0x0E, 0x0E, 0xFF, 0xF0, 0x0F, 0x10, 0xFF, 0x20, 0x00, 0x12, 0x22, 0x13
    .byte   0x32, 0x13, 0x42, 0xE2, 0x32, 0xFD, 0xF3, 0xED, 0xE2, 0xFF, 0xEF, 0x2E, 0xE0, 0xEE, 0xE0, 0xFF
    .byte   0xEE, 0x21, 0xEE, 0x12,   -1, 0x0E, 0xE2, 0x2E, 0xE2, 0x22, 0xFF, 0x12, 0x0F, 0x1F, 0x01, 0x0F
    .byte   0xFE, 0xFF, 0xFE, 0xEE, 0x0E, 0xEE, 0xFF, 0xEF, 0xF1, 0xFF, 0xF2, 0xFF, 0x02, 0x1F, 0x11, 0x22
    .byte   0x20, 0x33, 0x22, 0x24, 0x20,   36, 0x02, 0x20, 0xD1, 0x20, 0xDF, 0x02, 0xEE, 0xE2, 0xEE, 0xEF
    .byte   0xFE, 0xE0, 0x0E, 0x00, 0x2E, 0xE1, 0x2E, 0xE0, 0x12, 0xEF, 0x12, 0x10, 0x12, 0x10, 0x11, 0x0F
    .byte   0x01, 0x0E, 0xF0, 0x0E, 0xFE, 0xFE,  -16, 0x0E, 0xFE, 0xEF, 0xFE, 0x00, 0x10, 0x10, 0x00, 0x2F
    .byte   0x10, 0x21, 0x11, 0x30, 0x32, 0x23, 0x33, 0xF2, 0x22, 0x1E, 0xD3, 0x2D, 0xE0, 0x11, 0xED, 0x21
    .byte   0xED, 0x1E, 0x1E, 0xEF, 0x1E, 0x02, 0xFE,   -4, 0x02, 0x1E, 0xE0, 0x20, 0xEF, 0x22, 0x0F, 0x02
    .byte   0x11, 0x11, 0xF0, 0x10, 0xEF, 0xF0, 0xFE, 0xE1, 0xEE, 0xEF, 0xFE, 0xEF, 0x0E, 0x00, 0x01, 0x01
    .byte   0x11, 0x00, 0x20, 0x01, 0x22, 0x20, 0x33, 0x22,   21, 0x03, 0x02, 0x22, 0x1E, 0xE2, 0x2E, 0xD2
    .byte   0x11, 0xDE, 0x21, 0xDE, 0xE0, 0x1D, 0xFF, 0x1E, 0x11, 0x0E, 0x01, 0x2E, 0xE0, 0x21, 0xEE, 0x13
    .byte   0x0E, 0x02, 0x21, 0xE1, 0x21, 0xFF, 0xF0, 0x00, 0xEE,   -4, 0x0E, 0xE0, 0xEE, 0xEF, 0xEF, 0x0E
    .byte   0x01, 0xF0, 0x01, 0x11, 0x02, 0x01, 0x02, 0x21, 0x12, 0x33, 0x02, 0x33, 0x2F, 0x22, 0x2E, 0xE2
    .byte   0x2E, 0xD1, 0x12, 0xED, 0xF2, 0xED, 0xEF, 0xFE, 0xE0, 0xFE,   -4, 0x01, 0x1F, 0xE2, 0x2E, 0xEF
    .byte   0x22, 0xEE, 0x12, 0x2F, 0xE2, 0x22, 0xEF, 0x21, 0x0E, 0xF1, 0x0F, 0xE0, 0xE0, 0xFE, 0xEE, 0xFE
    .byte   0xFE, 0xFE, 0xF0, 0x1F, 0xF0, 0x20, 0x00, 0x12, 0x01, 0x22, 0x12,   -6, 0x03, 0x22, 0x24, 0x2E
    .byte   0x13, 0x2F, 0xDF, 0x31, 0xDE, 0x02, 0x1D, 0xD2, 0x2D, 0xD0, 0xEF, 0xEE, 0x2F, 0xEF, 0x20, 0x0E
    .byte   0x02, 0x0E, 0xE2, 0x2F, 0xE1, 0x22, 0x0E, 0x22, 0x2E, 0xF2, 0x10, 0xEF,    6, 0x00, 0xFE, 0xF1
    .byte   0xEE, 0xEF, 0xEE, 0xEF, 0xFE, 0xE0, 0x10, 0xFF, 0x12, 0x1E, 0x12, 0x11, 0x02, 0x22, 0x21, 0x32
    .byte   0x31, 0x33, 0xFF, 0x22, 0x20, 0xD2, 0x2F, 0xEE, 0xF2, 0xEE, 0xEF, 0xEE, 0xEE,    4, 0x0E, 0xE0
    .byte   0x2E, 0xFF, 0xF2, 0xFE, 0x01, 0x0F, 0x00, 0x11, 0xF2, 0x10, 0x10, 0x22, 0xFF, 0x12, 0xFF, 0x00
    .byte   0xFF, 0x0E, 0x0E, 0x0E, 0xE0, 0xDF, 0xEF, 0xEE, 0xFF, 0x00, 0xF0, 0x10, 0x2F, 0x01,  -28, 0x02
    .byte   0x12, 0x22, 0x22, 0x32, 0x21, 0x32, 0x11, 0x12, 0x12, 0xE1, 0x2E, 0xFF, 0xFF, 0xEE, 0xEF, 0xEE
    .byte   0xEE, 0xFE, 0xEF, 0x00, 0xFF, 0x00, 0xF0, 0x11, 0x01, 0x11, 0x11, 0x02, 0x00, 0x10, 0x21,    6
    .byte   0x00, 0x1F, 0x10, 0xF0, 0xFF, 0xFF, 0xEF, 0xFF, 0xEE, 0xEF, 0xEF, 0xEF, 0xFF, 0xE1, 0x11, 0x01
    .byte   0x11, 0x10, 0x20, 0x20, 0x22, 0x22, 0x22, 0x22, 0x22, 0x21, 0x2F, 0x21, 0x11, 0x2E, 0x0F, 0xFF
    .byte     32, 0x0E, 0xEE, 0xEE, 0xEF, 0xEF, 0xEE, 0x00, 0x0F, 0xF1, 0xFF, 0x10, 0x11, 0x01, 0x11, 0x02
    .byte   0x01, 0x2F, 0x00, 0x01, 0x00, 0x01, 0xFF, 0x0F, 0xFF, 0xF0, 0xEF, 0xE0, 0xE0, 0xEE, 0xFF, 0xEF
    .byte   0xFF,  -29, 0x0F, 0x01, 0x11, 0x10, 0x10, 0x21, 0x12, 0x21, 0x22, 0x22, 0x22, 0x21, 0x21, 0x10
    .byte   0x20, 0x21, 0x00, 0xF0, 0xE0, 0x0E, 0xEE, 0xFE, 0xEF, 0xE0, 0xE0, 0x0E, 0x0F, 0x0F, 0x1F, 0xF1
    .byte   0x10, 0x11,   -3, 0x01, 0x11, 0x01, 0x02, 0x00, 0x10, 0xF0, 0xFF, 0x00, 0xFF, 0xF0, 0xE0, 0x0E
    .byte   0x0E, 0x0E, 0x0E, 0x0F, 0x0F, 0x0F, 0x0F, 0x01, 0x01, 0x11, 0x10, 0x21, 0x02, 0x21, 0x22, 0x12
    .byte   0x12, 0x21, 0x20,   23, 0x01, 0x11, 0x01, 0x11, 0x1F, 0x00, 0xEF, 0xFE, 0xFE, 0xFE, 0xFF, 0xE0
    .byte   0xFE, 0x01, 0xFF, 0xFF, 0x00, 0x00, 0x01, 0x11, 0x10, 0x10, 0x11, 0xF0, 0x00, 0x1F, 0x00, 0x0F
    .byte   0x0F, 0x0F, 0xF0, 0xE0,   -9, 0x00, 0xE0, 0xF0, 0x0F, 0x0F, 0x0F, 0xFF, 0xF1, 0x1F, 0x10, 0x20
    .byte   0x02, 0x11, 0x10, 0x20, 0x10, 0x22, 0x11, 0x21, 0x11, 0x11, 0xF0, 0x01, 0x02, 0x11, 0x10, 0xEE
    .byte   0xFF, 0xEF, 0xFF, 0xF0, 0x00,    5, 0x0F, 0xEF, 0xFF, 0xF1, 0xF1, 0x00, 0x11, 0x0F, 0x1F, 0xF1
    .byte   0x00, 0x01, 0x11, 0xF0, 0xF0, 0xF0, 0x0F, 0x0F, 0xF1, 0xF0, 0xE0, 0xF1, 0xF0, 0xFF, 0x00, 0xF0
    .byte   0x01, 0xF0, 0x00, 0x10, 0x21, 0x11,   -4, 0x00, 0x11, 0x01, 0xF1, 0x02, 0x10, 0x21, 0x0F, 0x00
    .byte   0xF0, 0xF0, 0x10, 0x21, 0x10, 0xFF, 0xFF, 0x0E, 0x0F, 0x01, 0x10, 0x10, 0xFF, 0x0E, 0xF0, 0xF0
    .byte   0x11, 0x01, 0x10, 0x0F, 0x0E, 0x01, 0x01,    0, 0x01, 0xF1, 0x1F, 0x0F, 0x0F, 0xFF, 0xF0, 0x01
    .byte   0x10, 0xF0, 0xF0, 0xFF, 0xF0, 0x0F, 0x10, 0x10, 0x0F, 0x00, 0x00, 0x10, 0x00, 0x10, 0x11, 0x10
    .byte   0x01, 0xF1, 0x10, 0x01, 0x01, 0x01, 0x01, 0xF1,    4, 0x00, 0x00, 0x01, 0x00, 0x01, 0x00, 0xF0
    .byte   0xF1, 0x01, 0x00, 0x0F, 0x0F, 0x0F, 0x1F, 0x00, 0x10, 0x0F, 0xF0, 0xF0, 0x01, 0x00, 0x1F, 0x0F
    .byte   0xFF, 0x10, 0xF0, 0x00, 0x00, 0x00, 0xF0, 0x0F, 0x00,   -3, 0x01, 0x00, 0xF0, 0x0F, 0xF0, 0xF1
    .byte   0x11, 0x01, 0xFF, 0xFF, 0x00, 0x01, 0x11, 0x00, 0x00, 0x1F, 0xFF, 0x11, 0x10, 0x11, 0x01, 0x1F
    .byte   0xFF, 0x00, 0x02, 0x00, 0x01, 0xF0, 0x0F, 0x10, 0xF0, 0x01,    3, 0x01, 0x10, 0x0F, 0x00, 0xF0
    .byte   0x1F, 0x00, 0x01, 0x00, 0x10, 0xFF, 0xFF, 0xF1, 0x10, 0x00, 0xF0, 0x00, 0xF0, 0xF0, 0x01, 0x00
    .byte   0xF0, 0x0F, 0xF1, 0x0F, 0x10, 0x0F, 0x0F, 0x01, 0x10, 0xFF, 0xF0,   -5, 0x00, 0x11, 0x00, 0x00
    .byte   0xF1, 0x00, 0xF0, 0x01, 0x11, 0x1F, 0x0F, 0x1F, 0x1F, 0x11, 0x01, 0xF1, 0x01, 0x00, 0x0F, 0x1F
    .byte   0x10, 0x11, 0x1F, 0xFF, 0xF1, 0x00, 0x10, 0x11, 0x1F, 0xF0, 0xE0, 0x01,    3, 0x00, 0x11, 0x00
    .byte   0xE0, 0xFF, 0x10, 0x01, 0x01, 0x0F, 0xFF, 0xF0, 0x10, 0xF0, 0x00, 0x1F, 0xF0, 0x01, 0x00, 0x0F
    .byte   0x00, 0x0F, 0x0F, 0x01, 0x01, 0x1F, 0x1F, 0xF1, 0x1F, 0x11, 0xF0, 0x00, 0x0F,   -2, 0x01, 0x11
    .byte   0x0F, 0xF0, 0x01, 0x10, 0x1F, 0x01, 0x01, 0x11, 0x11, 0x00, 0x0E, 0xFF, 0x11, 0x10, 0x20, 0x0F
    .byte   0xFF, 0xFF, 0xFF, 0xF1, 0x00, 0x11, 0x1F, 0xFF, 0xF1, 0xF0, 0xF0, 0xFF, 0xFF, 0x0F,   -6, 0x01
    .byte   0xF0, 0xFF, 0x1F, 0x00, 0x0F, 0x01, 0x10, 0xF1, 0x10, 0x10, 0xFF, 0x01, 0x01, 0x11, 0x1F, 0x1F
    .byte   0x0F, 0x01, 0x12, 0x22, 0x21, 0x2F, 0xFF, 0xFF, 0xF1, 0x00, 0x21, 0x10, 0x0E, 0xEE, 0xEE,   -1
    .byte   0x0F, 0xF0, 0x02, 0x00, 0x0F, 0x0E, 0x0F, 0xF0, 0x12, 0x02, 0x00, 0x00, 0xE0, 0xE0, 0xE0, 0xF0
    .byte   0x0F, 0xFF, 0xF0, 0xE0, 0x00, 0xF0, 0xF0, 0xF0, 0x01, 0xFF, 0x02, 0x12, 0x22, 0x22, 0x32, 0x31
    .byte     29, 0x01, 0x12, 0xFF, 0x10, 0xF1, 0x0E, 0xFE, 0xEE, 0xDE, 0xDE, 0xEE, 0xF0, 0x02, 0x02, 0x20
    .byte   0x11, 0x11, 0x02, 0x12, 0x20, 0x21, 0x1F, 0xF0, 0xE0, 0xE0, 0xFF, 0xFF, 0xFE, 0xEF, 0x0E, 0x00
    .byte   0xE0,  -16, 0x00, 0xFE, 0xFF, 0xEF, 0xE0, 0xE1, 0x10, 0x01, 0x01, 0x02, 0x22, 0x32, 0x33, 0x33
    .byte   0x31, 0x2F, 0xF0, 0x10, 0x01, 0x0F, 0xEE, 0xDD, 0xDD, 0xED, 0xEE, 0x00, 0x20, 0x12, 0x11, 0x12
    .byte   0x12, 0x23,   14, 0x02, 0x21, 0x0E, 0x0E, 0xE0, 0xFF, 0x00, 0x00, 0xE0, 0xEE, 0xFF, 0xE1, 0x01
    .byte   0x00, 0xFF, 0xEE, 0xEE, 0xEE, 0x0F, 0xFF, 0xFF, 0xE0, 0xE0, 0x02, 0x32, 0x33, 0x43, 0x33, 0x32
    .byte   0x21, 0xFF, 0x01,   49, 0x00, 0xFF, 0xED, 0xDD, 0xCD, 0xDE, 0xFE, 0x20, 0x12, 0xFF, 0x21, 0x32
    .byte   0x33, 0x22, 0x2F, 0xEF, 0xEF, 0xFE, 0x10, 0xEF, 0xEE, 0xEF, 0xF0, 0x12, 0x11, 0x10, 0xFF, 0xEF
    .byte   0xEF, 0xEF, 0xFE, 0xEF,  -30, 0x0E, 0xEE, 0xEF, 0xF0, 0x02, 0x02, 0x22, 0x33, 0x43, 0x43, 0x33
    .byte   0x0F, 0xEE, 0xF2, 0x00, 0x0E, 0xDD, 0xCD, 0xDE, 0xFF, 0x0F, 0xEE, 0xE1, 0x23, 0x33, 0x32, 0x2F
    .byte   0x00, 0xF0, 0x20, 0xFE, 0xEE,    2, 0x0E, 0xEF, 0x11, 0x11, 0x0F, 0x00, 0x22, 0x12, 0x11, 0xEE
    .byte   0xEE, 0xDF, 0xEE, 0xEE, 0xEE, 0xEE, 0xEF, 0x00, 0x12, 0x22, 0x23, 0x33, 0x42, 0x43, 0x32, 0x2F
    .byte   0xFE, 0xEE, 0x10, 0xEE, 0xDD, 0xDE,   -3, 0x0F, 0xEE, 0xEE, 0xF0, 0x12, 0x33, 0x12, 0x21, 0x22
    .byte   0x12, 0x0F, 0xEE, 0xEE, 0xEF, 0xFF, 0xEE, 0xF1, 0x12, 0x12, 0x20, 0xF1, 0x21, 0x00, 0xEF, 0xEE
    .byte   0xDE, 0xED, 0xEE, 0xEE, 0xEE, 0xF0, 0x21,  -43, 0x02, 0x12, 0x22, 0x32, 0x33, 0x23, 0x33, 0x22
    .byte   0x1E, 0x0F, 0xE0, 0xFE, 0xEE, 0xDF, 0xFE, 0xEF, 0xEE, 0xD1, 0x13, 0x21, 0x02, 0x01, 0x23, 0x11
    .byte   0xEE, 0xFF, 0xE0, 0x20, 0xDE, 0xE1, 0x11, 0x11,    2, 0x0F, 0x11, 0x32, 0x0E, 0xFF, 0xEE, 0xFF
    .byte   0xED, 0xED, 0xEE, 0xEE, 0xE0, 0xEF, 0xF2, 0x22, 0x12, 0x20, 0x30, 0x32, 0x22, 0x31, 0x23, 0x33
    .byte   0xFE, 0xE1, 0x20, 0xFF, 0xED, 0xE1, 0x2F, 0xED, 0xEE,    1, 0x0F, 0x11, 0x0E, 0xE2, 0x32, 0x10
    .byte   0xFF, 0xF1, 0x21, 0xEE, 0xE1, 0x11, 0x0F, 0xFE, 0xF1, 0x21, 0x0F, 0x02, 0x01, 0xFF, 0xFE, 0xEE
    .byte   0x0E, 0xEE, 0xDF, 0xEE, 0xEF, 0xE0, 0xE2, 0x01, 0x22, 0x22,  -26, 0x01, 0x22, 0x30, 0x22, 0x31
    .byte   0xF3, 0x40, 0xEE, 0x23, 0x0D, 0xE2, 0xFE, 0xE1, 0x2F, 0xCE, 0x32, 0xDD, 0xE2, 0x2E, 0x12, 0x2E
    .byte   0xF1, 0x31, 0xDF, 0x22, 0xEE, 0x12, 0x0E, 0xF1, 0x1E, 0xF0, 0x20,    0, 0x0E, 0x31, 0xEF, 0xF0
    .byte   0xFE, 0xE0, 0xEE, 0xEF, 0xEE, 0xD1, 0x1F, 0xFE, 0xF2, 0x00, 0x12, 0x11, 0x03, 0x22, 0xF2, 0x22
    .byte   0x31, 0x20, 0x24, 0x1F, 0xEF, 0x33, 0xDE, 0x2E, 0x2E, 0xE2, 0xFD, 0xE2,   18, 0x0E, 0xDE, 0x22
    .byte   0xEE, 0x12, 0x0F, 0x21, 0x0E, 0x02, 0x1F, 0xEF, 0x30, 0xDE, 0x21, 0xFE, 0x01, 0xEF, 0x02, 0xFE
    .byte   0xF0, 0x20, 0xD0, 0x00, 0xEF, 0xEF, 0xFE, 0xFF, 0xEE, 0x10, 0xF0, 0x11, 0x01,  -27, 0x02, 0xE2
    .byte   0x12, 0x21, 0x20, 0x20, 0x23, 0x1F, 0xF3, 0x4E, 0xED, 0x34, 0xFD, 0xD3, 0x12, 0xEE, 0x2D, 0x02
    .byte   0x0E, 0xDD, 0x23, 0xED, 0xE2, 0x3F, 0xE0, 0x0E, 0x02, 0x1E, 0xE1, 0x22, 0xEE, 0x11,    3, 0x00
    .byte   0xF1, 0xEE, 0x02, 0x10, 0xE0, 0x11, 0xE0, 0xEF, 0xFE, 0xFF, 0xFE, 0xFF, 0xFF, 0xFE, 0xFF, 0x00
    .byte   0x10, 0x02, 0x03, 0x10, 0x11, 0x22, 0x10, 0x21, 0x02, 0xF2, 0x2F, 0x2F, 0x22, 0x2F, 0xF2,   24
    .byte   0x02, 0xFF, 0xF0, 0x20, 0x0E, 0x0F, 0xF2, 0xEE, 0xEF, 0x10, 0xEF, 0x00, 0x20, 0xE0, 0xF0, 0x10
    .byte   0xEF, 0x00, 0x10, 0x0E, 0xFF, 0x00, 0xFE, 0xF0, 0x10, 0x0F, 0x1F, 0x00, 0xFE, 0xEF, 0x00, 0xE0
    .byte    -21, 0x00, 0x0F, 0x10, 0x0E, 0x01, 0x1F, 0x10, 0x21, 0x11, 0x11, 0x01, 0x01, 0x20, 0xF2, 0x12
    .byte   0x1F, 0x10, 0x20, 0x2E, 0x11, 0x12, 0x0F, 0x00, 0x22, 0xEF, 0xF1, 0x20, 0xE0, 0x01, 0x20, 0xE0
    .byte   0xF1,   18, 0x0F, 0xEF, 0xF1, 0x10, 0xEF, 0x01, 0x11, 0xFE, 0x0F, 0x2F, 0xFE, 0xF1, 0x0F, 0x0E
    .byte   0xF0, 0xF2, 0xFF, 0xE0, 0x01, 0x0E, 0xF0, 0x01, 0x1F, 0xF0, 0x10, 0xFF, 0xFF, 0x01, 0x11, 0x0F
    .byte   0x00, 0x10,  -10, 0x0F, 0x0F, 0xF2, 0x11, 0xFF, 0x12, 0x1F, 0xFF, 0x01, 0x20, 0xFE, 0x20, 0x20
    .byte   0xFF, 0xF0, 0x12, 0xE0, 0xFF, 0x21, 0x0F, 0xF0, 0x1F, 0x10, 0xFF, 0x11, 0x01, 0xF1, 0xFF, 0x10
    .byte   0x10, 0xF0, 0x01,    4, 0x01, 0xE1, 0x11, 0x11, 0xE1, 0x10, 0x2E, 0x02, 0xE0, 0x1F, 0x1F, 0xF1
    .byte   0xF1, 0x01, 0x0F, 0x1E, 0x11, 0x1E, 0x11, 0x0F, 0x10, 0xF0, 0xF1, 0xE3, 0xD1, 0x2D, 0x3E, 0x10
    .byte   0xFE, 0x2F, 0xF2, 0xE1,   -3, 0x0E, 0x21, 0x0F, 0x0F, 0x1F, 0x11, 0xE1, 0x0F, 0x11, 0x10, 0xE2
    .byte   0x01, 0xF0, 0xF0, 0x00, 0x11, 0x0E, 0x20, 0x00, 0x1F, 0x1F, 0x10, 0x10, 0x10, 0x01, 0x11, 0x0F
    .byte   0x01, 0x01, 0x01, 0xE0, 0x2F,    4, 0x00, 0x00, 0x1F, 0x00, 0x10, 0xF0, 0x00, 0x1F, 0xF0, 0x00
    .byte   0xF1, 0x01, 0xFF, 0x00, 0x1F, 0x0F, 0xF1, 0x00, 0xFF, 0x00, 0x0F, 0x01, 0xF1, 0xFF, 0x10, 0xF0
    .byte   0xF1, 0xF0, 0x1F, 0xF1, 0x1F, 0x0F,   -4, 0x00, 0x01, 0xF0, 0x10, 0xF1, 0x0F, 0x10, 0x10, 0xF0
    .byte   0x10, 0x01, 0xF0, 0x00, 0x11, 0x0F, 0x01, 0x01, 0x00, 0x0F, 0xF2, 0xF0, 0x1F, 0x1F, 0x01, 0xF1
    .byte   0x01, 0xF1, 0xF0, 0x1F, 0x1F, 0x01, 0xF1,    3, 0x00, 0xF1, 0xF1, 0x0F, 0x01, 0x0F, 0x0F, 0x1F
    .byte   0x00, 0x01, 0xF0, 0x0F, 0x1F, 0x0F, 0x1F, 0x01, 0x0F, 0x00, 0x0F, 0x01, 0x01, 0xE1, 0x1F, 0x10
    .byte   0xF1, 0xF0, 0x10, 0x0F, 0x01, 0xF0, 0x1F, 0x10,   -1, 0x0F, 0x01, 0x0E, 0x20, 0x0F, 0x01, 0x00
    .byte   0x01, 0x00, 0x1F, 0x1F, 0x1F, 0x01, 0x00, 0x10, 0xF0, 0x1F, 0x01, 0x0F, 0x10, 0x1F, 0x00, 0x10
    .byte   0xF0, 0xF1, 0x0F, 0x01, 0xF1, 0x0F, 0x1F, 0x00, 0x0F,    2, 0x0F, 0xF1, 0xF1, 0x00, 0x0F, 0x00
    .byte   0xF1, 0xF1, 0xF1, 0x1F, 0x00, 0xF1, 0xF0, 0x1F, 0x1F, 0x00, 0xF2, 0xE1, 0x0F, 0x1F, 0x01, 0xF1
    .byte   0xF0, 0x01, 0x00, 0x00, 0x01, 0xF1, 0x00, 0x0F, 0x01, 0xF0,    0, 0x0F, 0x01, 0x00, 0x00, 0x00
    .byte   0x00, 0x1F, 0x10, 0xF1, 0xF1, 0x00, 0x0F, 0x1F, 0x10, 0xF1, 0x00, 0x1F, 0xF0, 0x10, 0xF1, 0x0F
    .byte   0x10, 0xF0, 0x01, 0x00, 0xF0, 0x0F, 0x10, 0x1F, 0x1F, 0x00, 0x00,    0, 0x01, 0xF1, 0xF1, 0x0F
    .byte   0x00, 0xF1, 0xF1, 0x0F, 0x01, 0x0F, 0x1F, 0x10, 0x00, 0xF0, 0x10, 0xF1, 0x00, 0x01, 0xF0, 0x1F
    .byte   0x00, 0x1F, 0x00, 0x0F, 0x1F, 0x10, 0xF0, 0x01, 0x01, 0xF0, 0xF0, 0x11,    1, 0x0F, 0x10, 0xF0
    .byte   0x01, 0xF0, 0x0F, 0x11, 0x1F, 0x0E, 0x01, 0x21, 0xFF, 0xF0, 0x10, 0x0F, 0x1F, 0x1E, 0x33, 0xDF
    .byte   0xCE, 0x03, 0x12, 0xEF, 0x03, 0x2F, 0xEE, 0xEF, 0x30, 0x2F, 0xEE, 0x12, 0x2E,    0, 0x0F, 0xE1
    .byte   0x12, 0x0F, 0xFF, 0x02, 0x10, 0xFE, 0x01, 0x02, 0x0E, 0xFF, 0x2F, 0x1F, 0x0F, 0x10, 0x10, 0x00
    .byte   0xFF, 0x02, 0xF0, 0xFF, 0x01, 0xF0, 0xF0, 0x10, 0x0F, 0x1F, 0x01, 0x1F, 0x0F, 0x11,    2, 0x00
    .byte   0x0F, 0xF1, 0x10, 0x0F, 0x0F, 0x1E, 0x23, 0xD0, 0xDF, 0xF2, 0x2F, 0x01, 0x13, 0x2F, 0xDE, 0xEF
    .byte   0x21, 0x1F, 0x00, 0x20, 0x01, 0xFE, 0xF1, 0x12, 0xF0, 0x1E, 0x11, 0x11, 0xFE, 0xF1, 0x11,    0
    .byte   0x0F, 0xFF, 0x20, 0x1F, 0x1E, 0x02, 0x2E, 0xE0, 0x00, 0xF2, 0xC4, 0xFE, 0x3E, 0x31, 0x1D, 0x2D
    .byte   0xE2, 0x2E, 0xD1, 0x13, 0x2F, 0x0F, 0xD0, 0x31, 0x1E, 0xE0, 0x21, 0x20, 0xFE, 0xF0, 0x0F, 0x00
    .byte     -1, 0x0F, 0xF0, 0x12, 0xF1, 0xF0, 0x01, 0xFF, 0xFE, 0x20, 0x01, 0x00, 0x01, 0xF1, 0xFF, 0x0F
    .byte   0x01, 0x11, 0x01, 0x00, 0x0F, 0x1E, 0x1F, 0x00, 0x01, 0x00, 0x02, 0x1F, 0xF0, 0xE0, 0x01, 0x1F
    .byte   0x10,    2, 0x01, 0x01, 0xE0, 0xFF, 0x1F, 0x0F, 0x11, 0x11, 0x11, 0x01, 0x0E, 0xFF, 0x0F, 0x0F
    .byte   0x11, 0x21, 0x11, 0xFE, 0xFF, 0x10, 0xF0, 0xF1, 0x12, 0x10, 0xFE, 0x01, 0x00, 0xEF, 0x02, 0x02
    .byte   0x10, 0xFF,    1, 0x01, 0x1F, 0xEE, 0x02, 0x11, 0x00, 0x00, 0x11, 0x1F, 0xEF, 0x01, 0x11, 0x00
    .byte   0xF0, 0x21, 0x0F, 0xEF, 0xF1, 0x11, 0x00, 0xE1, 0x12, 0x11, 0xEF, 0x00, 0x20, 0xEE, 0x11, 0x11
    .byte   0x00, 0xF0, 0x12,    6, 0x00, 0xE0, 0xE1, 0x11, 0x0E, 0xE1, 0x22, 0x21, 0xEF, 0xE2, 0x20, 0xDF
    .byte   0xE0, 0x22, 0x22, 0xED, 0xF2, 0x31, 0xEE, 0xDF, 0x13, 0x22, 0x0D, 0xEF, 0x31, 0x2E, 0xED, 0xF2
    .byte   0x32, 0xFD, 0xEF, 0x32,    7, 0x00, 0xEE, 0xE0, 0x30, 0xEE, 0xE1, 0x13, 0x22, 0xEE, 0xDF, 0x22
    .byte   0x1F, 0xEE, 0xF2, 0x32, 0x1D, 0xEF, 0xF2, 0x21, 0xEE, 0xE2, 0x31, 0x0E, 0xEE, 0xF3, 0x30, 0xDC
    .byte   0x22, 0x32, 0x01, 0xDE, 0x02,    3, 0x00, 0xFF, 0xF1, 0xE1, 0x20, 0xFE, 0x21, 0x0E, 0xE2, 0x02
    .byte   0x02, 0x0E, 0xEE, 0x21, 0x11, 0xFE, 0x01, 0x22, 0xFF, 0x1F, 0xEF, 0x01, 0x0E, 0x01, 0x20, 0x21
    .byte   0x0F, 0xE0, 0xFF, 0xF0, 0x0E, 0x11,    5, 0x02, 0xEE, 0x01, 0xF0, 0xF0, 0xFE, 0x01, 0x20, 0xFF
    .byte   0x02, 0x01, 0x20, 0xFD, 0x00, 0x1F, 0x01, 0x0F, 0x02, 0x21, 0x1F, 0xEE, 0xE0, 0x21, 0x0E, 0xF0
    .byte   0x22, 0x31, 0xEE, 0xEE, 0x10, 0xFF, 0x0F,   -4, 0x02, 0x12, 0x2F, 0xFF, 0xFE, 0xED, 0xF2, 0x13
    .byte   0x21, 0xFF, 0xE1, 0x21, 0x0E, 0xDE, 0xF1, 0x32, 0x2F, 0xEE, 0x21, 0x21, 0xFD, 0xE1, 0x10, 0x22
    .byte   0x00, 0x1F, 0x0F, 0xEF, 0xFF, 0xF2, 0x12, 0x0F,    2, 0x01, 0x21, 0xEE, 0xDF, 0x02, 0x22, 0x10
    .byte   0xFF, 0x12, 0x11, 0xDD, 0x00, 0x22, 0x22, 0x0E, 0xF2, 0x01, 0xEE, 0xEE, 0x20, 0x30, 0x1F, 0xF0
    .byte   0xE1, 0x10, 0xE0, 0x21, 0x2E, 0x12, 0xEE, 0xE2, 0x2E,   -9, 0x00, 0x31, 0x10, 0x21, 0xEE, 0xE3
    .byte   0xFF, 0xEE, 0x1E, 0x21, 0x33, 0xDE, 0xE2, 0x10, 0x0F, 0xFD, 0xE2, 0x32, 0x20, 0xEF, 0xFF, 0x0F
    .byte   0x0D, 0xFF, 0x23, 0x22, 0x0E, 0xEF, 0xFF, 0x1F, 0xEE, 0x01,    1, 0x02, 0x2E, 0xEF, 0xF1, 0x12
    .byte   0x1E, 0xEF, 0xF0, 0x20, 0x0F, 0x10, 0x10, 0x22, 0x0E, 0xD1, 0x1E, 0xF1, 0x22, 0x1E, 0x12, 0x10
    .byte   0xE1, 0x1E, 0xEF, 0x2F, 0x01, 0x12, 0x01, 0x21, 0xED, 0xE2, 0x12,    0, 0x01, 0xFE, 0xE1, 0x32
    .byte   0xFE, 0xFF, 0x11, 0x22, 0xED, 0xE1, 0x21, 0x21, 0x2F, 0xEF, 0x12, 0xEE, 0xEE, 0x01, 0x33, 0x1E
    .byte   0xE0, 0x12, 0x0E, 0xED, 0x01, 0x32, 0x0F, 0xEE, 0x11, 0x20, 0xFE, 0xEF,   -5, 0x03, 0x2E, 0xF0
    .byte   0xFF, 0xFF, 0x2E, 0xEE, 0x02, 0x11, 0x02, 0x1F, 0x00, 0x21, 0xEE, 0xE0, 0x12, 0x1F, 0xF1, 0x00
    .byte   0xE2, 0x22, 0x1D, 0x10, 0xF0, 0x13, 0x1E, 0xDE, 0x32, 0x20, 0xF0, 0xEF, 0xF3,   15, 0x0E, 0xEE
    .byte   0x01, 0xF0, 0x20, 0xEF, 0x02, 0x21, 0xEE, 0xEE, 0x10, 0x1F, 0xFE, 0xD1, 0x22, 0x2E, 0xEE, 0x02
    .byte   0x20, 0x0E, 0xDE, 0x13, 0x3F, 0xED, 0x02, 0x20, 0x22, 0xEE, 0xF3, 0x22, 0xFE, 0x11,    6, 0x01
    .byte   0x22, 0xF3, 0xE2, 0x1E, 0x2D, 0x2E, 0x02, 0xD2, 0xE3, 0x20, 0x3D, 0x1E, 0xF1, 0xF1, 0xDF, 0xDF
    .byte   0x22, 0x20, 0xEF, 0xE2, 0x11, 0xEF, 0xDE, 0x02, 0x10, 0x0E, 0xFF, 0xE2, 0x0E, 0xEE, 0xE1,  -21
    .byte   0x01, 0xEF, 0xEF, 0xE2, 0x12, 0xFE, 0xF0, 0x20, 0x01, 0x01, 0x21, 0x21, 0x32, 0x33, 0x21, 0x22
    .byte   0xE2, 0xE0, 0xEE, 0x1D, 0x2F, 0x11, 0xF3, 0xF2, 0xEF, 0x1E, 0x1E, 0x1E, 0xE0, 0xE1, 0xF2, 0x0F
    .byte      5, 0x0F, 0x21, 0x21, 0x1E, 0xEE, 0xF2, 0x22, 0x0F, 0xFE, 0xFE, 0x10, 0xEE, 0xEE, 0xE2, 0x12
    .byte   0x0F, 0xEF, 0xE0, 0xFE, 0xEE, 0xDF, 0x00, 0x21, 0x00, 0x00, 0x22, 0xF1, 0xF0, 0x11, 0x33, 0x34
    .byte   0x02,   29, 0x04, 0x1E, 0xEC, 0xFE, 0xF0, 0xE1, 0xEF, 0x22, 0x41, 0x1D, 0xD1, 0xE2, 0xEF, 0xFD
    .byte   0x0D, 0x32, 0x02, 0xD2, 0xF0, 0x11, 0x2F, 0xFE, 0xF2, 0x12, 0x1F, 0xFE, 0xF0, 0x11, 0xEE, 0xDF
    .byte   0xFF, 0x10,   -9, 0x0E, 0x0E, 0x00, 0x1E, 0xDE, 0xEE, 0x01, 0xF1, 0xF1, 0x22, 0x30, 0x0E, 0x0F
    .byte   0x23, 0x33, 0x33, 0x24, 0x42, 0xDC, 0xCE, 0xEF, 0xF0, 0xE0, 0xE1, 0x44, 0x3D, 0xDE, 0xEE, 0xE0
    .byte   0xFF, 0xED, 0xF2,    6, 0x02, 0xFE, 0xFF, 0x0F, 0x02, 0x2E, 0xEE, 0x22, 0x31, 0x1E, 0xEE, 0xE1
    .byte   0x11, 0x0D, 0xD0, 0x12, 0x21, 0xEE, 0xEE, 0xF1, 0xFE, 0xED, 0xFF, 0x21, 0x00, 0xE2, 0x22, 0x1F
    .byte   0x0F, 0x12, 0x34, 0x23,   23, 0x03, 0x34, 0x2D, 0xCC, 0xDE, 0xF0, 0x2E, 0x0E, 0x03, 0x43, 0xFE
    .byte   0xDD, 0x0E, 0x0F, 0xFE, 0xEE, 0xF2, 0x22, 0xE0, 0xE1, 0x11, 0x22, 0x1F, 0xEE, 0x03, 0x11, 0x0F
    .byte   0x0D, 0xFF, 0x00, 0xFE, 0xEE,  -11, 0x01, 0x2F, 0xFE, 0xED, 0xFF, 0xFF, 0xEE, 0xEE, 0x22, 0x21
    .byte   0x11, 0xFE, 0x02, 0x23, 0x43, 0x32, 0x24, 0x43, 0x0C, 0xCC, 0xDF, 0xF1, 0xF1, 0x0F, 0xF4, 0x42
    .byte   0xED, 0xDD, 0x00, 0xF0, 0x1E, 0xDE,   -9, 0x02, 0x32, 0xEE, 0xEF, 0x12, 0x22, 0x3E, 0xDE, 0x12
    .byte   0x32, 0xEE, 0xEE, 0xD0, 0x22, 0x1D, 0xEE, 0x12, 0x12, 0xEE, 0xDE, 0xD1, 0x2F, 0xFD, 0xEF, 0x01
    .byte   0x33, 0x2E, 0xDF, 0xF3, 0x33, 0x23, 0x32,   27, 0x04, 0x43, 0xFC, 0xCC, 0xDE, 0x11, 0x1F, 0xFF
    .byte   0x03, 0x43, 0x0D, 0xCD, 0x00, 0x22, 0x1F, 0xDD, 0xE2, 0x32, 0xEE, 0xDF, 0x12, 0x33, 0x1F, 0xDE
    .byte   0x03, 0x22, 0x0E, 0xDD, 0xF0, 0x12, 0xFE, 0xD0,  -15, 0x02, 0x11, 0xEE, 0xDD, 0x10, 0x21, 0xEE
    .byte   0xEE, 0x12, 0x32, 0xFE, 0xE0, 0x13, 0x42, 0x23, 0x33, 0x34, 0x4F, 0xDC, 0xCD, 0xEF, 0xF0, 0xFF
    .byte   0xF1, 0x23, 0x4F, 0xED, 0xDF, 0xE2, 0x10, 0xFE, 0xED,   -6, 0x02, 0x22, 0xEE, 0xEF, 0x13, 0x22
    .byte   0x1F, 0xEF, 0x12, 0x21, 0xFE, 0xED, 0x0E, 0x10, 0x0E, 0xEE, 0x11, 0x10, 0xFE, 0xDE, 0xFF, 0x00
    .byte   0xFE, 0xE0, 0x12, 0x22, 0x1F, 0xE2, 0x23, 0x32, 0x33, 0x33,   41, 0x04, 0x2F, 0xDC, 0xDD, 0x1F
    .byte   0xFE, 0xE0, 0xF1, 0x23, 0x3F, 0xED, 0xD1, 0x22, 0x2E, 0xEE, 0xEE, 0xE2, 0x2F, 0xFD, 0xE1, 0x23
    .byte   0x22, 0x00, 0xFF, 0xF2, 0x21, 0xFD, 0xEE, 0xEF, 0xFF, 0xEE, 0xFF,  -19, 0x00, 0x0F, 0x0E, 0xEE
    .byte   0xE0, 0x00, 0xF0, 0xE0, 0x20, 0x20, 0x11, 0x12, 0x12, 0x33, 0x43, 0x33, 0x43, 0x0D, 0xCD, 0xE0
    .byte   0xEE, 0xEE, 0xFE, 0x02, 0x23, 0xFE, 0xED, 0x12, 0x22, 0x0E, 0x0E, 0xEE,   -1, 0x00, 0x21, 0xEE
    .byte   0xE2, 0x22, 0x20, 0x00, 0x01, 0x02, 0x00, 0xFE, 0xEE, 0xFF, 0xEE, 0xEE, 0xFF, 0x00, 0xEF, 0xFE
    .byte   0xFE, 0xF0, 0x1F, 0xF1, 0x01, 0x02, 0x02, 0x01, 0x01, 0x13, 0x33, 0x42, 0x33,   52, 0x03, 0xFD
    .byte   0xDD, 0xFF, 0xFE, 0xED, 0xFF, 0x0F, 0x02, 0x2E, 0xED, 0x21, 0x32, 0x2E, 0xEE, 0xFF, 0xEF, 0x01
    .byte   0x0E, 0xEF, 0x12, 0x22, 0xFF, 0xFF, 0x12, 0x11, 0xFF, 0xEE, 0xEE, 0x0F, 0xEE, 0xEE,  -26, 0x0E
    .byte   0x01, 0xFF, 0xEE, 0xF0, 0x11, 0x10, 0x20, 0x10, 0x10, 0x20, 0x11, 0x23, 0x23, 0x33, 0x33, 0x43
    .byte   0xED, 0xDE, 0xF1, 0x1E, 0xED, 0xEE, 0xFF, 0xF0, 0x20, 0xDE, 0xF0, 0x33, 0x2F, 0xEE, 0xE0,    9
    .byte   0x01, 0xF0, 0xFF, 0xEE, 0xFF, 0x21, 0x21, 0xFE, 0xF1, 0x22, 0x00, 0xEF, 0xEE, 0xEF, 0xEF, 0xEE
    .byte   0xEE, 0xEF, 0xF0, 0x0E, 0xFF, 0x10, 0x02, 0x20, 0x20, 0x10, 0x22, 0x00, 0x22, 0x23, 0x33, 0x23
    .byte     46, 0x03, 0x0D, 0xEE, 0x01, 0x0F, 0xDE, 0xEE, 0xEE, 0x00, 0x0F, 0xEE, 0xE0, 0x23, 0x21, 0x0E
    .byte   0x1F, 0x10, 0x02, 0x0F, 0xEE, 0xEE, 0x11, 0x21, 0x0E, 0xE0, 0x11, 0x20, 0x10, 0xEF, 0xEE, 0xE1
    .byte   0xE1,  -21, 0x0E, 0xDE, 0x0F, 0x0E, 0xF0, 0x01, 0x2F, 0x02, 0x22, 0x20, 0x20, 0x00, 0x22, 0x32
    .byte   0x33, 0x23, 0x33, 0xFF, 0xEE, 0xF0, 0x00, 0xFD, 0xEE, 0xEE, 0xEF, 0xFE, 0xFE, 0xFF, 0x12, 0x22
    .byte   0x21, 0x0F,   12, 0x01, 0x10, 0x10, 0x0F, 0xEE, 0xEF, 0x01, 0x2F, 0xEE, 0xF0, 0x02, 0x10, 0xFF
    .byte   0xEF, 0xEE, 0x0E, 0x1E, 0xEE, 0xEE, 0xEF, 0x01, 0x11, 0x11, 0x11, 0x12, 0x22, 0x21, 0x10, 0x02
    .byte   0x23, 0x33, 0x23,   42, 0x03, 0x0E, 0xED, 0x02, 0x20, 0xFD, 0xED, 0xEE, 0xFF, 0xF0, 0xEE, 0xEE
    .byte   0x01, 0x32, 0x22, 0xFF, 0xE1, 0x10, 0x22, 0x0F, 0xEE, 0xD0, 0xF2, 0x01, 0xFE, 0xEF, 0x00, 0x21
    .byte   0x10, 0xFE, 0xEE, 0xFF,  -17, 0x0F, 0xEE, 0xDF, 0xEE, 0x11, 0x02, 0x11, 0x00, 0x12, 0x22, 0x22
    .byte   0x10, 0x01, 0x23, 0x32, 0x33, 0x32, 0x20, 0xEE, 0xE1, 0x21, 0xFE, 0xED, 0xEE, 0xFE, 0x0E, 0x0E
    .byte   0xEE, 0xF0, 0x22, 0x22, 0x2E,   11, 0x0F, 0x11, 0x12, 0x01, 0xEE, 0xEE, 0xE1, 0x11, 0xFF, 0xEF
    .byte   0xF0, 0x12, 0x01, 0x0E, 0xFE, 0xEE, 0xF0, 0xFE, 0xED, 0xFE, 0xF0, 0x02, 0x11, 0x10, 0xF2, 0x02
    .byte   0x32, 0x11, 0xF1, 0x13, 0x33, 0x23,   36, 0x03, 0x20, 0xEE, 0xE0, 0x12, 0x1E, 0xED, 0xEE, 0xEE
    .byte   0xFE, 0xFF, 0xEE, 0xE0, 0x13, 0x22, 0x20, 0xEF, 0x11, 0x22, 0x11, 0xEE, 0xEE, 0xE1, 0x10, 0x0E
    .byte   0xEE, 0xF0, 0x12, 0x2F, 0xFF, 0xE0, 0xEF,  -15, 0x0F, 0xFE, 0xED, 0xEE, 0x1F, 0x10, 0x11, 0x01
    .byte   0x21, 0x12, 0x22, 0x21, 0x2F, 0x12, 0x32, 0x33, 0x33, 0x31, 0xED, 0xE0, 0x12, 0x2F, 0xDE, 0xDE
    .byte   0xFE, 0xFF, 0xEF, 0xEE, 0xD0, 0x22, 0x32, 0x2F,    9, 0x0E, 0x12, 0x22, 0x11, 0xEE, 0xEE, 0xFF
    .byte   0x10, 0x1E, 0xEE, 0xE1, 0x12, 0x21, 0x0F, 0xEE, 0xFE, 0x10, 0xFE, 0xED, 0xEE, 0xF1, 0x11, 0x0F
    .byte   0xFF, 0x12, 0x13, 0x22, 0x20, 0xF1, 0xF2, 0x33, 0x32,   30, 0x03, 0x32, 0xEE, 0xD0, 0x12, 0x2F
    .byte   0xED, 0xDF, 0xE0, 0xEF, 0xEE, 0xEE, 0xEE, 0x22, 0x33, 0x1F, 0xEE, 0x12, 0x22, 0x2F, 0xEE, 0xEE
    .byte   0xE1, 0x11, 0xFF, 0xDE, 0xE1, 0x22, 0x22, 0xEF, 0xEE, 0x0F,  -11, 0x0F, 0xEE, 0xED, 0xEE, 0x01
    .byte   0x10, 0xFF, 0xF0, 0x12, 0x22, 0x22, 0x11, 0x11, 0x23, 0x13, 0x33, 0x33, 0x31, 0xEE, 0xDF, 0x13
    .byte   0x0F, 0xDD, 0xED, 0x11, 0xFF, 0xEE, 0xEE, 0xEE, 0x23, 0x32, 0x2E,   10, 0x0F, 0xF2, 0x31, 0x1E
    .byte   0xDE, 0xEF, 0x02, 0x0F, 0xFD, 0xEE, 0x12, 0x22, 0x2E, 0xFE, 0xFF, 0x0F, 0xFE, 0xED, 0xED, 0xF0
    .byte   0x11, 0xFF, 0xEF, 0x12, 0x23, 0x11, 0x12, 0x12, 0x21, 0x22, 0x23, 0x23,   39, 0x03, 0x3E, 0xDD
    .byte   0xE1, 0x32, 0x0D, 0xDD, 0xEF, 0xF1, 0x0E, 0xED, 0xFE, 0x02, 0x33, 0x20, 0xFE, 0xE2, 0x22, 0x2E
    .byte   0xFD, 0xEE, 0x01, 0x01, 0x0E, 0xEE, 0xE0, 0x22, 0x2F, 0xFE, 0xF0, 0x11, 0x0E,  -15, 0x0E, 0xDE
    .byte   0xD0, 0xF0, 0x0F, 0xEF, 0x11, 0x23, 0x22, 0x11, 0x11, 0x22, 0x22, 0x23, 0x23, 0x34, 0x30, 0xED
    .byte   0xD1, 0x22, 0x1E, 0xDD, 0xD0, 0x01, 0x1F, 0xEE, 0xDF, 0xE2, 0x33, 0x3E, 0xEE, 0xF1,   15, 0x02
    .byte   0x2E, 0xEE, 0xEE, 0x00, 0x10, 0x0E, 0xEE, 0x11, 0x12, 0x2E, 0xFE, 0x11, 0x11, 0xEE, 0xED, 0xEE
    .byte   0xEE, 0xFF, 0xFE, 0xFF, 0x02, 0x32, 0x21, 0x1F, 0x12, 0x22, 0x12, 0x12, 0x32, 0x44, 0x33,   55
    .byte   0x0D, 0xDE, 0x21, 0x2E, 0xDD, 0xD0, 0xE1, 0x22, 0x1D, 0xDE, 0x03, 0x23, 0x11, 0xEF, 0xE1, 0x22
    .byte   0x0F, 0xFD, 0xEE, 0x11, 0x10, 0x0E, 0xFF, 0x11, 0x22, 0x0E, 0xFF, 0x10, 0x1D, 0xEE, 0xDE, 0xED
    .byte    -39, 0x01, 0xEE, 0xEE, 0x22, 0x22, 0x21, 0xE1, 0x12, 0x33, 0x1F, 0xF0, 0x23, 0x42, 0x44, 0x31
    .byte   0xDD, 0xEF, 0x2E, 0xEE, 0xDE, 0xDE, 0xF2, 0x42, 0xED, 0xDE, 0x33, 0x22, 0xFE, 0xED, 0xD1, 0x33
    .byte   0xFD,   -3, 0x0E, 0xF3, 0x21, 0x10, 0x0E, 0xEF, 0x23, 0x1E, 0xED, 0x11, 0xFF, 0xEE, 0xFD, 0xED
    .byte   0xE2, 0x0F, 0xEE, 0xFF, 0x12, 0x12, 0x1F, 0x0F, 0x22, 0x23, 0xF0, 0xE1, 0x34, 0x41, 0x44, 0x32
    .byte   0xCD, 0xEE,   35, 0x0E, 0xEE, 0xEE, 0xDE, 0x24, 0x4E, 0xDD, 0xFF, 0x02, 0x02, 0x1D, 0xDC, 0x13
    .byte   0x31, 0xEE, 0xFF, 0x2F, 0x32, 0x2E, 0xDD, 0x12, 0x20, 0xEF, 0xFF, 0xEF, 0x01, 0xEE, 0xDE, 0xE0
    .byte   0xEF, 0xE1, 0xFF,  -42, 0x01, 0x10, 0xFF, 0xF1, 0x22, 0x21, 0x2F, 0xFF, 0x23, 0x44, 0x23, 0x44
    .byte   0x3D, 0xCE, 0xDF, 0xED, 0x10, 0x2D, 0xD2, 0x44, 0xEE, 0xDE, 0xEE, 0xF1, 0x3F, 0xDC, 0xE0, 0x32
    .byte   0x10, 0x20, 0xEF, 0xF3,   17, 0x00, 0xED, 0xEE, 0x11, 0x21, 0x1E, 0xE0, 0x21, 0xEE, 0xEE, 0xDE
    .byte   0xE2, 0xFF, 0xDE, 0xF0, 0x11, 0x1F, 0xEE, 0x12, 0x32, 0x3F, 0xE0, 0xE3, 0x23, 0x34, 0x23, 0x43
    .byte   0x3D, 0xDD, 0xDF, 0xEF, 0x3E,   23, 0x0E, 0xE3, 0x33, 0xFF, 0xFD, 0xDD, 0x02, 0xFE, 0xDE, 0xF1
    .byte   0x21, 0x31, 0x0E, 0x02, 0x11, 0x0E, 0xEE, 0xDF, 0x12, 0x21, 0xFF, 0xFF, 0x00, 0xEE, 0xDE, 0xD1
    .byte   0xFF, 0xEF, 0xE0, 0x0F, 0x01, 0x10,  -45, 0x00, 0x12, 0x32, 0xFF, 0xF0, 0xF3, 0x33, 0x33, 0x05
    .byte   0x43, 0xFC, 0xFC, 0xDF, 0xF3, 0x1E, 0xD1, 0x33, 0x31, 0xFE, 0xDC, 0xD2, 0x3F, 0xED, 0xEE, 0xF1
    .byte   0x23, 0x2F, 0xDF, 0x22, 0x21, 0xFE, 0xDD,  -12, 0x02, 0x32, 0x0E, 0x0E, 0x11, 0x21, 0xDD, 0xDD
    .byte   0x00, 0x1F, 0xE0, 0xD0, 0x11, 0x20, 0xFE, 0xE1, 0x13, 0x30, 0xFE, 0xF2, 0x23, 0x33, 0x4E, 0x45
    .byte   0x31, 0xDD, 0xDC, 0xFF, 0x33, 0xED, 0xE2, 0x33,   44, 0x02, 0xED, 0xCD, 0xF3, 0x1E, 0xDE, 0xEE
    .byte   0x03, 0x32, 0xFD, 0xF2, 0x12, 0x21, 0xDD, 0xDF, 0x22, 0x21, 0xE0, 0xE0, 0x21, 0x0D, 0xDD, 0xEF
    .byte   0xF0, 0x0E, 0xEE, 0xF1, 0x11, 0x1E, 0xEF, 0x13, 0x23,  -26, 0x0F, 0xE1, 0x11, 0x33, 0x33, 0x23
    .byte   0x54, 0xFE, 0xDE, 0xCE, 0x01, 0x3F, 0xDE, 0x23, 0x23, 0x1F, 0xDC, 0xDE, 0x30, 0xEE, 0xDE, 0xE1
    .byte   0x33, 0x2F, 0xDF, 0x12, 0x22, 0x2E, 0xDD, 0xE1, 0x21, 0x1F,   -1, 0x0F, 0xE2, 0x21, 0xED, 0xDE
    .byte   0xEE, 0x00, 0xEE, 0xEE, 0x00, 0x20, 0xFE, 0xF0, 0x22, 0x33, 0x1E, 0xFE, 0x02, 0x33, 0x34, 0x13
    .byte   0x53, 0x0E, 0xED, 0xC0, 0xF0, 0x3E, 0xD1, 0x23, 0x23, 0x1D, 0xDD,   12, 0x01, 0x3E, 0xDF, 0xDE
    .byte   0xF1, 0x33, 0xFE, 0xE1, 0x22, 0x22, 0xFD, 0xDD, 0x12, 0x20, 0xF0, 0xFE, 0x12, 0x2E, 0xDD, 0xDF
    .byte   0xE1, 0x0E, 0xED, 0xE0, 0x20, 0x0E, 0x0E, 0x12, 0x33, 0x31, 0xEE, 0xF0,  -29, 0x03, 0x42, 0x31
    .byte   0x25, 0x42, 0xFE, 0xEC, 0xD2, 0x13, 0x1C, 0xE3, 0x22, 0x32, 0xED, 0xCD, 0x23, 0x0D, 0xDE, 0xEE
    .byte   0x03, 0x3F, 0xED, 0x22, 0x22, 0x10, 0xED, 0xEF, 0x12, 0x0E, 0xE0, 0xF2, 0x2F,   -2, 0x0D, 0xEE
    .byte   0xDF, 0xFF, 0xEE, 0xDE, 0x12, 0x10, 0xEE, 0xE2, 0x13, 0x33, 0x1F, 0xEF, 0x21, 0x23, 0x41, 0x2F
    .byte   0x45, 0x30, 0xEF, 0xDD, 0xE2, 0x22, 0xDD, 0x22, 0x22, 0x20, 0xEC, 0xEE, 0x31, 0xDD,    5, 0x0E
    .byte   0xEF, 0x32, 0x1E, 0xD1, 0x22, 0x32, 0x2D, 0xDE, 0xF2, 0x2E, 0xE0, 0xEE, 0x22, 0x2F, 0xDD, 0xD1
    .byte   0xE0, 0xFF, 0xDD, 0xE1, 0x22, 0xEE, 0xEF, 0x02, 0x23, 0x22, 0xF0, 0x22, 0x21, 0x13, 0x33,   14
    .byte   0x03, 0x53, 0xE1, 0xFE, 0xDE, 0x10, 0x2E, 0xC2, 0x32, 0x12, 0x1D, 0xDD, 0xF3, 0x1D, 0xD0, 0xED
    .byte   0x22, 0x20, 0xEE, 0x12, 0x22, 0x21, 0xED, 0xE1, 0x21, 0xFE, 0xEF, 0xE2, 0x21, 0xED, 0xEE, 0x0E
    .byte    -27, 0x01, 0xED, 0xED, 0x21, 0x0F, 0xEF, 0xE0, 0x23, 0x12, 0x22, 0x0F, 0x22, 0x23, 0x23, 0x13
    .byte   0x24, 0x50, 0x0E, 0xEE, 0xD2, 0x10, 0x2C, 0xE3, 0x21, 0x2F, 0xED, 0xDE, 0x13, 0xFC, 0xEE, 0xE1
    .byte   0x12,    4, 0x0E, 0xEE, 0x23, 0x12, 0x2E, 0xEE, 0xF2, 0x2E, 0xEE, 0xF1, 0x12, 0x2E, 0xDE, 0xEE
    .byte   0x0E, 0xEF, 0xED, 0xE1, 0x11, 0xEE, 0xEF, 0xF1, 0x22, 0x20, 0x32, 0x11, 0x21, 0x23, 0x23, 0x13
    .byte   0x24, 0x5F,   57, 0x0E, 0xEE, 0xE2, 0x01, 0x0C, 0xF3, 0x21, 0x11, 0xDD, 0xEE, 0x12, 0xDD, 0xFE
    .byte   0xFF, 0x21, 0xFE, 0xEF, 0x23, 0x2F, 0x0E, 0xE0, 0x12, 0x0E, 0xEE, 0x12, 0x21, 0x0D, 0xEE, 0xF1
    .byte   0xED, 0xDF, 0xEE,  -43, 0x01, 0xFE, 0xEE, 0x12, 0x1F, 0xF1, 0x12, 0x23, 0x12, 0x22, 0x32, 0x22
    .byte   0x32, 0x34, 0x4E, 0x1F, 0xEE, 0xE3, 0xFF, 0x0C, 0x03, 0x12, 0xEE, 0xED, 0xFE, 0x12, 0xDD, 0xEF
    .byte   0x10, 0x1F, 0xEF, 0xE1,    3, 0x02, 0x2E, 0xFF, 0xE1, 0x21, 0x0E, 0xEE, 0x12, 0x20, 0xEE, 0xED
    .byte   0x01, 0xEE, 0xDE, 0xEF, 0x00, 0x0E, 0xFE, 0xF1, 0x11, 0x11, 0x12, 0x22, 0x22, 0x21, 0x31, 0x23
    .byte   0x32, 0x24, 0x4F, 0x20, 0xE0,   45, 0x02, 0x10, 0xED, 0x12, 0x10, 0xFE, 0xED, 0xEF, 0x11, 0xDD
    .byte   0x0E, 0x01, 0x01, 0xED, 0x11, 0x32, 0x1F, 0x0E, 0x11, 0x20, 0xFE, 0xE0, 0x12, 0x12, 0xEE, 0xDE
    .byte   0x1F, 0xEE, 0xDE, 0xEF, 0x00, 0x0E,  -50, 0x0E, 0x11, 0x2F, 0x00, 0xF2, 0x32, 0x21, 0x03, 0x03
    .byte   0x32, 0x23, 0x24, 0x32, 0x2F, 0xE0, 0xF2, 0xFF, 0xFD, 0x12, 0x12, 0xEE, 0xED, 0xE0, 0xF1, 0xDD
    .byte   0xFE, 0x01, 0x0F, 0xED, 0x11, 0x23, 0xF1,    3, 0x0E, 0x01, 0x22, 0xFE, 0xEF, 0x02, 0x21, 0xEF
    .byte   0xDE, 0x0F, 0xEE, 0xDE, 0xEF, 0xFF, 0xFE, 0xEE, 0xF0, 0x11, 0x02, 0x01, 0x22, 0x22, 0x22, 0x21
    .byte   0x32, 0x33, 0x23, 0x42, 0x12, 0x1F, 0x01, 0x00,   52, 0x0E, 0xE1, 0x20, 0xF0, 0xDD, 0xEF, 0xE1
    .byte   0xED, 0xEE, 0xFF, 0x1F, 0xFE, 0xEF, 0x13, 0x11, 0x0F, 0xE1, 0x12, 0x2E, 0x0F, 0xE2, 0x20, 0x0F
    .byte   0xDE, 0xFE, 0x1E, 0xEE, 0xDE, 0xF0, 0x0F, 0xEE, 0xEF,  -52, 0x02, 0xF1, 0x1F, 0x22, 0x22, 0x22
    .byte   0x21, 0x23, 0x32, 0x32, 0x34, 0x02, 0x2F, 0x0F, 0x11, 0x0F, 0xEE, 0x21, 0xF0, 0xED, 0xED, 0xFF
    .byte   0xFE, 0xDF, 0xEE, 0x1F, 0xF0, 0xEE, 0x10, 0x31, 0x11, 0x0E,   -2, 0x00, 0x21, 0x00, 0xFF, 0xF2
    .byte   0x11, 0xFE, 0xED, 0xF0, 0xEE, 0xEE, 0xEE, 0xFF, 0xFE, 0xEE, 0xFF, 0x11, 0x21, 0x11, 0x22, 0x22
    .byte   0x22, 0x12, 0x32, 0x33, 0x33, 0x32, 0x22, 0xF1, 0xF0, 0x11, 0x0E,   48, 0x02, 0x0F, 0x0E, 0xED
    .byte   0xED, 0x0F, 0xFD, 0xEE, 0xEF, 0xFF, 0x0E, 0xE1, 0x11, 0x20, 0x20, 0xE0, 0x00, 0x20, 0x10, 0x10
    .byte   0x10, 0x2F, 0xEE, 0xEE, 0xEE, 0x1E, 0xEE, 0xEF, 0xFE, 0xFF, 0xEE, 0xE1,  -52, 0x01, 0x21, 0x12
    .byte   0x12, 0x22, 0x21, 0x22, 0x32, 0x33, 0x24, 0x22, 0x22, 0x10, 0x10, 0x12, 0xEF, 0x01, 0xFF, 0xEE
    .byte   0xED, 0xEE, 0xFE, 0xEE, 0xED, 0xFF, 0xFF, 0x0F, 0xEF, 0x11, 0x12, 0x1F, 0xFF,   -7, 0x01, 0x12
    .byte   0x11, 0x11, 0x01, 0xF0, 0xE0, 0xEE, 0xEE, 0xFE, 0xEF, 0xEE, 0xFE, 0xE0, 0xEF, 0x0F, 0x11, 0x11
    .byte   0x12, 0x22, 0x22, 0x02, 0x22, 0x33, 0x32, 0x33, 0x22, 0x3F, 0x00, 0x11, 0x10, 0x0E,   51, 0x02
    .byte   0xE0, 0xEE, 0xED, 0xEE, 0xEF, 0xEE, 0xEE, 0xEE, 0x0F, 0xFF, 0xFF, 0x00, 0x21, 0x00, 0xFF, 0x11
    .byte   0x11, 0x21, 0x11, 0x11, 0x0F, 0xEE, 0xFE, 0xEF, 0xEF, 0xEF, 0xEE, 0xEF, 0xEF, 0xE0, 0xE0,  -49
    .byte   0x01, 0x11, 0x11, 0x22, 0x22, 0x21, 0x22, 0x33, 0x32, 0x33, 0x31, 0x22, 0x00, 0x10, 0x20, 0xFF
    .byte   0xF0, 0x0E, 0x0E, 0xED, 0xEE, 0xEE, 0xEE, 0xEE, 0xEE, 0xFF, 0xFF, 0xFF, 0x01, 0x11, 0x11, 0xFF
    .byte     -9, 0x00, 0x20, 0x20, 0x20, 0x01, 0x0F, 0x0E, 0xEF, 0xEE, 0xE0, 0xEF, 0xEF, 0xEF, 0xEE, 0xFE
    .byte   0xFF, 0xF1, 0x01, 0x11, 0x22, 0x12, 0x22, 0x20, 0x33, 0x32, 0x32, 0x33, 0x22, 0x2F, 0x00, 0x02
    .byte   0x00,   54, 0x00, 0x10, 0xFE, 0xEE, 0xDE, 0xEE, 0xEE, 0xEE, 0xEE, 0xEF, 0xFE, 0xFF, 0xF0, 0x21
    .byte   0x11, 0x0F, 0x01, 0x21, 0x11, 0x20, 0x21, 0x01, 0xFE, 0xEF, 0xEF, 0xEE, 0xFE, 0xEF, 0xFE, 0xEE
    .byte   0xEE, 0xFE,  -51, 0x00, 0x10, 0x01, 0x22, 0x12, 0x22, 0x2F, 0x23, 0x33, 0x23, 0x23, 0x32, 0x21
    .byte   0x2F, 0xF1, 0x20, 0x1E, 0x11, 0x0F, 0xEE, 0xED, 0xEE, 0xEE, 0xEE, 0xDF, 0xEE, 0xFE, 0x0E, 0x00
    .byte   0x11, 0x2F, 0x00,  -12, 0x01, 0x11, 0x21, 0x2F, 0x02, 0x2F, 0x0F, 0xFE, 0xE0, 0xFF, 0xEE, 0xFE
    .byte   0xFE, 0xEE, 0xEE, 0xEF, 0xFF, 0xFF, 0x01, 0x10, 0x22, 0x21, 0x12, 0x21, 0x32, 0x33, 0x23, 0x33
    .byte   0x22, 0x11, 0x20, 0x02,   57, 0x00, 0xE0, 0x21, 0xFE, 0xEE, 0xDE, 0xEE, 0xEE, 0xDE, 0xFE, 0xFE
    .byte   0xEF, 0xEE, 0x10, 0x20, 0xFF, 0x10, 0x20, 0x12, 0x01, 0x12, 0x22, 0xF1, 0x0E, 0xF0, 0xE1, 0xEE
    .byte   0xE0, 0xF0, 0xEE, 0xEE, 0xFE,  -38, 0x0F, 0xEF, 0xE1, 0x11, 0x02, 0x01, 0x21, 0x12, 0x22, 0x22
    .byte   0x33, 0x32, 0x33, 0x31, 0x20, 0x21, 0x01, 0x10, 0xFF, 0x22, 0xEE, 0xDF, 0xEE, 0xDE, 0xEE, 0xDE
    .byte   0xFF, 0xEE, 0xEE, 0xEF, 0x01, 0x1F,  -20, 0x00, 0x22, 0x01, 0x01, 0x22, 0x22, 0x11, 0x01, 0x2F
    .byte   0xFE, 0xEE, 0x0F, 0xEF, 0xEE, 0xEF, 0xEE, 0xEE, 0xEE, 0xE0, 0xF0, 0x00, 0x10, 0x21, 0x21, 0x12
    .byte   0x03, 0x22, 0x33, 0x22, 0x34, 0x30, 0xE2,   52, 0x02, 0xE0, 0x11, 0xF1, 0x22, 0xED, 0xFE, 0xFD
    .byte   0xEE, 0xDE, 0xEE, 0xFF, 0xEE, 0xD0, 0xFF, 0x0F, 0x10, 0xF2, 0x20, 0xF0, 0xF0, 0x22, 0x12, 0x11
    .byte   0x02, 0x02, 0xEE, 0xFF, 0xFF, 0x0E, 0xEF, 0xE0,  -13, 0x0E, 0xEE, 0xEE, 0x0E, 0xF0, 0xEF, 0x02
    .byte   0x10, 0x1F, 0x01, 0x20, 0x20, 0x21, 0x23, 0x22, 0x33, 0x22, 0x22, 0x23, 0x12, 0x02, 0x02, 0x12
    .byte   0xFF, 0xFE, 0xEF, 0xEF, 0xDE, 0xEE, 0xEE, 0xEE, 0xED,   -9, 0x0F, 0xEE, 0x0E, 0xFF, 0x01, 0x0F
    .byte   0xF0, 0x11, 0x20, 0x22, 0x12, 0x21, 0x2F, 0x00, 0x10, 0xF0, 0xEF, 0xF0, 0xE0, 0xEE, 0xEE, 0xEF
    .byte   0xEF, 0xEF, 0xE0, 0xF1, 0x01, 0x02, 0x00, 0x22, 0x22, 0x32,   -2, 0x03, 0x32, 0x31, 0x23, 0x12
    .byte   0x21, 0x21, 0x12, 0x2F, 0xEF, 0xEE, 0xEE, 0xEE, 0xDF, 0xEE, 0xFD, 0xEE, 0xED, 0xFE, 0xFE, 0xF0
    .byte   0xF1, 0x10, 0x00, 0x02, 0x11, 0x22, 0x02, 0x22, 0x20, 0xF0, 0xFF,    5, 0x0F, 0x0F, 0xE0, 0xEF
    .byte   0xFE, 0xEE, 0xEE, 0xEE, 0xEE, 0x0E, 0x01, 0x0F, 0x11, 0x01, 0x21, 0x21, 0x23, 0x22, 0x33, 0x32
    .byte   0x32, 0x13, 0x22, 0x21, 0x21, 0x21, 0x11, 0xEE, 0xEF, 0xEE, 0xED, 0xED,   16, 0x0E, 0xEE, 0xEE
    .byte   0xDE, 0xFF, 0xFF, 0xF0, 0xF1, 0x01, 0x11, 0x10, 0x22, 0x22, 0x12, 0x10, 0x21, 0x00, 0xE0, 0xF0
    .byte   0x0F, 0xFE, 0xEE, 0xFE, 0xEE, 0xEE, 0xEF, 0xFE, 0xFF, 0xF0, 0x10, 0x10, 0x01,  -39, 0x02, 0x21
    .byte   0x22, 0x32, 0x33, 0x32, 0x22, 0x32, 0x22, 0x21, 0x12, 0x21, 0x1F, 0xEE, 0xEE, 0xEE, 0xED, 0xED
    .byte   0xFE, 0xEE, 0xDE, 0xEE, 0x0F, 0xF0, 0xFF, 0x01, 0x11, 0x10, 0x11, 0x22, 0x22, 0x21,    7, 0x01
    .byte   0x11, 0x00, 0xEF, 0xFF, 0x00, 0xEE, 0xEF, 0xEE, 0xEE, 0xEE, 0xEF, 0xFF, 0xFF, 0x00, 0x0F, 0x11
    .byte   0x02, 0x02, 0x12, 0x23, 0x22, 0x33, 0x32, 0x22, 0x32, 0x12, 0x21, 0x21, 0x21, 0x00, 0xEE,   52
    .byte   0x0E, 0xEE, 0xED, 0xED, 0xFE, 0xFD, 0xEE, 0xD0, 0x0F, 0x0F, 0x0E, 0x02, 0x02, 0xF0, 0x01, 0x22
    .byte   0x22, 0x11, 0x21, 0x12, 0xF0, 0xE0, 0xF0, 0xE0, 0xEE, 0xEE, 0x0E, 0xEE, 0xEE, 0xD0, 0xEF, 0xFF
    .byte    -50, 0x01, 0x20, 0x10, 0x12, 0x02, 0x22, 0x32, 0x33, 0x32, 0x22, 0x23, 0x22, 0x21, 0x20, 0x22
    .byte   0x10, 0xFE, 0xEE, 0xEE, 0xED, 0xED, 0xFE, 0xEE, 0xEE, 0xD0, 0xE0, 0x01, 0x11, 0x01, 0x11, 0x20
    .byte   0x10,   -6, 0x01, 0x22, 0x2F, 0x00, 0x11, 0x0F, 0x0E, 0xEF, 0x23, 0xDD, 0xDE, 0xE1, 0xEE, 0xDE
    .byte   0x12, 0x1F, 0xEE, 0xF2, 0x00, 0xF0, 0x12, 0x22, 0x33, 0x22, 0x34, 0x52, 0xE0, 0x11, 0xF2, 0x2D
    .byte   0xDE, 0x23,   48, 0x0F, 0x0D, 0xDE, 0x12, 0xED, 0xDD, 0xFE, 0x21, 0xEE, 0xD1, 0x12, 0x23, 0xFE
    .byte   0xF2, 0x21, 0x1F, 0xFE, 0xF2, 0x31, 0x11, 0x10, 0x01, 0xFE, 0xDE, 0xFE, 0xEE, 0x0D, 0xFE, 0x2F
    .byte   0xEE, 0xEE, 0x0F,  -42, 0x0F, 0xEF, 0x12, 0x22, 0x1F, 0x20, 0x01, 0x32, 0x23, 0x32, 0x34, 0x42
    .byte   0xDF, 0xFE, 0xE2, 0x2F, 0xDE, 0x22, 0x22, 0x0F, 0xCE, 0xFF, 0xEE, 0xED, 0xDE, 0x20, 0xFF, 0xFE
    .byte   0x12, 0x32, 0xFF, 0xF1,    0, 0x0F, 0x22, 0x1D, 0x03, 0x21, 0x22, 0x0D, 0xFF, 0xFF, 0xDE, 0xED
    .byte   0xE1, 0xF0, 0xEF, 0xEF, 0xEF, 0xFF, 0xEE, 0x10, 0x21, 0x12, 0x11, 0x20, 0x20, 0x11, 0x23, 0x33
    .byte   0x24, 0x43, 0xE1, 0xED, 0xE1,   43, 0x0F, 0xED, 0x11, 0x22, 0x32, 0xCD, 0xE1, 0xFF, 0xED, 0xCD
    .byte   0x12, 0x22, 0xEF, 0x00, 0x23, 0x21, 0xED, 0xFE, 0x22, 0x20, 0xEF, 0x13, 0x23, 0xFE, 0xED, 0xEF
    .byte   0x0F, 0xED, 0xEE, 0x01, 0x11, 0xEE,  -34, 0x0E, 0x1E, 0xFF, 0xEF, 0x12, 0x21, 0x12, 0x10, 0x11
    .byte   0xF1, 0x23, 0x33, 0x23, 0x54, 0xE0, 0xED, 0xD1, 0x32, 0x1D, 0xDF, 0x03, 0x33, 0xDD, 0xDE, 0xF0
    .byte   0x1E, 0xDC, 0xD1, 0x23, 0xF2, 0xFE, 0x01,    2, 0x02, 0x0F, 0xDE, 0xE1, 0x32, 0x21, 0x0F, 0x12
    .byte   0x22, 0xFE, 0xDD, 0xFF, 0x0E, 0xFE, 0xEE, 0x01, 0x1F, 0xEE, 0xDE, 0xF1, 0x01, 0x10, 0x11, 0x22
    .byte   0x2F, 0x10, 0xE1, 0xF4, 0x32, 0x32, 0x54, 0xF1,   48, 0x0D, 0xC2, 0x33, 0xEE, 0xED, 0x11, 0x43
    .byte   0xED, 0xDD, 0xF0, 0x1F, 0xEC, 0xDE, 0x02, 0x32, 0x1E, 0xEF, 0x30, 0x20, 0xED, 0xD0, 0x23, 0x22
    .byte   0x2F, 0x0E, 0x12, 0x0F, 0xEE, 0xDD, 0x11, 0x10, 0xEF,  -23, 0x0E, 0x0F, 0x1E, 0xDE, 0xEF, 0x12
    .byte   0x22, 0xFF, 0x12, 0x21, 0x20, 0xDE, 0x33, 0x34, 0x23, 0x51, 0xF3, 0xEC, 0xD2, 0x31, 0x11, 0xDE
    .byte   0xE3, 0x33, 0xEE, 0xFC, 0xD0, 0x2E, 0xDD, 0xED, 0x03, 0x23,   10, 0x0F, 0xEE, 0xE1, 0x22, 0xEE
    .byte   0xEE, 0x03, 0x32, 0x0F, 0xEE, 0x11, 0x11, 0xED, 0xEE, 0xFE, 0x2F, 0xEF, 0xFF, 0xE0, 0xFD, 0xEE
    .byte   0x01, 0x22, 0x0F, 0xFF, 0x22, 0x21, 0xFE, 0xE0, 0x34, 0x42, 0x34,   40, 0x0E, 0x3F, 0xDD, 0x13
    .byte   0xD2, 0x20, 0xFE, 0x22, 0x21, 0xF1, 0xDD, 0xEE, 0xED, 0xFE, 0xEE, 0x03, 0x22, 0x10, 0xFD, 0xE1
    .byte   0x10, 0xE2, 0x0E, 0x03, 0x20, 0x21, 0xFF, 0xEF, 0xFE, 0xEF, 0xEE, 0xE0,  -18, 0x0F, 0xF1, 0xFE
    .byte   0xEE, 0xEE, 0xE1, 0x20, 0x1F, 0x10, 0x02, 0x11, 0x01, 0x00, 0x13, 0x33, 0x22, 0x54, 0xE3, 0xED
    .byte   0xCF, 0x3F, 0x32, 0x1E, 0xD1, 0x23, 0x10, 0x1E, 0xCD, 0x0E, 0xDF, 0x0E, 0xEF,   -2, 0x02, 0x2F
    .byte   0x10, 0xDE, 0x1F, 0x0F, 0x12, 0xFF, 0x23, 0x00, 0x2F, 0xEE, 0x0F, 0xEE, 0xFF, 0xEE, 0x00, 0x0E
    .byte   0x1F, 0xEE, 0xEE, 0xEE, 0x00, 0x20, 0x02, 0x01, 0x12, 0x2E, 0xF0, 0xF1, 0x33, 0x33,   17, 0x04
    .byte   0x3F, 0x3D, 0xDD, 0x12, 0x13, 0x20, 0xEE, 0x01, 0x22, 0x21, 0xDD, 0xDE, 0xDE, 0xFF, 0xEF, 0x11
    .byte   0x12, 0x20, 0xEE, 0xEF, 0xE0, 0x21, 0x10, 0x12, 0x02, 0x10, 0xEF, 0xFF, 0xFE, 0xFF, 0xEE,  -14
    .byte   0x0F, 0xF0, 0xFE, 0xEE, 0xEF, 0xEF, 0xF0, 0x20, 0xF0, 0xFF, 0x22, 0x10, 0xFF, 0x01, 0x33, 0x33
    .byte   0x34, 0x22, 0x3E, 0xCE, 0x20, 0xF3, 0x3F, 0xFE, 0xF0, 0x12, 0x21, 0xED, 0xDD, 0xDE, 0x0E, 0xF1
    .byte      1, 0x01, 0x02, 0x0F, 0xEF, 0xFE, 0xF0, 0x10, 0xF1, 0x21, 0x21, 0x20, 0xEE, 0xFF, 0xEF, 0x0E
    .byte   0xE0, 0xFF, 0x00, 0xFF, 0xEE, 0xDE, 0xEE, 0x12, 0x21, 0x20, 0xF0, 0xE0, 0x02, 0x12, 0x22, 0x22
    .byte   0x31,   14, 0x04, 0x23, 0x2D, 0xCE, 0x2F, 0x24, 0x2F, 0xFE, 0xE1, 0x12, 0x31, 0xDE, 0xDC, 0xEE
    .byte   0xEF, 0x01, 0x11, 0x11, 0xFF, 0xE0, 0xEF, 0xF1, 0x0F, 0x01, 0x21, 0x12, 0x10, 0x0E, 0x0E, 0xEF
    .byte   0xFE, 0xFF,  -15, 0x00, 0x00, 0xFE, 0xEE, 0xEE, 0xEF, 0x11, 0x1F, 0x2F, 0x01, 0x10, 0x00, 0x11
    .byte   0x23, 0x23, 0x33, 0x41, 0x32, 0xED, 0xD2, 0x01, 0x32, 0x21, 0xE0, 0xF0, 0x22, 0x1E, 0xDE, 0xDD
    .byte   0xDF, 0xFF, 0x12,    4, 0x00, 0x20, 0xEE, 0xFF, 0xEF, 0x0F, 0xF0, 0x22, 0x02, 0x20, 0xFF, 0xFE
    .byte   0xEF, 0xFE, 0xE0, 0x00, 0x10, 0xFE, 0xEE, 0xEE, 0xF0, 0xEF, 0x0F, 0xF0, 0x10, 0x02, 0x00, 0x22
    .byte   0x11, 0x32, 0x22, 0x44,   29, 0x03, 0x3D, 0xDD, 0x1F, 0x24, 0x21, 0x0E, 0xFE, 0x12, 0x22, 0xD0
    .byte   0xDC, 0xED, 0xFF, 0xF2, 0x10, 0x2F, 0x0E, 0xFE, 0xEF, 0xF0, 0x11, 0x02, 0x01, 0x20, 0x0F, 0xF0
    .byte   0xE0, 0xFE, 0xEE, 0x00, 0xF1,  -15, 0x00, 0xEE, 0xEE, 0xEE, 0x01, 0x00, 0xE2, 0x0E, 0x22, 0x01
    .byte   0x11, 0xF2, 0x22, 0x33, 0x24, 0x33, 0x3E, 0xDD, 0x0F, 0x03, 0x31, 0x10, 0xFE, 0x11, 0x21, 0x0E
    .byte   0xED, 0xCE, 0xEE, 0xF0, 0x21, 0x02,    8, 0x0E, 0xEF, 0xEE, 0x01, 0x01, 0x12, 0x01, 0x11, 0x10
    .byte   0x11, 0xEE, 0xEF, 0xEE, 0x2F, 0x10, 0xFE, 0x0E, 0xEF, 0xEE, 0xFF, 0xE1, 0x00, 0x01, 0xF2, 0xF2
    .byte   0x1F, 0x21, 0x13, 0x23, 0x14, 0x41, 0x32,   36, 0x0D, 0xE1, 0xE3, 0x32, 0x2F, 0xFE, 0xE2, 0x12
    .byte   0x0E, 0xED, 0xDD, 0xEE, 0xE2, 0x02, 0x01, 0x0E, 0x0E, 0xEF, 0xF0, 0xF0, 0x20, 0x20, 0x02, 0xFF
    .byte   0xFF, 0xFF, 0x1E, 0xE0, 0xEF, 0xE1, 0x1F, 0x0E,  -25, 0x0E, 0xEE, 0x00, 0x10, 0xFE, 0xF0, 0xF1
    .byte   0x22, 0x22, 0x0E, 0xF3, 0x22, 0x33, 0x43, 0xF4, 0xED, 0xD1, 0xFE, 0x43, 0xE2, 0x0F, 0xE0, 0x21
    .byte   0x10, 0xEE, 0xDC, 0xEE, 0xFF, 0x01, 0x0F, 0x21, 0xFE,    0, 0x0E, 0xEF, 0x11, 0x01, 0x21, 0x02
    .byte   0x11, 0x0F, 0xFE, 0xEF, 0xFF, 0x0F, 0x0E, 0xFF, 0xEF, 0x0E, 0xEE, 0xE0, 0xE0, 0x10, 0xF0, 0x0F
    .byte   0x02, 0x10, 0x22, 0xFF, 0x32, 0x23, 0x24, 0x32, 0x32, 0xDD,   22, 0x02, 0xE3, 0x31, 0x10, 0x1F
    .byte   0xE2, 0x11, 0xFE, 0xED, 0xDD, 0xFE, 0xF0, 0x11, 0xF1, 0x1F, 0xEF, 0xFE, 0xFF, 0x10, 0x02, 0x02
    .byte   0x01, 0x20, 0xFF, 0x0E, 0xEE, 0x1F, 0xE0, 0xF0, 0x0F, 0xEF, 0xFE,  -29, 0x0E, 0xEF, 0xFF, 0x01
    .byte   0x10, 0x1F, 0x01, 0xF1, 0x20, 0x22, 0x31, 0x33, 0x14, 0x31, 0x31, 0xDE, 0xE1, 0xF3, 0x30, 0x11
    .byte   0xEF, 0x12, 0x02, 0xFD, 0xED, 0xDE, 0xEE, 0xF0, 0x10, 0xF2, 0xFF, 0xEF,   -3, 0x0E, 0xF1, 0xF1
    .byte   0x02, 0x10, 0x21, 0x10, 0x0F, 0x0E, 0xEE, 0x1E, 0x0F, 0xF0, 0x0F, 0xFE, 0xEE, 0xEE, 0xFF, 0xF0
    .byte   0x1F, 0xF1, 0xFF, 0x21, 0x12, 0x11, 0x12, 0x22, 0x32, 0x34, 0x31, 0x30, 0xDD,   22, 0x01, 0x03
    .byte   0x30, 0x1F, 0xFE, 0x02, 0x2F, 0x0E, 0xDD, 0xDE, 0xEF, 0xE2, 0x0F, 0x11, 0x0E, 0xF1, 0xE0, 0x11
    .byte   0xF0, 0xF0, 0x20, 0x21, 0x01, 0xE0, 0xFF, 0x00, 0xEE, 0xFE, 0xFF, 0x0E, 0xF0, 0xEF,  -30, 0x0F
    .byte   0xEE, 0xF0, 0x01, 0x00, 0x11, 0x02, 0x00, 0x21, 0x11, 0x32, 0x23, 0x13, 0x41, 0x32, 0xED, 0xE1
    .byte   0xE2, 0x41, 0xF0, 0x0E, 0xE2, 0x21, 0x0F, 0xED, 0xDD, 0xEF, 0xFE, 0x20, 0xF1, 0x2F, 0xEF,   -1
    .byte   0x0E, 0x01, 0x1F, 0x10, 0x10, 0x21, 0x11, 0x0F, 0xFF, 0xEF, 0xFE, 0xFF, 0xFE, 0xF0, 0xFE, 0xFF
    .byte   0xEE, 0xEF, 0xE0, 0x11, 0x00, 0x00, 0x11, 0x21, 0x11, 0x10, 0xF3, 0x32, 0x31, 0x34, 0xF3, 0x2D
    .byte     25, 0x0E, 0x2E, 0x24, 0x01, 0x0E, 0xFE, 0x21, 0x20, 0xEE, 0xDD, 0xEE, 0xEE, 0x02, 0x0F, 0x01
    .byte   0xFE, 0xFF, 0xE1, 0x11, 0x10, 0x11, 0x01, 0x20, 0x10, 0x0F, 0xEF, 0xFF, 0xEF, 0xFF, 0xE0, 0xFE
    .byte   0xE1,  -24, 0x0E, 0x0F, 0xEE, 0xFE, 0xF1, 0x20, 0x12, 0x11, 0x2F, 0x00, 0xF2, 0x23, 0x13, 0x31
    .byte   0x42, 0x13, 0xED, 0xE1, 0x11, 0x33, 0xF1, 0xFE, 0xEF, 0x22, 0x1F, 0xED, 0xDD, 0xE0, 0xFE, 0x21
    .byte   0xFF, 0x01,    1, 0x0F, 0x0F, 0xFF, 0x1F, 0x0F, 0x02, 0x02, 0x10, 0xFF, 0x00, 0xEF, 0xF0, 0xFE
    .byte   0xFF, 0xEE, 0xF0, 0xE0, 0x0E, 0xEF, 0xFF, 0xF0, 0x01, 0x0E, 0x00, 0xF1, 0x32, 0x22, 0x2E, 0xE2
    .byte   0x23, 0x23, 0x42,   29, 0x03, 0xED, 0xE0, 0x2F, 0x33, 0xF0, 0xEE, 0xF0, 0x12, 0x2E, 0xEE, 0xEC
    .byte   0xEF, 0xFF, 0xF2, 0x0E, 0x11, 0xFF, 0x00, 0xFE, 0x01, 0x00, 0x12, 0x10, 0x11, 0x0F, 0x10, 0xEF
    .byte   0xE0, 0x0E, 0x10, 0xEE,  -19, 0x00, 0xE0, 0x01, 0xEE, 0xEF, 0xEF, 0x20, 0x10, 0xF1, 0x10, 0x12
    .byte   0x21, 0x12, 0x01, 0x22, 0x32, 0x24, 0x30, 0x20, 0xDD, 0x12, 0x13, 0x3F, 0xFE, 0xEF, 0x11, 0x22
    .byte   0xFD, 0xED, 0xDD, 0x21, 0xFF,    3, 0x0F, 0xE0, 0x11, 0x00, 0x0F, 0xEE, 0x10, 0x12, 0x22, 0xF0
    .byte   0x11, 0x10, 0x0F, 0xEE, 0x1F, 0xFF, 0x0E, 0xE0, 0xEF, 0x00, 0xE0, 0xEE, 0xEE, 0x0F, 0x01, 0x10
    .byte   0xF1, 0x2F, 0x22, 0x2F, 0x00, 0x2F,  -13, 0x03, 0x22, 0x23, 0x3F, 0x32, 0xDD, 0xF2, 0x02, 0x32
    .byte   0xFE, 0xEF, 0xF1, 0x22, 0xEE, 0xDE, 0xDE, 0x02, 0xFE, 0xFF, 0xFF, 0x03, 0x0F, 0xEF, 0xEE, 0x02
    .byte   0x2F, 0x02, 0xFF, 0x02, 0x21, 0xF0, 0xEE,   -4, 0x0F, 0x0F, 0x01, 0xFE, 0xEE, 0xE0, 0x0F, 0x1E
    .byte   0xEE, 0xE1, 0x02, 0x00, 0x0F, 0x11, 0x12, 0x20, 0x21, 0x21, 0xF1, 0x32, 0x22, 0x34, 0xEE, 0x2E
    .byte   0xEE, 0x22, 0x20, 0x21, 0xEE, 0x12, 0x2E, 0x0F,   23, 0x0D, 0xEF, 0x0E, 0xFF, 0xFE, 0xE2, 0x21
    .byte   0x2F, 0x0E, 0xE0, 0xF2, 0x01, 0x00, 0xF0, 0x12, 0x22, 0x0E, 0xFE, 0xEF, 0x0F, 0xFF, 0xEE, 0xE0
    .byte   0x1F, 0xFF, 0xEE, 0xEF, 0xFF, 0xF1, 0x0E, 0x00, 0x20,  -30, 0x02, 0x11, 0x00, 0x12, 0x12, 0x2F
    .byte   0x32, 0x20, 0x34, 0xF0, 0x1E, 0xDF, 0x22, 0x21, 0x10, 0xEF, 0xF3, 0x0F, 0x0E, 0xDD, 0xF0, 0x0F
    .byte   0xFE, 0xEE, 0xF2, 0x22, 0x01, 0xEE, 0xF1, 0x11, 0x11, 0x0F,    1, 0x01, 0x22, 0x11, 0x1E, 0xEF
    .byte   0xFF, 0xFF, 0x0E, 0xEF, 0xE0, 0x10, 0xFE, 0xEE, 0xEF, 0x01, 0x0F, 0x0E, 0xE0, 0x21, 0x02, 0x20
    .byte   0x10, 0x11, 0x03, 0x12, 0x31, 0x20, 0x13, 0x31, 0x2F, 0xDE, 0xF2,   26, 0x02, 0x0F, 0xEE, 0xF2
    .byte   0x30, 0xEE, 0xDD, 0xF0, 0x21, 0xEF, 0xED, 0x02, 0x32, 0xFE, 0xFE, 0xE2, 0x3F, 0xFE, 0xFE, 0xF3
    .byte   0x32, 0xFF, 0xEE, 0xE0, 0x2F, 0xEE, 0xEF, 0xE0, 0x20, 0xEE, 0xEE, 0xE1,  -22, 0x0F, 0xEE, 0xF0
    .byte   0xF1, 0x20, 0xEE, 0x02, 0x22, 0x10, 0xFF, 0x23, 0x22, 0xE2, 0x22, 0x02, 0x42, 0xD1, 0x2E, 0xEF
    .byte   0x32, 0xEE, 0x12, 0xE1, 0x23, 0xED, 0xEF, 0xEE, 0xF2, 0x0D, 0xE0, 0x2E, 0x22,   10, 0x0E, 0xE0
    .byte   0x2F, 0x02, 0x2D, 0xEF, 0x22, 0x03, 0x1E, 0xEF, 0x21, 0x0F, 0xEF, 0xDE, 0x12, 0x0E, 0xEE, 0xEE
    .byte   0x22, 0xEE, 0xEF, 0x0E, 0x12, 0xEE, 0xE2, 0x1F, 0x12, 0x21, 0x02, 0x2E, 0x12, 0x2E,  -11, 0x02
    .byte   0x32, 0xF3, 0x30, 0xE0, 0x2E, 0xE2, 0x12, 0xEE, 0x22, 0x0E, 0x30, 0xED, 0x01, 0xEF, 0xF1, 0xED
    .byte   0x12, 0x11, 0xF2, 0xFE, 0xF2, 0x2E, 0x0F, 0xFE, 0xF2, 0x30, 0xE1, 0xE1, 0x02, 0x2E, 0xEE,   -1
    .byte   0x00, 0xF0, 0x2E, 0xDF, 0xFF, 0x10, 0x0E, 0xEE, 0xF1, 0x0F, 0x0E, 0x0E, 0x02, 0x1F, 0x11, 0x20
    .byte   0x22, 0x0F, 0x02, 0x10, 0x23, 0x2F, 0x03, 0x3F, 0xFF, 0x0E, 0xF2, 0x2F, 0xEF, 0x21, 0xF2, 0x2F
    .byte     17, 0x0E, 0x11, 0xF0, 0xE0, 0xDF, 0x22, 0x0F, 0x1F, 0xF1, 0x22, 0xEF, 0xEF, 0x01, 0x22, 0xEE
    .byte   0x00, 0x22, 0x21, 0xED, 0xFF, 0xF1, 0xFE, 0xED, 0x12, 0x2E, 0xFE, 0xEE, 0xF2, 0x0E, 0xEE, 0x0F
    .byte   0x11,  -28, 0x0F, 0xE1, 0x12, 0x12, 0x10, 0x02, 0x02, 0x2E, 0x22, 0x22, 0xE3, 0x31, 0xE1, 0x01
    .byte   0xE2, 0x20, 0xEE, 0x23, 0xFF, 0x20, 0xDE, 0x22, 0xED, 0x0E, 0xFF, 0x12, 0x0F, 0xE1, 0x20, 0x21
    .byte   0xFE, 0xE1,    7, 0x01, 0x11, 0x0E, 0xF0, 0x22, 0x21, 0xEE, 0x00, 0x1E, 0xEE, 0xEE, 0xE2, 0x10
    .byte   0xEF, 0xFF, 0x1F, 0x0E, 0xD0, 0x1F, 0xFF, 0x0F, 0xF0, 0x22, 0x1F, 0x21, 0xF0, 0x12, 0x11, 0x11
    .byte   0x22, 0x22, 0x22,   16, 0x00, 0x1F, 0xF0, 0x02, 0x0E, 0xF2, 0x12, 0xF0, 0x1E, 0xF1, 0x0F, 0xEE
    .byte   0xF0, 0xEF, 0x20, 0xE0, 0x12, 0x00, 0x10, 0xE0, 0x02, 0x0F, 0xE0, 0xFF, 0x22, 0x1E, 0x02, 0x11
    .byte   0x0E, 0xEE, 0xEE, 0x1F,   -8, 0x0F, 0xFF, 0xF1, 0x10, 0xEE, 0x0E, 0x0E, 0x00, 0xEF, 0x10, 0x01
    .byte   0x22, 0x0F, 0x01, 0x02, 0x10, 0x10, 0x22, 0x30, 0xF1, 0x32, 0xFF, 0x10, 0xF0, 0x21, 0xEE, 0x22
    .byte   0x2F, 0xFF, 0xFF, 0x11, 0xFE,    8, 0x0F, 0x10, 0xFF, 0xFE, 0x22, 0x10, 0xFF, 0x11, 0x21, 0xEE
    .byte   0x01, 0x1F, 0x01, 0x10, 0x02, 0x10, 0xEF, 0xFF, 0xEE, 0x1F, 0xEE, 0x00, 0xF0, 0x1F, 0xEE, 0xF1
    .byte   0x0E, 0xEF, 0xF0, 0x10, 0xFF, 0x01,  -23, 0x01, 0x0F, 0x01, 0x10, 0x22, 0x1F, 0x12, 0x22, 0xF2
    .byte   0x31, 0xE0, 0x21, 0x0F, 0x01, 0xFE, 0x22, 0x2E, 0xF2, 0x1F, 0xEF, 0x1E, 0xE0, 0x1F, 0xEE, 0x22
    .byte   0x0E, 0x12, 0xF0, 0x12, 0xFE, 0xF2, 0xFE,    4, 0x02, 0x1E, 0xE2, 0x31, 0x00, 0x1E, 0xEF, 0x10
    .byte   0xDE, 0x11, 0xFF, 0x10, 0xEF, 0x01, 0xDE, 0x01, 0xFF, 0xE0, 0x1F, 0x12, 0xFE, 0xF1, 0x21, 0xF1
    .byte   0x0F, 0x22, 0x2F, 0xE2, 0x32, 0xE1, 0x23, 0x0F,   11, 0x01, 0x10, 0x11, 0xFE, 0x12, 0x2F, 0xE2
    .byte   0x10, 0xFF, 0x0E, 0xE1, 0x1F, 0xEF, 0x11, 0x0F, 0x00, 0x11, 0x10, 0xFF, 0x01, 0x00, 0xF1, 0xE1
    .byte   0x22, 0xFE, 0x02, 0x2E, 0xFE, 0x1E, 0xF0, 0xFE, 0xEF,   -4, 0x01, 0xEE, 0x00, 0xFF, 0xFF, 0xEE
    .byte   0xF0, 0x0F, 0xF0, 0x11, 0x02, 0xFF, 0xF1, 0x20, 0xF0, 0x21, 0x12, 0x22, 0xF1, 0x23, 0xFF, 0x00
    .byte   0x20, 0x0F, 0xFF, 0x02, 0x2F, 0xEF, 0x21, 0x0E, 0xFE, 0x11,    9, 0x0E, 0xEF, 0x12, 0x1F, 0xE0
    .byte   0x13, 0x1E, 0xE1, 0x21, 0xFF, 0xFF, 0x02, 0x20, 0xEE, 0x22, 0x0E, 0xFF, 0xF0, 0xFF, 0xEE, 0x21
    .byte   0xFE, 0xE1, 0x0E, 0xFE, 0xFE, 0x00, 0x10, 0xE1, 0x11, 0x00, 0xE0,  -23, 0x01, 0x10, 0xF0, 0x21
    .byte   0x21, 0xF1, 0x12, 0x20, 0xF3, 0x20, 0xF1, 0x20, 0xF0, 0x10, 0xE0, 0x22, 0xFF, 0x02, 0xFE, 0x00
    .byte   0xFF, 0xEF, 0x0F, 0xE1, 0x11, 0xF1, 0x11, 0xF0, 0x11, 0xF0, 0x10, 0xFF,    7, 0x01, 0x00, 0x02
    .byte   0xFF, 0x01, 0x0F, 0x0E, 0x00, 0xFF, 0xEF, 0x01, 0xFE, 0xEF, 0x1F, 0xEF, 0xFF, 0xFF, 0x0E, 0x01
    .byte   0x10, 0xE0, 0x12, 0xE1, 0xF2, 0x1F, 0x22, 0xFF, 0x22, 0x2F, 0x02, 0x30, 0xE1,   11, 0x02, 0xE0
    .byte   0x10, 0xFF, 0x22, 0xEE, 0x22, 0x1E, 0xE1, 0x2E, 0xEF, 0x1F, 0xE1, 0x10, 0xFE, 0x22, 0x0E, 0x11
    .byte   0x1F, 0xF1, 0x1E, 0x02, 0x2E, 0xF1, 0x22, 0xEE, 0x20, 0x0E, 0x00, 0xEF, 0x00, 0xFE,   -4, 0x02
    .byte   0xFE, 0xEF, 0x0F, 0xEF, 0xE0, 0xF0, 0x0F, 0xF1, 0x10, 0xFF, 0x01, 0x11, 0x00, 0x12, 0x02, 0x11
    .byte   0x20, 0x13, 0x2E, 0x01, 0x22, 0x0E, 0xF0, 0x20, 0x1F, 0xF1, 0x21, 0xEE, 0x02, 0x1E, 0xEF,    4
    .byte   0x01, 0x2F, 0xEE, 0x12, 0x2F, 0xE0, 0x02, 0x00, 0xEF, 0x02, 0x1F, 0xFF, 0x12, 0x10, 0xFE, 0x21
    .byte   0xFE, 0xE0, 0x20, 0xEF, 0x01, 0x0F, 0xEE, 0x11, 0xFE, 0xEF, 0x00, 0x0E, 0x01, 0x0F, 0xF0, 0xF1
    .byte    -19, 0x00, 0xFF, 0xF2, 0x11, 0x11, 0x12, 0x20, 0xF2, 0x22, 0xF1, 0x12, 0xFF, 0x11, 0x1F, 0x01
    .byte   0x11, 0x00, 0x10, 0xF0, 0x0F, 0xEF, 0x00, 0xFF, 0x0F, 0xF1, 0x10, 0xFF, 0x01, 0x0F, 0xF0, 0x11
    .byte   0x0F,    0, 0x02, 0x21, 0xE0, 0x22, 0xFE, 0xF0, 0x1F, 0xFE, 0xF1, 0x10, 0xFE, 0x01, 0x1E, 0xEE
    .byte   0x11, 0xFE, 0xE1, 0x10, 0xFE, 0x01, 0x11, 0x0E, 0x11, 0x20, 0xE2, 0x12, 0x01, 0x21, 0x02, 0x22
    .byte   0x0E, 0x22,   12, 0x0E, 0xF2, 0x11, 0xF0, 0x11, 0x11, 0xFF, 0xF0, 0x1F, 0xEF, 0x01, 0x00, 0xE1
    .byte   0x00, 0x00, 0xE1, 0x11, 0xFF, 0xF1, 0x1F, 0xF1, 0x10, 0x00, 0x12, 0x0E, 0x02, 0x1F, 0xE0, 0x10
    .byte   0x0E, 0x00, 0x01,    0, 0x0F, 0xE0, 0x0F, 0xEE, 0x11, 0xFE, 0xE1, 0x12, 0xEE, 0x01, 0x20, 0xEF
    .byte   0x21, 0x11, 0xF0, 0x22, 0x11, 0x02, 0x22, 0xE0, 0x22, 0x1E, 0x11, 0x11, 0x10, 0x00, 0x20, 0x1E
    .byte   0xF2, 0xFF, 0xE0, 0x10,    9, 0x0F, 0xFF, 0x01, 0x00, 0xE0, 0x12, 0xEF, 0xF0, 0x2F, 0xFF, 0xF0
    .byte   0x20, 0xFF, 0x02, 0x10, 0xEF, 0x20, 0xFE, 0xF0, 0x2F, 0xFE, 0xF2, 0xFE, 0xEF, 0xFF, 0x0E, 0xE1
    .byte   0x11, 0xFE, 0xF1, 0x10, 0x0E,  -22, 0x02, 0x00, 0xF0, 0x21, 0x02, 0x01, 0x20, 0x22, 0xF0, 0x12
    .byte   0x1F, 0x00, 0x20, 0x01, 0x00, 0x21, 0x0E, 0x01, 0x1E, 0xE1, 0x10, 0xFF, 0x01, 0xFF, 0x0F, 0xF0
    .byte   0x1F, 0x0E, 0x12, 0xFF, 0xF0, 0x11,    4, 0x0F, 0x10, 0x2F, 0xFF, 0x10, 0x2E, 0xFF, 0x10, 0x0E
    .byte   0x01, 0x1F, 0xEF, 0xF0, 0xFE, 0xFF, 0xE1, 0x0E, 0xF1, 0x10, 0xE0, 0x11, 0x0F, 0x10, 0x10, 0x12
    .byte   0x00, 0x12, 0x10, 0x22, 0x10, 0x12, 0x1F,    6, 0x01, 0x20, 0xF0, 0x21, 0xF0, 0x00, 0xFF, 0x10
    .byte   0xEF, 0x1F, 0x0F, 0xF0, 0x00, 0xFF, 0xF0, 0x00, 0xFF, 0x10, 0x01, 0xFF, 0x11, 0x0F, 0x01, 0x2F
    .byte   0xF1, 0x11, 0xFF, 0x10, 0xE1, 0x00, 0xFF, 0xF0,    1, 0x0F, 0xE0, 0x0E, 0x0F, 0x0E, 0x0F, 0xFF
    .byte   0xFF, 0xF1, 0x0F, 0x00, 0x11, 0x00, 0x11, 0x11, 0x02, 0x11, 0x12, 0x11, 0x02, 0x11, 0x0F, 0x12
    .byte   0x0F, 0x2F, 0x01, 0x10, 0xFF, 0x11, 0xFE, 0xF0, 0x10,    7, 0x00, 0x10, 0xF1, 0x0E, 0xF1, 0x10
    .byte   0xE0, 0x2F, 0x0F, 0xF2, 0x1E, 0x1F, 0x11, 0x01, 0x0F, 0x01, 0x0F, 0xF0, 0x1F, 0x0E, 0x01, 0xFF
    .byte   0xFF, 0xF0, 0xFE, 0xFF, 0xFF, 0xFF, 0xF0, 0x00, 0xF0, 0x10,  -16, 0x00, 0xF1, 0x01, 0x10, 0x10
    .byte   0x12, 0x10, 0x12, 0x2F, 0x01, 0x20, 0xF1, 0x11, 0x11, 0x01, 0x11, 0x00, 0xF0, 0x10, 0xFE, 0xF1
    .byte   0x1F, 0xFF, 0x11, 0xFF, 0xF0, 0xF0, 0x00, 0xE0, 0x20, 0xFF, 0x11,    4, 0x0F, 0x11, 0x0F, 0x01
    .byte   0x01, 0x0F, 0x10, 0xFF, 0x0F, 0xF0, 0x0F, 0xF0, 0x0E, 0x0F, 0xF0, 0xE0, 0xE1, 0x0F, 0xFF, 0x01
    .byte   0x00, 0xF0, 0x00, 0x10, 0xF1, 0x11, 0x10, 0x10, 0x2F, 0x22, 0x0F, 0x20,    6, 0x00, 0xF0, 0x20
    .byte   0x00, 0x01, 0x11, 0x1F, 0xF0, 0x10, 0xE0, 0x01, 0x10, 0xE0, 0x11, 0xFF, 0xFF, 0x01, 0x0F, 0xF0
    .byte   0x01, 0xF0, 0x01, 0x00, 0xF0, 0x11, 0x1F, 0xF1, 0x01, 0xFF, 0xF1, 0x10, 0xEF,    0, 0x01, 0x0E
    .byte   0x00, 0xFF, 0x0E, 0xFF, 0x00, 0xFE, 0x11, 0x0F, 0xF1, 0x10, 0xF1, 0x00, 0x11, 0x10, 0xF1, 0x20
    .byte   0x01, 0x21, 0x01, 0x12, 0x0E, 0x21, 0x1F, 0x11, 0x10, 0x11, 0x00, 0xF0, 0x1F, 0xFF,    9, 0x00
    .byte   0x0F, 0xF1, 0x0F, 0x01, 0xFF, 0x0F, 0x0F, 0xF1, 0x00, 0xF1, 0x01, 0xF1, 0x0F, 0x01, 0x0F, 0x00
    .byte   0x01, 0xFF, 0xF1, 0x0F, 0xFF, 0x0F, 0xFF, 0xFF, 0xFF, 0xFF, 0xFF, 0xF0, 0xFF, 0xF0, 0x10,  -15
    .byte   0x00, 0x00, 0x10, 0x01, 0x10, 0x11, 0x11, 0x02, 0x11, 0x01, 0x12, 0x0F, 0x11, 0x10, 0x11, 0x01
    .byte   0xF2, 0xFF, 0x0F, 0x1F, 0xFF, 0x10, 0x00, 0xF1, 0xF1, 0x0F, 0xFF, 0xF1, 0xFF, 0xF1, 0x1F, 0x0F
    .byte      3, 0x01, 0x0F, 0xF0, 0x00, 0x11, 0xF1, 0x00, 0x1F, 0xFF, 0x0F, 0x0F, 0xF0, 0x0F, 0xF0, 0xFF
    .byte   0xFF, 0xFF, 0xFF, 0xF0, 0xF1, 0x0F, 0x01, 0xF1, 0x00, 0xF0, 0x11, 0x11, 0x00, 0x21, 0x11, 0x01
    .byte   0x20,    4, 0x0F, 0x11, 0x11, 0xF0, 0x02, 0x00, 0x1F, 0x01, 0xFF, 0x0F, 0x01, 0xF0, 0xF0, 0x1F
    .byte   0x0F, 0xFF, 0x1F, 0x0F, 0x00, 0x1F, 0x00, 0xF0, 0x01, 0xF0, 0xF1, 0x10, 0x0F, 0x10, 0x1F, 0xFF
    .byte   0x01, 0xFF,   -2, 0x00, 0x00, 0x00, 0xE0, 0x0F, 0xF0, 0xFF, 0xF1, 0x0F, 0xF1, 0xF1, 0xF0, 0x01
    .byte   0x01, 0x1F, 0x10, 0x2F, 0x11, 0x11, 0x11, 0x11, 0x01, 0x11, 0x00, 0x11, 0x01, 0x10, 0x01, 0xF1
    .byte   0xFF, 0xF1, 0x00,    8, 0x00, 0x00, 0xF1, 0xFF, 0xFF, 0x1F, 0x0F, 0x0F, 0x01, 0xF0, 0xF0, 0x01
    .byte   0xF0, 0xF1, 0x10, 0x0F, 0x00, 0x00, 0xF0, 0x00, 0x00, 0x0F, 0xF1, 0xFF, 0xFF, 0xFF, 0x0F, 0x0F
    .byte   0xF1, 0xF0, 0xF1, 0xF0,  -10, 0x00, 0x10, 0x00, 0x10, 0x10, 0x11, 0x11, 0x01, 0x02, 0x01, 0x00
    .byte   0x11, 0xF1, 0x11, 0x00, 0x2F, 0x0E, 0x20, 0xFF, 0xF0, 0x1F, 0x01, 0xF0, 0xF0, 0x00, 0xFF, 0x0F
    .byte   0x0F, 0x0F, 0x1F, 0x01, 0xF0,    0, 0x00, 0x1F, 0x01, 0xF1, 0x00, 0x0F, 0x00, 0x10, 0xFF, 0x0F
    .byte   0x1F, 0x0F, 0xFF, 0x10, 0xFF, 0xF0, 0x00, 0x00, 0xF0, 0x10, 0x0F, 0x00, 0x11, 0xF0, 0x00, 0x01
    .byte   0x11, 0x11, 0x01, 0x02, 0xF0, 0x01,    4, 0x00, 0x10, 0x10, 0x00, 0x10, 0xF1, 0x1F, 0x1F, 0xF0
    .byte   0x00, 0x00, 0x0F, 0xF1, 0xF1, 0xE1, 0x10, 0xF0, 0xF1, 0xFF, 0x10, 0x0F, 0x01, 0x00, 0xF0, 0x00
    .byte   0x01, 0x0F, 0x01, 0xF0, 0x0F, 0x0F, 0x0F,   -3, 0x0F, 0x1F, 0xF1, 0x0F, 0x00, 0x00, 0x0F, 0x01
    .byte   0xF0, 0x01, 0x00, 0xF0, 0x10, 0x01, 0x00, 0x11, 0x10, 0x01, 0x11, 0x0F, 0x11, 0x00, 0x10, 0x01
    .byte   0x01, 0xF0, 0x01, 0x00, 0x0F, 0xF1, 0x00, 0xFF,    3, 0x00, 0x01, 0xFF, 0x0F, 0x00, 0x00, 0xF0
    .byte   0x10, 0xF0, 0x00, 0x10, 0xFF, 0x10, 0xF1, 0x0F, 0x00, 0x11, 0x0F, 0xF0, 0x01, 0xF0, 0xFF, 0x01
    .byte   0x0F, 0xF1, 0x00, 0x0F, 0xFF, 0x01, 0x10, 0xF1, 0x01,   -3, 0x00, 0x1F, 0x0F, 0x11, 0x01, 0xF1
    .byte   0x11, 0x00, 0x00, 0x11, 0xF0, 0x01, 0x01, 0x1F, 0x1F, 0x00, 0x10, 0x0F, 0xF1, 0xF0, 0xF1, 0xFF
    .byte   0x11, 0x0F, 0xFF, 0x00, 0x1F, 0x0F, 0x00, 0x01, 0xF0, 0xF0,   -2, 0x01, 0x0F, 0x01, 0x11, 0x0F
    .byte   0xF0, 0x11, 0x0F, 0xF0, 0x01, 0x1F, 0xFF, 0x11, 0x00, 0xFE, 0x11, 0x11, 0x0E, 0x01, 0x2F, 0x1E
    .byte   0x10, 0x02, 0x0E, 0x00, 0x12, 0xFF, 0xF0, 0x02, 0x0F, 0xFF, 0x01,    5, 0x00, 0xEF, 0x00, 0x20
    .byte   0x0E, 0x00, 0x02, 0xF0, 0xE0, 0x11, 0x1F, 0xFF, 0x0F, 0x2F, 0xF0, 0x10, 0x00, 0xF0, 0xF1, 0x10
    .byte   0x0F, 0x1E, 0x2F, 0x10, 0xF0, 0x00, 0x10, 0xF0, 0x1F, 0x1F, 0x0F, 0x01,    0, 0x01, 0xF0, 0xF0
    .byte   0xF1, 0x1F, 0x0F, 0x00, 0x11, 0xF1, 0xF1, 0xF1, 0x00, 0xF0, 0x0F, 0x2F, 0x01, 0xE0, 0x2F, 0x0F
    .byte   0x1E, 0x2F, 0x11, 0xE1, 0xF2, 0x01, 0xFE, 0x10, 0xF2, 0xFF, 0xFF, 0x2F, 0x1E,   -1, 0x00, 0x10
    .byte   0x1F, 0xF0, 0xF2, 0xE2, 0xFF, 0xE2, 0x00, 0x10, 0xE2, 0xFF, 0x2E, 0x2E, 0x02, 0xE2, 0xF0, 0xE2
    .byte   0xE2, 0x00, 0x0E, 0x2E, 0x2E, 0x2E, 0x02, 0x01, 0xE1, 0xE2, 0x2E, 0x2D, 0x20, 0xF3,   -5, 0x03
    .byte   0xD1, 0x2E, 0x4C, 0x2F, 0xF3, 0xD3, 0xDF, 0x2E, 0x3E, 0xE1, 0xE2, 0x3D, 0x2D, 0x12, 0x12, 0xFE
    .byte   0xE0, 0x22, 0x00, 0xD2, 0xE3, 0xF0, 0x2C, 0x3F, 0x21, 0xFE, 0xE2, 0x12, 0xF1, 0xD1, 0x2F,    9
    .byte   0x0D, 0xFF, 0xE3, 0xE3, 0xD0, 0xFE, 0x4C, 0x4C, 0x2F, 0xE4, 0xC4, 0xC3, 0xD3, 0x2D, 0x4B, 0x4D
    .byte   0x23, 0xD3, 0xC4, 0xC4, 0xFD, 0x3C, 0x3E, 0x3E, 0x2D, 0x2F, 0xF3, 0xEE, 0xE3, 0xD4, 0xD0, 0xEF
    .byte     -2, 0x0F, 0x3D, 0x2F, 0xE2, 0x01, 0x1E, 0x00, 0xF3, 0xEE, 0x2D, 0x21, 0x2E, 0x2D, 0xF4, 0xC4
    .byte   0xD1, 0xEE, 0x4C, 0x4C, 0x3F, 0xE3, 0xD4, 0xC2, 0x0D, 0x4D, 0x22, 0xC4, 0xC3, 0x3D, 0x3C, 0x4C
    .byte   0x30,   -4, 0x04, 0xB5, 0xCF, 0x4C, 0x3E, 0xE1, 0x21, 0xE3, 0xD2, 0xE1, 0x2F, 0xE1, 0xFE, 0x4C
    .byte   0x4D, 0xFE, 0x22, 0xD3, 0xD3, 0xD3, 0xE0, 0x2D, 0x3D, 0x3D, 0x3D, 0x3F, 0xE1, 0xE3, 0xD3, 0xEF
    .byte   0xF2, 0xD3,    1, 0x0E, 0x2D, 0x3F, 0x01, 0xFE, 0x3D, 0x3D, 0x3D, 0x21, 0xD4, 0xC4, 0xDE, 0x3D
    .byte   0x31, 0xD3, 0xD1, 0x02, 0xE2, 0xFF, 0xF2, 0xF0, 0xFE, 0x2D, 0x4D, 0x2E, 0x3C, 0x32, 0xD4, 0xC3
    .byte   0xD3, 0xEF, 0x2E,    2, 0x0D, 0x30, 0xD4, 0xDE, 0x3C, 0x4D, 0x3E, 0xE3, 0xC5, 0xB4, 0xED, 0x4C
    .byte   0x3D, 0x3E, 0xF3, 0xC4, 0xD2, 0xFF, 0x1E, 0x20, 0x10, 0x0E, 0x20, 0x1E, 0x2E, 0xF2, 0xE2, 0xFE
    .byte   0x2E, 0x3D, 0x3D, 0x21,  -10, 0x05, 0xB4, 0xEE, 0x1E, 0x3E, 0x11, 0xD3, 0xD3, 0x2D, 0x3C, 0x4C
    .byte   0x4F, 0xD3, 0xD3, 0xD3, 0xEF, 0x1E, 0x2F, 0x02, 0xD2, 0x2D, 0x4D, 0xE3, 0xC4, 0xEE, 0x2E, 0x2D
    .byte   0x4C, 0x4D, 0xF2, 0xD3, 0xE2,   -2, 0x01, 0x0F, 0x1F, 0x21, 0xE3, 0xC3, 0x1E, 0x3C, 0x4C, 0x4D
    .byte   0x13, 0xC4, 0xC3, 0x0E, 0x3D, 0x10, 0x1F, 0x21, 0xE2, 0xD3, 0xE1, 0x10, 0xF1, 0x0F, 0x1F, 0xF0
    .byte   0xF0, 0x2E, 0x2F, 0xF1, 0x0F, 0x1E,    2, 0x0F, 0x2D, 0x2F, 0xE4, 0xC3, 0xEF, 0x01, 0x1E, 0x3D
    .byte   0x2E, 0x12, 0xF0, 0xFE, 0x2E, 0x3E, 0x02, 0xD3, 0xD3, 0xE0, 0xFF, 0xFF, 0x3D, 0x3D, 0x2F, 0xF1
    .byte   0x01, 0x0E, 0x2E, 0x12, 0xE2, 0xE2, 0xE2,   -1, 0x0F, 0x20, 0xFF, 0x2D, 0x3D, 0x3E, 0x2E, 0xF1
    .byte   0x02, 0xD3, 0xD2, 0xF2, 0xF1, 0x1D, 0x3D, 0x3D, 0x3E, 0x01, 0xE3, 0xD4, 0xC2, 0xE0, 0x20, 0x10
    .byte   0xE0, 0xF2, 0x2F, 0x0D, 0x3D, 0x31, 0xD3, 0xD3,   -2, 0x02, 0x01, 0xE1, 0x1D, 0x4D, 0x2E, 0x1E
    .byte   0x20, 0x01, 0xE3, 0xC4, 0xD2, 0x0E, 0x2D, 0x4C, 0x32, 0xD3, 0xC4, 0xD3, 0xFD, 0x3D, 0x3D, 0x3D
    .byte   0x21, 0xE3, 0xD3, 0xEF, 0x2D, 0x3E, 0xE3, 0xD3, 0xD3,   -2, 0x02, 0xFF, 0x0E, 0x3C, 0x4D, 0x3D
    .byte   0x21, 0xE3, 0xD3, 0xD2, 0xE2, 0x0F, 0x2D, 0x2E, 0x21, 0x20, 0xD2, 0xE2, 0x02, 0x1D, 0x3D, 0x22
    .byte   0xE3, 0xD1, 0xE2, 0x10, 0x2D, 0x2E, 0x12, 0x02, 0xD1, 0xF2,    2, 0x01, 0x0E, 0x2D, 0x3E, 0x20
    .byte   0xEF, 0x00, 0x12, 0xE2, 0xD3, 0xE1, 0x10, 0x1E, 0x10, 0xF3, 0xD2, 0xE0, 0x02, 0x0F, 0x2D, 0x3D
    .byte   0x22, 0xE2, 0xEF, 0xF0, 0x2F, 0x0F, 0x0E, 0x21, 0xE3, 0xD2, 0xE1,    1, 0x00, 0x2D, 0x2E, 0x21
    .byte   0xF2, 0xE1, 0x1E, 0x2E, 0x2E, 0x2D, 0x30, 0xD4, 0xC4, 0xD1, 0xFE, 0x3D, 0x3D, 0x20, 0xF2, 0xFF
    .byte   0x2D, 0x2F, 0x02, 0xD3, 0xD3, 0xD3, 0xE1, 0x2D, 0x3D, 0x2F, 0x2E, 0x20,   -4, 0x03, 0xD3, 0xD2
    .byte   0xF0, 0x2D, 0x4C, 0x3E, 0x10, 0x02, 0xD3, 0xD2, 0xF2, 0xF0, 0x0F, 0xF0, 0x1F, 0x2E, 0x0F, 0x02
    .byte   0xE2, 0xFF, 0x01, 0xF1, 0xF0, 0x1E, 0x2E, 0x2E, 0x2F, 0x02, 0xD3, 0xD2, 0x10,   -2, 0x02, 0xE0
    .byte   0x2E, 0x2F, 0x0F, 0x0F, 0x10, 0x10, 0x1E, 0x2E, 0x12, 0xE0, 0x00, 0xF2, 0xE3, 0xD2, 0xE1, 0x2E
    .byte   0x3C, 0x4D, 0x10, 0xF2, 0xE1, 0xE2, 0xF0, 0x2E, 0x2D, 0x3E, 0x12, 0xD3, 0xD3, 0xEF,    4, 0x0E
    .byte   0x2D, 0x3D, 0x21, 0xE3, 0xD2, 0x01, 0xE2, 0xFF, 0x2E, 0x2E, 0x20, 0xE1, 0xE2, 0xF0, 0x2E, 0x11
    .byte   0xFF, 0x2E, 0x00, 0xF2, 0xE2, 0xE2, 0xFF, 0x2D, 0x3D, 0x2F, 0x10, 0x02, 0xE2, 0xE2, 0xE1,    1
    .byte   0x0F, 0x2D, 0x3D, 0x3E, 0xE3, 0xD2, 0xF1, 0x10, 0xF0, 0x1E, 0x2E, 0x2F, 0x02, 0xD3, 0xEF, 0x01
    .byte   0xE2, 0x01, 0xE3, 0xD2, 0xF0, 0x2D, 0x3D, 0x3E, 0x01, 0x0F, 0x1E, 0x3D, 0x20, 0xE2, 0xE3, 0xD3
    .byte     -4, 0x02, 0x00, 0x10, 0xF1, 0xF1, 0xF1, 0x1E, 0x2E, 0x2E, 0x3D, 0x2E, 0xF2, 0xE2, 0xF0, 0x1E
    .byte   0x20, 0xF2, 0xD3, 0xD3, 0xE0, 0x2D, 0x3D, 0x20, 0x2E, 0x11, 0xE1, 0x1F, 0x2E, 0x2E, 0x2F, 0xE3
    .byte   0xC4,   -5, 0x03, 0xD3, 0xEE, 0x3D, 0x3D, 0x3D, 0x20, 0xF1, 0x0F, 0x10, 0x0F, 0x1F, 0x01, 0x1F
    .byte   0xE3, 0xD2, 0xF2, 0xE2, 0xE1, 0x1E, 0x2F, 0x10, 0x1E, 0x2E, 0x10, 0xF1, 0xF2, 0xE2, 0x1E, 0x02
    .byte   0xE2, 0x0E,    3, 0x0E, 0x2E, 0x2E, 0xF2, 0xE1, 0x1F, 0x0E, 0x3D, 0x3E, 0x01, 0xE3, 0xD3, 0xD3
    .byte   0xD1, 0x2E, 0x2E, 0x20, 0xE2, 0xE1, 0x2D, 0x3D, 0x3E, 0x11, 0xF1, 0xF0, 0xF2, 0xE1, 0xE3, 0xD2
    .byte   0xF2, 0xFE, 0x2E,    3, 0x0E, 0x10, 0xE3, 0xD2, 0x1E, 0x3D, 0x2E, 0x2F, 0x11, 0xE2, 0xE0, 0x2E
    .byte   0x2E, 0x2E, 0x11, 0xE3, 0xD2, 0x00, 0xFF, 0x2E, 0x20, 0xF0, 0xFF, 0x00, 0x1F, 0x10, 0xE2, 0x00
    .byte   0x2E, 0x01, 0xE2, 0xF1,    1, 0x0E, 0x2E, 0x3D, 0x2F, 0x11, 0xE2, 0xE2, 0x0E, 0x02, 0xE1, 0x2E
    .byte   0x11, 0xE2, 0xF2, 0xE0, 0x1E, 0x2F, 0x1F, 0x0F, 0x10, 0x1E, 0x2E, 0x2F, 0x02, 0xD3, 0xD2, 0x1F
    .byte   0x2E, 0x2F, 0xF0, 0xE2, 0xE2,   -1, 0x00, 0x2D, 0x3E, 0x2E, 0x10, 0xE2, 0xF1, 0x10, 0xF1, 0x1E
    .byte   0x2F, 0x0F, 0xF0, 0x1F, 0x10, 0xF0, 0x11, 0xF2, 0xEF, 0x1F, 0x10, 0xFF, 0x2E, 0x12, 0xE1, 0xF1
    .byte   0xE3, 0xD2, 0x1F, 0x00, 0x0F, 0x2D,    4, 0x0E, 0x01, 0x00, 0xF0, 0x00, 0xF2, 0xE2, 0xE0, 0x00
    .byte   0x2E, 0x01, 0x0F, 0x2E, 0x11, 0xE2, 0xE2, 0xF1, 0x1E, 0x2E, 0x2E, 0x11, 0xE2, 0x0F, 0x11, 0xE3
    .byte   0xD2, 0x1E, 0x1F, 0x11, 0x01, 0x0F, 0x0F,    2, 0x0E, 0x2F, 0xFF, 0x0F, 0x20, 0x0F, 0xE2, 0xE2
    .byte   0xF2, 0xE0, 0x1E, 0x3E, 0x0E, 0x0F, 0x02, 0x01, 0xFF, 0xE2, 0x1E, 0x3D, 0x2E, 0xF3, 0xD3, 0xEF
    .byte   0xFF, 0x10, 0x2F, 0xE1, 0xE2, 0x11, 0x10, 0xE1,   -2, 0x01, 0x2F, 0x2D, 0x2E, 0x12, 0xE2, 0x0E
    .byte   0xF2, 0xF1, 0x2D, 0x2E, 0x21, 0x1F, 0xF1, 0xE2, 0xE2, 0xF0, 0xFF, 0x2F, 0x11, 0xE1, 0x0F, 0x11
    .byte   0x00, 0xE2, 0xE1, 0x2E, 0x2E, 0x02, 0xFF, 0x2E, 0x01,   -4, 0x02, 0x01, 0xF0, 0x2D, 0x22, 0xE1
    .byte   0x0E, 0x20, 0xF1, 0x10, 0xF0, 0xF2, 0xEF, 0x2F, 0x0F, 0x1F, 0x02, 0xD3, 0xFE, 0x2D, 0x3E, 0xF2
    .byte   0xFF, 0xE2, 0x0F, 0x2E, 0x10, 0x01, 0x11, 0xE1, 0xE2, 0x1F,    2, 0x0F, 0xFF, 0x01, 0xF2, 0xE0
    .byte   0xFF, 0x2F, 0x20, 0xFE, 0xF2, 0xE2, 0xFF, 0x0E, 0x12, 0x10, 0xFE, 0x01, 0x12, 0xF0, 0xE0, 0x10
    .byte   0x3D, 0x10, 0xE1, 0x03, 0xE1, 0xEE, 0x2F, 0x21, 0x1E, 0xE1, 0x02,    1, 0x01, 0x0E, 0xFF, 0x20
    .byte   0x2E, 0x1F, 0xF2, 0xE2, 0x0E, 0xF1, 0x00, 0x2E, 0x20, 0xE1, 0xF0, 0xF1, 0xF0, 0x10, 0x11, 0x00
    .byte   0x0F, 0xF2, 0xE1, 0x1F, 0x10, 0x0F, 0x10, 0xE2, 0xE1, 0x01, 0x2E, 0x2E,   -1, 0x0F, 0x20, 0x00
    .byte   0xE1, 0x00, 0x11, 0x0F, 0x0E, 0x21, 0xF2, 0xEE, 0x2E, 0x22, 0xFF, 0xFF, 0x01, 0x01, 0xE0, 0x00
    .byte   0x20, 0x01, 0xE1, 0xF0, 0x2F, 0x0E, 0x0F, 0x12, 0xF2, 0xEE, 0x10, 0x12, 0xFF,    0, 0x0F, 0xF2
    .byte   0x00, 0xFF, 0x0E, 0x2F, 0x2F, 0xFF, 0xF0, 0x01, 0x1F, 0x10, 0xF1, 0xF0, 0x1F, 0x0F, 0xFF, 0x02
    .byte   0x01, 0x0E, 0x2E, 0x2F, 0x01, 0xE1, 0xF1, 0x2F, 0x1F, 0xFE, 0x12, 0xF1, 0xEF, 0x00,    1, 0x01
    .byte   0x1F, 0x0E, 0x11, 0x10, 0x00, 0xE2, 0xF0, 0x10, 0xF0, 0xF0, 0x01, 0xF1, 0x0F, 0x01, 0x1F, 0x1F
    .byte   0x01, 0x0F, 0x0F, 0x00, 0x10, 0x10, 0xE1, 0x11, 0x10, 0x1E, 0x01, 0xF2, 0x0F, 0x0F, 0x01,    2
    .byte   0x01, 0x0E, 0xFF, 0x10, 0x2F, 0xFF, 0xF0, 0x20, 0x0F, 0xFF, 0xF0, 0x02, 0x00, 0xFF, 0x0F, 0x11
    .byte   0x10, 0xEF, 0x01, 0x21, 0x0F, 0xE0, 0x02, 0x00, 0xFE, 0x1F, 0x20, 0x11, 0xEF, 0xF0, 0x12, 0x00
    .byte      1, 0x0E, 0x10, 0x21, 0x1F, 0xEF, 0xF1, 0x12, 0x0F, 0xEF, 0x10, 0x20, 0x0E, 0x00, 0x02, 0x10
    .byte   0x0E, 0x0F, 0x11, 0x10, 0xFF, 0x00, 0x11, 0x0F, 0xF0, 0xF1, 0x11, 0x00, 0xFF, 0x01, 0x10, 0x0F
    .byte   0x01,    1, 0x00, 0xF0, 0xF1, 0x0F, 0xF0, 0x10, 0x11, 0xF0, 0x00, 0x01, 0x0F, 0xF0, 0x11, 0x10
    .byte   0xFF, 0xF0, 0x10, 0x1F, 0x0F, 0xF1, 0x11, 0x00, 0xFF, 0x01, 0x01, 0xF0, 0x0F, 0x11, 0x1F, 0xFF
    .byte   0x0F, 0x01,    0, 0x01, 0xFF, 0x10, 0x11, 0xFF, 0xF0, 0x01, 0x01, 0xFF, 0x00, 0x11, 0x00, 0xFF
    .byte   0xF0, 0x11, 0x10, 0xFF, 0x01, 0x10, 0xF0, 0xF0, 0x10, 0x10, 0x1F, 0xFF, 0x01, 0x01, 0xF0, 0xF0
    .byte   0x00, 0x10, 0x1F,   -1, 0x00, 0x01, 0x10, 0xF1, 0xFF, 0x10, 0x10, 0x0F, 0xF0, 0x01, 0x01, 0x0F
    .byte   0xF1, 0xF1, 0x00, 0x0F, 0x10, 0x00, 0x10, 0xFF, 0x01, 0x00, 0x0F, 0x10, 0xF1, 0x00, 0x00, 0x00
    .byte   0x1F, 0x00, 0x00, 0xF1,    0, 0x01, 0x0F, 0x00, 0x00, 0x00, 0x1F, 0x0F, 0x10, 0x01, 0xF1, 0xF0
    .byte   0x01, 0xFF, 0x01, 0xF1, 0x1F, 0x00, 0xF1, 0xF1, 0x11, 0xF0, 0xF1, 0xF0, 0x00, 0xF1, 0xF0, 0x01
    .byte   0x00, 0x10, 0x00, 0x0F, 0xF1,    0, 0x00, 0x10, 0x0F, 0x10, 0x0F, 0xF1, 0xF0, 0x10, 0x0F, 0x10
    .byte   0x00, 0x0F, 0x01, 0x00, 0x00, 0x00, 0x00, 0x00, 0xF1, 0x00, 0x0F, 0x00, 0x10, 0x01, 0xF0, 0x1F
    .byte   0x00, 0x1F, 0x01, 0xF0, 0x01, 0xF0,   -1, 0x00, 0x10, 0x00, 0x00, 0x01, 0xF0, 0x0F, 0x01, 0x00
    .byte   0x00, 0x00, 0xF1, 0xF0, 0x10, 0x00, 0x00, 0x00, 0x00, 0x00, 0x0F, 0x10, 0x10, 0x00, 0xF0, 0x00
    .byte   0xF0, 0x1F, 0x1F, 0x1F, 0x10, 0xF1, 0x0F,    0, 0x01, 0xF0, 0x00, 0x00, 0x1F, 0x0F, 0x10, 0x00
    .byte   0x01, 0xF0, 0x00, 0x00, 0x1F, 0x1F, 0x00, 0x01, 0xF0, 0x00, 0x01, 0xF0, 0x00, 0xF0, 0x10, 0x0F
    .byte   0x01, 0x00, 0x00, 0x1F, 0xF1, 0x00, 0x00, 0x10,    0, 0x00, 0x00, 0x00, 0x1F, 0x00, 0x00, 0x1F
    .byte   0x1F, 0x00, 0x00, 0x00, 0x00, 0x00, 0x1F, 0x0F, 0x10, 0xF1, 0x00, 0x00, 0x00, 0x00, 0x00, 0xF1
    .byte   0xF1, 0x10, 0xF0, 0x00, 0x00, 0x01, 0xF0, 0x00, 0x00,    0, 0x00, 0x00, 0x0F, 0x10, 0x00, 0x1F
    .byte   0x01, 0xF0, 0x00, 0x00, 0x00, 0x00, 0x00, 0x00, 0xF1, 0x00, 0x1F, 0x00, 0x00, 0x00, 0x00, 0x00
    .byte   0x00, 0x00, 0x01, 0xF1, 0x0F, 0x00, 0x1F, 0x00, 0x00, 0xF0,    0, 0x00, 0xF0, 0x10, 0x00, 0x00
    .byte   0x0F, 0x11, 0xF0, 0x01, 0xF0, 0x01, 0xF1, 0xF0, 0xF1, 0x10, 0xF0, 0xF1, 0x00, 0xF1, 0xF1, 0x00
    .byte   0x00, 0x00, 0x01, 0x0F, 0xF1, 0x00, 0x00, 0x00, 0x01, 0xF0, 0x1F,    0, 0x00, 0xF1, 0x0F, 0x1F
    .byte   0x10, 0x00, 0x0F, 0x10, 0x1F, 0x00, 0x00, 0x0F, 0x10, 0x00, 0x00, 0xF1, 0x00, 0x1F, 0x1F, 0x00
    .byte   0x00, 0x00, 0x00, 0x00, 0x00, 0x00, 0x00, 0x1F, 0x00, 0x00, 0x00, 0x00,    0, 0x00, 0x10, 0xFF
    .byte   0x10, 0x00, 0x1F, 0x00, 0x1F, 0x00, 0x1F, 0x00, 0x00, 0x00, 0xF1, 0x01, 0xF0, 0x00, 0xF1, 0x00
    .byte   0xF1, 0x00, 0xF1, 0x00, 0x00, 0x00, 0x01, 0xF0, 0x01, 0xF0, 0x00, 0x00, 0x00,    0, 0x00, 0x00
    .byte   0x1F, 0x01, 0xF0, 0x01, 0x0F, 0x00, 0x0F, 0x10, 0x00, 0xF1, 0x00, 0x10, 0xF0, 0x00, 0x1F, 0x01
    .byte   0x0F, 0x00, 0x01, 0xFF, 0x10, 0x0F, 0x10, 0x10, 0xF0, 0x0F, 0x1F, 0x10, 0x00, 0xF0,    0, 0x00
    .byte   0x00, 0x00, 0x0F, 0x1F, 0x10, 0x1F, 0x00, 0x0F, 0x10, 0xF1, 0x0F, 0x1F, 0x1F, 0x11, 0xF0, 0x00
    .byte   0x00, 0x00, 0xF1, 0x0F, 0x10, 0x1F, 0x00, 0xF1, 0x1F, 0x00, 0x1F, 0x01, 0xF0, 0x0F, 0x10,    0
    .byte   0x00, 0x0F, 0x10, 0x00, 0x0F, 0x1F, 0x10, 0x00, 0x01, 0xF0, 0x00, 0x00, 0x00, 0x00, 0x01, 0xF0
    .byte   0x1F, 0x00, 0xF1, 0x01, 0xF0, 0x00, 0x00, 0xF1, 0x00, 0x1F, 0x1F, 0x1F, 0x00, 0x1F, 0x0F, 0x10
    .byte      0, 0x00, 0x01, 0x0F, 0xF0, 0x10, 0x00, 0x00, 0xF1, 0x00, 0x00, 0x0F, 0x10, 0x1F, 0x00, 0x1F
    .byte   0x00, 0x00, 0xF0, 0x10, 0x00, 0x01, 0xF0, 0x00, 0x01, 0xF0, 0x00, 0x1F, 0x00, 0x1F, 0x00, 0x00
    .byte   0x00,    0, 0x00, 0xF1, 0x0F, 0x01, 0x00, 0x1F, 0x10, 0xF0, 0xF0, 0x10, 0x1F, 0x00, 0x0F, 0x10
    .byte   0x1F, 0x00, 0x01, 0x00, 0xFF, 0x10, 0x00, 0x1F, 0x01, 0xF0, 0xF1, 0x00, 0x10, 0xF0, 0xF1, 0x1F
    .byte   0x0F, 0x10,    0, 0x00, 0x0F, 0x10, 0x00, 0x00, 0x00, 0x00, 0x00, 0xF1, 0x00, 0x00, 0x0F, 0x10
    .byte   0x00, 0x00, 0x0F, 0x10, 0x00, 0x00, 0x00, 0x00, 0xF1, 0x1F, 0xF1, 0x00, 0x00, 0x00, 0xF1, 0x00
    .byte   0x00, 0x00, 0x01,   -1, 0x01, 0xF1, 0x00, 0x0F, 0x10, 0x1F, 0x1F, 0x00, 0x01, 0xF0, 0x00, 0x00
    .byte   0x00, 0xF1, 0x00, 0x00, 0x00, 0x00, 0x01, 0xF0, 0x0F, 0x10, 0x1F, 0x00, 0x00, 0x00, 0x00, 0x00
    .byte   0x00, 0x00, 0x00, 0x00,    0, 0x0F, 0x10, 0xF1, 0x00, 0x0F, 0x10, 0x00, 0x00, 0x00, 0x1F, 0x0F
    .byte   0x10, 0x00, 0x00, 0x0F, 0x10, 0x01, 0xF0, 0x1F, 0x00, 0x00, 0x00, 0x01, 0xF1, 0x0F, 0x00, 0x1F
    .byte   0x00, 0x00, 0x00, 0x00, 0x10,    0, 0x00, 0x00, 0x00, 0xF1, 0x00, 0x00, 0x1F, 0x01, 0xF0, 0xF1
    .byte   0x01, 0xF0, 0x00, 0x00, 0x00, 0x00, 0x0F, 0x10, 0x01, 0xF0, 0x00, 0x00, 0x00, 0x1F, 0x00, 0xF1
    .byte   0x1F, 0x00, 0x0F, 0x10, 0x0F, 0x11,    0, 0x01, 0xF0, 0x00, 0x1F, 0x01, 0xF0, 0x00, 0x10, 0x0F
    .byte   0x00, 0x00, 0x00, 0x00, 0x00, 0x00, 0x00, 0x00, 0x1F, 0x01, 0xF0, 0x00, 0xF1, 0x00, 0x00, 0x00
    .byte   0x00, 0x0F, 0x10, 0x1F, 0x00, 0x00, 0x00,    0, 0x01, 0xF0, 0x1F, 0x10, 0xF0, 0x00, 0x00, 0x00
    .byte   0x00, 0x00, 0x00, 0x0F, 0x11, 0xF0, 0x00, 0x00, 0x00, 0xF1, 0x00, 0xF1, 0x00, 0x0F, 0x10, 0xF1
    .byte   0x00, 0xF1, 0x00, 0x00, 0x01, 0xF0, 0xF0, 0x10,    0, 0x00, 0x00, 0xF1, 0xF1, 0x00, 0x00, 0x00
    .byte   0x00, 0x00, 0x00, 0x0F, 0x10, 0x1F, 0xF1, 0xF0, 0x01, 0x00, 0x1F, 0x00, 0x00, 0x00, 0x00, 0xF1
    .byte   0x00, 0x01, 0xF0, 0x00, 0x00, 0x00, 0xF0, 0x10, 0x01,    1, 0x00, 0xFF, 0x10, 0x00, 0x1F, 0x00
    .byte   0x00, 0x00, 0x10, 0xF0, 0xF1, 0xF1, 0x0F, 0x11, 0xF0, 0x00, 0xF1, 0x00, 0x00, 0x01, 0xF0, 0x0F
    .byte   0x01, 0x01, 0xF0, 0xF1, 0x1F, 0xF1, 0x00, 0x00, 0x1F, 0xF1,    0, 0x00, 0x00, 0x00, 0x00, 0x01
    .byte   0xF1, 0xF0, 0x1F, 0x00, 0x00, 0x00, 0xF1, 0x00, 0x00, 0x01, 0xF0, 0x01, 0xF0, 0x00, 0x00, 0x01
    .byte   0xF0, 0xF1, 0x00, 0xF1, 0x01, 0xF1, 0xF0, 0x00, 0x10, 0xF1, 0xF0,    0, 0x00, 0x00, 0x00, 0x00
    .byte   0x00, 0xF1, 0x00, 0x00, 0x00, 0x00, 0x00, 0x1F, 0x00, 0x00, 0x01, 0xF0, 0x00, 0x0F, 0x01, 0x0F
    .byte   0x10, 0x1F, 0x1F, 0x00, 0x01, 0xF0, 0x00, 0x00, 0x00, 0xF0, 0x1F, 0x10,    0, 0x00, 0x00, 0x00
    .byte   0xF1, 0xF1, 0xF0, 0x10, 0x1F, 0x00, 0x10, 0xF0, 0x00, 0x0F, 0x10, 0x1F, 0xF1, 0x00, 0x00, 0xF1
    .byte   0x00, 0x1F, 0x00, 0x00, 0x0F, 0x11, 0xF0, 0x10, 0xF1, 0xF0, 0x00, 0x0F, 0x01,    0, 0x00, 0x00
    .byte   0x00, 0xF0, 0x10, 0xF0, 0x10, 0x01, 0xF0, 0x1F, 0x1F, 0x0F, 0x10, 0xF1, 0x1F, 0x01, 0xF0, 0x00
    .byte   0x0F, 0x11, 0x0F, 0xF0, 0x10, 0x00, 0x00, 0x1F, 0x00, 0x00, 0x0F, 0x01, 0x00, 0x00,    0, 0x00
    .byte   0x0F, 0x10, 0x00, 0x00, 0x00, 0x1F, 0x0F, 0x10, 0x01, 0x0F, 0x00, 0xF1, 0x00, 0x1F, 0x00, 0x00
    .byte   0xF1, 0x1F, 0x00, 0x0F, 0x10, 0x01, 0xF0, 0x00, 0xF0, 0x10, 0x01, 0x0F, 0x00, 0x00, 0x00,    0
    .byte   0x00, 0x0F, 0x11, 0xF0, 0x10, 0xF0, 0x00, 0x00, 0x00, 0x00, 0x01, 0x0F, 0x00, 0x1F, 0x00, 0x00
    .byte   0x1F, 0x00, 0x00, 0x00, 0x01, 0xF0, 0x00, 0x00, 0x00, 0x00, 0x01, 0x0F, 0x01, 0xFF, 0x10, 0x00
    .byte      0, 0x00, 0x00, 0x01, 0xF0, 0x10, 0xF0, 0x1F, 0x00, 0x00, 0xF1, 0x00, 0x00, 0x1F, 0x1F, 0x0F
    .byte   0x10, 0xF1, 0x00, 0x00, 0x1F, 0x01, 0xF0, 0x00, 0xF1, 0x00, 0x1F, 0x1F, 0x00, 0x00, 0x00, 0x00
    .byte   0x00,    1, 0x0F, 0x00, 0x00, 0x00, 0x00, 0x1F, 0x01, 0xF0, 0x1F, 0x00, 0x1F, 0x01, 0xF1, 0xFF
    .byte   0x1F, 0x10, 0x00, 0x00, 0x00, 0x00, 0x01, 0xF0, 0xF1, 0x1F, 0x1F, 0x00, 0x00, 0x00, 0x00, 0x00
    .byte   0x1F, 0x01,    0, 0x00, 0x00, 0x00, 0x1F, 0x10, 0x0F, 0x00, 0x00, 0x00, 0x00, 0x0F, 0x10, 0x00
    .byte   0x00, 0x00, 0xF0, 0x10, 0x1F, 0xF1, 0x00, 0x00, 0x00, 0x1F, 0x0F, 0x10, 0x0F, 0x11, 0xF1, 0xF0
    .byte   0x0F, 0x01, 0x0F,    0, 0x00, 0x1F, 0x00, 0x0F, 0x10, 0x01, 0xF0, 0x0F, 0x10, 0x0F, 0x10, 0x00
    .byte   0x00, 0x00, 0x0F, 0x10, 0x00, 0x00, 0x10, 0x0F, 0x00, 0x00, 0x00, 0x1F, 0x01, 0xF0, 0x00, 0x01
    .byte   0xF0, 0x00, 0x1F, 0x01,    0, 0x00, 0x00, 0x00, 0x00, 0x01, 0xFF, 0x1F, 0x01, 0x00, 0x00, 0x00
    .byte   0x1F, 0xF1, 0x00, 0x00, 0x00, 0x0F, 0x10, 0x00, 0x00, 0x00, 0x00, 0xF1, 0x01, 0xF0, 0x10, 0xF0
    .byte   0xF0, 0x01, 0x00, 0x00, 0xF1,   -1, 0x00, 0x10, 0x00, 0x1F, 0x1F, 0xF1, 0xF1, 0x0F, 0x10, 0x1F
    .byte   0xF1, 0x00, 0x0F, 0x1F, 0x11, 0xF0, 0x00, 0x00, 0x1F, 0x00, 0x00, 0x00, 0x00, 0xF1, 0xF1, 0x0F
    .byte   0x10, 0x00, 0x00, 0x00, 0x00, 0x00,   -1, 0x01, 0xF1, 0x00, 0xF1, 0x00, 0x00, 0x1F, 0x01, 0xF0
    .byte   0x00, 0x00, 0x1F, 0x00, 0x00, 0xF1, 0x1F, 0xF1, 0x00, 0x00, 0x00, 0x00, 0x1F, 0x00, 0x01, 0x0F
    .byte   0xF1, 0x00, 0x00, 0x00, 0x1F, 0x00, 0x00,    0, 0x00, 0x00, 0x1F, 0x00, 0x00, 0xF1, 0x00, 0x00
    .byte   0x00, 0xF1, 0x00, 0x00, 0x00, 0x00, 0x1F, 0xF1, 0x00, 0xF1, 0x00, 0x1F, 0x00, 0x00, 0xF1, 0xF1
    .byte   0x0F, 0x01, 0xF1, 0xF1, 0x01, 0xF1, 0xF0, 0x0F,    0, 0x00, 0x00, 0x00, 0x00, 0x0F, 0x1F, 0x10
    .byte   0x00, 0x00, 0x01, 0xF1, 0xF0, 0x00, 0x00, 0x00, 0x00, 0x00, 0x00, 0x00, 0xF1, 0x00, 0x00, 0x00
    .byte   0x00, 0x00, 0xF1, 0x00, 0x00, 0x00, 0x00, 0x00, 0x0F,    0, 0x0F, 0x10, 0x00, 0x00, 0x0F, 0x10
    .byte   0x00, 0x00, 0x00, 0x00, 0x00, 0x00, 0x00, 0x01, 0xFF, 0x10, 0x00, 0x00, 0x00, 0xF0, 0x11, 0xF0
    .byte   0x00, 0x00, 0x00, 0xF0, 0x11, 0xF1, 0xF0, 0x10, 0xF0, 0xF1,   -1, 0x01, 0x0F, 0x10, 0x1F, 0xF1
    .byte   0x00, 0x01, 0xF0, 0x01, 0x0F, 0xF0, 0x11, 0xF0, 0x00, 0x01, 0xFF, 0x00, 0x10, 0x01, 0xF0, 0x00
    .byte   0x00, 0x00, 0xF1, 0x00, 0x00, 0x00, 0x00, 0x00, 0x1F, 0x00, 0x00,    0, 0x0F, 0x10, 0x01, 0x0F
    .byte   0x00, 0x1F, 0x00, 0xF1, 0x00, 0x1F, 0x00, 0x1F, 0xF1, 0x0F, 0x10, 0x0F, 0x10, 0x1F, 0x01, 0xF1
    .byte   0x00, 0xF0, 0xF1, 0x00, 0xF1, 0x10, 0x0F, 0xF1, 0x00, 0x1F, 0xF1, 0x01,    0, 0x00, 0x1F, 0x00
    .byte   0x01, 0xF0, 0x01, 0xF0, 0x00, 0x1F, 0x00, 0x00, 0x00, 0x00, 0x00, 0x0F, 0x10, 0xF1, 0x0F, 0x11
    .byte   0xFF, 0x11, 0xF0, 0x00, 0xF1, 0x01, 0xF0, 0x00, 0x00, 0x0F, 0x10, 0xF0, 0x10,    1, 0x00, 0xF0
    .byte   0x1F, 0x00, 0x0F, 0x1F, 0x01, 0x00, 0x00, 0x00, 0x00, 0x00, 0x1F, 0x00, 0x00, 0x1F, 0x01, 0xF1
    .byte   0xF0, 0x00, 0x00, 0x00, 0x00, 0x01, 0xF0, 0x10, 0xF0, 0x00, 0x00, 0x00, 0x00, 0xF1,    0, 0x00
    .byte   0x00, 0x00, 0x01, 0x0F, 0x00, 0x00, 0x00, 0x01, 0xF0, 0x00, 0x00, 0x10, 0xFF, 0x10, 0x0F, 0x10
    .byte   0x00, 0x00, 0x00, 0x00, 0x00, 0x00, 0x00, 0x00, 0x0F, 0x10, 0x00, 0xF1, 0xF1, 0x00, 0xF1,   -1
    .byte   0x01, 0xF1, 0x00, 0xF1, 0x00, 0x00, 0x00, 0x00, 0x00, 0xF1, 0x01, 0x0F, 0x01, 0xF1, 0xFF, 0x10
    .byte   0x00, 0x00, 0x00, 0x00, 0xF1, 0x00, 0x01, 0xF0, 0xF1, 0x01, 0x0F, 0x00, 0x00, 0x00, 0x00, 0x0F
    .byte      0, 0x0F, 0x01, 0x1F, 0x00, 0x1F, 0x00, 0x0F, 0x10, 0x01, 0xF0, 0xF1, 0x00, 0x1F, 0xF1, 0x00
    .byte   0x00, 0x00, 0x00, 0x00, 0x00, 0x00, 0x1F, 0x1F, 0x00, 0x00, 0x01, 0x0F, 0xF1, 0x1F, 0x00, 0x01
    .byte   0xFF,   -1, 0x01, 0x01, 0xF0, 0x00, 0x00, 0x00, 0xF1, 0x00, 0x0F, 0x10, 0x00, 0x00, 0x00, 0x00
    .byte   0x00, 0x1F, 0x1F, 0x0F, 0x10, 0xF1, 0x01, 0xF0, 0x00, 0x00, 0x0F, 0x11, 0xF0, 0x00, 0x00, 0x00
    .byte   0x00, 0x00,    0, 0x0F, 0x10, 0x00, 0x00, 0x00, 0x00, 0x00, 0x01, 0xF0, 0x10, 0xF0, 0xF0, 0x10
    .byte   0x00, 0x00, 0x1F, 0x01, 0x0F, 0x00, 0x00, 0x00, 0x1F, 0x00, 0x1F, 0xF1, 0x00, 0x00, 0x00, 0x00
    .byte   0x01, 0xF0, 0x0F,    0, 0x00, 0x00, 0x00, 0x00, 0x00, 0xF1, 0x0F, 0x10, 0x0F, 0x10, 0x00, 0x10
    .byte   0xF0, 0x00, 0x00, 0x01, 0xFF, 0x10, 0x00, 0x00, 0x00, 0x0F, 0x01, 0x00, 0x00, 0x00, 0x00, 0x00
    .byte   0x0F, 0x10, 0x00, 0x0F,    1, 0x0F, 0x0F, 0x10, 0x00, 0x00, 0x00, 0x00, 0x00, 0x00, 0xF1, 0x00
    .byte   0x00, 0x01, 0xF0, 0x00, 0x01, 0xF0, 0x01, 0xF0, 0x00, 0x00, 0x00, 0x00, 0x1F, 0xF1, 0x1F, 0x00
    .byte   0x00, 0x00, 0x00, 0x00, 0x00,    0, 0x00, 0x00, 0x01, 0xF0, 0xF1, 0xF0, 0x10, 0x00, 0x00, 0x00
    .byte   0x00, 0x00, 0x00, 0x01, 0xF0, 0x00, 0x00, 0x0F, 0x10, 0x00, 0x00, 0x01, 0xF0, 0x00, 0x00, 0x00
    .byte   0x00, 0x0F, 0x10, 0x00, 0x00, 0x00,    0, 0x0F, 0x10, 0x0F, 0x11, 0xF1, 0xF0, 0x0F, 0x10, 0x00
    .byte   0x00, 0x1F, 0x00, 0x1F, 0xF1, 0x00, 0x01, 0xF0, 0x00, 0xF1, 0x00, 0x00, 0x00, 0x00, 0x00, 0x00
    .byte   0x00, 0x00, 0x1F, 0x00, 0xF1, 0x1F, 0x1F,    0, 0x00, 0x00, 0x1F, 0x00, 0x1F, 0x00, 0x00, 0x00
    .byte   0x00, 0x00, 0x00, 0x00, 0x00, 0x00, 0x00, 0x00, 0x00, 0x00, 0x00, 0x00, 0x00, 0x00, 0x00, 0x00
    .byte   0x00, 0x00, 0x00, 0x00, 0x00, 0x00, 0x00, 0x00

    .end
