    .section .rodata
    .global Prologue_Line_0010_Compressed
    .align  2

Prologue_Line_0010_Compressed:

    .byte   0x1, 0x0, 0x0, 0x0
    .word   0x00D10C00  @ Mid-C ~13379.000000
    .word   0, 51780

    .byte      8, 0x03, 0xFD, 0xEE, 0xE2, 0x0F, 0xDD, 0x04, 0x22, 0xDD, 0xE2, 0x30, 0x1F, 0x02, 0x12, 0x01
    .byte   0x00, 0x0F, 0x20, 0xFF, 0xE0, 0x11, 0x0E, 0xF0, 0x12, 0xF0, 0xEF, 0x12, 0x00, 0xE0, 0x02, 0x1F
    .byte   0xFF,    1, 0x01, 0x10, 0x0E, 0x01, 0x10, 0xE0, 0xF1, 0x01, 0xFF, 0x0F, 0x2F, 0xF0, 0x00, 0x10
    .byte   0x00, 0x00, 0x11, 0xF0, 0xF0, 0x11, 0x00, 0xF0, 0x11, 0x1F, 0x00, 0x01, 0x1F, 0x0F, 0x11, 0x11
    .byte   0xF0, 0xFF,    3, 0x0F, 0xFF, 0xFF, 0xF0, 0xFF, 0xFF, 0xF1, 0xEF, 0x11, 0x0E, 0xF1, 0x0F, 0xFF
    .byte   0x01, 0x22, 0x00, 0xF0, 0x33, 0x22, 0xF3, 0x33, 0x22, 0x12, 0x2F, 0xFE, 0xEE, 0xED, 0xDD, 0xDD
    .byte   0xED, 0xDD, 0xDE,  -51, 0x0F, 0xFE, 0xF2, 0x32, 0xF1, 0x33, 0xED, 0xE2, 0x2E, 0xFE, 0x0E, 0xE0
    .byte   0x1F, 0xEF, 0x55, 0x42, 0x35, 0x54, 0x01, 0x34, 0x0D, 0xDE, 0x2F, 0xCC, 0xCD, 0xEB, 0xBC, 0xDE
    .byte   0xEC, 0xC2, 0x42, 0x00,  -38, 0x05, 0x4F, 0x12, 0x33, 0xDC, 0xDF, 0xFD, 0xBB, 0x22, 0xEC, 0xC3
    .byte   0x4E, 0xD0, 0x33, 0x23, 0x56, 0x33, 0x55, 0x52, 0xF3, 0x21, 0xEE, 0x12, 0xDD, 0xDC, 0xEC, 0xCB
    .byte   0xBC, 0xDD, 0xCC, 0x04, 0xEE,  -71, 0x05, 0x52, 0xE2, 0x54, 0xDD, 0xD2, 0x0D, 0xCC, 0xDE, 0xDD
    .byte   0xCE, 0x12, 0xED, 0x22, 0x22, 0x55, 0x54, 0x55, 0x63, 0xE3, 0x3F, 0xEE, 0x22, 0x0D, 0xDD, 0xDD
    .byte   0xCB, 0xBC, 0xCD, 0xBB, 0xF3, 0x0D,  -91, 0x04, 0x62, 0xF3, 0x54, 0xFD, 0xE2, 0x1D, 0xCC, 0x0E
    .byte   0xCD, 0xCF, 0xED, 0xEF, 0x1E, 0x03, 0x56, 0x33, 0x66, 0x54, 0x03, 0x30, 0xDF, 0x23, 0xEE, 0xDF
    .byte   0xDD, 0xBC, 0xCC, 0xCB, 0xBC, 0xDF, 0xCD, -100, 0x04, 0x43, 0x34, 0x53, 0xD1, 0x23, 0xEC, 0xDF
    .byte   0xFD, 0xCC, 0xEE, 0xDD, 0xDF, 0xE0, 0x24, 0x63, 0x45, 0x66, 0x24, 0x33, 0x2E, 0xF2, 0x20, 0xEF
    .byte   0xEE, 0xCC, 0xCD, 0xBB, 0xCB, 0xBD, 0xEC, 0xD2,  -91, 0x03, 0x14, 0x55, 0x1F, 0x34, 0x2D, 0xDD
    .byte   0x2D, 0xCD, 0xCF, 0xED, 0xCD, 0xFF, 0xE1, 0x55, 0x25, 0x56, 0x5F, 0x54, 0x3E, 0xF2, 0x21, 0xE1
    .byte   0xFE, 0xED, 0xCC, 0xDC, 0xAB, 0xBF, 0xCB, 0xD1, 0x3E,  -96, 0x03, 0x54, 0x22, 0x44, 0x2E, 0xE0
    .byte   0x1D, 0xCE, 0xDF, 0xDC, 0xDE, 0xED, 0xD3, 0x53, 0x14, 0x66, 0x42, 0x55, 0x4E, 0xE2, 0x32, 0xDE
    .byte   0x30, 0xED, 0xCD, 0xDC, 0xAB, 0xDC, 0xBB, 0xC2, 0x1D, 0xF3,  -71, 0x03, 0x22, 0x45, 0x0E, 0xE3
    .byte   0x3C, 0xDD, 0x22, 0xBD, 0xDE, 0xDD, 0xD2, 0x53, 0xF5, 0x56, 0x33, 0x55, 0x4F, 0xF3, 0x2F, 0xEF
    .byte   0x3E, 0xED, 0xDE, 0xCC, 0xBC, 0xCA, 0xCC, 0xCE, 0xDE, 0xE3, 0x33,  -69, 0x00, 0x53, 0x11, 0x04
    .byte   0x2C, 0xD0, 0x3D, 0xCC, 0x00, 0xCD, 0x25, 0x20, 0x45, 0x62, 0x26, 0x52, 0x23, 0x32, 0xEF, 0x21
    .byte   0xFE, 0xEE, 0xDC, 0xCC, 0xBD, 0xBB, 0xBC, 0xFC, 0xE1, 0x23, 0xE3, 0x34,  -44, 0x0E, 0x22, 0x4E
    .byte   0xEE, 0xE3, 0xDD, 0xCF, 0x2C, 0xD3, 0x5E, 0xE5, 0x55, 0xE3, 0x65, 0x2F, 0x43, 0x2E, 0xD4, 0x2E
    .byte   0xEE, 0xED, 0xCC, 0xCC, 0xBC, 0xCB, 0xDD, 0xCD, 0x21, 0xF1, 0x14, 0x4E, 0xF3,  -43, 0x02, 0xEF
    .byte   0x03, 0xDD, 0xFD, 0xFE, 0xE0, 0x42, 0xD5, 0x45, 0x20, 0x65, 0x2F, 0x44, 0x11, 0xE3, 0x2E, 0xFE
    .byte   0x0D, 0xEC, 0xCC, 0xCB, 0xBC, 0xCE, 0xCC, 0x00, 0xFF, 0xE4, 0x4E, 0xE3, 0x32, 0x2D,  -48, 0x03
    .byte   0xDE, 0xDF, 0xEE, 0xE1, 0x5D, 0xF5, 0x44, 0x23, 0x64, 0x11, 0x53, 0x2F, 0x03, 0x2F, 0xEE, 0xFE
    .byte   0xDC, 0xDD, 0xBB, 0xBD, 0xCC, 0xB1, 0x2D, 0xEE, 0x33, 0x2F, 0x14, 0x2E, 0x10, 0x30, 0xD1,  -60
    .byte   0x0E, 0xE0, 0xE3, 0x4D, 0x44, 0x35, 0xD5, 0x54, 0xE3, 0x43, 0x21, 0x13, 0x10, 0xEE, 0x0E, 0xDC
    .byte   0xCE, 0xBB, 0xBD, 0xDB, 0xC0, 0x1D, 0xD2, 0x23, 0x2E, 0x34, 0xEF, 0x21, 0x2E, 0xE1, 0xED, 0x1E
    .byte    -60, 0x03, 0xD3, 0x54, 0x21, 0x55, 0x4E, 0x34, 0x42, 0x01, 0x32, 0xEE, 0x2E, 0xDE, 0xCD, 0xDB
    .byte   0xBC, 0xCC, 0xCB, 0x2E, 0xDD, 0x13, 0x20, 0x22, 0x32, 0x10, 0x22, 0xFE, 0xEE, 0xFE, 0xE3, 0x4D
    .byte   0x34,  -12, 0x03, 0xF4, 0x64, 0xEF, 0x54, 0x1F, 0x04, 0x0E, 0xE1, 0xFE, 0xDC, 0xEC, 0xCB, 0xCC
    .byte   0xBC, 0xCD, 0x1D, 0xEE, 0xF3, 0x3E, 0x14, 0x3F, 0xD2, 0x31, 0xDD, 0x3F, 0xDE, 0x43, 0xD4, 0x45
    .byte   0x20, 0x55,   59, 0x00, 0x25, 0x22, 0x22, 0x3F, 0x0F, 0x1E, 0xED, 0xC0, 0xCC, 0xBB, 0xDC, 0xBB
    .byte   0x1E, 0xDD, 0x13, 0x1F, 0x24, 0x3D, 0x22, 0x30, 0xD0, 0x1E, 0xEE, 0x34, 0xD2, 0x44, 0x31, 0x45
    .byte   0x42, 0x24, 0x42,   96, 0x02, 0x31, 0x2E, 0x2F, 0xDF, 0xDD, 0xDC, 0xCB, 0xCC, 0xBB, 0xDF, 0xDD
    .byte   0xE1, 0x2F, 0x13, 0x31, 0xF2, 0x30, 0xFE, 0xFF, 0xFE, 0x24, 0xE0, 0x44, 0x30, 0x45, 0x43, 0xF4
    .byte   0x43, 0x22, 0x31, 0x2E,  113, 0x01, 0xEE, 0xDD, 0xEC, 0xCB, 0xCB, 0xDB, 0xCD, 0xDE, 0xD0, 0x12
    .byte   0xF0, 0x42, 0xE2, 0x22, 0x2E, 0xD2, 0x1F, 0x14, 0xE3, 0x43, 0x4E, 0x45, 0x33, 0x24, 0x40, 0x32
    .byte   0x32, 0xF1, 0x1F, 0xEE, 0xDE,   80, 0x0C, 0xCC, 0xBC, 0xBC, 0xCE, 0xDD, 0xEE, 0x12, 0x03, 0x21
    .byte   0x21, 0x12, 0x1E, 0xEF, 0x0F, 0x41, 0xD5, 0x43, 0x31, 0x55, 0x21, 0x44, 0x32, 0x23, 0x21, 0x02
    .byte   0x0E, 0xEF, 0xDD, 0xDB, 0xCC, 0xBC,  -39, 0x0C, 0xCD, 0xED, 0xE1, 0x21, 0x12, 0x32, 0xE1, 0x23
    .byte   0xED, 0x02, 0xE3, 0x3F, 0x34, 0x42, 0x24, 0x53, 0x22, 0x53, 0x31, 0x33, 0x1F, 0x12, 0xEE, 0xFD
    .byte   0xED, 0xCC, 0xCB, 0xCB, 0xCC, 0xDD, 0xDE,  -93, 0x00, 0x02, 0x23, 0xF1, 0x22, 0x1D, 0x10, 0x2D
    .byte   0x34, 0xD3, 0x44, 0x3E, 0x46, 0x3F, 0x34, 0x43, 0x13, 0x3F, 0x02, 0x10, 0xD1, 0xDD, 0xDC, 0xCC
    .byte   0xBC, 0xCB, 0xDC, 0xDE, 0xD2, 0x2E, 0x23, 0x3E,  -75, 0x02, 0x2F, 0xEF, 0xFE, 0xF5, 0xED, 0x45
    .byte   0x4D, 0xF6, 0x50, 0xE4, 0x53, 0xE3, 0x42, 0xE1, 0x21, 0xEE, 0xED, 0xDD, 0xCC, 0xBC, 0xCB, 0xCD
    .byte   0xDD, 0xDF, 0x3E, 0x02, 0x31, 0x01, 0x02, 0xEE, 0xFF,  -80, 0x04, 0x2D, 0x44, 0x42, 0x14, 0x54
    .byte   0xE3, 0x53, 0x22, 0x42, 0x10, 0x20, 0xFE, 0xEE, 0xDC, 0xDC, 0xBC, 0xCB, 0xBD, 0xDD, 0xEE, 0xF2
    .byte   0x21, 0x22, 0x22, 0xEF, 0x20, 0xD1, 0x14, 0x1D, 0x44, 0x41,  -17, 0x05, 0x52, 0x04, 0x43, 0x23
    .byte   0x33, 0x11, 0x10, 0xFE, 0xED, 0xDD, 0xCC, 0xBC, 0xCB, 0xCC, 0x0E, 0xC1, 0x22, 0x00, 0x3F, 0x2F
    .byte   0x10, 0xE0, 0xFF, 0x04, 0xEF, 0x44, 0x4F, 0x15, 0x52, 0x04, 0x44,   83, 0x02, 0x42, 0x20, 0x11
    .byte   0xEE, 0xED, 0xDC, 0xDB, 0xBC, 0xCD, 0xBD, 0xFE, 0xEE, 0x03, 0x10, 0x01, 0x30, 0xDE, 0x0F, 0xDE
    .byte   0x43, 0xD2, 0x54, 0x3D, 0x45, 0x41, 0x24, 0x52, 0x13, 0x33, 0x1E, 0x2F,  107, 0x0E, 0xDC, 0xDD
    .byte   0xCB, 0xBE, 0xDB, 0xCD, 0x1D, 0xD2, 0x22, 0x21, 0x12, 0x20, 0xD1, 0x0E, 0xE1, 0x4F, 0xE4, 0x44
    .byte   0xE1, 0x54, 0x32, 0x34, 0x42, 0x23, 0x33, 0x0F, 0xE1, 0xFD, 0xDC, 0xDD, 0xCB,   -9, 0x0D, 0xCC
    .byte   0xCE, 0xFE, 0xEF, 0x13, 0x2F, 0x11, 0x2E, 0x0E, 0xE0, 0x14, 0xFD, 0x44, 0x4F, 0x14, 0x44, 0x12
    .byte   0x44, 0x33, 0x23, 0x32, 0x0E, 0xE0, 0x1C, 0xCC, 0xFC, 0xBB, 0xDE, 0xCB, 0xE1, 0x1E,  -75, 0x02
    .byte   0x22, 0x2E, 0x2F, 0x1F, 0xED, 0xF2, 0x41, 0xD3, 0x35, 0x2E, 0x34, 0x43, 0x13, 0x44, 0x32, 0x23
    .byte   0x32, 0xED, 0xF1, 0xEC, 0xBD, 0xDC, 0xCB, 0xDD, 0xDD, 0xD0, 0x10, 0x12, 0x02, 0x11, 0xE1,  -55
    .byte   0x0E, 0xEE, 0x13, 0x3D, 0x23, 0x44, 0xFF, 0x34, 0x42, 0x13, 0x44, 0x30, 0xF4, 0x32, 0xDD, 0x12
    .byte   0xCC, 0xBD, 0xFC, 0xBC, 0xDF, 0xDD, 0xEF, 0x22, 0x0E, 0x21, 0x3E, 0xE1, 0x10, 0xDE, 0x24, 0x1D
    .byte    -47, 0x03, 0x43, 0xE2, 0x34, 0x31, 0x23, 0x43, 0x31, 0x03, 0x33, 0xED, 0xDF, 0x0C, 0xCC, 0xDE
    .byte   0xDC, 0xCD, 0xE1, 0xED, 0xE1, 0x22, 0xE2, 0xE2, 0x2F, 0x0D, 0x21, 0x0E, 0x4E, 0x03, 0x14, 0x22
    .byte   0x13,   14, 0x03, 0x22, 0x23, 0x43, 0x1F, 0x23, 0x2F, 0xCE, 0xEE, 0xDC, 0xDD, 0xDE, 0xDD, 0xC2
    .byte   0xD2, 0x0D, 0x2E, 0x3E, 0x1F, 0x1D, 0x31, 0xE2, 0xC3, 0xE4, 0x2D, 0xE3, 0x34, 0x2D, 0x14, 0x34
    .byte   0xE1, 0xF4,   59, 0x00, 0x2C, 0x4E, 0x4D, 0xDE, 0xD0, 0xED, 0xEC, 0xDF, 0x1D, 0xDF, 0xC4, 0xD4
    .byte   0xCD, 0xF1, 0x3F, 0xDE, 0xD5, 0xC1, 0x0C, 0x5D, 0x5B, 0x31, 0x25, 0xC4, 0xD3, 0x4F, 0x4C, 0x33
    .byte   0x34, 0xC2, 0xC5,   56, 0x02, 0xCD, 0xEE, 0x5B, 0xEC, 0xD3, 0x1D, 0xEC, 0x13, 0x2F, 0xDC, 0x03
    .byte   0x20, 0xEC, 0x22, 0x24, 0xA5, 0xCF, 0x5D, 0x3C, 0x23, 0x33, 0xFE, 0x13, 0x23, 0x3C, 0x3E, 0x5D
    .byte   0x3E, 0xC4, 0xE4, 0xC0,   16, 0x02, 0x22, 0xDD, 0xEE, 0xF4, 0xC1, 0xCD, 0x4D, 0x3D, 0xDE, 0x21
    .byte   0x4C, 0x0D, 0x32, 0x02, 0xDF, 0x04, 0xC5, 0xB4, 0xD4, 0x2D, 0x4C, 0x4E, 0x4E, 0xE3, 0xE2, 0x3E
    .byte   0xFF, 0x2E, 0x21, 0xD2, 0xF1,   21, 0x0D, 0xFF, 0x11, 0xD2, 0xC3, 0xC4, 0xCF, 0x3C, 0x4C, 0x4B
    .byte   0x4D, 0xF3, 0xC3, 0xE2, 0x3D, 0x2F, 0x23, 0xF3, 0xD3, 0xF3, 0xF3, 0xEE, 0x3E, 0x40, 0xD2, 0xF2
    .byte   0x3D, 0x2D, 0x02, 0xEE, 0x0D, 0x2E,   10, 0x0E, 0xE2, 0xC3, 0xC4, 0xC2, 0x1C, 0x4D, 0x2E, 0x1D
    .byte   0x4D, 0x10, 0xD4, 0xD4, 0xD0, 0x20, 0x31, 0x12, 0xE2, 0x3E, 0x21, 0xF0, 0x22, 0xF1, 0xE2, 0x00
    .byte   0xFE, 0xFE, 0x3D, 0x3D, 0x0D, 0x12, 0xD3,   -6, 0x0E, 0x2D, 0x22, 0xD1, 0xEF, 0x30, 0xE2, 0xD0
    .byte   0x3E, 0x2E, 0xE2, 0x30, 0x3D, 0x3E, 0xF4, 0xC4, 0xD2, 0xF1, 0x2F, 0x1E, 0x2E, 0x3E, 0x1E, 0x00
    .byte   0x11, 0xE2, 0xDF, 0x3C, 0x4C, 0x02, 0xD3, 0xD2,  -12, 0x02, 0xE2, 0x1E, 0x1F, 0x11, 0xF0, 0xF2
    .byte   0x12, 0xFE, 0x10, 0x2E, 0x3D, 0x3F, 0x2F, 0x2E, 0x02, 0xD4, 0xC3, 0xFE, 0x3D, 0x4C, 0x2E, 0xE3
    .byte   0xD4, 0xC3, 0xC3, 0xE1, 0x1E, 0xFE, 0x3D, 0x3D, 0x2E,   -7, 0x02, 0xE2, 0xEE, 0x3E, 0x20, 0x1E
    .byte   0x02, 0xE3, 0xE0, 0xE2, 0x2F, 0x21, 0xD3, 0xE2, 0xFE, 0x2F, 0xF2, 0xD3, 0xFE, 0x1E, 0x1E, 0x3C
    .byte   0x4D, 0xE3, 0xD3, 0xEE, 0x2D, 0x30, 0xE1, 0xE3, 0xC4, 0xD3,   -3, 0x0E, 0x3D, 0x4B, 0x5C, 0x3F
    .byte   0xF2, 0xD4, 0xC3, 0xE2, 0xE1, 0x2D, 0x4C, 0x3E, 0x11, 0xF1, 0xD4, 0xC4, 0xC2, 0x3C, 0x4C, 0x4C
    .byte   0x22, 0xF3, 0xD3, 0xC4, 0xC4, 0xD0, 0x0D, 0x4C, 0x5B, 0x4D, 0x20,    3, 0x00, 0xE1, 0xE3, 0xD3
    .byte   0xD3, 0xD3, 0xD3, 0xEF, 0x3C, 0x4C, 0x4D, 0x11, 0xE2, 0xF1, 0xE2, 0xE0, 0x3D, 0x3D, 0xF2, 0xD4
    .byte   0xC4, 0xD0, 0x1E, 0x2E, 0x10, 0xF1, 0x11, 0x2D, 0x3C, 0x4D, 0x31, 0xD3,   -7, 0x03, 0xE2, 0x10
    .byte   0xE2, 0xE1, 0x10, 0x00, 0xD4, 0xC4, 0xED, 0x4B, 0x5C, 0x4C, 0x3E, 0xE2, 0x02, 0xD3, 0xC4, 0xD3
    .byte   0xFE, 0x1E, 0x2E, 0x3E, 0xE2, 0xD3, 0x00, 0x2D, 0x2E, 0x22, 0xD3, 0xE0, 0x11,    1, 0x01, 0xFF
    .byte   0x1E, 0x2F, 0x2E, 0x11, 0xE0, 0x2E, 0x2E, 0xFF, 0x21, 0xF2, 0xD3, 0xD3, 0xD4, 0xC3, 0xD0, 0x3D
    .byte   0x4C, 0x3C, 0x4F, 0xE2, 0xD1, 0x20, 0x3D, 0x11, 0xD4, 0xC4, 0xC3, 0x1D, 0x4C, 0x4C,    5, 0x0E
    .byte   0xD4, 0xC4, 0xD1, 0x1D, 0x4C, 0x4C, 0x3E, 0x12, 0xF2, 0xD3, 0xC4, 0xE0, 0x1D, 0x3D, 0x30, 0xF2
    .byte   0xED, 0x3E, 0x30, 0xC4, 0xC3, 0x2E, 0x3D, 0x0E, 0x22, 0x3C, 0x2E, 0xD5, 0xC3, 0xD3, 0xC4,   -2
    .byte   0x01, 0x3B, 0x6A, 0x5D, 0x22, 0xC4, 0xC3, 0x2E, 0x21, 0xC3, 0x2D, 0x5C, 0xD4, 0xA6, 0xED, 0x4B
    .byte   0x34, 0xC4, 0x1B, 0x4C, 0x41, 0x1C, 0x4C, 0x15, 0xB5, 0xB3, 0xC5, 0xC3, 0x2C, 0x4D, 0x4C, 0x5A
    .byte     -1, 0x0F, 0xD6, 0xA4, 0xC1, 0x4D, 0x4C, 0xE1, 0x3E, 0x4C, 0xD4, 0xB5, 0xFC, 0x5B, 0x3F, 0x02
    .byte   0x3D, 0xE1, 0xB6, 0xD4, 0xC2, 0xC2, 0x5C, 0x5A, 0x3B, 0x52, 0xD5, 0x96, 0xB1, 0x7B, 0x22, 0xA5
    .byte   0xF1,   20, 0x0B, 0xED, 0x5C, 0x5D, 0xC3, 0xDF, 0x34, 0xB3, 0xEB, 0x7C, 0xF4, 0xA5, 0xC4, 0x3B
    .byte   0x5A, 0x44, 0xB5, 0xEB, 0x41, 0xC6, 0xCC, 0x5B, 0x34, 0xB5, 0xEB, 0x6C, 0xD5, 0xA4, 0x3B, 0x5C
    .byte   0x33, 0xC3,   -6, 0x00, 0x32, 0xB4, 0xEE, 0x6A, 0x42, 0xB5, 0xEB, 0x5C, 0xD6, 0xB3, 0x4C, 0xE4
    .byte   0xB4, 0x3B, 0x3D, 0xF4, 0x3C, 0x4B, 0x3F, 0x34, 0xC2, 0xB4, 0xF3, 0x4A, 0x5A, 0x45, 0xA7, 0xAC
    .byte   0x5C, 0x43, 0xDD,   -6, 0x02, 0x31, 0x4B, 0xD4, 0xC2, 0x5A, 0x43, 0xA6, 0x1C, 0x4D, 0xC3, 0x4C
    .byte   0x5D, 0xB4, 0x4C, 0x5C, 0xC2, 0xD3, 0xF4, 0xCD, 0x3C, 0x44, 0xD4, 0xDA, 0x44, 0xD6, 0xCB, 0x0D
    .byte   0x44, 0x1D, 0xB2, 0xE4,   29, 0x0B, 0x11, 0xB5, 0xEC, 0x40, 0xD3, 0x0C, 0x43, 0xD4, 0x0B, 0xD0
    .byte   0x4D, 0x52, 0xA4, 0xDC, 0x72, 0xBF, 0xBC, 0x65, 0xD0, 0xCA, 0x56, 0x2F, 0xDA, 0xC6, 0x23, 0x59
    .byte   0xC3, 0xE6, 0x4C, 0xEB, 0xE1,    2, 0x06, 0xBD, 0xCB, 0x63, 0x4E, 0xBC, 0x05, 0x40, 0xDA, 0xF5
    .byte   0xE5, 0xEB, 0x20, 0x04, 0x1C, 0xD2, 0x12, 0x4E, 0xD0, 0xE4, 0xFE, 0x1C, 0xF3, 0x10, 0x0E, 0x20
    .byte   0x2D, 0xF3, 0xE3, 0xDD, 0x21, 0x33,    3, 0x0E, 0x02, 0x21, 0xEC, 0x03, 0xF4, 0xDC, 0x20, 0x24
    .byte   0x1D, 0x1D, 0xD3, 0x4E, 0xE1, 0xC1, 0x4E, 0x33, 0xBD, 0x22, 0x24, 0xEC, 0x3D, 0xE5, 0xED, 0xFD
    .byte   0xF3, 0x3E, 0x3D, 0xC3, 0x12, 0x3D, 0xDF,  -10, 0x03, 0x30, 0x0D, 0xD2, 0x31, 0x1F, 0xDD, 0x33
    .byte   0x22, 0xDD, 0xF1, 0x23, 0x0D, 0xEE, 0x14, 0x22, 0xDC, 0x3E, 0x33, 0xCF, 0x00, 0x22, 0x10, 0xD2
    .byte   0x1E, 0x3E, 0x2D, 0xD3, 0x10, 0x3E, 0xD2, 0xFE,    6, 0x02, 0xEE, 0xEE, 0xF3, 0xE2, 0x3C, 0x10
    .byte   0xE4, 0xFE, 0xDE, 0x22, 0x3F, 0xD1, 0xF1, 0x3D, 0x02, 0xF0, 0x00, 0xEF, 0x2F, 0x1F, 0xE3, 0x1F
    .byte   0xEE, 0x12, 0xF1, 0x1F, 0x1F, 0xE0, 0x02, 0x2F, 0xEE,   -3, 0x01, 0x21, 0xF0, 0xEF, 0x20, 0x10
    .byte   0xFE, 0xF0, 0x12, 0x11, 0x1E, 0xE0, 0x20, 0x0F, 0x00, 0x12, 0x02, 0xEF, 0xEF, 0x0F, 0x20, 0xE2
    .byte   0xF0, 0x2E, 0xF1, 0x0E, 0x12, 0xE2, 0x2F, 0x0E, 0xE2, 0x12,    2, 0x0E, 0xF0, 0x21, 0xFF, 0xFE
    .byte   0x20, 0x02, 0x0F, 0xE0, 0x01, 0x11, 0x0F, 0xF0, 0x20, 0x0E, 0x01, 0x0F, 0x0F, 0x00, 0x02, 0x01
    .byte   0xFE, 0x10, 0x01, 0xFE, 0x3E, 0x11, 0xE2, 0xF0, 0x0F, 0x0E, 0x21,   -1, 0x01, 0x01, 0xF0, 0xF0
    .byte   0x2E, 0x1F, 0xF1, 0x01, 0x02, 0xE0, 0x2E, 0xF0, 0x2E, 0x01, 0x01, 0x10, 0xF0, 0xE0, 0x10, 0x01
    .byte   0x2F, 0xF0, 0xF1, 0x0F, 0xF0, 0x1F, 0x01, 0x11, 0x1F, 0xFE, 0x01, 0x02,    2, 0x0F, 0xFF, 0x2E
    .byte   0x10, 0xF0, 0x10, 0x01, 0x0F, 0xF1, 0x10, 0x1E, 0xF0, 0x02, 0x00, 0xF2, 0xFE, 0x10, 0x11, 0xEF
    .byte   0x11, 0x11, 0x0F, 0xF1, 0x11, 0x0E, 0x11, 0x1F, 0x01, 0x00, 0xE1, 0x12, 0xF0,    0, 0x0F, 0xF1
    .byte   0x02, 0xFF, 0xFF, 0x01, 0x2F, 0xEF, 0x11, 0x10, 0xFF, 0x1F, 0x11, 0x0F, 0xF1, 0x00, 0x00, 0xF0
    .byte   0x01, 0x01, 0x0F, 0x11, 0xFF, 0xF0, 0x1F, 0x1F, 0x01, 0x11, 0x0F, 0xE1, 0x00, 0x12,    2, 0x0F
    .byte   0xFF, 0x00, 0x10, 0xF0, 0x00, 0x02, 0x1E, 0xF0, 0x0F, 0x11, 0xF1, 0x01, 0x10, 0xFF, 0x0F, 0xF1
    .byte   0x11, 0x00, 0xF0, 0x1F, 0x01, 0xF0, 0xFF, 0xF2, 0x01, 0xFF, 0xF0, 0x11, 0x0F, 0xF1, 0xF0,    0
    .byte   0x01, 0x10, 0xFF, 0xFF, 0x01, 0x11, 0x01, 0x0F, 0xFF, 0x2F, 0x0E, 0x0F, 0x02, 0x00, 0xF0, 0x11
    .byte   0xFF, 0xF0, 0x01, 0x0F, 0x10, 0x01, 0x0F, 0x0F, 0x1F, 0x11, 0xFF, 0x01, 0x01, 0x00, 0xFF, 0xF1
    .byte     -1, 0x00, 0x2E, 0x10, 0x01, 0x00, 0xFF, 0x00, 0x01, 0xF1, 0x11, 0xE1, 0x10, 0x2E, 0x00, 0x00
    .byte   0x1F, 0x00, 0xFF, 0x11, 0x10, 0x0F, 0x00, 0xF0, 0x11, 0xF0, 0x01, 0xF0, 0x01, 0x0F, 0x0F, 0x01
    .byte   0x10,    0, 0x0F, 0x10, 0x0F, 0x1F, 0x01, 0x10, 0xF0, 0xE2, 0x00, 0x1F, 0x1F, 0x00, 0x1F, 0x00
    .byte   0x00, 0xF1, 0x00, 0x01, 0xF0, 0xF0, 0x01, 0xF0, 0x11, 0x0F, 0x01, 0x0F, 0xF0, 0x10, 0xF1, 0x01
    .byte   0x00, 0xFF,   -1, 0x01, 0x10, 0xFF, 0x11, 0xFF, 0x11, 0x0F, 0x0F, 0x00, 0x11, 0x0F, 0xF1, 0x10
    .byte   0x00, 0xFF, 0x01, 0x01, 0xFF, 0x10, 0x01, 0x0F, 0x1F, 0x00, 0x00, 0x10, 0x00, 0xFF, 0x01, 0x00
    .byte   0x00, 0x00, 0x10,    0, 0x0F, 0x11, 0x00, 0xF0, 0xF0, 0x11, 0x10, 0xE0, 0x02, 0xFF, 0x0F, 0x11
    .byte   0xFF, 0x01, 0x01, 0x1E, 0x10, 0x11, 0x1F, 0xF0, 0x00, 0xF1, 0x0F, 0x1F, 0x10, 0x00, 0x00, 0xF0
    .byte   0x11, 0x0F, 0xF0, 0x01,    1, 0x00, 0xFF, 0x11, 0x0F, 0x01, 0x0F, 0xF0, 0x11, 0xFF, 0xF2, 0x0F
    .byte   0xF0, 0x0F, 0x01, 0x1F, 0x01, 0x00, 0x0F, 0x01, 0xF1, 0xF0, 0xF0, 0x10, 0x01, 0x0F, 0xF0, 0x00
    .byte   0x12, 0xFE, 0x1F, 0x11, 0x0F,   -1, 0x0F, 0x02, 0x0F, 0xF1, 0x10, 0xEF, 0x20, 0xF0, 0x0F, 0x1F
    .byte   0x2F, 0xEF, 0x2F, 0x10, 0xF0, 0x1F, 0xF0, 0x01, 0x1F, 0x01, 0xF0, 0x0F, 0x10, 0x01, 0xF0, 0x01
    .byte   0x0F, 0x00, 0xF0, 0x10, 0x00, 0x11,    1, 0x0E, 0x11, 0x11, 0xE1, 0x10, 0x12, 0x0E, 0x0F, 0xF1
    .byte   0x01, 0xF1, 0x01, 0x0F, 0xF0, 0x12, 0x0D, 0x21, 0x10, 0x1F, 0x0E, 0x01, 0x02, 0xFF, 0xF1, 0x1F
    .byte   0x0E, 0x02, 0x2F, 0xFE, 0x1F, 0x2F, 0x1E,   -2, 0x01, 0xF1, 0x02, 0xFF, 0x00, 0xE2, 0xE2, 0x1E
    .byte   0x2E, 0x2F, 0x1E, 0x02, 0x00, 0xFF, 0xE2, 0xF0, 0x2E, 0xF0, 0x21, 0xE1, 0xE2, 0x11, 0x0E, 0x02
    .byte   0x0F, 0x1F, 0xE2, 0x1D, 0x13, 0x2F, 0xED, 0x2F,   -4, 0x02, 0x2F, 0xD0, 0x23, 0x0E, 0x1F, 0xD1
    .byte   0xE2, 0x4E, 0xD0, 0x3E, 0xEE, 0x22, 0x0E, 0xE3, 0xEE, 0x31, 0xEE, 0xE2, 0x31, 0xCF, 0x20, 0x22
    .byte   0x3D, 0xD0, 0x20, 0xEF, 0x23, 0x11, 0xD0, 0xE0, 0x31,    8, 0x0D, 0xD2, 0x3E, 0x2E, 0xF1, 0x21
    .byte   0xE0, 0xE1, 0x12, 0x10, 0xEE, 0x03, 0x01, 0x1E, 0xEF, 0x12, 0x1E, 0xE0, 0x22, 0xF0, 0xE1, 0x02
    .byte   0x0E, 0x00, 0x01, 0x00, 0x0F, 0x00, 0x10, 0x01, 0xF0, 0x11,    0, 0x0E, 0xF2, 0x21, 0x10, 0xE0
    .byte   0xFF, 0x02, 0xE0, 0x00, 0x10, 0xF0, 0x10, 0x01, 0x00, 0xFF, 0x01, 0x00, 0x10, 0xFF, 0x0F, 0x11
    .byte   0xFF, 0x11, 0x11, 0xFF, 0xFF, 0x1F, 0x02, 0xF0, 0x1F, 0xFF, 0xF1,   -1, 0x00, 0x01, 0x0F, 0x1F
    .byte   0x10, 0xFF, 0x11, 0x01, 0x0F, 0xFF, 0x01, 0x10, 0x11, 0xF0, 0x01, 0x00, 0xEF, 0x01, 0x11, 0x10
    .byte   0x00, 0x0F, 0x01, 0x11, 0xFF, 0xFF, 0x00, 0x11, 0xF0, 0x00, 0x01, 0x00,    2, 0x00, 0x00, 0x0F
    .byte   0x1F, 0x1F, 0xFF, 0xFF, 0xF1, 0x00, 0x0F, 0xEE, 0x10, 0x1F, 0x1F, 0xFE, 0xE0, 0x00, 0x21, 0x23
    .byte   0x23, 0x44, 0x32, 0x2E, 0xED, 0xDD, 0xDD, 0xFE, 0x0F, 0xF1, 0x22, 0x1F, 0x0E,    3, 0x0E, 0xEE
    .byte   0xED, 0x0D, 0xEE, 0xDE, 0x1E, 0xEE, 0xDD, 0xEE, 0xF3, 0x35, 0x77, 0x65, 0x32, 0xDC, 0xAA, 0xCB
    .byte   0x02, 0x21, 0xF2, 0xF0, 0x23, 0x34, 0x43, 0x0E, 0xCB, 0xCC, 0xCF, 0x22, 0x22, 0xFE,  -25, 0x0F
    .byte   0xE3, 0x21, 0x2F, 0xDD, 0xCC, 0xDE, 0xDD, 0xFE, 0x14, 0x77, 0x76, 0x43, 0xED, 0xBA, 0xAA, 0xD2
    .byte   0x33, 0x22, 0x0F, 0x23, 0x44, 0x43, 0x1D, 0xBB, 0xBC, 0xD1, 0x24, 0x32, 0x1D, 0xEE, 0xE1,  -16
    .byte   0x03, 0x21, 0xFE, 0xCC, 0xCD, 0xDD, 0xDE, 0xDE, 0x35, 0x77, 0x76, 0x41, 0xEC, 0xB9, 0x9B, 0xD4
    .byte   0x44, 0x42, 0x20, 0xE4, 0x34, 0x3D, 0xFB, 0xBB, 0xCE, 0x13, 0x43, 0x21, 0xDE, 0xDE, 0x02, 0x32
    .byte     -3, 0x02, 0xED, 0xED, 0xCC, 0xCD, 0xCD, 0x12, 0x35, 0x57, 0x76, 0x53, 0x0E, 0xBA, 0x99, 0xB2
    .byte   0x45, 0x44, 0x33, 0x22, 0x33, 0x3E, 0xDC, 0xBB, 0xCD, 0x23, 0x34, 0x3E, 0xED, 0xCF, 0xEF, 0x22
    .byte   0x21,  -13, 0x02, 0xFE, 0xDC, 0xCD, 0xCD, 0xF3, 0x23, 0x34, 0x57, 0x75, 0x42, 0x0C, 0xAA, 0x8A
    .byte   0xC4, 0x65, 0x54, 0x4F, 0xE1, 0xF0, 0x1E, 0xDC, 0xCB, 0xCE, 0xF4, 0x54, 0x3E, 0xEB, 0xBC, 0x12
    .byte   0x34, 0x33,    3, 0x0E, 0xEE, 0xCC, 0xCD, 0xDD, 0xF1, 0x32, 0x34, 0x56, 0x76, 0x43, 0x1C, 0xBA
    .byte   0x8A, 0xB2, 0x56, 0x64, 0x43, 0xDE, 0xED, 0xEE, 0xFD, 0xDC, 0xCD, 0xE2, 0x44, 0x40, 0xEC, 0xCB
    .byte   0xD2, 0x24, 0x43,    9, 0x00, 0xDD, 0xCC, 0xCD, 0xED, 0xF1, 0x32, 0x13, 0x45, 0x67, 0x55, 0x21
    .byte   0xCB, 0xA9, 0x9B, 0x35, 0x66, 0x54, 0xFD, 0xCD, 0xDE, 0x1E, 0xFD, 0xDC, 0xDE, 0x14, 0x44, 0x2D
    .byte   0xCB, 0xBE, 0xF3, 0x44,   10, 0x02, 0x1D, 0xCC, 0xBC, 0xEE, 0xE2, 0x22, 0x3F, 0x33, 0x35, 0x76
    .byte   0x54, 0x2F, 0xBB, 0x99, 0xA0, 0x46, 0x65, 0x44, 0xCC, 0xDC, 0xDE, 0x20, 0xEF, 0xCD, 0xDE, 0x33
    .byte   0x42, 0x2D, 0xBC, 0xC0, 0x24,  -14, 0x04, 0x4F, 0xEC, 0xCB, 0xCD, 0xC2, 0x30, 0x23, 0x22, 0x24
    .byte   0x45, 0x76, 0x44, 0x0C, 0xBA, 0x99, 0xD2, 0x56, 0x64, 0x42, 0xCC, 0xCC, 0xEE, 0x3E, 0xFE, 0xCD
    .byte   0xD2, 0x24, 0x32, 0x1D, 0xBC, 0xDE,  -45, 0x04, 0x44, 0x32, 0xEC, 0xCB, 0xBD, 0xD1, 0x24, 0x32
    .byte   0x32, 0xE2, 0x35, 0x76, 0x54, 0x2E, 0xBA, 0x9A, 0xB3, 0x56, 0x55, 0x41, 0xCC, 0xCC, 0xCE, 0x12
    .byte   0xFF, 0xFD, 0xDD, 0x33, 0x22, 0xFE, 0xCC,  -41, 0x0F, 0x13, 0x43, 0x32, 0xFD, 0xCC, 0xBC, 0xDE
    .byte   0x24, 0x42, 0x32, 0xEE, 0x25, 0x67, 0x55, 0x22, 0xBA, 0xA9, 0xB1, 0x56, 0x65, 0x40, 0xCB, 0xDB
    .byte   0xCD, 0x12, 0x10, 0x0E, 0xED, 0x22, 0xF3, 0xFD,  -19, 0x0C, 0xEE, 0x23, 0x34, 0x32, 0xED, 0xCC
    .byte   0xBC, 0xDD, 0x34, 0x53, 0x21, 0xED, 0xE4, 0x67, 0x65, 0x30, 0xBB, 0x99, 0xC0, 0x66, 0x65, 0x21
    .byte   0xCB, 0xCB, 0xCE, 0x32, 0xE2, 0xED, 0xED, 0x22, 0x31,   -3, 0x0F, 0xCC, 0xDE, 0x32, 0x44, 0x23
    .byte   0xED, 0xCC, 0xBC, 0xEE, 0x04, 0x43, 0x32, 0xFD, 0xE1, 0x47, 0x75, 0x52, 0xEA, 0xA9, 0xBD, 0x46
    .byte   0x65, 0x41, 0xEB, 0xCD, 0xBC, 0xE2, 0x1D, 0x21, 0xEF, 0xF1,   -6, 0x0F, 0x1E, 0xDD, 0xC1, 0x2E
    .byte   0x34, 0x4E, 0x3F, 0xCC, 0xBC, 0xDE, 0x04, 0x43, 0x23, 0xFC, 0xD2, 0x46, 0x76, 0x54, 0xEC, 0x9A
    .byte   0x9D, 0x45, 0x66, 0x53, 0xDC, 0xBB, 0xCC, 0xD0, 0x22, 0xE2, 0xEF,   -4, 0x0F, 0x3F, 0xFD, 0xDD
    .byte   0xCE, 0x01, 0x23, 0x33, 0x31, 0xEC, 0xCC, 0xCD, 0xE3, 0x33, 0x33, 0x1D, 0xE2, 0x33, 0x77, 0x55
    .byte   0x11, 0xAA, 0xAA, 0xF3, 0x56, 0x64, 0xFE, 0xDA, 0xDC, 0xCE, 0xD1, 0x0F,   -3, 0x0F, 0x3E, 0xE2
    .byte   0xED, 0xED, 0xFD, 0xEE, 0x02, 0x13, 0x43, 0xFE, 0xDB, 0xCC, 0xCE, 0x34, 0x53, 0x3D, 0xED, 0xD3
    .byte   0x67, 0x75, 0x4F, 0xCA, 0x9B, 0xB3, 0x46, 0x64, 0x4E, 0xDC, 0xBD, 0xCC, 0xDD,  -10, 0x01, 0x13
    .byte   0x22, 0xED, 0x1D, 0xEE, 0xE0, 0xDD, 0xE2, 0x20, 0x43, 0x3F, 0xDC, 0xBC, 0xCE, 0x23, 0x44, 0x20
    .byte   0xEF, 0xE2, 0x47, 0x75, 0x52, 0xEB, 0xAA, 0xA0, 0x44, 0x65, 0x4F, 0xFD, 0xCD, 0xCC,    3, 0x0D
    .byte   0xEE, 0x03, 0x31, 0x0E, 0xED, 0x0D, 0xF1, 0xED, 0xD2, 0xFF, 0x43, 0x22, 0xED, 0xBC, 0xCD, 0xD1
    .byte   0x44, 0x41, 0x22, 0xEE, 0x36, 0x76, 0x54, 0xEC, 0x9A, 0xBD, 0x35, 0x65, 0x3F, 0xE0, 0xCD,   54
    .byte   0x0C, 0xBB, 0xE2, 0xE3, 0x33, 0x1C, 0xEE, 0xFE, 0x02, 0xEC, 0xCE, 0x22, 0x34, 0x3F, 0xDC, 0xDD
    .byte   0xCD, 0xE2, 0x12, 0x43, 0x12, 0x32, 0x34, 0x77, 0x44, 0xEC, 0xA9, 0xCD, 0x44, 0x46, 0xF0, 0x22
    .byte     88, 0x0C, 0xDB, 0xBB, 0xB2, 0x43, 0x41, 0x1D, 0xCF, 0x03, 0xE2, 0xDC, 0xDC, 0x33, 0x34, 0xF1
    .byte   0xDB, 0xFD, 0xEE, 0xDE, 0xE1, 0x33, 0x43, 0x3E, 0x25, 0x67, 0x54, 0xEC, 0xB9, 0xCC, 0x44, 0xF6
    .byte   0x03,   79, 0x00, 0x4C, 0xDB, 0xAC, 0xB3, 0x14, 0x3D, 0x3C, 0xF2, 0x23, 0xD1, 0xDB, 0xEC, 0x33
    .byte   0x33, 0x22, 0xCD, 0xEE, 0xEC, 0xED, 0xD0, 0x35, 0x30, 0x32, 0x34, 0x77, 0x44, 0xDE, 0xA9, 0xDD
    .byte   0x42, 0x14,   56, 0x03, 0x24, 0x4D, 0xBB, 0xBB, 0xB3, 0x43, 0x1C, 0x1D, 0x13, 0x35, 0xDC, 0xCB
    .byte   0xED, 0x35, 0xE2, 0xDF, 0xFD, 0x3F, 0xDC, 0xCD, 0xDE, 0x25, 0x42, 0x33, 0x44, 0x77, 0x34, 0xDC
    .byte   0xAA, 0xDD, 0x4E,   14, 0x05, 0x34, 0x44, 0x3C, 0xBB, 0xBC, 0xD0, 0x10, 0xCE, 0x32, 0x34, 0x3F
    .byte   0xCC, 0xDD, 0x2D, 0x21, 0xEF, 0xF4, 0x01, 0xDC, 0xDC, 0xFF, 0xE0, 0xD2, 0x34, 0x44, 0x54, 0x67
    .byte   0x33, 0xEC, 0xBA, 0xDD,   16, 0x00, 0xD4, 0x44, 0x53, 0x3C, 0xCB, 0xCE, 0xCD, 0xDB, 0xE0, 0x43
    .byte   0x42, 0xF1, 0xC1, 0x2F, 0x1B, 0xDE, 0x13, 0x24, 0xFD, 0xCD, 0x0D, 0xED, 0xF0, 0xD1, 0x34, 0x5E
    .byte   0x45, 0x67, 0x34, 0xED, 0xCA,   50, 0x0B, 0xEE, 0xB4, 0x16, 0x53, 0x3C, 0xEB, 0xDD, 0xDE, 0xAD
    .byte   0xF2, 0x31, 0x40, 0xE2, 0xE3, 0xED, 0xFC, 0xDD, 0x24, 0x3E, 0xDE, 0xDE, 0xEF, 0xEC, 0xC0, 0x31
    .byte   0x24, 0x40, 0x45, 0x77, 0x34, 0xDC,   92, 0x0B, 0xFB, 0xCC, 0xB4, 0x36, 0x43, 0x0E, 0x0C, 0x0D
    .byte   0xCB, 0xB1, 0xD3, 0x1E, 0x3F, 0x23, 0x32, 0xCE, 0xD0, 0xEE, 0xFF, 0xFE, 0x22, 0x1D, 0xC1, 0xDE
    .byte   0xDE, 0x0E, 0xE2, 0x54, 0x34, 0x67, 0x54,  113, 0x0D, 0x2C, 0xCC, 0xBD, 0xA1, 0x44, 0x5E, 0x22
    .byte   0x33, 0xDE, 0xCB, 0xCD, 0xEE, 0xDD, 0x12, 0x33, 0x31, 0xDD, 0xF3, 0xE0, 0xCE, 0x1E, 0x32, 0x0E
    .byte   0xB1, 0x1E, 0xDC, 0xE2, 0xEE, 0x55, 0x33, 0x57,   87, 0x03, 0x3E, 0x3D, 0xCC, 0xBE, 0xAD, 0x34
    .byte   0x4D, 0x33, 0x42, 0xC2, 0xDF, 0xBD, 0xDC, 0xDC, 0x24, 0xE2, 0xE3, 0x3D, 0x22, 0xEE, 0xC2, 0x2E
    .byte   0x2D, 0x1D, 0xD2, 0xEE, 0xCD, 0xFE, 0x2D, 0x35, 0x35,    0, 0x06, 0x64, 0x32, 0x3F, 0xDC, 0xBC
    .byte   0xBC, 0x32, 0x0F, 0xF4, 0x5F, 0xEC, 0x0F, 0xED, 0xDC, 0xC0, 0xE3, 0x2D, 0xFF, 0x32, 0x20, 0xDF
    .byte   0xFF, 0xFE, 0xE1, 0x1E, 0xEF, 0xFC, 0xDE, 0xFD, 0xDE, 0x31,  -69, 0x05, 0x54, 0x66, 0x44, 0x22
    .byte   0x1D, 0xCB, 0xEB, 0xC0, 0xD2, 0xD3, 0x43, 0xFD, 0x32, 0xEF, 0xDE, 0xBE, 0xE0, 0x1C, 0xE0, 0x33
    .byte   0xD2, 0x2E, 0x1F, 0x1E, 0xE0, 0x12, 0xEE, 0xED, 0xE0, 0xDC, 0xDE,  -80, 0x0E, 0xE4, 0x45, 0x46
    .byte   0x64, 0x5F, 0x42, 0xDC, 0xCE, 0xBD, 0xCC, 0x2D, 0x02, 0x32, 0xD3, 0x33, 0x1C, 0xD2, 0xEF, 0xCD
    .byte   0xD2, 0x1D, 0x2D, 0x22, 0x11, 0xE1, 0x02, 0x2E, 0x10, 0xF1, 0xDD, 0xEE,  -52, 0x0C, 0xDD, 0xE3
    .byte   0x23, 0x44, 0x66, 0x44, 0x44, 0x4F, 0xDC, 0xFD, 0xCC, 0xCD, 0xCD, 0x12, 0xEC, 0x34, 0x3F, 0xE0
    .byte   0x32, 0xC2, 0xED, 0xEE, 0x1D, 0xDD, 0x22, 0xDE, 0xF2, 0x30, 0x1F, 0x31, 0x0F,  -26, 0x0E, 0xDF
    .byte   0xDD, 0xDC, 0xE2, 0x33, 0x35, 0x65, 0x34, 0x55, 0x3D, 0xF1, 0x0C, 0xCC, 0xDC, 0xCD, 0x2D, 0xBE
    .byte   0x34, 0xED, 0x24, 0x3D, 0x22, 0x10, 0xEE, 0xFD, 0xDF, 0xFD, 0xDD, 0x12, 0x1E, 0xF2,  -25, 0x03
    .byte   0xDE, 0x22, 0xED, 0xD1, 0xEC, 0xD1, 0x22, 0x33, 0x65, 0x34, 0x55, 0x30, 0xF1, 0x2E, 0xCC, 0xED
    .byte   0xCC, 0xCE, 0xCD, 0xE1, 0x0D, 0x23, 0x30, 0xF2, 0x42, 0xF0, 0x12, 0xED, 0x1D, 0xDD, 0xEF,  -36
    .byte   0x0D, 0xD3, 0x31, 0xD1, 0x23, 0xED, 0x21, 0xDD, 0xE2, 0x2F, 0x24, 0x64, 0xE5, 0x45, 0x4E, 0x2F
    .byte   0x3E, 0xCD, 0xDE, 0xCC, 0xDC, 0xDD, 0xDE, 0xEE, 0x02, 0x12, 0x13, 0x31, 0x31, 0x21, 0x01, 0xFE
    .byte     -6, 0x0D, 0x1E, 0xDC, 0x01, 0x2E, 0xD1, 0x22, 0x2E, 0x0F, 0xEF, 0xF1, 0xE2, 0x24, 0x54, 0xF3
    .byte   0x55, 0x4F, 0xE2, 0x32, 0xDD, 0xDD, 0xFD, 0xCD, 0xCC, 0xFE, 0xDC, 0xE2, 0x2E, 0xD3, 0x34, 0x10
    .byte   0x23,   13, 0x00, 0x0F, 0xD0, 0xE0, 0xDD, 0xDD, 0x11, 0xED, 0xD3, 0x22, 0xED, 0x22, 0x10, 0xF1
    .byte   0x23, 0x35, 0x32, 0x15, 0x54, 0xEC, 0x43, 0x2D, 0xC2, 0xDE, 0xDD, 0xDC, 0xDD, 0x10, 0xBD, 0x13
    .byte   0xFD, 0xF2,  -15, 0x02, 0xE1, 0x33, 0x02, 0xE2, 0xED, 0x00, 0xED, 0xD0, 0x02, 0xDE, 0xF1, 0x1F
    .byte   0xF0, 0x22, 0xEE, 0x22, 0x21, 0x23, 0x33, 0x23, 0x33, 0x32, 0x00, 0xF3, 0x10, 0xED, 0x1F, 0xEE
    .byte   0xDD, 0xEE, 0xDF,   -5, 0x0D, 0xFF, 0x1E, 0x1F, 0x02, 0x12, 0x1F, 0x11, 0x0F, 0xEF, 0xF1, 0xFE
    .byte   0xF1, 0x11, 0x00, 0x00, 0x1F, 0x2F, 0xE2, 0x12, 0x0E, 0x20, 0x2E, 0x11, 0x02, 0x12, 0x20, 0x12
    .byte   0x22, 0x0F, 0x30, 0xF0,   24, 0x02, 0x0F, 0xFE, 0x0E, 0xFF, 0xFE, 0xEE, 0x0F, 0xEF, 0xEF, 0x0F
    .byte   0x1E, 0x1F, 0x11, 0xF0, 0xF0, 0x11, 0x10, 0x20, 0xF1, 0x12, 0x1F, 0x1F, 0x01, 0xF1, 0xFE, 0x20
    .byte   0x0F, 0xE1, 0xE2, 0x1E, 0x0E,   -7, 0x02, 0xF0, 0x10, 0xF1, 0x02, 0x0F, 0xE1, 0x21, 0x01, 0xE2
    .byte   0xF0, 0x20, 0x1F, 0x01, 0x02, 0xFF, 0xF0, 0x00, 0x1F, 0x00, 0xE1, 0x0F, 0x01, 0x0F, 0xF0, 0x1F
    .byte   0xF0, 0x1E, 0xFF, 0x1F, 0x00, 0xE2,   -7, 0x01, 0x10, 0x0F, 0x10, 0x02, 0xEF, 0x1F, 0x20, 0xF0
    .byte   0x02, 0xE1, 0x1E, 0x10, 0xF2, 0xF0, 0xFF, 0x2E, 0x20, 0xFE, 0x2F, 0x20, 0xFF, 0xFF, 0x12, 0x00
    .byte   0xFF, 0x0F, 0x3E, 0x10, 0xF0, 0xF1, 0x11,    6, 0x0F, 0x0F, 0xF2, 0xE1, 0xFF, 0x1E, 0x2E, 0x20
    .byte   0xE0, 0xF1, 0x0F, 0x01, 0x0E, 0x10, 0x10, 0x1F, 0xF2, 0xE0, 0x10, 0x1E, 0x2F, 0xF1, 0x00, 0x0E
    .byte   0x12, 0x11, 0x0E, 0x01, 0x20, 0xF1, 0xE2, 0x01,    3, 0x00, 0x1E, 0x2E, 0x20, 0xF0, 0xF1, 0x00
    .byte   0xF1, 0x10, 0xE1, 0x10, 0x0F, 0x1F, 0xFF, 0x2E, 0xF0, 0xF1, 0x1F, 0x01, 0x0E, 0x10, 0x02, 0xFF
    .byte   0x0F, 0x2F, 0xFF, 0x2F, 0x01, 0xF1, 0xF0, 0x11, 0xFF,    1, 0x0F, 0xF2, 0xF0, 0xF1, 0xF1, 0x0F
    .byte   0x0F, 0x1F, 0x10, 0x1E, 0x11, 0xFF, 0xF2, 0xF0, 0xF0, 0x1E, 0x02, 0x01, 0xE0, 0x0F, 0x2F, 0x1E
    .byte   0x11, 0x10, 0x1F, 0x00, 0x00, 0x1F, 0x1F, 0x01, 0x11, 0x0F,    0, 0x00, 0x01, 0x01, 0xFF, 0x00
    .byte   0x1F, 0x11, 0xF1, 0x0E, 0x2E, 0x2F, 0x01, 0xE1, 0x10, 0xF0, 0x10, 0xF1, 0xFF, 0x10, 0x10, 0xF0
    .byte   0x00, 0x01, 0x0F, 0x11, 0xE1, 0x10, 0x00, 0x11, 0xE1, 0x11, 0x1F,    1, 0x0F, 0x1E, 0xE3, 0x10
    .byte   0xE1, 0x01, 0x10, 0x0F, 0x1F, 0x1F, 0xF1, 0xFF, 0x20, 0xE2, 0xE1, 0x01, 0x00, 0xF1, 0x0F, 0xF1
    .byte   0x01, 0x01, 0x0E, 0x10, 0x10, 0xFF, 0x00, 0x12, 0xEF, 0x01, 0x2E, 0xF0,    0, 0x01, 0xE1, 0x00
    .byte   0xF2, 0x2E, 0xF0, 0xE2, 0x0F, 0x20, 0xE0, 0x02, 0xE2, 0xE2, 0x1E, 0xE0, 0x22, 0x0E, 0x1F, 0xF1
    .byte   0xF1, 0x10, 0x1F, 0x0F, 0x01, 0xFF, 0x01, 0x0F, 0xF2, 0xFF, 0x0F, 0xF2, 0xFF,   -1, 0x0F, 0x2E
    .byte   0x2F, 0x0E, 0x02, 0x0F, 0xF1, 0x10, 0xFF, 0xF2, 0x01, 0xE1, 0x00, 0x01, 0xFF, 0x2E, 0x10, 0x11
    .byte   0xE1, 0x11, 0x00, 0xF0, 0x1F, 0x0F, 0xF2, 0xFF, 0xF1, 0x01, 0xF0, 0x10, 0xFE, 0x20,    0, 0x01
    .byte   0xF1, 0x1E, 0x11, 0x11, 0xEF, 0x22, 0xE1, 0xEF, 0x11, 0x1E, 0x3E, 0xE2, 0xE1, 0x21, 0xFF, 0xFF
    .byte   0x2F, 0xEF, 0x21, 0x1E, 0xF0, 0x11, 0x10, 0x0E, 0x11, 0x2F, 0xE2, 0xE2, 0xE1, 0x2D, 0x3E,   -1
    .byte   0x02, 0xEF, 0x02, 0x1E, 0xE3, 0xFE, 0xEF, 0x31, 0x0E, 0x00, 0xE1, 0x20, 0x11, 0x1D, 0xF2, 0x02
    .byte   0x2E, 0xEE, 0x20, 0xF2, 0x01, 0x00, 0xE0, 0x02, 0x2D, 0x1F, 0x12, 0x0E, 0x11, 0x2E, 0xD3, 0x1F
    .byte      8, 0x0D, 0xD3, 0xF3, 0xD0, 0x2D, 0x3E, 0x3F, 0xCD, 0x51, 0xFE, 0xC3, 0x21, 0x3C, 0x03, 0xD4
    .byte   0xEF, 0xD4, 0xFB, 0x3E, 0x32, 0x3F, 0xEE, 0xC2, 0xD3, 0x4E, 0x2E, 0xED, 0x4F, 0xE3, 0xE2, 0xFC
    .byte   0xFE,   -5, 0x04, 0x01, 0xC0, 0xE3, 0x3C, 0x13, 0x1E, 0xED, 0x22, 0x20, 0xF3, 0x2C, 0x2E, 0xDE
    .byte   0xF4, 0x42, 0xDD, 0x12, 0xDF, 0xE2, 0x3E, 0x23, 0xDE, 0x1C, 0x21, 0x03, 0x33, 0xFF, 0xCD, 0xD1
    .byte   0x43, 0x01,    7, 0x0E, 0x1E, 0x0F, 0xF0, 0x23, 0xED, 0xE0, 0x13, 0x0E, 0x0E, 0xFF, 0xF2, 0x20
    .byte   0x1F, 0x1F, 0x00, 0xF2, 0x11, 0x1F, 0xF0, 0x1F, 0xFF, 0xF1, 0x0F, 0x10, 0x0E, 0xFF, 0x11, 0x00
    .byte   0xF0, 0x10, 0xF1,   -1, 0x0F, 0x1F, 0x1F, 0x2F, 0xF0, 0xF0, 0x00, 0x00, 0x1F, 0x0F, 0x01, 0xFF
    .byte   0x11, 0x00, 0x0F, 0x00, 0xF1, 0x00, 0x00, 0x10, 0x0F, 0x10, 0xF0, 0x00, 0x10, 0x00, 0x1F, 0x0F
    .byte   0x01, 0x10, 0xF1, 0xF0,    0, 0x00, 0x00, 0x1F, 0x1F, 0x00, 0xF0, 0x01, 0x00, 0xF1, 0x10, 0x00
    .byte   0x00, 0x00, 0x10, 0xF1, 0x00, 0xF0, 0x10, 0xF1, 0xF1, 0xF1, 0x0F, 0x1F, 0x00, 0x1F, 0x00, 0x00
    .byte   0x00, 0x00, 0x00, 0x1F, 0x00,    1, 0x00, 0x00, 0x00, 0xF0, 0x01, 0x0F, 0x10, 0xF0, 0x1F, 0x1F
    .byte   0x00, 0x00, 0x1F, 0xF1, 0x0F, 0x1F, 0x10, 0x0F, 0x10, 0x00, 0x00, 0x00, 0x00, 0xF1, 0xF0, 0x01
    .byte   0xF1, 0xF0, 0x00, 0x00, 0x0F, 0x10,    0, 0x0F, 0x00, 0x1F, 0x01, 0x0F, 0x00, 0x01, 0x0F, 0x01
    .byte   0x0F, 0x1F, 0x00, 0x00, 0x01, 0x00, 0x0F, 0x10, 0x00, 0x0F, 0x10, 0x0F, 0x11, 0xF0, 0xF0, 0x10
    .byte   0x00, 0x00, 0x00, 0xF1, 0x00, 0x00, 0x00,    0, 0x00, 0x00, 0xF1, 0x00, 0xF1, 0xF1, 0xF1, 0x10
    .byte   0xF0, 0x00, 0x00, 0x00, 0x1F, 0x00, 0x00, 0x00, 0x01, 0xF0, 0x01, 0xF0, 0x01, 0x00, 0xF1, 0xF1
    .byte   0xF0, 0x1F, 0x10, 0xFF, 0x11, 0xF0, 0x00, 0x1F,   -1, 0x01, 0x01, 0x0F, 0x00, 0x00, 0x1F, 0x00
    .byte   0xF1, 0xF1, 0x00, 0xF1, 0x00, 0x0F, 0x10, 0x01, 0xF0, 0x00, 0xF1, 0x1F, 0x00, 0x00, 0x1F, 0x1F
    .byte   0x00, 0x00, 0x00, 0x00, 0x00, 0x0F, 0x10, 0xF1, 0x01,    0, 0x0F, 0x1F, 0x11, 0xF0, 0x00, 0x00
    .byte   0xF1, 0x00, 0x00, 0x00, 0x1F, 0x1F, 0xF1, 0xF1, 0x0F, 0x10, 0x1F, 0x00, 0x00, 0x00, 0x00, 0x00
    .byte   0x00, 0x01, 0xF0, 0xF0, 0x01, 0x1F, 0x00, 0x00, 0x1F, 0x00,    1, 0x0F, 0xF1, 0x00, 0xF1, 0x00
    .byte   0x00, 0x00, 0x10, 0xFF, 0x01, 0x1F, 0x0F, 0x10, 0x00, 0xF1, 0x00, 0x1F, 0x01, 0xF0, 0x0F, 0x1F
    .byte   0x10, 0x00, 0x01, 0xF0, 0xF1, 0x00, 0x00, 0x00, 0x00, 0x00, 0x0F,    0, 0x00, 0x00, 0x0F, 0x1F
    .byte   0x10, 0x00, 0x00, 0x00, 0xF1, 0x00, 0x00, 0x00, 0x00, 0x1F, 0x01, 0xF0, 0xF1, 0x00, 0x00, 0x00
    .byte   0x00, 0x00, 0x00, 0x1F, 0x0F, 0x10, 0x01, 0xF0, 0x00, 0x00, 0xF1, 0x00,   -1, 0x01, 0x00, 0x00
    .byte   0x01, 0xF0, 0x10, 0xF0, 0x00, 0x0F, 0x10, 0x00, 0x1F, 0x00, 0x00, 0x00, 0xF1, 0x00, 0x00, 0xF1
    .byte   0x1F, 0x0F, 0x10, 0x00, 0x1F, 0x00, 0x00, 0x00, 0xF1, 0xF1, 0x1F, 0x1F, 0x00,    0, 0x00, 0x01
    .byte   0xF0, 0x0F, 0x10, 0x01, 0xF1, 0xFF, 0x10, 0x1F, 0x00, 0x01, 0x0F, 0x00, 0x00, 0x10, 0xF0, 0x00
    .byte   0x00, 0x00, 0x01, 0x0F, 0x00, 0xF0, 0x10, 0x00, 0x00, 0x00, 0xF1, 0xF1, 0x00, 0x00,    0, 0x00
    .byte   0x0F, 0x10, 0x01, 0x0F, 0x00, 0x00, 0x01, 0xF0, 0x00, 0x00, 0x00, 0x00, 0x00, 0x01, 0xF0, 0x00
    .byte   0x00, 0x00, 0x01, 0x0F, 0x01, 0x0F, 0x00, 0xF1, 0x00, 0x0F, 0x10, 0x00, 0x00, 0x01, 0xF0,    0
    .byte   0x00, 0x00, 0x00, 0x00, 0xF1, 0x00, 0xF0, 0x10, 0x00, 0x1F, 0x00, 0x00, 0x00, 0x0F, 0x11, 0xF1
    .byte   0xF1, 0xFF, 0x1F, 0x10, 0x00, 0x10, 0x0F, 0x0F, 0xF1, 0x12, 0x2F, 0xCC, 0xD5, 0x55, 0x1C, 0xAC
    .byte    -27, 0x04, 0x43, 0xEC, 0xD2, 0x13, 0x44, 0xFB, 0xBE, 0x35, 0x31, 0xCB, 0xF3, 0x54, 0xEC, 0xCC
    .byte   0x11, 0x44, 0xE6, 0xA9, 0x34, 0x76, 0xAB, 0x8C, 0x56, 0x74, 0xDA, 0x92, 0x46, 0x5D, 0xAC, 0xD4
    .byte   0x63,   18, 0x0A, 0xA1, 0x47, 0x72, 0xD9, 0xA0, 0x56, 0x4D, 0xB9, 0xD3, 0x55, 0x1D, 0xBC, 0x14
    .byte   0x55, 0xDC, 0xBF, 0x54, 0x5D, 0xBC, 0xC4, 0x4D, 0xDB, 0xD2, 0x35, 0x00, 0x2C, 0x21, 0x45, 0x2D
    .byte   0xBC, 0x33,   22, 0x0E, 0xCC, 0xC3, 0x43, 0x1D, 0xCE, 0x33, 0x4F, 0xDD, 0xF1, 0x43, 0x2D, 0xCE
    .byte   0x23, 0x2E, 0xDD, 0xF3, 0x23, 0x2D, 0xEE, 0x24, 0x11, 0xDC, 0xFF, 0x23, 0xF0, 0xD1, 0x33, 0x3E
    .byte   0xEF, 0xE1, 0x11,    8, 0x0D, 0xDE, 0xF2, 0x30, 0xEE, 0xE0, 0x33, 0x2E, 0x10, 0x02, 0x12, 0xFE
    .byte   0xEF, 0xE0, 0xEE, 0xDE, 0xE2, 0x33, 0x2E, 0xF0, 0x23, 0x22, 0xED, 0xEE, 0x21, 0x10, 0xDE, 0xE1
    .byte   0x32, 0x0E, 0xE0, 0x33,   16, 0x0D, 0xDD, 0x13, 0x32, 0xDE, 0xEF, 0x22, 0x10, 0xE0, 0x01, 0x2F
    .byte   0x0E, 0x02, 0x11, 0x0E, 0xE0, 0x20, 0xFF, 0xF0, 0xF1, 0x00, 0x2F, 0xFF, 0x32, 0x0F, 0xDE, 0x22
    .byte   0x10, 0xDD, 0xF1, 0x32, 0xFE,   -8, 0x0F, 0x23, 0x31, 0xFD, 0xDE, 0x24, 0x20, 0xDD, 0xDF, 0x22
    .byte   0x21, 0xFF, 0xE1, 0x12, 0x31, 0xEE, 0x01, 0x11, 0xDF, 0xFF, 0x2F, 0xFF, 0xE2, 0x22, 0x2F, 0xEE
    .byte   0x10, 0x03, 0xFE, 0xED, 0x22, 0x21,    1, 0x0D, 0xF1, 0x13, 0x23, 0xEE, 0xEE, 0xF2, 0xFF, 0xFE
    .byte   0xE2, 0x22, 0x2E, 0xEE, 0x12, 0x20, 0xF1, 0xEF, 0x31, 0x1E, 0xEE, 0xF1, 0x12, 0xED, 0x11, 0x32
    .byte   0x2F, 0xEE, 0xE1, 0x22, 0x1E, 0xEF, 0x2F,    0, 0x0F, 0xE2, 0xE0, 0x01, 0x10, 0x20, 0x30, 0xFD
    .byte   0xDE, 0x23, 0x22, 0xFE, 0xEF, 0xF2, 0x1E, 0x1E, 0xE0, 0x23, 0x32, 0xD1, 0xDF, 0x00, 0x10, 0xDD
    .byte   0xF3, 0x34, 0x11, 0xDE, 0xDF, 0x12, 0x1F, 0xEF,   -3, 0x02, 0x02, 0x10, 0xED, 0xE2, 0x11, 0xF2
    .byte   0x30, 0xF0, 0x00, 0xEF, 0xFF, 0xED, 0x13, 0x23, 0xE0, 0xFE, 0x01, 0x32, 0xEC, 0xDE, 0xE4, 0x31
    .byte   0x20, 0xE2, 0x3E, 0xED, 0xCD, 0x22, 0x43, 0x31, 0xEE,    9, 0x01, 0xEC, 0x1D, 0xF1, 0xE5, 0x23
    .byte   0x12, 0x1C, 0xFC, 0xE1, 0xE2, 0x23, 0x22, 0x32, 0xFE, 0xDD, 0xEC, 0xE1, 0x34, 0x33, 0x30, 0xEC
    .byte   0xDF, 0xDE, 0xE3, 0x12, 0x32, 0x31, 0x1D, 0xEE, 0xDE, 0xF2,   -6, 0x02, 0x33, 0xF0, 0xEE, 0xDD
    .byte   0x0E, 0x11, 0x24, 0x33, 0xED, 0x0C, 0xDE, 0x01, 0x13, 0x22, 0x22, 0x20, 0xDC, 0xE0, 0x23, 0x43
    .byte   0xED, 0xDD, 0x11, 0x30, 0x0D, 0xE2, 0x13, 0x40, 0xFC, 0xCF, 0xE3,    5, 0x04, 0x0C, 0xED, 0xD2
    .byte   0x43, 0xFD, 0xDD, 0xF3, 0x43, 0x3C, 0xCD, 0xEE, 0x35, 0xF2, 0xDD, 0xF0, 0x3E, 0x4F, 0xCE, 0xE1
    .byte   0x14, 0x12, 0xFD, 0xDD, 0x21, 0x23, 0x20, 0xEE, 0xE1, 0x2F, 0x02, 0xEF,   -2, 0x01, 0x11, 0xED
    .byte   0xEF, 0xFF, 0x43, 0x32, 0xEE, 0xDD, 0xD0, 0x20, 0xE3, 0x31, 0x22, 0x2E, 0xED, 0xC2, 0xE2, 0x43
    .byte   0x1E, 0x1D, 0xD2, 0xF2, 0x3F, 0xEF, 0x3E, 0xF2, 0xF1, 0xE1, 0xEF, 0xF0, 0x20,    5, 0x0E, 0x01
    .byte   0xE2, 0x2F, 0xED, 0xEE, 0x21, 0x33, 0x2E, 0xEE, 0xDE, 0xEE, 0x2F, 0xFF, 0x02, 0x03, 0x21, 0x1D
    .byte   0xDD, 0xEF, 0x24, 0x42, 0x3F, 0xD0, 0x22, 0x43, 0x10, 0x10, 0xD0, 0x2E, 0x12, 0xFE,   33, 0x0E
    .byte   0xE2, 0xFE, 0xEE, 0xCE, 0x0F, 0xF2, 0x2E, 0xEE, 0xED, 0xEE, 0xE2, 0x11, 0x11, 0xFE, 0xFE, 0xEF
    .byte   0xE0, 0x11, 0x23, 0x32, 0x2F, 0xED, 0xE1, 0x24, 0x35, 0x44, 0x22, 0x2D, 0xBE, 0xEF, 0xD3,   31
    .byte   0x02, 0x3F, 0x43, 0xED, 0xCE, 0xAC, 0xF2, 0x32, 0x31, 0xED, 0xD1, 0x11, 0xF1, 0xED, 0xD0, 0x20
    .byte   0x23, 0x10, 0xDD, 0x0E, 0xE2, 0x11, 0xEE, 0xEF, 0x22, 0x42, 0x2E, 0xEF, 0xF3, 0x35, 0x54, 0x32
    .byte     66, 0x0C, 0xCE, 0xEF, 0x02, 0x3E, 0x23, 0x31, 0x00, 0xCC, 0xBD, 0xEE, 0x22, 0x31, 0xD2, 0xE2
    .byte   0xFE, 0x3D, 0xDD, 0xD2, 0xF2, 0x32, 0x1E, 0xFF, 0xEF, 0xFE, 0xED, 0xEF, 0x22, 0x34, 0xFE, 0xDE
    .byte   0xDE,  -31, 0x04, 0x52, 0x53, 0x24, 0xF2, 0xCD, 0xFB, 0x3D, 0x23, 0x23, 0x32, 0xFD, 0xFC, 0xCC
    .byte   0xDE, 0x0E, 0x3E, 0x2F, 0x02, 0xE2, 0xE0, 0xEE, 0xFE, 0x0F, 0x12, 0x02, 0x11, 0xEE, 0xFE, 0xEE
    .byte   0xEE, 0xE0,  -43, 0x00, 0x13, 0x21, 0x3E, 0xEE, 0xE3, 0x25, 0x55, 0x42, 0x2D, 0xCE, 0xDF, 0xE0
    .byte   0x21, 0x02, 0x32, 0x1D, 0xED, 0xCC, 0xDF, 0xD2, 0x12, 0xED, 0x11, 0x22, 0xF3, 0xEE, 0xDE, 0x0F
    .byte   0x02, 0x2E, 0x02,  -13, 0x00, 0xF2, 0xED, 0xDE, 0xED, 0xFF, 0x32, 0x23, 0x1E, 0xD0, 0xD2, 0x33
    .byte   0x44, 0x63, 0x44, 0xC1, 0xCE, 0xED, 0x3D, 0x2F, 0xF3, 0x23, 0xE0, 0xCC, 0xCC, 0x3C, 0x4E, 0xEE
    .byte   0xC3, 0xD1, 0x41, 0x3D,  -10, 0x0E, 0x2E, 0x22, 0xEE, 0xD0, 0xF2, 0x32, 0x2D, 0xDE, 0xD0, 0xEF
    .byte   0xEE, 0xEF, 0x33, 0x32, 0x0C, 0xEE, 0x24, 0x35, 0x25, 0x32, 0x5D, 0x2D, 0xD1, 0xC3, 0xD1, 0x2E
    .byte   0x4E, 0x2F, 0xDD, 0xDD, 0xC2,   -5, 0x00, 0xED, 0x2C, 0x3F, 0x22, 0xF3, 0xE0, 0x0F, 0x20, 0xEE
    .byte   0xEF, 0xF1, 0x30, 0xF1, 0xED, 0xFE, 0xEE, 0xEE, 0xF2, 0x02, 0x21, 0xEE, 0xFF, 0x22, 0x23, 0x33
    .byte   0x45, 0x35, 0x1F, 0xED, 0x2D, 0x2E,   44, 0x01, 0xD3, 0x22, 0x3D, 0x1C, 0xDD, 0xD1, 0xDF, 0xDD
    .byte   0xDE, 0x22, 0x13, 0x0E, 0xF0, 0x21, 0x2E, 0xEE, 0xEF, 0x22, 0xF2, 0x0E, 0x0E, 0x0E, 0xFE, 0xDE
    .byte   0xD1, 0x22, 0x3F, 0x1D, 0xEF, 0x03, 0x23,  -16, 0x03, 0x34, 0x44, 0x41, 0x1F, 0xE2, 0xE1, 0xED
    .byte   0x1E, 0x31, 0x20, 0xED, 0xDD, 0xDE, 0xED, 0xDD, 0xDE, 0x2E, 0x20, 0x00, 0xE2, 0xF3, 0x2D, 0x0E
    .byte   0xEF, 0x22, 0x22, 0xE0, 0xF0, 0xF1, 0x1E, 0xDE,  -39, 0x0F, 0xE2, 0x10, 0x10, 0x0F, 0xE0, 0x11
    .byte   0x22, 0x33, 0x24, 0x44, 0x32, 0x3F, 0x22, 0x03, 0xD1, 0xDE, 0x3F, 0x3E, 0xEE, 0xCE, 0xDF, 0xDE
    .byte   0xDD, 0xDD, 0x2E, 0x20, 0xEF, 0xD1, 0xE2, 0x20, 0x1F,  -24, 0x00, 0x21, 0x32, 0x01, 0xE0, 0xEF
    .byte   0xF1, 0xFE, 0xEE, 0xEF, 0x0E, 0xFF, 0xE0, 0xEF, 0x0F, 0x11, 0x21, 0x22, 0x33, 0x33, 0x34, 0x23
    .byte   0x32, 0x4F, 0x3F, 0x02, 0x02, 0x21, 0xEF, 0xDD, 0xDD, 0xED,   25, 0x0D, 0xDD, 0xEE, 0xDE, 0xED
    .byte   0xEE, 0xEF, 0x11, 0x1F, 0x10, 0x22, 0x22, 0x22, 0x12, 0x02, 0xE2, 0x00, 0xEF, 0x0E, 0xF1, 0xFE
    .byte   0xEE, 0xFE, 0x00, 0x0F, 0x11, 0x32, 0x33, 0x33, 0x33, 0x32, 0x33,   69, 0x02, 0x21, 0x21, 0x21
    .byte   0x1E, 0xED, 0xED, 0xDD, 0xDD, 0xDE, 0xDE, 0xDE, 0xED, 0xEE, 0xD1, 0xE0, 0x01, 0x02, 0x12, 0x20
    .byte   0x30, 0x22, 0x03, 0xF1, 0x1F, 0x1F, 0xFF, 0xEE, 0xEF, 0xEF, 0x0E, 0xEF,  -43, 0x00, 0x01, 0x21
    .byte   0x22, 0x23, 0x34, 0x23, 0x32, 0x42, 0x33, 0xF2, 0x02, 0x20, 0x2E, 0xED, 0xFE, 0xDD, 0xDD, 0xDE
    .byte   0xED, 0xED, 0xED, 0xDE, 0xEE, 0xEF, 0x00, 0x11, 0x20, 0x31, 0x22, 0x12, 0x22,   -8, 0x01, 0x1F
    .byte   0x00, 0x00, 0xEE, 0xEE, 0xEF, 0xFE, 0xFE, 0xEE, 0x02, 0x02, 0x11, 0x22, 0x33, 0x42, 0x33, 0x23
    .byte   0x33, 0x22, 0x21, 0x22, 0x21, 0xFE, 0xEE, 0xED, 0xDD, 0xDD, 0xED, 0xED, 0xDE, 0xDE,  -33, 0x0E
    .byte   0xEE, 0xFF, 0xF2, 0x10, 0x22, 0x22, 0x12, 0x22, 0x22, 0x02, 0x02, 0xFF, 0x0E, 0xFE, 0xE0, 0xEE
    .byte   0xEE, 0xEE, 0xE0, 0xEF, 0x00, 0x21, 0x22, 0x33, 0x33, 0x23, 0x33, 0x32, 0x32, 0x22, 0x22,   80
    .byte   0x02, 0xEF, 0xFE, 0xED, 0xED, 0xDD, 0xDE, 0xDE, 0xDE, 0xDE, 0xED, 0xEE, 0xEF, 0x01, 0x11, 0x21
    .byte   0x22, 0x22, 0x22, 0x22, 0x21, 0x20, 0x20, 0x0F, 0xE0, 0xEF, 0xFE, 0xED, 0xFE, 0xEE, 0xEE, 0xFE
    .byte    -47, 0x01, 0x02, 0x22, 0x33, 0x33, 0x32, 0x33, 0x33, 0x22, 0x22, 0x22, 0x21, 0x0E, 0xFE, 0xED
    .byte   0xED, 0xDD, 0xED, 0xED, 0xED, 0xDF, 0xEE, 0xDE, 0xFF, 0xF1, 0x11, 0x21, 0x22, 0x22, 0x22, 0x22
    .byte   0x22,    3, 0x01, 0x2F, 0x1F, 0xFE, 0xFF, 0xFE, 0xEE, 0xDF, 0xEE, 0xDE, 0xFE, 0x11, 0x01, 0x12
    .byte   0x23, 0x33, 0x32, 0x34, 0x23, 0x23, 0x12, 0x22, 0x22, 0x1F, 0xFF, 0xEE, 0xDD, 0xED, 0xED, 0xED
    .byte   0xED, 0xDF,  -22, 0x0E, 0xDE, 0xEF, 0xF0, 0x01, 0x12, 0x12, 0x22, 0x22, 0x23, 0x12, 0x22, 0x21
    .byte   0x11, 0xFF, 0xFE, 0xEE, 0xEE, 0xED, 0xFE, 0xDE, 0xEE, 0xFE, 0xF0, 0x11, 0x22, 0x33, 0x33, 0x33
    .byte   0x33, 0x32, 0x32,   59, 0x02, 0x22, 0x21, 0x0F, 0xEE, 0xED, 0xED, 0xDE, 0xDE, 0xED, 0xED, 0xEE
    .byte   0xED, 0xEE, 0xE0, 0x0F, 0x11, 0x22, 0x12, 0x12, 0x22, 0x23, 0x21, 0x22, 0x21, 0x21, 0xF1, 0xF0
    .byte   0xEE, 0xEE, 0xEE, 0xEE,  -21, 0x0E, 0xEE, 0xEE, 0xEF, 0xFF, 0x00, 0x12, 0x32, 0x33, 0x32, 0x33
    .byte   0x32, 0x23, 0x22, 0x22, 0x22, 0x0F, 0xF0, 0xED, 0xED, 0xED, 0xEE, 0xDE, 0xED, 0xFE, 0xED, 0xEE
    .byte   0xEE, 0x0F, 0x00, 0x21, 0x02,  -30, 0x01, 0x21, 0x22, 0x22, 0x22, 0x22, 0x22, 0x11, 0x10, 0x11
    .byte   0xFF, 0xF0, 0xE1, 0xEE, 0xEE, 0xEE, 0xEE, 0xEE, 0xEF, 0xE0, 0xE0, 0xE0, 0x01, 0x11, 0x22, 0x23
    .byte   0x23, 0x23, 0x23, 0x32, 0x22, 0x23,   57, 0x02, 0x11, 0x1F, 0x0E, 0xEE, 0xDE, 0xED, 0xFD, 0xEE
    .byte   0xDF, 0xED, 0xEE, 0xEE, 0xEF, 0xFE, 0x01, 0x10, 0x21, 0x00, 0x21, 0x21, 0x21, 0x22, 0x12, 0x21
    .byte   0x21, 0x22, 0x02, 0x12, 0x02, 0x02, 0x10,   30, 0x00, 0x00, 0xE0, 0xEE, 0x0E, 0xEE, 0xFE, 0xFE
    .byte   0xEF, 0xEF, 0xFF, 0xFF, 0x0F, 0x00, 0x00, 0x00, 0x00, 0x00, 0xFF, 0xF0, 0xE0, 0xFF, 0xF0, 0x11
    .byte   0x22, 0x22, 0x32, 0x31, 0x32, 0x22, 0x22, 0x22,   53, 0x01, 0x10, 0xF1, 0xEE, 0xDE, 0xFD, 0xEE
    .byte   0xEE, 0xDE, 0xFE, 0xED, 0xEE, 0xFF, 0xE0, 0xF0, 0x00, 0x21, 0x11, 0x12, 0x21, 0x22, 0x22, 0x22
    .byte   0x22, 0x11, 0x21, 0x01, 0x11, 0x0F, 0x0F, 0xF0, 0xFF,   13, 0x0F, 0xEF, 0xE0, 0xE0, 0xEF, 0x0E
    .byte   0xFF, 0xF0, 0xE0, 0x01, 0xF1, 0x11, 0x02, 0x00, 0x21, 0x02, 0x11, 0x11, 0x01, 0x11, 0x01, 0x00
    .byte   0x1F, 0x10, 0x00, 0xFF, 0x00, 0xF1, 0xF0, 0xF0, 0x01, 0x0F,    4, 0x0F, 0x1F, 0x0F, 0x00, 0x0F
    .byte   0x00, 0x0F, 0x0F, 0xF0, 0xF0, 0xF1, 0x00, 0x00, 0x00, 0x1F, 0x11, 0x00, 0x10, 0x00, 0x10, 0x10
    .byte   0x01, 0xF1, 0xF1, 0x0F, 0x0F, 0xF1, 0xF0, 0x0F, 0xF0, 0x00, 0x0F,   -3, 0x00, 0x00, 0x00, 0x00
    .byte   0x00, 0x01, 0x00, 0x01, 0x01, 0x01, 0x00, 0xF1, 0x01, 0x00, 0x01, 0x0F, 0x10, 0xF0, 0x00, 0x00
    .byte   0x0F, 0x00, 0xF0, 0x00, 0xFF, 0x0F, 0x1F, 0x00, 0x0F, 0x00, 0x1F, 0x10,   -3, 0x00, 0x11, 0xF0
    .byte   0x01, 0x01, 0x10, 0x00, 0x10, 0x00, 0x00, 0x01, 0x00, 0x00, 0x0F, 0x10, 0x0F, 0x1F, 0xF0, 0x0F
    .byte   0x1F, 0x00, 0x00, 0xF0, 0x00, 0xF0, 0x00, 0x0F, 0x01, 0x00, 0x00, 0x00, 0x10,   -2, 0x01, 0x10
    .byte   0xF1, 0x00, 0x01, 0xF1, 0x00, 0x01, 0x0F, 0x1F, 0x1F, 0x01, 0xF1, 0xFF, 0x00, 0x1F, 0x00, 0x00
    .byte   0xF0, 0x1F, 0x00, 0x00, 0x1F, 0x10, 0x0F, 0x00, 0x00, 0x01, 0xF0, 0x00, 0x10, 0xF1,    1, 0x00
    .byte   0xF0, 0x1F, 0x10, 0x00, 0x01, 0xF1, 0x00, 0xF0, 0x1F, 0x00, 0x00, 0x0F, 0x10, 0xF0, 0x00, 0xF0
    .byte   0xF1, 0x00, 0x00, 0xF0, 0x01, 0xF1, 0x0F, 0x10, 0x00, 0xF1, 0x10, 0x0F, 0x00, 0x11, 0x0F,    0
    .byte   0x01, 0x00, 0x00, 0x00, 0x0F, 0x10, 0x00, 0xF0, 0x1F, 0x1F, 0x00, 0xF1, 0x00, 0x0F, 0x00, 0x00
    .byte   0x00, 0x00, 0x01, 0xF1, 0xF0, 0x10, 0x0F, 0x10, 0x01, 0xF0, 0x01, 0x00, 0xF1, 0x00, 0x00, 0x00
    .byte      1, 0x00, 0x00, 0x0F, 0x10, 0xF0, 0x1F, 0x00, 0x00, 0x0F, 0x01, 0xF1, 0xF0, 0x1F, 0x01, 0x0F
    .byte   0x1F, 0x10, 0xF1, 0x00, 0x00, 0x00, 0x00, 0x00, 0x1F, 0x00, 0x01, 0xF0, 0x1F, 0x0F, 0x10, 0x00
    .byte   0xF1,    0, 0x00, 0x00, 0x1F, 0x01, 0xF0, 0x0F, 0x1F, 0x10, 0x1F, 0x00, 0xF0, 0x10, 0x01, 0xFF
    .byte   0x00, 0x1F, 0x00, 0xE1, 0x10, 0x2F, 0xEF, 0x23, 0xDC, 0xE2, 0x21, 0x33, 0x40, 0xDD, 0x05, 0x51
    .byte   0xB9, 0x92,   -5, 0x07, 0x29, 0xC4, 0x4C, 0xA0, 0x66, 0xD9, 0xC5, 0x6E, 0xAD, 0x54, 0xCB, 0xE5
    .byte   0x6D, 0xBB, 0x47, 0x0A, 0xB4, 0x62, 0xAD, 0x24, 0x4B, 0xC3, 0x5F, 0xBD, 0x41, 0x4D, 0xB2, 0x25
    .byte   0x3C, 0xB2, 0x64,   -7, 0x0B, 0x65, 0xDA, 0xE5, 0x4E, 0xA2, 0x51, 0xCD, 0x43, 0xEC, 0x04, 0x0D
    .byte   0xD3, 0x4C, 0xC3, 0x42, 0xCE, 0x3E, 0x5D, 0xCD, 0x06, 0xFA, 0xB6, 0x51, 0x92, 0x37, 0xC9, 0x35
    .byte   0x78, 0xC2, 0x55, 0xDA,  -38, 0x05, 0x7D, 0x9B, 0x77, 0xB8, 0xF6, 0x7B, 0x9E, 0x57, 0xC8, 0xD7
    .byte   0x7C, 0x9A, 0x76, 0xE8, 0x37, 0x19, 0x33, 0x44, 0xAD, 0xC7, 0x5A, 0xA1, 0x74, 0xB9, 0x56, 0x59
    .byte   0x95, 0x76, 0x8A, 0x47, 0x58,  -57, 0x07, 0x64, 0xA8, 0x67, 0x59, 0x95, 0x55, 0xD9, 0xD5, 0x71
    .byte   0x8B, 0x77, 0xB9, 0xC7, 0x5D, 0x9F, 0x63, 0xEB, 0xD5, 0x3D, 0xEB, 0x45, 0x3A, 0xB6, 0x5C, 0xDD
    .byte   0xD4, 0x4F, 0xCC, 0x16, 0x0C, 0xA2,   39, 0x01, 0x8D, 0x65, 0xEA, 0xC5, 0x5D, 0xCC, 0xE7, 0x1A
    .byte   0xB6, 0x43, 0xAB, 0x56, 0xEA, 0xD4, 0x43, 0xCB, 0x16, 0x4A, 0xB3, 0x65, 0xAA, 0x45, 0x4C, 0xA3
    .byte   0x6F, 0xCC, 0x15, 0x3C, 0xB2, 0x53, 0xDB,  -18, 0x05, 0x4E, 0x93, 0x60, 0xCD, 0x04, 0x2D, 0xC3
    .byte   0x33, 0xEB, 0x24, 0x4D, 0xB1, 0x52, 0xCC, 0x35, 0xDD, 0xD0, 0x42, 0xDD, 0xF4, 0x01, 0xD0, 0x2E
    .byte   0xE2, 0x23, 0xCC, 0x43, 0x3C, 0xE3, 0x3D, 0xC2,    8, 0x00, 0xED, 0xE3, 0x23, 0xDD, 0xE4, 0x1D
    .byte   0xFD, 0x5E, 0xCE, 0x34, 0xEC, 0xC3, 0x52, 0xDC, 0x23, 0xFE, 0x12, 0xFD, 0xD2, 0x33, 0x1D, 0xD1
    .byte   0x23, 0x21, 0xDD, 0xE1, 0x43, 0xED, 0xD3, 0xEE, 0x4F,    4, 0x0C, 0xD4, 0x4E, 0xEE, 0x01, 0x0F
    .byte   0x23, 0xED, 0xC2, 0x35, 0xEC, 0xB3, 0x44, 0x0D, 0xDB, 0x34, 0x3E, 0xED, 0x0E, 0x40, 0x4F, 0xCD
    .byte   0xD4, 0x32, 0xFC, 0xD0, 0x43, 0xED, 0xD3, 0xFD, 0x04, 0x3D,  -15, 0x0F, 0x44, 0x3C, 0xCD, 0x33
    .byte   0x3E, 0xDE, 0x2E, 0xD2, 0x44, 0xDB, 0xD2, 0x54, 0xDD, 0xDE, 0xF2, 0x13, 0x4D, 0xBD, 0x04, 0x50
    .byte   0xCC, 0x12, 0x34, 0x1D, 0xCD, 0x13, 0x43, 0xCD, 0xE3, 0x02, 0x10,    0, 0x0D, 0xE3, 0x41, 0xDD
    .byte   0x12, 0x3E, 0xEE, 0x22, 0x1D, 0xD3, 0xE3, 0x1F, 0x1E, 0xED, 0x24, 0x3F, 0xDC, 0xE4, 0x42, 0xCC
    .byte   0xF2, 0x32, 0x3D, 0xDC, 0x24, 0x33, 0xEC, 0xDE, 0x15, 0x3E, 0xCC, 0xF2,    8, 0x05, 0xDB, 0xB0
    .byte   0x54, 0x2D, 0xDD, 0xC2, 0x54, 0x2C, 0xBC, 0x36, 0x13, 0xCB, 0x02, 0x43, 0x3E, 0xBD, 0x12, 0x45
    .byte   0xEB, 0xCD, 0x44, 0x30, 0xDD, 0xDE, 0x34, 0x2F, 0xCD, 0xE4, 0x5F, 0xCB, 0x21,    3, 0x03, 0xEF
    .byte   0xED, 0xE2, 0x23, 0x2D, 0xCD, 0x45, 0x2D, 0xBD, 0x34, 0x20, 0x2C, 0xEE, 0xF4, 0x4E, 0xCD, 0xD2
    .byte   0x43, 0x2D, 0xC0, 0x23, 0x4E, 0xCE, 0x11, 0x3F, 0xF0, 0xED, 0x23, 0x0D, 0x02, 0x2F,   -4, 0x01
    .byte   0x13, 0x1D, 0xE2, 0x21, 0x0D, 0xE2, 0x23, 0xFD, 0xE1, 0x31, 0xE0, 0xD3, 0x3E, 0xDD, 0x12, 0x41
    .byte   0xEF, 0xDD, 0x14, 0x31, 0xEC, 0xD1, 0x43, 0x2D, 0xDD, 0x13, 0x23, 0x1D, 0xDD, 0x23, 0x22,    8
    .byte   0x0D, 0xD2, 0x23, 0x2E, 0xDE, 0x03, 0x20, 0xEE, 0xD2, 0x32, 0xEE, 0x0E, 0xF2, 0x22, 0x1E, 0xD2
    .byte   0x2F, 0x12, 0x10, 0xDE, 0x11, 0x22, 0x1D, 0xEF, 0x22, 0x22, 0x1D, 0xD0, 0x33, 0xFE, 0xEE, 0xE3
    .byte      4, 0x02, 0x1D, 0xEE, 0xF2, 0x31, 0xFF, 0xDE, 0x33, 0x2E, 0xCF, 0x03, 0x12, 0x0E, 0xEF, 0x22
    .byte   0x2E, 0xEE, 0xE0, 0x31, 0x10, 0xEF, 0x01, 0x10, 0xF1, 0x10, 0x2F, 0xFE, 0x00, 0x21, 0xFE, 0xEE
    .byte   0x22,    2, 0x01, 0xE0, 0x21, 0xFE, 0xE2, 0x21, 0xFE, 0x0E, 0x11, 0x32, 0xED, 0xE0, 0x23, 0xFE
    .byte   0xDF, 0x33, 0xFE, 0xEE, 0xF1, 0x30, 0xFE, 0xEF, 0x12, 0x12, 0xEE, 0xE1, 0x22, 0x2E, 0xEF, 0x02
    .byte   0x02, 0xFF,   -2, 0x0F, 0x12, 0x2E, 0xEE, 0x00, 0x30, 0x1E, 0xEF, 0x22, 0x2E, 0xEE, 0x11, 0x22
    .byte   0x0F, 0xEE, 0xF2, 0x21, 0xFE, 0xE1, 0x12, 0x20, 0xEE, 0x11, 0x21, 0xF0, 0xE0, 0x01, 0x10, 0x0F
    .byte   0xF0, 0xF0, 0x12,    0, 0x0F, 0xF0, 0x12, 0x0E, 0xF1, 0x11, 0x0F, 0x0F, 0x10, 0x00, 0x00, 0x01
    .byte   0x1F, 0xFF, 0xF1, 0x02, 0x0E, 0xF1, 0x11, 0x1F, 0xFF, 0x00, 0x11, 0x01, 0xFF, 0xF0, 0x11, 0x0F
    .byte   0xF0, 0x01, 0x00, 0x10,   -1, 0x01, 0x01, 0x0F, 0xF0, 0x11, 0x10, 0x0E, 0x00, 0x21, 0x1E, 0xE0
    .byte   0x12, 0x10, 0xEF, 0x01, 0x21, 0x0E, 0xF0, 0x02, 0x00, 0xEF, 0x01, 0x02, 0xFF, 0xFF, 0x10, 0x01
    .byte   0x0F, 0x00, 0x01, 0xF2, 0xF0,    1, 0x00, 0x1F, 0x10, 0x0F, 0xF0, 0x0F, 0x02, 0x0F, 0xFF, 0x01
    .byte   0x11, 0x1F, 0xE0, 0x12, 0x2F, 0xEE, 0xF2, 0x20, 0xFE, 0xFF, 0x12, 0x10, 0xEE, 0x02, 0x11, 0xFF
    .byte   0xEF, 0x12, 0x0E, 0xFE, 0x11, 0x11,   -5, 0x0F, 0xE0, 0x02, 0x00, 0xFE, 0x01, 0x22, 0x0E, 0xF1
    .byte   0x22, 0xFE, 0xF1, 0x22, 0x1F, 0xEF, 0x32, 0x1F, 0xF0, 0x12, 0x11, 0xFE, 0x01, 0x10, 0xFE, 0xE0
    .byte   0x10, 0xFE, 0xFF, 0x00, 0xFF, 0xF0, 0xF0,   -3, 0x00, 0x0F, 0x1F, 0xFF, 0xF0, 0xFE, 0xFF, 0x00
    .byte   0x0E, 0xF0, 0x00, 0x01, 0xF0, 0x11, 0x11, 0xF0, 0x12, 0x1F, 0x0F, 0x22, 0x10, 0x01, 0x22, 0x21
    .byte   0x12, 0x23, 0xF1, 0x11, 0x10, 0xFE, 0x0F, 0x0E,   18, 0x0E, 0xFF, 0xEE, 0xD1, 0x10, 0xEF, 0xF2
    .byte   0x0F, 0xF0, 0x11, 0x2F, 0xFF, 0x01, 0x10, 0x00, 0x00, 0x00, 0x0F, 0x10, 0xF0, 0xFF, 0x11, 0xFF
    .byte   0xFF, 0xFF, 0xFE, 0x0E, 0xFF, 0xF0, 0x0E, 0xF1, 0x21,  -20, 0x0E, 0x12, 0x22, 0xE1, 0x22, 0x22
    .byte   0x12, 0x23, 0x22, 0x10, 0x22, 0x2F, 0xEE, 0x01, 0x0E, 0xDE, 0xF0, 0xFD, 0xD0, 0x20, 0xEE, 0xE2
    .byte   0x21, 0xFF, 0x12, 0x1F, 0x0F, 0x00, 0x1F, 0xE1, 0x00, 0x0E,   -9, 0x00, 0x21, 0xFE, 0x12, 0x2F
    .byte   0xEE, 0x12, 0x2E, 0xD0, 0x12, 0xED, 0xE1, 0x21, 0xEE, 0x02, 0x20, 0xEF, 0x13, 0x1F, 0xF1, 0x22
    .byte   0x20, 0x13, 0x22, 0x32, 0x11, 0x12, 0x3E, 0xEE, 0xF2, 0x1D, 0xDE,   19, 0x00, 0xED, 0xD2, 0x2E
    .byte   0xDF, 0xF3, 0x0F, 0xE0, 0x21, 0x00, 0xF0, 0x00, 0x01, 0xFF, 0xE0, 0x20, 0xEF, 0xF2, 0x2F, 0xEF
    .byte   0x12, 0x1E, 0xF1, 0x11, 0xEE, 0x10, 0x0E, 0xEF, 0x00, 0xE0, 0x01, 0x0F,  -23, 0x01, 0x20, 0x1F
    .byte   0x02, 0x22, 0x00, 0x22, 0x23, 0xF2, 0x32, 0x2F, 0x02, 0x20, 0xED, 0x21, 0xFE, 0xD0, 0x10, 0xDD
    .byte   0x01, 0x1D, 0xE0, 0x12, 0x0E, 0xF1, 0x21, 0x0F, 0xF0, 0x20, 0xE0, 0xF0, 0x10,   -4, 0x0E, 0x00
    .byte   0x20, 0xFE, 0x12, 0x1F, 0xF0, 0xF0, 0x2E, 0xFF, 0xF0, 0xE0, 0xEF, 0xFF, 0xFF, 0xF0, 0x00, 0x00
    .byte   0x02, 0x10, 0x20, 0x21, 0x02, 0x12, 0x22, 0x12, 0x32, 0x20, 0x12, 0x21, 0xEE, 0x12,   36, 0x0D
    .byte   0xEF, 0x1F, 0xED, 0xE1, 0x0F, 0xDE, 0x21, 0x1F, 0xEF, 0x22, 0xE0, 0xF2, 0x02, 0xEF, 0xF0, 0x2E
    .byte   0xFE, 0x02, 0x0E, 0xF0, 0x20, 0x1E, 0x01, 0x21, 0xFE, 0xF2, 0xFF, 0xEE, 0x2F, 0xFE, 0xE1,  -20
    .byte   0x00, 0xFF, 0xF1, 0x11, 0x00, 0x11, 0x21, 0x12, 0x12, 0x12, 0x21, 0x22, 0x23, 0x2E, 0x12, 0x21
    .byte   0xEE, 0x21, 0x0D, 0xE0, 0x1F, 0xDE, 0xE2, 0xEE, 0xD0, 0x20, 0xFE, 0x02, 0x10, 0xE1, 0x22, 0xFE
    .byte     -5, 0x02, 0x10, 0xFE, 0x11, 0x00, 0xE0, 0x11, 0xF1, 0xF0, 0x11, 0xFF, 0x01, 0xF0, 0xE0, 0x1F
    .byte   0x0E, 0xF0, 0xFF, 0xFE, 0x01, 0x0F, 0xF0, 0x12, 0x0F, 0x02, 0x21, 0x02, 0x02, 0x22, 0x20, 0x22
    .byte   0x32,   27, 0x01, 0x23, 0xFE, 0xE1, 0x2F, 0xDE, 0x21, 0xED, 0xEF, 0x0F, 0xDE, 0xF2, 0xFE, 0xE1
    .byte   0x21, 0xE0, 0x12, 0x00, 0xFF, 0x2F, 0x0F, 0x01, 0xF0, 0xE1, 0x11, 0xF0, 0x01, 0x00, 0xF0, 0x10
    .byte   0xFF, 0xF2,   -6, 0x0E, 0x0F, 0x1F, 0xEF, 0x01, 0xEE, 0x11, 0x00, 0xE0, 0x22, 0xFF, 0xF2, 0x22
    .byte   0xF0, 0x22, 0x20, 0x22, 0x22, 0x30, 0x11, 0x22, 0xFE, 0xF2, 0xFE, 0xEF, 0x10, 0xDE, 0xFF, 0xFD
    .byte   0xFE, 0x11, 0xEF,   -9, 0x00, 0x2F, 0x0E, 0x12, 0x11, 0xE2, 0x20, 0xEE, 0x22, 0x0E, 0xE2, 0x10
    .byte   0xE0, 0x11, 0x0F, 0x00, 0x10, 0xFF, 0x01, 0x0E, 0x0F, 0xF1, 0xFE, 0xFF, 0x10, 0xE0, 0x00, 0xF0
    .byte   0x01, 0x11, 0x02, 0x11,  -11, 0x02, 0x12, 0x11, 0x22, 0x22, 0x13, 0x10, 0x21, 0x20, 0xFE, 0x21
    .byte   0xEE, 0xF1, 0xEE, 0xD1, 0x1E, 0xDF, 0x0F, 0xFE, 0xE1, 0x11, 0x1E, 0x12, 0x10, 0xF0, 0x21, 0x0E
    .byte   0x12, 0x1F, 0xE0, 0x2F, 0xFF,   -3, 0x00, 0x0F, 0x0F, 0xF1, 0x1F, 0xFF, 0x01, 0x0E, 0x00, 0x0F
    .byte   0xEF, 0xF0, 0xFF, 0xF0, 0x10, 0xFF, 0x02, 0x0F, 0x12, 0x20, 0x11, 0x22, 0x11, 0x22, 0x21, 0x32
    .byte   0xF0, 0x22, 0x0E, 0xF2, 0x2D, 0xE0,   30, 0x00, 0xDD, 0x12, 0xED, 0xE0, 0x1E, 0xEE, 0x12, 0xFF
    .byte   0xFE, 0x21, 0x2E, 0x02, 0x11, 0xE1, 0x22, 0xEE, 0x02, 0x1F, 0xE0, 0x11, 0x01, 0xE1, 0x10, 0x1E
    .byte   0x10, 0xFF, 0xFF, 0xF0, 0xF0, 0xEF, 0x01,  -17, 0x0E, 0x01, 0x01, 0xE0, 0x22, 0x0E, 0x03, 0x10
    .byte   0x02, 0x21, 0x02, 0x22, 0x21, 0x30, 0x02, 0x22, 0xEE, 0x13, 0xED, 0xF1, 0x2D, 0xDF, 0x2F, 0xDE
    .byte   0xE2, 0xEE, 0xE0, 0x0F, 0x2E, 0xF1, 0x12, 0x0E,   -6, 0x02, 0x1F, 0xF0, 0x20, 0xFE, 0x11, 0x10
    .byte   0xFF, 0x10, 0x1F, 0xE1, 0x11, 0xFF, 0xF1, 0xFF, 0xFF, 0x1E, 0x0F, 0xF0, 0xF0, 0xFF, 0xF1, 0xFF
    .byte   0xF2, 0xF1, 0x01, 0x22, 0xFF, 0x03, 0x10, 0x02, 0x31,   16, 0x02, 0x22, 0x11, 0x21, 0xE0, 0x21
    .byte   0xD0, 0x01, 0xED, 0xF1, 0x0D, 0xEE, 0x0F, 0xEE, 0x01, 0xF0, 0xF0, 0x11, 0x20, 0xFF, 0x22, 0xE0
    .byte   0x02, 0x1E, 0x01, 0x20, 0xE0, 0x11, 0xFF, 0x1F, 0x01, 0xF0,   -5, 0x00, 0x1F, 0x0E, 0x0F, 0x10
    .byte   0xEF, 0xF0, 0xFF, 0xFF, 0x1F, 0x0F, 0x02, 0x00, 0x01, 0x22, 0x0F, 0x22, 0x11, 0x22, 0x22, 0x12
    .byte   0x12, 0x20, 0x2E, 0x01, 0x2E, 0xD1, 0x02, 0xDD, 0x11, 0xFD, 0xEF,   -1, 0x0E, 0xE0, 0xFF, 0x01
    .byte   0x00, 0x01, 0x2F, 0xF0, 0x22, 0xE0, 0xF2, 0x1E, 0xF1, 0x11, 0xFF, 0xF1, 0x1F, 0xFF, 0x11, 0x0F
    .byte   0xFF, 0x10, 0xF0, 0xE1, 0xFF, 0x0E, 0x10, 0x0E, 0xF0, 0x10, 0xF0, 0x11,  -16, 0x00, 0x02, 0x20
    .byte   0x11, 0x21, 0x21, 0x22, 0xF3, 0x21, 0xF2, 0x22, 0xEE, 0x21, 0x1D, 0x0F, 0x1F, 0xDF, 0xFE, 0xEE
    .byte   0xFE, 0x0E, 0x1E, 0x00, 0xF2, 0xFF, 0x02, 0x2E, 0x10, 0x21, 0x00, 0xF1, 0x01,    0, 0x0F, 0xF1
    .byte   0x10, 0xEF, 0x20, 0xFF, 0x00, 0x1F, 0xFF, 0xF0, 0x10, 0xEF, 0x00, 0x0E, 0x0F, 0x0F, 0xF0, 0x0F
    .byte   0x01, 0x11, 0x1F, 0x21, 0x11, 0x21, 0x12, 0x21, 0x21, 0x32, 0x00, 0x13, 0x1E, 0xE2,   36, 0x0E
    .byte   0xEE, 0x11, 0xED, 0xF0, 0xEE, 0xEF, 0xEF, 0xFF, 0xFE, 0x00, 0x2F, 0x01, 0x12, 0xF0, 0x02, 0x01
    .byte   0x0F, 0x00, 0x1F, 0xF0, 0x01, 0x0F, 0xF0, 0x12, 0xEF, 0x01, 0x00, 0xE0, 0x11, 0x0E, 0xF0,   -9
    .byte   0x00, 0xEF, 0x00, 0xFF, 0xFF, 0x00, 0x11, 0x01, 0x02, 0x11, 0x12, 0x12, 0x20, 0x22, 0x21, 0x20
    .byte   0x22, 0x11, 0xFF, 0x01, 0xFE, 0xEF, 0x0E, 0xEE, 0xEF, 0xFE, 0xEE, 0x1F, 0x1F, 0xE0, 0x12, 0x0F
    .byte     -9, 0x01, 0x21, 0x10, 0xF0, 0x20, 0x0E, 0xF2, 0xFF, 0x0F, 0x00, 0x1F, 0x00, 0x01, 0xFF, 0x01
    .byte   0xF1, 0xFF, 0xFF, 0xFF, 0xF0, 0xFF, 0x0E, 0x10, 0xF0, 0x00, 0x10, 0x01, 0x02, 0x01, 0x11, 0x20
    .byte   0x21,    4, 0x02, 0x12, 0x21, 0x02, 0x21, 0x0F, 0x01, 0x00, 0xE0, 0xEF, 0xFE, 0xEE, 0xE0, 0xFF
    .byte   0xEE, 0x01, 0xFF, 0x00, 0x02, 0x0F, 0x10, 0x20, 0x01, 0xF0, 0x11, 0xFF, 0x0F, 0x1F, 0x00, 0xFF
    .byte   0x11, 0x0F,   -4, 0x01, 0x10, 0xFF, 0xF1, 0xF0, 0xFF, 0xF0, 0xF0, 0xFF, 0x0F, 0xFF, 0x01, 0xF1
    .byte   0x01, 0x11, 0x11, 0x02, 0x11, 0x10, 0x22, 0x02, 0x21, 0x02, 0x02, 0x10, 0xF0, 0x0F, 0xFF, 0xFF
    .byte   0xEF, 0xFF, 0xEE,    0, 0x00, 0xFE, 0x0E, 0x1F, 0x00, 0x00, 0x11, 0x01, 0x10, 0x11, 0x10, 0xF0
    .byte   0x10, 0x00, 0xF0, 0x01, 0xF0, 0xF0, 0x1F, 0x00, 0x10, 0x10, 0xF0, 0x0F, 0x00, 0xF0, 0xF0, 0xF0
    .byte   0xFF, 0x1F, 0x0F, 0xF0,   -9, 0x00, 0x11, 0xE2, 0x12, 0x1E, 0x20, 0x20, 0x10, 0x02, 0x12, 0x1F
    .byte   0x01, 0x20, 0x1F, 0xF1, 0x01, 0xE1, 0xE0, 0x0F, 0x0E, 0xFE, 0xF0, 0xF0, 0xEE, 0x2F, 0x0F, 0xFF
    .byte   0x11, 0x10, 0xFF, 0x02, 0x0F,   -4, 0x0F, 0x02, 0x0F, 0x0F, 0xF2, 0xFF, 0x0E, 0x2F, 0x10, 0xF0
    .byte   0xF0, 0xF2, 0xE0, 0x1F, 0x10, 0xFF, 0x1F, 0xF2, 0xEF, 0x2E, 0x21, 0xE2, 0x1E, 0x21, 0x1F, 0x03
    .byte   0xC4, 0xED, 0x4D, 0x2F, 0xF2, 0x0F,   10, 0x0E, 0xF3, 0xE1, 0xF1, 0xE2, 0x00, 0xFE, 0x2E, 0x1E
    .byte   0x2E, 0xE2, 0xFF, 0x0E, 0x01, 0xF2, 0xFD, 0x3E, 0x12, 0xE0, 0xF1, 0x10, 0x0F, 0xE3, 0xD3, 0xEE
    .byte   0x2F, 0xF2, 0xEE, 0x3D, 0x3D, 0x3E, 0x01,   -6, 0x02, 0x0F, 0xE3, 0xD2, 0x1E, 0x10, 0x1F, 0x2E
    .byte   0x2D, 0x3F, 0x11, 0xE2, 0xD4, 0xC4, 0xD1, 0x2D, 0x4C, 0x4C, 0x31, 0xE3, 0xD2, 0xE1, 0x2E, 0x3C
    .byte   0x4C, 0x32, 0xD3, 0xD2, 0xD4, 0xDF, 0x3C, 0x31,   -3, 0x04, 0xCE, 0x4C, 0x4D, 0xE3, 0xC5, 0xB4
    .byte   0x1C, 0x4C, 0x4E, 0xE2, 0xE0, 0x2F, 0x11, 0xE1, 0xE3, 0xE1, 0x2C, 0x4D, 0x13, 0xC3, 0x0E, 0x2F
    .byte   0x1F, 0xF2, 0xE2, 0xFE, 0x3D, 0x02, 0xD3, 0xFE, 0x3D,   -4, 0x0F, 0x3D, 0x3D, 0xF3, 0xD3, 0xE1
    .byte   0xE2, 0xD3, 0x3C, 0x4C, 0x3E, 0x13, 0xD2, 0xD3, 0xE2, 0x0E, 0x0E, 0x22, 0xFE, 0x2D, 0x3F, 0x01
    .byte   0xE1, 0xF0, 0x22, 0xEF, 0xF0, 0x01, 0x2D, 0x2E, 0x21, 0x2F,    0, 0x0F, 0xF3, 0xE2, 0xEE, 0x2E
    .byte   0x2F, 0x1E, 0x1F, 0xF2, 0x0F, 0xF2, 0xD2, 0x2E, 0x2F, 0xE2, 0x0F, 0x10, 0xE2, 0xE1, 0x2E, 0x00
    .byte   0xE2, 0x1E, 0x3D, 0x2D, 0x4D, 0xF3, 0xC4, 0xD3, 0xD2, 0xFE, 0x11,   -1, 0x00, 0x2D, 0x3E, 0xF2
    .byte   0xE2, 0xE1, 0xE2, 0x1E, 0x3D, 0x2F, 0x01, 0x11, 0xD3, 0xE2, 0xE2, 0xD3, 0xFE, 0x3D, 0x2E, 0x2E
    .byte   0x3E, 0xFF, 0x01, 0x10, 0xF1, 0xE2, 0xE3, 0xD2, 0xD3, 0xF0, 0x2D, 0x3D,    3, 0x0E, 0x2E, 0x3D
    .byte   0x12, 0xD3, 0xD3, 0xEE, 0x3E, 0x02, 0xD2, 0x0F, 0x11, 0xE2, 0xE3, 0xD2, 0xE1, 0x00, 0x2E, 0x2E
    .byte   0x1F, 0x2E, 0x02, 0xE2, 0xFF, 0x0F, 0xF0, 0x11, 0xFF, 0x01, 0xF2, 0xE1, 0x2D,    6, 0x0D, 0x21
    .byte   0xE2, 0xD4, 0xC3, 0x0D, 0x3E, 0x02, 0x0E, 0x11, 0xF2, 0x0E, 0xF2, 0xD3, 0x0F, 0x2D, 0x20, 0x20
    .byte   0xE1, 0xD3, 0xE2, 0x2E, 0x1E, 0x2F, 0x2D, 0x2E, 0x21, 0xF3, 0xD2, 0xD2, 0x12, 0xEF,   -1, 0x01
    .byte   0xD4, 0xD3, 0xED, 0x3D, 0x3E, 0x2D, 0x2F, 0x21, 0x0F, 0xE1, 0xF2, 0x00, 0xE1, 0xE2, 0x2E, 0x2E
    .byte   0x12, 0xD3, 0xFE, 0x2E, 0x2E, 0x2E, 0x20, 0xE1, 0x02, 0xD3, 0xEF, 0x10, 0xF2, 0xF0, 0xE2,   -3
    .byte   0x01, 0x3D, 0x2D, 0x3E, 0x2F, 0xE3, 0xC4, 0xEF, 0x2E, 0xE0, 0x2E, 0x3E, 0x0E, 0x2F, 0xF3, 0xD0
    .byte   0x00, 0x11, 0x0E, 0xF2, 0xF2, 0xEF, 0x02, 0xF1, 0xE0, 0x2D, 0x3E, 0x2E, 0x1D, 0x30, 0xF3, 0xD1
    .byte     -6, 0x03, 0xE2, 0xEF, 0x2E, 0x21, 0x0E, 0x1D, 0x3F, 0x01, 0xFE, 0x22, 0xF2, 0xD2, 0xE1, 0xE3
    .byte   0xE0, 0x2D, 0x4D, 0x20, 0xD1, 0x1E, 0x3D, 0x3E, 0xE3, 0xD3, 0xE2, 0xD1, 0x02, 0x21, 0x1D, 0x2E
    .byte   0x3E,    8, 0x0D, 0xFE, 0x13, 0xE2, 0xD2, 0xD4, 0xE2, 0xEF, 0xFD, 0x4D, 0x3D, 0x1E, 0x21, 0x20
    .byte   0xEF, 0xE3, 0xF2, 0xD0, 0xE2, 0xE3, 0x0F, 0x1D, 0x3D, 0x4C, 0x20, 0xD4, 0xE2, 0x0D, 0x21, 0xE3
    .byte   0xEE, 0x1E,   -2, 0x00, 0x2E, 0x2E, 0x11, 0xF1, 0x02, 0xD2, 0x0F, 0x2F, 0x01, 0xFF, 0x0F, 0x01
    .byte   0x0F, 0x01, 0x11, 0x0E, 0x1F, 0x10, 0xF2, 0xF1, 0x1E, 0x2E, 0x20, 0xE2, 0xE0, 0x1F, 0x11, 0x0F
    .byte   0xFF, 0x1F, 0x2E,    1, 0x0E, 0x20, 0x12, 0xE1, 0xE2, 0xE2, 0xFF, 0xFE, 0x10, 0x3E, 0x0D, 0xF2
    .byte   0x21, 0x1E, 0xE2, 0x22, 0x0F, 0xEE, 0x01, 0x20, 0xEE, 0x0F, 0x30, 0x2D, 0x0F, 0x03, 0x0F, 0xEE
    .byte   0x02, 0x12, 0xFE, 0xE1,   -1, 0x02, 0x1E, 0xEF, 0x12, 0x2F, 0xFE, 0xF1, 0x20, 0x1F, 0xE0, 0xF2
    .byte   0x10, 0xEF, 0x02, 0x11, 0x1F, 0xEF, 0x12, 0x1F, 0xEE, 0x02, 0x21, 0xFE, 0xEF, 0x22, 0x1E, 0xE1
    .byte   0x12, 0x21, 0xFE, 0xE1, 0x30,    6, 0x0E, 0xEE, 0x12, 0x11, 0xEE, 0x12, 0x22, 0x0E, 0xEF, 0x22
    .byte   0x0E, 0xE0, 0x12, 0x11, 0xEE, 0x01, 0x21, 0xEF, 0xF1, 0x12, 0x10, 0xEF, 0x00, 0x20, 0xFE, 0x00
    .byte   0x12, 0x10, 0xEE, 0x20, 0x20, 0xEE,   -3, 0x00, 0x22, 0x0E, 0xE0, 0x22, 0x0F, 0xEE, 0x01, 0x21
    .byte   0x0E, 0xE1, 0x12, 0x2F, 0xEF, 0x12, 0x21, 0xEE, 0xE0, 0x22, 0xFE, 0xEF, 0x22, 0x10, 0xEF, 0xF2
    .byte   0x21, 0xEE, 0x01, 0x12, 0x1E, 0xEE, 0x22,    3, 0x0F, 0xEF, 0x02, 0x12, 0xEE, 0xFF, 0x22, 0xFE
    .byte   0xE0, 0x12, 0x11, 0xEF, 0x12, 0x20, 0xEE, 0xE2, 0x01, 0x0F, 0xF0, 0x12, 0x20, 0xE0, 0xF0, 0x11
    .byte   0xFE, 0xE1, 0x21, 0x2E, 0xFF, 0x00, 0x11, 0x0F,   -1, 0x01, 0x11, 0x0F, 0xF1, 0x00, 0x00, 0xEF
    .byte   0x01, 0x02, 0x00, 0x0F, 0x01, 0x0F, 0x0F, 0xF1, 0x11, 0x0F, 0x0F, 0x00, 0x0F, 0xF1, 0x11, 0x11
    .byte   0x10, 0xFF, 0x10, 0xF0, 0xE0, 0x11, 0x10, 0xF1, 0x00,    2, 0x00, 0xFF, 0x01, 0x00, 0x00, 0xFF
    .byte   0xF0, 0x11, 0x00, 0x10, 0xF0, 0x1F, 0x1F, 0x01, 0xF0, 0x1F, 0x1F, 0xF0, 0x10, 0xFF, 0x01, 0x20
    .byte   0x10, 0xE0, 0x11, 0x0E, 0xFF, 0x10, 0x12, 0xF0, 0x00, 0x11,    1, 0x0F, 0xFF, 0x01, 0x00, 0x0F
    .byte   0x21, 0xF0, 0xFF, 0x00, 0xF0, 0x20, 0x0F, 0xFF, 0x1F, 0xFF, 0xF2, 0x1F, 0xFF, 0x01, 0x11, 0x00
    .byte   0x00, 0xE0, 0xF1, 0x1F, 0x10, 0x11, 0x0F, 0xF1, 0x2F, 0xEE, 0x12,   -1, 0x01, 0x10, 0xF1, 0xF0
    .byte   0x1F, 0x0E, 0x00, 0x10, 0x12, 0xF0, 0x20, 0x0E, 0xE0, 0xF1, 0xF0, 0x02, 0x02, 0x20, 0xEF, 0xEF
    .byte   0x0E, 0x21, 0x01, 0x10, 0x20, 0xE0, 0x0E, 0x01, 0xE1, 0x22, 0x11, 0xEF,    3, 0x00, 0x0E, 0xEF
    .byte   0x11, 0x22, 0x0F, 0x11, 0xFF, 0xEE, 0xF1, 0x12, 0xF1, 0x2F, 0xFF, 0x1F, 0xFE, 0xE2, 0x21, 0x11
    .byte   0x00, 0xFF, 0xFE, 0xF0, 0x20, 0x1F, 0x01, 0x22, 0x1E, 0xED, 0xFF, 0x22, 0x1F,   -3, 0x02, 0x12
    .byte   0x2E, 0xEE, 0x10, 0x0E, 0x01, 0x2F, 0x11, 0x21, 0xEE, 0x20, 0xE0, 0xE1, 0x22, 0x21, 0xED, 0x20
    .byte   0xF0, 0xE0, 0x31, 0xE1, 0x00, 0x2E, 0xF2, 0xFE, 0xEF, 0x03, 0x2E, 0xFE, 0xF2, 0xFF,    0, 0x00
    .byte   0xF0, 0x00, 0x2F, 0xE2, 0xFE, 0x22, 0xEF, 0xEE, 0x23, 0x0E, 0xFF, 0xF0, 0x22, 0xEE, 0x2F, 0xF0
    .byte   0xE0, 0x2F, 0xF2, 0x0E, 0x12, 0x10, 0xEE, 0xE2, 0x21, 0x20, 0xEE, 0xF1, 0x22, 0xFD, 0xF2,    3
    .byte   0x01, 0x10, 0xEE, 0x0E, 0x22, 0x0E, 0x22, 0xFE, 0xFF, 0x01, 0xE1, 0x22, 0xFE, 0x21, 0x00, 0xEE
    .byte   0xE1, 0x21, 0x20, 0x02, 0x0E, 0xE1, 0x0F, 0x0E, 0x02, 0x12, 0x22, 0xED, 0xDE, 0x23, 0x3E, 0x01
    .byte      4, 0x0F, 0xF1, 0x2E, 0xED, 0xF3, 0x2F, 0x01, 0x11, 0xFF, 0x0F, 0xEE, 0x12, 0x2F, 0x02, 0xE1
    .byte   0xFF, 0x01, 0xEF, 0xF0, 0x12, 0x2F, 0xF0, 0x20, 0x0E, 0xFE, 0xDF, 0x23, 0x21, 0x00, 0x0E, 0xFF
    .byte   0x12,   -2, 0x0E, 0xE2, 0x32, 0xEF, 0x01, 0x0E, 0xEF, 0xF1, 0x32, 0x1E, 0xE1, 0x2E, 0xEE, 0x0F
    .byte   0x31, 0x12, 0x0E, 0xEE, 0x22, 0xED, 0x20, 0x31, 0x1F, 0xE0, 0xE1, 0x21, 0x0E, 0x12, 0x2F, 0xDE
    .byte   0xFF, 0x22,    3, 0x02, 0x0E, 0x02, 0xEF, 0xDE, 0x03, 0x31, 0xEE, 0x2E, 0xEF, 0xE0, 0x22, 0x21
    .byte   0x3F, 0xED, 0xF2, 0xDE, 0x01, 0x33, 0xFE, 0x02, 0xEE, 0xF1, 0x3F, 0xDD, 0x03, 0x22, 0xFF, 0xFD
    .byte   0xE2, 0x31, 0x00,    1, 0x0E, 0xF2, 0x21, 0x1D, 0xE1, 0x11, 0x22, 0xF2, 0x0E, 0x00, 0xEE, 0xE1
    .byte   0x32, 0xFE, 0x20, 0xFE, 0xF2, 0xEE, 0x12, 0x21, 0x12, 0x1D, 0xDE, 0xF3, 0x22, 0x01, 0xEE, 0x31
    .byte   0xDE, 0xF2, 0x2E, 0xE2,    5, 0x02, 0xFF, 0xEE, 0xD0, 0x32, 0x02, 0x0F, 0xD0, 0x22, 0x0D, 0xD1
    .byte   0x43, 0xEE, 0xED, 0xE1, 0x33, 0x2C, 0xD3, 0x22, 0x21, 0xED, 0xC2, 0x44, 0x0E, 0xED, 0xDD, 0x24
    .byte   0x4D, 0xDE, 0x21, 0xF3, 0x2D,   -4, 0x0F, 0x20, 0x21, 0x0E, 0xDE, 0x33, 0x2E, 0xEF, 0xEE, 0xF3
    .byte   0x21, 0xDE, 0x14, 0x3E, 0xCD, 0x02, 0x20, 0x42, 0xDD, 0xE1, 0x00, 0xE2, 0x2E, 0x23, 0x3D, 0xDD
    .byte   0x22, 0xE0, 0x32, 0xED, 0x12, 0x2E,    1, 0x02, 0xFD, 0xC2, 0x54, 0xDC, 0xEE, 0xE1, 0x34, 0x1C
    .byte   0xC3, 0x42, 0xED, 0xFF, 0xE2, 0x33, 0xFD, 0xDE, 0x23, 0xEE, 0xF3, 0x2F, 0xFF, 0xED, 0xD2, 0x34
    .byte   0x1D, 0xEF, 0xDF, 0x33, 0xFD, 0xD2, 0x33,   12, 0x0F, 0xFD, 0xDE, 0x23, 0x3E, 0xEE, 0x20, 0x11
    .byte   0xED, 0xE2, 0x22, 0x32, 0xEE, 0xDF, 0x33, 0xDD, 0x02, 0xFF, 0x23, 0x1E, 0xDE, 0x03, 0x1F, 0xEE
    .byte   0xE2, 0x32, 0x10, 0xDE, 0xE1, 0x22, 0x3F, 0xEE,    1, 0x0F, 0xFD, 0xE2, 0x32, 0xFF, 0xE0, 0xF0
    .byte   0x23, 0xED, 0xE2, 0x2F, 0x12, 0x2F, 0xDE, 0x23, 0xFE, 0xF3, 0xFD, 0xF3, 0x1E, 0xD0, 0x22, 0xF0
    .byte   0x21, 0xDE, 0x03, 0x2E, 0xEE, 0x0E, 0xE2, 0x32, 0xFE,   -4, 0x00, 0xEE, 0xF2, 0x2F, 0xE1, 0x22
    .byte   0xFF, 0x00, 0xEE, 0xE2, 0x22, 0xE2, 0x11, 0x00, 0x20, 0x2F, 0xEF, 0x11, 0x22, 0x22, 0x0E, 0x0E
    .byte   0x23, 0x2E, 0xDE, 0x01, 0x2F, 0xFF, 0xE0, 0xE0, 0xEF, 0x0E,   -7, 0x0F, 0x0E, 0xFF, 0xF0, 0xF0
    .byte   0xFF, 0x10, 0x10, 0x1F, 0xFD, 0xE1, 0x22, 0x3F, 0x20, 0xE0, 0x20, 0xEE, 0xE1, 0x23, 0x20, 0x21
    .byte   0xF2, 0x33, 0x33, 0x2F, 0xDD, 0xEF, 0xF2, 0x2E, 0x12, 0x22, 0xFD,   24, 0x0E, 0xED, 0xDF, 0x12
    .byte   0xFE, 0xFE, 0xFF, 0x02, 0x2F, 0xEE, 0xEE, 0xF2, 0x2F, 0x0E, 0x01, 0x22, 0x31, 0xEE, 0xDE, 0xEF
    .byte   0x0F, 0x01, 0x22, 0x31, 0x0E, 0xDC, 0xD0, 0x23, 0x02, 0x32, 0x32, 0x45,   59, 0x02, 0xDD, 0xDD
    .byte   0xDD, 0x23, 0x32, 0x13, 0x3E, 0xEE, 0xED, 0xCD, 0xEF, 0xFE, 0x02, 0x0F, 0x01, 0xFF, 0xEE, 0x0F
    .byte   0x01, 0xFF, 0xF0, 0x0F, 0x1F, 0x33, 0x2E, 0xEE, 0xED, 0xF3, 0x11, 0xEF, 0x20,  -14, 0x0E, 0xFD
    .byte   0xDD, 0x03, 0x22, 0xDE, 0x10, 0x32, 0x33, 0x24, 0x55, 0x4D, 0xDC, 0xCC, 0xF2, 0x42, 0xE2, 0x32
    .byte   0x31, 0x1D, 0xCB, 0xDE, 0x11, 0x21, 0xEE, 0xE1, 0x22, 0x1E, 0xDF, 0xF0, 0x20, 0x0F,  -16, 0x0E
    .byte   0x12, 0x22, 0x22, 0x3F, 0xEE, 0xDE, 0xEE, 0x12, 0x20, 0xEE, 0xED, 0xE0, 0x11, 0x0D, 0xEE, 0xF2
    .byte   0x42, 0x01, 0x34, 0x57, 0x42, 0xCB, 0xBB, 0xE2, 0x44, 0x11, 0x23, 0x32, 0x2F, 0xCB, 0xCC,  -12
    .byte   0x02, 0x22, 0x0E, 0xDF, 0x22, 0x1F, 0xFE, 0xEF, 0x12, 0xF0, 0xDF, 0x00, 0x33, 0x22, 0x22, 0xDE
    .byte   0xF0, 0xEE, 0xEE, 0xE1, 0x12, 0x1D, 0xDD, 0xEE, 0x02, 0x11, 0xEE, 0x23, 0x23, 0x45, 0x66, 0x3D
    .byte     67, 0x0B, 0xBB, 0x23, 0x44, 0x21, 0x31, 0x22, 0x1D, 0xCC, 0xCC, 0xF2, 0x32, 0xED, 0xEE, 0x21
    .byte   0x22, 0xFE, 0xEE, 0x11, 0x20, 0xFE, 0xEE, 0x23, 0x33, 0x32, 0xDD, 0xD0, 0x0E, 0xEE, 0xFF, 0xE1
    .byte   0x2E,  -29, 0x0E, 0xED, 0xDD, 0x22, 0x30, 0x23, 0x23, 0x45, 0x75, 0x1D, 0xBB, 0xAD, 0x34, 0x43
    .byte   0xE3, 0x10, 0x33, 0x1D, 0xBC, 0xCC, 0xE2, 0x42, 0xED, 0xD1, 0x11, 0x33, 0xED, 0xEE, 0x11, 0x02
    .byte   0x2F, 0xE0,   -8, 0x03, 0x12, 0x20, 0xDE, 0xE1, 0x0E, 0xE0, 0xED, 0x11, 0xED, 0xFE, 0xDF, 0xE1
    .byte   0x10, 0x23, 0x2F, 0x25, 0x56, 0x72, 0xEB, 0xBA, 0xB2, 0x34, 0x43, 0x12, 0x02, 0x33, 0xDC, 0xCB
    .byte   0xCD, 0x23, 0x3F,   -5, 0x0E, 0xD2, 0xF2, 0x3F, 0xEE, 0xEE, 0xE3, 0x22, 0x1E, 0xF1, 0x02, 0x33
    .byte   0xFE, 0x1D, 0xEE, 0x10, 0xEE, 0xED, 0xEE, 0xE0, 0x10, 0xDD, 0xEF, 0x22, 0x23, 0x3E, 0x15, 0x57
    .byte   0x62, 0xEB, 0xBA, 0xB3,    6, 0x05, 0x32, 0x21, 0xE2, 0x33, 0xEC, 0xCB, 0xBD, 0x24, 0x3E, 0x0E
    .byte   0xDD, 0xF4, 0x2F, 0x10, 0xDD, 0x02, 0x31, 0x22, 0xEF, 0xE2, 0x32, 0x11, 0x1D, 0xE0, 0xE0, 0xEE
    .byte   0xEE, 0xDD, 0x20, 0xEE, 0xEE,  -59, 0x0E, 0x23, 0x22, 0x32, 0x34, 0x66, 0x53, 0xDC, 0xBA, 0xC1
    .byte   0x34, 0x33, 0x3F, 0xE1, 0x32, 0xED, 0xCB, 0xCC, 0x22, 0x22, 0x12, 0xDE, 0x0F, 0x22, 0x0F, 0xEE
    .byte   0xE1, 0x32, 0x30, 0xFE, 0xEE, 0xF3,    3, 0x00, 0x11, 0x0D, 0xEE, 0xFE, 0xDD, 0x00, 0xE1, 0x21
    .byte   0xDD, 0xDE, 0xE2, 0x34, 0x32, 0x24, 0x45, 0x65, 0x1E, 0xBB, 0xAE, 0x04, 0x43, 0x30, 0xD0, 0x23
    .byte   0x1E, 0xDC, 0xBC, 0xC1, 0x33, 0x23, 0xDD,  -22, 0x00, 0x20, 0x22, 0x2E, 0xDE, 0x21, 0x33, 0x32
    .byte   0xDE, 0xEE, 0x02, 0x33, 0x1E, 0xED, 0xDD, 0xDF, 0xFE, 0xFE, 0x2E, 0x0E, 0xEE, 0xDF, 0x22, 0x23
    .byte   0x43, 0x44, 0x56, 0x32, 0x1C, 0xBB, 0xDE, 0x33,   38, 0x03, 0x3E, 0xE2, 0x2E, 0xFE, 0xCC, 0xCC
    .byte   0xEF, 0xF2, 0x30, 0xEE, 0x0E, 0x01, 0x22, 0x0E, 0x02, 0x11, 0x23, 0x21, 0x0E, 0xEF, 0xF1, 0x32
    .byte   0xF1, 0xDD, 0xDD, 0xDE, 0xF1, 0x01, 0x0E, 0xEE, 0xED,  -62, 0x02, 0x23, 0x23, 0x34, 0x44, 0x64
    .byte   0x42, 0xDC, 0xBB, 0xEE, 0x33, 0x33, 0xF0, 0x02, 0xFE, 0xEE, 0xCC, 0xCD, 0xDE, 0x03, 0x22, 0x0E
    .byte   0x2D, 0xF0, 0x22, 0x02, 0x12, 0xFF, 0x22, 0x2F, 0x20, 0xEF,    4, 0x01, 0x12, 0x0E, 0xED, 0xDC
    .byte   0xDD, 0x21, 0x22, 0x1E, 0xDE, 0xDE, 0x12, 0x33, 0x33, 0x34, 0x35, 0x55, 0x32, 0xDC, 0xBC, 0xD0
    .byte   0x22, 0x42, 0xF1, 0x1F, 0xFE, 0xED, 0xDC, 0xCD, 0xDD, 0x22, 0x21,  -17, 0x01, 0xFE, 0xF1, 0x12
    .byte   0x22, 0x20, 0x11, 0x10, 0x20, 0x20, 0x02, 0xEF, 0x0F, 0xFE, 0xDE, 0xED, 0xDE, 0xEE, 0xE1, 0x00
    .byte   0x01, 0x0F, 0xEF, 0x22, 0x33, 0x44, 0x35, 0x53, 0x42, 0xDD, 0xCD, 0xCE,   29, 0x00, 0x32, 0x12
    .byte   0x2E, 0xFE, 0xED, 0xDD, 0xDD, 0xDD, 0xFE, 0xF0, 0x22, 0x01, 0x10, 0x11, 0x22, 0x22, 0x21, 0x2E
    .byte   0x10, 0x11, 0x12, 0x10, 0xF0, 0xEE, 0xDF, 0xDD, 0xED, 0x0E, 0xE1, 0xFF, 0xF0,  -50, 0x0E, 0xF0
    .byte   0x22, 0x23, 0x33, 0x44, 0x55, 0x43, 0x1D, 0xDC, 0xDD, 0xD0, 0x22, 0x11, 0x2E, 0xEE, 0xEF, 0xED
    .byte   0x0D, 0xDD, 0xDE, 0xDF, 0x12, 0x2F, 0x12, 0xFF, 0x13, 0x12, 0x32, 0x20, 0x00, 0x0E,    5, 0x02
    .byte   0x11, 0x11, 0xEE, 0xED, 0xED, 0xEE, 0xEE, 0xEE, 0x0E, 0xFF, 0xF0, 0xF1, 0x01, 0x22, 0x33, 0x34
    .byte   0x55, 0x44, 0x4E, 0xEC, 0xDC, 0xDF, 0xE2, 0x2E, 0x2F, 0xEE, 0xEE, 0xEE, 0x0E, 0xED, 0xDD,  -28
    .byte   0x0D, 0xE1, 0x22, 0x12, 0x01, 0xF1, 0x23, 0x23, 0x23, 0xE1, 0xFF, 0xF0, 0x21, 0x11, 0xFE, 0xEE
    .byte   0xDE, 0xED, 0xEE, 0xEF, 0xEE, 0xFE, 0xFF, 0x11, 0x02, 0x01, 0x21, 0x33, 0x35, 0x54, 0x53, 0x20
    .byte     79, 0x0D, 0xCE, 0xEE, 0x2F, 0x00, 0xEE, 0xDE, 0xEE, 0x0E, 0xFE, 0xEE, 0xDD, 0xDE, 0x1F, 0x12
    .byte   0x01, 0xF1, 0x01, 0x21, 0x33, 0x22, 0x21, 0x10, 0x11, 0x11, 0x0F, 0xEE, 0xDF, 0xDE, 0xDF, 0xEE
    .byte   0xEF,  -46, 0x0E, 0x0F, 0x01, 0x20, 0xE0, 0x10, 0x23, 0x33, 0x45, 0x53, 0x43, 0x2E, 0xDE, 0xDE
    .byte   0xEF, 0xF0, 0xE1, 0xDE, 0xDE, 0xEE, 0xE1, 0xEE, 0xED, 0xFD, 0xEE, 0x11, 0x11, 0x1F, 0xFF, 0x11
    .byte   0x22, 0x32,    4, 0x02, 0x10, 0xF0, 0x11, 0x21, 0x10, 0xEE, 0xED, 0xDE, 0xED, 0xFE, 0x0E, 0xEE
    .byte   0xEF, 0x11, 0x12, 0x02, 0x11, 0x22, 0x33, 0x54, 0x44, 0x41, 0x1E, 0xEE, 0xD1, 0xE1, 0x0E, 0xFE
    .byte   0xDD, 0xDE, 0xEE,    5, 0x01, 0xEE, 0xED, 0xEE, 0xE1, 0x12, 0x01, 0xFF, 0xE0, 0x01, 0x22, 0x32
    .byte   0x22, 0x01, 0x11, 0x22, 0x22, 0xFE, 0xEE, 0xDD, 0xEE, 0xEE, 0xEE, 0xEE, 0xEE, 0xEF, 0x02, 0x02
    .byte   0x12, 0x12, 0x32, 0x33,   14, 0x04, 0x43, 0x32, 0x2E, 0xEE, 0xE0, 0xF1, 0xFE, 0xFD, 0xDD, 0xDF
    .byte   0xEE, 0xFE, 0xEE, 0xDF, 0xEE, 0x01, 0x21, 0x2F, 0xF0, 0xE0, 0x12, 0x22, 0x22, 0x11, 0x02, 0x02
    .byte   0x22, 0x11, 0xFE, 0xFD, 0xEE,   -8, 0x0E, 0xDF, 0xED, 0xEE, 0xE0, 0xEF, 0xFF, 0x02, 0x12, 0x33
    .byte   0x23, 0x33, 0x43, 0x43, 0x32, 0x1F, 0xE1, 0xE1, 0xF0, 0xEE, 0xED, 0xDD, 0xDE, 0xEE, 0xE0, 0xED
    .byte   0xFE, 0xE0, 0x02, 0x20, 0x01, 0xF0,  -17, 0x00, 0x21, 0x12, 0x11, 0x10, 0x20, 0x22, 0x22, 0x1F
    .byte   0xFE, 0xEE, 0xEF, 0xEE, 0xED, 0xED, 0xFE, 0xEF, 0xFF, 0xF0, 0x00, 0x22, 0x23, 0x23, 0x33, 0x34
    .byte   0x33, 0x32, 0x20, 0x01, 0xF0, 0xFF, 0xEE,   46, 0x0D, 0xED, 0xDE, 0xEE, 0xD0, 0xDE, 0xFE, 0xF1
    .byte   0x02, 0x11, 0xF0, 0x21, 0xF2, 0x21, 0x00, 0x1F, 0x11, 0x12, 0x02, 0x02, 0x0F, 0x00, 0x0E, 0xFF
    .byte   0xEE, 0xED, 0xEE, 0xEE, 0xEF, 0xFE, 0x1F, 0x01,  -43, 0x01, 0x23, 0x23, 0x23, 0x34, 0x33, 0x32
    .byte   0x21, 0x12, 0x10, 0xF1, 0xED, 0xEE, 0xDE, 0xDE, 0xDE, 0xDE, 0xEE, 0xEF, 0xFF, 0x01, 0x10, 0x21
    .byte   0x21, 0x21, 0x11, 0x11, 0x11, 0x11, 0x1F, 0x0F, 0x0F,   -1, 0x00, 0x10, 0xFF, 0xFE, 0xE0, 0xEE
    .byte   0x0D, 0x0E, 0xE0, 0xFF, 0x0F, 0x01, 0x11, 0x22, 0x22, 0x23, 0x33, 0x33, 0x32, 0x22, 0x13, 0x12
    .byte   0x0F, 0xEF, 0xDE, 0xEE, 0xDE, 0xDD, 0xDE, 0xED, 0x0E, 0xFF,  -29, 0x01, 0x02, 0x12, 0x02, 0x21
    .byte   0x12, 0x12, 0x11, 0x01, 0x0F, 0x00, 0xFF, 0x0E, 0x00, 0xFE, 0x0E, 0x1E, 0xEF, 0xE0, 0xFF, 0x0E
    .byte   0xFF, 0x01, 0x01, 0x20, 0x20, 0x22, 0x23, 0x23, 0x32, 0x31, 0x22,   46, 0x02, 0x22, 0xF0, 0xFE
    .byte   0x0E, 0xEF, 0xDD, 0xED, 0xEE, 0xDE, 0x0D, 0xE0, 0xE0, 0x1F, 0x12, 0x11, 0x20, 0x22, 0x12, 0x2E
    .byte   0x12, 0xF2, 0x1E, 0x10, 0xEF, 0x0F, 0x0F, 0xE0, 0xEE, 0x1F, 0xE1, 0xEE,  -27, 0x01, 0xF2, 0x0E
    .byte   0x2E, 0xF3, 0xF2, 0x3E, 0x3F, 0xE3, 0xF2, 0x40, 0x12, 0xD1, 0x4E, 0x33, 0xC3, 0xED, 0x32, 0xE2
    .byte   0xEC, 0x0E, 0xD2, 0x0D, 0x1D, 0xD0, 0x0E, 0x20, 0xF0, 0xEF, 0x22, 0x03, 0xEF,   -4, 0x0E, 0x03
    .byte   0x11, 0x10, 0xD0, 0x10, 0x22, 0xD2, 0xDF, 0xEF, 0x3C, 0x5C, 0xC4, 0xC3, 0x21, 0xE0, 0x1E, 0x23
    .byte   0xF1, 0x3C, 0x4E, 0xF4, 0xEF, 0x2E, 0xE4, 0xD3, 0x2D, 0x3D, 0x22, 0x12, 0x10, 0xD2,   22, 0x0E
    .byte   0x3E, 0xE0, 0xEE, 0x1F, 0xF2, 0xDE, 0x1D, 0x23, 0xD1, 0x1C, 0x32, 0xD4, 0xED, 0x3D, 0xE4, 0xEF
    .byte   0x3C, 0x20, 0xD5, 0xB5, 0xCC, 0x5B, 0x24, 0xD4, 0xCF, 0xFC, 0x5D, 0x4D, 0xFE, 0xD3, 0xF4,   -9
    .byte   0x04, 0xC1, 0x3B, 0x6C, 0xE5, 0xA4, 0x4A, 0x7C, 0xB6, 0xA2, 0x6A, 0x52, 0xB5, 0xC2, 0x4C, 0x31
    .byte   0xC4, 0xEE, 0x4D, 0xF2, 0xC3, 0x1D, 0x4D, 0xD3, 0xDF, 0x3E, 0xE3, 0xDD, 0x3E, 0xF3, 0xD1, 0x1D
    .byte     -7, 0x00, 0xE4, 0xDD, 0x4B, 0x34, 0xC4, 0xDE, 0xD4, 0xC5, 0xDE, 0x3B, 0x5C, 0x31, 0x02, 0xD3
    .byte   0xB6, 0xCC, 0x78, 0x7C, 0xB7, 0x95, 0x4A, 0x53, 0xA7, 0xCB, 0x79, 0x53, 0xA6, 0xDC, 0x5B, 0x34
    .byte   0xA7,  -19, 0x06, 0xEB, 0x78, 0x61, 0xB6, 0xCC, 0x6A, 0x44, 0xB5, 0xC2, 0xD1, 0x3C, 0x6A, 0x43
    .byte   0xA6, 0xA5, 0x3B, 0x5B, 0xF5, 0xA6, 0x29, 0x7A, 0xE7, 0x87, 0xDB, 0x78, 0x55, 0xA6, 0xB1, 0xFD
    .byte   0x4E, 0x3F,  -15, 0x05, 0x97, 0xDB, 0x79, 0x5C, 0xF5, 0xB7, 0x87, 0xCB, 0x79, 0x6D, 0xB7, 0x87
    .byte   0x1A, 0x7A, 0x15, 0xA6, 0xCD, 0x5C, 0xE3, 0x1C, 0x5B, 0x25, 0xA5, 0x2B, 0x6A, 0x44, 0xA6, 0xB4
    .byte   0xD2, 0xFD, 0x5A,   12, 0x0E, 0xC4, 0xDC, 0x6A, 0x46, 0x87, 0xBD, 0x6B, 0xE5, 0xA3, 0x5A, 0x6D
    .byte   0xC5, 0xA5, 0xDC, 0x6A, 0x44, 0xA6, 0xCC, 0x78, 0x7E, 0xB5, 0xC4, 0xB5, 0xC1, 0x3D, 0x12, 0x3B
    .byte   0x6B, 0xE5, 0xA6, 0xC0,    8, 0x0C, 0x3E, 0x2E, 0x4C, 0x4C, 0xE4, 0xB5, 0xD1, 0x22, 0xB5, 0xC2
    .byte   0x5A, 0x5B, 0x4D, 0x31, 0xD5, 0xA5, 0xEC, 0x69, 0x6C, 0xD5, 0xA7, 0xA5, 0xCE, 0x3C, 0x5C, 0x3C
    .byte   0x4D, 0x3E, 0x02, 0xD3, 0xB6,  -12, 0x04, 0x3B, 0x5A, 0x6B, 0x40, 0xC6, 0x96, 0xC0, 0x4C, 0x22
    .byte   0xC4, 0xD3, 0x2D, 0x3C, 0x4D, 0x3E, 0x3C, 0x3D, 0xF4, 0xB6, 0xB1, 0x3B, 0x5C, 0x33, 0xC4, 0xB4
    .byte   0x1C, 0x6A, 0x5C, 0x23, 0xB6, 0xB3,    7, 0x0C, 0x3E, 0x12, 0xE2, 0xE2, 0xF0, 0x0E, 0x21, 0xE3
    .byte   0xED, 0x4B, 0x5E, 0xC6, 0x96, 0xB2, 0x4C, 0x5C, 0x12, 0xC3, 0x1E, 0x4C, 0x3E, 0x01, 0x01, 0xF2
    .byte   0xD1, 0x2D, 0x32, 0xC5, 0xB4, 0xED, 0x3F,    1, 0x01, 0x1D, 0x3D, 0x4C, 0x4C, 0x3F, 0xD3, 0xD3
    .byte   0xD3, 0xE2, 0xFE, 0x12, 0xD4, 0xC3, 0xE2, 0xFE, 0x3C, 0x4E, 0xD3, 0xD2, 0x3C, 0x4D, 0x2E, 0x1E
    .byte   0x21, 0xF3, 0xC4, 0xC3, 0x2D, 0x3E, 0xE3, 0xD2,   -2, 0x01, 0x3C, 0x4C, 0x3E, 0x23, 0xC4, 0xC2
    .byte   0x2E, 0x21, 0x0E, 0x2E, 0x2E, 0x2F, 0xFF, 0x00, 0xE2, 0x11, 0x1E, 0x1F, 0x11, 0xE3, 0xD3, 0xD1
    .byte   0x2E, 0x3D, 0x2E, 0x2E, 0x2F, 0xF0, 0x1F, 0xE2, 0xF2,   -1, 0x02, 0xE1, 0xE2, 0x00, 0x1E, 0x2F
    .byte   0x0F, 0xF1, 0xF1, 0x10, 0x1E, 0x10, 0x11, 0x1F, 0x0E, 0x2F, 0x2E, 0x11, 0xE2, 0xF0, 0xF2, 0xE2
    .byte   0xE1, 0xF0, 0x10, 0x1F, 0x1E, 0x2E, 0x2F, 0x10, 0xFF, 0x01,    0, 0x01, 0xF1, 0xE2, 0xE2, 0xF2
    .byte   0xE0, 0x1E, 0x2F, 0x11, 0x0E, 0x10, 0x11, 0xF0, 0x1F, 0x1F, 0xF2, 0xE1, 0xF0, 0x1F, 0x01, 0x01
    .byte   0x00, 0x0F, 0x00, 0x0F, 0x1F, 0x11, 0xE2, 0xF0, 0x0F, 0x10, 0x1F,    1, 0x00, 0xE2, 0xF1, 0xF0
    .byte   0xFF, 0x11, 0x00, 0x01, 0x0F, 0xFF, 0x11, 0x00, 0xF1, 0xF1, 0x10, 0x0F, 0x1F, 0x1F, 0x01, 0xFF
    .byte   0x01, 0xF1, 0x10, 0xF1, 0xF0, 0xF1, 0x00, 0x1F, 0xF1, 0x01, 0xF1, 0xF1,    1, 0x0F, 0x00, 0xF1
    .byte   0x1F, 0x1F, 0x00, 0x01, 0x0F, 0x0F, 0x01, 0x1F, 0x1F, 0xF0, 0x11, 0x00, 0xF0, 0xF1, 0x00, 0x10
    .byte   0xF0, 0x00, 0x00, 0x00, 0x0F, 0x01, 0x00, 0x00, 0xF1, 0x10, 0xF0, 0xF1, 0x00,    0, 0x0F, 0x1F
    .byte   0x11, 0xF0, 0x00, 0x0F, 0x10, 0x00, 0x1F, 0x00, 0x00, 0x01, 0xF0, 0x00, 0x01, 0xF1, 0xF0, 0x00
    .byte   0x00, 0x1F, 0x00, 0x00, 0x01, 0xF0, 0xF1, 0x00, 0x00, 0xF1, 0x00, 0x00, 0x1F, 0x00,    0, 0x00
    .byte   0x00, 0x00, 0x1F, 0x00, 0x1F, 0x1F, 0x00, 0x0F, 0x01, 0x0F, 0x10, 0x00, 0xF1, 0xF1, 0x0F, 0x10
    .byte   0xF1, 0xF1, 0xF1, 0xF1, 0x00, 0x1F, 0x00, 0x00, 0x00, 0x01, 0xF0, 0x0F, 0x01, 0x00, 0x1F,    0
    .byte   0x00, 0x00, 0x00, 0x00, 0x00, 0x00, 0x1F, 0x00, 0x1F, 0x00, 0x0F, 0x10, 0xF1, 0xF1, 0x01, 0x0F
    .byte   0xF1, 0x00, 0x0F, 0x1F, 0x01, 0x00, 0x01, 0xF0, 0x00, 0x01, 0xF0, 0x00, 0x00, 0x10, 0xF0, 0x0F
    .byte      0, 0x00, 0x00, 0x00, 0x0F, 0x10, 0x01, 0xF0, 0x00, 0x00, 0xF1, 0x00, 0x00, 0x00, 0x00, 0x00
    .byte   0x0F, 0x10, 0x00, 0x00, 0xF1, 0x01, 0xF0, 0x00, 0xF1, 0x01, 0xF0, 0xF0, 0x1F, 0x10, 0x10, 0xF0
    .byte   0x0F,    0, 0x00, 0x00, 0x10, 0xF0, 0x00, 0x00, 0x1F, 0x00, 0x00, 0x1F, 0x00, 0x00, 0x00, 0x00
    .byte   0x00, 0x00, 0x00, 0x1F, 0xF1, 0x00, 0xF1, 0x00, 0x00, 0x1F, 0xF1, 0x00, 0x00, 0x00, 0x00, 0x00
    .byte   0x00, 0x00,    0, 0x00, 0x01, 0xF1, 0x0F, 0xF1, 0x00, 0x00, 0xF1, 0x00, 0x0F, 0x11, 0xF0, 0x00
    .byte   0x00, 0x01, 0xF0, 0x00, 0x00, 0x01, 0xF0, 0x0F, 0x10, 0x00, 0x00, 0x01, 0xF1, 0xF0, 0x0F, 0x10
    .byte   0x00, 0x00, 0x0F,    0, 0x0F, 0x00, 0x10, 0x00, 0x00, 0x0F, 0x1F, 0x1F, 0x10, 0x00, 0x00, 0x01
    .byte   0x0F, 0x00, 0x0F, 0x10, 0x00, 0x0F, 0x01, 0x00, 0x0F, 0x10, 0x00, 0x00, 0x00, 0x01, 0x0F, 0x00
    .byte   0xF1, 0x00, 0x00, 0x0F,    0, 0x00, 0x0F, 0x10, 0x00, 0x0F, 0x10, 0x00, 0x0F, 0x10, 0x00, 0x00
    .byte   0x00, 0x1F, 0x10, 0xF0, 0x0F, 0x1F, 0x10, 0x00, 0x00, 0x01, 0xF0, 0x00, 0xF1, 0x00, 0x00, 0x00
    .byte   0x00, 0x01, 0x0F, 0x0F, 0x01,   -1, 0x01, 0x2E, 0xF1, 0x11, 0xE1, 0x10, 0xF1, 0xF0, 0x10, 0x1F
    .byte   0xFF, 0x2E, 0x32, 0xC0, 0x12, 0x10, 0xFE, 0x11, 0x10, 0xF0, 0x20, 0xF0, 0xE1, 0x02, 0x01, 0x1E
    .byte   0x11, 0xF0, 0xF1, 0x01, 0x0F, 0x0F,    0, 0x00, 0x00, 0xF0, 0xF1, 0x0F, 0x01, 0x01, 0x0F, 0x00
    .byte   0xF1, 0x01, 0x0F, 0x10, 0x01, 0xF0, 0x1F, 0x00, 0x01, 0xF0, 0x10, 0x32, 0xEE, 0xDF, 0xF0, 0x0F
    .byte   0x00, 0x02, 0x21, 0x0F, 0x00, 0xE0, 0xF1,   -1, 0x01, 0x11, 0x0F, 0xFF, 0xF0, 0xF0, 0xF1, 0x11
    .byte   0x11, 0xF0, 0x01, 0x01, 0x00, 0x10, 0xFF, 0x10, 0xFF, 0x0F, 0xF0, 0xF1, 0x10, 0x00, 0x0F, 0x10
    .byte   0x01, 0x00, 0xF1, 0x00, 0x01, 0x1F, 0xFF, 0xF1,    0, 0x01, 0x1F, 0xF0, 0x0F, 0x10, 0x1F, 0x00
    .byte   0x01, 0x11, 0x1F, 0xFF, 0xF0, 0x01, 0xF0, 0xF0, 0x0F, 0x11, 0x00, 0xFF, 0x00, 0x11, 0x00, 0xF0
    .byte   0x1F, 0x10, 0xF0, 0xF0, 0xF1, 0x00, 0x0F, 0x1F, 0xF0,   -4, 0x00, 0xF0, 0x01, 0x00, 0x01, 0x11
    .byte   0x22, 0x21, 0x11, 0x10, 0x10, 0x00, 0xEF, 0xE0, 0xF0, 0xFE, 0xFF, 0xFF, 0xF0, 0x10, 0xF0, 0x01
    .byte   0x01, 0xF1, 0x0F, 0xE1, 0xF0, 0xFE, 0xFF, 0xFF, 0xFF, 0xF0,  -20, 0x01, 0xF1, 0x11, 0x10, 0x02
    .byte   0x00, 0xE0, 0x23, 0x45, 0x22, 0xEE, 0xF1, 0x22, 0x2D, 0xCD, 0xD1, 0x12, 0xED, 0xCC, 0x13, 0x33
    .byte   0x1E, 0xEE, 0x23, 0x43, 0xFD, 0xDD, 0x12, 0x20, 0xED, 0xDE, 0x12,   -8, 0x02, 0x2E, 0x11, 0x32
    .byte   0x32, 0x0E, 0xDE, 0x0E, 0x0E, 0xEE, 0xDD, 0x01, 0xFF, 0xEE, 0xE0, 0x22, 0x2E, 0xE1, 0x22, 0x11
    .byte   0x22, 0x25, 0x54, 0x3F, 0xED, 0xF0, 0x21, 0xEC, 0xCD, 0xF0, 0x20, 0x0C,  -18, 0x0D, 0x23, 0x33
    .byte   0x0F, 0xEE, 0x33, 0x31, 0xFD, 0xDD, 0xF2, 0x1F, 0xED, 0xDF, 0x13, 0x33, 0x11, 0x11, 0x22, 0x31
    .byte   0xFD, 0xEE, 0xEE, 0xEE, 0xDD, 0xDF, 0x11, 0x1E, 0x0E, 0x11, 0x32, 0x11, 0xFF,  -25, 0x02, 0x23
    .byte   0x23, 0x44, 0x33, 0x11, 0xEE, 0xFE, 0x2D, 0xDD, 0xEE, 0xE0, 0x0E, 0xDD, 0xE1, 0x21, 0x32, 0xFF
    .byte   0x02, 0x22, 0x11, 0xED, 0xEE, 0x10, 0x0F, 0xEF, 0xE1, 0x22, 0x30, 0x12, 0x00, 0x21,   14, 0x00
    .byte   0xEE, 0xEE, 0xDE, 0xEE, 0xED, 0xFF, 0xF1, 0x11, 0x10, 0x12, 0x12, 0x12, 0x02, 0x12, 0x23, 0x34
    .byte   0x33, 0x22, 0x0F, 0xEF, 0xF1, 0xDE, 0xDE, 0xEE, 0xFE, 0xED, 0xED, 0x01, 0x22, 0x21, 0x10,   -2
    .byte   0x01, 0x22, 0x20, 0xEF, 0xEE, 0xF0, 0x00, 0xFE, 0x0F, 0xF2, 0x21, 0x11, 0x0F, 0x10, 0x00, 0xFE
    .byte   0xEE, 0xE0, 0xEF, 0xFE, 0xEF, 0xE1, 0x12, 0x21, 0x12, 0x11, 0x22, 0x12, 0xF1, 0x12, 0x22, 0x32
    .byte     29, 0x01, 0x21, 0x01, 0x11, 0x1F, 0xFE, 0xFE, 0xEF, 0xEF, 0xDE, 0xEE, 0xE1, 0x01, 0x00, 0xF0
    .byte   0x01, 0x11, 0x10, 0x0F, 0xFF, 0x01, 0x10, 0x10, 0xF0, 0x0F, 0xF1, 0x11, 0x0F, 0x0F, 0xFF, 0x0F
    .byte   0xFF,  -10, 0x00, 0xE0, 0xF0, 0x01, 0xF1, 0x01, 0x01, 0x02, 0x10, 0x11, 0x11, 0x11, 0x01, 0xF1
    .byte   0x10, 0xF0, 0x21, 0x11, 0x11, 0x10, 0x21, 0x11, 0x11, 0x10, 0x0F, 0x0F, 0xF0, 0xE0, 0x0E, 0xFF
    .byte   0xFF, 0xFF,    3, 0x0F, 0x0F, 0xFF, 0xF0, 0xF0, 0xFF, 0xFF, 0x1F, 0x1F, 0x10, 0xF1, 0x01, 0x01
    .byte   0xF1, 0x10, 0xF1, 0xF0, 0xFF, 0x00, 0xF0, 0xF1, 0x00, 0xFF, 0x10, 0x10, 0x11, 0xF1, 0xF1, 0x10
    .byte   0x00, 0x00, 0x10,   -2, 0x00, 0x10, 0x01, 0x10, 0x00, 0x11, 0x01, 0x01, 0x00, 0x1F, 0x10, 0x00
    .byte   0xF1, 0x00, 0xF1, 0xF1, 0xF0, 0x10, 0x00, 0x00, 0x00, 0xF1, 0x00, 0xFF, 0x1F, 0x00, 0xF0, 0xF0
    .byte   0xF0, 0xFF, 0xF0, 0xF0,   -3, 0x0F, 0x0F, 0x1F, 0x00, 0x10, 0x00, 0x1F, 0x10, 0x01, 0x00, 0x0F
    .byte   0x10, 0x00, 0x10, 0x00, 0x00, 0x00, 0x1F, 0x00, 0x01, 0x0F, 0x01, 0xF0, 0x1F, 0x1F, 0x00, 0x00
    .byte   0x0F, 0x11, 0x0F, 0x01, 0x1F,    0, 0x00, 0x10, 0x00, 0x01, 0xF0, 0x01, 0x0F, 0x10, 0xF0, 0x10
    .byte   0x01, 0xF0, 0x00, 0x00, 0xF0, 0x00, 0x0F, 0x01, 0x0F, 0x00, 0x00, 0xF1, 0x00, 0xF1, 0xF1, 0xF1
    .byte   0x0F, 0x10, 0x00, 0x10, 0x0F, 0x10,    1, 0x00, 0xF0, 0x10, 0xF0, 0x1F, 0x00, 0x00, 0x00, 0x00
    .byte   0x0F, 0x00, 0x00, 0xF0, 0x00, 0x0F, 0x10, 0xF1, 0x0F, 0x10, 0x00, 0x1F, 0x01, 0x00, 0x1F, 0x10
    .byte   0x01, 0xF1, 0xF1, 0x00, 0x00, 0x00, 0x0F,    1, 0x00, 0xF1, 0xF0, 0x01, 0x0F, 0x00, 0x0F, 0x10
    .byte   0x00, 0x01, 0xF0, 0x10, 0x00, 0xF1, 0xF1, 0x10, 0x00, 0xF0, 0x00, 0x00, 0x1F, 0x1F, 0x00, 0x00
    .byte   0x1F, 0x00, 0xF1, 0xF0, 0xF1, 0xF1, 0x00, 0xF0,   -1, 0x00, 0xF0, 0x1F, 0x1F, 0x10, 0x0F, 0x10
    .byte   0xF1, 0x00, 0x00, 0x01, 0xF0, 0x00, 0x10, 0xF1, 0x0F, 0x1F, 0x10, 0x00, 0x0F, 0x10, 0x00, 0x10
    .byte   0xF0, 0x1F, 0x00, 0x1F, 0x00, 0x1F, 0x00, 0x1F, 0x1F,    0, 0x00, 0x01, 0x00, 0x00, 0xF0, 0x01
    .byte   0xF0, 0x10, 0xF1, 0xF1, 0x00, 0xF0, 0x10, 0xF1, 0xF0, 0x00, 0xF1, 0x00, 0x0F, 0x01, 0x00, 0x0F
    .byte   0x00, 0x00, 0x10, 0xF0, 0x00, 0x1F, 0x10, 0xF0, 0x10, 0x0F,   -1, 0x01, 0x00, 0x0F, 0x01, 0x00
    .byte   0x1F, 0x00, 0xF1, 0x00, 0x01, 0xF0, 0x01, 0x00, 0xF0, 0x00, 0x00, 0x1F, 0x01, 0xF0, 0x00, 0x01
    .byte   0xF0, 0x1F, 0x00, 0x00, 0x00, 0x00, 0x00, 0x00, 0x00, 0xF1, 0x00,    0, 0x00, 0x00, 0x00, 0x00
    .byte   0x00, 0xF0, 0x10, 0x0F, 0x1F, 0x01, 0x00, 0x1F, 0x0F, 0x1F, 0x10, 0xF1, 0x00, 0xF1, 0x01, 0xF0
    .byte   0x00, 0x00, 0x0F, 0x1F, 0x1F, 0x10, 0x00, 0x01, 0xF0, 0x00, 0x00, 0x00,    1, 0x0F, 0x01, 0xF1
    .byte   0xF0, 0x00, 0x00, 0x00, 0x00, 0x01, 0xF0, 0x00, 0x10, 0xF0, 0x00, 0x01, 0xF0, 0x00, 0x00, 0x00
    .byte   0x00, 0x1F, 0x0F, 0x01, 0x00, 0x00, 0xF1, 0x0F, 0x01, 0x00, 0x00, 0x00, 0xF1,    0, 0x00, 0x1F
    .byte   0x00, 0x00, 0x00, 0x1F, 0x10, 0xF0, 0x00, 0x00, 0x00, 0x00, 0x00, 0x1F, 0x00, 0x00, 0x00, 0x00
    .byte   0x01, 0xF0, 0x1F, 0x00, 0xF1, 0x1F, 0x00, 0x00, 0x00, 0x0F, 0x1F, 0x01, 0x00, 0x00,    0, 0x00
    .byte   0x00, 0xF1, 0x00, 0x00, 0x00, 0x00, 0x00, 0x0F, 0x01, 0x00, 0x00, 0x0F, 0x10, 0x00, 0xF0, 0x10
    .byte   0x0F, 0x11, 0xF0, 0x01, 0xFF, 0x01, 0x00, 0x01, 0x0F, 0x00, 0x00, 0x0F, 0x10, 0x0F, 0x10,    0
    .byte   0x00, 0x1F, 0x00, 0x00, 0x00, 0x0F, 0x10, 0x00, 0x1F, 0x1F, 0x00, 0x00, 0x01, 0xF0, 0x0F, 0x10
    .byte   0x00, 0x0F, 0x10, 0x01, 0xF0, 0x00, 0x00, 0x00, 0x00, 0x00, 0x00, 0x00, 0x00, 0x00, 0x0F, 0x10
    .byte     -1, 0x01, 0x00, 0x1F, 0x00, 0x00, 0x00, 0x00, 0x00, 0x0F, 0x10, 0x01, 0x0F, 0x00, 0x00, 0xF1
    .byte   0x00, 0x00, 0x01, 0x0F, 0x0F, 0x0F, 0x02, 0x4F, 0xCD, 0x23, 0xDD, 0xDF, 0x43, 0x31, 0x1E, 0xE0
    .byte   0xFE,   -1, 0x00, 0x0F, 0x00, 0xE4, 0x14, 0x4B, 0xAA, 0x22, 0x34, 0x24, 0x32, 0x34, 0x1D, 0xDE
    .byte   0xDE, 0xDC, 0xE4, 0x30, 0x30, 0xE1, 0x0D, 0x2E, 0xDD, 0x23, 0x33, 0x2E, 0x0F, 0x01, 0xFE, 0xDE
    .byte   0xDE, 0x32,   -3, 0x0F, 0x02, 0x12, 0x20, 0xFE, 0xEE, 0xF2, 0x0F, 0xF0, 0xF1, 0x11, 0x1F, 0xFE
    .byte   0x02, 0x01, 0x20, 0xF1, 0x11, 0x20, 0xFE, 0x0E, 0xF0, 0xF0, 0x00, 0x01, 0x12, 0xFF, 0xFF, 0x11
    .byte   0x11, 0xFF, 0xFF,    1, 0x00, 0x10, 0xE0, 0x0F, 0x11, 0x11, 0x0F, 0xF1, 0x10, 0x11, 0xE0, 0x01
    .byte   0xF0, 0x10, 0x01, 0x01, 0x00, 0xEF, 0xF0, 0x10, 0x12, 0x01, 0x1F, 0xE0, 0x01, 0xF0, 0x00, 0x10
    .byte   0x11, 0xFF, 0x0E, 0x01,    0, 0x00, 0x00, 0x02, 0x1E, 0x12, 0xED, 0x11, 0x0F, 0xF1, 0x22, 0xF0
    .byte   0x20, 0xE0, 0xF0, 0x00, 0xF0, 0x0F, 0xEF, 0x02, 0x30, 0xFF, 0xF0, 0xFE, 0xFF, 0x0F, 0xF2, 0x21
    .byte   0xFF, 0xF0, 0xF0, 0x11, 0xF0,    0, 0x01, 0x21, 0x01, 0xFE, 0xEE, 0xF0, 0x00, 0x22, 0x31, 0x11
    .byte   0xEE, 0xDD, 0x12, 0x1F, 0x23, 0x21, 0xFF, 0x2E, 0xCD, 0x03, 0xF0, 0x34, 0x2E, 0xDD, 0xFE, 0xDE
    .byte   0x33, 0x11, 0x23, 0x2E, 0xDE, 0xEE,  -14, 0x0E, 0x33, 0x20, 0xE2, 0x20, 0xDE, 0x21, 0xE0, 0x23
    .byte   0xEF, 0xD0, 0xFF, 0x22, 0x3F, 0xEE, 0x13, 0xEE, 0xDF, 0xE0, 0x23, 0x4F, 0xDE, 0xF0, 0xDE, 0x0E
    .byte   0xE3, 0x44, 0x21, 0xDC, 0xCD, 0xD3, 0x31,   -3, 0x03, 0x22, 0x30, 0xFC, 0xCD, 0xE2, 0x22, 0x33
    .byte   0x30, 0x2E, 0xED, 0xCC, 0x14, 0x32, 0x33, 0x2D, 0xC1, 0x31, 0xBC, 0x32, 0x13, 0x44, 0x1D, 0xDF
    .byte   0x2E, 0xD1, 0xED, 0xD3, 0x43, 0x2D, 0xF0, 0xEF,    7, 0x03, 0x2D, 0xDD, 0xFE, 0xF1, 0x21, 0x22
    .byte   0x22, 0x3F, 0xED, 0xDE, 0xE0, 0x02, 0x33, 0xE0, 0x21, 0xDE, 0xDE, 0x23, 0x22, 0x31, 0xDD, 0x1F
    .byte   0x20, 0xED, 0x20, 0xE3, 0x43, 0xFD, 0xCD, 0x10, 0xF4,    9, 0x0E, 0xDE, 0x23, 0x2F, 0xDE, 0x22
    .byte   0x12, 0x1D, 0xEE, 0xF0, 0x3F, 0x03, 0x2D, 0x01, 0x1E, 0xEF, 0x2F, 0xDE, 0x34, 0x10, 0x1F, 0xDD
    .byte   0xC1, 0x33, 0x10, 0x20, 0x23, 0x22, 0xDD, 0xCD, 0xEE, 0x34,    0, 0x0F, 0x13, 0x33, 0xED, 0xDC
    .byte   0xCE, 0x24, 0x33, 0x21, 0x1E, 0xD2, 0xED, 0xD1, 0x23, 0x42, 0xF1, 0xED, 0xE1, 0xD0, 0xED, 0x24
    .byte   0x43, 0xEE, 0xED, 0xDD, 0x32, 0xED, 0xE4, 0x42, 0x20, 0xED, 0xCD,  -19, 0x03, 0xF2, 0x33, 0x22
    .byte   0x1D, 0xCD, 0xE2, 0x30, 0xD3, 0x31, 0x23, 0x3E, 0xCB, 0xD3, 0x22, 0x34, 0x2D, 0xDF, 0x23, 0xDC
    .byte   0x1F, 0xE2, 0x43, 0x1F, 0xEE, 0xED, 0xD2, 0x3F, 0xD2, 0x34, 0x2E, 0xD0,   -2, 0x0D, 0xE1, 0x30
    .byte   0xF2, 0x23, 0x2F, 0xED, 0xED, 0x01, 0x22, 0x23, 0x1F, 0xDE, 0xFF, 0x12, 0x02, 0x0E, 0xD2, 0x20
    .byte   0x22, 0x0D, 0xFF, 0x33, 0xED, 0xDF, 0xD0, 0x43, 0x1F, 0xEE, 0x23, 0x1D, 0xED,  -19, 0x01, 0x13
    .byte   0x44, 0x2C, 0xDD, 0xEE, 0x13, 0x3E, 0xDF, 0x43, 0x1D, 0x11, 0xDD, 0xDE, 0x23, 0x13, 0x42, 0xED
    .byte   0xDD, 0x21, 0xF1, 0xEE, 0xE2, 0x34, 0x3E, 0xDF, 0xCE, 0x11, 0x30, 0xE3, 0x3F, 0xEE,   -5, 0x0E
    .byte   0xF0, 0x23, 0x10, 0x2F, 0xEE, 0x02, 0xEF, 0xEE, 0x03, 0x02, 0x1E, 0x22, 0xFD, 0x01, 0xFF, 0x0F
    .byte   0x11, 0xEF, 0x23, 0x23, 0x0D, 0xDD, 0xD1, 0x24, 0x32, 0xDD, 0xF0, 0xE2, 0x11, 0x1E, 0xF2,    2
    .byte   0x01, 0x23, 0xDC, 0xED, 0x23, 0x24, 0x4E, 0xCC, 0xE2, 0x4E, 0xED, 0xDE, 0x45, 0x31, 0xDC, 0xCD
    .byte   0xE2, 0x44, 0xFE, 0x13, 0x2E, 0xDE, 0xDD, 0xEF, 0x43, 0x12, 0x2F, 0xEE, 0xF2, 0xDD, 0xD3, 0x22
    .byte     11, 0x02, 0x1D, 0xDE, 0xD1, 0x23, 0x3E, 0xED, 0x33, 0x3E, 0xBD, 0xF3, 0x43, 0x2E, 0xDC, 0xE4
    .byte   0x3D, 0x0F, 0xE3, 0xF2, 0x2E, 0xCC, 0x33, 0x35, 0xDD, 0x0C, 0xC3, 0x42, 0x3F, 0xCE, 0xED, 0x24
    .byte   0x4F,   13, 0x0D, 0xDD, 0xF2, 0x42, 0x0E, 0x02, 0xDC, 0x13, 0x23, 0xEE, 0xFE, 0xD3, 0x5E, 0xDF
    .byte   0xED, 0x1E, 0x34, 0x1B, 0xE3, 0x21, 0x12, 0x21, 0xC2, 0x31, 0xDD, 0xD1, 0x52, 0x31, 0xCE, 0xEE
    .byte   0xDE, 0x43,   11, 0x0E, 0xD3, 0x2E, 0xD2, 0x2C, 0xDE, 0x34, 0x31, 0x22, 0xDC, 0xD2, 0x30, 0xEE
    .byte   0x23, 0x10, 0x31, 0xEC, 0xC2, 0x33, 0xF2, 0x2F, 0xEE, 0x22, 0x1E, 0xEE, 0xEF, 0x21, 0x12, 0x22
    .byte   0x1E, 0xEE, 0xDD,  -19, 0x04, 0x41, 0xDD, 0xF1, 0xEF, 0x33, 0x0C, 0xE2, 0x42, 0xEF, 0xFD, 0xDE
    .byte   0x33, 0x2E, 0xD1, 0x21, 0x32, 0xFD, 0xDE, 0x23, 0x3E, 0xED, 0xE1, 0x33, 0x0E, 0xFD, 0xD1, 0x33
    .byte   0x2D, 0xDF, 0x22, 0x13,   15, 0x0E, 0xDC, 0xE2, 0x33, 0xFE, 0x1F, 0x12, 0x2E, 0xDD, 0x00, 0x13
    .byte   0x33, 0x1D, 0xD0, 0x0F, 0x1F, 0x00, 0x1F, 0x33, 0x3D, 0xDD, 0xD1, 0x23, 0x12, 0x2F, 0xEE, 0x22
    .byte   0xFE, 0xDF, 0x2E, 0x12, 0x23,   12, 0x00, 0xEF, 0xED, 0xDE, 0x34, 0x3F, 0xFD, 0xEF, 0xEE, 0x11
    .byte   0xEE, 0xF3, 0x33, 0xFD, 0xDE, 0xED, 0x02, 0x42, 0x2E, 0xDF, 0xDE, 0x23, 0x20, 0x01, 0x13, 0x23
    .byte   0x33, 0x1D, 0xDE, 0xEE, 0x2F, 0x30,   13, 0x02, 0x23, 0x0F, 0xED, 0xDD, 0xE2, 0x32, 0xFE, 0xE1
    .byte   0xEE, 0xFF, 0x0D, 0xE0, 0x22, 0x21, 0x2E, 0xEE, 0xDE, 0xEE, 0xF1, 0x23, 0x34, 0x1D, 0xDC, 0xDE
    .byte   0x02, 0xF3, 0x33, 0x43, 0x55, 0x4D, 0xCC,   25, 0x0C, 0xCE, 0x34, 0x32, 0x34, 0x3D, 0xDD, 0xDC
    .byte   0xBE, 0x24, 0x32, 0x22, 0xED, 0xDD, 0xEE, 0xE2, 0x23, 0x13, 0x31, 0xDD, 0xDD, 0xD0, 0x24, 0x32
    .byte   0xEF, 0xEE, 0xDF, 0x00, 0xED, 0xF1, 0x20, 0x21,  -22, 0x0E, 0xDE, 0xE2, 0x34, 0x56, 0x63, 0xDB
    .byte   0xBB, 0xBD, 0x25, 0x42, 0x13, 0x33, 0x1F, 0xDC, 0xBB, 0xD4, 0x44, 0x32, 0xEC, 0xCD, 0xE2, 0xF0
    .byte   0x02, 0x33, 0x32, 0xFD, 0xDD, 0xDD, 0x23, 0x32, 0x12,    6, 0x00, 0xED, 0xDE, 0xDE, 0x03, 0x21
    .byte   0x1F, 0xEE, 0xE0, 0x1E, 0xEE, 0xE2, 0x35, 0x67, 0x52, 0xCA, 0xAA, 0xCF, 0x35, 0x43, 0x34, 0x32
    .byte   0xEE, 0xCB, 0xBB, 0x04, 0x54, 0x32, 0xDC, 0xCD, 0xFE, 0xF1,  -13, 0x03, 0x22, 0x33, 0x0C, 0xCD
    .byte   0xFF, 0x03, 0x33, 0x2E, 0x02, 0x0C, 0xCD, 0xD2, 0x23, 0x22, 0xED, 0xEF, 0x21, 0xFD, 0xDD, 0xF4
    .byte   0x45, 0x67, 0x50, 0xBA, 0xBA, 0xBD, 0x36, 0x44, 0x44, 0x31, 0xCD,   31, 0x0B, 0xBB, 0x24, 0x45
    .byte   0x42, 0xEC, 0xCC, 0xDD, 0x13, 0x32, 0x33, 0x32, 0xED, 0xEC, 0xDD, 0x23, 0x33, 0x23, 0x2E, 0xCD
    .byte   0xDD, 0xC1, 0x33, 0x3E, 0x21, 0xED, 0xC0, 0x20, 0xDF, 0x13, 0x34, 0x66,  100, 0x03, 0xDB, 0xA9
    .byte   0xBC, 0x35, 0x54, 0x43, 0x42, 0x1D, 0xDB, 0xAC, 0xC1, 0x44, 0x54, 0x1D, 0xCC, 0xDC, 0x12, 0x33
    .byte   0x12, 0x34, 0x2E, 0xDC, 0xDD, 0xE2, 0x43, 0x3F, 0x1E, 0xED, 0xED, 0xEE, 0xDF,  -33, 0x02, 0x22
    .byte   0x0E, 0xED, 0xDE, 0x02, 0x21, 0xF2, 0x45, 0x76, 0x5E, 0xCA, 0xA9, 0xB2, 0x55, 0x53, 0x44, 0x10
    .byte   0xDE, 0xDA, 0xBB, 0x13, 0x45, 0x53, 0xDB, 0xCD, 0xDE, 0x13, 0x21, 0x23, 0x43, 0xFE,    9, 0x0C
    .byte   0xCE, 0x23, 0x41, 0x21, 0xFD, 0xEE, 0xFE, 0xDE, 0xE0, 0x11, 0x12, 0x0E, 0xDD, 0xFE, 0x21, 0x12
    .byte   0x24, 0x46, 0x66, 0x2D, 0xBA, 0xAA, 0xD4, 0x54, 0x44, 0x33, 0x0F, 0xFD, 0xBA, 0xCD, 0x13,   -3
    .byte   0x05, 0x4D, 0xCD, 0xCD, 0xD2, 0x23, 0x1E, 0x34, 0x32, 0x1E, 0xCC, 0xC2, 0x33, 0x22, 0x30, 0xDE
    .byte   0xEF, 0xED, 0xED, 0xFF, 0x03, 0x20, 0xED, 0xDD, 0xE2, 0x33, 0x10, 0x34, 0x47, 0x64, 0x1B, 0xBA
    .byte    -20, 0x0C, 0x15, 0x53, 0x34, 0x32, 0xE1, 0x1D, 0xAB, 0xCE, 0x23, 0x54, 0x2E, 0xBE, 0xDD, 0xF1
    .byte   0x32, 0xE1, 0x33, 0x32, 0x1E, 0xCD, 0xDD, 0x23, 0x33, 0x01, 0x0E, 0xED, 0xEE, 0xDD, 0xE0, 0x21
    .byte   0x22,  -21, 0x0F, 0xDC, 0xDF, 0xE2, 0x34, 0x44, 0x56, 0x61, 0x0C, 0xBB, 0xAC, 0x04, 0x43, 0x43
    .byte   0x3E, 0x12, 0xED, 0xBC, 0xCD, 0x03, 0x44, 0x3D, 0xDD, 0xCD, 0xE2, 0x33, 0x22, 0x10, 0x21, 0x11
    .byte   0xEF, 0xDD,  -22, 0x01, 0x23, 0x32, 0x2F, 0xDD, 0xDD, 0xEF, 0xEF, 0xE0, 0x11, 0x32, 0x2D, 0xDD
    .byte   0xEF, 0x14, 0x45, 0x35, 0x64, 0x2F, 0xCC, 0xAB, 0xDF, 0x43, 0x33, 0x40, 0x02, 0x0F, 0xCC, 0xCC
    .byte   0xFD, 0x24, 0x32,    9, 0x0E, 0xDD, 0xDF, 0x13, 0x32, 0x20, 0x00, 0xE2, 0x1F, 0xED, 0xD0, 0x01
    .byte   0x32, 0x22, 0xED, 0xDE, 0xDE, 0xEE, 0x11, 0x11, 0x02, 0x2E, 0xEE, 0xEE, 0x03, 0x44, 0x45, 0x65
    .byte   0x20, 0xDC, 0xAB, 0xDD,   -2, 0x03, 0x24, 0x41, 0x22, 0x1F, 0xCD, 0xDC, 0xDD, 0xE3, 0x22, 0x02
    .byte   0x0D, 0xEE, 0xEF, 0x31, 0x32, 0x21, 0x0E, 0x01, 0x1D, 0xDF, 0xEE, 0x13, 0x23, 0x00, 0xDD, 0xDD
    .byte   0xDF, 0x01, 0x22, 0xFF, 0xFF,  -43, 0x0F, 0x11, 0x11, 0x33, 0x43, 0x56, 0x52, 0x1E, 0xCB, 0xBC
    .byte   0xF1, 0x02, 0x43, 0xF1, 0x22, 0x0D, 0xEE, 0xDC, 0xC0, 0xEF, 0x13, 0x20, 0xEE, 0xEF, 0xF1, 0x33
    .byte   0x21, 0x11, 0xEE, 0x10, 0xEF, 0xEE,  -16, 0x01, 0x02, 0x22, 0xFF, 0xDD, 0xCE, 0xD1, 0x23, 0x32
    .byte   0x2F, 0xDD, 0xDE, 0xF1, 0x33, 0x43, 0x43, 0x55, 0x33, 0x3E, 0xCC, 0xBD, 0xDE, 0xF1, 0x42, 0x02
    .byte   0x20, 0xFE, 0xE1, 0xDD, 0xDE, 0xED, 0xE2,  -16, 0x02, 0x10, 0x11, 0xF0, 0x22, 0x11, 0x22, 0xFE
    .byte   0xEF, 0x0E, 0xF0, 0xFF, 0x0E, 0xF0, 0x0E, 0xFE, 0xFD, 0xEE, 0xE1, 0x22, 0x12, 0x0D, 0xFF, 0xEF
    .byte   0x23, 0x34, 0x33, 0x54, 0x43, 0x32, 0xED, 0xCC,   29, 0x0D, 0xDE, 0x32, 0x12, 0x30, 0xEE, 0xEE
    .byte   0xEE, 0xFE, 0xFD, 0xEE, 0xFE, 0x01, 0x21, 0x11, 0x2F, 0x11, 0x02, 0x21, 0x11, 0xFE, 0xEE, 0xEF
    .byte   0xF0, 0x11, 0x0E, 0xEE, 0xDE, 0xEF, 0x02, 0x21, 0x0F,  -35, 0x0E, 0xEF, 0x02, 0x22, 0x23, 0x32
    .byte   0x44, 0x53, 0x44, 0x2E, 0xDC, 0xCC, 0xCD, 0xE3, 0x12, 0x32, 0x0E, 0xDE, 0xED, 0x00, 0x12, 0xEF
    .byte   0xEE, 0xDE, 0xE1, 0x22, 0x02, 0x2F, 0xF1, 0x11, 0x22, 0x2F,    5, 0x0F, 0xEE, 0xEE, 0xF1, 0x00
    .byte   0x1E, 0xED, 0xED, 0xEF, 0xF2, 0x22, 0x11, 0x10, 0xE0, 0x00, 0x21, 0x23, 0x23, 0x44, 0x44, 0x43
    .byte   0x3F, 0xDC, 0xCD, 0xCD, 0xEF, 0x13, 0x12, 0xFE, 0xED, 0xED, 0xF1,   -1, 0x02, 0x21, 0xFE, 0xED
    .byte   0xDF, 0xF1, 0x22, 0x31, 0x2F, 0x1F, 0xF0, 0x02, 0xF1, 0x11, 0x0E, 0xEE, 0xEE, 0xEE, 0xEE, 0xEE
    .byte   0x0E, 0xF0, 0x01, 0x20, 0x21, 0x11, 0x11, 0x11, 0x11, 0x23, 0x24, 0x44,   59, 0x04, 0x32, 0x1D
    .byte   0xDD, 0xCC, 0xDE, 0xEF, 0x22, 0x1F, 0xEE, 0xDE, 0xDE, 0x02, 0x22, 0x32, 0x10, 0xED, 0xDE, 0xEE
    .byte   0x22, 0x22, 0x32, 0x0F, 0xFF, 0xEF, 0xF1, 0x21, 0x11, 0x0E, 0xED, 0xDE, 0xDE,  -41, 0x0F, 0xE2
    .byte   0x10, 0x21, 0x11, 0x11, 0x1F, 0x20, 0x12, 0x12, 0x22, 0x33, 0x43, 0x44, 0x32, 0x2F, 0xDD, 0xDC
    .byte   0xDE, 0xDF, 0x01, 0x1E, 0xFE, 0xDE, 0xDF, 0x00, 0x22, 0x23, 0x12, 0x0E, 0xEE, 0xDF,  -14, 0x0F
    .byte   0x01, 0x22, 0x21, 0x2F, 0x0F, 0xF0, 0x11, 0x11, 0x1F, 0xFE, 0xED, 0xED, 0xDE, 0xE0, 0x01, 0x22
    .byte   0x22, 0x11, 0x0F, 0x0F, 0xF0, 0x22, 0x22, 0x22, 0x33, 0x34, 0x34, 0x22, 0x2F, 0xED, 0xDC,   31
    .byte   0x0D, 0xFE, 0xFF, 0xF0, 0xEE, 0xED, 0xEE, 0xE0, 0x22, 0x23, 0x22, 0x2E, 0xEE, 0xEE, 0xD0, 0xF1
    .byte   0x22, 0x12, 0x20, 0x0F, 0x0E, 0x10, 0x01, 0x11, 0xF0, 0xFE, 0xED, 0xEE, 0xDE, 0xFF, 0xF1, 0x22
    .byte    -30, 0x01, 0x21, 0x11, 0x00, 0x10, 0x20, 0x21, 0x23, 0x24, 0x33, 0x43, 0x32, 0x0E, 0xDD, 0xDC
    .byte   0xED, 0xEE, 0x10, 0x0F, 0xEF, 0xDE, 0xEE, 0xE0, 0x22, 0x32, 0x32, 0x2F, 0xEE, 0xDE, 0xDF, 0xF1
    .byte   0x22,   -3, 0x02, 0x2F, 0x0F, 0xFE, 0x0E, 0x00, 0x2F, 0x10, 0x0E, 0xEE, 0xED, 0xEE, 0xEF, 0x01
    .byte   0x22, 0x22, 0x12, 0xF0, 0xE0, 0x00, 0x12, 0x12, 0x23, 0x23, 0x43, 0x34, 0x31, 0x0F, 0xDD, 0xDD
    .byte   0xDD, 0xEE,    9, 0x00, 0x2E, 0xFE, 0xED, 0xEE, 0xF0, 0x12, 0x33, 0x22, 0x2F, 0xEE, 0xDE, 0xEE
    .byte   0xE1, 0x22, 0x22, 0x12, 0xFE, 0x0E, 0x0F, 0xF0, 0x21, 0x10, 0xFF, 0xEE, 0xDE, 0xEE, 0xE1, 0x01
    .byte   0x21, 0x12, 0x11,  -20, 0x00, 0xF0, 0xF0, 0x00, 0x21, 0x12, 0x22, 0x33, 0x43, 0x43, 0x32, 0x1E
    .byte   0xDD, 0xCD, 0xDD, 0xEF, 0x01, 0x10, 0xEE, 0xED, 0xEE, 0x11, 0x22, 0x33, 0x22, 0x1E, 0xED, 0xED
    .byte   0xEF, 0x01, 0x22, 0x22,    2, 0x00, 0xFF, 0xEF, 0xF1, 0x12, 0x02, 0x0F, 0xEE, 0xED, 0xEE, 0xEF
    .byte   0xF1, 0x10, 0x21, 0x00, 0xF0, 0xFF, 0xF1, 0x10, 0x21, 0x21, 0x21, 0x22, 0x33, 0x43, 0x44, 0x22
    .byte   0xEE, 0xDC, 0xDC, 0xED, 0x01,    9, 0x02, 0x1F, 0xEE, 0xDD, 0xEE, 0x12, 0x33, 0x23, 0x20, 0xEE
    .byte   0xDD, 0xEE, 0xE0, 0x22, 0x22, 0x21, 0x0F, 0xEF, 0xF0, 0x21, 0x21, 0x11, 0xEE, 0xED, 0xEE, 0xEF
    .byte   0x10, 0x20, 0x01, 0x0E, 0xFF, 0xFF,  -29, 0x01, 0x10, 0x20, 0x11, 0x11, 0x11, 0x22, 0x34, 0x44
    .byte   0x34, 0x22, 0xFD, 0xDC, 0xCD, 0xDD, 0x12, 0x02, 0x10, 0xED, 0xDE, 0xEE, 0x22, 0x33, 0x33, 0x1F
    .byte   0xDD, 0xDD, 0xEE, 0x02, 0x22, 0x22, 0x1F,   -2, 0x0E, 0x1F, 0x22, 0x22, 0x20, 0xFE, 0xDE, 0xDE
    .byte   0xEF, 0xF0, 0x21, 0x10, 0xEE, 0xFE, 0xF0, 0x12, 0x12, 0xF0, 0xFE, 0xF0, 0x01, 0x22, 0x23, 0x33
    .byte   0x44, 0x44, 0x22, 0x0D, 0xCC, 0xCC, 0xED, 0x22,   14, 0x02, 0x10, 0xDD, 0xDD, 0xE2, 0x23, 0x34
    .byte   0x22, 0xED, 0xDC, 0xDE, 0xE2, 0x23, 0x21, 0x1F, 0xEE, 0x01, 0x22, 0x33, 0x22, 0xEE, 0xDD, 0xED
    .byte   0xE1, 0x02, 0x01, 0xFE, 0xEE, 0xEE, 0x11, 0x22, 0x22,  -16, 0x0F, 0xEE, 0xDE, 0x01, 0x22, 0x33
    .byte   0x23, 0x13, 0x34, 0x43, 0x33, 0xFD, 0xDC, 0xCD, 0xDE, 0x01, 0x12, 0xFE, 0xED, 0xEF, 0xE2, 0x33
    .byte   0x32, 0x11, 0xED, 0xDD, 0xDF, 0x02, 0x12, 0x10, 0x0E, 0x01,   -7, 0x02, 0x32, 0x22, 0x1E, 0xEE
    .byte   0xED, 0xFF, 0xE1, 0xFE, 0xFF, 0xFF, 0x01, 0x00, 0x0F, 0xEF, 0xF0, 0x01, 0xFF, 0x0E, 0xE0, 0x02
    .byte   0x23, 0x23, 0x22, 0x33, 0x44, 0x43, 0x2F, 0xDC, 0xCC, 0xCE, 0xF2,   12, 0x02, 0x20, 0xDD, 0xDE
    .byte   0xFF, 0x33, 0x33, 0x1E, 0xED, 0xDD, 0xF0, 0x12, 0x20, 0xEE, 0xEE, 0xF1, 0x33, 0x33, 0x11, 0xEE
    .byte   0xED, 0xF0, 0x1F, 0x0F, 0xEE, 0xDE, 0x10, 0x12, 0x22, 0x1F, 0xEE, 0xDF,  -30, 0x01, 0x22, 0x0F
    .byte   0xEE, 0xED, 0x21, 0x33, 0x33, 0x32, 0x23, 0x44, 0x34, 0x0E, 0xDC, 0xCC, 0xDD, 0x13, 0x22, 0xFF
    .byte   0xDD, 0xDE, 0x23, 0x23, 0x22, 0xEE, 0xDE, 0xD1, 0x20, 0x11, 0xEE, 0xED, 0xF2,  -15, 0x03, 0x33
    .byte   0x20, 0xFE, 0xEE, 0xF0, 0x00, 0x0E, 0xEE, 0xDF, 0xE1, 0x12, 0x22, 0x00, 0xE0, 0xEF, 0xFF, 0x1F
    .byte   0x0E, 0xEE, 0xFF, 0x0E, 0x22, 0x22, 0x32, 0x33, 0x23, 0x33, 0x43, 0x31, 0xED, 0xCC,   19, 0x0D
    .byte   0xF0, 0x21, 0x1F, 0xEE, 0xDF, 0xF2, 0x22, 0x21, 0x1E, 0xEE, 0xE0, 0x11, 0x1E, 0xEE, 0xEF, 0x01
    .byte   0x13, 0x22, 0x21, 0x21, 0x0F, 0xFF, 0xFF, 0xEE, 0xEE, 0xEF, 0xF0, 0x10, 0x11, 0x0F, 0xFF,  -14
    .byte   0x0F, 0x0E, 0x0E, 0x0E, 0xEF, 0xFF, 0xF2, 0x12, 0x02, 0xF2, 0x23, 0x23, 0x23, 0x23, 0x34, 0x32
    .byte   0xED, 0xDC, 0xDD, 0xFF, 0x02, 0x1E, 0xEE, 0xEF, 0xF0, 0x22, 0x2F, 0xEE, 0xE0, 0x0F, 0xF1, 0x10
    .byte     -6, 0x0E, 0xEF, 0x01, 0x02, 0x22, 0x21, 0x10, 0x22, 0x0F, 0xFE, 0xED, 0xFE, 0xFF, 0x02, 0x0F
    .byte   0x0F, 0x0F, 0x01, 0xFF, 0xFF, 0xEE, 0xFF, 0xFF, 0xFF, 0xF0, 0x00, 0x02, 0x22, 0x32, 0x32, 0x21
    .byte   0x22,   26, 0x03, 0x43, 0x3E, 0xDD, 0xDC, 0xEE, 0x02, 0x20, 0xED, 0xEE, 0x01, 0x12, 0x12, 0xFE
    .byte   0xDF, 0xF1, 0x22, 0x0E, 0xFE, 0xEE, 0xE0, 0x22, 0x2F, 0x10, 0x21, 0x21, 0x21, 0x0F, 0xEE, 0xEE
    .byte   0xEF, 0xF0,  -10, 0x01, 0x0F, 0xEF, 0xF1, 0x11, 0x10, 0xFF, 0xEE, 0xEE, 0x1F, 0x0E, 0x10, 0x11
    .byte   0x22, 0x32, 0x22, 0x22, 0x12, 0x22, 0x33, 0x43, 0x2E, 0xDC, 0xED, 0xEE, 0x11, 0x2E, 0xED, 0xEF
    .byte   0x12, 0x11, 0x10,    5, 0x0E, 0xFF, 0xF2, 0x2F, 0xFE, 0xEE, 0xEF, 0x02, 0x01, 0x10, 0x11, 0x22
    .byte   0x22, 0x10, 0xEE, 0xEE, 0xFF, 0xF0, 0xF0, 0x0E, 0xFF, 0x0F, 0x02, 0x0F, 0x0E, 0xFE, 0xFE, 0xFF
    .byte   0x00, 0x0F, 0xF1, 0x01,  -26, 0x02, 0x22, 0x22, 0x32, 0x22, 0x13, 0x23, 0x42, 0x2F, 0xDD, 0xDD
    .byte   0xE0, 0x10, 0xE0, 0xDE, 0xEF, 0x12, 0x11, 0x0E, 0xFE, 0x11, 0x02, 0x11, 0xEE, 0xEE, 0xE0, 0x20
    .byte   0x1F, 0x01, 0x02, 0x22, 0x22,   12, 0x00, 0xEE, 0xEF, 0xFF, 0x0F, 0x0E, 0x0E, 0x0F, 0xF1, 0x01
    .byte   0x00, 0xEF, 0xFF, 0xFE, 0xFF, 0xFF, 0x01, 0x01, 0x11, 0x11, 0x12, 0x23, 0x23, 0x12, 0x12, 0x33
    .byte   0x33, 0x3E, 0xDD, 0xCE, 0x01, 0x10,   20, 0x0E, 0xDE, 0xFF, 0x12, 0x10, 0xEE, 0xE1, 0x02, 0x21
    .byte   0x00, 0xEE, 0xEE, 0xF0, 0x02, 0xF0, 0xE1, 0x12, 0x23, 0x21, 0x0F, 0xFE, 0xE0, 0x00, 0xE0, 0xFE
    .byte   0xFE, 0x00, 0x10, 0x0F, 0x0E, 0x00, 0x10,  -17, 0x0F, 0xEE, 0xFF, 0x10, 0x2F, 0x11, 0x00, 0x21
    .byte   0x22, 0x23, 0x12, 0x22, 0x23, 0x34, 0x21, 0xED, 0xDD, 0xE1, 0x10, 0xEE, 0xDE, 0xEF, 0x11, 0x02
    .byte   0xEE, 0xEF, 0x02, 0x22, 0x2E, 0xEE, 0xEF, 0xFF,   -8, 0x01, 0xFF, 0xEF, 0x01, 0x32, 0x22, 0xFF
    .byte   0xF0, 0x0F, 0xFF, 0xE0, 0xE0, 0xFF, 0xFE, 0xFF, 0x00, 0x10, 0xF0, 0xF0, 0x00, 0xEE, 0xFE, 0x12
    .byte   0x11, 0xFE, 0x00, 0x22, 0x22, 0x21, 0x22, 0x23, 0x23,   38, 0x03, 0x32, 0x0D, 0xDD, 0xE1, 0x01
    .byte   0xED, 0xED, 0xEF, 0x11, 0x0F, 0xFE, 0xFF, 0x12, 0x22, 0x10, 0xEE, 0xE0, 0xF0, 0x0F, 0xFE, 0xFF
    .byte   0xF2, 0x22, 0x22, 0xFF, 0xF0, 0x11, 0x0F, 0xEE, 0xFF, 0x00,   -7, 0x0F, 0xFE, 0xFF, 0xF0, 0x11
    .byte   0x0F, 0x0E, 0xFF, 0xFF, 0x00, 0x01, 0x1F, 0x10, 0xF1, 0x12, 0x22, 0x22, 0x22, 0x23, 0x33, 0x33
    .byte   0x0F, 0xDD, 0xEE, 0x2F, 0x1D, 0xDE, 0xD0, 0x11, 0x1E, 0xEE, 0xFF,   -6, 0x02, 0x22, 0x10, 0xEF
    .byte   0xE0, 0x01, 0x00, 0xEE, 0xE0, 0x00, 0x22, 0x22, 0x0F, 0x00, 0x12, 0x10, 0xFE, 0xEE, 0xF0, 0x0F
    .byte   0xFE, 0xFE, 0x01, 0x01, 0x1F, 0xF0, 0xE0, 0xFF, 0x01, 0x01, 0x0F, 0xF0,  -23, 0x01, 0x22, 0x01
    .byte   0x22, 0x23, 0x22, 0x33, 0x32, 0x3F, 0xED, 0xEE, 0xF0, 0xFE, 0xDD, 0xEF, 0x01, 0x0E, 0xEF, 0xE0
    .byte   0x02, 0x21, 0x2F, 0xFE, 0x00, 0xF1, 0x0E, 0xEF, 0xE0, 0x11, 0x02, 0x02, 0x11,    2, 0x00, 0x21
    .byte   0x0F, 0xFE, 0xFE, 0x11, 0xFE, 0xFE, 0xE1, 0x11, 0x0F, 0xFF, 0x0E, 0x00, 0xF0, 0x00, 0xF0, 0xF1
    .byte   0x00, 0x12, 0x01, 0x2F, 0x13, 0x23, 0x22, 0x33, 0x33, 0x2E, 0xDD, 0xF1, 0x1F, 0xED,   12, 0x0E
    .byte   0xE1, 0x1F, 0xFE, 0xEE, 0x01, 0x22, 0x21, 0x0F, 0xEF, 0x02, 0x0F, 0xFD, 0xEF, 0xF1, 0x10, 0x11
    .byte   0x12, 0x02, 0x21, 0x10, 0xFF, 0xEF, 0x00, 0x0E, 0xFE, 0xEF, 0x11, 0x10, 0x0E, 0xFE, 0x11,  -18
    .byte   0x00, 0xEF, 0xE2, 0x11, 0x1E, 0x0F, 0x22, 0x11, 0x12, 0x23, 0x23, 0x23, 0x33, 0x22, 0xFD, 0xEE
    .byte   0x0F, 0xEE, 0xDD, 0xE0, 0xFF, 0x0F, 0xEE, 0x11, 0x11, 0x21, 0x11, 0xFE, 0xF0, 0x1F, 0xFE, 0xEF
    .byte    -14, 0x01, 0x10, 0x02, 0x02, 0x12, 0x11, 0x11, 0x1F, 0xEF, 0xEF, 0xF1, 0x0E, 0xFF, 0x00, 0x00
    .byte   0xFF, 0x0E, 0xF0, 0xFF, 0xFF, 0xFF, 0x0F, 0x02, 0x00, 0x00, 0x12, 0x22, 0x33, 0x12, 0x23, 0x33
    .byte   0x32,   57, 0x0D, 0xDE, 0xF0, 0x1D, 0xDD, 0xD0, 0x22, 0x01, 0xEE, 0xEE, 0x23, 0x21, 0x0E, 0xEE
    .byte   0x02, 0x0F, 0xEE, 0xD1, 0x02, 0x11, 0x1F, 0x02, 0x22, 0x21, 0x10, 0xFE, 0xEF, 0xF0, 0xFF, 0xEE
    .byte   0xF0, 0x11,  -10, 0x0F, 0xEF, 0xFF, 0xF0, 0xFF, 0xFE, 0xFF, 0x11, 0x11, 0x1F, 0xF0, 0x03, 0x33
    .byte   0x22, 0x22, 0x23, 0x33, 0x22, 0xEC, 0xDF, 0x21, 0xED, 0xDE, 0xFE, 0x12, 0x31, 0xFD, 0xD0, 0x23
    .byte   0x20, 0xEE, 0xDF,   -5, 0x01, 0x00, 0xEE, 0xEF, 0x12, 0x22, 0xF0, 0x21, 0x22, 0x1F, 0xFF, 0xFE
    .byte   0xEF, 0xFF, 0x0E, 0xFF, 0x02, 0x10, 0xE0, 0x10, 0xFE, 0xEF, 0xFF, 0xEE, 0x11, 0x1F, 0x01, 0x22
    .byte   0x0F, 0x12, 0x32, 0x22,   11, 0x03, 0x23, 0x22, 0x32, 0xED, 0xDE, 0xFF, 0xEE, 0xEE, 0xE0, 0x11
    .byte   0x32, 0xED, 0xD1, 0x22, 0x00, 0x0F, 0xED, 0xE2, 0x2F, 0xFD, 0xFE, 0x22, 0x20, 0x21, 0x01, 0x02
    .byte   0x11, 0xFF, 0xEE, 0xFF, 0xF1,   -7, 0x0F, 0x0F, 0x00, 0x10, 0x00, 0xFF, 0xEE, 0xE0, 0xEF, 0x00
    .byte   0xE0, 0x11, 0x12, 0x22, 0xFE, 0x12, 0x32, 0x32, 0x22, 0x32, 0x33, 0x21, 0xDD, 0xDF, 0xFE, 0xFF
    .byte   0xFE, 0xD0, 0x23, 0x2F, 0xED, 0xD1,    2, 0x01, 0x12, 0x0F, 0xDE, 0x01, 0x2F, 0xEE, 0xE1, 0x12
    .byte   0x12, 0x11, 0xF0, 0x22, 0x0F, 0xFF, 0xFE, 0xFE, 0x10, 0xE1, 0x01, 0x00, 0x2E, 0xFE, 0xE1, 0xFF
    .byte   0xEE, 0xEE, 0xF0, 0x22, 0x1E, 0xE1, 0x33,  -14, 0x01, 0x12, 0x22, 0x23, 0x32, 0x22, 0x23, 0x2E
    .byte   0xDE, 0xFE, 0xEE, 0xE0, 0x0E, 0xF0, 0x12, 0xFE, 0xE0, 0xF0, 0xE1, 0x21, 0xFE, 0xEF, 0x00, 0xFE
    .byte   0xF0, 0xEF, 0x01, 0x22, 0x1F, 0x22, 0x2E, 0x01,    7, 0x00, 0xDE, 0xE0, 0x01, 0x01, 0x11, 0xEE
    .byte   0x11, 0x2F, 0xEE, 0xEE, 0x0E, 0x01, 0x2F, 0xF0, 0x11, 0x01, 0x21, 0x11, 0x22, 0x22, 0x22, 0x23
    .byte   0x32, 0x23, 0x1E, 0xEE, 0xEE, 0xEF, 0xE0, 0xFF, 0xEF,   12, 0x01, 0xFE, 0xEF, 0xEF, 0x02, 0x21
    .byte   0xFF, 0x0E, 0x0F, 0xF0, 0xFE, 0x0E, 0x00, 0x21, 0x00, 0x11, 0x10, 0x20, 0xFF, 0xEF, 0x00, 0xF0
    .byte   0xFF, 0x0F, 0xE1, 0x12, 0xE0, 0xE0, 0xFF, 0x10, 0xF0, 0xEF,  -20, 0x00, 0x20, 0x0F, 0x00, 0x12
    .byte   0x11, 0x20, 0x22, 0x22, 0x10, 0x02, 0x12, 0x21, 0x00, 0xE0, 0xF0, 0x20, 0x00, 0xEF, 0x0E, 0x0F
    .byte   0xFF, 0xEF, 0xE0, 0x10, 0x00, 0xFE, 0xF0, 0x01, 0x10, 0xE0, 0xFF,   -6, 0x01, 0x10, 0xFF, 0x00
    .byte   0x11, 0x1F, 0xFF, 0x10, 0x00, 0x10, 0xF0, 0x0F, 0x10, 0xF1, 0x10, 0xF0, 0x00, 0x0F, 0x0F, 0xE1
    .byte   0x11, 0x10, 0x00, 0x0F, 0x01, 0xF1, 0x11, 0x01, 0x01, 0x10, 0x01, 0xF2,    2, 0x01, 0x0F, 0x11
    .byte   0x01, 0x0F, 0x01, 0x01, 0x11, 0xF0, 0x12, 0xE1, 0xF0, 0x0F, 0x10, 0x11, 0xE0, 0x11, 0x0F, 0x01
    .byte   0x0E, 0x0F, 0x01, 0xF1, 0xFE, 0x10, 0x10, 0x0F, 0xFF, 0x00, 0x10, 0xFF, 0xF0,   -3, 0x01, 0x01
    .byte   0xFE, 0xF2, 0x0F, 0x10, 0xF0, 0x1E, 0x02, 0xF1, 0xF0, 0xFE, 0x20, 0xF1, 0x01, 0x1E, 0x20, 0x1D
    .byte   0x23, 0xE0, 0xD3, 0x1F, 0x02, 0x0D, 0x21, 0x10, 0x2E, 0x01, 0x00, 0x01, 0x2E, 0x01,    2, 0x00
    .byte   0x11, 0x0E, 0x2F, 0x01, 0xF0, 0x00, 0x1F, 0x11, 0xFF, 0xFF, 0x21, 0x0E, 0x00, 0x10, 0x01, 0x01
    .byte   0xFF, 0xF0, 0x10, 0xF0, 0x0F, 0x01, 0x10, 0xE0, 0x1F, 0x10, 0xF1, 0x1F, 0xE1, 0x2F, 0x0F,   -2
    .byte   0x0F, 0x0F, 0x2F, 0xE1, 0x00, 0x10, 0xF1, 0x0F, 0x01, 0x0F, 0x00, 0x10, 0x00, 0x0F, 0x02, 0xFF
    .byte   0x0F, 0x01, 0x00, 0x10, 0x11, 0xE0, 0x2F, 0xF0, 0x10, 0x10, 0x00, 0x0F, 0xF2, 0x0F, 0x01, 0xE2
    .byte      2, 0x01, 0x1F, 0xFF, 0xF2, 0xF0, 0x2E, 0xFF, 0xF0, 0x20, 0xFE, 0x12, 0xE1, 0xF0, 0x2E, 0x10
    .byte   0xF1, 0x1F, 0xF0, 0x10, 0x01, 0xF1, 0x0E, 0x11, 0x1F, 0xFF, 0x10, 0x11, 0xE2, 0x0E, 0x11, 0x0F
    .byte   0x01,    0, 0x0F, 0x0F, 0x01, 0x00, 0x0F, 0x01, 0xF1, 0xF1, 0x1E, 0x12, 0x10, 0xE0, 0x00, 0x10
    .byte   0xF0, 0x2E, 0x2E, 0x02, 0x0E, 0xF2, 0x1E, 0x00, 0x2F, 0x0F, 0x00, 0x01, 0xF2, 0xFE, 0x01, 0x01
    .byte   0x01, 0x0F,    4, 0x00, 0xE0, 0x01, 0x1E, 0x12, 0xF1, 0xE0, 0x20, 0xEF, 0x12, 0xFE, 0x10, 0x21
    .byte   0xEF, 0x0F, 0x12, 0xE1, 0x0F, 0x10, 0x10, 0xF0, 0xE2, 0x1F, 0x1F, 0xF1, 0x0F, 0x0F, 0x00, 0x02
    .byte   0xFF, 0x0E, 0x12,    1, 0x0F, 0xF0, 0x1F, 0xF2, 0xFF, 0xF0, 0x10, 0xE2, 0x1F, 0x00, 0x00, 0x10
    .byte   0xE2, 0x0F, 0x00, 0x2E, 0xF2, 0x0E, 0x0F, 0x12, 0xFF, 0xF0, 0x2E, 0x1F, 0xF0, 0x2F, 0xFF, 0x01
    .byte   0xF0, 0x1F, 0x01, 0x01,   -1, 0x00, 0x12, 0xFE, 0xF0, 0x10, 0x2E, 0x01, 0xF1, 0x10, 0xFF, 0xFF
    .byte   0x02, 0x0F, 0x01, 0x00, 0xE1, 0x0F, 0x2E, 0x12, 0x0F, 0xF1, 0xF1, 0xE0, 0x2E, 0x02, 0x1E, 0x2F
    .byte   0xE1, 0x11, 0x0E, 0x22, 0xEE,   -1, 0x02, 0x1E, 0xFF, 0x02, 0x1F, 0x0E, 0x11, 0xF1, 0x1F, 0x10
    .byte   0xF1, 0x01, 0x0F, 0x1F, 0x00, 0xF1, 0xF0, 0x1F, 0x10, 0x10, 0x0F, 0x02, 0xFD, 0xD4, 0xD4, 0x3B
    .byte   0xE2, 0x43, 0xED, 0xDD, 0xF3, 0x22,   -7, 0x00, 0x3E, 0x20, 0xD1, 0xEF, 0x33, 0x1E, 0xE2, 0x2E
    .byte   0xEE, 0x20, 0x22, 0xE0, 0xFE, 0xFF, 0xFF, 0x01, 0x21, 0x1F, 0xF0, 0x00, 0xFF, 0xF0, 0x20, 0x10
    .byte   0xE0, 0x1F, 0x11, 0xF1, 0x01, 0x11, 0x00,    3, 0x0E, 0x11, 0xF1, 0x0F, 0x01, 0xF1, 0x00, 0xFF
    .byte   0x0F, 0x11, 0x0F, 0x00, 0x1F, 0x10, 0x00, 0x00, 0xF0, 0x10, 0x00, 0x01, 0xF1, 0x0F, 0x00, 0x00
    .byte   0x10, 0xF0, 0x10, 0xF0, 0x00, 0x0F, 0x00, 0x10,    0, 0x00, 0xF0, 0x00, 0x01, 0x00, 0xF1, 0x00
    .byte   0x00, 0x1F, 0x00, 0x00, 0x01, 0xF0, 0x00, 0x1F, 0x01, 0xFF, 0x11, 0xF0, 0x00, 0x0F, 0x11, 0xF1
    .byte   0x0F, 0xF1, 0x00, 0x00, 0x00, 0x01, 0xF0, 0x00, 0x10,    0, 0x01, 0xFF, 0x10, 0x00, 0x00, 0x0F
    .byte   0x10, 0x01, 0xF0, 0x00, 0x00, 0x0F, 0x10, 0x0F, 0x01, 0xF0, 0x10, 0x00, 0x0F, 0x10, 0x00, 0x00
    .byte   0x10, 0xF1, 0xF0, 0x00, 0x00, 0x00, 0x1F, 0x00, 0x00, 0x0F,    0, 0x0F, 0x10, 0x1F, 0x1F, 0x00
    .byte   0x0F, 0x10, 0x00, 0xF1, 0x01, 0xF0, 0x00, 0x0F, 0x10, 0x01, 0x0F, 0x00, 0x00, 0x0F, 0x10, 0x00
    .byte   0x0F, 0x11, 0xF0, 0x00, 0x01, 0xF0, 0x01, 0x0F, 0x01, 0xF0, 0xF0,    0, 0x00, 0x01, 0xF0, 0x00
    .byte   0x0F, 0x01, 0x00, 0x00, 0x00, 0x00, 0x00, 0x0F, 0x10, 0x00, 0x1F, 0x10, 0xFF, 0x00, 0x10, 0x10
    .byte   0x0F, 0x00, 0x00, 0x0F, 0x01, 0x1F, 0x01, 0xF0, 0xF1, 0x00, 0x00, 0x1F,    1, 0x0F, 0x00, 0x00
    .byte   0x0F, 0x10, 0xF1, 0x01, 0xF0, 0x00, 0x00, 0x01, 0xF0, 0x1F, 0x00, 0x1F, 0x1F, 0xF1, 0x00, 0x10
    .byte   0xF0, 0xF1, 0x1F, 0x00, 0x10, 0x0F, 0x00, 0x1F, 0x01, 0xF0, 0xF1, 0x00, 0x00,    0, 0x00, 0xF1
    .byte   0x00, 0x1F, 0xF1, 0xF1, 0x0F, 0x11, 0xF0, 0x1F, 0x01, 0xF0, 0x00, 0xF0, 0x10, 0x00, 0x00, 0x00
    .byte   0xF1, 0x00, 0x00, 0x00, 0x00, 0x00, 0x1F, 0x0F, 0x11, 0xF0, 0x0F, 0x11, 0xF0, 0x00,    0, 0x00
    .byte   0x00, 0x1F, 0x00, 0x00, 0x0F, 0x01, 0x00, 0x00, 0x00, 0x1F, 0x00, 0xF1, 0x00, 0x01, 0xF0, 0x00
    .byte   0x00, 0x0F, 0x10, 0x00, 0x00, 0xF1, 0x01, 0x0F, 0x00, 0x00, 0x00, 0x00, 0x1F, 0x00, 0x0F,    0
    .byte   0x00, 0x00, 0x1F, 0x00, 0x00, 0x01, 0xF0, 0x0F, 0x10, 0x00, 0x00, 0x01, 0xF0, 0x00, 0xF1, 0x00
    .byte   0x00, 0x00, 0xF1, 0x00, 0x00, 0x00, 0x01, 0xF0, 0x00, 0xF0, 0x10, 0x0F, 0x10, 0x0F, 0x1F, 0x01
    .byte      0, 0x0F, 0x1F, 0x11, 0x2E, 0xE2, 0xF0, 0xF0, 0xF0, 0xF2, 0x01, 0xE4, 0x0C, 0x0E, 0x03, 0xFE
    .byte   0x1E, 0x03, 0x0E, 0xFF, 0xE3, 0x0F, 0x00, 0xF1, 0x0F, 0x01, 0xE1, 0x1F, 0x10, 0x01, 0xF0, 0x0F
    .byte   0x10,    1, 0x0F, 0x00, 0xF1, 0x10, 0x1F, 0xF0, 0x0F, 0x11, 0xF1, 0xF0, 0x10, 0xF1, 0xF1, 0x10
    .byte   0x0F, 0x00, 0x0F, 0x00, 0xF0, 0x10, 0xFF, 0xF0, 0x11, 0xFF, 0xFE, 0x11, 0x12, 0x20, 0x2F, 0x10
    .byte   0x00, 0xF1,    2, 0x01, 0xEE, 0x1F, 0xF1, 0x2F, 0x0E, 0xE1, 0x21, 0x11, 0xF0, 0x12, 0x11, 0xE1
    .byte   0x10, 0x11, 0x0F, 0x0F, 0x01, 0xFF, 0xFF, 0xF1, 0x10, 0x10, 0xF1, 0x10, 0x1F, 0xFF, 0x10, 0xF1
    .byte   0xF0, 0x0F, 0x01,    0, 0x0F, 0xFF, 0x01, 0x10, 0x00, 0x01, 0xF1, 0x10, 0x0F, 0x01, 0x1F, 0x0F
    .byte   0xF1, 0x1F, 0x00, 0xF0, 0x01, 0x00, 0x00, 0x0F, 0x01, 0x0F, 0x00, 0x11, 0x11, 0x01, 0x0F, 0x1F
    .byte   0xF0, 0x1F, 0x00, 0x01,    3, 0x01, 0xF1, 0xFF, 0x0F, 0x0F, 0xFF, 0xF1, 0x00, 0xFF, 0xF0, 0xF0
    .byte   0x0E, 0x0F, 0x00, 0x1F, 0x01, 0x01, 0xF2, 0xF1, 0x1E, 0x2F, 0x11, 0x13, 0x13, 0xE2, 0x10, 0x3E
    .byte   0x2E, 0xF1, 0xE2, 0xEF, 0xEE,    5, 0x0E, 0x1E, 0x0E, 0xEF, 0xE2, 0x11, 0x0F, 0x00, 0x22, 0x12
    .byte   0xE1, 0x01, 0x11, 0x1E, 0x0E, 0x11, 0x10, 0xE0, 0xE2, 0x20, 0x1F, 0x0E, 0x01, 0x0F, 0xEE, 0xFF
    .byte   0x10, 0xFE, 0xFE, 0x21, 0x1F, 0xF0,  -18, 0x02, 0x22, 0x23, 0x23, 0x22, 0x22, 0x11, 0x2E, 0xFE
    .byte   0xFF, 0xFE, 0xDF, 0xDE, 0xEF, 0xEE, 0xEF, 0x1F, 0x02, 0x01, 0xF2, 0x21, 0x21, 0x11, 0xF1, 0x00
    .byte   0xEF, 0x0E, 0x0F, 0x10, 0xFF, 0x01, 0x02,   -1, 0x0F, 0x01, 0x11, 0x0F, 0xEE, 0x0E, 0xFE, 0xFE
    .byte   0xE0, 0xF1, 0xF0, 0x00, 0x21, 0x22, 0x21, 0x22, 0x23, 0x32, 0x21, 0x21, 0x2F, 0x2E, 0xFE, 0xE0
    .byte   0xFF, 0xDF, 0xDE, 0xFE, 0xEE, 0xEF, 0x01, 0x02,   -9, 0x01, 0x10, 0x21, 0x20, 0x10, 0x01, 0xF1
    .byte   0x0E, 0x0E, 0x01, 0x0F, 0x00, 0xF0, 0x2F, 0x1F, 0xFF, 0x0F, 0xF0, 0xE0, 0xEF, 0x0E, 0x0E, 0xFE
    .byte   0x10, 0xF0, 0x01, 0x22, 0x22, 0xF2, 0x23, 0x11, 0x22,   26, 0x01, 0x20, 0x22, 0xE2, 0xFF, 0xEE
    .byte   0xFF, 0xFE, 0xEE, 0xEE, 0xFF, 0xEE, 0xEE, 0x11, 0x12, 0xF0, 0xF1, 0x22, 0x10, 0xFF, 0x11, 0x11
    .byte   0xFE, 0xFE, 0x11, 0xF0, 0xE1, 0x01, 0x2F, 0x0E, 0xF1, 0x10,   -6, 0x0F, 0xEE, 0xF0, 0xFF, 0xEF
    .byte   0xE0, 0x11, 0x10, 0x00, 0x22, 0x22, 0x01, 0x22, 0x22, 0x1F, 0x22, 0x22, 0x11, 0x01, 0x20, 0x0F
    .byte   0x0E, 0x10, 0xFF, 0xEE, 0xEF, 0xFF, 0xEE, 0xEF, 0xFF, 0x1F, 0x0F,   -6, 0x01, 0x02, 0x00, 0xFF
    .byte   0x01, 0x1F, 0x0F, 0xF0, 0xF0, 0x0E, 0x00, 0xFF, 0x01, 0x0F, 0xF1, 0x00, 0x10, 0xE0, 0xFF, 0x1F
    .byte   0xF0, 0x0F, 0xF0, 0x20, 0xF1, 0x01, 0x21, 0x21, 0x20, 0x21, 0x20, 0x11,   10, 0x01, 0x22, 0x0F
    .byte   0x01, 0x11, 0x11, 0xF0, 0xE1, 0x2F, 0xF0, 0xE0, 0xE0, 0x1F, 0xFE, 0xFF, 0xF0, 0xF0, 0xEE, 0x10
    .byte   0x1F, 0xFF, 0xF1, 0x00, 0x0F, 0xE0, 0x01, 0x0F, 0x0F, 0xF0, 0x10, 0xF0, 0xFF,  -14, 0x00, 0x11
    .byte   0xF0, 0x00, 0x11, 0x01, 0x0F, 0x01, 0x01, 0x2F, 0x0E, 0x21, 0x12, 0xF1, 0xF1, 0x10, 0x2F, 0x10
    .byte   0x01, 0x11, 0x01, 0x0F, 0x02, 0x02, 0xE1, 0xF1, 0x11, 0x1F, 0xFF, 0x01, 0x1E, 0x0E,    8, 0x00
    .byte   0xF0, 0x0E, 0xF1, 0xF1, 0x0E, 0xFF, 0xF0, 0x10, 0x0E, 0x01, 0x11, 0x0E, 0xE0, 0x12, 0xF0, 0xE1
    .byte   0x11, 0x21, 0x0D, 0x11, 0x22, 0xFE, 0xFF, 0x22, 0x00, 0xEE, 0x21, 0x20, 0xFE, 0xF0, 0x23,   -1
    .byte   0x02, 0xD2, 0xE3, 0x00, 0x1D, 0x22, 0xF3, 0x0D, 0x2D, 0x3E, 0x4C, 0x2E, 0xF2, 0xE3, 0xD3, 0xD3
    .byte   0xD2, 0x2E, 0x11, 0xD0, 0x3D, 0x4C, 0x3E, 0xF2, 0xD4, 0xC3, 0xC1, 0x3F, 0x11, 0x1D, 0x3D, 0x4E
    .byte      5, 0x0E, 0xE0, 0xF3, 0xD2, 0x1D, 0x3E, 0x3E, 0xFE, 0xE3, 0xE3, 0xD2, 0xD3, 0xF0, 0x3C, 0x3D
    .byte   0x03, 0xE2, 0x1C, 0x3E, 0x20, 0x1E, 0xE2, 0x03, 0x0E, 0xE2, 0xC5, 0xC2, 0x2D, 0x3D, 0x4C, 0x4D
    .byte   0xE3,   -4, 0x03, 0xE2, 0xDE, 0x22, 0x10, 0x2C, 0x4D, 0x23, 0xD3, 0xC2, 0x13, 0xE0, 0xEE, 0x20
    .byte   0x3E, 0x1C, 0x4C, 0x5C, 0x3E, 0xD4, 0xC5, 0xB5, 0xB3, 0xD2, 0x3D, 0x2D, 0x2D, 0x5C, 0x4C, 0x11
    .byte   0xE4, 0xD3,   -7, 0x03, 0xD3, 0x3E, 0x0D, 0xF0, 0x21, 0xE1, 0xD2, 0x22, 0xE4, 0xB2, 0x4B, 0x6C
    .byte   0x2E, 0xEE, 0x13, 0xC4, 0xC2, 0x2E, 0x4C, 0x4C, 0x2F, 0xF3, 0xC4, 0xB4, 0x02, 0x2D, 0x3C, 0x5B
    .byte   0x5C, 0xF2, 0xD4,   -7, 0x04, 0xC3, 0xE1, 0x3C, 0x3E, 0x2D, 0x4C, 0x31, 0xE3, 0xD3, 0xD3, 0xD2
    .byte   0xFE, 0x12, 0xE1, 0x2E, 0x3D, 0x2F, 0x0E, 0x3D, 0x3E, 0xEF, 0x13, 0xC4, 0xC4, 0xD3, 0xEE, 0xFD
    .byte   0x4C, 0x4E, 0xE3, 0xC4,    1, 0x0F, 0x1D, 0x3E, 0x13, 0xD3, 0xD2, 0x0F, 0x1E, 0x2D, 0x3D, 0x21
    .byte   0xE3, 0xD3, 0xD3, 0xD2, 0x2E, 0x2D, 0x3E, 0x2F, 0x1E, 0x2F, 0xE2, 0xE2, 0xE1, 0xFF, 0x3D, 0x3E
    .byte   0xE3, 0xD3, 0xC4, 0xD1, 0x2E,    9, 0x0C, 0x4C, 0x4C, 0x4D, 0xE3, 0xD3, 0xD3, 0xD3, 0xD2, 0x1E
    .byte   0x3D, 0x2E, 0x20, 0x10, 0x1E, 0x1E, 0x3D, 0x3E, 0xF1, 0xE3, 0xC5, 0xB4, 0xD1, 0x2E, 0x3C, 0x4C
    .byte   0x31, 0xE3, 0xD2, 0xE1, 0x1F, 0x2D,    3, 0x0D, 0x3F, 0xF2, 0xD3, 0xC4, 0xC4, 0xD0, 0x3D, 0x3C
    .byte   0x5B, 0x4D, 0x13, 0xC4, 0xD3, 0xD2, 0xFE, 0x3D, 0x3D, 0x12, 0x02, 0xD3, 0xD3, 0xED, 0x4C, 0x3E
    .byte   0x3D, 0x2F, 0xE3, 0xC4, 0xD2, 0xF0, 0x2D,    7, 0x0D, 0x2E, 0x2E, 0x20, 0xF0, 0xF0, 0x11, 0xE2
    .byte   0x0E, 0x2F, 0xE3, 0xD2, 0xE2, 0x01, 0x0E, 0x10, 0x10, 0x2E, 0x00, 0xF0, 0x2E, 0x11, 0xE3, 0xD2
    .byte   0x2D, 0x2E, 0x2F, 0x10, 0x02, 0xEF, 0x1F, 0xF2,   -4, 0x02, 0x1F, 0x2E, 0x2E, 0x1F, 0xF1, 0xE2
    .byte   0xF0, 0x1F, 0xF0, 0x2E, 0x02, 0xE0, 0x2E, 0x12, 0xE2, 0xE1, 0x00, 0x0F, 0x2D, 0x3F, 0xFF, 0x0F
    .byte   0xF2, 0xE2, 0xFF, 0x1E, 0x10, 0x2E, 0x2F, 0xE2, 0xFF,    5, 0x0E, 0xE2, 0xE2, 0x00, 0xE2, 0xE2
    .byte   0x01, 0xFF, 0xFE, 0x3E, 0x2E, 0xE2, 0x01, 0x0F, 0x2D, 0x3E, 0x11, 0xE0, 0x12, 0xD3, 0xE1, 0x2D
    .byte   0x3E, 0x11, 0xE0, 0x10, 0xF2, 0xF1, 0xE2, 0xE1, 0x10, 0xF0,    2, 0x0E, 0x2E, 0x2F, 0xFE, 0x21
    .byte   0xFF, 0x01, 0x01, 0x00, 0x1E, 0x2E, 0x20, 0xE1, 0x10, 0x02, 0xD3, 0xD1, 0x21, 0x0F, 0x2D, 0x31
    .byte   0xD3, 0xEE, 0x2F, 0x01, 0x0E, 0x2E, 0x20, 0x0F, 0xF1, 0xE2, 0x1F,    4, 0x0D, 0x3E, 0x02, 0xE1
    .byte   0xE2, 0x0E, 0x2E, 0x2F, 0x0F, 0x01, 0x02, 0xD3, 0xD3, 0xE0, 0x2D, 0x3D, 0x21, 0x11, 0x0E, 0x2E
    .byte   0x02, 0xE2, 0xE2, 0xFF, 0x11, 0xE2, 0xE1, 0x2E, 0x0F, 0x2E, 0x2F, 0xE3,   -5, 0x03, 0xE1, 0xF1
    .byte   0xFF, 0x2D, 0x3E, 0x10, 0xF2, 0xEF, 0x2E, 0x02, 0xE2, 0x0E, 0x2F, 0xF1, 0x0E, 0x2E, 0x12, 0xF0
    .byte   0x0F, 0xF1, 0x00, 0xF0, 0x1E, 0x2F, 0x12, 0xD3, 0xD2, 0x02, 0xE0, 0x1F, 0x2E,    2, 0x0F, 0xF0
    .byte   0x1F, 0xF1, 0x0F, 0x2E, 0x2E, 0x02, 0xD3, 0xD3, 0xEF, 0x2E, 0x2E, 0x12, 0xE1, 0x0F, 0x10, 0xF1
    .byte   0x01, 0xF1, 0xF1, 0xFF, 0x0F, 0x01, 0x2E, 0x2E, 0xF2, 0xE2, 0xE2, 0xE1, 0xF1, 0x11,    0, 0x0E
    .byte   0x3D, 0x3E, 0xE2, 0xE2, 0xF1, 0x0F, 0x1E, 0x3D, 0x3D, 0x12, 0xD3, 0xE1, 0x1F, 0x10, 0x1F, 0x0F
    .byte   0x01, 0x00, 0xF2, 0xE2, 0xE1, 0x1F, 0x1E, 0x20, 0xE2, 0x0E, 0x20, 0xFF, 0x2E, 0xF2, 0xE1,    2
    .byte   0x0E, 0x12, 0xE0, 0x0F, 0x02, 0xE2, 0x1E, 0x11, 0xE2, 0xE2, 0xE2, 0x0F, 0x0F, 0x10, 0x0F, 0x1F
    .byte   0x0F, 0x2E, 0x2F, 0xF0, 0x00, 0x1F, 0x01, 0xF1, 0x1E, 0x2E, 0x02, 0xE2, 0xE1, 0x10, 0x10, 0xF0
    .byte     -1, 0x00, 0x10, 0x01, 0xE2, 0xF2, 0xEF, 0x1E, 0x2E, 0x2F, 0x2E, 0x11, 0x01, 0xE2, 0xD3, 0xFE
    .byte   0x3D, 0x20, 0x0F, 0xF1, 0xE3, 0xD2, 0x1E, 0x3D, 0x2F, 0x1F, 0x1F, 0x01, 0xE2, 0xF0, 0xF1, 0xF2
    .byte   0xE2,   -1, 0x00, 0x10, 0x1F, 0x0F, 0x2E, 0x2E, 0x2E, 0x10, 0xF2, 0xE1, 0x01, 0x1E, 0x1F, 0x11
    .byte   0xF1, 0x02, 0xD3, 0xE1, 0x1E, 0x11, 0x00, 0xFF, 0x2D, 0x4C, 0x30, 0xE2, 0xE2, 0xFF, 0x01, 0xE3
    .byte   0xD2, 0xF0,    2, 0x0E, 0x20, 0xE1, 0x1E, 0x21, 0xF0, 0x0F, 0x0F, 0x2E, 0x11, 0xF2, 0xE2, 0xE1
    .byte   0x00, 0x1F, 0x00, 0xF0, 0x00, 0x10, 0x11, 0xE2, 0xE2, 0x1D, 0x3D, 0x3E, 0x10, 0x01, 0xE3, 0xD3
    .byte   0xD1, 0x2D, 0x3F,    0, 0x00, 0xFF, 0x2F, 0x02, 0xD2, 0xFF, 0x2E, 0x2E, 0xE3, 0xE2, 0x0E, 0x0F
    .byte   0x11, 0x10, 0x00, 0xE3, 0xD2, 0x0E, 0x11, 0x1F, 0x2D, 0x3E, 0x02, 0xE2, 0xE1, 0x0F, 0x2E, 0x11
    .byte   0xE3, 0xD1, 0x2E, 0x12,   -1, 0x01, 0x1E, 0x2F, 0x01, 0xE3, 0xD2, 0xFE, 0x3D, 0x20, 0x01, 0x01
    .byte   0xF0, 0xFF, 0x1F, 0x11, 0xE2, 0xFE, 0x3D, 0x3E, 0xF2, 0xD2, 0x1E, 0x20, 0xF2, 0xF0, 0xE1, 0x1F
    .byte   0x1F, 0xF0, 0x2F, 0x1F, 0xFE,    0, 0x01, 0x10, 0xE1, 0xF0, 0x21, 0xE2, 0xD3, 0xE1, 0x2D, 0x3D
    .byte   0x3E, 0xE3, 0xD2, 0xF2, 0xF0, 0xFF, 0xF1, 0x10, 0xF0, 0xE2, 0x0E, 0x3E, 0xE2, 0x1D, 0x4C, 0x22
    .byte   0xE2, 0x1F, 0xF2, 0xD3, 0xE1, 0x2D,    2, 0x0D, 0x3F, 0xF3, 0xC3, 0xE1, 0x3D, 0x2D, 0x3D, 0x31
    .byte   0xD3, 0xD3, 0xE1, 0x1E, 0xFF, 0x2E, 0x3E, 0x2D, 0xF3, 0xD3, 0xEE, 0x2F, 0x13, 0xD2, 0xD2, 0x2D
    .byte   0x4C, 0x3E, 0x02, 0xE2, 0xFF, 0xD3, 0xE1,    4, 0x0C, 0x4D, 0x23, 0xD3, 0xD2, 0xE1, 0x2D, 0x3D
    .byte   0x3E, 0xF3, 0xD2, 0xD3, 0xD1, 0x3C, 0x4D, 0x3E, 0x02, 0xE3, 0xC4, 0xC1, 0x3D, 0x20, 0x1E, 0x3F
    .byte   0x2E, 0xF0, 0xD3, 0xE2, 0xEF, 0x01, 0x2F, 0x3C,    4, 0x0E, 0xE3, 0xD3, 0xD1, 0x02, 0x1E, 0x3C
    .byte   0x3E, 0x13, 0xD2, 0xE1, 0x03, 0xD3, 0xD0, 0x2D, 0x3E, 0x1D, 0x4C, 0x4E, 0xD4, 0xC3, 0x0F, 0x1F
    .byte   0xE3, 0xD1, 0x2D, 0x3D, 0x3F, 0xE3, 0xEE, 0x3D, 0x02,   -9, 0x04, 0xD0, 0x2F, 0xE3, 0xE1, 0x2C
    .byte   0x3F, 0xE3, 0xDF, 0x3D, 0x3F, 0xF2, 0xD1, 0x2F, 0x21, 0xC4, 0xD1, 0x3D, 0x2E, 0x2D, 0x4E, 0xD4
    .byte   0xB4, 0xF1, 0x1F, 0xED, 0x5C, 0x3E, 0xD0, 0xF3, 0xE3, 0xC3,    4, 0x0D, 0x4D, 0x2D, 0x1E, 0x22
    .byte   0xE3, 0xC3, 0x2E, 0x3D, 0xE1, 0x01, 0x20, 0xE2, 0xE3, 0xFE, 0x0E, 0x12, 0x1D, 0x2E, 0xE3, 0xE3
    .byte   0x1C, 0x31, 0x12, 0xFD, 0x11, 0x13, 0xEE, 0xF0, 0xF3, 0xFD, 0x2D,   -6, 0x03, 0x0F, 0x0D, 0x03
    .byte   0x02, 0xEE, 0xF2, 0x02, 0x2D, 0xE1, 0x12, 0x2D, 0x10, 0xE3, 0x1E, 0x0E, 0x10, 0x20, 0x00, 0xE2
    .byte   0x11, 0x1E, 0x01, 0x01, 0xFE, 0x11, 0x00, 0x0F, 0x01, 0x02, 0xEF, 0x00,    1, 0x02, 0xEF, 0xFF
    .byte   0x22, 0xFE, 0xFE, 0x12, 0x0F, 0xFE, 0x22, 0x00, 0xFE, 0x11, 0x11, 0x0E, 0x01, 0x02, 0xFF, 0xFF
    .byte   0x01, 0x00, 0x0F, 0x01, 0x00, 0x1F, 0x01, 0xFF, 0x1F, 0x01, 0xF1, 0x1F, 0x10,    1, 0x0F, 0xF0
    .byte   0x2F, 0xF0, 0xF1, 0x11, 0x1E, 0xFF, 0x01, 0x10, 0xFE, 0x02, 0x02, 0x0E, 0x01, 0x01, 0x0F, 0x0F
    .byte   0x01, 0x10, 0x0E, 0x01, 0x11, 0x1E, 0x01, 0x11, 0x00, 0xF0, 0xF1, 0x00, 0x0F, 0xF0,   -1, 0x01
    .byte   0x10, 0xFF, 0x11, 0x1F, 0xFF, 0x00, 0x11, 0xF1, 0xE1, 0x21, 0x11, 0xF1, 0x02, 0x11, 0xFF, 0x02
    .byte   0x02, 0xEF, 0xEF, 0x01, 0xFE, 0xE0, 0x00, 0xFE, 0xFF, 0x11, 0xFF, 0x0E, 0x10, 0x0E, 0xEF,  -22
    .byte   0x00, 0xF1, 0xE0, 0xF0, 0x20, 0x0F, 0x00, 0x22, 0x12, 0x32, 0x44, 0x33, 0x02, 0x20, 0xFD, 0xDD
    .byte   0xEE, 0xEE, 0xDE, 0xD2, 0x10, 0xEF, 0x01, 0x22, 0x00, 0xF0, 0x11, 0xFE, 0xDF, 0xF0, 0xFE, 0xFF
    .byte    -17, 0x01, 0x22, 0xF1, 0x12, 0x0F, 0xEE, 0xFE, 0xFE, 0xEE, 0xEF, 0x0F, 0xE0, 0x10, 0x02, 0x20
    .byte   0x03, 0x43, 0x44, 0x44, 0x10, 0x03, 0xEC, 0xDC, 0xEC, 0xEE, 0x0D, 0xD2, 0x32, 0xFF, 0x22, 0x21
    .byte   0x2F,   12, 0x0E, 0xF0, 0xED, 0xDE, 0x1E, 0xF1, 0x11, 0x13, 0x33, 0x12, 0x21, 0x1E, 0xEE, 0xDE
    .byte   0xEE, 0xEE, 0xE1, 0x10, 0xEF, 0x1F, 0xF0, 0x0E, 0xFF, 0x10, 0xF0, 0x0F, 0x22, 0x33, 0x44, 0x44
    .byte   0x33, 0x01,   75, 0x0E, 0xCD, 0xCD, 0xDD, 0xEF, 0xEF, 0x22, 0x22, 0x01, 0x22, 0x2E, 0xED, 0xFE
    .byte   0xEE, 0xDE, 0xFF, 0x2F, 0xF2, 0x23, 0x13, 0x22, 0x10, 0x10, 0xED, 0xDF, 0xEE, 0xD0, 0x00, 0x00
    .byte   0x1F, 0x0F, 0xFF,  -30, 0x0F, 0xE0, 0xFE, 0xFF, 0x12, 0xF0, 0x22, 0x43, 0x43, 0x45, 0x42, 0x2D
    .byte   0x2E, 0xCC, 0xCD, 0xCE, 0xE1, 0x1D, 0x33, 0x32, 0xE2, 0x22, 0xEE, 0xED, 0xED, 0xFE, 0xDD, 0x02
    .byte   0x21, 0x02, 0x32, 0x13,   11, 0x00, 0x20, 0x00, 0xFD, 0xEE, 0xED, 0xEE, 0xFE, 0x01, 0x00, 0x20
    .byte   0xFE, 0xFF, 0x10, 0xDF, 0x01, 0x20, 0x00, 0x23, 0x22, 0x04, 0x34, 0x44, 0x42, 0x2D, 0x2F, 0xCC
    .byte   0xCD, 0xCF, 0xDF, 0x2E, 0x31,   15, 0x01, 0xF1, 0x13, 0xDF, 0xDE, 0xEE, 0xED, 0xEF, 0x12, 0x01
    .byte   0x12, 0x32, 0xF2, 0x22, 0x1F, 0xF2, 0xED, 0xFE, 0xEE, 0xDE, 0xEF, 0xE0, 0x01, 0x11, 0xF0, 0x0F
    .byte   0xF1, 0x0E, 0xF1, 0x12, 0x01, 0x02,  -18, 0x03, 0x22, 0x44, 0x35, 0x31, 0x2E, 0x20, 0xCC, 0xCE
    .byte   0xDD, 0xDE, 0x00, 0x12, 0x12, 0x01, 0x22, 0xFE, 0xFE, 0x0D, 0x0D, 0xE0, 0xF1, 0xFF, 0x22, 0x21
    .byte   0x22, 0x22, 0x01, 0xF1, 0x2E, 0xEE, 0xDE,  -12, 0x0D, 0xDF, 0xE0, 0xFF, 0x01, 0x11, 0x10, 0x10
    .byte   0x21, 0x0E, 0xF2, 0x20, 0x2F, 0x13, 0x33, 0x32, 0x44, 0x42, 0x00, 0x23, 0xDC, 0xCE, 0xDD, 0xCE
    .byte   0xFE, 0xF0, 0x11, 0xF1, 0x23, 0xEE, 0x12, 0x2D,   -3, 0x00, 0xEF, 0xEE, 0x1E, 0x21, 0x02, 0xF2
    .byte   0x22, 0x20, 0x01, 0x2F, 0xEF, 0xDF, 0xDE, 0xED, 0xFE, 0x0E, 0x0E, 0xF2, 0x20, 0xF2, 0x22, 0x1E
    .byte   0x22, 0x11, 0x02, 0x22, 0x23, 0x33, 0x34, 0x43, 0xEF,   75, 0x03, 0xDC, 0xDE, 0xFC, 0xCE, 0xF0
    .byte   0xDE, 0xF1, 0x00, 0x20, 0x2E, 0x22, 0x11, 0xD2, 0x2E, 0xED, 0x2F, 0xFE, 0xE2, 0x00, 0x02, 0x20
    .byte   0x20, 0x20, 0xF0, 0xD2, 0xED, 0xED, 0x1D, 0xEE, 0x01, 0xE1,  -46, 0x02, 0xF1, 0x31, 0x20, 0x13
    .byte   0x22, 0xF1, 0x23, 0x2E, 0x33, 0x43, 0x4F, 0x12, 0x32, 0xCD, 0xE1, 0xEC, 0xDD, 0x2E, 0xDD, 0xE2
    .byte   0xF0, 0xEE, 0x03, 0x3E, 0xEF, 0x32, 0xEE, 0xE3, 0xFE, 0xEE, 0x2F,   -6, 0x0E, 0xFF, 0xF3, 0xE1
    .byte   0xF1, 0x3F, 0xED, 0x02, 0xED, 0xDF, 0x0E, 0xED, 0x12, 0x1E, 0x12, 0x31, 0x02, 0x22, 0x21, 0x31
    .byte   0x11, 0x24, 0x12, 0x24, 0x4D, 0x22, 0x4E, 0xC0, 0xE3, 0xCD, 0xEE, 0x2C,    9, 0x0E, 0x1E, 0xD0
    .byte   0xD2, 0x01, 0x1E, 0x3E, 0x3F, 0xE2, 0x23, 0xDE, 0xF3, 0xFD, 0xE1, 0x2E, 0xD1, 0x30, 0xE0, 0x22
    .byte   0xED, 0x12, 0xDE, 0xFE, 0xFD, 0xEF, 0x2E, 0xE0, 0x23, 0xEF, 0x13, 0x20, 0x22,   -7, 0x02, 0xF2
    .byte   0x33, 0x21, 0x43, 0x3D, 0x33, 0x0E, 0xC3, 0x2D, 0xCE, 0x3E, 0xDC, 0x03, 0xDD, 0xC3, 0x0E, 0xEE
    .byte   0x30, 0x10, 0x21, 0x12, 0x02, 0x0E, 0x11, 0x0E, 0xE1, 0x1E, 0xE1, 0x10, 0x0F, 0x11,  -11, 0x0F
    .byte   0xFF, 0xEE, 0xFE, 0x0E, 0xE0, 0x1F, 0xEF, 0xF2, 0xFF, 0x12, 0x3E, 0x22, 0x32, 0x11, 0x33, 0x31
    .byte   0x33, 0x3E, 0x30, 0x3E, 0xD3, 0xFE, 0xDE, 0x0F, 0xDC, 0x2F, 0xEC, 0xE2, 0xEE, 0xD1, 0x3E,  -11
    .byte   0x0F, 0x21, 0x12, 0x02, 0xF2, 0x2E, 0x0E, 0x2E, 0xEE, 0xF2, 0xE1, 0xE1, 0x2E, 0x2E, 0xF0, 0xE0
    .byte   0xEE, 0xE1, 0x0E, 0xFF, 0x1F, 0xEF, 0x21, 0xE0, 0x22, 0x02, 0x22, 0x22, 0x22, 0x32, 0x23, 0x31
    .byte     37, 0x03, 0x22, 0xEE, 0x32, 0xDD, 0x03, 0xFC, 0xD2, 0x1D, 0xCE, 0x2F, 0xDD, 0x02, 0x1D, 0xF2
    .byte   0x21, 0xE2, 0x21, 0x2F, 0x11, 0x11, 0x0F, 0xE1, 0x0F, 0xFF, 0x1F, 0x0E, 0xF0, 0xFF, 0xEE, 0x10
    .byte   0xFE,  -24, 0x00, 0x1F, 0xE0, 0x2F, 0xF0, 0xF2, 0x10, 0x02, 0x21, 0x20, 0x23, 0xF2, 0x13, 0x3F
    .byte   0x03, 0x21, 0x0E, 0x32, 0xEE, 0xE3, 0x0D, 0xD1, 0x2E, 0xCE, 0x2F, 0xDD, 0xE2, 0x0D, 0xE1, 0x20
    .byte   0xE0, 0x21,  -14, 0x02, 0x12, 0xF0, 0x21, 0xFE, 0x22, 0xFE, 0x01, 0xFF, 0xEF, 0x1F, 0xEE, 0x12
    .byte   0xEE, 0x11, 0x1E, 0xF0, 0x21, 0xE0, 0x22, 0xFE, 0x22, 0x1F, 0xF2, 0x20, 0x1F, 0x22, 0xF2, 0x2F
    .byte   0x21, 0x12, 0xF0,   25, 0x00, 0x10, 0x02, 0xE0, 0x01, 0x0E, 0xE1, 0xEE, 0xFE, 0x0E, 0xE0, 0xEF
    .byte   0x0E, 0x1F, 0xF1, 0xF0, 0x01, 0x10, 0x00, 0x12, 0xE1, 0x20, 0x00, 0x01, 0x0F, 0xF1, 0x2E, 0xE1
    .byte   0x11, 0xEF, 0x12, 0xEF,  -10, 0x01, 0x10, 0xE1, 0x2F, 0xF0, 0x20, 0xF0, 0x02, 0x1E, 0x12, 0x01
    .byte   0xFF, 0x21, 0xE2, 0xE1, 0x2F, 0xE2, 0x10, 0x0F, 0x11, 0x10, 0xE2, 0x00, 0x0F, 0x02, 0xE0, 0x0F
    .byte   0x10, 0xE2, 0xF0, 0x0F, 0xFF,    2, 0x00, 0xFF, 0x00, 0x1E, 0x11, 0xFF, 0x00, 0x10, 0xF0, 0x1F
    .byte   0x0F, 0x01, 0x00, 0x01, 0x01, 0xF1, 0x1F, 0xF1, 0x01, 0x0F, 0x01, 0xFF, 0x00, 0x01, 0xF1, 0x00
    .byte   0x00, 0x00, 0x10, 0x0F, 0x10, 0x00,    1, 0x01, 0xF1, 0x0F, 0x1F, 0xF1, 0xF1, 0x0F, 0x00, 0x00
    .byte   0x01, 0x00, 0xF0, 0x00, 0xF1, 0x01, 0xF0, 0x10, 0x0F, 0x01, 0x00, 0xF1, 0xF0, 0x01, 0xF1, 0xF0
    .byte   0x00, 0x01, 0x0F, 0x00, 0x0F, 0x01, 0x0F,    0, 0x00, 0x01, 0xF0, 0x00, 0x00, 0x00, 0x1F, 0x00
    .byte   0x00, 0x1F, 0xF1, 0x00, 0x00, 0x00, 0x1F, 0x00, 0x10, 0xF1, 0xF0, 0x10, 0xF0, 0x00, 0xF1, 0xF0
    .byte   0x10, 0xF0, 0x1F, 0x00, 0x0F, 0x10, 0x00, 0x01,   -1, 0x00, 0x01, 0x00, 0xF1, 0x0F, 0x01, 0x0F
    .byte   0x10, 0x00, 0x10, 0xF1, 0x0F, 0x0F, 0x10, 0x00, 0xF1, 0x00, 0x0F, 0x10, 0x0F, 0x10, 0x00, 0x00
    .byte   0x1F, 0x01, 0xF0, 0x10, 0xF1, 0x0F, 0x10, 0x1F, 0x00,    1, 0x00, 0xF0, 0x00, 0xF0, 0x10, 0xF1
    .byte   0xF1, 0xF0, 0xF0, 0x00, 0x10, 0x00, 0x0F, 0x01, 0x1F, 0x10, 0xF0, 0x01, 0x00, 0x00, 0x00, 0x00
    .byte   0x00, 0x01, 0xF0, 0x1F, 0x10, 0xF0, 0x00, 0x00, 0x01, 0xF0,    0, 0x01, 0xF0, 0x1F, 0x01, 0x0F
    .byte   0x10, 0xF1, 0x1F, 0x0F, 0x11, 0xF1, 0xF0, 0x00, 0x00, 0xF1, 0xF0, 0x00, 0x00, 0x1F, 0x0F, 0x01
    .byte   0x00, 0x00, 0x0F, 0x10, 0xF0, 0x1F, 0x1F, 0x1F, 0x1F, 0x1F, 0x10,    0, 0x00, 0x1F, 0xF1, 0xF1
    .byte   0x0F, 0x10, 0x00, 0xF0, 0x10, 0xF1, 0xF1, 0xF1, 0xF1, 0x0F, 0x10, 0x00, 0x1F, 0x01, 0x00, 0xF1
    .byte   0x00, 0x0F, 0x01, 0xF1, 0xF1, 0xF0, 0x00, 0x01, 0xF1, 0xF0, 0x01, 0xF0,   -1, 0x01, 0x00, 0x00
    .byte   0xF0, 0x01, 0x00, 0x1F, 0x00, 0xF1, 0x1F, 0x1F, 0x00, 0x1F, 0x1F, 0x00, 0x1F, 0x01, 0xF0, 0x00
    .byte   0x01, 0xFF, 0x11, 0xF0, 0x0F, 0x10, 0x00, 0x0F, 0x01, 0x0F, 0x10, 0x00, 0x00,    0, 0x01, 0x00
    .byte   0xF0, 0x00, 0x00, 0x01, 0xF0, 0x00, 0x01, 0xF0, 0x00, 0x00, 0x00, 0xF1, 0x00, 0x0F, 0x00, 0x11
    .byte   0xF0, 0x01, 0xF0, 0xF1, 0x00, 0x0F, 0x01, 0x0F, 0x11, 0xF0, 0x1F, 0x01, 0xF1, 0x0F,    0, 0x00
    .byte   0x00, 0x01, 0xF0, 0x01, 0xF0, 0x1F, 0x01, 0xF0, 0x1F, 0x01, 0xF0, 0x00, 0x00, 0x00, 0x10, 0xF0
    .byte   0x01, 0x0F, 0xF1, 0x01, 0xF0, 0x00, 0x00, 0x00, 0x00, 0x00, 0xF1, 0x00, 0xF1, 0x01, 0xF0,    0
    .byte   0x00, 0x00, 0x00, 0xF1, 0x00, 0x01, 0xF0, 0x00, 0x00, 0x00, 0x00, 0x1F, 0x00, 0xF1, 0x00, 0x00
    .byte   0x00, 0x01, 0x0F, 0x00, 0x1F, 0x01, 0x00, 0x0F, 0x00, 0x00, 0x10, 0xF0, 0x00, 0x0F, 0x1F, 0x00
    .byte      1, 0x00, 0xF0, 0x0F, 0x10, 0x00, 0x1F, 0x1F, 0x00, 0x00, 0x00, 0x00, 0x00, 0x00, 0xF1, 0x00
    .byte   0x00, 0x00, 0x00, 0x01, 0x0F, 0x1F, 0x01, 0xF1, 0xF0, 0x00, 0xF1, 0x00, 0x00, 0x00, 0x0F, 0x10
    .byte   0x0F,    0, 0x00, 0x00, 0x00, 0x00, 0x00, 0x00, 0x00, 0x00, 0xF1, 0x1F, 0x00, 0x01, 0xFF, 0x1F
    .byte   0x10, 0x00, 0x01, 0xF1, 0xF0, 0x00, 0x00, 0x00, 0x0F, 0x10, 0x00, 0xF1, 0x00, 0x00, 0x00, 0x00
    .byte   0xF1, 0x00,    0, 0x01, 0xFF, 0x10, 0x0F, 0x10, 0x1F, 0x00, 0x00, 0x00, 0xF1, 0xF1, 0x01, 0xFF
    .byte   0x10, 0x00, 0x00, 0x01, 0xF0, 0xF1, 0x1F, 0x00, 0xF1, 0x00, 0x00, 0x0F, 0x01, 0xF1, 0x00, 0xF1
    .byte   0x00, 0xF1, 0x01,    1, 0x00, 0x0F, 0x00, 0x1F, 0x1F, 0x01, 0x0F, 0x00, 0x01, 0x00, 0x11, 0xFF
    .byte   0xFE, 0x02, 0x23, 0x3D, 0xDE, 0xCD, 0x24, 0x43, 0x0B, 0xB3, 0x44, 0x5E, 0xCB, 0xCD, 0x25, 0x55
    .byte   0xEB, 0xBB, 0xD4, 0x56,   52, 0x0E, 0xBB, 0xBC, 0x44, 0x53, 0xEC, 0xCF, 0x33, 0x42, 0xEC, 0xDD
    .byte   0x22, 0x31, 0xDE, 0xDF, 0x11, 0x2F, 0xEE, 0xF3, 0x45, 0x43, 0xDC, 0xBB, 0xDE, 0x45, 0x53, 0xDC
    .byte   0xBC, 0xD3, 0x44, 0x4E, 0xDC,  -20, 0x0E, 0x33, 0x32, 0xFD, 0xEF, 0x24, 0x32, 0xED, 0xCD, 0xE1
    .byte   0x33, 0x21, 0xFD, 0xDE, 0x22, 0x33, 0x22, 0xFD, 0xDD, 0xD1, 0x33, 0x30, 0xED, 0xDF, 0x23, 0x23
    .byte   0x1F, 0xED, 0xEF, 0x13, 0x02, 0x0E,    1, 0x0E, 0x02, 0x00, 0xEE, 0xFF, 0x22, 0x0F, 0xEE, 0xE1
    .byte   0x22, 0x23, 0x22, 0x0E, 0xED, 0xEF, 0xF3, 0x22, 0x11, 0xED, 0xDE, 0x03, 0x23, 0x21, 0xDD, 0xDF
    .byte   0x23, 0x42, 0xFD, 0xDD, 0x13, 0x2F, 0xFE,   -2, 0x01, 0x22, 0x00, 0xDD, 0xD0, 0x33, 0x42, 0xED
    .byte   0xDE, 0xE1, 0x32, 0x22, 0xEF, 0xEF, 0xEF, 0x00, 0x11, 0x22, 0x2F, 0xEE, 0xEE, 0xF2, 0x32, 0x0E
    .byte   0xEE, 0xE1, 0x13, 0x21, 0xFE, 0xDF, 0xF0, 0x22,    5, 0x01, 0x0F, 0xEE, 0x0F, 0xF1, 0x12, 0x22
    .byte   0x0E, 0xDD, 0x02, 0x32, 0x30, 0xED, 0xEE, 0xE2, 0x32, 0x11, 0x0E, 0xE0, 0xEF, 0xF3, 0x1E, 0x23
    .byte   0xFC, 0xDE, 0x24, 0x33, 0x0D, 0xCD, 0xD0, 0x34, 0x42,   23, 0x0D, 0xDC, 0xDD, 0x33, 0x44, 0x3F
    .byte   0xCC, 0xCC, 0x14, 0x54, 0x3E, 0xDC, 0xCC, 0xE3, 0x35, 0x44, 0xEB, 0xBC, 0xD1, 0x45, 0x53, 0xEC
    .byte   0xBD, 0xC3, 0x33, 0x22, 0x33, 0xFC, 0xCD, 0xE3, 0x24, 0x33,   20, 0x0C, 0xDD, 0x01, 0x32, 0x22
    .byte   0xE2, 0xED, 0xEE, 0x24, 0x32, 0xDC, 0xE1, 0x1E, 0x02, 0x42, 0x1C, 0xD0, 0x21, 0x32, 0xE1, 0x2E
    .byte   0xDE, 0x02, 0x01, 0x22, 0x33, 0xDC, 0xCE, 0x23, 0x43, 0x4F, 0xCC,  -21, 0x0D, 0x13, 0x33, 0x44
    .byte   0x2D, 0xCB, 0xCF, 0x34, 0x45, 0x3E, 0xBB, 0xCD, 0x24, 0x54, 0x3E, 0xCC, 0xCD, 0x24, 0x33, 0x32
    .byte   0xDD, 0xCE, 0xD2, 0x34, 0x41, 0xED, 0xCD, 0xEE, 0x24, 0x52, 0xFE, 0xCC,  -27, 0x00, 0x44, 0x33
    .byte   0xED, 0xCD, 0xE3, 0x32, 0x21, 0x1F, 0xED, 0xDF, 0x22, 0x33, 0x2E, 0xEE, 0xED, 0xE0, 0x33, 0x33
    .byte   0x0D, 0xCD, 0xE1, 0x22, 0x23, 0x20, 0xED, 0xD0, 0x1F, 0x34, 0x31, 0xDC, 0xDE,  -17, 0x02, 0x34
    .byte   0x2F, 0xDD, 0xEE, 0xE1, 0x23, 0x32, 0xFF, 0xEE, 0xDE, 0x13, 0x32, 0x0E, 0xDD, 0xE2, 0x33, 0xFE
    .byte   0xDE, 0x22, 0x22, 0x1E, 0xEE, 0xF2, 0x23, 0x0E, 0xDE, 0xF2, 0x20, 0x02, 0x0E, 0xEF,   -2, 0x02
    .byte   0xEF, 0xE2, 0x23, 0xEE, 0xEE, 0xE2, 0x23, 0x11, 0xEE, 0xEE, 0x01, 0x31, 0x10, 0xEE, 0x01, 0xF1
    .byte   0x21, 0x10, 0xEF, 0xF0, 0x20, 0xFF, 0x12, 0x11, 0xDE, 0xE1, 0x23, 0x3E, 0xED, 0xEE, 0x03,    6
    .byte   0x02, 0xFE, 0xDF, 0xF0, 0x22, 0x1F, 0xFF, 0x02, 0x00, 0xEE, 0xFF, 0x12, 0x21, 0xFE, 0xE0, 0x12
    .byte   0x12, 0x11, 0xEE, 0xFF, 0xF1, 0x12, 0x20, 0xFE, 0xDF, 0x22, 0x21, 0xF0, 0xFE, 0xF0, 0x02, 0x11
    .byte      4, 0x0E, 0x0F, 0x01, 0x00, 0xFF, 0x01, 0x2E, 0x10, 0xE0, 0x10, 0x22, 0x1F, 0xEE, 0xE1, 0x22
    .byte   0x20, 0xFE, 0xEF, 0x02, 0x12, 0x0F, 0xEE, 0x0F, 0x12, 0x02, 0x11, 0xEE, 0xE0, 0x12, 0x22, 0xFE
    .byte   0xEE,   -5, 0x02, 0x22, 0x0F, 0xEE, 0xEF, 0x12, 0x21, 0x0E, 0xFF, 0x01, 0x21, 0x0E, 0xFE, 0x12
    .byte   0x11, 0x10, 0xFF, 0xFF, 0x10, 0x11, 0x0F, 0x01, 0x0F, 0x0F, 0x01, 0x11, 0x01, 0x00, 0xEF, 0xF1
    .byte   0x11, 0x1F,    0, 0x00, 0x10, 0xF0, 0x01, 0x00, 0xF1, 0x11, 0x0E, 0xF0, 0x02, 0x2F, 0x0E, 0xFF
    .byte   0x00, 0x20, 0x20, 0xFE, 0x0F, 0x0F, 0x1F, 0x00, 0xE0, 0xF1, 0x11, 0xFF, 0xFF, 0xF1, 0x11, 0xFF
    .byte   0x00, 0xF0, 0x11,   -3, 0x0F, 0x0F, 0x00, 0x10, 0x01, 0x11, 0x0F, 0xE1, 0x21, 0x1F, 0x02, 0x02
    .byte   0x00, 0x21, 0x11, 0xF0, 0x11, 0x11, 0xFF, 0xFF, 0x00, 0xF0, 0x0E, 0xEE, 0xF0, 0x00, 0xFF, 0xF0
    .byte   0xF0, 0xFF, 0x00, 0x0F,   -9, 0x00, 0x00, 0xFF, 0xF0, 0x01, 0xFF, 0xFF, 0x11, 0x01, 0xF0, 0x11
    .byte   0x0E, 0x01, 0x21, 0xFF, 0x10, 0x10, 0xF1, 0x21, 0x10, 0x01, 0x13, 0x22, 0x22, 0x00, 0x11, 0x11
    .byte   0x0F, 0xE0, 0xF0, 0xFE, 0xFE,   10, 0x0E, 0xE0, 0xF1, 0xF0, 0xFE, 0x11, 0x11, 0xFF, 0x0F, 0x10
    .byte   0x01, 0x0E, 0xFF, 0x02, 0x00, 0xE0, 0x01, 0x2F, 0xE1, 0x10, 0x10, 0x00, 0xFF, 0x0E, 0xF0, 0x00
    .byte   0xEE, 0x00, 0x10, 0xF0, 0xFF, 0x02,  -18, 0x02, 0x0F, 0x0F, 0x22, 0x20, 0x01, 0x22, 0x3F, 0x32
    .byte   0x2F, 0xF0, 0x21, 0x1F, 0xD0, 0x00, 0x0E, 0xEE, 0xE0, 0xEF, 0xF0, 0xFE, 0x00, 0x21, 0xFF, 0x00
    .byte   0xFF, 0x01, 0x1F, 0xEF, 0x01, 0x1F, 0xEF,   -8, 0x02, 0x1F, 0xF0, 0x12, 0x10, 0x0F, 0x0E, 0xF0
    .byte   0x0F, 0xEF, 0xFF, 0x00, 0xFE, 0xFF, 0x01, 0x00, 0x00, 0x11, 0x01, 0x21, 0x0E, 0x02, 0x22, 0xFF
    .byte   0x22, 0x22, 0x23, 0x12, 0x0E, 0x22, 0x20, 0xDE,   22, 0x02, 0x2E, 0xEE, 0xEE, 0xFE, 0xFF, 0xFE
    .byte   0xE0, 0x31, 0xFE, 0xE0, 0x22, 0xFF, 0xE0, 0x0F, 0x11, 0xFF, 0xEF, 0x01, 0x20, 0x0F, 0x10, 0x21
    .byte   0x1F, 0x0E, 0x00, 0x10, 0xE0, 0xE0, 0xFF, 0x0E, 0xFF,  -21, 0x00, 0x1F, 0xF1, 0x11, 0x1F, 0x11
    .byte   0x22, 0xEF, 0xF2, 0x20, 0x21, 0x12, 0x22, 0x23, 0x20, 0xFF, 0x13, 0x0F, 0xEE, 0x01, 0x1E, 0xEE
    .byte   0xEF, 0xEF, 0xFE, 0xEE, 0x12, 0x2F, 0xEF, 0x02, 0x10, 0xFF,    0, 0x0F, 0xF0, 0x10, 0xFE, 0xF0
    .byte   0x10, 0xF0, 0x10, 0x21, 0x0F, 0xF1, 0x10, 0xFF, 0xE1, 0x0F, 0xFF, 0xEF, 0xF0, 0x0E, 0x0E, 0x11
    .byte   0x1F, 0xF1, 0x12, 0x00, 0x11, 0x01, 0x21, 0x20, 0xF1, 0x32, 0x11,   16, 0x03, 0x2F, 0xF1, 0x22
    .byte   0xFE, 0xE1, 0x11, 0xEE, 0x0E, 0xEE, 0xE0, 0xFE, 0xEF, 0x12, 0xFE, 0xF0, 0x20, 0x0F, 0xF1, 0x1F
    .byte   0x10, 0xFF, 0xF0, 0xF0, 0xF1, 0x11, 0x1F, 0x02, 0x1F, 0xF0, 0xF0, 0xF0,   -5, 0x00, 0x0E, 0xFF
    .byte   0xFE, 0xF0, 0xE1, 0xFF, 0x0F, 0x01, 0x10, 0x11, 0x10, 0x22, 0xF0, 0x12, 0x11, 0x20, 0x12, 0x21
    .byte   0x33, 0xFD, 0x14, 0x1E, 0xFF, 0x01, 0xFF, 0xE1, 0xED, 0xE1, 0x1E, 0xDE, 0x20,   -3, 0x0F, 0xF0
    .byte   0xF1, 0x11, 0x10, 0xF0, 0x12, 0xFE, 0xF1, 0x0F, 0xFF, 0xF0, 0x11, 0x10, 0x10, 0xF1, 0x10, 0x0E
    .byte   0x10, 0xF1, 0x0E, 0x0E, 0xF0, 0xFF, 0xEF, 0x01, 0xF1, 0xFF, 0x11, 0x10, 0x12, 0x10,  -12, 0x02
    .byte   0x10, 0xF2, 0x21, 0x21, 0x23, 0x20, 0x12, 0x20, 0xF1, 0x1F, 0xF0, 0x0F, 0xEE, 0xEE, 0x0E, 0xD0
    .byte   0xF0, 0xE0, 0xFF, 0xF1, 0x02, 0x1F, 0xF1, 0x21, 0x00, 0xFF, 0xF1, 0xFF, 0x0E, 0xF1, 0x01,   -6
    .byte   0x00, 0xF1, 0x11, 0x0F, 0x0F, 0x00, 0x0F, 0xFF, 0xF0, 0xFF, 0xEF, 0x10, 0xFF, 0x0F, 0x01, 0x10
    .byte   0x20, 0xE0, 0x30, 0xF1, 0x21, 0x01, 0x11, 0x21, 0x13, 0x2E, 0x12, 0x21, 0x02, 0x00, 0xE2, 0x1F
    .byte     27, 0x0F, 0xFE, 0x0E, 0xEF, 0xEE, 0x0E, 0xFF, 0xEF, 0xF1, 0xFF, 0x00, 0x10, 0x01, 0x11, 0x01
    .byte   0x11, 0x0F, 0x01, 0x00, 0x01, 0x0F, 0x10, 0xF0, 0x0F, 0xF0, 0xF0, 0x0E, 0x11, 0xE0, 0x2E, 0xE0
    .byte   0x20,  -13, 0x01, 0xF0, 0x10, 0x00, 0x2F, 0xF0, 0x20, 0x11, 0x01, 0x10, 0x20, 0x00, 0x21, 0x10
    .byte   0x2F, 0xF2, 0x10, 0xF2, 0xF0, 0x10, 0x1F, 0x0F, 0x0F, 0xFF, 0xF0, 0xEF, 0xF0, 0xEF, 0x0E, 0x0F
    .byte   0xFF, 0x00,   -6, 0x0F, 0x00, 0xFF, 0x10, 0x11, 0xF0, 0x10, 0xF1, 0x11, 0xF0, 0x10, 0x10, 0x10
    .byte   0x0F, 0x00, 0x1F, 0x1F, 0xF0, 0x00, 0x0F, 0x0F, 0x1F, 0x00, 0xF1, 0x00, 0x10, 0xF1, 0x00, 0x11
    .byte   0x00, 0x11, 0x00,    0, 0x00, 0x10, 0x11, 0x1F, 0x10, 0x10, 0x01, 0x10, 0xF1, 0x01, 0x01, 0x10
    .byte   0x01, 0x00, 0xF1, 0xF0, 0xF0, 0xF0, 0xF0, 0xF0, 0xF0, 0xFF, 0x0F, 0xF0, 0xFF, 0xF1, 0xF0, 0x0F
    .byte   0xF1, 0xFF, 0x01, 0xF0,   -5, 0x00, 0x0F, 0x10, 0xF1, 0xF1, 0x00, 0x01, 0xF0, 0x10, 0x0F, 0x10
    .byte   0x00, 0x00, 0x00, 0x01, 0x00, 0x00, 0xF1, 0x01, 0x0F, 0x10, 0x00, 0x10, 0x00, 0x01, 0x1F, 0x00
    .byte   0x10, 0x00, 0x10, 0x10, 0x10,    3, 0x00, 0x11, 0x1F, 0x00, 0x10, 0x1F, 0x10, 0x10, 0xF0, 0x1F
    .byte   0x0F, 0x1F, 0x0F, 0xF0, 0xF0, 0xF0, 0x0F, 0x0F, 0x0F, 0x0F, 0x0F, 0x00, 0xF0, 0xFF, 0x1F, 0x00
    .byte   0x00, 0x01, 0xF1, 0xF1, 0x01, 0xF1,   -3, 0x0F, 0x01, 0x00, 0x01, 0xF1, 0x00, 0x0F, 0x10, 0x00
    .byte   0x00, 0x10, 0xF1, 0x00, 0x0F, 0x10, 0x10, 0x00, 0x10, 0x01, 0x00, 0x00, 0x1F, 0x11, 0x00, 0x00
    .byte   0x00, 0x01, 0x00, 0x00, 0x01, 0x0F, 0x01,    5, 0x0F, 0x00, 0x0F, 0xF0, 0x00, 0x0F, 0x0F, 0x00
    .byte   0x0F, 0x00, 0xF0, 0xF0, 0x00, 0x0F, 0x01, 0xF0, 0x00, 0x00, 0x01, 0xF0, 0x10, 0x01, 0xF0, 0x1F
    .byte   0x10, 0xF1, 0x00, 0xF1, 0x00, 0x00, 0x01, 0x00,    0, 0x0F, 0x1F, 0x10, 0x00, 0x10, 0xF1, 0x00
    .byte   0x1F, 0x01, 0xF1, 0x01, 0x0F, 0x1F, 0x10, 0xF1, 0x00, 0x10, 0xF0, 0x00, 0x1F, 0x1F, 0x0F, 0x00
    .byte   0x0F, 0x00, 0x1F, 0x0F, 0x1F, 0xF0, 0x00, 0x00, 0x0F,   -1, 0x0F, 0x0F, 0x1F, 0x10, 0xF1, 0xF1
    .byte   0x00, 0x01, 0x0F, 0x00, 0x01, 0xF1, 0xF1, 0x00, 0x00, 0x1F, 0x00, 0x01, 0xF1, 0xF1, 0x0F, 0x00
    .byte   0x1F, 0x01, 0x01, 0xF1, 0x0F, 0x10, 0xF0, 0x10, 0x0F, 0x10,    2, 0x0F, 0x01, 0x0F, 0x1F, 0x10
    .byte   0xF0, 0x01, 0xF0, 0x00, 0x01, 0xF0, 0xF1, 0xF1, 0xF1, 0xF0, 0xF1, 0x00, 0xF1, 0xF0, 0x1F, 0x10
    .byte   0x00, 0xF1, 0x00, 0xF0, 0x10, 0x00, 0x00, 0xF1, 0xF0, 0x01, 0x00,    0, 0x00, 0x00, 0x00, 0x0F
    .byte   0x1F, 0x00, 0x01, 0xF0, 0x00, 0x10, 0x00, 0xF0, 0x10, 0xF1, 0x01, 0xF0, 0x00, 0x00, 0x00, 0xF1
    .byte   0x00, 0x01, 0xF1, 0xF1, 0xF0, 0x1F, 0x1F, 0x00, 0x01, 0xF0, 0x1F, 0x10,    0, 0x00, 0x1F, 0x01
    .byte   0xF0, 0x00, 0x00, 0x01, 0x0F, 0xF1, 0x00, 0x0F, 0x10, 0x00, 0x0F, 0x1F, 0x10, 0x00, 0x00, 0xF1
    .byte   0x00, 0xF0, 0x10, 0x00, 0x00, 0x00, 0x00, 0x00, 0xF1, 0x0F, 0x01, 0x00, 0xF1,    0, 0x00, 0x01
    .byte   0xF1, 0xF0, 0xF1, 0x00, 0xF1, 0xF1, 0x00, 0x01, 0xF1, 0xF0, 0x00, 0x1F, 0x00, 0x00, 0x00, 0x00
    .byte   0x00, 0x00, 0xF0, 0x10, 0x00, 0x00, 0x00, 0x00, 0xF1, 0x00, 0x00, 0xF1, 0x00, 0xF1,    0, 0x00
    .byte   0x00, 0x00, 0x1F, 0x10, 0xF0, 0x00, 0x00, 0x00, 0x00, 0x00, 0x01, 0xF0, 0x00, 0x0F, 0x10, 0x0F
    .byte   0x10, 0x1F, 0x1F, 0x00, 0x00, 0xF1, 0x00, 0x00, 0x00, 0x0F, 0x10, 0x00, 0xF1, 0x00, 0x00,    0
    .byte   0x01, 0xF0, 0x00, 0x01, 0xF0, 0x01, 0xF0, 0x1F, 0x00, 0x00, 0x01, 0x00, 0xFF, 0x00, 0x10, 0xF1
    .byte   0x00, 0x1F, 0x00, 0x01, 0xF0, 0x1F, 0x01, 0xF0, 0x00, 0xF1, 0x00, 0xF1, 0xF1, 0xF1, 0x00, 0x00
    .byte      1, 0x00, 0xF0, 0xF0, 0x1F, 0x10, 0x00, 0xF0, 0x1F, 0x00, 0x1F, 0x21, 0x16, 0xAD, 0xED, 0x4D
    .byte   0x3E, 0x11, 0x2E, 0x1E, 0xE3, 0xFF, 0x0E, 0x22, 0xF3, 0x1E, 0xFE, 0xE3, 0xD3, 0x0E, 0x3E, 0x3E
    .byte   0xDE,   -2, 0x0E, 0x10, 0xF0, 0x12, 0xF2, 0xE1, 0xE1, 0xF0, 0x00, 0x2F, 0x20, 0x0F, 0x1E, 0x2E
    .byte   0x2F, 0x00, 0xF2, 0xE1, 0xF2, 0x03, 0xE2, 0xDD, 0x3C, 0x4D, 0x03, 0xD3, 0xFE, 0x2E, 0xE2, 0x00
    .byte   0x1E, 0x2F,   -2, 0x02, 0xE2, 0xFF, 0x01, 0xF0, 0xFF, 0x01, 0xF1, 0x0F, 0x2E, 0x2E, 0x1F, 0x2F
    .byte   0xF2, 0xD3, 0xE2, 0xE0, 0x1E, 0x2E, 0x20, 0x01, 0xF0, 0xF1, 0x0F, 0x0F, 0x10, 0x00, 0xF1, 0x01
    .byte   0x1E, 0x2E, 0x2E,    0, 0x0E, 0x2F, 0x00, 0xF2, 0xE2, 0xE2, 0xF0, 0x0F, 0x2E, 0x2E, 0xF2, 0xE1
    .byte   0x1F, 0x10, 0xF0, 0x0F, 0x2E, 0x2E, 0x00, 0xF2, 0xE2, 0xE2, 0xE1, 0xF1, 0x01, 0x01, 0x0F, 0x1E
    .byte   0x2E, 0x2F, 0xF1, 0x1E,    2, 0x0F, 0xF1, 0xF1, 0xE2, 0xFF, 0x10, 0xF1, 0x02, 0xD2, 0x00, 0x2E
    .byte   0x2E, 0x00, 0x10, 0x1F, 0xF0, 0x10, 0x00, 0x0F, 0x1F, 0x01, 0xF1, 0xE2, 0xF1, 0x1E, 0x2E, 0x2E
    .byte   0x2E, 0x2E, 0x2F, 0xF2, 0xD3,   -5, 0x03, 0xE0, 0x1F, 0x1E, 0x2E, 0x3D, 0x2F, 0xF0, 0x10, 0x1F
    .byte   0x00, 0xF0, 0xF2, 0xE2, 0xE2, 0xE2, 0x0E, 0x2F, 0xFF, 0x01, 0xF0, 0x11, 0x1E, 0x2E, 0x2E, 0x10
    .byte   0xE3, 0xD3, 0xD3, 0xE1, 0x1E, 0x2E,    1, 0x0F, 0x01, 0xF0, 0xF0, 0xF2, 0xFE, 0x2E, 0x2E, 0x2F
    .byte   0x0F, 0xF2, 0xE2, 0xE2, 0xE1, 0x2E, 0x2E, 0x2E, 0x11, 0xE3, 0xD2, 0xFF, 0x2F, 0xE1, 0x1F, 0x2E
    .byte   0x1F, 0x01, 0x0F, 0xF2, 0xE2, 0xFF, 0x00,   -1, 0x01, 0x1F, 0x2E, 0x0F, 0x01, 0x01, 0xF0, 0xF1
    .byte   0xF1, 0xFF, 0x2E, 0x2E, 0x12, 0xD3, 0xE0, 0x11, 0xE2, 0x1E, 0x2E, 0x2E, 0x2D, 0x3F, 0xF2, 0xE2
    .byte   0xE0, 0xF1, 0x01, 0xE2, 0xE2, 0xE2, 0xFF, 0x2D,    3, 0x0E, 0x1F, 0xF1, 0x2D, 0x3E, 0x12, 0xD3
    .byte   0xD3, 0xD2, 0x11, 0x1E, 0x2E, 0x2F, 0xF1, 0x0F, 0xF0, 0xE3, 0xE0, 0xF2, 0xE1, 0x11, 0x1D, 0x3D
    .byte   0x3E, 0x2E, 0x1E, 0x20, 0x02, 0xD3, 0xD3, 0xD3, 0xD1,    2, 0x0E, 0x2E, 0x11, 0xFF, 0x2E, 0x2E
    .byte   0x11, 0x0F, 0x01, 0xE3, 0xD2, 0xF0, 0x1F, 0xF2, 0xE0, 0x2E, 0x2E, 0x2E, 0x2E, 0x10, 0xF2, 0xE1
    .byte   0x2E, 0x11, 0xE2, 0xF1, 0xF1, 0xF1, 0x01, 0xE3, 0xD2, 0xFE,    6, 0x0D, 0x2E, 0x2F, 0x2D, 0x3D
    .byte   0x20, 0x03, 0xC4, 0xC3, 0x2D, 0x22, 0xD3, 0xE1, 0x1F, 0x0E, 0x2F, 0x01, 0xFF, 0xFE, 0x3E, 0x12
    .byte   0xD3, 0xEF, 0x2E, 0x2E, 0xF0, 0xF2, 0xFF, 0x2E, 0x1F, 0x11, 0x2D,    1, 0x0E, 0x2F, 0xE3, 0xD3
    .byte   0xD2, 0x11, 0xF2, 0xD3, 0xD1, 0x2E, 0x3D, 0x2E, 0x3D, 0x3D, 0x2F, 0xF2, 0xE2, 0xD3, 0xEF, 0x3C
    .byte   0x4D, 0x12, 0xE2, 0xE2, 0xD3, 0xE0, 0x2E, 0x2E, 0x12, 0xE0, 0xEF, 0x3D,    6, 0x0D, 0x2F, 0x11
    .byte   0xE3, 0xC4, 0xD0, 0x3D, 0x3D, 0x2E, 0x12, 0xD3, 0xD3, 0xD2, 0x3D, 0x4B, 0x4D, 0x20, 0xF2, 0xD3
    .byte   0xD4, 0xD2, 0xEE, 0x2E, 0x3D, 0x2F, 0xE3, 0xD2, 0x3C, 0x4C, 0x3E, 0xF3, 0xC4,   -6, 0x03, 0xFE
    .byte   0x3D, 0x3D, 0x2E, 0x02, 0xE2, 0xE1, 0x2E, 0x11, 0xE1, 0x01, 0x12, 0xE2, 0xFD, 0x3E, 0x2E, 0x2D
    .byte   0x20, 0x12, 0xE1, 0xD4, 0xD3, 0x0C, 0x4C, 0x4D, 0x21, 0xC5, 0xB5, 0xDE, 0x3B, 0x5C,    3, 0x01
    .byte   0xD3, 0xD3, 0xD3, 0x0D, 0x3D, 0x21, 0x00, 0x0F, 0x02, 0xE2, 0xE2, 0xE0, 0xF2, 0xE2, 0xE1, 0x3C
    .byte   0x4C, 0x3E, 0x13, 0xC4, 0xD2, 0x2C, 0x4D, 0x02, 0xE3, 0xD3, 0xDF, 0x4B, 0x5C, 0x22, 0xD4,   -5
    .byte   0x03, 0xE1, 0x2E, 0x1E, 0x10, 0xE3, 0xE1, 0x1D, 0x3E, 0x11, 0x11, 0xD3, 0xE3, 0xD1, 0xE2, 0x2D
    .byte   0x4C, 0x3F, 0xF1, 0x01, 0xD2, 0xF1, 0x3C, 0x32, 0xD3, 0xE1, 0xE1, 0x0E, 0x3E, 0x13, 0xC4, 0xD0
    .byte      9, 0x0C, 0x3C, 0x4E, 0xD5, 0xB4, 0xE1, 0x2C, 0x4C, 0x5B, 0x32, 0xC5, 0xB4, 0xE1, 0xFF, 0x3C
    .byte   0x4E, 0xD3, 0xDF, 0x3E, 0x3D, 0x2F, 0xE3, 0xD2, 0xFE, 0x2F, 0x02, 0xEF, 0x2E, 0x20, 0xFE, 0x2E
    .byte   0x13,   -4, 0x02, 0xD1, 0x3F, 0x2E, 0x2D, 0x32, 0xD3, 0xDE, 0x21, 0x02, 0xD2, 0xE2, 0x12, 0x2C
    .byte   0x12, 0x03, 0xD1, 0x2E, 0x3F, 0x2D, 0xD3, 0xD4, 0xFD, 0x2D, 0x22, 0x10, 0xE1, 0xE1, 0x2E, 0x3D
    .byte   0xF3, 0xE2,    8, 0x0D, 0xF0, 0x02, 0x2F, 0xE1, 0xC4, 0x2E, 0x2D, 0xFF, 0x3E, 0x20, 0xC4, 0xD2
    .byte   0x3D, 0xF1, 0x0E, 0x4C, 0x3F, 0xC4, 0xE1, 0x2E, 0xE0, 0x21, 0x3E, 0xD2, 0xD2, 0x3E, 0xEF, 0x0E
    .byte   0x4E, 0xF3, 0xB3,    1, 0x0E, 0x3E, 0xFF, 0x1E, 0x3F, 0xD1, 0xE1, 0x31, 0xD4, 0xCF, 0x3E, 0x20
    .byte   0xEE, 0x3E, 0x03, 0xC3, 0x1D, 0x32, 0xC3, 0x2C, 0x40, 0xC5, 0xCD, 0x4D, 0x21, 0x2D, 0x22, 0xC5
    .byte   0xCE, 0x4C, 0x4E, 0x0F,    7, 0x0E, 0xD4, 0xC1, 0x3C, 0x33, 0xC4, 0xFE, 0xFE, 0x20, 0xF0, 0xE2
    .byte   0x11, 0x3D, 0x2D, 0x02, 0xE2, 0xEF, 0x2F, 0x3E, 0xF2, 0xC3, 0x22, 0x0D, 0x0F, 0x2E, 0x3D, 0xE2
    .byte   0xF2, 0x21, 0xD2, 0xEF, 0x4C,    2, 0x0F, 0xE2, 0x21, 0xD3, 0xD0, 0x3E, 0x2D, 0xFF, 0x21, 0xD4
    .byte   0xDE, 0x3E, 0xF3, 0xDE, 0x3D, 0x30, 0xF0, 0x1E, 0x02, 0x1E, 0x1F, 0xD3, 0xFE, 0x3D, 0x21, 0xF3
    .byte   0xD2, 0xFD, 0x3E, 0x21, 0xE1, 0xF2,    1, 0x0F, 0x2D, 0x12, 0xD4, 0xE1, 0xED, 0x4C, 0x31, 0xD3
    .byte   0xEE, 0x4D, 0x2E, 0xE3, 0xC5, 0xCE, 0x4C, 0x23, 0xE1, 0xEE, 0x2E, 0x22, 0xC4, 0xD0, 0x4C, 0x3E
    .byte   0xF2, 0xD4, 0xCF, 0x3D, 0x31, 0xE2, 0xEF,    4, 0x0D, 0x22, 0xD3, 0x2D, 0x3D, 0xF3, 0xD2, 0x2D
    .byte   0x02, 0xE1, 0x10, 0xE2, 0x2E, 0x3D, 0x1E, 0x21, 0xFF, 0x10, 0xE3, 0xE3, 0xD1, 0xFE, 0x3D, 0x3D
    .byte   0xF3, 0xD3, 0xFF, 0xFE, 0x3D, 0x22, 0xC3, 0x2D,    7, 0x0D, 0x12, 0xD3, 0xD3, 0xEE, 0x21, 0xE3
    .byte   0xEF, 0x0F, 0x2E, 0x3C, 0x4D, 0xE4, 0xB4, 0xEE, 0x3E, 0x02, 0xEE, 0x3E, 0x0F, 0xE3, 0x0D, 0x3E
    .byte   0xF3, 0xC4, 0xD2, 0x1C, 0x5B, 0x42, 0xB5, 0xDD, 0x5B,   11, 0x0C, 0xF4, 0xB6, 0xBD, 0x5B, 0x25
    .byte   0xA5, 0xED, 0x3F, 0x3B, 0x6A, 0x26, 0x95, 0x4A, 0x44, 0xB4, 0x2C, 0x3F, 0x2D, 0x32, 0xB6, 0xB1
    .byte   0x5A, 0x44, 0xB4, 0x0C, 0x4E, 0xE3, 0xD2, 0xF1, 0x1C, 0x5B,   -2, 0x04, 0xB4, 0xD2, 0x1E, 0x4A
    .byte   0x6F, 0xA7, 0xBC, 0x79, 0x36, 0x95, 0x2C, 0x3E, 0x4B, 0x42, 0xB5, 0xDD, 0x4D, 0x02, 0xE2, 0xE0
    .byte   0x2F, 0xF0, 0x2D, 0x13, 0xD2, 0x2D, 0x30, 0xD3, 0xFE, 0x10, 0xF0,    3, 0x0E, 0x01, 0xFF, 0x2E
    .byte   0x11, 0xF1, 0x1F, 0x00, 0x00, 0x01, 0xF1, 0x00, 0xF1, 0xF0, 0x0F, 0x10, 0x01, 0xF1, 0xF1, 0xF0
    .byte   0x00, 0x01, 0x00, 0xF0, 0x00, 0x00, 0x0F, 0x10, 0x00, 0x00, 0x10, 0xF1,    0, 0x00, 0x00, 0x00
    .byte   0x00, 0x01, 0xF1, 0xF0, 0x00, 0xF0, 0x10, 0xF1, 0x00, 0x0F, 0x1F, 0x01, 0x00, 0x1F, 0x1F, 0x00
    .byte   0x1F, 0x00, 0x01, 0xF0, 0x01, 0x00, 0xF0, 0x01, 0xF0, 0x00, 0x00, 0x00, 0x00,    0, 0x00, 0x00
    .byte   0x00, 0x1F, 0x00, 0x01, 0xF0, 0x01, 0xFF, 0x10, 0x00, 0x00, 0xF1, 0x00, 0x00, 0x1F, 0xF1, 0x00
    .byte   0x00, 0x00, 0xF0, 0x10, 0x00, 0x00, 0x00, 0x00, 0xF1, 0x00, 0x00, 0x00, 0x00, 0x00,    0, 0x00
    .byte   0x1F, 0x00, 0x00, 0x0F, 0x01, 0x01, 0xF0, 0x00, 0x00, 0x0F, 0x10, 0xF1, 0x00, 0x00, 0x00, 0x00
    .byte   0x00, 0xF1, 0x00, 0x0F, 0x01, 0x00, 0x00, 0xF1, 0x00, 0xF1, 0xF1, 0x00, 0x00, 0x0F, 0x10,    0
    .byte   0x00, 0x00, 0x00, 0x00, 0x00, 0x00, 0x00, 0x00, 0x00, 0x00, 0xF1, 0x00, 0x00, 0x00, 0x00, 0x01
    .byte   0xF0, 0x1F, 0x1F, 0x0F, 0x10, 0x00, 0x00, 0x00, 0x0F, 0x1F, 0x10, 0x00, 0x1F, 0x00, 0x1F, 0x1F
    .byte      0, 0x01, 0xF1, 0xF0, 0x00, 0x00, 0x00, 0x1F, 0x01, 0xFF, 0x10, 0x1F, 0xF1, 0x1F, 0x01, 0x0F
    .byte   0x1F, 0x00, 0x01, 0xF0, 0x01, 0xF0, 0x01, 0xFF, 0x10, 0x00, 0x01, 0xF1, 0xF0, 0x01, 0xF0, 0x00
    .byte   0x1F,    1, 0x0F, 0x0F, 0x10, 0x00, 0x00, 0x1F, 0x00, 0x00, 0xF1, 0x00, 0xF1, 0x00, 0x00, 0x00
    .byte   0x00, 0x00, 0x00, 0x01, 0x0F, 0x01, 0x0F, 0xF1, 0x00, 0x00, 0x00, 0x00, 0x00, 0x00, 0x00, 0x00
    .byte   0xF1, 0xF1,   -1, 0x01, 0x00, 0x0F, 0x01, 0xF1, 0x00, 0x00, 0x1F, 0x0F, 0x10, 0x00, 0x00, 0x0F
    .byte   0x1F, 0x10, 0xF1, 0xF1, 0x0F, 0x10, 0x00, 0x00, 0x0F, 0x10, 0x00, 0x0F, 0x11, 0xF1, 0xF0, 0x01
    .byte   0xF0, 0xF1, 0x00,    0, 0x00, 0x00, 0x00, 0x00, 0x00, 0x1F, 0x01, 0xF0, 0xF1, 0x00, 0xF1, 0x00
    .byte   0x01, 0xF0, 0x0F, 0x1F, 0x1F, 0x10, 0x00, 0x0F, 0x10, 0x00, 0x0F, 0x1F, 0x00, 0x11, 0xEE, 0x23
    .byte   0x0F, 0xF0, 0xE2, 0xEE,   -6, 0x01, 0xD1, 0x53, 0xCE, 0x40, 0xCE, 0x11, 0xE2, 0x10, 0x2C, 0xC4
    .byte   0x5C, 0xD3, 0xE2, 0xEC, 0x44, 0x97, 0x58, 0x57, 0xC8, 0x75, 0x8C, 0x7E, 0xB2, 0x52, 0xC3, 0x4A
    .byte   0x35, 0xA2, 0x7C, 0xC4, 0xDB,    4, 0x04, 0xB3, 0x4B, 0xC4, 0x4C, 0xD4, 0x2D, 0xD4, 0x4D, 0xC2
    .byte   0x30, 0xE1, 0xE2, 0x2C, 0xE4, 0x0D, 0x11, 0x2F, 0xE1, 0x32, 0xED, 0x23, 0x2C, 0x23, 0xDD, 0x32
    .byte   0xDF, 0x0E, 0xE3, 0xDF, 0x32, 0xDF,   -3, 0x02, 0xFF, 0x22, 0xEE, 0x2F, 0x00, 0xE0, 0x2F, 0xEF
    .byte   0x21, 0x0F, 0xF0, 0xFF, 0x12, 0x1F, 0xF0, 0x12, 0x0E, 0x02, 0xE0, 0x1F, 0x00, 0xFF, 0x20, 0xE1
    .byte   0x00, 0x00, 0x01, 0x0F, 0x00, 0x10, 0xFF,    0, 0x01, 0xF0, 0x1F, 0xF0, 0xEF, 0x00, 0xE1, 0x1F
    .byte   0xF0, 0x0F, 0x01, 0xF0, 0xF0, 0x02, 0x00, 0xF0, 0x11, 0x02, 0x10, 0x12, 0x22, 0x3F, 0x22, 0x12
    .byte   0x11, 0x0F, 0xEE, 0x1F, 0xEE, 0xEE, 0xEF, 0xEF,   -6, 0x0E, 0x1F, 0x01, 0xF0, 0x11, 0x11, 0x00
    .byte   0xE0, 0xFF, 0xF0, 0xE0, 0x0E, 0xE0, 0xFE, 0xF0, 0x02, 0x02, 0x10, 0x20, 0x21, 0xEF, 0x12, 0x23
    .byte   0x23, 0x33, 0x23, 0x03, 0x2F, 0xFE, 0xED, 0xDF, 0xEE,   14, 0x0D, 0xEE, 0xFE, 0xE1, 0xFE, 0x02
    .byte   0x31, 0x10, 0x22, 0x11, 0xFF, 0xEE, 0xEF, 0xFE, 0xFF, 0x11, 0x12, 0x10, 0x22, 0x02, 0x02, 0x0E
    .byte   0x0E, 0xEE, 0xDE, 0xED, 0xEF, 0xFE, 0xFF, 0x01, 0x01, 0x22,  -34, 0x02, 0x23, 0x32, 0x33, 0x34
    .byte   0x32, 0x21, 0x11, 0xEE, 0xDD, 0xDD, 0xFF, 0x0E, 0xDE, 0x22, 0xFF, 0xE1, 0x1F, 0x22, 0x2E, 0xFE
    .byte   0xF2, 0xEE, 0xEF, 0xEE, 0x00, 0x13, 0x10, 0x21, 0x22, 0x2F, 0xFF,    6, 0x0E, 0xEF, 0xFE, 0xDF
    .byte   0x1F, 0xEE, 0xFE, 0xEE, 0x02, 0xEF, 0x02, 0x21, 0x21, 0x22, 0x12, 0x33, 0x23, 0x34, 0x30, 0x01
    .byte   0x1E, 0xED, 0xFD, 0xDD, 0x01, 0x0E, 0xF1, 0x10, 0x00, 0xE0, 0xFE, 0x20,    3, 0x0E, 0xF0, 0xEF
    .byte   0xFF, 0x0E, 0x01, 0x12, 0x11, 0x32, 0xFF, 0x21, 0xEE, 0xE0, 0xFE, 0xE0, 0xFE, 0xE1, 0x1E, 0xEE
    .byte   0x00, 0xE1, 0x0F, 0xF0, 0x11, 0x0F, 0xF2, 0x12, 0x21, 0x33, 0x33, 0x24, 0x43,   61, 0x0E, 0x10
    .byte   0xDD, 0xDE, 0xDD, 0xE0, 0x30, 0xE0, 0x2F, 0xEF, 0xF1, 0xFD, 0xF2, 0xFF, 0xEF, 0x0E, 0xFF, 0x2F
    .byte   0xFE, 0x23, 0x01, 0x23, 0x2C, 0x00, 0x3F, 0xDE, 0x1F, 0xDE, 0x3F, 0xFD, 0xE1, 0xE0,  -30, 0x01
    .byte   0x0E, 0xE2, 0x1F, 0xEF, 0x22, 0xE1, 0x23, 0x00, 0x33, 0x33, 0x13, 0x34, 0x32, 0xEE, 0xDF, 0xDE
    .byte   0xED, 0xDD, 0xF3, 0x22, 0xFF, 0x2E, 0x02, 0xEF, 0xDD, 0x0E, 0x2E, 0xF2, 0xD0, 0x12, 0x3E,   -2
    .byte   0x01, 0xF1, 0x12, 0x3E, 0xEE, 0x0E, 0xE1, 0x2F, 0xDE, 0xE2, 0x0E, 0xFE, 0x0E, 0xE1, 0x11, 0xE0
    .byte   0x0F, 0x01, 0x12, 0x2E, 0x13, 0x12, 0x22, 0x10, 0x34, 0x33, 0x13, 0x3F, 0x0E, 0x1D, 0xDE, 0xDF
    .byte     15, 0x0E, 0x11, 0x2E, 0x12, 0xFF, 0xEF, 0xEE, 0xEE, 0xF0, 0x10, 0x00, 0xF0, 0x20, 0x1F, 0x12
    .byte   0xE1, 0x11, 0x10, 0x1F, 0xEE, 0xE1, 0x0F, 0xEE, 0xEE, 0xF1, 0x11, 0xEE, 0xFF, 0xE1, 0x21, 0xFE
    .byte   0x11,  -29, 0x01, 0x12, 0x02, 0x22, 0x3F, 0x22, 0x14, 0x03, 0x22, 0x40, 0x0E, 0xE0, 0xDE, 0xEF
    .byte   0x0D, 0xFF, 0x20, 0xE2, 0xFD, 0xEE, 0x2E, 0x0E, 0xE1, 0xE1, 0x12, 0x2E, 0x01, 0x00, 0xF2, 0x1E
    .byte   0x0E, 0x22,    3, 0x00, 0xF0, 0xDD, 0x11, 0xFE, 0xEE, 0x1F, 0xE1, 0x2E, 0xEE, 0x0F, 0xE1, 0x12
    .byte   0x10, 0x01, 0x32, 0x13, 0x2F, 0xEF, 0x42, 0x22, 0xF3, 0x02, 0x34, 0x4D, 0xED, 0xFE, 0xD2, 0xF1
    .byte   0xDD, 0xE2, 0x21,   25, 0x02, 0xEC, 0xEE, 0x20, 0xE0, 0xEE, 0xD1, 0x33, 0x1E, 0x0F, 0xE1, 0x13
    .byte   0x1E, 0xDF, 0x11, 0x10, 0x2E, 0xDD, 0x12, 0x0F, 0xFE, 0xED, 0x12, 0x10, 0xEE, 0xEE, 0x12, 0x21
    .byte   0x01, 0xF2, 0x33, 0x2F,   -9, 0x0E, 0x02, 0x23, 0x22, 0x21, 0x23, 0x14, 0x31, 0x0D, 0xFD, 0xE1
    .byte   0xE2, 0xEE, 0xEE, 0x3D, 0x22, 0xE0, 0xC0, 0xFE, 0x2E, 0xFF, 0xD0, 0x12, 0x3E, 0x1F, 0xF0, 0xE2
    .byte   0x2F, 0x0E, 0xF0, 0xE0, 0x11,   -7, 0x0D, 0xEE, 0xF0, 0x00, 0xFE, 0xEE, 0x02, 0xFF, 0xFE, 0xEF
    .byte   0x12, 0x22, 0xF2, 0x22, 0x31, 0x22, 0x0F, 0x12, 0x20, 0x31, 0x32, 0x23, 0x43, 0xEE, 0xED, 0xED
    .byte   0x3F, 0xFD, 0xD2, 0x2E, 0x03, 0x0D,   13, 0x0E, 0xEF, 0x0E, 0x01, 0xDE, 0x22, 0x21, 0x02, 0xEE
    .byte   0xE2, 0x20, 0x0F, 0x0F, 0xE0, 0xE1, 0xEE, 0xEE, 0xFE, 0x2E, 0x1F, 0xEE, 0xE1, 0xFF, 0xFE, 0x10
    .byte   0xF2, 0x22, 0x11, 0x22, 0x13, 0x22, 0x2E,   -6, 0x02, 0x22, 0xF3, 0x3F, 0x31, 0x33, 0x32, 0xDE
    .byte   0xED, 0xF2, 0x0E, 0xEE, 0xF0, 0x11, 0x2F, 0xDD, 0xEE, 0xE0, 0x1E, 0xFD, 0xF2, 0xF3, 0x02, 0x0E
    .byte   0xF0, 0x22, 0xF0, 0xFE, 0xEE, 0x11, 0xFF, 0xDE,  -22, 0x0F, 0xF1, 0x10, 0xDE, 0xEF, 0xE1, 0x0F
    .byte   0xEE, 0x02, 0x23, 0x12, 0x1F, 0x11, 0x32, 0x22, 0x12, 0xF2, 0x23, 0x20, 0x22, 0x31, 0x34, 0x1E
    .byte   0xEF, 0xDD, 0x01, 0x1F, 0xDE, 0x21, 0x01, 0x2F, 0xCE,    6, 0x0F, 0x0E, 0x00, 0xED, 0xE2, 0x30
    .byte   0x21, 0x1E, 0xE0, 0x31, 0x1E, 0x0F, 0xDF, 0x00, 0x2D, 0xFE, 0xE1, 0xE2, 0x2D, 0xED, 0xFF, 0xE1
    .byte   0x10, 0xEE, 0xF2, 0x22, 0x31, 0x1E, 0x02, 0x33, 0x21, 0x2E,   -8, 0x02, 0x33, 0x22, 0x12, 0x22
    .byte   0x34, 0x2E, 0xED, 0xFD, 0xF3, 0xEF, 0xDE, 0x2E, 0x21, 0x11, 0xCD, 0x0D, 0x10, 0xF1, 0xDE, 0xF0
    .byte   0x3F, 0x22, 0xEF, 0xE2, 0x21, 0x20, 0xEE, 0xEF, 0x1F, 0xFF, 0xEE,  -20, 0x0F, 0x00, 0x1F, 0xDE
    .byte   0xD0, 0xE0, 0x1E, 0x0F, 0xF2, 0x22, 0x20, 0x2E, 0x12, 0x23, 0x22, 0x22, 0xE2, 0x23, 0x22, 0x31
    .byte   0x03, 0x14, 0x3E, 0x0D, 0xED, 0x02, 0x00, 0xDF, 0xFF, 0x10, 0x10, 0xDD,    8, 0x0E, 0xFE, 0x11
    .byte   0xEE, 0xE0, 0x12, 0x22, 0x1E, 0xE0, 0x22, 0x21, 0x0E, 0xEE, 0xF0, 0x11, 0xEE, 0xEE, 0x0F, 0x10
    .byte   0xDE, 0xDF, 0xEE, 0x11, 0xFF, 0xE1, 0x12, 0x22, 0x2F, 0xFF, 0x33, 0x32, 0x2F,   -6, 0x01, 0x23
    .byte   0x23, 0x03, 0x1F, 0x33, 0x32, 0xFE, 0xDE, 0xE2, 0x01, 0xED, 0x00, 0x1E, 0x22, 0xDD, 0xDE, 0xFE
    .byte   0x1F, 0xFE, 0xE0, 0x11, 0x02, 0x20, 0xE0, 0x12, 0x20, 0x10, 0xEE, 0xE1, 0x0E, 0x0E,  -10, 0x0E
    .byte   0xE0, 0xF1, 0xED, 0x0D, 0xEE, 0x01, 0x0E, 0xF0, 0x20, 0x22, 0x2E, 0x11, 0x22, 0x33, 0x10, 0xF2
    .byte   0x13, 0x23, 0x22, 0x22, 0x23, 0x32, 0x00, 0xED, 0xE2, 0x1F, 0x0E, 0xEF, 0x0E, 0x21, 0xED,   15
    .byte   0x0E, 0xDF, 0x0F, 0x0E, 0xEE, 0x11, 0x12, 0x2F, 0xE2, 0xE1, 0x21, 0x20, 0xFF, 0xEF, 0xFF, 0x1F
    .byte   0xFE, 0xF0, 0xE0, 0xEE, 0xEE, 0xDF, 0xEF, 0xFF, 0x0E, 0x02, 0x12, 0x21, 0xFF, 0x22, 0x23, 0x12
    .byte    -10, 0x0E, 0x22, 0x32, 0x33, 0x02, 0x21, 0x41, 0x12, 0xE0, 0xDE, 0x3E, 0x10, 0xD2, 0xEF, 0x1E
    .byte   0x2D, 0xDF, 0xDE, 0xFE, 0x1E, 0xEF, 0xE1, 0x11, 0x20, 0x1F, 0xF2, 0x01, 0x21, 0x0E, 0x0F, 0xE2
    .byte   0xE0,   -6, 0x00, 0x0E, 0xFF, 0xEE, 0xEE, 0xEE, 0xEF, 0xF0, 0xEF, 0xF0, 0x01, 0x02, 0xF0, 0x22
    .byte   0x23, 0x22, 0x21, 0xE3, 0x22, 0x31, 0x32, 0x22, 0x24, 0x1E, 0x2F, 0xEE, 0xF2, 0x0E, 0x0E, 0x00
    .byte   0xD1, 0x0E,   23, 0x0D, 0xFE, 0xD1, 0x1E, 0xFE, 0xFF, 0xE1, 0x12, 0x00, 0xF2, 0x11, 0x10, 0x20
    .byte   0xE1, 0x0F, 0x1F, 0x10, 0xE0, 0xEE, 0xFE, 0xEE, 0xEE, 0xEF, 0xFE, 0x0F, 0xFF, 0x0F, 0x11, 0x21
    .byte   0xF2, 0x12, 0x31,  -20, 0x02, 0x02, 0x21, 0x32, 0x32, 0x22, 0x23, 0x32, 0x01, 0x0E, 0xE0, 0x21
    .byte   0xFF, 0xE0, 0xEE, 0xF1, 0xED, 0xEE, 0xED, 0xFF, 0x0E, 0xE0, 0xEE, 0xF0, 0x20, 0x11, 0x11, 0x10
    .byte   0x20, 0x2E, 0x11, 0xE1,   -3, 0x00, 0x12, 0xEF, 0xEE, 0xEE, 0x0E, 0xEE, 0xFE, 0xEF, 0xFF, 0x0F
    .byte   0x1E, 0x1F, 0x11, 0x22, 0x22, 0x21, 0x21, 0x02, 0x23, 0x23, 0x22, 0x22, 0x23, 0x32, 0x00, 0xFE
    .byte   0x01, 0x21, 0xFF, 0xEF, 0xEE,   38, 0x00, 0xEE, 0xED, 0xEE, 0xE0, 0xEF, 0xEE, 0xEE, 0xF0, 0x21
    .byte   0x01, 0x10, 0x10, 0x21, 0xF2, 0xFF, 0xFF, 0x02, 0x10, 0xFF, 0xEE, 0xFE, 0xFE, 0xEF, 0xEE, 0xEF
    .byte   0xEF, 0xFF, 0x0F, 0xFF, 0xF0, 0x22,  -35, 0x02, 0x20, 0x20, 0x22, 0x22, 0x32, 0x23, 0x22, 0x22
    .byte   0x32, 0x21, 0x0F, 0xF0, 0x12, 0xFF, 0xEF, 0xEE, 0xFE, 0xEE, 0xED, 0xFE, 0xEE, 0xFE, 0xEE, 0x0E
    .byte   0xE1, 0x10, 0x20, 0x11, 0x11, 0x02, 0x01,   -4, 0x01, 0x00, 0x11, 0x01, 0x00, 0xEF, 0xEE, 0xFE
    .byte   0xFE, 0xEF, 0xEF, 0xE0, 0xF0, 0xEF, 0xFF, 0x00, 0x02, 0x13, 0x22, 0x02, 0x1F, 0x22, 0x23, 0x23
    .byte   0x12, 0x31, 0x23, 0x21, 0x2F, 0xF0, 0x11, 0x11,   52, 0x0F, 0xEF, 0xEE, 0xFF, 0xDE, 0xED, 0xFE
    .byte   0xFE, 0xEF, 0xEE, 0xE0, 0xF1, 0x01, 0x11, 0x11, 0x11, 0x11, 0x11, 0x10, 0x11, 0x11, 0x11, 0xF0
    .byte   0xEF, 0xFE, 0xEE, 0xFE, 0xEF, 0x0E, 0xFF, 0xFE, 0xFF,  -42, 0x0F, 0x10, 0x02, 0x12, 0x22, 0x21
    .byte   0x12, 0x12, 0x22, 0x32, 0x23, 0x21, 0x22, 0x22, 0x2F, 0x0F, 0x10, 0x20, 0xFE, 0xFF, 0xEF, 0xEE
    .byte   0xEE, 0xEE, 0xEE, 0xEE, 0x0E, 0xEF, 0xEF, 0xFF, 0x01, 0x01,  -13, 0x01, 0x00, 0x20, 0x11, 0x01
    .byte   0x11, 0x02, 0x1F, 0x1F, 0xEF, 0xEF, 0xEF, 0xEF, 0xFE, 0xFE, 0xFE, 0xFE, 0x0F, 0xE1, 0x01, 0x21
    .byte   0x12, 0x20, 0x20, 0x20, 0x22, 0x22, 0x23, 0x22, 0x22, 0x22, 0x22,   45, 0x01, 0x0F, 0x11, 0x21
    .byte   0x0E, 0x0E, 0xFE, 0xFE, 0xEE, 0xED, 0xFE, 0xEF, 0xEF, 0xEE, 0xFE, 0xF0, 0x01, 0x01, 0x10, 0x11
    .byte   0x11, 0x10, 0x20, 0x10, 0x20, 0x10, 0xFF, 0xFE, 0x0E, 0x0E, 0xFE, 0x0E,  -24, 0x0F, 0xEF, 0xFE
    .byte   0xFE, 0x1F, 0x10, 0x10, 0x20, 0x20, 0x22, 0x02, 0x02, 0x22, 0x22, 0x31, 0x22, 0x22, 0x23, 0x01
    .byte   0x2E, 0x02, 0x11, 0x10, 0xE0, 0xEF, 0xEF, 0xEE, 0xEE, 0xEE, 0xEE, 0xFE, 0x0E,  -10, 0x0F, 0xE0
    .byte   0x00, 0x10, 0x11, 0x11, 0x00, 0x20, 0x02, 0x0F, 0x01, 0x02, 0x10, 0x0F, 0xEF, 0xEF, 0xE0, 0xE0
    .byte   0xEE, 0xFF, 0x0E, 0x0E, 0x0E, 0xE0, 0x01, 0x21, 0x22, 0x01, 0x21, 0x02, 0x12, 0x22,    3, 0x02
    .byte   0x22, 0x22, 0x22, 0x22, 0x12, 0xF1, 0x10, 0x20, 0xF0, 0xE0, 0xEE, 0x0E, 0xEE, 0xEE, 0xEF, 0xEE
    .byte   0xFF, 0xEE, 0xEF, 0xFF, 0x1F, 0x10, 0x11, 0xF0, 0x11, 0x10, 0x21, 0x11, 0x01, 0x10, 0x10,    0
    .byte   0x0F, 0xFE, 0xFF, 0xFE, 0xF0, 0xEE, 0xFE, 0x0E, 0x00, 0xEF, 0xF0, 0x00, 0x10, 0x20, 0x22, 0x11
    .byte   0x20, 0x22, 0x22, 0x22, 0x23, 0x12, 0x22, 0x21, 0x21, 0x10, 0x02, 0x11, 0x0E, 0x0E, 0xEF, 0xEF
    .byte     26, 0x0E, 0xEE, 0xEE, 0x0E, 0xFE, 0xFE, 0xEF, 0xE1, 0x01, 0x11, 0x00, 0x10, 0x11, 0x02, 0x10
    .byte   0x21, 0x11, 0x10, 0xFF, 0x0E, 0xF0, 0xEF, 0xFF, 0xFE, 0xEF, 0xFE, 0xEF, 0xE0, 0xFF, 0xF0, 0x11
    .byte   0x11,  -33, 0x02, 0x20, 0x20, 0x21, 0x22, 0x22, 0x22, 0x22, 0x22, 0x22, 0x22, 0x11, 0xF1, 0x11
    .byte   0x11, 0x0E, 0xFE, 0x0E, 0xFE, 0xEF, 0xEE, 0xEE, 0xFE, 0xFE, 0xEF, 0xEF, 0xF0, 0x1F, 0x11, 0xF0
    .byte   0x10, 0x11,   -8, 0x01, 0x11, 0x10, 0x21, 0x11, 0xF0, 0xEF, 0x0F, 0x0E, 0x0E, 0xFE, 0xF0, 0xE0
    .byte   0xEF, 0xEF, 0xEF, 0x11, 0x00, 0x01, 0x21, 0x20, 0x20, 0x12, 0x12, 0x22, 0x22, 0x31, 0x22, 0x12
    .byte   0x22, 0x11, 0x11,   41, 0x02, 0x0F, 0x0F, 0xE0, 0xEF, 0xFE, 0xEE, 0xEF, 0xEE, 0xFE, 0x0E, 0xEF
    .byte   0xEF, 0xF0, 0x0F, 0x00, 0x11, 0x01, 0x00, 0x11, 0x11, 0x10, 0x20, 0x10, 0x10, 0x0E, 0x0F, 0xEF
    .byte   0xFF, 0x0E, 0x0E, 0xFF,  -25, 0x0F, 0xEF, 0x0E, 0xF0, 0x11, 0x12, 0x12, 0x11, 0x02, 0x11, 0x22
    .byte   0x22, 0x22, 0x22, 0x21, 0x22, 0x21, 0x11, 0x12, 0x12, 0x00, 0xFE, 0x0F, 0xFE, 0xFE, 0xEE, 0xEE
    .byte   0xFE, 0xFE, 0xEE, 0xFE, 0x0F,  -12, 0x00, 0xFF, 0xF0, 0x11, 0x1F, 0x10, 0x11, 0x12, 0x10, 0x20
    .byte   0x1F, 0x11, 0x0E, 0x0E, 0x0F, 0xF0, 0xFE, 0xFE, 0xFE, 0xFF, 0xEF, 0xEF, 0xFF, 0x10, 0x21, 0x02
    .byte   0x11, 0x11, 0x21, 0x22, 0x21, 0x22,    9, 0x02, 0x22, 0x12, 0x21, 0x20, 0x20, 0x20, 0x10, 0xFF
    .byte   0x0F, 0xFE, 0xEF, 0xEE, 0xEE, 0xFE, 0xFF, 0xEE, 0xEF, 0xFE, 0xFF, 0xF0, 0x01, 0x11, 0xF0, 0x00
    .byte   0x0F, 0x21, 0x02, 0x11, 0x10, 0x01, 0xFF,   -4, 0x0F, 0xFF, 0xF0, 0x00, 0xE0, 0xEE, 0xFE, 0x0F
    .byte   0xEF, 0x0F, 0x10, 0x11, 0x11, 0x11, 0x12, 0x11, 0x22, 0x21, 0x22, 0x21, 0x22, 0x12, 0x22, 0x10
    .byte   0x20, 0x20, 0x11, 0x0F, 0xF0, 0x0E, 0xFF, 0xEE,   21, 0x0F, 0xE0, 0xE0, 0xEF, 0xEF, 0xE0, 0xEF
    .byte   0xFF, 0x00, 0x00, 0xF0, 0x00, 0x01, 0x01, 0x11, 0x10, 0x10, 0x10, 0xF0, 0xFF, 0xFF, 0xF0, 0xF0
    .byte   0xEF, 0xF0, 0xE0, 0xFE, 0xFE, 0x10, 0x01, 0x11, 0x11,  -23, 0x01, 0x11, 0x11, 0x21, 0x22, 0x22
    .byte   0x12, 0x12, 0x22, 0x12, 0x02, 0x02, 0x11, 0x11, 0x10, 0x01, 0xFF, 0xEF, 0xEF, 0xEF, 0xFE, 0xFE
    .byte   0xFE, 0xE0, 0xEF, 0xFE, 0xFF, 0xF0, 0xF0, 0xF0, 0xF0, 0x1F,  -10, 0x00, 0x01, 0x02, 0x00, 0x01
    .byte   0xF0, 0x00, 0xFF, 0x0F, 0x00, 0xE0, 0x0E, 0x0E, 0xF0, 0xEF, 0x0F, 0xFF, 0x11, 0x01, 0x01, 0x02
    .byte   0x01, 0x20, 0x22, 0x12, 0x12, 0x22, 0x21, 0x22, 0x12, 0x12, 0x11,   37, 0x01, 0x00, 0x10, 0xF0
    .byte   0xEF, 0xFE, 0xFE, 0xFE, 0xFE, 0xFF, 0xEE, 0x0E, 0x0E, 0x0E, 0x0F, 0x1F, 0xFF, 0x0F, 0x10, 0x11
    .byte   0x11, 0x11, 0x11, 0x00, 0x1F, 0x00, 0xF1, 0xFF, 0x0F, 0xE1, 0xF0, 0xEF,  -18, 0x0E, 0x0E, 0x00
    .byte   0x00, 0xF1, 0xF1, 0x11, 0x11, 0x01, 0x12, 0x12, 0x20, 0x22, 0x12, 0x22, 0x20, 0x21, 0x21, 0x21
    .byte   0x10, 0x01, 0x01, 0x0F, 0x0F, 0xEF, 0xEF, 0xE0, 0xEF, 0xFE, 0xFF, 0xE0, 0xEF,   -4, 0x0F, 0xF0
    .byte   0x0F, 0x0F, 0xF0, 0xF1, 0x10, 0x01, 0xF1, 0x11, 0x01, 0x0F, 0x00, 0xF0, 0xF0, 0xFF, 0xFF, 0xFF
    .byte   0x0E, 0x0E, 0xFF, 0xFF, 0xF0, 0x00, 0x10, 0x10, 0x11, 0x11, 0x12, 0x12, 0x12, 0x02,    3, 0x02
    .byte   0x12, 0x21, 0x12, 0x01, 0x21, 0x11, 0x11, 0x01, 0x10, 0xFF, 0xE0, 0xE0, 0xFE, 0x0E, 0x0E, 0xF0
    .byte   0xE0, 0xE0, 0xFE, 0x0F, 0xF1, 0xFF, 0xF0, 0x10, 0x00, 0xF1, 0x11, 0xF1, 0x10, 0x00, 0x00,   -5
    .byte   0x00, 0x0F, 0xFF, 0xFF, 0xFF, 0x0E, 0x0E, 0x0F, 0x0E, 0x00, 0x00, 0x00, 0x01, 0x01, 0x11, 0x02
    .byte   0x02, 0x02, 0x11, 0x22, 0x21, 0x22, 0x02, 0x02, 0x02, 0x11, 0x10, 0x01, 0x11, 0x0F, 0x0E, 0xFF
    .byte     24, 0x0E, 0x0E, 0x0E, 0x00, 0xE0, 0x0E, 0x0E, 0xF0, 0xFF, 0x0F, 0xFF, 0x00, 0x10, 0x0F, 0x10
    .byte   0x11, 0x01, 0x00, 0xF1, 0x0F, 0x00, 0xFF, 0x0F, 0x0F, 0xE1, 0xE1, 0xE0, 0xF0, 0xEF, 0xF0, 0x0F
    .byte   0x01,  -24, 0x01, 0x10, 0x11, 0x01, 0x20, 0x21, 0x12, 0x02, 0x21, 0x22, 0x11, 0x02, 0x02, 0x02
    .byte   0x0F, 0x02, 0x10, 0x0F, 0x0E, 0xF0, 0xFE, 0xF0, 0xFE, 0xFF, 0xF0, 0xFE, 0x0E, 0xFF, 0xF1, 0xFF
    .byte   0xFF, 0x10,   -5, 0x01, 0x0F, 0x01, 0x10, 0x10, 0x00, 0xF0, 0x00, 0xF0, 0x0F, 0x0F, 0x0F, 0x0E
    .byte   0x00, 0xEF, 0x1E, 0x0F, 0x0F, 0xFF, 0x00, 0x01, 0x10, 0x00, 0x10, 0x20, 0x20, 0x21, 0x20, 0x22
    .byte   0x02, 0x02, 0x01,   17, 0x01, 0x02, 0x00, 0x11, 0x11, 0x1F, 0xF0, 0xE0, 0x0F, 0xF0, 0xEF, 0xFF
    .byte   0x00, 0xE0, 0xE0, 0xFF, 0x0F, 0xFF, 0xF0, 0x00, 0xF1, 0xFF, 0x1F, 0x10, 0x00, 0x10, 0x01, 0x0F
    .byte   0xF1, 0xF0, 0xF0, 0xFF,   -7, 0x0F, 0xFF, 0xF0, 0xE0, 0xFF, 0xFF, 0xFF, 0x0F, 0x01, 0x00, 0x1F
    .byte   0x10, 0x20, 0x10, 0x21, 0x11, 0x21, 0x21, 0x20, 0x20, 0x11, 0x21, 0x11, 0x11, 0x11, 0x11, 0x0F
    .byte   0xFF, 0xFF, 0xFF, 0xFF, 0xFF,   13, 0x0F, 0xF0, 0xFE, 0x0F, 0xE1, 0x0F, 0xF0, 0xFF, 0x00, 0x00
    .byte   0xF0, 0x00, 0xF1, 0x10, 0x0F, 0x11, 0xF1, 0xF0, 0xF0, 0xFF, 0x0F, 0xFF, 0x00, 0xEF, 0x0F, 0xFF
    .byte   0xFF, 0xF0, 0x00, 0x10, 0x00, 0x01,  -17, 0x01, 0x11, 0x11, 0x12, 0x10, 0x21, 0x12, 0x11, 0x20
    .byte   0x10, 0x21, 0x10, 0x11, 0x11, 0x10, 0x00, 0xFF, 0xFF, 0xF0, 0xFF, 0xFF, 0xF0, 0xFF, 0x0E, 0xFF
    .byte   0xF0, 0xF0, 0xFF, 0xF0, 0x00, 0x00, 0xF0,   -2, 0x0F, 0x00, 0x10, 0x0F, 0x01, 0x0F, 0x1F, 0xFF
    .byte   0xFF, 0x0F, 0xFF, 0x0F, 0xF0, 0xFF, 0xF0, 0xFF, 0xF1, 0x0F, 0x11, 0x11, 0x01, 0x11, 0x11, 0x11
    .byte   0x11, 0x02, 0x01, 0x21, 0x20, 0x00, 0x02, 0x11,   15, 0x00, 0x01, 0x02, 0x01, 0x0E, 0xF0, 0xF0
    .byte   0x0F, 0xFF, 0xF0, 0xF1, 0x00, 0xEF, 0xFF, 0x0F, 0x0F, 0xFF, 0x00, 0x00, 0xF0, 0xFF, 0x00, 0x01
    .byte   0xF1, 0xF0, 0x01, 0xFF, 0xFF, 0x0F, 0x01, 0xFF, 0xFF,  -11, 0x00, 0xFF, 0xFF, 0xF0, 0x10, 0x10
    .byte   0xFF, 0x11, 0x11, 0x10, 0x01, 0x11, 0x11, 0x11, 0x10, 0x20, 0x20, 0x11, 0x11, 0x02, 0x00, 0x00
    .byte   0x02, 0x01, 0x0F, 0x0F, 0xF0, 0xF0, 0xFF, 0xFF, 0x00, 0x00,    8, 0x0F, 0xFF, 0xFF, 0xF0, 0xFF
    .byte   0xF0, 0x1F, 0x0F, 0xFF, 0x0F, 0x11, 0xF0, 0x0F, 0x00, 0x1F, 0xFF, 0x00, 0x00, 0x00, 0xFF, 0xF0
    .byte   0xF0, 0xF0, 0xF0, 0x01, 0x0F, 0x01, 0x01, 0x10, 0x00, 0x00, 0x20,   -6, 0x01, 0x11, 0x12, 0x11
    .byte   0x10, 0x10, 0x20, 0x10, 0x11, 0x11, 0x11, 0x00, 0xF0, 0xFF, 0xF1, 0x00, 0xE0, 0x00, 0x0F, 0xFF
    .byte   0xFF, 0xF1, 0xFF, 0xFF, 0xF0, 0xF0, 0x0F, 0xFF, 0x01, 0x00, 0x0F, 0xFF,   -6, 0x01, 0xF0, 0xF0
    .byte   0x0F, 0x00, 0x1F, 0xFF, 0xFF, 0x01, 0x0F, 0xF0, 0xF1, 0x11, 0x0F, 0x01, 0x01, 0x11, 0x10, 0x10
    .byte   0x20, 0x20, 0x10, 0x11, 0x11, 0x11, 0xF0, 0x11, 0x20, 0x10, 0x0F, 0x1F, 0x1F,   14, 0x0F, 0xFF
    .byte   0xF1, 0x00, 0x0E, 0x0F, 0x0F, 0x0F, 0xFF, 0xFF, 0xF1, 0x00, 0xFF, 0xF0, 0x01, 0x10, 0xFF, 0x00
    .byte   0x00, 0x0F, 0xF0, 0x01, 0x0F, 0xFF, 0xF0, 0xF0, 0xFF, 0xF0, 0x10, 0x00, 0xF0, 0xF1,  -11, 0x00
    .byte   0x1F, 0x10, 0x10, 0x20, 0x2F, 0x10, 0x12, 0x11, 0x01, 0x01, 0x02, 0x11, 0x00, 0x00, 0x01, 0xF1
    .byte   0xFF, 0xF0, 0x0F, 0x0F, 0x0F, 0xFF, 0xF0, 0xFF, 0x0E, 0x00, 0xF0, 0x00, 0xFF, 0x00, 0x00,   -2
    .byte   0x00, 0xF0, 0xF0, 0x00, 0x00, 0x0F, 0x00, 0x10, 0xFF, 0xFF, 0x00, 0xF0, 0x00, 0xF0, 0x0F, 0x1F
    .byte   0x1F, 0x01, 0xF1, 0x01, 0x10, 0x20, 0x10, 0x2F, 0x02, 0x01, 0x01, 0x11, 0x11, 0x11, 0x00, 0x10
    .byte     13, 0x00, 0x00, 0x0F, 0xF0, 0x00, 0xFF, 0xFF, 0xF0, 0x0F, 0xFF, 0xFF, 0xF0, 0x0F, 0x0F, 0x0F
    .byte   0x01, 0x00, 0xFF, 0x1F, 0x00, 0x00, 0xF0, 0x00, 0x00, 0x0F, 0x0F, 0x00, 0xFF, 0x1F, 0x00, 0x00
    .byte   0xF0,   -9, 0x00, 0x00, 0x01, 0xF1, 0x11, 0x11, 0x10, 0x20, 0x11, 0x10, 0x11, 0x11, 0x11, 0x01
    .byte   0x1F, 0x10, 0x00, 0x0F, 0x0F, 0x00, 0x0F, 0xF0, 0xFF, 0xF0, 0x0F, 0xFF, 0xF0, 0xF0, 0xF0, 0xF0
    .byte   0x0F, 0x00,   -3, 0x00, 0xFF, 0x00, 0x01, 0xF0, 0x11, 0xFF, 0xF1, 0x00, 0x0F, 0xFF, 0x10, 0x10
    .byte   0xF0, 0xFF, 0x10, 0x00, 0xF0, 0x01, 0x02, 0x11, 0x11, 0x01, 0x11, 0x01, 0xF1, 0x00, 0x20, 0x10
    .byte   0x01, 0x0F, 0x11,   11, 0x00, 0xFF, 0xF0, 0x11, 0x0E, 0x0F, 0xFF, 0x1F, 0xFF, 0xFF, 0xF0, 0x1F
    .byte   0x0F, 0xF0, 0x10, 0x00, 0x0F, 0xF1, 0x00, 0x00, 0x00, 0x00, 0x01, 0xF0, 0x0F, 0x10, 0x01, 0xFF
    .byte   0x0F, 0x00, 0x00, 0xF1,   -6, 0x01, 0x01, 0x11, 0x01, 0x11, 0x01, 0x11, 0xF1, 0x11, 0x11, 0x00
    .byte   0x1F, 0x00, 0x1F, 0x1F, 0xFF, 0x10, 0x0F, 0xFF, 0xFF, 0x1F, 0x00, 0xFF, 0xF0, 0xF1, 0xF1, 0xFF
    .byte   0x01, 0xF0, 0x10, 0xF0, 0x0F,   -4, 0x00, 0x10, 0xF1, 0x0F, 0x10, 0x00, 0xF0, 0x0F, 0x01, 0x0F
    .byte   0x00, 0x01, 0x00, 0x1F, 0x11, 0x01, 0x10, 0x10, 0x01, 0x10, 0x10, 0x01, 0x00, 0x10, 0x1F, 0x10
    .byte   0xF0, 0x00, 0x0F, 0x0F, 0xF1, 0xF0,    2, 0x0F, 0x00, 0xF0, 0x0F, 0x0F, 0x00, 0x00, 0x0F, 0x00
    .byte   0x1F, 0x01, 0x01, 0xF0, 0x0F, 0x10, 0x00, 0x00, 0xF1, 0x10, 0xF0, 0x00, 0xF0, 0x01, 0x10, 0x00
    .byte   0xF1, 0x10, 0xF0, 0x10, 0x00, 0x01, 0xF0,    1, 0x0F, 0x11, 0x00, 0x0F, 0x10, 0x10, 0x0F, 0x0F
    .byte   0x01, 0x11, 0xF0, 0xF0, 0x01, 0xFF, 0x0E, 0x21, 0xE2, 0xFF, 0x0F, 0xF1, 0x10, 0x01, 0xE1, 0x00
    .byte   0x11, 0xE2, 0xE1, 0x2E, 0x20, 0xE1, 0x1E, 0x2F,   -2, 0x02, 0xE2, 0xE1, 0x01, 0x1E, 0x2E, 0x2F
    .byte   0x01, 0x01, 0xE2, 0xFF, 0x1E, 0x3D, 0x21, 0xE2, 0xF1, 0x0F, 0x0F, 0x01, 0x01, 0xF0, 0xFF, 0x2E
    .byte   0x2F, 0xE3, 0xD2, 0xFE, 0x3D, 0x03, 0xD2, 0x1E, 0x2F,   -1, 0x01, 0x0F, 0xF2, 0xE2, 0x1D, 0x3E
    .byte   0xE3, 0xD2, 0x2D, 0x3E, 0x01, 0xE3, 0xD3, 0xED, 0x4C, 0x4D, 0xF3, 0xC4, 0xD2, 0xF0, 0xFE, 0x3C
    .byte   0x4D, 0x20, 0x2D, 0x13, 0xC4, 0xD2, 0x1D, 0x4C, 0x4F, 0xC4,   -3, 0x0F, 0x3E, 0xE3, 0xD1, 0x20
    .byte   0xE2, 0x1D, 0x4C, 0x23, 0xC4, 0xED, 0x4C, 0x23, 0xC4, 0xD1, 0xF3, 0xC4, 0xFC, 0x5B, 0x4F, 0xC5
    .byte   0xB4, 0xFD, 0x3E, 0x01, 0x1E, 0xF3, 0xD1, 0x3C, 0x32, 0xD2, 0x3C,    3, 0x02, 0xC4, 0xD0, 0x2F
    .byte   0xF1, 0x0E, 0x3D, 0x13, 0xC5, 0xB3, 0x1E, 0x3C, 0x5B, 0x33, 0xC4, 0xC4, 0xEC, 0x5B, 0x41, 0xD3
    .byte   0xD3, 0xED, 0x4D, 0x11, 0xE2, 0xD4, 0xDE, 0x4C, 0x3D, 0x3D, 0x23, 0xC3,    7, 0x0C, 0x32, 0xD3
    .byte   0xE2, 0xD3, 0xFD, 0x4C, 0x21, 0x11, 0xE3, 0xD0, 0x3C, 0x4D, 0xF4, 0xB5, 0xB4, 0x2C, 0x5B, 0x30
    .byte   0xD5, 0xB3, 0x2C, 0x5B, 0x42, 0xB6, 0xBF, 0x5A, 0x6B, 0x14, 0xB5, 0xC2, 0x3C,    5, 0x0E, 0xD4
    .byte   0xC4, 0xD0, 0x3C, 0x4D, 0x1E, 0x3E, 0xD4, 0xDF, 0x3C, 0x4D, 0x13, 0xB5, 0xDD, 0x5B, 0x32, 0xC5
    .byte   0xC2, 0x3B, 0x6A, 0x50, 0xB6, 0xA5, 0xFB, 0x6A, 0x42, 0xC5, 0xB5, 0xDC, 0x6A, 0x34,  -18, 0x06
    .byte   0xB1, 0x4B, 0x5C, 0x14, 0xB5, 0xC2, 0x3C, 0x31, 0xD4, 0xC3, 0x0D, 0x4B, 0x5D, 0x02, 0xD2, 0x10
    .byte   0xE3, 0xED, 0x4D, 0xE4, 0xC3, 0xD3, 0xD1, 0x4B, 0x5C, 0x22, 0xC5, 0xB4, 0x2B, 0x6B, 0x24,  -21
    .byte   0x06, 0xB3, 0x4A, 0x7A, 0xE6, 0x96, 0xC0, 0x4B, 0x4F, 0xE4, 0xB4, 0x1B, 0x6C, 0xF3, 0xC3, 0xFE
    .byte   0x4B, 0x5C, 0xD6, 0xA5, 0xC0, 0x3C, 0x5B, 0x4F, 0xC5, 0xB4, 0x1C, 0x5B, 0x33, 0xC4, 0xD1, 0x3B
    .byte     11, 0x0C, 0x22, 0xD3, 0xD3, 0x0D, 0x3E, 0x02, 0xD3, 0xE0, 0x2E, 0x11, 0x1E, 0x2F, 0xF2, 0xD2
    .byte   0x2D, 0x4C, 0x30, 0xD4, 0xB5, 0xC2, 0x3B, 0x6B, 0x33, 0xB6, 0xA5, 0xCE, 0x5A, 0x6B, 0x32, 0xC5
    .byte   0xB4,    1, 0x0E, 0x20, 0xF1, 0x2C, 0x4D, 0x23, 0xB6, 0xA4, 0x3A, 0x7A, 0x42, 0xB6, 0xA5, 0x1B
    .byte   0x6B, 0x24, 0xA6, 0xB4, 0x2B, 0x6B, 0x33, 0xB5, 0xC1, 0x3C, 0x4D, 0x23, 0xB5, 0xC2, 0x3C, 0x5B
    .byte   0x4D, 0xE4,   -7, 0x04, 0xC3, 0x1D, 0x4B, 0x5C, 0x04, 0xB6, 0xA4, 0x2C, 0x5A, 0x6C, 0xD5, 0xA6
    .byte   0xB2, 0x5A, 0x6B, 0x14, 0xB5, 0xC3, 0xFD, 0x4C, 0x4C, 0x3E, 0x03, 0xC4, 0xC3, 0x0E, 0x4B, 0x5C
    .byte   0x03, 0xC4, 0xD1,    6, 0x0D, 0x3E, 0xD4, 0xC2, 0x3C, 0x5C, 0xF4, 0xB5, 0xB2, 0x5A, 0x6B, 0x14
    .byte   0xB5, 0xC2, 0x4B, 0x4D, 0xE4, 0xC4, 0xDE, 0x4B, 0x5D, 0xE3, 0xC4, 0xD2, 0x2D, 0x2E, 0x12, 0xE2
    .byte   0x1D, 0x3D, 0x22, 0xD4,   -6, 0x03, 0x1D, 0x4C, 0x3E, 0xE3, 0xC5, 0xC2, 0x2C, 0x4C, 0x4D, 0x22
    .byte   0xC4, 0xD3, 0xE0, 0xFE, 0x11, 0x21, 0xF1, 0xD2, 0x11, 0x2D, 0x3D, 0x22, 0xD4, 0xC3, 0xFD, 0x4C
    .byte   0x4D, 0xF2, 0xD2, 0xF3, 0xD3,   -3, 0x0F, 0x3D, 0x3E, 0xE2, 0xE2, 0xE3, 0xEE, 0x2E, 0x2E, 0x3C
    .byte   0x4D, 0x11, 0xE3, 0xD3, 0xD2, 0x2D, 0x3E, 0x11, 0xE3, 0xC4, 0xD0, 0x1F, 0x2D, 0x4C, 0x4D, 0x12
    .byte   0xC4, 0xC4, 0xED, 0x4C, 0x31, 0xD5,  -12, 0x04, 0xED, 0x4B, 0x6B, 0x32, 0xC4, 0xD3, 0xD2, 0x1D
    .byte   0x3E, 0x12, 0xD3, 0xFE, 0x2F, 0x1F, 0xF1, 0xD4, 0xC3, 0x0E, 0x3D, 0x3D, 0x3D, 0xE4, 0xC3, 0x0E
    .byte   0x3C, 0x4D, 0xF4, 0xB4, 0xDF, 0x3D, 0x4C,   -5, 0x03, 0xC4, 0x1D, 0x3D, 0x13, 0xC4, 0xD2, 0x2C
    .byte   0x5B, 0x4E, 0xD4, 0xC3, 0x1D, 0x4C, 0x31, 0xD4, 0xC3, 0xFD, 0x3E, 0x22, 0xD2, 0xFE, 0x3D, 0x22
    .byte   0xD3, 0xEE, 0x4B, 0x5C, 0xD5, 0xB5, 0xC3, 0x0C,   15, 0x0B, 0x4E, 0xC5, 0xB3, 0x3D, 0x4C, 0x22
    .byte   0xD4, 0xDE, 0x4B, 0x5C, 0x04, 0xB5, 0xC2, 0x1D, 0x4C, 0x3E, 0xF3, 0xC3, 0x1E, 0x3E, 0xE3, 0xD2
    .byte   0x1F, 0x2D, 0x3D, 0x23, 0xC4, 0xDE, 0x3D, 0x21, 0x0E,    2, 0x0D, 0x3E, 0x21, 0xD4, 0xC3, 0xFD
    .byte   0x4C, 0x3E, 0xF3, 0xD3, 0xED, 0x4C, 0x31, 0xD4, 0xC3, 0xED, 0x5B, 0x4E, 0xD4, 0xC3, 0xFE, 0x20
    .byte   0xE2, 0xF2, 0xEE, 0x4B, 0x40, 0xD3, 0xEE, 0x3D, 0x3D, 0x22,   -6, 0x03, 0xD3, 0xEF, 0x2E, 0x2E
    .byte   0x20, 0xD4, 0xC3, 0x1D, 0x4B, 0x5D, 0xE3, 0xD2, 0xFE, 0x3D, 0x3E, 0xE2, 0x1E, 0x13, 0xC4, 0xC4
    .byte   0xC3, 0x2C, 0x4D, 0x3E, 0xD4, 0xC4, 0xDD, 0x5B, 0x5C, 0x03, 0xB5,   -5, 0x02, 0x3C, 0x3E, 0xF4
    .byte   0xC2, 0x2C, 0x4E, 0xF3, 0xC4, 0xDD, 0x5B, 0x5B, 0x32, 0xC5, 0xB5, 0xC3, 0xDF, 0x3D, 0x3E, 0x11
    .byte   0xD3, 0xE2, 0xF1, 0xD3, 0xE0, 0x3C, 0x5B, 0x4D, 0xE4, 0xC3, 0xFD, 0x3E,   -1, 0x01, 0x01, 0xF2
    .byte   0xD3, 0xEE, 0x3C, 0x4C, 0x33, 0xC5, 0xCE, 0x4B, 0x5C, 0xE4, 0xC4, 0xDF, 0x3C, 0x4E, 0xD3, 0xC4
    .byte   0xD3, 0x1D, 0x3D, 0x3D, 0x4C, 0x3E, 0xE3, 0xC4, 0xD2, 0x3B, 0x5D, 0xE4, 0xB5,  -11, 0x02, 0x4B
    .byte   0x5C, 0x23, 0xC4, 0xD2, 0x2C, 0x4C, 0x4D, 0x3E, 0xE3, 0xC5, 0xB4, 0xFC, 0x5B, 0x40, 0xC5, 0xB4
    .byte   0xED, 0x4D, 0x2E, 0x1E, 0x3D, 0x23, 0xC4, 0xC3, 0x1C, 0x5B, 0x5C, 0xF5, 0xA5, 0xC2,    7, 0x0C
    .byte   0x5B, 0x33, 0xC4, 0xC3, 0x1C, 0x5B, 0x42, 0xC4, 0xD0, 0x3C, 0x4E, 0xD4, 0xB5, 0xC3, 0x3B, 0x5C
    .byte   0x2E, 0x03, 0xD4, 0xCE, 0x4C, 0x32, 0xD1, 0x3C, 0x4E, 0xE3, 0xC4, 0xDF, 0x3D, 0x21, 0xD3,   -3
    .byte   0x0E, 0x4B, 0x5D, 0xD5, 0xB3, 0x2D, 0x3E, 0x1E, 0x21, 0xE2, 0xEF, 0x10, 0x02, 0xE2, 0xF0, 0xE3
    .byte   0xD2, 0x1C, 0x5B, 0x4E, 0xF4, 0xB5, 0xC0, 0x4B, 0x4F, 0xD3, 0xEE, 0x3F, 0xD4, 0xC2, 0x2D, 0x4C
    .byte      3, 0x02, 0xC4, 0xDD, 0x5B, 0x4E, 0xE0, 0x21, 0xF2, 0xD2, 0xFE, 0x4D, 0xF3, 0xB5, 0xDD, 0x4C
    .byte   0x3E, 0xF3, 0xD2, 0x3C, 0x3D, 0x30, 0x0F, 0xE2, 0xFE, 0x23, 0xC3, 0xE0, 0x2D, 0x4D, 0xF3, 0xC4
    .byte   0xDE,   15, 0x0B, 0x42, 0xB5, 0xDD, 0x4D, 0x11, 0xE2, 0xE2, 0x1D, 0x4C, 0x04, 0xC3, 0x0E, 0x2E
    .byte   0x2E, 0x2F, 0xF3, 0xC3, 0x1D, 0x31, 0xD2, 0xFE, 0x3E, 0x2F, 0xF2, 0xD3, 0xFD, 0x4C, 0x23, 0xC4
    .byte   0xDE, 0x3D,    2, 0x0F, 0xE3, 0xD0, 0x1F, 0x2F, 0x2E, 0x2F, 0xE0, 0xF2, 0xF1, 0x1D, 0x3E, 0x13
    .byte   0xDF, 0x0D, 0x31, 0xE2, 0xF2, 0xD4, 0x0C, 0x4D, 0xD3, 0xEE, 0x4E, 0xD3, 0xDF, 0x3E, 0x20, 0xDF
    .byte   0x03, 0xE3, 0xED,    3, 0x0D, 0xE4, 0xFE, 0x2D, 0xF2, 0xF3, 0xFD, 0x3C, 0x23, 0xE2, 0xFE, 0xE1
    .byte   0x3E, 0x3E, 0xD2, 0xEF, 0x31, 0xD3, 0xEC, 0x5D, 0xF3, 0xDD, 0x30, 0xD4, 0x1C, 0x3F, 0xD3, 0x2D
    .byte   0x31, 0xC3, 0x3D, 0x3F,   -6, 0x02, 0x2D, 0x33, 0xC3, 0xFD, 0x3E, 0xE2, 0xFF, 0x01, 0x2F, 0x2E
    .byte   0xE2, 0xE2, 0x1F, 0x2D, 0x12, 0xF2, 0x1E, 0xE1, 0xFF, 0x3E, 0x00, 0xE1, 0x10, 0x20, 0xE0, 0xF0
    .byte   0x2F, 0x00, 0xE1, 0x10, 0x20,   -2, 0x01, 0x01, 0x11, 0xE1, 0x2D, 0x22, 0xE2, 0x1E, 0x1F, 0xF2
    .byte   0x2E, 0xE1, 0xF0, 0x21, 0xE1, 0xFE, 0x22, 0xE1, 0x0F, 0x02, 0x0F, 0x1E, 0xE2, 0x00, 0x2F, 0xFE
    .byte   0x01, 0x11, 0x11, 0xEF, 0x2E, 0x3F,    0, 0x02, 0xEE, 0x21, 0x01, 0xE0, 0x11, 0x01, 0x0F, 0xFF
    .byte   0xF2, 0x10, 0x1F, 0xFF, 0x00, 0xF2, 0xE2, 0x1E, 0x00, 0xF1, 0x0F, 0xFF, 0xF1, 0x21, 0x10, 0xE0
    .byte   0x02, 0x01, 0x1D, 0x11, 0x03, 0xFE, 0xEE,   -5, 0x01, 0x22, 0xE0, 0xE0, 0x12, 0x2F, 0x0E, 0xE2
    .byte   0x12, 0x0F, 0xEE, 0x00, 0x22, 0xFF, 0xEF, 0x02, 0x01, 0x1D, 0x21, 0x12, 0x00, 0xEF, 0xF1, 0x10
    .byte   0x0F, 0xE1, 0x20, 0x20, 0xE1, 0xEF, 0x21, 0xF0,   -2, 0x00, 0x11, 0x11, 0x0E, 0x11, 0x00, 0x1F
    .byte   0x01, 0xE2, 0x0F, 0x00, 0xF0, 0x10, 0xF0, 0x1E, 0x21, 0xF0, 0x0F, 0xF0, 0x2F, 0xF0, 0xF0, 0x1F
    .byte   0x11, 0xFF, 0xF1, 0xF2, 0x0F, 0xF0, 0xF0, 0x10, 0x11,   -1, 0x00, 0x00, 0x12, 0xFE, 0xFF, 0x10
    .byte   0x20, 0x0E, 0x00, 0x11, 0x1F, 0x0F, 0xF1, 0x11, 0x1F, 0xFF, 0x00, 0x11, 0xFF, 0x0E, 0x21, 0x11
    .byte   0x0E, 0x00, 0x20, 0x1F, 0xE0, 0x00, 0x21, 0xFE, 0xF1, 0x11,    2, 0x00, 0x0E, 0xF0, 0x20, 0x1F
    .byte   0x0E, 0x10, 0x2F, 0x0F, 0xFF, 0xF2, 0x01, 0x00, 0xE1, 0x11, 0x01, 0xE1, 0x0F, 0x12, 0x0F, 0xFF
    .byte   0xF0, 0x01, 0xF1, 0xFF, 0x00, 0x2F, 0x0F, 0xF0, 0x11, 0x10, 0xFF,    0, 0x00, 0x00, 0x00, 0xF0
    .byte   0x01, 0xF1, 0x00, 0x01, 0x00, 0x00, 0xF0, 0x01, 0xF0, 0x01, 0xF0, 0x0F, 0x1F, 0x0F, 0x10, 0x11
    .byte   0x0F, 0x00, 0x01, 0x0F, 0xF0, 0xF0, 0x12, 0x0F, 0xFF, 0x00, 0x10, 0x0F,   -1, 0x00, 0x10, 0x10
    .byte   0xFF, 0x0F, 0x11, 0x10, 0xF0, 0x0F, 0x10, 0x01, 0xFF, 0x01, 0x01, 0x0F, 0xFF, 0x11, 0x10, 0x0F
    .byte   0x10, 0xF1, 0xF0, 0x0F, 0xF1, 0x01, 0x1F, 0xF0, 0x10, 0x10, 0x0F, 0xF0, 0x01,    0, 0x01, 0xF0
    .byte   0xF1, 0x00, 0x0F, 0x1F, 0x00, 0x00, 0x10, 0x00, 0xF0, 0x10, 0xF0, 0x01, 0xF1, 0x01, 0x00, 0xFF
    .byte   0x10, 0x00, 0x0F, 0x10, 0x10, 0xF1, 0xF0, 0x00, 0x00, 0x00, 0xF0, 0x10, 0x1F, 0x0F,    0, 0x00
    .byte   0x00, 0x00, 0x0F, 0x1F, 0x11, 0xF0, 0x00, 0x0F, 0x11, 0xF0, 0x00, 0x00, 0x00, 0x01, 0xF0, 0x00
    .byte   0x00, 0x00, 0x1F, 0x00, 0x00, 0x0F, 0x10, 0x00, 0x00, 0x00, 0x00, 0x00, 0x00, 0x0F, 0x11,    0
    .byte   0x01, 0xF1, 0xF0, 0x1F, 0x1F, 0xF1, 0x00, 0x00, 0x00, 0x00, 0x00, 0xF1, 0x00, 0x01, 0xF0, 0x00
    .byte   0x0F, 0x10, 0x00, 0x00, 0x00, 0x1F, 0x0F, 0x01, 0x00, 0x10, 0x0F, 0x00, 0x00, 0x1F, 0x0F, 0x10
    .byte      0, 0x01, 0x0F, 0x00, 0xF1, 0xF0, 0x10, 0x1F, 0x00, 0x00, 0x1F, 0x00, 0x0F, 0x10, 0x1F, 0x01
    .byte   0xF1, 0xF0, 0x1F, 0x00, 0x01, 0xF1, 0xF0, 0x00, 0x00, 0x00, 0x1F, 0x1F, 0x00, 0x01, 0x0F, 0xF1
    .byte   0xF1,    0, 0x01, 0xF0, 0x1F, 0x00, 0x0F, 0x1F, 0x01, 0x0F, 0x10, 0x00, 0x00, 0x00, 0xF1, 0x00
    .byte   0x00, 0x00, 0x00, 0xF0, 0x01, 0x0F, 0x10, 0x00, 0xF1, 0x01, 0x0F, 0x0F, 0x10, 0x10, 0xF0, 0x00
    .byte   0x1F, 0x1F,    0, 0x0F, 0x10, 0xF1, 0x00, 0x1F, 0x00, 0x00, 0x1F, 0xF1, 0x00, 0x1F, 0x00, 0x0F
    .byte   0x10, 0x00, 0x0F, 0x10, 0x00, 0xF1, 0xF1, 0x00, 0x00, 0x00, 0x0F, 0x01, 0xF1, 0xF1, 0x00, 0x00
    .byte   0x00, 0x00, 0x0F,   -1, 0x01, 0x00, 0x00, 0x00, 0x01, 0xF1, 0xFF, 0x01, 0x00, 0x1F, 0x01, 0xF0
    .byte   0x00, 0x00, 0x00, 0x00, 0xF1, 0x00, 0x00, 0x00, 0x0F, 0x10, 0x0F, 0x10, 0x1F, 0x1F, 0x00, 0x10
    .byte   0xF0, 0x0F, 0x10, 0xF1,    0, 0x00, 0x00, 0x00, 0x1F, 0x00, 0x00, 0xF1, 0x00, 0x01, 0xFF, 0x11
    .byte   0xF0, 0x00, 0x00, 0x00, 0x00, 0x00, 0x00, 0x00, 0x0F, 0x10, 0xF1, 0x00, 0xF1, 0x00, 0x00, 0xF1
    .byte   0x00, 0x10, 0xF0, 0x00, 0x00,    0, 0x00, 0x00, 0x00, 0x00, 0x00, 0x00, 0x00, 0x00, 0x00, 0x01
    .byte   0x00, 0x0F, 0x00, 0x0F, 0x10, 0x00, 0xF0, 0x10, 0x00, 0x1F, 0x00, 0x00, 0x00, 0x00, 0x00, 0x0F
    .byte   0x10, 0x00, 0x1F, 0x0F, 0x1F, 0x10,    0, 0x00, 0x01, 0xF0, 0x00, 0x00, 0x00, 0x00, 0x00, 0x01
    .byte   0xF0, 0x00, 0x01, 0xFF, 0x10, 0x00, 0x00, 0x00, 0xF1, 0x00, 0x00, 0x00, 0x00, 0xF1, 0x00, 0x00
    .byte   0x00, 0x00, 0x00, 0x00, 0x01, 0xF0, 0x00,    1, 0x0F, 0x00, 0x00, 0x00, 0x00, 0x0F, 0x10, 0xF0
    .byte   0x1F, 0x10, 0xF1, 0x00, 0x0F, 0x10, 0x00, 0x00, 0x0F, 0x00, 0x10, 0x01, 0xF0, 0x01, 0xF0, 0x00
    .byte   0x00, 0x00, 0x00, 0x1F, 0x10, 0xF0, 0x10, 0x0F,    0, 0x00, 0x0F, 0x10, 0x01, 0x0F, 0x00, 0x01
    .byte   0xF0, 0x01, 0xF1, 0xF0, 0x00, 0x01, 0xF0, 0x00, 0x1F, 0x00, 0x00, 0x00, 0x00, 0x00, 0x01, 0xF1
    .byte   0xF0, 0xF1, 0x0F, 0x10, 0x00, 0x00, 0x00, 0x00, 0x1F,    0, 0x00, 0x00, 0x00, 0x00, 0x00, 0x01
    .byte   0xF0, 0x00, 0x01, 0x0F, 0x00, 0x00, 0x00, 0x00, 0x00, 0x00, 0x01, 0xF0, 0xF1, 0x00, 0xF0, 0x10
    .byte   0x0F, 0x10, 0x00, 0x0F, 0x11, 0x0F, 0x00, 0x00, 0xF1, 0x01,    0, 0x00, 0x00, 0x1F, 0x00, 0x00
    .byte   0x00, 0xF1, 0x00, 0xF1, 0x01, 0xF1, 0xF0, 0xF1, 0x00, 0x00, 0x00, 0x00, 0xF1, 0x00, 0x01, 0xF0
    .byte   0x1F, 0x00, 0x00, 0x0F, 0x10, 0x00, 0xF0, 0x10, 0x1F, 0x00, 0x00,    0, 0x00, 0x00, 0x00, 0x00
    .byte   0x00, 0x00, 0x00, 0x0F, 0x11, 0x0F, 0xF1, 0x00, 0x00, 0xF1, 0x00, 0x00, 0x00, 0x00, 0x01, 0xFF
    .byte   0x10, 0x00, 0x00, 0x00, 0xF1, 0x00, 0x00, 0x00, 0x01, 0xFF, 0x10, 0xF1,    0, 0x00, 0x00, 0x1F
    .byte   0x00, 0x00, 0x0F, 0x10, 0x00, 0x00, 0x00, 0x00, 0x00, 0x0F, 0x10, 0x00, 0x00, 0x00, 0x00, 0x00
    .byte   0x00, 0xF1, 0xF1, 0x01, 0x0F, 0x00, 0x00, 0x00, 0x00, 0x00, 0x00, 0x00, 0x00,    0, 0x00, 0x00
    .byte   0x00, 0x00, 0xF1, 0x01, 0xF0, 0x1F, 0x0F, 0x01, 0x01, 0xF0, 0x01, 0xF1, 0xFF, 0x11, 0xFF, 0x10
    .byte   0xF1, 0x00, 0x00, 0x00, 0x1F, 0x01, 0xF0, 0x01, 0xF0, 0x00, 0x00, 0xF1, 0x00, 0x01,    0, 0x0F
    .byte   0x01, 0x00, 0xF1, 0x00, 0x00, 0x1F, 0x00, 0x0F, 0x10, 0x01, 0xF1, 0xF0, 0xF1, 0x00, 0x00, 0x1F
    .byte   0x00, 0xF1, 0xF1, 0xF1, 0xF1, 0x00, 0x00, 0x00, 0x1F, 0xF1, 0x00, 0x0F, 0x00, 0x1F, 0x10,   -1
    .byte   0x01, 0x00, 0x10, 0xF0, 0xF1, 0x00, 0x00, 0x10, 0xF0, 0x00, 0xF1, 0x00, 0x00, 0x01, 0xF0, 0x00
    .byte   0x1F, 0x00, 0x00, 0x1F, 0x00, 0xF0, 0x10, 0x00, 0x00, 0x0F, 0x10, 0x00, 0xF1, 0x00, 0x00, 0x01
    .byte      1, 0x0F, 0x00, 0x00, 0x00, 0x00, 0x00, 0x00, 0x00, 0x00, 0x0F, 0x00, 0x10, 0x00, 0x00, 0x1F
    .byte   0x00, 0x00, 0x00, 0x01, 0xF0, 0x00, 0x1F, 0x1F, 0xF1, 0x00, 0x0F, 0x11, 0xF0, 0x0F, 0x1F, 0x11
    .byte   0xF0,   -1, 0x01, 0x00, 0x00, 0x00, 0x00, 0x00, 0x1F, 0x00, 0x00, 0x01, 0xF0, 0x1F, 0x00, 0x00
    .byte   0x01, 0xF0, 0x00, 0x00, 0x00, 0x00, 0x0F, 0x10, 0xF1, 0x1F, 0x00, 0x01, 0xF0, 0x00, 0x1F, 0x01
    .byte   0xF0, 0x1F,   -1, 0x00, 0x01, 0x00, 0x1F, 0x00, 0x00, 0x0F, 0x10, 0x00, 0x1F, 0x01, 0xF0, 0x00
    .byte   0x00, 0x00, 0x1F, 0x00, 0x00, 0xF1, 0x0F, 0x10, 0x00, 0x00, 0x00, 0x00, 0x00, 0x00, 0x00, 0x1F
    .byte   0x00, 0x1F, 0x1F,    0, 0x00, 0x00, 0x1F, 0x00, 0x00, 0xF0, 0x01, 0x00, 0x00, 0x00, 0x00, 0x1F
    .byte   0x00, 0xF1, 0x0F, 0x10, 0x00, 0x00, 0x00, 0xF1, 0x00, 0x0F, 0x10, 0x1F, 0x00, 0x01, 0x0F, 0x0F
    .byte   0x1F, 0x01, 0x0F, 0x1F,    0, 0x00, 0x0F, 0x1F, 0x10, 0x00, 0x00, 0x00, 0x00, 0x00, 0x1F, 0x01
    .byte   0x0F, 0x00, 0x00, 0xF1, 0xF1, 0x00, 0xF1, 0x00, 0x01, 0x0F, 0xF1, 0x00, 0x00, 0x00, 0x00, 0x00
    .byte   0x00, 0x00, 0x0F, 0x10, 0x00,    0, 0x00, 0x00, 0x01, 0xF1, 0xF0, 0x01, 0xF0, 0xF1, 0x00, 0x00
    .byte   0xF1, 0x0F, 0x10, 0x00, 0x1F, 0xF0, 0x10, 0x00, 0x00, 0x00, 0x00, 0x0F, 0x11, 0xF0, 0x0F, 0x11
    .byte   0xF0, 0x00, 0x00, 0x1F, 0x00, 0xF1,    1, 0x0F, 0x00, 0xF1, 0x00, 0x00, 0x00, 0x10, 0xF0, 0x00
    .byte   0x1F, 0x00, 0x00, 0x00, 0x00, 0x00, 0xF1, 0x00, 0x00, 0xF1, 0x00, 0x00, 0x00, 0xF1, 0xF1, 0x00
    .byte   0x00, 0x1F, 0xF1, 0x00, 0x00, 0x00, 0x10,    0, 0x00, 0x00, 0x0F, 0x10, 0x00, 0x10, 0x0F, 0x00
    .byte   0x00, 0x0F, 0x10, 0x00, 0x0F, 0x10, 0x00, 0x00, 0x00, 0x00, 0x00, 0xF1, 0x01, 0xF1, 0x0F, 0x01
    .byte   0xF0, 0xF1, 0xF1, 0x00, 0x0F, 0x11, 0xF0, 0x00,    0, 0x00, 0x00, 0xF1, 0x00, 0x0F, 0x1F, 0x00
    .byte   0x10, 0x10, 0xF0, 0xF1, 0x1F, 0x00, 0x00, 0xF1, 0x00, 0x00, 0x00, 0x00, 0x00, 0x1F, 0x00, 0x10
    .byte   0xF0, 0x00, 0xF0, 0x1F, 0x10, 0x00, 0xF1, 0x00, 0x00,    0, 0x00, 0x00, 0x00, 0x00, 0x00, 0x00
    .byte   0x00, 0x10, 0xF0, 0x00, 0x0F, 0x01, 0x00, 0x00, 0x00, 0x00, 0x00, 0x01, 0xF0, 0x00, 0x00, 0x00
    .byte   0x00, 0x00, 0x00, 0x00, 0xF1, 0x00, 0x00, 0x0F, 0x01, 0x1F,    0, 0x00, 0x00, 0x00, 0x1F, 0x00
    .byte   0x01, 0xF0, 0x00, 0x1F, 0x00, 0xF1, 0xF1, 0x1F, 0x1F, 0x00, 0xF0, 0x10, 0x1F, 0x01, 0xF0, 0x00
    .byte   0xF1, 0x1F, 0x00, 0x00, 0x00, 0x00, 0x1F, 0xF1, 0x1F, 0xF0, 0x10,    0, 0x00, 0x00, 0x00, 0x01
    .byte   0x0F, 0x1F, 0x0F, 0x01, 0x00, 0x00, 0x00, 0x00, 0x00, 0xF1, 0xF1, 0xF1, 0x00, 0x00, 0x00, 0x00
    .byte   0x00, 0x00, 0xF0, 0x01, 0x00, 0xF1, 0xF1, 0x01, 0x0F, 0x00, 0xF1, 0x00,   -1, 0x00, 0x10, 0x01
    .byte   0x0F, 0x00, 0x00, 0x01, 0xF0, 0xF1, 0x00, 0x0F, 0x10, 0x00, 0x00, 0x00, 0xF1, 0x00, 0x00, 0x01
    .byte   0xF0, 0xF1, 0x00, 0x00, 0x00, 0x01, 0xF0, 0x00, 0x00, 0x00, 0x00, 0xF1, 0xF1,    0, 0x00, 0x00
    .byte   0x0F, 0x10, 0x01, 0xF1, 0xF0, 0x01, 0xF0, 0x00, 0x01, 0xF0, 0x00, 0x00, 0x01, 0xF1, 0xF0, 0x0F
    .byte   0x10, 0x00, 0x00, 0x00, 0xF1, 0x01, 0xF0, 0x0F, 0x01, 0x0F, 0x10, 0x0F, 0x10, 0x00,    1, 0x0F
    .byte   0x00, 0x1F, 0x00, 0x00, 0x00, 0x00, 0x0F, 0x10, 0x0F, 0x10, 0x01, 0xF0, 0x1F, 0x0F, 0x1F, 0x10
    .byte   0x00, 0x00, 0x0F, 0x10, 0x01, 0xF0, 0x00, 0x00, 0x00, 0x01, 0xFF, 0x00, 0x10, 0x00, 0x00,    0
    .byte   0x00, 0x00, 0xF1, 0x10, 0xF0, 0x00, 0x00, 0xF1, 0x01, 0xF0, 0x00, 0x00, 0x01, 0xF0, 0xF1, 0x00
    .byte   0x00, 0x00, 0x00, 0x00, 0x10, 0xF0, 0x00, 0x00, 0x00, 0xF1, 0x00, 0x01, 0xF1, 0xF0, 0x00, 0x1F
    .byte      0, 0x01, 0xF0, 0x00, 0x1F, 0x00, 0x0F, 0x11, 0xF0, 0xF1, 0xF1, 0x0F, 0x10, 0x01, 0xF0, 0x1F
    .byte   0x01, 0xF0, 0x00, 0x00, 0x1F, 0x00, 0x0F, 0x01, 0x00, 0x00, 0x00, 0x00, 0x1F, 0x00, 0x1F, 0x1F
    .byte   0x00,    0, 0x0F, 0x1F, 0x10, 0x10, 0xFF, 0x10, 0xF1, 0x00, 0x00, 0x00, 0x0F, 0x1F, 0x10, 0xF1
    .byte   0x00, 0x0F, 0x10, 0x00, 0x00, 0xF1, 0xF1, 0x10, 0xF0, 0x01, 0xF0, 0x00, 0x01, 0xF1, 0xF0, 0x0F
    .byte   0x10, 0x00,    0, 0x0F, 0x10, 0x00, 0x00, 0x0F, 0x1F, 0x10, 0x00, 0x00, 0x00, 0x1F, 0x01, 0xF0
    .byte   0x1F, 0x01, 0xFF, 0x10, 0x0F, 0x10, 0x00, 0x1F, 0x0F, 0x10, 0x0F, 0x10, 0x00, 0x0F, 0x10, 0x0F
    .byte   0x10, 0x00, 0x0F,    0, 0x00, 0x00, 0x00, 0x1F, 0x00, 0x00, 0x00, 0xF1, 0x00, 0x01, 0xF0, 0x00
    .byte   0x00, 0xF1, 0x00, 0x1F, 0x01, 0xF0, 0x00, 0x00, 0x00, 0x00, 0x1F, 0x01, 0xF1, 0xF0, 0x00, 0x00
    .byte   0xF1, 0x00, 0x00, 0x0F,    0, 0x00, 0x00, 0x1F, 0x00, 0x00, 0x00, 0x00, 0x00, 0x00, 0x00, 0xF1
    .byte   0x00, 0x00, 0x00, 0xF1, 0xF0, 0x01, 0x10, 0xF1, 0xF0, 0x0F, 0x1F, 0x10, 0x00, 0x0F, 0x10, 0x00
    .byte   0xF0, 0x10, 0x0F, 0x10, 0x00,    1, 0x00, 0xF0, 0x00, 0x00, 0x00, 0x1F, 0x00, 0xF1, 0x10, 0xF0
    .byte   0x0F, 0x01, 0x00, 0x1F, 0x1F, 0x00, 0xF1, 0x00, 0x00, 0x10, 0x0F, 0x00, 0x00, 0x01, 0xF0, 0xF1
    .byte   0x01, 0xF0, 0xF1, 0x00, 0x00, 0x1F,    0, 0x00, 0x00, 0x01, 0xF0, 0x00, 0x00, 0x00, 0x00, 0x00
    .byte   0x00, 0xF1, 0x00, 0x00, 0x00, 0x00, 0x00, 0x00, 0x00, 0x00, 0x00, 0x00, 0x00, 0x0F, 0x01, 0x0F
    .byte   0x10, 0xF1, 0x00, 0xF1, 0x00, 0x1F, 0x00,    0, 0x00, 0x00, 0x00, 0x00, 0x1F, 0x00, 0x00, 0x00
    .byte   0x1F, 0x00, 0xF1, 0xF1, 0x10, 0xF0, 0x0F, 0x10, 0xF1, 0xF1, 0x1F, 0x00, 0x00, 0x1F, 0x00, 0x00
    .byte   0x00, 0x00, 0x00, 0x01, 0xF0, 0x00, 0x00, 0x00,    0, 0x0F, 0x10, 0x1F, 0x1F, 0x00, 0xF1, 0x00
    .byte   0x00, 0x00, 0x0F, 0x10, 0x1F, 0x00, 0x00, 0x00, 0x00, 0x10, 0xF0, 0x00, 0x1F, 0xF0, 0x01, 0x0F
    .byte   0x10, 0x1F, 0x0F, 0x10, 0xF1, 0x00, 0x0F, 0x1F, 0x10,    0, 0x0F, 0x01, 0x00, 0x00, 0x00, 0x00
    .byte   0x00, 0x00, 0x00, 0x00, 0x00, 0x00, 0x00, 0x00, 0x00, 0x00, 0x00, 0x00, 0x00, 0x00, 0x00, 0x00
    .byte   0x00, 0x00, 0x00, 0x00, 0x00, 0x00, 0x00, 0x00, 0x00, 0x00

    .end
